hit: 0.619039, miss: -0.619039, min: -1.99243, max: 2.19722, thresh: 1.38629
origin_:   -7   -7 -0.1
map size:  14  14 3.5
origin_:   -7   -7 -0.1
map size:  14  14 3.5
origin_:   -7   -7 -0.1
map size:  14  14 3.5
data size: 9
grid num: 3 3 1
resolution: 4 4 3
data size: 36
grid num: 6 6 1
resolution: 2 2 3
origin_:   -7   -7 -0.1
map size:  14  14 3.5
[0m[INFO] [1790607019.781667741, 1.008999999]: [FSM]: Drone 1 state: INIT[0m
[0m[INFO] [1790607020.795603956, 2.016999999]: [FSM]: Drone 1 state: INIT[0m
[0m[INFO] [1790607021.789134724, 3.011000000]: [FSM]: Drone 1 from INIT to WAIT_TRIGGER[0m
[0m[INFO] [1790607021.793911945, 3.020999999]: [FSM]: Drone 1 state: WAIT_TRIGGER[0m
Frontier num: 3, 1
Frontier cost mat size: 3
[0m[INFO] [1790607022.282368134, 3.504000000]: Drone 1: frontier t: 0.000000, viewpoint t: 0.000000, mat: 0.000000[0m
[0m[INFO] [1790607022.282391062, 3.504000000]: Total t: 0.000000[0m
odom: -3.99626 -3.00528  1.00671
[0m[INFO] [1790607022.282402943, 3.504000000]: Find grid tour---------------[0m
Allocated grid: 0, 1, 2, 3, 4, 5, 6, 7, 8, 
Grid tour: 0, 4, 6, 3, 7, 8, 5, 1, 2, 

Select: 2
Pair Opt id: 2, 1, 5, 8, 7, 3, 6, 4, 0, 
Missed: 30, 29, 28, 27, 24, 15, 18, 9, 10, 23, 11, 12, 17, 
Allocation time: 0.01
Ego1  : 0, 4, 6, 3, 7, 8, 5, 1, 2, 
Other1: 
Ego2  : 15, 9, 0, 10, 11, 17, 1, 12, 
Other2: 2, 18, 24, 30, 4, 23, 29, 28, 3, 27, 6, 7, 8, 5, 
prev cost: 40.3706, 0, 40.3706
cur cost : 12.6533, 39.7986, 52.4518
Frontier num: 3, 1
Frontier cost mat size: 3
[0m[INFO] [1790607022.790415781, 4.008000000]: Drone 1: frontier t: 0.000000, viewpoint t: 0.000000, mat: 0.000000[0m
[0m[INFO] [1790607022.790450674, 4.008000000]: Total t: 0.000000[0m
odom: -4.00067 -3.00005  1.13618
[0m[INFO] [1790607022.790469183, 4.008000000]: Find grid tour---------------[0m
Allocated grid: 15, 9, 10, 11, 17, 12, 9, 15, 10, 11, 17, 12, 18, 
Grid tour: 15, 15, 9, 9, 10, 10, 11, 11, 17, 17, 18, 12, 12, 
[0m[INFO] [1790607023.020912431, 4.238000000]: [FSM]: Drone 1 state: WAIT_TRIGGER[0m

Select: 2
Pair Opt id: 6, 27, 28, 7, 8, 32, 31, 15, 9, 10, 23, 11, 17, 30, 18, 12, 20, 14, 13, 29, 
Missed: 24, 2, 5, 
Allocation time: 0.019
Ego1  : 15, 15, 9, 9, 10, 10, 11, 11, 17, 17, 18, 12, 12, 
Other1: 20, 14, 13, 18, 23, 23, 29, 29, 30, 30, 31, 32, 8, 7, 28, 28, 27, 27, 6, 
Ego2  : 15, 9, 10, 11, 17, 23, 29, 28, 27, 6, 
Other2: 2, 20, 14, 13, 12, 18, 24, 30, 31, 5, 32, 8, 7, 
prev cost: 13.8377, 37.0797, 50.9173
cur cost : 22.1891, 26.8903, 49.0794
Frontier num: 3, 1
Frontier cost mat size: 3
[0m[INFO] [1790607023.297517789, 4.508000000]: Drone 1: frontier t: 0.000000, viewpoint t: 0.000000, mat: 0.000000[0m
[0m[INFO] [1790607023.297571358, 4.508000000]: Total t: 0.000000[0m
odom: -3.99621 -2.99289  1.17899
[0m[INFO] [1790607023.297589575, 4.508000000]: Find grid tour---------------[0m
Allocated grid: 6, 15, 9, 10, 11, 17, 23, 29, 28, 27, 
Grid tour: 15, 9, 10, 11, 17, 23, 29, 28, 27, 6, 

Select: 2
Pair Opt id: 7, 8, 32, 31, 30, 18, 12, 15, 28, 9, 10, 23, 11, 17, 29, 27, 14, 6, 20, 13, 
Missed: 24, 2, 5, 
Allocation time: 0.02
Ego1  : 15, 9, 10, 11, 17, 23, 29, 28, 27, 6, 
Other1: 20, 20, 14, 14, 13, 13, 12, 18, 30, 31, 31, 32, 32, 8, 7, 
Ego2  : 15, 9, 10, 11, 17, 23, 29, 28, 27, 6, 7, 
Other2: 2, 20, 14, 13, 12, 18, 24, 30, 31, 5, 32, 8, 
prev cost: 22.191, 25.8507, 48.0418
cur cost : 34.191, 22.8965, 57.0875
Frontier num: 3, 1
Frontier cost mat size: 3
[0m[INFO] [1790607023.833845194, 5.046000000]: Drone 1: frontier t: 0.000000, viewpoint t: 0.009000, mat: 0.000000[0m
[0m[INFO] [1790607023.833872375, 5.046000000]: Total t: 0.009000[0m
odom: -3.99889 -2.99014  1.18182
[0m[INFO] [1790607023.833888383, 5.046000000]: Find grid tour---------------[0m
Allocated grid: 6, 15, 9, 10, 11, 17, 23, 29, 28, 27, 
Grid tour: 15, 9, 10, 11, 17, 23, 29, 28, 27, 6, 
[0m[INFO] [1790607024.082431050, 5.286999999]: [FSM]: Drone 1 state: WAIT_TRIGGER[0m
Frontier num: 3, 1
Frontier cost mat size: 3
[0m[INFO] [1790607024.304969681, 5.508000000]: Drone 1: frontier t: 0.000000, viewpoint t: 0.000000, mat: 0.000000[0m
[0m[INFO] [1790607024.304990900, 5.508000000]: Total t: 0.000000[0m
odom: -4.0025 -3.0023 1.18915
[0m[INFO] [1790607024.305014828, 5.508000000]: Find grid tour---------------[0m
Allocated grid: 6, 7, 15, 9, 10, 11, 17, 23, 29, 28, 27, 
Grid tour: 15, 9, 10, 11, 17, 23, 29, 7, 28, 27, 6, 

Select: 2
Pair Opt id: 8, 32, 31, 30, 18, 12, 13, 15, 28, 9, 10, 23, 11, 17, 29, 7, 20, 27, 14, 6, 
Missed: 24, 2, 5, 
Allocation time: 0.01
Ego1  : 15, 9, 10, 11, 17, 23, 29, 7, 28, 27, 6, 
Other1: 20, 20, 14, 14, 13, 13, 12, 18, 30, 31, 31, 32, 32, 8, 
Ego2  : 15, 9, 10, 11, 17, 23, 29, 28, 27, 6, 
Other2: 2, 20, 14, 13, 12, 18, 24, 30, 31, 5, 32, 8, 7, 
prev cost: 27.5739, 21.8575, 49.4314
cur cost : 21.9423, 26.8986, 48.8409
Frontier num: 3, 1
Frontier cost mat size: 3
[0m[INFO] [1790607024.817419153, 6.008000000]: Drone 1: frontier t: 0.000000, viewpoint t: 0.000000, mat: 0.000000[0m
[0m[INFO] [1790607024.817459089, 6.008000000]: Total t: 0.000000[0m
odom: -3.99496 -3.00386  1.19633
[0m[INFO] [1790607024.817484602, 6.008000000]: Find grid tour---------------[0m
Allocated grid: 6, 15, 9, 10, 11, 17, 23, 29, 28, 27, 16, 
Grid tour: 16, 15, 9, 10, 11, 17, 23, 29, 28, 27, 6, 
[0m[INFO] [1790607025.100128562, 6.296000000]: [FSM]: Drone 1 state: WAIT_TRIGGER[0m

Select: 2
Pair Opt id: 7, 8, 32, 31, 30, 18, 12, 13, 16, 29, 15, 28, 9, 10, 23, 11, 17, 27, 14, 6, 20, 
Missed: 24, 2, 5, 
Allocation time: 0.009
Ego1  : 16, 15, 9, 10, 11, 17, 23, 29, 28, 27, 6, 
Other1: 20, 20, 14, 14, 13, 13, 12, 18, 30, 31, 31, 32, 32, 8, 7, 
Ego2  : 16, 15, 9, 10, 11, 17, 23, 29, 28, 27, 6, 7, 
Other2: 2, 20, 14, 13, 12, 18, 24, 30, 31, 5, 32, 8, 
prev cost: 22.4457, 25.8425, 48.2883
cur cost : 34.4457, 22.8917, 57.3375
Frontier num: 4, 1
Frontier cost mat size: 4
[0m[INFO] [1790607025.323548008, 6.508000000]: Drone 1: frontier t: 0.000000, viewpoint t: 0.000000, mat: 0.000000[0m
[0m[INFO] [1790607025.323572687, 6.508000000]: Total t: 0.000000[0m
odom: -4.00072 -2.99798  1.19539
[0m[INFO] [1790607025.323585443, 6.508000000]: Find grid tour---------------[0m
Allocated grid: 6, 7, 16, 15, 9, 10, 11, 17, 23, 29, 28, 27, 
Grid tour: 16, 15, 9, 10, 11, 17, 23, 29, 7, 28, 27, 6, 
Frontier num: 4, 1
Frontier cost mat size: 4
[0m[INFO] [1790607025.841927735, 7.008000000]: Drone 1: frontier t: 0.000000, viewpoint t: 0.000000, mat: 0.000000[0m
[0m[INFO] [1790607025.841945160, 7.008000000]: Total t: 0.000000[0m
odom: -4.00352  -3.0009  1.19728
[0m[INFO] [1790607025.841957208, 7.008000000]: Find grid tour---------------[0m
Allocated grid: 7, 6, 15, 9, 10, 11, 23, 29, 28, 27, 
Grid tour: 15, 9, 10, 11, 23, 29, 28, 27, 6, 7, 

Select: 2
Pair Opt id: 8, 32, 31, 30, 18, 15, 28, 9, 10, 23, 11, 29, 27, 14, 6, 7, 13, 12, 
Missed: 2, 5, 24, 
Allocation time: 0.01
Ego1  : 15, 9, 10, 11, 23, 29, 28, 27, 6, 7, 
Other1: 14, 14, 13, 13, 12, 18, 30, 31, 31, 32, 32, 8, 
Ego2  : 15, 9, 10, 11, 23, 29, 28, 27, 6, 
Other2: 2, 14, 13, 12, 18, 24, 30, 31, 5, 32, 8, 7, 
prev cost: 34.2654, 19.8403, 54.1057
cur cost : 22.2654, 24.7354, 47.0008
[0m[INFO] [1790607026.161156478, 7.334999999]: [FSM]: Drone 1 state: WAIT_TRIGGER[0m
Frontier num: 4, 3
Frontier cost mat size: 4
[0m[INFO] [1790607026.341772282, 7.508000000]: Drone 1: frontier t: 0.000000, viewpoint t: 0.000000, mat: 0.000000[0m
[0m[INFO] [1790607026.341797545, 7.508000000]: Total t: 0.000000[0m
odom: -3.99535 -3.00958  1.19942
[0m[INFO] [1790607026.341812094, 7.508000000]: Find grid tour---------------[0m
Allocated grid: 6, 15, 9, 10, 11, 23, 29, 28, 27, 17, 
Grid tour: 15, 9, 10, 11, 17, 23, 29, 28, 27, 6, 

Select: 2
Pair Opt id: 7, 8, 32, 31, 30, 18, 12, 15, 28, 9, 10, 23, 11, 17, 29, 27, 14, 6, 19, 13, 
Missed: 24, 2, 5, 
Allocation time: 0.019
Ego1  : 15, 9, 10, 11, 17, 23, 29, 28, 27, 6, 
Other1: 19, 19, 14, 14, 13, 13, 12, 18, 30, 31, 31, 32, 32, 8, 7, 
Ego2  : 15, 9, 10, 11, 23, 24, 30, 31, 5, 32, 8, 7, 29, 28, 27, 6, 
Other2: 19, 2, 14, 13, 12, 18, 17, 
prev cost: 38.5643, 25.3124, 63.8767
cur cost : 40.6398, 19.1981, 59.8379
Frontier num: 4, 2
Frontier cost mat size: 4
[0m[INFO] [1790607026.877289741, 8.016999999]: Drone 1: frontier t: 0.000000, viewpoint t: 0.000000, mat: 0.000000[0m
[0m[INFO] [1790607026.877316546, 8.016999999]: Total t: 0.000000[0m
odom: -3.99785 -3.01044  1.19285
[0m[INFO] [1790607026.877342142, 8.016999999]: Find grid tour---------------[0m
Allocated grid: 6, 15, 9, 10, 11, 23, 29, 28, 27, 
Grid tour: 15, 9, 10, 11, 23, 29, 28, 27, 6, 
[0m[INFO] [1790607027.185187321, 8.335000000]: [FSM]: Drone 1 state: WAIT_TRIGGER[0m
Frontier num: 4, 2
Frontier cost mat size: 4
[0m[INFO] [1790607027.377463453, 8.509000000]: Drone 1: frontier t: 0.000000, viewpoint t: 0.000000, mat: 0.000000[0m
[0m[INFO] [1790607027.377489299, 8.509000000]: Total t: 0.000000[0m
odom: -3.99939 -2.99555  1.19107
[0m[INFO] [1790607027.377503390, 8.509000000]: Find grid tour---------------[0m
Allocated grid: 5, 8, 7, 6, 15, 9, 10, 11, 23, 24, 30, 31, 32, 29, 28, 27, 
Grid tour: 15, 9, 10, 11, 23, 24, 30, 29, 28, 27, 6, 7, 8, 31, 32, 5, 

Select: 2
Pair Opt id: 18, 12, 13, 5, 32, 31, 15, 28, 9, 10, 23, 11, 24, 30, 29, 27, 6, 7, 8, 
Missed: 2, 
Allocation time: 0.01
Ego1  : 15, 9, 10, 11, 23, 24, 30, 29, 28, 27, 6, 7, 8, 31, 32, 5, 
Other1: 13, 13, 12, 18, 
Ego2  : 15, 9, 10, 11, 23, 29, 28, 27, 6, 
Other2: 2, 13, 12, 18, 24, 30, 31, 5, 32, 8, 7, 
prev cost: 49.992, 5.08542, 55.0774
cur cost : 22.7503, 22.7465, 45.4968
Frontier num: 3, 5
Frontier cost mat size: 3
[0m[INFO] [1790607027.879434480, 9.009000000]: Drone 1: frontier t: 0.000000, viewpoint t: 0.000000, mat: 0.000000[0m
[0m[INFO] [1790607027.879461077, 9.009000000]: Total t: 0.000000[0m
odom: -4.00493 -3.00196  1.20468
[0m[INFO] [1790607027.879474250, 9.009000000]: Find grid tour---------------[0m
Allocated grid: 6, 15, 9, 10, 23, 29, 28, 27, 
Grid tour: 10, 9, 15, 23, 29, 28, 27, 6, 
[0m[INFO] [1790607028.220168345, 9.335000000]: [FSM]: Drone 1 state: WAIT_TRIGGER[0m

Select: 2
Pair Opt id: 7, 8, 32, 10, 23, 9, 15, 28, 29, 27, 6, 13, 12, 18, 31, 30, 
Missed: 2, 5, 24, 
Allocation time: 0.01
Ego1  : 10, 9, 15, 23, 29, 28, 27, 6, 
Other1: 13, 13, 12, 18, 30, 31, 31, 32, 32, 8, 7, 
Ego2  : 10, 9, 15, 23, 29, 28, 27, 6, 
Other2: 2, 13, 12, 18, 24, 30, 31, 5, 32, 8, 7, 
prev cost: 19.1604, 20.4744, 39.6348
cur cost : 19.1604, 22.7435, 41.9039
Frontier num: 3, 5
Frontier cost mat size: 3
[0m[INFO] [1790607028.401513139, 9.509000000]: Drone 1: frontier t: 0.000000, viewpoint t: 0.000000, mat: 0.000000[0m
[0m[INFO] [1790607028.401541820, 9.509000000]: Total t: 0.000000[0m
odom: -4.00145 -3.00054  1.20294
[0m[INFO] [1790607028.401555827, 9.509000000]: Find grid tour---------------[0m
Allocated grid: 6, 10, 9, 15, 23, 29, 28, 27, 
Grid tour: 10, 9, 15, 23, 29, 28, 27, 6, 

Select: 2
Pair Opt id: 7, 8, 32, 10, 23, 9, 15, 28, 29, 27, 6, 13, 12, 18, 31, 30, 
Missed: 2, 5, 24, 
Allocation time: 0.032
Ego1  : 10, 9, 15, 23, 29, 28, 27, 6, 
Other1: 13, 13, 12, 18, 30, 31, 31, 32, 32, 8, 7, 
Ego2  : 10, 9, 15, 23, 29, 28, 27, 6, 7, 
Other2: 2, 13, 12, 18, 24, 30, 31, 5, 32, 8, 
prev cost: 18.9093, 20.4731, 39.3824
cur cost : 30.9093, 18.7443, 49.6536
Frontier num: 3, 5
Frontier cost mat size: 3
[0m[INFO] [1790607028.943149489, 10.050000000]: Drone 1: frontier t: 0.000000, viewpoint t: 0.009000, mat: 0.000000[0m
[0m[INFO] [1790607028.943174376, 10.050000000]: Total t: 0.009000[0m
odom: -4.00405 -2.99997  1.19866
[0m[INFO] [1790607028.943213187, 10.050000000]: Find grid tour---------------[0m
Allocated grid: 6, 10, 9, 15, 23, 29, 28, 27, 
Grid tour: 10, 9, 15, 23, 29, 28, 27, 6, 
[0m[INFO] [1790607029.236399874, 10.339000000]: [FSM]: Drone 1 state: WAIT_TRIGGER[0m
Frontier num: 3, 6
Frontier cost mat size: 3
[0m[INFO] [1790607029.406302366, 10.502000000]: Drone 1: frontier t: 0.000000, viewpoint t: 0.000000, mat: 0.000000[0m
[0m[INFO] [1790607029.406327004, 10.502000000]: Total t: 0.000000[0m
odom: -3.99838 -2.99885  1.19908
[0m[INFO] [1790607029.406339677, 10.502000000]: Find grid tour---------------[0m
Allocated grid: 6, 7, 10, 9, 15, 23, 29, 28, 27, 
Grid tour: 10, 9, 15, 23, 29, 7, 28, 27, 6, 

Select: 2
Pair Opt id: 8, 32, 31, 10, 23, 9, 15, 28, 29, 7, 27, 6, 13, 12, 18, 30, 
Missed: 2, 5, 24, 
Allocation time: 0.01
Ego1  : 10, 9, 15, 23, 29, 7, 28, 27, 6, 
Other1: 13, 13, 12, 18, 30, 31, 31, 32, 32, 8, 
Ego2  : 10, 9, 15, 23, 29, 28, 27, 6, 
Other2: 2, 13, 12, 18, 24, 30, 31, 5, 32, 8, 7, 
prev cost: 24.5441, 16.4816, 41.0257
cur cost : 18.9126, 22.7533, 41.6659
Frontier num: 4, 5
Frontier cost mat size: 4
[0m[INFO] [1790607029.920293484, 11.002000000]: Drone 1: frontier t: 0.000000, viewpoint t: 0.000000, mat: 0.000000[0m
[0m[INFO] [1790607029.920316704, 11.002000000]: Total t: 0.000000[0m
odom: -3.99342 -3.00391   1.2038
[0m[INFO] [1790607029.920329752, 11.002000000]: Find grid tour---------------[0m
Allocated grid: 6, 10, 9, 15, 23, 29, 28, 27, 
Grid tour: 10, 9, 15, 23, 29, 28, 27, 6, 

Select: 2
Pair Opt id: 7, 8, 32, 10, 23, 9, 15, 28, 29, 27, 6, 13, 12, 18, 31, 30, 
Missed: 2, 5, 24, 
Allocation time: 0.009
Ego1  : 10, 9, 15, 23, 29, 28, 27, 6, 
Other1: 13, 13, 12, 18, 30, 31, 31, 32, 32, 8, 7, 
Ego2  : 10, 9, 15, 23, 29, 28, 27, 6, 7, 
Other2: 2, 13, 12, 18, 24, 30, 31, 5, 32, 8, 
prev cost: 18.99, 20.4904, 39.4804
cur cost : 30.99, 18.7512, 49.7412
[0m[INFO] [1790607030.307523085, 11.367000000]: [FSM]: Drone 1 state: WAIT_TRIGGER[0m
Frontier num: 4, 5
Frontier cost mat size: 4
[0m[INFO] [1790607030.442943137, 11.502000000]: Drone 1: frontier t: 0.000000, viewpoint t: 0.000000, mat: 0.000000[0m
[0m[INFO] [1790607030.442969692, 11.502000000]: Total t: 0.000000[0m
odom: -3.99012 -3.00369  1.19866
[0m[INFO] [1790607030.442983990, 11.502000000]: Find grid tour---------------[0m
Allocated grid: 6, 7, 10, 9, 15, 23, 29, 28, 27, 
Grid tour: 10, 9, 15, 23, 29, 7, 28, 27, 6, 

Select: 2
Pair Opt id: 8, 32, 31, 10, 23, 9, 15, 28, 29, 7, 27, 6, 13, 12, 18, 30, 
Missed: 2, 5, 24, 
Allocation time: 0.01
Ego1  : 10, 9, 15, 23, 29, 7, 28, 27, 6, 
Other1: 13, 13, 12, 18, 30, 31, 31, 32, 32, 8, 
Ego2  : 10, 9, 15, 23, 29, 28, 27, 6, 
Other2: 2, 13, 12, 18, 24, 30, 31, 5, 32, 8, 7, 
prev cost: 25.682, 16.487, 42.169
cur cost : 20.0505, 22.7506, 42.8011
Frontier num: 3, 6
Frontier cost mat size: 3
[0m[INFO] [1790607030.951578452, 12.002000000]: Drone 1: frontier t: 0.000000, viewpoint t: 0.000000, mat: 0.000000[0m
[0m[INFO] [1790607030.951605466, 12.002000000]: Total t: 0.000000[0m
odom: -3.99444  -3.0048  1.20296
[0m[INFO] [1790607030.951619640, 12.002000000]: Find grid tour---------------[0m
Allocated grid: 6, 15, 23, 29, 28, 27, 
Grid tour: 15, 23, 29, 28, 27, 6, 
[0m[INFO] [1790607031.316067439, 12.367000000]: [FSM]: Drone 1 state: WAIT_TRIGGER[0m

Select: 2
Pair Opt id: 7, 15, 28, 23, 29, 27, 6, 19, 32, 12, 18, 31, 30, 8, 
Missed: 2, 5, 24, 
Allocation time: 0.01
Ego1  : 15, 23, 29, 28, 27, 6, 
Other1: 19, 19, 12, 18, 30, 31, 31, 32, 32, 8, 7, 
Ego2  : 15, 23, 29, 28, 27, 6, 7, 
Other2: 2, 19, 12, 18, 24, 30, 31, 5, 32, 8, 
prev cost: 17.3474, 21.2674, 38.6148
cur cost : 29.3474, 19.5278, 48.8752
Frontier num: 2, 8
Frontier cost mat size: 2
[0m[INFO] [1790607031.460099711, 12.502000000]: Drone 1: frontier t: 0.000000, viewpoint t: 0.000000, mat: 0.000000[0m
[0m[INFO] [1790607031.460126641, 12.502000000]: Total t: 0.000000[0m
odom: -3.99651 -2.99873  1.19795
[0m[INFO] [1790607031.460141941, 12.502000000]: Find grid tour---------------[0m
Allocated grid: 6, 7, 15, 23, 29, 28, 27, 
Grid tour: 23, 29, 7, 28, 6, 27, 15, 
Frontier num: 1, 9
Frontier cost mat size: 1
[0m[INFO] [1790607031.958035722, 13.002000000]: Drone 1: frontier t: 0.000000, viewpoint t: 0.000000, mat: 0.000000[0m
[0m[INFO] [1790607031.958059234, 13.002000000]: Total t: 0.000000[0m
odom: -3.99027  -2.9942  1.20583
[0m[INFO] [1790607031.958071823, 13.002000000]: Find grid tour---------------[0m
Allocated grid: 7, 6, 23, 29, 28, 27, 
Grid tour: 23, 29, 28, 27, 6, 7, 

Select: 2
Pair Opt id: 8, 30, 31, 18, 7, 32, 6, 27, 28, 29, 23, 
Missed: 24, 12, 5, 2, 
Allocation time: 0.01
Ego1  : 23, 29, 28, 27, 6, 7, 
Other1: 18, 30, 31, 31, 32, 32, 8, 
Ego2  : 23, 29, 28, 27, 6, 7, 
Other2: 2, 12, 18, 24, 30, 31, 5, 32, 8, 
prev cost: 25.5728, 13.9034, 39.4761
cur cost : 25.5728, 18.6922, 44.265
[0m[INFO] [1790607032.323399729, 13.367000000]: [FSM]: Drone 1 state: WAIT_TRIGGER[0m
Frontier num: 1, 9
Frontier cost mat size: 1
[0m[INFO] [1790607032.462726942, 13.502000000]: Drone 1: frontier t: 0.000000, viewpoint t: 0.000000, mat: 0.000000[0m
[0m[INFO] [1790607032.462748869, 13.502000000]: Total t: 0.000000[0m
odom: -4.00423 -2.99851  1.19945
[0m[INFO] [1790607032.462761167, 13.502000000]: Find grid tour---------------[0m
Allocated grid: 6, 7, 23, 29, 28, 27, 
Grid tour: 23, 29, 7, 28, 27, 6, 

Select: 2
Pair Opt id: 8, 31, 30, 32, 6, 27, 28, 7, 29, 23, 
Missed: 24, 12, 18, 5, 2, 
Allocation time: 0.009
Ego1  : 23, 29, 7, 28, 27, 6, 
Other1: 30, 31, 31, 32, 32, 8, 
Ego2  : 23, 30, 29, 28, 27, 6, 
Other2: 2, 12, 18, 24, 31, 5, 32, 8, 7, 
prev cost: 19.2271, 23.4913, 42.7184
cur cost : 16.2315, 21.4662, 37.6977
Frontier num: 1, 9
Frontier cost mat size: 1
[0m[INFO] [1790607032.966516711, 14.002000000]: Drone 1: frontier t: 0.000000, viewpoint t: 0.000000, mat: 0.000000[0m
[0m[INFO] [1790607032.966541473, 14.002000000]: Total t: 0.000000[0m
odom: -3.99702 -2.99679  1.20206
[0m[INFO] [1790607032.966554980, 14.002000000]: Find grid tour---------------[0m
Allocated grid: 6, 23, 30, 29, 28, 27, 
Grid tour: 23, 30, 29, 28, 27, 6, 

Select: 2
Pair Opt id: 7, 8, 31, 32, 6, 27, 28, 29, 30, 23, 
Missed: 24, 12, 18, 5, 2, 
Allocation time: 0.01
Ego1  : 23, 30, 29, 28, 27, 6, 
Other1: 31, 31, 32, 32, 8, 7, 
Ego2  : 23, 29, 28, 27, 6, 7, 
Other2: 2, 12, 18, 24, 30, 31, 5, 32, 8, 
prev cost: 16.2285, 24.9089, 41.1374
cur cost : 25.5925, 18.7095, 44.302
[0m[INFO] [1790607033.340140471, 14.371000000]: [FSM]: Drone 1 state: WAIT_TRIGGER[0m
Frontier num: 1, 9
Frontier cost mat size: 1
[0m[INFO] [1790607033.477102793, 14.505000000]: Drone 1: frontier t: 0.000000, viewpoint t: 0.000000, mat: 0.000000[0m
[0m[INFO] [1790607033.477130682, 14.505000000]: Total t: 0.000000[0m
odom: -3.99369 -3.00259  1.19106
[0m[INFO] [1790607033.477143230, 14.505000000]: Find grid tour---------------[0m
Allocated grid: 6, 7, 23, 29, 28, 27, 
Grid tour: 23, 29, 7, 28, 27, 6, 

Select: 2
Pair Opt id: 8, 31, 30, 12, 32, 6, 27, 28, 7, 29, 23, 
Missed: 24, 18, 5, 2, 
Allocation time: 0.009
Ego1  : 23, 29, 7, 28, 27, 6, 
Other1: 12, 12, 30, 31, 31, 32, 32, 8, 
Ego2  : 23, 30, 29, 28, 27, 6, 
Other2: 2, 12, 18, 24, 31, 5, 32, 8, 7, 
prev cost: 19.2095, 15.8272, 35.0367
cur cost : 16.2139, 21.4736, 37.6875
Frontier num: 1, 9
Frontier cost mat size: 1
[0m[INFO] [1790607033.980134725, 15.005000000]: Drone 1: frontier t: 0.000000, viewpoint t: 0.000000, mat: 0.000000[0m
[0m[INFO] [1790607033.980161864, 15.005000000]: Total t: 0.000000[0m
odom: -3.99826 -3.00081  1.19404
[0m[INFO] [1790607033.980175579, 15.005000000]: Find grid tour---------------[0m
Allocated grid: 6, 23, 30, 29, 28, 27, 
Grid tour: 23, 30, 29, 28, 27, 6, 

Select: 2
Pair Opt id: 7, 8, 31, 12, 32, 6, 27, 28, 29, 30, 23, 
Missed: 24, 18, 5, 2, 
Allocation time: 0.01
Ego1  : 23, 30, 29, 28, 27, 6, 
Other1: 12, 31, 31, 32, 32, 8, 7, 
Ego2  : 23, 29, 28, 27, 6, 7, 
Other2: 2, 12, 18, 24, 30, 31, 5, 32, 8, 
prev cost: 16.2173, 18.7183, 34.9356
cur cost : 25.5814, 18.6953, 44.2767
[0m[INFO] [1790607034.381684734, 15.399000000]: [FSM]: Drone 1 state: WAIT_TRIGGER[0m
Frontier num: 1, 10
Frontier cost mat size: 1
[0m[INFO] [1790607034.486977479, 15.505000000]: Drone 1: frontier t: 0.000000, viewpoint t: 0.000000, mat: 0.000000[0m
[0m[INFO] [1790607034.487023252, 15.505000000]: Total t: 0.000000[0m
odom: -3.99837 -3.00011  1.20227
[0m[INFO] [1790607034.487047138, 15.505000000]: Find grid tour---------------[0m
Allocated grid: 6, 7, 23, 29, 28, 27, 
Grid tour: 23, 29, 7, 28, 27, 6, 

Select: 2
Pair Opt id: 8, 31, 30, 12, 32, 6, 27, 28, 7, 29, 23, 
Missed: 24, 18, 5, 2, 
Allocation time: 0.01
Ego1  : 23, 29, 7, 28, 27, 6, 
Other1: 12, 30, 31, 31, 32, 32, 8, 
Ego2  : 23, 30, 29, 28, 27, 6, 
Other2: 2, 12, 18, 24, 31, 5, 32, 8, 7, 
prev cost: 19.2254, 15.8329, 35.0583
cur cost : 16.2298, 21.4668, 37.6967
Frontier num: 1, 10
Frontier cost mat size: 1
[0m[INFO] [1790607034.989507535, 16.004000000]: Drone 1: frontier t: 0.000000, viewpoint t: 0.000000, mat: 0.000000[0m
[0m[INFO] [1790607034.989534340, 16.004000000]: Total t: 0.000000[0m
odom: -3.99846 -2.99316   1.2031
[0m[INFO] [1790607034.989556976, 16.004000000]: Find grid tour---------------[0m
Allocated grid: 6, 23, 30, 29, 28, 27, 
Grid tour: 23, 30, 29, 28, 27, 6, 
[0m[INFO] [1790607035.397607025, 16.407000000]: [FSM]: Drone 1 state: WAIT_TRIGGER[0m

Select: 2
Pair Opt id: 7, 8, 31, 12, 32, 6, 27, 28, 29, 30, 23, 
Missed: 24, 18, 5, 2, 
Allocation time: 0.018
Ego1  : 23, 30, 29, 28, 27, 6, 
Other1: 12, 31, 31, 32, 32, 8, 7, 
Ego2  : 23, 29, 28, 27, 6, 7, 
Other2: 2, 12, 18, 24, 30, 31, 5, 32, 8, 
prev cost: 16.2169, 18.7101, 34.9271
cur cost : 25.5803, 18.7047, 44.2849
Frontier num: 1, 10
Frontier cost mat size: 1
[0m[INFO] [1790607035.504097160, 16.507000000]: Drone 1: frontier t: 0.000000, viewpoint t: 0.000000, mat: 0.000000[0m
[0m[INFO] [1790607035.504122673, 16.507000000]: Total t: 0.000000[0m
odom: -4.00076  -2.9986  1.20215
[0m[INFO] [1790607035.504136846, 16.507000000]: Find grid tour---------------[0m
Allocated grid: 6, 7, 23, 29, 28, 27, 
Grid tour: 23, 29, 7, 28, 27, 6, 
Frontier num: 1, 10
Frontier cost mat size: 1
[0m[INFO] [1790607036.000938248, 17.001000000]: Drone 1: frontier t: 0.000000, viewpoint t: 0.000000, mat: 0.000000[0m
[0m[INFO] [1790607036.000963344, 17.001000000]: Total t: 0.000000[0m
odom: -4.00426 -2.99936  1.19213
[0m[INFO] [1790607036.000975016, 17.001000000]: Find grid tour---------------[0m
Allocated grid: 7, 6, 23, 29, 28, 27, 
Grid tour: 23, 29, 28, 27, 6, 7, 

Select: 2
Pair Opt id: 8, 31, 30, 12, 7, 32, 6, 27, 28, 29, 23, 
Missed: 24, 18, 5, 2, 
Allocation time: 0.009
Ego1  : 23, 29, 28, 27, 6, 7, 
Other1: 12, 30, 31, 31, 32, 32, 8, 
Ego2  : 23, 29, 28, 27, 6, 7, 
Other2: 2, 12, 18, 24, 30, 31, 5, 32, 8, 
prev cost: 25.5924, 15.8259, 41.4183
cur cost : 25.5924, 18.7037, 44.2961
[0m[INFO] [1790607036.419713073, 17.413000000]: [FSM]: Drone 1 state: WAIT_TRIGGER[0m
Frontier num: 1, 10
Frontier cost mat size: 1
[0m[INFO] [1790607036.507710341, 17.504000000]: Drone 1: frontier t: 0.000000, viewpoint t: 0.000000, mat: 0.000000[0m
[0m[INFO] [1790607036.507727266, 17.504000000]: Total t: 0.000000[0m
odom: -3.99729  -2.9956  1.19722
[0m[INFO] [1790607036.507738147, 17.504000000]: Find grid tour---------------[0m
Allocated grid: 6, 7, 23, 29, 28, 27, 
Grid tour: 23, 29, 7, 28, 27, 6, 

Select: 2
Pair Opt id: 8, 31, 30, 12, 32, 6, 27, 28, 7, 29, 23, 
Missed: 24, 18, 5, 2, 
Allocation time: 0.009
Ego1  : 23, 29, 7, 28, 27, 6, 
Other1: 12, 30, 31, 31, 32, 32, 8, 
Ego2  : 23, 30, 29, 28, 27, 6, 
Other2: 2, 12, 18, 24, 31, 5, 32, 8, 7, 
prev cost: 19.2111, 15.8232, 35.0343
cur cost : 16.2165, 21.4803, 37.6969
Frontier num: 1, 10
Frontier cost mat size: 1
[0m[INFO] [1790607037.025575394, 18.007000000]: Drone 1: frontier t: 0.000000, viewpoint t: 0.000000, mat: 0.000000[0m
[0m[INFO] [1790607037.025602950, 18.007000000]: Total t: 0.000000[0m
odom: -3.99426 -3.00167  1.20181
[0m[INFO] [1790607037.025617290, 18.007000000]: Find grid tour---------------[0m
Allocated grid: 6, 23, 30, 29, 28, 27, 
Grid tour: 23, 30, 29, 28, 6, 27, 

Select: 2
Pair Opt id: 7, 8, 31, 12, 27, 32, 6, 28, 29, 30, 23, 
Missed: 24, 18, 5, 2, 
Allocation time: 0.009
Ego1  : 23, 30, 29, 28, 6, 27, 
Other1: 12, 31, 31, 32, 32, 8, 7, 
Ego2  : 23, 29, 28, 27, 6, 7, 
Other2: 2, 12, 18, 24, 30, 31, 5, 32, 8, 
prev cost: 17.6569, 18.7137, 36.3706
cur cost : 25.578, 18.699, 44.277
[0m[INFO] [1790607037.429415797, 18.419000000]: [FSM]: Drone 1 state: WAIT_TRIGGER[0m
Frontier num: 1, 10
Frontier cost mat size: 1
[0m[INFO] [1790607037.512645266, 18.501000000]: Drone 1: frontier t: 0.000000, viewpoint t: 0.000000, mat: 0.000000[0m
[0m[INFO] [1790607037.512667652, 18.501000000]: Total t: 0.000000[0m
odom:    -3.99 -2.99422  1.19883
[0m[INFO] [1790607037.512680117, 18.501000000]: Find grid tour---------------[0m
Allocated grid: 6, 7, 23, 29, 28, 27, 
Grid tour: 23, 29, 7, 28, 27, 6, 

Select: 2
Pair Opt id: 8, 31, 30, 12, 32, 6, 27, 28, 7, 29, 23, 
Missed: 24, 18, 5, 2, 
Allocation time: 0
Ego1  : 23, 29, 7, 28, 27, 6, 
Other1: 12, 30, 31, 31, 32, 32, 8, 
Ego2  : 23, 30, 29, 28, 27, 6, 
Other2: 2, 12, 18, 24, 31, 5, 32, 8, 7, 
prev cost: 19.2225, 15.8248, 35.0473
cur cost : 16.2279, 21.4767, 37.7046
Frontier num: 1, 10
Frontier cost mat size: 1
[0m[INFO] [1790607038.021855369, 19.004000000]: Drone 1: frontier t: 0.000000, viewpoint t: 0.000000, mat: 0.000000[0m
[0m[INFO] [1790607038.021881132, 19.004000000]: Total t: 0.000000[0m
odom: -4.00179 -2.99618  1.20068
[0m[INFO] [1790607038.021894722, 19.004000000]: Find grid tour---------------[0m
Allocated grid: 6, 23, 30, 29, 28, 27, 
Grid tour: 23, 30, 29, 28, 27, 6, 

Select: 2
Pair Opt id: 7, 8, 31, 12, 32, 6, 27, 28, 29, 30, 23, 
Missed: 24, 18, 5, 2, 
Allocation time: 0.018
Ego1  : 23, 30, 29, 28, 27, 6, 
Other1: 12, 31, 31, 32, 32, 8, 7, 
Ego2  : 23, 29, 28, 27, 6, 7, 
Other2: 2, 12, 18, 24, 30, 31, 5, 32, 8, 
prev cost: 16.2349, 18.7073, 34.9422
cur cost : 25.599, 18.708, 44.307
[0m[INFO] [1790607038.446549861, 19.425000000]: [FSM]: Drone 1 state: WAIT_TRIGGER[0m
Frontier num: 1, 10
Frontier cost mat size: 1
[0m[INFO] [1790607038.527419650, 19.507000000]: Drone 1: frontier t: 0.000000, viewpoint t: 0.000000, mat: 0.000000[0m
[0m[INFO] [1790607038.527441453, 19.507000000]: Total t: 0.000000[0m
odom: -4.00034 -3.00777  1.20365
[0m[INFO] [1790607038.527454376, 19.507000000]: Find grid tour---------------[0m
Allocated grid: 6, 7, 23, 29, 28, 27, 
Grid tour: 23, 29, 7, 28, 27, 6, 

Select: 2
Pair Opt id: 8, 31, 30, 12, 32, 6, 27, 28, 7, 29, 23, 
Missed: 24, 18, 5, 2, 
Allocation time: 0.009
Ego1  : 23, 29, 7, 28, 27, 6, 
Other1: 12, 30, 31, 31, 32, 32, 8, 
Ego2  : 23, 30, 29, 28, 27, 6, 
Other2: 2, 12, 18, 24, 31, 5, 32, 8, 7, 
prev cost: 19.2276, 15.821, 35.0486
cur cost : 16.233, 21.4815, 37.7145
Triggered!
Frontier num: 1, 10
Frontier cost mat size: 1
[0m[INFO] [1790607039.028747189, 20.001000000]: Drone 1: frontier t: 0.000000, viewpoint t: 0.000000, mat: 0.000000[0m
[0m[INFO] [1790607039.028767157, 20.001000000]: Total t: 0.000000[0m
[0m[INFO] [1790607039.028775287, 20.001000000]: [triggerCallback]: Drone 1 from WAIT_TRIGGER to PLAN_TRAJ[0m
start pos: -4.00708 -3.00214  1.20605, vel:  0.0186857 0.00656223  0.0195692, acc: 0 0 0
[0m[INFO] [1790607039.028813931, 20.001000000]: Find grid tour---------------[0m
Allocated grid: 6, 23, 30, 29, 28, 27, 
Grid tour: 23, 30, 29, 28, 27, 6, 
[0m[INFO] [1790607039.047452412, 20.019999999]: Find frontier tour, 1 involved------------[0m
[0m[INFO] [1790607039.059321927, 20.028999999]: Grid tour t: 0.019000, frontier tour t: 0.009000.[0m
Local refine graph size: 1, 6, 1, 
Next view: -1.02686 -1.21682  1.43724, 1.17904
Traj opt iter num: 182
[0m[INFO] [1790607039.065277987, 20.038000000]: Traj: 0.009000, yaw: 0.000000[0m
[0m[INFO] [1790607039.065315798, 20.038000000]: Total time: 0.037000[0m
[0m[INFO] [1790607039.065330722, 20.038000000]: [FSM]: Drone 1 from PLAN_TRAJ to PUB_TRAJ[0m
[0m[INFO] [1790607039.230094771, 20.202000000]: [FSM]: Drone 1 from PUB_TRAJ to EXEC_TRAJ[0m
[0m[INFO] [1790607039.460430548, 20.431000000]: [FSM]: Drone 1 state: EXEC_TRAJ[0m

Select: 2
Pair Opt id: 7, 8, 31, 12, 32, 6, 27, 28, 29, 30, 23, 
Missed: 24, 18, 5, 2, 
Allocation time: 0.009
Ego1  : 23, 30, 29, 28, 27, 6, 
Other1: 12, 31, 31, 32, 32, 8, 7, 
Ego2  : 23, 29, 28, 27, 6, 7, 8, 
Other2: 12, 32, 5, 31, 30, 24, 18, 2, 
prev cost: 6.21175, 8.70533, 14.9171
cur cost : 19.5758, 12.3123, 31.8881

Select: 2
Pair Opt id: 7, 8, 31, 12, 32, 6, 27, 28, 29, 30, 23, 
Missed: 24, 18, 5, 2, 
Allocation time: 0.018
Ego1  : 23, 30, 29, 28, 27, 6, 
Other1: 12, 31, 31, 32, 32, 8, 7, 
Ego2  : 23, 29, 28, 27, 6, 7, 8, 
Other2: 12, 32, 5, 31, 30, 24, 18, 2, 
prev cost: 6.19996, 8.70335, 14.9033
cur cost : 19.564, 12.3103, 31.8743

Select: 2
Pair Opt id: 7, 8, 31, 12, 32, 6, 27, 28, 29, 30, 23, 
Missed: 24, 18, 5, 2, 
Allocation time: 0.01
Ego1  : 23, 30, 29, 28, 27, 6, 
Other1: 12, 31, 31, 32, 32, 8, 7, 
Ego2  : 23, 29, 28, 27, 6, 7, 8, 
Other2: 12, 32, 5, 31, 30, 24, 18, 2, 
prev cost: 6.19038, 8.70236, 14.8927
cur cost : 19.5545, 12.3093, 31.8638

Select: 2
Pair Opt id: 7, 8, 31, 12, 32, 6, 27, 28, 29, 30, 23, 
Missed: 24, 18, 5, 2, 
Allocation time: 0.01
Ego1  : 23, 30, 29, 28, 27, 6, 
Other1: 12, 31, 31, 32, 32, 8, 7, 
Ego2  : 23, 29, 28, 27, 6, 7, 8, 
Other2: 12, 32, 5, 31, 30, 24, 18, 2, 
prev cost: 6.17929, 8.70103, 14.8803
cur cost : 19.5434, 12.308, 31.8513

Select: 2
Pair Opt id: 7, 8, 31, 12, 32, 6, 27, 28, 29, 30, 23, 
Missed: 24, 18, 5, 2, 
Allocation time: 0.018
Ego1  : 23, 30, 29, 28, 27, 6, 
Other1: 12, 31, 31, 32, 32, 8, 7, 
Ego2  : 23, 29, 28, 27, 6, 7, 8, 
Other2: 12, 32, 5, 31, 30, 24, 18, 2, 
prev cost: 6.16429, 8.69991, 14.8642
cur cost : 19.5284, 12.3068, 31.8352

Select: 2
Pair Opt id: 7, 8, 31, 12, 32, 6, 27, 28, 29, 30, 23, 
Missed: 24, 18, 5, 2, 
Allocation time: 0.018
Ego1  : 23, 30, 29, 28, 27, 6, 
Other1: 12, 31, 31, 32, 32, 8, 7, 
Ego2  : 23, 29, 28, 27, 6, 7, 8, 
Other2: 12, 32, 5, 31, 30, 24, 18, 2, 
prev cost: 6.1478, 8.69868, 14.8465
cur cost : 19.5119, 12.3056, 31.8175

Select: 2
Pair Opt id: 7, 8, 31, 12, 32, 6, 27, 28, 29, 30, 23, 
Missed: 24, 18, 5, 2, 
Allocation time: 0.018
Ego1  : 23, 30, 29, 28, 27, 6, 
Other1: 12, 31, 31, 32, 32, 8, 7, 
Ego2  : 23, 29, 28, 27, 6, 7, 8, 
Other2: 12, 32, 5, 31, 30, 24, 18, 2, 
prev cost: 6.13359, 8.69565, 14.8292
cur cost : 19.4977, 12.3026, 31.8003
Frontier num: 1, 10
Frontier cost mat size: 1
[0m[INFO] [1790607039.867466631, 20.824999999]: Drone 1: frontier t: 0.010000, viewpoint t: 0.000000, mat: 0.000000[0m
[0m[INFO] [1790607039.867491144, 20.824999999]: Total t: 0.010000[0m
[0m[INFO] [1790607039.867535166, 20.824999999]: [FSM]: Drone 1 from EXEC_TRAJ to PLAN_TRAJ[0m

Select: 2
Pair Opt id: 7, 8, 31, 12, 32, 6, 27, 28, 29, 30, 23, 
Missed: 24, 18, 5, 2, 
Allocation time: 0.018
Ego1  : 23, 30, 29, 28, 27, 6, 
Other1: 12, 31, 31, 32, 32, 8, 7, 
Ego2  : 23, 29, 28, 27, 6, 7, 8, 
Other2: 12, 32, 5, 31, 30, 24, 18, 2, 
prev cost: 6.11887, 8.69414, 14.813
cur cost : 19.483, 12.3011, 31.784
start pos: -3.74051 -2.76145  1.27469, vel: 0.624844 0.577963 0.136625, acc: 0.502323 0.443536 0.105274
[0m[INFO] [1790607039.904921891, 20.870000000]: Find grid tour---------------[0m
Allocated grid: 6, 23, 30, 29, 28, 27, 
Grid tour: 23, 30, 29, 28, 27, 6, 
[0m[INFO] [1790607039.920437020, 20.879000000]: Find frontier tour, 1 involved------------[0m
[0m[INFO] [1790607039.926728623, 20.888000000]: Grid tour t: 0.009000, frontier tour t: 0.009000.[0m
Local refine graph size: 1, 8, 1, 
Next view: -0.988587  -1.21796   1.44952, 1.20053
Traj opt iter num: 212
[0m[INFO] [1790607039.934752633, 20.897999999]: Traj: 0.010000, yaw: 0.000000[0m
[0m[INFO] [1790607039.934782064, 20.897999999]: Total time: 0.028000[0m
[0m[INFO] [1790607039.934797405, 20.897999999]: [FSM]: Drone 1 from PLAN_TRAJ to PUB_TRAJ[0m

Select: 2
Pair Opt id: 7, 8, 31, 12, 32, 6, 27, 28, 29, 30, 23, 
Missed: 24, 18, 5, 2, 
Allocation time: 0.009
Ego1  : 23, 30, 29, 28, 27, 6, 
Other1: 12, 31, 31, 32, 32, 8, 7, 
Ego2  : 23, 29, 28, 27, 6, 7, 
Other2: 12, 2, 18, 24, 30, 31, 5, 32, 8, 
prev cost: 6.0358, 8.69045, 14.7263
cur cost : 15.3828, 16.5412, 31.924

Select: 2
Pair Opt id: 7, 8, 31, 12, 32, 6, 27, 28, 29, 30, 23, 
Missed: 24, 18, 5, 2, 
Allocation time: 0.009
Ego1  : 23, 30, 29, 28, 27, 6, 
Other1: 12, 31, 31, 32, 32, 8, 7, 
Ego2  : 23, 29, 28, 27, 6, 7, 8, 
Other2: 12, 32, 5, 31, 30, 24, 18, 2, 
prev cost: 5.8036, 8.68817, 14.4918
cur cost : 19.1506, 12.3001, 31.4507

Select: 2
Pair Opt id: 7, 8, 31, 12, 32, 6, 27, 28, 29, 30, 23, 
Missed: 24, 18, 5, 2, 
Allocation time: 0.018
Ego1  : 23, 30, 29, 28, 27, 6, 
Other1: 12, 31, 31, 32, 32, 8, 7, 
Ego2  : 23, 29, 28, 27, 6, 7, 8, 
Other2: 12, 32, 5, 31, 30, 24, 18, 2, 
prev cost: 5.8036, 8.68629, 14.4899
cur cost : 19.1506, 12.2982, 31.4488

Select: 2
Pair Opt id: 7, 8, 31, 12, 32, 6, 27, 28, 29, 30, 23, 
Missed: 24, 18, 5, 2, 
Allocation time: 0.009
Ego1  : 23, 30, 29, 28, 27, 6, 
Other1: 12, 31, 31, 32, 32, 8, 7, 
Ego2  : 23, 29, 28, 27, 6, 7, 
Other2: 12, 2, 18, 24, 30, 31, 5, 32, 8, 
prev cost: 5.8036, 8.68424, 14.4878
cur cost : 15.1506, 16.535, 31.6856

Select: 2
Pair Opt id: 7, 8, 31, 12, 32, 6, 27, 28, 29, 30, 23, 
Missed: 24, 18, 5, 2, 
Allocation time: 0.018
Ego1  : 23, 30, 29, 28, 27, 6, 
Other1: 12, 31, 31, 32, 32, 8, 7, 
Ego2  : 23, 29, 28, 27, 6, 7, 8, 
Other2: 12, 32, 5, 31, 30, 24, 18, 2, 
prev cost: 5.8036, 8.67937, 14.483
cur cost : 19.1506, 12.2913, 31.4419
[0m[INFO] [1790607040.141132938, 21.099000000]: [FSM]: Drone 1 from PUB_TRAJ to EXEC_TRAJ[0m

Select: 2
Pair Opt id: 7, 8, 31, 12, 32, 6, 27, 28, 29, 30, 23, 
Missed: 24, 18, 5, 2, 
Allocation time: 0.019
Ego1  : 23, 30, 29, 28, 27, 6, 
Other1: 12, 31, 31, 32, 32, 8, 7, 
Ego2  : 23, 29, 28, 27, 6, 7, 8, 
Other2: 12, 32, 5, 31, 30, 24, 18, 2, 
prev cost: 5.77231, 8.67701, 14.4493
cur cost : 19.1193, 12.2889, 31.4082

Select: 2
Pair Opt id: 7, 8, 31, 12, 32, 6, 27, 28, 29, 30, 23, 
Missed: 24, 18, 5, 2, 
Allocation time: 0.018
Ego1  : 23, 30, 29, 28, 27, 6, 
Other1: 12, 31, 31, 32, 32, 8, 7, 
Ego2  : 23, 29, 28, 27, 6, 7, 8, 
Other2: 12, 32, 5, 31, 30, 24, 18, 2, 
prev cost: 5.72765, 8.67394, 14.4016
cur cost : 19.0746, 12.2859, 31.3605

Select: 2
Pair Opt id: 7, 8, 31, 12, 32, 6, 27, 28, 29, 30, 23, 
Missed: 24, 18, 5, 2, 
Allocation time: 0.009
Ego1  : 23, 30, 29, 28, 27, 6, 
Other1: 12, 31, 31, 32, 32, 8, 7, 
Ego2  : 23, 29, 28, 27, 6, 7, 8, 
Other2: 12, 32, 5, 31, 30, 24, 18, 2, 
prev cost: 5.69502, 8.67144, 14.3665
cur cost : 19.042, 12.2834, 31.3254

Select: 2
Pair Opt id: 7, 8, 31, 12, 32, 6, 27, 28, 29, 30, 23, 
Missed: 24, 18, 5, 2, 
Allocation time: 0.009
Ego1  : 23, 30, 29, 28, 27, 6, 
Other1: 12, 31, 31, 32, 32, 8, 7, 
Ego2  : 23, 29, 28, 27, 6, 7, 8, 
Other2: 12, 32, 5, 31, 30, 24, 18, 2, 
prev cost: 5.65677, 8.66814, 14.3249
cur cost : 19.0037, 12.2801, 31.2838

Select: 2
Pair Opt id: 7, 8, 31, 12, 32, 6, 27, 28, 29, 30, 23, 
Missed: 24, 18, 5, 2, 
Allocation time: 0.019
Ego1  : 23, 30, 29, 28, 27, 6, 
Other1: 12, 31, 31, 32, 32, 8, 7, 
Ego2  : 23, 29, 28, 27, 6, 7, 8, 
Other2: 12, 32, 5, 31, 30, 24, 18, 2, 
prev cost: 5.61645, 8.66268, 14.2791
cur cost : 18.9634, 12.2746, 31.238

Select: 2
Pair Opt id: 7, 8, 31, 12, 32, 6, 27, 28, 29, 30, 23, 
Missed: 24, 18, 5, 2, 
Allocation time: 0.009
Ego1  : 23, 30, 29, 28, 27, 6, 
Other1: 12, 31, 31, 32, 32, 8, 7, 
Ego2  : 23, 29, 28, 27, 6, 7, 8, 
Other2: 12, 32, 5, 31, 30, 24, 18, 2, 
prev cost: 5.59632, 8.66268, 14.259
cur cost : 18.9433, 12.2746, 31.2179
Frontier num: 1, 10
Frontier cost mat size: 1
[0m[INFO] [1790607040.474007417, 21.428000000]: Drone 1: frontier t: 0.000000, viewpoint t: 0.009000, mat: 0.000000[0m
[0m[INFO] [1790607040.474033138, 21.428000000]: Total t: 0.009000[0m
[0m[INFO] [1790607040.474078828, 21.428000000]: [FSM]: Drone 1 from EXEC_TRAJ to PLAN_TRAJ[0m

Select: 2
Pair Opt id: 7, 8, 31, 12, 32, 6, 27, 28, 29, 30, 23, 
Missed: 24, 18, 5, 2, 
Allocation time: 0.01
Ego1  : 23, 30, 29, 28, 27, 6, 
Other1: 12, 31, 31, 32, 32, 8, 7, 
Ego2  : 23, 29, 28, 27, 6, 7, 8, 
Other2: 12, 32, 5, 31, 30, 24, 18, 2, 
prev cost: 5.57565, 8.61296, 14.1886
cur cost : 18.9226, 12.2249, 31.1475
[0m[INFO] [1790607040.510872174, 21.464999999]: [FSM]: Drone 1 state: PLAN_TRAJ[0m
start pos: -3.33104 -2.36113  1.34611, vel: 0.726018 0.706586  0.13194, acc:   0.160297 -0.0710416   0.279954
[0m[INFO] [1790607040.510936706, 21.464999999]: Find grid tour---------------[0m
Allocated grid: 6, 23, 30, 29, 28, 27, 
Grid tour: 23, 30, 29, 28, 27, 6, 
[0m[INFO] [1790607040.534567432, 21.483000000]: Find frontier tour, 1 involved------------[0m
[0m[INFO] [1790607040.552259982, 21.501000000]: Grid tour t: 0.018000, frontier tour t: 0.018000.[0m
Local refine graph size: 1, 10, 1, 
Next view:  -1.23771 -0.871114   1.63394, 0.937976
Mid goal
Traj opt iter num: 302
[0m[INFO] [1790607040.559610614, 21.510000000]: Traj: 0.009000, yaw: 0.000000[0m
[0m[INFO] [1790607040.559636585, 21.510000000]: Total time: 0.045000[0m
[0m[INFO] [1790607040.559648466, 21.510000000]: [FSM]: Drone 1 from PLAN_TRAJ to PUB_TRAJ[0m

Select: 2
Pair Opt id: 7, 8, 31, 12, 32, 6, 27, 28, 29, 30, 23, 
Missed: 24, 18, 5, 2, 
Allocation time: 0.018
Ego1  : 23, 30, 29, 28, 27, 6, 
Other1: 12, 31, 31, 32, 32, 8, 7, 
Ego2  : 23, 29, 28, 27, 6, 7, 8, 
Other2: 12, 32, 5, 31, 30, 24, 18, 2, 
prev cost: 5.45897, 8.61296, 14.0719
cur cost : 26.7327, 12.2499, 38.9826

Select: 2
Pair Opt id: 7, 8, 31, 12, 32, 6, 27, 28, 29, 30, 23, 
Missed: 24, 18, 5, 2, 
Allocation time: 0.009
Ego1  : 23, 30, 29, 28, 27, 6, 
Other1: 12, 31, 31, 32, 32, 8, 7, 
Ego2  : 23, 29, 28, 27, 6, 7, 8, 
Other2: 12, 32, 5, 31, 30, 24, 18, 2, 
prev cost: 5.45897, 8.61254, 14.0715
cur cost : 18.7351, 12.2495, 30.9845

Select: 2
Pair Opt id: 7, 8, 31, 12, 32, 6, 27, 28, 29, 30, 23, 
Missed: 24, 18, 5, 2, 
Allocation time: 0.018
Ego1  : 23, 30, 29, 28, 27, 6, 
Other1: 12, 31, 31, 32, 32, 8, 7, 
Ego2  : 23, 29, 28, 27, 6, 7, 8, 
Other2: 12, 32, 5, 31, 30, 24, 18, 2, 
prev cost: 13.1426, 8.60616, 21.7487
cur cost : 18.7351, 12.2431, 30.9781

Select: 2
Pair Opt id: 7, 8, 31, 12, 32, 6, 27, 28, 29, 30, 23, 
Missed: 24, 18, 5, 2, 
Allocation time: 0.018
Ego1  : 23, 30, 29, 28, 27, 6, 
Other1: 12, 31, 31, 32, 32, 8, 7, 
Ego2  : 23, 29, 28, 27, 6, 7, 8, 
Other2: 12, 32, 5, 31, 30, 24, 18, 2, 
prev cost: 5.45897, 8.60042, 14.0594
cur cost : 18.7351, 12.2373, 30.9724
[0m[INFO] [1790607040.760792321, 21.696000000]: [FSM]: Drone 1 from PUB_TRAJ to EXEC_TRAJ[0m

Select: 2
Pair Opt id: 7, 8, 31, 12, 32, 6, 27, 28, 29, 30, 23, 
Missed: 24, 18, 5, 2, 
Allocation time: 0.009
Ego1  : 23, 30, 29, 28, 27, 6, 
Other1: 12, 31, 31, 32, 32, 8, 7, 
Ego2  : 23, 29, 28, 27, 6, 7, 8, 
Other2: 12, 32, 5, 31, 30, 24, 18, 2, 
prev cost: 5.43424, 8.58777, 14.022
cur cost : 18.7103, 12.2247, 30.935

Select: 2
Pair Opt id: 7, 8, 31, 12, 32, 6, 27, 28, 29, 30, 23, 
Missed: 24, 18, 5, 2, 
Allocation time: 0.009
Ego1  : 23, 30, 29, 28, 27, 6, 
Other1: 12, 31, 31, 32, 32, 8, 7, 
Ego2  : 23, 29, 28, 27, 6, 7, 8, 
Other2: 12, 32, 5, 31, 30, 24, 18, 2, 
prev cost: 5.41963, 8.58198, 14.0016
cur cost : 18.6957, 12.2189, 30.9146

Select: 2
Pair Opt id: 7, 8, 31, 12, 32, 6, 27, 28, 29, 30, 23, 
Missed: 24, 18, 5, 2, 
Allocation time: 0.009
Ego1  : 23, 30, 29, 28, 27, 6, 
Other1: 12, 31, 31, 32, 32, 8, 7, 
Ego2  : 23, 29, 28, 27, 6, 7, 8, 
Other2: 12, 32, 5, 31, 30, 24, 18, 2, 
prev cost: 5.26158, 8.57588, 13.8375
cur cost : 18.5377, 12.2128, 30.7505

Select: 2
Pair Opt id: 7, 8, 31, 12, 32, 6, 27, 28, 29, 30, 23, 
Missed: 24, 18, 5, 2, 
Allocation time: 0.01
Ego1  : 23, 30, 29, 28, 27, 6, 
Other1: 12, 31, 31, 32, 32, 8, 7, 
Ego2  : 23, 29, 28, 27, 6, 7, 8, 
Other2: 12, 32, 5, 31, 30, 24, 18, 2, 
prev cost: 5.21102, 8.56656, 13.7776
cur cost : 18.4871, 12.2035, 30.6906

Select: 2
Pair Opt id: 7, 8, 31, 12, 32, 6, 27, 28, 29, 30, 23, 
Missed: 24, 18, 5, 2, 
Allocation time: 0.018
Ego1  : 23, 30, 29, 28, 27, 6, 
Other1: 12, 31, 31, 32, 32, 8, 7, 
Ego2  : 23, 29, 28, 27, 6, 7, 8, 
Other2: 12, 32, 5, 31, 30, 24, 18, 2, 
prev cost: 5.17361, 8.53059, 13.7042
cur cost : 18.4497, 12.1675, 30.6172

Select: 2
Pair Opt id: 7, 8, 31, 12, 32, 6, 27, 28, 29, 30, 23, 
Missed: 24, 18, 5, 2, 
Allocation time: 0.009
Ego1  : 23, 30, 29, 28, 27, 6, 
Other1: 12, 31, 31, 32, 32, 8, 7, 
Ego2  : 23, 29, 28, 27, 6, 7, 8, 
Other2: 12, 32, 5, 31, 30, 24, 18, 2, 
prev cost: 5.15318, 8.53059, 13.6838
cur cost : 18.4293, 12.1675, 30.5968

Select: 2
Pair Opt id: 7, 8, 31, 12, 32, 6, 27, 28, 29, 30, 23, 
Missed: 24, 18, 5, 2, 
Allocation time: 0.009
Ego1  : 23, 30, 29, 28, 27, 6, 
Other1: 12, 31, 31, 32, 32, 8, 7, 
Ego2  : 23, 29, 28, 27, 6, 7, 8, 
Other2: 12, 32, 5, 31, 30, 24, 18, 2, 
prev cost: 5.10125, 8.53059, 13.6318
cur cost : 18.3774, 12.1675, 30.5449
Frontier num: 1, 10
Frontier cost mat size: 1
[0m[INFO] [1790607041.128983825, 22.062000000]: Drone 1: frontier t: 0.000000, viewpoint t: 0.000000, mat: 0.000000[0m
[0m[INFO] [1790607041.129051984, 22.062000000]: Total t: 0.000000[0m
[0m[INFO] [1790607041.129188928, 22.062000000]: [FSM]: Drone 1 from EXEC_TRAJ to PLAN_TRAJ[0m
start pos: -2.92564 -1.97054  1.49352, vel: 0.646993 0.631331 0.366139, acc: 0.00605713  0.0173856   0.285181
[0m[INFO] [1790607041.129427505, 22.062000000]: Find grid tour---------------[0m
Allocated grid: 6, 23, 30, 29, 28, 27, 
Grid tour: 23, 30, 29, 28, 27, 6, 
[0m[INFO] [1790607041.147827701, 22.080999999]: Find frontier tour, 1 involved------------[0m
[0m[INFO] [1790607041.152341207, 22.089999999]: Grid tour t: 0.019000, frontier tour t: 0.009000.[0m
Local refine graph size: 1, 9, 1, 
Next view: -1.13876 -0.85053  1.60357, 0.872824
Mid goal
Traj opt iter num: 361
[0m[INFO] [1790607041.159300143, 22.089999999]: Traj: 0.000000, yaw: 0.000000[0m
[0m[INFO] [1790607041.159329324, 22.089999999]: Total time: 0.028000[0m
[0m[INFO] [1790607041.159339537, 22.089999999]: [FSM]: Drone 1 from PLAN_TRAJ to PUB_TRAJ[0m

Select: 2
Pair Opt id: 7, 8, 31, 12, 32, 6, 27, 28, 29, 30, 23, 
Missed: 24, 18, 5, 2, 
Allocation time: 0.009
Ego1  : 23, 30, 29, 28, 27, 6, 
Other1: 12, 31, 31, 32, 32, 8, 7, 
Ego2  : 23, 29, 28, 27, 6, 7, 8, 
Other2: 12, 32, 5, 31, 30, 24, 18, 2, 
prev cost: 13.1131, 8.53059, 21.6437
cur cost : 25.9985, 12.3811, 38.3796

Select: 2
Pair Opt id: 7, 8, 31, 12, 32, 6, 27, 28, 29, 30, 23, 
Missed: 24, 18, 5, 2, 
Allocation time: 0.019
Ego1  : 23, 30, 29, 28, 27, 6, 
Other1: 12, 31, 31, 32, 32, 8, 7, 
Ego2  : 23, 29, 28, 27, 6, 7, 8, 
Other2: 12, 32, 5, 31, 30, 24, 18, 2, 
prev cost: 13.1726, 8.5184, 21.691
cur cost : 26.058, 12.3689, 38.4268

Select: 2
Pair Opt id: 7, 8, 31, 12, 32, 6, 27, 28, 29, 30, 23, 
Missed: 24, 18, 5, 2, 
Allocation time: 0.009
Ego1  : 23, 30, 29, 28, 27, 6, 
Other1: 12, 31, 31, 32, 32, 8, 7, 
Ego2  : 23, 29, 28, 27, 6, 7, 8, 
Other2: 12, 32, 5, 31, 30, 24, 18, 2, 
prev cost: 13.1726, 8.50969, 21.6822
cur cost : 26.058, 12.3602, 38.4181

Select: 2
Pair Opt id: 7, 8, 31, 12, 32, 6, 27, 28, 29, 30, 23, 
Missed: 24, 18, 5, 2, 
Allocation time: 0.018
Ego1  : 23, 30, 29, 28, 27, 6, 
Other1: 12, 31, 31, 32, 32, 8, 7, 
Ego2  : 23, 29, 28, 27, 6, 7, 
Other2: 12, 2, 18, 24, 30, 31, 5, 32, 8, 
prev cost: 13.1726, 8.50286, 21.6754
cur cost : 22.058, 16.5921, 38.6501
[0m[INFO] [1790607041.333036801, 22.263000000]: [FSM]: Drone 1 from PUB_TRAJ to EXEC_TRAJ[0m

Select: 2
Pair Opt id: 7, 8, 31, 12, 32, 6, 27, 28, 29, 30, 23, 
Missed: 24, 18, 5, 2, 
Allocation time: 0.009
Ego1  : 23, 30, 29, 28, 27, 6, 
Other1: 12, 31, 31, 32, 32, 8, 7, 
Ego2  : 23, 29, 28, 27, 6, 7, 8, 
Other2: 12, 32, 5, 31, 30, 24, 18, 2, 
prev cost: 20.9384, 8.49415, 29.4326
cur cost : 26.0577, 12.3446, 38.4023

Select: 2
Pair Opt id: 7, 8, 31, 12, 32, 6, 27, 28, 29, 30, 23, 
Missed: 24, 18, 5, 2, 
Allocation time: 0.009
Ego1  : 23, 30, 29, 28, 27, 6, 
Other1: 12, 31, 31, 32, 32, 8, 7, 
Ego2  : 23, 29, 28, 27, 6, 7, 8, 
Other2: 12, 32, 5, 31, 30, 24, 18, 2, 
prev cost: 13.0538, 8.34695, 21.4008
cur cost : 25.9392, 12.1974, 38.1366

Select: 2
Pair Opt id: 7, 8, 31, 12, 32, 6, 27, 28, 29, 30, 23, 
Missed: 24, 18, 5, 2, 
Allocation time: 0.009
Ego1  : 23, 30, 29, 28, 27, 6, 
Other1: 12, 31, 31, 32, 32, 8, 7, 
Ego2  : 23, 29, 28, 27, 6, 7, 8, 
Other2: 12, 32, 5, 31, 30, 24, 18, 2, 
prev cost: 13.2472, 8.34695, 21.5941
cur cost : 26.1326, 12.1974, 38.33

Select: 2
Pair Opt id: 7, 8, 31, 12, 32, 6, 27, 28, 29, 30, 23, 
Missed: 24, 18, 5, 2, 
Allocation time: 0.01
Ego1  : 23, 30, 29, 28, 27, 6, 
Other1: 12, 31, 31, 32, 32, 8, 7, 
Ego2  : 29, 23, 28, 27, 6, 7, 8, 
Other2: 12, 32, 5, 31, 30, 24, 18, 2, 
prev cost: 20.5207, 8.34695, 28.8676
cur cost : 27.9058, 12.1974, 40.1032
[0m[INFO] [1790607041.540641468, 22.464999999]: [FSM]: Drone 1 state: EXEC_TRAJ[0m
Frontier num: 1, 10
Frontier cost mat size: 1
[0m[INFO] [1790607041.546643718, 22.474000000]: Drone 1: frontier t: 0.000000, viewpoint t: 0.009000, mat: 0.000000[0m
[0m[INFO] [1790607041.546664687, 22.474000000]: Total t: 0.009000[0m
[0m[INFO] [1790607041.546707083, 22.474000000]: [FSM]: Drone 1 from EXEC_TRAJ to PLAN_TRAJ[0m

Select: 2
Pair Opt id: 7, 8, 31, 12, 32, 6, 27, 28, 29, 30, 23, 
Missed: 24, 18, 5, 2, 
Allocation time: 0.009
Ego1  : 23, 30, 29, 28, 27, 6, 
Other1: 12, 31, 31, 32, 32, 8, 7, 
Ego2  : 29, 23, 28, 27, 6, 7, 8, 
Other2: 12, 32, 5, 31, 30, 24, 18, 2, 
prev cost: 20.4658, 8.34695, 28.8127
cur cost : 27.8183, 12.1974, 40.0157
start pos: -2.64197 -1.68925  1.72125, vel: 0.628285 0.625407  0.60591, acc: 0.00154061  -0.201444  0.0204005
[0m[INFO] [1790607041.590711199, 22.510000000]: Find grid tour---------------[0m
Allocated grid: 6, 30, 29, 28, 27, 
Grid tour: 30, 29, 28, 27, 6, 
[0m[INFO] [1790607041.603507761, 22.528999999]: Find frontier tour, 0 involved------------[0m
Next view:  -1.12847 -0.865023   1.64834, 0.892778
Mid goal
Traj opt iter num: 233
[0m[INFO] [1790607041.606796654, 22.528999999]: Traj: 0.000000, yaw: 0.000000[0m
[0m[INFO] [1790607041.606825085, 22.528999999]: Total time: 0.019000[0m
[0m[INFO] [1790607041.606835882, 22.528999999]: [FSM]: Drone 1 from PLAN_TRAJ to PUB_TRAJ[0m

Select: 2
Pair Opt id: 7, 8, 31, 12, 32, 6, 27, 28, 29, 30, 
Missed: 24, 18, 5, 2, 
Allocation time: 0.009
Ego1  : 30, 29, 28, 27, 6, 
Other1: 12, 31, 31, 32, 32, 8, 7, 
Ego2  : 29, 28, 27, 6, 7, 8, 
Other2: 12, 32, 5, 31, 30, 24, 18, 2, 
prev cost: 4.39759, 8.33049, 12.7281
cur cost : 17.8296, 12.1679, 29.9974

Select: 2
Pair Opt id: 7, 8, 31, 12, 32, 6, 27, 28, 29, 30, 
Missed: 24, 18, 5, 2, 
Allocation time: 0.009
Ego1  : 30, 29, 28, 27, 6, 
Other1: 12, 31, 31, 32, 32, 8, 7, 
Ego2  : 29, 28, 27, 6, 7, 8, 
Other2: 12, 32, 5, 31, 30, 24, 18, 2, 
prev cost: 4.39759, 8.31677, 12.7144
cur cost : 17.8296, 12.1541, 29.9837

Select: 2
Pair Opt id: 7, 8, 31, 12, 32, 6, 27, 28, 29, 30, 
Missed: 24, 18, 5, 2, 
Allocation time: 0.009
Ego1  : 30, 29, 28, 27, 6, 
Other1: 12, 31, 31, 32, 32, 8, 7, 
Ego2  : 29, 28, 27, 6, 7, 8, 
Other2: 12, 32, 5, 31, 30, 24, 18, 2, 
prev cost: 4.39759, 8.30562, 12.7032
cur cost : 17.8296, 12.143, 29.9726

Select: 2
Pair Opt id: 7, 8, 31, 12, 32, 6, 27, 28, 29, 30, 
Missed: 24, 18, 5, 2, 
Allocation time: 0.009
Ego1  : 30, 29, 28, 27, 6, 
Other1: 12, 31, 31, 32, 32, 8, 7, 
Ego2  : 29, 28, 27, 6, 7, 8, 
Other2: 12, 32, 5, 31, 30, 24, 18, 2, 
prev cost: 4.39759, 8.29411, 12.6917
cur cost : 17.8296, 12.1315, 29.961
[0m[INFO] [1790607041.792686845, 22.713000000]: [FSM]: Drone 1 from PUB_TRAJ to EXEC_TRAJ[0m

Select: 2
Pair Opt id: 7, 8, 31, 32, 6, 27, 28, 29, 30, 
Missed: 24, 12, 18, 5, 2, 
Allocation time: 0.01
Ego1  : 30, 29, 28, 27, 6, 
Other1: 31, 31, 32, 32, 8, 7, 
Ego2  : 29, 28, 27, 6, 7, 
Other2: 2, 12, 18, 24, 30, 31, 5, 32, 8, 
prev cost: 4.39558, 14.9942, 19.3897
cur cost : 13.827, 14.2898, 28.1168

Select: 2
Pair Opt id: 7, 8, 31, 32, 6, 27, 28, 29, 30, 
Missed: 24, 12, 18, 5, 2, 
Allocation time: 0.009
Ego1  : 30, 29, 28, 27, 6, 
Other1: 31, 31, 32, 32, 8, 7, 
Ego2  : 29, 28, 27, 6, 7, 
Other2: 2, 12, 18, 24, 30, 31, 5, 32, 8, 
prev cost: 4.37231, 14.9942, 19.3665
cur cost : 13.798, 14.2898, 28.0878

Select: 2
Pair Opt id: 7, 8, 31, 32, 6, 27, 28, 29, 30, 
Missed: 24, 12, 18, 5, 2, 
Allocation time: 0.009
Ego1  : 30, 29, 28, 27, 6, 
Other1: 31, 31, 32, 32, 8, 7, 
Ego2  : 29, 28, 27, 6, 7, 
Other2: 2, 12, 18, 24, 30, 31, 5, 32, 8, 
prev cost: 4.34816, 14.9942, 19.3423
cur cost : 13.9889, 14.2898, 28.2787

Select: 2
Pair Opt id: 7, 8, 31, 32, 6, 27, 28, 29, 30, 
Missed: 24, 12, 18, 5, 2, 
Allocation time: 0.018
Ego1  : 30, 29, 28, 27, 6, 
Other1: 31, 31, 32, 32, 8, 7, 
Ego2  : 29, 28, 27, 6, 7, 
Other2: 2, 12, 18, 24, 30, 31, 5, 32, 8, 
prev cost: 4.32578, 14.9942, 19.3199
cur cost : 13.7502, 14.2898, 28.04
Frontier num: 1, 10
Frontier cost mat size: 1
[0m[INFO] [1790607042.002617132, 22.914000000]: Drone 1: frontier t: 0.000000, viewpoint t: 0.000000, mat: 0.000000[0m
[0m[INFO] [1790607042.002647981, 22.914000000]: Total t: 0.000000[0m
[0m[INFO] [1790607042.002709429, 22.914000000]: [FSM]: Drone 1 from EXEC_TRAJ to PLAN_TRAJ[0m
start pos: -2.37173 -1.45549  1.94502, vel: 0.660333 0.475491 0.444495, acc: -0.0211007  -0.641447  -0.563524
[0m[INFO] [1790607042.007337241, 22.923000000]: Find grid tour---------------[0m
Allocated grid: 6, 30, 29, 28, 27, 
Grid tour: 30, 29, 28, 27, 6, 
[0m[INFO] [1790607042.020731977, 22.932999999]: Find frontier tour, 0 involved------------[0m
Next view:  -1.40435 -0.610518   1.87648, 0.730376
Traj opt iter num: 110
[0m[INFO] [1790607042.021859499, 22.932999999]: Traj: 0.000000, yaw: 0.000000[0m
[0m[INFO] [1790607042.021880718, 22.932999999]: Total time: 0.010000[0m
[0m[INFO] [1790607042.021891015, 22.932999999]: [FSM]: Drone 1 from PLAN_TRAJ to PUB_TRAJ[0m

Select: 2
Pair Opt id: 7, 8, 31, 32, 6, 27, 28, 29, 30, 
Missed: 24, 12, 18, 5, 2, 
Allocation time: 0.009
Ego1  : 30, 29, 28, 27, 6, 
Other1: 31, 31, 32, 32, 8, 7, 
Ego2  : 29, 28, 27, 6, 7, 
Other2: 2, 12, 18, 24, 30, 31, 5, 32, 8, 
prev cost: 4.44835, 14.999, 19.4474
cur cost : 13.5101, 14.3099, 27.8201

Select: 2
Pair Opt id: 7, 8, 31, 32, 6, 27, 28, 29, 30, 
Missed: 24, 12, 18, 5, 2, 
Allocation time: 0.009
Ego1  : 30, 29, 28, 27, 6, 
Other1: 31, 31, 32, 32, 8, 7, 
Ego2  : 29, 28, 27, 6, 7, 
Other2: 2, 12, 18, 24, 30, 31, 5, 32, 8, 
prev cost: 4.26617, 23.0028, 27.2689
cur cost : 13.595, 14.3197, 27.9146

Select: 2
Pair Opt id: 7, 8, 31, 32, 6, 27, 28, 29, 30, 
Missed: 24, 12, 18, 5, 2, 
Allocation time: 0.009
Ego1  : 30, 29, 28, 27, 6, 
Other1: 31, 31, 32, 32, 8, 7, 
Ego2  : 29, 28, 27, 6, 7, 
Other2: 2, 12, 18, 24, 30, 31, 5, 32, 8, 
prev cost: 4.26617, 15.007, 19.2732
cur cost : 13.595, 14.3324, 27.9274

Select: 2
Pair Opt id: 7, 8, 31, 32, 6, 27, 28, 29, 30, 
Missed: 24, 12, 18, 5, 2, 
Allocation time: 0.018
Ego1  : 30, 29, 28, 27, 6, 
Other1: 31, 31, 32, 32, 8, 7, 
Ego2  : 29, 28, 27, 6, 7, 
Other2: 2, 12, 18, 24, 30, 31, 5, 32, 8, 
prev cost: 4.26617, 15.0098, 19.276
cur cost : 13.595, 14.3428, 27.9378

Select: 2
Pair Opt id: 7, 8, 31, 32, 6, 27, 28, 29, 30, 
Missed: 24, 12, 18, 5, 2, 
Allocation time: 0.009
Ego1  : 30, 29, 28, 27, 6, 
Other1: 31, 31, 32, 32, 8, 7, 
Ego2  : 29, 28, 27, 6, 7, 
Other2: 2, 12, 18, 24, 30, 31, 5, 32, 8, 
prev cost: 4.26617, 14.999, 19.2652
cur cost : 13.595, 14.4252, 28.0202
[0m[INFO] [1790607042.236565131, 23.143000000]: [FSM]: Drone 1 from PUB_TRAJ to EXEC_TRAJ[0m

Select: 2
Pair Opt id: 7, 8, 31, 32, 6, 27, 28, 29, 30, 
Missed: 24, 12, 18, 5, 2, 
Allocation time: 0.009
Ego1  : 30, 29, 28, 27, 6, 
Other1: 31, 31, 32, 32, 8, 7, 
Ego2  : 29, 28, 27, 6, 7, 
Other2: 2, 12, 18, 24, 30, 31, 5, 32, 8, 
prev cost: 4.24258, 14.999, 19.2416
cur cost : 13.5698, 14.4252, 27.995

Select: 2
Pair Opt id: 7, 8, 31, 32, 6, 27, 28, 29, 30, 
Missed: 24, 12, 18, 5, 2, 
Allocation time: 0.01
Ego1  : 30, 29, 28, 27, 6, 
Other1: 31, 31, 32, 32, 8, 7, 
Ego2  : 29, 28, 27, 6, 7, 
Other2: 2, 12, 18, 24, 30, 31, 5, 32, 8, 
prev cost: 4.20627, 14.999, 19.2053
cur cost : 13.5311, 14.6737, 28.2048

Select: 2
Pair Opt id: 7, 8, 31, 32, 6, 27, 28, 29, 30, 
Missed: 24, 12, 18, 5, 2, 
Allocation time: 0.009
Ego1  : 30, 29, 28, 27, 6, 
Other1: 31, 31, 32, 32, 8, 7, 
Ego2  : 29, 28, 27, 6, 7, 
Other2: 2, 12, 18, 24, 30, 31, 5, 32, 8, 
prev cost: 4.17135, 14.999, 19.1703
cur cost : 13.4938, 14.6737, 28.1675

Select: 2
Pair Opt id: 7, 8, 31, 32, 6, 27, 28, 29, 30, 
Missed: 24, 12, 18, 5, 2, 
Allocation time: 0.009
Ego1  : 30, 29, 28, 27, 6, 
Other1: 31, 31, 32, 32, 8, 7, 
Ego2  : 29, 28, 27, 6, 7, 
Other2: 2, 12, 18, 24, 30, 31, 5, 32, 8, 
prev cost: 4.11871, 22.7722, 26.891
cur cost : 13.4376, 14.6737, 28.1113
Frontier num: 2, 10
Frontier cost mat size: 2
[0m[INFO] [1790607042.444870691, 23.344000000]: Drone 1: frontier t: 0.000000, viewpoint t: 0.000000, mat: 0.000000[0m
[0m[INFO] [1790607042.444898038, 23.344000000]: Total t: 0.000000[0m
[0m[INFO] [1790607042.444935515, 23.344000000]: [FSM]: Drone 1 from EXEC_TRAJ to PLAN_TRAJ[0m
start pos: -2.09607 -1.33594  2.07084, vel: 0.654398 0.139403 0.138786, acc: 0.0193383 -0.617278 -0.745557
[0m[INFO] [1790607042.445099513, 23.344000000]: Find grid tour---------------[0m
Allocated grid: 6, 30, 29, 28, 27, 
Grid tour: 30, 29, 28, 27, 6, 
[0m[INFO] [1790607042.461133068, 23.362999999]: Find frontier tour, 1 involved------------[0m
[0m[INFO] [1790607042.466908662, 23.371999999]: Grid tour t: 0.019000, frontier tour t: 0.009000.[0m
Local refine graph size: 1, 15, 1, 
Next view: -0.573159 -0.819512   1.79255, 0.411402
Mid goal
near end
Traj opt iter num: 163
[0m[INFO] [1790607042.468279681, 23.371999999]: Traj: 0.000000, yaw: 0.000000[0m
[0m[INFO] [1790607042.468293396, 23.371999999]: Total time: 0.028000[0m
[0m[INFO] [1790607042.468301567, 23.371999999]: [FSM]: Drone 1 from PLAN_TRAJ to PUB_TRAJ[0m

Select: 2
Pair Opt id: 7, 8, 31, 32, 6, 27, 28, 29, 30, 
Missed: 24, 12, 18, 5, 2, 
Allocation time: 0.009
Ego1  : 30, 29, 28, 27, 6, 
Other1: 31, 31, 32, 32, 8, 7, 
Ego2  : 29, 28, 27, 6, 7, 
Other2: 2, 12, 18, 24, 30, 31, 5, 32, 8, 
prev cost: 4.00325, 14.9851, 18.9883
cur cost : 13.2853, 14.849, 28.1343

Select: 2
Pair Opt id: 7, 8, 31, 32, 6, 27, 28, 29, 30, 
Missed: 24, 12, 18, 5, 2, 
Allocation time: 0.009
Ego1  : 30, 29, 28, 27, 6, 
Other1: 31, 31, 32, 32, 8, 7, 
Ego2  : 29, 28, 27, 6, 7, 
Other2: 2, 12, 18, 24, 30, 31, 5, 32, 8, 
prev cost: 3.96347, 14.9761, 18.9396
cur cost : 13.2853, 14.8204, 28.1057
[0m[INFO] [1790607042.567340812, 23.472000000]: [FSM]: Drone 1 state: PUB_TRAJ[0m

Select: 2
Pair Opt id: 7, 8, 31, 32, 6, 27, 28, 29, 30, 
Missed: 24, 12, 18, 5, 2, 
Allocation time: 0.019
Ego1  : 30, 29, 28, 27, 6, 
Other1: 31, 31, 32, 32, 8, 7, 
Ego2  : 29, 28, 27, 6, 7, 
Other2: 2, 12, 18, 24, 30, 31, 5, 32, 8, 
prev cost: 3.96347, 14.9633, 18.9268
cur cost : 13.2853, 14.8392, 28.1246

Select: 2
Pair Opt id: 7, 8, 31, 32, 6, 27, 28, 29, 30, 
Missed: 24, 12, 18, 5, 2, 
Allocation time: 0.018
Ego1  : 30, 29, 28, 27, 6, 
Other1: 31, 31, 32, 32, 8, 7, 
Ego2  : 29, 28, 27, 6, 7, 30, 24, 18, 12, 2, 
Other2: 31, 5, 32, 8, 
prev cost: 3.96347, 4.69264, 8.65611
cur cost : 27.4052, 1.54059, 28.9457
[0m[INFO] [1790607042.645402698, 23.545000000]: [FSM]: Drone 1 from PUB_TRAJ to EXEC_TRAJ[0m

Select: 2
Pair Opt id: 7, 8, 31, 32, 6, 27, 28, 29, 30, 
Missed: 24, 12, 18, 5, 2, 
Allocation time: 0.009
Ego1  : 30, 29, 28, 27, 6, 
Other1: 31, 31, 32, 32, 8, 7, 
Ego2  : 29, 28, 27, 6, 7, 30, 24, 18, 12, 2, 
Other2: 31, 5, 32, 8, 
prev cost: 3.95673, 4.69264, 8.64936
cur cost : 27.3986, 1.54059, 28.9392

Select: 2
Pair Opt id: 7, 8, 31, 32, 6, 27, 28, 29, 30, 
Missed: 24, 12, 18, 5, 2, 
Allocation time: 0.018
Ego1  : 30, 29, 28, 27, 6, 
Other1: 31, 31, 32, 32, 8, 7, 
Ego2  : 29, 28, 27, 6, 7, 30, 24, 18, 12, 2, 
Other2: 31, 5, 32, 8, 
prev cost: 3.92968, 4.69264, 8.62232
cur cost : 26.6839, 1.54059, 28.2245

Select: 2
Pair Opt id: 7, 8, 31, 32, 6, 27, 28, 29, 30, 
Missed: 24, 12, 18, 5, 2, 
Allocation time: 0.018
Ego1  : 30, 29, 28, 27, 6, 
Other1: 31, 31, 32, 32, 8, 7, 
Ego2  : 29, 28, 27, 6, 7, 30, 24, 18, 12, 2, 
Other2: 31, 5, 32, 8, 
prev cost: 3.903, 4.69264, 8.59564
cur cost : 26.6563, 1.54059, 28.1969

Select: 2
Pair Opt id: 7, 8, 31, 32, 6, 27, 28, 29, 30, 
Missed: 24, 12, 18, 5, 2, 
Allocation time: 0.009
Ego1  : 30, 29, 28, 27, 6, 
Other1: 31, 31, 32, 32, 8, 7, 
Ego2  : 30, 24, 18, 12, 2, 
Other2: 31, 5, 32, 8, 7, 29, 28, 27, 6, 
prev cost: 3.86773, 4.687, 8.55473
cur cost : 9.15345, 11.1766, 20.3301
Frontier num: 2, 10
Frontier cost mat size: 2
[0m[INFO] [1790607042.857649727, 23.746999999]: Drone 1: frontier t: 0.000000, viewpoint t: 0.000000, mat: 0.000000[0m
[0m[INFO] [1790607042.857680034, 23.746999999]: Total t: 0.000000[0m
[0m[INFO] [1790607042.857733894, 23.746999999]: [FSM]: Drone 1 from EXEC_TRAJ to PLAN_TRAJ[0m
start pos: -1.82215 -1.34016  2.05655, vel:  0.687151 -0.136255 -0.185922, acc: -0.0485824   -0.50697  -0.670381
[0m[INFO] [1790607042.857848577, 23.746999999]: Find grid tour---------------[0m
Allocated grid: 6, 30, 29, 28, 27, 
Grid tour: 30, 29, 28, 27, 6, 
[0m[INFO] [1790607042.872073102, 23.765000000]: Find frontier tour, 1 involved------------[0m
[0m[INFO] [1790607042.876413896, 23.765000000]: Grid tour t: 0.018000, frontier tour t: 0.000000.[0m
Local refine graph size: 1, 15, 1, 
Next view:  -0.60397 -0.817815   1.92343, 0.411746
Traj opt iter num: 349
[0m[INFO] [1790607042.878486974, 23.774000000]: Traj: 0.009000, yaw: 0.000000[0m
[0m[INFO] [1790607042.878507859, 23.774000000]: Total time: 0.027000[0m
[0m[INFO] [1790607042.878516364, 23.774000000]: [FSM]: Drone 1 from PLAN_TRAJ to PUB_TRAJ[0m

Select: 2
Pair Opt id: 7, 8, 31, 32, 6, 27, 28, 29, 30, 
Missed: 24, 12, 18, 5, 2, 
Allocation time: 0.009
Ego1  : 30, 29, 28, 27, 6, 
Other1: 31, 31, 32, 32, 8, 7, 
Ego2  : 29, 28, 27, 6, 7, 30, 24, 18, 12, 2, 
Other2: 31, 5, 32, 8, 
prev cost: 3.69969, 4.66067, 8.36036
cur cost : 26.469, 1.50839, 27.9774

Select: 2
Pair Opt id: 7, 8, 31, 32, 6, 27, 28, 29, 30, 
Missed: 24, 12, 18, 5, 2, 
Allocation time: 0.018
Ego1  : 30, 29, 28, 27, 6, 
Other1: 31, 31, 32, 32, 8, 7, 
Ego2  : 29, 28, 27, 6, 7, 30, 24, 18, 12, 2, 
Other2: 31, 5, 32, 8, 
prev cost: 3.69969, 4.63969, 8.33938
cur cost : 26.469, 1.48741, 27.9564

Select: 2
Pair Opt id: 7, 8, 31, 32, 6, 27, 28, 29, 30, 
Missed: 24, 12, 18, 5, 2, 
Allocation time: 0.009
Ego1  : 30, 29, 28, 27, 6, 
Other1: 31, 31, 32, 32, 8, 7, 
Ego2  : 29, 28, 27, 6, 7, 30, 24, 18, 12, 2, 
Other2: 31, 5, 32, 8, 
prev cost: 3.69969, 4.61142, 8.31111
cur cost : 26.469, 1.45914, 27.9282

Select: 2
Pair Opt id: 7, 8, 31, 32, 6, 27, 28, 29, 30, 
Missed: 24, 12, 18, 5, 2, 
Allocation time: 0.009
Ego1  : 30, 29, 28, 27, 6, 
Other1: 31, 31, 32, 32, 8, 7, 
Ego2  : 30, 24, 18, 12, 2, 
Other2: 31, 5, 32, 8, 7, 29, 28, 27, 6, 
prev cost: 3.69969, 4.56852, 8.26821
cur cost : 9.19156, 10.9766, 20.1682
[0m[INFO] [1790607043.068502601, 23.958999999]: [FSM]: Drone 1 from PUB_TRAJ to EXEC_TRAJ[0m

Select: 2
Pair Opt id: 7, 8, 31, 32, 6, 27, 28, 29, 30, 
Missed: 24, 12, 18, 5, 2, 
Allocation time: 0.009
Ego1  : 30, 29, 28, 27, 6, 
Other1: 31, 31, 32, 32, 8, 7, 
Ego2  : 29, 28, 27, 6, 7, 30, 24, 18, 12, 2, 
Other2: 31, 5, 32, 8, 
prev cost: 3.69152, 4.45536, 8.14689
cur cost : 26.4607, 1.30308, 27.7638

Select: 2
Pair Opt id: 7, 8, 31, 32, 6, 27, 28, 29, 30, 
Missed: 24, 12, 18, 5, 2, 
Allocation time: 0.009
Ego1  : 30, 29, 28, 27, 6, 
Other1: 31, 31, 32, 32, 8, 7, 
Ego2  : 29, 28, 27, 6, 7, 30, 24, 18, 12, 2, 
Other2: 31, 5, 32, 8, 
prev cost: 3.66724, 4.45536, 8.12261
cur cost : 26.6554, 1.30308, 27.9584

Select: 2
Pair Opt id: 7, 8, 31, 32, 6, 27, 28, 29, 30, 
Missed: 24, 12, 18, 5, 2, 
Allocation time: 0.01
Ego1  : 30, 29, 28, 27, 6, 
Other1: 31, 31, 32, 32, 8, 7, 
Ego2  : 29, 28, 27, 6, 7, 30, 24, 18, 12, 2, 
Other2: 31, 5, 32, 8, 
prev cost: 3.63124, 4.45536, 8.08661
cur cost : 26.6175, 1.30308, 27.9206

Select: 2
Pair Opt id: 7, 8, 31, 32, 6, 27, 28, 29, 30, 
Missed: 24, 12, 18, 5, 2, 
Allocation time: 0.01
Ego1  : 30, 29, 28, 27, 6, 
Other1: 31, 31, 32, 32, 8, 7, 
Ego2  : 29, 28, 27, 6, 7, 30, 24, 18, 12, 2, 
Other2: 31, 5, 32, 8, 
prev cost: 3.59244, 4.45483, 8.04728
cur cost : 26.5747, 1.30255, 27.8773
Frontier num: 2, 10
Frontier cost mat size: 2
[0m[INFO] [1790607043.277056784, 24.160000000]: Drone 1: frontier t: 0.000000, viewpoint t: 0.009000, mat: 0.000000[0m
[0m[INFO] [1790607043.277166965, 24.160000000]: Total t: 0.009000[0m
[0m[INFO] [1790607043.277276728, 24.160000000]: [FSM]: Drone 1 from EXEC_TRAJ to PLAN_TRAJ[0m
start pos: -1.55478  -1.3699  1.95072, vel:  0.598673 0.0568008 -0.280077, acc: -0.294405  0.886014  0.103078
[0m[INFO] [1790607043.277615647, 24.160000000]: Find grid tour---------------[0m
Allocated grid: 6, 30, 29, 28, 27, 
Grid tour: 30, 29, 28, 27, 6, 
[0m[INFO] [1790607043.291368562, 24.169000000]: Find frontier tour, 1 involved------------[0m
[0m[INFO] [1790607043.295122229, 24.169000000]: Grid tour t: 0.009000, frontier tour t: 0.000000.[0m
Local refine graph size: 1, 15, 1, 
Next view: -0.365763 -0.879085   1.89605, 0.265297
Traj opt iter num: 166
[0m[INFO] [1790607043.296307864, 24.169000000]: Traj: 0.000000, yaw: 0.000000[0m
[0m[INFO] [1790607043.296358806, 24.169000000]: Total time: 0.009000[0m
[0m[INFO] [1790607043.296373730, 24.169000000]: [FSM]: Drone 1 from PLAN_TRAJ to PUB_TRAJ[0m

Select: 2
Pair Opt id: 7, 8, 31, 32, 6, 27, 28, 29, 30, 
Missed: 24, 12, 18, 5, 2, 
Allocation time: 0.009
Ego1  : 30, 29, 28, 27, 6, 
Other1: 31, 31, 32, 32, 8, 7, 
Ego2  : 29, 28, 27, 6, 7, 30, 24, 18, 12, 2, 
Other2: 31, 5, 32, 8, 
prev cost: 3.71496, 4.43556, 8.15053
cur cost : 26.6162, 1.28142, 27.8976

Select: 2
Pair Opt id: 7, 8, 31, 32, 6, 27, 28, 29, 30, 
Missed: 24, 12, 18, 5, 2, 
Allocation time: 0.018
Ego1  : 30, 29, 28, 27, 6, 
Other1: 31, 31, 32, 32, 8, 7, 
Ego2  : 29, 28, 27, 6, 7, 30, 24, 18, 12, 2, 
Other2: 31, 5, 32, 8, 
prev cost: 3.57575, 4.41319, 7.98894
cur cost : 26.4582, 1.25905, 27.7172

Select: 2
Pair Opt id: 7, 8, 31, 32, 6, 27, 28, 29, 30, 
Missed: 24, 12, 18, 5, 2, 
Allocation time: 0.018
Ego1  : 30, 29, 28, 27, 6, 
Other1: 31, 31, 32, 32, 8, 7, 
Ego2  : 29, 28, 27, 6, 7, 30, 24, 18, 12, 2, 
Other2: 31, 5, 32, 8, 
prev cost: 3.57575, 4.39588, 7.97162
cur cost : 26.4582, 1.24174, 27.6999

Select: 2
Pair Opt id: 7, 8, 31, 32, 6, 27, 28, 29, 30, 
Missed: 24, 12, 18, 5, 2, 
Allocation time: 0
Ego1  : 30, 29, 28, 27, 6, 
Other1: 31, 31, 32, 32, 8, 7, 
Ego2  : 29, 28, 27, 6, 7, 30, 24, 18, 12, 2, 
Other2: 31, 5, 32, 8, 
prev cost: 3.57575, 4.45986, 8.03561
cur cost : 26.4582, 1.30572, 27.7639
[0m[INFO] [1790607043.493135228, 24.370000000]: [FSM]: Drone 1 from PUB_TRAJ to EXEC_TRAJ[0m

Select: 2
Pair Opt id: 7, 8, 31, 32, 6, 27, 28, 29, 30, 
Missed: 24, 12, 18, 5, 2, 
Allocation time: 0.019
Ego1  : 30, 29, 28, 27, 6, 
Other1: 31, 31, 32, 32, 8, 7, 
Ego2  : 29, 28, 27, 6, 7, 30, 24, 18, 12, 2, 
Other2: 31, 5, 32, 8, 
prev cost: 3.57575, 4.30407, 7.87981
cur cost : 26.4582, 1.14992, 27.6081

Select: 2
Pair Opt id: 7, 8, 31, 32, 6, 27, 28, 29, 30, 
Missed: 24, 12, 18, 5, 2, 
Allocation time: 0.009
Ego1  : 30, 29, 28, 27, 6, 
Other1: 31, 31, 32, 32, 8, 7, 
Ego2  : 29, 28, 27, 6, 7, 30, 24, 18, 12, 2, 
Other2: 31, 5, 32, 8, 
prev cost: 3.55516, 4.30407, 7.85923
cur cost : 34.2183, 1.14992, 35.3683

Select: 2
Pair Opt id: 7, 8, 31, 32, 6, 27, 28, 29, 30, 
Missed: 24, 12, 18, 5, 2, 
Allocation time: 0.009
Ego1  : 30, 29, 28, 27, 6, 
Other1: 31, 31, 32, 32, 8, 7, 
Ego2  : 29, 28, 27, 6, 7, 30, 24, 18, 12, 2, 
Other2: 31, 5, 32, 8, 
prev cost: 3.52168, 4.30407, 7.82574
cur cost : 26.1854, 1.14992, 27.3353
[0m[INFO] [1790607043.629095466, 24.498000000]: [FSM]: Drone 1 state: EXEC_TRAJ[0m

Select: 2
Pair Opt id: 7, 8, 31, 32, 6, 27, 28, 29, 30, 
Missed: 24, 12, 18, 5, 2, 
Allocation time: 0.009
Ego1  : 30, 29, 28, 27, 6, 
Other1: 31, 31, 32, 32, 8, 7, 
Ego2  : 29, 28, 27, 6, 7, 30, 24, 18, 12, 2, 
Other2: 31, 5, 32, 8, 
prev cost: 3.49423, 4.30407, 7.7983
cur cost : 26.1583, 1.14992, 27.3082
Frontier num: 2, 11
Frontier cost mat size: 2
[0m[INFO] [1790607043.711139342, 24.571000000]: Drone 1: frontier t: 0.000000, viewpoint t: 0.000000, mat: 0.000000[0m
[0m[INFO] [1790607043.711168149, 24.571000000]: Total t: 0.000000[0m
[0m[INFO] [1790607043.711224844, 24.571000000]: [FSM]: Drone 1 from EXEC_TRAJ to PLAN_TRAJ[0m

Select: 2
Pair Opt id: 7, 8, 31, 32, 6, 27, 28, 29, 30, 
Missed: 24, 12, 18, 5, 2, 
Allocation time: 0.009
Ego1  : 30, 29, 28, 27, 6, 
Other1: 31, 31, 32, 32, 8, 7, 
Ego2  : 29, 28, 27, 6, 7, 30, 24, 18, 12, 2, 
Other2: 31, 5, 32, 8, 
prev cost: 3.47705, 4.28001, 7.75706
cur cost : 26.1412, 1.12587, 27.267
start pos: -1.32002 -1.25008  1.85484, vel:  0.469431  0.463412 -0.153394, acc: -0.282147  0.837524  0.346547
[0m[INFO] [1790607043.740978921, 24.599000000]: Find grid tour---------------[0m
Allocated grid: 6, 30, 29, 28, 27, 
Grid tour: 30, 29, 28, 27, 6, 
[0m[INFO] [1790607043.754190232, 24.608000000]: Find frontier tour, 1 involved------------[0m
[0m[INFO] [1790607043.763968327, 24.626000000]: Grid tour t: 0.009000, frontier tour t: 0.018000.[0m
Local refine graph size: 1, 11, 1, 
Next view: -0.257511 -0.697849   1.80975, 0.101422
Traj opt iter num: 259
[0m[INFO] [1790607043.765981250, 24.626000000]: Traj: 0.000000, yaw: 0.000000[0m
[0m[INFO] [1790607043.766007388, 24.626000000]: Total time: 0.027000[0m
[0m[INFO] [1790607043.766016476, 24.626000000]: [FSM]: Drone 1 from PLAN_TRAJ to PUB_TRAJ[0m

Select: 2
Pair Opt id: 7, 8, 31, 32, 6, 27, 28, 29, 30, 
Missed: 24, 12, 18, 5, 2, 
Allocation time: 0.019
Ego1  : 30, 29, 28, 27, 6, 
Other1: 31, 31, 32, 32, 8, 7, 
Ego2  : 29, 28, 27, 6, 7, 30, 24, 18, 12, 2, 
Other2: 31, 5, 32, 8, 
prev cost: 3.48676, 4.34505, 7.83181
cur cost : 17.9955, 1.13575, 19.1313

Select: 2
Pair Opt id: 7, 8, 31, 32, 6, 27, 28, 29, 30, 
Missed: 24, 12, 18, 5, 2, 
Allocation time: 0.009
Ego1  : 30, 29, 28, 27, 6, 
Other1: 31, 31, 32, 32, 8, 7, 
Ego2  : 29, 28, 27, 6, 7, 30, 24, 18, 12, 2, 
Other2: 31, 5, 32, 8, 
prev cost: 3.48676, 4.30832, 7.79508
cur cost : 17.9955, 1.09902, 19.0945

Select: 2
Pair Opt id: 7, 8, 31, 32, 6, 27, 28, 29, 30, 
Missed: 24, 12, 18, 5, 2, 
Allocation time: 0.009
Ego1  : 30, 29, 28, 27, 6, 
Other1: 31, 31, 32, 32, 8, 7, 
Ego2  : 29, 28, 27, 6, 7, 30, 24, 18, 12, 2, 
Other2: 31, 5, 32, 8, 
prev cost: 3.48676, 4.2676, 7.75436
cur cost : 17.9955, 1.0583, 19.0538

Select: 2
Pair Opt id: 7, 8, 31, 32, 6, 27, 28, 29, 30, 
Missed: 24, 12, 18, 5, 2, 
Allocation time: 0.009
Ego1  : 30, 29, 28, 27, 6, 
Other1: 31, 31, 32, 32, 8, 7, 
Ego2  : 29, 28, 27, 6, 7, 30, 24, 18, 12, 2, 
Other2: 31, 5, 32, 8, 
prev cost: 3.48676, 4.14893, 7.63569
cur cost : 17.9955, 0.939629, 18.9351
[0m[INFO] [1790607043.940435892, 24.800000000]: [FSM]: Drone 1 from PUB_TRAJ to EXEC_TRAJ[0m

Select: 2
Pair Opt id: 7, 8, 31, 32, 6, 27, 28, 29, 30, 
Missed: 24, 12, 18, 5, 2, 
Allocation time: 0.009
Ego1  : 30, 29, 28, 27, 6, 
Other1: 31, 31, 32, 32, 8, 7, 
Ego2  : 29, 28, 27, 6, 7, 30, 24, 18, 12, 2, 
Other2: 31, 5, 32, 8, 
prev cost: 3.48676, 4.39746, 7.88422
cur cost : 17.9955, 1.18816, 19.1837

Select: 2
Pair Opt id: 7, 8, 31, 32, 6, 27, 28, 29, 30, 
Missed: 24, 12, 18, 5, 2, 
Allocation time: 0.019
Ego1  : 30, 29, 28, 27, 6, 
Other1: 31, 31, 32, 32, 8, 7, 
Ego2  : 29, 28, 27, 6, 7, 30, 24, 18, 12, 2, 
Other2: 31, 5, 32, 8, 
prev cost: 3.37783, 4.39746, 7.77529
cur cost : 17.9894, 1.18816, 19.1775

Select: 2
Pair Opt id: 7, 8, 31, 32, 6, 27, 28, 29, 30, 
Missed: 24, 12, 18, 5, 2, 
Allocation time: 0.009
Ego1  : 30, 29, 28, 27, 6, 
Other1: 31, 31, 32, 32, 8, 7, 
Ego2  : 29, 28, 27, 6, 7, 30, 24, 18, 12, 2, 
Other2: 31, 5, 32, 8, 
prev cost: 3.25886, 4.39746, 7.65632
cur cost : 17.9143, 1.18816, 19.1024

Select: 2
Pair Opt id: 7, 8, 31, 32, 6, 27, 28, 29, 30, 
Missed: 24, 12, 18, 5, 2, 
Allocation time: 0
Ego1  : 30, 29, 28, 27, 6, 
Other1: 31, 31, 32, 32, 8, 7, 
Ego2  : 29, 28, 27, 6, 7, 30, 24, 18, 12, 2, 
Other2: 31, 5, 32, 8, 
prev cost: 3.22723, 4.35315, 7.58038
cur cost : 18.1941, 1.14385, 19.338
Frontier num: 2, 11
Frontier cost mat size: 2
[0m[INFO] [1790607044.345677787, 25.013000000]: Drone 1: frontier t: 0.009000, viewpoint t: 0.000000, mat: 0.000000[0m
[0m[INFO] [1790607044.345726686, 25.013000000]: Total t: 0.009000[0m
[0m[INFO] [1790607044.345797305, 25.013000000]: [FSM]: Drone 1 from EXEC_TRAJ to PLAN_TRAJ[0m
start pos:  -1.14885 -0.987329   1.81487, vel:    0.40509   0.755652 -0.0527202, acc: 0.0526209  0.389397  0.158536
[0m[INFO] [1790607044.346790885, 25.013000000]: Find grid tour---------------[0m
Allocated grid: 6, 30, 29, 28, 27, 
Grid tour: 30, 29, 28, 27, 6, 
[0m[INFO] [1790607044.359647643, 25.022999999]: Find frontier tour, 1 involved------------[0m
[0m[INFO] [1790607044.366153978, 25.032000000]: Grid tour t: 0.010000, frontier tour t: 0.009000.[0m
Local refine graph size: 1, 11, 1, 
Next view: -0.166378 -0.502484   1.83028, 0.0589608
Traj opt iter num: 142
[0m[INFO] [1790607044.367962882, 25.032000000]: Traj: 0.000000, yaw: 0.000000[0m
[0m[INFO] [1790607044.367992439, 25.032000000]: Total time: 0.019000[0m
[0m[INFO] [1790607044.368003569, 25.032000000]: [FSM]: Drone 1 from PLAN_TRAJ to PUB_TRAJ[0m

Select: 2
Pair Opt id: 7, 8, 31, 32, 6, 27, 28, 29, 30, 
Missed: 24, 12, 18, 5, 2, 
Allocation time: 0.018
Ego1  : 30, 29, 28, 27, 6, 
Other1: 31, 31, 32, 32, 8, 7, 
Ego2  : 29, 28, 27, 6, 7, 30, 24, 18, 12, 2, 
Other2: 31, 5, 32, 8, 
prev cost: 3.31729, 4.19917, 7.51646
cur cost : 18.0995, 0.968261, 19.0678

Select: 2
Pair Opt id: 7, 8, 31, 32, 6, 27, 28, 29, 30, 
Missed: 24, 12, 18, 5, 2, 
Allocation time: 0.01
Ego1  : 30, 29, 28, 27, 6, 
Other1: 31, 31, 32, 32, 8, 7, 
Ego2  : 29, 28, 27, 6, 7, 30, 24, 18, 12, 2, 
Other2: 31, 5, 32, 8, 
prev cost: 3.17222, 4.17052, 7.34274
cur cost : 17.9237, 0.93961, 18.8633

Select: 2
Pair Opt id: 7, 8, 31, 32, 6, 27, 28, 29, 30, 
Missed: 24, 12, 18, 5, 2, 
Allocation time: 0.009
Ego1  : 30, 29, 28, 27, 6, 
Other1: 31, 31, 32, 32, 8, 7, 
Ego2  : 29, 28, 27, 6, 7, 30, 24, 18, 12, 2, 
Other2: 31, 5, 32, 8, 
prev cost: 3.17222, 4.10788, 7.28009
cur cost : 17.9237, 0.876963, 18.8007

Select: 2
Pair Opt id: 7, 8, 31, 32, 6, 27, 28, 29, 30, 
Missed: 24, 12, 18, 5, 2, 
Allocation time: 0.018
Ego1  : 30, 29, 28, 27, 6, 
Other1: 31, 31, 32, 32, 8, 7, 
Ego2  : 29, 28, 27, 6, 7, 30, 24, 18, 12, 2, 
Other2: 31, 5, 32, 8, 
prev cost: 3.17222, 4.08019, 7.25241
cur cost : 17.9237, 0.84928, 18.773
[0m[INFO] [1790607044.549748063, 25.214999999]: [FSM]: Drone 1 from PUB_TRAJ to EXEC_TRAJ[0m

Select: 2
Pair Opt id: 7, 8, 31, 32, 6, 27, 28, 29, 30, 
Missed: 24, 12, 18, 5, 2, 
Allocation time: 0.009
Ego1  : 30, 29, 28, 27, 6, 
Other1: 31, 31, 32, 32, 8, 7, 
Ego2  : 29, 28, 27, 6, 7, 30, 24, 18, 12, 2, 
Other2: 31, 5, 32, 8, 
prev cost: 3.17222, 4.21899, 7.39121
cur cost : 17.8106, 0.988082, 18.7987

Select: 2
Pair Opt id: 7, 8, 31, 32, 6, 27, 28, 29, 30, 
Missed: 24, 12, 18, 5, 2, 
Allocation time: 0.009
Ego1  : 30, 29, 28, 27, 6, 
Other1: 31, 31, 32, 32, 8, 7, 
Ego2  : 29, 28, 27, 6, 7, 30, 24, 18, 12, 2, 
Other2: 31, 5, 32, 8, 
prev cost: 3.15013, 4.21899, 7.36912
cur cost : 17.8156, 0.988082, 18.8037

Select: 2
Pair Opt id: 7, 8, 31, 32, 6, 27, 28, 29, 30, 
Missed: 24, 12, 18, 5, 2, 
Allocation time: 0.01
Ego1  : 30, 29, 28, 27, 6, 
Other1: 31, 31, 32, 32, 8, 7, 
Ego2  : 29, 28, 27, 6, 7, 30, 24, 18, 12, 2, 
Other2: 31, 5, 32, 8, 
prev cost: 3.11753, 4.21899, 7.33652
cur cost : 17.8559, 0.988082, 18.844

Select: 2
Pair Opt id: 7, 8, 31, 32, 6, 27, 28, 29, 30, 
Missed: 24, 12, 18, 5, 2, 
Allocation time: 0.018
Ego1  : 30, 29, 28, 27, 6, 
Other1: 31, 31, 32, 32, 8, 7, 
Ego2  : 29, 28, 27, 6, 7, 30, 24, 18, 12, 2, 
Other2: 31, 5, 32, 8, 
prev cost: 3.1022, 4.21899, 7.3212
cur cost : 17.8355, 0.988082, 18.8236
Frontier num: 4, 11
Frontier cost mat size: 4
[0m[INFO] [1790607044.766602061, 25.434000000]: Drone 1: frontier t: 0.009000, viewpoint t: 0.009000, mat: 0.000000[0m
[0m[INFO] [1790607044.766621153, 25.434000000]: Total t: 0.018000[0m
[0m[INFO] [1790607044.766663925, 25.434000000]: [FSM]: Drone 1 from EXEC_TRAJ to PLAN_TRAJ[0m

Select: 2
Pair Opt id: 7, 8, 31, 32, 6, 27, 28, 29, 30, 
Missed: 24, 12, 18, 5, 2, 
Allocation time: 0.009
Ego1  : 30, 29, 28, 27, 6, 
Other1: 31, 31, 32, 32, 8, 7, 
Ego2  : 29, 28, 27, 6, 7, 30, 24, 18, 12, 2, 
Other2: 31, 5, 32, 8, 
prev cost: 3.08775, 4.32296, 7.41071
cur cost : 18.0352, 1.09205, 19.1273
start pos: -0.965658  -0.64629    1.8046, vel:    0.455536    0.762278 -0.00137699, acc:  0.149175 -0.342039 0.0890397
[0m[INFO] [1790607044.784656166, 25.443000000]: Find grid tour---------------[0m
Allocated grid: 6, 30, 29, 28, 27, 
Grid tour: 30, 29, 28, 27, 6, 
[0m[INFO] [1790607044.794678508, 25.461999999]: Find frontier tour, 2 involved------------[0m
[0m[INFO] [1790607044.799526890, 25.461999999]: Grid tour t: 0.019000, frontier tour t: 0.000000.[0m
Local refine graph size: 1, 8, 1, 
[0m[INFO] [1790607044.799615017, 25.461999999]: Local refine time: 0.000000[0m
Next view: 0.0281913  0.608719   1.82997, 0.481463
Mid goal
Traj opt iter num: 140
[0m[INFO] [1790607044.800869352, 25.461999999]: Traj: 0.000000, yaw: 0.000000[0m
[0m[INFO] [1790607044.800882567, 25.461999999]: Total time: 0.019000[0m
[0m[INFO] [1790607044.800891197, 25.461999999]: [FSM]: Drone 1 from PLAN_TRAJ to PUB_TRAJ[0m

Select: 2
Pair Opt id: 7, 8, 31, 32, 6, 27, 28, 29, 30, 
Missed: 24, 12, 18, 5, 2, 
Allocation time: 0.018
Ego1  : 30, 29, 28, 27, 6, 
Other1: 31, 31, 32, 32, 8, 7, 
Ego2  : 29, 28, 27, 6, 7, 30, 24, 18, 12, 2, 
Other2: 31, 5, 32, 8, 
prev cost: 3.18034, 4.1787, 7.35905
cur cost : 18.1663, 0.937395, 19.1037
[0m[INFO] [1790607044.832085578, 25.498000000]: [FSM]: Drone 1 state: PUB_TRAJ[0m

Select: 2
Pair Opt id: 7, 8, 31, 32, 6, 27, 28, 29, 30, 
Missed: 24, 12, 18, 5, 2, 
Allocation time: 0.009
Ego1  : 30, 29, 28, 27, 6, 
Other1: 31, 31, 32, 32, 8, 7, 
Ego2  : 29, 28, 27, 6, 7, 30, 24, 18, 12, 2, 
Other2: 31, 5, 32, 8, 
prev cost: 2.96747, 4.11134, 7.07881
cur cost : 18.0878, 0.870033, 18.9578

Select: 2
Pair Opt id: 7, 8, 31, 32, 6, 27, 28, 29, 30, 
Missed: 24, 12, 18, 5, 2, 
Allocation time: 0.019
Ego1  : 30, 29, 28, 27, 6, 
Other1: 31, 31, 32, 32, 8, 7, 
Ego2  : 29, 28, 27, 6, 7, 30, 24, 18, 12, 2, 
Other2: 31, 5, 32, 8, 
prev cost: 2.96747, 4.08243, 7.0499
cur cost : 18.0878, 0.841117, 18.9289

Select: 2
Pair Opt id: 7, 8, 31, 32, 6, 27, 28, 29, 30, 
Missed: 24, 12, 18, 5, 2, 
Allocation time: 0.018
Ego1  : 30, 29, 28, 27, 6, 
Other1: 31, 31, 32, 32, 8, 7, 
Ego2  : 29, 28, 27, 6, 7, 8, 
Other2: 32, 5, 31, 30, 24, 18, 12, 2, 
prev cost: 2.96747, 3.81994, 6.78741
cur cost : 7.45501, 16.157, 23.612
[0m[INFO] [1790607045.157162744, 25.679999999]: [FSM]: Drone 1 from PUB_TRAJ to EXEC_TRAJ[0m

Select: 2
Pair Opt id: 7, 8, 31, 32, 6, 27, 28, 29, 30, 
Missed: 24, 12, 18, 5, 2, 
Allocation time: 0.009
Ego1  : 30, 29, 28, 27, 6, 
Other1: 31, 31, 32, 32, 8, 7, 
Ego2  : 29, 28, 27, 6, 7, 8, 
Other2: 32, 5, 31, 30, 24, 18, 12, 2, 
prev cost: 2.94664, 4.24421, 7.19084
cur cost : 7.46433, 16.2413, 23.7057

Select: 2
Pair Opt id: 7, 8, 31, 32, 6, 27, 28, 29, 30, 
Missed: 24, 12, 18, 5, 2, 
Allocation time: 0.009
Ego1  : 30, 29, 28, 27, 6, 
Other1: 31, 31, 32, 32, 8, 7, 
Ego2  : 29, 28, 27, 6, 7, 8, 
Other2: 32, 5, 31, 30, 24, 18, 12, 2, 
prev cost: 2.91721, 4.24421, 7.16141
cur cost : 7.47493, 16.2413, 23.7163

Select: 2
Pair Opt id: 7, 8, 31, 32, 6, 27, 28, 29, 30, 
Missed: 24, 12, 18, 5, 2, 
Allocation time: 0.009
Ego1  : 30, 29, 28, 27, 6, 
Other1: 31, 31, 32, 32, 8, 7, 
Ego2  : 29, 28, 27, 6, 7, 8, 
Other2: 32, 5, 31, 30, 24, 18, 12, 2, 
prev cost: 2.8872, 4.24421, 7.1314
cur cost : 7.48719, 16.2413, 23.7285

Select: 2
Pair Opt id: 7, 8, 31, 32, 6, 27, 28, 29, 30, 
Missed: 24, 12, 18, 5, 2, 
Allocation time: 0.009
Ego1  : 30, 29, 28, 27, 6, 
Other1: 31, 31, 32, 32, 8, 7, 
Ego2  : 29, 28, 27, 6, 7, 8, 
Other2: 32, 5, 31, 30, 24, 18, 12, 2, 
prev cost: 2.85092, 4.23777, 7.08869
cur cost : 7.40685, 16.2363, 23.6431
Frontier num: 4, 11
Frontier cost mat size: 4
[0m[INFO] [1790607045.326267003, 25.844000000]: Drone 1: frontier t: 0.000000, viewpoint t: 0.000000, mat: 0.000000[0m
[0m[INFO] [1790607045.326293892, 25.844000000]: Total t: 0.000000[0m
[0m[INFO] [1790607045.326345876, 25.844000000]: [FSM]: Drone 1 from EXEC_TRAJ to PLAN_TRAJ[0m
start pos: -0.746137 -0.358147   1.81175, vel:  0.615785  0.633021 0.0319189, acc:  0.416503 -0.247427 0.0493698
[0m[INFO] [1790607045.330248201, 25.853000000]: Find grid tour---------------[0m
Allocated grid: 6, 30, 29, 28, 27, 
Grid tour: 30, 29, 28, 27, 6, 
[0m[INFO] [1790607045.339280590, 25.862000000]: Find frontier tour, 2 involved------------[0m
[0m[INFO] [1790607045.344479897, 25.862000000]: Grid tour t: 0.009000, frontier tour t: 0.000000.[0m
Local refine graph size: 1, 6, 1, 
[0m[INFO] [1790607045.344605918, 25.862000000]: Local refine time: 0.000000[0m
Next view: 0.278316 0.226535  1.77736, 0.808549
Traj opt iter num: 231
[0m[INFO] [1790607045.347638309, 25.871999999]: Traj: 0.010000, yaw: 0.000000[0m
[0m[INFO] [1790607045.347663613, 25.871999999]: Total time: 0.019000[0m
[0m[INFO] [1790607045.347672451, 25.871999999]: [FSM]: Drone 1 from PLAN_TRAJ to PUB_TRAJ[0m

Select: 2
Pair Opt id: 7, 8, 31, 32, 6, 27, 28, 29, 30, 
Missed: 2, 12, 25, 18, 24, 26, 
Allocation time: 0.018
Ego1  : 30, 29, 28, 27, 6, 
Other1: 31, 31, 32, 32, 8, 7, 
Ego2  : 29, 28, 27, 6, 
Other2: 31, 30, 7, 8, 32, 26, 25, 24, 18, 12, 2, 
prev cost: 2.85703, 4.19678, 7.05381
cur cost : -0.661782, 25.5051, 24.8433

Select: 2
Pair Opt id: 7, 8, 31, 32, 6, 27, 28, 29, 30, 
Missed: 2, 12, 25, 18, 24, 26, 
Allocation time: 0.01
Ego1  : 30, 29, 28, 27, 6, 
Other1: 31, 31, 32, 32, 8, 7, 
Ego2  : 29, 28, 27, 6, 
Other2: 31, 30, 7, 8, 32, 26, 25, 24, 18, 12, 2, 
prev cost: 2.67905, 4.34406, 7.02311
cur cost : -0.574235, 25.6524, 25.0782

Select: 2
Pair Opt id: 7, 8, 31, 32, 6, 27, 28, 29, 30, 
Missed: 2, 12, 25, 18, 24, 26, 
Allocation time: 0.019
Ego1  : 30, 29, 28, 27, 6, 
Other1: 31, 31, 32, 32, 8, 7, 
Ego2  : 29, 28, 27, 6, 
Other2: 31, 30, 7, 8, 32, 26, 25, 24, 18, 12, 2, 
prev cost: 2.67905, 4.30823, 6.98728
cur cost : -0.574235, 25.6166, 25.0423

Select: 2
Pair Opt id: 7, 8, 31, 32, 6, 27, 28, 29, 30, 
Missed: 2, 12, 25, 18, 24, 26, 
Allocation time: 0.018
Ego1  : 30, 29, 28, 27, 6, 
Other1: 31, 31, 32, 32, 8, 7, 
Ego2  : 29, 28, 27, 6, 
Other2: 31, 30, 7, 8, 32, 26, 25, 24, 18, 12, 2, 
prev cost: 2.67905, 4.27997, 6.95902
cur cost : -0.398499, 25.5883, 25.1898
[0m[INFO] [1790607045.541801175, 26.064000000]: [FSM]: Drone 1 from PUB_TRAJ to EXEC_TRAJ[0m

Select: 2
Pair Opt id: 7, 8, 31, 32, 6, 27, 28, 29, 30, 
Missed: 2, 12, 25, 18, 24, 26, 
Allocation time: 0.009
Ego1  : 30, 29, 28, 27, 6, 
Other1: 31, 31, 32, 32, 8, 7, 
Ego2  : 29, 28, 27, 6, 
Other2: 31, 30, 7, 8, 32, 26, 25, 24, 18, 12, 2, 
prev cost: 2.67905, 4.29993, 6.97898
cur cost : -0.398499, 25.6083, 25.2098

Select: 2
Pair Opt id: 7, 8, 31, 32, 6, 27, 28, 29, 30, 
Missed: 2, 12, 25, 18, 24, 26, 
Allocation time: 0.009
Ego1  : 30, 29, 28, 27, 6, 
Other1: 31, 31, 32, 32, 8, 7, 
Ego2  : 29, 28, 27, 6, 
Other2: 31, 30, 7, 8, 32, 26, 25, 24, 18, 12, 2, 
prev cost: 2.62673, 4.29993, 6.92666
cur cost : -0.551872, 25.6083, 25.0564

Select: 2
Pair Opt id: 7, 8, 31, 32, 6, 27, 28, 29, 30, 
Missed: 2, 12, 25, 18, 24, 26, 
Allocation time: 0.009
Ego1  : 30, 29, 28, 27, 6, 
Other1: 31, 31, 32, 32, 8, 7, 
Ego2  : 29, 28, 27, 6, 
Other2: 31, 30, 7, 8, 32, 26, 25, 24, 18, 12, 2, 
prev cost: 2.57561, 4.29993, 6.87554
cur cost : -0.533762, 25.6083, 25.0745

Select: 2
Pair Opt id: 7, 8, 31, 32, 6, 27, 28, 29, 30, 
Missed: 2, 12, 25, 18, 24, 26, 
Allocation time: 0.019
Ego1  : 30, 29, 28, 27, 6, 
Other1: 31, 31, 32, 32, 8, 7, 
Ego2  : 29, 28, 27, 6, 
Other2: 31, 30, 7, 8, 32, 26, 25, 24, 18, 12, 2, 
prev cost: 2.54326, 4.29911, 6.84238
cur cost : -0.511994, 25.6075, 25.0955
Frontier num: 3, 12
Frontier cost mat size: 3
[0m[INFO] [1790607045.746086850, 26.256000000]: Drone 1: frontier t: 0.000000, viewpoint t: 0.000000, mat: 0.000000[0m
[0m[INFO] [1790607045.746111988, 26.256000000]: Total t: 0.000000[0m
[0m[INFO] [1790607045.746151091, 26.256000000]: [FSM]: Drone 1 from EXEC_TRAJ to PLAN_TRAJ[0m
start pos:  -0.477761 -0.0992546    1.84201, vel: 0.649197 0.618932 0.099513, acc: -0.132287 -0.122986 -0.100744
[0m[INFO] [1790607045.749945987, 26.265000000]: Find grid tour---------------[0m
Allocated grid: 6, 30, 28, 27, 
Grid tour: 30, 28, 27, 6, 
[0m[INFO] [1790607045.758105482, 26.265000000]: Find frontier tour, 1 involved------------[0m
[0m[INFO] [1790607045.762895792, 26.274000000]: Grid tour t: 0.000000, frontier tour t: 0.009000.[0m
Local refine graph size: 1, 6, 1, 
Next view:  0.670311 0.0338656   1.76173, 1.38156
Traj opt iter num: 164
[0m[INFO] [1790607045.765183811, 26.274000000]: Traj: 0.000000, yaw: 0.000000[0m
[0m[INFO] [1790607045.765214534, 26.274000000]: Total time: 0.009000[0m
[0m[INFO] [1790607045.765224915, 26.274000000]: [FSM]: Drone 1 from PLAN_TRAJ to PUB_TRAJ[0m

Select: 2
Pair Opt id: 7, 8, 31, 32, 6, 27, 28, 30, 
Missed: 12, 25, 18, 2, 24, 26, 
Allocation time: 0.009
Ego1  : 30, 28, 27, 6, 
Other1: 31, 31, 32, 32, 8, 7, 
Ego2  : 30, 31, 8, 7, 6, 28, 27, 
Other2: 32, 26, 25, 24, 18, 12, 2, 
prev cost: 2.56054, 4.2054, 6.76594
cur cost : 11.3555, 13.3646, 24.7201

Select: 2
Pair Opt id: 7, 8, 31, 32, 6, 27, 28, 30, 
Missed: 12, 25, 18, 2, 24, 26, 
Allocation time: 0.009
Ego1  : 30, 28, 27, 6, 
Other1: 31, 31, 32, 32, 8, 7, 
Ego2  : 30, 31, 8, 7, 6, 28, 27, 
Other2: 32, 26, 25, 24, 18, 12, 2, 
prev cost: 2.36102, 4.13739, 6.49842
cur cost : 11.156, 13.3018, 24.4578

Select: 2
Pair Opt id: 7, 8, 31, 32, 6, 27, 28, 30, 
Missed: 12, 25, 18, 2, 24, 26, 
Allocation time: 0.009
Ego1  : 30, 28, 27, 6, 
Other1: 31, 31, 32, 32, 8, 7, 
Ego2  : 30, 31, 8, 7, 6, 28, 27, 
Other2: 32, 26, 25, 24, 18, 12, 2, 
prev cost: 2.36102, 4.10068, 6.4617
cur cost : 11.156, 13.2693, 24.4253

Select: 2
Pair Opt id: 7, 8, 31, 32, 6, 27, 28, 30, 
Missed: 12, 25, 18, 2, 24, 26, 
Allocation time: 0.013
Ego1  : 30, 28, 27, 6, 
Other1: 31, 31, 32, 32, 8, 7, 
Ego2  : 30, 31, 8, 7, 6, 28, 27, 
Other2: 32, 26, 25, 24, 18, 12, 2, 
prev cost: 2.36102, 4.83786, 7.19888
cur cost : 11.156, 13.4197, 24.5757
[0m[INFO] [1790607045.964103554, 26.472999999]: [FSM]: Drone 1 from PUB_TRAJ to EXEC_TRAJ[0m

Select: 2
Pair Opt id: 7, 8, 31, 32, 6, 27, 28, 30, 
Missed: 12, 25, 18, 2, 24, 26, 
Allocation time: 0.009
Ego1  : 30, 28, 27, 6, 
Other1: 31, 31, 32, 32, 8, 7, 
Ego2  : 30, 31, 8, 7, 6, 28, 27, 
Other2: 32, 26, 25, 24, 18, 12, 2, 
prev cost: 2.36102, 4.91635, 7.27738
cur cost : 11.156, 13.4337, 24.5897
[0m[INFO] [1790607045.990682587, 26.500000000]: [FSM]: Drone 1 state: EXEC_TRAJ[0m

Select: 2
Pair Opt id: 7, 8, 31, 32, 6, 27, 28, 30, 
Missed: 12, 25, 18, 2, 24, 26, 
Allocation time: 0.009
Ego1  : 30, 28, 27, 6, 
Other1: 31, 31, 32, 32, 8, 7, 
Ego2  : 30, 31, 8, 7, 6, 28, 27, 
Other2: 32, 26, 25, 24, 18, 12, 2, 
prev cost: 2.31656, 4.91635, 7.23292
cur cost : 11.1115, 13.4337, 24.5453

Select: 2
Pair Opt id: 7, 8, 31, 32, 6, 27, 28, 30, 
Missed: 12, 25, 18, 2, 24, 26, 
Allocation time: 0.018
Ego1  : 30, 28, 27, 6, 
Other1: 31, 31, 32, 32, 8, 7, 
Ego2  : 30, 31, 8, 7, 6, 28, 27, 
Other2: 32, 26, 25, 24, 18, 12, 2, 
prev cost: 2.2863, 4.91635, 7.20266
cur cost : 11.0813, 13.4337, 24.515

Select: 2
Pair Opt id: 7, 8, 31, 32, 6, 27, 28, 30, 
Missed: 12, 25, 18, 2, 24, 26, 
Allocation time: 0.009
Ego1  : 30, 28, 27, 6, 
Other1: 31, 31, 32, 32, 8, 7, 
Ego2  : 30, 31, 8, 7, 6, 28, 27, 
Other2: 32, 26, 25, 24, 18, 12, 2, 
prev cost: 2.24634, 4.91635, 7.16269
cur cost : 11.0413, 13.4337, 24.475
Frontier num: 4, 11
Frontier cost mat size: 4
[0m[INFO] [1790607046.175935543, 26.673000000]: Drone 1: frontier t: 0.000000, viewpoint t: 0.000000, mat: 0.000000[0m
[0m[INFO] [1790607046.175964015, 26.673000000]: Total t: 0.000000[0m
[0m[INFO] [1790607046.176012831, 26.673000000]: [FSM]: Drone 1 from EXEC_TRAJ to PLAN_TRAJ[0m

Select: 2
Pair Opt id: 7, 8, 31, 32, 6, 27, 28, 30, 
Missed: 12, 25, 18, 2, 24, 26, 
Allocation time: 0.009
Ego1  : 30, 28, 27, 6, 
Other1: 31, 31, 32, 32, 8, 7, 
Ego2  : 30, 31, 8, 7, 6, 28, 27, 
Other2: 32, 26, 25, 24, 18, 12, 2, 
prev cost: 2.20793, 5.07973, 7.28766
cur cost : 11.0029, 13.7081, 24.711
start pos: -0.210961  0.131283   1.87077, vel:  0.608477  0.422775 0.0281733, acc: -0.0465867  -0.697811  -0.209911
[0m[INFO] [1790607046.189380053, 26.692000000]: Find grid tour---------------[0m
Allocated grid: 6, 30, 28, 27, 29, 
Grid tour: 29, 30, 28, 27, 6, 
[0m[INFO] [1790607046.197236062, 26.692000000]: Find frontier tour, 2 involved------------[0m
[0m[INFO] [1790607046.204301135, 26.701000000]: Grid tour t: 0.000000, frontier tour t: 0.009000.[0m
Local refine graph size: 1, 11, 1, 
[0m[INFO] [1790607046.204435035, 26.701000000]: Local refine time: 0.000000[0m
Next view: 0.534104 0.519418  1.82411, 1.15967
Traj opt iter num: 253
[0m[INFO] [1790607046.206875005, 26.710000000]: Traj: 0.009000, yaw: 0.000000[0m
[0m[INFO] [1790607046.206896932, 26.710000000]: Total time: 0.018000[0m
[0m[INFO] [1790607046.206905853, 26.710000000]: [FSM]: Drone 1 from PLAN_TRAJ to PUB_TRAJ[0m

Select: 2
Pair Opt id: 7, 8, 31, 32, 6, 27, 28, 30, 29, 
Missed: 42, 36, 35, 41, 12, 25, 18, 2, 24, 26, 
Allocation time: 0.019
Ego1  : 29, 30, 28, 27, 6, 
Other1: 31, 31, 32, 32, 8, 7, 
Ego2  : 29, 28, 27, 6, 35, 41, 7, 42, 36, 30, 31, 8, 
Other2: 32, 26, 25, 24, 18, 12, 2, 
prev cost: 13.9456, 5.00401, 18.9496
cur cost : 19.5108, 13.6295, 33.1403

Select: 2
Pair Opt id: 7, 8, 31, 32, 6, 27, 28, 30, 29, 
Missed: 42, 36, 35, 41, 12, 25, 18, 2, 24, 26, 
Allocation time: 0.01
Ego1  : 29, 30, 28, 27, 6, 
Other1: 31, 31, 32, 32, 8, 7, 
Ego2  : 29, 28, 27, 6, 35, 41, 7, 42, 36, 30, 31, 8, 
Other2: 32, 26, 25, 24, 18, 12, 2, 
prev cost: 13.9456, 4.99684, 18.9424
cur cost : 19.5108, 13.5918, 33.1026

Select: 2
Pair Opt id: 7, 8, 31, 32, 6, 27, 28, 30, 29, 
Missed: 42, 36, 35, 41, 12, 25, 18, 2, 24, 26, 
Allocation time: 0.009
Ego1  : 29, 30, 28, 27, 6, 
Other1: 31, 31, 32, 32, 8, 7, 
Ego2  : 29, 28, 27, 6, 35, 41, 7, 42, 36, 30, 31, 8, 
Other2: 32, 26, 25, 24, 18, 12, 2, 
prev cost: 13.9456, 4.9942, 18.9398
cur cost : 19.5108, 13.5624, 33.0732

Select: 2
Pair Opt id: 7, 8, 31, 32, 6, 27, 28, 30, 29, 
Missed: 42, 36, 35, 41, 12, 25, 18, 2, 24, 26, 
Allocation time: 0.018
Ego1  : 29, 30, 28, 27, 6, 
Other1: 31, 31, 32, 32, 8, 7, 
Ego2  : 29, 28, 27, 6, 35, 41, 7, 42, 36, 30, 31, 8, 
Other2: 32, 26, 25, 24, 18, 12, 2, 
prev cost: 13.9456, 5.20694, 19.1525
cur cost : 19.5108, 13.5451, 33.056
[0m[INFO] [1790607046.415784115, 26.911000000]: [FSM]: Drone 1 from PUB_TRAJ to EXEC_TRAJ[0m

Select: 2
Pair Opt id: 7, 8, 31, 32, 6, 27, 28, 30, 29, 
Missed: 42, 36, 35, 41, 12, 25, 18, 2, 24, 26, 
Allocation time: 0.018
Ego1  : 29, 30, 28, 27, 6, 
Other1: 31, 31, 32, 32, 8, 7, 
Ego2  : 30, 31, 8, 36, 42, 7, 41, 35, 6, 27, 28, 29, 
Other2: 32, 26, 25, 24, 18, 12, 2, 
prev cost: 13.6717, 5.20694, 18.8786
cur cost : 17.5306, 13.5451, 31.0758

Select: 2
Pair Opt id: 7, 8, 31, 32, 6, 27, 28, 30, 29, 
Missed: 42, 36, 35, 41, 12, 25, 18, 2, 24, 26, 
Allocation time: 0.018
Ego1  : 29, 30, 28, 27, 6, 
Other1: 31, 31, 32, 32, 8, 7, 
Ego2  : 29, 28, 27, 6, 35, 41, 7, 42, 36, 30, 31, 8, 
Other2: 32, 26, 25, 24, 18, 12, 2, 
prev cost: 13.6975, 5.20694, 18.9045
cur cost : 19.2628, 13.5451, 32.8079

Select: 2
Pair Opt id: 7, 8, 31, 32, 6, 27, 28, 30, 29, 
Missed: 42, 36, 35, 41, 12, 25, 18, 2, 24, 26, 
Allocation time: 0.019
Ego1  : 29, 30, 28, 27, 6, 
Other1: 31, 31, 32, 32, 8, 7, 
Ego2  : 29, 28, 27, 6, 35, 41, 7, 42, 36, 30, 31, 8, 
Other2: 32, 26, 25, 24, 18, 12, 2, 
prev cost: 13.7278, 5.20694, 18.9348
cur cost : 19.2931, 13.5451, 32.8382

Select: 2
Pair Opt id: 7, 8, 31, 32, 6, 27, 28, 30, 29, 
Missed: 42, 36, 35, 41, 12, 25, 18, 2, 24, 26, 
Allocation time: 0.009
Ego1  : 29, 30, 28, 27, 6, 
Other1: 31, 31, 32, 32, 8, 7, 
Ego2  : 29, 28, 27, 6, 35, 41, 7, 42, 36, 30, 31, 8, 
Other2: 32, 26, 25, 24, 18, 12, 2, 
prev cost: 13.7526, 5.19935, 18.952
cur cost : 19.3178, 13.5314, 32.8492
Frontier num: 4, 11
Frontier cost mat size: 4
[0m[INFO] [1790607046.618253466, 27.112999999]: Drone 1: frontier t: 0.010000, viewpoint t: 0.009000, mat: 0.000000[0m
[0m[INFO] [1790607046.618273309, 27.112999999]: Total t: 0.019000[0m
[0m[INFO] [1790607046.618315080, 27.112999999]: [FSM]: Drone 1 from EXEC_TRAJ to PLAN_TRAJ[0m
start pos: 0.0612438   0.23824   1.86473, vel:  0.673228 0.0905715 -0.043894, acc: 0.0887534  -0.74425 -0.093214
[0m[INFO] [1790607046.618740668, 27.112999999]: Find grid tour---------------[0m
Allocated grid: 6, 30, 28, 27, 
Grid tour: 30, 28, 27, 6, 
[0m[INFO] [1790607046.626743709, 27.112999999]: Find frontier tour, 1 involved------------[0m
[0m[INFO] [1790607046.631557823, 27.121999999]: Grid tour t: 0.000000, frontier tour t: 0.009000.[0m
Local refine graph size: 1, 7, 1, 
Next view:  1.03603 0.345518  1.85851, 1.20234
Traj opt iter num: 321
[0m[INFO] [1790607046.634150536, 27.121999999]: Traj: 0.000000, yaw: 0.000000[0m
[0m[INFO] [1790607046.634177674, 27.121999999]: Total time: 0.009000[0m
[0m[INFO] [1790607046.634187929, 27.121999999]: [FSM]: Drone 1 from PLAN_TRAJ to PUB_TRAJ[0m

Select: 2
Pair Opt id: 7, 8, 31, 32, 6, 27, 28, 30, 
Missed: 42, 36, 35, 41, 12, 25, 18, 2, 24, 26, 
Allocation time: 0.018
Ego1  : 30, 28, 27, 6, 
Other1: 31, 31, 32, 32, 8, 7, 
Ego2  : 30, 31, 8, 36, 42, 7, 41, 35, 6, 27, 28, 
Other2: 32, 26, 25, 24, 18, 12, 2, 
prev cost: 2.11762, 5.29507, 7.4127
cur cost : 16.0966, 13.6482, 29.7447

Select: 2
Pair Opt id: 7, 8, 31, 32, 6, 27, 28, 30, 
Missed: 42, 36, 35, 41, 12, 25, 18, 2, 24, 26, 
Allocation time: 0.018
Ego1  : 30, 28, 27, 6, 
Other1: 31, 31, 32, 32, 8, 7, 
Ego2  : 30, 31, 8, 36, 42, 7, 41, 35, 6, 27, 28, 
Other2: 32, 26, 25, 24, 18, 12, 2, 
prev cost: 2.00721, 5.29971, 7.30692
cur cost : 15.9862, 13.627, 29.6132

Select: 2
Pair Opt id: 7, 8, 31, 32, 6, 27, 28, 30, 
Missed: 42, 36, 35, 41, 12, 25, 18, 2, 24, 26, 
Allocation time: 0.009
Ego1  : 30, 28, 27, 6, 
Other1: 31, 31, 32, 32, 8, 7, 
Ego2  : 30, 31, 8, 36, 42, 7, 41, 35, 6, 27, 28, 
Other2: 32, 26, 25, 24, 18, 12, 2, 
prev cost: 2.00721, 5.50456, 7.51178
cur cost : 15.9862, 13.6047, 29.5908

Select: 2
Pair Opt id: 35, 29, 42, 36, 8, 31, 32, 6, 27, 41, 28, 30, 
Missed: 12, 25, 18, 2, 24, 26, 
Allocation time: 0.009
Ego1  : 30, 28, 27, 6, 
Other1: 31, 31, 32, 32, 8, 36, 42, 41, 35, 29, 
Ego2  : 30, 31, 8, 36, 42, 41, 6, 27, 28, 35, 29, 
Other2: 32, 26, 25, 24, 18, 12, 2, 
prev cost: 2.00721, 14.9172, 16.9244
cur cost : 23.4358, 13.8485, 37.2843
[0m[INFO] [1790607046.829456890, 27.314000000]: [FSM]: Drone 1 from PUB_TRAJ to EXEC_TRAJ[0m

Select: 2
Pair Opt id: 35, 29, 42, 36, 8, 31, 32, 6, 27, 41, 28, 30, 
Missed: 12, 25, 18, 2, 24, 26, 
Allocation time: 0.009
Ego1  : 30, 28, 27, 6, 
Other1: 31, 31, 32, 32, 8, 36, 42, 41, 35, 29, 
Ego2  : 30, 31, 8, 36, 42, 41, 6, 27, 28, 35, 29, 
Other2: 32, 26, 25, 24, 18, 12, 2, 
prev cost: 2.00676, 14.9172, 16.924
cur cost : 23.4353, 13.8485, 37.2838

Select: 2
Pair Opt id: 35, 29, 42, 36, 8, 31, 32, 6, 27, 41, 28, 30, 
Missed: 12, 25, 18, 2, 24, 26, 
Allocation time: 0.009
Ego1  : 30, 28, 27, 6, 
Other1: 31, 31, 32, 32, 8, 36, 42, 41, 35, 29, 
Ego2  : 30, 36, 42, 41, 6, 27, 28, 35, 29, 
Other2: 24, 18, 12, 2, 25, 26, 32, 31, 8, 
prev cost: 1.99113, 14.9172, 16.9083
cur cost : 22.0696, 15.5782, 37.6478

Select: 2
Pair Opt id: 35, 29, 42, 36, 8, 31, 32, 6, 27, 41, 28, 30, 
Missed: 12, 25, 18, 2, 24, 26, 
Allocation time: 0.018
Ego1  : 30, 28, 27, 6, 
Other1: 31, 31, 32, 32, 8, 36, 42, 41, 35, 29, 
Ego2  : 30, 8, 42, 41, 6, 27, 28, 
Other2: 24, 18, 12, 2, 25, 26, 32, 31, 36, 35, 29, 
prev cost: 1.97355, 14.9172, 16.8908
cur cost : 14.8859, 26.4174, 41.3033

Select: 2
Pair Opt id: 35, 29, 42, 36, 8, 31, 32, 6, 27, 41, 28, 30, 
Missed: 12, 25, 18, 2, 24, 26, 
Allocation time: 0.009
Ego1  : 30, 28, 27, 6, 
Other1: 31, 31, 32, 32, 8, 36, 42, 41, 35, 29, 
Ego2  : 30, 31, 8, 36, 42, 41, 6, 27, 28, 35, 29, 
Other2: 32, 26, 25, 24, 18, 12, 2, 
prev cost: 1.95213, 15.2703, 17.2224
cur cost : 23.3807, 13.8209, 37.2017
[0m[INFO] [1790607047.037428157, 27.515000000]: [FSM]: Drone 1 state: EXEC_TRAJ[0m
Frontier num: 3, 13
Frontier cost mat size: 3
[0m[INFO] [1790607047.047063056, 27.524000000]: Drone 1: frontier t: 0.000000, viewpoint t: 0.009000, mat: 0.000000[0m
[0m[INFO] [1790607047.047089527, 27.524000000]: Total t: 0.009000[0m
[0m[INFO] [1790607047.047125587, 27.524000000]: [FSM]: Drone 1 from EXEC_TRAJ to PLAN_TRAJ[0m

Select: 2
Pair Opt id: 35, 29, 42, 36, 8, 31, 32, 6, 27, 41, 28, 30, 
Missed: 12, 25, 18, 2, 24, 26, 
Allocation time: 0.01
Ego1  : 30, 28, 27, 6, 
Other1: 31, 31, 32, 32, 8, 36, 42, 41, 35, 29, 
Ego2  : 30, 31, 8, 36, 42, 41, 6, 27, 28, 35, 29, 
Other2: 32, 26, 25, 24, 18, 12, 2, 
prev cost: 1.94183, 15.3843, 17.3261
cur cost : 23.3704, 13.79, 37.1604
start pos: 0.347484 0.209049  1.81552, vel:  0.627523 -0.212335 -0.198264, acc: -0.0345755  -0.713504  -0.316721
[0m[INFO] [1790607047.081106444, 27.551999999]: Find grid tour---------------[0m
Allocated grid: 6, 30, 28, 27, 
Grid tour: 30, 28, 27, 6, 
[0m[INFO] [1790607047.088621783, 27.561000000]: Find frontier tour, 1 involved------------[0m
[0m[INFO] [1790607047.093897961, 27.570000000]: Grid tour t: 0.009000, frontier tour t: 0.009000.[0m
Local refine graph size: 1, 9, 1, 
Next view:  1.18748 0.440633  1.87383, 1.32133
Traj opt iter num: 227
[0m[INFO] [1790607047.095420973, 27.570000000]: Traj: 0.000000, yaw: 0.000000[0m
[0m[INFO] [1790607047.095443067, 27.570000000]: Total time: 0.018000[0m
[0m[INFO] [1790607047.095452197, 27.570000000]: [FSM]: Drone 1 from PLAN_TRAJ to PUB_TRAJ[0m

Select: 2
Pair Opt id: 35, 29, 42, 36, 8, 31, 32, 6, 27, 41, 28, 30, 
Missed: 12, 25, 18, 2, 24, 26, 
Allocation time: 0.009
Ego1  : 30, 28, 27, 6, 
Other1: 31, 31, 32, 32, 8, 36, 42, 41, 35, 29, 
Ego2  : 30, 31, 32, 26, 25, 24, 18, 12, 2, 
Other2: 29, 35, 36, 8, 42, 41, 6, 27, 28, 
prev cost: 2.00411, 15.4383, 17.4424
cur cost : 13.6479, 34.2667, 47.9146

Select: 2
Pair Opt id: 35, 29, 42, 36, 8, 31, 32, 6, 27, 41, 28, 30, 
Missed: 12, 25, 18, 2, 24, 26, 
Allocation time: 0.009
Ego1  : 30, 28, 27, 6, 
Other1: 31, 31, 32, 32, 8, 36, 42, 41, 35, 29, 
Ego2  : 30, 31, 8, 36, 42, 41, 6, 27, 28, 35, 29, 
Other2: 32, 26, 25, 24, 18, 12, 2, 
prev cost: 2.00411, 15.4218, 17.4259
cur cost : 23.5504, 13.9195, 37.4699

Select: 2
Pair Opt id: 35, 29, 42, 36, 8, 31, 32, 6, 27, 41, 28, 30, 
Missed: 12, 25, 18, 2, 24, 26, 
Allocation time: 0.009
Ego1  : 30, 28, 27, 6, 
Other1: 31, 31, 32, 32, 8, 36, 42, 41, 35, 29, 
Ego2  : 30, 31, 8, 36, 42, 41, 6, 27, 28, 35, 29, 
Other2: 32, 26, 25, 24, 18, 12, 2, 
prev cost: 2.00411, 15.4354, 17.4395
cur cost : 23.5504, 14.0861, 37.6365

Select: 2
Pair Opt id: 35, 42, 36, 8, 31, 32, 6, 27, 41, 28, 30, 
Missed: 12, 25, 18, 2, 24, 26, 
Allocation time: 0.01
Ego1  : 30, 28, 27, 6, 
Other1: 31, 31, 32, 32, 8, 36, 42, 41, 35, 
Ego2  : 30, 31, 8, 36, 42, 41, 35, 6, 27, 28, 
Other2: 32, 26, 25, 24, 18, 12, 2, 
prev cost: 2.00411, 10.853, 12.8571
cur cost : 15.1089, 14.1262, 29.2351
[0m[INFO] [1790607047.294437765, 27.762000000]: [FSM]: Drone 1 from PUB_TRAJ to EXEC_TRAJ[0m

Select: 2
Pair Opt id: 35, 42, 36, 8, 31, 32, 6, 27, 41, 28, 30, 
Missed: 12, 25, 18, 2, 24, 26, 
Allocation time: 0.009
Ego1  : 30, 28, 27, 6, 
Other1: 31, 31, 32, 32, 8, 36, 42, 41, 35, 
Ego2  : 30, 31, 8, 36, 42, 41, 35, 6, 27, 28, 
Other2: 32, 26, 25, 24, 18, 12, 2, 
prev cost: 2.00447, 10.853, 12.8574
cur cost : 15.1093, 14.1262, 29.2355

Select: 2
Pair Opt id: 35, 42, 36, 8, 31, 32, 6, 27, 41, 28, 30, 
Missed: 12, 25, 18, 2, 24, 26, 
Allocation time: 0.018
Ego1  : 30, 28, 27, 6, 
Other1: 31, 31, 32, 32, 8, 36, 42, 41, 35, 
Ego2  : 30, 31, 8, 36, 42, 41, 35, 6, 27, 28, 
Other2: 32, 26, 25, 24, 18, 12, 2, 
prev cost: 1.88842, 11.6865, 13.5749
cur cost : 14.9933, 14.3598, 29.353

Select: 2
Pair Opt id: 35, 42, 36, 8, 31, 32, 6, 27, 41, 28, 30, 
Missed: 12, 25, 18, 2, 24, 26, 
Allocation time: 0.009
Ego1  : 30, 28, 27, 6, 
Other1: 31, 31, 32, 32, 8, 36, 42, 41, 35, 
Ego2  : 30, 31, 8, 36, 42, 41, 35, 6, 27, 28, 
Other2: 32, 26, 25, 24, 18, 12, 2, 
prev cost: 1.9096, 11.6865, 13.5961
cur cost : 15.0144, 14.3598, 29.3742

Select: 2
Pair Opt id: 35, 42, 36, 8, 31, 32, 6, 27, 41, 28, 30, 
Missed: 12, 25, 18, 2, 24, 26, 
Allocation time: 0.009
Ego1  : 30, 28, 27, 6, 
Other1: 31, 31, 32, 32, 8, 36, 42, 41, 35, 
Ego2  : 30, 31, 8, 36, 42, 41, 35, 6, 27, 28, 
Other2: 32, 26, 25, 24, 18, 12, 2, 
prev cost: 1.90805, 11.8496, 13.7577
cur cost : 15.0129, 14.515, 29.5279
Frontier num: 5, 12
Frontier cost mat size: 5
[0m[INFO] [1790607047.504469020, 27.972000000]: Drone 1: frontier t: 0.000000, viewpoint t: 0.009000, mat: 0.000000[0m
[0m[INFO] [1790607047.504490030, 27.972000000]: Total t: 0.009000[0m
[0m[INFO] [1790607047.504534177, 27.972000000]: [FSM]: Drone 1 from EXEC_TRAJ to PLAN_TRAJ[0m
start pos: 0.607015 0.166685  1.74597, vel:   0.612396  0.0642455 -0.0760236, acc: 0.00570566   0.913152   0.595837
[0m[INFO] [1790607047.504727357, 27.972000000]: Find grid tour---------------[0m
Allocated grid: 6, 28, 27, 
Grid tour: 28, 27, 6, 
[0m[INFO] [1790607047.510730440, 27.972000000]: Find frontier tour, 0 involved------------[0m
Next view:  1.64628 0.238364  1.89659, 1.12159
Traj opt iter num: 290
[0m[INFO] [1790607047.512904110, 27.981000000]: Traj: 0.009000, yaw: 0.000000[0m
[0m[INFO] [1790607047.512921494, 27.981000000]: Total time: 0.009000[0m
[0m[INFO] [1790607047.512930498, 27.981000000]: [FSM]: Drone 1 from PLAN_TRAJ to PUB_TRAJ[0m

Select: 2
Pair Opt id: 35, 42, 36, 8, 31, 32, 6, 27, 41, 28, 
Missed: 12, 25, 18, 2, 24, 26, 
Allocation time: 0.009
Ego1  : 28, 27, 6, 
Other1: 31, 31, 32, 32, 8, 36, 42, 41, 35, 
Ego2  : 28, 27, 6, 35, 41, 42, 36, 8, 
Other2: 31, 32, 26, 25, 24, 18, 12, 2, 
prev cost: -1.03808, 11.4799, 10.4418
cur cost : 11.5495, 16.9491, 28.4986

Select: 2
Pair Opt id: 35, 42, 36, 8, 31, 32, 6, 27, 41, 28, 
Missed: 12, 25, 18, 2, 24, 26, 
Allocation time: 0.018
Ego1  : 28, 27, 6, 
Other1: 31, 31, 32, 32, 8, 36, 42, 41, 35, 
Ego2  : 28, 27, 6, 35, 41, 42, 36, 8, 
Other2: 31, 32, 26, 25, 24, 18, 12, 2, 
prev cost: -1.18466, 8.85692, 7.67225
cur cost : 11.4029, 14.3262, 25.7291

Select: 2
Pair Opt id: 35, 42, 36, 8, 31, 32, 6, 27, 41, 28, 
Missed: 12, 25, 18, 2, 24, 26, 
Allocation time: 0.009
Ego1  : 28, 27, 6, 
Other1: 31, 31, 32, 32, 8, 36, 42, 41, 35, 
Ego2  : 28, 27, 6, 35, 41, 42, 36, 8, 
Other2: 31, 32, 26, 25, 24, 18, 12, 2, 
prev cost: -1.18466, 8.84908, 7.66442
cur cost : 11.4029, 14.3184, 25.7212

Select: 2
Pair Opt id: 35, 42, 36, 8, 31, 32, 6, 27, 41, 28, 
Missed: 12, 25, 18, 2, 24, 26, 
Allocation time: 0.009
Ego1  : 28, 27, 6, 
Other1: 31, 31, 32, 32, 8, 36, 42, 41, 35, 
Ego2  : 28, 27, 6, 35, 41, 42, 36, 8, 
Other2: 31, 32, 26, 25, 24, 18, 12, 2, 
prev cost: -1.18466, 8.84908, 7.66442
cur cost : 11.4029, 14.3184, 25.7212
[0m[INFO] [1790607047.708085777, 28.173999999]: [FSM]: Drone 1 from PUB_TRAJ to EXEC_TRAJ[0m

Select: 2
Pair Opt id: 35, 42, 36, 8, 31, 32, 6, 27, 41, 28, 
Missed: 12, 25, 18, 2, 24, 26, 
Allocation time: 0.009
Ego1  : 28, 27, 6, 
Other1: 31, 31, 32, 32, 8, 36, 42, 41, 35, 
Ego2  : 28, 27, 6, 35, 41, 42, 36, 8, 
Other2: 31, 32, 26, 25, 24, 18, 12, 2, 
prev cost: -1.18466, 16.6207, 15.4361
cur cost : 11.4029, 14.3184, 25.7212

Select: 2
Pair Opt id: 35, 42, 36, 8, 31, 32, 6, 27, 41, 28, 
Missed: 12, 25, 18, 2, 24, 26, 
Allocation time: 0.019
Ego1  : 28, 27, 6, 
Other1: 31, 31, 32, 32, 8, 36, 42, 41, 35, 
Ego2  : 28, 27, 6, 35, 41, 42, 36, 8, 
Other2: 31, 32, 26, 25, 24, 18, 12, 2, 
prev cost: -1.18365, 11.9538, 10.7702
cur cost : 11.4039, 17.4231, 28.827

Select: 2
Pair Opt id: 35, 42, 36, 8, 31, 32, 6, 27, 41, 28, 
Missed: 12, 25, 18, 2, 24, 26, 
Allocation time: 0.009
Ego1  : 28, 27, 6, 
Other1: 31, 31, 32, 32, 8, 36, 42, 41, 35, 
Ego2  : 28, 27, 6, 35, 41, 42, 36, 8, 
Other2: 31, 32, 26, 25, 24, 18, 12, 2, 
prev cost: -1.17757, 11.9538, 10.7763
cur cost : 19.0913, 17.4231, 36.5144

Select: 2
Pair Opt id: 35, 42, 36, 8, 31, 32, 6, 27, 41, 28, 
Missed: 12, 25, 18, 2, 24, 26, 
Allocation time: 0.018
Ego1  : 28, 27, 6, 
Other1: 31, 31, 32, 32, 8, 36, 42, 41, 35, 
Ego2  : 28, 27, 6, 35, 41, 42, 36, 8, 
Other2: 31, 32, 26, 25, 24, 18, 12, 2, 
prev cost: -1.16458, 11.795, 10.6304
cur cost : 11.423, 17.2643, 28.6872
Frontier num: 4, 13
Frontier cost mat size: 4
[0m[INFO] [1790607047.928149337, 28.384000000]: Drone 1: frontier t: 0.000000, viewpoint t: 0.009000, mat: 0.000000[0m
[0m[INFO] [1790607047.928175559, 28.384000000]: Total t: 0.009000[0m
[0m[INFO] [1790607047.928296453, 28.384000000]: [FSM]: Drone 1 from EXEC_TRAJ to PLAN_TRAJ[0m

Select: 2
Pair Opt id: 35, 42, 36, 8, 31, 32, 6, 27, 41, 28, 
Missed: 12, 25, 18, 2, 24, 26, 
Allocation time: 0.009
Ego1  : 28, 27, 6, 
Other1: 31, 31, 32, 32, 8, 36, 42, 41, 35, 
Ego2  : 28, 27, 6, 35, 41, 42, 36, 8, 
Other2: 31, 32, 26, 25, 24, 18, 12, 2, 
prev cost: -1.1518, 11.7485, 10.5967
cur cost : 11.4358, 17.2178, 28.6536
start pos: 0.874328 0.278293  1.75665, vel:  0.630025  0.430931 0.0988921, acc: 0.0458813  0.699202  0.259525
[0m[INFO] [1790607047.948773269, 28.402000000]: Find grid tour---------------[0m
Allocated grid: 6, 28, 27, 
Grid tour: 28, 27, 6, 
[0m[INFO] [1790607047.958707734, 28.411000000]: Find frontier tour, 0 involved------------[0m
Next view:  1.65054 0.897762  1.75339, 0.395789
Traj opt iter num: 218
[0m[INFO] [1790607047.961904540, 28.411000000]: Traj: 0.000000, yaw: 0.000000[0m
[0m[INFO] [1790607047.961946311, 28.411000000]: Total time: 0.009000[0m
[0m[INFO] [1790607047.962008133, 28.411000000]: [FSM]: Drone 1 from PLAN_TRAJ to PUB_TRAJ[0m

Select: 2
Pair Opt id: 35, 42, 36, 8, 31, 32, 6, 27, 41, 28, 
Missed: 12, 25, 18, 2, 24, 26, 
Allocation time: 0.009
Ego1  : 28, 27, 6, 
Other1: 31, 31, 32, 32, 8, 36, 42, 41, 35, 
Ego2  : 28, 27, 6, 35, 41, 42, 36, 8, 
Other2: 31, 32, 26, 25, 24, 18, 12, 2, 
prev cost: -1.16306, 11.9702, 10.8072
cur cost : 11.3839, 18.2312, 29.6151

Select: 2
Pair Opt id: 35, 42, 36, 8, 31, 32, 6, 27, 41, 28, 
Missed: 12, 25, 18, 2, 24, 26, 
Allocation time: 0.009
Ego1  : 28, 27, 6, 
Other1: 31, 31, 32, 32, 8, 36, 42, 41, 35, 
Ego2  : 28, 27, 6, 35, 41, 42, 36, 8, 
Other2: 31, 32, 26, 25, 24, 18, 12, 2, 
prev cost: -1.16306, 11.9749, 10.8118
cur cost : 11.3839, 18.2358, 29.6198
[0m[INFO] [1790607048.067404097, 28.521000000]: [FSM]: Drone 1 state: PUB_TRAJ[0m

Select: 2
Pair Opt id: 35, 42, 36, 8, 31, 32, 6, 27, 41, 28, 
Missed: 12, 25, 18, 2, 24, 26, 
Allocation time: 0.009
Ego1  : 28, 27, 6, 
Other1: 31, 31, 32, 32, 8, 36, 42, 41, 35, 
Ego2  : 28, 27, 6, 35, 41, 42, 36, 8, 
Other2: 31, 32, 26, 25, 24, 18, 12, 2, 
prev cost: -1.16306, 8.63803, 7.47498
cur cost : 11.3839, 14.899, 26.2829

Select: 2
Pair Opt id: 35, 42, 36, 8, 31, 32, 6, 27, 41, 28, 
Missed: 12, 25, 18, 2, 24, 26, 
Allocation time: 0.009
Ego1  : 28, 27, 6, 
Other1: 31, 31, 32, 32, 8, 36, 42, 41, 35, 
Ego2  : 28, 27, 6, 35, 41, 42, 36, 8, 
Other2: 31, 32, 26, 25, 24, 18, 12, 2, 
prev cost: -1.16306, 8.63803, 7.47498
cur cost : 11.3839, 14.899, 26.2829
[0m[INFO] [1790607048.167404906, 28.612999999]: [FSM]: Drone 1 from PUB_TRAJ to EXEC_TRAJ[0m

Select: 2
Pair Opt id: 35, 42, 36, 8, 31, 32, 6, 27, 41, 28, 
Missed: 12, 25, 18, 2, 24, 26, 
Allocation time: 0.009
Ego1  : 28, 27, 6, 
Other1: 31, 31, 32, 32, 8, 36, 42, 41, 35, 
Ego2  : 28, 27, 6, 35, 41, 42, 36, 8, 
Other2: 31, 32, 26, 25, 24, 18, 12, 2, 
prev cost: -1.16306, 8.63803, 7.47498
cur cost : 11.3839, 14.899, 26.2829

Select: 2
Pair Opt id: 35, 42, 36, 8, 31, 32, 6, 27, 41, 28, 
Missed: 12, 25, 18, 2, 24, 26, 
Allocation time: 0.009
Ego1  : 28, 27, 6, 
Other1: 31, 31, 32, 32, 8, 36, 42, 41, 35, 
Ego2  : 28, 27, 6, 35, 41, 42, 36, 8, 
Other2: 31, 32, 26, 25, 24, 18, 12, 2, 
prev cost: -1.14176, 8.63803, 7.49627
cur cost : 11.4052, 14.899, 26.3042

Select: 2
Pair Opt id: 35, 42, 36, 8, 31, 32, 6, 27, 41, 28, 
Missed: 12, 25, 18, 2, 24, 26, 
Allocation time: 0.009
Ego1  : 28, 27, 6, 
Other1: 31, 31, 32, 32, 8, 36, 42, 41, 35, 
Ego2  : 28, 27, 6, 35, 41, 42, 36, 8, 
Other2: 31, 32, 26, 25, 24, 18, 12, 2, 
prev cost: -1.11595, 8.6247, 7.50874
cur cost : 11.431, 14.8856, 26.3166

Select: 2
Pair Opt id: 35, 42, 36, 8, 31, 32, 6, 27, 41, 28, 
Missed: 12, 25, 18, 2, 24, 26, 
Allocation time: 0.009
Ego1  : 28, 27, 6, 
Other1: 31, 31, 32, 32, 8, 36, 42, 41, 35, 
Ego2  : 28, 27, 6, 35, 41, 42, 36, 8, 
Other2: 31, 32, 26, 25, 24, 18, 12, 2, 
prev cost: -1.09649, 8.61629, 7.5198
cur cost : 11.4505, 14.8772, 26.3277
Frontier num: 5, 13
Frontier cost mat size: 5
[0m[INFO] [1790607048.384544004, 28.815000000]: Drone 1: frontier t: 0.000000, viewpoint t: 0.000000, mat: 0.000000[0m
[0m[INFO] [1790607048.384576354, 28.815000000]: Total t: 0.000000[0m
[0m[INFO] [1790607048.384629297, 28.815000000]: [FSM]: Drone 1 from EXEC_TRAJ to PLAN_TRAJ[0m

Select: 2
Pair Opt id: 35, 42, 36, 8, 31, 32, 6, 27, 41, 28, 
Missed: 12, 25, 18, 2, 24, 26, 
Allocation time: 0.019
Ego1  : 28, 27, 6, 
Other1: 31, 31, 32, 32, 8, 36, 42, 41, 35, 
Ego2  : 28, 27, 6, 35, 41, 42, 36, 8, 
Other2: 31, 32, 26, 25, 24, 18, 12, 2, 
prev cost: -1.06908, 8.60926, 7.54018
cur cost : 11.4779, 14.8702, 26.3481
start pos:  1.16874 0.542919  1.81343, vel: 0.602723  0.61723   0.1011, acc: -0.0687816  0.0610274  -0.209045
[0m[INFO] [1790607048.437554913, 28.881000000]: Find grid tour---------------[0m
Allocated grid: 6, 28, 27, 
Grid tour: 28, 27, 6, 
[0m[INFO] [1790607048.445930140, 28.890000000]: Find frontier tour, 0 involved------------[0m
Next view: 1.87029 0.62632  1.6628, 0.766059
Traj opt iter num: 144
[0m[INFO] [1790607048.447847640, 28.890000000]: Traj: 0.000000, yaw: 0.000000[0m
[0m[INFO] [1790607048.447868567, 28.890000000]: Total time: 0.009000[0m
[0m[INFO] [1790607048.447877822, 28.890000000]: [FSM]: Drone 1 from PLAN_TRAJ to PUB_TRAJ[0m

Select: 2
Pair Opt id: 35, 42, 36, 8, 31, 32, 6, 27, 41, 28, 
Missed: 12, 25, 18, 2, 24, 26, 
Allocation time: 0.009
Ego1  : 28, 27, 6, 
Other1: 31, 31, 32, 32, 8, 36, 42, 41, 35, 
Ego2  : 28, 27, 6, 35, 41, 42, 36, 8, 
Other2: 31, 32, 26, 25, 24, 18, 12, 2, 
prev cost: -0.795193, 8.5633, 7.76811
cur cost : 11.6375, 14.9834, 26.621

Select: 2
Pair Opt id: 35, 42, 36, 8, 31, 32, 6, 27, 41, 28, 
Missed: 12, 25, 18, 2, 24, 26, 
Allocation time: 0.009
Ego1  : 28, 27, 6, 
Other1: 31, 31, 32, 32, 8, 36, 42, 41, 35, 
Ego2  : 28, 27, 6, 35, 41, 42, 36, 8, 
Other2: 31, 32, 26, 25, 24, 18, 12, 2, 
prev cost: -0.795193, 8.17578, 7.38059
cur cost : 11.6375, 14.5959, 26.2334

Select: 2
Pair Opt id: 35, 42, 36, 8, 31, 32, 6, 27, 41, 28, 
Missed: 12, 25, 18, 2, 24, 26, 
Allocation time: 0.009
Ego1  : 28, 27, 6, 
Other1: 31, 31, 32, 32, 8, 36, 42, 41, 35, 
Ego2  : 28, 27, 6, 35, 41, 42, 36, 8, 
Other2: 31, 32, 26, 25, 24, 18, 12, 2, 
prev cost: -0.795193, 8.17578, 7.38059
cur cost : 11.6375, 14.5959, 26.2334

Select: 2
Pair Opt id: 35, 42, 36, 8, 31, 32, 6, 27, 41, 28, 
Missed: 12, 25, 18, 2, 24, 26, 
Allocation time: 0.009
Ego1  : 28, 27, 6, 
Other1: 31, 31, 32, 32, 8, 36, 42, 41, 35, 
Ego2  : 28, 27, 6, 35, 41, 42, 36, 8, 
Other2: 31, 32, 26, 25, 24, 18, 12, 2, 
prev cost: -0.795193, 8.17578, 7.38059
cur cost : 11.6375, 14.5959, 26.2334

Select: 2
Pair Opt id: 35, 42, 36, 8, 31, 32, 6, 27, 41, 28, 
Missed: 12, 25, 18, 2, 24, 26, 
Allocation time: 0.009
Ego1  : 28, 27, 6, 
Other1: 31, 31, 32, 32, 8, 36, 42, 41, 35, 
Ego2  : 28, 27, 6, 35, 41, 42, 36, 8, 
Other2: 31, 32, 26, 25, 24, 18, 12, 2, 
prev cost: -0.795193, 8.17578, 7.38059
cur cost : 11.6375, 14.5959, 26.2334
[0m[INFO] [1790607048.656349881, 29.092999999]: [FSM]: Drone 1 from PUB_TRAJ to EXEC_TRAJ[0m

Select: 2
Pair Opt id: 35, 42, 36, 8, 31, 32, 6, 27, 41, 28, 
Missed: 12, 25, 18, 2, 24, 26, 
Allocation time: 0.009
Ego1  : 28, 27, 6, 
Other1: 31, 31, 32, 32, 8, 36, 42, 41, 35, 
Ego2  : 28, 27, 6, 35, 41, 42, 36, 8, 
Other2: 31, 32, 26, 25, 24, 18, 12, 2, 
prev cost: -0.780244, 8.17433, 7.39408
cur cost : 11.6525, 14.5945, 26.2469

Select: 2
Pair Opt id: 35, 42, 36, 8, 31, 32, 6, 27, 41, 28, 
Missed: 12, 25, 18, 2, 24, 26, 
Allocation time: 0.009
Ego1  : 28, 27, 6, 
Other1: 31, 31, 32, 32, 8, 36, 42, 41, 35, 
Ego2  : 28, 27, 6, 35, 41, 42, 36, 8, 
Other2: 31, 32, 26, 25, 24, 18, 12, 2, 
prev cost: -0.755232, 8.17582, 7.42058
cur cost : 11.6775, 14.596, 26.2734

Select: 2
Pair Opt id: 35, 42, 36, 8, 31, 32, 6, 27, 41, 28, 
Missed: 12, 25, 18, 2, 24, 26, 
Allocation time: 0.009
Ego1  : 28, 27, 6, 
Other1: 31, 31, 32, 32, 8, 36, 42, 41, 35, 
Ego2  : 28, 27, 6, 35, 41, 42, 36, 8, 
Other2: 31, 32, 26, 25, 24, 18, 12, 2, 
prev cost: -0.734466, 8.18019, 7.44572
cur cost : 11.6983, 14.6003, 26.2986

Select: 2
Pair Opt id: 35, 42, 36, 8, 31, 32, 6, 27, 41, 28, 
Missed: 12, 25, 18, 2, 24, 26, 
Allocation time: 0.009
Ego1  : 28, 27, 6, 
Other1: 31, 31, 32, 32, 8, 36, 42, 41, 35, 
Ego2  : 28, 27, 6, 35, 41, 42, 36, 8, 
Other2: 31, 32, 26, 25, 24, 18, 12, 2, 
prev cost: -0.696329, 8.18756, 7.49123
cur cost : 11.7364, 14.6077, 26.3441
Frontier num: 7, 12
Frontier cost mat size: 7
[0m[INFO] [1790607048.903004730, 29.330999999]: Drone 1: frontier t: 0.009000, viewpoint t: 0.010000, mat: 0.000000[0m
[0m[INFO] [1790607048.903025491, 29.330999999]: Total t: 0.019000[0m
[0m[INFO] [1790607048.903084145, 29.330999999]: [FSM]: Drone 1 from EXEC_TRAJ to PLAN_TRAJ[0m

Select: 2
Pair Opt id: 35, 42, 36, 8, 31, 32, 6, 27, 41, 28, 
Missed: 12, 25, 18, 2, 24, 26, 
Allocation time: 0.009
Ego1  : 28, 27, 6, 
Other1: 31, 31, 32, 32, 8, 36, 42, 41, 35, 
Ego2  : 28, 27, 6, 35, 41, 42, 36, 8, 
Other2: 31, 32, 26, 25, 24, 18, 12, 2, 
prev cost: -0.651884, 8.14383, 7.49195
cur cost : 11.7808, 14.564, 26.3448
start pos:  1.46961 0.778042  1.83185, vel:   0.659091   0.312407 -0.0636878, acc:  0.067883 -0.817673  -0.62439
[0m[INFO] [1790607048.938331051, 29.358000000]: Find grid tour---------------[0m
Allocated grid: 6, 28, 27, 
Grid tour: 28, 27, 6, 
[0m[INFO] [1790607048.948446356, 29.376000000]: Find frontier tour, 0 involved------------[0m
Next view:  2.41252 0.803188  1.90603, -0.619552
Traj opt iter num: 105
[0m[INFO] [1790607048.950104518, 29.376000000]: Traj: 0.000000, yaw: 0.000000[0m
[0m[INFO] [1790607048.950151459, 29.376000000]: Total time: 0.018000[0m
[0m[INFO] [1790607048.950167550, 29.376000000]: [FSM]: Drone 1 from PLAN_TRAJ to PUB_TRAJ[0m

Select: 2
Pair Opt id: 35, 42, 36, 8, 31, 32, 6, 27, 41, 28, 
Missed: 44, 43, 38, 37, 12, 25, 18, 2, 24, 26, 
Allocation time: 0.019
Ego1  : 28, 27, 6, 
Other1: 31, 31, 32, 32, 8, 36, 42, 41, 35, 
Ego2  : 28, 27, 6, 41, 35, 36, 42, 43, 37, 8, 44, 38, 
Other2: 31, 32, 26, 25, 24, 18, 12, 2, 
prev cost: -0.439695, 7.90457, 7.46487
cur cost : 17.637, 14.8794, 32.5164

Select: 2
Pair Opt id: 35, 42, 36, 8, 31, 32, 6, 27, 41, 28, 
Missed: 44, 43, 38, 37, 12, 25, 18, 2, 24, 26, 
Allocation time: 0.018
Ego1  : 28, 27, 6, 
Other1: 31, 31, 32, 32, 8, 36, 42, 41, 35, 
Ego2  : 28, 27, 6, 41, 35, 36, 42, 43, 37, 8, 44, 38, 
Other2: 31, 32, 26, 25, 24, 18, 12, 2, 
prev cost: -0.439695, 7.90457, 7.46487
cur cost : 17.637, 14.8794, 32.5164
[0m[INFO] [1790607049.118647623, 29.533000000]: [FSM]: Drone 1 state: PUB_TRAJ[0m

Select: 2
Pair Opt id: 35, 42, 36, 8, 31, 32, 6, 27, 41, 28, 
Missed: 44, 43, 38, 37, 12, 25, 18, 2, 24, 26, 
Allocation time: 0.009
Ego1  : 28, 27, 6, 
Other1: 31, 31, 32, 32, 8, 36, 42, 41, 35, 
Ego2  : 28, 27, 6, 41, 35, 36, 42, 43, 37, 8, 44, 38, 
Other2: 31, 32, 26, 25, 24, 18, 12, 2, 
prev cost: -0.439695, 7.9101, 7.4704
cur cost : 17.637, 14.8849, 32.5219
[0m[INFO] [1790607049.196388974, 29.606000000]: [FSM]: Drone 1 from PUB_TRAJ to EXEC_TRAJ[0m

Select: 2
Pair Opt id: 35, 42, 36, 8, 31, 32, 6, 27, 41, 28, 
Missed: 44, 43, 38, 37, 12, 25, 18, 2, 24, 26, 
Allocation time: 0.018
Ego1  : 28, 27, 6, 
Other1: 31, 31, 32, 32, 8, 36, 42, 41, 35, 
Ego2  : 28, 27, 6, 41, 35, 36, 42, 43, 37, 8, 44, 38, 
Other2: 31, 32, 26, 25, 24, 18, 12, 2, 
prev cost: -0.429226, 7.93352, 7.50429
cur cost : 17.6474, 14.9083, 32.5558

Select: 2
Pair Opt id: 35, 42, 36, 8, 31, 32, 6, 27, 41, 28, 
Missed: 44, 43, 38, 37, 12, 25, 18, 2, 24, 26, 
Allocation time: 0.01
Ego1  : 28, 27, 6, 
Other1: 31, 31, 32, 32, 8, 36, 42, 41, 35, 
Ego2  : 28, 27, 6, 41, 35, 36, 42, 43, 37, 8, 44, 38, 
Other2: 31, 32, 26, 25, 24, 18, 12, 2, 
prev cost: -0.408119, 8.05883, 7.65071
cur cost : 17.6685, 15.0336, 32.7022

Select: 2
Pair Opt id: 35, 42, 36, 8, 31, 32, 6, 27, 41, 28, 
Missed: 44, 43, 38, 37, 12, 25, 18, 2, 24, 26, 
Allocation time: 0.027
Ego1  : 28, 27, 6, 
Other1: 31, 31, 32, 32, 8, 36, 42, 41, 35, 
Ego2  : 28, 27, 6, 41, 35, 36, 42, 43, 37, 8, 44, 38, 
Other2: 31, 32, 26, 25, 24, 18, 12, 2, 
prev cost: -0.391184, 8.05883, 7.66764
cur cost : 17.6855, 15.0336, 32.7191
Frontier num: 6, 12
Frontier cost mat size: 6
[0m[INFO] [1790607049.465940183, 29.853000000]: Drone 1: frontier t: 0.009000, viewpoint t: 0.009000, mat: 0.000000[0m
[0m[INFO] [1790607049.465971615, 29.853000000]: Total t: 0.018000[0m
[0m[INFO] [1790607049.466094843, 29.853000000]: [FSM]: Drone 1 from EXEC_TRAJ to PLAN_TRAJ[0m

Select: 2
Pair Opt id: 35, 42, 36, 37, 43, 38, 44, 31, 32, 6, 27, 41, 28, 
Missed: 12, 25, 18, 2, 24, 26, 
Allocation time: 0.018
Ego1  : 28, 27, 6, 
Other1: 31, 31, 32, 32, 38, 44, 43, 37, 36, 42, 41, 35, 
Ego2  : 28, 27, 6, 35, 41, 42, 36, 37, 38, 44, 43, 
Other2: 31, 32, 26, 25, 24, 18, 12, 2, 
prev cost: -0.368028, 11.4328, 11.0648
cur cost : 17.0973, 15.1362, 32.2335
start pos:  1.81806 0.857001  1.74648, vel:  0.608511 0.0217938 -0.201414, acc: -0.208819 -0.305371 0.0357674
[0m[INFO] [1790607049.515536719, 29.899000000]: Find grid tour---------------[0m
Allocated grid: 6, 28, 27, 
Grid tour: 28, 27, 6, 
[0m[INFO] [1790607049.523912779, 29.908000000]: Find frontier tour, 0 involved------------[0m
Next view:  2.21334 0.659876  1.86725, -0.373433
Traj opt iter num: 160
[0m[INFO] [1790607049.526278920, 29.908000000]: Traj: 0.000000, yaw: 0.000000[0m
[0m[INFO] [1790607049.526303891, 29.908000000]: Total time: 0.009000[0m
[0m[INFO] [1790607049.526314813, 29.908000000]: [FSM]: Drone 1 from PLAN_TRAJ to PUB_TRAJ[0m

Select: 2
Pair Opt id: 35, 42, 36, 37, 43, 38, 44, 31, 32, 6, 27, 41, 28, 
Missed: 12, 25, 18, 2, 24, 26, 
Allocation time: 0.01
Ego1  : 28, 27, 6, 
Other1: 31, 31, 32, 32, 38, 44, 43, 37, 36, 42, 41, 35, 
Ego2  : 28, 27, 6, 35, 41, 42, 36, 37, 43, 44, 38, 32, 25, 
Other2: 31, 26, 2, 12, 18, 24, 
prev cost: -0.224415, 11.6387, 11.4143
cur cost : 24.0844, 13.9185, 38.0029

Select: 2
Pair Opt id: 35, 42, 36, 37, 43, 38, 44, 31, 32, 6, 27, 41, 28, 
Missed: 12, 25, 18, 2, 24, 26, 
Allocation time: 0.027
Ego1  : 28, 27, 6, 
Other1: 31, 31, 32, 32, 38, 44, 43, 37, 36, 42, 41, 35, 
Ego2  : 28, 27, 6, 35, 41, 42, 36, 37, 43, 44, 38, 32, 25, 
Other2: 31, 26, 2, 12, 18, 24, 
prev cost: -0.246798, 11.6387, 11.3919
cur cost : 24.062, 13.9185, 37.9805

Select: 2
Pair Opt id: 35, 42, 36, 37, 43, 38, 44, 31, 32, 6, 27, 41, 28, 
Missed: 12, 25, 18, 2, 24, 26, 
Allocation time: 0.018
Ego1  : 28, 27, 6, 
Other1: 31, 31, 32, 32, 38, 44, 43, 37, 36, 42, 41, 35, 
Ego2  : 28, 27, 6, 35, 41, 42, 36, 37, 43, 44, 38, 32, 25, 
Other2: 31, 26, 2, 12, 18, 24, 
prev cost: -0.246798, 11.6397, 11.3929
cur cost : 24.062, 13.9195, 37.9815

Select: 2
Pair Opt id: 35, 42, 36, 37, 43, 38, 44, 31, 32, 6, 27, 41, 28, 
Missed: 12, 25, 18, 2, 24, 26, 
Allocation time: 0.009
Ego1  : 28, 27, 6, 
Other1: 31, 31, 32, 32, 38, 44, 43, 37, 36, 42, 41, 35, 
Ego2  : 28, 27, 6, 35, 41, 42, 36, 37, 43, 44, 38, 32, 25, 
Other2: 31, 26, 2, 12, 18, 24, 
prev cost: -0.246798, 11.6423, 11.3955
cur cost : 24.062, 13.9221, 37.9842
[0m[INFO] [1790607049.735836063, 30.103000000]: [FSM]: Drone 1 from PUB_TRAJ to EXEC_TRAJ[0m

Select: 2
Pair Opt id: 35, 42, 36, 37, 43, 38, 44, 31, 32, 6, 27, 41, 28, 
Missed: 12, 25, 18, 2, 24, 26, 
Allocation time: 0.019
Ego1  : 28, 27, 6, 
Other1: 31, 31, 32, 32, 38, 44, 43, 37, 36, 42, 41, 35, 
Ego2  : 28, 27, 6, 35, 41, 42, 36, 37, 43, 44, 38, 32, 25, 
Other2: 31, 26, 2, 12, 18, 24, 
prev cost: -0.246798, 11.6452, 11.3984
cur cost : 24.062, 13.9251, 37.9871

Select: 2
Pair Opt id: 35, 42, 36, 37, 43, 38, 44, 31, 32, 6, 27, 41, 28, 
Missed: 12, 25, 18, 2, 24, 26, 
Allocation time: 0.028
Ego1  : 28, 27, 6, 
Other1: 31, 31, 32, 32, 38, 44, 43, 37, 36, 42, 41, 35, 
Ego2  : 28, 27, 6, 35, 41, 42, 36, 37, 43, 44, 38, 32, 25, 
Other2: 31, 26, 2, 12, 18, 24, 
prev cost: -0.247006, 11.6489, 11.4019
cur cost : 24.0618, 13.9287, 37.9905

Select: 2
Pair Opt id: 35, 42, 43, 37, 44, 38, 32, 6, 27, 41, 28, 
Missed: 12, 25, 18, 2, 31, 24, 26, 36, 
Allocation time: 0.029
Ego1  : 28, 27, 6, 
Other1: 32, 32, 38, 44, 37, 43, 42, 41, 35, 
Ego2  : 28, 27, 6, 41, 35, 36, 42, 43, 44, 38, 37, 31, 
Other2: 32, 26, 2, 24, 18, 12, 25, 
prev cost: -0.244551, 9.84242, 9.59787
cur cost : 20.0982, 20.4375, 40.5358

Select: 2
Pair Opt id: 35, 42, 43, 37, 44, 38, 32, 6, 27, 41, 28, 
Missed: 12, 25, 18, 2, 31, 24, 26, 36, 
Allocation time: 0.019
Ego1  : 28, 27, 6, 
Other1: 32, 32, 38, 44, 37, 43, 42, 41, 35, 
Ego2  : 28, 27, 6, 41, 35, 36, 42, 43, 44, 38, 37, 31, 
Other2: 32, 26, 2, 24, 18, 12, 25, 
prev cost: -0.240637, 9.84242, 9.60178
cur cost : 20.1022, 20.4375, 40.5397
Frontier num: 6, 13
Frontier cost mat size: 6
[0m[INFO] [1790607049.973946059, 30.315000000]: Drone 1: frontier t: 0.009000, viewpoint t: 0.000000, mat: 0.000000[0m
[0m[INFO] [1790607049.973973239, 30.315000000]: Total t: 0.009000[0m
[0m[INFO] [1790607049.974016803, 30.315000000]: [FSM]: Drone 1 from EXEC_TRAJ to PLAN_TRAJ[0m

Select: 2
Pair Opt id: 35, 42, 43, 37, 44, 38, 32, 6, 27, 41, 28, 
Missed: 12, 25, 18, 2, 31, 24, 26, 36, 
Allocation time: 0.019
Ego1  : 28, 27, 6, 
Other1: 32, 32, 38, 44, 37, 43, 42, 41, 35, 
Ego2  : 28, 27, 6, 41, 35, 36, 42, 43, 44, 38, 37, 31, 
Other2: 32, 26, 2, 24, 18, 12, 25, 
prev cost: -0.236397, 9.84242, 9.60602
cur cost : 20.1064, 20.4375, 40.5439
start pos:  2.06296 0.842315  1.66643, vel:   0.489782 -0.0803463  -0.152089, acc: -0.306207 -0.175002  0.163626
[0m[INFO] [1790607050.004962143, 30.343000000]: Find grid tour---------------[0m
Allocated grid: 6, 28, 27, 
Grid tour: 28, 27, 6, 
[0m[INFO] [1790607050.014115967, 30.361000000]: Find frontier tour, 0 involved------------[0m
Next view: -0.759539   0.55442   1.63467, 2.36411
Mid goal
Traj opt iter num: 113
[0m[INFO] [1790607050.015593456, 30.361000000]: Traj: 0.000000, yaw: 0.000000[0m
[0m[INFO] [1790607050.015609755, 30.361000000]: Total time: 0.018000[0m
[0m[INFO] [1790607050.015618051, 30.361000000]: [FSM]: Drone 1 from PLAN_TRAJ to PUB_TRAJ[0m

Select: 2
Pair Opt id: 35, 42, 43, 37, 44, 38, 32, 6, 27, 41, 28, 
Missed: 2, 12, 25, 18, 24, 26, 
Allocation time: 0.009
Ego1  : 28, 27, 6, 
Other1: 32, 32, 38, 44, 37, 43, 42, 41, 35, 
Ego2  : 28, 27, 6, 35, 41, 42, 43, 37, 38, 44, 
Other2: 32, 26, 24, 18, 12, 2, 25, 
prev cost: -0.226947, 9.99722, 9.77028
cur cost : 15.2765, 18.1401, 33.4166

Select: 2
Pair Opt id: 35, 42, 43, 37, 44, 38, 32, 6, 27, 41, 28, 
Missed: 2, 12, 25, 18, 24, 26, 
Allocation time: 0.009
Ego1  : 28, 27, 6, 
Other1: 32, 32, 38, 44, 37, 43, 42, 41, 35, 
Ego2  : 28, 27, 6, 35, 41, 42, 43, 37, 38, 44, 
Other2: 32, 26, 24, 18, 12, 2, 25, 
prev cost: -0.11123, 9.9927, 9.88147
cur cost : 15.3922, 18.1356, 33.5278

Select: 2
Pair Opt id: 35, 42, 43, 37, 44, 38, 32, 6, 27, 41, 28, 
Missed: 2, 12, 25, 18, 24, 26, 
Allocation time: 0.018
Ego1  : 28, 27, 6, 
Other1: 32, 32, 38, 44, 37, 43, 42, 41, 35, 
Ego2  : 28, 27, 6, 35, 41, 42, 43, 37, 38, 44, 
Other2: 32, 26, 24, 18, 12, 2, 25, 
prev cost: -0.11123, 9.98737, 9.87614
cur cost : 15.3922, 18.3788, 33.7709

Select: 2
Pair Opt id: 35, 42, 43, 37, 44, 38, 32, 6, 27, 41, 28, 
Missed: 2, 12, 25, 18, 24, 26, 
Allocation time: 0.019
Ego1  : 28, 27, 6, 
Other1: 32, 32, 38, 44, 37, 43, 42, 41, 35, 
Ego2  : 28, 27, 6, 35, 41, 42, 43, 37, 38, 44, 
Other2: 32, 26, 24, 18, 12, 2, 25, 
prev cost: -0.11123, 9.98428, 9.87305
cur cost : 15.3922, 18.3757, 33.7679
[0m[INFO] [1790607050.195279295, 30.538000000]: [FSM]: Drone 1 state: PUB_TRAJ[0m
[0m[INFO] [1790607050.202876134, 30.547000000]: [FSM]: Drone 1 from PUB_TRAJ to EXEC_TRAJ[0m

Select: 2
Pair Opt id: 35, 42, 43, 37, 44, 38, 32, 6, 27, 41, 28, 
Missed: 2, 12, 25, 18, 24, 26, 
Allocation time: 0.009
Ego1  : 28, 27, 6, 
Other1: 32, 32, 38, 44, 37, 43, 42, 41, 35, 
Ego2  : 28, 27, 6, 35, 41, 42, 43, 37, 38, 44, 
Other2: 32, 26, 24, 18, 12, 2, 25, 
prev cost: -0.11123, 9.98187, 9.87064
cur cost : 15.3922, 18.3733, 33.7654

Select: 2
Pair Opt id: 35, 42, 43, 37, 44, 38, 32, 6, 27, 41, 28, 
Missed: 2, 12, 25, 18, 24, 26, 
Allocation time: 0.018
Ego1  : 28, 27, 6, 
Other1: 32, 32, 38, 44, 37, 43, 42, 41, 35, 
Ego2  : 28, 27, 6, 35, 41, 42, 43, 37, 38, 44, 
Other2: 32, 26, 24, 18, 12, 2, 25, 
prev cost: -0.12031, 9.78179, 9.66148
cur cost : 15.3831, 18.1732, 33.5563

Select: 2
Pair Opt id: 35, 42, 43, 37, 44, 38, 32, 6, 27, 41, 28, 
Missed: 2, 12, 25, 18, 24, 26, 
Allocation time: 0.018
Ego1  : 28, 27, 6, 
Other1: 32, 32, 38, 44, 37, 43, 42, 41, 35, 
Ego2  : 28, 27, 6, 35, 41, 42, 43, 37, 38, 44, 
Other2: 32, 26, 24, 18, 12, 2, 25, 
prev cost: -0.124959, 9.78179, 9.65683
cur cost : 15.3785, 18.1732, 33.5516

Select: 2
Pair Opt id: 35, 42, 43, 37, 44, 38, 32, 6, 27, 41, 28, 
Missed: 2, 12, 25, 18, 24, 26, 
Allocation time: 0.009
Ego1  : 28, 27, 6, 
Other1: 32, 32, 38, 44, 37, 43, 42, 41, 35, 
Ego2  : 28, 27, 6, 35, 41, 42, 43, 37, 38, 44, 
Other2: 32, 26, 24, 18, 12, 2, 25, 
prev cost: -0.129085, 9.78179, 9.65271
cur cost : 15.3743, 18.1732, 33.5475
Frontier num: 6, 13
Frontier cost mat size: 6
[0m[INFO] [1790607050.424362446, 30.757000000]: Drone 1: frontier t: 0.000000, viewpoint t: 0.009000, mat: 0.000000[0m
[0m[INFO] [1790607050.424387167, 30.757000000]: Total t: 0.009000[0m
[0m[INFO] [1790607050.424419225, 30.757000000]: [FSM]: Drone 1 from EXEC_TRAJ to PLAN_TRAJ[0m

Select: 2
Pair Opt id: 35, 42, 43, 37, 44, 38, 32, 6, 27, 41, 28, 
Missed: 2, 12, 25, 18, 24, 26, 
Allocation time: 0.009
Ego1  : 28, 27, 6, 
Other1: 32, 32, 38, 44, 37, 43, 42, 41, 35, 
Ego2  : 28, 27, 6, 35, 41, 42, 43, 37, 38, 44, 
Other2: 32, 26, 24, 18, 12, 2, 25, 
prev cost: -0.133373, 9.78179, 9.64842
cur cost : 15.37, 18.1732, 33.5432
start pos: 2.22092 0.78819 1.60368, vel:  0.270841 -0.177071 -0.101222, acc: -0.631075  -0.22391 0.0995004
[0m[INFO] [1790607050.446652794, 30.785000000]: Find grid tour---------------[0m
Allocated grid: 6, 28, 27, 
Grid tour: 28, 27, 6, 
[0m[INFO] [1790607050.453399291, 30.785000000]: Find frontier tour, 0 involved------------[0m
Next view:  2.85061 0.367345  1.80178, -0.700956
Traj opt iter num: 244
[0m[INFO] [1790607050.455489544, 30.785000000]: Traj: 0.000000, yaw: 0.000000[0m
[0m[INFO] [1790607050.455520476, 30.785000000]: Total time: 0.000000[0m
[0m[INFO] [1790607050.455532565, 30.785000000]: [FSM]: Drone 1 from PLAN_TRAJ to PUB_TRAJ[0m

Select: 2
Pair Opt id: 35, 42, 43, 37, 44, 38, 32, 6, 27, 41, 28, 
Missed: 2, 12, 25, 18, 24, 26, 
Allocation time: 0.009
Ego1  : 28, 27, 6, 
Other1: 32, 32, 38, 44, 37, 43, 42, 41, 35, 
Ego2  : 28, 27, 6, 35, 41, 42, 43, 37, 38, 44, 
Other2: 32, 26, 24, 18, 12, 2, 25, 
prev cost: 0.0192766, 10.1088, 10.1281
cur cost : 23.1769, 18.1935, 41.3704

Select: 2
Pair Opt id: 35, 42, 43, 37, 44, 38, 32, 6, 27, 41, 28, 
Missed: 2, 12, 25, 18, 24, 26, 
Allocation time: 0.018
Ego1  : 28, 27, 6, 
Other1: 32, 32, 38, 44, 37, 43, 42, 41, 35, 
Ego2  : 28, 27, 6, 35, 41, 42, 43, 37, 38, 44, 
Other2: 32, 26, 24, 18, 12, 2, 25, 
prev cost: 0.0192766, 10.092, 10.1113
cur cost : 15.7727, 18.1767, 33.9494

Select: 2
Pair Opt id: 35, 42, 43, 37, 44, 38, 32, 6, 27, 41, 28, 
Missed: 2, 12, 25, 18, 24, 26, 
Allocation time: 0.009
Ego1  : 28, 27, 6, 
Other1: 32, 32, 38, 44, 37, 43, 42, 41, 35, 
Ego2  : 28, 27, 6, 35, 41, 42, 43, 37, 38, 44, 
Other2: 32, 26, 24, 18, 12, 2, 25, 
prev cost: 0.0192766, 10.0735, 10.0928
cur cost : 15.7727, 18.1581, 33.9308

Select: 2
Pair Opt id: 35, 42, 43, 37, 44, 38, 32, 6, 27, 41, 28, 
Missed: 2, 12, 25, 18, 24, 26, 
Allocation time: 0.019
Ego1  : 28, 27, 6, 
Other1: 32, 32, 38, 44, 37, 43, 42, 41, 35, 
Ego2  : 28, 27, 6, 35, 41, 42, 43, 37, 38, 44, 
Other2: 32, 26, 24, 18, 12, 2, 25, 
prev cost: 0.0192766, 10.0603, 10.0795
cur cost : 15.7727, 18.1449, 33.9176
[0m[INFO] [1790607050.660256293, 30.986000000]: [FSM]: Drone 1 from PUB_TRAJ to EXEC_TRAJ[0m

Select: 2
Pair Opt id: 35, 42, 43, 37, 44, 38, 32, 6, 27, 41, 28, 
Missed: 2, 12, 25, 18, 24, 26, 
Allocation time: 0.019
Ego1  : 28, 27, 6, 
Other1: 32, 32, 38, 44, 37, 43, 42, 41, 35, 
Ego2  : 28, 27, 6, 35, 41, 42, 43, 37, 38, 44, 
Other2: 32, 26, 24, 18, 12, 2, 25, 
prev cost: 0.018292, 10.0496, 10.0679
cur cost : 15.7717, 18.1342, 33.9059

Select: 2
Pair Opt id: 35, 42, 43, 44, 37, 38, 32, 6, 27, 41, 28, 
Missed: 2, 12, 25, 18, 24, 26, 
Allocation time: 0.009
Ego1  : 28, 27, 6, 
Other1: 32, 32, 38, 37, 44, 43, 42, 41, 35, 
Ego2  : 28, 27, 6, 35, 41, 42, 43, 37, 38, 44, 
Other2: 32, 26, 24, 18, 12, 2, 25, 
prev cost: -0.00133407, 10.0056, 10.0042
cur cost : 15.7521, 18.0555, 33.8075

Select: 2
Pair Opt id: 35, 42, 43, 44, 37, 38, 32, 6, 27, 41, 28, 
Missed: 2, 12, 25, 18, 24, 26, 
Allocation time: 0.009
Ego1  : 28, 27, 6, 
Other1: 32, 32, 38, 37, 44, 43, 42, 41, 35, 
Ego2  : 28, 27, 6, 35, 41, 42, 43, 37, 38, 44, 
Other2: 32, 26, 24, 18, 12, 2, 25, 
prev cost: 7.41543, 10.0056, 17.421
cur cost : 15.7483, 18.0555, 33.8038

Select: 2
Pair Opt id: 35, 42, 43, 44, 37, 38, 32, 6, 27, 41, 28, 
Missed: 2, 12, 25, 18, 24, 26, 
Allocation time: 0.018
Ego1  : 28, 27, 6, 
Other1: 32, 32, 38, 37, 44, 43, 42, 41, 35, 
Ego2  : 28, 27, 6, 35, 41, 42, 43, 37, 38, 44, 
Other2: 32, 26, 24, 18, 12, 2, 25, 
prev cost: -0.107345, 10.0056, 9.89823
cur cost : 15.6461, 18.0555, 33.7015
Frontier num: 7, 13
Frontier cost mat size: 7
[0m[INFO] [1790607050.885539670, 31.196000000]: Drone 1: frontier t: 0.009000, viewpoint t: 0.000000, mat: 0.000000[0m
[0m[INFO] [1790607050.885567142, 31.196000000]: Total t: 0.009000[0m
[0m[INFO] [1790607050.885612206, 31.196000000]: [FSM]: Drone 1 from EXEC_TRAJ to PLAN_TRAJ[0m
start pos:  2.33021 0.711606  1.57347, vel:   0.290868  -0.163304 -0.0303952, acc: 0.341773 0.156181 0.300829
[0m[INFO] [1790607050.885760572, 31.196000000]: Find grid tour---------------[0m
Allocated grid: 6, 28, 27, 31, 
Grid tour: 28, 27, 6, 31, 
[0m[INFO] [1790607050.895476136, 31.205999999]: Find frontier tour, 0 involved------------[0m
Next view:  3.47751 0.559104  1.75569, -1.82762
Traj opt iter num: 111
[0m[INFO] [1790607050.896790376, 31.205999999]: Traj: 0.000000, yaw: 0.000000[0m
[0m[INFO] [1790607050.896806842, 31.205999999]: Total time: 0.010000[0m
[0m[INFO] [1790607050.896816222, 31.205999999]: [FSM]: Drone 1 from PLAN_TRAJ to PUB_TRAJ[0m

Select: 2
Pair Opt id: 35, 42, 43, 37, 38, 44, 31, 32, 6, 27, 41, 28, 
Missed: 12, 25, 18, 2, 24, 26, 
Allocation time: 0.018
Ego1  : 28, 27, 6, 31, 
Other1: 32, 32, 38, 37, 44, 43, 42, 41, 35, 
Ego2  : 28, 27, 6, 35, 41, 42, 43, 44, 38, 37, 31, 25, 
Other2: 32, 26, 2, 12, 18, 24, 
prev cost: 20.2985, 10.0583, 30.3568
cur cost : 22.9034, 13.6311, 36.5346

Select: 2
Pair Opt id: 35, 42, 43, 37, 38, 44, 31, 32, 6, 27, 41, 28, 
Missed: 12, 25, 18, 2, 24, 26, 
Allocation time: 0.019
Ego1  : 28, 27, 6, 31, 
Other1: 32, 32, 38, 37, 44, 43, 42, 41, 35, 
Ego2  : 28, 27, 6, 35, 41, 42, 43, 44, 38, 37, 31, 25, 
Other2: 32, 26, 2, 12, 18, 24, 
prev cost: 20.3838, 10.0304, 30.4143
cur cost : 22.9888, 13.6032, 36.592

Select: 2
Pair Opt id: 35, 42, 43, 37, 38, 44, 31, 32, 6, 27, 41, 28, 
Missed: 12, 25, 18, 2, 24, 26, 
Allocation time: 0.009
Ego1  : 28, 27, 6, 31, 
Other1: 32, 32, 38, 37, 44, 43, 42, 41, 35, 
Ego2  : 28, 27, 6, 35, 41, 42, 43, 44, 38, 37, 31, 25, 
Other2: 32, 26, 2, 12, 18, 24, 
prev cost: 20.3838, 10.0028, 30.3866
cur cost : 22.9888, 13.5755, 36.5643

Select: 2
Pair Opt id: 35, 42, 43, 37, 38, 44, 31, 32, 6, 27, 41, 28, 
Missed: 12, 25, 18, 2, 24, 26, 
Allocation time: 0.018
Ego1  : 28, 27, 6, 31, 
Other1: 32, 32, 38, 37, 44, 43, 42, 41, 35, 
Ego2  : 28, 27, 6, 35, 41, 42, 43, 44, 38, 37, 31, 25, 
Other2: 32, 26, 2, 12, 18, 24, 
prev cost: 20.3838, 9.96953, 30.3534
cur cost : 22.9888, 13.5423, 36.5311
[0m[INFO] [1790607051.097394961, 31.397999999]: [FSM]: Drone 1 from PUB_TRAJ to EXEC_TRAJ[0m

Select: 2
Pair Opt id: 35, 42, 43, 37, 38, 44, 31, 32, 6, 27, 41, 28, 
Missed: 12, 25, 18, 2, 24, 26, 
Allocation time: 0.018
Ego1  : 28, 27, 6, 31, 
Other1: 32, 32, 38, 37, 44, 43, 42, 41, 35, 
Ego2  : 28, 27, 6, 35, 41, 42, 43, 44, 38, 37, 31, 25, 
Other2: 32, 26, 2, 12, 18, 24, 
prev cost: 20.3834, 9.91747, 30.3009
cur cost : 22.9884, 13.4903, 36.4786

Select: 2
Pair Opt id: 35, 42, 43, 37, 38, 44, 31, 32, 6, 27, 41, 28, 
Missed: 12, 25, 18, 2, 24, 26, 
Allocation time: 0.028
Ego1  : 28, 27, 6, 31, 
Other1: 32, 32, 38, 37, 44, 43, 42, 41, 35, 
Ego2  : 28, 27, 6, 35, 41, 42, 43, 44, 38, 37, 31, 25, 
Other2: 32, 26, 2, 12, 18, 24, 
prev cost: 20.3745, 9.87367, 30.2482
cur cost : 22.9795, 13.4465, 36.4259

Select: 2
Pair Opt id: 35, 42, 43, 37, 38, 44, 31, 32, 6, 27, 41, 28, 
Missed: 12, 25, 18, 2, 24, 26, 
Allocation time: 0.018
Ego1  : 28, 27, 6, 31, 
Other1: 32, 32, 38, 44, 37, 43, 42, 41, 35, 
Ego2  : 28, 27, 6, 35, 41, 42, 43, 44, 38, 37, 31, 25, 
Other2: 32, 26, 2, 12, 18, 24, 
prev cost: 20.3652, 9.83158, 30.1968
cur cost : 22.9702, 13.2926, 36.2628
[0m[INFO] [1790607051.252294789, 31.548000000]: [FSM]: Drone 1 state: EXEC_TRAJ[0m

Select: 2
Pair Opt id: 35, 42, 43, 37, 38, 44, 31, 32, 6, 27, 41, 28, 
Missed: 12, 25, 18, 2, 24, 26, 
Allocation time: 0.009
Ego1  : 28, 27, 6, 31, 
Other1: 32, 32, 38, 44, 37, 43, 42, 41, 35, 
Ego2  : 28, 27, 6, 35, 41, 42, 43, 44, 38, 37, 31, 25, 
Other2: 32, 26, 2, 12, 18, 24, 
prev cost: 20.3592, 9.83158, 30.1908
cur cost : 22.9642, 13.2926, 36.2568
Frontier num: 7, 13
Frontier cost mat size: 7
[0m[INFO] [1790607051.324874895, 31.612999999]: Drone 1: frontier t: 0.010000, viewpoint t: 0.000000, mat: 0.000000[0m
[0m[INFO] [1790607051.324904034, 31.612999999]: Total t: 0.010000[0m
[0m[INFO] [1790607051.324955560, 31.612999999]: [FSM]: Drone 1 from EXEC_TRAJ to PLAN_TRAJ[0m

Select: 2
Pair Opt id: 35, 42, 43, 37, 38, 44, 31, 32, 6, 27, 41, 28, 
Missed: 12, 25, 18, 2, 24, 26, 
Allocation time: 0.029
Ego1  : 28, 27, 6, 31, 
Other1: 32, 32, 38, 44, 37, 43, 42, 41, 35, 
Ego2  : 28, 27, 6, 35, 41, 42, 43, 44, 38, 37, 31, 25, 
Other2: 32, 26, 2, 12, 18, 24, 
prev cost: 20.3486, 9.83158, 30.1802
cur cost : 22.9536, 13.2926, 36.2462
start pos:  2.48984 0.669104  1.58258, vel:   0.406229 -0.0545873  0.0666927, acc: 0.200355 0.208855 0.163431
[0m[INFO] [1790607051.363335866, 31.650999999]: Find grid tour---------------[0m
Allocated grid: 6, 28, 27, 31, 
Grid tour: 28, 27, 6, 31, 
[0m[INFO] [1790607051.375535212, 31.669000000]: Find frontier tour, 0 involved------------[0m
Next view:  3.58674 0.140506  1.79034, -1.86347
nlopt failure
Traj opt iter num: 129
[0m[INFO] [1790607051.377420780, 31.669000000]: Traj: 0.000000, yaw: 0.000000[0m
[0m[INFO] [1790607051.377460758, 31.669000000]: Total time: 0.018000[0m
[0m[INFO] [1790607051.377502529, 31.669000000]: [FSM]: Drone 1 from PLAN_TRAJ to PUB_TRAJ[0m

Select: 2
Pair Opt id: 35, 42, 43, 37, 38, 44, 31, 32, 6, 27, 41, 28, 
Missed: 12, 25, 18, 2, 24, 26, 
Allocation time: 0.018
Ego1  : 28, 27, 6, 31, 
Other1: 32, 32, 38, 44, 37, 43, 42, 41, 35, 
Ego2  : 28, 27, 6, 35, 41, 42, 43, 44, 38, 37, 31, 25, 
Other2: 32, 26, 2, 12, 18, 24, 
prev cost: 20.5629, 10.5401, 31.103
cur cost : 23.8715, 13.293, 37.1645

Select: 2
Pair Opt id: 35, 42, 43, 37, 38, 44, 31, 32, 6, 27, 41, 28, 
Missed: 12, 25, 18, 2, 24, 26, 
Allocation time: 0.018
Ego1  : 28, 27, 6, 31, 
Other1: 32, 32, 38, 44, 37, 43, 42, 41, 35, 
Ego2  : 28, 27, 6, 35, 41, 42, 43, 44, 38, 37, 31, 25, 
Other2: 32, 26, 2, 12, 18, 24, 
prev cost: 20.5629, 10.5327, 31.0956
cur cost : 23.8715, 13.2856, 37.1571

Select: 2
Pair Opt id: 35, 42, 43, 37, 38, 44, 31, 32, 6, 27, 41, 28, 
Missed: 12, 25, 18, 2, 24, 26, 
Allocation time: 0.018
Ego1  : 28, 27, 6, 31, 
Other1: 32, 32, 38, 44, 37, 43, 42, 41, 35, 
Ego2  : 28, 27, 6, 35, 41, 42, 43, 44, 38, 37, 31, 25, 
Other2: 32, 26, 2, 12, 18, 24, 
prev cost: 20.5629, 10.5056, 31.0685
cur cost : 23.8715, 13.2585, 37.13

Select: 2
Pair Opt id: 35, 42, 43, 37, 38, 44, 31, 32, 6, 27, 41, 28, 
Missed: 12, 25, 18, 2, 24, 26, 
Allocation time: 0.018
Ego1  : 28, 27, 6, 31, 
Other1: 32, 32, 38, 44, 37, 43, 42, 41, 35, 
Ego2  : 28, 27, 6, 35, 41, 42, 43, 44, 38, 37, 31, 25, 
Other2: 32, 26, 2, 12, 18, 24, 
prev cost: 20.5629, 10.4689, 31.0318
cur cost : 23.8715, 13.2218, 37.0933
[0m[INFO] [1790607051.567538583, 31.852000000]: [FSM]: Drone 1 from PUB_TRAJ to EXEC_TRAJ[0m

Select: 2
Pair Opt id: 35, 42, 43, 37, 38, 44, 31, 32, 6, 27, 41, 28, 
Missed: 12, 25, 18, 2, 24, 26, 
Allocation time: 0.009
Ego1  : 28, 27, 6, 31, 
Other1: 32, 32, 38, 44, 37, 43, 42, 41, 35, 
Ego2  : 28, 27, 6, 41, 35, 42, 
Other2: 32, 38, 44, 43, 37, 31, 25, 12, 18, 24, 26, 2, 
prev cost: 20.5629, 18.6516, 39.2145
cur cost : 10.2955, 34.6534, 44.9489

Select: 2
Pair Opt id: 35, 42, 43, 37, 38, 44, 31, 32, 6, 27, 41, 28, 
Missed: 12, 25, 18, 2, 24, 26, 
Allocation time: 0.018
Ego1  : 28, 27, 6, 31, 
Other1: 32, 32, 38, 44, 37, 43, 42, 41, 35, 
Ego2  : 28, 27, 6, 41, 35, 42, 
Other2: 32, 38, 44, 43, 37, 31, 25, 12, 18, 24, 26, 2, 
prev cost: 20.5636, 18.7473, 39.3109
cur cost : 10.2962, 34.7491, 45.0453

Select: 2
Pair Opt id: 35, 42, 43, 38, 44, 31, 32, 6, 27, 41, 28, 
Missed: 12, 25, 18, 2, 24, 26, 
Allocation time: 0.019
Ego1  : 28, 27, 6, 31, 
Other1: 32, 32, 38, 44, 43, 42, 41, 35, 
Ego2  : 28, 27, 6, 41, 35, 42, 
Other2: 32, 26, 2, 24, 18, 12, 25, 31, 38, 44, 43, 
prev cost: 20.5665, 16.0457, 36.6123
cur cost : 10.2991, 36.4415, 46.7406

Select: 2
Pair Opt id: 35, 42, 43, 38, 44, 31, 32, 6, 27, 41, 28, 
Missed: 12, 25, 18, 2, 24, 26, 
Allocation time: 0.028
Ego1  : 28, 27, 6, 31, 
Other1: 32, 32, 38, 44, 43, 42, 41, 35, 
Ego2  : 28, 27, 6, 41, 35, 42, 
Other2: 32, 26, 2, 24, 18, 12, 25, 31, 38, 44, 43, 
prev cost: 20.5723, 16.0457, 36.618
cur cost : 10.3049, 36.4415, 46.7463
Frontier num: 6, 13
Frontier cost mat size: 6
[0m[INFO] [1790607051.793503425, 32.073000000]: Drone 1: frontier t: 0.009000, viewpoint t: 0.009000, mat: 0.000000[0m
[0m[INFO] [1790607051.793530397, 32.073000000]: Total t: 0.018000[0m
[0m[INFO] [1790607051.793575628, 32.073000000]: [FSM]: Drone 1 from EXEC_TRAJ to PLAN_TRAJ[0m

Select: 2
Pair Opt id: 35, 42, 43, 38, 44, 31, 32, 6, 27, 41, 28, 
Missed: 12, 25, 18, 2, 24, 26, 
Allocation time: 0.018
Ego1  : 28, 27, 6, 31, 
Other1: 32, 32, 38, 44, 43, 42, 41, 35, 
Ego2  : 28, 27, 6, 41, 35, 42, 
Other2: 32, 26, 2, 24, 18, 12, 25, 31, 38, 44, 43, 
prev cost: 20.6716, 16.0457, 36.7174
cur cost : 10.4042, 36.4415, 46.8457
start pos:  2.68347 0.670656  1.62389, vel:  0.468901 0.0291696  0.117166, acc:  0.100728   0.11664 0.0806378
[0m[INFO] [1790607051.821817284, 32.091000000]: Find grid tour---------------[0m
Allocated grid: 6, 28, 27, 31, 
Grid tour: 28, 27, 6, 31, 
[0m[INFO] [1790607051.829169249, 32.100000000]: Find frontier tour, 0 involved------------[0m
Next view: -0.759539   0.55442   1.63467, 2.36411
Mid goal
Traj opt iter num: 114
[0m[INFO] [1790607051.831077995, 32.100000000]: Traj: 0.000000, yaw: 0.000000[0m
[0m[INFO] [1790607051.831096212, 32.100000000]: Total time: 0.009000[0m
[0m[INFO] [1790607051.831104883, 32.100000000]: [FSM]: Drone 1 from PLAN_TRAJ to PUB_TRAJ[0m

Select: 2
Pair Opt id: 35, 42, 43, 38, 44, 31, 32, 6, 27, 41, 28, 
Missed: 12, 25, 18, 2, 24, 26, 
Allocation time: 0.018
Ego1  : 28, 27, 6, 31, 
Other1: 32, 32, 38, 44, 43, 42, 41, 35, 
Ego2  : 28, 27, 6, 41, 35, 42, 
Other2: 32, 26, 2, 24, 18, 12, 25, 31, 38, 44, 43, 
prev cost: 20.8197, 24.0989, 44.9186
cur cost : 18.7855, 36.4098, 55.1953

Select: 2
Pair Opt id: 35, 42, 43, 38, 44, 31, 32, 6, 27, 41, 28, 
Missed: 12, 25, 18, 2, 24, 26, 
Allocation time: 0.009
Ego1  : 28, 27, 6, 31, 
Other1: 32, 32, 38, 44, 43, 42, 41, 35, 
Ego2  : 28, 27, 6, 41, 35, 42, 
Other2: 32, 26, 2, 24, 18, 12, 25, 31, 38, 44, 43, 
prev cost: 20.8197, 24.0794, 44.8991
cur cost : 18.7855, 36.3902, 55.1757

Select: 2
Pair Opt id: 35, 42, 43, 38, 44, 31, 32, 6, 27, 41, 28, 
Missed: 12, 25, 18, 2, 24, 26, 
Allocation time: 0.009
Ego1  : 28, 27, 6, 31, 
Other1: 32, 32, 38, 44, 43, 42, 41, 35, 
Ego2  : 28, 27, 6, 41, 35, 42, 
Other2: 32, 26, 2, 24, 18, 12, 25, 31, 38, 44, 43, 
prev cost: 20.8197, 24.0322, 44.8519
cur cost : 18.7855, 36.3431, 55.1286

Select: 2
Pair Opt id: 35, 42, 43, 38, 44, 31, 32, 6, 27, 41, 28, 
Missed: 12, 25, 18, 2, 24, 26, 
Allocation time: 0.009
Ego1  : 28, 27, 6, 31, 
Other1: 32, 32, 38, 44, 43, 42, 41, 35, 
Ego2  : 28, 27, 6, 41, 35, 42, 
Other2: 32, 26, 2, 24, 18, 12, 25, 31, 38, 44, 43, 
prev cost: 20.8197, 24.0155, 44.8351
cur cost : 18.7855, 36.3263, 55.1118
[0m[INFO] [1790607052.028107336, 32.301000000]: [FSM]: Drone 1 from PUB_TRAJ to EXEC_TRAJ[0m

Select: 2
Pair Opt id: 35, 42, 43, 38, 44, 31, 32, 6, 27, 41, 28, 
Missed: 12, 25, 18, 2, 24, 26, 
Allocation time: 0.018
Ego1  : 28, 27, 6, 31, 
Other1: 32, 32, 38, 44, 43, 42, 41, 35, 
Ego2  : 28, 27, 6, 41, 35, 42, 
Other2: 32, 38, 44, 43, 31, 25, 12, 18, 24, 26, 2, 
prev cost: 20.8197, 23.9744, 44.7941
cur cost : 18.7855, 34.2687, 53.0542

Select: 2
Pair Opt id: 42, 43, 38, 44, 31, 32, 6, 27, 41, 28, 
Missed: 12, 25, 18, 2, 24, 26, 
Allocation time: 0.018
Ego1  : 28, 27, 6, 31, 
Other1: 32, 32, 38, 44, 43, 42, 41, 
Ego2  : 28, 27, 6, 41, 
Other2: 32, 26, 2, 24, 18, 12, 25, 31, 38, 44, 43, 42, 
prev cost: 20.8174, 13.3051, 34.1225
cur cost : 4.0154, 39.0496, 43.065

Select: 2
Pair Opt id: 42, 43, 38, 44, 31, 32, 6, 27, 41, 28, 
Missed: 12, 25, 18, 2, 24, 26, 
Allocation time: 0.019
Ego1  : 28, 27, 6, 31, 
Other1: 32, 32, 38, 44, 43, 42, 41, 
Ego2  : 28, 27, 6, 41, 
Other2: 32, 26, 2, 24, 18, 12, 25, 31, 38, 44, 43, 42, 
prev cost: 20.813, 13.3051, 34.1181
cur cost : 4.01102, 39.0496, 43.0606

Select: 2
Pair Opt id: 42, 43, 38, 44, 31, 32, 6, 27, 41, 28, 
Missed: 12, 25, 18, 2, 24, 26, 
Allocation time: 0.019
Ego1  : 28, 27, 6, 31, 
Other1: 32, 32, 38, 44, 43, 42, 41, 
Ego2  : 28, 27, 6, 41, 
Other2: 32, 26, 2, 24, 18, 12, 25, 31, 38, 44, 43, 42, 
prev cost: 20.8122, 12.837, 33.6492
cur cost : 4.01018, 38.5814, 42.5916
Frontier num: 6, 14
Frontier cost mat size: 6
[0m[INFO] [1790607052.240405682, 32.502000000]: Drone 1: frontier t: 0.000000, viewpoint t: 0.009000, mat: 0.000000[0m
[0m[INFO] [1790607052.240431195, 32.502000000]: Total t: 0.009000[0m
[0m[INFO] [1790607052.240493142, 32.502000000]: [FSM]: Drone 1 from EXEC_TRAJ to PLAN_TRAJ[0m

Select: 2
Pair Opt id: 42, 43, 38, 44, 31, 32, 6, 27, 41, 28, 
Missed: 12, 25, 18, 2, 24, 26, 
Allocation time: 0.018
Ego1  : 28, 27, 6, 31, 
Other1: 32, 32, 38, 44, 43, 42, 41, 
Ego2  : 28, 27, 6, 41, 42, 
Other2: 32, 38, 44, 43, 31, 25, 12, 18, 24, 26, 2, 
prev cost: 20.8121, 12.837, 33.6491
cur cost : 14.2246, 34.3596, 48.5842
start pos:  2.82934 0.688075  1.67426, vel:  0.357922 0.0585933  0.137405, acc: -0.423612 0.0410199 0.0287317
[0m[INFO] [1790607052.264538159, 32.520000000]: Find grid tour---------------[0m
Allocated grid: 28, 27, 31, 33, 39, 34, 40, 42, 
Grid tour: 28, 27, 34, 33, 39, 40, 42, 31, 
[0m[INFO] [1790607052.347470646, 32.603000000]: Find frontier tour, 0 involved------------[0m
Next view: -0.759539   0.55442   1.63467, 2.36411
Mid goal
Traj opt iter num: 168
[0m[INFO] [1790607052.349784344, 32.603000000]: Traj: 0.000000, yaw: 0.000000[0m
[0m[INFO] [1790607052.349813483, 32.603000000]: Total time: 0.083000[0m
[0m[INFO] [1790607052.349822905, 32.603000000]: [FSM]: Drone 1 from PLAN_TRAJ to PUB_TRAJ[0m

Select: 2
Pair Opt id: 43, 38, 32, 44, 31, 42, 39, 33, 34, 40, 27, 41, 28, 
Missed: 12, 25, 18, 2, 24, 26, 
Allocation time: 0.018
Ego1  : 28, 27, 34, 33, 39, 40, 42, 31, 
Other1: 32, 32, 38, 44, 43, 42, 41, 
Ego2  : 28, 27, 34, 33, 39, 40, 41, 42, 
Other2: 32, 44, 43, 38, 31, 25, 12, 18, 24, 26, 2, 
prev cost: 31.7311, 20.7186, 52.4497
cur cost : 18.4932, 35.8656, 54.3588
[0m[INFO] [1790607052.454805036, 32.703000000]: [FSM]: Drone 1 state: PUB_TRAJ[0m

Select: 2
Pair Opt id: 43, 38, 32, 44, 31, 42, 39, 33, 34, 40, 27, 41, 28, 
Missed: 12, 25, 18, 2, 24, 26, 
Allocation time: 0.019
Ego1  : 28, 27, 34, 33, 39, 40, 42, 31, 
Other1: 32, 32, 38, 44, 43, 42, 41, 
Ego2  : 28, 27, 34, 33, 39, 40, 41, 42, 
Other2: 32, 44, 43, 38, 31, 25, 12, 18, 24, 26, 2, 
prev cost: 31.7311, 20.6384, 52.3695
cur cost : 18.7417, 35.7854, 54.5271
[0m[INFO] [1790607052.570128669, 32.813000000]: [FSM]: Drone 1 from PUB_TRAJ to EXEC_TRAJ[0m

Select: 2
Pair Opt id: 43, 38, 32, 44, 31, 42, 39, 33, 34, 40, 27, 28, 
Missed: 12, 25, 18, 2, 24, 26, 
Allocation time: 0.018
Ego1  : 28, 27, 34, 33, 39, 40, 42, 31, 
Other1: 32, 32, 38, 44, 43, 
Ego2  : 28, 27, 34, 33, 39, 40, 42, 
Other2: 32, 44, 43, 38, 31, 25, 12, 18, 24, 26, 2, 
prev cost: 31.7392, 0.195127, 31.9343
cur cost : 18.104, 35.7476, 53.8515

Select: 2
Pair Opt id: 43, 38, 32, 44, 31, 42, 39, 33, 34, 40, 27, 28, 
Missed: 12, 25, 18, 2, 24, 26, 
Allocation time: 0.009
Ego1  : 28, 27, 34, 33, 39, 40, 42, 31, 
Other1: 32, 32, 38, 44, 43, 
Ego2  : 28, 27, 34, 33, 39, 40, 42, 
Other2: 32, 44, 43, 38, 31, 25, 12, 18, 24, 26, 2, 
prev cost: 31.7495, 0.528576, 32.278
cur cost : 18.1142, 36.081, 54.1952
Frontier num: 6, 13
Frontier cost mat size: 6
[0m[INFO] [1790607052.786862274, 33.014000000]: Drone 1: frontier t: 0.009000, viewpoint t: 0.000000, mat: 0.000000[0m
[0m[INFO] [1790607052.786888704, 33.014000000]: Total t: 0.009000[0m
[0m[INFO] [1790607052.786933143, 33.014000000]: [FSM]: Drone 1 from EXEC_TRAJ to PLAN_TRAJ[0m

Select: 2
Pair Opt id: 43, 38, 32, 44, 31, 42, 39, 33, 34, 40, 27, 28, 
Missed: 12, 25, 18, 2, 24, 26, 
Allocation time: 0.019
Ego1  : 28, 27, 34, 33, 39, 40, 42, 31, 
Other1: 32, 32, 38, 44, 43, 
Ego2  : 28, 27, 34, 33, 39, 40, 42, 
Other2: 32, 44, 43, 38, 31, 25, 12, 18, 24, 26, 2, 
prev cost: 31.7602, 0.47705, 32.2372
cur cost : 18.125, 36.0295, 54.1544
start pos:  2.91391 0.724468  1.76914, vel: 0.0231709 0.0655839  0.143491, acc:    -0.583164 -0.000117553   -0.0258323
[0m[INFO] [1790607052.900211420, 33.115000000]: Find grid tour---------------[0m
Allocated grid: 28, 27, 34, 33, 39, 40, 31, 29, 
Grid tour: 28, 34, 40, 39, 33, 27, 29, 31, 
[0m[INFO] [1790607052.908718547, 33.124000000]: Find frontier tour, 0 involved------------[0m
Next view:   1.25419 -0.672565   1.66256, -1.22064
Mid goal
near end
Traj opt iter num: 197
[0m[INFO] [1790607052.911414227, 33.124000000]: Traj: 0.000000, yaw: 0.000000[0m
[0m[INFO] [1790607052.911440323, 33.124000000]: Total time: 0.009000[0m
[0m[INFO] [1790607052.911450328, 33.124000000]: [FSM]: Drone 1 from PLAN_TRAJ to PUB_TRAJ[0m

Select: 2
Pair Opt id: 43, 38, 32, 44, 31, 29, 33, 39, 27, 40, 34, 28, 
Missed: 12, 25, 18, 2, 24, 26, 
Allocation time: 0.018
Ego1  : 28, 34, 40, 39, 33, 27, 29, 31, 
Other1: 32, 32, 38, 44, 43, 
Ego2  : 28, 29, 34, 27, 40, 39, 33, 
Other2: 32, 44, 43, 38, 31, 25, 12, 18, 24, 26, 2, 
prev cost: 14.8529, -0.0226203, 14.8303
cur cost : 12.7821, 35.3634, 48.1455

Select: 2
Pair Opt id: 43, 38, 32, 44, 31, 29, 33, 39, 27, 40, 34, 28, 
Missed: 12, 25, 18, 2, 24, 26, 
Allocation time: 0.018
Ego1  : 28, 34, 40, 39, 33, 27, 29, 31, 
Other1: 32, 32, 38, 44, 43, 
Ego2  : 28, 29, 34, 27, 40, 39, 33, 
Other2: 32, 44, 43, 38, 31, 25, 12, 18, 24, 26, 2, 
prev cost: 14.8529, -0.268111, 14.5848
cur cost : 12.7821, 35.1179, 47.9

Select: 2
Pair Opt id: 43, 38, 32, 44, 31, 29, 33, 39, 27, 40, 34, 28, 
Missed: 12, 25, 18, 2, 24, 26, 
Allocation time: 0.019
Ego1  : 28, 34, 40, 39, 33, 27, 29, 31, 
Other1: 32, 32, 38, 44, 43, 
Ego2  : 28, 29, 34, 27, 40, 39, 33, 
Other2: 32, 44, 43, 38, 31, 25, 12, 18, 24, 26, 2, 
prev cost: 14.8529, -0.268111, 14.5848
cur cost : 12.7821, 35.1179, 47.9

Select: 2
Pair Opt id: 43, 38, 32, 44, 31, 29, 33, 39, 27, 40, 34, 28, 
Missed: 12, 25, 18, 2, 24, 26, 
Allocation time: 0.019
Ego1  : 28, 34, 40, 39, 33, 27, 29, 31, 
Other1: 32, 32, 38, 44, 43, 
Ego2  : 28, 29, 34, 27, 40, 39, 33, 
Other2: 32, 44, 43, 38, 31, 25, 12, 18, 24, 26, 2, 
prev cost: 14.8529, -0.268111, 14.5848
cur cost : 12.7531, 35.1179, 47.8711
[0m[INFO] [1790607053.100923893, 33.316000000]: [FSM]: Drone 1 from PUB_TRAJ to EXEC_TRAJ[0m

Select: 2
Pair Opt id: 43, 38, 32, 44, 31, 29, 33, 39, 27, 40, 34, 28, 
Missed: 12, 25, 18, 2, 24, 26, 
Allocation time: 0.018
Ego1  : 28, 34, 40, 39, 33, 27, 29, 31, 
Other1: 32, 32, 38, 44, 43, 
Ego2  : 28, 29, 34, 27, 40, 39, 33, 
Other2: 32, 44, 43, 38, 31, 25, 12, 18, 24, 26, 2, 
prev cost: 14.8529, -0.268111, 14.5848
cur cost : 12.7531, 35.1179, 47.8711

Select: 2
Pair Opt id: 43, 38, 32, 44, 31, 29, 33, 39, 27, 40, 34, 28, 
Missed: 12, 25, 18, 2, 24, 26, 
Allocation time: 0.018
Ego1  : 28, 34, 40, 39, 33, 27, 29, 31, 
Other1: 32, 32, 38, 44, 43, 
Ego2  : 28, 29, 34, 27, 40, 39, 33, 
Other2: 32, 44, 43, 38, 31, 25, 12, 18, 24, 26, 2, 
prev cost: 14.8568, -0.281264, 14.5755
cur cost : 12.757, 35.1048, 47.8618

Select: 2
Pair Opt id: 43, 38, 32, 44, 31, 29, 33, 39, 27, 40, 34, 28, 
Missed: 12, 25, 18, 2, 24, 26, 
Allocation time: 0.009
Ego1  : 28, 34, 40, 39, 33, 27, 29, 31, 
Other1: 32, 32, 38, 44, 43, 
Ego2  : 28, 29, 34, 27, 40, 39, 33, 
Other2: 32, 44, 43, 38, 31, 25, 12, 18, 24, 26, 2, 
prev cost: 14.8597, -0.304815, 14.5549
cur cost : 12.7599, 35.0812, 47.8412

Select: 2
Pair Opt id: 43, 38, 32, 44, 31, 29, 33, 39, 27, 40, 34, 28, 
Missed: 12, 25, 18, 2, 24, 26, 
Allocation time: 0.018
Ego1  : 28, 34, 40, 39, 33, 27, 29, 31, 
Other1: 32, 32, 38, 44, 43, 
Ego2  : 28, 29, 34, 27, 40, 39, 33, 
Other2: 32, 44, 43, 38, 31, 25, 12, 18, 24, 26, 2, 
prev cost: 14.8636, -0.358582, 14.5051
cur cost : 12.7639, 35.0275, 47.7914
Frontier num: 7, 13
Frontier cost mat size: 7
[0m[INFO] [1790607053.217114556, 33.526000000]: Drone 1: frontier t: 0.000000, viewpoint t: 0.009000, mat: 0.000000[0m
[0m[INFO] [1790607053.217138818, 33.526000000]: Total t: 0.009000[0m
[0m[INFO] [1790607053.217193012, 33.526000000]: [FSM]: Drone 1 from EXEC_TRAJ to PLAN_TRAJ[0m

Select: 2
Pair Opt id: 43, 38, 32, 44, 31, 29, 33, 39, 27, 40, 34, 28, 
Missed: 12, 25, 18, 2, 24, 26, 
Allocation time: 0.01
Ego1  : 28, 34, 40, 39, 33, 27, 29, 31, 
Other1: 32, 32, 38, 44, 43, 
Ego2  : 28, 29, 34, 27, 40, 39, 33, 
Other2: 32, 44, 43, 38, 31, 25, 12, 18, 24, 26, 2, 
prev cost: 14.8673, -0.381697, 14.4856
cur cost : 12.7675, 35.0043, 47.7719
start pos:  2.84969 0.750775  1.81081, vel:   -0.317841   0.0541153 -0.00940479, acc: -0.815663 -0.177126 -0.341116
[0m[INFO] [1790607053.237929208, 33.545000000]: Find grid tour---------------[0m
Allocated grid: 28, 34, 40, 39, 33, 27, 31, 
Grid tour: 31, 34, 40, 39, 33, 28, 27, 
[0m[INFO] [1790607053.246140812, 33.545000000]: Find frontier tour, 1 involved------------[0m
[0m[INFO] [1790607053.251670867, 33.554000000]: Grid tour t: 0.000000, frontier tour t: 0.009000.[0m
Local refine graph size: 1, 15, 1, 
Next view: 1.11793 2.26032 1.67866, 2.23351
Mid goal
nlopt failure
Traj opt iter num: 80
[0m[INFO] [1790607053.253523293, 33.554000000]: Traj: 0.000000, yaw: 0.000000[0m
[0m[INFO] [1790607053.253546263, 33.554000000]: Total time: 0.009000[0m
[0m[INFO] [1790607053.253554684, 33.554000000]: [FSM]: Drone 1 from PLAN_TRAJ to PUB_TRAJ[0m

Select: 2
Pair Opt id: 43, 38, 32, 28, 33, 39, 27, 40, 34, 44, 31, 
Missed: 12, 25, 18, 2, 24, 26, 
Allocation time: 0.018
Ego1  : 31, 34, 40, 39, 33, 28, 27, 
Other1: 32, 32, 38, 44, 43, 
Ego2  : 31, 25, 12, 18, 24, 28, 27, 33, 34, 40, 39, 
Other2: 32, 44, 43, 38, 26, 2, 
prev cost: 28.9838, -0.411045, 28.5728
cur cost : 36.7491, 10.3996, 47.1486

Select: 2
Pair Opt id: 38, 43, 37, 28, 33, 39, 27, 40, 34, 44, 31, 
Missed: 12, 25, 18, 2, 24, 26, 32, 
Allocation time: 0.028
Ego1  : 31, 34, 40, 39, 33, 28, 27, 
Other1: 37, 43, 44, 38, 
Ego2  : 31, 25, 12, 18, 24, 28, 27, 33, 34, 40, 39, 
Other2: 37, 43, 44, 38, 32, 26, 2, 
prev cost: 28.9838, 3.10016, 32.084
cur cost : 36.7491, 10.8383, 47.5874

Select: 2
Pair Opt id: 38, 43, 37, 28, 33, 39, 27, 40, 34, 44, 31, 
Missed: 12, 25, 18, 2, 24, 26, 32, 
Allocation time: 0.009
Ego1  : 31, 34, 40, 39, 33, 28, 27, 
Other1: 37, 43, 44, 38, 
Ego2  : 31, 25, 12, 18, 24, 28, 27, 33, 34, 40, 39, 
Other2: 37, 43, 44, 38, 32, 26, 2, 
prev cost: 28.9838, 3.10016, 32.084
cur cost : 36.7491, 10.8383, 47.5874
[0m[INFO] [1790607053.415639519, 33.709000000]: [FSM]: Drone 1 state: PUB_TRAJ[0m

Select: 2
Pair Opt id: 38, 43, 37, 28, 33, 39, 27, 40, 34, 44, 31, 
Missed: 12, 25, 18, 2, 24, 26, 32, 
Allocation time: 0.019
Ego1  : 31, 34, 40, 39, 33, 28, 27, 
Other1: 37, 43, 44, 38, 
Ego2  : 31, 25, 12, 18, 24, 28, 27, 33, 34, 40, 39, 
Other2: 37, 43, 44, 38, 32, 26, 2, 
prev cost: 28.9838, 3.10016, 32.084
cur cost : 36.7491, 10.8383, 47.5874
[0m[INFO] [1790607053.461393218, 33.755000000]: [FSM]: Drone 1 from PUB_TRAJ to EXEC_TRAJ[0m

Select: 2
Pair Opt id: 38, 43, 37, 28, 33, 39, 27, 40, 34, 44, 31, 
Missed: 12, 25, 18, 2, 24, 26, 32, 
Allocation time: 0.019
Ego1  : 31, 34, 40, 39, 33, 28, 27, 
Other1: 37, 43, 44, 38, 
Ego2  : 31, 25, 12, 18, 24, 28, 27, 33, 34, 40, 39, 
Other2: 37, 43, 44, 38, 32, 26, 2, 
prev cost: 28.9784, 3.09943, 32.0779
cur cost : 36.7437, 10.8376, 47.5813

Select: 2
Pair Opt id: 38, 43, 37, 28, 33, 39, 27, 40, 34, 44, 31, 
Missed: 12, 25, 18, 2, 24, 26, 32, 
Allocation time: 0.009
Ego1  : 31, 34, 40, 39, 33, 28, 27, 
Other1: 37, 43, 44, 38, 
Ego2  : 31, 25, 12, 18, 24, 28, 27, 33, 34, 40, 39, 
Other2: 37, 43, 44, 38, 32, 26, 2, 
prev cost: 28.9649, 3.07237, 32.0373
cur cost : 36.7302, 10.8105, 47.5407

Select: 2
Pair Opt id: 38, 43, 37, 28, 33, 39, 27, 40, 34, 44, 31, 
Missed: 12, 25, 18, 2, 24, 26, 32, 
Allocation time: 0.018
Ego1  : 31, 34, 40, 39, 33, 28, 27, 
Other1: 37, 43, 44, 38, 
Ego2  : 31, 25, 12, 18, 24, 28, 27, 33, 34, 40, 39, 
Other2: 37, 43, 44, 38, 32, 26, 2, 
prev cost: 28.954, 3.04632, 32.0003
cur cost : 36.7193, 10.7845, 47.5037

Select: 2
Pair Opt id: 38, 43, 37, 28, 33, 39, 27, 40, 34, 44, 31, 
Missed: 12, 25, 18, 2, 24, 26, 32, 
Allocation time: 0.018
Ego1  : 31, 34, 40, 39, 33, 28, 27, 
Other1: 37, 43, 44, 38, 
Ego2  : 31, 25, 12, 18, 24, 28, 27, 33, 34, 40, 39, 
Other2: 37, 43, 44, 38, 32, 26, 2, 
prev cost: 28.9399, 2.98773, 31.9276
cur cost : 36.7051, 10.7259, 47.431
Frontier num: 8, 14
Frontier cost mat size: 8
[0m[INFO] [1790607053.673993298, 33.965000000]: Drone 1: frontier t: 0.000000, viewpoint t: 0.009000, mat: 0.000000[0m
[0m[INFO] [1790607053.674022479, 33.965000000]: Total t: 0.009000[0m
[0m[INFO] [1790607053.674070879, 33.965000000]: [FSM]: Drone 1 from EXEC_TRAJ to PLAN_TRAJ[0m

Select: 2
Pair Opt id: 38, 43, 37, 28, 33, 39, 27, 40, 34, 44, 31, 
Missed: 12, 25, 18, 2, 24, 26, 32, 
Allocation time: 0.018
Ego1  : 31, 34, 40, 39, 33, 28, 27, 
Other1: 37, 43, 44, 38, 
Ego2  : 31, 25, 12, 18, 24, 28, 27, 33, 34, 40, 39, 
Other2: 37, 43, 44, 38, 32, 26, 2, 
prev cost: 28.9186, 2.95734, 31.876
cur cost : 36.6839, 10.6955, 47.3794
start pos: 2.64609  0.7656 1.77905, vel: -0.559131 0.0293375 -0.112576, acc:   -0.42877 -0.0218773  -0.177417
[0m[INFO] [1790607053.706178800, 33.993000000]: Find grid tour---------------[0m
Allocated grid: 31, 34, 40, 39, 33, 28, 27, 29, 
Grid tour: 31, 29, 28, 27, 34, 33, 39, 40, 
[0m[INFO] [1790607053.723606551, 34.011000000]: Find frontier tour, 1 involved------------[0m
[0m[INFO] [1790607053.729881645, 34.011000000]: Grid tour t: 0.018000, frontier tour t: 0.000000.[0m
Local refine graph size: 1, 15, 1, 
Next view: 0.75616 2.11047 1.67866, 2.17562
Mid goal
nlopt failure
Traj opt iter num: 74
[0m[INFO] [1790607053.731316529, 34.011000000]: Traj: 0.000000, yaw: 0.000000[0m
[0m[INFO] [1790607053.731393276, 34.011000000]: Total time: 0.018000[0m
[0m[INFO] [1790607053.731412619, 34.011000000]: [FSM]: Drone 1 from PLAN_TRAJ to PUB_TRAJ[0m

Select: 2
Pair Opt id: 43, 38, 39, 33, 34, 40, 27, 28, 29, 44, 31, 
Missed: 12, 25, 18, 2, 24, 26, 32, 
Allocation time: 0.018
Ego1  : 31, 29, 28, 27, 34, 33, 39, 40, 
Other1: 38, 44, 43, 
Ego2  : 31, 25, 29, 28, 27, 33, 39, 40, 34, 
Other2: 43, 44, 38, 32, 26, 2, 12, 18, 24, 
prev cost: 27.3404, 1.93133, 29.2717
cur cost : 36.2739, 18.3242, 54.5981

Select: 2
Pair Opt id: 43, 38, 39, 33, 34, 40, 27, 28, 29, 44, 31, 
Missed: 12, 25, 18, 2, 24, 26, 32, 
Allocation time: 0.018
Ego1  : 31, 29, 28, 27, 34, 33, 39, 40, 
Other1: 38, 44, 43, 
Ego2  : 31, 25, 29, 28, 27, 33, 39, 40, 34, 
Other2: 43, 44, 38, 32, 26, 2, 12, 18, 24, 
prev cost: 27.3404, 1.93133, 29.2717
cur cost : 36.2739, 18.3242, 54.5981

Select: 2
Pair Opt id: 43, 38, 39, 33, 34, 40, 27, 28, 29, 44, 31, 
Missed: 12, 25, 18, 2, 24, 26, 32, 
Allocation time: 0.018
Ego1  : 31, 29, 28, 27, 34, 33, 39, 40, 
Other1: 38, 44, 43, 
Ego2  : 31, 25, 29, 28, 27, 33, 39, 40, 34, 
Other2: 43, 44, 38, 32, 26, 2, 12, 18, 24, 
prev cost: 27.3404, 1.93133, 29.2717
cur cost : 36.2739, 18.3242, 54.5981
[0m[INFO] [1790607053.934720430, 34.215000000]: [FSM]: Drone 1 from PUB_TRAJ to EXEC_TRAJ[0m

Select: 2
Pair Opt id: 43, 38, 39, 33, 34, 40, 27, 28, 29, 44, 31, 
Missed: 12, 25, 18, 2, 24, 26, 32, 
Allocation time: 0.018
Ego1  : 31, 29, 28, 27, 34, 33, 39, 40, 
Other1: 38, 44, 43, 
Ego2  : 31, 25, 29, 28, 27, 33, 39, 40, 34, 
Other2: 43, 44, 38, 32, 26, 2, 12, 18, 24, 
prev cost: 27.0967, 1.91737, 29.0141
cur cost : 36.2805, 18.3292, 54.6098

Select: 2
Pair Opt id: 43, 38, 39, 33, 34, 40, 27, 28, 29, 44, 31, 
Missed: 12, 25, 18, 2, 24, 26, 32, 
Allocation time: 0.018
Ego1  : 31, 29, 28, 27, 34, 33, 39, 40, 
Other1: 38, 44, 43, 
Ego2  : 31, 25, 29, 28, 27, 33, 39, 40, 34, 
Other2: 43, 44, 38, 32, 26, 2, 12, 18, 24, 
prev cost: 27.1261, 1.86147, 28.9876
cur cost : 36.31, 18.3603, 54.6702

Select: 2
Pair Opt id: 43, 38, 39, 33, 34, 40, 27, 28, 29, 44, 31, 
Missed: 12, 25, 18, 2, 24, 26, 32, 
Allocation time: 0.018
Ego1  : 31, 29, 28, 27, 34, 33, 39, 40, 
Other1: 38, 44, 43, 
Ego2  : 31, 25, 29, 28, 27, 33, 39, 40, 34, 
Other2: 43, 44, 38, 32, 26, 2, 12, 18, 24, 
prev cost: 27.1525, 1.82789, 28.9804
cur cost : 36.3363, 18.385, 54.7213
Frontier num: 8, 14
Frontier cost mat size: 8
[0m[INFO] [1790607054.128578477, 34.408000000]: Drone 1: frontier t: 0.000000, viewpoint t: 0.010000, mat: 0.000000[0m
[0m[INFO] [1790607054.128602156, 34.408000000]: Total t: 0.010000[0m
[0m[INFO] [1790607054.128652973, 34.408000000]: [FSM]: Drone 1 from EXEC_TRAJ to PLAN_TRAJ[0m

Select: 2
Pair Opt id: 43, 38, 39, 33, 34, 40, 27, 28, 29, 44, 31, 
Missed: 12, 25, 18, 2, 24, 26, 32, 
Allocation time: 0.009
Ego1  : 31, 29, 28, 27, 34, 33, 39, 40, 
Other1: 38, 44, 43, 
Ego2  : 31, 25, 29, 28, 27, 33, 39, 40, 34, 
Other2: 43, 44, 38, 32, 26, 2, 12, 18, 24, 
prev cost: 27.0269, 1.77568, 28.8026
cur cost : 36.2107, 18.2737, 54.4845
start pos:  2.35624 0.783568  1.71552, vel: -0.678987 0.0430663 -0.160154, acc: -0.175943 0.0503771 -0.065229
[0m[INFO] [1790607054.191646496, 34.462000000]: Find grid tour---------------[0m
Allocated grid: 31, 29, 28, 27, 34, 33, 39, 40, 
Grid tour: 31, 29, 28, 27, 33, 39, 40, 34, 
[0m[INFO] [1790607054.245014500, 34.517000000]: Find frontier tour, 1 involved------------[0m
[0m[INFO] [1790607054.252474353, 34.517000000]: Grid tour t: 0.055000, frontier tour t: 0.000000.[0m
Local refine graph size: 1, 15, 1, 
Next view: 0.75616 2.11047 1.67866, 2.17562
Mid goal
nlopt failure
Traj opt iter num: 124
[0m[INFO] [1790607054.254099081, 34.517000000]: Traj: 0.000000, yaw: 0.000000[0m
[0m[INFO] [1790607054.254126428, 34.517000000]: Total time: 0.055000[0m
[0m[INFO] [1790607054.254140894, 34.517000000]: [FSM]: Drone 1 from PLAN_TRAJ to PUB_TRAJ[0m

Select: 2
Pair Opt id: 43, 38, 34, 39, 33, 40, 27, 28, 29, 44, 31, 
Missed: 12, 25, 18, 2, 24, 26, 32, 
Allocation time: 0.019
Ego1  : 31, 29, 28, 27, 33, 39, 40, 34, 
Other1: 38, 44, 43, 
Ego2  : 31, 25, 12, 18, 24, 40, 39, 33, 27, 28, 29, 34, 
Other2: 43, 44, 38, 32, 26, 2, 
prev cost: 29.4011, 1.60902, 31.0102
cur cost : 52.5607, 10.1064, 62.6671

Select: 2
Pair Opt id: 43, 38, 34, 39, 33, 40, 27, 28, 29, 44, 31, 
Missed: 12, 25, 18, 2, 24, 26, 32, 
Allocation time: 0.018
Ego1  : 31, 29, 28, 27, 33, 39, 40, 34, 
Other1: 38, 44, 43, 
Ego2  : 31, 25, 12, 18, 24, 40, 39, 33, 27, 28, 29, 34, 
Other2: 43, 44, 38, 32, 26, 2, 
prev cost: 29.4011, 1.60831, 31.0094
cur cost : 52.5607, 10.1066, 62.6674
[0m[INFO] [1790607054.423200173, 34.691000000]: [FSM]: Drone 1 from PUB_TRAJ to EXEC_TRAJ[0m

Select: 2
Pair Opt id: 43, 38, 34, 39, 33, 40, 27, 28, 29, 44, 31, 
Missed: 12, 25, 18, 2, 24, 26, 32, 
Allocation time: 0.018
Ego1  : 31, 29, 28, 27, 33, 39, 40, 34, 
Other1: 38, 44, 43, 
Ego2  : 31, 32, 26, 2, 24, 18, 12, 25, 
Other2: 38, 44, 43, 29, 28, 27, 33, 39, 40, 34, 
prev cost: 29.2201, 1.55039, 30.7705
cur cost : 21.2828, 38.2495, 59.5324
collision at: 0.660801  1.40495  1.41286
[0m[INFO] [1790607054.530807325, 34.792000000]: [safetyCallback]: Drone 1 from EXEC_TRAJ to PLAN_TRAJ[0m
[0m[INFO] [1790607054.531616354, 34.792000000]: [FSM]: Drone 1 state: PLAN_TRAJ[0m
Mid goal
Traj opt iter num: 106
[0m[INFO] [1790607054.532634613, 34.792000000]: Traj: 0.000000, yaw: 0.000000[0m
[0m[INFO] [1790607054.532711818, 34.792000000]: [FSM]: Drone 1 from PLAN_TRAJ to PUB_TRAJ[0m

Select: 2
Pair Opt id: 43, 38, 34, 39, 33, 40, 27, 28, 29, 44, 31, 
Missed: 12, 25, 18, 2, 24, 26, 32, 
Allocation time: 0.018
Ego1  : 31, 29, 28, 27, 33, 39, 40, 34, 
Other1: 38, 44, 43, 
Ego2  : 31, 32, 26, 2, 24, 18, 12, 25, 
Other2: 38, 44, 43, 29, 28, 27, 33, 39, 40, 34, 
prev cost: 28.9116, 1.49517, 30.4067
cur cost : 20.9743, 38.1943, 59.1686

Select: 2
Pair Opt id: 43, 34, 39, 33, 40, 27, 28, 29, 44, 31, 
Missed: 38, 12, 25, 18, 2, 24, 26, 32, 
Allocation time: 0.018
Ego1  : 31, 29, 28, 27, 33, 39, 40, 34, 
Other1: 43, 44, 
Ego2  : 31, 25, 12, 18, 24, 28, 27, 33, 39, 40, 29, 34, 
Other2: 43, 44, 38, 32, 26, 2, 
prev cost: 34.8126, 0.315446, 35.1281
cur cost : 51.992, 10.104, 62.096
[0m[INFO] [1790607054.754370217, 34.993000000]: [FSM]: Drone 1 from PUB_TRAJ to EXEC_TRAJ[0m

Select: 2
Pair Opt id: 43, 34, 39, 33, 40, 27, 28, 29, 44, 31, 
Missed: 38, 12, 25, 18, 2, 24, 26, 32, 
Allocation time: 0.009
Ego1  : 31, 29, 28, 27, 33, 39, 40, 34, 
Other1: 43, 44, 
Ego2  : 31, 25, 12, 18, 24, 28, 27, 33, 39, 40, 29, 34, 
Other2: 43, 44, 38, 32, 26, 2, 
prev cost: 34.8125, 0.315446, 35.1279
cur cost : 51.9918, 10.104, 62.0958
collision at: 0.696497  1.44954  1.43889
[0m[INFO] [1790607054.865447020, 35.100000000]: [safetyCallback]: Drone 1 from EXEC_TRAJ to PLAN_TRAJ[0m
Mid goal
Traj opt iter num: 115
[0m[INFO] [1790607054.867419714, 35.100000000]: Traj: 0.000000, yaw: 0.000000[0m
[0m[INFO] [1790607054.867461776, 35.100000000]: [FSM]: Drone 1 from PLAN_TRAJ to PUB_TRAJ[0m

Select: 2
Pair Opt id: 43, 34, 39, 33, 40, 27, 28, 29, 44, 31, 
Missed: 38, 12, 25, 18, 2, 24, 26, 32, 
Allocation time: 0.019
Ego1  : 31, 29, 28, 27, 33, 39, 40, 34, 
Other1: 43, 44, 
Ego2  : 31, 25, 12, 18, 24, 28, 27, 33, 39, 40, 29, 34, 
Other2: 43, 44, 38, 32, 26, 2, 
prev cost: 34.6692, 0.335071, 35.0043
cur cost : 51.8486, 10.1236, 61.9722

Select: 2
Pair Opt id: 43, 34, 39, 33, 40, 27, 28, 29, 44, 31, 
Missed: 38, 12, 25, 18, 2, 24, 26, 32, 
Allocation time: 0.019
Ego1  : 31, 29, 28, 27, 33, 39, 40, 34, 
Other1: 43, 44, 
Ego2  : 31, 25, 12, 18, 24, 28, 27, 33, 39, 40, 29, 34, 
Other2: 43, 44, 38, 32, 26, 2, 
prev cost: 34.6692, 0.381594, 35.0508
cur cost : 51.8486, 10.1701, 62.0187

Select: 2
Pair Opt id: 43, 34, 39, 33, 40, 27, 28, 29, 44, 31, 
Missed: 38, 12, 25, 18, 2, 24, 26, 32, 
Allocation time: 0.018
Ego1  : 31, 29, 28, 27, 33, 39, 40, 34, 
Other1: 43, 44, 
Ego2  : 31, 25, 12, 18, 24, 28, 27, 33, 39, 40, 29, 34, 
Other2: 43, 44, 38, 32, 26, 2, 
prev cost: 34.6692, 0.500231, 35.1694
cur cost : 51.8486, 10.2888, 62.1373
[0m[INFO] [1790607055.197003423, 35.386000000]: [FSM]: Drone 1 from PUB_TRAJ to EXEC_TRAJ[0m

Select: 2
Pair Opt id: 43, 34, 39, 33, 40, 27, 28, 29, 44, 31, 
Missed: 38, 12, 25, 18, 2, 24, 26, 32, 
Allocation time: 0.009
Ego1  : 31, 29, 28, 27, 33, 39, 40, 34, 
Other1: 43, 44, 
Ego2  : 31, 25, 12, 18, 24, 28, 27, 33, 39, 40, 29, 34, 
Other2: 43, 44, 38, 32, 26, 2, 
prev cost: 34.6409, 0.500231, 35.1412
cur cost : 51.8203, 10.2888, 62.1091

Select: 2
Pair Opt id: 43, 34, 39, 33, 40, 27, 28, 29, 44, 31, 
Missed: 38, 12, 25, 18, 2, 24, 26, 32, 
Allocation time: 0.009
Ego1  : 31, 29, 28, 27, 33, 39, 40, 34, 
Other1: 43, 44, 
Ego2  : 31, 25, 12, 18, 24, 28, 27, 33, 39, 40, 29, 34, 
Other2: 43, 44, 38, 32, 26, 2, 
prev cost: 34.8406, 0.497185, 35.3378
cur cost : 52.0199, 10.2857, 62.3057
Frontier num: 7, 13
Frontier cost mat size: 7
[0m[INFO] [1790607055.394750289, 35.587000000]: Drone 1: frontier t: 0.009000, viewpoint t: 0.000000, mat: 0.000000[0m
[0m[INFO] [1790607055.394777219, 35.587000000]: Total t: 0.009000[0m
[0m[INFO] [1790607055.394826577, 35.587000000]: [FSM]: Drone 1 from EXEC_TRAJ to PLAN_TRAJ[0m

Select: 2
Pair Opt id: 43, 34, 39, 33, 40, 27, 28, 29, 44, 31, 
Missed: 38, 12, 25, 18, 2, 24, 26, 32, 
Allocation time: 0.019
Ego1  : 31, 29, 28, 27, 33, 39, 40, 34, 
Other1: 43, 44, 
Ego2  : 31, 25, 12, 18, 24, 28, 27, 33, 39, 40, 29, 34, 
Other2: 43, 44, 38, 32, 26, 2, 
prev cost: 34.6138, 0.507691, 35.1215
cur cost : 51.7932, 10.2962, 62.0894
start pos:   1.5272 0.918754  1.52315, vel: -0.617464    0.2094 -0.122315, acc: 0.189841 0.218286 0.108727
[0m[INFO] [1790607055.498044160, 35.688000000]: Find grid tour---------------[0m
Allocated grid: 31, 28, 27, 33, 39, 40, 
Grid tour: 31, 28, 27, 33, 39, 40, 
[0m[INFO] [1790607055.505187564, 35.697000000]: Find frontier tour, 1 involved------------[0m
[0m[INFO] [1790607055.510898501, 35.697000000]: Grid tour t: 0.009000, frontier tour t: 0.000000.[0m
Local refine graph size: 1, 15, 1, 
Next view: 0.75616 2.11047 1.67866, 2.17562
nlopt failure
Traj opt iter num: 149
[0m[INFO] [1790607055.511768894, 35.697000000]: Traj: 0.000000, yaw: 0.000000[0m
[0m[INFO] [1790607055.511782568, 35.697000000]: Total time: 0.009000[0m
[0m[INFO] [1790607055.511790614, 35.697000000]: [FSM]: Drone 1 from PLAN_TRAJ to PUB_TRAJ[0m

Select: 2
Pair Opt id: 43, 39, 33, 40, 27, 28, 44, 31, 
Missed: 12, 25, 38, 18, 2, 24, 26, 32, 
Allocation time: 0.019
Ego1  : 31, 28, 27, 33, 39, 40, 
Other1: 43, 44, 
Ego2  : 31, 25, 12, 18, 24, 28, 27, 33, 39, 40, 
Other2: 43, 44, 38, 32, 26, 2, 
prev cost: 24.3246, 0.703733, 25.0284
cur cost : 33.862, 10.4923, 44.3543

Select: 2
Pair Opt id: 43, 39, 33, 40, 27, 28, 44, 31, 
Missed: 12, 25, 38, 18, 2, 24, 26, 32, 
Allocation time: 0.009
Ego1  : 31, 28, 27, 33, 39, 40, 
Other1: 43, 44, 
Ego2  : 31, 25, 12, 18, 24, 28, 27, 33, 39, 40, 
Other2: 43, 44, 38, 32, 26, 2, 
prev cost: 24.3246, 0.703733, 25.0284
cur cost : 33.862, 10.4923, 44.3543

Select: 2
Pair Opt id: 43, 39, 33, 40, 27, 28, 44, 31, 
Missed: 12, 25, 38, 18, 2, 24, 26, 32, 
Allocation time: 0.009
Ego1  : 31, 28, 27, 33, 39, 40, 
Other1: 43, 44, 
Ego2  : 31, 25, 12, 18, 24, 28, 27, 33, 39, 40, 
Other2: 43, 44, 38, 32, 26, 2, 
prev cost: 24.3246, 0.703733, 25.0284
cur cost : 33.862, 10.4923, 44.3543
[0m[INFO] [1790607055.615323896, 35.798000000]: [FSM]: Drone 1 state: PUB_TRAJ[0m

Select: 2
Pair Opt id: 43, 39, 33, 40, 27, 28, 44, 31, 
Missed: 12, 25, 38, 18, 2, 24, 26, 32, 
Allocation time: 0.019
Ego1  : 31, 28, 27, 33, 39, 40, 
Other1: 43, 44, 
Ego2  : 31, 25, 12, 18, 24, 28, 27, 33, 39, 40, 
Other2: 43, 44, 38, 32, 26, 2, 
prev cost: 24.3246, 0.703733, 25.0284
cur cost : 33.862, 10.4923, 44.3543
[0m[INFO] [1790607055.703709609, 35.889000000]: [FSM]: Drone 1 from PUB_TRAJ to EXEC_TRAJ[0m

Select: 2
Pair Opt id: 43, 39, 33, 40, 27, 28, 44, 31, 
Missed: 12, 25, 38, 18, 2, 24, 26, 32, 
Allocation time: 0.009
Ego1  : 31, 28, 27, 33, 39, 40, 
Other1: 43, 44, 
Ego2  : 31, 25, 12, 18, 24, 28, 27, 33, 39, 40, 
Other2: 43, 44, 38, 32, 26, 2, 
prev cost: 24.3246, 0.69743, 25.0221
cur cost : 33.862, 10.486, 44.348

Select: 2
Pair Opt id: 43, 39, 33, 40, 27, 28, 44, 31, 
Missed: 12, 25, 38, 18, 2, 24, 26, 32, 
Allocation time: 0.009
Ego1  : 31, 28, 27, 33, 39, 40, 
Other1: 43, 44, 
Ego2  : 31, 25, 12, 18, 24, 28, 27, 33, 39, 40, 
Other2: 43, 44, 38, 32, 26, 2, 
prev cost: 24.0898, 0.596494, 24.6863
cur cost : 33.6272, 10.385, 44.0122

Select: 2
Pair Opt id: 43, 39, 33, 40, 27, 28, 44, 31, 
Missed: 12, 25, 38, 18, 2, 24, 26, 32, 
Allocation time: 0.009
Ego1  : 31, 28, 27, 33, 39, 40, 
Other1: 43, 44, 
Ego2  : 31, 25, 12, 18, 24, 28, 27, 33, 39, 40, 
Other2: 43, 44, 38, 32, 26, 2, 
prev cost: 24.0824, 0.579122, 24.6615
cur cost : 33.6198, 10.3677, 43.9874

Select: 2
Pair Opt id: 43, 39, 33, 40, 27, 28, 44, 31, 
Missed: 12, 25, 38, 18, 2, 24, 26, 32, 
Allocation time: 0.009
Ego1  : 31, 28, 27, 33, 39, 40, 
Other1: 43, 44, 
Ego2  : 31, 25, 12, 18, 24, 28, 27, 33, 39, 40, 
Other2: 43, 44, 38, 32, 26, 2, 
prev cost: 24.0774, 0.543882, 24.6213
cur cost : 33.6147, 10.3324, 43.9472
Frontier num: 7, 13
Frontier cost mat size: 7
[0m[INFO] [1790607055.921457928, 36.090000000]: Drone 1: frontier t: 0.000000, viewpoint t: 0.000000, mat: 0.000000[0m
[0m[INFO] [1790607055.921490153, 36.090000000]: Total t: 0.000000[0m
[0m[INFO] [1790607055.921548974, 36.090000000]: [FSM]: Drone 1 from EXEC_TRAJ to PLAN_TRAJ[0m

Select: 2
Pair Opt id: 43, 39, 33, 40, 27, 28, 44, 31, 
Missed: 12, 25, 38, 18, 2, 24, 26, 32, 
Allocation time: 0.009
Ego1  : 31, 28, 27, 33, 39, 40, 
Other1: 43, 44, 
Ego2  : 31, 25, 12, 18, 24, 28, 27, 33, 39, 40, 
Other2: 43, 44, 38, 32, 26, 2, 
prev cost: 24.0743, 0.423122, 24.4974
cur cost : 33.6116, 10.2117, 43.8233
start pos: 1.28775 1.04386 1.48813, vel: -0.498104  0.352023 -0.046139, acc: 0.311084 0.310764 0.190343
[0m[INFO] [1790607055.941825190, 36.118000000]: Find grid tour---------------[0m
Allocated grid: 31, 28, 27, 33, 39, 40, 
Grid tour: 31, 28, 27, 33, 39, 40, 
[0m[INFO] [1790607055.949422362, 36.118000000]: Find frontier tour, 1 involved------------[0m
[0m[INFO] [1790607055.955748107, 36.127000000]: Grid tour t: 0.000000, frontier tour t: 0.009000.[0m
Local refine graph size: 1, 15, 1, 
Next view: 0.75616 2.11047 1.67866, 2.17562
Traj opt iter num: 155
[0m[INFO] [1790607055.956886217, 36.127000000]: Traj: 0.000000, yaw: 0.000000[0m
[0m[INFO] [1790607055.956908853, 36.127000000]: Total time: 0.009000[0m
[0m[INFO] [1790607055.956918025, 36.127000000]: [FSM]: Drone 1 from PLAN_TRAJ to PUB_TRAJ[0m

Select: 2
Pair Opt id: 43, 39, 33, 40, 27, 28, 44, 31, 
Missed: 12, 25, 38, 18, 2, 24, 26, 32, 
Allocation time: 0.009
Ego1  : 31, 28, 27, 33, 39, 40, 
Other1: 43, 44, 
Ego2  : 31, 25, 12, 18, 24, 28, 27, 33, 39, 40, 
Other2: 43, 44, 38, 32, 26, 2, 
prev cost: 24.2049, 0.423122, 24.6281
cur cost : 38.6423, 10.2117, 48.854

Select: 2
Pair Opt id: 43, 39, 33, 40, 27, 28, 44, 31, 
Missed: 12, 25, 38, 18, 2, 24, 26, 32, 
Allocation time: 0.018
Ego1  : 31, 28, 27, 33, 39, 40, 
Other1: 43, 44, 
Ego2  : 31, 25, 12, 18, 24, 28, 27, 33, 39, 40, 
Other2: 43, 44, 38, 32, 26, 2, 
prev cost: 24.2049, 0.423122, 24.6281
cur cost : 33.7292, 10.2117, 43.9408

Select: 2
Pair Opt id: 43, 39, 33, 40, 27, 28, 44, 31, 
Missed: 12, 25, 38, 18, 2, 24, 26, 32, 
Allocation time: 0.018
Ego1  : 31, 28, 27, 33, 39, 40, 
Other1: 43, 44, 
Ego2  : 31, 25, 12, 18, 24, 28, 27, 33, 39, 40, 
Other2: 43, 44, 38, 32, 26, 2, 
prev cost: 24.2049, 0.423122, 24.6281
cur cost : 33.7292, 10.2117, 43.9408

Select: 2
Pair Opt id: 43, 39, 33, 40, 27, 28, 44, 31, 
Missed: 12, 25, 38, 18, 2, 24, 26, 32, 
Allocation time: 0.009
Ego1  : 31, 28, 27, 33, 39, 40, 
Other1: 43, 44, 
Ego2  : 31, 25, 12, 18, 24, 28, 27, 33, 39, 40, 
Other2: 43, 44, 38, 32, 26, 2, 
prev cost: 24.2049, 0.416992, 24.6219
cur cost : 33.7292, 10.2055, 43.9347
[0m[INFO] [1790607056.156693571, 36.319000000]: [FSM]: Drone 1 from PUB_TRAJ to EXEC_TRAJ[0m

Select: 2
Pair Opt id: 43, 39, 33, 40, 27, 28, 44, 31, 
Missed: 12, 25, 38, 18, 2, 24, 26, 32, 
Allocation time: 0.009
Ego1  : 31, 28, 27, 33, 39, 40, 
Other1: 43, 44, 
Ego2  : 31, 25, 12, 18, 24, 28, 27, 33, 39, 40, 
Other2: 43, 44, 38, 32, 26, 2, 
prev cost: 24.1943, 0.393791, 24.5881
cur cost : 33.7186, 10.1823, 43.9009

Select: 2
Pair Opt id: 43, 39, 33, 40, 27, 28, 44, 31, 
Missed: 12, 25, 38, 18, 2, 24, 26, 32, 
Allocation time: 0.019
Ego1  : 31, 28, 27, 33, 39, 40, 
Other1: 43, 44, 
Ego2  : 31, 25, 12, 18, 24, 28, 27, 33, 39, 40, 
Other2: 43, 44, 38, 32, 26, 2, 
prev cost: 24.1696, 0.364005, 24.5336
cur cost : 33.6939, 10.1526, 43.8464

Select: 2
Pair Opt id: 43, 39, 33, 40, 27, 28, 44, 31, 
Missed: 12, 25, 38, 18, 2, 24, 26, 32, 
Allocation time: 0.009
Ego1  : 31, 28, 27, 33, 39, 40, 
Other1: 43, 44, 
Ego2  : 31, 25, 12, 18, 24, 28, 27, 33, 39, 40, 
Other2: 43, 44, 38, 32, 26, 2, 
prev cost: 23.9275, 0.315725, 24.2432
cur cost : 33.4806, 10.1043, 43.5849

Select: 2
Pair Opt id: 43, 39, 33, 40, 27, 28, 44, 31, 
Missed: 12, 25, 38, 18, 2, 24, 26, 32, 
Allocation time: 0.018
Ego1  : 31, 28, 27, 33, 39, 40, 
Other1: 43, 44, 
Ego2  : 31, 25, 12, 18, 24, 28, 27, 33, 39, 40, 
Other2: 43, 44, 38, 32, 26, 2, 
prev cost: 23.8787, 0.285443, 24.1641
cur cost : 33.4318, 10.074, 43.5058
Frontier num: 7, 14
Frontier cost mat size: 7
[0m[INFO] [1790607056.387956728, 36.533000000]: Drone 1: frontier t: 0.000000, viewpoint t: 0.000000, mat: 0.000000[0m
[0m[INFO] [1790607056.387985492, 36.533000000]: Total t: 0.000000[0m
[0m[INFO] [1790607056.388030265, 36.533000000]: [FSM]: Drone 1 from EXEC_TRAJ to PLAN_TRAJ[0m
start pos: 1.10465 1.23821 1.49222, vel: -0.356429  0.523412 0.0563807, acc: 0.348076 0.312415 0.225342
[0m[INFO] [1790607056.389366975, 36.542000000]: Find grid tour---------------[0m
Allocated grid: 31, 28, 27, 33, 39, 40, 
Grid tour: 31, 28, 27, 33, 39, 40, 
[0m[INFO] [1790607056.397569449, 36.551000000]: Find frontier tour, 1 involved------------[0m
[0m[INFO] [1790607056.406324866, 36.551000000]: Grid tour t: 0.009000, frontier tour t: 0.000000.[0m
Local refine graph size: 1, 15, 1, 
Next view: 0.75616 2.11047 1.67866, 2.17562
Traj opt iter num: 173
[0m[INFO] [1790607056.407990532, 36.560000000]: Traj: 0.009000, yaw: 0.000000[0m
[0m[INFO] [1790607056.408041224, 36.560000000]: Total time: 0.018000[0m
[0m[INFO] [1790607056.408056898, 36.560000000]: [FSM]: Drone 1 from PLAN_TRAJ to PUB_TRAJ[0m

Select: 2
Pair Opt id: 43, 39, 33, 40, 27, 28, 44, 31, 
Missed: 12, 25, 38, 18, 2, 26, 32, 
Allocation time: 0.018
Ego1  : 31, 28, 27, 33, 39, 40, 
Other1: 43, 44, 
Ego2  : 31, 25, 12, 18, 28, 27, 33, 39, 40, 
Other2: 43, 44, 38, 32, 26, 2, 
prev cost: 23.8644, 0.184579, 24.049
cur cost : 31.6882, 9.97313, 41.6614

Select: 2
Pair Opt id: 43, 39, 33, 40, 27, 28, 44, 31, 
Missed: 12, 25, 38, 18, 2, 26, 32, 
Allocation time: 0.01
Ego1  : 31, 28, 27, 33, 39, 40, 
Other1: 43, 44, 
Ego2  : 31, 25, 12, 18, 28, 27, 33, 39, 40, 
Other2: 43, 44, 38, 32, 26, 2, 
prev cost: 23.8644, 0.184579, 24.049
cur cost : 31.6882, 9.97313, 41.6614

Select: 2
Pair Opt id: 43, 39, 33, 40, 27, 28, 44, 31, 
Missed: 12, 25, 38, 18, 2, 26, 32, 
Allocation time: 0.009
Ego1  : 31, 28, 27, 33, 39, 40, 
Other1: 43, 44, 
Ego2  : 31, 25, 12, 18, 28, 27, 33, 39, 40, 
Other2: 43, 44, 38, 32, 26, 2, 
prev cost: 23.8644, 0.184579, 24.049
cur cost : 31.6882, 9.97313, 41.6614

Select: 2
Pair Opt id: 43, 39, 33, 40, 27, 28, 44, 31, 
Missed: 12, 25, 38, 18, 2, 26, 32, 
Allocation time: 0.009
Ego1  : 31, 28, 27, 33, 39, 40, 
Other1: 43, 44, 
Ego2  : 31, 25, 12, 18, 28, 27, 33, 39, 40, 
Other2: 43, 44, 38, 32, 26, 2, 
prev cost: 23.8644, 0.184579, 24.049
cur cost : 31.6882, 9.97313, 41.6614
[0m[INFO] [1790607056.596693628, 36.743000000]: [FSM]: Drone 1 from PUB_TRAJ to EXEC_TRAJ[0m

Select: 2
Pair Opt id: 43, 39, 33, 40, 27, 28, 44, 31, 
Missed: 12, 25, 38, 18, 2, 26, 32, 
Allocation time: 0.009
Ego1  : 31, 28, 27, 33, 39, 40, 
Other1: 43, 44, 
Ego2  : 31, 25, 12, 18, 28, 27, 33, 39, 40, 
Other2: 43, 44, 38, 32, 26, 2, 
prev cost: 23.864, 0.173904, 24.0379
cur cost : 31.6878, 9.96245, 41.6503

Select: 2
Pair Opt id: 43, 39, 33, 40, 27, 28, 44, 31, 
Missed: 12, 25, 38, 18, 2, 26, 32, 
Allocation time: 0.009
Ego1  : 31, 28, 27, 33, 39, 40, 
Other1: 43, 44, 
Ego2  : 31, 25, 12, 18, 28, 27, 33, 39, 40, 
Other2: 43, 44, 38, 32, 26, 2, 
prev cost: 23.8502, 0.167162, 24.0173
cur cost : 31.674, 9.95571, 41.6297
[0m[INFO] [1790607056.666447696, 36.798000000]: [FSM]: Drone 1 state: EXEC_TRAJ[0m

Select: 2
Pair Opt id: 43, 39, 33, 40, 27, 28, 44, 31, 
Missed: 12, 25, 38, 18, 2, 26, 32, 
Allocation time: 0.01
Ego1  : 31, 28, 27, 33, 39, 40, 
Other1: 43, 44, 
Ego2  : 31, 25, 12, 18, 28, 27, 33, 39, 40, 
Other2: 43, 44, 38, 32, 26, 2, 
prev cost: 23.8339, 0.28643, 24.1203
cur cost : 31.6577, 10.075, 41.7326

Select: 2
Pair Opt id: 43, 39, 33, 40, 27, 28, 44, 31, 
Missed: 12, 25, 38, 18, 2, 26, 32, 
Allocation time: 0.009
Ego1  : 31, 28, 27, 33, 39, 40, 
Other1: 43, 44, 
Ego2  : 31, 25, 12, 18, 28, 27, 33, 39, 40, 
Other2: 43, 44, 38, 32, 26, 2, 
prev cost: 23.8203, 0.266957, 24.0873
cur cost : 31.6441, 10.0555, 41.6996

Select: 2
Pair Opt id: 43, 39, 33, 40, 27, 28, 44, 31, 
Missed: 12, 25, 38, 18, 2, 26, 32, 
Allocation time: 0.009
Ego1  : 31, 28, 27, 33, 39, 40, 
Other1: 44, 43, 
Ego2  : 31, 25, 12, 18, 28, 27, 33, 39, 40, 
Other2: 43, 44, 38, 32, 26, 2, 
prev cost: 23.8023, -0.264376, 23.5379
cur cost : 31.6261, 9.88912, 41.5152
Frontier num: 7, 12
Frontier cost mat size: 7
[0m[INFO] [1790607056.839606607, 36.968000000]: Drone 1: frontier t: 0.009000, viewpoint t: 0.000000, mat: 0.000000[0m
[0m[INFO] [1790607056.839635246, 36.968000000]: Total t: 0.009000[0m
[0m[INFO] [1790607056.839733295, 36.968000000]: [FSM]: Drone 1 from EXEC_TRAJ to PLAN_TRAJ[0m
start pos: 1.04231 1.49217  1.5328, vel: -0.045391  0.643505  0.123621, acc: 0.507696 0.144857 0.090969
[0m[INFO] [1790607056.839848811, 36.968000000]: Find grid tour---------------[0m
Allocated grid: 31, 28, 27, 33, 39, 40, 
Grid tour: 31, 28, 27, 33, 39, 40, 
[0m[INFO] [1790607056.848113192, 36.978000000]: Find frontier tour, 1 involved------------[0m
[0m[INFO] [1790607056.854453944, 36.987000000]: Grid tour t: 0.010000, frontier tour t: 0.009000.[0m
Local refine graph size: 1, 15, 1, 
Next view: 0.75616 2.11047 1.67866, 2.17562
Traj opt iter num: 313
[0m[INFO] [1790607056.857920634, 36.987000000]: Traj: 0.000000, yaw: 0.000000[0m
[0m[INFO] [1790607056.857946898, 36.987000000]: Total time: 0.019000[0m
[0m[INFO] [1790607056.857956778, 36.987000000]: [FSM]: Drone 1 from PLAN_TRAJ to PUB_TRAJ[0m

Select: 2
Pair Opt id: 43, 39, 33, 40, 27, 28, 44, 31, 
Missed: 12, 25, 38, 18, 2, 26, 32, 
Allocation time: 0.018
Ego1  : 31, 28, 27, 33, 39, 40, 
Other1: 44, 43, 
Ego2  : 31, 25, 12, 18, 28, 27, 33, 39, 40, 
Other2: 43, 44, 38, 32, 26, 2, 
prev cost: 23.6387, -0.264376, 23.3743
cur cost : 31.5245, 9.8896, 41.4141

Select: 2
Pair Opt id: 43, 39, 33, 40, 27, 28, 44, 31, 
Missed: 12, 25, 38, 18, 2, 26, 32, 
Allocation time: 0.009
Ego1  : 31, 28, 27, 33, 39, 40, 
Other1: 44, 43, 
Ego2  : 31, 25, 12, 18, 28, 27, 33, 39, 40, 
Other2: 43, 44, 38, 32, 26, 2, 
prev cost: 23.6387, -0.264376, 23.3743
cur cost : 31.5245, 9.8896, 41.4141

Select: 2
Pair Opt id: 43, 39, 33, 40, 27, 28, 44, 31, 
Missed: 12, 25, 38, 18, 2, 26, 32, 
Allocation time: 0.018
Ego1  : 31, 28, 27, 33, 39, 40, 
Other1: 44, 43, 
Ego2  : 31, 25, 12, 18, 28, 27, 33, 39, 40, 
Other2: 43, 44, 38, 32, 26, 2, 
prev cost: 23.6387, -0.264376, 23.3743
cur cost : 31.5245, 9.8896, 41.4141

Select: 2
Pair Opt id: 43, 39, 33, 40, 27, 28, 44, 31, 
Missed: 12, 25, 38, 18, 2, 26, 32, 
Allocation time: 0.019
Ego1  : 31, 28, 27, 33, 39, 40, 
Other1: 44, 43, 
Ego2  : 31, 25, 12, 18, 28, 27, 33, 39, 40, 
Other2: 43, 44, 38, 32, 26, 2, 
prev cost: 23.6387, -0.269846, 23.3688
cur cost : 31.5245, 9.88508, 41.4096
[0m[INFO] [1790607057.044402704, 37.170000000]: [FSM]: Drone 1 from PUB_TRAJ to EXEC_TRAJ[0m

Select: 2
Pair Opt id: 43, 39, 33, 40, 27, 28, 44, 31, 
Missed: 12, 25, 38, 18, 2, 26, 32, 
Allocation time: 0.009
Ego1  : 31, 28, 27, 33, 39, 40, 
Other1: 44, 43, 
Ego2  : 31, 25, 12, 18, 28, 27, 33, 39, 40, 
Other2: 43, 44, 38, 32, 26, 2, 
prev cost: 23.6328, -0.28694, 23.3458
cur cost : 31.5186, 9.87094, 41.3895

Select: 2
Pair Opt id: 43, 39, 33, 40, 27, 28, 44, 31, 
Missed: 12, 25, 38, 18, 2, 26, 32, 
Allocation time: 0.009
Ego1  : 31, 28, 27, 33, 39, 40, 
Other1: 44, 43, 
Ego2  : 31, 25, 12, 18, 28, 27, 33, 39, 40, 
Other2: 43, 44, 38, 32, 26, 2, 
prev cost: 23.6045, -0.321314, 23.2832
cur cost : 31.4904, 9.84244, 41.3328

Select: 2
Pair Opt id: 43, 39, 33, 40, 27, 28, 44, 31, 
Missed: 12, 25, 38, 18, 2, 26, 32, 
Allocation time: 0.009
Ego1  : 31, 28, 27, 33, 39, 40, 
Other1: 44, 43, 
Ego2  : 31, 25, 12, 18, 28, 27, 33, 39, 40, 
Other2: 43, 44, 38, 32, 26, 2, 
prev cost: 23.5914, -0.334164, 23.2573
cur cost : 31.4773, 9.8317, 41.309

Select: 2
Pair Opt id: 43, 39, 33, 40, 27, 28, 44, 31, 
Missed: 12, 25, 38, 18, 2, 26, 32, 
Allocation time: 0.01
Ego1  : 31, 28, 27, 33, 39, 40, 
Other1: 44, 43, 
Ego2  : 31, 25, 12, 18, 28, 27, 33, 39, 40, 
Other2: 43, 44, 38, 32, 26, 2, 
prev cost: 23.5609, -0.347527, 23.2133
cur cost : 31.4467, 9.82039, 41.2671
Frontier num: 7, 12
Frontier cost mat size: 7
[0m[INFO] [1790607057.266039926, 37.380000000]: Drone 1: frontier t: 0.009000, viewpoint t: 0.000000, mat: 0.000000[0m
[0m[INFO] [1790607057.266064188, 37.380000000]: Total t: 0.009000[0m
[0m[INFO] [1790607057.266112170, 37.380000000]: [FSM]: Drone 1 from EXEC_TRAJ to PLAN_TRAJ[0m
start pos: 1.11896 1.75093 1.58827, vel: 0.314417  0.59437  0.13716, acc:   0.732501  -0.222353 -0.0138422
[0m[INFO] [1790607057.267046220, 37.380000000]: Find grid tour---------------[0m
Allocated grid: 31, 28, 27, 33, 39, 40, 
Grid tour: 31, 28, 27, 33, 39, 40, 
[0m[INFO] [1790607057.277065019, 37.389000000]: Find frontier tour, 1 involved------------[0m
[0m[INFO] [1790607057.284654437, 37.398000000]: Grid tour t: 0.009000, frontier tour t: 0.009000.[0m
Local refine graph size: 1, 11, 1, 
Next view: 1.12394 2.30806 1.67502, 2.24739
Traj opt iter num: 199
[0m[INFO] [1790607057.286386010, 37.398000000]: Traj: 0.000000, yaw: 0.000000[0m
[0m[INFO] [1790607057.286396349, 37.398000000]: Total time: 0.018000[0m
[0m[INFO] [1790607057.286405270, 37.398000000]: [FSM]: Drone 1 from PLAN_TRAJ to PUB_TRAJ[0m

Select: 2
Pair Opt id: 39, 33, 40, 27, 28, 31, 
Missed: 44, 43, 12, 25, 38, 18, 2, 26, 32, 
Allocation time: 0.01
Ego1  : 31, 28, 27, 33, 39, 40, 
Other1: 
Ego2  : 31, 25, 12, 18, 28, 27, 33, 39, 40, 
Other2: 43, 44, 38, 32, 26, 2, 
prev cost: 23.5545, 0, 23.5545
cur cost : 31.3703, 15.0121, 46.3823

Select: 2
Pair Opt id: 39, 33, 40, 27, 28, 31, 
Missed: 44, 43, 12, 25, 38, 18, 2, 26, 32, 
Allocation time: 0.018
Ego1  : 31, 28, 27, 33, 39, 40, 
Other1: 
Ego2  : 31, 25, 12, 18, 28, 27, 33, 39, 40, 
Other2: 43, 44, 38, 32, 26, 2, 
prev cost: 23.4255, 0, 23.4255
cur cost : 36.3301, 15.1095, 51.4396

Select: 2
Pair Opt id: 39, 33, 40, 27, 28, 31, 
Missed: 44, 43, 12, 25, 38, 18, 2, 26, 32, 
Allocation time: 0.009
Ego1  : 31, 28, 27, 33, 39, 40, 
Other1: 
Ego2  : 31, 25, 12, 18, 28, 27, 33, 39, 40, 
Other2: 43, 44, 38, 32, 26, 2, 
prev cost: 23.4255, 0, 23.4255
cur cost : 36.3301, 15.0873, 51.4174

Select: 2
Pair Opt id: 39, 33, 40, 27, 28, 31, 
Missed: 44, 43, 12, 25, 38, 18, 2, 26, 32, 
Allocation time: 0.009
Ego1  : 31, 28, 27, 33, 39, 40, 
Other1: 
Ego2  : 31, 25, 12, 18, 28, 27, 33, 39, 40, 
Other2: 43, 44, 38, 32, 26, 2, 
prev cost: 23.4255, 0, 23.4255
cur cost : 36.3301, 15.0669, 51.397
[0m[INFO] [1790607057.470082188, 37.581000000]: [FSM]: Drone 1 from PUB_TRAJ to EXEC_TRAJ[0m

Select: 2
Pair Opt id: 39, 33, 40, 27, 28, 31, 
Missed: 44, 43, 12, 25, 38, 18, 2, 26, 32, 
Allocation time: 0.019
Ego1  : 31, 28, 27, 33, 39, 40, 
Other1: 
Ego2  : 31, 25, 12, 18, 28, 27, 33, 39, 40, 
Other2: 43, 44, 38, 32, 26, 2, 
prev cost: 23.4252, 0, 23.4252
cur cost : 36.3298, 15.0453, 51.3751

Select: 2
Pair Opt id: 39, 33, 40, 27, 28, 31, 
Missed: 44, 43, 12, 25, 38, 18, 2, 26, 32, 
Allocation time: 0.019
Ego1  : 31, 28, 27, 33, 39, 40, 
Other1: 
Ego2  : 31, 25, 12, 18, 28, 27, 33, 39, 40, 
Other2: 43, 44, 38, 32, 26, 2, 
prev cost: 23.4182, 0, 23.4182
cur cost : 36.147, 15.0059, 51.1529

Select: 2
Pair Opt id: 39, 33, 40, 27, 28, 31, 
Missed: 44, 43, 12, 25, 38, 18, 2, 26, 32, 
Allocation time: 0.018
Ego1  : 31, 28, 27, 33, 39, 40, 
Other1: 
Ego2  : 31, 25, 12, 18, 28, 27, 33, 39, 40, 
Other2: 43, 44, 38, 32, 26, 2, 
prev cost: 23.412, 0, 23.412
cur cost : 36.1409, 14.9951, 51.1359

Select: 2
Pair Opt id: 39, 33, 40, 27, 28, 31, 
Missed: 44, 43, 12, 25, 38, 18, 2, 26, 32, 
Allocation time: 0.009
Ego1  : 31, 28, 27, 33, 39, 40, 
Other1: 
Ego2  : 31, 25, 12, 18, 28, 27, 33, 39, 40, 
Other2: 43, 44, 38, 32, 26, 2, 
prev cost: 23.4111, 0, 23.4111
cur cost : 36.14, 14.9399, 51.0798
Frontier num: 6, 14
Frontier cost mat size: 6
[0m[INFO] [1790607057.685476331, 37.783000000]: Drone 1: frontier t: 0.000000, viewpoint t: 0.000000, mat: 0.000000[0m
[0m[INFO] [1790607057.685505887, 37.783000000]: Total t: 0.000000[0m
[0m[INFO] [1790607057.685554287, 37.783000000]: [FSM]: Drone 1 from EXEC_TRAJ to PLAN_TRAJ[0m

Select: 2
Pair Opt id: 39, 33, 40, 27, 28, 31, 
Missed: 44, 43, 12, 25, 38, 18, 2, 26, 32, 
Allocation time: 0.009
Ego1  : 31, 28, 27, 33, 39, 40, 
Other1: 
Ego2  : 31, 25, 12, 18, 28, 27, 33, 39, 40, 
Other2: 43, 44, 38, 32, 26, 2, 
prev cost: 23.414, 0, 23.414
cur cost : 36.1429, 14.9117, 51.0546
[0m[INFO] [1790607057.704947937, 37.801000000]: [FSM]: Drone 1 state: PLAN_TRAJ[0m
start pos: 1.28191 1.97825 1.63808, vel:  0.246223  0.518278 0.0923605, acc:  -0.833486 -0.0312111  -0.168555
[0m[INFO] [1790607057.705058534, 37.801000000]: Find grid tour---------------[0m
Allocated grid: 28, 27, 33, 39, 40, 
Grid tour: 28, 27, 33, 39, 40, 
[0m[INFO] [1790607057.712540523, 37.810000000]: Find frontier tour, 1 involved------------[0m
[0m[INFO] [1790607057.716906371, 37.810000000]: Grid tour t: 0.009000, frontier tour t: 0.000000.[0m
Local refine graph size: 1, 9, 1, 
Next view:  1.52277 -2.27498  1.34085, -1.43788
Mid goal
nlopt failure
Traj opt iter num: 349
[0m[INFO] [1790607057.719604803, 37.819000000]: Traj: 0.009000, yaw: 0.000000[0m
[0m[INFO] [1790607057.719623813, 37.819000000]: Total time: 0.018000[0m
[0m[INFO] [1790607057.719631942, 37.819000000]: [FSM]: Drone 1 from PLAN_TRAJ to PUB_TRAJ[0m

Select: 2
Pair Opt id: 39, 33, 40, 27, 28, 
Missed: 44, 2, 12, 25, 38, 18, 26, 32, 43, 
Allocation time: 0.01
Ego1  : 28, 27, 33, 39, 40, 
Other1: 
Ego2  : 25, 2, 12, 18, 28, 27, 33, 39, 40, 
Other2: 43, 44, 38, 32, 26, 
prev cost: 14.1794, 0, 14.1794
cur cost : 33.1798, 11.4717, 44.6515

Select: 2
Pair Opt id: 39, 33, 40, 27, 28, 
Missed: 44, 2, 12, 25, 38, 18, 26, 32, 43, 
Allocation time: 0.019
Ego1  : 28, 27, 33, 39, 40, 
Other1: 
Ego2  : 25, 2, 12, 18, 28, 27, 33, 39, 40, 
Other2: 43, 44, 38, 32, 26, 
prev cost: 14.1794, 0, 14.1794
cur cost : 33.1798, 11.4623, 44.6421

Select: 2
Pair Opt id: 39, 33, 40, 27, 28, 
Missed: 44, 2, 12, 25, 38, 18, 26, 32, 43, 
Allocation time: 0.018
Ego1  : 28, 27, 33, 39, 40, 
Other1: 
Ego2  : 25, 2, 12, 18, 28, 27, 33, 39, 40, 
Other2: 43, 44, 38, 32, 26, 
prev cost: 14.1794, 0, 14.1794
cur cost : 33.1798, 11.4532, 44.633

Select: 2
Pair Opt id: 39, 33, 40, 27, 28, 
Missed: 44, 2, 12, 25, 38, 18, 26, 32, 43, 
Allocation time: 0.009
Ego1  : 28, 27, 33, 39, 40, 
Other1: 
Ego2  : 25, 2, 12, 18, 28, 27, 33, 39, 40, 
Other2: 43, 44, 38, 32, 26, 
prev cost: 14.1794, 0, 14.1794
cur cost : 33.1798, 11.448, 44.6278
[0m[INFO] [1790607057.917830533, 38.002000000]: [FSM]: Drone 1 from PUB_TRAJ to EXEC_TRAJ[0m

Select: 2
Pair Opt id: 39, 33, 40, 27, 28, 
Missed: 44, 2, 12, 25, 38, 18, 26, 32, 43, 
Allocation time: 0.018
Ego1  : 28, 27, 33, 39, 40, 
Other1: 
Ego2  : 25, 2, 12, 18, 28, 27, 33, 39, 40, 
Other2: 43, 44, 38, 32, 26, 
prev cost: 14.2036, 0, 14.2036
cur cost : 33.6446, 11.4411, 45.0857

Select: 2
Pair Opt id: 39, 33, 40, 27, 28, 
Missed: 44, 2, 12, 25, 38, 18, 26, 32, 43, 
Allocation time: 0.01
Ego1  : 28, 27, 33, 39, 40, 
Other1: 
Ego2  : 25, 2, 12, 18, 28, 27, 33, 39, 40, 
Other2: 43, 44, 38, 32, 26, 
prev cost: 14.2269, 0, 14.2269
cur cost : 33.6561, 11.4435, 45.0996

Select: 2
Pair Opt id: 39, 33, 40, 27, 28, 
Missed: 44, 2, 12, 25, 38, 18, 26, 32, 43, 
Allocation time: 0.009
Ego1  : 28, 27, 33, 39, 40, 
Other1: 
Ego2  : 25, 2, 12, 18, 28, 27, 33, 39, 40, 
Other2: 43, 44, 38, 32, 26, 
prev cost: 14.2895, 0, 14.2895
cur cost : 33.2357, 11.5513, 44.787

Select: 2
Pair Opt id: 39, 33, 40, 27, 28, 
Missed: 44, 2, 12, 25, 38, 18, 26, 32, 43, 
Allocation time: 0.009
Ego1  : 28, 27, 33, 39, 40, 
Other1: 
Ego2  : 25, 2, 12, 18, 28, 27, 33, 39, 40, 
Other2: 43, 44, 38, 32, 26, 
prev cost: 14.3208, 0, 14.3208
cur cost : 33.3257, 11.5058, 44.8315
Frontier num: 6, 14
Frontier cost mat size: 6
[0m[INFO] [1790607058.134078645, 38.212000000]: Drone 1: frontier t: 0.000000, viewpoint t: 0.000000, mat: 0.000000[0m
[0m[INFO] [1790607058.134105033, 38.212000000]: Total t: 0.000000[0m
[0m[INFO] [1790607058.134154808, 38.212000000]: [FSM]: Drone 1 from EXEC_TRAJ to PLAN_TRAJ[0m
start pos: 1.41269 2.23168 1.68412, vel: 0.0595715   0.21432 0.0888766, acc:  -0.243521  -0.931381 -0.0416723
[0m[INFO] [1790607058.135014029, 38.212000000]: Find grid tour---------------[0m
Allocated grid: 28, 27, 33, 39, 40, 
Grid tour: 28, 27, 33, 39, 40, 
[0m[INFO] [1790607058.144946993, 38.222999999]: Find frontier tour, 1 involved------------[0m
[0m[INFO] [1790607058.155278323, 38.231999999]: Grid tour t: 0.011000, frontier tour t: 0.009000.[0m
Local refine graph size: 1, 9, 1, 
Next view:  1.52277 -2.27498  1.34085, -1.43788
Mid goal
Traj opt iter num: 229
[0m[INFO] [1790607058.159110655, 38.231999999]: Traj: 0.000000, yaw: 0.000000[0m
[0m[INFO] [1790607058.159165808, 38.231999999]: Total time: 0.020000[0m
[0m[INFO] [1790607058.159183066, 38.231999999]: [FSM]: Drone 1 from PLAN_TRAJ to PUB_TRAJ[0m

Select: 2
Pair Opt id: 39, 33, 40, 27, 28, 
Missed: 44, 2, 12, 25, 38, 18, 26, 32, 43, 
Allocation time: 0.009
Ego1  : 28, 27, 33, 39, 40, 
Other1: 
Ego2  : 25, 2, 12, 18, 28, 27, 33, 39, 40, 
Other2: 43, 44, 38, 32, 26, 
prev cost: 14.4279, 0, 14.4279
cur cost : 37.2654, 19.2986, 56.564

Select: 2
Pair Opt id: 39, 33, 40, 27, 28, 
Missed: 44, 2, 12, 25, 38, 18, 26, 32, 43, 
Allocation time: 0.009
Ego1  : 28, 27, 33, 39, 40, 
Other1: 
Ego2  : 25, 2, 12, 18, 28, 27, 33, 39, 40, 
Other2: 43, 44, 38, 32, 26, 
prev cost: 14.4279, 0, 14.4279
cur cost : 33.1731, 19.2825, 52.4555

Select: 2
Pair Opt id: 39, 33, 40, 27, 28, 
Missed: 44, 2, 12, 25, 38, 18, 26, 32, 43, 
Allocation time: 0.009
Ego1  : 28, 27, 33, 39, 40, 
Other1: 
Ego2  : 25, 2, 12, 18, 28, 27, 33, 39, 40, 
Other2: 43, 44, 38, 32, 26, 
prev cost: 14.4279, 0, 14.4279
cur cost : 33.1731, 19.2707, 52.4437

Select: 2
Pair Opt id: 39, 33, 40, 27, 28, 
Missed: 44, 2, 12, 25, 38, 18, 26, 32, 43, 
Allocation time: 0.018
Ego1  : 28, 27, 33, 39, 40, 
Other1: 
Ego2  : 25, 2, 12, 18, 28, 27, 33, 39, 40, 
Other2: 43, 44, 38, 32, 26, 
prev cost: 14.4279, 0, 14.4279
cur cost : 33.1731, 19.2541, 52.4271
[0m[INFO] [1790607058.353104353, 38.432000000]: [FSM]: Drone 1 from PUB_TRAJ to EXEC_TRAJ[0m

Select: 2
Pair Opt id: 39, 33, 40, 27, 28, 
Missed: 44, 2, 12, 25, 38, 18, 26, 32, 43, 
Allocation time: 0.009
Ego1  : 28, 27, 33, 39, 40, 
Other1: 
Ego2  : 25, 2, 12, 18, 28, 27, 33, 39, 40, 
Other2: 43, 44, 38, 32, 26, 
prev cost: 14.434, 0, 14.434
cur cost : 32.9956, 19.1699, 52.1655

Select: 2
Pair Opt id: 39, 33, 40, 27, 28, 
Missed: 44, 2, 12, 25, 38, 18, 26, 32, 43, 
Allocation time: 0.01
Ego1  : 28, 27, 33, 39, 40, 
Other1: 
Ego2  : 25, 2, 12, 18, 28, 27, 33, 39, 40, 
Other2: 43, 44, 38, 32, 26, 
prev cost: 14.446, 0, 14.446
cur cost : 32.9925, 19.2471, 52.2395

Select: 2
Pair Opt id: 39, 33, 40, 27, 28, 
Missed: 44, 2, 12, 25, 38, 18, 26, 32, 43, 
Allocation time: 0.009
Ego1  : 28, 27, 33, 39, 40, 
Other1: 
Ego2  : 25, 2, 12, 18, 28, 27, 33, 39, 40, 
Other2: 43, 44, 38, 32, 26, 
prev cost: 14.4577, 0, 14.4577
cur cost : 32.9898, 19.2506, 52.2404

Select: 2
Pair Opt id: 39, 33, 40, 27, 28, 
Missed: 44, 2, 12, 25, 38, 18, 26, 32, 43, 
Allocation time: 0
Ego1  : 28, 27, 33, 39, 40, 
Other1: 
Ego2  : 25, 2, 12, 18, 28, 27, 33, 39, 40, 
Other2: 43, 44, 38, 32, 26, 
prev cost: 14.4618, 0, 14.4618
cur cost : 37.0906, 19.2601, 56.3507
Frontier num: 7, 15
Frontier cost mat size: 7
[0m[INFO] [1790607058.575234572, 38.633000000]: Drone 1: frontier t: 0.009000, viewpoint t: 0.000000, mat: 0.000000[0m
[0m[INFO] [1790607058.575263461, 38.633000000]: Total t: 0.009000[0m
[0m[INFO] [1790607058.575309817, 38.633000000]: [FSM]: Drone 1 from EXEC_TRAJ to PLAN_TRAJ[0m
start pos: 1.41665  2.2309 1.71784, vel: -0.0203695  -0.183559  0.0684958, acc:  -0.126221   -0.86095 -0.0523228
[0m[INFO] [1790607058.582427541, 38.642000000]: Find grid tour---------------[0m
Allocated grid: 28, 27, 33, 39, 40, 
Grid tour: 28, 27, 33, 39, 40, 
[0m[INFO] [1790607058.591379682, 38.651000000]: Find frontier tour, 1 involved------------[0m
[0m[INFO] [1790607058.596899440, 38.651000000]: Grid tour t: 0.009000, frontier tour t: 0.000000.[0m
Local refine graph size: 1, 9, 1, 
Next view:  1.52277 -2.27498  1.34085, -1.43788
Mid goal
nlopt failure
Traj opt iter num: 93
[0m[INFO] [1790607058.598090160, 38.651000000]: Traj: 0.000000, yaw: 0.000000[0m
[0m[INFO] [1790607058.598106377, 38.651000000]: Total time: 0.009000[0m
[0m[INFO] [1790607058.598115548, 38.651000000]: [FSM]: Drone 1 from PLAN_TRAJ to PUB_TRAJ[0m

Select: 2
Pair Opt id: 39, 33, 40, 27, 28, 
Missed: 44, 2, 12, 25, 38, 18, 26, 32, 43, 
Allocation time: 0.009
Ego1  : 28, 27, 33, 39, 40, 
Other1: 
Ego2  : 28, 27, 33, 39, 40, 
Other2: 32, 38, 44, 43, 26, 2, 18, 12, 25, 
prev cost: 14.4646, 0, 14.4646
cur cost : 14.4646, 36.5486, 51.0133

Select: 2
Pair Opt id: 39, 33, 40, 27, 28, 
Missed: 44, 2, 12, 25, 38, 18, 26, 32, 43, 
Allocation time: 0.01
Ego1  : 28, 27, 33, 39, 40, 
Other1: 
Ego2  : 25, 2, 12, 18, 28, 27, 33, 39, 40, 
Other2: 32, 38, 44, 43, 26, 
prev cost: 22.4151, 0, 22.4151
cur cost : 33.0037, 22.4071, 55.4108

Select: 2
Pair Opt id: 39, 33, 40, 27, 28, 
Missed: 44, 2, 12, 25, 38, 18, 26, 32, 43, 
Allocation time: 0.009
Ego1  : 28, 27, 33, 39, 40, 
Other1: 
Ego2  : 25, 2, 12, 18, 28, 27, 33, 39, 40, 
Other2: 32, 38, 44, 43, 26, 
prev cost: 14.4151, 0, 14.4151
cur cost : 33.0037, 22.5627, 55.5664

Select: 2
Pair Opt id: 39, 33, 40, 27, 28, 
Missed: 44, 2, 12, 25, 38, 18, 26, 32, 43, 
Allocation time: 0.009
Ego1  : 28, 27, 33, 39, 40, 
Other1: 
Ego2  : 25, 2, 12, 18, 28, 27, 33, 39, 40, 
Other2: 32, 38, 44, 43, 26, 
prev cost: 14.4151, 0, 14.4151
cur cost : 33.0037, 22.4283, 55.432
[0m[INFO] [1790607058.777942792, 38.816000000]: [FSM]: Drone 1 state: PUB_TRAJ[0m

Select: 2
Pair Opt id: 39, 33, 40, 27, 28, 
Missed: 44, 2, 12, 25, 38, 18, 26, 32, 43, 
Allocation time: 0.009
Ego1  : 28, 27, 33, 39, 40, 
Other1: 
Ego2  : 25, 2, 12, 18, 28, 27, 33, 39, 40, 
Other2: 43, 44, 38, 32, 26, 
prev cost: 14.4151, 0, 14.4151
cur cost : 37.1114, 19.7943, 56.9057
[0m[INFO] [1790607058.833870700, 38.883000000]: [FSM]: Drone 1 from PUB_TRAJ to EXEC_TRAJ[0m

Select: 2
Pair Opt id: 39, 33, 40, 27, 28, 
Missed: 44, 2, 12, 25, 38, 18, 26, 32, 43, 
Allocation time: 0.018
Ego1  : 28, 27, 33, 39, 40, 
Other1: 
Ego2  : 25, 2, 12, 18, 28, 27, 33, 39, 40, 
Other2: 32, 38, 44, 43, 26, 
prev cost: 14.402, 0, 14.402
cur cost : 33.0081, 22.4624, 55.4705

Select: 2
Pair Opt id: 39, 33, 40, 27, 28, 
Missed: 44, 2, 12, 25, 38, 18, 26, 32, 43, 
Allocation time: 0.019
Ego1  : 28, 27, 33, 39, 40, 
Other1: 
Ego2  : 25, 2, 12, 18, 28, 27, 33, 39, 40, 
Other2: 43, 44, 38, 32, 26, 
prev cost: 14.3812, 0, 14.3812
cur cost : 32.5909, 19.7431, 52.3341

Select: 2
Pair Opt id: 39, 33, 40, 27, 28, 
Missed: 44, 2, 12, 25, 38, 18, 26, 32, 43, 
Allocation time: 0
Ego1  : 28, 27, 33, 39, 40, 
Other1: 
Ego2  : 25, 2, 12, 18, 28, 27, 33, 39, 40, 
Other2: 32, 38, 44, 43, 26, 
prev cost: 14.3609, 0, 14.3609
cur cost : 32.598, 22.3649, 54.9629

Select: 2
Pair Opt id: 39, 33, 40, 27, 28, 
Missed: 44, 2, 12, 25, 38, 18, 26, 32, 43, 
Allocation time: 0.009
Ego1  : 28, 27, 33, 39, 40, 
Other1: 
Ego2  : 25, 2, 12, 18, 28, 27, 33, 39, 40, 
Other2: 32, 38, 44, 43, 26, 
prev cost: 14.3366, 0, 14.3366
cur cost : 32.6068, 22.3577, 54.9645
Frontier num: 7, 12
Frontier cost mat size: 7
[0m[INFO] [1790607059.042592926, 39.087000000]: Drone 1: frontier t: 0.000000, viewpoint t: 0.000000, mat: 0.009000[0m
[0m[INFO] [1790607059.042619022, 39.087000000]: Total t: 0.009000[0m
[0m[INFO] [1790607059.042670256, 39.087000000]: [FSM]: Drone 1 from EXEC_TRAJ to PLAN_TRAJ[0m
start pos: 1.39877 2.04893 1.74024, vel: -0.0573882  -0.530052  0.0399844, acc: -0.0504867  -0.623858 -0.0613522
[0m[INFO] [1790607059.043490291, 39.087000000]: Find grid tour---------------[0m
Allocated grid: 28, 27, 33, 39, 40, 37, 
Grid tour: 37, 40, 39, 33, 27, 28, 
[0m[INFO] [1790607059.050651578, 39.087000000]: Find frontier tour, 1 involved------------[0m
[0m[INFO] [1790607059.058002794, 39.097000000]: Grid tour t: 0.000000, frontier tour t: 0.010000.[0m
Local refine graph size: 1, 7, 1, 
Next view: 2.62058 2.51585 1.51469, 1.79544
Traj opt iter num: 250
[0m[INFO] [1790607059.062955143, 39.097000000]: Traj: 0.000000, yaw: 0.000000[0m
[0m[INFO] [1790607059.062986618, 39.097000000]: Total time: 0.010000[0m
[0m[INFO] [1790607059.062997206, 39.097000000]: [FSM]: Drone 1 from PLAN_TRAJ to PUB_TRAJ[0m

Select: 2
Pair Opt id: 28, 33, 39, 27, 40, 37, 
Missed: 44, 43, 2, 12, 25, 38, 18, 26, 32, 
Allocation time: 0.009
Ego1  : 37, 40, 39, 33, 27, 28, 
Other1: 
Ego2  : 37, 43, 44, 38, 32, 26, 
Other2: 25, 2, 12, 18, 28, 27, 33, 39, 40, 
prev cost: 24.1794, 0, 24.1794
cur cost : 16.3337, 40.2591, 56.5928

Select: 2
Pair Opt id: 28, 33, 39, 27, 40, 37, 
Missed: 44, 43, 2, 12, 25, 38, 18, 26, 32, 
Allocation time: 0.009
Ego1  : 37, 40, 39, 33, 27, 28, 
Other1: 
Ego2  : 37, 43, 44, 38, 32, 26, 
Other2: 25, 2, 12, 18, 28, 27, 33, 39, 40, 
prev cost: 24.2649, 0, 24.2649
cur cost : 16.4193, 40.2372, 56.6564

Select: 2
Pair Opt id: 28, 33, 39, 27, 40, 37, 
Missed: 44, 43, 2, 12, 25, 38, 18, 26, 32, 
Allocation time: 0.009
Ego1  : 37, 40, 39, 33, 27, 28, 
Other1: 
Ego2  : 37, 43, 44, 38, 32, 26, 
Other2: 25, 2, 12, 18, 28, 27, 33, 39, 40, 
prev cost: 24.2649, 0, 24.2649
cur cost : 16.4193, 40.217, 56.6362

Select: 2
Pair Opt id: 28, 33, 39, 27, 40, 37, 
Missed: 44, 43, 2, 12, 25, 38, 18, 26, 32, 
Allocation time: 0.009
Ego1  : 37, 40, 39, 33, 27, 28, 
Other1: 
Ego2  : 37, 43, 44, 38, 32, 26, 
Other2: 25, 2, 12, 18, 28, 27, 33, 39, 40, 
prev cost: 24.2649, 0, 24.2649
cur cost : 16.4193, 40.1817, 56.601
[0m[INFO] [1790607059.260948674, 39.289000000]: [FSM]: Drone 1 from PUB_TRAJ to EXEC_TRAJ[0m

Select: 2
Pair Opt id: 28, 33, 39, 27, 40, 37, 
Missed: 44, 43, 2, 12, 25, 38, 18, 26, 32, 
Allocation time: 0.009
Ego1  : 37, 40, 39, 33, 27, 28, 
Other1: 
Ego2  : 25, 2, 12, 18, 28, 27, 33, 39, 40, 
Other2: 37, 43, 44, 38, 32, 26, 
prev cost: 24.2651, 0, 24.2651
cur cost : 37.4829, 19.6248, 57.1077

Select: 2
Pair Opt id: 28, 33, 39, 27, 40, 37, 
Missed: 44, 43, 2, 12, 25, 38, 18, 26, 32, 
Allocation time: 0.018
Ego1  : 37, 40, 39, 33, 27, 28, 
Other1: 
Ego2  : 37, 43, 44, 38, 32, 26, 
Other2: 25, 2, 12, 18, 28, 27, 33, 39, 40, 
prev cost: 24.272, 0, 24.272
cur cost : 16.4263, 40.1475, 56.5738

Select: 2
Pair Opt id: 28, 33, 39, 27, 40, 37, 
Missed: 44, 43, 2, 12, 25, 38, 18, 26, 32, 
Allocation time: 0.009
Ego1  : 37, 40, 39, 33, 27, 28, 
Other1: 
Ego2  : 37, 43, 44, 38, 32, 18, 28, 27, 33, 39, 40, 
Other2: 25, 12, 2, 26, 
prev cost: 24.2805, 0, 24.2805
cur cost : 35.7604, 28.5074, 64.2678

Select: 2
Pair Opt id: 28, 33, 39, 27, 40, 37, 
Missed: 44, 43, 2, 12, 25, 38, 18, 26, 32, 
Allocation time: 0.009
Ego1  : 37, 40, 39, 33, 27, 28, 
Other1: 
Ego2  : 37, 43, 44, 38, 32, 26, 
Other2: 25, 2, 12, 18, 28, 27, 33, 39, 40, 
prev cost: 24.2948, 0, 24.2948
cur cost : 16.4492, 40.1953, 56.6445
Frontier num: 7, 12
Frontier cost mat size: 7
[0m[INFO] [1790607059.480531327, 39.499000000]: Drone 1: frontier t: 0.009000, viewpoint t: 0.000000, mat: 0.000000[0m
[0m[INFO] [1790607059.480559008, 39.499000000]: Total t: 0.009000[0m
[0m[INFO] [1790607059.480605490, 39.499000000]: [FSM]: Drone 1 from EXEC_TRAJ to PLAN_TRAJ[0m

Select: 2
Pair Opt id: 28, 33, 39, 27, 40, 37, 
Missed: 44, 43, 2, 12, 25, 38, 18, 26, 32, 
Allocation time: 0.01
Ego1  : 37, 40, 39, 33, 27, 28, 
Other1: 
Ego2  : 25, 2, 12, 18, 28, 27, 33, 39, 40, 
Other2: 37, 43, 44, 38, 32, 26, 
prev cost: 24.3239, 0, 24.3239
cur cost : 37.4459, 19.6609, 57.1068
start pos: 1.43293  1.7911 1.73456, vel:   0.253072  -0.504545 -0.0847104, acc:  0.829966   0.56891 -0.346711
[0m[INFO] [1790607059.522988462, 39.545000000]: Find grid tour---------------[0m
Allocated grid: 37, 40, 39, 33, 27, 28, 
Grid tour: 37, 40, 39, 33, 27, 28, 
[0m[INFO] [1790607059.531151958, 39.554000000]: Find frontier tour, 1 involved------------[0m
[0m[INFO] [1790607059.538463529, 39.563000000]: Grid tour t: 0.009000, frontier tour t: 0.009000.[0m
Local refine graph size: 1, 7, 1, 
Next view: 3.00881 2.46473 1.51469, 1.82498
Mid goal
Traj opt iter num: 299
[0m[INFO] [1790607059.541469823, 39.563000000]: Traj: 0.000000, yaw: 0.000000[0m
[0m[INFO] [1790607059.541499588, 39.563000000]: Total time: 0.018000[0m
[0m[INFO] [1790607059.541509676, 39.563000000]: [FSM]: Drone 1 from PLAN_TRAJ to PUB_TRAJ[0m

Select: 2
Pair Opt id: 28, 33, 39, 27, 40, 37, 
Missed: 44, 43, 2, 12, 25, 38, 18, 26, 32, 
Allocation time: 0.01
Ego1  : 37, 40, 39, 33, 27, 28, 
Other1: 
Ego2  : 37, 43, 44, 38, 32, 26, 
Other2: 25, 2, 12, 18, 28, 27, 33, 39, 40, 
prev cost: 24.2558, 0, 24.2558
cur cost : 16.4288, 40.3433, 56.7721

Select: 2
Pair Opt id: 28, 33, 39, 27, 40, 37, 
Missed: 44, 43, 2, 12, 25, 38, 18, 26, 32, 
Allocation time: 0.018
Ego1  : 37, 40, 39, 33, 27, 28, 
Other1: 
Ego2  : 37, 43, 44, 38, 32, 26, 
Other2: 25, 2, 12, 18, 28, 27, 33, 39, 40, 
prev cost: 24.2558, 0, 24.2558
cur cost : 16.4288, 40.3371, 56.7659

Select: 2
Pair Opt id: 28, 33, 39, 27, 40, 37, 
Missed: 44, 43, 2, 12, 25, 38, 18, 26, 32, 
Allocation time: 0.018
Ego1  : 37, 40, 39, 33, 27, 28, 
Other1: 
Ego2  : 37, 43, 44, 38, 32, 26, 
Other2: 25, 2, 12, 18, 28, 27, 33, 39, 40, 
prev cost: 24.2558, 0, 24.2558
cur cost : 16.4288, 40.3298, 56.7586

Select: 2
Pair Opt id: 28, 33, 39, 27, 40, 37, 
Missed: 44, 43, 2, 12, 25, 38, 18, 26, 32, 
Allocation time: 0.018
Ego1  : 37, 40, 39, 33, 27, 28, 
Other1: 
Ego2  : 37, 43, 44, 38, 32, 26, 
Other2: 25, 2, 12, 18, 28, 27, 33, 39, 40, 
prev cost: 24.2558, 0, 24.2558
cur cost : 16.4288, 40.3333, 56.7621
[0m[INFO] [1790607059.738210394, 39.755000000]: [FSM]: Drone 1 from PUB_TRAJ to EXEC_TRAJ[0m

Select: 2
Pair Opt id: 28, 33, 39, 27, 40, 37, 
Missed: 44, 43, 2, 12, 25, 38, 18, 26, 32, 
Allocation time: 0.018
Ego1  : 37, 40, 39, 33, 27, 28, 
Other1: 
Ego2  : 25, 2, 12, 18, 28, 27, 33, 39, 40, 
Other2: 37, 43, 44, 38, 32, 26, 
prev cost: 24.2577, 0, 24.2577
cur cost : 37.4468, 19.6797, 57.1265

Select: 2
Pair Opt id: 28, 33, 39, 27, 40, 37, 
Missed: 44, 43, 2, 12, 25, 38, 18, 26, 32, 
Allocation time: 0.009
Ego1  : 37, 40, 39, 33, 27, 28, 
Other1: 
Ego2  : 37, 43, 44, 38, 32, 26, 
Other2: 25, 2, 12, 18, 28, 27, 33, 39, 40, 
prev cost: 24.2658, 0, 24.2658
cur cost : 16.4388, 40.3392, 56.778
[0m[INFO] [1790607059.832189152, 39.840000000]: [FSM]: Drone 1 state: EXEC_TRAJ[0m

Select: 2
Pair Opt id: 28, 33, 39, 27, 40, 37, 
Missed: 44, 43, 2, 12, 25, 38, 18, 26, 32, 
Allocation time: 0.009
Ego1  : 37, 40, 39, 33, 27, 28, 
Other1: 
Ego2  : 37, 43, 44, 38, 32, 26, 
Other2: 25, 2, 12, 18, 28, 27, 33, 39, 40, 
prev cost: 24.2723, 0, 24.2723
cur cost : 16.4453, 40.3402, 56.7856

Select: 2
Pair Opt id: 28, 33, 39, 27, 40, 37, 
Missed: 44, 43, 2, 12, 25, 38, 18, 26, 32, 
Allocation time: 0.028
Ego1  : 37, 40, 39, 33, 27, 28, 
Other1: 
Ego2  : 37, 43, 44, 38, 32, 26, 
Other2: 25, 2, 12, 18, 28, 27, 33, 39, 40, 
prev cost: 24.281, 0, 24.281
cur cost : 16.4539, 40.3428, 56.7967

Select: 2
Pair Opt id: 28, 33, 39, 27, 40, 37, 
Missed: 44, 43, 2, 12, 25, 38, 18, 26, 32, 
Allocation time: 0.009
Ego1  : 37, 40, 39, 33, 27, 28, 
Other1: 
Ego2  : 37, 43, 44, 38, 32, 26, 
Other2: 25, 2, 12, 18, 28, 27, 33, 39, 40, 
prev cost: 24.1895, 0, 24.1895
cur cost : 16.3624, 40.3394, 56.7019

Select: 2
Pair Opt id: 28, 33, 39, 27, 40, 37, 
Missed: 44, 43, 2, 12, 25, 38, 18, 26, 32, 
Allocation time: 0.028
Ego1  : 37, 40, 39, 33, 27, 28, 
Other1: 
Ego2  : 37, 43, 44, 38, 32, 26, 
Other2: 25, 2, 12, 18, 28, 27, 33, 39, 40, 
prev cost: 24.3483, 0, 24.3483
cur cost : 16.5213, 40.3377, 56.859

Select: 2
Pair Opt id: 28, 33, 39, 27, 40, 37, 
Missed: 44, 43, 2, 12, 25, 38, 18, 26, 32, 
Allocation time: 0.019
Ego1  : 37, 40, 39, 33, 27, 28, 
Other1: 
Ego2  : 37, 43, 44, 38, 32, 26, 
Other2: 25, 2, 12, 18, 28, 27, 33, 39, 40, 
prev cost: 24.366, 0, 24.366
cur cost : 16.539, 40.517, 57.056

Select: 2
Pair Opt id: 28, 33, 39, 27, 40, 37, 
Missed: 44, 43, 2, 12, 25, 38, 18, 26, 32, 
Allocation time: 0.018
Ego1  : 37, 40, 39, 33, 27, 28, 
Other1: 
Ego2  : 37, 43, 44, 38, 32, 26, 
Other2: 25, 2, 12, 18, 28, 27, 33, 39, 40, 
prev cost: 24.3807, 0, 24.3807
cur cost : 16.5537, 40.5255, 57.0792

Select: 2
Pair Opt id: 28, 33, 39, 27, 40, 37, 
Missed: 44, 43, 2, 12, 25, 38, 18, 26, 32, 
Allocation time: 0.009
Ego1  : 37, 40, 39, 33, 27, 28, 
Other1: 
Ego2  : 37, 43, 44, 38, 32, 26, 
Other2: 25, 2, 12, 18, 28, 27, 33, 39, 40, 
prev cost: 24.2552, 0, 24.2552
cur cost : 16.4281, 40.5246, 56.9527

Select: 2
Pair Opt id: 28, 33, 39, 27, 40, 37, 
Missed: 44, 43, 2, 12, 25, 38, 18, 26, 32, 
Allocation time: 0
Ego1  : 37, 40, 39, 33, 27, 28, 
Other1: 
Ego2  : 37, 43, 44, 38, 32, 26, 
Other2: 25, 2, 12, 18, 28, 27, 33, 39, 40, 
prev cost: 24.243, 0, 24.243
cur cost : 16.416, 40.5251, 56.9411

Select: 2
Pair Opt id: 28, 33, 39, 27, 40, 37, 
Missed: 44, 43, 2, 12, 25, 38, 18, 26, 32, 
Allocation time: 0.019
Ego1  : 37, 40, 39, 33, 27, 28, 
Other1: 
Ego2  : 37, 43, 44, 38, 32, 26, 
Other2: 25, 2, 12, 18, 28, 27, 33, 39, 40, 
prev cost: 24.2315, 0, 24.2315
cur cost : 16.4045, 43.5768, 59.9813

Select: 2
Pair Opt id: 28, 33, 39, 27, 40, 37, 
Missed: 44, 43, 2, 12, 25, 38, 18, 26, 32, 
Allocation time: 0.018
Ego1  : 37, 40, 39, 33, 27, 28, 
Other1: 
Ego2  : 37, 43, 44, 38, 32, 26, 
Other2: 25, 2, 12, 18, 28, 27, 33, 39, 40, 
prev cost: 24.2173, 0, 24.2173
cur cost : 16.3903, 43.5754, 59.9657

Select: 2
Pair Opt id: 28, 33, 39, 27, 40, 37, 
Missed: 44, 43, 2, 12, 25, 38, 18, 26, 32, 
Allocation time: 0.019
Ego1  : 37, 40, 39, 33, 27, 28, 
Other1: 
Ego2  : 37, 43, 44, 38, 32, 26, 
Other2: 25, 2, 12, 18, 28, 27, 33, 39, 40, 
prev cost: 24.2073, 0, 24.2073
cur cost : 16.3802, 40.5266, 56.9069

Select: 2
Pair Opt id: 28, 33, 39, 27, 40, 37, 
Missed: 44, 43, 2, 12, 25, 38, 18, 26, 32, 
Allocation time: 0.02
Ego1  : 37, 40, 39, 33, 27, 28, 
Other1: 
Ego2  : 37, 43, 44, 38, 32, 26, 
Other2: 25, 2, 12, 18, 28, 27, 33, 39, 40, 
prev cost: 24.2, 0, 24.2
cur cost : 16.373, 40.3548, 56.7278

Select: 2
Pair Opt id: 28, 33, 39, 27, 40, 37, 
Missed: 44, 43, 2, 12, 25, 38, 18, 26, 32, 
Allocation time: 0.009
Ego1  : 37, 40, 39, 33, 27, 28, 
Other1: 
Ego2  : 37, 43, 44, 38, 32, 26, 
Other2: 25, 2, 12, 18, 28, 27, 33, 39, 40, 
prev cost: 31.9535, 0, 31.9535
cur cost : 16.3701, 40.1783, 56.5484

Select: 2
Pair Opt id: 28, 33, 39, 27, 40, 37, 
Missed: 44, 43, 2, 12, 25, 38, 18, 26, 32, 
Allocation time: 0.018
Ego1  : 37, 40, 39, 33, 27, 28, 
Other1: 
Ego2  : 37, 43, 44, 38, 32, 26, 
Other2: 25, 2, 12, 18, 28, 27, 33, 39, 40, 
prev cost: 24.1969, 0, 24.1969
cur cost : 16.3699, 40.1818, 56.5517

Select: 2
Pair Opt id: 28, 33, 39, 27, 40, 37, 
Missed: 44, 43, 2, 12, 25, 38, 18, 26, 32, 
Allocation time: 0.009
Ego1  : 37, 40, 39, 33, 27, 28, 
Other1: 
Ego2  : 37, 43, 44, 38, 32, 26, 
Other2: 25, 2, 12, 18, 28, 27, 33, 39, 40, 
prev cost: 24.2009, 0, 24.2009
cur cost : 16.3739, 40.1817, 56.5556

Select: 2
Pair Opt id: 28, 33, 39, 27, 40, 37, 
Missed: 44, 43, 2, 12, 25, 38, 18, 26, 32, 
Allocation time: 0.018
Ego1  : 37, 40, 39, 33, 27, 28, 
Other1: 
Ego2  : 37, 43, 44, 38, 32, 26, 
Other2: 25, 2, 12, 18, 28, 27, 33, 39, 40, 
prev cost: 24.2065, 0, 24.2065
cur cost : 16.3795, 40.1808, 56.5602

Select: 2
Pair Opt id: 28, 33, 39, 27, 40, 37, 
Missed: 44, 43, 2, 12, 25, 38, 18, 26, 32, 
Allocation time: 0.009
Ego1  : 37, 40, 39, 33, 27, 28, 
Other1: 
Ego2  : 37, 43, 44, 38, 32, 26, 
Other2: 25, 2, 12, 18, 28, 27, 33, 39, 40, 
prev cost: 24.2182, 0, 24.2182
cur cost : 16.3911, 40.1812, 56.5723

Select: 2
Pair Opt id: 28, 33, 39, 27, 40, 37, 
Missed: 44, 43, 2, 12, 25, 38, 18, 26, 32, 
Allocation time: 0.009
Ego1  : 37, 40, 39, 33, 27, 28, 
Other1: 
Ego2  : 37, 43, 44, 38, 32, 26, 
Other2: 25, 2, 12, 18, 28, 27, 33, 39, 40, 
prev cost: 24.078, 0, 24.078
cur cost : 16.2509, 40.3507, 56.6017

Select: 2
Pair Opt id: 28, 33, 39, 27, 40, 37, 
Missed: 44, 43, 2, 12, 25, 38, 18, 26, 32, 
Allocation time: 0.01
Ego1  : 37, 40, 39, 33, 27, 28, 
Other1: 
Ego2  : 37, 43, 44, 38, 32, 26, 
Other2: 25, 2, 12, 18, 28, 27, 33, 39, 40, 
prev cost: 24.0468, 0, 24.0468
cur cost : 16.2197, 40.35, 56.5698

Select: 2
Pair Opt id: 28, 33, 39, 27, 40, 37, 
Missed: 44, 43, 2, 12, 25, 38, 18, 26, 32, 
Allocation time: 0.012
Ego1  : 37, 40, 39, 33, 27, 28, 
Other1: 
Ego2  : 37, 43, 44, 38, 32, 26, 
Other2: 25, 2, 12, 18, 28, 27, 33, 39, 40, 
prev cost: 23.9744, 0, 23.9744
cur cost : 16.1474, 40.3529, 56.5002
[0m[INFO] [1790607060.892918294, 40.846000000]: [FSM]: Drone 1 state: EXEC_TRAJ[0m

Select: 2
Pair Opt id: 28, 33, 39, 27, 40, 37, 
Missed: 44, 43, 2, 12, 25, 38, 18, 26, 32, 
Allocation time: 0.009
Ego1  : 37, 40, 39, 33, 27, 28, 
Other1: 
Ego2  : 37, 43, 44, 38, 32, 26, 
Other2: 25, 2, 12, 18, 28, 27, 33, 39, 40, 
prev cost: 23.9505, 0, 23.9505
cur cost : 16.1234, 43.3934, 59.5168
Frontier num: 7, 12
Frontier cost mat size: 7
[0m[INFO] [1790607060.961450293, 40.914000000]: Drone 1: frontier t: 0.010000, viewpoint t: 0.000000, mat: 0.000000[0m
[0m[INFO] [1790607060.961508030, 40.914000000]: Total t: 0.010000[0m
[0m[INFO] [1790607060.961580524, 40.914000000]: [FSM]: Drone 1 from EXEC_TRAJ to PLAN_TRAJ[0m

Select: 2
Pair Opt id: 28, 33, 39, 27, 40, 37, 
Missed: 44, 43, 2, 12, 25, 38, 18, 26, 32, 
Allocation time: 0.009
Ego1  : 37, 40, 39, 33, 27, 28, 
Other1: 
Ego2  : 37, 43, 44, 38, 32, 26, 
Other2: 25, 2, 12, 18, 28, 27, 33, 39, 40, 
prev cost: 23.9176, 0, 23.9176
cur cost : 16.0906, 40.3472, 56.4378
start pos: 2.17476 1.90072 1.50269, vel:  0.625006  0.612767 -0.385079, acc: -0.012897   0.48189 -0.650792
[0m[INFO] [1790607061.005418349, 40.959000000]: Find grid tour---------------[0m
Allocated grid: 37, 40, 39, 33, 27, 28, 
Grid tour: 37, 40, 39, 33, 27, 28, 
[0m[INFO] [1790607061.015277151, 40.968000000]: Find frontier tour, 1 involved------------[0m
[0m[INFO] [1790607061.024420637, 40.978000000]: Grid tour t: 0.009000, frontier tour t: 0.010000.[0m
Local refine graph size: 1, 11, 1, 
Next view: 2.73381 2.47147  1.4982, 1.92753
Traj opt iter num: 143
[0m[INFO] [1790607061.026016560, 40.987000000]: Traj: 0.009000, yaw: 0.000000[0m
[0m[INFO] [1790607061.026032318, 40.987000000]: Total time: 0.028000[0m
[0m[INFO] [1790607061.026041947, 40.987000000]: [FSM]: Drone 1 from PLAN_TRAJ to PUB_TRAJ[0m

Select: 2
Pair Opt id: 28, 33, 39, 27, 40, 37, 
Missed: 44, 2, 12, 25, 38, 18, 26, 43, 
Allocation time: 0.011
Ego1  : 37, 40, 39, 33, 27, 28, 
Other1: 
Ego2  : 37, 25, 2, 12, 18, 28, 27, 33, 39, 40, 
Other2: 38, 44, 43, 26, 
prev cost: 23.7198, 0, 23.7198
cur cost : 37.8625, 19.4267, 57.2893

Select: 2
Pair Opt id: 28, 33, 39, 27, 40, 37, 
Missed: 44, 2, 12, 25, 38, 18, 26, 43, 
Allocation time: 0.009
Ego1  : 37, 40, 39, 33, 27, 28, 
Other1: 
Ego2  : 37, 38, 44, 43, 26, 
Other2: 25, 2, 12, 18, 28, 27, 33, 39, 40, 
prev cost: 23.7198, 0, 23.7198
cur cost : 17.5411, 40.3454, 57.8865

Select: 2
Pair Opt id: 28, 33, 39, 27, 40, 37, 
Missed: 44, 2, 12, 25, 38, 18, 26, 43, 
Allocation time: 0.018
Ego1  : 37, 40, 39, 33, 27, 28, 
Other1: 
Ego2  : 37, 38, 44, 43, 26, 
Other2: 25, 2, 12, 18, 28, 27, 33, 39, 40, 
prev cost: 23.7198, 0, 23.7198
cur cost : 17.5641, 43.3953, 60.9593

Select: 2
Pair Opt id: 28, 33, 39, 27, 40, 37, 
Missed: 44, 2, 12, 25, 38, 18, 26, 43, 
Allocation time: 0.018
Ego1  : 37, 40, 39, 33, 27, 28, 
Other1: 
Ego2  : 37, 38, 44, 43, 26, 
Other2: 25, 2, 12, 18, 28, 27, 33, 39, 40, 
prev cost: 23.7198, 0, 23.7198
cur cost : 17.5641, 43.3952, 60.9593

Select: 2
Pair Opt id: 28, 33, 39, 27, 40, 37, 
Missed: 44, 2, 12, 25, 38, 18, 26, 43, 
Allocation time: 0.019
Ego1  : 37, 40, 39, 33, 27, 28, 
Other1: 
Ego2  : 37, 38, 44, 43, 26, 
Other2: 25, 2, 12, 18, 28, 27, 33, 39, 40, 
prev cost: 23.7198, 0, 23.7198
cur cost : 17.5641, 43.3964, 60.9605
[0m[INFO] [1790607061.216558616, 41.164000000]: [FSM]: Drone 1 from PUB_TRAJ to EXEC_TRAJ[0m

Select: 2
Pair Opt id: 28, 33, 39, 27, 40, 37, 
Missed: 44, 2, 12, 25, 38, 18, 26, 43, 
Allocation time: 0.009
Ego1  : 37, 40, 39, 33, 27, 28, 
Other1: 
Ego2  : 37, 38, 44, 43, 26, 
Other2: 25, 2, 12, 18, 28, 27, 33, 39, 40, 
prev cost: 23.7162, 0, 23.7162
cur cost : 17.5604, 43.397, 60.9575

Select: 2
Pair Opt id: 28, 33, 39, 27, 40, 37, 
Missed: 44, 2, 12, 25, 38, 18, 26, 43, 
Allocation time: 0.027
Ego1  : 37, 40, 39, 33, 27, 28, 
Other1: 
Ego2  : 37, 44, 43, 38, 26, 
Other2: 25, 2, 12, 18, 28, 27, 33, 39, 40, 
prev cost: 23.6675, 0, 23.6675
cur cost : 24.4428, 43.3967, 67.8395

Select: 2
Pair Opt id: 28, 33, 39, 27, 40, 37, 
Missed: 44, 2, 12, 25, 38, 18, 26, 43, 
Allocation time: 0.018
Ego1  : 37, 40, 39, 33, 27, 28, 
Other1: 
Ego2  : 37, 44, 43, 38, 26, 
Other2: 25, 2, 12, 18, 28, 27, 33, 39, 40, 
prev cost: 23.6438, 0, 23.6438
cur cost : 24.4191, 43.3979, 67.817

Select: 2
Pair Opt id: 28, 33, 39, 27, 40, 37, 
Missed: 44, 2, 12, 25, 38, 18, 26, 43, 
Allocation time: 0.018
Ego1  : 37, 40, 39, 33, 27, 28, 
Other1: 
Ego2  : 37, 44, 43, 38, 26, 
Other2: 25, 2, 12, 18, 28, 27, 33, 39, 40, 
prev cost: 23.5658, 0, 23.5658
cur cost : 24.3411, 43.3994, 67.7405
Frontier num: 6, 12
Frontier cost mat size: 6
[0m[INFO] [1790607061.487039248, 41.414000000]: Drone 1: frontier t: 0.010000, viewpoint t: 0.000000, mat: 0.000000[0m
[0m[INFO] [1790607061.487059966, 41.414000000]: Total t: 0.010000[0m
[0m[INFO] [1790607061.487094400, 41.414000000]: [FSM]: Drone 1 from EXEC_TRAJ to PLAN_TRAJ[0m

Select: 2
Pair Opt id: 28, 33, 39, 27, 40, 37, 
Missed: 44, 2, 12, 25, 38, 18, 26, 43, 
Allocation time: 0.009
Ego1  : 37, 40, 39, 33, 27, 28, 
Other1: 
Ego2  : 37, 44, 43, 38, 26, 
Other2: 25, 2, 12, 18, 28, 27, 33, 39, 40, 
prev cost: 23.4283, 0, 23.4283
cur cost : 24.2036, 43.4035, 67.6071
start pos: 2.48373 2.22301 1.37829, vel:    0.57153    0.59701 -0.0403005, acc: -0.387676  -0.45488  0.871377
[0m[INFO] [1790607061.541351140, 41.459000000]: Find grid tour---------------[0m
Allocated grid: 40, 39, 33, 27, 28, 
Grid tour: 40, 39, 33, 27, 28, 
[0m[INFO] [1790607061.550016846, 41.468000000]: Find frontier tour, 1 involved------------[0m
[0m[INFO] [1790607061.555411583, 41.468000000]: Grid tour t: 0.009000, frontier tour t: 0.000000.[0m
Local refine graph size: 1, 15, 1, 
Next view:   3.7707 -1.88067  1.45029, -0.657888
Mid goal
nlopt failure
Traj opt iter num: 226
[0m[INFO] [1790607061.559713900, 41.478000000]: Traj: 0.000000, yaw: 0.000000[0m
[0m[INFO] [1790607061.559740747, 41.478000000]: Total time: 0.019000[0m
[0m[INFO] [1790607061.559750252, 41.478000000]: [FSM]: Drone 1 from PLAN_TRAJ to PUB_TRAJ[0m

Select: 2
Pair Opt id: 28, 33, 39, 27, 40, 
Missed: 43, 26, 44, 18, 38, 25, 12, 2, 
Allocation time: 0.009
Ego1  : 40, 39, 33, 27, 28, 
Other1: 
Ego2  : 40, 39, 27, 33, 28, 
Other2: 38, 44, 43, 25, 26, 2, 18, 12, 
prev cost: 14.8498, 0, 14.8498
cur cost : 20.7827, 49.8413, 70.624

Select: 2
Pair Opt id: 28, 33, 39, 27, 40, 
Missed: 43, 26, 44, 18, 38, 25, 12, 2, 
Allocation time: 0.018
Ego1  : 40, 39, 33, 27, 28, 
Other1: 
Ego2  : 40, 39, 27, 33, 28, 
Other2: 38, 44, 43, 25, 26, 2, 18, 12, 
prev cost: 14.9219, 0, 14.9219
cur cost : 13.071, 49.8443, 62.9154

Select: 2
Pair Opt id: 28, 33, 39, 27, 40, 
Missed: 43, 26, 44, 18, 38, 25, 12, 2, 
Allocation time: 0.01
Ego1  : 40, 39, 33, 27, 28, 
Other1: 
Ego2  : 40, 39, 27, 33, 28, 
Other2: 38, 44, 43, 25, 26, 2, 18, 12, 
prev cost: 14.9219, 0, 14.9219
cur cost : 13.071, 49.8442, 62.9153

Select: 2
Pair Opt id: 28, 33, 39, 27, 40, 
Missed: 43, 26, 44, 18, 38, 25, 12, 2, 
Allocation time: 0.009
Ego1  : 40, 39, 33, 27, 28, 
Other1: 
Ego2  : 40, 39, 27, 33, 28, 
Other2: 38, 44, 43, 25, 26, 2, 18, 12, 
prev cost: 14.9219, 0, 14.9219
cur cost : 13.071, 49.8379, 62.9089

Select: 2
Pair Opt id: 28, 33, 39, 27, 40, 
Missed: 43, 26, 44, 18, 38, 25, 12, 2, 
Allocation time: 0.009
Ego1  : 40, 39, 33, 27, 28, 
Other1: 
Ego2  : 40, 39, 27, 33, 28, 
Other2: 38, 44, 43, 25, 26, 2, 18, 12, 
prev cost: 14.9219, 0, 14.9219
cur cost : 13.071, 49.8355, 62.9065
[0m[INFO] [1790607061.786925908, 41.688000000]: [FSM]: Drone 1 from PUB_TRAJ to EXEC_TRAJ[0m

Select: 2
Pair Opt id: 28, 33, 39, 27, 40, 
Missed: 43, 26, 44, 18, 38, 25, 12, 2, 
Allocation time: 0.019
Ego1  : 40, 39, 33, 27, 28, 
Other1: 
Ego2  : 40, 39, 27, 33, 28, 
Other2: 38, 44, 43, 25, 26, 2, 18, 12, 
prev cost: 14.9329, 0, 14.9329
cur cost : 13.082, 49.831, 62.913

Select: 2
Pair Opt id: 28, 33, 39, 27, 40, 
Missed: 43, 26, 44, 18, 38, 25, 12, 2, 
Allocation time: 0.009
Ego1  : 40, 39, 33, 27, 28, 
Other1: 
Ego2  : 40, 39, 27, 33, 28, 
Other2: 38, 44, 43, 25, 26, 2, 18, 12, 
prev cost: 14.9498, 0, 14.9498
cur cost : 21.099, 49.8305, 70.9295

Select: 2
Pair Opt id: 28, 33, 39, 27, 40, 
Missed: 43, 26, 44, 18, 38, 25, 12, 2, 
Allocation time: 0.009
Ego1  : 40, 39, 33, 27, 28, 
Other1: 
Ego2  : 40, 39, 27, 33, 28, 
Other2: 38, 44, 43, 25, 26, 2, 18, 12, 
prev cost: 14.9657, 0, 14.9657
cur cost : 13.1148, 49.8343, 62.9492

Select: 2
Pair Opt id: 28, 33, 39, 27, 40, 
Missed: 43, 26, 44, 18, 38, 25, 12, 2, 
Allocation time: 0.018
Ego1  : 40, 39, 33, 27, 28, 
Other1: 
Ego2  : 40, 39, 27, 33, 28, 
Other2: 38, 44, 43, 25, 26, 2, 18, 12, 
prev cost: 14.9809, 0, 14.9809
cur cost : 13.1301, 49.8324, 62.9625
[0m[INFO] [1790607062.000632875, 41.880000000]: [FSM]: Drone 1 state: EXEC_TRAJ[0m
Frontier num: 5, 13
Frontier cost mat size: 5
[0m[INFO] [1790607062.007210203, 41.889000000]: Drone 1: frontier t: 0.009000, viewpoint t: 0.000000, mat: 0.000000[0m
[0m[INFO] [1790607062.007237759, 41.889000000]: Total t: 0.009000[0m
[0m[INFO] [1790607062.007288242, 41.889000000]: [FSM]: Drone 1 from EXEC_TRAJ to PLAN_TRAJ[0m

Select: 2
Pair Opt id: 28, 33, 39, 27, 40, 
Missed: 43, 26, 44, 18, 38, 25, 12, 2, 
Allocation time: 0.018
Ego1  : 40, 39, 33, 27, 28, 
Other1: 
Ego2  : 40, 39, 27, 33, 28, 
Other2: 38, 44, 43, 25, 26, 2, 18, 12, 
prev cost: 15.0002, 0, 15.0002
cur cost : 13.1493, 49.8345, 62.9838
start pos: 2.70854 2.40989 1.38581, vel: 0.421302 0.226224  0.22877, acc: -0.225746 -0.931421  0.399519
[0m[INFO] [1790607062.053061076, 41.935000000]: Find grid tour---------------[0m
Allocated grid: 40, 39, 33, 27, 28, 
Grid tour: 40, 39, 33, 27, 28, 
[0m[INFO] [1790607062.063396783, 41.944000000]: Find frontier tour, 1 involved------------[0m
[0m[INFO] [1790607062.068897073, 41.944000000]: Grid tour t: 0.009000, frontier tour t: 0.000000.[0m
Local refine graph size: 1, 15, 1, 
Next view:   3.7707 -1.88067  1.45029, -0.657888
Mid goal
nlopt failure
Traj opt iter num: 265
[0m[INFO] [1790607062.072039227, 41.944000000]: Traj: 0.000000, yaw: 0.000000[0m
[0m[INFO] [1790607062.072067533, 41.944000000]: Total time: 0.009000[0m
[0m[INFO] [1790607062.072078080, 41.944000000]: [FSM]: Drone 1 from PLAN_TRAJ to PUB_TRAJ[0m

Select: 2
Pair Opt id: 28, 33, 39, 27, 40, 
Missed: 43, 26, 44, 18, 25, 12, 2, 
Allocation time: 0.018
Ego1  : 40, 39, 33, 27, 28, 
Other1: 
Ego2  : 44, 43, 40, 39, 27, 33, 28, 
Other2: 25, 26, 2, 18, 12, 
prev cost: 15.0317, 0, 15.0317
cur cost : 24.1267, 29.9286, 54.0554

Select: 2
Pair Opt id: 28, 33, 39, 27, 40, 
Missed: 43, 26, 44, 18, 25, 12, 2, 
Allocation time: 0.009
Ego1  : 40, 39, 33, 27, 28, 
Other1: 
Ego2  : 44, 43, 40, 39, 27, 33, 28, 
Other2: 25, 26, 2, 18, 12, 
prev cost: 15.0317, 0, 15.0317
cur cost : 24.1267, 29.9316, 54.0583

Select: 2
Pair Opt id: 28, 33, 39, 27, 40, 
Missed: 43, 26, 44, 18, 25, 12, 2, 
Allocation time: 0.009
Ego1  : 40, 39, 33, 27, 28, 
Other1: 
Ego2  : 44, 43, 40, 39, 33, 27, 28, 
Other2: 25, 26, 2, 18, 12, 
prev cost: 15.0317, 0, 15.0317
cur cost : 25.9776, 29.9316, 55.9092

Select: 2
Pair Opt id: 28, 33, 39, 27, 40, 
Missed: 43, 26, 44, 18, 25, 12, 2, 
Allocation time: 0.019
Ego1  : 40, 39, 33, 27, 28, 
Other1: 
Ego2  : 44, 43, 40, 39, 27, 33, 28, 
Other2: 25, 26, 2, 18, 12, 
prev cost: 15.0317, 0, 15.0317
cur cost : 24.1267, 29.9321, 54.0589
[0m[INFO] [1790607062.254676333, 42.136000000]: [FSM]: Drone 1 from PUB_TRAJ to EXEC_TRAJ[0m

Select: 2
Pair Opt id: 28, 33, 39, 27, 40, 
Missed: 43, 26, 44, 18, 25, 12, 2, 
Allocation time: 0.019
Ego1  : 40, 39, 33, 27, 28, 
Other1: 
Ego2  : 44, 43, 40, 39, 27, 33, 28, 
Other2: 25, 26, 2, 18, 12, 
prev cost: 15.0318, 0, 15.0318
cur cost : 24.1264, 29.9337, 54.0601

Select: 2
Pair Opt id: 28, 33, 39, 27, 40, 
Missed: 43, 26, 44, 18, 25, 12, 2, 
Allocation time: 0.009
Ego1  : 40, 39, 33, 27, 28, 
Other1: 
Ego2  : 44, 43, 40, 39, 27, 33, 28, 
Other2: 25, 26, 2, 18, 12, 
prev cost: 15.0324, 0, 15.0324
cur cost : 24.1143, 29.9325, 54.0469

Select: 2
Pair Opt id: 28, 33, 39, 27, 40, 
Missed: 43, 26, 44, 18, 25, 12, 2, 
Allocation time: 0.018
Ego1  : 40, 39, 33, 27, 28, 
Other1: 
Ego2  : 44, 43, 40, 39, 27, 33, 28, 
Other2: 25, 26, 2, 18, 12, 
prev cost: 15.0306, 0, 15.0306
cur cost : 24.1006, 29.931, 54.0315

Select: 2
Pair Opt id: 28, 33, 39, 27, 40, 
Missed: 43, 26, 44, 18, 25, 12, 2, 
Allocation time: 0.009
Ego1  : 40, 39, 33, 27, 28, 
Other1: 
Ego2  : 44, 43, 40, 39, 27, 33, 28, 
Other2: 25, 26, 2, 18, 12, 
prev cost: 15.0277, 0, 15.0277
cur cost : 24.0945, 29.9303, 54.0248
Frontier num: 5, 14
Frontier cost mat size: 5
[0m[INFO] [1790607062.470873336, 42.337000000]: Drone 1: frontier t: 0.000000, viewpoint t: 0.000000, mat: 0.000000[0m
[0m[INFO] [1790607062.470895889, 42.337000000]: Total t: 0.000000[0m
[0m[INFO] [1790607062.470942662, 42.337000000]: [FSM]: Drone 1 from EXEC_TRAJ to PLAN_TRAJ[0m

Select: 2
Pair Opt id: 28, 33, 39, 27, 40, 
Missed: 43, 26, 44, 18, 25, 12, 2, 
Allocation time: 0.018
Ego1  : 40, 39, 33, 27, 28, 
Other1: 
Ego2  : 44, 43, 40, 39, 27, 33, 28, 
Other2: 25, 26, 2, 18, 12, 
prev cost: 15.0176, 0, 15.0176
cur cost : 24.0899, 29.9372, 54.0271
start pos: 2.86812 2.40674 1.53279, vel:  0.337828 -0.171526  0.352675, acc: -0.157358 -0.844567  0.131756
[0m[INFO] [1790607062.501139545, 42.365000000]: Find grid tour---------------[0m
Allocated grid: 40, 39, 33, 27, 28, 
Grid tour: 40, 39, 33, 27, 28, 
[0m[INFO] [1790607062.508379496, 42.374000000]: Find frontier tour, 1 involved------------[0m
[0m[INFO] [1790607062.515201239, 42.383000000]: Grid tour t: 0.009000, frontier tour t: 0.009000.[0m
Local refine graph size: 1, 15, 1, 
Next view:   3.7707 -1.88067  1.45029, -0.657888
Mid goal
nlopt failure
Traj opt iter num: 146
[0m[INFO] [1790607062.517506558, 42.383000000]: Traj: 0.000000, yaw: 0.000000[0m
[0m[INFO] [1790607062.517530194, 42.383000000]: Total time: 0.018000[0m
[0m[INFO] [1790607062.517539282, 42.383000000]: [FSM]: Drone 1 from PLAN_TRAJ to PUB_TRAJ[0m

Select: 2
Pair Opt id: 28, 33, 39, 27, 40, 
Missed: 43, 26, 44, 18, 25, 12, 2, 
Allocation time: 0.019
Ego1  : 40, 39, 33, 27, 28, 
Other1: 
Ego2  : 44, 43, 40, 39, 27, 33, 28, 
Other2: 25, 26, 2, 18, 12, 
prev cost: 14.941, 0, 14.941
cur cost : 24.0969, 29.9315, 54.0284

Select: 2
Pair Opt id: 28, 33, 39, 27, 40, 
Missed: 43, 26, 44, 18, 25, 12, 2, 
Allocation time: 0.018
Ego1  : 40, 39, 33, 27, 28, 
Other1: 
Ego2  : 44, 43, 40, 39, 27, 33, 28, 
Other2: 25, 26, 2, 18, 12, 
prev cost: 14.941, 0, 14.941
cur cost : 24.0969, 29.9328, 54.0297

Select: 2
Pair Opt id: 28, 33, 39, 27, 40, 
Missed: 43, 26, 44, 18, 25, 12, 2, 
Allocation time: 0.018
Ego1  : 40, 39, 33, 27, 28, 
Other1: 
Ego2  : 44, 43, 40, 39, 27, 33, 28, 
Other2: 25, 26, 2, 18, 12, 
prev cost: 14.941, 0, 14.941
cur cost : 24.0969, 29.9335, 54.0303

Select: 2
Pair Opt id: 28, 33, 39, 27, 40, 
Missed: 43, 26, 44, 18, 25, 12, 2, 
Allocation time: 0.009
Ego1  : 40, 39, 33, 27, 28, 
Other1: 
Ego2  : 44, 43, 40, 39, 27, 33, 28, 
Other2: 25, 26, 2, 18, 12, 
prev cost: 14.941, 0, 14.941
cur cost : 24.0969, 29.93, 54.0269
[0m[INFO] [1790607062.702760430, 42.566000000]: [FSM]: Drone 1 from PUB_TRAJ to EXEC_TRAJ[0m

Select: 2
Pair Opt id: 28, 33, 39, 27, 40, 
Missed: 43, 26, 44, 18, 25, 12, 2, 
Allocation time: 0.019
Ego1  : 40, 39, 33, 27, 28, 
Other1: 
Ego2  : 44, 43, 40, 39, 27, 33, 28, 
Other2: 25, 26, 2, 18, 12, 
prev cost: 14.9367, 0, 14.9367
cur cost : 24.0999, 29.9292, 54.0291

Select: 2
Pair Opt id: 28, 33, 39, 27, 40, 
Missed: 43, 26, 44, 18, 25, 12, 2, 
Allocation time: 0.01
Ego1  : 40, 39, 33, 27, 28, 
Other1: 
Ego2  : 44, 43, 40, 39, 27, 33, 28, 
Other2: 25, 26, 2, 18, 12, 
prev cost: 14.9157, 0, 14.9157
cur cost : 24.1159, 29.9253, 54.0412

Select: 2
Pair Opt id: 28, 33, 39, 27, 40, 
Missed: 43, 26, 44, 18, 25, 12, 2, 
Allocation time: 0.018
Ego1  : 40, 39, 33, 27, 28, 
Other1: 
Ego2  : 44, 43, 40, 39, 27, 33, 28, 
Other2: 25, 26, 2, 18, 12, 
prev cost: 14.8974, 0, 14.8974
cur cost : 24.1308, 29.9328, 54.0636

Select: 2
Pair Opt id: 28, 33, 39, 27, 40, 
Missed: 43, 26, 44, 18, 25, 12, 2, 
Allocation time: 0.018
Ego1  : 40, 39, 33, 27, 28, 
Other1: 
Ego2  : 44, 43, 40, 39, 27, 33, 28, 
Other2: 25, 26, 2, 18, 12, 
prev cost: 14.8521, 0, 14.8521
cur cost : 24.2414, 29.933, 54.1744
Frontier num: 6, 12
Frontier cost mat size: 6
[0m[INFO] [1790607062.918092542, 42.776000000]: Drone 1: frontier t: 0.000000, viewpoint t: 0.000000, mat: 0.009000[0m
[0m[INFO] [1790607062.918118180, 42.776000000]: Total t: 0.009000[0m
[0m[INFO] [1790607062.918173583, 42.776000000]: [FSM]: Drone 1 from EXEC_TRAJ to PLAN_TRAJ[0m
start pos: 2.99447 2.26128 1.69489, vel:  0.287566 -0.474881  0.378913, acc: -0.0893311  -0.598672 -0.0202094
[0m[INFO] [1790607062.918364678, 42.776000000]: Find grid tour---------------[0m
Allocated grid: 40, 39, 33, 27, 28, 
Grid tour: 40, 39, 33, 27, 28, 
[0m[INFO] [1790607062.926029759, 42.776000000]: Find frontier tour, 1 involved------------[0m
[0m[INFO] [1790607062.933497533, 42.786000000]: Grid tour t: 0.000000, frontier tour t: 0.010000.[0m
Local refine graph size: 1, 15, 1, 
Next view:   3.7707 -1.88067  1.45029, -0.657888
Mid goal
nlopt failure
Traj opt iter num: 138
[0m[INFO] [1790607062.936665116, 42.786000000]: Traj: 0.000000, yaw: 0.000000[0m
[0m[INFO] [1790607062.936702718, 42.786000000]: Total time: 0.010000[0m
[0m[INFO] [1790607062.936718642, 42.786000000]: [FSM]: Drone 1 from PLAN_TRAJ to PUB_TRAJ[0m

Select: 2
Pair Opt id: 28, 33, 39, 27, 40, 
Missed: 43, 26, 44, 18, 25, 12, 2, 
Allocation time: 0.009
Ego1  : 40, 39, 33, 27, 28, 
Other1: 
Ego2  : 44, 43, 40, 39, 27, 33, 28, 
Other2: 25, 26, 2, 18, 12, 
prev cost: 14.8303, 0, 14.8303
cur cost : 24.0775, 29.933, 54.0105

Select: 2
Pair Opt id: 28, 33, 39, 27, 40, 
Missed: 43, 26, 44, 18, 25, 12, 2, 
Allocation time: 0.02
Ego1  : 40, 39, 33, 27, 28, 
Other1: 
Ego2  : 44, 43, 40, 39, 27, 33, 28, 
Other2: 25, 26, 2, 18, 12, 
prev cost: 14.6787, 0, 14.6787
cur cost : 24.1635, 29.9295, 54.093
[0m[INFO] [1790607063.038350433, 42.887999999]: [FSM]: Drone 1 state: PUB_TRAJ[0m

Select: 2
Pair Opt id: 28, 33, 39, 27, 40, 
Missed: 43, 26, 44, 18, 25, 12, 2, 
Allocation time: 0.009
Ego1  : 40, 39, 33, 27, 28, 
Other1: 
Ego2  : 44, 43, 40, 39, 27, 33, 28, 
Other2: 25, 26, 2, 18, 12, 
prev cost: 14.6787, 0, 14.6787
cur cost : 24.1635, 29.935, 54.0985

Select: 2
Pair Opt id: 28, 33, 39, 27, 40, 
Missed: 43, 26, 44, 18, 25, 12, 2, 
Allocation time: 0.009
Ego1  : 40, 39, 33, 27, 28, 
Other1: 
Ego2  : 44, 43, 40, 39, 27, 33, 28, 
Other2: 25, 26, 2, 18, 12, 
prev cost: 14.6787, 0, 14.6787
cur cost : 24.1635, 29.9372, 54.1006
[0m[INFO] [1790607063.131781667, 42.978000000]: [FSM]: Drone 1 from PUB_TRAJ to EXEC_TRAJ[0m

Select: 2
Pair Opt id: 28, 33, 39, 27, 40, 
Missed: 43, 26, 44, 18, 25, 12, 2, 
Allocation time: 0.009
Ego1  : 40, 39, 33, 27, 28, 
Other1: 
Ego2  : 44, 43, 40, 39, 27, 33, 28, 
Other2: 25, 26, 2, 18, 12, 
prev cost: 14.6772, 0, 14.6772
cur cost : 24.1644, 29.9429, 54.1073

Select: 2
Pair Opt id: 28, 33, 39, 27, 40, 
Missed: 43, 26, 44, 18, 25, 12, 2, 
Allocation time: 0.03
Ego1  : 40, 39, 33, 27, 28, 
Other1: 
Ego2  : 44, 43, 40, 39, 27, 33, 28, 
Other2: 25, 26, 2, 18, 12, 
prev cost: 14.6483, 0, 14.6483
cur cost : 24.1825, 29.941, 54.1235

Select: 2
Pair Opt id: 28, 33, 39, 27, 40, 
Missed: 43, 26, 44, 18, 25, 12, 2, 
Allocation time: 0.018
Ego1  : 40, 39, 33, 27, 28, 
Other1: 
Ego2  : 44, 43, 40, 39, 27, 33, 28, 
Other2: 25, 26, 2, 18, 12, 
prev cost: 14.5998, 0, 14.5998
cur cost : 24.2149, 29.9409, 54.1558

Select: 2
Pair Opt id: 28, 33, 39, 27, 40, 
Missed: 43, 26, 44, 18, 25, 12, 2, 
Allocation time: 0.009
Ego1  : 40, 39, 33, 27, 28, 
Other1: 
Ego2  : 44, 43, 40, 39, 27, 33, 28, 
Other2: 25, 26, 2, 18, 12, 
prev cost: 14.5437, 0, 14.5437
cur cost : 24.2543, 29.9391, 54.1934
Frontier num: 6, 12
Frontier cost mat size: 6
[0m[INFO] [1790607063.366348600, 43.182000000]: Drone 1: frontier t: 0.000000, viewpoint t: 0.000000, mat: 0.000000[0m
[0m[INFO] [1790607063.366375864, 43.182000000]: Total t: 0.000000[0m
[0m[INFO] [1790607063.366426473, 43.182000000]: [FSM]: Drone 1 from EXEC_TRAJ to PLAN_TRAJ[0m

Select: 2
Pair Opt id: 28, 33, 39, 27, 40, 
Missed: 43, 26, 44, 18, 25, 12, 2, 
Allocation time: 0.009
Ego1  : 40, 39, 33, 27, 28, 
Other1: 
Ego2  : 40, 39, 27, 33, 28, 
Other2: 44, 43, 25, 26, 2, 18, 12, 
prev cost: 14.5102, 0, 14.5102
cur cost : 12.6593, 41.5181, 54.1774
start pos: 3.11461 1.99246 1.86167, vel:  0.264026 -0.679246  0.344639, acc: -0.0229609  -0.312168  -0.138886
[0m[INFO] [1790607063.395616644, 43.218000000]: Find grid tour---------------[0m
Allocated grid: 40, 39, 33, 27, 28, 
Grid tour: 40, 39, 33, 27, 28, 
[0m[INFO] [1790607063.410031514, 43.228000000]: Find frontier tour, 1 involved------------[0m
[0m[INFO] [1790607063.421162660, 43.237000000]: Grid tour t: 0.010000, frontier tour t: 0.009000.[0m
Local refine graph size: 1, 15, 1, 
Next view:   3.7707 -1.88067  1.45029, -0.657888
Mid goal
nlopt failure
Traj opt iter num: 142
[0m[INFO] [1790607063.424054731, 43.237000000]: Traj: 0.000000, yaw: 0.000000[0m
[0m[INFO] [1790607063.424079576, 43.237000000]: Total time: 0.019000[0m
[0m[INFO] [1790607063.424090957, 43.237000000]: [FSM]: Drone 1 from PLAN_TRAJ to PUB_TRAJ[0m

Select: 2
Pair Opt id: 28, 33, 39, 27, 40, 
Missed: 43, 26, 44, 18, 25, 12, 2, 
Allocation time: 0.009
Ego1  : 40, 39, 33, 27, 28, 
Other1: 
Ego2  : 40, 39, 27, 33, 28, 
Other2: 43, 44, 25, 26, 2, 18, 12, 
prev cost: 21.9778, 0, 21.9778
cur cost : 12.4146, 34.9433, 47.3579

Select: 2
Pair Opt id: 28, 33, 39, 27, 40, 
Missed: 43, 26, 44, 18, 25, 12, 2, 
Allocation time: 0.018
Ego1  : 40, 39, 33, 27, 28, 
Other1: 
Ego2  : 40, 39, 27, 33, 28, 
Other2: 44, 43, 25, 26, 2, 18, 12, 
prev cost: 14.2655, 0, 14.2655
cur cost : 12.4146, 33.8232, 46.2378

Select: 2
Pair Opt id: 28, 33, 39, 27, 40, 
Missed: 43, 26, 44, 18, 25, 12, 2, 
Allocation time: 0.009
Ego1  : 40, 39, 33, 27, 28, 
Other1: 
Ego2  : 40, 39, 27, 33, 28, 
Other2: 44, 43, 25, 26, 2, 18, 12, 
prev cost: 14.2655, 0, 14.2655
cur cost : 12.4146, 33.824, 46.2386

Select: 2
Pair Opt id: 28, 33, 39, 27, 40, 
Missed: 43, 26, 44, 18, 25, 12, 2, 
Allocation time: 0.01
Ego1  : 40, 39, 33, 27, 28, 
Other1: 
Ego2  : 40, 39, 27, 33, 28, 
Other2: 44, 43, 25, 26, 2, 18, 12, 
prev cost: 14.2655, 0, 14.2655
cur cost : 12.4146, 33.8208, 46.2354
[0m[INFO] [1790607063.617836532, 43.429000000]: [FSM]: Drone 1 from PUB_TRAJ to EXEC_TRAJ[0m

Select: 2
Pair Opt id: 28, 33, 39, 27, 40, 
Missed: 43, 26, 44, 18, 25, 12, 2, 
Allocation time: 0.018
Ego1  : 40, 39, 33, 27, 28, 
Other1: 
Ego2  : 40, 39, 27, 33, 28, 
Other2: 43, 44, 26, 25, 18, 12, 2, 
prev cost: 14.2541, 0, 14.2541
cur cost : 12.4032, 38.3531, 50.7563

Select: 2
Pair Opt id: 28, 33, 39, 27, 40, 
Missed: 43, 26, 44, 18, 25, 12, 2, 
Allocation time: 0.02
Ego1  : 40, 39, 33, 27, 28, 
Other1: 
Ego2  : 40, 39, 27, 33, 28, 
Other2: 44, 43, 25, 26, 2, 18, 12, 
prev cost: 14.2164, 0, 14.2164
cur cost : 12.3656, 41.8118, 54.1773

Select: 2
Pair Opt id: 28, 33, 39, 27, 40, 
Missed: 43, 26, 44, 18, 25, 12, 2, 
Allocation time: 0.009
Ego1  : 40, 39, 33, 27, 28, 
Other1: 
Ego2  : 40, 39, 27, 33, 28, 
Other2: 44, 43, 25, 26, 2, 18, 12, 
prev cost: 22.1366, 0, 22.1366
cur cost : 12.2857, 41.8125, 54.0982

Select: 2
Pair Opt id: 28, 33, 39, 27, 40, 
Missed: 43, 26, 44, 18, 25, 12, 2, 
Allocation time: 0.018
Ego1  : 40, 39, 33, 27, 28, 
Other1: 
Ego2  : 40, 39, 27, 33, 28, 
Other2: 44, 43, 25, 26, 2, 18, 12, 
prev cost: 14.0976, 0, 14.0976
cur cost : 12.2467, 41.8128, 54.0595
Frontier num: 6, 12
Frontier cost mat size: 6
[0m[INFO] [1790607063.829835520, 43.640000000]: Drone 1: frontier t: 0.010000, viewpoint t: 0.000000, mat: 0.009000[0m
[0m[INFO] [1790607063.829891631, 43.640000000]: Total t: 0.019000[0m
[0m[INFO] [1790607063.829943699, 43.640000000]: [FSM]: Drone 1 from EXEC_TRAJ to PLAN_TRAJ[0m

Select: 2
Pair Opt id: 28, 33, 39, 27, 40, 
Missed: 43, 26, 44, 18, 25, 12, 2, 
Allocation time: 0.018
Ego1  : 40, 39, 33, 27, 28, 
Other1: 
Ego2  : 40, 39, 27, 33, 28, 
Other2: 44, 43, 25, 26, 2, 18, 12, 
prev cost: 14.0273, 0, 14.0273
cur cost : 12.1764, 41.8131, 53.9895
start pos: 3.22857 1.65947 2.00629, vel:  0.256248 -0.768449  0.269317, acc: -0.00846921  -0.0933253   -0.205955
[0m[INFO] [1790607063.860282903, 43.667000000]: Find grid tour---------------[0m
Allocated grid: 40, 39, 33, 27, 28, 
Grid tour: 40, 39, 33, 27, 28, 
[0m[INFO] [1790607063.867427056, 43.676000000]: Find frontier tour, 1 involved------------[0m
[0m[INFO] [1790607063.875277563, 43.676000000]: Grid tour t: 0.009000, frontier tour t: 0.000000.[0m
Local refine graph size: 1, 15, 1, 
Next view:   3.7707 -1.88067  1.45029, -0.657888
Mid goal
Traj opt iter num: 142
[0m[INFO] [1790607063.877989043, 43.685000000]: Traj: 0.000000, yaw: 0.000000[0m
[0m[INFO] [1790607063.878015181, 43.685000000]: Total time: 0.018000[0m
[0m[INFO] [1790607063.878025436, 43.685000000]: [FSM]: Drone 1 from PLAN_TRAJ to PUB_TRAJ[0m

Select: 2
Pair Opt id: 28, 33, 39, 27, 40, 
Missed: 43, 26, 44, 18, 25, 12, 2, 
Allocation time: 0.018
Ego1  : 40, 39, 33, 27, 28, 
Other1: 
Ego2  : 43, 40, 39, 27, 33, 28, 
Other2: 44, 26, 25, 18, 12, 2, 
prev cost: 13.7699, 0, 13.7699
cur cost : 21.5903, 36.3288, 57.9191

Select: 2
Pair Opt id: 28, 33, 39, 27, 40, 
Missed: 43, 26, 44, 18, 25, 12, 2, 
Allocation time: 0.009
Ego1  : 40, 39, 33, 27, 28, 
Other1: 
Ego2  : 43, 40, 39, 27, 33, 28, 
Other2: 44, 26, 25, 18, 12, 2, 
prev cost: 13.7699, 0, 13.7699
cur cost : 21.5903, 36.3283, 57.9186

Select: 2
Pair Opt id: 28, 33, 39, 27, 40, 
Missed: 43, 26, 44, 18, 25, 12, 2, 
Allocation time: 0.012
Ego1  : 40, 39, 33, 27, 28, 
Other1: 
Ego2  : 43, 40, 39, 27, 33, 28, 
Other2: 44, 26, 25, 18, 12, 2, 
prev cost: 13.7699, 0, 13.7699
cur cost : 21.5903, 36.326, 57.9163

Select: 2
Pair Opt id: 28, 33, 39, 27, 40, 
Missed: 43, 26, 44, 18, 25, 12, 2, 
Allocation time: 0.009
Ego1  : 40, 39, 33, 27, 28, 
Other1: 
Ego2  : 43, 40, 39, 27, 33, 28, 
Other2: 44, 26, 25, 18, 12, 2, 
prev cost: 13.7699, 0, 13.7699
cur cost : 21.5903, 36.3331, 57.9234
[0m[INFO] [1790607064.068883901, 43.875000000]: [FSM]: Drone 1 from PUB_TRAJ to EXEC_TRAJ[0m
[0m[INFO] [1790607064.087050688, 43.893000000]: [FSM]: Drone 1 state: EXEC_TRAJ[0m

Select: 2
Pair Opt id: 28, 33, 39, 27, 40, 
Missed: 43, 26, 44, 18, 25, 12, 2, 
Allocation time: 0.018
Ego1  : 40, 39, 33, 27, 28, 
Other1: 
Ego2  : 43, 40, 39, 27, 33, 28, 
Other2: 44, 26, 25, 18, 12, 2, 
prev cost: 21.7699, 0, 21.7699
cur cost : 21.5903, 36.3282, 57.9185

Select: 2
Pair Opt id: 28, 33, 39, 27, 40, 
Missed: 43, 26, 44, 18, 25, 12, 2, 
Allocation time: 0.009
Ego1  : 40, 39, 33, 27, 28, 
Other1: 
Ego2  : 43, 40, 39, 27, 33, 28, 
Other2: 44, 26, 25, 18, 12, 2, 
prev cost: 13.6885, 0, 13.6885
cur cost : 21.5832, 36.3247, 57.9079

Select: 2
Pair Opt id: 28, 33, 39, 27, 40, 
Missed: 43, 26, 44, 18, 25, 12, 2, 
Allocation time: 0.018
Ego1  : 40, 39, 33, 27, 28, 
Other1: 
Ego2  : 43, 40, 39, 27, 33, 28, 
Other2: 44, 26, 25, 18, 12, 2, 
prev cost: 13.6459, 0, 13.6459
cur cost : 21.5831, 36.3257, 57.9088

Select: 2
Pair Opt id: 28, 33, 39, 27, 40, 
Missed: 43, 26, 44, 18, 25, 12, 2, 
Allocation time: 0.009
Ego1  : 40, 39, 33, 27, 28, 
Other1: 
Ego2  : 44, 43, 40, 39, 27, 33, 28, 
Other2: 25, 26, 2, 18, 12, 
prev cost: 13.5835, 0, 13.5835
cur cost : 33.1419, 29.9418, 63.0836
Frontier num: 6, 12
Frontier cost mat size: 6
[0m[INFO] [1790607064.272517876, 44.076999999]: Drone 1: frontier t: 0.000000, viewpoint t: 0.000000, mat: 0.009000[0m
[0m[INFO] [1790607064.272543138, 44.076999999]: Total t: 0.009000[0m
[0m[INFO] [1790607064.272587869, 44.076999999]: [FSM]: Drone 1 from EXEC_TRAJ to PLAN_TRAJ[0m
start pos: 3.33375 1.34174 2.09798, vel:  0.257928 -0.776351  0.175813, acc: 0.0115912 0.0238013 -0.247176
[0m[INFO] [1790607064.272738027, 44.076999999]: Find grid tour---------------[0m
Allocated grid: 40, 39, 33, 27, 28, 
Grid tour: 40, 39, 33, 27, 28, 
[0m[INFO] [1790607064.279493737, 44.076999999]: Find frontier tour, 1 involved------------[0m
[0m[INFO] [1790607064.284160819, 44.085999999]: Grid tour t: 0.000000, frontier tour t: 0.009000.[0m
Local refine graph size: 1, 15, 1, 
Next view:   3.7707 -1.88067  1.45029, -0.657888
Mid goal
Traj opt iter num: 134
[0m[INFO] [1790607064.286789174, 44.085999999]: Traj: 0.000000, yaw: 0.000000[0m
[0m[INFO] [1790607064.286829653, 44.085999999]: Total time: 0.009000[0m
[0m[INFO] [1790607064.286842409, 44.085999999]: [FSM]: Drone 1 from PLAN_TRAJ to PUB_TRAJ[0m

Select: 2
Pair Opt id: 28, 33, 39, 27, 40, 
Missed: 43, 26, 44, 18, 25, 12, 2, 
Allocation time: 0.009
Ego1  : 40, 39, 33, 27, 28, 
Other1: 
Ego2  : 44, 43, 40, 39, 27, 33, 28, 
Other2: 25, 26, 2, 18, 12, 
prev cost: 13.5487, 0, 13.5487
cur cost : 33.2674, 29.9439, 63.2113

Select: 2
Pair Opt id: 28, 33, 39, 27, 40, 
Missed: 43, 26, 44, 18, 25, 12, 2, 
Allocation time: 0.009
Ego1  : 40, 39, 33, 27, 28, 
Other1: 
Ego2  : 43, 40, 39, 27, 33, 28, 
Other2: 44, 26, 25, 18, 12, 2, 
prev cost: 13.2948, 0, 13.2948
cur cost : 21.5457, 44.0726, 65.6183

Select: 2
Pair Opt id: 28, 33, 39, 27, 40, 
Missed: 43, 26, 44, 18, 25, 12, 2, 
Allocation time: 0.009
Ego1  : 40, 39, 33, 27, 28, 
Other1: 
Ego2  : 43, 40, 39, 27, 33, 28, 
Other2: 44, 26, 25, 18, 12, 2, 
prev cost: 13.2948, 0, 13.2948
cur cost : 21.5457, 44.0732, 65.6189

Select: 2
Pair Opt id: 28, 33, 39, 27, 40, 
Missed: 43, 26, 44, 18, 25, 12, 2, 
Allocation time: 0.018
Ego1  : 40, 39, 33, 27, 28, 
Other1: 
Ego2  : 43, 40, 39, 27, 33, 28, 
Other2: 44, 26, 25, 18, 12, 2, 
prev cost: 13.2948, 0, 13.2948
cur cost : 21.5457, 44.0805, 65.6262
[0m[INFO] [1790607064.480623585, 44.280000000]: [FSM]: Drone 1 from PUB_TRAJ to EXEC_TRAJ[0m

Select: 2
Pair Opt id: 28, 33, 39, 27, 40, 
Missed: 43, 26, 44, 18, 25, 12, 2, 
Allocation time: 0.009
Ego1  : 40, 39, 33, 27, 28, 
Other1: 
Ego2  : 43, 40, 39, 27, 33, 28, 
Other2: 44, 26, 25, 18, 12, 2, 
prev cost: 13.2948, 0, 13.2948
cur cost : 21.5457, 44.0808, 65.6265

Select: 2
Pair Opt id: 28, 33, 39, 27, 40, 
Missed: 43, 26, 44, 18, 25, 12, 2, 
Allocation time: 0.01
Ego1  : 40, 39, 33, 27, 28, 
Other1: 
Ego2  : 43, 40, 39, 27, 33, 28, 
Other2: 44, 26, 25, 18, 12, 2, 
prev cost: 13.2287, 0, 13.2287
cur cost : 21.5272, 44.08, 65.6073

Select: 2
Pair Opt id: 28, 33, 39, 27, 40, 
Missed: 43, 26, 44, 18, 25, 12, 2, 
Allocation time: 0.019
Ego1  : 40, 39, 33, 27, 28, 
Other1: 
Ego2  : 43, 40, 39, 27, 33, 28, 
Other2: 44, 26, 25, 18, 12, 2, 
prev cost: 13.1753, 0, 13.1753
cur cost : 21.5155, 44.0738, 65.5893

Select: 2
Pair Opt id: 28, 33, 39, 27, 40, 
Missed: 43, 26, 44, 18, 25, 12, 2, 
Allocation time: 0.013
Ego1  : 40, 39, 33, 27, 28, 
Other1: 
Ego2  : 43, 40, 39, 27, 33, 28, 
Other2: 44, 26, 25, 18, 12, 2, 
prev cost: 13.122, 0, 13.122
cur cost : 21.5067, 44.0716, 65.5784
Frontier num: 5, 12
Frontier cost mat size: 5
[0m[INFO] [1790607064.703231167, 44.493000000]: Drone 1: frontier t: 0.000000, viewpoint t: 0.009000, mat: 0.000000[0m
[0m[INFO] [1790607064.703259055, 44.493000000]: Total t: 0.009000[0m
[0m[INFO] [1790607064.703307872, 44.493000000]: [FSM]: Drone 1 from EXEC_TRAJ to PLAN_TRAJ[0m

Select: 2
Pair Opt id: 28, 33, 39, 27, 40, 
Missed: 43, 26, 44, 18, 25, 12, 2, 
Allocation time: 0.018
Ego1  : 40, 39, 33, 27, 28, 
Other1: 
Ego2  : 40, 39, 27, 33, 28, 
Other2: 43, 44, 26, 25, 18, 12, 2, 
prev cost: 3.18145, 0, 3.18145
cur cost : 1.33058, 54.3999, 55.7304
start pos: 3.44456 1.01056 2.15088, vel:  0.256755 -0.749003 0.0614991, acc: -0.0167808  0.0664819  -0.277129
[0m[INFO] [1790607064.725829502, 44.511000000]: Find grid tour---------------[0m
Allocated grid: 40, 39, 33, 27, 28, 
Grid tour: 40, 39, 33, 27, 28, 
[0m[INFO] [1790607064.734802444, 44.520000000]: Find frontier tour, 1 involved------------[0m
[0m[INFO] [1790607064.742587710, 44.529000000]: Grid tour t: 0.009000, frontier tour t: 0.009000.[0m
Local refine graph size: 1, 15, 1, 
Next view:   3.7707 -1.88067  1.45029, -0.657888
Mid goal
Traj opt iter num: 152
[0m[INFO] [1790607064.745071910, 44.529000000]: Traj: 0.000000, yaw: 0.000000[0m
[0m[INFO] [1790607064.745087042, 44.529000000]: Total time: 0.018000[0m
[0m[INFO] [1790607064.745095380, 44.529000000]: [FSM]: Drone 1 from PLAN_TRAJ to PUB_TRAJ[0m

Select: 2
Pair Opt id: 28, 33, 39, 27, 40, 
Missed: 43, 26, 18, 25, 12, 2, 
Allocation time: 0.009
Ego1  : 40, 39, 33, 27, 28, 
Other1: 
Ego2  : 40, 39, 27, 33, 28, 
Other2: 43, 25, 26, 2, 18, 12, 
prev cost: 2.97922, 0, 2.97922
cur cost : 1.12835, 43.661, 44.7894

Select: 2
Pair Opt id: 28, 33, 39, 27, 40, 
Missed: 43, 26, 18, 25, 12, 2, 
Allocation time: 0.018
Ego1  : 40, 39, 33, 27, 28, 
Other1: 
Ego2  : 40, 39, 27, 33, 28, 
Other2: 43, 25, 26, 2, 18, 12, 
prev cost: 2.97922, 0, 2.97922
cur cost : 1.12835, 43.661, 44.7893

Select: 2
Pair Opt id: 28, 33, 39, 27, 40, 
Missed: 43, 26, 18, 25, 12, 2, 
Allocation time: 0.018
Ego1  : 40, 39, 33, 27, 28, 
Other1: 
Ego2  : 40, 39, 27, 33, 28, 
Other2: 43, 25, 26, 2, 18, 12, 
prev cost: 2.97922, 0, 2.97922
cur cost : 1.12835, 43.6634, 44.7917

Select: 2
Pair Opt id: 28, 33, 39, 27, 40, 
Missed: 43, 26, 18, 25, 12, 2, 
Allocation time: 0.018
Ego1  : 40, 39, 33, 27, 28, 
Other1: 
Ego2  : 40, 39, 27, 33, 28, 
Other2: 43, 25, 26, 2, 18, 12, 
prev cost: 2.97922, 0, 2.97922
cur cost : 1.12835, 43.6546, 44.7829
[0m[INFO] [1790607064.937256621, 44.721000000]: [FSM]: Drone 1 from PUB_TRAJ to EXEC_TRAJ[0m

Select: 2
Pair Opt id: 28, 33, 39, 27, 40, 
Missed: 43, 26, 18, 25, 12, 2, 
Allocation time: 0.018
Ego1  : 40, 39, 33, 27, 28, 
Other1: 
Ego2  : 40, 39, 27, 33, 28, 
Other2: 43, 25, 26, 2, 18, 12, 
prev cost: 2.95716, 0, 2.95716
cur cost : 1.10629, 43.6542, 44.7605

Select: 2
Pair Opt id: 28, 33, 39, 27, 40, 
Missed: 43, 26, 18, 25, 12, 2, 
Allocation time: 0.018
Ego1  : 40, 39, 33, 27, 28, 
Other1: 
Ego2  : 40, 39, 27, 33, 28, 
Other2: 43, 25, 26, 2, 18, 12, 
prev cost: 2.93002, 0, 2.93002
cur cost : 1.07915, 43.6602, 44.7393

Select: 2
Pair Opt id: 28, 33, 39, 27, 40, 
Missed: 43, 26, 18, 25, 12, 2, 
Allocation time: 0.009
Ego1  : 40, 39, 33, 27, 28, 
Other1: 
Ego2  : 40, 39, 27, 33, 28, 
Other2: 43, 25, 26, 2, 18, 12, 
prev cost: 2.89576, 0, 2.89576
cur cost : 1.04489, 43.66, 44.7049

Select: 2
Pair Opt id: 28, 33, 39, 27, 40, 
Missed: 43, 26, 18, 25, 12, 2, 
Allocation time: 0.009
Ego1  : 40, 39, 33, 27, 28, 
Other1: 
Ego2  : 40, 39, 27, 33, 28, 
Other2: 43, 25, 26, 2, 18, 12, 
prev cost: 2.86206, 0, 2.86206
cur cost : 1.01119, 43.6609, 44.6721
[0m[INFO] [1790607065.143942746, 44.923000000]: [FSM]: Drone 1 state: EXEC_TRAJ[0m
Frontier num: 4, 14
Frontier cost mat size: 4
[0m[INFO] [1790607065.149902057, 44.932000000]: Drone 1: frontier t: 0.000000, viewpoint t: 0.009000, mat: 0.000000[0m
[0m[INFO] [1790607065.149976053, 44.932000000]: Total t: 0.009000[0m
[0m[INFO] [1790607065.150050757, 44.932000000]: [FSM]: Drone 1 from EXEC_TRAJ to PLAN_TRAJ[0m
start pos:  3.54825 0.702423  2.15198, vel:    0.23816  -0.715429 -0.0614436, acc: -0.0671512  0.0624674  -0.302101
[0m[INFO] [1790607065.150428445, 44.932000000]: Find grid tour---------------[0m
Allocated grid: 40, 39, 33, 27, 28, 
Grid tour: 40, 39, 33, 27, 28, 
[0m[INFO] [1790607065.156991392, 44.932000000]: Find frontier tour, 1 involved------------[0m
[0m[INFO] [1790607065.163779076, 44.941000000]: Grid tour t: 0.000000, frontier tour t: 0.009000.[0m
Local refine graph size: 1, 15, 1, 
Next view:   3.7707 -1.88067  1.45029, -0.657888
Mid goal
Traj opt iter num: 180
[0m[INFO] [1790607065.166143424, 44.941000000]: Traj: 0.000000, yaw: 0.000000[0m
[0m[INFO] [1790607065.166162517, 44.941000000]: Total time: 0.009000[0m
[0m[INFO] [1790607065.166172730, 44.941000000]: [FSM]: Drone 1 from PLAN_TRAJ to PUB_TRAJ[0m

Select: 2
Pair Opt id: 28, 33, 39, 27, 40, 
Missed: 26, 18, 25, 12, 2, 
Allocation time: 0.018
Ego1  : 40, 39, 33, 27, 28, 
Other1: 
Ego2  : 40, 39, 27, 33, 28, 
Other2: 25, 26, 2, 18, 12, 
prev cost: 2.59985, 0, 2.59985
cur cost : 0.748982, 29.9436, 30.6926

Select: 2
Pair Opt id: 28, 33, 39, 27, 40, 
Missed: 26, 18, 25, 12, 2, 
Allocation time: 0.019
Ego1  : 40, 39, 33, 27, 28, 
Other1: 
Ego2  : 40, 39, 27, 33, 28, 
Other2: 25, 26, 2, 18, 12, 
prev cost: 2.59985, 0, 2.59985
cur cost : 0.748982, 29.9414, 30.6904

Select: 2
Pair Opt id: 28, 33, 39, 27, 40, 
Missed: 26, 18, 25, 12, 2, 
Allocation time: 0.009
Ego1  : 40, 39, 33, 27, 28, 
Other1: 
Ego2  : 40, 39, 27, 33, 28, 
Other2: 25, 26, 2, 18, 12, 
prev cost: 2.59985, 0, 2.59985
cur cost : 0.748982, 29.9365, 30.6854

Select: 2
Pair Opt id: 28, 33, 39, 27, 40, 
Missed: 26, 18, 25, 12, 2, 
Allocation time: 0.018
Ego1  : 40, 39, 33, 27, 28, 
Other1: 
Ego2  : 40, 39, 27, 33, 28, 
Other2: 25, 26, 2, 18, 12, 
prev cost: 2.59985, 0, 2.59985
cur cost : 0.748982, 29.9353, 30.6843
[0m[INFO] [1790607065.351618615, 45.133000000]: [FSM]: Drone 1 from PUB_TRAJ to EXEC_TRAJ[0m

Select: 2
Pair Opt id: 28, 33, 39, 27, 40, 
Missed: 26, 18, 25, 12, 2, 
Allocation time: 0.009
Ego1  : 40, 39, 33, 27, 28, 
Other1: 
Ego2  : 40, 39, 27, 33, 28, 
Other2: 25, 26, 2, 18, 12, 
prev cost: 2.59912, 0, 2.59912
cur cost : 0.748248, 29.9325, 30.6808

Select: 2
Pair Opt id: 28, 33, 39, 27, 40, 
Missed: 26, 18, 25, 12, 2, 
Allocation time: 0.009
Ego1  : 40, 39, 33, 27, 28, 
Other1: 
Ego2  : 40, 39, 27, 33, 28, 
Other2: 25, 26, 2, 18, 12, 
prev cost: 2.64442, 0, 2.64442
cur cost : 0.793548, 29.9339, 30.7275

Select: 2
Pair Opt id: 28, 33, 39, 27, 40, 
Missed: 26, 18, 25, 12, 2, 
Allocation time: 0.009
Ego1  : 40, 39, 33, 27, 28, 
Other1: 
Ego2  : 40, 39, 27, 33, 28, 
Other2: 25, 26, 2, 18, 12, 
prev cost: 2.62164, 0, 2.62164
cur cost : 0.770765, 29.9402, 30.711

Select: 2
Pair Opt id: 28, 33, 39, 27, 40, 
Missed: 26, 18, 25, 12, 2, 
Allocation time: 0.009
Ego1  : 40, 39, 33, 27, 28, 
Other1: 
Ego2  : 40, 39, 27, 33, 28, 
Other2: 25, 26, 2, 18, 12, 
prev cost: 2.59223, 0, 2.59223
cur cost : 0.741364, 29.9414, 30.6828
Frontier num: 4, 13
Frontier cost mat size: 4
[0m[INFO] [1790607065.568055696, 45.335000000]: Drone 1: frontier t: 0.000000, viewpoint t: 0.000000, mat: 0.000000[0m
[0m[INFO] [1790607065.568098968, 45.335000000]: Total t: 0.000000[0m
[0m[INFO] [1790607065.568170004, 45.335000000]: [FSM]: Drone 1 from EXEC_TRAJ to PLAN_TRAJ[0m

Select: 2
Pair Opt id: 28, 33, 39, 27, 40, 
Missed: 26, 18, 25, 12, 2, 
Allocation time: 0
Ego1  : 40, 39, 33, 27, 28, 
Other1: 
Ego2  : 40, 39, 27, 33, 28, 
Other2: 25, 26, 2, 18, 12, 
prev cost: 2.55072, 0, 2.55072
cur cost : 0.699853, 29.9431, 30.6429
start pos:  3.64205 0.395867  2.10144, vel:  0.212068 -0.712333 -0.189194, acc:   0.0155982 0.000925778   -0.348406
[0m[INFO] [1790607065.670619286, 45.362000000]: Find grid tour---------------[0m
Allocated grid: 40, 39, 33, 27, 28, 
Grid tour: 40, 39, 33, 27, 28, 
[0m[INFO] [1790607065.679542954, 45.362000000]: Find frontier tour, 1 involved------------[0m
[0m[INFO] [1790607065.685508185, 45.371000000]: Grid tour t: 0.000000, frontier tour t: 0.009000.[0m
Local refine graph size: 1, 15, 1, 
Next view:  4.08136 -1.64229  1.45029, -0.803992
Mid goal
Traj opt iter num: 160
[0m[INFO] [1790607065.688047829, 45.371000000]: Traj: 0.000000, yaw: 0.000000[0m
[0m[INFO] [1790607065.688065922, 45.371000000]: Total time: 0.009000[0m
[0m[INFO] [1790607065.688076010, 45.371000000]: [FSM]: Drone 1 from PLAN_TRAJ to PUB_TRAJ[0m

Select: 2
Pair Opt id: 28, 33, 39, 27, 40, 
Missed: 26, 18, 25, 12, 2, 
Allocation time: 0.009
Ego1  : 40, 39, 33, 27, 28, 
Other1: 
Ego2  : 40, 39, 27, 33, 28, 
Other2: 25, 26, 2, 18, 12, 
prev cost: 2.26657, 0, 2.26657
cur cost : 0.415697, 29.9404, 30.3561

Select: 2
Pair Opt id: 28, 33, 39, 27, 40, 
Missed: 26, 18, 25, 12, 2, 
Allocation time: 0.009
Ego1  : 40, 39, 33, 27, 28, 
Other1: 
Ego2  : 40, 39, 27, 33, 28, 
Other2: 25, 26, 2, 18, 12, 
prev cost: 2.26657, 0, 2.26657
cur cost : 0.415697, 29.9404, 30.3561

Select: 2
Pair Opt id: 28, 33, 39, 27, 40, 
Missed: 26, 18, 25, 12, 2, 
Allocation time: 0.009
Ego1  : 40, 39, 33, 27, 28, 
Other1: 
Ego2  : 40, 39, 27, 33, 28, 
Other2: 25, 26, 2, 18, 12, 
prev cost: 2.26657, 0, 2.26657
cur cost : 0.415697, 29.9351, 30.3508

Select: 2
Pair Opt id: 28, 33, 39, 27, 40, 
Missed: 26, 18, 25, 12, 2, 
Allocation time: 0.009
Ego1  : 40, 39, 33, 27, 28, 
Other1: 
Ego2  : 40, 39, 27, 33, 28, 
Other2: 25, 26, 2, 18, 12, 
prev cost: 2.26657, 0, 2.26657
cur cost : 8.12807, 29.9326, 38.0607
[0m[INFO] [1790607065.896448519, 45.563000000]: [FSM]: Drone 1 from PUB_TRAJ to EXEC_TRAJ[0m

Select: 2
Pair Opt id: 28, 33, 39, 27, 40, 
Missed: 26, 18, 25, 12, 2, 
Allocation time: 0.01
Ego1  : 40, 39, 33, 27, 28, 
Other1: 
Ego2  : 40, 39, 27, 33, 28, 
Other2: 25, 26, 2, 18, 12, 
prev cost: 2.25358, 0, 2.25358
cur cost : 0.402714, 29.9257, 30.3284

Select: 2
Pair Opt id: 28, 33, 39, 27, 40, 
Missed: 26, 18, 25, 12, 2, 
Allocation time: 0.009
Ego1  : 40, 39, 33, 27, 28, 
Other1: 
Ego2  : 40, 39, 27, 33, 28, 
Other2: 25, 26, 2, 18, 12, 
prev cost: 2.22868, 0, 2.22868
cur cost : 0.377807, 29.9301, 30.3079

Select: 2
Pair Opt id: 28, 33, 39, 27, 40, 
Missed: 26, 18, 25, 12, 2, 
Allocation time: 0.009
Ego1  : 40, 39, 33, 27, 28, 
Other1: 
Ego2  : 40, 39, 27, 33, 28, 
Other2: 25, 26, 2, 18, 12, 
prev cost: 2.19859, 0, 2.19859
cur cost : 0.347715, 29.9331, 30.2809

Select: 2
Pair Opt id: 28, 33, 39, 27, 40, 
Missed: 26, 18, 25, 12, 2, 
Allocation time: 0.009
Ego1  : 40, 39, 33, 27, 28, 
Other1: 
Ego2  : 40, 39, 27, 33, 28, 
Other2: 25, 26, 2, 18, 12, 
prev cost: 2.1536, 0, 2.1536
cur cost : 0.302725, 29.9321, 30.2349
Frontier num: 4, 13
Frontier cost mat size: 4
[0m[INFO] [1790607066.105690088, 45.764000000]: Drone 1: frontier t: 0.000000, viewpoint t: 0.000000, mat: 0.000000[0m
[0m[INFO] [1790607066.105717226, 45.764000000]: Total t: 0.000000[0m
[0m[INFO] [1790607066.105765376, 45.764000000]: [FSM]: Drone 1 from EXEC_TRAJ to PLAN_TRAJ[0m
start pos:  3.73574 0.103854  1.99144, vel:  0.239146 -0.670153 -0.333033, acc:  0.102215  0.097832 -0.323218
[0m[INFO] [1790607066.119266831, 45.783000000]: Find grid tour---------------[0m
Allocated grid: 40, 39, 33, 27, 28, 
Grid tour: 40, 39, 33, 27, 28, 
[0m[INFO] [1790607066.127747945, 45.783000000]: Find frontier tour, 1 involved------------[0m
[0m[INFO] [1790607066.134438538, 45.792000000]: Grid tour t: 0.000000, frontier tour t: 0.009000.[0m
Local refine graph size: 1, 15, 1, 
Next view:  4.08136 -1.64229  1.45029, -0.803992
Mid goal
Traj opt iter num: 253
[0m[INFO] [1790607066.139607246, 45.801000000]: Traj: 0.009000, yaw: 0.000000[0m
[0m[INFO] [1790607066.139634927, 45.801000000]: Total time: 0.018000[0m
[0m[INFO] [1790607066.139646891, 45.801000000]: [FSM]: Drone 1 from PLAN_TRAJ to PUB_TRAJ[0m

Select: 2
Pair Opt id: 28, 33, 39, 27, 40, 
Missed: 26, 18, 25, 12, 2, 
Allocation time: 0.009
Ego1  : 40, 39, 33, 27, 28, 
Other1: 
Ego2  : 40, 39, 27, 33, 28, 
Other2: 25, 26, 2, 18, 12, 
prev cost: 2.1331, 0, 2.1331
cur cost : 0.282226, 29.9315, 30.2138

Select: 2
Pair Opt id: 28, 33, 39, 27, 40, 
Missed: 26, 18, 25, 12, 2, 
Allocation time: 0.009
Ego1  : 40, 39, 33, 27, 28, 
Other1: 
Ego2  : 40, 39, 27, 33, 28, 
Other2: 25, 26, 2, 18, 12, 
prev cost: 1.86148, 0, 1.86148
cur cost : 0.0106098, 29.935, 29.9456

Select: 2
Pair Opt id: 28, 33, 39, 27, 40, 
Missed: 26, 18, 25, 12, 2, 
Allocation time: 0.009
Ego1  : 40, 39, 33, 27, 28, 
Other1: 
Ego2  : 40, 39, 27, 33, 28, 
Other2: 25, 26, 2, 18, 12, 
prev cost: 1.86148, 0, 1.86148
cur cost : 0.0106098, 29.937, 29.9477
[0m[INFO] [1790607066.266844333, 45.929000000]: [FSM]: Drone 1 state: PUB_TRAJ[0m

Select: 2
Pair Opt id: 28, 33, 39, 27, 40, 
Missed: 26, 18, 25, 12, 2, 
Allocation time: 0.009
Ego1  : 40, 39, 33, 27, 28, 
Other1: 
Ego2  : 40, 39, 27, 33, 28, 
Other2: 25, 26, 2, 18, 12, 
prev cost: 1.86148, 0, 1.86148
cur cost : 0.0106098, 29.9383, 29.9489
[0m[INFO] [1790607066.324044836, 45.984000000]: [FSM]: Drone 1 from PUB_TRAJ to EXEC_TRAJ[0m

Select: 2
Pair Opt id: 28, 33, 39, 27, 40, 
Missed: 26, 18, 25, 12, 2, 
Allocation time: 0.009
Ego1  : 40, 39, 33, 27, 28, 
Other1: 
Ego2  : 40, 39, 27, 33, 28, 
Other2: 25, 26, 2, 18, 12, 
prev cost: 1.86148, 0, 1.86148
cur cost : 0.0106098, 29.9328, 29.9434

Select: 2
Pair Opt id: 28, 33, 39, 27, 40, 
Missed: 26, 18, 25, 12, 2, 
Allocation time: 0.009
Ego1  : 40, 39, 33, 27, 28, 
Other1: 
Ego2  : 40, 39, 27, 33, 28, 
Other2: 25, 26, 2, 18, 12, 
prev cost: 1.83422, 0, 1.83422
cur cost : -0.0166542, 29.9339, 29.9173

Select: 2
Pair Opt id: 28, 33, 39, 27, 40, 
Missed: 26, 18, 25, 12, 2, 
Allocation time: 0
Ego1  : 40, 39, 33, 27, 28, 
Other1: 
Ego2  : 40, 39, 27, 33, 28, 
Other2: 25, 26, 2, 18, 12, 
prev cost: 1.80726, 0, 1.80726
cur cost : -0.0436151, 29.9303, 29.8867

Select: 2
Pair Opt id: 28, 33, 39, 27, 40, 
Missed: 26, 18, 25, 12, 2, 
Allocation time: 0.009
Ego1  : 40, 39, 33, 27, 28, 
Other1: 
Ego2  : 40, 39, 27, 33, 28, 
Other2: 25, 26, 2, 18, 12, 
prev cost: 1.74914, 0, 1.74914
cur cost : -0.101729, 29.9304, 29.8287
Frontier num: 4, 13
Frontier cost mat size: 4
[0m[INFO] [1790607066.540822921, 46.185000000]: Drone 1: frontier t: 0.000000, viewpoint t: 0.000000, mat: 0.000000[0m
[0m[INFO] [1790607066.540863733, 46.185000000]: Total t: 0.000000[0m
[0m[INFO] [1790607066.540922679, 46.185000000]: [FSM]: Drone 1 from EXEC_TRAJ to PLAN_TRAJ[0m

Select: 2
Pair Opt id: 28, 33, 39, 27, 40, 
Missed: 26, 18, 25, 12, 2, 
Allocation time: 0.018
Ego1  : 40, 39, 33, 27, 28, 
Other1: 
Ego2  : 40, 39, 27, 33, 28, 
Other2: 25, 26, 2, 18, 12, 
prev cost: 1.724, 0, 1.724
cur cost : -0.12687, 29.9307, 29.8039
start pos:   3.85515 -0.174543    1.8201, vel:   0.32802 -0.635714 -0.461765, acc:  0.271024 0.0120284 -0.266797
[0m[INFO] [1790607066.574234868, 46.212000000]: Find grid tour---------------[0m
Allocated grid: 40, 39, 33, 27, 28, 
Grid tour: 40, 39, 33, 27, 28, 
[0m[INFO] [1790607066.584001958, 46.222000000]: Find frontier tour, 1 involved------------[0m
[0m[INFO] [1790607066.596644818, 46.240000000]: Grid tour t: 0.010000, frontier tour t: 0.018000.[0m
Local refine graph size: 1, 15, 1, 
Next view:  4.08136 -1.64229  1.45029, -0.803992
Mid goal
Traj opt iter num: 451
[0m[INFO] [1790607066.602914993, 46.249000000]: Traj: 0.009000, yaw: 0.000000[0m
[0m[INFO] [1790607066.602943466, 46.249000000]: Total time: 0.037000[0m
[0m[INFO] [1790607066.602956389, 46.249000000]: [FSM]: Drone 1 from PLAN_TRAJ to PUB_TRAJ[0m

Select: 2
Pair Opt id: 28, 33, 39, 27, 40, 
Missed: 26, 18, 25, 12, 2, 
Allocation time: 0.018
Ego1  : 40, 39, 33, 27, 28, 
Other1: 
Ego2  : 40, 39, 27, 33, 28, 
Other2: 25, 26, 2, 18, 12, 
prev cost: 1.50018, 0, 1.50018
cur cost : -0.350689, 29.9323, 29.5816

Select: 2
Pair Opt id: 28, 33, 39, 27, 40, 
Missed: 26, 18, 25, 12, 2, 
Allocation time: 0.027
Ego1  : 40, 39, 33, 27, 28, 
Other1: 
Ego2  : 40, 39, 27, 33, 28, 
Other2: 25, 26, 2, 18, 12, 
prev cost: 1.50018, 0, 1.50018
cur cost : -0.350689, 29.9384, 29.5877

Select: 2
Pair Opt id: 28, 33, 39, 27, 40, 
Missed: 26, 18, 25, 12, 2, 
Allocation time: 0.012
Ego1  : 40, 39, 33, 27, 28, 
Other1: 
Ego2  : 40, 39, 27, 33, 28, 
Other2: 25, 26, 2, 18, 12, 
prev cost: 1.50018, 0, 1.50018
cur cost : -0.350689, 29.9392, 29.5885

Select: 2
Pair Opt id: 28, 33, 39, 27, 40, 
Missed: 26, 18, 25, 12, 2, 
Allocation time: 0.009
Ego1  : 40, 39, 33, 27, 28, 
Other1: 
Ego2  : 40, 39, 27, 33, 28, 
Other2: 25, 26, 2, 18, 12, 
prev cost: 1.50018, 0, 1.50018
cur cost : -0.350689, 29.9375, 29.5868
[0m[INFO] [1790607066.788827778, 46.417000000]: [FSM]: Drone 1 from PUB_TRAJ to EXEC_TRAJ[0m

Select: 2
Pair Opt id: 28, 33, 39, 27, 40, 
Missed: 26, 18, 25, 12, 2, 
Allocation time: 0.009
Ego1  : 40, 39, 33, 27, 28, 
Other1: 
Ego2  : 40, 39, 27, 33, 28, 
Other2: 25, 26, 2, 18, 12, 
prev cost: 1.49699, 0, 1.49699
cur cost : -0.353885, 29.9372, 29.5834

Select: 2
Pair Opt id: 28, 33, 39, 27, 40, 
Missed: 26, 18, 25, 12, 2, 
Allocation time: 0.009
Ego1  : 40, 39, 33, 27, 28, 
Other1: 
Ego2  : 40, 39, 27, 33, 28, 
Other2: 25, 26, 2, 18, 12, 
prev cost: 1.46882, 0, 1.46882
cur cost : -0.382051, 29.9366, 29.5546

Select: 2
Pair Opt id: 28, 33, 39, 27, 40, 
Missed: 26, 18, 25, 12, 2, 
Allocation time: 0.009
Ego1  : 40, 39, 33, 27, 28, 
Other1: 
Ego2  : 40, 39, 27, 33, 28, 
Other2: 25, 26, 2, 18, 12, 
prev cost: 1.42492, 0, 1.42492
cur cost : -0.425949, 29.9386, 29.5126

Select: 2
Pair Opt id: 28, 33, 39, 27, 40, 
Missed: 26, 18, 25, 12, 2, 
Allocation time: 0.01
Ego1  : 40, 39, 33, 27, 28, 
Other1: 
Ego2  : 40, 39, 27, 33, 28, 
Other2: 25, 26, 2, 18, 12, 
prev cost: 1.29906, 0, 1.29906
cur cost : -0.551809, 29.9391, 29.3873
Frontier num: 4, 12
Frontier cost mat size: 4
[0m[INFO] [1790607067.004915351, 46.627000000]: Drone 1: frontier t: 0.000000, viewpoint t: 0.000000, mat: 0.000000[0m
[0m[INFO] [1790607067.004934027, 46.627000000]: Total t: 0.000000[0m
[0m[INFO] [1790607067.004983760, 46.627000000]: [FSM]: Drone 1 from EXEC_TRAJ to PLAN_TRAJ[0m
start pos:   4.04971 -0.447037   1.59791, vel:  0.526396 -0.630981 -0.600255, acc: -0.357394 0.0193174 -0.321683
[0m[INFO] [1790607067.005676190, 46.636000000]: Find grid tour---------------[0m
Allocated grid: 40, 39, 33, 27, 28, 
Grid tour: 40, 39, 33, 27, 28, 
[0m[INFO] [1790607067.017138460, 46.645000000]: Find frontier tour, 1 involved------------[0m
[0m[INFO] [1790607067.021895587, 46.645000000]: Grid tour t: 0.009000, frontier tour t: 0.000000.[0m
Local refine graph size: 1, 15, 1, 
Next view:  4.33051 -1.66036  1.44343, -0.839682
Traj opt iter num: 307
[0m[INFO] [1790607067.027187940, 46.654000000]: Traj: 0.009000, yaw: 0.000000[0m
[0m[INFO] [1790607067.027210118, 46.654000000]: Total time: 0.018000[0m
[0m[INFO] [1790607067.027221874, 46.654000000]: [FSM]: Drone 1 from PLAN_TRAJ to PUB_TRAJ[0m

Select: 2
Pair Opt id: 28, 33, 39, 27, 40, 
Missed: 26, 18, 25, 12, 2, 
Allocation time: 0.009
Ego1  : 40, 39, 33, 27, 28, 
Other1: 
Ego2  : 40, 39, 27, 33, 28, 
Other2: 25, 26, 2, 18, 12, 
prev cost: 1.19348, 0, 1.19348
cur cost : -0.657386, 29.9398, 29.2824

Select: 2
Pair Opt id: 28, 33, 39, 27, 40, 
Missed: 26, 18, 25, 12, 2, 
Allocation time: 0.009
Ego1  : 40, 39, 33, 27, 28, 
Other1: 
Ego2  : 40, 39, 27, 33, 28, 
Other2: 25, 26, 2, 18, 12, 
prev cost: 1.0341, 0, 1.0341
cur cost : -0.816766, 29.9326, 29.1158

Select: 2
Pair Opt id: 28, 33, 39, 27, 40, 
Missed: 26, 18, 25, 12, 2, 
Allocation time: 0.009
Ego1  : 40, 39, 33, 27, 28, 
Other1: 
Ego2  : 40, 39, 27, 33, 28, 
Other2: 25, 26, 2, 18, 12, 
prev cost: 1.0341, 0, 1.0341
cur cost : -0.816766, 29.9327, 29.1159

Select: 2
Pair Opt id: 28, 33, 39, 27, 40, 
Missed: 26, 18, 25, 12, 2, 
Allocation time: 0.009
Ego1  : 40, 39, 33, 27, 28, 
Other1: 
Ego2  : 40, 39, 27, 33, 28, 
Other2: 25, 26, 2, 18, 12, 
prev cost: 1.0341, 0, 1.0341
cur cost : -0.816766, 29.9362, 29.1194
[0m[INFO] [1790607067.212202693, 46.838999999]: [FSM]: Drone 1 from PUB_TRAJ to EXEC_TRAJ[0m

Select: 2
Pair Opt id: 28, 33, 39, 27, 40, 
Missed: 26, 18, 25, 12, 2, 
Allocation time: 0.009
Ego1  : 40, 39, 33, 27, 28, 
Other1: 
Ego2  : 40, 39, 27, 33, 28, 
Other2: 25, 26, 2, 18, 12, 
prev cost: 1.0341, 0, 1.0341
cur cost : -0.816766, 29.9364, 29.1196

Select: 2
Pair Opt id: 28, 33, 39, 27, 40, 
Missed: 26, 18, 25, 12, 2, 
Allocation time: 0.009
Ego1  : 40, 39, 33, 27, 28, 
Other1: 
Ego2  : 40, 39, 27, 33, 28, 
Other2: 25, 26, 2, 18, 12, 
prev cost: 1.02166, 0, 1.02166
cur cost : 6.81457, 29.9409, 36.7554
[0m[INFO] [1790607067.297939415, 46.929000000]: [FSM]: Drone 1 state: EXEC_TRAJ[0m

Select: 2
Pair Opt id: 28, 33, 39, 27, 40, 
Missed: 26, 18, 25, 12, 2, 
Allocation time: 0.009
Ego1  : 40, 39, 33, 27, 28, 
Other1: 
Ego2  : 40, 39, 27, 33, 28, 
Other2: 25, 26, 2, 18, 12, 
prev cost: 0.901542, 0, 0.901542
cur cost : -0.949328, 29.9393, 28.99

Select: 2
Pair Opt id: 28, 33, 39, 27, 40, 
Missed: 26, 18, 25, 12, 2, 
Allocation time: 0.009
Ego1  : 40, 39, 33, 27, 28, 
Other1: 
Ego2  : 40, 39, 27, 33, 28, 
Other2: 25, 26, 2, 18, 12, 
prev cost: 0.876637, 0, 0.876637
cur cost : -0.974234, 29.9328, 28.9586
Frontier num: 4, 12
Frontier cost mat size: 4
[0m[INFO] [1790607067.415393696, 47.039999999]: Drone 1: frontier t: 0.000000, viewpoint t: 0.000000, mat: 0.000000[0m
[0m[INFO] [1790607067.415423795, 47.039999999]: Total t: 0.000000[0m
[0m[INFO] [1790607067.415476863, 47.039999999]: [FSM]: Drone 1 from EXEC_TRAJ to PLAN_TRAJ[0m

Select: 2
Pair Opt id: 28, 33, 39, 27, 40, 
Missed: 26, 18, 25, 12, 2, 
Allocation time: 0.009
Ego1  : 40, 39, 33, 27, 28, 
Other1: 
Ego2  : 40, 39, 27, 33, 28, 
Other2: 25, 26, 2, 18, 12, 
prev cost: 0.847479, 0, 0.847479
cur cost : -1.00339, 29.9398, 28.9364
start pos:   4.22355 -0.722327   1.34823, vel:  0.317793 -0.660222 -0.507915, acc: -0.161951 0.0302409  0.734834
[0m[INFO] [1790607067.432684171, 47.057999999]: Find grid tour---------------[0m
Allocated grid: 40, 39, 33, 27, 28, 
Grid tour: 40, 39, 33, 27, 28, 
[0m[INFO] [1790607067.439656405, 47.067000000]: Find frontier tour, 1 involved------------[0m
[0m[INFO] [1790607067.444578573, 47.067000000]: Grid tour t: 0.009000, frontier tour t: 0.000000.[0m
Local refine graph size: 1, 14, 1, 
Next view:  3.86216 -2.52693  1.54884, -0.63228
Mid goal
Traj opt iter num: 435
[0m[INFO] [1790607067.448139811, 47.076000000]: Traj: 0.009000, yaw: 0.000000[0m
[0m[INFO] [1790607067.448183041, 47.076000000]: Total time: 0.018000[0m
[0m[INFO] [1790607067.448201384, 47.076000000]: [FSM]: Drone 1 from PLAN_TRAJ to PUB_TRAJ[0m

Select: 2
Pair Opt id: 28, 33, 39, 27, 40, 
Missed: 26, 18, 25, 12, 2, 
Allocation time: 0.018
Ego1  : 40, 39, 33, 27, 28, 
Other1: 
Ego2  : 40, 39, 27, 33, 28, 
Other2: 25, 26, 2, 18, 12, 
prev cost: 0.564113, 0, 0.564113
cur cost : -1.28674, 29.9392, 28.6525

Select: 2
Pair Opt id: 28, 33, 39, 27, 40, 
Missed: 26, 18, 25, 12, 2, 
Allocation time: 0.009
Ego1  : 40, 39, 33, 27, 28, 
Other1: 
Ego2  : 40, 39, 27, 33, 28, 
Other2: 25, 26, 2, 18, 12, 
prev cost: 0.564113, 0, 0.564113
cur cost : -1.28674, 29.9351, 28.6483

Select: 2
Pair Opt id: 28, 33, 39, 27, 40, 
Missed: 26, 18, 25, 12, 2, 
Allocation time: 0.009
Ego1  : 40, 39, 33, 27, 28, 
Other1: 
Ego2  : 40, 39, 27, 33, 28, 
Other2: 25, 26, 2, 18, 12, 
prev cost: 0.564113, 0, 0.564113
cur cost : -1.28674, 29.936, 28.6492

Select: 2
Pair Opt id: 28, 33, 39, 27, 40, 
Missed: 26, 18, 25, 12, 2, 
Allocation time: 0.009
Ego1  : 40, 39, 33, 27, 28, 
Other1: 
Ego2  : 40, 39, 27, 33, 28, 
Other2: 25, 26, 2, 18, 12, 
prev cost: 0.564113, 0, 0.564113
cur cost : -1.28674, 29.9365, 28.6498
[0m[INFO] [1790607067.631694084, 47.258000000]: [FSM]: Drone 1 from PUB_TRAJ to EXEC_TRAJ[0m

Select: 2
Pair Opt id: 28, 33, 39, 27, 40, 
Missed: 26, 18, 25, 12, 2, 
Allocation time: 0.009
Ego1  : 40, 39, 33, 27, 28, 
Other1: 
Ego2  : 40, 39, 27, 33, 28, 
Other2: 25, 26, 2, 18, 12, 
prev cost: 0.564113, 0, 0.564113
cur cost : -1.28674, 29.9355, 28.6488

Select: 2
Pair Opt id: 28, 33, 39, 27, 40, 
Missed: 26, 18, 25, 12, 2, 
Allocation time: 0.01
Ego1  : 40, 39, 33, 27, 28, 
Other1: 
Ego2  : 40, 39, 27, 33, 28, 
Other2: 25, 26, 2, 18, 12, 
prev cost: 0.407865, 0, 0.407865
cur cost : -1.44299, 29.9345, 28.4915

Select: 2
Pair Opt id: 28, 33, 39, 27, 40, 
Missed: 26, 18, 25, 12, 2, 
Allocation time: 0.009
Ego1  : 40, 39, 33, 27, 28, 
Other1: 
Ego2  : 40, 39, 27, 33, 28, 
Other2: 25, 26, 2, 18, 12, 
prev cost: 0.378268, 0, 0.378268
cur cost : -1.47259, 29.9347, 28.4622

Select: 2
Pair Opt id: 28, 33, 39, 27, 40, 
Missed: 26, 18, 25, 12, 2, 
Allocation time: 0.009
Ego1  : 40, 39, 33, 27, 28, 
Other1: 
Ego2  : 40, 39, 27, 33, 28, 
Other2: 25, 26, 2, 18, 12, 
prev cost: 0.349533, 0, 0.349533
cur cost : -1.50132, 29.9353, 28.434
Frontier num: 5, 12
Frontier cost mat size: 5
[0m[INFO] [1790607067.847380082, 47.460000000]: Drone 1: frontier t: 0.000000, viewpoint t: 0.000000, mat: 0.000000[0m
[0m[INFO] [1790607067.847408346, 47.460000000]: Total t: 0.000000[0m
[0m[INFO] [1790607067.847522736, 47.460000000]: [FSM]: Drone 1 from EXEC_TRAJ to PLAN_TRAJ[0m
start pos:   4.32286 -0.990533   1.22187, vel:  0.125968 -0.642251 -0.127171, acc: -0.708799 0.0323643  0.905387
[0m[INFO] [1790607067.848869660, 47.469000000]: Find grid tour---------------[0m
Allocated grid: 40, 39, 33, 27, 28, 
Grid tour: 40, 39, 33, 27, 28, 
[0m[INFO] [1790607067.854969041, 47.469000000]: Find frontier tour, 2 involved------------[0m
[0m[INFO] [1790607067.861695945, 47.478000000]: Grid tour t: 0.000000, frontier tour t: 0.009000.[0m
Local refine graph size: 1, 13, 1, 
[0m[INFO] [1790607067.861810085, 47.478000000]: Local refine time: 0.000000[0m
Next view:  4.51302 -2.24075  1.46236, -0.973178
Traj opt iter num: 183
[0m[INFO] [1790607067.862755974, 47.478000000]: Traj: 0.000000, yaw: 0.000000[0m
[0m[INFO] [1790607067.862807792, 47.478000000]: Total time: 0.009000[0m
[0m[INFO] [1790607067.862828385, 47.478000000]: [FSM]: Drone 1 from PLAN_TRAJ to PUB_TRAJ[0m

Select: 2
Pair Opt id: 28, 33, 39, 27, 40, 
Missed: 26, 18, 25, 12, 2, 
Allocation time: 0.009
Ego1  : 40, 39, 33, 27, 28, 
Other1: 
Ego2  : 40, 39, 27, 33, 28, 
Other2: 25, 26, 2, 18, 12, 
prev cost: 0.602198, 0, 0.602198
cur cost : -1.25508, 29.9375, 28.6824

Select: 2
Pair Opt id: 28, 33, 39, 27, 40, 
Missed: 26, 18, 25, 12, 2, 
Allocation time: 0.009
Ego1  : 40, 39, 33, 27, 28, 
Other1: 
Ego2  : 40, 39, 27, 33, 28, 
Other2: 25, 26, 2, 18, 12, 
prev cost: 0.474938, 0, 0.474938
cur cost : -1.38234, 29.9323, 28.55

Select: 2
Pair Opt id: 28, 33, 39, 27, 40, 
Missed: 26, 18, 25, 12, 2, 
Allocation time: 0.01
Ego1  : 40, 39, 33, 27, 28, 
Other1: 
Ego2  : 40, 39, 27, 33, 28, 
Other2: 25, 26, 2, 18, 12, 
prev cost: 0.474938, 0, 0.474938
cur cost : -1.38234, 29.9316, 28.5493

Select: 2
Pair Opt id: 28, 33, 39, 27, 40, 
Missed: 26, 18, 25, 12, 2, 
Allocation time: 0.009
Ego1  : 40, 39, 33, 27, 28, 
Other1: 
Ego2  : 40, 39, 27, 33, 28, 
Other2: 25, 26, 2, 18, 12, 
prev cost: 0.474938, 0, 0.474938
cur cost : -1.38234, 29.9366, 28.5543
[0m[INFO] [1790607068.059254800, 47.670000000]: [FSM]: Drone 1 from PUB_TRAJ to EXEC_TRAJ[0m

Select: 2
Pair Opt id: 28, 33, 39, 27, 40, 
Missed: 26, 18, 25, 12, 2, 
Allocation time: 0.009
Ego1  : 40, 39, 33, 27, 28, 
Other1: 
Ego2  : 40, 39, 27, 33, 28, 
Other2: 25, 26, 2, 18, 12, 
prev cost: 0.474938, 0, 0.474938
cur cost : -1.38234, 29.9348, 28.5525

Select: 2
Pair Opt id: 28, 33, 39, 27, 40, 
Missed: 26, 18, 25, 12, 2, 
Allocation time: 0.009
Ego1  : 40, 39, 33, 27, 28, 
Other1: 
Ego2  : 40, 39, 27, 33, 28, 
Other2: 25, 26, 2, 18, 12, 
prev cost: 0.406924, 0, 0.406924
cur cost : -1.45035, 29.9337, 28.4834

Select: 2
Pair Opt id: 28, 33, 39, 27, 40, 
Missed: 26, 18, 25, 12, 2, 
Allocation time: 0.009
Ego1  : 40, 39, 33, 27, 28, 
Other1: 
Ego2  : 40, 39, 27, 33, 28, 
Other2: 25, 26, 2, 18, 12, 
prev cost: 0.37914, 0, 0.37914
cur cost : -1.47813, 29.9299, 28.4518

Select: 2
Pair Opt id: 28, 33, 39, 27, 40, 
Missed: 26, 18, 25, 12, 2, 
Allocation time: 0.01
Ego1  : 40, 39, 33, 27, 28, 
Other1: 
Ego2  : 40, 39, 27, 33, 28, 
Other2: 25, 26, 2, 18, 12, 
prev cost: 0.356265, 0, 0.356265
cur cost : -1.50101, 29.9276, 28.4266
Frontier num: 5, 16
Frontier cost mat size: 5
[0m[INFO] [1790607068.271167328, 47.880000000]: Drone 1: frontier t: 0.000000, viewpoint t: 0.009000, mat: 0.000000[0m
[0m[INFO] [1790607068.271191924, 47.880000000]: Total t: 0.009000[0m
[0m[INFO] [1790607068.271238697, 47.880000000]: [FSM]: Drone 1 from EXEC_TRAJ to PLAN_TRAJ[0m
start pos:  4.34259 -1.26365  1.23177, vel: 0.00841948  -0.687797   0.133537, acc: -0.0110161  -0.154898   0.430628
[0m[INFO] [1790607068.271615635, 47.880000000]: Find grid tour---------------[0m
Allocated grid: 40, 39, 33, 27, 28, 
Grid tour: 40, 39, 33, 27, 28, 
[0m[INFO] [1790607068.276867427, 47.880000000]: Find frontier tour, 2 involved------------[0m
[0m[INFO] [1790607068.282579698, 47.889000000]: Grid tour t: 0.000000, frontier tour t: 0.009000.[0m
Local refine graph size: 1, 10, 1, 
[0m[INFO] [1790607068.282671994, 47.889000000]: Local refine time: 0.000000[0m
Next view:  4.75129 -2.25479  1.07007, -1.06112
Traj opt iter num: 277
[0m[INFO] [1790607068.285846414, 47.889000000]: Traj: 0.000000, yaw: 0.000000[0m
[0m[INFO] [1790607068.285868258, 47.889000000]: Total time: 0.009000[0m
[0m[INFO] [1790607068.285877346, 47.889000000]: [FSM]: Drone 1 from PLAN_TRAJ to PUB_TRAJ[0m

Select: 2
Pair Opt id: 28, 33, 39, 27, 40, 
Missed: 26, 18, 25, 12, 2, 
Allocation time: 0.009
Ego1  : 40, 39, 33, 27, 28, 
Other1: 
Ego2  : 40, 39, 27, 33, 28, 
Other2: 25, 26, 2, 18, 12, 
prev cost: 8.36987, 0, 8.36987
cur cost : 6.50587, 29.9314, 36.4373
[0m[INFO] [1790607068.327584648, 47.935000000]: [FSM]: Drone 1 state: PUB_TRAJ[0m

Select: 2
Pair Opt id: 28, 33, 39, 27, 40, 
Missed: 26, 18, 25, 12, 2, 
Allocation time: 0.009
Ego1  : 40, 39, 33, 27, 28, 
Other1: 
Ego2  : 40, 39, 27, 33, 28, 
Other2: 25, 26, 2, 18, 12, 
prev cost: 8.27396, 0, 8.27396
cur cost : 6.40995, 29.9295, 36.3394

Select: 2
Pair Opt id: 28, 33, 39, 27, 40, 
Missed: 26, 18, 25, 12, 2, 
Allocation time: 0.009
Ego1  : 40, 39, 33, 27, 28, 
Other1: 
Ego2  : 40, 39, 27, 33, 28, 
Other2: 25, 26, 2, 18, 12, 
prev cost: 8.27396, 0, 8.27396
cur cost : 6.40995, 29.9297, 36.3397

Select: 2
Pair Opt id: 28, 33, 39, 27, 40, 
Missed: 26, 18, 25, 12, 2, 
Allocation time: 0.009
Ego1  : 40, 39, 33, 27, 28, 
Other1: 
Ego2  : 40, 39, 27, 33, 28, 
Other2: 25, 26, 2, 18, 12, 
prev cost: 8.27396, 0, 8.27396
cur cost : 6.40995, 29.9284, 36.3383
[0m[INFO] [1790607068.479705504, 48.081000000]: [FSM]: Drone 1 from PUB_TRAJ to EXEC_TRAJ[0m

Select: 2
Pair Opt id: 28, 33, 39, 27, 40, 
Missed: 26, 18, 25, 12, 2, 
Allocation time: 0.01
Ego1  : 40, 39, 33, 27, 28, 
Other1: 
Ego2  : 40, 39, 27, 33, 28, 
Other2: 25, 26, 2, 18, 12, 
prev cost: 8.27396, 0, 8.27396
cur cost : 6.40995, 29.9312, 36.3411

Select: 2
Pair Opt id: 28, 33, 39, 27, 40, 
Missed: 26, 18, 25, 12, 2, 
Allocation time: 0.009
Ego1  : 40, 39, 33, 27, 28, 
Other1: 
Ego2  : 40, 39, 27, 33, 28, 
Other2: 25, 26, 2, 18, 12, 
prev cost: 8.15464, 0, 8.15464
cur cost : 6.29063, 29.9311, 36.2218

Select: 2
Pair Opt id: 28, 33, 39, 27, 40, 
Missed: 26, 18, 25, 12, 2, 
Allocation time: 0.009
Ego1  : 40, 39, 33, 27, 28, 
Other1: 
Ego2  : 40, 39, 27, 33, 28, 
Other2: 25, 26, 2, 18, 12, 
prev cost: 8.13423, 0, 8.13423
cur cost : 6.27022, 29.9331, 36.2034

Select: 2
Pair Opt id: 28, 33, 39, 27, 40, 
Missed: 26, 18, 25, 12, 2, 
Allocation time: 0.009
Ego1  : 40, 39, 33, 27, 28, 
Other1: 
Ego2  : 40, 39, 27, 33, 28, 
Other2: 25, 26, 2, 18, 12, 
prev cost: 8.11023, 0, 8.11023
cur cost : 6.24622, 29.9369, 36.1832
Frontier num: 5, 15
Frontier cost mat size: 5
[0m[INFO] [1790607068.692055584, 48.283000000]: Drone 1: frontier t: 0.000000, viewpoint t: 0.000000, mat: 0.000000[0m
[0m[INFO] [1790607068.692083765, 48.283000000]: Total t: 0.000000[0m
[0m[INFO] [1790607068.692145462, 48.283000000]: [FSM]: Drone 1 from EXEC_TRAJ to PLAN_TRAJ[0m

Select: 2
Pair Opt id: 28, 33, 39, 27, 40, 
Missed: 26, 18, 25, 12, 2, 
Allocation time: 0.009
Ego1  : 40, 39, 33, 27, 28, 
Other1: 
Ego2  : 40, 39, 27, 33, 28, 
Other2: 25, 26, 2, 18, 12, 
prev cost: 8.09137, 0, 8.09137
cur cost : 6.22736, 29.9365, 36.1639
start pos:   4.3458 -1.55295  1.31443, vel: -0.0296446  -0.630601   0.289503, acc: -0.373643  0.152376  0.610648
[0m[INFO] [1790607068.712357480, 48.310000000]: Find grid tour---------------[0m
Allocated grid: 39, 33, 27, 28, 
Grid tour: 39, 33, 27, 28, 
[0m[INFO] [1790607068.718065791, 48.310000000]: Find frontier tour, 2 involved------------[0m
[0m[INFO] [1790607068.725187392, 48.319000000]: Grid tour t: 0.000000, frontier tour t: 0.009000.[0m
Local refine graph size: 1, 8, 1, 
[0m[INFO] [1790607068.725351640, 48.319000000]: Local refine time: 0.000000[0m
Next view:  4.31395 -2.80406  1.32853, -1.11709
Traj opt iter num: 335
[0m[INFO] [1790607068.728695812, 48.319000000]: Traj: 0.000000, yaw: 0.000000[0m
[0m[INFO] [1790607068.728716322, 48.319000000]: Total time: 0.009000[0m
[0m[INFO] [1790607068.728727494, 48.319000000]: [FSM]: Drone 1 from PLAN_TRAJ to PUB_TRAJ[0m

Select: 2
Pair Opt id: 28, 27, 33, 39, 
Missed: 26, 18, 25, 12, 2, 
Allocation time: 0.009
Ego1  : 39, 33, 27, 28, 
Other1: 
Ego2  : 39, 33, 27, 28, 
Other2: 25, 26, 2, 18, 12, 
prev cost: -0.379256, 0, -0.379256
cur cost : -0.379256, 29.9385, 29.5592

Select: 2
Pair Opt id: 28, 27, 33, 39, 
Missed: 26, 18, 25, 12, 2, 
Allocation time: 0.009
Ego1  : 39, 33, 27, 28, 
Other1: 
Ego2  : 39, 33, 27, 28, 
Other2: 25, 26, 2, 18, 12, 
prev cost: -0.379256, 0, -0.379256
cur cost : -0.379256, 29.9408, 29.5616

Select: 2
Pair Opt id: 28, 27, 33, 39, 
Missed: 26, 18, 25, 12, 2, 
Allocation time: 0.009
Ego1  : 39, 33, 27, 28, 
Other1: 
Ego2  : 39, 33, 27, 28, 
Other2: 25, 26, 2, 18, 12, 
prev cost: -0.379256, 0, -0.379256
cur cost : -0.379256, 29.9404, 29.5611

Select: 2
Pair Opt id: 28, 27, 33, 39, 
Missed: 26, 18, 25, 12, 2, 
Allocation time: 0
Ego1  : 39, 33, 27, 28, 
Other1: 
Ego2  : 39, 33, 27, 28, 
Other2: 25, 26, 2, 18, 12, 
prev cost: -0.379256, 0, -0.379256
cur cost : -0.379256, 29.9405, 29.5612
[0m[INFO] [1790607068.919120268, 48.511000000]: [FSM]: Drone 1 from PUB_TRAJ to EXEC_TRAJ[0m

Select: 2
Pair Opt id: 28, 27, 33, 39, 
Missed: 26, 18, 25, 12, 2, 
Allocation time: 0.009
Ego1  : 39, 33, 27, 28, 
Other1: 
Ego2  : 39, 33, 27, 28, 
Other2: 25, 26, 2, 18, 12, 
prev cost: -0.396012, 0, -0.396012
cur cost : -0.396012, 29.941, 29.545

Select: 2
Pair Opt id: 28, 27, 33, 39, 
Missed: 26, 18, 25, 12, 2, 
Allocation time: 0.01
Ego1  : 39, 33, 27, 28, 
Other1: 
Ego2  : 39, 33, 27, 28, 
Other2: 25, 26, 2, 18, 12, 
prev cost: -0.29207, 0, -0.29207
cur cost : -0.29207, 29.9397, 29.6476

Select: 2
Pair Opt id: 28, 27, 33, 39, 
Missed: 26, 18, 25, 12, 2, 
Allocation time: 0.009
Ego1  : 39, 33, 27, 28, 
Other1: 
Ego2  : 39, 33, 27, 28, 
Other2: 25, 26, 2, 18, 12, 
prev cost: -0.348435, 0, -0.348435
cur cost : -0.348435, 29.9373, 29.5889

Select: 2
Pair Opt id: 28, 27, 33, 39, 
Missed: 26, 18, 25, 12, 2, 
Allocation time: 0
Ego1  : 39, 33, 27, 28, 
Other1: 
Ego2  : 39, 33, 27, 28, 
Other2: 25, 26, 2, 18, 12, 
prev cost: -0.371666, 0, -0.371666
cur cost : -0.371666, 29.9325, 29.5608
Frontier num: 5, 16
Frontier cost mat size: 5
[0m[INFO] [1790607069.125942586, 48.712000000]: Drone 1: frontier t: 0.000000, viewpoint t: 0.000000, mat: 0.000000[0m
[0m[INFO] [1790607069.125977437, 48.712000000]: Total t: 0.000000[0m
[0m[INFO] [1790607069.126037091, 48.712000000]: [FSM]: Drone 1 from EXEC_TRAJ to PLAN_TRAJ[0m
start pos:  4.28983 -1.79597  1.47542, vel: -0.215902 -0.594971  0.474835, acc:  0.263575 -0.128893  0.268943
[0m[INFO] [1790607069.130034089, 48.721000000]: Find grid tour---------------[0m
Allocated grid: 39, 33, 27, 28, 
Grid tour: 39, 33, 27, 28, 
[0m[INFO] [1790607069.136133345, 48.721000000]: Find frontier tour, 2 involved------------[0m
[0m[INFO] [1790607069.142185328, 48.731000000]: Grid tour t: 0.000000, frontier tour t: 0.010000.[0m
Local refine graph size: 1, 8, 1, 
[0m[INFO] [1790607069.142289339, 48.731000000]: Local refine time: 0.000000[0m
Next view:  4.32588 -3.07843  1.52465, -1.0574
Traj opt iter num: 202
[0m[INFO] [1790607069.144706922, 48.731000000]: Traj: 0.000000, yaw: 0.000000[0m
[0m[INFO] [1790607069.144721221, 48.731000000]: Total time: 0.010000[0m
[0m[INFO] [1790607069.144730725, 48.731000000]: [FSM]: Drone 1 from PLAN_TRAJ to PUB_TRAJ[0m

Select: 2
Pair Opt id: 28, 27, 33, 39, 
Missed: 26, 18, 25, 12, 2, 
Allocation time: 0.009
Ego1  : 39, 33, 27, 28, 
Other1: 
Ego2  : 39, 33, 27, 28, 
Other2: 25, 26, 2, 18, 12, 
prev cost: -0.409825, 0, -0.409825
cur cost : -0.409825, 29.9325, 29.5226

Select: 2
Pair Opt id: 28, 27, 33, 39, 
Missed: 26, 18, 25, 12, 2, 
Allocation time: 0.009
Ego1  : 39, 33, 27, 28, 
Other1: 
Ego2  : 39, 33, 27, 28, 
Other2: 25, 26, 2, 18, 12, 
prev cost: -0.409825, 0, -0.409825
cur cost : -0.409825, 29.9377, 29.5279

Select: 2
Pair Opt id: 28, 27, 33, 39, 
Missed: 26, 18, 25, 12, 2, 
Allocation time: 0.009
Ego1  : 39, 33, 27, 28, 
Other1: 
Ego2  : 39, 33, 27, 28, 
Other2: 25, 26, 2, 18, 12, 
prev cost: -0.409825, 0, -0.409825
cur cost : -0.409825, 29.9373, 29.5275

Select: 2
Pair Opt id: 28, 27, 33, 39, 
Missed: 26, 18, 25, 12, 2, 
Allocation time: 0.009
Ego1  : 39, 33, 27, 28, 
Other1: 
Ego2  : 39, 33, 27, 28, 
Other2: 25, 26, 2, 18, 12, 
prev cost: -0.409825, 0, -0.409825
cur cost : -0.409825, 29.9365, 29.5267
[0m[INFO] [1790607069.335334646, 48.923000000]: [FSM]: Drone 1 from PUB_TRAJ to EXEC_TRAJ[0m

Select: 2
Pair Opt id: 28, 27, 33, 39, 
Missed: 26, 18, 25, 12, 2, 
Allocation time: 0.009
Ego1  : 39, 33, 27, 28, 
Other1: 
Ego2  : 39, 33, 27, 28, 
Other2: 25, 26, 2, 18, 12, 
prev cost: -0.419563, 0, -0.419563
cur cost : -0.419563, 29.9357, 29.5161
[0m[INFO] [1790607069.366039825, 48.950000000]: [FSM]: Drone 1 state: EXEC_TRAJ[0m

Select: 2
Pair Opt id: 28, 27, 33, 39, 
Missed: 26, 18, 25, 12, 2, 
Allocation time: 0.009
Ego1  : 39, 33, 27, 28, 
Other1: 
Ego2  : 39, 33, 27, 28, 
Other2: 25, 26, 2, 18, 12, 
prev cost: -0.436513, 0, -0.436513
cur cost : -0.436513, 29.9379, 29.5014

Select: 2
Pair Opt id: 28, 27, 33, 39, 
Missed: 26, 18, 25, 12, 2, 
Allocation time: 0.009
Ego1  : 39, 33, 27, 28, 
Other1: 
Ego2  : 39, 33, 27, 28, 
Other2: 25, 26, 2, 18, 12, 
prev cost: -0.451634, 0, -0.451634
cur cost : -0.451634, 29.9378, 29.4862

Select: 2
Pair Opt id: 28, 27, 33, 39, 
Missed: 26, 18, 25, 12, 2, 
Allocation time: 0.009
Ego1  : 39, 33, 27, 28, 
Other1: 
Ego2  : 39, 33, 27, 28, 
Other2: 25, 26, 2, 18, 12, 
prev cost: -0.382723, 0, -0.382723
cur cost : -0.382723, 29.9442, 29.5615
Frontier num: 5, 15
Frontier cost mat size: 5
[0m[INFO] [1790607069.545527107, 49.124000000]: Drone 1: frontier t: 0.000000, viewpoint t: 0.000000, mat: 0.000000[0m
[0m[INFO] [1790607069.545554746, 49.124000000]: Total t: 0.000000[0m
[0m[INFO] [1790607069.545602394, 49.124000000]: [FSM]: Drone 1 from EXEC_TRAJ to PLAN_TRAJ[0m
start pos:  4.22927 -2.05557  1.63702, vel: -0.0440683   -0.64688    0.27517, acc:    0.61878 -0.0262849  -0.272886
[0m[INFO] [1790607069.548159547, 49.133000000]: Find grid tour---------------[0m
Allocated grid: 39, 33, 27, 28, 
Grid tour: 39, 33, 27, 28, 
[0m[INFO] [1790607069.555230956, 49.133000000]: Find frontier tour, 2 involved------------[0m
[0m[INFO] [1790607069.562017640, 49.142000000]: Grid tour t: 0.000000, frontier tour t: 0.009000.[0m
Local refine graph size: 1, 10, 1, 
[0m[INFO] [1790607069.562137575, 49.142000000]: Local refine time: 0.000000[0m
Next view:  4.47094 -3.24392  1.65468, -1.49111
Traj opt iter num: 272
[0m[INFO] [1790607069.564744252, 49.142000000]: Traj: 0.000000, yaw: 0.000000[0m
[0m[INFO] [1790607069.564771349, 49.142000000]: Total time: 0.009000[0m
[0m[INFO] [1790607069.564781813, 49.142000000]: [FSM]: Drone 1 from PLAN_TRAJ to PUB_TRAJ[0m

Select: 2
Pair Opt id: 28, 27, 33, 39, 
Missed: 26, 18, 25, 12, 2, 
Allocation time: 0.019
Ego1  : 39, 33, 27, 28, 
Other1: 
Ego2  : 39, 33, 27, 28, 
Other2: 25, 26, 2, 18, 12, 
prev cost: -0.361835, 0, -0.361835
cur cost : -0.361835, 29.9446, 29.5827

Select: 2
Pair Opt id: 28, 27, 33, 39, 
Missed: 26, 18, 25, 12, 2, 
Allocation time: 0.009
Ego1  : 39, 33, 27, 28, 
Other1: 
Ego2  : 39, 33, 27, 28, 
Other2: 25, 26, 2, 18, 12, 
prev cost: -0.361835, 0, -0.361835
cur cost : -0.361835, 29.9378, 29.576

Select: 2
Pair Opt id: 28, 27, 33, 39, 
Missed: 26, 18, 25, 12, 2, 
Allocation time: 0.009
Ego1  : 39, 33, 27, 28, 
Other1: 
Ego2  : 39, 33, 27, 28, 
Other2: 25, 26, 2, 18, 12, 
prev cost: -0.361835, 0, -0.361835
cur cost : -0.361835, 29.9383, 29.5764

Select: 2
Pair Opt id: 28, 27, 33, 39, 
Missed: 26, 18, 25, 12, 2, 
Allocation time: 0.009
Ego1  : 39, 33, 27, 28, 
Other1: 
Ego2  : 39, 33, 27, 28, 
Other2: 25, 26, 2, 18, 12, 
prev cost: -0.361835, 0, -0.361835
cur cost : -0.361835, 29.9374, 29.5756
[0m[INFO] [1790607069.755019134, 49.334000000]: [FSM]: Drone 1 from PUB_TRAJ to EXEC_TRAJ[0m

Select: 2
Pair Opt id: 28, 27, 33, 39, 
Missed: 26, 18, 25, 12, 2, 
Allocation time: 0.01
Ego1  : 39, 33, 27, 28, 
Other1: 
Ego2  : 39, 33, 27, 28, 
Other2: 25, 26, 2, 18, 12, 
prev cost: -0.362537, 0, -0.362537
cur cost : -0.362537, 29.9362, 29.5737

Select: 2
Pair Opt id: 28, 27, 33, 39, 
Missed: 26, 18, 25, 12, 2, 
Allocation time: 0.009
Ego1  : 39, 33, 27, 28, 
Other1: 
Ego2  : 39, 33, 27, 28, 
Other2: 25, 26, 2, 18, 12, 
prev cost: -0.394727, 0, -0.394727
cur cost : -0.394727, 29.938, 29.5433

Select: 2
Pair Opt id: 28, 27, 33, 39, 
Missed: 26, 18, 25, 12, 2, 
Allocation time: 0.009
Ego1  : 39, 33, 27, 28, 
Other1: 
Ego2  : 39, 33, 27, 28, 
Other2: 25, 26, 2, 18, 12, 
prev cost: -0.420499, 0, -0.420499
cur cost : -0.420499, 29.9355, 29.515

Select: 2
Pair Opt id: 28, 27, 33, 39, 
Missed: 26, 18, 25, 12, 2, 
Allocation time: 0.009
Ego1  : 39, 33, 27, 28, 
Other1: 
Ego2  : 39, 33, 27, 28, 
Other2: 25, 26, 2, 18, 12, 
prev cost: -0.445474, 0, -0.445474
cur cost : -0.445474, 29.9405, 29.495
Frontier num: 5, 15
Frontier cost mat size: 5
[0m[INFO] [1790607069.970568188, 49.536000000]: Drone 1: frontier t: 0.000000, viewpoint t: 0.000000, mat: 0.000000[0m
[0m[INFO] [1790607069.970586614, 49.536000000]: Total t: 0.000000[0m
[0m[INFO] [1790607069.970626259, 49.536000000]: [FSM]: Drone 1 from EXEC_TRAJ to PLAN_TRAJ[0m

Select: 2
Pair Opt id: 28, 27, 33, 39, 
Missed: 26, 18, 25, 12, 2, 
Allocation time: 0.009
Ego1  : 39, 33, 27, 28, 
Other1: 
Ego2  : 39, 33, 27, 28, 
Other2: 25, 26, 2, 18, 12, 
prev cost: -0.502577, 0, -0.502577
cur cost : -0.502577, 29.9406, 29.438
start pos:  4.24171 -2.33242  1.72441, vel: 0.0884822 -0.665296  0.136119, acc:   0.332179 -0.0227855  -0.383589
[0m[INFO] [1790607069.984691163, 49.554000000]: Find grid tour---------------[0m
Allocated grid: 39, 33, 27, 28, 
Grid tour: 39, 33, 27, 28, 
[0m[INFO] [1790607069.990847281, 49.554000000]: Find frontier tour, 2 involved------------[0m
[0m[INFO] [1790607069.995506651, 49.563000000]: Grid tour t: 0.000000, frontier tour t: 0.009000.[0m
Local refine graph size: 1, 14, 1, 
[0m[INFO] [1790607069.995604242, 49.563000000]: Local refine time: 0.000000[0m
Next view:  4.49189 -3.50257   1.8893, -1.49975
Traj opt iter num: 105
[0m[INFO] [1790607069.996721425, 49.563000000]: Traj: 0.000000, yaw: 0.000000[0m
[0m[INFO] [1790607069.996734723, 49.563000000]: Total time: 0.009000[0m
[0m[INFO] [1790607069.996743436, 49.563000000]: [FSM]: Drone 1 from PLAN_TRAJ to PUB_TRAJ[0m

Select: 2
Pair Opt id: 28, 27, 33, 39, 
Missed: 26, 18, 25, 12, 2, 
Allocation time: 0.01
Ego1  : 39, 33, 27, 28, 
Other1: 
Ego2  : 39, 33, 27, 28, 
Other2: 25, 26, 2, 18, 12, 
prev cost: -0.593403, 0, -0.593403
cur cost : -0.593403, 29.9415, 29.3481

Select: 2
Pair Opt id: 28, 27, 33, 39, 
Missed: 26, 18, 25, 12, 2, 
Allocation time: 0.009
Ego1  : 39, 33, 27, 28, 
Other1: 
Ego2  : 39, 33, 27, 28, 
Other2: 25, 26, 2, 18, 12, 
prev cost: -0.593403, 0, -0.593403
cur cost : -0.593403, 29.9443, 29.3509

Select: 2
Pair Opt id: 28, 27, 33, 39, 
Missed: 26, 18, 25, 12, 2, 
Allocation time: 0.009
Ego1  : 39, 33, 27, 28, 
Other1: 
Ego2  : 39, 33, 27, 28, 
Other2: 25, 26, 2, 18, 12, 
prev cost: -0.593403, 0, -0.593403
cur cost : -0.593403, 29.9426, 29.3492

Select: 2
Pair Opt id: 28, 27, 33, 39, 
Missed: 26, 18, 25, 12, 2, 
Allocation time: 0.009
Ego1  : 39, 33, 27, 28, 
Other1: 
Ego2  : 39, 33, 27, 28, 
Other2: 25, 26, 2, 18, 12, 
prev cost: -0.593403, 0, -0.593403
cur cost : -0.593403, 29.9437, 29.3503
[0m[INFO] [1790607070.190490803, 49.755000000]: [FSM]: Drone 1 from PUB_TRAJ to EXEC_TRAJ[0m

Select: 2
Pair Opt id: 28, 27, 33, 39, 
Missed: 26, 18, 25, 12, 2, 
Allocation time: 0.009
Ego1  : 39, 33, 27, 28, 
Other1: 
Ego2  : 39, 33, 27, 28, 
Other2: 25, 26, 2, 18, 12, 
prev cost: -0.605998, 0, -0.605998
cur cost : -0.605998, 29.9427, 29.3368

Select: 2
Pair Opt id: 28, 27, 33, 39, 
Missed: 26, 18, 25, 12, 2, 
Allocation time: 0.01
Ego1  : 39, 33, 27, 28, 
Other1: 
Ego2  : 39, 33, 27, 28, 
Other2: 25, 26, 2, 18, 12, 
prev cost: -0.636436, 0, -0.636436
cur cost : -0.636436, 29.9472, 29.3108

Select: 2
Pair Opt id: 28, 27, 33, 39, 
Missed: 26, 18, 25, 12, 2, 
Allocation time: 0.009
Ego1  : 39, 33, 27, 28, 
Other1: 
Ego2  : 39, 33, 27, 28, 
Other2: 25, 26, 2, 18, 12, 
prev cost: -0.660844, 0, -0.660844
cur cost : -0.660844, 29.948, 29.2871

Select: 2
Pair Opt id: 28, 27, 33, 39, 
Missed: 26, 18, 25, 12, 2, 
Allocation time: 0.009
Ego1  : 39, 33, 27, 28, 
Other1: 
Ego2  : 39, 33, 27, 28, 
Other2: 25, 26, 2, 18, 12, 
prev cost: -0.714455, 0, -0.714455
cur cost : -0.714455, 29.9472, 29.2328
[0m[INFO] [1790607070.387109772, 49.956000000]: [FSM]: Drone 1 state: EXEC_TRAJ[0m
Frontier num: 5, 16
Frontier cost mat size: 5
[0m[INFO] [1790607070.394366106, 49.956000000]: Drone 1: frontier t: 0.000000, viewpoint t: 0.000000, mat: 0.000000[0m
[0m[INFO] [1790607070.394389243, 49.956000000]: Total t: 0.000000[0m
[0m[INFO] [1790607070.394434432, 49.956000000]: [FSM]: Drone 1 from EXEC_TRAJ to PLAN_TRAJ[0m
start pos:  4.30177 -2.61161  1.75868, vel:  0.189633 -0.690069 0.0499376, acc:    0.14602 -0.0676099 -0.0682107
[0m[INFO] [1790607070.397003466, 49.965000000]: Find grid tour---------------[0m
Allocated grid: 39, 33, 27, 28, 
Grid tour: 39, 33, 27, 28, 
[0m[INFO] [1790607070.402956775, 49.965000000]: Find frontier tour, 2 involved------------[0m
[0m[INFO] [1790607070.408353388, 49.975000000]: Grid tour t: 0.000000, frontier tour t: 0.010000.[0m
Local refine graph size: 1, 7, 1, 
[0m[INFO] [1790607070.408518346, 49.975000000]: Local refine time: 0.000000[0m
Next view:  4.65286 -3.69568  1.85441, -1.69951
Traj opt iter num: 231
[0m[INFO] [1790607070.412182969, 49.975000000]: Traj: 0.000000, yaw: 0.000000[0m
[0m[INFO] [1790607070.412213484, 49.975000000]: Total time: 0.010000[0m
[0m[INFO] [1790607070.412225823, 49.975000000]: [FSM]: Drone 1 from PLAN_TRAJ to PUB_TRAJ[0m

Select: 2
Pair Opt id: 28, 27, 33, 39, 
Missed: 26, 18, 25, 12, 2, 
Allocation time: 0.009
Ego1  : 39, 33, 27, 28, 
Other1: 
Ego2  : 39, 33, 27, 28, 18, 12, 
Other2: 25, 26, 2, 
prev cost: -0.879904, 0, -0.879904
cur cost : 8.23315, 25.0395, 33.2727

Select: 2
Pair Opt id: 28, 27, 33, 39, 
Missed: 26, 18, 25, 12, 2, 
Allocation time: 0.009
Ego1  : 39, 33, 27, 28, 
Other1: 
Ego2  : 39, 33, 27, 28, 18, 12, 
Other2: 25, 26, 2, 
prev cost: -0.677556, 0, -0.677556
cur cost : 8.4355, 25.0371, 33.4726

Select: 2
Pair Opt id: 28, 27, 33, 39, 
Missed: 26, 18, 25, 12, 2, 
Allocation time: 0
Ego1  : 39, 33, 27, 28, 
Other1: 
Ego2  : 39, 33, 27, 28, 18, 12, 
Other2: 25, 26, 2, 
prev cost: -0.677556, 0, -0.677556
cur cost : 8.4355, 25.038, 33.4735

Select: 2
Pair Opt id: 28, 27, 33, 39, 
Missed: 26, 18, 25, 12, 2, 
Allocation time: 0.009
Ego1  : 39, 33, 27, 28, 
Other1: 
Ego2  : 39, 33, 27, 28, 18, 12, 
Other2: 25, 26, 2, 
prev cost: -0.677556, 0, -0.677556
cur cost : 8.4355, 25.0359, 33.4714
Error in XmlRpcClient::writeRequest: write error (Connection refused).
Error in XmlRpcDispatch::work: couldn't find source iterator
Error in XmlRpcClient::writeRequest: write error (Connection refused).
Error in XmlRpcDispatch::work: couldn't find source iterator
Error in XmlRpcClient::writeRequest: write error (Connection refused).
Error in XmlRpcDispatch::work: couldn't find source iterator
Error in XmlRpcClient::writeRequest: write error (Connection refused).
Error in XmlRpcDispatch::work: couldn't find source iterator
Error in XmlRpcClient::writeRequest: write error (Connection refused).
Error in XmlRpcDispatch::work: couldn't find source iterator
Error in XmlRpcClient::writeRequest: write error (Connection refused).
Error in XmlRpcDispatch::work: couldn't find source iterator
Error in XmlRpcClient::writeRequest: write error (Connection refused).
Error in XmlRpcDispatch::work: couldn't find source iterator
Error in XmlRpcClient::writeRequest: write error (Connection refused).
Error in XmlRpcDispatch::work: couldn't find source iterator
Error in XmlRpcClient::writeRequest: write error (Connection refused).
Error in XmlRpcDispatch::work: couldn't find source iterator
Error in XmlRpcClient::writeRequest: write error (Connection refused).
Error in XmlRpcDispatch::work: couldn't find source iterator
Error in XmlRpcClient::writeRequest: write error (Connection refused).
Error in XmlRpcDispatch::work: couldn't find source iterator
Error in XmlRpcClient::writeRequest: write error (Connection refused).
Error in XmlRpcDispatch::work: couldn't find source iterator
Error in XmlRpcClient::writeRequest: write error (Connection refused).
Error in XmlRpcDispatch::work: couldn't find source iterator
Error in XmlRpcClient::writeRequest: write error (Connection refused).
Error in XmlRpcDispatch::work: couldn't find source iterator
Error in XmlRpcClient::writeRequest: write error (Connection refused).
Error in XmlRpcDispatch::work: couldn't find source iterator
Error in XmlRpcClient::writeRequest: write error (Connection refused).
Error in XmlRpcDispatch::work: couldn't find source iterator
Error in XmlRpcClient::writeRequest: write error (Connection refused).
Error in XmlRpcDispatch::work: couldn't find source iterator
Error in XmlRpcClient::writeRequest: write error (Connection refused).
Error in XmlRpcDispatch::work: couldn't find source iterator
Error in XmlRpcClient::writeRequest: write error (Connection refused).
Error in XmlRpcDispatch::work: couldn't find source iterator
Error in XmlRpcClient::writeRequest: write error (Connection refused).
Error in XmlRpcDispatch::work: couldn't find source iterator
Error in XmlRpcClient::writeRequest: write error (Connection refused).
Error in XmlRpcDispatch::work: couldn't find source iterator
Error in XmlRpcClient::writeRequest: write error (Connection refused).
Error in XmlRpcDispatch::work: couldn't find source iterator
Error in XmlRpcClient::writeRequest: write error (Connection refused).
Error in XmlRpcDispatch::work: couldn't find source iterator
Error in XmlRpcClient::writeRequest: write error (Connection refused).
Error in XmlRpcDispatch::work: couldn't find source iterator
Error in XmlRpcClient::writeRequest: write error (Connection refused).
Error in XmlRpcDispatch::work: couldn't find source iterator
Error in XmlRpcClient::writeRequest: write error (Connection refused).
Error in XmlRpcDispatch::work: couldn't find source iterator
Error in XmlRpcClient::writeRequest: write error (Connection refused).
Error in XmlRpcDispatch::work: couldn't find source iterator
Error in XmlRpcClient::writeRequest: write error (Connection refused).
Error in XmlRpcDispatch::work: couldn't find source iterator
Error in XmlRpcClient::writeRequest: write error (Connection refused).
Error in XmlRpcDispatch::work: couldn't find source iterator
Error in XmlRpcClient::writeRequest: write error (Connection refused).
Error in XmlRpcDispatch::work: couldn't find source iterator
Error in XmlRpcClient::writeRequest: write error (Connection refused).
Error in XmlRpcDispatch::work: couldn't find source iterator
Error in XmlRpcClient::writeRequest: write error (Connection refused).
Error in XmlRpcDispatch::work: couldn't find source iterator
Error in XmlRpcClient::writeRequest: write error (Connection refused).
Error in XmlRpcDispatch::work: couldn't find source iterator
Error in XmlRpcClient::writeRequest: write error (Connection refused).
Error in XmlRpcDispatch::work: couldn't find source iterator
Error in XmlRpcClient::writeRequest: write error (Connection refused).
Error in XmlRpcDispatch::work: couldn't find source iterator
Error in XmlRpcClient::writeRequest: write error (Connection refused).
Error in XmlRpcDispatch::work: couldn't find source iterator
Error in XmlRpcClient::writeRequest: write error (Connection refused).
Error in XmlRpcDispatch::work: couldn't find source iterator
Error in XmlRpcClient::writeRequest: write error (Connection refused).
Error in XmlRpcDispatch::work: couldn't find source iterator
Error in XmlRpcClient::writeRequest: write error (Connection refused).
Error in XmlRpcDispatch::work: couldn't find source iterator
Error in XmlRpcClient::writeRequest: write error (Connection refused).
Error in XmlRpcDispatch::work: couldn't find source iterator
Error in XmlRpcClient::writeRequest: write error (Connection refused).
Error in XmlRpcDispatch::work: couldn't find source iterator
Error in XmlRpcClient::writeRequest: write error (Connection refused).
Error in XmlRpcDispatch::work: couldn't find source iterator
des manager
