... logging to /root/.ros/log/6a85d9ce-bb45-11f1-9a83-5255551de53e/roslaunch-colima-racer-gvp-2711.log
Checking log directory for disk usage. This may take a while.
Press Ctrl-C to interrupt
Done checking log file disk usage. Usage is <1GB.
]2;/comparison/racer.launch
[1mstarted roslaunch server http://localhost:38731/[0m

SUMMARY
========

PARAMETERS
 * /acvrp_solver_1/exploration/drone_id: 1
 * /acvrp_solver_1/exploration/mtsp_dir: /work/racer_ws/sr...
 * /acvrp_solver_1/exploration/problem_id: 2
 * /acvrp_solver_2/exploration/drone_id: 2
 * /acvrp_solver_2/exploration/mtsp_dir: /work/racer_ws/sr...
 * /acvrp_solver_2/exploration/problem_id: 2
 * /exploration_node_1/astar/allocate_num: 1000000
 * /exploration_node_1/astar/lambda_heu: 10000.0
 * /exploration_node_1/astar/max_search_time: 0.001
 * /exploration_node_1/astar/resolution_astar: 0.3
 * /exploration_node_1/bspline/limit_acc: 0.8
 * /exploration_node_1/bspline/limit_ratio: 1.1
 * /exploration_node_1/bspline/limit_vel: 0.6
 * /exploration_node_1/exploration/am: 0.8
 * /exploration_node_1/exploration/drone_id: 1
 * /exploration_node_1/exploration/drone_num: 2.0
 * /exploration_node_1/exploration/init_plan_num: 2
 * /exploration_node_1/exploration/max_decay: 0.8
 * /exploration_node_1/exploration/mtsp_dir: /work/racer_ws/sr...
 * /exploration_node_1/exploration/refine_local: True
 * /exploration_node_1/exploration/refined_num: 7
 * /exploration_node_1/exploration/refined_radius: 5.0
 * /exploration_node_1/exploration/top_view_num: 15
 * /exploration_node_1/exploration/tsp_dir: /work/racer_ws/sr...
 * /exploration_node_1/exploration/vm: 0.6
 * /exploration_node_1/exploration/w_dir: 1.5
 * /exploration_node_1/exploration/yd: 0.65
 * /exploration_node_1/exploration/ydd: 0.8
 * /exploration_node_1/frontier/candidate_dphi: 0.2617993833333333
 * /exploration_node_1/frontier/candidate_rmax: 1.5
 * /exploration_node_1/frontier/candidate_rmin: 1.0
 * /exploration_node_1/frontier/candidate_rnum: 3
 * /exploration_node_1/frontier/cluster_min: 100
 * /exploration_node_1/frontier/cluster_size_xy: 2.0
 * /exploration_node_1/frontier/cluster_size_z: 10.0
 * /exploration_node_1/frontier/down_sample: 3
 * /exploration_node_1/frontier/min_candidate_clearance: 0.21
 * /exploration_node_1/frontier/min_candidate_dist: 0.5
 * /exploration_node_1/frontier/min_view_finish_fraction: 0.2
 * /exploration_node_1/frontier/min_visib_num: 30
 * /exploration_node_1/fsm/attempt_interval: 0.1
 * /exploration_node_1/fsm/gain_thresh: 10
 * /exploration_node_1/fsm/pair_opt_interval: 0.5
 * /exploration_node_1/fsm/replan_time: 0.2
 * /exploration_node_1/fsm/sync_interval: 0.2
 * /exploration_node_1/fsm/thresh_replan1: 0.2
 * /exploration_node_1/fsm/thresh_replan2: 0.2
 * /exploration_node_1/fsm/thresh_replan3: 1.5
 * /exploration_node_1/fsm/wait_delete_duration: 0.05
 * /exploration_node_1/heading_planner/half_vert_num: 5
 * /exploration_node_1/heading_planner/lambda1: 2.0
 * /exploration_node_1/heading_planner/lambda2: 1.0
 * /exploration_node_1/heading_planner/max_yaw_rate: 0.17453292222222222
 * /exploration_node_1/heading_planner/w: 20000.0
 * /exploration_node_1/heading_planner/weight_type: 1.0
 * /exploration_node_1/heading_planner/yaw_diff: 0.5235987666666666
 * /exploration_node_1/manager/clearance_threshold: 0.2
 * /exploration_node_1/manager/control_points_distance: 0.5
 * /exploration_node_1/manager/dynamic_environment: 0
 * /exploration_node_1/manager/local_segment_length: 6.0
 * /exploration_node_1/manager/max_acc: 0.8
 * /exploration_node_1/manager/max_jerk: 4.0
 * /exploration_node_1/manager/max_vel: 0.6
 * /exploration_node_1/manager/max_yawdot: 2.0943950666666664
 * /exploration_node_1/manager/min_time: True
 * /exploration_node_1/manager/relax_time1: 0.3
 * /exploration_node_1/manager/relax_time2: 1.5
 * /exploration_node_1/manager/use_active_perception: True
 * /exploration_node_1/manager/use_geometric_path: True
 * /exploration_node_1/manager/use_kinodynamic_path: True
 * /exploration_node_1/manager/use_optimization: True
 * /exploration_node_1/manager/use_topo_path: False
 * /exploration_node_1/map_ros/cx: 324.0879821777344
 * /exploration_node_1/map_ros/cy: 239.10362243652344
 * /exploration_node_1/map_ros/depth_filter_margin: 2
 * /exploration_node_1/map_ros/depth_filter_maxdist: 4.6
 * /exploration_node_1/map_ros/depth_filter_mindist: 0.2
 * /exploration_node_1/map_ros/esdf_slice_height: 0.5
 * /exploration_node_1/map_ros/frame_id: world
 * /exploration_node_1/map_ros/fx: 385.69793701171875
 * /exploration_node_1/map_ros/fy: 385.69793701171875
 * /exploration_node_1/map_ros/k_depth_scaling_factor: 1000.0
 * /exploration_node_1/map_ros/show_all_map: True
 * /exploration_node_1/map_ros/show_esdf_time: False
 * /exploration_node_1/map_ros/show_occ_time: False
 * /exploration_node_1/map_ros/skip_pixel: 2
 * /exploration_node_1/map_ros/visualization_truncate_height: 10.09
 * /exploration_node_1/map_ros/visualization_truncate_low: -2.0
 * /exploration_node_1/optimization/algorithm1: 15
 * /exploration_node_1/optimization/algorithm2: 11
 * /exploration_node_1/optimization/dist0: 0.7
 * /exploration_node_1/optimization/ld_dist: 10.0
 * /exploration_node_1/optimization/ld_end: 0.5
 * /exploration_node_1/optimization/ld_feasi: 2.0
 * /exploration_node_1/optimization/ld_guide: 1.5
 * /exploration_node_1/optimization/ld_smooth: 5.0
 * /exploration_node_1/optimization/ld_start: 100.0
 * /exploration_node_1/optimization/ld_swarm: 5.0
 * /exploration_node_1/optimization/ld_time: 1.5
 * /exploration_node_1/optimization/ld_view: 0.0
 * /exploration_node_1/optimization/ld_waypt: 7.0
 * /exploration_node_1/optimization/max_acc: 0.8
 * /exploration_node_1/optimization/max_iteration_num1: 2
 * /exploration_node_1/optimization/max_iteration_num2: 2000
 * /exploration_node_1/optimization/max_iteration_num3: 200
 * /exploration_node_1/optimization/max_iteration_num4: 200
 * /exploration_node_1/optimization/max_iteration_time1: 0.0001
 * /exploration_node_1/optimization/max_iteration_time2: 0.005
 * /exploration_node_1/optimization/max_iteration_time3: 0.003
 * /exploration_node_1/optimization/max_iteration_time4: 0.003
 * /exploration_node_1/optimization/max_vel: 0.6
 * /exploration_node_1/optimization/swarm_safe_dist: 1.0
 * /exploration_node_1/partitioning/consistent_cost2: 8.0
 * /exploration_node_1/partitioning/consistent_cost: -5.0
 * /exploration_node_1/partitioning/grid_size: 5.0
 * /exploration_node_1/partitioning/min_free: 3000
 * /exploration_node_1/partitioning/min_frontier: 100
 * /exploration_node_1/partitioning/min_unknown: 4000
 * /exploration_node_1/partitioning/use_swarm_tf: False
 * /exploration_node_1/partitioning/w_unknown: 0.0
 * /exploration_node_1/perception_utils/left_angle: 1.0471975511965976
 * /exploration_node_1/perception_utils/max_dist: 4.5
 * /exploration_node_1/perception_utils/right_angle: 1.0471975511965976
 * /exploration_node_1/perception_utils/top_angle: 1.0471975511965976
 * /exploration_node_1/perception_utils/vis_dist: 1.0
 * /exploration_node_1/sdf_map/box_max_x: 6.0
 * /exploration_node_1/sdf_map/box_max_y: 6.0
 * /exploration_node_1/sdf_map/box_max_z: 3.0
 * /exploration_node_1/sdf_map/box_min_x: -6.0
 * /exploration_node_1/sdf_map/box_min_y: -6.0
 * /exploration_node_1/sdf_map/box_min_z: 0.0
 * /exploration_node_1/sdf_map/default_dist: 0.5
 * /exploration_node_1/sdf_map/ground_height: -0.1
 * /exploration_node_1/sdf_map/local_bound_inflate: 0.5
 * /exploration_node_1/sdf_map/local_map_margin: 50
 * /exploration_node_1/sdf_map/map_size_x: 14
 * /exploration_node_1/sdf_map/map_size_y: 14
 * /exploration_node_1/sdf_map/map_size_z: 3.5
 * /exploration_node_1/sdf_map/max_ray_length: 4.5
 * /exploration_node_1/sdf_map/min_ray_length: 0.1
 * /exploration_node_1/sdf_map/no_drone_1: False
 * /exploration_node_1/sdf_map/obstacles_inflation: 0.199
 * /exploration_node_1/sdf_map/optimistic: True
 * /exploration_node_1/sdf_map/p_hit: 0.65
 * /exploration_node_1/sdf_map/p_max: 0.9
 * /exploration_node_1/sdf_map/p_min: 0.12
 * /exploration_node_1/sdf_map/p_miss: 0.35
 * /exploration_node_1/sdf_map/p_occ: 0.8
 * /exploration_node_1/sdf_map/resolution: 0.1
 * /exploration_node_1/sdf_map/signed_dist: False
 * /exploration_node_1/sdf_map/virtual_ceil_height: -10
 * /exploration_node_1/search/allocate_num: 100000
 * /exploration_node_1/search/check_num: 10
 * /exploration_node_1/search/horizon: 5.0
 * /exploration_node_1/search/init_max_tau: 1.0
 * /exploration_node_1/search/lambda_heu: 10.0
 * /exploration_node_1/search/margin: 0.2
 * /exploration_node_1/search/max_acc: 0.8
 * /exploration_node_1/search/max_tau: 0.8
 * /exploration_node_1/search/max_vel: 0.6
 * /exploration_node_1/search/optimistic: False
 * /exploration_node_1/search/resolution_astar: 0.025
 * /exploration_node_1/search/time_resolution: 0.8
 * /exploration_node_1/search/vel_margin: 0.25
 * /exploration_node_1/search/w_time: 10.0
 * /exploration_node_2/astar/allocate_num: 1000000
 * /exploration_node_2/astar/lambda_heu: 10000.0
 * /exploration_node_2/astar/max_search_time: 0.001
 * /exploration_node_2/astar/resolution_astar: 0.3
 * /exploration_node_2/bspline/limit_acc: 0.8
 * /exploration_node_2/bspline/limit_ratio: 1.1
 * /exploration_node_2/bspline/limit_vel: 0.6
 * /exploration_node_2/exploration/am: 0.8
 * /exploration_node_2/exploration/drone_id: 2
 * /exploration_node_2/exploration/drone_num: 2.0
 * /exploration_node_2/exploration/init_plan_num: 2
 * /exploration_node_2/exploration/max_decay: 0.8
 * /exploration_node_2/exploration/mtsp_dir: /work/racer_ws/sr...
 * /exploration_node_2/exploration/refine_local: True
 * /exploration_node_2/exploration/refined_num: 7
 * /exploration_node_2/exploration/refined_radius: 5.0
 * /exploration_node_2/exploration/top_view_num: 15
 * /exploration_node_2/exploration/tsp_dir: /work/racer_ws/sr...
 * /exploration_node_2/exploration/vm: 0.6
 * /exploration_node_2/exploration/w_dir: 1.5
 * /exploration_node_2/exploration/yd: 0.65
 * /exploration_node_2/exploration/ydd: 0.8
 * /exploration_node_2/frontier/candidate_dphi: 0.2617993833333333
 * /exploration_node_2/frontier/candidate_rmax: 1.5
 * /exploration_node_2/frontier/candidate_rmin: 1.0
 * /exploration_node_2/frontier/candidate_rnum: 3
 * /exploration_node_2/frontier/cluster_min: 100
 * /exploration_node_2/frontier/cluster_size_xy: 2.0
 * /exploration_node_2/frontier/cluster_size_z: 10.0
 * /exploration_node_2/frontier/down_sample: 3
 * /exploration_node_2/frontier/min_candidate_clearance: 0.21
 * /exploration_node_2/frontier/min_candidate_dist: 0.5
 * /exploration_node_2/frontier/min_view_finish_fraction: 0.2
 * /exploration_node_2/frontier/min_visib_num: 30
 * /exploration_node_2/fsm/attempt_interval: 0.1
 * /exploration_node_2/fsm/gain_thresh: 10
 * /exploration_node_2/fsm/pair_opt_interval: 0.5
 * /exploration_node_2/fsm/replan_time: 0.2
 * /exploration_node_2/fsm/sync_interval: 0.2
 * /exploration_node_2/fsm/thresh_replan1: 0.2
 * /exploration_node_2/fsm/thresh_replan2: 0.2
 * /exploration_node_2/fsm/thresh_replan3: 1.5
 * /exploration_node_2/fsm/wait_delete_duration: 0.05
 * /exploration_node_2/heading_planner/half_vert_num: 5
 * /exploration_node_2/heading_planner/lambda1: 2.0
 * /exploration_node_2/heading_planner/lambda2: 1.0
 * /exploration_node_2/heading_planner/max_yaw_rate: 0.17453292222222222
 * /exploration_node_2/heading_planner/w: 20000.0
 * /exploration_node_2/heading_planner/weight_type: 1.0
 * /exploration_node_2/heading_planner/yaw_diff: 0.5235987666666666
 * /exploration_node_2/manager/clearance_threshold: 0.2
 * /exploration_node_2/manager/control_points_distance: 0.5
 * /exploration_node_2/manager/dynamic_environment: 0
 * /exploration_node_2/manager/local_segment_length: 6.0
 * /exploration_node_2/manager/max_acc: 0.8
 * /exploration_node_2/manager/max_jerk: 4.0
 * /exploration_node_2/manager/max_vel: 0.6
 * /exploration_node_2/manager/max_yawdot: 2.0943950666666664
 * /exploration_node_2/manager/min_time: True
 * /exploration_node_2/manager/relax_time1: 0.3
 * /exploration_node_2/manager/relax_time2: 1.5
 * /exploration_node_2/manager/use_active_perception: True
 * /exploration_node_2/manager/use_geometric_path: True
 * /exploration_node_2/manager/use_kinodynamic_path: True
 * /exploration_node_2/manager/use_optimization: True
 * /exploration_node_2/manager/use_topo_path: False
 * /exploration_node_2/map_ros/cx: 324.0879821777344
 * /exploration_node_2/map_ros/cy: 239.10362243652344
 * /exploration_node_2/map_ros/depth_filter_margin: 2
 * /exploration_node_2/map_ros/depth_filter_maxdist: 4.6
 * /exploration_node_2/map_ros/depth_filter_mindist: 0.2
 * /exploration_node_2/map_ros/esdf_slice_height: 0.5
 * /exploration_node_2/map_ros/frame_id: world
 * /exploration_node_2/map_ros/fx: 385.69793701171875
 * /exploration_node_2/map_ros/fy: 385.69793701171875
 * /exploration_node_2/map_ros/k_depth_scaling_factor: 1000.0
 * /exploration_node_2/map_ros/show_all_map: True
 * /exploration_node_2/map_ros/show_esdf_time: False
 * /exploration_node_2/map_ros/show_occ_time: False
 * /exploration_node_2/map_ros/skip_pixel: 2
 * /exploration_node_2/map_ros/visualization_truncate_height: 10.09
 * /exploration_node_2/map_ros/visualization_truncate_low: -2.0
 * /exploration_node_2/optimization/algorithm1: 15
 * /exploration_node_2/optimization/algorithm2: 11
 * /exploration_node_2/optimization/dist0: 0.7
 * /exploration_node_2/optimization/ld_dist: 10.0
 * /exploration_node_2/optimization/ld_end: 0.5
 * /exploration_node_2/optimization/ld_feasi: 2.0
 * /exploration_node_2/optimization/ld_guide: 1.5
 * /exploration_node_2/optimization/ld_smooth: 5.0
 * /exploration_node_2/optimization/ld_start: 100.0
 * /exploration_node_2/optimization/ld_swarm: 5.0
 * /exploration_node_2/optimization/ld_time: 1.5
 * /exploration_node_2/optimization/ld_view: 0.0
 * /exploration_node_2/optimization/ld_waypt: 7.0
 * /exploration_node_2/optimization/max_acc: 0.8
 * /exploration_node_2/optimization/max_iteration_num1: 2
 * /exploration_node_2/optimization/max_iteration_num2: 2000
 * /exploration_node_2/optimization/max_iteration_num3: 200
 * /exploration_node_2/optimization/max_iteration_num4: 200
 * /exploration_node_2/optimization/max_iteration_time1: 0.0001
 * /exploration_node_2/optimization/max_iteration_time2: 0.005
 * /exploration_node_2/optimization/max_iteration_time3: 0.003
 * /exploration_node_2/optimization/max_iteration_time4: 0.003
 * /exploration_node_2/optimization/max_vel: 0.6
 * /exploration_node_2/optimization/swarm_safe_dist: 1.0
 * /exploration_node_2/partitioning/consistent_cost2: 8.0
 * /exploration_node_2/partitioning/consistent_cost: -5.0
 * /exploration_node_2/partitioning/grid_size: 5.0
 * /exploration_node_2/partitioning/min_free: 3000
 * /exploration_node_2/partitioning/min_frontier: 100
 * /exploration_node_2/partitioning/min_unknown: 4000
 * /exploration_node_2/partitioning/use_swarm_tf: False
 * /exploration_node_2/partitioning/w_unknown: 0.0
 * /exploration_node_2/perception_utils/left_angle: 1.0471975511965976
 * /exploration_node_2/perception_utils/max_dist: 4.5
 * /exploration_node_2/perception_utils/right_angle: 1.0471975511965976
 * /exploration_node_2/perception_utils/top_angle: 1.0471975511965976
 * /exploration_node_2/perception_utils/vis_dist: 1.0
 * /exploration_node_2/sdf_map/box_max_x: 6.0
 * /exploration_node_2/sdf_map/box_max_y: 6.0
 * /exploration_node_2/sdf_map/box_max_z: 3.0
 * /exploration_node_2/sdf_map/box_min_x: -6.0
 * /exploration_node_2/sdf_map/box_min_y: -6.0
 * /exploration_node_2/sdf_map/box_min_z: 0.0
 * /exploration_node_2/sdf_map/default_dist: 0.5
 * /exploration_node_2/sdf_map/ground_height: -0.1
 * /exploration_node_2/sdf_map/local_bound_inflate: 0.5
 * /exploration_node_2/sdf_map/local_map_margin: 50
 * /exploration_node_2/sdf_map/map_size_x: 14
 * /exploration_node_2/sdf_map/map_size_y: 14
 * /exploration_node_2/sdf_map/map_size_z: 3.5
 * /exploration_node_2/sdf_map/max_ray_length: 4.5
 * /exploration_node_2/sdf_map/min_ray_length: 0.1
 * /exploration_node_2/sdf_map/no_drone_1: False
 * /exploration_node_2/sdf_map/obstacles_inflation: 0.199
 * /exploration_node_2/sdf_map/optimistic: True
 * /exploration_node_2/sdf_map/p_hit: 0.65
 * /exploration_node_2/sdf_map/p_max: 0.9
 * /exploration_node_2/sdf_map/p_min: 0.12
 * /exploration_node_2/sdf_map/p_miss: 0.35
 * /exploration_node_2/sdf_map/p_occ: 0.8
 * /exploration_node_2/sdf_map/resolution: 0.1
 * /exploration_node_2/sdf_map/signed_dist: False
 * /exploration_node_2/sdf_map/virtual_ceil_height: -10
 * /exploration_node_2/search/allocate_num: 100000
 * /exploration_node_2/search/check_num: 10
 * /exploration_node_2/search/horizon: 5.0
 * /exploration_node_2/search/init_max_tau: 1.0
 * /exploration_node_2/search/lambda_heu: 10.0
 * /exploration_node_2/search/margin: 0.2
 * /exploration_node_2/search/max_acc: 0.8
 * /exploration_node_2/search/max_tau: 0.8
 * /exploration_node_2/search/max_vel: 0.6
 * /exploration_node_2/search/optimistic: False
 * /exploration_node_2/search/resolution_astar: 0.025
 * /exploration_node_2/search/time_resolution: 0.8
 * /exploration_node_2/search/vel_margin: 0.25
 * /exploration_node_2/search/w_time: 10.0
 * /rosdistro: noetic
 * /rosversion: 1.17.4
 * /traj_server_1/perception_utils/left_angle: 1.0471975511965976
 * /traj_server_1/perception_utils/max_dist: 4.5
 * /traj_server_1/perception_utils/right_angle: 1.0471975511965976
 * /traj_server_1/perception_utils/top_angle: 1.0471975511965976
 * /traj_server_1/perception_utils/vis_dist: 1.0
 * /traj_server_1/traj_server/drone_id: 1
 * /traj_server_1/traj_server/drone_num: 2
 * /traj_server_1/traj_server/pub_traj_id: 4
 * /traj_server_1/traj_server/time_forward: 1.5
 * /traj_server_2/perception_utils/left_angle: 1.0471975511965976
 * /traj_server_2/perception_utils/max_dist: 4.5
 * /traj_server_2/perception_utils/right_angle: 1.0471975511965976
 * /traj_server_2/perception_utils/top_angle: 1.0471975511965976
 * /traj_server_2/perception_utils/vis_dist: 1.0
 * /traj_server_2/traj_server/drone_id: 2
 * /traj_server_2/traj_server/drone_num: 2
 * /traj_server_2/traj_server/pub_traj_id: 4
 * /traj_server_2/traj_server/time_forward: 1.5
 * /tsp_solver_1/exploration/drone_id: 1
 * /tsp_solver_1/exploration/mtsp_dir: /work/racer_ws/sr...
 * /tsp_solver_1/exploration/problem_id: 1
 * /tsp_solver_2/exploration/drone_id: 2
 * /tsp_solver_2/exploration/mtsp_dir: /work/racer_ws/sr...
 * /tsp_solver_2/exploration/problem_id: 1
 * /use_sim_time: True

NODES
  /
    acvrp_solver_1 (lkh_mtsp_solver/mtsp_node)
    acvrp_solver_2 (lkh_mtsp_solver/mtsp_node)
    exploration_node_1 (exploration_manager/exploration_node)
    exploration_node_2 (exploration_manager/exploration_node)
    traj_server_1 (plan_manage/traj_server)
    traj_server_2 (plan_manage/traj_server)
    tsp_solver_1 (lkh_mtsp_solver/mtsp_node)
    tsp_solver_2 (lkh_mtsp_solver/mtsp_node)
[33m[WARN] [1790604226.253285154]: MTSP server 1 is ready.[0m
[33m[WARN] [1790604226.271045696]: MTSP server 1 is ready.[0m
[33m[WARN] [1790604226.298447099]: MTSP server 2 is ready.[0m
[33m[WARN] [1790604226.323452887]: MTSP server 2 is ready.[0m
[33m[WARN] [1790604226.368702459]: [Traj server]: init...[0m
[33m[WARN] [1790604226.414261727]: [Traj server]: init...[0m
0
0
0
0
[33m[WARN] [1790604232.474296441, 1.008999999]: no odom[0m
[33m[WARN] [1790604232.479109263, 1.008999999]: no odom[0m
[33m[WARN] [1790604232.482120768, 1.008999999]: [Traj server]: ready.[0m
[33m[WARN] [1790604232.482164624, 1.008999999]: wait for init[0m
[33m[WARN] [1790604232.482939969, 1.018000000]: [Traj server]: ready.[0m
[33m[WARN] [1790604232.491511545, 1.018000000]: wait for init[0m
[33m[WARN] [1790604233.484940470, 2.015000000]: wait for init[0m
[33m[WARN] [1790604233.490598297, 2.024999999]: wait for init[0m
[33m[WARN] [1790604234.490864431, 3.019000000]: wait for trigger.[0m
[33m[WARN] [1790604234.491615765, 3.019000000]: wait for trigger.[0m
[33m[WARN] [1790604234.979394282, 3.501999999]: Init grid allocation.[0m
[33m[WARN] [1790604234.980836461, 3.511000000]: Init grid allocation.[0m
[33m[WARN] [1790604234.984325330, 3.511000000]: Init grid allocation.[0m
[33m[WARN] [1790604234.985747207, 3.511000000]: Init grid allocation.[0m
[33m[WARN] [1790604234.985874979, 3.511000000]: Empty dominance.[0m
[33m[WARN] [1790604235.225035000, 3.751999999]: Pair opt 1 & 2[0m
[31m[ERROR] [1790604235.309778684, 3.838000000]: Larger cost after reallocation[0m
[33m[WARN] [1790604235.310120605, 3.838000000]: Drone 1 send opt request to 2, pair opt t: 0.086000, allocate t: 0.067000[0m
[33m[WARN] [1790604235.312730200, 3.838000000]: get response 1[0m
[33m[WARN] [1790604235.580167644, 4.107000000]: wait for trigger.[0m
[33m[WARN] [1790604235.711895975, 4.232000000]: wait for trigger.[0m
[33m[WARN] [1790604235.812883944, 4.338000000]: Pair opt 1 & 2[0m
[31m[ERROR] [1790604235.922254769, 4.443999999]: Path 2 inconsistent[0m
[33m[WARN] [1790604235.922552043, 4.443999999]: Drone 1 send opt request to 2, pair opt t: 0.106000, allocate t: 0.106000[0m
[33m[WARN] [1790604235.925205494, 4.443999999]: Pair opt 1 & 2[0m
[31m[ERROR] [1790604236.043503071, 4.559000000]: Path 2 inconsistent[0m
[33m[WARN] [1790604236.043656189, 4.559000000]: Drone 1 send opt request to 2, pair opt t: 0.115000, allocate t: 0.115000[0m
[33m[WARN] [1790604236.057455252, 4.578000000]: Reject frequent attempt[0m
[33m[WARN] [1790604236.289524937, 4.799000000]: get response 2[0m
[33m[WARN] [1790604236.293504009, 4.799000000]: Pair opt 1 & 2[0m
[31m[ERROR] [1790604236.407827184, 4.905000000]: Larger cost after reallocation[0m
[33m[WARN] [1790604236.408092692, 4.905000000]: Drone 1 send opt request to 2, pair opt t: 0.106000, allocate t: 0.106000[0m
[33m[WARN] [1790604236.413656973, 4.905000000]: Pair opt 1 & 2[0m
[31m[ERROR] [1790604236.508638231, 5.001000000]: Larger cost after reallocation[0m
[33m[WARN] [1790604236.508910784, 5.001000000]: Drone 1 send opt request to 2, pair opt t: 0.096000, allocate t: 0.096000[0m
[33m[WARN] [1790604236.582549293, 5.078000000]: Reject frequent attempt[0m
[33m[WARN] [1790604236.612464452, 5.107000000]: wait for trigger.[0m
[33m[WARN] [1790604236.746532035, 5.242000000]: wait for trigger.[0m
[33m[WARN] [1790604236.749133419, 5.242000000]: get response 2[0m
[33m[WARN] [1790604236.751512191, 5.242000000]: Pair opt 1 & 2[0m
[31m[ERROR] [1790604236.850623680, 5.338000000]: Larger cost after reallocation[0m
[33m[WARN] [1790604236.850935795, 5.338000000]: Drone 1 send opt request to 2, pair opt t: 0.096000, allocate t: 0.096000[0m
[33m[WARN] [1790604236.854732734, 5.347000000]: Pair opt 1 & 2[0m
[31m[ERROR] [1790604236.969720199, 5.453000000]: Larger cost after reallocation[0m
[33m[WARN] [1790604236.970008968, 5.453000000]: Drone 1 send opt request to 2, pair opt t: 0.106000, allocate t: 0.106000[0m
[33m[WARN] [1790604236.970258384, 5.453000000]: Reject frequent attempt[0m
[33m[WARN] [1790604236.973645494, 5.463000000]: Pair opt 1 & 2[0m
[31m[ERROR] [1790604237.046154480, 5.530000000]: Larger cost after reallocation[0m
[33m[WARN] [1790604237.046319396, 5.530000000]: Drone 1 send opt request to 2, pair opt t: 0.067000, allocate t: 0.067000[0m
[33m[WARN] [1790604237.281092140, 5.770999999]: get response 1[0m
[33m[WARN] [1790604237.526753743, 6.011000000]: Grid 10 is rediscovered[0m
[33m[WARN] [1790604237.624329840, 6.107000000]: wait for trigger.[0m
[33m[WARN] [1790604237.763341478, 6.242000000]: wait for trigger.[0m
[33m[WARN] [1790604237.810015387, 6.290000000]: Pair opt 1 & 2[0m
[31m[ERROR] [1790604237.886453545, 6.367000000]: Larger cost after reallocation[0m
[33m[WARN] [1790604237.886705838, 6.367000000]: Drone 1 send opt request to 2, pair opt t: 0.077000, allocate t: 0.067000[0m
[33m[WARN] [1790604237.887039213, 6.367000000]: get response 1[0m
[33m[WARN] [1790604238.428581766, 6.905000000]: Pair opt 1 & 2[0m
[31m[ERROR] [1790604238.458144040, 6.934000000]: Larger cost after reallocation[0m
[33m[WARN] [1790604238.458304995, 6.934000000]: Drone 1 send opt request to 2, pair opt t: 0.029000, allocate t: 0.029000[0m
[33m[WARN] [1790604238.458647499, 6.934000000]: get response 1[0m
[33m[WARN] [1790604238.635550407, 7.107000000]: wait for trigger.[0m
[33m[WARN] [1790604238.780317588, 7.251000000]: wait for trigger.[0m
[33m[WARN] [1790604238.982987289, 7.453000000]: Pair opt 1 & 2[0m
[31m[ERROR] [1790604239.021802728, 7.482000000]: Larger cost after reallocation[0m
[33m[WARN] [1790604239.022534010, 7.482000000]: Drone 1 send opt request to 2, pair opt t: 0.029000, allocate t: 0.029000[0m
[33m[WARN] [1790604239.024683585, 7.492000000]: get response 1[0m
[33m[WARN] [1790604239.041216555, 7.501000000]: Grid 7 is rediscovered[0m
[33m[WARN] [1790604239.542153274, 8.002000000]: Grid 8 is rediscovered[0m
[33m[WARN] [1790604239.554683994, 8.012000000]: Grid 10 is rediscovered[0m
[33m[WARN] [1790604239.670574286, 8.137000000]: wait for trigger.[0m
[33m[WARN] [1790604239.798274687, 8.262000000]: wait for trigger.[0m
[33m[WARN] [1790604239.804337300, 8.262000000]: Pair opt 1 & 2[0m
[33m[WARN] [1790604239.854458015, 8.310000000]: Drone 1 send opt request to 2, pair opt t: 0.048000, allocate t: 0.048000[0m
[33m[WARN] [1790604239.856916660, 8.319000000]: get response 1[0m
[33m[WARN] [1790604240.362048725, 8.819000000]: Pair opt 1 & 2[0m
[31m[ERROR] [1790604240.398548383, 8.848000000]: Larger cost after reallocation[0m
[31m[ERROR] [1790604240.398813807, 8.848000000]: Path 1 inconsistent[0m
[33m[WARN] [1790604240.399003694, 8.848000000]: Drone 1 send opt request to 2, pair opt t: 0.029000, allocate t: 0.029000[0m
[33m[WARN] [1790604240.400213298, 8.848000000]: get response 1[0m
[33m[WARN] [1790604240.682809026, 9.137000000]: wait for trigger.[0m
[33m[WARN] [1790604240.818688890, 9.271000000]: wait for trigger.[0m
[33m[WARN] [1790604240.922084437, 9.377000000]: Pair opt 1 & 2[0m
[31m[ERROR] [1790604240.972778938, 9.416000000]: Larger cost after reallocation[0m
[33m[WARN] [1790604240.973675803, 9.416000000]: Drone 1 send opt request to 2, pair opt t: 0.039000, allocate t: 0.039000[0m
[33m[WARN] [1790604240.976277103, 9.416000000]: get response 1[0m
[33m[WARN] [1790604241.053774166, 9.502000000]: Grid 8 is rediscovered[0m
[33m[WARN] [1790604241.470425221, 9.916000000]: Pair opt 1 & 2[0m
[33m[WARN] [1790604241.514778303, 9.954000000]: Drone 1 send opt request to 2, pair opt t: 0.038000, allocate t: 0.038000[0m
[33m[WARN] [1790604241.515357676, 9.954000000]: get response 1[0m
[33m[WARN] [1790604241.697918452, 10.137000000]: wait for trigger.[0m
[33m[WARN] [1790604241.836330832, 10.271000000]: wait for trigger.[0m
[33m[WARN] [1790604242.039661280, 10.473000000]: Pair opt 1 & 2[0m
[33m[WARN] [1790604242.088512402, 10.521000000]: Grid 11 is rediscovered[0m
[31m[ERROR] [1790604242.095581810, 10.521000000]: Larger cost after reallocation[0m
[31m[ERROR] [1790604242.095842482, 10.521000000]: Path 1 inconsistent[0m
[33m[WARN] [1790604242.096095691, 10.521000000]: Drone 1 send opt request to 2, pair opt t: 0.048000, allocate t: 0.048000[0m
[33m[WARN] [1790604242.374263331, 10.800000000]: get response 1[0m
[33m[WARN] [1790604242.714288592, 11.137000000]: wait for trigger.[0m
[33m[WARN] [1790604242.848184548, 11.271000000]: wait for trigger.[0m
[33m[WARN] [1790604242.905869835, 11.329000000]: Pair opt 1 & 2[0m
[31m[ERROR] [1790604242.945221918, 11.367000000]: Larger cost after reallocation[0m
[31m[ERROR] [1790604242.945386166, 11.367000000]: Path 1 inconsistent[0m
[31m[ERROR] [1790604242.945658969, 11.367000000]: Path 2 inconsistent[0m
[33m[WARN] [1790604242.945934816, 11.367000000]: Drone 1 send opt request to 2, pair opt t: 0.038000, allocate t: 0.038000[0m
[33m[WARN] [1790604242.946298289, 11.367000000]: get response 1[0m
[33m[WARN] [1790604243.505996165, 11.877000000]: Pair opt 1 & 2[0m
[31m[ERROR] [1790604243.545374636, 11.916000000]: Larger cost after reallocation[0m
[31m[ERROR] [1790604243.545618258, 11.916000000]: Path 1 inconsistent[0m
[33m[WARN] [1790604243.545811188, 11.916000000]: Drone 1 send opt request to 2, pair opt t: 0.039000, allocate t: 0.029000[0m
[33m[WARN] [1790604243.546095079, 11.916000000]: get response 1[0m
[33m[WARN] [1790604243.642932933, 12.002000000]: Grid 7 is rediscovered[0m
[33m[WARN] [1790604243.778307670, 12.146000000]: wait for trigger.[0m
[33m[WARN] [1790604243.916276745, 12.281000000]: wait for trigger.[0m
[33m[WARN] [1790604244.071910106, 12.435000000]: Pair opt 1 & 2[0m
[33m[WARN] [1790604244.113386750, 12.473000000]: Drone 1 send opt request to 2, pair opt t: 0.038000, allocate t: 0.038000[0m
[33m[WARN] [1790604244.114625495, 12.473000000]: get response 1[0m
[33m[WARN] [1790604244.611300583, 12.973000000]: Pair opt 1 & 2[0m
[33m[WARN] [1790604244.673209230, 13.021000000]: Drone 1 send opt request to 2, pair opt t: 0.048000, allocate t: 0.048000[0m
[33m[WARN] [1790604244.798864152, 13.156000000]: wait for trigger.[0m
[33m[WARN] [1790604244.948100691, 13.300000000]: wait for trigger.[0m
[33m[WARN] [1790604244.948602400, 13.300000000]: get response 1[0m
[33m[WARN] [1790604245.471481417, 13.819000000]: Pair opt 1 & 2[0m
[33m[WARN] [1790604245.526211310, 13.867000000]: Drone 1 send opt request to 2, pair opt t: 0.048000, allocate t: 0.048000[0m
[33m[WARN] [1790604245.528314278, 13.877000000]: get response 1[0m
[33m[WARN] [1790604245.807113108, 14.156000000]: wait for trigger.[0m
[33m[WARN] [1790604245.954077887, 14.300000000]: wait for trigger.[0m
[33m[WARN] [1790604246.073075815, 14.416000000]: Pair opt 1 & 2[0m
[31m[ERROR] [1790604246.124995011, 14.464000000]: Larger cost after reallocation[0m
[31m[ERROR] [1790604246.125375451, 14.464000000]: Path 1 inconsistent[0m
[33m[WARN] [1790604246.125678728, 14.464000000]: Drone 1 send opt request to 2, pair opt t: 0.048000, allocate t: 0.048000[0m
[33m[WARN] [1790604246.128103523, 14.464000000]: get response 1[0m
[33m[WARN] [1790604246.640319211, 14.983000000]: Pair opt 1 & 2[0m
[33m[WARN] [1790604246.694931921, 15.031000000]: Drone 1 send opt request to 2, pair opt t: 0.048000, allocate t: 0.038000[0m
[33m[WARN] [1790604246.815162840, 15.156000000]: wait for trigger.[0m
[33m[WARN] [1790604246.973948943, 15.310000000]: wait for trigger.[0m
[33m[WARN] [1790604246.974414634, 15.310000000]: get response 1[0m
[33m[WARN] [1790604247.504819163, 15.838000000]: Pair opt 1 & 2[0m
[33m[WARN] [1790604247.544823613, 15.877000000]: Drone 1 send opt request to 2, pair opt t: 0.039000, allocate t: 0.029000[0m
[33m[WARN] [1790604247.547313774, 15.877000000]: get response 1[0m
[33m[WARN] [1790604247.673594133, 16.001000000]: Grid 9 is rediscovered[0m
[33m[WARN] [1790604247.828366981, 16.157000000]: wait for trigger.[0m
[33m[WARN] [1790604247.988503217, 16.312000000]: wait for trigger.[0m
[33m[WARN] [1790604248.109356739, 16.431000000]: Pair opt 1 & 2[0m
[33m[WARN] [1790604248.157546197, 16.477000000]: Drone 1 send opt request to 2, pair opt t: 0.046000, allocate t: 0.037000[0m
[33m[WARN] [1790604248.159710528, 16.477000000]: get response 1[0m
[33m[WARN] [1790604248.851018135, 17.163000000]: wait for trigger.[0m
[33m[WARN] [1790604248.989004260, 17.282000000]: Pair opt 1 & 2[0m
[33m[WARN] [1790604249.052625847, 17.346000000]: Drone 1 send opt request to 2, pair opt t: 0.064000, allocate t: 0.064000[0m
[33m[WARN] [1790604249.055458179, 17.355000000]: wait for trigger.[0m
[33m[WARN] [1790604249.055883558, 17.355000000]: get response 1[0m
[33m[WARN] [1790604249.566241234, 17.858000000]: Pair opt 1 & 2[0m
[31m[ERROR] [1790604249.621186318, 17.903999999]: Larger cost after reallocation[0m
[31m[ERROR] [1790604249.621534159, 17.903999999]: Path 1 inconsistent[0m
[33m[WARN] [1790604249.621816383, 17.903999999]: Drone 1 send opt request to 2, pair opt t: 0.046000, allocate t: 0.046000[0m
[33m[WARN] [1790604249.622207954, 17.913000000]: get response 1[0m
[33m[WARN] [1790604249.878627558, 18.169000000]: wait for trigger.[0m
[33m[WARN] [1790604250.076996943, 18.361000000]: wait for trigger.[0m
[33m[WARN] [1790604250.141922015, 18.425000000]: Pair opt 1 & 2[0m
[33m[WARN] [1790604250.187719652, 18.471000000]: Drone 1 send opt request to 2, pair opt t: 0.046000, allocate t: 0.037000[0m
[33m[WARN] [1790604250.190147699, 18.471000000]: get response 1[0m
[33m[WARN] [1790604250.688886027, 18.974000000]: Pair opt 1 & 2[0m
[33m[WARN] [1790604250.736355541, 19.019999999]: Drone 1 send opt request to 2, pair opt t: 0.046000, allocate t: 0.036000[0m
[33m[WARN] [1790604250.893493988, 19.175000000]: wait for trigger.[0m
[33m[WARN] [1790604251.013841965, 19.285000000]: get response 1[0m
[33m[WARN] [1790604251.090688745, 19.367000000]: wait for trigger.[0m
[33m[WARN] [1790604251.549431752, 19.824000000]: Pair opt 1 & 2[0m
[33m[WARN] [1790604251.604660311, 19.870000000]: Drone 1 send opt request to 2, pair opt t: 0.046000, allocate t: 0.046000[0m
[33m[WARN] [1790604251.607545461, 19.879000000]: get response 1[0m
[33m[WARN] [1790604251.734855542, 19.998000000]: Start expl pos: -4.00594 -3.00307  1.20609[0m
[33m[WARN] [1790604251.734883807, 19.998000000]: Start expl pos: -3.99929  2.99664  1.20245[0m
[31m[ERROR] [1790604251.766060554, 20.016999999]: No path to next viewpoint[0m
[33m[WARN] [1790604251.766537167, 20.016999999]: Plan fail[0m
[31m[ERROR] [1790604251.787558714, 20.053000000]: No path to next viewpoint[0m
[33m[WARN] [1790604251.787983802, 20.053000000]: Plan fail[0m
[31m[ERROR] [1790604251.799349357, 20.062000000]: No path to next viewpoint[0m
[33m[WARN] [1790604251.799696989, 20.062000000]: Plan fail[0m
[31m[ERROR] [1790604251.811130536, 20.071000000]: No path to next viewpoint[0m
[33m[WARN] [1790604251.811439107, 20.071000000]: Plan fail[0m
[31m[ERROR] [1790604251.832817874, 20.099000000]: No path to next viewpoint[0m
[33m[WARN] [1790604251.833111729, 20.099000000]: Plan fail[0m
[31m[ERROR] [1790604251.851425799, 20.117000000]: No path to next viewpoint[0m
[33m[WARN] [1790604251.851709148, 20.117000000]: Plan fail[0m
[31m[ERROR] [1790604251.852414376, 20.117000000]: No path to next viewpoint[0m
[33m[WARN] [1790604251.852833127, 20.117000000]: Plan fail[0m
[31m[ERROR] [1790604251.864954643, 20.126000000]: No path to next viewpoint[0m
[33m[WARN] [1790604251.865192845, 20.126000000]: Plan fail[0m
[31m[ERROR] [1790604251.878726859, 20.135000000]: No path to next viewpoint[0m
[33m[WARN] [1790604251.878910326, 20.135000000]: Plan fail[0m
[31m[ERROR] [1790604251.889035552, 20.144999999]: No path to next viewpoint[0m
[33m[WARN] [1790604251.889867718, 20.144999999]: Plan fail[0m
[31m[ERROR] [1790604251.900643103, 20.153999999]: No path to next viewpoint[0m
[33m[WARN] [1790604251.900798389, 20.153999999]: Plan fail[0m
[31m[ERROR] [1790604251.900723602, 20.153999999]: No path to next viewpoint[0m
[33m[WARN] [1790604251.901197422, 20.153999999]: Plan fail[0m
[31m[ERROR] [1790604251.913023916, 20.163000000]: No path to next viewpoint[0m
[33m[WARN] [1790604251.913209633, 20.163000000]: Plan fail[0m
[31m[ERROR] [1790604251.926822019, 20.181000000]: No path to next viewpoint[0m
[33m[WARN] [1790604251.927058096, 20.181000000]: Plan fail[0m
[31m[ERROR] [1790604251.939849655, 20.190000000]: No path to next viewpoint[0m
[33m[WARN] [1790604251.940389925, 20.190000000]: Plan fail[0m
[31m[ERROR] [1790604251.945696160, 20.199000000]: No path to next viewpoint[0m
[33m[WARN] [1790604251.945820055, 20.199000000]: Plan fail[0m
[31m[ERROR] [1790604251.964838977, 20.208999999]: No path to next viewpoint[0m
[33m[WARN] [1790604251.965150049, 20.208999999]: Plan fail[0m
[31m[ERROR] [1790604251.981079843, 20.227000000]: No path to next viewpoint[0m
[33m[WARN] [1790604251.981277567, 20.227000000]: Plan fail[0m
[31m[ERROR] [1790604252.000062663, 20.245000000]: No path to next viewpoint[0m
[33m[WARN] [1790604252.000383782, 20.245000000]: Plan fail[0m
[31m[ERROR] [1790604252.002587758, 20.245000000]: No path to next viewpoint[0m
[33m[WARN] [1790604252.003000298, 20.245000000]: Plan fail[0m
[31m[ERROR] [1790604252.014957190, 20.254000000]: No path to next viewpoint[0m
[33m[WARN] [1790604252.015233245, 20.254000000]: Plan fail[0m
[31m[ERROR] [1790604252.030997081, 20.272999999]: No path to next viewpoint[0m
[33m[WARN] [1790604252.031454893, 20.272999999]: Plan fail[0m
[31m[ERROR] [1790604252.048461684, 20.291000000]: No path to next viewpoint[0m
[33m[WARN] [1790604252.048682544, 20.291000000]: Plan fail[0m
[31m[ERROR] [1790604252.049294517, 20.291000000]: No path to next viewpoint[0m
[33m[WARN] [1790604252.049438589, 20.291000000]: Plan fail[0m
[31m[ERROR] [1790604252.064980814, 20.309000000]: No path to next viewpoint[0m
[33m[WARN] [1790604252.065950382, 20.309000000]: Plan fail[0m
[31m[ERROR] [1790604252.081218012, 20.327000000]: No path to next viewpoint[0m
[33m[WARN] [1790604252.081426658, 20.327000000]: Plan fail[0m
[31m[ERROR] [1790604252.084312559, 20.327000000]: No path to next viewpoint[0m
[33m[WARN] [1790604252.084560016, 20.327000000]: Plan fail[0m
[31m[ERROR] [1790604252.095370752, 20.336999999]: No path to next viewpoint[0m
[33m[WARN] [1790604252.095550550, 20.336999999]: Plan fail[0m
[31m[ERROR] [1790604252.115985721, 20.355000000]: No path to next viewpoint[0m
[33m[WARN] [1790604252.116344358, 20.355000000]: Plan fail[0m
[31m[ERROR] [1790604252.123853778, 20.364000000]: No path to next viewpoint[0m
[33m[WARN] [1790604252.124156554, 20.364000000]: Plan fail[0m
[31m[ERROR] [1790604252.132453617, 20.373000000]: No path to next viewpoint[0m
[33m[WARN] [1790604252.132737509, 20.373000000]: Plan fail[0m
[31m[ERROR] [1790604252.147573257, 20.382000000]: No path to next viewpoint[0m
[33m[WARN] [1790604252.148525774, 20.391999999]: Plan fail[0m
[31m[ERROR] [1790604252.162716658, 20.400999999]: No path to next viewpoint[0m
[33m[WARN] [1790604252.163320001, 20.400999999]: Plan fail[0m
[31m[ERROR] [1790604252.169461154, 20.410000000]: No path to next viewpoint[0m
[33m[WARN] [1790604252.169755884, 20.410000000]: Plan fail[0m
[33m[WARN] [1790604252.170036316, 20.410000000]: Pair opt 1 & 2[0m
[31m[ERROR] [1790604252.190910248, 20.419000000]: No path to next viewpoint[0m
[33m[WARN] [1790604252.191078290, 20.419000000]: Plan fail[0m
[31m[ERROR] [1790604252.206440050, 20.446000000]: No path to next viewpoint[0m
[33m[WARN] [1790604252.206868640, 20.446000000]: Plan fail[0m
[31m[ERROR] [1790604252.222906154, 20.464999999]: No path to next viewpoint[0m
[33m[WARN] [1790604252.223220770, 20.464999999]: Plan fail[0m
[33m[WARN] [1790604252.238811270, 20.474000000]: Drone 1 send opt request to 2, pair opt t: 0.064000, allocate t: 0.064000[0m
[31m[ERROR] [1790604252.240494277, 20.474000000]: No path to next viewpoint[0m
[33m[WARN] [1790604252.240710052, 20.474000000]: Plan fail[0m
[31m[ERROR] [1790604252.257883968, 20.492000000]: No path to next viewpoint[0m
[33m[WARN] [1790604252.258074105, 20.492000000]: Plan fail[0m
[31m[ERROR] [1790604252.272100614, 20.501000000]: No path to next viewpoint[0m
[33m[WARN] [1790604252.272518448, 20.501000000]: Plan fail[0m
[31m[ERROR] [1790604252.292049375, 20.510000000]: No path to next viewpoint[0m
[33m[WARN] [1790604252.292212707, 20.510000000]: Plan fail[0m
[31m[ERROR] [1790604252.295440612, 20.519999999]: No path to next viewpoint[0m
[33m[WARN] [1790604252.295731882, 20.519999999]: Plan fail[0m
[33m[WARN] [1790604252.299633499, 20.519999999]: Pair opt 1 & 2[0m
[31m[ERROR] [1790604252.307775485, 20.528999999]: No path to next viewpoint[0m
[33m[WARN] [1790604252.307977502, 20.528999999]: Plan fail[0m
[31m[ERROR] [1790604252.323839471, 20.547000000]: No path to next viewpoint[0m
[33m[WARN] [1790604252.324126698, 20.547000000]: Plan fail[0m
[31m[ERROR] [1790604252.340377527, 20.565000000]: No path to next viewpoint[0m
[33m[WARN] [1790604252.340642160, 20.565000000]: Plan fail[0m
[31m[ERROR] [1790604252.357355345, 20.583999999]: No path to next viewpoint[0m
[33m[WARN] [1790604252.357558614, 20.583999999]: Plan fail[0m
[33m[WARN] [1790604252.361773137, 20.583999999]: Drone 1 send opt request to 2, pair opt t: 0.064000, allocate t: 0.064000[0m
[31m[ERROR] [1790604252.379716604, 20.602000000]: No path to next viewpoint[0m
[33m[WARN] [1790604252.380201471, 20.602000000]: Plan fail[0m
[33m[WARN] [1790604252.380908825, 20.602000000]: Reject frequent attempt[0m
[31m[ERROR] [1790604252.410289383, 20.629000000]: No path to next viewpoint[0m
[33m[WARN] [1790604252.411253489, 20.629000000]: Plan fail[0m
[31m[ERROR] [1790604252.423708964, 20.638999999]: No path to next viewpoint[0m
[33m[WARN] [1790604252.424079608, 20.638999999]: Plan fail[0m
[33m[WARN] [1790604252.424650059, 20.638999999]: Pair opt 1 & 2[0m
[31m[ERROR] [1790604252.430206044, 20.647999999]: No path to next viewpoint[0m
[33m[WARN] [1790604252.430353910, 20.647999999]: Plan fail[0m
[31m[ERROR] [1790604252.447671147, 20.667000000]: No path to next viewpoint[0m
[33m[WARN] [1790604252.447930944, 20.667000000]: Plan fail[0m
[31m[ERROR] [1790604252.466077096, 20.686000000]: No path to next viewpoint[0m
[33m[WARN] [1790604252.466371535, 20.686000000]: Plan fail[0m
[31m[ERROR] [1790604252.480232837, 20.695000000]: No path to next viewpoint[0m
[33m[WARN] [1790604252.480478335, 20.695000000]: Plan fail[0m
[31m[ERROR] [1790604252.484479084, 20.704000000]: Larger cost after reallocation[0m
[33m[WARN] [1790604252.484927183, 20.704000000]: get response 2[0m
[31m[ERROR] [1790604252.495217284, 20.713000000]: No path to next viewpoint[0m
[33m[WARN] [1790604252.495533859, 20.713000000]: Plan fail[0m
[31m[ERROR] [1790604252.514436722, 20.731000000]: No path to next viewpoint[0m
[33m[WARN] [1790604252.514599303, 20.731000000]: Plan fail[0m
[31m[ERROR] [1790604252.528480740, 20.750000000]: No path to next viewpoint[0m
[31m[ERROR] [1790604252.528595798, 20.750000000]: No path to next viewpoint[0m
[33m[WARN] [1790604252.529409580, 20.750000000]: Plan fail[0m
[33m[WARN] [1790604252.529195639, 20.750000000]: Plan fail[0m
[33m[WARN] [1790604252.529795189, 20.750000000]: Pair opt 1 & 2[0m
[31m[ERROR] [1790604252.550805981, 20.768000000]: No path to next viewpoint[0m
[33m[WARN] [1790604252.551106840, 20.768000000]: Plan fail[0m
[31m[ERROR] [1790604252.569586075, 20.786000000]: No path to next viewpoint[0m
[33m[WARN] [1790604252.570022042, 20.786000000]: Plan fail[0m
[33m[WARN] [1790604252.583295968, 20.804999999]: Drone 1 send opt request to 2, pair opt t: 0.055000, allocate t: 0.045000[0m
[31m[ERROR] [1790604252.600205668, 20.814000000]: No path to next viewpoint[0m
[33m[WARN] [1790604252.601471134, 20.814000000]: Plan fail[0m
[31m[ERROR] [1790604252.620297918, 20.832000000]: No path to next viewpoint[0m
[33m[WARN] [1790604252.620485845, 20.832000000]: Plan fail[0m
[31m[ERROR] [1790604252.634208953, 20.850000000]: No path to next viewpoint[0m
[31m[ERROR] [1790604252.634287242, 20.850000000]: No path to next viewpoint[0m
[33m[WARN] [1790604252.634989051, 20.850000000]: Plan fail[0m
[33m[WARN] [1790604252.634887251, 20.850000000]: Plan fail[0m
[33m[WARN] [1790604252.635396255, 20.850000000]: Pair opt 1 & 2[0m
[31m[ERROR] [1790604252.646138165, 20.859000000]: No path to next viewpoint[0m
[33m[WARN] [1790604252.646443317, 20.859000000]: Plan fail[0m
[31m[ERROR] [1790604252.666374445, 20.878000000]: No path to next viewpoint[0m
[33m[WARN] [1790604252.666685308, 20.878000000]: Plan fail[0m
[31m[ERROR] [1790604252.684033603, 20.896000000]: No path to next viewpoint[0m
[33m[WARN] [1790604252.684267970, 20.896000000]: Plan fail[0m
[31m[ERROR] [1790604252.698424295, 20.905000000]: No path to next viewpoint[0m
[33m[WARN] [1790604252.698960438, 20.905000000]: Plan fail[0m
[31m[ERROR] [1790604252.715685504, 20.923000000]: No path to next viewpoint[0m
[33m[WARN] [1790604252.715807440, 20.923000000]: Plan fail[0m
[33m[WARN] [1790604252.716436255, 20.923000000]: Drone 1 send opt request to 2, pair opt t: 0.073000, allocate t: 0.073000[0m
[31m[ERROR] [1790604252.730151109, 20.942000000]: No path to next viewpoint[0m
[33m[WARN] [1790604252.730401651, 20.942000000]: Plan fail[0m
[33m[WARN] [1790604252.730562898, 20.942000000]: Reject frequent attempt[0m
[31m[ERROR] [1790604252.744985606, 20.951000000]: No path to next viewpoint[0m
[33m[WARN] [1790604252.745433496, 20.960000000]: Plan fail[0m
[31m[ERROR] [1790604252.760181116, 20.969000000]: No path to next viewpoint[0m
[33m[WARN] [1790604252.760497399, 20.969000000]: Plan fail[0m
[31m[ERROR] [1790604252.768526203, 20.978000000]: No path to next viewpoint[0m
[33m[WARN] [1790604252.768704793, 20.978000000]: Plan fail[0m
[33m[WARN] [1790604252.769296005, 20.978000000]: Pair opt 1 & 2[0m
[31m[ERROR] [1790604252.774081229, 20.987000000]: No path to next viewpoint[0m
[33m[WARN] [1790604252.774421399, 20.987000000]: Plan fail[0m
[31m[ERROR] [1790604252.787368912, 20.996999999]: No path to next viewpoint[0m
[33m[WARN] [1790604252.787610532, 20.996999999]: Plan fail[0m
[31m[ERROR] [1790604252.811138499, 21.015000000]: No path to next viewpoint[0m
[33m[WARN] [1790604252.811774650, 21.015000000]: Plan fail[0m
[31m[ERROR] [1790604252.830046615, 21.033000000]: No path to next viewpoint[0m
[33m[WARN] [1790604252.830286735, 21.033000000]: Plan fail[0m
[33m[WARN] [1790604252.831351934, 21.033000000]: Drone 1 send opt request to 2, pair opt t: 0.055000, allocate t: 0.055000[0m
[31m[ERROR] [1790604252.848736664, 21.051999999]: No path to next viewpoint[0m
[33m[WARN] [1790604252.848994918, 21.051999999]: Plan fail[0m
[31m[ERROR] [1790604252.864612472, 21.070000000]: No path to next viewpoint[0m
[33m[WARN] [1790604252.864884108, 21.070000000]: Plan fail[0m
[31m[ERROR] [1790604252.877093293, 21.079000000]: No path to next viewpoint[0m
[33m[WARN] [1790604252.877438841, 21.079000000]: Plan fail[0m
[31m[ERROR] [1790604252.878250663, 21.079000000]: No path to next viewpoint[0m
[33m[WARN] [1790604252.878556858, 21.088000000]: Plan fail[0m
[33m[WARN] [1790604252.882206807, 21.088000000]: Pair opt 1 & 2[0m
[31m[ERROR] [1790604252.891200968, 21.097000000]: No path to next viewpoint[0m
[33m[WARN] [1790604252.891377849, 21.097000000]: Plan fail[0m
[31m[ERROR] [1790604252.905458760, 21.106000000]: No path to next viewpoint[0m
[33m[WARN] [1790604252.905765997, 21.106000000]: Plan fail[0m
[31m[ERROR] [1790604252.920271955, 21.125000000]: No path to next viewpoint[0m
[33m[WARN] [1790604252.920516285, 21.125000000]: Plan fail[0m
[31m[ERROR] [1790604252.936128129, 21.143000000]: No path to next viewpoint[0m
[33m[WARN] [1790604252.936451958, 21.143000000]: Plan fail[0m
[31m[ERROR] [1790604252.945439157, 21.152000000]: Larger cost after reallocation[0m
[33m[WARN] [1790604252.948106740, 21.152000000]: get response 1[0m
[31m[ERROR] [1790604252.951908932, 21.152000000]: No path to next viewpoint[0m
[33m[WARN] [1790604252.952286621, 21.152000000]: Plan fail[0m
[31m[ERROR] [1790604252.968571218, 21.170000000]: No path to next viewpoint[0m
[33m[WARN] [1790604252.968777070, 21.170000000]: Plan fail[0m
[31m[ERROR] [1790604252.984424015, 21.189000000]: No path to next viewpoint[0m
[33m[WARN] [1790604252.984733086, 21.189000000]: Plan fail[0m
[31m[ERROR] [1790604252.991550577, 21.189000000]: No path to next viewpoint[0m
[33m[WARN] [1790604252.991786653, 21.189000000]: Plan fail[0m
[31m[ERROR] [1790604252.997527272, 21.198000000]: No path to next viewpoint[0m
[33m[WARN] [1790604252.997705361, 21.198000000]: Plan fail[0m
[31m[ERROR] [1790604253.010539566, 21.207000000]: No path to next viewpoint[0m
[33m[WARN] [1790604253.010856892, 21.207000000]: Plan fail[0m
[31m[ERROR] [1790604253.025153161, 21.225000000]: No path to next viewpoint[0m
[33m[WARN] [1790604253.025351510, 21.225000000]: Plan fail[0m
[31m[ERROR] [1790604253.042033347, 21.234000000]: No path to next viewpoint[0m
[33m[WARN] [1790604253.042316947, 21.234000000]: Plan fail[0m
[31m[ERROR] [1790604253.044245953, 21.243999999]: No path to next viewpoint[0m
[33m[WARN] [1790604253.044436590, 21.243999999]: Plan fail[0m
[31m[ERROR] [1790604253.059709639, 21.253000000]: No path to next viewpoint[0m
[33m[WARN] [1790604253.060003328, 21.253000000]: Plan fail[0m
[31m[ERROR] [1790604253.072468599, 21.271000000]: No path to next viewpoint[0m
[33m[WARN] [1790604253.072705467, 21.271000000]: Plan fail[0m
[31m[ERROR] [1790604253.088160983, 21.289000000]: No path to next viewpoint[0m
[33m[WARN] [1790604253.088415527, 21.289000000]: Plan fail[0m
[31m[ERROR] [1790604253.101986267, 21.298000000]: No path to next viewpoint[0m
[33m[WARN] [1790604253.102157936, 21.298000000]: Plan fail[0m
[31m[ERROR] [1790604253.103953333, 21.298000000]: No path to next viewpoint[0m
[33m[WARN] [1790604253.104286375, 21.298000000]: Plan fail[0m
[31m[ERROR] [1790604253.116898803, 21.317000000]: No path to next viewpoint[0m
[33m[WARN] [1790604253.117106990, 21.317000000]: Plan fail[0m
[31m[ERROR] [1790604253.131863198, 21.326000000]: No path to next viewpoint[0m
[33m[WARN] [1790604253.132189778, 21.326000000]: Plan fail[0m
[31m[ERROR] [1790604253.148878618, 21.344000000]: No path to next viewpoint[0m
[33m[WARN] [1790604253.149146502, 21.344000000]: Plan fail[0m
[31m[ERROR] [1790604253.150996468, 21.344000000]: No path to next viewpoint[0m
[33m[WARN] [1790604253.151244967, 21.344000000]: Plan fail[0m
[31m[ERROR] [1790604253.164788027, 21.362999999]: No path to next viewpoint[0m
[33m[WARN] [1790604253.165042946, 21.362999999]: Plan fail[0m
[31m[ERROR] [1790604253.178959401, 21.371999999]: No path to next viewpoint[0m
[33m[WARN] [1790604253.179507758, 21.371999999]: Plan fail[0m
[31m[ERROR] [1790604253.197299233, 21.390000000]: No path to next viewpoint[0m
[31m[ERROR] [1790604253.197321452, 21.390000000]: No path to next viewpoint[0m
[33m[WARN] [1790604253.197564157, 21.390000000]: Plan fail[0m
[33m[WARN] [1790604253.197795689, 21.390000000]: Plan fail[0m
[31m[ERROR] [1790604253.211894318, 21.408000000]: No path to next viewpoint[0m
[33m[WARN] [1790604253.212245202, 21.408000000]: Plan fail[0m
[31m[ERROR] [1790604253.238275252, 21.426999999]: No path to next viewpoint[0m
[33m[WARN] [1790604253.238571901, 21.426999999]: Plan fail[0m
[31m[ERROR] [1790604253.251327150, 21.426999999]: No path to next viewpoint[0m
[33m[WARN] [1790604253.251550178, 21.426999999]: Plan fail[0m
[31m[ERROR] [1790604253.257490772, 21.439000000]: No path to next viewpoint[0m
[33m[WARN] [1790604253.257797175, 21.439000000]: Plan fail[0m
[31m[ERROR] [1790604253.270805301, 21.457000000]: No path to next viewpoint[0m
[33m[WARN] [1790604253.271104367, 21.457000000]: Plan fail[0m
[31m[ERROR] [1790604253.292079058, 21.475000000]: No path to next viewpoint[0m
[33m[WARN] [1790604253.292322638, 21.475000000]: Plan fail[0m
[31m[ERROR] [1790604253.302559253, 21.484000000]: No path to next viewpoint[0m
[33m[WARN] [1790604253.302820509, 21.484000000]: Plan fail[0m
[31m[ERROR] [1790604253.307745137, 21.493999999]: No path to next viewpoint[0m
[33m[WARN] [1790604253.307939776, 21.493999999]: Plan fail[0m
[31m[ERROR] [1790604253.321601019, 21.503000000]: No path to next viewpoint[0m
[33m[WARN] [1790604253.321907881, 21.503000000]: Plan fail[0m
[31m[ERROR] [1790604253.339106268, 21.521000000]: No path to next viewpoint[0m
[33m[WARN] [1790604253.339384407, 21.521000000]: Plan fail[0m
[31m[ERROR] [1790604253.352399870, 21.539000000]: No path to next viewpoint[0m
[31m[ERROR] [1790604253.352590131, 21.539000000]: No path to next viewpoint[0m
[33m[WARN] [1790604253.352772389, 21.539000000]: Plan fail[0m
[33m[WARN] [1790604253.352602387, 21.539000000]: Plan fail[0m
[31m[ERROR] [1790604253.368337876, 21.548000000]: No path to next viewpoint[0m
[33m[WARN] [1790604253.368619142, 21.548000000]: Plan fail[0m
[31m[ERROR] [1790604253.383583954, 21.567000000]: No path to next viewpoint[0m
[33m[WARN] [1790604253.383768546, 21.567000000]: Plan fail[0m
[31m[ERROR] [1790604253.394032717, 21.576000000]: No path to next viewpoint[0m
[33m[WARN] [1790604253.394477439, 21.576000000]: Plan fail[0m
[31m[ERROR] [1790604253.399200550, 21.585000000]: No path to next viewpoint[0m
[33m[WARN] [1790604253.399336868, 21.585000000]: Plan fail[0m
[31m[ERROR] [1790604253.413005074, 21.594000000]: No path to next viewpoint[0m
[33m[WARN] [1790604253.413358417, 21.594000000]: Plan fail[0m
[31m[ERROR] [1790604253.435989935, 21.612999999]: No path to next viewpoint[0m
[33m[WARN] [1790604253.436229138, 21.612999999]: Plan fail[0m
[31m[ERROR] [1790604253.437337275, 21.612999999]: No path to next viewpoint[0m
[33m[WARN] [1790604253.437566807, 21.612999999]: Plan fail[0m
[31m[ERROR] [1790604253.451930152, 21.631000000]: No path to next viewpoint[0m
[33m[WARN] [1790604253.452138964, 21.631000000]: Plan fail[0m
[31m[ERROR] [1790604253.469291578, 21.649000000]: No path to next viewpoint[0m
[33m[WARN] [1790604253.469660596, 21.649000000]: Plan fail[0m
[31m[ERROR] [1790604253.485494217, 21.667000000]: No path to next viewpoint[0m
[33m[WARN] [1790604253.485702446, 21.667000000]: Plan fail[0m
[31m[ERROR] [1790604253.489020271, 21.667000000]: No path to next viewpoint[0m
[33m[WARN] [1790604253.489219412, 21.667000000]: Plan fail[0m
[33m[WARN] [1790604253.489390164, 21.667000000]: Pair opt 1 & 2[0m
[31m[ERROR] [1790604253.503056660, 21.686000000]: No path to next viewpoint[0m
[33m[WARN] [1790604253.503307994, 21.686000000]: Plan fail[0m
[31m[ERROR] [1790604253.516047236, 21.695000000]: No path to next viewpoint[0m
[33m[WARN] [1790604253.516312285, 21.695000000]: Plan fail[0m
[31m[ERROR] [1790604253.532298524, 21.713000000]: No path to next viewpoint[0m
[33m[WARN] [1790604253.532559613, 21.713000000]: Plan fail[0m
[31m[ERROR] [1790604253.541555025, 21.722000000]: Larger cost after reallocation[0m
[31m[ERROR] [1790604253.544911411, 21.722000000]: No path to next viewpoint[0m
[33m[WARN] [1790604253.545160243, 21.722000000]: Plan fail[0m
[31m[ERROR] [1790604253.562299225, 21.740999999]: No path to next viewpoint[0m
[33m[WARN] [1790604253.562551893, 21.740999999]: Plan fail[0m
[31m[ERROR] [1790604253.574475560, 21.750000000]: No path to next viewpoint[0m
[33m[WARN] [1790604253.574669699, 21.750000000]: Plan fail[0m
[31m[ERROR] [1790604253.588586070, 21.768000000]: No path to next viewpoint[0m
[33m[WARN] [1790604253.588769662, 21.768000000]: Plan fail[0m
[31m[ERROR] [1790604253.596366375, 21.768000000]: No path to next viewpoint[0m
[33m[WARN] [1790604253.596503235, 21.768000000]: Plan fail[0m
[33m[WARN] [1790604253.597257904, 21.768000000]: Pair opt 1 & 2[0m
[31m[ERROR] [1790604253.600607953, 21.777000000]: No path to next viewpoint[0m
[33m[WARN] [1790604253.600934408, 21.777000000]: Plan fail[0m
[31m[ERROR] [1790604253.618814802, 21.795000000]: No path to next viewpoint[0m
[33m[WARN] [1790604253.619007107, 21.795000000]: Plan fail[0m
[31m[ERROR] [1790604253.632830973, 21.804999999]: No path to next viewpoint[0m
[33m[WARN] [1790604253.633350817, 21.804999999]: Plan fail[0m
[31m[ERROR] [1790604253.648539866, 21.823000000]: No path to next viewpoint[0m
[33m[WARN] [1790604253.648861568, 21.823000000]: Plan fail[0m
[31m[ERROR] [1790604253.664073212, 21.832000000]: No path to next viewpoint[0m
[33m[WARN] [1790604253.664380532, 21.832000000]: Plan fail[0m
[33m[WARN] [1790604253.672483748, 21.841000000]: Drone 1 send opt request to 2, pair opt t: 0.073000, allocate t: 0.064000[0m
[31m[ERROR] [1790604253.683138907, 21.850000000]: No path to next viewpoint[0m
[33m[WARN] [1790604253.683381653, 21.850000000]: Plan fail[0m
[31m[ERROR] [1790604253.696087461, 21.859000000]: No path to next viewpoint[0m
[33m[WARN] [1790604253.696314783, 21.859000000]: Plan fail[0m
[31m[ERROR] [1790604253.706684924, 21.868999999]: No path to next viewpoint[0m
[33m[WARN] [1790604253.707000873, 21.868999999]: Plan fail[0m
[31m[ERROR] [1790604253.712160035, 21.878000000]: No path to next viewpoint[0m
[33m[WARN] [1790604253.712446595, 21.878000000]: Plan fail[0m
[33m[WARN] [1790604253.717223190, 21.878000000]: Pair opt 1 & 2[0m
[31m[ERROR] [1790604253.720631102, 21.887000000]: No path to next viewpoint[0m
[33m[WARN] [1790604253.720920038, 21.887000000]: Plan fail[0m
[31m[ERROR] [1790604253.734341995, 21.896000000]: No path to next viewpoint[0m
[33m[WARN] [1790604253.734609838, 21.896000000]: Plan fail[0m
[31m[ERROR] [1790604253.750761784, 21.914000000]: No path to next viewpoint[0m
[33m[WARN] [1790604253.750960884, 21.914000000]: Plan fail[0m
[33m[WARN] [1790604253.765762990, 21.923000000]: Drone 1 send opt request to 2, pair opt t: 0.045000, allocate t: 0.045000[0m
[31m[ERROR] [1790604253.765982433, 21.923000000]: No path to next viewpoint[0m
[33m[WARN] [1790604253.766298674, 21.923000000]: Plan fail[0m
[33m[WARN] [1790604253.766603034, 21.923000000]: Reject frequent attempt[0m
[31m[ERROR] [1790604253.780892092, 21.942000000]: No path to next viewpoint[0m
[33m[WARN] [1790604253.781266613, 21.942000000]: Plan fail[0m
[31m[ERROR] [1790604253.796075138, 21.960000000]: No path to next viewpoint[0m
[33m[WARN] [1790604253.796799875, 21.960000000]: Plan fail[0m
[31m[ERROR] [1790604253.811035615, 21.969000000]: No path to next viewpoint[0m
[33m[WARN] [1790604253.811352190, 21.969000000]: Plan fail[0m
[31m[ERROR] [1790604253.813394210, 21.969000000]: No path to next viewpoint[0m
[33m[WARN] [1790604253.813629578, 21.969000000]: Plan fail[0m
[33m[WARN] [1790604253.813917096, 21.969000000]: get response 2[0m
[31m[ERROR] [1790604253.825054412, 21.987000000]: No path to next viewpoint[0m
[33m[WARN] [1790604253.825410924, 21.987000000]: Plan fail[0m
[31m[ERROR] [1790604253.841539025, 21.996999999]: No path to next viewpoint[0m
[33m[WARN] [1790604253.841764471, 21.996999999]: Plan fail[0m
[31m[ERROR] [1790604253.858465484, 22.015000000]: No path to next viewpoint[0m
[33m[WARN] [1790604253.858803570, 22.015000000]: Plan fail[0m
[31m[ERROR] [1790604253.858558698, 22.015000000]: No path to next viewpoint[0m
[33m[WARN] [1790604253.859262758, 22.015000000]: Plan fail[0m
[33m[WARN] [1790604253.859528307, 22.015000000]: Pair opt 1 & 2[0m
[31m[ERROR] [1790604253.879976068, 22.033000000]: No path to next viewpoint[0m
[33m[WARN] [1790604253.880782429, 22.033000000]: Plan fail[0m
[31m[ERROR] [1790604253.896814108, 22.051999999]: No path to next viewpoint[0m
[33m[WARN] [1790604253.896922995, 22.051999999]: Plan fail[0m
[31m[ERROR] [1790604253.910494569, 22.060999999]: No path to next viewpoint[0m
[33m[WARN] [1790604253.910584031, 22.060999999]: Drone 1 send opt request to 2, pair opt t: 0.046000, allocate t: 0.046000[0m
[33m[WARN] [1790604253.911383305, 22.070000000]: Plan fail[0m
[31m[ERROR] [1790604253.929035252, 22.088000000]: No path to next viewpoint[0m
[33m[WARN] [1790604253.929717134, 22.088000000]: Plan fail[0m
[31m[ERROR] [1790604253.948627960, 22.106000000]: No path to next viewpoint[0m
[33m[WARN] [1790604253.949009067, 22.106000000]: Plan fail[0m
[31m[ERROR] [1790604253.954784036, 22.106000000]: No path to next viewpoint[0m
[33m[WARN] [1790604253.955437196, 22.106000000]: Plan fail[0m
[33m[WARN] [1790604253.956429025, 22.115999999]: Pair opt 1 & 2[0m
[31m[ERROR] [1790604253.962970544, 22.115999999]: No path to next viewpoint[0m
[33m[WARN] [1790604253.963360489, 22.115999999]: Plan fail[0m
[31m[ERROR] [1790604253.981344977, 22.134000000]: No path to next viewpoint[0m
[33m[WARN] [1790604253.981636081, 22.134000000]: Plan fail[0m
[31m[ERROR] [1790604253.997515141, 22.152000000]: No path to next viewpoint[0m
[33m[WARN] [1790604253.997737961, 22.152000000]: Plan fail[0m
[31m[ERROR] [1790604254.011843093, 22.170000000]: No path to next viewpoint[0m
[33m[WARN] [1790604254.012459860, 22.170000000]: Plan fail[0m
[31m[ERROR] [1790604254.013946686, 22.170000000]: Larger cost after reallocation[0m
[33m[WARN] [1790604254.016636989, 22.170000000]: get response 1[0m
[31m[ERROR] [1790604254.026491497, 22.179999999]: No path to next viewpoint[0m
[33m[WARN] [1790604254.026697934, 22.179999999]: Plan fail[0m
[31m[ERROR] [1790604254.042309944, 22.198000000]: No path to next viewpoint[0m
[33m[WARN] [1790604254.042644028, 22.198000000]: Plan fail[0m
[31m[ERROR] [1790604254.055482861, 22.207000000]: No path to next viewpoint[0m
[33m[WARN] [1790604254.055830743, 22.207000000]: Plan fail[0m
[31m[ERROR] [1790604254.068927079, 22.216000000]: No path to next viewpoint[0m
[33m[WARN] [1790604254.069161655, 22.225000000]: Plan fail[0m
[31m[ERROR] [1790604254.081473433, 22.225000000]: No path to next viewpoint[0m
[33m[WARN] [1790604254.082200463, 22.225000000]: Plan fail[0m
[31m[ERROR] [1790604254.101140178, 22.253000000]: No path to next viewpoint[0m
[33m[WARN] [1790604254.101369543, 22.253000000]: Plan fail[0m
[31m[ERROR] [1790604254.112083730, 22.262000000]: No path to next viewpoint[0m
[33m[WARN] [1790604254.112456250, 22.262000000]: Plan fail[0m
[31m[ERROR] [1790604254.118206248, 22.271000000]: No path to next viewpoint[0m
[33m[WARN] [1790604254.118464669, 22.271000000]: Plan fail[0m
[31m[ERROR] [1790604254.132485343, 22.289000000]: No path to next viewpoint[0m
[33m[WARN] [1790604254.132700992, 22.289000000]: Plan fail[0m
[31m[ERROR] [1790604254.146163553, 22.298000000]: No path to next viewpoint[0m
[33m[WARN] [1790604254.146391918, 22.298000000]: Plan fail[0m
[31m[ERROR] [1790604254.159789613, 22.307999999]: No path to next viewpoint[0m
[33m[WARN] [1790604254.160049368, 22.307999999]: Plan fail[0m
[31m[ERROR] [1790604254.164413049, 22.317000000]: No path to next viewpoint[0m
[33m[WARN] [1790604254.164700609, 22.317000000]: Plan fail[0m
[31m[ERROR] [1790604254.178112603, 22.326000000]: No path to next viewpoint[0m
[33m[WARN] [1790604254.178561744, 22.326000000]: Plan fail[0m
[31m[ERROR] [1790604254.190210441, 22.335000000]: No path to next viewpoint[0m
[33m[WARN] [1790604254.190378858, 22.344000000]: Plan fail[0m
[31m[ERROR] [1790604254.200388903, 22.344000000]: No path to next viewpoint[0m
[33m[WARN] [1790604254.200867642, 22.344000000]: Plan fail[0m
[31m[ERROR] [1790604254.203268508, 22.353000000]: No path to next viewpoint[0m
[33m[WARN] [1790604254.203546564, 22.353000000]: Plan fail[0m
[31m[ERROR] [1790604254.223571571, 22.371999999]: No path to next viewpoint[0m
[33m[WARN] [1790604254.223853087, 22.371999999]: Plan fail[0m
[31m[ERROR] [1790604254.236874053, 22.390000000]: No path to next viewpoint[0m
[33m[WARN] [1790604254.237013289, 22.390000000]: Plan fail[0m
[31m[ERROR] [1790604254.250776667, 22.399000000]: No path to next viewpoint[0m
[33m[WARN] [1790604254.251018663, 22.399000000]: Plan fail[0m
[31m[ERROR] [1790604254.252338198, 22.399000000]: No path to next viewpoint[0m
[33m[WARN] [1790604254.252635096, 22.399000000]: Plan fail[0m
[31m[ERROR] [1790604254.269071769, 22.417000000]: No path to next viewpoint[0m
[33m[WARN] [1790604254.269229264, 22.417000000]: Plan fail[0m
[31m[ERROR] [1790604254.284372707, 22.426999999]: No path to next viewpoint[0m
[33m[WARN] [1790604254.284572056, 22.426999999]: Plan fail[0m
[31m[ERROR] [1790604254.296987344, 22.435999999]: No path to next viewpoint[0m
[33m[WARN] [1790604254.297268735, 22.435999999]: Plan fail[0m
[31m[ERROR] [1790604254.298603360, 22.435999999]: No path to next viewpoint[0m
[33m[WARN] [1790604254.298808796, 22.435999999]: Plan fail[0m
[31m[ERROR] [1790604254.313166680, 22.454000000]: No path to next viewpoint[0m
[33m[WARN] [1790604254.313397754, 22.454000000]: Plan fail[0m
[31m[ERROR] [1790604254.324421555, 22.463000000]: No path to next viewpoint[0m
[33m[WARN] [1790604254.324993882, 22.463000000]: Plan fail[0m
[31m[ERROR] [1790604254.338270434, 22.481000000]: No path to next viewpoint[0m
[33m[WARN] [1790604254.338583757, 22.481000000]: Plan fail[0m
[31m[ERROR] [1790604254.352451563, 22.490999999]: No path to next viewpoint[0m
[33m[WARN] [1790604254.352719572, 22.490999999]: Plan fail[0m
[31m[ERROR] [1790604254.354625441, 22.500000000]: No path to next viewpoint[0m
[33m[WARN] [1790604254.354834837, 22.500000000]: Plan fail[0m
[31m[ERROR] [1790604254.368618809, 22.509000000]: No path to next viewpoint[0m
[33m[WARN] [1790604254.368874979, 22.509000000]: Plan fail[0m
[31m[ERROR] [1790604254.394312608, 22.536000000]: No path to next viewpoint[0m
[33m[WARN] [1790604254.394552353, 22.536000000]: Plan fail[0m
[31m[ERROR] [1790604254.398958179, 22.536000000]: No path to next viewpoint[0m
[33m[WARN] [1790604254.399266667, 22.536000000]: Plan fail[0m
[31m[ERROR] [1790604254.408385557, 22.545000000]: No path to next viewpoint[0m
[33m[WARN] [1790604254.408602416, 22.545000000]: Plan fail[0m
[31m[ERROR] [1790604254.424983435, 22.564000000]: No path to next viewpoint[0m
[33m[WARN] [1790604254.425299593, 22.564000000]: Plan fail[0m
[31m[ERROR] [1790604254.439541294, 22.573000000]: No path to next viewpoint[0m
[33m[WARN] [1790604254.439976720, 22.573000000]: Plan fail[0m
[31m[ERROR] [1790604254.443942160, 22.582000000]: No path to next viewpoint[0m
[33m[WARN] [1790604254.444231263, 22.582000000]: Plan fail[0m
[31m[ERROR] [1790604254.453867912, 22.591000000]: No path to next viewpoint[0m
[33m[WARN] [1790604254.454194867, 22.591000000]: Plan fail[0m
[31m[ERROR] [1790604254.470085100, 22.609000000]: No path to next viewpoint[0m
[33m[WARN] [1790604254.470449491, 22.609000000]: Plan fail[0m
[31m[ERROR] [1790604254.492556914, 22.628000000]: No path to next viewpoint[0m
[33m[WARN] [1790604254.492907714, 22.628000000]: Plan fail[0m
[31m[ERROR] [1790604254.493575506, 22.628000000]: No path to next viewpoint[0m
[33m[WARN] [1790604254.493945649, 22.628000000]: Plan fail[0m
[31m[ERROR] [1790604254.518244876, 22.655000000]: No path to next viewpoint[0m
[33m[WARN] [1790604254.518566454, 22.655000000]: Plan fail[0m
[31m[ERROR] [1790604254.537575453, 22.673000000]: No path to next viewpoint[0m
[33m[WARN] [1790604254.537706519, 22.673000000]: Plan fail[0m
[31m[ERROR] [1790604254.547952890, 22.682999999]: No path to next viewpoint[0m
[33m[WARN] [1790604254.548226151, 22.682999999]: Plan fail[0m
[33m[WARN] [1790604254.548534805, 22.682999999]: Pair opt 1 & 2[0m
[31m[ERROR] [1790604254.556393941, 22.692000000]: No path to next viewpoint[0m
[33m[WARN] [1790604254.556694508, 22.692000000]: Plan fail[0m
[31m[ERROR] [1790604254.574029421, 22.710000000]: No path to next viewpoint[0m
[33m[WARN] [1790604254.574457010, 22.710000000]: Plan fail[0m
[31m[ERROR] [1790604254.589571647, 22.719000000]: No path to next viewpoint[0m
[33m[WARN] [1790604254.590085570, 22.719000000]: Plan fail[0m
[33m[WARN] [1790604254.601812473, 22.737000000]: Drone 1 send opt request to 2, pair opt t: 0.054000, allocate t: 0.045000[0m
[31m[ERROR] [1790604254.605531331, 22.737000000]: No path to next viewpoint[0m
[33m[WARN] [1790604254.605773452, 22.737000000]: Plan fail[0m
[31m[ERROR] [1790604254.621282911, 22.756000000]: No path to next viewpoint[0m
[33m[WARN] [1790604254.621634670, 22.756000000]: Plan fail[0m
[31m[ERROR] [1790604254.638318717, 22.774000000]: No path to next viewpoint[0m
[33m[WARN] [1790604254.638538660, 22.774000000]: Plan fail[0m
[31m[ERROR] [1790604254.642282281, 22.774000000]: No path to next viewpoint[0m
[33m[WARN] [1790604254.643258352, 22.774000000]: Plan fail[0m
[33m[WARN] [1790604254.644113654, 22.774000000]: get response 1[0m
[31m[ERROR] [1790604254.654568838, 22.783000000]: No path to next viewpoint[0m
[33m[WARN] [1790604254.655795492, 22.783000000]: Plan fail[0m
[31m[ERROR] [1790604254.676354392, 22.801999999]: No path to next viewpoint[0m
[33m[WARN] [1790604254.676671300, 22.801999999]: Plan fail[0m
[31m[ERROR] [1790604254.687416253, 22.820000000]: No path to next viewpoint[0m
[33m[WARN] [1790604254.687569496, 22.820000000]: Plan fail[0m
[31m[ERROR] [1790604254.700684175, 22.829000000]: No path to next viewpoint[0m
[33m[WARN] [1790604254.701046023, 22.829000000]: Plan fail[0m
[31m[ERROR] [1790604254.725645442, 22.856000000]: No path to next viewpoint[0m
[33m[WARN] [1790604254.726191214, 22.856000000]: Plan fail[0m
[31m[ERROR] [1790604254.735629431, 22.865999999]: No path to next viewpoint[0m
[33m[WARN] [1790604254.735809938, 22.865999999]: Plan fail[0m
[31m[ERROR] [1790604254.745256034, 22.875000000]: No path to next viewpoint[0m
[33m[WARN] [1790604254.745540801, 22.875000000]: Plan fail[0m
[31m[ERROR] [1790604254.768752067, 22.893000000]: No path to next viewpoint[0m
[33m[WARN] [1790604254.769086359, 22.893000000]: Plan fail[0m
[31m[ERROR] [1790604254.782680862, 22.911000000]: No path to next viewpoint[0m
[33m[WARN] [1790604254.782970673, 22.911000000]: Plan fail[0m
[31m[ERROR] [1790604254.783664353, 22.911000000]: No path to next viewpoint[0m
[33m[WARN] [1790604254.784329644, 22.911000000]: Plan fail[0m
[31m[ERROR] [1790604254.801343397, 22.929999999]: No path to next viewpoint[0m
[33m[WARN] [1790604254.801530782, 22.929999999]: Plan fail[0m
[31m[ERROR] [1790604254.815257058, 22.939000000]: No path to next viewpoint[0m
[33m[WARN] [1790604254.815541034, 22.939000000]: Plan fail[0m
[31m[ERROR] [1790604254.823213576, 22.948000000]: No path to next viewpoint[0m
[33m[WARN] [1790604254.823479167, 22.948000000]: Plan fail[0m
[31m[ERROR] [1790604254.831209030, 22.957000000]: No path to next viewpoint[0m
[33m[WARN] [1790604254.831433684, 22.957000000]: Plan fail[0m
[31m[ERROR] [1790604254.846377152, 22.975000000]: No path to next viewpoint[0m
[33m[WARN] [1790604254.846503924, 22.975000000]: Plan fail[0m
[31m[ERROR] [1790604254.858688138, 22.984000000]: No path to next viewpoint[0m
[33m[WARN] [1790604254.858964359, 22.984000000]: Plan fail[0m
[31m[ERROR] [1790604254.868378231, 22.993999999]: No path to next viewpoint[0m
[33m[WARN] [1790604254.868587002, 22.993999999]: Plan fail[0m
[31m[ERROR] [1790604254.872016382, 22.993999999]: No path to next viewpoint[0m
[33m[WARN] [1790604254.872266674, 22.993999999]: Plan fail[0m
[31m[ERROR] [1790604254.887069530, 23.012000000]: No path to next viewpoint[0m
[33m[WARN] [1790604254.887206348, 23.012000000]: Plan fail[0m
[31m[ERROR] [1790604254.899113049, 23.021000000]: No path to next viewpoint[0m
[33m[WARN] [1790604254.899341329, 23.021000000]: Plan fail[0m
[31m[ERROR] [1790604254.917762077, 23.039000000]: No path to next viewpoint[0m
[33m[WARN] [1790604254.917937456, 23.039000000]: Plan fail[0m
[31m[ERROR] [1790604254.918818980, 23.039000000]: No path to next viewpoint[0m
[33m[WARN] [1790604254.918918822, 23.039000000]: Plan fail[0m
[31m[ERROR] [1790604254.934119293, 23.057999999]: No path to next viewpoint[0m
[33m[WARN] [1790604254.934386885, 23.057999999]: Plan fail[0m
[31m[ERROR] [1790604254.950293543, 23.067000000]: No path to next viewpoint[0m
[33m[WARN] [1790604254.950526034, 23.067000000]: Plan fail[0m
[31m[ERROR] [1790604254.967094397, 23.085000000]: No path to next viewpoint[0m
[33m[WARN] [1790604254.967361781, 23.085000000]: Plan fail[0m
[31m[ERROR] [1790604254.968655177, 23.085000000]: No path to next viewpoint[0m
[33m[WARN] [1790604254.968886752, 23.085000000]: Plan fail[0m
[31m[ERROR] [1790604254.980741509, 23.094000000]: No path to next viewpoint[0m
[33m[WARN] [1790604254.980982255, 23.094000000]: Plan fail[0m
[31m[ERROR] [1790604254.998328173, 23.112999999]: No path to next viewpoint[0m
[33m[WARN] [1790604254.998635160, 23.112999999]: Plan fail[0m
[31m[ERROR] [1790604255.008689059, 23.131000000]: No path to next viewpoint[0m
[33m[WARN] [1790604255.008923301, 23.131000000]: Plan fail[0m
[31m[ERROR] [1790604255.013389659, 23.131000000]: No path to next viewpoint[0m
[33m[WARN] [1790604255.013623734, 23.131000000]: Plan fail[0m
[31m[ERROR] [1790604255.028556613, 23.149000000]: No path to next viewpoint[0m
[33m[WARN] [1790604255.029045191, 23.149000000]: Plan fail[0m
[31m[ERROR] [1790604255.040705184, 23.158000000]: No path to next viewpoint[0m
[33m[WARN] [1790604255.040959645, 23.158000000]: Plan fail[0m
[31m[ERROR] [1790604255.050577493, 23.167000000]: No path to next viewpoint[0m
[33m[WARN] [1790604255.050781470, 23.167000000]: Plan fail[0m
[31m[ERROR] [1790604255.058774631, 23.176999999]: No path to next viewpoint[0m
[33m[WARN] [1790604255.059108757, 23.176999999]: Plan fail[0m
[31m[ERROR] [1790604255.076282172, 23.195000000]: No path to next viewpoint[0m
[33m[WARN] [1790604255.076509619, 23.195000000]: Plan fail[0m
[31m[ERROR] [1790604255.093757781, 23.204000000]: No path to next viewpoint[0m
[33m[WARN] [1790604255.094027832, 23.204000000]: Plan fail[0m
[31m[ERROR] [1790604255.094137554, 23.204000000]: No path to next viewpoint[0m
[33m[WARN] [1790604255.094497400, 23.204000000]: Plan fail[0m
[31m[ERROR] [1790604255.116536081, 23.231000000]: No path to next viewpoint[0m
[33m[WARN] [1790604255.116788040, 23.231000000]: Plan fail[0m
[31m[ERROR] [1790604255.133151134, 23.250000000]: No path to next viewpoint[0m
[31m[ERROR] [1790604255.133190112, 23.250000000]: No path to next viewpoint[0m
[33m[WARN] [1790604255.133324971, 23.250000000]: Plan fail[0m
[33m[WARN] [1790604255.133500976, 23.250000000]: Plan fail[0m
[31m[ERROR] [1790604255.149012811, 23.268000000]: No path to next viewpoint[0m
[33m[WARN] [1790604255.149342309, 23.268000000]: Plan fail[0m
[31m[ERROR] [1790604255.164128073, 23.277000000]: No path to next viewpoint[0m
[33m[WARN] [1790604255.164595557, 23.277000000]: Plan fail[0m
[31m[ERROR] [1790604255.179098263, 23.295000000]: No path to next viewpoint[0m
[33m[WARN] [1790604255.179447229, 23.295000000]: Plan fail[0m
[31m[ERROR] [1790604255.187981536, 23.304999999]: No path to next viewpoint[0m
[33m[WARN] [1790604255.188210359, 23.304999999]: Plan fail[0m
[33m[WARN] [1790604255.188476700, 23.304999999]: Pair opt 1 & 2[0m
[31m[ERROR] [1790604255.194283977, 23.304999999]: No path to next viewpoint[0m
[33m[WARN] [1790604255.194647325, 23.304999999]: Plan fail[0m
[31m[ERROR] [1790604255.209409203, 23.323000000]: No path to next viewpoint[0m
[33m[WARN] [1790604255.209614931, 23.323000000]: Plan fail[0m
[31m[ERROR] [1790604255.222865844, 23.332000000]: No path to next viewpoint[0m
[33m[WARN] [1790604255.223219604, 23.332000000]: Plan fail[0m
[31m[ERROR] [1790604255.240165657, 23.350000000]: No path to next viewpoint[0m
[33m[WARN] [1790604255.240347956, 23.350000000]: Plan fail[0m
[31m[ERROR] [1790604255.252377343, 23.359000000]: No path to next viewpoint[0m
[33m[WARN] [1790604255.252563227, 23.359000000]: Plan fail[0m
[33m[WARN] [1790604255.258265577, 23.368999999]: Drone 1 send opt request to 2, pair opt t: 0.064000, allocate t: 0.064000[0m
[31m[ERROR] [1790604255.267392763, 23.378000000]: No path to next viewpoint[0m
[33m[WARN] [1790604255.267597157, 23.378000000]: Plan fail[0m
[31m[ERROR] [1790604255.283326810, 23.387000000]: No path to next viewpoint[0m
[33m[WARN] [1790604255.283520532, 23.387000000]: Plan fail[0m
[31m[ERROR] [1790604255.295499060, 23.396000000]: No path to next viewpoint[0m
[33m[WARN] [1790604255.295718836, 23.396000000]: Plan fail[0m
[33m[WARN] [1790604255.296073847, 23.396000000]: get response 1[0m
[31m[ERROR] [1790604255.301423937, 23.405000000]: No path to next viewpoint[0m
[33m[WARN] [1790604255.301635376, 23.405000000]: Plan fail[0m
[31m[ERROR] [1790604255.316749388, 23.414000000]: No path to next viewpoint[0m
[33m[WARN] [1790604255.317054082, 23.414000000]: Plan fail[0m
[31m[ERROR] [1790604255.334320002, 23.434000000]: No path to next viewpoint[0m
[33m[WARN] [1790604255.334511097, 23.434000000]: Plan fail[0m
[31m[ERROR] [1790604255.353933596, 23.452000000]: No path to next viewpoint[0m
[33m[WARN] [1790604255.354202230, 23.452000000]: Plan fail[0m
[31m[ERROR] [1790604255.354983037, 23.452000000]: No path to next viewpoint[0m
[33m[WARN] [1790604255.355157290, 23.452000000]: Plan fail[0m
[31m[ERROR] [1790604255.367388111, 23.461999999]: No path to next viewpoint[0m
[33m[WARN] [1790604255.367614891, 23.461999999]: Plan fail[0m
[31m[ERROR] [1790604255.381847421, 23.480000000]: No path to next viewpoint[0m
[33m[WARN] [1790604255.382126518, 23.480000000]: Plan fail[0m
[31m[ERROR] [1790604255.396243907, 23.489000000]: No path to next viewpoint[0m
[33m[WARN] [1790604255.396462975, 23.489000000]: Plan fail[0m
[31m[ERROR] [1790604255.401815358, 23.498000000]: No path to next viewpoint[0m
[33m[WARN] [1790604255.401970435, 23.498000000]: Plan fail[0m
[31m[ERROR] [1790604255.411367798, 23.507000000]: No path to next viewpoint[0m
[33m[WARN] [1790604255.411555559, 23.507000000]: Plan fail[0m
[31m[ERROR] [1790604255.425153021, 23.516999999]: No path to next viewpoint[0m
[33m[WARN] [1790604255.425530626, 23.516999999]: Plan fail[0m
[31m[ERROR] [1790604255.442376003, 23.535000000]: No path to next viewpoint[0m
[33m[WARN] [1790604255.442565514, 23.535000000]: Plan fail[0m
[31m[ERROR] [1790604255.442673068, 23.535000000]: No path to next viewpoint[0m
[33m[WARN] [1790604255.443236725, 23.535000000]: Plan fail[0m
[31m[ERROR] [1790604255.456662393, 23.553000000]: No path to next viewpoint[0m
[33m[WARN] [1790604255.457085437, 23.553000000]: Plan fail[0m
[31m[ERROR] [1790604255.471112364, 23.562000000]: No path to next viewpoint[0m
[33m[WARN] [1790604255.471519818, 23.562000000]: Plan fail[0m
[31m[ERROR] [1790604255.483357984, 23.571000000]: No path to next viewpoint[0m
[33m[WARN] [1790604255.483537907, 23.571000000]: Plan fail[0m
[31m[ERROR] [1790604255.485256224, 23.571000000]: No path to next viewpoint[0m
[33m[WARN] [1790604255.485371907, 23.571000000]: Plan fail[0m
[31m[ERROR] [1790604255.503533817, 23.599000000]: No path to next viewpoint[0m
[33m[WARN] [1790604255.503814790, 23.599000000]: Plan fail[0m
[31m[ERROR] [1790604255.523508591, 23.608000000]: No path to next viewpoint[0m
[33m[WARN] [1790604255.525251670, 23.608000000]: Plan fail[0m
[31m[ERROR] [1790604255.535243247, 23.626000000]: No path to next viewpoint[0m
[33m[WARN] [1790604255.536452518, 23.626000000]: Plan fail[0m
[31m[ERROR] [1790604255.553756499, 23.644999999]: No path to next viewpoint[0m
[33m[WARN] [1790604255.553996911, 23.644999999]: Plan fail[0m
[31m[ERROR] [1790604255.573490653, 23.663000000]: No path to next viewpoint[0m
[33m[WARN] [1790604255.573845830, 23.663000000]: Plan fail[0m
[31m[ERROR] [1790604255.584057267, 23.672000000]: No path to next viewpoint[0m
[33m[WARN] [1790604255.584267663, 23.672000000]: Plan fail[0m
[31m[ERROR] [1790604255.588232395, 23.672000000]: No path to next viewpoint[0m
[33m[WARN] [1790604255.588492483, 23.672000000]: Plan fail[0m
[31m[ERROR] [1790604255.608994229, 23.699000000]: No path to next viewpoint[0m
[33m[WARN] [1790604255.609436658, 23.699000000]: Plan fail[0m
[31m[ERROR] [1790604255.623281536, 23.708999999]: No path to next viewpoint[0m
[31m[ERROR] [1790604255.623470797, 23.708999999]: No path to next viewpoint[0m
[33m[WARN] [1790604255.623721172, 23.708999999]: Plan fail[0m
[33m[WARN] [1790604255.623498519, 23.708999999]: Plan fail[0m
[31m[ERROR] [1790604255.639659679, 23.727000000]: No path to next viewpoint[0m
[33m[WARN] [1790604255.640048748, 23.727000000]: Plan fail[0m
[31m[ERROR] [1790604255.654828009, 23.745000000]: No path to next viewpoint[0m
[33m[WARN] [1790604255.655048286, 23.745000000]: Plan fail[0m
[31m[ERROR] [1790604255.669955236, 23.754000000]: No path to next viewpoint[0m
[33m[WARN] [1790604255.670196565, 23.754000000]: Plan fail[0m
[31m[ERROR] [1790604255.672719534, 23.763000000]: No path to next viewpoint[0m
[33m[WARN] [1790604255.673095514, 23.763000000]: Plan fail[0m
[31m[ERROR] [1790604255.685805240, 23.772999999]: No path to next viewpoint[0m
[33m[WARN] [1790604255.685992375, 23.772999999]: Plan fail[0m
[31m[ERROR] [1790604255.701506045, 23.791000000]: No path to next viewpoint[0m
[33m[WARN] [1790604255.701817868, 23.791000000]: Plan fail[0m
[31m[ERROR] [1790604255.715079287, 23.800000000]: No path to next viewpoint[0m
[33m[WARN] [1790604255.715245536, 23.800000000]: Plan fail[0m
[31m[ERROR] [1790604255.722065570, 23.809000000]: No path to next viewpoint[0m
[33m[WARN] [1790604255.722437506, 23.809000000]: Plan fail[0m
[31m[ERROR] [1790604255.741854501, 23.827000000]: No path to next viewpoint[0m
[33m[WARN] [1790604255.742532423, 23.827000000]: Plan fail[0m
[31m[ERROR] [1790604255.765310015, 23.846000000]: No path to next viewpoint[0m
[33m[WARN] [1790604255.765987145, 23.846000000]: Plan fail[0m
[31m[ERROR] [1790604255.772753109, 23.855000000]: No path to next viewpoint[0m
[33m[WARN] [1790604255.772951041, 23.855000000]: Plan fail[0m
[31m[ERROR] [1790604255.782995811, 23.864000000]: No path to next viewpoint[0m
[33m[WARN] [1790604255.783389967, 23.864000000]: Plan fail[0m
[31m[ERROR] [1790604255.795665726, 23.882000000]: No path to next viewpoint[0m
[33m[WARN] [1790604255.796132293, 23.882000000]: Plan fail[0m
[31m[ERROR] [1790604255.814366447, 23.900999999]: No path to next viewpoint[0m
[33m[WARN] [1790604255.814676936, 23.900999999]: Plan fail[0m
[31m[ERROR] [1790604255.819197361, 23.900999999]: No path to next viewpoint[0m
[33m[WARN] [1790604255.819460910, 23.900999999]: Plan fail[0m
[33m[WARN] [1790604255.819800246, 23.900999999]: Pair opt 1 & 2[0m
[31m[ERROR] [1790604255.829136579, 23.910000000]: No path to next viewpoint[0m
[33m[WARN] [1790604255.829436103, 23.910000000]: Plan fail[0m
[31m[ERROR] [1790604255.850918631, 23.928000000]: No path to next viewpoint[0m
[33m[WARN] [1790604255.851275851, 23.928000000]: Plan fail[0m
[31m[ERROR] [1790604255.867116226, 23.946000000]: No path to next viewpoint[0m
[33m[WARN] [1790604255.867293231, 23.946000000]: Plan fail[0m
[33m[WARN] [1790604255.870190262, 23.955999999]: Drone 1 send opt request to 2, pair opt t: 0.055000, allocate t: 0.045000[0m
[31m[ERROR] [1790604255.882606967, 23.964999999]: No path to next viewpoint[0m
[33m[WARN] [1790604255.882888108, 23.964999999]: Plan fail[0m
[31m[ERROR] [1790604255.896294016, 23.974000000]: No path to next viewpoint[0m
[33m[WARN] [1790604255.896928833, 23.983000000]: Plan fail[0m
[31m[ERROR] [1790604255.910696171, 23.992000000]: No path to next viewpoint[0m
[33m[WARN] [1790604255.910896605, 23.992000000]: Plan fail[0m
[31m[ERROR] [1790604255.911352791, 23.992000000]: No path to next viewpoint[0m
[33m[WARN] [1790604255.911486942, 23.992000000]: Plan fail[0m
[33m[WARN] [1790604255.911750156, 23.992000000]: get response 1[0m
[31m[ERROR] [1790604255.935710506, 24.010000000]: No path to next viewpoint[0m
[33m[WARN] [1790604255.935968926, 24.010000000]: Plan fail[0m
[31m[ERROR] [1790604255.956224758, 24.038000000]: No path to next viewpoint[0m
[33m[WARN] [1790604255.956522365, 24.038000000]: Plan fail[0m
[31m[ERROR] [1790604255.956235138, 24.038000000]: No path to next viewpoint[0m
[33m[WARN] [1790604255.957117204, 24.038000000]: Plan fail[0m
[31m[ERROR] [1790604255.975689860, 24.056000000]: No path to next viewpoint[0m
[33m[WARN] [1790604255.975850274, 24.056000000]: Plan fail[0m
[31m[ERROR] [1790604255.998001219, 24.074000000]: No path to next viewpoint[0m
[33m[WARN] [1790604255.998636661, 24.074000000]: Plan fail[0m
[31m[ERROR] [1790604256.005498632, 24.083999999]: No path to next viewpoint[0m
[33m[WARN] [1790604256.005682391, 24.083999999]: Plan fail[0m
[31m[ERROR] [1790604256.015452899, 24.092999999]: No path to next viewpoint[0m
[33m[WARN] [1790604256.015706359, 24.092999999]: Plan fail[0m
[31m[ERROR] [1790604256.029505380, 24.102000000]: No path to next viewpoint[0m
[33m[WARN] [1790604256.029802862, 24.102000000]: Plan fail[0m
[31m[ERROR] [1790604256.046155159, 24.120000000]: No path to next viewpoint[0m
[33m[WARN] [1790604256.046391652, 24.120000000]: Plan fail[0m
[31m[ERROR] [1790604256.049428503, 24.129000000]: No path to next viewpoint[0m
[33m[WARN] [1790604256.049680420, 24.129000000]: Plan fail[0m
[31m[ERROR] [1790604256.061425373, 24.138000000]: No path to next viewpoint[0m
[33m[WARN] [1790604256.061653946, 24.138000000]: Plan fail[0m
[31m[ERROR] [1790604256.075555602, 24.147999999]: No path to next viewpoint[0m
[33m[WARN] [1790604256.075783465, 24.147999999]: Plan fail[0m
[31m[ERROR] [1790604256.091966803, 24.166000000]: No path to next viewpoint[0m
[33m[WARN] [1790604256.092299886, 24.166000000]: Plan fail[0m
[31m[ERROR] [1790604256.093536004, 24.166000000]: No path to next viewpoint[0m
[33m[WARN] [1790604256.093839030, 24.166000000]: Plan fail[0m
[31m[ERROR] [1790604256.105915399, 24.184000000]: No path to next viewpoint[0m
[33m[WARN] [1790604256.106196123, 24.184000000]: Plan fail[0m
[31m[ERROR] [1790604256.119862577, 24.193000000]: No path to next viewpoint[0m
[33m[WARN] [1790604256.120076226, 24.193000000]: Plan fail[0m
[31m[ERROR] [1790604256.129242515, 24.202000000]: No path to next viewpoint[0m
[33m[WARN] [1790604256.129455246, 24.202000000]: Plan fail[0m
[31m[ERROR] [1790604256.133328640, 24.202000000]: No path to next viewpoint[0m
[33m[WARN] [1790604256.133547500, 24.202000000]: Plan fail[0m
[31m[ERROR] [1790604256.147141377, 24.211999999]: No path to next viewpoint[0m
[33m[WARN] [1790604256.147352315, 24.211999999]: Plan fail[0m
[31m[ERROR] [1790604256.161631410, 24.222000000]: No path to next viewpoint[0m
[33m[WARN] [1790604256.161829675, 24.222000000]: Plan fail[0m
[31m[ERROR] [1790604256.177121609, 24.243999999]: No path to next viewpoint[0m
[33m[WARN] [1790604256.177474202, 24.243999999]: Plan fail[0m
[31m[ERROR] [1790604256.187033479, 24.253000000]: No path to next viewpoint[0m
[33m[WARN] [1790604256.187210526, 24.253000000]: Plan fail[0m
[31m[ERROR] [1790604256.191021973, 24.262000000]: No path to next viewpoint[0m
[33m[WARN] [1790604256.191310033, 24.262000000]: Plan fail[0m
[31m[ERROR] [1790604256.208349257, 24.280000000]: No path to next viewpoint[0m
[33m[WARN] [1790604256.208689052, 24.280000000]: Plan fail[0m
[31m[ERROR] [1790604256.224443884, 24.289000000]: No path to next viewpoint[0m
[33m[WARN] [1790604256.224743492, 24.289000000]: Plan fail[0m
[31m[ERROR] [1790604256.233486027, 24.298000000]: No path to next viewpoint[0m
[33m[WARN] [1790604256.233761999, 24.298000000]: Plan fail[0m
[31m[ERROR] [1790604256.238201759, 24.307999999]: No path to next viewpoint[0m
[33m[WARN] [1790604256.238510122, 24.307999999]: Plan fail[0m
[31m[ERROR] [1790604256.256847577, 24.326000000]: No path to next viewpoint[0m
[33m[WARN] [1790604256.257188039, 24.326000000]: Plan fail[0m
[31m[ERROR] [1790604256.272464132, 24.335000000]: No path to next viewpoint[0m
[31m[ERROR] [1790604256.272836860, 24.335000000]: No path to next viewpoint[0m
[33m[WARN] [1790604256.273302051, 24.335000000]: Plan fail[0m
[33m[WARN] [1790604256.273757778, 24.335000000]: Plan fail[0m
[31m[ERROR] [1790604256.288682862, 24.353000000]: No path to next viewpoint[0m
[33m[WARN] [1790604256.289092984, 24.353000000]: Plan fail[0m
[31m[ERROR] [1790604256.308779364, 24.371999999]: No path to next viewpoint[0m
[33m[WARN] [1790604256.309158261, 24.371999999]: Plan fail[0m
[31m[ERROR] [1790604256.317382747, 24.381000000]: No path to next viewpoint[0m
[33m[WARN] [1790604256.317605441, 24.381000000]: Plan fail[0m
[31m[ERROR] [1790604256.323354356, 24.390000000]: No path to next viewpoint[0m
[33m[WARN] [1790604256.323608358, 24.390000000]: Plan fail[0m
[31m[ERROR] [1790604256.340560246, 24.408000000]: No path to next viewpoint[0m
[33m[WARN] [1790604256.341210446, 24.408000000]: Plan fail[0m
[31m[ERROR] [1790604256.359397118, 24.417000000]: No path to next viewpoint[0m
[33m[WARN] [1790604256.360040148, 24.417000000]: Plan fail[0m
[31m[ERROR] [1790604256.364039397, 24.417000000]: No path to next viewpoint[0m
[33m[WARN] [1790604256.364324289, 24.417000000]: Plan fail[0m
[31m[ERROR] [1790604256.378438301, 24.435999999]: No path to next viewpoint[0m
[33m[WARN] [1790604256.378745079, 24.435999999]: Plan fail[0m
[31m[ERROR] [1790604256.397664075, 24.463000000]: No path to next viewpoint[0m
[33m[WARN] [1790604256.397901444, 24.463000000]: Plan fail[0m
[31m[ERROR] [1790604256.409291386, 24.472000000]: No path to next viewpoint[0m
[33m[WARN] [1790604256.409519709, 24.472000000]: Plan fail[0m
[31m[ERROR] [1790604256.412105793, 24.472000000]: No path to next viewpoint[0m
[33m[WARN] [1790604256.412442836, 24.472000000]: Plan fail[0m
[31m[ERROR] [1790604256.431049552, 24.490999999]: No path to next viewpoint[0m
[33m[WARN] [1790604256.431250527, 24.490999999]: Plan fail[0m
[31m[ERROR] [1790604256.444746647, 24.509000000]: No path to next viewpoint[0m
[33m[WARN] [1790604256.444848281, 24.509000000]: Plan fail[0m
[31m[ERROR] [1790604256.456729594, 24.518000000]: No path to next viewpoint[0m
[33m[WARN] [1790604256.456918605, 24.518000000]: Plan fail[0m
[31m[ERROR] [1790604256.458792750, 24.518000000]: No path to next viewpoint[0m
[33m[WARN] [1790604256.459037247, 24.518000000]: Plan fail[0m
[33m[WARN] [1790604256.459314844, 24.518000000]: Pair opt 1 & 2[0m
[31m[ERROR] [1790604256.473443821, 24.536000000]: No path to next viewpoint[0m
[33m[WARN] [1790604256.473711497, 24.536000000]: Plan fail[0m
[31m[ERROR] [1790604256.489597894, 24.545000000]: No path to next viewpoint[0m
[33m[WARN] [1790604256.489779985, 24.545000000]: Plan fail[0m
[31m[ERROR] [1790604256.505339386, 24.564000000]: No path to next viewpoint[0m
[33m[WARN] [1790604256.505596306, 24.564000000]: Plan fail[0m
[31m[ERROR] [1790604256.519267055, 24.573000000]: No path to next viewpoint[0m
[33m[WARN] [1790604256.519499588, 24.573000000]: Plan fail[0m
[33m[WARN] [1790604256.524670130, 24.582000000]: Drone 1 send opt request to 2, pair opt t: 0.064000, allocate t: 0.064000[0m
[31m[ERROR] [1790604256.535762966, 24.591000000]: No path to next viewpoint[0m
[33m[WARN] [1790604256.535974946, 24.591000000]: Plan fail[0m
[31m[ERROR] [1790604256.549612512, 24.600000000]: No path to next viewpoint[0m
[33m[WARN] [1790604256.549955016, 24.600000000]: Plan fail[0m
[31m[ERROR] [1790604256.564049227, 24.618999999]: No path to next viewpoint[0m
[33m[WARN] [1790604256.564399944, 24.618999999]: Plan fail[0m
[31m[ERROR] [1790604256.569057188, 24.618999999]: No path to next viewpoint[0m
[33m[WARN] [1790604256.569215183, 24.618999999]: Plan fail[0m
[33m[WARN] [1790604256.569443506, 24.618999999]: Pair opt 1 & 2[0m
[31m[ERROR] [1790604256.580349915, 24.628000000]: No path to next viewpoint[0m
[33m[WARN] [1790604256.580613630, 24.628000000]: Plan fail[0m
[31m[ERROR] [1790604256.602883634, 24.646000000]: No path to next viewpoint[0m
[33m[WARN] [1790604256.603189287, 24.646000000]: Plan fail[0m
[31m[ERROR] [1790604256.617463379, 24.664000000]: No path to next viewpoint[0m
[33m[WARN] [1790604256.617711878, 24.664000000]: Plan fail[0m
[33m[WARN] [1790604256.629355530, 24.682999999]: Drone 1 send opt request to 2, pair opt t: 0.064000, allocate t: 0.054000[0m
[31m[ERROR] [1790604256.632649926, 24.682999999]: No path to next viewpoint[0m
[33m[WARN] [1790604256.632871496, 24.682999999]: Plan fail[0m
[33m[WARN] [1790604256.636029949, 24.682999999]: Reject frequent attempt[0m
[31m[ERROR] [1790604256.651153382, 24.701000000]: No path to next viewpoint[0m
[33m[WARN] [1790604256.651365321, 24.701000000]: Plan fail[0m
[31m[ERROR] [1790604256.668469369, 24.719000000]: No path to next viewpoint[0m
[33m[WARN] [1790604256.668736878, 24.719000000]: Plan fail[0m
[31m[ERROR] [1790604256.671929390, 24.719000000]: No path to next viewpoint[0m
[33m[WARN] [1790604256.672122194, 24.719000000]: Plan fail[0m
[33m[WARN] [1790604256.672456612, 24.719000000]: Pair opt 1 & 2[0m
[31m[ERROR] [1790604256.682082089, 24.728000000]: No path to next viewpoint[0m
[33m[WARN] [1790604256.682224201, 24.728000000]: Plan fail[0m
[31m[ERROR] [1790604256.693637613, 24.737000000]: No path to next viewpoint[0m
[33m[WARN] [1790604256.693922381, 24.746999999]: Plan fail[0m
[31m[ERROR] [1790604256.708943971, 24.756000000]: No path to next viewpoint[0m
[33m[WARN] [1790604256.709245914, 24.756000000]: Plan fail[0m
[31m[ERROR] [1790604256.725740907, 24.774000000]: No path to next viewpoint[0m
[33m[WARN] [1790604256.726040098, 24.774000000]: Plan fail[0m
[33m[WARN] [1790604256.733879349, 24.783000000]: Drone 1 send opt request to 2, pair opt t: 0.064000, allocate t: 0.064000[0m
[31m[ERROR] [1790604256.739943838, 24.792000000]: No path to next viewpoint[0m
[33m[WARN] [1790604256.740182583, 24.792000000]: Plan fail[0m
[31m[ERROR] [1790604256.752993943, 24.801999999]: No path to next viewpoint[0m
[33m[WARN] [1790604256.753269748, 24.801999999]: Plan fail[0m
[31m[ERROR] [1790604256.777184366, 24.820000000]: No path to next viewpoint[0m
[33m[WARN] [1790604256.777435116, 24.820000000]: Plan fail[0m
[31m[ERROR] [1790604256.783792585, 24.829000000]: No path to next viewpoint[0m
[33m[WARN] [1790604256.783991768, 24.829000000]: Plan fail[0m
[33m[WARN] [1790604256.784184156, 24.829000000]: Pair opt 1 & 2[0m
[31m[ERROR] [1790604256.798938946, 24.847000000]: No path to next viewpoint[0m
[33m[WARN] [1790604256.799193907, 24.847000000]: Plan fail[0m
[31m[ERROR] [1790604256.813810670, 24.856000000]: No path to next viewpoint[0m
[33m[WARN] [1790604256.814094353, 24.856000000]: Plan fail[0m
[31m[ERROR] [1790604256.831343974, 24.875000000]: No path to next viewpoint[0m
[33m[WARN] [1790604256.831639622, 24.875000000]: Plan fail[0m
[33m[WARN] [1790604256.834369736, 24.875000000]: Drone 1 send opt request to 2, pair opt t: 0.046000, allocate t: 0.046000[0m
[31m[ERROR] [1790604256.846274019, 24.893000000]: No path to next viewpoint[0m
[33m[WARN] [1790604256.846550115, 24.893000000]: Plan fail[0m
[33m[WARN] [1790604256.846821292, 24.893000000]: Reject frequent attempt[0m
[31m[ERROR] [1790604256.858759967, 24.902000000]: No path to next viewpoint[0m
[33m[WARN] [1790604256.859067079, 24.902000000]: Plan fail[0m
[31m[ERROR] [1790604256.879461437, 24.920000000]: No path to next viewpoint[0m
[33m[WARN] [1790604256.879790894, 24.920000000]: Plan fail[0m
[31m[ERROR] [1790604256.880751290, 24.920000000]: No path to next viewpoint[0m
[33m[WARN] [1790604256.881231947, 24.920000000]: Plan fail[0m
[33m[WARN] [1790604256.884150989, 24.929999999]: get response 2[0m
[31m[ERROR] [1790604256.894456931, 24.939000000]: No path to next viewpoint[0m
[33m[WARN] [1790604256.894703596, 24.939000000]: Plan fail[0m
[31m[ERROR] [1790604256.909449049, 24.948000000]: No path to next viewpoint[0m
[33m[WARN] [1790604256.909680373, 24.948000000]: Plan fail[0m
[31m[ERROR] [1790604256.927149269, 24.966000000]: No path to next viewpoint[0m
[33m[WARN] [1790604256.927601787, 24.966000000]: Plan fail[0m
[33m[WARN] [1790604256.927863335, 24.966000000]: Pair opt 1 & 2[0m
[31m[ERROR] [1790604256.929326274, 24.966000000]: No path to next viewpoint[0m
[33m[WARN] [1790604256.929584153, 24.966000000]: Plan fail[0m
[31m[ERROR] [1790604256.959347485, 24.993999999]: No path to next viewpoint[0m
[33m[WARN] [1790604256.959717879, 24.993999999]: Plan fail[0m
[31m[ERROR] [1790604256.983526152, 25.021000000]: No path to next viewpoint[0m
[33m[WARN] [1790604256.984229379, 25.021000000]: Plan fail[0m
[33m[WARN] [1790604256.992402213, 25.021000000]: Drone 1 send opt request to 2, pair opt t: 0.055000, allocate t: 0.055000[0m
[31m[ERROR] [1790604257.002716868, 25.030000000]: No path to next viewpoint[0m
[33m[WARN] [1790604257.002910589, 25.030000000]: Plan fail[0m
[31m[ERROR] [1790604257.020992251, 25.048999999]: No path to next viewpoint[0m
[33m[WARN] [1790604257.021190642, 25.048999999]: Plan fail[0m
[31m[ERROR] [1790604257.037626689, 25.067000000]: No path to next viewpoint[0m
[33m[WARN] [1790604257.037853969, 25.067000000]: Plan fail[0m
[31m[ERROR] [1790604257.040110639, 25.067000000]: No path to next viewpoint[0m
[33m[WARN] [1790604257.040389194, 25.067000000]: Plan fail[0m
[33m[WARN] [1790604257.043318408, 25.067000000]: Pair opt 1 & 2[0m
[31m[ERROR] [1790604257.057213644, 25.085000000]: No path to next viewpoint[0m
[33m[WARN] [1790604257.057471273, 25.085000000]: Plan fail[0m
[31m[ERROR] [1790604257.072347957, 25.094000000]: No path to next viewpoint[0m
[33m[WARN] [1790604257.072667409, 25.094000000]: Plan fail[0m
[31m[ERROR] [1790604257.086599080, 25.103000000]: No path to next viewpoint[0m
[33m[WARN] [1790604257.086821566, 25.103000000]: Plan fail[0m
[33m[WARN] [1790604257.102072104, 25.121999999]: Drone 1 send opt request to 2, pair opt t: 0.055000, allocate t: 0.046000[0m
[31m[ERROR] [1790604257.103636302, 25.121999999]: No path to next viewpoint[0m
[33m[WARN] [1790604257.103899059, 25.121999999]: Plan fail[0m
[33m[WARN] [1790604257.104492272, 25.121999999]: Reject frequent attempt[0m
[31m[ERROR] [1790604257.120228052, 25.131000000]: No path to next viewpoint[0m
[33m[WARN] [1790604257.120635631, 25.131000000]: Plan fail[0m
[31m[ERROR] [1790604257.138383500, 25.158000000]: No path to next viewpoint[0m
[33m[WARN] [1790604257.138569218, 25.158000000]: Plan fail[0m
[31m[ERROR] [1790604257.150236174, 25.167000000]: No path to next viewpoint[0m
[33m[WARN] [1790604257.150435815, 25.167000000]: Plan fail[0m
[33m[WARN] [1790604257.150731004, 25.167000000]: Pair opt 1 & 2[0m
[31m[ERROR] [1790604257.155072758, 25.176999999]: No path to next viewpoint[0m
[33m[WARN] [1790604257.155471790, 25.176999999]: Plan fail[0m
[31m[ERROR] [1790604257.170151460, 25.185999999]: No path to next viewpoint[0m
[33m[WARN] [1790604257.170464491, 25.185999999]: Plan fail[0m
[31m[ERROR] [1790604257.185204524, 25.204000000]: No path to next viewpoint[0m
[33m[WARN] [1790604257.185512386, 25.204000000]: Plan fail[0m
[31m[ERROR] [1790604257.211069992, 25.222000000]: No path to next viewpoint[0m
[33m[WARN] [1790604257.211254001, 25.222000000]: Plan fail[0m
[33m[WARN] [1790604257.223898320, 25.240999999]: Drone 1 send opt request to 2, pair opt t: 0.074000, allocate t: 0.064000[0m
[31m[ERROR] [1790604257.231707806, 25.250000000]: No path to next viewpoint[0m
[33m[WARN] [1790604257.231977941, 25.250000000]: Plan fail[0m
[31m[ERROR] [1790604257.245282131, 25.259000000]: No path to next viewpoint[0m
[33m[WARN] [1790604257.245507786, 25.259000000]: Plan fail[0m
[31m[ERROR] [1790604257.260441207, 25.277000000]: No path to next viewpoint[0m
[33m[WARN] [1790604257.260739731, 25.277000000]: Plan fail[0m
[31m[ERROR] [1790604257.268513616, 25.286000000]: No path to next viewpoint[0m
[33m[WARN] [1790604257.268846783, 25.286000000]: Plan fail[0m
[33m[WARN] [1790604257.272441538, 25.286000000]: Pair opt 1 & 2[0m
[31m[ERROR] [1790604257.283544128, 25.295000000]: No path to next viewpoint[0m
[33m[WARN] [1790604257.283947079, 25.295000000]: Plan fail[0m
[31m[ERROR] [1790604257.298462292, 25.314000000]: No path to next viewpoint[0m
[33m[WARN] [1790604257.298922605, 25.314000000]: Plan fail[0m
[31m[ERROR] [1790604257.316106484, 25.332000000]: No path to next viewpoint[0m
[33m[WARN] [1790604257.316381413, 25.332000000]: Plan fail[0m
[33m[WARN] [1790604257.330071630, 25.350000000]: Drone 1 send opt request to 2, pair opt t: 0.064000, allocate t: 0.055000[0m
[31m[ERROR] [1790604257.334152544, 25.350000000]: No path to next viewpoint[0m
[33m[WARN] [1790604257.334343098, 25.350000000]: Plan fail[0m
[33m[WARN] [1790604257.334562875, 25.350000000]: Reject frequent attempt[0m
[31m[ERROR] [1790604257.349045696, 25.359000000]: No path to next viewpoint[0m
[33m[WARN] [1790604257.349884907, 25.368999999]: Plan fail[0m
[31m[ERROR] [1790604257.366392823, 25.378000000]: No path to next viewpoint[0m
[33m[WARN] [1790604257.366787312, 25.378000000]: Plan fail[0m
[31m[ERROR] [1790604257.372782600, 25.387000000]: No path to next viewpoint[0m
[33m[WARN] [1790604257.373028264, 25.387000000]: Plan fail[0m
[33m[WARN] [1790604257.373541521, 25.387000000]: Pair opt 1 & 2[0m
[31m[ERROR] [1790604257.382688926, 25.396000000]: No path to next viewpoint[0m
[33m[WARN] [1790604257.382996663, 25.396000000]: Plan fail[0m
[31m[ERROR] [1790604257.406138728, 25.414000000]: No path to next viewpoint[0m
[33m[WARN] [1790604257.406429665, 25.414000000]: Plan fail[0m
[31m[ERROR] [1790604257.427537422, 25.432999999]: No path to next viewpoint[0m
[33m[WARN] [1790604257.427789048, 25.432999999]: Plan fail[0m
[33m[WARN] [1790604257.437887469, 25.451000000]: Drone 1 send opt request to 2, pair opt t: 0.064000, allocate t: 0.055000[0m
[31m[ERROR] [1790604257.445939327, 25.460000000]: No path to next viewpoint[0m
[33m[WARN] [1790604257.446248231, 25.460000000]: Plan fail[0m
[31m[ERROR] [1790604257.460464502, 25.469000000]: No path to next viewpoint[0m
[33m[WARN] [1790604257.460804881, 25.469000000]: Plan fail[0m
[31m[ERROR] [1790604257.479761521, 25.487999999]: No path to next viewpoint[0m
[33m[WARN] [1790604257.480136458, 25.487999999]: Plan fail[0m
[31m[ERROR] [1790604257.481890502, 25.487999999]: No path to next viewpoint[0m
[33m[WARN] [1790604257.482144295, 25.487999999]: Plan fail[0m
[33m[WARN] [1790604257.485826427, 25.496999999]: Pair opt 1 & 2[0m
[31m[ERROR] [1790604257.494678768, 25.506000000]: No path to next viewpoint[0m
[33m[WARN] [1790604257.494963910, 25.506000000]: Plan fail[0m
[31m[ERROR] [1790604257.509791987, 25.515000000]: No path to next viewpoint[0m
[33m[WARN] [1790604257.510087426, 25.524000000]: Plan fail[0m
[31m[ERROR] [1790604257.525428718, 25.533000000]: No path to next viewpoint[0m
[33m[WARN] [1790604257.525921756, 25.533000000]: Plan fail[0m
[31m[ERROR] [1790604257.540831708, 25.551999999]: No path to next viewpoint[0m
[33m[WARN] [1790604257.541006753, 25.551999999]: Plan fail[0m
[31m[ERROR] [1790604257.548932006, 25.561000000]: Larger cost after reallocation[0m
[33m[WARN] [1790604257.550884273, 25.561000000]: get response 1[0m
[31m[ERROR] [1790604257.557005874, 25.570000000]: No path to next viewpoint[0m
[33m[WARN] [1790604257.557418664, 25.570000000]: Plan fail[0m
[31m[ERROR] [1790604257.575794180, 25.588000000]: No path to next viewpoint[0m
[33m[WARN] [1790604257.576121635, 25.588000000]: Plan fail[0m
[31m[ERROR] [1790604257.589991609, 25.597000000]: No path to next viewpoint[0m
[33m[WARN] [1790604257.590403106, 25.597000000]: Plan fail[0m
[31m[ERROR] [1790604257.600981976, 25.606000000]: No path to next viewpoint[0m
[33m[WARN] [1790604257.601266035, 25.606000000]: Plan fail[0m
[31m[ERROR] [1790604257.620170232, 25.625000000]: No path to next viewpoint[0m
[33m[WARN] [1790604257.620341734, 25.625000000]: Plan fail[0m
[31m[ERROR] [1790604257.635808839, 25.634000000]: No path to next viewpoint[0m
[33m[WARN] [1790604257.636020820, 25.634000000]: Plan fail[0m
[31m[ERROR] [1790604257.657107608, 25.652000000]: No path to next viewpoint[0m
[33m[WARN] [1790604257.657345644, 25.652000000]: Plan fail[0m
[31m[ERROR] [1790604257.663440690, 25.661000000]: No path to next viewpoint[0m
[33m[WARN] [1790604257.663709407, 25.661000000]: Plan fail[0m
[31m[ERROR] [1790604257.673059955, 25.670000000]: No path to next viewpoint[0m
[33m[WARN] [1790604257.673459613, 25.670000000]: Plan fail[0m
[31m[ERROR] [1790604257.695514385, 25.689000000]: No path to next viewpoint[0m
[33m[WARN] [1790604257.695787980, 25.689000000]: Plan fail[0m
[31m[ERROR] [1790604257.716065156, 25.707000000]: No path to next viewpoint[0m
[33m[WARN] [1790604257.716688675, 25.707000000]: Plan fail[0m
[31m[ERROR] [1790604257.734996617, 25.725000000]: No path to next viewpoint[0m
[33m[WARN] [1790604257.735165659, 25.725000000]: Plan fail[0m
[31m[ERROR] [1790604257.735692381, 25.725000000]: No path to next viewpoint[0m
[33m[WARN] [1790604257.737336328, 25.725000000]: Plan fail[0m
[31m[ERROR] [1790604257.749224560, 25.734000000]: No path to next viewpoint[0m
[33m[WARN] [1790604257.749605084, 25.734000000]: Plan fail[0m
[31m[ERROR] [1790604257.768405396, 25.753000000]: No path to next viewpoint[0m
[33m[WARN] [1790604257.768589113, 25.753000000]: Plan fail[0m
[31m[ERROR] [1790604257.783111996, 25.762000000]: No path to next viewpoint[0m
[33m[WARN] [1790604257.783285582, 25.762000000]: Plan fail[0m
[31m[ERROR] [1790604257.802010190, 25.780000000]: No path to next viewpoint[0m
[33m[WARN] [1790604257.802339730, 25.780000000]: Plan fail[0m
[31m[ERROR] [1790604257.802991514, 25.780000000]: No path to next viewpoint[0m
[33m[WARN] [1790604257.803197492, 25.780000000]: Plan fail[0m
[31m[ERROR] [1790604257.819451406, 25.798000000]: No path to next viewpoint[0m
[33m[WARN] [1790604257.819671933, 25.798000000]: Plan fail[0m
[31m[ERROR] [1790604257.833985628, 25.807999999]: No path to next viewpoint[0m
[33m[WARN] [1790604257.834373822, 25.807999999]: Plan fail[0m
[31m[ERROR] [1790604257.861580460, 25.827000000]: No path to next viewpoint[0m
[33m[WARN] [1790604257.861803822, 25.827000000]: Plan fail[0m
[31m[ERROR] [1790604257.861888281, 25.827000000]: No path to next viewpoint[0m
[33m[WARN] [1790604257.862437055, 25.827000000]: Plan fail[0m
[31m[ERROR] [1790604257.883960145, 25.846000000]: No path to next viewpoint[0m
[33m[WARN] [1790604257.884255000, 25.846000000]: Plan fail[0m
[31m[ERROR] [1790604257.897861675, 25.864000000]: No path to next viewpoint[0m
[33m[WARN] [1790604257.898500119, 25.864000000]: Plan fail[0m
[31m[ERROR] [1790604257.914395104, 25.882000000]: No path to next viewpoint[0m
[31m[ERROR] [1790604257.914454843, 25.882000000]: No path to next viewpoint[0m
[33m[WARN] [1790604257.914617799, 25.882000000]: Plan fail[0m
[33m[WARN] [1790604257.914913072, 25.882000000]: Plan fail[0m
[31m[ERROR] [1790604257.933047759, 25.891999999]: No path to next viewpoint[0m
[33m[WARN] [1790604257.933497484, 25.900999999]: Plan fail[0m
[31m[ERROR] [1790604257.952295253, 25.919000000]: No path to next viewpoint[0m
[33m[WARN] [1790604257.952618248, 25.919000000]: Plan fail[0m
[31m[ERROR] [1790604257.963700078, 25.928000000]: No path to next viewpoint[0m
[33m[WARN] [1790604257.963960708, 25.928000000]: Plan fail[0m
[31m[ERROR] [1790604257.969075931, 25.937000000]: No path to next viewpoint[0m
[33m[WARN] [1790604257.969344690, 25.937000000]: Plan fail[0m
[31m[ERROR] [1790604257.986449030, 25.946000000]: No path to next viewpoint[0m
[33m[WARN] [1790604257.986686524, 25.946000000]: Plan fail[0m
[31m[ERROR] [1790604258.001018936, 25.964999999]: No path to next viewpoint[0m
[33m[WARN] [1790604258.001263309, 25.964999999]: Plan fail[0m
[31m[ERROR] [1790604258.010252718, 25.974000000]: No path to next viewpoint[0m
[33m[WARN] [1790604258.010618317, 25.974000000]: Plan fail[0m
[31m[ERROR] [1790604258.014532607, 25.974000000]: No path to next viewpoint[0m
[33m[WARN] [1790604258.015204651, 25.983000000]: Plan fail[0m
[31m[ERROR] [1790604258.033619020, 26.001000000]: No path to next viewpoint[0m
[33m[WARN] [1790604258.033914751, 26.001000000]: Plan fail[0m
[31m[ERROR] [1790604258.047294479, 26.010000000]: No path to next viewpoint[0m
[33m[WARN] [1790604258.048025386, 26.010000000]: Plan fail[0m
[31m[ERROR] [1790604258.059354590, 26.019999999]: No path to next viewpoint[0m
[33m[WARN] [1790604258.059742450, 26.019999999]: Plan fail[0m
[31m[ERROR] [1790604258.069079116, 26.028999999]: No path to next viewpoint[0m
[33m[WARN] [1790604258.069766918, 26.028999999]: Plan fail[0m
[31m[ERROR] [1790604258.089011702, 26.056000000]: No path to next viewpoint[0m
[33m[WARN] [1790604258.089304849, 26.056000000]: Plan fail[0m
[31m[ERROR] [1790604258.104129841, 26.065000000]: No path to next viewpoint[0m
[33m[WARN] [1790604258.104377381, 26.065000000]: Plan fail[0m
[33m[WARN] [1790604258.104672404, 26.074000000]: Pair opt 1 & 2[0m
[31m[ERROR] [1790604258.104711048, 26.074000000]: No path to next viewpoint[0m
[33m[WARN] [1790604258.105021453, 26.074000000]: Plan fail[0m
[31m[ERROR] [1790604258.120788666, 26.083999999]: No path to next viewpoint[0m
[33m[WARN] [1790604258.120926318, 26.083999999]: Plan fail[0m
[31m[ERROR] [1790604258.137129291, 26.102000000]: No path to next viewpoint[0m
[33m[WARN] [1790604258.137363575, 26.102000000]: Plan fail[0m
[31m[ERROR] [1790604258.153395212, 26.120000000]: No path to next viewpoint[0m
[33m[WARN] [1790604258.153693736, 26.120000000]: Plan fail[0m
[33m[WARN] [1790604258.161437397, 26.129000000]: Drone 1 send opt request to 2, pair opt t: 0.055000, allocate t: 0.055000[0m
[31m[ERROR] [1790604258.168757264, 26.129000000]: No path to next viewpoint[0m
[33m[WARN] [1790604258.169047992, 26.129000000]: Plan fail[0m
[31m[ERROR] [1790604258.185540776, 26.147999999]: No path to next viewpoint[0m
[33m[WARN] [1790604258.185757593, 26.147999999]: Plan fail[0m
[31m[ERROR] [1790604258.201733118, 26.166000000]: No path to next viewpoint[0m
[33m[WARN] [1790604258.202036270, 26.166000000]: Plan fail[0m
[31m[ERROR] [1790604258.205510089, 26.166000000]: No path to next viewpoint[0m
[33m[WARN] [1790604258.205804320, 26.166000000]: Plan fail[0m
[33m[WARN] [1790604258.206491121, 26.166000000]: get response 1[0m
[31m[ERROR] [1790604258.216600548, 26.175000000]: No path to next viewpoint[0m
[33m[WARN] [1790604258.216878229, 26.184000000]: Plan fail[0m
[31m[ERROR] [1790604258.234570279, 26.193000000]: No path to next viewpoint[0m
[33m[WARN] [1790604258.234930834, 26.193000000]: Plan fail[0m
[31m[ERROR] [1790604258.258588365, 26.221000000]: No path to next viewpoint[0m
[33m[WARN] [1790604258.259266412, 26.221000000]: Plan fail[0m
[31m[ERROR] [1790604258.260667321, 26.221000000]: No path to next viewpoint[0m
[33m[WARN] [1790604258.261112918, 26.221000000]: Plan fail[0m
[31m[ERROR] [1790604258.285586107, 26.248000000]: No path to next viewpoint[0m
[33m[WARN] [1790604258.285892427, 26.248000000]: Plan fail[0m
[31m[ERROR] [1790604258.307643089, 26.266999999]: No path to next viewpoint[0m
[33m[WARN] [1790604258.308078390, 26.266999999]: Plan fail[0m
[31m[ERROR] [1790604258.311012481, 26.266999999]: No path to next viewpoint[0m
[33m[WARN] [1790604258.311408137, 26.266999999]: Plan fail[0m
[31m[ERROR] [1790604258.322690400, 26.285000000]: No path to next viewpoint[0m
[33m[WARN] [1790604258.322922433, 26.285000000]: Plan fail[0m
[31m[ERROR] [1790604258.342610230, 26.303000000]: No path to next viewpoint[0m
[33m[WARN] [1790604258.342963073, 26.303000000]: Plan fail[0m
[31m[ERROR] [1790604258.357837924, 26.312000000]: No path to next viewpoint[0m
[33m[WARN] [1790604258.358240583, 26.312000000]: Plan fail[0m
[31m[ERROR] [1790604258.361297069, 26.321000000]: No path to next viewpoint[0m
[33m[WARN] [1790604258.361580711, 26.321000000]: Plan fail[0m
[31m[ERROR] [1790604258.372895949, 26.330999999]: No path to next viewpoint[0m
[33m[WARN] [1790604258.373169794, 26.330999999]: Plan fail[0m
[31m[ERROR] [1790604258.390107592, 26.349000000]: No path to next viewpoint[0m
[33m[WARN] [1790604258.390353048, 26.349000000]: Plan fail[0m
[31m[ERROR] [1790604258.404123180, 26.367000000]: No path to next viewpoint[0m
[33m[WARN] [1790604258.404328657, 26.367000000]: Plan fail[0m
[31m[ERROR] [1790604258.405873096, 26.367000000]: No path to next viewpoint[0m
[33m[WARN] [1790604258.406128849, 26.367000000]: Plan fail[0m
[31m[ERROR] [1790604258.419847788, 26.376000000]: No path to next viewpoint[0m
[33m[WARN] [1790604258.420143227, 26.376000000]: Plan fail[0m
[31m[ERROR] [1790604258.436209298, 26.394999999]: No path to next viewpoint[0m
[33m[WARN] [1790604258.436504320, 26.394999999]: Plan fail[0m
[31m[ERROR] [1790604258.446836401, 26.403999999]: No path to next viewpoint[0m
[33m[WARN] [1790604258.447275620, 26.403999999]: Plan fail[0m
[31m[ERROR] [1790604258.457224926, 26.413000000]: No path to next viewpoint[0m
[33m[WARN] [1790604258.457524117, 26.413000000]: Plan fail[0m
[31m[ERROR] [1790604258.480244388, 26.440000000]: No path to next viewpoint[0m
[33m[WARN] [1790604258.480455452, 26.440000000]: Plan fail[0m
[31m[ERROR] [1790604258.491572132, 26.449000000]: No path to next viewpoint[0m
[33m[WARN] [1790604258.491869948, 26.449000000]: Plan fail[0m
[31m[ERROR] [1790604258.498025566, 26.458999999]: No path to next viewpoint[0m
[33m[WARN] [1790604258.498315752, 26.458999999]: Plan fail[0m
[31m[ERROR] [1790604258.513940811, 26.468000000]: No path to next viewpoint[0m
[33m[WARN] [1790604258.514076212, 26.468000000]: Plan fail[0m
[31m[ERROR] [1790604258.530086505, 26.486000000]: No path to next viewpoint[0m
[33m[WARN] [1790604258.530719196, 26.486000000]: Plan fail[0m
[31m[ERROR] [1790604258.546970067, 26.504000000]: No path to next viewpoint[0m
[33m[WARN] [1790604258.547318075, 26.504000000]: Plan fail[0m
[31m[ERROR] [1790604258.551367473, 26.504000000]: No path to next viewpoint[0m
[33m[WARN] [1790604258.552279346, 26.504000000]: Plan fail[0m
[31m[ERROR] [1790604258.570032385, 26.522999999]: No path to next viewpoint[0m
[33m[WARN] [1790604258.570196008, 26.522999999]: Plan fail[0m
[31m[ERROR] [1790604258.586365005, 26.541000000]: No path to next viewpoint[0m
[33m[WARN] [1790604258.586538675, 26.541000000]: Plan fail[0m
[31m[ERROR] [1790604258.600160441, 26.550000000]: No path to next viewpoint[0m
[33m[WARN] [1790604258.600535170, 26.550000000]: Plan fail[0m
[31m[ERROR] [1790604258.603304054, 26.559000000]: No path to next viewpoint[0m
[33m[WARN] [1790604258.603601244, 26.559000000]: Plan fail[0m
[31m[ERROR] [1790604258.619794545, 26.577000000]: No path to next viewpoint[0m
[33m[WARN] [1790604258.620052799, 26.577000000]: Plan fail[0m
[31m[ERROR] [1790604258.632196576, 26.586999999]: No path to next viewpoint[0m
[33m[WARN] [1790604258.632488222, 26.586999999]: Plan fail[0m
[31m[ERROR] [1790604258.643721127, 26.596000000]: No path to next viewpoint[0m
[33m[WARN] [1790604258.643938903, 26.596000000]: Plan fail[0m
[31m[ERROR] [1790604258.644894505, 26.596000000]: No path to next viewpoint[0m
[33m[WARN] [1790604258.645133541, 26.596000000]: Plan fail[0m
[31m[ERROR] [1790604258.656703282, 26.605000000]: No path to next viewpoint[0m
[33m[WARN] [1790604258.656822508, 26.605000000]: Plan fail[0m
[31m[ERROR] [1790604258.670528733, 26.623000000]: No path to next viewpoint[0m
[33m[WARN] [1790604258.670681434, 26.623000000]: Plan fail[0m
[31m[ERROR] [1790604258.684256802, 26.623000000]: No path to next viewpoint[0m
[33m[WARN] [1790604258.684540277, 26.623000000]: Plan fail[0m
[31m[ERROR] [1790604258.698038814, 26.643000000]: No path to next viewpoint[0m
[33m[WARN] [1790604258.698381777, 26.643000000]: Plan fail[0m
[31m[ERROR] [1790604258.700962275, 26.643000000]: No path to next viewpoint[0m
[33m[WARN] [1790604258.701240331, 26.643000000]: Plan fail[0m
[31m[ERROR] [1790604258.718146238, 26.661000000]: No path to next viewpoint[0m
[33m[WARN] [1790604258.718340210, 26.661000000]: Plan fail[0m
[31m[ERROR] [1790604258.731385146, 26.679999999]: No path to next viewpoint[0m
[33m[WARN] [1790604258.731707432, 26.679999999]: Plan fail[0m
[31m[ERROR] [1790604258.744630765, 26.689000000]: No path to next viewpoint[0m
[33m[WARN] [1790604258.744990403, 26.689000000]: Plan fail[0m
[33m[WARN] [1790604258.745267583, 26.689000000]: Pair opt 1 & 2[0m
[31m[ERROR] [1790604258.746372636, 26.689000000]: No path to next viewpoint[0m
[33m[WARN] [1790604258.746600416, 26.689000000]: Plan fail[0m
[31m[ERROR] [1790604258.763201129, 26.707000000]: No path to next viewpoint[0m
[33m[WARN] [1790604258.763411609, 26.707000000]: Plan fail[0m
[31m[ERROR] [1790604258.776698458, 26.716000000]: No path to next viewpoint[0m
[33m[WARN] [1790604258.777038544, 26.716000000]: Plan fail[0m
[31m[ERROR] [1790604258.793114161, 26.734000000]: No path to next viewpoint[0m
[33m[WARN] [1790604258.793367663, 26.734000000]: Plan fail[0m
[33m[WARN] [1790604258.797322181, 26.743999999]: Drone 1 send opt request to 2, pair opt t: 0.055000, allocate t: 0.045000[0m
[31m[ERROR] [1790604258.811312464, 26.753000000]: No path to next viewpoint[0m
[33m[WARN] [1790604258.811471919, 26.753000000]: Plan fail[0m
[31m[ERROR] [1790604258.824529111, 26.762000000]: No path to next viewpoint[0m
[33m[WARN] [1790604258.824908301, 26.771000000]: Plan fail[0m
[31m[ERROR] [1790604258.837617819, 26.780000000]: No path to next viewpoint[0m
[33m[WARN] [1790604258.837807414, 26.780000000]: Plan fail[0m
[31m[ERROR] [1790604258.842340221, 26.780000000]: No path to next viewpoint[0m
[33m[WARN] [1790604258.842677639, 26.780000000]: Plan fail[0m
[33m[WARN] [1790604258.843007637, 26.780000000]: get response 1[0m
[31m[ERROR] [1790604258.856673925, 26.798000000]: No path to next viewpoint[0m
[33m[WARN] [1790604258.856888783, 26.798000000]: Plan fail[0m
[31m[ERROR] [1790604258.872305946, 26.807999999]: No path to next viewpoint[0m
[33m[WARN] [1790604258.872454562, 26.807999999]: Plan fail[0m
[31m[ERROR] [1790604258.887138400, 26.826000000]: No path to next viewpoint[0m
[33m[WARN] [1790604258.887292852, 26.826000000]: Plan fail[0m
[31m[ERROR] [1790604258.901810858, 26.835000000]: No path to next viewpoint[0m
[31m[ERROR] [1790604258.901900694, 26.835000000]: No path to next viewpoint[0m
[33m[WARN] [1790604258.902147609, 26.835000000]: Plan fail[0m
[33m[WARN] [1790604258.901976524, 26.835000000]: Plan fail[0m
[31m[ERROR] [1790604258.920483064, 26.853000000]: No path to next viewpoint[0m
[33m[WARN] [1790604258.920736149, 26.853000000]: Plan fail[0m
[31m[ERROR] [1790604258.936966218, 26.871999999]: No path to next viewpoint[0m
[33m[WARN] [1790604258.937163442, 26.871999999]: Plan fail[0m
[31m[ERROR] [1790604258.948635467, 26.881000000]: No path to next viewpoint[0m
[33m[WARN] [1790604258.948872002, 26.881000000]: Plan fail[0m
[31m[ERROR] [1790604258.952466173, 26.881000000]: No path to next viewpoint[0m
[33m[WARN] [1790604258.952819182, 26.881000000]: Plan fail[0m
[31m[ERROR] [1790604258.967127666, 26.899000000]: No path to next viewpoint[0m
[33m[WARN] [1790604258.967321347, 26.899000000]: Plan fail[0m
[31m[ERROR] [1790604258.980010938, 26.917000000]: No path to next viewpoint[0m
[33m[WARN] [1790604258.980481132, 26.917000000]: Plan fail[0m
[31m[ERROR] [1790604258.993875450, 26.926999999]: No path to next viewpoint[0m
[33m[WARN] [1790604258.994051997, 26.926999999]: Plan fail[0m
[31m[ERROR] [1790604258.996864152, 26.926999999]: No path to next viewpoint[0m
[33m[WARN] [1790604258.997129368, 26.926999999]: Plan fail[0m
[31m[ERROR] [1790604259.015001508, 26.945000000]: No path to next viewpoint[0m
[33m[WARN] [1790604259.016004218, 26.945000000]: Plan fail[0m
[31m[ERROR] [1790604259.029563410, 26.963000000]: No path to next viewpoint[0m
[33m[WARN] [1790604259.029823040, 26.963000000]: Plan fail[0m
[31m[ERROR] [1790604259.036684678, 26.963000000]: No path to next viewpoint[0m
[33m[WARN] [1790604259.036989497, 26.963000000]: Plan fail[0m
[31m[ERROR] [1790604259.043772720, 26.972000000]: No path to next viewpoint[0m
[33m[WARN] [1790604259.044195681, 26.972000000]: Plan fail[0m
[31m[ERROR] [1790604259.061565695, 26.990999999]: No path to next viewpoint[0m
[33m[WARN] [1790604259.061762335, 26.990999999]: Plan fail[0m
[31m[ERROR] [1790604259.077671661, 27.009000000]: No path to next viewpoint[0m
[33m[WARN] [1790604259.078020877, 27.009000000]: Plan fail[0m
[31m[ERROR] [1790604259.081460888, 27.009000000]: No path to next viewpoint[0m
[33m[WARN] [1790604259.081778505, 27.009000000]: Plan fail[0m
[31m[ERROR] [1790604259.104702503, 27.027000000]: No path to next viewpoint[0m
[33m[WARN] [1790604259.105517744, 27.027000000]: Plan fail[0m
[31m[ERROR] [1790604259.125613120, 27.054999999]: No path to next viewpoint[0m
[33m[WARN] [1790604259.125849488, 27.054999999]: Plan fail[0m
[31m[ERROR] [1790604259.131070180, 27.054999999]: No path to next viewpoint[0m
[33m[WARN] [1790604259.131335563, 27.054999999]: Plan fail[0m
[31m[ERROR] [1790604259.145126705, 27.064000000]: No path to next viewpoint[0m
[33m[WARN] [1790604259.145412723, 27.064000000]: Plan fail[0m
[31m[ERROR] [1790604259.164620864, 27.091000000]: No path to next viewpoint[0m
[33m[WARN] [1790604259.164890624, 27.091000000]: Plan fail[0m
[31m[ERROR] [1790604259.184683432, 27.109000000]: No path to next viewpoint[0m
[33m[WARN] [1790604259.185097680, 27.109000000]: Plan fail[0m
[31m[ERROR] [1790604259.187107893, 27.109000000]: No path to next viewpoint[0m
[33m[WARN] [1790604259.187385782, 27.109000000]: Plan fail[0m
[31m[ERROR] [1790604259.204562116, 27.128000000]: No path to next viewpoint[0m
[33m[WARN] [1790604259.204841422, 27.128000000]: Plan fail[0m
[31m[ERROR] [1790604259.222637566, 27.146000000]: No path to next viewpoint[0m
[33m[WARN] [1790604259.222879395, 27.146000000]: Plan fail[0m
[31m[ERROR] [1790604259.227808525, 27.155000000]: No path to next viewpoint[0m
[33m[WARN] [1790604259.228225692, 27.155000000]: Plan fail[0m
[31m[ERROR] [1790604259.238527715, 27.164000000]: No path to next viewpoint[0m
[33m[WARN] [1790604259.238820779, 27.164000000]: Plan fail[0m
[31m[ERROR] [1790604259.252843245, 27.173999999]: No path to next viewpoint[0m
[33m[WARN] [1790604259.252983398, 27.173999999]: Plan fail[0m
[31m[ERROR] [1790604259.268827066, 27.192000000]: No path to next viewpoint[0m
[33m[WARN] [1790604259.269287296, 27.192000000]: Plan fail[0m
[31m[ERROR] [1790604259.271381676, 27.192000000]: No path to next viewpoint[0m
[33m[WARN] [1790604259.271647892, 27.192000000]: Plan fail[0m
[31m[ERROR] [1790604259.285022493, 27.210000000]: No path to next viewpoint[0m
[33m[WARN] [1790604259.285385799, 27.210000000]: Plan fail[0m
[31m[ERROR] [1790604259.297714961, 27.210000000]: No path to next viewpoint[0m
[33m[WARN] [1790604259.297834271, 27.210000000]: Plan fail[0m
[31m[ERROR] [1790604259.316714081, 27.228000000]: No path to next viewpoint[0m
[33m[WARN] [1790604259.316885208, 27.228000000]: Plan fail[0m
[31m[ERROR] [1790604259.330036697, 27.246999999]: No path to next viewpoint[0m
[33m[WARN] [1790604259.330301288, 27.246999999]: Plan fail[0m
[31m[ERROR] [1790604259.333032152, 27.246999999]: No path to next viewpoint[0m
[33m[WARN] [1790604259.333331802, 27.246999999]: Plan fail[0m
[31m[ERROR] [1790604259.347047532, 27.265000000]: No path to next viewpoint[0m
[33m[WARN] [1790604259.347350475, 27.265000000]: Plan fail[0m
[31m[ERROR] [1790604259.360008926, 27.274000000]: No path to next viewpoint[0m
[33m[WARN] [1790604259.360194977, 27.274000000]: Plan fail[0m
[31m[ERROR] [1790604259.379024887, 27.292000000]: No path to next viewpoint[0m
[33m[WARN] [1790604259.379273803, 27.292000000]: Plan fail[0m
[33m[WARN] [1790604259.379532891, 27.292000000]: Pair opt 1 & 2[0m
[31m[ERROR] [1790604259.379546690, 27.292000000]: No path to next viewpoint[0m
[33m[WARN] [1790604259.380256545, 27.292000000]: Plan fail[0m
[31m[ERROR] [1790604259.393623391, 27.310999999]: No path to next viewpoint[0m
[33m[WARN] [1790604259.393827827, 27.310999999]: Plan fail[0m
[31m[ERROR] [1790604259.406492823, 27.320000000]: No path to next viewpoint[0m
[33m[WARN] [1790604259.406720770, 27.320000000]: Plan fail[0m
[31m[ERROR] [1790604259.424081738, 27.338000000]: No path to next viewpoint[0m
[33m[WARN] [1790604259.424316105, 27.338000000]: Plan fail[0m
[31m[ERROR] [1790604259.439818436, 27.356000000]: No path to next viewpoint[0m
[33m[WARN] [1790604259.440044465, 27.356000000]: Plan fail[0m
[33m[WARN] [1790604259.445714632, 27.356000000]: Drone 1 send opt request to 2, pair opt t: 0.064000, allocate t: 0.064000[0m
[31m[ERROR] [1790604259.457044253, 27.365999999]: No path to next viewpoint[0m
[33m[WARN] [1790604259.457503982, 27.365999999]: Plan fail[0m
[31m[ERROR] [1790604259.472908014, 27.384000000]: No path to next viewpoint[0m
[33m[WARN] [1790604259.473382543, 27.384000000]: Plan fail[0m
[31m[ERROR] [1790604259.488356984, 27.402000000]: No path to next viewpoint[0m
[33m[WARN] [1790604259.488551332, 27.402000000]: Plan fail[0m
[33m[WARN] [1790604259.488789492, 27.402000000]: Pair opt 1 & 2[0m
[31m[ERROR] [1790604259.490828761, 27.402000000]: No path to next viewpoint[0m
[33m[WARN] [1790604259.491147045, 27.402000000]: Plan fail[0m
[31m[ERROR] [1790604259.514454860, 27.429999999]: No path to next viewpoint[0m
[33m[WARN] [1790604259.514933599, 27.429999999]: Plan fail[0m
[31m[ERROR] [1790604259.538697892, 27.448000000]: No path to next viewpoint[0m
[33m[WARN] [1790604259.538950519, 27.448000000]: Plan fail[0m
[31m[ERROR] [1790604259.559199763, 27.475000000]: No path to next viewpoint[0m
[33m[WARN] [1790604259.559435506, 27.475000000]: Plan fail[0m
[31m[ERROR] [1790604259.560826743, 27.475000000]: Larger cost after reallocation[0m
[33m[WARN] [1790604259.562542684, 27.475000000]: get response 1[0m
[31m[ERROR] [1790604259.575913616, 27.484000000]: No path to next viewpoint[0m
[33m[WARN] [1790604259.576303894, 27.484000000]: Plan fail[0m
[31m[ERROR] [1790604259.595793634, 27.503000000]: No path to next viewpoint[0m
[33m[WARN] [1790604259.596164695, 27.503000000]: Plan fail[0m
[31m[ERROR] [1790604259.602107165, 27.512000000]: No path to next viewpoint[0m
[33m[WARN] [1790604259.602425615, 27.512000000]: Plan fail[0m
[31m[ERROR] [1790604259.612293463, 27.521000000]: No path to next viewpoint[0m
[33m[WARN] [1790604259.612594030, 27.521000000]: Plan fail[0m
[31m[ERROR] [1790604259.626041793, 27.539000000]: No path to next viewpoint[0m
[33m[WARN] [1790604259.626163478, 27.539000000]: Plan fail[0m
[31m[ERROR] [1790604259.636993641, 27.548000000]: No path to next viewpoint[0m
[33m[WARN] [1790604259.637193324, 27.548000000]: Plan fail[0m
[31m[ERROR] [1790604259.649347481, 27.557999999]: No path to next viewpoint[0m
[33m[WARN] [1790604259.649707203, 27.557999999]: Plan fail[0m
[31m[ERROR] [1790604259.659118239, 27.567000000]: No path to next viewpoint[0m
[33m[WARN] [1790604259.659318089, 27.567000000]: Plan fail[0m
[31m[ERROR] [1790604259.662574133, 27.576000000]: No path to next viewpoint[0m
[33m[WARN] [1790604259.662717788, 27.576000000]: Plan fail[0m
[31m[ERROR] [1790604259.675780608, 27.585000000]: No path to next viewpoint[0m
[33m[WARN] [1790604259.676388954, 27.585000000]: Plan fail[0m
[31m[ERROR] [1790604259.699366728, 27.603000000]: No path to next viewpoint[0m
[33m[WARN] [1790604259.699756298, 27.603000000]: Plan fail[0m
[31m[ERROR] [1790604259.719584749, 27.621999999]: No path to next viewpoint[0m
[33m[WARN] [1790604259.721202599, 27.621999999]: Plan fail[0m
[31m[ERROR] [1790604259.719967982, 27.621999999]: No path to next viewpoint[0m
[33m[WARN] [1790604259.721553691, 27.621999999]: Plan fail[0m
[31m[ERROR] [1790604259.740265918, 27.640000000]: No path to next viewpoint[0m
[33m[WARN] [1790604259.740999868, 27.649000000]: Plan fail[0m
[31m[ERROR] [1790604259.756626386, 27.658000000]: No path to next viewpoint[0m
[33m[WARN] [1790604259.756856459, 27.658000000]: Plan fail[0m
[31m[ERROR] [1790604259.771161525, 27.676999999]: No path to next viewpoint[0m
[33m[WARN] [1790604259.771420029, 27.676999999]: Plan fail[0m
[31m[ERROR] [1790604259.772831609, 27.676999999]: No path to next viewpoint[0m
[33m[WARN] [1790604259.773052678, 27.676999999]: Plan fail[0m
[31m[ERROR] [1790604259.791123501, 27.695000000]: No path to next viewpoint[0m
[33m[WARN] [1790604259.791439784, 27.695000000]: Plan fail[0m
[31m[ERROR] [1790604259.806805254, 27.713000000]: No path to next viewpoint[0m
[33m[WARN] [1790604259.807121871, 27.713000000]: Plan fail[0m
[31m[ERROR] [1790604259.812449992, 27.713000000]: No path to next viewpoint[0m
[33m[WARN] [1790604259.812777405, 27.713000000]: Plan fail[0m
[31m[ERROR] [1790604259.823009394, 27.722000000]: No path to next viewpoint[0m
[33m[WARN] [1790604259.823389042, 27.722000000]: Plan fail[0m
[31m[ERROR] [1790604259.839742548, 27.740999999]: No path to next viewpoint[0m
[33m[WARN] [1790604259.840046325, 27.740999999]: Plan fail[0m
[31m[ERROR] [1790604259.852081631, 27.759000000]: No path to next viewpoint[0m
[33m[WARN] [1790604259.852361854, 27.759000000]: Plan fail[0m
[31m[ERROR] [1790604259.854718365, 27.759000000]: No path to next viewpoint[0m
[33m[WARN] [1790604259.854916590, 27.759000000]: Plan fail[0m
[31m[ERROR] [1790604259.871751670, 27.777000000]: No path to next viewpoint[0m
[33m[WARN] [1790604259.871980159, 27.777000000]: Plan fail[0m
[31m[ERROR] [1790604259.889351590, 27.795000000]: No path to next viewpoint[0m
[33m[WARN] [1790604259.889645820, 27.795000000]: Plan fail[0m
[31m[ERROR] [1790604259.892789058, 27.795000000]: No path to next viewpoint[0m
[33m[WARN] [1790604259.893090375, 27.795000000]: Plan fail[0m
[31m[ERROR] [1790604259.904805063, 27.804999999]: No path to next viewpoint[0m
[33m[WARN] [1790604259.905013709, 27.804999999]: Plan fail[0m
[31m[ERROR] [1790604259.925939125, 27.823000000]: No path to next viewpoint[0m
[33m[WARN] [1790604259.926575234, 27.823000000]: Plan fail[0m
[31m[ERROR] [1790604259.946697332, 27.841000000]: No path to next viewpoint[0m
[33m[WARN] [1790604259.947436701, 27.850000000]: Plan fail[0m
[31m[ERROR] [1790604259.946712339, 27.841000000]: No path to next viewpoint[0m
[33m[WARN] [1790604259.949028038, 27.850000000]: Plan fail[0m
[31m[ERROR] [1790604259.969083019, 27.865999999]: No path to next viewpoint[0m
[33m[WARN] [1790604259.969326391, 27.865999999]: Plan fail[0m
[31m[ERROR] [1790604259.983059171, 27.884000000]: No path to next viewpoint[0m
[33m[WARN] [1790604259.983444571, 27.884000000]: Plan fail[0m
[31m[ERROR] [1790604259.999302997, 27.893000000]: No path to next viewpoint[0m
[33m[WARN] [1790604259.999996093, 27.902000000]: Plan fail[0m
[31m[ERROR] [1790604260.004330843, 27.902000000]: No path to next viewpoint[0m
[33m[WARN] [1790604260.004582427, 27.902000000]: Plan fail[0m
[31m[ERROR] [1790604260.021314247, 27.920000000]: No path to next viewpoint[0m
[33m[WARN] [1790604260.021587133, 27.920000000]: Plan fail[0m
[31m[ERROR] [1790604260.039440180, 27.939000000]: No path to next viewpoint[0m
[33m[WARN] [1790604260.039666335, 27.939000000]: Plan fail[0m
[31m[ERROR] [1790604260.042012049, 27.939000000]: No path to next viewpoint[0m
[33m[WARN] [1790604260.042310198, 27.939000000]: Plan fail[0m
[31m[ERROR] [1790604260.055851173, 27.957000000]: No path to next viewpoint[0m
[33m[WARN] [1790604260.056153241, 27.957000000]: Plan fail[0m
[31m[ERROR] [1790604260.071871096, 27.966000000]: No path to next viewpoint[0m
[33m[WARN] [1790604260.072115010, 27.975000000]: Plan fail[0m
[31m[ERROR] [1790604260.088028546, 27.984000000]: No path to next viewpoint[0m
[33m[WARN] [1790604260.088300723, 27.984000000]: Plan fail[0m
[31m[ERROR] [1790604260.088248239, 27.984000000]: No path to next viewpoint[0m
[33m[WARN] [1790604260.088770917, 27.984000000]: Plan fail[0m
[33m[WARN] [1790604260.088672576, 27.984000000]: Pair opt 1 & 2[0m
[31m[ERROR] [1790604260.103798135, 28.003000000]: No path to next viewpoint[0m
[33m[WARN] [1790604260.103979225, 28.003000000]: Plan fail[0m
[31m[ERROR] [1790604260.121988392, 28.012000000]: No path to next viewpoint[0m
[33m[WARN] [1790604260.122186408, 28.012000000]: Plan fail[0m
[31m[ERROR] [1790604260.138926607, 28.030000000]: No path to next viewpoint[0m
[33m[WARN] [1790604260.139224506, 28.030000000]: Plan fail[0m
[31m[ERROR] [1790604260.154316173, 28.048999999]: No path to next viewpoint[0m
[33m[WARN] [1790604260.154453492, 28.048999999]: Plan fail[0m
[33m[WARN] [1790604260.158720291, 28.048999999]: Drone 1 send opt request to 2, pair opt t: 0.065000, allocate t: 0.055000[0m
[31m[ERROR] [1790604260.172936020, 28.067000000]: No path to next viewpoint[0m
[33m[WARN] [1790604260.173085595, 28.067000000]: Plan fail[0m
[31m[ERROR] [1790604260.187117315, 28.076000000]: No path to next viewpoint[0m
[33m[WARN] [1790604260.187274519, 28.076000000]: Plan fail[0m
[31m[ERROR] [1790604260.200630068, 28.094000000]: No path to next viewpoint[0m
[33m[WARN] [1790604260.200871439, 28.094000000]: Plan fail[0m
[31m[ERROR] [1790604260.209484827, 28.103000000]: No path to next viewpoint[0m
[33m[WARN] [1790604260.209706438, 28.103000000]: Plan fail[0m
[33m[WARN] [1790604260.213017467, 28.103000000]: Pair opt 1 & 2[0m
[31m[ERROR] [1790604260.213926922, 28.103000000]: No path to next viewpoint[0m
[33m[WARN] [1790604260.214134400, 28.103000000]: Plan fail[0m
[31m[ERROR] [1790604260.238233652, 28.131000000]: No path to next viewpoint[0m
[33m[WARN] [1790604260.238464351, 28.131000000]: Plan fail[0m
[31m[ERROR] [1790604260.254238067, 28.149000000]: No path to next viewpoint[0m
[33m[WARN] [1790604260.254454634, 28.149000000]: Plan fail[0m
[31m[ERROR] [1790604260.268064727, 28.158000000]: No path to next viewpoint[0m
[33m[WARN] [1790604260.268222931, 28.158000000]: Plan fail[0m
[33m[WARN] [1790604260.280342405, 28.167000000]: Drone 1 send opt request to 2, pair opt t: 0.064000, allocate t: 0.064000[0m
[31m[ERROR] [1790604260.286897722, 28.176999999]: No path to next viewpoint[0m
[33m[WARN] [1790604260.287224010, 28.176999999]: Plan fail[0m
[33m[WARN] [1790604260.287468257, 28.176999999]: Reject frequent attempt[0m
[31m[ERROR] [1790604260.304293458, 28.195000000]: No path to next viewpoint[0m
[33m[WARN] [1790604260.304573806, 28.195000000]: Plan fail[0m
[31m[ERROR] [1790604260.321021484, 28.213000000]: No path to next viewpoint[0m
[33m[WARN] [1790604260.321444279, 28.213000000]: Plan fail[0m
[31m[ERROR] [1790604260.332908091, 28.222000000]: No path to next viewpoint[0m
[33m[WARN] [1790604260.333234129, 28.222000000]: Plan fail[0m
[33m[WARN] [1790604260.334094559, 28.222000000]: Pair opt 1 & 2[0m
[31m[ERROR] [1790604260.350749799, 28.240999999]: No path to next viewpoint[0m
[33m[WARN] [1790604260.351797114, 28.240999999]: Plan fail[0m
[31m[ERROR] [1790604260.370797193, 28.259000000]: No path to next viewpoint[0m
[33m[WARN] [1790604260.371032352, 28.259000000]: Plan fail[0m
[31m[ERROR] [1790604260.384806777, 28.277000000]: No path to next viewpoint[0m
[33m[WARN] [1790604260.385079706, 28.277000000]: Plan fail[0m
[33m[WARN] [1790604260.392160119, 28.277000000]: Drone 1 send opt request to 2, pair opt t: 0.055000, allocate t: 0.055000[0m
[31m[ERROR] [1790604260.404568237, 28.295000000]: No path to next viewpoint[0m
[33m[WARN] [1790604260.404859215, 28.295000000]: Plan fail[0m
[31m[ERROR] [1790604260.419058728, 28.304999999]: No path to next viewpoint[0m
[33m[WARN] [1790604260.419309687, 28.304999999]: Plan fail[0m
[31m[ERROR] [1790604260.433971056, 28.323000000]: No path to next viewpoint[0m
[33m[WARN] [1790604260.434123007, 28.323000000]: Plan fail[0m
[31m[ERROR] [1790604260.437905814, 28.323000000]: No path to next viewpoint[0m
[33m[WARN] [1790604260.438294633, 28.323000000]: Plan fail[0m
[33m[WARN] [1790604260.438692915, 28.323000000]: Pair opt 1 & 2[0m
[31m[ERROR] [1790604260.445752027, 28.332000000]: No path to next viewpoint[0m
[33m[WARN] [1790604260.445994273, 28.332000000]: Plan fail[0m
[31m[ERROR] [1790604260.464369539, 28.350000000]: No path to next viewpoint[0m
[33m[WARN] [1790604260.464605282, 28.350000000]: Plan fail[0m
[31m[ERROR] [1790604260.477897425, 28.368999999]: No path to next viewpoint[0m
[33m[WARN] [1790604260.478226672, 28.368999999]: Plan fail[0m
[31m[ERROR] [1790604260.491702532, 28.378000000]: No path to next viewpoint[0m
[33m[WARN] [1790604260.491976919, 28.378000000]: Plan fail[0m
[33m[WARN] [1790604260.498607274, 28.387000000]: Drone 1 send opt request to 2, pair opt t: 0.064000, allocate t: 0.064000[0m
[31m[ERROR] [1790604260.508771270, 28.396000000]: No path to next viewpoint[0m
[33m[WARN] [1790604260.509066293, 28.396000000]: Plan fail[0m
[33m[WARN] [1790604260.509376531, 28.396000000]: Reject frequent attempt[0m
[31m[ERROR] [1790604260.522989960, 28.405000000]: No path to next viewpoint[0m
[33m[WARN] [1790604260.523231122, 28.405000000]: Plan fail[0m
[31m[ERROR] [1790604260.540770679, 28.423000000]: No path to next viewpoint[0m
[33m[WARN] [1790604260.541122897, 28.423000000]: Plan fail[0m
[31m[ERROR] [1790604260.557800606, 28.443000000]: No path to next viewpoint[0m
[33m[WARN] [1790604260.558035182, 28.443000000]: Plan fail[0m
[33m[WARN] [1790604260.558393653, 28.443000000]: Pair opt 1 & 2[0m
[31m[ERROR] [1790604260.558688091, 28.443000000]: No path to next viewpoint[0m
[33m[WARN] [1790604260.558990409, 28.443000000]: Plan fail[0m
[31m[ERROR] [1790604260.576467435, 28.452000000]: No path to next viewpoint[0m
[33m[WARN] [1790604260.576677707, 28.452000000]: Plan fail[0m
[31m[ERROR] [1790604260.590414905, 28.471000000]: No path to next viewpoint[0m
[33m[WARN] [1790604260.590628137, 28.471000000]: Plan fail[0m
[31m[ERROR] [1790604260.608984644, 28.489000000]: No path to next viewpoint[0m
[33m[WARN] [1790604260.609233018, 28.489000000]: Plan fail[0m
[33m[WARN] [1790604260.614001609, 28.489000000]: Drone 1 send opt request to 2, pair opt t: 0.046000, allocate t: 0.046000[0m
[31m[ERROR] [1790604260.624395804, 28.507000000]: No path to next viewpoint[0m
[33m[WARN] [1790604260.624676778, 28.507000000]: Plan fail[0m
[31m[ERROR] [1790604260.639160474, 28.516999999]: No path to next viewpoint[0m
[33m[WARN] [1790604260.639367244, 28.516999999]: Plan fail[0m
[31m[ERROR] [1790604260.659868990, 28.535000000]: No path to next viewpoint[0m
[33m[WARN] [1790604260.660247596, 28.535000000]: Plan fail[0m
[31m[ERROR] [1790604260.662752431, 28.544000000]: No path to next viewpoint[0m
[33m[WARN] [1790604260.662950238, 28.544000000]: Plan fail[0m
[33m[WARN] [1790604260.663644877, 28.544000000]: Pair opt 1 & 2[0m
[31m[ERROR] [1790604260.673542448, 28.553000000]: No path to next viewpoint[0m
[33m[WARN] [1790604260.673852270, 28.553000000]: Plan fail[0m
[31m[ERROR] [1790604260.690343511, 28.571000000]: No path to next viewpoint[0m
[33m[WARN] [1790604260.690516973, 28.571000000]: Plan fail[0m
[31m[ERROR] [1790604260.705608473, 28.580999999]: No path to next viewpoint[0m
[33m[WARN] [1790604260.705784520, 28.580999999]: Plan fail[0m
[31m[ERROR] [1790604260.721809778, 28.599000000]: No path to next viewpoint[0m
[33m[WARN] [1790604260.722067365, 28.599000000]: Plan fail[0m
[33m[WARN] [1790604260.726378561, 28.599000000]: Drone 1 send opt request to 2, pair opt t: 0.055000, allocate t: 0.055000[0m
[31m[ERROR] [1790604260.744792264, 28.617000000]: No path to next viewpoint[0m
[33m[WARN] [1790604260.745120094, 28.617000000]: Plan fail[0m
[33m[WARN] [1790604260.745384935, 28.617000000]: Reject frequent attempt[0m
[31m[ERROR] [1790604260.760775043, 28.626000000]: No path to next viewpoint[0m
[33m[WARN] [1790604260.761000781, 28.626000000]: Plan fail[0m
[31m[ERROR] [1790604260.777572146, 28.644999999]: No path to next viewpoint[0m
[33m[WARN] [1790604260.777814016, 28.644999999]: Plan fail[0m
[31m[ERROR] [1790604260.784243813, 28.644999999]: No path to next viewpoint[0m
[33m[WARN] [1790604260.784611622, 28.644999999]: Plan fail[0m
[33m[WARN] [1790604260.786157186, 28.644999999]: Pair opt 1 & 2[0m
[31m[ERROR] [1790604260.794422150, 28.653999999]: No path to next viewpoint[0m
[33m[WARN] [1790604260.794602240, 28.653999999]: Plan fail[0m
[31m[ERROR] [1790604260.820449407, 28.672000000]: No path to next viewpoint[0m
[33m[WARN] [1790604260.820644546, 28.672000000]: Plan fail[0m
[31m[ERROR] [1790604260.836805706, 28.690000000]: No path to next viewpoint[0m
[33m[WARN] [1790604260.837041490, 28.690000000]: Plan fail[0m
[33m[WARN] [1790604260.849585718, 28.699000000]: Drone 1 send opt request to 2, pair opt t: 0.054000, allocate t: 0.054000[0m
[31m[ERROR] [1790604260.849788402, 28.699000000]: No path to next viewpoint[0m
[33m[WARN] [1790604260.850010138, 28.699000000]: Plan fail[0m
[31m[ERROR] [1790604260.863947687, 28.718000000]: No path to next viewpoint[0m
[33m[WARN] [1790604260.864283521, 28.718000000]: Plan fail[0m
[31m[ERROR] [1790604260.877102344, 28.727000000]: No path to next viewpoint[0m
[33m[WARN] [1790604260.877453645, 28.727000000]: Plan fail[0m
[31m[ERROR] [1790604260.889475653, 28.736000000]: No path to next viewpoint[0m
[33m[WARN] [1790604260.889794645, 28.736000000]: Plan fail[0m
[31m[ERROR] [1790604260.898528760, 28.745000000]: No path to next viewpoint[0m
[33m[WARN] [1790604260.898714103, 28.745000000]: Plan fail[0m
[33m[WARN] [1790604260.899260126, 28.745000000]: Pair opt 1 & 2[0m
[31m[ERROR] [1790604260.903946343, 28.754000000]: No path to next viewpoint[0m
[33m[WARN] [1790604260.904215185, 28.754000000]: Plan fail[0m
[31m[ERROR] [1790604260.917746823, 28.763000000]: No path to next viewpoint[0m
[33m[WARN] [1790604260.917962472, 28.763000000]: Plan fail[0m
[31m[ERROR] [1790604260.935086447, 28.782000000]: No path to next viewpoint[0m
[33m[WARN] [1790604260.935478017, 28.782000000]: Plan fail[0m
[31m[ERROR] [1790604260.951599241, 28.800000000]: No path to next viewpoint[0m
[33m[WARN] [1790604260.951854577, 28.800000000]: Plan fail[0m
[31m[ERROR] [1790604260.965198120, 28.809000000]: No path to next viewpoint[0m
[33m[WARN] [1790604260.965346903, 28.809000000]: Plan fail[0m
[33m[WARN] [1790604260.971192783, 28.818000000]: Drone 1 send opt request to 2, pair opt t: 0.073000, allocate t: 0.073000[0m
[31m[ERROR] [1790604260.988329013, 28.836999999]: No path to next viewpoint[0m
[33m[WARN] [1790604260.988574511, 28.836999999]: Plan fail[0m
[33m[WARN] [1790604260.988811588, 28.836999999]: Reject frequent attempt[0m
[31m[ERROR] [1790604261.008381910, 28.855000000]: No path to next viewpoint[0m
[33m[WARN] [1790604261.008673847, 28.855000000]: Plan fail[0m
[31m[ERROR] [1790604261.019867900, 28.864000000]: No path to next viewpoint[0m
[33m[WARN] [1790604261.020324711, 28.864000000]: Plan fail[0m
[33m[WARN] [1790604261.023887117, 28.873000000]: Pair opt 1 & 2[0m
[31m[ERROR] [1790604261.025933806, 28.873000000]: No path to next viewpoint[0m
[33m[WARN] [1790604261.026195937, 28.873000000]: Plan fail[0m
[31m[ERROR] [1790604261.046625188, 28.891999999]: No path to next viewpoint[0m
[33m[WARN] [1790604261.046874855, 28.891999999]: Plan fail[0m
[31m[ERROR] [1790604261.064382354, 28.910000000]: No path to next viewpoint[0m
[33m[WARN] [1790604261.064630853, 28.910000000]: Plan fail[0m
[31m[ERROR] [1790604261.076136478, 28.919000000]: No path to next viewpoint[0m
[33m[WARN] [1790604261.076761957, 28.919000000]: Plan fail[0m
[33m[WARN] [1790604261.087953092, 28.937000000]: Drone 1 send opt request to 2, pair opt t: 0.064000, allocate t: 0.055000[0m
[31m[ERROR] [1790604261.095424993, 28.946000000]: No path to next viewpoint[0m
[33m[WARN] [1790604261.095902440, 28.946000000]: Plan fail[0m
[31m[ERROR] [1790604261.111957630, 28.955999999]: No path to next viewpoint[0m
[33m[WARN] [1790604261.112302344, 28.955999999]: Plan fail[0m
[31m[ERROR] [1790604261.130323725, 28.974000000]: No path to next viewpoint[0m
[33m[WARN] [1790604261.130494727, 28.974000000]: Plan fail[0m
[31m[ERROR] [1790604261.132613953, 28.974000000]: No path to next viewpoint[0m
[33m[WARN] [1790604261.133329269, 28.974000000]: Plan fail[0m
[33m[WARN] [1790604261.134002397, 28.974000000]: Pair opt 1 & 2[0m
[31m[ERROR] [1790604261.145094107, 28.992000000]: No path to next viewpoint[0m
[33m[WARN] [1790604261.145381750, 28.992000000]: Plan fail[0m
[31m[ERROR] [1790604261.162204324, 29.010000000]: No path to next viewpoint[0m
[33m[WARN] [1790604261.162664346, 29.010000000]: Plan fail[0m
[31m[ERROR] [1790604261.190648372, 29.028999999]: No path to next viewpoint[0m
[33m[WARN] [1790604261.190946980, 29.038000000]: Plan fail[0m
[33m[WARN] [1790604261.202056740, 29.038000000]: Drone 1 send opt request to 2, pair opt t: 0.064000, allocate t: 0.064000[0m
[31m[ERROR] [1790604261.212693556, 29.047000000]: No path to next viewpoint[0m
[33m[WARN] [1790604261.212995790, 29.047000000]: Plan fail[0m
[33m[WARN] [1790604261.213344673, 29.047000000]: Reject frequent attempt[0m
[31m[ERROR] [1790604261.229395736, 29.065000000]: No path to next viewpoint[0m
[33m[WARN] [1790604261.229822283, 29.065000000]: Plan fail[0m
[31m[ERROR] [1790604261.244684043, 29.083999999]: No path to next viewpoint[0m
[33m[WARN] [1790604261.244970645, 29.083999999]: Plan fail[0m
[31m[ERROR] [1790604261.252909612, 29.083999999]: No path to next viewpoint[0m
[33m[WARN] [1790604261.253209179, 29.083999999]: Plan fail[0m
[33m[WARN] [1790604261.257487025, 29.092999999]: Pair opt 1 & 2[0m
[31m[ERROR] [1790604261.259934707, 29.092999999]: No path to next viewpoint[0m
[33m[WARN] [1790604261.260223476, 29.092999999]: Plan fail[0m
[31m[ERROR] [1790604261.282754861, 29.120000000]: No path to next viewpoint[0m
[33m[WARN] [1790604261.283221386, 29.120000000]: Plan fail[0m
[31m[ERROR] [1790604261.295850197, 29.129000000]: No path to next viewpoint[0m
[33m[WARN] [1790604261.296097737, 29.129000000]: Plan fail[0m
[33m[WARN] [1790604261.308822930, 29.138000000]: Drone 1 send opt request to 2, pair opt t: 0.045000, allocate t: 0.045000[0m
[31m[ERROR] [1790604261.312743514, 29.147999999]: No path to next viewpoint[0m
[33m[WARN] [1790604261.312997975, 29.147999999]: Plan fail[0m
[31m[ERROR] [1790604261.327028612, 29.157000000]: No path to next viewpoint[0m
[33m[WARN] [1790604261.327268982, 29.157000000]: Plan fail[0m
[31m[ERROR] [1790604261.342506263, 29.175000000]: No path to next viewpoint[0m
[33m[WARN] [1790604261.342765476, 29.175000000]: Plan fail[0m
[31m[ERROR] [1790604261.356352975, 29.184000000]: No path to next viewpoint[0m
[33m[WARN] [1790604261.356577087, 29.184000000]: Plan fail[0m
[33m[WARN] [1790604261.357169508, 29.193000000]: get response 1[0m
[31m[ERROR] [1790604261.357555034, 29.184000000]: No path to next viewpoint[0m
[33m[WARN] [1790604261.357723451, 29.184000000]: Plan fail[0m
[31m[ERROR] [1790604261.373847593, 29.202000000]: No path to next viewpoint[0m
[33m[WARN] [1790604261.374203104, 29.202000000]: Plan fail[0m
[31m[ERROR] [1790604261.389546230, 29.211999999]: No path to next viewpoint[0m
[33m[WARN] [1790604261.389815073, 29.211999999]: Plan fail[0m
[31m[ERROR] [1790604261.404433712, 29.230000000]: No path to next viewpoint[0m
[33m[WARN] [1790604261.404601754, 29.230000000]: Plan fail[0m
[31m[ERROR] [1790604261.407510541, 29.230000000]: No path to next viewpoint[0m
[33m[WARN] [1790604261.408310149, 29.230000000]: Plan fail[0m
[31m[ERROR] [1790604261.419990820, 29.248000000]: No path to next viewpoint[0m
[33m[WARN] [1790604261.420165449, 29.248000000]: Plan fail[0m
[31m[ERROR] [1790604261.435311726, 29.257000000]: No path to next viewpoint[0m
[33m[WARN] [1790604261.435624216, 29.257000000]: Plan fail[0m
[31m[ERROR] [1790604261.448973554, 29.275999999]: No path to next viewpoint[0m
[33m[WARN] [1790604261.449633509, 29.275999999]: Plan fail[0m
[31m[ERROR] [1790604261.457651557, 29.285000000]: No path to next viewpoint[0m
[33m[WARN] [1790604261.457887092, 29.285000000]: Plan fail[0m
[31m[ERROR] [1790604261.467243309, 29.294000000]: No path to next viewpoint[0m
[33m[WARN] [1790604261.467417188, 29.294000000]: Plan fail[0m
[31m[ERROR] [1790604261.480977840, 29.303000000]: No path to next viewpoint[0m
[33m[WARN] [1790604261.481228673, 29.303000000]: Plan fail[0m
[31m[ERROR] [1790604261.496161052, 29.321000000]: No path to next viewpoint[0m
[33m[WARN] [1790604261.496418306, 29.321000000]: Plan fail[0m
[31m[ERROR] [1790604261.498161302, 29.321000000]: No path to next viewpoint[0m
[33m[WARN] [1790604261.498410843, 29.321000000]: Plan fail[0m
[31m[ERROR] [1790604261.512498675, 29.330999999]: No path to next viewpoint[0m
[33m[WARN] [1790604261.512832509, 29.330999999]: Plan fail[0m
[31m[ERROR] [1790604261.530320624, 29.349000000]: No path to next viewpoint[0m
[33m[WARN] [1790604261.530515638, 29.349000000]: Plan fail[0m
[31m[ERROR] [1790604261.535337172, 29.358000000]: No path to next viewpoint[0m
[33m[WARN] [1790604261.535550821, 29.358000000]: Plan fail[0m
[31m[ERROR] [1790604261.544142490, 29.367000000]: No path to next viewpoint[0m
[33m[WARN] [1790604261.544725322, 29.367000000]: Plan fail[0m
[31m[ERROR] [1790604261.560051232, 29.385000000]: No path to next viewpoint[0m
[33m[WARN] [1790604261.560386357, 29.385000000]: Plan fail[0m
[31m[ERROR] [1790604261.574258832, 29.394999999]: No path to next viewpoint[0m
[33m[WARN] [1790604261.574625974, 29.394999999]: Plan fail[0m
[31m[ERROR] [1790604261.576436087, 29.394999999]: No path to next viewpoint[0m
[33m[WARN] [1790604261.576647359, 29.394999999]: Plan fail[0m
[31m[ERROR] [1790604261.590838743, 29.413000000]: No path to next viewpoint[0m
[33m[WARN] [1790604261.591116548, 29.413000000]: Plan fail[0m
[31m[ERROR] [1790604261.614552594, 29.431000000]: No path to next viewpoint[0m
[33m[WARN] [1790604261.617452209, 29.431000000]: Plan fail[0m
[31m[ERROR] [1790604261.624676236, 29.440000000]: No path to next viewpoint[0m
[33m[WARN] [1790604261.625101907, 29.440000000]: Plan fail[0m
[31m[ERROR] [1790604261.641833269, 29.458999999]: No path to next viewpoint[0m
[33m[WARN] [1790604261.642087187, 29.458999999]: Plan fail[0m
[31m[ERROR] [1790604261.657309795, 29.477000000]: No path to next viewpoint[0m
[33m[WARN] [1790604261.657580680, 29.477000000]: Plan fail[0m
[31m[ERROR] [1790604261.668731128, 29.486000000]: No path to next viewpoint[0m
[33m[WARN] [1790604261.668973165, 29.486000000]: Plan fail[0m
[31m[ERROR] [1790604261.675905130, 29.495000000]: No path to next viewpoint[0m
[33m[WARN] [1790604261.676473038, 29.495000000]: Plan fail[0m
[31m[ERROR] [1790604261.691639410, 29.513000000]: No path to next viewpoint[0m
[33m[WARN] [1790604261.691887992, 29.513000000]: Plan fail[0m
[31m[ERROR] [1790604261.706987330, 29.522999999]: No path to next viewpoint[0m
[33m[WARN] [1790604261.707834295, 29.522999999]: Plan fail[0m
[31m[ERROR] [1790604261.716095673, 29.532000000]: No path to next viewpoint[0m
[33m[WARN] [1790604261.716529098, 29.532000000]: Plan fail[0m
[31m[ERROR] [1790604261.724179505, 29.541000000]: No path to next viewpoint[0m
[33m[WARN] [1790604261.724428254, 29.541000000]: Plan fail[0m
[31m[ERROR] [1790604261.741898568, 29.559000000]: No path to next viewpoint[0m
[33m[WARN] [1790604261.742057523, 29.559000000]: Plan fail[0m
[31m[ERROR] [1790604261.758617965, 29.577000000]: No path to next viewpoint[0m
[33m[WARN] [1790604261.759453675, 29.577000000]: Plan fail[0m
[31m[ERROR] [1790604261.759653941, 29.577000000]: No path to next viewpoint[0m
[33m[WARN] [1790604261.760137642, 29.577000000]: Plan fail[0m
[31m[ERROR] [1790604261.774262951, 29.596000000]: No path to next viewpoint[0m
[33m[WARN] [1790604261.774449502, 29.596000000]: Plan fail[0m
[31m[ERROR] [1790604261.789505860, 29.605000000]: No path to next viewpoint[0m
[33m[WARN] [1790604261.789809929, 29.605000000]: Plan fail[0m
[31m[ERROR] [1790604261.807329768, 29.614000000]: No path to next viewpoint[0m
[33m[WARN] [1790604261.807824682, 29.614000000]: Plan fail[0m
[31m[ERROR] [1790604261.814005187, 29.623000000]: No path to next viewpoint[0m
[33m[WARN] [1790604261.814467084, 29.623000000]: Plan fail[0m
[31m[ERROR] [1790604261.835455865, 29.650999999]: No path to next viewpoint[0m
[33m[WARN] [1790604261.835681603, 29.650999999]: Plan fail[0m
[31m[ERROR] [1790604261.852922636, 29.669000000]: No path to next viewpoint[0m
[33m[WARN] [1790604261.853142871, 29.669000000]: Plan fail[0m
[31m[ERROR] [1790604261.856783149, 29.669000000]: No path to next viewpoint[0m
[33m[WARN] [1790604261.856952692, 29.669000000]: Plan fail[0m
[31m[ERROR] [1790604261.866132321, 29.678000000]: No path to next viewpoint[0m
[33m[WARN] [1790604261.866390867, 29.678000000]: Plan fail[0m
[31m[ERROR] [1790604261.886524512, 29.696000000]: No path to next viewpoint[0m
[33m[WARN] [1790604261.886745456, 29.696000000]: Plan fail[0m
[31m[ERROR] [1790604261.897555608, 29.705999999]: No path to next viewpoint[0m
[33m[WARN] [1790604261.897706725, 29.705999999]: Plan fail[0m
[33m[WARN] [1790604261.897944552, 29.705999999]: Pair opt 1 & 2[0m
[31m[ERROR] [1790604261.904233695, 29.714999999]: No path to next viewpoint[0m
[33m[WARN] [1790604261.904546435, 29.714999999]: Plan fail[0m
[31m[ERROR] [1790604261.919438752, 29.733000000]: No path to next viewpoint[0m
[33m[WARN] [1790604261.919731357, 29.733000000]: Plan fail[0m
[31m[ERROR] [1790604261.932017455, 29.742000000]: No path to next viewpoint[0m
[33m[WARN] [1790604261.932262745, 29.742000000]: Plan fail[0m
[33m[WARN] [1790604261.955701958, 29.769999999]: Drone 1 send opt request to 2, pair opt t: 0.064000, allocate t: 0.054000[0m
[31m[ERROR] [1790604261.956989352, 29.769999999]: No path to next viewpoint[0m
[33m[WARN] [1790604261.957245771, 29.769999999]: Plan fail[0m
[31m[ERROR] [1790604261.974225882, 29.788000000]: No path to next viewpoint[0m
[33m[WARN] [1790604261.974648468, 29.788000000]: Plan fail[0m
[31m[ERROR] [1790604261.991441361, 29.806000000]: No path to next viewpoint[0m
[33m[WARN] [1790604261.991920892, 29.806000000]: Plan fail[0m
[31m[ERROR] [1790604262.008052787, 29.815000000]: No path to next viewpoint[0m
[33m[WARN] [1790604262.008734878, 29.824000000]: Plan fail[0m
[33m[WARN] [1790604262.009137079, 29.824000000]: Pair opt 1 & 2[0m
[31m[ERROR] [1790604262.016498508, 29.824000000]: No path to next viewpoint[0m
[33m[WARN] [1790604262.018086635, 29.824000000]: Plan fail[0m
[31m[ERROR] [1790604262.042463401, 29.852000000]: No path to next viewpoint[0m
[33m[WARN] [1790604262.042667336, 29.852000000]: Plan fail[0m
[31m[ERROR] [1790604262.059649281, 29.870000000]: No path to next viewpoint[0m
[33m[WARN] [1790604262.060086083, 29.870000000]: Plan fail[0m
[33m[WARN] [1790604262.071263127, 29.879000000]: Drone 1 send opt request to 2, pair opt t: 0.055000, allocate t: 0.055000[0m
[31m[ERROR] [1790604262.074929709, 29.888000000]: No path to next viewpoint[0m
[33m[WARN] [1790604262.075235445, 29.888000000]: Plan fail[0m
[33m[WARN] [1790604262.075539305, 29.888000000]: Reject frequent attempt[0m
[31m[ERROR] [1790604262.092877720, 29.907000000]: No path to next viewpoint[0m
[33m[WARN] [1790604262.093185249, 29.907000000]: Plan fail[0m
[31m[ERROR] [1790604262.106083278, 29.916000000]: No path to next viewpoint[0m
[33m[WARN] [1790604262.106320813, 29.916000000]: Plan fail[0m
[31m[ERROR] [1790604262.119417400, 29.925000000]: No path to next viewpoint[0m
[33m[WARN] [1790604262.119764574, 29.925000000]: Plan fail[0m
[33m[WARN] [1790604262.120049800, 29.925000000]: Pair opt 1 & 2[0m
[31m[ERROR] [1790604262.122406686, 29.934000000]: No path to next viewpoint[0m
[33m[WARN] [1790604262.122854326, 29.934000000]: Plan fail[0m
[31m[ERROR] [1790604262.140818470, 29.952000000]: No path to next viewpoint[0m
[33m[WARN] [1790604262.141108407, 29.952000000]: Plan fail[0m
[31m[ERROR] [1790604262.159221292, 29.961999999]: No path to next viewpoint[0m
[33m[WARN] [1790604262.160294829, 29.961999999]: Plan fail[0m
[33m[WARN] [1790604262.177582760, 29.989000000]: Drone 1 send opt request to 2, pair opt t: 0.064000, allocate t: 0.055000[0m
[31m[ERROR] [1790604262.180904170, 29.989000000]: No path to next viewpoint[0m
[33m[WARN] [1790604262.181198817, 29.989000000]: Plan fail[0m
[31m[ERROR] [1790604262.199330503, 30.007000000]: No path to next viewpoint[0m
[33m[WARN] [1790604262.199947312, 30.007000000]: Plan fail[0m
[31m[ERROR] [1790604262.222847173, 30.025999999]: No path to next viewpoint[0m
[33m[WARN] [1790604262.223082624, 30.025999999]: Plan fail[0m
[31m[ERROR] [1790604262.233298604, 30.025999999]: No path to next viewpoint[0m
[33m[WARN] [1790604262.234012211, 30.025999999]: Plan fail[0m
[33m[WARN] [1790604262.234528844, 30.025999999]: Pair opt 1 & 2[0m
[31m[ERROR] [1790604262.244535178, 30.044000000]: No path to next viewpoint[0m
[33m[WARN] [1790604262.245323864, 30.044000000]: Plan fail[0m
[31m[ERROR] [1790604262.271191082, 30.071000000]: No path to next viewpoint[0m
[33m[WARN] [1790604262.271673699, 30.071000000]: Plan fail[0m
[31m[ERROR] [1790604262.295048839, 30.089999999]: No path to next viewpoint[0m
[33m[WARN] [1790604262.295382464, 30.089999999]: Plan fail[0m
[33m[WARN] [1790604262.306524824, 30.108000000]: Drone 1 send opt request to 2, pair opt t: 0.082000, allocate t: 0.082000[0m
[31m[ERROR] [1790604262.312437821, 30.108000000]: No path to next viewpoint[0m
[33m[WARN] [1790604262.312991764, 30.108000000]: Plan fail[0m
[33m[WARN] [1790604262.313534369, 30.108000000]: Reject frequent attempt[0m
[31m[ERROR] [1790604262.329105233, 30.126000000]: No path to next viewpoint[0m
[33m[WARN] [1790604262.329419516, 30.126000000]: Plan fail[0m
[31m[ERROR] [1790604262.343585303, 30.144999999]: No path to next viewpoint[0m
[33m[WARN] [1790604262.343838388, 30.144999999]: Plan fail[0m
[31m[ERROR] [1790604262.358937726, 30.153999999]: No path to next viewpoint[0m
[33m[WARN] [1790604262.359098014, 30.153999999]: Plan fail[0m
[31m[ERROR] [1790604262.361329421, 30.163000000]: No path to next viewpoint[0m
[33m[WARN] [1790604262.361763763, 30.163000000]: Plan fail[0m
[33m[WARN] [1790604262.361945771, 30.163000000]: Pair opt 1 & 2[0m
[31m[ERROR] [1790604262.374830001, 30.172000000]: No path to next viewpoint[0m
[33m[WARN] [1790604262.375035520, 30.172000000]: Plan fail[0m
[31m[ERROR] [1790604262.391204726, 30.190000000]: No path to next viewpoint[0m
[33m[WARN] [1790604262.391438593, 30.190000000]: Plan fail[0m
[31m[ERROR] [1790604262.405777926, 30.199000000]: No path to next viewpoint[0m
[33m[WARN] [1790604262.406124015, 30.199000000]: Plan fail[0m
[33m[WARN] [1790604262.419812106, 30.208999999]: Drone 1 send opt request to 2, pair opt t: 0.046000, allocate t: 0.046000[0m
[31m[ERROR] [1790604262.438230644, 30.236000000]: No path to next viewpoint[0m
[33m[WARN] [1790604262.438539256, 30.236000000]: Plan fail[0m
[31m[ERROR] [1790604262.458288251, 30.254000000]: No path to next viewpoint[0m
[33m[WARN] [1790604262.458505109, 30.254000000]: Plan fail[0m
[31m[ERROR] [1790604262.466548713, 30.263000000]: No path to next viewpoint[0m
[33m[WARN] [1790604262.466778911, 30.263000000]: Plan fail[0m
[33m[WARN] [1790604262.467249354, 30.263000000]: Pair opt 1 & 2[0m
[31m[ERROR] [1790604262.474496643, 30.272999999]: No path to next viewpoint[0m
[33m[WARN] [1790604262.474766028, 30.272999999]: Plan fail[0m
[31m[ERROR] [1790604262.491681689, 30.282000000]: No path to next viewpoint[0m
[33m[WARN] [1790604262.492250807, 30.291000000]: Plan fail[0m
[31m[ERROR] [1790604262.507186730, 30.300000000]: No path to next viewpoint[0m
[33m[WARN] [1790604262.507475499, 30.300000000]: Plan fail[0m
[33m[WARN] [1790604262.522331715, 30.318000000]: Drone 1 send opt request to 2, pair opt t: 0.055000, allocate t: 0.055000[0m
[31m[ERROR] [1790604262.523147665, 30.318000000]: No path to next viewpoint[0m
[33m[WARN] [1790604262.523359646, 30.318000000]: Plan fail[0m
[33m[WARN] [1790604262.523844596, 30.318000000]: Reject frequent attempt[0m
[31m[ERROR] [1790604262.539976867, 30.336999999]: No path to next viewpoint[0m
[33m[WARN] [1790604262.540185638, 30.336999999]: Plan fail[0m
[31m[ERROR] [1790604262.553904244, 30.346000000]: No path to next viewpoint[0m
[33m[WARN] [1790604262.554204519, 30.346000000]: Plan fail[0m
[31m[ERROR] [1790604262.567090083, 30.364000000]: No path to next viewpoint[0m
[33m[WARN] [1790604262.567615179, 30.364000000]: Plan fail[0m
[31m[ERROR] [1790604262.572362885, 30.364000000]: No path to next viewpoint[0m
[33m[WARN] [1790604262.572647027, 30.364000000]: Plan fail[0m
[33m[WARN] [1790604262.572864761, 30.364000000]: Pair opt 1 & 2[0m
[31m[ERROR] [1790604262.582824071, 30.373000000]: No path to next viewpoint[0m
[33m[WARN] [1790604262.583276005, 30.373000000]: Plan fail[0m
[31m[ERROR] [1790604262.600882596, 30.391999999]: No path to next viewpoint[0m
[33m[WARN] [1790604262.601235106, 30.391999999]: Plan fail[0m
[31m[ERROR] [1790604262.618884301, 30.410000000]: No path to next viewpoint[0m
[33m[WARN] [1790604262.619262782, 30.410000000]: Plan fail[0m
[33m[WARN] [1790604262.625247356, 30.419000000]: Drone 1 send opt request to 2, pair opt t: 0.055000, allocate t: 0.046000[0m
[31m[ERROR] [1790604262.633215713, 30.419000000]: No path to next viewpoint[0m
[33m[WARN] [1790604262.633631421, 30.428000000]: Plan fail[0m
[31m[ERROR] [1790604262.648429899, 30.437000000]: No path to next viewpoint[0m
[33m[WARN] [1790604262.648685027, 30.437000000]: Plan fail[0m
[31m[ERROR] [1790604262.666546537, 30.455999999]: No path to next viewpoint[0m
[33m[WARN] [1790604262.666925726, 30.455999999]: Plan fail[0m
[31m[ERROR] [1790604262.670385538, 30.455999999]: No path to next viewpoint[0m
[33m[WARN] [1790604262.670667054, 30.455999999]: Plan fail[0m
[33m[WARN] [1790604262.673955239, 30.464999999]: Pair opt 1 & 2[0m
[31m[ERROR] [1790604262.680709364, 30.464999999]: No path to next viewpoint[0m
[33m[WARN] [1790604262.681039529, 30.464999999]: Plan fail[0m
[31m[ERROR] [1790604262.693901541, 30.483000000]: No path to next viewpoint[0m
[33m[WARN] [1790604262.694107560, 30.483000000]: Plan fail[0m
[31m[ERROR] [1790604262.708834837, 30.501000000]: No path to next viewpoint[0m
[33m[WARN] [1790604262.709019721, 30.501000000]: Plan fail[0m
[31m[ERROR] [1790604262.723231698, 30.510000000]: No path to next viewpoint[0m
[33m[WARN] [1790604262.723378689, 30.510000000]: Plan fail[0m
[31m[ERROR] [1790604262.738294434, 30.528999999]: No path to next viewpoint[0m
[33m[WARN] [1790604262.738544601, 30.528999999]: Plan fail[0m
[33m[WARN] [1790604262.748790346, 30.538000000]: Drone 1 send opt request to 2, pair opt t: 0.073000, allocate t: 0.073000[0m
[31m[ERROR] [1790604262.755040637, 30.538000000]: No path to next viewpoint[0m
[33m[WARN] [1790604262.755248574, 30.538000000]: Plan fail[0m
[33m[WARN] [1790604262.755479606, 30.538000000]: Reject frequent attempt[0m
[31m[ERROR] [1790604262.768103123, 30.556000000]: No path to next viewpoint[0m
[33m[WARN] [1790604262.768398812, 30.556000000]: Plan fail[0m
[31m[ERROR] [1790604262.782100451, 30.574000000]: No path to next viewpoint[0m
[33m[WARN] [1790604262.782372587, 30.574000000]: Plan fail[0m
[31m[ERROR] [1790604262.784858246, 30.574000000]: No path to next viewpoint[0m
[33m[WARN] [1790604262.785143305, 30.574000000]: Plan fail[0m
[33m[WARN] [1790604262.785397057, 30.574000000]: Pair opt 1 & 2[0m
[31m[ERROR] [1790604262.796425569, 30.583999999]: No path to next viewpoint[0m
[33m[WARN] [1790604262.796612204, 30.583999999]: Plan fail[0m
[31m[ERROR] [1790604262.808035996, 30.593000000]: No path to next viewpoint[0m
[33m[WARN] [1790604262.808375332, 30.593000000]: Plan fail[0m
[31m[ERROR] [1790604262.822397840, 30.611000000]: No path to next viewpoint[0m
[33m[WARN] [1790604262.822687693, 30.611000000]: Plan fail[0m
[31m[ERROR] [1790604262.838220122, 30.620000000]: No path to next viewpoint[0m
[33m[WARN] [1790604262.838375283, 30.620000000]: Plan fail[0m
[33m[WARN] [1790604262.841288572, 30.629000000]: Drone 1 send opt request to 2, pair opt t: 0.055000, allocate t: 0.046000[0m
[31m[ERROR] [1790604262.854321002, 30.638000000]: No path to next viewpoint[0m
[33m[WARN] [1790604262.854547949, 30.638000000]: Plan fail[0m
[31m[ERROR] [1790604262.874545484, 30.657000000]: No path to next viewpoint[0m
[33m[WARN] [1790604262.874802112, 30.657000000]: Plan fail[0m
[31m[ERROR] [1790604262.890295022, 30.675000000]: No path to next viewpoint[0m
[33m[WARN] [1790604262.890697556, 30.675000000]: Plan fail[0m
[31m[ERROR] [1790604262.894250832, 30.675000000]: No path to next viewpoint[0m
[33m[WARN] [1790604262.894478904, 30.675000000]: Plan fail[0m
[33m[WARN] [1790604262.897854716, 30.684000000]: Pair opt 1 & 2[0m
[31m[ERROR] [1790604262.908360758, 30.693000000]: No path to next viewpoint[0m
[33m[WARN] [1790604262.908662701, 30.693000000]: Plan fail[0m
[31m[ERROR] [1790604262.931372175, 30.711999999]: No path to next viewpoint[0m
[33m[WARN] [1790604262.931677744, 30.711999999]: Plan fail[0m
[31m[ERROR] [1790604262.955357912, 30.739000000]: No path to next viewpoint[0m
[33m[WARN] [1790604262.955635634, 30.739000000]: Plan fail[0m
[31m[ERROR] [1790604262.970984763, 30.757000000]: No path to next viewpoint[0m
[33m[WARN] [1790604262.971245268, 30.757000000]: Plan fail[0m
[33m[WARN] [1790604262.985607071, 30.766999999]: Drone 1 send opt request to 2, pair opt t: 0.083000, allocate t: 0.083000[0m
[31m[ERROR] [1790604262.985899717, 30.766999999]: No path to next viewpoint[0m
[33m[WARN] [1790604262.986151926, 30.766999999]: Plan fail[0m
[33m[WARN] [1790604262.986519026, 30.766999999]: Reject frequent attempt[0m
[31m[ERROR] [1790604263.001886290, 30.785000000]: No path to next viewpoint[0m
[33m[WARN] [1790604263.002203490, 30.785000000]: Plan fail[0m
[31m[ERROR] [1790604263.019084968, 30.803000000]: No path to next viewpoint[0m
[33m[WARN] [1790604263.019460697, 30.803000000]: Plan fail[0m
[31m[ERROR] [1790604263.024785025, 30.803000000]: No path to next viewpoint[0m
[33m[WARN] [1790604263.025197064, 30.803000000]: Plan fail[0m
[33m[WARN] [1790604263.026222076, 30.803000000]: Pair opt 1 & 2[0m
[31m[ERROR] [1790604263.043290523, 30.821000000]: No path to next viewpoint[0m
[33m[WARN] [1790604263.045572330, 30.821000000]: Plan fail[0m
[31m[ERROR] [1790604263.071921540, 30.849000000]: No path to next viewpoint[0m
[33m[WARN] [1790604263.072289724, 30.849000000]: Plan fail[0m
[33m[WARN] [1790604263.089039219, 30.867000000]: Drone 1 send opt request to 2, pair opt t: 0.064000, allocate t: 0.055000[0m
[31m[ERROR] [1790604263.092534883, 30.867000000]: No path to next viewpoint[0m
[33m[WARN] [1790604263.092885683, 30.867000000]: Plan fail[0m
[31m[ERROR] [1790604263.114692373, 30.885000000]: No path to next viewpoint[0m
[33m[WARN] [1790604263.115543757, 30.885000000]: Plan fail[0m
[31m[ERROR] [1790604263.135543710, 30.903999999]: No path to next viewpoint[0m
[33m[WARN] [1790604263.135913353, 30.913000000]: Plan fail[0m
[31m[ERROR] [1790604263.135560302, 30.903999999]: No path to next viewpoint[0m
[33m[WARN] [1790604263.136856241, 30.913000000]: Plan fail[0m
[33m[WARN] [1790604263.140030994, 30.913000000]: Pair opt 1 & 2[0m
[31m[ERROR] [1790604263.156012189, 30.931000000]: No path to next viewpoint[0m
[33m[WARN] [1790604263.156293371, 30.931000000]: Plan fail[0m
[31m[ERROR] [1790604263.180988796, 30.958999999]: No path to next viewpoint[0m
[33m[WARN] [1790604263.181524564, 30.958999999]: Plan fail[0m
[31m[ERROR] [1790604263.199999755, 30.968000000]: No path to next viewpoint[0m
[33m[WARN] [1790604263.200297779, 30.977000000]: Plan fail[0m
[33m[WARN] [1790604263.208066078, 30.977000000]: Drone 1 send opt request to 2, pair opt t: 0.064000, allocate t: 0.064000[0m
[31m[ERROR] [1790604263.221242621, 30.995000000]: No path to next viewpoint[0m
[33m[WARN] [1790604263.221513298, 30.995000000]: Plan fail[0m
[33m[WARN] [1790604263.221781015, 30.995000000]: Reject frequent attempt[0m
[31m[ERROR] [1790604263.241431586, 31.013000000]: No path to next viewpoint[0m
[33m[WARN] [1790604263.242115886, 31.013000000]: Plan fail[0m
[31m[ERROR] [1790604263.263804058, 31.022999999]: No path to next viewpoint[0m
[33m[WARN] [1790604263.264149022, 31.022999999]: Plan fail[0m
[33m[WARN] [1790604263.264595662, 31.022999999]: Pair opt 1 & 2[0m
[31m[ERROR] [1790604263.265544803, 31.022999999]: No path to next viewpoint[0m
[33m[WARN] [1790604263.265985065, 31.032000000]: Plan fail[0m
[31m[ERROR] [1790604263.290158937, 31.050000000]: No path to next viewpoint[0m
[33m[WARN] [1790604263.290409146, 31.050000000]: Plan fail[0m
[31m[ERROR] [1790604263.303761527, 31.059000000]: No path to next viewpoint[0m
[33m[WARN] [1790604263.304023866, 31.059000000]: Plan fail[0m
[33m[WARN] [1790604263.315568928, 31.077000000]: Drone 1 send opt request to 2, pair opt t: 0.054000, allocate t: 0.045000[0m
[31m[ERROR] [1790604263.318847483, 31.077000000]: No path to next viewpoint[0m
[33m[WARN] [1790604263.319036786, 31.077000000]: Plan fail[0m
[31m[ERROR] [1790604263.331219541, 31.086999999]: No path to next viewpoint[0m
[33m[WARN] [1790604263.331500139, 31.086999999]: Plan fail[0m
[31m[ERROR] [1790604263.348648417, 31.105000000]: No path to next viewpoint[0m
[33m[WARN] [1790604263.348855896, 31.105000000]: Plan fail[0m
[31m[ERROR] [1790604263.363119399, 31.123000000]: No path to next viewpoint[0m
[33m[WARN] [1790604263.363289359, 31.123000000]: Plan fail[0m
[31m[ERROR] [1790604263.368635614, 31.123000000]: No path to next viewpoint[0m
[33m[WARN] [1790604263.369126235, 31.123000000]: Plan fail[0m
[33m[WARN] [1790604263.369752756, 31.123000000]: Pair opt 1 & 2[0m
[31m[ERROR] [1790604263.376651204, 31.132000000]: No path to next viewpoint[0m
[33m[WARN] [1790604263.376957398, 31.132000000]: Plan fail[0m
[31m[ERROR] [1790604263.398736074, 31.150999999]: No path to next viewpoint[0m
[33m[WARN] [1790604263.399154491, 31.160000000]: Plan fail[0m
[31m[ERROR] [1790604263.416665534, 31.169000000]: No path to next viewpoint[0m
[33m[WARN] [1790604263.416933043, 31.169000000]: Plan fail[0m
[33m[WARN] [1790604263.433853707, 31.187000000]: Drone 1 send opt request to 2, pair opt t: 0.064000, allocate t: 0.064000[0m
[31m[ERROR] [1790604263.436903856, 31.196000000]: No path to next viewpoint[0m
[33m[WARN] [1790604263.437289549, 31.196000000]: Plan fail[0m
[33m[WARN] [1790604263.437486564, 31.196000000]: Reject frequent attempt[0m
[31m[ERROR] [1790604263.452818602, 31.205999999]: No path to next viewpoint[0m
[33m[WARN] [1790604263.453170527, 31.205999999]: Plan fail[0m
[31m[ERROR] [1790604263.481683568, 31.233000000]: No path to next viewpoint[0m
[33m[WARN] [1790604263.481924230, 31.233000000]: Plan fail[0m
[31m[ERROR] [1790604263.485776531, 31.242000000]: No path to next viewpoint[0m
[33m[WARN] [1790604263.485998183, 31.242000000]: Plan fail[0m
[33m[WARN] [1790604263.486293872, 31.242000000]: Pair opt 1 & 2[0m
[31m[ERROR] [1790604263.501981754, 31.260000000]: No path to next viewpoint[0m
[33m[WARN] [1790604263.502405007, 31.260000000]: Plan fail[0m
[31m[ERROR] [1790604263.517370403, 31.269999999]: No path to next viewpoint[0m
[33m[WARN] [1790604263.517643081, 31.269999999]: Plan fail[0m
[33m[WARN] [1790604263.537081379, 31.288000000]: Drone 1 send opt request to 2, pair opt t: 0.046000, allocate t: 0.046000[0m
[31m[ERROR] [1790604263.539500879, 31.297000000]: No path to next viewpoint[0m
[33m[WARN] [1790604263.539732245, 31.297000000]: Plan fail[0m
[31m[ERROR] [1790604263.555459772, 31.306000000]: No path to next viewpoint[0m
[33m[WARN] [1790604263.555699725, 31.306000000]: Plan fail[0m
[31m[ERROR] [1790604263.574520380, 31.324000000]: No path to next viewpoint[0m
[33m[WARN] [1790604263.574854256, 31.324000000]: Plan fail[0m
[31m[ERROR] [1790604263.586047641, 31.343000000]: No path to next viewpoint[0m
[33m[WARN] [1790604263.586549642, 31.343000000]: Plan fail[0m
[33m[WARN] [1790604263.588595873, 31.343000000]: Pair opt 1 & 2[0m
[31m[ERROR] [1790604263.589848874, 31.343000000]: No path to next viewpoint[0m
[33m[WARN] [1790604263.590134225, 31.343000000]: Plan fail[0m
[31m[ERROR] [1790604263.607453714, 31.361000000]: No path to next viewpoint[0m
[33m[WARN] [1790604263.607662693, 31.361000000]: Plan fail[0m
[31m[ERROR] [1790604263.625675445, 31.379000000]: No path to next viewpoint[0m
[33m[WARN] [1790604263.625889594, 31.379000000]: Plan fail[0m
[31m[ERROR] [1790604263.641377376, 31.397999999]: No path to next viewpoint[0m
[33m[WARN] [1790604263.641598861, 31.397999999]: Plan fail[0m
[33m[WARN] [1790604263.645462876, 31.397999999]: Drone 1 send opt request to 2, pair opt t: 0.055000, allocate t: 0.055000[0m
[31m[ERROR] [1790604263.665586891, 31.407000000]: No path to next viewpoint[0m
[33m[WARN] [1790604263.666377328, 31.416000000]: Plan fail[0m
[33m[WARN] [1790604263.666839058, 31.416000000]: Reject frequent attempt[0m
[31m[ERROR] [1790604263.689881616, 31.443000000]: No path to next viewpoint[0m
[33m[WARN] [1790604263.690099766, 31.443000000]: Plan fail[0m
[31m[ERROR] [1790604263.693250674, 31.443000000]: No path to next viewpoint[0m
[33m[WARN] [1790604263.693647206, 31.443000000]: Plan fail[0m
[33m[WARN] [1790604263.694740127, 31.443000000]: Pair opt 1 & 2[0m
[31m[ERROR] [1790604263.708839632, 31.461999999]: No path to next viewpoint[0m
[33m[WARN] [1790604263.709108182, 31.461999999]: Plan fail[0m
[31m[ERROR] [1790604263.723781015, 31.471000000]: No path to next viewpoint[0m
[33m[WARN] [1790604263.724016591, 31.471000000]: Plan fail[0m
[31m[ERROR] [1790604263.742224399, 31.489000000]: No path to next viewpoint[0m
[33m[WARN] [1790604263.742523673, 31.489000000]: Plan fail[0m
[33m[WARN] [1790604263.743828992, 31.489000000]: Drone 1 send opt request to 2, pair opt t: 0.046000, allocate t: 0.046000[0m
[31m[ERROR] [1790604263.760259870, 31.507000000]: No path to next viewpoint[0m
[33m[WARN] [1790604263.760526170, 31.507000000]: Plan fail[0m
[31m[ERROR] [1790604263.774765536, 31.525999999]: No path to next viewpoint[0m
[33m[WARN] [1790604263.775049553, 31.525999999]: Plan fail[0m
[31m[ERROR] [1790604263.793318517, 31.544000000]: No path to next viewpoint[0m
[33m[WARN] [1790604263.793581565, 31.544000000]: Plan fail[0m
[31m[ERROR] [1790604263.797097614, 31.544000000]: No path to next viewpoint[0m
[33m[WARN] [1790604263.797382339, 31.544000000]: Plan fail[0m
[33m[WARN] [1790604263.801222800, 31.553000000]: Pair opt 1 & 2[0m
[31m[ERROR] [1790604263.808290207, 31.553000000]: No path to next viewpoint[0m
[33m[WARN] [1790604263.808642091, 31.553000000]: Plan fail[0m
[31m[ERROR] [1790604263.824149007, 31.571000000]: No path to next viewpoint[0m
[33m[WARN] [1790604263.824393380, 31.571000000]: Plan fail[0m
[31m[ERROR] [1790604263.841012393, 31.589999999]: No path to next viewpoint[0m
[33m[WARN] [1790604263.841326592, 31.589999999]: Plan fail[0m
[31m[ERROR] [1790604263.857096932, 31.599000000]: No path to next viewpoint[0m
[33m[WARN] [1790604263.857326254, 31.599000000]: Plan fail[0m
[31m[ERROR] [1790604263.873496752, 31.617000000]: No path to next viewpoint[0m
[33m[WARN] [1790604263.873770681, 31.617000000]: Plan fail[0m
[33m[WARN] [1790604263.876532228, 31.617000000]: Drone 1 send opt request to 2, pair opt t: 0.064000, allocate t: 0.064000[0m
[31m[ERROR] [1790604263.890697890, 31.626000000]: No path to next viewpoint[0m
[33m[WARN] [1790604263.890948932, 31.626000000]: Plan fail[0m
[33m[WARN] [1790604263.891107720, 31.626000000]: Reject frequent attempt[0m
[31m[ERROR] [1790604263.906727776, 31.644999999]: No path to next viewpoint[0m
[33m[WARN] [1790604263.906825075, 31.644999999]: Plan fail[0m
[31m[ERROR] [1790604263.921747657, 31.663000000]: No path to next viewpoint[0m
[33m[WARN] [1790604263.921939212, 31.663000000]: Plan fail[0m
[31m[ERROR] [1790604263.927719058, 31.663000000]: No path to next viewpoint[0m
[33m[WARN] [1790604263.928378971, 31.663000000]: Plan fail[0m
[33m[WARN] [1790604263.932252491, 31.672000000]: Pair opt 1 & 2[0m
[31m[ERROR] [1790604263.936888349, 31.672000000]: No path to next viewpoint[0m
[33m[WARN] [1790604263.937306516, 31.672000000]: Plan fail[0m
[31m[ERROR] [1790604263.954659605, 31.690000000]: No path to next viewpoint[0m
[33m[WARN] [1790604263.954783542, 31.690000000]: Plan fail[0m
[31m[ERROR] [1790604263.968056133, 31.708999999]: No path to next viewpoint[0m
[33m[WARN] [1790604263.968513112, 31.708999999]: Plan fail[0m
[31m[ERROR] [1790604263.991908137, 31.727000000]: No path to next viewpoint[0m
[33m[WARN] [1790604263.992147673, 31.727000000]: Plan fail[0m
[33m[WARN] [1790604263.996480422, 31.727000000]: Drone 1 send opt request to 2, pair opt t: 0.055000, allocate t: 0.055000[0m
[31m[ERROR] [1790604264.008850270, 31.745000000]: No path to next viewpoint[0m
[33m[WARN] [1790604264.009084179, 31.745000000]: Plan fail[0m
[31m[ERROR] [1790604264.021427931, 31.754000000]: No path to next viewpoint[0m
[33m[WARN] [1790604264.021626905, 31.754000000]: Plan fail[0m
[31m[ERROR] [1790604264.040993584, 31.772999999]: No path to next viewpoint[0m
[33m[WARN] [1790604264.041234579, 31.772999999]: Plan fail[0m
[31m[ERROR] [1790604264.042961317, 31.772999999]: No path to next viewpoint[0m
[33m[WARN] [1790604264.043341632, 31.772999999]: Plan fail[0m
[33m[WARN] [1790604264.045954230, 31.782000000]: Pair opt 1 & 2[0m
[31m[ERROR] [1790604264.056877981, 31.791000000]: No path to next viewpoint[0m
[33m[WARN] [1790604264.057139111, 31.791000000]: Plan fail[0m
[31m[ERROR] [1790604264.076581369, 31.809000000]: No path to next viewpoint[0m
[33m[WARN] [1790604264.076894692, 31.809000000]: Plan fail[0m
[31m[ERROR] [1790604264.096382348, 31.827000000]: No path to next viewpoint[0m
[33m[WARN] [1790604264.096760745, 31.827000000]: Plan fail[0m
[31m[ERROR] [1790604264.115856872, 31.836999999]: No path to next viewpoint[0m
[33m[WARN] [1790604264.116085361, 31.836999999]: Plan fail[0m
[33m[WARN] [1790604264.116919528, 31.846000000]: Drone 1 send opt request to 2, pair opt t: 0.064000, allocate t: 0.055000[0m
[33m[WARN] [1790604264.117046800, 31.846000000]: Reject frequent attempt[0m
[31m[ERROR] [1790604264.132398805, 31.855000000]: No path to next viewpoint[0m
[33m[WARN] [1790604264.132719049, 31.855000000]: Plan fail[0m
[31m[ERROR] [1790604264.150115409, 31.873000000]: No path to next viewpoint[0m
[33m[WARN] [1790604264.150352778, 31.873000000]: Plan fail[0m
[31m[ERROR] [1790604264.157430232, 31.882000000]: No path to next viewpoint[0m
[33m[WARN] [1790604264.157669768, 31.882000000]: Plan fail[0m
[31m[ERROR] [1790604264.161752934, 31.882000000]: No path to next viewpoint[0m
[33m[WARN] [1790604264.162003684, 31.882000000]: Plan fail[0m
[33m[WARN] [1790604264.162461329, 31.882000000]: Pair opt 1 & 2[0m
[31m[ERROR] [1790604264.180392791, 31.910000000]: No path to next viewpoint[0m
[33m[WARN] [1790604264.180597351, 31.910000000]: Plan fail[0m
[31m[ERROR] [1790604264.193784733, 31.919000000]: No path to next viewpoint[0m
[33m[WARN] [1790604264.194040694, 31.919000000]: Plan fail[0m
[31m[ERROR] [1790604264.211808157, 31.937000000]: No path to next viewpoint[0m
[33m[WARN] [1790604264.211935429, 31.937000000]: Plan fail[0m
[33m[WARN] [1790604264.219690805, 31.946000000]: Drone 1 send opt request to 2, pair opt t: 0.064000, allocate t: 0.055000[0m
[31m[ERROR] [1790604264.225492829, 31.946000000]: No path to next viewpoint[0m
[33m[WARN] [1790604264.225714899, 31.946000000]: Plan fail[0m
[31m[ERROR] [1790604264.238877727, 31.964999999]: No path to next viewpoint[0m
[33m[WARN] [1790604264.239078869, 31.964999999]: Plan fail[0m
[31m[ERROR] [1790604264.254498408, 31.974000000]: No path to next viewpoint[0m
[33m[WARN] [1790604264.254865467, 31.974000000]: Plan fail[0m
[31m[ERROR] [1790604264.266957676, 31.992000000]: No path to next viewpoint[0m
[33m[WARN] [1790604264.267155275, 31.992000000]: Plan fail[0m
[33m[WARN] [1790604264.267502699, 31.992000000]: Pair opt 1 & 2[0m
[31m[ERROR] [1790604264.270008910, 31.992000000]: No path to next viewpoint[0m
[33m[WARN] [1790604264.270214762, 31.992000000]: Plan fail[0m
[31m[ERROR] [1790604264.287709089, 32.011000000]: No path to next viewpoint[0m
[33m[WARN] [1790604264.288050759, 32.011000000]: Plan fail[0m
[31m[ERROR] [1790604264.304911310, 32.020000000]: No path to next viewpoint[0m
[33m[WARN] [1790604264.305196203, 32.029000000]: Plan fail[0m
[31m[ERROR] [1790604264.320614158, 32.039000000]: No path to next viewpoint[0m
[33m[WARN] [1790604264.321034243, 32.039000000]: Plan fail[0m
[33m[WARN] [1790604264.330045996, 32.048000000]: Drone 1 send opt request to 2, pair opt t: 0.056000, allocate t: 0.056000[0m
[31m[ERROR] [1790604264.337935773, 32.057000000]: No path to next viewpoint[0m
[33m[WARN] [1790604264.338216621, 32.057000000]: Plan fail[0m
[33m[WARN] [1790604264.338450155, 32.057000000]: Reject frequent attempt[0m
[31m[ERROR] [1790604264.353579132, 32.066000000]: No path to next viewpoint[0m
[33m[WARN] [1790604264.353753052, 32.066000000]: Plan fail[0m
[31m[ERROR] [1790604264.372864478, 32.084000000]: No path to next viewpoint[0m
[33m[WARN] [1790604264.373114437, 32.084000000]: Plan fail[0m
[31m[ERROR] [1790604264.373550196, 32.084000000]: No path to next viewpoint[0m
[33m[WARN] [1790604264.374881153, 32.084000000]: Plan fail[0m
[33m[WARN] [1790604264.378702521, 32.093000000]: get response 2[0m
[31m[ERROR] [1790604264.391694264, 32.103000000]: No path to next viewpoint[0m
[33m[WARN] [1790604264.391988160, 32.103000000]: Plan fail[0m
[31m[ERROR] [1790604264.408341875, 32.121000000]: No path to next viewpoint[0m
[33m[WARN] [1790604264.408484655, 32.121000000]: Plan fail[0m
[31m[ERROR] [1790604264.421113633, 32.130000000]: No path to next viewpoint[0m
[33m[WARN] [1790604264.421371678, 32.130000000]: Plan fail[0m
[33m[WARN] [1790604264.422032884, 32.130000000]: Pair opt 1 & 2[0m
[31m[ERROR] [1790604264.424857128, 32.139000000]: No path to next viewpoint[0m
[33m[WARN] [1790604264.425058646, 32.139000000]: Plan fail[0m
[31m[ERROR] [1790604264.441085614, 32.158000000]: No path to next viewpoint[0m
[33m[WARN] [1790604264.441364420, 32.158000000]: Plan fail[0m
[31m[ERROR] [1790604264.458674820, 32.167000000]: No path to next viewpoint[0m
[33m[WARN] [1790604264.458931407, 32.167000000]: Plan fail[0m
[31m[ERROR] [1790604264.474141258, 32.185000000]: No path to next viewpoint[0m
[33m[WARN] [1790604264.474326351, 32.185000000]: Plan fail[0m
[31m[ERROR] [1790604264.498695654, 32.203000000]: No path to next viewpoint[0m
[33m[WARN] [1790604264.499216623, 32.203000000]: Plan fail[0m
[31m[ERROR] [1790604264.504692985, 32.203000000]: Larger cost after reallocation[0m
[31m[ERROR] [1790604264.519279191, 32.222000000]: No path to next viewpoint[0m
[33m[WARN] [1790604264.519825756, 32.222000000]: Plan fail[0m
[31m[ERROR] [1790604264.538575959, 32.249000000]: No path to next viewpoint[0m
[33m[WARN] [1790604264.538815162, 32.249000000]: Plan fail[0m
[31m[ERROR] [1790604264.548847968, 32.258000000]: No path to next viewpoint[0m
[33m[WARN] [1790604264.549195725, 32.258000000]: Plan fail[0m
[33m[WARN] [1790604264.549811324, 32.258000000]: Pair opt 1 & 2[0m
[31m[ERROR] [1790604264.558895031, 32.267000000]: No path to next viewpoint[0m
[33m[WARN] [1790604264.559209313, 32.267000000]: Plan fail[0m
[31m[ERROR] [1790604264.578542349, 32.286000000]: No path to next viewpoint[0m
[33m[WARN] [1790604264.578840123, 32.286000000]: Plan fail[0m
[31m[ERROR] [1790604264.592199591, 32.304000000]: No path to next viewpoint[0m
[33m[WARN] [1790604264.592468309, 32.304000000]: Plan fail[0m
[33m[WARN] [1790604264.599459261, 32.313000000]: Drone 1 send opt request to 2, pair opt t: 0.055000, allocate t: 0.046000[0m
[31m[ERROR] [1790604264.610297844, 32.322000000]: No path to next viewpoint[0m
[33m[WARN] [1790604264.610614252, 32.322000000]: Plan fail[0m
[31m[ERROR] [1790604264.630046839, 32.340000000]: No path to next viewpoint[0m
[33m[WARN] [1790604264.630384424, 32.340000000]: Plan fail[0m
[31m[ERROR] [1790604264.644981886, 32.359000000]: No path to next viewpoint[0m
[33m[WARN] [1790604264.645630085, 32.359000000]: Plan fail[0m
[31m[ERROR] [1790604264.652587437, 32.359000000]: No path to next viewpoint[0m
[33m[WARN] [1790604264.653016443, 32.359000000]: Plan fail[0m
[33m[WARN] [1790604264.653591855, 32.359000000]: Pair opt 1 & 2[0m
[31m[ERROR] [1790604264.661504059, 32.368000000]: No path to next viewpoint[0m
[33m[WARN] [1790604264.662158053, 32.368000000]: Plan fail[0m
[31m[ERROR] [1790604264.675613736, 32.386000000]: No path to next viewpoint[0m
[33m[WARN] [1790604264.675868196, 32.386000000]: Plan fail[0m
[31m[ERROR] [1790604264.692894080, 32.404000000]: No path to next viewpoint[0m
[33m[WARN] [1790604264.693513931, 32.404000000]: Plan fail[0m
[31m[ERROR] [1790604264.718688096, 32.414000000]: No path to next viewpoint[0m
[33m[WARN] [1790604264.719314659, 32.414000000]: Plan fail[0m
[33m[WARN] [1790604264.726719276, 32.432000000]: Drone 1 send opt request to 2, pair opt t: 0.073000, allocate t: 0.064000[0m
[31m[ERROR] [1790604264.736370432, 32.441000000]: No path to next viewpoint[0m
[33m[WARN] [1790604264.736570949, 32.441000000]: Plan fail[0m
[33m[WARN] [1790604264.739665204, 32.450000000]: Reject frequent attempt[0m
[31m[ERROR] [1790604264.754319736, 32.459000000]: No path to next viewpoint[0m
[33m[WARN] [1790604264.754592289, 32.459000000]: Plan fail[0m
[31m[ERROR] [1790604264.770128428, 32.478000000]: No path to next viewpoint[0m
[33m[WARN] [1790604264.770357876, 32.478000000]: Plan fail[0m
[31m[ERROR] [1790604264.773076818, 32.478000000]: No path to next viewpoint[0m
[33m[WARN] [1790604264.773319273, 32.478000000]: Plan fail[0m
[33m[WARN] [1790604264.777482395, 32.487000000]: Pair opt 1 & 2[0m
[31m[ERROR] [1790604264.787515617, 32.496000000]: No path to next viewpoint[0m
[33m[WARN] [1790604264.787845907, 32.496000000]: Plan fail[0m
[31m[ERROR] [1790604264.803982013, 32.505000000]: No path to next viewpoint[0m
[33m[WARN] [1790604264.804827435, 32.505000000]: Plan fail[0m
[31m[ERROR] [1790604264.818447200, 32.523000000]: No path to next viewpoint[0m
[33m[WARN] [1790604264.818713250, 32.523000000]: Plan fail[0m
[31m[ERROR] [1790604264.833835224, 32.542000000]: No path to next viewpoint[0m
[33m[WARN] [1790604264.833949448, 32.542000000]: Drone 1 send opt request to 2, pair opt t: 0.055000, allocate t: 0.046000[0m
[33m[WARN] [1790604264.834907260, 32.542000000]: Plan fail[0m
[31m[ERROR] [1790604264.851057622, 32.560000000]: No path to next viewpoint[0m
[33m[WARN] [1790604264.851575881, 32.560000000]: Plan fail[0m
[31m[ERROR] [1790604264.868734081, 32.578000000]: No path to next viewpoint[0m
[33m[WARN] [1790604264.868926177, 32.578000000]: Plan fail[0m
[31m[ERROR] [1790604264.879117312, 32.587000000]: No path to next viewpoint[0m
[33m[WARN] [1790604264.879567704, 32.587000000]: Plan fail[0m
[33m[WARN] [1790604264.880310658, 32.587000000]: Pair opt 1 & 2[0m
[31m[ERROR] [1790604264.881223698, 32.587000000]: No path to next viewpoint[0m
[33m[WARN] [1790604264.881371855, 32.587000000]: Plan fail[0m
[31m[ERROR] [1790604264.893515299, 32.596000000]: No path to next viewpoint[0m
[33m[WARN] [1790604264.893711230, 32.596000000]: Plan fail[0m
[31m[ERROR] [1790604264.908445177, 32.615000000]: No path to next viewpoint[0m
[33m[WARN] [1790604264.908628060, 32.615000000]: Plan fail[0m
[31m[ERROR] [1790604264.923038261, 32.624000000]: No path to next viewpoint[0m
[33m[WARN] [1790604264.923324154, 32.624000000]: Plan fail[0m
[31m[ERROR] [1790604264.952554512, 32.651000000]: No path to next viewpoint[0m
[33m[WARN] [1790604264.952906021, 32.651000000]: Plan fail[0m
[31m[ERROR] [1790604264.970151181, 32.670000000]: No path to next viewpoint[0m
[33m[WARN] [1790604264.970392635, 32.670000000]: Drone 1 send opt request to 2, pair opt t: 0.083000, allocate t: 0.083000[0m
[33m[WARN] [1790604264.970440826, 32.670000000]: Plan fail[0m
[33m[WARN] [1790604264.973430362, 32.670000000]: Reject frequent attempt[0m
[31m[ERROR] [1790604264.990314883, 32.688000000]: No path to next viewpoint[0m
[33m[WARN] [1790604264.990556254, 32.688000000]: Plan fail[0m
[31m[ERROR] [1790604265.005220165, 32.706000000]: No path to next viewpoint[0m
[33m[WARN] [1790604265.005513187, 32.706000000]: Plan fail[0m
[31m[ERROR] [1790604265.010253097, 32.706000000]: No path to next viewpoint[0m
[33m[WARN] [1790604265.010583804, 32.706000000]: Plan fail[0m
[33m[WARN] [1790604265.014193400, 32.715000000]: Pair opt 1 & 2[0m
[31m[ERROR] [1790604265.021916509, 32.715000000]: No path to next viewpoint[0m
[33m[WARN] [1790604265.022156838, 32.715000000]: Plan fail[0m
[31m[ERROR] [1790604265.038825001, 32.734000000]: No path to next viewpoint[0m
[33m[WARN] [1790604265.039043318, 32.734000000]: Plan fail[0m
[31m[ERROR] [1790604265.054529724, 32.752000000]: No path to next viewpoint[0m
[33m[WARN] [1790604265.055277181, 32.752000000]: Plan fail[0m
[31m[ERROR] [1790604265.069249414, 32.761000000]: No path to next viewpoint[0m
[33m[WARN] [1790604265.069587708, 32.761000000]: Plan fail[0m
[33m[WARN] [1790604265.071573992, 32.770000000]: Drone 1 send opt request to 2, pair opt t: 0.055000, allocate t: 0.046000[0m
[31m[ERROR] [1790604265.084438171, 32.779000000]: No path to next viewpoint[0m
[33m[WARN] [1790604265.084806855, 32.779000000]: Plan fail[0m
[31m[ERROR] [1790604265.100980480, 32.798000000]: No path to next viewpoint[0m
[33m[WARN] [1790604265.101549764, 32.798000000]: Plan fail[0m
[31m[ERROR] [1790604265.121742022, 32.816000000]: No path to next viewpoint[0m
[33m[WARN] [1790604265.121908355, 32.816000000]: Plan fail[0m
[31m[ERROR] [1790604265.122751943, 32.816000000]: No path to next viewpoint[0m
[33m[WARN] [1790604265.122893014, 32.816000000]: Plan fail[0m
[33m[WARN] [1790604265.123144515, 32.816000000]: Pair opt 1 & 2[0m
[31m[ERROR] [1790604265.144227009, 32.834000000]: No path to next viewpoint[0m
[33m[WARN] [1790604265.144372165, 32.834000000]: Plan fail[0m
[31m[ERROR] [1790604265.160137168, 32.853000000]: No path to next viewpoint[0m
[33m[WARN] [1790604265.160381624, 32.853000000]: Plan fail[0m
[31m[ERROR] [1790604265.175009351, 32.862000000]: No path to next viewpoint[0m
[33m[WARN] [1790604265.175229169, 32.862000000]: Plan fail[0m
[31m[ERROR] [1790604265.189057746, 32.880000000]: No path to next viewpoint[0m
[33m[WARN] [1790604265.189263099, 32.880000000]: Plan fail[0m
[33m[WARN] [1790604265.205251339, 32.898000000]: Drone 1 send opt request to 2, pair opt t: 0.082000, allocate t: 0.073000[0m
[31m[ERROR] [1790604265.206695894, 32.898000000]: No path to next viewpoint[0m
[33m[WARN] [1790604265.206945144, 32.898000000]: Plan fail[0m
[33m[WARN] [1790604265.207339216, 32.898000000]: Reject frequent attempt[0m
[31m[ERROR] [1790604265.221669044, 32.908000000]: No path to next viewpoint[0m
[33m[WARN] [1790604265.221919377, 32.908000000]: Plan fail[0m
[31m[ERROR] [1790604265.236364180, 32.926000000]: No path to next viewpoint[0m
[33m[WARN] [1790604265.236837333, 32.926000000]: Plan fail[0m
[31m[ERROR] [1790604265.250789930, 32.935000000]: No path to next viewpoint[0m
[33m[WARN] [1790604265.251126140, 32.935000000]: Plan fail[0m
[31m[ERROR] [1790604265.265450215, 32.953000000]: No path to next viewpoint[0m
[33m[WARN] [1790604265.265736442, 32.953000000]: Plan fail[0m
[33m[WARN] [1790604265.266431539, 32.953000000]: Pair opt 1 & 2[0m
[31m[ERROR] [1790604265.268518082, 32.953000000]: No path to next viewpoint[0m
[33m[WARN] [1790604265.268969057, 32.953000000]: Plan fail[0m
[31m[ERROR] [1790604265.288517702, 32.971000000]: No path to next viewpoint[0m
[33m[WARN] [1790604265.288707630, 32.971000000]: Plan fail[0m
[31m[ERROR] [1790604265.304645887, 32.990000000]: No path to next viewpoint[0m
[33m[WARN] [1790604265.304847821, 32.990000000]: Plan fail[0m
[31m[ERROR] [1790604265.318853404, 32.999000000]: No path to next viewpoint[0m
[33m[WARN] [1790604265.319119995, 32.999000000]: Plan fail[0m
[33m[WARN] [1790604265.321087520, 33.008000000]: Drone 1 send opt request to 2, pair opt t: 0.055000, allocate t: 0.046000[0m
[31m[ERROR] [1790604265.338285990, 33.017000000]: No path to next viewpoint[0m
[33m[WARN] [1790604265.338543535, 33.017000000]: Plan fail[0m
[31m[ERROR] [1790604265.356408297, 33.036000000]: No path to next viewpoint[0m
[33m[WARN] [1790604265.356775147, 33.036000000]: Plan fail[0m
[31m[ERROR] [1790604265.374043193, 33.054000000]: No path to next viewpoint[0m
[33m[WARN] [1790604265.374407292, 33.054000000]: Plan fail[0m
[31m[ERROR] [1790604265.383372730, 33.063000000]: No path to next viewpoint[0m
[33m[WARN] [1790604265.383609349, 33.063000000]: Plan fail[0m
[33m[WARN] [1790604265.384412709, 33.072000000]: Pair opt 1 & 2[0m
[31m[ERROR] [1790604265.390394573, 33.072000000]: No path to next viewpoint[0m
[33m[WARN] [1790604265.390651701, 33.072000000]: Plan fail[0m
[31m[ERROR] [1790604265.409517213, 33.090000000]: No path to next viewpoint[0m
[33m[WARN] [1790604265.409839916, 33.090000000]: Plan fail[0m
[31m[ERROR] [1790604265.426153652, 33.109000000]: No path to next viewpoint[0m
[33m[WARN] [1790604265.426359588, 33.109000000]: Plan fail[0m
[31m[ERROR] [1790604265.440628886, 33.127000000]: No path to next viewpoint[0m
[33m[WARN] [1790604265.440820815, 33.127000000]: Plan fail[0m
[31m[ERROR] [1790604265.454093657, 33.136000000]: No path to next viewpoint[0m
[33m[WARN] [1790604265.454264992, 33.136000000]: Plan fail[0m
[31m[ERROR] [1790604265.469310803, 33.154000000]: No path to next viewpoint[0m
[33m[WARN] [1790604265.469562054, 33.154000000]: Plan fail[0m
[33m[WARN] [1790604265.471232055, 33.154000000]: Drone 1 send opt request to 2, pair opt t: 0.082000, allocate t: 0.082000[0m
[31m[ERROR] [1790604265.484125207, 33.164000000]: No path to next viewpoint[0m
[33m[WARN] [1790604265.484829850, 33.164000000]: Plan fail[0m
[33m[WARN] [1790604265.485325015, 33.164000000]: Reject frequent attempt[0m
[31m[ERROR] [1790604265.499723252, 33.182000000]: No path to next viewpoint[0m
[33m[WARN] [1790604265.500011146, 33.182000000]: Plan fail[0m
[31m[ERROR] [1790604265.516073798, 33.200000000]: No path to next viewpoint[0m
[33m[WARN] [1790604265.516349144, 33.200000000]: Plan fail[0m
[31m[ERROR] [1790604265.530769851, 33.209000000]: No path to next viewpoint[0m
[33m[WARN] [1790604265.531136742, 33.209000000]: Plan fail[0m
[33m[WARN] [1790604265.531833340, 33.209000000]: Pair opt 1 & 2[0m
[31m[ERROR] [1790604265.536009177, 33.218000000]: No path to next viewpoint[0m
[33m[WARN] [1790604265.536326669, 33.218000000]: Plan fail[0m
[31m[ERROR] [1790604265.559190054, 33.246000000]: No path to next viewpoint[0m
[33m[WARN] [1790604265.559419377, 33.246000000]: Plan fail[0m
[31m[ERROR] [1790604265.580400403, 33.264000000]: No path to next viewpoint[0m
[33m[WARN] [1790604265.580697469, 33.264000000]: Plan fail[0m
[33m[WARN] [1790604265.593899566, 33.273000000]: Drone 1 send opt request to 2, pair opt t: 0.064000, allocate t: 0.055000[0m
[31m[ERROR] [1790604265.597485192, 33.283000000]: No path to next viewpoint[0m
[33m[WARN] [1790604265.597856877, 33.283000000]: Plan fail[0m
[31m[ERROR] [1790604265.615777208, 33.301000000]: No path to next viewpoint[0m
[33m[WARN] [1790604265.615974515, 33.301000000]: Plan fail[0m
[31m[ERROR] [1790604265.632452250, 33.310000000]: No path to next viewpoint[0m
[33m[WARN] [1790604265.633019450, 33.310000000]: Plan fail[0m
[31m[ERROR] [1790604265.641193910, 33.319000000]: No path to next viewpoint[0m
[33m[WARN] [1790604265.641491434, 33.328000000]: Plan fail[0m
[33m[WARN] [1790604265.645366620, 33.328000000]: Pair opt 1 & 2[0m
[31m[ERROR] [1790604265.648072639, 33.328000000]: No path to next viewpoint[0m
[33m[WARN] [1790604265.648344567, 33.328000000]: Plan fail[0m
[31m[ERROR] [1790604265.663593313, 33.347000000]: No path to next viewpoint[0m
[33m[WARN] [1790604265.664087143, 33.347000000]: Plan fail[0m
[31m[ERROR] [1790604265.677921848, 33.356000000]: No path to next viewpoint[0m
[33m[WARN] [1790604265.678527401, 33.356000000]: Plan fail[0m
[31m[ERROR] [1790604265.694605936, 33.374000000]: No path to next viewpoint[0m
[33m[WARN] [1790604265.694974954, 33.374000000]: Plan fail[0m
[33m[WARN] [1790604265.702819124, 33.383000000]: Drone 1 send opt request to 2, pair opt t: 0.055000, allocate t: 0.055000[0m
[31m[ERROR] [1790604265.712111226, 33.392000000]: No path to next viewpoint[0m
[33m[WARN] [1790604265.712421881, 33.392000000]: Plan fail[0m
[33m[WARN] [1790604265.712686514, 33.392000000]: Reject frequent attempt[0m
[31m[ERROR] [1790604265.732446639, 33.411000000]: No path to next viewpoint[0m
[33m[WARN] [1790604265.733233949, 33.411000000]: Plan fail[0m
[31m[ERROR] [1790604265.755415743, 33.429000000]: No path to next viewpoint[0m
[31m[ERROR] [1790604265.755628349, 33.429000000]: No path to next viewpoint[0m
[33m[WARN] [1790604265.755774922, 33.429000000]: Plan fail[0m
[33m[WARN] [1790604265.756249576, 33.429000000]: Plan fail[0m
[33m[WARN] [1790604265.756982692, 33.429000000]: Pair opt 1 & 2[0m
[31m[ERROR] [1790604265.772576402, 33.447000000]: No path to next viewpoint[0m
[33m[WARN] [1790604265.772793260, 33.447000000]: Plan fail[0m
[31m[ERROR] [1790604265.791126130, 33.465000000]: No path to next viewpoint[0m
[33m[WARN] [1790604265.791422153, 33.465000000]: Plan fail[0m
[31m[ERROR] [1790604265.806751022, 33.484000000]: No path to next viewpoint[0m
[33m[WARN] [1790604265.807028661, 33.484000000]: Plan fail[0m
[33m[WARN] [1790604265.813347944, 33.484000000]: Drone 1 send opt request to 2, pair opt t: 0.055000, allocate t: 0.055000[0m
[31m[ERROR] [1790604265.825467084, 33.502000000]: No path to next viewpoint[0m
[33m[WARN] [1790604265.825684734, 33.502000000]: Plan fail[0m
[31m[ERROR] [1790604265.842002681, 33.520000000]: No path to next viewpoint[0m
[33m[WARN] [1790604265.842274150, 33.520000000]: Plan fail[0m
[31m[ERROR] [1790604265.859327589, 33.539000000]: No path to next viewpoint[0m
[33m[WARN] [1790604265.859584051, 33.539000000]: Plan fail[0m
[31m[ERROR] [1790604265.863635367, 33.539000000]: No path to next viewpoint[0m
[33m[WARN] [1790604265.863966908, 33.539000000]: Plan fail[0m
[33m[WARN] [1790604265.864403751, 33.539000000]: Pair opt 1 & 2[0m
[31m[ERROR] [1790604265.874451981, 33.548000000]: No path to next viewpoint[0m
[33m[WARN] [1790604265.874637282, 33.548000000]: Plan fail[0m
[31m[ERROR] [1790604265.890220069, 33.566000000]: No path to next viewpoint[0m
[33m[WARN] [1790604265.890599009, 33.566000000]: Plan fail[0m
[31m[ERROR] [1790604265.906582413, 33.575000000]: No path to next viewpoint[0m
[33m[WARN] [1790604265.906762503, 33.575000000]: Plan fail[0m
[33m[WARN] [1790604265.922284135, 33.593000000]: Drone 1 send opt request to 2, pair opt t: 0.054000, allocate t: 0.054000[0m
[31m[ERROR] [1790604265.923227607, 33.593000000]: No path to next viewpoint[0m
[33m[WARN] [1790604265.923487236, 33.593000000]: Plan fail[0m
[33m[WARN] [1790604265.923920495, 33.593000000]: Reject frequent attempt[0m
[31m[ERROR] [1790604265.945470681, 33.612000000]: No path to next viewpoint[0m
[33m[WARN] [1790604265.946060559, 33.612000000]: Plan fail[0m
[31m[ERROR] [1790604265.966431781, 33.630000000]: No path to next viewpoint[0m
[33m[WARN] [1790604265.966800424, 33.630000000]: Plan fail[0m
[31m[ERROR] [1790604265.973948830, 33.639000000]: No path to next viewpoint[0m
[33m[WARN] [1790604265.974300505, 33.639000000]: Plan fail[0m
[33m[WARN] [1790604265.974525534, 33.639000000]: Pair opt 1 & 2[0m
[31m[ERROR] [1790604265.984691490, 33.648000000]: No path to next viewpoint[0m
[33m[WARN] [1790604265.985005272, 33.648000000]: Plan fail[0m
[31m[ERROR] [1790604265.999302959, 33.667000000]: No path to next viewpoint[0m
[33m[WARN] [1790604265.999542620, 33.667000000]: Plan fail[0m
[31m[ERROR] [1790604266.019945692, 33.685000000]: No path to next viewpoint[0m
[33m[WARN] [1790604266.020396125, 33.685000000]: Plan fail[0m
[33m[WARN] [1790604266.024427014, 33.694000000]: Drone 1 send opt request to 2, pair opt t: 0.055000, allocate t: 0.046000[0m
[31m[ERROR] [1790604266.036374110, 33.703000000]: No path to next viewpoint[0m
[33m[WARN] [1790604266.036651957, 33.703000000]: Plan fail[0m
[31m[ERROR] [1790604266.048046902, 33.712000000]: No path to next viewpoint[0m
[33m[WARN] [1790604266.048331002, 33.712000000]: Plan fail[0m
[31m[ERROR] [1790604266.064918333, 33.731000000]: No path to next viewpoint[0m
[33m[WARN] [1790604266.065156994, 33.731000000]: Plan fail[0m
[31m[ERROR] [1790604266.081049020, 33.749000000]: No path to next viewpoint[0m
[33m[WARN] [1790604266.081383979, 33.749000000]: Plan fail[0m
[31m[ERROR] [1790604266.087763167, 33.758000000]: No path to next viewpoint[0m
[33m[WARN] [1790604266.087955846, 33.758000000]: Plan fail[0m
[33m[WARN] [1790604266.088742740, 33.758000000]: Pair opt 1 & 2[0m
[31m[ERROR] [1790604266.095553351, 33.758000000]: No path to next viewpoint[0m
[33m[WARN] [1790604266.095828489, 33.758000000]: Plan fail[0m
[31m[ERROR] [1790604266.112292509, 33.776000000]: No path to next viewpoint[0m
[33m[WARN] [1790604266.112530377, 33.776000000]: Plan fail[0m
[31m[ERROR] [1790604266.128343072, 33.795000000]: No path to next viewpoint[0m
[33m[WARN] [1790604266.128595198, 33.795000000]: Plan fail[0m
[31m[ERROR] [1790604266.145517321, 33.813000000]: No path to next viewpoint[0m
[33m[WARN] [1790604266.145750187, 33.813000000]: Plan fail[0m
[33m[WARN] [1790604266.158456412, 33.822000000]: Drone 1 send opt request to 2, pair opt t: 0.064000, allocate t: 0.055000[0m
[31m[ERROR] [1790604266.166454451, 33.822000000]: No path to next viewpoint[0m
[33m[WARN] [1790604266.167497264, 33.822000000]: Plan fail[0m
[33m[WARN] [1790604266.168477254, 33.822000000]: Reject frequent attempt[0m
[31m[ERROR] [1790604266.194375780, 33.850000000]: No path to next viewpoint[0m
[33m[WARN] [1790604266.194746465, 33.850000000]: Plan fail[0m
[31m[ERROR] [1790604266.207579378, 33.868000000]: No path to next viewpoint[0m
[33m[WARN] [1790604266.207825418, 33.868000000]: Plan fail[0m
[31m[ERROR] [1790604266.209340967, 33.868000000]: No path to next viewpoint[0m
[33m[WARN] [1790604266.209797570, 33.868000000]: Plan fail[0m
[33m[WARN] [1790604266.211405332, 33.868000000]: Pair opt 1 & 2[0m
[31m[ERROR] [1790604266.226302819, 33.886000000]: No path to next viewpoint[0m
[33m[WARN] [1790604266.226546190, 33.886000000]: Plan fail[0m
[31m[ERROR] [1790604266.240869515, 33.895000000]: No path to next viewpoint[0m
[33m[WARN] [1790604266.241136732, 33.895000000]: Plan fail[0m
[31m[ERROR] [1790604266.257619594, 33.914000000]: No path to next viewpoint[0m
[33m[WARN] [1790604266.257801310, 33.914000000]: Plan fail[0m
[33m[WARN] [1790604266.264309604, 33.923000000]: Drone 1 send opt request to 2, pair opt t: 0.055000, allocate t: 0.046000[0m
[31m[ERROR] [1790604266.274304474, 33.932000000]: No path to next viewpoint[0m
[33m[WARN] [1790604266.274625009, 33.932000000]: Plan fail[0m
[31m[ERROR] [1790604266.287321896, 33.941000000]: No path to next viewpoint[0m
[33m[WARN] [1790604266.287555180, 33.941000000]: Plan fail[0m
[31m[ERROR] [1790604266.300852241, 33.959000000]: No path to next viewpoint[0m
[33m[WARN] [1790604266.301061388, 33.959000000]: Plan fail[0m
[31m[ERROR] [1790604266.315767612, 33.968000000]: No path to next viewpoint[0m
[33m[WARN] [1790604266.316087272, 33.968000000]: Plan fail[0m
[31m[ERROR] [1790604266.320052920, 33.978000000]: No path to next viewpoint[0m
[33m[WARN] [1790604266.320218920, 33.978000000]: Plan fail[0m
[33m[WARN] [1790604266.320416143, 33.978000000]: Pair opt 1 & 2[0m
[31m[ERROR] [1790604266.328113449, 33.987000000]: No path to next viewpoint[0m
[33m[WARN] [1790604266.328384042, 33.987000000]: Plan fail[0m
[31m[ERROR] [1790604266.339586849, 33.996000000]: No path to next viewpoint[0m
[33m[WARN] [1790604266.339822258, 33.996000000]: Plan fail[0m
[31m[ERROR] [1790604266.356694273, 34.014000000]: No path to next viewpoint[0m
[33m[WARN] [1790604266.356876656, 34.014000000]: Plan fail[0m
[31m[ERROR] [1790604266.369086883, 34.023000000]: No path to next viewpoint[0m
[33m[WARN] [1790604266.369970658, 34.023000000]: Plan fail[0m
[31m[ERROR] [1790604266.388349427, 34.042000000]: No path to next viewpoint[0m
[33m[WARN] [1790604266.388732368, 34.042000000]: Plan fail[0m
[31m[ERROR] [1790604266.404938008, 34.060000000]: No path to next viewpoint[0m
[33m[WARN] [1790604266.405288183, 34.060000000]: Plan fail[0m
[33m[WARN] [1790604266.409541934, 34.069000000]: Drone 1 send opt request to 2, pair opt t: 0.091000, allocate t: 0.082000[0m
[31m[ERROR] [1790604266.421981276, 34.078000000]: No path to next viewpoint[0m
[33m[WARN] [1790604266.422332993, 34.078000000]: Plan fail[0m
[33m[WARN] [1790604266.424573488, 34.078000000]: Reject frequent attempt[0m
[31m[ERROR] [1790604266.442005908, 34.097000000]: No path to next viewpoint[0m
[33m[WARN] [1790604266.442216722, 34.097000000]: Plan fail[0m
[31m[ERROR] [1790604266.457604578, 34.115000000]: No path to next viewpoint[0m
[33m[WARN] [1790604266.457791255, 34.115000000]: Plan fail[0m
[31m[ERROR] [1790604266.458067060, 34.115000000]: No path to next viewpoint[0m
[33m[WARN] [1790604266.458328732, 34.115000000]: Plan fail[0m
[33m[WARN] [1790604266.461563098, 34.115000000]: Pair opt 1 & 2[0m
[31m[ERROR] [1790604266.472346404, 34.124000000]: No path to next viewpoint[0m
[33m[WARN] [1790604266.472669524, 34.124000000]: Plan fail[0m
[31m[ERROR] [1790604266.489154762, 34.142000000]: No path to next viewpoint[0m
[33m[WARN] [1790604266.489798876, 34.142000000]: Plan fail[0m
[31m[ERROR] [1790604266.506629704, 34.161000000]: No path to next viewpoint[0m
[33m[WARN] [1790604266.506870658, 34.161000000]: Plan fail[0m
[31m[ERROR] [1790604266.519933144, 34.179000000]: Larger cost after reallocation[0m
[31m[ERROR] [1790604266.521879783, 34.179000000]: No path to next viewpoint[0m
[33m[WARN] [1790604266.522144874, 34.179000000]: Plan fail[0m
[33m[WARN] [1790604266.522324714, 34.179000000]: get response 2[0m
[31m[ERROR] [1790604266.534882031, 34.188000000]: No path to next viewpoint[0m
[33m[WARN] [1790604266.535805868, 34.188000000]: Plan fail[0m
[31m[ERROR] [1790604266.549092675, 34.206000000]: No path to next viewpoint[0m
[33m[WARN] [1790604266.549417712, 34.206000000]: Plan fail[0m
[31m[ERROR] [1790604266.581188631, 34.225000000]: No path to next viewpoint[0m
[33m[WARN] [1790604266.581543517, 34.225000000]: Plan fail[0m
[31m[ERROR] [1790604266.586943883, 34.234000000]: No path to next viewpoint[0m
[33m[WARN] [1790604266.587223105, 34.234000000]: Plan fail[0m
[33m[WARN] [1790604266.587502578, 34.234000000]: Pair opt 1 & 2[0m
[31m[ERROR] [1790604266.598974395, 34.243000000]: No path to next viewpoint[0m
[33m[WARN] [1790604266.599278297, 34.243000000]: Plan fail[0m
[31m[ERROR] [1790604266.614744734, 34.261000000]: No path to next viewpoint[0m
[33m[WARN] [1790604266.615050971, 34.261000000]: Plan fail[0m
[31m[ERROR] [1790604266.633020284, 34.279000000]: No path to next viewpoint[0m
[33m[WARN] [1790604266.633253776, 34.279000000]: Plan fail[0m
[31m[ERROR] [1790604266.649868829, 34.298000000]: No path to next viewpoint[0m
[33m[WARN] [1790604266.650602654, 34.298000000]: Plan fail[0m
[33m[WARN] [1790604266.657605154, 34.307000000]: Drone 1 send opt request to 2, pair opt t: 0.073000, allocate t: 0.073000[0m
[31m[ERROR] [1790604266.663470002, 34.307000000]: No path to next viewpoint[0m
[33m[WARN] [1790604266.663612990, 34.307000000]: Plan fail[0m
[31m[ERROR] [1790604266.675350105, 34.325000000]: No path to next viewpoint[0m
[33m[WARN] [1790604266.675572508, 34.325000000]: Plan fail[0m
[31m[ERROR] [1790604266.690410090, 34.334000000]: No path to next viewpoint[0m
[33m[WARN] [1790604266.690553745, 34.334000000]: Plan fail[0m
[31m[ERROR] [1790604266.708250547, 34.353000000]: No path to next viewpoint[0m
[33m[WARN] [1790604266.708585673, 34.353000000]: Plan fail[0m
[31m[ERROR] [1790604266.717152871, 34.362000000]: No path to next viewpoint[0m
[33m[WARN] [1790604266.717317704, 34.362000000]: Plan fail[0m
[33m[WARN] [1790604266.717778517, 34.362000000]: Pair opt 1 & 2[0m
[31m[ERROR] [1790604266.725168210, 34.371000000]: No path to next viewpoint[0m
[33m[WARN] [1790604266.725418252, 34.371000000]: Plan fail[0m
[31m[ERROR] [1790604266.741029887, 34.389000000]: No path to next viewpoint[0m
[33m[WARN] [1790604266.741438841, 34.389000000]: Plan fail[0m
[31m[ERROR] [1790604266.755686920, 34.398000000]: No path to next viewpoint[0m
[33m[WARN] [1790604266.756090914, 34.398000000]: Plan fail[0m
[31m[ERROR] [1790604266.777293968, 34.417000000]: No path to next viewpoint[0m
[33m[WARN] [1790604266.777553181, 34.417000000]: Plan fail[0m
[33m[WARN] [1790604266.784532961, 34.417000000]: Drone 1 send opt request to 2, pair opt t: 0.055000, allocate t: 0.055000[0m
[31m[ERROR] [1790604266.794567976, 34.435000000]: No path to next viewpoint[0m
[33m[WARN] [1790604266.794854161, 34.435000000]: Plan fail[0m
[33m[WARN] [1790604266.798422903, 34.435000000]: Reject frequent attempt[0m
[31m[ERROR] [1790604266.814021406, 34.453000000]: No path to next viewpoint[0m
[33m[WARN] [1790604266.814147553, 34.453000000]: Plan fail[0m
[31m[ERROR] [1790604266.827035869, 34.462000000]: No path to next viewpoint[0m
[33m[WARN] [1790604266.827341355, 34.462000000]: Plan fail[0m
[31m[ERROR] [1790604266.830603610, 34.472000000]: No path to next viewpoint[0m
[33m[WARN] [1790604266.830981757, 34.472000000]: Plan fail[0m
[33m[WARN] [1790604266.834719250, 34.472000000]: Pair opt 1 & 2[0m
[31m[ERROR] [1790604266.843821799, 34.481000000]: No path to next viewpoint[0m
[33m[WARN] [1790604266.844061044, 34.481000000]: Plan fail[0m
[31m[ERROR] [1790604266.860441605, 34.499000000]: No path to next viewpoint[0m
[33m[WARN] [1790604266.860681475, 34.499000000]: Plan fail[0m
[31m[ERROR] [1790604266.878006508, 34.517000000]: No path to next viewpoint[0m
[33m[WARN] [1790604266.878355724, 34.517000000]: Plan fail[0m
[33m[WARN] [1790604266.893186761, 34.526000000]: Drone 1 send opt request to 2, pair opt t: 0.054000, allocate t: 0.054000[0m
[31m[ERROR] [1790604266.893908080, 34.536000000]: No path to next viewpoint[0m
[33m[WARN] [1790604266.894485118, 34.536000000]: Plan fail[0m
[31m[ERROR] [1790604266.908356967, 34.545000000]: No path to next viewpoint[0m
[33m[WARN] [1790604266.908669832, 34.545000000]: Plan fail[0m
[31m[ERROR] [1790604266.928747366, 34.563000000]: No path to next viewpoint[0m
[33m[WARN] [1790604266.929252410, 34.563000000]: Plan fail[0m
[31m[ERROR] [1790604266.936566815, 34.572000000]: No path to next viewpoint[0m
[33m[WARN] [1790604266.936980897, 34.572000000]: Plan fail[0m
[33m[WARN] [1790604266.937543428, 34.572000000]: Pair opt 1 & 2[0m
[31m[ERROR] [1790604266.942390225, 34.581000000]: No path to next viewpoint[0m
[33m[WARN] [1790604266.942610961, 34.581000000]: Plan fail[0m
[31m[ERROR] [1790604266.961683576, 34.600000000]: No path to next viewpoint[0m
[33m[WARN] [1790604266.961973554, 34.600000000]: Plan fail[0m
[31m[ERROR] [1790604266.984449661, 34.618000000]: No path to next viewpoint[0m
[33m[WARN] [1790604266.984812593, 34.618000000]: Plan fail[0m
[33m[WARN] [1790604266.996931941, 34.627000000]: Drone 1 send opt request to 2, pair opt t: 0.055000, allocate t: 0.055000[0m
[31m[ERROR] [1790604267.004011437, 34.636000000]: No path to next viewpoint[0m
[33m[WARN] [1790604267.004270984, 34.636000000]: Plan fail[0m
[33m[WARN] [1790604267.004626995, 34.636000000]: Reject frequent attempt[0m
[31m[ERROR] [1790604267.021436145, 34.654000000]: No path to next viewpoint[0m
[33m[WARN] [1790604267.021747509, 34.654000000]: Plan fail[0m
[31m[ERROR] [1790604267.036456527, 34.664000000]: No path to next viewpoint[0m
[31m[ERROR] [1790604267.036561079, 34.664000000]: No path to next viewpoint[0m
[33m[WARN] [1790604267.036830297, 34.664000000]: Plan fail[0m
[33m[WARN] [1790604267.037122693, 34.664000000]: Plan fail[0m
[33m[WARN] [1790604267.040428762, 34.673000000]: Pair opt 1 & 2[0m
[31m[ERROR] [1790604267.051873648, 34.682000000]: No path to next viewpoint[0m
[33m[WARN] [1790604267.052097010, 34.682000000]: Plan fail[0m
[31m[ERROR] [1790604267.071549940, 34.700000000]: No path to next viewpoint[0m
[33m[WARN] [1790604267.071869141, 34.700000000]: Plan fail[0m
[31m[ERROR] [1790604267.091249701, 34.718000000]: No path to next viewpoint[0m
[33m[WARN] [1790604267.091780383, 34.718000000]: Plan fail[0m
[33m[WARN] [1790604267.102045888, 34.728000000]: Drone 1 send opt request to 2, pair opt t: 0.055000, allocate t: 0.055000[0m
[31m[ERROR] [1790604267.108802598, 34.737000000]: No path to next viewpoint[0m
[33m[WARN] [1790604267.109056850, 34.737000000]: Plan fail[0m
[31m[ERROR] [1790604267.125659981, 34.755000000]: No path to next viewpoint[0m
[33m[WARN] [1790604267.125872504, 34.755000000]: Plan fail[0m
[31m[ERROR] [1790604267.141256817, 34.764000000]: No path to next viewpoint[0m
[33m[WARN] [1790604267.141502148, 34.764000000]: Plan fail[0m
[31m[ERROR] [1790604267.150597069, 34.773000000]: No path to next viewpoint[0m
[33m[WARN] [1790604267.150904264, 34.773000000]: Plan fail[0m
[33m[WARN] [1790604267.151328976, 34.773000000]: Pair opt 1 & 2[0m
[31m[ERROR] [1790604267.156561549, 34.783000000]: No path to next viewpoint[0m
[33m[WARN] [1790604267.156762691, 34.783000000]: Plan fail[0m
[31m[ERROR] [1790604267.172460203, 34.792000000]: No path to next viewpoint[0m
[33m[WARN] [1790604267.172783031, 34.792000000]: Plan fail[0m
[31m[ERROR] [1790604267.189569920, 34.810000000]: No path to next viewpoint[0m
[33m[WARN] [1790604267.189777399, 34.810000000]: Plan fail[0m
[31m[ERROR] [1790604267.209115188, 34.829000000]: No path to next viewpoint[0m
[33m[WARN] [1790604267.209270349, 34.829000000]: Plan fail[0m
[31m[ERROR] [1790604267.222762383, 34.838000000]: No path to next viewpoint[0m
[33m[WARN] [1790604267.222958398, 34.838000000]: Plan fail[0m
[33m[WARN] [1790604267.225826623, 34.847000000]: Drone 1 send opt request to 2, pair opt t: 0.074000, allocate t: 0.065000[0m
[31m[ERROR] [1790604267.243119432, 34.865000000]: No path to next viewpoint[0m
[33m[WARN] [1790604267.243845545, 34.865000000]: Plan fail[0m
[33m[WARN] [1790604267.244099046, 34.865000000]: Reject frequent attempt[0m
[31m[ERROR] [1790604267.266226354, 34.883000000]: No path to next viewpoint[0m
[33m[WARN] [1790604267.266411155, 34.883000000]: Plan fail[0m
[31m[ERROR] [1790604267.289736937, 34.901000000]: No path to next viewpoint[0m
[33m[WARN] [1790604267.290945041, 34.901000000]: Plan fail[0m
[33m[WARN] [1790604267.295648933, 34.911000000]: Pair opt 1 & 2[0m
[31m[ERROR] [1790604267.303008278, 34.920000000]: No path to next viewpoint[0m
[33m[WARN] [1790604267.304545838, 34.920000000]: Plan fail[0m
[31m[ERROR] [1790604267.351205448, 34.965000000]: No path to next viewpoint[0m
[33m[WARN] [1790604267.351486421, 34.965000000]: Plan fail[0m
[33m[WARN] [1790604267.372917340, 34.984000000]: Drone 1 send opt request to 2, pair opt t: 0.073000, allocate t: 0.073000[0m
[31m[ERROR] [1790604267.382875108, 34.993000000]: No path to next viewpoint[0m
[33m[WARN] [1790604267.383110142, 34.993000000]: Plan fail[0m
[31m[ERROR] [1790604267.397090295, 35.002000000]: No path to next viewpoint[0m
[33m[WARN] [1790604267.397410997, 35.002000000]: Plan fail[0m
[31m[ERROR] [1790604267.422203346, 35.020000000]: No path to next viewpoint[0m
[33m[WARN] [1790604267.422522130, 35.020000000]: Plan fail[0m
[31m[ERROR] [1790604267.444964679, 35.039000000]: No path to next viewpoint[0m
[33m[WARN] [1790604267.445201381, 35.039000000]: Plan fail[0m
[33m[WARN] [1790604267.445581487, 35.039000000]: Pair opt 1 & 2[0m
[31m[ERROR] [1790604267.447358875, 35.039000000]: No path to next viewpoint[0m
[33m[WARN] [1790604267.448067896, 35.039000000]: Plan fail[0m
[31m[ERROR] [1790604267.471750690, 35.066000000]: No path to next viewpoint[0m
[33m[WARN] [1790604267.472138384, 35.066000000]: Plan fail[0m
[31m[ERROR] [1790604267.490399468, 35.084000000]: No path to next viewpoint[0m
[33m[WARN] [1790604267.490653178, 35.084000000]: Plan fail[0m
[31m[ERROR] [1790604267.516762727, 35.103000000]: No path to next viewpoint[0m
[33m[WARN] [1790604267.517480377, 35.103000000]: Plan fail[0m
[33m[WARN] [1790604267.516908716, 35.103000000]: Drone 1 send opt request to 2, pair opt t: 0.064000, allocate t: 0.064000[0m
[33m[WARN] [1790604267.518306748, 35.103000000]: Reject frequent attempt[0m
[31m[ERROR] [1790604267.535470659, 35.121000000]: No path to next viewpoint[0m
[33m[WARN] [1790604267.536976328, 35.121000000]: Plan fail[0m
[31m[ERROR] [1790604267.558737662, 35.148000000]: No path to next viewpoint[0m
[33m[WARN] [1790604267.559261591, 35.148000000]: Plan fail[0m
[31m[ERROR] [1790604267.573075744, 35.158000000]: No path to next viewpoint[0m
[33m[WARN] [1790604267.573463896, 35.158000000]: Plan fail[0m
[33m[WARN] [1790604267.573872100, 35.167000000]: Pair opt 1 & 2[0m
[31m[ERROR] [1790604267.578477277, 35.167000000]: No path to next viewpoint[0m
[33m[WARN] [1790604267.578888899, 35.167000000]: Plan fail[0m
[31m[ERROR] [1790604267.601435876, 35.194000000]: No path to next viewpoint[0m
[33m[WARN] [1790604267.601738819, 35.194000000]: Plan fail[0m
[31m[ERROR] [1790604267.622711842, 35.212000000]: No path to next viewpoint[0m
[33m[WARN] [1790604267.622972305, 35.212000000]: Plan fail[0m
[31m[ERROR] [1790604267.648386631, 35.231000000]: No path to next viewpoint[0m
[33m[WARN] [1790604267.648852030, 35.231000000]: Plan fail[0m
[33m[WARN] [1790604267.652551254, 35.240000000]: Drone 1 send opt request to 2, pair opt t: 0.073000, allocate t: 0.073000[0m
[31m[ERROR] [1790604267.674060170, 35.258000000]: No path to next viewpoint[0m
[33m[WARN] [1790604267.674352607, 35.258000000]: Plan fail[0m
[31m[ERROR] [1790604267.691046617, 35.276000000]: No path to next viewpoint[0m
[33m[WARN] [1790604267.691296617, 35.276000000]: Plan fail[0m
[31m[ERROR] [1790604267.710268932, 35.295000000]: No path to next viewpoint[0m
[33m[WARN] [1790604267.710614354, 35.295000000]: Plan fail[0m
[31m[ERROR] [1790604267.711919173, 35.295000000]: No path to next viewpoint[0m
[33m[WARN] [1790604267.712320499, 35.295000000]: Plan fail[0m
[33m[WARN] [1790604267.716051363, 35.304000000]: Pair opt 1 & 2[0m
[31m[ERROR] [1790604267.731838336, 35.313000000]: No path to next viewpoint[0m
[33m[WARN] [1790604267.732123395, 35.313000000]: Plan fail[0m
[31m[ERROR] [1790604267.752089040, 35.340000000]: No path to next viewpoint[0m
[33m[WARN] [1790604267.752548227, 35.340000000]: Plan fail[0m
[31m[ERROR] [1790604267.768661363, 35.350000000]: No path to next viewpoint[0m
[33m[WARN] [1790604267.768980398, 35.350000000]: Plan fail[0m
[33m[WARN] [1790604267.781465429, 35.359000000]: Drone 1 send opt request to 2, pair opt t: 0.055000, allocate t: 0.055000[0m
[31m[ERROR] [1790604267.794106538, 35.368000000]: No path to next viewpoint[0m
[33m[WARN] [1790604267.794881175, 35.377000000]: Plan fail[0m
[33m[WARN] [1790604267.795277123, 35.377000000]: Reject frequent attempt[0m
[31m[ERROR] [1790604267.812750730, 35.386000000]: No path to next viewpoint[0m
[33m[WARN] [1790604267.813105116, 35.386000000]: Plan fail[0m
[31m[ERROR] [1790604267.829199325, 35.404000000]: No path to next viewpoint[0m
[33m[WARN] [1790604267.829487136, 35.404000000]: Plan fail[0m
[31m[ERROR] [1790604267.846301080, 35.423000000]: No path to next viewpoint[0m
[33m[WARN] [1790604267.848528569, 35.423000000]: Plan fail[0m
[31m[ERROR] [1790604267.849752597, 35.423000000]: No path to next viewpoint[0m
[33m[WARN] [1790604267.850037906, 35.423000000]: Plan fail[0m
[33m[WARN] [1790604267.849912385, 35.423000000]: Pair opt 1 & 2[0m
[31m[ERROR] [1790604267.875010470, 35.441000000]: No path to next viewpoint[0m
[33m[WARN] [1790604267.875493586, 35.450000000]: Plan fail[0m
[31m[ERROR] [1790604267.897101468, 35.468000000]: No path to next viewpoint[0m
[33m[WARN] [1790604267.897484076, 35.468000000]: Plan fail[0m
[31m[ERROR] [1790604267.916874933, 35.487000000]: No path to next viewpoint[0m
[33m[WARN] [1790604267.917632979, 35.487000000]: Plan fail[0m
[33m[WARN] [1790604267.925465268, 35.496000000]: Drone 1 send opt request to 2, pair opt t: 0.073000, allocate t: 0.073000[0m
[31m[ERROR] [1790604267.935722060, 35.505000000]: No path to next viewpoint[0m
[33m[WARN] [1790604267.936522335, 35.505000000]: Plan fail[0m
[31m[ERROR] [1790604267.957131259, 35.523000000]: No path to next viewpoint[0m
[33m[WARN] [1790604267.957481476, 35.523000000]: Plan fail[0m
[31m[ERROR] [1790604267.976067306, 35.542000000]: No path to next viewpoint[0m
[33m[WARN] [1790604267.976308635, 35.542000000]: Plan fail[0m
[31m[ERROR] [1790604267.976326144, 35.542000000]: No path to next viewpoint[0m
[33m[WARN] [1790604267.977020783, 35.542000000]: Plan fail[0m
[33m[WARN] [1790604267.977340067, 35.542000000]: Pair opt 1 & 2[0m
[31m[ERROR] [1790604267.996496766, 35.560000000]: No path to next viewpoint[0m
[33m[WARN] [1790604267.996841772, 35.560000000]: Plan fail[0m
[31m[ERROR] [1790604268.013547370, 35.578000000]: No path to next viewpoint[0m
[33m[WARN] [1790604268.013869364, 35.578000000]: Plan fail[0m
[31m[ERROR] [1790604268.030549200, 35.596000000]: No path to next viewpoint[0m
[33m[WARN] [1790604268.031020936, 35.596000000]: Plan fail[0m
[33m[WARN] [1790604268.043481913, 35.606000000]: Drone 1 send opt request to 2, pair opt t: 0.064000, allocate t: 0.054000[0m
[31m[ERROR] [1790604268.048434889, 35.606000000]: No path to next viewpoint[0m
[33m[WARN] [1790604268.048768889, 35.606000000]: Plan fail[0m
[33m[WARN] [1790604268.049009259, 35.606000000]: Reject frequent attempt[0m
[31m[ERROR] [1790604268.065340254, 35.615000000]: No path to next viewpoint[0m
[33m[WARN] [1790604268.065635943, 35.615000000]: Plan fail[0m
[31m[ERROR] [1790604268.086430460, 35.642000000]: No path to next viewpoint[0m
[33m[WARN] [1790604268.086963602, 35.642000000]: Plan fail[0m
[31m[ERROR] [1790604268.102428830, 35.651000000]: No path to next viewpoint[0m
[33m[WARN] [1790604268.102633850, 35.651000000]: Plan fail[0m
[33m[WARN] [1790604268.102957928, 35.651000000]: Pair opt 1 & 2[0m
[31m[ERROR] [1790604268.106675119, 35.661000000]: No path to next viewpoint[0m
[33m[WARN] [1790604268.106935666, 35.661000000]: Plan fail[0m
[31m[ERROR] [1790604268.124245858, 35.670000000]: No path to next viewpoint[0m
[33m[WARN] [1790604268.124812642, 35.670000000]: Plan fail[0m
[31m[ERROR] [1790604268.145643427, 35.697000000]: No path to next viewpoint[0m
[33m[WARN] [1790604268.146014362, 35.697000000]: Plan fail[0m
[31m[ERROR] [1790604268.160986761, 35.706000000]: No path to next viewpoint[0m
[33m[WARN] [1790604268.161303711, 35.706000000]: Plan fail[0m
[33m[WARN] [1790604268.178110152, 35.725000000]: Drone 1 send opt request to 2, pair opt t: 0.074000, allocate t: 0.074000[0m
[31m[ERROR] [1790604268.183595185, 35.725000000]: No path to next viewpoint[0m
[33m[WARN] [1790604268.183950529, 35.725000000]: Plan fail[0m
[31m[ERROR] [1790604268.199738586, 35.743000000]: No path to next viewpoint[0m
[33m[WARN] [1790604268.199987169, 35.743000000]: Plan fail[0m
[31m[ERROR] [1790604268.216217947, 35.761000000]: No path to next viewpoint[0m
[33m[WARN] [1790604268.216607808, 35.761000000]: Plan fail[0m
[31m[ERROR] [1790604268.220685221, 35.761000000]: No path to next viewpoint[0m
[33m[WARN] [1790604268.221014760, 35.761000000]: Plan fail[0m
[33m[WARN] [1790604268.221429426, 35.761000000]: Pair opt 1 & 2[0m
[31m[ERROR] [1790604268.231792897, 35.770000000]: No path to next viewpoint[0m
[33m[WARN] [1790604268.232237161, 35.770000000]: Plan fail[0m
[31m[ERROR] [1790604268.255276883, 35.789000000]: No path to next viewpoint[0m
[33m[WARN] [1790604268.255523715, 35.789000000]: Plan fail[0m
[31m[ERROR] [1790604268.272305226, 35.807000000]: No path to next viewpoint[0m
[33m[WARN] [1790604268.272681414, 35.807000000]: Plan fail[0m
[33m[WARN] [1790604268.287457715, 35.807000000]: Drone 1 send opt request to 2, pair opt t: 0.046000, allocate t: 0.046000[0m
[31m[ERROR] [1790604268.306837442, 35.834000000]: No path to next viewpoint[0m
[33m[WARN] [1790604268.307097614, 35.834000000]: Plan fail[0m
[33m[WARN] [1790604268.307348239, 35.834000000]: Reject frequent attempt[0m
[31m[ERROR] [1790604268.330222295, 35.853000000]: No path to next viewpoint[0m
[33m[WARN] [1790604268.330384793, 35.853000000]: Plan fail[0m
[31m[ERROR] [1790604268.344659260, 35.871000000]: No path to next viewpoint[0m
[33m[WARN] [1790604268.345151881, 35.871000000]: Plan fail[0m
[33m[WARN] [1790604268.345969748, 35.871000000]: Pair opt 1 & 2[0m
[31m[ERROR] [1790604268.351512310, 35.880000000]: No path to next viewpoint[0m
[33m[WARN] [1790604268.351692192, 35.880000000]: Plan fail[0m
[31m[ERROR] [1790604268.374131989, 35.898000000]: No path to next viewpoint[0m
[33m[WARN] [1790604268.374367940, 35.898000000]: Plan fail[0m
[31m[ERROR] [1790604268.393168128, 35.917000000]: No path to next viewpoint[0m
[33m[WARN] [1790604268.393441264, 35.917000000]: Plan fail[0m
[33m[WARN] [1790604268.409098214, 35.926000000]: Drone 1 send opt request to 2, pair opt t: 0.055000, allocate t: 0.055000[0m
[31m[ERROR] [1790604268.409196304, 35.926000000]: No path to next viewpoint[0m
[33m[WARN] [1790604268.409656743, 35.926000000]: Plan fail[0m
[31m[ERROR] [1790604268.426105713, 35.944000000]: No path to next viewpoint[0m
[33m[WARN] [1790604268.426458848, 35.944000000]: Plan fail[0m
[31m[ERROR] [1790604268.442245404, 35.962000000]: No path to next viewpoint[0m
[33m[WARN] [1790604268.442427161, 35.962000000]: Plan fail[0m
[31m[ERROR] [1790604268.457438830, 35.971000000]: No path to next viewpoint[0m
[33m[WARN] [1790604268.457777750, 35.971000000]: Plan fail[0m
[31m[ERROR] [1790604268.473419108, 35.981000000]: No path to next viewpoint[0m
[33m[WARN] [1790604268.473854742, 35.981000000]: Plan fail[0m
[33m[WARN] [1790604268.474129922, 35.981000000]: Pair opt 1 & 2[0m
[31m[ERROR] [1790604268.482329936, 35.999000000]: No path to next viewpoint[0m
[33m[WARN] [1790604268.482629252, 35.999000000]: Plan fail[0m
[31m[ERROR] [1790604268.496135377, 36.008000000]: No path to next viewpoint[0m
[33m[WARN] [1790604268.496590480, 36.008000000]: Plan fail[0m
[31m[ERROR] [1790604268.526048326, 36.026000000]: No path to next viewpoint[0m
[33m[WARN] [1790604268.526346475, 36.026000000]: Plan fail[0m
[31m[ERROR] [1790604268.544257009, 36.046999999]: No path to next viewpoint[0m
[33m[WARN] [1790604268.544565247, 36.046999999]: Plan fail[0m
[33m[WARN] [1790604268.548492668, 36.055999999]: Drone 1 send opt request to 2, pair opt t: 0.075000, allocate t: 0.066000[0m
[31m[ERROR] [1790604268.565260006, 36.064999999]: No path to next viewpoint[0m
[33m[WARN] [1790604268.565617726, 36.064999999]: Plan fail[0m
[33m[WARN] [1790604268.565916167, 36.064999999]: Reject frequent attempt[0m
[31m[ERROR] [1790604268.579522050, 36.082999999]: No path to next viewpoint[0m
[33m[WARN] [1790604268.579703474, 36.082999999]: Plan fail[0m
[31m[ERROR] [1790604268.594816110, 36.100999999]: No path to next viewpoint[0m
[33m[WARN] [1790604268.595061024, 36.100999999]: Plan fail[0m
[31m[ERROR] [1790604268.596094457, 36.100999999]: No path to next viewpoint[0m
[33m[WARN] [1790604268.596327240, 36.100999999]: Plan fail[0m
[33m[WARN] [1790604268.600151693, 36.100999999]: Pair opt 1 & 2[0m
[31m[ERROR] [1790604268.607581489, 36.109999999]: No path to next viewpoint[0m
[33m[WARN] [1790604268.607858252, 36.109999999]: Plan fail[0m
[31m[ERROR] [1790604268.622106206, 36.128000000]: No path to next viewpoint[0m
[33m[WARN] [1790604268.622455964, 36.128000000]: Plan fail[0m
[31m[ERROR] [1790604268.636898349, 36.137000000]: No path to next viewpoint[0m
[33m[WARN] [1790604268.637165565, 36.137000000]: Plan fail[0m
[31m[ERROR] [1790604268.654121081, 36.155000000]: No path to next viewpoint[0m
[33m[WARN] [1790604268.654320097, 36.155000000]: Plan fail[0m
[33m[WARN] [1790604268.665820136, 36.164000000]: Drone 1 send opt request to 2, pair opt t: 0.063000, allocate t: 0.063000[0m
[31m[ERROR] [1790604268.666899592, 36.164000000]: No path to next viewpoint[0m
[33m[WARN] [1790604268.667026613, 36.164000000]: Plan fail[0m
[31m[ERROR] [1790604268.678494803, 36.182000000]: No path to next viewpoint[0m
[33m[WARN] [1790604268.679103482, 36.182000000]: Plan fail[0m
[31m[ERROR] [1790604268.692798034, 36.191000000]: No path to next viewpoint[0m
[33m[WARN] [1790604268.693156213, 36.191000000]: Plan fail[0m
[31m[ERROR] [1790604268.700198024, 36.200000000]: No path to next viewpoint[0m
[33m[WARN] [1790604268.700410297, 36.200000000]: Plan fail[0m
[33m[WARN] [1790604268.700983167, 36.200000000]: get response 1[0m
[31m[ERROR] [1790604268.710966447, 36.209000000]: No path to next viewpoint[0m
[33m[WARN] [1790604268.711213821, 36.209000000]: Plan fail[0m
[31m[ERROR] [1790604268.728401244, 36.218000000]: No path to next viewpoint[0m
[33m[WARN] [1790604268.728773972, 36.218000000]: Plan fail[0m
[31m[ERROR] [1790604268.745798355, 36.237000000]: No path to next viewpoint[0m
[33m[WARN] [1790604268.746108385, 36.237000000]: Plan fail[0m
[31m[ERROR] [1790604268.751029302, 36.246000000]: No path to next viewpoint[0m
[33m[WARN] [1790604268.751397736, 36.246000000]: Plan fail[0m
[31m[ERROR] [1790604268.760367802, 36.255000000]: No path to next viewpoint[0m
[33m[WARN] [1790604268.760552770, 36.255000000]: Plan fail[0m
[31m[ERROR] [1790604268.772691545, 36.264000000]: No path to next viewpoint[0m
[33m[WARN] [1790604268.773050766, 36.264000000]: Plan fail[0m
[31m[ERROR] [1790604268.786499779, 36.273000000]: No path to next viewpoint[0m
[33m[WARN] [1790604268.786757324, 36.273000000]: Plan fail[0m
[31m[ERROR] [1790604268.802666191, 36.292000000]: No path to next viewpoint[0m
[31m[ERROR] [1790604268.802781707, 36.292000000]: No path to next viewpoint[0m
[33m[WARN] [1790604268.803085734, 36.292000000]: Plan fail[0m
[33m[WARN] [1790604268.802879589, 36.292000000]: Plan fail[0m
[31m[ERROR] [1790604268.817931528, 36.310000000]: No path to next viewpoint[0m
[33m[WARN] [1790604268.818195118, 36.310000000]: Plan fail[0m
[31m[ERROR] [1790604268.833290954, 36.319000000]: No path to next viewpoint[0m
[33m[WARN] [1790604268.833571803, 36.319000000]: Plan fail[0m
[31m[ERROR] [1790604268.845736549, 36.337000000]: No path to next viewpoint[0m
[33m[WARN] [1790604268.845959660, 36.337000000]: Plan fail[0m
[31m[ERROR] [1790604268.856567920, 36.347000000]: No path to next viewpoint[0m
[33m[WARN] [1790604268.856803246, 36.347000000]: Plan fail[0m
[31m[ERROR] [1790604268.861352186, 36.347000000]: No path to next viewpoint[0m
[33m[WARN] [1790604268.861577257, 36.347000000]: Plan fail[0m
[31m[ERROR] [1790604268.878565705, 36.365000000]: No path to next viewpoint[0m
[33m[WARN] [1790604268.878942977, 36.365000000]: Plan fail[0m
[31m[ERROR] [1790604268.893901786, 36.383000000]: No path to next viewpoint[0m
[33m[WARN] [1790604268.894084502, 36.383000000]: Plan fail[0m
[31m[ERROR] [1790604268.899464441, 36.383000000]: No path to next viewpoint[0m
[33m[WARN] [1790604268.899957896, 36.383000000]: Plan fail[0m
[31m[ERROR] [1790604268.911472484, 36.401000000]: No path to next viewpoint[0m
[33m[WARN] [1790604268.911807985, 36.401000000]: Plan fail[0m
[31m[ERROR] [1790604268.933396274, 36.411000000]: No path to next viewpoint[0m
[33m[WARN] [1790604268.933772545, 36.411000000]: Plan fail[0m
[31m[ERROR] [1790604268.943503408, 36.429000000]: No path to next viewpoint[0m
[33m[WARN] [1790604268.943933748, 36.429000000]: Plan fail[0m
[31m[ERROR] [1790604268.960410774, 36.447000000]: No path to next viewpoint[0m
[33m[WARN] [1790604268.960683160, 36.447000000]: Plan fail[0m
[31m[ERROR] [1790604268.983590566, 36.465000000]: No path to next viewpoint[0m
[33m[WARN] [1790604268.984034163, 36.465000000]: Plan fail[0m
[31m[ERROR] [1790604268.992975048, 36.475000000]: No path to next viewpoint[0m
[33m[WARN] [1790604268.993428858, 36.484000000]: Plan fail[0m
[31m[ERROR] [1790604268.997695574, 36.484000000]: No path to next viewpoint[0m
[33m[WARN] [1790604268.998016526, 36.484000000]: Plan fail[0m
[31m[ERROR] [1790604269.018161302, 36.502000000]: No path to next viewpoint[0m
[33m[WARN] [1790604269.018529902, 36.502000000]: Plan fail[0m
[31m[ERROR] [1790604269.031837178, 36.511000000]: No path to next viewpoint[0m
[33m[WARN] [1790604269.032646749, 36.511000000]: Plan fail[0m
[31m[ERROR] [1790604269.037292529, 36.520000000]: No path to next viewpoint[0m
[33m[WARN] [1790604269.037519142, 36.520000000]: Plan fail[0m
[31m[ERROR] [1790604269.047072375, 36.529000000]: No path to next viewpoint[0m
[33m[WARN] [1790604269.047461194, 36.529000000]: Plan fail[0m
[31m[ERROR] [1790604269.069608721, 36.548000000]: No path to next viewpoint[0m
[33m[WARN] [1790604269.070438177, 36.548000000]: Plan fail[0m
[31m[ERROR] [1790604269.084094585, 36.566000000]: No path to next viewpoint[0m
[31m[ERROR] [1790604269.084161494, 36.566000000]: No path to next viewpoint[0m
[33m[WARN] [1790604269.084427376, 36.566000000]: Plan fail[0m
[33m[WARN] [1790604269.084641067, 36.566000000]: Plan fail[0m
[31m[ERROR] [1790604269.103831240, 36.584000000]: No path to next viewpoint[0m
[33m[WARN] [1790604269.104235734, 36.584000000]: Plan fail[0m
[31m[ERROR] [1790604269.120136555, 36.603000000]: No path to next viewpoint[0m
[33m[WARN] [1790604269.120368588, 36.603000000]: Plan fail[0m
[31m[ERROR] [1790604269.133237769, 36.612000000]: No path to next viewpoint[0m
[33m[WARN] [1790604269.133413816, 36.612000000]: Plan fail[0m
[31m[ERROR] [1790604269.135936326, 36.612000000]: No path to next viewpoint[0m
[33m[WARN] [1790604269.138396848, 36.612000000]: Plan fail[0m
[31m[ERROR] [1790604269.156849528, 36.630000000]: No path to next viewpoint[0m
[33m[WARN] [1790604269.157078309, 36.630000000]: Plan fail[0m
[31m[ERROR] [1790604269.175000307, 36.648000000]: No path to next viewpoint[0m
[33m[WARN] [1790604269.175221459, 36.648000000]: Plan fail[0m
[31m[ERROR] [1790604269.182853398, 36.658000000]: No path to next viewpoint[0m
[33m[WARN] [1790604269.183130328, 36.658000000]: Plan fail[0m
[31m[ERROR] [1790604269.192658048, 36.667000000]: No path to next viewpoint[0m
[33m[WARN] [1790604269.192885162, 36.667000000]: Plan fail[0m
[31m[ERROR] [1790604269.209710487, 36.676000000]: No path to next viewpoint[0m
[33m[WARN] [1790604269.209947939, 36.676000000]: Plan fail[0m
[31m[ERROR] [1790604269.223490248, 36.694000000]: No path to next viewpoint[0m
[33m[WARN] [1790604269.223785229, 36.694000000]: Plan fail[0m
[31m[ERROR] [1790604269.224241832, 36.694000000]: No path to next viewpoint[0m
[33m[WARN] [1790604269.224522931, 36.694000000]: Plan fail[0m
[31m[ERROR] [1790604269.234723279, 36.703000000]: No path to next viewpoint[0m
[33m[WARN] [1790604269.234860347, 36.703000000]: Plan fail[0m
[31m[ERROR] [1790604269.254677626, 36.721000000]: No path to next viewpoint[0m
[33m[WARN] [1790604269.255107757, 36.721000000]: Plan fail[0m
[31m[ERROR] [1790604269.269113507, 36.740000000]: No path to next viewpoint[0m
[33m[WARN] [1790604269.269429706, 36.740000000]: Plan fail[0m
[33m[WARN] [1790604269.269692838, 36.740000000]: Pair opt 1 & 2[0m
[31m[ERROR] [1790604269.270829323, 36.740000000]: No path to next viewpoint[0m
[33m[WARN] [1790604269.271160822, 36.740000000]: Plan fail[0m
[31m[ERROR] [1790604269.292556347, 36.758000000]: No path to next viewpoint[0m
[33m[WARN] [1790604269.292694583, 36.758000000]: Plan fail[0m
[31m[ERROR] [1790604269.311853449, 36.776000000]: No path to next viewpoint[0m
[33m[WARN] [1790604269.312062471, 36.776000000]: Plan fail[0m
[31m[ERROR] [1790604269.326773072, 36.795000000]: No path to next viewpoint[0m
[33m[WARN] [1790604269.327042874, 36.795000000]: Plan fail[0m
[33m[WARN] [1790604269.340251433, 36.804000000]: Drone 1 send opt request to 2, pair opt t: 0.064000, allocate t: 0.064000[0m
[31m[ERROR] [1790604269.349674184, 36.804000000]: No path to next viewpoint[0m
[33m[WARN] [1790604269.350179853, 36.804000000]: Plan fail[0m
[31m[ERROR] [1790604269.369291321, 36.831000000]: No path to next viewpoint[0m
[33m[WARN] [1790604269.369462906, 36.831000000]: Plan fail[0m
[31m[ERROR] [1790604269.388509800, 36.850000000]: No path to next viewpoint[0m
[33m[WARN] [1790604269.388834796, 36.850000000]: Plan fail[0m
[33m[WARN] [1790604269.389341216, 36.850000000]: Pair opt 1 & 2[0m
[31m[ERROR] [1790604269.393269679, 36.859000000]: No path to next viewpoint[0m
[33m[WARN] [1790604269.393478450, 36.859000000]: Plan fail[0m
[31m[ERROR] [1790604269.408751499, 36.868000000]: No path to next viewpoint[0m
[33m[WARN] [1790604269.409039518, 36.868000000]: Plan fail[0m
[31m[ERROR] [1790604269.424685004, 36.886000000]: No path to next viewpoint[0m
[33m[WARN] [1790604269.424916078, 36.886000000]: Plan fail[0m
[31m[ERROR] [1790604269.442256744, 36.904000000]: No path to next viewpoint[0m
[33m[WARN] [1790604269.442494946, 36.904000000]: Plan fail[0m
[31m[ERROR] [1790604269.444658069, 36.904000000]: Larger cost after reallocation[0m
[33m[WARN] [1790604269.448854958, 36.914000000]: get response 1[0m
[31m[ERROR] [1790604269.461657939, 36.923000000]: No path to next viewpoint[0m
[33m[WARN] [1790604269.462132468, 36.923000000]: Plan fail[0m
[31m[ERROR] [1790604269.477236641, 36.941000000]: No path to next viewpoint[0m
[33m[WARN] [1790604269.477387634, 36.941000000]: Plan fail[0m
[31m[ERROR] [1790604269.496372496, 36.959000000]: No path to next viewpoint[0m
[33m[WARN] [1790604269.496742098, 36.959000000]: Plan fail[0m
[31m[ERROR] [1790604269.505768442, 36.968000000]: No path to next viewpoint[0m
[33m[WARN] [1790604269.506231882, 36.968000000]: Plan fail[0m
[31m[ERROR] [1790604269.511907885, 36.968000000]: No path to next viewpoint[0m
[33m[WARN] [1790604269.512154300, 36.968000000]: Plan fail[0m
[31m[ERROR] [1790604269.530545199, 36.987000000]: No path to next viewpoint[0m
[33m[WARN] [1790604269.530758931, 36.987000000]: Plan fail[0m
[31m[ERROR] [1790604269.547593844, 37.005000000]: No path to next viewpoint[0m
[33m[WARN] [1790604269.548327544, 37.005000000]: Plan fail[0m
[31m[ERROR] [1790604269.559521889, 37.014000000]: No path to next viewpoint[0m
[33m[WARN] [1790604269.559939139, 37.014000000]: Plan fail[0m
[31m[ERROR] [1790604269.576382856, 37.023000000]: No path to next viewpoint[0m
[33m[WARN] [1790604269.576813197, 37.023000000]: Plan fail[0m
[31m[ERROR] [1790604269.598984777, 37.051000000]: No path to next viewpoint[0m
[33m[WARN] [1790604269.599419911, 37.060000000]: Plan fail[0m
[31m[ERROR] [1790604269.612645937, 37.069000000]: No path to next viewpoint[0m
[33m[WARN] [1790604269.612953841, 37.069000000]: Plan fail[0m
[31m[ERROR] [1790604269.613780671, 37.069000000]: No path to next viewpoint[0m
[33m[WARN] [1790604269.613936332, 37.069000000]: Plan fail[0m
[31m[ERROR] [1790604269.633386511, 37.087000000]: No path to next viewpoint[0m
[33m[WARN] [1790604269.633632050, 37.087000000]: Plan fail[0m
[31m[ERROR] [1790604269.647949789, 37.106000000]: No path to next viewpoint[0m
[33m[WARN] [1790604269.648166022, 37.106000000]: Plan fail[0m
[31m[ERROR] [1790604269.655146886, 37.115000000]: No path to next viewpoint[0m
[33m[WARN] [1790604269.655535163, 37.115000000]: Plan fail[0m
[31m[ERROR] [1790604269.665763816, 37.124000000]: No path to next viewpoint[0m
[33m[WARN] [1790604269.666033034, 37.124000000]: Plan fail[0m
[31m[ERROR] [1790604269.681083347, 37.133000000]: No path to next viewpoint[0m
[33m[WARN] [1790604269.681756934, 37.142000000]: Plan fail[0m
[31m[ERROR] [1790604269.696787237, 37.151000000]: No path to next viewpoint[0m
[31m[ERROR] [1790604269.696866902, 37.151000000]: No path to next viewpoint[0m
[33m[WARN] [1790604269.697154212, 37.151000000]: Plan fail[0m
[33m[WARN] [1790604269.697024981, 37.151000000]: Plan fail[0m
[31m[ERROR] [1790604269.717190183, 37.170000000]: No path to next viewpoint[0m
[33m[WARN] [1790604269.717550155, 37.170000000]: Plan fail[0m
[31m[ERROR] [1790604269.733356679, 37.188000000]: No path to next viewpoint[0m
[33m[WARN] [1790604269.733568327, 37.188000000]: Plan fail[0m
[31m[ERROR] [1790604269.744142736, 37.197000000]: No path to next viewpoint[0m
[33m[WARN] [1790604269.744444095, 37.197000000]: Plan fail[0m
[31m[ERROR] [1790604269.747105342, 37.206000000]: No path to next viewpoint[0m
[33m[WARN] [1790604269.747298230, 37.206000000]: Plan fail[0m
[31m[ERROR] [1790604269.760101670, 37.215000000]: No path to next viewpoint[0m
[33m[WARN] [1790604269.760312776, 37.215000000]: Plan fail[0m
[31m[ERROR] [1790604269.777905651, 37.225000000]: No path to next viewpoint[0m
[33m[WARN] [1790604269.778269833, 37.225000000]: Plan fail[0m
[31m[ERROR] [1790604269.793638680, 37.243000000]: No path to next viewpoint[0m
[33m[WARN] [1790604269.793893766, 37.243000000]: Plan fail[0m
[31m[ERROR] [1790604269.800755403, 37.252000000]: No path to next viewpoint[0m
[33m[WARN] [1790604269.801201043, 37.252000000]: Plan fail[0m
[31m[ERROR] [1790604269.810937242, 37.261000000]: No path to next viewpoint[0m
[33m[WARN] [1790604269.811163397, 37.261000000]: Plan fail[0m
[31m[ERROR] [1790604269.824335313, 37.279000000]: No path to next viewpoint[0m
[33m[WARN] [1790604269.824545084, 37.279000000]: Plan fail[0m
[31m[ERROR] [1790604269.837989261, 37.289000000]: No path to next viewpoint[0m
[33m[WARN] [1790604269.838404635, 37.289000000]: Plan fail[0m
[31m[ERROR] [1790604269.853860818, 37.307000000]: No path to next viewpoint[0m
[33m[WARN] [1790604269.854330970, 37.307000000]: Plan fail[0m
[31m[ERROR] [1790604269.860692690, 37.307000000]: No path to next viewpoint[0m
[33m[WARN] [1790604269.861301245, 37.307000000]: Plan fail[0m
[31m[ERROR] [1790604269.870306537, 37.316000000]: No path to next viewpoint[0m
[33m[WARN] [1790604269.870799158, 37.316000000]: Plan fail[0m
[31m[ERROR] [1790604269.886525142, 37.334000000]: No path to next viewpoint[0m
[33m[WARN] [1790604269.886855182, 37.334000000]: Plan fail[0m
[31m[ERROR] [1790604269.903478239, 37.353000000]: No path to next viewpoint[0m
[33m[WARN] [1790604269.903742163, 37.353000000]: Plan fail[0m
[31m[ERROR] [1790604269.907688510, 37.353000000]: No path to next viewpoint[0m
[33m[WARN] [1790604269.907893404, 37.353000000]: Plan fail[0m
[31m[ERROR] [1790604269.918376393, 37.371000000]: No path to next viewpoint[0m
[33m[WARN] [1790604269.918856258, 37.371000000]: Plan fail[0m
[31m[ERROR] [1790604269.933077698, 37.380000000]: No path to next viewpoint[0m
[33m[WARN] [1790604269.933435460, 37.380000000]: Plan fail[0m
[31m[ERROR] [1790604269.945751324, 37.398000000]: No path to next viewpoint[0m
[33m[WARN] [1790604269.946654358, 37.398000000]: Plan fail[0m
[31m[ERROR] [1790604269.951973767, 37.398000000]: No path to next viewpoint[0m
[33m[WARN] [1790604269.952378469, 37.398000000]: Plan fail[0m
[31m[ERROR] [1790604269.974348824, 37.417000000]: No path to next viewpoint[0m
[33m[WARN] [1790604269.975329314, 37.417000000]: Plan fail[0m
[31m[ERROR] [1790604269.995325765, 37.435000000]: No path to next viewpoint[0m
[33m[WARN] [1790604269.995662350, 37.435000000]: Plan fail[0m
[31m[ERROR] [1790604270.001526155, 37.444000000]: No path to next viewpoint[0m
[33m[WARN] [1790604270.001862907, 37.444000000]: Plan fail[0m
[33m[WARN] [1790604270.002084601, 37.444000000]: Pair opt 1 & 2[0m
[31m[ERROR] [1790604270.012983506, 37.454000000]: No path to next viewpoint[0m
[33m[WARN] [1790604270.013320925, 37.454000000]: Plan fail[0m
[31m[ERROR] [1790604270.026491924, 37.472000000]: No path to next viewpoint[0m
[33m[WARN] [1790604270.026767228, 37.472000000]: Plan fail[0m
[31m[ERROR] [1790604270.040696272, 37.481000000]: No path to next viewpoint[0m
[33m[WARN] [1790604270.040910296, 37.481000000]: Plan fail[0m
[31m[ERROR] [1790604270.058452604, 37.499000000]: No path to next viewpoint[0m
[33m[WARN] [1790604270.058723782, 37.499000000]: Plan fail[0m
[33m[WARN] [1790604270.061052654, 37.499000000]: Drone 1 send opt request to 2, pair opt t: 0.055000, allocate t: 0.055000[0m
[31m[ERROR] [1790604270.073273511, 37.517000000]: No path to next viewpoint[0m
[33m[WARN] [1790604270.073831165, 37.517000000]: Plan fail[0m
[31m[ERROR] [1790604270.086690508, 37.526000000]: No path to next viewpoint[0m
[33m[WARN] [1790604270.086982654, 37.526000000]: Plan fail[0m
[31m[ERROR] [1790604270.101114216, 37.545000000]: No path to next viewpoint[0m
[33m[WARN] [1790604270.101435752, 37.545000000]: Plan fail[0m
[31m[ERROR] [1790604270.111167240, 37.554000000]: No path to next viewpoint[0m
[33m[WARN] [1790604270.111439710, 37.554000000]: Plan fail[0m
[33m[WARN] [1790604270.111865131, 37.554000000]: Pair opt 1 & 2[0m
[31m[ERROR] [1790604270.117002990, 37.554000000]: No path to next viewpoint[0m
[33m[WARN] [1790604270.117221891, 37.554000000]: Plan fail[0m
[31m[ERROR] [1790604270.133810056, 37.572000000]: No path to next viewpoint[0m
[33m[WARN] [1790604270.134004570, 37.572000000]: Plan fail[0m
[31m[ERROR] [1790604270.148044253, 37.590000000]: No path to next viewpoint[0m
[33m[WARN] [1790604270.148457876, 37.590000000]: Plan fail[0m
[31m[ERROR] [1790604270.161529784, 37.600000000]: No path to next viewpoint[0m
[33m[WARN] [1790604270.161799044, 37.600000000]: Plan fail[0m
[31m[ERROR] [1790604270.178615739, 37.609000000]: No path to next viewpoint[0m
[33m[WARN] [1790604270.178870867, 37.609000000]: Plan fail[0m
[33m[WARN] [1790604270.185393627, 37.618000000]: Drone 1 send opt request to 2, pair opt t: 0.064000, allocate t: 0.064000[0m
[31m[ERROR] [1790604270.195969954, 37.627000000]: No path to next viewpoint[0m
[33m[WARN] [1790604270.196254346, 37.627000000]: Plan fail[0m
[33m[WARN] [1790604270.196536779, 37.627000000]: Reject frequent attempt[0m
[31m[ERROR] [1790604270.212766598, 37.645000000]: No path to next viewpoint[0m
[33m[WARN] [1790604270.212874110, 37.645000000]: Plan fail[0m
[31m[ERROR] [1790604270.225527725, 37.654000000]: No path to next viewpoint[0m
[33m[WARN] [1790604270.225693558, 37.654000000]: Plan fail[0m
[31m[ERROR] [1790604270.232457814, 37.664000000]: No path to next viewpoint[0m
[33m[WARN] [1790604270.232681592, 37.664000000]: Plan fail[0m
[33m[WARN] [1790604270.239934675, 37.673000000]: Pair opt 1 & 2[0m
[31m[ERROR] [1790604270.241861180, 37.673000000]: No path to next viewpoint[0m
[33m[WARN] [1790604270.241978530, 37.673000000]: Plan fail[0m
[31m[ERROR] [1790604270.257785013, 37.691000000]: No path to next viewpoint[0m
[33m[WARN] [1790604270.258036138, 37.691000000]: Plan fail[0m
[31m[ERROR] [1790604270.272084200, 37.700000000]: No path to next viewpoint[0m
[33m[WARN] [1790604270.272351042, 37.700000000]: Plan fail[0m
[31m[ERROR] [1790604270.286612002, 37.718000000]: No path to next viewpoint[0m
[33m[WARN] [1790604270.286863044, 37.718000000]: Plan fail[0m
[33m[WARN] [1790604270.294616502, 37.728000000]: Drone 1 send opt request to 2, pair opt t: 0.055000, allocate t: 0.045000[0m
[31m[ERROR] [1790604270.300670945, 37.728000000]: No path to next viewpoint[0m
[33m[WARN] [1790604270.300811432, 37.728000000]: Plan fail[0m
[31m[ERROR] [1790604270.312842819, 37.746000000]: No path to next viewpoint[0m
[33m[WARN] [1790604270.313092903, 37.746000000]: Plan fail[0m
[31m[ERROR] [1790604270.326922814, 37.755000000]: No path to next viewpoint[0m
[33m[WARN] [1790604270.327212417, 37.755000000]: Plan fail[0m
[31m[ERROR] [1790604270.344465373, 37.773000000]: No path to next viewpoint[0m
[33m[WARN] [1790604270.344636041, 37.773000000]: Plan fail[0m
[31m[ERROR] [1790604270.349270608, 37.773000000]: No path to next viewpoint[0m
[33m[WARN] [1790604270.349715622, 37.773000000]: Plan fail[0m
[33m[WARN] [1790604270.350085140, 37.773000000]: Pair opt 1 & 2[0m
[31m[ERROR] [1790604270.360055581, 37.783000000]: No path to next viewpoint[0m
[33m[WARN] [1790604270.360495092, 37.783000000]: Plan fail[0m
[31m[ERROR] [1790604270.377982123, 37.810000000]: No path to next viewpoint[0m
[33m[WARN] [1790604270.378330797, 37.810000000]: Plan fail[0m
[31m[ERROR] [1790604270.404266759, 37.819000000]: No path to next viewpoint[0m
[33m[WARN] [1790604270.405047565, 37.819000000]: Plan fail[0m
[31m[ERROR] [1790604270.421484947, 37.846000000]: No path to next viewpoint[0m
[33m[WARN] [1790604270.422115679, 37.846000000]: Plan fail[0m
[31m[ERROR] [1790604270.423140858, 37.846000000]: Larger cost after reallocation[0m
[33m[WARN] [1790604270.423678751, 37.846000000]: get response 1[0m
[31m[ERROR] [1790604270.439644022, 37.865000000]: No path to next viewpoint[0m
[33m[WARN] [1790604270.440012456, 37.865000000]: Plan fail[0m
[31m[ERROR] [1790604270.458981811, 37.883000000]: No path to next viewpoint[0m
[33m[WARN] [1790604270.459210217, 37.883000000]: Plan fail[0m
[31m[ERROR] [1790604270.468981391, 37.892000000]: No path to next viewpoint[0m
[33m[WARN] [1790604270.469301426, 37.892000000]: Plan fail[0m
[31m[ERROR] [1790604270.477013864, 37.901000000]: No path to next viewpoint[0m
[33m[WARN] [1790604270.477246772, 37.901000000]: Plan fail[0m
[31m[ERROR] [1790604270.494776866, 37.920000000]: No path to next viewpoint[0m
[33m[WARN] [1790604270.494997560, 37.920000000]: Plan fail[0m
[31m[ERROR] [1790604270.512427312, 37.938000000]: No path to next viewpoint[0m
[33m[WARN] [1790604270.512873993, 37.938000000]: Plan fail[0m
[31m[ERROR] [1790604270.521562419, 37.947000000]: No path to next viewpoint[0m
[33m[WARN] [1790604270.522158550, 37.947000000]: Plan fail[0m
[31m[ERROR] [1790604270.529099644, 37.956000000]: No path to next viewpoint[0m
[33m[WARN] [1790604270.529291531, 37.956000000]: Plan fail[0m
[31m[ERROR] [1790604270.548311870, 37.975000000]: No path to next viewpoint[0m
[33m[WARN] [1790604270.548582089, 37.975000000]: Plan fail[0m
[31m[ERROR] [1790604270.565556655, 37.993000000]: No path to next viewpoint[0m
[33m[WARN] [1790604270.566048234, 37.993000000]: Plan fail[0m
[31m[ERROR] [1790604270.569775263, 37.993000000]: No path to next viewpoint[0m
[33m[WARN] [1790604270.570321578, 37.993000000]: Plan fail[0m
[31m[ERROR] [1790604270.582389567, 38.002000000]: No path to next viewpoint[0m
[33m[WARN] [1790604270.582771300, 38.002000000]: Plan fail[0m
[31m[ERROR] [1790604270.611858836, 38.039000000]: No path to next viewpoint[0m
[33m[WARN] [1790604270.612255910, 38.039000000]: Plan fail[0m
[31m[ERROR] [1790604270.622032712, 38.048000000]: No path to next viewpoint[0m
[33m[WARN] [1790604270.622213094, 38.048000000]: Plan fail[0m
[31m[ERROR] [1790604270.630123047, 38.048000000]: No path to next viewpoint[0m
[33m[WARN] [1790604270.630320813, 38.048000000]: Plan fail[0m
[31m[ERROR] [1790604270.646365456, 38.066000000]: No path to next viewpoint[0m
[33m[WARN] [1790604270.646690702, 38.066000000]: Plan fail[0m
[31m[ERROR] [1790604270.661034078, 38.084000000]: No path to next viewpoint[0m
[33m[WARN] [1790604270.661190656, 38.084000000]: Plan fail[0m
[31m[ERROR] [1790604270.674567592, 38.093000000]: No path to next viewpoint[0m
[33m[WARN] [1790604270.674847273, 38.093000000]: Plan fail[0m
[31m[ERROR] [1790604270.678891169, 38.103000000]: No path to next viewpoint[0m
[33m[WARN] [1790604270.679089351, 38.103000000]: Plan fail[0m
[31m[ERROR] [1790604270.693190565, 38.112000000]: No path to next viewpoint[0m
[33m[WARN] [1790604270.693417804, 38.112000000]: Plan fail[0m
[31m[ERROR] [1790604270.707104685, 38.130000000]: No path to next viewpoint[0m
[33m[WARN] [1790604270.707428931, 38.130000000]: Plan fail[0m
[31m[ERROR] [1790604270.719781812, 38.139000000]: No path to next viewpoint[0m
[33m[WARN] [1790604270.720011552, 38.139000000]: Plan fail[0m
[31m[ERROR] [1790604270.725093675, 38.148000000]: No path to next viewpoint[0m
[33m[WARN] [1790604270.725353764, 38.148000000]: Plan fail[0m
[31m[ERROR] [1790604270.738697849, 38.158000000]: No path to next viewpoint[0m
[33m[WARN] [1790604270.739003418, 38.158000000]: Plan fail[0m
[31m[ERROR] [1790604270.753453098, 38.176000000]: No path to next viewpoint[0m
[33m[WARN] [1790604270.753767880, 38.176000000]: Plan fail[0m
[31m[ERROR] [1790604270.767150110, 38.185000000]: No path to next viewpoint[0m
[33m[WARN] [1790604270.767355504, 38.185000000]: Plan fail[0m
[31m[ERROR] [1790604270.773911822, 38.194000000]: No path to next viewpoint[0m
[33m[WARN] [1790604270.774164115, 38.194000000]: Plan fail[0m
[31m[ERROR] [1790604270.785884847, 38.203000000]: No path to next viewpoint[0m
[33m[WARN] [1790604270.786169656, 38.203000000]: Plan fail[0m
[31m[ERROR] [1790604270.803366667, 38.222000000]: No path to next viewpoint[0m
[33m[WARN] [1790604270.803751276, 38.222000000]: Plan fail[0m
[31m[ERROR] [1790604270.820832312, 38.231000000]: No path to next viewpoint[0m
[33m[WARN] [1790604270.821203873, 38.231000000]: Plan fail[0m
[31m[ERROR] [1790604270.822848570, 38.231000000]: No path to next viewpoint[0m
[33m[WARN] [1790604270.823202455, 38.231000000]: Plan fail[0m
[31m[ERROR] [1790604270.840717792, 38.249000000]: No path to next viewpoint[0m
[33m[WARN] [1790604270.841013190, 38.249000000]: Plan fail[0m
[31m[ERROR] [1790604270.854936523, 38.267000000]: No path to next viewpoint[0m
[33m[WARN] [1790604270.855196027, 38.267000000]: Plan fail[0m
[31m[ERROR] [1790604270.869461490, 38.286000000]: No path to next viewpoint[0m
[33m[WARN] [1790604270.869628865, 38.286000000]: Plan fail[0m
[31m[ERROR] [1790604270.870825297, 38.286000000]: No path to next viewpoint[0m
[33m[WARN] [1790604270.871147207, 38.286000000]: Plan fail[0m
[31m[ERROR] [1790604270.886289400, 38.295000000]: No path to next viewpoint[0m
[33m[WARN] [1790604270.886644869, 38.295000000]: Plan fail[0m
[31m[ERROR] [1790604270.904383067, 38.313000000]: No path to next viewpoint[0m
[33m[WARN] [1790604270.907080623, 38.322000000]: Plan fail[0m
[31m[ERROR] [1790604270.912667582, 38.322000000]: No path to next viewpoint[0m
[33m[WARN] [1790604270.913239743, 38.322000000]: Plan fail[0m
[31m[ERROR] [1790604270.921257917, 38.331000000]: No path to next viewpoint[0m
[33m[WARN] [1790604270.921685797, 38.331000000]: Plan fail[0m
[31m[ERROR] [1790604270.940015166, 38.350000000]: No path to next viewpoint[0m
[33m[WARN] [1790604270.940251784, 38.350000000]: Plan fail[0m
[31m[ERROR] [1790604270.957519038, 38.359000000]: No path to next viewpoint[0m
[33m[WARN] [1790604270.957774458, 38.359000000]: Plan fail[0m
[31m[ERROR] [1790604270.959057682, 38.368000000]: No path to next viewpoint[0m
[33m[WARN] [1790604270.959342992, 38.368000000]: Plan fail[0m
[33m[WARN] [1790604270.959608624, 38.368000000]: Pair opt 1 & 2[0m
[31m[ERROR] [1790604270.971684534, 38.377000000]: No path to next viewpoint[0m
[33m[WARN] [1790604270.972158855, 38.377000000]: Plan fail[0m
[31m[ERROR] [1790604270.987662811, 38.395000000]: No path to next viewpoint[0m
[33m[WARN] [1790604270.987812303, 38.395000000]: Plan fail[0m
[31m[ERROR] [1790604271.000344065, 38.404000000]: No path to next viewpoint[0m
[33m[WARN] [1790604271.000637170, 38.404000000]: Plan fail[0m
[33m[WARN] [1790604271.011112030, 38.414000000]: Drone 1 send opt request to 2, pair opt t: 0.046000, allocate t: 0.036000[0m
[31m[ERROR] [1790604271.017817006, 38.423000000]: No path to next viewpoint[0m
[33m[WARN] [1790604271.018042702, 38.423000000]: Plan fail[0m
[31m[ERROR] [1790604271.037916259, 38.441000000]: No path to next viewpoint[0m
[33m[WARN] [1790604271.038202152, 38.441000000]: Plan fail[0m
[31m[ERROR] [1790604271.054202148, 38.459000000]: No path to next viewpoint[0m
[33m[WARN] [1790604271.054634280, 38.459000000]: Plan fail[0m
[31m[ERROR] [1790604271.057831711, 38.459000000]: No path to next viewpoint[0m
[33m[WARN] [1790604271.058036647, 38.459000000]: Plan fail[0m
[33m[WARN] [1790604271.061448436, 38.468000000]: Pair opt 1 & 2[0m
[31m[ERROR] [1790604271.066377899, 38.468000000]: No path to next viewpoint[0m
[33m[WARN] [1790604271.066726532, 38.468000000]: Plan fail[0m
[31m[ERROR] [1790604271.088855090, 38.487000000]: No path to next viewpoint[0m
[33m[WARN] [1790604271.089139316, 38.487000000]: Plan fail[0m
[31m[ERROR] [1790604271.103507621, 38.505000000]: No path to next viewpoint[0m
[33m[WARN] [1790604271.103720978, 38.505000000]: Plan fail[0m
[31m[ERROR] [1790604271.118592243, 38.523000000]: No path to next viewpoint[0m
[33m[WARN] [1790604271.118761369, 38.523000000]: Plan fail[0m
[33m[WARN] [1790604271.124656732, 38.523000000]: Drone 1 send opt request to 2, pair opt t: 0.055000, allocate t: 0.055000[0m
[31m[ERROR] [1790604271.135117960, 38.533000000]: No path to next viewpoint[0m
[33m[WARN] [1790604271.135660023, 38.533000000]: Plan fail[0m
[33m[WARN] [1790604271.136036544, 38.533000000]: Reject frequent attempt[0m
[31m[ERROR] [1790604271.151898596, 38.551000000]: No path to next viewpoint[0m
[33m[WARN] [1790604271.152139508, 38.551000000]: Plan fail[0m
[31m[ERROR] [1790604271.168071971, 38.569000000]: No path to next viewpoint[0m
[33m[WARN] [1790604271.168361532, 38.569000000]: Plan fail[0m
[31m[ERROR] [1790604271.175239344, 38.578000000]: No path to next viewpoint[0m
[33m[WARN] [1790604271.175531740, 38.578000000]: Plan fail[0m
[33m[WARN] [1790604271.176018609, 38.578000000]: Pair opt 1 & 2[0m
[31m[ERROR] [1790604271.185051331, 38.587000000]: No path to next viewpoint[0m
[33m[WARN] [1790604271.185292994, 38.587000000]: Plan fail[0m
[31m[ERROR] [1790604271.200288529, 38.596000000]: No path to next viewpoint[0m
[33m[WARN] [1790604271.200800744, 38.596000000]: Plan fail[0m
[31m[ERROR] [1790604271.224571498, 38.624000000]: No path to next viewpoint[0m
[33m[WARN] [1790604271.224928927, 38.624000000]: Plan fail[0m
[33m[WARN] [1790604271.236200977, 38.624000000]: Drone 1 send opt request to 2, pair opt t: 0.046000, allocate t: 0.046000[0m
[31m[ERROR] [1790604271.247861596, 38.642000000]: No path to next viewpoint[0m
[33m[WARN] [1790604271.248357844, 38.642000000]: Plan fail[0m
[31m[ERROR] [1790604271.268285261, 38.661000000]: No path to next viewpoint[0m
[33m[WARN] [1790604271.268831159, 38.661000000]: Plan fail[0m
[31m[ERROR] [1790604271.279210929, 38.679000000]: No path to next viewpoint[0m
[33m[WARN] [1790604271.279563730, 38.679000000]: Plan fail[0m
[33m[WARN] [1790604271.283833031, 38.679000000]: Pair opt 1 & 2[0m
[31m[ERROR] [1790604271.294153939, 38.688000000]: No path to next viewpoint[0m
[33m[WARN] [1790604271.294352288, 38.688000000]: Plan fail[0m
[31m[ERROR] [1790604271.311323102, 38.706000000]: No path to next viewpoint[0m
[33m[WARN] [1790604271.311599740, 38.706000000]: Plan fail[0m
[31m[ERROR] [1790604271.327006732, 38.725000000]: No path to next viewpoint[0m
[33m[WARN] [1790604271.327819221, 38.725000000]: Plan fail[0m
[31m[ERROR] [1790604271.344638043, 38.734000000]: No path to next viewpoint[0m
[33m[WARN] [1790604271.344853151, 38.743000000]: Plan fail[0m
[33m[WARN] [1790604271.347666682, 38.743000000]: Drone 1 send opt request to 2, pair opt t: 0.064000, allocate t: 0.064000[0m
[31m[ERROR] [1790604271.360904297, 38.752000000]: No path to next viewpoint[0m
[33m[WARN] [1790604271.361194359, 38.752000000]: Plan fail[0m
[33m[WARN] [1790604271.361661009, 38.752000000]: Reject frequent attempt[0m
[31m[ERROR] [1790604271.379855643, 38.770000000]: No path to next viewpoint[0m
[33m[WARN] [1790604271.380304326, 38.770000000]: Plan fail[0m
[31m[ERROR] [1790604271.394188473, 38.789000000]: No path to next viewpoint[0m
[33m[WARN] [1790604271.394368187, 38.789000000]: Plan fail[0m
[31m[ERROR] [1790604271.397261842, 38.789000000]: No path to next viewpoint[0m
[33m[WARN] [1790604271.397525390, 38.789000000]: Plan fail[0m
[33m[WARN] [1790604271.397849511, 38.789000000]: Pair opt 1 & 2[0m
[31m[ERROR] [1790604271.410567366, 38.798000000]: No path to next viewpoint[0m
[33m[WARN] [1790604271.410794230, 38.798000000]: Plan fail[0m
[31m[ERROR] [1790604271.430652487, 38.816000000]: No path to next viewpoint[0m
[33m[WARN] [1790604271.430901653, 38.816000000]: Plan fail[0m
[31m[ERROR] [1790604271.445859212, 38.825000000]: No path to next viewpoint[0m
[33m[WARN] [1790604271.446031173, 38.825000000]: Plan fail[0m
[33m[WARN] [1790604271.447567899, 38.834000000]: Drone 1 send opt request to 2, pair opt t: 0.045000, allocate t: 0.036000[0m
[31m[ERROR] [1790604271.466455880, 38.853000000]: No path to next viewpoint[0m
[33m[WARN] [1790604271.466805513, 38.853000000]: Plan fail[0m
[31m[ERROR] [1790604271.479637718, 38.862000000]: No path to next viewpoint[0m
[33m[WARN] [1790604271.479972718, 38.862000000]: Plan fail[0m
[31m[ERROR] [1790604271.488944369, 38.871000000]: No path to next viewpoint[0m
[33m[WARN] [1790604271.489245644, 38.871000000]: Plan fail[0m
[33m[WARN] [1790604271.495268362, 38.880000000]: get response 1[0m
[31m[ERROR] [1790604271.500423022, 38.880000000]: No path to next viewpoint[0m
[33m[WARN] [1790604271.500676732, 38.880000000]: Plan fail[0m
[31m[ERROR] [1790604271.516588934, 38.898000000]: No path to next viewpoint[0m
[33m[WARN] [1790604271.516925727, 38.898000000]: Plan fail[0m
[31m[ERROR] [1790604271.535405629, 38.917000000]: No path to next viewpoint[0m
[33m[WARN] [1790604271.535663842, 38.917000000]: Plan fail[0m
[31m[ERROR] [1790604271.540103310, 38.926000000]: No path to next viewpoint[0m
[33m[WARN] [1790604271.540426013, 38.926000000]: Plan fail[0m
[31m[ERROR] [1790604271.550760553, 38.935000000]: No path to next viewpoint[0m
[33m[WARN] [1790604271.550985290, 38.935000000]: Plan fail[0m
[31m[ERROR] [1790604271.567667210, 38.944000000]: No path to next viewpoint[0m
[33m[WARN] [1790604271.567987746, 38.944000000]: Plan fail[0m
[31m[ERROR] [1790604271.582584749, 38.962000000]: No path to next viewpoint[0m
[33m[WARN] [1790604271.582930088, 38.962000000]: Plan fail[0m
[31m[ERROR] [1790604271.583059778, 38.962000000]: No path to next viewpoint[0m
[33m[WARN] [1790604271.584080538, 38.962000000]: Plan fail[0m
[31m[ERROR] [1790604271.598330951, 38.981000000]: No path to next viewpoint[0m
[33m[WARN] [1790604271.598539264, 38.981000000]: Plan fail[0m
[31m[ERROR] [1790604271.616755159, 38.999000000]: No path to next viewpoint[0m
[33m[WARN] [1790604271.617412487, 38.999000000]: Plan fail[0m
[31m[ERROR] [1790604271.634485853, 39.009000000]: No path to next viewpoint[0m
[33m[WARN] [1790604271.634851161, 39.009000000]: Plan fail[0m
[31m[ERROR] [1790604271.645207586, 39.018000000]: No path to next viewpoint[0m
[33m[WARN] [1790604271.645728096, 39.018000000]: Plan fail[0m
[31m[ERROR] [1790604271.670079224, 39.045000000]: No path to next viewpoint[0m
[33m[WARN] [1790604271.670419769, 39.045000000]: Plan fail[0m
[31m[ERROR] [1790604271.678795413, 39.054000000]: No path to next viewpoint[0m
[33m[WARN] [1790604271.679049582, 39.054000000]: Plan fail[0m
[31m[ERROR] [1790604271.688123075, 39.063000000]: No path to next viewpoint[0m
[33m[WARN] [1790604271.688484464, 39.063000000]: Plan fail[0m
[31m[ERROR] [1790604271.704437436, 39.081000000]: No path to next viewpoint[0m
[33m[WARN] [1790604271.705022937, 39.081000000]: Plan fail[0m
[31m[ERROR] [1790604271.721748796, 39.100000000]: No path to next viewpoint[0m
[33m[WARN] [1790604271.722486915, 39.100000000]: Plan fail[0m
[31m[ERROR] [1790604271.730223239, 39.109000000]: No path to next viewpoint[0m
[33m[WARN] [1790604271.730437597, 39.109000000]: Plan fail[0m
[31m[ERROR] [1790604271.737496499, 39.118000000]: No path to next viewpoint[0m
[33m[WARN] [1790604271.737829541, 39.118000000]: Plan fail[0m
[31m[ERROR] [1790604271.753615221, 39.127000000]: No path to next viewpoint[0m
[33m[WARN] [1790604271.753810235, 39.127000000]: Plan fail[0m
[31m[ERROR] [1790604271.772195799, 39.145000000]: No path to next viewpoint[0m
[33m[WARN] [1790604271.772573029, 39.145000000]: Plan fail[0m
[31m[ERROR] [1790604271.776537177, 39.154000000]: No path to next viewpoint[0m
[33m[WARN] [1790604271.776700967, 39.154000000]: Plan fail[0m
[31m[ERROR] [1790604271.786202757, 39.164000000]: No path to next viewpoint[0m
[33m[WARN] [1790604271.786453049, 39.164000000]: Plan fail[0m
[31m[ERROR] [1790604271.802202169, 39.173000000]: No path to next viewpoint[0m
[33m[WARN] [1790604271.802527040, 39.173000000]: Plan fail[0m
[31m[ERROR] [1790604271.818899556, 39.191000000]: No path to next viewpoint[0m
[33m[WARN] [1790604271.819077645, 39.191000000]: Plan fail[0m
[31m[ERROR] [1790604271.826845568, 39.200000000]: No path to next viewpoint[0m
[33m[WARN] [1790604271.827134463, 39.200000000]: Plan fail[0m
[31m[ERROR] [1790604271.839962540, 39.209000000]: No path to next viewpoint[0m
[33m[WARN] [1790604271.840581725, 39.209000000]: Plan fail[0m
[31m[ERROR] [1790604271.861912676, 39.218000000]: No path to next viewpoint[0m
[33m[WARN] [1790604271.862390540, 39.237000000]: Plan fail[0m
[31m[ERROR] [1790604271.875447399, 39.246000000]: No path to next viewpoint[0m
[33m[WARN] [1790604271.875633784, 39.246000000]: Plan fail[0m
[31m[ERROR] [1790604271.880729830, 39.255000000]: No path to next viewpoint[0m
[33m[WARN] [1790604271.881135200, 39.255000000]: Plan fail[0m
[31m[ERROR] [1790604271.898003921, 39.273000000]: No path to next viewpoint[0m
[33m[WARN] [1790604271.898418337, 39.273000000]: Plan fail[0m
[31m[ERROR] [1790604271.916218107, 39.292000000]: No path to next viewpoint[0m
[33m[WARN] [1790604271.916529388, 39.292000000]: Plan fail[0m
[31m[ERROR] [1790604271.920655825, 39.292000000]: No path to next viewpoint[0m
[33m[WARN] [1790604271.920990617, 39.292000000]: Plan fail[0m
[31m[ERROR] [1790604271.930533178, 39.301000000]: No path to next viewpoint[0m
[33m[WARN] [1790604271.931554397, 39.301000000]: Plan fail[0m
[31m[ERROR] [1790604271.948577112, 39.319000000]: No path to next viewpoint[0m
[33m[WARN] [1790604271.948965514, 39.319000000]: Plan fail[0m
[31m[ERROR] [1790604271.962255614, 39.337000000]: No path to next viewpoint[0m
[33m[WARN] [1790604271.962614085, 39.337000000]: Plan fail[0m
[31m[ERROR] [1790604271.967377966, 39.337000000]: No path to next viewpoint[0m
[33m[WARN] [1790604271.967622296, 39.337000000]: Plan fail[0m
[31m[ERROR] [1790604271.982896555, 39.356000000]: No path to next viewpoint[0m
[33m[WARN] [1790604271.983243603, 39.356000000]: Plan fail[0m
[31m[ERROR] [1790604271.998331810, 39.374000000]: No path to next viewpoint[0m
[33m[WARN] [1790604271.998501520, 39.374000000]: Plan fail[0m
[31m[ERROR] [1790604272.008263315, 39.383000000]: No path to next viewpoint[0m
[33m[WARN] [1790604272.008486719, 39.383000000]: Plan fail[0m
[33m[WARN] [1790604272.008694697, 39.383000000]: Pair opt 1 & 2[0m
[31m[ERROR] [1790604272.011195739, 39.383000000]: No path to next viewpoint[0m
[33m[WARN] [1790604272.011939236, 39.383000000]: Plan fail[0m
[31m[ERROR] [1790604272.025851230, 39.401000000]: No path to next viewpoint[0m
[33m[WARN] [1790604272.026108233, 39.401000000]: Plan fail[0m
[31m[ERROR] [1790604272.038233209, 39.411000000]: No path to next viewpoint[0m
[33m[WARN] [1790604272.038405629, 39.411000000]: Plan fail[0m
[31m[ERROR] [1790604272.053439976, 39.420000000]: No path to next viewpoint[0m
[33m[WARN] [1790604272.053605225, 39.420000000]: Plan fail[0m
[33m[WARN] [1790604272.065332002, 39.438000000]: Drone 1 send opt request to 2, pair opt t: 0.055000, allocate t: 0.046000[0m
[31m[ERROR] [1790604272.079327621, 39.450000000]: No path to next viewpoint[0m
[33m[WARN] [1790604272.079496956, 39.450000000]: Plan fail[0m
[31m[ERROR] [1790604272.095521631, 39.468000000]: No path to next viewpoint[0m
[33m[WARN] [1790604272.095625725, 39.468000000]: Plan fail[0m
[31m[ERROR] [1790604272.110229231, 39.478000000]: No path to next viewpoint[0m
[33m[WARN] [1790604272.110461472, 39.478000000]: Plan fail[0m
[31m[ERROR] [1790604272.131502404, 39.496000000]: No path to next viewpoint[0m
[31m[ERROR] [1790604272.131542758, 39.496000000]: No path to next viewpoint[0m
[33m[WARN] [1790604272.131827567, 39.496000000]: Plan fail[0m
[33m[WARN] [1790604272.132043591, 39.496000000]: Plan fail[0m
[33m[WARN] [1790604272.135783877, 39.505000000]: Pair opt 1 & 2[0m
[31m[ERROR] [1790604272.147952583, 39.514000000]: No path to next viewpoint[0m
[33m[WARN] [1790604272.148228054, 39.514000000]: Plan fail[0m
[31m[ERROR] [1790604272.163918354, 39.533000000]: No path to next viewpoint[0m
[33m[WARN] [1790604272.164206623, 39.533000000]: Plan fail[0m
[31m[ERROR] [1790604272.178839686, 39.542000000]: No path to next viewpoint[0m
[33m[WARN] [1790604272.179094605, 39.542000000]: Plan fail[0m
[31m[ERROR] [1790604272.196346560, 39.560000000]: No path to next viewpoint[0m
[33m[WARN] [1790604272.196570714, 39.560000000]: Plan fail[0m
[33m[WARN] [1790604272.196891541, 39.560000000]: Drone 1 send opt request to 2, pair opt t: 0.055000, allocate t: 0.055000[0m
[31m[ERROR] [1790604272.211846556, 39.569000000]: No path to next viewpoint[0m
[33m[WARN] [1790604272.212158462, 39.569000000]: Plan fail[0m
[33m[WARN] [1790604272.212487293, 39.569000000]: Reject frequent attempt[0m
[31m[ERROR] [1790604272.226423216, 39.587000000]: No path to next viewpoint[0m
[33m[WARN] [1790604272.226659334, 39.587000000]: Plan fail[0m
[31m[ERROR] [1790604272.238081417, 39.596000000]: No path to next viewpoint[0m
[33m[WARN] [1790604272.238368102, 39.596000000]: Plan fail[0m
[31m[ERROR] [1790604272.263332745, 39.624000000]: No path to next viewpoint[0m
[33m[WARN] [1790604272.263769254, 39.624000000]: Plan fail[0m
[31m[ERROR] [1790604272.287495528, 39.624000000]: No path to next viewpoint[0m
[33m[WARN] [1790604272.288124218, 39.642000000]: Plan fail[0m
[33m[WARN] [1790604272.289273959, 39.642000000]: Pair opt 1 & 2[0m
[31m[ERROR] [1790604272.300752529, 39.651000000]: No path to next viewpoint[0m
[33m[WARN] [1790604272.301965093, 39.651000000]: Plan fail[0m
[31m[ERROR] [1790604272.322207959, 39.679000000]: No path to next viewpoint[0m
[33m[WARN] [1790604272.322573642, 39.679000000]: Plan fail[0m
[31m[ERROR] [1790604272.343025780, 39.697000000]: No path to next viewpoint[0m
[33m[WARN] [1790604272.343373287, 39.697000000]: Plan fail[0m
[33m[WARN] [1790604272.348603650, 39.706000000]: Drone 1 send opt request to 2, pair opt t: 0.064000, allocate t: 0.055000[0m
[31m[ERROR] [1790604272.359067838, 39.715000000]: No path to next viewpoint[0m
[33m[WARN] [1790604272.359265145, 39.715000000]: Plan fail[0m
[31m[ERROR] [1790604272.374842013, 39.725000000]: No path to next viewpoint[0m
[33m[WARN] [1790604272.375234793, 39.725000000]: Plan fail[0m
[31m[ERROR] [1790604272.388600139, 39.743000000]: No path to next viewpoint[0m
[33m[WARN] [1790604272.388972283, 39.743000000]: Plan fail[0m
[31m[ERROR] [1790604272.394790316, 39.752000000]: No path to next viewpoint[0m
[33m[WARN] [1790604272.394973866, 39.752000000]: Plan fail[0m
[33m[WARN] [1790604272.395211818, 39.752000000]: Pair opt 1 & 2[0m
[31m[ERROR] [1790604272.404695599, 39.761000000]: No path to next viewpoint[0m
[33m[WARN] [1790604272.405427131, 39.761000000]: Plan fail[0m
[31m[ERROR] [1790604272.423629520, 39.779000000]: No path to next viewpoint[0m
[33m[WARN] [1790604272.424035473, 39.779000000]: Plan fail[0m
[31m[ERROR] [1790604272.440345915, 39.798000000]: No path to next viewpoint[0m
[33m[WARN] [1790604272.440625513, 39.798000000]: Plan fail[0m
[33m[WARN] [1790604272.461853747, 39.807000000]: Drone 1 send opt request to 2, pair opt t: 0.055000, allocate t: 0.055000[0m
[31m[ERROR] [1790604272.461984313, 39.807000000]: No path to next viewpoint[0m
[33m[WARN] [1790604272.462322982, 39.807000000]: Plan fail[0m
[33m[WARN] [1790604272.462573232, 39.807000000]: Reject frequent attempt[0m
[31m[ERROR] [1790604272.485983598, 39.834000000]: No path to next viewpoint[0m
[33m[WARN] [1790604272.486217840, 39.834000000]: Plan fail[0m
[31m[ERROR] [1790604272.511152259, 39.853000000]: No path to next viewpoint[0m
[33m[WARN] [1790604272.511516066, 39.862000000]: Plan fail[0m
[31m[ERROR] [1790604272.516575595, 39.862000000]: No path to next viewpoint[0m
[33m[WARN] [1790604272.516851941, 39.862000000]: Plan fail[0m
[33m[WARN] [1790604272.517134624, 39.862000000]: Pair opt 1 & 2[0m
[31m[ERROR] [1790604272.526634997, 39.871000000]: No path to next viewpoint[0m
[33m[WARN] [1790604272.527200446, 39.871000000]: Plan fail[0m
[31m[ERROR] [1790604272.545912631, 39.889000000]: No path to next viewpoint[0m
[33m[WARN] [1790604272.546096681, 39.889000000]: Plan fail[0m
[31m[ERROR] [1790604272.565879317, 39.908000000]: No path to next viewpoint[0m
[33m[WARN] [1790604272.566158957, 39.908000000]: Plan fail[0m
[33m[WARN] [1790604272.573576372, 39.917000000]: Drone 1 send opt request to 2, pair opt t: 0.055000, allocate t: 0.046000[0m
[31m[ERROR] [1790604272.585531639, 39.926000000]: No path to next viewpoint[0m
[33m[WARN] [1790604272.585788892, 39.926000000]: Plan fail[0m
[31m[ERROR] [1790604272.603088705, 39.944000000]: No path to next viewpoint[0m
[33m[WARN] [1790604272.603468811, 39.944000000]: Plan fail[0m
[31m[ERROR] [1790604272.625050555, 39.962000000]: No path to next viewpoint[0m
[33m[WARN] [1790604272.625479186, 39.962000000]: Plan fail[0m
[31m[ERROR] [1790604272.640898558, 39.981000000]: No path to next viewpoint[0m
[33m[WARN] [1790604272.641199209, 39.981000000]: Plan fail[0m
[31m[ERROR] [1790604272.641105370, 39.981000000]: No path to next viewpoint[0m
[33m[WARN] [1790604272.641544631, 39.981000000]: Pair opt 1 & 2[0m
[33m[WARN] [1790604272.641629966, 39.981000000]: Plan fail[0m
[31m[ERROR] [1790604272.661124041, 39.999000000]: No path to next viewpoint[0m
[33m[WARN] [1790604272.661879085, 39.999000000]: Plan fail[0m
[31m[ERROR] [1790604272.696897711, 40.017000000]: No path to next viewpoint[0m
[33m[WARN] [1790604272.697318713, 40.017000000]: Plan fail[0m
[33m[WARN] [1790604272.721323918, 40.054000000]: Drone 1 send opt request to 2, pair opt t: 0.073000, allocate t: 0.073000[0m
[31m[ERROR] [1790604272.724472366, 40.054000000]: No path to next viewpoint[0m
[33m[WARN] [1790604272.724847762, 40.054000000]: Plan fail[0m
[33m[WARN] [1790604272.725369731, 40.054000000]: Reject frequent attempt[0m
[31m[ERROR] [1790604272.741333793, 40.072000000]: No path to next viewpoint[0m
[33m[WARN] [1790604272.741736869, 40.072000000]: Plan fail[0m
[31m[ERROR] [1790604272.760375600, 40.090000000]: No path to next viewpoint[0m
[33m[WARN] [1790604272.760643359, 40.090000000]: Plan fail[0m
[31m[ERROR] [1790604272.766908824, 40.100000000]: No path to next viewpoint[0m
[33m[WARN] [1790604272.767469437, 40.100000000]: Plan fail[0m
[33m[WARN] [1790604272.772253120, 40.100000000]: Pair opt 1 & 2[0m
[31m[ERROR] [1790604272.779124804, 40.109000000]: No path to next viewpoint[0m
[33m[WARN] [1790604272.779378305, 40.109000000]: Plan fail[0m
[31m[ERROR] [1790604272.795763285, 40.127000000]: No path to next viewpoint[0m
[33m[WARN] [1790604272.796487939, 40.127000000]: Plan fail[0m
[31m[ERROR] [1790604272.811191204, 40.145000000]: No path to next viewpoint[0m
[33m[WARN] [1790604272.811340362, 40.145000000]: Plan fail[0m
[31m[ERROR] [1790604272.827593776, 40.154000000]: No path to next viewpoint[0m
[33m[WARN] [1790604272.827909934, 40.164000000]: Plan fail[0m
[33m[WARN] [1790604272.828517113, 40.164000000]: Drone 1 send opt request to 2, pair opt t: 0.064000, allocate t: 0.054000[0m
[31m[ERROR] [1790604272.844080974, 40.173000000]: No path to next viewpoint[0m
[33m[WARN] [1790604272.844376663, 40.173000000]: Plan fail[0m
[31m[ERROR] [1790604272.861444568, 40.191000000]: No path to next viewpoint[0m
[33m[WARN] [1790604272.861662135, 40.191000000]: Plan fail[0m
[31m[ERROR] [1790604272.878020310, 40.209000000]: No path to next viewpoint[0m
[33m[WARN] [1790604272.878336260, 40.209000000]: Plan fail[0m
[31m[ERROR] [1790604272.888152332, 40.209000000]: No path to next viewpoint[0m
[33m[WARN] [1790604272.888662754, 40.209000000]: Plan fail[0m
[33m[WARN] [1790604272.889341926, 40.209000000]: Pair opt 1 & 2[0m
[31m[ERROR] [1790604272.899820747, 40.228000000]: No path to next viewpoint[0m
[33m[WARN] [1790604272.900276183, 40.228000000]: Plan fail[0m
[31m[ERROR] [1790604272.924218606, 40.255000000]: No path to next viewpoint[0m
[33m[WARN] [1790604272.924630354, 40.255000000]: Plan fail[0m
[31m[ERROR] [1790604272.944007162, 40.273000000]: No path to next viewpoint[0m
[33m[WARN] [1790604272.944289095, 40.273000000]: Plan fail[0m
[33m[WARN] [1790604272.946455594, 40.273000000]: Drone 1 send opt request to 2, pair opt t: 0.064000, allocate t: 0.064000[0m
[31m[ERROR] [1790604272.963585947, 40.292000000]: No path to next viewpoint[0m
[33m[WARN] [1790604272.964123882, 40.292000000]: Plan fail[0m
[33m[WARN] [1790604272.964363877, 40.292000000]: Reject frequent attempt[0m
[31m[ERROR] [1790604272.980488936, 40.310000000]: No path to next viewpoint[0m
[33m[WARN] [1790604272.980845072, 40.310000000]: Plan fail[0m
[31m[ERROR] [1790604272.990316680, 40.319000000]: No path to next viewpoint[0m
[33m[WARN] [1790604272.990626627, 40.319000000]: Plan fail[0m
[33m[WARN] [1790604272.994080645, 40.328000000]: Pair opt 1 & 2[0m
[31m[ERROR] [1790604272.999705289, 40.328000000]: No path to next viewpoint[0m
[33m[WARN] [1790604273.000126124, 40.328000000]: Plan fail[0m
[31m[ERROR] [1790604273.013438444, 40.347000000]: No path to next viewpoint[0m
[33m[WARN] [1790604273.014098982, 40.347000000]: Plan fail[0m
[31m[ERROR] [1790604273.030479543, 40.365000000]: No path to next viewpoint[0m
[33m[WARN] [1790604273.031003305, 40.365000000]: Plan fail[0m
[31m[ERROR] [1790604273.046102476, 40.374000000]: No path to next viewpoint[0m
[33m[WARN] [1790604273.046396498, 40.374000000]: Plan fail[0m
[33m[WARN] [1790604273.053946021, 40.383000000]: Drone 1 send opt request to 2, pair opt t: 0.055000, allocate t: 0.046000[0m
[31m[ERROR] [1790604273.063264011, 40.392000000]: No path to next viewpoint[0m
[33m[WARN] [1790604273.063572748, 40.392000000]: Plan fail[0m
[31m[ERROR] [1790604273.084725278, 40.411000000]: No path to next viewpoint[0m
[33m[WARN] [1790604273.085597797, 40.411000000]: Plan fail[0m
[31m[ERROR] [1790604273.103468395, 40.429000000]: No path to next viewpoint[0m
[33m[WARN] [1790604273.103842665, 40.429000000]: Plan fail[0m
[33m[WARN] [1790604273.104051186, 40.429000000]: Pair opt 1 & 2[0m
[31m[ERROR] [1790604273.106771921, 40.438000000]: No path to next viewpoint[0m
[33m[WARN] [1790604273.108168368, 40.438000000]: Plan fail[0m
[31m[ERROR] [1790604273.130196127, 40.456000000]: No path to next viewpoint[0m
[33m[WARN] [1790604273.130795968, 40.456000000]: Plan fail[0m
[31m[ERROR] [1790604273.146236851, 40.465000000]: No path to next viewpoint[0m
[33m[WARN] [1790604273.146522869, 40.465000000]: Plan fail[0m
[33m[WARN] [1790604273.160831020, 40.484000000]: Drone 1 send opt request to 2, pair opt t: 0.055000, allocate t: 0.055000[0m
[31m[ERROR] [1790604273.168209541, 40.493000000]: No path to next viewpoint[0m
[33m[WARN] [1790604273.168523281, 40.493000000]: Plan fail[0m
[33m[WARN] [1790604273.168708415, 40.493000000]: Reject frequent attempt[0m
[31m[ERROR] [1790604273.181242429, 40.502000000]: No path to next viewpoint[0m
[33m[WARN] [1790604273.181413223, 40.502000000]: Plan fail[0m
[31m[ERROR] [1790604273.196716746, 40.520000000]: No path to next viewpoint[0m
[33m[WARN] [1790604273.196925808, 40.520000000]: Plan fail[0m
[31m[ERROR] [1790604273.213186101, 40.539000000]: No path to next viewpoint[0m
[33m[WARN] [1790604273.213398416, 40.539000000]: Plan fail[0m
[31m[ERROR] [1790604273.215734583, 40.539000000]: No path to next viewpoint[0m
[33m[WARN] [1790604273.216274144, 40.539000000]: Plan fail[0m
[33m[WARN] [1790604273.216711988, 40.539000000]: Pair opt 1 & 2[0m
[31m[ERROR] [1790604273.229596094, 40.557000000]: No path to next viewpoint[0m
[33m[WARN] [1790604273.229794484, 40.557000000]: Plan fail[0m
[31m[ERROR] [1790604273.244465024, 40.566000000]: No path to next viewpoint[0m
[33m[WARN] [1790604273.244750625, 40.566000000]: Plan fail[0m
[31m[ERROR] [1790604273.263640149, 40.584000000]: No path to next viewpoint[0m
[33m[WARN] [1790604273.263924624, 40.584000000]: Plan fail[0m
[33m[WARN] [1790604273.276259872, 40.603000000]: Drone 1 send opt request to 2, pair opt t: 0.064000, allocate t: 0.054000[0m
[31m[ERROR] [1790604273.281743279, 40.603000000]: No path to next viewpoint[0m
[33m[WARN] [1790604273.283487359, 40.603000000]: Plan fail[0m
[31m[ERROR] [1790604273.305944916, 40.621000000]: No path to next viewpoint[0m
[33m[WARN] [1790604273.306814475, 40.621000000]: Plan fail[0m
[31m[ERROR] [1790604273.332088940, 40.648000000]: No path to next viewpoint[0m
[33m[WARN] [1790604273.332313052, 40.648000000]: Plan fail[0m
[31m[ERROR] [1790604273.336472755, 40.648000000]: No path to next viewpoint[0m
[33m[WARN] [1790604273.337065760, 40.648000000]: Plan fail[0m
[33m[WARN] [1790604273.337574348, 40.648000000]: Pair opt 1 & 2[0m
[31m[ERROR] [1790604273.352126662, 40.667000000]: No path to next viewpoint[0m
[33m[WARN] [1790604273.352508019, 40.667000000]: Plan fail[0m
[31m[ERROR] [1790604273.369921346, 40.685000000]: No path to next viewpoint[0m
[33m[WARN] [1790604273.370434686, 40.685000000]: Plan fail[0m
[31m[ERROR] [1790604273.384895038, 40.703000000]: No path to next viewpoint[0m
[33m[WARN] [1790604273.385221826, 40.703000000]: Plan fail[0m
[33m[WARN] [1790604273.398068038, 40.712000000]: Drone 1 send opt request to 2, pair opt t: 0.064000, allocate t: 0.064000[0m
[31m[ERROR] [1790604273.398328459, 40.712000000]: No path to next viewpoint[0m
[33m[WARN] [1790604273.398651162, 40.712000000]: Plan fail[0m
[33m[WARN] [1790604273.399224991, 40.712000000]: Reject frequent attempt[0m
[31m[ERROR] [1790604273.413129064, 40.731000000]: No path to next viewpoint[0m
[33m[WARN] [1790604273.413387694, 40.731000000]: Plan fail[0m
[31m[ERROR] [1790604273.428862636, 40.749000000]: No path to next viewpoint[0m
[33m[WARN] [1790604273.429220648, 40.749000000]: Plan fail[0m
[31m[ERROR] [1790604273.444056312, 40.758000000]: No path to next viewpoint[0m
[33m[WARN] [1790604273.444286344, 40.758000000]: Plan fail[0m
[31m[ERROR] [1790604273.453393562, 40.767000000]: No path to next viewpoint[0m
[33m[WARN] [1790604273.453767498, 40.767000000]: Plan fail[0m
[33m[WARN] [1790604273.454077820, 40.767000000]: Pair opt 1 & 2[0m
[31m[ERROR] [1790604273.458777919, 40.776000000]: No path to next viewpoint[0m
[33m[WARN] [1790604273.459101122, 40.776000000]: Plan fail[0m
[31m[ERROR] [1790604273.478026163, 40.795000000]: No path to next viewpoint[0m
[33m[WARN] [1790604273.478310931, 40.795000000]: Plan fail[0m
[31m[ERROR] [1790604273.497466962, 40.813000000]: No path to next viewpoint[0m
[33m[WARN] [1790604273.497672773, 40.813000000]: Plan fail[0m
[31m[ERROR] [1790604273.520340810, 40.840000000]: No path to next viewpoint[0m
[33m[WARN] [1790604273.520604359, 40.840000000]: Plan fail[0m
[33m[WARN] [1790604273.520547080, 40.840000000]: Drone 1 send opt request to 2, pair opt t: 0.073000, allocate t: 0.055000[0m
[31m[ERROR] [1790604273.539848976, 40.850000000]: No path to next viewpoint[0m
[33m[WARN] [1790604273.540589930, 40.859000000]: Plan fail[0m
[31m[ERROR] [1790604273.557937099, 40.868000000]: No path to next viewpoint[0m
[33m[WARN] [1790604273.558254007, 40.868000000]: Plan fail[0m
[31m[ERROR] [1790604273.567832002, 40.877000000]: No path to next viewpoint[0m
[33m[WARN] [1790604273.568081544, 40.877000000]: Plan fail[0m
[33m[WARN] [1790604273.571767969, 40.886000000]: Pair opt 1 & 2[0m
[31m[ERROR] [1790604273.578256295, 40.886000000]: No path to next viewpoint[0m
[33m[WARN] [1790604273.578572036, 40.895000000]: Plan fail[0m
[31m[ERROR] [1790604273.593422374, 40.904000000]: No path to next viewpoint[0m
[33m[WARN] [1790604273.593644610, 40.904000000]: Plan fail[0m
[31m[ERROR] [1790604273.612458096, 40.923000000]: No path to next viewpoint[0m
[33m[WARN] [1790604273.612662323, 40.923000000]: Plan fail[0m
[31m[ERROR] [1790604273.627090658, 40.941000000]: No path to next viewpoint[0m
[33m[WARN] [1790604273.627431329, 40.941000000]: Plan fail[0m
[33m[WARN] [1790604273.627306725, 40.941000000]: Drone 1 send opt request to 2, pair opt t: 0.055000, allocate t: 0.055000[0m
[33m[WARN] [1790604273.627553973, 40.941000000]: Reject frequent attempt[0m
[31m[ERROR] [1790604273.638326315, 40.950000000]: No path to next viewpoint[0m
[33m[WARN] [1790604273.638549177, 40.950000000]: Plan fail[0m
[31m[ERROR] [1790604273.663078643, 40.968000000]: No path to next viewpoint[0m
[33m[WARN] [1790604273.663241016, 40.968000000]: Plan fail[0m
[31m[ERROR] [1790604273.677538120, 40.978000000]: No path to next viewpoint[0m
[33m[WARN] [1790604273.677665392, 40.978000000]: Plan fail[0m
[31m[ERROR] [1790604273.690820049, 40.996000000]: No path to next viewpoint[0m
[33m[WARN] [1790604273.691164221, 40.996000000]: Plan fail[0m
[33m[WARN] [1790604273.692259518, 40.996000000]: Pair opt 1 & 2[0m
[31m[ERROR] [1790604273.692846437, 40.996000000]: No path to next viewpoint[0m
[33m[WARN] [1790604273.693025860, 40.996000000]: Plan fail[0m
[31m[ERROR] [1790604273.705930475, 41.005000000]: No path to next viewpoint[0m
[33m[WARN] [1790604273.706334511, 41.005000000]: Plan fail[0m
[31m[ERROR] [1790604273.729239166, 41.023000000]: No path to next viewpoint[0m
[33m[WARN] [1790604273.729516471, 41.023000000]: Plan fail[0m
[31m[ERROR] [1790604273.750253376, 41.033000000]: No path to next viewpoint[0m
[33m[WARN] [1790604273.750491203, 41.033000000]: Plan fail[0m
[31m[ERROR] [1790604273.767229401, 41.054000000]: No path to next viewpoint[0m
[33m[WARN] [1790604273.767503913, 41.054000000]: Plan fail[0m
[33m[WARN] [1790604273.779360630, 41.072000000]: Drone 1 send opt request to 2, pair opt t: 0.076000, allocate t: 0.067000[0m
[31m[ERROR] [1790604273.784102000, 41.072000000]: No path to next viewpoint[0m
[33m[WARN] [1790604273.784356002, 41.072000000]: Plan fail[0m
[31m[ERROR] [1790604273.802897351, 41.090000000]: No path to next viewpoint[0m
[33m[WARN] [1790604273.803131427, 41.090000000]: Plan fail[0m
[31m[ERROR] [1790604273.818627671, 41.100000000]: No path to next viewpoint[0m
[33m[WARN] [1790604273.818991644, 41.100000000]: Plan fail[0m
[31m[ERROR] [1790604273.825792376, 41.109000000]: No path to next viewpoint[0m
[33m[WARN] [1790604273.825987099, 41.109000000]: Plan fail[0m
[33m[WARN] [1790604273.830611577, 41.118000000]: Pair opt 1 & 2[0m
[31m[ERROR] [1790604273.837921313, 41.127000000]: No path to next viewpoint[0m
[33m[WARN] [1790604273.838060966, 41.127000000]: Plan fail[0m
[31m[ERROR] [1790604273.851297789, 41.136000000]: No path to next viewpoint[0m
[33m[WARN] [1790604273.851659637, 41.136000000]: Plan fail[0m
[31m[ERROR] [1790604273.869464660, 41.154000000]: No path to next viewpoint[0m
[33m[WARN] [1790604273.869647001, 41.154000000]: Plan fail[0m
[31m[ERROR] [1790604273.886118399, 41.173000000]: No path to next viewpoint[0m
[33m[WARN] [1790604273.886283232, 41.173000000]: Plan fail[0m
[31m[ERROR] [1790604273.900125650, 41.182000000]: No path to next viewpoint[0m
[33m[WARN] [1790604273.900642074, 41.182000000]: Plan fail[0m
[31m[ERROR] [1790604273.904430718, 41.182000000]: Larger cost after reallocation[0m
[33m[WARN] [1790604273.910797274, 41.191000000]: get response 1[0m
[31m[ERROR] [1790604273.917200349, 41.200000000]: No path to next viewpoint[0m
[33m[WARN] [1790604273.917474611, 41.200000000]: Plan fail[0m
[31m[ERROR] [1790604273.937160533, 41.218000000]: No path to next viewpoint[0m
[33m[WARN] [1790604273.937723814, 41.218000000]: Plan fail[0m
[31m[ERROR] [1790604273.960616797, 41.237000000]: No path to next viewpoint[0m
[33m[WARN] [1790604273.960778836, 41.237000000]: Plan fail[0m
[31m[ERROR] [1790604273.960937707, 41.237000000]: No path to next viewpoint[0m
[33m[WARN] [1790604273.961151772, 41.237000000]: Plan fail[0m
[31m[ERROR] [1790604273.978011073, 41.255000000]: No path to next viewpoint[0m
[33m[WARN] [1790604273.978208463, 41.255000000]: Plan fail[0m
[31m[ERROR] [1790604273.993339567, 41.273000000]: No path to next viewpoint[0m
[33m[WARN] [1790604273.994345528, 41.273000000]: Plan fail[0m
[31m[ERROR] [1790604274.011380041, 41.292000000]: No path to next viewpoint[0m
[33m[WARN] [1790604274.011634835, 41.292000000]: Plan fail[0m
[31m[ERROR] [1790604274.013040871, 41.292000000]: No path to next viewpoint[0m
[33m[WARN] [1790604274.013370202, 41.292000000]: Plan fail[0m
[31m[ERROR] [1790604274.030855232, 41.310000000]: No path to next viewpoint[0m
[33m[WARN] [1790604274.031333554, 41.310000000]: Plan fail[0m
[31m[ERROR] [1790604274.045823295, 41.328000000]: No path to next viewpoint[0m
[33m[WARN] [1790604274.046604186, 41.328000000]: Plan fail[0m
[31m[ERROR] [1790604274.053034316, 41.328000000]: No path to next viewpoint[0m
[33m[WARN] [1790604274.053291361, 41.328000000]: Plan fail[0m
[31m[ERROR] [1790604274.061854807, 41.337000000]: No path to next viewpoint[0m
[33m[WARN] [1790604274.062095261, 41.337000000]: Plan fail[0m
[31m[ERROR] [1790604274.085211396, 41.365000000]: No path to next viewpoint[0m
[33m[WARN] [1790604274.085515632, 41.365000000]: Plan fail[0m
[31m[ERROR] [1790604274.101685379, 41.374000000]: No path to next viewpoint[0m
[31m[ERROR] [1790604274.101971439, 41.374000000]: No path to next viewpoint[0m
[33m[WARN] [1790604274.101973023, 41.374000000]: Plan fail[0m
[33m[WARN] [1790604274.102228859, 41.374000000]: Plan fail[0m
[31m[ERROR] [1790604274.121597997, 41.392000000]: No path to next viewpoint[0m
[33m[WARN] [1790604274.122636766, 41.401000000]: Plan fail[0m
[31m[ERROR] [1790604274.137093491, 41.411000000]: No path to next viewpoint[0m
[33m[WARN] [1790604274.137427908, 41.411000000]: Plan fail[0m
[31m[ERROR] [1790604274.139628550, 41.411000000]: No path to next viewpoint[0m
[33m[WARN] [1790604274.139951253, 41.411000000]: Plan fail[0m
[31m[ERROR] [1790604274.157898430, 41.429000000]: No path to next viewpoint[0m
[33m[WARN] [1790604274.158337524, 41.429000000]: Plan fail[0m
[31m[ERROR] [1790604274.176087020, 41.447000000]: No path to next viewpoint[0m
[33m[WARN] [1790604274.176394382, 41.447000000]: Plan fail[0m
[31m[ERROR] [1790604274.191134456, 41.456000000]: No path to next viewpoint[0m
[33m[WARN] [1790604274.191376119, 41.456000000]: Plan fail[0m
[31m[ERROR] [1790604274.194512686, 41.465000000]: No path to next viewpoint[0m
[33m[WARN] [1790604274.194732546, 41.465000000]: Plan fail[0m
[31m[ERROR] [1790604274.210032151, 41.475000000]: No path to next viewpoint[0m
[33m[WARN] [1790604274.210260598, 41.475000000]: Plan fail[0m
[31m[ERROR] [1790604274.227214946, 41.493000000]: No path to next viewpoint[0m
[33m[WARN] [1790604274.227455566, 41.493000000]: Plan fail[0m
[31m[ERROR] [1790604274.241461566, 41.511000000]: No path to next viewpoint[0m
[33m[WARN] [1790604274.241846550, 41.511000000]: Plan fail[0m
[31m[ERROR] [1790604274.248098466, 41.511000000]: No path to next viewpoint[0m
[33m[WARN] [1790604274.248389278, 41.511000000]: Plan fail[0m
[31m[ERROR] [1790604274.258105258, 41.520000000]: No path to next viewpoint[0m
[33m[WARN] [1790604274.259528803, 41.520000000]: Plan fail[0m
[31m[ERROR] [1790604274.275466393, 41.539000000]: No path to next viewpoint[0m
[33m[WARN] [1790604274.275754662, 41.539000000]: Plan fail[0m
[31m[ERROR] [1790604274.297855874, 41.566000000]: No path to next viewpoint[0m
[33m[WARN] [1790604274.298158275, 41.566000000]: Plan fail[0m
[31m[ERROR] [1790604274.298477768, 41.566000000]: No path to next viewpoint[0m
[33m[WARN] [1790604274.298862418, 41.566000000]: Plan fail[0m
[31m[ERROR] [1790604274.313633592, 41.584000000]: No path to next viewpoint[0m
[33m[WARN] [1790604274.313937994, 41.584000000]: Plan fail[0m
[31m[ERROR] [1790604274.330370456, 41.593000000]: No path to next viewpoint[0m
[33m[WARN] [1790604274.330674483, 41.593000000]: Plan fail[0m
[31m[ERROR] [1790604274.348568759, 41.612000000]: No path to next viewpoint[0m
[33m[WARN] [1790604274.348889378, 41.612000000]: Plan fail[0m
[31m[ERROR] [1790604274.353753600, 41.612000000]: No path to next viewpoint[0m
[33m[WARN] [1790604274.354167474, 41.612000000]: Plan fail[0m
[31m[ERROR] [1790604274.374444566, 41.639000000]: No path to next viewpoint[0m
[33m[WARN] [1790604274.374638788, 41.639000000]: Plan fail[0m
[31m[ERROR] [1790604274.395612728, 41.658000000]: No path to next viewpoint[0m
[33m[WARN] [1790604274.395947437, 41.658000000]: Plan fail[0m
[31m[ERROR] [1790604274.395790066, 41.658000000]: No path to next viewpoint[0m
[33m[WARN] [1790604274.396534105, 41.658000000]: Plan fail[0m
[31m[ERROR] [1790604274.412036185, 41.676000000]: No path to next viewpoint[0m
[33m[WARN] [1790604274.412299025, 41.676000000]: Plan fail[0m
[31m[ERROR] [1790604274.427987824, 41.694000000]: No path to next viewpoint[0m
[33m[WARN] [1790604274.428199096, 41.694000000]: Plan fail[0m
[31m[ERROR] [1790604274.445714558, 41.712000000]: No path to next viewpoint[0m
[33m[WARN] [1790604274.446359839, 41.712000000]: Plan fail[0m
[31m[ERROR] [1790604274.449667950, 41.712000000]: No path to next viewpoint[0m
[33m[WARN] [1790604274.449939044, 41.712000000]: Plan fail[0m
[33m[WARN] [1790604274.450469351, 41.712000000]: Pair opt 1 & 2[0m
[31m[ERROR] [1790604274.462865713, 41.731000000]: No path to next viewpoint[0m
[33m[WARN] [1790604274.463095244, 41.731000000]: Plan fail[0m
[31m[ERROR] [1790604274.477474472, 41.740000000]: No path to next viewpoint[0m
[33m[WARN] [1790604274.477786628, 41.740000000]: Plan fail[0m
[31m[ERROR] [1790604274.492848071, 41.758000000]: No path to next viewpoint[0m
[33m[WARN] [1790604274.493201665, 41.758000000]: Plan fail[0m
[31m[ERROR] [1790604274.507726590, 41.776000000]: Larger cost after reallocation[0m
[31m[ERROR] [1790604274.510344232, 41.776000000]: No path to next viewpoint[0m
[33m[WARN] [1790604274.510583101, 41.776000000]: Plan fail[0m
[31m[ERROR] [1790604274.527879870, 41.795000000]: No path to next viewpoint[0m
[33m[WARN] [1790604274.528164054, 41.795000000]: Plan fail[0m
[31m[ERROR] [1790604274.547063082, 41.813000000]: No path to next viewpoint[0m
[33m[WARN] [1790604274.547446774, 41.813000000]: Plan fail[0m
[31m[ERROR] [1790604274.560444603, 41.822000000]: No path to next viewpoint[0m
[33m[WARN] [1790604274.560797362, 41.822000000]: Plan fail[0m
[33m[WARN] [1790604274.561432680, 41.822000000]: Pair opt 1 & 2[0m
[31m[ERROR] [1790604274.578753711, 41.840000000]: No path to next viewpoint[0m
[33m[WARN] [1790604274.578995207, 41.840000000]: Plan fail[0m
[31m[ERROR] [1790604274.599264753, 41.859000000]: No path to next viewpoint[0m
[33m[WARN] [1790604274.599714936, 41.859000000]: Plan fail[0m
[31m[ERROR] [1790604274.615802476, 41.877000000]: No path to next viewpoint[0m
[33m[WARN] [1790604274.616125429, 41.877000000]: Plan fail[0m
[33m[WARN] [1790604274.624917948, 41.886000000]: Drone 1 send opt request to 2, pair opt t: 0.064000, allocate t: 0.064000[0m
[31m[ERROR] [1790604274.639883177, 41.904000000]: No path to next viewpoint[0m
[33m[WARN] [1790604274.640972972, 41.904000000]: Plan fail[0m
[31m[ERROR] [1790604274.658478095, 41.914000000]: No path to next viewpoint[0m
[33m[WARN] [1790604274.658818765, 41.923000000]: Plan fail[0m
[31m[ERROR] [1790604274.672700244, 41.932000000]: No path to next viewpoint[0m
[33m[WARN] [1790604274.673133961, 41.932000000]: Plan fail[0m
[33m[WARN] [1790604274.673592857, 41.932000000]: Pair opt 1 & 2[0m
[31m[ERROR] [1790604274.674142298, 41.932000000]: No path to next viewpoint[0m
[33m[WARN] [1790604274.674404346, 41.932000000]: Plan fail[0m
[31m[ERROR] [1790604274.690769441, 41.950000000]: No path to next viewpoint[0m
[33m[WARN] [1790604274.691210036, 41.950000000]: Plan fail[0m
[31m[ERROR] [1790604274.707738296, 41.968000000]: No path to next viewpoint[0m
[33m[WARN] [1790604274.708391873, 41.968000000]: Plan fail[0m
[31m[ERROR] [1790604274.723966656, 41.978000000]: No path to next viewpoint[0m
[33m[WARN] [1790604274.726527394, 41.987000000]: Plan fail[0m
[31m[ERROR] [1790604274.736728284, 41.996000000]: Larger cost after reallocation[0m
[33m[WARN] [1790604274.740903412, 41.996000000]: get response 1[0m
[31m[ERROR] [1790604274.744595716, 42.005000000]: No path to next viewpoint[0m
[33m[WARN] [1790604274.745114016, 42.005000000]: Plan fail[0m
[31m[ERROR] [1790604274.764372599, 42.014000000]: No path to next viewpoint[0m
[33m[WARN] [1790604274.764676835, 42.014000000]: Plan fail[0m
[31m[ERROR] [1790604274.788067024, 42.042000000]: No path to next viewpoint[0m
[33m[WARN] [1790604274.788388559, 42.042000000]: Plan fail[0m
[31m[ERROR] [1790604274.791941335, 42.042000000]: No path to next viewpoint[0m
[33m[WARN] [1790604274.792362754, 42.042000000]: Plan fail[0m
[31m[ERROR] [1790604274.808158731, 42.060000000]: No path to next viewpoint[0m
[33m[WARN] [1790604274.808442331, 42.060000000]: Plan fail[0m
[31m[ERROR] [1790604274.823799048, 42.078000000]: No path to next viewpoint[0m
[33m[WARN] [1790604274.824270742, 42.078000000]: Plan fail[0m
[31m[ERROR] [1790604274.841833852, 42.097000000]: No path to next viewpoint[0m
[31m[ERROR] [1790604274.841873288, 42.097000000]: No path to next viewpoint[0m
[33m[WARN] [1790604274.842144216, 42.097000000]: Plan fail[0m
[33m[WARN] [1790604274.842611199, 42.097000000]: Plan fail[0m
[31m[ERROR] [1790604274.858690610, 42.115000000]: No path to next viewpoint[0m
[33m[WARN] [1790604274.858892794, 42.115000000]: Plan fail[0m
[31m[ERROR] [1790604274.877453320, 42.133000000]: No path to next viewpoint[0m
[33m[WARN] [1790604274.877799117, 42.133000000]: Plan fail[0m
[31m[ERROR] [1790604274.881894414, 42.133000000]: No path to next viewpoint[0m
[33m[WARN] [1790604274.882243505, 42.133000000]: Plan fail[0m
[31m[ERROR] [1790604274.892284315, 42.142000000]: No path to next viewpoint[0m
[33m[WARN] [1790604274.892765347, 42.142000000]: Plan fail[0m
[31m[ERROR] [1790604274.906333086, 42.161000000]: No path to next viewpoint[0m
[33m[WARN] [1790604274.906842465, 42.161000000]: Plan fail[0m
[31m[ERROR] [1790604274.921524011, 42.170000000]: No path to next viewpoint[0m
[33m[WARN] [1790604274.921942428, 42.170000000]: Plan fail[0m
[31m[ERROR] [1790604274.928855133, 42.179000000]: No path to next viewpoint[0m
[33m[WARN] [1790604274.929037182, 42.179000000]: Plan fail[0m
[31m[ERROR] [1790604274.944372888, 42.188000000]: No path to next viewpoint[0m
[33m[WARN] [1790604274.944672537, 42.188000000]: Plan fail[0m
[31m[ERROR] [1790604274.967846744, 42.215000000]: No path to next viewpoint[0m
[33m[WARN] [1790604274.968257157, 42.215000000]: Plan fail[0m
[31m[ERROR] [1790604274.988992561, 42.234000000]: No path to next viewpoint[0m
[33m[WARN] [1790604274.989249523, 42.234000000]: Plan fail[0m
[31m[ERROR] [1790604274.991794128, 42.234000000]: No path to next viewpoint[0m
[33m[WARN] [1790604274.992331105, 42.234000000]: Plan fail[0m
[31m[ERROR] [1790604275.008563425, 42.252000000]: No path to next viewpoint[0m
[33m[WARN] [1790604275.009711082, 42.261000000]: Plan fail[0m
[31m[ERROR] [1790604275.026485007, 42.270000000]: No path to next viewpoint[0m
[33m[WARN] [1790604275.026770191, 42.270000000]: Plan fail[0m
[31m[ERROR] [1790604275.043816418, 42.289000000]: No path to next viewpoint[0m
[33m[WARN] [1790604275.044054871, 42.289000000]: Plan fail[0m
[31m[ERROR] [1790604275.045831175, 42.289000000]: No path to next viewpoint[0m
[33m[WARN] [1790604275.046080800, 42.289000000]: Plan fail[0m
[31m[ERROR] [1790604275.061281313, 42.307000000]: No path to next viewpoint[0m
[33m[WARN] [1790604275.061513179, 42.307000000]: Plan fail[0m
[31m[ERROR] [1790604275.077705354, 42.325000000]: No path to next viewpoint[0m
[33m[WARN] [1790604275.078053695, 42.325000000]: Plan fail[0m
[31m[ERROR] [1790604275.088186634, 42.334000000]: No path to next viewpoint[0m
[33m[WARN] [1790604275.088499082, 42.334000000]: Plan fail[0m
[31m[ERROR] [1790604275.096365971, 42.343000000]: No path to next viewpoint[0m
[33m[WARN] [1790604275.096600755, 42.343000000]: Plan fail[0m
[31m[ERROR] [1790604275.112883059, 42.362000000]: No path to next viewpoint[0m
[33m[WARN] [1790604275.113226272, 42.362000000]: Plan fail[0m
[31m[ERROR] [1790604275.128188166, 42.371000000]: No path to next viewpoint[0m
[33m[WARN] [1790604275.128367339, 42.371000000]: Plan fail[0m
[31m[ERROR] [1790604275.137577275, 42.380000000]: No path to next viewpoint[0m
[33m[WARN] [1790604275.137750612, 42.380000000]: Plan fail[0m
[31m[ERROR] [1790604275.141633677, 42.389000000]: No path to next viewpoint[0m
[33m[WARN] [1790604275.141812350, 42.389000000]: Plan fail[0m
[31m[ERROR] [1790604275.156715589, 42.398000000]: No path to next viewpoint[0m
[33m[WARN] [1790604275.157006151, 42.398000000]: Plan fail[0m
[31m[ERROR] [1790604275.181439070, 42.417000000]: No path to next viewpoint[0m
[33m[WARN] [1790604275.181777823, 42.417000000]: Plan fail[0m
[31m[ERROR] [1790604275.189860487, 42.426000000]: No path to next viewpoint[0m
[33m[WARN] [1790604275.190103317, 42.426000000]: Plan fail[0m
[31m[ERROR] [1790604275.197389666, 42.435000000]: No path to next viewpoint[0m
[33m[WARN] [1790604275.197663762, 42.435000000]: Plan fail[0m
[31m[ERROR] [1790604275.212724705, 42.444000000]: No path to next viewpoint[0m
[33m[WARN] [1790604275.213020520, 42.444000000]: Plan fail[0m
[31m[ERROR] [1790604275.230055283, 42.462000000]: No path to next viewpoint[0m
[33m[WARN] [1790604275.230242793, 42.462000000]: Plan fail[0m
[31m[ERROR] [1790604275.243010424, 42.481000000]: No path to next viewpoint[0m
[33m[WARN] [1790604275.243277641, 42.481000000]: Plan fail[0m
[31m[ERROR] [1790604275.246280183, 42.481000000]: No path to next viewpoint[0m
[33m[WARN] [1790604275.246595007, 42.481000000]: Plan fail[0m
[31m[ERROR] [1790604275.264292184, 42.499000000]: No path to next viewpoint[0m
[33m[WARN] [1790604275.264571741, 42.499000000]: Plan fail[0m
[31m[ERROR] [1790604275.284945172, 42.517000000]: No path to next viewpoint[0m
[33m[WARN] [1790604275.285253868, 42.517000000]: Plan fail[0m
[31m[ERROR] [1790604275.292303391, 42.526000000]: No path to next viewpoint[0m
[33m[WARN] [1790604275.292985982, 42.526000000]: Plan fail[0m
[33m[WARN] [1790604275.293505534, 42.526000000]: Pair opt 1 & 2[0m
[31m[ERROR] [1790604275.302510576, 42.536000000]: No path to next viewpoint[0m
[33m[WARN] [1790604275.302750987, 42.536000000]: Plan fail[0m
[31m[ERROR] [1790604275.319604452, 42.554000000]: No path to next viewpoint[0m
[33m[WARN] [1790604275.319782749, 42.554000000]: Plan fail[0m
[31m[ERROR] [1790604275.337159933, 42.572000000]: No path to next viewpoint[0m
[33m[WARN] [1790604275.337425441, 42.572000000]: Plan fail[0m
[33m[WARN] [1790604275.345943573, 42.572000000]: Drone 1 send opt request to 2, pair opt t: 0.046000, allocate t: 0.046000[0m
[31m[ERROR] [1790604275.352795539, 42.581000000]: No path to next viewpoint[0m
[33m[WARN] [1790604275.352999891, 42.581000000]: Plan fail[0m
[31m[ERROR] [1790604275.374513392, 42.609000000]: No path to next viewpoint[0m
[33m[WARN] [1790604275.374748135, 42.609000000]: Plan fail[0m
[31m[ERROR] [1790604275.389725745, 42.618000000]: No path to next viewpoint[0m
[31m[ERROR] [1790604275.389891161, 42.618000000]: No path to next viewpoint[0m
[33m[WARN] [1790604275.389999840, 42.618000000]: Plan fail[0m
[33m[WARN] [1790604275.390131739, 42.618000000]: Plan fail[0m
[33m[WARN] [1790604275.390802283, 42.618000000]: get response 1[0m
[31m[ERROR] [1790604275.414666167, 42.646000000]: No path to next viewpoint[0m
[33m[WARN] [1790604275.414885944, 42.646000000]: Plan fail[0m
[31m[ERROR] [1790604275.431579661, 42.655000000]: No path to next viewpoint[0m
[33m[WARN] [1790604275.431785848, 42.655000000]: Plan fail[0m
[31m[ERROR] [1790604275.446200468, 42.673000000]: No path to next viewpoint[0m
[33m[WARN] [1790604275.446449217, 42.673000000]: Plan fail[0m
[31m[ERROR] [1790604275.450675705, 42.682000000]: No path to next viewpoint[0m
[33m[WARN] [1790604275.450889895, 42.682000000]: Plan fail[0m
[31m[ERROR] [1790604275.465964137, 42.691000000]: No path to next viewpoint[0m
[33m[WARN] [1790604275.466253239, 42.691000000]: Plan fail[0m
[31m[ERROR] [1790604275.483543589, 42.709000000]: No path to next viewpoint[0m
[33m[WARN] [1790604275.483806970, 42.709000000]: Plan fail[0m
[31m[ERROR] [1790604275.497072892, 42.718000000]: No path to next viewpoint[0m
[33m[WARN] [1790604275.497329436, 42.718000000]: Plan fail[0m
[31m[ERROR] [1790604275.503850195, 42.728000000]: No path to next viewpoint[0m
[33m[WARN] [1790604275.504096360, 42.728000000]: Plan fail[0m
[31m[ERROR] [1790604275.512169103, 42.737000000]: No path to next viewpoint[0m
[33m[WARN] [1790604275.512446408, 42.737000000]: Plan fail[0m
[31m[ERROR] [1790604275.529492927, 42.755000000]: No path to next viewpoint[0m
[33m[WARN] [1790604275.529724793, 42.755000000]: Plan fail[0m
[31m[ERROR] [1790604275.544673763, 42.764000000]: No path to next viewpoint[0m
[33m[WARN] [1790604275.544965534, 42.764000000]: Plan fail[0m
[31m[ERROR] [1790604275.551079631, 42.773000000]: No path to next viewpoint[0m
[33m[WARN] [1790604275.551514182, 42.773000000]: Plan fail[0m
[31m[ERROR] [1790604275.561694144, 42.783000000]: No path to next viewpoint[0m
[33m[WARN] [1790604275.562141201, 42.783000000]: Plan fail[0m
[31m[ERROR] [1790604275.577781851, 42.801000000]: No path to next viewpoint[0m
[33m[WARN] [1790604275.578072746, 42.801000000]: Plan fail[0m
[31m[ERROR] [1790604275.597114512, 42.819000000]: No path to next viewpoint[0m
[33m[WARN] [1790604275.597556483, 42.819000000]: Plan fail[0m
[31m[ERROR] [1790604275.603931794, 42.819000000]: No path to next viewpoint[0m
[33m[WARN] [1790604275.604297977, 42.819000000]: Plan fail[0m
[31m[ERROR] [1790604275.615525130, 42.828000000]: No path to next viewpoint[0m
[33m[WARN] [1790604275.615760956, 42.828000000]: Plan fail[0m
[31m[ERROR] [1790604275.634928493, 42.846000000]: No path to next viewpoint[0m
[33m[WARN] [1790604275.635257199, 42.846000000]: Plan fail[0m
[31m[ERROR] [1790604275.651203210, 42.865000000]: No path to next viewpoint[0m
[33m[WARN] [1790604275.651943913, 42.865000000]: Plan fail[0m
[31m[ERROR] [1790604275.660801173, 42.874000000]: No path to next viewpoint[0m
[33m[WARN] [1790604275.661106534, 42.874000000]: Plan fail[0m
[31m[ERROR] [1790604275.667552756, 42.883000000]: No path to next viewpoint[0m
[33m[WARN] [1790604275.667857533, 42.883000000]: Plan fail[0m
[31m[ERROR] [1790604275.689276821, 42.901000000]: No path to next viewpoint[0m
[33m[WARN] [1790604275.689468666, 42.901000000]: Plan fail[0m
[31m[ERROR] [1790604275.703251054, 42.920000000]: No path to next viewpoint[0m
[33m[WARN] [1790604275.703489465, 42.920000000]: Plan fail[0m
[31m[ERROR] [1790604275.709370446, 42.920000000]: No path to next viewpoint[0m
[33m[WARN] [1790604275.709613192, 42.920000000]: Plan fail[0m
[31m[ERROR] [1790604275.717928014, 42.929000000]: No path to next viewpoint[0m
[33m[WARN] [1790604275.718313957, 42.929000000]: Plan fail[0m
[31m[ERROR] [1790604275.732255049, 42.947000000]: No path to next viewpoint[0m
[33m[WARN] [1790604275.732802072, 42.947000000]: Plan fail[0m
[31m[ERROR] [1790604275.748517676, 42.965000000]: No path to next viewpoint[0m
[33m[WARN] [1790604275.748863349, 42.965000000]: Plan fail[0m
[31m[ERROR] [1790604275.759490035, 42.975000000]: No path to next viewpoint[0m
[33m[WARN] [1790604275.759891777, 42.975000000]: Plan fail[0m
[31m[ERROR] [1790604275.764549313, 42.975000000]: No path to next viewpoint[0m
[33m[WARN] [1790604275.764814779, 42.975000000]: Plan fail[0m
[31m[ERROR] [1790604275.779234110, 42.993000000]: No path to next viewpoint[0m
[33m[WARN] [1790604275.779442881, 42.993000000]: Plan fail[0m
[31m[ERROR] [1790604275.798210218, 43.011000000]: No path to next viewpoint[0m
[33m[WARN] [1790604275.798861169, 43.011000000]: Plan fail[0m
[31m[ERROR] [1790604275.812674072, 43.020000000]: No path to next viewpoint[0m
[33m[WARN] [1790604275.813194790, 43.020000000]: Plan fail[0m
[31m[ERROR] [1790604275.826621375, 43.029000000]: No path to next viewpoint[0m
[33m[WARN] [1790604275.827520575, 43.029000000]: Plan fail[0m
[31m[ERROR] [1790604275.843854529, 43.057000000]: No path to next viewpoint[0m
[33m[WARN] [1790604275.844075765, 43.057000000]: Plan fail[0m
[31m[ERROR] [1790604275.861635207, 43.075000000]: No path to next viewpoint[0m
[33m[WARN] [1790604275.861830805, 43.075000000]: Plan fail[0m
[31m[ERROR] [1790604275.866312586, 43.075000000]: No path to next viewpoint[0m
[33m[WARN] [1790604275.866626118, 43.075000000]: Plan fail[0m
[31m[ERROR] [1790604275.885521602, 43.093000000]: No path to next viewpoint[0m
[33m[WARN] [1790604275.885943522, 43.093000000]: Plan fail[0m
[31m[ERROR] [1790604275.905668921, 43.112000000]: No path to next viewpoint[0m
[33m[WARN] [1790604275.906028934, 43.112000000]: Plan fail[0m
[31m[ERROR] [1790604275.910752336, 43.121000000]: No path to next viewpoint[0m
[33m[WARN] [1790604275.910962441, 43.121000000]: Plan fail[0m
[33m[WARN] [1790604275.911304071, 43.121000000]: Pair opt 1 & 2[0m
[31m[ERROR] [1790604275.922568617, 43.130000000]: No path to next viewpoint[0m
[33m[WARN] [1790604275.922889277, 43.130000000]: Plan fail[0m
[31m[ERROR] [1790604275.938565986, 43.148000000]: No path to next viewpoint[0m
[33m[WARN] [1790604275.938857841, 43.148000000]: Plan fail[0m
[31m[ERROR] [1790604275.960633556, 43.167000000]: No path to next viewpoint[0m
[33m[WARN] [1790604275.960842327, 43.167000000]: Plan fail[0m
[31m[ERROR] [1790604275.977442290, 43.185000000]: No path to next viewpoint[0m
[33m[WARN] [1790604275.977741814, 43.185000000]: Plan fail[0m
[33m[WARN] [1790604275.979596992, 43.185000000]: Drone 1 send opt request to 2, pair opt t: 0.064000, allocate t: 0.064000[0m
[31m[ERROR] [1790604275.993081606, 43.203000000]: No path to next viewpoint[0m
[33m[WARN] [1790604275.993461295, 43.203000000]: Plan fail[0m
[31m[ERROR] [1790604276.007860158, 43.212000000]: No path to next viewpoint[0m
[33m[WARN] [1790604276.008026324, 43.212000000]: Plan fail[0m
[31m[ERROR] [1790604276.019382041, 43.222000000]: No path to next viewpoint[0m
[33m[WARN] [1790604276.019670101, 43.222000000]: Plan fail[0m
[33m[WARN] [1790604276.020148090, 43.222000000]: Pair opt 1 & 2[0m
[31m[ERROR] [1790604276.025945821, 43.222000000]: No path to next viewpoint[0m
[33m[WARN] [1790604276.026136917, 43.222000000]: Plan fail[0m
[31m[ERROR] [1790604276.045845433, 43.250999999]: No path to next viewpoint[0m
[33m[WARN] [1790604276.046083927, 43.250999999]: Plan fail[0m
[31m[ERROR] [1790604276.062736582, 43.259999999]: No path to next viewpoint[0m
[33m[WARN] [1790604276.062894828, 43.259999999]: Plan fail[0m
[33m[WARN] [1790604276.069950146, 43.268999999]: Drone 1 send opt request to 2, pair opt t: 0.047000, allocate t: 0.047000[0m
[31m[ERROR] [1790604276.077167211, 43.277999999]: No path to next viewpoint[0m
[33m[WARN] [1790604276.077408915, 43.277999999]: Plan fail[0m
[33m[WARN] [1790604276.079104887, 43.277999999]: Reject frequent attempt[0m
[31m[ERROR] [1790604276.095076869, 43.295999999]: No path to next viewpoint[0m
[33m[WARN] [1790604276.095342877, 43.295999999]: Plan fail[0m
[31m[ERROR] [1790604276.110501828, 43.304999999]: No path to next viewpoint[0m
[33m[WARN] [1790604276.110825865, 43.304999999]: Plan fail[0m
[31m[ERROR] [1790604276.125566607, 43.323000000]: No path to next viewpoint[0m
[33m[WARN] [1790604276.125936083, 43.323000000]: Plan fail[0m
[31m[ERROR] [1790604276.127401565, 43.323000000]: No path to next viewpoint[0m
[33m[WARN] [1790604276.127631889, 43.323000000]: Plan fail[0m
[33m[WARN] [1790604276.127845787, 43.323000000]: Pair opt 1 & 2[0m
[31m[ERROR] [1790604276.140707382, 43.341000000]: No path to next viewpoint[0m
[33m[WARN] [1790604276.140932536, 43.341000000]: Plan fail[0m
[31m[ERROR] [1790604276.152296632, 43.350000000]: No path to next viewpoint[0m
[33m[WARN] [1790604276.152493563, 43.350000000]: Plan fail[0m
[31m[ERROR] [1790604276.171329769, 43.368000000]: No path to next viewpoint[0m
[33m[WARN] [1790604276.171568971, 43.368000000]: Plan fail[0m
[31m[ERROR] [1790604276.185080849, 43.377000000]: No path to next viewpoint[0m
[33m[WARN] [1790604276.185519693, 43.377000000]: Plan fail[0m
[33m[WARN] [1790604276.195653341, 43.386000000]: Drone 1 send opt request to 2, pair opt t: 0.063000, allocate t: 0.063000[0m
[31m[ERROR] [1790604276.198591976, 43.395000000]: No path to next viewpoint[0m
[33m[WARN] [1790604276.198827094, 43.395000000]: Plan fail[0m
[31m[ERROR] [1790604276.212447317, 43.404000000]: No path to next viewpoint[0m
[33m[WARN] [1790604276.212633702, 43.404000000]: Plan fail[0m
[31m[ERROR] [1790604276.232050489, 43.423000000]: No path to next viewpoint[0m
[33m[WARN] [1790604276.232307159, 43.423000000]: Plan fail[0m
[31m[ERROR] [1790604276.251955395, 43.441000000]: No path to next viewpoint[0m
[33m[WARN] [1790604276.252630273, 43.441000000]: Plan fail[0m
[31m[ERROR] [1790604276.266016255, 43.450000000]: No path to next viewpoint[0m
[33m[WARN] [1790604276.266344961, 43.450000000]: Plan fail[0m
[33m[WARN] [1790604276.266652239, 43.450000000]: Pair opt 1 & 2[0m
[31m[ERROR] [1790604276.272511001, 43.459000000]: No path to next viewpoint[0m
[33m[WARN] [1790604276.272800353, 43.459000000]: Plan fail[0m
[31m[ERROR] [1790604276.297005075, 43.478000000]: No path to next viewpoint[0m
[33m[WARN] [1790604276.297590909, 43.478000000]: Plan fail[0m
[31m[ERROR] [1790604276.319734934, 43.499000000]: No path to next viewpoint[0m
[33m[WARN] [1790604276.320140178, 43.508000000]: Plan fail[0m
[33m[WARN] [1790604276.329005817, 43.517000000]: Drone 1 send opt request to 2, pair opt t: 0.067000, allocate t: 0.058000[0m
[31m[ERROR] [1790604276.334071557, 43.517000000]: No path to next viewpoint[0m
[33m[WARN] [1790604276.334332729, 43.517000000]: Plan fail[0m
[33m[WARN] [1790604276.334752564, 43.517000000]: Reject frequent attempt[0m
[31m[ERROR] [1790604276.353851442, 43.536000000]: No path to next viewpoint[0m
[33m[WARN] [1790604276.354229965, 43.536000000]: Plan fail[0m
[31m[ERROR] [1790604276.369993884, 43.554000000]: No path to next viewpoint[0m
[33m[WARN] [1790604276.370273607, 43.554000000]: Plan fail[0m
[31m[ERROR] [1790604276.379052745, 43.563000000]: No path to next viewpoint[0m
[33m[WARN] [1790604276.379198776, 43.563000000]: Plan fail[0m
[33m[WARN] [1790604276.379483752, 43.563000000]: Pair opt 1 & 2[0m
[31m[ERROR] [1790604276.387668217, 43.572000000]: No path to next viewpoint[0m
[33m[WARN] [1790604276.387884408, 43.572000000]: Plan fail[0m
[31m[ERROR] [1790604276.400320790, 43.581000000]: No path to next viewpoint[0m
[33m[WARN] [1790604276.400541192, 43.581000000]: Plan fail[0m
[31m[ERROR] [1790604276.414935219, 43.600000000]: No path to next viewpoint[0m
[33m[WARN] [1790604276.415144657, 43.600000000]: Plan fail[0m
[31m[ERROR] [1790604276.437253873, 43.618000000]: No path to next viewpoint[0m
[33m[WARN] [1790604276.437565945, 43.618000000]: Plan fail[0m
[33m[WARN] [1790604276.454860005, 43.627000000]: Drone 1 send opt request to 2, pair opt t: 0.064000, allocate t: 0.064000[0m
[31m[ERROR] [1790604276.462643394, 43.645000000]: No path to next viewpoint[0m
[33m[WARN] [1790604276.462870466, 43.645000000]: Plan fail[0m
[31m[ERROR] [1790604276.484670778, 43.664000000]: No path to next viewpoint[0m
[33m[WARN] [1790604276.484970219, 43.664000000]: Plan fail[0m
[31m[ERROR] [1790604276.500115454, 43.682000000]: No path to next viewpoint[0m
[33m[WARN] [1790604276.500342693, 43.682000000]: Plan fail[0m
[31m[ERROR] [1790604276.502787998, 43.682000000]: No path to next viewpoint[0m
[33m[WARN] [1790604276.503018030, 43.682000000]: Plan fail[0m
[33m[WARN] [1790604276.508263902, 43.691000000]: Pair opt 1 & 2[0m
[31m[ERROR] [1790604276.514321387, 43.691000000]: No path to next viewpoint[0m
[33m[WARN] [1790604276.514570136, 43.691000000]: Plan fail[0m
[31m[ERROR] [1790604276.529626994, 43.709000000]: No path to next viewpoint[0m
[33m[WARN] [1790604276.529855609, 43.709000000]: Plan fail[0m
[31m[ERROR] [1790604276.545084011, 43.728000000]: No path to next viewpoint[0m
[33m[WARN] [1790604276.545343849, 43.728000000]: Plan fail[0m
[31m[ERROR] [1790604276.559169008, 43.737000000]: No path to next viewpoint[0m
[33m[WARN] [1790604276.559364314, 43.737000000]: Plan fail[0m
[33m[WARN] [1790604276.562278312, 43.746000000]: Drone 1 send opt request to 2, pair opt t: 0.055000, allocate t: 0.046000[0m
[31m[ERROR] [1790604276.576150411, 43.755000000]: No path to next viewpoint[0m
[33m[WARN] [1790604276.576519971, 43.755000000]: Plan fail[0m
[33m[WARN] [1790604276.576773889, 43.755000000]: Reject frequent attempt[0m
[31m[ERROR] [1790604276.591006794, 43.773000000]: No path to next viewpoint[0m
[33m[WARN] [1790604276.591414831, 43.773000000]: Plan fail[0m
[31m[ERROR] [1790604276.602889232, 43.783000000]: No path to next viewpoint[0m
[33m[WARN] [1790604276.603184880, 43.783000000]: Plan fail[0m
[31m[ERROR] [1790604276.610430376, 43.783000000]: No path to next viewpoint[0m
[33m[WARN] [1790604276.611052312, 43.783000000]: Plan fail[0m
[33m[WARN] [1790604276.611518128, 43.783000000]: get response 2[0m
[31m[ERROR] [1790604276.619125180, 43.792000000]: No path to next viewpoint[0m
[33m[WARN] [1790604276.619531591, 43.792000000]: Plan fail[0m
[31m[ERROR] [1790604276.637899229, 43.810000000]: No path to next viewpoint[0m
[33m[WARN] [1790604276.638346702, 43.810000000]: Plan fail[0m
[31m[ERROR] [1790604276.656930573, 43.828000000]: No path to next viewpoint[0m
[33m[WARN] [1790604276.657287751, 43.828000000]: Plan fail[0m
[31m[ERROR] [1790604276.660664856, 43.828000000]: No path to next viewpoint[0m
[33m[WARN] [1790604276.660931989, 43.828000000]: Plan fail[0m
[33m[WARN] [1790604276.661349114, 43.828000000]: Pair opt 1 & 2[0m
[31m[ERROR] [1790604276.677065844, 43.846000000]: No path to next viewpoint[0m
[33m[WARN] [1790604276.677303212, 43.846000000]: Plan fail[0m
[31m[ERROR] [1790604276.690868033, 43.856000000]: No path to next viewpoint[0m
[33m[WARN] [1790604276.691133166, 43.856000000]: Plan fail[0m
[31m[ERROR] [1790604276.705842225, 43.874000000]: No path to next viewpoint[0m
[33m[WARN] [1790604276.706129743, 43.874000000]: Plan fail[0m
[31m[ERROR] [1790604276.712278024, 43.883000000]: Larger cost after reallocation[0m
[31m[ERROR] [1790604276.722195147, 43.883000000]: No path to next viewpoint[0m
[33m[WARN] [1790604276.722497006, 43.883000000]: Plan fail[0m
[31m[ERROR] [1790604276.738842008, 43.901000000]: No path to next viewpoint[0m
[33m[WARN] [1790604276.739127234, 43.901000000]: Plan fail[0m
[31m[ERROR] [1790604276.753358805, 43.920000000]: No path to next viewpoint[0m
[33m[WARN] [1790604276.753626688, 43.920000000]: Plan fail[0m
[31m[ERROR] [1790604276.764581538, 43.929000000]: No path to next viewpoint[0m
[33m[WARN] [1790604276.764867764, 43.929000000]: Plan fail[0m
[33m[WARN] [1790604276.765326369, 43.929000000]: Pair opt 1 & 2[0m
[31m[ERROR] [1790604276.779398860, 43.947000000]: No path to next viewpoint[0m
[33m[WARN] [1790604276.779715601, 43.947000000]: Plan fail[0m
[31m[ERROR] [1790604276.795220933, 43.965000000]: No path to next viewpoint[0m
[33m[WARN] [1790604276.795477395, 43.965000000]: Plan fail[0m
[31m[ERROR] [1790604276.811654021, 43.975000000]: No path to next viewpoint[0m
[33m[WARN] [1790604276.812015577, 43.975000000]: Plan fail[0m
[31m[ERROR] [1790604276.828771033, 43.993000000]: No path to next viewpoint[0m
[33m[WARN] [1790604276.828982681, 43.993000000]: Plan fail[0m
[33m[WARN] [1790604276.830039626, 43.993000000]: Drone 1 send opt request to 2, pair opt t: 0.064000, allocate t: 0.064000[0m
[31m[ERROR] [1790604276.847138796, 44.011000000]: No path to next viewpoint[0m
[33m[WARN] [1790604276.847381167, 44.011000000]: Plan fail[0m
[31m[ERROR] [1790604276.866024526, 44.029000000]: No path to next viewpoint[0m
[33m[WARN] [1790604276.866261061, 44.029000000]: Plan fail[0m
[31m[ERROR] [1790604276.885313040, 44.048000000]: No path to next viewpoint[0m
[33m[WARN] [1790604276.885759680, 44.048000000]: Plan fail[0m
[31m[ERROR] [1790604276.900739083, 44.066000000]: No path to next viewpoint[0m
[33m[WARN] [1790604276.901118106, 44.066000000]: Plan fail[0m
[31m[ERROR] [1790604276.902079544, 44.066000000]: No path to next viewpoint[0m
[33m[WARN] [1790604276.902452981, 44.066000000]: Plan fail[0m
[33m[WARN] [1790604276.903028602, 44.066000000]: Pair opt 1 & 2[0m
[31m[ERROR] [1790604276.916367226, 44.075000000]: No path to next viewpoint[0m
[33m[WARN] [1790604276.916706271, 44.084000000]: Plan fail[0m
[31m[ERROR] [1790604276.934581162, 44.093000000]: No path to next viewpoint[0m
[33m[WARN] [1790604276.935180337, 44.093000000]: Plan fail[0m
[31m[ERROR] [1790604276.949046475, 44.112000000]: No path to next viewpoint[0m
[33m[WARN] [1790604276.949543681, 44.112000000]: Plan fail[0m
[33m[WARN] [1790604276.954506120, 44.121000000]: Drone 1 send opt request to 2, pair opt t: 0.055000, allocate t: 0.046000[0m
[31m[ERROR] [1790604276.967949296, 44.130000000]: No path to next viewpoint[0m
[33m[WARN] [1790604276.968253031, 44.130000000]: Plan fail[0m
[33m[WARN] [1790604276.969022458, 44.130000000]: Reject frequent attempt[0m
[31m[ERROR] [1790604276.986353035, 44.148000000]: No path to next viewpoint[0m
[33m[WARN] [1790604276.986537544, 44.148000000]: Plan fail[0m
[31m[ERROR] [1790604277.000639925, 44.158000000]: No path to next viewpoint[0m
[33m[WARN] [1790604277.000908101, 44.158000000]: Plan fail[0m
[31m[ERROR] [1790604277.009222756, 44.167000000]: No path to next viewpoint[0m
[33m[WARN] [1790604277.009550295, 44.167000000]: Plan fail[0m
[33m[WARN] [1790604277.009970546, 44.167000000]: Pair opt 1 & 2[0m
[31m[ERROR] [1790604277.016680150, 44.176000000]: No path to next viewpoint[0m
[33m[WARN] [1790604277.016866284, 44.176000000]: Plan fail[0m
[31m[ERROR] [1790604277.032141626, 44.194000000]: No path to next viewpoint[0m
[33m[WARN] [1790604277.032457493, 44.194000000]: Plan fail[0m
[31m[ERROR] [1790604277.047769020, 44.203000000]: No path to next viewpoint[0m
[33m[WARN] [1790604277.048050952, 44.203000000]: Plan fail[0m
[31m[ERROR] [1790604277.072446602, 44.222000000]: No path to next viewpoint[0m
[33m[WARN] [1790604277.072917171, 44.222000000]: Plan fail[0m
[33m[WARN] [1790604277.085618893, 44.240000000]: Drone 1 send opt request to 2, pair opt t: 0.073000, allocate t: 0.064000[0m
[31m[ERROR] [1790604277.097401282, 44.249000000]: No path to next viewpoint[0m
[33m[WARN] [1790604277.097648447, 44.249000000]: Plan fail[0m
[31m[ERROR] [1790604277.116054520, 44.267000000]: No path to next viewpoint[0m
[33m[WARN] [1790604277.116264125, 44.267000000]: Plan fail[0m
[31m[ERROR] [1790604277.132218890, 44.286000000]: No path to next viewpoint[0m
[33m[WARN] [1790604277.132463054, 44.286000000]: Plan fail[0m
[31m[ERROR] [1790604277.135361711, 44.286000000]: No path to next viewpoint[0m
[33m[WARN] [1790604277.136350246, 44.286000000]: Plan fail[0m
[33m[WARN] [1790604277.140050471, 44.295000000]: Pair opt 1 & 2[0m
[31m[ERROR] [1790604277.149262741, 44.304000000]: No path to next viewpoint[0m
[33m[WARN] [1790604277.149548634, 44.304000000]: Plan fail[0m
[31m[ERROR] [1790604277.167423942, 44.322000000]: No path to next viewpoint[0m
[33m[WARN] [1790604277.167664813, 44.322000000]: Plan fail[0m
[31m[ERROR] [1790604277.184554003, 44.340000000]: No path to next viewpoint[0m
[33m[WARN] [1790604277.184847941, 44.340000000]: Plan fail[0m
[33m[WARN] [1790604277.194996305, 44.350000000]: Drone 1 send opt request to 2, pair opt t: 0.055000, allocate t: 0.045000[0m
[31m[ERROR] [1790604277.200527110, 44.350000000]: No path to next viewpoint[0m
[33m[WARN] [1790604277.200761769, 44.350000000]: Plan fail[0m
[33m[WARN] [1790604277.200943110, 44.350000000]: Reject frequent attempt[0m
[31m[ERROR] [1790604277.217650793, 44.368000000]: No path to next viewpoint[0m
[33m[WARN] [1790604277.217948108, 44.368000000]: Plan fail[0m
[31m[ERROR] [1790604277.230795696, 44.386000000]: No path to next viewpoint[0m
[33m[WARN] [1790604277.231057493, 44.386000000]: Plan fail[0m
[31m[ERROR] [1790604277.246010758, 44.395000000]: No path to next viewpoint[0m
[31m[ERROR] [1790604277.246145367, 44.395000000]: No path to next viewpoint[0m
[33m[WARN] [1790604277.246486829, 44.395000000]: Plan fail[0m
[33m[WARN] [1790604277.246689764, 44.395000000]: Plan fail[0m
[33m[WARN] [1790604277.247582752, 44.395000000]: Pair opt 1 & 2[0m
[31m[ERROR] [1790604277.263252791, 44.404000000]: No path to next viewpoint[0m
[33m[WARN] [1790604277.263721359, 44.404000000]: Plan fail[0m
[31m[ERROR] [1790604277.276568821, 44.423000000]: No path to next viewpoint[0m
[33m[WARN] [1790604277.276827575, 44.423000000]: Plan fail[0m
[31m[ERROR] [1790604277.294068274, 44.432000000]: No path to next viewpoint[0m
[33m[WARN] [1790604277.294381097, 44.432000000]: Plan fail[0m
[31m[ERROR] [1790604277.310936121, 44.450000000]: No path to next viewpoint[0m
[33m[WARN] [1790604277.311257615, 44.459000000]: Plan fail[0m
[33m[WARN] [1790604277.324257737, 44.468000000]: Drone 1 send opt request to 2, pair opt t: 0.073000, allocate t: 0.073000[0m
[31m[ERROR] [1790604277.329560136, 44.478000000]: No path to next viewpoint[0m
[33m[WARN] [1790604277.329763363, 44.478000000]: Plan fail[0m
[31m[ERROR] [1790604277.347186195, 44.496000000]: No path to next viewpoint[0m
[33m[WARN] [1790604277.347339522, 44.496000000]: Plan fail[0m
[31m[ERROR] [1790604277.361561879, 44.505000000]: No path to next viewpoint[0m
[33m[WARN] [1790604277.362028279, 44.505000000]: Plan fail[0m
[31m[ERROR] [1790604277.373342558, 44.514000000]: No path to next viewpoint[0m
[33m[WARN] [1790604277.373763310, 44.514000000]: Plan fail[0m
[33m[WARN] [1790604277.377702612, 44.523000000]: Pair opt 1 & 2[0m
[31m[ERROR] [1790604277.379768770, 44.523000000]: No path to next viewpoint[0m
[33m[WARN] [1790604277.380039113, 44.523000000]: Plan fail[0m
[31m[ERROR] [1790604277.395081297, 44.533000000]: No path to next viewpoint[0m
[33m[WARN] [1790604277.395438309, 44.533000000]: Plan fail[0m
[31m[ERROR] [1790604277.410967070, 44.551000000]: No path to next viewpoint[0m
[33m[WARN] [1790604277.411261759, 44.551000000]: Plan fail[0m
[31m[ERROR] [1790604277.423687510, 44.569000000]: No path to next viewpoint[0m
[33m[WARN] [1790604277.424034100, 44.569000000]: Plan fail[0m
[31m[ERROR] [1790604277.435446720, 44.578000000]: No path to next viewpoint[0m
[33m[WARN] [1790604277.435661452, 44.578000000]: Plan fail[0m
[33m[WARN] [1790604277.439131311, 44.587000000]: Drone 1 send opt request to 2, pair opt t: 0.064000, allocate t: 0.055000[0m
[31m[ERROR] [1790604277.450254912, 44.596000000]: No path to next viewpoint[0m
[33m[WARN] [1790604277.450410573, 44.596000000]: Plan fail[0m
[33m[WARN] [1790604277.450654070, 44.596000000]: Reject frequent attempt[0m
[31m[ERROR] [1790604277.464495821, 44.606000000]: No path to next viewpoint[0m
[33m[WARN] [1790604277.464669824, 44.606000000]: Plan fail[0m
[31m[ERROR] [1790604277.479556014, 44.615000000]: No path to next viewpoint[0m
[33m[WARN] [1790604277.479746609, 44.615000000]: Plan fail[0m
[31m[ERROR] [1790604277.494899765, 44.633000000]: No path to next viewpoint[0m
[33m[WARN] [1790604277.495489768, 44.633000000]: Plan fail[0m
[33m[WARN] [1790604277.496212963, 44.633000000]: Pair opt 1 & 2[0m
[31m[ERROR] [1790604277.496577353, 44.633000000]: No path to next viewpoint[0m
[33m[WARN] [1790604277.496708877, 44.633000000]: Plan fail[0m
[31m[ERROR] [1790604277.512150678, 44.651000000]: No path to next viewpoint[0m
[33m[WARN] [1790604277.512426649, 44.651000000]: Plan fail[0m
[31m[ERROR] [1790604277.531343436, 44.670000000]: No path to next viewpoint[0m
[33m[WARN] [1790604277.531575302, 44.670000000]: Plan fail[0m
[31m[ERROR] [1790604277.547499385, 44.688000000]: No path to next viewpoint[0m
[33m[WARN] [1790604277.547762266, 44.688000000]: Plan fail[0m
[33m[WARN] [1790604277.558099182, 44.697000000]: Drone 1 send opt request to 2, pair opt t: 0.064000, allocate t: 0.064000[0m
[31m[ERROR] [1790604277.561469450, 44.697000000]: No path to next viewpoint[0m
[33m[WARN] [1790604277.561736792, 44.697000000]: Plan fail[0m
[31m[ERROR] [1790604277.577090757, 44.715000000]: No path to next viewpoint[0m
[33m[WARN] [1790604277.577441765, 44.715000000]: Plan fail[0m
[31m[ERROR] [1790604277.589117392, 44.725000000]: No path to next viewpoint[0m
[33m[WARN] [1790604277.589299817, 44.725000000]: Plan fail[0m
[31m[ERROR] [1790604277.602559151, 44.734000000]: No path to next viewpoint[0m
[33m[WARN] [1790604277.602867222, 44.734000000]: Plan fail[0m
[31m[ERROR] [1790604277.603261085, 44.743000000]: No path to next viewpoint[0m
[33m[WARN] [1790604277.603459643, 44.743000000]: Plan fail[0m
[33m[WARN] [1790604277.603468105, 44.734000000]: Pair opt 1 & 2[0m
[31m[ERROR] [1790604277.616567735, 44.752000000]: No path to next viewpoint[0m
[33m[WARN] [1790604277.616855588, 44.752000000]: Plan fail[0m
[31m[ERROR] [1790604277.634944086, 44.770000000]: No path to next viewpoint[0m
[33m[WARN] [1790604277.635292093, 44.770000000]: Plan fail[0m
[31m[ERROR] [1790604277.648670112, 44.779000000]: No path to next viewpoint[0m
[33m[WARN] [1790604277.649488646, 44.789000000]: Plan fail[0m
[33m[WARN] [1790604277.657999149, 44.798000000]: Drone 1 send opt request to 2, pair opt t: 0.064000, allocate t: 0.046000[0m
[31m[ERROR] [1790604277.664520200, 44.798000000]: No path to next viewpoint[0m
[33m[WARN] [1790604277.664755150, 44.798000000]: Plan fail[0m
[33m[WARN] [1790604277.664984307, 44.798000000]: Reject frequent attempt[0m
[31m[ERROR] [1790604277.688551960, 44.825000000]: No path to next viewpoint[0m
[33m[WARN] [1790604277.688805836, 44.825000000]: Plan fail[0m
[31m[ERROR] [1790604277.705577510, 44.843000000]: No path to next viewpoint[0m
[33m[WARN] [1790604277.705784947, 44.843000000]: Plan fail[0m
[31m[ERROR] [1790604277.705618822, 44.843000000]: No path to next viewpoint[0m
[33m[WARN] [1790604277.706240007, 44.843000000]: Pair opt 1 & 2[0m
[33m[WARN] [1790604277.706325842, 44.843000000]: Plan fail[0m
[31m[ERROR] [1790604277.726382574, 44.862000000]: No path to next viewpoint[0m
[33m[WARN] [1790604277.726845013, 44.862000000]: Plan fail[0m
[31m[ERROR] [1790604277.744426675, 44.880000000]: No path to next viewpoint[0m
[33m[WARN] [1790604277.744769221, 44.880000000]: Plan fail[0m
[31m[ERROR] [1790604277.763657452, 44.898000000]: No path to next viewpoint[0m
[33m[WARN] [1790604277.763873143, 44.898000000]: Plan fail[0m
[33m[WARN] [1790604277.763906827, 44.898000000]: Drone 1 send opt request to 2, pair opt t: 0.055000, allocate t: 0.055000[0m
[31m[ERROR] [1790604277.779120555, 44.908000000]: No path to next viewpoint[0m
[33m[WARN] [1790604277.779482944, 44.908000000]: Plan fail[0m
[31m[ERROR] [1790604277.796193503, 44.926000000]: No path to next viewpoint[0m
[33m[WARN] [1790604277.796459678, 44.926000000]: Plan fail[0m
[31m[ERROR] [1790604277.812441623, 44.944000000]: No path to next viewpoint[0m
[33m[WARN] [1790604277.812727892, 44.944000000]: Plan fail[0m
[31m[ERROR] [1790604277.813923948, 44.944000000]: No path to next viewpoint[0m
[33m[WARN] [1790604277.814158898, 44.944000000]: Plan fail[0m
[33m[WARN] [1790604277.814561683, 44.944000000]: get response 1[0m
[31m[ERROR] [1790604277.827831898, 44.953000000]: No path to next viewpoint[0m
[33m[WARN] [1790604277.828131506, 44.953000000]: Plan fail[0m
[31m[ERROR] [1790604277.846603112, 44.971000000]: No path to next viewpoint[0m
[33m[WARN] [1790604277.847237971, 44.971000000]: Plan fail[0m
[31m[ERROR] [1790604277.862980589, 44.990000000]: No path to next viewpoint[0m
[33m[WARN] [1790604277.863161346, 44.990000000]: Plan fail[0m
[31m[ERROR] [1790604277.864472501, 44.990000000]: No path to next viewpoint[0m
[33m[WARN] [1790604277.864701407, 44.990000000]: Plan fail[0m
[31m[ERROR] [1790604277.881097267, 45.008000000]: No path to next viewpoint[0m
[33m[WARN] [1790604277.881456697, 45.008000000]: Plan fail[0m
[31m[ERROR] [1790604277.901475493, 45.026000000]: No path to next viewpoint[0m
[33m[WARN] [1790604277.901796695, 45.026000000]: Plan fail[0m
[31m[ERROR] [1790604277.921781600, 45.036000000]: No path to next viewpoint[0m
[33m[WARN] [1790604277.922081083, 45.036000000]: Plan fail[0m
[31m[ERROR] [1790604277.925887276, 45.045000000]: No path to next viewpoint[0m
[33m[WARN] [1790604277.926223778, 45.045000000]: Plan fail[0m
[31m[ERROR] [1790604277.945870388, 45.045000000]: No path to next viewpoint[0m
[33m[WARN] [1790604277.946102546, 45.045000000]: Plan fail[0m
[31m[ERROR] [1790604277.987211632, 45.045000000]: No path to next viewpoint[0m
[33m[WARN] [1790604277.987544798, 45.045000000]: Plan fail[0m
[33m[WARN] [1790604317.263168857, 0.039000000]: init plan.[0m
[31m[ERROR] [1790604317.282821345, 0.057000000]: No path to next viewpoint[0m
[33m[WARN] [1790604317.283460289, 0.057000000]: Plan fail[0m
[31m[ERROR] [1790604317.324906919, 0.095000000]: No path to next viewpoint[0m
[33m[WARN] [1790604317.325347056, 0.095000000]: Plan fail[0m
[31m[ERROR] [1790604317.365126936, 0.133000000]: No path to next viewpoint[0m
[33m[WARN] [1790604317.365895611, 0.133000000]: Plan fail[0m
[31m[ERROR] [1790604317.410776499, 0.179000000]: No path to next viewpoint[0m
[33m[WARN] [1790604317.411023372, 0.179000000]: Plan fail[0m
[33m[WARN] [1790604317.474991841, 0.216000000]: Messages of type 1 arrived out of order (will print only once)[0m
[31m[ERROR] [1790604317.477485462, 0.216000000]: No path to next viewpoint[0m
[33m[WARN] [1790604317.479433519, 0.216000000]: Plan fail[0m
[33m[WARN] [1790604317.478795617, 0.216000000]: start flight[0m
[33m[WARN] [1790604317.480893123, 0.216000000]: Messages of type 1 arrived out of order (will print only once)[0m
[33m[WARN] [1790604317.495943561, 0.254000000]: Replan: collision detected==================================[0m
[33m[WARN] [1790604317.502934138, 0.263000000]: init plan.[0m
[31m[ERROR] [1790604317.526589918, 0.281000000]: No path to next viewpoint[0m
[33m[WARN] [1790604317.527002791, 0.281000000]: Plan fail[0m
[31m[ERROR] [1790604317.566452715, 0.318000000]: No path to next viewpoint[0m
[33m[WARN] [1790604317.566633222, 0.318000000]: Plan fail[0m
[31m[ERROR] [1790604317.609000436, 0.363000000]: No path to next viewpoint[0m
[33m[WARN] [1790604317.609628459, 0.363000000]: Plan fail[0m
[31m[ERROR] [1790604317.660543695, 0.409000000]: No path to next viewpoint[0m
[33m[WARN] [1790604317.660814831, 0.409000000]: Plan fail[0m
[31m[ERROR] [1790604317.715352294, 0.455000000]: No path to next viewpoint[0m
[33m[WARN] [1790604317.715805938, 0.455000000]: Plan fail[0m
[31m[ERROR] [1790604317.764974843, 0.501000000]: No path to next viewpoint[0m
[33m[WARN] [1790604317.765322308, 0.510000000]: Plan fail[0m
[33m[WARN] [1790604317.765819140, 0.510000000]: Replan: collision detected==================================[0m
[31m[ERROR] [1790604317.766161144, 0.510000000]: No path to next viewpoint[0m
[33m[WARN] [1790604317.766358326, 0.510000000]: Plan fail[0m
[31m[ERROR] [1790604317.799156050, 0.537000000]: No path to next viewpoint[0m
[33m[WARN] [1790604317.799399380, 0.537000000]: Plan fail[0m
[31m[ERROR] [1790604317.812433936, 0.555000000]: No path to next viewpoint[0m
[33m[WARN] [1790604317.812717536, 0.555000000]: Plan fail[0m
[31m[ERROR] [1790604317.817761473, 0.564000000]: No path to next viewpoint[0m
[33m[WARN] [1790604317.818040488, 0.564000000]: Plan fail[0m
[31m[ERROR] [1790604317.833988458, 0.573000000]: No path to next viewpoint[0m
[33m[WARN] [1790604317.834394119, 0.573000000]: Plan fail[0m
[31m[ERROR] [1790604317.855605886, 0.600000000]: No path to next viewpoint[0m
[33m[WARN] [1790604317.855922461, 0.600000000]: Plan fail[0m
[31m[ERROR] [1790604317.859843796, 0.600000000]: No path to next viewpoint[0m
[33m[WARN] [1790604317.860083249, 0.600000000]: Plan fail[0m
[31m[ERROR] [1790604317.896719349, 0.628000000]: No path to next viewpoint[0m
[33m[WARN] [1790604317.897123343, 0.628000000]: Plan fail[0m
[31m[ERROR] [1790604317.919726430, 0.655000000]: No path to next viewpoint[0m
[33m[WARN] [1790604317.919894139, 0.655000000]: Plan fail[0m
[31m[ERROR] [1790604317.920491187, 0.655000000]: No path to next viewpoint[0m
[33m[WARN] [1790604317.923433199, 0.655000000]: Plan fail[0m
[31m[ERROR] [1790604317.941465961, 0.664000000]: No path to next viewpoint[0m
[33m[WARN] [1790604317.941785121, 0.664000000]: Plan fail[0m
[31m[ERROR] [1790604317.964550123, 0.695000000]: No path to next viewpoint[0m
[33m[WARN] [1790604317.964839267, 0.695000000]: Plan fail[0m
[31m[ERROR] [1790604317.969823883, 0.704000000]: No path to next viewpoint[0m
[33m[WARN] [1790604317.970051789, 0.704000000]: Plan fail[0m
[31m[ERROR] [1790604317.983763475, 0.713000000]: No path to next viewpoint[0m
[33m[WARN] [1790604317.984318168, 0.713000000]: Plan fail[0m
[31m[ERROR] [1790604318.004066496, 0.731000000]: No path to next viewpoint[0m
[33m[WARN] [1790604318.004378777, 0.731000000]: Plan fail[0m
[31m[ERROR] [1790604318.017712899, 0.741000000]: No path to next viewpoint[0m
[33m[WARN] [1790604318.017932384, 0.741000000]: Plan fail[0m
[31m[ERROR] [1790604318.019792980, 0.741000000]: No path to next viewpoint[0m
[33m[WARN] [1790604318.020185760, 0.741000000]: Plan fail[0m
[31m[ERROR] [1790604318.036508584, 0.759000000]: No path to next viewpoint[0m
[33m[WARN] [1790604318.037058942, 0.759000000]: Plan fail[0m
[31m[ERROR] [1790604318.055744989, 0.777000000]: No path to next viewpoint[0m
[33m[WARN] [1790604318.056110130, 0.777000000]: Plan fail[0m
[31m[ERROR] [1790604318.068449630, 0.786000000]: No path to next viewpoint[0m
[33m[WARN] [1790604318.068800055, 0.786000000]: Plan fail[0m
[31m[ERROR] [1790604318.070952005, 0.786000000]: No path to next viewpoint[0m
[33m[WARN] [1790604318.071127343, 0.786000000]: Plan fail[0m
[31m[ERROR] [1790604318.088323187, 0.804000000]: No path to next viewpoint[0m
[33m[WARN] [1790604318.088547424, 0.804000000]: Plan fail[0m
[31m[ERROR] [1790604318.109007107, 0.813000000]: No path to next viewpoint[0m
[33m[WARN] [1790604318.109865828, 0.813000000]: Plan fail[0m
[31m[ERROR] [1790604318.151213241, 0.822000000]: No path to next viewpoint[0m
[33m[WARN] [1790604318.152072337, 0.822000000]: Plan fail[0m
[31m[ERROR] [1790604318.242593408, 0.831000000]: No path to next viewpoint[0m
[33m[WARN] [1790604318.244822230, 0.831000000]: Plan fail[0m
[31m[ERROR] [1790604318.435493727, 0.858000000]: No path to next viewpoint[0m
[33m[WARN] [1790604318.438640258, 0.858000000]: Plan fail[0m
[31m[ERROR] [1790604318.459104235, 0.886000000]: No path to next viewpoint[0m
[33m[WARN] [1790604318.459435150, 0.886000000]: Plan fail[0m
[31m[ERROR] [1790604318.459877621, 0.886000000]: No path to next viewpoint[0m
[33m[WARN] [1790604318.463513188, 0.886000000]: Plan fail[0m
[31m[ERROR] [1790604318.478794617, 0.904000000]: No path to next viewpoint[0m
[33m[WARN] [1790604318.479106272, 0.904000000]: Plan fail[0m
[31m[ERROR] [1790604318.494353267, 0.922000000]: No path to next viewpoint[0m
[33m[WARN] [1790604318.494729955, 0.922000000]: Plan fail[0m
[31m[ERROR] [1790604318.508534896, 0.931000000]: No path to next viewpoint[0m
[33m[WARN] [1790604318.508793942, 0.931000000]: Plan fail[0m
[31m[ERROR] [1790604318.514540147, 0.940000000]: No path to next viewpoint[0m
[33m[WARN] [1790604318.514980451, 0.940000000]: Plan fail[0m
[31m[ERROR] [1790604318.534205266, 0.958000000]: No path to next viewpoint[0m
[33m[WARN] [1790604318.534435757, 0.958000000]: Plan fail[0m
[31m[ERROR] [1790604318.540022924, 0.967000000]: No path to next viewpoint[0m
[33m[WARN] [1790604318.540439090, 0.967000000]: Plan fail[0m
[31m[ERROR] [1790604318.551273546, 0.976000000]: No path to next viewpoint[0m
[33m[WARN] [1790604318.551545474, 0.976000000]: Plan fail[0m
[31m[ERROR] [1790604318.573243984, 0.994000000]: No path to next viewpoint[0m
[33m[WARN] [1790604318.573641725, 0.994000000]: Plan fail[0m
[31m[ERROR] [1790604318.582073188, 1.004000000]: No path to next viewpoint[0m
[33m[WARN] [1790604318.582842031, 1.004000000]: Plan fail[0m
[33m[WARN] [1790604318.596260737, 1.014000000]: Drone 2, [0.588000,0.144623,0.245957,2.490272], [time, length, vel, energy][0m
[31m[ERROR] [1790604318.599780621, 1.014000000]: No path to next viewpoint[0m
[33m[WARN] [1790604318.600008902, 1.014000000]: Plan fail[0m
[31m[ERROR] [1790604318.618930275, 1.026000000]: No path to next viewpoint[0m
[33m[WARN] [1790604318.619251227, 1.026000000]: Plan fail[0m
[31m[ERROR] [1790604318.634566672, 1.046000000]: No path to next viewpoint[0m
[33m[WARN] [1790604318.634772942, 1.046000000]: Plan fail[0m
[31m[ERROR] [1790604318.639140708, 1.046000000]: No path to next viewpoint[0m
[33m[WARN] [1790604318.639387415, 1.046000000]: Plan fail[0m
[31m[ERROR] [1790604318.651002428, 1.056000000]: No path to next viewpoint[0m
[33m[WARN] [1790604318.651250635, 1.056000000]: Plan fail[0m
[31m[ERROR] [1790604318.667386741, 1.076000000]: No path to next viewpoint[0m
[33m[WARN] [1790604318.667670216, 1.076000000]: Plan fail[0m
[31m[ERROR] [1790604318.679671964, 1.086000000]: No path to next viewpoint[0m
[33m[WARN] [1790604318.679914168, 1.086000000]: Plan fail[0m
[31m[ERROR] [1790604318.680481243, 1.086000000]: No path to next viewpoint[0m
[33m[WARN] [1790604318.680747835, 1.086000000]: Plan fail[0m
[31m[ERROR] [1790604318.699069699, 1.106000000]: No path to next viewpoint[0m
[33m[WARN] [1790604318.700394861, 1.106000000]: Plan fail[0m
[31m[ERROR] [1790604318.719152152, 1.125999999]: No path to next viewpoint[0m
[33m[WARN] [1790604318.719546224, 1.125999999]: Plan fail[0m
[31m[ERROR] [1790604318.731783965, 1.135000000]: No path to next viewpoint[0m
[33m[WARN] [1790604318.731928662, 1.135000000]: Plan fail[0m
[31m[ERROR] [1790604318.738569523, 1.144000000]: No path to next viewpoint[0m
[33m[WARN] [1790604318.739223308, 1.144000000]: Plan fail[0m
[31m[ERROR] [1790604318.753135760, 1.153999999]: No path to next viewpoint[0m
[33m[WARN] [1790604318.753803094, 1.153999999]: Plan fail[0m
[31m[ERROR] [1790604318.774671064, 1.183000000]: No path to next viewpoint[0m
[33m[WARN] [1790604318.775075975, 1.183000000]: Plan fail[0m
[31m[ERROR] [1790604318.779168354, 1.183000000]: No path to next viewpoint[0m
[33m[WARN] [1790604318.779415644, 1.183000000]: Plan fail[0m
[31m[ERROR] [1790604318.791946364, 1.193000000]: No path to next viewpoint[0m
[33m[WARN] [1790604318.792382624, 1.193000000]: Plan fail[0m
[31m[ERROR] [1790604318.820457488, 1.213000000]: No path to next viewpoint[0m
[33m[WARN] [1790604318.820716534, 1.213000000]: Plan fail[0m
[31m[ERROR] [1790604318.829132365, 1.233000000]: No path to next viewpoint[0m
[33m[WARN] [1790604318.829494129, 1.233000000]: Plan fail[0m
[31m[ERROR] [1790604318.837725034, 1.233000000]: No path to next viewpoint[0m
[33m[WARN] [1790604318.838157417, 1.233000000]: Plan fail[0m
[31m[ERROR] [1790604318.857236785, 1.253000000]: No path to next viewpoint[0m
[33m[WARN] [1790604318.857644822, 1.253000000]: Plan fail[0m
[31m[ERROR] [1790604318.868454599, 1.262999999]: No path to next viewpoint[0m
[33m[WARN] [1790604318.868760169, 1.262999999]: Plan fail[0m
[31m[ERROR] [1790604318.880733694, 1.281000000]: No path to next viewpoint[0m
[33m[WARN] [1790604318.881012292, 1.281000000]: Plan fail[0m
[31m[ERROR] [1790604318.901274751, 1.300000000]: No path to next viewpoint[0m
[33m[WARN] [1790604318.901477686, 1.300000000]: Plan fail[0m
[31m[ERROR] [1790604318.912332694, 1.310000000]: No path to next viewpoint[0m
[33m[WARN] [1790604318.913395309, 1.310000000]: Plan fail[0m
[31m[ERROR] [1790604318.919018244, 1.310000000]: No path to next viewpoint[0m
[33m[WARN] [1790604318.919300885, 1.310000000]: Plan fail[0m
[31m[ERROR] [1790604318.937711502, 1.330000000]: No path to next viewpoint[0m
[33m[WARN] [1790604318.937969715, 1.330000000]: Plan fail[0m
[31m[ERROR] [1790604318.948458623, 1.340000000]: No path to next viewpoint[0m
[33m[WARN] [1790604318.948703287, 1.340000000]: Plan fail[0m
[31m[ERROR] [1790604318.956014524, 1.350000000]: No path to next viewpoint[0m
[33m[WARN] [1790604318.956387461, 1.350000000]: Plan fail[0m
[31m[ERROR] [1790604318.982895875, 1.370000000]: No path to next viewpoint[0m
[33m[WARN] [1790604318.984083718, 1.370000000]: Plan fail[0m
[31m[ERROR] [1790604318.999619274, 1.389000000]: No path to next viewpoint[0m
[33m[WARN] [1790604318.999875444, 1.389000000]: Plan fail[0m
[31m[ERROR] [1790604319.002364021, 1.398000000]: No path to next viewpoint[0m
[33m[WARN] [1790604319.002690142, 1.398000000]: Plan fail[0m
[31m[ERROR] [1790604319.032953850, 1.417000000]: No path to next viewpoint[0m
[33m[WARN] [1790604319.033757835, 1.417000000]: Plan fail[0m
[31m[ERROR] [1790604319.064934916, 1.445000000]: No path to next viewpoint[0m
[33m[WARN] [1790604319.065391894, 1.445000000]: Plan fail[0m
[31m[ERROR] [1790604319.070431788, 1.455000000]: No path to next viewpoint[0m
[33m[WARN] [1790604319.070787841, 1.455000000]: Plan fail[0m
[31m[ERROR] [1790604319.093511113, 1.475000000]: No path to next viewpoint[0m
[33m[WARN] [1790604319.094248440, 1.475000000]: Plan fail[0m
[31m[ERROR] [1790604319.111167687, 1.485000000]: No path to next viewpoint[0m
[33m[WARN] [1790604319.111455623, 1.485000000]: Plan fail[0m
[31m[ERROR] [1790604319.121159806, 1.495000000]: No path to next viewpoint[0m
[33m[WARN] [1790604319.121504937, 1.495000000]: Plan fail[0m
[31m[ERROR] [1790604319.134785490, 1.514000000]: No path to next viewpoint[0m
[33m[WARN] [1790604319.134962370, 1.514000000]: Plan fail[0m
[31m[ERROR] [1790604319.155424805, 1.532999999]: No path to next viewpoint[0m
[33m[WARN] [1790604319.155853102, 1.532999999]: Plan fail[0m
[31m[ERROR] [1790604319.167664755, 1.542000000]: No path to next viewpoint[0m
[33m[WARN] [1790604319.167913713, 1.542000000]: Plan fail[0m
[31m[ERROR] [1790604319.183395867, 1.551000000]: No path to next viewpoint[0m
[33m[WARN] [1790604319.183632360, 1.551000000]: Plan fail[0m
[31m[ERROR] [1790604319.201620433, 1.570000000]: No path to next viewpoint[0m
[33m[WARN] [1790604319.202148947, 1.570000000]: Plan fail[0m
[31m[ERROR] [1790604319.219679374, 1.579000000]: No path to next viewpoint[0m
[33m[WARN] [1790604319.219898234, 1.579000000]: Plan fail[0m
[31m[ERROR] [1790604319.222283009, 1.579000000]: No path to next viewpoint[0m
[33m[WARN] [1790604319.222898441, 1.579000000]: Plan fail[0m
[31m[ERROR] [1790604319.237155400, 1.598000000]: No path to next viewpoint[0m
[33m[WARN] [1790604319.237584489, 1.598000000]: Plan fail[0m
[31m[ERROR] [1790604319.259939202, 1.617999999]: No path to next viewpoint[0m
[33m[WARN] [1790604319.260149933, 1.617999999]: Plan fail[0m
[31m[ERROR] [1790604319.270340567, 1.627000000]: No path to next viewpoint[0m
[33m[WARN] [1790604319.270689742, 1.627000000]: Plan fail[0m
[31m[ERROR] [1790604319.279059716, 1.636000000]: No path to next viewpoint[0m
[33m[WARN] [1790604319.279397593, 1.636000000]: Plan fail[0m
[31m[ERROR] [1790604319.294230798, 1.645999999]: No path to next viewpoint[0m
[33m[WARN] [1790604319.294536784, 1.645999999]: Plan fail[0m
[31m[ERROR] [1790604319.311661843, 1.664000000]: No path to next viewpoint[0m
[33m[WARN] [1790604319.311757015, 1.664000000]: Plan fail[0m
[31m[ERROR] [1790604319.317768144, 1.673999999]: No path to next viewpoint[0m
[33m[WARN] [1790604319.318169553, 1.673999999]: Plan fail[0m
[31m[ERROR] [1790604319.327415090, 1.673999999]: No path to next viewpoint[0m
[33m[WARN] [1790604319.327744588, 1.673999999]: Plan fail[0m
[31m[ERROR] [1790604319.341360559, 1.692000000]: No path to next viewpoint[0m
[33m[WARN] [1790604319.341713444, 1.692000000]: Plan fail[0m
[31m[ERROR] [1790604319.356523054, 1.711000000]: No path to next viewpoint[0m
[33m[WARN] [1790604319.356851468, 1.711000000]: Plan fail[0m
[31m[ERROR] [1790604319.364997497, 1.720000000]: No path to next viewpoint[0m
[33m[WARN] [1790604319.365229363, 1.720000000]: Plan fail[0m
[31m[ERROR] [1790604319.369101173, 1.720000000]: No path to next viewpoint[0m
[33m[WARN] [1790604319.369399030, 1.720000000]: Plan fail[0m
[31m[ERROR] [1790604319.387728524, 1.739000000]: No path to next viewpoint[0m
[33m[WARN] [1790604319.388063900, 1.739000000]: Plan fail[0m
[31m[ERROR] [1790604319.402580446, 1.758999999]: No path to next viewpoint[0m
[33m[WARN] [1790604319.402819274, 1.758999999]: Plan fail[0m
[31m[ERROR] [1790604319.403252365, 1.758999999]: No path to next viewpoint[0m
[33m[WARN] [1790604319.403480229, 1.758999999]: Plan fail[0m
[33m[WARN] [1790604319.420397392, 1.777000000]: Plan fail[0m
[33m[WARN] [1790604319.436195078, 1.786999999]: Plan fail[0m
[31m[ERROR] [1790604319.440536164, 1.796000000]: No path to next viewpoint[0m
[33m[WARN] [1790604319.440761318, 1.796000000]: Plan fail[0m
[33m[WARN] [1790604319.455576055, 1.805000000]: Plan fail[0m
[33m[WARN] [1790604319.477258600, 1.824000000]: Plan fail[0m
[33m[WARN] [1790604319.495887284, 1.833000000]: init plan.[0m
[33m[WARN] [1790604319.497219033, 1.843000000]: Plan fail[0m
[33m[WARN] [1790604319.516122147, 1.861000000]: Plan fail[0m
[33m[WARN] [1790604319.532379021, 1.881000000]: Plan fail[0m
[33m[WARN] [1790604319.549604088, 1.890000000]: Plan fail[0m
[33m[WARN] [1790604319.565392895, 1.909000000]: Plan fail[0m
[33m[WARN] [1790604319.585269328, 1.927999999]: Plan fail[0m
[33m[WARN] [1790604319.600307177, 1.946000000]: Plan fail[0m
[33m[WARN] [1790604319.613048211, 1.956000000]: Plan fail[0m
[33m[WARN] [1790604319.626620243, 1.965000000]: Plan fail[0m
[33m[WARN] [1790604319.673453440, 2.012999999]: start flight[0m
[33m[WARN] [1790604319.674081254, 2.012999999]: Drone 1, [-2.013000,0.000000,-0.000000,0.000000], [time, length, vel, energy][0m
[33m[WARN] [1790604319.678764552, 2.023000000]: Drone 2, [0.588000,0.144623,0.245957,2.490272], [time, length, vel, energy][0m
[33m[WARN] [1790604319.714318654, 2.052999999]: Replan: collision detected==================================[0m
[33m[WARN] [1790604319.722094748, 2.063000000]: init plan.[0m
[33m[WARN] [1790604320.691882442, 3.017999999]: Drone 1, [0.985000,0.470121,0.477280,1.291648], [time, length, vel, energy][0m
[33m[WARN] [1790604320.703684548, 3.027000000]: Drone 2, [2.802000,0.755545,0.269645,2.716906], [time, length, vel, energy][0m
[33m[WARN] [1790604321.352270346, 3.674999999]: Replan: periodic call=======================================[0m
[33m[WARN] [1790604321.450923231, 3.770999999]: Replan: periodic call=======================================[0m
[33m[WARN] [1790604321.710700263, 4.020999999]: Drone 1, [1.979000,1.266664,0.640053,2.307104], [time, length, vel, energy][0m
[33m[WARN] [1790604321.720688130, 4.030000000]: Drone 2, [3.805000,0.920474,0.241912,2.916712], [time, length, vel, energy][0m
[33m[WARN] [1790604322.400569109, 4.703000000]: Replan: traj fully executed=================================[0m
[33m[WARN] [1790604322.737511371, 5.020999999]: Drone 1, [2.979000,2.008361,0.674173,15.317378], [time, length, vel, energy][0m
[33m[WARN] [1790604322.743253282, 5.030000000]: Drone 2, [4.805000,1.378475,0.286883,3.147648], [time, length, vel, energy][0m
[33m[WARN] [1790604323.090064101, 5.386000000]: Replan: periodic call=======================================[0m
[33m[WARN] [1790604323.346009427, 5.626000000]: Replan: traj fully executed=================================[0m
[33m[WARN] [1790604323.755334904, 6.020999999]: Drone 1, [3.979000,2.638588,0.663128,25.314142], [time, length, vel, energy][0m
[33m[WARN] [1790604323.758664693, 6.030000000]: Drone 2, [5.805000,2.013672,0.346886,5.385385], [time, length, vel, energy][0m
[33m[WARN] [1790604324.231936419, 6.501000000]: Replan: traj fully executed=================================[0m
[33m[WARN] [1790604324.767492772, 7.020999999]: Drone 1, [4.979000,3.431941,0.689283,27.395672], [time, length, vel, energy][0m
[33m[WARN] [1790604324.777454376, 7.030000000]: Drone 2, [6.805000,2.927545,0.430205,15.903057], [time, length, vel, energy][0m
[33m[WARN] [1790604325.084375301, 7.338000000]: Replan: periodic call=======================================[0m
[33m[WARN] [1790604325.687648746, 7.915000000]: Replan: traj fully executed=================================[0m
[33m[WARN] [1790604325.811819050, 8.031000000]: Drone 2, [7.805000,3.727575,0.477588,16.650404], [time, length, vel, energy][0m
[33m[WARN] [1790604325.811983841, 8.031000000]: Drone 1, [5.999000,3.883914,0.647427,34.283465], [time, length, vel, energy][0m
[33m[WARN] [1790604326.144210371, 8.361000000]: Replan: traj fully executed=================================[0m
[33m[WARN] [1790604326.836887412, 9.034000000]: Drone 1, [7.012000,4.686043,0.668289,45.107876], [time, length, vel, energy][0m
[33m[WARN] [1790604326.837193106, 9.034000000]: Drone 2, [8.809000,4.483169,0.508930,25.463895], [time, length, vel, energy][0m
[33m[WARN] [1790604327.339980333, 9.534000000]: Replan: traj fully executed=================================[0m
[33m[WARN] [1790604327.583598331, 9.774000000]: Replan: traj fully executed=================================[0m
[33m[WARN] [1790604327.858997837, 10.034000000]: Drone 2, [9.809000,5.152240,0.525256,40.020849], [time, length, vel, energy][0m
[33m[WARN] [1790604327.859062536, 10.034000000]: Drone 1, [8.012000,5.025449,0.627240,45.678213], [time, length, vel, energy][0m
[33m[WARN] [1790604328.658874910, 10.823000000]: Replan: traj fully executed=================================[0m
[33m[WARN] [1790604328.890339876, 11.034000000]: Drone 1, [9.012000,5.568879,0.617940,49.128001], [time, length, vel, energy][0m
[33m[WARN] [1790604328.892904408, 11.044000000]: Drone 2, [10.809000,5.724259,0.529583,48.154246], [time, length, vel, energy][0m
[33m[WARN] [1790604328.982828055, 11.130000000]: Replan: traj fully executed=================================[0m
[33m[WARN] [1790604329.918058020, 12.034000000]: Drone 1, [10.002000,5.951587,0.595040,62.066498], [time, length, vel, energy][0m
[33m[WARN] [1790604329.925822901, 12.044000000]: Drone 2, [11.818000,6.177878,0.522752,58.529516], [time, length, vel, energy][0m
[33m[WARN] [1790604330.014936102, 12.130000000]: Replan: traj fully executed=================================[0m
[33m[WARN] [1790604330.374846384, 12.467000000]: Replan: traj fully executed=================================[0m
[33m[WARN] [1790604330.961940326, 13.034000000]: Drone 1, [11.012000,6.783517,0.616011,86.827439], [time, length, vel, energy][0m
[33m[WARN] [1790604330.966660602, 13.044000000]: Drone 2, [12.818000,6.852888,0.534630,64.333270], [time, length, vel, energy][0m
[33m[WARN] [1790604331.163108860, 13.236000000]: Replan: traj fully executed=================================[0m
[33m[WARN] [1790604331.377895700, 13.438000000]: Replan: traj fully executed=================================[0m
[33m[WARN] [1790604331.991904551, 14.034000000]: Drone 1, [12.012000,7.452999,0.620463,135.355980], [time, length, vel, energy][0m
[33m[WARN] [1790604332.000110736, 14.044000000]: Drone 2, [13.818000,7.366739,0.533126,82.618557], [time, length, vel, energy][0m
[33m[WARN] [1790604332.504063503, 14.544000000]: Replan: traj fully executed=================================[0m
[33m[WARN] [1790604332.820848692, 14.842000000]: Replan: traj fully executed=================================[0m
[33m[WARN] [1790604333.026084217, 15.034000000]: Drone 1, [13.012000,8.015830,0.616034,138.286180], [time, length, vel, energy][0m
[33m[WARN] [1790604333.036322625, 15.044000000]: Drone 2, [14.818000,8.103280,0.546854,83.123282], [time, length, vel, energy][0m
[33m[WARN] [1790604334.040884656, 16.004000000]: Replan: traj fully executed=================================[0m
[33m[WARN] [1790604334.087737112, 16.050000000]: Drone 2, [15.825000,8.896783,0.562198,94.234567], [time, length, vel, energy][0m
[33m[WARN] [1790604334.088593248, 16.050000000]: Drone 1, [14.019000,8.627517,0.615416,140.092190], [time, length, vel, energy][0m
[33m[WARN] [1790604334.304413396, 16.260000000]: Replan: traj fully executed=================================[0m
[33m[WARN] [1790604335.109922199, 17.056000000]: Drone 2, [16.831000,9.339203,0.554881,107.529748], [time, length, vel, energy][0m
[33m[WARN] [1790604335.112298512, 17.056000000]: Drone 1, [15.034000,8.955437,0.595679,143.394960], [time, length, vel, energy][0m
[33m[WARN] [1790604335.600212472, 17.541000000]: Replan: traj fully executed=================================[0m
[33m[WARN] [1790604335.646666313, 17.586999999]: Replan: traj fully executed=================================[0m
[33m[WARN] [1790604336.150079185, 18.062000000]: Drone 2, [17.837000,9.735941,0.545828,122.695875], [time, length, vel, energy][0m
[33m[WARN] [1790604336.150450204, 18.062000000]: Drone 1, [16.040000,9.718614,0.605899,156.325885], [time, length, vel, energy][0m
[33m[WARN] [1790604336.699622903, 18.602000000]: Replan: traj fully executed=================================[0m
[33m[WARN] [1790604337.099777172, 18.995000000]: Replan: traj fully executed=================================[0m
[33m[WARN] [1790604337.182022608, 19.070000000]: Drone 1, [17.048000,10.478034,0.614620,164.472935], [time, length, vel, energy][0m
[33m[WARN] [1790604337.182626118, 19.070000000]: Drone 2, [18.845000,10.383045,0.550971,125.101194], [time, length, vel, energy][0m
[33m[WARN] [1790604338.355431811, 20.077000000]: Drone 2, [19.843000,11.097855,0.559283,129.528640], [time, length, vel, energy][0m
[33m[WARN] [1790604338.355738965, 20.077000000]: Drone 1, [18.055000,10.994005,0.608917,167.546491], [time, length, vel, energy][0m
[33m[WARN] [1790604338.430610132, 20.150999999]: Replan: traj fully executed=================================[0m
[33m[WARN] [1790604338.610367674, 20.315000000]: Replan: periodic call=======================================[0m
[33m[WARN] [1790604339.514781364, 21.083999999]: Drone 1, [19.061000,11.840253,0.621177,196.932043], [time, length, vel, energy][0m
[33m[WARN] [1790604339.515661470, 21.083999999]: Drone 2, [20.858000,11.655561,0.558805,137.493309], [time, length, vel, energy][0m
[33m[WARN] [1790604339.718269140, 21.285000000]: Replan: traj fully executed=================================[0m
[33m[WARN] [1790604339.810750483, 21.376000000]: Replan: traj fully executed=================================[0m
[33m[WARN] [1790604340.554594136, 22.089999999]: Drone 2, [21.865000,12.349027,0.564785,143.640328], [time, length, vel, energy][0m
[33m[WARN] [1790604340.554623359, 22.089999999]: Drone 1, [20.068000,12.263336,0.611089,220.279355], [time, length, vel, energy][0m
[33m[WARN] [1790604341.081049649, 22.611000000]: Replan: traj fully executed=================================[0m
[33m[WARN] [1790604341.301789756, 22.821000000]: Replan: traj fully executed=================================[0m
[33m[WARN] [1790604341.590594419, 23.096000000]: Drone 1, [21.074000,12.837083,0.609143,229.951216], [time, length, vel, energy][0m
[33m[WARN] [1790604341.591090167, 23.096000000]: Drone 2, [22.871000,12.791105,0.559272,145.928924], [time, length, vel, energy][0m
[33m[WARN] [1790604342.609998492, 24.102000000]: Drone 1, [22.071000,13.184364,0.597361,232.526373], [time, length, vel, energy][0m
[33m[WARN] [1790604342.611326406, 24.102000000]: Drone 2, [23.868000,13.279286,0.556364,146.262194], [time, length, vel, energy][0m
[33m[WARN] [1790604342.655394262, 24.147999999]: Replan: traj fully executed=================================[0m
[33m[WARN] [1790604342.981202126, 24.469000000]: Replan: traj fully executed=================================[0m
[33m[WARN] [1790604343.639798635, 25.109000000]: Drone 1, [23.087000,13.997224,0.606282,247.264288], [time, length, vel, energy][0m
[33m[WARN] [1790604343.639946584, 25.109000000]: Drone 2, [24.884000,13.956283,0.560854,149.363347], [time, length, vel, energy][0m
[33m[WARN] [1790604343.676657722, 25.146000000]: Replan: traj fully executed=================================[0m
[33m[WARN] [1790604343.845773738, 25.310999999]: Replan: traj fully executed=================================[0m
[33m[WARN] [1790604344.666394552, 26.117000000]: Drone 1, [24.095000,14.650456,0.608029,259.102743], [time, length, vel, energy][0m
[33m[WARN] [1790604344.666928361, 26.117000000]: Drone 2, [25.892000,14.526705,0.561050,162.873322], [time, length, vel, energy][0m
[33m[WARN] [1790604344.788486901, 26.227000000]: Replan: traj fully executed=================================[0m
[33m[WARN] [1790604345.275294017, 26.702000000]: Replan: traj fully executed=================================[0m
[33m[WARN] [1790604345.708297786, 27.123000000]: Drone 1, [25.101000,15.057889,0.599892,276.722080], [time, length, vel, energy][0m
[33m[WARN] [1790604345.708314752, 27.123000000]: Drone 2, [26.898000,14.977325,0.556819,163.965935], [time, length, vel, energy][0m
[33m[WARN] [1790604346.246655455, 27.657000000]: Replan: traj fully executed=================================[0m
[33m[WARN] [1790604346.527377496, 27.920000000]: Replan: traj fully executed=================================[0m
[33m[WARN] [1790604346.746908040, 28.131000000]: Drone 2, [27.906000,15.839397,0.567598,167.468330], [time, length, vel, energy][0m
[33m[WARN] [1790604346.748198935, 28.131000000]: Drone 1, [26.109000,15.726227,0.602330,280.836485], [time, length, vel, energy][0m
[33m[WARN] [1790604347.141464095, 28.524000000]: Replan: traj fully executed=================================[0m
[33m[WARN] [1790604347.774011961, 29.137000000]: Drone 1, [27.115000,16.380498,0.604112,318.054159], [time, length, vel, energy][0m
[33m[WARN] [1790604347.774255166, 29.137000000]: Drone 2, [28.912000,16.487299,0.570258,184.427696], [time, length, vel, energy][0m
[33m[WARN] [1790604347.867561879, 29.228000000]: Replan: traj fully executed=================================[0m
[33m[WARN] [1790604348.398610104, 29.740999999]: Replan: traj fully executed=================================[0m
[33m[WARN] [1790604348.815167946, 30.143000000]: Drone 1, [28.121000,17.110124,0.608446,365.499477], [time, length, vel, energy][0m
[33m[WARN] [1790604348.815250237, 30.143000000]: Drone 2, [29.918000,16.909200,0.565185,192.444667], [time, length, vel, energy][0m
[33m[WARN] [1790604348.980865753, 30.298000000]: Replan: traj fully executed=================================[0m
[33m[WARN] [1790604349.855037413, 31.039999999]: Replan: traj fully executed=================================[0m
[33m[WARN] [1790604349.992359665, 31.149000000]: Drone 2, [30.924000,17.503952,0.566031,195.822159], [time, length, vel, energy][0m
[33m[WARN] [1790604349.992368836, 31.149000000]: Drone 1, [29.127000,17.719765,0.608362,384.200308], [time, length, vel, energy][0m
[33m[WARN] [1790604350.928556280, 32.011000000]: Replan: periodic call=======================================[0m
[33m[WARN] [1790604351.097109681, 32.158000000]: Drone 1, [30.135000,18.536201,0.615105,385.523879], [time, length, vel, energy][0m
[33m[WARN] [1790604351.097238203, 32.158000000]: Drone 2, [31.932000,18.092687,0.566600,233.181621], [time, length, vel, energy][0m
[33m[WARN] [1790604351.491738063, 32.496000000]: Replan: traj fully executed=================================[0m
[33m[WARN] [1790604351.819851330, 32.789000000]: Replan: traj fully executed=================================[0m
[33m[WARN] [1790604352.225237380, 33.164000000]: Drone 1, [31.141000,19.498476,0.626135,401.524941], [time, length, vel, energy][0m
[33m[WARN] [1790604352.226333178, 33.164000000]: Drone 2, [32.938000,18.615156,0.565157,248.619473], [time, length, vel, energy][0m
[33m[WARN] [1790604353.244564539, 34.170000000]: Drone 2, [33.945000,19.148083,0.564091,250.279691], [time, length, vel, energy][0m
[33m[WARN] [1790604353.245084841, 34.170000000]: Drone 1, [32.148000,19.880944,0.618419,402.483912], [time, length, vel, energy][0m
[33m[WARN] [1790604353.281526886, 34.206000000]: Replan: periodic call=======================================[0m
[33m[WARN] [1790604353.599219945, 34.499000000]: Replan: periodic call=======================================[0m
[33m[WARN] [1790604354.320857251, 35.176000000]: Drone 1, [33.154000,20.561056,0.620168,425.513961], [time, length, vel, energy][0m
[33m[WARN] [1790604354.321394728, 35.176000000]: Drone 2, [34.951000,20.037409,0.573300,271.609229], [time, length, vel, energy][0m
[33m[WARN] [1790604354.479226896, 35.331000000]: Replan: traj fully executed=================================[0m
[33m[WARN] [1790604355.002169737, 35.816000000]: Replan: traj fully executed=================================[0m
[33m[WARN] [1790604355.392389750, 36.191000000]: Drone 1, [34.160000,21.114378,0.618102,451.805150], [time, length, vel, energy][0m
[33m[WARN] [1790604355.393203198, 36.191000000]: Drone 2, [35.957000,20.410261,0.567630,305.572476], [time, length, vel, energy][0m
[33m[WARN] [1790604356.019637717, 36.758000000]: Replan: traj fully executed=================================[0m
[33m[WARN] [1790604356.472642607, 37.197000000]: Drone 2, [36.972000,20.881882,0.564803,322.318151], [time, length, vel, energy][0m
[33m[WARN] [1790604356.473162867, 37.197000000]: Drone 1, [35.175000,21.770700,0.618925,458.671015], [time, length, vel, energy][0m
[33m[WARN] [1790604356.495967430, 37.215000000]: Replan: traj fully executed=================================[0m
[33m[WARN] [1790604357.531341692, 38.203000000]: Drone 1, [36.181000,22.482277,0.621384,467.784641], [time, length, vel, energy][0m
[33m[WARN] [1790604357.531369456, 38.203000000]: Drone 2, [37.978000,21.258064,0.559747,324.707666], [time, length, vel, energy][0m
[33m[WARN] [1790604357.768610184, 38.423000000]: Replan: traj fully executed=================================[0m
[33m[WARN] [1790604358.283490412, 38.926000000]: Replan: periodic call=======================================[0m
[33m[WARN] [1790604358.580443106, 39.209000000]: Drone 1, [37.187000,23.176745,0.623249,490.541251], [time, length, vel, energy][0m
[33m[WARN] [1790604358.580476415, 39.209000000]: Drone 2, [38.984000,21.980642,0.563838,346.495366], [time, length, vel, energy][0m
[33m[WARN] [1790604359.153892063, 39.758000000]: Replan: traj fully executed=================================[0m
[33m[WARN] [1790604359.350540755, 39.953000000]: Replan: traj fully executed=================================[0m
[33m[WARN] [1790604359.616546066, 40.209000000]: Drone 1, [38.187000,23.857300,0.624749,514.600462], [time, length, vel, energy][0m
[33m[WARN] [1790604359.617488662, 40.209000000]: Drone 2, [39.984000,22.597959,0.565175,351.090446], [time, length, vel, energy][0m
[33m[WARN] [1790604360.229767899, 40.786000000]: Replan: traj fully executed=================================[0m
[33m[WARN] [1790604360.658695923, 41.206000000]: Replan: traj fully executed=================================[0m
[33m[WARN] [1790604360.678809975, 41.215000000]: Drone 1, [39.193000,24.476528,0.624513,547.443460], [time, length, vel, energy][0m
[33m[WARN] [1790604360.679787130, 41.215000000]: Drone 2, [40.990000,23.315873,0.568819,358.631381], [time, length, vel, energy][0m
[33m[WARN] [1790604361.731296914, 42.222000000]: Drone 2, [41.987000,23.947812,0.570363,362.133721], [time, length, vel, energy][0m
[33m[WARN] [1790604361.734361320, 42.222000000]: Drone 1, [40.190000,24.776145,0.616475,560.065940], [time, length, vel, energy][0m
[33m[WARN] [1790604361.775793693, 42.267000000]: Replan: traj fully executed=================================[0m
[33m[WARN] [1790604361.862687702, 42.350000000]: Replan: traj fully executed=================================[0m
[33m[WARN] [1790604362.683105581, 43.118000000]: Replan: traj fully executed=================================[0m
[33m[WARN] [1790604362.798248832, 43.228000000]: Drone 1, [41.205000,25.376479,0.615859,577.713867], [time, length, vel, energy][0m
[33m[WARN] [1790604362.799321327, 43.228000000]: Drone 2, [43.002000,24.755447,0.575681,380.650130], [time, length, vel, energy][0m
[33m[WARN] [1790604363.074410719, 43.487000000]: Replan: traj fully executed=================================[0m
[33m[WARN] [1790604363.852662401, 44.228000000]: Drone 1, [42.205000,25.772078,0.610640,587.223270], [time, length, vel, energy][0m
[33m[WARN] [1790604363.853603705, 44.228000000]: Drone 2, [44.002000,25.075197,0.569865,382.143692], [time, length, vel, energy][0m
[33m[WARN] [1790604364.424125365, 44.767000000]: Replan: traj fully executed=================================[0m
[33m[WARN] [1790604364.617660626, 44.941000000]: Replan: traj fully executed=================================[0m

[1mROS_MASTER_URI=http://localhost:11328[0m
]2;/comparison/racer.launch http://localhost:11328
[1mprocess[exploration_node_1-1]: started with pid [2725][0m
[1mprocess[tsp_solver_1-2]: started with pid [2726][0m
[1mprocess[acvrp_solver_1-3]: started with pid [2731][0m
[1mprocess[traj_server_1-4]: started with pid [2733][0m
[1mprocess[exploration_node_2-5]: started with pid [2739][0m
[1mprocess[tsp_solver_2-6]: started with pid [2740][0m
[1mprocess[acvrp_solver_2-7]: started with pid [2746][0m
[1mprocess[traj_server_2-8]: started with pid [2751][0m
[traj_server_2-8] killing on exit
[acvrp_solver_2-7] killing on exit
[tsp_solver_2-6] killing on exit
[exploration_node_2-5] killing on exit
[acvrp_solver_1-3] killing on exit
[traj_server_1-4] killing on exit
[exploration_node_1-1] killing on exit
[tsp_solver_1-2] killing on exit
shutting down processing monitor...
... shutting down processing monitor complete
[1mdone[0m
