... logging to /root/.ros/log/5e62beb2-bb47-11f1-99e3-5255551de53e/roslaunch-colima-racer-gvp-1010.log
Checking log directory for disk usage. This may take a while.
Press Ctrl-C to interrupt
Done checking log file disk usage. Usage is <1GB.
]2;/comparison/racer.launch
[1mstarted roslaunch server http://localhost:38091/[0m

SUMMARY
========

PARAMETERS
 * /acvrp_solver_1/exploration/drone_id: 1
 * /acvrp_solver_1/exploration/mtsp_dir: /work/racer_ws/sr...
 * /acvrp_solver_1/exploration/problem_id: 2
 * /acvrp_solver_2/exploration/drone_id: 2
 * /acvrp_solver_2/exploration/mtsp_dir: /work/racer_ws/sr...
 * /acvrp_solver_2/exploration/problem_id: 2
 * /exploration_node_1/astar/allocate_num: 1000000
 * /exploration_node_1/astar/lambda_heu: 10000.0
 * /exploration_node_1/astar/max_search_time: 0.001
 * /exploration_node_1/astar/resolution_astar: 0.3
 * /exploration_node_1/bspline/limit_acc: 0.8
 * /exploration_node_1/bspline/limit_ratio: 1.1
 * /exploration_node_1/bspline/limit_vel: 0.6
 * /exploration_node_1/exploration/am: 0.8
 * /exploration_node_1/exploration/drone_id: 1
 * /exploration_node_1/exploration/drone_num: 2.0
 * /exploration_node_1/exploration/init_plan_num: 2
 * /exploration_node_1/exploration/max_decay: 0.8
 * /exploration_node_1/exploration/mtsp_dir: /work/racer_ws/sr...
 * /exploration_node_1/exploration/refine_local: True
 * /exploration_node_1/exploration/refined_num: 7
 * /exploration_node_1/exploration/refined_radius: 5.0
 * /exploration_node_1/exploration/top_view_num: 15
 * /exploration_node_1/exploration/tsp_dir: /work/racer_ws/sr...
 * /exploration_node_1/exploration/vm: 0.6
 * /exploration_node_1/exploration/w_dir: 1.5
 * /exploration_node_1/exploration/yd: 0.65
 * /exploration_node_1/exploration/ydd: 0.8
 * /exploration_node_1/frontier/candidate_dphi: 0.2617993833333333
 * /exploration_node_1/frontier/candidate_rmax: 1.5
 * /exploration_node_1/frontier/candidate_rmin: 1.0
 * /exploration_node_1/frontier/candidate_rnum: 3
 * /exploration_node_1/frontier/cluster_min: 100
 * /exploration_node_1/frontier/cluster_size_xy: 2.0
 * /exploration_node_1/frontier/cluster_size_z: 10.0
 * /exploration_node_1/frontier/down_sample: 3
 * /exploration_node_1/frontier/min_candidate_clearance: 0.21
 * /exploration_node_1/frontier/min_candidate_dist: 0.5
 * /exploration_node_1/frontier/min_view_finish_fraction: 0.2
 * /exploration_node_1/frontier/min_visib_num: 30
 * /exploration_node_1/fsm/attempt_interval: 0.1
 * /exploration_node_1/fsm/gain_thresh: 10
 * /exploration_node_1/fsm/pair_opt_interval: 0.5
 * /exploration_node_1/fsm/replan_time: 0.2
 * /exploration_node_1/fsm/sync_interval: 0.2
 * /exploration_node_1/fsm/thresh_replan1: 0.2
 * /exploration_node_1/fsm/thresh_replan2: 0.2
 * /exploration_node_1/fsm/thresh_replan3: 1.5
 * /exploration_node_1/fsm/wait_delete_duration: 0.05
 * /exploration_node_1/heading_planner/half_vert_num: 5
 * /exploration_node_1/heading_planner/lambda1: 2.0
 * /exploration_node_1/heading_planner/lambda2: 1.0
 * /exploration_node_1/heading_planner/max_yaw_rate: 0.17453292222222222
 * /exploration_node_1/heading_planner/w: 20000.0
 * /exploration_node_1/heading_planner/weight_type: 1.0
 * /exploration_node_1/heading_planner/yaw_diff: 0.5235987666666666
 * /exploration_node_1/manager/clearance_threshold: 0.2
 * /exploration_node_1/manager/control_points_distance: 0.5
 * /exploration_node_1/manager/dynamic_environment: 0
 * /exploration_node_1/manager/local_segment_length: 6.0
 * /exploration_node_1/manager/max_acc: 0.8
 * /exploration_node_1/manager/max_jerk: 4.0
 * /exploration_node_1/manager/max_vel: 0.6
 * /exploration_node_1/manager/max_yawdot: 2.0943950666666664
 * /exploration_node_1/manager/min_time: True
 * /exploration_node_1/manager/relax_time1: 0.3
 * /exploration_node_1/manager/relax_time2: 1.5
 * /exploration_node_1/manager/use_active_perception: True
 * /exploration_node_1/manager/use_geometric_path: True
 * /exploration_node_1/manager/use_kinodynamic_path: True
 * /exploration_node_1/manager/use_optimization: True
 * /exploration_node_1/manager/use_topo_path: False
 * /exploration_node_1/map_ros/cx: 324.0879821777344
 * /exploration_node_1/map_ros/cy: 239.10362243652344
 * /exploration_node_1/map_ros/depth_filter_margin: 2
 * /exploration_node_1/map_ros/depth_filter_maxdist: 4.6
 * /exploration_node_1/map_ros/depth_filter_mindist: 0.2
 * /exploration_node_1/map_ros/esdf_slice_height: 0.5
 * /exploration_node_1/map_ros/frame_id: world
 * /exploration_node_1/map_ros/fx: 385.69793701171875
 * /exploration_node_1/map_ros/fy: 385.69793701171875
 * /exploration_node_1/map_ros/k_depth_scaling_factor: 1000.0
 * /exploration_node_1/map_ros/show_all_map: True
 * /exploration_node_1/map_ros/show_esdf_time: False
 * /exploration_node_1/map_ros/show_occ_time: False
 * /exploration_node_1/map_ros/skip_pixel: 2
 * /exploration_node_1/map_ros/visualization_truncate_height: 10.09
 * /exploration_node_1/map_ros/visualization_truncate_low: -2.0
 * /exploration_node_1/optimization/algorithm1: 15
 * /exploration_node_1/optimization/algorithm2: 11
 * /exploration_node_1/optimization/dist0: 0.7
 * /exploration_node_1/optimization/ld_dist: 10.0
 * /exploration_node_1/optimization/ld_end: 0.5
 * /exploration_node_1/optimization/ld_feasi: 2.0
 * /exploration_node_1/optimization/ld_guide: 1.5
 * /exploration_node_1/optimization/ld_smooth: 5.0
 * /exploration_node_1/optimization/ld_start: 100.0
 * /exploration_node_1/optimization/ld_swarm: 5.0
 * /exploration_node_1/optimization/ld_time: 1.5
 * /exploration_node_1/optimization/ld_view: 0.0
 * /exploration_node_1/optimization/ld_waypt: 7.0
 * /exploration_node_1/optimization/max_acc: 0.8
 * /exploration_node_1/optimization/max_iteration_num1: 2
 * /exploration_node_1/optimization/max_iteration_num2: 2000
 * /exploration_node_1/optimization/max_iteration_num3: 200
 * /exploration_node_1/optimization/max_iteration_num4: 200
 * /exploration_node_1/optimization/max_iteration_time1: 0.0001
 * /exploration_node_1/optimization/max_iteration_time2: 0.005
 * /exploration_node_1/optimization/max_iteration_time3: 0.003
 * /exploration_node_1/optimization/max_iteration_time4: 0.003
 * /exploration_node_1/optimization/max_vel: 0.6
 * /exploration_node_1/optimization/swarm_safe_dist: 1.0
 * /exploration_node_1/partitioning/consistent_cost2: 8.0
 * /exploration_node_1/partitioning/consistent_cost: -5.0
 * /exploration_node_1/partitioning/grid_size: 5.0
 * /exploration_node_1/partitioning/min_free: 3000
 * /exploration_node_1/partitioning/min_frontier: 100
 * /exploration_node_1/partitioning/min_unknown: 4000
 * /exploration_node_1/partitioning/use_swarm_tf: False
 * /exploration_node_1/partitioning/w_unknown: 0.0
 * /exploration_node_1/perception_utils/left_angle: 1.0471975511965976
 * /exploration_node_1/perception_utils/max_dist: 4.5
 * /exploration_node_1/perception_utils/right_angle: 1.0471975511965976
 * /exploration_node_1/perception_utils/top_angle: 1.0471975511965976
 * /exploration_node_1/perception_utils/vis_dist: 1.0
 * /exploration_node_1/sdf_map/box_max_x: 6.0
 * /exploration_node_1/sdf_map/box_max_y: 6.0
 * /exploration_node_1/sdf_map/box_max_z: 3.0
 * /exploration_node_1/sdf_map/box_min_x: -6.0
 * /exploration_node_1/sdf_map/box_min_y: -6.0
 * /exploration_node_1/sdf_map/box_min_z: 0.0
 * /exploration_node_1/sdf_map/default_dist: 0.5
 * /exploration_node_1/sdf_map/ground_height: -0.1
 * /exploration_node_1/sdf_map/local_bound_inflate: 0.5
 * /exploration_node_1/sdf_map/local_map_margin: 50
 * /exploration_node_1/sdf_map/map_size_x: 14
 * /exploration_node_1/sdf_map/map_size_y: 14
 * /exploration_node_1/sdf_map/map_size_z: 3.5
 * /exploration_node_1/sdf_map/max_ray_length: 4.5
 * /exploration_node_1/sdf_map/min_ray_length: 0.1
 * /exploration_node_1/sdf_map/no_drone_1: False
 * /exploration_node_1/sdf_map/obstacles_inflation: 0.199
 * /exploration_node_1/sdf_map/optimistic: True
 * /exploration_node_1/sdf_map/p_hit: 0.65
 * /exploration_node_1/sdf_map/p_max: 0.9
 * /exploration_node_1/sdf_map/p_min: 0.12
 * /exploration_node_1/sdf_map/p_miss: 0.35
 * /exploration_node_1/sdf_map/p_occ: 0.8
 * /exploration_node_1/sdf_map/resolution: 0.1
 * /exploration_node_1/sdf_map/signed_dist: False
 * /exploration_node_1/sdf_map/virtual_ceil_height: -10
 * /exploration_node_1/search/allocate_num: 100000
 * /exploration_node_1/search/check_num: 10
 * /exploration_node_1/search/horizon: 5.0
 * /exploration_node_1/search/init_max_tau: 1.0
 * /exploration_node_1/search/lambda_heu: 10.0
 * /exploration_node_1/search/margin: 0.2
 * /exploration_node_1/search/max_acc: 0.8
 * /exploration_node_1/search/max_tau: 0.8
 * /exploration_node_1/search/max_vel: 0.6
 * /exploration_node_1/search/optimistic: False
 * /exploration_node_1/search/resolution_astar: 0.025
 * /exploration_node_1/search/time_resolution: 0.8
 * /exploration_node_1/search/vel_margin: 0.25
 * /exploration_node_1/search/w_time: 10.0
 * /exploration_node_2/astar/allocate_num: 1000000
 * /exploration_node_2/astar/lambda_heu: 10000.0
 * /exploration_node_2/astar/max_search_time: 0.001
 * /exploration_node_2/astar/resolution_astar: 0.3
 * /exploration_node_2/bspline/limit_acc: 0.8
 * /exploration_node_2/bspline/limit_ratio: 1.1
 * /exploration_node_2/bspline/limit_vel: 0.6
 * /exploration_node_2/exploration/am: 0.8
 * /exploration_node_2/exploration/drone_id: 2
 * /exploration_node_2/exploration/drone_num: 2.0
 * /exploration_node_2/exploration/init_plan_num: 2
 * /exploration_node_2/exploration/max_decay: 0.8
 * /exploration_node_2/exploration/mtsp_dir: /work/racer_ws/sr...
 * /exploration_node_2/exploration/refine_local: True
 * /exploration_node_2/exploration/refined_num: 7
 * /exploration_node_2/exploration/refined_radius: 5.0
 * /exploration_node_2/exploration/top_view_num: 15
 * /exploration_node_2/exploration/tsp_dir: /work/racer_ws/sr...
 * /exploration_node_2/exploration/vm: 0.6
 * /exploration_node_2/exploration/w_dir: 1.5
 * /exploration_node_2/exploration/yd: 0.65
 * /exploration_node_2/exploration/ydd: 0.8
 * /exploration_node_2/frontier/candidate_dphi: 0.2617993833333333
 * /exploration_node_2/frontier/candidate_rmax: 1.5
 * /exploration_node_2/frontier/candidate_rmin: 1.0
 * /exploration_node_2/frontier/candidate_rnum: 3
 * /exploration_node_2/frontier/cluster_min: 100
 * /exploration_node_2/frontier/cluster_size_xy: 2.0
 * /exploration_node_2/frontier/cluster_size_z: 10.0
 * /exploration_node_2/frontier/down_sample: 3
 * /exploration_node_2/frontier/min_candidate_clearance: 0.21
 * /exploration_node_2/frontier/min_candidate_dist: 0.5
 * /exploration_node_2/frontier/min_view_finish_fraction: 0.2
 * /exploration_node_2/frontier/min_visib_num: 30
 * /exploration_node_2/fsm/attempt_interval: 0.1
 * /exploration_node_2/fsm/gain_thresh: 10
 * /exploration_node_2/fsm/pair_opt_interval: 0.5
 * /exploration_node_2/fsm/replan_time: 0.2
 * /exploration_node_2/fsm/sync_interval: 0.2
 * /exploration_node_2/fsm/thresh_replan1: 0.2
 * /exploration_node_2/fsm/thresh_replan2: 0.2
 * /exploration_node_2/fsm/thresh_replan3: 1.5
 * /exploration_node_2/fsm/wait_delete_duration: 0.05
 * /exploration_node_2/heading_planner/half_vert_num: 5
 * /exploration_node_2/heading_planner/lambda1: 2.0
 * /exploration_node_2/heading_planner/lambda2: 1.0
 * /exploration_node_2/heading_planner/max_yaw_rate: 0.17453292222222222
 * /exploration_node_2/heading_planner/w: 20000.0
 * /exploration_node_2/heading_planner/weight_type: 1.0
 * /exploration_node_2/heading_planner/yaw_diff: 0.5235987666666666
 * /exploration_node_2/manager/clearance_threshold: 0.2
 * /exploration_node_2/manager/control_points_distance: 0.5
 * /exploration_node_2/manager/dynamic_environment: 0
 * /exploration_node_2/manager/local_segment_length: 6.0
 * /exploration_node_2/manager/max_acc: 0.8
 * /exploration_node_2/manager/max_jerk: 4.0
 * /exploration_node_2/manager/max_vel: 0.6
 * /exploration_node_2/manager/max_yawdot: 2.0943950666666664
 * /exploration_node_2/manager/min_time: True
 * /exploration_node_2/manager/relax_time1: 0.3
 * /exploration_node_2/manager/relax_time2: 1.5
 * /exploration_node_2/manager/use_active_perception: True
 * /exploration_node_2/manager/use_geometric_path: True
 * /exploration_node_2/manager/use_kinodynamic_path: True
 * /exploration_node_2/manager/use_optimization: True
 * /exploration_node_2/manager/use_topo_path: False
 * /exploration_node_2/map_ros/cx: 324.0879821777344
 * /exploration_node_2/map_ros/cy: 239.10362243652344
 * /exploration_node_2/map_ros/depth_filter_margin: 2
 * /exploration_node_2/map_ros/depth_filter_maxdist: 4.6
 * /exploration_node_2/map_ros/depth_filter_mindist: 0.2
 * /exploration_node_2/map_ros/esdf_slice_height: 0.5
 * /exploration_node_2/map_ros/frame_id: world
 * /exploration_node_2/map_ros/fx: 385.69793701171875
 * /exploration_node_2/map_ros/fy: 385.69793701171875
 * /exploration_node_2/map_ros/k_depth_scaling_factor: 1000.0
 * /exploration_node_2/map_ros/show_all_map: True
 * /exploration_node_2/map_ros/show_esdf_time: False
 * /exploration_node_2/map_ros/show_occ_time: False
 * /exploration_node_2/map_ros/skip_pixel: 2
 * /exploration_node_2/map_ros/visualization_truncate_height: 10.09
 * /exploration_node_2/map_ros/visualization_truncate_low: -2.0
 * /exploration_node_2/optimization/algorithm1: 15
 * /exploration_node_2/optimization/algorithm2: 11
 * /exploration_node_2/optimization/dist0: 0.7
 * /exploration_node_2/optimization/ld_dist: 10.0
 * /exploration_node_2/optimization/ld_end: 0.5
 * /exploration_node_2/optimization/ld_feasi: 2.0
 * /exploration_node_2/optimization/ld_guide: 1.5
 * /exploration_node_2/optimization/ld_smooth: 5.0
 * /exploration_node_2/optimization/ld_start: 100.0
 * /exploration_node_2/optimization/ld_swarm: 5.0
 * /exploration_node_2/optimization/ld_time: 1.5
 * /exploration_node_2/optimization/ld_view: 0.0
 * /exploration_node_2/optimization/ld_waypt: 7.0
 * /exploration_node_2/optimization/max_acc: 0.8
 * /exploration_node_2/optimization/max_iteration_num1: 2
 * /exploration_node_2/optimization/max_iteration_num2: 2000
 * /exploration_node_2/optimization/max_iteration_num3: 200
 * /exploration_node_2/optimization/max_iteration_num4: 200
 * /exploration_node_2/optimization/max_iteration_time1: 0.0001
 * /exploration_node_2/optimization/max_iteration_time2: 0.005
 * /exploration_node_2/optimization/max_iteration_time3: 0.003
 * /exploration_node_2/optimization/max_iteration_time4: 0.003
 * /exploration_node_2/optimization/max_vel: 0.6
 * /exploration_node_2/optimization/swarm_safe_dist: 1.0
 * /exploration_node_2/partitioning/consistent_cost2: 8.0
 * /exploration_node_2/partitioning/consistent_cost: -5.0
 * /exploration_node_2/partitioning/grid_size: 5.0
 * /exploration_node_2/partitioning/min_free: 3000
 * /exploration_node_2/partitioning/min_frontier: 100
 * /exploration_node_2/partitioning/min_unknown: 4000
 * /exploration_node_2/partitioning/use_swarm_tf: False
 * /exploration_node_2/partitioning/w_unknown: 0.0
 * /exploration_node_2/perception_utils/left_angle: 1.0471975511965976
 * /exploration_node_2/perception_utils/max_dist: 4.5
 * /exploration_node_2/perception_utils/right_angle: 1.0471975511965976
 * /exploration_node_2/perception_utils/top_angle: 1.0471975511965976
 * /exploration_node_2/perception_utils/vis_dist: 1.0
 * /exploration_node_2/sdf_map/box_max_x: 6.0
 * /exploration_node_2/sdf_map/box_max_y: 6.0
 * /exploration_node_2/sdf_map/box_max_z: 3.0
 * /exploration_node_2/sdf_map/box_min_x: -6.0
 * /exploration_node_2/sdf_map/box_min_y: -6.0
 * /exploration_node_2/sdf_map/box_min_z: 0.0
 * /exploration_node_2/sdf_map/default_dist: 0.5
 * /exploration_node_2/sdf_map/ground_height: -0.1
 * /exploration_node_2/sdf_map/local_bound_inflate: 0.5
 * /exploration_node_2/sdf_map/local_map_margin: 50
 * /exploration_node_2/sdf_map/map_size_x: 14
 * /exploration_node_2/sdf_map/map_size_y: 14
 * /exploration_node_2/sdf_map/map_size_z: 3.5
 * /exploration_node_2/sdf_map/max_ray_length: 4.5
 * /exploration_node_2/sdf_map/min_ray_length: 0.1
 * /exploration_node_2/sdf_map/no_drone_1: False
 * /exploration_node_2/sdf_map/obstacles_inflation: 0.199
 * /exploration_node_2/sdf_map/optimistic: True
 * /exploration_node_2/sdf_map/p_hit: 0.65
 * /exploration_node_2/sdf_map/p_max: 0.9
 * /exploration_node_2/sdf_map/p_min: 0.12
 * /exploration_node_2/sdf_map/p_miss: 0.35
 * /exploration_node_2/sdf_map/p_occ: 0.8
 * /exploration_node_2/sdf_map/resolution: 0.1
 * /exploration_node_2/sdf_map/signed_dist: False
 * /exploration_node_2/sdf_map/virtual_ceil_height: -10
 * /exploration_node_2/search/allocate_num: 100000
 * /exploration_node_2/search/check_num: 10
 * /exploration_node_2/search/horizon: 5.0
 * /exploration_node_2/search/init_max_tau: 1.0
 * /exploration_node_2/search/lambda_heu: 10.0
 * /exploration_node_2/search/margin: 0.2
 * /exploration_node_2/search/max_acc: 0.8
 * /exploration_node_2/search/max_tau: 0.8
 * /exploration_node_2/search/max_vel: 0.6
 * /exploration_node_2/search/optimistic: False
 * /exploration_node_2/search/resolution_astar: 0.025
 * /exploration_node_2/search/time_resolution: 0.8
 * /exploration_node_2/search/vel_margin: 0.25
 * /exploration_node_2/search/w_time: 10.0
 * /rosdistro: noetic
 * /rosversion: 1.17.4
 * /traj_server_1/perception_utils/left_angle: 1.0471975511965976
 * /traj_server_1/perception_utils/max_dist: 4.5
 * /traj_server_1/perception_utils/right_angle: 1.0471975511965976
 * /traj_server_1/perception_utils/top_angle: 1.0471975511965976
 * /traj_server_1/perception_utils/vis_dist: 1.0
 * /traj_server_1/traj_server/drone_id: 1
 * /traj_server_1/traj_server/drone_num: 2
 * /traj_server_1/traj_server/pub_traj_id: 4
 * /traj_server_1/traj_server/time_forward: 1.5
 * /traj_server_2/perception_utils/left_angle: 1.0471975511965976
 * /traj_server_2/perception_utils/max_dist: 4.5
 * /traj_server_2/perception_utils/right_angle: 1.0471975511965976
 * /traj_server_2/perception_utils/top_angle: 1.0471975511965976
 * /traj_server_2/perception_utils/vis_dist: 1.0
 * /traj_server_2/traj_server/drone_id: 2
 * /traj_server_2/traj_server/drone_num: 2
 * /traj_server_2/traj_server/pub_traj_id: 4
 * /traj_server_2/traj_server/time_forward: 1.5
 * /tsp_solver_1/exploration/drone_id: 1
 * /tsp_solver_1/exploration/mtsp_dir: /work/racer_ws/sr...
 * /tsp_solver_1/exploration/problem_id: 1
 * /tsp_solver_2/exploration/drone_id: 2
 * /tsp_solver_2/exploration/mtsp_dir: /work/racer_ws/sr...
 * /tsp_solver_2/exploration/problem_id: 1
 * /use_sim_time: True

NODES
  /
    acvrp_solver_1 (lkh_mtsp_solver/mtsp_node)
    acvrp_solver_2 (lkh_mtsp_solver/mtsp_node)
    exploration_node_1 (exploration_manager/exploration_node)
    exploration_node_2 (exploration_manager/exploration_node)
    traj_server_1 (plan_manage/traj_server)
    traj_server_2 (plan_manage/traj_server)
    tsp_solver_1 (lkh_mtsp_solver/mtsp_node)
    tsp_solver_2 (lkh_mtsp_solver/mtsp_node)
[33m[WARN] [1790605065.019966687]: MTSP server 1 is ready.[0m
[33m[WARN] [1790605065.028918578]: MTSP server 1 is ready.[0m
[33m[WARN] [1790605065.063118711]: MTSP server 2 is ready.[0m
[33m[WARN] [1790605065.075601658]: MTSP server 2 is ready.[0m
[33m[WARN] [1790605065.104585851]: [Traj server]: init...[0m
[33m[WARN] [1790605065.181196179]: [Traj server]: init...[0m
0
0
0
0
[33m[WARN] [1790605079.210846213, 1.008999999]: wait for init[0m
[33m[WARN] [1790605079.212895571, 1.008999999]: wait for init[0m
[33m[WARN] [1790605079.217864429, 1.018000000]: [Traj server]: ready.[0m
[33m[WARN] [1790605079.217859134, 1.018000000]: [Traj server]: ready.[0m
[33m[WARN] [1790605080.219755958, 2.016999999]: wait for init[0m
[33m[WARN] [1790605080.221405866, 2.016999999]: wait for init[0m
[33m[WARN] [1790605081.226871765, 3.020999999]: wait for trigger.[0m
[33m[WARN] [1790605081.227503038, 3.020999999]: wait for trigger.[0m
[33m[WARN] [1790605081.716559486, 3.504000000]: Init grid allocation.[0m
[33m[WARN] [1790605081.717972443, 3.504000000]: Init grid allocation.[0m
[33m[WARN] [1790605081.722003916, 3.514000000]: Init grid allocation.[0m
[33m[WARN] [1790605081.723414037, 3.514000000]: Init grid allocation.[0m
[33m[WARN] [1790605081.723580745, 3.514000000]: Empty dominance.[0m
[33m[WARN] [1790605081.959831062, 3.745000000]: Pair opt 1 & 2[0m
[31m[ERROR] [1790605082.034225615, 3.822000000]: Larger cost after reallocation[0m
[33m[WARN] [1790605082.034568287, 3.822000000]: Drone 1 send opt request to 2, pair opt t: 0.077000, allocate t: 0.067000[0m
[33m[WARN] [1790605082.037287229, 3.822000000]: get response 1[0m
[33m[WARN] [1790605082.338643790, 4.120000000]: wait for trigger.[0m
[33m[WARN] [1790605082.463516862, 4.245000000]: wait for trigger.[0m
[33m[WARN] [1790605082.571818528, 4.351000000]: Pair opt 1 & 2[0m
[31m[ERROR] [1790605082.676430766, 4.456000000]: Path 2 inconsistent[0m
[33m[WARN] [1790605082.676655670, 4.456000000]: Drone 1 send opt request to 2, pair opt t: 0.105000, allocate t: 0.105000[0m
[33m[WARN] [1790605082.679364691, 4.456000000]: Pair opt 1 & 2[0m
[31m[ERROR] [1790605082.800951871, 4.572000000]: Path 2 inconsistent[0m
[33m[WARN] [1790605082.801393883, 4.572000000]: Drone 1 send opt request to 2, pair opt t: 0.116000, allocate t: 0.116000[0m
[33m[WARN] [1790605082.803135128, 4.581000000]: Reject frequent attempt[0m
[33m[WARN] [1790605083.041406913, 4.812000000]: get response 2[0m
[33m[WARN] [1790605083.050167791, 4.822000000]: Pair opt 1 & 2[0m
[31m[ERROR] [1790605083.151387709, 4.918000000]: Larger cost after reallocation[0m
[33m[WARN] [1790605083.151746680, 4.918000000]: Drone 1 send opt request to 2, pair opt t: 0.096000, allocate t: 0.096000[0m
[33m[WARN] [1790605083.154177437, 4.918000000]: get response 1[0m
[33m[WARN] [1790605083.349361355, 5.120000000]: wait for trigger.[0m
[33m[WARN] [1790605083.482249099, 5.245000000]: wait for trigger.[0m
[33m[WARN] [1790605083.681629656, 5.447000000]: Pair opt 1 & 2[0m
[31m[ERROR] [1790605083.768626925, 5.533000000]: Larger cost after reallocation[0m
[33m[WARN] [1790605083.768917112, 5.533000000]: Drone 1 send opt request to 2, pair opt t: 0.086000, allocate t: 0.077000[0m
[33m[WARN] [1790605084.010600685, 5.774000000]: get response 1[0m
[33m[WARN] [1790605084.432362419, 6.121000000]: wait for trigger.[0m
[33m[WARN] [1790605084.555820701, 6.246000000]: wait for trigger.[0m
[33m[WARN] [1790605084.613661940, 6.304000000]: Pair opt 1 & 2[0m
[33m[WARN] [1790605084.679014517, 6.362000000]: Drone 1 send opt request to 2, pair opt t: 0.058000, allocate t: 0.058000[0m
[33m[WARN] [1790605084.679480041, 6.362000000]: get response 1[0m
[33m[WARN] [1790605085.263088575, 6.862000000]: Pair opt 1 & 2[0m
[31m[ERROR] [1790605085.310584603, 6.910000000]: Larger cost after reallocation[0m
[33m[WARN] [1790605085.311140756, 6.910000000]: Drone 1 send opt request to 2, pair opt t: 0.048000, allocate t: 0.048000[0m
[33m[WARN] [1790605085.312703328, 6.910000000]: get response 1[0m
[33m[WARN] [1790605085.625416690, 7.150000000]: wait for trigger.[0m
[33m[WARN] [1790605085.809362576, 7.320000000]: wait for trigger.[0m
[33m[WARN] [1790605085.915800393, 7.426000000]: Pair opt 1 & 2[0m
[31m[ERROR] [1790605085.959595154, 7.464000000]: Larger cost after reallocation[0m
[33m[WARN] [1790605085.959955293, 7.464000000]: Drone 1 send opt request to 2, pair opt t: 0.038000, allocate t: 0.038000[0m
[33m[WARN] [1790605085.962226386, 7.464000000]: get response 1[0m
[33m[WARN] [1790605086.011482293, 7.512000000]: Grid 10 is rediscovered[0m
[33m[WARN] [1790605086.477138464, 7.983000000]: Pair opt 1 & 2[0m
[31m[ERROR] [1790605086.525684058, 8.031000000]: Path 1 inconsistent[0m
[33m[WARN] [1790605086.526039860, 8.031000000]: Drone 1 send opt request to 2, pair opt t: 0.048000, allocate t: 0.038000[0m
[33m[WARN] [1790605086.650478215, 8.156000000]: wait for trigger.[0m
[33m[WARN] [1790605086.790375921, 8.291000000]: get response 1[0m
[33m[WARN] [1790605086.823768234, 8.329000000]: wait for trigger.[0m
[33m[WARN] [1790605087.315518528, 8.819000000]: Pair opt 1 & 2[0m
[31m[ERROR] [1790605087.374837798, 8.877000000]: Path 2 inconsistent[0m
[33m[WARN] [1790605087.375116812, 8.877000000]: Drone 1 send opt request to 2, pair opt t: 0.058000, allocate t: 0.058000[0m
[33m[WARN] [1790605087.376685429, 8.877000000]: get response 1[0m
[33m[WARN] [1790605087.506582054, 9.002000000]: Grid 8 is rediscovered[0m
[33m[WARN] [1790605087.654799876, 9.156000000]: wait for trigger.[0m
[33m[WARN] [1790605087.828544913, 9.329000000]: wait for trigger.[0m
[33m[WARN] [1790605087.916747826, 9.416000000]: Pair opt 1 & 2[0m
[31m[ERROR] [1790605087.962835650, 9.454000000]: Larger cost after reallocation[0m
[33m[WARN] [1790605087.963129297, 9.454000000]: Drone 1 send opt request to 2, pair opt t: 0.038000, allocate t: 0.038000[0m
[33m[WARN] [1790605087.964973218, 9.464000000]: get response 1[0m
[33m[WARN] [1790605088.668303250, 10.156000000]: wait for trigger.[0m
[33m[WARN] [1790605088.782219263, 10.262000000]: Pair opt 1 & 2[0m
[33m[WARN] [1790605088.861544530, 10.348000000]: Drone 1 send opt request to 2, pair opt t: 0.086000, allocate t: 0.077000[0m
[33m[WARN] [1790605088.864120860, 10.348000000]: wait for trigger.[0m
[33m[WARN] [1790605088.864693479, 10.348000000]: get response 1[0m
[33m[WARN] [1790605089.597810396, 10.900999999]: Pair opt 1 & 2[0m
[31m[ERROR] [1790605089.771828779, 10.957000000]: Larger cost after reallocation[0m
[33m[WARN] [1790605089.772482856, 10.957000000]: Drone 1 send opt request to 2, pair opt t: 0.056000, allocate t: 0.056000[0m
[33m[WARN] [1790605089.778841033, 10.957000000]: get response 1[0m
[33m[WARN] [1790605090.236512296, 11.159000000]: wait for trigger.[0m
[33m[WARN] [1790605090.501763731, 11.355000000]: wait for trigger.[0m
[33m[WARN] [1790605090.954436204, 11.787000000]: Pair opt 1 & 2[0m
[33m[WARN] [1790605091.040597347, 11.877000000]: Drone 1 send opt request to 2, pair opt t: 0.090000, allocate t: 0.080000[0m
[33m[WARN] [1790605091.044755300, 11.877000000]: get response 1[0m
[33m[WARN] [1790605091.199104436, 12.021000000]: Grid 10 is rediscovered[0m
[33m[WARN] [1790605091.333883000, 12.166000000]: wait for trigger.[0m
[33m[WARN] [1790605091.528879824, 12.358000000]: wait for trigger.[0m
[33m[WARN] [1790605091.548414962, 12.377000000]: Pair opt 1 & 2[0m
[31m[ERROR] [1790605091.614667614, 12.444000000]: Larger cost after reallocation[0m
[31m[ERROR] [1790605091.615009576, 12.444000000]: Path 1 inconsistent[0m
[33m[WARN] [1790605091.615286340, 12.444000000]: Drone 1 send opt request to 2, pair opt t: 0.067000, allocate t: 0.058000[0m
[33m[WARN] [1790605091.618676701, 12.444000000]: get response 1[0m
[33m[WARN] [1790605092.602185460, 12.954000000]: Pair opt 1 & 2[0m
[31m[ERROR] [1790605092.682305500, 13.021000000]: Larger cost after reallocation[0m
[33m[WARN] [1790605092.683125201, 13.021000000]: Drone 1 send opt request to 2, pair opt t: 0.067000, allocate t: 0.058000[0m
[33m[WARN] [1790605092.848407176, 13.166000000]: wait for trigger.[0m
[33m[WARN] [1790605092.953237190, 13.252000000]: get response 1[0m
[33m[WARN] [1790605093.066369227, 13.358000000]: wait for trigger.[0m
[33m[WARN] [1790605093.593458140, 13.800000000]: Pair opt 1 & 2[0m
[31m[ERROR] [1790605093.662161600, 13.848000000]: Larger cost after reallocation[0m
[33m[WARN] [1790605093.662596818, 13.848000000]: Drone 1 send opt request to 2, pair opt t: 0.048000, allocate t: 0.048000[0m
[33m[WARN] [1790605093.666971254, 13.858000000]: get response 1[0m
[33m[WARN] [1790605093.987842026, 14.166000000]: wait for trigger.[0m
[33m[WARN] [1790605094.192299870, 14.358000000]: wait for trigger.[0m
[33m[WARN] [1790605094.239718109, 14.396000000]: Pair opt 1 & 2[0m
[33m[WARN] [1790605094.619080321, 14.464000000]: Drone 1 send opt request to 2, pair opt t: 0.068000, allocate t: 0.068000[0m
[33m[WARN] [1790605094.626388348, 14.464000000]: get response 1[0m
[33m[WARN] [1790605953.619440771, 15.166000000]: wait for trigger.[0m
[33m[WARN] [1790605953.724395514, 15.242000000]: Pair opt 1 & 2[0m
[31m[ERROR] [1790605953.806357474, 15.310000000]: Larger cost after reallocation[0m
[33m[WARN] [1790605953.806599678, 15.310000000]: Drone 1 send opt request to 2, pair opt t: 0.068000, allocate t: 0.068000[0m
[33m[WARN] [1790605953.808647619, 15.310000000]: get response 1[0m
[33m[WARN] [1790605953.848553437, 15.358000000]: wait for trigger.[0m
[33m[WARN] [1790605954.364191794, 15.838000000]: Pair opt 1 & 2[0m
[33m[WARN] [1790605954.443571464, 15.896000000]: Drone 1 send opt request to 2, pair opt t: 0.058000, allocate t: 0.058000[0m
[33m[WARN] [1790605954.446781985, 15.906000000]: get response 1[0m
[33m[WARN] [1790605955.259437985, 16.166000000]: wait for trigger.[0m
[33m[WARN] [1790605955.561066933, 16.358000000]: wait for trigger.[0m
[33m[WARN] [1790605955.644575124, 16.413000000]: Pair opt 1 & 2[0m
[33m[WARN] [1790605955.761910096, 16.486000000]: Drone 1 send opt request to 2, pair opt t: 0.073000, allocate t: 0.073000[0m
[33m[WARN] [1790605955.769647755, 16.486000000]: get response 1[0m
[33m[WARN] [1790605956.473408084, 16.989000000]: Pair opt 1 & 2[0m
[31m[ERROR] [1790605956.546447502, 17.053000000]: Larger cost after reallocation[0m
[33m[WARN] [1790605956.546994401, 17.053000000]: Drone 1 send opt request to 2, pair opt t: 0.064000, allocate t: 0.064000[0m
[33m[WARN] [1790605956.678232195, 17.172000000]: wait for trigger.[0m
[33m[WARN] [1790605956.794410839, 17.272999999]: get response 1[0m
[33m[WARN] [1790605956.886443791, 17.364000000]: wait for trigger.[0m
[33m[WARN] [1790605957.319065994, 17.785000000]: Pair opt 1 & 2[0m
[31m[ERROR] [1790605957.363375388, 17.821000000]: Larger cost after reallocation[0m
[33m[WARN] [1790605957.363775004, 17.821000000]: Drone 1 send opt request to 2, pair opt t: 0.036000, allocate t: 0.036000[0m
[33m[WARN] [1790605957.367210721, 17.821000000]: get response 1[0m
[33m[WARN] [1790605957.736459587, 18.178000000]: wait for trigger.[0m
[33m[WARN] [1790605957.891552094, 18.333999999]: Pair opt 1 & 2[0m
[31m[ERROR] [1790605957.936256810, 18.379000000]: Larger cost after reallocation[0m
[33m[WARN] [1790605957.938863238, 18.379000000]: Drone 1 send opt request to 2, pair opt t: 0.045000, allocate t: 0.036000[0m
[33m[WARN] [1790605957.939227295, 18.379000000]: wait for trigger.[0m
[33m[WARN] [1790605957.939470792, 18.379000000]: get response 1[0m
[33m[WARN] [1790605958.465041863, 18.882000000]: Pair opt 1 & 2[0m
[31m[ERROR] [1790605958.502310946, 18.919000000]: Larger cost after reallocation[0m
[33m[WARN] [1790605958.502523052, 18.919000000]: Drone 1 send opt request to 2, pair opt t: 0.037000, allocate t: 0.028000[0m
[33m[WARN] [1790605958.503278346, 18.919000000]: get response 1[0m
[33m[WARN] [1790605958.771044788, 19.184000000]: wait for trigger.[0m
[33m[WARN] [1790605958.971621985, 19.385000000]: wait for trigger.[0m
[33m[WARN] [1790605959.009843211, 19.422000000]: Pair opt 1 & 2[0m
[33m[WARN] [1790605959.045326027, 19.449000000]: Drone 1 send opt request to 2, pair opt t: 0.027000, allocate t: 0.027000[0m
[33m[WARN] [1790605959.047591784, 19.458999999]: get response 1[0m
[33m[WARN] [1790605959.576610578, 19.989000000]: Pair opt 1 & 2[0m
[33m[WARN] [1790605959.594302753, 19.998000000]: Start expl pos: -3.99926  2.99623  1.20251[0m
[31m[ERROR] [1790605959.617494218, 20.016999999]: No path to next viewpoint[0m
[33m[WARN] [1790605959.617786323, 20.025999999]: Plan fail[0m
[31m[ERROR] [1790605959.625937688, 20.035000000]: Larger cost after reallocation[0m
[33m[WARN] [1790605959.626339972, 20.035000000]: Drone 1 send opt request to 2, pair opt t: 0.046000, allocate t: 0.037000[0m
[33m[WARN] [1790605959.626797367, 20.035000000]: Start expl pos: -4.00576  -3.0039  1.20617[0m
[31m[ERROR] [1790605959.642769683, 20.044000000]: No path to next viewpoint[0m
[33m[WARN] [1790605959.643236124, 20.044000000]: Plan fail[0m
[31m[ERROR] [1790605959.664236494, 20.062000000]: No path to next viewpoint[0m
[33m[WARN] [1790605959.664649909, 20.062000000]: Plan fail[0m
[33m[WARN] [1790605959.665368602, 20.071000000]: get response 1[0m
[31m[ERROR] [1790605959.668311698, 20.071000000]: No path to next viewpoint[0m
[33m[WARN] [1790605959.668884275, 20.071000000]: Plan fail[0m
[31m[ERROR] [1790605959.700444256, 20.108000000]: No path to next viewpoint[0m
[33m[WARN] [1790605959.700742322, 20.108000000]: Plan fail[0m
[31m[ERROR] [1790605959.705456427, 20.108000000]: No path to next viewpoint[0m
[33m[WARN] [1790605959.706308728, 20.108000000]: Plan fail[0m
[31m[ERROR] [1790605959.721994234, 20.117000000]: No path to next viewpoint[0m
[33m[WARN] [1790605959.722424324, 20.117000000]: Plan fail[0m
[31m[ERROR] [1790605959.735789920, 20.126000000]: No path to next viewpoint[0m
[33m[WARN] [1790605959.735967217, 20.126000000]: Plan fail[0m
[31m[ERROR] [1790605959.746715255, 20.135000000]: No path to next viewpoint[0m
[33m[WARN] [1790605959.747120457, 20.135000000]: Plan fail[0m
[31m[ERROR] [1790605959.768641921, 20.144999999]: No path to next viewpoint[0m
[33m[WARN] [1790605959.768926271, 20.144999999]: Plan fail[0m
[31m[ERROR] [1790605959.787283904, 20.163000000]: No path to next viewpoint[0m
[33m[WARN] [1790605959.787576634, 20.163000000]: Plan fail[0m
[31m[ERROR] [1790605959.800686727, 20.172000000]: No path to next viewpoint[0m
[33m[WARN] [1790605959.801011264, 20.172000000]: Plan fail[0m
[31m[ERROR] [1790605959.812857434, 20.181000000]: No path to next viewpoint[0m
[33m[WARN] [1790605959.813303115, 20.181000000]: Plan fail[0m
[31m[ERROR] [1790605959.838605510, 20.208999999]: No path to next viewpoint[0m
[33m[WARN] [1790605959.838960688, 20.208999999]: Plan fail[0m
[31m[ERROR] [1790605959.840024053, 20.208999999]: No path to next viewpoint[0m
[33m[WARN] [1790605959.841138651, 20.208999999]: Plan fail[0m
[31m[ERROR] [1790605959.869420410, 20.236000000]: No path to next viewpoint[0m
[33m[WARN] [1790605959.869715891, 20.236000000]: Plan fail[0m
[31m[ERROR] [1790605959.887114628, 20.245000000]: No path to next viewpoint[0m
[33m[WARN] [1790605959.888131719, 20.245000000]: Plan fail[0m
[31m[ERROR] [1790605959.901987394, 20.263000000]: No path to next viewpoint[0m
[33m[WARN] [1790605959.902405311, 20.263000000]: Plan fail[0m
[31m[ERROR] [1790605959.921876792, 20.272999999]: No path to next viewpoint[0m
[33m[WARN] [1790605959.922443575, 20.282000000]: Plan fail[0m
[31m[ERROR] [1790605959.925091815, 20.282000000]: No path to next viewpoint[0m
[33m[WARN] [1790605959.926023573, 20.282000000]: Plan fail[0m
[31m[ERROR] [1790605959.941241386, 20.300000000]: No path to next viewpoint[0m
[33m[WARN] [1790605959.941725128, 20.300000000]: Plan fail[0m
[31m[ERROR] [1790605959.961450486, 20.318000000]: No path to next viewpoint[0m
[33m[WARN] [1790605959.961938771, 20.318000000]: Plan fail[0m
[31m[ERROR] [1790605959.970386993, 20.327000000]: No path to next viewpoint[0m
[33m[WARN] [1790605959.971112314, 20.327000000]: Plan fail[0m
[31m[ERROR] [1790605959.998441097, 20.355000000]: No path to next viewpoint[0m
[33m[WARN] [1790605959.999455854, 20.355000000]: Plan fail[0m
[31m[ERROR] [1790605959.998505254, 20.355000000]: No path to next viewpoint[0m
[33m[WARN] [1790605960.002583792, 20.355000000]: Plan fail[0m
[31m[ERROR] [1790605960.026229401, 20.382000000]: No path to next viewpoint[0m
[33m[WARN] [1790605960.026716019, 20.382000000]: Plan fail[0m
[31m[ERROR] [1790605960.029469228, 20.382000000]: No path to next viewpoint[0m
[33m[WARN] [1790605960.029960974, 20.382000000]: Plan fail[0m
[31m[ERROR] [1790605960.046060770, 20.400999999]: No path to next viewpoint[0m
[33m[WARN] [1790605960.046393978, 20.400999999]: Plan fail[0m
[31m[ERROR] [1790605960.064049176, 20.419000000]: No path to next viewpoint[0m
[33m[WARN] [1790605960.064308055, 20.419000000]: Plan fail[0m
[31m[ERROR] [1790605960.077428154, 20.428000000]: No path to next viewpoint[0m
[33m[WARN] [1790605960.078080396, 20.428000000]: Plan fail[0m
[31m[ERROR] [1790605960.093647259, 20.446000000]: No path to next viewpoint[0m
[33m[WARN] [1790605960.093858907, 20.446000000]: Plan fail[0m
[31m[ERROR] [1790605960.098593023, 20.455999999]: No path to next viewpoint[0m
[33m[WARN] [1790605960.099002978, 20.455999999]: Plan fail[0m
[31m[ERROR] [1790605960.116948112, 20.474000000]: No path to next viewpoint[0m
[33m[WARN] [1790605960.117080053, 20.474000000]: Plan fail[0m
[31m[ERROR] [1790605960.119739882, 20.474000000]: No path to next viewpoint[0m
[33m[WARN] [1790605960.120104690, 20.474000000]: Plan fail[0m
[31m[ERROR] [1790605960.135594764, 20.492000000]: No path to next viewpoint[0m
[33m[WARN] [1790605960.135786152, 20.492000000]: Plan fail[0m
[31m[ERROR] [1790605960.154966570, 20.501000000]: No path to next viewpoint[0m
[33m[WARN] [1790605960.155969488, 20.510000000]: Plan fail[0m
[31m[ERROR] [1790605960.163077749, 20.510000000]: No path to next viewpoint[0m
[33m[WARN] [1790605960.163986078, 20.510000000]: Plan fail[0m
[31m[ERROR] [1790605960.184786723, 20.538000000]: No path to next viewpoint[0m
[33m[WARN] [1790605960.184977527, 20.538000000]: Plan fail[0m
[31m[ERROR] [1790605960.187883854, 20.538000000]: No path to next viewpoint[0m
[33m[WARN] [1790605960.188490782, 20.538000000]: Plan fail[0m
[31m[ERROR] [1790605960.202742280, 20.556000000]: No path to next viewpoint[0m
[33m[WARN] [1790605960.202936627, 20.556000000]: Plan fail[0m
[31m[ERROR] [1790605960.215769290, 20.565000000]: No path to next viewpoint[0m
[33m[WARN] [1790605960.215971599, 20.565000000]: Plan fail[0m
[31m[ERROR] [1790605960.221158775, 20.574000000]: No path to next viewpoint[0m
[33m[WARN] [1790605960.221280294, 20.574000000]: Plan fail[0m
[31m[ERROR] [1790605960.241833399, 20.593000000]: No path to next viewpoint[0m
[33m[WARN] [1790605960.242042962, 20.593000000]: Plan fail[0m
[31m[ERROR] [1790605960.243849865, 20.593000000]: No path to next viewpoint[0m
[33m[WARN] [1790605960.244105242, 20.593000000]: Plan fail[0m
[33m[WARN] [1790605960.244461462, 20.593000000]: Pair opt 1 & 2[0m
[31m[ERROR] [1790605960.260584770, 20.602000000]: No path to next viewpoint[0m
[33m[WARN] [1790605960.260879625, 20.602000000]: Plan fail[0m
[31m[ERROR] [1790605960.282094436, 20.629000000]: No path to next viewpoint[0m
[33m[WARN] [1790605960.282226210, 20.629000000]: Plan fail[0m
[31m[ERROR] [1790605960.300353144, 20.638000000]: Larger cost after reallocation[0m
[31m[ERROR] [1790605960.311209570, 20.657000000]: No path to next viewpoint[0m
[33m[WARN] [1790605960.311404542, 20.657000000]: Plan fail[0m
[31m[ERROR] [1790605960.328034019, 20.675000000]: No path to next viewpoint[0m
[33m[WARN] [1790605960.328170296, 20.675000000]: Plan fail[0m
[33m[WARN] [1790605960.330910665, 20.675000000]: Pair opt 1 & 2[0m
[31m[ERROR] [1790605960.332796941, 20.675000000]: No path to next viewpoint[0m
[33m[WARN] [1790605960.333003169, 20.675000000]: Plan fail[0m
[31m[ERROR] [1790605960.350521132, 20.693000000]: No path to next viewpoint[0m
[33m[WARN] [1790605960.350665788, 20.693000000]: Plan fail[0m
[31m[ERROR] [1790605960.366347541, 20.711999999]: No path to next viewpoint[0m
[33m[WARN] [1790605960.366579699, 20.711999999]: Plan fail[0m
[31m[ERROR] [1790605960.372216600, 20.711999999]: Larger cost after reallocation[0m
[31m[ERROR] [1790605960.382974684, 20.721000000]: No path to next viewpoint[0m
[33m[WARN] [1790605960.383779211, 20.730000000]: Plan fail[0m
[31m[ERROR] [1790605960.405785667, 20.748000000]: No path to next viewpoint[0m
[33m[WARN] [1790605960.406094363, 20.748000000]: Plan fail[0m
[31m[ERROR] [1790605960.409886175, 20.748000000]: No path to next viewpoint[0m
[33m[WARN] [1790605960.410489518, 20.748000000]: Plan fail[0m
[33m[WARN] [1790605960.411195663, 20.757000000]: Pair opt 1 & 2[0m
[31m[ERROR] [1790605960.428731176, 20.766999999]: No path to next viewpoint[0m
[33m[WARN] [1790605960.429047209, 20.766999999]: Plan fail[0m
[31m[ERROR] [1790605960.447644753, 20.785000000]: No path to next viewpoint[0m
[33m[WARN] [1790605960.447893252, 20.785000000]: Plan fail[0m
[31m[ERROR] [1790605960.457015269, 20.794000000]: Larger cost after reallocation[0m
[31m[ERROR] [1790605960.467594223, 20.803000000]: No path to next viewpoint[0m
[33m[WARN] [1790605960.467989837, 20.803000000]: Plan fail[0m
[31m[ERROR] [1790605960.490178134, 20.821000000]: No path to next viewpoint[0m
[33m[WARN] [1790605960.490857265, 20.821000000]: Plan fail[0m
[33m[WARN] [1790605960.492180552, 20.830999999]: Pair opt 1 & 2[0m
[31m[ERROR] [1790605960.494083836, 20.830999999]: No path to next viewpoint[0m
[33m[WARN] [1790605960.494882193, 20.830999999]: Plan fail[0m
[31m[ERROR] [1790605960.516501498, 20.849000000]: No path to next viewpoint[0m
[33m[WARN] [1790605960.516787391, 20.849000000]: Plan fail[0m
[31m[ERROR] [1790605960.533824155, 20.867000000]: Larger cost after reallocation[0m
[31m[ERROR] [1790605960.547095829, 20.885000000]: No path to next viewpoint[0m
[33m[WARN] [1790605960.547328737, 20.885000000]: Plan fail[0m
[31m[ERROR] [1790605960.568073146, 20.903999999]: No path to next viewpoint[0m
[33m[WARN] [1790605960.568277248, 20.903999999]: Plan fail[0m
[31m[ERROR] [1790605960.568445540, 20.903999999]: No path to next viewpoint[0m
[33m[WARN] [1790605960.568620336, 20.903999999]: Pair opt 1 & 2[0m
[33m[WARN] [1790605960.568733225, 20.903999999]: Plan fail[0m
[31m[ERROR] [1790605960.586480470, 20.922000000]: No path to next viewpoint[0m
[33m[WARN] [1790605960.586720715, 20.922000000]: Plan fail[0m
[31m[ERROR] [1790605960.602561339, 20.931000000]: No path to next viewpoint[0m
[33m[WARN] [1790605960.603458871, 20.931000000]: Plan fail[0m
[31m[ERROR] [1790605960.612531697, 20.940000000]: Larger cost after reallocation[0m
[31m[ERROR] [1790605960.622401671, 20.949000000]: No path to next viewpoint[0m
[33m[WARN] [1790605960.623020689, 20.949000000]: Plan fail[0m
[31m[ERROR] [1790605960.641757219, 20.968000000]: No path to next viewpoint[0m
[33m[WARN] [1790605960.642351683, 20.968000000]: Plan fail[0m
[33m[WARN] [1790605960.643121276, 20.977000000]: Pair opt 1 & 2[0m
[31m[ERROR] [1790605960.643908586, 20.977000000]: No path to next viewpoint[0m
[33m[WARN] [1790605960.645390743, 20.977000000]: Plan fail[0m
[31m[ERROR] [1790605960.668054778, 20.995000000]: No path to next viewpoint[0m
[33m[WARN] [1790605960.668456687, 20.995000000]: Plan fail[0m
[31m[ERROR] [1790605960.682192635, 21.013000000]: Larger cost after reallocation[0m
[31m[ERROR] [1790605960.693263418, 21.022999999]: No path to next viewpoint[0m
[33m[WARN] [1790605960.693841498, 21.022999999]: Plan fail[0m
[31m[ERROR] [1790605960.711133807, 21.041000000]: No path to next viewpoint[0m
[33m[WARN] [1790605960.711394395, 21.041000000]: Plan fail[0m
[31m[ERROR] [1790605960.711357002, 21.041000000]: No path to next viewpoint[0m
[33m[WARN] [1790605960.712009911, 21.041000000]: Plan fail[0m
[33m[WARN] [1790605960.714993778, 21.041000000]: Pair opt 1 & 2[0m
[31m[ERROR] [1790605960.729680242, 21.059000000]: No path to next viewpoint[0m
[33m[WARN] [1790605960.730021788, 21.059000000]: Plan fail[0m
[31m[ERROR] [1790605960.750319890, 21.077000000]: No path to next viewpoint[0m
[33m[WARN] [1790605960.750545920, 21.077000000]: Plan fail[0m
[31m[ERROR] [1790605960.754822224, 21.077000000]: Larger cost after reallocation[0m
[31m[ERROR] [1790605960.766099318, 21.086999999]: No path to next viewpoint[0m
[33m[WARN] [1790605960.766404345, 21.096000000]: Plan fail[0m
[31m[ERROR] [1790605960.782386957, 21.105000000]: No path to next viewpoint[0m
[33m[WARN] [1790605960.782604524, 21.105000000]: Plan fail[0m
[31m[ERROR] [1790605960.783568840, 21.105000000]: No path to next viewpoint[0m
[33m[WARN] [1790605960.783735298, 21.114000000]: Plan fail[0m
[33m[WARN] [1790605960.784003640, 21.114000000]: Pair opt 1 & 2[0m
[31m[ERROR] [1790605960.805612689, 21.132000000]: No path to next viewpoint[0m
[33m[WARN] [1790605960.805819918, 21.132000000]: Plan fail[0m
[31m[ERROR] [1790605960.822956023, 21.150999999]: No path to next viewpoint[0m
[33m[WARN] [1790605960.823097386, 21.150999999]: Plan fail[0m
[31m[ERROR] [1790605960.840050483, 21.169000000]: Larger cost after reallocation[0m
[31m[ERROR] [1790605960.842803817, 21.169000000]: No path to next viewpoint[0m
[33m[WARN] [1790605960.842968400, 21.169000000]: Plan fail[0m
[31m[ERROR] [1790605960.866044724, 21.187000000]: No path to next viewpoint[0m
[33m[WARN] [1790605960.866416701, 21.187000000]: Plan fail[0m
[31m[ERROR] [1790605960.868810439, 21.196000000]: No path to next viewpoint[0m
[33m[WARN] [1790605960.869098333, 21.196000000]: Plan fail[0m
[33m[WARN] [1790605960.869360464, 21.196000000]: Pair opt 1 & 2[0m
[31m[ERROR] [1790605960.888256699, 21.205999999]: No path to next viewpoint[0m
[33m[WARN] [1790605960.888944376, 21.205999999]: Plan fail[0m
[31m[ERROR] [1790605960.911140635, 21.224000000]: No path to next viewpoint[0m
[33m[WARN] [1790605960.911583732, 21.224000000]: Plan fail[0m
[31m[ERROR] [1790605960.923294835, 21.242000000]: Larger cost after reallocation[0m
[31m[ERROR] [1790605960.935444990, 21.251000000]: No path to next viewpoint[0m
[33m[WARN] [1790605960.935727715, 21.251000000]: Plan fail[0m
[31m[ERROR] [1790605960.964065835, 21.278999999]: No path to next viewpoint[0m
[33m[WARN] [1790605960.964306372, 21.278999999]: Plan fail[0m
[31m[ERROR] [1790605960.965120612, 21.278999999]: No path to next viewpoint[0m
[33m[WARN] [1790605960.965312958, 21.278999999]: Plan fail[0m
[33m[WARN] [1790605960.967095265, 21.278999999]: Pair opt 1 & 2[0m
[31m[ERROR] [1790605960.982810828, 21.297000000]: No path to next viewpoint[0m
[33m[WARN] [1790605960.983327836, 21.297000000]: Plan fail[0m
[31m[ERROR] [1790605960.999319828, 21.306000000]: No path to next viewpoint[0m
[33m[WARN] [1790605960.999677173, 21.306000000]: Plan fail[0m
[31m[ERROR] [1790605961.016261920, 21.324000000]: No path to next viewpoint[0m
[33m[WARN] [1790605961.016421958, 21.324000000]: Plan fail[0m
[31m[ERROR] [1790605961.030757622, 21.343000000]: Larger cost after reallocation[0m
[31m[ERROR] [1790605961.031840330, 21.343000000]: No path to next viewpoint[0m
[33m[WARN] [1790605961.032054145, 21.343000000]: Plan fail[0m
[31m[ERROR] [1790605961.048770875, 21.352000000]: No path to next viewpoint[0m
[33m[WARN] [1790605961.048964263, 21.352000000]: Plan fail[0m
[31m[ERROR] [1790605961.063061183, 21.370000000]: No path to next viewpoint[0m
[33m[WARN] [1790605961.063142432, 21.370000000]: Plan fail[0m
[33m[WARN] [1790605961.063346117, 21.370000000]: Pair opt 1 & 2[0m
[31m[ERROR] [1790605961.069601160, 21.379000000]: No path to next viewpoint[0m
[33m[WARN] [1790605961.069803511, 21.379000000]: Plan fail[0m
[31m[ERROR] [1790605961.083797212, 21.388000000]: No path to next viewpoint[0m
[33m[WARN] [1790605961.084061136, 21.388000000]: Plan fail[0m
[31m[ERROR] [1790605961.099797375, 21.407000000]: Larger cost after reallocation[0m
[31m[ERROR] [1790605961.112330180, 21.416000000]: No path to next viewpoint[0m
[33m[WARN] [1790605961.113814797, 21.416000000]: Plan fail[0m
[31m[ERROR] [1790605961.131355063, 21.434000000]: No path to next viewpoint[0m
[33m[WARN] [1790605961.131645208, 21.434000000]: Plan fail[0m
[33m[WARN] [1790605961.132226915, 21.434000000]: Pair opt 1 & 2[0m
[31m[ERROR] [1790605961.134059623, 21.434000000]: No path to next viewpoint[0m
[33m[WARN] [1790605961.134665342, 21.434000000]: Plan fail[0m
[31m[ERROR] [1790605961.156216862, 21.461999999]: No path to next viewpoint[0m
[33m[WARN] [1790605961.156502714, 21.461999999]: Plan fail[0m
[31m[ERROR] [1790605961.177283599, 21.480000000]: No path to next viewpoint[0m
[33m[WARN] [1790605961.177646238, 21.480000000]: Plan fail[0m
[31m[ERROR] [1790605961.181062321, 21.480000000]: Larger cost after reallocation[0m
[31m[ERROR] [1790605961.197143732, 21.498000000]: No path to next viewpoint[0m
[33m[WARN] [1790605961.197474231, 21.498000000]: Plan fail[0m
[31m[ERROR] [1790605961.208821777, 21.507000000]: No path to next viewpoint[0m
[33m[WARN] [1790605961.209086993, 21.507000000]: Plan fail[0m
[33m[WARN] [1790605961.209588368, 21.507000000]: Pair opt 1 & 2[0m
[31m[ERROR] [1790605961.214109169, 21.507000000]: No path to next viewpoint[0m
[33m[WARN] [1790605961.214304767, 21.507000000]: Plan fail[0m
[31m[ERROR] [1790605961.233989980, 21.535000000]: No path to next viewpoint[0m
[33m[WARN] [1790605961.234422029, 21.535000000]: Plan fail[0m
[31m[ERROR] [1790605961.251251022, 21.553000000]: No path to next viewpoint[0m
[33m[WARN] [1790605961.251474926, 21.553000000]: Plan fail[0m
[31m[ERROR] [1790605961.254916980, 21.553000000]: Larger cost after reallocation[0m
[31m[ERROR] [1790605961.270935485, 21.571000000]: No path to next viewpoint[0m
[33m[WARN] [1790605961.271237302, 21.571000000]: Plan fail[0m
[31m[ERROR] [1790605961.286794911, 21.589999999]: No path to next viewpoint[0m
[33m[WARN] [1790605961.287183313, 21.589999999]: Plan fail[0m
[33m[WARN] [1790605961.287825551, 21.589999999]: Pair opt 1 & 2[0m
[31m[ERROR] [1790605961.288668889, 21.589999999]: No path to next viewpoint[0m
[33m[WARN] [1790605961.288916846, 21.589999999]: Plan fail[0m
[31m[ERROR] [1790605961.319175051, 21.617000000]: No path to next viewpoint[0m
[33m[WARN] [1790605961.320117689, 21.617000000]: Plan fail[0m
[31m[ERROR] [1790605961.343542562, 21.635000000]: Larger cost after reallocation[0m
[31m[ERROR] [1790605961.343655743, 21.635000000]: No path to next viewpoint[0m
[33m[WARN] [1790605961.344119934, 21.635000000]: Plan fail[0m
[31m[ERROR] [1790605961.364428333, 21.653999999]: No path to next viewpoint[0m
[33m[WARN] [1790605961.365076824, 21.653999999]: Plan fail[0m
[31m[ERROR] [1790605961.373244530, 21.663000000]: No path to next viewpoint[0m
[33m[WARN] [1790605961.373946423, 21.663000000]: Plan fail[0m
[33m[WARN] [1790605961.377192378, 21.663000000]: Pair opt 1 & 2[0m
[31m[ERROR] [1790605961.385283505, 21.672000000]: No path to next viewpoint[0m
[33m[WARN] [1790605961.385793260, 21.672000000]: Plan fail[0m
[31m[ERROR] [1790605961.401522788, 21.690000000]: No path to next viewpoint[0m
[33m[WARN] [1790605961.401887887, 21.690000000]: Plan fail[0m
[31m[ERROR] [1790605961.415250398, 21.708999999]: Larger cost after reallocation[0m
[31m[ERROR] [1790605961.421359784, 21.708999999]: No path to next viewpoint[0m
[33m[WARN] [1790605961.421979928, 21.708999999]: Plan fail[0m
[31m[ERROR] [1790605961.440527614, 21.727000000]: No path to next viewpoint[0m
[33m[WARN] [1790605961.440901175, 21.727000000]: Plan fail[0m
[31m[ERROR] [1790605961.447067298, 21.736000000]: No path to next viewpoint[0m
[33m[WARN] [1790605961.447343895, 21.736000000]: Plan fail[0m
[33m[WARN] [1790605961.447908427, 21.736000000]: Pair opt 1 & 2[0m
[31m[ERROR] [1790605961.461101937, 21.745000000]: No path to next viewpoint[0m
[33m[WARN] [1790605961.461350311, 21.745000000]: Plan fail[0m
[31m[ERROR] [1790605961.475608437, 21.763000000]: No path to next viewpoint[0m
[33m[WARN] [1790605961.475843805, 21.763000000]: Plan fail[0m
[31m[ERROR] [1790605961.483738833, 21.772999999]: Larger cost after reallocation[0m
[31m[ERROR] [1790605961.492837589, 21.782000000]: No path to next viewpoint[0m
[33m[WARN] [1790605961.493181261, 21.782000000]: Plan fail[0m
[31m[ERROR] [1790605961.503334418, 21.791000000]: No path to next viewpoint[0m
[33m[WARN] [1790605961.503520344, 21.791000000]: Plan fail[0m
[33m[WARN] [1790605961.503784226, 21.791000000]: Pair opt 1 & 2[0m
[31m[ERROR] [1790605961.507174129, 21.791000000]: No path to next viewpoint[0m
[33m[WARN] [1790605961.507335751, 21.791000000]: Plan fail[0m
[31m[ERROR] [1790605961.526068905, 21.809000000]: No path to next viewpoint[0m
[33m[WARN] [1790605961.526317320, 21.809000000]: Plan fail[0m
[31m[ERROR] [1790605961.542804268, 21.827000000]: No path to next viewpoint[0m
[33m[WARN] [1790605961.543112130, 21.827000000]: Plan fail[0m
[31m[ERROR] [1790605961.555466096, 21.836999999]: Larger cost after reallocation[0m
[31m[ERROR] [1790605961.562522164, 21.846000000]: No path to next viewpoint[0m
[33m[WARN] [1790605961.562764076, 21.846000000]: Plan fail[0m
[31m[ERROR] [1790605961.581732222, 21.864000000]: No path to next viewpoint[0m
[33m[WARN] [1790605961.581840276, 21.864000000]: Plan fail[0m
[31m[ERROR] [1790605961.588335856, 21.873000000]: No path to next viewpoint[0m
[33m[WARN] [1790605961.588519489, 21.873000000]: Plan fail[0m
[33m[WARN] [1790605961.592096569, 21.873000000]: Pair opt 1 & 2[0m
[31m[ERROR] [1790605961.598093315, 21.882000000]: No path to next viewpoint[0m
[33m[WARN] [1790605961.598453454, 21.882000000]: Plan fail[0m
[31m[ERROR] [1790605961.616082556, 21.900999999]: No path to next viewpoint[0m
[33m[WARN] [1790605961.616266106, 21.900999999]: Plan fail[0m
[31m[ERROR] [1790605961.638298116, 21.919000000]: No path to next viewpoint[0m
[33m[WARN] [1790605961.638623529, 21.919000000]: Plan fail[0m
[31m[ERROR] [1790605961.641540195, 21.919000000]: Larger cost after reallocation[0m
[31m[ERROR] [1790605961.661440390, 21.937000000]: No path to next viewpoint[0m
[33m[WARN] [1790605961.661851345, 21.937000000]: Plan fail[0m
[31m[ERROR] [1790605961.673169335, 21.955999999]: No path to next viewpoint[0m
[33m[WARN] [1790605961.673434592, 21.955999999]: Plan fail[0m
[33m[WARN] [1790605961.673776180, 21.955999999]: Pair opt 1 & 2[0m
[31m[ERROR] [1790605961.677711355, 21.955999999]: No path to next viewpoint[0m
[33m[WARN] [1790605961.678094213, 21.955999999]: Plan fail[0m
[31m[ERROR] [1790605961.697603546, 21.974000000]: No path to next viewpoint[0m
[33m[WARN] [1790605961.697933294, 21.974000000]: Plan fail[0m
[31m[ERROR] [1790605961.713142520, 21.992000000]: No path to next viewpoint[0m
[33m[WARN] [1790605961.713341744, 21.992000000]: Plan fail[0m
[33m[WARN] [1790605961.714731022, 21.992000000]: Drone 1 send opt request to 2, pair opt t: 0.036000, allocate t: 0.036000[0m
[31m[ERROR] [1790605961.735869961, 22.010000000]: No path to next viewpoint[0m
[33m[WARN] [1790605961.736099034, 22.010000000]: Plan fail[0m
[31m[ERROR] [1790605961.747516323, 22.028999999]: No path to next viewpoint[0m
[33m[WARN] [1790605961.747889259, 22.028999999]: Plan fail[0m
[33m[WARN] [1790605961.751347529, 22.028999999]: get response 1[0m
[31m[ERROR] [1790605961.756055757, 22.038000000]: No path to next viewpoint[0m
[33m[WARN] [1790605961.756449871, 22.038000000]: Plan fail[0m
[31m[ERROR] [1790605961.772185151, 22.047000000]: No path to next viewpoint[0m
[33m[WARN] [1790605961.772503144, 22.047000000]: Plan fail[0m
[31m[ERROR] [1790605961.789753473, 22.065000000]: No path to next viewpoint[0m
[33m[WARN] [1790605961.790104106, 22.065000000]: Plan fail[0m
[31m[ERROR] [1790605961.796159799, 22.074000000]: No path to next viewpoint[0m
[33m[WARN] [1790605961.796334220, 22.074000000]: Plan fail[0m
[31m[ERROR] [1790605961.807233583, 22.083999999]: No path to next viewpoint[0m
[33m[WARN] [1790605961.807499883, 22.083999999]: Plan fail[0m
[31m[ERROR] [1790605961.824328460, 22.092999999]: No path to next viewpoint[0m
[33m[WARN] [1790605961.825593592, 22.102000000]: Plan fail[0m
[31m[ERROR] [1790605961.838998833, 22.111000000]: No path to next viewpoint[0m
[33m[WARN] [1790605961.839197474, 22.111000000]: Plan fail[0m
[31m[ERROR] [1790605961.840968151, 22.111000000]: No path to next viewpoint[0m
[33m[WARN] [1790605961.842796689, 22.111000000]: Plan fail[0m
[31m[ERROR] [1790605961.874105669, 22.147999999]: No path to next viewpoint[0m
[33m[WARN] [1790605961.874292429, 22.147999999]: Plan fail[0m
[31m[ERROR] [1790605961.888450505, 22.157000000]: No path to next viewpoint[0m
[33m[WARN] [1790605961.889021707, 22.157000000]: Plan fail[0m
[31m[ERROR] [1790605961.899280917, 22.166000000]: No path to next viewpoint[0m
[33m[WARN] [1790605961.900203253, 22.175000000]: Plan fail[0m
[31m[ERROR] [1790605961.919769573, 22.193000000]: No path to next viewpoint[0m
[33m[WARN] [1790605961.919978428, 22.193000000]: Plan fail[0m
[31m[ERROR] [1790605961.931648343, 22.202000000]: No path to next viewpoint[0m
[33m[WARN] [1790605961.931984636, 22.202000000]: Plan fail[0m
[31m[ERROR] [1790605961.936036453, 22.202000000]: No path to next viewpoint[0m
[33m[WARN] [1790605961.936924688, 22.202000000]: Plan fail[0m
[31m[ERROR] [1790605961.962308374, 22.230000000]: No path to next viewpoint[0m
[33m[WARN] [1790605961.962765644, 22.230000000]: Plan fail[0m
[31m[ERROR] [1790605961.977442896, 22.248000000]: No path to next viewpoint[0m
[33m[WARN] [1790605961.977849140, 22.248000000]: Plan fail[0m
[31m[ERROR] [1790605961.981951399, 22.257000000]: No path to next viewpoint[0m
[33m[WARN] [1790605961.982362854, 22.257000000]: Plan fail[0m
[31m[ERROR] [1790605962.001360140, 22.275999999]: No path to next viewpoint[0m
[33m[WARN] [1790605962.001575831, 22.275999999]: Plan fail[0m
[31m[ERROR] [1790605962.016365139, 22.285000000]: No path to next viewpoint[0m
[33m[WARN] [1790605962.016576661, 22.285000000]: Plan fail[0m
[31m[ERROR] [1790605962.022546811, 22.294000000]: No path to next viewpoint[0m
[33m[WARN] [1790605962.022765546, 22.294000000]: Plan fail[0m
[31m[ERROR] [1790605962.031141690, 22.303000000]: No path to next viewpoint[0m
[33m[WARN] [1790605962.031387813, 22.303000000]: Plan fail[0m
[31m[ERROR] [1790605962.045434833, 22.312000000]: No path to next viewpoint[0m
[33m[WARN] [1790605962.045756952, 22.312000000]: Plan fail[0m
[31m[ERROR] [1790605962.059919030, 22.330999999]: No path to next viewpoint[0m
[33m[WARN] [1790605962.060179535, 22.330999999]: Plan fail[0m
[31m[ERROR] [1790605962.061222765, 22.330999999]: No path to next viewpoint[0m
[33m[WARN] [1790605962.061569021, 22.330999999]: Plan fail[0m
[31m[ERROR] [1790605962.077611163, 22.349000000]: No path to next viewpoint[0m
[33m[WARN] [1790605962.077885425, 22.349000000]: Plan fail[0m
[31m[ERROR] [1790605962.092844901, 22.358000000]: No path to next viewpoint[0m
[33m[WARN] [1790605962.093112410, 22.358000000]: Plan fail[0m
[31m[ERROR] [1790605962.099199994, 22.367000000]: No path to next viewpoint[0m
[33m[WARN] [1790605962.099464584, 22.367000000]: Plan fail[0m
[31m[ERROR] [1790605962.105289245, 22.376000000]: No path to next viewpoint[0m
[33m[WARN] [1790605962.105389754, 22.376000000]: Plan fail[0m
[31m[ERROR] [1790605962.118181938, 22.385000000]: No path to next viewpoint[0m
[33m[WARN] [1790605962.118436107, 22.385000000]: Plan fail[0m
[31m[ERROR] [1790605962.131594433, 22.403999999]: No path to next viewpoint[0m
[33m[WARN] [1790605962.131802203, 22.403999999]: Plan fail[0m
[31m[ERROR] [1790605962.149493545, 22.413000000]: No path to next viewpoint[0m
[33m[WARN] [1790605962.150142411, 22.413000000]: Plan fail[0m
[31m[ERROR] [1790605962.162099636, 22.431000000]: No path to next viewpoint[0m
[33m[WARN] [1790605962.162460984, 22.431000000]: Plan fail[0m
[31m[ERROR] [1790605962.171462357, 22.440000000]: No path to next viewpoint[0m
[33m[WARN] [1790605962.171756337, 22.440000000]: Plan fail[0m
[31m[ERROR] [1790605962.184915497, 22.449000000]: No path to next viewpoint[0m
[33m[WARN] [1790605962.185170124, 22.449000000]: Plan fail[0m
[31m[ERROR] [1790605962.203414242, 22.468000000]: No path to next viewpoint[0m
[33m[WARN] [1790605962.203789429, 22.468000000]: Plan fail[0m
[31m[ERROR] [1790605962.208432458, 22.468000000]: No path to next viewpoint[0m
[33m[WARN] [1790605962.208709846, 22.468000000]: Plan fail[0m
[31m[ERROR] [1790605962.224054723, 22.486000000]: No path to next viewpoint[0m
[33m[WARN] [1790605962.224576776, 22.486000000]: Plan fail[0m
[31m[ERROR] [1790605962.238851618, 22.504000000]: No path to next viewpoint[0m
[33m[WARN] [1790605962.239127881, 22.504000000]: Plan fail[0m
[31m[ERROR] [1790605962.243440536, 22.504000000]: No path to next viewpoint[0m
[33m[WARN] [1790605962.243863581, 22.504000000]: Plan fail[0m
[31m[ERROR] [1790605962.257295044, 22.522999999]: No path to next viewpoint[0m
[33m[WARN] [1790605962.257562427, 22.522999999]: Plan fail[0m
[31m[ERROR] [1790605962.271655720, 22.532000000]: No path to next viewpoint[0m
[33m[WARN] [1790605962.272612032, 22.532000000]: Plan fail[0m
[31m[ERROR] [1790605962.285535657, 22.541000000]: No path to next viewpoint[0m
[33m[WARN] [1790605962.285949113, 22.550000000]: Plan fail[0m
[33m[WARN] [1790605962.286416680, 22.550000000]: Pair opt 1 & 2[0m
[31m[ERROR] [1790605962.297792824, 22.559000000]: No path to next viewpoint[0m
[33m[WARN] [1790605962.298541448, 22.559000000]: Plan fail[0m
[31m[ERROR] [1790605962.311704026, 22.568000000]: No path to next viewpoint[0m
[33m[WARN] [1790605962.312213906, 22.568000000]: Plan fail[0m
[31m[ERROR] [1790605962.329465194, 22.586999999]: No path to next viewpoint[0m
[33m[WARN] [1790605962.329682844, 22.586999999]: Plan fail[0m
[33m[WARN] [1790605962.336264092, 22.596000000]: Drone 1 send opt request to 2, pair opt t: 0.046000, allocate t: 0.046000[0m
[31m[ERROR] [1790605962.346428546, 22.605000000]: No path to next viewpoint[0m
[33m[WARN] [1790605962.346843337, 22.605000000]: Plan fail[0m
[31m[ERROR] [1790605962.366931043, 22.623000000]: No path to next viewpoint[0m
[33m[WARN] [1790605962.367105296, 22.623000000]: Plan fail[0m
[31m[ERROR] [1790605962.371802144, 22.632000000]: No path to next viewpoint[0m
[33m[WARN] [1790605962.371996199, 22.632000000]: Plan fail[0m
[33m[WARN] [1790605962.372346958, 22.632000000]: get response 1[0m
[31m[ERROR] [1790605962.390526084, 22.650999999]: No path to next viewpoint[0m
[33m[WARN] [1790605962.391049179, 22.650999999]: Plan fail[0m
[31m[ERROR] [1790605962.402105329, 22.660000000]: No path to next viewpoint[0m
[33m[WARN] [1790605962.402282501, 22.660000000]: Plan fail[0m
[31m[ERROR] [1790605962.414741978, 22.669000000]: No path to next viewpoint[0m
[33m[WARN] [1790605962.415092861, 22.669000000]: Plan fail[0m
[31m[ERROR] [1790605962.432054755, 22.687000000]: No path to next viewpoint[0m
[33m[WARN] [1790605962.432346484, 22.687000000]: Plan fail[0m
[31m[ERROR] [1790605962.432192866, 22.687000000]: No path to next viewpoint[0m
[33m[WARN] [1790605962.432748435, 22.687000000]: Plan fail[0m
[31m[ERROR] [1790605962.449516190, 22.705999999]: No path to next viewpoint[0m
[33m[WARN] [1790605962.449727670, 22.705999999]: Plan fail[0m
[31m[ERROR] [1790605962.463238964, 22.724000000]: No path to next viewpoint[0m
[33m[WARN] [1790605962.463378826, 22.724000000]: Plan fail[0m
[31m[ERROR] [1790605962.465232919, 22.724000000]: No path to next viewpoint[0m
[33m[WARN] [1790605962.465476791, 22.724000000]: Plan fail[0m
[31m[ERROR] [1790605962.483758010, 22.742000000]: No path to next viewpoint[0m
[33m[WARN] [1790605962.483943603, 22.742000000]: Plan fail[0m
[31m[ERROR] [1790605962.490269556, 22.742000000]: No path to next viewpoint[0m
[33m[WARN] [1790605962.490601597, 22.742000000]: Plan fail[0m
[31m[ERROR] [1790605962.502649410, 22.760000000]: No path to next viewpoint[0m
[33m[WARN] [1790605962.502745749, 22.760000000]: Plan fail[0m
[31m[ERROR] [1790605962.516615681, 22.769999999]: No path to next viewpoint[0m
[33m[WARN] [1790605962.516855009, 22.769999999]: Plan fail[0m
[31m[ERROR] [1790605962.516978362, 22.769999999]: No path to next viewpoint[0m
[33m[WARN] [1790605962.518413037, 22.778999999]: Plan fail[0m
[31m[ERROR] [1790605962.542634892, 22.797000000]: No path to next viewpoint[0m
[33m[WARN] [1790605962.542866091, 22.797000000]: Plan fail[0m
[31m[ERROR] [1790605962.547952133, 22.806000000]: No path to next viewpoint[0m
[33m[WARN] [1790605962.548266999, 22.806000000]: Plan fail[0m
[31m[ERROR] [1790605962.567879717, 22.815000000]: No path to next viewpoint[0m
[33m[WARN] [1790605962.568277457, 22.815000000]: Plan fail[0m
[31m[ERROR] [1790605962.579460796, 22.833999999]: No path to next viewpoint[0m
[33m[WARN] [1790605962.579803259, 22.833999999]: Plan fail[0m
[31m[ERROR] [1790605962.591784246, 22.843000000]: No path to next viewpoint[0m
[33m[WARN] [1790605962.591979511, 22.843000000]: Plan fail[0m
[31m[ERROR] [1790605962.611434275, 22.861000000]: No path to next viewpoint[0m
[31m[ERROR] [1790605962.611499974, 22.861000000]: No path to next viewpoint[0m
[33m[WARN] [1790605962.611764190, 22.861000000]: Plan fail[0m
[33m[WARN] [1790605962.612007186, 22.861000000]: Plan fail[0m
[31m[ERROR] [1790605962.630593475, 22.879000000]: No path to next viewpoint[0m
[33m[WARN] [1790605962.631142499, 22.879000000]: Plan fail[0m
[31m[ERROR] [1790605962.641124988, 22.888000000]: No path to next viewpoint[0m
[33m[WARN] [1790605962.641552577, 22.897999999]: Plan fail[0m
[31m[ERROR] [1790605962.656230579, 22.907000000]: No path to next viewpoint[0m
[33m[WARN] [1790605962.656500380, 22.907000000]: Plan fail[0m
[31m[ERROR] [1790605962.671146241, 22.925000000]: No path to next viewpoint[0m
[33m[WARN] [1790605962.671285852, 22.925000000]: Plan fail[0m
[31m[ERROR] [1790605962.678727530, 22.925000000]: No path to next viewpoint[0m
[33m[WARN] [1790605962.680118683, 22.934000000]: Plan fail[0m
[31m[ERROR] [1790605962.699185545, 22.952000000]: No path to next viewpoint[0m
[33m[WARN] [1790605962.699429667, 22.952000000]: Plan fail[0m
[31m[ERROR] [1790605962.700047143, 22.952000000]: No path to next viewpoint[0m
[33m[WARN] [1790605962.700235778, 22.952000000]: Plan fail[0m
[31m[ERROR] [1790605962.717433290, 22.971000000]: No path to next viewpoint[0m
[33m[WARN] [1790605962.717640977, 22.971000000]: Plan fail[0m
[31m[ERROR] [1790605962.731965177, 22.980000000]: No path to next viewpoint[0m
[33m[WARN] [1790605962.732645225, 22.989000000]: Plan fail[0m
[31m[ERROR] [1790605962.738207505, 22.989000000]: No path to next viewpoint[0m
[33m[WARN] [1790605962.738769994, 22.989000000]: Plan fail[0m
[31m[ERROR] [1790605962.760232470, 23.007000000]: No path to next viewpoint[0m
[33m[WARN] [1790605962.760565178, 23.007000000]: Plan fail[0m
[31m[ERROR] [1790605962.767131335, 23.016999999]: No path to next viewpoint[0m
[33m[WARN] [1790605962.767351611, 23.016999999]: Plan fail[0m
[31m[ERROR] [1790605962.779984466, 23.025999999]: No path to next viewpoint[0m
[33m[WARN] [1790605962.780336350, 23.035000000]: Plan fail[0m
[31m[ERROR] [1790605962.796630577, 23.044000000]: No path to next viewpoint[0m
[33m[WARN] [1790605962.796948778, 23.044000000]: Plan fail[0m
[31m[ERROR] [1790605962.800716786, 23.053000000]: No path to next viewpoint[0m
[33m[WARN] [1790605962.800913217, 23.053000000]: Plan fail[0m
[31m[ERROR] [1790605962.821671091, 23.071000000]: No path to next viewpoint[0m
[33m[WARN] [1790605962.821933847, 23.071000000]: Plan fail[0m
[31m[ERROR] [1790605962.829545943, 23.080999999]: No path to next viewpoint[0m
[33m[WARN] [1790605962.830064327, 23.080999999]: Plan fail[0m
[31m[ERROR] [1790605962.840105595, 23.089999999]: No path to next viewpoint[0m
[33m[WARN] [1790605962.840283726, 23.089999999]: Plan fail[0m
[31m[ERROR] [1790605962.862723315, 23.108000000]: No path to next viewpoint[0m
[33m[WARN] [1790605962.863337080, 23.108000000]: Plan fail[0m
[31m[ERROR] [1790605962.865260041, 23.117000000]: No path to next viewpoint[0m
[33m[WARN] [1790605962.865609549, 23.117000000]: Plan fail[0m
[31m[ERROR] [1790605962.882166699, 23.126000000]: No path to next viewpoint[0m
[33m[WARN] [1790605962.882517040, 23.135000000]: Plan fail[0m
[31m[ERROR] [1790605962.896906190, 23.144999999]: No path to next viewpoint[0m
[33m[WARN] [1790605962.897184162, 23.144999999]: Plan fail[0m
[33m[WARN] [1790605962.897449086, 23.144999999]: Pair opt 1 & 2[0m
[31m[ERROR] [1790605962.899984561, 23.144999999]: No path to next viewpoint[0m
[33m[WARN] [1790605962.901181410, 23.144999999]: Plan fail[0m
[31m[ERROR] [1790605962.924543918, 23.172000000]: No path to next viewpoint[0m
[33m[WARN] [1790605962.924803215, 23.172000000]: Plan fail[0m
[31m[ERROR] [1790605962.939067176, 23.190000000]: Larger cost after reallocation[0m
[31m[ERROR] [1790605962.942598399, 23.190000000]: No path to next viewpoint[0m
[33m[WARN] [1790605962.943002601, 23.190000000]: Plan fail[0m
[31m[ERROR] [1790605962.960928351, 23.199000000]: No path to next viewpoint[0m
[33m[WARN] [1790605962.961308917, 23.199000000]: Plan fail[0m
[31m[ERROR] [1790605962.969821713, 23.208999999]: No path to next viewpoint[0m
[33m[WARN] [1790605962.970072213, 23.217999999]: Plan fail[0m
[33m[WARN] [1790605962.971125281, 23.217999999]: Pair opt 1 & 2[0m
[31m[ERROR] [1790605962.984323752, 23.227000000]: No path to next viewpoint[0m
[33m[WARN] [1790605962.984567498, 23.227000000]: Plan fail[0m
[31m[ERROR] [1790605963.005052194, 23.245000000]: No path to next viewpoint[0m
[33m[WARN] [1790605963.005333710, 23.245000000]: Plan fail[0m
[33m[WARN] [1790605963.017410287, 23.263000000]: Drone 1 send opt request to 2, pair opt t: 0.045000, allocate t: 0.036000[0m
[31m[ERROR] [1790605963.024322158, 23.263000000]: No path to next viewpoint[0m
[33m[WARN] [1790605963.024595336, 23.263000000]: Plan fail[0m
[31m[ERROR] [1790605963.041414074, 23.282000000]: No path to next viewpoint[0m
[33m[WARN] [1790605963.041770127, 23.282000000]: Plan fail[0m
[31m[ERROR] [1790605963.048006786, 23.291000000]: No path to next viewpoint[0m
[33m[WARN] [1790605963.048269542, 23.291000000]: Plan fail[0m
[33m[WARN] [1790605963.051177829, 23.291000000]: get response 1[0m
[31m[ERROR] [1790605963.059661402, 23.300000000]: No path to next viewpoint[0m
[33m[WARN] [1790605963.060020456, 23.300000000]: Plan fail[0m
[31m[ERROR] [1790605963.072657563, 23.309000000]: No path to next viewpoint[0m
[33m[WARN] [1790605963.073117043, 23.309000000]: Plan fail[0m
[31m[ERROR] [1790605963.098311134, 23.336999999]: No path to next viewpoint[0m
[33m[WARN] [1790605963.098600737, 23.336999999]: Plan fail[0m
[31m[ERROR] [1790605963.100127458, 23.336999999]: No path to next viewpoint[0m
[33m[WARN] [1790605963.100730593, 23.336999999]: Plan fail[0m
[31m[ERROR] [1790605963.113590353, 23.355000000]: No path to next viewpoint[0m
[33m[WARN] [1790605963.114147173, 23.355000000]: Plan fail[0m
[31m[ERROR] [1790605963.132860358, 23.373000000]: No path to next viewpoint[0m
[33m[WARN] [1790605963.133159007, 23.373000000]: Plan fail[0m
[31m[ERROR] [1790605963.140521937, 23.382000000]: No path to next viewpoint[0m
[33m[WARN] [1790605963.140934726, 23.382000000]: Plan fail[0m
[31m[ERROR] [1790605963.149260054, 23.382000000]: No path to next viewpoint[0m
[33m[WARN] [1790605963.149564831, 23.382000000]: Plan fail[0m
[31m[ERROR] [1790605963.165297068, 23.400999999]: No path to next viewpoint[0m
[33m[WARN] [1790605963.165574957, 23.400999999]: Plan fail[0m
[31m[ERROR] [1790605963.181880981, 23.419000000]: No path to next viewpoint[0m
[33m[WARN] [1790605963.182102758, 23.419000000]: Plan fail[0m
[31m[ERROR] [1790605963.190392026, 23.428000000]: No path to next viewpoint[0m
[33m[WARN] [1790605963.190904490, 23.428000000]: Plan fail[0m
[31m[ERROR] [1790605963.207710056, 23.446000000]: No path to next viewpoint[0m
[33m[WARN] [1790605963.208098083, 23.446000000]: Plan fail[0m
[31m[ERROR] [1790605963.218933456, 23.455999999]: No path to next viewpoint[0m
[33m[WARN] [1790605963.219805517, 23.455999999]: Plan fail[0m
[31m[ERROR] [1790605963.221871883, 23.455999999]: No path to next viewpoint[0m
[33m[WARN] [1790605963.222554182, 23.455999999]: Plan fail[0m
[31m[ERROR] [1790605963.237523663, 23.474000000]: No path to next viewpoint[0m
[33m[WARN] [1790605963.238136261, 23.474000000]: Plan fail[0m
[31m[ERROR] [1790605963.253978720, 23.492000000]: No path to next viewpoint[0m
[33m[WARN] [1790605963.254233347, 23.492000000]: Plan fail[0m
[31m[ERROR] [1790605963.262627834, 23.501000000]: No path to next viewpoint[0m
[33m[WARN] [1790605963.263028284, 23.501000000]: Plan fail[0m
[31m[ERROR] [1790605963.266236388, 23.501000000]: No path to next viewpoint[0m
[33m[WARN] [1790605963.266407431, 23.501000000]: Plan fail[0m
[31m[ERROR] [1790605963.281078555, 23.519999999]: No path to next viewpoint[0m
[33m[WARN] [1790605963.281331932, 23.519999999]: Plan fail[0m
[31m[ERROR] [1790605963.297408674, 23.528999999]: No path to next viewpoint[0m
[33m[WARN] [1790605963.297591307, 23.528999999]: Plan fail[0m
[31m[ERROR] [1790605963.304002595, 23.538000000]: No path to next viewpoint[0m
[33m[WARN] [1790605963.304248884, 23.538000000]: Plan fail[0m
[31m[ERROR] [1790605963.318154751, 23.556000000]: No path to next viewpoint[0m
[33m[WARN] [1790605963.318749256, 23.556000000]: Plan fail[0m
[31m[ERROR] [1790605963.332476366, 23.565000000]: No path to next viewpoint[0m
[33m[WARN] [1790605963.332713776, 23.565000000]: Plan fail[0m
[31m[ERROR] [1790605963.338782226, 23.574000000]: No path to next viewpoint[0m
[33m[WARN] [1790605963.338934469, 23.574000000]: Plan fail[0m
[31m[ERROR] [1790605963.352606093, 23.583999999]: No path to next viewpoint[0m
[33m[WARN] [1790605963.352754417, 23.583999999]: Plan fail[0m
[31m[ERROR] [1790605963.366650069, 23.602000000]: No path to next viewpoint[0m
[33m[WARN] [1790605963.366960308, 23.602000000]: Plan fail[0m
[31m[ERROR] [1790605963.384804059, 23.620000000]: No path to next viewpoint[0m
[33m[WARN] [1790605963.385421242, 23.620000000]: Plan fail[0m
[31m[ERROR] [1790605963.388583239, 23.620000000]: No path to next viewpoint[0m
[33m[WARN] [1790605963.389653149, 23.620000000]: Plan fail[0m
[31m[ERROR] [1790605963.409868168, 23.638000000]: No path to next viewpoint[0m
[33m[WARN] [1790605963.410148391, 23.638000000]: Plan fail[0m
[31m[ERROR] [1790605963.423204583, 23.657000000]: No path to next viewpoint[0m
[33m[WARN] [1790605963.423468881, 23.657000000]: Plan fail[0m
[31m[ERROR] [1790605963.427934655, 23.666000000]: No path to next viewpoint[0m
[33m[WARN] [1790605963.428269781, 23.666000000]: Plan fail[0m
[31m[ERROR] [1790605963.447150716, 23.675000000]: No path to next viewpoint[0m
[33m[WARN] [1790605963.447409804, 23.684000000]: Plan fail[0m
[31m[ERROR] [1790605963.463053122, 23.693000000]: No path to next viewpoint[0m
[31m[ERROR] [1790605963.463166303, 23.693000000]: No path to next viewpoint[0m
[33m[WARN] [1790605963.463425058, 23.693000000]: Plan fail[0m
[33m[WARN] [1790605963.463631578, 23.693000000]: Plan fail[0m
[31m[ERROR] [1790605963.478415341, 23.711999999]: No path to next viewpoint[0m
[33m[WARN] [1790605963.478660505, 23.711999999]: Plan fail[0m
[31m[ERROR] [1790605963.493072833, 23.721000000]: No path to next viewpoint[0m
[33m[WARN] [1790605963.493612686, 23.730000000]: Plan fail[0m
[31m[ERROR] [1790605963.501959315, 23.730000000]: No path to next viewpoint[0m
[33m[WARN] [1790605963.503170170, 23.739000000]: Plan fail[0m
[31m[ERROR] [1790605963.506999793, 23.739000000]: No path to next viewpoint[0m
[33m[WARN] [1790605963.507202644, 23.739000000]: Plan fail[0m
[31m[ERROR] [1790605963.522318657, 23.757000000]: No path to next viewpoint[0m
[33m[WARN] [1790605963.522502373, 23.757000000]: Plan fail[0m
[31m[ERROR] [1790605963.535911658, 23.766999999]: No path to next viewpoint[0m
[33m[WARN] [1790605963.536092665, 23.766999999]: Plan fail[0m
[31m[ERROR] [1790605963.539231651, 23.775999999]: No path to next viewpoint[0m
[33m[WARN] [1790605963.539505662, 23.775999999]: Plan fail[0m
[31m[ERROR] [1790605963.555224435, 23.785000000]: No path to next viewpoint[0m
[33m[WARN] [1790605963.555611503, 23.785000000]: Plan fail[0m
[31m[ERROR] [1790605963.571569353, 23.803000000]: No path to next viewpoint[0m
[33m[WARN] [1790605963.571932826, 23.803000000]: Plan fail[0m
[31m[ERROR] [1790605963.584472218, 23.812000000]: No path to next viewpoint[0m
[33m[WARN] [1790605963.584942036, 23.812000000]: Plan fail[0m
[33m[WARN] [1790605963.585167065, 23.821000000]: Pair opt 1 & 2[0m
[31m[ERROR] [1790605963.595555673, 23.830999999]: No path to next viewpoint[0m
[33m[WARN] [1790605963.595835105, 23.830999999]: Plan fail[0m
[31m[ERROR] [1790605963.614271735, 23.849000000]: No path to next viewpoint[0m
[33m[WARN] [1790605963.614462497, 23.849000000]: Plan fail[0m
[31m[ERROR] [1790605963.627825050, 23.858000000]: No path to next viewpoint[0m
[33m[WARN] [1790605963.628052622, 23.858000000]: Plan fail[0m
[33m[WARN] [1790605963.630281403, 23.858000000]: Drone 1 send opt request to 2, pair opt t: 0.037000, allocate t: 0.037000[0m
[31m[ERROR] [1790605963.642224913, 23.876000000]: No path to next viewpoint[0m
[33m[WARN] [1790605963.643221119, 23.876000000]: Plan fail[0m
[31m[ERROR] [1790605963.666831544, 23.894999999]: No path to next viewpoint[0m
[33m[WARN] [1790605963.667333628, 23.894999999]: Plan fail[0m
[31m[ERROR] [1790605963.685478696, 23.913000000]: No path to next viewpoint[0m
[33m[WARN] [1790605963.687236783, 23.913000000]: Plan fail[0m
[31m[ERROR] [1790605963.698157657, 23.931000000]: No path to next viewpoint[0m
[33m[WARN] [1790605963.698279468, 23.931000000]: Plan fail[0m
[33m[WARN] [1790605963.698510959, 23.931000000]: Pair opt 1 & 2[0m
[31m[ERROR] [1790605963.707848500, 23.940000000]: No path to next viewpoint[0m
[33m[WARN] [1790605963.708092122, 23.940000000]: Plan fail[0m
[31m[ERROR] [1790605963.727623591, 23.958999999]: No path to next viewpoint[0m
[33m[WARN] [1790605963.727912819, 23.958999999]: Plan fail[0m
[31m[ERROR] [1790605963.740642931, 23.968000000]: No path to next viewpoint[0m
[33m[WARN] [1790605963.740953253, 23.968000000]: Plan fail[0m
[33m[WARN] [1790605963.751950165, 23.986000000]: Drone 1 send opt request to 2, pair opt t: 0.055000, allocate t: 0.055000[0m
[31m[ERROR] [1790605963.763051046, 23.995000000]: No path to next viewpoint[0m
[33m[WARN] [1790605963.763430986, 23.995000000]: Plan fail[0m
[33m[WARN] [1790605963.763683612, 23.995000000]: Reject frequent attempt[0m
[31m[ERROR] [1790605963.786256977, 24.013000000]: No path to next viewpoint[0m
[33m[WARN] [1790605963.788113613, 24.013000000]: Plan fail[0m
[31m[ERROR] [1790605963.799047285, 24.022999999]: No path to next viewpoint[0m
[33m[WARN] [1790605963.799266436, 24.022999999]: Plan fail[0m
[33m[WARN] [1790605963.799786738, 24.022999999]: get response 2[0m
[31m[ERROR] [1790605963.806344015, 24.032000000]: No path to next viewpoint[0m
[33m[WARN] [1790605963.806744757, 24.032000000]: Plan fail[0m
[31m[ERROR] [1790605963.821432639, 24.050000000]: No path to next viewpoint[0m
[33m[WARN] [1790605963.822001090, 24.050000000]: Plan fail[0m
[31m[ERROR] [1790605963.838398826, 24.068000000]: No path to next viewpoint[0m
[33m[WARN] [1790605963.838625273, 24.068000000]: Plan fail[0m
[31m[ERROR] [1790605963.840886236, 24.068000000]: No path to next viewpoint[0m
[33m[WARN] [1790605963.841173463, 24.068000000]: Plan fail[0m
[33m[WARN] [1790605963.841349968, 24.068000000]: Pair opt 1 & 2[0m
[31m[ERROR] [1790605963.850751458, 24.077000000]: No path to next viewpoint[0m
[33m[WARN] [1790605963.850946514, 24.077000000]: Plan fail[0m
[31m[ERROR] [1790605963.864295893, 24.096000000]: No path to next viewpoint[0m
[33m[WARN] [1790605963.864687339, 24.096000000]: Plan fail[0m
[31m[ERROR] [1790605963.877802310, 24.105000000]: No path to next viewpoint[0m
[33m[WARN] [1790605963.878017042, 24.105000000]: Plan fail[0m
[31m[ERROR] [1790605963.890047221, 24.114000000]: No path to next viewpoint[0m
[33m[WARN] [1790605963.890303432, 24.114000000]: Plan fail[0m
[31m[ERROR] [1790605963.897202630, 24.123000000]: Larger cost after reallocation[0m
[31m[ERROR] [1790605963.900927533, 24.132000000]: No path to next viewpoint[0m
[33m[WARN] [1790605963.901085070, 24.132000000]: Plan fail[0m
[31m[ERROR] [1790605963.912272411, 24.141999999]: No path to next viewpoint[0m
[33m[WARN] [1790605963.912512573, 24.141999999]: Plan fail[0m
[31m[ERROR] [1790605963.928760234, 24.160000000]: No path to next viewpoint[0m
[33m[WARN] [1790605963.928887715, 24.160000000]: Plan fail[0m
[31m[ERROR] [1790605963.931932153, 24.160000000]: No path to next viewpoint[0m
[33m[WARN] [1790605963.932202121, 24.160000000]: Plan fail[0m
[33m[WARN] [1790605963.933071556, 24.160000000]: Pair opt 1 & 2[0m
[31m[ERROR] [1790605963.941550126, 24.169000000]: No path to next viewpoint[0m
[33m[WARN] [1790605963.942010856, 24.169000000]: Plan fail[0m
[31m[ERROR] [1790605963.958536323, 24.187000000]: No path to next viewpoint[0m
[33m[WARN] [1790605963.958796453, 24.187000000]: Plan fail[0m
[31m[ERROR] [1790605963.970116360, 24.196000000]: No path to next viewpoint[0m
[33m[WARN] [1790605963.970286779, 24.196000000]: Plan fail[0m
[33m[WARN] [1790605963.982293779, 24.205999999]: Drone 1 send opt request to 2, pair opt t: 0.046000, allocate t: 0.036000[0m
[31m[ERROR] [1790605964.004140364, 24.224000000]: No path to next viewpoint[0m
[33m[WARN] [1790605964.004480242, 24.224000000]: Plan fail[0m
[31m[ERROR] [1790605964.024731446, 24.242000000]: No path to next viewpoint[0m
[33m[WARN] [1790605964.025232071, 24.242000000]: Plan fail[0m
[31m[ERROR] [1790605964.034090123, 24.251000000]: No path to next viewpoint[0m
[33m[WARN] [1790605964.036350503, 24.251000000]: Plan fail[0m
[33m[WARN] [1790605964.041486611, 24.260000000]: get response 1[0m
[31m[ERROR] [1790605964.082420610, 24.297000000]: No path to next viewpoint[0m
[33m[WARN] [1790605964.084264072, 24.297000000]: Plan fail[0m
[31m[ERROR] [1790605964.105225590, 24.315000000]: No path to next viewpoint[0m
[33m[WARN] [1790605964.105423397, 24.315000000]: Plan fail[0m
[31m[ERROR] [1790605964.106453161, 24.315000000]: No path to next viewpoint[0m
[33m[WARN] [1790605964.106751477, 24.315000000]: Plan fail[0m
[31m[ERROR] [1790605964.129178935, 24.333999999]: No path to next viewpoint[0m
[33m[WARN] [1790605964.129478085, 24.333999999]: Plan fail[0m
[31m[ERROR] [1790605964.147749341, 24.352000000]: No path to next viewpoint[0m
[33m[WARN] [1790605964.148081340, 24.352000000]: Plan fail[0m
[31m[ERROR] [1790605964.148096348, 24.352000000]: No path to next viewpoint[0m
[33m[WARN] [1790605964.148811413, 24.352000000]: Plan fail[0m
[31m[ERROR] [1790605964.168312159, 24.370000000]: No path to next viewpoint[0m
[33m[WARN] [1790605964.168572164, 24.370000000]: Plan fail[0m
[31m[ERROR] [1790605964.190427336, 24.388000000]: No path to next viewpoint[0m
[33m[WARN] [1790605964.190683797, 24.388000000]: Plan fail[0m
[31m[ERROR] [1790605964.199069113, 24.397999999]: No path to next viewpoint[0m
[33m[WARN] [1790605964.199199553, 24.397999999]: Plan fail[0m
[31m[ERROR] [1790605964.206941631, 24.407000000]: No path to next viewpoint[0m
[33m[WARN] [1790605964.207099209, 24.407000000]: Plan fail[0m
[31m[ERROR] [1790605964.227464178, 24.425000000]: No path to next viewpoint[0m
[33m[WARN] [1790605964.227734272, 24.425000000]: Plan fail[0m
[31m[ERROR] [1790605964.246011531, 24.443000000]: No path to next viewpoint[0m
[33m[WARN] [1790605964.246330732, 24.443000000]: Plan fail[0m
[31m[ERROR] [1790605964.247079273, 24.443000000]: No path to next viewpoint[0m
[33m[WARN] [1790605964.247336401, 24.443000000]: Plan fail[0m
[31m[ERROR] [1790605964.265232136, 24.452000000]: No path to next viewpoint[0m
[33m[WARN] [1790605964.265433820, 24.452000000]: Plan fail[0m
[31m[ERROR] [1790605964.284498640, 24.480000000]: No path to next viewpoint[0m
[33m[WARN] [1790605964.285450699, 24.480000000]: Plan fail[0m
[31m[ERROR] [1790605964.294551414, 24.489000000]: No path to next viewpoint[0m
[33m[WARN] [1790605964.295119573, 24.489000000]: Plan fail[0m
[31m[ERROR] [1790605964.302739047, 24.498000000]: No path to next viewpoint[0m
[33m[WARN] [1790605964.303099811, 24.498000000]: Plan fail[0m
[31m[ERROR] [1790605964.328884405, 24.525999999]: No path to next viewpoint[0m
[33m[WARN] [1790605964.329273141, 24.525999999]: Plan fail[0m
[31m[ERROR] [1790605964.336737246, 24.525999999]: No path to next viewpoint[0m
[33m[WARN] [1790605964.337036521, 24.525999999]: Plan fail[0m
[31m[ERROR] [1790605964.346027722, 24.535000000]: No path to next viewpoint[0m
[33m[WARN] [1790605964.346324537, 24.535000000]: Plan fail[0m
[31m[ERROR] [1790605964.362686673, 24.553000000]: No path to next viewpoint[0m
[33m[WARN] [1790605964.362904615, 24.553000000]: Plan fail[0m
[31m[ERROR] [1790605964.372482777, 24.562000000]: No path to next viewpoint[0m
[33m[WARN] [1790605964.372739780, 24.562000000]: Plan fail[0m
[31m[ERROR] [1790605964.377809730, 24.571000000]: No path to next viewpoint[0m
[33m[WARN] [1790605964.378057938, 24.571000000]: Plan fail[0m
[31m[ERROR] [1790605964.395282587, 24.580999999]: No path to next viewpoint[0m
[33m[WARN] [1790605964.395809517, 24.580999999]: Plan fail[0m
[31m[ERROR] [1790605964.413274954, 24.608000000]: No path to next viewpoint[0m
[31m[ERROR] [1790605964.413308679, 24.608000000]: No path to next viewpoint[0m
[33m[WARN] [1790605964.413517951, 24.608000000]: Plan fail[0m
[33m[WARN] [1790605964.413876713, 24.608000000]: Plan fail[0m
[31m[ERROR] [1790605964.431057216, 24.617000000]: No path to next viewpoint[0m
[33m[WARN] [1790605964.431413227, 24.617000000]: Plan fail[0m
[31m[ERROR] [1790605964.450840936, 24.635000000]: No path to next viewpoint[0m
[33m[WARN] [1790605964.451051208, 24.635000000]: Plan fail[0m
[31m[ERROR] [1790605964.456195154, 24.644999999]: No path to next viewpoint[0m
[33m[WARN] [1790605964.456401465, 24.644999999]: Plan fail[0m
[31m[ERROR] [1790605964.464526984, 24.653999999]: No path to next viewpoint[0m
[33m[WARN] [1790605964.464798953, 24.653999999]: Plan fail[0m
[31m[ERROR] [1790605964.486311913, 24.672000000]: No path to next viewpoint[0m
[33m[WARN] [1790605964.486605393, 24.672000000]: Plan fail[0m
[31m[ERROR] [1790605964.498752838, 24.681000000]: No path to next viewpoint[0m
[33m[WARN] [1790605964.499023974, 24.681000000]: Plan fail[0m
[31m[ERROR] [1790605964.500483203, 24.690000000]: No path to next viewpoint[0m
[33m[WARN] [1790605964.500752254, 24.690000000]: Plan fail[0m
[31m[ERROR] [1790605964.519965023, 24.708999999]: No path to next viewpoint[0m
[33m[WARN] [1790605964.520400574, 24.708999999]: Plan fail[0m
[31m[ERROR] [1790605964.535391357, 24.718000000]: No path to next viewpoint[0m
[33m[WARN] [1790605964.535672039, 24.718000000]: Plan fail[0m
[31m[ERROR] [1790605964.536982694, 24.718000000]: No path to next viewpoint[0m
[33m[WARN] [1790605964.537202887, 24.718000000]: Plan fail[0m
[31m[ERROR] [1790605964.551027713, 24.736000000]: No path to next viewpoint[0m
[33m[WARN] [1790605964.551190961, 24.736000000]: Plan fail[0m
[31m[ERROR] [1790605964.570413359, 24.754000000]: No path to next viewpoint[0m
[33m[WARN] [1790605964.570855789, 24.754000000]: Plan fail[0m
[31m[ERROR] [1790605964.578647724, 24.763000000]: No path to next viewpoint[0m
[33m[WARN] [1790605964.578958380, 24.763000000]: Plan fail[0m
[33m[WARN] [1790605964.579110331, 24.763000000]: Pair opt 1 & 2[0m
[31m[ERROR] [1790605964.585125003, 24.763000000]: No path to next viewpoint[0m
[33m[WARN] [1790605964.585666857, 24.763000000]: Plan fail[0m
[31m[ERROR] [1790605964.600841149, 24.782000000]: No path to next viewpoint[0m
[33m[WARN] [1790605964.601072139, 24.782000000]: Plan fail[0m
[31m[ERROR] [1790605964.619011563, 24.800000000]: No path to next viewpoint[0m
[33m[WARN] [1790605964.619370951, 24.800000000]: Plan fail[0m
[31m[ERROR] [1790605964.637072380, 24.818000000]: No path to next viewpoint[0m
[33m[WARN] [1790605964.637596809, 24.818000000]: Plan fail[0m
[31m[ERROR] [1790605964.638855146, 24.818000000]: Larger cost after reallocation[0m
[31m[ERROR] [1790605964.671011175, 24.846000000]: No path to next viewpoint[0m
[33m[WARN] [1790605964.671427633, 24.846000000]: Plan fail[0m
[31m[ERROR] [1790605964.687219733, 24.864000000]: No path to next viewpoint[0m
[33m[WARN] [1790605964.687600007, 24.864000000]: Plan fail[0m
[33m[WARN] [1790605964.690928795, 24.873000000]: Pair opt 1 & 2[0m
[31m[ERROR] [1790605964.692812445, 24.873000000]: No path to next viewpoint[0m
[33m[WARN] [1790605964.693251039, 24.873000000]: Plan fail[0m
[31m[ERROR] [1790605964.708163700, 24.882000000]: No path to next viewpoint[0m
[33m[WARN] [1790605964.708365926, 24.882000000]: Plan fail[0m
[31m[ERROR] [1790605964.723010578, 24.900999999]: No path to next viewpoint[0m
[33m[WARN] [1790605964.723440293, 24.900999999]: Plan fail[0m
[33m[WARN] [1790605964.735365586, 24.910000000]: Drone 1 send opt request to 2, pair opt t: 0.037000, allocate t: 0.037000[0m
[31m[ERROR] [1790605964.739971971, 24.919000000]: No path to next viewpoint[0m
[33m[WARN] [1790605964.740216802, 24.919000000]: Plan fail[0m
[31m[ERROR] [1790605964.760942743, 24.937000000]: No path to next viewpoint[0m
[33m[WARN] [1790605964.761283830, 24.937000000]: Plan fail[0m
[31m[ERROR] [1790605964.778443614, 24.955999999]: No path to next viewpoint[0m
[31m[ERROR] [1790605964.778727881, 24.955999999]: No path to next viewpoint[0m
[33m[WARN] [1790605964.778980716, 24.955999999]: Plan fail[0m
[33m[WARN] [1790605964.778735718, 24.955999999]: Plan fail[0m
[33m[WARN] [1790605964.779788703, 24.955999999]: get response 1[0m
[31m[ERROR] [1790605964.796910510, 24.974000000]: No path to next viewpoint[0m
[33m[WARN] [1790605964.797111610, 24.974000000]: Plan fail[0m
[31m[ERROR] [1790605964.798053456, 24.974000000]: No path to next viewpoint[0m
[33m[WARN] [1790605964.799015895, 24.974000000]: Plan fail[0m
[31m[ERROR] [1790605964.813792321, 24.992000000]: No path to next viewpoint[0m
[33m[WARN] [1790605964.814107896, 24.992000000]: Plan fail[0m
[31m[ERROR] [1790605964.814913006, 24.992000000]: No path to next viewpoint[0m
[33m[WARN] [1790605964.815261681, 24.992000000]: Plan fail[0m
[31m[ERROR] [1790605964.834417879, 25.010000000]: No path to next viewpoint[0m
[33m[WARN] [1790605964.834722239, 25.010000000]: Plan fail[0m
[31m[ERROR] [1790605964.836688597, 25.010000000]: No path to next viewpoint[0m
[33m[WARN] [1790605964.837072205, 25.010000000]: Plan fail[0m
[31m[ERROR] [1790605964.853811029, 25.028999999]: No path to next viewpoint[0m
[33m[WARN] [1790605964.853970859, 25.028999999]: Plan fail[0m
[31m[ERROR] [1790605964.856985449, 25.038000000]: No path to next viewpoint[0m
[33m[WARN] [1790605964.857561195, 25.038000000]: Plan fail[0m
[31m[ERROR] [1790605964.875008206, 25.056000000]: No path to next viewpoint[0m
[33m[WARN] [1790605964.875300769, 25.056000000]: Plan fail[0m
[31m[ERROR] [1790605964.880475438, 25.056000000]: No path to next viewpoint[0m
[33m[WARN] [1790605964.880649650, 25.056000000]: Plan fail[0m
[31m[ERROR] [1790605964.891754033, 25.065000000]: No path to next viewpoint[0m
[33m[WARN] [1790605964.891968723, 25.074000000]: Plan fail[0m
[31m[ERROR] [1790605964.903959049, 25.083999999]: No path to next viewpoint[0m
[33m[WARN] [1790605964.904128383, 25.083999999]: Plan fail[0m
[31m[ERROR] [1790605964.906775832, 25.083999999]: No path to next viewpoint[0m
[33m[WARN] [1790605964.907823022, 25.083999999]: Plan fail[0m
[31m[ERROR] [1790605964.927962920, 25.102000000]: No path to next viewpoint[0m
[31m[ERROR] [1790605964.928116788, 25.102000000]: No path to next viewpoint[0m
[33m[WARN] [1790605964.929533705, 25.102000000]: Plan fail[0m
[33m[WARN] [1790605964.928881379, 25.102000000]: Plan fail[0m
[31m[ERROR] [1790605964.967638164, 25.138000000]: No path to next viewpoint[0m
[33m[WARN] [1790605964.968296868, 25.138000000]: Plan fail[0m
[31m[ERROR] [1790605964.967973457, 25.138000000]: No path to next viewpoint[0m
[33m[WARN] [1790605964.970747343, 25.147999999]: Plan fail[0m
[31m[ERROR] [1790605965.001238456, 25.175000000]: No path to next viewpoint[0m
[33m[WARN] [1790605965.002529351, 25.175000000]: Plan fail[0m
[31m[ERROR] [1790605965.004817328, 25.175000000]: No path to next viewpoint[0m
[33m[WARN] [1790605965.005206647, 25.175000000]: Plan fail[0m
[31m[ERROR] [1790605965.022287725, 25.193000000]: No path to next viewpoint[0m
[33m[WARN] [1790605965.022993661, 25.193000000]: Plan fail[0m
[31m[ERROR] [1790605965.028876101, 25.202000000]: No path to next viewpoint[0m
[33m[WARN] [1790605965.029231404, 25.202000000]: Plan fail[0m
[31m[ERROR] [1790605965.064389391, 25.230000000]: No path to next viewpoint[0m
[33m[WARN] [1790605965.066455090, 25.239000000]: Plan fail[0m
[31m[ERROR] [1790605965.069790507, 25.239000000]: No path to next viewpoint[0m
[33m[WARN] [1790605965.070236896, 25.239000000]: Plan fail[0m
[31m[ERROR] [1790605965.095645719, 25.266999999]: No path to next viewpoint[0m
[33m[WARN] [1790605965.095991225, 25.266999999]: Plan fail[0m
[31m[ERROR] [1790605965.102834687, 25.275999999]: No path to next viewpoint[0m
[33m[WARN] [1790605965.103057840, 25.275999999]: Plan fail[0m
[31m[ERROR] [1790605965.119439610, 25.285000000]: No path to next viewpoint[0m
[33m[WARN] [1790605965.119908720, 25.285000000]: Plan fail[0m
[31m[ERROR] [1790605965.131158008, 25.294000000]: No path to next viewpoint[0m
[33m[WARN] [1790605965.131751263, 25.294000000]: Plan fail[0m
[31m[ERROR] [1790605965.138146126, 25.303000000]: No path to next viewpoint[0m
[33m[WARN] [1790605965.138300411, 25.303000000]: Plan fail[0m
[31m[ERROR] [1790605965.152267891, 25.312000000]: No path to next viewpoint[0m
[33m[WARN] [1790605965.152666132, 25.312000000]: Plan fail[0m
[31m[ERROR] [1790605965.160541151, 25.321000000]: No path to next viewpoint[0m
[33m[WARN] [1790605965.161162420, 25.321000000]: Plan fail[0m
[31m[ERROR] [1790605965.173483452, 25.330999999]: No path to next viewpoint[0m
[33m[WARN] [1790605965.173832835, 25.330999999]: Plan fail[0m
[31m[ERROR] [1790605965.176055196, 25.330999999]: No path to next viewpoint[0m
[33m[WARN] [1790605965.176312533, 25.330999999]: Plan fail[0m
[31m[ERROR] [1790605965.194376268, 25.349000000]: No path to next viewpoint[0m
[33m[WARN] [1790605965.194670791, 25.349000000]: Plan fail[0m
[31m[ERROR] [1790605965.195949138, 25.349000000]: No path to next viewpoint[0m
[33m[WARN] [1790605965.196256333, 25.349000000]: Plan fail[0m
[31m[ERROR] [1790605965.213288470, 25.367000000]: No path to next viewpoint[0m
[33m[WARN] [1790605965.213647066, 25.367000000]: Plan fail[0m
[31m[ERROR] [1790605965.214206679, 25.367000000]: No path to next viewpoint[0m
[33m[WARN] [1790605965.214586785, 25.367000000]: Plan fail[0m
[31m[ERROR] [1790605965.231486981, 25.385000000]: No path to next viewpoint[0m
[33m[WARN] [1790605965.231684455, 25.385000000]: Plan fail[0m
[31m[ERROR] [1790605965.234817104, 25.385000000]: No path to next viewpoint[0m
[33m[WARN] [1790605965.235015703, 25.385000000]: Plan fail[0m
[31m[ERROR] [1790605965.249782583, 25.394999999]: No path to next viewpoint[0m
[33m[WARN] [1790605965.250113373, 25.403999999]: Plan fail[0m
[31m[ERROR] [1790605965.253336400, 25.403999999]: No path to next viewpoint[0m
[33m[WARN] [1790605965.254017116, 25.403999999]: Plan fail[0m
[31m[ERROR] [1790605965.268943950, 25.413000000]: No path to next viewpoint[0m
[33m[WARN] [1790605965.269066136, 25.413000000]: Plan fail[0m
[31m[ERROR] [1790605965.279518818, 25.422000000]: No path to next viewpoint[0m
[33m[WARN] [1790605965.280006812, 25.422000000]: Plan fail[0m
[31m[ERROR] [1790605965.287452241, 25.422000000]: No path to next viewpoint[0m
[33m[WARN] [1790605965.287653801, 25.422000000]: Plan fail[0m
[31m[ERROR] [1790605965.304830385, 25.440000000]: No path to next viewpoint[0m
[33m[WARN] [1790605965.305305414, 25.440000000]: Plan fail[0m
[31m[ERROR] [1790605965.310726915, 25.440000000]: No path to next viewpoint[0m
[33m[WARN] [1790605965.311502427, 25.449000000]: Plan fail[0m
[31m[ERROR] [1790605965.325595845, 25.458999999]: No path to next viewpoint[0m
[33m[WARN] [1790605965.326028562, 25.458999999]: Plan fail[0m
[31m[ERROR] [1790605965.326796487, 25.458999999]: No path to next viewpoint[0m
[33m[WARN] [1790605965.327318331, 25.458999999]: Plan fail[0m
[31m[ERROR] [1790605965.344692806, 25.477000000]: No path to next viewpoint[0m
[33m[WARN] [1790605965.345001835, 25.477000000]: Plan fail[0m
[33m[WARN] [1790605965.345236244, 25.477000000]: Pair opt 1 & 2[0m
[31m[ERROR] [1790605965.351959437, 25.486000000]: No path to next viewpoint[0m
[33m[WARN] [1790605965.352140611, 25.486000000]: Plan fail[0m
[31m[ERROR] [1790605965.368828159, 25.495000000]: No path to next viewpoint[0m
[33m[WARN] [1790605965.368953305, 25.495000000]: Plan fail[0m
[31m[ERROR] [1790605965.387971684, 25.522999999]: No path to next viewpoint[0m
[33m[WARN] [1790605965.388390310, 25.522999999]: Plan fail[0m
[31m[ERROR] [1790605965.405233603, 25.541000000]: Larger cost after reallocation[0m
[31m[ERROR] [1790605965.412801010, 25.541000000]: No path to next viewpoint[0m
[33m[WARN] [1790605965.413074813, 25.541000000]: Plan fail[0m
[31m[ERROR] [1790605965.420213631, 25.550000000]: No path to next viewpoint[0m
[33m[WARN] [1790605965.420327396, 25.550000000]: Plan fail[0m
[33m[WARN] [1790605965.420568975, 25.550000000]: Pair opt 1 & 2[0m
[31m[ERROR] [1790605965.434410684, 25.559000000]: No path to next viewpoint[0m
[33m[WARN] [1790605965.434774491, 25.559000000]: Plan fail[0m
[31m[ERROR] [1790605965.456086642, 25.577000000]: No path to next viewpoint[0m
[33m[WARN] [1790605965.456232256, 25.577000000]: Plan fail[0m
[31m[ERROR] [1790605965.472458824, 25.596000000]: No path to next viewpoint[0m
[33m[WARN] [1790605965.472610733, 25.596000000]: Plan fail[0m
[31m[ERROR] [1790605965.483535693, 25.605000000]: Larger cost after reallocation[0m
[31m[ERROR] [1790605965.492545862, 25.614000000]: No path to next viewpoint[0m
[33m[WARN] [1790605965.492739417, 25.614000000]: Plan fail[0m
[31m[ERROR] [1790605965.503442099, 25.623000000]: No path to next viewpoint[0m
[33m[WARN] [1790605965.503772389, 25.623000000]: Plan fail[0m
[33m[WARN] [1790605965.504800653, 25.623000000]: Pair opt 1 & 2[0m
[31m[ERROR] [1790605965.517583250, 25.632000000]: No path to next viewpoint[0m
[33m[WARN] [1790605965.518026096, 25.632000000]: Plan fail[0m
[31m[ERROR] [1790605965.534607966, 25.650999999]: No path to next viewpoint[0m
[33m[WARN] [1790605965.534854047, 25.650999999]: Plan fail[0m
[31m[ERROR] [1790605965.556060020, 25.669000000]: Larger cost after reallocation[0m
[31m[ERROR] [1790605965.558458927, 25.669000000]: No path to next viewpoint[0m
[33m[WARN] [1790605965.558936249, 25.669000000]: Plan fail[0m
[31m[ERROR] [1790605965.574382385, 25.687000000]: No path to next viewpoint[0m
[33m[WARN] [1790605965.574693040, 25.687000000]: Plan fail[0m
[33m[WARN] [1790605965.578210882, 25.696000000]: Pair opt 1 & 2[0m
[31m[ERROR] [1790605965.580835026, 25.696000000]: No path to next viewpoint[0m
[33m[WARN] [1790605965.581332317, 25.696000000]: Plan fail[0m
[31m[ERROR] [1790605965.602159058, 25.714999999]: No path to next viewpoint[0m
[33m[WARN] [1790605965.602574933, 25.714999999]: Plan fail[0m
[31m[ERROR] [1790605965.622162722, 25.733000000]: No path to next viewpoint[0m
[33m[WARN] [1790605965.622397589, 25.733000000]: Plan fail[0m
[31m[ERROR] [1790605965.623299832, 25.733000000]: Larger cost after reallocation[0m
[31m[ERROR] [1790605965.639316336, 25.751000000]: No path to next viewpoint[0m
[33m[WARN] [1790605965.639549202, 25.751000000]: Plan fail[0m
[33m[WARN] [1790605965.639790323, 25.751000000]: Pair opt 1 & 2[0m
[31m[ERROR] [1790605965.640749635, 25.751000000]: No path to next viewpoint[0m
[33m[WARN] [1790605965.641027524, 25.751000000]: Plan fail[0m
[31m[ERROR] [1790605965.662241126, 25.769999999]: No path to next viewpoint[0m
[33m[WARN] [1790605965.662536732, 25.769999999]: Plan fail[0m
[31m[ERROR] [1790605965.683275596, 25.778999999]: No path to next viewpoint[0m
[33m[WARN] [1790605965.683540937, 25.788000000]: Plan fail[0m
[31m[ERROR] [1790605965.693717148, 25.797000000]: Larger cost after reallocation[0m
[31m[ERROR] [1790605965.702779176, 25.806000000]: No path to next viewpoint[0m
[33m[WARN] [1790605965.702992575, 25.806000000]: Plan fail[0m
[31m[ERROR] [1790605965.708684252, 25.806000000]: No path to next viewpoint[0m
[33m[WARN] [1790605965.708913617, 25.806000000]: Plan fail[0m
[33m[WARN] [1790605965.709186253, 25.806000000]: Pair opt 1 & 2[0m
[31m[ERROR] [1790605965.728467556, 25.824000000]: No path to next viewpoint[0m
[33m[WARN] [1790605965.728789675, 25.824000000]: Plan fail[0m
[31m[ERROR] [1790605965.749918443, 25.852000000]: No path to next viewpoint[0m
[33m[WARN] [1790605965.750198291, 25.852000000]: Plan fail[0m
[31m[ERROR] [1790605965.759691994, 25.861000000]: Larger cost after reallocation[0m
[31m[ERROR] [1790605965.770775074, 25.870000000]: No path to next viewpoint[0m
[33m[WARN] [1790605965.771012818, 25.870000000]: Plan fail[0m
[31m[ERROR] [1790605965.780363199, 25.879000000]: No path to next viewpoint[0m
[33m[WARN] [1790605965.780569677, 25.879000000]: Plan fail[0m
[33m[WARN] [1790605965.783191779, 25.879000000]: Pair opt 1 & 2[0m
[31m[ERROR] [1790605965.789765189, 25.888000000]: No path to next viewpoint[0m
[33m[WARN] [1790605965.790030197, 25.888000000]: Plan fail[0m
[31m[ERROR] [1790605965.809016727, 25.907000000]: No path to next viewpoint[0m
[33m[WARN] [1790605965.809293073, 25.907000000]: Plan fail[0m
[31m[ERROR] [1790605965.825452524, 25.925000000]: No path to next viewpoint[0m
[33m[WARN] [1790605965.825786358, 25.925000000]: Plan fail[0m
[31m[ERROR] [1790605965.835310659, 25.934000000]: Larger cost after reallocation[0m
[31m[ERROR] [1790605965.843207105, 25.943000000]: No path to next viewpoint[0m
[33m[WARN] [1790605965.844012758, 25.943000000]: Plan fail[0m
[31m[ERROR] [1790605965.853260171, 25.952000000]: No path to next viewpoint[0m
[33m[WARN] [1790605965.853483908, 25.952000000]: Plan fail[0m
[33m[WARN] [1790605965.853821577, 25.952000000]: Pair opt 1 & 2[0m
[31m[ERROR] [1790605965.865428294, 25.961999999]: No path to next viewpoint[0m
[33m[WARN] [1790605965.865728819, 25.961999999]: Plan fail[0m
[31m[ERROR] [1790605965.883285051, 25.980000000]: No path to next viewpoint[0m
[33m[WARN] [1790605965.883514332, 25.980000000]: Plan fail[0m
[31m[ERROR] [1790605965.900173408, 25.998000000]: No path to next viewpoint[0m
[33m[WARN] [1790605965.900382429, 25.998000000]: Plan fail[0m
[31m[ERROR] [1790605965.903713677, 25.998000000]: Larger cost after reallocation[0m
[31m[ERROR] [1790605965.923832231, 26.016999999]: No path to next viewpoint[0m
[33m[WARN] [1790605965.924322101, 26.025999999]: Plan fail[0m
[33m[WARN] [1790605965.924950165, 26.025999999]: Pair opt 1 & 2[0m
[31m[ERROR] [1790605965.926264655, 26.025999999]: No path to next viewpoint[0m
[33m[WARN] [1790605965.927261778, 26.025999999]: Plan fail[0m
[31m[ERROR] [1790605965.950515775, 26.044000000]: No path to next viewpoint[0m
[33m[WARN] [1790605965.951192696, 26.044000000]: Plan fail[0m
[31m[ERROR] [1790605965.972849644, 26.071000000]: No path to next viewpoint[0m
[33m[WARN] [1790605965.973277108, 26.071000000]: Plan fail[0m
[31m[ERROR] [1790605965.977017686, 26.071000000]: Larger cost after reallocation[0m
[31m[ERROR] [1790605965.993366314, 26.089999999]: No path to next viewpoint[0m
[33m[WARN] [1790605965.993565914, 26.089999999]: Plan fail[0m
[31m[ERROR] [1790605965.995812954, 26.089999999]: No path to next viewpoint[0m
[33m[WARN] [1790605965.996226368, 26.089999999]: Plan fail[0m
[33m[WARN] [1790605965.996567998, 26.099000000]: Pair opt 1 & 2[0m
[31m[ERROR] [1790605966.014570244, 26.108000000]: No path to next viewpoint[0m
[33m[WARN] [1790605966.014901076, 26.108000000]: Plan fail[0m
[31m[ERROR] [1790605966.035751079, 26.135000000]: No path to next viewpoint[0m
[33m[WARN] [1790605966.035941258, 26.135000000]: Plan fail[0m
[31m[ERROR] [1790605966.050611422, 26.144999999]: Larger cost after reallocation[0m
[31m[ERROR] [1790605966.055592620, 26.153999999]: No path to next viewpoint[0m
[33m[WARN] [1790605966.055805977, 26.153999999]: Plan fail[0m
[31m[ERROR] [1790605966.072403396, 26.172000000]: No path to next viewpoint[0m
[33m[WARN] [1790605966.072769371, 26.172000000]: Plan fail[0m
[33m[WARN] [1790605966.073012075, 26.172000000]: Pair opt 1 & 2[0m
[31m[ERROR] [1790605966.076901061, 26.172000000]: No path to next viewpoint[0m
[33m[WARN] [1790605966.077292631, 26.172000000]: Plan fail[0m
[31m[ERROR] [1790605966.099739599, 26.190000000]: No path to next viewpoint[0m
[33m[WARN] [1790605966.100725467, 26.199000000]: Plan fail[0m
[31m[ERROR] [1790605966.127193694, 26.227000000]: Larger cost after reallocation[0m
[31m[ERROR] [1790605966.129049038, 26.227000000]: No path to next viewpoint[0m
[33m[WARN] [1790605966.129486924, 26.227000000]: Plan fail[0m
[31m[ERROR] [1790605966.144786778, 26.236000000]: No path to next viewpoint[0m
[33m[WARN] [1790605966.145112358, 26.245000000]: Plan fail[0m
[33m[WARN] [1790605966.147646499, 26.245000000]: Pair opt 1 & 2[0m
[31m[ERROR] [1790605966.149787736, 26.245000000]: No path to next viewpoint[0m
[33m[WARN] [1790605966.150110772, 26.245000000]: Plan fail[0m
[31m[ERROR] [1790605966.168215987, 26.263000000]: No path to next viewpoint[0m
[33m[WARN] [1790605966.168527768, 26.263000000]: Plan fail[0m
[31m[ERROR] [1790605966.193206184, 26.291000000]: No path to next viewpoint[0m
[33m[WARN] [1790605966.193590585, 26.291000000]: Plan fail[0m
[31m[ERROR] [1790605966.196209393, 26.291000000]: Larger cost after reallocation[0m
[31m[ERROR] [1790605966.213708680, 26.309000000]: No path to next viewpoint[0m
[31m[ERROR] [1790605966.213910031, 26.309000000]: No path to next viewpoint[0m
[33m[WARN] [1790605966.214152861, 26.309000000]: Plan fail[0m
[33m[WARN] [1790605966.213911323, 26.309000000]: Plan fail[0m
[33m[WARN] [1790605966.214945924, 26.309000000]: Pair opt 1 & 2[0m
[31m[ERROR] [1790605966.228744111, 26.327000000]: No path to next viewpoint[0m
[33m[WARN] [1790605966.228994820, 26.327000000]: Plan fail[0m
[31m[ERROR] [1790605966.249659063, 26.346000000]: No path to next viewpoint[0m
[33m[WARN] [1790605966.250021494, 26.346000000]: Plan fail[0m
[33m[WARN] [1790605966.264548171, 26.364000000]: Drone 1 send opt request to 2, pair opt t: 0.055000, allocate t: 0.046000[0m
[31m[ERROR] [1790605966.265850322, 26.364000000]: No path to next viewpoint[0m
[33m[WARN] [1790605966.266139925, 26.364000000]: Plan fail[0m
[31m[ERROR] [1790605966.281204578, 26.373000000]: No path to next viewpoint[0m
[33m[WARN] [1790605966.281394923, 26.373000000]: Plan fail[0m
[31m[ERROR] [1790605966.281544998, 26.373000000]: No path to next viewpoint[0m
[33m[WARN] [1790605966.281890087, 26.373000000]: Plan fail[0m
[33m[WARN] [1790605966.282289662, 26.373000000]: get response 1[0m
[31m[ERROR] [1790605966.312007389, 26.410000000]: No path to next viewpoint[0m
[33m[WARN] [1790605966.312300410, 26.410000000]: Plan fail[0m
[31m[ERROR] [1790605966.328914755, 26.419000000]: No path to next viewpoint[0m
[33m[WARN] [1790605966.329757217, 26.419000000]: Plan fail[0m
[31m[ERROR] [1790605966.340203480, 26.437000000]: No path to next viewpoint[0m
[33m[WARN] [1790605966.340454230, 26.437000000]: Plan fail[0m
[31m[ERROR] [1790605966.359956018, 26.455999999]: No path to next viewpoint[0m
[33m[WARN] [1790605966.360232614, 26.455999999]: Plan fail[0m
[31m[ERROR] [1790605966.361878437, 26.455999999]: No path to next viewpoint[0m
[33m[WARN] [1790605966.362389525, 26.455999999]: Plan fail[0m
[31m[ERROR] [1790605966.383641980, 26.474000000]: No path to next viewpoint[0m
[33m[WARN] [1790605966.383827322, 26.474000000]: Plan fail[0m
[31m[ERROR] [1790605966.387506077, 26.483000000]: No path to next viewpoint[0m
[33m[WARN] [1790605966.387658945, 26.483000000]: Plan fail[0m
[31m[ERROR] [1790605966.401594660, 26.492000000]: No path to next viewpoint[0m
[33m[WARN] [1790605966.402081862, 26.492000000]: Plan fail[0m
[31m[ERROR] [1790605966.418612706, 26.510000000]: No path to next viewpoint[0m
[33m[WARN] [1790605966.418807512, 26.510000000]: Plan fail[0m
[31m[ERROR] [1790605966.419601659, 26.510000000]: No path to next viewpoint[0m
[33m[WARN] [1790605966.419760947, 26.510000000]: Plan fail[0m
[31m[ERROR] [1790605966.438129668, 26.528999999]: No path to next viewpoint[0m
[33m[WARN] [1790605966.438456290, 26.528999999]: Plan fail[0m
[31m[ERROR] [1790605966.448609781, 26.538000000]: No path to next viewpoint[0m
[33m[WARN] [1790605966.448823554, 26.538000000]: Plan fail[0m
[31m[ERROR] [1790605966.463460035, 26.556000000]: No path to next viewpoint[0m
[33m[WARN] [1790605966.463870199, 26.556000000]: Plan fail[0m
[31m[ERROR] [1790605966.475507681, 26.565000000]: No path to next viewpoint[0m
[33m[WARN] [1790605966.475666427, 26.565000000]: Plan fail[0m
[31m[ERROR] [1790605966.482953361, 26.574000000]: No path to next viewpoint[0m
[33m[WARN] [1790605966.483200026, 26.574000000]: Plan fail[0m
[31m[ERROR] [1790605966.500806491, 26.593000000]: No path to next viewpoint[0m
[31m[ERROR] [1790605966.501027310, 26.593000000]: No path to next viewpoint[0m
[33m[WARN] [1790605966.501050196, 26.593000000]: Plan fail[0m
[33m[WARN] [1790605966.501162919, 26.593000000]: Plan fail[0m
[31m[ERROR] [1790605966.520233074, 26.611000000]: No path to next viewpoint[0m
[33m[WARN] [1790605966.520406995, 26.611000000]: Plan fail[0m
[31m[ERROR] [1790605966.531670582, 26.620000000]: No path to next viewpoint[0m
[33m[WARN] [1790605966.532301189, 26.620000000]: Plan fail[0m
[31m[ERROR] [1790605966.543767628, 26.629000000]: No path to next viewpoint[0m
[33m[WARN] [1790605966.544003787, 26.629000000]: Plan fail[0m
[31m[ERROR] [1790605966.563706175, 26.647999999]: No path to next viewpoint[0m
[33m[WARN] [1790605966.564089492, 26.647999999]: Plan fail[0m
[31m[ERROR] [1790605966.564214971, 26.647999999]: No path to next viewpoint[0m
[33m[WARN] [1790605966.564770707, 26.647999999]: Plan fail[0m
[31m[ERROR] [1790605966.585170027, 26.666000000]: No path to next viewpoint[0m
[33m[WARN] [1790605966.585443955, 26.666000000]: Plan fail[0m
[31m[ERROR] [1790605966.590736809, 26.675000000]: No path to next viewpoint[0m
[33m[WARN] [1790605966.590869000, 26.675000000]: Plan fail[0m
[31m[ERROR] [1790605966.607568387, 26.693000000]: No path to next viewpoint[0m
[33m[WARN] [1790605966.607788664, 26.693000000]: Plan fail[0m
[31m[ERROR] [1790605966.618356278, 26.702000000]: No path to next viewpoint[0m
[33m[WARN] [1790605966.618548041, 26.702000000]: Plan fail[0m
[31m[ERROR] [1790605966.624214289, 26.702000000]: No path to next viewpoint[0m
[33m[WARN] [1790605966.624500974, 26.702000000]: Plan fail[0m
[31m[ERROR] [1790605966.642139080, 26.721000000]: No path to next viewpoint[0m
[31m[ERROR] [1790605966.642276274, 26.721000000]: No path to next viewpoint[0m
[33m[WARN] [1790605966.642644333, 26.721000000]: Plan fail[0m
[33m[WARN] [1790605966.642880618, 26.730000000]: Plan fail[0m
[31m[ERROR] [1790605966.666001964, 26.748000000]: No path to next viewpoint[0m
[33m[WARN] [1790605966.666270557, 26.748000000]: Plan fail[0m
[31m[ERROR] [1790605966.669621106, 26.748000000]: No path to next viewpoint[0m
[33m[WARN] [1790605966.669961693, 26.757000000]: Plan fail[0m
[31m[ERROR] [1790605966.682575330, 26.766999999]: No path to next viewpoint[0m
[33m[WARN] [1790605966.682964816, 26.766999999]: Plan fail[0m
[31m[ERROR] [1790605966.701340875, 26.785000000]: No path to next viewpoint[0m
[31m[ERROR] [1790605966.701364262, 26.785000000]: No path to next viewpoint[0m
[33m[WARN] [1790605966.701519006, 26.785000000]: Plan fail[0m
[33m[WARN] [1790605966.701625142, 26.785000000]: Plan fail[0m
[31m[ERROR] [1790605966.719765583, 26.803000000]: No path to next viewpoint[0m
[33m[WARN] [1790605966.719993488, 26.803000000]: Plan fail[0m
[31m[ERROR] [1790605966.732001948, 26.812000000]: No path to next viewpoint[0m
[33m[WARN] [1790605966.732904149, 26.812000000]: Plan fail[0m
[31m[ERROR] [1790605966.740677283, 26.821000000]: No path to next viewpoint[0m
[33m[WARN] [1790605966.741344533, 26.821000000]: Plan fail[0m
[31m[ERROR] [1790605966.762546587, 26.839999999]: No path to next viewpoint[0m
[33m[WARN] [1790605966.762892302, 26.839999999]: Plan fail[0m
[31m[ERROR] [1790605966.762669816, 26.839999999]: No path to next viewpoint[0m
[33m[WARN] [1790605966.763728720, 26.839999999]: Plan fail[0m
[31m[ERROR] [1790605966.781677315, 26.858000000]: No path to next viewpoint[0m
[33m[WARN] [1790605966.782162265, 26.867000000]: Plan fail[0m
[31m[ERROR] [1790605966.796146546, 26.876000000]: No path to next viewpoint[0m
[33m[WARN] [1790605966.796615280, 26.876000000]: Plan fail[0m
[33m[WARN] [1790605966.796958201, 26.876000000]: Pair opt 1 & 2[0m
[31m[ERROR] [1790605966.801093935, 26.885000000]: No path to next viewpoint[0m
[33m[WARN] [1790605966.801813961, 26.885000000]: Plan fail[0m
[31m[ERROR] [1790605966.819639328, 26.903999999]: No path to next viewpoint[0m
[33m[WARN] [1790605966.819906461, 26.903999999]: Plan fail[0m
[31m[ERROR] [1790605966.836355974, 26.913000000]: No path to next viewpoint[0m
[33m[WARN] [1790605966.836754298, 26.913000000]: Plan fail[0m
[31m[ERROR] [1790605966.837059284, 26.922000000]: Larger cost after reallocation[0m
[31m[ERROR] [1790605966.857912330, 26.940000000]: No path to next viewpoint[0m
[33m[WARN] [1790605966.858295188, 26.940000000]: Plan fail[0m
[31m[ERROR] [1790605966.868651030, 26.949000000]: No path to next viewpoint[0m
[33m[WARN] [1790605966.868955057, 26.949000000]: Plan fail[0m
[33m[WARN] [1790605966.869655323, 26.949000000]: Pair opt 1 & 2[0m
[31m[ERROR] [1790605966.877353254, 26.958999999]: No path to next viewpoint[0m
[33m[WARN] [1790605966.877895692, 26.958999999]: Plan fail[0m
[31m[ERROR] [1790605966.894970808, 26.977000000]: No path to next viewpoint[0m
[33m[WARN] [1790605966.895243986, 26.977000000]: Plan fail[0m
[31m[ERROR] [1790605966.907462759, 26.986000000]: Larger cost after reallocation[0m
[31m[ERROR] [1790605966.916858455, 26.995000000]: No path to next viewpoint[0m
[33m[WARN] [1790605966.917315892, 26.995000000]: Plan fail[0m
[31m[ERROR] [1790605966.936368330, 27.013000000]: No path to next viewpoint[0m
[33m[WARN] [1790605966.936746394, 27.013000000]: Plan fail[0m
[33m[WARN] [1790605966.937413060, 27.013000000]: Pair opt 1 & 2[0m
[31m[ERROR] [1790605966.936836731, 27.013000000]: No path to next viewpoint[0m
[33m[WARN] [1790605966.939396093, 27.013000000]: Plan fail[0m
[31m[ERROR] [1790605966.968196278, 27.041000000]: No path to next viewpoint[0m
[33m[WARN] [1790605966.968675350, 27.050000000]: Plan fail[0m
[31m[ERROR] [1790605966.977277441, 27.059000000]: Larger cost after reallocation[0m
[31m[ERROR] [1790605966.990645663, 27.068000000]: No path to next viewpoint[0m
[33m[WARN] [1790605966.991146164, 27.068000000]: Plan fail[0m
[31m[ERROR] [1790605967.009223156, 27.086999999]: No path to next viewpoint[0m
[33m[WARN] [1790605967.009486162, 27.086999999]: Plan fail[0m
[31m[ERROR] [1790605967.009869854, 27.086999999]: No path to next viewpoint[0m
[33m[WARN] [1790605967.010110641, 27.086999999]: Pair opt 1 & 2[0m
[33m[WARN] [1790605967.010179634, 27.086999999]: Plan fail[0m
[31m[ERROR] [1790605967.027367223, 27.105000000]: No path to next viewpoint[0m
[33m[WARN] [1790605967.027665706, 27.105000000]: Plan fail[0m
[31m[ERROR] [1790605967.043365177, 27.114000000]: No path to next viewpoint[0m
[33m[WARN] [1790605967.043639022, 27.123000000]: Plan fail[0m
[31m[ERROR] [1790605967.051038053, 27.132000000]: Larger cost after reallocation[0m
[31m[ERROR] [1790605967.061473518, 27.132000000]: No path to next viewpoint[0m
[33m[WARN] [1790605967.062071609, 27.132000000]: Plan fail[0m
[31m[ERROR] [1790605967.080507155, 27.160000000]: No path to next viewpoint[0m
[33m[WARN] [1790605967.080733351, 27.160000000]: Plan fail[0m
[33m[WARN] [1790605967.081401227, 27.160000000]: Pair opt 1 & 2[0m
[31m[ERROR] [1790605967.083382467, 27.160000000]: No path to next viewpoint[0m
[33m[WARN] [1790605967.083676072, 27.160000000]: Plan fail[0m
[31m[ERROR] [1790605967.102061010, 27.178000000]: No path to next viewpoint[0m
[33m[WARN] [1790605967.102166855, 27.178000000]: Plan fail[0m
[31m[ERROR] [1790605967.124873661, 27.196000000]: No path to next viewpoint[0m
[33m[WARN] [1790605967.125219333, 27.196000000]: Plan fail[0m
[31m[ERROR] [1790605967.125105943, 27.196000000]: Larger cost after reallocation[0m
[31m[ERROR] [1790605967.153823378, 27.224000000]: No path to next viewpoint[0m
[33m[WARN] [1790605967.156145706, 27.224000000]: Plan fail[0m
[31m[ERROR] [1790605967.162900873, 27.233000000]: No path to next viewpoint[0m
[33m[WARN] [1790605967.163189226, 27.233000000]: Plan fail[0m
[33m[WARN] [1790605967.163523684, 27.233000000]: Pair opt 1 & 2[0m
[31m[ERROR] [1790605967.184654328, 27.251000000]: No path to next viewpoint[0m
[33m[WARN] [1790605967.184938720, 27.251000000]: Plan fail[0m
[31m[ERROR] [1790605967.203896027, 27.269999999]: No path to next viewpoint[0m
[33m[WARN] [1790605967.204158241, 27.269999999]: Plan fail[0m
[31m[ERROR] [1790605967.207132228, 27.278999999]: Larger cost after reallocation[0m
[31m[ERROR] [1790605967.229901357, 27.297000000]: No path to next viewpoint[0m
[33m[WARN] [1790605967.230397813, 27.297000000]: Plan fail[0m
[31m[ERROR] [1790605967.240446960, 27.306000000]: No path to next viewpoint[0m
[33m[WARN] [1790605967.240676658, 27.306000000]: Plan fail[0m
[33m[WARN] [1790605967.241079735, 27.306000000]: Pair opt 1 & 2[0m
[31m[ERROR] [1790605967.248889763, 27.315000000]: No path to next viewpoint[0m
[33m[WARN] [1790605967.249424822, 27.315000000]: Plan fail[0m
[31m[ERROR] [1790605967.265624960, 27.333999999]: No path to next viewpoint[0m
[33m[WARN] [1790605967.265892843, 27.333999999]: Plan fail[0m
[31m[ERROR] [1790605967.280666727, 27.343000000]: Larger cost after reallocation[0m
[31m[ERROR] [1790605967.281359281, 27.343000000]: No path to next viewpoint[0m
[33m[WARN] [1790605967.281701869, 27.343000000]: Plan fail[0m
[31m[ERROR] [1790605967.302519814, 27.370000000]: No path to next viewpoint[0m
[33m[WARN] [1790605967.302743134, 27.370000000]: Plan fail[0m
[31m[ERROR] [1790605967.311987337, 27.379000000]: No path to next viewpoint[0m
[33m[WARN] [1790605967.312280150, 27.379000000]: Plan fail[0m
[33m[WARN] [1790605967.312565085, 27.379000000]: Pair opt 1 & 2[0m
[31m[ERROR] [1790605967.318400626, 27.379000000]: No path to next viewpoint[0m
[33m[WARN] [1790605967.319249383, 27.388000000]: Plan fail[0m
[31m[ERROR] [1790605967.336818288, 27.397999999]: No path to next viewpoint[0m
[33m[WARN] [1790605967.337027518, 27.397999999]: Plan fail[0m
[31m[ERROR] [1790605967.354473945, 27.416000000]: Larger cost after reallocation[0m
[31m[ERROR] [1790605967.357646989, 27.416000000]: No path to next viewpoint[0m
[33m[WARN] [1790605967.358172085, 27.416000000]: Plan fail[0m
[31m[ERROR] [1790605967.377524673, 27.434000000]: No path to next viewpoint[0m
[33m[WARN] [1790605967.377839497, 27.434000000]: Plan fail[0m
[31m[ERROR] [1790605967.381773463, 27.443000000]: No path to next viewpoint[0m
[33m[WARN] [1790605967.382281092, 27.443000000]: Plan fail[0m
[33m[WARN] [1790605967.384870553, 27.443000000]: Pair opt 1 & 2[0m
[31m[ERROR] [1790605967.396019333, 27.452000000]: No path to next viewpoint[0m
[33m[WARN] [1790605967.396270125, 27.452000000]: Plan fail[0m
[31m[ERROR] [1790605967.416353578, 27.480000000]: No path to next viewpoint[0m
[33m[WARN] [1790605967.416689121, 27.480000000]: Plan fail[0m
[31m[ERROR] [1790605967.418898641, 27.480000000]: Larger cost after reallocation[0m
[31m[ERROR] [1790605967.434819806, 27.498000000]: No path to next viewpoint[0m
[33m[WARN] [1790605967.435103698, 27.498000000]: Plan fail[0m
[31m[ERROR] [1790605967.446129333, 27.507000000]: No path to next viewpoint[0m
[33m[WARN] [1790605967.446347901, 27.507000000]: Plan fail[0m
[33m[WARN] [1790605967.446570762, 27.507000000]: Pair opt 1 & 2[0m
[31m[ERROR] [1790605967.449405596, 27.507000000]: No path to next viewpoint[0m
[33m[WARN] [1790605967.449639879, 27.507000000]: Plan fail[0m
[31m[ERROR] [1790605967.468658842, 27.525999999]: No path to next viewpoint[0m
[33m[WARN] [1790605967.468922808, 27.525999999]: Plan fail[0m
[31m[ERROR] [1790605967.489111647, 27.553000000]: Larger cost after reallocation[0m
[31m[ERROR] [1790605967.489262222, 27.553000000]: No path to next viewpoint[0m
[33m[WARN] [1790605967.489931307, 27.553000000]: Plan fail[0m
[31m[ERROR] [1790605967.506567120, 27.562000000]: No path to next viewpoint[0m
[33m[WARN] [1790605967.507147327, 27.562000000]: Plan fail[0m
[31m[ERROR] [1790605967.519133150, 27.580999999]: No path to next viewpoint[0m
[33m[WARN] [1790605967.519417959, 27.580999999]: Plan fail[0m
[33m[WARN] [1790605967.519623645, 27.580999999]: Pair opt 1 & 2[0m
[31m[ERROR] [1790605967.525566949, 27.580999999]: No path to next viewpoint[0m
[33m[WARN] [1790605967.525971443, 27.580999999]: Plan fail[0m
[31m[ERROR] [1790605967.543241282, 27.599000000]: No path to next viewpoint[0m
[33m[WARN] [1790605967.543479359, 27.599000000]: Plan fail[0m
[31m[ERROR] [1790605967.571436539, 27.617000000]: No path to next viewpoint[0m
[33m[WARN] [1790605967.571782045, 27.617000000]: Plan fail[0m
[31m[ERROR] [1790605967.571884638, 27.617000000]: Larger cost after reallocation[0m
[31m[ERROR] [1790605967.593626920, 27.644999999]: No path to next viewpoint[0m
[33m[WARN] [1790605967.593875711, 27.644999999]: Plan fail[0m
[31m[ERROR] [1790605967.600076227, 27.644999999]: No path to next viewpoint[0m
[33m[WARN] [1790605967.600227344, 27.644999999]: Plan fail[0m
[33m[WARN] [1790605967.603324850, 27.644999999]: Pair opt 1 & 2[0m
[31m[ERROR] [1790605967.615123413, 27.663000000]: No path to next viewpoint[0m
[33m[WARN] [1790605967.615474839, 27.663000000]: Plan fail[0m
[31m[ERROR] [1790605967.632394711, 27.681000000]: No path to next viewpoint[0m
[33m[WARN] [1790605967.632595937, 27.681000000]: Plan fail[0m
[31m[ERROR] [1790605967.641504180, 27.690000000]: Larger cost after reallocation[0m
[31m[ERROR] [1790605967.652092764, 27.699000000]: No path to next viewpoint[0m
[33m[WARN] [1790605967.652425305, 27.699000000]: Plan fail[0m
[31m[ERROR] [1790605967.669296778, 27.718000000]: No path to next viewpoint[0m
[33m[WARN] [1790605967.669567705, 27.718000000]: Plan fail[0m
[33m[WARN] [1790605967.669945519, 27.718000000]: Pair opt 1 & 2[0m
[31m[ERROR] [1790605967.670260968, 27.718000000]: No path to next viewpoint[0m
[33m[WARN] [1790605967.670418005, 27.718000000]: Plan fail[0m
[31m[ERROR] [1790605967.688328498, 27.736000000]: No path to next viewpoint[0m
[33m[WARN] [1790605967.688669918, 27.736000000]: Plan fail[0m
[31m[ERROR] [1790605967.705247661, 27.754000000]: No path to next viewpoint[0m
[33m[WARN] [1790605967.705450679, 27.754000000]: Plan fail[0m
[31m[ERROR] [1790605967.711549561, 27.754000000]: Larger cost after reallocation[0m
[31m[ERROR] [1790605967.720594748, 27.763000000]: No path to next viewpoint[0m
[33m[WARN] [1790605967.720991863, 27.763000000]: Plan fail[0m
[31m[ERROR] [1790605967.738812060, 27.782000000]: No path to next viewpoint[0m
[33m[WARN] [1790605967.739027668, 27.782000000]: Plan fail[0m
[31m[ERROR] [1790605967.740352455, 27.791000000]: No path to next viewpoint[0m
[33m[WARN] [1790605967.740583362, 27.791000000]: Plan fail[0m
[33m[WARN] [1790605967.740783170, 27.791000000]: Pair opt 1 & 2[0m
[31m[ERROR] [1790605967.755188286, 27.800000000]: No path to next viewpoint[0m
[33m[WARN] [1790605967.755423695, 27.800000000]: Plan fail[0m
[31m[ERROR] [1790605967.786751351, 27.827000000]: No path to next viewpoint[0m
[33m[WARN] [1790605967.787085935, 27.827000000]: Plan fail[0m
[31m[ERROR] [1790605967.800001348, 27.846000000]: Larger cost after reallocation[0m
[31m[ERROR] [1790605967.813727166, 27.855000000]: No path to next viewpoint[0m
[33m[WARN] [1790605967.814632868, 27.855000000]: Plan fail[0m
[31m[ERROR] [1790605967.833575543, 27.873000000]: No path to next viewpoint[0m
[33m[WARN] [1790605967.833776935, 27.873000000]: Plan fail[0m
[33m[WARN] [1790605967.836554532, 27.873000000]: Pair opt 1 & 2[0m
[31m[ERROR] [1790605967.847476574, 27.882000000]: No path to next viewpoint[0m
[33m[WARN] [1790605967.848006880, 27.882000000]: Plan fail[0m
[31m[ERROR] [1790605967.873714728, 27.910000000]: No path to next viewpoint[0m
[33m[WARN] [1790605967.874219313, 27.910000000]: Plan fail[0m
[31m[ERROR] [1790605967.895940919, 27.928000000]: No path to next viewpoint[0m
[33m[WARN] [1790605967.896098080, 27.928000000]: Plan fail[0m
[31m[ERROR] [1790605967.899792385, 27.937000000]: Larger cost after reallocation[0m
[31m[ERROR] [1790605967.918454420, 27.946000000]: No path to next viewpoint[0m
[33m[WARN] [1790605967.918689454, 27.946000000]: Plan fail[0m
[31m[ERROR] [1790605967.935233013, 27.964999999]: No path to next viewpoint[0m
[33m[WARN] [1790605967.935735973, 27.964999999]: Plan fail[0m
[33m[WARN] [1790605967.936401681, 27.964999999]: Pair opt 1 & 2[0m
[31m[ERROR] [1790605967.950245933, 27.974000000]: No path to next viewpoint[0m
[33m[WARN] [1790605967.953031658, 27.983000000]: Plan fail[0m
[31m[ERROR] [1790605967.997597555, 28.019999999]: No path to next viewpoint[0m
[33m[WARN] [1790605967.998059786, 28.019999999]: Plan fail[0m
[31m[ERROR] [1790605968.002467447, 28.028999999]: Larger cost after reallocation[0m
[31m[ERROR] [1790605968.023534684, 28.047000000]: No path to next viewpoint[0m
[33m[WARN] [1790605968.023934884, 28.047000000]: Plan fail[0m
[31m[ERROR] [1790605968.034459018, 28.065000000]: No path to next viewpoint[0m
[33m[WARN] [1790605968.034709977, 28.065000000]: Plan fail[0m
[33m[WARN] [1790605968.037576743, 28.065000000]: Pair opt 1 & 2[0m
[31m[ERROR] [1790605968.054868676, 28.074000000]: No path to next viewpoint[0m
[33m[WARN] [1790605968.055648566, 28.074000000]: Plan fail[0m
[31m[ERROR] [1790605968.080495775, 28.102000000]: No path to next viewpoint[0m
[33m[WARN] [1790605968.080852078, 28.102000000]: Plan fail[0m
[31m[ERROR] [1790605968.086059889, 28.102000000]: Larger cost after reallocation[0m
[31m[ERROR] [1790605968.105541041, 28.120000000]: No path to next viewpoint[0m
[33m[WARN] [1790605968.105974383, 28.120000000]: Plan fail[0m
[31m[ERROR] [1790605968.121469960, 28.138000000]: No path to next viewpoint[0m
[33m[WARN] [1790605968.121792830, 28.138000000]: Plan fail[0m
[33m[WARN] [1790605968.122275321, 28.138000000]: Pair opt 1 & 2[0m
[31m[ERROR] [1790605968.129803708, 28.138000000]: No path to next viewpoint[0m
[33m[WARN] [1790605968.130163805, 28.138000000]: Plan fail[0m
[31m[ERROR] [1790605968.160937809, 28.166000000]: No path to next viewpoint[0m
[33m[WARN] [1790605968.162162129, 28.175000000]: Plan fail[0m
[31m[ERROR] [1790605968.169586131, 28.175000000]: Larger cost after reallocation[0m
[31m[ERROR] [1790605968.182742665, 28.193000000]: No path to next viewpoint[0m
[33m[WARN] [1790605968.183028349, 28.193000000]: Plan fail[0m
[31m[ERROR] [1790605968.201265880, 28.202000000]: No path to next viewpoint[0m
[33m[WARN] [1790605968.201538725, 28.202000000]: Plan fail[0m
[33m[WARN] [1790605968.201873183, 28.202000000]: Pair opt 1 & 2[0m
[31m[ERROR] [1790605968.203160785, 28.202000000]: No path to next viewpoint[0m
[33m[WARN] [1790605968.203400655, 28.202000000]: Plan fail[0m
[31m[ERROR] [1790605968.233396979, 28.233000000]: No path to next viewpoint[0m
[33m[WARN] [1790605968.233823776, 28.233000000]: Plan fail[0m
[31m[ERROR] [1790605968.246067019, 28.242000000]: Larger cost after reallocation[0m
[31m[ERROR] [1790605968.267342777, 28.269999999]: No path to next viewpoint[0m
[33m[WARN] [1790605968.267522492, 28.269999999]: Plan fail[0m
[31m[ERROR] [1790605968.272809342, 28.269999999]: No path to next viewpoint[0m
[33m[WARN] [1790605968.273201038, 28.269999999]: Plan fail[0m
[33m[WARN] [1790605968.278993141, 28.278999999]: Pair opt 1 & 2[0m
[31m[ERROR] [1790605968.298015731, 28.297000000]: No path to next viewpoint[0m
[33m[WARN] [1790605968.298459869, 28.297000000]: Plan fail[0m
[31m[ERROR] [1790605968.321827631, 28.324000000]: No path to next viewpoint[0m
[33m[WARN] [1790605968.322115066, 28.324000000]: Plan fail[0m
[31m[ERROR] [1790605968.333591135, 28.333999999]: Larger cost after reallocation[0m
[31m[ERROR] [1790605968.347615935, 28.343000000]: No path to next viewpoint[0m
[33m[WARN] [1790605968.347983702, 28.343000000]: Plan fail[0m
[31m[ERROR] [1790605968.367931213, 28.361000000]: No path to next viewpoint[0m
[33m[WARN] [1790605968.368179503, 28.361000000]: Plan fail[0m
[31m[ERROR] [1790605968.368580162, 28.361000000]: No path to next viewpoint[0m
[33m[WARN] [1790605968.368832038, 28.361000000]: Plan fail[0m
[33m[WARN] [1790605968.368749038, 28.361000000]: Pair opt 1 & 2[0m
[31m[ERROR] [1790605968.387538136, 28.379000000]: No path to next viewpoint[0m
[33m[WARN] [1790605968.387880599, 28.379000000]: Plan fail[0m
[31m[ERROR] [1790605968.406086489, 28.397999999]: No path to next viewpoint[0m
[33m[WARN] [1790605968.406523666, 28.397999999]: Plan fail[0m
[31m[ERROR] [1790605968.437175526, 28.425000000]: No path to next viewpoint[0m
[33m[WARN] [1790605968.437451997, 28.425000000]: Plan fail[0m
[33m[WARN] [1790605968.446562467, 28.425000000]: Drone 1 send opt request to 2, pair opt t: 0.064000, allocate t: 0.055000[0m
[31m[ERROR] [1790605968.463426937, 28.443000000]: No path to next viewpoint[0m
[33m[WARN] [1790605968.463567924, 28.443000000]: Plan fail[0m
[31m[ERROR] [1790605968.482184561, 28.461999999]: No path to next viewpoint[0m
[33m[WARN] [1790605968.482419178, 28.461999999]: Plan fail[0m
[31m[ERROR] [1790605968.484133868, 28.461999999]: No path to next viewpoint[0m
[33m[WARN] [1790605968.484360732, 28.461999999]: Plan fail[0m
[33m[WARN] [1790605968.489071503, 28.461999999]: Pair opt 1 & 2[0m
[31m[ERROR] [1790605968.502161169, 28.480000000]: No path to next viewpoint[0m
[33m[WARN] [1790605968.502381529, 28.480000000]: Plan fail[0m
[31m[ERROR] [1790605968.520988203, 28.498000000]: No path to next viewpoint[0m
[33m[WARN] [1790605968.521265175, 28.498000000]: Plan fail[0m
[31m[ERROR] [1790605968.531262754, 28.507000000]: Larger cost after reallocation[0m
[33m[WARN] [1790605968.533317781, 28.507000000]: get response 1[0m
[31m[ERROR] [1790605968.540428377, 28.516999999]: No path to next viewpoint[0m
[33m[WARN] [1790605968.540678251, 28.516999999]: Plan fail[0m
[31m[ERROR] [1790605968.559181123, 28.525999999]: No path to next viewpoint[0m
[33m[WARN] [1790605968.559607712, 28.525999999]: Plan fail[0m
[31m[ERROR] [1790605968.564202508, 28.535000000]: No path to next viewpoint[0m
[33m[WARN] [1790605968.564380972, 28.535000000]: Plan fail[0m
[31m[ERROR] [1790605968.580643683, 28.544000000]: No path to next viewpoint[0m
[33m[WARN] [1790605968.581083986, 28.553000000]: Plan fail[0m
[31m[ERROR] [1790605968.598181781, 28.562000000]: No path to next viewpoint[0m
[33m[WARN] [1790605968.598320433, 28.562000000]: Plan fail[0m
[31m[ERROR] [1790605968.600365789, 28.571000000]: No path to next viewpoint[0m
[33m[WARN] [1790605968.600490184, 28.571000000]: Plan fail[0m
[31m[ERROR] [1790605968.617267777, 28.580999999]: No path to next viewpoint[0m
[33m[WARN] [1790605968.617472921, 28.580999999]: Plan fail[0m
[31m[ERROR] [1790605968.628615198, 28.589999999]: No path to next viewpoint[0m
[33m[WARN] [1790605968.629032115, 28.589999999]: Plan fail[0m
[31m[ERROR] [1790605968.639167805, 28.599000000]: No path to next viewpoint[0m
[33m[WARN] [1790605968.639436648, 28.599000000]: Plan fail[0m
[31m[ERROR] [1790605968.666710028, 28.618999999]: No path to next viewpoint[0m
[33m[WARN] [1790605968.666928887, 28.618999999]: Plan fail[0m
[31m[ERROR] [1790605968.666710903, 28.618999999]: No path to next viewpoint[0m
[33m[WARN] [1790605968.667462279, 28.618999999]: Plan fail[0m
[31m[ERROR] [1790605968.685776306, 28.637000000]: No path to next viewpoint[0m
[33m[WARN] [1790605968.685963400, 28.637000000]: Plan fail[0m
[31m[ERROR] [1790605968.703387024, 28.655000000]: No path to next viewpoint[0m
[33m[WARN] [1790605968.703660494, 28.655000000]: Plan fail[0m
[31m[ERROR] [1790605968.712735320, 28.664000000]: No path to next viewpoint[0m
[33m[WARN] [1790605968.713059816, 28.664000000]: Plan fail[0m
[31m[ERROR] [1790605968.733210761, 28.673000000]: No path to next viewpoint[0m
[33m[WARN] [1790605968.733365130, 28.673000000]: Plan fail[0m
[31m[ERROR] [1790605968.741606666, 28.693999999]: No path to next viewpoint[0m
[33m[WARN] [1790605968.742112543, 28.693999999]: Plan fail[0m
[31m[ERROR] [1790605968.755870002, 28.702999999]: No path to next viewpoint[0m
[33m[WARN] [1790605968.756519118, 28.702999999]: Plan fail[0m
[31m[ERROR] [1790605968.772139091, 28.711999999]: No path to next viewpoint[0m
[33m[WARN] [1790605968.772450955, 28.711999999]: Plan fail[0m
[31m[ERROR] [1790605968.782038580, 28.711999999]: No path to next viewpoint[0m
[33m[WARN] [1790605968.782499518, 28.711999999]: Plan fail[0m
[31m[ERROR] [1790605968.801561962, 28.730000000]: No path to next viewpoint[0m
[33m[WARN] [1790605968.801764980, 28.730000000]: Plan fail[0m
[31m[ERROR] [1790605968.810051287, 28.739000000]: No path to next viewpoint[0m
[33m[WARN] [1790605968.810190232, 28.739000000]: Plan fail[0m
[31m[ERROR] [1790605968.819285736, 28.748000000]: No path to next viewpoint[0m
[33m[WARN] [1790605968.819428891, 28.748000000]: Plan fail[0m
[31m[ERROR] [1790605968.840117230, 28.766999999]: No path to next viewpoint[0m
[33m[WARN] [1790605968.840297737, 28.766999999]: Plan fail[0m
[31m[ERROR] [1790605968.857815449, 28.775999999]: No path to next viewpoint[0m
[33m[WARN] [1790605968.858142821, 28.775999999]: Plan fail[0m
[31m[ERROR] [1790605968.877943091, 28.794000000]: No path to next viewpoint[0m
[33m[WARN] [1790605968.880120054, 28.794000000]: Plan fail[0m
[31m[ERROR] [1790605968.905227435, 28.821000000]: No path to next viewpoint[0m
[33m[WARN] [1790605968.906947461, 28.821000000]: Plan fail[0m
[31m[ERROR] [1790605968.905313937, 28.821000000]: No path to next viewpoint[0m
[33m[WARN] [1790605968.911138764, 28.821000000]: Plan fail[0m
[31m[ERROR] [1790605968.958072219, 28.858000000]: No path to next viewpoint[0m
[33m[WARN] [1790605968.961215415, 28.867000000]: Plan fail[0m
[31m[ERROR] [1790605968.969190234, 28.867000000]: No path to next viewpoint[0m
[33m[WARN] [1790605968.969554624, 28.876000000]: Plan fail[0m
[31m[ERROR] [1790605968.995292487, 28.894999999]: No path to next viewpoint[0m
[33m[WARN] [1790605968.996513389, 28.894999999]: Plan fail[0m
[31m[ERROR] [1790605969.013899369, 28.913000000]: No path to next viewpoint[0m
[33m[WARN] [1790605969.014424632, 28.913000000]: Plan fail[0m
[31m[ERROR] [1790605969.017420420, 28.922000000]: No path to next viewpoint[0m
[33m[WARN] [1790605969.017721196, 28.922000000]: Plan fail[0m
[31m[ERROR] [1790605969.043610592, 28.940000000]: No path to next viewpoint[0m
[33m[WARN] [1790605969.043973899, 28.940000000]: Plan fail[0m
[31m[ERROR] [1790605969.046396776, 28.940000000]: No path to next viewpoint[0m
[33m[WARN] [1790605969.046746534, 28.940000000]: Plan fail[0m
[31m[ERROR] [1790605969.068615463, 28.968000000]: No path to next viewpoint[0m
[33m[WARN] [1790605969.068962303, 28.968000000]: Plan fail[0m
[31m[ERROR] [1790605969.083044174, 28.977000000]: No path to next viewpoint[0m
[33m[WARN] [1790605969.083607081, 28.977000000]: Plan fail[0m
[31m[ERROR] [1790605969.094025079, 28.986000000]: No path to next viewpoint[0m
[33m[WARN] [1790605969.094841737, 28.986000000]: Plan fail[0m
[31m[ERROR] [1790605969.118445825, 29.004000000]: No path to next viewpoint[0m
[31m[ERROR] [1790605969.118579808, 29.013000000]: No path to next viewpoint[0m
[33m[WARN] [1790605969.119042289, 29.013000000]: Plan fail[0m
[33m[WARN] [1790605969.118745891, 29.004000000]: Plan fail[0m
[33m[WARN] [1790605969.119204204, 29.013000000]: Pair opt 1 & 2[0m
[31m[ERROR] [1790605969.150520854, 29.041000000]: No path to next viewpoint[0m
[33m[WARN] [1790605969.150717035, 29.041000000]: Plan fail[0m
[31m[ERROR] [1790605969.169148830, 29.050000000]: Larger cost after reallocation[0m
[31m[ERROR] [1790605969.178440390, 29.059000000]: No path to next viewpoint[0m
[33m[WARN] [1790605969.179057740, 29.059000000]: Plan fail[0m
[31m[ERROR] [1790605969.201755250, 29.086999999]: No path to next viewpoint[0m
[31m[ERROR] [1790605969.201809736, 29.086999999]: No path to next viewpoint[0m
[33m[WARN] [1790605969.201989409, 29.086999999]: Plan fail[0m
[33m[WARN] [1790605969.202167873, 29.086999999]: Plan fail[0m
[33m[WARN] [1790605969.203248705, 29.086999999]: Pair opt 1 & 2[0m
[31m[ERROR] [1790605969.239624133, 29.123000000]: No path to next viewpoint[0m
[33m[WARN] [1790605969.240284505, 29.123000000]: Plan fail[0m
[31m[ERROR] [1790605969.273406808, 29.150999999]: No path to next viewpoint[0m
[33m[WARN] [1790605969.274004523, 29.150999999]: Plan fail[0m
[31m[ERROR] [1790605969.276722048, 29.150999999]: Larger cost after reallocation[0m
[31m[ERROR] [1790605969.302596687, 29.178000000]: No path to next viewpoint[0m
[33m[WARN] [1790605969.302913012, 29.178000000]: Plan fail[0m
[31m[ERROR] [1790605969.314090556, 29.187000000]: No path to next viewpoint[0m
[33m[WARN] [1790605969.315283152, 29.187000000]: Plan fail[0m
[33m[WARN] [1790605969.315976916, 29.187000000]: Pair opt 1 & 2[0m
[31m[ERROR] [1790605969.339589133, 29.205999999]: No path to next viewpoint[0m
[33m[WARN] [1790605969.340085381, 29.205999999]: Plan fail[0m
[31m[ERROR] [1790605969.361386651, 29.214999999]: No path to next viewpoint[0m
[33m[WARN] [1790605969.361686884, 29.214999999]: Plan fail[0m
[31m[ERROR] [1790605969.375001789, 29.224000000]: Larger cost after reallocation[0m
[31m[ERROR] [1790605969.384448551, 29.233000000]: No path to next viewpoint[0m
[33m[WARN] [1790605969.384656572, 29.233000000]: Plan fail[0m
[31m[ERROR] [1790605969.404486273, 29.251000000]: No path to next viewpoint[0m
[31m[ERROR] [1790605969.404564062, 29.251000000]: No path to next viewpoint[0m
[33m[WARN] [1790605969.404681871, 29.251000000]: Plan fail[0m
[33m[WARN] [1790605969.404869423, 29.251000000]: Plan fail[0m
[33m[WARN] [1790605969.411404564, 29.251000000]: Pair opt 1 & 2[0m
[31m[ERROR] [1790605969.423613124, 29.269999999]: No path to next viewpoint[0m
[33m[WARN] [1790605969.423763991, 29.269999999]: Plan fail[0m
[31m[ERROR] [1790605969.446477759, 29.288000000]: No path to next viewpoint[0m
[33m[WARN] [1790605969.446891674, 29.288000000]: Plan fail[0m
[31m[ERROR] [1790605969.472374117, 29.315000000]: No path to next viewpoint[0m
[33m[WARN] [1790605969.474323841, 29.315000000]: Plan fail[0m
[31m[ERROR] [1790605969.490899542, 29.324000000]: Larger cost after reallocation[0m
[31m[ERROR] [1790605969.513363518, 29.352000000]: No path to next viewpoint[0m
[33m[WARN] [1790605969.513941057, 29.352000000]: Plan fail[0m
[31m[ERROR] [1790605969.538708726, 29.379000000]: No path to next viewpoint[0m
[33m[WARN] [1790605969.539333205, 29.379000000]: Plan fail[0m
[33m[WARN] [1790605969.540100713, 29.379000000]: Pair opt 1 & 2[0m
[31m[ERROR] [1790605969.543192842, 29.379000000]: No path to next viewpoint[0m
[33m[WARN] [1790605969.544963560, 29.379000000]: Plan fail[0m
[31m[ERROR] [1790605969.569011412, 29.407000000]: No path to next viewpoint[0m
[33m[WARN] [1790605969.569244361, 29.407000000]: Plan fail[0m
[31m[ERROR] [1790605969.602357410, 29.434000000]: No path to next viewpoint[0m
[33m[WARN] [1790605969.602515906, 29.434000000]: Plan fail[0m
[31m[ERROR] [1790605969.603253899, 29.434000000]: Larger cost after reallocation[0m
[31m[ERROR] [1790605969.632052416, 29.461999999]: No path to next viewpoint[0m
[33m[WARN] [1790605969.632190527, 29.461999999]: Plan fail[0m
[31m[ERROR] [1790605969.632423852, 29.461999999]: No path to next viewpoint[0m
[33m[WARN] [1790605969.632762104, 29.461999999]: Plan fail[0m
[33m[WARN] [1790605969.636078387, 29.461999999]: Pair opt 1 & 2[0m
[31m[ERROR] [1790605969.672085923, 29.498000000]: No path to next viewpoint[0m
[33m[WARN] [1790605969.672289525, 29.498000000]: Plan fail[0m
[31m[ERROR] [1790605969.697450766, 29.516999999]: No path to next viewpoint[0m
[33m[WARN] [1790605969.697940302, 29.516999999]: Plan fail[0m
[31m[ERROR] [1790605969.712139982, 29.525999999]: Larger cost after reallocation[0m
[31m[ERROR] [1790605969.722475731, 29.544000000]: No path to next viewpoint[0m
[33m[WARN] [1790605969.723152194, 29.544000000]: Plan fail[0m
[31m[ERROR] [1790605969.751477808, 29.562000000]: No path to next viewpoint[0m
[33m[WARN] [1790605969.751874172, 29.562000000]: Plan fail[0m
[33m[WARN] [1790605969.752420654, 29.571000000]: Pair opt 1 & 2[0m
[31m[ERROR] [1790605969.753780792, 29.571000000]: No path to next viewpoint[0m
[33m[WARN] [1790605969.754039088, 29.571000000]: Plan fail[0m
[31m[ERROR] [1790605969.786357906, 29.599000000]: No path to next viewpoint[0m
[33m[WARN] [1790605969.786596817, 29.599000000]: Plan fail[0m
[31m[ERROR] [1790605969.811415136, 29.626000000]: Larger cost after reallocation[0m
[31m[ERROR] [1790605969.814025816, 29.626000000]: No path to next viewpoint[0m
[33m[WARN] [1790605969.814291365, 29.626000000]: Plan fail[0m
[31m[ERROR] [1790605969.844662835, 29.635000000]: No path to next viewpoint[0m
[33m[WARN] [1790605969.844898620, 29.635000000]: Plan fail[0m
[31m[ERROR] [1790605969.850921797, 29.635000000]: No path to next viewpoint[0m
[33m[WARN] [1790605969.851191598, 29.635000000]: Plan fail[0m
[33m[WARN] [1790605969.855757171, 29.635000000]: Pair opt 1 & 2[0m
[31m[ERROR] [1790605969.881531594, 29.689000000]: No path to next viewpoint[0m
[33m[WARN] [1790605969.881939714, 29.689000000]: Plan fail[0m
[31m[ERROR] [1790605969.905230187, 29.707000000]: Larger cost after reallocation[0m
[31m[ERROR] [1790605969.908437874, 29.707000000]: No path to next viewpoint[0m
[33m[WARN] [1790605969.908787632, 29.707000000]: Plan fail[0m
[31m[ERROR] [1790605969.931781081, 29.734000000]: No path to next viewpoint[0m
[33m[WARN] [1790605969.932307636, 29.734000000]: Plan fail[0m
[31m[ERROR] [1790605969.938099113, 29.734000000]: No path to next viewpoint[0m
[33m[WARN] [1790605969.938319057, 29.734000000]: Plan fail[0m
[33m[WARN] [1790605969.939079812, 29.734000000]: Pair opt 1 & 2[0m
[31m[ERROR] [1790605969.960813298, 29.753000000]: No path to next viewpoint[0m
[33m[WARN] [1790605969.961081849, 29.753000000]: Plan fail[0m
[31m[ERROR] [1790605969.985816960, 29.780000000]: No path to next viewpoint[0m
[33m[WARN] [1790605969.986296575, 29.780000000]: Plan fail[0m
[31m[ERROR] [1790605969.987253262, 29.780000000]: Larger cost after reallocation[0m
[31m[ERROR] [1790605970.004553908, 29.798000000]: No path to next viewpoint[0m
[33m[WARN] [1790605970.004919674, 29.798000000]: Plan fail[0m
[31m[ERROR] [1790605970.015857723, 29.807999999]: No path to next viewpoint[0m
[33m[WARN] [1790605970.016010508, 29.807999999]: Plan fail[0m
[33m[WARN] [1790605970.016281477, 29.807999999]: Pair opt 1 & 2[0m
[31m[ERROR] [1790605970.031045689, 29.826000000]: No path to next viewpoint[0m
[33m[WARN] [1790605970.031315824, 29.826000000]: Plan fail[0m
[31m[ERROR] [1790605970.056155279, 29.853000000]: No path to next viewpoint[0m
[33m[WARN] [1790605970.056250243, 29.853000000]: Plan fail[0m
[31m[ERROR] [1790605970.063550558, 29.862000000]: Larger cost after reallocation[0m
[31m[ERROR] [1790605970.076320648, 29.871999999]: No path to next viewpoint[0m
[33m[WARN] [1790605970.076541383, 29.871999999]: Plan fail[0m
[31m[ERROR] [1790605970.092045632, 29.890000000]: No path to next viewpoint[0m
[33m[WARN] [1790605970.092243939, 29.890000000]: Plan fail[0m
[33m[WARN] [1790605970.094279998, 29.890000000]: Pair opt 1 & 2[0m
[31m[ERROR] [1790605970.097343071, 29.890000000]: No path to next viewpoint[0m
[33m[WARN] [1790605970.098934491, 29.890000000]: Plan fail[0m
[31m[ERROR] [1790605970.117925357, 29.917000000]: No path to next viewpoint[0m
[33m[WARN] [1790605970.118242974, 29.917000000]: Plan fail[0m
[31m[ERROR] [1790605970.134559044, 29.926999999]: Larger cost after reallocation[0m
[31m[ERROR] [1790605970.137049289, 29.936000000]: No path to next viewpoint[0m
[33m[WARN] [1790605970.137407093, 29.936000000]: Plan fail[0m
[31m[ERROR] [1790605970.160250550, 29.954000000]: No path to next viewpoint[0m
[33m[WARN] [1790605970.161118693, 29.954000000]: Plan fail[0m
[31m[ERROR] [1790605970.165422468, 29.963000000]: No path to next viewpoint[0m
[33m[WARN] [1790605970.165684099, 29.963000000]: Plan fail[0m
[33m[WARN] [1790605970.166164506, 29.963000000]: Pair opt 1 & 2[0m
[31m[ERROR] [1790605970.190685469, 29.981000000]: No path to next viewpoint[0m
[33m[WARN] [1790605970.191070536, 29.981000000]: Plan fail[0m
[31m[ERROR] [1790605970.214911200, 30.009000000]: Larger cost after reallocation[0m
[31m[ERROR] [1790605970.217168704, 30.009000000]: No path to next viewpoint[0m
[33m[WARN] [1790605970.217886979, 30.009000000]: Plan fail[0m
[31m[ERROR] [1790605970.248778876, 30.036000000]: No path to next viewpoint[0m
[33m[WARN] [1790605970.249424824, 30.036000000]: Plan fail[0m
[31m[ERROR] [1790605970.253908606, 30.045000000]: No path to next viewpoint[0m
[33m[WARN] [1790605970.254326273, 30.045000000]: Plan fail[0m
[33m[WARN] [1790605970.254844490, 30.045000000]: Pair opt 1 & 2[0m
[31m[ERROR] [1790605970.278669772, 30.073000000]: No path to next viewpoint[0m
[33m[WARN] [1790605970.279115453, 30.073000000]: Plan fail[0m
[31m[ERROR] [1790605970.303997305, 30.091000000]: No path to next viewpoint[0m
[33m[WARN] [1790605970.304622367, 30.091000000]: Plan fail[0m
[31m[ERROR] [1790605970.305565964, 30.100000000]: Larger cost after reallocation[0m
[31m[ERROR] [1790605970.330154001, 30.118999999]: No path to next viewpoint[0m
[33m[WARN] [1790605970.330449274, 30.118999999]: Plan fail[0m
[31m[ERROR] [1790605970.339019474, 30.128000000]: No path to next viewpoint[0m
[33m[WARN] [1790605970.339629278, 30.128000000]: Plan fail[0m
[33m[WARN] [1790605970.340267806, 30.128000000]: Pair opt 1 & 2[0m
[31m[ERROR] [1790605970.350760675, 30.137000000]: No path to next viewpoint[0m
[33m[WARN] [1790605970.351109391, 30.137000000]: Plan fail[0m
[31m[ERROR] [1790605970.368175503, 30.155000000]: No path to next viewpoint[0m
[33m[WARN] [1790605970.368471401, 30.155000000]: Plan fail[0m
[31m[ERROR] [1790605970.385905363, 30.173999999]: Larger cost after reallocation[0m
[31m[ERROR] [1790605970.393127639, 30.182999999]: No path to next viewpoint[0m
[33m[WARN] [1790605970.394052643, 30.182999999]: Plan fail[0m
[31m[ERROR] [1790605970.414986021, 30.201000000]: No path to next viewpoint[0m
[33m[WARN] [1790605970.415366670, 30.201000000]: Plan fail[0m
[31m[ERROR] [1790605970.415062768, 30.201000000]: No path to next viewpoint[0m
[33m[WARN] [1790605970.416326399, 30.201000000]: Plan fail[0m
[33m[WARN] [1790605970.416572272, 30.201000000]: Pair opt 1 & 2[0m
[31m[ERROR] [1790605970.440817847, 30.228000000]: No path to next viewpoint[0m
[33m[WARN] [1790605970.441054466, 30.228000000]: Plan fail[0m
[31m[ERROR] [1790605970.457084977, 30.246999999]: Larger cost after reallocation[0m
[31m[ERROR] [1790605970.459238595, 30.246999999]: No path to next viewpoint[0m
[33m[WARN] [1790605970.459612782, 30.246999999]: Plan fail[0m
[31m[ERROR] [1790605970.480597269, 30.265000000]: No path to next viewpoint[0m
[33m[WARN] [1790605970.480876867, 30.265000000]: Plan fail[0m
[33m[WARN] [1790605970.484133453, 30.274000000]: Pair opt 1 & 2[0m
[31m[ERROR] [1790605970.486071004, 30.274000000]: No path to next viewpoint[0m
[33m[WARN] [1790605970.486490005, 30.274000000]: Plan fail[0m
[31m[ERROR] [1790605970.505722325, 30.292000000]: No path to next viewpoint[0m
[33m[WARN] [1790605970.506036857, 30.292000000]: Plan fail[0m
[31m[ERROR] [1790605970.524714025, 30.310999999]: No path to next viewpoint[0m
[33m[WARN] [1790605970.524919127, 30.310999999]: Plan fail[0m
[31m[ERROR] [1790605970.532048523, 30.320000000]: Larger cost after reallocation[0m
[31m[ERROR] [1790605970.543588499, 30.329000000]: No path to next viewpoint[0m
[33m[WARN] [1790605970.543876101, 30.329000000]: Plan fail[0m
[31m[ERROR] [1790605970.564554727, 30.347000000]: No path to next viewpoint[0m
[33m[WARN] [1790605970.564834033, 30.347000000]: Plan fail[0m
[31m[ERROR] [1790605970.565008245, 30.347000000]: No path to next viewpoint[0m
[33m[WARN] [1790605970.565328197, 30.347000000]: Plan fail[0m
[33m[WARN] [1790605970.565860212, 30.356000000]: Pair opt 1 & 2[0m
[31m[ERROR] [1790605970.581640265, 30.365999999]: No path to next viewpoint[0m
[33m[WARN] [1790605970.581952379, 30.365999999]: Plan fail[0m
[31m[ERROR] [1790605970.600583524, 30.384000000]: No path to next viewpoint[0m
[33m[WARN] [1790605970.600903559, 30.384000000]: Plan fail[0m
[31m[ERROR] [1790605970.601839818, 30.384000000]: Larger cost after reallocation[0m
[31m[ERROR] [1790605970.620618119, 30.402000000]: No path to next viewpoint[0m
[33m[WARN] [1790605970.621309840, 30.402000000]: Plan fail[0m
[31m[ERROR] [1790605970.636935566, 30.420000000]: No path to next viewpoint[0m
[33m[WARN] [1790605970.637303333, 30.420000000]: Plan fail[0m
[33m[WARN] [1790605970.637702157, 30.420000000]: Pair opt 1 & 2[0m
[31m[ERROR] [1790605970.660434684, 30.439000000]: No path to next viewpoint[0m
[33m[WARN] [1790605970.660792780, 30.439000000]: Plan fail[0m
[31m[ERROR] [1790605970.684560575, 30.466000000]: No path to next viewpoint[0m
[33m[WARN] [1790605970.684800069, 30.466000000]: Plan fail[0m
[31m[ERROR] [1790605970.697815074, 30.475000000]: Larger cost after reallocation[0m
[31m[ERROR] [1790605970.703286641, 30.484000000]: No path to next viewpoint[0m
[33m[WARN] [1790605970.703485449, 30.484000000]: Plan fail[0m
[31m[ERROR] [1790605970.719495325, 30.493999999]: No path to next viewpoint[0m
[33m[WARN] [1790605970.719743241, 30.493999999]: Plan fail[0m
[31m[ERROR] [1790605970.727878473, 30.503000000]: No path to next viewpoint[0m
[33m[WARN] [1790605970.728163615, 30.503000000]: Plan fail[0m
[33m[WARN] [1790605970.728467059, 30.503000000]: Pair opt 1 & 2[0m
[31m[ERROR] [1790605970.734864005, 30.512000000]: No path to next viewpoint[0m
[33m[WARN] [1790605970.735030547, 30.512000000]: Plan fail[0m
[31m[ERROR] [1790605970.752973556, 30.530000000]: No path to next viewpoint[0m
[33m[WARN] [1790605970.753152353, 30.530000000]: Plan fail[0m
[31m[ERROR] [1790605970.768945579, 30.539000000]: No path to next viewpoint[0m
[33m[WARN] [1790605970.769140760, 30.539000000]: Plan fail[0m
[31m[ERROR] [1790605970.769670567, 30.548000000]: Larger cost after reallocation[0m
[31m[ERROR] [1790605970.786487012, 30.557999999]: No path to next viewpoint[0m
[33m[WARN] [1790605970.786838480, 30.557999999]: Plan fail[0m
[31m[ERROR] [1790605970.795088936, 30.567000000]: No path to next viewpoint[0m
[33m[WARN] [1790605970.795291871, 30.567000000]: Plan fail[0m
[33m[WARN] [1790605970.795506395, 30.567000000]: Pair opt 1 & 2[0m
[31m[ERROR] [1790605970.802408136, 30.576000000]: No path to next viewpoint[0m
[33m[WARN] [1790605970.802546538, 30.576000000]: Plan fail[0m
[31m[ERROR] [1790605970.817248886, 30.585000000]: No path to next viewpoint[0m
[33m[WARN] [1790605970.817470663, 30.585000000]: Plan fail[0m
[31m[ERROR] [1790605970.833886325, 30.603000000]: No path to next viewpoint[0m
[33m[WARN] [1790605970.834269267, 30.603000000]: Plan fail[0m
[31m[ERROR] [1790605970.846492000, 30.612999999]: Larger cost after reallocation[0m
[31m[ERROR] [1790605970.859372395, 30.631000000]: No path to next viewpoint[0m
[33m[WARN] [1790605970.859964233, 30.631000000]: Plan fail[0m
[31m[ERROR] [1790605970.870769841, 30.640000000]: No path to next viewpoint[0m
[33m[WARN] [1790605970.871145654, 30.640000000]: Plan fail[0m
[33m[WARN] [1790605970.874143611, 30.640000000]: Pair opt 1 & 2[0m
[31m[ERROR] [1790605970.884263835, 30.658000000]: No path to next viewpoint[0m
[33m[WARN] [1790605970.885202596, 30.658000000]: Plan fail[0m
[31m[ERROR] [1790605970.904167365, 30.676999999]: No path to next viewpoint[0m
[33m[WARN] [1790605970.904455717, 30.676999999]: Plan fail[0m
[31m[ERROR] [1790605970.927345657, 30.695000000]: No path to next viewpoint[0m
[33m[WARN] [1790605970.927895890, 30.695000000]: Plan fail[0m
[31m[ERROR] [1790605970.930158896, 30.704000000]: Larger cost after reallocation[0m
[31m[ERROR] [1790605970.945253940, 30.713000000]: No path to next viewpoint[0m
[33m[WARN] [1790605970.946073182, 30.713000000]: Plan fail[0m
[31m[ERROR] [1790605970.957369411, 30.722000000]: No path to next viewpoint[0m
[33m[WARN] [1790605970.957729091, 30.731000000]: Plan fail[0m
[33m[WARN] [1790605970.958555504, 30.731000000]: Pair opt 1 & 2[0m
[31m[ERROR] [1790605970.971220792, 30.740999999]: No path to next viewpoint[0m
[33m[WARN] [1790605970.971427978, 30.740999999]: Plan fail[0m
[31m[ERROR] [1790605970.988596350, 30.759000000]: No path to next viewpoint[0m
[33m[WARN] [1790605970.988917344, 30.759000000]: Plan fail[0m
[31m[ERROR] [1790605971.005554658, 30.768000000]: Larger cost after reallocation[0m
[31m[ERROR] [1790605971.006897204, 30.777000000]: No path to next viewpoint[0m
[33m[WARN] [1790605971.007067664, 30.777000000]: Plan fail[0m
[31m[ERROR] [1790605971.032446056, 30.795000000]: No path to next viewpoint[0m
[33m[WARN] [1790605971.033075287, 30.795000000]: Plan fail[0m
[31m[ERROR] [1790605971.038052941, 30.804999999]: No path to next viewpoint[0m
[33m[WARN] [1790605971.038839042, 30.804999999]: Plan fail[0m
[33m[WARN] [1790605971.039166039, 30.804999999]: Pair opt 1 & 2[0m
[31m[ERROR] [1790605971.059087661, 30.823000000]: No path to next viewpoint[0m
[33m[WARN] [1790605971.059598834, 30.823000000]: Plan fail[0m
[31m[ERROR] [1790605971.084013201, 30.850000000]: Larger cost after reallocation[0m
[31m[ERROR] [1790605971.087216677, 30.850000000]: No path to next viewpoint[0m
[33m[WARN] [1790605971.087678616, 30.850000000]: Plan fail[0m
[31m[ERROR] [1790605971.110078477, 30.878000000]: No path to next viewpoint[0m
[33m[WARN] [1790605971.110417439, 30.878000000]: Plan fail[0m
[31m[ERROR] [1790605971.112363703, 30.878000000]: No path to next viewpoint[0m
[33m[WARN] [1790605971.112586356, 30.878000000]: Plan fail[0m
[33m[WARN] [1790605971.113192951, 30.878000000]: Pair opt 1 & 2[0m
[31m[ERROR] [1790605971.133517608, 30.905000000]: No path to next viewpoint[0m
[33m[WARN] [1790605971.133710579, 30.905000000]: Plan fail[0m
[31m[ERROR] [1790605971.150055956, 30.914000000]: No path to next viewpoint[0m
[33m[WARN] [1790605971.150215286, 30.914000000]: Plan fail[0m
[31m[ERROR] [1790605971.162729998, 30.932999999]: Larger cost after reallocation[0m
[31m[ERROR] [1790605971.166660796, 30.932999999]: No path to next viewpoint[0m
[33m[WARN] [1790605971.166893329, 30.932999999]: Plan fail[0m
[31m[ERROR] [1790605971.183653622, 30.951000000]: No path to next viewpoint[0m
[33m[WARN] [1790605971.183866186, 30.951000000]: Plan fail[0m
[31m[ERROR] [1790605971.191939262, 30.960000000]: No path to next viewpoint[0m
[33m[WARN] [1790605971.192159706, 30.960000000]: Plan fail[0m
[33m[WARN] [1790605971.192518385, 30.960000000]: Pair opt 1 & 2[0m
[31m[ERROR] [1790605971.198354552, 30.969000000]: No path to next viewpoint[0m
[33m[WARN] [1790605971.198690803, 30.969000000]: Plan fail[0m
[31m[ERROR] [1790605971.217903738, 30.987000000]: No path to next viewpoint[0m
[33m[WARN] [1790605971.218248661, 30.987000000]: Plan fail[0m
[31m[ERROR] [1790605971.235017874, 31.006000000]: Larger cost after reallocation[0m
[31m[ERROR] [1790605971.235192628, 31.006000000]: No path to next viewpoint[0m
[33m[WARN] [1790605971.235630847, 31.006000000]: Plan fail[0m
[31m[ERROR] [1790605971.255014409, 31.015000000]: No path to next viewpoint[0m
[33m[WARN] [1790605971.255254237, 31.015000000]: Plan fail[0m
[31m[ERROR] [1790605971.261638845, 31.024000000]: No path to next viewpoint[0m
[33m[WARN] [1790605971.261889595, 31.024000000]: Plan fail[0m
[33m[WARN] [1790605971.262280832, 31.024000000]: Pair opt 1 & 2[0m
[31m[ERROR] [1790605971.275180112, 31.042000000]: No path to next viewpoint[0m
[33m[WARN] [1790605971.275447704, 31.042000000]: Plan fail[0m
[31m[ERROR] [1790605971.293135127, 31.051999999]: No path to next viewpoint[0m
[33m[WARN] [1790605971.293467209, 31.051999999]: Plan fail[0m
[31m[ERROR] [1790605971.312087015, 31.070000000]: Larger cost after reallocation[0m
[31m[ERROR] [1790605971.313685397, 31.070000000]: No path to next viewpoint[0m
[33m[WARN] [1790605971.313840641, 31.070000000]: Plan fail[0m
[31m[ERROR] [1790605971.334233791, 31.088000000]: No path to next viewpoint[0m
[33m[WARN] [1790605971.334541778, 31.088000000]: Plan fail[0m
[31m[ERROR] [1790605971.339239918, 31.097000000]: No path to next viewpoint[0m
[33m[WARN] [1790605971.339474410, 31.097000000]: Plan fail[0m
[33m[WARN] [1790605971.339894453, 31.097000000]: Pair opt 1 & 2[0m
[31m[ERROR] [1790605971.356086670, 31.115999999]: No path to next viewpoint[0m
[33m[WARN] [1790605971.356352762, 31.115999999]: Plan fail[0m
[31m[ERROR] [1790605971.372475444, 31.125000000]: No path to next viewpoint[0m
[33m[WARN] [1790605971.372737533, 31.125000000]: Plan fail[0m
[31m[ERROR] [1790605971.384246368, 31.134000000]: Larger cost after reallocation[0m
[31m[ERROR] [1790605971.395938670, 31.152000000]: No path to next viewpoint[0m
[33m[WARN] [1790605971.396141313, 31.152000000]: Plan fail[0m
[31m[ERROR] [1790605971.412799846, 31.170000000]: No path to next viewpoint[0m
[33m[WARN] [1790605971.412998987, 31.170000000]: Plan fail[0m
[31m[ERROR] [1790605971.415871965, 31.170000000]: No path to next viewpoint[0m
[33m[WARN] [1790605971.416234437, 31.170000000]: Plan fail[0m
[33m[WARN] [1790605971.416523624, 31.170000000]: Pair opt 1 & 2[0m
[31m[ERROR] [1790605971.428992730, 31.179999999]: No path to next viewpoint[0m
[33m[WARN] [1790605971.429443038, 31.179999999]: Plan fail[0m
[31m[ERROR] [1790605971.447619706, 31.198000000]: No path to next viewpoint[0m
[33m[WARN] [1790605971.447858950, 31.198000000]: Plan fail[0m
[33m[WARN] [1790605971.459820678, 31.207000000]: Drone 1 send opt request to 2, pair opt t: 0.037000, allocate t: 0.037000[0m
[31m[ERROR] [1790605971.466248307, 31.216000000]: No path to next viewpoint[0m
[33m[WARN] [1790605971.466448032, 31.216000000]: Plan fail[0m
[31m[ERROR] [1790605971.484600228, 31.234000000]: No path to next viewpoint[0m
[33m[WARN] [1790605971.484881786, 31.234000000]: Plan fail[0m
[31m[ERROR] [1790605971.491756096, 31.234000000]: No path to next viewpoint[0m
[33m[WARN] [1790605971.492280817, 31.234000000]: Plan fail[0m
[33m[WARN] [1790605971.495499008, 31.243999999]: get response 1[0m
[31m[ERROR] [1790605971.505099765, 31.253000000]: No path to next viewpoint[0m
[33m[WARN] [1790605971.505359519, 31.253000000]: Plan fail[0m
[31m[ERROR] [1790605971.522774598, 31.271000000]: No path to next viewpoint[0m
[33m[WARN] [1790605971.523069954, 31.271000000]: Plan fail[0m
[31m[ERROR] [1790605971.534205477, 31.280000000]: No path to next viewpoint[0m
[33m[WARN] [1790605971.534477696, 31.280000000]: Plan fail[0m
[31m[ERROR] [1790605971.537890235, 31.289000000]: No path to next viewpoint[0m
[33m[WARN] [1790605971.538117223, 31.289000000]: Plan fail[0m
[31m[ERROR] [1790605971.554954096, 31.298000000]: No path to next viewpoint[0m
[33m[WARN] [1790605971.555488113, 31.298000000]: Plan fail[0m
[31m[ERROR] [1790605971.570733315, 31.317000000]: No path to next viewpoint[0m
[33m[WARN] [1790605971.571050890, 31.317000000]: Plan fail[0m
[31m[ERROR] [1790605971.578225726, 31.326000000]: No path to next viewpoint[0m
[33m[WARN] [1790605971.578614837, 31.326000000]: Plan fail[0m
[31m[ERROR] [1790605971.587046051, 31.335000000]: No path to next viewpoint[0m
[33m[WARN] [1790605971.587710049, 31.335000000]: Plan fail[0m
[31m[ERROR] [1790605971.604216340, 31.353000000]: No path to next viewpoint[0m
[33m[WARN] [1790605971.604478387, 31.353000000]: Plan fail[0m
[31m[ERROR] [1790605971.620308257, 31.362999999]: No path to next viewpoint[0m
[33m[WARN] [1790605971.620895050, 31.362999999]: Plan fail[0m
[31m[ERROR] [1790605971.623783494, 31.371999999]: No path to next viewpoint[0m
[33m[WARN] [1790605971.624194324, 31.371999999]: Plan fail[0m
[31m[ERROR] [1790605971.646073300, 31.390000000]: No path to next viewpoint[0m
[33m[WARN] [1790605971.646542367, 31.390000000]: Plan fail[0m
[31m[ERROR] [1790605971.674379946, 31.417000000]: No path to next viewpoint[0m
[33m[WARN] [1790605971.674620149, 31.417000000]: Plan fail[0m
[31m[ERROR] [1790605971.678003632, 31.417000000]: No path to next viewpoint[0m
[33m[WARN] [1790605971.678228411, 31.417000000]: Plan fail[0m
[31m[ERROR] [1790605971.694621520, 31.435999999]: No path to next viewpoint[0m
[33m[WARN] [1790605971.694976697, 31.435999999]: Plan fail[0m
[31m[ERROR] [1790605971.718813652, 31.454000000]: No path to next viewpoint[0m
[33m[WARN] [1790605971.719237822, 31.454000000]: Plan fail[0m
[31m[ERROR] [1790605971.727413783, 31.463000000]: No path to next viewpoint[0m
[33m[WARN] [1790605971.727606671, 31.463000000]: Plan fail[0m
[31m[ERROR] [1790605971.736501950, 31.472000000]: No path to next viewpoint[0m
[33m[WARN] [1790605971.736675203, 31.472000000]: Plan fail[0m
[31m[ERROR] [1790605971.753975766, 31.490999999]: No path to next viewpoint[0m
[33m[WARN] [1790605971.754165944, 31.490999999]: Plan fail[0m
[31m[ERROR] [1790605971.771111037, 31.509000000]: No path to next viewpoint[0m
[33m[WARN] [1790605971.771444871, 31.509000000]: Plan fail[0m
[31m[ERROR] [1790605971.774909019, 31.509000000]: No path to next viewpoint[0m
[33m[WARN] [1790605971.775226636, 31.509000000]: Plan fail[0m
[31m[ERROR] [1790605971.787217378, 31.527000000]: No path to next viewpoint[0m
[33m[WARN] [1790605971.787485012, 31.527000000]: Plan fail[0m
[31m[ERROR] [1790605971.804185525, 31.536000000]: No path to next viewpoint[0m
[33m[WARN] [1790605971.804570425, 31.536000000]: Plan fail[0m
[31m[ERROR] [1790605971.819832011, 31.554999999]: No path to next viewpoint[0m
[33m[WARN] [1790605971.820085471, 31.554999999]: Plan fail[0m
[31m[ERROR] [1790605971.823011558, 31.554999999]: No path to next viewpoint[0m
[33m[WARN] [1790605971.823613234, 31.554999999]: Plan fail[0m
[31m[ERROR] [1790605971.839950190, 31.573000000]: No path to next viewpoint[0m
[33m[WARN] [1790605971.840186891, 31.573000000]: Plan fail[0m
[31m[ERROR] [1790605971.859168919, 31.591000000]: No path to next viewpoint[0m
[33m[WARN] [1790605971.859484827, 31.591000000]: Plan fail[0m
[31m[ERROR] [1790605971.868608470, 31.600000000]: No path to next viewpoint[0m
[33m[WARN] [1790605971.869143946, 31.600000000]: Plan fail[0m
[31m[ERROR] [1790605971.887500870, 31.618999999]: No path to next viewpoint[0m
[33m[WARN] [1790605971.887795350, 31.618999999]: Plan fail[0m
[31m[ERROR] [1790605971.911572983, 31.638000000]: No path to next viewpoint[0m
[33m[WARN] [1790605971.912050513, 31.638000000]: Plan fail[0m
[31m[ERROR] [1790605971.915486981, 31.647999999]: No path to next viewpoint[0m
[33m[WARN] [1790605971.915859125, 31.647999999]: Plan fail[0m
[31m[ERROR] [1790605971.933473303, 31.666000000]: No path to next viewpoint[0m
[33m[WARN] [1790605971.933668109, 31.666000000]: Plan fail[0m
[31m[ERROR] [1790605971.955456122, 31.684000000]: No path to next viewpoint[0m
[33m[WARN] [1790605971.955689489, 31.684000000]: Plan fail[0m
[31m[ERROR] [1790605971.969347439, 31.693000000]: No path to next viewpoint[0m
[33m[WARN] [1790605971.969822260, 31.693000000]: Plan fail[0m
[31m[ERROR] [1790605971.972188026, 31.702000000]: No path to next viewpoint[0m
[33m[WARN] [1790605971.972501474, 31.702000000]: Plan fail[0m
[31m[ERROR] [1790605971.988141457, 31.711999999]: No path to next viewpoint[0m
[33m[WARN] [1790605971.988316961, 31.711999999]: Plan fail[0m
[31m[ERROR] [1790605972.006309911, 31.730000000]: No path to next viewpoint[0m
[33m[WARN] [1790605972.006492378, 31.730000000]: Plan fail[0m
[31m[ERROR] [1790605972.022068078, 31.739000000]: No path to next viewpoint[0m
[33m[WARN] [1790605972.022350886, 31.739000000]: Plan fail[0m
[33m[WARN] [1790605972.022741290, 31.748000000]: Pair opt 1 & 2[0m
[31m[ERROR] [1790605972.023518970, 31.748000000]: No path to next viewpoint[0m
[33m[WARN] [1790605972.023945683, 31.748000000]: Plan fail[0m
[31m[ERROR] [1790605972.042159952, 31.766999999]: No path to next viewpoint[0m
[33m[WARN] [1790605972.042816280, 31.766999999]: Plan fail[0m
[31m[ERROR] [1790605972.061431500, 31.785000000]: No path to next viewpoint[0m
[33m[WARN] [1790605972.061984526, 31.785000000]: Plan fail[0m
[33m[WARN] [1790605972.072814314, 31.794000000]: Drone 1 send opt request to 2, pair opt t: 0.046000, allocate t: 0.037000[0m
[31m[ERROR] [1790605972.076024043, 31.794000000]: No path to next viewpoint[0m
[33m[WARN] [1790605972.076226936, 31.794000000]: Plan fail[0m
[31m[ERROR] [1790605972.095852410, 31.812000000]: No path to next viewpoint[0m
[33m[WARN] [1790605972.096244731, 31.812000000]: Plan fail[0m
[31m[ERROR] [1790605972.116066137, 31.830999999]: No path to next viewpoint[0m
[33m[WARN] [1790605972.116442158, 31.830999999]: Plan fail[0m
[31m[ERROR] [1790605972.127165851, 31.849000000]: No path to next viewpoint[0m
[33m[WARN] [1790605972.127388504, 31.849000000]: Plan fail[0m
[33m[WARN] [1790605972.127916268, 31.849000000]: Pair opt 1 & 2[0m
[31m[ERROR] [1790605972.133956161, 31.849000000]: No path to next viewpoint[0m
[33m[WARN] [1790605972.134284909, 31.849000000]: Plan fail[0m
[31m[ERROR] [1790605972.151824841, 31.867000000]: No path to next viewpoint[0m
[33m[WARN] [1790605972.152040740, 31.867000000]: Plan fail[0m
[31m[ERROR] [1790605972.171501549, 31.885000000]: No path to next viewpoint[0m
[33m[WARN] [1790605972.171708694, 31.885000000]: Plan fail[0m
[31m[ERROR] [1790605972.186399828, 31.903999999]: No path to next viewpoint[0m
[33m[WARN] [1790605972.186612351, 31.903999999]: Plan fail[0m
[31m[ERROR] [1790605972.189721613, 31.903999999]: Larger cost after reallocation[0m
[33m[WARN] [1790605972.190068703, 31.903999999]: get response 1[0m
[31m[ERROR] [1790605972.204021635, 31.922000000]: No path to next viewpoint[0m
[33m[WARN] [1790605972.204296397, 31.922000000]: Plan fail[0m
[31m[ERROR] [1790605972.219278718, 31.931000000]: No path to next viewpoint[0m
[33m[WARN] [1790605972.219635271, 31.931000000]: Plan fail[0m
[31m[ERROR] [1790605972.232245448, 31.949000000]: No path to next viewpoint[0m
[33m[WARN] [1790605972.232399858, 31.949000000]: Plan fail[0m
[31m[ERROR] [1790605972.233241571, 31.949000000]: No path to next viewpoint[0m
[33m[WARN] [1790605972.233461180, 31.949000000]: Plan fail[0m
[31m[ERROR] [1790605972.246057225, 31.958999999]: No path to next viewpoint[0m
[33m[WARN] [1790605972.246270248, 31.958999999]: Plan fail[0m
[31m[ERROR] [1790605972.262515158, 31.977000000]: No path to next viewpoint[0m
[33m[WARN] [1790605972.262809847, 31.977000000]: Plan fail[0m
[31m[ERROR] [1790605972.274881380, 31.986000000]: No path to next viewpoint[0m
[33m[WARN] [1790605972.275040084, 31.986000000]: Plan fail[0m
[31m[ERROR] [1790605972.275651307, 31.986000000]: No path to next viewpoint[0m
[33m[WARN] [1790605972.276138550, 31.986000000]: Plan fail[0m
[31m[ERROR] [1790605972.287228884, 31.995000000]: No path to next viewpoint[0m
[33m[WARN] [1790605972.287776116, 32.005000000]: Plan fail[0m
[31m[ERROR] [1790605972.302838602, 32.014000000]: No path to next viewpoint[0m
[33m[WARN] [1790605972.303375036, 32.014000000]: Plan fail[0m
[31m[ERROR] [1790605972.322767269, 32.033000000]: No path to next viewpoint[0m
[33m[WARN] [1790605972.323117444, 32.033000000]: Plan fail[0m
[31m[ERROR] [1790605972.324308248, 32.033000000]: No path to next viewpoint[0m
[33m[WARN] [1790605972.324454154, 32.033000000]: Plan fail[0m
[31m[ERROR] [1790605972.341164714, 32.051000000]: No path to next viewpoint[0m
[33m[WARN] [1790605972.341540110, 32.051000000]: Plan fail[0m
[31m[ERROR] [1790605972.357342965, 32.069000000]: No path to next viewpoint[0m
[33m[WARN] [1790605972.357721780, 32.069000000]: Plan fail[0m
[31m[ERROR] [1790605972.375851590, 32.087000000]: No path to next viewpoint[0m
[33m[WARN] [1790605972.376000790, 32.087000000]: Plan fail[0m
[31m[ERROR] [1790605972.376132439, 32.087000000]: No path to next viewpoint[0m
[33m[WARN] [1790605972.376415497, 32.087000000]: Plan fail[0m
[31m[ERROR] [1790605972.393280884, 32.106000000]: No path to next viewpoint[0m
[33m[WARN] [1790605972.393615634, 32.106000000]: Plan fail[0m
[31m[ERROR] [1790605972.408007368, 32.124000000]: No path to next viewpoint[0m
[33m[WARN] [1790605972.408245529, 32.124000000]: Plan fail[0m
[31m[ERROR] [1790605972.422362751, 32.133000000]: No path to next viewpoint[0m
[33m[WARN] [1790605972.422833486, 32.133000000]: Plan fail[0m
[31m[ERROR] [1790605972.423657731, 32.133000000]: No path to next viewpoint[0m
[33m[WARN] [1790605972.424088613, 32.133000000]: Plan fail[0m
[31m[ERROR] [1790605972.439754275, 32.151000000]: No path to next viewpoint[0m
[33m[WARN] [1790605972.440019783, 32.151000000]: Plan fail[0m
[31m[ERROR] [1790605972.458478883, 32.170000000]: No path to next viewpoint[0m
[33m[WARN] [1790605972.459047542, 32.170000000]: Plan fail[0m
[31m[ERROR] [1790605972.464619660, 32.179000000]: No path to next viewpoint[0m
[33m[WARN] [1790605972.464952243, 32.179000000]: Plan fail[0m
[31m[ERROR] [1790605972.485329844, 32.197000000]: No path to next viewpoint[0m
[33m[WARN] [1790605972.486382995, 32.197000000]: Plan fail[0m
[31m[ERROR] [1790605972.511167714, 32.215000000]: No path to next viewpoint[0m
[33m[WARN] [1790605972.511598972, 32.215000000]: Plan fail[0m
[31m[ERROR] [1790605972.516906541, 32.225000000]: No path to next viewpoint[0m
[33m[WARN] [1790605972.517947227, 32.225000000]: Plan fail[0m
[31m[ERROR] [1790605972.535856719, 32.243000000]: No path to next viewpoint[0m
[33m[WARN] [1790605972.536110930, 32.243000000]: Plan fail[0m
[31m[ERROR] [1790605972.559930417, 32.261000000]: No path to next viewpoint[0m
[33m[WARN] [1790605972.560451260, 32.270000000]: Plan fail[0m
[31m[ERROR] [1790605972.570151025, 32.279000000]: No path to next viewpoint[0m
[33m[WARN] [1790605972.570411238, 32.279000000]: Plan fail[0m
[31m[ERROR] [1790605972.585464678, 32.289000000]: No path to next viewpoint[0m
[33m[WARN] [1790605972.585789757, 32.289000000]: Plan fail[0m
[31m[ERROR] [1790605972.603308262, 32.307000000]: No path to next viewpoint[0m
[33m[WARN] [1790605972.603542545, 32.307000000]: Plan fail[0m
[31m[ERROR] [1790605972.619763360, 32.325000000]: No path to next viewpoint[0m
[31m[ERROR] [1790605972.619845735, 32.325000000]: No path to next viewpoint[0m
[33m[WARN] [1790605972.620086522, 32.325000000]: Plan fail[0m
[33m[WARN] [1790605972.620249561, 32.325000000]: Plan fail[0m
[31m[ERROR] [1790605972.638345772, 32.343000000]: No path to next viewpoint[0m
[33m[WARN] [1790605972.638585558, 32.343000000]: Plan fail[0m
[31m[ERROR] [1790605972.657746425, 32.362000000]: No path to next viewpoint[0m
[33m[WARN] [1790605972.658162175, 32.362000000]: Plan fail[0m
[31m[ERROR] [1790605972.665165175, 32.371000000]: No path to next viewpoint[0m
[33m[WARN] [1790605972.665340054, 32.371000000]: Plan fail[0m
[31m[ERROR] [1790605972.674332173, 32.380000000]: No path to next viewpoint[0m
[33m[WARN] [1790605972.675031647, 32.380000000]: Plan fail[0m
[31m[ERROR] [1790605972.700073453, 32.398000000]: No path to next viewpoint[0m
[33m[WARN] [1790605972.700412790, 32.398000000]: Plan fail[0m
[31m[ERROR] [1790605972.716600921, 32.417000000]: No path to next viewpoint[0m
[33m[WARN] [1790605972.717120264, 32.417000000]: Plan fail[0m
[31m[ERROR] [1790605972.718707266, 32.417000000]: No path to next viewpoint[0m
[33m[WARN] [1790605972.719224191, 32.417000000]: Plan fail[0m
[33m[WARN] [1790605972.719842791, 32.417000000]: Pair opt 1 & 2[0m
[31m[ERROR] [1790605972.734979648, 32.426000000]: No path to next viewpoint[0m
[33m[WARN] [1790605972.735108129, 32.426000000]: Plan fail[0m
[31m[ERROR] [1790605972.751637889, 32.447000000]: No path to next viewpoint[0m
[33m[WARN] [1790605972.751918738, 32.447000000]: Plan fail[0m
[31m[ERROR] [1790605972.766242855, 32.456000000]: No path to next viewpoint[0m
[33m[WARN] [1790605972.766424738, 32.456000000]: Plan fail[0m
[33m[WARN] [1790605972.774850782, 32.475000000]: Drone 1 send opt request to 2, pair opt t: 0.058000, allocate t: 0.048000[0m
[31m[ERROR] [1790605972.777049964, 32.475000000]: No path to next viewpoint[0m
[33m[WARN] [1790605972.777346196, 32.475000000]: Plan fail[0m
[31m[ERROR] [1790605972.792950952, 32.484000000]: No path to next viewpoint[0m
[33m[WARN] [1790605972.793355488, 32.484000000]: Plan fail[0m
[31m[ERROR] [1790605972.812934731, 32.502000000]: No path to next viewpoint[0m
[33m[WARN] [1790605972.813349772, 32.502000000]: Plan fail[0m
[31m[ERROR] [1790605972.820722915, 32.511000000]: No path to next viewpoint[0m
[33m[WARN] [1790605972.820943942, 32.511000000]: Plan fail[0m
[33m[WARN] [1790605972.823146376, 32.511000000]: get response 1[0m
[31m[ERROR] [1790605972.830956154, 32.520000000]: No path to next viewpoint[0m
[33m[WARN] [1790605972.831447816, 32.520000000]: Plan fail[0m
[31m[ERROR] [1790605972.851152705, 32.539000000]: No path to next viewpoint[0m
[33m[WARN] [1790605972.851551238, 32.539000000]: Plan fail[0m
[31m[ERROR] [1790605972.852782395, 32.539000000]: No path to next viewpoint[0m
[33m[WARN] [1790605972.853033479, 32.539000000]: Plan fail[0m
[31m[ERROR] [1790605972.872493495, 32.557000000]: No path to next viewpoint[0m
[33m[WARN] [1790605972.872685050, 32.557000000]: Plan fail[0m
[31m[ERROR] [1790605972.877077328, 32.566000000]: No path to next viewpoint[0m
[33m[WARN] [1790605972.877219149, 32.566000000]: Plan fail[0m
[31m[ERROR] [1790605972.889431585, 32.575000000]: No path to next viewpoint[0m
[33m[WARN] [1790605972.889638564, 32.575000000]: Plan fail[0m
[31m[ERROR] [1790605972.909304684, 32.593000000]: No path to next viewpoint[0m
[33m[WARN] [1790605972.909772125, 32.593000000]: Plan fail[0m
[31m[ERROR] [1790605972.912132638, 32.593000000]: No path to next viewpoint[0m
[33m[WARN] [1790605972.912241193, 32.593000000]: Plan fail[0m
[31m[ERROR] [1790605972.924113251, 32.612000000]: No path to next viewpoint[0m
[33m[WARN] [1790605972.924393724, 32.612000000]: Plan fail[0m
[31m[ERROR] [1790605972.943582439, 32.621000000]: No path to next viewpoint[0m
[33m[WARN] [1790605972.943799256, 32.621000000]: Plan fail[0m
[31m[ERROR] [1790605972.944299547, 32.621000000]: No path to next viewpoint[0m
[33m[WARN] [1790605972.944653224, 32.621000000]: Plan fail[0m
[31m[ERROR] [1790605972.962841272, 32.648000000]: No path to next viewpoint[0m
[33m[WARN] [1790605972.962949409, 32.648000000]: Plan fail[0m
[31m[ERROR] [1790605972.980084806, 32.658000000]: No path to next viewpoint[0m
[33m[WARN] [1790605972.980243177, 32.658000000]: Plan fail[0m
[31m[ERROR] [1790605972.980155591, 32.658000000]: No path to next viewpoint[0m
[33m[WARN] [1790605972.981044202, 32.658000000]: Plan fail[0m
[31m[ERROR] [1790605972.995808581, 32.676000000]: No path to next viewpoint[0m
[33m[WARN] [1790605972.996023688, 32.676000000]: Plan fail[0m
[31m[ERROR] [1790605973.006120317, 32.685000000]: No path to next viewpoint[0m
[33m[WARN] [1790605973.006419842, 32.685000000]: Plan fail[0m
[31m[ERROR] [1790605973.013393244, 32.694000000]: No path to next viewpoint[0m
[33m[WARN] [1790605973.013808826, 32.694000000]: Plan fail[0m
[31m[ERROR] [1790605973.028909123, 32.703000000]: No path to next viewpoint[0m
[33m[WARN] [1790605973.029034143, 32.703000000]: Plan fail[0m
[31m[ERROR] [1790605973.032903452, 32.712000000]: No path to next viewpoint[0m
[33m[WARN] [1790605973.033187094, 32.712000000]: Plan fail[0m
[31m[ERROR] [1790605973.046521674, 32.721000000]: No path to next viewpoint[0m
[33m[WARN] [1790605973.046822158, 32.721000000]: Plan fail[0m
[31m[ERROR] [1790605973.060942756, 32.740000000]: No path to next viewpoint[0m
[31m[ERROR] [1790605973.061178749, 32.740000000]: No path to next viewpoint[0m
[33m[WARN] [1790605973.061233318, 32.740000000]: Plan fail[0m
[33m[WARN] [1790605973.061328324, 32.740000000]: Plan fail[0m
[31m[ERROR] [1790605973.074287467, 32.749000000]: No path to next viewpoint[0m
[33m[WARN] [1790605973.074493779, 32.749000000]: Plan fail[0m
[31m[ERROR] [1790605973.090060058, 32.767000000]: No path to next viewpoint[0m
[33m[WARN] [1790605973.090160024, 32.767000000]: Plan fail[0m
[31m[ERROR] [1790605973.093800469, 32.767000000]: No path to next viewpoint[0m
[33m[WARN] [1790605973.094101786, 32.767000000]: Plan fail[0m
[31m[ERROR] [1790605973.112495979, 32.786000000]: No path to next viewpoint[0m
[33m[WARN] [1790605973.112852782, 32.786000000]: Plan fail[0m
[31m[ERROR] [1790605973.116565137, 32.786000000]: No path to next viewpoint[0m
[33m[WARN] [1790605973.117311010, 32.786000000]: Plan fail[0m
[31m[ERROR] [1790605973.135365908, 32.804000000]: No path to next viewpoint[0m
[33m[WARN] [1790605973.135665474, 32.804000000]: Plan fail[0m
[31m[ERROR] [1790605973.147939316, 32.822000000]: No path to next viewpoint[0m
[33m[WARN] [1790605973.148273525, 32.822000000]: Plan fail[0m
[31m[ERROR] [1790605973.152077468, 32.822000000]: No path to next viewpoint[0m
[33m[WARN] [1790605973.152373824, 32.822000000]: Plan fail[0m
[31m[ERROR] [1790605973.172570167, 32.840000000]: No path to next viewpoint[0m
[33m[WARN] [1790605973.172836425, 32.840000000]: Plan fail[0m
[31m[ERROR] [1790605973.178231580, 32.850000000]: No path to next viewpoint[0m
[33m[WARN] [1790605973.178481496, 32.850000000]: Plan fail[0m
[31m[ERROR] [1790605973.190602179, 32.859000000]: No path to next viewpoint[0m
[33m[WARN] [1790605973.190836296, 32.859000000]: Plan fail[0m
[31m[ERROR] [1790605973.207087876, 32.877000000]: No path to next viewpoint[0m
[33m[WARN] [1790605973.207358511, 32.877000000]: Plan fail[0m
[31m[ERROR] [1790605973.209092336, 32.877000000]: No path to next viewpoint[0m
[33m[WARN] [1790605973.209292769, 32.877000000]: Plan fail[0m
[31m[ERROR] [1790605973.234264166, 32.904000000]: No path to next viewpoint[0m
[33m[WARN] [1790605973.234622136, 32.904000000]: Plan fail[0m
[31m[ERROR] [1790605973.240330947, 32.914000000]: No path to next viewpoint[0m
[33m[WARN] [1790605973.240530380, 32.914000000]: Plan fail[0m
[31m[ERROR] [1790605973.251634388, 32.923000000]: No path to next viewpoint[0m
[33m[WARN] [1790605973.252051805, 32.923000000]: Plan fail[0m
[31m[ERROR] [1790605973.269267659, 32.941000000]: No path to next viewpoint[0m
[33m[WARN] [1790605973.269624962, 32.941000000]: Plan fail[0m
[31m[ERROR] [1790605973.270465757, 32.941000000]: No path to next viewpoint[0m
[33m[WARN] [1790605973.270637176, 32.941000000]: Plan fail[0m
[31m[ERROR] [1790605973.287838940, 32.959000000]: No path to next viewpoint[0m
[33m[WARN] [1790605973.288208249, 32.959000000]: Plan fail[0m
[31m[ERROR] [1790605973.299555295, 32.968000000]: No path to next viewpoint[0m
[33m[WARN] [1790605973.299739053, 32.968000000]: Plan fail[0m
[31m[ERROR] [1790605973.304387418, 32.968000000]: No path to next viewpoint[0m
[33m[WARN] [1790605973.304690361, 32.968000000]: Plan fail[0m
[31m[ERROR] [1790605973.332306204, 32.996000000]: No path to next viewpoint[0m
[31m[ERROR] [1790605973.332418343, 32.996000000]: No path to next viewpoint[0m
[33m[WARN] [1790605973.332675222, 32.996000000]: Plan fail[0m
[33m[WARN] [1790605973.332920261, 32.996000000]: Plan fail[0m
[31m[ERROR] [1790605973.351928802, 33.014000000]: No path to next viewpoint[0m
[33m[WARN] [1790605973.352625150, 33.014000000]: Plan fail[0m
[31m[ERROR] [1790605973.358889572, 33.023000000]: No path to next viewpoint[0m
[33m[WARN] [1790605973.359132694, 33.023000000]: Plan fail[0m
[31m[ERROR] [1790605973.369748165, 33.033000000]: No path to next viewpoint[0m
[33m[WARN] [1790605973.370054110, 33.033000000]: Plan fail[0m
[31m[ERROR] [1790605973.387949428, 33.051000000]: No path to next viewpoint[0m
[33m[WARN] [1790605973.388157240, 33.051000000]: Plan fail[0m
[31m[ERROR] [1790605973.388079827, 33.051000000]: No path to next viewpoint[0m
[33m[WARN] [1790605973.388448761, 33.051000000]: Plan fail[0m
[31m[ERROR] [1790605973.405022627, 33.069000000]: No path to next viewpoint[0m
[33m[WARN] [1790605973.405570526, 33.069000000]: Plan fail[0m
[31m[ERROR] [1790605973.414727561, 33.078000000]: No path to next viewpoint[0m
[33m[WARN] [1790605973.415069065, 33.078000000]: Plan fail[0m
[33m[WARN] [1790605973.415257659, 33.078000000]: Pair opt 1 & 2[0m
[31m[ERROR] [1790605973.420557724, 33.078000000]: No path to next viewpoint[0m
[33m[WARN] [1790605973.420921573, 33.078000000]: Plan fail[0m
[31m[ERROR] [1790605973.440951583, 33.097000000]: No path to next viewpoint[0m
[33m[WARN] [1790605973.441096780, 33.097000000]: Plan fail[0m
[31m[ERROR] [1790605973.456298502, 33.115000000]: No path to next viewpoint[0m
[33m[WARN] [1790605973.456525032, 33.115000000]: Plan fail[0m
[31m[ERROR] [1790605973.469937068, 33.124000000]: Larger cost after reallocation[0m
[31m[ERROR] [1790605973.481737632, 33.142000000]: No path to next viewpoint[0m
[33m[WARN] [1790605973.481916221, 33.142000000]: Plan fail[0m
[31m[ERROR] [1790605973.496420637, 33.151000000]: No path to next viewpoint[0m
[33m[WARN] [1790605973.496728374, 33.151000000]: Plan fail[0m
[33m[WARN] [1790605973.497111107, 33.151000000]: Pair opt 1 & 2[0m
[31m[ERROR] [1790605973.497760348, 33.151000000]: No path to next viewpoint[0m
[33m[WARN] [1790605973.498475330, 33.151000000]: Plan fail[0m
[31m[ERROR] [1790605973.529674089, 33.188000000]: No path to next viewpoint[0m
[33m[WARN] [1790605973.529961107, 33.188000000]: Plan fail[0m
[31m[ERROR] [1790605973.541276470, 33.197000000]: Larger cost after reallocation[0m
[31m[ERROR] [1790605973.550086331, 33.206000000]: No path to next viewpoint[0m
[33m[WARN] [1790605973.550375726, 33.206000000]: Plan fail[0m
[31m[ERROR] [1790605973.572633099, 33.234000000]: No path to next viewpoint[0m
[33m[WARN] [1790605973.573100207, 33.234000000]: Plan fail[0m
[33m[WARN] [1790605973.573587993, 33.234000000]: Pair opt 1 & 2[0m
[31m[ERROR] [1790605973.575136517, 33.234000000]: No path to next viewpoint[0m
[33m[WARN] [1790605973.576724185, 33.234000000]: Plan fail[0m
[31m[ERROR] [1790605973.600585193, 33.252000000]: No path to next viewpoint[0m
[33m[WARN] [1790605973.600950667, 33.252000000]: Plan fail[0m
[31m[ERROR] [1790605973.617581312, 33.270000000]: Larger cost after reallocation[0m
[31m[ERROR] [1790605973.622017987, 33.279000000]: No path to next viewpoint[0m
[33m[WARN] [1790605973.622300379, 33.279000000]: Plan fail[0m
[31m[ERROR] [1790605973.639269359, 33.298000000]: No path to next viewpoint[0m
[33m[WARN] [1790605973.639496472, 33.298000000]: Plan fail[0m
[31m[ERROR] [1790605973.650450697, 33.307000000]: No path to next viewpoint[0m
[33m[WARN] [1790605973.650718122, 33.307000000]: Plan fail[0m
[33m[WARN] [1790605973.650932354, 33.307000000]: Pair opt 1 & 2[0m
[31m[ERROR] [1790605973.660649002, 33.316000000]: No path to next viewpoint[0m
[33m[WARN] [1790605973.661406839, 33.316000000]: Plan fail[0m
[31m[ERROR] [1790605973.679841677, 33.334000000]: No path to next viewpoint[0m
[33m[WARN] [1790605973.680120566, 33.334000000]: Plan fail[0m
[31m[ERROR] [1790605973.694921046, 33.343000000]: Larger cost after reallocation[0m
[31m[ERROR] [1790605973.697957688, 33.353000000]: No path to next viewpoint[0m
[33m[WARN] [1790605973.698613599, 33.353000000]: Plan fail[0m
[31m[ERROR] [1790605973.716720357, 33.371000000]: No path to next viewpoint[0m
[33m[WARN] [1790605973.716910952, 33.371000000]: Plan fail[0m
[31m[ERROR] [1790605973.728234319, 33.380000000]: No path to next viewpoint[0m
[33m[WARN] [1790605973.728492115, 33.380000000]: Plan fail[0m
[33m[WARN] [1790605973.728863300, 33.380000000]: Pair opt 1 & 2[0m
[31m[ERROR] [1790605973.734280549, 33.389000000]: No path to next viewpoint[0m
[33m[WARN] [1790605973.734463057, 33.389000000]: Plan fail[0m
[31m[ERROR] [1790605973.753543551, 33.408000000]: No path to next viewpoint[0m
[33m[WARN] [1790605973.753940666, 33.408000000]: Plan fail[0m
[31m[ERROR] [1790605973.769374379, 33.417000000]: Larger cost after reallocation[0m
[31m[ERROR] [1790605973.773864039, 33.426000000]: No path to next viewpoint[0m
[33m[WARN] [1790605973.774123544, 33.426000000]: Plan fail[0m
[31m[ERROR] [1790605973.792283286, 33.444000000]: No path to next viewpoint[0m
[33m[WARN] [1790605973.792555922, 33.444000000]: Plan fail[0m
[33m[WARN] [1790605973.795198326, 33.444000000]: Pair opt 1 & 2[0m
[31m[ERROR] [1790605973.796407972, 33.444000000]: No path to next viewpoint[0m
[33m[WARN] [1790605973.796692156, 33.444000000]: Plan fail[0m
[31m[ERROR] [1790605973.816354566, 33.462000000]: No path to next viewpoint[0m
[33m[WARN] [1790605973.816673600, 33.462000000]: Plan fail[0m
[31m[ERROR] [1790605973.841096597, 33.490000000]: No path to next viewpoint[0m
[33m[WARN] [1790605973.841294946, 33.490000000]: Plan fail[0m
[31m[ERROR] [1790605973.842166090, 33.490000000]: Larger cost after reallocation[0m
[31m[ERROR] [1790605973.856692850, 33.508000000]: No path to next viewpoint[0m
[33m[WARN] [1790605973.856938806, 33.508000000]: Plan fail[0m
[31m[ERROR] [1790605973.871320743, 33.517000000]: No path to next viewpoint[0m
[33m[WARN] [1790605973.871583500, 33.517000000]: Plan fail[0m
[33m[WARN] [1790605973.872167792, 33.517000000]: Pair opt 1 & 2[0m
[31m[ERROR] [1790605973.877116014, 33.526000000]: No path to next viewpoint[0m
[33m[WARN] [1790605973.877375186, 33.526000000]: Plan fail[0m
[31m[ERROR] [1790605973.894090456, 33.545000000]: No path to next viewpoint[0m
[33m[WARN] [1790605973.894413909, 33.545000000]: Plan fail[0m
[31m[ERROR] [1790605973.909040469, 33.554000000]: No path to next viewpoint[0m
[33m[WARN] [1790605973.909306518, 33.554000000]: Plan fail[0m
[31m[ERROR] [1790605973.912185457, 33.554000000]: Larger cost after reallocation[0m
[31m[ERROR] [1790605973.924688831, 33.572000000]: No path to next viewpoint[0m
[33m[WARN] [1790605973.924984812, 33.572000000]: Plan fail[0m
[31m[ERROR] [1790605973.938247148, 33.581000000]: No path to next viewpoint[0m
[33m[WARN] [1790605973.938361289, 33.581000000]: Plan fail[0m
[33m[WARN] [1790605973.938690578, 33.581000000]: Pair opt 1 & 2[0m
[31m[ERROR] [1790605973.940728847, 33.590000000]: No path to next viewpoint[0m
[33m[WARN] [1790605973.940895055, 33.590000000]: Plan fail[0m
[31m[ERROR] [1790605973.958756314, 33.600000000]: No path to next viewpoint[0m
[33m[WARN] [1790605973.958947660, 33.600000000]: Plan fail[0m
[31m[ERROR] [1790605973.981307793, 33.618000000]: No path to next viewpoint[0m
[33m[WARN] [1790605973.982056500, 33.618000000]: Plan fail[0m
[31m[ERROR] [1790605973.985280486, 33.618000000]: Larger cost after reallocation[0m
[31m[ERROR] [1790605974.000841430, 33.645000000]: No path to next viewpoint[0m
[33m[WARN] [1790605974.001099225, 33.645000000]: Plan fail[0m
[31m[ERROR] [1790605974.009476453, 33.654000000]: No path to next viewpoint[0m
[33m[WARN] [1790605974.010120775, 33.654000000]: Plan fail[0m
[33m[WARN] [1790605974.013988708, 33.654000000]: Pair opt 1 & 2[0m
[31m[ERROR] [1790605974.021496710, 33.664000000]: No path to next viewpoint[0m
[33m[WARN] [1790605974.021733120, 33.664000000]: Plan fail[0m
[31m[ERROR] [1790605974.039299566, 33.682000000]: No path to next viewpoint[0m
[33m[WARN] [1790605974.039472110, 33.682000000]: Plan fail[0m
[31m[ERROR] [1790605974.054019255, 33.691000000]: No path to next viewpoint[0m
[33m[WARN] [1790605974.054217271, 33.691000000]: Plan fail[0m
[33m[WARN] [1790605974.062387813, 33.700000000]: Drone 1 send opt request to 2, pair opt t: 0.046000, allocate t: 0.037000[0m
[31m[ERROR] [1790605974.071005911, 33.709000000]: No path to next viewpoint[0m
[33m[WARN] [1790605974.071241487, 33.709000000]: Plan fail[0m
[31m[ERROR] [1790605974.085792884, 33.718000000]: No path to next viewpoint[0m
[33m[WARN] [1790605974.086072274, 33.718000000]: Plan fail[0m
[31m[ERROR] [1790605974.088581361, 33.728000000]: No path to next viewpoint[0m
[33m[WARN] [1790605974.088883179, 33.728000000]: Plan fail[0m
[33m[WARN] [1790605974.089444542, 33.728000000]: get response 1[0m
[31m[ERROR] [1790605974.102767200, 33.737000000]: No path to next viewpoint[0m
[33m[WARN] [1790605974.103223679, 33.737000000]: Plan fail[0m
[31m[ERROR] [1790605974.126113493, 33.764000000]: No path to next viewpoint[0m
[33m[WARN] [1790605974.126275282, 33.764000000]: Plan fail[0m
[31m[ERROR] [1790605974.127898218, 33.764000000]: No path to next viewpoint[0m
[33m[WARN] [1790605974.128877916, 33.764000000]: Plan fail[0m
[31m[ERROR] [1790605974.149998679, 33.783000000]: No path to next viewpoint[0m
[33m[WARN] [1790605974.150383205, 33.783000000]: Plan fail[0m
[31m[ERROR] [1790605974.150062086, 33.783000000]: No path to next viewpoint[0m
[33m[WARN] [1790605974.150908968, 33.783000000]: Plan fail[0m
[31m[ERROR] [1790605974.165259139, 33.801000000]: No path to next viewpoint[0m
[33m[WARN] [1790605974.165502969, 33.801000000]: Plan fail[0m
[31m[ERROR] [1790605974.184245961, 33.819000000]: No path to next viewpoint[0m
[33m[WARN] [1790605974.184683763, 33.819000000]: Plan fail[0m
[31m[ERROR] [1790605974.193912792, 33.828000000]: No path to next viewpoint[0m
[33m[WARN] [1790605974.194080459, 33.828000000]: Plan fail[0m
[31m[ERROR] [1790605974.203109513, 33.837000000]: No path to next viewpoint[0m
[33m[WARN] [1790605974.203437511, 33.837000000]: Plan fail[0m
[31m[ERROR] [1790605974.224103046, 33.856000000]: No path to next viewpoint[0m
[33m[WARN] [1790605974.224640523, 33.856000000]: Plan fail[0m
[31m[ERROR] [1790605974.229609298, 33.865000000]: No path to next viewpoint[0m
[33m[WARN] [1790605974.229973564, 33.865000000]: Plan fail[0m
[31m[ERROR] [1790605974.249614212, 33.883000000]: No path to next viewpoint[0m
[33m[WARN] [1790605974.249900022, 33.883000000]: Plan fail[0m
[31m[ERROR] [1790605974.254599162, 33.892000000]: No path to next viewpoint[0m
[33m[WARN] [1790605974.254881720, 33.892000000]: Plan fail[0m
[31m[ERROR] [1790605974.272197874, 33.901000000]: No path to next viewpoint[0m
[33m[WARN] [1790605974.272611247, 33.901000000]: Plan fail[0m
[31m[ERROR] [1790605974.280873001, 33.911000000]: No path to next viewpoint[0m
[33m[WARN] [1790605974.281399430, 33.911000000]: Plan fail[0m
[31m[ERROR] [1790605974.295578016, 33.929000000]: No path to next viewpoint[0m
[33m[WARN] [1790605974.295824264, 33.929000000]: Plan fail[0m
[31m[ERROR] [1790605974.319823883, 33.947000000]: No path to next viewpoint[0m
[33m[WARN] [1790605974.320858317, 33.956000000]: Plan fail[0m
[31m[ERROR] [1790605974.324787864, 33.956000000]: No path to next viewpoint[0m
[33m[WARN] [1790605974.326150920, 33.956000000]: Plan fail[0m
[31m[ERROR] [1790605974.341680973, 33.975000000]: No path to next viewpoint[0m
[31m[ERROR] [1790605974.341786734, 33.975000000]: No path to next viewpoint[0m
[33m[WARN] [1790605974.342155418, 33.975000000]: Plan fail[0m
[33m[WARN] [1790605974.342043571, 33.975000000]: Plan fail[0m
[31m[ERROR] [1790605974.358650537, 33.993000000]: No path to next viewpoint[0m
[33m[WARN] [1790605974.358909416, 33.993000000]: Plan fail[0m
[31m[ERROR] [1790605974.368295690, 34.002000000]: No path to next viewpoint[0m
[33m[WARN] [1790605974.368778431, 34.002000000]: Plan fail[0m
[31m[ERROR] [1790605974.380416539, 34.011000000]: No path to next viewpoint[0m
[33m[WARN] [1790605974.381257501, 34.011000000]: Plan fail[0m
[31m[ERROR] [1790605974.401946424, 34.029000000]: No path to next viewpoint[0m
[33m[WARN] [1790605974.402296349, 34.029000000]: Plan fail[0m
[31m[ERROR] [1790605974.408537968, 34.039000000]: No path to next viewpoint[0m
[33m[WARN] [1790605974.409348623, 34.039000000]: Plan fail[0m
[31m[ERROR] [1790605974.437981182, 34.066000000]: No path to next viewpoint[0m
[33m[WARN] [1790605974.438224220, 34.066000000]: Plan fail[0m
[31m[ERROR] [1790605974.438952376, 34.066000000]: No path to next viewpoint[0m
[33m[WARN] [1790605974.439201084, 34.066000000]: Plan fail[0m
[31m[ERROR] [1790605974.458337730, 34.084000000]: No path to next viewpoint[0m
[33m[WARN] [1790605974.458715628, 34.084000000]: Plan fail[0m
[31m[ERROR] [1790605974.467215459, 34.093000000]: No path to next viewpoint[0m
[33m[WARN] [1790605974.467616284, 34.093000000]: Plan fail[0m
[31m[ERROR] [1790605974.479072259, 34.103000000]: No path to next viewpoint[0m
[33m[WARN] [1790605974.479779738, 34.112000000]: Plan fail[0m
[31m[ERROR] [1790605974.492957490, 34.121000000]: No path to next viewpoint[0m
[33m[WARN] [1790605974.493180518, 34.121000000]: Plan fail[0m
[31m[ERROR] [1790605974.496245675, 34.121000000]: No path to next viewpoint[0m
[33m[WARN] [1790605974.496611233, 34.121000000]: Plan fail[0m
[31m[ERROR] [1790605974.514354642, 34.139000000]: No path to next viewpoint[0m
[33m[WARN] [1790605974.515373943, 34.139000000]: Plan fail[0m
[31m[ERROR] [1790605974.521731662, 34.148000000]: No path to next viewpoint[0m
[33m[WARN] [1790605974.521874816, 34.148000000]: Plan fail[0m
[31m[ERROR] [1790605974.533461940, 34.158000000]: No path to next viewpoint[0m
[33m[WARN] [1790605974.533802319, 34.158000000]: Plan fail[0m
[31m[ERROR] [1790605974.545461145, 34.167000000]: No path to next viewpoint[0m
[33m[WARN] [1790605974.545768716, 34.167000000]: Plan fail[0m
[31m[ERROR] [1790605974.552691342, 34.176000000]: No path to next viewpoint[0m
[33m[WARN] [1790605974.553206308, 34.176000000]: Plan fail[0m
[31m[ERROR] [1790605974.572564815, 34.194000000]: No path to next viewpoint[0m
[33m[WARN] [1790605974.572894480, 34.194000000]: Plan fail[0m
[31m[ERROR] [1790605974.575888018, 34.194000000]: No path to next viewpoint[0m
[33m[WARN] [1790605974.576169158, 34.194000000]: Plan fail[0m
[31m[ERROR] [1790605974.590901813, 34.212000000]: No path to next viewpoint[0m
[33m[WARN] [1790605974.591088072, 34.212000000]: Plan fail[0m
[31m[ERROR] [1790605974.608904393, 34.231000000]: No path to next viewpoint[0m
[31m[ERROR] [1790605974.609035458, 34.231000000]: No path to next viewpoint[0m
[33m[WARN] [1790605974.609216174, 34.231000000]: Plan fail[0m
[33m[WARN] [1790605974.609440327, 34.231000000]: Plan fail[0m
[33m[WARN] [1790605974.609842945, 34.231000000]: Pair opt 1 & 2[0m
[31m[ERROR] [1790605974.626648927, 34.249000000]: No path to next viewpoint[0m
[33m[WARN] [1790605974.626805255, 34.249000000]: Plan fail[0m
[31m[ERROR] [1790605974.643647756, 34.267000000]: No path to next viewpoint[0m
[33m[WARN] [1790605974.643803500, 34.267000000]: Plan fail[0m
[31m[ERROR] [1790605974.659750512, 34.276000000]: No path to next viewpoint[0m
[33m[WARN] [1790605974.661527400, 34.276000000]: Plan fail[0m
[31m[ERROR] [1790605974.683451064, 34.304000000]: No path to next viewpoint[0m
[33m[WARN] [1790605974.683733289, 34.304000000]: Plan fail[0m
[31m[ERROR] [1790605974.692609975, 34.313000000]: Larger cost after reallocation[0m
[31m[ERROR] [1790605974.705242204, 34.313000000]: No path to next viewpoint[0m
[33m[WARN] [1790605974.705404244, 34.322000000]: Plan fail[0m
[31m[ERROR] [1790605974.723388648, 34.331000000]: No path to next viewpoint[0m
[33m[WARN] [1790605974.723713144, 34.331000000]: Plan fail[0m
[31m[ERROR] [1790605974.729812775, 34.340000000]: No path to next viewpoint[0m
[33m[WARN] [1790605974.730100711, 34.340000000]: Plan fail[0m
[33m[WARN] [1790605974.730906197, 34.340000000]: Pair opt 1 & 2[0m
[31m[ERROR] [1790605974.755042467, 34.359000000]: No path to next viewpoint[0m
[33m[WARN] [1790605974.755385847, 34.368000000]: Plan fail[0m
[31m[ERROR] [1790605974.772520452, 34.377000000]: No path to next viewpoint[0m
[33m[WARN] [1790605974.772959880, 34.377000000]: Plan fail[0m
[31m[ERROR] [1790605974.784313595, 34.386000000]: Larger cost after reallocation[0m
[31m[ERROR] [1790605974.792655931, 34.395000000]: No path to next viewpoint[0m
[33m[WARN] [1790605974.793057674, 34.395000000]: Plan fail[0m
[31m[ERROR] [1790605974.812131289, 34.414000000]: No path to next viewpoint[0m
[33m[WARN] [1790605974.812488884, 34.414000000]: Plan fail[0m
[31m[ERROR] [1790605974.818803582, 34.423000000]: No path to next viewpoint[0m
[33m[WARN] [1790605974.819314337, 34.423000000]: Plan fail[0m
[33m[WARN] [1790605974.819849980, 34.423000000]: Pair opt 1 & 2[0m
[31m[ERROR] [1790605974.838161631, 34.442000000]: No path to next viewpoint[0m
[33m[WARN] [1790605974.838442355, 34.442000000]: Plan fail[0m
[31m[ERROR] [1790605974.864474948, 34.469000000]: No path to next viewpoint[0m
[33m[WARN] [1790605974.865167210, 34.469000000]: Plan fail[0m
[31m[ERROR] [1790605974.868817451, 34.469000000]: Larger cost after reallocation[0m
[31m[ERROR] [1790605974.890087748, 34.496000000]: No path to next viewpoint[0m
[33m[WARN] [1790605974.890453222, 34.496000000]: Plan fail[0m
[31m[ERROR] [1790605974.905289345, 34.514000000]: No path to next viewpoint[0m
[33m[WARN] [1790605974.905471728, 34.514000000]: Plan fail[0m
[33m[WARN] [1790605974.905713432, 34.514000000]: Pair opt 1 & 2[0m
[31m[ERROR] [1790605974.905854085, 34.514000000]: No path to next viewpoint[0m
[33m[WARN] [1790605974.906242946, 34.514000000]: Plan fail[0m
[31m[ERROR] [1790605974.925490315, 34.533000000]: No path to next viewpoint[0m
[33m[WARN] [1790605974.925799261, 34.533000000]: Plan fail[0m
[31m[ERROR] [1790605974.943620626, 34.551000000]: No path to next viewpoint[0m
[33m[WARN] [1790605974.943831606, 34.551000000]: Plan fail[0m
[31m[ERROR] [1790605974.951296045, 34.551000000]: Larger cost after reallocation[0m
[31m[ERROR] [1790605974.966713583, 34.569000000]: No path to next viewpoint[0m
[33m[WARN] [1790605974.967642673, 34.569000000]: Plan fail[0m
[31m[ERROR] [1790605974.991290365, 34.596000000]: No path to next viewpoint[0m
[33m[WARN] [1790605974.991489590, 34.596000000]: Plan fail[0m
[33m[WARN] [1790605974.991669472, 34.596000000]: Pair opt 1 & 2[0m
[31m[ERROR] [1790605974.991909800, 34.596000000]: No path to next viewpoint[0m
[33m[WARN] [1790605974.992160175, 34.596000000]: Plan fail[0m
[31m[ERROR] [1790605975.014115731, 34.615000000]: No path to next viewpoint[0m
[33m[WARN] [1790605975.014561120, 34.615000000]: Plan fail[0m
[31m[ERROR] [1790605975.034906538, 34.633000000]: Larger cost after reallocation[0m
[31m[ERROR] [1790605975.039186677, 34.642000000]: No path to next viewpoint[0m
[33m[WARN] [1790605975.039540395, 34.642000000]: Plan fail[0m
[31m[ERROR] [1790605975.061683419, 34.661000000]: No path to next viewpoint[0m
[33m[WARN] [1790605975.061978775, 34.661000000]: Plan fail[0m
[31m[ERROR] [1790605975.063410824, 34.661000000]: No path to next viewpoint[0m
[33m[WARN] [1790605975.064339163, 34.661000000]: Plan fail[0m
[33m[WARN] [1790605975.067901110, 34.670000000]: Pair opt 1 & 2[0m
[31m[ERROR] [1790605975.091601413, 34.688000000]: No path to next viewpoint[0m
[33m[WARN] [1790605975.092571939, 34.688000000]: Plan fail[0m
[31m[ERROR] [1790605975.111685450, 34.697000000]: No path to next viewpoint[0m
[33m[WARN] [1790605975.111890969, 34.697000000]: Plan fail[0m
[31m[ERROR] [1790605975.139554752, 34.725000000]: Larger cost after reallocation[0m
[31m[ERROR] [1790605975.152464829, 34.734000000]: No path to next viewpoint[0m
[33m[WARN] [1790605975.154303706, 34.734000000]: Plan fail[0m
[31m[ERROR] [1790605975.176098765, 34.761000000]: No path to next viewpoint[0m
[33m[WARN] [1790605975.176274311, 34.761000000]: Plan fail[0m
[31m[ERROR] [1790605975.193312159, 34.770000000]: No path to next viewpoint[0m
[33m[WARN] [1790605975.193718112, 34.770000000]: Plan fail[0m
[33m[WARN] [1790605975.194102471, 34.770000000]: Pair opt 1 & 2[0m
[31m[ERROR] [1790605975.200380692, 34.779000000]: No path to next viewpoint[0m
[33m[WARN] [1790605975.200653245, 34.779000000]: Plan fail[0m
[31m[ERROR] [1790605975.223400446, 34.798000000]: No path to next viewpoint[0m
[33m[WARN] [1790605975.223953848, 34.798000000]: Plan fail[0m
[31m[ERROR] [1790605975.296139839, 34.807000000]: No path to next viewpoint[0m
[33m[WARN] [1790605975.298131168, 34.807000000]: Plan fail[0m
[31m[ERROR] [1790605975.334452069, 34.825000000]: Larger cost after reallocation[0m
[31m[ERROR] [1790605975.338453611, 34.825000000]: No path to next viewpoint[0m
[33m[WARN] [1790605975.338734334, 34.825000000]: Plan fail[0m
[31m[ERROR] [1790605975.367286937, 34.853000000]: No path to next viewpoint[0m
[33m[WARN] [1790605975.367851844, 34.853000000]: Plan fail[0m
[31m[ERROR] [1790605975.373745915, 34.862000000]: No path to next viewpoint[0m
[33m[WARN] [1790605975.374148699, 34.862000000]: Plan fail[0m
[33m[WARN] [1790605975.377047981, 34.862000000]: Pair opt 1 & 2[0m
[31m[ERROR] [1790605975.399070696, 34.889000000]: No path to next viewpoint[0m
[33m[WARN] [1790605975.399821362, 34.889000000]: Plan fail[0m
[31m[ERROR] [1790605975.418831613, 34.908000000]: No path to next viewpoint[0m
[33m[WARN] [1790605975.419067064, 34.908000000]: Plan fail[0m
[31m[ERROR] [1790605975.426056265, 34.917000000]: Larger cost after reallocation[0m
[31m[ERROR] [1790605975.439339487, 34.926000000]: No path to next viewpoint[0m
[33m[WARN] [1790605975.439566142, 34.926000000]: Plan fail[0m
[31m[ERROR] [1790605975.460298294, 34.944000000]: No path to next viewpoint[0m
[33m[WARN] [1790605975.460912184, 34.944000000]: Plan fail[0m
[31m[ERROR] [1790605975.460508566, 34.944000000]: No path to next viewpoint[0m
[33m[WARN] [1790605975.461637046, 34.944000000]: Plan fail[0m
[33m[WARN] [1790605975.461547460, 34.944000000]: Pair opt 1 & 2[0m
[31m[ERROR] [1790605975.484480379, 34.962000000]: No path to next viewpoint[0m
[33m[WARN] [1790605975.484757768, 34.962000000]: Plan fail[0m
[31m[ERROR] [1790605975.507366650, 34.990000000]: Larger cost after reallocation[0m
[31m[ERROR] [1790605975.509352267, 34.990000000]: No path to next viewpoint[0m
[33m[WARN] [1790605975.509681682, 34.990000000]: Plan fail[0m
[31m[ERROR] [1790605975.532886237, 35.008000000]: No path to next viewpoint[0m
[33m[WARN] [1790605975.533324539, 35.008000000]: Plan fail[0m
[31m[ERROR] [1790605975.547193470, 35.017000000]: No path to next viewpoint[0m
[33m[WARN] [1790605975.547542478, 35.017000000]: Plan fail[0m
[33m[WARN] [1790605975.548191260, 35.017000000]: Pair opt 1 & 2[0m
[31m[ERROR] [1790605975.557685005, 35.026000000]: No path to next viewpoint[0m
[33m[WARN] [1790605975.557913452, 35.026000000]: Plan fail[0m
[31m[ERROR] [1790605975.580239485, 35.045000000]: No path to next viewpoint[0m
[33m[WARN] [1790605975.580468724, 35.045000000]: Plan fail[0m
[31m[ERROR] [1790605975.603381592, 35.072000000]: No path to next viewpoint[0m
[33m[WARN] [1790605975.603784001, 35.072000000]: Plan fail[0m
[31m[ERROR] [1790605975.610965007, 35.072000000]: Larger cost after reallocation[0m
[31m[ERROR] [1790605975.633983927, 35.100000000]: No path to next viewpoint[0m
[33m[WARN] [1790605975.634353278, 35.100000000]: Plan fail[0m
[31m[ERROR] [1790605975.643947656, 35.109000000]: No path to next viewpoint[0m
[33m[WARN] [1790605975.644245305, 35.109000000]: Plan fail[0m
[33m[WARN] [1790605975.645225503, 35.109000000]: Pair opt 1 & 2[0m
[31m[ERROR] [1790605975.656320715, 35.127000000]: No path to next viewpoint[0m
[33m[WARN] [1790605975.657138165, 35.127000000]: Plan fail[0m
[31m[ERROR] [1790605975.679970534, 35.145000000]: No path to next viewpoint[0m
[33m[WARN] [1790605975.680310537, 35.145000000]: Plan fail[0m
[31m[ERROR] [1790605975.701549526, 35.164000000]: Larger cost after reallocation[0m
[31m[ERROR] [1790605975.703440179, 35.164000000]: No path to next viewpoint[0m
[33m[WARN] [1790605975.704440346, 35.173000000]: Plan fail[0m
[31m[ERROR] [1790605975.729137480, 35.191000000]: No path to next viewpoint[0m
[33m[WARN] [1790605975.729615844, 35.191000000]: Plan fail[0m
[31m[ERROR] [1790605975.737940171, 35.200000000]: No path to next viewpoint[0m
[33m[WARN] [1790605975.738203761, 35.200000000]: Plan fail[0m
[33m[WARN] [1790605975.738527714, 35.200000000]: Pair opt 1 & 2[0m
[31m[ERROR] [1790605975.758533963, 35.218000000]: No path to next viewpoint[0m
[33m[WARN] [1790605975.759070647, 35.218000000]: Plan fail[0m
[31m[ERROR] [1790605975.787602656, 35.246000000]: No path to next viewpoint[0m
[33m[WARN] [1790605975.788897012, 35.246000000]: Plan fail[0m
[31m[ERROR] [1790605975.805102527, 35.264000000]: Larger cost after reallocation[0m
[31m[ERROR] [1790605975.815009770, 35.273000000]: No path to next viewpoint[0m
[33m[WARN] [1790605975.815244220, 35.273000000]: Plan fail[0m
[31m[ERROR] [1790605975.834164217, 35.292000000]: No path to next viewpoint[0m
[33m[WARN] [1790605975.834493632, 35.292000000]: Plan fail[0m
[31m[ERROR] [1790605975.836840972, 35.292000000]: No path to next viewpoint[0m
[33m[WARN] [1790605975.837220495, 35.292000000]: Plan fail[0m
[33m[WARN] [1790605975.840229915, 35.292000000]: Pair opt 1 & 2[0m
[31m[ERROR] [1790605975.856557658, 35.310000000]: No path to next viewpoint[0m
[33m[WARN] [1790605975.856734622, 35.310000000]: Plan fail[0m
[31m[ERROR] [1790605975.875792396, 35.328000000]: No path to next viewpoint[0m
[33m[WARN] [1790605975.876170710, 35.328000000]: Plan fail[0m
[31m[ERROR] [1790605975.886669332, 35.337000000]: Larger cost after reallocation[0m
[31m[ERROR] [1790605975.894375016, 35.347000000]: No path to next viewpoint[0m
[33m[WARN] [1790605975.894691341, 35.347000000]: Plan fail[0m
[31m[ERROR] [1790605975.913010829, 35.365000000]: No path to next viewpoint[0m
[33m[WARN] [1790605975.913136976, 35.365000000]: Plan fail[0m
[31m[ERROR] [1790605975.914473060, 35.365000000]: No path to next viewpoint[0m
[33m[WARN] [1790605975.915253408, 35.365000000]: Plan fail[0m
[33m[WARN] [1790605975.916087367, 35.365000000]: Pair opt 1 & 2[0m
[31m[ERROR] [1790605975.930023289, 35.383000000]: No path to next viewpoint[0m
[33m[WARN] [1790605975.930549719, 35.383000000]: Plan fail[0m
[31m[ERROR] [1790605975.948094446, 35.401000000]: No path to next viewpoint[0m
[33m[WARN] [1790605975.948504109, 35.401000000]: Plan fail[0m
[31m[ERROR] [1790605975.969392964, 35.420000000]: Larger cost after reallocation[0m
[31m[ERROR] [1790605975.970648592, 35.420000000]: No path to next viewpoint[0m
[33m[WARN] [1790605975.971086603, 35.420000000]: Plan fail[0m
[31m[ERROR] [1790605975.987876160, 35.438000000]: No path to next viewpoint[0m
[33m[WARN] [1790605975.988116947, 35.438000000]: Plan fail[0m
[31m[ERROR] [1790605976.001489255, 35.456000000]: No path to next viewpoint[0m
[33m[WARN] [1790605976.001795158, 35.456000000]: Plan fail[0m
[33m[WARN] [1790605976.007290987, 35.456000000]: Pair opt 1 & 2[0m
[31m[ERROR] [1790605976.012237459, 35.465000000]: No path to next viewpoint[0m
[33m[WARN] [1790605976.012560954, 35.465000000]: Plan fail[0m
[31m[ERROR] [1790605976.033128942, 35.484000000]: No path to next viewpoint[0m
[33m[WARN] [1790605976.033360015, 35.484000000]: Plan fail[0m
[31m[ERROR] [1790605976.049835416, 35.502000000]: No path to next viewpoint[0m
[33m[WARN] [1790605976.050093295, 35.502000000]: Plan fail[0m
[31m[ERROR] [1790605976.057045727, 35.511000000]: Larger cost after reallocation[0m
[31m[ERROR] [1790605976.070364008, 35.520000000]: No path to next viewpoint[0m
[33m[WARN] [1790605976.070607088, 35.520000000]: Plan fail[0m
[31m[ERROR] [1790605976.089547595, 35.539000000]: No path to next viewpoint[0m
[33m[WARN] [1790605976.089684664, 35.539000000]: Plan fail[0m
[33m[WARN] [1790605976.090190208, 35.539000000]: Pair opt 1 & 2[0m
[31m[ERROR] [1790605976.090785214, 35.539000000]: No path to next viewpoint[0m
[33m[WARN] [1790605976.090941583, 35.539000000]: Plan fail[0m
[31m[ERROR] [1790605976.109374379, 35.557000000]: No path to next viewpoint[0m
[33m[WARN] [1790605976.109713215, 35.557000000]: Plan fail[0m
[31m[ERROR] [1790605976.124631920, 35.575000000]: No path to next viewpoint[0m
[33m[WARN] [1790605976.124931278, 35.575000000]: Plan fail[0m
[31m[ERROR] [1790605976.130734428, 35.584000000]: Larger cost after reallocation[0m
[31m[ERROR] [1790605976.143431440, 35.593000000]: No path to next viewpoint[0m
[33m[WARN] [1790605976.143764232, 35.593000000]: Plan fail[0m
[31m[ERROR] [1790605976.160787364, 35.612000000]: No path to next viewpoint[0m
[33m[WARN] [1790605976.161165178, 35.612000000]: Plan fail[0m
[33m[WARN] [1790605976.161490799, 35.612000000]: Pair opt 1 & 2[0m
[31m[ERROR] [1790605976.163041907, 35.612000000]: No path to next viewpoint[0m
[33m[WARN] [1790605976.164021647, 35.612000000]: Plan fail[0m
[31m[ERROR] [1790605976.192233746, 35.639000000]: No path to next viewpoint[0m
[33m[WARN] [1790605976.192613311, 35.639000000]: Plan fail[0m
[31m[ERROR] [1790605976.205572329, 35.658000000]: Larger cost after reallocation[0m
[31m[ERROR] [1790605976.218832664, 35.667000000]: No path to next viewpoint[0m
[33m[WARN] [1790605976.219153783, 35.667000000]: Plan fail[0m
[31m[ERROR] [1790605976.239030216, 35.685000000]: No path to next viewpoint[0m
[33m[WARN] [1790605976.239267043, 35.685000000]: Plan fail[0m
[33m[WARN] [1790605976.241925621, 35.685000000]: Pair opt 1 & 2[0m
[31m[ERROR] [1790605976.245296181, 35.694000000]: No path to next viewpoint[0m
[33m[WARN] [1790605976.245645022, 35.694000000]: Plan fail[0m
[31m[ERROR] [1790605976.265587780, 35.712000000]: No path to next viewpoint[0m
[33m[WARN] [1790605976.265979767, 35.712000000]: Plan fail[0m
[31m[ERROR] [1790605976.283006985, 35.731000000]: No path to next viewpoint[0m
[33m[WARN] [1790605976.283292628, 35.731000000]: Plan fail[0m
[31m[ERROR] [1790605976.287319724, 35.731000000]: Larger cost after reallocation[0m
[31m[ERROR] [1790605976.304982384, 35.749000000]: No path to next viewpoint[0m
[33m[WARN] [1790605976.305249434, 35.749000000]: Plan fail[0m
[31m[ERROR] [1790605976.322357817, 35.767000000]: No path to next viewpoint[0m
[33m[WARN] [1790605976.322626618, 35.767000000]: Plan fail[0m
[33m[WARN] [1790605976.322936982, 35.767000000]: Pair opt 1 & 2[0m
[31m[ERROR] [1790605976.326503472, 35.776000000]: No path to next viewpoint[0m
[33m[WARN] [1790605976.326727876, 35.776000000]: Plan fail[0m
[31m[ERROR] [1790605976.344034150, 35.795000000]: No path to next viewpoint[0m
[33m[WARN] [1790605976.344249841, 35.795000000]: Plan fail[0m
[31m[ERROR] [1790605976.363001837, 35.813000000]: No path to next viewpoint[0m
[33m[WARN] [1790605976.363201479, 35.813000000]: Plan fail[0m
[31m[ERROR] [1790605976.365418337, 35.813000000]: Larger cost after reallocation[0m
[31m[ERROR] [1790605976.386633647, 35.831000000]: No path to next viewpoint[0m
[33m[WARN] [1790605976.386950056, 35.831000000]: Plan fail[0m
[31m[ERROR] [1790605976.394181920, 35.831000000]: No path to next viewpoint[0m
[33m[WARN] [1790605976.394483029, 35.831000000]: Plan fail[0m
[33m[WARN] [1790605976.395402988, 35.831000000]: Pair opt 1 & 2[0m
[31m[ERROR] [1790605976.409150484, 35.850000000]: No path to next viewpoint[0m
[33m[WARN] [1790605976.409436043, 35.850000000]: Plan fail[0m
[31m[ERROR] [1790605976.426550262, 35.868000000]: No path to next viewpoint[0m
[33m[WARN] [1790605976.426726601, 35.868000000]: Plan fail[0m
[31m[ERROR] [1790605976.440876047, 35.886000000]: Larger cost after reallocation[0m
[31m[ERROR] [1790605976.441837110, 35.886000000]: No path to next viewpoint[0m
[33m[WARN] [1790605976.442113457, 35.886000000]: Plan fail[0m
[31m[ERROR] [1790605976.463299878, 35.904000000]: No path to next viewpoint[0m
[33m[WARN] [1790605976.463482719, 35.904000000]: Plan fail[0m
[31m[ERROR] [1790605976.469600068, 35.914000000]: No path to next viewpoint[0m
[33m[WARN] [1790605976.469809715, 35.914000000]: Plan fail[0m
[33m[WARN] [1790605976.472106613, 35.914000000]: Pair opt 1 & 2[0m
[31m[ERROR] [1790605976.479072886, 35.923000000]: No path to next viewpoint[0m
[33m[WARN] [1790605976.479248140, 35.923000000]: Plan fail[0m
[31m[ERROR] [1790605976.498786446, 35.941000000]: No path to next viewpoint[0m
[33m[WARN] [1790605976.499052537, 35.941000000]: Plan fail[0m
[31m[ERROR] [1790605976.516310203, 35.959000000]: Larger cost after reallocation[0m
[31m[ERROR] [1790605976.520550406, 35.959000000]: No path to next viewpoint[0m
[33m[WARN] [1790605976.520992460, 35.968000000]: Plan fail[0m
[31m[ERROR] [1790605976.537531892, 35.978000000]: No path to next viewpoint[0m
[33m[WARN] [1790605976.537843882, 35.978000000]: Plan fail[0m
[31m[ERROR] [1790605976.543550483, 35.987000000]: No path to next viewpoint[0m
[33m[WARN] [1790605976.543850967, 35.987000000]: Plan fail[0m
[33m[WARN] [1790605976.544154410, 35.987000000]: Pair opt 1 & 2[0m
[31m[ERROR] [1790605976.555272967, 35.996000000]: No path to next viewpoint[0m
[33m[WARN] [1790605976.555498538, 35.996000000]: Plan fail[0m
[31m[ERROR] [1790605976.578625054, 36.014000000]: No path to next viewpoint[0m
[33m[WARN] [1790605976.578982482, 36.014000000]: Plan fail[0m
[31m[ERROR] [1790605976.591745444, 36.033000000]: Larger cost after reallocation[0m
[31m[ERROR] [1790605976.605625547, 36.042000000]: No path to next viewpoint[0m
[33m[WARN] [1790605976.605901977, 36.042000000]: Plan fail[0m
[31m[ERROR] [1790605976.621303841, 36.060000000]: No path to next viewpoint[0m
[33m[WARN] [1790605976.621529870, 36.060000000]: Plan fail[0m
[31m[ERROR] [1790605976.622506900, 36.060000000]: No path to next viewpoint[0m
[33m[WARN] [1790605976.622710168, 36.060000000]: Plan fail[0m
[33m[WARN] [1790605976.624298962, 36.060000000]: Pair opt 1 & 2[0m
[31m[ERROR] [1790605976.643017942, 36.078000000]: No path to next viewpoint[0m
[33m[WARN] [1790605976.643306503, 36.078000000]: Plan fail[0m
[31m[ERROR] [1790605976.667570004, 36.106000000]: Larger cost after reallocation[0m
[31m[ERROR] [1790605976.671103895, 36.106000000]: No path to next viewpoint[0m
[33m[WARN] [1790605976.671331967, 36.106000000]: Plan fail[0m
[31m[ERROR] [1790605976.689752548, 36.124000000]: No path to next viewpoint[0m
[33m[WARN] [1790605976.690068164, 36.124000000]: Plan fail[0m
[31m[ERROR] [1790605976.691653957, 36.124000000]: No path to next viewpoint[0m
[33m[WARN] [1790605976.691931429, 36.124000000]: Plan fail[0m
[33m[WARN] [1790605976.693908041, 36.124000000]: Pair opt 1 & 2[0m
[31m[ERROR] [1790605976.709621978, 36.142000000]: No path to next viewpoint[0m
[33m[WARN] [1790605976.710022303, 36.142000000]: Plan fail[0m
[31m[ERROR] [1790605976.729478276, 36.161000000]: No path to next viewpoint[0m
[33m[WARN] [1790605976.729833787, 36.161000000]: Plan fail[0m
[31m[ERROR] [1790605976.737408781, 36.161000000]: Larger cost after reallocation[0m
[31m[ERROR] [1790605976.754656109, 36.188000000]: No path to next viewpoint[0m
[33m[WARN] [1790605976.754905775, 36.188000000]: Plan fail[0m
[31m[ERROR] [1790605976.764639681, 36.197000000]: No path to next viewpoint[0m
[33m[WARN] [1790605976.764901020, 36.197000000]: Plan fail[0m
[33m[WARN] [1790605976.765128425, 36.197000000]: Pair opt 1 & 2[0m
[31m[ERROR] [1790605976.771495149, 36.197000000]: No path to next viewpoint[0m
[33m[WARN] [1790605976.772362916, 36.197000000]: Plan fail[0m
[31m[ERROR] [1790605976.796758441, 36.225000000]: No path to next viewpoint[0m
[33m[WARN] [1790605976.796855323, 36.225000000]: Plan fail[0m
[31m[ERROR] [1790605976.818158219, 36.243000000]: Larger cost after reallocation[0m
[31m[ERROR] [1790605976.820614571, 36.252000000]: No path to next viewpoint[0m
[33m[WARN] [1790605976.821017106, 36.252000000]: Plan fail[0m
[31m[ERROR] [1790605976.844207070, 36.270000000]: No path to next viewpoint[0m
[33m[WARN] [1790605976.845318500, 36.270000000]: Plan fail[0m
[31m[ERROR] [1790605976.854248171, 36.279000000]: No path to next viewpoint[0m
[33m[WARN] [1790605976.854499547, 36.279000000]: Plan fail[0m
[33m[WARN] [1790605976.857440475, 36.279000000]: Pair opt 1 & 2[0m
[31m[ERROR] [1790605976.865089756, 36.289000000]: No path to next viewpoint[0m
[33m[WARN] [1790605976.866152371, 36.289000000]: Plan fail[0m
[31m[ERROR] [1790605976.890086040, 36.316000000]: No path to next viewpoint[0m
[33m[WARN] [1790605976.891073450, 36.316000000]: Plan fail[0m
[31m[ERROR] [1790605976.905263792, 36.325000000]: Larger cost after reallocation[0m
[31m[ERROR] [1790605976.915231606, 36.343000000]: No path to next viewpoint[0m
[33m[WARN] [1790605976.915813605, 36.343000000]: Plan fail[0m
[31m[ERROR] [1790605976.939867626, 36.362000000]: No path to next viewpoint[0m
[33m[WARN] [1790605976.940110581, 36.362000000]: Plan fail[0m
[31m[ERROR] [1790605976.940184243, 36.362000000]: No path to next viewpoint[0m
[33m[WARN] [1790605976.941244648, 36.362000000]: Plan fail[0m
[33m[WARN] [1790605976.945266950, 36.371000000]: Pair opt 1 & 2[0m
[31m[ERROR] [1790605976.963787747, 36.389000000]: No path to next viewpoint[0m
[33m[WARN] [1790605976.964120789, 36.389000000]: Plan fail[0m
[31m[ERROR] [1790605976.986171767, 36.408000000]: No path to next viewpoint[0m
[33m[WARN] [1790605976.986444070, 36.408000000]: Plan fail[0m
[31m[ERROR] [1790605976.990737299, 36.408000000]: Larger cost after reallocation[0m
[31m[ERROR] [1790605977.011642496, 36.435000000]: No path to next viewpoint[0m
[33m[WARN] [1790605977.012130031, 36.435000000]: Plan fail[0m
[31m[ERROR] [1790605977.022562370, 36.444000000]: No path to next viewpoint[0m
[33m[WARN] [1790605977.022800781, 36.444000000]: Plan fail[0m
[33m[WARN] [1790605977.023357059, 36.444000000]: Pair opt 1 & 2[0m
[31m[ERROR] [1790605977.035688638, 36.453000000]: No path to next viewpoint[0m
[33m[WARN] [1790605977.035973530, 36.453000000]: Plan fail[0m
[31m[ERROR] [1790605977.058140192, 36.481000000]: No path to next viewpoint[0m
[33m[WARN] [1790605977.058484989, 36.481000000]: Plan fail[0m
[31m[ERROR] [1790605977.073634268, 36.499000000]: Larger cost after reallocation[0m
[31m[ERROR] [1790605977.077541596, 36.499000000]: No path to next viewpoint[0m
[33m[WARN] [1790605977.077804060, 36.499000000]: Plan fail[0m
[31m[ERROR] [1790605977.095663277, 36.517000000]: No path to next viewpoint[0m
[33m[WARN] [1790605977.098420363, 36.517000000]: Plan fail[0m
[31m[ERROR] [1790605977.103799885, 36.526000000]: No path to next viewpoint[0m
[33m[WARN] [1790605977.104027540, 36.526000000]: Plan fail[0m
[33m[WARN] [1790605977.104489480, 36.526000000]: Pair opt 1 & 2[0m
[31m[ERROR] [1790605977.115762989, 36.536000000]: No path to next viewpoint[0m
[33m[WARN] [1790605977.116774411, 36.536000000]: Plan fail[0m
[31m[ERROR] [1790605977.135391214, 36.554000000]: No path to next viewpoint[0m
[33m[WARN] [1790605977.135709957, 36.554000000]: Plan fail[0m
[31m[ERROR] [1790605977.153404300, 36.572000000]: No path to next viewpoint[0m
[33m[WARN] [1790605977.153743553, 36.572000000]: Plan fail[0m
[31m[ERROR] [1790605977.155068632, 36.572000000]: Larger cost after reallocation[0m
[31m[ERROR] [1790605977.173958489, 36.590000000]: No path to next viewpoint[0m
[33m[WARN] [1790605977.174259597, 36.590000000]: Plan fail[0m
[31m[ERROR] [1790605977.188328628, 36.609000000]: No path to next viewpoint[0m
[33m[WARN] [1790605977.188723534, 36.609000000]: Plan fail[0m
[33m[WARN] [1790605977.189051448, 36.609000000]: Pair opt 1 & 2[0m
[31m[ERROR] [1790605977.203445933, 36.618000000]: No path to next viewpoint[0m
[33m[WARN] [1790605977.203835128, 36.618000000]: Plan fail[0m
[31m[ERROR] [1790605977.226405407, 36.645000000]: No path to next viewpoint[0m
[33m[WARN] [1790605977.226788265, 36.645000000]: Plan fail[0m
[31m[ERROR] [1790605977.244354586, 36.664000000]: Larger cost after reallocation[0m
[31m[ERROR] [1790605977.256804307, 36.673000000]: No path to next viewpoint[0m
[33m[WARN] [1790605977.258557934, 36.673000000]: Plan fail[0m
[31m[ERROR] [1790605977.293483013, 36.700000000]: No path to next viewpoint[0m
[33m[WARN] [1790605977.293894218, 36.700000000]: Plan fail[0m
[31m[ERROR] [1790605977.294737473, 36.700000000]: No path to next viewpoint[0m
[33m[WARN] [1790605977.295070014, 36.700000000]: Plan fail[0m
[33m[WARN] [1790605977.297638881, 36.709000000]: Pair opt 1 & 2[0m
[31m[ERROR] [1790605977.327689357, 36.737000000]: No path to next viewpoint[0m
[33m[WARN] [1790605977.327946236, 36.737000000]: Plan fail[0m
[31m[ERROR] [1790605977.346782566, 36.755000000]: No path to next viewpoint[0m
[33m[WARN] [1790605977.347040736, 36.755000000]: Plan fail[0m
[31m[ERROR] [1790605977.354172175, 36.755000000]: Larger cost after reallocation[0m
[31m[ERROR] [1790605977.363902455, 36.773000000]: No path to next viewpoint[0m
[33m[WARN] [1790605977.364197644, 36.773000000]: Plan fail[0m
[31m[ERROR] [1790605977.378808196, 36.783000000]: No path to next viewpoint[0m
[33m[WARN] [1790605977.379476738, 36.783000000]: Plan fail[0m
[33m[WARN] [1790605977.379989786, 36.783000000]: Pair opt 1 & 2[0m
[31m[ERROR] [1790605977.380477988, 36.783000000]: No path to next viewpoint[0m
[33m[WARN] [1790605977.380944597, 36.783000000]: Plan fail[0m
[31m[ERROR] [1790605977.401233528, 36.801000000]: No path to next viewpoint[0m
[33m[WARN] [1790605977.401669412, 36.801000000]: Plan fail[0m
[31m[ERROR] [1790605977.425992443, 36.828000000]: No path to next viewpoint[0m
[33m[WARN] [1790605977.426490567, 36.828000000]: Plan fail[0m
[31m[ERROR] [1790605977.430854206, 36.828000000]: Larger cost after reallocation[0m
[31m[ERROR] [1790605977.450781789, 36.856000000]: No path to next viewpoint[0m
[33m[WARN] [1790605977.451041336, 36.856000000]: Plan fail[0m
[31m[ERROR] [1790605977.455994520, 36.856000000]: No path to next viewpoint[0m
[33m[WARN] [1790605977.456162812, 36.856000000]: Plan fail[0m
[33m[WARN] [1790605977.459604865, 36.856000000]: Pair opt 1 & 2[0m
[31m[ERROR] [1790605977.471049335, 36.874000000]: No path to next viewpoint[0m
[33m[WARN] [1790605977.471320304, 36.874000000]: Plan fail[0m
[31m[ERROR] [1790605977.490169974, 36.892000000]: No path to next viewpoint[0m
[33m[WARN] [1790605977.490359985, 36.892000000]: Plan fail[0m
[31m[ERROR] [1790605977.505924722, 36.911000000]: Larger cost after reallocation[0m
[31m[ERROR] [1790605977.507179766, 36.911000000]: No path to next viewpoint[0m
[33m[WARN] [1790605977.507486961, 36.911000000]: Plan fail[0m
[31m[ERROR] [1790605977.526913169, 36.929000000]: No path to next viewpoint[0m
[33m[WARN] [1790605977.527147828, 36.929000000]: Plan fail[0m
[31m[ERROR] [1790605977.530534729, 36.929000000]: No path to next viewpoint[0m
[33m[WARN] [1790605977.531131569, 36.929000000]: Plan fail[0m
[33m[WARN] [1790605977.531904372, 36.929000000]: Pair opt 1 & 2[0m
[31m[ERROR] [1790605977.549966232, 36.947000000]: No path to next viewpoint[0m
[33m[WARN] [1790605977.550777096, 36.956000000]: Plan fail[0m
[31m[ERROR] [1790605977.566919246, 36.965000000]: No path to next viewpoint[0m
[33m[WARN] [1790605977.567500536, 36.965000000]: Plan fail[0m
[31m[ERROR] [1790605977.577502326, 36.975000000]: Larger cost after reallocation[0m
[31m[ERROR] [1790605977.588399189, 36.984000000]: No path to next viewpoint[0m
[33m[WARN] [1790605977.588664238, 36.984000000]: Plan fail[0m
[31m[ERROR] [1790605977.608092656, 37.002000000]: No path to next viewpoint[0m
[33m[WARN] [1790605977.608266367, 37.002000000]: Plan fail[0m
[31m[ERROR] [1790605977.611684284, 37.011000000]: No path to next viewpoint[0m
[33m[WARN] [1790605977.611860914, 37.011000000]: Plan fail[0m
[33m[WARN] [1790605977.612142054, 37.011000000]: Pair opt 1 & 2[0m
[31m[ERROR] [1790605977.628867204, 37.029000000]: No path to next viewpoint[0m
[33m[WARN] [1790605977.629189324, 37.029000000]: Plan fail[0m
[31m[ERROR] [1790605977.651132373, 37.048000000]: No path to next viewpoint[0m
[33m[WARN] [1790605977.651960996, 37.048000000]: Plan fail[0m
[31m[ERROR] [1790605977.657867531, 37.057000000]: Larger cost after reallocation[0m
[31m[ERROR] [1790605977.674364233, 37.075000000]: No path to next viewpoint[0m
[33m[WARN] [1790605977.674977498, 37.075000000]: Plan fail[0m
[31m[ERROR] [1790605977.691229495, 37.093000000]: No path to next viewpoint[0m
[33m[WARN] [1790605977.691496670, 37.093000000]: Plan fail[0m
[33m[WARN] [1790605977.692076126, 37.093000000]: Pair opt 1 & 2[0m
[31m[ERROR] [1790605977.696303989, 37.093000000]: No path to next viewpoint[0m
[33m[WARN] [1790605977.697021515, 37.093000000]: Plan fail[0m
[31m[ERROR] [1790605977.717127312, 37.112000000]: No path to next viewpoint[0m
[33m[WARN] [1790605977.719451766, 37.112000000]: Plan fail[0m
[31m[ERROR] [1790605977.741262707, 37.139000000]: No path to next viewpoint[0m
[33m[WARN] [1790605977.741751869, 37.139000000]: Plan fail[0m
[33m[WARN] [1790605977.744242780, 37.139000000]: Drone 1 send opt request to 2, pair opt t: 0.046000, allocate t: 0.046000[0m
[31m[ERROR] [1790605977.761883471, 37.158000000]: No path to next viewpoint[0m
[33m[WARN] [1790605977.762117755, 37.158000000]: Plan fail[0m
[31m[ERROR] [1790605977.775343698, 37.176000000]: No path to next viewpoint[0m
[33m[WARN] [1790605977.775559847, 37.176000000]: Plan fail[0m
[31m[ERROR] [1790605977.778821728, 37.176000000]: No path to next viewpoint[0m
[33m[WARN] [1790605977.780254652, 37.176000000]: Plan fail[0m
[33m[WARN] [1790605977.780549424, 37.176000000]: get response 1[0m
[31m[ERROR] [1790605977.795585188, 37.194000000]: No path to next viewpoint[0m
[33m[WARN] [1790605977.796174108, 37.194000000]: Plan fail[0m
[31m[ERROR] [1790605977.810578682, 37.203000000]: No path to next viewpoint[0m
[33m[WARN] [1790605977.811259147, 37.203000000]: Plan fail[0m
[31m[ERROR] [1790605977.839263684, 37.231000000]: No path to next viewpoint[0m
[33m[WARN] [1790605977.839515059, 37.231000000]: Plan fail[0m
[31m[ERROR] [1790605977.842402711, 37.231000000]: No path to next viewpoint[0m
[33m[WARN] [1790605977.842729957, 37.231000000]: Plan fail[0m
[31m[ERROR] [1790605977.859713237, 37.249000000]: No path to next viewpoint[0m
[33m[WARN] [1790605977.860032521, 37.249000000]: Plan fail[0m
[31m[ERROR] [1790605977.877228490, 37.267000000]: No path to next viewpoint[0m
[33m[WARN] [1790605977.877512965, 37.267000000]: Plan fail[0m
[31m[ERROR] [1790605977.891876727, 37.286000000]: No path to next viewpoint[0m
[33m[WARN] [1790605977.892129145, 37.286000000]: Plan fail[0m
[31m[ERROR] [1790605977.896076659, 37.286000000]: No path to next viewpoint[0m
[33m[WARN] [1790605977.896306357, 37.286000000]: Plan fail[0m
[31m[ERROR] [1790605977.904224481, 37.286000000]: No path to next viewpoint[0m
[33m[WARN] [1790605977.904590164, 37.286000000]: Plan fail[0m
[31m[ERROR] [1790605977.921301682, 37.304000000]: No path to next viewpoint[0m
[33m[WARN] [1790605977.921545512, 37.304000000]: Plan fail[0m
[31m[ERROR] [1790605977.935135721, 37.322000000]: No path to next viewpoint[0m
[33m[WARN] [1790605977.935262117, 37.322000000]: Plan fail[0m
[31m[ERROR] [1790605977.938120963, 37.322000000]: No path to next viewpoint[0m
[33m[WARN] [1790605977.938280584, 37.322000000]: Plan fail[0m
[31m[ERROR] [1790605977.947667400, 37.331000000]: No path to next viewpoint[0m
[33m[WARN] [1790605977.948185034, 37.331000000]: Plan fail[0m
[31m[ERROR] [1790605977.965580269, 37.350000000]: No path to next viewpoint[0m
[33m[WARN] [1790605977.965911059, 37.350000000]: Plan fail[0m
[31m[ERROR] [1790605977.985779905, 37.368000000]: No path to next viewpoint[0m
[33m[WARN] [1790605977.986806960, 37.368000000]: Plan fail[0m
[31m[ERROR] [1790605977.992513020, 37.368000000]: No path to next viewpoint[0m
[33m[WARN] [1790605977.992802540, 37.368000000]: Plan fail[0m
[31m[ERROR] [1790605978.003220288, 37.377000000]: No path to next viewpoint[0m
[33m[WARN] [1790605978.003626449, 37.377000000]: Plan fail[0m
[31m[ERROR] [1790605978.019094554, 37.395000000]: No path to next viewpoint[0m
[33m[WARN] [1790605978.019387534, 37.395000000]: Plan fail[0m
[31m[ERROR] [1790605978.034301904, 37.414000000]: No path to next viewpoint[0m
[33m[WARN] [1790605978.034790773, 37.414000000]: Plan fail[0m
[31m[ERROR] [1790605978.035762634, 37.414000000]: No path to next viewpoint[0m
[33m[WARN] [1790605978.036267053, 37.414000000]: Plan fail[0m
[31m[ERROR] [1790605978.052380230, 37.423000000]: No path to next viewpoint[0m
[33m[WARN] [1790605978.052811321, 37.423000000]: Plan fail[0m
[31m[ERROR] [1790605978.071921579, 37.450000000]: No path to next viewpoint[0m
[33m[WARN] [1790605978.072612341, 37.450000000]: Plan fail[0m
[31m[ERROR] [1790605978.081111214, 37.459000000]: No path to next viewpoint[0m
[33m[WARN] [1790605978.081265249, 37.459000000]: Plan fail[0m
[31m[ERROR] [1790605978.087596997, 37.468000000]: No path to next viewpoint[0m
[33m[WARN] [1790605978.087915322, 37.468000000]: Plan fail[0m
[31m[ERROR] [1790605978.100651604, 37.478000000]: No path to next viewpoint[0m
[33m[WARN] [1790605978.100919404, 37.478000000]: Plan fail[0m
[31m[ERROR] [1790605978.109826898, 37.487000000]: No path to next viewpoint[0m
[33m[WARN] [1790605978.109978223, 37.487000000]: Plan fail[0m
[31m[ERROR] [1790605978.122383089, 37.496000000]: No path to next viewpoint[0m
[33m[WARN] [1790605978.122712462, 37.496000000]: Plan fail[0m
[31m[ERROR] [1790605978.133681486, 37.514000000]: No path to next viewpoint[0m
[33m[WARN] [1790605978.133879126, 37.514000000]: Plan fail[0m
[31m[ERROR] [1790605978.136393925, 37.514000000]: No path to next viewpoint[0m
[33m[WARN] [1790605978.136801086, 37.514000000]: Plan fail[0m
[31m[ERROR] [1790605978.146307962, 37.523000000]: No path to next viewpoint[0m
[33m[WARN] [1790605978.146549500, 37.523000000]: Plan fail[0m
[31m[ERROR] [1790605978.165236672, 37.542000000]: No path to next viewpoint[0m
[33m[WARN] [1790605978.165490424, 37.542000000]: Plan fail[0m
[31m[ERROR] [1790605978.176044782, 37.551000000]: No path to next viewpoint[0m
[33m[WARN] [1790605978.176169302, 37.551000000]: Plan fail[0m
[31m[ERROR] [1790605978.186211196, 37.560000000]: No path to next viewpoint[0m
[33m[WARN] [1790605978.186472034, 37.560000000]: Plan fail[0m
[31m[ERROR] [1790605978.191077044, 37.569000000]: No path to next viewpoint[0m
[33m[WARN] [1790605978.191357268, 37.569000000]: Plan fail[0m
[31m[ERROR] [1790605978.209640571, 37.578000000]: No path to next viewpoint[0m
[33m[WARN] [1790605978.209825580, 37.578000000]: Plan fail[0m
[31m[ERROR] [1790605978.231306107, 37.596000000]: No path to next viewpoint[0m
[33m[WARN] [1790605978.231721106, 37.596000000]: Plan fail[0m
[31m[ERROR] [1790605978.240905196, 37.606000000]: No path to next viewpoint[0m
[33m[WARN] [1790605978.241160824, 37.606000000]: Plan fail[0m
[31m[ERROR] [1790605978.247121302, 37.606000000]: No path to next viewpoint[0m
[33m[WARN] [1790605978.247515791, 37.615000000]: Plan fail[0m
[31m[ERROR] [1790605978.265335905, 37.624000000]: No path to next viewpoint[0m
[33m[WARN] [1790605978.265535213, 37.624000000]: Plan fail[0m
[31m[ERROR] [1790605978.288723760, 37.642000000]: No path to next viewpoint[0m
[33m[WARN] [1790605978.289124335, 37.642000000]: Plan fail[0m
[31m[ERROR] [1790605978.291450539, 37.642000000]: No path to next viewpoint[0m
[33m[WARN] [1790605978.291710794, 37.642000000]: Plan fail[0m
[31m[ERROR] [1790605978.301017820, 37.651000000]: No path to next viewpoint[0m
[33m[WARN] [1790605978.301443825, 37.661000000]: Plan fail[0m
[31m[ERROR] [1790605978.315322719, 37.670000000]: No path to next viewpoint[0m
[33m[WARN] [1790605978.315682066, 37.670000000]: Plan fail[0m
[31m[ERROR] [1790605978.330619739, 37.688000000]: No path to next viewpoint[0m
[33m[WARN] [1790605978.331102855, 37.688000000]: Plan fail[0m
[31m[ERROR] [1790605978.332411468, 37.688000000]: No path to next viewpoint[0m
[33m[WARN] [1790605978.332651088, 37.688000000]: Plan fail[0m
[31m[ERROR] [1790605978.343021770, 37.697000000]: No path to next viewpoint[0m
[33m[WARN] [1790605978.343208572, 37.697000000]: Plan fail[0m
[31m[ERROR] [1790605978.356939392, 37.715000000]: No path to next viewpoint[0m
[33m[WARN] [1790605978.357137158, 37.715000000]: Plan fail[0m
[31m[ERROR] [1790605978.370539397, 37.725000000]: No path to next viewpoint[0m
[33m[WARN] [1790605978.370865352, 37.725000000]: Plan fail[0m
[31m[ERROR] [1790605978.370643824, 37.725000000]: No path to next viewpoint[0m
[33m[WARN] [1790605978.371346134, 37.725000000]: Plan fail[0m
[33m[WARN] [1790605978.371250044, 37.725000000]: Pair opt 1 & 2[0m
[31m[ERROR] [1790605978.391503791, 37.743000000]: No path to next viewpoint[0m
[33m[WARN] [1790605978.391875977, 37.743000000]: Plan fail[0m
[31m[ERROR] [1790605978.408575447, 37.761000000]: No path to next viewpoint[0m
[33m[WARN] [1790605978.408737195, 37.761000000]: Plan fail[0m
[31m[ERROR] [1790605978.425138642, 37.779000000]: No path to next viewpoint[0m
[33m[WARN] [1790605978.425518248, 37.779000000]: Plan fail[0m
[31m[ERROR] [1790605978.429216763, 37.779000000]: Larger cost after reallocation[0m
[31m[ERROR] [1790605978.457230388, 37.807000000]: No path to next viewpoint[0m
[33m[WARN] [1790605978.457633131, 37.807000000]: Plan fail[0m
[31m[ERROR] [1790605978.477272737, 37.825000000]: No path to next viewpoint[0m
[33m[WARN] [1790605978.477566509, 37.825000000]: Plan fail[0m
[31m[ERROR] [1790605978.479820761, 37.825000000]: No path to next viewpoint[0m
[33m[WARN] [1790605978.480039787, 37.825000000]: Plan fail[0m
[33m[WARN] [1790605978.480359947, 37.825000000]: Pair opt 1 & 2[0m
[31m[ERROR] [1790605978.490676561, 37.834000000]: No path to next viewpoint[0m
[33m[WARN] [1790605978.490877370, 37.834000000]: Plan fail[0m
[31m[ERROR] [1790605978.507000094, 37.853000000]: No path to next viewpoint[0m
[33m[WARN] [1790605978.507442940, 37.853000000]: Plan fail[0m
[31m[ERROR] [1790605978.520683390, 37.862000000]: No path to next viewpoint[0m
[33m[WARN] [1790605978.521050782, 37.862000000]: Plan fail[0m
[33m[WARN] [1790605978.522359478, 37.871000000]: Drone 1 send opt request to 2, pair opt t: 0.046000, allocate t: 0.037000[0m
[31m[ERROR] [1790605978.533492000, 37.880000000]: No path to next viewpoint[0m
[33m[WARN] [1790605978.533646785, 37.880000000]: Plan fail[0m
[31m[ERROR] [1790605978.546689262, 37.889000000]: No path to next viewpoint[0m
[33m[WARN] [1790605978.546870352, 37.889000000]: Plan fail[0m
[31m[ERROR] [1790605978.560896653, 37.908000000]: No path to next viewpoint[0m
[33m[WARN] [1790605978.561307609, 37.908000000]: Plan fail[0m
[31m[ERROR] [1790605978.566215436, 37.908000000]: No path to next viewpoint[0m
[33m[WARN] [1790605978.566326242, 37.908000000]: Plan fail[0m
[33m[WARN] [1790605978.566459183, 37.908000000]: get response 1[0m
[31m[ERROR] [1790605978.573675581, 37.917000000]: No path to next viewpoint[0m
[33m[WARN] [1790605978.573944049, 37.917000000]: Plan fail[0m
[31m[ERROR] [1790605978.588692002, 37.935000000]: No path to next viewpoint[0m
[33m[WARN] [1790605978.588816064, 37.935000000]: Plan fail[0m
[31m[ERROR] [1790605978.601338281, 37.944000000]: No path to next viewpoint[0m
[33m[WARN] [1790605978.601626800, 37.944000000]: Plan fail[0m
[31m[ERROR] [1790605978.608415693, 37.953000000]: No path to next viewpoint[0m
[33m[WARN] [1790605978.608639513, 37.953000000]: Plan fail[0m
[31m[ERROR] [1790605978.617379631, 37.962000000]: No path to next viewpoint[0m
[33m[WARN] [1790605978.618145347, 37.962000000]: Plan fail[0m
[31m[ERROR] [1790605978.635252396, 37.981000000]: No path to next viewpoint[0m
[33m[WARN] [1790605978.635708082, 37.981000000]: Plan fail[0m
[31m[ERROR] [1790605978.648399300, 37.990000000]: No path to next viewpoint[0m
[33m[WARN] [1790605978.648785326, 37.990000000]: Plan fail[0m
[31m[ERROR] [1790605978.653071051, 37.999000000]: No path to next viewpoint[0m
[33m[WARN] [1790605978.653590310, 37.999000000]: Plan fail[0m
[31m[ERROR] [1790605978.680212406, 38.017000000]: No path to next viewpoint[0m
[33m[WARN] [1790605978.681755970, 38.017000000]: Plan fail[0m
[31m[ERROR] [1790605978.709106513, 38.045000000]: No path to next viewpoint[0m
[33m[WARN] [1790605978.709549735, 38.045000000]: Plan fail[0m
[31m[ERROR] [1790605978.710103970, 38.045000000]: No path to next viewpoint[0m
[33m[WARN] [1790605978.712117851, 38.045000000]: Plan fail[0m
[31m[ERROR] [1790605978.734165745, 38.072000000]: No path to next viewpoint[0m
[33m[WARN] [1790605978.734418037, 38.072000000]: Plan fail[0m
[31m[ERROR] [1790605978.752374636, 38.090000000]: No path to next viewpoint[0m
[33m[WARN] [1790605978.752580156, 38.090000000]: Plan fail[0m
[31m[ERROR] [1790605978.756770250, 38.090000000]: No path to next viewpoint[0m
[33m[WARN] [1790605978.756906193, 38.090000000]: Plan fail[0m
[31m[ERROR] [1790605978.765939207, 38.100000000]: No path to next viewpoint[0m
[33m[WARN] [1790605978.766191583, 38.100000000]: Plan fail[0m
[31m[ERROR] [1790605978.782746606, 38.118000000]: No path to next viewpoint[0m
[33m[WARN] [1790605978.783027330, 38.118000000]: Plan fail[0m
[31m[ERROR] [1790605978.795203623, 38.127000000]: No path to next viewpoint[0m
[33m[WARN] [1790605978.795467714, 38.127000000]: Plan fail[0m
[31m[ERROR] [1790605978.796344485, 38.127000000]: No path to next viewpoint[0m
[33m[WARN] [1790605978.796791208, 38.127000000]: Plan fail[0m
[31m[ERROR] [1790605978.813749225, 38.145000000]: No path to next viewpoint[0m
[33m[WARN] [1790605978.814168935, 38.145000000]: Plan fail[0m
[31m[ERROR] [1790605978.829070006, 38.164000000]: No path to next viewpoint[0m
[33m[WARN] [1790605978.829293660, 38.164000000]: Plan fail[0m
[31m[ERROR] [1790605978.835712118, 38.164000000]: No path to next viewpoint[0m
[33m[WARN] [1790605978.836103772, 38.164000000]: Plan fail[0m
[31m[ERROR] [1790605978.846926597, 38.173000000]: No path to next viewpoint[0m
[33m[WARN] [1790605978.847198233, 38.173000000]: Plan fail[0m
[31m[ERROR] [1790605978.860238375, 38.191000000]: No path to next viewpoint[0m
[33m[WARN] [1790605978.860456150, 38.191000000]: Plan fail[0m
[31m[ERROR] [1790605978.870538689, 38.200000000]: No path to next viewpoint[0m
[33m[WARN] [1790605978.870872189, 38.200000000]: Plan fail[0m
[31m[ERROR] [1790605978.875629400, 38.209000000]: No path to next viewpoint[0m
[33m[WARN] [1790605978.875944182, 38.209000000]: Plan fail[0m
[31m[ERROR] [1790605978.890517798, 38.218000000]: No path to next viewpoint[0m
[33m[WARN] [1790605978.890757043, 38.218000000]: Plan fail[0m
[31m[ERROR] [1790605978.911387395, 38.237000000]: No path to next viewpoint[0m
[33m[WARN] [1790605978.911655237, 38.237000000]: Plan fail[0m
[31m[ERROR] [1790605978.913196632, 38.237000000]: No path to next viewpoint[0m
[33m[WARN] [1790605978.914209889, 38.237000000]: Plan fail[0m
[31m[ERROR] [1790605978.931647770, 38.255000000]: No path to next viewpoint[0m
[33m[WARN] [1790605978.932118588, 38.255000000]: Plan fail[0m
[31m[ERROR] [1790605978.948664857, 38.273000000]: No path to next viewpoint[0m
[33m[WARN] [1790605978.948849992, 38.273000000]: Plan fail[0m
[31m[ERROR] [1790605978.962241976, 38.283999999]: No path to next viewpoint[0m
[33m[WARN] [1790605978.962470674, 38.283999999]: Plan fail[0m
[31m[ERROR] [1790605978.981172937, 38.301999999]: No path to next viewpoint[0m
[31m[ERROR] [1790605978.981340896, 38.301999999]: No path to next viewpoint[0m
[33m[WARN] [1790605978.981514274, 38.301999999]: Plan fail[0m
[33m[WARN] [1790605978.981633834, 38.301999999]: Plan fail[0m
[31m[ERROR] [1790605978.998221165, 38.320000000]: No path to next viewpoint[0m
[33m[WARN] [1790605978.998384913, 38.320000000]: Plan fail[0m
[31m[ERROR] [1790605979.017933975, 38.329000000]: No path to next viewpoint[0m
[33m[WARN] [1790605979.018731623, 38.329000000]: Plan fail[0m
[31m[ERROR] [1790605979.039172130, 38.338000000]: No path to next viewpoint[0m
[33m[WARN] [1790605979.039527766, 38.338000000]: Plan fail[0m
[31m[ERROR] [1790605979.051627563, 38.356000000]: No path to next viewpoint[0m
[33m[WARN] [1790605979.051913289, 38.356000000]: Plan fail[0m
[31m[ERROR] [1790605979.056237950, 38.356000000]: No path to next viewpoint[0m
[33m[WARN] [1790605979.056513797, 38.356000000]: Plan fail[0m
[31m[ERROR] [1790605979.064519422, 38.365000000]: No path to next viewpoint[0m
[33m[WARN] [1790605979.064704390, 38.365000000]: Plan fail[0m
[31m[ERROR] [1790605979.081109797, 38.374000000]: No path to next viewpoint[0m
[33m[WARN] [1790605979.081380974, 38.374000000]: Plan fail[0m
[31m[ERROR] [1790605979.094537716, 38.392000000]: No path to next viewpoint[0m
[33m[WARN] [1790605979.094795761, 38.392000000]: Plan fail[0m
[31m[ERROR] [1790605979.105911275, 38.401000000]: No path to next viewpoint[0m
[33m[WARN] [1790605979.106167986, 38.401000000]: Plan fail[0m
[31m[ERROR] [1790605979.110380091, 38.411000000]: No path to next viewpoint[0m
[33m[WARN] [1790605979.110513825, 38.411000000]: Plan fail[0m
[31m[ERROR] [1790605979.126997187, 38.420000000]: No path to next viewpoint[0m
[33m[WARN] [1790605979.127264988, 38.420000000]: Plan fail[0m
[31m[ERROR] [1790605979.145338604, 38.438000000]: No path to next viewpoint[0m
[33m[WARN] [1790605979.145569094, 38.438000000]: Plan fail[0m
[31m[ERROR] [1790605979.156350107, 38.447000000]: No path to next viewpoint[0m
[33m[WARN] [1790605979.156572968, 38.447000000]: Plan fail[0m
[33m[WARN] [1790605979.159476752, 38.456000000]: Pair opt 1 & 2[0m
[31m[ERROR] [1790605979.163103273, 38.456000000]: No path to next viewpoint[0m
[33m[WARN] [1790605979.163559835, 38.456000000]: Plan fail[0m
[31m[ERROR] [1790605979.178098309, 38.475000000]: No path to next viewpoint[0m
[33m[WARN] [1790605979.178372112, 38.475000000]: Plan fail[0m
[31m[ERROR] [1790605979.191629946, 38.484000000]: No path to next viewpoint[0m
[33m[WARN] [1790605979.191945937, 38.484000000]: Plan fail[0m
[31m[ERROR] [1790605979.205286062, 38.502000000]: No path to next viewpoint[0m
[33m[WARN] [1790605979.205480326, 38.502000000]: Plan fail[0m
[31m[ERROR] [1790605979.215415041, 38.511000000]: Larger cost after reallocation[0m
[31m[ERROR] [1790605979.218536768, 38.511000000]: No path to next viewpoint[0m
[33m[WARN] [1790605979.218764840, 38.511000000]: Plan fail[0m
[31m[ERROR] [1790605979.232677960, 38.529000000]: No path to next viewpoint[0m
[33m[WARN] [1790605979.232776051, 38.529000000]: Plan fail[0m
[31m[ERROR] [1790605979.243350794, 38.539000000]: No path to next viewpoint[0m
[33m[WARN] [1790605979.243533010, 38.539000000]: Plan fail[0m
[31m[ERROR] [1790605979.255716265, 38.548000000]: No path to next viewpoint[0m
[33m[WARN] [1790605979.256012830, 38.548000000]: Plan fail[0m
[31m[ERROR] [1790605979.266685497, 38.557000000]: No path to next viewpoint[0m
[33m[WARN] [1790605979.267314519, 38.557000000]: Plan fail[0m
[33m[WARN] [1790605979.268083946, 38.566000000]: Pair opt 1 & 2[0m
[31m[ERROR] [1790605979.271636888, 38.566000000]: No path to next viewpoint[0m
[33m[WARN] [1790605979.271977516, 38.566000000]: Plan fail[0m
[31m[ERROR] [1790605979.286439536, 38.575000000]: No path to next viewpoint[0m
[33m[WARN] [1790605979.286823102, 38.575000000]: Plan fail[0m
[31m[ERROR] [1790605979.301845902, 38.593000000]: No path to next viewpoint[0m
[33m[WARN] [1790605979.301974966, 38.593000000]: Plan fail[0m
[31m[ERROR] [1790605979.313016859, 38.603000000]: No path to next viewpoint[0m
[33m[WARN] [1790605979.313369285, 38.603000000]: Plan fail[0m
[33m[WARN] [1790605979.318209079, 38.612000000]: Drone 1 send opt request to 2, pair opt t: 0.046000, allocate t: 0.037000[0m
[31m[ERROR] [1790605979.326666014, 38.612000000]: No path to next viewpoint[0m
[33m[WARN] [1790605979.326847313, 38.612000000]: Plan fail[0m
[31m[ERROR] [1790605979.344246716, 38.630000000]: No path to next viewpoint[0m
[33m[WARN] [1790605979.344429724, 38.630000000]: Plan fail[0m
[31m[ERROR] [1790605979.373802237, 38.658000000]: No path to next viewpoint[0m
[33m[WARN] [1790605979.374054238, 38.658000000]: Plan fail[0m
[31m[ERROR] [1790605979.378514717, 38.658000000]: No path to next viewpoint[0m
[33m[WARN] [1790605979.378833793, 38.658000000]: Plan fail[0m
[33m[WARN] [1790605979.379467985, 38.658000000]: get response 1[0m
[31m[ERROR] [1790605979.396305608, 38.676000000]: No path to next viewpoint[0m
[33m[WARN] [1790605979.396641151, 38.676000000]: Plan fail[0m
[31m[ERROR] [1790605979.416557854, 38.694000000]: No path to next viewpoint[0m
[33m[WARN] [1790605979.416835117, 38.694000000]: Plan fail[0m
[31m[ERROR] [1790605979.418403193, 38.703000000]: No path to next viewpoint[0m
[33m[WARN] [1790605979.418707386, 38.703000000]: Plan fail[0m
[31m[ERROR] [1790605979.440263326, 38.721000000]: No path to next viewpoint[0m
[33m[WARN] [1790605979.440512534, 38.721000000]: Plan fail[0m
[31m[ERROR] [1790605979.451142596, 38.731000000]: No path to next viewpoint[0m
[33m[WARN] [1790605979.451555010, 38.731000000]: Plan fail[0m
[31m[ERROR] [1790605979.457795004, 38.740000000]: No path to next viewpoint[0m
[33m[WARN] [1790605979.458069391, 38.740000000]: Plan fail[0m
[31m[ERROR] [1790605979.476782118, 38.758000000]: No path to next viewpoint[0m
[33m[WARN] [1790605979.477089688, 38.758000000]: Plan fail[0m
[31m[ERROR] [1790605979.476831767, 38.758000000]: No path to next viewpoint[0m
[33m[WARN] [1790605979.477400760, 38.758000000]: Plan fail[0m
[31m[ERROR] [1790605979.495087808, 38.776000000]: No path to next viewpoint[0m
[33m[WARN] [1790605979.495503099, 38.776000000]: Plan fail[0m
[31m[ERROR] [1790605979.504812042, 38.786000000]: No path to next viewpoint[0m
[33m[WARN] [1790605979.505234670, 38.786000000]: Plan fail[0m
[31m[ERROR] [1790605979.513810206, 38.795000000]: No path to next viewpoint[0m
[33m[WARN] [1790605979.514287194, 38.795000000]: Plan fail[0m
[31m[ERROR] [1790605979.535000504, 38.813000000]: No path to next viewpoint[0m
[33m[WARN] [1790605979.535403247, 38.813000000]: Plan fail[0m
[31m[ERROR] [1790605979.536938347, 38.813000000]: No path to next viewpoint[0m
[33m[WARN] [1790605979.537838589, 38.813000000]: Plan fail[0m
[31m[ERROR] [1790605979.562539517, 38.840000000]: No path to next viewpoint[0m
[33m[WARN] [1790605979.562746787, 38.840000000]: Plan fail[0m
[31m[ERROR] [1790605979.571676208, 38.850000000]: No path to next viewpoint[0m
[33m[WARN] [1790605979.571914994, 38.850000000]: Plan fail[0m
[31m[ERROR] [1790605979.586139853, 38.859000000]: No path to next viewpoint[0m
[33m[WARN] [1790605979.586619384, 38.868000000]: Plan fail[0m
[31m[ERROR] [1790605979.599204382, 38.877000000]: No path to next viewpoint[0m
[33m[WARN] [1790605979.599368172, 38.877000000]: Plan fail[0m
[31m[ERROR] [1790605979.605677075, 38.886000000]: No path to next viewpoint[0m
[33m[WARN] [1790605979.605943291, 38.886000000]: Plan fail[0m
[31m[ERROR] [1790605979.622340486, 38.904000000]: No path to next viewpoint[0m
[33m[WARN] [1790605979.622552300, 38.904000000]: Plan fail[0m
[31m[ERROR] [1790605979.627718757, 38.904000000]: No path to next viewpoint[0m
[33m[WARN] [1790605979.627935157, 38.904000000]: Plan fail[0m
[31m[ERROR] [1790605979.635400012, 38.914000000]: No path to next viewpoint[0m
[33m[WARN] [1790605979.635595360, 38.914000000]: Plan fail[0m
[31m[ERROR] [1790605979.652428272, 38.932000000]: No path to next viewpoint[0m
[33m[WARN] [1790605979.652640420, 38.932000000]: Plan fail[0m
[31m[ERROR] [1790605979.654231256, 38.932000000]: No path to next viewpoint[0m
[33m[WARN] [1790605979.654364531, 38.932000000]: Plan fail[0m
[31m[ERROR] [1790605979.674401128, 38.950000000]: No path to next viewpoint[0m
[33m[WARN] [1790605979.674551912, 38.950000000]: Plan fail[0m
[31m[ERROR] [1790605979.680889037, 38.959000000]: No path to next viewpoint[0m
[33m[WARN] [1790605979.681083718, 38.959000000]: Plan fail[0m
[31m[ERROR] [1790605979.688435350, 38.959000000]: No path to next viewpoint[0m
[33m[WARN] [1790605979.688714739, 38.959000000]: Plan fail[0m
[31m[ERROR] [1790605979.707834378, 38.978000000]: No path to next viewpoint[0m
[33m[WARN] [1790605979.708087254, 38.978000000]: Plan fail[0m
[31m[ERROR] [1790605979.713950559, 38.987000000]: No path to next viewpoint[0m
[33m[WARN] [1790605979.714230741, 38.987000000]: Plan fail[0m
[31m[ERROR] [1790605979.726777595, 38.996000000]: No path to next viewpoint[0m
[33m[WARN] [1790605979.727041768, 38.996000000]: Plan fail[0m
[31m[ERROR] [1790605979.739735570, 39.014000000]: No path to next viewpoint[0m
[33m[WARN] [1790605979.739884270, 39.014000000]: Plan fail[0m
[31m[ERROR] [1790605979.745906571, 39.014000000]: No path to next viewpoint[0m
[33m[WARN] [1790605979.746036178, 39.014000000]: Plan fail[0m
[31m[ERROR] [1790605979.763937332, 39.033000000]: No path to next viewpoint[0m
[33m[WARN] [1790605979.764193543, 39.033000000]: Plan fail[0m
[31m[ERROR] [1790605979.773721347, 39.042000000]: No path to next viewpoint[0m
[33m[WARN] [1790605979.773987229, 39.042000000]: Plan fail[0m
[31m[ERROR] [1790605979.779578816, 39.051000000]: No path to next viewpoint[0m
[33m[WARN] [1790605979.779737228, 39.051000000]: Plan fail[0m
[31m[ERROR] [1790605979.805062759, 39.078000000]: No path to next viewpoint[0m
[33m[WARN] [1790605979.805374499, 39.078000000]: Plan fail[0m
[31m[ERROR] [1790605979.807372330, 39.078000000]: No path to next viewpoint[0m
[33m[WARN] [1790605979.807526699, 39.078000000]: Plan fail[0m
[31m[ERROR] [1790605979.822645630, 39.087000000]: No path to next viewpoint[0m
[33m[WARN] [1790605979.822948323, 39.087000000]: Plan fail[0m
[31m[ERROR] [1790605979.836989590, 39.106000000]: No path to next viewpoint[0m
[33m[WARN] [1790605979.837169471, 39.106000000]: Plan fail[0m
[31m[ERROR] [1790605979.840274773, 39.106000000]: No path to next viewpoint[0m
[33m[WARN] [1790605979.840467578, 39.106000000]: Plan fail[0m
[31m[ERROR] [1790605979.860160670, 39.124000000]: No path to next viewpoint[0m
[33m[WARN] [1790605979.860431096, 39.124000000]: Plan fail[0m
[31m[ERROR] [1790605979.869181469, 39.133000000]: No path to next viewpoint[0m
[33m[WARN] [1790605979.870039398, 39.133000000]: Plan fail[0m
[31m[ERROR] [1790605979.882787894, 39.151000000]: No path to next viewpoint[0m
[33m[WARN] [1790605979.882967609, 39.151000000]: Plan fail[0m
[31m[ERROR] [1790605979.893400615, 39.161000000]: No path to next viewpoint[0m
[33m[WARN] [1790605979.893637775, 39.161000000]: Plan fail[0m
[31m[ERROR] [1790605979.898858009, 39.161000000]: No path to next viewpoint[0m
[33m[WARN] [1790605979.899186923, 39.170000000]: Plan fail[0m
[31m[ERROR] [1790605979.918418117, 39.179000000]: No path to next viewpoint[0m
[33m[WARN] [1790605979.918809063, 39.188000000]: Plan fail[0m
[31m[ERROR] [1790605979.922160237, 39.188000000]: No path to next viewpoint[0m
[33m[WARN] [1790605979.922668158, 39.188000000]: Plan fail[0m
[33m[WARN] [1790605979.922996572, 39.188000000]: Pair opt 1 & 2[0m
[31m[ERROR] [1790605979.939918404, 39.206000000]: No path to next viewpoint[0m
[33m[WARN] [1790605979.940169029, 39.206000000]: Plan fail[0m
[31m[ERROR] [1790605979.961400056, 39.225000000]: No path to next viewpoint[0m
[33m[WARN] [1790605979.961686199, 39.225000000]: Plan fail[0m
[31m[ERROR] [1790605979.975598610, 39.243000000]: Larger cost after reallocation[0m
[31m[ERROR] [1790605979.983592563, 39.252000000]: No path to next viewpoint[0m
[33m[WARN] [1790605979.983816717, 39.252000000]: Plan fail[0m
[31m[ERROR] [1790605980.006662259, 39.270000000]: No path to next viewpoint[0m
[33m[WARN] [1790605980.006886246, 39.270000000]: Plan fail[0m
[31m[ERROR] [1790605980.008991673, 39.279000000]: No path to next viewpoint[0m
[33m[WARN] [1790605980.009412884, 39.279000000]: Plan fail[0m
[33m[WARN] [1790605980.013130617, 39.279000000]: Pair opt 1 & 2[0m
[31m[ERROR] [1790605980.024451066, 39.289000000]: No path to next viewpoint[0m
[33m[WARN] [1790605980.024792361, 39.289000000]: Plan fail[0m
[31m[ERROR] [1790605980.042771680, 39.307000000]: No path to next viewpoint[0m
[33m[WARN] [1790605980.042915627, 39.307000000]: Plan fail[0m
[31m[ERROR] [1790605980.056871143, 39.316000000]: Larger cost after reallocation[0m
[31m[ERROR] [1790605980.059141527, 39.316000000]: No path to next viewpoint[0m
[33m[WARN] [1790605980.059323368, 39.316000000]: Plan fail[0m
[31m[ERROR] [1790605980.075594500, 39.334000000]: No path to next viewpoint[0m
[33m[WARN] [1790605980.075855005, 39.334000000]: Plan fail[0m
[31m[ERROR] [1790605980.087332532, 39.353000000]: No path to next viewpoint[0m
[33m[WARN] [1790605980.087493613, 39.353000000]: Plan fail[0m
[33m[WARN] [1790605980.087863423, 39.353000000]: Pair opt 1 & 2[0m
[31m[ERROR] [1790605980.092290385, 39.353000000]: No path to next viewpoint[0m
[33m[WARN] [1790605980.093998947, 39.353000000]: Plan fail[0m
[31m[ERROR] [1790605980.113525831, 39.371000000]: No path to next viewpoint[0m
[33m[WARN] [1790605980.114135427, 39.380000000]: Plan fail[0m
[31m[ERROR] [1790605980.132992559, 39.398000000]: No path to next viewpoint[0m
[33m[WARN] [1790605980.133284330, 39.398000000]: Plan fail[0m
[31m[ERROR] [1790605980.141889631, 39.408000000]: Larger cost after reallocation[0m
[31m[ERROR] [1790605980.152337685, 39.408000000]: No path to next viewpoint[0m
[33m[WARN] [1790605980.153046790, 39.408000000]: Plan fail[0m
[31m[ERROR] [1790605980.172818296, 39.435000000]: No path to next viewpoint[0m
[33m[WARN] [1790605980.173011267, 39.435000000]: Plan fail[0m
[31m[ERROR] [1790605980.173098727, 39.435000000]: No path to next viewpoint[0m
[33m[WARN] [1790605980.173457698, 39.435000000]: Plan fail[0m
[33m[WARN] [1790605980.173789489, 39.435000000]: Pair opt 1 & 2[0m
[31m[ERROR] [1790605980.199448938, 39.453000000]: No path to next viewpoint[0m
[33m[WARN] [1790605980.199908459, 39.453000000]: Plan fail[0m
[31m[ERROR] [1790605980.220408120, 39.472000000]: No path to next viewpoint[0m
[33m[WARN] [1790605980.220777847, 39.472000000]: Plan fail[0m
[31m[ERROR] [1790605980.228681922, 39.481000000]: Larger cost after reallocation[0m
[31m[ERROR] [1790605980.241940923, 39.499000000]: No path to next viewpoint[0m
[33m[WARN] [1790605980.242216686, 39.499000000]: Plan fail[0m
[31m[ERROR] [1790605980.268517204, 39.526000000]: No path to next viewpoint[0m
[33m[WARN] [1790605980.269056099, 39.526000000]: Plan fail[0m
[33m[WARN] [1790605980.269512535, 39.526000000]: Pair opt 1 & 2[0m
[31m[ERROR] [1790605980.270042842, 39.526000000]: No path to next viewpoint[0m
[33m[WARN] [1790605980.270214261, 39.526000000]: Plan fail[0m
[31m[ERROR] [1790605980.292722384, 39.545000000]: No path to next viewpoint[0m
[33m[WARN] [1790605980.292996230, 39.545000000]: Plan fail[0m
[31m[ERROR] [1790605980.314106446, 39.572000000]: Larger cost after reallocation[0m
[31m[ERROR] [1790605980.320466249, 39.572000000]: No path to next viewpoint[0m
[33m[WARN] [1790605980.321221627, 39.572000000]: Plan fail[0m
[31m[ERROR] [1790605980.346829091, 39.600000000]: No path to next viewpoint[0m
[33m[WARN] [1790605980.347138162, 39.600000000]: Plan fail[0m
[31m[ERROR] [1790605980.349820878, 39.600000000]: No path to next viewpoint[0m
[33m[WARN] [1790605980.350124404, 39.600000000]: Plan fail[0m
[33m[WARN] [1790605980.350595556, 39.609000000]: Pair opt 1 & 2[0m
[31m[ERROR] [1790605980.363065413, 39.609000000]: No path to next viewpoint[0m
[33m[WARN] [1790605980.363178637, 39.609000000]: Plan fail[0m
[31m[ERROR] [1790605980.390267508, 39.627000000]: No path to next viewpoint[0m
[33m[WARN] [1790605980.390631189, 39.627000000]: Plan fail[0m
[31m[ERROR] [1790605980.405439798, 39.645000000]: Larger cost after reallocation[0m
[31m[ERROR] [1790605980.413542097, 39.654000000]: No path to next viewpoint[0m
[33m[WARN] [1790605980.413934418, 39.654000000]: Plan fail[0m
[31m[ERROR] [1790605980.432141851, 39.673000000]: No path to next viewpoint[0m
[33m[WARN] [1790605980.432510285, 39.673000000]: Plan fail[0m
[31m[ERROR] [1790605980.434390933, 39.673000000]: No path to next viewpoint[0m
[33m[WARN] [1790605980.434750238, 39.673000000]: Plan fail[0m
[33m[WARN] [1790605980.436786005, 39.673000000]: Pair opt 1 & 2[0m
[31m[ERROR] [1790605980.448529457, 39.691000000]: No path to next viewpoint[0m
[33m[WARN] [1790605980.448654186, 39.691000000]: Plan fail[0m
[31m[ERROR] [1790605980.465730887, 39.709000000]: No path to next viewpoint[0m
[33m[WARN] [1790605980.465924734, 39.709000000]: Plan fail[0m
[31m[ERROR] [1790605980.478438863, 39.718000000]: Larger cost after reallocation[0m
[31m[ERROR] [1790605980.483524363, 39.718000000]: No path to next viewpoint[0m
[33m[WARN] [1790605980.483801376, 39.718000000]: Plan fail[0m
[31m[ERROR] [1790605980.499919181, 39.737000000]: No path to next viewpoint[0m
[33m[WARN] [1790605980.500112778, 39.737000000]: Plan fail[0m
[31m[ERROR] [1790605980.507678350, 39.746000000]: No path to next viewpoint[0m
[33m[WARN] [1790605980.507893666, 39.746000000]: Plan fail[0m
[33m[WARN] [1790605980.508199236, 39.746000000]: Pair opt 1 & 2[0m
[31m[ERROR] [1790605980.516081592, 39.755000000]: No path to next viewpoint[0m
[33m[WARN] [1790605980.516323713, 39.755000000]: Plan fail[0m
[31m[ERROR] [1790605980.537147578, 39.773000000]: No path to next viewpoint[0m
[33m[WARN] [1790605980.537437931, 39.773000000]: Plan fail[0m
[31m[ERROR] [1790605980.553167000, 39.783000000]: Larger cost after reallocation[0m
[31m[ERROR] [1790605980.561129854, 39.792000000]: No path to next viewpoint[0m
[33m[WARN] [1790605980.561674960, 39.792000000]: Plan fail[0m
[31m[ERROR] [1790605980.590447798, 39.819000000]: No path to next viewpoint[0m
[33m[WARN] [1790605980.590710846, 39.819000000]: Plan fail[0m
[31m[ERROR] [1790605980.597146270, 39.828000000]: No path to next viewpoint[0m
[33m[WARN] [1790605980.597468473, 39.828000000]: Plan fail[0m
[33m[WARN] [1790605980.598095620, 39.828000000]: Pair opt 1 & 2[0m
[31m[ERROR] [1790605980.614937620, 39.837000000]: No path to next viewpoint[0m
[33m[WARN] [1790605980.615525122, 39.837000000]: Plan fail[0m
[31m[ERROR] [1790605980.638158600, 39.865000000]: No path to next viewpoint[0m
[33m[WARN] [1790605980.638985388, 39.865000000]: Plan fail[0m
[31m[ERROR] [1790605980.643612158, 39.874000000]: Larger cost after reallocation[0m
[31m[ERROR] [1790605980.676855689, 39.901000000]: No path to next viewpoint[0m
[33m[WARN] [1790605980.677250719, 39.901000000]: Plan fail[0m
[31m[ERROR] [1790605980.688076088, 39.911000000]: No path to next viewpoint[0m
[33m[WARN] [1790605980.688463531, 39.911000000]: Plan fail[0m
[33m[WARN] [1790605980.688823795, 39.911000000]: Pair opt 1 & 2[0m
[31m[ERROR] [1790605980.698404749, 39.920000000]: No path to next viewpoint[0m
[33m[WARN] [1790605980.698850180, 39.920000000]: Plan fail[0m
[31m[ERROR] [1790605980.720368226, 39.938000000]: No path to next viewpoint[0m
[33m[WARN] [1790605980.720771844, 39.938000000]: Plan fail[0m
[31m[ERROR] [1790605980.739518004, 39.956000000]: Larger cost after reallocation[0m
[31m[ERROR] [1790605980.747471270, 39.965000000]: No path to next viewpoint[0m
[33m[WARN] [1790605980.747693048, 39.965000000]: Plan fail[0m
[31m[ERROR] [1790605980.764344244, 39.984000000]: No path to next viewpoint[0m
[33m[WARN] [1790605980.764949130, 39.984000000]: Plan fail[0m
[31m[ERROR] [1790605980.770568105, 39.993000000]: No path to next viewpoint[0m
[33m[WARN] [1790605980.771057558, 39.993000000]: Plan fail[0m
[33m[WARN] [1790605980.771340074, 39.993000000]: Pair opt 1 & 2[0m
[31m[ERROR] [1790605980.784631800, 40.002000000]: No path to next viewpoint[0m
[33m[WARN] [1790605980.785640470, 40.002000000]: Plan fail[0m
[31m[ERROR] [1790605980.813201869, 40.029000000]: No path to next viewpoint[0m
[33m[WARN] [1790605980.814271195, 40.029000000]: Plan fail[0m
[31m[ERROR] [1790605980.829435190, 40.048000000]: Larger cost after reallocation[0m
[31m[ERROR] [1790605980.842666594, 40.057000000]: No path to next viewpoint[0m
[33m[WARN] [1790605980.843176766, 40.057000000]: Plan fail[0m
[31m[ERROR] [1790605980.863407710, 40.075000000]: No path to next viewpoint[0m
[33m[WARN] [1790605980.863592719, 40.075000000]: Plan fail[0m
[31m[ERROR] [1790605980.864988750, 40.075000000]: No path to next viewpoint[0m
[33m[WARN] [1790605980.865132322, 40.075000000]: Plan fail[0m
[33m[WARN] [1790605980.869831462, 40.075000000]: Pair opt 1 & 2[0m
[31m[ERROR] [1790605980.883411957, 40.084000000]: No path to next viewpoint[0m
[33m[WARN] [1790605980.883565075, 40.084000000]: Plan fail[0m
[31m[ERROR] [1790605980.899140234, 40.103000000]: No path to next viewpoint[0m
[33m[WARN] [1790605980.899269256, 40.103000000]: Plan fail[0m
[31m[ERROR] [1790605980.917587578, 40.121000000]: No path to next viewpoint[0m
[33m[WARN] [1790605980.917904069, 40.121000000]: Plan fail[0m
[31m[ERROR] [1790605980.930918782, 40.139000000]: Larger cost after reallocation[0m
[31m[ERROR] [1790605980.936038340, 40.139000000]: No path to next viewpoint[0m
[33m[WARN] [1790605980.936633679, 40.139000000]: Plan fail[0m
[31m[ERROR] [1790605980.956958837, 40.158000000]: No path to next viewpoint[0m
[33m[WARN] [1790605980.957360746, 40.158000000]: Plan fail[0m
[31m[ERROR] [1790605980.972971923, 40.176000000]: No path to next viewpoint[0m
[31m[ERROR] [1790605980.973234012, 40.176000000]: No path to next viewpoint[0m
[33m[WARN] [1790605980.973512318, 40.176000000]: Plan fail[0m
[33m[WARN] [1790605980.973647385, 40.176000000]: Plan fail[0m
[33m[WARN] [1790605980.974171189, 40.176000000]: Pair opt 1 & 2[0m
[31m[ERROR] [1790605980.989918684, 40.194000000]: No path to next viewpoint[0m
[33m[WARN] [1790605980.990084475, 40.194000000]: Plan fail[0m
[31m[ERROR] [1790605981.006642625, 40.212000000]: No path to next viewpoint[0m
[33m[WARN] [1790605981.006960659, 40.212000000]: Plan fail[0m
[31m[ERROR] [1790605981.028616690, 40.231000000]: Larger cost after reallocation[0m
[31m[ERROR] [1790605981.035976117, 40.231000000]: No path to next viewpoint[0m
[33m[WARN] [1790605981.036314662, 40.231000000]: Plan fail[0m
[31m[ERROR] [1790605981.054811197, 40.249000000]: No path to next viewpoint[0m
[33m[WARN] [1790605981.055069034, 40.249000000]: Plan fail[0m
[31m[ERROR] [1790605981.057995788, 40.258000000]: No path to next viewpoint[0m
[33m[WARN] [1790605981.058175170, 40.258000000]: Plan fail[0m
[33m[WARN] [1790605981.063108385, 40.258000000]: Pair opt 1 & 2[0m
[31m[ERROR] [1790605981.073030719, 40.267000000]: No path to next viewpoint[0m
[33m[WARN] [1790605981.075775632, 40.276000000]: Plan fail[0m
[31m[ERROR] [1790605981.093526170, 40.295000000]: No path to next viewpoint[0m
[33m[WARN] [1790605981.093779380, 40.295000000]: Plan fail[0m
[31m[ERROR] [1790605981.109813559, 40.304000000]: Larger cost after reallocation[0m
[31m[ERROR] [1790605981.112626674, 40.313000000]: No path to next viewpoint[0m
[33m[WARN] [1790605981.112942665, 40.313000000]: Plan fail[0m
[31m[ERROR] [1790605981.131565972, 40.331000000]: No path to next viewpoint[0m
[33m[WARN] [1790605981.131727094, 40.331000000]: Plan fail[0m
[31m[ERROR] [1790605981.140002355, 40.340000000]: No path to next viewpoint[0m
[33m[WARN] [1790605981.140222840, 40.340000000]: Plan fail[0m
[33m[WARN] [1790605981.140776867, 40.340000000]: Pair opt 1 & 2[0m
[31m[ERROR] [1790605981.152172520, 40.350000000]: No path to next viewpoint[0m
[33m[WARN] [1790605981.152382875, 40.350000000]: Plan fail[0m
[31m[ERROR] [1790605981.170417013, 40.368000000]: No path to next viewpoint[0m
[33m[WARN] [1790605981.170724041, 40.368000000]: Plan fail[0m
[31m[ERROR] [1790605981.185586469, 40.386000000]: Larger cost after reallocation[0m
[31m[ERROR] [1790605981.189181265, 40.386000000]: No path to next viewpoint[0m
[33m[WARN] [1790605981.189582466, 40.386000000]: Plan fail[0m
[31m[ERROR] [1790605981.207858933, 40.404000000]: No path to next viewpoint[0m
[33m[WARN] [1790605981.208006798, 40.404000000]: Plan fail[0m
[31m[ERROR] [1790605981.213136695, 40.404000000]: No path to next viewpoint[0m
[33m[WARN] [1790605981.213488538, 40.404000000]: Plan fail[0m
[33m[WARN] [1790605981.213834669, 40.404000000]: Pair opt 1 & 2[0m
[31m[ERROR] [1790605981.227101633, 40.414000000]: No path to next viewpoint[0m
[33m[WARN] [1790605981.228687925, 40.414000000]: Plan fail[0m
[31m[ERROR] [1790605981.250640229, 40.441000000]: No path to next viewpoint[0m
[33m[WARN] [1790605981.252302685, 40.441000000]: Plan fail[0m
[31m[ERROR] [1790605981.262247280, 40.450000000]: Larger cost after reallocation[0m
[31m[ERROR] [1790605981.274563018, 40.468000000]: No path to next viewpoint[0m
[33m[WARN] [1790605981.274845284, 40.468000000]: Plan fail[0m
[31m[ERROR] [1790605981.287375338, 40.478000000]: No path to next viewpoint[0m
[33m[WARN] [1790605981.287621878, 40.478000000]: Plan fail[0m
[33m[WARN] [1790605981.290524453, 40.478000000]: Pair opt 1 & 2[0m
[31m[ERROR] [1790605981.294576228, 40.487000000]: No path to next viewpoint[0m
[33m[WARN] [1790605981.294864914, 40.487000000]: Plan fail[0m
[31m[ERROR] [1790605981.315891672, 40.505000000]: No path to next viewpoint[0m
[33m[WARN] [1790605981.316297458, 40.505000000]: Plan fail[0m
[31m[ERROR] [1790605981.334337057, 40.523000000]: Larger cost after reallocation[0m
[31m[ERROR] [1790605981.339366028, 40.523000000]: No path to next viewpoint[0m
[33m[WARN] [1790605981.339644834, 40.523000000]: Plan fail[0m
[31m[ERROR] [1790605981.356433641, 40.542000000]: No path to next viewpoint[0m
[33m[WARN] [1790605981.356635534, 40.542000000]: Plan fail[0m
[31m[ERROR] [1790605981.360865189, 40.551000000]: No path to next viewpoint[0m
[33m[WARN] [1790605981.361058578, 40.551000000]: Plan fail[0m
[33m[WARN] [1790605981.361482748, 40.551000000]: Pair opt 1 & 2[0m
[31m[ERROR] [1790605981.372726284, 40.560000000]: No path to next viewpoint[0m
[33m[WARN] [1790605981.372953856, 40.560000000]: Plan fail[0m
[31m[ERROR] [1790605981.389922002, 40.578000000]: No path to next viewpoint[0m
[33m[WARN] [1790605981.390135567, 40.578000000]: Plan fail[0m
[31m[ERROR] [1790605981.403843334, 40.587000000]: No path to next viewpoint[0m
[33m[WARN] [1790605981.404596919, 40.587000000]: Plan fail[0m
[31m[ERROR] [1790605981.408051187, 40.596000000]: Larger cost after reallocation[0m
[31m[ERROR] [1790605981.424571360, 40.606000000]: No path to next viewpoint[0m
[33m[WARN] [1790605981.424714348, 40.606000000]: Plan fail[0m
[31m[ERROR] [1790605981.443259032, 40.624000000]: No path to next viewpoint[0m
[33m[WARN] [1790605981.443424698, 40.624000000]: Plan fail[0m
[33m[WARN] [1790605981.443951712, 40.624000000]: Pair opt 1 & 2[0m
[31m[ERROR] [1790605981.444872672, 40.624000000]: No path to next viewpoint[0m
[33m[WARN] [1790605981.445014952, 40.624000000]: Plan fail[0m
[31m[ERROR] [1790605981.463795504, 40.651000000]: No path to next viewpoint[0m
[33m[WARN] [1790605981.463989017, 40.651000000]: Plan fail[0m
[31m[ERROR] [1790605981.482526907, 40.670000000]: No path to next viewpoint[0m
[33m[WARN] [1790605981.482793123, 40.670000000]: Plan fail[0m
[31m[ERROR] [1790605981.494234424, 40.679000000]: Larger cost after reallocation[0m
[31m[ERROR] [1790605981.500475585, 40.688000000]: No path to next viewpoint[0m
[33m[WARN] [1790605981.500685231, 40.688000000]: Plan fail[0m
[31m[ERROR] [1790605981.516017227, 40.697000000]: No path to next viewpoint[0m
[33m[WARN] [1790605981.516470411, 40.697000000]: Plan fail[0m
[31m[ERROR] [1790605981.523025729, 40.706000000]: No path to next viewpoint[0m
[33m[WARN] [1790605981.523316333, 40.706000000]: Plan fail[0m
[33m[WARN] [1790605981.523687393, 40.706000000]: Pair opt 1 & 2[0m
[31m[ERROR] [1790605981.535259968, 40.715000000]: No path to next viewpoint[0m
[33m[WARN] [1790605981.536413837, 40.715000000]: Plan fail[0m
[31m[ERROR] [1790605981.554288436, 40.734000000]: No path to next viewpoint[0m
[33m[WARN] [1790605981.554760922, 40.734000000]: Plan fail[0m
[31m[ERROR] [1790605981.566320741, 40.752000000]: Larger cost after reallocation[0m
[31m[ERROR] [1790605981.571655157, 40.752000000]: No path to next viewpoint[0m
[33m[WARN] [1790605981.572007374, 40.752000000]: Plan fail[0m
[31m[ERROR] [1790605981.589974395, 40.770000000]: No path to next viewpoint[0m
[33m[WARN] [1790605981.590227772, 40.770000000]: Plan fail[0m
[31m[ERROR] [1790605981.598649355, 40.779000000]: No path to next viewpoint[0m
[33m[WARN] [1790605981.598938750, 40.779000000]: Plan fail[0m
[33m[WARN] [1790605981.599630262, 40.779000000]: Pair opt 1 & 2[0m
[31m[ERROR] [1790605981.610121005, 40.789000000]: No path to next viewpoint[0m
[33m[WARN] [1790605981.610400186, 40.789000000]: Plan fail[0m
[31m[ERROR] [1790605981.635242435, 40.816000000]: No path to next viewpoint[0m
[33m[WARN] [1790605981.636513570, 40.816000000]: Plan fail[0m
[31m[ERROR] [1790605981.645688447, 40.825000000]: Larger cost after reallocation[0m
[31m[ERROR] [1790605981.673997844, 40.853000000]: No path to next viewpoint[0m
[33m[WARN] [1790605981.674277567, 40.853000000]: Plan fail[0m
[31m[ERROR] [1790605981.682192773, 40.862000000]: No path to next viewpoint[0m
[33m[WARN] [1790605981.682767685, 40.862000000]: Plan fail[0m
[33m[WARN] [1790605981.686376114, 40.862000000]: Pair opt 1 & 2[0m
[31m[ERROR] [1790605981.701471491, 40.880000000]: No path to next viewpoint[0m
[33m[WARN] [1790605981.702600055, 40.880000000]: Plan fail[0m
[31m[ERROR] [1790605981.721564616, 40.898000000]: No path to next viewpoint[0m
[33m[WARN] [1790605981.721824204, 40.898000000]: Plan fail[0m
[31m[ERROR] [1790605981.738160326, 40.917000000]: No path to next viewpoint[0m
[33m[WARN] [1790605981.738496869, 40.917000000]: Plan fail[0m
[31m[ERROR] [1790605981.742092375, 40.917000000]: Larger cost after reallocation[0m
[31m[ERROR] [1790605981.754744948, 40.935000000]: No path to next viewpoint[0m
[33m[WARN] [1790605981.755024587, 40.935000000]: Plan fail[0m
[31m[ERROR] [1790605981.769820482, 40.944000000]: No path to next viewpoint[0m
[33m[WARN] [1790605981.769989066, 40.944000000]: Plan fail[0m
[33m[WARN] [1790605981.770513203, 40.944000000]: Pair opt 1 & 2[0m
[31m[ERROR] [1790605981.772006116, 40.953000000]: No path to next viewpoint[0m
[33m[WARN] [1790605981.772168030, 40.953000000]: Plan fail[0m
[31m[ERROR] [1790605981.789163773, 40.962000000]: No path to next viewpoint[0m
[33m[WARN] [1790605981.789423403, 40.962000000]: Plan fail[0m
[31m[ERROR] [1790605981.807081019, 40.981000000]: No path to next viewpoint[0m
[33m[WARN] [1790605981.807225675, 40.981000000]: Plan fail[0m
[31m[ERROR] [1790605981.819096774, 40.999000000]: Larger cost after reallocation[0m
[31m[ERROR] [1790605981.825794038, 40.999000000]: No path to next viewpoint[0m
[33m[WARN] [1790605981.826473377, 40.999000000]: Plan fail[0m
[31m[ERROR] [1790605981.842280527, 41.017000000]: No path to next viewpoint[0m
[33m[WARN] [1790605981.842527150, 41.017000000]: Plan fail[0m
[31m[ERROR] [1790605981.853424138, 41.026000000]: No path to next viewpoint[0m
[33m[WARN] [1790605981.853635243, 41.026000000]: Plan fail[0m
[33m[WARN] [1790605981.854009222, 41.026000000]: Pair opt 1 & 2[0m
[31m[ERROR] [1790605981.863446813, 41.036000000]: No path to next viewpoint[0m
[33m[WARN] [1790605981.863741794, 41.036000000]: Plan fail[0m
[31m[ERROR] [1790605981.884328332, 41.063000000]: No path to next viewpoint[0m
[33m[WARN] [1790605981.884442806, 41.063000000]: Plan fail[0m
[31m[ERROR] [1790605981.901577619, 41.081000000]: Larger cost after reallocation[0m
[31m[ERROR] [1790605981.906873349, 41.081000000]: No path to next viewpoint[0m
[33m[WARN] [1790605981.907176334, 41.081000000]: Plan fail[0m
[31m[ERROR] [1790605981.926207553, 41.100000000]: No path to next viewpoint[0m
[33m[WARN] [1790605981.926456552, 41.100000000]: Plan fail[0m
[31m[ERROR] [1790605981.936081612, 41.109000000]: No path to next viewpoint[0m
[33m[WARN] [1790605981.936395894, 41.109000000]: Plan fail[0m
[33m[WARN] [1790605981.936786673, 41.109000000]: Pair opt 1 & 2[0m
[31m[ERROR] [1790605981.943353705, 41.118000000]: No path to next viewpoint[0m
[33m[WARN] [1790605981.943559183, 41.118000000]: Plan fail[0m
[31m[ERROR] [1790605981.965718757, 41.136000000]: No path to next viewpoint[0m
[33m[WARN] [1790605981.965932447, 41.136000000]: Plan fail[0m
[31m[ERROR] [1790605981.986651551, 41.164000000]: Larger cost after reallocation[0m
[31m[ERROR] [1790605981.989246015, 41.164000000]: No path to next viewpoint[0m
[33m[WARN] [1790605981.989513899, 41.164000000]: Plan fail[0m
[31m[ERROR] [1790605982.010562418, 41.182000000]: No path to next viewpoint[0m
[33m[WARN] [1790605982.010848352, 41.182000000]: Plan fail[0m
[31m[ERROR] [1790605982.020872195, 41.191000000]: No path to next viewpoint[0m
[33m[WARN] [1790605982.021165675, 41.191000000]: Plan fail[0m
[33m[WARN] [1790605982.021672803, 41.191000000]: Pair opt 1 & 2[0m
[31m[ERROR] [1790605982.029059703, 41.200000000]: No path to next viewpoint[0m
[33m[WARN] [1790605982.029295780, 41.200000000]: Plan fail[0m
[31m[ERROR] [1790605982.054422587, 41.218000000]: No path to next viewpoint[0m
[33m[WARN] [1790605982.055061281, 41.218000000]: Plan fail[0m
[31m[ERROR] [1790605982.078261584, 41.246000000]: No path to next viewpoint[0m
[33m[WARN] [1790605982.078631102, 41.246000000]: Plan fail[0m
[31m[ERROR] [1790605982.090224104, 41.255000000]: Larger cost after reallocation[0m
[31m[ERROR] [1790605982.104939999, 41.273000000]: No path to next viewpoint[0m
[33m[WARN] [1790605982.105146519, 41.273000000]: Plan fail[0m
[31m[ERROR] [1790605982.116620462, 41.283000000]: No path to next viewpoint[0m
[33m[WARN] [1790605982.117056055, 41.283000000]: Plan fail[0m
[33m[WARN] [1790605982.120543339, 41.292000000]: Pair opt 1 & 2[0m
[31m[ERROR] [1790605982.128970717, 41.292000000]: No path to next viewpoint[0m
[33m[WARN] [1790605982.129245771, 41.292000000]: Plan fail[0m
[31m[ERROR] [1790605982.148451995, 41.319000000]: No path to next viewpoint[0m
[33m[WARN] [1790605982.148796292, 41.319000000]: Plan fail[0m
[31m[ERROR] [1790605982.169691067, 41.337000000]: No path to next viewpoint[0m
[33m[WARN] [1790605982.169979545, 41.337000000]: Plan fail[0m
[31m[ERROR] [1790605982.171223333, 41.337000000]: Larger cost after reallocation[0m
[31m[ERROR] [1790605982.192814873, 41.365000000]: No path to next viewpoint[0m
[33m[WARN] [1790605982.192930640, 41.365000000]: Plan fail[0m
[31m[ERROR] [1790605982.195448356, 41.365000000]: No path to next viewpoint[0m
[33m[WARN] [1790605982.195706735, 41.365000000]: Plan fail[0m
[33m[WARN] [1790605982.196192520, 41.365000000]: Pair opt 1 & 2[0m
[31m[ERROR] [1790605982.212609432, 41.383000000]: No path to next viewpoint[0m
[33m[WARN] [1790605982.212771680, 41.383000000]: Plan fail[0m
[31m[ERROR] [1790605982.231861637, 41.401000000]: No path to next viewpoint[0m
[33m[WARN] [1790605982.232357677, 41.401000000]: Plan fail[0m
[31m[ERROR] [1790605982.239664953, 41.411000000]: Larger cost after reallocation[0m
[31m[ERROR] [1790605982.256984192, 41.420000000]: No path to next viewpoint[0m
[33m[WARN] [1790605982.257569485, 41.420000000]: Plan fail[0m
[31m[ERROR] [1790605982.272860293, 41.438000000]: No path to next viewpoint[0m
[33m[WARN] [1790605982.273232145, 41.438000000]: Plan fail[0m
[33m[WARN] [1790605982.273683329, 41.438000000]: Pair opt 1 & 2[0m
[31m[ERROR] [1790605982.277304514, 41.447000000]: No path to next viewpoint[0m
[33m[WARN] [1790605982.278118587, 41.447000000]: Plan fail[0m
[31m[ERROR] [1790605982.303399180, 41.465000000]: No path to next viewpoint[0m
[33m[WARN] [1790605982.303596820, 41.465000000]: Plan fail[0m
[31m[ERROR] [1790605982.316061883, 41.484000000]: Larger cost after reallocation[0m
[31m[ERROR] [1790605982.322224379, 41.484000000]: No path to next viewpoint[0m
[33m[WARN] [1790605982.322730090, 41.484000000]: Plan fail[0m
[31m[ERROR] [1790605982.345545409, 41.511000000]: No path to next viewpoint[0m
[33m[WARN] [1790605982.345718287, 41.511000000]: Plan fail[0m
[31m[ERROR] [1790605982.345808707, 41.511000000]: No path to next viewpoint[0m
[33m[WARN] [1790605982.346103604, 41.511000000]: Plan fail[0m
[33m[WARN] [1790605982.346265018, 41.511000000]: Pair opt 1 & 2[0m
[31m[ERROR] [1790605982.364689434, 41.529000000]: No path to next viewpoint[0m
[33m[WARN] [1790605982.365108769, 41.529000000]: Plan fail[0m
[31m[ERROR] [1790605982.384369853, 41.548000000]: No path to next viewpoint[0m
[33m[WARN] [1790605982.384548025, 41.548000000]: Plan fail[0m
[31m[ERROR] [1790605982.389744789, 41.557000000]: Larger cost after reallocation[0m
[31m[ERROR] [1790605982.408653531, 41.575000000]: No path to next viewpoint[0m
[33m[WARN] [1790605982.408915120, 41.575000000]: Plan fail[0m
[31m[ERROR] [1790605982.425998991, 41.584000000]: No path to next viewpoint[0m
[33m[WARN] [1790605982.426294055, 41.584000000]: Plan fail[0m
[33m[WARN] [1790605982.426870176, 41.593000000]: Pair opt 1 & 2[0m
[31m[ERROR] [1790605982.431514914, 41.593000000]: No path to next viewpoint[0m
[33m[WARN] [1790605982.431971475, 41.593000000]: Plan fail[0m
[31m[ERROR] [1790605982.450888387, 41.612000000]: No path to next viewpoint[0m
[33m[WARN] [1790605982.451232393, 41.612000000]: Plan fail[0m
[31m[ERROR] [1790605982.476243183, 41.639000000]: No path to next viewpoint[0m
[33m[WARN] [1790605982.476482803, 41.639000000]: Plan fail[0m
[33m[WARN] [1790605982.477989765, 41.639000000]: Drone 1 send opt request to 2, pair opt t: 0.046000, allocate t: 0.037000[0m
[31m[ERROR] [1790605982.500551165, 41.667000000]: No path to next viewpoint[0m
[33m[WARN] [1790605982.500804958, 41.667000000]: Plan fail[0m
[31m[ERROR] [1790605982.507211076, 41.667000000]: No path to next viewpoint[0m
[33m[WARN] [1790605982.507640082, 41.676000000]: Plan fail[0m
[33m[WARN] [1790605982.514001303, 41.676000000]: get response 1[0m
[31m[ERROR] [1790605982.518778982, 41.685000000]: No path to next viewpoint[0m
[33m[WARN] [1790605982.518980708, 41.685000000]: Plan fail[0m
[31m[ERROR] [1790605982.537787774, 41.703000000]: No path to next viewpoint[0m
[33m[WARN] [1790605982.538066121, 41.703000000]: Plan fail[0m
[31m[ERROR] [1790605982.540001839, 41.703000000]: No path to next viewpoint[0m
[33m[WARN] [1790605982.540332337, 41.703000000]: Plan fail[0m
[31m[ERROR] [1790605982.556321828, 41.721000000]: No path to next viewpoint[0m
[33m[WARN] [1790605982.556573412, 41.721000000]: Plan fail[0m
[31m[ERROR] [1790605982.567748622, 41.731000000]: No path to next viewpoint[0m
[33m[WARN] [1790605982.567978612, 41.731000000]: Plan fail[0m
[31m[ERROR] [1790605982.574113553, 41.740000000]: No path to next viewpoint[0m
[33m[WARN] [1790605982.574406741, 41.740000000]: Plan fail[0m
[31m[ERROR] [1790605982.590220519, 41.758000000]: No path to next viewpoint[0m
[33m[WARN] [1790605982.590617384, 41.758000000]: Plan fail[0m
[31m[ERROR] [1790605982.596959178, 41.758000000]: No path to next viewpoint[0m
[33m[WARN] [1790605982.597197589, 41.758000000]: Plan fail[0m
[31m[ERROR] [1790605982.614570896, 41.776000000]: No path to next viewpoint[0m
[33m[WARN] [1790605982.614855872, 41.776000000]: Plan fail[0m
[31m[ERROR] [1790605982.625937952, 41.786000000]: No path to next viewpoint[0m
[33m[WARN] [1790605982.626201625, 41.786000000]: Plan fail[0m
[31m[ERROR] [1790605982.632554217, 41.795000000]: No path to next viewpoint[0m
[33m[WARN] [1790605982.632877045, 41.795000000]: Plan fail[0m
[31m[ERROR] [1790605982.651132793, 41.804000000]: No path to next viewpoint[0m
[33m[WARN] [1790605982.651458664, 41.804000000]: Plan fail[0m
[31m[ERROR] [1790605982.664013855, 41.823999999]: No path to next viewpoint[0m
[33m[WARN] [1790605982.664418558, 41.823999999]: Plan fail[0m
[31m[ERROR] [1790605982.672313211, 41.823999999]: No path to next viewpoint[0m
[33m[WARN] [1790605982.672674975, 41.823999999]: Plan fail[0m
[31m[ERROR] [1790605982.693275145, 41.841999999]: No path to next viewpoint[0m
[33m[WARN] [1790605982.693552576, 41.841999999]: Plan fail[0m
[31m[ERROR] [1790605982.697871025, 41.850999999]: No path to next viewpoint[0m
[33m[WARN] [1790605982.698046655, 41.850999999]: Plan fail[0m
[31m[ERROR] [1790605982.712954105, 41.868999999]: No path to next viewpoint[0m
[33m[WARN] [1790605982.713161709, 41.868999999]: Plan fail[0m
[31m[ERROR] [1790605982.732685966, 41.887000000]: No path to next viewpoint[0m
[33m[WARN] [1790605982.733153408, 41.887000000]: Plan fail[0m
[31m[ERROR] [1790605982.737118765, 41.896000000]: No path to next viewpoint[0m
[33m[WARN] [1790605982.737427377, 41.896000000]: Plan fail[0m
[31m[ERROR] [1790605982.756774379, 41.914000000]: No path to next viewpoint[0m
[33m[WARN] [1790605982.757031299, 41.914000000]: Plan fail[0m
[31m[ERROR] [1790605982.761878513, 41.914000000]: No path to next viewpoint[0m
[33m[WARN] [1790605982.762416574, 41.914000000]: Plan fail[0m
[31m[ERROR] [1790605982.775599829, 41.932000000]: No path to next viewpoint[0m
[33m[WARN] [1790605982.775982395, 41.932000000]: Plan fail[0m
[31m[ERROR] [1790605982.786769953, 41.941000000]: No path to next viewpoint[0m
[33m[WARN] [1790605982.787013408, 41.941000000]: Plan fail[0m
[31m[ERROR] [1790605982.792176988, 41.950000000]: No path to next viewpoint[0m
[33m[WARN] [1790605982.792561222, 41.950000000]: Plan fail[0m
[31m[ERROR] [1790605982.813002021, 41.968000000]: No path to next viewpoint[0m
[33m[WARN] [1790605982.813558715, 41.968000000]: Plan fail[0m
[31m[ERROR] [1790605982.816992181, 41.968000000]: No path to next viewpoint[0m
[33m[WARN] [1790605982.817380125, 41.968000000]: Plan fail[0m
[31m[ERROR] [1790605982.836002182, 41.987999999]: No path to next viewpoint[0m
[33m[WARN] [1790605982.836661011, 41.987999999]: Plan fail[0m
[31m[ERROR] [1790605982.842530861, 41.996999999]: No path to next viewpoint[0m
[33m[WARN] [1790605982.842886789, 41.996999999]: Plan fail[0m
[31m[ERROR] [1790605982.856979290, 42.006000000]: No path to next viewpoint[0m
[33m[WARN] [1790605982.857421094, 42.006000000]: Plan fail[0m
[31m[ERROR] [1790605982.882285353, 42.033000000]: No path to next viewpoint[0m
[33m[WARN] [1790605982.882643907, 42.033000000]: Plan fail[0m
[31m[ERROR] [1790605982.884961816, 42.033000000]: No path to next viewpoint[0m
[33m[WARN] [1790605982.885431009, 42.033000000]: Plan fail[0m
[31m[ERROR] [1790605982.909271131, 42.060000000]: No path to next viewpoint[0m
[33m[WARN] [1790605982.909600796, 42.060000000]: Plan fail[0m
[31m[ERROR] [1790605982.911469146, 42.060000000]: No path to next viewpoint[0m
[33m[WARN] [1790605982.911778217, 42.060000000]: Plan fail[0m
[31m[ERROR] [1790605982.929521126, 42.078000000]: No path to next viewpoint[0m
[33m[WARN] [1790605982.929859337, 42.078000000]: Plan fail[0m
[31m[ERROR] [1790605982.943064478, 42.087000000]: No path to next viewpoint[0m
[33m[WARN] [1790605982.943290883, 42.087000000]: Plan fail[0m
[31m[ERROR] [1790605982.949416694, 42.097000000]: No path to next viewpoint[0m
[33m[WARN] [1790605982.949869170, 42.097000000]: Plan fail[0m
[31m[ERROR] [1790605982.971948871, 42.115000000]: No path to next viewpoint[0m
[33m[WARN] [1790605982.972142509, 42.115000000]: Plan fail[0m
[31m[ERROR] [1790605982.973320557, 42.115000000]: No path to next viewpoint[0m
[33m[WARN] [1790605982.974142926, 42.115000000]: Plan fail[0m
[31m[ERROR] [1790605982.992280949, 42.133000000]: No path to next viewpoint[0m
[33m[WARN] [1790605982.994808045, 42.142000000]: Plan fail[0m
[31m[ERROR] [1790605983.000214705, 42.142000000]: No path to next viewpoint[0m
[33m[WARN] [1790605983.000517148, 42.142000000]: Plan fail[0m
[31m[ERROR] [1790605983.010481128, 42.151000000]: No path to next viewpoint[0m
[33m[WARN] [1790605983.010634246, 42.151000000]: Plan fail[0m
[31m[ERROR] [1790605983.028779355, 42.170000000]: No path to next viewpoint[0m
[33m[WARN] [1790605983.029063497, 42.170000000]: Plan fail[0m
[31m[ERROR] [1790605983.033503300, 42.170000000]: No path to next viewpoint[0m
[33m[WARN] [1790605983.033667882, 42.170000000]: Plan fail[0m
[31m[ERROR] [1790605983.054373021, 42.197000000]: No path to next viewpoint[0m
[33m[WARN] [1790605983.054888403, 42.197000000]: Plan fail[0m
[31m[ERROR] [1790605983.065432590, 42.206000000]: No path to next viewpoint[0m
[33m[WARN] [1790605983.065664539, 42.206000000]: Plan fail[0m
[33m[WARN] [1790605983.066602674, 42.206000000]: Pair opt 1 & 2[0m
[31m[ERROR] [1790605983.067981155, 42.206000000]: No path to next viewpoint[0m
[33m[WARN] [1790605983.068084123, 42.206000000]: Plan fail[0m
[31m[ERROR] [1790605983.082821905, 42.225000000]: No path to next viewpoint[0m
[33m[WARN] [1790605983.083080576, 42.225000000]: Plan fail[0m
[31m[ERROR] [1790605983.107139683, 42.243000000]: No path to next viewpoint[0m
[33m[WARN] [1790605983.107583571, 42.243000000]: Plan fail[0m
[31m[ERROR] [1790605983.123123212, 42.262000000]: No path to next viewpoint[0m
[33m[WARN] [1790605983.123393139, 42.262000000]: Plan fail[0m
[31m[ERROR] [1790605983.147197201, 42.271999999]: No path to next viewpoint[0m
[33m[WARN] [1790605983.147739264, 42.271999999]: Plan fail[0m
[33m[WARN] [1790605983.148871080, 42.271999999]: Drone 1 send opt request to 2, pair opt t: 0.066000, allocate t: 0.066000[0m
[31m[ERROR] [1790605983.171282446, 42.304999999]: No path to next viewpoint[0m
[33m[WARN] [1790605983.171619365, 42.304999999]: Plan fail[0m
[31m[ERROR] [1790605983.180597101, 42.314000000]: No path to next viewpoint[0m
[33m[WARN] [1790605983.180946860, 42.314000000]: Plan fail[0m
[31m[ERROR] [1790605983.185772813, 42.314000000]: No path to next viewpoint[0m
[33m[WARN] [1790605983.186047409, 42.314000000]: Plan fail[0m
[33m[WARN] [1790605983.187254428, 42.323000000]: get response 1[0m
[31m[ERROR] [1790605983.201228287, 42.332000000]: No path to next viewpoint[0m
[33m[WARN] [1790605983.201480455, 42.332000000]: Plan fail[0m
[31m[ERROR] [1790605983.216982077, 42.350000000]: No path to next viewpoint[0m
[33m[WARN] [1790605983.217270888, 42.350000000]: Plan fail[0m
[31m[ERROR] [1790605983.235828453, 42.368000000]: No path to next viewpoint[0m
[33m[WARN] [1790605983.236077995, 42.368000000]: Plan fail[0m
[31m[ERROR] [1790605983.236931088, 42.368000000]: No path to next viewpoint[0m
[33m[WARN] [1790605983.239334581, 42.368000000]: Plan fail[0m
[31m[ERROR] [1790605983.251411366, 42.386000000]: No path to next viewpoint[0m
[33m[WARN] [1790605983.251717727, 42.386000000]: Plan fail[0m
[31m[ERROR] [1790605983.270237316, 42.395000000]: No path to next viewpoint[0m
[33m[WARN] [1790605983.270682330, 42.395000000]: Plan fail[0m
[31m[ERROR] [1790605983.282968387, 42.404000000]: No path to next viewpoint[0m
[33m[WARN] [1790605983.283410941, 42.404000000]: Plan fail[0m
[31m[ERROR] [1790605983.286527415, 42.414000000]: No path to next viewpoint[0m
[33m[WARN] [1790605983.287382634, 42.414000000]: Plan fail[0m
[31m[ERROR] [1790605983.307433029, 42.432000000]: No path to next viewpoint[0m
[33m[WARN] [1790605983.307587982, 42.432000000]: Plan fail[0m
[31m[ERROR] [1790605983.326391170, 42.450000000]: No path to next viewpoint[0m
[33m[WARN] [1790605983.326783200, 42.450000000]: Plan fail[0m
[31m[ERROR] [1790605983.334365155, 42.459000000]: No path to next viewpoint[0m
[33m[WARN] [1790605983.334678104, 42.459000000]: Plan fail[0m
[31m[ERROR] [1790605983.343153506, 42.468000000]: No path to next viewpoint[0m
[33m[WARN] [1790605983.343390583, 42.468000000]: Plan fail[0m
[31m[ERROR] [1790605983.356375614, 42.478000000]: No path to next viewpoint[0m
[33m[WARN] [1790605983.356777022, 42.478000000]: Plan fail[0m
[31m[ERROR] [1790605983.373382404, 42.496000000]: No path to next viewpoint[0m
[33m[WARN] [1790605983.373627027, 42.496000000]: Plan fail[0m
[31m[ERROR] [1790605983.377575958, 42.496000000]: No path to next viewpoint[0m
[33m[WARN] [1790605983.377826875, 42.496000000]: Plan fail[0m
[31m[ERROR] [1790605983.390069577, 42.505000000]: No path to next viewpoint[0m
[33m[WARN] [1790605983.390465525, 42.514000000]: Plan fail[0m
[31m[ERROR] [1790605983.407164537, 42.523000000]: No path to next viewpoint[0m
[33m[WARN] [1790605983.407403031, 42.523000000]: Plan fail[0m
[31m[ERROR] [1790605983.413202429, 42.533000000]: No path to next viewpoint[0m
[33m[WARN] [1790605983.413372014, 42.533000000]: Plan fail[0m
[31m[ERROR] [1790605983.424741655, 42.542000000]: No path to next viewpoint[0m
[33m[WARN] [1790605983.426102960, 42.542000000]: Plan fail[0m
[31m[ERROR] [1790605983.442989441, 42.560000000]: No path to next viewpoint[0m
[33m[WARN] [1790605983.443419947, 42.560000000]: Plan fail[0m
[31m[ERROR] [1790605983.455075397, 42.578000000]: No path to next viewpoint[0m
[33m[WARN] [1790605983.455333985, 42.578000000]: Plan fail[0m
[31m[ERROR] [1790605983.457684826, 42.578000000]: No path to next viewpoint[0m
[33m[WARN] [1790605983.457990604, 42.578000000]: Plan fail[0m
[31m[ERROR] [1790605983.472654432, 42.596000000]: No path to next viewpoint[0m
[33m[WARN] [1790605983.473019531, 42.596000000]: Plan fail[0m
[31m[ERROR] [1790605983.490651801, 42.606000000]: No path to next viewpoint[0m
[33m[WARN] [1790605983.491334226, 42.606000000]: Plan fail[0m
[31m[ERROR] [1790605983.500682314, 42.615000000]: No path to next viewpoint[0m
[33m[WARN] [1790605983.501007894, 42.615000000]: Plan fail[0m
[31m[ERROR] [1790605983.509879744, 42.624000000]: No path to next viewpoint[0m
[33m[WARN] [1790605983.510077801, 42.624000000]: Plan fail[0m
[31m[ERROR] [1790605983.529894455, 42.651000000]: No path to next viewpoint[0m
[33m[WARN] [1790605983.530275729, 42.651000000]: Plan fail[0m
[31m[ERROR] [1790605983.543140491, 42.661000000]: No path to next viewpoint[0m
[33m[WARN] [1790605983.543301613, 42.661000000]: Plan fail[0m
[31m[ERROR] [1790605983.544399829, 42.661000000]: No path to next viewpoint[0m
[33m[WARN] [1790605983.544653414, 42.661000000]: Plan fail[0m
[31m[ERROR] [1790605983.560126480, 42.679000000]: No path to next viewpoint[0m
[33m[WARN] [1790605983.560288894, 42.679000000]: Plan fail[0m
[31m[ERROR] [1790605983.574119890, 42.688000000]: No path to next viewpoint[0m
[33m[WARN] [1790605983.575284972, 42.697000000]: Plan fail[0m
[31m[ERROR] [1790605983.581788180, 42.697000000]: No path to next viewpoint[0m
[33m[WARN] [1790605983.582061775, 42.697000000]: Plan fail[0m
[31m[ERROR] [1790605983.590517960, 42.706000000]: No path to next viewpoint[0m
[33m[WARN] [1790605983.591180624, 42.706000000]: Plan fail[0m
[31m[ERROR] [1790605983.608549846, 42.725000000]: No path to next viewpoint[0m
[33m[WARN] [1790605983.608766704, 42.725000000]: Plan fail[0m
[31m[ERROR] [1790605983.626119877, 42.743000000]: No path to next viewpoint[0m
[33m[WARN] [1790605983.626300759, 42.743000000]: Plan fail[0m
[31m[ERROR] [1790605983.628302051, 42.743000000]: No path to next viewpoint[0m
[33m[WARN] [1790605983.628708462, 42.743000000]: Plan fail[0m
[31m[ERROR] [1790605983.644453831, 42.761000000]: No path to next viewpoint[0m
[33m[WARN] [1790605983.644721965, 42.761000000]: Plan fail[0m
[31m[ERROR] [1790605983.664213331, 42.779000000]: No path to next viewpoint[0m
[33m[WARN] [1790605983.664715623, 42.779000000]: Plan fail[0m
[31m[ERROR] [1790605983.666734424, 42.779000000]: No path to next viewpoint[0m
[33m[WARN] [1790605983.667154676, 42.779000000]: Plan fail[0m
[31m[ERROR] [1790605983.680946902, 42.798000000]: No path to next viewpoint[0m
[33m[WARN] [1790605983.681152129, 42.798000000]: Plan fail[0m
[31m[ERROR] [1790605983.702524602, 42.807000000]: No path to next viewpoint[0m
[33m[WARN] [1790605983.703591843, 42.816000000]: Plan fail[0m
[31m[ERROR] [1790605983.721098467, 42.834000000]: No path to next viewpoint[0m
[33m[WARN] [1790605983.721568619, 42.834000000]: Plan fail[0m
[33m[WARN] [1790605983.722856471, 42.834000000]: Pair opt 1 & 2[0m
[31m[ERROR] [1790605983.725808029, 42.834000000]: No path to next viewpoint[0m
[33m[WARN] [1790605983.726083167, 42.834000000]: Plan fail[0m
[31m[ERROR] [1790605983.745374099, 42.862000000]: No path to next viewpoint[0m
[33m[WARN] [1790605983.745679085, 42.862000000]: Plan fail[0m
[31m[ERROR] [1790605983.759577197, 42.871000000]: No path to next viewpoint[0m
[33m[WARN] [1790605983.759896899, 42.871000000]: Plan fail[0m
[31m[ERROR] [1790605983.773014621, 42.889000000]: Larger cost after reallocation[0m
[31m[ERROR] [1790605983.776100705, 42.889000000]: No path to next viewpoint[0m
[33m[WARN] [1790605983.776510951, 42.889000000]: Plan fail[0m
[31m[ERROR] [1790605983.789751277, 42.898000000]: No path to next viewpoint[0m
[33m[WARN] [1790605983.790029874, 42.898000000]: Plan fail[0m
[31m[ERROR] [1790605983.804724093, 42.917000000]: No path to next viewpoint[0m
[33m[WARN] [1790605983.804988600, 42.917000000]: Plan fail[0m
[31m[ERROR] [1790605983.815355239, 42.926000000]: No path to next viewpoint[0m
[33m[WARN] [1790605983.815577642, 42.926000000]: Plan fail[0m
[31m[ERROR] [1790605983.823370036, 42.935000000]: No path to next viewpoint[0m
[33m[WARN] [1790605983.823653886, 42.935000000]: Plan fail[0m
[33m[WARN] [1790605983.824158555, 42.935000000]: Pair opt 1 & 2[0m
[31m[ERROR] [1790605983.831217916, 42.944000000]: No path to next viewpoint[0m
[33m[WARN] [1790605983.831350441, 42.944000000]: Plan fail[0m
[31m[ERROR] [1790605983.843590600, 42.953000000]: No path to next viewpoint[0m
[33m[WARN] [1790605983.843879119, 42.953000000]: Plan fail[0m
[31m[ERROR] [1790605983.856333843, 42.962000000]: No path to next viewpoint[0m
[33m[WARN] [1790605983.856562999, 42.962000000]: Plan fail[0m
[31m[ERROR] [1790605983.871270433, 42.981000000]: No path to next viewpoint[0m
[33m[WARN] [1790605983.871834798, 42.981000000]: Plan fail[0m
[31m[ERROR] [1790605983.885367811, 42.999000000]: No path to next viewpoint[0m
[33m[WARN] [1790605983.885670879, 42.999000000]: Plan fail[0m
[33m[WARN] [1790605983.893044481, 42.999000000]: Drone 1 send opt request to 2, pair opt t: 0.064000, allocate t: 0.064000[0m
[31m[ERROR] [1790605983.902160286, 43.008000000]: No path to next viewpoint[0m
[33m[WARN] [1790605983.903775844, 43.008000000]: Plan fail[0m
[31m[ERROR] [1790605983.922488904, 43.026000000]: No path to next viewpoint[0m
[33m[WARN] [1790605983.922833493, 43.026000000]: Plan fail[0m
[31m[ERROR] [1790605983.935853625, 43.045000000]: No path to next viewpoint[0m
[33m[WARN] [1790605983.936064814, 43.045000000]: Plan fail[0m
[33m[WARN] [1790605983.936604333, 43.045000000]: Pair opt 1 & 2[0m
[31m[ERROR] [1790605983.946369964, 43.054000000]: No path to next viewpoint[0m
[33m[WARN] [1790605983.946870339, 43.054000000]: Plan fail[0m
[31m[ERROR] [1790605983.966979555, 43.072000000]: No path to next viewpoint[0m
[33m[WARN] [1790605983.967341277, 43.072000000]: Plan fail[0m
[31m[ERROR] [1790605983.984337563, 43.090000000]: No path to next viewpoint[0m
[33m[WARN] [1790605983.984662517, 43.090000000]: Plan fail[0m
[31m[ERROR] [1790605983.998885250, 43.100000000]: Larger cost after reallocation[0m
[33m[WARN] [1790605983.999247889, 43.109000000]: get response 1[0m
[31m[ERROR] [1790605984.001386125, 43.109000000]: No path to next viewpoint[0m
[33m[WARN] [1790605984.001644462, 43.109000000]: Plan fail[0m
[31m[ERROR] [1790605984.016629242, 43.127000000]: No path to next viewpoint[0m
[33m[WARN] [1790605984.017390498, 43.127000000]: Plan fail[0m
[31m[ERROR] [1790605984.037313704, 43.145000000]: No path to next viewpoint[0m
[33m[WARN] [1790605984.037563746, 43.145000000]: Plan fail[0m
[31m[ERROR] [1790605984.040761969, 43.145000000]: No path to next viewpoint[0m
[33m[WARN] [1790605984.041016221, 43.145000000]: Plan fail[0m
[31m[ERROR] [1790605984.052867644, 43.154000000]: No path to next viewpoint[0m
[33m[WARN] [1790605984.053524306, 43.154000000]: Plan fail[0m
[31m[ERROR] [1790605984.069442177, 43.173000000]: No path to next viewpoint[0m
[33m[WARN] [1790605984.069723485, 43.173000000]: Plan fail[0m
[31m[ERROR] [1790605984.082536096, 43.182000000]: No path to next viewpoint[0m
[33m[WARN] [1790605984.083061567, 43.182000000]: Plan fail[0m
[31m[ERROR] [1790605984.086200386, 43.191000000]: No path to next viewpoint[0m
[33m[WARN] [1790605984.086511875, 43.191000000]: Plan fail[0m
[31m[ERROR] [1790605984.102848205, 43.209000000]: No path to next viewpoint[0m
[33m[WARN] [1790605984.103128179, 43.209000000]: Plan fail[0m
[31m[ERROR] [1790605984.121933452, 43.218000000]: No path to next viewpoint[0m
[33m[WARN] [1790605984.122251402, 43.218000000]: Plan fail[0m
[31m[ERROR] [1790605984.126048633, 43.228000000]: No path to next viewpoint[0m
[33m[WARN] [1790605984.126309180, 43.228000000]: Plan fail[0m
[31m[ERROR] [1790605984.140359910, 43.246000000]: No path to next viewpoint[0m
[33m[WARN] [1790605984.140626960, 43.246000000]: Plan fail[0m
[31m[ERROR] [1790605984.155137670, 43.255000000]: No path to next viewpoint[0m
[33m[WARN] [1790605984.155604570, 43.255000000]: Plan fail[0m
[31m[ERROR] [1790605984.171903591, 43.273000000]: No path to next viewpoint[0m
[33m[WARN] [1790605984.172106734, 43.273000000]: Plan fail[0m
[31m[ERROR] [1790605984.172355066, 43.273000000]: No path to next viewpoint[0m
[33m[WARN] [1790605984.172567589, 43.273000000]: Plan fail[0m
[31m[ERROR] [1790605984.187405838, 43.292000000]: No path to next viewpoint[0m
[33m[WARN] [1790605984.187757305, 43.292000000]: Plan fail[0m
[31m[ERROR] [1790605984.202539026, 43.301000000]: No path to next viewpoint[0m
[33m[WARN] [1790605984.203194895, 43.301000000]: Plan fail[0m
[31m[ERROR] [1790605984.210476243, 43.310000000]: No path to next viewpoint[0m
[33m[WARN] [1790605984.210616062, 43.310000000]: Plan fail[0m
[31m[ERROR] [1790605984.223246291, 43.319000000]: No path to next viewpoint[0m
[33m[WARN] [1790605984.223515717, 43.328000000]: Plan fail[0m
[31m[ERROR] [1790605984.239624726, 43.337000000]: No path to next viewpoint[0m
[33m[WARN] [1790605984.240171958, 43.337000000]: Plan fail[0m
[31m[ERROR] [1790605984.253096209, 43.356000000]: No path to next viewpoint[0m
[33m[WARN] [1790605984.253407031, 43.356000000]: Plan fail[0m
[31m[ERROR] [1790605984.256289930, 43.356000000]: No path to next viewpoint[0m
[33m[WARN] [1790605984.256484277, 43.356000000]: Plan fail[0m
[31m[ERROR] [1790605984.269375427, 43.374000000]: No path to next viewpoint[0m
[33m[WARN] [1790605984.269799306, 43.374000000]: Plan fail[0m
[31m[ERROR] [1790605984.281906106, 43.383000000]: No path to next viewpoint[0m
[33m[WARN] [1790605984.282088698, 43.383000000]: Plan fail[0m
[31m[ERROR] [1790605984.292169277, 43.392000000]: No path to next viewpoint[0m
[33m[WARN] [1790605984.292356287, 43.392000000]: Plan fail[0m
[31m[ERROR] [1790605984.301937325, 43.401000000]: No path to next viewpoint[0m
[33m[WARN] [1790605984.302270784, 43.401000000]: Plan fail[0m
[31m[ERROR] [1790605984.318373873, 43.411000000]: No path to next viewpoint[0m
[33m[WARN] [1790605984.318917478, 43.411000000]: Plan fail[0m
[31m[ERROR] [1790605984.336353983, 43.429000000]: No path to next viewpoint[0m
[33m[WARN] [1790605984.337238050, 43.429000000]: Plan fail[0m
[31m[ERROR] [1790605984.340497137, 43.429000000]: No path to next viewpoint[0m
[33m[WARN] [1790605984.340745345, 43.429000000]: Plan fail[0m
[31m[ERROR] [1790605984.355895624, 43.447000000]: No path to next viewpoint[0m
[33m[WARN] [1790605984.356194649, 43.447000000]: Plan fail[0m
[31m[ERROR] [1790605984.369092845, 43.456000000]: No path to next viewpoint[0m
[33m[WARN] [1790605984.369201982, 43.456000000]: Plan fail[0m
[31m[ERROR] [1790605984.381104681, 43.465000000]: No path to next viewpoint[0m
[33m[WARN] [1790605984.381273140, 43.465000000]: Plan fail[0m
[31m[ERROR] [1790605984.388123147, 43.475000000]: No path to next viewpoint[0m
[33m[WARN] [1790605984.388262591, 43.475000000]: Plan fail[0m
[31m[ERROR] [1790605984.393322412, 43.484000000]: No path to next viewpoint[0m
[33m[WARN] [1790605984.393522303, 43.484000000]: Plan fail[0m
[31m[ERROR] [1790605984.404627895, 43.493000000]: No path to next viewpoint[0m
[33m[WARN] [1790605984.404758418, 43.493000000]: Plan fail[0m
[31m[ERROR] [1790605984.423976231, 43.511000000]: No path to next viewpoint[0m
[33m[WARN] [1790605984.424208013, 43.511000000]: Plan fail[0m
[31m[ERROR] [1790605984.425127390, 43.511000000]: No path to next viewpoint[0m
[33m[WARN] [1790605984.425452719, 43.511000000]: Plan fail[0m
[31m[ERROR] [1790605984.439678828, 43.520000000]: No path to next viewpoint[0m
[33m[WARN] [1790605984.440227936, 43.529000000]: Plan fail[0m
[31m[ERROR] [1790605984.455872671, 43.539000000]: No path to next viewpoint[0m
[33m[WARN] [1790605984.456192081, 43.539000000]: Plan fail[0m
[31m[ERROR] [1790605984.471221050, 43.557000000]: No path to next viewpoint[0m
[33m[WARN] [1790605984.471720174, 43.557000000]: Plan fail[0m
[31m[ERROR] [1790605984.473880170, 43.557000000]: No path to next viewpoint[0m
[33m[WARN] [1790605984.474156559, 43.557000000]: Plan fail[0m
[31m[ERROR] [1790605984.489162058, 43.575000000]: No path to next viewpoint[0m
[33m[WARN] [1790605984.489539163, 43.575000000]: Plan fail[0m
[31m[ERROR] [1790605984.507158635, 43.593000000]: No path to next viewpoint[0m
[33m[WARN] [1790605984.507334431, 43.593000000]: Plan fail[0m
[31m[ERROR] [1790605984.510014979, 43.593000000]: No path to next viewpoint[0m
[33m[WARN] [1790605984.510240091, 43.593000000]: Plan fail[0m
[31m[ERROR] [1790605984.520358565, 43.603000000]: No path to next viewpoint[0m
[33m[WARN] [1790605984.520805330, 43.603000000]: Plan fail[0m
[31m[ERROR] [1790605984.539470408, 43.621000000]: No path to next viewpoint[0m
[33m[WARN] [1790605984.539807618, 43.621000000]: Plan fail[0m
[31m[ERROR] [1790605984.554881234, 43.639000000]: No path to next viewpoint[0m
[33m[WARN] [1790605984.555149160, 43.639000000]: Plan fail[0m
[33m[WARN] [1790605984.555413333, 43.639000000]: Pair opt 1 & 2[0m
[31m[ERROR] [1790605984.561882691, 43.639000000]: No path to next viewpoint[0m
[33m[WARN] [1790605984.562280724, 43.639000000]: Plan fail[0m
[31m[ERROR] [1790605984.580832078, 43.658000000]: No path to next viewpoint[0m
[33m[WARN] [1790605984.581158366, 43.658000000]: Plan fail[0m
[31m[ERROR] [1790605984.596444464, 43.676000000]: No path to next viewpoint[0m
[33m[WARN] [1790605984.596819068, 43.676000000]: Drone 1 send opt request to 2, pair opt t: 0.037000, allocate t: 0.037000[0m
[33m[WARN] [1790605984.596964307, 43.676000000]: Plan fail[0m
[31m[ERROR] [1790605984.617363293, 43.694000000]: No path to next viewpoint[0m
[33m[WARN] [1790605984.617653438, 43.694000000]: Plan fail[0m
[31m[ERROR] [1790605984.634462588, 43.712000000]: No path to next viewpoint[0m
[33m[WARN] [1790605984.634830772, 43.712000000]: Plan fail[0m
[31m[ERROR] [1790605984.639145262, 43.712000000]: No path to next viewpoint[0m
[33m[WARN] [1790605984.639645679, 43.721000000]: Plan fail[0m
[33m[WARN] [1790605984.641666563, 43.721000000]: get response 1[0m
[31m[ERROR] [1790605984.658127123, 43.731000000]: No path to next viewpoint[0m
[33m[WARN] [1790605984.658930483, 43.740000000]: Plan fail[0m
[31m[ERROR] [1790605984.674160386, 43.749000000]: No path to next viewpoint[0m
[33m[WARN] [1790605984.674493719, 43.749000000]: Plan fail[0m
[31m[ERROR] [1790605984.683255764, 43.758000000]: No path to next viewpoint[0m
[33m[WARN] [1790605984.683657965, 43.758000000]: Plan fail[0m
[31m[ERROR] [1790605984.700044238, 43.776000000]: No path to next viewpoint[0m
[33m[WARN] [1790605984.700351183, 43.776000000]: Plan fail[0m
[31m[ERROR] [1790605984.702406085, 43.776000000]: No path to next viewpoint[0m
[33m[WARN] [1790605984.703298697, 43.776000000]: Plan fail[0m
[31m[ERROR] [1790605984.727314908, 43.804000000]: No path to next viewpoint[0m
[33m[WARN] [1790605984.727508880, 43.804000000]: Plan fail[0m
[31m[ERROR] [1790605984.731735367, 43.804000000]: No path to next viewpoint[0m
[33m[WARN] [1790605984.731857887, 43.804000000]: Plan fail[0m
[31m[ERROR] [1790605984.740201765, 43.813000000]: No path to next viewpoint[0m
[33m[WARN] [1790605984.740425543, 43.813000000]: Plan fail[0m
[31m[ERROR] [1790605984.761771836, 43.831000000]: No path to next viewpoint[0m
[33m[WARN] [1790605984.762016792, 43.831000000]: Plan fail[0m
[31m[ERROR] [1790605984.767112589, 43.840000000]: No path to next viewpoint[0m
[33m[WARN] [1790605984.767359712, 43.840000000]: Plan fail[0m
[31m[ERROR] [1790605984.787986562, 43.859000000]: No path to next viewpoint[0m
[33m[WARN] [1790605984.788269370, 43.859000000]: Plan fail[0m
[31m[ERROR] [1790605984.798769784, 43.868000000]: No path to next viewpoint[0m
[33m[WARN] [1790605984.799041378, 43.868000000]: Plan fail[0m
[31m[ERROR] [1790605984.810604157, 43.877000000]: No path to next viewpoint[0m
[33m[WARN] [1790605984.810755691, 43.877000000]: Plan fail[0m
[31m[ERROR] [1790605984.830121994, 43.895000000]: No path to next viewpoint[0m
[33m[WARN] [1790605984.830438861, 43.895000000]: Plan fail[0m
[31m[ERROR] [1790605984.833901091, 43.904000000]: No path to next viewpoint[0m
[33m[WARN] [1790605984.834291286, 43.904000000]: Plan fail[0m
[31m[ERROR] [1790605984.846148420, 43.914000000]: No path to next viewpoint[0m
[33m[WARN] [1790605984.846518272, 43.914000000]: Plan fail[0m
[31m[ERROR] [1790605984.862870610, 43.932000000]: No path to next viewpoint[0m
[33m[WARN] [1790605984.863308204, 43.932000000]: Plan fail[0m
[31m[ERROR] [1790605984.863473287, 43.932000000]: No path to next viewpoint[0m
[33m[WARN] [1790605984.863723537, 43.932000000]: Plan fail[0m
[31m[ERROR] [1790605984.883015678, 43.950000000]: No path to next viewpoint[0m
[33m[WARN] [1790605984.883403580, 43.950000000]: Plan fail[0m
[31m[ERROR] [1790605984.892168877, 43.959000000]: No path to next viewpoint[0m
[33m[WARN] [1790605984.892342464, 43.959000000]: Plan fail[0m
[31m[ERROR] [1790605984.899892112, 43.968000000]: No path to next viewpoint[0m
[33m[WARN] [1790605984.900097381, 43.968000000]: Plan fail[0m
[31m[ERROR] [1790605984.916795851, 43.978000000]: No path to next viewpoint[0m
[33m[WARN] [1790605984.917129476, 43.978000000]: Plan fail[0m
[31m[ERROR] [1790605984.918483736, 43.978000000]: No path to next viewpoint[0m
[33m[WARN] [1790605984.918755289, 43.978000000]: Plan fail[0m
[31m[ERROR] [1790605984.936769416, 43.996000000]: No path to next viewpoint[0m
[33m[WARN] [1790605984.937098789, 43.996000000]: Plan fail[0m
[31m[ERROR] [1790605984.946029586, 44.005000000]: No path to next viewpoint[0m
[33m[WARN] [1790605984.946428827, 44.005000000]: Plan fail[0m
[31m[ERROR] [1790605984.955350452, 44.014000000]: No path to next viewpoint[0m
[33m[WARN] [1790605984.955641097, 44.014000000]: Plan fail[0m
[31m[ERROR] [1790605984.975482555, 44.023000000]: No path to next viewpoint[0m
[33m[WARN] [1790605984.975720757, 44.023000000]: Plan fail[0m
[31m[ERROR] [1790605984.981098236, 44.033000000]: No path to next viewpoint[0m
[33m[WARN] [1790605984.981359909, 44.033000000]: Plan fail[0m
[31m[ERROR] [1790605984.995068676, 44.042000000]: No path to next viewpoint[0m
[33m[WARN] [1790605984.995357988, 44.042000000]: Plan fail[0m
[31m[ERROR] [1790605985.012158842, 44.060000000]: No path to next viewpoint[0m
[33m[WARN] [1790605985.012341559, 44.060000000]: Plan fail[0m
[31m[ERROR] [1790605985.014798203, 44.069000000]: No path to next viewpoint[0m
[33m[WARN] [1790605985.014927476, 44.069000000]: Plan fail[0m
[31m[ERROR] [1790605985.029569418, 44.078000000]: No path to next viewpoint[0m
[33m[WARN] [1790605985.029852268, 44.078000000]: Plan fail[0m
[31m[ERROR] [1790605985.041792527, 44.087000000]: No path to next viewpoint[0m
[33m[WARN] [1790605985.042057784, 44.087000000]: Plan fail[0m
[31m[ERROR] [1790605985.047641325, 44.097000000]: No path to next viewpoint[0m
[33m[WARN] [1790605985.047899912, 44.097000000]: Plan fail[0m
[31m[ERROR] [1790605985.064477739, 44.115000000]: No path to next viewpoint[0m
[31m[ERROR] [1790605985.064593588, 44.115000000]: No path to next viewpoint[0m
[33m[WARN] [1790605985.064743955, 44.115000000]: Plan fail[0m
[33m[WARN] [1790605985.064927463, 44.115000000]: Plan fail[0m
[31m[ERROR] [1790605985.084485779, 44.133000000]: No path to next viewpoint[0m
[33m[WARN] [1790605985.084805856, 44.133000000]: Plan fail[0m
[31m[ERROR] [1790605985.094188920, 44.142000000]: No path to next viewpoint[0m
[33m[WARN] [1790605985.094437211, 44.142000000]: Plan fail[0m
[31m[ERROR] [1790605985.101432540, 44.142000000]: No path to next viewpoint[0m
[33m[WARN] [1790605985.101844996, 44.142000000]: Plan fail[0m
[31m[ERROR] [1790605985.124283293, 44.170000000]: No path to next viewpoint[0m
[33m[WARN] [1790605985.124653145, 44.170000000]: Plan fail[0m
[31m[ERROR] [1790605985.132806761, 44.179000000]: No path to next viewpoint[0m
[33m[WARN] [1790605985.133344697, 44.179000000]: Plan fail[0m
[31m[ERROR] [1790605985.152904430, 44.197000000]: No path to next viewpoint[0m
[33m[WARN] [1790605985.153673064, 44.197000000]: Plan fail[0m
[31m[ERROR] [1790605985.169446739, 44.206000000]: No path to next viewpoint[0m
[33m[WARN] [1790605985.169809712, 44.206000000]: Plan fail[0m
[31m[ERROR] [1790605985.173850564, 44.215000000]: No path to next viewpoint[0m
[33m[WARN] [1790605985.174196529, 44.215000000]: Plan fail[0m
[31m[ERROR] [1790605985.199986376, 44.234000000]: No path to next viewpoint[0m
[33m[WARN] [1790605985.201252050, 44.234000000]: Plan fail[0m
[31m[ERROR] [1790605985.203779271, 44.234000000]: No path to next viewpoint[0m
[33m[WARN] [1790605985.204761512, 44.234000000]: Plan fail[0m
[33m[WARN] [1790605985.205183932, 44.234000000]: Pair opt 1 & 2[0m
[31m[ERROR] [1790605985.228866100, 44.261000000]: No path to next viewpoint[0m
[33m[WARN] [1790605985.229068910, 44.261000000]: Plan fail[0m
[31m[ERROR] [1790605985.250291224, 44.279000000]: No path to next viewpoint[0m
[33m[WARN] [1790605985.250821447, 44.279000000]: Plan fail[0m
[31m[ERROR] [1790605985.253505289, 44.289000000]: Larger cost after reallocation[0m
[31m[ERROR] [1790605985.270475311, 44.298000000]: No path to next viewpoint[0m
[33m[WARN] [1790605985.270866882, 44.298000000]: Plan fail[0m
[31m[ERROR] [1790605985.283688331, 44.316000000]: No path to next viewpoint[0m
[33m[WARN] [1790605985.283934787, 44.316000000]: Plan fail[0m
[33m[WARN] [1790605985.284181411, 44.316000000]: Pair opt 1 & 2[0m
[31m[ERROR] [1790605985.287884219, 44.316000000]: No path to next viewpoint[0m
[33m[WARN] [1790605985.288103412, 44.316000000]: Plan fail[0m
[31m[ERROR] [1790605985.302896555, 44.334000000]: No path to next viewpoint[0m
[33m[WARN] [1790605985.303196080, 44.334000000]: Plan fail[0m
[31m[ERROR] [1790605985.322523197, 44.353000000]: No path to next viewpoint[0m
[33m[WARN] [1790605985.322884628, 44.353000000]: Plan fail[0m
[31m[ERROR] [1790605985.332920643, 44.362000000]: Larger cost after reallocation[0m
[31m[ERROR] [1790605985.340310961, 44.371000000]: No path to next viewpoint[0m
[33m[WARN] [1790605985.340619866, 44.371000000]: Plan fail[0m
[31m[ERROR] [1790605985.360417134, 44.389000000]: No path to next viewpoint[0m
[33m[WARN] [1790605985.360666759, 44.389000000]: Plan fail[0m
[31m[ERROR] [1790605985.366574587, 44.389000000]: No path to next viewpoint[0m
[33m[WARN] [1790605985.366828464, 44.389000000]: Plan fail[0m
[33m[WARN] [1790605985.367359687, 44.398000000]: Pair opt 1 & 2[0m
[31m[ERROR] [1790605985.386877483, 44.408000000]: No path to next viewpoint[0m
[33m[WARN] [1790605985.388833336, 44.408000000]: Plan fail[0m
[31m[ERROR] [1790605985.421942257, 44.444000000]: No path to next viewpoint[0m
[33m[WARN] [1790605985.423615718, 44.444000000]: Plan fail[0m
[31m[ERROR] [1790605985.427731483, 44.444000000]: Larger cost after reallocation[0m
[31m[ERROR] [1790605985.452310683, 44.472000000]: No path to next viewpoint[0m
[33m[WARN] [1790605985.452588614, 44.472000000]: Plan fail[0m
[31m[ERROR] [1790605985.455176074, 44.472000000]: No path to next viewpoint[0m
[33m[WARN] [1790605985.456316935, 44.472000000]: Plan fail[0m
[33m[WARN] [1790605985.462170569, 44.481000000]: Pair opt 1 & 2[0m
[31m[ERROR] [1790605985.489163976, 44.508000000]: No path to next viewpoint[0m
[33m[WARN] [1790605985.489633961, 44.508000000]: Plan fail[0m
[31m[ERROR] [1790605985.518318212, 44.536000000]: Larger cost after reallocation[0m
[31m[ERROR] [1790605985.527740504, 44.545000000]: No path to next viewpoint[0m
[33m[WARN] [1790605985.530003094, 44.545000000]: Plan fail[0m
[31m[ERROR] [1790605985.561166251, 44.563000000]: No path to next viewpoint[0m
[33m[WARN] [1790605985.561637278, 44.572000000]: Plan fail[0m
[33m[WARN] [1790605985.562357804, 44.572000000]: Pair opt 1 & 2[0m
[31m[ERROR] [1790605985.562525013, 44.572000000]: No path to next viewpoint[0m
[33m[WARN] [1790605985.564027764, 44.572000000]: Plan fail[0m
[31m[ERROR] [1790605985.593418119, 44.600000000]: No path to next viewpoint[0m
[33m[WARN] [1790605985.593775547, 44.600000000]: Plan fail[0m
[31m[ERROR] [1790605985.618947710, 44.627000000]: Larger cost after reallocation[0m
[31m[ERROR] [1790605985.642679529, 44.645000000]: No path to next viewpoint[0m
[33m[WARN] [1790605985.643081354, 44.645000000]: Plan fail[0m
[31m[ERROR] [1790605985.669232173, 44.673000000]: No path to next viewpoint[0m
[33m[WARN] [1790605985.671013230, 44.673000000]: Plan fail[0m
[33m[WARN] [1790605985.675469874, 44.673000000]: Pair opt 1 & 2[0m
[31m[ERROR] [1790605985.688655964, 44.691000000]: No path to next viewpoint[0m
[33m[WARN] [1790605985.689114568, 44.691000000]: Plan fail[0m
[31m[ERROR] [1790605985.719305281, 44.718000000]: No path to next viewpoint[0m
[33m[WARN] [1790605985.719857849, 44.718000000]: Plan fail[0m
[31m[ERROR] [1790605985.733156536, 44.737000000]: Larger cost after reallocation[0m
[31m[ERROR] [1790605985.758057189, 44.755000000]: No path to next viewpoint[0m
[33m[WARN] [1790605985.758794390, 44.755000000]: Plan fail[0m
[31m[ERROR] [1790605985.781929619, 44.773000000]: No path to next viewpoint[0m
[33m[WARN] [1790605985.782751155, 44.773000000]: Plan fail[0m
[33m[WARN] [1790605985.783955965, 44.783000000]: Pair opt 1 & 2[0m
[31m[ERROR] [1790605985.793545216, 44.792000000]: No path to next viewpoint[0m
[33m[WARN] [1790605985.794323813, 44.792000000]: Plan fail[0m
[31m[ERROR] [1790605985.822295083, 44.819000000]: No path to next viewpoint[0m
[33m[WARN] [1790605985.822757314, 44.819000000]: Plan fail[0m
[31m[ERROR] [1790605985.831834142, 44.819000000]: Larger cost after reallocation[0m
[31m[ERROR] [1790605985.860708530, 44.846000000]: No path to next viewpoint[0m
[33m[WARN] [1790605985.860914842, 44.846000000]: Plan fail[0m
[31m[ERROR] [1790605985.862996632, 44.846000000]: No path to next viewpoint[0m
[33m[WARN] [1790605985.863486752, 44.846000000]: Plan fail[0m
[33m[WARN] [1790605985.867779773, 44.856000000]: Pair opt 1 & 2[0m
[31m[ERROR] [1790605985.887029726, 44.865000000]: No path to next viewpoint[0m
[33m[WARN] [1790605985.887321288, 44.865000000]: Plan fail[0m
[31m[ERROR] [1790605985.908200931, 44.883000000]: No path to next viewpoint[0m
[33m[WARN] [1790605985.908538142, 44.883000000]: Plan fail[0m
[31m[ERROR] [1790605985.930735318, 44.901000000]: No path to next viewpoint[0m
[33m[WARN] [1790605985.931019460, 44.901000000]: Plan fail[0m
[31m[ERROR] [1790605985.941087950, 44.911000000]: Larger cost after reallocation[0m
[31m[ERROR] [1790605985.949338490, 44.920000000]: No path to next viewpoint[0m
[33m[WARN] [1790605985.949586197, 44.920000000]: Plan fail[0m
[31m[ERROR] [1790605985.972502650, 44.947000000]: No path to next viewpoint[0m
[33m[WARN] [1790605985.973120834, 44.947000000]: Plan fail[0m
[31m[ERROR] [1790605985.980180987, 44.947000000]: No path to next viewpoint[0m
[33m[WARN] [1790605985.980795836, 44.947000000]: Plan fail[0m
[33m[WARN] [1790605985.981338857, 44.956000000]: Pair opt 1 & 2[0m
[31m[ERROR] [1790605986.001282616, 44.975000000]: No path to next viewpoint[0m
[33m[WARN] [1790605986.001972794, 44.975000000]: Plan fail[0m
[31m[ERROR] [1790605986.025966035, 44.993000000]: No path to next viewpoint[0m
[33m[WARN] [1790605986.026328424, 44.993000000]: Plan fail[0m
[31m[ERROR] [1790605986.030244214, 44.993000000]: Larger cost after reallocation[0m
[31m[ERROR] [1790605986.057738955, 45.020000000]: No path to next viewpoint[0m
[33m[WARN] [1790605986.058265551, 45.020000000]: Plan fail[0m
[31m[ERROR] [1790605986.066987619, 45.029000000]: No path to next viewpoint[0m
[33m[WARN] [1790605986.067339920, 45.029000000]: Plan fail[0m
[33m[WARN] [1790605986.068027346, 45.029000000]: Pair opt 1 & 2[0m
[31m[ERROR] [1790605986.082628602, 45.039000000]: No path to next viewpoint[0m
[33m[WARN] [1790605986.083082495, 45.039000000]: Plan fail[0m
[31m[ERROR] [1790605986.109712554, 45.075000000]: No path to next viewpoint[0m
[33m[WARN] [1790605986.110032797, 45.075000000]: Plan fail[0m
[31m[ERROR] [1790605986.117574816, 45.075000000]: Larger cost after reallocation[0m
[31m[ERROR] [1790605986.131437828, 45.093000000]: No path to next viewpoint[0m
[33m[WARN] [1790605986.132180782, 45.093000000]: Plan fail[0m
[31m[ERROR] [1790605986.154220005, 45.112000000]: No path to next viewpoint[0m
[33m[WARN] [1790605986.154876333, 45.112000000]: Plan fail[0m
[33m[WARN] [1790605986.155331602, 45.121000000]: Pair opt 1 & 2[0m
[31m[ERROR] [1790605986.158363742, 45.121000000]: No path to next viewpoint[0m
[33m[WARN] [1790605986.158648801, 45.121000000]: Plan fail[0m
[31m[ERROR] [1790605986.185638998, 45.148000000]: No path to next viewpoint[0m
[33m[WARN] [1790605986.186041282, 45.148000000]: Plan fail[0m
[31m[ERROR] [1790605986.208304658, 45.167000000]: No path to next viewpoint[0m
[33m[WARN] [1790605986.208550531, 45.167000000]: Plan fail[0m
[31m[ERROR] [1790605986.209207485, 45.167000000]: Larger cost after reallocation[0m
[31m[ERROR] [1790605986.236441178, 45.194000000]: No path to next viewpoint[0m
[33m[WARN] [1790605986.237556194, 45.194000000]: Plan fail[0m
[31m[ERROR] [1790605986.245182838, 45.203000000]: No path to next viewpoint[0m
[33m[WARN] [1790605986.245661578, 45.203000000]: Plan fail[0m
[33m[WARN] [1790605986.245997204, 45.203000000]: Pair opt 1 & 2[0m
[31m[ERROR] [1790605986.265791971, 45.222000000]: No path to next viewpoint[0m
[33m[WARN] [1790605986.266307604, 45.222000000]: Plan fail[0m
[31m[ERROR] [1790605986.292653770, 45.249000000]: No path to next viewpoint[0m
[33m[WARN] [1790605986.292967219, 45.249000000]: Plan fail[0m
[31m[ERROR] [1790605986.300217467, 45.258000000]: Larger cost after reallocation[0m
[31m[ERROR] [1790605986.320412851, 45.276000000]: No path to next viewpoint[0m
[33m[WARN] [1790605986.320749186, 45.276000000]: Plan fail[0m
[31m[ERROR] [1790605986.333325513, 45.286000000]: No path to next viewpoint[0m
[33m[WARN] [1790605986.333602985, 45.286000000]: Plan fail[0m
[33m[WARN] [1790605986.338870200, 45.286000000]: Pair opt 1 & 2[0m
[31m[ERROR] [1790605986.352356023, 45.304000000]: No path to next viewpoint[0m
[33m[WARN] [1790605986.352609817, 45.304000000]: Plan fail[0m
[31m[ERROR] [1790605986.373644037, 45.322000000]: No path to next viewpoint[0m
[33m[WARN] [1790605986.374021726, 45.322000000]: Plan fail[0m
[31m[ERROR] [1790605986.395067743, 45.340000000]: No path to next viewpoint[0m
[33m[WARN] [1790605986.395600801, 45.340000000]: Plan fail[0m
[31m[ERROR] [1790605986.405907952, 45.359000000]: Larger cost after reallocation[0m
[31m[ERROR] [1790605986.417849087, 45.368000000]: No path to next viewpoint[0m
[33m[WARN] [1790605986.418559150, 45.368000000]: Plan fail[0m
[31m[ERROR] [1790605986.447925868, 45.395000000]: No path to next viewpoint[0m
[33m[WARN] [1790605986.448791092, 45.395000000]: Plan fail[0m
[33m[WARN] [1790605986.451134221, 45.395000000]: Pair opt 1 & 2[0m
[31m[ERROR] [1790605986.451915278, 45.395000000]: No path to next viewpoint[0m
[33m[WARN] [1790605986.453397519, 45.395000000]: Plan fail[0m
[31m[ERROR] [1790605986.479065680, 45.423000000]: No path to next viewpoint[0m
[33m[WARN] [1790605986.479475385, 45.423000000]: Plan fail[0m
[31m[ERROR] [1790605986.504161680, 45.450000000]: No path to next viewpoint[0m
[33m[WARN] [1790605986.504454451, 45.450000000]: Plan fail[0m
[31m[ERROR] [1790605986.511371950, 45.450000000]: Larger cost after reallocation[0m
[31m[ERROR] [1790605986.528988670, 45.468000000]: No path to next viewpoint[0m
[33m[WARN] [1790605986.529233459, 45.468000000]: Plan fail[0m
[31m[ERROR] [1790605986.545378861, 45.487000000]: No path to next viewpoint[0m
[33m[WARN] [1790605986.545680554, 45.487000000]: Plan fail[0m
[31m[ERROR] [1790605986.546059994, 45.487000000]: No path to next viewpoint[0m
[33m[WARN] [1790605986.546450439, 45.487000000]: Plan fail[0m
[33m[WARN] [1790605986.548937973, 45.487000000]: Pair opt 1 & 2[0m
[31m[ERROR] [1790605986.568430632, 45.505000000]: No path to next viewpoint[0m
[33m[WARN] [1790605986.569022011, 45.505000000]: Plan fail[0m
[31m[ERROR] [1790605986.588724440, 45.523000000]: No path to next viewpoint[0m
[33m[WARN] [1790605986.589186129, 45.523000000]: Plan fail[0m
[33m[WARN] [1790605986.608174035, 45.542000000]: Drone 1 send opt request to 2, pair opt t: 0.055000, allocate t: 0.046000[0m
[31m[ERROR] [1790605986.609381347, 45.542000000]: No path to next viewpoint[0m
[33m[WARN] [1790605986.609825610, 45.542000000]: Plan fail[0m
[31m[ERROR] [1790605986.628718052, 45.560000000]: No path to next viewpoint[0m
[33m[WARN] [1790605986.628973596, 45.560000000]: Plan fail[0m
[31m[ERROR] [1790605986.643425610, 45.578000000]: No path to next viewpoint[0m
[33m[WARN] [1790605986.643725677, 45.578000000]: Plan fail[0m
[33m[WARN] [1790605986.644227344, 45.578000000]: get response 1[0m
[31m[ERROR] [1790605986.647815638, 45.578000000]: No path to next viewpoint[0m
[33m[WARN] [1790605986.648066805, 45.578000000]: Plan fail[0m
[31m[ERROR] [1790605986.670445905, 45.596000000]: No path to next viewpoint[0m
[33m[WARN] [1790605986.670759187, 45.596000000]: Plan fail[0m
[31m[ERROR] [1790605986.679224376, 45.606000000]: No path to next viewpoint[0m
[33m[WARN] [1790605986.679859610, 45.606000000]: Plan fail[0m
[31m[ERROR] [1790605986.690369154, 45.615000000]: No path to next viewpoint[0m
[33m[WARN] [1790605986.690656297, 45.615000000]: Plan fail[0m
[31m[ERROR] [1790605986.713908876, 45.633000000]: No path to next viewpoint[0m
[33m[WARN] [1790605986.714206983, 45.633000000]: Plan fail[0m
[31m[ERROR] [1790605986.714151122, 45.633000000]: No path to next viewpoint[0m
[33m[WARN] [1790605986.715049029, 45.633000000]: Plan fail[0m
[31m[ERROR] [1790605986.743245495, 45.661000000]: No path to next viewpoint[0m
[33m[WARN] [1790605986.743520591, 45.661000000]: Plan fail[0m
[31m[ERROR] [1790605986.755868345, 45.679000000]: No path to next viewpoint[0m
[33m[WARN] [1790605986.756582619, 45.679000000]: Plan fail[0m
[31m[ERROR] [1790605986.768896815, 45.688000000]: No path to next viewpoint[0m
[33m[WARN] [1790605986.769316941, 45.688000000]: Plan fail[0m
[31m[ERROR] [1790605986.792419153, 45.706000000]: No path to next viewpoint[0m
[33m[WARN] [1790605986.792748276, 45.715000000]: Plan fail[0m
[31m[ERROR] [1790605986.794989271, 45.715000000]: No path to next viewpoint[0m
[33m[WARN] [1790605986.795172238, 45.715000000]: Plan fail[0m
[31m[ERROR] [1790605986.813114871, 45.734000000]: No path to next viewpoint[0m
[33m[WARN] [1790605986.813674984, 45.734000000]: Plan fail[0m
[31m[ERROR] [1790605986.833682608, 45.752000000]: No path to next viewpoint[0m
[33m[WARN] [1790605986.833979131, 45.752000000]: Plan fail[0m
[31m[ERROR] [1790605986.837484300, 45.752000000]: No path to next viewpoint[0m
[33m[WARN] [1790605986.837933066, 45.752000000]: Plan fail[0m
[31m[ERROR] [1790605986.862010598, 45.779000000]: No path to next viewpoint[0m
[33m[WARN] [1790605986.862372112, 45.779000000]: Plan fail[0m
[31m[ERROR] [1790605986.869065958, 45.789000000]: No path to next viewpoint[0m
[33m[WARN] [1790605986.869651709, 45.789000000]: Plan fail[0m
[31m[ERROR] [1790605986.894248751, 45.807000000]: No path to next viewpoint[0m
[33m[WARN] [1790605986.894798192, 45.807000000]: Plan fail[0m
[31m[ERROR] [1790605986.919493826, 45.825000000]: No path to next viewpoint[0m
[33m[WARN] [1790605986.919618555, 45.825000000]: Plan fail[0m
[31m[ERROR] [1790605986.921293975, 45.825000000]: No path to next viewpoint[0m
[33m[WARN] [1790605986.922350503, 45.825000000]: Plan fail[0m
[31m[ERROR] [1790605986.945607709, 45.862999999]: No path to next viewpoint[0m
[33m[WARN] [1790605986.946061019, 45.862999999]: Plan fail[0m
[31m[ERROR] [1790605986.947039925, 45.862999999]: No path to next viewpoint[0m
[33m[WARN] [1790605986.947557392, 45.862999999]: Plan fail[0m
[31m[ERROR] [1790605986.979057051, 45.890000000]: No path to next viewpoint[0m
[33m[WARN] [1790605986.979547463, 45.890000000]: Plan fail[0m
[31m[ERROR] [1790605986.989013360, 45.899000000]: No path to next viewpoint[0m
[33m[WARN] [1790605986.989382002, 45.899000000]: Plan fail[0m
[31m[ERROR] [1790605987.002926354, 45.908000000]: No path to next viewpoint[0m
[33m[WARN] [1790605987.003349316, 45.917000000]: Plan fail[0m
[31m[ERROR] [1790605987.026020521, 45.935000000]: No path to next viewpoint[0m
[33m[WARN] [1790605987.026573756, 45.935000000]: Plan fail[0m
[31m[ERROR] [1790605987.031757846, 45.944000000]: No path to next viewpoint[0m
[33m[WARN] [1790605987.032043364, 45.944000000]: Plan fail[0m
[31m[ERROR] [1790605987.053197227, 45.962000000]: No path to next viewpoint[0m
[31m[ERROR] [1790605987.053383070, 45.962000000]: No path to next viewpoint[0m
[33m[WARN] [1790605987.053648119, 45.962000000]: Plan fail[0m
[33m[WARN] [1790605987.053890282, 45.962000000]: Plan fail[0m
[31m[ERROR] [1790605987.077742327, 45.990000000]: No path to next viewpoint[0m
[33m[WARN] [1790605987.078385524, 45.990000000]: Plan fail[0m
[31m[ERROR] [1790605987.089346335, 45.999000000]: No path to next viewpoint[0m
[33m[WARN] [1790605987.089929209, 45.999000000]: Plan fail[0m
[31m[ERROR] [1790605987.108148814, 46.008000000]: No path to next viewpoint[0m
[33m[WARN] [1790605987.108366298, 46.017000000]: Plan fail[0m
[31m[ERROR] [1790605987.121196377, 46.026000000]: No path to next viewpoint[0m
[33m[WARN] [1790605987.121548928, 46.026000000]: Plan fail[0m
[31m[ERROR] [1790605987.130292422, 46.026000000]: No path to next viewpoint[0m
[33m[WARN] [1790605987.130525164, 46.026000000]: Plan fail[0m
[31m[ERROR] [1790605987.149508401, 46.054000000]: No path to next viewpoint[0m
[33m[WARN] [1790605987.149740600, 46.054000000]: Plan fail[0m
[31m[ERROR] [1790605987.155254856, 46.054000000]: No path to next viewpoint[0m
[33m[WARN] [1790605987.155589606, 46.054000000]: Plan fail[0m
[31m[ERROR] [1790605987.170688902, 46.063000000]: No path to next viewpoint[0m
[33m[WARN] [1790605987.170846106, 46.063000000]: Plan fail[0m
[31m[ERROR] [1790605987.193939438, 46.090000000]: No path to next viewpoint[0m
[33m[WARN] [1790605987.194273939, 46.090000000]: Plan fail[0m
[31m[ERROR] [1790605987.196152503, 46.090000000]: No path to next viewpoint[0m
[33m[WARN] [1790605987.196415217, 46.090000000]: Plan fail[0m
[31m[ERROR] [1790605987.215127611, 46.109000000]: No path to next viewpoint[0m
[33m[WARN] [1790605987.216329003, 46.109000000]: Plan fail[0m
[31m[ERROR] [1790605987.226334336, 46.118000000]: No path to next viewpoint[0m
[33m[WARN] [1790605987.226656789, 46.118000000]: Plan fail[0m
[33m[WARN] [1790605987.226986120, 46.118000000]: Pair opt 1 & 2[0m
[31m[ERROR] [1790605987.239748290, 46.127000000]: No path to next viewpoint[0m
[33m[WARN] [1790605987.239936759, 46.127000000]: Plan fail[0m
[31m[ERROR] [1790605987.259298518, 46.154000000]: No path to next viewpoint[0m
[33m[WARN] [1790605987.259612300, 46.154000000]: Plan fail[0m
[31m[ERROR] [1790605987.277208052, 46.164000000]: No path to next viewpoint[0m
[33m[WARN] [1790605987.277550807, 46.164000000]: Plan fail[0m
[31m[ERROR] [1790605987.277602999, 46.164000000]: Larger cost after reallocation[0m
[31m[ERROR] [1790605987.297479683, 46.191000000]: No path to next viewpoint[0m
[33m[WARN] [1790605987.297715676, 46.191000000]: Plan fail[0m
[31m[ERROR] [1790605987.307886842, 46.200000000]: No path to next viewpoint[0m
[33m[WARN] [1790605987.308116915, 46.200000000]: Plan fail[0m
[33m[WARN] [1790605987.308398431, 46.200000000]: Pair opt 1 & 2[0m
[31m[ERROR] [1790605987.315319890, 46.200000000]: No path to next viewpoint[0m
[33m[WARN] [1790605987.315727635, 46.200000000]: Plan fail[0m
[31m[ERROR] [1790605987.345268315, 46.228000000]: No path to next viewpoint[0m
[33m[WARN] [1790605987.345463079, 46.228000000]: Plan fail[0m
[31m[ERROR] [1790605987.364759806, 46.246000000]: Larger cost after reallocation[0m
[31m[ERROR] [1790605987.368484876, 46.255000000]: No path to next viewpoint[0m
[33m[WARN] [1790605987.368618484, 46.255000000]: Plan fail[0m
[31m[ERROR] [1790605987.387067371, 46.273000000]: No path to next viewpoint[0m
[33m[WARN] [1790605987.387325958, 46.273000000]: Plan fail[0m
[31m[ERROR] [1790605987.391859057, 46.273000000]: No path to next viewpoint[0m
[33m[WARN] [1790605987.392151620, 46.273000000]: Plan fail[0m
[33m[WARN] [1790605987.395377816, 46.273000000]: Pair opt 1 & 2[0m
[31m[ERROR] [1790605987.405315282, 46.283000000]: No path to next viewpoint[0m
[33m[WARN] [1790605987.405492079, 46.283000000]: Plan fail[0m
[31m[ERROR] [1790605987.423497702, 46.301000000]: No path to next viewpoint[0m
[33m[WARN] [1790605987.423747827, 46.301000000]: Plan fail[0m
[31m[ERROR] [1790605987.440394104, 46.319000000]: No path to next viewpoint[0m
[33m[WARN] [1790605987.440662030, 46.319000000]: Plan fail[0m
[31m[ERROR] [1790605987.446242819, 46.319000000]: Larger cost after reallocation[0m
[31m[ERROR] [1790605987.459502487, 46.337000000]: No path to next viewpoint[0m
[33m[WARN] [1790605987.459805180, 46.337000000]: Plan fail[0m
[31m[ERROR] [1790605987.475364497, 46.347000000]: No path to next viewpoint[0m
[33m[WARN] [1790605987.475690202, 46.347000000]: Plan fail[0m
[33m[WARN] [1790605987.476202208, 46.347000000]: Pair opt 1 & 2[0m
[31m[ERROR] [1790605987.478322476, 46.356000000]: No path to next viewpoint[0m
[33m[WARN] [1790605987.478638425, 46.356000000]: Plan fail[0m
[31m[ERROR] [1790605987.499562590, 46.374000000]: No path to next viewpoint[0m
[33m[WARN] [1790605987.500053836, 46.374000000]: Plan fail[0m
[31m[ERROR] [1790605987.524313418, 46.401000000]: No path to next viewpoint[0m
[33m[WARN] [1790605987.524713701, 46.401000000]: Plan fail[0m
[31m[ERROR] [1790605987.530656713, 46.401000000]: Larger cost after reallocation[0m
[31m[ERROR] [1790605987.560330543, 46.429000000]: No path to next viewpoint[0m
[33m[WARN] [1790605987.560753254, 46.429000000]: Plan fail[0m
[31m[ERROR] [1790605987.577346421, 46.447000000]: No path to next viewpoint[0m
[33m[WARN] [1790605987.577712771, 46.447000000]: Plan fail[0m
[33m[WARN] [1790605987.578284390, 46.447000000]: Pair opt 1 & 2[0m
[31m[ERROR] [1790605987.596010249, 46.465000000]: No path to next viewpoint[0m
[33m[WARN] [1790605987.596320320, 46.465000000]: Plan fail[0m
[31m[ERROR] [1790605987.621951546, 46.493000000]: No path to next viewpoint[0m
[33m[WARN] [1790605987.622398061, 46.493000000]: Plan fail[0m
[31m[ERROR] [1790605987.633137595, 46.502000000]: Larger cost after reallocation[0m
[31m[ERROR] [1790605987.640915398, 46.502000000]: No path to next viewpoint[0m
[33m[WARN] [1790605987.641320142, 46.502000000]: Plan fail[0m
[31m[ERROR] [1790605987.660007148, 46.520000000]: No path to next viewpoint[0m
[33m[WARN] [1790605987.660531868, 46.520000000]: Plan fail[0m
[31m[ERROR] [1790605987.670267317, 46.529000000]: No path to next viewpoint[0m
[33m[WARN] [1790605987.670373953, 46.529000000]: Plan fail[0m
[33m[WARN] [1790605987.670618492, 46.529000000]: Pair opt 1 & 2[0m
[31m[ERROR] [1790605987.684937482, 46.539000000]: No path to next viewpoint[0m
[33m[WARN] [1790605987.685221540, 46.539000000]: Plan fail[0m
[31m[ERROR] [1790605987.708610437, 46.557000000]: No path to next viewpoint[0m
[33m[WARN] [1790605987.708905168, 46.557000000]: Plan fail[0m
[31m[ERROR] [1790605987.725774598, 46.575000000]: No path to next viewpoint[0m
[33m[WARN] [1790605987.726115644, 46.575000000]: Plan fail[0m
[31m[ERROR] [1790605987.742191428, 46.584000000]: Larger cost after reallocation[0m
[31m[ERROR] [1790605987.748991701, 46.593000000]: No path to next viewpoint[0m
[33m[WARN] [1790605987.749637315, 46.593000000]: Plan fail[0m
[31m[ERROR] [1790605987.769344289, 46.612000000]: No path to next viewpoint[0m
[33m[WARN] [1790605987.769692671, 46.612000000]: Plan fail[0m
[33m[WARN] [1790605987.770179665, 46.612000000]: Pair opt 1 & 2[0m
[31m[ERROR] [1790605987.773599332, 46.612000000]: No path to next viewpoint[0m
[33m[WARN] [1790605987.774438460, 46.621000000]: Plan fail[0m
[31m[ERROR] [1790605987.798465759, 46.639000000]: No path to next viewpoint[0m
[33m[WARN] [1790605987.798971220, 46.639000000]: Plan fail[0m
[31m[ERROR] [1790605987.821416104, 46.667000000]: Larger cost after reallocation[0m
[31m[ERROR] [1790605987.822465086, 46.667000000]: No path to next viewpoint[0m
[33m[WARN] [1790605987.822926442, 46.667000000]: Plan fail[0m
[31m[ERROR] [1790605987.846865905, 46.685000000]: No path to next viewpoint[0m
[33m[WARN] [1790605987.847743177, 46.685000000]: Plan fail[0m
[31m[ERROR] [1790605987.859166594, 46.703000000]: No path to next viewpoint[0m
[33m[WARN] [1790605987.859435395, 46.703000000]: Plan fail[0m
[33m[WARN] [1790605987.861254805, 46.703000000]: Pair opt 1 & 2[0m
[31m[ERROR] [1790605987.877908752, 46.721000000]: No path to next viewpoint[0m
[33m[WARN] [1790605987.878453650, 46.721000000]: Plan fail[0m
[31m[ERROR] [1790605987.900735952, 46.740000000]: No path to next viewpoint[0m
[33m[WARN] [1790605987.901248958, 46.740000000]: Plan fail[0m
[31m[ERROR] [1790605987.911909828, 46.749000000]: Larger cost after reallocation[0m
[31m[ERROR] [1790605987.924739531, 46.767000000]: No path to next viewpoint[0m
[33m[WARN] [1790605987.924994575, 46.767000000]: Plan fail[0m
[31m[ERROR] [1790605987.941933207, 46.776000000]: No path to next viewpoint[0m
[33m[WARN] [1790605987.942313522, 46.776000000]: Plan fail[0m
[33m[WARN] [1790605987.942606127, 46.786000000]: Pair opt 1 & 2[0m
[31m[ERROR] [1790605987.950842618, 46.786000000]: No path to next viewpoint[0m
[33m[WARN] [1790605987.951424575, 46.786000000]: Plan fail[0m
[31m[ERROR] [1790605987.986168480, 46.813000000]: No path to next viewpoint[0m
[33m[WARN] [1790605987.986529744, 46.813000000]: Plan fail[0m
[31m[ERROR] [1790605988.008426562, 46.831000000]: Larger cost after reallocation[0m
[31m[ERROR] [1790605988.012100231, 46.840000000]: No path to next viewpoint[0m
[33m[WARN] [1790605988.012363863, 46.840000000]: Plan fail[0m
[31m[ERROR] [1790605988.037229331, 46.868000000]: No path to next viewpoint[0m
[33m[WARN] [1790605988.037459071, 46.868000000]: Plan fail[0m
[31m[ERROR] [1790605988.040493338, 46.868000000]: No path to next viewpoint[0m
[33m[WARN] [1790605988.040737084, 46.868000000]: Plan fail[0m
[33m[WARN] [1790605988.043779813, 46.877000000]: Pair opt 1 & 2[0m
[31m[ERROR] [1790605988.061626691, 46.886000000]: No path to next viewpoint[0m
[33m[WARN] [1790605988.061891198, 46.886000000]: Plan fail[0m
[31m[ERROR] [1790605988.086220440, 46.914000000]: No path to next viewpoint[0m
[33m[WARN] [1790605988.086597753, 46.914000000]: Plan fail[0m
[31m[ERROR] [1790605988.109295805, 46.932000000]: Larger cost after reallocation[0m
[31m[ERROR] [1790605988.109778463, 46.932000000]: No path to next viewpoint[0m
[33m[WARN] [1790605988.110169783, 46.932000000]: Plan fail[0m
[31m[ERROR] [1790605988.134107746, 46.959000000]: No path to next viewpoint[0m
[33m[WARN] [1790605988.134311598, 46.959000000]: Plan fail[0m
[31m[ERROR] [1790605988.145954750, 46.968000000]: No path to next viewpoint[0m
[33m[WARN] [1790605988.146149764, 46.968000000]: Plan fail[0m
[33m[WARN] [1790605988.146841735, 46.968000000]: Pair opt 1 & 2[0m
[31m[ERROR] [1790605988.161502479, 46.987000000]: No path to next viewpoint[0m
[33m[WARN] [1790605988.161798543, 46.987000000]: Plan fail[0m
[31m[ERROR] [1790605988.183834681, 47.005000000]: No path to next viewpoint[0m
[33m[WARN] [1790605988.184961411, 47.005000000]: Plan fail[0m
[31m[ERROR] [1790605988.204407212, 47.033000000]: Larger cost after reallocation[0m
[31m[ERROR] [1790605988.213560911, 47.033000000]: No path to next viewpoint[0m
[33m[WARN] [1790605988.214675510, 47.042000000]: Plan fail[0m
[31m[ERROR] [1790605988.235275972, 47.060000000]: No path to next viewpoint[0m
[33m[WARN] [1790605988.236559447, 47.060000000]: Plan fail[0m
[33m[WARN] [1790605988.240244121, 47.060000000]: Pair opt 1 & 2[0m
[31m[ERROR] [1790605988.245000623, 47.069000000]: No path to next viewpoint[0m
[33m[WARN] [1790605988.245257293, 47.069000000]: Plan fail[0m
[31m[ERROR] [1790605988.268987069, 47.087000000]: No path to next viewpoint[0m
[33m[WARN] [1790605988.269565358, 47.087000000]: Plan fail[0m
[31m[ERROR] [1790605988.293420113, 47.115000000]: Larger cost after reallocation[0m
[31m[ERROR] [1790605988.294986229, 47.115000000]: No path to next viewpoint[0m
[33m[WARN] [1790605988.295650019, 47.115000000]: Plan fail[0m
[31m[ERROR] [1790605988.317595861, 47.133000000]: No path to next viewpoint[0m
[33m[WARN] [1790605988.318373500, 47.133000000]: Plan fail[0m
[31m[ERROR] [1790605988.333568344, 47.151000000]: No path to next viewpoint[0m
[33m[WARN] [1790605988.334038579, 47.151000000]: Plan fail[0m
[33m[WARN] [1790605988.335082350, 47.151000000]: Pair opt 1 & 2[0m
[31m[ERROR] [1790605988.344723252, 47.161000000]: No path to next viewpoint[0m
[33m[WARN] [1790605988.345298831, 47.161000000]: Plan fail[0m
[31m[ERROR] [1790605988.367179974, 47.188000000]: No path to next viewpoint[0m
[33m[WARN] [1790605988.367528899, 47.188000000]: Plan fail[0m
[33m[WARN] [1790605988.388233121, 47.206000000]: Drone 1 send opt request to 2, pair opt t: 0.055000, allocate t: 0.046000[0m
[31m[ERROR] [1790605988.391001046, 47.206000000]: No path to next viewpoint[0m
[33m[WARN] [1790605988.391574666, 47.206000000]: Plan fail[0m
[31m[ERROR] [1790605988.420975692, 47.234000000]: No path to next viewpoint[0m
[33m[WARN] [1790605988.423679377, 47.234000000]: Plan fail[0m
[31m[ERROR] [1790605988.427937171, 47.243000000]: No path to next viewpoint[0m
[33m[WARN] [1790605988.428248243, 47.243000000]: Plan fail[0m
[33m[WARN] [1790605988.428943174, 47.243000000]: get response 1[0m
[31m[ERROR] [1790605988.462974139, 47.279000000]: No path to next viewpoint[0m
[33m[WARN] [1790605988.463253070, 47.279000000]: Plan fail[0m
[31m[ERROR] [1790605988.480962170, 47.298000000]: No path to next viewpoint[0m
[33m[WARN] [1790605988.482323851, 47.298000000]: Plan fail[0m
[31m[ERROR] [1790605988.494617578, 47.307000000]: No path to next viewpoint[0m
[33m[WARN] [1790605988.495264776, 47.307000000]: Plan fail[0m
[31m[ERROR] [1790605988.521061835, 47.334000000]: No path to next viewpoint[0m
[31m[ERROR] [1790605988.521111068, 47.334000000]: No path to next viewpoint[0m
[33m[WARN] [1790605988.521418847, 47.334000000]: Plan fail[0m
[33m[WARN] [1790605988.521676142, 47.334000000]: Plan fail[0m
[31m[ERROR] [1790605988.549121858, 47.353000000]: No path to next viewpoint[0m
[33m[WARN] [1790605988.552242960, 47.353000000]: Plan fail[0m
[31m[ERROR] [1790605988.575222777, 47.380000000]: No path to next viewpoint[0m
[33m[WARN] [1790605988.575457353, 47.380000000]: Plan fail[0m
[31m[ERROR] [1790605988.590824241, 47.398000000]: No path to next viewpoint[0m
[33m[WARN] [1790605988.590999995, 47.398000000]: Plan fail[0m
[31m[ERROR] [1790605988.624945793, 47.426000000]: No path to next viewpoint[0m
[33m[WARN] [1790605988.625528459, 47.426000000]: Plan fail[0m
[31m[ERROR] [1790605988.633210173, 47.435000000]: No path to next viewpoint[0m
[33m[WARN] [1790605988.635101618, 47.435000000]: Plan fail[0m
[31m[ERROR] [1790605988.658905639, 47.462000000]: No path to next viewpoint[0m
[33m[WARN] [1790605988.659463960, 47.462000000]: Plan fail[0m
[31m[ERROR] [1790605988.688866571, 47.490000000]: No path to next viewpoint[0m
[33m[WARN] [1790605988.690450779, 47.490000000]: Plan fail[0m
[31m[ERROR] [1790605988.702979290, 47.508000000]: No path to next viewpoint[0m
[33m[WARN] [1790605988.703859689, 47.508000000]: Plan fail[0m
[31m[ERROR] [1790605988.729999669, 47.536000000]: No path to next viewpoint[0m
[31m[ERROR] [1790605988.730153662, 47.536000000]: No path to next viewpoint[0m
[33m[WARN] [1790605988.730324039, 47.536000000]: Plan fail[0m
[33m[WARN] [1790605988.730554779, 47.536000000]: Plan fail[0m
[31m[ERROR] [1790605988.760057815, 47.563000000]: No path to next viewpoint[0m
[33m[WARN] [1790605988.760397360, 47.563000000]: Plan fail[0m
[31m[ERROR] [1790605988.763252412, 47.563000000]: No path to next viewpoint[0m
[33m[WARN] [1790605988.764554813, 47.563000000]: Plan fail[0m
[31m[ERROR] [1790605988.783006659, 47.581000000]: No path to next viewpoint[0m
[33m[WARN] [1790605988.783691168, 47.590000000]: Plan fail[0m
[31m[ERROR] [1790605988.792025958, 47.590000000]: No path to next viewpoint[0m
[33m[WARN] [1790605988.792401896, 47.590000000]: Plan fail[0m
[31m[ERROR] [1790605988.808001233, 47.600000000]: No path to next viewpoint[0m
[33m[WARN] [1790605988.808266699, 47.600000000]: Plan fail[0m
[31m[ERROR] [1790605988.817059552, 47.609000000]: No path to next viewpoint[0m
[33m[WARN] [1790605988.818392843, 47.609000000]: Plan fail[0m
[31m[ERROR] [1790605988.841380873, 47.636000000]: No path to next viewpoint[0m
[33m[WARN] [1790605988.841581432, 47.636000000]: Plan fail[0m
[31m[ERROR] [1790605988.857802580, 47.654000000]: No path to next viewpoint[0m
[33m[WARN] [1790605988.858207449, 47.654000000]: Plan fail[0m
[31m[ERROR] [1790605988.867818669, 47.664000000]: No path to next viewpoint[0m
[33m[WARN] [1790605988.868215909, 47.664000000]: Plan fail[0m
[31m[ERROR] [1790605988.891659792, 47.682000000]: No path to next viewpoint[0m
[33m[WARN] [1790605988.891937931, 47.682000000]: Plan fail[0m
[31m[ERROR] [1790605988.896131777, 47.691000000]: No path to next viewpoint[0m
[33m[WARN] [1790605988.896527391, 47.691000000]: Plan fail[0m
[31m[ERROR] [1790605988.920584205, 47.718000000]: No path to next viewpoint[0m
[33m[WARN] [1790605988.920977860, 47.718000000]: Plan fail[0m
[31m[ERROR] [1790605988.927122181, 47.718000000]: No path to next viewpoint[0m
[33m[WARN] [1790605988.927548561, 47.718000000]: Plan fail[0m
[31m[ERROR] [1790605988.945249073, 47.737000000]: No path to next viewpoint[0m
[33m[WARN] [1790605988.945729438, 47.737000000]: Plan fail[0m
[31m[ERROR] [1790605988.962399936, 47.755000000]: No path to next viewpoint[0m
[33m[WARN] [1790605988.963727558, 47.755000000]: Plan fail[0m
[31m[ERROR] [1790605988.979641094, 47.773000000]: No path to next viewpoint[0m
[33m[WARN] [1790605988.980320183, 47.773000000]: Plan fail[0m
[31m[ERROR] [1790605988.996918853, 47.792000000]: No path to next viewpoint[0m
[33m[WARN] [1790605988.997282160, 47.792000000]: Plan fail[0m
[33m[WARN] [1790605988.997485470, 47.792000000]: Pair opt 1 & 2[0m
[31m[ERROR] [1790605989.007605486, 47.801000000]: No path to next viewpoint[0m
[33m[WARN] [1790605989.007995264, 47.801000000]: Plan fail[0m
[31m[ERROR] [1790605989.031585053, 47.819000000]: No path to next viewpoint[0m
[33m[WARN] [1790605989.032542281, 47.828000000]: Plan fail[0m
[31m[ERROR] [1790605989.052777144, 47.846000000]: Larger cost after reallocation[0m
[31m[ERROR] [1790605989.058729327, 47.846000000]: No path to next viewpoint[0m
[33m[WARN] [1790605989.059108599, 47.846000000]: Plan fail[0m
[31m[ERROR] [1790605989.083469649, 47.874000000]: No path to next viewpoint[0m
[33m[WARN] [1790605989.083861011, 47.874000000]: Plan fail[0m
[31m[ERROR] [1790605989.084862428, 47.874000000]: No path to next viewpoint[0m
[33m[WARN] [1790605989.085786390, 47.874000000]: Plan fail[0m
[33m[WARN] [1790605989.089320698, 47.874000000]: Pair opt 1 & 2[0m
[31m[ERROR] [1790605989.111323110, 47.901000000]: No path to next viewpoint[0m
[33m[WARN] [1790605989.111706969, 47.901000000]: Plan fail[0m
[31m[ERROR] [1790605989.137359747, 47.929000000]: No path to next viewpoint[0m
[33m[WARN] [1790605989.137665608, 47.929000000]: Plan fail[0m
[31m[ERROR] [1790605989.144416941, 47.938000000]: Larger cost after reallocation[0m
[31m[ERROR] [1790605989.162450161, 47.956000000]: No path to next viewpoint[0m
[33m[WARN] [1790605989.162771155, 47.956000000]: Plan fail[0m
[31m[ERROR] [1790605989.182145671, 47.975000000]: No path to next viewpoint[0m
[33m[WARN] [1790605989.182354984, 47.975000000]: Plan fail[0m
[33m[WARN] [1790605989.183450489, 47.975000000]: Pair opt 1 & 2[0m
[31m[ERROR] [1790605989.184445528, 47.975000000]: No path to next viewpoint[0m
[33m[WARN] [1790605989.185423892, 47.975000000]: Plan fail[0m
[31m[ERROR] [1790605989.209175721, 47.993000000]: No path to next viewpoint[0m
[33m[WARN] [1790605989.209545530, 47.993000000]: Plan fail[0m
[31m[ERROR] [1790605989.233734244, 48.020000000]: No path to next viewpoint[0m
[33m[WARN] [1790605989.234045608, 48.020000000]: Plan fail[0m
[31m[ERROR] [1790605989.257976275, 48.048000000]: No path to next viewpoint[0m
[33m[WARN] [1790605989.258273090, 48.048000000]: Plan fail[0m
[31m[ERROR] [1790605989.269585119, 48.048000000]: Larger cost after reallocation[0m
[31m[ERROR] [1790605989.283167948, 48.066000000]: No path to next viewpoint[0m
[33m[WARN] [1790605989.283463596, 48.066000000]: Plan fail[0m
[31m[ERROR] [1790605989.301070187, 48.084000000]: No path to next viewpoint[0m
[33m[WARN] [1790605989.301301844, 48.084000000]: Plan fail[0m
[31m[ERROR] [1790605989.301834777, 48.084000000]: No path to next viewpoint[0m
[33m[WARN] [1790605989.302005029, 48.084000000]: Plan fail[0m
[33m[WARN] [1790605989.305316142, 48.084000000]: Pair opt 1 & 2[0m
[31m[ERROR] [1790605989.318227636, 48.093000000]: No path to next viewpoint[0m
[33m[WARN] [1790605989.318557968, 48.103000000]: Plan fail[0m
[31m[ERROR] [1790605989.336533993, 48.103000000]: No path to next viewpoint[0m
[33m[WARN] [1790605989.336776823, 48.103000000]: Plan fail[0m
[31m[ERROR] [1790605989.361610483, 48.140999999]: No path to next viewpoint[0m
[31m[ERROR] [1790605989.361944942, 48.140999999]: Larger cost after reallocation[0m
[33m[WARN] [1790605989.361995551, 48.140999999]: Plan fail[0m
[31m[ERROR] [1790605989.384336132, 48.158999999]: No path to next viewpoint[0m
[33m[WARN] [1790605989.384608518, 48.158999999]: Plan fail[0m
[31m[ERROR] [1790605989.394904080, 48.167999999]: No path to next viewpoint[0m
[33m[WARN] [1790605989.395311409, 48.167999999]: Plan fail[0m
[33m[WARN] [1790605989.395761342, 48.167999999]: Pair opt 1 & 2[0m
[31m[ERROR] [1790605989.405141113, 48.185999999]: No path to next viewpoint[0m
[33m[WARN] [1790605989.406034976, 48.185999999]: Plan fail[0m
[31m[ERROR] [1790605989.424677334, 48.195000000]: No path to next viewpoint[0m
[33m[WARN] [1790605989.425379268, 48.195000000]: Plan fail[0m
[31m[ERROR] [1790605989.451108502, 48.222000000]: Larger cost after reallocation[0m
[31m[ERROR] [1790605989.467498401, 48.240000000]: No path to next viewpoint[0m
[33m[WARN] [1790605989.467852078, 48.240000000]: Plan fail[0m
[31m[ERROR] [1790605989.489046836, 48.258000000]: No path to next viewpoint[0m
[33m[WARN] [1790605989.491747853, 48.258000000]: Plan fail[0m
[33m[WARN] [1790605989.495298002, 48.258000000]: Pair opt 1 & 2[0m
[31m[ERROR] [1790605989.495350236, 48.258000000]: No path to next viewpoint[0m
[33m[WARN] [1790605989.495981302, 48.267000000]: Plan fail[0m
[31m[ERROR] [1790605989.518455325, 48.286000000]: No path to next viewpoint[0m
[33m[WARN] [1790605989.518607985, 48.286000000]: Plan fail[0m
[31m[ERROR] [1790605989.537242172, 48.304000000]: No path to next viewpoint[0m
[33m[WARN] [1790605989.537437936, 48.304000000]: Plan fail[0m
[31m[ERROR] [1790605989.546609520, 48.313000000]: Larger cost after reallocation[0m
[31m[ERROR] [1790605989.570716651, 48.331000000]: No path to next viewpoint[0m
[33m[WARN] [1790605989.570945098, 48.331000000]: Plan fail[0m
[31m[ERROR] [1790605989.582911245, 48.350000000]: No path to next viewpoint[0m
[33m[WARN] [1790605989.583437800, 48.350000000]: Plan fail[0m
[33m[WARN] [1790605989.584230863, 48.350000000]: Pair opt 1 & 2[0m
[31m[ERROR] [1790605989.595397860, 48.359000000]: No path to next viewpoint[0m
[33m[WARN] [1790605989.596026258, 48.359000000]: Plan fail[0m
[31m[ERROR] [1790605989.620940334, 48.386000000]: No path to next viewpoint[0m
[33m[WARN] [1790605989.621282921, 48.386000000]: Plan fail[0m
[31m[ERROR] [1790605989.634996942, 48.395000000]: Larger cost after reallocation[0m
[31m[ERROR] [1790605989.642160730, 48.404000000]: No path to next viewpoint[0m
[33m[WARN] [1790605989.642578856, 48.404000000]: Plan fail[0m
[31m[ERROR] [1790605989.685510227, 48.441000000]: No path to next viewpoint[0m
[33m[WARN] [1790605989.685956159, 48.441000000]: Plan fail[0m
[31m[ERROR] [1790605989.686628786, 48.441000000]: No path to next viewpoint[0m
[33m[WARN] [1790605989.687260852, 48.441000000]: Plan fail[0m
[33m[WARN] [1790605989.687993927, 48.441000000]: Pair opt 1 & 2[0m
[31m[ERROR] [1790605989.714654376, 48.468000000]: No path to next viewpoint[0m
[33m[WARN] [1790605989.715114522, 48.468000000]: Plan fail[0m
[31m[ERROR] [1790605989.740724154, 48.496000000]: No path to next viewpoint[0m
[31m[ERROR] [1790605989.740853552, 48.496000000]: Larger cost after reallocation[0m
[33m[WARN] [1790605989.741144030, 48.496000000]: Plan fail[0m
[31m[ERROR] [1790605989.764117386, 48.523000000]: No path to next viewpoint[0m
[33m[WARN] [1790605989.764528925, 48.523000000]: Plan fail[0m
[31m[ERROR] [1790605989.779161655, 48.533000000]: No path to next viewpoint[0m
[33m[WARN] [1790605989.779588785, 48.533000000]: Plan fail[0m
[33m[WARN] [1790605989.780347914, 48.533000000]: Pair opt 1 & 2[0m
[31m[ERROR] [1790605989.787109793, 48.542000000]: No path to next viewpoint[0m
[33m[WARN] [1790605989.787440000, 48.542000000]: Plan fail[0m
[31m[ERROR] [1790605989.810424779, 48.569000000]: No path to next viewpoint[0m
[33m[WARN] [1790605989.810580231, 48.569000000]: Plan fail[0m
[31m[ERROR] [1790605989.829374332, 48.587000000]: Larger cost after reallocation[0m
[31m[ERROR] [1790605989.834707581, 48.587000000]: No path to next viewpoint[0m
[33m[WARN] [1790605989.835133627, 48.587000000]: Plan fail[0m
[31m[ERROR] [1790605989.858284446, 48.615000000]: No path to next viewpoint[0m
[33m[WARN] [1790605989.859395252, 48.615000000]: Plan fail[0m
[31m[ERROR] [1790605989.866473789, 48.615000000]: No path to next viewpoint[0m
[33m[WARN] [1790605989.866734002, 48.615000000]: Plan fail[0m
[33m[WARN] [1790605989.867202612, 48.615000000]: Pair opt 1 & 2[0m
[31m[ERROR] [1790605989.880915631, 48.624000000]: No path to next viewpoint[0m
[33m[WARN] [1790605989.881220909, 48.624000000]: Plan fail[0m
[31m[ERROR] [1790605989.907146574, 48.651000000]: No path to next viewpoint[0m
[33m[WARN] [1790605989.907389195, 48.651000000]: Plan fail[0m
[31m[ERROR] [1790605989.917476653, 48.661000000]: Larger cost after reallocation[0m
[31m[ERROR] [1790605989.932168995, 48.679000000]: No path to next viewpoint[0m
[33m[WARN] [1790605989.932677791, 48.679000000]: Plan fail[0m
[31m[ERROR] [1790605989.953489067, 48.697000000]: No path to next viewpoint[0m
[33m[WARN] [1790605989.953808476, 48.697000000]: Plan fail[0m
[31m[ERROR] [1790605989.965518287, 48.715000000]: No path to next viewpoint[0m
[33m[WARN] [1790605989.966222055, 48.715000000]: Plan fail[0m
[33m[WARN] [1790605989.967247984, 48.715000000]: Pair opt 1 & 2[0m
[31m[ERROR] [1790605989.975109747, 48.715000000]: No path to next viewpoint[0m
[33m[WARN] [1790605989.975301759, 48.715000000]: Plan fail[0m
[31m[ERROR] [1790605990.006819510, 48.752000000]: No path to next viewpoint[0m
[33m[WARN] [1790605990.008549500, 48.752000000]: Plan fail[0m
[31m[ERROR] [1790605990.024010893, 48.770000000]: Larger cost after reallocation[0m
[31m[ERROR] [1790605990.037007180, 48.779000000]: No path to next viewpoint[0m
[33m[WARN] [1790605990.037357146, 48.779000000]: Plan fail[0m
[31m[ERROR] [1790605990.060397661, 48.798000000]: No path to next viewpoint[0m
[33m[WARN] [1790605990.060896744, 48.798000000]: Plan fail[0m
[31m[ERROR] [1790605990.061229535, 48.807000000]: No path to next viewpoint[0m
[33m[WARN] [1790605990.061570872, 48.807000000]: Plan fail[0m
[33m[WARN] [1790605990.061943558, 48.807000000]: Pair opt 1 & 2[0m
[31m[ERROR] [1790605990.094505790, 48.834000000]: No path to next viewpoint[0m
[33m[WARN] [1790605990.095652655, 48.834000000]: Plan fail[0m
[31m[ERROR] [1790605990.121624718, 48.853000000]: Larger cost after reallocation[0m
[31m[ERROR] [1790605990.126225850, 48.862000000]: No path to next viewpoint[0m
[33m[WARN] [1790605990.126545677, 48.862000000]: Plan fail[0m
[31m[ERROR] [1790605990.149230097, 48.889000000]: No path to next viewpoint[0m
[31m[ERROR] [1790605990.149286083, 48.889000000]: No path to next viewpoint[0m
[33m[WARN] [1790605990.149667565, 48.889000000]: Plan fail[0m
[33m[WARN] [1790605990.149485641, 48.889000000]: Plan fail[0m
[33m[WARN] [1790605990.154405475, 48.898000000]: Pair opt 1 & 2[0m
[31m[ERROR] [1790605990.176240512, 48.917000000]: No path to next viewpoint[0m
[33m[WARN] [1790605990.176870493, 48.917000000]: Plan fail[0m
[31m[ERROR] [1790605990.199331552, 48.935000000]: No path to next viewpoint[0m
[33m[WARN] [1790605990.200110357, 48.935000000]: Plan fail[0m
[31m[ERROR] [1790605990.202182685, 48.944000000]: Larger cost after reallocation[0m
[31m[ERROR] [1790605990.224069498, 48.962000000]: No path to next viewpoint[0m
[33m[WARN] [1790605990.224529436, 48.962000000]: Plan fail[0m
[31m[ERROR] [1790605990.237523763, 48.971000000]: No path to next viewpoint[0m
[33m[WARN] [1790605990.237972154, 48.971000000]: Plan fail[0m
[33m[WARN] [1790605990.238404537, 48.971000000]: Pair opt 1 & 2[0m
[31m[ERROR] [1790605990.247012922, 48.981000000]: No path to next viewpoint[0m
[33m[WARN] [1790605990.247497247, 48.981000000]: Plan fail[0m
[31m[ERROR] [1790605990.272883768, 48.999000000]: No path to next viewpoint[0m
[33m[WARN] [1790605990.273800059, 48.999000000]: Plan fail[0m
[31m[ERROR] [1790605990.289874342, 49.026000000]: Larger cost after reallocation[0m
[31m[ERROR] [1790605990.298240315, 49.036000000]: No path to next viewpoint[0m
[33m[WARN] [1790605990.298565060, 49.036000000]: Plan fail[0m
[31m[ERROR] [1790605990.319806759, 49.054000000]: No path to next viewpoint[0m
[33m[WARN] [1790605990.320563220, 49.054000000]: Plan fail[0m
[31m[ERROR] [1790605990.323729928, 49.054000000]: No path to next viewpoint[0m
[33m[WARN] [1790605990.324239474, 49.054000000]: Plan fail[0m
[33m[WARN] [1790605990.324202581, 49.054000000]: Pair opt 1 & 2[0m
[31m[ERROR] [1790605990.349520734, 49.081000000]: No path to next viewpoint[0m
[33m[WARN] [1790605990.350334474, 49.081000000]: Plan fail[0m
[31m[ERROR] [1790605990.367409215, 49.100000000]: No path to next viewpoint[0m
[33m[WARN] [1790605990.367707531, 49.100000000]: Plan fail[0m
[31m[ERROR] [1790605990.377565874, 49.109000000]: Larger cost after reallocation[0m
[31m[ERROR] [1790605990.383462196, 49.109000000]: No path to next viewpoint[0m
[33m[WARN] [1790605990.383756927, 49.109000000]: Plan fail[0m
[31m[ERROR] [1790605990.401232076, 49.127000000]: No path to next viewpoint[0m
[33m[WARN] [1790605990.401417711, 49.127000000]: Plan fail[0m
[31m[ERROR] [1790605990.422321824, 49.145000000]: No path to next viewpoint[0m
[33m[WARN] [1790605990.422712061, 49.145000000]: Plan fail[0m
[31m[ERROR] [1790605990.422322533, 49.145000000]: No path to next viewpoint[0m
[33m[WARN] [1790605990.423282846, 49.145000000]: Plan fail[0m
[33m[WARN] [1790605990.424231862, 49.145000000]: Pair opt 1 & 2[0m
[31m[ERROR] [1790605990.444804060, 49.164000000]: No path to next viewpoint[0m
[33m[WARN] [1790605990.445361589, 49.164000000]: Plan fail[0m
[31m[ERROR] [1790605990.467466886, 49.182000000]: No path to next viewpoint[0m
[33m[WARN] [1790605990.467791381, 49.182000000]: Plan fail[0m
[33m[WARN] [1790605990.487092402, 49.200000000]: Drone 1 send opt request to 2, pair opt t: 0.055000, allocate t: 0.055000[0m
[31m[ERROR] [1790605990.505893214, 49.218000000]: No path to next viewpoint[0m
[33m[WARN] [1790605990.507552293, 49.218000000]: Plan fail[0m
[31m[ERROR] [1790605990.524354815, 49.228000000]: No path to next viewpoint[0m
[33m[WARN] [1790605990.524867780, 49.228000000]: Plan fail[0m
[31m[ERROR] [1790605990.526845560, 49.237000000]: No path to next viewpoint[0m
[33m[WARN] [1790605990.527166304, 49.237000000]: Plan fail[0m
[33m[WARN] [1790605990.529093850, 49.237000000]: get response 1[0m
[31m[ERROR] [1790605990.546371402, 49.255000000]: No path to next viewpoint[0m
[33m[WARN] [1790605990.546657128, 49.255000000]: Plan fail[0m
[31m[ERROR] [1790605990.572080666, 49.273000000]: No path to next viewpoint[0m
[33m[WARN] [1790605990.572428132, 49.283000000]: Plan fail[0m
[31m[ERROR] [1790605990.580368517, 49.283000000]: No path to next viewpoint[0m
[33m[WARN] [1790605990.580672127, 49.283000000]: Plan fail[0m
[31m[ERROR] [1790605990.594622473, 49.301000000]: No path to next viewpoint[0m
[33m[WARN] [1790605990.595215478, 49.301000000]: Plan fail[0m
[31m[ERROR] [1790605990.613365799, 49.319000000]: No path to next viewpoint[0m
[33m[WARN] [1790605990.613646022, 49.319000000]: Plan fail[0m
[31m[ERROR] [1790605990.630690540, 49.337000000]: No path to next viewpoint[0m
[33m[WARN] [1790605990.631118004, 49.337000000]: Plan fail[0m
[31m[ERROR] [1790605990.630940623, 49.337000000]: No path to next viewpoint[0m
[33m[WARN] [1790605990.632155856, 49.337000000]: Plan fail[0m
[31m[ERROR] [1790605990.653078187, 49.365000000]: No path to next viewpoint[0m
[33m[WARN] [1790605990.653598447, 49.365000000]: Plan fail[0m
[31m[ERROR] [1790605990.680862614, 49.383000000]: No path to next viewpoint[0m
[33m[WARN] [1790605990.681442320, 49.383000000]: Plan fail[0m
[31m[ERROR] [1790605990.689276235, 49.392000000]: No path to next viewpoint[0m
[33m[WARN] [1790605990.691026902, 49.392000000]: Plan fail[0m
[31m[ERROR] [1790605990.702778941, 49.411000000]: No path to next viewpoint[0m
[33m[WARN] [1790605990.703282026, 49.411000000]: Plan fail[0m
[31m[ERROR] [1790605990.731552738, 49.438000000]: No path to next viewpoint[0m
[33m[WARN] [1790605990.731974532, 49.438000000]: Plan fail[0m
[31m[ERROR] [1790605990.743171878, 49.447000000]: No path to next viewpoint[0m
[33m[WARN] [1790605990.743507170, 49.447000000]: Plan fail[0m
[31m[ERROR] [1790605990.750767299, 49.456000000]: No path to next viewpoint[0m
[33m[WARN] [1790605990.750969024, 49.456000000]: Plan fail[0m
[31m[ERROR] [1790605990.774193047, 49.475000000]: No path to next viewpoint[0m
[33m[WARN] [1790605990.774554186, 49.475000000]: Plan fail[0m
[31m[ERROR] [1790605990.791164737, 49.493000000]: No path to next viewpoint[0m
[33m[WARN] [1790605990.791350038, 49.493000000]: Plan fail[0m
[31m[ERROR] [1790605990.791570190, 49.493000000]: No path to next viewpoint[0m
[33m[WARN] [1790605990.792844327, 49.493000000]: Plan fail[0m
[31m[ERROR] [1790605990.812358454, 49.511000000]: No path to next viewpoint[0m
[33m[WARN] [1790605990.812865082, 49.511000000]: Plan fail[0m
[31m[ERROR] [1790605990.844419393, 49.539000000]: No path to next viewpoint[0m
[33m[WARN] [1790605990.844985634, 49.548000000]: Plan fail[0m
[31m[ERROR] [1790605990.852325594, 49.557000000]: No path to next viewpoint[0m
[33m[WARN] [1790605990.853452657, 49.557000000]: Plan fail[0m
[31m[ERROR] [1790605990.872772396, 49.575000000]: No path to next viewpoint[0m
[33m[WARN] [1790605990.875002343, 49.575000000]: Plan fail[0m
[31m[ERROR] [1790605990.909358263, 49.603000000]: No path to next viewpoint[0m
[33m[WARN] [1790605990.909684134, 49.603000000]: Plan fail[0m
[31m[ERROR] [1790605990.920097088, 49.612000000]: No path to next viewpoint[0m
[33m[WARN] [1790605990.921681963, 49.612000000]: Plan fail[0m
[31m[ERROR] [1790605990.966892849, 49.658000000]: No path to next viewpoint[0m
[33m[WARN] [1790605990.968199544, 49.658000000]: Plan fail[0m
[31m[ERROR] [1790605991.012619910, 49.694000000]: No path to next viewpoint[0m
[33m[WARN] [1790605991.013614115, 49.694000000]: Plan fail[0m
[31m[ERROR] [1790605991.026646753, 49.712000000]: No path to next viewpoint[0m
[33m[WARN] [1790605991.027384622, 49.712000000]: Plan fail[0m
[31m[ERROR] [1790605991.048143162, 49.731000000]: No path to next viewpoint[0m
[33m[WARN] [1790605991.048473703, 49.731000000]: Plan fail[0m
[31m[ERROR] [1790605991.066783103, 49.749000000]: No path to next viewpoint[0m
[33m[WARN] [1790605991.067012384, 49.749000000]: Plan fail[0m
[31m[ERROR] [1790605991.074615850, 49.758000000]: No path to next viewpoint[0m
[33m[WARN] [1790605991.075555528, 49.758000000]: Plan fail[0m
[33m[WARN] [1790605991.075930841, 49.758000000]: Pair opt 1 & 2[0m
[31m[ERROR] [1790605991.090785139, 49.777000000]: No path to next viewpoint[0m
[33m[WARN] [1790605991.091274968, 49.777000000]: Plan fail[0m
[31m[ERROR] [1790605991.109357838, 49.786000000]: No path to next viewpoint[0m
[33m[WARN] [1790605991.109659072, 49.786000000]: Plan fail[0m
[31m[ERROR] [1790605991.128112502, 49.804000000]: No path to next viewpoint[0m
[33m[WARN] [1790605991.128330069, 49.804000000]: Plan fail[0m
[33m[WARN] [1790605991.132335821, 49.804000000]: Drone 1 send opt request to 2, pair opt t: 0.046000, allocate t: 0.046000[0m
[31m[ERROR] [1790605991.141737520, 49.813000000]: No path to next viewpoint[0m
[33m[WARN] [1790605991.142097700, 49.813000000]: Plan fail[0m
[31m[ERROR] [1790605991.162156516, 49.831000000]: No path to next viewpoint[0m
[33m[WARN] [1790605991.162403014, 49.831000000]: Plan fail[0m
[31m[ERROR] [1790605991.180611488, 49.850000000]: No path to next viewpoint[0m
[33m[WARN] [1790605991.180865824, 49.850000000]: Plan fail[0m
[31m[ERROR] [1790605991.184759020, 49.850000000]: No path to next viewpoint[0m
[33m[WARN] [1790605991.185052958, 49.850000000]: Plan fail[0m
[33m[WARN] [1790605991.185574344, 49.850000000]: get response 1[0m
[31m[ERROR] [1790605991.200952029, 49.868000000]: No path to next viewpoint[0m
[33m[WARN] [1790605991.201147626, 49.868000000]: Plan fail[0m
[31m[ERROR] [1790605991.216362230, 49.886000000]: No path to next viewpoint[0m
[33m[WARN] [1790605991.216575503, 49.886000000]: Plan fail[0m
[31m[ERROR] [1790605991.230907791, 49.895000000]: No path to next viewpoint[0m
[33m[WARN] [1790605991.231279518, 49.895000000]: Plan fail[0m
[31m[ERROR] [1790605991.237099802, 49.904000000]: No path to next viewpoint[0m
[33m[WARN] [1790605991.237330000, 49.904000000]: Plan fail[0m
[31m[ERROR] [1790605991.245617434, 49.914000000]: No path to next viewpoint[0m
[33m[WARN] [1790605991.245894322, 49.914000000]: Plan fail[0m
[31m[ERROR] [1790605991.260461769, 49.932000000]: No path to next viewpoint[0m
[33m[WARN] [1790605991.260740533, 49.932000000]: Plan fail[0m
[31m[ERROR] [1790605991.272854879, 49.941000000]: No path to next viewpoint[0m
[33m[WARN] [1790605991.273106129, 49.941000000]: Plan fail[0m
[31m[ERROR] [1790605991.275514458, 49.941000000]: No path to next viewpoint[0m
[33m[WARN] [1790605991.275740404, 49.941000000]: Plan fail[0m
[31m[ERROR] [1790605991.287985274, 49.950000000]: No path to next viewpoint[0m
[33m[WARN] [1790605991.288283965, 49.950000000]: Plan fail[0m
[31m[ERROR] [1790605991.302175907, 49.968000000]: No path to next viewpoint[0m
[33m[WARN] [1790605991.302456964, 49.968000000]: Plan fail[0m
[31m[ERROR] [1790605991.316243396, 49.978000000]: No path to next viewpoint[0m
[33m[WARN] [1790605991.316535625, 49.978000000]: Plan fail[0m
[31m[ERROR] [1790605991.326984639, 49.987000000]: No path to next viewpoint[0m
[33m[WARN] [1790605991.327239683, 49.987000000]: Plan fail[0m
[31m[ERROR] [1790605991.332851154, 49.987000000]: No path to next viewpoint[0m
[33m[WARN] [1790605991.334038664, 49.996000000]: Plan fail[0m
[31m[ERROR] [1790605991.350587893, 50.005000000]: No path to next viewpoint[0m
[33m[WARN] [1790605991.350842228, 50.005000000]: Plan fail[0m
[31m[ERROR] [1790605991.377899833, 50.023000000]: No path to next viewpoint[0m
[33m[WARN] [1790605991.378487085, 50.023000000]: Plan fail[0m
[31m[ERROR] [1790605991.387481539, 50.033000000]: No path to next viewpoint[0m
[33m[WARN] [1790605991.387865230, 50.033000000]: Plan fail[0m
[31m[ERROR] [1790605991.403357848, 50.042000000]: No path to next viewpoint[0m
[33m[WARN] [1790605991.403917169, 50.051000000]: Plan fail[0m
[31m[ERROR] [1790605991.425842626, 50.069000000]: No path to next viewpoint[0m
[33m[WARN] [1790605991.426192218, 50.069000000]: Plan fail[0m
[31m[ERROR] [1790605991.434325324, 50.078000000]: No path to next viewpoint[0m
[33m[WARN] [1790605991.434525382, 50.078000000]: Plan fail[0m
[31m[ERROR] [1790605991.445949300, 50.087000000]: No path to next viewpoint[0m
[33m[WARN] [1790605991.446310188, 50.087000000]: Plan fail[0m
[31m[ERROR] [1790605991.465274958, 50.106000000]: No path to next viewpoint[0m
[33m[WARN] [1790605991.466074149, 50.106000000]: Plan fail[0m
[31m[ERROR] [1790605991.482058345, 50.124000000]: No path to next viewpoint[0m
[33m[WARN] [1790605991.482590819, 50.124000000]: Plan fail[0m
[31m[ERROR] [1790605991.485076687, 50.133000000]: No path to next viewpoint[0m
[33m[WARN] [1790605991.485513947, 50.133000000]: Plan fail[0m
[31m[ERROR] [1790605991.507074305, 50.151000000]: No path to next viewpoint[0m
[33m[WARN] [1790605991.507579266, 50.151000000]: Plan fail[0m
[31m[ERROR] [1790605991.526910385, 50.171999999]: No path to next viewpoint[0m
[31m[ERROR] [1790605991.526911052, 50.171999999]: No path to next viewpoint[0m
[33m[WARN] [1790605991.527414845, 50.171999999]: Plan fail[0m
[33m[WARN] [1790605991.527203573, 50.171999999]: Plan fail[0m
[31m[ERROR] [1790605991.547860105, 50.189999999]: No path to next viewpoint[0m
[33m[WARN] [1790605991.548147123, 50.189999999]: Plan fail[0m
[31m[ERROR] [1790605991.565692808, 50.207999999]: No path to next viewpoint[0m
[33m[WARN] [1790605991.566151412, 50.207999999]: Plan fail[0m
[31m[ERROR] [1790605991.568388614, 50.207999999]: No path to next viewpoint[0m
[33m[WARN] [1790605991.569454980, 50.207999999]: Plan fail[0m
[31m[ERROR] [1790605991.593708642, 50.234999999]: No path to next viewpoint[0m
[33m[WARN] [1790605991.594203515, 50.234999999]: Plan fail[0m
[31m[ERROR] [1790605991.614740195, 50.253000000]: No path to next viewpoint[0m
[33m[WARN] [1790605991.615190336, 50.253000000]: Plan fail[0m
[31m[ERROR] [1790605991.619959303, 50.262000000]: No path to next viewpoint[0m
[33m[WARN] [1790605991.620206593, 50.262000000]: Plan fail[0m
[31m[ERROR] [1790605991.632958716, 50.271000000]: No path to next viewpoint[0m
[33m[WARN] [1790605991.633463343, 50.271000000]: Plan fail[0m
[31m[ERROR] [1790605991.654874168, 50.298000000]: No path to next viewpoint[0m
[33m[WARN] [1790605991.655278120, 50.298000000]: Plan fail[0m
[31m[ERROR] [1790605991.681025863, 50.325000000]: No path to next viewpoint[0m
[33m[WARN] [1790605991.681521610, 50.325000000]: Plan fail[0m
[31m[ERROR] [1790605991.683054043, 50.325000000]: No path to next viewpoint[0m
[33m[WARN] [1790605991.684112405, 50.325000000]: Plan fail[0m
[31m[ERROR] [1790605991.705668052, 50.343000000]: No path to next viewpoint[0m
[33m[WARN] [1790605991.705956363, 50.343000000]: Plan fail[0m
[31m[ERROR] [1790605991.722008885, 50.362000000]: No path to next viewpoint[0m
[33m[WARN] [1790605991.722289984, 50.362000000]: Plan fail[0m
[31m[ERROR] [1790605991.723918923, 50.362000000]: No path to next viewpoint[0m
[33m[WARN] [1790605991.724725618, 50.362000000]: Plan fail[0m
[33m[WARN] [1790605991.725191351, 50.362000000]: Pair opt 1 & 2[0m
[31m[ERROR] [1790605991.737792732, 50.380000000]: No path to next viewpoint[0m
[33m[WARN] [1790605991.738313367, 50.380000000]: Plan fail[0m
[31m[ERROR] [1790605991.754045146, 50.398000000]: No path to next viewpoint[0m
[33m[WARN] [1790605991.754736283, 50.398000000]: Plan fail[0m
[33m[WARN] [1790605991.764707182, 50.408000000]: Drone 1 send opt request to 2, pair opt t: 0.046000, allocate t: 0.036000[0m
[31m[ERROR] [1790605991.779106087, 50.417000000]: No path to next viewpoint[0m
[33m[WARN] [1790605991.779477272, 50.417000000]: Plan fail[0m
[31m[ERROR] [1790605991.817414481, 50.453000000]: No path to next viewpoint[0m
[33m[WARN] [1790605991.817886217, 50.453000000]: Plan fail[0m
[31m[ERROR] [1790605991.823291668, 50.453000000]: No path to next viewpoint[0m
[33m[WARN] [1790605991.824728928, 50.453000000]: Plan fail[0m
[33m[WARN] [1790605991.827823433, 50.462000000]: Pair opt 1 & 2[0m
[31m[ERROR] [1790605991.850155302, 50.490000000]: No path to next viewpoint[0m
[33m[WARN] [1790605991.851303751, 50.490000000]: Plan fail[0m
[31m[ERROR] [1790605991.879862356, 50.517000000]: No path to next viewpoint[0m
[33m[WARN] [1790605991.880283150, 50.517000000]: Plan fail[0m
[31m[ERROR] [1790605991.885246422, 50.517000000]: Larger cost after reallocation[0m
[33m[WARN] [1790605991.885848723, 50.517000000]: get response 1[0m
[31m[ERROR] [1790605991.907992331, 50.545000000]: No path to next viewpoint[0m
[33m[WARN] [1790605991.908519678, 50.545000000]: Plan fail[0m
[31m[ERROR] [1790605991.922325994, 50.554000000]: No path to next viewpoint[0m
[33m[WARN] [1790605991.922821992, 50.554000000]: Plan fail[0m
[31m[ERROR] [1790605991.933312276, 50.563000000]: No path to next viewpoint[0m
[33m[WARN] [1790605991.933784596, 50.563000000]: Plan fail[0m
[31m[ERROR] [1790605991.955830154, 50.590000000]: No path to next viewpoint[0m
[33m[WARN] [1790605991.956297346, 50.590000000]: Plan fail[0m
[31m[ERROR] [1790605991.956898063, 50.590000000]: No path to next viewpoint[0m
[33m[WARN] [1790605991.958550847, 50.590000000]: Plan fail[0m
[31m[ERROR] [1790605991.989839776, 50.627000000]: No path to next viewpoint[0m
[33m[WARN] [1790605991.990871583, 50.627000000]: Plan fail[0m
[31m[ERROR] [1790605991.994514862, 50.627000000]: No path to next viewpoint[0m
[33m[WARN] [1790605991.996024492, 50.627000000]: Plan fail[0m
[31m[ERROR] [1790605992.015791662, 50.645000000]: No path to next viewpoint[0m
[33m[WARN] [1790605992.016243429, 50.645000000]: Plan fail[0m
[31m[ERROR] [1790605992.035051662, 50.664000000]: No path to next viewpoint[0m
[33m[WARN] [1790605992.035473998, 50.664000000]: Plan fail[0m
[31m[ERROR] [1790605992.038672680, 50.664000000]: No path to next viewpoint[0m
[33m[WARN] [1790605992.038877783, 50.664000000]: Plan fail[0m
[31m[ERROR] [1790605992.060492668, 50.682000000]: No path to next viewpoint[0m
[33m[WARN] [1790605992.060822083, 50.682000000]: Plan fail[0m
[31m[ERROR] [1790605992.070241540, 50.691000000]: No path to next viewpoint[0m
[33m[WARN] [1790605992.071388530, 50.691000000]: Plan fail[0m
[31m[ERROR] [1790605992.082444638, 50.709000000]: No path to next viewpoint[0m
[33m[WARN] [1790605992.083035475, 50.709000000]: Plan fail[0m
[31m[ERROR] [1790605992.106306563, 50.728000000]: No path to next viewpoint[0m
[33m[WARN] [1790605992.106679083, 50.728000000]: Plan fail[0m
[31m[ERROR] [1790605992.106864717, 50.728000000]: No path to next viewpoint[0m
[33m[WARN] [1790605992.108481817, 50.728000000]: Plan fail[0m
[31m[ERROR] [1790605992.131244401, 50.755000000]: No path to next viewpoint[0m
[33m[WARN] [1790605992.131688832, 50.755000000]: Plan fail[0m
[31m[ERROR] [1790605992.141478182, 50.764000000]: No path to next viewpoint[0m
[33m[WARN] [1790605992.141656938, 50.764000000]: Plan fail[0m
[31m[ERROR] [1790605992.152249732, 50.773000000]: No path to next viewpoint[0m
[33m[WARN] [1790605992.152624294, 50.773000000]: Plan fail[0m
[31m[ERROR] [1790605992.177948116, 50.801000000]: No path to next viewpoint[0m
[33m[WARN] [1790605992.178600567, 50.801000000]: Plan fail[0m
[31m[ERROR] [1790605992.185095438, 50.810000000]: No path to next viewpoint[0m
[33m[WARN] [1790605992.185612530, 50.810000000]: Plan fail[0m
[31m[ERROR] [1790605992.215319793, 50.837000000]: No path to next viewpoint[0m
[33m[WARN] [1790605992.215684475, 50.837000000]: Plan fail[0m
[31m[ERROR] [1790605992.226110352, 50.846000000]: No path to next viewpoint[0m
[33m[WARN] [1790605992.226390284, 50.846000000]: Plan fail[0m
[31m[ERROR] [1790605992.244296566, 50.865000000]: No path to next viewpoint[0m
[33m[WARN] [1790605992.244539229, 50.865000000]: Plan fail[0m
[31m[ERROR] [1790605992.254412871, 50.874000000]: No path to next viewpoint[0m
[33m[WARN] [1790605992.255086791, 50.874000000]: Plan fail[0m
[31m[ERROR] [1790605992.265080494, 50.883000000]: No path to next viewpoint[0m
[33m[WARN] [1790605992.265405782, 50.883000000]: Plan fail[0m
[31m[ERROR] [1790605992.288902066, 50.911000000]: No path to next viewpoint[0m
[33m[WARN] [1790605992.289376845, 50.911000000]: Plan fail[0m
[31m[ERROR] [1790605992.289889768, 50.911000000]: No path to next viewpoint[0m
[33m[WARN] [1790605992.290655901, 50.911000000]: Plan fail[0m
[31m[ERROR] [1790605992.310405812, 50.929000000]: No path to next viewpoint[0m
[33m[WARN] [1790605992.310727265, 50.929000000]: Plan fail[0m
[31m[ERROR] [1790605992.322291044, 50.938000000]: No path to next viewpoint[0m
[33m[WARN] [1790605992.323422442, 50.938000000]: Plan fail[0m
[31m[ERROR] [1790605992.343100610, 50.956000000]: No path to next viewpoint[0m
[33m[WARN] [1790605992.343574347, 50.956000000]: Plan fail[0m
[31m[ERROR] [1790605992.359451239, 50.975000000]: No path to next viewpoint[0m
[33m[WARN] [1790605992.359847479, 50.975000000]: Plan fail[0m
[31m[ERROR] [1790605992.364110276, 50.984000000]: No path to next viewpoint[0m
[33m[WARN] [1790605992.364372324, 50.984000000]: Plan fail[0m
[31m[ERROR] [1790605992.385963155, 51.002000000]: No path to next viewpoint[0m
[33m[WARN] [1790605992.386628196, 51.002000000]: Plan fail[0m
[31m[ERROR] [1790605992.392302573, 51.002000000]: No path to next viewpoint[0m
[33m[WARN] [1790605992.392739042, 51.002000000]: Plan fail[0m
[31m[ERROR] [1790605992.416685092, 51.029000000]: No path to next viewpoint[0m
[33m[WARN] [1790605992.418046814, 51.029000000]: Plan fail[0m
[31m[ERROR] [1790605992.425388442, 51.039000000]: No path to next viewpoint[0m
[33m[WARN] [1790605992.425788516, 51.039000000]: Plan fail[0m
[33m[WARN] [1790605992.428768172, 51.039000000]: Pair opt 1 & 2[0m
[31m[ERROR] [1790605992.441721271, 51.057000000]: No path to next viewpoint[0m
[33m[WARN] [1790605992.442036345, 51.057000000]: Plan fail[0m
[31m[ERROR] [1790605992.463489483, 51.075000000]: No path to next viewpoint[0m
[33m[WARN] [1790605992.463906524, 51.075000000]: Plan fail[0m
[31m[ERROR] [1790605992.474872755, 51.084000000]: Larger cost after reallocation[0m
[31m[ERROR] [1790605992.483482557, 51.093000000]: No path to next viewpoint[0m
[33m[WARN] [1790605992.483733433, 51.093000000]: Plan fail[0m
[31m[ERROR] [1790605992.505456247, 51.121000000]: No path to next viewpoint[0m
[31m[ERROR] [1790605992.505611783, 51.121000000]: No path to next viewpoint[0m
[33m[WARN] [1790605992.505790998, 51.121000000]: Plan fail[0m
[33m[WARN] [1790605992.506020446, 51.121000000]: Plan fail[0m
[33m[WARN] [1790605992.508789204, 51.121000000]: Pair opt 1 & 2[0m
[31m[ERROR] [1790605992.525673726, 51.139000000]: No path to next viewpoint[0m
[33m[WARN] [1790605992.526355191, 51.139000000]: Plan fail[0m
[31m[ERROR] [1790605992.545364441, 51.158000000]: No path to next viewpoint[0m
[33m[WARN] [1790605992.545657129, 51.158000000]: Plan fail[0m
[31m[ERROR] [1790605992.563092468, 51.167000000]: No path to next viewpoint[0m
[33m[WARN] [1790605992.563399121, 51.167000000]: Plan fail[0m
[31m[ERROR] [1790605992.568641657, 51.176000000]: Larger cost after reallocation[0m
[31m[ERROR] [1790605992.583813031, 51.185000000]: No path to next viewpoint[0m
[33m[WARN] [1790605992.584185634, 51.185000000]: Plan fail[0m
[31m[ERROR] [1790605992.608198426, 51.212000000]: No path to next viewpoint[0m
[33m[WARN] [1790605992.608494491, 51.212000000]: Plan fail[0m
[33m[WARN] [1790605992.608712224, 51.212000000]: Pair opt 1 & 2[0m
[31m[ERROR] [1790605992.610423455, 51.212000000]: No path to next viewpoint[0m
[33m[WARN] [1790605992.610622971, 51.212000000]: Plan fail[0m
[31m[ERROR] [1790605992.634680452, 51.231000000]: No path to next viewpoint[0m
[33m[WARN] [1790605992.634950420, 51.231000000]: Plan fail[0m
[31m[ERROR] [1790605992.659405975, 51.249000000]: No path to next viewpoint[0m
[33m[WARN] [1790605992.659562887, 51.249000000]: Plan fail[0m
[31m[ERROR] [1790605992.673735428, 51.267000000]: Larger cost after reallocation[0m
[31m[ERROR] [1790605992.680762565, 51.267000000]: No path to next viewpoint[0m
[33m[WARN] [1790605992.680999392, 51.267000000]: Plan fail[0m
[31m[ERROR] [1790605992.697838140, 51.286000000]: No path to next viewpoint[0m
[33m[WARN] [1790605992.698061835, 51.286000000]: Plan fail[0m
[31m[ERROR] [1790605992.707911091, 51.295000000]: No path to next viewpoint[0m
[33m[WARN] [1790605992.708529191, 51.295000000]: Plan fail[0m
[33m[WARN] [1790605992.713431933, 51.304000000]: Pair opt 1 & 2[0m
[31m[ERROR] [1790605992.715984751, 51.304000000]: No path to next viewpoint[0m
[33m[WARN] [1790605992.716251717, 51.304000000]: Plan fail[0m
[31m[ERROR] [1790605992.736309575, 51.322000000]: No path to next viewpoint[0m
[33m[WARN] [1790605992.736692224, 51.322000000]: Plan fail[0m
[31m[ERROR] [1790605992.760963437, 51.340000000]: No path to next viewpoint[0m
[33m[WARN] [1790605992.761250497, 51.340000000]: Plan fail[0m
[31m[ERROR] [1790605992.764623349, 51.350000000]: Larger cost after reallocation[0m
[31m[ERROR] [1790605992.785222977, 51.368000000]: No path to next viewpoint[0m
[33m[WARN] [1790605992.785621635, 51.368000000]: Plan fail[0m
[31m[ERROR] [1790605992.802866670, 51.386000000]: No path to next viewpoint[0m
[33m[WARN] [1790605992.803051846, 51.386000000]: Plan fail[0m
[33m[WARN] [1790605992.803312351, 51.386000000]: Pair opt 1 & 2[0m
[31m[ERROR] [1790605992.805133803, 51.395000000]: No path to next viewpoint[0m
[33m[WARN] [1790605992.805559891, 51.395000000]: Plan fail[0m
[31m[ERROR] [1790605992.833329977, 51.415999999]: No path to next viewpoint[0m
[33m[WARN] [1790605992.833545752, 51.415999999]: Plan fail[0m
[31m[ERROR] [1790605992.857471375, 51.442999999]: Larger cost after reallocation[0m
[31m[ERROR] [1790605992.857687567, 51.442999999]: No path to next viewpoint[0m
[33m[WARN] [1790605992.858008560, 51.442999999]: Plan fail[0m
[31m[ERROR] [1790605992.882310830, 51.460999999]: No path to next viewpoint[0m
[33m[WARN] [1790605992.882600767, 51.460999999]: Plan fail[0m
[31m[ERROR] [1790605992.889399748, 51.469999999]: No path to next viewpoint[0m
[33m[WARN] [1790605992.889650248, 51.469999999]: Plan fail[0m
[33m[WARN] [1790605992.894276769, 51.469999999]: Pair opt 1 & 2[0m
[31m[ERROR] [1790605992.903015219, 51.478999999]: No path to next viewpoint[0m
[33m[WARN] [1790605992.903169463, 51.478999999]: Plan fail[0m
[31m[ERROR] [1790605992.921429380, 51.496999999]: No path to next viewpoint[0m
[33m[WARN] [1790605992.921669875, 51.496999999]: Plan fail[0m
[31m[ERROR] [1790605992.942836662, 51.524000000]: No path to next viewpoint[0m
[31m[ERROR] [1790605992.942852586, 51.524000000]: Larger cost after reallocation[0m
[33m[WARN] [1790605992.943177707, 51.524000000]: Plan fail[0m
[31m[ERROR] [1790605992.965032879, 51.542000000]: No path to next viewpoint[0m
[33m[WARN] [1790605992.965416362, 51.542000000]: Plan fail[0m
[31m[ERROR] [1790605992.983119209, 51.560000000]: No path to next viewpoint[0m
[33m[WARN] [1790605992.983737143, 51.560000000]: Plan fail[0m
[33m[WARN] [1790605992.984888344, 51.560000000]: Pair opt 1 & 2[0m
[31m[ERROR] [1790605992.990072268, 51.560000000]: No path to next viewpoint[0m
[33m[WARN] [1790605992.990767115, 51.560000000]: Plan fail[0m
[31m[ERROR] [1790605993.017870118, 51.587000000]: No path to next viewpoint[0m
[33m[WARN] [1790605993.018320593, 51.587000000]: Plan fail[0m
[31m[ERROR] [1790605993.042784319, 51.606000000]: Larger cost after reallocation[0m
[31m[ERROR] [1790605993.045867109, 51.615000000]: No path to next viewpoint[0m
[33m[WARN] [1790605993.046677389, 51.615000000]: Plan fail[0m
[31m[ERROR] [1790605993.076790313, 51.642000000]: No path to next viewpoint[0m
[33m[WARN] [1790605993.077052027, 51.642000000]: Plan fail[0m
[31m[ERROR] [1790605993.077604804, 51.642000000]: No path to next viewpoint[0m
[33m[WARN] [1790605993.077605054, 51.642000000]: Pair opt 1 & 2[0m
[33m[WARN] [1790605993.078092256, 51.642000000]: Plan fail[0m
[31m[ERROR] [1790605993.109371346, 51.670000000]: No path to next viewpoint[0m
[33m[WARN] [1790605993.111285177, 51.679000000]: Plan fail[0m
[31m[ERROR] [1790605993.137287005, 51.706000000]: Larger cost after reallocation[0m
[31m[ERROR] [1790605993.137797385, 51.706000000]: No path to next viewpoint[0m
[33m[WARN] [1790605993.139202295, 51.706000000]: Plan fail[0m
[31m[ERROR] [1790605993.166801005, 51.734000000]: No path to next viewpoint[0m
[33m[WARN] [1790605993.166960167, 51.734000000]: Plan fail[0m
[31m[ERROR] [1790605993.175889171, 51.734000000]: No path to next viewpoint[0m
[33m[WARN] [1790605993.176207997, 51.743000000]: Plan fail[0m
[33m[WARN] [1790605993.179325305, 51.743000000]: Pair opt 1 & 2[0m
[31m[ERROR] [1790605993.193040993, 51.752000000]: No path to next viewpoint[0m
[33m[WARN] [1790605993.193624701, 51.752000000]: Plan fail[0m
[31m[ERROR] [1790605993.213599934, 51.779000000]: No path to next viewpoint[0m
[33m[WARN] [1790605993.213957571, 51.779000000]: Plan fail[0m
[31m[ERROR] [1790605993.226032272, 51.789000000]: Larger cost after reallocation[0m
[31m[ERROR] [1790605993.232638115, 51.798000000]: No path to next viewpoint[0m
[33m[WARN] [1790605993.232853306, 51.798000000]: Plan fail[0m
[31m[ERROR] [1790605993.251616224, 51.807000000]: No path to next viewpoint[0m
[33m[WARN] [1790605993.252013465, 51.807000000]: Plan fail[0m
[31m[ERROR] [1790605993.254186842, 51.807000000]: No path to next viewpoint[0m
[33m[WARN] [1790605993.254338460, 51.807000000]: Plan fail[0m
[33m[WARN] [1790605993.254881023, 51.807000000]: Pair opt 1 & 2[0m
[31m[ERROR] [1790605993.272362634, 51.825000000]: No path to next viewpoint[0m
[33m[WARN] [1790605993.272631727, 51.825000000]: Plan fail[0m
[31m[ERROR] [1790605993.291147272, 51.843000000]: No path to next viewpoint[0m
[33m[WARN] [1790605993.291422326, 51.843000000]: Plan fail[0m
[31m[ERROR] [1790605993.305123506, 51.853000000]: Larger cost after reallocation[0m
[31m[ERROR] [1790605993.319440703, 51.871000000]: No path to next viewpoint[0m
[33m[WARN] [1790605993.319988352, 51.871000000]: Plan fail[0m
[31m[ERROR] [1790605993.339006523, 51.889000000]: No path to next viewpoint[0m
[33m[WARN] [1790605993.339207665, 51.889000000]: Plan fail[0m
[33m[WARN] [1790605993.342020029, 51.889000000]: Pair opt 1 & 2[0m
[31m[ERROR] [1790605993.343626206, 51.889000000]: No path to next viewpoint[0m
[33m[WARN] [1790605993.343897800, 51.889000000]: Plan fail[0m
[31m[ERROR] [1790605993.364382246, 51.908000000]: No path to next viewpoint[0m
[33m[WARN] [1790605993.364592434, 51.908000000]: Plan fail[0m
[31m[ERROR] [1790605993.385444355, 51.926000000]: No path to next viewpoint[0m
[33m[WARN] [1790605993.386193271, 51.926000000]: Plan fail[0m
[31m[ERROR] [1790605993.392791068, 51.935000000]: Larger cost after reallocation[0m
[31m[ERROR] [1790605993.410477574, 51.953000000]: No path to next viewpoint[0m
[33m[WARN] [1790605993.410723030, 51.953000000]: Plan fail[0m
[31m[ERROR] [1790605993.421366349, 51.962000000]: No path to next viewpoint[0m
[33m[WARN] [1790605993.421921209, 51.962000000]: Plan fail[0m
[33m[WARN] [1790605993.422366432, 51.962000000]: Pair opt 1 & 2[0m
[31m[ERROR] [1790605993.432496203, 51.971000000]: No path to next viewpoint[0m
[33m[WARN] [1790605993.433993784, 51.971000000]: Plan fail[0m
[31m[ERROR] [1790605993.456836450, 51.999000000]: No path to next viewpoint[0m
[33m[WARN] [1790605993.457735107, 51.999000000]: Plan fail[0m
[31m[ERROR] [1790605993.467411235, 52.008000000]: Larger cost after reallocation[0m
[31m[ERROR] [1790605993.483151226, 52.026000000]: No path to next viewpoint[0m
[33m[WARN] [1790605993.483424279, 52.026000000]: Plan fail[0m
[31m[ERROR] [1790605993.505809716, 52.045000000]: No path to next viewpoint[0m
[33m[WARN] [1790605993.506210458, 52.045000000]: Plan fail[0m
[33m[WARN] [1790605993.506964460, 52.045000000]: Pair opt 1 & 2[0m
[31m[ERROR] [1790605993.511932568, 52.054000000]: No path to next viewpoint[0m
[33m[WARN] [1790605993.512346441, 52.054000000]: Plan fail[0m
[31m[ERROR] [1790605993.535109609, 52.072000000]: No path to next viewpoint[0m
[33m[WARN] [1790605993.535607232, 52.072000000]: Plan fail[0m
[31m[ERROR] [1790605993.554409504, 52.090000000]: Larger cost after reallocation[0m
[31m[ERROR] [1790605993.556302950, 52.100000000]: No path to next viewpoint[0m
[33m[WARN] [1790605993.556948606, 52.100000000]: Plan fail[0m
[31m[ERROR] [1790605993.579105346, 52.118000000]: No path to next viewpoint[0m
[33m[WARN] [1790605993.579359306, 52.118000000]: Plan fail[0m
[31m[ERROR] [1790605993.588647990, 52.127000000]: No path to next viewpoint[0m
[33m[WARN] [1790605993.588943095, 52.127000000]: Plan fail[0m
[33m[WARN] [1790605993.589228947, 52.127000000]: Pair opt 1 & 2[0m
[31m[ERROR] [1790605993.597581913, 52.136000000]: No path to next viewpoint[0m
[33m[WARN] [1790605993.598810485, 52.136000000]: Plan fail[0m
[31m[ERROR] [1790605993.621410738, 52.164000000]: No path to next viewpoint[0m
[33m[WARN] [1790605993.621726187, 52.164000000]: Plan fail[0m
[31m[ERROR] [1790605993.639622923, 52.173000000]: No path to next viewpoint[0m
[33m[WARN] [1790605993.639983228, 52.173000000]: Plan fail[0m
[31m[ERROR] [1790605993.641094158, 52.182000000]: Larger cost after reallocation[0m
[31m[ERROR] [1790605993.663327561, 52.200000000]: No path to next viewpoint[0m
[33m[WARN] [1790605993.663915063, 52.200000000]: Plan fail[0m
[31m[ERROR] [1790605993.676477216, 52.200000000]: No path to next viewpoint[0m
[33m[WARN] [1790605993.677139338, 52.200000000]: Plan fail[0m
[33m[WARN] [1790605993.677516860, 52.200000000]: Pair opt 1 & 2[0m
[31m[ERROR] [1790605993.689517774, 52.218000000]: No path to next viewpoint[0m
[33m[WARN] [1790605993.689831681, 52.218000000]: Plan fail[0m
[31m[ERROR] [1790605993.713283234, 52.237000000]: No path to next viewpoint[0m
[33m[WARN] [1790605993.713532651, 52.237000000]: Plan fail[0m
[31m[ERROR] [1790605993.725178179, 52.246000000]: Larger cost after reallocation[0m
[31m[ERROR] [1790605993.739546735, 52.255000000]: No path to next viewpoint[0m
[33m[WARN] [1790605993.739899286, 52.255000000]: Plan fail[0m
[31m[ERROR] [1790605993.753628188, 52.273000000]: No path to next viewpoint[0m
[33m[WARN] [1790605993.753905994, 52.273000000]: Plan fail[0m
[33m[WARN] [1790605993.760625185, 52.283000000]: Pair opt 1 & 2[0m
[31m[ERROR] [1790605993.761951556, 52.283000000]: No path to next viewpoint[0m
[33m[WARN] [1790605993.762185257, 52.283000000]: Plan fail[0m
[31m[ERROR] [1790605993.784937043, 52.301000000]: No path to next viewpoint[0m
[33m[WARN] [1790605993.785339203, 52.301000000]: Plan fail[0m
[31m[ERROR] [1790605993.807415986, 52.328000000]: Larger cost after reallocation[0m
[31m[ERROR] [1790605993.808100244, 52.328000000]: No path to next viewpoint[0m
[33m[WARN] [1790605993.809451294, 52.328000000]: Plan fail[0m
[31m[ERROR] [1790605993.833103531, 52.347000000]: No path to next viewpoint[0m
[33m[WARN] [1790605993.833504315, 52.356000000]: Plan fail[0m
[31m[ERROR] [1790605993.839140507, 52.356000000]: No path to next viewpoint[0m
[33m[WARN] [1790605993.839451662, 52.356000000]: Plan fail[0m
[33m[WARN] [1790605993.840025366, 52.356000000]: Pair opt 1 & 2[0m
[31m[ERROR] [1790605993.855865115, 52.374000000]: No path to next viewpoint[0m
[33m[WARN] [1790605993.856146005, 52.374000000]: Plan fail[0m
[31m[ERROR] [1790605993.898400830, 52.411000000]: No path to next viewpoint[0m
[33m[WARN] [1790605993.899319873, 52.411000000]: Plan fail[0m
[31m[ERROR] [1790605993.910188346, 52.420000000]: Larger cost after reallocation[0m
[31m[ERROR] [1790605993.940375182, 52.447000000]: No path to next viewpoint[0m
[33m[WARN] [1790605993.940781218, 52.447000000]: Plan fail[0m
[31m[ERROR] [1790605993.945939546, 52.456000000]: No path to next viewpoint[0m
[33m[WARN] [1790605993.946375055, 52.456000000]: Plan fail[0m
[33m[WARN] [1790605993.951957012, 52.456000000]: Pair opt 1 & 2[0m
[31m[ERROR] [1790605993.972766453, 52.475000000]: No path to next viewpoint[0m
[33m[WARN] [1790605993.973232811, 52.475000000]: Plan fail[0m
[31m[ERROR] [1790605993.996180821, 52.502000000]: No path to next viewpoint[0m
[33m[WARN] [1790605993.996463295, 52.502000000]: Plan fail[0m
[31m[ERROR] [1790605994.002113703, 52.502000000]: Larger cost after reallocation[0m
[31m[ERROR] [1790605994.018904886, 52.520000000]: No path to next viewpoint[0m
[33m[WARN] [1790605994.019217584, 52.520000000]: Plan fail[0m
[31m[ERROR] [1790605994.034570715, 52.539000000]: No path to next viewpoint[0m
[33m[WARN] [1790605994.035371031, 52.539000000]: Plan fail[0m
[33m[WARN] [1790605994.036062544, 52.539000000]: Pair opt 1 & 2[0m
[31m[ERROR] [1790605994.040403254, 52.539000000]: No path to next viewpoint[0m
[33m[WARN] [1790605994.040879659, 52.539000000]: Plan fail[0m
[31m[ERROR] [1790605994.066881279, 52.566000000]: No path to next viewpoint[0m
[33m[WARN] [1790605994.067319414, 52.566000000]: Plan fail[0m
[31m[ERROR] [1790605994.087907495, 52.584000000]: Larger cost after reallocation[0m
[31m[ERROR] [1790605994.091552608, 52.593000000]: No path to next viewpoint[0m
[33m[WARN] [1790605994.092980280, 52.593000000]: Plan fail[0m
[31m[ERROR] [1790605994.124118216, 52.621000000]: No path to next viewpoint[0m
[33m[WARN] [1790605994.124423535, 52.621000000]: Plan fail[0m
[31m[ERROR] [1790605994.133602789, 52.630000000]: No path to next viewpoint[0m
[33m[WARN] [1790605994.134435872, 52.630000000]: Plan fail[0m
[33m[WARN] [1790605994.135142809, 52.639000000]: Pair opt 1 & 2[0m
[31m[ERROR] [1790605994.147884969, 52.648000000]: No path to next viewpoint[0m
[33m[WARN] [1790605994.148154812, 52.648000000]: Plan fail[0m
[31m[ERROR] [1790605994.175600027, 52.676000000]: No path to next viewpoint[0m
[33m[WARN] [1790605994.176084895, 52.676000000]: Plan fail[0m
[31m[ERROR] [1790605994.187037910, 52.685000000]: Larger cost after reallocation[0m
[31m[ERROR] [1790605994.198736048, 52.694000000]: No path to next viewpoint[0m
[33m[WARN] [1790605994.199104649, 52.694000000]: Plan fail[0m
[31m[ERROR] [1790605994.220929014, 52.721000000]: No path to next viewpoint[0m
[33m[WARN] [1790605994.221647498, 52.721000000]: Plan fail[0m
[31m[ERROR] [1790605994.225015681, 52.721000000]: No path to next viewpoint[0m
[33m[WARN] [1790605994.226213363, 52.721000000]: Plan fail[0m
[33m[WARN] [1790605994.226546863, 52.721000000]: Pair opt 1 & 2[0m
[31m[ERROR] [1790605994.245829958, 52.749000000]: No path to next viewpoint[0m
[33m[WARN] [1790605994.246301194, 52.749000000]: Plan fail[0m
[31m[ERROR] [1790605994.264365346, 52.767000000]: Larger cost after reallocation[0m
[31m[ERROR] [1790605994.268544435, 52.767000000]: No path to next viewpoint[0m
[33m[WARN] [1790605994.268882687, 52.767000000]: Plan fail[0m
[31m[ERROR] [1790605994.294659319, 52.795000000]: No path to next viewpoint[0m
[33m[WARN] [1790605994.294968015, 52.795000000]: Plan fail[0m
[31m[ERROR] [1790605994.300253657, 52.795000000]: No path to next viewpoint[0m
[33m[WARN] [1790605994.301674533, 52.795000000]: Plan fail[0m
[33m[WARN] [1790605994.302286339, 52.795000000]: Pair opt 1 & 2[0m
[31m[ERROR] [1790605994.323654935, 52.813000000]: No path to next viewpoint[0m
[33m[WARN] [1790605994.324217049, 52.813000000]: Plan fail[0m
[31m[ERROR] [1790605994.350778823, 52.834000000]: No path to next viewpoint[0m
[33m[WARN] [1790605994.351155720, 52.834000000]: Plan fail[0m
[31m[ERROR] [1790605994.359575469, 52.844000000]: Larger cost after reallocation[0m
[31m[ERROR] [1790605994.379131201, 52.871000000]: No path to next viewpoint[0m
[33m[WARN] [1790605994.379358523, 52.871000000]: Plan fail[0m
[31m[ERROR] [1790605994.397844886, 52.889000000]: No path to next viewpoint[0m
[33m[WARN] [1790605994.398206900, 52.889000000]: Plan fail[0m
[33m[WARN] [1790605994.401832587, 52.889000000]: Pair opt 1 & 2[0m
[31m[ERROR] [1790605994.403341842, 52.889000000]: No path to next viewpoint[0m
[33m[WARN] [1790605994.404139490, 52.889000000]: Plan fail[0m
[31m[ERROR] [1790605994.430255000, 52.917000000]: No path to next viewpoint[0m
[33m[WARN] [1790605994.430552482, 52.917000000]: Plan fail[0m
[31m[ERROR] [1790605994.452820777, 52.944000000]: No path to next viewpoint[0m
[33m[WARN] [1790605994.453050767, 52.944000000]: Plan fail[0m
[31m[ERROR] [1790605994.459830238, 52.953000000]: Larger cost after reallocation[0m
[31m[ERROR] [1790605994.478291589, 52.962000000]: No path to next viewpoint[0m
[33m[WARN] [1790605994.478707506, 52.962000000]: Plan fail[0m
[31m[ERROR] [1790605994.489127630, 52.971000000]: No path to next viewpoint[0m
[33m[WARN] [1790605994.490174695, 52.971000000]: Plan fail[0m
[33m[WARN] [1790605994.490619542, 52.971000000]: Pair opt 1 & 2[0m
[31m[ERROR] [1790605994.499791626, 52.981000000]: No path to next viewpoint[0m
[33m[WARN] [1790605994.500121541, 52.981000000]: Plan fail[0m
[31m[ERROR] [1790605994.526369241, 53.008000000]: No path to next viewpoint[0m
[33m[WARN] [1790605994.526611112, 53.008000000]: Plan fail[0m
[31m[ERROR] [1790605994.544081718, 53.026000000]: Larger cost after reallocation[0m
[31m[ERROR] [1790605994.556105227, 53.036000000]: No path to next viewpoint[0m
[33m[WARN] [1790605994.556898040, 53.036000000]: Plan fail[0m
[31m[ERROR] [1790605994.575864477, 53.054000000]: No path to next viewpoint[0m
[33m[WARN] [1790605994.576253838, 53.054000000]: Plan fail[0m
[33m[WARN] [1790605994.579831876, 53.063000000]: Pair opt 1 & 2[0m
[31m[ERROR] [1790605994.584211481, 53.063000000]: No path to next viewpoint[0m
[33m[WARN] [1790605994.584450476, 53.063000000]: Plan fail[0m
[31m[ERROR] [1790605994.610102921, 53.090000000]: No path to next viewpoint[0m
[33m[WARN] [1790605994.610345375, 53.090000000]: Plan fail[0m
[31m[ERROR] [1790605994.629144687, 53.109000000]: Larger cost after reallocation[0m
[31m[ERROR] [1790605994.638009659, 53.118000000]: No path to next viewpoint[0m
[33m[WARN] [1790605994.638529127, 53.118000000]: Plan fail[0m
[31m[ERROR] [1790605994.657480347, 53.136000000]: No path to next viewpoint[0m
[33m[WARN] [1790605994.658006485, 53.136000000]: Plan fail[0m
[33m[WARN] [1790605994.659584149, 53.136000000]: Pair opt 1 & 2[0m
[31m[ERROR] [1790605994.661466131, 53.136000000]: No path to next viewpoint[0m
[33m[WARN] [1790605994.662269658, 53.136000000]: Plan fail[0m
[31m[ERROR] [1790605994.690145130, 53.164000000]: No path to next viewpoint[0m
[33m[WARN] [1790605994.690442570, 53.164000000]: Plan fail[0m
[31m[ERROR] [1790605994.707545117, 53.182000000]: Larger cost after reallocation[0m
[31m[ERROR] [1790605994.714445357, 53.191000000]: No path to next viewpoint[0m
[33m[WARN] [1790605994.714741380, 53.191000000]: Plan fail[0m
[31m[ERROR] [1790605994.740425799, 53.209000000]: No path to next viewpoint[0m
[33m[WARN] [1790605994.741076958, 53.209000000]: Plan fail[0m
[31m[ERROR] [1790605994.741765010, 53.209000000]: No path to next viewpoint[0m
[33m[WARN] [1790605994.743144908, 53.209000000]: Plan fail[0m
[33m[WARN] [1790605994.743683511, 53.218000000]: Pair opt 1 & 2[0m
[31m[ERROR] [1790605994.773898486, 53.253000000]: No path to next viewpoint[0m
[33m[WARN] [1790605994.775494950, 53.253000000]: Plan fail[0m
[31m[ERROR] [1790605994.802615504, 53.271000000]: Larger cost after reallocation[0m
[31m[ERROR] [1790605994.806293717, 53.280000000]: No path to next viewpoint[0m
[33m[WARN] [1790605994.807065394, 53.280000000]: Plan fail[0m
[31m[ERROR] [1790605994.828722009, 53.298000000]: No path to next viewpoint[0m
[33m[WARN] [1790605994.829227678, 53.298000000]: Plan fail[0m
[31m[ERROR] [1790605994.837007858, 53.307000000]: No path to next viewpoint[0m
[33m[WARN] [1790605994.837254523, 53.307000000]: Plan fail[0m
[33m[WARN] [1790605994.839492183, 53.307000000]: Pair opt 1 & 2[0m
[31m[ERROR] [1790605994.856052042, 53.325000000]: No path to next viewpoint[0m
[33m[WARN] [1790605994.856462330, 53.325000000]: Plan fail[0m
[31m[ERROR] [1790605994.877822797, 53.343000000]: No path to next viewpoint[0m
[33m[WARN] [1790605994.878340014, 53.343000000]: Plan fail[0m
[31m[ERROR] [1790605994.899034856, 53.371000000]: Larger cost after reallocation[0m
[31m[ERROR] [1790605994.901472199, 53.371000000]: No path to next viewpoint[0m
[33m[WARN] [1790605994.901795527, 53.371000000]: Plan fail[0m
[31m[ERROR] [1790605994.921556945, 53.389000000]: No path to next viewpoint[0m
[33m[WARN] [1790605994.922339211, 53.389000000]: Plan fail[0m
[31m[ERROR] [1790605994.932519465, 53.408000000]: No path to next viewpoint[0m
[33m[WARN] [1790605994.932769840, 53.408000000]: Plan fail[0m
[33m[WARN] [1790605994.933688049, 53.408000000]: Pair opt 1 & 2[0m
[31m[ERROR] [1790605994.950460514, 53.417000000]: No path to next viewpoint[0m
[33m[WARN] [1790605994.950945965, 53.417000000]: Plan fail[0m
[31m[ERROR] [1790605994.976685454, 53.444000000]: No path to next viewpoint[0m
[33m[WARN] [1790605994.977739314, 53.444000000]: Plan fail[0m
[31m[ERROR] [1790605994.986539545, 53.453000000]: Larger cost after reallocation[0m
[31m[ERROR] [1790605995.004109659, 53.472000000]: No path to next viewpoint[0m
[33m[WARN] [1790605995.004390633, 53.472000000]: Plan fail[0m
[31m[ERROR] [1790605995.017195532, 53.481000000]: No path to next viewpoint[0m
[33m[WARN] [1790605995.017413599, 53.481000000]: Plan fail[0m
[33m[WARN] [1790605995.020677480, 53.481000000]: Pair opt 1 & 2[0m
[31m[ERROR] [1790605995.027734424, 53.490000000]: No path to next viewpoint[0m
[33m[WARN] [1790605995.028175561, 53.490000000]: Plan fail[0m
[31m[ERROR] [1790605995.056437143, 53.526000000]: No path to next viewpoint[0m
[33m[WARN] [1790605995.056791278, 53.526000000]: Plan fail[0m
[31m[ERROR] [1790605995.064689142, 53.526000000]: Larger cost after reallocation[0m
[31m[ERROR] [1790605995.085245290, 53.554000000]: No path to next viewpoint[0m
[33m[WARN] [1790605995.085715775, 53.554000000]: Plan fail[0m
[31m[ERROR] [1790605995.099575243, 53.563000000]: No path to next viewpoint[0m
[33m[WARN] [1790605995.100330579, 53.563000000]: Plan fail[0m
[33m[WARN] [1790605995.100855383, 53.563000000]: Pair opt 1 & 2[0m
[31m[ERROR] [1790605995.105397861, 53.572000000]: No path to next viewpoint[0m
[33m[WARN] [1790605995.106497202, 53.572000000]: Plan fail[0m
[31m[ERROR] [1790605995.128378471, 53.590000000]: No path to next viewpoint[0m
[33m[WARN] [1790605995.128637183, 53.590000000]: Plan fail[0m
[31m[ERROR] [1790605995.151526664, 53.609000000]: No path to next viewpoint[0m
[33m[WARN] [1790605995.151839487, 53.609000000]: Plan fail[0m
[31m[ERROR] [1790605995.152403436, 53.609000000]: Larger cost after reallocation[0m
[31m[ERROR] [1790605995.173213794, 53.627000000]: No path to next viewpoint[0m
[33m[WARN] [1790605995.173665436, 53.627000000]: Plan fail[0m
[31m[ERROR] [1790605995.190518150, 53.636000000]: No path to next viewpoint[0m
[33m[WARN] [1790605995.190814840, 53.636000000]: Plan fail[0m
[33m[WARN] [1790605995.191510021, 53.636000000]: Pair opt 1 & 2[0m
[31m[ERROR] [1790605995.193111863, 53.636000000]: No path to next viewpoint[0m
[33m[WARN] [1790605995.193671101, 53.636000000]: Plan fail[0m
[31m[ERROR] [1790605995.214605438, 53.664000000]: No path to next viewpoint[0m
[33m[WARN] [1790605995.214882535, 53.664000000]: Plan fail[0m
[31m[ERROR] [1790605995.233418881, 53.682000000]: No path to next viewpoint[0m
[33m[WARN] [1790605995.233574376, 53.682000000]: Plan fail[0m
[31m[ERROR] [1790605995.238806699, 53.691000000]: Larger cost after reallocation[0m
[31m[ERROR] [1790605995.250129524, 53.700000000]: No path to next viewpoint[0m
[33m[WARN] [1790605995.250375772, 53.700000000]: Plan fail[0m
[31m[ERROR] [1790605995.268050814, 53.709000000]: No path to next viewpoint[0m
[33m[WARN] [1790605995.268288766, 53.709000000]: Plan fail[0m
[33m[WARN] [1790605995.268588082, 53.718000000]: Pair opt 1 & 2[0m
[31m[ERROR] [1790605995.268831120, 53.718000000]: No path to next viewpoint[0m
[33m[WARN] [1790605995.269073867, 53.718000000]: Plan fail[0m
[31m[ERROR] [1790605995.286245990, 53.728000000]: No path to next viewpoint[0m
[33m[WARN] [1790605995.286439128, 53.728000000]: Plan fail[0m
[31m[ERROR] [1790605995.304936331, 53.746000000]: No path to next viewpoint[0m
[33m[WARN] [1790605995.305132095, 53.746000000]: Plan fail[0m
[31m[ERROR] [1790605995.319855120, 53.764000000]: Larger cost after reallocation[0m
[31m[ERROR] [1790605995.334119081, 53.773000000]: No path to next viewpoint[0m
[33m[WARN] [1790605995.334415855, 53.773000000]: Plan fail[0m
[31m[ERROR] [1790605995.355249808, 53.792000000]: No path to next viewpoint[0m
[33m[WARN] [1790605995.357218959, 53.792000000]: Plan fail[0m
[31m[ERROR] [1790605995.355596606, 53.792000000]: No path to next viewpoint[0m
[33m[WARN] [1790605995.358572677, 53.801000000]: Plan fail[0m
[33m[WARN] [1790605995.359603651, 53.801000000]: Pair opt 1 & 2[0m
[31m[ERROR] [1790605995.381819628, 53.819000000]: No path to next viewpoint[0m
[33m[WARN] [1790605995.382084052, 53.819000000]: Plan fail[0m
[31m[ERROR] [1790605995.403573124, 53.837000000]: No path to next viewpoint[0m
[33m[WARN] [1790605995.403884739, 53.837000000]: Plan fail[0m
[31m[ERROR] [1790605995.409088047, 53.837000000]: Larger cost after reallocation[0m
[31m[ERROR] [1790605995.426362388, 53.856000000]: No path to next viewpoint[0m
[33m[WARN] [1790605995.426744913, 53.856000000]: Plan fail[0m
[31m[ERROR] [1790605995.441055606, 53.874000000]: No path to next viewpoint[0m
[33m[WARN] [1790605995.441230444, 53.874000000]: Plan fail[0m
[33m[WARN] [1790605995.444528342, 53.874000000]: Pair opt 1 & 2[0m
[31m[ERROR] [1790605995.451455262, 53.883000000]: No path to next viewpoint[0m
[33m[WARN] [1790605995.451906988, 53.883000000]: Plan fail[0m
[31m[ERROR] [1790605995.471807683, 53.901000000]: No path to next viewpoint[0m
[33m[WARN] [1790605995.472131845, 53.901000000]: Plan fail[0m
[31m[ERROR] [1790605995.494139927, 53.920000000]: Larger cost after reallocation[0m
[31m[ERROR] [1790605995.498301298, 53.929000000]: No path to next viewpoint[0m
[33m[WARN] [1790605995.498649514, 53.929000000]: Plan fail[0m
[31m[ERROR] [1790605995.520145090, 53.956000000]: No path to next viewpoint[0m
[33m[WARN] [1790605995.521292997, 53.956000000]: Plan fail[0m
[31m[ERROR] [1790605995.531838308, 53.965000000]: No path to next viewpoint[0m
[33m[WARN] [1790605995.532180063, 53.965000000]: Plan fail[0m
[33m[WARN] [1790605995.532808001, 53.965000000]: Pair opt 1 & 2[0m
[31m[ERROR] [1790605995.544482627, 53.975000000]: No path to next viewpoint[0m
[33m[WARN] [1790605995.545016561, 53.975000000]: Plan fail[0m
[31m[ERROR] [1790605995.565746921, 53.993000000]: No path to next viewpoint[0m
[33m[WARN] [1790605995.566097179, 53.993000000]: Plan fail[0m
[31m[ERROR] [1790605995.589423878, 54.011000000]: Larger cost after reallocation[0m
[31m[ERROR] [1790605995.591844255, 54.020000000]: No path to next viewpoint[0m
[33m[WARN] [1790605995.592682799, 54.020000000]: Plan fail[0m
[31m[ERROR] [1790605995.619197508, 54.048000000]: No path to next viewpoint[0m
[33m[WARN] [1790605995.619516667, 54.048000000]: Plan fail[0m
[31m[ERROR] [1790605995.623598040, 54.048000000]: No path to next viewpoint[0m
[33m[WARN] [1790605995.623958095, 54.048000000]: Plan fail[0m
[33m[WARN] [1790605995.627478813, 54.057000000]: Pair opt 1 & 2[0m
[31m[ERROR] [1790605995.646303471, 54.075000000]: No path to next viewpoint[0m
[33m[WARN] [1790605995.646552762, 54.075000000]: Plan fail[0m
[31m[ERROR] [1790605995.663334607, 54.084000000]: No path to next viewpoint[0m
[33m[WARN] [1790605995.663482056, 54.084000000]: Plan fail[0m
[31m[ERROR] [1790605995.671101822, 54.093000000]: Larger cost after reallocation[0m
[31m[ERROR] [1790605995.685645340, 54.112000000]: No path to next viewpoint[0m
[33m[WARN] [1790605995.686848817, 54.112000000]: Plan fail[0m
[31m[ERROR] [1790605995.708027526, 54.130000000]: No path to next viewpoint[0m
[33m[WARN] [1790605995.708360317, 54.139000000]: Plan fail[0m
[31m[ERROR] [1790605995.708615736, 54.139000000]: No path to next viewpoint[0m
[33m[WARN] [1790605995.708824466, 54.139000000]: Pair opt 1 & 2[0m
[33m[WARN] [1790605995.709030777, 54.139000000]: Plan fail[0m
[31m[ERROR] [1790605995.731025978, 54.158000000]: No path to next viewpoint[0m
[33m[WARN] [1790605995.731389326, 54.158000000]: Plan fail[0m
[31m[ERROR] [1790605995.750067660, 54.176000000]: No path to next viewpoint[0m
[33m[WARN] [1790605995.750317660, 54.176000000]: Plan fail[0m
[31m[ERROR] [1790605995.765644945, 54.194000000]: Larger cost after reallocation[0m
[31m[ERROR] [1790605995.773516546, 54.194000000]: No path to next viewpoint[0m
[33m[WARN] [1790605995.774409242, 54.194000000]: Plan fail[0m
[31m[ERROR] [1790605995.796545971, 54.212000000]: No path to next viewpoint[0m
[33m[WARN] [1790605995.796844454, 54.212000000]: Plan fail[0m
[31m[ERROR] [1790605995.802115921, 54.222000000]: No path to next viewpoint[0m
[33m[WARN] [1790605995.802548221, 54.222000000]: Plan fail[0m
[33m[WARN] [1790605995.803416655, 54.222000000]: Pair opt 1 & 2[0m
[31m[ERROR] [1790605995.821640345, 54.240000000]: No path to next viewpoint[0m
[33m[WARN] [1790605995.821952710, 54.240000000]: Plan fail[0m
[31m[ERROR] [1790605995.844945742, 54.258000000]: No path to next viewpoint[0m
[33m[WARN] [1790605995.846609199, 54.258000000]: Plan fail[0m
[31m[ERROR] [1790605995.846660599, 54.267000000]: Larger cost after reallocation[0m
[31m[ERROR] [1790605995.868279612, 54.286000000]: No path to next viewpoint[0m
[33m[WARN] [1790605995.868520065, 54.286000000]: Plan fail[0m
[31m[ERROR] [1790605995.882531859, 54.295000000]: No path to next viewpoint[0m
[33m[WARN] [1790605995.882922263, 54.295000000]: Plan fail[0m
[33m[WARN] [1790605995.883453236, 54.295000000]: Pair opt 1 & 2[0m
[31m[ERROR] [1790605995.888968743, 54.304000000]: No path to next viewpoint[0m
[33m[WARN] [1790605995.889528314, 54.304000000]: Plan fail[0m
[31m[ERROR] [1790605995.912017553, 54.322000000]: No path to next viewpoint[0m
[33m[WARN] [1790605995.912238205, 54.322000000]: Plan fail[0m
[31m[ERROR] [1790605995.931732864, 54.350000000]: Larger cost after reallocation[0m
[31m[ERROR] [1790605995.936296020, 54.350000000]: No path to next viewpoint[0m
[33m[WARN] [1790605995.936791017, 54.350000000]: Plan fail[0m
[31m[ERROR] [1790605995.959117508, 54.377000000]: No path to next viewpoint[0m
[33m[WARN] [1790605995.960520501, 54.377000000]: Plan fail[0m
[31m[ERROR] [1790605995.966009828, 54.377000000]: No path to next viewpoint[0m
[33m[WARN] [1790605995.966465430, 54.377000000]: Plan fail[0m
[33m[WARN] [1790605995.967059435, 54.377000000]: Pair opt 1 & 2[0m
[31m[ERROR] [1790605995.989312181, 54.395000000]: No path to next viewpoint[0m
[33m[WARN] [1790605995.989630257, 54.395000000]: Plan fail[0m
[31m[ERROR] [1790605996.016878041, 54.423000000]: Larger cost after reallocation[0m
[31m[ERROR] [1790605996.020269360, 54.423000000]: No path to next viewpoint[0m
[33m[WARN] [1790605996.022638961, 54.423000000]: Plan fail[0m
[31m[ERROR] [1790605996.047202987, 54.450000000]: No path to next viewpoint[0m
[31m[ERROR] [1790605996.047230543, 54.450000000]: No path to next viewpoint[0m
[33m[WARN] [1790605996.047982085, 54.450000000]: Plan fail[0m
[33m[WARN] [1790605996.047556581, 54.450000000]: Plan fail[0m
[33m[WARN] [1790605996.051932017, 54.459000000]: Pair opt 1 & 2[0m
[31m[ERROR] [1790605996.071065871, 54.478000000]: No path to next viewpoint[0m
[33m[WARN] [1790605996.071420798, 54.478000000]: Plan fail[0m
[31m[ERROR] [1790605996.093481740, 54.496000000]: No path to next viewpoint[0m
[33m[WARN] [1790605996.094212980, 54.496000000]: Plan fail[0m
[31m[ERROR] [1790605996.105426876, 54.514000000]: Larger cost after reallocation[0m
[31m[ERROR] [1790605996.114319404, 54.514000000]: No path to next viewpoint[0m
[33m[WARN] [1790605996.114626015, 54.514000000]: Plan fail[0m
[31m[ERROR] [1790605996.137298387, 54.542000000]: No path to next viewpoint[0m
[33m[WARN] [1790605996.137530253, 54.542000000]: Plan fail[0m
[33m[WARN] [1790605996.138034547, 54.542000000]: Pair opt 1 & 2[0m
[31m[ERROR] [1790605996.138308642, 54.542000000]: No path to next viewpoint[0m
[33m[WARN] [1790605996.138482688, 54.542000000]: Plan fail[0m
[31m[ERROR] [1790605996.160026913, 54.560000000]: No path to next viewpoint[0m
[33m[WARN] [1790605996.160270701, 54.560000000]: Plan fail[0m
[31m[ERROR] [1790605996.187931900, 54.587000000]: No path to next viewpoint[0m
[33m[WARN] [1790605996.188257438, 54.587000000]: Plan fail[0m
[31m[ERROR] [1790605996.219381617, 54.615000000]: No path to next viewpoint[0m
[33m[WARN] [1790605996.219806704, 54.615000000]: Plan fail[0m
[31m[ERROR] [1790605996.238209776, 54.633000000]: Larger cost after reallocation[0m
[31m[ERROR] [1790605996.248408248, 54.642000000]: No path to next viewpoint[0m
[33m[WARN] [1790605996.248681510, 54.642000000]: Plan fail[0m
[31m[ERROR] [1790605996.277353130, 54.661000000]: No path to next viewpoint[0m
[33m[WARN] [1790605996.277908366, 54.661000000]: Plan fail[0m
[31m[ERROR] [1790605996.279251704, 54.661000000]: No path to next viewpoint[0m
[33m[WARN] [1790605996.279467812, 54.661000000]: Plan fail[0m
[33m[WARN] [1790605996.284661741, 54.661000000]: Pair opt 1 & 2[0m
[31m[ERROR] [1790605996.307993526, 54.679000000]: No path to next viewpoint[0m
[33m[WARN] [1790605996.308394143, 54.679000000]: Plan fail[0m
[31m[ERROR] [1790605996.331350032, 54.688000000]: No path to next viewpoint[0m
[33m[WARN] [1790605996.331507110, 54.688000000]: Plan fail[0m
[31m[ERROR] [1790605996.364028488, 54.698000000]: Larger cost after reallocation[0m
[31m[ERROR] [1790605996.385347350, 54.725000000]: No path to next viewpoint[0m
[33m[WARN] [1790605996.385813917, 54.725000000]: Plan fail[0m
[31m[ERROR] [1790605996.397575920, 54.734000000]: No path to next viewpoint[0m
[33m[WARN] [1790605996.398221951, 54.734000000]: Plan fail[0m
[33m[WARN] [1790605996.398836883, 54.743000000]: Pair opt 1 & 2[0m
[31m[ERROR] [1790605996.406378194, 54.743000000]: No path to next viewpoint[0m
[33m[WARN] [1790605996.407036523, 54.743000000]: Plan fail[0m
[31m[ERROR] [1790605996.430099632, 54.770000000]: No path to next viewpoint[0m
[33m[WARN] [1790605996.430909120, 54.770000000]: Plan fail[0m
[31m[ERROR] [1790605996.450302228, 54.789000000]: Larger cost after reallocation[0m
[31m[ERROR] [1790605996.452891981, 54.789000000]: No path to next viewpoint[0m
[33m[WARN] [1790605996.453319111, 54.798000000]: Plan fail[0m
[31m[ERROR] [1790605996.477262701, 54.807000000]: No path to next viewpoint[0m
[33m[WARN] [1790605996.479131094, 54.807000000]: Plan fail[0m
[31m[ERROR] [1790605996.489552218, 54.825000000]: No path to next viewpoint[0m
[33m[WARN] [1790605996.489952752, 54.825000000]: Plan fail[0m
[33m[WARN] [1790605996.490980390, 54.825000000]: Pair opt 1 & 2[0m
[31m[ERROR] [1790605996.514604863, 54.843000000]: No path to next viewpoint[0m
[33m[WARN] [1790605996.514912183, 54.843000000]: Plan fail[0m
[31m[ERROR] [1790605996.542599562, 54.871000000]: No path to next viewpoint[0m
[33m[WARN] [1790605996.543117404, 54.871000000]: Plan fail[0m
[31m[ERROR] [1790605996.550290656, 54.880000000]: Larger cost after reallocation[0m
[31m[ERROR] [1790605996.566052908, 54.898000000]: No path to next viewpoint[0m
[33m[WARN] [1790605996.566404167, 54.898000000]: Plan fail[0m
[31m[ERROR] [1790605996.581801445, 54.908000000]: No path to next viewpoint[0m
[33m[WARN] [1790605996.582095342, 54.908000000]: Plan fail[0m
[33m[WARN] [1790605996.582369645, 54.908000000]: Pair opt 1 & 2[0m
[31m[ERROR] [1790605996.585456271, 54.917000000]: No path to next viewpoint[0m
[33m[WARN] [1790605996.585960982, 54.917000000]: Plan fail[0m
[31m[ERROR] [1790605996.611612051, 54.944000000]: No path to next viewpoint[0m
[33m[WARN] [1790605996.611896068, 54.944000000]: Plan fail[0m
[31m[ERROR] [1790605996.624878389, 54.953000000]: Larger cost after reallocation[0m
[31m[ERROR] [1790605996.633059311, 54.962000000]: No path to next viewpoint[0m
[33m[WARN] [1790605996.633264122, 54.962000000]: Plan fail[0m
[31m[ERROR] [1790605996.652737645, 54.981000000]: No path to next viewpoint[0m
[33m[WARN] [1790605996.653079733, 54.981000000]: Plan fail[0m
[31m[ERROR] [1790605996.671771074, 54.999000000]: No path to next viewpoint[0m
[33m[WARN] [1790605996.672128086, 54.999000000]: Plan fail[0m
[31m[ERROR] [1790605996.684744849, 55.008000000]: No path to next viewpoint[0m
[33m[WARN] [1790605996.685007230, 55.008000000]: Plan fail[0m
[33m[WARN] [1790605996.685291456, 55.008000000]: Pair opt 1 & 2[0m
[31m[ERROR] [1790605996.694790786, 55.008000000]: No path to next viewpoint[0m
[33m[WARN] [1790605996.695032532, 55.017000000]: Plan fail[0m
[31m[ERROR] [1790605996.714782110, 55.026000000]: No path to next viewpoint[0m
[33m[WARN] [1790605996.715018603, 55.036000000]: Plan fail[0m
[31m[ERROR] [1790605996.738931471, 55.054000000]: Larger cost after reallocation[0m
[31m[ERROR] [1790605996.739843093, 55.054000000]: No path to next viewpoint[0m
[33m[WARN] [1790605996.740280270, 55.054000000]: Plan fail[0m
[31m[ERROR] [1790605996.760010922, 55.072000000]: No path to next viewpoint[0m
[33m[WARN] [1790605996.760471318, 55.072000000]: Plan fail[0m
[31m[ERROR] [1790605996.766429921, 55.081000000]: No path to next viewpoint[0m
[33m[WARN] [1790605996.766760420, 55.081000000]: Plan fail[0m
[33m[WARN] [1790605996.770202056, 55.081000000]: Pair opt 1 & 2[0m
[31m[ERROR] [1790605996.778913910, 55.090000000]: No path to next viewpoint[0m
[33m[WARN] [1790605996.779167704, 55.090000000]: Plan fail[0m
[31m[ERROR] [1790605996.795214306, 55.100000000]: No path to next viewpoint[0m
[33m[WARN] [1790605996.795503242, 55.100000000]: Plan fail[0m
[31m[ERROR] [1790605996.814706047, 55.118000000]: No path to next viewpoint[0m
[33m[WARN] [1790605996.814972972, 55.118000000]: Plan fail[0m
[31m[ERROR] [1790605996.818536795, 55.127000000]: Larger cost after reallocation[0m
[31m[ERROR] [1790605996.832966173, 55.136000000]: No path to next viewpoint[0m
[33m[WARN] [1790605996.833224052, 55.136000000]: Plan fail[0m
[31m[ERROR] [1790605996.851283452, 55.154000000]: No path to next viewpoint[0m
[33m[WARN] [1790605996.851502395, 55.154000000]: Plan fail[0m
[33m[WARN] [1790605996.852251352, 55.154000000]: Pair opt 1 & 2[0m
[31m[ERROR] [1790605996.853231550, 55.154000000]: No path to next viewpoint[0m
[33m[WARN] [1790605996.853555629, 55.154000000]: Plan fail[0m
[31m[ERROR] [1790605996.869323926, 55.173000000]: No path to next viewpoint[0m
[33m[WARN] [1790605996.869619115, 55.173000000]: Plan fail[0m
[31m[ERROR] [1790605996.887043740, 55.191000000]: No path to next viewpoint[0m
[33m[WARN] [1790605996.887273980, 55.191000000]: Plan fail[0m
[31m[ERROR] [1790605996.904193519, 55.209000000]: Larger cost after reallocation[0m
[31m[ERROR] [1790605996.904277227, 55.209000000]: No path to next viewpoint[0m
[33m[WARN] [1790605996.904744669, 55.209000000]: Plan fail[0m
[31m[ERROR] [1790605996.930279305, 55.228000000]: No path to next viewpoint[0m
[33m[WARN] [1790605996.930643529, 55.228000000]: Plan fail[0m
[31m[ERROR] [1790605996.940066738, 55.237000000]: No path to next viewpoint[0m
[33m[WARN] [1790605996.940345127, 55.237000000]: Plan fail[0m
[33m[WARN] [1790605996.941088415, 55.237000000]: Pair opt 1 & 2[0m
[31m[ERROR] [1790605996.950060316, 55.237000000]: No path to next viewpoint[0m
[33m[WARN] [1790605996.950312358, 55.237000000]: Plan fail[0m
[31m[ERROR] [1790605996.974994151, 55.264000000]: No path to next viewpoint[0m
[33m[WARN] [1790605996.975231353, 55.264000000]: Plan fail[0m
[31m[ERROR] [1790605996.996251275, 55.292000000]: Larger cost after reallocation[0m
[31m[ERROR] [1790605997.000690493, 55.292000000]: No path to next viewpoint[0m
[33m[WARN] [1790605997.002235890, 55.292000000]: Plan fail[0m
[31m[ERROR] [1790605997.025138753, 55.310000000]: No path to next viewpoint[0m
[33m[WARN] [1790605997.025567175, 55.310000000]: Plan fail[0m
[31m[ERROR] [1790605997.032366740, 55.319000000]: No path to next viewpoint[0m
[33m[WARN] [1790605997.032577679, 55.319000000]: Plan fail[0m
[33m[WARN] [1790605997.033182148, 55.319000000]: Pair opt 1 & 2[0m
[31m[ERROR] [1790605997.057047783, 55.347000000]: No path to next viewpoint[0m
[33m[WARN] [1790605997.057423262, 55.347000000]: Plan fail[0m
[31m[ERROR] [1790605997.080784395, 55.365000000]: Larger cost after reallocation[0m
[31m[ERROR] [1790605997.086234410, 55.374000000]: No path to next viewpoint[0m
[33m[WARN] [1790605997.086447767, 55.374000000]: Plan fail[0m
[31m[ERROR] [1790605997.109510293, 55.392000000]: No path to next viewpoint[0m
[33m[WARN] [1790605997.110444635, 55.392000000]: Plan fail[0m
[31m[ERROR] [1790605997.119080825, 55.401000000]: No path to next viewpoint[0m
[33m[WARN] [1790605997.119635144, 55.401000000]: Plan fail[0m
[33m[WARN] [1790605997.120205929, 55.401000000]: Pair opt 1 & 2[0m
[31m[ERROR] [1790605997.141015079, 55.420000000]: No path to next viewpoint[0m
[33m[WARN] [1790605997.141302848, 55.420000000]: Plan fail[0m
[31m[ERROR] [1790605997.167128129, 55.447000000]: No path to next viewpoint[0m
[33m[WARN] [1790605997.167438159, 55.447000000]: Plan fail[0m
[31m[ERROR] [1790605997.171688408, 55.447000000]: Larger cost after reallocation[0m
[31m[ERROR] [1790605997.194367283, 55.475000000]: No path to next viewpoint[0m
[33m[WARN] [1790605997.195316716, 55.475000000]: Plan fail[0m
[31m[ERROR] [1790605997.207739383, 55.484000000]: No path to next viewpoint[0m
[33m[WARN] [1790605997.207979961, 55.493000000]: Plan fail[0m
[33m[WARN] [1790605997.211237923, 55.493000000]: Pair opt 1 & 2[0m
[31m[ERROR] [1790605997.216025440, 55.493000000]: No path to next viewpoint[0m
[33m[WARN] [1790605997.216430684, 55.493000000]: Plan fail[0m
[31m[ERROR] [1790605997.237903415, 55.520000000]: No path to next viewpoint[0m
[33m[WARN] [1790605997.238152707, 55.520000000]: Plan fail[0m
[31m[ERROR] [1790605997.254928674, 55.529000000]: No path to next viewpoint[0m
[33m[WARN] [1790605997.255325205, 55.529000000]: Plan fail[0m
[31m[ERROR] [1790605997.259770343, 55.539000000]: Larger cost after reallocation[0m
[31m[ERROR] [1790605997.276441175, 55.548000000]: No path to next viewpoint[0m
[33m[WARN] [1790605997.276641692, 55.548000000]: Plan fail[0m
[31m[ERROR] [1790605997.288132101, 55.557000000]: No path to next viewpoint[0m
[33m[WARN] [1790605997.288437962, 55.557000000]: Plan fail[0m
[33m[WARN] [1790605997.288866759, 55.557000000]: Pair opt 1 & 2[0m
[31m[ERROR] [1790605997.297522085, 55.566000000]: No path to next viewpoint[0m
[33m[WARN] [1790605997.297720934, 55.566000000]: Plan fail[0m
[31m[ERROR] [1790605997.315165819, 55.584000000]: No path to next viewpoint[0m
[33m[WARN] [1790605997.315383178, 55.584000000]: Plan fail[0m
[31m[ERROR] [1790605997.334071392, 55.603000000]: Larger cost after reallocation[0m
[31m[ERROR] [1790605997.336534123, 55.603000000]: No path to next viewpoint[0m
[33m[WARN] [1790605997.336802299, 55.603000000]: Plan fail[0m
[31m[ERROR] [1790605997.361279698, 55.621000000]: No path to next viewpoint[0m
[33m[WARN] [1790605997.361975921, 55.621000000]: Plan fail[0m
[31m[ERROR] [1790605997.367112029, 55.621000000]: No path to next viewpoint[0m
[33m[WARN] [1790605997.367640502, 55.621000000]: Plan fail[0m
[33m[WARN] [1790605997.368592936, 55.621000000]: Pair opt 1 & 2[0m
[31m[ERROR] [1790605997.395631782, 55.648000000]: No path to next viewpoint[0m
[33m[WARN] [1790605997.396220159, 55.658000000]: Plan fail[0m
[31m[ERROR] [1790605997.422084460, 55.676000000]: No path to next viewpoint[0m
[33m[WARN] [1790605997.422468444, 55.676000000]: Plan fail[0m
[31m[ERROR] [1790605997.423089796, 55.685000000]: Larger cost after reallocation[0m
[31m[ERROR] [1790605997.447643275, 55.703000000]: No path to next viewpoint[0m
[33m[WARN] [1790605997.448144067, 55.703000000]: Plan fail[0m
[31m[ERROR] [1790605997.458016917, 55.712000000]: No path to next viewpoint[0m
[33m[WARN] [1790605997.458277089, 55.712000000]: Plan fail[0m
[33m[WARN] [1790605997.458598291, 55.712000000]: Pair opt 1 & 2[0m
[31m[ERROR] [1790605997.467815648, 55.721000000]: No path to next viewpoint[0m
[33m[WARN] [1790605997.468443003, 55.721000000]: Plan fail[0m
[31m[ERROR] [1790605997.489730850, 55.740000000]: No path to next viewpoint[0m
[33m[WARN] [1790605997.490504861, 55.740000000]: Plan fail[0m
[31m[ERROR] [1790605997.498623919, 55.758000000]: Larger cost after reallocation[0m
[31m[ERROR] [1790605997.516335104, 55.767000000]: No path to next viewpoint[0m
[33m[WARN] [1790605997.516728175, 55.767000000]: Plan fail[0m
[31m[ERROR] [1790605997.535605942, 55.786000000]: No path to next viewpoint[0m
[33m[WARN] [1790605997.535941485, 55.786000000]: Plan fail[0m
[33m[WARN] [1790605997.536258977, 55.786000000]: Pair opt 1 & 2[0m
[31m[ERROR] [1790605997.538283030, 55.795000000]: No path to next viewpoint[0m
[33m[WARN] [1790605997.538782280, 55.795000000]: Plan fail[0m
[31m[ERROR] [1790605997.568487458, 55.813000000]: No path to next viewpoint[0m
[33m[WARN] [1790605997.568833381, 55.813000000]: Plan fail[0m
[31m[ERROR] [1790605997.596918792, 55.850000000]: No path to next viewpoint[0m
[33m[WARN] [1790605997.597221610, 55.850000000]: Plan fail[0m
[31m[ERROR] [1790605997.598932256, 55.850000000]: Larger cost after reallocation[0m
[31m[ERROR] [1790605997.625884434, 55.877000000]: No path to next viewpoint[0m
[33m[WARN] [1790605997.626575446, 55.877000000]: Plan fail[0m
[31m[ERROR] [1790605997.628173537, 55.877000000]: No path to next viewpoint[0m
[33m[WARN] [1790605997.628991195, 55.877000000]: Plan fail[0m
[33m[WARN] [1790605997.633716473, 55.886000000]: Pair opt 1 & 2[0m
[31m[ERROR] [1790605997.651108665, 55.904000000]: No path to next viewpoint[0m
[33m[WARN] [1790605997.651396767, 55.904000000]: Plan fail[0m
[31m[ERROR] [1790605997.678802880, 55.932000000]: No path to next viewpoint[0m
[33m[WARN] [1790605997.679898053, 55.932000000]: Plan fail[0m
[31m[ERROR] [1790605997.695072177, 55.950000000]: Larger cost after reallocation[0m
[31m[ERROR] [1790605997.702336766, 55.950000000]: No path to next viewpoint[0m
[33m[WARN] [1790605997.702911637, 55.950000000]: Plan fail[0m
[31m[ERROR] [1790605997.725144873, 55.978000000]: No path to next viewpoint[0m
[33m[WARN] [1790605997.725764641, 55.978000000]: Plan fail[0m
[31m[ERROR] [1790605997.732851308, 55.987000000]: No path to next viewpoint[0m
[33m[WARN] [1790605997.733075169, 55.987000000]: Plan fail[0m
[33m[WARN] [1790605997.733610437, 55.987000000]: Pair opt 1 & 2[0m
[31m[ERROR] [1790605997.752196392, 56.005000000]: No path to next viewpoint[0m
[33m[WARN] [1790605997.752488121, 56.005000000]: Plan fail[0m
[31m[ERROR] [1790605997.783577325, 56.023000000]: No path to next viewpoint[0m
[33m[WARN] [1790605997.784148485, 56.023000000]: Plan fail[0m
[31m[ERROR] [1790605997.785425832, 56.023000000]: Larger cost after reallocation[0m
[31m[ERROR] [1790605997.811171740, 56.042000000]: No path to next viewpoint[0m
[33m[WARN] [1790605997.811685580, 56.042000000]: Plan fail[0m
[31m[ERROR] [1790605997.822748734, 56.069000000]: No path to next viewpoint[0m
[33m[WARN] [1790605997.823081150, 56.069000000]: Plan fail[0m
[33m[WARN] [1790605997.827002777, 56.069000000]: Pair opt 1 & 2[0m
[31m[ERROR] [1790605997.833457461, 56.078000000]: No path to next viewpoint[0m
[33m[WARN] [1790605997.834420484, 56.078000000]: Plan fail[0m
[31m[ERROR] [1790605997.860158263, 56.097000000]: No path to next viewpoint[0m
[33m[WARN] [1790605997.860478339, 56.106000000]: Plan fail[0m
[31m[ERROR] [1790605997.872479629, 56.115000000]: Larger cost after reallocation[0m
[31m[ERROR] [1790605997.883029026, 56.124000000]: No path to next viewpoint[0m
[33m[WARN] [1790605997.883559874, 56.124000000]: Plan fail[0m
[31m[ERROR] [1790605997.901596388, 56.142000000]: No path to next viewpoint[0m
[33m[WARN] [1790605997.901983790, 56.142000000]: Plan fail[0m
[31m[ERROR] [1790605997.908584172, 56.151000000]: No path to next viewpoint[0m
[33m[WARN] [1790605997.909053657, 56.151000000]: Plan fail[0m
[33m[WARN] [1790605997.910889908, 56.151000000]: Pair opt 1 & 2[0m
[31m[ERROR] [1790605997.934526136, 56.170000000]: No path to next viewpoint[0m
[33m[WARN] [1790605997.934799231, 56.170000000]: Plan fail[0m
[31m[ERROR] [1790605997.958630349, 56.188000000]: No path to next viewpoint[0m
[33m[WARN] [1790605997.958899817, 56.188000000]: Plan fail[0m
[31m[ERROR] [1790605997.990768910, 56.215000000]: No path to next viewpoint[0m
[33m[WARN] [1790605997.991849534, 56.215000000]: Plan fail[0m
[31m[ERROR] [1790605997.994805928, 56.215000000]: Larger cost after reallocation[0m
[31m[ERROR] [1790605998.096987827, 56.234000000]: No path to next viewpoint[0m
[33m[WARN] [1790605998.097261880, 56.234000000]: Plan fail[0m
[31m[ERROR] [1790605998.097888360, 56.234000000]: No path to next viewpoint[0m
[33m[WARN] [1790605998.098103217, 56.234000000]: Plan fail[0m
[33m[WARN] [1790605998.100846088, 56.234000000]: Pair opt 1 & 2[0m
[31m[ERROR] [1790605998.114795893, 56.234000000]: No path to next viewpoint[0m
[33m[WARN] [1790605998.115259875, 56.234000000]: Plan fail[0m
[31m[ERROR] [1790605998.141607250, 56.261000000]: No path to next viewpoint[0m
[33m[WARN] [1790605998.142173825, 56.261000000]: Plan fail[0m
[31m[ERROR] [1790605998.150388972, 56.270000000]: Larger cost after reallocation[0m
[31m[ERROR] [1790605998.163501359, 56.279000000]: No path to next viewpoint[0m
[33m[WARN] [1790605998.164804426, 56.279000000]: Plan fail[0m
[31m[ERROR] [1790605998.195761897, 56.307999999]: No path to next viewpoint[0m
[33m[WARN] [1790605998.196140086, 56.307999999]: Plan fail[0m
[33m[WARN] [1790605998.197848107, 56.307999999]: Pair opt 1 & 2[0m
[31m[ERROR] [1790605998.196450241, 56.307999999]: No path to next viewpoint[0m
[33m[WARN] [1790605998.199381039, 56.317000000]: Plan fail[0m
[31m[ERROR] [1790605998.231786234, 56.344000000]: No path to next viewpoint[0m
[33m[WARN] [1790605998.232533899, 56.344000000]: Plan fail[0m
[31m[ERROR] [1790605998.258089254, 56.371000000]: No path to next viewpoint[0m
[33m[WARN] [1790605998.258474280, 56.371000000]: Plan fail[0m
[31m[ERROR] [1790605998.271036474, 56.389000000]: Larger cost after reallocation[0m
[31m[ERROR] [1790605998.284449636, 56.398000000]: No path to next viewpoint[0m
[33m[WARN] [1790605998.284690381, 56.398000000]: Plan fail[0m
[31m[ERROR] [1790605998.314825108, 56.426000000]: No path to next viewpoint[0m
[33m[WARN] [1790605998.315150354, 56.426000000]: Plan fail[0m
[31m[ERROR] [1790605998.315243609, 56.426000000]: No path to next viewpoint[0m
[33m[WARN] [1790605998.315594867, 56.426000000]: Plan fail[0m
[33m[WARN] [1790605998.316240023, 56.426000000]: Pair opt 1 & 2[0m
[31m[ERROR] [1790605998.350821722, 56.453000000]: No path to next viewpoint[0m
[33m[WARN] [1790605998.351148302, 56.453000000]: Plan fail[0m
[31m[ERROR] [1790605998.378336306, 56.481000000]: No path to next viewpoint[0m
[33m[WARN] [1790605998.378744176, 56.481000000]: Plan fail[0m
[31m[ERROR] [1790605998.381564461, 56.481000000]: Larger cost after reallocation[0m
[31m[ERROR] [1790605998.401636825, 56.499000000]: No path to next viewpoint[0m
[33m[WARN] [1790605998.401945354, 56.499000000]: Plan fail[0m
[31m[ERROR] [1790605998.418327250, 56.517000000]: No path to next viewpoint[0m
[33m[WARN] [1790605998.418657957, 56.517000000]: Plan fail[0m
[33m[WARN] [1790605998.418963693, 56.517000000]: Pair opt 1 & 2[0m
[31m[ERROR] [1790605998.421508923, 56.526000000]: No path to next viewpoint[0m
[33m[WARN] [1790605998.421765718, 56.526000000]: Plan fail[0m
[31m[ERROR] [1790605998.444175584, 56.545000000]: No path to next viewpoint[0m
[33m[WARN] [1790605998.444434964, 56.545000000]: Plan fail[0m
[31m[ERROR] [1790605998.466068942, 56.563000000]: No path to next viewpoint[0m
[33m[WARN] [1790605998.466390019, 56.563000000]: Plan fail[0m
[31m[ERROR] [1790605998.472163321, 56.572000000]: Larger cost after reallocation[0m
[31m[ERROR] [1790605998.485289089, 56.581000000]: No path to next viewpoint[0m
[33m[WARN] [1790605998.485791340, 56.581000000]: Plan fail[0m
[31m[ERROR] [1790605998.504810720, 56.600000000]: No path to next viewpoint[0m
[33m[WARN] [1790605998.505207585, 56.600000000]: Plan fail[0m
[33m[WARN] [1790605998.505478554, 56.600000000]: Pair opt 1 & 2[0m
[31m[ERROR] [1790605998.506127503, 56.600000000]: No path to next viewpoint[0m
[33m[WARN] [1790605998.506802465, 56.600000000]: Plan fail[0m
[31m[ERROR] [1790605998.533398006, 56.627000000]: No path to next viewpoint[0m
[33m[WARN] [1790605998.533998223, 56.627000000]: Plan fail[0m
[31m[ERROR] [1790605998.556565668, 56.645000000]: No path to next viewpoint[0m
[33m[WARN] [1790605998.556906755, 56.645000000]: Plan fail[0m
[31m[ERROR] [1790605998.563672928, 56.654000000]: Larger cost after reallocation[0m
[31m[ERROR] [1790605998.580495252, 56.664000000]: No path to next viewpoint[0m
[33m[WARN] [1790605998.581337923, 56.664000000]: Plan fail[0m
[31m[ERROR] [1790605998.600504168, 56.682000000]: No path to next viewpoint[0m
[33m[WARN] [1790605998.600933382, 56.682000000]: Plan fail[0m
[33m[WARN] [1790605998.605057443, 56.691000000]: Pair opt 1 & 2[0m
[31m[ERROR] [1790605998.608611719, 56.691000000]: No path to next viewpoint[0m
[33m[WARN] [1790605998.609511711, 56.691000000]: Plan fail[0m
[31m[ERROR] [1790605998.628322445, 56.709000000]: No path to next viewpoint[0m
[33m[WARN] [1790605998.628657404, 56.709000000]: Plan fail[0m
[31m[ERROR] [1790605998.647118380, 56.728000000]: No path to next viewpoint[0m
[33m[WARN] [1790605998.647402730, 56.728000000]: Plan fail[0m
[31m[ERROR] [1790605998.652042215, 56.737000000]: Larger cost after reallocation[0m
[31m[ERROR] [1790605998.666978513, 56.746000000]: No path to next viewpoint[0m
[33m[WARN] [1790605998.667506819, 56.746000000]: Plan fail[0m
[31m[ERROR] [1790605998.687304838, 56.764000000]: No path to next viewpoint[0m
[31m[ERROR] [1790605998.687555838, 56.764000000]: No path to next viewpoint[0m
[33m[WARN] [1790605998.687572722, 56.764000000]: Plan fail[0m
[33m[WARN] [1790605998.687805630, 56.764000000]: Plan fail[0m
[33m[WARN] [1790605998.688546459, 56.764000000]: Pair opt 1 & 2[0m
[31m[ERROR] [1790605998.709156133, 56.783000000]: No path to next viewpoint[0m
[33m[WARN] [1790605998.709455575, 56.783000000]: Plan fail[0m
[31m[ERROR] [1790605998.729420719, 56.801000000]: No path to next viewpoint[0m
[33m[WARN] [1790605998.729770894, 56.801000000]: Plan fail[0m
[31m[ERROR] [1790605998.742463820, 56.819000000]: Larger cost after reallocation[0m
[31m[ERROR] [1790605998.751126608, 56.819000000]: No path to next viewpoint[0m
[33m[WARN] [1790605998.751477533, 56.819000000]: Plan fail[0m
[31m[ERROR] [1790605998.770979321, 56.837000000]: No path to next viewpoint[0m
[33m[WARN] [1790605998.771168457, 56.837000000]: Plan fail[0m
[31m[ERROR] [1790605998.776417039, 56.846000000]: No path to next viewpoint[0m
[33m[WARN] [1790605998.776645945, 56.846000000]: Plan fail[0m
[33m[WARN] [1790605998.777491159, 56.846000000]: Pair opt 1 & 2[0m
[31m[ERROR] [1790605998.789445591, 56.856000000]: No path to next viewpoint[0m
[33m[WARN] [1790605998.789735653, 56.856000000]: Plan fail[0m
[31m[ERROR] [1790605998.815950170, 56.883000000]: No path to next viewpoint[0m
[33m[WARN] [1790605998.816137014, 56.883000000]: Plan fail[0m
[31m[ERROR] [1790605998.821570521, 56.892000000]: Larger cost after reallocation[0m
[31m[ERROR] [1790605998.833732932, 56.901000000]: No path to next viewpoint[0m
[33m[WARN] [1790605998.833906644, 56.901000000]: Plan fail[0m
[31m[ERROR] [1790605998.853745725, 56.920000000]: No path to next viewpoint[0m
[33m[WARN] [1790605998.854012108, 56.920000000]: Plan fail[0m
[31m[ERROR] [1790605998.855283994, 56.920000000]: No path to next viewpoint[0m
[33m[WARN] [1790605998.855574139, 56.920000000]: Plan fail[0m
[33m[WARN] [1790605998.856560340, 56.920000000]: Pair opt 1 & 2[0m
[31m[ERROR] [1790605998.873073426, 56.938000000]: No path to next viewpoint[0m
[33m[WARN] [1790605998.873416848, 56.938000000]: Plan fail[0m
[31m[ERROR] [1790605998.891305246, 56.956000000]: No path to next viewpoint[0m
[33m[WARN] [1790605998.891465451, 56.956000000]: Plan fail[0m
[31m[ERROR] [1790605998.913528685, 56.965000000]: No path to next viewpoint[0m
[33m[WARN] [1790605998.913808700, 56.965000000]: Plan fail[0m
[31m[ERROR] [1790605998.914635196, 56.975000000]: Larger cost after reallocation[0m
[31m[ERROR] [1790605998.932484658, 56.984000000]: No path to next viewpoint[0m
[33m[WARN] [1790605998.932847256, 56.984000000]: Plan fail[0m
[31m[ERROR] [1790605998.948859592, 57.002000000]: No path to next viewpoint[0m
[33m[WARN] [1790605998.949201346, 57.002000000]: Plan fail[0m
[33m[WARN] [1790605998.949583495, 57.002000000]: Pair opt 1 & 2[0m
[31m[ERROR] [1790605998.950033637, 57.002000000]: No path to next viewpoint[0m
[33m[WARN] [1790605998.950279301, 57.002000000]: Plan fail[0m
[31m[ERROR] [1790605998.972486983, 57.011000000]: No path to next viewpoint[0m
[33m[WARN] [1790605998.972864797, 57.011000000]: Plan fail[0m
[31m[ERROR] [1790605998.998538294, 57.040999999]: No path to next viewpoint[0m
[33m[WARN] [1790605998.998843655, 57.040999999]: Plan fail[0m
[31m[ERROR] [1790605999.016421064, 57.058999999]: Larger cost after reallocation[0m
[31m[ERROR] [1790605999.022856447, 57.067999999]: No path to next viewpoint[0m
[33m[WARN] [1790605999.023271112, 57.067999999]: Plan fail[0m
[31m[ERROR] [1790605999.046947236, 57.094999999]: No path to next viewpoint[0m
[33m[WARN] [1790605999.047331637, 57.094999999]: Plan fail[0m
[31m[ERROR] [1790605999.052408716, 57.094999999]: No path to next viewpoint[0m
[33m[WARN] [1790605999.052829593, 57.094999999]: Plan fail[0m
[33m[WARN] [1790605999.056543449, 57.103999999]: Pair opt 1 & 2[0m
[31m[ERROR] [1790605999.067291653, 57.112999999]: No path to next viewpoint[0m
[33m[WARN] [1790605999.067551408, 57.112999999]: Plan fail[0m
[31m[ERROR] [1790605999.087047943, 57.131000000]: No path to next viewpoint[0m
[33m[WARN] [1790605999.087421130, 57.131000000]: Plan fail[0m
[31m[ERROR] [1790605999.108264254, 57.158000000]: Larger cost after reallocation[0m
[31m[ERROR] [1790605999.109454683, 57.158000000]: No path to next viewpoint[0m
[33m[WARN] [1790605999.109618931, 57.158000000]: Plan fail[0m
[31m[ERROR] [1790605999.130664491, 57.167000000]: No path to next viewpoint[0m
[33m[WARN] [1790605999.131100834, 57.167000000]: Plan fail[0m
[31m[ERROR] [1790605999.149894434, 57.185000000]: No path to next viewpoint[0m
[33m[WARN] [1790605999.150153063, 57.185000000]: Plan fail[0m
[31m[ERROR] [1790605999.151292174, 57.185000000]: No path to next viewpoint[0m
[33m[WARN] [1790605999.152002196, 57.185000000]: Plan fail[0m
[33m[WARN] [1790605999.152262743, 57.194000000]: Pair opt 1 & 2[0m
[31m[ERROR] [1790605999.167189244, 57.203000000]: No path to next viewpoint[0m
[33m[WARN] [1790605999.167401850, 57.203000000]: Plan fail[0m
[31m[ERROR] [1790605999.191350485, 57.222000000]: No path to next viewpoint[0m
[33m[WARN] [1790605999.191785244, 57.222000000]: Plan fail[0m
[31m[ERROR] [1790605999.214947486, 57.235999999]: Larger cost after reallocation[0m
[31m[ERROR] [1790605999.221657798, 57.250999999]: No path to next viewpoint[0m
[33m[WARN] [1790605999.221977875, 57.250999999]: Plan fail[0m
[31m[ERROR] [1790605999.251282353, 57.277999999]: No path to next viewpoint[0m
[33m[WARN] [1790605999.251577000, 57.277999999]: Plan fail[0m
[31m[ERROR] [1790605999.256627441, 57.286999999]: No path to next viewpoint[0m
[33m[WARN] [1790605999.256941222, 57.286999999]: Plan fail[0m
[33m[WARN] [1790605999.261629107, 57.286999999]: Pair opt 1 & 2[0m
[31m[ERROR] [1790605999.271456018, 57.295999999]: No path to next viewpoint[0m
[33m[WARN] [1790605999.271749123, 57.295999999]: Plan fail[0m
[31m[ERROR] [1790605999.289500119, 57.314000000]: No path to next viewpoint[0m
[33m[WARN] [1790605999.289837746, 57.314000000]: Plan fail[0m
[31m[ERROR] [1790605999.302977021, 57.332999999]: Larger cost after reallocation[0m
[31m[ERROR] [1790605999.307301473, 57.332999999]: No path to next viewpoint[0m
[33m[WARN] [1790605999.307661403, 57.332999999]: Plan fail[0m
[31m[ERROR] [1790605999.327152811, 57.350999999]: No path to next viewpoint[0m
[33m[WARN] [1790605999.327435577, 57.350999999]: Plan fail[0m
[31m[ERROR] [1790605999.333655977, 57.359999999]: No path to next viewpoint[0m
[33m[WARN] [1790605999.333811222, 57.359999999]: Plan fail[0m
[33m[WARN] [1790605999.334296631, 57.359999999]: Pair opt 1 & 2[0m
[31m[ERROR] [1790605999.347156766, 57.378000000]: No path to next viewpoint[0m
[33m[WARN] [1790605999.347499854, 57.378000000]: Plan fail[0m
[31m[ERROR] [1790605999.366520652, 57.396000000]: No path to next viewpoint[0m
[33m[WARN] [1790605999.366786368, 57.396000000]: Plan fail[0m
[31m[ERROR] [1790605999.383336305, 57.414000000]: Larger cost after reallocation[0m
[31m[ERROR] [1790605999.389788071, 57.414000000]: No path to next viewpoint[0m
[33m[WARN] [1790605999.390350852, 57.414000000]: Plan fail[0m
[31m[ERROR] [1790605999.409224451, 57.432000000]: No path to next viewpoint[0m
[33m[WARN] [1790605999.409638325, 57.432000000]: Plan fail[0m
[31m[ERROR] [1790605999.415510092, 57.441000000]: No path to next viewpoint[0m
[33m[WARN] [1790605999.415845010, 57.441000000]: Plan fail[0m
[33m[WARN] [1790605999.416169255, 57.441000000]: Pair opt 1 & 2[0m
[31m[ERROR] [1790605999.432867100, 57.459000000]: No path to next viewpoint[0m
[33m[WARN] [1790605999.433173836, 57.459000000]: Plan fail[0m
[31m[ERROR] [1790605999.451938214, 57.478000000]: No path to next viewpoint[0m
[33m[WARN] [1790605999.452207724, 57.478000000]: Plan fail[0m
[31m[ERROR] [1790605999.464641604, 57.487000000]: Larger cost after reallocation[0m
[31m[ERROR] [1790605999.470324611, 57.496000000]: No path to next viewpoint[0m
[33m[WARN] [1790605999.470710095, 57.496000000]: Plan fail[0m
[31m[ERROR] [1790605999.490276457, 57.514000000]: No path to next viewpoint[0m
[33m[WARN] [1790605999.490518911, 57.514000000]: Plan fail[0m
[31m[ERROR] [1790605999.496835735, 57.514000000]: No path to next viewpoint[0m
[33m[WARN] [1790605999.497008571, 57.514000000]: Plan fail[0m
[33m[WARN] [1790605999.497648599, 57.523000000]: Pair opt 1 & 2[0m
[31m[ERROR] [1790605999.508892135, 57.533000000]: No path to next viewpoint[0m
[33m[WARN] [1790605999.509154558, 57.533000000]: Plan fail[0m
[31m[ERROR] [1790605999.526746558, 57.551000000]: No path to next viewpoint[0m
[33m[WARN] [1790605999.527190530, 57.551000000]: Plan fail[0m
[31m[ERROR] [1790605999.546749554, 57.569000000]: Larger cost after reallocation[0m
[31m[ERROR] [1790605999.547730044, 57.569000000]: No path to next viewpoint[0m
[33m[WARN] [1790605999.548171640, 57.569000000]: Plan fail[0m
[31m[ERROR] [1790605999.565656586, 57.587000000]: No path to next viewpoint[0m
[33m[WARN] [1790605999.565883992, 57.587000000]: Plan fail[0m
[31m[ERROR] [1790605999.577783855, 57.596000000]: No path to next viewpoint[0m
[33m[WARN] [1790605999.578193935, 57.596000000]: Plan fail[0m
[33m[WARN] [1790605999.578601055, 57.596000000]: Pair opt 1 & 2[0m
[31m[ERROR] [1790605999.588779601, 57.606000000]: No path to next viewpoint[0m
[33m[WARN] [1790605999.589171963, 57.606000000]: Plan fail[0m
[31m[ERROR] [1790605999.616458100, 57.633000000]: No path to next viewpoint[0m
[33m[WARN] [1790605999.616775592, 57.633000000]: Plan fail[0m
[31m[ERROR] [1790605999.626764875, 57.651000000]: Larger cost after reallocation[0m
[31m[ERROR] [1790605999.637404901, 57.651000000]: No path to next viewpoint[0m
[33m[WARN] [1790605999.637740194, 57.651000000]: Plan fail[0m
[31m[ERROR] [1790605999.657190372, 57.679000000]: No path to next viewpoint[0m
[33m[WARN] [1790605999.657454504, 57.679000000]: Plan fail[0m
[31m[ERROR] [1790605999.658590322, 57.679000000]: No path to next viewpoint[0m
[33m[WARN] [1790605999.658924447, 57.679000000]: Plan fail[0m
[33m[WARN] [1790605999.661430366, 57.679000000]: Pair opt 1 & 2[0m
[31m[ERROR] [1790605999.677498021, 57.697000000]: No path to next viewpoint[0m
[33m[WARN] [1790605999.677886173, 57.697000000]: Plan fail[0m
[31m[ERROR] [1790605999.692975756, 57.706000000]: No path to next viewpoint[0m
[33m[WARN] [1790605999.693098901, 57.706000000]: Plan fail[0m
[31m[ERROR] [1790605999.713473250, 57.725000000]: Larger cost after reallocation[0m
[31m[ERROR] [1790605999.718518313, 57.734000000]: No path to next viewpoint[0m
[33m[WARN] [1790605999.718690023, 57.734000000]: Plan fail[0m
[31m[ERROR] [1790605999.734962906, 57.743000000]: No path to next viewpoint[0m
[33m[WARN] [1790605999.735342929, 57.752000000]: Plan fail[0m
[31m[ERROR] [1790605999.746012553, 57.761000000]: No path to next viewpoint[0m
[33m[WARN] [1790605999.746212861, 57.761000000]: Plan fail[0m
[33m[WARN] [1790605999.746775142, 57.761000000]: Pair opt 1 & 2[0m
[31m[ERROR] [1790605999.753990873, 57.770000000]: No path to next viewpoint[0m
[33m[WARN] [1790605999.754167503, 57.770000000]: Plan fail[0m
[31m[ERROR] [1790605999.772201391, 57.789000000]: No path to next viewpoint[0m
[33m[WARN] [1790605999.772326120, 57.789000000]: Plan fail[0m
[31m[ERROR] [1790605999.786078784, 57.798000000]: No path to next viewpoint[0m
[33m[WARN] [1790605999.786441632, 57.798000000]: Plan fail[0m
[31m[ERROR] [1790605999.800471477, 57.816000000]: Larger cost after reallocation[0m
[31m[ERROR] [1790605999.805463805, 57.816000000]: No path to next viewpoint[0m
[33m[WARN] [1790605999.805728187, 57.816000000]: Plan fail[0m
[31m[ERROR] [1790605999.829908772, 57.843000000]: No path to next viewpoint[0m
[33m[WARN] [1790605999.830203836, 57.843000000]: Plan fail[0m
[31m[ERROR] [1790605999.830069435, 57.843000000]: No path to next viewpoint[0m
[33m[WARN] [1790605999.830560431, 57.843000000]: Plan fail[0m
[33m[WARN] [1790605999.832788711, 57.843000000]: Pair opt 1 & 2[0m
[31m[ERROR] [1790605999.846822641, 57.853000000]: No path to next viewpoint[0m
[33m[WARN] [1790605999.847269781, 57.853000000]: Plan fail[0m
[31m[ERROR] [1790605999.870042328, 57.880000000]: No path to next viewpoint[0m
[33m[WARN] [1790605999.870342478, 57.880000000]: Plan fail[0m
[31m[ERROR] [1790605999.880449571, 57.889000000]: Larger cost after reallocation[0m
[31m[ERROR] [1790605999.894371153, 57.908000000]: No path to next viewpoint[0m
[33m[WARN] [1790605999.895427473, 57.908000000]: Plan fail[0m
[31m[ERROR] [1790605999.912887073, 57.926000000]: No path to next viewpoint[0m
[33m[WARN] [1790605999.913276393, 57.926000000]: Plan fail[0m
[33m[WARN] [1790605999.914238082, 57.926000000]: Pair opt 1 & 2[0m
[31m[ERROR] [1790605999.915201063, 57.926000000]: No path to next viewpoint[0m
[33m[WARN] [1790605999.915430136, 57.926000000]: Plan fail[0m
[31m[ERROR] [1790605999.936006002, 57.944000000]: No path to next viewpoint[0m
[33m[WARN] [1790605999.936377855, 57.944000000]: Plan fail[0m
[31m[ERROR] [1790605999.954911575, 57.962000000]: No path to next viewpoint[0m
[33m[WARN] [1790605999.956241115, 57.962000000]: Plan fail[0m
[31m[ERROR] [1790605999.971341203, 57.981000000]: Larger cost after reallocation[0m
[31m[ERROR] [1790605999.979766955, 57.990000000]: No path to next viewpoint[0m
[33m[WARN] [1790605999.980311394, 57.990000000]: Plan fail[0m
[31m[ERROR] [1790606000.000193330, 58.008000000]: No path to next viewpoint[0m
[33m[WARN] [1790606000.000595531, 58.008000000]: Plan fail[0m
[31m[ERROR] [1790606000.011417314, 58.017000000]: No path to next viewpoint[0m
[33m[WARN] [1790606000.011955291, 58.017000000]: Plan fail[0m
[33m[WARN] [1790606000.012360744, 58.017000000]: Pair opt 1 & 2[0m
[31m[ERROR] [1790606000.023952620, 58.026000000]: No path to next viewpoint[0m
[33m[WARN] [1790606000.024334853, 58.026000000]: Plan fail[0m
[31m[ERROR] [1790606000.047305958, 58.054000000]: No path to next viewpoint[0m
[33m[WARN] [1790606000.047632829, 58.054000000]: Plan fail[0m
[31m[ERROR] [1790606000.059591347, 58.063000000]: Larger cost after reallocation[0m
[31m[ERROR] [1790606000.067811122, 58.072000000]: No path to next viewpoint[0m
[33m[WARN] [1790606000.068041862, 58.072000000]: Plan fail[0m
[31m[ERROR] [1790606000.087233662, 58.090000000]: No path to next viewpoint[0m
[33m[WARN] [1790606000.087509174, 58.090000000]: Plan fail[0m
[31m[ERROR] [1790606000.094054820, 58.100000000]: No path to next viewpoint[0m
[33m[WARN] [1790606000.094574330, 58.100000000]: Plan fail[0m
[33m[WARN] [1790606000.095268052, 58.100000000]: Pair opt 1 & 2[0m
[31m[ERROR] [1790606000.105872852, 58.109000000]: No path to next viewpoint[0m
[33m[WARN] [1790606000.106099965, 58.109000000]: Plan fail[0m
[31m[ERROR] [1790606000.125486779, 58.127000000]: No path to next viewpoint[0m
[33m[WARN] [1790606000.125847542, 58.127000000]: Plan fail[0m
[31m[ERROR] [1790606000.134203885, 58.136000000]: Larger cost after reallocation[0m
[31m[ERROR] [1790606000.144334865, 58.145000000]: No path to next viewpoint[0m
[33m[WARN] [1790606000.145106250, 58.145000000]: Plan fail[0m
[31m[ERROR] [1790606000.163319686, 58.164000000]: No path to next viewpoint[0m
[33m[WARN] [1790606000.163668151, 58.164000000]: Plan fail[0m
[31m[ERROR] [1790606000.167144389, 58.173000000]: No path to next viewpoint[0m
[33m[WARN] [1790606000.167554969, 58.173000000]: Plan fail[0m
[33m[WARN] [1790606000.167795881, 58.173000000]: Pair opt 1 & 2[0m
[31m[ERROR] [1790606000.180516738, 58.182000000]: No path to next viewpoint[0m
[33m[WARN] [1790606000.180758484, 58.182000000]: Plan fail[0m
[31m[ERROR] [1790606000.203621201, 58.209000000]: No path to next viewpoint[0m
[33m[WARN] [1790606000.204073511, 58.209000000]: Plan fail[0m
[31m[ERROR] [1790606000.221404922, 58.228000000]: Larger cost after reallocation[0m
[31m[ERROR] [1790606000.221624824, 58.228000000]: No path to next viewpoint[0m
[33m[WARN] [1790606000.221961283, 58.228000000]: Plan fail[0m
[31m[ERROR] [1790606000.244718365, 58.246000000]: No path to next viewpoint[0m
[33m[WARN] [1790606000.245400831, 58.246000000]: Plan fail[0m
[31m[ERROR] [1790606000.255361225, 58.255000000]: No path to next viewpoint[0m
[33m[WARN] [1790606000.255633820, 58.255000000]: Plan fail[0m
[33m[WARN] [1790606000.260857805, 58.264000000]: Pair opt 1 & 2[0m
[31m[ERROR] [1790606000.264888570, 58.264000000]: No path to next viewpoint[0m
[33m[WARN] [1790606000.265744998, 58.264000000]: Plan fail[0m
[31m[ERROR] [1790606000.289247702, 58.292000000]: No path to next viewpoint[0m
[33m[WARN] [1790606000.289410908, 58.292000000]: Plan fail[0m
[31m[ERROR] [1790606000.307095955, 58.310000000]: No path to next viewpoint[0m
[33m[WARN] [1790606000.307270959, 58.310000000]: Plan fail[0m
[31m[ERROR] [1790606000.307723435, 58.310000000]: Larger cost after reallocation[0m
[31m[ERROR] [1790606000.325864459, 58.328000000]: No path to next viewpoint[0m
[33m[WARN] [1790606000.326151644, 58.328000000]: Plan fail[0m
[31m[ERROR] [1790606000.337441953, 58.337000000]: No path to next viewpoint[0m
[33m[WARN] [1790606000.337568183, 58.337000000]: Plan fail[0m
[33m[WARN] [1790606000.338118375, 58.337000000]: Pair opt 1 & 2[0m
[31m[ERROR] [1790606000.342756234, 58.337000000]: No path to next viewpoint[0m
[33m[WARN] [1790606000.343211587, 58.337000000]: Plan fail[0m
[31m[ERROR] [1790606000.368445072, 58.365000000]: No path to next viewpoint[0m
[33m[WARN] [1790606000.368678689, 58.365000000]: Plan fail[0m
[31m[ERROR] [1790606000.388929726, 58.383000000]: Larger cost after reallocation[0m
[31m[ERROR] [1790606000.391186854, 58.383000000]: No path to next viewpoint[0m
[33m[WARN] [1790606000.391408173, 58.383000000]: Plan fail[0m
[31m[ERROR] [1790606000.411622192, 58.401000000]: No path to next viewpoint[0m
[33m[WARN] [1790606000.412004258, 58.401000000]: Plan fail[0m
[31m[ERROR] [1790606000.418996710, 58.411000000]: No path to next viewpoint[0m
[33m[WARN] [1790606000.419282853, 58.411000000]: Plan fail[0m
[33m[WARN] [1790606000.419675091, 58.411000000]: Pair opt 1 & 2[0m
[31m[ERROR] [1790606000.435122728, 58.420000000]: No path to next viewpoint[0m
[33m[WARN] [1790606000.436814615, 58.420000000]: Plan fail[0m
[31m[ERROR] [1790606000.459384978, 58.447000000]: No path to next viewpoint[0m
[33m[WARN] [1790606000.459582410, 58.447000000]: Plan fail[0m
[31m[ERROR] [1790606000.469063231, 58.465000000]: Larger cost after reallocation[0m
[31m[ERROR] [1790606000.479215555, 58.465000000]: No path to next viewpoint[0m
[33m[WARN] [1790606000.479597162, 58.475000000]: Plan fail[0m
[31m[ERROR] [1790606000.496541964, 58.484000000]: No path to next viewpoint[0m
[33m[WARN] [1790606000.497044715, 58.484000000]: Plan fail[0m
[31m[ERROR] [1790606000.500913065, 58.493000000]: No path to next viewpoint[0m
[33m[WARN] [1790606000.501122461, 58.493000000]: Plan fail[0m
[33m[WARN] [1790606000.501655686, 58.493000000]: Pair opt 1 & 2[0m
[31m[ERROR] [1790606000.517187948, 58.511000000]: No path to next viewpoint[0m
[33m[WARN] [1790606000.517504106, 58.511000000]: Plan fail[0m
[31m[ERROR] [1790606000.534721627, 58.529000000]: No path to next viewpoint[0m
[33m[WARN] [1790606000.534963498, 58.529000000]: Plan fail[0m
[31m[ERROR] [1790606000.547316922, 58.539000000]: Larger cost after reallocation[0m
[31m[ERROR] [1790606000.553664844, 58.548000000]: No path to next viewpoint[0m
[33m[WARN] [1790606000.553994717, 58.548000000]: Plan fail[0m
[31m[ERROR] [1790606000.571401750, 58.566000000]: No path to next viewpoint[0m
[33m[WARN] [1790606000.571584800, 58.566000000]: Plan fail[0m
[31m[ERROR] [1790606000.576479663, 58.566000000]: No path to next viewpoint[0m
[33m[WARN] [1790606000.576739668, 58.566000000]: Plan fail[0m
[33m[WARN] [1790606000.577038984, 58.566000000]: Pair opt 1 & 2[0m
[31m[ERROR] [1790606000.590216027, 58.584000000]: No path to next viewpoint[0m
[33m[WARN] [1790606000.590491832, 58.584000000]: Plan fail[0m
[31m[ERROR] [1790606000.608472651, 58.603000000]: No path to next viewpoint[0m
[33m[WARN] [1790606000.608774969, 58.603000000]: Plan fail[0m
[31m[ERROR] [1790606000.631168368, 58.621000000]: Larger cost after reallocation[0m
[31m[ERROR] [1790606000.634017167, 58.621000000]: No path to next viewpoint[0m
[33m[WARN] [1790606000.634330032, 58.621000000]: Plan fail[0m
[31m[ERROR] [1790606000.656378425, 58.648000000]: No path to next viewpoint[0m
[33m[WARN] [1790606000.656566853, 58.648000000]: Plan fail[0m
[31m[ERROR] [1790606000.658856872, 58.648000000]: No path to next viewpoint[0m
[33m[WARN] [1790606000.659248360, 58.648000000]: Plan fail[0m
[33m[WARN] [1790606000.663339738, 58.648000000]: Pair opt 1 & 2[0m
[31m[ERROR] [1790606000.682526493, 58.667000000]: No path to next viewpoint[0m
[33m[WARN] [1790606000.682886214, 58.667000000]: Plan fail[0m
[31m[ERROR] [1790606000.704107945, 58.694000000]: No path to next viewpoint[0m
[33m[WARN] [1790606000.704446823, 58.694000000]: Plan fail[0m
[31m[ERROR] [1790606000.705888001, 58.694000000]: Larger cost after reallocation[0m
[31m[ERROR] [1790606000.723514352, 58.712000000]: No path to next viewpoint[0m
[33m[WARN] [1790606000.723749136, 58.712000000]: Plan fail[0m
[31m[ERROR] [1790606000.741632531, 58.721000000]: No path to next viewpoint[0m
[33m[WARN] [1790606000.742767682, 58.721000000]: Plan fail[0m
[33m[WARN] [1790606000.743591135, 58.731000000]: Pair opt 1 & 2[0m
[31m[ERROR] [1790606000.746493252, 58.731000000]: No path to next viewpoint[0m
[33m[WARN] [1790606000.746855058, 58.731000000]: Plan fail[0m
[31m[ERROR] [1790606000.766189595, 58.749000000]: No path to next viewpoint[0m
[33m[WARN] [1790606000.766370769, 58.749000000]: Plan fail[0m
[31m[ERROR] [1790606000.786846252, 58.767000000]: No path to next viewpoint[0m
[33m[WARN] [1790606000.787214394, 58.767000000]: Plan fail[0m
[31m[ERROR] [1790606000.788226567, 58.776000000]: Larger cost after reallocation[0m
[31m[ERROR] [1790606000.811366547, 58.795000000]: No path to next viewpoint[0m
[33m[WARN] [1790606000.811816105, 58.795000000]: Plan fail[0m
[31m[ERROR] [1790606000.819128552, 58.804000000]: No path to next viewpoint[0m
[33m[WARN] [1790606000.819438498, 58.804000000]: Plan fail[0m
[33m[WARN] [1790606000.819723682, 58.804000000]: Pair opt 1 & 2[0m
[31m[ERROR] [1790606000.833142055, 58.813000000]: No path to next viewpoint[0m
[33m[WARN] [1790606000.833350326, 58.813000000]: Plan fail[0m
[31m[ERROR] [1790606000.856689948, 58.840000000]: No path to next viewpoint[0m
[33m[WARN] [1790606000.857675357, 58.840000000]: Plan fail[0m
[31m[ERROR] [1790606000.868466583, 58.850000000]: Larger cost after reallocation[0m
[31m[ERROR] [1790606000.882162178, 58.859000000]: No path to next viewpoint[0m
[33m[WARN] [1790606000.882561961, 58.859000000]: Plan fail[0m
[31m[ERROR] [1790606000.903155961, 58.886000000]: No path to next viewpoint[0m
[33m[WARN] [1790606000.903357103, 58.886000000]: Plan fail[0m
[33m[WARN] [1790606000.906495422, 58.886000000]: Pair opt 1 & 2[0m
[31m[ERROR] [1790606000.911174635, 58.886000000]: No path to next viewpoint[0m
[33m[WARN] [1790606000.911462529, 58.886000000]: Plan fail[0m
[31m[ERROR] [1790606000.927554279, 58.904000000]: No path to next viewpoint[0m
[33m[WARN] [1790606000.927886403, 58.904000000]: Plan fail[0m
[31m[ERROR] [1790606000.947649530, 58.923000000]: No path to next viewpoint[0m
[33m[WARN] [1790606000.947976735, 58.923000000]: Plan fail[0m
[31m[ERROR] [1790606000.954571698, 58.932000000]: Larger cost after reallocation[0m
[31m[ERROR] [1790606000.973958595, 58.950000000]: No path to next viewpoint[0m
[33m[WARN] [1790606000.974467724, 58.950000000]: Plan fail[0m
[31m[ERROR] [1790606000.993334820, 58.968000000]: No path to next viewpoint[0m
[33m[WARN] [1790606000.993511908, 58.968000000]: Plan fail[0m
[33m[WARN] [1790606000.993869212, 58.968000000]: Pair opt 1 & 2[0m
[31m[ERROR] [1790606000.994386720, 58.968000000]: No path to next viewpoint[0m
[33m[WARN] [1790606000.994637429, 58.968000000]: Plan fail[0m
[31m[ERROR] [1790606001.011080771, 58.987000000]: No path to next viewpoint[0m
[33m[WARN] [1790606001.011451207, 58.987000000]: Plan fail[0m
[31m[ERROR] [1790606001.026619912, 59.005000000]: No path to next viewpoint[0m
[33m[WARN] [1790606001.026908556, 59.005000000]: Plan fail[0m
[31m[ERROR] [1790606001.042357110, 59.014000000]: Larger cost after reallocation[0m
[31m[ERROR] [1790606001.045047872, 59.023000000]: No path to next viewpoint[0m
[33m[WARN] [1790606001.045347563, 59.023000000]: Plan fail[0m
[31m[ERROR] [1790606001.062957864, 59.033000000]: No path to next viewpoint[0m
[33m[WARN] [1790606001.063706696, 59.033000000]: Plan fail[0m
[31m[ERROR] [1790606001.070269434, 59.042000000]: No path to next viewpoint[0m
[33m[WARN] [1790606001.070451442, 59.042000000]: Plan fail[0m
[33m[WARN] [1790606001.073818250, 59.042000000]: Pair opt 1 & 2[0m
[31m[ERROR] [1790606001.086041025, 59.060000000]: No path to next viewpoint[0m
[33m[WARN] [1790606001.086188723, 59.060000000]: Plan fail[0m
[31m[ERROR] [1790606001.105221485, 59.078000000]: No path to next viewpoint[0m
[33m[WARN] [1790606001.105480614, 59.078000000]: Plan fail[0m
[31m[ERROR] [1790606001.120408241, 59.097000000]: Larger cost after reallocation[0m
[31m[ERROR] [1790606001.124195300, 59.097000000]: No path to next viewpoint[0m
[33m[WARN] [1790606001.124557607, 59.097000000]: Plan fail[0m
[31m[ERROR] [1790606001.147133264, 59.115000000]: No path to next viewpoint[0m
[33m[WARN] [1790606001.147425702, 59.115000000]: Plan fail[0m
[31m[ERROR] [1790606001.152350830, 59.124000000]: No path to next viewpoint[0m
[33m[WARN] [1790606001.152792634, 59.124000000]: Plan fail[0m
[33m[WARN] [1790606001.153525041, 59.124000000]: Pair opt 1 & 2[0m
[31m[ERROR] [1790606001.168135760, 59.142000000]: No path to next viewpoint[0m
[33m[WARN] [1790606001.168449333, 59.142000000]: Plan fail[0m
[31m[ERROR] [1790606001.188669980, 59.161000000]: No path to next viewpoint[0m
[33m[WARN] [1790606001.188844234, 59.161000000]: Plan fail[0m
[31m[ERROR] [1790606001.196336186, 59.170000000]: Larger cost after reallocation[0m
[31m[ERROR] [1790606001.208236175, 59.179000000]: No path to next viewpoint[0m
[33m[WARN] [1790606001.208452116, 59.179000000]: Plan fail[0m
[31m[ERROR] [1790606001.227477041, 59.197000000]: No path to next viewpoint[0m
[33m[WARN] [1790606001.227906464, 59.197000000]: Plan fail[0m
[33m[WARN] [1790606001.228248843, 59.197000000]: Pair opt 1 & 2[0m
[31m[ERROR] [1790606001.228324422, 59.197000000]: No path to next viewpoint[0m
[33m[WARN] [1790606001.229649751, 59.197000000]: Plan fail[0m
[31m[ERROR] [1790606001.253165587, 59.225000000]: No path to next viewpoint[0m
[33m[WARN] [1790606001.253451730, 59.225000000]: Plan fail[0m
[31m[ERROR] [1790606001.277729779, 59.243000000]: Larger cost after reallocation[0m
[31m[ERROR] [1790606001.279454391, 59.243000000]: No path to next viewpoint[0m
[33m[WARN] [1790606001.279806484, 59.243000000]: Plan fail[0m
[31m[ERROR] [1790606001.298282676, 59.270000000]: No path to next viewpoint[0m
[33m[WARN] [1790606001.298528840, 59.270000000]: Plan fail[0m
[31m[ERROR] [1790606001.303053685, 59.270000000]: No path to next viewpoint[0m
[33m[WARN] [1790606001.303364007, 59.270000000]: Plan fail[0m
[33m[WARN] [1790606001.306608670, 59.279000000]: Pair opt 1 & 2[0m
[31m[ERROR] [1790606001.319851622, 59.289000000]: No path to next viewpoint[0m
[33m[WARN] [1790606001.320020623, 59.289000000]: Plan fail[0m
[31m[ERROR] [1790606001.338481599, 59.307000000]: No path to next viewpoint[0m
[33m[WARN] [1790606001.338937451, 59.307000000]: Plan fail[0m
[31m[ERROR] [1790606001.354257483, 59.325000000]: Larger cost after reallocation[0m
[31m[ERROR] [1790606001.357608449, 59.325000000]: No path to next viewpoint[0m
[33m[WARN] [1790606001.357880376, 59.325000000]: Plan fail[0m
[31m[ERROR] [1790606001.374571343, 59.343000000]: No path to next viewpoint[0m
[33m[WARN] [1790606001.374781323, 59.343000000]: Plan fail[0m
[31m[ERROR] [1790606001.385637748, 59.353000000]: No path to next viewpoint[0m
[33m[WARN] [1790606001.385931145, 59.353000000]: Plan fail[0m
[33m[WARN] [1790606001.386213828, 59.353000000]: Pair opt 1 & 2[0m
[31m[ERROR] [1790606001.393122364, 59.353000000]: No path to next viewpoint[0m
[33m[WARN] [1790606001.393387705, 59.353000000]: Plan fail[0m
[31m[ERROR] [1790606001.411841510, 59.371000000]: No path to next viewpoint[0m
[33m[WARN] [1790606001.412321375, 59.371000000]: Plan fail[0m
[31m[ERROR] [1790606001.435894322, 59.398000000]: No path to next viewpoint[0m
[33m[WARN] [1790606001.436176588, 59.398000000]: Plan fail[0m
[31m[ERROR] [1790606001.446508919, 59.408000000]: Larger cost after reallocation[0m
[31m[ERROR] [1790606001.455321865, 59.417000000]: No path to next viewpoint[0m
[33m[WARN] [1790606001.455564611, 59.417000000]: Plan fail[0m
[31m[ERROR] [1790606001.478771292, 59.426000000]: No path to next viewpoint[0m
[33m[WARN] [1790606001.479033715, 59.426000000]: Plan fail[0m
[31m[ERROR] [1790606001.487941625, 59.444000000]: No path to next viewpoint[0m
[33m[WARN] [1790606001.488129510, 59.444000000]: Plan fail[0m
[33m[WARN] [1790606001.488727392, 59.444000000]: Pair opt 1 & 2[0m
[31m[ERROR] [1790606001.494543340, 59.444000000]: No path to next viewpoint[0m
[33m[WARN] [1790606001.495154271, 59.444000000]: Plan fail[0m
[31m[ERROR] [1790606001.518031620, 59.472000000]: No path to next viewpoint[0m
[33m[WARN] [1790606001.518173024, 59.472000000]: Plan fail[0m
[31m[ERROR] [1790606001.537680898, 59.481000000]: Larger cost after reallocation[0m
[31m[ERROR] [1790606001.539081849, 59.490000000]: No path to next viewpoint[0m
[33m[WARN] [1790606001.539257937, 59.490000000]: Plan fail[0m
[31m[ERROR] [1790606001.556978251, 59.499000000]: No path to next viewpoint[0m
[33m[WARN] [1790606001.557268562, 59.499000000]: Plan fail[0m
[31m[ERROR] [1790606001.568606187, 59.508000000]: No path to next viewpoint[0m
[33m[WARN] [1790606001.568849016, 59.508000000]: Plan fail[0m
[33m[WARN] [1790606001.569166884, 59.508000000]: Pair opt 1 & 2[0m
[31m[ERROR] [1790606001.576569250, 59.517000000]: No path to next viewpoint[0m
[33m[WARN] [1790606001.576907836, 59.517000000]: Plan fail[0m
[31m[ERROR] [1790606001.596142240, 59.536000000]: No path to next viewpoint[0m
[33m[WARN] [1790606001.596361849, 59.536000000]: Plan fail[0m
[31m[ERROR] [1790606001.606110680, 59.545000000]: Larger cost after reallocation[0m
[31m[ERROR] [1790606001.615657826, 59.554000000]: No path to next viewpoint[0m
[33m[WARN] [1790606001.615804608, 59.554000000]: Plan fail[0m
[31m[ERROR] [1790606001.631113842, 59.563000000]: No path to next viewpoint[0m
[33m[WARN] [1790606001.631293390, 59.563000000]: Plan fail[0m
[31m[ERROR] [1790606001.635348750, 59.572000000]: No path to next viewpoint[0m
[33m[WARN] [1790606001.635472520, 59.572000000]: Plan fail[0m
[33m[WARN] [1790606001.635627014, 59.572000000]: Pair opt 1 & 2[0m
[31m[ERROR] [1790606001.648838241, 59.581000000]: No path to next viewpoint[0m
[33m[WARN] [1790606001.649048179, 59.581000000]: Plan fail[0m
[31m[ERROR] [1790606001.666630049, 59.600000000]: No path to next viewpoint[0m
[33m[WARN] [1790606001.666879674, 59.600000000]: Plan fail[0m
[31m[ERROR] [1790606001.688140341, 59.618000000]: No path to next viewpoint[0m
[33m[WARN] [1790606001.688591233, 59.618000000]: Plan fail[0m
[31m[ERROR] [1790606001.691446118, 59.618000000]: Larger cost after reallocation[0m
[31m[ERROR] [1790606001.705931565, 59.627000000]: No path to next viewpoint[0m
[33m[WARN] [1790606001.706121035, 59.627000000]: Plan fail[0m
[31m[ERROR] [1790606001.725429684, 59.645000000]: No path to next viewpoint[0m
[33m[WARN] [1790606001.725847351, 59.645000000]: Plan fail[0m
[33m[WARN] [1790606001.729807497, 59.654000000]: Pair opt 1 & 2[0m
[31m[ERROR] [1790606001.730534902, 59.654000000]: No path to next viewpoint[0m
[33m[WARN] [1790606001.730806913, 59.654000000]: Plan fail[0m
[31m[ERROR] [1790606001.752808033, 59.673000000]: No path to next viewpoint[0m
[33m[WARN] [1790606001.753267805, 59.673000000]: Plan fail[0m
[31m[ERROR] [1790606001.773650116, 59.700000000]: No path to next viewpoint[0m
[33m[WARN] [1790606001.773935050, 59.700000000]: Plan fail[0m
[31m[ERROR] [1790606001.778429421, 59.700000000]: Larger cost after reallocation[0m
[31m[ERROR] [1790606001.793316819, 59.718000000]: No path to next viewpoint[0m
[33m[WARN] [1790606001.793536929, 59.718000000]: Plan fail[0m
[31m[ERROR] [1790606001.810853833, 59.737000000]: No path to next viewpoint[0m
[33m[WARN] [1790606001.811054934, 59.737000000]: Plan fail[0m
[31m[ERROR] [1790606001.811062688, 59.737000000]: No path to next viewpoint[0m
[33m[WARN] [1790606001.811489776, 59.737000000]: Pair opt 1 & 2[0m
[33m[WARN] [1790606001.811646480, 59.737000000]: Plan fail[0m
[31m[ERROR] [1790606001.835853744, 59.755000000]: No path to next viewpoint[0m
[33m[WARN] [1790606001.836023746, 59.755000000]: Plan fail[0m
[31m[ERROR] [1790606001.859376916, 59.773000000]: No path to next viewpoint[0m
[33m[WARN] [1790606001.859802421, 59.783000000]: Plan fail[0m
[31m[ERROR] [1790606001.865688779, 59.783000000]: Larger cost after reallocation[0m
[31m[ERROR] [1790606001.893075591, 59.810000000]: No path to next viewpoint[0m
[33m[WARN] [1790606001.893723998, 59.810000000]: Plan fail[0m
[31m[ERROR] [1790606001.906615857, 59.828000000]: No path to next viewpoint[0m
[33m[WARN] [1790606001.907222702, 59.828000000]: Plan fail[0m
[33m[WARN] [1790606001.907535650, 59.828000000]: Pair opt 1 & 2[0m
[31m[ERROR] [1790606001.927768428, 59.846000000]: No path to next viewpoint[0m
[33m[WARN] [1790606001.929161541, 59.846000000]: Plan fail[0m
[31m[ERROR] [1790606001.959588872, 59.874000000]: Larger cost after reallocation[0m
[31m[ERROR] [1790606001.965505788, 59.874000000]: No path to next viewpoint[0m
[33m[WARN] [1790606001.966613216, 59.874000000]: Plan fail[0m
[31m[ERROR] [1790606001.993932369, 59.901000000]: No path to next viewpoint[0m
[33m[WARN] [1790606001.994207798, 59.901000000]: Plan fail[0m
[31m[ERROR] [1790606002.004327064, 59.920000000]: No path to next viewpoint[0m
[33m[WARN] [1790606002.004979973, 59.920000000]: Plan fail[0m
[33m[WARN] [1790606002.006527288, 59.920000000]: Pair opt 1 & 2[0m
[31m[ERROR] [1790606002.018436531, 59.929000000]: No path to next viewpoint[0m
[33m[WARN] [1790606002.019023908, 59.929000000]: Plan fail[0m
[31m[ERROR] [1790606002.038511564, 59.947000000]: No path to next viewpoint[0m
[33m[WARN] [1790606002.038673478, 59.947000000]: Plan fail[0m
[31m[ERROR] [1790606002.053562336, 59.965000000]: Larger cost after reallocation[0m
[31m[ERROR] [1790606002.057589015, 59.965000000]: No path to next viewpoint[0m
[33m[WARN] [1790606002.057952154, 59.965000000]: Plan fail[0m
[31m[ERROR] [1790606002.080207860, 59.993000000]: No path to next viewpoint[0m
[33m[WARN] [1790606002.080435057, 59.993000000]: Plan fail[0m
[31m[ERROR] [1790606002.083772266, 59.993000000]: No path to next viewpoint[0m
[33m[WARN] [1790606002.084303907, 59.993000000]: Plan fail[0m
[33m[WARN] [1790606002.084632613, 59.993000000]: Pair opt 1 & 2[0m
[31m[ERROR] [1790606002.103216359, 60.011000000]: No path to next viewpoint[0m
[33m[WARN] [1790606002.103692847, 60.011000000]: Plan fail[0m
[31m[ERROR] [1790606002.124656156, 60.029000000]: No path to next viewpoint[0m
[33m[WARN] [1790606002.124972731, 60.029000000]: Plan fail[0m
[31m[ERROR] [1790606002.135202302, 60.048000000]: Larger cost after reallocation[0m
[31m[ERROR] [1790606002.146584157, 60.057000000]: No path to next viewpoint[0m
[33m[WARN] [1790606002.146854917, 60.057000000]: Plan fail[0m
[31m[ERROR] [1790606002.164741064, 60.075000000]: No path to next viewpoint[0m
[33m[WARN] [1790606002.165014325, 60.075000000]: Plan fail[0m
[31m[ERROR] [1790606002.167233893, 60.075000000]: No path to next viewpoint[0m
[33m[WARN] [1790606002.167536211, 60.075000000]: Plan fail[0m
[33m[WARN] [1790606002.167929699, 60.075000000]: Pair opt 1 & 2[0m
[31m[ERROR] [1790606002.184928402, 60.093000000]: No path to next viewpoint[0m
[33m[WARN] [1790606002.185144719, 60.093000000]: Plan fail[0m
[31m[ERROR] [1790606002.202098942, 60.112000000]: No path to next viewpoint[0m
[33m[WARN] [1790606002.202317301, 60.112000000]: Plan fail[0m
[31m[ERROR] [1790606002.216152965, 60.121000000]: Larger cost after reallocation[0m
[31m[ERROR] [1790606002.219948404, 60.130000000]: No path to next viewpoint[0m
[33m[WARN] [1790606002.220160968, 60.130000000]: Plan fail[0m
[31m[ERROR] [1790606002.237253219, 60.148000000]: No path to next viewpoint[0m
[33m[WARN] [1790606002.237465658, 60.148000000]: Plan fail[0m
[31m[ERROR] [1790606002.241247798, 60.148000000]: No path to next viewpoint[0m
[33m[WARN] [1790606002.241581131, 60.148000000]: Plan fail[0m
[33m[WARN] [1790606002.241957861, 60.148000000]: Pair opt 1 & 2[0m
[31m[ERROR] [1790606002.255163753, 60.158000000]: No path to next viewpoint[0m
[33m[WARN] [1790606002.255578335, 60.167000000]: Plan fail[0m
[31m[ERROR] [1790606002.272980823, 60.176000000]: No path to next viewpoint[0m
[33m[WARN] [1790606002.273234492, 60.176000000]: Plan fail[0m
[31m[ERROR] [1790606002.286921665, 60.194000000]: Larger cost after reallocation[0m
[31m[ERROR] [1790606002.292937839, 60.194000000]: No path to next viewpoint[0m
[33m[WARN] [1790606002.293527508, 60.203000000]: Plan fail[0m
[31m[ERROR] [1790606002.317388850, 60.222000000]: No path to next viewpoint[0m
[33m[WARN] [1790606002.317633013, 60.222000000]: Plan fail[0m
[31m[ERROR] [1790606002.318430829, 60.222000000]: No path to next viewpoint[0m
[33m[WARN] [1790606002.318656233, 60.222000000]: Plan fail[0m
[33m[WARN] [1790606002.318988733, 60.222000000]: Pair opt 1 & 2[0m
[31m[ERROR] [1790606002.341067516, 60.249000000]: No path to next viewpoint[0m
[33m[WARN] [1790606002.341382674, 60.249000000]: Plan fail[0m
[31m[ERROR] [1790606002.364393299, 60.267000000]: No path to next viewpoint[0m
[33m[WARN] [1790606002.364813675, 60.267000000]: Plan fail[0m
[31m[ERROR] [1790606002.366915434, 60.276000000]: Larger cost after reallocation[0m
[31m[ERROR] [1790606002.380030572, 60.286000000]: No path to next viewpoint[0m
[33m[WARN] [1790606002.380298831, 60.286000000]: Plan fail[0m
[31m[ERROR] [1790606002.395145792, 60.295000000]: No path to next viewpoint[0m
[33m[WARN] [1790606002.395345850, 60.295000000]: Plan fail[0m
[31m[ERROR] [1790606002.402723371, 60.304000000]: No path to next viewpoint[0m
[33m[WARN] [1790606002.402882117, 60.304000000]: Plan fail[0m
[33m[WARN] [1790606002.403103227, 60.304000000]: Pair opt 1 & 2[0m
[31m[ERROR] [1790606002.418585589, 60.322000000]: No path to next viewpoint[0m
[33m[WARN] [1790606002.418850222, 60.322000000]: Plan fail[0m
[31m[ERROR] [1790606002.434660123, 60.331000000]: No path to next viewpoint[0m
[33m[WARN] [1790606002.434835794, 60.331000000]: Plan fail[0m
[31m[ERROR] [1790606002.455375350, 60.350000000]: Larger cost after reallocation[0m
[31m[ERROR] [1790606002.458262960, 60.359000000]: No path to next viewpoint[0m
[33m[WARN] [1790606002.458517754, 60.359000000]: Plan fail[0m
[31m[ERROR] [1790606002.480272501, 60.377000000]: No path to next viewpoint[0m
[33m[WARN] [1790606002.480531922, 60.377000000]: Plan fail[0m
[31m[ERROR] [1790606002.487463094, 60.386000000]: No path to next viewpoint[0m
[33m[WARN] [1790606002.487742943, 60.386000000]: Plan fail[0m
[33m[WARN] [1790606002.488144143, 60.386000000]: Pair opt 1 & 2[0m
[31m[ERROR] [1790606002.509447331, 60.386000000]: No path to next viewpoint[0m
[33m[WARN] [1790606002.511204959, 60.386000000]: Plan fail[0m
[31m[ERROR] [1790606002.547361862, 60.386000000]: No path to next viewpoint[0m
[33m[WARN] [1790606002.548988842, 60.386000000]: Plan fail[0m
[31m[ERROR] [1790606002.550798038, 60.386000000]: Larger cost after reallocation[0m

[1mROS_MASTER_URI=http://localhost:11328[0m
]2;/comparison/racer.launch http://localhost:11328
[1mprocess[exploration_node_1-1]: started with pid [1024][0m
[1mprocess[tsp_solver_1-2]: started with pid [1025][0m
[1mprocess[acvrp_solver_1-3]: started with pid [1027][0m
[1mprocess[traj_server_1-4]: started with pid [1037][0m
[1mprocess[exploration_node_2-5]: started with pid [1038][0m
[1mprocess[tsp_solver_2-6]: started with pid [1039][0m
[1mprocess[acvrp_solver_2-7]: started with pid [1045][0m
[1mprocess[traj_server_2-8]: started with pid [1052][0m
[traj_server_2-8] killing on exit
[acvrp_solver_2-7] killing on exit
[tsp_solver_2-6] killing on exit
[exploration_node_2-5] killing on exit
[traj_server_1-4] killing on exit
[acvrp_solver_1-3] killing on exit
[tsp_solver_1-2] killing on exit
[exploration_node_1-1] killing on exit
shutting down processing monitor...
... shutting down processing monitor complete
[1mdone[0m
