drone,start,end,phase,reason,token,epoch,low_speed_s,moving_s,motion_samples_covered_s,mean_sampled_speed_mps,planning_request_overlap_s
0,20.0,20.200000000000003,execution,tracking_view,0:0715eac8:400002,400002,0.20000000000000284,0.0,0.20000000000000284,0.013787547089648007,0.0
1,20.0,20.200000000000003,execution,tracking_view,1:f18cc255:400002,400002,0.20000000000000284,0.0,0.20000000000000284,0.008534521158586984,0.0010000000000012221
0,20.200000000000003,20.400000000000002,execution,tracking_view,0:0715eac8:400002,400002,0.1039999999999992,0.09600000000000009,0.1999999999999993,0.1027511964270685,0.0
1,20.200000000000003,20.400000000000002,execution,tracking_view,1:f18cc255:400002,400002,0.11199999999999832,0.08800000000000097,0.1999999999999993,0.08857550636266684,0.0
1,20.400000000000002,20.6,execution,tracking_view,1:f18cc255:400002,400002,0.0,0.1999999999999993,0.1999999999999993,0.2945967105997635,0.0
0,20.400000000000002,20.6,execution,tracking_view,0:0715eac8:400002,400002,0.0,0.1999999999999993,0.1999999999999993,0.3089902522818942,0.0
0,20.6,20.8,execution,tracking_view,0:0715eac8:400002,400002,0.0,0.1999999999999993,0.1999999999999993,0.5210450468811401,0.0
1,20.6,20.8,execution,tracking_view,1:f18cc255:400002,400002,0.0,0.1999999999999993,0.1999999999999993,0.5099456096775357,0.0
0,20.8,21.0,execution,tracking_view,0:0715eac8:400002,400002,0.0,0.1999999999999993,0.1999999999999993,0.7015760520185937,0.0
1,20.8,21.0,execution,tracking_view,1:f18cc255:400002,400002,0.0,0.1999999999999993,0.1999999999999993,0.6912436650636583,0.0
1,21.0,21.200000000000003,execution,tracking_view,1:f18cc255:400002,400002,0.0,0.20000000000000284,0.20000000000000284,0.7433679475802758,0.0
0,21.0,21.200000000000003,execution,tracking_view,0:0715eac8:400002,400002,0.0,0.20000000000000284,0.20000000000000284,0.7477522733748005,0.0
0,21.200000000000003,21.400000000000002,execution,tracking_view,0:0715eac8:400002,400002,0.0,0.1999999999999993,0.1999999999999993,0.6917361990480952,0.0
1,21.200000000000003,21.401,execution,tracking_view,1:f18cc255:400002,400002,0.0,0.20099999999999696,0.20099999999999696,0.6980834908911152,0.0
0,21.400000000000002,21.6,execution,tracking_view,0:0715eac8:400002,400002,0.0,0.1999999999999993,0.1999999999999993,0.6307223538758149,0.0
1,21.401,21.6,execution,tracking_view,1:f18cc255:400002,400002,0.0,0.19900000000000162,0.19900000000000162,0.6416110298484174,0.0
0,21.6,21.8,execution,tracking_view,0:0715eac8:400002,400002,0.0,0.1999999999999993,0.1999999999999993,0.5872866360500028,0.0
1,21.6,21.8,execution,tracking_view,1:f18cc255:400002,400002,0.0,0.1999999999999993,0.1999999999999993,0.6017558309066239,0.0
0,21.8,22.0,execution,tracking_view,0:0715eac8:400002,400002,0.0,0.1999999999999993,0.1999999999999993,0.563356327474535,0.0
1,21.8,22.0,execution,tracking_view,1:f18cc255:400002,400002,0.0,0.1999999999999993,0.1999999999999993,0.5708877811510332,0.0
1,22.0,22.200000000000003,execution,tracking_view,1:f18cc255:400002,400002,0.0,0.20000000000000284,0.20000000000000284,0.47588711309326337,0.0
0,22.0,22.200000000000003,execution,tracking_view,0:0715eac8:400002,400002,0.0,0.20000000000000284,0.20000000000000284,0.5647414603006752,0.0
0,22.200000000000003,22.400000000000002,execution,tracking_view,0:0715eac8:400002,400002,0.0,0.1999999999999993,0.1999999999999993,0.5401227058204627,0.0
1,22.200000000000003,22.400000000000002,execution,tracking_view,1:f18cc255:400002,400002,0.0,0.1999999999999993,0.1999999999999993,0.26775841805010314,0.0
0,22.400000000000002,22.6,execution,tracking_view,0:0715eac8:400002,400002,0.0,0.1999999999999993,0.1999999999999993,0.42128878351439547,0.0
1,22.400000000000002,22.6,execution,tracking_view,1:f18cc255:400002,400002,0.15000000000000568,0.049999999999993605,0.1999999999999993,0.0652802041164777,0.0
0,22.6,22.8,execution,tracking_view,0:0715eac8:400002,400002,0.0,0.1999999999999993,0.1999999999999993,0.2571200652852146,0.0
1,22.6,22.8,execution,tracking_view,1:f18cc255:400002,400002,0.07699999999999818,0.12300000000000111,0.1999999999999993,0.10965492610451089,0.0
0,22.8,23.0,execution,tracking_view,0:0715eac8:400002,400002,0.04899999999999949,0.1509999999999998,0.1999999999999993,0.1271045064950584,0.0
1,22.8,23.0,observation_dwell,observation_dwell,1:f18cc255:400002,400002,0.0,0.1999999999999993,0.1999999999999993,0.1461085862404441,0.0
0,23.0,23.200000000000003,execution,tracking_view,0:0715eac8:400002,400002,0.20000000000000284,0.0,0.20000000000000284,0.03599717044855049,0.0
1,23.0,23.200000000000003,observation_dwell,observation_dwell,1:f18cc255:400002,400002,0.11000000000000298,0.08999999999999986,0.20000000000000284,0.10073079453992352,0.0
0,23.200000000000003,23.400000000000002,execution,tracking_view,0:0715eac8:400002,400002,0.1999999999999993,0.0,0.1999999999999993,0.036813198632146465,0.0
1,23.200000000000003,23.400000000000002,allocation_wait,idle,1:f18cc255:400002,400002,0.1999999999999993,0.0,0.1999999999999993,0.044716469726547636,0.0
0,23.400000000000002,23.6,execution,tracking_view,0:0715eac8:400002,400002,0.1999999999999993,0.0,0.1999999999999993,0.06980433674513163,0.0
1,23.400000000000002,23.6,allocation_wait,idle,1:f18cc255:400002,400002,0.1999999999999993,0.0,0.1999999999999993,0.019832427919831672,0.0
0,23.6,23.8,observation_dwell,observation_dwell,0:0715eac8:400002,400002,0.1999999999999993,0.0,0.1999999999999993,0.059405614154250386,0.0
1,23.6,23.8,allocation_wait,idle,1:f18cc255:400002,400002,0.1999999999999993,0.0,0.1999999999999993,0.024792261059487657,0.0
0,23.8,24.0,observation_dwell,observation_dwell,0:0715eac8:400002,400002,0.1999999999999993,0.0,0.1999999999999993,0.029574740464767577,0.0
1,23.8,24.0,allocation_wait,idle,1:f18cc255:400002,400002,0.1999999999999993,0.0,0.1999999999999993,0.02521137952235145,0.0
0,24.0,24.200000000000003,allocation_wait,idle,0:0715eac8:400002,400002,0.20000000000000284,0.0,0.20000000000000284,0.018200532828614696,0.0
1,24.0,24.200000000000003,allocation_wait,idle,1:f18cc255:400002,400002,0.20000000000000284,0.0,0.20000000000000284,0.029555924952587624,0.0
0,24.200000000000003,24.400000000000002,allocation_wait,idle,0:0715eac8:400002,400002,0.1999999999999993,0.0,0.1999999999999993,0.031038663673692825,0.0
1,24.200000000000003,24.400000000000002,allocation_wait,idle,1:f18cc255:400002,400002,0.1999999999999993,0.0,0.1999999999999993,0.030525724727591123,0.0
0,24.400000000000002,24.6,reservation_wait,idle,0:0715eac8:400002,400002,0.1999999999999993,0.0,0.1999999999999993,0.032466628312953945,0.0
1,24.400000000000002,24.6,reservation_wait,idle,1:f18cc255:400002,400002,0.1999999999999993,0.0,0.1999999999999993,0.026097169994139878,0.0
0,24.6,24.8,reservation_wait,idle,0:0715eac8:400002,400002,0.1999999999999993,0.0,0.1999999999999993,0.03156563357893304,0.0
1,24.6,24.8,reservation_wait,idle,1:f18cc255:400002,400002,0.1999999999999993,0.0,0.1999999999999993,0.01916901830073264,0.0
0,24.8,25.0,reservation_wait,idle,0:0715eac8:400002,400002,0.1999999999999993,0.0,0.1999999999999993,0.02674223022393761,0.0
1,24.8,25.0,reservation_wait,idle,1:f18cc255:400002,400002,0.1999999999999993,0.0,0.1999999999999993,0.018358636424237997,0.0
0,25.0,25.200000000000003,reservation_wait,idle,0:0715eac8:400002,400002,0.20000000000000284,0.0,0.20000000000000284,0.02135126139874786,0.0
1,25.0,25.200000000000003,reservation_wait,idle,1:f18cc255:400002,400002,0.20000000000000284,0.0,0.20000000000000284,0.013949255777226537,0.0
0,25.200000000000003,25.400000000000002,allocation_wait,idle,0:0715eac8:400002,400002,0.1999999999999993,0.0,0.1999999999999993,0.016668024146987065,0.0
1,25.200000000000003,25.400000000000002,allocation_wait,idle,1:f18cc255:400002,400002,0.1999999999999993,0.0,0.1999999999999993,0.009913745915382651,0.0
0,25.400000000000002,25.602,execution,tracking_view,0:0715eac8:400003,400003,0.20199999999999818,0.0,0.20199999999999818,0.013795354728394894,0.10200000000000031
1,25.400000000000002,25.601000000000003,execution,tracking_view,1:f18cc255:400003,400003,0.2010000000000005,0.0,0.2010000000000005,0.01637623347290087,0.10100000000000264
0,25.602,25.8,execution,tracking_view,0:0715eac8:400003,400003,0.17199999999999704,0.026000000000003354,0.1980000000000004,0.06722888345614775,0.1980000000000004
1,25.601000000000003,25.8,execution,tracking_view,1:f18cc255:400003,400003,0.1729999999999947,0.026000000000003354,0.19899999999999807,0.06608539035894978,0.19899999999999807
0,25.8,26.0,execution,tracking_view,0:0715eac8:400003,400003,0.0030000000000001137,0.19699999999999918,0.1999999999999993,0.1795185680897146,0.1999999999999993
1,25.8,26.0,execution,tracking_view,1:f18cc255:400003,400003,0.0030000000000001137,0.19699999999999918,0.1999999999999993,0.16307811280616583,0.15900000000000247
0,26.0,26.200000000000003,execution,tracking_view,0:0715eac8:400003,400003,0.0,0.20000000000000284,0.20000000000000284,0.2904416204461604,0.20000000000000284
1,26.0,26.200000000000003,execution,tracking_view,1:f18cc255:400003,400003,0.0,0.20000000000000284,0.20000000000000284,0.2764985619545401,0.0
1,26.200000000000003,26.400000000000002,execution,tracking_view,1:f18cc255:400003,400003,0.0,0.1999999999999993,0.1999999999999993,0.39312532760800245,0.0
0,26.200000000000003,26.400000000000002,execution,tracking_view,0:0715eac8:400003,400003,0.0,0.1999999999999993,0.1999999999999993,0.36314886187588,0.18099999999999739
0,26.400000000000002,26.6,execution,tracking_view,0:0715eac8:400003,400003,0.0,0.1999999999999993,0.1999999999999993,0.38311354820100785,0.0
1,26.400000000000002,26.6,execution,tracking_view,1:f18cc255:400003,400003,0.0,0.1999999999999993,0.1999999999999993,0.49413507750828717,0.0
0,26.6,26.8,execution,tracking_view,0:0715eac8:400003,400003,0.0,0.1999999999999993,0.1999999999999993,0.3706579032102289,0.0
1,26.6,26.8,execution,tracking_view,1:f18cc255:400003,400003,0.0,0.1999999999999993,0.1999999999999993,0.5775957830519604,0.0
0,26.8,27.0,execution,tracking_view,0:0715eac8:400003,400003,0.0,0.1999999999999993,0.1999999999999993,0.30916240386381877,0.0
1,26.8,27.0,execution,tracking_view,1:f18cc255:400003,400003,0.0,0.1999999999999993,0.1999999999999993,0.6258580168572253,0.0
0,27.0,27.200000000000003,execution,tracking_view,0:0715eac8:400003,400003,0.0,0.20000000000000284,0.20000000000000284,0.20659290443132902,0.0
1,27.0,27.200000000000003,execution,tracking_view,1:f18cc255:400003,400003,0.0,0.20000000000000284,0.20000000000000284,0.6530454346236798,0.0
0,27.200000000000003,27.400000000000002,execution,tracking_view,0:0715eac8:400003,400003,0.10900000000000176,0.09099999999999753,0.1999999999999993,0.09599553222941455,0.0
1,27.200000000000003,27.400000000000002,execution,tracking_view,1:f18cc255:400003,400003,0.0,0.1999999999999993,0.1999999999999993,0.6451770483765902,0.0
0,27.400000000000002,27.6,execution,tracking_view,0:0715eac8:400003,400003,0.1999999999999993,0.0,0.1999999999999993,0.05442314519400026,0.0
1,27.400000000000002,27.6,execution,tracking_view,1:f18cc255:400003,400003,0.0,0.1999999999999993,0.1999999999999993,0.5976000037221557,0.0
1,27.6,27.8,execution,tracking_view,1:f18cc255:400003,400003,0.0,0.1999999999999993,0.1999999999999993,0.5322236298359374,0.0
0,27.6,27.8,observation_dwell,observation_dwell,0:0715eac8:400003,400003,0.137000000000004,0.06299999999999528,0.1999999999999993,0.09377612250580816,0.0
0,27.8,28.0,observation_dwell,observation_dwell,0:0715eac8:400003,400003,0.17400000000000304,0.02599999999999625,0.1999999999999993,0.0871322877562559,0.0
1,27.8,28.0,execution,tracking_view,1:f18cc255:400003,400003,0.0,0.1999999999999993,0.1999999999999993,0.44931495682291317,0.0
0,28.0,28.200000000000003,allocation_wait,idle,0:0715eac8:400003,400003,0.20000000000000284,0.0,0.20000000000000284,0.051070631649112554,0.0
1,28.0,28.200000000000003,execution,tracking_view,1:f18cc255:400003,400003,0.0,0.20000000000000284,0.20000000000000284,0.32705793623154317,0.0
0,28.200000000000003,28.400000000000002,allocation_wait,idle,0:0715eac8:400003,400003,0.1999999999999993,0.0,0.1999999999999993,0.024970233948102,0.0
1,28.200000000000003,28.400000000000002,execution,tracking_view,1:f18cc255:400003,400003,0.0,0.1999999999999993,0.1999999999999993,0.20546947969941265,0.0
0,28.400000000000002,28.6,allocation_wait,idle,0:0715eac8:400003,400003,0.1999999999999993,0.0,0.1999999999999993,0.019447555857286223,0.0
1,28.400000000000002,28.6,execution,tracking_view,1:f18cc255:400003,400003,0.11100000000000065,0.08899999999999864,0.1999999999999993,0.09577225743715523,0.0
0,28.6,28.8,allocation_wait,idle,0:0715eac8:400003,400003,0.1999999999999993,0.0,0.1999999999999993,0.024578124659935273,0.0
1,28.6,28.8,execution,tracking_view,1:f18cc255:400003,400003,0.1999999999999993,0.0,0.1999999999999993,0.020517431082286465,0.0
0,28.8,29.000000000000004,reservation_wait,idle,0:0715eac8:400003,400003,0.20000000000000284,0.0,0.20000000000000284,0.02678786339188198,0.0
1,28.8,29.000000000000004,execution,tracking_view,1:f18cc255:400003,400003,0.20000000000000284,0.0,0.20000000000000284,0.06553094538552827,0.0
0,29.000000000000004,29.200000000000003,reservation_wait,idle,0:0715eac8:400003,400003,0.1999999999999993,0.0,0.1999999999999993,0.027836814680324985,0.0
1,29.000000000000004,29.201,execution,tracking_view,1:f18cc255:400003,400003,0.1489999999999938,0.052000000000003155,0.20099999999999696,0.0946245053173424,0.0
0,29.200000000000003,29.400000000000002,reservation_wait,idle,0:0715eac8:400003,400003,0.1999999999999993,0.0,0.1999999999999993,0.024084794817274997,0.0
1,29.201,29.400000000000002,observation_dwell,observation_dwell,1:f18cc255:400003,400003,0.19900000000000162,0.0,0.19900000000000162,0.07336590351535169,0.0
1,29.400000000000002,29.6,observation_dwell,observation_dwell,1:f18cc255:400003,400003,0.1999999999999993,0.0,0.1999999999999993,0.03158659911862362,0.0
0,29.400000000000002,29.6,reservation_wait,idle,0:0715eac8:400003,400003,0.1999999999999993,0.0,0.1999999999999993,0.021311536548935955,0.0
0,29.6,29.8,allocation_wait,idle,0:0715eac8:400003,400003,0.1999999999999993,0.0,0.1999999999999993,0.016847215667929266,0.0
1,29.6,29.8,allocation_wait,idle,1:f18cc255:400003,400003,0.1999999999999993,0.0,0.1999999999999993,0.009495451161158242,0.0
1,29.8,30.000000000000004,allocation_wait,idle,1:f18cc255:400003,400003,0.19800000000000395,0.0019999999999988916,0.20000000000000284,0.022769882560001398,0.0
0,29.8,30.000000000000004,execution,tracking_view,0:0715eac8:400004,400004,0.20000000000000284,0.0,0.20000000000000284,0.011777921631441446,0.0
1,30.000000000000004,30.200000000000003,allocation_wait,idle,1:f18cc255:400003,400003,0.1999999999999993,0.0,0.1999999999999993,0.03401746572631765,0.0
0,30.000000000000004,30.200000000000003,execution,tracking_view,0:0715eac8:400004,400004,0.1999999999999993,0.0,0.1999999999999993,0.018323109437428327,0.1999999999999993
1,30.200000000000003,30.400000000000002,allocation_wait,idle,1:f18cc255:400003,400003,0.1999999999999993,0.0,0.1999999999999993,0.03617559958882111,0.0
0,30.200000000000003,30.401000000000003,execution,tracking_view,0:0715eac8:400004,400004,0.2010000000000005,0.0,0.2010000000000005,0.039246265471602496,0.2010000000000005
0,30.401000000000003,30.6,execution,tracking_view,0:0715eac8:400004,400004,0.19899999999999807,0.0,0.19899999999999807,0.072440298235011,0.008999999999996788
1,30.400000000000002,30.6,reservation_wait,idle,1:f18cc255:400003,400003,0.1999999999999993,0.0,0.1999999999999993,0.03307966671003074,0.0
0,30.6,30.8,execution,tracking_view,0:0715eac8:400004,400004,0.054000000000002046,0.14599999999999724,0.1999999999999993,0.10975368579464398,0.0
1,30.6,30.8,reservation_wait,idle,1:f18cc255:400003,400003,0.1999999999999993,0.0,0.1999999999999993,0.02585920626535286,0.0
1,30.8,31.000000000000004,reservation_wait,idle,1:f18cc255:400003,400003,0.20000000000000284,0.0,0.20000000000000284,0.017759737079425925,0.0
0,30.8,31.000000000000004,execution,tracking_view,0:0715eac8:400004,400004,0.0,0.20000000000000284,0.20000000000000284,0.15316321707166647,0.0
1,31.000000000000004,31.200000000000003,reservation_wait,idle,1:f18cc255:400003,400003,0.1999999999999993,0.0,0.1999999999999993,0.016149742940663146,0.0
0,31.000000000000004,31.200000000000003,execution,tracking_view,0:0715eac8:400004,400004,0.0,0.1999999999999993,0.1999999999999993,0.20114705227889043,0.0
0,31.200000000000003,31.400000000000002,execution,tracking_view,0:0715eac8:400004,400004,0.0,0.1999999999999993,0.1999999999999993,0.2452348140418013,0.0
1,31.200000000000003,31.400000000000002,allocation_wait,idle,1:f18cc255:400003,400003,0.1999999999999993,0.0,0.1999999999999993,0.015605212357095081,0.0
0,31.400000000000002,31.6,execution,tracking_view,0:0715eac8:400004,400004,0.0,0.1999999999999993,0.1999999999999993,0.28566524361869444,0.0
1,31.400000000000002,31.6,execution,tracking_view,1:f18cc255:400004,400004,0.1999999999999993,0.0,0.1999999999999993,0.018438442144171133,0.09999999999999787
0,31.6,31.8,execution,tracking_view,0:0715eac8:400004,400004,0.0,0.1999999999999993,0.1999999999999993,0.3273951027437439,0.0
1,31.6,31.8,execution,tracking_view,1:f18cc255:400004,400004,0.15500000000000114,0.04499999999999815,0.1999999999999993,0.07484321291284318,0.1999999999999993
0,31.8,32.0,execution,tracking_view,0:0715eac8:400004,400004,0.0,0.1999999999999993,0.1999999999999993,0.3682518927035133,0.0
1,31.8,32.001000000000005,execution,tracking_view,1:f18cc255:400004,400004,0.0,0.20100000000000406,0.20100000000000406,0.2041620819456605,0.1999999999999993
0,32.0,32.2,execution,tracking_view,0:0715eac8:400004,400004,0.0,0.20000000000000284,0.20000000000000284,0.40593996197908483,0.0
1,32.001000000000005,32.2,execution,tracking_view,1:f18cc255:400004,400004,0.0,0.19899999999999807,0.19899999999999807,0.3493446561883045,0.0
0,32.2,32.4,execution,tracking_view,0:0715eac8:400004,400004,0.0,0.19999999999999574,0.19999999999999574,0.4447366497321295,0.0
1,32.2,32.4,execution,tracking_view,1:f18cc255:400004,400004,0.0,0.19999999999999574,0.19999999999999574,0.4758361321573426,0.0
0,32.4,32.6,execution,tracking_view,0:0715eac8:400004,400004,0.0,0.20000000000000284,0.20000000000000284,0.4748929811306528,0.0
1,32.4,32.6,execution,tracking_view,1:f18cc255:400004,400004,0.0,0.20000000000000284,0.20000000000000284,0.5686148941128716,0.0
0,32.6,32.800000000000004,execution,tracking_view,0:0715eac8:400004,400004,0.0,0.20000000000000284,0.20000000000000284,0.5010423531530422,0.0
1,32.6,32.800000000000004,execution,tracking_view,1:f18cc255:400004,400004,0.0,0.20000000000000284,0.20000000000000284,0.6119952605841692,0.0
0,32.800000000000004,33.0,execution,tracking_view,0:0715eac8:400004,400004,0.0,0.19999999999999574,0.19999999999999574,0.5353604878525517,0.0
1,32.800000000000004,33.0,execution,tracking_view,1:f18cc255:400004,400004,0.0,0.19999999999999574,0.19999999999999574,0.6087776310461758,0.0
1,33.0,33.2,execution,tracking_view,1:f18cc255:400004,400004,0.0,0.20000000000000284,0.20000000000000284,0.5485343022997538,0.0
0,33.0,33.2,execution,tracking_view,0:0715eac8:400004,400004,0.0,0.20000000000000284,0.20000000000000284,0.5634268341194713,0.0
0,33.2,33.4,execution,tracking_view,0:0715eac8:400004,400004,0.0,0.19999999999999574,0.19999999999999574,0.5735201311203522,0.0
1,33.2,33.4,execution,tracking_view,1:f18cc255:400004,400004,0.0,0.19999999999999574,0.19999999999999574,0.444175889751991,0.0
0,33.4,33.6,execution,tracking_view,0:0715eac8:400004,400004,0.0,0.20000000000000284,0.20000000000000284,0.5852377054861712,0.0
1,33.4,33.6,execution,tracking_view,1:f18cc255:400004,400004,0.0,0.20000000000000284,0.20000000000000284,0.3187683291462895,0.0
0,33.6,33.800000000000004,execution,tracking_view,0:0715eac8:400004,400004,0.0,0.20000000000000284,0.20000000000000284,0.5845870096036243,0.0
1,33.6,33.800000000000004,execution,tracking_view,1:f18cc255:400004,400004,0.009000000000007446,0.1909999999999954,0.20000000000000284,0.17477116612689966,0.0
0,33.800000000000004,34.0,execution,tracking_view,0:0715eac8:400004,400004,0.0,0.19999999999999574,0.19999999999999574,0.5909753919737182,0.0
1,33.800000000000004,34.001000000000005,execution,tracking_view,1:f18cc255:400004,400004,0.1840000000000046,0.016999999999995907,0.2010000000000005,0.043361918317186963,0.0
0,34.0,34.2,execution,tracking_view,0:0715eac8:400004,400004,0.0,0.20000000000000284,0.20000000000000284,0.5857983475273691,0.0
1,34.001000000000005,34.2,execution,tracking_view,1:f18cc255:400004,400004,0.1699999999999946,0.029000000000003467,0.19899999999999807,0.07181462540155974,0.0
1,34.2,34.400000000000006,execution,tracking_view,1:f18cc255:400004,400004,0.012999999999998124,0.18700000000000472,0.20000000000000284,0.1192770704089793,0.0
0,34.2,34.400000000000006,execution,tracking_view,0:0715eac8:400004,400004,0.0,0.20000000000000284,0.20000000000000284,0.5742488206869285,0.0
0,34.400000000000006,34.6,execution,tracking_view,0:0715eac8:400004,400004,0.0,0.19999999999999574,0.19999999999999574,0.5601766928785554,0.0
1,34.400000000000006,34.6,observation_dwell,observation_dwell,1:f18cc255:400004,400004,0.11300000000000665,0.08699999999998909,0.19999999999999574,0.09898799998439199,0.0
0,34.6,34.800000000000004,execution,tracking_view,0:0715eac8:400004,400004,0.0,0.20000000000000284,0.20000000000000284,0.5424907996392105,0.0
1,34.6,34.800000000000004,observation_dwell,observation_dwell,1:f18cc255:400004,400004,0.20000000000000284,0.0,0.20000000000000284,0.053405975675647116,0.0
0,34.800000000000004,35.0,execution,tracking_view,0:0715eac8:400004,400004,0.0,0.19999999999999574,0.19999999999999574,0.5200421472954381,0.0
1,34.800000000000004,35.0,allocation_wait,idle,1:f18cc255:400004,400004,0.19999999999999574,0.0,0.19999999999999574,0.013640125400194911,0.0
0,35.0,35.2,execution,tracking_view,0:0715eac8:400004,400004,0.0,0.20000000000000284,0.20000000000000284,0.49699718631823897,0.0
1,35.0,35.2,allocation_wait,idle,1:f18cc255:400004,400004,0.20000000000000284,0.0,0.20000000000000284,0.016693741290409136,0.0
1,35.2,35.401,allocation_wait,idle,1:f18cc255:400004,400004,0.2010000000000005,0.0,0.2010000000000005,0.03465589282631678,0.0
0,35.2,35.401,execution,tracking_view,0:0715eac8:400004,400004,0.0,0.2010000000000005,0.2010000000000005,0.45421348794610067,0.0
0,35.401,35.6,execution,tracking_view,0:0715eac8:400004,400004,0.0,0.19899999999999807,0.19899999999999807,0.42034777318296374,0.10000000000000142
1,35.401,35.6,allocation_wait,idle,1:f18cc255:400004,400004,0.19899999999999807,0.0,0.19899999999999807,0.042856191500717435,0.0
1,35.6,35.800000000000004,reservation_wait,idle,1:f18cc255:400004,400004,0.20000000000000284,0.0,0.20000000000000284,0.03936035279083173,0.0
0,35.6,35.800000000000004,execution,tracking_view,0:0715eac8:400004,400004,0.0,0.20000000000000284,0.20000000000000284,0.3799526115176335,0.20000000000000284
1,35.800000000000004,36.0,reservation_wait,idle,1:f18cc255:400004,400004,0.19999999999999574,0.0,0.19999999999999574,0.03018780565859783,0.0
0,35.800000000000004,36.0,execution,tracking_view,0:0715eac8:400004,400004,0.0,0.19999999999999574,0.19999999999999574,0.335870839366294,0.19999999999999574
0,36.0,36.2,execution,tracking_view,0:0715eac8:400004,400004,0.0,0.20000000000000284,0.20000000000000284,0.29157985130928976,0.0
1,36.0,36.2,reservation_wait,idle,1:f18cc255:400004,400004,0.20000000000000284,0.0,0.20000000000000284,0.018514884041313975,0.0
1,36.2,36.400000000000006,reservation_wait,idle,1:f18cc255:400004,400004,0.20000000000000284,0.0,0.20000000000000284,0.010878876723595885,0.0
0,36.2,36.400000000000006,execution,tracking_view,0:0715eac8:400004,400004,0.0,0.20000000000000284,0.20000000000000284,0.24928987357535254,0.0
0,36.400000000000006,36.6,execution,tracking_view,0:0715eac8:400004,400004,0.0,0.19999999999999574,0.19999999999999574,0.20156929524012523,0.0
1,36.400000000000006,36.6,allocation_wait,idle,1:f18cc255:400004,400004,0.19999999999999574,0.0,0.19999999999999574,0.010141045792117168,0.09899999999999665
0,36.6,36.800000000000004,execution,tracking_view,0:0715eac8:400004,400004,0.0,0.20000000000000284,0.20000000000000284,0.1576762968395109,0.0
1,36.6,36.800000000000004,execution,tracking_view,1:f18cc255:400005,400005,0.20000000000000284,0.0,0.20000000000000284,0.010764114090046743,0.20000000000000284
1,36.800000000000004,37.0,execution,tracking_view,1:f18cc255:400005,400005,0.19999999999999574,0.0,0.19999999999999574,0.01654467580796269,0.19999999999999574
0,36.800000000000004,37.002,execution,tracking_view,0:0715eac8:400004,400004,0.011000000000002785,0.1909999999999954,0.20199999999999818,0.11738099705379161,0.0
0,37.002,37.2,execution,tracking_view,0:0715eac8:400004,400004,0.16599999999999682,0.03200000000000358,0.1980000000000004,0.08299335101889839,0.0
1,37.0,37.2,execution,tracking_view,1:f18cc255:400005,400005,0.20000000000000284,0.0,0.20000000000000284,0.040828332535921455,0.13300000000000267
0,37.2,37.400000000000006,execution,tracking_view,0:0715eac8:400004,400004,0.19400000000000261,0.006000000000000227,0.20000000000000284,0.05627538996470423,0.0
1,37.2,37.400000000000006,execution,tracking_view,1:f18cc255:400005,400005,0.18299999999999983,0.017000000000003013,0.20000000000000284,0.07917823355783388,0.0
0,37.400000000000006,37.6,execution,tracking_view,0:0715eac8:400004,400004,0.19999999999999574,0.0,0.19999999999999574,0.026263087500064345,0.0
1,37.400000000000006,37.6,execution,tracking_view,1:f18cc255:400005,400005,0.021999999999998465,0.17799999999999727,0.19999999999999574,0.12087341782598188,0.0
0,37.6,37.800000000000004,execution,tracking_view,0:0715eac8:400004,400004,0.20000000000000284,0.0,0.20000000000000284,0.010562578254677412,0.0
1,37.6,37.800000000000004,execution,tracking_view,1:f18cc255:400005,400005,0.0,0.20000000000000284,0.20000000000000284,0.16108013068508956,0.0
1,37.800000000000004,38.0,execution,tracking_view,1:f18cc255:400005,400005,0.0,0.19999999999999574,0.19999999999999574,0.19880531905818014,0.0
0,37.800000000000004,38.0,execution,tracking_view,0:0715eac8:400004,400004,0.19999999999999574,0.0,0.19999999999999574,0.012834528464853884,0.0
1,38.0,38.2,execution,tracking_view,1:f18cc255:400005,400005,0.0,0.20000000000000284,0.20000000000000284,0.24698305379837954,0.0
0,38.0,38.2,observation_dwell,observation_dwell,0:0715eac8:400004,400004,0.20000000000000284,0.0,0.20000000000000284,0.010349146609105428,0.0
0,38.2,38.401,observation_dwell,observation_dwell,0:0715eac8:400004,400004,0.2010000000000005,0.0,0.2010000000000005,0.007831356850408705,0.0
1,38.2,38.401,execution,tracking_view,1:f18cc255:400005,400005,0.0,0.2010000000000005,0.2010000000000005,0.30396106792128597,0.0
0,38.401,38.6,allocation_wait,idle,0:0715eac8:400004,400004,0.19899999999999807,0.0,0.19899999999999807,0.010222644464605052,0.0
1,38.401,38.6,execution,tracking_view,1:f18cc255:400005,400005,0.0,0.19899999999999807,0.19899999999999807,0.3601072679649895,0.0
0,38.6,38.800000000000004,allocation_wait,idle,0:0715eac8:400004,400004,0.20000000000000284,0.0,0.20000000000000284,0.007288747348622273,0.0
1,38.6,38.800000000000004,execution,tracking_view,1:f18cc255:400005,400005,0.0,0.20000000000000284,0.20000000000000284,0.3998314402194372,0.0
0,38.800000000000004,39.0,reservation_wait,idle,0:0715eac8:400004,400004,0.19999999999999574,0.0,0.19999999999999574,0.010656590210976464,0.0
1,38.800000000000004,39.0,execution,tracking_view,1:f18cc255:400005,400005,0.0,0.19999999999999574,0.19999999999999574,0.44024998036640645,0.0
1,39.0,39.2,execution,tracking_view,1:f18cc255:400005,400005,0.0,0.20000000000000284,0.20000000000000284,0.47466761210637826,0.0
0,39.0,39.2,reservation_wait,idle,0:0715eac8:400004,400004,0.20000000000000284,0.0,0.20000000000000284,0.008528128785402182,0.0
0,39.2,39.400000000000006,reservation_wait,idle,0:0715eac8:400004,400004,0.20000000000000284,0.0,0.20000000000000284,0.013750467647445206,0.0
1,39.2,39.400000000000006,execution,tracking_view,1:f18cc255:400005,400005,0.0,0.20000000000000284,0.20000000000000284,0.5035444497500128,0.0
0,39.400000000000006,39.6,reservation_wait,idle,0:0715eac8:400004,400004,0.19999999999999574,0.0,0.19999999999999574,0.010191459691406371,0.0
1,39.400000000000006,39.6,execution,tracking_view,1:f18cc255:400005,400005,0.0,0.19999999999999574,0.19999999999999574,0.5284368155327221,0.0
1,39.6,39.800000000000004,execution,tracking_view,1:f18cc255:400005,400005,0.0,0.20000000000000284,0.20000000000000284,0.5480577282437776,0.0
0,39.6,39.800000000000004,allocation_wait,idle,0:0715eac8:400004,400004,0.20000000000000284,0.0,0.20000000000000284,0.010265376219935611,0.0
0,39.800000000000004,40.0,execution,tracking_view,0:0715eac8:400005,400005,0.19999999999999574,0.0,0.19999999999999574,0.045281041636082896,0.0
1,39.800000000000004,40.0,execution,tracking_view,1:f18cc255:400005,400005,0.0,0.19999999999999574,0.19999999999999574,0.566018511600925,0.0
0,40.0,40.2,execution,tracking_view,0:0715eac8:400005,400005,0.06199999999999761,0.13800000000000523,0.20000000000000284,0.1321679874111408,0.20000000000000284
1,40.0,40.2,execution,tracking_view,1:f18cc255:400005,400005,0.0,0.20000000000000284,0.20000000000000284,0.5742505295661374,0.0
0,40.2,40.400000000000006,execution,tracking_view,0:0715eac8:400005,400005,0.0,0.20000000000000284,0.20000000000000284,0.24805242459877655,0.20000000000000284
1,40.2,40.400000000000006,execution,tracking_view,1:f18cc255:400005,400005,0.0,0.20000000000000284,0.20000000000000284,0.5790632371969615,0.0
0,40.400000000000006,40.6,execution,tracking_view,0:0715eac8:400005,400005,0.0,0.19999999999999574,0.19999999999999574,0.34241005425935284,0.19999999999999574
1,40.400000000000006,40.6,execution,tracking_view,1:f18cc255:400005,400005,0.0,0.19999999999999574,0.19999999999999574,0.5768102827880109,0.0
0,40.6,40.800000000000004,execution,tracking_view,0:0715eac8:400005,400005,0.0,0.20000000000000284,0.20000000000000284,0.42776925537905114,0.04899999999999949
1,40.6,40.802,execution,tracking_view,1:f18cc255:400005,400005,0.0,0.20199999999999818,0.20199999999999818,0.5738624220184291,0.0
0,40.800000000000004,41.0,execution,tracking_view,0:0715eac8:400005,400005,0.0,0.19999999999999574,0.19999999999999574,0.47507238976837807,0.0
1,40.802,41.0,execution,tracking_view,1:f18cc255:400005,400005,0.0,0.1980000000000004,0.1980000000000004,0.5676675007353298,0.0
0,41.0,41.2,execution,tracking_view,0:0715eac8:400005,400005,0.0,0.20000000000000284,0.20000000000000284,0.4844054169352129,0.0
1,41.0,41.2,execution,tracking_view,1:f18cc255:400005,400005,0.0,0.20000000000000284,0.20000000000000284,0.57292568661482,0.0
0,41.2,41.400000000000006,execution,tracking_view,0:0715eac8:400005,400005,0.0,0.20000000000000284,0.20000000000000284,0.44096838404864513,0.0
1,41.2,41.401,execution,tracking_view,1:f18cc255:400005,400005,0.0,0.2010000000000005,0.2010000000000005,0.5539924740891959,0.0
0,41.400000000000006,41.601,execution,tracking_view,0:0715eac8:400005,400005,0.0,0.2009999999999934,0.2009999999999934,0.3701695640837912,0.0
1,41.401,41.6,execution,tracking_view,1:f18cc255:400005,400005,0.0,0.19899999999999807,0.19899999999999807,0.5273620160848739,0.0
1,41.6,41.800000000000004,execution,tracking_view,1:f18cc255:400005,400005,0.0,0.20000000000000284,0.20000000000000284,0.49629770563564424,0.0
0,41.601,41.800000000000004,execution,tracking_view,0:0715eac8:400005,400005,0.0,0.19900000000000517,0.19900000000000517,0.26467965767679535,0.0
0,41.800000000000004,42.0,execution,tracking_view,0:0715eac8:400005,400005,0.021000000000000796,0.17899999999999494,0.19999999999999574,0.14736263101798525,0.0
1,41.800000000000004,42.0,execution,tracking_view,1:f18cc255:400005,400005,0.0,0.19999999999999574,0.19999999999999574,0.4593334157851978,0.0
0,42.0,42.2,execution,tracking_view,0:0715eac8:400005,400005,0.20000000000000284,0.0,0.20000000000000284,0.04443416100607428,0.0
1,42.0,42.2,execution,tracking_view,1:f18cc255:400005,400005,0.0,0.20000000000000284,0.20000000000000284,0.4111702655801295,0.20000000000000284
0,42.2,42.400000000000006,execution,tracking_view,0:0715eac8:400005,400005,0.20000000000000284,0.0,0.20000000000000284,0.034692040174499984,0.0
1,42.2,42.400000000000006,execution,tracking_view,1:f18cc255:400005,400005,0.0,0.20000000000000284,0.20000000000000284,0.3698609295663324,0.20000000000000284
0,42.400000000000006,42.6,observation_dwell,observation_dwell,0:0715eac8:400005,400005,0.19999999999999574,0.0,0.19999999999999574,0.05800740253805561,0.0
1,42.400000000000006,42.6,execution,tracking_view,1:f18cc255:400005,400005,0.0,0.19999999999999574,0.19999999999999574,0.3334617858514579,0.04999999999999716
0,42.6,42.800000000000004,observation_dwell,observation_dwell,0:0715eac8:400005,400005,0.20000000000000284,0.0,0.20000000000000284,0.04688157349336338,0.0
1,42.6,42.800000000000004,execution,tracking_view,1:f18cc255:400005,400005,0.0,0.20000000000000284,0.20000000000000284,0.29681744452366804,0.0
0,42.800000000000004,43.0,allocation_wait,idle,0:0715eac8:400005,400005,0.19999999999999574,0.0,0.19999999999999574,0.02258021782361918,0.0
1,42.800000000000004,43.0,execution,tracking_view,1:f18cc255:400005,400005,0.0,0.19999999999999574,0.19999999999999574,0.2575937430675622,0.0
0,43.0,43.2,allocation_wait,idle,0:0715eac8:400005,400005,0.20000000000000284,0.0,0.20000000000000284,0.007387384014277244,0.0
1,43.0,43.202000000000005,execution,tracking_view,1:f18cc255:400005,400005,0.0,0.2020000000000053,0.2020000000000053,0.2084380120504938,0.0
0,43.2,43.400000000000006,allocation_wait,idle,0:0715eac8:400005,400005,0.20000000000000284,0.0,0.20000000000000284,0.01553417760737577,0.0
1,43.202000000000005,43.400000000000006,execution,tracking_view,1:f18cc255:400005,400005,0.0,0.1980000000000004,0.1980000000000004,0.16184442948506095,0.0
1,43.400000000000006,43.6,execution,tracking_view,1:f18cc255:400005,400005,0.04000000000000625,0.15999999999998948,0.19999999999999574,0.1237840937758388,0.0
0,43.400000000000006,43.6,allocation_wait,idle,0:0715eac8:400005,400005,0.19999999999999574,0.0,0.19999999999999574,0.020203441739141053,0.0
0,43.6,43.800000000000004,reservation_wait,idle,0:0715eac8:400005,400005,0.20000000000000284,0.0,0.20000000000000284,0.018856884922384326,0.0
1,43.6,43.800000000000004,execution,tracking_view,1:f18cc255:400005,400005,0.15200000000000102,0.04800000000000182,0.20000000000000284,0.08896186418974007,0.0
0,43.800000000000004,44.001000000000005,reservation_wait,idle,0:0715eac8:400005,400005,0.2010000000000005,0.0,0.2010000000000005,0.012707747817128605,0.0
1,43.800000000000004,44.0,execution,tracking_view,1:f18cc255:400005,400005,0.19999999999999574,0.0,0.19999999999999574,0.05287110175503959,0.0
1,44.0,44.2,execution,tracking_view,1:f18cc255:400005,400005,0.20000000000000284,0.0,0.20000000000000284,0.020505840726259043,0.0
0,44.001000000000005,44.2,reservation_wait,idle,0:0715eac8:400005,400005,0.19899999999999807,0.0,0.19899999999999807,0.008485603455629473,0.0
0,44.2,44.400000000000006,reservation_wait,idle,0:0715eac8:400005,400005,0.20000000000000284,0.0,0.20000000000000284,0.011493103568963778,0.0
1,44.2,44.400000000000006,execution,tracking_view,1:f18cc255:400005,400005,0.20000000000000284,0.0,0.20000000000000284,0.009652233273057188,0.0
1,44.400000000000006,44.6,execution,tracking_view,1:f18cc255:400005,400005,0.19999999999999574,0.0,0.19999999999999574,0.013323662871652323,0.0
0,44.400000000000006,44.6,allocation_wait,idle,0:0715eac8:400005,400005,0.19999999999999574,0.0,0.19999999999999574,0.01214490641288291,0.10000000000000142
0,44.6,44.800000000000004,execution,tracking_view,0:0715eac8:400006,400006,0.20000000000000284,0.0,0.20000000000000284,0.02045366805041012,0.20000000000000284
1,44.6,44.800000000000004,observation_dwell,observation_dwell,1:f18cc255:400005,400005,0.20000000000000284,0.0,0.20000000000000284,0.009470534461747662,0.0
0,44.800000000000004,45.0,execution,tracking_view,0:0715eac8:400006,400006,0.19999999999999574,0.0,0.19999999999999574,0.05445011897136191,0.19999999999999574
1,44.800000000000004,45.0,allocation_wait,idle,1:f18cc255:400005,400005,0.19999999999999574,0.0,0.19999999999999574,0.004547574301907153,0.0
1,45.0,45.2,allocation_wait,idle,1:f18cc255:400005,400005,0.20000000000000284,0.0,0.20000000000000284,0.009722877069080064,0.20000000000000284
0,45.0,45.2,execution,tracking_view,0:0715eac8:400006,400006,0.045000000000001705,0.15500000000000114,0.20000000000000284,0.12983895686792288,0.11299999999999955
0,45.2,45.401,execution,tracking_view,0:0715eac8:400006,400006,0.0,0.2010000000000005,0.2010000000000005,0.22820531569871658,0.0
1,45.2,45.400000000000006,planning_wait,idle,1:f18cc255:400005,400005,0.20000000000000284,0.0,0.20000000000000284,0.01575444074142583,0.20000000000000284
0,45.401,45.6,execution,tracking_view,0:0715eac8:400006,400006,0.0,0.19899999999999807,0.19899999999999807,0.32820407064908547,0.0
1,45.400000000000006,45.6,planning_wait,idle,1:f18cc255:400005,400005,0.19999999999999574,0.0,0.19999999999999574,0.013664354022905823,0.09999999999999432
0,45.6,45.800000000000004,execution,tracking_view,0:0715eac8:400006,400006,0.0,0.20000000000000284,0.20000000000000284,0.41860226362382363,0.0
1,45.6,45.800000000000004,allocation_wait,idle,1:f18cc255:400005,400005,0.20000000000000284,0.0,0.20000000000000284,0.01196624510099037,0.0
1,45.800000000000004,46.0,allocation_wait,idle,1:f18cc255:400005,400005,0.19999999999999574,0.0,0.19999999999999574,0.015237533917699502,0.0
0,45.800000000000004,46.0,execution,tracking_view,0:0715eac8:400006,400006,0.0,0.19999999999999574,0.19999999999999574,0.4963600935698228,0.0
0,46.0,46.2,execution,tracking_view,0:0715eac8:400006,400006,0.0,0.20000000000000284,0.20000000000000284,0.5586916029347356,0.0
1,46.0,46.2,allocation_wait,idle,1:f18cc255:400005,400005,0.20000000000000284,0.0,0.20000000000000284,0.011559991434292764,0.0
0,46.2,46.400000000000006,execution,tracking_view,0:0715eac8:400006,400006,0.0,0.20000000000000284,0.20000000000000284,0.5964575462712981,0.0
1,46.2,46.400000000000006,allocation_wait,idle,1:f18cc255:400005,400005,0.20000000000000284,0.0,0.20000000000000284,0.006037477266397652,0.0
1,46.400000000000006,46.6,allocation_wait,idle,1:f18cc255:400005,400005,0.19999999999999574,0.0,0.19999999999999574,0.004523969931641469,0.0
0,46.400000000000006,46.6,execution,tracking_view,0:0715eac8:400006,400006,0.0,0.19999999999999574,0.19999999999999574,0.6211085395809591,0.0
0,46.6,46.800000000000004,execution,tracking_view,0:0715eac8:400006,400006,0.0,0.20000000000000284,0.20000000000000284,0.6172681499849737,0.0
1,46.6,46.800000000000004,allocation_wait,idle,1:f18cc255:400005,400005,0.20000000000000284,0.0,0.20000000000000284,0.005958165261443512,0.0
0,46.800000000000004,47.0,execution,tracking_view,0:0715eac8:400006,400006,0.0,0.19999999999999574,0.19999999999999574,0.5968212416420943,0.0
1,46.800000000000004,47.001000000000005,allocation_wait,idle,1:f18cc255:400005,400005,0.2010000000000005,0.0,0.2010000000000005,0.010011184783436999,0.0010000000000047748
0,47.0,47.2,execution,tracking_view,0:0715eac8:400006,400006,0.0,0.20000000000000284,0.20000000000000284,0.5525089371320325,0.0
1,47.001000000000005,47.2,allocation_wait,idle,1:f18cc255:400005,400005,0.19899999999999807,0.0,0.19899999999999807,0.0062460394417658115,0.19899999999999807
0,47.2,47.400000000000006,execution,tracking_view,0:0715eac8:400006,400006,0.0,0.20000000000000284,0.20000000000000284,0.48694537239216706,0.0
1,47.2,47.400000000000006,planning_wait,idle,1:f18cc255:400005,400005,0.20000000000000284,0.0,0.20000000000000284,0.01051083989237988,0.20000000000000284
0,47.400000000000006,47.6,execution,tracking_view,0:0715eac8:400006,400006,0.0,0.19999999999999574,0.19999999999999574,0.39916711247674164,0.0
1,47.400000000000006,47.6,planning_wait,idle,1:f18cc255:400005,400005,0.19999999999999574,0.0,0.19999999999999574,0.011317685600367583,0.09999999999999432
0,47.6,47.800000000000004,execution,tracking_view,0:0715eac8:400006,400006,0.0,0.20000000000000284,0.20000000000000284,0.3116077295383516,0.0
1,47.6,47.800000000000004,reservation_wait,idle,1:f18cc255:400005,400005,0.20000000000000284,0.0,0.20000000000000284,0.011821701739722107,0.0
0,47.800000000000004,48.0,execution,tracking_view,0:0715eac8:400006,400006,0.0,0.19999999999999574,0.19999999999999574,0.2270029225083408,0.0
1,47.800000000000004,48.0,reservation_wait,idle,1:f18cc255:400005,400005,0.19999999999999574,0.0,0.19999999999999574,0.009103419709107531,0.0
1,48.0,48.2,reservation_wait,idle,1:f18cc255:400005,400005,0.20000000000000284,0.0,0.20000000000000284,0.00994194876223725,0.0
0,48.0,48.2,execution,tracking_view,0:0715eac8:400006,400006,0.009000000000000341,0.1910000000000025,0.20000000000000284,0.14592660787683506,0.0
0,48.2,48.400000000000006,execution,tracking_view,0:0715eac8:400006,400006,0.19400000000000261,0.006000000000000227,0.20000000000000284,0.0682299827434492,0.0
1,48.2,48.400000000000006,reservation_wait,idle,1:f18cc255:400005,400005,0.20000000000000284,0.0,0.20000000000000284,0.012297433173292929,0.0
1,48.400000000000006,48.6,allocation_wait,idle,1:f18cc255:400005,400005,0.19999999999999574,0.0,0.19999999999999574,0.012425714643183317,0.0
0,48.400000000000006,48.6,execution,tracking_view,0:0715eac8:400006,400006,0.19999999999999574,0.0,0.19999999999999574,0.023327574803478402,0.0
0,48.6,48.800000000000004,execution,tracking_view,0:0715eac8:400006,400006,0.20000000000000284,0.0,0.20000000000000284,0.03964779293699277,0.0
1,48.6,48.800000000000004,execution,tracking_view,1:f18cc255:400006,400006,0.20000000000000284,0.0,0.20000000000000284,0.04347878791401444,0.0
0,48.800000000000004,49.0,observation_dwell,observation_dwell,0:0715eac8:400006,400006,0.19999999999999574,0.0,0.19999999999999574,0.04365350937604341,0.0
1,48.800000000000004,49.0,execution,tracking_view,1:f18cc255:400006,400006,0.08299999999999841,0.11699999999999733,0.19999999999999574,0.11007900714811868,0.0
1,49.0,49.2,execution,tracking_view,1:f18cc255:400006,400006,0.0,0.20000000000000284,0.20000000000000284,0.19974033647615796,0.20000000000000284
0,49.0,49.2,observation_dwell,observation_dwell,0:0715eac8:400006,400006,0.20000000000000284,0.0,0.20000000000000284,0.021435742563383983,0.0
1,49.2,49.400000000000006,execution,tracking_view,1:f18cc255:400006,400006,0.0,0.20000000000000284,0.20000000000000284,0.29490435884227706,0.20000000000000284
0,49.2,49.400000000000006,allocation_wait,idle,0:0715eac8:400006,400006,0.20000000000000284,0.0,0.20000000000000284,0.00580436951771497,0.0
0,49.400000000000006,49.6,allocation_wait,idle,0:0715eac8:400006,400006,0.19999999999999574,0.0,0.19999999999999574,0.015451519840899923,0.10000000000000142
1,49.400000000000006,49.6,execution,tracking_view,1:f18cc255:400006,400006,0.0,0.19999999999999574,0.19999999999999574,0.40308271456424827,0.19999999999999574
0,49.6,49.800000000000004,planning_wait,idle,0:0715eac8:400006,400006,0.20000000000000284,0.0,0.20000000000000284,0.02101970544006302,0.20000000000000284
1,49.6,49.800000000000004,execution,tracking_view,1:f18cc255:400006,400006,0.0,0.20000000000000284,0.20000000000000284,0.48024782104917746,0.06700000000000017
0,49.800000000000004,50.0,planning_wait,idle,0:0715eac8:400006,400006,0.19999999999999574,0.0,0.19999999999999574,0.02634293343845086,0.19999999999999574
1,49.800000000000004,50.0,execution,tracking_view,1:f18cc255:400006,400006,0.0,0.19999999999999574,0.19999999999999574,0.5388698035462436,0.0
0,50.0,50.2,planning_wait,idle,0:0715eac8:400006,400006,0.20000000000000284,0.0,0.20000000000000284,0.028566969469553855,0.08500000000000085
1,50.0,50.2,execution,tracking_view,1:f18cc255:400006,400006,0.0,0.20000000000000284,0.20000000000000284,0.5930054874085903,0.0
0,50.2,50.400000000000006,planning_wait,idle,0:0715eac8:400006,400006,0.20000000000000284,0.0,0.20000000000000284,0.025434635875473583,0.0
1,50.2,50.400000000000006,execution,tracking_view,1:f18cc255:400006,400006,0.0,0.20000000000000284,0.20000000000000284,0.6049519993482889,0.0
0,50.400000000000006,50.6,reservation_wait,idle,0:0715eac8:400006,400006,0.19999999999999574,0.0,0.19999999999999574,0.017050548719703355,0.0
1,50.400000000000006,50.6,execution,tracking_view,1:f18cc255:400006,400006,0.0,0.19999999999999574,0.19999999999999574,0.5901374747763686,0.0
0,50.6,50.800000000000004,reservation_wait,idle,0:0715eac8:400006,400006,0.20000000000000284,0.0,0.20000000000000284,0.011166554447920588,0.0
1,50.6,50.800000000000004,execution,tracking_view,1:f18cc255:400006,400006,0.0,0.20000000000000284,0.20000000000000284,0.5438340047309346,0.0
1,50.800000000000004,51.0,execution,tracking_view,1:f18cc255:400006,400006,0.0,0.19999999999999574,0.19999999999999574,0.47351993698662326,0.0
0,50.800000000000004,51.0,reservation_wait,idle,0:0715eac8:400006,400006,0.19999999999999574,0.0,0.19999999999999574,0.013633967603487174,0.0
1,51.0,51.2,execution,tracking_view,1:f18cc255:400006,400006,0.0,0.20000000000000284,0.20000000000000284,0.40178498695021214,0.0
0,51.0,51.201,reservation_wait,idle,0:0715eac8:400006,400006,0.2010000000000005,0.0,0.2010000000000005,0.011314340754561048,0.0
1,51.2,51.400000000000006,execution,tracking_view,1:f18cc255:400006,400006,0.0,0.20000000000000284,0.20000000000000284,0.32161712445282853,0.0
0,51.201,51.400000000000006,allocation_wait,idle,0:0715eac8:400006,400006,0.19900000000000517,0.0,0.19900000000000517,0.00827180487899505,0.0
0,51.400000000000006,51.601000000000006,execution,tracking_view,0:0715eac8:400007,400007,0.2010000000000005,0.0,0.2010000000000005,0.014083241101085352,0.1010000000000062
1,51.400000000000006,51.601000000000006,execution,tracking_view,1:f18cc255:400006,400006,0.0,0.2010000000000005,0.2010000000000005,0.2346985988813523,0.0
1,51.601000000000006,51.800000000000004,execution,tracking_view,1:f18cc255:400006,400006,0.020000000000003126,0.17899999999999494,0.19899999999999807,0.13768534455352238,0.0
0,51.601000000000006,51.800000000000004,execution,tracking_view,0:0715eac8:400007,400007,0.18999999999999773,0.009000000000000341,0.19899999999999807,0.06091088176861205,0.19899999999999807
0,51.800000000000004,52.0,execution,tracking_view,0:0715eac8:400007,400007,0.024999999999991473,0.17500000000000426,0.19999999999999574,0.15421204784930412,0.19999999999999574
1,51.800000000000004,52.0,execution,tracking_view,1:f18cc255:400006,400006,0.19199999999999307,0.008000000000002672,0.19999999999999574,0.05250937872216765,0.0
0,52.0,52.2,execution,tracking_view,0:0715eac8:400007,400007,0.0,0.20000000000000284,0.20000000000000284,0.2758666149439048,0.0010000000000047748
1,52.0,52.2,execution,tracking_view,1:f18cc255:400006,400006,0.20000000000000284,0.0,0.20000000000000284,0.01033587225745624,0.0
0,52.2,52.400000000000006,execution,tracking_view,0:0715eac8:400007,400007,0.0,0.20000000000000284,0.20000000000000284,0.4006034140292508,0.0
1,52.2,52.400000000000006,execution,tracking_view,1:f18cc255:400006,400006,0.20000000000000284,0.0,0.20000000000000284,0.016759854843679912,0.0
0,52.400000000000006,52.6,execution,tracking_view,0:0715eac8:400007,400007,0.0,0.19999999999999574,0.19999999999999574,0.500414889924492,0.0
1,52.400000000000006,52.6,observation_dwell,observation_dwell,1:f18cc255:400006,400006,0.19999999999999574,0.0,0.19999999999999574,0.01682043412053057,0.0
1,52.6,52.800000000000004,observation_dwell,observation_dwell,1:f18cc255:400006,400006,0.20000000000000284,0.0,0.20000000000000284,0.016467410430289812,0.0
0,52.6,52.800000000000004,execution,tracking_view,0:0715eac8:400007,400007,0.0,0.20000000000000284,0.20000000000000284,0.5643160591146988,0.0
1,52.800000000000004,53.0,allocation_wait,idle,1:f18cc255:400006,400006,0.19999999999999574,0.0,0.19999999999999574,0.012188540855028915,0.0
0,52.800000000000004,53.0,execution,tracking_view,0:0715eac8:400007,400007,0.0,0.19999999999999574,0.19999999999999574,0.6110007844304819,0.0
0,53.0,53.2,execution,tracking_view,0:0715eac8:400007,400007,0.0,0.20000000000000284,0.20000000000000284,0.6116940277623033,0.0
1,53.0,53.2,allocation_wait,idle,1:f18cc255:400006,400006,0.20000000000000284,0.0,0.20000000000000284,0.008669311072730548,0.0
0,53.2,53.400000000000006,execution,tracking_view,0:0715eac8:400007,400007,0.0,0.20000000000000284,0.20000000000000284,0.6085106977559718,0.0
1,53.2,53.400000000000006,allocation_wait,idle,1:f18cc255:400006,400006,0.20000000000000284,0.0,0.20000000000000284,0.007099702294115926,0.0
0,53.400000000000006,53.6,execution,tracking_view,0:0715eac8:400007,400007,0.0,0.19999999999999574,0.19999999999999574,0.6115789359159884,0.0
1,53.400000000000006,53.6,allocation_wait,idle,1:f18cc255:400006,400006,0.19999999999999574,0.0,0.19999999999999574,0.00854581164132294,0.0
1,53.6,53.800000000000004,allocation_wait,idle,1:f18cc255:400006,400006,0.20000000000000284,0.0,0.20000000000000284,0.011577333948700422,0.0
0,53.6,53.800000000000004,allocation_wait,idle,,400008,0.0,0.20000000000000284,0.20000000000000284,0.5518101177193222,0.0
1,53.800000000000004,54.0,allocation_wait,idle,1:f18cc255:400006,400006,0.19999999999999574,0.0,0.19999999999999574,0.013559729230984044,0.0
0,53.800000000000004,54.0,allocation_wait,idle,,400008,0.0,0.19999999999999574,0.19999999999999574,0.3828918745608925,0.0
1,54.0,54.2,allocation_wait,idle,1:f18cc255:400006,400006,0.20000000000000284,0.0,0.20000000000000284,0.008118786862566806,0.20000000000000284
0,54.0,54.2,allocation_wait,idle,,400008,0.059000000000004604,0.14099999999999824,0.20000000000000284,0.15461481856241935,0.0
1,54.2,54.400000000000006,allocation_wait,idle,1:f18cc255:400006,400006,0.20000000000000284,0.0,0.20000000000000284,0.006453633972064854,0.16499999999999915
0,54.2,54.400000000000006,allocation_wait,idle,,400008,0.15199999999999392,0.048000000000008924,0.20000000000000284,0.06215504936741477,0.0
0,54.400000000000006,54.6,allocation_wait,idle,,400008,0.0,0.19999999999999574,0.19999999999999574,0.22679456541717186,0.0
1,54.400000000000006,54.6,reservation_wait,idle,1:f18cc255:400006,400006,0.19999999999999574,0.0,0.19999999999999574,0.006627637204425585,0.0
0,54.6,54.800000000000004,allocation_wait,idle,,400008,0.0,0.20000000000000284,0.20000000000000284,0.3917706230788749,0.0
1,54.6,54.800000000000004,reservation_wait,idle,1:f18cc255:400006,400006,0.20000000000000284,0.0,0.20000000000000284,0.00883633176587118,0.0
1,54.800000000000004,55.0,reservation_wait,idle,1:f18cc255:400006,400006,0.19999999999999574,0.0,0.19999999999999574,0.009583387227355338,0.0
0,54.800000000000004,55.0,allocation_wait,idle,,400008,0.0,0.19999999999999574,0.19999999999999574,0.45763397537731626,0.0
0,55.0,55.2,allocation_wait,idle,,400008,0.0,0.20000000000000284,0.20000000000000284,0.31095373210889016,0.0
1,55.0,55.2,reservation_wait,idle,1:f18cc255:400006,400006,0.20000000000000284,0.0,0.20000000000000284,0.006672827699183679,0.0
0,55.2,55.400000000000006,allocation_wait,idle,,400008,0.06900000000000261,0.13100000000000023,0.20000000000000284,0.12841485556474808,0.0
1,55.2,55.400000000000006,allocation_wait,idle,1:f18cc255:400006,400006,0.20000000000000284,0.0,0.20000000000000284,0.006729830158350919,0.0
1,55.400000000000006,55.6,execution,tracking_view,1:f18cc255:400007,400007,0.19999999999999574,0.0,0.19999999999999574,0.01978224362960793,0.0
0,55.400000000000006,55.601000000000006,allocation_wait,idle,,400008,0.2010000000000005,0.0,0.2010000000000005,0.02675982447826765,0.0
1,55.6,55.800000000000004,execution,tracking_view,1:f18cc255:400007,400007,0.18199999999999505,0.018000000000007788,0.20000000000000284,0.06652971072931796,0.0
0,55.601000000000006,55.800000000000004,allocation_wait,idle,,400008,0.19899999999999807,0.0,0.19899999999999807,0.0408693004434646,0.0
0,55.800000000000004,56.0,allocation_wait,idle,,400008,0.19999999999999574,0.0,0.19999999999999574,0.053649079788430754,0.0
1,55.800000000000004,56.0,execution,tracking_view,1:f18cc255:400007,400007,0.01300000000000523,0.1869999999999905,0.19999999999999574,0.14411532410580272,0.0
0,56.0,56.201,allocation_wait,idle,,400008,0.2010000000000005,0.0,0.2010000000000005,0.04945432568922813,0.0
1,56.0,56.2,execution,tracking_view,1:f18cc255:400007,400007,0.0,0.20000000000000284,0.20000000000000284,0.2333413483935388,0.20000000000000284
1,56.2,56.400000000000006,execution,tracking_view,1:f18cc255:400007,400007,0.0,0.20000000000000284,0.20000000000000284,0.28597802969018765,0.20000000000000284
0,56.201,56.401,allocation_wait,idle,,400008,0.19900000000000517,0.0009999999999976694,0.20000000000000284,0.03568439780278343,0.0
1,56.400000000000006,56.6,execution,tracking_view,1:f18cc255:400007,400007,0.0,0.19999999999999574,0.19999999999999574,0.29866459947793095,0.19999999999999574
0,56.401,56.6,allocation_wait,idle,,400008,0.19899999999999807,0.0,0.19899999999999807,0.024696926071709927,0.10000000000000142
1,56.6,56.800000000000004,execution,tracking_view,1:f18cc255:400007,400007,0.0,0.20000000000000284,0.20000000000000284,0.2676275385176208,0.02300000000000324
0,56.6,56.800000000000004,allocation_wait,idle,,400008,0.20000000000000284,0.0,0.20000000000000284,0.016830870712245045,0.20000000000000284
0,56.800000000000004,57.0,planning_wait,idle,,400008,0.19999999999999574,0.0,0.19999999999999574,0.011206782036324699,0.19999999999999574
1,56.800000000000004,57.0,execution,tracking_view,1:f18cc255:400007,400007,0.0,0.19999999999999574,0.19999999999999574,0.2057748511415829,0.0
0,57.0,57.201,planning_wait,idle,,400008,0.2010000000000005,0.0,0.2010000000000005,0.013737385003799464,0.2010000000000005
1,57.0,57.2,execution,tracking_view,1:f18cc255:400007,400007,0.060000000000002274,0.14000000000000057,0.20000000000000284,0.11961472193450026,0.0
0,57.201,57.400000000000006,planning_wait,idle,,400008,0.19900000000000517,0.0,0.19900000000000517,0.012399756787902186,0.14000000000000057
1,57.2,57.400000000000006,execution,tracking_view,1:f18cc255:400007,400007,0.20000000000000284,0.0,0.20000000000000284,0.045028578617806646,0.0
0,57.400000000000006,57.6,planning_wait,idle,,400008,0.19999999999999574,0.0,0.19999999999999574,0.00724813787640715,0.0
1,57.400000000000006,57.6,execution,tracking_view,1:f18cc255:400007,400007,0.19999999999999574,0.0,0.19999999999999574,0.061177135323481985,0.0
1,57.6,57.800000000000004,observation_dwell,observation_dwell,1:f18cc255:400007,400007,0.20000000000000284,0.0,0.20000000000000284,0.08035866003739116,0.0
0,57.6,57.800000000000004,reservation_wait,idle,,400008,0.20000000000000284,0.0,0.20000000000000284,0.006423632320947767,0.0
0,57.800000000000004,58.00000000000001,reservation_wait,idle,,400008,0.20000000000000284,0.0,0.20000000000000284,0.010714271385653205,0.0
1,57.800000000000004,58.001000000000005,observation_dwell,observation_dwell,1:f18cc255:400007,400007,0.2010000000000005,0.0,0.2010000000000005,0.061435692342610884,0.0
1,58.001000000000005,58.2,allocation_wait,idle,1:f18cc255:400007,400007,0.19899999999999807,0.0,0.19899999999999807,0.0362614418978146,0.0
0,58.00000000000001,58.2,reservation_wait,idle,,400008,0.19999999999999574,0.0,0.19999999999999574,0.013069213046644797,0.0
0,58.2,58.400000000000006,reservation_wait,idle,,400008,0.20000000000000284,0.0,0.20000000000000284,0.015326387979919717,0.0
1,58.2,58.401,allocation_wait,idle,1:f18cc255:400007,400007,0.2010000000000005,0.0,0.2010000000000005,0.01698592867942736,0.0
1,58.401,58.6,allocation_wait,idle,1:f18cc255:400007,400007,0.19899999999999807,0.0,0.19899999999999807,0.011478466418003288,0.09999999999999432
0,58.400000000000006,58.6,allocation_wait,idle,,400008,0.19999999999999574,0.0,0.19999999999999574,0.017198691912985255,0.09999999999999432
0,58.6,58.800000000000004,execution,tracking_view,0:0715eac8:400009,400009,0.20000000000000284,0.0,0.20000000000000284,0.014355034503451167,0.20000000000000284
1,58.6,58.800000000000004,allocation_wait,idle,1:f18cc255:400007,400007,0.20000000000000284,0.0,0.20000000000000284,0.017096634612051353,0.20000000000000284
1,58.800000000000004,59.00000000000001,allocation_wait,idle,1:f18cc255:400007,400007,0.20000000000000284,0.0,0.20000000000000284,0.020601756970586117,0.20000000000000284
0,58.800000000000004,59.00000000000001,execution,tracking_view,0:0715eac8:400009,400009,0.20000000000000284,0.0,0.20000000000000284,0.008743414867577565,0.20000000000000284
1,59.00000000000001,59.2,planning_wait,idle,1:f18cc255:400007,400007,0.19999999999999574,0.0,0.19999999999999574,0.016899840586871884,0.19999999999999574
0,59.00000000000001,59.2,execution,tracking_view,0:0715eac8:400009,400009,0.19999999999999574,0.0,0.19999999999999574,0.03493113622525804,0.1869999999999976
0,59.2,59.400000000000006,execution,tracking_view,0:0715eac8:400009,400009,0.20000000000000284,0.0,0.20000000000000284,0.06951351991119238,0.0
1,59.2,59.400000000000006,planning_wait,idle,1:f18cc255:400007,400007,0.20000000000000284,0.0,0.20000000000000284,0.018509531952567247,0.20000000000000284
0,59.400000000000006,59.6,execution,tracking_view,0:0715eac8:400009,400009,0.04699999999998283,0.1530000000000129,0.19999999999999574,0.11178392864913819,0.0
1,59.400000000000006,59.6,planning_wait,idle,1:f18cc255:400007,400007,0.19999999999999574,0.0,0.19999999999999574,0.017033973548156042,0.046999999999997044
0,59.6,59.800000000000004,execution,tracking_view,0:0715eac8:400009,400009,0.0,0.20000000000000284,0.20000000000000284,0.1540503523078413,0.0
1,59.6,59.800000000000004,reservation_wait,idle,1:f18cc255:400007,400007,0.20000000000000284,0.0,0.20000000000000284,0.016893657612632684,0.0
0,59.800000000000004,60.00000000000001,execution,tracking_view,0:0715eac8:400009,400009,0.0,0.20000000000000284,0.20000000000000284,0.1977289320504243,0.0
1,59.800000000000004,60.00000000000001,reservation_wait,idle,1:f18cc255:400007,400007,0.20000000000000284,0.0,0.20000000000000284,0.009242655491395472,0.0
1,60.00000000000001,60.2,reservation_wait,idle,1:f18cc255:400007,400007,0.19999999999999574,0.0,0.19999999999999574,0.010811806280591887,0.0
0,60.00000000000001,60.2,execution,tracking_view,0:0715eac8:400009,400009,0.0,0.19999999999999574,0.19999999999999574,0.24708446837946904,0.0
0,60.2,60.400000000000006,execution,tracking_view,0:0715eac8:400009,400009,0.0,0.20000000000000284,0.20000000000000284,0.29338285457664903,0.0
1,60.2,60.400000000000006,reservation_wait,idle,1:f18cc255:400007,400007,0.20000000000000284,0.0,0.20000000000000284,0.01432777620739041,0.0
0,60.400000000000006,60.602000000000004,execution,tracking_view,0:0715eac8:400009,400009,0.0,0.20199999999999818,0.20199999999999818,0.3420055214906088,0.0
1,60.400000000000006,60.6,allocation_wait,idle,1:f18cc255:400007,400007,0.19999999999999574,0.0,0.19999999999999574,0.014576571497055083,0.09999999999999432
0,60.602000000000004,60.800000000000004,execution,tracking_view,0:0715eac8:400009,400009,0.0,0.1980000000000004,0.1980000000000004,0.3837459464548881,0.0
1,60.6,60.801,execution,tracking_view,1:f18cc255:400008,400008,0.2010000000000005,0.0,0.2010000000000005,0.033046707709706274,0.2010000000000005
1,60.801,61.00000000000001,execution,tracking_view,1:f18cc255:400008,400008,0.19900000000000517,0.0,0.19900000000000517,0.049670441205595266,0.19900000000000517
0,60.800000000000004,61.00000000000001,execution,tracking_view,0:0715eac8:400009,400009,0.0,0.20000000000000284,0.20000000000000284,0.42465244327664015,0.0
0,61.00000000000001,61.2,execution,tracking_view,0:0715eac8:400009,400009,0.0,0.19999999999999574,0.19999999999999574,0.4595636957119489,0.0
1,61.00000000000001,61.2,execution,tracking_view,1:f18cc255:400008,400008,0.19899999999999807,0.0009999999999976694,0.19999999999999574,0.028174338524877218,0.08799999999999386
1,61.2,61.400000000000006,execution,tracking_view,1:f18cc255:400008,400008,0.20000000000000284,0.0,0.20000000000000284,0.03336698367213499,0.0
0,61.2,61.400000000000006,execution,tracking_view,0:0715eac8:400009,400009,0.0,0.20000000000000284,0.20000000000000284,0.49111829991506606,0.0
0,61.400000000000006,61.6,execution,tracking_view,0:0715eac8:400009,400009,0.0,0.19999999999999574,0.19999999999999574,0.5238249921322028,0.0
1,61.400000000000006,61.6,execution,tracking_view,1:f18cc255:400008,400008,0.19999999999999574,0.0,0.19999999999999574,0.06239539556882376,0.0
0,61.6,61.800000000000004,execution,tracking_view,0:0715eac8:400009,400009,0.0,0.20000000000000284,0.20000000000000284,0.5430099918261856,0.0
1,61.6,61.800000000000004,execution,tracking_view,1:f18cc255:400008,400008,0.1250000000000071,0.07499999999999574,0.20000000000000284,0.09548485429791158,0.0
0,61.800000000000004,62.00000000000001,execution,tracking_view,0:0715eac8:400009,400009,0.0,0.20000000000000284,0.20000000000000284,0.5465034490192151,0.0
1,61.800000000000004,62.00000000000001,execution,tracking_view,1:f18cc255:400008,400008,0.023999999999993804,0.17600000000000904,0.20000000000000284,0.12918111514531966,0.0
0,62.00000000000001,62.2,execution,tracking_view,0:0715eac8:400009,400009,0.0,0.19999999999999574,0.19999999999999574,0.563300127007161,0.0
1,62.00000000000001,62.2,execution,tracking_view,1:f18cc255:400008,400008,0.0,0.19999999999999574,0.19999999999999574,0.16440095081772227,0.0
0,62.2,62.400000000000006,execution,tracking_view,0:0715eac8:400009,400009,0.0,0.20000000000000284,0.20000000000000284,0.5619736691356618,0.0
1,62.2,62.400000000000006,execution,tracking_view,1:f18cc255:400008,400008,0.0,0.20000000000000284,0.20000000000000284,0.20035449344773196,0.0
0,62.400000000000006,62.6,execution,tracking_view,0:0715eac8:400009,400009,0.0,0.19999999999999574,0.19999999999999574,0.5706978058980375,0.0
1,62.400000000000006,62.6,execution,tracking_view,1:f18cc255:400008,400008,0.0,0.19999999999999574,0.19999999999999574,0.23920791954630677,0.0
0,62.6,62.800000000000004,execution,tracking_view,0:0715eac8:400009,400009,0.0,0.20000000000000284,0.20000000000000284,0.5807544435001856,0.0
1,62.6,62.800000000000004,execution,tracking_view,1:f18cc255:400008,400008,0.0,0.20000000000000284,0.20000000000000284,0.2753857865353031,0.0
0,62.800000000000004,63.00000000000001,execution,tracking_view,0:0715eac8:400009,400009,0.0,0.20000000000000284,0.20000000000000284,0.5797646934648002,0.0
1,62.800000000000004,63.001000000000005,execution,tracking_view,1:f18cc255:400008,400008,0.0,0.2010000000000005,0.2010000000000005,0.3066552906694937,0.0
0,63.00000000000001,63.2,execution,tracking_view,0:0715eac8:400009,400009,0.0,0.19999999999999574,0.19999999999999574,0.5786893960041805,0.0
1,63.001000000000005,63.2,execution,tracking_view,1:f18cc255:400008,400008,0.0,0.19899999999999807,0.19899999999999807,0.33604274739019335,0.0
0,63.2,63.400000000000006,execution,tracking_view,0:0715eac8:400009,400009,0.0,0.20000000000000284,0.20000000000000284,0.5697252900272987,0.0
1,63.2,63.400000000000006,execution,tracking_view,1:f18cc255:400008,400008,0.0,0.20000000000000284,0.20000000000000284,0.36417631384924554,0.0
0,63.400000000000006,63.6,execution,tracking_view,0:0715eac8:400009,400009,0.0,0.19999999999999574,0.19999999999999574,0.5545357733396886,0.09899999999999665
1,63.400000000000006,63.6,execution,tracking_view,1:f18cc255:400008,400008,0.0,0.19999999999999574,0.19999999999999574,0.3935413907649133,0.0
0,63.6,63.800000000000004,execution,tracking_view,0:0715eac8:400009,400009,0.0,0.20000000000000284,0.20000000000000284,0.5221328442003427,0.20000000000000284
1,63.6,63.800000000000004,execution,tracking_view,1:f18cc255:400008,400008,0.0,0.20000000000000284,0.20000000000000284,0.4190185199132947,0.0
1,63.800000000000004,64.0,execution,tracking_view,1:f18cc255:400008,400008,0.0,0.19999999999999574,0.19999999999999574,0.4474602059118739,0.0
0,63.800000000000004,64.0,execution,tracking_view,0:0715eac8:400009,400009,0.0,0.19999999999999574,0.19999999999999574,0.48353790248700423,0.19999999999999574
0,64.0,64.2,execution,tracking_view,0:0715eac8:400009,400009,0.0,0.20000000000000284,0.20000000000000284,0.4495568332922363,0.1570000000000107
1,64.0,64.2,execution,tracking_view,1:f18cc255:400008,400008,0.0,0.20000000000000284,0.20000000000000284,0.4792790431666816,0.0
1,64.2,64.4,execution,tracking_view,1:f18cc255:400008,400008,0.0,0.20000000000000284,0.20000000000000284,0.49149581164052225,0.0
0,64.2,64.4,execution,tracking_view,0:0715eac8:400009,400009,0.0,0.20000000000000284,0.20000000000000284,0.40751063840824264,0.0
0,64.4,64.60000000000001,execution,tracking_view,0:0715eac8:400009,400009,0.0,0.20000000000000284,0.20000000000000284,0.3596711059305202,0.0
1,64.4,64.60000000000001,execution,tracking_view,1:f18cc255:400008,400008,0.0,0.20000000000000284,0.20000000000000284,0.505476964028094,0.0
1,64.60000000000001,64.8,execution,tracking_view,1:f18cc255:400008,400008,0.0,0.19999999999998863,0.19999999999998863,0.5325428683231318,0.0
0,64.60000000000001,64.801,execution,tracking_view,0:0715eac8:400009,400009,0.0,0.2009999999999934,0.2009999999999934,0.3220213156019463,0.0
1,64.8,65.0,execution,tracking_view,1:f18cc255:400008,400008,0.0,0.20000000000000284,0.20000000000000284,0.5542151195404147,0.0
0,64.801,65.0,execution,tracking_view,0:0715eac8:400009,400009,0.0,0.19899999999999807,0.19899999999999807,0.2876902171788188,0.0
1,65.0,65.2,execution,tracking_view,1:f18cc255:400008,400008,0.0,0.20000000000000284,0.20000000000000284,0.5646080813914149,0.0
0,65.0,65.2,execution,tracking_view,0:0715eac8:400009,400009,0.0,0.20000000000000284,0.20000000000000284,0.250328217698185,0.0
0,65.2,65.4,execution,tracking_view,0:0715eac8:400009,400009,0.0,0.20000000000000284,0.20000000000000284,0.21172574406113545,0.0
1,65.2,65.4,execution,tracking_view,1:f18cc255:400008,400008,0.0,0.20000000000000284,0.20000000000000284,0.5822619947161108,0.0
0,65.4,65.60000000000001,execution,tracking_view,0:0715eac8:400009,400009,0.0,0.20000000000000284,0.20000000000000284,0.1682750819100728,0.0
1,65.4,65.60000000000001,execution,tracking_view,1:f18cc255:400008,400008,0.0,0.20000000000000284,0.20000000000000284,0.5939903904171436,0.0
1,65.60000000000001,65.8,execution,tracking_view,1:f18cc255:400008,400008,0.0,0.19999999999998863,0.19999999999998863,0.5981134679584983,0.0
0,65.60000000000001,65.8,execution,tracking_view,0:0715eac8:400009,400009,0.0,0.19999999999998863,0.19999999999998863,0.1296216423962125,0.0
0,65.8,66.0,execution,tracking_view,0:0715eac8:400009,400009,0.14200000000001012,0.057999999999992724,0.20000000000000284,0.09516571660994484,0.0
1,65.8,66.0,execution,tracking_view,1:f18cc255:400008,400008,0.0,0.20000000000000284,0.20000000000000284,0.6008528818939503,0.0
0,66.0,66.2,execution,tracking_view,0:0715eac8:400009,400009,0.20000000000000284,0.0,0.20000000000000284,0.06317554364166211,0.0
1,66.0,66.2,execution,tracking_view,1:f18cc255:400008,400008,0.0,0.20000000000000284,0.20000000000000284,0.5987158534215457,0.20000000000000284
0,66.2,66.4,execution,tracking_view,0:0715eac8:400009,400009,0.20000000000000284,0.0,0.20000000000000284,0.038517043948269256,0.0
1,66.2,66.4,execution,tracking_view,1:f18cc255:400008,400008,0.0,0.20000000000000284,0.20000000000000284,0.5863799805548799,0.20000000000000284
0,66.4,66.60000000000001,execution,tracking_view,0:0715eac8:400009,400009,0.20000000000000284,0.0,0.20000000000000284,0.020771657925087665,0.0
1,66.4,66.60000000000001,execution,tracking_view,1:f18cc255:400008,400008,0.0,0.20000000000000284,0.20000000000000284,0.5620219970197289,0.05499999999999261
1,66.60000000000001,66.8,execution,tracking_view,1:f18cc255:400008,400008,0.0,0.19999999999998863,0.19999999999998863,0.5465567917403852,0.0
0,66.60000000000001,66.8,execution,tracking_view,0:0715eac8:400009,400009,0.19999999999998863,0.0,0.19999999999998863,0.008068290337745712,0.0
0,66.8,67.0,observation_dwell,observation_dwell,0:0715eac8:400009,400009,0.20000000000000284,0.0,0.20000000000000284,0.009851499765558332,0.0
1,66.8,67.001,execution,tracking_view,1:f18cc255:400008,400008,0.0,0.20100000000000762,0.20100000000000762,0.53661317269963,0.0
0,67.0,67.2,observation_dwell,observation_dwell,0:0715eac8:400009,400009,0.20000000000000284,0.0,0.20000000000000284,0.010548559805355023,0.0
1,67.001,67.2,execution,tracking_view,1:f18cc255:400008,400008,0.0,0.19899999999999807,0.19899999999999807,0.5251849886622854,0.0
0,67.2,67.4,allocation_wait,idle,0:0715eac8:400009,400009,0.20000000000000284,0.0,0.20000000000000284,0.00637842342903747,0.0
1,67.2,67.4,execution,tracking_view,1:f18cc255:400008,400008,0.0,0.20000000000000284,0.20000000000000284,0.5083052799726326,0.0
0,67.4,67.60000000000001,allocation_wait,idle,0:0715eac8:400009,400009,0.20000000000000284,0.0,0.20000000000000284,0.004212982479121475,0.0
1,67.4,67.60000000000001,execution,tracking_view,1:f18cc255:400008,400008,0.0,0.20000000000000284,0.20000000000000284,0.4908002051689345,0.0
0,67.60000000000001,67.8,allocation_wait,idle,0:0715eac8:400009,400009,0.19999999999998863,0.0,0.19999999999998863,0.008779750635111253,0.0
1,67.60000000000001,67.8,execution,tracking_view,1:f18cc255:400008,400008,0.0,0.19999999999998863,0.19999999999998863,0.4608102399134685,0.0
0,67.8,68.0,allocation_wait,idle,0:0715eac8:400009,400009,0.20000000000000284,0.0,0.20000000000000284,0.014531908528007618,0.0
1,67.8,68.0,execution,tracking_view,1:f18cc255:400008,400008,0.0,0.20000000000000284,0.20000000000000284,0.4242069840572765,0.0
0,68.0,68.2,allocation_wait,idle,0:0715eac8:400009,400009,0.20000000000000284,0.0,0.20000000000000284,0.015774304413260075,0.0
1,68.0,68.2,execution,tracking_view,1:f18cc255:400008,400008,0.0,0.20000000000000284,0.20000000000000284,0.39191517903905865,0.0
0,68.2,68.4,allocation_wait,idle,0:0715eac8:400009,400009,0.20000000000000284,0.0,0.20000000000000284,0.00912419167438853,0.0
1,68.2,68.4,execution,tracking_view,1:f18cc255:400008,400008,0.0,0.20000000000000284,0.20000000000000284,0.3662683573780587,0.0
1,68.4,68.60000000000001,execution,tracking_view,1:f18cc255:400008,400008,0.0,0.20000000000000284,0.20000000000000284,0.3369851173450284,0.10000000000000853
0,68.4,68.60000000000001,reservation_wait,idle,0:0715eac8:400009,400009,0.20000000000000284,0.0,0.20000000000000284,0.009468472763397653,0.0
1,68.60000000000001,68.80000000000001,execution,tracking_view,1:f18cc255:400008,400008,0.0,0.20000000000000284,0.20000000000000284,0.29547512685104216,0.20000000000000284
0,68.60000000000001,68.80000000000001,reservation_wait,idle,0:0715eac8:400009,400009,0.20000000000000284,0.0,0.20000000000000284,0.01009762037827467,0.0
0,68.80000000000001,69.0,reservation_wait,idle,0:0715eac8:400009,400009,0.19999999999998863,0.0,0.19999999999998863,0.013631527017395197,0.0
1,68.80000000000001,69.0,execution,tracking_view,1:f18cc255:400008,400008,0.0,0.19999999999998863,0.19999999999998863,0.2585733639264285,0.09599999999998943
1,69.0,69.2,execution,tracking_view,1:f18cc255:400008,400008,0.0,0.20000000000000284,0.20000000000000284,0.22100929589256166,0.0
0,69.0,69.2,reservation_wait,idle,0:0715eac8:400009,400009,0.20000000000000284,0.0,0.20000000000000284,0.019454188380942334,0.0
0,69.2,69.4,allocation_wait,idle,0:0715eac8:400009,400009,0.20000000000000284,0.0,0.20000000000000284,0.02053063230147586,0.0
1,69.2,69.4,execution,tracking_view,1:f18cc255:400008,400008,0.0,0.20000000000000284,0.20000000000000284,0.1888322422729069,0.0
0,69.4,69.60000000000001,execution,tracking_view,0:0715eac8:400010,400010,0.20000000000000284,0.0,0.20000000000000284,0.03939559039046937,0.09900000000000375
1,69.4,69.60000000000001,execution,tracking_view,1:f18cc255:400008,400008,0.0,0.20000000000000284,0.20000000000000284,0.16188996184008972,0.0
0,69.60000000000001,69.80000000000001,execution,tracking_view,0:0715eac8:400010,400010,0.07499999999998863,0.1250000000000142,0.20000000000000284,0.11507653960172948,0.20000000000000284
1,69.60000000000001,69.80000000000001,execution,tracking_view,1:f18cc255:400008,400008,0.0,0.20000000000000284,0.20000000000000284,0.13638655419322765,0.0
0,69.80000000000001,70.001,execution,tracking_view,0:0715eac8:400010,400010,0.0,0.2009999999999934,0.2009999999999934,0.23820941102946167,0.2009999999999934
1,69.80000000000001,70.0,execution,tracking_view,1:f18cc255:400008,400008,0.07699999999998397,0.12300000000000466,0.19999999999998863,0.1085605671308251,0.0
1,70.0,70.2,execution,tracking_view,1:f18cc255:400008,400008,0.1839999999999975,0.016000000000005343,0.20000000000000284,0.08096457818490996,0.0
0,70.001,70.2,execution,tracking_view,0:0715eac8:400010,400010,0.0,0.19899999999999807,0.19899999999999807,0.37098529854965834,0.19899999999999807
0,70.2,70.4,execution,tracking_view,0:0715eac8:400010,400010,0.0,0.20000000000000284,0.20000000000000284,0.4885130256388117,0.11199999999999477
1,70.2,70.4,execution,tracking_view,1:f18cc255:400008,400008,0.19700000000000273,0.0030000000000001137,0.20000000000000284,0.055997937834476624,0.0
0,70.4,70.60000000000001,execution,tracking_view,0:0715eac8:400010,400010,0.0,0.20000000000000284,0.20000000000000284,0.5716530690073731,0.0
1,70.4,70.60000000000001,execution,tracking_view,1:f18cc255:400008,400008,0.20000000000000284,0.0,0.20000000000000284,0.036017923102623785,0.0
0,70.60000000000001,70.80000000000001,execution,tracking_view,0:0715eac8:400010,400010,0.0,0.20000000000000284,0.20000000000000284,0.610249637265069,0.0
1,70.60000000000001,70.80000000000001,execution,tracking_view,1:f18cc255:400008,400008,0.20000000000000284,0.0,0.20000000000000284,0.02099670572670301,0.0
1,70.80000000000001,71.0,execution,tracking_view,1:f18cc255:400008,400008,0.19999999999998863,0.0,0.19999999999998863,0.009448132413122992,0.0
0,70.80000000000001,71.0,execution,tracking_view,0:0715eac8:400010,400010,0.0,0.19999999999998863,0.19999999999998863,0.5960759946313922,0.0
0,71.0,71.2,execution,tracking_view,0:0715eac8:400010,400010,0.0,0.20000000000000284,0.20000000000000284,0.5426383779654202,0.0
1,71.0,71.2,execution,tracking_view,1:f18cc255:400008,400008,0.20000000000000284,0.0,0.20000000000000284,0.007051375721739179,0.0
0,71.2,71.4,execution,tracking_view,0:0715eac8:400010,400010,0.0,0.20000000000000284,0.20000000000000284,0.45248157070747413,0.0
1,71.2,71.4,observation_dwell,observation_dwell,1:f18cc255:400008,400008,0.20000000000000284,0.0,0.20000000000000284,0.008253716644086018,0.0
0,71.4,71.60000000000001,execution,tracking_view,0:0715eac8:400010,400010,0.0,0.20000000000000284,0.20000000000000284,0.33167638706529046,0.0
1,71.4,71.60000000000001,observation_dwell,observation_dwell,1:f18cc255:400008,400008,0.20000000000000284,0.0,0.20000000000000284,0.009109023946232328,0.0
1,71.60000000000001,71.80000000000001,allocation_wait,idle,1:f18cc255:400008,400008,0.20000000000000284,0.0,0.20000000000000284,0.012787007555242402,0.0
0,71.60000000000001,71.80000000000001,execution,tracking_view,0:0715eac8:400010,400010,0.0,0.20000000000000284,0.20000000000000284,0.199309626502874,0.0
0,71.80000000000001,72.0,execution,tracking_view,0:0715eac8:400010,400010,0.1629999999999967,0.03699999999999193,0.19999999999998863,0.07540794467875538,0.0
1,71.80000000000001,72.00200000000001,allocation_wait,idle,1:f18cc255:400008,400008,0.20199999999999818,0.0,0.20199999999999818,0.013954902509930341,0.0
1,72.00200000000001,72.2,allocation_wait,idle,1:f18cc255:400008,400008,0.1979999999999933,0.0,0.1979999999999933,0.013959065182596571,0.0
0,72.0,72.2,execution,tracking_view,0:0715eac8:400010,400010,0.20000000000000284,0.0,0.20000000000000284,0.041691260622234244,0.0
0,72.2,72.4,execution,tracking_view,0:0715eac8:400010,400010,0.1840000000000117,0.015999999999991132,0.20000000000000284,0.08481975446093958,0.0
1,72.2,72.4,allocation_wait,idle,1:f18cc255:400008,400008,0.20000000000000284,0.0,0.20000000000000284,0.01005359910382763,0.0
0,72.4,72.60000000000001,observation_dwell,observation_dwell,0:0715eac8:400010,400010,0.19200000000000728,0.007999999999995566,0.20000000000000284,0.0781989412798517,0.0
1,72.4,72.60000000000001,allocation_wait,idle,1:f18cc255:400008,400008,0.20000000000000284,0.0,0.20000000000000284,0.005488100243661112,0.0
1,72.60000000000001,72.80000000000001,allocation_wait,idle,1:f18cc255:400008,400008,0.20000000000000284,0.0,0.20000000000000284,0.009657828889655065,0.0
0,72.60000000000001,72.80000000000001,observation_dwell,observation_dwell,0:0715eac8:400010,400010,0.20000000000000284,0.0,0.20000000000000284,0.043465259707925356,0.0
1,72.80000000000001,73.0,allocation_wait,idle,1:f18cc255:400008,400008,0.19999999999998863,0.0,0.19999999999998863,0.006149189701118504,0.0
0,72.80000000000001,73.0,allocation_wait,idle,0:0715eac8:400010,400010,0.19999999999998863,0.0,0.19999999999998863,0.01578645065605146,0.0
0,73.0,73.2,allocation_wait,idle,0:0715eac8:400010,400010,0.20000000000000284,0.0,0.20000000000000284,0.011046632488215663,0.0
1,73.0,73.20100000000001,allocation_wait,idle,1:f18cc255:400008,400008,0.20100000000000762,0.0,0.20100000000000762,0.010770750472269918,0.0
1,73.20100000000001,73.4,allocation_wait,idle,1:f18cc255:400008,400008,0.19899999999999807,0.0,0.19899999999999807,0.013716179514398545,0.0
0,73.2,73.4,allocation_wait,idle,0:0715eac8:400010,400010,0.20000000000000284,0.0,0.20000000000000284,0.019623270016773758,0.0
1,73.4,73.60000000000001,allocation_wait,idle,1:f18cc255:400008,400008,0.20000000000000284,0.0,0.20000000000000284,0.01161936128482229,0.10000000000000853
0,73.4,73.60000000000001,allocation_wait,idle,0:0715eac8:400010,400010,0.20000000000000284,0.0,0.20000000000000284,0.02873820777972732,0.0
0,73.60000000000001,73.80000000000001,reservation_wait,idle,0:0715eac8:400010,400010,0.20000000000000284,0.0,0.20000000000000284,0.028335149427012086,0.0
1,73.60000000000001,73.80000000000001,planning_wait,idle,1:f18cc255:400008,400008,0.20000000000000284,0.0,0.20000000000000284,0.009319929838648114,0.20000000000000284
0,73.80000000000001,74.0,reservation_wait,idle,0:0715eac8:400010,400010,0.19999999999998863,0.0,0.19999999999998863,0.021074816617963177,0.0
1,73.80000000000001,74.0,planning_wait,idle,1:f18cc255:400008,400008,0.19999999999998863,0.0,0.19999999999998863,0.005660766291027011,0.011999999999986244
0,74.0,74.2,allocation_wait,idle,0:0715eac8:400010,400010,0.20000000000000284,0.0,0.20000000000000284,0.015864032825873627,0.20000000000000284
1,74.0,74.2,allocation_wait,idle,1:f18cc255:400008,400008,0.20000000000000284,0.0,0.20000000000000284,0.0022631951096468775,0.0
0,74.2,74.4,execution,tracking_view,0:0715eac8:400011,400011,0.20000000000000284,0.0,0.20000000000000284,0.022072310577269185,0.20000000000000284
1,74.2,74.4,allocation_wait,idle,1:f18cc255:400008,400008,0.20000000000000284,0.0,0.20000000000000284,0.004120234316426758,0.0
0,74.4,74.601,execution,tracking_view,0:0715eac8:400011,400011,0.09599999999998943,0.10500000000000398,0.2009999999999934,0.09863845180260482,0.2009999999999934
1,74.4,74.60000000000001,allocation_wait,idle,1:f18cc255:400008,400008,0.20000000000000284,0.0,0.20000000000000284,0.011747525569888607,0.0
0,74.601,74.80000000000001,execution,tracking_view,0:0715eac8:400011,400011,0.0,0.19900000000001228,0.19900000000001228,0.21536652071151113,0.020000000000010232
1,74.60000000000001,74.801,allocation_wait,idle,1:f18cc255:400008,400008,0.2009999999999934,0.0,0.2009999999999934,0.01385496203385496,0.0
0,74.80000000000001,75.0,execution,tracking_view,0:0715eac8:400011,400011,0.0,0.19999999999998863,0.19999999999998863,0.3305430077994398,0.0
1,74.801,75.0,allocation_wait,idle,1:f18cc255:400008,400008,0.19899999999999807,0.0,0.19899999999999807,0.014587881015133005,0.0
0,75.0,75.20100000000001,execution,tracking_view,0:0715eac8:400011,400011,0.0,0.20100000000000762,0.20100000000000762,0.40863581714868713,0.0
1,75.0,75.2,allocation_wait,idle,1:f18cc255:400008,400008,0.20000000000000284,0.0,0.20000000000000284,0.01251497515893968,0.0
0,75.20100000000001,75.4,execution,tracking_view,0:0715eac8:400011,400011,0.0,0.19899999999999807,0.19899999999999807,0.44928271896323024,0.0
1,75.2,75.4,allocation_wait,idle,1:f18cc255:400008,400008,0.20000000000000284,0.0,0.20000000000000284,0.010897824678324905,0.0
0,75.4,75.60000000000001,execution,tracking_view,0:0715eac8:400011,400011,0.0,0.20000000000000284,0.20000000000000284,0.4304288152415609,0.0
1,75.4,75.60000000000001,allocation_wait,idle,1:f18cc255:400008,400008,0.20000000000000284,0.0,0.20000000000000284,0.010752941656828682,0.0
0,75.60000000000001,75.80000000000001,execution,tracking_view,0:0715eac8:400011,400011,0.0,0.20000000000000284,0.20000000000000284,0.36487169806517294,0.0
1,75.60000000000001,75.80000000000001,allocation_wait,idle,1:f18cc255:400008,400008,0.20000000000000284,0.0,0.20000000000000284,0.007811096950948995,0.0
1,75.80000000000001,76.0,allocation_wait,idle,1:f18cc255:400008,400008,0.19999999999998863,0.0,0.19999999999998863,0.00549961535797443,0.0
0,75.80000000000001,76.0,execution,tracking_view,0:0715eac8:400011,400011,0.0,0.19999999999998863,0.19999999999998863,0.2635833700161363,0.0
1,76.0,76.2,allocation_wait,idle,1:f18cc255:400008,400008,0.20000000000000284,0.0,0.20000000000000284,0.0038723405527544214,0.0
0,76.0,76.2,execution,tracking_view,0:0715eac8:400011,400011,0.01099999999999568,0.18900000000000716,0.20000000000000284,0.1531669027192708,0.0
0,76.2,76.40100000000001,execution,tracking_view,0:0715eac8:400011,400011,0.1910000000000167,0.009999999999990905,0.20100000000000762,0.06330381725550609,0.0
1,76.2,76.4,allocation_wait,idle,1:f18cc255:400008,400008,0.20000000000000284,0.0,0.20000000000000284,0.013802928886033678,0.0
1,76.4,76.60000000000001,allocation_wait,idle,1:f18cc255:400008,400008,0.20000000000000284,0.0,0.20000000000000284,0.01513512703253041,0.0
0,76.40100000000001,76.60000000000001,execution,tracking_view,0:0715eac8:400011,400011,0.19400000000000261,0.0049999999999954525,0.19899999999999807,0.06790654991458803,0.0
0,76.60000000000001,76.80000000000001,observation_dwell,observation_dwell,0:0715eac8:400011,400011,0.18200000000000216,0.018000000000000682,0.20000000000000284,0.09231801248316532,0.0
1,76.60000000000001,76.80000000000001,allocation_wait,idle,1:f18cc255:400008,400008,0.20000000000000284,0.0,0.20000000000000284,0.014552017770534527,0.0
0,76.80000000000001,77.0,allocation_wait,idle,0:0715eac8:400011,400011,0.19999999999998863,0.0,0.19999999999998863,0.07139889334589285,0.0
1,76.80000000000001,77.0,allocation_wait,idle,1:f18cc255:400008,400008,0.19999999999998863,0.0,0.19999999999998863,0.012393596749936352,0.0
0,77.0,77.2,allocation_wait,idle,0:0715eac8:400011,400011,0.20000000000000284,0.0,0.20000000000000284,0.04177204162435324,0.0
1,77.0,77.2,allocation_wait,idle,1:f18cc255:400008,400008,0.20000000000000284,0.0,0.20000000000000284,0.01576708714011507,0.0
0,77.2,77.4,allocation_wait,idle,0:0715eac8:400011,400011,0.20000000000000284,0.0,0.20000000000000284,0.02485173062050049,0.0
1,77.2,77.4,allocation_wait,idle,1:f18cc255:400008,400008,0.20000000000000284,0.0,0.20000000000000284,0.011569635043435049,0.0
1,77.4,77.60000000000001,allocation_wait,idle,1:f18cc255:400008,400008,0.20000000000000284,0.0,0.20000000000000284,0.008657199358897638,0.0
0,77.4,77.60000000000001,allocation_wait,idle,0:0715eac8:400011,400011,0.20000000000000284,0.0,0.20000000000000284,0.01991552440068033,0.0
0,77.60000000000001,77.80000000000001,reservation_wait,idle,0:0715eac8:400011,400011,0.20000000000000284,0.0,0.20000000000000284,0.021014984706032303,0.0
1,77.60000000000001,77.80000000000001,allocation_wait,idle,1:f18cc255:400008,400008,0.20000000000000284,0.0,0.20000000000000284,0.004897622464409726,0.0
0,77.80000000000001,78.0,reservation_wait,idle,0:0715eac8:400011,400011,0.19999999999998863,0.0,0.19999999999998863,0.0255617775046725,0.0
1,77.80000000000001,78.0,allocation_wait,idle,1:f18cc255:400008,400008,0.19999999999998863,0.0,0.19999999999998863,0.005937962709187979,0.0
1,78.0,78.2,allocation_wait,idle,1:f18cc255:400008,400008,0.20000000000000284,0.0,0.20000000000000284,0.010424804663914926,0.0
0,78.0,78.2,reservation_wait,idle,0:0715eac8:400011,400011,0.20000000000000284,0.0,0.20000000000000284,0.027943341766520465,0.0
1,78.2,78.4,allocation_wait,idle,1:f18cc255:400008,400008,0.20000000000000284,0.0,0.20000000000000284,0.0045202855304951346,0.0
0,78.2,78.402,reservation_wait,idle,0:0715eac8:400011,400011,0.20199999999999818,0.0,0.20199999999999818,0.02239446758641281,0.0
0,78.402,78.60000000000001,allocation_wait,idle,0:0715eac8:400011,400011,0.1980000000000075,0.0,0.1980000000000075,0.015469929757351468,0.10000000000000853
1,78.4,78.60000000000001,allocation_wait,idle,1:f18cc255:400008,400008,0.20000000000000284,0.0,0.20000000000000284,0.004724605717382414,0.10000000000000853
1,78.60000000000001,78.80000000000001,allocation_wait,idle,1:f18cc255:400008,400008,0.20000000000000284,0.0,0.20000000000000284,0.007652570788056884,0.20000000000000284
0,78.60000000000001,78.802,execution,tracking_view,0:0715eac8:400012,400012,0.20199999999999818,0.0,0.20199999999999818,0.010463657118346473,0.20199999999999818
0,78.802,79.0,execution,tracking_view,0:0715eac8:400012,400012,0.1979999999999933,0.0,0.1979999999999933,0.009237566195757585,0.1979999999999933
1,78.80000000000001,79.0,allocation_wait,idle,1:f18cc255:400008,400008,0.19999999999998863,0.0,0.19999999999998863,0.006627811922085794,0.0759999999999934
0,79.0,79.2,execution,tracking_view,0:0715eac8:400012,400012,0.20000000000000284,0.0,0.20000000000000284,0.009791525630965373,0.20000000000000284
1,79.0,79.2,allocation_wait,idle,1:f18cc255:400008,400008,0.20000000000000284,0.0,0.20000000000000284,0.008211132230968293,0.0
0,79.2,79.4,execution,tracking_view,0:0715eac8:400012,400012,0.20000000000000284,0.0,0.20000000000000284,0.014882189765002817,0.09100000000000819
1,79.2,79.4,allocation_wait,idle,1:f18cc255:400008,400008,0.20000000000000284,0.0,0.20000000000000284,0.011488725482834044,0.0
0,79.4,79.60000000000001,execution,tracking_view,0:0715eac8:400012,400012,0.20000000000000284,0.0,0.20000000000000284,0.018600713966881174,0.0
1,79.4,79.60000000000001,allocation_wait,idle,1:f18cc255:400008,400008,0.20000000000000284,0.0,0.20000000000000284,0.011248863224294314,0.0
0,79.60000000000001,79.80000000000001,execution,tracking_view,0:0715eac8:400012,400012,0.20000000000000284,0.0,0.20000000000000284,0.011881859203980669,0.0
1,79.60000000000001,79.80000000000001,allocation_wait,idle,1:f18cc255:400008,400008,0.20000000000000284,0.0,0.20000000000000284,0.0054339951511606826,0.0
0,79.80000000000001,80.0,execution,tracking_view,0:0715eac8:400012,400012,0.19999999999998863,0.0,0.19999999999998863,0.007194128512146153,0.0
1,79.80000000000001,80.0,allocation_wait,idle,1:f18cc255:400008,400008,0.19999999999998863,0.0,0.19999999999998863,0.005363875061439676,0.0
1,80.0,80.2,allocation_wait,idle,1:f18cc255:400008,400008,0.20000000000000284,0.0,0.20000000000000284,0.006944838286449279,0.0
0,80.0,80.2,execution,tracking_view,0:0715eac8:400012,400012,0.20000000000000284,0.0,0.20000000000000284,0.008784276193631391,0.0
0,80.2,80.4,execution,tracking_view,0:0715eac8:400012,400012,0.20000000000000284,0.0,0.20000000000000284,0.00789053222343425,0.0
1,80.2,80.4,allocation_wait,idle,1:f18cc255:400008,400008,0.20000000000000284,0.0,0.20000000000000284,0.005156273599260808,0.0
1,80.4,80.601,reservation_wait,idle,1:f18cc255:400008,400008,0.2009999999999934,0.0,0.2009999999999934,0.002955206685056535,0.0
0,80.4,80.601,execution,tracking_view,0:0715eac8:400012,400012,0.2009999999999934,0.0,0.2009999999999934,0.007164892037456298,0.0
0,80.601,80.802,execution,tracking_view,0:0715eac8:400012,400012,0.20100000000000762,0.0,0.20100000000000762,0.010817683539567382,0.0
1,80.601,80.802,reservation_wait,idle,1:f18cc255:400008,400008,0.20100000000000762,0.0,0.20100000000000762,0.0017664685568929376,0.0
1,80.802,81.0,reservation_wait,idle,1:f18cc255:400008,400008,0.1979999999999933,0.0,0.1979999999999933,0.003485476547787713,0.0
0,80.802,81.0,observation_dwell,observation_dwell,0:0715eac8:400012,400012,0.1979999999999933,0.0,0.1979999999999933,0.012070774812706528,0.0
1,81.0,81.2,reservation_wait,idle,1:f18cc255:400008,400008,0.20000000000000284,0.0,0.20000000000000284,0.009825513315348287,0.0
0,81.0,81.2,observation_dwell,observation_dwell,0:0715eac8:400012,400012,0.20000000000000284,0.0,0.20000000000000284,0.00798270913530083,0.0
0,81.2,81.4,allocation_wait,idle,0:0715eac8:400012,400012,0.20000000000000284,0.0,0.20000000000000284,0.007755806150468992,0.0
1,81.2,81.4,allocation_wait,idle,1:f18cc255:400008,400008,0.20000000000000284,0.0,0.20000000000000284,0.012653855984755389,0.0
1,81.4,81.60000000000001,navigation_reobserve,tracking_view,1:f18cc255:400009,400009,0.20000000000000284,0.0,0.20000000000000284,0.020695173514333875,0.10000000000000853
0,81.4,81.60000000000001,allocation_wait,idle,0:0715eac8:400012,400012,0.20000000000000284,0.0,0.20000000000000284,0.011930177291386887,0.0
0,81.60000000000001,81.80000000000001,allocation_wait,idle,0:0715eac8:400012,400012,0.20000000000000284,0.0,0.20000000000000284,0.0074020176473419425,0.0
1,81.60000000000001,81.801,navigation_reobserve,tracking_view,1:f18cc255:400009,400009,0.2009999999999934,0.0,0.2009999999999934,0.019803586040036802,0.2009999999999934
0,81.80000000000001,82.0,allocation_wait,idle,0:0715eac8:400012,400012,0.19999999999998863,0.0,0.19999999999998863,0.0041430647383786925,0.0
1,81.801,82.0,navigation_reobserve,tracking_view,1:f18cc255:400009,400009,0.19899999999999807,0.0,0.19899999999999807,0.014549617050971221,0.04000000000000625
0,82.0,82.2,allocation_wait,idle,0:0715eac8:400012,400012,0.20000000000000284,0.0,0.20000000000000284,0.00741893107112262,0.0
1,82.0,82.2,navigation_reobserve,tracking_view,1:f18cc255:400009,400009,0.20000000000000284,0.0,0.20000000000000284,0.019640489780843855,0.0
0,82.2,82.4,allocation_wait,idle,0:0715eac8:400012,400012,0.20000000000000284,0.0,0.20000000000000284,0.01316820289695982,0.0
1,82.2,82.4,navigation_reobserve,tracking_view,1:f18cc255:400009,400009,0.20000000000000284,0.0,0.20000000000000284,0.030285914130797262,0.0
0,82.4,82.60000000000001,reservation_wait,idle,0:0715eac8:400012,400012,0.20000000000000284,0.0,0.20000000000000284,0.009710732316719218,0.0
1,82.4,82.60000000000001,navigation_reobserve,tracking_view,1:f18cc255:400009,400009,0.20000000000000284,0.0,0.20000000000000284,0.046553240047994604,0.0
1,82.60000000000001,82.80000000000001,navigation_reobserve,tracking_view,1:f18cc255:400009,400009,0.20000000000000284,0.0,0.20000000000000284,0.06254100758528701,0.0
0,82.60000000000001,82.80000000000001,reservation_wait,idle,0:0715eac8:400012,400012,0.20000000000000284,0.0,0.20000000000000284,0.012442185096261762,0.0
1,82.80000000000001,83.0,navigation_reobserve,tracking_view,1:f18cc255:400009,400009,0.1939999999999884,0.006000000000000227,0.19999999999998863,0.07930347965876813,0.0
0,82.80000000000001,83.001,reservation_wait,idle,0:0715eac8:400012,400012,0.2009999999999934,0.0,0.2009999999999934,0.016109785052151368,0.0
0,83.001,83.2,reservation_wait,idle,0:0715eac8:400012,400012,0.19899999999999807,0.0,0.19899999999999807,0.009012262240560157,0.0
1,83.0,83.2,navigation_reobserve,tracking_view,1:f18cc255:400009,400009,0.13999999999998636,0.060000000000016485,0.20000000000000284,0.0956267432295438,0.0
0,83.2,83.4,allocation_wait,idle,0:0715eac8:400012,400012,0.20000000000000284,0.0,0.20000000000000284,0.008737630342026605,0.0
1,83.2,83.4,navigation_reobserve,tracking_view,1:f18cc255:400009,400009,0.027000000000015234,0.1729999999999876,0.20000000000000284,0.11568355428856844,0.0
0,83.4,83.60300000000001,execution,tracking_view,0:0715eac8:400013,400013,0.20300000000000296,0.0,0.20300000000000296,0.026545825227087993,0.10300000000000864
1,83.4,83.60300000000001,navigation_reobserve,tracking_view,1:f18cc255:400009,400009,0.012999999999991019,0.19000000000001194,0.20300000000000296,0.1356751327156624,0.0
1,83.60300000000001,83.80000000000001,navigation_reobserve,tracking_view,1:f18cc255:400009,400009,0.0,0.19700000000000273,0.19700000000000273,0.1554272987071133,0.0
0,83.60300000000001,83.80000000000001,execution,tracking_view,0:0715eac8:400013,400013,0.10499999999998977,0.09200000000001296,0.19700000000000273,0.09158012563460885,0.19700000000000273
0,83.80000000000001,84.0,execution,tracking_view,0:0715eac8:400013,400013,0.0,0.19999999999998863,0.19999999999998863,0.19912815973509593,0.19999999999998863
1,83.80000000000001,84.0,navigation_reobserve,tracking_view,1:f18cc255:400009,400009,0.0,0.19999999999998863,0.19999999999998863,0.1793466012509521,0.0
0,84.0,84.2,execution,tracking_view,0:0715eac8:400013,400013,0.0,0.20000000000000284,0.20000000000000284,0.33379796161528563,0.20000000000000284
1,84.0,84.2,navigation_reobserve,tracking_view,1:f18cc255:400009,400009,0.0,0.20000000000000284,0.20000000000000284,0.2001047486819785,0.0
1,84.2,84.4,navigation_reobserve,tracking_view,1:f18cc255:400009,400009,0.0,0.20000000000000284,0.20000000000000284,0.2228368520438623,0.0
0,84.2,84.4,execution,tracking_view,0:0715eac8:400013,400013,0.0,0.20000000000000284,0.20000000000000284,0.4582494050571933,0.20000000000000284
0,84.4,84.60000000000001,execution,tracking_view,0:0715eac8:400013,400013,0.0,0.20000000000000284,0.20000000000000284,0.5352888802572356,0.20000000000000284
1,84.4,84.60000000000001,navigation_reobserve,tracking_view,1:f18cc255:400010,400010,0.0,0.20000000000000284,0.20000000000000284,0.24331531229388934,0.0
1,84.60000000000001,84.80000000000001,navigation_reobserve,tracking_view,1:f18cc255:400010,400010,0.0,0.20000000000000284,0.20000000000000284,0.2655507353144393,0.0
0,84.60000000000001,84.80000000000001,execution,tracking_view,0:0715eac8:400013,400013,0.0,0.20000000000000284,0.20000000000000284,0.560396619989386,0.1869999999999976
0,84.80000000000001,85.0,execution,tracking_view,0:0715eac8:400013,400013,0.0,0.19999999999998863,0.19999999999998863,0.5333149576362723,0.0
1,84.80000000000001,85.0,navigation_reobserve,tracking_view,1:f18cc255:400010,400010,0.0,0.19999999999998863,0.19999999999998863,0.28006029907174673,0.0
0,85.0,85.2,execution,tracking_view,0:0715eac8:400013,400013,0.0,0.20000000000000284,0.20000000000000284,0.457511225097962,0.0
1,85.0,85.2,navigation_reobserve,tracking_view,1:f18cc255:400010,400010,0.0,0.20000000000000284,0.20000000000000284,0.2955335377083968,0.20000000000000284
1,85.2,85.4,navigation_reobserve,tracking_view,1:f18cc255:400010,400010,0.0,0.20000000000000284,0.20000000000000284,0.31499299366177314,0.20000000000000284
0,85.2,85.4,execution,tracking_view,0:0715eac8:400013,400013,0.0,0.20000000000000284,0.20000000000000284,0.3473130565111792,0.0
1,85.4,85.60000000000001,navigation_reobserve,tracking_view,1:f18cc255:400010,400010,0.0,0.20000000000000284,0.20000000000000284,0.34151106220199984,0.20000000000000284
0,85.4,85.60000000000001,execution,tracking_view,0:0715eac8:400013,400013,0.0,0.20000000000000284,0.20000000000000284,0.21015908921073417,0.0
0,85.60000000000001,85.80000000000001,execution,tracking_view,0:0715eac8:400013,400013,0.14300000000000068,0.05700000000000216,0.20000000000000284,0.07373455993999087,0.0
1,85.60000000000001,85.80000000000001,navigation_reobserve,tracking_view,1:f18cc255:400010,400010,0.0,0.20000000000000284,0.20000000000000284,0.36458827717376596,0.13100000000000023
0,85.80000000000001,86.0,execution,tracking_view,0:0715eac8:400013,400013,0.19999999999998863,0.0,0.19999999999998863,0.052258042680276694,0.0
1,85.80000000000001,86.001,navigation_reobserve,tracking_view,1:f18cc255:400010,400010,0.0,0.2009999999999934,0.2009999999999934,0.3833255076538155,0.0
0,86.0,86.2,execution,tracking_view,0:0715eac8:400013,400013,0.04399999999998272,0.15600000000002012,0.20000000000000284,0.10796064618566836,0.0
1,86.001,86.2,navigation_reobserve,tracking_view,1:f18cc255:400010,400010,0.0,0.19899999999999807,0.19899999999999807,0.3909675923595693,0.0
0,86.2,86.4,observation_dwell,observation_dwell,0:0715eac8:400013,400013,0.09100000000000819,0.10899999999999466,0.20000000000000284,0.1014368439688767,0.0
1,86.2,86.4,navigation_reobserve,tracking_view,1:f18cc255:400010,400010,0.0,0.20000000000000284,0.20000000000000284,0.4079263265512647,0.0
0,86.4,86.60000000000001,allocation_wait,idle,0:0715eac8:400013,400013,0.20000000000000284,0.0,0.20000000000000284,0.05716334308288369,0.0
1,86.4,86.60000000000001,navigation_reobserve,tracking_view,1:f18cc255:400010,400010,0.0,0.20000000000000284,0.20000000000000284,0.4367683359800837,0.0
0,86.60000000000001,86.80000000000001,allocation_wait,idle,0:0715eac8:400013,400013,0.20000000000000284,0.0,0.20000000000000284,0.015748373507203317,0.0
1,86.60000000000001,86.80000000000001,navigation_reobserve,tracking_view,1:f18cc255:400010,400010,0.0,0.20000000000000284,0.20000000000000284,0.45772893897645184,0.0
0,86.80000000000001,87.0,allocation_wait,idle,0:0715eac8:400013,400013,0.19999999999998863,0.0,0.19999999999998863,0.018038901180895756,0.0
1,86.80000000000001,87.0,navigation_reobserve,tracking_view,1:f18cc255:400010,400010,0.0,0.19999999999998863,0.19999999999998863,0.46356157846370233,0.0
0,87.0,87.2,allocation_wait,idle,0:0715eac8:400013,400013,0.20000000000000284,0.0,0.20000000000000284,0.02855921042100268,0.0
1,87.0,87.20100000000001,navigation_reobserve,tracking_view,1:f18cc255:400010,400010,0.0,0.20100000000000762,0.20100000000000762,0.4759643071919878,0.0
0,87.2,87.4,reservation_wait,idle,0:0715eac8:400013,400013,0.20000000000000284,0.0,0.20000000000000284,0.02927775225814518,0.0
1,87.20100000000001,87.4,navigation_reobserve,tracking_view,1:f18cc255:400010,400010,0.0,0.19899999999999807,0.19899999999999807,0.4960999321502811,0.0
0,87.4,87.601,reservation_wait,idle,0:0715eac8:400013,400013,0.2009999999999934,0.0,0.2009999999999934,0.0237626455110806,0.0
1,87.4,87.60000000000001,navigation_reobserve,tracking_view,1:f18cc255:400010,400010,0.0,0.20000000000000284,0.20000000000000284,0.5136074859629973,0.0
0,87.601,87.80000000000001,reservation_wait,idle,0:0715eac8:400013,400013,0.19900000000001228,0.0,0.19900000000001228,0.02230254682369443,0.0
1,87.60000000000001,87.80000000000001,navigation_reobserve,tracking_view,1:f18cc255:400010,400010,0.0,0.20000000000000284,0.20000000000000284,0.5281817091371269,0.0
0,87.80000000000001,88.0,reservation_wait,idle,0:0715eac8:400013,400013,0.19999999999998863,0.0,0.19999999999998863,0.01960666546891877,0.0
1,87.80000000000001,88.001,navigation_reobserve,tracking_view,1:f18cc255:400011,400011,0.0,0.2009999999999934,0.2009999999999934,0.5591386281534507,0.0010000000000047748
1,88.001,88.2,execution,tracking_view,1:f18cc255:400011,400011,0.0,0.19899999999999807,0.19899999999999807,0.5553622314224413,0.19899999999999807
0,88.0,88.2,allocation_wait,idle,0:0715eac8:400013,400013,0.20000000000000284,0.0,0.20000000000000284,0.01576363151908614,0.20000000000000284
0,88.2,88.4,execution,tracking_view,0:0715eac8:400014,400014,0.20000000000000284,0.0,0.20000000000000284,0.01212352879149941,0.20000000000000284
1,88.2,88.4,execution,tracking_view,1:f18cc255:400011,400011,0.0,0.20000000000000284,0.20000000000000284,0.5571825527869615,0.20000000000000284
0,88.4,88.60000000000001,execution,tracking_view,0:0715eac8:400014,400014,0.20000000000000284,0.0,0.20000000000000284,0.015597998286463752,0.20000000000000284
1,88.4,88.60000000000001,execution,tracking_view,1:f18cc255:400011,400011,0.0,0.20000000000000284,0.20000000000000284,0.5648044199537298,0.20000000000000284
1,88.60000000000001,88.80000000000001,execution,tracking_view,1:f18cc255:400011,400011,0.0,0.20000000000000284,0.20000000000000284,0.5783002965731938,0.20000000000000284
0,88.60000000000001,88.80000000000001,execution,tracking_view,0:0715eac8:400014,400014,0.20000000000000284,0.0,0.20000000000000284,0.02872404121891496,0.04899999999999238
0,88.80000000000001,89.0,execution,tracking_view,0:0715eac8:400014,400014,0.19999999999998863,0.0,0.19999999999998863,0.04169422817158584,0.0
1,88.80000000000001,89.0,allocation_wait,idle,,400012,0.0,0.19999999999998863,0.19999999999998863,0.558766563751587,0.19999999999998863
1,89.0,89.2,allocation_wait,idle,,400012,0.0,0.20000000000000284,0.20000000000000284,0.4049912252474241,0.20000000000000284
0,89.0,89.20100000000001,execution,tracking_view,0:0715eac8:400014,400014,0.20100000000000762,0.0,0.20100000000000762,0.064014351400826,0.0
0,89.20100000000001,89.4,execution,tracking_view,0:0715eac8:400014,400014,0.12299999999999045,0.07600000000000762,0.19899999999999807,0.09739313691154278,0.0
1,89.2,89.4,allocation_wait,idle,,400012,0.019000000000005457,0.18099999999999739,0.20000000000000284,0.187841605788135,0.20000000000000284
0,89.4,89.60000000000001,execution,tracking_view,0:0715eac8:400014,400014,0.027000000000001023,0.17300000000000182,0.20000000000000284,0.12920374733552234,0.0
1,89.4,89.60000000000001,allocation_wait,idle,,400012,0.17099999999999227,0.029000000000010573,0.20000000000000284,0.05962019657340284,0.20000000000000284
0,89.60000000000001,89.80000000000001,execution,tracking_view,0:0715eac8:400014,400014,0.0,0.20000000000000284,0.20000000000000284,0.16113978643854876,0.0
1,89.60000000000001,89.801,allocation_wait,idle,,400012,0.0,0.2009999999999934,0.2009999999999934,0.21181875408396295,0.2009999999999934
0,89.80000000000001,90.0,execution,tracking_view,0:0715eac8:400014,400014,0.0,0.19999999999998863,0.19999999999998863,0.19369581985799453,0.0
1,89.801,90.0,allocation_wait,idle,,400012,0.0,0.19899999999999807,0.19899999999999807,0.37007662965587784,0.19899999999999807
0,90.0,90.2,execution,tracking_view,0:0715eac8:400014,400014,0.0,0.20000000000000284,0.20000000000000284,0.22941789154361178,0.0
1,90.0,90.20100000000001,allocation_wait,idle,,400012,0.0,0.20100000000000762,0.20100000000000762,0.4707573791240746,0.20100000000000762
1,90.20100000000001,90.4,allocation_wait,idle,,400012,0.0,0.19899999999999807,0.19899999999999807,0.340846263716944,0.19899999999999807
0,90.2,90.4,execution,tracking_view,0:0715eac8:400014,400014,0.0,0.20000000000000284,0.20000000000000284,0.2620050557201066,0.0
1,90.4,90.60000000000001,allocation_wait,idle,,400012,0.05000000000001137,0.14999999999999147,0.20000000000000284,0.14829321728676145,0.20000000000000284
0,90.4,90.60000000000001,execution,tracking_view,0:0715eac8:400014,400014,0.0,0.20000000000000284,0.20000000000000284,0.30120155593525777,0.0
1,90.60000000000001,90.80000000000001,allocation_wait,idle,,400012,0.20000000000000284,0.0,0.20000000000000284,0.03265351651708415,0.20000000000000284
0,90.60000000000001,90.80000000000001,execution,tracking_view,0:0715eac8:400014,400014,0.0,0.20000000000000284,0.20000000000000284,0.33110343985157503,0.0
1,90.80000000000001,91.0,allocation_wait,idle,,400012,0.19999999999998863,0.0,0.19999999999998863,0.03835364462252736,0.19999999999998863
0,90.80000000000001,91.0,execution,tracking_view,0:0715eac8:400014,400014,0.0,0.19999999999998863,0.19999999999998863,0.3534247162199971,0.0
0,91.0,91.2,execution,tracking_view,0:0715eac8:400014,400014,0.0,0.20000000000000284,0.20000000000000284,0.38545008516101087,0.0
1,91.0,91.2,allocation_wait,idle,,400012,0.20000000000000284,0.0,0.20000000000000284,0.06327717384311796,0.20000000000000284
0,91.2,91.4,execution,tracking_view,0:0715eac8:400014,400014,0.0,0.20000000000000284,0.20000000000000284,0.41863366905534266,0.0
1,91.2,91.4,allocation_wait,idle,,400012,0.20000000000000284,0.0,0.20000000000000284,0.06500199801565117,0.20000000000000284
0,91.4,91.60000000000001,execution,tracking_view,0:0715eac8:400014,400014,0.0,0.20000000000000284,0.20000000000000284,0.4472893216518752,0.0
1,91.4,91.60000000000001,allocation_wait,idle,,400012,0.20000000000000284,0.0,0.20000000000000284,0.04766386134541399,0.20000000000000284
1,91.60000000000001,91.80000000000001,allocation_wait,idle,,400012,0.20000000000000284,0.0,0.20000000000000284,0.02806480447124926,0.05100000000000193
0,91.60000000000001,91.80000000000001,execution,tracking_view,0:0715eac8:400014,400014,0.0,0.20000000000000284,0.20000000000000284,0.47697076373425584,0.0
0,91.80000000000001,92.0,execution,tracking_view,0:0715eac8:400014,400014,0.0,0.19999999999998863,0.19999999999998863,0.5091031404614281,0.0
1,91.80000000000001,92.0,allocation_wait,idle,,400012,0.19899999999998386,0.0010000000000047748,0.19999999999998863,0.013595058191617744,0.0
0,92.0,92.2,execution,tracking_view,0:0715eac8:400014,400014,0.0,0.20000000000000284,0.20000000000000284,0.5266366341137605,0.0
1,92.0,92.2,allocation_wait,idle,,400012,0.20000000000000284,0.0,0.20000000000000284,0.007993208586825595,0.20000000000000284
0,92.2,92.4,execution,tracking_view,0:0715eac8:400014,400014,0.0,0.20000000000000284,0.20000000000000284,0.544796979197943,0.0
1,92.2,92.4,allocation_wait,idle,,400012,0.20000000000000284,0.0,0.20000000000000284,0.016320366244905397,0.20000000000000284
1,92.4,92.60000000000001,planning_wait,idle,,400012,0.20000000000000284,0.0,0.20000000000000284,0.020012669706527608,0.20000000000000284
0,92.4,92.60000000000001,execution,tracking_view,0:0715eac8:400014,400014,0.0,0.20000000000000284,0.20000000000000284,0.5584998193269557,0.0
0,92.60000000000001,92.80000000000001,execution,tracking_view,0:0715eac8:400014,400014,0.0,0.20000000000000284,0.20000000000000284,0.5714124489738528,0.0
1,92.60000000000001,92.80000000000001,planning_wait,idle,,400012,0.20000000000000284,0.0,0.20000000000000284,0.01763712660125272,0.20000000000000284
0,92.80000000000001,93.0,execution,tracking_view,0:0715eac8:400014,400014,0.0,0.19999999999998863,0.19999999999998863,0.5805091003318975,0.0
1,92.80000000000001,93.0,allocation_wait,idle,,400012,0.19999999999998863,0.0,0.19999999999998863,0.012835109571948429,0.01099999999999568
0,93.0,93.2,execution,tracking_view,0:0715eac8:400014,400014,0.0,0.20000000000000284,0.20000000000000284,0.5917077229055219,0.20000000000000284
1,93.0,93.2,allocation_wait,idle,,400012,0.20000000000000284,0.0,0.20000000000000284,0.009517192365191053,0.0
0,93.2,93.4,execution,tracking_view,0:0715eac8:400014,400014,0.0,0.20000000000000284,0.20000000000000284,0.582504498323014,0.20000000000000284
1,93.2,93.4,reservation_wait,idle,,400012,0.20000000000000284,0.0,0.20000000000000284,0.007931838778488305,0.0
0,93.4,93.60000000000001,execution,tracking_view,0:0715eac8:400014,400014,0.0,0.20000000000000284,0.20000000000000284,0.5778970199315019,0.20000000000000284
1,93.4,93.60000000000001,reservation_wait,idle,,400012,0.20000000000000284,0.0,0.20000000000000284,0.004273497528467335,0.0
1,93.60000000000001,93.80000000000001,reservation_wait,idle,,400012,0.20000000000000284,0.0,0.20000000000000284,0.00693942271472878,0.0
0,93.60000000000001,93.80000000000001,execution,tracking_view,0:0715eac8:400014,400014,0.0,0.20000000000000284,0.20000000000000284,0.5759390913710974,0.09799999999999898
1,93.80000000000001,94.0,reservation_wait,idle,,400012,0.19999999999998863,0.0,0.19999999999998863,0.009643110347711906,0.0
0,93.80000000000001,94.0,execution,tracking_view,0:0715eac8:400014,400014,0.0,0.19999999999998863,0.19999999999998863,0.5675913117268654,0.0
0,94.0,94.2,execution,tracking_view,0:0715eac8:400014,400014,0.0,0.20000000000000284,0.20000000000000284,0.5652198686034907,0.0
1,94.0,94.2,allocation_wait,idle,,400012,0.20000000000000284,0.0,0.20000000000000284,0.014648243543273558,0.20000000000000284
0,94.2,94.4,execution,tracking_view,0:0715eac8:400014,400014,0.0,0.20000000000000284,0.20000000000000284,0.5567673916044774,0.0
1,94.2,94.4,execution,tracking_view,1:f18cc255:400013,400013,0.20000000000000284,0.0,0.20000000000000284,0.02692624903783674,0.20000000000000284
0,94.4,94.60000000000001,execution,tracking_view,0:0715eac8:400014,400014,0.0,0.20000000000000284,0.20000000000000284,0.5504663036467695,0.0
1,94.4,94.60000000000001,execution,tracking_view,1:f18cc255:400013,400013,0.20000000000000284,0.0,0.20000000000000284,0.04737727793425654,0.20000000000000284
0,94.60000000000001,94.80000000000001,execution,tracking_view,0:0715eac8:400014,400014,0.0,0.20000000000000284,0.20000000000000284,0.5198371534718663,0.0
1,94.60000000000001,94.80000000000001,execution,tracking_view,1:f18cc255:400013,400013,0.20000000000000284,0.0,0.20000000000000284,0.07060971215334899,0.12999999999999545
0,94.80000000000001,95.0,execution,tracking_view,0:0715eac8:400014,400014,0.0,0.19999999999998863,0.19999999999998863,0.4990396339065576,0.0
1,94.80000000000001,95.0,execution,tracking_view,1:f18cc255:400013,400013,0.042999999999992156,0.15699999999999648,0.19999999999998863,0.11592639220076559,0.0
1,95.0,95.2,execution,tracking_view,1:f18cc255:400013,400013,0.0,0.20000000000000284,0.20000000000000284,0.16892089896989887,0.0
0,95.0,95.2,execution,tracking_view,0:0715eac8:400014,400014,0.0,0.20000000000000284,0.20000000000000284,0.4807091922942352,0.1979999999999933
0,95.2,95.4,execution,tracking_view,0:0715eac8:400014,400014,0.0,0.20000000000000284,0.20000000000000284,0.4639002916821552,0.20000000000000284
1,95.2,95.4,execution,tracking_view,1:f18cc255:400013,400013,0.0,0.20000000000000284,0.20000000000000284,0.2284761742410262,0.0
0,95.4,95.60000000000001,execution,tracking_view,0:0715eac8:400014,400014,0.0,0.20000000000000284,0.20000000000000284,0.432587999293114,0.20000000000000284
1,95.4,95.60000000000001,execution,tracking_view,1:f18cc255:400013,400013,0.0,0.20000000000000284,0.20000000000000284,0.2871621883922511,0.0
0,95.60000000000001,95.80000000000001,execution,tracking_view,0:0715eac8:400014,400014,0.0,0.20000000000000284,0.20000000000000284,0.4106437167648545,0.03900000000000148
1,95.60000000000001,95.80000000000001,execution,tracking_view,1:f18cc255:400013,400013,0.0,0.20000000000000284,0.20000000000000284,0.3515189978637403,0.0
0,95.80000000000001,96.0,execution,tracking_view,0:0715eac8:400014,400014,0.0,0.19999999999998863,0.19999999999998863,0.38572673838250005,0.0
1,95.80000000000001,96.0,execution,tracking_view,1:f18cc255:400013,400013,0.0,0.19999999999998863,0.19999999999998863,0.4082973600082198,0.0
0,96.0,96.2,execution,tracking_view,0:0715eac8:400014,400014,0.0,0.20000000000000284,0.20000000000000284,0.3559922695931538,0.0
1,96.0,96.2,execution,tracking_view,1:f18cc255:400013,400013,0.0,0.20000000000000284,0.20000000000000284,0.45665203955308603,0.0
1,96.2,96.4,execution,tracking_view,1:f18cc255:400013,400013,0.0,0.20000000000000284,0.20000000000000284,0.4821681756537462,0.0
0,96.2,96.4,execution,tracking_view,0:0715eac8:400014,400014,0.0,0.20000000000000284,0.20000000000000284,0.31438115559576973,0.0
0,96.4,96.60000000000001,execution,tracking_view,0:0715eac8:400014,400014,0.0,0.20000000000000284,0.20000000000000284,0.2887647524779342,0.0
1,96.4,96.60000000000001,execution,tracking_view,1:f18cc255:400013,400013,0.0,0.20000000000000284,0.20000000000000284,0.5268077223346987,0.0
0,96.60000000000001,96.80000000000001,execution,tracking_view,0:0715eac8:400014,400014,0.0,0.20000000000000284,0.20000000000000284,0.24877557207759193,0.0
1,96.60000000000001,96.80000000000001,execution,tracking_view,1:f18cc255:400013,400013,0.0,0.20000000000000284,0.20000000000000284,0.5478163422897715,0.0
1,96.80000000000001,97.0,execution,tracking_view,1:f18cc255:400013,400013,0.0,0.19999999999998863,0.19999999999998863,0.5746660718225803,0.0
0,96.80000000000001,97.001,execution,tracking_view,0:0715eac8:400014,400014,0.0,0.2009999999999934,0.2009999999999934,0.22000262558871703,0.0
0,97.001,97.2,execution,tracking_view,0:0715eac8:400014,400014,0.0,0.19899999999999807,0.19899999999999807,0.18984903931867883,0.0
1,97.0,97.2,execution,tracking_view,1:f18cc255:400013,400013,0.0,0.20000000000000284,0.20000000000000284,0.5865924155436721,0.0
0,97.2,97.4,execution,tracking_view,0:0715eac8:400014,400014,0.0,0.20000000000000284,0.20000000000000284,0.1603342149868983,0.0
1,97.2,97.4,execution,tracking_view,1:f18cc255:400013,400013,0.0,0.20000000000000284,0.20000000000000284,0.5921177720146822,0.0
0,97.4,97.60000000000001,execution,tracking_view,0:0715eac8:400014,400014,0.0,0.20000000000000284,0.20000000000000284,0.12941007911935806,0.0
1,97.4,97.60000000000001,execution,tracking_view,1:f18cc255:400013,400013,0.0,0.20000000000000284,0.20000000000000284,0.5878029051829381,0.0
1,97.60000000000001,97.80000000000001,execution,tracking_view,1:f18cc255:400013,400013,0.0,0.20000000000000284,0.20000000000000284,0.5779712348677645,0.0
0,97.60000000000001,97.80000000000001,execution,tracking_view,0:0715eac8:400014,400014,0.12000000000001876,0.07999999999998408,0.20000000000000284,0.09884961653780401,0.0
0,97.80000000000001,98.0,execution,tracking_view,0:0715eac8:400014,400014,0.19999999999998863,0.0,0.19999999999998863,0.07267744594228374,0.0
1,97.80000000000001,98.00200000000001,execution,tracking_view,1:f18cc255:400013,400013,0.0,0.20199999999999818,0.20199999999999818,0.5542009226922049,0.0
1,98.00200000000001,98.2,execution,tracking_view,1:f18cc255:400013,400013,0.0,0.1979999999999933,0.1979999999999933,0.5205597528739909,0.0
0,98.0,98.2,execution,tracking_view,0:0715eac8:400014,400014,0.20000000000000284,0.0,0.20000000000000284,0.04864656278401307,0.0
0,98.2,98.4,execution,tracking_view,0:0715eac8:400015,400015,0.20000000000000284,0.0,0.20000000000000284,0.025399326671258105,0.0
1,98.2,98.4,execution,tracking_view,1:f18cc255:400013,400013,0.0,0.20000000000000284,0.20000000000000284,0.49017562358353056,0.0
1,98.4,98.60000000000001,execution,tracking_view,1:f18cc255:400013,400013,0.0,0.20000000000000284,0.20000000000000284,0.44827648157525146,0.0
0,98.4,98.60000000000001,execution,tracking_view,0:0715eac8:400015,400015,0.20000000000000284,0.0,0.20000000000000284,0.01009253139494115,0.10000000000000853
0,98.60000000000001,98.80000000000001,execution,tracking_view,0:0715eac8:400015,400015,0.20000000000000284,0.0,0.20000000000000284,0.015389191951544689,0.20000000000000284
1,98.60000000000001,98.80000000000001,execution,tracking_view,1:f18cc255:400013,400013,0.0,0.20000000000000284,0.20000000000000284,0.4005875659787343,0.0
1,98.80000000000001,99.0,execution,tracking_view,1:f18cc255:400013,400013,0.0,0.19999999999998863,0.19999999999998863,0.35210034922988137,0.0
0,98.80000000000001,99.00200000000001,execution,tracking_view,0:0715eac8:400015,400015,0.20199999999999818,0.0,0.20199999999999818,0.02613704435197906,0.19999999999998863
0,99.00200000000001,99.2,execution,tracking_view,0:0715eac8:400015,400015,0.1979999999999933,0.0,0.1979999999999933,0.038016540677117044,0.0
1,99.0,99.2,execution,tracking_view,1:f18cc255:400013,400013,0.0,0.20000000000000284,0.20000000000000284,0.30148743913167625,0.20000000000000284
0,99.2,99.4,execution,tracking_view,0:0715eac8:400015,400015,0.20000000000000284,0.0,0.20000000000000284,0.0538125930085115,0.0
1,99.2,99.4,execution,tracking_view,1:f18cc255:400013,400013,0.0,0.20000000000000284,0.20000000000000284,0.24720358812217505,0.20000000000000284
0,99.4,99.60000000000001,execution,tracking_view,0:0715eac8:400015,400015,0.20000000000000284,0.0,0.20000000000000284,0.07190126507881649,0.0
1,99.4,99.60000000000001,execution,tracking_view,1:f18cc255:400013,400013,0.0,0.20000000000000284,0.20000000000000284,0.18281254080715556,0.20000000000000284
0,99.60000000000001,99.80000000000001,execution,tracking_view,0:0715eac8:400015,400015,0.18300000000000693,0.016999999999995907,0.20000000000000284,0.08614231483387301,0.0
1,99.60000000000001,99.80000000000001,execution,tracking_view,1:f18cc255:400013,400013,0.009000000000014552,0.1909999999999883,0.20000000000000284,0.1287839697158389,0.08899999999999864
0,99.80000000000001,100.0,execution,tracking_view,0:0715eac8:400015,400015,0.09199999999998454,0.10800000000000409,0.19999999999998863,0.10158460894010354,0.0
1,99.80000000000001,100.0,execution,tracking_view,1:f18cc255:400013,400013,0.18899999999999295,0.01099999999999568,0.19999999999998863,0.08011909168309832,0.0
0,100.0,100.2,execution,tracking_view,0:0715eac8:400015,400015,0.0,0.20000000000000284,0.20000000000000284,0.11695149648876606,0.0
1,100.0,100.2,execution,tracking_view,1:f18cc255:400013,400013,0.20000000000000284,0.0,0.20000000000000284,0.039290146148996986,0.0
1,100.2,100.4,execution,tracking_view,1:f18cc255:400013,400013,0.20000000000000284,0.0,0.20000000000000284,0.01145093185554615,0.0
0,100.2,100.4,execution,tracking_view,0:0715eac8:400015,400015,0.013999999999995794,0.18600000000000705,0.20000000000000284,0.13153634198084221,0.0
0,100.4,100.60000000000001,execution,tracking_view,0:0715eac8:400015,400015,0.0,0.20000000000000284,0.20000000000000284,0.14492199394942715,0.0
1,100.4,100.60000000000001,execution,tracking_view,1:f18cc255:400013,400013,0.20000000000000284,0.0,0.20000000000000284,0.012819270971914957,0.0
0,100.60000000000001,100.80000000000001,execution,tracking_view,0:0715eac8:400015,400015,0.0,0.20000000000000284,0.20000000000000284,0.1535590572107535,0.0
1,100.60000000000001,100.80000000000001,observation_dwell,observation_dwell,1:f18cc255:400013,400013,0.20000000000000284,0.0,0.20000000000000284,0.018108077964730192,0.0
0,100.80000000000001,101.0,execution,tracking_view,0:0715eac8:400015,400015,0.0,0.19999999999998863,0.19999999999998863,0.16139268155928815,0.0
1,100.80000000000001,101.0,observation_dwell,observation_dwell,1:f18cc255:400013,400013,0.19999999999998863,0.0,0.19999999999998863,0.011341043866256588,0.0
1,101.0,101.2,observation_dwell,observation_dwell,1:f18cc255:400013,400013,0.20000000000000284,0.0,0.20000000000000284,0.013838040870992862,0.0
0,101.0,101.2,execution,tracking_view,0:0715eac8:400015,400015,0.0,0.20000000000000284,0.20000000000000284,0.1711836211300598,0.20000000000000284
1,101.2,101.4,allocation_wait,idle,1:f18cc255:400013,400013,0.20000000000000284,0.0,0.20000000000000284,0.016101234088969296,0.0
0,101.2,101.4,execution,tracking_view,0:0715eac8:400015,400015,0.0,0.20000000000000284,0.20000000000000284,0.1772981891310866,0.20000000000000284
0,101.4,101.60000000000001,execution,tracking_view,0:0715eac8:400015,400015,0.0,0.20000000000000284,0.20000000000000284,0.17941324355463018,0.20000000000000284
1,101.4,101.60000000000001,allocation_wait,idle,1:f18cc255:400013,400013,0.20000000000000284,0.0,0.20000000000000284,0.014350316919772807,0.0
1,101.60000000000001,101.80000000000001,allocation_wait,idle,1:f18cc255:400013,400013,0.20000000000000284,0.0,0.20000000000000284,0.016494849357333027,0.0
0,101.60000000000001,101.80000000000001,execution,tracking_view,0:0715eac8:400015,400015,0.0,0.20000000000000284,0.20000000000000284,0.18026427310066998,0.20000000000000284
1,101.80000000000001,102.0,allocation_wait,idle,1:f18cc255:400013,400013,0.19999999999998863,0.0,0.19999999999998863,0.021078790508453557,0.0
0,101.80000000000001,102.0,execution,tracking_view,0:0715eac8:400015,400015,0.0,0.19999999999998863,0.19999999999998863,0.17683925371869222,0.06199999999999761
0,102.0,102.2,execution,tracking_view,0:0715eac8:400015,400015,0.0,0.20000000000000284,0.20000000000000284,0.17084057661667,0.0
1,102.0,102.20100000000001,allocation_wait,idle,1:f18cc255:400013,400013,0.20100000000000762,0.0,0.20100000000000762,0.018356782123108796,0.20100000000000762
0,102.2,102.4,execution,tracking_view,0:0715eac8:400015,400015,0.0,0.20000000000000284,0.20000000000000284,0.17359882681907923,0.0
1,102.20100000000001,102.403,allocation_wait,idle,1:f18cc255:400013,400013,0.20199999999999818,0.0,0.20199999999999818,0.010620531315227687,0.10500000000000398
1,102.403,102.60000000000001,reservation_wait,idle,1:f18cc255:400013,400013,0.19700000000000273,0.0,0.19700000000000273,0.008637570827514304,0.0
0,102.4,102.60000000000001,execution,tracking_view,0:0715eac8:400015,400015,0.0,0.20000000000000284,0.20000000000000284,0.17139900390518187,0.0
1,102.60000000000001,102.80000000000001,reservation_wait,idle,1:f18cc255:400013,400013,0.20000000000000284,0.0,0.20000000000000284,0.011830635356264864,0.0
0,102.60000000000001,102.80000000000001,execution,tracking_view,0:0715eac8:400015,400015,0.0,0.20000000000000284,0.20000000000000284,0.15837119683326514,0.0
0,102.80000000000001,103.0,execution,tracking_view,0:0715eac8:400015,400015,0.0,0.19999999999998863,0.19999999999998863,0.14320050018232092,0.0
1,102.80000000000001,103.001,reservation_wait,idle,1:f18cc255:400013,400013,0.2009999999999934,0.0,0.2009999999999934,0.012426571819933648,0.0
0,103.0,103.2,execution,tracking_view,0:0715eac8:400015,400015,0.0,0.20000000000000284,0.20000000000000284,0.12728544344490522,0.0
1,103.001,103.2,reservation_wait,idle,1:f18cc255:400013,400013,0.19899999999999807,0.0,0.19899999999999807,0.0057651395052145974,0.0
1,103.2,103.4,allocation_wait,idle,1:f18cc255:400013,400013,0.20000000000000284,0.0,0.20000000000000284,0.006802463908694751,0.0
0,103.2,103.4,execution,tracking_view,0:0715eac8:400015,400015,0.04200000000000159,0.15800000000000125,0.20000000000000284,0.10783698117034163,0.0
1,103.4,103.60000000000001,navigation_reobserve,tracking_view,1:f18cc255:400014,400014,0.20000000000000284,0.0,0.20000000000000284,0.01304028410958703,0.0
0,103.4,103.60000000000001,execution,tracking_view,0:0715eac8:400015,400015,0.1490000000000009,0.05100000000000193,0.20000000000000284,0.09085002193201433,0.10000000000000853
0,103.60000000000001,103.80000000000001,execution,tracking_view,0:0715eac8:400015,400015,0.19199999999999307,0.008000000000009777,0.20000000000000284,0.0820478466238,0.20000000000000284
1,103.60000000000001,103.80000000000001,navigation_reobserve,tracking_view,1:f18cc255:400014,400014,0.20000000000000284,0.0,0.20000000000000284,0.012057013727727165,0.0
0,103.80000000000001,104.0,execution,tracking_view,0:0715eac8:400015,400015,0.19999999999998863,0.0,0.19999999999998863,0.07014051179979507,0.19999999999998863
1,103.80000000000001,104.0,navigation_reobserve,tracking_view,1:f18cc255:400014,400014,0.19999999999998863,0.0,0.19999999999998863,0.016033580771878574,0.0
0,104.0,104.2,execution,tracking_view,0:0715eac8:400015,400015,0.20000000000000284,0.0,0.20000000000000284,0.055027810424903574,0.20000000000000284
1,104.0,104.20100000000001,navigation_reobserve,tracking_view,1:f18cc255:400014,400014,0.20100000000000762,0.0,0.20100000000000762,0.0273449875405722,0.0
0,104.2,104.4,execution,tracking_view,0:0715eac8:400015,400015,0.20000000000000284,0.0,0.20000000000000284,0.03561360283209461,0.20000000000000284
1,104.20100000000001,104.4,allocation_wait,idle,,400015,0.19899999999999807,0.0,0.19899999999999807,0.01357149289215594,0.0
1,104.4,104.60000000000001,allocation_wait,idle,,400015,0.20000000000000284,0.0,0.20000000000000284,0.008998266119440854,0.0
0,104.4,104.60000000000001,execution,tracking_view,0:0715eac8:400015,400015,0.20000000000000284,0.0,0.20000000000000284,0.022390131258548742,0.1839999999999975
0,104.60000000000001,104.80000000000001,execution,tracking_view,0:0715eac8:400015,400015,0.20000000000000284,0.0,0.20000000000000284,0.011678065783031093,0.0
1,104.60000000000001,104.80000000000001,allocation_wait,idle,,400015,0.20000000000000284,0.0,0.20000000000000284,0.013207045242616658,0.0
1,104.80000000000001,105.0,allocation_wait,idle,,400015,0.19999999999998863,0.0,0.19999999999998863,0.011475880247477416,0.0
0,104.80000000000001,105.0,execution,tracking_view,0:0715eac8:400015,400015,0.19999999999998863,0.0,0.19999999999998863,0.004382190123905911,0.0
1,105.0,105.2,allocation_wait,idle,,400015,0.20000000000000284,0.0,0.20000000000000284,0.00778571115480979,0.0
0,105.0,105.2,execution,tracking_view,0:0715eac8:400015,400015,0.20000000000000284,0.0,0.20000000000000284,0.009119453966374072,0.0
1,105.2,105.4,allocation_wait,idle,,400015,0.20000000000000284,0.0,0.20000000000000284,0.004771369475102744,0.0
0,105.2,105.4,observation_dwell,observation_dwell,0:0715eac8:400015,400015,0.20000000000000284,0.0,0.20000000000000284,0.010817574342491438,0.0
1,105.4,105.60000000000001,allocation_wait,idle,,400015,0.20000000000000284,0.0,0.20000000000000284,0.006597113912863724,0.10000000000000853
0,105.4,105.60100000000001,observation_dwell,observation_dwell,0:0715eac8:400015,400015,0.20100000000000762,0.0,0.20100000000000762,0.008033161763866993,0.0
0,105.60100000000001,105.80000000000001,allocation_wait,idle,0:0715eac8:400015,400015,0.19899999999999807,0.0,0.19899999999999807,0.007781867829492464,0.0
1,105.60000000000001,105.80000000000001,planning_wait,idle,,400015,0.20000000000000284,0.0,0.20000000000000284,0.008810465027055212,0.20000000000000284
0,105.80000000000001,106.0,allocation_wait,idle,0:0715eac8:400015,400015,0.19999999999998863,0.0,0.19999999999998863,0.0024738253643315283,0.0
1,105.80000000000001,106.0,planning_wait,idle,,400015,0.19999999999998863,0.0,0.19999999999998863,0.011747589998665636,0.19999999999998863
1,106.0,106.20100000000001,planning_wait,idle,,400015,0.20100000000000762,0.0,0.20100000000000762,0.009732729248214429,0.20100000000000762
0,106.0,106.20100000000001,allocation_wait,idle,0:0715eac8:400015,400015,0.20100000000000762,0.0,0.20100000000000762,0.008436649967805873,0.0
0,106.20100000000001,106.4,allocation_wait,idle,0:0715eac8:400015,400015,0.19899999999999807,0.0,0.19899999999999807,0.007431143733497854,0.0
1,106.20100000000001,106.40100000000001,planning_wait,idle,,400015,0.20000000000000284,0.0,0.20000000000000284,0.00759871204713437,0.20000000000000284
0,106.4,106.60000000000001,reservation_wait,idle,0:0715eac8:400015,400015,0.20000000000000284,0.0,0.20000000000000284,0.00217169862651595,0.0
1,106.40100000000001,106.60000000000001,planning_wait,idle,,400015,0.19899999999999807,0.0,0.19899999999999807,0.007007869386087376,0.07299999999999329
0,106.60000000000001,106.80000000000001,reservation_wait,idle,0:0715eac8:400015,400015,0.20000000000000284,0.0,0.20000000000000284,0.003590898817621903,0.0
1,106.60000000000001,106.80000000000001,planning_wait,idle,,400015,0.20000000000000284,0.0,0.20000000000000284,0.00600129420404651,0.0
0,106.80000000000001,107.0,reservation_wait,idle,0:0715eac8:400015,400015,0.19999999999998863,0.0,0.19999999999998863,0.002950477403443318,0.0
1,106.80000000000001,107.0,reservation_wait,idle,,400015,0.19999999999998863,0.0,0.19999999999998863,0.005533472287777583,0.0
0,107.0,107.20100000000001,reservation_wait,idle,0:0715eac8:400015,400015,0.20100000000000762,0.0,0.20100000000000762,0.0051078357882377665,0.0
1,107.0,107.20100000000001,reservation_wait,idle,,400015,0.20100000000000762,0.0,0.20100000000000762,0.0101337062533365,0.0
0,107.20100000000001,107.4,allocation_wait,idle,0:0715eac8:400015,400015,0.19899999999999807,0.0,0.19899999999999807,0.012880218800219919,0.0
1,107.20100000000001,107.4,reservation_wait,idle,,400015,0.19899999999999807,0.0,0.19899999999999807,0.011345129704621022,0.0
0,107.4,107.60000000000001,execution,tracking_view,0:0715eac8:400016,400016,0.20000000000000284,0.0,0.20000000000000284,0.012004474354608526,0.10000000000000853
1,107.4,107.60000000000001,reservation_wait,idle,,400015,0.20000000000000284,0.0,0.20000000000000284,0.00951799969828394,0.0
1,107.60000000000001,107.80000000000001,allocation_wait,idle,,400015,0.20000000000000284,0.0,0.20000000000000284,0.00499393860563287,0.0
0,107.60000000000001,107.80000000000001,execution,tracking_view,0:0715eac8:400016,400016,0.20000000000000284,0.0,0.20000000000000284,0.011308840332384211,0.20000000000000284
0,107.80000000000001,108.0,execution,tracking_view,0:0715eac8:400016,400016,0.19999999999998863,0.0,0.19999999999998863,0.026973828409131137,0.19999999999998863
1,107.80000000000001,108.0,execution,tracking_view,1:f18cc255:400016,400016,0.19999999999998863,0.0,0.19999999999998863,0.013704825483204707,0.0
0,108.0,108.2,execution,tracking_view,0:0715eac8:400016,400016,0.20000000000000284,0.0,0.20000000000000284,0.04846502918373615,0.20000000000000284
1,108.0,108.2,execution,tracking_view,1:f18cc255:400016,400016,0.20000000000000284,0.0,0.20000000000000284,0.012483479108606825,0.20000000000000284
1,108.2,108.4,execution,tracking_view,1:f18cc255:400016,400016,0.20000000000000284,0.0,0.20000000000000284,0.018168754452502982,0.20000000000000284
0,108.2,108.402,execution,tracking_view,0:0715eac8:400016,400016,0.20199999999999818,0.0,0.20199999999999818,0.06519087007986288,0.20199999999999818
0,108.402,108.60000000000001,execution,tracking_view,0:0715eac8:400016,400016,0.16599999999999682,0.03200000000001069,0.1980000000000075,0.08990015192910074,0.1980000000000075
1,108.4,108.60000000000001,execution,tracking_view,1:f18cc255:400016,400016,0.20000000000000284,0.0,0.20000000000000284,0.042191189689090004,0.20000000000000284
0,108.60000000000001,108.80000000000001,execution,tracking_view,0:0715eac8:400016,400016,0.06700000000000728,0.13299999999999557,0.20000000000000284,0.12235063508931687,0.12600000000000477
1,108.60000000000001,108.80000000000001,execution,tracking_view,1:f18cc255:400016,400016,0.19499999999999318,0.005000000000009663,0.20000000000000284,0.06080003021910639,0.18299999999999272
1,108.80000000000001,109.0,execution,tracking_view,1:f18cc255:400016,400016,0.17399999999999238,0.02599999999999625,0.19999999999998863,0.0873228731501117,0.0
0,108.80000000000001,109.0,execution,tracking_view,0:0715eac8:400016,400016,0.0,0.19999999999998863,0.19999999999998863,0.15792088648592606,0.0
0,109.0,109.2,execution,tracking_view,0:0715eac8:400016,400016,0.0,0.20000000000000284,0.20000000000000284,0.19839043139009846,0.0
1,109.0,109.2,execution,tracking_view,1:f18cc255:400016,400016,0.022999999999996135,0.1770000000000067,0.20000000000000284,0.12259920327212541,0.0
0,109.2,109.4,execution,tracking_view,0:0715eac8:400016,400016,0.0,0.20000000000000284,0.20000000000000284,0.2329441626916814,0.0
1,109.2,109.4,execution,tracking_view,1:f18cc255:400016,400016,0.0,0.20000000000000284,0.20000000000000284,0.1549450110963973,0.0
1,109.4,109.60000000000001,execution,tracking_view,1:f18cc255:400016,400016,0.0,0.20000000000000284,0.20000000000000284,0.19048527258398226,0.0
0,109.4,109.60000000000001,execution,tracking_view,0:0715eac8:400016,400016,0.0,0.20000000000000284,0.20000000000000284,0.27133700644769315,0.0
0,109.60000000000001,109.80000000000001,execution,tracking_view,0:0715eac8:400016,400016,0.0,0.20000000000000284,0.20000000000000284,0.3103515550480114,0.0
1,109.60000000000001,109.80000000000001,execution,tracking_view,1:f18cc255:400016,400016,0.0,0.20000000000000284,0.20000000000000284,0.2262982124528614,0.0
0,109.80000000000001,110.0,execution,tracking_view,0:0715eac8:400016,400016,0.0,0.19999999999998863,0.19999999999998863,0.3442856829256771,0.0
1,109.80000000000001,110.001,execution,tracking_view,1:f18cc255:400016,400016,0.0,0.2009999999999934,0.2009999999999934,0.26196195871892747,0.0
1,110.001,110.2,execution,tracking_view,1:f18cc255:400016,400016,0.0,0.19899999999999807,0.19899999999999807,0.291105320933496,0.0
0,110.0,110.2,execution,tracking_view,0:0715eac8:400016,400016,0.0,0.20000000000000284,0.20000000000000284,0.3770227241108266,0.20000000000000284
1,110.2,110.4,execution,tracking_view,1:f18cc255:400016,400016,0.0,0.20000000000000284,0.20000000000000284,0.3281517147813449,0.0
0,110.2,110.4,execution,tracking_view,0:0715eac8:400016,400016,0.0,0.20000000000000284,0.20000000000000284,0.41345277906758593,0.20000000000000284
1,110.4,110.60000000000001,execution,tracking_view,1:f18cc255:400016,400016,0.0,0.20000000000000284,0.20000000000000284,0.36737641584797875,0.09900000000000375
0,110.4,110.60000000000001,execution,tracking_view,0:0715eac8:400016,400016,0.0,0.20000000000000284,0.20000000000000284,0.4430874464038408,0.20000000000000284
0,110.60000000000001,110.80000000000001,execution,tracking_view,0:0715eac8:400016,400016,0.0,0.20000000000000284,0.20000000000000284,0.4550295740468897,0.1559999999999917
1,110.60000000000001,110.80000000000001,execution,tracking_view,1:f18cc255:400016,400016,0.0,0.20000000000000284,0.20000000000000284,0.3877147511786854,0.20000000000000284
0,110.80000000000001,111.0,execution,tracking_view,0:0715eac8:400016,400016,0.0,0.19999999999998863,0.19999999999998863,0.4929717541570734,0.0
1,110.80000000000001,111.0,execution,tracking_view,1:f18cc255:400016,400016,0.0,0.19999999999998863,0.19999999999998863,0.4242647796900654,0.19999999999998863
0,111.0,111.2,execution,tracking_view,0:0715eac8:400016,400016,0.0,0.20000000000000284,0.20000000000000284,0.5165944235956295,0.0
1,111.0,111.20100000000001,execution,tracking_view,1:f18cc255:400016,400016,0.0,0.20100000000000762,0.20100000000000762,0.4543215554915185,0.20100000000000762
0,111.2,111.4,execution,tracking_view,0:0715eac8:400016,400016,0.0,0.20000000000000284,0.20000000000000284,0.5311803136499366,0.0
1,111.20100000000001,111.4,execution,tracking_view,1:f18cc255:400016,400016,0.0,0.19899999999999807,0.19899999999999807,0.473914068678235,0.0969999999999942
0,111.4,111.60000000000001,execution,tracking_view,0:0715eac8:400016,400016,0.0,0.20000000000000284,0.20000000000000284,0.5475849936313462,0.0
1,111.4,111.60100000000001,execution,tracking_view,1:f18cc255:400016,400016,0.0,0.20100000000000762,0.20100000000000762,0.494542669853739,0.0
0,111.60000000000001,111.80000000000001,execution,tracking_view,0:0715eac8:400016,400016,0.0,0.20000000000000284,0.20000000000000284,0.5688157565524146,0.0
1,111.60100000000001,111.80000000000001,execution,tracking_view,1:f18cc255:400016,400016,0.0,0.19899999999999807,0.19899999999999807,0.5137450933853361,0.0
0,111.80000000000001,112.0,execution,tracking_view,0:0715eac8:400016,400016,0.0,0.19999999999998863,0.19999999999998863,0.5875146076473409,0.0
1,111.80000000000001,112.0,execution,tracking_view,1:f18cc255:400016,400016,0.0,0.19999999999998863,0.19999999999998863,0.5303072253481359,0.0
0,112.0,112.2,execution,tracking_view,0:0715eac8:400016,400016,0.0,0.20000000000000284,0.20000000000000284,0.5968798079135842,0.0
1,112.0,112.2,execution,tracking_view,1:f18cc255:400016,400016,0.0,0.20000000000000284,0.20000000000000284,0.5491863481944435,0.0
0,112.2,112.4,execution,tracking_view,0:0715eac8:400016,400016,0.0,0.20000000000000284,0.20000000000000284,0.6027541743815747,0.0
1,112.2,112.4,execution,tracking_view,1:f18cc255:400016,400016,0.0,0.20000000000000284,0.20000000000000284,0.5711809175231474,0.0
0,112.4,112.60000000000001,execution,tracking_view,0:0715eac8:400016,400016,0.0,0.20000000000000284,0.20000000000000284,0.5937142744216853,0.10000000000000853
1,112.4,112.60000000000001,execution,tracking_view,1:f18cc255:400016,400016,0.0,0.20000000000000284,0.20000000000000284,0.5804778654617702,0.0
0,112.60000000000001,112.80000000000001,execution,tracking_view,0:0715eac8:400016,400016,0.0,0.20000000000000284,0.20000000000000284,0.5877534887402452,0.20000000000000284
1,112.60000000000001,112.80000000000001,execution,tracking_view,1:f18cc255:400016,400016,0.0,0.20000000000000284,0.20000000000000284,0.5934693470153662,0.0
0,112.80000000000001,113.0,execution,tracking_view,0:0715eac8:400016,400016,0.0,0.19999999999998863,0.19999999999998863,0.5839564425913188,0.19999999999998863
1,112.80000000000001,113.0,execution,tracking_view,1:f18cc255:400016,400016,0.0,0.19999999999998863,0.19999999999998863,0.5968265190964933,0.0
0,113.0,113.2,execution,tracking_view,0:0715eac8:400016,400016,0.0,0.20000000000000284,0.20000000000000284,0.5773003837212681,0.20000000000000284
1,113.0,113.2,execution,tracking_view,1:f18cc255:400016,400016,0.0,0.20000000000000284,0.20000000000000284,0.5992945356633768,0.20000000000000284
0,113.2,113.4,execution,tracking_view,0:0715eac8:400016,400016,0.0,0.20000000000000284,0.20000000000000284,0.555723188128364,0.20000000000000284
1,113.2,113.4,execution,tracking_view,1:f18cc255:400016,400016,0.0,0.20000000000000284,0.20000000000000284,0.594177090154841,0.20000000000000284
1,113.4,113.60100000000001,execution,tracking_view,1:f18cc255:400016,400016,0.0,0.20100000000000762,0.20100000000000762,0.5760111386325742,0.20100000000000762
0,113.4,113.60100000000001,execution,tracking_view,0:0715eac8:400016,400016,0.0,0.20100000000000762,0.20100000000000762,0.531722837294828,0.08500000000000796
0,113.60100000000001,113.80000000000001,execution,tracking_view,0:0715eac8:400016,400016,0.0,0.19899999999999807,0.19899999999999807,0.5147787455069757,0.0
1,113.60100000000001,113.80000000000001,execution,tracking_view,1:f18cc255:400016,400016,0.0,0.19899999999999807,0.19899999999999807,0.5633151498571539,0.19899999999999807
0,113.80000000000001,114.0,execution,tracking_view,0:0715eac8:400016,400016,0.0,0.19999999999998863,0.19999999999998863,0.4890831919925557,0.0
1,113.80000000000001,114.001,execution,tracking_view,1:f18cc255:400016,400016,0.0,0.2009999999999934,0.2009999999999934,0.5393403159198245,0.02599999999999625
1,114.001,114.2,execution,tracking_view,1:f18cc255:400016,400016,0.0,0.19899999999999807,0.19899999999999807,0.5332558901342653,0.0
0,114.0,114.2,execution,tracking_view,0:0715eac8:400016,400016,0.0,0.20000000000000284,0.20000000000000284,0.4719762848565536,0.0
0,114.2,114.4,execution,tracking_view,0:0715eac8:400016,400016,0.0,0.20000000000000284,0.20000000000000284,0.4614371545684538,0.0
1,114.2,114.4,execution,tracking_view,1:f18cc255:400016,400016,0.0,0.20000000000000284,0.20000000000000284,0.536255388409867,0.0
0,114.4,114.60000000000001,execution,tracking_view,0:0715eac8:400016,400016,0.0,0.20000000000000284,0.20000000000000284,0.4372250097751288,0.0
1,114.4,114.60000000000001,execution,tracking_view,1:f18cc255:400016,400016,0.0,0.20000000000000284,0.20000000000000284,0.5177030305266858,0.0
1,114.60000000000001,114.80000000000001,execution,tracking_view,1:f18cc255:400016,400016,0.0,0.20000000000000284,0.20000000000000284,0.4990799783376414,0.0
0,114.60000000000001,114.80000000000001,execution,tracking_view,0:0715eac8:400016,400016,0.0,0.20000000000000284,0.20000000000000284,0.4068118072992497,0.0
0,114.80000000000001,115.00000000000001,execution,tracking_view,0:0715eac8:400016,400016,0.0,0.20000000000000284,0.20000000000000284,0.3761990846741124,0.0
1,114.80000000000001,115.00000000000001,execution,tracking_view,1:f18cc255:400016,400016,0.0,0.20000000000000284,0.20000000000000284,0.4794463956763972,0.0
0,115.00000000000001,115.20200000000001,execution,tracking_view,0:0715eac8:400016,400016,0.0,0.20199999999999818,0.20199999999999818,0.33320808080180725,0.0
1,115.00000000000001,115.203,execution,tracking_view,1:f18cc255:400016,400016,0.0,0.20299999999998875,0.20299999999998875,0.4559404658602984,0.0
0,115.20200000000001,115.4,execution,tracking_view,0:0715eac8:400016,400016,0.0,0.1979999999999933,0.1979999999999933,0.2923050565150078,0.0
1,115.203,115.4,execution,tracking_view,1:f18cc255:400016,400016,0.0,0.19700000000000273,0.19700000000000273,0.4179138119028884,0.0
0,115.4,115.60000000000001,execution,tracking_view,0:0715eac8:400016,400016,0.0,0.20000000000000284,0.20000000000000284,0.2597653270429676,0.0
1,115.4,115.60000000000001,execution,tracking_view,1:f18cc255:400016,400016,0.0,0.20000000000000284,0.20000000000000284,0.3821470413444589,0.0
0,115.60000000000001,115.80000000000001,execution,tracking_view,0:0715eac8:400017,400017,0.0,0.20000000000000284,0.20000000000000284,0.2325657645869223,0.0
1,115.60000000000001,115.80000000000001,execution,tracking_view,1:f18cc255:400016,400016,0.0,0.20000000000000284,0.20000000000000284,0.3470788929087592,0.0
0,115.80000000000001,116.00000000000001,execution,tracking_view,0:0715eac8:400017,400017,0.0,0.20000000000000284,0.20000000000000284,0.21531739874237982,0.0
1,115.80000000000001,116.00000000000001,execution,tracking_view,1:f18cc255:400016,400016,0.0,0.20000000000000284,0.20000000000000284,0.3076065853922277,0.0
0,116.00000000000001,116.2,execution,tracking_view,0:0715eac8:400017,400017,0.0,0.19999999999998863,0.19999999999998863,0.25330286385687817,0.19999999999998863
1,116.00000000000001,116.2,execution,tracking_view,1:f18cc255:400016,400016,0.0,0.19999999999998863,0.19999999999998863,0.2740861281096774,0.0
1,116.2,116.4,execution,tracking_view,1:f18cc255:400017,400017,0.0,0.20000000000000284,0.20000000000000284,0.25651826746879525,0.0
0,116.2,116.4,execution,tracking_view,0:0715eac8:400017,400017,0.0,0.20000000000000284,0.20000000000000284,0.35894428843920534,0.20000000000000284
0,116.4,116.60000000000001,execution,tracking_view,0:0715eac8:400017,400017,0.0,0.20000000000000284,0.20000000000000284,0.46772773189561356,0.20000000000000284
1,116.4,116.60000000000001,execution,tracking_view,1:f18cc255:400017,400017,0.0,0.20000000000000284,0.20000000000000284,0.27771271931964764,0.09999999999999432
