t,i,x,y,z,speed
0.0,0,-4.0,-3.0,0.09999019,0.009810000000000001
0.0,1,-4.0,3.0,0.09999019,0.009810000000000001
0.011000000000000001,0,-4.0,-3.0,0.09935275577144828,0.10785606118326317
0.011000000000000001,1,-4.0,3.0,0.09935275577144828,0.10785606118326317
0.021,0,-4.0,-3.0,0.0977354000226568,0.20580412041430712
0.021,1,-4.0,3.0,0.0977354000226568,0.20580412041430712
0.031000000000000003,1,-4.0,3.0,0.09513910223429867,0.30365427565099495
0.031000000000000003,0,-4.0,-3.0,0.09513910223429867,0.30365427565099495
0.041,0,-4.0,-3.0,0.09156484090800698,0.401406624753276
0.041,1,-4.0,3.0,0.09156484090800698,0.401406624753276
0.051000000000000004,1,-4.0,3.0,0.0870135935673534,0.4990612654832836
0.051000000000000004,0,-4.0,-3.0,0.0870135935673534,0.4990612654832836
0.061000000000000006,0,-4.0,-3.0,0.08148633675882581,0.596618295505433
0.061000000000000006,1,-4.0,3.0,0.08148633675882581,0.596618295505433
0.07100000000000001,0,-4.0,-3.0,0.07964394692654635,0.000999473197632831
0.07200000000000001,1,-4.0,3.0,0.07964394692654635,0.000999473197632831
0.081,0,-4.0,-3.0,0.0796539416585227,0.000999473197632831
0.081,1,-4.0,3.0,0.0796539416585227,0.000999473197632831
0.09100000000000001,0,-4.0,-3.0,0.07966393639049905,0.000999473197632831
0.09100000000000001,1,-4.0,3.0,0.07966393639049905,0.000999473197632831
0.101,0,-4.0,-3.0,0.07967393112247541,0.0009994731976328292
0.101,1,-4.0,3.0,0.07967393112247541,0.0009994731976328292
0.111,0,-4.0,-3.0,0.07968392585445176,0.0009994731976328292
0.111,1,-4.0,3.0,0.07968392585445176,0.0009994731976328292
0.12100000000000001,1,-4.0,3.0,0.07969392058642812,0.000999473197632831
0.12200000000000001,0,-4.0,-3.0,0.07969392058642812,0.000999473197632831
0.131,0,-4.0,-3.0,0.07970391531840447,0.000999473197632831
0.131,1,-4.0,3.0,0.07970391531840447,0.000999473197632831
0.14100000000000001,0,-4.0,-3.0,0.07971391005038082,0.000999473197632831
0.14100000000000001,1,-4.0,3.0,0.07971391005038082,0.000999473197632831
0.15100000000000002,0,-4.0,-3.0,0.07972390478235718,0.0009994731976328327
0.15100000000000002,1,-4.0,3.0,0.07972390478235718,0.0009994731976328327
0.161,0,-4.0,-3.0,0.07973389951433353,0.0009994731976328292
0.161,1,-4.0,3.0,0.07973389951433353,0.0009994731976328292
0.171,0,-4.0,-3.0,0.07974389424630988,0.000999473197632831
0.171,1,-4.0,3.0,0.07974389424630988,0.000999473197632831
0.18100000000000002,0,-4.0,-3.0,0.07975388897828624,0.000999473197632831
0.18100000000000002,1,-4.0,3.0,0.07975388897828624,0.000999473197632831
0.191,0,-4.0,-3.0,0.07976388371026259,0.0009994731976328292
0.191,1,-4.0,3.0,0.07976388371026259,0.000999473197632831
0.201,0,-4.0,-3.0,0.07977387844223895,0.0009994731976328292
0.201,1,-4.0,3.0,0.07977387844223895,0.000999473197632831
0.21200000000000002,0,-4.0,-3.0,0.0797838731742153,0.000999473197632831
0.21200000000000002,1,-4.0,3.0,0.0797838731742153,0.000999473197632831
0.221,1,-4.0,3.0,0.07979386790619165,0.0009994731976328327
0.222,0,-4.0,-3.0,0.07979386790619165,0.0009994731976328327
0.231,0,-4.0,-3.0,0.07980386263816801,0.0009994731976328327
0.231,1,-4.0,3.0,0.07980386263816801,0.000999473197632831
0.24100000000000002,0,-4.0,-3.0,0.07981385737014436,0.000999473197632831
0.24100000000000002,1,-4.0,3.0,0.07981385737014436,0.0009994731976328327
0.251,0,-4.0,-3.0,0.07982385210212072,0.000999473197632831
0.251,1,-4.0,3.0,0.07982385210212072,0.000999473197632831
0.261,0,-4.0,-3.0,0.07983384683409707,0.000999473197632831
0.261,1,-4.0,3.0,0.07983384683409707,0.000999473197632831
0.271,0,-4.0,-3.0,0.07984384156607342,0.0009994731976328292
0.271,1,-4.0,3.0,0.07984384156607342,0.0009994731976328327
0.281,0,-4.0,-3.0,0.07985383629804978,0.000999473197632831
0.281,1,-4.0,3.0,0.07985383629804978,0.0009994731976328292
0.29100000000000004,0,-4.0,-3.0,0.07986383103002613,0.0009994731976328292
0.29100000000000004,1,-4.0,3.0,0.07986383103002613,0.000999473197632831
0.30100000000000005,1,-4.0,3.0,0.07987382576200248,0.000999473197632831
0.30200000000000005,0,-4.0,-3.0,0.07987382576200248,0.000999473197632831
0.311,0,-4.0,-3.0,0.07988382049397884,0.0009994731976328327
0.311,1,-4.0,3.0,0.07988382049397884,0.0009994731976328292
0.321,0,-4.0,-3.0,0.07989381522595519,0.000999473197632831
0.321,1,-4.0,3.0,0.07989381522595519,0.000999473197632831
0.331,1,-4.0,3.0,0.07990375597166355,0.0009716303111436658
0.332,0,-4.0,-3.0,0.07990375597166355,0.0009716303111436658
0.341,0,-4.0,-3.0,0.07991295359353821,0.0008787249886635078
0.341,1,-4.0,3.0,0.07991295359353821,0.0008787249886635078
0.35100000000000003,0,-4.0,-3.0,0.07992127175744734,0.0007947030854194761
0.35100000000000003,1,-4.0,3.0,0.07992127175744734,0.0007947030854194761
0.36100000000000004,0,-4.0,-3.0,0.07992879455537308,0.0007187151874736442
0.36100000000000004,1,-4.0,3.0,0.07992879455537308,0.0007187151874736442
0.371,0,-4.0,-3.0,0.07993559803860516,0.0006499930965352223
0.371,1,-4.0,3.0,0.07993559803860516,0.0006499930965352205
0.381,0,-4.0,-3.0,0.07994175098654867,0.0005878420742391442
0.381,1,-4.0,3.0,0.07994175098654867,0.0005878420742391442
0.391,0,-4.0,-3.0,0.07994731560207848,0.000531633804928669
0.391,1,-4.0,3.0,0.07994731560207848,0.000531633804928669
0.401,0,-4.0,-3.0,0.07995186734028503,0.0004856566266102612
0.401,1,-4.0,3.0,0.07995186734028503,0.0004856566266102612
0.41100000000000003,1,-4.0,3.0,0.07995732995615669,0.0004304786584651953
0.41100000000000003,0,-4.0,-3.0,0.07995732995615669,0.00043047865846519186
0.42100000000000004,0,-4.0,-3.0,0.0799610156250104,0.00039324965975091365
0.42100000000000004,1,-4.0,3.0,0.0799610156250104,0.0003932496597509154
0.43100000000000005,0,-4.0,-3.0,0.07996438254691383,0.000359240330852658
0.43100000000000005,1,-4.0,3.0,0.07996438254691383,0.00035924033085265976
0.441,0,-4.0,-3.0,0.0799677831784937,0.00032489049830597243
0.441,1,-4.0,3.0,0.0799677831784937,0.00032489049830597243
0.452,0,-4.0,-3.0,0.0799714375134478,0.0002879780039198934
0.452,1,-4.0,3.0,0.0799714375134478,0.0002879780039198934
0.461,0,-4.0,-3.0,0.07997364004842795,0.00026573016222918196
0.461,1,-4.0,3.0,0.07997364004842795,0.00026573016222918196
0.47100000000000003,1,-4.0,3.0,0.0799759151748816,0.0002427490741338089
0.47100000000000003,0,-4.0,-3.0,0.0799759151748816,0.00024274907413380717
0.48100000000000004,0,-4.0,-3.0,0.07997821307993683,0.0002195378996865619
0.48200000000000004,1,-4.0,3.0,0.07997821307993683,0.0002195378996865619
0.49100000000000005,0,-4.0,-3.0,0.0799802912639667,0.00019854613224524684
0.49100000000000005,1,-4.0,3.0,0.0799802912639667,0.00019854613224524684
0.501,0,-4.0,-3.0,0.07998252449046264,0.00017598827546785184
0.501,1,-4.0,3.0,0.07998252449046264,0.00017598827546785184
0.511,0,-4.0,-3.0,0.07998354407239497,0.00016568946343922288
0.511,1,-4.0,3.0,0.07998354407239497,0.0001656894634392246
0.521,1,-4.0,3.0,0.07998569706845042,0.00014394201690128526
0.521,0,-4.0,-3.0,0.07998569706845042,0.00014394201690128526
0.531,0,-4.0,-3.0,0.07998679797658335,0.0001328217260728251
0.531,1,-4.0,3.0,0.07998679797658335,0.00013282172607282684
0.541,1,-4.0,3.0,0.07998781383368059,0.00012256053758775975
0.541,0,-4.0,-3.0,0.07998781383368059,0.0001225605375877615
0.551,0,-4.0,-3.0,0.07998886317154344,0.00011196116013092137
0.551,1,-4.0,3.0,0.07998886317154344,0.00011196116013092137
0.561,0,-4.0,-3.0,0.07998992301539118,0.00010125566050284834
0.561,1,-4.0,3.0,0.07998992301539118,0.00010125566050284834
0.5710000000000001,1,-4.0,3.0,0.07999097217718046,9.065806111163352e-05
0.5710000000000001,0,-4.0,-3.0,0.07999097217718046,9.065806111163525e-05
0.5810000000000001,0,-4.0,-3.0,0.079991991889735,8.035792803951121e-05
0.5810000000000001,1,-4.0,3.0,0.079991991889735,8.035792803951121e-05
0.5910000000000001,0,-4.0,-3.0,0.079991991889735,8.035792803951121e-05
0.5910000000000001,1,-4.0,3.0,0.079991991889735,8.035792803951121e-05
0.6010000000000001,1,-4.0,3.0,0.07999303607383122,6.981060781420002e-05
0.6020000000000001,0,-4.0,-3.0,0.07999303607383122,6.981060781420002e-05
0.611,1,-4.0,3.0,0.07999406268629865,5.94407801249551e-05
0.611,0,-4.0,-3.0,0.07999406268629865,5.9440780124956835e-05
0.621,0,-4.0,-3.0,0.07999406268629865,5.9440780124956835e-05
0.621,1,-4.0,3.0,0.07999406268629865,5.94407801249551e-05
0.629,0,-4.0,-3.0,0.07999508562082577,4.910810303973556e-05
0.631,1,-4.0,3.0,0.07999508562082577,4.910810303973556e-05
0.641,0,-4.0,-3.0,0.07999508562082577,4.910810303973556e-05
0.641,1,-4.0,3.0,0.07999508562082577,4.910810303973556e-05
0.651,0,-4.0,-3.0,0.07999608900663631,3.897288645622263e-05
0.651,1,-4.0,3.0,0.07999608900663631,3.897288645622263e-05
0.661,0,-4.0,-3.0,0.07999608900663631,3.897288645622263e-05
0.661,1,-4.0,3.0,0.07999608900663631,3.897288645622263e-05
0.671,0,-4.0,-3.0,0.07999608900663631,3.897288645622263e-05
0.671,1,-4.0,3.0,0.07999608900663631,3.897288645622263e-05
0.681,0,-4.0,-3.0,0.07999709332470843,2.8828254322620095e-05
0.681,1,-4.0,3.0,0.07999709332470843,2.8828254322620095e-05
0.6910000000000001,0,-4.0,-3.0,0.07999709332470843,2.8828254322620095e-05
0.6910000000000001,1,-4.0,3.0,0.07999709332470843,2.8828254322620095e-05
0.7010000000000001,0,-4.0,-3.0,0.07999709332470843,2.8828254322620095e-05
0.7020000000000001,1,-4.0,3.0,0.07999709332470843,2.8828254322620095e-05
0.7110000000000001,0,-4.0,-3.0,0.07999709332470843,2.8828254322620095e-05
0.7110000000000001,1,-4.0,3.0,0.07999709332470843,2.8828254322620095e-05
0.7210000000000001,0,-4.0,-3.0,0.07999709332470843,2.8828254322620095e-05
0.7210000000000001,1,-4.0,3.0,0.07999709332470843,2.8828254322620095e-05
0.7310000000000001,0,-4.0,-3.0,0.07999809478468956,1.871249184014559e-05
0.7310000000000001,1,-4.0,3.0,0.07999809478468956,1.871249184014559e-05
0.741,0,-4.0,-3.0,0.07999809478468956,1.871249184014559e-05
0.741,1,-4.0,3.0,0.07999809478468956,1.871249184014559e-05
0.751,0,-4.0,-3.0,0.07999809478468956,1.871249184014559e-05
0.751,1,-4.0,3.0,0.07999809478468956,1.871249184014559e-05
0.761,0,-4.0,-3.0,0.07999809478468956,1.871249184014559e-05
0.761,1,-4.0,3.0,0.07999809478468956,1.871249184014559e-05
0.771,0,-4.0,-3.0,0.07999809478468956,1.871249184014559e-05
0.771,1,-4.0,3.0,0.07999809478468956,1.871249184014559e-05
0.781,0,-4.0,-3.0,0.07999809478468956,1.871249184014559e-05
0.781,1,-4.0,3.0,0.07999809478468956,1.871249184014559e-05
0.792,0,-4.0,-3.0,0.07999809478468956,1.871249184014559e-05
0.792,1,-4.0,3.0,0.07999809478468956,1.871249184014559e-05
0.801,0,-4.0,-3.0,0.07999910143483398,8.54430150722986e-06
0.801,1,-4.0,3.0,0.07999910143483398,8.544301507228125e-06
0.812,0,-4.0,-3.0,0.07999910143483398,8.54430150722986e-06
0.812,1,-4.0,3.0,0.07999910143483398,8.544301507228125e-06
0.8210000000000001,0,-4.0,-3.0,0.07999910143483398,8.54430150722986e-06
0.8210000000000001,1,-4.0,3.0,0.07999910143483398,8.544301507228125e-06
0.8310000000000001,0,-4.0,-3.0,0.07999910143483398,8.54430150722986e-06
0.8310000000000001,1,-4.0,3.0,0.07999910143483398,8.544301507228125e-06
0.8410000000000001,0,-4.0,-3.0,0.07999910143483398,8.54430150722986e-06
0.8410000000000001,1,-4.0,3.0,0.07999910143483398,8.544301507228125e-06
0.8510000000000001,0,-4.0,-3.0,0.07999910143483398,8.54430150722986e-06
0.8510000000000001,1,-4.0,3.0,0.07999910143483398,8.544301507228125e-06
0.8610000000000001,0,-4.0,-3.0,0.07999910143483398,8.54430150722986e-06
0.8610000000000001,1,-4.0,3.0,0.07999910143483398,8.544301507228125e-06
0.8710000000000001,1,-4.0,3.0,0.07999910143483398,8.544301507228125e-06
0.8720000000000001,0,-4.0,-3.0,0.07999910143483398,8.54430150722986e-06
0.881,0,-4.0,-3.0,0.07999910143483398,8.54430150722986e-06
0.881,1,-4.0,3.0,0.07999910143483398,8.544301507228125e-06
0.891,0,-4.0,-3.0,0.07999910143483398,8.54430150722986e-06
0.891,1,-4.0,3.0,0.07999910143483398,8.544301507228125e-06
0.901,0,-4.0,-3.0,0.07999910143483398,8.54430150722986e-06
0.901,1,-4.0,3.0,0.07999910143483398,8.544301507228125e-06
0.911,0,-4.0,-3.0,0.07999910143483398,8.54430150722986e-06
0.911,1,-4.0,3.0,0.07999910143483398,8.544301507228125e-06
0.921,0,-4.0,-3.0,0.07999910143483398,8.54430150722986e-06
0.921,1,-4.0,3.0,0.07999910143483398,8.544301507228125e-06
0.931,0,-4.0,-3.0,0.07999910143483398,8.54430150722986e-06
0.931,1,-4.0,3.0,0.07999910143483398,8.544301507228125e-06
0.9410000000000001,0,-4.0,-3.0,0.07999910143483398,8.54430150722986e-06
0.9410000000000001,1,-4.0,3.0,0.07999910143483398,8.544301507228125e-06
0.9510000000000001,0,-4.0,-3.0,0.07999910143483398,8.54430150722986e-06
0.9510000000000001,1,-4.0,3.0,0.07999910143483398,8.544301507228125e-06
0.9610000000000001,0,-4.0,-3.0,0.07999910143483398,8.54430150722986e-06
0.9610000000000001,1,-4.0,3.0,0.07999910143483398,8.544301507228125e-06
0.9710000000000001,0,-4.0,-3.0,0.07999910143483398,8.54430150722986e-06
0.9710000000000001,1,-4.0,3.0,0.07999910143483398,8.544301507228125e-06
0.9810000000000001,0,-4.0,-3.0,0.07999910143483398,8.54430150722986e-06
0.9810000000000001,1,-4.0,3.0,0.07999910143483398,8.544301507228125e-06
0.9910000000000001,0,-4.0,-3.0,0.07999910143483398,8.54430150722986e-06
0.9910000000000001,1,-4.0,3.0,0.07999910143483398,8.544301507228125e-06
1.001,0,-4.0,-3.0,0.07999910143483398,8.54430150722986e-06
1.001,1,-4.0,3.0,0.07999910143483398,8.544301507228125e-06
1.011,0,-4.0,-3.0,0.07999910143483398,8.54430150722986e-06
1.011,1,-4.0,3.0,0.07999910143483398,8.544301507228125e-06
1.021,0,-4.0,-3.0,0.07999910143483398,8.54430150722986e-06
1.021,1,-4.0,3.0,0.07999910143483398,8.544301507228125e-06
1.031,0,-4.0,-3.0,0.07999910143483398,8.54430150722986e-06
1.031,1,-4.0,3.0,0.07999910143483398,8.544301507228125e-06
1.041,1,-4.0,3.0,0.07999910143483398,8.544301507228125e-06
1.042,0,-4.0,-3.0,0.07999910143483398,8.54430150722986e-06
1.051,0,-4.0,-3.0,0.07999910143483398,8.54430150722986e-06
1.051,1,-4.0,3.0,0.07999910143483398,8.544301507228125e-06
1.061,0,-4.0,-3.0,0.07999910143483398,8.54430150722986e-06
1.061,1,-4.0,3.0,0.07999910143483398,8.544301507228125e-06
1.071,0,-4.0,-3.0,0.07999910143483398,8.54430150722986e-06
1.071,1,-4.0,3.0,0.07999910143483398,8.544301507228125e-06
1.081,0,-4.0,-3.0,0.07999910143483398,8.54430150722986e-06
1.082,1,-4.0,3.0,0.07999910143483398,8.544301507228125e-06
1.091,1,-4.0,3.0,0.07999910143483398,8.544301507228125e-06
1.091,0,-4.0,-3.0,0.07999910143483398,8.54430150722986e-06
1.101,0,-4.0,-3.0,0.07999910143483398,8.54430150722986e-06
1.101,1,-4.0,3.0,0.07999910143483398,8.544301507228125e-06
1.111,0,-4.0,-3.0,0.07999910143483398,8.54430150722986e-06
1.111,1,-4.0,3.0,0.07999910143483398,8.544301507228125e-06
1.127,0,-4.0,-3.0,0.07999910143483398,8.54430150722986e-06
1.127,1,-4.0,3.0,0.07999910143483398,8.544301507228125e-06
1.13,0,-4.0,-3.0,0.07999910143483398,8.54430150722986e-06
1.13,1,-4.0,3.0,0.07999910143483398,8.544301507228125e-06
1.182,0,-4.0,-3.0,0.07999910143483398,8.54430150722986e-06
1.182,1,-4.0,3.0,0.07999910143483398,8.544301507228125e-06
1.183,0,-4.0,-3.0,0.07999910143483398,8.54430150722986e-06
1.183,1,-4.0,3.0,0.07999910143483398,8.544301507228125e-06
1.184,0,-4.0,-3.0,0.07999910143483398,8.54430150722986e-06
1.184,1,-4.0,3.0,0.07999910143483398,8.544301507228125e-06
1.237,0,-4.0,-3.0,0.07999910143483398,8.54430150722986e-06
1.237,1,-4.0,3.0,0.07999910143483398,8.544301507228125e-06
1.258,0,-4.0,-3.0,0.07999910143483398,8.54430150722986e-06
1.258,1,-4.0,3.0,0.07999910143483398,8.544301507228125e-06
1.329,0,-4.0,-3.0,0.07999910143483398,8.54430150722986e-06
1.329,1,-4.0,3.0,0.07999910143483398,8.544301507228125e-06
1.38,0,-4.0,-3.0,0.07999910143483398,8.54430150722986e-06
1.38,1,-4.0,3.0,0.07999910143483398,8.544301507228125e-06
1.401,0,-4.0,-3.0,0.07999910143483398,8.54430150722986e-06
1.401,1,-4.0,3.0,0.07999910143483398,8.544301507228125e-06
1.405,0,-4.0,-3.0,0.07999910143483398,8.54430150722986e-06
1.405,1,-4.0,3.0,0.07999910143483398,8.544301507228125e-06
1.4060000000000001,0,-4.0,-3.0,0.07999910143483398,8.54430150722986e-06
1.4060000000000001,1,-4.0,3.0,0.07999910143483398,8.544301507228125e-06
1.407,0,-4.0,-3.0,0.07999910143483398,8.54430150722986e-06
1.407,1,-4.0,3.0,0.07999910143483398,8.544301507228125e-06
1.408,0,-4.0,-3.0,0.07999910143483398,8.54430150722986e-06
1.408,1,-4.0,3.0,0.07999910143483398,8.544301507228125e-06
1.409,0,-4.0,-3.0,0.07999910143483398,8.54430150722986e-06
1.409,1,-4.0,3.0,0.07999910143483398,8.544301507228125e-06
1.433,0,-4.0,-3.0,0.07999910143483398,8.54430150722986e-06
1.433,1,-4.0,3.0,0.07999910143483398,8.544301507228125e-06
1.448,0,-4.0,-3.0,0.07999910143483398,8.54430150722986e-06
1.448,1,-4.0,3.0,0.07999910143483398,8.544301507228125e-06
1.465,0,-4.0,-3.0,0.07999910143483398,8.54430150722986e-06
1.465,1,-4.0,3.0,0.07999910143483398,8.544301507228125e-06
1.466,0,-4.0,-3.0,0.07999910143483398,8.54430150722986e-06
1.466,1,-4.0,3.0,0.07999910143483398,8.544301507228125e-06
1.467,0,-4.0,-3.0,0.07999910143483398,8.54430150722986e-06
1.467,1,-4.0,3.0,0.07999910143483398,8.544301507228125e-06
1.472,0,-4.0,-3.0,0.07999910143483398,8.54430150722986e-06
1.472,1,-4.0,3.0,0.07999910143483398,8.544301507228125e-06
1.482,0,-4.0,-3.0,0.07999910143483398,8.54430150722986e-06
1.482,1,-4.0,3.0,0.07999910143483398,8.544301507228125e-06
1.491,0,-4.0,-3.0,0.07999910143483398,8.54430150722986e-06
1.491,1,-4.0,3.0,0.07999910143483398,8.544301507228125e-06
1.501,0,-4.0,-3.0,0.07999910143483398,8.54430150722986e-06
1.501,1,-4.0,3.0,0.07999910143483398,8.544301507228125e-06
1.5110000000000001,0,-4.0,-3.0,0.07999910143483398,8.54430150722986e-06
1.5110000000000001,1,-4.0,3.0,0.07999910143483398,8.544301507228125e-06
1.521,0,-4.0,-3.0,0.07999910143483398,8.54430150722986e-06
1.521,1,-4.0,3.0,0.07999910143483398,8.544301507228125e-06
1.532,0,-4.0,-3.0,0.07999910143483398,8.54430150722986e-06
1.532,1,-4.0,3.0,0.07999910143483398,8.544301507228125e-06
1.541,0,-4.0,-3.0,0.07999910143483398,8.54430150722986e-06
1.542,1,-4.0,3.0,0.07999910143483398,8.544301507228125e-06
1.5510000000000002,1,-4.0,3.0,0.07999910143483398,8.544301507228125e-06
1.552,0,-4.0,-3.0,0.07999910143483398,8.54430150722986e-06
1.562,0,-4.0,-3.0,0.07999910143483398,8.54430150722986e-06
1.562,1,-4.0,3.0,0.07999910143483398,8.544301507228125e-06
1.5710000000000002,0,-4.0,-3.0,0.07999910143483398,8.54430150722986e-06
1.5710000000000002,1,-4.0,3.0,0.07999910143483398,8.544301507228125e-06
1.581,0,-4.0,-3.0,0.07999910143483398,8.54430150722986e-06
1.581,1,-4.0,3.0,0.07999910143483398,8.544301507228125e-06
1.5910000000000002,0,-4.0,-3.0,0.07999910143483398,8.54430150722986e-06
1.5910000000000002,1,-4.0,3.0,0.07999910143483398,8.544301507228125e-06
1.6,0,-4.0,-3.0,0.07999910143483398,8.54430150722986e-06
1.6,1,-4.0,3.0,0.07999910143483398,8.544301507228125e-06
1.611,0,-4.0,-3.0,0.07999910143483398,8.54430150722986e-06
1.612,1,-4.0,3.0,0.07999910143483398,8.544301507228125e-06
1.621,0,-3.999999999022793,-2.999999986858831,0.08000290785378694,0.0013161459460608869
1.6219999999999999,1,-4.0,3.0,0.07999910143483398,8.544301507228125e-06
1.6280000000000001,0,-3.9999999969248603,-2.9999999542615376,0.08006015790977547,0.01050587251950388
1.6280000000000001,1,-4.0,3.0,0.07999910143483398,8.544301507228125e-06
1.641,0,-3.9999999944485127,-2.999999883327333,0.08024762740505856,0.026305982543406596
1.641,1,-4.000000009025695,2.9999999909459234,0.0800032349495064,0.0014263537799984473
1.651,0,-3.9999999950983582,-2.999999716450978,0.08061924003507613,0.046574093552695525
1.651,1,-4.00000003003524,2.999999967266169,0.08006290223716744,0.010854220706200002
1.661,0,-4.000000012281759,-2.999999384447235,0.08121033494777792,0.06969266481107292
1.661,1,-4.000000069239939,2.9999999103052364,0.08025479776931634,0.02680436501607108
1.6720000000000002,0,-4.000000074011186,-2.999998820190467,0.0820425203880852,0.09446888123958104
1.6720000000000002,1,-4.0000001554910165,2.999999769051487,0.08063154452873096,0.04708364012588445
1.681,0,-4.0000002256302425,-2.9999979689387537,0.0831279487270068,0.12014596606894304
1.681,1,-4.000000327453657,2.999999477207549,0.08122729701391272,0.07011194564202865
1.691,1,-4.000000629463086,2.9999989614324485,0.08206293966617184,0.09474885137082968
1.6920000000000002,0,-4.000000531227239,-2.9999967929562867,0.08447234434014239,0.1461546999156374
1.701,0,-4.000001074619328,-2.999995268233162,0.08607711596277683,0.17216958780817695
1.701,1,-4.000001108001717,2.9999981479466635,0.08315059304125207,0.1203423293023217
1.711,0,-4.00000195939547,-2.999993379506965,0.08794066017297444,0.19790058308228703
1.711,1,-4.000001807886657,2.999996965472351,0.08449698169309725,0.1463734348462398
1.722,0,-4.000003307942838,-2.999991116398388,0.09005911397282458,0.22317495841201201
1.722,1,-4.000002766022817,2.999995342108514,0.08610439152662418,0.17248076831346912
1.731,0,-4.000005259757821,-2.9999884704374002,0.09242729936391447,0.24789149726949264
1.731,1,-4.000004005764886,2.9999932007178973,0.08797188376096404,0.1983725358395686
1.741,0,-4.0000079670049455,-2.9999854336027845,0.09503928886318475,0.2719885965221125
1.741,1,-4.000005533346827,2.999990456002186,0.09009601932779068,0.223829128231768
1.751,0,-4.0000115848674405,-2.9999819989103003,0.09788848965371917,0.29539911686518616
1.751,1,-4.0000073361679735,2.999987013230703,0.09247128863278103,0.2485947546073038
1.7610000000000001,0,-4.000016262574143,-2.9999781612729195,0.10096794946482103,0.3181095163412691
1.7610000000000001,1,-4.000009384904158,2.9999827713209597,0.09508911754312208,0.2724413284690313
1.771,0,-4.000022137203283,-2.9999739180390206,0.10427064857557201,0.34011793202937696
1.771,1,-4.0000116430398736,2.999977629334683,0.09794052279953366,0.29541062840585547
1.7810000000000001,0,-4.000029329813689,-2.9999692693748097,0.10778973366582507,0.36144494552134604
1.7810000000000001,1,-4.0000140758767,2.999971493365274,0.10101717567677666,0.31757801998842466
1.791,0,-4.000037943667088,-2.999964222345354,0.11151790736150984,0.38201576573737944
1.791,1,-4.000016656506229,2.9999642817098287,0.10431127057441297,0.3389815400312468
1.8010000000000002,0,-4.000048068348451,-2.9999588037693194,0.11544779702243813,0.4018667722330906
1.8010000000000002,1,-4.0000193693350585,2.9999559280803814,0.10781540773696015,0.35966730808014796
1.811,0,-4.000059785145441,-2.999953072784624,0.119572509599044,0.4210515932332132
1.811,1,-4.000022207403217,2.999946382352558,0.1115227442145981,0.37969019214550104
1.8210000000000002,0,-4.000073170688629,-2.9999471285184156,0.1238857311574692,0.4396398117611167
1.8210000000000002,1,-4.000025161003378,2.999935609142978,0.11542695510347215,0.39911256461946604
1.832,0,-4.000088299033552,-2.999941113965505,0.12838149527352913,0.4576166681560061
1.832,1,-4.000028207221968,2.999923586420161,0.11952179117394465,0.4178755210816097
1.8410000000000002,0,-4.000105241916345,-2.9999352166257345,0.1330533924720408,0.47491821181265736
1.8410000000000002,1,-4.000031303265808,2.999910304099008,0.12380079756828939,0.43601319924998294
1.851,0,-4.000124066610967,-2.9999296618286175,0.13789434246512075,0.4915111109977176
1.851,1,-4.0000343827921725,2.999895761867513,0.12825783364281698,0.4535459319773892
1.8610000000000002,0,-4.000144830321789,-2.999924695645155,0.14289762360880437,0.5074591839804397
1.8610000000000002,1,-4.000037354542841,2.9998799676065966,0.13288725147108163,0.4705716412787005
1.872,0,-4.00016757369886,-2.9999205681475187,0.1480570680899402,0.5228116964535895
1.872,1,-4.000040106741502,2.999862936964883,0.13768449669779634,0.48715156631673145
1.881,0,-4.000192316623234,-2.99991752122805,0.15336702971535698,0.5376228110420659
1.881,1,-4.000042519759348,2.9998446972611745,0.14264507045502378,0.5032794674691229
1.891,0,-4.000219055653427,-2.999915779856974,0.15882215619112613,0.5519041330219264
1.891,1,-4.000044477975859,2.999825290065436,0.14776426075898746,0.5189232618625006
1.901,0,-4.000247764100647,-2.999915546958502,0.16441783001455004,0.5658105688547511
1.901,1,-4.000045878054831,2.9998047720648464,0.15303722008127407,0.5340826778738874
1.911,0,-4.000278392125538,-2.999917000545014,0.17015093210952134,0.5794135123223724
1.911,1,-4.00004663435077,2.999783214826145,0.15845912772483817,0.5487625000424883
1.9220000000000002,0,-4.000310860670313,-2.999920288096075,0.1760181929503481,0.592673360386147
1.9220000000000002,1,-4.000046682280768,2.999760704335275,0.16402485529644203,0.5628797656046912
1.931,0,-4.000345059311089,-2.99992552413213,0.1820160435042784,0.605567096827736
1.931,1,-4.000045978060752,2.999737340842599,0.1697284770445596,0.5764108019293188
1.941,0,-4.000380846551708,-2.999932789776179,0.18814075076576875,0.6180830545324767
1.941,1,-4.000044492642358,2.999713238259146,0.17556444721007253,0.58941082106939
1.951,0,-4.000418051977628,-2.9999421342530233,0.19438888374290866,0.6303079977502692
1.951,1,-4.000042206223824,2.999688524173576,0.1815276977650641,0.6019221824109139
1.9620000000000002,0,-4.000456480480604,-2.999953579000038,0.20075789099556038,0.6422771373093558
1.9620000000000002,1,-4.000039104273594,2.999663339261335,0.18761353212232543,0.6139782250345657
1.971,0,-4.000495916948438,-2.9999671216001738,0.20724498708380126,0.6539518343761741
1.971,1,-4.000035173877812,2.9996378360191422,0.19381861824902222,0.6258652943761621
1.981,0,-4.000536132527223,-2.999982741608268,0.21384715914992175,0.6653207415708595
1.981,1,-4.000030401194814,2.9996121805792906,0.20014240913051456,0.6377031172940888
1.991,0,-4.000576889982061,-3.000000405208966,0.22056118683384152,0.6763563811830935
1.991,1,-4.0000247741917825,2.9995865604980665,0.2065838014036283,0.6493869496170275
2.001,0,-4.0006179481292286,-3.0000200680689386,0.22738324667725512,0.6869249181696249
2.001,1,-4.0000182833527465,2.9995611897695307,0.21314092059566442,0.660859604482696
2.012,0,-4.0006590653656415,-3.000041673841521,0.23430769374316648,0.6969102754207475
2.012,1,-4.000010921833113,2.999536310839646,0.21981137423478062,0.6720732192322295
2.022,0,-4.000700002475471,-3.000065153825393,0.2413292166771519,0.7064024569632457
2.022,1,-4.000002685585477,2.999512194434414,0.22659233387035985,0.6829873186213837
2.031,0,-4.000740523803195,-3.0000904234551173,0.24844331477236736,0.7154760003568527
2.031,1,-3.9999935740451282,2.9994891366578607,0.23347988780008,0.6933601593584877
2.043,0,-4.000780398305483,-3.000117379394182,0.255646005904372,0.7241664354039518
2.043,1,-3.9999835947547138,2.999467446845555,0.2404669912472481,0.702998088489652
2.051,0,-4.000819400820593,-3.000145898405121,0.26293363019831484,0.7324881274881174
2.051,1,-3.9999727691215075,2.999447429090982,0.2475472320168714,0.7120636683360965
2.061,0,-4.0008573181723275,-3.0001758364644315,0.2703021875209289,0.7404017594743321
2.061,1,-3.9999611400061257,2.999429363177651,0.2547153541185907,0.7206362968934512
2.071,0,-4.000893965330122,-3.000207029754578,0.27774788639578313,0.7479590511275408
2.071,1,-3.999948776727328,2.999413490939507,0.2619668524635022,0.7287904049311615
2.081,0,-4.000929201396407,-3.000239295794874,0.2852674712956351,0.7552131961423334
2.081,1,-3.999935777190065,2.9994000080914582,0.2692979391888865,0.7365931239566654
2.091,0,-4.000962940220338,-3.000272434482226,0.2928579444766954,0.7621704590363791
2.091,1,-3.999922268111949,2.9993890579246028,0.27670467727954534,0.7439464895015645
2.101,0,-4.000995155722025,-3.0003062300254513,0.3005165211159854,0.7688627616214524
2.101,1,-3.9999083959068775,2.999380730652968,0.2841825367025135,0.750873049882611
2.111,0,-4.001025883477194,-3.0003404534244438,0.30824050804652403,0.7752653643245008
2.111,1,-3.9998943062645607,2.9993750716255483,0.2917276539482408,0.7574429857386669
2.121,0,-4.001055217440549,-3.000374868001271,0.3160267262200606,0.7813480740614428
2.121,1,-3.999880127502994,2.9993720870591467,0.29933675361087475,0.7637068867375697
2.1310000000000002,0,-4.001083296874472,-3.0004092417538373,0.32387228732340634,0.7871651949363625
2.1310000000000002,1,-3.999865959460902,2.9993717491295797,0.30700702290410764,0.7697078510180918
2.141,0,-4.001110293711853,-3.000443358524567,0.3317746360940684,0.7927333623740149
2.141,1,-3.9998518665949203,2.9993740004212905,0.3147359418502288,0.7754652162164256
2.151,0,-4.001136402469062,-3.0004770256392246,0.3397314180585793,0.7980767058317498
2.151,1,-3.9998378744856184,2.9993787595428247,0.3225217626575943,0.7811478150232859
2.161,0,-4.001161831854908,-3.0005100787911347,0.3477404930712225,0.8032141811155074
2.161,1,-3.999823971664746,2.9993859282318,0.33036468653989554,0.7868682282435695
2.171,0,-4.001186797880615,-3.000542384383602,0.35580033836767877,0.8082779306698148
2.171,1,-3.9998101188966535,2.9993953909428592,0.3382646780672383,0.7925556011701826
2.181,0,-4.001211516508907,-3.000573838348553,0.36391095578227534,0.8133549710462145
2.181,1,-3.9997962594388254,2.9994070187594644,0.3462211305695809,0.7981627278812528
2.191,0,-4.001236194056533,-3.000604362787601,0.3720721464927277,0.8183884963842256
2.191,1,-3.999782327086968,2.999420673785396,0.35423306040848435,0.8036587675691588
2.201,1,-3.9997682522513753,2.9994362126780363,0.362299241241286,0.8090241768289567
2.202,0,-4.00126101788088,-3.0006339011414123,0.3802832546515533,0.823340843231268
2.21,0,-4.001286150073055,-3.0006624138733775,0.3885433771345866,0.8281970312490619
2.212,1,-3.999753966487263,2.9994534891054987,0.3704180449477874,0.8141774220566992
2.221,0,-4.001311723781216,-3.000689875397456,0.39685114686382583,0.8328691693129926
2.221,1,-3.999739405502359,2.9994723558350382,0.37858679462957784,0.819050381961618
2.232,0,-4.001337846110975,-3.0007162729538033,0.40520443278814033,0.8373260846557959
2.232,1,-3.9997245098392855,2.9994926710710748,0.386802933590977,0.8236857373890603
2.241,0,-4.001364610935333,-3.0007416067860078,0.413601250896636,0.8415970738041618
2.241,1,-3.9997092249537816,2.9995143025400113,0.3950642906208921,0.828119009240303
2.251,0,-4.001392110716837,-3.0007658911205324,0.4220398384078365,0.8456990934384054
2.251,1,-3.9996935012574264,2.9995371297736444,0.40336896633167174,0.8323713581776522
2.261,0,-4.001420444573863,-3.0007891545135292,0.4305185792482908,0.849644779462093
2.261,1,-3.999677293745585,2.999561045833373,0.411715748828353,0.8365931978945471
2.271,0,-4.001449723414832,-3.0008114395782672,0.4390359245580732,0.8534377756118063
2.271,1,-3.999660559099764,2.999585953847158,0.4201052576338276,0.8408953527427714
2.281,0,-4.0014800730144895,-3.000832801654911,0.44759078570176275,0.8571845735552811
2.281,1,-3.9996432501535537,2.999611749095688,0.42853786232017493,0.8452033279759968
2.291,0,-4.001511628897267,-3.00085330319769,0.45618327387817104,0.8609523198860468
2.292,1,-3.9996253100233368,2.999638303835154,0.43701335373511685,0.8494712502177134
2.301,0,-4.001544512847086,-3.000873001888036,0.46481335257951484,0.8646989476755657
2.302,1,-3.999606668262459,2.9996654580297153,0.4455311540373635,0.8536687486569108
2.311,0,-4.001578810982572,-3.0008919382853985,0.47348064211099034,0.8683960561719499
2.311,1,-3.9995872388400775,2.9996930143170393,0.4540904680067512,0.8577802906008111
2.321,0,-4.001614559472945,-3.0009101274182504,0.482184503594509,0.8720185124658428
2.321,1,-3.9995669196477635,2.9997207361883915,0.4626903106707209,0.8617802222360105
2.331,0,-4.001651736262856,-3.0009275538069704,0.4909241099159648,0.8755529898586873
2.331,1,-3.9995455959895816,2.999748350911275,0.47132944193831805,0.8656516309256876
2.341,1,-3.9995231505382294,2.9997755591545583,0.4800065694730833,0.8693934297008693
2.341,0,-4.00169025697641,-3.0009441697136925,0.4996979419661334,0.8788490875971914
2.351,0,-4.001729978710649,-3.000959897625111,0.5085030540347172,0.8818517932237718
2.351,1,-3.9994994732192577,2.9998020453150196,0.4887204225454328,0.8730101073869249
2.361,0,-4.001770716941035,-3.000974635255741,0.5173368925502715,0.884626663784769
2.361,1,-3.999474468194223,2.999827486022295,0.4974697741035019,0.8765059496161379
2.371,0,-4.0018122599476955,-3.000988261925937,0.5261974765790517,0.8872251499239749
2.371,1,-3.999448058394023,2.9998515569472994,0.5062534587879574,0.8798884835738201
2.3810000000000002,0,-4.001854379677544,-3.0010006440961914,0.5350831960451117,0.8896732434662293
2.3810000000000002,1,-3.9994201888767424,2.999873938963436,0.5150699498483972,0.8830518620814914
2.391,0,-4.001896840333721,-3.00101163996605,0.5439926835578935,0.8919946659332153
2.391,1,-3.9993908307281094,2.9998943249969043,0.5239163658800724,0.885916797488076
2.401,0,-4.001939405290675,-3.0010211030035716,0.5529250433538035,0.8942772161187631
2.401,1,-3.9993599821348957,2.99991242205556,0.5327901234362497,0.8885525456492285
2.411,0,-4.001981843572045,-3.001028887595605,0.561880149606075,0.8965191569478211
2.411,1,-3.9993276703167076,2.999927953925925,0.5416892155861402,0.8910073075576029
2.4210000000000003,0,-4.0020239380726865,-3.0010348639133175,0.5708568445706541,0.8985928834734536
2.4210000000000003,1,-3.9992939527186104,2.9999406641938364,0.5506118384874713,0.8932619695811944
2.431,1,-3.999258917636393,2.9999503203802353,0.5595554700697883,0.8952261878488255
2.432,0,-4.00206549308281,-3.0010389294006026,0.5798528118398237,0.9003870889246705
2.441,0,-4.002106339205145,-3.001041015692297,0.5888648049419786,0.9018261872806101
2.441,1,-3.999222682227693,2.9999567151247217,0.5685169334669022,0.8968667524171549
2.451,0,-4.00214633573732,-3.0010410914274117,0.5978892464167445,0.9029075436217785
2.451,1,-3.999185386321664,2.99995966909216,0.5774931179279044,0.8981945126217029
2.461,0,-4.002185371451224,-3.0010391633896747,0.6069224574517049,0.9036225323832372
2.461,1,-3.99914718179844,2.9999590468175357,0.5864804895884074,0.8991379144961429
2.471,0,-4.00222336156572,-3.001035277782147,0.615960888814612,0.9039819509325105
2.471,1,-3.999108221644886,2.999954769417941,0.59547508679983,0.8996788571721325
2.481,1,-3.9990686515669074,2.999946820393594,0.604472839911064,0.8998104757307737
2.482,0,-4.002260239158558,-3.001029525231522,0.6250007821502569,0.9039517173850512
2.491,0,-4.00229594608388,-3.001022043406053,0.6340382853216054,0.9035401642502189
2.491,1,-3.9990286043197387,2.999935247532019,0.6134697264083855,0.8995457726084213
2.501,0,-4.002330426438122,-3.001013016979708,0.6430694821363383,0.9027303296087875
2.501,1,-3.9989881961519234,2.9999201627980665,0.622461609214953,0.8988404228903776
2.511,0,-4.002363622458985,-3.001002675815286,0.6520901534300991,0.9014347883306356
2.511,1,-3.998947525132644,2.999901740217208,0.631443821156977,0.8976658703131565
2.521,0,-4.002395475970685,-3.000991292609477,0.6610942260398001,0.8994893605949579
2.521,1,-3.998906670987989,2.9998802072766586,0.6404117779049476,0.8960414819793622
2.531,0,-4.002425931969577,-3.0009791740346756,0.6700757920513615,0.8970001980676078
2.532,1,-3.9988656959810713,2.9998558368136505,0.6493612220041528,0.8940093970097983
2.541,0,-4.002454944667301,-3.000966653883579,0.6790297423460564,0.8940244838862447
2.541,1,-3.99882464607601,2.999828940105656,0.6582881257419667,0.8915787853708672
2.551,0,-4.002482482243339,-3.0009540876005096,0.6879515894689119,0.8906278688042701
2.551,1,-3.99878355219286,2.9997998591531396,0.6671890358984192,0.8888778377888672
2.5620000000000003,0,-4.002508529693345,-3.000941846973427,0.6968373401803355,0.8868480908416358
2.5620000000000003,1,-3.9987424325688883,2.999768956707689,0.676062063139494,0.8860113761196912
2.571,0,-4.0025330898025135,-3.0009303153358124,0.7056836891712607,0.8828097748190251
2.571,1,-3.9987012981955377,2.9997366077256524,0.6849052811287157,0.8829321497505371
2.581,0,-4.002556182365695,-3.0009198801564168,0.71448874123964,0.8785984738400607
2.581,1,-3.998660158167428,2.9997031874651157,0.6937163273298926,0.879600148540335
2.591,0,-4.002577846032149,-3.000910916215718,0.7232506344793437,0.874191976590108
2.591,1,-3.998619023457167,2.9996690613426593,0.7024925933450928,0.8760018616672081
2.6020000000000003,0,-4.00259813790346,-3.0009037700554044,0.7319672391697453,0.8695603147101026
2.6020000000000003,1,-3.9985779094110043,2.9996345776155398,0.7112313804624484,0.8721314773874125
2.609,0,-4.002617131969763,-3.00089874977117,0.7406363004230352,0.8647035422449637
2.609,1,-3.998536837256063,2.999600062348353,0.7199298396297208,0.8679508307709456
2.621,0,-4.002634917270969,-3.0008961188064265,0.7492555697745656,0.8596234785858031
2.621,1,-3.9984958350045368,2.9995658158078538,0.7285846077151159,0.8634327675697451
2.6310000000000002,0,-4.002651596038221,-3.0008960928245347,0.7578229049562935,0.8543484606128045
2.6310000000000002,1,-3.9984549381367587,2.999532109896564,0.7371923806223304,0.8585882216595359
2.641,0,-4.0026672823989395,-3.0008988405601076,0.7663365657723324,0.8489025369779786
2.641,1,-3.9984141898488903,2.999499187007087,0.7457500422243125,0.8534439725746576
2.651,1,-3.9983736408377584,2.9994672599580556,0.7542547686088831,0.8480301870925547
2.651,0,-4.002682103558293,-3.000904486596231,0.7747948047193643,0.8432797863120823
2.661,0,-4.00269620036909,-3.0009131159611693,0.783195799261271,0.8374716029797482
2.661,1,-3.998333348774808,2.9994365125022386,0.7627039534587133,0.8423625950951383
2.6710000000000003,0,-4.002709726940574,-3.000924778651728,0.7915376731352869,0.8314749514996828
2.6710000000000003,1,-3.9982933775013225,2.9994071002300244,0.7710950856517437,0.8364364633849479
2.681,0,-4.002722849375563,-3.0009394930705335,0.7998183666935987,0.8252506624466137
2.681,1,-3.9982537942009024,2.9993791521538435,0.7794253371840287,0.8302191677686941
2.691,0,-4.002735739167153,-3.0009572437662277,0.8080355006939611,0.8187918276882474
2.691,1,-3.998214662221276,2.9993527760635934,0.7876920089605809,0.823748926436724
2.701,0,-4.002748558275721,-3.0009779721402436,0.8161868902922043,0.8121267738232799
2.701,1,-3.998176033811906,2.999328063796564,0.7958927054213085,0.8170492495842491
2.7110000000000003,0,-4.002761446185772,-3.001001567160587,0.8242705633966013,0.8052716587139152
2.7110000000000003,1,-3.998137945205968,2.9993050949748,0.804025240324319,0.8101392216368005
2.721,0,-4.002774511403069,-3.001027860459926,0.8322846667281666,0.7982352297447822
2.721,1,-3.9981004132654747,2.999283938111097,0.8120867645300511,0.8028341807841552
2.731,0,-4.002787826613999,-3.0010566255904205,0.8402274418719199,0.7910226086329355
2.731,1,-3.9980634342682704,2.9992646480543597,0.8200726465882374,0.7950747524589994
2.741,0,-4.002801430703274,-3.001087583059227,0.848097069754726,0.7836291202365815
2.741,1,-3.9980269871486263,2.999247266324029,0.8279789208223137,0.7869619739041921
2.751,0,-4.002815341717294,-3.0011204152594915,0.8558918475154069,0.7760733123153435
2.751,1,-3.997991036041812,2.999231817852421,0.8358025422973927,0.7785800231129771
2.761,0,-4.00282957035603,-3.001154781608453,0.8636102617642817,0.7683743327081839
2.761,1,-3.9979555323200473,2.9992183083637847,0.8435411159713403,0.7699805334071977
2.771,0,-4.0028441296361175,-3.0011903302391447,0.8712509226533772,0.7605396052720936
2.771,1,-3.9979204164677573,2.9992067231030264,0.851192663974336,0.7611980757613552
2.781,0,-4.002859041497732,-3.001226707228376,0.8788125587824784,0.7525840951538777
2.781,1,-3.9978856200809463,2.9991970276711,0.858755934682284,0.7523689833130778
2.791,0,-4.002874340969335,-3.0012635638380734,0.8862941849320668,0.7445624417005321
2.792,1,-3.997851068788142,2.9991891695643984,0.866231228007047,0.7435889978488427
2.801,0,-4.002890074594852,-3.0013005627973195,0.893695466864623,0.7365149763760166
2.801,1,-3.9978166864732434,2.999183073165085,0.873618824884163,0.7348226178667129
2.811,0,-4.002906288590876,-3.001337384760163,0.901016067508967,0.72842817229402
2.811,1,-3.997782399706821,2.999178638035079,0.880918708565526,0.7260441474358212
2.821,0,-4.002923017036147,-3.001373734092457,0.9082555184351897,0.7202892089628337
2.821,1,-3.9977481409779116,2.9991757391949947,0.8881306328796031,0.7172314459424778
2.831,0,-4.002940273994765,-3.0014093427287754,0.915413297925358,0.7120983617486892
2.831,1,-3.9977138508491956,2.9991742284999527,0.8952542031395923,0.7083767708212375
2.841,1,-3.9976794793720862,2.9991739369439765,0.902288960142776,0.6994742056586172
2.842,0,-4.002958048509676,-3.001443972897705,0.9224884384477743,0.7037490703792851
2.851,0,-4.002976303363102,-3.00147741833736,0.9294789646941009,0.6952037947861219
2.851,1,-3.997644988794773,2.999174680079262,0.9092344296378294,0.6905240944517244
2.861,0,-4.002994979079378,-3.001509501126886,0.9363832077799519,0.6865128177236915
2.861,1,-3.9976103590091085,2.999176268117062,0.9160901323529451,0.6815261374333744
2.871,0,-4.003013997878367,-3.0015400690215492,0.9431999002966643,0.6777089890169102
2.871,1,-3.9975755919138996,2.9991785150918893,0.9228555972871769,0.6724819394234525
2.8810000000000002,0,-4.003033267120642,-3.0015689932171172,0.9499280649007659,0.6688185395067952
2.8810000000000002,1,-3.9975407136709773,2.9991812454902385,0.9295303856128593,0.6633958390621761
2.891,0,-4.00305268243802,-3.001596166241867,0.9565669489635305,0.6598612328441359
2.891,1,-3.997505775386183,2.9991842987998094,0.9361140870148786,0.6542695884718638
2.901,0,-4.003072130321999,-3.0016215003853755,0.9631158034637153,0.6508072377582612
2.901,1,-3.9974708524841827,2.99918753262304,0.9426069359205524,0.6452561644357495
2.911,1,-3.9974360415779437,2.9991908261523568,0.9490106843963106,0.6364194596803608
2.912,0,-4.00309148542777,-3.001644927429784,0.9695734340333246,0.6416340746638791
2.9210000000000003,0,-4.003110597192838,-3.001666397487631,0.9759388544152208,0.6323773453405683
2.9210000000000003,1,-3.997401453724089,2.9991940854519195,0.9553267298938812,0.6276958869401721
2.931,0,-4.003129277237693,-3.001685878851497,0.9822113832306183,0.6230638176724642
2.931,1,-3.997367207614176,2.999197247996712,0.9615559603697519,0.6190436324972672
2.941,0,-4.0031472922503335,-3.0017033576380663,0.9883905661516418,0.6137132831060416
2.941,1,-3.9973334241966736,2.9992002848909713,0.9676989287176444,0.610435197640411
2.951,0,-4.0031643612350125,-3.0017188369606616,0.9944761203681537,0.6043409393074658
2.951,1,-3.997300222576098,2.9992032012539545,0.9737559702033393,0.6018529691228771
2.9610000000000003,0,-4.003180155760823,-3.0017323351760585,1.000468153751084,0.5950214282428997
2.9610000000000003,1,-3.997267717263085,2.999206034920575,0.9797276551743351,0.5933764428457114
2.971,0,-4.00319430800996,-3.001743882540823,1.0063674970385312,0.585788536038269
2.971,1,-3.997236016794818,2.999208848276825,0.9856153643315609,0.5850347300965176
2.981,1,-3.9972052221438052,2.9992117096677666,0.9914201844410343,0.576782911442492
2.982,0,-4.003206432284755,-3.001753518272181,1.0121748954106993,0.5766216210939296
2.991,0,-4.003216144778176,-3.0017612863267518,1.017890934019646,0.5675080978474546
2.991,1,-3.9971754261897825,2.9992146762888314,0.9971428386355728,0.5685908074329014
3.001,0,-4.003223078211752,-3.0017672319613777,1.0235160974615747,0.5584398248519562
3.001,1,-3.9971467135797694,2.9992177823778223,1.002783810069979,0.5604389589023457
3.011,0,-4.003226893269545,-3.001771399803814,1.0290505577265214,0.5493458386454653
3.011,1,-3.997119160921399,2.999221032003907,1.0083435789835697,0.5523513066658065
3.021,1,-3.997092837160203,2.999224399295751,1.0138228857287346,0.5443342622329445
3.021,0,-4.003227288001437,-3.0017738352221146,1.0344936264561702,0.540175785786212
3.031,1,-3.99706780311566,2.9992278378871498,1.0192223148248767,0.5363670443040474
3.031,0,-4.003223998562918,-3.0017745873054533,1.0398447428220887,0.53096468509741
3.041,0,-4.003216800308617,-3.001773713533893,1.045103651484391,0.5217401879402972
3.041,1,-3.9970441115514794,2.9992312908188303,1.0245422873132832,0.5284364962188873
3.051,0,-4.003205508454016,-3.001771283094218,1.0502703265007587,0.5125216676245038
3.051,1,-3.997021807420309,2.9992346980468927,1.0297831203128716,0.5205342562176412
3.061,0,-4.003189977680647,-3.001767378675065,1.055344904966694,0.5033233650035634
3.061,1,-3.9970009281526857,2.9992380019639873,1.0349450693753515,0.5126557607663079
3.071,1,-3.996981503058799,2.9992411513714274,1.040027788135323,0.5046472934498983
3.071,0,-4.003170099482864,-3.0017620965742475,1.0603279361830136,0.4942332377259961
3.081,0,-4.003145797500222,-3.00175554335103,1.0652210522235845,0.48531976565592544
3.081,1,-3.996963551433372,2.9992441039734894,1.0450290053514977,0.4963959346576874
3.091,0,-4.003117033000508,-3.001747830219151,1.0700257890101559,0.4765436717935009
3.091,1,-3.996947086378462,2.9992468262284433,1.0499468013262854,0.4879896126393336
3.101,0,-4.003083805340133,-3.0017390657653724,1.0747433688571773,0.4678807546282546
3.101,1,-3.9969321157330033,2.999249292696099,1.054779983122975,0.47948998471677623
3.111,0,-4.003046149840435,-3.001729350309149,1.0793748081959038,0.45931090779199
3.111,1,-3.9969186420942675,2.999251485442342,1.0595278689384016,0.47094054373624306
3.121,0,-4.003004135204757,-3.0017187721114045,1.0839209785873205,0.45082655552251705
3.121,1,-3.996906662962669,2.999253393425735,1.0641901388654234,0.4623721991611048
3.1310000000000002,0,-4.0029578594815804,-3.001707404841786,1.08838285151204,0.44246778580089224
3.1310000000000002,1,-3.996896170985475,2.9992550118413566,1.0687666910241937,0.45379731722175926
3.141,0,-4.00290744169222,-3.0016953060839153,1.092762140653264,0.43429628006468785
3.141,1,-3.99688715565517,2.99925634064278,1.0732575044829373,0.4452261627063633
3.152,0,-4.002853014057338,-3.001682518574212,1.097060503215889,0.4262727888497309
3.152,1,-3.9968796076843893,2.999257381676104,1.0776626849808657,0.4366702511902766
3.161,0,-4.002794711319868,-3.0016690715875747,1.1012792608466193,0.4183724319767425
3.161,1,-3.996873522814363,2.999258136201376,1.0819824685793147,0.4281461763254229
3.171,0,-4.0027326613618115,-3.0016549821706047,1.1054195370982038,0.410575835522256
3.171,1,-3.9968689043517465,2.9992586032025566,1.0862172565717148,0.4196678784599891
3.182,0,-4.0026669791089295,-3.00164025653637,1.109482283819047,0.4028704907121587
3.182,1,-3.9968657644707757,2.9992587782984286,1.0903675369463321,0.4112395310731251
3.191,0,-4.002597761876522,-3.001624891370268,1.1134685250416314,0.39528520390081806
3.191,1,-3.9968641248389827,2.9992586530844823,1.0944339910758427,0.40290524110974757
3.202,0,-4.00252508928245,-3.001608875726884,1.1173795618915632,0.3878288229834631
3.202,1,-3.996864013458904,2.9992582155746077,1.0984177712994208,0.3946908148344018
3.211,0,-4.002449031275846,-3.0015921943660797,1.1212165522227238,0.38047842827603706
3.211,1,-3.9968654539606665,2.9992574525101605,1.1023199980300333,0.3865822401674215
3.221,0,-4.002369654597186,-3.0015748305357985,1.1249804813440516,0.3732231805002912
3.221,1,-3.9968684564516503,2.9992563515135604,1.1061416724177964,0.37856875273719104
3.231,0,-4.002287027072246,-3.0015567680165094,1.128672242833066,0.3660530117245653
3.231,1,-3.996873011579888,2.9992549025899766,1.1098836977818611,0.370643531450889
3.241,0,-4.002201221650566,-3.001537992835826,1.1322924110270454,0.3588960954193699
3.241,1,-3.9968790874786464,2.9992530989599913,1.113547111600571,0.36285671987497153
3.252,0,-4.0021123225130255,-3.001518493730869,1.135840521581364,0.3516751740592024
3.252,1,-3.996886633150703,2.999250936013204,1.1171338431382047,0.3552802503489076
3.261,0,-4.0020204278508595,-3.0014982576424516,1.1393161652411643,0.34443216572803653
3.261,1,-3.996895590406045,2.999248407240198,1.120645768141647,0.34787243940345663
3.2720000000000002,0,-4.001925654941762,-3.0014772654704034,1.1427193056967562,0.3372000747424969
3.2720000000000002,1,-3.9969059083203393,2.9992454996116997,1.124084361597381,0.34059697324849597
3.281,0,-4.001828144060763,-3.001455489535384,1.146050186516396,0.3300022096460623
3.281,1,-3.996917554156085,2.9992421904689226,1.1274508433531738,0.3334376009515461
3.292,0,-4.00172806025168,-3.001432892234494,1.1493092211615672,0.3228511528938702
3.292,1,-3.996930520464036,2.999238445815859,1.130746307197144,0.326382213845325
3.301,0,-4.001625594090946,-3.0014094259544564,1.1524966205348948,0.3156752890208373
3.301,1,-3.996944827969167,2.999234220127508,1.1339711138770285,0.319257252283802
3.31,0,-4.001520961156795,-3.0013850371870125,1.1556116736334807,0.3084234823967305
3.31,1,-3.99696052207501,2.999229461815061,1.1371235045661696,0.3119378618166872
3.321,0,-4.001414393996229,-3.0013596757965457,1.1586539206323712,0.30114748473541025
3.321,1,-3.996977667490267,2.9992241262572232,1.1402020498401528,0.30451252850487764
3.331,0,-4.001306136739477,-3.00133330483584,1.1616233416048427,0.29388510317453465
3.331,1,-3.99699633933076,2.9992181891441825,1.1432060579398255,0.29704542281241436
3.341,0,-4.001196441114268,-3.0013059074152824,1.1645202016036729,0.2866586904002536
3.341,1,-3.997016615497443,2.9992116554928243,1.146135339440751,0.28957585786596696
3.351,0,-4.001085562781075,-3.0012774908349242,1.1673449871155797,0.2794891241223661
3.351,1,-3.9970385710786953,2.999204564940755,1.148990056336302,0.28213675532144883
3.361,1,-3.997062275359634,2.9991969938610032,1.1517711485574866,0.274903889078657
3.362,0,-4.000973758338233,-3.0012480887153625,1.170098198739888,0.2723508718504666
3.371,0,-4.000861285088144,-3.001217757972753,1.1727799460701858,0.26522102493452193
3.372,1,-3.9970877926114508,2.999189052923974,1.1544822997528015,0.26809394230519024
3.3810000000000002,0,-4.000748406147775,-3.001186563607259,1.1753904606746748,0.25812432851037126
3.3810000000000002,1,-3.9971151727812044,2.999180880142819,1.1571271440252198,0.261600665952211
3.391,0,-4.000635396764733,-3.0011545629486056,1.177930201417895,0.25108155340175736
3.391,1,-3.9971444463754904,2.9991726309855538,1.1597084140309215,0.2553497098908499
3.4,1,-3.9971756230705515,2.999164469893412,1.1622282474933916,0.24929219169690056
3.402,0,-4.0005225481370115,-3.001121794800351,1.1803998168843404,0.24410973692273258
3.412,0,-4.000410168962584,-3.001088272505648,1.1828000610796483,0.23721495180759694
3.412,1,-3.997208691278392,2.999156563676679,1.1646883495152465,0.24338891859963066
3.422,0,-4.000298585369874,-3.0010539799360507,1.1851318028512015,0.23041870567097641
3.422,1,-3.9972436174412063,2.9991490761753767,1.1670895627774172,0.2374679255187579
3.431,0,-4.000188138419969,-3.0010188701529152,1.187396232380838,0.22374775743628914
3.431,1,-3.9972803455485844,2.9991421632485755,1.169430691141315,0.2314065015034643
3.441,0,-4.000079176300618,-3.0009828679527963,1.1895945915423465,0.21719724311801844
3.441,1,-3.9973188061409135,2.999135970026915,1.1717107373784852,0.22527541617873073
3.451,0,-3.9999720456950376,-3.000945873657766,1.1917280617484487,0.21076090417405052
3.451,1,-3.997358921423705,2.999130628706266,1.173929282496517,0.21912269263031506
3.461,0,-3.9998670850181255,-3.0009077668070474,1.1937977894247267,0.20443675969089178
3.461,1,-3.9974006083088676,2.999126257004489,1.176086332864593,0.21298723013751605
3.471,0,-3.9997646196784755,-3.0008684095884224,1.195805030800681,0.19826163427413507
3.471,1,-3.997443781230351,2.9991229575814904,1.1781824785056578,0.20696865672695466
3.481,0,-3.999664961797919,-3.000827650900637,1.1977515774846679,0.19226926513038006
3.481,1,-3.9974883548463627,2.99912081734218,1.1802195048730462,0.20114545480868667
3.491,0,-3.9995684124725055,-3.0007853346521576,1.1996390911282588,0.18642965993882626
3.491,1,-3.9975342428982747,2.999119902241339,1.1821991492717463,0.1954805634812049
3.501,0,-3.9994752657439747,-3.0007413069454563,1.201469022708128,0.18072752126302
3.501,1,-3.997581358511006,2.9991202536693224,1.184122873352435,0.1899531892053438
3.512,0,-3.9993858112287284,-3.000695421303349,1.2032426649570813,0.1751472716870382
3.512,1,-3.997629614857617,2.999121886904531,1.185991952936551,0.1845467308836136
3.521,0,-3.999300335326317,-3.000647542580667,1.2049611643866467,0.16967545793519573
3.521,1,-3.9976789256116056,2.999124790848311,1.18780751132784,0.17924632450730693
3.531,0,-3.999219119009405,-3.0005975511070555,1.206625033773529,0.1641628328760898
3.531,1,-3.9977292051760442,2.9991289286551095,1.1895704796355,0.1740216111660939
3.541,0,-3.999142426755076,-3.0005453513369273,1.2082329314168356,0.15850020010962682
3.541,1,-3.997780367152351,2.9991342405588806,1.1912814171553372,0.16884768686313636
3.551,0,-3.999070501794159,-3.0004908787179136,1.2097838201313258,0.1527689118986179
3.551,1,-3.997832319403074,2.9991406524248214,1.1929409049016344,0.163736594802526
3.561,0,-3.999003554574219,-3.0004341088377684,1.211277330077585,0.14702401522822867
3.561,1,-3.9978849587221092,2.9991480843314986,1.194549591443514,0.15869184711104428
3.571,0,-3.9989417527823683,-3.0003750635977524,1.212713518046132,0.14130083276659586
3.571,1,-3.9979381675740657,2.9991564570180023,1.1961081573055723,0.15371739745652563
3.581,1,-3.9979918125979688,2.9991656966123528,1.1976173498869676,0.148819571549315
3.581,0,-3.9988852155092416,-3.0003138136754,1.214092767850377,0.1356295030943466
3.592,0,-3.9988340144627372,-3.000250476528995,1.215416432660554,0.13020916207610342
3.592,1,-3.998045744592022,2.9991757380399098,1.199078339470307,0.14409623485972986
3.601,0,-3.9987881798912177,-3.0001852082985643,1.216687819543883,0.12512408676414113
3.601,1,-3.998099801271542,2.9991865254307264,1.200493276459879,0.1395872644926456
3.6109999999999998,0,-3.9987476897875474,-3.0001181956396934,1.2179098027523056,0.12029490183432918
3.6109999999999998,1,-3.9981538133817986,2.9991980067997632,1.2018640206375764,0.13524294341668436
3.621,0,-3.9987124726810945,-3.000049642533473,1.2190846280927226,0.11566855407242507
3.621,1,-3.9982076111092018,2.9992101297722242,1.2031920497071742,0.1310332289594263
3.6310000000000002,0,-3.9986824132904335,-2.999979759283095,1.2202141300155742,0.11121510678582193
3.6310000000000002,1,-3.9982610288721094,2.999222838779601,1.2044786251358326,0.12694361443908836
3.641,0,-3.998657358123035,-2.999908754226616,1.2212998574919316,0.10690532806189468
3.641,1,-3.998313908774137,2.9992360732115597,1.205724866554445,0.12295782382914021
3.651,0,-3.998637118527668,-2.999836828209463,1.2223426567296714,0.10260663897718034
3.652,1,-3.99836610386266,2.999249765887852,1.2069309643219481,0.11887241201707986
3.661,0,-3.9986214732203584,-2.999764172662125,1.2233420674770936,0.09825883489409565
3.661,1,-3.998417485638938,2.999263841095909,1.2080951029855496,0.11460316654875369
3.6710000000000003,0,-3.9986101813590214,-2.999690970366472,1.2242978377081355,0.09390596278588027
3.6710000000000003,1,-3.9984679555789433,2.999278212796969,1.20921593704882,0.11023495272598664
3.681,0,-3.9986029878396883,-2.999617398405535,1.2252100681001499,0.08957744618111733
3.681,1,-3.998517455541761,2.999292782054603,1.210292803776086,0.10582347247289486
3.691,0,-3.9985996269070365,-2.999543630366573,1.226079101285216,0.08529291175098119
3.691,1,-3.998565974057292,2.9993074354778373,1.211325501317974,0.10140828399794377
3.701,1,-3.9986135491075476,2.99932204459972,1.212314147775793,0.09701638260955842
3.701,0,-3.998599825500191,-2.9994698377259867,1.2269054342395207,0.08106472008617542
3.7110000000000003,0,-3.9986033074715945,-2.999396190557069,1.227689982351679,0.07697689852473882
3.7110000000000003,1,-3.9986602678460472,2.9993364658163917,1.2132593473507365,0.09273697810019599
3.721,0,-3.998609798289247,-2.999322855849388,1.228434461660917,0.07306344542012606
3.721,1,-3.9987062601718404,2.999350538225712,1.214162743877697,0.08863506301807374
3.731,1,-3.9987516838529924,2.99936407735711,1.215025948840456,0.0846837793808687
3.732,0,-3.998619026276356,-2.9992499917694393,1.229140469632065,0.06929907404744681
3.741,0,-3.998630726519807,-2.9991777422653865,1.229809350574046,0.0656592681398831
3.741,1,-3.9987967083908367,2.9993768700457513,1.215850322710106,0.08085871019944071
3.751,0,-3.9986446445232566,-2.9991062335321566,1.2304422617542088,0.06212933124737279
3.751,1,-3.998841502504411,2.9993886722591094,1.2166370340497727,0.07714518342577929
3.761,0,-3.998660540157584,-2.999035572406242,1.2310409201198924,0.05886274758227477
3.761,1,-3.9988862249104407,2.9993992087518517,1.2173875792413429,0.07364056445668427
3.771,1,-3.998931016834917,2.9994081775205075,1.2181043839745993,0.07037259599994243
3.7720000000000002,0,-3.998678187635753,-2.9989658430591466,1.2316085405346509,0.05590951767632997
3.781,0,-3.9986973639841694,-2.9988970964685295,1.2321478254506837,0.053194054495810876
3.781,1,-3.998975994575471,2.999415264196217,1.2187895090949161,0.06729041891323667
3.791,1,-3.9990212441225577,2.9994201547832438,1.2194445866265344,0.06435663739356899
3.792,0,-3.998717842681256,-2.998829342881714,1.2326608441409166,0.05066204377425585
3.801,0,-3.9987393903631108,-2.998762548059631,1.2331492320903585,0.04827887902333207
3.801,1,-3.9990668184452574,2.9994225453157584,1.2200709347907843,0.06154504807615641
3.811,0,-3.998761765266568,-2.9986966323278788,1.2336142875397826,0.04601289661546996
3.8120000000000003,1,-3.9991127368406207,2.9994221489995954,1.2206696507656336,0.05883679379040014
3.821,0,-3.998784716868131,-2.998631471549119,1.2340564289412452,0.04369294093180649
3.821,1,-3.9991589856551246,2.999418702614757,1.22124128849072,0.056117635644802016
3.831,1,-3.9992055212464983,2.9994119730015183,1.2217850182927006,0.05330492827062222
3.831,0,-3.998807990292463,-2.9985669066478398,1.2344743760161077,0.0412455446957504
3.841,0,-3.9988313383071414,-2.9985027675796556,1.2348671548854449,0.03873214965464326
3.841,1,-3.9992522773846315,2.999401753631407,1.2223001620937175,0.05044952064995363
3.851,0,-3.99885453035901,-2.9984388938569904,1.2352342919065127,0.036195279699255574
3.851,1,-3.9992991721923565,2.99938786362259,1.2227864594301034,0.04758851513716889
3.861,0,-3.9988773582384094,-2.9983751488541492,1.2355756484935285,0.0336633520717294
3.861,1,-3.999346113638785,2.999370147594384,1.2232439282794516,0.04474365058258001
3.871,0,-3.9988996393746796,-2.998311429414581,1.2358913484391674,0.031161122325363444
3.871,1,-3.9993930039506185,2.999348475011065,1.2236727899402073,0.04193735260346039
3.8810000000000002,0,-3.9989212183642615,-2.998247671537031,1.2361817304588976,0.028710933508118038
3.8810000000000002,1,-3.999439742863054,2.999322738151084,1.2240737224479168,0.03925421511363846
3.891,0,-3.9989419669429065,-2.9981838496253754,1.2364473058659535,0.026324063522701936
3.891,1,-3.9994862256916885,2.9992928550699407,1.2244482090526103,0.03673116190912822
3.901,0,-3.998961782865418,-2.998119967779903,1.236688623660337,0.024004059965865514
3.901,1,-3.9995323338577045,2.9992587875931425,1.2247976005214263,0.03434176149417994
3.911,0,-3.9989805883260674,-2.998056050682615,1.236906273334759,0.021758265930986155
3.911,1,-3.9995779266921003,2.9992205538258263,1.2251230169283551,0.03206681000308902
3.9210000000000003,0,-3.9989983282337063,-2.997992136431104,1.2371008655847158,0.019591006453625034
3.9210000000000003,1,-3.9996228370635283,2.9991782348272586,1.2254254022091626,0.029891601537105062
3.931,0,-3.9990149683871508,-2.9979282709690116,1.2372730119803834,0.01750682825618574
3.931,1,-3.999666869838166,2.9991319772157885,1.2257055858990198,0.027806952537943908
3.941,0,-3.9990304942003685,-2.997864503824139,1.2374227433408302,0.015387155317409326
3.941,1,-3.9997098023638147,2.99908199220605,1.2259644390543853,0.025834515975744633
3.951,0,-3.9990449080231376,-2.997800884910809,1.2375487174537696,0.013208522777441346
3.952,1,-3.999751389889096,2.9990285524012177,1.2262030536789108,0.02397772697800616
3.9610000000000003,0,-3.9990582208156407,-2.9977374624818562,1.2376499688760643,0.011076014782152133
3.9610000000000003,1,-3.9997913786026094,2.9989719893690965,1.2264223852159368,0.022217529029915684
3.971,0,-3.9990704463412197,-2.997674281709478,1.237726029881843,0.009108305173296687
3.971,1,-3.9998295176393253,2.99891268847747,1.2266232432816708,0.020540245561832322
3.981,1,-3.9998655679415873,2.9988510825490895,1.2268063426391513,0.018938576748552125
3.982,0,-3.99908159728706,-2.997611383675716,1.237776780965677,0.0074861890067445475
3.991,0,-3.999091682554255,-2.997548804691798,1.237802385899072,0.006477585653257684
3.991,1,-3.999899308532903,2.9987876447622317,1.2269723603787182,0.017407626716042544
4.001,0,-3.999100705302274,-2.9974865759183564,1.2378034479222952,0.006336889780831401
4.001,1,-3.999930542303545,2.9987228814644795,1.2271214356955842,0.015827181617745628
4.011,0,-3.999108661924857,-2.9974247236008646,1.2377816262389485,0.006972080686815909
4.011,1,-3.9999591033906445,2.998657320466422,1.2272520846369268,0.014122865866873797
4.021,0,-3.9991155449559477,-2.997363269510278,1.2377385125333118,0.008081497607260976
4.021,1,-3.999984857888435,2.9985914870768795,1.2273630919295595,0.012378485786974092
4.031,0,-3.9991213453070737,-2.997302231734762,1.2376753977427966,0.009426147848241606
4.031,1,-4.000007706635458,2.9985258849029055,1.2274538162150497,0.010666748062815465
4.042,0,-3.999126053706115,-2.9972416254063408,1.2375933534854748,0.010871839428800332
4.042,1,-4.000027586942613,2.9984609824042714,1.227524004892924,0.00906193992337391
4.051,0,-3.999129661769631,-2.9971814632745484,1.2374932824038753,0.012352580684326998
4.051,1,-4.000044472488264,2.998397203553245,1.227573664764163,0.007660587373757481
4.062,0,-3.999132162830604,-2.997121756139873,1.2373758649808264,0.013859362516195167
4.062,1,-4.000058371131786,2.9983349221972975,1.227603216337585,0.006617894294438859
4.072,0,-3.9991335515550177,-2.997062514004643,1.2372412955195984,0.015401270151351608
4.072,1,-4.000069319089871,2.9982744616934416,1.2276143154564574,0.0060423960703392225
4.081,0,-3.9991338194053343,-2.9970037497648616,1.2370897383610717,0.01695596627784589
4.081,1,-4.000077378836716,2.998216096602665,1.2276086144240508,0.005917016711070075
4.091,0,-3.9991329502224517,-2.9969454826601765,1.2369214665699677,0.01850413943044717
4.091,1,-4.000082633869115,2.9981600569281706,1.227587401139534,0.006173859113567047
4.101,0,-3.999130917528237,-2.9968877403323138,1.2367368266575405,0.02003368289284818
4.101,1,-4.000085182986136,2.9981065327695755,1.2275517059077876,0.006710171074199069
4.111,0,-3.999127683047292,-2.996830559842638,1.2365362221442082,0.0215341683072963
4.111,1,-4.000085135626965,2.9980556785898558,1.2275023566535423,0.0074292908741708675
4.121,0,-3.999123195626598,-2.9967739878101898,1.2363205788960303,0.022898079223526983
4.121,1,-4.000082607866138,2.998007617465127,1.2274401450263985,0.00824081355357315
4.131,1,-4.000077720672934,2.9979624457849714,1.2273659074949175,0.00909314043815827
4.132,0,-3.9991173930568524,-2.996718075022924,1.2360916316533328,0.024108761201937248
4.141,0,-3.9991102090010506,-2.996662863510949,1.2358508119481164,0.02519961023229344
4.141,1,-4.000070601115681,2.997920238104569,1.2272803507944532,0.009959524474791996
4.151,0,-3.999101578196267,-2.9966083761524778,1.2355992303967283,0.026198984925154704
4.151,1,-4.0000613829443665,2.997881051819842,1.2271840905654798,0.010824506350730543
4.162,0,-3.999091440277895,-2.996554610013727,1.2353377637594385,0.027123404167720848
4.162,1,-4.00005020665742,2.997844930769717,1.2270776651337283,0.011679205550266983
4.171,0,-3.999079742517124,-2.9965015326373505,1.2350671516464387,0.02798458663963018
4.171,1,-4.00003721911854,2.9978119080648757,1.2269615582054552,0.01251789016968782
4.181,0,-3.9990664421679,-2.9964490806897186,1.2347879057311173,0.028819596869209502
4.181,1,-4.000022571816127,2.9977820100864756,1.2268367716409052,0.013192202204697589
4.191,0,-3.9990515110606553,-2.996397162968577,1.2345001829828566,0.029645551868955265
4.191,1,-4.000006414546206,2.997755263609526,1.2267061748793806,0.013587110246264387
4.201,0,-3.9990349434232306,-2.9963456692327477,1.2342041712342626,0.03045324593097614
4.201,1,-3.999988887742787,2.9977316935495284,1.2265722755173385,0.013783239819615895
4.211,0,-3.999016762677147,-2.9962944787462766,1.233900101362183,0.03124105861071394
4.211,1,-3.999970111799041,2.9977113263193806,1.226436843815782,0.013839467433770049
4.221,0,-3.9989970252346176,-2.9962434669879054,1.2335882448871287,0.03200170288975656
4.221,1,-3.9999501792146477,2.9976941938632473,1.2263011543516664,0.013794117913564455
4.231,1,-3.999929150511807,2.997680334904173,1.2261657675118125,0.013795884433412106
4.232,0,-3.998975822229467,-2.9961925108491654,1.23326860955247,0.03282031003075878
4.242,0,-3.9989532784953714,-2.9961414936381754,1.2329398425058335,0.033795820294167944
4.242,1,-3.9999070559377943,2.9976697880368266,1.2260286122663888,0.014080973275670337
4.251,0,-3.998929541352357,-2.996090310992649,1.2326007041489382,0.03486895696800584
4.251,1,-3.9998838991374983,2.9976625935104595,1.2258873409523274,0.014565403439268024
4.2620000000000005,0,-3.998904770294944,-2.996038875533252,1.2322504705200668,0.03599573492078927
4.2620000000000005,1,-3.999859664271909,2.9976587897231295,1.2257404283160016,0.015180256271574774
4.271,0,-3.998879129612935,-2.9959871196391887,1.231888772423331,0.037147389952430235
4.271,1,-3.9998343227849165,2.997658407227694,1.2255869195319613,0.015878562477595858
4.281,0,-3.998852782702075,-2.9959349967742654,1.231515488107206,0.03830152046529313
4.281,1,-3.9998078384504905,2.997661464674079,1.22542625370973,0.01662577106726427
4.292,0,-3.998825887571499,-2.9958824815067593,1.2311310571981362,0.03931735551888978
4.292,1,-3.9997801705219094,2.9976679679193547,1.2252586288822291,0.017258510143782057
4.301,0,-3.998798594557099,-2.99582956740429,1.230738670855097,0.03993949024795447
4.301,1,-3.9997512743696326,2.997677912715626,1.22508672552335,0.017586777650287957
4.311,0,-3.9987710531409175,-2.995776265017494,1.2303417545972564,0.040272127301336676
4.311,1,-3.999721107313733,2.997691267360119,1.2249131910641884,0.01770171141873459
4.322,0,-3.998743418884165,-2.995722598697619,1.2299427386954618,0.04039752433008312
4.322,1,-3.9996896317936588,2.997707962073601,1.2247398816771267,0.017668678806696165
4.331,0,-3.9987158573488903,-2.9956686032818487,1.2295433726775626,0.0403722443413693
4.331,1,-3.9996568164216497,2.997727885470188,1.2245681147811556,0.017532552642777314
4.341,0,-3.998688546216147,-2.9956143213723627,1.229144925109713,0.04023669167567742
4.341,1,-3.9996226364981347,2.9977508835974254,1.2243988207575638,0.017325929747232547
4.351,0,-3.9986616758305282,-2.9955598012075595,1.2287479813504083,0.040129587405279686
4.351,1,-3.999587075042724,2.9977767590359523,1.2242320045647832,0.017276827555444567
4.361,0,-3.9986354477023953,-2.9955050963091843,1.2283506924629004,0.040269700800956175
4.361,1,-3.9995501266811058,2.997805266966067,1.224063196771982,0.01777781059358119
4.371,0,-3.998610074256913,-2.9954502675061923,1.2279509507322155,0.04057731092016231
4.371,1,-3.9995117864515546,2.997836145639365,1.223887597522236,0.01865807799569758
4.381,0,-3.9985857782474534,-2.995395386128742,1.227547419917889,0.040988650199726924
4.381,1,-3.99947204135247,2.9978691407313076,1.2237020328179362,0.019785766738006513
4.391,0,-3.9985627910742667,-2.9953405360695147,1.2271392836143766,0.041460648273094584
4.391,1,-3.9994308676142802,2.9979040172291787,1.2235044346033936,0.021072646323425353
4.401,0,-3.9985413507439094,-2.995285814573706,1.2267260817017744,0.041964389222830085
4.401,1,-3.9993882294217133,2.9979405677503275,1.2232935003621659,0.02245750623702351
4.411,0,-3.9985217000921223,-2.9952313321478945,1.2263077958716844,0.04241428307533871
4.411,1,-3.9993440765987636,2.9979786196870464,1.2230697701086672,0.02356107004622521
4.422,0,-3.9985040879764036,-2.995177212268751,1.2258859211458482,0.04267149939101638
4.422,1,-3.999298341157857,2.998018035494987,1.2228385642601745,0.024099931471293162
4.432,0,-3.9984887687015678,-2.9951235901973297,1.225462132081443,0.042785640270012276
4.432,1,-3.9992509504607923,2.998058684659075,1.222604666354758,0.024249622094677837
4.441,0,-3.998476002521129,-2.9950706113633134,1.2250376359762878,0.042794614224222885
4.441,1,-3.999201833554932,2.9981004230758947,1.2223713887025345,0.024129509607327515
4.451,0,-3.9984660563867447,-2.995018429700003,1.2246133290824195,0.04272537065872464
4.451,1,-3.9991509238231813,2.9981430806016798,1.2221410381788196,0.023823239490526966
4.461,0,-3.9984592034739195,-2.9949672058591963,1.224189879827758,0.04259753876208249
4.461,1,-3.99909816075017,2.9981864533567486,1.2219152109070723,0.02338930410956501
4.471,0,-3.998455721612907,-2.994917105279317,1.223767739932258,0.04244057226076247
4.471,1,-3.9990434929491796,2.998230299599684,1.2216940399136904,0.02311335585112072
4.481,0,-3.9984558869559503,-2.9948682943605465,1.223347057246368,0.04227575354858001
4.481,1,-3.998986885051765,2.998274341867708,1.2214740597573428,0.023201819363391427
4.491,0,-3.9984599603111524,-2.9948209333887856,1.2229279344843036,0.04210259674319914
4.491,1,-3.9989283153219835,2.998318280028737,1.2212521594644483,0.023530768313027795
4.501,0,-3.9984681735989285,-2.9947751695499387,1.222510482091653,0.04192101262508197
4.501,1,-3.998867778952023,2.9983618020734477,1.221026270120794,0.024016205644550412
4.511,0,-3.998480720709543,-2.994731131803054,1.2220948316078095,0.04173010059949229
4.511,1,-3.9988052915494796,2.9984045920925713,1.2207950474176181,0.0246000028075372
4.522,0,-3.9984977513475806,-2.9946889272401376,1.2216810107656626,0.04155687680765314
4.522,1,-3.9987408904282784,2.9984463362164315,1.2205579098650474,0.02516876384966374
4.531,0,-3.99851936563363,-2.994648641116432,1.2212687798655661,0.04141354135898223
4.531,1,-3.9986746325719813,2.9984867268177524,1.2203158687605753,0.02560416616712322
4.541,0,-3.9985456098670995,-2.9946103428031763,1.2208579556699037,0.04128974837125661
4.541,1,-3.998606594500154,2.998525470412795,1.2200700761121712,0.025940626554044506
4.551,0,-3.998576473125866,-2.99457409114388,1.2204484464300833,0.04117660633770754
4.551,1,-3.998536869317524,2.998562294356261,1.2198213740643125,0.026203389050911168
4.561,0,-3.998611886524258,-2.9945399381265063,1.2200402394127403,0.04106741734315398
4.561,1,-3.998465563225485,2.998596951008925,1.2195703845936543,0.02641098193140212
4.571,0,-3.998651724615049,-2.9945079312878486,1.2196333583385233,0.04095921899904282
4.571,1,-3.998392792533657,2.9986292202583558,1.2193175758833676,0.026575625751502643
4.581,0,-3.9986958081586628,-2.9944781151065745,1.219227788592698,0.0408651852533004
4.581,1,-3.9983186811948945,2.998658910965018,1.2190632392091405,0.026725973764145552
4.591,0,-3.9987439102189564,-2.9944505310032805,1.218823316800378,0.04079625894598135
4.591,1,-3.9982433587718744,2.9986858620475356,1.218807331327913,0.026883252089381558
4.601,0,-3.9987957702847976,-2.9944252166923846,1.2184197711953013,0.04074134147591911
4.601,1,-3.9981669577892203,2.998709941979735,1.2185498000772275,0.02704141667162368
4.611,0,-3.9988511074160504,-2.9944022050322796,1.2180170652946047,0.04069266370792007
4.611,1,-3.998089611787267,2.9987310482923375,1.2182906498962793,0.027196425264064614
4.621,0,-3.9989096304271277,-2.99438152320244,1.2176151630166987,0.04064558568626391
4.621,1,-3.998011453820068,2.998749106633485,1.2180299219723767,0.027345662645965052
4.631,0,-3.998971045822114,-2.994363192322159,1.217214066280784,0.0405960998383313
4.631,1,-3.9979326152150603,2.998764069339547,1.217767680382638,0.02748809673636971
4.641,0,-3.9990350643298322,-2.994347227858284,1.2168139767176478,0.04049590646261492
4.641,1,-3.9978532246539173,2.9987759135389633,1.2175040659309957,0.027606095339449185
4.651,0,-3.999101408619509,-2.9943336425130602,1.2164156994817028,0.040309870218854016
4.651,1,-3.997773410339926,2.998784639156444,1.2172394518307195,0.02768616053346938
4.661,0,-3.9991698214716953,-2.9943224501202637,1.2160199475582052,0.040061859132587994
4.662,1,-3.9976933086332616,2.9987902688489174,1.2169741784991248,0.027736698460038154
4.671,0,-3.999240074315865,-2.994313670820463,1.2156272415822096,0.0397688943402405
4.671,1,-3.997613072066121,2.998792846979876,1.2167085114300213,0.027763624560720825
4.681,0,-3.9993119727819826,-2.9943073348756464,1.2152379530506632,0.03944385175362757
4.681,1,-3.9975328742640275,2.9987924380267224,1.2164426567296402,0.02777017497484971
4.691,0,-3.999385359637471,-2.9943034851073342,1.2148523564007707,0.039095420240561535
4.691,1,-3.9974529123954263,2.9987891246599188,1.21617679425884,0.02775772667071433
4.7010000000000005,0,-3.99946011400323,-2.9943021756881723,1.214469706693202,0.03895585281306691
4.7010000000000005,1,-3.9973734075557807,2.998783005625775,1.215911066637912,0.027729984105049732
4.711,0,-3.9995361452248375,-2.9943034687180243,1.2140869431995718,0.03911741962860658
4.711,1,-3.9972946016184854,2.9987741920063407,1.2156455659684158,0.02769020332383807
4.721,0,-3.9996133860620993,-2.9943074408580843,1.2137015953011419,0.039479689655435975
4.721,1,-3.997216748872229,2.9987628002488367,1.2153803675468253,0.027638049528658868
4.731,1,-3.997140107243293,2.9987489457065797,1.215115545357587,0.027574230891746206
4.731,0,-3.9996917823485107,-2.9943141827595365,1.2133120358930731,0.03997372354804282
4.741,0,-3.9997712846797278,-2.994323796722834,1.2129172102299004,0.04055261794075847
4.741,1,-3.997064931191036,2.9987327380587154,1.2148511601606902,0.027500390329610026
4.751,1,-3.996991466197883,2.998714278204126,1.2145872604963415,0.027417941902217975
4.751,0,-3.9998518424836935,-2.994336394325707,1.2125164520937812,0.04118473545419278
4.7620000000000005,0,-3.9999334005635534,-2.9943520958323484,1.2121098967566786,0.04170893576865394
4.7620000000000005,1,-3.9969199443420362,2.9986936566434164,1.214323771304469,0.027357898549161392
4.771,0,-4.000015899797778,-2.994371032052978,1.211699657491419,0.042006564075395506
4.771,1,-3.996850580229824,2.9986709546605126,1.214060220085895,0.02734386089233171
4.781,0,-4.00009927967839,-2.9943933348887657,1.2112876675872253,0.04214476968582472
4.781,1,-3.9967835687368796,2.9986462478228058,1.2137962108534106,0.027358356588667136
4.791,0,-4.0001834835002565,-2.9944191334082975,1.210875296640653,0.04217165638926066
4.792,1,-3.9967190830713384,2.9986196105830714,1.2135315089554293,0.027389467359534517
4.801,0,-4.0002684624216425,-2.9944485522264053,1.2104635133931898,0.04212072801323325
4.801,1,-3.9966572736098036,2.9985911197785127,1.2132659854821173,0.027429313760498446
4.811,1,-3.996598267942282,2.9985608566343855,1.2129997201274008,0.027434338359955377
4.812,0,-4.000354178332202,-2.994481712251745,1.2100535708889206,0.04188307820511191
4.821,0,-4.000440602673577,-2.9945187289539197,1.2096478686341254,0.04142409729845702
4.821,1,-3.996542171690712,2.9985289062052964,1.2127334822151257,0.02735251237443445
4.831,1,-3.9964890640182076,2.9984953554960216,1.2124680374123133,0.027209041776201207
4.831,0,-4.000527707408679,-2.9945596947676942,1.2092483066383357,0.04081602992874398
4.841,1,-3.996438994533468,2.998460290070688,1.2122039250755963,0.027022777267413055
4.8420000000000005,0,-4.000615457973526,-2.994604668525826,1.2088561748984223,0.040110096675375684
4.851,0,-4.000703808922931,-2.9946536696487454,1.208472334629834,0.039342218094407265
4.851,1,-3.9963919824458953,2.99842379121808,1.2119415286410942,0.02680760624629341
4.862,0,-4.0007927014290345,-2.994706675173432,1.2080973462100817,0.0385358987477242
4.862,1,-3.996348016923506,2.9983859340690238,1.211681115643151,0.02657290490625538
4.871,0,-4.000882062258835,-2.9947636192585736,1.2077315954582064,0.03770205006654043
4.871,1,-3.9963070580398923,2.9983467865833537,1.2114227901384058,0.026352628111115894
4.881,1,-3.9962690370288225,2.998306411373278,1.2111661469615425,0.026184936051342155
4.882,0,-4.000971805436618,-2.994824397545245,1.2073753864791819,0.03684859855057486
4.891,0,-4.00106183791233,-2.9948888792425556,1.2070289097305975,0.03598668520578481
4.891,1,-3.9962338586994064,2.9982648718264833,1.2109107857838426,0.026053005415108414
4.901,0,-4.001152065226419,-2.994956919754081,1.2066922523760957,0.035124341995369575
4.901,1,-3.996201403073605,2.998222239187273,1.2106564527760233,0.02594417234583569
4.911,0,-4.001242395580785,-2.9950283703944027,1.206365432801193,0.03426746647307452
4.911,1,-3.996171527172072,2.998178597450374,1.2104030005053654,0.02584966078117198
4.921,0,-4.001332742553769,-2.995103085552737,1.206048411433194,0.03342115512012968
4.921,1,-3.9961440673388298,2.9981340462592305,1.2101503441384986,0.025764115416997604
4.931,0,-4.0014230267296576,-2.9951809279227324,1.2057411252591865,0.032583733949089
4.931,1,-3.9961188421856666,2.998088702193902,1.2098985351646934,0.025655745451453923
4.941,0,-4.001513175002237,-2.9952617712004597,1.2054435721564285,0.031751224713371724
4.941,1,-3.996095656524689,2.9980426996329346,1.209648102658595,0.0254880974870168
4.9510000000000005,1,-3.9960743044622986,2.9979961936738593,1.2093995597063274,0.025278479293882532
4.9510000000000005,0,-4.001603114326989,-2.9953454974201588,1.2051557357504519,0.03092739801237029
4.961,0,-4.001692764456336,-2.9954319928348427,1.2048775643250347,0.030115190379974403
4.961,1,-3.9960545735083755,2.9979493619536304,1.2091532635606737,0.025037987060364704
4.971,0,-4.00178203304792,-2.995521144849004,1.2046089789610723,0.02931623524284625
4.971,1,-3.996036248478998,2.9979024046918203,1.2089094737999555,0.02477451134233109
4.982,0,-4.001870812591004,-2.9956128407174307,1.2043502508638826,0.02844322815571663
4.982,1,-3.9960191145285413,2.99785554352283,1.2086683449069084,0.024499955681107133
4.992,0,-4.001958977413322,-2.995706966759107,1.2041028941577554,0.027433641197828002
4.992,1,-3.996002958919935,2.997809016858395,1.2084299005773254,0.02422287895029546
5.002,0,-4.00204638071609,-2.9958033990718067,1.2038681871808259,0.026342695356752956
5.002,1,-3.995987571069979,2.997763069274835,1.2081941404741685,0.02394208668063764
5.011,0,-4.002132852484183,-2.995901998441019,1.203646938943089,0.025207426983402496
5.011,1,-3.9959727420695472,2.9977179411250887,1.2079610751655185,0.023657150742970465
5.021,0,-4.002218198986151,-2.9960026080795727,1.2034396300606613,0.02405518910058858
5.021,1,-3.995958264442617,2.9976738608257274,1.2077307148180865,0.023368346526149837
5.031,0,-4.002302203689738,-2.9961050527119713,1.2032464985120737,0.022904912108033488
5.031,1,-3.995943932124955,2.997631039385402,1.20750307352473,0.023075708753247187
5.041,0,-4.002384630219293,-2.9962091380468516,1.2030670552767238,0.02189984131249911
5.041,1,-3.9959295406426976,2.997589666816331,1.2072781805523705,0.022776082896499815
5.051,0,-4.002465231247987,-2.9963146510238046,1.202898076033524,0.021192799098556155
5.052,1,-3.995914888510109,2.9975499133992103,1.2070561243185212,0.022466148418875447
5.061,0,-4.002543755905702,-2.996421373876137,1.2027364539601275,0.020683060739802885
5.061,1,-3.9958997815841326,2.9975119406877817,1.2068369804026462,0.022148901836491156
5.071,0,-4.002619959324801,-2.9965290944109872,1.202580040637691,0.0202995919376308
5.071,1,-3.995884037753099,2.9974759135647395,1.2066208106098324,0.021826035763777347
5.082,0,-4.00269361091931,-2.99663761219712,1.2024273521322129,0.01999800587838025
5.082,1,-3.9958674904834157,2.9974420083740783,1.2064076564336343,0.021499777200716604
5.091,1,-3.9958499912916743,2.997410417741447,1.2061975444731057,0.02117163755775974
5.092,0,-4.002764500063567,-2.9967467430727788,1.2022773628355046,0.019748987311216312
5.101,0,-4.0028324391518,-2.9968563223516647,1.2021295730190606,0.019491895120211364
5.101,1,-3.9958314114153506,2.9973813524165607,1.2059904259417,0.02086006162042223
5.111,0,-4.002897264536916,-2.9969662057145343,1.2019844197297171,0.019182617287592556
5.111,1,-3.9958116450858348,2.99735503642264,1.2057860308135708,0.02057807386720013
5.121,0,-4.002958841427631,-2.9970762660653385,1.2018423724320615,0.01883847225977452
5.121,1,-3.995790616195806,2.997331692501274,1.20558413298349,0.02031699126877278
5.131,1,-3.9957682840717714,2.9973115269994683,1.2053845823820666,0.020071540105262076
5.132,0,-4.003017065980452,-2.997186390436389,1.2017037302157756,0.018472704730418513
5.141,0,-4.003071865292672,-2.997296477624389,1.20156867790822,0.018094361273794907
5.141,1,-3.99574464633955,2.997294718968537,1.2051872826584638,0.019838139055072545
5.149,0,-4.003123196570827,-2.997406436379407,1.2014373147413517,0.01771123312606391
5.149,1,-3.9957197395260944,2.997281412866812,1.204992174185347,0.0196145723039208
5.161,0,-4.0031710474717475,-2.997516184017976,1.2013091533682727,0.017420964599463868
5.161,1,-3.9956936372124057,2.9972717162881106,1.204799796286602,0.01924786671252853
5.171,0,-4.003215436969084,-2.9976256445918446,1.2011824232418782,0.01726177613565178
5.172,1,-3.9956664451966373,2.997265703924473,1.2046126393628418,0.01862441839710914
5.181,0,-4.003256408686776,-2.997734745557589,1.2010556706006466,0.017195348569332223
5.181,1,-3.9956382981850753,2.997263411578524,1.2044328557209385,0.01783089594332293
5.191,1,-3.9956093534767887,2.997264838168457,1.2042618874557727,0.016927745204932364
5.192,0,-4.003294029152162,-2.997843414984185,1.2009278983588707,0.01719485442481875
5.201,0,-4.003328386579763,-2.9979515797326206,1.200798424954891,0.017242295249356658
5.201,1,-3.9955797848417705,2.9972699499558995,1.2041006777470824,0.015957783841416863
5.211,0,-4.003359589188969,-2.998059164377959,1.2006667862679319,0.017325032170257628
5.211,1,-3.9955497772868434,2.9972786846224935,1.203949827076272,0.014950893562220947
5.221,0,-4.003387762655072,-2.9981660906113223,1.2005328397259611,0.01739372537019006
5.221,1,-3.995519522638449,2.997290954172239,1.2038094058781454,0.01401130639094504
5.231,1,-3.995489218331387,2.997306643863116,1.2036779492339549,0.013254150768850084
5.232,0,-4.0034130463929705,-2.998272277901933,1.2003973754290402,0.017391222838050325
5.241,0,-4.003435595314463,-2.9983776485445284,1.200261193858486,0.01733905204051662
5.241,1,-3.995459072989334,2.9973256170109575,1.2035539625543292,0.012627864980157685
5.251,0,-4.003455579328542,-2.9984821327206066,1.2001248410077456,0.017253555007172187
5.251,1,-3.995429313260684,2.9973477155875887,1.2034363998468824,0.012093037339163042
5.261,0,-4.003473181381373,-2.998585671853813,1.1999886790113887,0.01714658756578955
5.261,1,-3.99540018767085,2.9973727596358266,1.203324516471416,0.011622690922594159
5.271,0,-4.00348859476146,-2.998688220468143,1.1998531402485297,0.016985767725246567
5.271,1,-3.995371967823232,2.997400547955149,1.2032178212363966,0.011186053419575619
5.281,0,-4.003502017311885,-2.998789746871731,1.1997192138240902,0.016746844853538646
5.281,1,-3.99534494313369,2.9974308621143972,1.2031161157417287,0.010762163531387405
5.292,0,-4.003513642802646,-2.9988902343205632,1.1995877110837712,0.016457578455223297
5.292,1,-3.9953194041837974,2.9974634752244995,1.203019267721638,0.0103487112115386
5.301,0,-4.0035236512659615,-2.998989680856458,1.1994591709351898,0.016135642057527284
5.302,1,-3.995295626366527,2.997498161379151,1.20292716110672,0.009944880353959677
5.312,0,-4.003532201937199,-2.999088098305204,1.199333964421701,0.015793613151100627
5.312,1,-3.995273858324529,2.9975347030069397,1.2028396821407026,0.009551621775682157
5.321,0,-4.00353942880644,-2.999185510956983,1.1992123272748842,0.015441423081706183
5.321,1,-3.9952543144309427,2.9975728963432307,1.2027567220834294,0.009169085752928624
5.331,0,-4.003545438251946,-2.9992819541301285,1.199094239601288,0.015122885942850503
5.331,1,-3.995237170233594,2.9976125552395283,1.202678125007708,0.008814400769798243
5.341,0,-4.003550307809538,-2.9993774721195194,1.1989788515343969,0.014886818575620414
5.341,1,-3.995222559917721,2.997653513554417,1.202603446690503,0.008507742917988883
5.351,0,-4.003554082202762,-2.9994721126011314,1.1988653217990548,0.014709538425032302
5.351,1,-3.9952105775849933,2.9976956275574516,1.2025322757688466,0.008238296953101078
5.361,0,-4.0035567710148054,-2.999565921658012,1.1987530614985638,0.014573819932715892
5.361,1,-3.9952012793486853,2.99773877704987,1.2024643090201552,0.00799985610097981
5.372,0,-4.003558348638586,-2.999658940368825,1.1986416706617633,0.014467188474761156
5.372,1,-3.9951946857949676,2.9977828655279177,1.2023993225733471,0.007788222968471301
5.381,0,-4.003558755689434,-2.9997512024270065,1.1985308696035823,0.01438125942703874
5.381,1,-3.9951907849426513,2.997827819656814,1.2023371422319713,0.007601137116672986
5.391,0,-4.003557901082238,-2.9998427324594994,1.1984207760645575,0.014247643808677381
5.391,1,-3.9951895345076336,2.99787358783961,1.2022772839703932,0.00751017966731178
5.401,0,-4.003555668210202,-2.9999335461282604,1.1983125864945101,0.014016663991965404
5.401,1,-3.9951908600310744,2.9979201359485463,1.2022181125977922,0.007564073275357742
5.411,0,-4.003551932278174,-3.000023654879169,1.1982073521063121,0.013723533884529748
5.411,1,-3.9951946525920476,2.997967440467884,1.2021582314594994,0.007715674927415947
5.421,0,-4.003546575867608,-3.000113070375987,1.1981057649317586,0.013393312003774872
5.421,1,-3.9952007637487075,2.998015480973954,1.2020966979706287,0.007932693876109908
5.431,0,-4.003539499805964,-3.000201807745481,1.1980082731069395,0.013044245296329542
5.432,1,-3.9952090026557796,2.9980642346613147,1.2020328862695253,0.008192618620477462
5.441,0,-4.00353063046829,-3.0002898879476896,1.1979151466688298,0.01268950285408832
5.441,1,-3.995219135638165,2.998113672798602,1.201966384082715,0.008478739135355906
5.452,0,-4.003519924096067,-3.0003773392802087,1.197826558049613,0.012335054952281797
5.452,1,-3.995230887574476,2.9981637583854233,1.2018967056812857,0.00882793071588223
5.461,0,-4.003507366997762,-3.0004641953136253,1.1977426615365925,0.011984184680042352
5.461,1,-3.995243948094334,2.998214442563254,1.2018226926833016,0.009270783671956946
5.471,0,-4.00349296961968,-3.0005504846817708,1.197663539818285,0.011644124144472209
5.471,1,-3.995257988076056,2.9982656584627922,1.2017433894794678,0.009775915289638296
5.481,0,-4.003476759367623,-3.0006362201484813,1.1975892024975179,0.01131725615314606
5.481,1,-3.9952726741955997,2.9983173153072404,1.201658184502261,0.010318487150179342
5.491,0,-4.003458774876734,-3.000721391203962,1.1975196386719036,0.011003653355539109
5.492,1,-3.9952876797975105,2.9983692949919356,1.2015667185747538,0.010882029806635059
5.501,0,-4.0034390617727045,-3.000805959699322,1.1974548068623798,0.010703333887108448
5.501,1,-3.9953026928732838,2.9984214505762057,1.2014687871978311,0.011455059426970322
5.511,1,-3.9953174216365634,2.9984736063106907,1.2013644197875306,0.011997660169206401
5.5120000000000005,0,-4.003417669460041,-3.0008898577417393,1.1973947050865517,0.010403101595924986
5.521,0,-4.003394647552611,-3.000972988459498,1.1973398450630584,0.010073667938950018
5.521,1,-3.9953315991265823,2.9985255615726047,1.201254282731582,0.012464930892253997
5.531,0,-4.003370042229801,-3.001055234554714,1.1972908294431561,0.009733680870443759
5.531,1,-3.995344989737417,2.998577103041674,1.201139054748834,0.012874093819914617
5.541,0,-4.003343892104283,-3.001136469655281,1.1972480182441554,0.009399945081139427
5.541,1,-3.995357394968085,2.998628017854424,1.2010192317857413,0.01323974758285205
5.552,0,-4.003316224765778,-3.001216567147772,1.1972116105989596,0.009084996769012822
5.552,1,-3.9953686567120386,2.998678103435292,1.2008951881210739,0.013572238437870802
5.561,0,-4.003287054593915,-3.0012954064897266,1.1971818380923942,0.008786263477038888
5.561,1,-3.995378658171549,2.9987271740502273,1.200767474990755,0.013806302923414776
5.572,0,-4.003256385370433,-3.0013728779330475,1.197159357416026,0.008513108154978083
5.572,1,-3.9953873213302074,2.9987750640161726,1.2006378457968354,0.013856246303403071
5.581,0,-4.003224223668166,-3.0014488884251107,1.1971446703007436,0.008291769327332993
5.581,1,-3.995394604066493,2.998821631677321,1.2005079160046326,0.013777346293170083
5.591,0,-4.003190591173305,-3.0015233658412845,1.1971380487324463,0.008140244269457008
5.591,1,-3.9954004951947417,2.998866761394493,1.200378783319107,0.013611542913560766
5.602,0,-4.003155532571679,-3.0015962614156395,1.1971396065886823,0.00806844931504894
5.602,1,-3.9954050093213844,2.9989103638364525,1.2002511824171351,0.013387205080039486
5.612,0,-4.003119120170089,-3.001667550933122,1.1971493612644186,0.00807983239669828
5.612,1,-3.9954081823335486,2.9989523754089444,1.2001256139421776,0.013123862419436184
5.621,0,-4.003081456691226,-3.0017372358775325,1.197166699915861,0.008131290912070368
5.621,1,-3.995410067788294,2.99899275732785,1.2000023017760026,0.012868418501329183
5.632,0,-4.003042674094254,-3.0018053435484178,1.1971884155771335,0.008124496449327072
5.632,1,-3.995410736784988,2.999031493945178,1.1998806721210802,0.012691048516594368
5.642,0,-4.003002916056371,-3.001871912918603,1.1972114514706325,0.00805064117560163
5.642,1,-3.9954102842808927,2.999068585031822,1.1997600309207936,0.012572272364426623
5.651,0,-4.002962322743012,-3.0019369828982496,1.197233690828254,0.00792620435694098
5.651,1,-3.995408837243086,2.999104037731786,1.199639889893032,0.012495632504394347
5.661,0,-4.002921021168763,-3.002000585077138,1.1972536785279997,0.0077718944690797105
5.661,1,-3.995406559619067,2.9991378609063233,1.199519908246369,0.012449281868671152
5.668,0,-4.002879118789865,-3.002062738737943,1.1972704122455178,0.007606381173779679
5.668,1,-3.9954036541837463,2.999170060965733,1.1993998427454138,0.012424801592106327
5.681,1,-3.9954003619126985,2.999200637539486,1.199280315088145,0.012229400067978713
5.681,0,-4.002836699512258,-3.0021234472743914,1.1972834088285347,0.007453812179332978
5.692,0,-4.002793822685508,-3.002182695418796,1.1972933804077175,0.007324966100561617
5.692,1,-3.99539696012458,2.999229578845428,1.1991638881633553,0.011785280886837746
5.7010000000000005,0,-4.002750527972423,-3.0022404509760134,1.1973011249127141,0.007207645931830554
5.702,1,-3.9953937601940828,2.999256862100567,1.199052630101677,0.011173276325055808
5.711,0,-4.002706840842142,-3.0022966665344177,1.1973071898945817,0.0070950258006100796
5.711,1,-3.99539110291339,2.9992824512205893,1.1989479145855935,0.010450322947922462
5.721,0,-4.002662776877793,-3.0023512810002777,1.1973119426020669,0.006983365788653475
5.721,1,-3.9953893532845863,2.9993062953043323,1.1988506288450667,0.00965618123150242
5.732,0,-4.002618345122019,-3.002404221172763,1.1973157343965466,0.006872209208598631
5.732,1,-3.995388895364407,2.9993283280297334,1.1987615101721403,0.008760762748092562
5.741,0,-4.002573550509599,-3.0024554032792516,1.197319491432754,0.006763176389701781
5.742,1,-3.995390123650921,2.9993484698830035,1.1986822589647128,0.0076786334025336755
5.751,0,-4.0025283962849025,-3.0025047388724238,1.1973241181415992,0.0066564606114290804
5.751,1,-3.995393414251721,2.9993666467342424,1.198614488057489,0.006477001083267513
5.761,1,-3.995399093977854,2.999382810110154,1.198559227557206,0.00521776006138937
5.7620000000000005,0,-4.002482885749134,-3.0025521406960767,1.1973302141771676,0.006554431234752409
5.771,0,-4.002437023323189,-3.002597526657814,1.197338172885978,0.006459850336840859
5.771,1,-3.9954074200788368,2.9993969507717195,1.1985170996750218,0.0039629515079307705
5.781,0,-4.002390815218763,-3.002640822744388,1.1973482400759998,0.006375099220846234
5.781,1,-3.9954185680562944,2.9994091074316604,1.1984884356793175,0.002812440701091921
5.792,0,-4.002344269751988,-3.0026819652587524,1.1973604691788775,0.006296849692492168
5.792,1,-3.995432623344795,2.999419373038507,1.1984724239593745,0.002137560635547692
5.801,0,-4.002297395382544,-3.002720903320419,1.1973745321486402,0.006219994705586669
5.801,1,-3.9954495791337017,2.999427897461912,1.1984649064098587,0.0020422420421937755
5.812,0,-4.002250193977172,-3.0027576008461523,1.197390124482977,0.006146683289303559
5.812,1,-3.9954693663915726,2.999434871367393,1.1984622214472325,0.0022004843849592727
5.821,0,-4.002202654460962,-3.0027920385496585,1.1974070228960494,0.006079371438868998
5.821,1,-3.995491875534993,2.9994405154645545,1.1984618610193882,0.0024242649707390475
5.831,0,-4.00215474876545,-3.002824214832112,1.1974250655828433,0.006021829179225334
5.831,1,-3.995516970587636,2.99944507304536,1.1984620966787034,0.0026541795389595554
5.841,1,-3.995544500238075,2.9994488032932094,1.198461738815164,0.002879932146729305
5.8420000000000005,0,-4.0021064296214925,-3.0028541456512707,1.1974441574526433,0.005977666480515485
5.851,0,-4.002057629652982,-3.002881863745362,1.1974642677607463,0.005953091916981904
5.851,1,-3.9955743067524345,2.9994519753198308,1.1984601576589016,0.0030991575372906425
5.861,1,-3.9956062352777164,2.99945486338508,1.198458585561637,0.0032978687257172005
5.862,0,-4.002008261404451,-3.0029074143934316,1.1974855096495756,0.005953635872939113
5.871,0,-4.001958218278369,-3.0029308454710435,1.1975079824668995,0.005979208198116422
5.871,1,-3.9956401350552286,2.9994577461453993,1.1984587453680158,0.0034895195140282114
5.881,0,-4.001907376248269,-3.002952197561111,1.197531745092487,0.0060299173294781115
5.881,1,-3.9956758606350227,2.999460905826769,1.1984618029713443,0.0036950558699677433
5.891,1,-3.995713274894763,2.9994646264030016,1.1984685358972882,0.003929276418075976
5.891,0,-4.001855596082796,-3.0029714970025805,1.197556837985383,0.006105448271194613
5.901,0,-4.0018027257420075,-3.0029887515996174,1.1975832779389213,0.006205417437737644
5.901,1,-3.995752251065836,2.9994691916878775,1.1984794448945677,0.004198977144723155
5.911,0,-4.001748603220295,-3.0030039487732494,1.1976108861305745,0.006307042570316419
5.911,1,-3.995792673933206,2.9994748834234386,1.198494817913949,0.004502376330031237
5.92,0,-4.001693061578042,-3.0030170568984644,1.1976388355942797,0.006392614177629423
5.92,1,-3.9958344393387004,2.999481980743175,1.198514731861645,0.0048334405889268114
5.931,0,-4.001635935477806,-3.0030280274616854,1.1976664125273164,0.006475640287883366
5.931,1,-3.995877451420736,2.999490762959739,1.1985392007693583,0.005188383843710286
5.941,0,-4.001577067889558,-3.003036799162213,1.197693132091625,0.006566342489214424
5.941,1,-3.995921619672643,2.999501512135679,1.1985682039631138,0.005563363025983482
5.9510000000000005,0,-4.001516315086963,-3.0030433018539866,1.197718670252695,0.0066715640586724745
5.9510000000000005,1,-3.9959668568843494,2.999514514188768,1.198601697678744,0.005955394775764446
5.961,0,-4.00145355001439,-3.003047459926696,1.1977428072088547,0.006795657718324807
5.961,1,-3.996013077669503,2.9995300588654388,1.1986396187646864,0.006362532452735067
5.971,0,-4.001388663936433,-3.0030491946475384,1.1977656012105002,0.006961157475465443
5.971,1,-3.9960601971463188,2.9995484378074213,1.1986815336309902,0.0067053879251563015
5.981,0,-4.001321568826353,-3.003048425798626,1.1977884164674384,0.0072002889438579935
5.982,1,-3.9961081299558834,2.9995699326206418,1.1987245783253293,0.006836916754819976
5.992,0,-4.0012522161733965,-3.0030450850337074,1.1978127127112912,0.007490702016006449
5.992,1,-3.9961567978039465,2.999594803581447,1.1987657659177864,0.006838226289195266
6.001,0,-4.001180615471541,-3.003039128754831,1.1978394669097523,0.007815874775222017
6.001,1,-3.9962061359110046,2.9996232742635422,1.198803079982189,0.006787453335570122
6.011,0,-4.00110684417254,-3.0030305457777438,1.1978693268651306,0.008162346224337357
6.011,1,-3.996256095941122,2.999655518113201,1.1988351981203387,0.0067440391958473655
6.021,1,-3.996306647323493,2.9996916500942197,1.1988612581260272,0.0067489470651523175
6.022,0,-4.001031052246398,-3.003019362135294,1.197902707677702,0.008517398677007631
6.029,0,-4.000953462367867,-3.0030056433079153,1.197939990628198,0.008885191854633599
6.029,1,-3.9963577774353714,2.9997317224704485,1.1988807242426351,0.006827588047752071
6.041,0,-4.000874365444274,-3.0029894936001367,1.1979819059301364,0.009271996577723427
6.041,1,-3.996409490747579,2.999775725639952,1.1988933888282798,0.006991321796522269
6.051,0,-4.00079411333062,-3.002971055279482,1.1980290250228167,0.00966473602441905
6.051,1,-3.99646180607057,2.9998236000327623,1.198899244878413,0.0072341876995487085
6.062,0,-4.0007131092078625,-3.002950505371823,1.1980816950448545,0.010053523858114475
6.062,1,-3.9965147529209797,2.9998752539828595,1.1988983388875625,0.007545559607483513
6.071,0,-4.00063179771113,-3.0029280514636163,1.198140126789756,0.010431238178642388
6.071,1,-3.9965683685386053,2.9999305787860777,1.1988907510676783,0.007913643718344148
6.081,0,-4.000550655905594,-3.0029039273933793,1.1982044239808276,0.010791797987499149
6.081,1,-3.996622695499635,2.999989460158925,1.1988765786449418,0.008327335892311367
6.091,0,-4.000470183975809,-3.002878390100258,1.1982736144499357,0.010973859451004007
6.091,1,-3.996677780572463,3.000051789765303,1.1988568351131712,0.008721276745109306
6.102,0,-4.000390889228405,-3.0028517141645623,1.1983442892481877,0.010900973950975428
6.102,1,-3.9967336716398965,3.0001174744819585,1.1988347072401389,0.009043605657729995
6.111,0,-4.000313266438872,-3.002824177547366,1.198413689618023,0.010639557349347751
6.111,1,-3.996790406853858,3.000186428243588,1.1988127916933515,0.009312151944886445
6.121,1,-3.9968480069131824,3.000258572120083,1.1987928519665572,0.009551191814661783
6.122,0,-4.000237781277359,-3.0027960533116764,1.1984799447837953,0.010241989335022099
6.131,0,-4.000164858516791,-3.002767603679671,1.1985418017319422,0.00974805647135075
6.131,1,-3.9969064704983657,3.000333835750098,1.1987760819323248,0.009780531074776824
6.141,1,-3.9969657714159474,3.0004121565962967,1.1987627917428232,0.010028000897076509
6.141,0,-4.000094875094075,-3.002739075266417,1.19859874065615,0.009235969862809975
6.151,0,-4.000028156213463,-3.0027106948851934,1.1986515741517627,0.008758461135409132
6.151,1,-3.997025857012209,3.000493477535273,1.1987514039158416,0.010297350854232355
6.161,0,-3.999964963944255,-3.002682664609105,1.1987011213488314,0.008300449574730313
6.161,1,-3.997086650666059,3.000577755150289,1.1987404362372884,0.010574437745726237
6.172,0,-3.999905490772909,-3.0026551573193356,1.1987479592000225,0.007854939482864707
6.172,1,-3.9971480537166597,3.0006649624065944,1.198728872239682,0.01085414224307742
6.181,0,-3.9998498577692496,-3.002628313886516,1.1987924864336899,0.0074197757194559176
6.181,1,-3.997209947582965,3.000755088765506,1.1987160321584602,0.011134962003048133
6.191,0,-3.9997981155636597,-3.002602241763221,1.1988349857175562,0.006995841990665862
6.191,1,-3.9972721961165196,3.000848139653362,1.1987014591589837,0.011416736162388617
6.201,0,-3.9997502465380808,-3.0025770144621755,1.1988754799215506,0.00655164440286563
6.201,1,-3.9973346481742595,3.0009441359471194,1.198684990846559,0.011693077364033303
6.211,0,-3.999706166698007,-3.0025526713809247,1.1989128185322926,0.0060281245956693985
6.211,1,-3.9973971416789125,3.0010431118778613,1.1986674765563106,0.011949878060943763
6.221,0,-3.9996657404290867,-3.0025292209706524,1.198945763176613,0.005461107919793103
6.221,1,-3.9974595119717558,3.0011450970926274,1.1986498792235458,0.012190619377442619
6.229,0,-3.9996287942968056,-3.0025066444828084,1.198973511050834,0.0048841245041923035
6.229,1,-3.997521601024807,3.0012500982886725,1.198632847964237,0.012418573026312302
6.241,0,-3.9995951265427285,-3.0024848993100903,1.1989955411987936,0.004327049808445836
6.241,1,-3.9975832639126483,3.0013580877405124,1.1986168117849478,0.012635120129272691
6.251,0,-3.9995645149846935,-3.0024639222095386,1.1990115296073887,0.0038204506534822843
6.251,1,-3.9976443728854987,3.0014689962840553,1.1986020549162486,0.012840091759617662
6.261,0,-3.999536723739962,-3.002443632525065,1.199021380993778,0.003404779481999283
6.261,1,-3.997704819463797,3.0015827107659288,1.1985891352369433,0.013021923813258124
6.271,0,-3.9995115094067217,-3.0024239380176097,1.1990255675841324,0.0031043103015833302
6.271,1,-3.997764513420389,3.0016990789578584,1.1985803353333608,0.013179054396378469
6.281,0,-3.999488623417415,-3.002404746593943,1.1990245852768269,0.00291691238468456
6.281,1,-3.997823380351894,3.001817912159837,1.1985777520308494,0.013338561509724945
6.291,0,-3.9994678148056395,-3.0023859783153384,1.1990187962966492,0.0028383358948058
6.291,1,-3.99788135794526,3.001938994271511,1.1985827755923504,0.01352055210013172
6.301,1,-3.997938392744071,3.002062091220316,1.1985962971598392,0.01373680213633157
6.302,0,-3.999448832803929,-3.0023675738056546,1.1990084610099128,0.00285892877421959
6.311,0,-3.999431429286673,-3.0023494996380795,1.1989940450506815,0.0029143308045390206
6.311,1,-3.9979944380628623,3.002186957872443,1.1986185735627422,0.013977714726927746
6.321,0,-3.999415364752274,-3.002331750484539,1.1989777403977708,0.002865996858982899
6.321,1,-3.9980494537426257,3.0023133400226847,1.1986486533474427,0.014216196895439036
6.331,1,-3.9981034061787852,3.0024409720201564,1.1986855939886316,0.01444220420188692
6.331,0,-3.999400417348326,-3.002314344326504,1.1989617948345175,0.0027236258945954528
6.341,0,-3.9993863952104856,-3.0022973160411093,1.1989477355188574,0.002522455225361786
6.342,1,-3.9981562692526693,3.002569571821109,1.1987287211447586,0.014650736980641151
6.351,0,-3.9993731460177564,-3.0022807124807804,1.198936581799771,0.0023000000474893336
6.351,1,-3.9982080250129197,3.002698837946805,1.198777529012941,0.014838070555474078
6.362,0,-3.9993605625455135,-3.002264588632739,1.1989290026093955,0.002092803001275493
6.362,1,-3.998258663771237,3.002828448597402,1.1988316244571693,0.015002339983572846
6.372,0,-3.999348584925987,-3.002249004531409,1.1989251939967334,0.0019423978582432816
6.372,1,-3.9983081843876564,3.002958062524562,1.1988901785000885,0.015085922346777199
6.381,0,-3.999337199178348,-3.002234022753051,1.198924421669211,0.0018426680181022079
6.381,1,-3.9983565960906384,3.003087323516685,1.1989506385331605,0.015037706089952436
6.392,0,-3.999326432249834,-3.002219707504421,1.198925969682462,0.0017650287335942434
6.392,1,-3.998403918407485,3.003215869288544,1.199010823299011,0.014886313136142333
6.401,0,-3.9993163458203496,-3.0022061237909905,1.1989293293027719,0.0016936743015040644
6.401,1,-3.9984501828064727,3.0033433391792737,1.1990692455896899,0.01465675650078942
6.411,0,-3.999307030580865,-3.002193336550534,1.1989341289970752,0.0016207223863652965
6.411,1,-3.9984954339408882,3.003469380108195,1.1991249025826176,0.014368628671418561
6.421,0,-3.9992986010463496,-3.002181409886069,1.1989400961755268,0.0015426367618780518
6.422,1,-3.9985397300592873,3.0035936512042314,1.1991771240029465,0.014036556221656145
6.432,0,-3.9992911908394797,-3.002170406266708,1.1989469342789587,0.0014449847253055995
6.432,1,-3.99858314273769,3.00371582702718,1.1992255903424693,0.013683881556664397
6.442,0,-3.9992849454441997,-3.0021603840640503,1.1989538224127652,0.0012964078189318308
6.442,1,-3.9986257565557057,3.003835598440519,1.1992707290884237,0.013331663250927942
6.452,0,-3.9992800089660188,-3.002151391809234,1.1989599462734255,0.001106816265039155
6.452,1,-3.9986676708068827,3.003952673707288,1.1993130518693706,0.012974399316387143
6.461,0,-3.9992765101506986,-3.00214346158199,1.1989647374918497,0.0008943052241839649
6.461,1,-3.9987090004511407,3.0040667783789137,1.1993529197347468,0.012608763430546522
6.471,0,-3.9992745523734854,-3.002136604251732,1.1989678073424912,0.0006861867740752407
6.471,1,-3.9987498759241236,3.0041776547173606,1.199390596830762,0.01223363187917034
6.481,1,-3.998790442278027,3.00428506076816,1.1994264221093995,0.011861677814709946
6.482,0,-3.999274207561873,-3.0021308067232018,1.1989690384179892,0.0005374461498654995
6.491,0,-3.9992755140091663,-3.002126032291569,1.1989691104779128,0.0004796882523002469
6.491,1,-3.9988308583778562,3.004388768886222,1.1994613774348486,0.011509329572131835
6.501,0,-3.999278475032371,-3.002122224017778,1.1989687050523246,0.000504242374099884
6.501,1,-3.9988712974953176,3.004488571304336,1.1994963464765243,0.011170840258084083
6.511,0,-3.999283060142122,-3.002119309816831,1.1989682745477799,0.0005885917979668684
6.511,1,-3.9989119473714854,3.004584284066535,1.199531919211963,0.010845217696275212
6.522,0,-3.999289207408159,-3.002117206915973,1.1989681091798898,0.0007050526645015252
6.522,1,-3.9989530093682712,3.0046757485753943,1.1995684992979596,0.010534002022298625
6.531,0,-3.9992968262531954,-3.002115825442739,1.19896839243367,0.0008336867447496449
6.531,1,-3.998994697070033,3.0047628323517723,1.1996063484803532,0.010239903119212333
6.541,0,-3.999305800550397,-3.0021150713087836,1.1989693024336145,0.0009650071553461957
6.541,1,-3.9990372343461456,3.0048454299213794,1.1996454447330303,0.009944883140865635
6.551,0,-3.999315994504595,-3.00211484968243,1.1989713022228021,0.0011017387449692865
6.551,1,-3.999080852520068,3.0049234683208956,1.1996848186530653,0.009622783640865084
6.561,0,-3.999327264231982,-3.0021150705139403,1.1989747904726884,0.0012462160477490379
6.561,1,-3.999125789150356,3.0049969119401165,1.1997235225476943,0.00929134817779857
6.571,0,-3.999339469839466,-3.002115654140529,1.1989800068282324,0.001398150785319384
6.571,1,-3.999172286605625,3.005065770090091,1.1997609140669436,0.008967648041935646
6.581,1,-3.9992205903562983,3.0051301021884322,1.1997965597768356,0.00866748262232466
6.581,0,-3.9993524841885177,-3.002116535357661,1.1989870964146376,0.001557422842700644
6.5920000000000005,0,-3.9993661986836857,-3.0021176660806,1.198996159466219,0.0017232647862738106
6.5920000000000005,1,-3.9992709472846846,3.0051900195123413,1.1998301753380192,0.008404332521262783
6.601,0,-3.9993805266302203,-3.0021190168195986,1.1990070524115588,0.001859018437183635
6.602,1,-3.999323605235849,3.0052456823094893,1.199862114340466,0.008250004879019867
6.611,0,-3.9993954039098774,-3.0021205771114237,1.1990186992660123,0.0019159018638836645
6.611,1,-3.9993788132462518,3.0052972870489976,1.199895339111225,0.008289288782174104
6.621,0,-3.9994107873929288,-3.002122355413415,1.1990300671901486,0.0019195766420790805
6.621,1,-3.9994368003770884,3.0053450657575147,1.1999326644567514,0.008500131023134742
6.632,0,-3.9994266518115813,-3.00212437819368,1.199040454118205,0.001894725680033633
6.632,1,-3.999497757865858,3.0053892750975133,1.1999759752708676,0.0088658080067947
6.641,0,-3.9994429866807306,-3.0021266885494122,1.1990493829842246,0.0018617301859692392
6.641,1,-3.999561828863849,3.005430183994618,1.200026504465001,0.009364822626658168
6.651,0,-3.9994597935800136,-3.002129344563988,1.1990565393526496,0.001836754117595243
6.651,1,-3.999629102402835,3.00546806429877,1.2000850342008484,0.009970833581534586
6.661,0,-3.999477083995881,-3.0021324175999267,1.1990620351486363,0.0018555336227541904
6.661,1,-3.999699609677081,3.0055031847293843,1.200151717594857,0.010595704442522703
6.671,0,-3.9994948795967407,-3.0021359901358906,1.1990675359522576,0.0019386080295084784
6.671,1,-3.9997733217583105,3.0055358070254417,1.200225021608926,0.011129475872457094
6.681,0,-3.9995132156647744,-3.002140149933935,1.1990746429965378,0.0020791425562019755
6.681,1,-3.999850162689931,3.0055661722474074,1.200303367193884,0.011587050324778895
6.691,0,-3.9995321454214894,-3.002144984446919,1.1990844403872043,0.002284951531079181
6.691,1,-3.999930020239104,3.005594491821181,1.2003856446315113,0.011986278768525552
6.7010000000000005,0,-3.99955174271246,-3.002150576871485,1.199097640547183,0.0025569933743192267
6.7010000000000005,1,-4.000012752941151,3.005620943142634,1.200471088613411,0.012340066112454888
6.712,0,-3.999572103129282,-3.0021570034144505,1.1991147058386509,0.0028871301245315777
6.712,1,-4.000098195813805,3.005645667333463,1.200559146673819,0.012655777726154019
6.721,0,-3.999593343345799,-3.0021643312491357,1.1991355762663611,0.003192792746587747
6.721,1,-4.000186165416013,3.0056687687614407,1.2006494004724815,0.012936885590523696
6.731,0,-3.9996155933540245,-3.002172617737895,1.1991584665590895,0.003367541910916612
6.732,1,-4.0002764652082075,3.005690318387246,1.200741473194431,0.013183721167047295
6.741,0,-3.9996389776430457,-3.002181916674213,1.199181627092717,0.003453313145846674
6.741,1,-4.00036889358853,3.0057103643738032,1.2008350714492968,0.013402947851736378
6.752,0,-3.999663594841403,-3.0021922836393493,1.1992038570324917,0.003488850808020166
6.752,1,-4.00046325154797,3.0057289435635184,1.2009299958747623,0.013599531116784577
6.761,0,-3.9996895032932365,-3.002203778724428,1.199224339809091,0.003504111829882393
6.761,1,-4.000559348381628,3.0057460900289548,1.2010261053769316,0.013777668404572207
6.772,0,-3.999716712206531,-3.0022164677623913,1.199242539871855,0.0035193240205093923
6.772,1,-4.000657005852606,3.005761841037145,1.2011233048285677,0.013940338845448963
6.781,0,-3.9997451772442143,-3.002230422351775,1.1992579576360922,0.0035308200670818666
6.781,1,-4.000756060676038,3.005776241225978,1.2012212854370807,0.014045836666907343
6.791,0,-3.9997748042426107,-3.0022457188506415,1.1992697334714106,0.0035480769757193875
6.792,1,-4.00085636515943,3.0057893429032845,1.2013189596559994,0.01406394036630687
6.802,0,-3.9998054668402547,-3.002262438011308,1.1992771832215339,0.003602043291256041
6.802,1,-4.000957788145264,3.005801197557266,1.2014153935902483,0.014022924236205988
6.811,0,-3.9998370240523298,-3.00228066406463,1.199279872197362,0.0037112216837428607
6.811,1,-4.0010602139018525,3.005811848235272,1.2015099616705662,0.01394281078273661
6.821,0,-3.999869333282578,-3.002300483758259,1.199277536052443,0.0038828595799956897
6.821,1,-4.001163540551161,3.0058213246864027,1.2016022496835663,0.013837766971488395
6.832,0,-3.9999022597915443,-3.0023219855161156,1.1992700330831745,0.004115596931347491
6.832,1,-4.001267678567649,3.005829640457075,1.2016919924728686,0.013717414387857427
6.8420000000000005,0,-3.9999356833472977,-3.0023452585039614,1.1992572272049395,0.004412699337815292
6.8420000000000005,1,-4.001372549350366,3.005836791483925,1.2017790162114466,0.013587029413243853
6.851,0,-3.9999695018487955,-3.0023703888245215,1.1992381563288372,0.00482278507594395
6.851,1,-4.00147808443964,3.0058427560466248,1.2018631673008513,0.013448409191679432
6.861,0,-4.00000363131646,-3.002397450280352,1.1992115749097485,0.005354757655174706
6.861,1,-4.0015842269782445,3.005847496627772,1.2019443381327888,0.013307667130608047
6.871,0,-4.000038003410733,-3.0024264922223964,1.1991766672850892,0.005992630929375857
6.871,1,-4.001690933807718,3.0058509627796868,1.2020224896451748,0.013169531345739621
6.881,0,-4.000072562920646,-3.002457529901161,1.1991329243907027,0.006711966363691227
6.881,1,-4.001798176619208,3.0058530938160306,1.2020976193440356,0.013037096546647496
6.891,0,-4.000107265701234,-3.0024905403783744,1.199080769531982,0.007345624278624204
6.891,1,-4.001905942128107,3.0058538211436963,1.2021697906228723,0.012919467176596401
6.901,0,-4.000142071786817,-3.002525466751453,1.1990231530583138,0.007748365766823263
6.901,1,-4.002014226509526,3.005853072549722,1.202239246372698,0.012823490601025039
6.911,0,-4.0001769268618,-3.002562222598146,1.1989627020701161,0.007978392247804417
6.911,1,-4.0021230185925845,3.005850781730484,1.2023062455807458,0.012744912428105232
6.922,0,-4.000211745416685,-3.002600702395847,1.198901218814973,0.008085427499780673
6.922,1,-4.002232284043348,3.005846897290617,1.2023709994683278,0.012678019122300389
6.931,0,-4.000246399891294,-3.002640790608442,1.1988399284859277,0.008105022666038937
6.931,1,-4.002341955192893,3.0058413889837277,1.2024336850208721,0.012617397434800667
6.941,0,-4.000280714582272,-3.002682368194447,1.198779669899814,0.00806164143486726
6.941,1,-4.002451925410787,3.0058342515886003,1.202494455665561,0.012558128660578784
6.9510000000000005,0,-4.000314463510108,-3.002725317324637,1.198721076354192,0.00795773590454057
6.9510000000000005,1,-4.0025620469651155,3.005825506826463,1.2025534594289176,0.012495286790406155
6.961,0,-4.000347372318358,-3.002769523507688,1.1986649115479604,0.007788412371941533
6.961,1,-4.002672131626024,3.0058152027978697,1.20261084368841,0.012424378131968086
6.971,0,-4.000379126373845,-3.002814872268799,1.1986117836142174,0.007573815409359639
6.971,1,-4.002781954015249,3.005803409223958,1.2026667373903157,0.012339753727121103
6.981,1,-4.0028912562063885,3.0057902117728923,1.2027212358179296,0.012236698736345841
6.981,0,-4.000409380532433,-3.00286124544136,1.1985620849653984,0.007328232573357603
6.991,0,-4.0004377677039065,-3.0029085189995035,1.1985160615861643,0.007062050637231494
6.991,1,-4.002999752547612,3.0057757073246396,1.2027744188606337,0.012111532388312146
7.002,0,-4.000463906465055,-3.002956561964708,1.1984738507629786,0.006783448221547515
7.002,1,-4.003107134585695,3.00576000015594,1.2028263491351523,0.01196122707375092
7.012,0,-4.000487408116755,-3.0030052362099378,1.1984354675523672,0.006507880076369594
7.012,1,-4.0032130761426306,3.005743198867429,1.2028769947183833,0.011771466407619871
7.021,0,-4.000507884855759,-3.0030543967537127,1.198400621658676,0.006250992168562447
7.021,1,-4.003317242668619,3.005725413240331,1.2029257463082002,0.011520352685057206
7.032,0,-4.000524959568196,-3.00310389274585,1.1983690034905434,0.006011070494034208
7.032,1,-4.003419310922419,3.005706746807868,1.202971973089788,0.011221618750535088
7.041,0,-4.000538275312951,-3.00315356866081,1.198340368162687,0.0057898587533090715
7.041,1,-4.003518990042417,3.0056872895687947,1.2030152725921186,0.010888467972265028
7.051,0,-4.00054750230812,-3.0032032657536396,1.1983145194962133,0.005591805588297168
7.051,1,-4.003616036336499,3.005667113067676,1.2030554034687373,0.01053204878323007
7.061,0,-4.00055234315239,-3.0032528237485767,1.1982911891042873,0.0054343551104165414
7.061,1,-4.003710263501133,3.0056462675095603,1.2030917845967533,0.0101256265880149
7.071,0,-4.000552537770642,-3.0033020849626384,1.1982697820703014,0.005330846195854723
7.071,1,-4.003801546130137,3.0056247801178064,1.2031228567256085,0.009676286724600334
7.081,0,-4.000547865541174,-3.0033509032051042,1.1982497782162338,0.005279838731405114
7.081,1,-4.003889809416368,3.005602653009194,1.20314742895681,0.009225575507857735
7.091,1,-4.003975020874908,3.005579863138315,1.2031647468716395,0.00880655108921925
7.092,0,-4.000538147267065,-3.0033991520610117,1.198230811662555,0.005282404511329639
7.101,0,-4.00052324600323,-3.003446730456729,1.1982126122876804,0.005340439822093154
7.102,1,-4.004057183731881,3.005556363269845,1.203174358299452,0.00844591988169524
7.111,1,-4.00413633119802,3.0055320835560755,1.2031760289240354,0.008164121113035603
7.112,0,-4.000503066474082,-3.0034935659946593,1.1981949638655551,0.005454549391178748
7.121,0,-4.0004775539983015,-3.003539616287081,1.1981775581538494,0.005633337554026248
7.121,1,-4.0042125212151305,3.0055069336552283,1.2031697404267254,0.007972895035991743
7.132,0,-4.000446695298051,-3.0035848632685664,1.198159663637271,0.0058786971169122815
7.132,1,-4.004285833442838,3.0054808046954915,1.2031558101800872,0.007871743259526958
7.141,0,-4.000410517579761,-3.003629293888988,1.1981406576213085,0.006175138641942731
7.142,1,-4.004356372161627,3.0054535709374517,1.2031345782560972,0.007857502091355148
7.151,0,-4.000369089686591,-3.0036728817000875,1.198120114819966,0.006508344838185994
7.151,1,-4.004424268513426,3.005425091320055,1.2031063468302186,0.007925461284666688
7.161,1,-4.004489680805895,3.0053952113521967,1.203071379712931,0.008070034700829
7.162,0,-4.000322522487229,-3.0037155746553323,1.1980977425390429,0.006865038829824153
7.171,0,-4.000270967963468,-3.003757287683896,1.1980733412373457,0.0072337016575875724
7.172,1,-4.004552793556297,3.0053637651765053,1.2030299171014827,0.008283734609694816
7.181,0,-4.000214617227613,-3.0037978990041254,1.198046754888575,0.007605734292400983
7.181,1,-4.004613814539269,3.00533057700473,1.2029826234666352,0.00848969299727521
7.191,0,-4.000153696149627,-3.003837253163084,1.198017813707267,0.007975457623112291
7.191,1,-4.004672965035657,3.005295464832186,1.2029316323281127,0.008612552134609784
7.201,0,-4.0000884559195145,-3.003875176270424,1.1979863817260334,0.008337226017763396
7.201,1,-4.004730464384781,3.0052582572153628,1.202878784134181,0.008675281085766201
7.21,0,-4.000019163076321,-3.003911492885681,1.1979523769171236,0.008687700499688982
7.21,1,-4.0047865119126635,3.0052188072605883,1.2028253527052248,0.008699207162946981
7.221,0,-3.9999460914318927,-3.003946038504897,1.1979157460413097,0.009025336667011713
7.221,1,-4.00484127394153,3.005177001777462,1.2027722105331402,0.008700536860501644
7.232,0,-3.999869514895714,-3.003978667803908,1.197876660162442,0.00932472783117193
7.232,1,-4.004894875414423,3.0051327663897727,1.2027202480901606,0.008633924521271286
7.241,0,-3.999789701862704,-3.0040092593342522,1.1978362249928098,0.009554404695070873
7.241,1,-4.0049473944355665,3.0050860639720938,1.202672044884771,0.008417114271830482
7.252,0,-3.999706921487456,-3.004037722838864,1.1977954905403725,0.009731438829562539
7.252,1,-4.0049988646611485,3.005036896991814,1.202630135591038,0.008131932358119043
7.261,0,-3.999621447985546,-3.0040640036639465,1.1977551630503436,0.009869065194502256
7.261,1,-4.005049278757004,3.0049853053297015,1.2025962312337444,0.007850577510533776
7.271,0,-3.9995335619297743,-3.0040880843255837,1.1977157102166025,0.00997649811668907
7.271,1,-4.0050985916226765,3.0049313615000903,1.2025714449160325,0.0076302789578756814
7.281,0,-3.999443550407656,-3.004109984521796,1.1976774247370625,0.010059736931590223
7.281,1,-4.005146724277835,3.0048751661323796,1.202556475866485,0.007510328335891721
7.291,0,-3.9993517060086754,-3.0041297595722316,1.197640579773311,0.01011150314716774
7.291,1,-4.005193569004349,3.0048168448342243,1.2025511702705016,0.007516166119037989
7.301,0,-3.9992583236118318,-3.004147496546097,1.197605833584815,0.010123507188396243
7.301,1,-4.005238999532604,3.004756544940439,1.2025524363950175,0.007584758182181507
7.311,0,-3.9991636950998286,-3.0041633090782796,1.1975737577106582,0.010107401162976279
7.311,1,-4.0052828813012855,3.0046944122949464,1.2025572535400126,0.007650928475492445
7.321,0,-3.9990681029277613,-3.0041773307404473,1.197544719654478,0.010071471641310724
7.321,1,-4.005325083437819,3.0046305735074,1.2025635350890265,0.007698789049048851
7.331,0,-3.9989718150829625,-3.004189708925425,1.197518944450641,0.010021456292951635
7.331,1,-4.005365488235647,3.0045651256612564,1.2025698518224979,0.007731629514816198
7.341,0,-3.9988750816000773,-3.0042005997065484,1.1974965581802863,0.009961382766753546
7.341,1,-4.005403997393622,3.0044981298284945,1.202575225310152,0.007758676381437185
7.35,0,-3.998778132348394,-3.004210163711701,1.1974775067905696,0.009900773361167368
7.35,1,-4.005440536042283,3.004429608051931,1.202578784202766,0.0077882430425477225
7.361,0,-3.9986811758677834,-3.004218562718613,1.197460938889678,0.009849330889544738
7.361,1,-4.005475053071057,3.0043595460010017,1.2025793727786869,0.007834245184589233
7.371,0,-3.9985843989805057,-3.0042259531856232,1.197445934177181,0.009797829072103598
7.371,1,-4.0055075149695,3.0042879010009043,1.2025761266127264,0.007911191172527436
7.382,0,-3.9984879674907923,-3.004232480795433,1.1974318449263073,0.009741607657298545
7.382,1,-4.005537900670976,3.004214611181875,1.2025684705900288,0.008028589905257457
7.391,0,-3.998392027259868,-3.004238277041654,1.1974182193710163,0.009678804732289688
7.392,1,-4.005566197849362,3.0041396028292806,1.2025560345700648,0.008191193768942602
7.401,0,-3.998296705385831,-3.004243457035826,1.1974047374120926,0.009609018688826047
7.401,1,-4.005592400147083,3.004062796199158,1.2025385879652137,0.008399784738376897
7.411,0,-3.998202111322333,-3.0042481182545444,1.197391091957779,0.00953615451803072
7.411,1,-4.005616504569071,3.0039841096138993,1.2025163091406101,0.008629338391407428
7.421,0,-3.9981083358660126,-3.004252338622849,1.197376648419313,0.009466570739745965
7.421,1,-4.005638511964877,3.0039034645246288,1.2024904732303991,0.008846910267002241
7.431,0,-3.998015445574967,-3.0042561709015985,1.1973608448292905,0.00940174969001164
7.431,1,-4.005658439066295,3.0038207996796067,1.2024622309005024,0.009051403737314242
7.441,0,-3.9979234770845866,-3.0042596376670745,1.1973432950567706,0.009344251355459295
7.441,1,-4.005676328177294,3.003736081998906,1.2024323916965352,0.009244771609570313
7.451,0,-3.99783243395406,-3.004262728637331,1.1973237378168509,0.009297182723004598
7.451,1,-4.005692252873961,3.003649312828811,1.2024015217725683,0.009428453945225682
7.461,0,-3.99774228562918,-3.0042653997378896,1.197301989462231,0.00926385154553414
7.461,1,-4.005706321075034,3.003560531133851,1.2023700217465436,0.009602694226601356
7.472,0,-3.997652967947028,-3.0042675736156697,1.1972777409592508,0.009263338048447346
7.472,1,-4.005718676477633,3.003469814872043,1.2023379586351457,0.009785147149145997
7.481,0,-3.997564386411582,-3.0042691422621415,1.1972495626671273,0.00933797209796193
7.481,1,-4.005729497419872,3.0033772822619462,1.2023046022133468,0.00998806559476536
7.491,0,-3.997476428704691,-3.0042699712918126,1.1972159949743462,0.00949267842188242
7.491,1,-4.005738989594145,3.00328309160623,1.2022692948535847,0.010199180543360352
7.501,0,-3.997388977964912,-3.004269905296305,1.1971760644923868,0.00972748776710838
7.501,1,-4.005747379749696,3.003187441794082,1.2022316094755607,0.010408854358472063
7.511,0,-3.997301922216181,-3.0042687731919755,1.1971291346165336,0.010038319276004966
7.511,1,-4.005754910585673,3.00309057144257,1.2021912813618818,0.010609343985695265
7.521,0,-3.9972151612809177,-3.0042663922011608,1.1970755955464245,0.010301661426143208
7.521,1,-4.005761835818009,3.0029927559528398,1.2021485539769643,0.010751358516474286
7.531,1,-4.005768413200216,3.0028943018555676,1.2021050887632727,0.010794288446114107
7.532,0,-3.9971286149798524,-3.004262571582623,1.1970186780111685,0.010395949006019832
7.541,0,-3.9970422363126548,-3.0042571277509764,1.1969612486897043,0.010364250923153132
7.541,1,-4.0057748938313615,3.002795539738388,1.2020623618350883,0.010758565419626439
7.552,0,-3.996956023396033,-3.0042498960575466,1.1969052636425979,0.010246751381243336
7.552,1,-4.005781510992572,3.0026968151549336,1.2020213925826333,0.01066096222574829
7.562,0,-3.996870026335374,-3.0042407384555583,1.19685203884418,0.010074190762755928
7.562,1,-4.005788472092434,3.0025984808116113,1.2019828787046807,0.010514245962708264
7.571,1,-4.005795953428437,3.0025008903803134,1.2019472960883726,0.01032789927775516
7.571,0,-3.9967843498716777,-3.0042295485071,1.196802452434415,0.009867927819974469
7.582,0,-3.9966991526316122,-3.0042162551393705,1.1967566668046052,0.009690899372454294
7.582,1,-4.0058040966912305,3.002404392879832,1.2019143615630759,0.010158767676203922
7.591,0,-3.9966146419346367,-3.004200823802484,1.1967132761230126,0.009577342820022934
7.591,1,-4.005813005043467,3.002309323415368,1.2018816736337814,0.010045039985706107
7.601,0,-3.9965310650592403,-3.00418324644465,1.1966709710921224,0.009496579187404153
7.601,1,-4.0058227404510705,3.0022159929620953,1.201847126273254,0.009967786585141417
7.611,0,-3.996448699943376,-3.0041635336723935,1.1966288383100947,0.009430434116552634
7.611,1,-4.00583332112994,3.0021246786078497,1.201809330502237,0.009921955884308276
7.621,0,-3.996367846528274,-3.004141709133781,1.1965862432670615,0.009367800185150026
7.621,1,-4.005844720652075,3.002035616966685,1.2017673819476098,0.009907785780939893
7.631,0,-3.9962888191572445,-3.0041178050644,1.1965427526641887,0.009302273109639332
7.631,1,-4.005856868690274,3.0019490006896246,1.2017207069188462,0.009926018096988893
7.641,0,-3.9962119409732892,-3.004091858259378,1.1964984062268516,0.00918219765530435
7.641,1,-4.00586965306751,3.001864978132932,1.201669295036683,0.009925474841907186
7.652,0,-3.996137540233629,-3.0040639054745277,1.196454924034686,0.008945068496650478
7.652,1,-4.005882925401829,3.0017836598193957,1.2016147980544292,0.009827867083842187
7.661,0,-3.996065936290887,-3.0040339869234107,1.1964139648709704,0.00862713941325742
7.661,1,-4.005896512411894,3.0017051263569265,1.2015588707290257,0.009651861807635727
7.671,0,-3.9959974279010884,-3.004002147505874,1.196376627443228,0.0082589271160029
7.671,1,-4.005910229259386,3.0016294400716883,1.2015026711070316,0.009415911943150538
7.682,0,-3.9959322861033164,-3.003968436250271,1.1963436388517021,0.007865238323186035
7.682,1,-4.0059238904196075,3.001556654925415,1.2014470088191436,0.009134185202462982
7.691,0,-3.995870749557233,-3.0039329056690405,1.1963154551813566,0.007466632218510661
7.691,1,-4.0059373178698525,3.0014868234737935,1.2013924600050514,0.008817078785917875
7.702,0,-3.995813021008899,-3.003895611341045,1.1962921227946817,0.007100092632875728
7.702,1,-4.005950346864402,3.001420001740097,1.2013395367035493,0.008453480413483086
7.712,0,-3.995759260445552,-3.0038566107101015,1.1962725024695704,0.006792048337563521
7.712,1,-4.005962826488331,3.0013562521416226,1.2012891186318633,0.008026448830743922
7.721,0,-3.995709581148942,-3.0038159536429077,1.1962554398867422,0.006527971922133303
7.721,1,-4.005974610693864,3.0012956396726165,1.2012419564604773,0.007554158973551633
7.731,0,-3.9956640438208937,-3.003773674435424,1.1962401117528696,0.0063033453637088895
7.731,1,-4.005985547867113,3.001238228349258,1.2011985692233809,0.007049791849284015
7.741,0,-3.9956226528888417,-3.0037297870853523,1.1962259226810776,0.006118781039352237
7.741,1,-4.0059954737844485,3.001184079052965,1.2011593059748864,0.006523989264434285
7.751,0,-3.995585356078776,-3.0036842825997314,1.1962124414081956,0.005977348882954881
7.751,1,-4.006004207526153,3.0011332480768553,1.2011243909914884,0.005985385229627619
7.761,0,-3.9955520453057036,-3.0036371284303836,1.1961990849551296,0.005898173100081752
7.761,1,-4.006011549913781,3.001085785464216,1.2010937798833616,0.005465603613418205
7.771,0,-3.9955225580665843,-3.003588271336377,1.1961844660857386,0.005899580075521172
7.771,1,-4.006017285139823,3.001041732208508,1.2010667813180995,0.004985275392717593
7.781,0,-3.995496686604567,-3.003537641529999,1.1961674011438403,0.005981186047638772
7.781,1,-4.006021184147982,3.0010011201132003,1.201042768420809,0.00453268656239129
7.792,0,-3.9954741839120747,-3.003485158570695,1.1961470762236555,0.006141370615830998
7.792,1,-4.006023009200077,3.0009639700993107,1.2010213071706692,0.004103273901493107
7.801,0,-3.995454768840836,-3.0034307365490904,1.196122926505632,0.006374817336079205
7.801,1,-4.006022518182075,3.000930290735767,1.2010020957702883,0.003698331391108005
7.811,0,-3.9954381323837023,-3.003374287493814,1.1960948665566293,0.0066374403617034524
7.811,1,-4.006019470379404,3.000900074981475,1.2009841953666427,0.0034149181562776166
7.821,0,-3.9954239470881463,-3.003315722187715,1.1960639324595468,0.0068837190373684624
7.821,1,-4.006013633132288,3.000873296214923,1.200965001257533,0.0033254644068306236
7.831,0,-3.9954118763495385,-3.0032549528708907,1.196031064600006,0.0071192010139274784
7.831,1,-4.006004779343288,3.0008499152210604,1.200942427704727,0.0034435131282882225
7.841,0,-3.995401586350712,-3.003191893733788,1.1959968773925689,0.007350799954711342
7.841,1,-4.005992689077824,3.0008298805720375,1.2009150757841929,0.0037638548947653283
7.851,0,-3.995392756063743,-3.0031264611689337,1.1959617666467315,0.007582770752079162
7.851,1,-4.0059771517751495,3.0008131283166244,1.2008820312326556,0.004253591560382359
7.861,0,-3.9953850844040195,-3.003058574343355,1.1959259911299918,0.007818526210781107
7.862,1,-4.005957968016797,3.000799582096257,1.2008427018610344,0.004868306649764215
7.871,0,-3.995378294934928,-3.0029881565013525,1.195889592102149,0.008075115102119874
7.871,1,-4.005934950358825,3.0007891540431855,1.200796842028515,0.005539326649422734
7.881,0,-3.995372140366026,-3.0029151434945316,1.1958520139862547,0.008369731839418191
7.881,1,-4.005907924492999,3.0007817454020613,1.2007448890170025,0.0062007691818086975
7.891,0,-3.9953664105463407,-3.002839506189552,1.195812707994578,0.008687937781586766
7.891,1,-4.005876738910062,3.000777240518373,1.2006873573803938,0.006853180752129064
7.901,0,-3.9953609384735547,-3.002761274303781,1.195771295169055,0.009017229297121676
7.901,1,-4.00584127295719,3.0007755021270643,1.2006246368111515,0.0074970772513504
7.911,0,-3.995355602772076,-3.0026805519895268,1.195727515503653,0.009345993763864757
7.911,1,-4.005801441071946,3.000776369384236,1.2005570334863864,0.008132750080742667
7.92,0,-3.9953503277133198,-3.0025975261669404,1.1956811915438057,0.009663968793270054
7.92,1,-4.005757194798541,3.0007796574165932,1.2004847930680098,0.008759122048064599
7.931,0,-3.99534508151444,-3.0025124690356515,1.1956323861039189,0.009927499159563454
7.931,1,-4.005708522032159,3.000785158692898,1.2004083761382938,0.009322508044984726
7.941,0,-3.9953398729240592,-3.0024257304167157,1.1955829413131556,0.010033516260720982
7.941,1,-4.005655447293933,3.000792646328268,1.2003288235094098,0.009803733935289511
7.9510000000000005,0,-3.995334743842868,-3.002337716575351,1.1955350757284227,0.010015490923523857
7.9510000000000005,1,-4.005598040991861,3.000801877054706,1.2002469666228575,0.010227624005021653
7.961,0,-3.99532976056613,-3.0022488596638346,1.1954902874880788,0.00991046826289921
7.961,1,-4.005536423839898,3.0008125960228687,1.200163375560614,0.010608116688193142
7.971,0,-3.995325006648702,-3.0021595912194434,1.1954495622379433,0.009746504434131088
7.971,1,-4.005470767565452,3.000824541253649,1.2000784559604165,0.010953212662118371
7.981,0,-3.9953205776678145,-3.002070322732005,1.1954138066827846,0.009518232095048032
7.981,1,-4.005401292779686,3.000837447463562,1.199992675032159,0.011229283361314155
7.991,1,-4.005328260775084,3.0008510503408843,1.1999070509510044,0.01141178973828346
7.991,0,-3.9953165808943614,-3.0019814347769107,1.195384632894941,0.009237343461145799
8.001,0,-3.995313142098323,-3.001893275541984,1.1953633150472354,0.008952629285777619
8.001,1,-4.005251961221901,3.000865091606686,1.199822441299006,0.011526774159015235
8.012,0,-3.995310412582817,-3.0018061620059395,1.1953506698834553,0.008701535957301538
8.012,1,-4.005172697327505,3.0008793245207697,1.1997394241727337,0.011592383036028425
8.021,0,-3.995308573249741,-3.001720381552129,1.195347185044584,0.008511875013761572
8.021,1,-4.005090773884421,3.000893518181364,1.199658386944973,0.011620853538663583
8.032,0,-3.9953078361786933,-3.0016361938843446,1.1953531200838305,0.00840259665442678
8.032,1,-4.005006488562201,3.000907460578536,1.1995795832632505,0.011620955717400936
8.041,1,-4.004920126676043,3.000920960925139,1.1995027109343481,0.011686998139494718
8.042,0,-3.995308443958535,-3.001553832591405,1.1953683437917983,0.00836396623284773
8.052,0,-3.995310663516935,-3.001473502760745,1.195390245943342,0.0082945491322092
8.052,1,-4.004831961635418,3.0009338530937932,1.199425253279454,0.011924878887267175
8.061,1,-4.004742253015183,3.0009459987950513,1.1993448067239554,0.012276852979794257
8.062,0,-3.995314780919242,-3.001395386265596,1.1954156810556786,0.008160588144843741
8.071,0,-3.99532109508157,-3.001319647254074,1.1954424618740866,0.007967380519362063
8.071,1,-4.004651250468852,3.0009572902933317,1.1992597517802865,0.01270609242630952
8.082,0,-3.9953299104312094,-3.0012464338908096,1.1954690781261856,0.0077312949509068885
8.082,1,-4.004559198114433,3.000967651817783,1.199169011029689,0.013188205361104696
8.091,0,-3.995341530928769,-3.001175879636248,1.1954944905398788,0.007470731521000747
8.091,1,-4.00446633738533,3.000977039654195,1.1990718856696436,0.013706352298538827
8.102,0,-3.9953562560990257,-3.0011081049973174,1.1955182475565187,0.0072309199963990125
8.102,1,-4.004372908419025,3.000985441037082,1.1989682514595126,0.014189718568904193
8.111,0,-3.9953743819756937,-3.00104322265655,1.1955418617105242,0.007077479588209388
8.111,1,-4.004279148868799,3.0009928731950843,1.198858928114393,0.014602348012518923
8.121,0,-3.99539619084185,-3.0009813334854845,1.1955670772095126,0.007006071251676652
8.121,1,-4.004185289879775,3.0009993850602967,1.1987446459010427,0.014960121282057212
8.131,0,-3.9954219433460754,-3.000922524535523,1.195595063130541,0.0070179157366951385
8.131,1,-4.004091551422305,3.0010050573792477,1.198625932894238,0.015276043508554877
8.141,1,-4.003998139001749,3.001010001580416,1.1985031727063182,0.01555897178893037
8.142,0,-3.9954518752515207,-3.00086686972552,1.1956265772631174,0.007114402949788019
8.152,0,-3.9954861934441666,-3.000814429021934,1.195661668890031,0.007229653228476137
8.152,1,-4.00390524188402,3.001014357295373,1.1983774820472026,0.0156385043971264
8.161,0,-3.995525062821343,-3.000765240472203,1.1956981591970077,0.007268008866145619
8.161,1,-4.003813030105336,3.0010182878487783,1.1982526858896345,0.01538549292043869
8.171,0,-3.9955686001311532,-3.0007193161681687,1.1957338809315583,0.007266226860722436
8.171,1,-4.003721642623,3.001021975549346,1.1981320568972873,0.014909606760714471
8.181,1,-4.003631177010858,3.0010256148026997,1.1980178027730843,0.01429038404100758
8.181,0,-3.995616862081638,-3.0006766329888546,1.1957673353831588,0.0072602145697251924
8.192,0,-3.995669836082833,-3.0006371247738084,1.1957974965594205,0.007276988362280997
8.192,1,-4.003541683775739,3.0010294061913183,1.1979114077605564,0.013587585665924549
8.201,1,-4.003453163991379,3.0010335518779176,1.1978138412338575,0.012845973172459186
8.202,0,-3.995727436088247,-3.0006006780014496,1.1958236611067015,0.007332299654954706
8.212,0,-3.9957895023648113,-3.000567130141074,1.195845383352585,0.007437617905791925
8.212,1,-4.003365569182879,3.00103825220322,1.1977257087615885,0.012105687409648052
8.222,0,-3.9958558083063807,-3.0005362728819764,1.195863239127329,0.007613983141868187
8.222,1,-4.003278803935393,3.0010437024217813,1.1976470352607744,0.011426740379923505
8.231,1,-4.003192740022665,3.0010500869503574,1.197577471201221,0.010818629617707264
8.232,0,-3.9959260694678234,-3.0005078590507472,1.1958784180808861,0.007829270500937837
8.241,0,-3.9959999561267483,-3.00048161379492,1.1958917582713497,0.008057042825384017
8.241,1,-4.00310723780989,3.001057572096718,1.1975167007340053,0.010283836925675062
8.25,0,-3.9960771089573663,-3.0004572474529105,1.1959038312709565,0.00828071821483723
8.25,1,-4.00302216303167,3.001066300386475,1.1974644457792698,0.009823348813088212
8.262,0,-3.996157151574853,-3.0004344658949607,1.1959150129592713,0.008489752762560945
8.262,1,-4.002937398731789,3.0010763868143893,1.1974204556773802,0.009438322969313491
8.271,0,-3.9962397014254383,-3.0004129791613883,1.1959260145533854,0.00869318193113766
8.271,1,-4.002852853115636,3.0010879159976698,1.1973839873348784,0.009183534524596379
8.281,1,-4.0027684632798675,3.0011009408159417,1.197351884364648,0.009091145041512316
8.282,0,-3.9963243784852343,-3.000392509155884,1.1959390021829708,0.008903497056296195
8.291,1,-4.00268419439876,3.001115495330851,1.1973211898552032,0.009092707031457686
8.291,0,-3.996410803136845,-3.0003727938039253,1.195955789482572,0.00912207887759147
8.301,0,-3.9964985976843175,-3.0003535924170386,1.195977550419796,0.009352687985617393
8.301,1,-4.002600036696704,3.0011316060310462,1.1972898775502168,0.009155415818698618
8.311,0,-3.9965873888238175,-3.0003346897537253,1.1960050142343488,0.00959659733520807
8.311,1,-4.002516002520058,3.001149298742727,1.1972565669399495,0.009263251964464142
8.321,0,-3.996676809914607,-3.0003158982977656,1.1960390459139545,0.009896913864870054
8.321,1,-4.002432123646867,3.0011686040622227,1.1972207906600656,0.009357771715427047
8.332,0,-3.9967665016271487,-3.0002970560087596,1.1960817904776,0.010312731705634223
8.332,1,-4.002348447409334,3.001189560638652,1.1971839765404182,0.009388044072964927
8.341,0,-3.9968561085301944,-3.0002780168791503,1.1961349813859505,0.010846240292573948
8.341,1,-4.002265029551622,3.0012122088384823,1.1971474778223272,0.009373387172109714
8.352,0,-3.9969452776345635,-3.0002586418096158,1.1961997040648265,0.011488097868709957
8.352,1,-4.002181927433034,3.0012365863804384,1.1971121975318597,0.009330798496750597
8.361,0,-3.997033658218772,-3.000238792126343,1.1962765926662695,0.012221990020256706
8.361,1,-4.002099194967329,3.001262725922038,1.1970787327729617,0.009272609431590683
8.371,0,-3.9971209028273758,-3.0002183256440933,1.1963656058684489,0.012948271999500296
8.371,1,-4.002016879050785,3.0012906534506163,1.1970474652120022,0.009210355341865978
8.382,0,-3.9972066740148375,-3.000197098168344,1.1964647278489133,0.013532087021985485
8.382,1,-4.00193501800147,3.0013203866746907,1.19701851410094,0.009153024976372034
8.392,0,-3.9972906565268578,-3.0001749713421257,1.1965719117000846,0.013997036829652627
8.392,1,-4.001853643279273,3.0013519331952936,1.1969919026253202,0.009102535487188342
8.402,0,-3.997372569947516,-3.0001518222253774,1.1966856875293965,0.014373294677865236
8.402,1,-4.001772781946076,3.001385288860191,1.1969676223694217,0.009059441645016743
8.411,1,-4.001692458462405,3.0014204368981026,1.1969456495054824,0.009023800715947772
8.411,0,-3.9974521774398255,-3.0001275505155367,1.1968050219535165,0.01468557196294326
8.421,0,-3.9975292908931466,-3.0001020834032586,1.1969291583848694,0.014950558690972773
8.421,1,-4.001612695903974,3.0014573476793105,1.1969259441354778,0.008995103469548953
8.432,0,-3.9976037733075276,-3.0000753785148504,1.1970574665713976,0.015164645799105904
8.432,1,-4.001533516716203,3.0014959788418074,1.1969083883874945,0.00897696893242304
8.441,1,-4.00145494303508,3.001536274298066,1.1968923765329733,0.008974288656652658
8.442,0,-3.997675539565937,-3.0000474246466156,1.1971890500184368,0.015305072124900345
8.452,0,-3.997744553134411,-3.0000182371443227,1.1973230952631095,0.015393010058515563
8.452,1,-4.001376997452116,3.00157816220839,1.1968772829579348,0.008979506286426893
8.461,0,-3.9978108219922155,-2.9999878520750114,1.197459011252744,0.015444161000897213
8.461,1,-4.001299703457622,3.001621552287309,1.1968626672315161,0.008987445484050295
8.471,0,-3.997874394607562,-2.9999563215023226,1.197596362663285,0.015470310031439014
8.471,1,-4.001223085455324,3.0016663342741072,1.19684821828677,0.008994465903202386
8.481,0,-3.997935355767194,-2.999923709661428,1.1977347596845795,0.015460017606777565
8.481,1,-4.001147168732306,3.0017123779295236,1.1968338462888661,0.008990607453823445
8.492,0,-3.997993821592569,-2.999890092887821,1.1978734452758626,0.015381372055618804
8.492,1,-4.0010719809564055,3.0017595366062677,1.1968204186354168,0.008961769294716064
8.501,0,-3.9980499273080774,-2.9998555679349836,1.1980116901538194,0.015252483493496553
8.501,1,-4.000997556446907,3.001807655756587,1.1968088852099592,0.008915748677816008
8.511,0,-3.9981038147495522,-2.999820262025937,1.1981489662950415,0.015087189135961483
8.512,1,-4.0009239413510524,3.001856583685873,1.1967998759855074,0.00885940462715121
8.521,0,-3.9981556231306667,-2.9997843390005663,1.1982848884829012,0.014894727450941085
8.521,1,-4.000851197327111,3.0019061799520173,1.196793795163892,0.008797586870175962
8.531,0,-3.998205482288297,-2.9997480020878466,1.1984191861303204,0.014681723458637046
8.531,1,-4.0007794036540165,3.001956320994311,1.196790884484286,0.008733293539707978
8.541,0,-3.998253507931971,-2.9997114938769456,1.198551622796917,0.014441447229179881
8.541,1,-4.000708657984714,3.0020069036132413,1.1967912651793393,0.008668157745839225
8.551,1,-4.000639073046811,3.002057845972526,1.196794893783206,0.008602527784372161
8.551,0,-3.9982997980820913,-2.999675092430783,1.1986818419359537,0.014164024247342342
8.561,0,-3.998344429125163,-2.9996391017653137,1.1988095308728977,0.013856364286714693
8.561,1,-4.000570765029521,3.002109085201925,1.1968016784121,0.00853702044812841
8.571,0,-3.9983874532832133,-2.9996038413007824,1.198934458118772,0.013523530263586584
8.571,1,-4.000503841193812,3.0021605741195745,1.196811526304992,0.008473020445690704
8.581,0,-3.998428897694491,-2.9995696369564895,1.199056456019805,0.013170554154065869
8.581,1,-4.0004383910769805,3.0022122786860965,1.1968243405098284,0.008412337835332163
8.591,0,-3.9984687646740213,-2.9995368139335694,1.1991754154019518,0.012800737816388187
8.591,1,-4.000374480759111,3.002264176043588,1.1968400266703658,0.008356985460500425
8.601,0,-3.9985070326600183,-2.999505691409424,1.1992914636024328,0.012467511523592068
8.601,1,-4.000312149228584,3.002316252852961,1.1968583058773405,0.008296690157284238
8.611,1,-4.00025140753435,3.002368504051961,1.196878063864635,0.008213163575464578
8.611,0,-3.998543656058505,-2.999476582770048,1.1994054525668256,0.012211658303240183
8.621,0,-3.998578564865916,-2.9994498017339564,1.199518121010129,0.012007041674265287
8.621,1,-4.000192246225652,3.0024209327907467,1.196898258061002,0.008112495636800424
8.631,0,-3.9986116635662214,-2.9994256694646784,1.199629962039083,0.01183635977481313
8.631,1,-4.000134642906161,3.0024735503109934,1.1969181805531688,0.008001822652838886
8.641,0,-3.9986428310973694,-2.999404518773134,1.1997412936466332,0.011688596474260396
8.641,1,-4.000078567689666,3.002526375409278,1.196937351245219,0.007887198548707435
8.651,0,-3.998671921908783,-2.9993866956638655,1.1998523156881156,0.011556883059472816
8.651,1,-4.000023987208746,3.002579433559593,1.196955334669704,0.007765588775721505
8.661,0,-3.998698770406591,-2.9993725543988985,1.1999631366620302,0.011438860172408855
8.661,1,-3.999970867652262,3.002632753421627,1.196971257911681,0.007633743472841661
8.671,0,-3.9987232025369215,-2.9993624393165677,1.2000738261139015,0.011336599717685419
8.671,1,-3.999919179960919,3.002686357283466,1.196984370790467,0.007503487697976362
8.681000000000001,0,-3.9987450482215796,-2.999356665567157,1.2001844224767197,0.011253398182853865
8.682,1,-3.999868903542453,3.0027402512278356,1.1969941802151836,0.007382818810603773
8.691,0,-3.9987641508089093,-2.9993555057923245,1.2002949480186753,0.011192917947705947
8.691,1,-3.999820028155961,3.0027944185546462,1.1970003747314437,0.007276179166301492
8.701,0,-3.9987803739398737,-2.9993591817448357,1.200405401529203,0.011156656779846202
8.701,1,-3.9997725553783825,3.002848816331807,1.1970033025085685,0.007187581248411864
8.711,0,-3.998793607460986,-2.999367859625565,1.200515737711062,0.011144507565700281
8.711,1,-3.9997264990921844,3.0029033775751346,1.1970046903955194,0.007103623612096732
8.721,0,-3.9988037743359555,-2.9993816487067897,1.2006259051609194,0.011159601142006268
8.721,1,-3.9996818813866213,3.0029580203274615,1.1970059720306994,0.0070158530767155365
8.731,0,-3.998810836212785,-2.9994006022156263,1.2007358664325019,0.011205006945175938
8.731,1,-3.9996387305008794,3.003012657261928,1.1970081242427144,0.0069242153337559864
8.741,0,-3.9988147963661262,-2.999424719791095,1.2008456110849328,0.011281512852275237
8.741,1,-3.999597079489964,3.003067202894889,1.197011810156927,0.00683142016381595
8.751,0,-3.9988157007572918,-2.9994539507072515,1.2009551326085746,0.011386739515397514
8.751,1,-3.9995569650782508,3.003121578766368,1.1970174751585538,0.006740716357638838
8.76,1,-3.9995184264719414,3.0031757169900763,1.1970252848112952,0.006650218638947728
8.761,0,-3.998813638119504,-2.9994881971275054,1.201064248720897,0.011471722330400483
8.772,0,-3.998808743330115,-2.999527319465167,1.2011721712963834,0.011500714946647936
8.772,1,-3.9994815039156326,3.003229561371707,1.1970347055124575,0.00655139433385619
8.781,0,-3.998801204988439,-2.9995711531628007,1.2012782263386332,0.011499067069377705
8.781,1,-3.9994462395343238,3.003283063969876,1.1970451674768845,0.006443739503788422
8.791,0,-3.9987912733080937,-2.99961952182837,1.201381970875002,0.011482425779269546
8.791,1,-3.9994126775852923,3.0033361808449097,1.1970562748983196,0.006327986965764648
8.801,0,-3.998779263499326,-2.999672246699526,1.2014831166981093,0.011460347469019732
8.801,1,-3.999380864119672,3.0033888690040693,1.197067748137897,0.006205075384886796
8.811,0,-3.9987655550151917,-2.9997291542065643,1.201581566956388,0.011459705517452453
8.811,1,-3.99935084668408,3.003441084258789,1.1970795262888745,0.00608224257332861
8.822,0,-3.9987505843301285,-2.999790079824912,1.2016778023909187,0.011519988999643708
8.822,1,-3.999322671729115,3.0034927794875776,1.1970919300619722,0.0059641344000530404
8.831,0,-3.998734826362334,-2.9998548563672287,1.201772388184155,0.011619644803669978
8.831,1,-3.9992963770504355,3.0035439032942195,1.1971052374259927,0.005850402275869835
8.841,0,-3.998718772053343,-2.9999233004183354,1.2018657187626294,0.011740735434641538
8.841,1,-3.9992719856827255,3.003594399192372,1.1971196330057103,0.005741205398374519
8.852,0,-3.998702910398635,-2.9999952039258986,1.2019580755115968,0.011870839529533299
8.852,1,-3.999249502100245,3.003644205413053,1.1971352375996225,0.005636737734872116
8.862,0,-3.9986877151836913,-3.000070329043834,1.2020496576278195,0.012000893120256564
8.862,1,-3.9992289101170235,3.0036932552091478,1.1971521239188054,0.005537356645579105
8.871,0,-3.9986736349894008,-3.0001484053027823,1.2021404214035971,0.012078021469690097
8.871,1,-3.999210171534792,3.0037414777278952,1.1971700028762726,0.005410003895993529
8.881,0,-3.9986610855054834,-3.00022912742005,1.2022290526877228,0.012017507679865272
8.881,1,-3.9991932242771204,3.003788798458463,1.1971869779209792,0.005211686969220511
8.891,0,-3.998650450245187,-3.0003121641661212,1.2023141586924728,0.011862879946187873
8.891,1,-3.999177987050553,3.003835133571676,1.1972012479213456,0.0049741597663204
8.902,0,-3.998642083724039,-3.0003971664018696,1.2023948117560546,0.011647674444261033
8.902,1,-3.9991643620658093,3.0038803850670557,1.1972116130427266,0.004730897618045152
8.912,0,-3.9986363134366956,-3.000483772293868,1.2024704123197234,0.011396461304494006
8.912,1,-3.999152236523339,3.003924438462511,1.1972173027999784,0.0045100084755765575
8.921,0,-3.998633441341431,-3.0005716119634274,1.202540599587,0.011125610162599752
8.921,1,-3.9991414842041006,3.00396716205927,1.1972178269444056,0.004333771758367819
8.931000000000001,0,-3.998633745671179,-3.0006603118148916,1.20260540962179,0.010883924827600523
8.932,1,-3.999131968170992,3.004008406138211,1.1972136656614871,0.004186628252338345
8.941,0,-3.9986374827558806,-3.0007494999325623,1.2026658106546997,0.010699902016307765
8.941,1,-3.999123545408987,3.0040480013450517,1.1972080434627386,0.003997708577842539
8.951,0,-3.9986448809253763,-3.000838813069061,1.2027226936696944,0.010550655405423725
8.951,1,-3.9991160677028414,3.0040857661953577,1.1972038084222791,0.003768391522956383
8.961,0,-3.9986561368582567,-3.0009279041243597,1.2027766935265374,0.010423657164732453
8.961,1,-3.9991093861111917,3.004121511707133,1.19720288491595,0.0035372952406974886
8.971,0,-3.9986714141084514,-3.0010164476110255,1.2028282686839606,0.010311700448802034
8.971,1,-3.999103355261117,3.004155044404612,1.1972065624679158,0.0033535216733052166
8.981,0,-3.998690840859703,-3.001104143642021,1.202877333567909,0.010159614663108038
8.981,1,-3.9990978366785233,3.004186167662018,1.1972162717177657,0.0033231678060344533
8.991,1,-3.9990927020796025,3.0042146829912024,1.1972351108019734,0.0036516153203117966
8.991,0,-3.9987145061626763,-3.001190721896204,1.2029223220637701,0.009938028495683926
9.001,0,-3.998742468647059,-3.001275943206414,1.2029618508706974,0.009693339703816518
9.001,1,-3.9990878361455224,3.004240406011898,1.197265601997132,0.0043975354198756865
9.012,0,-3.9987747600092907,-3.0013596007078998,1.202995012352877,0.009461387085292988
9.012,1,-3.9990831401164346,3.004263177412298,1.197309387287045,0.005467530324307986
9.022,0,-3.9988113866213006,-3.0014415202008355,1.20302122082038,0.009269148724183263
9.022,1,-3.9990785342673663,3.0042828689950256,1.1973674849109976,0.006742294554377814
9.031,0,-3.9988523314330764,-3.0015215596286224,1.2030401263458295,0.009136030995406053
9.031,1,-3.9990739591720392,3.0042993868744894,1.1974405059270266,0.008138419167964083
9.041,0,-3.9988975557040796,-3.0015996080028975,1.2030514972704764,0.009073435998448393
9.041,1,-3.9990693762160783,3.0043126747584745,1.197528156742662,0.009422649517538975
9.052,0,-3.9989470005805807,-3.0016755821888323,1.2030550867435292,0.009089755008420833
9.052,1,-3.99906476993275,3.0043227179305374,1.1976270652293666,0.010340203512478621
9.061,1,-3.999060155580167,3.004329520179506,1.1977339173149915,0.010992856892035729
9.062,0,-3.999000589500533,-3.0017494193195513,1.2030507453061101,0.009189057132083157
9.071,0,-3.999058230164273,-3.0018210695630576,1.2030384135237868,0.009369269263187631
9.071,1,-3.9990555859774544,3.0043330865302247,1.1978464022807376,0.011462974314633775
9.081,1,-3.9990511548457253,3.004333413875088,1.19796291665509,0.011805998600211979
9.082,0,-3.999119816399077,-3.0018904908349637,1.203018085128992,0.009624022684708976
9.091,0,-3.999185230196337,-3.0019576450136345,1.2029897985869469,0.0099444798677415
9.091,1,-3.9990469973516625,3.004330484783687,1.1980823311178617,0.012061855508126362
9.101,0,-3.9992543445280897,-3.00202249492568,1.2029538113182356,0.010299233651196789
9.101,1,-3.999043288677943,3.0043242624880517,1.1982041869392255,0.012347408478934105
9.111,0,-3.999327025694559,-3.002085001946675,1.2029112997913292,0.010640129905182106
9.111,1,-3.99904023940427,3.004314687620614,1.1983293822799261,0.012748273914534135
9.121,0,-3.9994031232298037,-3.002145130599151,1.2028633894686507,0.01096160059581645
9.122,1,-3.9990380839226733,3.0043016865929175,1.1984587751512181,0.01322740845027679
9.131,0,-3.9994824623955174,-3.0022028520926947,1.2028108809433073,0.01126322700396152
9.131,1,-3.9990370689653454,3.0042851772347574,1.1985929173580963,0.013758558112114381
9.141,0,-3.9995648409720466,-3.002258145997149,1.2027543453751348,0.011545387142437427
9.141,1,-3.9990374446019326,3.004265072575109,1.1987321422651886,0.014324072303915322
9.151,0,-3.999650028558977,-3.0023110009626186,1.202694275886524,0.011795424766557441
9.151,1,-3.9990394567943417,3.004241284965202,1.1988764124281976,0.014845688642443624
9.161,0,-3.999737769105082,-3.002361414287394,1.2026315674571426,0.011986836680910239
9.161,1,-3.999043340241314,3.0042137342640647,1.1990245061852414,0.015235228863678374
9.172,0,-3.9998277846807535,-3.0024093942363916,1.2025670666494952,0.012129747456692416
9.172,1,-3.9990493159446934,3.0041823532395355,1.1991752208385502,0.015536326229316628
9.181,0,-3.999919781607384,-3.002454961703462,1.2025013544808738,0.012233197339935244
9.181,1,-3.9990575889716373,3.0041470956747425,1.1993277165383904,0.015780155922859758
9.192,0,-4.000013456615449,-3.0024981505605175,1.2024348292882419,0.012304014480864836
9.192,1,-3.9990683465392354,3.004107942996104,1.1994814043060595,0.015987467726804188
9.201,0,-4.000108501979587,-3.002539007626093,1.2023677573562908,0.012346692966897652
9.201,1,-3.999081756961127,3.0040649081949407,1.1996358654404073,0.016173228690132824
9.211,0,-4.000204610047993,-3.0025775919276456,1.2023004692576122,0.012341593469109161
9.211,1,-3.999097969886677,3.0040180366698688,1.1997910147991047,0.01639814691693038
9.221,1,-3.9991171178792277,3.0039674004685812,1.199947525444147,0.016704761387441324
9.222,0,-4.000301477587476,-3.0026139726082746,1.202233903669861,0.01226337466527967
9.231,0,-4.0003988091586065,-3.0026482284752127,1.2021689219115448,0.012130810302851338
9.231,1,-3.999139314583808,3.003913087844162,1.2001060075837546,0.017065893313507212
9.242,0,-4.0004963209035145,-3.002680446214029,1.2021061057889455,0.011958073414492969
9.242,1,-3.9991646546759236,3.0038551900088035,1.2002668481406502,0.017462000351193264
9.251,0,-4.000593743629927,-3.0027107183728736,1.2020458489878556,0.011755226891503713
9.251,1,-3.9991932144959303,3.003793790726741,1.2004302816840489,0.017880907471294588
9.261,0,-4.000690824983363,-3.0027391418380467,1.2019884085385015,0.011530136786188848
9.261,1,-3.999225052594814,3.003728959211219,1.2005964437560248,0.018314623086286647
9.272,0,-4.000787330768614,-3.002765816596828,1.201933985020522,0.01128273894672289
9.272,1,-3.9992602085438302,3.0036607476127215,1.2007649160595968,0.01863853721027156
9.281,0,-4.000883043233826,-3.0027908458553636,1.2018828728004844,0.011012507604766996
9.281,1,-3.9992986979282503,3.0035891985355145,1.2009335641220902,0.01876317215620292
9.292,0,-4.000977754084635,-3.0028143395228106,1.2018353098874501,0.01072567517189343
9.292,1,-3.9993405151792287,3.003514354623688,1.2011005258163228,0.018759058730434843
9.301,0,-4.001071257543782,-3.0028364173449558,1.2017914398489435,0.010426446591506641
9.301,1,-3.999385631484889,3.0034362740351743,1.2012645357603131,0.01867389474350385
9.311,0,-4.001163345646039,-3.002857210596428,1.201751345161634,0.010117277495475871
9.311,1,-3.999433992928057,3.003355042315542,1.2014247458766458,0.01853957901521245
9.321,0,-4.001253805933822,-3.0028768629204485,1.2017148016014483,0.009826368109766268
9.321,1,-3.999485520331695,3.0032707797281497,1.2015806132482105,0.01838178725265524
9.332,0,-4.001342425054698,-3.0028955306588445,1.2016803601786052,0.009582176774129186
9.332,1,-3.999540109987388,3.003183645126935,1.2017318947510585,0.018218901686850593
9.341,0,-4.001428997736147,-3.0029133797703653,1.2016466378657655,0.009364482517386098
9.341,1,-3.99959763325632,3.003093838340474,1.20187847453213,0.01805344529657749
9.351,0,-4.0015133376878165,-3.0029305837946896,1.2016126961193774,0.009163548229549835
9.351,1,-3.999657937004318,3.003001600230631,1.2020202956288017,0.01788507917476699
9.361,0,-4.001595285794075,-3.002947322487788,1.201577899005665,0.008975564163029606
9.361,1,-3.999720845134419,3.0029072109789174,1.2021573377677475,0.01771208145207309
9.371,0,-4.001674714344127,-3.0029637803839364,1.201542172441751,0.008757587719504524
9.371,1,-3.9997861611685077,3.0028109867204704,1.2022897499717156,0.01756188492983855
9.381,0,-4.001751523599499,-3.002980145192736,1.201507209343151,0.008453961666340258
9.381,1,-3.9998536720197144,3.0027132714999616,1.2024183483761672,0.017465597277115823
9.391,0,-4.001825636725394,-3.002996605816136,1.2014746837654595,0.008094096623418603
9.391,1,-3.9999231489254994,3.0026144221540276,1.2025439187800833,0.017396349707854634
9.401,1,-3.9999943497606596,3.002514791300728,1.2026670091572798,0.017336282837283022
9.402,0,-4.001896990310025,-3.003013349256192,1.2014457184223406,0.0077042830965771535
9.411,0,-4.00196552599485,-3.003030557846347,1.2014210565102927,0.007305755071154431
9.411,1,-4.000067021934673,3.0024147142376405,1.2027880048753523,0.017273467065018325
9.421,0,-4.002031184732321,-3.0030484069858123,1.2014011744857334,0.006915346086650822
9.421,1,-4.0001409050719605,3.0023144997334925,1.202907168239563,0.01720013316618233
9.431000000000001,0,-4.002093903264058,-3.0030670632473098,1.2013862928301697,0.006553010243706979
9.431000000000001,1,-4.000215733411232,3.0022144239682014,1.203024708092401,0.017121297847444147
9.44,0,-4.002153615540837,-3.003086681017087,1.201375424455049,0.00624334037217412
9.44,1,-4.000291236952941,3.0021147280998313,1.2031412093608373,0.01707122396013169
9.451,0,-4.002210253573504,-3.0031073965884736,1.2013670893211967,0.005965490897760586
9.451,1,-4.0003671360204125,3.002015623394557,1.2032573765234267,0.01703776465756872
9.461,0,-4.002263749780296,-3.0031293214583106,1.2013602613220633,0.005707252229952555
9.461,1,-4.000443133750954,3.0019173002518533,1.2033736952216545,0.01700802228414772
9.47,0,-4.002314041629212,-3.003152537315249,1.2013542336500138,0.00546413162958651
9.47,1,-4.000518911959913,3.001819935532172,1.203490490863515,0.016972521943534546
9.481,0,-4.002361075160791,-3.0031770933785182,1.2013485160031123,0.005235361074202157
9.481,1,-4.00059412980884,3.001723698099864,1.2036080527934676,0.016939458877016835
9.491,0,-4.002404808188535,-3.003203004318446,1.201342747817446,0.005021681233817144
9.491,1,-4.000668425748775,3.0016287525468477,1.2037268589422232,0.016916044243772944
9.501,0,-4.002445213860749,-3.003230247035387,1.2013366792922677,0.004823944995033322
9.502,1,-4.0007414241536985,3.0015352600276826,1.2038472889022318,0.016893360830980544
9.511,0,-4.002482283521111,-3.003258758672761,1.201330142186698,0.004642779214053592
9.511,1,-4.0008127426235855,3.001443378243142,1.2039696017406263,0.01686617211559089
9.521,0,-4.002516028340475,-3.0032884368471944,1.2013230222217781,0.004478019829411274
9.521,1,-4.000881998257772,3.001353261162315,1.204093965387516,0.016831529961663698
9.531,0,-4.00254647994782,-3.0033191414254277,1.2013152479261933,0.004328720726225204
9.531,1,-4.000948812830029,3.0012650585653953,1.2042204833689212,0.016787878279024622
9.54,0,-4.0025736905352245,-3.0033506973570723,1.201306678026423,0.004198215994158044
9.541,1,-4.001012818667237,3.001178914355253,1.204348692293279,0.016629689545172913
9.551,0,-4.002597732008206,-3.0033829007623374,1.201296888209571,0.004091085142820774
9.551,1,-4.001073670618961,3.00109496394003,1.20447636763834,0.016273455169749686
9.561,0,-4.002618691732809,-3.0034155308977915,1.2012855132124212,0.004006500474607702
9.561,1,-4.001131056520917,3.001013340025679,1.2046015691664127,0.015776452200216583
9.572,0,-4.002636668894111,-3.0034483614583767,1.201272313051828,0.003943751751557298
9.572,1,-4.00118471001,3.000934175021587,1.2047229801254353,0.015180191070355785
9.582,0,-4.0026517714776535,-3.0034811692389494,1.201257129195577,0.0039021220222895552
9.582,1,-4.00123441978918,3.0008576013305426,1.2048397137916418,0.014516124699378807
9.59,0,-4.002664113507052,-3.003513740553163,1.2012398636229082,0.003880992531845964
9.59,1,-4.0012800345892305,3.0007837510213773,1.2049511947429234,0.01380686684205688
9.602,0,-4.002673811639049,-3.0035458755147144,1.2012208654892167,0.0038233017564655363
9.602,1,-4.001321466820733,3.0007127537940352,1.205056661599323,0.012987070658411764
9.611,0,-4.002680982565378,-3.0035773882768586,1.201201894199088,0.0036750479542666504
9.611,1,-4.001358695021189,3.000644731604729,1.2051541889594102,0.012010362063071026
9.621,0,-4.002685751441265,-3.0036081032847908,1.2011844794119304,0.0034655516825915973
9.621,1,-4.001391751587189,3.0005797974860196,1.2052421957690929,0.010937194506048775
9.631,0,-4.002688256418496,-3.003637850894509,1.201169652432477,0.0032242597950034274
9.631,1,-4.001420714808191,3.0005180512619885,1.2053196514266296,0.009811984682076126
9.641,0,-4.002688650421792,-3.0036664643139295,1.2011580907339316,0.0029773864068929146
9.642,1,-4.001445702724734,3.0004595757905874,1.2053859004529697,0.00867068878136964
9.652,0,-4.00268710182033,-3.0036937778973676,1.2011501453589004,0.0027529494504557324
9.652,1,-4.0014668652243355,3.000404436486471,1.205441079720636,0.007645910400095391
9.662,0,-4.0026837912795585,-3.003719627631561,1.2011456259002642,0.002565299041749842
9.662,1,-4.001484371768726,3.0003526863857495,1.2054879450398828,0.006861981725876963
9.671,0,-4.002678898027687,-3.003743853669432,1.2011442487751287,0.0024100630534514937
9.671,1,-4.001498417246834,3.0003043558022515,1.2055292315509352,0.006242542413232504
9.681000000000001,0,-4.002672586078366,-3.00376630342703,1.2011457946119872,0.00228594191865895
9.681000000000001,1,-4.001509220209971,3.0002594486876326,1.2055668505153683,0.005738833014791318
9.691,0,-4.00266499480696,-3.0037868339049187,1.2011500853510966,0.0021942251472980064
9.691,1,-4.001517017226327,3.0002179436305436,1.2056021322062829,0.00532234678877427
9.701,0,-4.002656233310425,-3.003805313667154,1.2011567275715724,0.00211458013583498
9.701,1,-4.001522058711729,3.000179794265981,1.2056356839275995,0.004920637800283426
9.711,0,-4.0026463798485965,-3.0038216250149268,1.2011645325249538,0.002012474862870359
9.711,1,-4.001524605625986,3.0001449253660484,1.2056667765498033,0.004476992310875131
9.721,1,-4.001524920147828,3.0001132288230226,1.2056946704116713,0.004013447987435592
9.721,0,-4.002635485913586,-3.003835662479497,1.2011724725937125,0.0018921760844080814
9.731,0,-4.0026235824454846,-3.0038473325450408,1.2011798379361698,0.0017687735736080243
9.731,1,-4.001523260186199,3.000084556874322,1.2057188919330784,0.0035494841782959556
9.741,0,-4.002610685125239,-3.00385655374343,1.2011861351971902,0.0016620018450579004
9.741,1,-4.001519875782485,3.0000587181352336,1.2057391487608475,0.003102362041977257
9.751,0,-4.002596798559593,-3.00386325653771,1.2011910262532213,0.0015929450228480318
9.751,1,-4.001515006191925,3.0000354770118527,1.2057552738884425,0.0026891566014887605
9.761,0,-4.002581919512683,-3.0038673828947444,1.2011943151209383,0.00158189162569187
9.761,1,-4.001508877441005,3.000014555876971,1.2057673899424974,0.0023536083394885663
9.771,0,-4.0025660375240255,-3.0038688836119487,1.2011960087470155,0.001637091222477364
9.771,1,-4.0015017013956955,2.999995640247582,1.2057763796008134,0.002113899798438174
9.782,0,-4.00254913141561,-3.003867712100693,1.2011961411174765,0.001754816263287604
9.782,1,-4.001493679172072,2.9999783842562864,1.2057830313163782,0.0019467127079422295
9.791,0,-4.002531165684538,-3.0038638181237496,1.201194736423369,0.0019270895302156848
9.791,1,-4.001485003674729,2.9999624186458638,1.2057878914914244,0.0018356481973177071
9.801,0,-4.002512088624746,-3.003857143521154,1.2011918079397703,0.002145223182202888
9.801,1,-4.0014758611310475,2.999947358352288,1.2057913506912332,0.0017692422755809093
9.812,0,-4.002491832523324,-3.003847620462598,1.2011870798813702,0.00241545398456657
9.812,1,-4.001466431977464,2.9999328089339024,1.20579360145014,0.0017365614822232463
9.821,0,-4.002470319731296,-3.003835170352916,1.2011797854357629,0.002744495917914214
9.821,1,-4.001456888738731,2.9999183705143455,1.20579456866124,0.001736809148223305
9.831,0,-4.002447474557026,-3.0038197004671168,1.201169339785723,0.0031278704991456615
9.831,1,-4.001447390071744,2.999903638602986,1.2057941964925805,0.0017732180145447838
9.842,0,-4.0024232342074,-3.003801103421221,1.2011553705727271,0.0035565534411168887
9.842,1,-4.0014380757822146,2.99988820468657,1.2057924685561854,0.0018487026612022176
9.852,0,-4.002397556412579,-3.003779258024452,1.2011376461039218,0.004021159711169524
9.852,1,-4.001429063744528,2.999871657733754,1.205789401576254,0.0019655254031007295
9.862,0,-4.002370424240845,-3.003754030908887,1.2011160305039392,0.004513120697362081
9.862,1,-4.001420448301125,2.9998535863977103,1.2057850255422982,0.002125019209433012
9.872,0,-4.002341847993425,-3.0037252775223915,1.2010907989458648,0.0049764661242645974
9.872,1,-4.0014122999028245,2.9998335808786245,1.2057797195453281,0.002305745855383441
9.881,0,-4.002311860899589,-3.0036928462650976,1.2010634349366005,0.005367286545314132
9.881,1,-4.001404663651918,2.9998112362786675,1.2057749790728507,0.0024981449871597657
9.891,0,-4.002280508662287,-3.003656600845133,1.2010352432233606,0.005713717577884239
9.891,1,-4.001397552770203,2.999786166229849,1.2057720996827987,0.002733919832908793
9.901,0,-4.002247836792783,-3.0036164376049417,1.2010071104551925,0.006037187945960407
9.901,1,-4.001390943607049,2.9997580144932345,1.2057719558255484,0.0030342062117832635
9.911,0,-4.002213880856085,-3.0035722958068902,1.2009796374909285,0.006351588334083761
9.911,1,-4.001384773802513,2.999726462483466,1.2057751327740132,0.0034041350810273497
9.921,0,-4.002178659763869,-3.0035241634822034,1.2009532226844701,0.0066644117106042945
9.921,1,-4.001378942742489,2.9996912340332673,1.2057820122187002,0.0038373317230673346
9.931000000000001,0,-4.002142171599961,-3.00347208019903,1.2009280520596524,0.006987402545018729
9.931000000000001,1,-4.001373313670618,2.999652099328002,1.2057924993487412,0.004290583533695115
9.941,0,-4.002104393987882,-3.0034161388164424,1.2009037036453616,0.00733288769930459
9.941,1,-4.0013677183071215,2.9996088853442653,1.2058041732408233,0.0046845065434369575
9.951,0,-4.002065291902621,-3.0033564815658926,1.2008796680840739,0.007686508254095296
9.951,1,-4.001361967679194,2.999561472745555,1.205814444392271,0.005049833525722677
9.961,0,-4.002024827946088,-3.003293296017722,1.2008555920652186,0.008037273235861087
9.961,1,-4.001355863250304,2.9995097959527217,1.2058215584816163,0.00542358748524631
9.972,0,-4.001982970130475,-3.0032268113694163,1.2008312367647511,0.00837691852595343
9.972,1,-4.0013492055299915,2.999453845431021,1.2058243365657761,0.005828511460724854
9.981,0,-4.001939697148566,-3.0031572939812485,1.200806482994443,0.008694537964313201
9.981,1,-4.0013418004598815,2.9993936652671147,1.205822475282623,0.0062648988825188675
9.991,0,-4.001895000364884,-3.0030850408233767,1.2007816613159816,0.008973991214826145
9.991,1,-4.001333465711226,2.9993293481267207,1.2058175363013175,0.006698054267977618
10.001,0,-4.0018488818220455,-3.00301037012194,1.2007571992011314,0.009218171530295334
10.001,1,-4.0013240431999275,2.99926104591244,1.2058109905021563,0.007108315323265509
10.011,0,-4.001801350050814,-3.002933609512814,1.2007333858930247,0.009430403505190617
10.011,1,-4.001313409296056,2.9991889717650917,1.2058038577697705,0.007489045467742583
10.022,0,-4.001752416622898,-3.002855085774955,1.2007103980092635,0.009614088804762118
10.022,1,-4.0013014811264656,2.9991133973287485,1.205796835118889,0.007836940910809755
10.031,1,-4.0012882199464395,2.9990346483609867,1.205790406830166,0.008149093862603258
10.032,0,-4.001702093821521,-3.002775116991552,1.2006883299791824,0.009771763018690784
10.042,0,-4.001650393028816,-3.002694006445691,1.2006673731791704,0.009898302031307767
10.042,1,-4.001273631913119,2.9989530989441557,1.2057849371202891,0.008421975016909526
10.051,0,-4.001597326042596,-3.002612037699912,1.2006481472021924,0.009992637625316885
10.051,1,-4.001257761159525,2.998869161738743,1.2057807702040493,0.008653492912200621
10.061,0,-4.0015429133538305,-3.0025294710014965,1.2006311701985553,0.010063735796809673
10.061,1,-4.001240671996509,2.9987832732018576,1.205778150492633,0.008843255445926899
10.071,0,-4.001487191644565,-3.002446540245144,1.2006167724021497,0.010117992148520574
10.071,1,-4.001222431970164,2.9986958797368657,1.2057772436833931,0.008991780821930234
10.081,0,-4.001430218492825,-3.002363451366887,1.2006051536682565,0.010159468013852717
10.082,1,-4.001203099567633,2.9986074268793947,1.2057781557312142,0.009100394429991472
10.092,0,-4.0013720750170325,-3.0022803819607424,1.2005964320886622,0.010190811996171166
10.092,1,-4.001182715693717,2.998518351059266,1.2057809543001974,0.009171117291822376
10.102,0,-4.001312866845207,-3.002197481725364,1.2005907382680838,0.01021253144574491
10.102,1,-4.001161298407877,2.998429073555202,1.2057855365330328,0.009203887772310166
10.111,0,-4.001252719436109,-3.002114874289525,1.2005886790015121,0.010228141587088053
10.111,1,-4.001138842477245,2.99833999682012,1.2057908729102738,0.009194058695087078
10.121,0,-4.001191760070486,-3.0020326616082174,1.2005908429665682,0.010246823341850555
10.121,1,-4.001115325091046,2.9982515046934446,1.2057958789362522,0.009145093738754526
10.131,0,-4.001130096659464,-3.0019509286748725,1.2005975944101193,0.010275728291146723
10.131,1,-4.001090714371729,2.998163964665324,1.205799824737047,0.009062210059256668
10.141,1,-4.001064976215462,2.9980777294284224,1.2058022266828008,0.0089502963979578
10.142,0,-4.001067802585284,-3.0018697469804114,1.2006091378772668,0.010320059090057673
10.151,0,-4.001004907719044,-3.0017891767602434,1.2006251424761871,0.010365837681704187
10.151,1,-4.001038078666634,2.9979931381646945,1.2058031394319746,0.008813557904182093
10.161,0,-4.000941398090481,-3.001709270175795,1.2006442220384481,0.010396951933504985
10.161,1,-4.001009993274939,2.9979105156415637,1.205803633164365,0.00865235096891241
10.171,1,-4.0009806950039035,2.9978301642315475,1.2058046146766763,0.008469593943004778
10.171,0,-4.000877224243792,-3.0016300779553355,1.2006652361571972,0.010414221113755987
10.181,0,-4.000812311238726,-3.0015516546250884,1.2006873901041504,0.010421033129536062
10.181,1,-4.000950160302091,2.9977523578003393,1.2058066918402384,0.008270632169453517
10.191,0,-4.000746566774562,-3.001474061868754,1.2007101369917104,0.010420835216761525
10.191,1,-4.000918365333598,2.997677338151735,1.2058102729724411,0.00806153686504599
10.202,0,-4.000679887486037,-3.001397370505368,1.2007330908038705,0.010416262713819588
10.202,1,-4.00088528468701,2.997605313079932,1.2058156187815425,0.007848421160798017
10.211,0,-4.000612163663485,-3.0013216615162674,1.2007560788655631,0.01041690042530597
10.211,1,-4.000850890525844,2.9975364558295823,1.2058228748185564,0.007636662024590082
10.221,0,-4.000543284170187,-3.001247025162443,1.2007796900737213,0.010438591949249955
10.221,1,-4.000815153337209,2.997470907730227,1.2058320542812733,0.00743049401178248
10.231,0,-4.000473148373879,-3.00117355300257,1.200804606380861,0.010477503229018767
10.231,1,-4.0007780452956805,2.997408786577765,1.205843146628884,0.007233691023542863
10.241,0,-4.00040167825817,-3.001101329060869,1.2008312899334084,0.01053060751636728
10.241,1,-4.0007395438386775,2.9973501947405263,1.2058561335039886,0.007049217390671913
10.251,0,-4.000328826462288,-3.0010304239483987,1.2008600481786065,0.01059529102278777
10.251,1,-4.000699634151725,2.9972952250989233,1.2058709949221162,0.006879535081732895
10.261,0,-4.000254581083115,-3.000960891212318,1.2008910793270227,0.010669123517309205
10.261,1,-4.000658310757456,2.9972439652222906,1.2058877062208633,0.006726759035140411
10.271,0,-4.000178967916618,-3.0008927653471935,1.2009244629037858,0.01074531930347298
10.271,1,-4.000615578545196,2.997196499692513,1.2059061438542271,0.00658417276188811
10.281,0,-4.000102049504444,-3.0008260610643975,1.2009600088497414,0.010815104758039743
10.282,1,-4.000571455023808,2.9971529063593567,1.2059257076679832,0.006440078796222029
10.291,0,-4.000023918253276,-3.00076077440585,1.2009975000615742,0.0108780490534856
10.291,1,-4.000525974164834,2.997113245082204,1.205945834058998,0.006299620099360277
10.301,0,-3.99994468871109,-3.0006968841780606,1.2010367604887309,0.010933650333211718
10.301,1,-4.0004791902235155,2.997077544311042,1.205966138077056,0.006168245725435546
10.311,0,-3.999864491125257,-3.0006343534771656,1.2010776501422973,0.01098201992960141
10.311,1,-4.000431179631905,2.997045791784287,1.2059863615810376,0.006050080152860313
10.321,0,-3.99978346653431,-3.000573130807744,1.2011197526132782,0.010994963242634959
10.321,1,-4.000382041462004,2.9970179281016804,1.2060060321586445,0.005921925630530497
10.331,0,-3.9997017658541627,-3.0005131498914714,1.201161963761302,0.010960500773498407
10.332,1,-4.000331893402624,2.9969938467691413,1.206023759501087,0.0057718789600386166
10.341,0,-3.999619553714445,-3.0004543291526136,1.2012033921936134,0.010891214922882853
10.341,1,-4.000280857353784,2.9969734139031474,1.2060383950037972,0.0056266752656631116
10.352,0,-3.9995370129563645,-3.000396570558697,1.2012434271371824,0.01079595118594526
10.352,1,-4.000229046842492,2.9969564846305587,1.2060491854098923,0.00550803630844405
10.361,0,-3.9994543469942765,-3.0003397593537477,1.2012816472229035,0.010681069968868636
10.361,1,-4.000176558646486,2.996942914553597,1.2060556534635098,0.0054319856445306045
10.371,0,-3.9993717802720012,-3.000283764639091,1.2013176557841203,0.010539992039509399
10.372,1,-4.000123467215932,2.996932569666504,1.2060580171160828,0.005409939011669687
10.381,0,-3.999289555334773,-3.0002284424208603,1.2013507353593984,0.010369576811575146
10.382,1,-4.000069823755002,2.996925333082375,1.2060583272324734,0.005419954639837628
10.391,0,-3.9992079249081023,-3.0001736435269644,1.2013803031606864,0.010181611315060854
10.391,1,-4.000015664498377,2.996921093615735,1.2060584149159408,0.005446262174125058
10.401,0,-3.99912714371732,-3.0001192208805665,1.2014059837308957,0.00998462807957516
10.402,1,-3.999961018395256,2.9969197390136477,1.2060595357459607,0.005488896870416681
10.411,1,-3.9999059125294334,2.9969211525636394,1.206062547712812,0.005551454144801045
10.411,0,-3.9990474619040803,-3.0000650346100546,1.201427534964283,0.009784817020370467
10.421,0,-3.998969119953536,-3.0000109554944596,1.2014448107719995,0.00958697239552052
10.421,1,-3.9998503759405653,2.9969252108562725,1.206068027379261,0.005636560899016927
10.431000000000001,0,-3.998892344882327,-2.999956867052647,1.2014577744173907,0.009396434628123196
10.431000000000001,1,-3.9997944423726635,2.9969317814187204,1.206075895400001,0.005723135081485299
10.441,0,-3.998817346652514,-2.9999026650560907,1.2014666476542635,0.009216397746046425
10.441,1,-3.99973815288423,2.996940718506703,1.206083760821501,0.005775065259630634
10.452,0,-3.998744312153188,-2.9998482522142735,1.2014716796201386,0.00904668173674113
10.452,1,-3.9996815568564728,2.9969518702998155,1.2060893032177495,0.005813326366608686
10.462,0,-3.9986734001496056,-2.999793532180193,1.2014730624690566,0.008888794856225665
10.462,1,-3.99962471336726,2.9969650817927658,1.2060909624147667,0.005865569106905553
10.471,0,-3.998604738474139,-2.9997384052221743,1.2014709547874463,0.00874533555522598
10.471,1,-3.9995676921142858,2.99698019535568,1.2060877138135029,0.005952928207652707
10.481,0,-3.9985384231450616,-2.999682765298319,1.201465614500849,0.008616106500037272
10.481,1,-3.999510573553418,2.9969970514934463,1.2060789201228592,0.006085747278036691
10.491,0,-3.998474522009741,-2.999626497727618,1.2014581261329016,0.008492018585399247
10.491,1,-3.9994534461728732,2.9970154905275868,1.2060643674741405,0.006261418539884977
10.501,1,-3.9993963959667376,2.997035355664398,1.2060440270155268,0.006475509720536666
10.501,0,-3.9984130817456287,-2.9995694784265083,1.201449593992415,0.008372445588236941
10.511,1,-3.999339494563253,2.9970564967247895,1.2060179293134994,0.006723235394149495
10.511,0,-3.998354137429519,-2.999511573912245,1.2014407686512947,0.008260493723196266
10.522,0,-3.9982977206068164,-2.999452641767215,1.2014321505777663,0.008159890109128296
10.522,1,-3.9992827910416406,2.997078773155046,1.2059861352869745,0.007000577191852736
10.531,0,-3.9982438649710152,-2.9993925316305763,1.2014240804411447,0.00807417508005576
10.531,1,-3.999226306952192,2.997102056264345,1.2059487236528919,0.007303371845033908
10.542,0,-3.998192609756325,-2.9993310868112495,1.2014166572800637,0.008009916485728609
10.542,1,-3.999170033821842,2.997126230894473,1.2059058943053016,0.007609240294870014
10.551,0,-3.9981439998529287,-2.99926815037746,1.201409125580487,0.007975077593554826
10.551,1,-3.9991139333420045,2.9971511969043867,1.2058584784039807,0.00787527498236397
10.561,0,-3.9980980869072105,-2.999203580588264,1.2014006302435767,0.007967987159893242
10.561,1,-3.9990579414630187,2.997176869539467,1.2058073433142684,0.008108660909613225
10.571,0,-3.9980549281028135,-2.9991372683014927,1.201390577435043,0.007986952802297173
10.571,1,-3.99900197412955,2.9972031797478618,1.205753105581038,0.008319156814546933
10.582,0,-3.998014583658404,-2.999069149172463,1.2013785676000883,0.008029094841442666
10.582,1,-3.99894593244406,2.9972300742352855,1.2056962019610629,0.008514190633995793
10.591,0,-3.9979771145038443,-2.998999210766756,1.201364356005591,0.008090434691811694
10.591,1,-3.9988897070995564,2.997257515028639,1.20563695250546,0.008699770757527585
10.601,0,-3.9979425813290455,-2.9989274949943194,1.201348200936639,0.008140952560692437
10.601,1,-3.998833182175588,2.997285478505361,1.2055755241342698,0.008893128162835124
10.611,0,-3.9979110446245913,-2.998854094594197,1.2013323615826388,0.008142532657665777
10.611,1,-3.998776237172832,2.9973139515318303,1.205511742053333,0.009112787600370419
10.622,0,-3.9978825467733023,-2.9987791513281796,1.2013189912048825,0.008117007807653683
10.622,1,-3.998718745052265,2.9973429210876423,1.205445420463667,0.009351828695447165
10.632,0,-3.997857098486179,-2.9987028492477577,1.201309540050287,0.008087564902480726
10.632,1,-3.9986605696087234,2.9973723635940472,1.2053764696528884,0.009604301512771665
10.64,0,-3.997834671687211,-2.998625406828316,1.201304966529482,0.008072009095876409
10.64,1,-3.998601563962552,2.997402237636473,1.2053048643362305,0.009865809913377512
10.651,0,-3.9978151950735916,-2.998547069939023,1.2013056783413747,0.008078459963059831
10.651,1,-3.9985415700738427,2.9974324796428293,1.205230701251718,0.010117187361115755
10.662,0,-3.9977985500491444,-2.998468105454186,1.201309912531411,0.008081575283420593
10.662,1,-3.9984804223562334,2.997463004106185,1.2051544458221433,0.01033626568007543
10.671,0,-3.99778458617493,-2.9983887899400252,1.2013153752774135,0.008060919825754069
10.672,1,-3.998417961986227,2.9974937110778495,1.2050765546065485,0.010532380235867509
10.682,0,-3.997773138622454,-2.998309399931938,1.201320478497444,0.00801518289007411
10.682,1,-3.9983540517480938,2.9975244949567412,1.2049973554899176,0.010711911242983353
10.692,0,-3.997764038384161,-2.9982302057112946,1.2013241367480256,0.007949280000190172
10.692,1,-3.9982885861984987,2.997555250932346,1.2049170956824866,0.01087812747152069
10.7,0,-3.997757120450431,-2.9981514668195404,1.2013259060532133,0.007869952306768686
10.7,1,-3.998221497848351,2.9975858794685397,1.204836093187965,0.011007698116947283
10.711,0,-3.997752228203195,-2.9980734272361858,1.2013269534235702,0.007777250561685639
10.711,1,-3.9981527590206705,2.9976162906993835,1.2047550527483655,0.011084148007619574
10.722,0,-3.997749202412187,-2.997996304088385,1.2013285128941755,0.007671639253342284
10.722,1,-3.998082380792074,2.997646410889486,1.2046745630915483,0.011123012588950916
10.731,0,-3.997747871591704,-2.997920276776224,1.2013314301048197,0.00755855539218824
10.732,1,-3.998010409707957,2.997676187762425,1.2045950393837421,0.01113492287092659
10.741,0,-3.9977480470021463,-2.997845480179277,1.201336269510578,0.00744463307269732
10.742,1,-3.997936924074384,2.9977055935235537,1.204516761680693,0.011127466107403828
10.751,0,-3.9977495202745907,-2.9977720009831463,1.2013433899761137,0.007336083315786662
10.751,1,-3.9978620302817403,2.9977346261426585,1.2044399177589156,0.011105276404396323
10.761,0,-3.997752063909612,-2.997699877420862,1.2013536504137659,0.0072629571204722845
10.761,1,-3.9977858595285154,2.99776330937469,1.2043642994828054,0.011125596234078697
10.771,0,-3.9977554375579545,-2.997629102009805,1.2013693528480653,0.007272872788856576
10.771,1,-3.997708563446702,2.9977916911608506,1.204288863383189,0.011208641973560045
10.781,0,-3.9977594000333756,-2.997559623069461,1.201392319947404,0.007399771867220472
10.782,1,-3.997630306115727,2.9978198399747793,1.204212764246993,0.011329694944041234
10.791,0,-3.997763722834447,-2.997491349507022,1.201423757985711,0.007662594981488841
10.791,1,-3.997551258196459,2.9978478414061818,1.2041354342739223,0.011473364351507743
10.801,0,-3.9977682000274406,-2.997424156174245,1.2014644389056572,0.008062465645311974
10.801,1,-3.997471592525392,2.997875795214768,1.204056495017815,0.011628830925884457
10.811,0,-3.9977726547659955,-2.9973578885720595,1.2015140424365574,0.008452036708124867
10.811,1,-3.9973914805947377,2.99790381266437,1.2039756976148588,0.011794318420783552
10.821,0,-3.9977769412070643,-2.997292367898238,1.2015693456691965,0.008671164267987865
10.821,1,-3.9973110883845457,2.9979320138076098,1.2038926719927607,0.011982098448642361
10.83,0,-3.997780938740992,-2.9972274015565707,1.2016274794546336,0.008755902410204961
10.83,1,-3.9972305666484944,2.997960524210559,1.203807074738239,0.012185465307647856
10.841,0,-3.9977845446412292,-2.9971627899112545,1.20168648039235,0.00874694693761658
10.841,1,-3.997150040169692,2.99798947173646,1.2037186845352008,0.012399955536042891
10.851,0,-3.9977876684844524,-2.9970983309565264,1.2017450177648343,0.00867808726389506
10.851,1,-3.9970696005038215,2.9980189841092297,1.2036273744424113,0.012622521021450565
10.862,0,-3.997790228024957,-2.99703382401899,1.201802187862599,0.008575196822998893
10.862,1,-3.9969893018706366,2.9980491871300465,1.2035330787140743,0.012852352060795524
10.871,0,-3.9977921462194517,-2.9969690728538168,1.2018571892118084,0.008415908921179943
10.871,1,-3.996909159613196,2.9980802041321732,1.2034364260639194,0.012970403193868257
10.881,0,-3.9977933494285702,-2.9969038889616972,1.2019081234625868,0.008146854737390857
10.881,1,-3.99682915261281,2.998112159163047,1.2033396267883403,0.01292983407303007
10.891,0,-3.9977937634719236,-2.9968380944584294,1.201953173813029,0.007834044080787835
10.891,1,-3.996749230553934,2.9981451824737797,1.2032444713855326,0.012787602546245148
10.901,0,-3.9977933102982983,-2.996771524347733,1.2019911340084375,0.0075342870743400694
10.901,1,-3.9966693216338616,2.9981794164187447,1.2031521645153025,0.01258599982383728
10.911,0,-3.997791906172079,-2.9967040281698947,1.2020212254404687,0.007292191093124914
10.911,1,-3.996589339046559,2.9982150191745145,1.2030635012775042,0.01235573247019906
10.921,0,-3.9977894607341407,-2.9966354709380045,1.2020429564195843,0.007140519393694546
10.922,1,-3.9965091863854014,2.998252166431431,1.2029790034581704,0.012118873149576338
10.931000000000001,0,-3.9977858763809264,-2.9965657330478064,1.2020563775201936,0.007114825652253574
10.931000000000001,1,-3.996428762134463,2.9982910510258907,1.202898789426985,0.011932215716651087
10.942,0,-3.997781050266556,-2.996494709646936,1.202063306822298,0.0071977173652137
10.942,1,-3.9963479634241637,2.99833187795978,1.2028218693125325,0.011850234968892634
10.951,0,-3.9977748893491025,-2.9964223172511124,1.202065542837372,0.007334306146351743
10.951,1,-3.996266687773621,2.9983748560138435,1.202747240160514,0.01184502722315048
10.961,0,-3.9977673246342302,-2.9963484991512774,1.2020643432491165,0.007496164362983672
10.961,1,-3.9961848341542936,2.998420187722823,1.2026742095526286,0.011897501263393248
10.971,1,-3.9961023038760213,2.998468061403718,1.2026023007351798,0.011994626745264208
10.972,0,-3.997758319999066,-2.9962732281036697,1.2020605920904452,0.007668231705004441
10.981,0,-3.997747876729389,-2.9961965070821686,1.2020551516271483,0.007836938118214195
10.981,1,-3.996019001063061,2.9985186460762283,1.2025313745541686,0.012097783813213974
10.991,0,-3.997736030462299,-2.9961183666745885,1.2020495156988986,0.007992385026317174
10.991,1,-3.995934832084466,2.998572089172792,1.2024620359889802,0.01218158754262492
11.001,0,-3.9977228393752826,-2.9960388603527384,1.2020449027123972,0.00813713758485408
11.001,1,-3.995849704798657,2.9986285123940974,1.202394845064597,0.012261614326874344
11.01,0,-3.9977083704603187,-2.9959580578599314,1.2020421433939337,0.00827576401520498
11.01,1,-3.9957635273336556,2.998688010438995,1.2023301780157625,0.01234849329831985
11.02,0,-3.997692689113784,-2.9958760394996307,1.2020417911196557,0.00841221236149195
11.02,1,-3.995676207180569,2.9987506510480304,1.2022682745011994,0.012449058186771297
11.032,0,-3.9976758517757163,-2.9957928915444714,1.2020442189671605,0.008549313381899406
11.032,1,-3.9955876506634356,2.998816475688244,1.2022092911943008,0.012566867150598906
11.041,0,-3.997657901570076,-2.995708703022482,1.2020492446191213,0.00868065033056987
11.042,1,-3.995497762402616,2.99888550188716,1.2021536767729242,0.012663774296336658
11.052,0,-3.99763886784641,-2.995623564229578,1.2020551730328977,0.00879342909816816
11.052,1,-3.9954064473400566,2.9989577274885653,1.202103038713427,0.012722948504663401
11.061,0,-3.997618767075635,-2.9955375640174187,1.202060487626175,0.00889057788882032
11.061,1,-3.9953136228257833,2.9990331271976345,1.2020587424129547,0.012783294290880688
11.071,0,-3.997597606186821,-2.9954507893822377,1.2020641489225807,0.008978648201680879
11.071,1,-3.9952192286828065,2.999111653044032,1.2020216787584,0.012869910062713843
11.081,0,-3.997575385643486,-2.9953633254735252,1.2020654431480589,0.00906383716311769
11.081,1,-3.9951232332370146,2.999193236341634,1.2019924191417404,0.012996020509394466
11.092,0,-3.997552101789748,-2.9952752554701783,1.2020638896320692,0.009150781863025512
11.092,1,-3.9950256365971075,2.999277789692097,1.2019713290533103,0.013167359721317632
11.101,0,-3.997527748544413,-2.9951866604079,1.202059234555292,0.009241447096361264
11.101,1,-3.994926472946506,2.999365207006719,1.201957994891763,0.013396972184141683
11.111,0,-3.9975023178297535,-2.9950976196983676,1.2020515011843746,0.009335202258290095
11.111,1,-3.994825813750845,2.9994553567663753,1.2019489723162267,0.013664300414167493
11.122,0,-3.9974757986404574,-2.995008213014731,1.20204074626402,0.009431287544024471
11.122,1,-3.9947237601441943,2.9995480857785526,1.2019409496851443,0.01393236325356745
11.132,0,-3.997448175838736,-2.9949185217140517,1.2020270330656324,0.009528970498777378
11.132,1,-3.9946204384008235,2.9996432158244137,1.201931684473382,0.014190431753294189
11.141,0,-3.997419429448659,-2.9948286295511903,1.2020104158342058,0.009627720007373962
11.141,1,-3.9945159971809527,2.999740539464487,1.2019196627848887,0.014436168173725736
11.151,1,-3.9944106038969065,2.9998398196139124,1.2019043835594074,0.014653318646816392
11.152,0,-3.9973895339586765,-2.994738622882328,1.201991275618582,0.009708667154998166
11.161,0,-3.9973584578444177,-2.9946485929864624,1.2019711131883934,0.009752065267667915
11.161,1,-3.9943044417860474,2.999940790505057,1.2018874127633146,0.014819692586831338
11.171,0,-3.9973261668180107,-2.9945586436093707,1.2019512393125311,0.00976537747935223
11.171,1,-3.9941977126071713,3.0000431503582194,1.201870264821002,0.01493476726685688
11.181,0,-3.9972926257453096,-2.9944688974879123,1.2019325414388737,0.009755933325280524
11.181,1,-3.9940906367371602,3.0001465594600427,1.2018539798042203,0.014999902774072461
11.191,0,-3.997257799632985,-2.9943795000326356,1.2019156214198206,0.009729124026279044
11.191,1,-3.993983451598431,3.0002506415302093,1.2018392668205198,0.015016110206434655
11.2,0,-3.997221654295279,-2.9942906207307916,1.2019008771927557,0.00968830587617338
11.2,1,-3.9938764095608223,3.000354986614641,1.201826600926064,0.014983547291838484
11.211,0,-3.9971841569396784,-2.994202452818548,1.2018884746547205,0.009638648940325692
11.211,1,-3.993769775497174,3.0004591551764226,1.2018163559147392,0.014900982033171827
11.222,0,-3.997145277738042,-2.994115210371491,1.2018780273888081,0.009582573404441562
11.222,1,-3.9936638233083794,3.000562684198753,1.2018090069246774,0.01476827997590407
11.232,0,-3.997104992159222,-2.994029122017108,1.2018691104444652,0.00951558374114648
11.232,1,-3.993558829919738,3.000665097673832,1.201804933882209,0.01458810799159845
11.241,0,-3.9970632837657414,-2.993944423875979,1.2018614207347602,0.009435202581725593
11.241,1,-3.993455069191041,3.000765917674171,1.2018043712819921,0.014363275816751559
11.251,0,-3.997020146199726,-2.9938613537335343,1.2018547461409828,0.009340433572924951
11.251,1,-3.9933528072404556,3.000864673283196,1.201807458031396,0.014096812590177364
11.261,0,-3.996975584366389,-2.993780146508153,1.2018489281922085,0.009231154202750856
11.262,1,-3.9932522990505155,3.0009609074833765,1.201814280052648,0.013792152438436466
11.271,0,-3.996929614340732,-2.993701031542341,1.2018442449613453,0.009102884113223018
11.271,1,-3.9931537851417716,3.0010541840314757,1.2018244324291318,0.013443339652904486
11.281,0,-3.9968822617715487,-2.993624230869705,1.2018423047108853,0.008961619820746789
11.281,1,-3.9930574876979907,3.0011440977650645,1.2018359971181134,0.013039354445425432
11.291,0,-3.9968335630326735,-2.9935499503797915,1.2018444972727598,0.00882669639812347
11.291,1,-3.992963613594647,3.0012302796792887,1.2018473054407977,0.01258579538333532
11.301,0,-3.996783564205225,-2.993478373978407,1.2018517534990332,0.008715300792906586
11.301,1,-3.992872355680414,3.0013124039208376,1.20185722824663,0.012092033787526048
11.311,0,-3.996732319653284,-2.993409660310089,1.2018646694748334,0.008640337373648537
11.311,1,-3.9927838932387583,3.001390193144926,1.201865011853161,0.011567917312875842
11.321,0,-3.996679890869482,-2.993343940719887,1.201883511216037,0.008603639468257809
11.321,1,-3.992698392312321,3.0014634216658695,1.201870100362304,0.01102220336949559
11.331,0,-3.996626346484069,-2.993281318911914,1.2019079508716293,0.008593317433948096
11.331,1,-3.992616004659535,3.0015319172423425,1.2018718437857578,0.010465027542006346
11.341,1,-3.9925368658178555,3.001595558506436,1.2018697306655628,0.009908491287867544
11.341,0,-3.9965717634877556,-2.9932218773590202,1.2019375784670865,0.00860601370730838
11.351,0,-3.996516228945299,-2.99316568361296,1.2019720834915764,0.008639380132706402
11.351,1,-3.992461092561145,3.001654272062781,1.201863438248459,0.009363994257769612
11.361,0,-3.996459840850505,-2.9931127946469887,1.2020112150711548,0.008691327150893902
11.362,1,-3.992388781166604,3.0017080297667666,1.2018527694381054,0.008842249312706893
11.371,0,-3.9964027077344966,-2.9930632616096187,1.2020551858648725,0.008812610981786286
11.371,1,-3.992320006303157,3.0017568463125888,1.2018374546260546,0.008362329907738915
11.381,0,-3.9963449476770174,-2.993017135564987,1.202105235159866,0.009039702008354456
11.381,1,-3.9922548235204807,3.0018007785167256,1.2018168697306069,0.007947715973456924
11.391,0,-3.9962866883253128,-2.992974468444842,1.2021623542543431,0.009362202264268297
11.391,1,-3.992193280431033,3.001839923471178,1.2017905456869886,0.0076151594897635125
11.402,0,-3.996228065448876,-2.992935316809716,1.2022271698942737,0.0097674144680402
11.402,1,-3.9921354254541876,3.0018744185147184,1.2017581919800593,0.007377359224897406
11.411,0,-3.9961692211590303,-2.9928997447653876,1.2023000580853715,0.010240615008146424
11.412,1,-3.992081313654015,3.0019044400303936,1.2017196576618132,0.007241070621802001
11.421,0,-3.9961103020263566,-2.992867825473111,1.202381214372998,0.010767968519650672
11.421,1,-3.992031010389132,3.001930201051825,1.2016748815015836,0.0072079859735130454
11.431000000000001,1,-3.991984594070665,3.0019519468361304,1.2016240600729438,0.007224586074527238
11.432,0,-3.9960514571042056,-2.9928396398607657,1.2024702436683206,0.011209292667982141
11.441,0,-3.9959928351575043,-2.99281526596369,1.2025635324924517,0.01130033296235395
11.441,1,-3.9919421600896863,3.001969944646991,1.2015687879599304,0.007167672758643778
11.451,0,-3.9959345810877247,-2.9927947888821422,1.2026572568565805,0.011129356063505319
11.451,1,-3.991903809095141,3.00198447757112,1.2015107702623875,0.007049254610078964
11.461,0,-3.9958768330612324,-2.9927783048903245,1.2027487961085463,0.010778701383043482
11.461,1,-3.9918696360359736,3.0019958343115296,1.2014511840950615,0.006888790801632602
11.471,0,-3.99581972027261,-2.992765918706146,1.2028363652569305,0.0103101266185375
11.471,1,-3.9918397243854105,3.0020042988490703,1.2013908507451594,0.006704054256766632
11.481,0,-3.995763361365259,-2.9927577414694055,1.202918883554619,0.00979806244466931
11.481,1,-3.99181414231367,3.0020101428106396,1.2013304309216746,0.006480006345510058
11.491,0,-3.9957078630504967,-2.9927538862333374,1.2029962093746291,0.009308686179122012
11.491,1,-3.9917929440159448,3.00201362147432,1.201271056713754,0.006169859395311441
11.501,0,-3.9956533168964175,-2.992754448874394,1.2030684351723446,0.008846975568253528
11.501,1,-3.9917761725351144,3.0020149823563558,1.2012137626945802,0.005805041260472476
11.511,1,-3.9917638658301198,3.002014474963263,1.2011592397168758,0.005413529611358752
11.511,0,-3.9955997968816894,-2.9927594907325674,1.2031356527340198,0.008418282757283187
11.521,0,-3.995547358380935,-2.992769027856751,1.203197942939027,0.008026497001606946
11.521,1,-3.991756062401143,3.0020123565571146,1.2011079376078795,0.005016922113467881
11.531,0,-3.995496038140532,-2.9927830247687126,1.203255372410002,0.007674956084155468
11.531,1,-3.9917528050248903,3.0020088954667115,1.2010601422741038,0.0046349998728332144
11.541,0,-3.995445854791436,-2.992801390940251,1.2033078026494826,0.007328153781259906
11.541,1,-3.991754144211607,3.0020043721405,1.2010162903440376,0.004215014264931931
11.551,0,-3.9953968128650943,-2.9928239804253414,1.203354201899905,0.006952690640880801
11.551,1,-3.9917601421291526,3.0019990767433318,1.200977645697192,0.0037289694160197546
11.561,0,-3.995348918263176,-2.9928506074852863,1.2033936052167313,0.006595489043259636
11.561,1,-3.9917708672990755,3.0019933033810533,1.2009452586881655,0.0032590277546727876
11.571,0,-3.995302193128825,-2.9928810607264613,1.2034253864436517,0.006293607316412852
11.571,1,-3.9917863927053503,3.0019873426116446,1.2009198163863597,0.002900124586492316
11.581,0,-3.995256685423855,-2.992915113264865,1.2034491517198818,0.006075217489349597
11.581,1,-3.9918067947429012,3.001981475460483,1.2009017447206887,0.0027566156863885545
11.591,0,-3.9952124744941746,-2.9929525310475875,1.203464683752407,0.005958388518020361
11.591,1,-3.9918321519161055,3.0019759690296812,1.2008912999949877,0.002895895515365492
11.601,0,-3.9951696737442055,-2.9929930806956606,1.2034722446770516,0.005957573914908196
11.601,1,-3.991862539676203,3.0019710727476165,1.2008879110767137,0.0033002162747363846
11.612,0,-3.9951284257058712,-2.9930365397256327,1.2034734227393162,0.006034183055340487
11.612,1,-3.9918980214949333,3.001967013026869,1.2008885738547685,0.0038002488211611937
11.621,0,-3.9950888789567456,-2.9930827031547382,1.203469640320603,0.006142672591533613
11.621,1,-3.9919386653973925,3.001963989247432,1.2008906528774022,0.00431146321546406
11.632,0,-3.995051166400721,-2.9931313927717023,1.203461903100054,0.006263398896831838
11.632,1,-3.9919845485463274,3.0019621700481376,1.200892333100936,0.004829324585037139
11.641,0,-3.995015390011349,-2.9931824637172113,1.2034509147227093,0.006390203195290544
11.641,1,-3.9920357568498583,3.001961690892669,1.2008923715806983,0.005363969610183035
11.651,0,-3.9949816108490217,-2.9932358078474652,1.203437245751797,0.006518057391993335
11.651,1,-3.992092386741155,3.0019626538692705,1.2008904312831512,0.0059167374930199895
11.661,0,-3.9949498460587116,-2.9932913498967353,1.2034216851744062,0.0066398650970884475
11.661,1,-3.992154553432367,3.001965131688467,1.200888840447393,0.006477310804973356
11.671,0,-3.9949200745586175,-2.9933490267654417,1.2034048953153134,0.006757501121571405
11.671,1,-3.9922223711200258,3.0019691681478173,1.2008899444033898,0.007060675425002474
11.681000000000001,0,-3.9948922462159824,-2.9934087662054716,1.2033873373016462,0.006871687953833526
11.681000000000001,1,-3.9922959428496845,3.001974781805132,1.2008953096496946,0.007682756729618364
11.691,0,-3.9948662898212204,-2.99347047229932,1.2033693323625931,0.00698158475693457
11.691,1,-3.992375357641841,3.001981970637483,1.200905967988378,0.008350301063436176
11.701,1,-3.992460687099411,3.0019907156314276,1.2009223542030154,0.009047779795222196
11.701,0,-3.994842119079671,-2.9935340155930716,1.2033507438918132,0.0071124883120107195
11.712,0,-3.994819635555522,-2.9935992257375466,1.2033296955534785,0.007302660590523826
11.712,1,-3.992551980586322,3.002000980582636,1.200943601951845,0.009740937178528945
11.721,0,-3.994798735429184,-2.993665893049984,1.203304384468952,0.0075460099599236235
11.722,1,-3.9926492767205275,3.00201270844204,1.2009687376065483,0.01042384209309008
11.731,0,-3.9947793128470357,-2.9937337696336628,1.2032736117651808,0.007838828099514522
11.731,1,-3.9927526107153772,3.002025815816656,1.2009970700589478,0.011096711020683233
11.742,0,-3.994761261496007,-2.9938025707865186,1.203236588666551,0.00817515385438088
11.742,1,-3.992862017096845,3.0020401892779813,1.201028098063833,0.01176080193700729
11.751,0,-3.9947444759353163,-2.993871977798371,1.2031928217907544,0.008547003906870927
11.752,1,-3.992977531265595,3.0020556839395027,1.2010614473361023,0.012417702175437176
11.762,0,-3.9947288537684305,-2.993941641963443,1.2031429183645512,0.00880263063644168
11.762,1,-3.9930991934233186,3.0020721245259376,1.201097344118509,0.013108002251993645
11.772,0,-3.9947142993677245,-2.9940111910999048,1.2030906634297598,0.008800808256023529
11.772,1,-3.9932270548044677,3.0020893117481053,1.2011377931090435,0.013867748328414316
11.782,0,-3.994700722172607,-2.994080241519893,1.203039393523215,0.008605905642511971
11.782,1,-3.993361159602087,3.0021070344981995,1.201184534129233,0.014684027481702808
11.791,0,-3.994688038486668,-2.9941484124779265,1.2029913874745695,0.00827739921633224
11.791,1,-3.9935015378761363,3.002125084151155,1.2012387088382122,0.015547734677153329
11.801,0,-3.994676173227431,-2.994215337377411,1.2029481774882809,0.007862750201102522
11.801,1,-3.9936482035850176,3.002143265505823,1.2013010595822349,0.01644965112837832
11.812,0,-3.9946650601538405,-2.9942806731839036,1.2029099529548384,0.007505402188997056
11.812,1,-3.9938011476456188,3.0021614043599207,1.2013711670626965,0.01728066593679799
11.821,0,-3.994654642387068,-2.9943441100036727,1.20287374023034,0.007291386816704768
11.821,1,-3.9939603213741357,3.0021793513287673,1.2014454858592738,0.017946303928452756
11.831,0,-3.9946448797305094,-2.9944053692294803,1.202836813496543,0.0071734847978889545
11.831,1,-3.9941256503284706,3.002196979623536,1.201520870019684,0.018494869476443705
11.841,0,-3.9946357530328833,-2.9944642031673205,1.2027973210389928,0.0071335888257086115
11.841,1,-3.994297030145592,3.0022141811706327,1.2015951720452795,0.018965409994386347
11.852,0,-3.9946272659448985,-2.994520395411569,1.2027540351754096,0.007165265221203785
11.852,1,-3.9944743200941373,3.002230863660888,1.2016669397838062,0.019385280731672
11.861,0,-3.994619445184662,-2.9945737607121594,1.2027061423535328,0.007265356395502293
11.861,1,-3.994657340060338,3.002246948282545,1.2017351970104044,0.01977200745318021
11.871,0,-3.9946123401031595,-2.9946241426621474,1.2026536502201912,0.007314094924416214
11.871,1,-3.9948458709356793,3.0022623678934783,1.2017994379190406,0.020147530248332615
11.881,0,-3.9946060209060863,-2.9946714083067256,1.2025992518707367,0.007139763074601435
11.881,1,-3.9950396589927855,3.002277067252055,1.2018599904442675,0.020527055048467316
11.891,0,-3.994600567944264,-2.9947154615854137,1.2025456073187542,0.00679732491865891
11.891,1,-3.9952384166500274,3.0022910093031787,1.2019172946190373,0.020899046382517515
11.901,0,-3.9945960613562663,-2.9947562513277184,1.2024945279639605,0.006337455581483737
11.901,1,-3.9954418273283907,3.0023041814287104,1.2019716591323237,0.021255205072346815
11.911,0,-3.9945925737865777,-2.994793772959605,1.2024472390308012,0.00579973004008474
11.911,1,-3.9956495517729325,3.002316598943171,1.2020233074904525,0.021589677116504762
11.921,0,-3.994590165189021,-2.9948280681091353,1.2024045564282981,0.005214557883580066
11.921,1,-3.99586123387605,3.0023283065305795,1.2020723982691919,0.021898386541464063
11.931000000000001,0,-3.9945888789099433,-2.9948592237362264,1.202366655798604,0.004694967176520647
11.931000000000001,1,-3.99607650586344,3.0023393781462366,1.2021189844598819,0.022174053556986966
11.941,0,-3.99458873757893,-2.994887373457568,1.2023311888789792,0.004425496739388307
11.941,1,-3.9962949936866843,3.0023499164414815,1.2021626624971926,0.02240876130762487
11.951,0,-3.9945897462555386,-2.9949126799099544,1.202295572252213,0.0043533674266770855
11.951,1,-3.996516330896263,3.002360052350355,1.2022030021414485,0.022608868868368798
11.961,0,-3.9945918954747075,-2.99493532032996,1.2022580473895526,0.0044395693280986975
11.961,1,-3.9967401717756177,3.0023699442803964,1.2022397291444473,0.02278019006400922
11.971,0,-3.9945951628229643,-2.994955478673358,1.2022174353946136,0.0046516854652391
11.971,1,-3.996966200025038,3.0023797762349513,1.2022726792577423,0.022927925785883426
11.981,0,-3.9945995151208376,-2.9949733382995056,1.202173567639308,0.004820125915254564
11.981,1,-3.9971941358938192,3.002389755112352,1.2023025082857337,0.023079347960119286
11.991,0,-3.994604908742959,-2.9949890787713382,1.2021280249727118,0.00485644784748058
11.991,1,-3.9974237400275343,3.00240010475505,1.2023317041749393,0.023242269552327246
12.001,0,-3.994611283366589,-2.9950028847568677,1.2020821613291934,0.0048012039442023174
12.001,1,-3.997654807223654,3.002411053485048,1.2023622918139447,0.0234096805464678
12.011,0,-3.994618558275978,-2.9950149503176005,1.2020368936965806,0.004684759415696363
12.011,1,-3.9978871641427403,3.0024228223661567,1.2023956281980661,0.023580367932442992
12.021,0,-3.994626630785288,-2.995025480523122,1.2019928444896528,0.0045264807402265
12.021,1,-3.9981206673109297,3.0024356166035453,1.202432603959765,0.023755192122778095
12.031,0,-3.994635375973585,-2.9950346917883617,1.2019504514308437,0.004339823150311557
12.031,1,-3.998355200706457,3.0024496196013883,1.2024737974741841,0.023935394157605216
12.041,0,-3.9946446473861172,-2.995042811415279,1.20190988647614,0.004168172246724119
12.041,1,-3.998590673085551,3.0024649891848014,1.202519628966049,0.02412565720289629
12.051,0,-3.9946542801270075,-2.9950500732084686,1.201870664870166,0.004058387953512136
12.051,1,-3.998827012499275,3.0024818549661787,1.202570658981965,0.024331876620824425
12.061,1,-3.999064152506111,3.002500314303389,1.2026273237291412,0.024551952961405
12.061,0,-3.9946640996625584,-2.995056702693441,1.2018322641779153,0.003991576817625201
12.072,0,-3.994673930925293,-2.9950629027122435,1.2017943148286887,0.0039539584349130115
12.072,1,-3.999302018552138,3.0025204296178614,1.2026898676233977,0.024781889031145646
12.082,0,-3.994683605230378,-2.995068843903481,1.2017565562316859,0.0039363004933686855
12.082,1,-3.999540518701472,3.002542227810476,1.2027583997726192,0.02501763385666376
12.091,0,-3.9946929654488232,-2.995074658925935,1.2017187993514866,0.003932360162427631
12.091,1,-3.9997795378660213,3.0025657012097793,1.2028329549304781,0.025254562896264498
12.101,0,-3.9947018697841745,-2.9950804396453914,1.201680943607362,0.003928885942802623
12.101,1,-4.000018934253283,3.0025908082523824,1.2029127396219617,0.025422330809130887
12.111,0,-3.994710197943711,-2.995086240057132,1.2016430644032008,0.003914404514773543
12.111,1,-4.000258536488159,3.002617472353614,1.2029943515282857,0.025459314426837305
12.121,0,-3.994717865739156,-2.995092090252554,1.2016052443627678,0.0038929873963235114
12.122,1,-4.000498142405717,3.00264558730599,1.2030748385971501,0.02539753591079018
12.131,1,-4.00073751700031,3.002675018626008,1.203152209771517,0.025262851435804128
12.132,0,-3.994724838722671,-2.9950980118968187,1.2015675415217097,0.003868904507809271
12.141,1,-4.000976391926783,3.0027056046324696,1.2032251312557942,0.025073629938454366
12.142,0,-3.994731140111977,-2.995104029706126,1.2015299798911239,0.0038455689537904097
12.151,0,-3.9947368538483583,-2.995110179299852,1.2014927279967054,0.0037842889604096704
12.151,1,-4.001214466865834,3.002737158629313,1.2032927983380233,0.02484686441874695
12.162,0,-3.994742118669109,-2.9951165070021273,1.20145647171283,0.0036554569704058838
12.162,1,-4.0014514137759125,3.0027694716765945,1.2033549570695596,0.02459216816993694
12.171,0,-3.994747108840346,-2.995123055823325,1.201421803565343,0.003482697941704488
12.171,1,-4.001686885822901,3.0028023149028447,1.2034115220136494,0.024310007729750883
12.181,0,-3.994752014097686,-2.9951298505604993,1.2013891135834067,0.003283519804467744
12.181,1,-4.001920526433246,3.00283544226234,1.2034624786416919,0.024000623226552588
12.192,0,-3.9947570247222584,-2.995136887609419,1.2013586522568374,0.0030687769805504174
12.192,1,-4.002151976712438,3.0028685934457178,1.2035078457089305,0.02366405475335335
12.201,0,-3.994762320931277,-2.995144128578861,1.2013305859257575,0.002846208882518008
12.201,1,-4.002380881469634,3.002901496963051,1.2035476667177452,0.023301000639521452
12.211,0,-3.9947680655902693,-2.995151496764862,1.2013049613023326,0.0026463816005282623
12.211,1,-4.002606893387497,3.002933873016014,1.2035822695341274,0.022921750995940248
12.221,0,-3.994774400282281,-2.9951588771715105,1.2012806280158501,0.002626529500027003
12.221,1,-4.002829676835274,3.002965434590499,1.2036128612798629,0.022530577561423824
12.231,1,-4.003048919539896,3.002995887192572,1.203640502268646,0.02212054318166693
12.231,0,-3.9947814534728208,-2.995166127938766,1.2012557283725966,0.0027561481066753876
12.241,0,-3.9947893563707266,-2.9951730988601097,1.2012289581916076,0.0029888961123805753
12.241,1,-4.003264341258825,3.00302492854668,1.2036659261174698,0.021689673528848787
12.251,0,-3.9947982541380274,-2.995179646039064,1.201199440265086,0.003294523819496938
12.251,1,-4.003475698788957,3.0030522489679305,1.2036896454498789,0.021238748049183406
12.261,0,-3.9948083126758753,-2.995185642403167,1.201166588037927,0.003652685119288299
12.261,1,-4.003682788794613,3.0030775323414636,1.203712011853149,0.020770247556160328
12.271,0,-3.994819722614404,-2.9951909846741716,1.2011303671869809,0.003941698598829795
12.271,1,-4.003885449327731,3.0031004576189932,1.2037331934061068,0.02028524241227153
12.281,0,-3.994832699371591,-2.9951955952502765,1.2010931469371744,0.003957106174137603
12.282,1,-4.004083561012998,3.0031207037309207,1.2037527669712453,0.01978374896662865
12.291,0,-3.9948474615063843,-2.995199420589977,1.2010574984673155,0.003793629743691579
12.291,1,-4.004277040698222,3.003137959305699,1.203770238171861,0.01927320236399356
12.302,0,-3.9948642063514535,-2.995202426487638,1.2010251512680556,0.0035352792013408885
12.302,1,-4.004465835153822,3.003151933933634,1.203785282975656,0.018760395927634232
12.31,0,-3.9948830938654543,-2.9952045928986433,1.200997251567857,0.0032517125449115646
12.31,1,-4.004649916844473,3.0031623667721985,1.2037976985532857,0.018251264173493265
12.321,0,-3.9949042363235967,-2.995205909545497,1.2009745224457649,0.0030056283871399323
12.321,1,-4.004829279327212,3.003169030875836,1.2038076253635492,0.017753878118902087
12.331,0,-3.9949276945083874,-2.995206372813075,1.2009573951655048,0.002848777994579919
12.331,1,-4.005003933656769,3.0031717290659774,1.203815886196165,0.017271810982432058
12.341,0,-3.9949534802713313,-2.995205984297197,1.2009461125048124,0.0028187254781521605
12.341,1,-4.0051739121599725,3.0031702835787426,1.2038231573488751,0.016806623055416185
12.351,0,-3.9949815609302624,-2.995204749797036,1.2009407825636738,0.002925920564505035
12.351,1,-4.005339268341159,3.0031645235542754,1.2038298972188866,0.016361241262481747
12.361,0,-3.99501186421376,-2.995202678275549,1.200941444599126,0.0031549909115748172
12.361,1,-4.005500075116633,3.0031542758570087,1.2038364232511725,0.015939383156033788
12.371,0,-3.9950442823620587,-2.9951997812635924,1.200947701457098,0.003448030309375148
12.371,1,-4.0056564231990075,3.0031393599938636,1.2038428513881327,0.015543926440164047
12.381,1,-4.005808420485876,3.0031195929267733,1.203848808715213,0.015178177036642749
12.382,0,-3.9950786761107375,-2.9951960733557956,1.200957347250837,0.0036998279681938247
12.391,1,-4.005956188473847,3.003094804851932,1.2038539453811843,0.014846981305249033
12.392,0,-3.9951148905711746,-2.9951915706009626,1.2009682848851935,0.0038912905452308166
12.401,0,-3.995152767560315,-2.9951862903214246,1.2009790748792768,0.004035563413592348
12.401,1,-4.006099860846278,3.003064856945719,1.203858025109217,0.014554392761751404
12.411,1,-4.00623958257435,3.0030296537673595,1.2038608953478913,0.014303294576891683
12.411,0,-3.9951921533623125,-2.995180251509899,1.2009887337556668,0.004150130458502472
12.421,0,-3.9952329042785344,-2.99517347510119,1.2009965907472484,0.004249740663633147
12.421,1,-4.006375508962587,3.002989150777619,1.203862457278985,0.01409518490469251
12.431000000000001,0,-3.995274890456969,-2.995165984053842,1.2010022563108413,0.004347093478469268
12.431000000000001,1,-4.006507804843726,3.002943358429023,1.2038625773197178,0.013930184196723499
12.442,0,-3.99531799713509,-2.9951578028033334,1.2010057715104394,0.004447432006157919
12.442,1,-4.006636644981271,3.0028923446896107,1.203860791916696,0.01380822899497055
12.451,0,-3.995362120621121,-2.995148955821487,1.2010072621324148,0.0045484873178716825
12.451,1,-4.0067622134512675,3.0028362317198245,1.2038566858939328,0.013728422629295016
12.461,1,-4.0068847040652456,3.002775192489842,1.2038499952227364,0.013688209427577834
12.461,0,-3.9954071637216995,-2.995139465824947,1.201006814948042,0.004648753304856013
12.471,0,-3.995453032566348,-2.9951293523799802,1.201004499874879,0.0047471407093261165
12.471,1,-4.00700432047155,3.002709446966036,1.2038405748511198,0.013683646633136603
12.481,0,-3.995499634654693,-2.9951186308735473,1.2010005373977302,0.004838493219418068
12.481,1,-4.007121275267931,3.0026392571373144,1.2038284019294174,0.013708481229009535
12.491,0,-3.995546880320557,-2.995107312144921,1.2009957145842536,0.004915818112639214
12.491,1,-4.00723578466341,3.002564919658726,1.2038136310785676,0.013755465623034667
12.502,0,-3.9955946891429392,-2.9950954040871682,1.2009907018096564,0.004980736615056933
12.502,1,-4.00734805702888,3.002486756662839,1.2037964133595853,0.0138177044103135
12.511,0,-3.995642996805562,-2.995082913113469,1.2009859486846453,0.005037102767922992
12.511,1,-4.007458282088371,3.0024051065540265,1.2037768812023615,0.01388848631954314
12.521,0,-3.9956917596005748,-2.9950698452878495,1.2009817469482844,0.00508899791537175
12.521,1,-4.007566623422689,3.002320316616332,1.2037551423626882,0.013961678703259466
12.531,0,-3.995740956867067,-2.9950562072241373,1.2009782875389805,0.005140127439307891
12.531,1,-4.0076732136983475,3.0022327371748436,1.2037312892851906,0.014031545763537946
12.541,0,-3.9957905917796377,-2.9950420067641916,1.200975568890506,0.0051950837089842685
12.541,1,-4.007778152025932,3.002142716890549,1.203705432222636,0.01409240068501287
12.551,0,-3.9958406901557284,-2.9950272517912633,1.2009731428328494,0.005256349727964574
12.551,1,-4.007881503074252,3.0020505976160625,1.2036777096703808,0.0141398812765375
12.561,0,-3.9958912972294205,-2.995011944737195,1.2009705992444257,0.005324618246461904
12.561,1,-4.007983297618002,3.0019567071002595,1.2036482444028838,0.014171171212335965
12.571,0,-3.995942473941596,-2.9949960774922997,1.2009676672347775,0.005401337642256063
12.572,1,-4.008083533847216,3.0018613525548936,1.203617152228493,0.014184300016053699
12.58,0,-3.995994293660658,-2.9949796282227776,1.2009641566180853,0.0054880455352715254
12.58,1,-4.008182179333445,3.001764816425836,1.2035845330915105,0.014178312907544066
12.592,0,-3.996046839387256,-2.994962559629042,1.2009599352646656,0.0055861095485121035
12.592,1,-4.008279173400724,3.001667353893267,1.2035504709712734,0.01415298810780564
12.601,0,-3.9961002020272383,-2.9949448178950817,1.200955645144346,0.005681673071546906
12.601,1,-4.008374429307954,3.001569191417838,1.2035153732506858,0.014085580541947206
12.612,0,-3.996154480411295,-2.994926334481106,1.2009544204691798,0.005788014524844372
12.612,1,-4.0084678392303585,3.001470526493801,1.203480783844196,0.0139594166930827
12.621,0,-3.996209777705498,-2.994907037971384,1.2009589578304163,0.0059654889016685884
12.621,1,-4.008559290354706,3.001371530250181,1.203448030327036,0.013791156884616176
12.631,1,-4.008648678632053,3.0012723490984676,1.2034180219920942,0.013595401079266668
12.632,0,-3.9962661996788436,-2.9948868643618,1.2009710578480437,0.0062609653668211996
12.641,0,-3.9963238534947028,-2.994865763911784,1.200991886945032,0.006693202559047563
12.641,1,-4.008735918251437,3.0011731061832325,1.2033913677649146,0.013384347442306198
12.651,0,-3.996382845443725,-2.9948437062457383,1.2010215803446949,0.0071873572984878665
12.651,1,-4.008820950146661,3.0010739030524882,1.2033673625897114,0.013213876513649305
12.661,0,-3.9964432748325383,-2.9948206852943966,1.2010585595788679,0.007661463558730997
12.661,1,-4.008903746061827,3.0009748249006063,1.2033425125067252,0.01310437861514374
12.671,0,-3.9965052263124257,-2.994796722522236,1.201101448021363,0.008103530495914871
12.671,1,-4.008984295128872,3.0008759520458463,1.2033139621606248,0.013049492973841349
12.681000000000001,0,-3.9965687612050163,-2.994771869965429,1.2011492678525302,0.00851371473676606
12.682,1,-4.009062596770083,3.0007773705622607,1.2032797970980778,0.013052613920818678
12.691,0,-3.996633911427512,-2.9947462112838026,1.2012013255338883,0.008894370375688718
12.691,1,-4.009138656628392,3.0006791793966685,1.2032387518951995,0.013116889734231568
12.701,0,-3.9967006754628756,-2.9947198612647843,1.2012567945982415,0.009189632753022708
12.701,1,-4.009212482803768,3.0005814948416405,1.2031903979041547,0.013197989304121189
12.711,0,-3.996769014987607,-2.9946929635669806,1.2013134805720385,0.009329631937505814
12.711,1,-4.0092840804828125,3.000484452290275,1.2031364149184383,0.013216974190624045
12.72,0,-3.996838857832506,-2.9946656836619643,1.2013693966692023,0.009359891506504537
12.72,1,-4.0093534538378925,3.000388201320773,1.2030785738248655,0.013177883271485051
12.731,1,-4.009420605262217,3.000292899627933,1.2030181143865626,0.01308988903435589
12.731,0,-3.996910100116471,-2.994638202430021,1.2014231891350107,0.009316267367520182
12.741,0,-3.996982608270864,-2.994610710950874,1.201473952790259,0.009224224584455026
12.741,1,-4.009485533650033,3.000198708272679,1.2029559051495171,0.012961702713665249
12.751,0,-3.9970562218846104,-2.9945834059528473,1.2015210887438617,0.00910065038741505
12.751,1,-4.009548233403234,3.0001057878998303,1.2028925596038127,0.012801118450288864
12.761,0,-3.997130756558076,-2.9945564856223426,1.2015636765823678,0.00889202769000223
12.761,1,-4.009608694373347,3.000014295397732,1.202828333491799,0.012637487451039695
12.771,0,-3.9972060069925037,-2.994530143713731,1.2015991512170459,0.008589356533265008
12.771,1,-4.0096669030872505,2.9999243785013023,1.202762786484628,0.012495820073325297
12.781,0,-3.9972817539993892,-2.994504562352675,1.2016253708701081,0.00828446878455685
12.781,1,-4.009722842772281,2.999836167649337,1.2026954925270361,0.01237039850072095
12.791,0,-3.9973577690975715,-2.994479905661948,1.2016409339830967,0.00805104722178117
12.791,1,-4.009776494608811,2.9997497681590892,1.202626183845638,0.012258414870284635
12.801,0,-3.997433818250954,-2.9944563154001207,1.201644944538681,0.00794348250826014
12.801,1,-4.009827838941605,2.9996652551133445,1.2025546960030051,0.012158642057084211
12.812,0,-3.9975096652611692,-2.9944339090198335,1.2016372888378815,0.007976204366893223
12.812,1,-4.009876855887213,2.9995826708134077,1.2024809924529607,0.01206249486518442
12.822,0,-3.9975850763422587,-2.9944127824074185,1.2016195352472605,0.008090537455634024
12.822,1,-4.009923523430349,2.9995020249022333,1.2024052579049964,0.011962323112485929
12.831,0,-3.997659829302377,-2.9943930153738005,1.2015931689141053,0.00824375221016226
12.831,1,-4.009967811601869,2.9994232967761842,1.2023276921555308,0.01186130309931602
12.841,1,-4.010009676640298,2.9993464392433906,1.2022484553909658,0.01176181416199346
12.841,0,-3.9977337222094946,-2.994374679053274,1.201559255230985,0.008415353015331925
12.85,0,-3.997806579128505,-2.994357841921829,1.2015185711801388,0.008597577550378755
12.85,1,-4.010049057371047,2.9992713823774313,1.20216768599368,0.011665572423140572
12.862,0,-3.9978782535440476,-2.994342574104983,1.201471683522449,0.008787786605661096
12.862,1,-4.010085873596388,2.9991980373060625,1.202085500658441,0.011573940033277814
12.871,0,-3.9979486296081865,-2.9943289508145052,1.2014192972130806,0.008931170484636852
12.871,1,-4.0101200250166995,2.999126300343169,1.202002323276805,0.011425795973523428
12.881,0,-3.9980176198307715,-2.9943170573497877,1.2013638200492436,0.008911833770347722
12.881,1,-4.0101513890860625,2.99905605863686,1.201919639122971,0.011172764214788964
12.891,0,-3.998085164470566,-2.9943069890654206,1.2013076855154894,0.008765774727041433
12.891,1,-4.010179823542567,2.998987195140573,1.2018387210012003,0.01084911227198637
12.902,0,-3.9981512290647587,-2.9942988520105134,1.2012525560815979,0.008532134803659852
12.902,1,-4.010205166943402,2.9989195950074863,1.201760442242891,0.010480167006637045
12.911,0,-3.9982158006950748,-2.994292764088147,1.201199555645449,0.008241953764249249
12.911,1,-4.010227239725784,2.998853150737467,1.2016853870885498,0.010085395601805106
12.921,0,-3.998278884497722,-2.9942888551950175,1.2011494462220114,0.007919087678389987
12.921,1,-4.010245846237757,2.9987877657955018,1.2016139402460486,0.009679467878527094
12.931000000000001,0,-3.9983405007984,-2.994287266125283,1.2011025916350135,0.007606928545186222
12.931000000000001,1,-4.010260778296143,2.9987233566958285,1.2015461063473762,0.00932420286680612
12.941,0,-3.9984006826296694,-2.9942881423804195,1.2010585250986892,0.007346687823234704
12.941,1,-4.01027182304972,2.9986598525324544,1.2014806719687785,0.009087548691035712
12.951,1,-4.010278766590151,2.9985971926403643,1.2014164507379734,0.008940443609467497
12.951,0,-3.9984594708011447,-2.9942916212269406,1.2010167057664198,0.007128196215542226
12.961,0,-3.99851691023279,-2.994297817347831,1.20097675314567,0.006944912619452885
12.961,1,-4.010281400465683,2.9985353225185887,1.2013526375650534,0.008863638107134985
12.971,0,-3.9985730476768797,-2.9943068125654877,1.2009384006278758,0.00679237226308281
12.971,1,-4.010279527933042,2.9984741903804113,1.2012887000723411,0.008845100255627522
12.982,0,-3.99862793088384,-2.9943186480261064,1.2009009328562181,0.006744417978071159
12.982,1,-4.010272968891139,2.998413744641672,1.2012242216971656,0.008889551892615468
12.991,0,-3.998681611063955,-2.9943333207544733,1.2008619334079482,0.00686055743453885
12.991,1,-4.010261564943974,2.9983539314561054,1.2011586978210418,0.009001444703424868
13.0,0,-3.9987341458518677,-2.9943507992516447,1.200819340770381,0.007107614771703905
13.0,1,-4.010245183765662,2.9982946916432627,1.2010917466077735,0.009169602037210615
13.011,0,-3.998785604186418,-2.994371035132097,1.2007717787129193,0.0074631248948216645
13.011,1,-4.010223723174805,2.9982359580393663,1.201023128753326,0.009385583027582713
13.021,1,-4.010197113580745,2.9981776538986673,1.2009526978619958,0.009642058846093897
13.022,0,-3.9988360696384775,-2.994393970750973,1.200718342196675,0.007907364694223666
13.031,0,-3.9988856419095873,-2.994419544991338,1.2006584541932699,0.008422200620135855
13.031,1,-4.010165318798067,2.998119692153013,1.2008803758708386,0.009932820324295915
13.041,0,-3.9989344369181996,-2.994447697784957,1.2005918772453807,0.00896103442869195
13.041,1,-4.0101283355041515,2.9980619753721296,1.200806168097464,0.01024178048817896
13.051,0,-3.9989825835580093,-2.9944783738220124,1.200519316110045,0.009448944442165347
13.051,1,-4.010086190310112,2.998004398142005,1.2007304017936349,0.010544022101025275
13.061,1,-4.010038937754491,2.997946856052535,1.2006534394870263,0.010844218809919896
13.062,0,-3.999030213797299,-2.9945115181281916,1.2004416185726816,0.009896366215113257
13.071,0,-3.999077450823142,-2.9945470713479194,1.2003593859237436,0.010314145054451017
13.071,1,-4.009986656922715,2.997889256030755,1.2005755351670826,0.011145443980969531
13.082,0,-3.9991244003049045,-2.994584967192065,1.2002730567765414,0.010707841169299064
13.082,1,-4.0099294475958525,2.9978315236781348,1.2004968742249749,0.011446996814425861
13.091,0,-3.999171144752434,-2.994625130724306,1.2001829746163972,0.011081418338097615
13.091,1,-4.009867426978869,2.9977736079675985,1.2004176102637147,0.01174742347574684
13.101,0,-3.9992177403410283,-2.9946674773145388,1.2000894461741958,0.011427309195672265
13.101,1,-4.009800724013738,2.997715483794165,1.2003385201249466,0.01192994971009243
13.112,0,-3.999264217961438,-2.9947119108567226,1.1999928803480286,0.011739873137795702
13.112,1,-4.009729471993562,2.9976571541626824,1.2002625721194597,0.011922868915426462
13.121,0,-3.9993105907204995,-2.994758318597986,1.1998936069731745,0.012026340596381307
13.121,1,-4.009653825643966,2.997598655383035,1.20019231320929,0.011813825212627256
13.131,0,-3.9993568620106617,-2.994806567232809,1.199791865461568,0.012291854677382127
13.131,1,-4.009573966867967,2.9975400603116347,1.200129460283344,0.011665986302124011
13.141,1,-4.009490105371077,2.9974814789230786,1.2000751451380862,0.011522822904960773
13.142,0,-3.9994030317108313,-2.994856501235716,1.1996878259363288,0.012539715626928233
13.152,0,-3.9994491006552573,-2.994907943707012,1.1995820952284149,0.012665043040470279
13.152,1,-4.009402479903476,2.997423056963093,1.200029617154726,0.011457772067683813
13.161,0,-3.9994950724623286,-2.9949607041498956,1.1994768674097749,0.012590040358964012
13.161,1,-4.0093113602063415,2.9973649704276197,1.1999912465709492,0.011487478029479956
13.171,0,-3.999540951780812,-2.9950145932001533,1.1993740337324712,0.012380518717749766
13.171,1,-4.00921703601718,2.9973074143619836,1.1999585106409876,0.011560980814250619
13.181,0,-3.9995867415322586,-2.995069439780016,1.1992748624207668,0.012084266830085063
13.181,1,-4.009119812527047,2.997250592112023,1.1999303437165663,0.011648600572656717
13.191,0,-3.999632440625597,-2.995125103538833,1.1991801883467466,0.011735997522884768
13.191,1,-4.009020007678324,2.997194707163159,1.1999059864277233,0.01173279679113151
13.201,0,-3.9996780422759395,-2.9951814827135066,1.1990905394462577,0.011360382581527344
13.201,1,-4.008917949063825,2.9971399570262776,1.1998848887305493,0.01180278919485131
13.212,0,-3.9997235329151244,-2.9952385178298067,1.1990056560447249,0.011082064706826655
13.212,1,-4.0088139713140105,2.9970865282086616,1.199866248412565,0.011867036962590692
13.221,0,-3.9997688914763545,-2.9952961899531014,1.1989237316678463,0.010946370077167523
13.221,1,-4.0087084123148555,2.9970345914315484,1.1998483801181206,0.011924100623143108
13.231,0,-3.9998140887043703,-2.995354514751537,1.1988432619842506,0.010906482088868217
13.231,1,-4.008601604174407,2.9969842995159786,1.1998299628638776,0.01196615751820635
13.241,0,-3.999859086901826,-2.9954135349609183,1.1987631990167058,0.010934394931776706
13.241,1,-4.008493867853563,2.9969357850916793,1.1998101010834574,0.011991782109924251
13.251,0,-3.999903840096575,-2.9954733139136773,1.1986828039498294,0.011009682598006857
13.251,1,-4.0083855094874465,2.996889159265925,1.199788192782678,0.012001563355145864
13.261,0,-3.9999482945448808,-2.99553393007973,1.1986015770388838,0.011118642848139022
13.261,1,-4.008276817600966,2.996844511352318,1.1997638589396031,0.01199701074338871
13.271,1,-4.008168061108416,2.9968019098354546,1.1997371295144819,0.01196342841867998
13.272,0,-3.999992389357309,-2.9955954729983354,1.1985197041335736,0.011137735777434323
13.281,0,-4.000036057497213,-2.9956580408515743,1.198439967291508,0.010926020467319485
13.281,1,-4.008059486856829,2.996761405655148,1.1997090380048085,0.011886026462261353
13.291,1,-4.007951315046961,2.9967230343439217,1.199680522037191,0.011773434102570549
13.292,0,-4.000079230627523,-2.9957217318890232,1.1983650523998213,0.010572216978351083
13.301,1,-4.007843734980658,2.996686820079285,1.1996522266748,0.011634025046810765
13.301,0,-4.00012184378527,-2.9957866379317717,1.1982967610671897,0.010147163893318118
13.312,0,-4.000163838587741,-2.995852840606013,1.1982362855137174,0.009705005867995746
13.312,1,-4.00773690276448,2.9966527794638655,1.1996245949214945,0.01147528919951827
13.321,0,-4.0002051655454,-2.9959204087819296,1.1981843161815522,0.009301912844811645
13.321,1,-4.007630940567756,2.9966209244293642,1.1995979071150797,0.0113051566978299
13.331,0,-4.000245787910233,-2.995989396470129,1.198140540665679,0.00899842829718707
13.331,1,-4.007525935892081,2.996591263163386,1.1995721838361821,0.011133311885959916
13.341,0,-4.00028569194962,-2.996059844404174,1.1981042811797056,0.008783807966565907
13.341,1,-4.007421937742353,2.996563796801607,1.1995473459039125,0.010963454600612047
13.351,0,-4.000324898715827,-2.996131782677197,1.198075016158396,0.008646079396345513
13.351,1,-4.007318952453838,2.9965385145084986,1.1995233487350003,0.010799488119672632
13.361,0,-4.000363471730559,-2.9962052326202016,1.1980523391862636,0.008576947155453086
13.361,1,-4.007216941734585,2.9965153900975174,1.19950016270501,0.010645774986651447
13.372,0,-4.000401520889737,-2.9962802083209543,1.1980358121618193,0.00857747458744587
13.372,1,-4.007115822762893,2.996494380081799,1.1994776051026261,0.010518432977694636
13.382,0,-4.0004391997450215,-2.996356715882296,1.1980238966801064,0.008647535561426176
13.382,1,-4.007015473692993,2.996475423868471,1.1994543913259426,0.010443552305666558
13.391,1,-4.006915755298404,2.996458456898479,1.1994291925912721,0.010416081364194238
13.392,0,-4.00047668294928,-2.996434753158662,1.1980148642461819,0.008755141505895181
13.401,0,-4.000514137971167,-2.9965143080401933,1.1980075042202643,0.008882287358729557
13.401,1,-4.006816534833107,2.996443423766679,1.1994011185720301,0.010431305840973836
13.411,0,-4.00055170478564,-2.996595356051669,1.1980009688657962,0.00901904319247133
13.411,1,-4.00671770303519,2.9964302860863747,1.1993695882953093,0.010484112040154345
13.421,0,-4.000589482469877,-2.9966778588694356,1.1979946618150241,0.009158997418539514
13.421,1,-4.006619185678221,2.996419026990803,1.19933422378539,0.010568902427355437
13.431000000000001,0,-4.000627521061796,-2.996761763400839,1.197988086416301,0.009299559452591654
13.431000000000001,1,-4.006520950997933,2.9964096533568476,1.199294832361103,0.010669998240032029
13.442,0,-4.00066581898816,-2.9968470011655035,1.197979845073615,0.009449822606537867
13.442,1,-4.006423013222611,2.996402197118748,1.1992523933236552,0.010714595559799983
13.452,0,-4.00070433428289,-2.99693349647999,1.1979682561221856,0.00961601238829331
13.452,1,-4.006325426690828,2.996396704709211,1.199208599106035,0.010699391436387793
13.461,0,-4.000743002620216,-2.997021177978255,1.19795216475052,0.009805541241667182
13.461,1,-4.00622827325463,2.996393219216731,1.199164645209567,0.010638666452901558
13.471,0,-4.000781751317712,-2.99710998622636,1.1979307959401118,0.010024502784289084
13.471,1,-4.0061316513740755,2.996391768582488,1.1991213447323126,0.01054460154608205
13.481,0,-4.000820509351826,-2.9971998793271672,1.1979040723972947,0.010239860366388185
13.481,1,-4.006035667559898,2.996392358115283,1.1990793842392213,0.010410604037402668
13.491,0,-4.00085921113744,-2.997290835364089,1.197874169821462,0.010389353699003023
13.491,1,-4.0059404300072465,2.9963949672110655,1.1990399210573555,0.010226957192448661
13.501,0,-4.000897789800786,-2.997382841896223,1.1978432453705001,0.010483419375165597
13.501,1,-4.005846043225432,2.996399546776966,1.1990039363505733,0.010015910750153973
13.511,0,-4.000936168849409,-2.9974758858918524,1.1978127797215152,0.010537640673894243
13.511,1,-4.005752604204664,2.996406019607348,1.19897206996977,0.009794250218317875
13.518,0,-4.000974256695438,-2.997569947011109,1.1977837724187632,0.010565301733653274
13.518,1,-4.0056601998866554,2.9964142822409663,1.1989447344252604,0.009573884653757655
13.531,0,-4.001011943481302,-2.9976649928924917,1.1977568897032445,0.01057598456803446
13.531,1,-4.005568905485069,2.996424207151254,1.1989221794614533,0.009363712472346299
13.541,0,-4.001049099663661,-2.9977609761099315,1.197732572021577,0.010573874553891492
13.541,1,-4.005478783478452,2.996435645200472,1.1989044869895358,0.009173449366138137
13.552,0,-4.0010855768576885,-2.9978578330195087,1.1977113627762648,0.010556718555743937
13.552,1,-4.00538988275135,2.9964484269267713,1.1988906134212192,0.009023670957458058
13.561,0,-4.001121214551684,-2.997955484022136,1.1976937848084996,0.010531547428151515
13.561,1,-4.005302243722823,2.996462363877372,1.1988788317314227,0.008895353557022197
13.571,0,-4.001155849739045,-2.9980538351795407,1.1976801736536127,0.010503805357668887
13.571,1,-4.00521590723021,2.996477249410976,1.1988679226395471,0.00877479445469528
13.58,0,-4.001189324524923,-2.9981527803872314,1.1976707283334063,0.010476877519369866
13.58,1,-4.005130920062219,2.99649285839779,1.1988570434694206,0.008655203532382314
13.591,1,-4.005047338433817,2.9965089479464124,1.198845609806719,0.008532576498687989
13.591,0,-4.001221491610154,-2.998252203563149,1.1976655583228135,0.010452765054457894
13.601,1,-4.004965230143169,2.9965252589026963,1.1988333014446564,0.008399652664151777
13.601,0,-4.001252218479672,-2.9983519806813606,1.1976644880554408,0.010432027480438838
13.612,0,-4.001281392790086,-2.9984519804663137,1.1976653189128306,0.010402993906113059
13.612,1,-4.004884676890793,2.99654151804764,1.198820688109488,0.008239867959928872
13.621,0,-4.001308921733293,-2.998552062875876,1.1976654611153401,0.010359731382939207
13.621,1,-4.004805775284918,2.9965574422790398,1.1988085779483886,0.008054410093814489
13.631,0,-4.001334730738397,-2.9986520757787294,1.197663137682057,0.010308978468201146
13.631,1,-4.004728637701976,2.996572744075055,1.198797505958481,0.00784623718848162
13.642,0,-4.001358763782555,-2.998751852729352,1.19765714552598,0.010259504154020986
13.642,1,-4.004653392809891,2.996587136135016,1.1987878133785128,0.007617517880743517
13.651,0,-4.001380982887589,-2.998851212446089,1.1976467932460453,0.010215073639416908
13.651,1,-4.00458018431338,2.9966003357043847,1.1987794076315346,0.007378977870466767
13.661,0,-4.001401364755179,-2.998949960607959,1.1976319969635933,0.010173264445160628
13.661,1,-4.004509165076389,2.996612072467624,1.1987710466682868,0.007138076599481523
13.671,0,-4.001419893525862,-2.999047895426711,1.1976128025630057,0.010133664506612901
13.671,1,-4.004440489062456,2.996622100165861,1.1987616198433535,0.006895246632638676
13.681000000000001,0,-4.001436553117792,-2.9991448133982614,1.197589253367693,0.010096258104307435
13.681000000000001,1,-4.004374301994175,2.996630208003364,1.1987503593268116,0.006656161429203875
13.691,0,-4.001451321601352,-2.9992405136741827,1.1975614076670074,0.010061057849197442
13.691,1,-4.004310734567496,2.9966362284736756,1.1987367500336676,0.006427998588283798
13.701,0,-4.001464166727279,-2.9993348006163445,1.1975297830393599,0.009988241983705766
13.701,1,-4.00424989927832,2.9966400407645173,1.198720926476287,0.006183300871427104
13.712,0,-4.001475044515406,-2.999427482723503,1.1974964250906937,0.009835690545020731
13.712,1,-4.004191889575593,2.99664156701308,1.1987047534705813,0.00588815521691499
13.721,0,-4.001483910679921,-2.9995183716752734,1.1974631038303465,0.009618958105051626
13.721,1,-4.0041367686823754,2.9966407677304887,1.198689889403368,0.005561244502013663
13.731,0,-4.001490729624743,-2.9996072796578894,1.19743102602405,0.009353828228522734
13.731,1,-4.00408456376669,2.9966376329686484,1.19867745934371,0.005225680034665976
13.741,0,-4.0014954800216085,-2.9996940174681614,1.1974010051359476,0.009053667353647155
13.741,1,-4.004035263913188,2.9966321742625537,1.198668209190464,0.004904366506851108
13.751,1,-4.003988820112038,2.9966244182346022,1.1986626328112786,0.004618394264701695
13.752,0,-4.001498158374637,-2.999778393774863,1.1973735805684969,0.008728430979497334
13.762,0,-4.001498782038683,-2.9998602165175843,1.1973485988037211,0.008423862967794103
13.762,1,-4.003945145600341,2.9966144024070926,1.198660659951973,0.004387428715200953
13.772,0,-4.001497392037992,-2.9999392982650144,1.19732407554866,0.008170686238983503
13.772,1,-4.003904117695708,2.9966021685795656,1.1986608194099115,0.004201814537832257
13.781,0,-4.00149404741379,-3.0000154561882417,1.197298239444077,0.007956196354288804
13.781,1,-4.003865590559938,2.9965877416540816,1.1986617978804888,0.004050859568460845
13.791,0,-4.001488822469471,-3.0000885156993946,1.1972698784348614,0.0077788937379260105
13.791,1,-4.0038294038907845,2.9965711131734434,1.198662696694721,0.003935721606843534
13.801,0,-4.001481804968393,-3.000158314190385,1.1972381698801726,0.007641203120150059
13.801,1,-4.003795388535998,2.996552231495826,1.1986629055385631,0.0038621970369433433
13.811,0,-4.001473092559077,-3.000224700639912,1.1972034509917646,0.007441064746378843
13.811,1,-4.003763371335249,2.9965309961183078,1.1986623442947215,0.0038348900083687285
13.82,0,-4.001462786425606,-3.0002875344564517,1.1971683731763474,0.007113322224409162
13.82,1,-4.003733177488379,2.996507262763349,1.198661868200763,0.0038548917606316974
13.831,0,-4.001450987535306,-3.0003467003118143,1.1971351271962638,0.006694166213486527
13.831,1,-4.003704626928377,2.9964808673951078,1.1986622101066569,0.003925727274909503
13.841,0,-4.001437789027159,-3.000402113545733,1.1971051775838903,0.006219278665692206
13.841,1,-4.003677533061184,2.9964516473861447,1.198663860103337,0.004049334605789286
13.852,0,-4.001423270117927,-3.0004537216480016,1.1970794930194346,0.005720189008076289
13.852,1,-4.003651702969289,2.9964194564916697,1.1986671359214176,0.004223861314438583
13.861,0,-4.001407492109408,-3.000501504433167,1.1970586887059889,0.005225078087144946
13.861,1,-4.003626938345846,2.9963841751600024,1.1986722332497879,0.004443999390609731
13.871,0,-4.001390495748606,-3.0005454718799998,1.1970434305988855,0.0047389259911005685
13.871,1,-4.003603036817924,2.9963457177518817,1.1986790698921477,0.0046920899762777175
13.881,0,-4.001372300796476,-3.00058565885379,1.1970351867375426,0.004307412196184385
13.881,1,-4.00357979439853,2.996304038068311,1.1986865191578173,0.00494400551054608
13.891,0,-4.001352911519848,-3.000622124590355,1.197035148171498,0.004030136195350885
13.891,1,-4.003557012474979,2.996259124239447,1.1986934868470274,0.0052003219346641975
13.901,1,-4.003534503813016,2.99621099419323,1.1986992163419725,0.0054638161393909205
13.901,0,-4.0013323215156005,-3.000654948404011,1.1970440725209899,0.003990807403531833
13.911,0,-4.001310517319157,-3.0006842248955774,1.1970624332189561,0.004222180315027882
13.912,1,-4.003512096556747,2.996159692356965,1.1987031916278945,0.0057358758317681965
13.921,0,-4.00128748133785,-3.0007100601020054,1.1970904992233207,0.004693648296224036
13.921,1,-4.003489636893548,2.9961052863636684,1.1987050568186963,0.00601608627694346
13.932,0,-4.001263194699833,-3.0007325700512313,1.1971278771225986,0.005232555304897248
13.932,1,-4.003466990318758,2.996047861968062,1.1987051551436887,0.006301223601808489
13.942,0,-4.0012376371199005,-3.0007518828172954,1.1971723221756516,0.005668299909326844
13.942,1,-4.003444038130145,2.9959875180789854,1.1987058659691325,0.006584010748866627
13.951,0,-4.001210774968505,-3.000768131798284,1.1972218315781797,0.006011218855869301
13.951,1,-4.00342066715666,2.995924378228455,1.1987092711429042,0.006873141668694836
13.961,1,-4.003396759666526,2.9958585955696697,1.1987167749564474,0.00718079760776518
13.962,0,-4.00118255186879,-3.000781455047731,1.1972750047570397,0.006284682972135907
13.972,0,-4.001152883514302,-3.000791995629429,1.1973308564524696,0.006510711211800029
13.972,1,-4.003372186578719,2.9957903538758353,1.1987293010691122,0.007513962685583501
13.982,0,-4.001121656410339,-3.0007999026313987,1.197388125173776,0.006576099411117173
13.982,1,-4.003346803388216,2.9957198668168217,1.1987475012889472,0.007877963576406842
13.991,0,-4.001088736565091,-3.000805332718207,1.1974438581747273,0.006403964553238108
13.991,1,-4.00332044922428,2.9956473715593073,1.198771999416774,0.008277844944724744
14.002,0,-4.001053986708866,-3.0008084409027296,1.1974955915774514,0.006094047481644488
14.002,1,-4.003292950087207,2.9955731132168713,1.1988032281591188,0.008711621807617068
14.011,0,-4.001017285812923,-3.0008093771463518,1.1975416637515444,0.005725795457020713
14.011,1,-4.003264122650163,2.99549732904846,1.19884143218174,0.00917585641320086
14.022,0,-4.000978543466118,-3.0008082853403835,1.1975809737031191,0.005363870056291104
14.022,1,-4.003233777384549,2.9954202368724343,1.198886729420065,0.009666512530952598
14.031,0,-4.000937709195032,-3.0008053027666697,1.1976128094958198,0.005062248372704304
14.031,1,-4.003201721061847,2.995342027247675,1.1989391498224,0.010179886125732318
14.042,0,-4.000894777480103,-3.0008005596539458,1.1976368522793575,0.004880656325808992
14.042,1,-4.003167759563655,2.9952628590173713,1.1989982906264731,0.010641291886183972
14.052,0,-4.000849787793259,-3.0007941765585633,1.197653768046461,0.004849439107544025
14.052,1,-4.003131704781754,2.99518286153923,1.1990612562658383,0.010903722383673625
14.062,0,-4.000802823013064,-3.0007862593941286,1.1976643919544223,0.004923687179974643
14.062,1,-4.003093374247514,2.9951021438981202,1.199124999497605,0.011017858113184063
14.071,0,-4.00075400481671,-3.0007768928448044,1.1976693369394458,0.005067136389740368
14.071,1,-4.003052592721519,2.9950208085821313,1.1991874125260669,0.011036147289199407
14.082,0,-4.000703488125715,-3.0007661355436337,1.197669057137715,0.005253860287990719
14.082,1,-4.003009195758099,2.994938962492037,1.1992470643387079,0.010999156601508978
14.091,0,-4.000651455876704,-3.0007540175563396,1.1976638968680091,0.005465994928641088
14.091,1,-4.002963032517638,2.994856724222473,1.1993029916304943,0.010935507566136314
14.101,0,-4.000598114082691,-3.000740539539057,1.1976541654895898,0.005688615253754511
14.101,1,-4.00291396708271,2.9947742284428363,1.199354798769743,0.010902217838777935
14.111,0,-4.000543687484437,-3.0007256713924466,1.1976404191871173,0.00590382754365564
14.111,1,-4.002861875417503,2.9946916287342575,1.1994039334672995,0.01096878907244961
14.122,0,-4.000488417341055,-3.0007093481042357,1.1976231919302374,0.006104741129169466
14.122,1,-4.00280665050706,2.994609102033144,1.1994520751176923,0.011097625811287428
14.131,0,-4.000432559449109,-3.000691465480383,1.1976028694390521,0.006289527224562209
14.131,1,-4.002748204916344,2.9945268514264467,1.1995003655561778,0.011263274393702023
14.141,0,-4.000376381876971,-3.0006718783727444,1.1975797348250763,0.006458931997778127
14.141,1,-4.0026864702587215,2.9944451066012454,1.1995495721588538,0.011449725199876833
14.151,0,-4.000320162622575,-3.0006504011637896,1.1975540264583224,0.006611631541400444
14.151,1,-4.00262139713389,2.994364122669684,1.1996000614499835,0.01162809137778366
14.161,0,-4.000264186542667,-3.0006268112235976,1.197526112544751,0.0067431980019429134
14.161,1,-4.00255295970486,2.9942841777062275,1.1996513612750168,0.011767853523436227
14.172,0,-4.000208739759232,-3.0006008595328173,1.197496334875549,0.006859727206955124
14.172,1,-4.002481164784501,2.994205571112076,1.199702922662017,0.011874863555611436
14.181,0,-4.000154103473444,-3.000572282829962,1.1974649392175511,0.006968071543039812
14.181,1,-4.002406062704838,2.9941286212940823,1.1997543585750745,0.011952442715563848
14.191,0,-4.000100548990105,-3.000540813378008,1.1974321029583481,0.007075127969174559
14.191,1,-4.002327754413679,2.994053662316094,1.199805394685519,0.012002071661137235
14.202,0,-4.000048333933217,-3.000506186578162,1.197397954249845,0.007187606872049228
14.202,1,-4.002246394781003,2.993981040127429,1.1998558356970608,0.01202348123209845
14.211,0,-3.999997699590235,-3.0004681463498,1.1973626935327084,0.007296393837101585
14.211,1,-4.002162193266247,2.993911108336693,1.1999054444676132,0.012001521803688117
14.221,0,-3.999948867066589,-3.000426449517881,1.197326994931908,0.007388786813094279
14.221,1,-4.002075412627793,2.993844220382626,1.1999531502272263,0.011898720587213484
14.232,0,-3.9999020257713016,-3.0003808767190554,1.197291472702053,0.007482011904587921
14.232,1,-4.00198635589461,2.993780720609292,1.1999977435749596,0.011734816868761292
14.242,0,-3.999857322651606,-3.0003312411684626,1.1972565345085664,0.007589623934964357
14.242,1,-4.001895351530936,2.9937209344289366,1.2000384067425538,0.011528612231142767
14.251,0,-3.99981485570012,-3.0002773935332043,1.1972224455065998,0.007720897254041545
14.251,1,-4.001802742762709,2.993665159871358,1.2000745958181507,0.011294526546122318
14.261,0,-3.99977467068369,-3.0002192243725263,1.1971893719720132,0.007881233892310812
14.261,1,-4.001708878585344,2.993613661850096,1.2001059579022724,0.01104392004254566
14.271,0,-3.9997367605695375,-3.0001566644587343,1.197157467014906,0.00806457927416294
14.271,1,-4.001614106332133,2.993566669251956,1.2001324007971252,0.010796501317240017
14.281,0,-3.9997010703155302,-3.00008968204743,1.197127348024553,0.008251851699371301
14.281,1,-4.001518765307343,2.9935243784147123,1.2001551210605628,0.01058000687817578
14.291,0,-3.9996675116725524,-3.0000182837363,1.1970996973403625,0.008453059444705107
14.291,1,-4.001423183944483,2.9934869489253266,1.200175617267827,0.01037850281064395
14.301,0,-3.9996359823348024,-2.9999425144127647,1.197074961141426,0.008673781911278804
14.301,1,-4.001327677025653,2.993454501166942,1.2001949278189041,0.010183562324193561
14.311,0,-3.9996063811258815,-2.999862454914953,1.1970534136839819,0.008914627281314993
14.311,1,-4.001232542900774,2.9934271186308226,1.2002137653680127,0.009992558062649107
14.322,0,-3.9995786189579077,-2.9997782185480255,1.1970353161905263,0.00916664903615882
14.322,1,-4.001138061490008,2.993404850113832,1.200232535090402,0.009801014685115635
14.331,0,-3.999552625853037,-2.9996899448958945,1.197021520045576,0.009422545632593551
14.331,1,-4.0010444917752475,2.9933877098638395,1.200251100358498,0.009604521405859176
14.342,0,-3.9995283489967752,-2.9995977969790677,1.1970128507058302,0.009694069806389845
14.342,1,-4.000952067841443,2.993375678810982,1.2002692429392803,0.009408244322337316
14.351,0,-3.999505748783196,-2.9995019562533383,1.197009833261915,0.009986923141587296
14.351,1,-4.000860995293214,2.993368704327939,1.2002868145532954,0.009217018440527858
14.361,0,-3.999484795975268,-2.9994026169412433,1.1970127821501848,0.010302025836635044
14.361,1,-4.000771449112367,2.9933667004291595,1.200303715190704,0.009035003430920665
14.372,0,-3.9994654692216,-2.999299981591696,1.197021800305769,0.010634899817347093
14.372,1,-4.0006835736458815,2.9933695514021252,1.200320349371664,0.008891069108390675
14.381,0,-3.9994477514549636,-2.9991942604743738,1.1970364529345674,0.010971802186591334
14.381,1,-4.000597487877077,2.9933771226994974,1.2003393482084816,0.008829226193204429
14.391,0,-3.999431624529636,-2.9990856757089355,1.1970562118506474,0.011303202820161194
14.391,1,-4.0005132896822415,2.9933892537200486,1.2003632024479036,0.008859114025200305
14.402,0,-3.9994170632572015,-2.9989744677261525,1.1970806733863388,0.011622531997615733
14.402,1,-4.000431063175087,2.9934057598483554,1.2003935823564456,0.00899170164968576
14.411,0,-3.99940403098835,-2.9988608995461403,1.1971095261105351,0.01192489261538423
14.411,1,-4.000350885474717,2.9934264384186746,1.2004315891219202,0.009230417328075197
14.42,0,-3.999392476874233,-2.9987452585301453,1.1971425222355008,0.012206179912824367
14.42,1,-4.0002728315447555,2.993451073593899,1.200477928513292,0.009569842873850333
14.431000000000001,0,-3.999382334390276,-2.9986278563267006,1.197179375714232,0.012454919907697206
14.431000000000001,1,-4.000196976638232,2.993479438974329,1.2005326466172053,0.009931749528179351
14.441,0,-3.9993735225830225,-2.9985090269279464,1.1972193028560132,0.012650687427390183
14.441,1,-4.000123394207253,2.9935112949077953,1.200593798086386,0.010197544036550694
14.451,0,-3.999365956439869,-2.9983891189613403,1.1972615107691822,0.012795934303882378
14.451,1,-4.000052157689821,2.993546394601122,1.2006594414919856,0.010380526037167959
14.462,0,-3.9993595583893047,-2.9982684877648573,1.1973054293940524,0.01289426376612716
14.462,1,-3.9999833388309787,2.9935844838133936,1.2007282326726971,0.010498698461273968
14.472,0,-3.9993542661759403,-2.9981474893092934,1.197350638869877,0.012948841960071511
14.472,1,-3.9999170051009454,2.993625298942224,1.200799236075738,0.010566998158914981
14.48,0,-3.9993500383728056,-2.9980264751169825,1.1973972379803657,0.013006860832550779
14.48,1,-3.9998532179821806,2.993668566719889,1.200871819948065,0.010601780928896451
14.491,1,-3.999792033001123,2.993714009505942,1.2009456553293762,0.01061780521614989
14.492,0,-3.9993468575111946,-2.997905787431114,1.1974473323058974,0.013134112222317588
14.502,0,-3.9993447242862388,-2.9977857518894107,1.1975029418395502,0.013320499434447368
14.502,1,-3.999733502265447,2.9937613622317154,1.2010205472259332,0.010619422895233193
14.511,1,-3.999677677633271,2.993810390206803,1.2010963581123903,0.010610495950637731
14.512,0,-3.999343652068677,-2.997666669525589,1.1975653897170027,0.013560569031736245
14.521,0,-3.999343662936938,-2.997548811195559,1.1976355189582566,0.013850758450443793
14.521,1,-3.999624613026654,2.993860901413541,1.201172992460716,0.010594897077340666
14.531,0,-3.999344784400221,-2.9974324142059117,1.1977138430828043,0.014186445308830687
14.531,1,-3.9995743658853087,2.9939127540418653,1.2012503839345123,0.010576332143252107
14.541,0,-3.9993470462674625,-2.99731768003786,1.1978002099989893,0.014491923298495886
14.541,1,-3.9995269974399488,2.993965859914003,1.201328294271418,0.010520825637968875
14.551,0,-3.9993504770787878,-2.9972047748909167,1.1978928756395453,0.014695183736817708
14.551,1,-3.999482573042485,2.9940201812832985,1.2014058568589845,0.01040278985362274
14.561,0,-3.999355103648477,-2.9970938411109183,1.1979902552706652,0.014818863531909955
14.561,1,-3.9994411685281612,2.994075720110544,1.2014823330588924,0.010246291329094406
14.572,0,-3.999360949501203,-2.996985006843972,1.198091225047077,0.014881608777357197
14.572,1,-3.9994028742252934,2.9941325056786945,1.2015572323712702,0.010068843848237433
14.581,1,-3.99936779662256,2.9941905846606476,1.2016302356107558,0.009883302354407045
14.582,0,-3.999368033418572,-2.9968783925208182,1.1981949815789201,0.014898199195636253
14.591,0,-3.9993763685353327,-2.996774115385738,1.1983009501935515,0.014880091675308271
14.591,1,-3.9993360587058517,2.9942500134419316,1.2017011420162755,0.00969926928829701
14.601,0,-3.9993859618394296,-2.9966722926259797,1.1984087839924331,0.014849942680205216
14.601,1,-3.999307798840622,2.9943108520453943,1.2017697303238508,0.009502891164835145
14.611,0,-3.9993968112669354,-2.996573042755378,1.198518568295946,0.014833090401302271
14.611,1,-3.9992831642591877,2.994373157255643,1.2018353611108223,0.009276305926807364
14.619,0,-3.999408894571489,-2.9964764818770204,1.1986304439846562,0.01482508915354562
14.619,1,-3.9992622976334187,2.9944369735183636,1.2018974680420351,0.00904201362641884
14.631,0,-3.9994221585590166,-2.9963827197326154,1.198744483808651,0.014822812741409888
14.631,1,-3.9992453220073854,2.9945023242185056,1.2019556898281265,0.008816867635839483
14.642,0,-3.9994365126823697,-2.996291857038814,1.1988607143730763,0.014823989191180473
14.642,1,-3.99923232988689,2.9945692059021396,1.2020098082942168,0.008612773438145078
14.652,0,-3.9994518257121823,-2.996203982184627,1.1989786728822662,0.014719294954528292
14.652,1,-3.99922337790852,2.994637585684632,1.202060039912665,0.008493897649703638
14.661,1,-3.9992184909453434,2.994707401604347,1.2021082476327263,0.0085213490508969
14.662,0,-3.999467926301242,-2.9961191605296507,1.1990957291438327,0.014372224783101968
14.671,0,-3.9994846149275998,-2.9960374252155604,1.1992093981290923,0.013855980791574659
14.671,1,-3.9992176630467604,2.9947785588585383,1.2021562247376851,0.008645559892970297
14.681000000000001,0,-3.9995016751265955,-2.9959587637922684,1.199318001187506,0.013228136579796945
14.681000000000001,1,-3.999220865440016,2.994850929359476,1.2022051940541634,0.008833601115194382
14.691,0,-3.999518881702833,-2.995883108077246,1.1994204190195012,0.01253093400774817
14.692,1,-3.999228055252864,2.9949243535852546,1.2022559807671533,0.009063582662423996
14.701,0,-3.999536007194446,-2.9958103281086497,1.1995155764311083,0.011725160913972854
14.701,1,-3.9992391810043997,2.9949986429515967,1.2023089345736697,0.00929166740408534
14.712,0,-3.9995528283971313,-2.9957402339491157,1.1996015164070957,0.01078855003269956
14.712,1,-3.9992541817938423,2.9950735845067453,1.2023637333329062,0.00949407645649213
14.721,1,-3.999272981580265,2.995148949592287,1.2024200552599174,0.00967460730782254
14.721,0,-3.9995691336337895,-2.995672597059335,1.1996766716833438,0.00979245302436682
14.732,0,-3.999584728483473,-2.9956071688588994,1.199740034699582,0.008797915474335881
14.732,1,-3.9992954815375517,2.9952245012083547,1.202477666197281,0.009834915352565777
14.741,0,-3.9995994396157775,-2.995543694088172,1.1997909842096601,0.007860007647718673
14.741,1,-3.9993215552155745,2.995299999810065,1.2025363885421019,0.009976263865029948
14.751,0,-3.9996131171446634,-2.9954819210044716,1.1998291604129008,0.007036787986841526
14.751,1,-3.9993510464173347,2.9953752080604756,1.2025960890033427,0.01009922588831141
14.761,0,-3.999625635623652,-2.9954216090853247,1.1998545636845561,0.0064073299782366555
14.761,1,-3.9993837686171605,2.995449894596992,1.2026565693262752,0.010185166398292384
14.771,0,-3.999636894337801,-2.9953625336524023,1.1998681384182495,0.00601548432130116
14.771,1,-3.999419506229332,2.9955238377609636,1.2027170271217322,0.010199745113705604
14.782,0,-3.999646821033212,-2.9953044830889772,1.199870858231656,0.00584272186280933
14.782,1,-3.999458026525757,2.9955968295537487,1.2027766469713796,0.01016018972734172
14.791,0,-3.9996553745435226,-2.9952472558258525,1.1998634491722555,0.005866096093016594
14.791,1,-3.9994990918487816,2.9956686791093885,1.2028348754667808,0.010080751194633255
14.802,0,-3.9996625453758172,-2.995190658576981,1.1998464676731868,0.006056231501687749
14.802,1,-3.9995424680417972,2.995739215093395,1.2028913409451147,0.009971860950052227
14.811,1,-3.999587929814972,2.9958082876232757,1.2029454108315611,0.00978001286011422
14.812,0,-3.999668354960185,-2.995134505193499,1.1998203868182176,0.0063690367223539785
14.821,0,-3.9996728519407005,-2.9950786166378416,1.1997872492572372,0.0066137986581678125
14.821,1,-3.9996352593920355,2.995875769980088,1.2029947352192278,0.0094504655681968
14.832,0,-3.99967610963898,-2.995022823947176,1.1997504905209682,0.006734467546770512
14.832,1,-3.999684242554551,2.9959415517470145,1.2030371605048031,0.009055798496138863
14.841,0,-3.9996782247752445,-2.994966974561727,1.1997125800804758,0.006756670045286688
14.841,1,-3.999734659770487,2.9960055330727626,1.2030712591902077,0.008655312907060963
14.852,0,-3.9996793127814105,-2.994910937973752,1.1996752074489823,0.006712446559947189
14.852,1,-3.999786279146729,2.9960676212697597,1.2030961104598334,0.008295015382586455
14.861,0,-3.9996795034336685,-2.9948546091552317,1.1996395128945039,0.006629158945682155
14.861,1,-3.9998388524620743,2.9961277283896175,1.2031111479145806,0.008009711480950046
14.871,0,-3.9996789369951298,-2.9947979101883115,1.1996061586220759,0.00654296266818994
14.871,1,-3.999892113803847,2.9961857688283486,1.203116419990933,0.007824563393523979
14.881,1,-3.9999457816576207,2.9962416549050803,1.2031146077400732,0.007694715113904788
14.882,0,-3.9996777599793303,-2.994740791479965,1.1995748969307805,0.006492457479943249
14.891,0,-3.9996761168200203,-2.994683233574636,1.1995452574258973,0.006465933029687877
14.891,1,-3.9999995635983114,2.9962953060704143,1.2031086427844568,0.007556580269116359
14.902,0,-3.9996741418127555,-2.9946252485507787,1.1995168947761585,0.006453186460478138
14.902,1,-4.000053164844923,2.996346656940204,1.203100558989486,0.007388886492543208
14.911,0,-3.9996719536611365,-2.9945668801177887,1.1994895516363286,0.0064466517710714474
14.911,1,-4.000106295973311,2.9963956606364293,1.203091763160899,0.007188667689397313
14.921,0,-3.9996696519616224,-2.9945082025626077,1.199463031466578,0.0064403987290751
14.921,1,-4.000158678655303,2.9964422907064474,1.2030832284621564,0.006959735044639938
14.931000000000001,0,-3.999667315214651,-2.994449318814613,1.19943736577506,0.006408402672503474
14.931000000000001,1,-4.000210050146259,2.9964865425484417,1.2030753671291696,0.0067149204074766315
14.942,0,-3.999665001210378,-2.994390357714893,1.1994134806882355,0.0063252657776948695
14.942,1,-4.000260167290278,2.996528433790753,1.2030677587298326,0.00646129638191918
14.951,0,-3.9996627513852467,-2.9943314707007413,1.1993922581118943,0.006210351246757331
14.951,1,-4.0003088089603915,2.9965680006052944,1.2030600095911403,0.006199612055631319
14.961,0,-3.999660595813723,-2.994272827876976,1.1993742655043707,0.00607808665656721
14.961,1,-4.000355778010985,2.9966052954365625,1.2030518632508274,0.005931619158176466
14.972,0,-3.9996585571143206,-2.99421461417971,1.1993598500430556,0.005938220605115266
14.972,1,-4.000400902351372,2.9966403850356635,1.2030431579526502,0.005659498812836193
14.981,0,-3.9996566533843882,-2.994157025503271,1.1993488213593118,0.005813515643810879
14.981,1,-4.000444035306661,2.996673348576886,1.2030337432665477,0.005388430873952257
14.991,0,-3.9996549002568154,-2.9941002653460616,1.1993395970481004,0.005704430676224249
14.991,1,-4.000485055026235,2.996704275665136,1.2030232704477128,0.005125720010713042
15.001,0,-3.999653312614,-2.9940445453233164,1.1993307594896092,0.005593487689110245
15.001,1,-4.000523860685701,2.9967332622316816,1.2030114471164748,0.004873943107658552
15.011,0,-3.999651905676268,-2.993990085527862,1.1993213164576433,0.005475305509467886
15.011,1,-4.0005603686119064,2.996760406937284,1.2029981002397718,0.004635425505694614
15.022,0,-3.999650695693567,-2.9939371138346593,1.1993105751357154,0.005349267832153146
15.022,1,-4.000594509316,2.996785808559309,1.2029831388553252,0.0044121995978090005
15.031,0,-3.9996497003822333,-2.9938858647088753,1.1992980561033442,0.00521711010164937
15.031,1,-4.000626225122324,2.9968095640113757,1.2029665282428776,0.00420602995773319
15.041,0,-3.999648939239969,-2.993836578240882,1.1992836881658073,0.005054717399354956
15.041,1,-4.0006554681693975,2.9968317667957742,1.2029483272040837,0.004009805065386586
15.048,1,-4.000682199866431,2.9968525055385915,1.2029289948514659,0.0038036484183295066
15.049,0,-3.9996484347148678,-2.99378950013854,1.1992692742874749,0.00480458381019632
15.062,0,-3.9996482146984373,-2.9937448699786136,1.1992567797480471,0.004488718466705051
15.062,1,-4.000706397984193,2.9968718640025283,1.2029090319957476,0.0035901159968900684
15.071,1,-4.0007280643310805,2.9968899210179085,1.2028888052002573,0.0033736850872304147
15.072,0,-3.9996483153795803,-2.9937029095917804,1.199247521729888,0.00413915159263301
15.081,0,-3.99964878312974,-2.993663816237318,1.1992423654513438,0.003788819481009259
15.081,1,-4.000747229169021,2.9969067502199507,1.202868583057612,0.0031589522334438407
15.092,0,-3.9996496753569795,-2.9936277582105686,1.199241861086704,0.0034709641554225693
15.092,1,-4.000763953368999,2.996922419903732,1.2028485694658404,0.002949230949500255
15.101,0,-3.999651060494793,-2.993594872100838,1.1992462416406018,0.0032123706941411157
15.101,1,-4.000778328873943,2.996936993129793,1.202828814355588,0.002770320304362261
15.112,0,-3.999653016267199,-2.9935652617073143,1.1992549085927255,0.0030045654314772964
15.112,1,-4.0007904750635985,2.996950528852282,1.2028088319187156,0.002656403645626114
15.121,0,-3.999655625271423,-2.9935390080651296,1.1992671142339264,0.0028381263887732513
15.121,1,-4.000800523230489,2.996963083802836,1.2027881539290077,0.0025986242207842562
15.131,0,-3.9996589697446843,-2.993516180365851,1.199282307027832,0.0027116660960901954
15.131,1,-4.000808601194904,2.996974714910952,1.20276648660983,0.002588162995152648
15.142,0,-3.9996631274675365,-2.993496843094822,1.1993000788224872,0.002627757768583693
15.142,1,-4.0008148225779845,2.9969854810731182,1.2027436539064993,0.002616105033419396
15.151,0,-3.9996681690159996,-2.9934810614528793,1.1993202981190558,0.0026326837037115042
15.152,1,-4.000819280041942,2.996995444358159,1.2027193654087391,0.002726911728724994
15.161,0,-3.9996741552538166,-2.9934689030278916,1.1993437350381453,0.0027984384784813694
15.161,1,-4.000822046403406,2.997004671801278,1.2026924724243666,0.002983311700152348
15.171,0,-3.9996811309884337,-2.993460422555827,1.1993711514577052,0.00310452981412537
15.171,1,-4.000823186060338,2.99701323748626,1.2026619244498429,0.00334573029000615
15.181,0,-3.999689119627725,-2.9934556476905536,1.1994030352522256,0.0035162281817481167
15.181,1,-4.000822769532593,2.9970212250393167,1.2026270356778177,0.0037801235265717843
15.191,1,-4.00082088399536,2.9970287291769,1.2025873743664472,0.004260156478045905
15.192,0,-3.9996981201933544,-2.99345457046223,1.1994396843343287,0.003998492092488427
15.201,0,-3.9997081059863624,-2.993457142366621,1.1994812596792417,0.004523270594538116
15.201,1,-4.0008176398463915,2.997035856195197,1.2025426820686356,0.004767350420723324
15.211,0,-3.9997190246220478,-2.993463272341257,1.199527806560099,0.0050628972535457
15.211,1,-4.00081317382055,2.997042723610644,1.2024931771401588,0.005172524875699192
15.221,0,-3.9997308000728657,-2.9934728260061054,1.1995791382646614,0.0055876920595695455
15.221,1,-4.000807645869143,2.9970494573897533,1.2024415177356362,0.005251304005136569
15.232,0,-3.999743339585177,-2.9934856263113967,1.1996350172486006,0.006095527453650864
15.232,1,-4.000801231403426,2.997056183632724,1.2023905339899943,0.005097763622867916
15.241,0,-3.999756541578679,-2.9935014548930807,1.1996952495529813,0.006584995885889674
15.241,1,-4.000794108738652,2.997063018148757,1.202342152998481,0.004788242042419702
15.251,0,-3.9997703017191255,-2.9935200544153715,1.199759668485508,0.0070544102605953445
15.251,1,-4.000786448182306,2.997070058712771,1.2022976722289318,0.0043762952316379255
15.261,0,-3.9997845174945335,-2.9935411320985725,1.1998281265533546,0.007502600847932783
15.261,1,-4.000778404350616,2.9970773800512296,1.2022579518903207,0.0039004953077446405
15.269,0,-3.9997990915527426,-2.993564363729098,1.1999002990081358,0.00788080054383096
15.269,1,-4.000770110946191,2.997085031086916,1.2022235849353151,0.003379913602389064
15.281,0,-3.999813935075306,-2.993589399952105,1.1999752255634113,0.008153244625417774
15.281,1,-4.000761675377429,2.9970930355967793,1.202195080193025,0.0028317950932366135
15.292,0,-3.9998289729625065,-2.9936158797331407,1.2000520628693776,0.008346453730539204
15.292,1,-4.000753170455091,2.99710139751508,1.202172781844464,0.0022872473779797513
15.301,0,-3.999844147826946,-2.9936434415980613,1.2001302055812872,0.008479359892107687
15.301,1,-4.000744627598718,2.9971101067946693,1.2021568885945901,0.001789468119186904
15.311,0,-3.9998594222463644,-2.993671731967575,1.2002092161911788,0.00856547362544814
15.312,1,-4.000736033335493,2.997119144056961,1.2021474957730331,0.001415642357037406
15.322,0,-3.9998747796845464,-2.993700411525176,1.2002888936159426,0.00864407941341639
15.322,1,-4.000727328626576,2.997128484058339,1.2021444507777552,0.0012918928303776338
15.331,0,-3.999890223292943,-2.9937291621124156,1.200369521704816,0.008745110866585287
15.331,1,-4.000718414229455,2.9971380948462354,1.2021469621781153,0.0014114780271980668
15.341,0,-3.999905771527463,-2.993757696875886,1.2004513769172214,0.008859002129362942
15.341,1,-4.000709165406802,2.9971479294592527,1.2021543187151336,0.0016593999865331802
15.352,0,-3.9999214535869494,-2.9937857692523524,1.2005346328323496,0.008979735868302316
15.352,1,-4.0006994467163395,2.9971579175482077,1.202166003281982,0.0019562054003915107
15.361,1,-4.0006891233038955,2.997167960394889,1.2021816367657827,0.0022668280947936064
15.361,0,-3.999937305818551,-2.9938131785302757,1.2006193867571082,0.009103414008164662
15.372,0,-3.9999533688144897,-2.9938397723830414,1.2007056752506537,0.009225252009824108
15.372,1,-4.000678069053578,2.9971779286807783,1.2022010111970303,0.002596612810560556
15.381,0,-3.9999696855700613,-2.993865446584326,1.2007934307115542,0.009338082880213445
15.381,1,-4.000666170762141,2.997187662608022,1.2022244385582528,0.00297816962198907
15.392,0,-3.999986301691931,-2.9938901407363585,1.2008825650838184,0.00944514441927096
15.392,1,-4.000653327209029,2.9971969755198073,1.2022522989662783,0.003398325350067385
15.401,0,-4.000003266229349,-2.9939138324432952,1.2009730107184344,0.009548987828857457
15.401,1,-4.000639446083935,2.9972056590742975,1.2022848287239816,0.0038451066913062428
15.411,0,-4.000020632085573,-2.9939365318694082,1.201064713544887,0.009651447147879254
15.411,1,-4.000624441460107,2.9972134880983865,1.2023221644977458,0.004310233699423354
15.42,0,-4.0000384560516205,-2.9939582766583643,1.2011576281358927,0.00975361786125386
15.42,1,-4.000608231997987,2.997220224999843,1.2023643716637742,0.004786716949403319
15.431000000000001,0,-4.000056798562246,-2.9939791271355247,1.2012517194537113,0.009857446782948991
15.431000000000001,1,-4.000590739963722,2.997225624123734,1.2024113077990821,0.005224211156933133
15.441,0,-4.00007572420277,-2.9939991608144605,1.20134697387846,0.009964664468439162
15.441,1,-4.000571893040653,2.9972294388147276,1.2024617972557232,0.00553281734049362
15.45,0,-4.000095305039556,-2.994018463443798,1.2014433797970423,0.010074871908009039
15.45,1,-4.000551628468316,2.997231430972231,1.2025145949292806,0.005751724151500784
15.461,1,-4.000529898526944,2.9972313811710602,1.2025688435372148,0.005913322395775983
15.461,0,-4.0001156243004905,-2.994037119836908,1.2015409209386747,0.010187649002861657
15.471,1,-4.000506674705854,2.9972290963556443,1.2026239540242958,0.0060401154909664806
15.472,0,-4.000136778567769,-2.994055207167132,1.2016395767546273,0.010302590753505194
15.482,0,-4.000158878401945,-2.994072790460935,1.201739145689483,0.010374279499833251
15.482,1,-4.000481950808091,2.9972244164140758,1.2026788860958488,0.005995300883998387
15.491,0,-4.000182045284382,-2.9940899209290226,1.2018388319273932,0.010369476349627203
15.491,1,-4.000455740624524,2.997217221703559,1.2027306013208756,0.005690623283398069
15.502,0,-4.000206404220909,-2.994106637385264,1.2019379482343264,0.010314747021457411
15.502,1,-4.00042805757384,2.997207430345036,1.2027765356598292,0.005248749444416384
15.512,0,-4.000232075909223,-2.9941229687643376,1.2020360295445878,0.010228544291493736
15.512,1,-4.000398898109136,2.997194998883743,1.202814972529155,0.004774813960795026
15.522,0,-4.000259170951364,-2.9941389362311495,1.2021327639569364,0.010123664616937637
15.522,1,-4.000368231273214,2.9971799228394755,1.2028447873861075,0.004368860436788932
15.531,0,-4.00028778587948,-2.9941545548527393,1.2022279458000964,0.010009064934689397
15.531,1,-4.0003359924009585,2.997162235810322,1.202865266037852,0.00412636069718723
15.542,0,-4.000318000069362,-2.9941698351137545,1.202321107835922,0.009798577013876889
15.542,1,-4.000302079494318,2.997142006494283,1.2028763373335731,0.004139201696643503
15.551,1,-4.000266354964866,2.9971193303498094,1.202879824710766,0.0043618429454425674
15.552,0,-4.000349873061464,-2.9941847865101643,1.202410264462854,0.009388288472187369
15.562,0,-4.0003834500159465,-2.9941994252520963,1.2024935776532613,0.008853366924819712
15.562,1,-4.000228668039709,2.997094322939745,1.2028775578896451,0.004677454463447263
15.572,0,-4.000418766009209,-2.9942137822291364,1.2025698266173461,0.008251592601807349
15.572,1,-4.000188876882771,2.9970671091024705,1.202870811012832,0.005028023407077339
15.581,0,-4.000455848460118,-2.994227908202941,1.2026382159282716,0.007627110755059063
15.582,1,-4.000146863444798,2.997037813262915,1.202860477797423,0.005387515896250993
15.592,0,-4.000494719003404,-2.994241876596941,1.2026982406587619,0.007016054847790112
15.592,1,-4.000102543366323,2.9970065525033154,1.2028471842820498,0.005744586701830443
15.6,0,-4.000535395924322,-2.9942557845060254,1.2027501574399841,0.006573266837139874
15.6,1,-4.00005587151356,2.9969734315010603,1.2028315392949154,0.00608070684732543
15.612,0,-4.00057789728587,-2.994269749732221,1.2027969833135743,0.00643412565463109
15.612,1,-4.000006841636856,2.996938538507628,1.2028148124477802,0.006375758983195018
15.62,0,-4.0006222296563,-2.994283899055182,1.2028416408051867,0.006485155639510731
15.62,1,-3.999955482722815,2.996901945737721,1.2027981290422143,0.006640041182303887
15.632,0,-4.00066838020496,-2.9942983549066886,1.2028861245260019,0.006655119103111587
15.632,1,-3.999901852156305,2.9968637094456745,1.202782255447628,0.00688346351203902
15.641,0,-4.000716313235108,-2.994313225566789,1.2029317872147403,0.006900373049161144
15.641,1,-3.9998460292173172,2.9968238699558074,1.2027677140845585,0.007113482515661936
15.652,0,-4.000765968236737,-2.9943285984946395,1.2029794117686978,0.007168244105908921
15.652,1,-3.999788109763656,2.9967824524755358,1.2027547467514081,0.007341731377556768
15.661,1,-3.999728203036499,2.996739470410945,1.2027424645131408,0.00758509303035643
15.662,0,-4.000817259235892,-2.9943445397543034,1.20302889401711,0.007409523812286626
15.669,0,-4.000870078395954,-2.9943611060005093,1.2030799615048755,0.007627957301789762
15.669,1,-3.9996664236134944,2.9966949297546672,1.202729697555847,0.007835453212590077
15.681000000000001,1,-3.9996028840873428,2.9966488350098506,1.2027156449846108,0.00808896838797922
15.682,0,-4.00092429958191,-2.9943783579842016,1.2031324177888387,0.007827226956258336
15.691,1,-3.999537690924082,2.996601194551591,1.2026997683663807,0.008344197477251009
15.692,0,-4.0009797812997245,-2.9943963699049916,1.2031861206311387,0.008009568515402674
15.7,0,-4.00103636921109,-2.994415235077095,1.2032407359897679,0.008132587344504266
15.7,1,-3.999470941499167,2.9965520240608656,1.2026818587786776,0.00859167814660396
15.711,0,-4.0010938991942835,-2.994435066241877,1.2032949115456326,0.008146319736107127
15.711,1,-3.999402725352258,2.996501348744364,1.2026623316578267,0.008821285893209192
15.721,0,-4.00115220494233,-2.994455990554032,1.2033473858877908,0.008087764283965775
15.721,1,-3.999333135056838,2.9964492069304076,1.202641603843731,0.009033370144111725
15.731,0,-4.001211124183611,-2.9944781424624427,1.2033973027321707,0.007985286970435435
15.731,1,-3.999262276127873,2.9963956519804498,1.2026199725689142,0.009227571229286422
15.741,0,-4.001270502896584,-2.994501657752321,1.203444086284092,0.007859589533122246
15.741,1,-3.999190273285573,2.996340752860837,1.2025976485076928,0.0094028795777855
15.752,0,-4.00133019833204,-2.994526669009618,1.2034873548909095,0.007725826660819725
15.752,1,-3.999117274075597,2.996284593992385,1.2025747823170014,0.009557643726624335
15.762,0,-4.001390081148326,-2.994553302534812,1.2035271450297582,0.007629684603736001
15.762,1,-3.9990434503883154,2.9962272745843492,1.2025514596335376,0.009691788856838798
15.771,1,-3.9989689960774184,2.996168907731575,1.2025276178944981,0.009805934655241362
15.771,0,-4.001450037006764,-2.994581672970415,1.203564262425942,0.007584140057766229
15.781,1,-3.998894117372899,2.9961096194255665,1.2025031861632598,0.00989795389682025
15.782,0,-4.001509967870339,-2.9946118706919047,1.2035993926033084,0.007571785915977498
15.792,0,-4.001569793013885,-2.994643952253534,1.203633012185031,0.0075814063905052425
15.792,1,-3.9988190224371767,2.9960495475084845,1.202478127386341,0.009966767984509113
15.8,0,-4.001629449336444,-2.9946779348437045,1.2036654513123657,0.007605407452240106
15.8,1,-3.9987439134131253,2.9959888403277626,1.202452426709153,0.010012123219177433
15.811,0,-4.001688891025843,-2.9947137936603285,1.2036969084715117,0.007635051946635609
15.812,1,-3.9986689806575018,2.995927655189694,1.2024260927863828,0.010033322709513182
15.822,0,-4.0017480860688615,-2.9947514639011255,1.203727409613296,0.007663747085611679
15.822,1,-3.99859439912619,2.9958661561834443,1.202399276439079,0.010026408785452998
15.831,0,-4.001807006714595,-2.9947908498690703,1.2037569468717026,0.007689660264679393
15.831,1,-3.9985203280292847,2.995804509239572,1.2023721893622374,0.009993384867519661
15.842,0,-4.001865620291298,-2.9948318345229463,1.20378551347863,0.007710648819933858
15.842,1,-3.9984469123257806,2.9957428758726263,1.202344990543753,0.009936777984249693
15.851,0,-4.001923882912519,-2.994874287103654,1.2038131034803117,0.007724501403560976
15.851,1,-3.998374284108608,2.9956814083579166,1.2023178022480199,0.009858928631063437
15.861,1,-3.9983025637447147,2.995620246358982,1.2022907208056404,0.009762096921663679
15.862,0,-4.00198173553137,-2.994918069153671,1.2038397116675161,0.007729109852148058
15.871,0,-4.002039101760557,-2.994963039202528,1.2038653469973626,0.007724411255997594
15.871,1,-3.998231860713942,2.995559514663627,1.202263724421812,0.00966009027226472
15.881,0,-4.002095886993452,-2.9950090570146157,1.2038902046567976,0.007716113754554417
15.881,1,-3.9981622724976846,2.9954993205601417,1.2022354412472782,0.00960612243372252
15.892,0,-4.002151979190913,-2.9950559892616138,1.2039145525010326,0.007700728144490987
15.892,1,-3.998093882764875,2.9954397495082907,1.2022040016710005,0.009602225167063235
15.901,0,-4.002207250812879,-2.995103715656832,1.2039385784365695,0.007675481248363912
15.901,1,-3.9980267589705303,2.9953808605238867,1.2021681392725057,0.009649254971594468
15.911,1,-3.9979609499891735,2.995322683159147,1.2021270262065251,0.009748865646594593
15.911,0,-4.002261561010532,-2.995152133366641,1.203962412183702,0.007639050361984007
15.921,0,-4.002314757979959,-2.995201159637039,1.2039861426299103,0.007591149276351364
15.921,1,-3.997896484953313,2.995265216348351,1.2020801347086711,0.00990148192080964
15.931000000000001,0,-4.002366681254119,-2.9952507330771887,1.2040098533869268,0.0075346345411506175
15.932,1,-3.9978333741131005,2.9952084290756256,1.2020278827388384,0.01000722766594852
15.941,0,-4.002417163984797,-2.995300812526875,1.204033760543484,0.007475042007907809
15.942,1,-3.9977716134839096,2.9951522629340364,1.2019725921612618,0.010003975587838308
15.952,0,-4.002466036343328,-2.995351370125428,1.2040580795214884,0.007411824364507771
15.952,1,-3.9977111901746065,2.9950966347255084,1.201916187589307,0.009920307864400991
15.962,0,-4.00251312891679,-2.995402383113136,1.2040829607122996,0.007344716059704071
15.962,1,-3.9976520899386467,2.995041440790389,1.2018599845577842,0.009782042202041876
15.971,0,-4.002558275381086,-2.995453827762538,1.2041085090632069,0.007273865986814137
15.971,1,-3.997594303036179,2.9949865611769573,1.201804876328974,0.009609352874761768
15.981,0,-4.002601315284479,-2.995505675028994,1.2041344978307744,0.00716397966585004
15.981,1,-3.9975378278593374,2.9949318633562227,1.2017513175977095,0.009439296742242635
15.992,0,-4.0026420995434835,-2.9955578879858886,1.2041587187939737,0.00695385939259438
15.992,1,-3.997482668641743,2.9948772062292845,1.2016990657898567,0.009298379905279168
16.002,0,-4.002680487730682,-2.9956104249519058,1.2041788488512717,0.0066932863521593396
16.002,1,-3.9974288245555685,2.9948224449538183,1.2016478272307802,0.009181528285538991
16.011,0,-4.002716346525971,-2.9956632433156,1.2041933227354527,0.006433872262670298
16.011,1,-3.9973762781532303,2.994767435104655,1.20159739507303,0.009085961777611742
16.022,0,-4.002749550413123,-2.9957163020109023,1.2042011042554173,0.0062198884133055805
16.022,1,-3.997324987562361,2.994712035912902,1.201547623583216,0.0090103276857186
16.032,0,-4.002779982208468,-2.995769563244513,1.204201523239495,0.006086438212614598
16.032,1,-3.997274881877521,2.9946561127217506,1.2014984093736407,0.008954168672849091
16.041,0,-4.00280753341379,-2.9958229936340537,1.204194180627756,0.006056611957379102
16.041,1,-3.997225859095456,2.9945995387834095,1.201449754970009,0.008903803053589315
16.051,0,-4.002832106310198,-2.9958765648545804,1.2041789741852056,0.006136512581909959
16.052,1,-3.9971777873953567,2.994542198501373,1.2014021856491672,0.008834427136865986
16.062,0,-4.002853623535602,-2.995930253718094,1.2041559401416195,0.006322019131197214
16.062,1,-3.9971305108972386,2.9944839983512144,1.20135627266297,0.008757711669169622
16.071,0,-4.002872038464528,-2.9959840419653156,1.2041251565964066,0.006602659733920694
16.071,1,-3.9970838574814014,2.994424878408961,1.2013124049003412,0.008682138605204934
16.081,0,-4.002887341773262,-2.996037915957309,1.2040867308584067,0.0069636767606575094
16.081,1,-3.9970376454444922,2.9943648196362886,1.2012708439002733,0.00861237027089262
16.091,0,-4.002899564615745,-2.996091866296527,1.2040408838599932,0.0073633565291926825
16.091,1,-3.9969916888020873,2.9943038476588133,1.2012317527259662,0.008552281988624802
16.101,0,-4.002908774902295,-2.996145887087011,1.2039891473531081,0.007663808031185217
16.101,1,-3.9969458020019077,2.994242033183254,1.2011950854444815,0.008509251303760658
16.111,0,-4.002915071949882,-2.996199972559757,1.2039335457458704,0.007867935610664739
16.111,1,-3.9968998060114234,2.9941794861016455,1.2011607016292523,0.008478250160520411
16.122,0,-4.002918577583774,-2.99625411262339,1.2038755033857516,0.007999736661508995
16.122,1,-3.9968535346320544,2.994116346070583,1.2011285019497597,0.008454119926575023
16.132,0,-4.002919425528536,-2.996308289758281,1.203816015337933,0.00807889134735602
16.132,1,-3.9968068390204965,2.994052774090075,1.2010984179333761,0.008432888359524212
16.141,1,-3.9967595905667217,2.993988945429635,1.201070402350317,0.008411542440542095
16.142,0,-4.002917753303141,-2.9963624770728194,1.2037557775208518,0.008120592864847
16.151,1,-3.9967116824408717,2.993925043808103,1.2010444683911472,0.008383810563050239
16.151,0,-4.0029136965778696,-2.9964166372953605,1.2036951078555025,0.008171961289009993
16.161,0,-4.00290738532132,-2.996470722995271,1.2036334037961092,0.008284736586928187
16.161,1,-3.996663030655639,2.9938612560335764,1.2010208524288062,0.008344762168060934
16.172,0,-4.002898935572016,-2.9965246786910846,1.203570017665429,0.008439674422001341
16.172,1,-3.9966135763313257,2.993797765932692,1.2009997727429416,0.008298244573902356
16.182,0,-4.0028884438523304,-2.9965784432815745,1.2035045223769412,0.008623023896143537
16.182,1,-3.996563287286179,2.993734748879891,1.2009813635331432,0.008246749297167554
16.191,0,-4.002875984336707,-2.996631951997573,1.2034366450015899,0.00882492015655959
16.191,1,-3.9965121583085423,2.993672367811538,1.200965699528185,0.008191940904848649
16.201,0,-4.002861607635376,-2.9966851379818604,1.2033661886960512,0.009046796572944075
16.202,1,-3.9964602102196403,2.9936107706887536,1.2009529729612707,0.00812741863633421
16.211,0,-4.002845340566659,-2.9967379339156035,1.2032928369660956,0.009298478559680174
16.211,1,-3.996407486044561,2.9935500917863083,1.2009443812302951,0.008051647896638425
16.221,0,-4.002827184713693,-2.9967902742690193,1.2032163198699162,0.00957105741786299
16.221,1,-3.9963540431902707,2.993490459327451,1.200941154792382,0.007990580106702632
16.231,0,-4.00280711569403,-2.9968420975027956,1.203136481617534,0.009857892980273973
16.231,1,-3.99629994390082,2.993432004928242,1.2009441064479343,0.007963879016836253
16.242,0,-4.0027850837695045,-2.996893347625809,1.203053243388656,0.01015491972776723
16.242,1,-3.9962452476348513,2.9933748704519156,1.2009537590622907,0.007984052020307171
16.251,1,-3.9961900058799475,2.993319211784946,1.2009701931683132,0.008042047817912944
16.252,0,-4.002761014642355,-2.9969439750484224,1.202966888963942,0.010395782712807127
16.261,0,-4.002734811795618,-2.9969939378057515,1.2028784755551873,0.010553683832879074
16.261,1,-3.9961342606127093,2.9932651978806324,1.2009925417667309,0.008109996848011478
16.272,0,-4.002706364314649,-2.9970432048328495,1.2027888735815184,0.01065659827752489
16.272,1,-3.9960780468553994,2.9932130063107385,1.2010199807318107,0.008178864257669907
16.282,0,-4.002675552730704,-2.997091758198428,1.2026986836634388,0.01072523121172019
16.282,1,-3.99602139647204,2.9931628171957234,1.2010519156003545,0.008245517700026
16.291,0,-4.002642253406203,-2.997139594211366,1.2026083194411705,0.010774234171997604
16.291,1,-3.9959643409921384,2.9931148081872614,1.2010879073704301,0.008309354916681683
16.302,0,-4.002606342046256,-2.9971867237193908,1.2025180677354055,0.0108143434929309
16.302,1,-3.9959069134935077,2.9930691506518796,1.2011276258695371,0.008371491918037871
16.31,0,-4.00256769705662,-2.997233171826394,1.2024279734560692,0.01089982507978234
16.311,1,-3.9958491498203896,2.993026006597516,1.2011707376007352,0.008414890709109533
16.321,0,-4.0025262067357374,-2.997278977530483,1.2023366078258075,0.011161659754966703
16.321,1,-3.9957910912651937,2.9929855229102946,1.2012158190988325,0.00835861276621932
16.331,0,-4.002481773633767,-2.99732419024724,1.2022422267282142,0.011556262545293529
16.331,1,-3.995732794523588,2.9929478266277543,1.2012610661469338,0.00821757830228965
16.341,0,-4.002434320127977,-2.997368866010601,1.202143650164358,0.012042868372823349
16.341,1,-3.9956743448686263,2.9929130199836567,1.2013052299358273,0.008016392977047525
16.351,0,-4.0023837942764695,-2.997413064843242,1.20204009748087,0.012592698863996657
16.351,1,-3.995615865163245,2.9928811752320557,1.2013474664379562,0.007773815263071933
16.361,0,-4.0023301713790564,-2.9974568483742274,1.2019316531103847,0.013038937836868658
16.361,1,-3.9955575203826474,2.992852332341121,1.201387354530043,0.007524044101073375
16.371,0,-4.0022734488224225,-2.9975002753620026,1.201821350532435,0.013189303205457742
16.371,1,-3.995499515598524,2.9928265006151307,1.201425328752603,0.007299400580356365
16.382,0,-4.00221365666555,-2.9975433937908313,1.2017121554376133,0.013140069620955905
16.382,1,-3.9954420819816576,2.9928036605460933,1.201461909877224,0.007088470349896378
16.391,0,-4.002150860297635,-2.9975862320189366,1.2016060780743512,0.012963035934661589
16.391,1,-3.9953854606364216,2.9927837682926954,1.201497460022689,0.006883960887659896
16.401,0,-4.002085158199315,-2.997628792670549,1.201504467430165,0.012708317097336122
16.401,1,-3.995329890278596,2.9927667603314028,1.20153223242387,0.006681818880927355
16.411,0,-4.00201667914297,-2.997671049267928,1.2014082136692463,0.012410213459041787
16.411,1,-3.9952755981623427,2.992752557441788,1.2015664052781312,0.006480054249819742
16.421,0,-4.001945579973722,-2.99771294516562,1.201317516021156,0.012180208853703599
16.421,1,-3.9952227946518577,2.992741069932516,1.2016007890712392,0.00638730457083143
16.432,0,-4.001872048452226,-2.9977543970322014,1.201229909036086,0.012182551755783406
16.432,1,-3.9951716732562508,2.9927322044041627,1.2016393595665384,0.006575517446991878
16.44,0,-4.001796297599317,-2.997795305378373,1.2011426604935662,0.012336185694299957
16.44,1,-3.9951224030194163,2.9927258470153264,1.2016858359171654,0.0070374172917639834
16.451,0,-4.001718564540851,-2.9978355669917893,1.2010539080300262,0.012583454208720138
16.451,1,-3.9950751248056418,2.9927218534693054,1.2017427058460428,0.007751823454091648
16.461,0,-4.001639111360006,-2.997875084550195,1.2009623970398116,0.012887577019935337
16.461,1,-3.995029950871291,2.9927200459077836,1.2018116024079644,0.008675203708203627
16.472,0,-4.001558224203264,-2.9979137732778627,1.2008673886767511,0.013198435511850683
16.472,1,-3.9949869628861525,2.9927202101204387,1.2018924902551684,0.009498178322417708
16.481,0,-4.00147620868208,-2.997951565813798,1.2007693358436864,0.01342609790895164
16.481,1,-3.9949462062984473,2.9927220955562395,1.2019813112772293,0.009955060960256447
16.492,0,-4.001393378938101,-2.997988421046807,1.2006690641147515,0.013584161731773025
16.492,1,-3.9949076983819065,2.992725435530317,1.2020743817991733,0.010145458111513203
16.501,0,-4.00131004304312,-2.9980243327746803,1.2005671509588929,0.013689488579938429
16.501,1,-3.994871429333912,2.9927299591271854,1.202169173993299,0.010147982350701959
16.512,0,-4.001226491183933,-2.9980593345225395,1.2004639971484683,0.013755072191554462
16.512,1,-3.99483736188208,2.992735398315535,1.2022639540891216,0.010020093437296323
16.521,0,-4.001142987506096,-2.9980935016055645,1.2003598072326327,0.013807569154532833
16.521,1,-3.994805432339764,2.9927414934987073,1.202357734212215,0.009853133641914556
16.531,0,-4.001059766633666,-2.998126948727889,1.200254353103353,0.013875397358631638
16.531,1,-3.9947755530549864,2.992747997945696,1.2024505771082366,0.009714819037520117
16.542,0,-4.000977037506437,-2.998159819020913,1.2001473704677328,0.013953397495362733
16.542,1,-3.994747612835294,2.9927546808915326,1.202542690195562,0.009597978666978143
16.551,0,-4.000894989187811,-2.998192272040592,1.2000386832686947,0.014037745952060757
16.551,1,-3.9947214792171835,2.9927613303134213,1.2026342150282952,0.009497601547519432
16.561,1,-3.9946970013344223,2.992767754716061,1.2027252475823396,0.009410173171791518
16.562,0,-4.000813795325985,-2.9982244744458666,1.199928176679328,0.014125824823471333
16.572,0,-4.000733617426435,-2.998256592873876,1.1998157781840975,0.014215937054011803
16.572,1,-3.994674012771751,2.9927737839900046,1.2028158524193098,0.00933323890916955
16.582,0,-4.00065460737569,-2.9982887886002367,1.1997015851577668,0.014258936244353497
16.582,1,-3.9946523345750307,2.992779269483237,1.2029062708261848,0.00932158372339649
16.591,0,-4.00057691052696,-2.9983212139294486,1.1995876540717842,0.014055534156778706
16.591,1,-3.9946317820880233,2.9927840826214824,1.2029976552109363,0.009442928497421848
16.601,0,-4.000500660166993,-2.998354007917174,1.1994767819315595,0.013658412970420608
16.601,1,-3.994612178806836,2.9927881127446696,1.2030910770677337,0.009656663016684375
16.612,0,-4.000425968437739,-2.9983872916120538,1.1993709035912528,0.013133799818338395
16.612,1,-3.9945933715539548,2.9927912643929835,1.2031872469650777,0.009932686585512496
16.621,0,-4.000352921469688,-2.9984211650893133,1.1992713182531856,0.012530505556566806
16.621,1,-3.994575241203675,2.992793454815347,1.2032866241652413,0.010249394431082724
16.632,0,-4.000281576195159,-2.998455705707323,1.1991785037570837,0.011977656181560936
16.632,1,-3.9945577091498436,2.9927946119246545,1.2033894646135481,0.010582003199617858
16.639,0,-4.000211959757035,-2.998490967326188,1.1990901369538511,0.011665850558582146
16.639,1,-3.9945407398214217,2.9927946745005456,1.2034957002381033,0.010900513337841618
16.651,0,-4.000144090558132,-2.9985269879552234,1.1990035581086793,0.011522816264248902
16.652,1,-3.9945243386483686,2.992793597907116,1.2036051711555957,0.011206686200911892
16.661,1,-3.9945085478145184,2.992791360956154,1.203717744554063,0.01150167095837584
16.661,0,-4.0000779999803076,-2.998563797895754,1.198916945671945,0.011495749989110977
16.671,0,-4.000013745597546,-2.99860142491791,1.1988290513397521,0.011549386035836409
16.671,1,-3.994493441856556,2.9927879702612046,1.2038333008274027,0.011786101902717633
16.681,0,-3.9999514203308744,-2.9986398983337152,1.198739587283873,0.011531158944977528
16.681,1,-3.9944791229708785,2.992783462466417,1.203951524405166,0.012000251743491413
16.692,0,-3.9998911563780837,-2.998679250573682,1.1986511639504034,0.011264232579731782
16.692,1,-3.9944657163224897,2.9927779055511508,1.2040711388200618,0.012071376430238864
16.702,0,-3.999833104595137,-2.998719506194044,1.1985663947345369,0.010826897725255254
16.702,1,-3.99445336831536,2.9927713974453516,1.2041909511417122,0.012042652465872473
16.711,0,-3.999777414609283,-2.9987606716179616,1.1984870342589298,0.01028065919838022
16.711,1,-3.994442244651485,2.99276406457339,1.2043101484094487,0.01194589500561437
16.721,0,-3.9997242218316194,-2.9988027290486006,1.1984142416483217,0.009671347397650142
16.721,1,-3.9944325277127217,2.992756059951872,1.2044281823329697,0.011803064327576667
16.732,0,-3.999673638429334,-2.998845633027307,1.1983487596919697,0.00903333420864044
16.732,1,-3.994424413716115,2.9927475605750753,1.2045446872808019,0.011629639929898999
16.741,0,-3.99962574631496,-2.9988893087770103,1.1982905964102177,0.008478362563915511
16.741,1,-3.9944181093984956,2.9927387643130023,1.20465926031175,0.01138885290935165
16.751,0,-3.999580589319793,-2.9989336522228958,1.1982374546716008,0.008112476323583343
16.751,1,-3.994413827970371,2.992729887273333,1.2047708232620813,0.01103094177214457
16.761,0,-3.999538178127563,-2.998978536721023,1.198187048709022,0.007871417747936349
16.761,1,-3.9944117882954933,2.9927211624218257,1.204878413107822,0.010595362914746663
16.771,0,-3.9994984926291006,-2.999023818993182,1.198137791254902,0.007714978492848148
16.771,1,-3.994412213363163,2.992712838636867,1.204981395867056,0.010111477086986674
16.781,0,-3.9994614828447403,-2.9990693436116853,1.1980885829709453,0.007618717113165833
16.781,1,-3.9944153281005828,2.9927051790705996,1.205079365322947,0.009601015124448513
16.791,0,-3.9994270703255186,-2.9991149468455305,1.198038535260868,0.007598836458424901
16.791,1,-3.9944213566253013,2.9926984587429613,1.2051718986141788,0.009034870096049205
16.801,1,-3.9944305172808026,2.99269296174786,1.2052580985078452,0.008394115332108548
16.801,0,-3.9993951483414114,-2.999160460438498,1.197985793567379,0.00774007250663455
16.811,0,-3.999365590438583,-2.999205716822114,1.1979284332674327,0.008018472503996099
16.811,1,-3.9944430182437896,2.992688980311447,1.205337257019393,0.007720910529798989
16.821,0,-3.9993382592987605,-2.9992505540225634,1.1978651503490503,0.008408470391058626
16.821,1,-3.994459052047021,2.9926868133841764,1.2054089411178284,0.007050270587835008
16.83,0,-3.999313012020406,-2.999294819256447,1.1977950803895272,0.00888778308504469
16.83,1,-3.9944787913374764,2.9926867646284134,1.2054729127884025,0.006416387138530958
16.841,1,-3.9945023857946302,2.9926891398437587,1.205528994424045,0.005832023394843444
16.842,0,-3.9992897049246734,-2.9993383711912855,1.1977180391121713,0.00933166856442303
16.851,0,-3.999268199411371,-2.9993810808817245,1.1976365074333637,0.009516603716429588
16.851,1,-3.994529958029015,2.9926942425944247,1.205576647698934,0.005305403830398994
16.862000000000002,0,-3.9992483552888376,-2.99942283874918,1.1975532381905982,0.009506650758500395
16.862000000000002,1,-3.994561600810807,2.992702369497791,1.2056153842381703,0.004912328479328405
16.872,0,-3.9992300260561784,-2.999463561249251,1.1974701143745023,0.009361818218894728
16.872,1,-3.994597373810955,2.992713804784552,1.205644942117421,0.004722711289984618
16.881,0,-3.999213057961846,-2.9995031942597525,1.1973884086421798,0.009126281961048107
16.881,1,-3.9946373013829737,2.9927288155446776,1.2056652141382835,0.0047794749774134416
16.891,0,-3.999197289816065,-2.9995417144623464,1.197308969506812,0.00883215022660298
16.891,1,-3.994681372097293,2.992747648265798,1.2056761984649385,0.005080040712790896
16.901,0,-3.999182553546803,-2.9995791288591542,1.1972324275696702,0.008485964760761844
16.901,1,-3.9947295423584923,2.9927705291630873,1.2056786363926362,0.005579788316753263
16.911,0,-3.9991686763075824,-2.9996154693273698,1.197159392644067,0.008097413237612228
16.911,1,-3.994781743218133,2.99279766551359,1.2056755875009997,0.006150975992019244
16.921,0,-3.9991554844634063,-2.9996507803971704,1.1970902844919529,0.0076852254246504185
16.921,1,-3.994837866645991,2.992829220226654,1.2056697294937346,0.006720685121859591
16.931,0,-3.9991428075955793,-2.9996851077067714,1.19702535640652,0.007262304849017092
16.931,1,-3.994897762439315,2.9928652965031834,1.205662909530961,0.007271917451811496
16.941,1,-3.994961239993312,2.9929059308527886,1.2056563929704107,0.007802280229346025
16.942,0,-3.999130481552609,-2.999718489730771,1.1969647446806857,0.006837755399725072
16.951,0,-3.999118350665571,-2.9997509522346273,1.196908481081933,0.00642477648042384
16.951,1,-3.995028070688515,2.992951089603365,1.2056509528838057,0.00831247163424999
16.961,0,-3.999106269132175,-2.9997825052035685,1.1968563541183121,0.006042363584072855
16.961,1,-3.995097991376963,2.99300066753407,1.2056465000481893,0.008800780497410624
16.971,0,-3.9990941013782697,-2.999813141999344,1.1968080953612328,0.005686208153094695
16.971,1,-3.995170717675029,2.993054497172836,1.2056427216867183,0.009260295677004954
16.981,0,-3.9990817218599295,-2.99984283999645,1.1967634777079748,0.0053527625259846105
16.981,1,-3.9952459571627723,2.993112359038284,1.205639401081465,0.009686274770218516
16.991,0,-3.9990690147905084,-2.9998715617950826,1.196722305657837,0.005038882932602131
16.991,1,-3.9953234187975304,2.993173990063381,1.2056363897454214,0.010075582418753084
17.001,0,-3.999055873816034,-2.99989925672547,1.196684380249471,0.004749078994503713
17.001,1,-3.9954028194055726,2.993239090689667,1.2056333883062704,0.010427389578090841
17.012,0,-3.9990421999921404,-2.9999258626103233,1.1966493809075711,0.004490052952363058
17.012,1,-3.995483885732696,2.993307332501458,1.2056296570591372,0.010741369164787072
17.02,1,-3.995566352482463,2.993378370254434,1.2056246146626866,0.01101726258285354
17.021,0,-3.9990278950899407,-2.9999513074511057,1.1966170114358734,0.004255102917248093
17.032,0,-3.9990128548266264,-2.999975511172075,1.1965870371530698,0.004041917925190009
17.032,1,-3.995649958645341,2.993451850446613,1.2056178801209156,0.011255165166826198
17.042,0,-3.99899696449462,-2.999998387318926,1.1965592586469724,0.003849073926364832
17.042,1,-3.9957344450119745,2.9935274180288065,1.2056092112541115,0.011455288216962498
17.051,0,-3.998980096500139,-3.000019844682459,1.1965335079615245,0.003677478172892681
17.051,1,-3.995819552824826,2.9936047219418795,1.2055984604709213,0.011617915312002193
17.061,0,-3.9989621090559297,-3.0000397884132783,1.1965099019817151,0.0034730112987586196
17.061,1,-3.995905023265545,2.99368341966927,1.2055856690755076,0.011738866358065
17.071,0,-3.9989428461652223,-3.000058120227742,1.1964903089565961,0.003160702053849589
17.071,1,-3.9959905959974766,2.9937631811754684,1.2055717258865324,0.011807626524731676
17.081,0,-3.9989221483489694,-3.0000747473595992,1.1964766969318767,0.0028612289418540053
17.081,1,-3.9960760025100313,2.9938436893648483,1.2055575897088335,0.011826261122414444
17.091,0,-3.998899864399714,-3.000089590981215,1.1964703582049767,0.0027114810055427914
17.091,1,-3.9961609595763603,2.9939246408346274,1.205543920443379,0.011797606770734471
17.102,0,-3.998875859138042,-3.0001025908688943,1.196472117383911,0.0028187400176267006
17.102,1,-3.9962451656110014,2.994005746953923,1.2055311719058293,0.011723976229961474
17.111,0,-3.9988500191446623,-3.0001137087174703,1.1964821975062037,0.0031532057848476973
17.111,1,-3.9963282995708655,2.994086734634507,1.2055194742732032,0.011613602707461103
17.121,0,-3.9988222607038075,-3.000122933538988,1.1964979441191648,0.0034468875110628327
17.121,1,-3.9964100259188475,2.994167348068054,1.2055071871462193,0.011486819464855448
17.132,0,-3.9987925273715907,-3.000130275092241,1.1965160241454136,0.0036322901383803725
17.132,1,-3.996490007823669,2.9942473527023004,1.2054922831795316,0.011347749169048932
17.141,0,-3.998760786652279,-3.000135756639043,1.196534121064467,0.0037382429906132175
17.141,1,-3.996567923236839,2.994326538889604,1.2054733953450887,0.011205696567359796
17.152,0,-3.998727029777872,-3.000139412135683,1.196550633469072,0.0038056643396107478
17.152,1,-3.996643477675494,2.9944047241964853,1.2054496218167434,0.01107129997468886
17.161,0,-3.998691270885522,-3.0001412839149677,1.196564451461691,0.003869590933850834
17.161,1,-3.9967164128920443,2.9944817545489317,1.2054203846154476,0.010954267301585881
17.171,1,-3.996786511397597,2.9945575040141277,1.2053856247946482,0.010832918223547401
17.171,0,-3.998653544840693,-3.000141420046162,1.1965751648794263,0.003979889288042798
17.182,0,-3.9986139003059002,-3.0001398698005834,1.1965842769905937,0.004151795405546432
17.182,1,-3.996853594033387,2.9946318727228034,1.20534680997905,0.010660077741181434
17.191,0,-3.998572392378543,-3.0001366833307843,1.1965933383620548,0.004353067959729322
17.191,1,-3.9969175181244707,2.9947047876501856,1.205305419561896,0.010442569435497802
17.201,0,-3.9985290721620146,-3.000131909145537,1.1966033845550499,0.004573253657499588
17.201,1,-3.996978171374486,2.994776201876554,1.2052624895985533,0.010190848780344874
17.212,0,-3.9984839782549515,-3.000125591366546,1.1966150960583373,0.0048095468525717585
17.212,1,-3.997035465378208,2.9948460926956924,1.2052187464465294,0.009914621232154973
17.221,0,-3.998437131351209,-3.0001177680667928,1.1966288202586708,0.005052697034393976
17.222,1,-3.9970893302333486,2.994914459414254,1.2051747813288387,0.009610470764026468
17.23,0,-3.9983885330390163,-3.000108470128449,1.1966441626455264,0.005283341048325975
17.23,1,-3.997139711899843,2.9949813229050983,1.2051315568794332,0.009262883822867846
17.241,0,-3.998338168445369,-3.000097716480643,1.1966605864614712,0.005504556240793749
17.241,1,-3.997186583236455,2.995046734244255,1.2050899511070996,0.008890211529552909
17.251,0,-3.9982860113512353,-3.0000855098831494,1.1966777049261947,0.005720483187900006
17.251,1,-3.9972299561840146,2.995110783985637,1.2050505543504246,0.008510079362724235
17.261,0,-3.9982320288786277,-3.0000718348502873,1.1966952372814537,0.005934671218628208
17.261,1,-3.997269888594502,2.9951736071298884,1.2050137563443981,0.008138030964025244
17.271,0,-3.9981761843157333,-3.0000566564262643,1.1967133995819446,0.006183515320671832
17.271,1,-3.9973064854691387,2.9952353840547215,1.2049803166177488,0.0077362485056829584
17.281,0,-3.9981184384674364,-3.0000399244735085,1.1967338857471985,0.006498994695047933
17.281,1,-3.9973398947193313,2.995296335697381,1.2049521179615248,0.007312915677619381
17.291,0,-3.9980587567956594,-3.0000215943612343,1.1967581815501116,0.006872947756655516
17.291,1,-3.9973703048734586,2.995356713547792,1.204930636887099,0.006928961328475041
17.302,0,-3.9979971132508973,-3.000001645040144,1.1967872765576597,0.007298963245650227
17.302,1,-3.997397937088383,2.9954167878274487,1.2049168399742465,0.006636663445644063
17.311,0,-3.99793349214244,-2.9999800906376515,1.1968218160576494,0.007768875863237313
17.311,1,-3.9974230374301336,2.9954768378647065,1.2049113374880438,0.006476694176477089
17.321,0,-3.9978678892112782,-2.999956987391937,1.1968622052203761,0.008272975639127165
17.321,1,-3.99744587020685,2.9955371444825736,1.2049144850812816,0.0064730766458938795
17.331,1,-3.9974667139148488,2.995597983231691,1.204925454603975,0.00657096842727319
17.332,0,-3.997800312976744,-2.9999324374786775,1.196908244672222,0.008721685664331697
17.341,0,-3.9977307903918557,-2.999906590071016,1.1969567528560114,0.008948658804447772
17.341,1,-3.997485860921102,2.995659618685853,1.2049399035488912,0.006643181274561822
17.352,0,-3.99765936378737,-2.999879624540129,1.197004334527208,0.009017008297799754
17.352,1,-3.9975036087852667,2.995722307930188,1.20495403791718,0.006684669483650606
17.361,0,-3.9975860909363723,-2.999851734030261,1.1970486754036695,0.008990791028808376
17.361,1,-3.9975202602406754,2.995786304009218,1.2049652748776103,0.006732259292175111
17.371,0,-3.9975110470066797,-2.9998231146500034,1.1970882158799374,0.008919474542107283
17.371,1,-3.9975361240089415,2.9958518574163335,1.2049718719891154,0.006826055760438561
17.381,0,-3.9974343243826604,-2.9997939571934897,1.1971223291790858,0.008881201307758284
17.381,1,-3.997551514227386,2.9959192172817817,1.204973049263328,0.006993738720056276
17.391,0,-3.997356029505711,-2.9997644432454584,1.1971526585548653,0.008924639945193966
17.391,1,-3.9975667468190923,2.99598863214633,1.2049702002099048,0.007216211212700278
17.401,0,-3.9972762844464227,-2.9997347510039716,1.1971809593626828,0.009006672665123934
17.401,1,-3.997582129854499,2.9960603378154214,1.204964870965833,0.007468869332047017
17.411,0,-3.997195224955067,-2.999705061238669,1.1972084361629278,0.009103457403684696
17.411,1,-3.9975979518741065,2.9961345466574394,1.2049581309673272,0.007741928610552144
17.421,0,-3.997112997205295,-2.9996755608321366,1.1972359111274895,0.009201896012131252
17.421,1,-3.9976144733490653,2.9962114413683976,1.2049507216465474,0.008031153972716266
17.431,0,-3.997029755063571,-2.999646444687704,1.1972638552620365,0.009286797552051106
17.431,1,-3.997631921590084,2.996291172273738,1.2049435449084342,0.008326200379864375
17.442,0,-3.996945660454611,-2.9996179160226246,1.1972921531842318,0.00934333119640365
17.442,1,-3.997650488147749,2.996373854947966,1.2049382748914992,0.008627465186164382
17.448,0,-3.996860889895681,-2.999590185438884,1.197320586362581,0.009371970972094476
17.448,1,-3.9976703256132784,2.996459560257241,1.2049362201843492,0.008944402801931005
17.461,0,-3.9967756418997475,-2.9995634693456865,1.1973489938081217,0.0093721932533901
17.461,1,-3.9976915465813936,2.9965483092215024,1.2049382609911354,0.009281846382763855
17.471,0,-3.996690141268046,-2.9995379881208115,1.1973772542001273,0.00934308643295373
17.471,1,-3.9977142242325163,2.9966400714712575,1.2049449807961548,0.009639759837734943
17.481,0,-3.9966046407131435,-2.9995139641768755,1.197405274690659,0.009283327819135793
17.481,1,-3.9977383940461415,2.996734766036079,1.204956756779331,0.010014554402661793
17.491,0,-3.996519420494663,-2.999491620453783,1.1974332635152183,0.009214400747637639
17.491,1,-3.997764055963428,2.9968322632418567,1.2049736565388405,0.010388998464322246
17.502,0,-3.9964347847274806,-2.9994711773615026,1.1974623900179202,0.009155521701718789
17.502,1,-3.9977911751645334,2.996932383590982,1.2049940813867526,0.010713460734449853
17.511,0,-3.996351051439472,-2.9994528414251773,1.1974936646296754,0.009100416623950051
17.511,1,-3.9978196877552525,2.9970349026665786,1.2050160588995018,0.010982015467221442
17.521,0,-3.996268542091099,-2.9994367958130694,1.1975277529825745,0.009047653527497309
17.521,1,-3.9978495064170554,2.9971395548394257,1.2050382356030649,0.01119911328853997
17.531,0,-3.9961875733151775,-2.999423194386621,1.197565083289819,0.00899811494351872
17.531,1,-3.9978805239488673,2.9972460350261865,1.2050596979154973,0.011369293842437879
17.541,0,-3.9961084493242534,-2.9994121564111706,1.1976052463529259,0.0088776524949722
17.541,1,-3.997912616338428,2.997354001629309,1.205079687615483,0.011488965468297868
17.551,0,-3.9960314535777264,-2.999403762556355,1.1976461134580227,0.008644577768465606
17.551,1,-3.9979456466977012,2.9974630866349083,1.2050971613397279,0.011559152337844023
17.561,0,-3.9959568455758876,-2.9993980607229362,1.1976859260199457,0.008327790163894955
17.561,1,-3.997979472499159,2.9975729206538326,1.20511131057897,0.011591777841158986
17.572,0,-3.995884856523348,-2.999395068166883,1.1977234851432068,0.007953495178470462
17.572,1,-3.998013951683101,2.9976831558454067,1.2051216115365646,0.011597153663475225
17.581,0,-3.995815686220555,-2.999394773171311,1.197757980851882,0.007543294311835798
17.581,1,-3.9980489470880185,2.997793481864971,1.205127737761947,0.011584175851981892
17.592,0,-3.9957495021667695,-2.9993971377768203,1.1977891047988425,0.007140030616368372
17.592,1,-3.9980843298816935,2.9979036362559275,1.2051298950390013,0.0115608869488435
17.601,0,-3.9956864413868725,-2.9994021039204846,1.1978175176002304,0.006771496989502634
17.601,1,-3.998119983269884,2.9980134080771643,1.2051297081886156,0.011523657174463978
17.611,0,-3.9956266096513082,-2.9994096006940834,1.1978438659033168,0.006428602424289507
17.611,1,-3.9981558070303103,2.998122634389592,1.2051286291659458,0.011470452543152336
17.621,0,-3.9955700834220185,-2.9994195534045422,1.1978685924033279,0.006107137797549556
17.621,1,-3.998191721999875,2.998231194978035,1.2051276647705367,0.011404737123930243
17.631,0,-3.995516912573224,-2.999431890708609,1.1978919995002326,0.005805717731807039
17.631,1,-3.998227672810354,2.9983390072117513,1.2051275106582822,0.011331550090380239
17.641,0,-3.9954671230234755,-2.9994465495867053,1.1979142920812285,0.005524833437381791
17.641,1,-3.998263629108403,2.9984460212811848,1.2051286451545682,0.011255942387770378
17.651,0,-3.995420719160143,-2.9994634785441523,1.1979355993487417,0.005265240370083003
17.651,1,-3.998299585590273,2.998552216142012,1.2051309998233104,0.011179404191434199
17.662,0,-3.995377683839408,-2.9994826378122443,1.1979559648281248,0.005028672099448471
17.662,1,-3.9983355601679316,2.99865759650057,1.2051325432245248,0.011101731964680594
17.671,0,-3.9953379726099296,-2.9995039944673283,1.1979754061165218,0.00481968774825947
17.671,1,-3.998371589287949,2.99876218749268,1.2051313077622712,0.011034754620479462
17.681,0,-3.9953015076143235,-2.9995275165924795,1.1979939365714318,0.004642687519293082
17.681,1,-3.9984077228524004,2.998866030831984,1.2051259792735516,0.0109919907880969
17.691,1,-3.998444020083786,2.9989691819783597,1.2051156936193907,0.010984094413426375
17.691,0,-3.9952681743328364,-2.9995531690347175,1.1980115667202758,0.004501187272334736
17.7,0,-3.9952378210253237,-2.999580910614481,1.1980283969929326,0.004406281395794014
17.7,1,-3.9984805460945743,2.9990717075671807,1.2050999157512858,0.011017034990657504
17.711,1,-3.9985173679555017,2.9991736838224092,1.2050783833913246,0.011092590174518958
17.712,0,-3.9952102607504547,-2.999610689109656,1.1980448346041936,0.004363546688678084
17.721,1,-3.998554548854425,2.9992751967759883,1.2050509761769985,0.011210529554925889
17.722,0,-3.9951852739305154,-2.99964242842165,1.198061227906751,0.004363353758816065
17.731,0,-3.9951626127553546,-2.999676017777392,1.1980778077095797,0.004395298017651232
17.731,1,-3.9985921429688207,2.99937634254643,1.2050176606045468,0.011368897298740906
17.741,0,-3.9951420059220966,-2.999711305536225,1.1980947226653051,0.004448429484045909
17.741,1,-3.9986301920083425,2.9994772270068206,1.2049784608942862,0.011564760037572173
17.752,0,-3.995123163885252,-2.999748097188472,1.1981123814663046,0.004545596480831488
17.752,1,-3.9986687233611113,2.999577965004862,1.2049338722470277,0.01174860949847304
17.761,0,-3.9951057862217363,-2.9997861600536457,1.198132219405861,0.004710698930335563
17.761,1,-3.9987077504024615,2.9996786790796484,1.204885864117309,0.011870391662052759
17.771,0,-3.9950895694542017,-2.9998252346215826,1.1981554552748253,0.0049310493596460584
17.771,1,-3.9987472737230716,2.999779497164242,1.204836173469231,0.011944738175035953
17.781,0,-3.9950742165127844,-2.9998650485761713,1.1981828922140894,0.005197778977487252
17.781,1,-3.9987872835360747,2.9998805498779464,1.2047860147767306,0.011987070352167126
17.791,0,-3.995059444135466,-2.999905328070374,1.198215050237488,0.0055031093960618525
17.791,1,-3.998827761911309,2.9999819682104767,1.204736237843012,0.012009957450106837
17.801,0,-3.995044987996991,-2.9999458060737525,1.1982522545973369,0.005839395326041345
17.801,1,-3.998868684591504,3.0000838816200917,1.2046874382284718,0.012023209847862128
17.811,0,-3.995030606101661,-2.9999862284513608,1.1982944800572917,0.006149315246166879
17.811,1,-3.998910022342924,3.0001864162463208,1.2046397833992497,0.012065613647907421
17.819,0,-3.9950160811646453,-3.0000263598637256,1.1983402087579256,0.006323388751662531
17.819,1,-3.9989517417218834,3.0002896899880835,1.2045916876777427,0.012198517079463359
17.831,0,-3.99500122195287,-3.0000659918052137,1.198387773163752,0.006389013157110775
17.831,1,-3.998993807523241,3.0003938024114314,1.2045414082888104,0.012397600482909265
17.841,0,-3.9949858631345676,-3.000104949410831,1.1984360045450055,0.006376279376537761
17.841,1,-3.999036184657225,3.0004988236219075,1.2044877928220812,0.012644803566663107
17.849,0,-3.994969864507044,-3.000143095569381,1.1984840890803135,0.00630889661886837
17.849,1,-3.9990788391844463,3.0006047865250842,1.2044300965976031,0.012926521980862386
17.861,0,-3.9949531099919446,-3.0001803330025996,1.1985314029297292,0.006187005627466361
17.862000000000002,1,-3.9991217390413163,3.0007116825101066,1.2043679035012542,0.013221752967930604
17.872,0,-3.994935508010034,-3.000216604247663,1.198576729071248,0.005952996224279289
17.872,1,-3.9991648537609827,3.0008194597854945,1.2043016543851743,0.013476856312004527
17.881,0,-3.994916995655922,-3.0002518831583407,1.1986186896712834,0.005642242704294309
17.881,1,-3.9992081490584885,3.0009280203512265,1.2042321758027763,0.013688962067286946
17.892,0,-3.994897544317641,-3.00028616231537,1.1986563436148843,0.005292415889728916
17.892,1,-3.999251579295617,3.0010372179178106,1.2041600782139812,0.013861795947283173
17.901,0,-3.9948771632040376,-3.0003194434598317,1.1986890670906083,0.004932432706772259
17.901,1,-3.9992950823816913,3.0011468589395656,1.204085804121337,0.013997224202741595
17.911,0,-3.9948559004904247,-3.000351730555745,1.1987164568416053,0.004585241860114739
17.911,1,-3.9993385768623124,3.001256705367546,1.2040096822164899,0.014095729552422552
17.922,0,-3.994833842539382,-3.0003830248226455,1.1987383160437795,0.0042787806194473045
17.922,1,-3.999381960751976,3.001366478706493,1.2039319353117566,0.01416162083609948
17.931,0,-3.99481111104639,-3.0004133209385184,1.198755083955311,0.004042945942755874
17.931,1,-3.999425113160184,3.0014758648938527,1.203852581736051,0.014202201793839056
17.941,0,-3.9947878573378883,-3.000442605437182,1.1987673851473868,0.003858872724870361
17.941,1,-3.9994679019565225,3.001584520085596,1.2037715923049628,0.01421455515712137
17.952,0,-3.9947642546951667,-3.0004708560593345,1.1987756722777347,0.0037106744195171946
17.952,1,-3.9995101929705954,3.0016920770064477,1.203688962744173,0.014196988583589393
17.961,0,-3.994740491301068,-3.0004980414191307,1.1987802741051636,0.003587799183871927
17.961,1,-3.9995518570392368,3.0017981511187446,1.2036047056386807,0.014148745800121858
17.971,0,-3.994716764370496,-3.000524121171447,1.198781506321597,0.0034832023741081398
17.971,1,-3.999592774939088,3.0019023461276095,1.203518983627382,0.01404503300232234
17.981,0,-3.9946932755784004,-3.000549047809489,1.1987798697390464,0.0033865559885169426
17.981,1,-3.9996328405903103,3.0020042589050315,1.2034326192547944,0.013854170969551343
17.992,0,-3.9946702278152064,-3.0005727720836046,1.1987757790263416,0.0032898908649095057
17.992,1,-3.9996719644734804,3.002103488683477,1.2033463943749803,0.013593105096377203
18.001,0,-3.994647822579371,-3.0005952480587332,1.1987695303655053,0.0031898367579136916
18.001,1,-3.9997100757743467,3.002199645472619,1.2032608472506185,0.013275901817855755
18.011,0,-3.99462625772395,-3.000616436672119,1.1987613371261583,0.0030858820779770357
18.011,1,-3.9997471232066735,3.00229235620684,1.2031763449174624,0.012913678034681492
18.021,0,-3.9946057255154623,-3.0006363081347383,1.1987513392197817,0.002981168536253249
18.021,1,-3.99978307512008,3.0023812695450887,1.2030930685310164,0.012529983478782425
18.027,0,-3.99458641030365,-3.000654843822651,1.1987395154555347,0.002885126809868022
18.027,1,-3.9998179201773265,3.0024660617230516,1.203010677787985,0.012160823688378156
18.041,0,-3.9945684840696227,-3.0006720382845997,1.198725791273528,0.002803692984020374
18.041,1,-3.9998516692399675,3.0025464416928624,1.202928752924042,0.011803587228994132
18.051,1,-3.9998843574097496,3.002622156420661,1.202847008140803,0.011457423878651368
18.052,0,-3.9945521015122956,-3.000687900985891,1.198710118368043,0.0027426754544808774
18.061,0,-3.994537396622486,-3.0007024572483885,1.1986924672861248,0.002707495248926481
18.061,1,-3.999916044885617,3.0026929947493897,1.202765251117415,0.011123781760676193
18.071,0,-3.994524480645077,-3.000715748432686,1.19867282241759,0.0027024505386503642
18.071,1,-3.999946816604465,3.002758789211409,1.202683354240199,0.010805414957037848
18.081,0,-3.9945134408631215,-3.000727831632018,1.198651014255408,0.002780264462294626
18.081,1,-3.999976780381474,3.0028194125080665,1.2026019188924828,0.010363430956621568
18.091,0,-3.9945043381097616,-3.0007387792416913,1.1986253628059718,0.003099752695021336
18.091,1,-4.000006064179615,3.002874766261393,1.2025238786757064,0.009684624626460412
18.101,0,-3.994497211071573,-3.000748670980767,1.1985939040372207,0.0036295863421680757
18.101,1,-4.000034816486947,3.002924788732154,1.20245177880124,0.008847715415916857
18.112,0,-3.9944920810744766,-3.0007575851551693,1.1985553193767151,0.004312310930950034
18.112,1,-4.000063204161849,3.0029694506341764,1.202387323471239,0.007914424760957562
18.121,0,-3.9944889543733426,-3.0007655933137705,1.1985087462439443,0.0050964159665335676
18.122,1,-4.000091409515767,3.003008748252367,1.2023316345094377,0.006934244011186678
18.132,0,-3.994487826408539,-3.000772755821016,1.1984546884842966,0.005667698992738943
18.132,1,-4.000119627271721,3.0030427013677157,1.2022847916280408,0.006072261789087967
18.142,0,-3.9944886893591116,-3.00077911979169,1.1983973815859632,0.005793024563094382
18.142,1,-4.000148058821098,3.0030713572665366,1.2022444556644456,0.0054388931221371895
18.151,0,-3.9944915271524994,-3.0007847277779494,1.1983405782935594,0.00561476315784765
18.151,1,-4.0001769025516705,3.0030947749298673,1.2022084882576545,0.004977777700792481
18.162,0,-3.994496317413089,-3.000789623689755,1.1982868256675934,0.005235018331908853
18.162,1,-4.000206345425863,3.0031130214128754,1.2021754176587356,0.004657577672866097
18.171,0,-3.99450303486154,-3.0007938563003584,1.1982378326830512,0.004727226494048698
18.171,1,-4.0002365570502185,3.003126171833236,1.2021442330351895,0.004459027689955812
18.181,0,-3.9945116533478053,-3.0007974816490415,1.1981944888643903,0.00421379659700658
18.181,1,-4.000267685631103,3.003134309564432,1.202114136851423,0.004392246053720913
18.192,0,-3.994522146287034,-3.0008005620670524,1.198156171508525,0.00381429063836163
18.192,1,-4.000299855445693,3.003137529408606,1.2020838440834307,0.004487517874686069
18.201,0,-3.994534491325102,-3.000803156117232,1.19812206307239,0.0035053720903922623
18.201,1,-4.000333168649538,3.0031359363788646,1.2020521914590885,0.0047082420523943186
18.212,0,-3.994548672838297,-3.0008053084657083,1.1980915771712202,0.003269968319922092
18.212,1,-4.000367708177648,3.003129646612951,1.2020184062608306,0.005021119065076008
18.221,0,-3.994564682729943,-3.0008070432910263,1.1980642911330175,0.003096182435673742
18.221,1,-4.000403540051514,3.0031187891400584,1.2019819846736186,0.005398976659328114
18.231,0,-3.9945825207125676,-3.000808360277972,1.198039896452276,0.0029768879073116855
18.231,1,-4.000440715376023,3.0031035065900418,1.2019426078473345,0.00581988941009019
18.242,0,-3.9946021940231784,-3.0008092327653393,1.1980181206701912,0.0029139653912731356
18.242,1,-4.0004792722023685,3.003083954751125,1.2019001726842837,0.006245425763047804
18.252,0,-3.9946237141929752,-3.0008096113303773,1.1979986282572452,0.0029047664606784342
18.252,1,-4.0005192369691205,3.003060299098992,1.2018554538066417,0.006603870163928237
18.261,0,-3.99464708877321,-3.0008094361436695,1.1979811478539963,0.0029377976918597893
18.261,1,-4.000560618986179,3.003032717221446,1.2018094390908023,0.006910131999300883
18.271,0,-3.994672313216095,-3.0008086494034494,1.197965477210076,0.003003256979515841
18.271,1,-4.00060340368829,3.003001400067738,1.2017628183141384,0.0071793046093216
18.281,0,-3.994699365410367,-3.000807204343771,1.1979514669639515,0.0030924089973431916
18.281,1,-4.000647549151651,3.002966550180426,1.2017160673844776,0.007420694500850165
18.291,0,-3.9947282029203026,-3.000805071086163,1.1979392752522526,0.0031695466015269685
18.291,1,-4.000692984600853,3.002928379805976,1.2016695262194592,0.007636497948540929
18.302,0,-3.994758764523334,-3.0008022390782814,1.1979303456868315,0.003224972536356139
18.302,1,-4.000739609218857,3.002887108869252,1.2016235463010145,0.007821735893148133
18.311,0,-3.9947909724121704,-3.00079871789956,1.1979260389962767,0.0033202298783071437
18.311,1,-4.000787286917861,3.0028429640066463,1.2015784282312836,0.007979859885900064
18.321,0,-3.994824737414128,-3.000794535967614,1.1979272412550035,0.0034941238140679324
18.321,1,-4.000835840811827,3.0027961775185585,1.2015343720645955,0.00811220119328408
18.332,0,-3.9948599640375715,-3.0007897385507074,1.1979345083527682,0.0037594759264602345
18.332,1,-4.00088505101232,3.0027469858434688,1.2014915072448098,0.008218202236725291
18.341,0,-3.994896553419984,-3.0007843860993226,1.1979473482039373,0.004025962979889818
18.341,1,-4.000934655485767,3.0026956266160343,1.201450535295421,0.008216274891434625
18.351,1,-4.000984357159546,3.0026423344781876,1.2014142129116223,0.008070436074609805
18.351,0,-3.9949344079262,-3.0007785536917395,1.1979623565150215,0.00416770204093297
18.361,0,-3.9949734500281093,-3.0007723292586,1.1979765226751944,0.004217079839099478
18.361,1,-4.001033840962882,3.0025873454566434,1.201384905395925,0.007866962767711757
18.371,0,-3.9950136354096557,-3.000765813643011,1.1979877901219902,0.004231499870312352
18.371,1,-4.001082792727976,3.002530896040924,1.201364188080605,0.007675288864447582
18.382,0,-3.9950549601923675,-3.000759120433256,1.1979947586415338,0.00426482726795107
18.382,1,-4.001130913499882,3.0024732210203555,1.2013530872679263,0.007548390985383226
18.392,0,-3.9950974645095454,-3.0007523750986773,1.1979964842173385,0.00435867084288454
18.392,1,-4.001177929658192,3.002414551703064,1.2013522488441442,0.0075231197655653784
18.401,0,-3.995141233922937,-3.0007457137354026,1.1979928088668232,0.004521511088461881
18.401,1,-4.001223600151197,3.002355114737989,1.201361647498341,0.0075980534588535285
18.411,0,-3.995186397818416,-3.0007392814876157,1.1979853680327035,0.004706856673025299
18.411,1,-4.001267719790965,3.00229513141684,1.201379170062118,0.00769569610275081
18.421,0,-3.995233117776969,-3.0007332295365714,1.1979756685714835,0.004894465997429262
18.421,1,-4.001310107241033,3.002234814025335,1.201402729399514,0.007773802126507429
18.432,0,-3.9952815770083645,-3.000727711876216,1.1979647392114847,0.005083769400173208
18.432,1,-4.001350592644784,3.0021743642528116,1.2014308751421232,0.007820003566545183
18.441,0,-3.995331972028177,-3.0007228826406913,1.197953275380187,0.0052799011409735185
18.441,1,-4.001389009507262,3.0021139725108354,1.201462609048003,0.00783403910741591
18.45,0,-3.9953845058888615,-3.000718893960128,1.1979417605544047,0.0054862329695033124
18.45,1,-4.00142519059762,3.002053817290647,1.2014967398222614,0.007759453735939843
18.461,0,-3.9954393838263953,-3.00071589460941,1.1979311935323707,0.005687779644436044
18.461,1,-4.00145897004502,3.0019940645108245,1.2015305954300413,0.00755038456667054
18.472,0,-3.995496803377881,-3.0007140255346707,1.1979230438968567,0.00590160158928571
18.472,1,-4.001490184149457,3.0019348684930236,1.2015619621182538,0.0072507442909991926
18.481,1,-4.001518676155732,3.001876373144493,1.2015893618538542,0.00690071129592965
18.481,0,-3.9955569386847594,-3.0007134121590067,1.1979183384298366,0.0061470883411499574
18.491,0,-3.9956199303393563,-3.000714159236231,1.1979177486924062,0.006433914164588608
18.491,1,-4.001544300675609,3.001818712740894,1.2016118272301684,0.006534209520266764
18.502,0,-3.995685877988634,-3.000716347228135,1.1979213146903174,0.00675464209844456
18.502,1,-4.001566927830919,3.001762012018963,1.2016283835904047,0.006157731648182857
18.512,0,-3.995754837005682,-3.000720031185982,1.1979276127205105,0.007081708040096809
18.512,1,-4.00158644626221,3.001706382763986,1.2016370799589133,0.005819864217453854
18.521,0,-3.9958268309438867,-3.00072524825324,1.1979353356470288,0.007404188619650673
18.521,1,-4.001602754481622,3.0016519169397093,1.2016363498742646,0.005617490942656878
18.532,0,-3.995901861291408,-3.000732023896896,1.1979435805872585,0.0077205043316557476
18.532,1,-4.001615755367511,3.0015986794637697,1.2016251948569334,0.005624690639565039
18.541,0,-3.9959799139476617,-3.000740376087424,1.1979517237135897,0.008031775773888621
18.541,1,-4.001625353283093,3.0015467035883887,1.2016030113029879,0.005873819608239619
18.552,0,-3.9960609641556224,-3.0007503183528637,1.1979593334138736,0.008339541111158623
18.552,1,-4.0016314523344265,3.0014959886746753,1.2015694570655906,0.006352711118583684
18.561,0,-3.9961449796179838,-3.0007618617704788,1.197965962549389,0.00864205783457414
18.561,1,-4.0016339534365,3.0014465002984982,1.2015249070316552,0.006906760349973773
18.572,0,-3.996231917697488,-3.000775016997898,1.1979707560168187,0.008940173750744582
18.572,1,-4.00163274936702,3.0013981729771113,1.201472382108798,0.007309598339278153
18.581,0,-3.996321715736917,-3.0007897995166264,1.1979730107403457,0.009237942888268263
18.581,1,-4.0016277458626375,3.0013509077906035,1.2014148086261893,0.007578493661035416
18.591,0,-3.9964142801599927,-3.000806233454745,1.1979722525783556,0.009536254058158332
18.591,1,-4.00161887654803,3.001304573375534,1.2013542240826258,0.0077503541296557385
18.601,0,-3.996509479501547,-3.0008243536817436,1.197968166126932,0.00983363085438713
18.601,1,-4.001606109938515,3.001259009058071,1.201292046635114,0.007859524410842977
18.611,0,-3.9966071425999408,-3.000844207611434,1.1979610298575878,0.010117560348199524
18.611,1,-4.00158945329468,3.001214028462358,1.2012292084369258,0.007942929234885966
18.621,0,-3.9967070662843507,-3.000865855899489,1.1979523542333879,0.010374123199754795
18.621,1,-4.001568949598259,3.001169424528258,1.2011662103053071,0.008024119237881155
18.632,0,-3.996809030417904,-3.0008893675385586,1.197943376442754,0.01060381016403503
18.632,1,-4.001544664415171,3.0011249764862105,1.2011033776387428,0.00811107833969217
18.641,0,-3.9969128160666467,-3.000914817081201,1.19793492643288,0.010811281945122958
18.641,1,-4.001516673599427,3.0010804562220454,1.2010409391233896,0.008209362374929249
18.652,0,-3.997018219287464,-3.0009422826594223,1.1979275520366868,0.011002150619631548
18.652,1,-4.0014850542289455,3.0010356334602486,1.2009790543079872,0.00832232893712877
18.661,0,-3.9971250605796103,-3.000971844290304,1.1979216056743793,0.011181867549249002
18.661,1,-4.001449878164369,3.0009902798443937,1.2009178357944192,0.008452067010175592
18.671,0,-3.9972331908514125,-3.0010035821735905,1.1979171981215238,0.011356489760224634
18.671,1,-4.0014112072729775,3.0009441721613834,1.2008574882304706,0.008576672564345852
18.681,0,-3.9973424927421113,-3.0010375753304177,1.197913651915108,0.011530468539462664
18.681,1,-4.001369092104778,3.0008970968544815,1.2007986108701791,0.00868269366180297
18.692,0,-3.9974528768804163,-3.0010739074546247,1.1979101912011145,0.0117048122887676
18.692,1,-4.001323579707819,3.0008488592990417,1.2007417018762478,0.008787007090590554
18.702,0,-3.9975642752401006,-3.001112672806641,1.1979062717046294,0.011881553197580405
18.702,1,-4.001274720352546,3.0007992919029864,1.2006870851737865,0.008899531522168084
18.711,0,-3.9976766352702664,-3.0011539792483353,1.1979015133045785,0.012062960265255225
18.711,1,-4.001222571850971,3.0007482592389714,1.2006349634960176,0.00902572279781018
18.72,0,-3.9977899152685628,-3.001197949356111,1.197895573721882,0.012252332329686451
18.72,1,-4.0011672021381015,3.0006956606975392,1.2005855143872586,0.009156755577020054
18.732,0,-3.9979040791014935,-3.001244717030669,1.1978877137503214,0.012454853419363464
18.732,1,-4.001108691734149,3.0006414299079514,1.2005392541173345,0.009276438836880898
18.742,0,-3.9980190883422564,-3.0012944183297767,1.1978772224469152,0.01267230678996502
18.742,1,-4.00104714415878,3.000585531133115,1.200496685296744,0.009395883303979542
18.75,0,-3.9981348941971775,-3.001347180079558,1.1978636116231012,0.012904788929385923
18.75,1,-4.000982695924844,3.0005279539946126,1.2004581337535354,0.009521164854089926
18.762,0,-3.998251431933189,-3.0014031110132016,1.197846548751542,0.013150947221075363
18.762,1,-4.000915521872511,3.0004687085188646,1.2004237978009338,0.009653672572513273
18.771,0,-3.9983686179651854,-3.0014622968520155,1.1978261085460111,0.013394195068784746
18.771,1,-4.000845837146992,3.000407820864071,1.2003937164158722,0.009797344911084029
18.781,0,-3.998486349779091,-3.001524798885564,1.1978038377459745,0.01360854355351344
18.781,1,-4.000773896489237,3.0003453298399285,1.20036761602198,0.009949874842983677
18.791,0,-3.9986045068381757,-3.001590641261962,1.1977812355448816,0.013797035123496806
18.791,1,-4.0006999894274085,3.00028128300976,1.200345228811351,0.010100737662071408
18.801,0,-3.9987229535916886,-3.0016598031093285,1.1977593103623256,0.013963908071668444
18.801,1,-4.000624435181961,3.000215733794738,1.200326355683837,0.010242355761859662
18.811,0,-3.998841542667888,-3.0017322158439974,1.197738732745029,0.014111941683462925
18.811,1,-4.0005475777750235,3.0001487393170856,1.2003108428462685,0.010369336907663637
18.821,0,-3.998960117704955,-3.0018077627961115,1.1977199382001182,0.014242203812675573
18.822,1,-4.0004697810893886,3.000080358679146,1.200298568405841,0.010477810704726125
18.831,0,-3.999078515964522,-3.0018862809664477,1.1977032244165529,0.01435340212211609
18.831,1,-4.000391424032184,3.0000106516722793,1.2002893874706928,0.010566314412010242
18.841,0,-3.999196570833187,-3.0019675686395373,1.1976889355987057,0.014443915268649616
18.841,1,-4.00031289464646,2.999939678338961,1.2002828637059495,0.010633665374358472
18.851,1,-4.000234579616688,2.9998674988262084,1.200278556624722,0.01067654847388639
18.852,0,-3.9993141145830324,-3.0020514065588757,1.1976773424587561,0.014515521507856215
18.861,0,-3.999430981014948,-3.0021375820148255,1.1976685977725692,0.014570473971181585
18.861,1,-4.000156853617338,2.9997941737774787,1.2002761588041353,0.010694242333540672
18.871,1,-4.000080071474958,2.999719764710572,1.2002754552161854,0.01068769132982733
18.872,0,-3.99954700759374,-3.002225906518552,1.1976627669884599,0.014611356363740217
18.881,1,-4.000004562129075,2.9996443346112254,1.2002759508753071,0.010657981905685364
18.882,0,-3.9996620374661234,-3.002316226548361,1.1976594155792717,0.014642487707331323
18.891,0,-3.999775919081619,-3.0024084247879594,1.19765702338809,0.014662686879533642
18.892,1,-3.9999306223696345,2.999567950119397,1.2002763769417177,0.010606194938562196
18.901,1,-3.999858511611171,2.999490684771785,1.2002757295753883,0.010536686934827347
18.902,0,-3.9998884995961115,-3.0025024141060057,1.1976543525580277,0.014671249096937717
18.911,0,-3.999999619725947,-3.0025981278316216,1.1976505595328244,0.014669302447330546
18.911,1,-3.9997884475531436,2.999412622740728,1.2002733427873742,0.01045465581779149
18.921,0,-4.000109110843605,-3.002695511959123,1.197645071161709,0.01465808333195966
18.921,1,-3.999720603833469,2.9993338611668405,1.2002687855457734,0.010364671436826439
18.931,0,-4.000216793973359,-3.0027945190207492,1.1976374347869443,0.01463951198104499
18.931,1,-3.999655111199552,2.999254510650155,1.200262444736183,0.010257795532898703
18.941,0,-4.000322483234606,-3.00289509977212,1.197627101159481,0.014616013963163676
18.941,1,-3.999592064774613,2.999174692076633,1.2002570136257438,0.010125227940592793
18.951,0,-4.000425995520587,-3.002997189471275,1.1976136520779155,0.01458847324307847
18.951,1,-3.999531527129274,2.9990945304571497,1.2002548685672236,0.009986471867592512
18.961,0,-4.000527160446582,-3.0031006954662893,1.1975968160679953,0.014557040339918951
18.961,1,-3.999473536456148,2.9990141467929394,1.200257625147989,0.009864574965551232
18.971,0,-4.000625827526974,-3.0032054893430966,1.1975764222486174,0.01452122689313738
18.971,1,-3.999418114523001,2.998933651766552,1.2002663665243813,0.009779194999915595
18.981,0,-4.000721870899783,-3.0033114027617316,1.1975523717025593,0.014479966300243775
18.981,1,-3.9993652727478013,2.998853141474153,1.2002818063539387,0.009744652131086525
18.991,0,-4.000815191491713,-3.0034182268064686,1.1975247945662486,0.0144231779256515
18.991,1,-3.999315012795171,2.998772695088685,1.2003028726021618,0.009678530948195862
19.002,0,-4.0009057156543655,-3.003525719438321,1.197494278875782,0.01434333130163848
19.002,1,-3.9992673241672265,2.998692379705284,1.200324672795287,0.009507473899509336
19.011,1,-3.999222197713891,2.9986122664306354,1.2003432143998776,0.009271968433153885
19.012,0,-4.000993391995907,-3.003633623247485,1.1974613169958805,0.014241632238496452
19.021,0,-4.001078186657099,-3.003741682872356,1.197426254636102,0.014120467775100275
19.021,1,-3.999179627453492,2.9985324452161763,1.2003558078792502,0.009026981560058635
19.031,0,-4.001160079269196,-3.0038496578420926,1.1973893343309558,0.013982750739704492
19.031,1,-3.9991396100296677,2.998453034400444,1.2003606645475262,0.008821661931349268
19.042,0,-4.001239058980692,-3.003957331257302,1.1973510264106466,0.013809135050400809
19.042,1,-3.999102144759075,2.9983741861110818,1.20035680351851,0.008688457258651954
19.052,0,-4.001315121552767,-3.0040645119688034,1.197312755007868,0.013583725148493932
19.052,1,-3.999067234633428,2.9982960848068396,1.2003442882025617,0.008628489914229969
19.062,0,-4.001388275729539,-3.0041710285051755,1.1972757266212823,0.013321589290860464
19.062,1,-3.999034884908273,2.99821893451874,1.2003233666625621,0.008635582087237562
19.071,0,-4.001458546847182,-3.004276721819633,1.1972407477566058,0.013034959746279155
19.071,1,-3.9990051032215614,2.998142945318052,1.2002942643921601,0.008704238822624404
19.081,0,-4.001525978154764,-3.0043814398966027,1.197208347137974,0.012733001196407237
19.081,1,-3.998977899897158,2.998068323076011,1.2002571907924022,0.008829168838376329
19.091,0,-4.001590630500676,-3.004485033726109,1.19717908969058,0.012407085759383771
19.091,1,-3.9989532884938073,2.99799526233623,1.200212547116699,0.008969191592508956
19.101,0,-4.001652579189111,-3.004587352274549,1.1971544706722892,0.012051254855025622
19.101,1,-3.9989312885500228,2.997923943314432,1.200162106787716,0.009030712435581612
19.111,0,-4.001711914337013,-3.004688236760751,1.197135816286564,0.0116920650360253
19.111,1,-3.998911920933173,2.9978545270543995,1.200107708771762,0.009020246655126565
19.121,0,-4.001768738434135,-3.0047875150123455,1.1971239850903908,0.011349858970951985
19.121,1,-3.9988952047743394,2.9977871525892414,1.20005063841617,0.008952872116809275
19.131,0,-4.001823163101915,-3.0048849979381735,1.1971195076176444,0.011038696816704847
19.131,1,-3.9988811568307323,2.997721936318475,1.1999918012935824,0.008843696768533204
19.141,0,-4.00187530630521,-3.0049804781379232,1.197122693129259,0.010767751678577948
19.141,1,-3.9988697909770115,2.9976589721014957,1.1999318322916217,0.008705801883872105
19.151,0,-4.00192529045076,-3.005073730514804,1.1971335015628284,0.010534939954438223
19.151,1,-3.998861117394961,2.997598331471068,1.199871022685175,0.00858225532735577
19.162,0,-4.001973241418429,-3.0051645167524708,1.1971508641402138,0.010317072890244826
19.162,1,-3.9988551388037576,2.9975400620498367,1.199808804690233,0.008525666887849078
19.171,0,-4.0020192831106165,-3.005252590351645,1.197173705272072,0.01010149278301027
19.171,1,-3.998851845440664,2.997484186429947,1.1997445594303742,0.00852634959475405
19.181,0,-4.002063533922189,-3.0053377034192503,1.197201249968543,0.009882936915618673
19.181,1,-3.9988512085827232,2.9974307000218032,1.1996778678323115,0.008576612963968071
19.191,0,-4.0021061048723094,-3.005419612768443,1.1972329319254635,0.009660071421034104
19.191,1,-3.998853175944874,2.9973795698425527,1.1996084495152102,0.008670226594471649
19.201,0,-4.002147098064667,-3.00549808392589,1.19726852130448,0.009455598015688137
19.201,1,-3.998857670278517,2.9973307354495193,1.1995364736478416,0.008714976086898115
19.211,0,-4.002186605430347,-3.0055728917349214,1.197308774190749,0.009310119582278502
19.211,1,-3.9988645931166538,2.9972841125404495,1.1994638295888367,0.008594209986173289
19.221,0,-4.002224711625192,-3.005643825035564,1.1973544489317465,0.009227765447208349
19.221,1,-3.998873825117448,2.9972395895051074,1.199392338648887,0.008360107650593947
19.232,0,-4.002261496053527,-3.005710688558283,1.1974060165941283,0.009210362700346407
19.232,1,-3.9988852309625957,2.9971970275996407,1.1993232331595396,0.008053714887466123
19.241,0,-4.0022970339130985,-3.0057733032452876,1.1974637478559351,0.009257571894394256
19.241,1,-3.998898665016291,2.9971562634137476,1.1992573377928732,0.007705117467967298
19.25,0,-4.00233139699554,-3.005831506641775,1.1975277216234606,0.009352715625810833
19.25,1,-3.998913975648459,2.9971171115547257,1.1991950830326377,0.007370132597444305
19.261,0,-4.002364653449975,-3.005885154636064,1.1975973867965815,0.009442923841821068
19.261,1,-3.998931006174229,2.997079368142233,1.1991356570971907,0.007155821742739288
19.271,0,-4.002396861219265,-3.0059341170369467,1.1976720103183678,0.009529211797494727
19.271,1,-3.9989495941647832,2.9970428242587874,1.1990779126257598,0.007033308229805172
19.281,0,-4.0024280601457,-3.0059782726669515,1.197751033757986,0.009615873716214663
19.281,1,-3.9989695683060016,2.997007280605004,1.1990210535661057,0.006974752255927625
19.291,0,-4.002458267109475,-3.0060175071668316,1.1978340278838073,0.009707910865290903
19.291,1,-3.998990745495386,2.9969725571772527,1.1989645321409534,0.006959521198216201
19.301,0,-4.00248747338521,-3.0060517116374115,1.1979206499243613,0.00980742828695614
19.301,1,-3.9990129295608625,2.9969384997399535,1.1989079734481016,0.006972684167116326
19.311,0,-4.002515643948947,-3.0060807828096388,1.1980104421297675,0.00987011280139913
19.311,1,-3.99903591172088,2.996904983945535,1.1988516632833592,0.006874255735140646
19.321,0,-4.002542719852233,-3.0061046277954824,1.1981021661223856,0.009835658627496092
19.321,1,-3.9990594769094194,2.996871916736495,1.1987985029579533,0.00650695579498202
19.331,0,-4.002568623212224,-3.006123165261416,1.198194681641002,0.009737492455524858
19.331,1,-3.9990834187679147,2.9968392308072653,1.1987512653178387,0.005976449186601039
19.341,1,-3.999107557916708,2.996806879217358,1.1987117998252683,0.005374596492875216
19.341,0,-4.002593263485592,-3.0061363300569686,1.1982871911302209,0.009601230700495364
19.352,0,-4.002616542820555,-3.0061440776784765,1.198379132880558,0.009446908913413021
19.352,1,-3.9991317551227064,2.99677483127584,1.198681315348421,0.004785740936481482
19.361,1,-3.999155919163313,2.9967430688615395,1.1986598900309826,0.004368489539524935
19.362,0,-4.002638360422397,-3.0061463875719867,1.1984700000079394,0.009260558563396448
19.372,0,-4.002658615357522,-3.006143266438535,1.1985590269080006,0.00903148180547473
19.372,1,-3.999180007164821,2.9967115834096405,1.1986449836913267,0.004151276088489022
19.382,0,-4.00267720566975,-3.006134747617389,1.1986455922980184,0.008784558466201846
19.382,1,-3.9992040140318235,2.996680375100607,1.1986342641158543,0.004034992229895311
19.391,0,-4.002694027522909,-3.006120891598065,1.1987292667577383,0.008537876099519236
19.391,1,-3.9992279604168663,2.9966494518157587,1.1986261145671564,0.003968165112428822
19.401,0,-4.002708975010107,-3.0061017860230104,1.1988097540312013,0.00830477276441203
19.401,1,-3.999251883365831,2.9966188279607158,1.1986194134109571,0.003925904545240845
19.411,0,-4.002721940323932,-3.006077544803888,1.1988868502214127,0.008094586800488525
19.411,1,-3.999275829170909,2.9965885233611367,1.1986133840724733,0.003896943046824555
19.422,0,-4.002732813772268,-3.006048305374699,1.1989606364816412,0.007967494520668883
19.422,1,-3.999299848140111,2.9965585623939206,1.198608017961439,0.0038571969213611456
19.431,0,-4.00274148456464,-3.0060142230553315,1.1990319854363038,0.007962228540800543
19.432,1,-3.999323992678455,2.9965289727164386,1.1986052557559261,0.003811512285266238
19.441,0,-4.00274784746619,-3.0059754703815273,1.1991016763655205,0.008043208776094992
19.441,1,-3.999348319702858,2.9964997813497694,1.198606832488908,0.0038119869412716065
19.451,0,-4.00275180781894,-3.005932232493716,1.1991702400514117,0.008184376680856345
19.451,1,-3.999372893624422,2.996471011466889,1.19861389782423,0.0039017508085672195
19.462,0,-4.002753284600062,-3.005884702323312,1.1992380350439527,0.008366988354479203
19.462,1,-3.9993977881462666,2.9964426802932778,1.198627195545207,0.004103069095316966
19.471,0,-4.002752213019242,-3.0058330778072184,1.1993050583584821,0.008526935142008684
19.471,1,-3.9994230865471296,2.9964147973740367,1.1986462235129731,0.004287508672707483
19.482,0,-4.002748548736424,-3.0057775615494777,1.1993704113932941,0.00862388460776562
19.482,1,-3.9994488796120686,2.996387363750836,1.1986670572309317,0.004292361004801339
19.491,1,-3.9994752645980194,2.996360376035948,1.198686229473135,0.004173911758108396
19.492,0,-4.002742270719739,-3.005718355808993,1.1994332938546144,0.008688032381224382
19.501,0,-4.002733385271984,-3.005655661606716,1.1994931769374058,0.008738980887525763
19.501,1,-3.9995023430248247,2.9963338292774546,1.198701386037211,0.004014097842273739
19.511,0,-4.002721928497868,-3.005589678716722,1.1995497198417404,0.008788724483924025
19.512,1,-3.9995302183701846,2.996307718671941,1.1987109459591032,0.0038928937015429263
19.52,0,-4.0027079673624915,-3.005520605776383,1.199602565394714,0.008821249878509008
19.52,1,-3.999558994713225,2.996282041012611,1.198714609769415,0.003880178173468127
19.532,0,-4.002691600103153,-3.005448638683841,1.1996509548150753,0.008830270102402744
19.532,1,-3.9995887723917742,2.9962567954729558,1.19871495404667,0.00392807875397327
19.542,0,-4.002672953766408,-3.0053739616890325,1.1996942764493754,0.008838744132690732
19.542,1,-3.9996196295610362,2.9962319807348177,1.1987143645483,0.00398722414272522
19.551,0,-4.002652182402998,-3.0052967405557416,1.1997321439291218,0.008861864979218995
19.551,1,-3.999651606821125,2.9962075930478678,1.19871447474182,0.004051276493137493
19.561,0,-4.002629464937259,-3.0052171185063448,1.1997643264473306,0.008908552491220028
19.561,1,-3.9996846980374667,2.9961836251707807,1.1987163927003435,0.004125537383430926
19.571,0,-4.00260500246051,-3.0051352139333436,1.1997907007488313,0.00898386849399622
19.571,1,-3.9997188455403094,2.996160065747664,1.1987208618861396,0.004215190772464588
19.581,0,-4.002579014700962,-3.0050511190862585,1.199811491971342,0.009104623948923564
19.581,1,-3.9997539383472906,2.996136898865805,1.1987278810524542,0.004296754217437066
19.591,0,-4.002551733517758,-3.004964904598657,1.1998279032885593,0.00926602682766878
19.591,1,-3.999789815932459,2.996114104235018,1.1987356208253923,0.004333584798111297
19.601,0,-4.002523393752119,-3.0048766404758824,1.1998410026772017,0.009442935255668704
19.601,1,-3.99982628385572,2.9960916598959733,1.198742432667338,0.004334106982190219
19.611,0,-4.002494222879795,-3.004786414308885,1.1998515329382264,0.009620551293056947
19.612,1,-3.999863127729482,2.9960695442524106,1.1987472030267952,0.004314146843917302
19.621,0,-4.002464433197125,-3.004694342983446,1.1998600227440948,0.009789276314805936
19.621,1,-3.9999001235767517,2.9960477373506804,1.198749186739506,0.004288402431909626
19.631,0,-4.002434216537243,-3.0046005798980757,1.1998666897653745,0.009939068906752759
19.631,1,-3.999937045784653,2.996026221936528,1.1987486446682634,0.0042594902369586934
19.642,0,-4.002403741972245,-3.0045053176942482,1.1998706161637307,0.01006517068699905
19.642,1,-3.9999736718188226,2.9960049843019103,1.198748537706272,0.004211763977597339
19.651,0,-4.002373157368958,-3.004408778516343,1.1998707587468014,0.010177062796828408
19.651,1,-4.000009784576766,2.9959840133707445,1.1987514994975392,0.004173831362669187
19.662,0,-4.002342593143868,-3.004311202586483,1.1998664255786433,0.010282069708953987
19.662,1,-4.000045174375855,2.9959633003625075,1.19875930894392,0.00419192036016428
19.671,0,-4.002312165538103,-3.0042128397778862,1.199857173259359,0.01038486509551266
19.671,1,-4.000079640463158,2.9959428386516294,1.1987731484480917,0.004303478469068371
19.681,0,-4.002281979311266,-3.004113942325797,1.1998434636095618,0.010461208794399178
19.681,1,-4.000112992705782,2.995922623493396,1.1987933366890595,0.004458229330501531
19.691,0,-4.002252128578159,-3.0040147584497365,1.1998276288744207,0.01048426753843095
19.691,1,-4.000145056085453,2.995902651607836,1.198817785569679,0.0045202476081833325
19.701,1,-4.000175673746306,2.995882922022205,1.198844366903381,0.0044878773793280815
19.701,0,-4.002222693583236,-3.0039155274857454,1.1998115883931,0.010459225441254294
19.711,0,-4.002193737856439,-3.003816474329217,1.199796641475971,0.010397101594919009
19.711,1,-4.000204711012526,2.995863436498763,1.1988716269540367,0.0043803025845584685
19.721,0,-4.002165306717142,-3.00371780540229,1.1997836562994668,0.010308873508012451
19.721,1,-4.000232058584572,2.995844199551591,1.1988985787950186,0.00421775530792375
19.732,0,-4.002137426783613,-3.003619706132977,1.199773204344194,0.010203751948673304
19.732,1,-4.000257634197765,2.995825218321402,1.1989245564086977,0.004017492952248178
19.741,0,-4.002110106029564,-3.0035223392173025,1.1997652881472403,0.01009558448803199
19.741,1,-4.000281382926521,2.995806502262604,1.1989491865477127,0.003804824114980427
19.751,0,-4.00208333498876,-3.0034258410011594,1.1997585486020432,0.009988836977871715
19.751,1,-4.000303275870728,2.9957880602639526,1.1989724833613735,0.0035986067715151142
19.762,0,-4.002057091457593,-3.00333031562687,1.1997517523207506,0.009881507023700666
19.762,1,-4.00032330788468,2.995769892367531,1.1989945196657492,0.00339985454319653
19.771,0,-4.002031344641598,-3.0032358296947574,1.199744056994612,0.009776454742134073
19.771,1,-4.000341494483307,2.9957519820347955,1.199015349695675,0.003210242997634469
19.781,0,-4.002006058291768,-3.0031424094694588,1.1997348931380236,0.00967803771373528
19.781,1,-4.0003578688315065,2.9957342912337213,1.1990350164746753,0.003032965418632027
19.791,0,-4.001981193405265,-3.0030500406097795,1.199724092910665,0.009585092059413415
19.792,1,-4.00037247819579,2.9957167580670125,1.1990539756315148,0.002928371383310006
19.801,0,-4.001956713038868,-3.0029586737191156,1.199711984389441,0.009497112261203094
19.801,1,-4.000385380213707,2.995699299288341,1.1990733971554441,0.0029132955676661253
19.811,0,-4.001932589983781,-3.0028682360408543,1.1996988516480676,0.009415563235461324
19.811,1,-4.000396640813357,2.995681818138731,1.199094178029258,0.002973098393661659
19.821,1,-4.000406330918713,2.9956642118521137,1.1991169230599856,0.0030958888541357176
19.822,0,-4.0019088131004885,-3.002778642528917,1.1996848969159366,0.009340996370583261
19.831,0,-4.001885391235578,-3.0026898042283143,1.1996702649205169,0.009273275625637666
19.831,1,-4.0004145237120765,2.9956463772901674,1.1991420354047386,0.003270005813480972
19.841,0,-4.001862355081706,-3.0026016343671755,1.1996549403496954,0.009216641153986899
19.841,1,-4.000421292464689,2.9956282150175952,1.1991697556179746,0.0034790768258730433
19.851,0,-4.001839754645663,-3.002514052849481,1.1996385919993051,0.009173057384293198
19.851,1,-4.000426705489662,2.995609631421052,1.1992001505066836,0.0037085475762022074
19.862000000000002,0,-4.001817651016464,-3.002426989944199,1.1996209474691688,0.009140365423584929
19.862000000000002,1,-4.000430814139455,2.9955905382796346,1.1992332253935414,0.003951741982037554
19.871,0,-4.001796108336878,-3.002340388576682,1.1996018297028024,0.00911668562019847
19.871,1,-4.00043364195799,2.995570851773295,1.1992689579341038,0.0042036816622613386
19.881,0,-4.001775187912148,-3.0022542055569237,1.1995811275889914,0.009100329311224353
19.881,1,-4.000435178007532,2.9955504917642783,1.199307310920113,0.004461567874387109
19.891,0,-4.001754944059862,-3.0021684120212724,1.1995587753072452,0.009089747480968803
19.891,1,-4.000435373405638,2.9955293813158224,1.1993482366580586,0.004723141652937857
19.901,0,-4.00173542160845,-3.002082993357706,1.1995351745520437,0.009052500942906258
19.901,1,-4.0004341408956074,2.995507446775454,1.1993913785589918,0.004916272559070448
19.911,0,-4.001716653512575,-3.0019979472864726,1.1995122186192668,0.008963353189446771
19.911,1,-4.00043136004826,2.9954846213606787,1.1994353709912644,0.004988936560383875
19.921,0,-4.001698654253298,-3.001913277468516,1.1994915484653854,0.008845361475340126
19.921,1,-4.000426887067702,2.995460853220864,1.1994790314503119,0.004984806950009776
19.931,1,-4.000420566098015,2.9954361137028056,1.199521552699199,0.004935664231510792
19.932,0,-4.00168141510401,-3.0018289876722744,1.1994742644148584,0.008719431492667795
19.941,1,-4.000412238341922,2.9954104027035333,1.199562387820133,0.004864445200933619
19.942,0,-4.001664901830414,-3.001745077762837,1.1994610921594184,0.008602186346632986
19.951,0,-4.001649053769961,-3.0016615409005265,1.1994518838193726,0.008521416321283183
19.951,1,-4.000401749300646,2.995383751439048,1.1996010695595771,0.004768178657784629
19.961,0,-4.001633785717128,-3.0015783623101355,1.1994434342836957,0.008486077941078656
19.961,1,-4.000388956606327,2.9953562220987893,1.1996370168854227,0.004654837928685386
19.971,0,-4.001619000447088,-3.001495522934238,1.1994326358997034,0.008489828981156331
19.971,1,-4.000373739041221,2.9953279038003164,1.1996698139661168,0.004546236834023967
19.981,0,-4.0016046000575365,-3.0014130029904718,1.1994173961092645,0.008545441918083324
19.981,1,-4.000356004123271,2.9952989082138943,1.1996992062853407,0.004457200791826949
19.991,0,-4.001590493576143,-3.0013307842787964,1.1993963227551545,0.008665878499406322
19.991,1,-4.000335692762712,2.9952693655263376,1.1997250505363855,0.004396776833028115
20.001,0,-4.001576602261831,-3.001248851831807,1.1993688999527743,0.008821896611665188
20.001,1,-4.00031278165424,2.9952394207710396,1.199747225793691,0.004362431962288965
20.011,0,-4.001562861281538,-3.001167194341464,1.1993362660338345,0.008963577254501967
20.011,1,-4.000287283624652,2.995209231501129,1.1997654886762483,0.004354189622928697
20.021,0,-4.001549215787458,-3.0010858020668074,1.1992995535123214,0.00908729502507109
20.021,1,-4.000259244761937,2.9951789677146246,1.1997796659478777,0.004378154963109704
20.031,0,-4.001535616649621,-3.0010046648589648,1.1992595691647525,0.00919439403249124
20.031,1,-4.000228741079793,2.9951488119551954,1.1997896751355681,0.004434863722162182
20.041,0,-4.001522017378483,-3.0009237708592686,1.199216891859002,0.009288184098995397
20.041,1,-4.00019587518764,2.995118958614187,1.1997954891704476,0.004521005489925117
20.051,0,-4.001508371984845,-3.0008431056799747,1.1991719367165772,0.00937217734626846
20.051,1,-4.000160773081305,2.995089612775728,1.1997971206649858,0.004631716719365802
20.061,0,-4.001494633545825,-3.00076265198073,1.1991253887322912,0.009398214423616444
20.061,1,-4.000123580899903,2.995060988780592,1.1997946399574309,0.00476063151346737
20.072,0,-4.001480753462336,-3.0006823888111906,1.199079142067517,0.00932968991564491
20.072,1,-4.000084460491542,2.9950333102842817,1.1997881927339866,0.004900389118558393
20.081,0,-4.0014666819889335,-3.00060228971079,1.1990348019219674,0.009201858103571907
20.081,1,-4.000043583158659,2.995006814111979,1.1997779211108806,0.005045285284124228
20.092,0,-4.00145236898354,-3.0005223212876406,1.1989934521539045,0.00904312540567133
20.092,1,-4.000001123619187,2.9949817536867873,1.1997639455073652,0.005191890644344055
20.101,0,-4.001437764544567,-3.00044244258955,1.1989558150012123,0.008875045556536182
20.102,1,-3.999957255293375,2.9949584004476364,1.199746371478888,0.005338397872948084
20.111,0,-4.001422819672804,-3.000362605049293,1.1989221230631375,0.008742091881080579
20.111,1,-3.9999121462845646,2.9949370442840086,1.1997256472094417,0.005450088487018651
20.122,0,-4.001407488272213,-3.000282753495257,1.1988908615937508,0.008696898344827068
20.122,1,-3.9998659556541476,2.9949179905991903,1.1997030500928574,0.005505017244659704
20.131,0,-4.001391731077355,-3.0002028291155574,1.1988603113562042,0.008710311944896604
20.131,1,-3.999818831310806,2.9949015486594934,1.1996796146073971,0.005516945037949869
20.141,0,-4.001375520062285,-3.000122772733636,1.1988292870646833,0.00876505974303927
20.141,1,-3.9997709072233705,2.994888022017164,1.1996560482565841,0.005501031721009895
20.151,0,-4.001358841515485,-3.000042527281028,1.1987969749831104,0.008851053791576245
20.151,1,-3.9997223015043,2.994877701599767,1.1996328329513182,0.005471566559858682
20.161,0,-4.001341697738206,-2.999962039553618,1.1987628199879592,0.008961760698929969
20.161,1,-3.9996731154352343,2.9948708606108303,1.1996102939676807,0.005441431593505663
20.171,1,-3.999623432982409,2.9948677530639056,1.1995892333792308,0.0053630578941081366
20.171,0,-4.001324107674335,-2.9998812613920225,1.1987264526994637,0.009091630548378691
20.181,0,-4.001306105031969,-2.9998001502038627,1.1986876523275638,0.009236180774613568
20.181,1,-3.999573323441602,2.994868613387409,1.1995723458827356,0.005234380001891216
20.191,0,-4.001287732243862,-2.9997186687179647,1.198646279545092,0.0093928049783437
20.191,1,-3.9995228524512823,2.994873634663214,1.1995619157347988,0.005157085299881148
20.202,0,-4.0012690343810835,-2.999636784506194,1.1986022452178817,0.00955942649037869
20.202,1,-3.999472091455708,2.994882955058114,1.1995594518262926,0.005212459789957747
20.211,0,-4.001250054734876,-2.999554469537232,1.1985554941258476,0.009734470042357937
20.211,1,-3.999421123834702,2.9948966515513216,1.199565928822644,0.005443898021654128
20.222,0,-4.0012308315837295,-2.9994716994060147,1.1985064518450959,0.009855042714520635
20.222,1,-3.999370048901496,2.994914731272347,1.1995805652888327,0.005754538910139822
20.231,0,-4.001211394270746,-2.9993884491663154,1.198457097207274,0.009872177641056804
20.231,1,-3.999318983936239,2.9949371319348903,1.1995999675690474,0.006019708428862622
20.242,0,-4.001191757380672,-2.999304684436937,1.1984091483003687,0.009824027917292193
20.242,1,-3.9992680649528753,2.994963748747538,1.1996214700470584,0.006221811109848779
20.252,0,-4.001171915413714,-2.999220352371417,1.198363762257585,0.009742238614252224
20.252,1,-3.999217447227365,2.994994446239443,1.1996432387196576,0.006372738858251294
20.262,0,-4.0011518396785055,-2.999135375788902,1.1983217056521835,0.009651463148925671
20.262,1,-3.9991673046614022,2.9950290663623353,1.1996640165526147,0.0064888011431437215
20.271,1,-3.9991178281682207,2.9950674350571935,1.19968290695804,0.00658005935924866
20.271,0,-4.001131477237299,-2.9990496505491144,1.1982831785313954,0.009600516607167375
20.281,0,-4.001110754140663,-2.998963050660926,1.1982471987658436,0.009615283787406302
20.281,1,-3.9990692221542603,2.9951093664159227,1.1996990954562932,0.006654144768777517
20.291,0,-4.001089584623189,-2.998875443901877,1.1982128391675577,0.009676383112608442
20.291,1,-3.999021697617556,2.9951546652736716,1.1997119714054063,0.006722958224865533
20.302,0,-4.001067880614894,-2.9987867080739212,1.1981794576565978,0.00977083968635116
20.302,1,-3.998975464986598,2.9952031282834537,1.1997211299267254,0.006794277876145618
20.311,0,-4.001045558827245,-2.99869674256498,1.1981466094361444,0.009888951991603926
20.311,1,-3.99893072855225,2.995254544964301,1.199726308230505,0.006872691723063074
20.321,1,-3.998887682286012,2.9953086990256304,1.199727342557826,0.006960630917682293
20.321,0,-4.001022545773139,-2.9986054759027607,1.1981139863536008,0.010023075630984075
20.332,0,-4.0009987810972305,-2.9985128700719446,1.1980814304667555,0.010161550082157498
20.332,1,-3.9988465066013417,2.9953653694881273,1.1997240205968955,0.007061621955777305
20.341,0,-4.000974219536699,-2.99841892175568,1.1980491082622637,0.010292962273887735
20.341,1,-3.9988073657486685,2.9954243297696777,1.1997156370089606,0.0071880162909015435
20.351,0,-4.000948832346268,-2.998323661134539,1.1980172132027187,0.010416721708749126
20.351,1,-3.99877040893497,2.9954853457057093,1.199701565791212,0.007348632846646268
20.361,0,-4.000922607834452,-2.998227149063002,1.1979858729623551,0.010531723075183918
20.361,1,-3.9987357714243466,2.9955481721882413,1.1996814123739987,0.00754626710824224
20.371,0,-4.0008955511971696,-2.998129473850259,1.197955169163836,0.010636473507613075
20.371,1,-3.9987035751462803,2.995612551044883,1.1996549455575052,0.007779157815722057
20.381,0,-4.000867683344264,-2.998030747312109,1.1979255706007983,0.010699170340574146
20.381,1,-3.998673930420984,2.995678211075668,1.1996224969882543,0.007990716261822867
20.391,0,-4.000839035622332,-2.997931099458717,1.197898931164033,0.010705275095705414
20.391,1,-3.9986469387930867,2.995744869860938,1.1995859895444463,0.008115019150657463
20.401,0,-4.000809639631478,-2.9978306744217598,1.197876829828185,0.010686319104784731
20.401,1,-3.9986226869872867,2.995812233394731,1.1995471316975421,0.008161969002863643
20.411,0,-4.000779516231165,-2.9977296247719134,1.197860307674879,0.010666012391053095
20.411,1,-3.9986012446205343,2.995879998917723,1.1995071073053356,0.008145451310607428
20.42,0,-4.000748667730331,-2.9976281065895902,1.1978500309546745,0.010660989772719485
20.42,1,-3.9985826639210065,2.9959478582726025,1.1994667358004978,0.008078011009211801
20.432,0,-4.000717073220646,-2.9975262756994994,1.1978463059555025,0.010681854678290715
20.432,1,-3.9985669789658007,2.996015501116421,1.1994262534013405,0.008018657745883583
20.441,0,-4.000684688791587,-2.9974242854164004,1.197848816740414,0.010727436856688888
20.441,1,-3.9985542020440654,2.9960826203473108,1.1993841817452164,0.008040251744568783
20.451,0,-4.000651454873081,-2.9973222864629445,1.1978571603085668,0.010791400982265638
20.451,1,-3.9985443271393075,2.996148921207449,1.1993390349919504,0.008126710464988095
20.46,0,-4.000617305263141,-2.997220427771684,1.1978710231864287,0.010869372286668056
20.46,1,-3.998537330161717,2.996214129571941,1.1992898279767008,0.00826848472149548
20.471,0,-4.000582174106925,-2.9971188569392124,1.1978901542387013,0.010958198322355573
20.472,1,-3.998533168235564,2.996277997710402,1.1992359208805936,0.008459150115169567
20.482,0,-4.000546000947058,-2.9970177203078046,1.1979143437167996,0.011055395874109602
20.482,1,-3.9985317799008606,2.9963403079276105,1.1991769118742774,0.008692922641518977
20.491,0,-4.00050873458153,-2.9969171626831055,1.197943104485703,0.01113839518342173
20.491,1,-3.9985330875890974,2.996400873392166,1.1991131789860634,0.008830361600641348
20.501,0,-4.000470335695303,-2.996817328102834,1.197975235695548,0.01118929743414202
20.501,1,-3.9985370041422685,2.9964595334673163,1.1990480917163462,0.008686573839075668
20.512,0,-4.000430776617516,-2.9967183636393693,1.198009753679843,0.011210058591343393
20.512,1,-3.998543423368261,2.9965161555259052,1.1989848871268476,0.00834175300055433
20.521,0,-4.000390041362796,-2.996620422364917,1.1980459672746615,0.011203883227844916
20.521,1,-3.998552217324609,2.9965706328215616,1.1989257636564576,0.007865047268250068
20.532,0,-4.000348125541788,-2.9965236648913547,1.1980833880113848,0.011173523423075515
20.532,1,-3.9985632378991105,2.9966228805797344,1.1988721977945387,0.007309928023877213
20.541,0,-4.000305036280225,-2.996428259535137,1.1981214334716288,0.011099920926238845
20.541,1,-3.9985763175458007,2.9966728340979625,1.1988245249512857,0.006830303706677618
20.552,0,-4.000260791726591,-2.9963343796735256,1.1981588441712216,0.010969481982744852
20.552,1,-3.998591270797486,2.9967204493209576,1.1987805900482948,0.006522236506035361
20.561,0,-4.000215417459683,-2.9962421995189907,1.1981945759729007,0.010798208412632343
20.562,1,-3.998607907857543,2.996765694349637,1.1987383809129815,0.006328252407081055
20.572,0,-4.000168943876143,-2.996151889019334,1.1982279265235933,0.010599021920025077
20.572,1,-3.998626042790879,2.996808546012009,1.1986965104010145,0.00621444292165832
20.581,1,-3.998645498445967,2.9968489883616547,1.1986540288347463,0.0061598847130004564
20.582,0,-4.0001214043807565,-2.9960636097209665,1.1982584305262127,0.010381861460096625
20.591,1,-3.9986661102315484,2.99688701085133,1.1986105635793085,0.00609888959617799
20.592,0,-4.000072833783265,-2.995977512379967,1.1982860306790124,0.010170942188014667
20.601,0,-4.000023268116369,-2.9958937381292494,1.1983116036090669,0.00997928890572497
20.601,1,-3.9986877283344797,2.9969226081815505,1.1985668708409987,0.005978149839073195
20.611,0,-3.999972749334814,-2.9958124206462786,1.1983359577018795,0.009796581018073682
20.611,1,-3.9987102156699073,2.996955789478433,1.1985236891646835,0.005816856648919476
20.621,0,-3.999921329009275,-2.9957336901077554,1.1983596519321333,0.009616708279517933
20.622,1,-3.9987334465246938,2.99698658495956,1.1984815171948588,0.0056298661138110195
20.631,0,-3.9998690703220596,-2.995657676191961,1.1983830718916098,0.009435663425843564
20.631,1,-3.998757305654833,2.9970150493568615,1.198440687611083,0.005428279957616665
20.641,0,-3.999816048987866,-2.995584509847301,1.198406481954187,0.009250782254740663
20.641,1,-3.998781687470368,2.997041263454573,1.198401417887464,0.0052203757849986435
20.65,0,-3.999762353465833,-2.9955143233264754,1.1984298030391403,0.009042517327551689
20.65,1,-3.9988064953060594,2.9970653339485427,1.1983639604302843,0.004989700743129343
20.661,0,-3.9997080828195375,-2.9954472479594743,1.1984520235490903,0.008796795059668319
20.661,1,-3.99883163970827,2.9970873921336874,1.198328900686126,0.004724605873665334
20.671,0,-3.99965333912835,-2.995383415704324,1.1984722426257473,0.00852560021642944
20.671,1,-3.9988570342503023,2.997107593822615,1.198296722915696,0.004442633985986053
20.681,0,-3.9995982207609337,-2.9953229580736003,1.1984898507312525,0.00823953901237592
20.681,1,-3.9988825918459963,2.9971261178040587,1.1982677463750024,0.004156899005571614
20.691,1,-3.9989082223551926,2.99714316346304,1.198242175202917,0.0038774579932837686
20.692,0,-3.999542817694284,-2.995266004382649,1.1985044413452575,0.007947699204921036
20.701,0,-3.999487208300217,-2.9952126804546113,1.1985158163959524,0.007660820775262832
20.702,1,-3.998933831146177,2.997158947984724,1.198220065414697,0.003622526217834438
20.711,0,-3.999431455432995,-2.995163107935627,1.1985243229347076,0.007387757948336859
20.711,1,-3.9989593174089655,2.9971737019215356,1.1982011837944997,0.003402435668023047
20.721,0,-3.9993755977183416,-2.99511739808175,1.1985303908506324,0.007128451724943534
20.721,1,-3.998984570878849,2.9971876611112833,1.198185288885832,0.00321093464848181
20.731,0,-3.999319640636685,-2.995075646074205,1.1985343115880305,0.006886086428362746
20.731,1,-3.999009469148301,2.997201059299006,1.1981721858402754,0.0030432463222250586
20.741,0,-3.9992635511433257,-2.9950379278847037,1.198536280281397,0.006666167186554926
20.741,1,-3.9990338764598565,2.997214122583527,1.198161717295283,0.0028951952055688555
20.751,0,-3.9992072553434186,-2.995004299275471,1.1985366176073198,0.006475111579486157
20.751,1,-3.9990576433162115,2.997227065330623,1.1981542738984505,0.0027328195149262237
20.762,0,-3.9991506420364287,-2.9949747983374064,1.19853649575157,0.00631605688514432
20.762,1,-3.9990806090721804,2.99724008689779,1.1981520155981749,0.0026100308613570145
20.771,1,-3.999102613692043,2.9972533677189097,1.198156803169233,0.0026718488376131183
20.772,0,-3.9990935786007276,-2.9949494428355274,1.1985369972004094,0.006194075914597834
20.781,0,-3.999035928411013,-2.9949282309896637,1.1985388502024847,0.006115323689776513
20.781,1,-3.99912350870465,2.997267065593129,1.1981698588568923,0.002997049744954677
20.791,0,-3.9989775637376876,-2.9949111438076192,1.1985425356893697,0.006083943557000035
20.791,1,-3.999143164685275,2.9972813134999,1.1981919569244643,0.0035597712390809397
20.801,0,-3.998918374752779,-2.9948981472606198,1.1985483650919806,0.006101064749380701
20.802,1,-3.9991614760655083,2.9972962187620067,1.1982235646426402,0.00428796966233467
20.81,0,-3.998858275338555,-2.994889194653772,1.1985566312413305,0.006168776660874158
20.81,1,-3.999178364617249,2.9973118628365643,1.1982644165243992,0.00499230925525808
20.82,0,-3.9987972048085254,-2.9948842295365043,1.198567876202347,0.006290238744439359
20.82,1,-3.999193780946814,2.9973283031422335,1.1983123390554078,0.005522458762359661
20.831,0,-3.998735125212774,-2.994883186396707,1.198582527461564,0.00646259325505929
20.831,1,-3.9992076966501156,2.9973455823157904,1.1983653852127827,0.005919846940110531
20.841,0,-3.9986720172460926,-2.994885992508543,1.1986008509868507,0.006680556578374428
20.841,1,-3.999220098296709,2.9973637361581345,1.198422202203824,0.0062218715351296345
20.851,0,-3.9986078766637574,-2.994892569806787,1.198622998751194,0.006937343888770645
20.851,1,-3.9992309833781285,2.997382799049465,1.1984818459936297,0.006456972119135554
20.861,0,-3.9985427115715324,-2.9949028353302767,1.1986487640215022,0.007194433336820063
20.861,1,-3.999240357518524,2.9974028074359853,1.1985433527240794,0.006562925907156113
20.871,0,-3.998476542570991,-2.994916696775823,1.1986765762601987,0.0073990163864252395
20.871,1,-3.9992482313315145,2.9974238014105854,1.1986045540516586,0.006455361640659018
20.882,0,-3.99840940473028,-2.9949340519322742,1.1987049226448114,0.007563106536097818
20.882,1,-3.9992546081192444,2.9974458284211605,1.1986635241733004,0.006206314763508221
20.891,1,-3.9992594736403384,2.9974689452232917,1.1987189644485168,0.005870494326628168
20.891,0,-3.998341351066381,-2.9949547839618633,1.198732763505855,0.007699779869176655
20.901,1,-3.999262790125095,2.997493218374786,1.1987700120249885,0.005489062052996596
20.902,0,-3.99827245484358,-2.9949787570263675,1.1987593891237454,0.007818155203833466
20.911,0,-3.998202810364516,-2.9950058140676705,1.1987843166029293,0.007923530113142592
20.911,1,-3.9992644929618844,2.9975187240953662,1.1988161049006045,0.005094401757820936
20.921,0,-3.9981325325253154,-2.995035776512221,1.1988072915189776,0.008023278888209659
20.921,1,-3.9992644899850345,2.997545547236054,1.1988566049714893,0.0046532359719418034
20.931,1,-3.99926266480972,2.9975737786019714,1.1988900635886646,0.0041676255901188924
20.931,0,-3.9980617544247985,-2.9950684472796265,1.1988284038253605,0.008119520175413744
20.941,0,-3.997990622440572,-2.995103617233553,1.198847766442277,0.008206688670434201
20.941,1,-3.999258881671464,2.9976035131749295,1.1989153027499841,0.00374471827606203
20.951,0,-3.9979192909180488,-2.995141072644285,1.1988654474273934,0.008281170468876007
20.951,1,-3.9992529921432625,2.997634847225344,1.1989315644771452,0.0034960612026202088
20.961,0,-3.997847917753195,-2.9951806011954516,1.1988814840000201,0.00834077436128142
20.961,1,-3.99924484091169,2.997667875762229,1.1989383849124047,0.003513839818881682
20.971,0,-3.997776660867682,-2.99522199660003,1.1988959077895436,0.00838508027712763
20.971,1,-3.999234269561425,2.9977026911137834,1.1989358389921208,0.0038060696925491717
20.981,0,-3.997705675975593,-2.995265064107325,1.1989087866526482,0.008414152171202878
20.981,1,-3.9992211188932667,2.9977393799535648,1.1989252555292926,0.004251190831631831
20.991,1,-3.999205237377235,2.997778010507792,1.198907865548505,0.004757121389086565
20.992,0,-3.9976351160656978,-2.995309629194567,1.1989201728130308,0.008428092003813111
21.001,0,-3.997565131286956,-2.99535554513141,1.1989300962488116,0.008427904351920397
21.001,1,-3.9991864863067246,2.9978186225669377,1.1988845560507624,0.00528234647532031
21.01,0,-3.9974958686871718,-2.995402697597969,1.1989385718575825,0.008415267629547144
21.01,1,-3.999164742619845,2.9978612217621627,1.1988559755597155,0.005809200930111348
21.021,1,-3.9991398997946015,2.9979057771720767,1.1988228951383475,0.006282913833675822
21.021,0,-3.9974274718127925,-2.9954510067645597,1.1989455164110652,0.008390372345020004
21.031,0,-3.997360081647457,-2.9955004237229326,1.1989504291680335,0.00835498206714256
21.031,1,-3.999111868905044,2.9979522207715674,1.1987873231739823,0.006639311941482857
21.041,0,-3.9972938424859614,-2.99555091701599,1.1989528392233575,0.008314426817488762
21.041,1,-3.9990805966785703,2.998000438823251,1.1987510805156816,0.00691173177599118
21.051,0,-3.997228907700025,-2.995602457625544,1.1989524327552854,0.008271614298999759
21.051,1,-3.999046080109707,2.9980502666937774,1.1987154094107224,0.007126484377851133
21.061,0,-3.997165443086421,-2.9956550080688347,1.19894900427196,0.00822759101189044
21.061,1,-3.9990083737815127,2.998101488149529,1.1986811515330626,0.0073001224577522615
21.071,0,-3.997103628422168,-2.9957085151003384,1.1989424228778935,0.008182169693241939
21.071,1,-3.9989675929756423,2.998153837025648,1.1986488707472749,0.007440923941185555
21.081,0,-3.997043659440186,-2.9957629061024074,1.1989334810349703,0.008105398785057926
21.081,1,-3.998923913897017,2.998207000482657,1.1986188553847468,0.007559782987779459
21.091,0,-3.9969857524070047,-2.9958180913340136,1.1989259357478868,0.007972298469326499
21.091,1,-3.9988775699461936,2.9982606255094035,1.1985909839701505,0.007659023322395296
21.101,0,-3.9969301388751,-2.9958739687646663,1.198923046229906,0.00782651775643844
21.101,1,-3.9988288408365755,2.9983143308805964,1.1985651051135997,0.007728741616515473
21.111,0,-3.99687706414703,-2.9959304328035525,1.1989270009929158,0.0077202795663702944
21.111,1,-3.998778042018912,2.9983677186202615,1.1985411178198482,0.007762156607756405
21.122,0,-3.996826786409713,-2.9959873815666973,1.198939241979265,0.007697337995539939
21.122,1,-3.998725515622545,2.998420383370848,1.1985189554095859,0.007754876270177442
21.132,0,-3.9967795745954113,-2.9960447218994273,1.1989605859021093,0.007776367967549409
21.132,1,-3.9986716225921737,2.9984719202619403,1.198498470260046,0.0077130570409917635
21.141,1,-3.9986167363429233,2.998521933831301,1.1984788509227124,0.007650069241842771
21.141,0,-3.9967357018570704,-2.9961023702862084,1.1989909837959416,0.007942572956196827
21.151,0,-3.9966954344276555,-2.996160246760319,1.19903016918398,0.00818633415000797
21.151,1,-3.9985612354426903,2.998570050084633,1.198459260193088,0.007558882476600749
21.161,0,-3.9966590192885727,-2.9962182674258413,1.199077899303551,0.008498571082119063
21.161,1,-3.9985054979353114,2.99861592824978,1.1984391335286333,0.00743758523576618
21.171,0,-3.9966266749572816,-2.9962763392640372,1.1991339528909548,0.00887017231408013
21.171,1,-3.998449897055959,2.998659269103428,1.1984180955830943,0.007287473205574694
21.182,0,-3.996598585753745,-2.9963343570478855,1.19919817374507,0.009303027968682778
21.182,1,-3.998394797552694,2.998699819838487,1.1983959557067563,0.0071065008031435265
21.191,0,-3.996574901590478,-2.996392205657298,1.1992706521640524,0.009804692602157921
21.191,1,-3.9983405502397504,2.9987373737093455,1.1983728652519217,0.006890933459889488
21.201,0,-3.996555744049825,-2.996449773755989,1.1993514612390734,0.010362701764823158
21.201,1,-3.99828748021969,2.9987717632572997,1.1983490206249368,0.006646999345737116
21.211,0,-3.996541214855804,-2.9965069686046104,1.1994405854674697,0.010965707432866983
21.211,1,-3.998235875427929,2.998802851369641,1.1983245658320474,0.006381387940297551
21.222,0,-3.9965314026314305,-2.9965637262009315,1.1995379486215394,0.011604136713075799
21.222,1,-3.9981859791712493,2.9988305238929773,1.1982996072142147,0.0061010686155002734
21.231,0,-3.996526387779296,-2.996620017498621,1.1996434362208874,0.012270698577289695
21.231,1,-3.9981379858836084,2.998854683983046,1.1982742246356988,0.005813267901181938
21.241,1,-3.998092040056167,2.9988752465553103,1.198248832556964,0.0054774662792398425
21.241,0,-3.996526242142595,-2.996675851895061,1.1997561818159612,0.012767028387867085
21.251,0,-3.9965310136575023,-2.9967312777845443,1.1998719015367858,0.012849214773176555
21.251,1,-3.9980482394446963,2.9988921308010226,1.1982254828128833,0.005040791581125615
21.261,0,-3.9965407313025527,-2.996786375371355,1.1999865615825853,0.012651838194566273
21.261,1,-3.9980066341180884,2.998905266354614,1.198206096920286,0.004556038956460842
21.272,0,-3.996555396837181,-2.996841249590317,1.2000974145588255,0.01227714445506747
21.272,1,-3.997967228983675,2.998914595732372,1.1981919626448627,0.004082109289480582
21.282,0,-3.9965749743849726,-2.9968960245274507,1.2002025997156187,0.011801210318358112
21.282,1,-3.9979299881789294,2.998920073877713,1.1981839299791779,0.003683298403383447
21.291,0,-3.9965993869265324,-2.996950838669535,1.2003013776005227,0.011404515149613107
21.291,1,-3.9978948385492865,2.99892166972315,1.1981820271895036,0.0034238228054260956
21.301,0,-3.9966285224734976,-2.997005839021235,1.200395797966577,0.011264538962709385
21.301,1,-3.9978616725339173,2.9989193751444243,1.1981836457632964,0.003264828471351352
21.311,0,-3.996662221242101,-2.9970611686336244,1.2004880356968193,0.011300042284372891
21.311,1,-3.997830365652357,2.9989132010118973,1.198186210350949,0.0031610607155087875
21.321,0,-3.9967002742600815,-2.9971169539898104,1.2005795755471147,0.011451637369339593
21.321,1,-3.997800789587877,2.9989031803995605,1.1981879684780135,0.0031147217641738375
21.331,0,-3.996742428284068,-2.9971732963638016,1.2006714244698313,0.011677022195755197
21.332,1,-3.9977728200166416,2.9988893732514463,1.1981877353094224,0.003140061184402493
21.342,0,-3.9967883909713118,-2.997230266565857,1.2007641825581206,0.011930411446084012
21.342,1,-3.997746341931298,2.998871869208633,1.1981845804524502,0.0032508105595903626
21.351,0,-3.996837840452739,-2.997287907143267,1.2008579670212205,0.01217964176835673
21.351,1,-3.997721253018362,2.998850790099933,1.1981773859968203,0.0034622779723074626
21.361,1,-3.997697466977529,2.998826289550826,1.1981653096361267,0.0037727295288985264
21.361,0,-3.996890446336076,-2.997346247363247,1.2009527803456683,0.01242064230682121
21.371,0,-3.9969458885733196,-2.997405318482752,1.2010486084921257,0.012651628195626336
21.371,1,-3.9976749149269857,2.998798553245044,1.1981478140725839,0.00416523438713361
21.381,0,-3.997003870661329,-2.9974651643849652,1.2011454277148856,0.012872759258376764
21.381,1,-3.997653545679336,2.998767798139077,1.1981245688917859,0.0046174624220502005
21.391,0,-3.997064128524338,-2.997525848514638,1.2012432057006945,0.013084891750099728
21.391,1,-3.997633325415747,2.998734270532185,1.1980953906827585,0.005107503054133477
21.401,0,-3.997126435292689,-2.997587457457638,1.2013415548604032,0.013213749759493208
21.401,1,-3.997614237048443,2.998698242855722,1.1980603390826303,0.005590229592498535
21.412,0,-3.9971906017740095,-2.997650098250085,1.2014384489436165,0.013172914414572967
21.412,1,-3.9975962811679446,2.9986600071576777,1.198020208764005,0.006012398179994557
21.422,0,-3.997256480935436,-2.9977138895557944,1.2015319714756145,0.013025944722292028
21.422,1,-3.9975794792651542,2.9986198662388146,1.1979757784750036,0.0063816806711359435
21.431,0,-3.997323967634722,-2.9977789505372567,1.2016208175054217,0.012820898797900647
21.431,1,-3.9975638775217335,2.998578122819739,1.197927591204236,0.006706919360776845
21.441,0,-3.997392995965306,-2.9978453921349377,1.201704106399702,0.012592738328134418
21.441,1,-3.997549548842387,2.998535070705454,1.197876028277462,0.006996299264453455
21.451,0,-3.997463536643087,-2.9979133115451444,1.201781534983563,0.012416939994411074
21.451,1,-3.9975365939338925,2.9984909878627457,1.197821898692797,0.0071350995916451875
21.462,0,-3.9975355933749523,-2.99798279254679,1.2018543313482228,0.012360247700880999
21.462,1,-3.99752514277663,2.9984461320315896,1.1977684626281202,0.006981458797082202
21.472,0,-3.9976091896260386,-2.998053909782539,1.2019237726680858,0.0123847232841101
21.472,1,-3.997515346423633,2.9984007461919706,1.197718746675713,0.00663577976637025
21.482,0,-3.997684356749762,-2.9981267358408163,1.201990734044082,0.012465149391858457
21.482,1,-3.997507370200066,2.9983550621669544,1.1976747844216602,0.006181105583737855
21.491,0,-3.997761125834673,-2.9982013469147306,1.202055813646872,0.012585318908348377
21.491,1,-3.9975013891017457,2.9983093023420686,1.1976379191224478,0.005685102919638458
21.501,0,-3.997839520942152,-2.998277825234286,1.2021189614802152,0.012679669090059022
21.501,1,-3.9974975827986134,2.998263680612749,1.1976086534609764,0.005249114799088533
21.511,0,-3.997919552369606,-2.99835625469307,1.2021789022390912,0.012727792992632882
21.511,1,-3.997496127229675,2.9982183990672984,1.1975862957946857,0.004909777365562225
21.522,0,-3.9980012125865403,-2.9984367116608084,1.2022345782912371,0.012758338573120483
21.522,1,-3.9974971847991423,2.998173638778111,1.19757015573528,0.004653779072821245
21.531,0,-3.9980844716141957,-2.998519254215194,1.2022852887704016,0.012789438829572305
21.531,1,-3.9975008943521155,2.9981295517645568,1.197559704040712,0.004474954165084175
21.541,0,-3.99816927412321,-2.9986039145575543,1.2023305806072,0.012831589908513682
21.541,1,-3.9975073642818537,2.9980862559795303,1.197554521009346,0.0043702658180448965
21.551,0,-3.998255538321554,-2.998690694430473,1.2023701731728564,0.012889383644784742
21.551,1,-3.9975166685095,2.9980438326978907,1.197554266703132,0.004337082462436086
21.561,0,-3.9983431566071124,-2.9987795635348804,1.2024041786337236,0.012983352704626744
21.561,1,-3.997528844105008,2.9980023256780153,1.197558525083801,0.004366363154112184
21.571,1,-3.9975438870454383,2.997961743959275,1.1975664813680635,0.004436612456436555
21.572,0,-3.9984319979827334,-2.998870464043702,1.2024340838173602,0.01312346473459332
21.581,0,-3.9985219075740517,-2.998963318477134,1.202461342760647,0.013281225974056116
21.581,1,-3.997561745444661,2.997922071467929,1.1975774325493833,0.004532607293720082
21.591,0,-3.9986127083536993,-2.999058041036008,1.2024869634588347,0.013440839689921108
21.591,1,-3.9975823132333637,2.9978832765453163,1.1975908684107743,0.004644071955164556
21.602,0,-3.998704204047783,-2.999154546994879,1.2025116490042915,0.013593601778220393
21.602,1,-3.9976054274100465,2.99784531913603,1.1976064163772653,0.0047627007886957866
21.612,0,-3.9987961822450626,-2.999252759064216,1.2025357949562752,0.013730410915283498
21.612,1,-3.9976308678561763,2.9978081559127197,1.1976236206541537,0.00486180131311717
21.621,0,-3.9988884177941366,-2.9993526096387497,1.2025593363054385,0.013845848315888844
21.621,1,-3.9976583605791975,2.997771742728181,1.197641257983667,0.004909766493405536
21.632,0,-3.998980676941899,-2.9994540388328943,1.2025821598617912,0.013941188424135224
21.632,1,-3.9976875919063772,2.9977360348222795,1.1976582169280265,0.00491731254981596
21.642,0,-3.9990727209342882,-2.9995569909812683,1.2026041950435318,0.01401736184684114
21.642,1,-3.997718222073757,2.9977009855772474,1.1976737402147402,0.004895074333721143
21.65,0,-3.9991643089917557,-2.999661411914423,1.2026254007260504,0.014075141971398369
21.65,1,-3.9977498956476616,2.997666545523609,1.197687315674996,0.004851189935136839
21.661,0,-3.9992552008704236,-2.9997672470363446,1.2026457582314498,0.014115215285195324
21.661,1,-3.9977822499479925,2.99763266181984,1.1976986004737464,0.004791554390876216
21.672,0,-3.999345159134666,-2.999874440085982,1.2026653351951977,0.014141432425217544
21.672,1,-3.9978149218796135,2.9975992781088148,1.197707292540499,0.00471653222970159
21.68,0,-3.9994339514231276,-2.9999829316954094,1.202684676023706,0.014159858903724107
21.68,1,-3.997847552327868,2.9975663369371186,1.197712672110397,0.0046297063782968426
21.691,0,-3.9995213554721563,-3.0000926533609302,1.2027043421586556,0.014167931617045226
21.691,1,-3.9978797856037493,2.997533790648365,1.1977140504344992,0.004549379158672237
21.701,0,-3.999607164189689,-3.0002035216129985,1.2027247012854885,0.014163949248919921
21.701,1,-3.9979112670061747,2.9975016133541987,1.1977109736391929,0.0044890901213701095
21.711,0,-3.999691189045404,-3.000315434717742,1.2027459854600226,0.014146775202833986
21.711,1,-3.997941641619296,2.997469808837665,1.1977031522420492,0.004457821586784512
21.722,0,-3.9997732619822606,-3.000428271285558,1.202768430624576,0.014120227464245828
21.722,1,-3.9979705542312955,2.9974384150581557,1.19769051715137,0.004450676319131231
21.731,0,-3.9998532352435316,-3.000541891003268,1.2027926627418482,0.014090716230860115
21.731,1,-3.9979976534917605,2.9974075047418958,1.197673575972848,0.004445681183259396
21.741,0,-3.9999309807339944,-3.000656137020739,1.20281923589299,0.014056950434335583
21.741,1,-3.9980226086355484,2.9973771798493294,1.1976528514137847,0.004439401887142703
21.752,0,-4.0000063882395205,-3.0007708394796,1.2028485087901188,0.014018063603939339
21.752,1,-3.9980451264965238,2.9973475645725975,1.1976287130601873,0.0044347326516533175
21.761,0,-4.000079363552157,-3.000885818853709,1.202880699905591,0.013973354872693433
21.761,1,-3.998064962918555,2.997318799310961,1.197601423220354,0.004437180783978297
21.771,0,-4.000149827094523,-3.0010008889673774,1.2029158110493263,0.013914124766416392
21.771,1,-3.998081928250748,2.9972910358891673,1.1975716052191883,0.004371843127079371
21.781,0,-4.000217714159065,-3.0011158574205,1.2029533835546147,0.013831337486115257
21.781,1,-3.998095884882293,2.9972644305952674,1.1975412900909244,0.004166324781427816
21.791,0,-4.000282975636406,-3.0012305207215992,1.202992989790167,0.013726388373844906
21.791,1,-3.9981067453586836,2.997239127086197,1.1975122142233867,0.0038612160546737844
21.802,0,-4.0003455796584095,-3.001344659375858,1.203034322570345,0.01360015194309874
21.802,1,-3.9981144650070526,2.997215241726107,1.197485547967172,0.003494037983736847
21.811,0,-4.00040551255013,-3.0014580353661655,1.2030771573943602,0.013452965305059246
21.812,1,-3.9981190342509394,2.9971928542188575,1.1974620689939508,0.0030979142439414437
21.82,0,-4.000462778926918,-3.0015703915729803,1.2031213295408856,0.013284994649190283
21.82,1,-3.998120472054722,2.997172002154148,1.1974422828092253,0.002704098911350923
21.832,0,-4.000517402006643,-3.0016814530155584,1.203166379706536,0.013067807661664588
21.832,1,-3.998118822327898,2.9971526779085362,1.1974259169152575,0.00243361824192924
21.841,0,-4.000569421637807,-3.0017909313590687,1.2032110754193803,0.012788481836330861
21.841,1,-3.998114154369814,2.9971348317547633,1.1974111651791772,0.0023282450095588104
21.852,0,-4.000618884577127,-3.0018985310412587,1.2032544259182052,0.012459068408114194
21.852,1,-3.9981065603292483,2.997118387276434,1.1973965180429362,0.0023506666795214824
21.861,1,-3.998096157656316,2.9971032537677567,1.1973809293569664,0.0024722116385390808
21.862000000000002,0,-4.000665837903301,-3.0020039559172336,1.2032957552118815,0.012089140521863107
21.871,0,-4.00071032469487,-3.002106914880807,1.20333460800125,0.011685983265396797
21.871,1,-3.9980830905113396,2.9970893352861356,1.1973636779687713,0.0026671029168220937
21.881,0,-4.00075238079295,-3.0022071260384537,1.203370809750581,0.011265522546138367
21.881,1,-3.998067528646767,2.997076537418511,1.1973445398752784,0.002866161182318562
21.891,0,-4.000792031389039,-3.0023043222836585,1.2034047230717364,0.010838921230633354
21.891,1,-3.998049662070866,2.9970647681071214,1.1973241031463253,0.003030947976521105
21.901,0,-4.000829288630869,-3.0023982647149876,1.2034367071701297,0.010403447634557871
21.901,1,-3.998029693209701,2.997053928821614,1.1973028890015094,0.003169302229250175
21.911,0,-4.0008641489755785,-3.0024887537385343,1.2034670132542784,0.009959107800179423
21.911,1,-3.9980078274972635,2.99704390691759,1.197281249790437,0.0032874813828455865
21.921,0,-4.0008965917101165,-3.002575635687985,1.2034958170550136,0.009507458325562946
21.921,1,-3.99798426600585,2.997034571020572,1.1972594213490817,0.003390107468409072
21.931,1,-3.9979592002887547,2.9970257687197206,1.1972375381328757,0.0034839350354653347
21.931,0,-4.000926579180753,-3.0026588070012936,1.203523002009387,0.009032702676824817
21.941,0,-4.000954058834395,-3.0027382115216597,1.203547610345775,0.008525375677690631
21.941,1,-3.997932814237762,2.9970173269465623,1.197215607467181,0.003573066536523351
21.951,0,-4.000978962438506,-3.00281381820412,1.203568807313999,0.008001443647529572
21.951,1,-3.997905298237655,2.997009055728653,1.19719360508936,0.0036552602173304696
21.961,0,-4.00100120760866,-3.00288560157347,1.2035860427523908,0.007473220162984767
21.961,1,-3.9978768633244925,2.997000752607053,1.1971715013907407,0.0037277427384983363
21.971,0,-4.001020700016213,-3.002953528654875,1.2035989641368314,0.00695044258887131
21.971,1,-3.9978477501242007,2.996992206571105,1.1971492625902407,0.003787756263367317
21.981,0,-4.001037335573573,-3.0030175503093193,1.2036073545227863,0.006441301987446486
21.981,1,-3.997818233506995,2.9969832015478746,1.1971268533246484,0.0038327210313169532
21.991,0,-4.001051002328575,-3.0030775957679112,1.2036111782878816,0.0059544460358252685
21.991,1,-3.9977886238693663,2.996973519907141,1.1971037062253713,0.003945703214970533
22.002,0,-4.001061583230444,-3.0031335744129817,1.2036107614195772,0.005493599018527823
22.002,1,-3.99775926038213,2.996962947549211,1.1970774695130528,0.004207774554062114
22.012,0,-4.001068963421573,-3.0031853926056122,1.2036064207766068,0.00506307158561345
22.012,1,-3.997730492089552,2.9969512780504908,1.1970461175504599,0.004601749914178233
22.02,1,-3.9977026601505066,2.9969383168753168,1.1970082932134862,0.005112486021033663
22.021,0,-4.001073036255816,-3.003232969737868,1.203598396428079,0.004672380562851496
22.032,0,-4.001073707334983,-3.003276249168766,1.2035868766301288,0.004335496894716115
22.032,1,-3.9976760849199304,2.9969238846412125,1.1969631020832934,0.005720171297870213
22.042,0,-4.001070897995059,-3.003315206052063,1.2035718219224996,0.004088080225398305
22.042,1,-3.9976510576764674,2.996907818609995,1.19691036901058,0.006299745792501148
22.052,0,-4.001064550177989,-3.00334985040298,1.2035527111828364,0.003971503659217471
22.052,1,-3.9976278413293325,2.9968899724051616,1.1968520132648883,0.006694151112777947
22.062,0,-4.001054631030675,-3.0033802208101057,1.203529124344201,0.004003577993560854
22.062,1,-3.997606677256076,2.9968702244266217,1.1967899741978083,0.006954760108875025
22.071,0,-4.00104113791637,-3.003406379438449,1.2035007967403355,0.0041816849114845855
22.072,1,-3.997587795739542,2.996848483858083,1.19672559303244,0.007122730156271888
22.081,0,-4.001024101272952,-3.0034284080227485,1.2034675725532915,0.004485015612799175
22.081,1,-3.9975714243543963,2.9968246930363236,1.196659804215753,0.007229608195783286
22.091,0,-4.001003585564874,-3.0034464045360325,1.2034293200637511,0.0048947046474243725
22.091,1,-3.9975577936789315,2.9967988274686097,1.1965934406483996,0.007256533030026021
22.102,0,-4.000979688030046,-3.0034604812095886,1.20338583712469,0.005386837669997752
22.102,1,-3.9975471358298753,2.996770892174499,1.1965275869931118,0.007205073068969242
22.111,0,-4.0009525343550525,-3.0034707634907782,1.2033370003042942,0.005931993496330761
22.111,1,-3.9975396700973573,2.9967409153024134,1.1964630634729911,0.007108909068154956
22.121,0,-4.00092227444166,-3.0034773897020863,1.2032827631598126,0.0065083245051776265
22.121,1,-3.9975355904743384,2.9967089407318968,1.1964004215785125,0.006993097506953903
22.131,1,-3.9975350574579447,2.996675022084765,1.196340026366367,0.006876186847239612
22.132,0,-4.0008890784758595,-3.0034805103105406,1.203223131247409,0.007099657223120526
22.141,0,-4.000853133258486,-3.003480286829275,1.2031581453454903,0.0076947971416315725
22.141,1,-3.997538193047219,2.99663921815715,1.1962821147225777,0.006771574642962633
22.151,0,-4.000814638854937,-3.0034768906304303,1.2030878387047204,0.008293622132834922
22.151,1,-3.9975450764821283,2.9966015904026935,1.196226389547289,0.006784642554718119
22.161,0,-4.000773804595193,-3.003470503602699,1.2030121164130123,0.008900317555323093
22.161,1,-3.99755574077714,2.9965622044183235,1.1961709963512484,0.006981565249647997
22.171,1,-3.9975701843577918,2.996521131155304,1.1961143099753333,0.007299235273990401
22.171,0,-4.000730841735705,-3.0034613224010998,1.2029309023003214,0.009505946953072832
22.181,0,-4.000685956620244,-3.0034495630783784,1.2028441771897502,0.010104486527151008
22.181,1,-3.997588377875139,2.996478451196329,1.1960552350076725,0.007695549146227285
22.191,0,-4.000639345752326,-3.003435463502447,1.2027519617864164,0.010691699234834628
22.191,1,-3.997610268502084,2.9964342580003427,1.1959930427012249,0.008141602045011232
22.201,0,-4.000591192256039,-3.00341928361621,1.2026543946631585,0.011237531644547159
22.201,1,-3.997635785708045,2.9963886587377906,1.1959277562862132,0.008503359686000847
22.211,0,-4.000541664408921,-3.003401301184372,1.202552274492145,0.01168599294607296
22.211,1,-3.997664853185101,2.996341770206475,1.1958619167858804,0.008633453864005027
22.222,0,-4.000490921899465,-3.0033818006821824,1.2024464515701179,0.012059686314452261
22.222,1,-3.9976973891756504,2.996293714563548,1.1957980166455409,0.008616000413558015
22.231,0,-4.00043912280469,-3.003361059224393,1.202337532608482,0.012376218700525158
22.231,1,-3.9977333137051514,2.996244611109429,1.195737741100896,0.008516407022260551
22.241,0,-4.0003864279743855,-3.003339335599173,1.2022259569687856,0.012648175245911088
22.241,1,-3.997772556646091,2.9961945691663914,1.1956822174011115,0.008382578117898202
22.251,0,-4.000333003407845,-3.003316862568719,1.202112438927634,0.012791617975691534
22.251,1,-3.9978150605286653,2.9961436840502382,1.1956314734662508,0.008359666931544758
22.262,0,-4.000279019604127,-3.003293844087735,1.201998925218158,0.012744622023504687
22.262,1,-3.9978607748136787,2.996092038775568,1.1955828752831617,0.00852287282906653
22.272,0,-4.000224648417904,-3.0032704610856857,1.2018870616944535,0.012566778754692398
22.272,1,-3.997909656736174,2.9960397100502854,1.195534041918875,0.008799361111419279
22.281,0,-4.000170058118032,-3.003246876997283,1.2017779577970045,0.01229962595144577
22.281,1,-3.997961663590225,2.995986777022481,1.195483361478751,0.009147933844561255
22.291,0,-4.000115409436076,-3.0032232417807774,1.2016723528791453,0.011971935101050475
22.291,1,-3.998016745371907,2.9959333277408144,1.1954297525945419,0.009543119032439889
22.301,0,-4.000060852774422,-3.003199694953808,1.2015707296573659,0.011603956642532422
22.301,1,-3.998074839991438,2.995879463154986,1.1953725003849895,0.009967758887480853
22.311,0,-4.000006526125685,-3.0031763677339893,1.2014730422049051,0.011288796078777322
22.311,1,-3.9981358721013187,2.9958252991829464,1.1953117055666262,0.010327152306204934
22.322,0,-3.9999525505500317,-3.0031533840742974,1.2013779504561388,0.011093273758035526
22.322,1,-3.998199753530246,2.995770968959179,1.1952489844746443,0.010577014565807138
22.331,0,-3.9998990207736926,-3.0031308613373717,1.2012842389915035,0.010978717510995167
22.332,1,-3.9982663766077557,2.9957166271687345,1.195185690670362,0.010747222841800075
22.341,0,-3.999845996867515,-3.0031089106318642,1.2011910692362122,0.010920019377172518
22.341,1,-3.9983356134654278,2.9956624523153477,1.1951227405470253,0.01085910281606036
22.351,0,-3.9997934993182653,-3.003087636983552,1.2010978629431805,0.010901269257546224
22.351,1,-3.998407317210006,2.9956086470097176,1.1950607474495984,0.010926956007696944
22.361,0,-3.9997415071548983,-3.0030671398816717,1.2010047241471877,0.010785481300753408
22.362,1,-3.998481324526261,2.9955554371835706,1.195000502875678,0.010898287633087545
22.372,0,-3.999689960493914,-3.003047515750627,1.2009142304699834,0.010412941373932854
22.372,1,-3.998557462268388,2.9955030702572,1.194944465870102,0.010717609395295077
22.381,0,-3.9996387674714553,-3.003028858601487,1.2008288801483746,0.009872251835571971
22.381,1,-3.9986355504925095,2.9954518071510083,1.1948948748381645,0.010456150306039766
22.392,0,-3.999587813689657,-3.0030112617886537,1.200750345130841,0.009232578734668697
22.392,1,-3.9987154095784727,2.995401913800799,1.1948532208766063,0.010170990178599286
22.401,0,-3.999536970518155,-3.0029948197575904,1.2006797220047567,0.008546304406343372
22.401,1,-3.998796867039642,2.995353654601285,1.1948204733366194,0.009905299595638682
22.411,0,-3.999486101665738,-3.002979629101104,1.2006177112081928,0.007854685901498648
22.411,1,-3.998879762323616,2.9953072871695525,1.1947972418312356,0.009691231714578129
22.421,0,-3.999435068466881,-3.0029657881664025,1.20056410960113,0.007319958438461557
22.421,1,-3.9989639487118303,2.9952630563219556,1.194782967768895,0.009577534482969663
22.431,1,-3.9990492921196745,2.995221185665129,1.1947738251441882,0.009533862427186872
22.432,0,-3.9993837350533514,-3.002953392472122,1.2005155767289866,0.007088603728474777
22.441,0,-3.999331971719099,-3.0029425344223406,1.2004688636361929,0.0070545602527588005
22.441,1,-3.999135675427301,2.995181883252714,1.1947664230364392,0.009509368114795446
22.451,0,-3.999279657358049,-3.002933300192724,1.2004217551322909,0.0071547490166114685
22.451,1,-3.9992229973763402,2.995145342533089,1.1947584368984567,0.009493849114890474
22.461,0,-3.9992266813427046,-3.0029257662735223,1.2003727507142998,0.007351402773292953
22.461,1,-3.9993111704152735,2.9951117414409363,1.194748279145553,0.009491406659073744
22.471,0,-3.999172944507394,-3.0029199977601593,1.2003211114186776,0.0075700789147222355
22.471,1,-3.9994001192998963,2.9950812433642766,1.1947353525034399,0.009491656926379193
22.482,0,-3.9991183590975483,-3.0029160489101097,1.2002673351410567,0.00775271008352832
22.482,1,-3.999489779232545,2.9950539992772724,1.1947205604612532,0.00948268747612145
22.491,0,-3.9990628495763194,-3.002913962588085,1.2002119888824254,0.007911686844871499
22.491,1,-3.999580091105553,2.9950301432714834,1.1947047299353484,0.009467549179375102
22.501,0,-3.999006352504296,-3.002913771692426,1.2001554637229028,0.008056254318529117
22.501,1,-3.999670998503947,2.9950097922668024,1.1946884174443018,0.0094502701889853
22.511,0,-3.998948816029416,-3.002915500851092,1.2000980276815563,0.008192794647281943
22.511,1,-3.999762445782729,2.9949930467234998,1.1946719918410824,0.009434556349044035
22.521,0,-3.9988901991725676,-3.002919167946305,1.2000399352557134,0.008310944751639864
22.521,1,-3.9998543766798775,2.994979990188797,1.1946554057512895,0.009436796223060233
22.531,0,-3.9988304693987815,-3.002924785103642,1.199981714797438,0.00839666767179453
22.531,1,-3.9999467345475064,2.994970684287243,1.1946375605216362,0.009471507406807694
22.54,0,-3.9987695971744186,-3.002932356489277,1.1999238236768046,0.008464094416191252
22.54,1,-4.000039466627077,2.9949651642866706,1.1946174718107836,0.009537594717001623
22.551,0,-3.998707550136352,-3.002941876446298,1.199866559504567,0.008523576362384966
22.551,1,-4.000132527699776,2.9949634318600746,1.1945944716906385,0.009635234581042422
22.561,0,-3.9986442889972493,-3.002953328709248,1.1998101105683847,0.008582424646554869
22.561,1,-4.000225882389696,2.9949654500931238,1.1945681132789585,0.009764142182947308
22.571,0,-3.9985797650403008,-3.0029666862076416,1.1997545894477522,0.008645843228430032
22.571,1,-4.000319506533882,2.9949711411965994,1.1945381038756004,0.009922947415210664
22.582,0,-3.998513918734646,-3.0029819114547522,1.1997001257058748,0.008701535256140496
22.582,1,-4.000413387794787,2.994980386708633,1.1945043318518798,0.0101008333521964
22.592,0,-3.998446678664365,-3.0029989584868613,1.1996474590372468,0.008711785512500798
22.592,1,-4.000507524844926,2.994993029715924,1.1944672518500796,0.010275067754377913
22.601,0,-3.9983779634037817,-3.003017774106869,1.1995974312122986,0.008700002171460722
22.601,1,-4.000601922582243,2.9950088727470003,1.1944274021563241,0.010444617145210834
22.611,0,-3.9983076840712624,-3.003038299971355,1.1995505996052187,0.008686391884005227
22.611,1,-4.000696586633009,2.995027677311489,1.1943851648145607,0.010609060421285638
22.621,0,-3.9982357461621314,-3.0030604750748586,1.1995073209781482,0.008684909618324186
22.621,1,-4.000791519437364,2.995049165941407,1.1943408141266176,0.010767059022708157
22.631,0,-3.9981620519684253,-3.0030842370091184,1.1994674942116326,0.008741595156742818
22.631,1,-4.000886717700574,2.995073025696692,1.194294698303267,0.010900116027065384
22.642,0,-3.9980865067323395,-3.0031095183434062,1.1994298523775484,0.008877319585015348
22.642,1,-4.0009821714984275,2.9950989132066956,1.1942476084120621,0.010992947204200102
22.651,0,-3.998009026878195,-3.003136238001057,1.1993932576119695,0.009062041300430935
22.651,1,-4.001077865050929,2.9951264589172197,1.1942002072084639,0.011053427101949263
22.661,0,-3.9979295493053404,-3.0031642912988494,1.199356925104619,0.009276413598587586
22.661,1,-4.001173778136441,2.9951552728749515,1.1941529453167532,0.011087155150328949
22.671,0,-3.9978480379162695,-3.0031935435274772,1.1993203144666673,0.00950669439625342
22.671,1,-4.0012698873311,2.995184950420209,1.1941061270994449,0.011098109021968826
22.682,0,-3.9977644871121094,-3.0032238269242386,1.1992831745726575,0.009727896576104265
22.682,1,-4.001366166666821,2.995215077527507,1.1940589896761762,0.011188082280151114
22.691,0,-3.9976789203408707,-3.003254941138269,1.199246142924024,0.009906240776941098
22.691,1,-4.001462585952325,2.995245245026424,1.1940083861484279,0.011409196982439139
22.701,0,-3.9975913841356485,-3.0032866567651912,1.1992099782763297,0.010051122722204202
22.701,1,-4.001559106562461,2.995275076956058,1.1939517626999978,0.01173982249002669
22.711,1,-4.001655677066156,2.9953042525110134,1.1938874110468443,0.01216790594878579
22.712,0,-3.997501939126247,-3.003318721449546,1.1991751926314262,0.010170881087981911
22.722,0,-3.997410652264769,-3.003350865966685,1.1991421256875021,0.01027158620204927
22.722,1,-4.001752230632393,2.995332519878535,1.193814204229147,0.012682329987873508
22.731,1,-4.001848683920141,2.9953597041335973,1.1937314173352396,0.013270818120486048
22.732,0,-3.9973175911118006,-3.0033828096166326,1.199110997602622,0.01035774003904246
22.741,0,-3.9972228190972134,-3.0034142646650013,1.1990823928596148,0.010401589794272123
22.741,1,-4.001944936825629,2.99538570829702,1.1936403595475744,0.013597934537851785
22.752,0,-3.997126394519703,-3.003444938372126,1.1990583414624016,0.010398593278095846
22.752,1,-4.002040873330777,2.9954105039959753,1.1935484414366468,0.013381144440156121
22.761,0,-3.99702838286444,-3.0034745341021774,1.1990405609433965,0.010391401786145123
22.761,1,-4.002136367557245,2.9954341251492638,1.193462162442249,0.012802738810025204
22.771,0,-3.996928866364458,-3.00350275214151,1.1990301780373864,0.010409934557668676
22.771,1,-4.002231290520967,2.995456653278103,1.1933859132780376,0.012023236210076555
22.781,0,-3.9968279494668475,-3.0035292908244604,1.1990279128179446,0.010472531010093234
22.781,1,-4.0023255152784145,2.995478203009972,1.19332261732532,0.011177156022500925
22.791,0,-3.996725761873414,-3.003553848121213,1.1990341307731247,0.010586271981045232
22.791,1,-4.0024189209665675,2.9954989106737884,1.1932738294563008,0.010422258360486217
22.801,0,-3.996622458698308,-3.003576123979174,1.1990486496468555,0.010744007459116413
22.801,1,-4.002511395692475,2.9955189255529207,1.1932387351471199,0.00985746169966459
22.811,0,-3.9965182150483547,-3.0035958215722376,1.199071175112123,0.010937721780652032
22.811,1,-4.002602833628318,2.9955383998405622,1.1932161524237914,0.009454401540081769
22.822,0,-3.996413219864579,-3.0036126489653747,1.1991014561647593,0.011161664189608728
22.822,1,-4.002693132051683,2.9955574817158737,1.1932051848691156,0.009192754301019044
22.831,0,-3.996307670921723,-3.0036263209879186,1.199139272288035,0.011411567338341982
22.831,1,-4.002782189776372,2.9955763108004487,1.193205139367684,0.009055872843308232
22.841,0,-3.9962017707312523,-3.00363656162373,1.1991842502851113,0.011665611303453562
22.841,1,-4.00286990655442,2.9955950149796595,1.193215272544288,0.00902134419466767
22.851,0,-3.996095722648005,-3.003643108322851,1.1992354624190833,0.01190048354193631
22.851,1,-4.00295618385178,2.995613708720708,1.19323427514579,0.009050425672922593
22.861,0,-3.9959897262969344,-3.003645714542785,1.1992921050514471,0.012119969433402426
22.861,1,-4.003040925254864,2.9956324931600045,1.1932610305517162,0.009118557327511588
22.871,0,-3.9958839740918473,-3.003644153610585,1.199353601772642,0.012328752226025792
22.871,1,-4.003124037807122,2.9956514569574835,1.1932947154467717,0.009212135847426098
22.881,0,-3.995778648724047,-3.0036382218592275,1.1994195226241027,0.012531691270140921
22.882,1,-4.003205433328462,2.9956706771602053,1.1933347152028142,0.009324163309910594
22.891,1,-4.003285029472149,2.995690220017321,1.1933805589964128,0.009450355132453007
22.892,0,-3.9956739213209276,-3.0036277404892853,1.1994895428547305,0.012733306492447041
22.902,0,-3.995569950127711,-3.0036125562616625,1.1995634605763617,0.01294486378522019
22.902,1,-4.0033627517481865,2.9957101413338707,1.1934312466414314,0.009496007461444664
22.911,0,-3.9954668772720483,-3.0035925418551845,1.199641283284106,0.013176240806009747
22.911,1,-4.003438538139261,2.995730482355048,1.1934837329051033,0.009373150157636597
22.922,0,-3.995364820558035,-3.003567598621556,1.1997230239434353,0.013426797825478011
22.922,1,-4.003512338290212,2.9957512591582933,1.1935354072220559,0.009126259637995902
22.931,0,-3.995263866197387,-3.0035376580049884,1.1998086597296351,0.013696798971821626
22.932,1,-4.003584115854839,2.995772452247595,1.1935844883502058,0.00879615375034433
22.941,0,-3.9951640646098845,-3.003502681551848,1.1998981470759917,0.013986214281900333
22.941,1,-4.003653850779312,2.995794000187206,1.1936297700262943,0.008415269944237323
22.952,0,-3.995065428378612,-3.003462661471718,1.1999911744980978,0.0142540136662458
22.952,1,-4.00372153867352,2.9958157971296258,1.1936713553186449,0.008116862111659602
22.961,0,-3.994967932975858,-3.0034176214435866,1.2000868181372475,0.014481885957347819
22.961,1,-4.003787189550267,2.995837698019837,1.1937118080087177,0.007950517529761867
22.971,0,-3.9948715216959867,-3.0033676118575023,1.200184315531663,0.014686503643545491
22.971,1,-4.003850835774392,2.995859533657284,1.1937532805368267,0.00787961232901902
22.981,0,-3.994776110313776,-3.003312708338708,1.200283127754504,0.0148790612697928
22.981,1,-4.003912534023036,2.9958811264480443,1.193797228004247,0.007886402435067483
22.991,0,-3.994681591333307,-3.0032530103721204,1.2003828701813086,0.015067106198476869
22.991,1,-4.003972364949278,2.995902302333496,1.1938446224466317,0.00796066286681711
23.001,0,-3.9945878379218835,-3.00318864076937,1.2004829911235553,0.015206867739335208
23.002,1,-4.004030432123369,2.995922899443972,1.1938959520523433,0.008068688052817921
23.011,0,-3.9944947096947288,-3.0031197484920136,1.2005820885346858,0.015267049484334718
23.011,1,-4.004086856742728,2.9959427736476187,1.1939509747337869,0.008177933425940474
23.021,0,-3.99440206396795,-3.003046507121551,1.200678979337372,0.015279004068600322
23.021,1,-4.004141762125543,2.9959618001583057,1.1940093778740388,0.00828995431642128
23.031,0,-3.9943097654227175,-3.002969117357776,1.2007728600001644,0.015263712108587131
23.031,1,-4.004195259735219,2.9959798737272663,1.1940709260345272,0.008405609242950971
23.041,0,-3.9942176928399307,-3.002887808576285,1.2008631925931377,0.015234046756662354
23.041,1,-4.004247439775363,2.9959969083152433,1.1941354391349248,0.008524848385761521
23.051,0,-3.994125743573731,-3.002802838628685,1.2009496235873613,0.015197234354345465
23.051,1,-4.0042983652341215,2.99601283636953,1.1942027723108943,0.008646573794929127
23.061,0,-3.99403383624819,-3.002714491692662,1.2010320663689678,0.01517824309823065
23.061,1,-4.004348068179966,2.9960276074668473,1.1942730826465837,0.008824651195372077
23.071,0,-3.9939419131412315,-3.0026230720887757,1.2011111784967268,0.015200433545032272
23.072,1,-4.004396545251452,2.99604118752752,1.194347213178506,0.009083819346560903
23.081,1,-4.004443751438965,2.996053561073789,1.1944258371881542,0.009401392140037127
23.082,0,-3.9938499444941877,-3.002528896454883,1.2011876315670114,0.015242918112198404
23.091,0,-3.993757932107111,-3.002432283339578,1.2012618901824266,0.015291075073042771
23.091,1,-4.004489594905307,2.9960647322653178,1.1945093851894202,0.009759937343570845
23.101,0,-3.9936659108965435,-3.002333544501728,1.2013342782822032,0.015335115232077205
23.101,1,-4.004533934921588,2.9960747248574937,1.1945981166175612,0.010145443026614649
23.112,0,-3.993573948712136,-3.0022329790884172,1.2014047594428763,0.015336230436814292
23.112,1,-4.004576582440374,2.9960835814082176,1.1946922765950352,0.010573634570082216
23.121,0,-3.9934821468612607,-3.002130872508929,1.2014723418614937,0.01526938312768501
23.121,1,-4.004617304408621,2.9960913645662477,1.1947923870296777,0.011058116655980136
23.131,0,-3.993390644429143,-3.0020274989560227,1.2015361472932136,0.015153197716197598
23.131,1,-4.004655834670433,2.996098164629154,1.194898846288116,0.011580434623727971
23.141,0,-3.993299621737601,-3.0019231266986206,1.2015955960436102,0.014999282903481275
23.141,1,-4.004691884833253,2.996104105909255,1.1950118779360486,0.012127564709279426
23.152,0,-3.9932093010005687,-3.001818021969984,1.2016503134438121,0.01481417294890237
23.152,1,-4.004725153203074,2.9961093497648945,1.1951315889145282,0.012691271460906674
23.161,1,-4.004755332099905,2.9961140952638723,1.195258005094525,0.013264974486617459
23.162,0,-3.993119944982289,-3.001712451252812,1.2017000668314872,0.014601273654921358
23.171,0,-3.99303185379179,-3.0016066823869454,1.2017445314286976,0.014348154300788184
23.171,1,-4.004782117260698,2.9961185780350563,1.1953901229954613,0.013592321688875347
23.181,0,-3.9929453581849548,-3.001500984391204,1.2017829852055355,0.014055432327194342
23.181,1,-4.004805221041512,2.9961230634695175,1.1955236591852785,0.013478856599855496
23.191,0,-3.9928608104025938,-3.0013956262232235,1.201814886825529,0.013736012914860112
23.191,1,-4.004824361227303,2.99612783102958,1.1956548936841922,0.01306463437011002
23.201,1,-4.004839258631464,2.9961331610402864,1.195781297389357,0.012449288953224379
23.201,0,-3.992778574956316,-3.001290875577229,1.2018399120364547,0.013399096717521534
23.211,0,-3.992699020695195,-3.001186997550172,1.2018578859203926,0.013051410330900156
23.211,1,-4.004849638658129,2.9961393250556445,1.195901166091568,0.011704927786735701
23.221,0,-3.9926225149617767,-3.001084253550474,1.2018689855335443,0.012703413112237103
23.221,1,-4.004855231238522,2.9961465792531095,1.1960137116590328,0.010997450836807357
23.231,0,-3.9925494217570945,-3.000982902404884,1.2018751340887708,0.012352168991605522
23.231,1,-4.004855764325114,2.996155161360216,1.1961208051385208,0.010576765470355744
23.241,0,-3.9924800862051217,-3.000883199305736,1.2018783887805737,0.011978428295103294
23.241,1,-4.004850984462949,2.9961652810712023,1.1962247033679827,0.010377028938699446
23.249,1,-4.004840673802062,2.996177111638923,1.1963269532263208,0.010342208460135621
23.251,0,-3.992414820475184,-3.0007853950748524,1.2018801694233923,0.011576380468625094
23.261,0,-3.9923538962431744,-3.0006897360884586,1.2018814518908452,0.011146687030897485
23.261,1,-4.004824656926031,2.996190785902384,1.196428604966896,0.010431557024528236
23.271,0,-3.992297538636497,-3.000596462978905,1.2018825840946747,0.010692143812904798
23.271,1,-4.0048028053163485,2.9962063945182056,1.1965302323798919,0.010581208282274076
23.281,0,-3.992245919619617,-3.0005058044840585,1.2018826188221257,0.010218444249175604
23.281,1,-4.004775037924107,2.9962239866918092,1.1966317309043726,0.010745953893139034
23.291,0,-3.9921991614598995,-3.000417969357416,1.2018806495216139,0.00973543632960533
23.291,1,-4.004741309311483,2.9962435762841513,1.1967329220109812,0.010931645893218031
23.301,0,-3.9921573370968884,-3.0003331368393105,1.201876064690729,0.00925428053827209
23.301,1,-4.004701599635849,2.9962651477625455,1.1968336879183143,0.01114115202816758
23.311,0,-3.99212047062182,-3.000251449947098,1.2018684566454845,0.008786375112769522
23.311,1,-4.004655907518813,2.996288661246492,1.1969339526741054,0.01137522499202045
23.321,0,-3.9920885391150227,-3.0001730116834464,1.201857559051354,0.008342894081516686
23.321,1,-4.004604244593641,2.9963140569257427,1.1970336691750674,0.011633305938103388
23.331,0,-3.9920614771548766,-3.0000978846338757,1.2018435527969702,0.007911788407167905
23.331,1,-4.004546636068959,2.9963412573305326,1.1971320394298486,0.011758396809691816
23.342,0,-3.9920391913346536,-3.0000260978868503,1.2018289733352332,0.00744459808059467
23.342,1,-4.004483123072233,2.9963701659277078,1.1972264338375733,0.01170839500175248
23.352,0,-3.99202156095602,-2.9999576427729764,1.2018165179163958,0.006961602825445952
23.352,1,-4.0044137431202005,2.9964006667877996,1.1973147376149544,0.011576929316469928
23.361,0,-3.9920084461807175,-2.999892473591371,1.2018080086630394,0.0064985269382864105
23.361,1,-4.004338524952822,2.996432620640247,1.1973955383392136,0.011431675297733831
23.371,1,-4.0042574873658285,2.9964658626316645,1.197467909605085,0.011320437317667834
23.371,0,-3.9919996996546874,-2.9998305128006337,1.2018046562067604,0.006093313281186367
23.381,0,-3.991995172762245,-2.9997716544938946,1.2018067873330287,0.005772112063970315
23.381,1,-4.0041706324660575,2.9965002034819586,1.1975323181937088,0.011414062776357752
23.391,0,-3.991994713669773,-2.999715767349845,1.2018133379002693,0.005522558755476198
23.391,1,-4.004077938634919,2.9965354381181695,1.1975919900689593,0.011731007177564135
23.401,0,-3.9919981635314286,-2.9996627037588155,1.2018233501385318,0.005331797987841722
23.401,1,-4.003979385172275,2.996571360846593,1.1976496084300343,0.0121773984568922
23.411,0,-3.9920053472718893,-2.9996123042472314,1.2018361481726478,0.0051925485269872
23.411,1,-4.003874958739617,2.9966077833147486,1.1977070013965803,0.012700717741772671
23.422,0,-3.9920160669431404,-2.9995644005747617,1.2018512502904715,0.005099085635137205
23.422,1,-4.003764655118228,2.9966445475863988,1.1977654040181305,0.013271114826080569
23.431,0,-3.9920300981645855,-2.9995188184528336,1.2018682740993358,0.005042409356234566
23.431,1,-4.00364848240947,2.9966815343837303,1.197825334736701,0.013834473128017515
23.441,0,-3.992047191711127,-2.999475380573867,1.2018868182214362,0.005012660199767186
23.441,1,-4.00352646896137,2.996718666115189,1.1978859973071398,0.014354225894900942
23.451,0,-3.992067083522538,-2.9994339111990995,1.2019065703254672,0.0050042621990393915
23.451,1,-4.003398664568672,2.9967559043745307,1.197946586459058,0.014845105783682004
23.462,0,-3.992089504877719,-2.999394240015146,1.2019273071692462,0.005011835391848439
23.462,1,-4.003265147056322,2.996793245352804,1.1980065453515418,0.015315704400580448
23.471,0,-3.992114190132991,-2.9993562049217317,1.2019488682266122,0.0050307417726641315
23.471,1,-4.003126027547762,2.9968307153284206,1.19806548751105,0.01577053808395664
23.482,0,-3.992140882478816,-2.9993196540069587,1.2019711362844183,0.005056739967584682
23.482,1,-4.00298145287947,2.996868366327215,1.1981231465513849,0.016211145863112255
23.491,0,-3.992169337610247,-2.9992844464946042,1.2019937267892864,0.005051146865972085
23.491,1,-4.002831605236783,2.9969062720963717,1.1981794701796022,0.01664799777540442
23.501,0,-3.992199326942751,-2.999250453317043,1.202015283278814,0.004988045241380757
23.501,1,-4.002676700781246,2.9969445245140713,1.19823477846984,0.017081993077072397
23.511,0,-3.9922306455869103,-2.99921756073918,1.2020346478500217,0.004894500800072957
23.511,1,-4.00251699189554,2.996983230458063,1.1982893447531837,0.017504418065637135
23.522,0,-3.9922631170817104,-2.9991856720310874,1.2020510466803502,0.0047930624449061
23.522,1,-4.002352766284446,2.997022509023865,1.1983433507276073,0.017908575885167245
23.531,0,-3.992296595640473,-2.9991547079548067,1.2020639722792226,0.0047011606908841765
23.531,1,-4.002184344332451,2.997062488862272,1.1983969147661548,0.018289231032180834
23.541,0,-3.99233096695867,-2.999124606651476,1.202073138925032,0.004633391820562029
23.541,1,-4.002012077317607,2.9971033052749845,1.198449674459092,0.01860571547848777
23.551,0,-3.9923661463085858,-2.999095320124129,1.202078566178605,0.004597011122082865
23.551,1,-4.001836348072128,2.9971450965932993,1.1984991946099592,0.018819754937495256
23.561,0,-3.9924020710074806,-2.9990668021236675,1.202080342304042,0.004591587302981669
23.561,1,-4.001657553715594,2.9971880055225233,1.198543167977249,0.01897093200713444
23.572,0,-3.9924386922305968,-2.9990389957511923,1.2020785412870074,0.0046166661918117255
23.572,1,-4.001476095800651,2.997232179710945,1.1985800464844294,0.019089371404521743
23.581,0,-3.9924759687498086,-2.9990118251348434,1.202073226621861,0.00467152222392132
23.581,1,-4.001292375219623,2.997277771052906,1.1986088089734628,0.01919576731570788
23.591,0,-3.992513862310361,-2.9989851904840896,1.2020644068942,0.004758312212334459
23.591,1,-4.001106786672794,2.9973249356820273,1.1986294048703385,0.019317902720198933
23.601,0,-3.992552335972587,-2.998958970068171,1.2020517856347497,0.00488629931456188
23.601,1,-4.000919712884578,2.997373834807592,1.198644076472678,0.019452389446525366
23.611,0,-3.9925913596019864,-2.9989330392006774,1.2020350482393884,0.005056733008614236
23.611,1,-4.000731526495901,2.9974246272583147,1.1986548858925674,0.019577032740613346
23.621,1,-4.000542587111043,2.9974774649419116,1.198663268177399,0.019682698655589578
23.622,0,-3.992630916802741,-2.9989072926812472,1.202013993514863,0.005267141076279143
23.631,0,-3.992671009400177,-2.998881660579165,1.2019885004311834,0.005512727019320962
23.631,1,-4.00035323798188,2.99753249025057,1.19867022041788,0.01976645378400974
23.641,0,-3.9927116598222114,-2.9988561181289466,1.2019585048816304,0.005787946268156967
23.641,1,-4.000163803712717,2.9975898341747893,1.198676431265043,0.019828212852733482
23.652,0,-3.992752911897118,-2.998830690998888,1.2019240742293011,0.0060687031868535465
23.652,1,-3.999974588853789,2.997649614089019,1.1986820288666147,0.019866608924015396
23.661,0,-3.992794830598708,-2.998805455706098,1.201885933010308,0.006309331306209412
23.661,1,-3.99978588097574,2.9977119300332484,1.1986858379663274,0.019882506585782955
23.671,0,-3.992837499021879,-2.9987805316427822,1.201844864110902,0.006516220739045312
23.671,1,-3.9995979635305465,2.997776865690309,1.198686785785343,0.01988032656104933
23.681,0,-3.9928810145996145,-2.998756070097225,1.2018014160323847,0.006698291365702994
23.681,1,-3.9994111286300957,2.9978444871007426,1.198684156727918,0.019862563122660184
23.692,0,-3.9929254858584247,-2.9987322450571847,1.2017559745038013,0.0068629411914979555
23.692,1,-3.9992256852303605,2.9979148413694343,1.198677482483979,0.019829949455450052
23.701,0,-3.9929710293848832,-2.998709245599125,1.2017086749533659,0.007044239022822317
23.701,1,-3.9990419642502166,2.9979879571227013,1.1986667893420766,0.01977587288469915
23.711,1,-3.9988603250424224,2.9980638472999246,1.1986537366005603,0.01968481388159359
23.712,0,-3.993017767915186,-2.9986872692831867,1.2016589258183936,0.007282884125874662
23.721,0,-3.9930658337270644,-2.998666518153045,1.201606133328957,0.007566017169657297
23.721,1,-3.998681160542533,2.9981425020453014,1.1986399616011325,0.0195527449677481
23.731,0,-3.993115371933881,-2.9986471954888305,1.2015499165319883,0.007884182219179222
23.731,1,-3.9985049019297922,2.9982238852541565,1.1986265876786404,0.01937825886782577
23.742,0,-3.9931665418217026,-2.998629502872042,1.2014900412676761,0.008231105931231867
23.742,1,-3.9983320206398325,2.998307934376108,1.1986143814331016,0.019160362837006468
23.75,0,-3.9932195167781694,-2.998613637599152,1.2014263196021242,0.00861730434227055
23.75,1,-3.9981630278192677,2.9983945613817493,1.198603945196421,0.018896412111101893
23.761,0,-3.9932744810609915,-2.9985997893452145,1.201358147395909,0.009080625491289539
23.761,1,-3.9979984709006544,2.9984836563581228,1.1985964770427084,0.018584319552404492
23.772,0,-3.9933316213802543,-2.998588137154424,1.2012848774434888,0.009605479193358378
23.772,1,-3.9978389086562225,2.9985750899245094,1.1985932043515541,0.01823353732066482
23.782,0,-3.993391116268303,-2.998578846295908,1.2012060980750963,0.010176266736924178
23.782,1,-3.997684880553548,2.9986687171685356,1.198594946299691,0.017855085465563164
23.791,0,-3.9934531276671446,-2.998572065566364,1.2011215632378094,0.010780727220085155
23.791,1,-3.997536885421948,2.9987643824349615,1.1986022333421789,0.017460050381986742
23.802,0,-3.9935177952122958,-2.9985679255885267,1.2010311413057735,0.011409162598144729
23.802,1,-3.997395366722607,2.998861923383008,1.1986153964787352,0.017059305191056466
23.811,0,-3.993585233015694,-2.998566538246317,1.2009349053941643,0.012015297997858967
23.811,1,-3.9972607018484623,2.9989611740038833,1.198634443276669,0.01665472708783295
23.821,0,-3.9936555310878843,-2.998567998029102,1.2008341924622556,0.01248393781409771
23.821,1,-3.9971331863122046,2.999061964996885,1.1986575337092784,0.01621981176308009
23.831,0,-3.9937287525165557,-2.9985723718046176,1.200730607949617,0.012851625176864927
23.831,1,-3.997013045376326,2.999164129789838,1.1986824139187082,0.015755928775607844
23.841,0,-3.99380493221721,-2.9985796876163824,1.2006252625093488,0.013151937450075658
23.841,1,-3.996900448380174,2.999267509225649,1.1987075226634856,0.015273284100600764
23.852,0,-3.9938840788302943,-2.9985899295134786,1.2005189264694829,0.01340785050798752
23.852,1,-3.996795513895803,2.999371953157753,1.1987317916895748,0.014783359301018638
23.861,1,-3.9966983147910176,2.9994773215799717,1.1987545266232826,0.014298807879571072
23.862000000000002,0,-3.9939661779373465,-2.9986030363164953,1.2004124394275315,0.013563740172658326
23.871,0,-3.9940511992236782,-2.9986189027376344,1.2003079213167427,0.013549627770694525
23.871,1,-3.996608884830724,2.9995834846166574,1.198775579573493,0.01383333794856586
23.881,0,-3.9941390986970755,-2.9986373685309915,1.2002072721315717,0.013431222868984896
23.881,1,-3.996527220199569,2.9996903176857317,1.1987950124539202,0.01339118834742417
23.891,0,-3.9942298244755,-2.9986582122253997,1.2001117637889975,0.013256528872600263
23.891,1,-3.996453281405636,2.9997976954601615,1.1988128551046682,0.012975256830646029
23.901,0,-3.9943233226911894,-2.9986811507223696,1.2000222325879366,0.013058145995253435
23.901,1,-3.996386997281525,2.999905487879547,1.1988291162643134,0.012587703634194345
23.911,0,-3.994419541644904,-2.998705841599026,1.1999392100715347,0.012858643404804746
23.911,1,-3.996328268821809,3.0000135577735683,1.1988437903088718,0.012229874755483677
23.922,0,-3.9945184344395708,-2.998731887632593,1.1998629987757807,0.012674699749755046
23.922,1,-3.9962769746795197,3.0001217598825067,1.1988570841170645,0.011907969627544366
23.931,0,-3.9946199590617177,-2.9987588472880913,1.199793719525271,0.012515642921071329
23.931,1,-3.996232980546286,3.000229942763241,1.19886973278723,0.011623294910257615
23.941,0,-3.9947240753989512,-2.9987862532291807,1.1997313996791992,0.012385704131948536
23.941,1,-3.996196146640421,3.000337954546412,1.198882326129463,0.011372881400412729
23.951,0,-3.99483074209055,-2.9988136295127896,1.1996760067270755,0.012287114841468376
23.951,1,-3.9961663384557786,3.0004456487221822,1.198895253510935,0.011155162964500864
23.961,0,-3.9949399143087843,-2.998840504856341,1.1996274670529214,0.01222085466881191
23.961,1,-3.996143434893499,3.0005528883828947,1.1989087655703703,0.010969484712603788
23.971,0,-3.9950515418545125,-2.998866422876388,1.199585504701094,0.012205438136882235
23.971,1,-3.9961273332289218,3.0006595491133172,1.1989229920429947,0.010814755592751673
23.981,0,-3.9951655652157387,-2.998890952112519,1.1995486576392866,0.012262409107640686
23.981,1,-3.99611794853762,3.000765517740504,1.1989378278480372,0.010688493138837341
23.992,0,-3.9952819156534156,-2.998913695168316,1.1995153845259783,0.012360462470814335
23.992,1,-3.996115205357652,3.000870679705024,1.1989531257993409,0.010590048518745418
24.001,0,-3.995400513809885,-2.998934296267433,1.1994845939357421,0.012480924193202268
24.001,1,-3.9961190261724338,3.0009749043366267,1.1989687876448216,0.010517426137558367
24.011,0,-3.995521267852061,-2.9989524463672548,1.199455509536326,0.012613208073730274
24.012,1,-3.996129322510239,3.001078035093579,1.198984749073866,0.01046739376815436
24.021,1,-3.9961459871595073,3.0011798844776143,1.1990006794356958,0.010422899539670674
24.022,0,-3.9956440729863867,-2.9989678854850195,1.1994276978498506,0.012744325825273309
24.031,0,-3.9957688114597905,-2.998980404093552,1.1994012850944686,0.012866528418064535
24.031,1,-3.996168882676866,3.0012802364862616,1.1990149127452585,0.010367835431263676
24.041,0,-3.9958953502225953,-2.9989898483926396,1.199376435851937,0.012982003296619958
24.041,1,-3.996197844863973,3.001378856503833,1.1990258905886,0.010317346083152348
24.052,0,-3.996023540109221,-2.998996123157595,1.1993532417200474,0.01309142677185387
24.052,1,-3.9962326806109116,3.001475503863419,1.1990325715920338,0.010284673659916593
24.062,0,-3.9961532162875186,-2.998999191631386,1.1993317458513797,0.013194326024945725
24.062,1,-3.996273164789544,3.0015699421621065,1.1990342712518005,0.010278736629873001
24.071,0,-3.996284199345747,-2.9989990735951366,1.199311956114358,0.013289510225265564
24.071,1,-3.9963190395332204,3.0016619469037,1.1990305541685373,0.010304218583191183
24.082,0,-3.9964162971945956,-2.9989958415600473,1.1992939794325006,0.013371047451287742
24.082,1,-3.996370018477421,3.001751309316467,1.199021767416584,0.01034483012735867
24.091,1,-3.9964257980811007,3.001837836287522,1.1990104258787813,0.010365681960227883
24.092,0,-3.9965493113068997,-2.9989896153716233,1.199278321229728,0.013436561161835074
24.101,1,-3.99648605448906,3.001921360421279,1.1989987642215731,0.010363207974548377
24.102,0,-3.996683050262356,-2.998980558595384,1.1992654009041264,0.013490780648021467
24.111,0,-3.9968173432434106,-2.998968873191177,1.1992554749547102,0.013537656129505653
24.111,1,-3.9965504521913267,3.00200174423586,1.1989883163931052,0.010344382889012592
24.121,0,-3.99695204936206,-2.9989547936716705,1.1992486882366271,0.013580547433610942
24.121,1,-3.9966186537401627,3.0020788811434738,1.198980126603728,0.01031797814446495
24.131,0,-3.997087063230353,-2.9989385820166516,1.1992448316651643,0.01362402766944919
24.131,1,-3.996690324647963,3.0021526976288926,1.198974220915567,0.010300746818051187
24.142,0,-3.9972223143019607,-2.9989205248205173,1.1992418201527972,0.013668354081707815
24.142,1,-3.99676512864573,3.002223161243875,1.1989672226884118,0.010305981261068353
24.151,0,-3.997357755337941,-2.998900922782081,1.1992374449761662,0.013712286626290805
24.151,1,-3.9968427357203695,3.0022902694285354,1.1989558242126284,0.010347715325753782
24.161,0,-3.997493347206008,-2.9988800832329328,1.1992302000181994,0.013759703012960835
24.161,1,-3.9969228185437364,3.0023540456269195,1.1989378049612396,0.010449086476802559
24.171,0,-3.9976290473750646,-2.9988583157428432,1.199219068687443,0.013814361754885051
24.171,1,-3.9970050467027294,3.0024145391101356,1.1989116937471267,0.010627278996311789
24.181,0,-3.9977648022540775,-2.9988359278873378,1.199204100166084,0.013854843740309857
24.181,1,-3.9970890849673033,3.0024718216360817,1.1988773033451723,0.010817419516848023
24.191,0,-3.997900543693045,-2.998813219558718,1.1991880188239694,0.013851533999765245
24.191,1,-3.99717459741068,3.002525982761519,1.1988373760211897,0.010922118990896979
24.201,0,-3.9980361896225056,-2.998790475281015,1.1991732735777203,0.013813511121732139
24.201,1,-3.9972612506222256,3.0025771451319643,1.1987944399868184,0.010945731233998222
24.211,0,-3.998171646826896,-2.9987679546646357,1.199161517584508,0.01375457951055617
24.211,1,-3.9973487236145915,3.0026254704135122,1.1987502388235542,0.010904343631617889
24.222,0,-3.99830681361616,-2.99874588555367,1.1991538518823184,0.0136870267663364
24.222,1,-3.9974367162710016,3.002671159884532,1.1987059658542327,0.010815069528162729
24.231,0,-3.998441582109691,-2.998724459858954,1.1991509954713626,0.013620129985582381
24.231,1,-3.9975249550185423,3.0027144533788857,1.1986624326859978,0.010692436169043338
24.242,0,-3.998575839968787,-2.998703831804767,1.1991535308157126,0.013561396670186595
24.242,1,-3.9976131963993926,3.002755626329313,1.1986204670460916,0.010519203369621002
24.251,0,-3.998709467177345,-2.9986841237171467,1.199162305492471,0.013520511534519022
24.251,1,-3.99770122986643,3.002794980128576,1.198581646060615,0.010288415966461177
24.261,0,-3.998842323371733,-2.998665443995657,1.1991779600668517,0.013503141431008172
24.261,1,-3.9977888817149783,3.002832824612862,1.1985472445106662,0.010033313280830663
24.271,0,-3.998974235831183,-2.9986479051097223,1.1992008829528058,0.013510204002073702
24.271,1,-3.9978760181482227,3.002869458753865,1.1985180961032822,0.009779493930803603
24.281,0,-3.999104992350936,-2.998631636082503,1.1992312860463117,0.013539270120302337
24.281,1,-3.9979625462713058,3.0029051563409466,1.1984947272349205,0.009546301325805749
24.291,0,-3.9992343389479963,-2.9986167894168623,1.1992687386358039,0.013540734946947065
24.291,1,-3.9980484138055985,3.0029401567953964,1.198476745445405,0.00938215165872566
24.301,0,-3.999361986865304,-2.998603537480506,1.1993102777806703,0.013430645046890257
24.301,1,-3.99813360676862,3.00297465921945,1.1984603020512068,0.00931170967301767
24.312,0,-3.9994876251550364,-2.998592061226095,1.1993530613582934,0.013219264455401015
24.312,1,-3.9982181371737884,3.0030088134797204,1.198441702725338,0.009310520925058095
24.321,1,-3.998302031513674,3.0030427163418967,1.198418452966404,0.009382913250137756
24.321,0,-3.999610936231734,-2.9985825348287554,1.1993951429048433,0.012926819781473602
24.331,0,-3.99973160871674,-2.998575113520126,1.1994351966714667,0.012572806762209314
24.331,1,-3.9983853227329145,3.003076411133431,1.1983888868750605,0.009537293392440064
24.341,0,-3.9998493463489186,-2.9985699257391425,1.1994724294058652,0.01218206541195028
24.341,1,-3.998468044108572,3.0031098890543424,1.1983524947162676,0.009713334197089769
24.351,0,-3.9999638708251934,-2.998567071001615,1.199506701567419,0.011771908567602159
24.351,1,-3.9985502235407653,3.0031430973242665,1.1983111219590497,0.009829616736900458
24.361,0,-4.000074918641669,-2.998566623238373,1.1995380168440346,0.011344757829066018
24.361,1,-3.998631878859145,3.003175961347458,1.198266533488834,0.009890427944951473
24.371,0,-4.000182235942939,-2.9985686362772506,1.1995663886315426,0.010902363352118066
24.371,1,-3.998713013223726,3.0032084063138695,1.1982199541915337,0.00990573478873628
24.382,0,-4.000285574796989,-2.998573148489299,1.1995918367129355,0.010446294291729089
24.382,1,-3.9987936120932464,3.0032403727439365,1.1981722332992029,0.009885501804947917
24.391,1,-3.99887364173035,3.0032718270406042,1.1981239600720084,0.009837859395088392
24.392,0,-4.000384690935576,-2.998580186422523,1.1996143869348728,0.009978060974248158
24.401,0,-4.000479342729727,-2.9985897675949187,1.19963407357409,0.009499639496931207
24.401,1,-3.9989530489050824,3.0033027679113626,1.1980756382636828,0.009755206661969268
24.411,0,-4.000569294590172,-2.998601899710756,1.1996509639641226,0.009014159945519247
24.411,1,-3.9990317620777662,3.0033332277318343,1.1980280955654474,0.009625367365488193
24.421,0,-4.000654330889087,-2.998616571483584,1.1996651333852353,0.008525674518817116
24.421,1,-3.999109695774281,3.0033632670786776,1.197982037598012,0.0094625919516341
24.431,0,-4.000734270405552,-2.998633742944251,1.199676656714909,0.008039614550383978
24.431,1,-3.9991867553026648,3.0033929672179323,1.197937935769159,0.009277715551455996
24.441,0,-4.000808975827238,-2.9986533395846924,1.1996856108278586,0.0075619206229212916
24.441,1,-3.999262840579366,3.0034224237084737,1.1978960988947716,0.00907851124712644
24.451,0,-4.000878360659486,-2.9986752491065642,1.1996918007398425,0.007093552062439406
24.451,1,-3.9993378490533242,3.0034517410881465,1.197856899287766,0.008848414647305259
24.461,0,-4.000942397449402,-2.9986993212683997,1.1996937802852288,0.006651057464616928
24.461,1,-3.999411675868601,3.003481028771173,1.1978214473272064,0.008570564662480995
24.471,0,-4.001001112289001,-2.998725381045724,1.1996901879260362,0.006275674562455801
24.471,1,-3.9994842111399502,3.003510398082641,1.1977907368947602,0.00827293256271859
24.481,0,-4.001054582565186,-2.9987532405834783,1.1996801262634167,0.006006235476954955
24.481,1,-3.99955533621769,3.003539959772095,1.1977654145167311,0.007976862015429975
24.491,0,-4.001102935831549,-2.998782707468412,1.199663018734961,0.005872762146787956
24.491,1,-3.9996249212580848,3.0035698220469014,1.1977458829269085,0.0076981850310579
24.502,0,-4.001146344535592,-2.998813591759776,1.1996390472038954,0.00580930006656543
24.502,1,-3.9996928236712685,3.003600089299807,1.1977326984520844,0.007434926569950818
24.511,0,-4.001185006528446,-2.998845713872309,1.1996120568749007,0.005599311475796568
24.511,1,-3.999758886166458,3.003630864200053,1.197727797562889,0.007220001322818541
24.521,0,-4.001219150317171,-2.998878900780576,1.199586180703141,0.0052588023786605915
24.521,1,-3.999822940840311,3.0036622551101697,1.1977329273250223,0.007132235461610629
24.531,0,-4.00124902851207,-2.9989129847981197,1.1995642347284305,0.004853266759175102
24.531,1,-3.9998848123712496,3.00369438417148,1.1977492145466309,0.00722577553442891
24.541,0,-4.001274904099124,-2.9989478050122074,1.1995481143324196,0.004457981516994637
24.541,1,-3.999944320183937,3.0037273926192856,1.1977773559999647,0.007521927517612045
24.551,0,-4.001297040153027,-2.99898320825193,1.1995390754271507,0.004149318018779067
24.551,1,-4.000001280594076,3.0037614435480324,1.1978177465798505,0.008011037887035981
24.562,0,-4.001315693942831,-2.999019049587439,1.1995374440212863,0.00398997711072231
24.562,1,-4.0000555106081075,3.003796721715276,1.1978699177738525,0.008547757850724832
24.572,0,-4.001331114387388,-2.9990551942372625,1.199541605620826,0.003937296818913841
24.572,1,-4.000106832211458,3.0038334281016774,1.197931045606145,0.00896604383388522
24.581,0,-4.001343529464127,-2.9990915240529636,1.199550027036171,0.0039339027900161016
24.581,1,-4.000155060135472,3.0038717747341375,1.1979986044849131,0.00927734498773285
24.591,0,-4.001353141352912,-2.9991279423716515,1.1995616377953229,0.003952589305468987
24.591,1,-4.000199995229787,3.0039119772059455,1.1980708240306326,0.009506563394886305
24.601,1,-4.000241422185017,3.003954248144159,1.198146457098443,0.009678294985608878
24.601,0,-4.00136012495182,-2.999164376725185,1.1995756877378947,0.003981836404748105
24.611,0,-4.001364626991179,-2.999200780072217,1.1995918210530936,0.004041710221206503
24.611,1,-4.000279110079615,3.003998791553839,1.1982243633498468,0.009745702028831694
24.621,0,-4.0013667642828725,-2.9992371302678307,1.199610965704819,0.004189345095697989
24.621,1,-4.000312822147484,3.004045791708624,1.1983019587897856,0.009597987284867824
24.631,0,-4.001366628164485,-2.999273426673581,1.1996342010987353,0.004424081794997947
24.631,1,-4.000342324708267,3.0040953989495605,1.198376754262088,0.009311447489461704
24.64,0,-4.0013642878469575,-2.9993096858134622,1.1996622226404903,0.004737063508111508
24.64,1,-4.000367400502708,3.0041477133459944,1.1984470587336973,0.008950579875018934
24.651,0,-4.001359792331723,-2.999345937535634,1.1996954576878616,0.005114928892265221
24.651,1,-4.00038786095893,3.00420277266441,1.1985117301302746,0.008565107447456975
24.661,0,-4.001353172495952,-2.9993822217269335,1.1997341519639269,0.005543204768462192
24.661,1,-4.000403554257421,3.004260546071885,1.1985700106149575,0.008193011073505112
24.672,0,-4.001344443898818,-2.999418585520739,1.199778132519001,0.005941317006530414
24.672,1,-4.000414368672578,3.004320932952171,1.1986216845738722,0.007903843789702207
24.681,0,-4.001333613710821,-2.9994550805595868,1.19982576525928,0.006209092162109375
24.681,1,-4.000420231908264,3.0043837652015366,1.1986673806792314,0.007718542113041704
24.691,0,-4.001320688565102,-2.9994917603584152,1.1998754573135986,0.006381304136465549
24.691,1,-4.000421113384893,3.004448808512339,1.198707675772338,0.007613095477217679
24.701,0,-4.001305684663875,-2.999528677951819,1.1999260959556821,0.006487341738650499
24.702,1,-4.000417021680518,3.0045157673448437,1.1987429881363776,0.007567402841814415
24.711,1,-4.000408000910612,3.004584291320169,1.198773630472309,0.007564357020703159
24.711,0,-4.0012886356012,-2.999565884036777,1.1999769050752254,0.006549488799490002
24.721,0,-4.0012695969160745,-2.999603425644093,1.2000274904876163,0.006615919051841453
24.721,1,-4.000394125226351,3.0046539829088252,1.1988002012513725,0.007620417529095869
24.731,0,-4.0012486463059584,-2.999641345039757,1.2000783054694046,0.00673452874881751
24.731,1,-4.00037549264706,3.0047244068972825,1.198824459546836,0.007732398484266461
24.741,0,-4.0012258810760795,-2.9996796775221206,1.2001298598159105,0.006886213122192495
24.741,1,-4.000352233786516,3.0047951003305866,1.1988479151014884,0.00786376657325722
24.751,0,-4.001201413026894,-2.999718449599632,1.2001824754672477,0.007056708842264305
24.751,1,-4.000324514259783,3.0048655843404206,1.1988716047133023,0.007995372841615537
24.761,0,-4.001175363673784,-2.9997576779657287,1.200236345833656,0.007236354846213047
24.761,1,-4.000292533508877,3.0049353744366227,1.1988962357912238,0.008116736865380215
24.771,0,-4.001147860768705,-2.9997973688999435,1.2002913373428998,0.007359216202746979
24.771,1,-4.000256522870512,3.005003988950809,1.1989222196924538,0.00821491103327608
24.781,0,-4.001119037849625,-2.9998375179848384,1.2003456832792165,0.007314370273907106
24.782,1,-4.0002167438052405,3.0050709584887074,1.1989493724377458,0.008272545918122196
24.791,0,-4.001089032808196,-2.999878113169804,1.2003975088743113,0.007157712945043995
24.791,1,-4.000173481187863,3.005135840135092,1.1989773811068025,0.00829337048719585
24.802,0,-4.001057988845207,-2.9999191378780363,1.200445547467283,0.006936151817196293
24.802,1,-4.0001270370736,3.0051982314975363,1.1990060316801636,0.008282355615414001
24.811,0,-4.001026055807488,-2.9999605729913004,1.200488955547112,0.006683991144465722
24.812,1,-4.000077725867608,3.0052577804746132,1.1990351795279162,0.008244503087062288
24.821,0,-4.000993390584526,-3.000002398288066,1.2005271848882204,0.006426468161341158
24.821,1,-4.000025869979929,3.0053141911494783,1.1990647281484794,0.008184602427645623
24.831,0,-4.0009601568097315,-3.0000445934177677,1.2005599018767474,0.006183660480579361
24.831,1,-3.999971795374474,3.0053672257937865,1.1990948543191318,0.008133392191039217
24.841,0,-4.00092652490849,-3.0000871371269984,1.2005869843354116,0.0059704124674758
24.841,1,-3.999915825196364,3.0054167042563504,1.1991268827985802,0.008133223052565742
24.852,0,-4.000892673946765,-3.000130002449834,1.200608411708622,0.005791980622555586
24.852,1,-3.999858274832642,3.0054625141324136,1.1991620753499135,0.008181211712209311
24.862000000000002,0,-4.00085879322328,-3.0001731516978563,1.2006242071032838,0.005650616575511359
24.862000000000002,1,-3.9997994446713068,3.0055046169779045,1.199201280301151,0.00827722325699047
24.871,1,-3.9997396141427197,3.0055430491990363,1.1992450596796345,0.008420934796724797
24.872,0,-4.000825082715968,-3.00021653329255,1.200634423989656,0.005546584766688351
24.881,0,-4.000791752859099,-3.0002600802277186,1.2006396024384636,0.005485811259723357
24.881,1,-3.999679038443238,3.00557792319538,1.199292869688517,0.008455833531639591
24.891,0,-4.000759023853551,-3.0003037117403215,1.200642476492962,0.005441762827676093
24.891,1,-3.999617945804825,3.005609429159119,1.199339789408629,0.008176618532325082
24.901,0,-4.00072712045581,-3.0003473404236103,1.200645617913012,0.005390656946665703
24.901,1,-3.9995565255318404,3.0056377940227677,1.1993811296052805,0.007711567542303734
24.911,0,-4.000696266207634,-3.0003908808258912,1.200650762835472,0.005339204491638197
24.911,1,-3.9994949211913244,3.0056632525053266,1.1994137540148675,0.0071933989249805645
24.921,0,-4.000666679188856,-3.000434255902416,1.2006590691104804,0.005302003665537535
24.921,1,-3.999433228186437,3.0056860312115883,1.1994355933908851,0.006746185451479951
24.932,0,-4.000638568660288,-3.000477401436463,1.2006711701874213,0.005283291718659089
24.932,1,-3.999371493463925,3.005706335828375,1.1994459632510073,0.0064947808939754175
24.941,0,-4.000612132830249,-3.0005202686974317,1.200686837059738,0.005269782658406097
24.941,1,-3.9993097204030197,3.0057243417086768,1.1994477414003097,0.006410645248869986
24.951,0,-4.000587561338037,-3.0005628249130627,1.2007056925580453,0.005260726070866371
24.951,1,-3.9992478855881717,3.0057402103853312,1.1994439423539678,0.006390338916486314
24.961,0,-4.000565037851681,-3.000605052772558,1.200727452736669,0.00525739313223787
24.961,1,-3.999185956614614,3.005754101795252,1.1994366674427208,0.006389067479358588
24.971,0,-4.000544741475737,-3.000646949631979,1.2007518970784044,0.005261825229361568
24.971,1,-3.999123905193695,3.0057661804195495,1.199427385285346,0.0063899722616094865
24.981,0,-4.000526847505208,-3.000688526474831,1.2007788477261143,0.005276450626421314
24.981,1,-3.999061716339504,3.005776619323688,1.199417124849983,0.0063875138152079776
24.991,0,-4.000511528048763,-3.0007298066521457,1.200808296257296,0.005327280911391208
24.991,1,-3.998999394454945,3.0057856025211116,1.1994065041921655,0.006385357171096279
25.001,0,-4.000498952583151,-3.0007708244959503,1.2008409058731375,0.005452720086956809
25.001,1,-3.9989369669959824,3.0057933216633583,1.1993954244551903,0.006389343104979747
25.011,0,-4.000489282899611,-3.0008116243176346,1.2008773059142048,0.005646906685273498
25.012,1,-3.9988744859629306,3.0057999582844643,1.1993836651208356,0.0063948928496629625
25.021,0,-4.000482668980052,-3.0008522591878064,1.2009178956257491,0.005902899170735458
25.021,1,-3.998812027960704,3.0058056658388663,1.199371082231281,0.006397869478967871
25.031,0,-4.0004792466087045,-3.000892789644659,1.2009629119565424,0.00621112894766562
25.031,1,-3.9987496933157844,3.005810557842881,1.199357585163292,0.006394659375111606
25.042,0,-4.000479135003851,-3.0009332823350356,1.2010122164989672,0.00650338085990093
25.042,1,-3.9986876043695054,3.0058147008939353,1.1993432529326904,0.006374141237949127
25.051,0,-4.0004824340307685,-3.000973806502046,1.2010643892262034,0.006693953867266755
25.051,1,-3.9986259009768736,3.0058181139699394,1.1993286370709126,0.006327016735784267
25.061,1,-3.9985647306119954,3.0058207766718463,1.1993142311748535,0.006256614335862074
25.061,0,-4.000489233030813,-3.001014425370018,1.201118050686737,0.006815100753477694
25.071,0,-4.000499617166395,-3.0010551876725176,1.201172241785409,0.006893569115297186
25.071,1,-3.998504238712267,3.0058226387240716,1.1993003779289593,0.006166767645986917
25.081,0,-4.000513670536019,-3.0010961220040664,1.2012262994486116,0.006949793428526676
25.081,1,-3.998444561610746,3.00582362790311,1.199287314185467,0.00606133472405454
25.092,0,-4.000531478219542,-3.0011372335193593,1.201279807289079,0.007008059144706226
25.092,1,-3.9983858216900368,3.0058236564317165,1.199275282126788,0.005939052176948754
25.101,0,-4.000553125430429,-3.001178503839439,1.2013327434383434,0.0070948628160270024
25.101,1,-3.9983281236666093,3.0058226259444965,1.1992649878016783,0.005797444390307177
25.111,0,-4.000578685407205,-3.001219897011289,1.201385190454022,0.0072065870719894105
25.111,1,-3.998271548289099,3.0058204332175364,1.1992571233317222,0.005651004528126496
25.121,0,-4.0006082060539025,-3.0012613672890813,1.2014371943533082,0.007339128536721952
25.121,1,-3.998216146771164,3.0058169751057653,1.1992521476166451,0.005513149986631775
25.131,0,-4.000641701363944,-3.0013028652214793,1.201488776321152,0.007488655677142371
25.131,1,-3.9981619378765867,3.005812152098934,1.1992503568773458,0.005395203261016847
25.141,1,-3.9981089069752715,3.0058058709673077,1.199251934877433,0.005306368693066461
25.142,0,-4.000679146415521,-3.001344342133917,1.2015399401919382,0.007651132565269954
25.152,0,-4.0007204745902865,-3.0013857533233557,1.2015905424554203,0.007799241556506917
25.152,1,-3.9980570064452903,3.005798047063295,1.19925675339779,0.0052461955184917525
25.161,0,-4.0007655752058024,-3.001427059749976,1.2016399767129486,0.007914223707645029
25.161,1,-3.9980061605420456,3.005788607440593,1.1992638440189973,0.00520098732934608
25.171,0,-4.000814293868971,-3.0014682277885085,1.2016877057950066,0.008008007178983464
25.171,1,-3.9979562802387765,3.0057774928558496,1.1992723418421931,0.0051658607660141805
25.181,0,-4.00086643243617,-3.001509228430096,1.2017333528759981,0.008087139620876212
25.181,1,-3.9979072768209103,3.005764660309138,1.199281649306852,0.005139577469368792
25.191,0,-4.000921750423388,-3.00155003659131,1.2017766547227335,0.008154341067119989
25.191,1,-3.99785907136417,3.0057500847191863,1.1992913549685906,0.005121646332559041
25.202,0,-4.000979969090338,-3.0015906303549738,1.201817823519641,0.0082611920009909
25.202,1,-3.9978116008534736,3.0057337600516285,1.1993009251543023,0.005097642318447934
25.211,0,-4.001040783751623,-3.001630987293172,1.2018584614807413,0.008437027533463197
25.211,1,-3.9977648194149036,3.0057157012371007,1.1993087422336464,0.005057916169232003
25.221,0,-4.001103882375953,-3.0016710753229523,1.2018999759029234,0.00864801853822967
25.221,1,-3.997718693732188,3.005695942367541,1.1993133432493528,0.005029868008366993
25.231,0,-4.0011689680126015,-3.001710843998199,1.201943309129558,0.008876022555540498
25.231,1,-3.9976731962280003,3.0056745360710746,1.1993137574291766,0.0050374041021831305
25.241,0,-4.001235775705408,-3.0017502189732177,1.2019890792865475,0.009111023423710153
25.242,1,-3.9976282997496875,3.0056515531162864,1.1993093567096607,0.0050963022045296584
25.25,0,-4.0013040832203455,-3.0017890993156224,1.2020374774519154,0.009312409326140178
25.25,1,-3.997583974060801,3.0056270810363994,1.1992999921923913,0.005195870244259774
25.262,0,-4.001373711233914,-3.0018273599802754,1.2020872037001271,0.009407982342798077
25.262,1,-3.9975401871675573,3.0056012200789453,1.1992872797299647,0.005275482624999482
25.271,0,-4.0014445077364655,-3.0018648629793545,1.202136792377821,0.009423851466309861
25.271,1,-3.997496916100725,3.005574080874425,1.1992730274322683,0.005320384880565899
25.281,0,-4.0015163260781295,-3.0019014708827836,1.2021852430398707,0.009382787194103808
25.281,1,-3.9974541604333593,3.0055457799908507,1.1992584840870801,0.005333014918736904
25.291,0,-4.001589008307647,-3.0019370570822104,1.2022318795340412,0.009300629643198373
25.291,1,-3.9974119516244926,3.0055164352763057,1.199244507034926,0.0053194967948935815
25.301,0,-4.001662374227061,-3.0019715128887694,1.202276250358155,0.009187586815691203
25.301,1,-3.9973703583937525,3.0054861624201656,1.1992316805197984,0.005285000771097426
25.312,0,-4.001736214986181,-3.0020047519423736,1.2023182024333645,0.00906866014022793
25.312,1,-3.9973294890876754,3.005455072202332,1.1992206564134322,0.005219943564848856
25.321,0,-4.001810291649878,-3.0020367118102276,1.2023583601062253,0.008967062516136695
25.321,1,-3.997289490874982,3.005423266001218,1.1992128115491905,0.005130352670661682
25.332,0,-4.001884339659931,-3.00206735471485,1.202397372220988,0.008868410973246466
25.332,1,-3.9972505438551056,3.0053908283803,1.1992092711226157,0.005046960600252972
25.342,0,-4.001958075818817,-3.0020966665328728,1.202435684493136,0.008763333509677689
25.342,1,-3.9972128545888275,3.0053578197184057,1.1992107690245424,0.004994597800864428
25.351,0,-4.002031204673994,-3.002124655046738,1.202473601440107,0.00864598796167622
25.351,1,-3.9971766500776083,3.0053242716404385,1.1992177719597508,0.004991272422036777
25.361,0,-4.002103424299971,-3.002151348498864,1.2025109805790581,0.008472307501984373
25.361,1,-3.997142171320665,3.0052901851079548,1.1992300561182458,0.005008821344563265
25.371,1,-3.9971096646838866,3.0052555312163314,1.1992455642946638,0.004983311599678624
25.371,0,-4.002174430534065,-3.002176795906217,1.2025464418405547,0.008211821137296777
25.381,0,-4.002243914964756,-3.0022010672370345,1.2025787796758407,0.007891312522136155
25.381,1,-3.9970793773386224,3.0052202525825336,1.1992624567226,0.00491205715293845
25.391,0,-4.002311563027229,-3.0022242549162454,1.2026072027046797,0.0075312071513857475
25.391,1,-3.9970515512958564,3.005184266457884,1.199279465765826,0.0048085297151535785
25.401,0,-4.002377053773785,-3.002246474330498,1.2026312041343643,0.007146417087026966
25.401,1,-3.9970264181688773,3.005147468214495,1.199295716885361,0.004690443355393401
25.411,0,-4.002440060643164,-3.0022678631758843,1.2026504703473706,0.006748098613718901
25.411,1,-3.9970041953239654,3.005109734861096,1.1993106097243298,0.004575899163802312
25.421,0,-4.002500250733238,-3.002288579612106,1.2026655226279466,0.006387258207668752
25.421,1,-3.9969850832478007,3.005070928353544,1.1993237647921706,0.0044848600556141585
25.43,0,-4.002557279249882,-3.0023087969829425,1.2026802504034932,0.006108096849760371
25.43,1,-3.9969692645770083,3.0050308964155326,1.1993352136550657,0.00443878072564055
25.44,0,-4.002610805807195,-3.0023286957151454,1.2026983644001576,0.005915005127468575
25.441,1,-3.9969569023666707,3.004989465895893,1.1993451337075403,0.004444671284429092
25.451,0,-4.002660505750537,-3.002348452095912,1.2027223730334087,0.005850120920771666
25.451,1,-3.996948139021823,3.004946433961928,1.1993536498248452,0.00450896278955683
25.461,0,-4.00270607551022,-3.0023682292244853,1.2027539478518272,0.0059537502799878175
25.461,1,-3.9969430963544337,3.0049015630377616,1.1993608482060403,0.004637079066197809
25.471,0,-4.002747238296607,-3.0023881707493807,1.2027937599609304,0.006146804365527045
25.471,1,-3.996941875356103,3.0048545795796775,1.1993666335757784,0.004826901988676606
25.482,0,-4.002783760776983,-3.002408397505607,1.2028393245665716,0.0061882852208665785
25.482,1,-3.9969445526697736,3.0048051804412275,1.1993698837877327,0.005080147009998609
25.491,0,-4.002815456255956,-3.0024290115896966,1.2028877393676192,0.006091063964159538
25.491,1,-3.9969511821945845,3.0047530479125815,1.1993694191600224,0.005416449027357906
25.502,0,-4.002842193129438,-3.0024501027618955,1.2029369966590957,0.0058951735068696835
25.502,1,-3.9969617946730693,3.004697868023321,1.199364455478396,0.0058420044615927775
25.512,0,-4.002863904586095,-3.002471753110693,1.2029857189235806,0.005639772546230739
25.512,1,-3.9969763962558162,3.004639345165935,1.1993544823028748,0.006350987983598784
25.521,0,-4.002880592024502,-3.0024940405190366,1.2030332422350982,0.005427866968387361
25.521,1,-3.9969949690643034,3.0045772115250466,1.1993394066288885,0.006915661742477755
25.532,0,-4.002892319469523,-3.0025170405689066,1.203080493927453,0.005373994126844109
25.532,1,-3.997017471458752,3.0045112299076226,1.1993200328529838,0.007500340820320342
25.541,0,-4.002899212838377,-3.0025408230293804,1.2031285265624836,0.005448861023449507
25.541,1,-3.9970438281089797,3.0044411958178583,1.1992971188464914,0.008093743514841194
25.551,0,-4.002901451679062,-3.0025654481669575,1.2031780596396293,0.00562343269999768
25.551,1,-3.9970739241319984,3.0043669351890263,1.1992712015159672,0.00869011469578463
25.561,0,-4.0028992588671555,-3.0025909645172923,1.2032295801440989,0.005871411722296225
25.561,1,-3.9971076031665462,3.004288301457597,1.1992426637065385,0.009285626456471886
25.571,0,-4.002892891594563,-3.0026174075788585,1.2032834133000634,0.006170194498671346
25.571,1,-3.997144667704039,3.004205172983123,1.1992117809338556,0.009877226653494112
25.581,0,-4.002882636612975,-3.0026447984043756,1.2033389294781511,0.006320881135152863
25.582,1,-3.9971848816900497,3.0041174501576986,1.199178915633347,0.010448416842574243
25.591,0,-4.002868806907631,-3.002673142339415,1.203393407879626,0.006249596344313647
25.591,1,-3.9972279779729223,3.0040250558764323,1.1991449248835153,0.010986566190726136
25.601,0,-4.00285172529253,-3.0027024317825632,1.2034446331626687,0.006043863779726415
25.601,1,-3.9972736699874183,3.0039279499449405,1.1991105323818985,0.011497312546833378
25.609,1,-3.997321665319804,3.003826140259711,1.1990762345303758,0.011983370952242106
25.612,0,-4.002831719159635,-3.0027326469437,1.2034911181152248,0.005768881381350015
25.621,1,-3.9973716765360137,3.003719688509244,1.1990423687781901,0.012445192180304371
25.621,0,-4.00280911745035,-3.0027637564307703,1.2035318799923231,0.005473238433155311
25.631,0,-4.002784246469486,-3.002795718644568,1.20356682646718,0.0052749144569288545
25.631,1,-3.9974234290973185,3.003608712205624,1.199009190694365,0.012879028589437418
25.641,0,-4.002757422497348,-3.002828485575127,1.2035973977364254,0.005195856387522317
25.641,1,-3.9974766664077,3.0034933827269175,1.1989771418789599,0.01327671044621568
25.651,0,-4.002728944013083,-3.002862008120941,1.2036248357145838,0.005183284944113936
25.651,1,-3.9975311490240633,3.0033739206370034,1.1989466591351172,0.013640162063093764
25.661,0,-4.002699081221994,-3.002896242204729,1.2036499982739637,0.005205787358169934
25.661,1,-3.997586651784789,3.0032505880799976,1.1989180300963573,0.013970399025780431
25.671,0,-4.002668068589884,-3.002931153183434,1.2036734756449257,0.0052459649142896385
25.672,1,-3.997642961800006,3.0031236808359543,1.198891438194165,0.014267370045365269
25.681,0,-4.002636100553343,-3.002966718581005,1.2036956159674026,0.005287955983798233
25.681,1,-3.997699877127929,3.0029935202737352,1.198867306636417,0.01451758519247672
25.691,0,-4.002603332327585,-3.0030029288089977,1.2037163728318618,0.005320937051593048
25.691,1,-3.997757204543329,3.002860445484677,1.198847056990929,0.014718236799426975
25.701,0,-4.002569889016598,-3.0030397855304805,1.2037356370721721,0.005349565420320732
25.701,1,-3.997814753635146,3.002724813549534,1.198831881769101,0.014885494720523236
25.711,0,-4.002535876477498,-3.0030772991270456,1.2037533449187519,0.0053769843262625495
25.711,1,-3.997872332432766,3.0025869961548333,1.1988225552060774,0.015029591292322512
25.721,0,-4.002501389597396,-3.003115486494065,1.2037694636632061,0.005405026190273922
25.721,1,-3.9979297448722897,3.0024473752800596,1.198819563787565,0.015156305344283335
25.731,0,-4.002466518270865,-3.003154369227129,1.2037839823907215,0.005434690893037281
25.731,1,-3.997986789491601,3.0023063393015805,1.1988231919774694,0.015268428017050285
25.741,0,-4.002431351579969,-3.0031939722239875,1.2037971203488842,0.0054782010096062275
25.741,1,-3.998043259447855,3.002164279830181,1.1988332284024166,0.015359585335030387
25.752,0,-4.002395981802721,-3.0032343213990598,1.203809619802456,0.005536385031867438
25.752,1,-3.9980989460186063,3.002021590269314,1.1988485241810636,0.015416175098034664
25.762,0,-4.002360509586324,-3.003275438856962,1.2038220866772562,0.005601124577107314
25.762,1,-3.998153645557277,3.001878666160404,1.198868103923619,0.01543241596072935
25.771,0,-4.002325047611425,-3.0033173391367405,1.2038349357702756,0.0056675209343377475
25.771,1,-3.9982071661078065,3.0017359069301413,1.1988912709933062,0.015406221805058545
25.781,0,-4.002289722483737,-3.0033600268454337,1.2038484493971877,0.0057321428115164625
25.781,1,-3.998259332106938,3.001593716432896,1.1989175199493676,0.015337291124743559
25.791,0,-4.002254675035284,-3.003403494835109,1.2038621741168987,0.005754417195657982
25.791,1,-3.9983099874794084,3.001452502324907,1.1989464897964464,0.015226855144475781
25.801,1,-3.998358998186688,3.00131267317528,1.1989779614342404,0.015077304936920567
25.802,0,-4.002220057127263,-3.0034477245625166,1.203874053139712,0.005726100531016175
25.811,0,-4.002186025148224,-3.0034926920450307,1.2038824174428924,0.00568335230479881
25.811,1,-3.998406255913875,3.001174630947404,1.1990117761250865,0.01489083441623737
25.821,0,-4.002152733792862,-3.003538372084585,1.2038861575666557,0.005657624856729216
25.821,1,-3.9984516809829724,3.0010387630628284,1.1990477986210015,0.014670310352299785
25.831,0,-4.002120331377114,-3.0035847410507626,1.20388455091172,0.005672062478995033
25.831,1,-3.998495223561453,3.0009054363878978,1.1990859139944672,0.014419248465463146
25.842,0,-4.00208895699658,-3.00363177912284,1.2038776165352099,0.005720178254164623
25.842,1,-3.998536863255816,3.0007749933627634,1.1991262060903054,0.014155388145318427
25.851,0,-4.002058741184268,-3.0036794713979873,1.2038671466466435,0.005757998108469481
25.851,1,-3.998576606152593,3.0006477477412306,1.1991693877871519,0.0138981246146073
25.861,0,-4.0020298073710885,-3.003727804449128,1.2038547716804262,0.005772060340442527
25.861,1,-3.998614481028827,3.0005239722544395,1.1992160689234428,0.013650154517117784
25.872,0,-4.002002275012776,-3.0037767638546895,1.2038416205898965,0.005763607918897992
25.872,1,-3.9986505341175542,3.0004038891949425,1.199266634166647,0.013415818228514684
25.882,0,-4.001976262105145,-3.0038263327428534,1.2038284657070462,0.00573796406937759
25.882,1,-3.998684824340704,3.000287665412153,1.1993213158871887,0.013199734324497276
25.891,0,-4.001951886759663,-3.003876490875032,1.2038158339751746,0.005700809156583506
25.891,1,-3.9987174194951574,3.0001754102328477,1.199380237650067,0.01300626922669364
25.901,0,-4.00192926762996,-3.0039272139893005,1.2038038663853505,0.005673397982809592
25.901,1,-3.9987483933017756,3.0000671753825805,1.1994433494528463,0.012820899294562114
25.911,1,-3.9987778242779948,2.9999629531309915,1.1995096015777358,0.012587378731075806
25.912,0,-4.0019085196694935,-3.003978471043686,1.203790583090672,0.005709832753114872
25.921,0,-4.001889751236618,-3.00403021779667,1.2037735408619827,0.005820789227703947
25.921,1,-3.9988057928069853,2.9998626805770594,1.1995777259274385,0.012317649128983475
25.931,0,-4.001873059552187,-3.0040823886182224,1.203751091350184,0.00601928556321558
25.931,1,-3.998832379070823,2.99976624384157,1.1996468361243087,0.012026772072088038
25.941,0,-4.001858525532844,-3.0041348907023044,1.2037221460431928,0.006310369551809471
25.941,1,-3.99885766227902,2.999673480856101,1.1997163136338824,0.011727578753234111
25.951,0,-4.0018462116501565,-3.004187601420518,1.203686504036612,0.006610788191347714
25.951,1,-3.9988817196321507,2.999584186347538,1.1997859875222643,0.011471517124282533
25.961,1,-3.9989046250337252,2.9994981197087958,1.1998566850271546,0.011301456697791637
25.962,0,-4.001836162960646,-3.0042403701186795,1.2036459161518538,0.00682145233055964
25.971,0,-4.0018284021158195,-3.004293025977767,1.203602012846651,0.006954166571158831
25.971,1,-3.9989264498372403,2.9994150106338386,1.1999291726009869,0.01120392442732867
25.981,0,-4.00182292889234,-3.0043453874404342,1.203555917702572,0.007025713284825623
25.981,1,-3.998947262566021,2.9993345678828063,1.2000039607369883,0.01116850089480119
25.991,0,-4.001819721491604,-3.0043972697241395,1.2035084055059468,0.0070506476930260855
25.991,1,-3.9989671284357597,2.999256487324972,1.200081383377852,0.011186522926925626
26.002,0,-4.0018187390894715,-3.004448490185202,1.203460458286437,0.006959110483626526
26.002,1,-3.9989861093324475,2.999180457776302,1.2001612577211986,0.011157422738343378
26.011,0,-4.00181992384851,-3.0044988697505755,1.2034143936823674,0.00670048231268663
26.011,1,-3.9990042639213677,2.9991061649679787,1.2002407446063423,0.010897008044641663
26.022,0,-4.001823192374222,-3.0045482313557414,1.2033721412833336,0.006335975855086265
26.022,1,-3.9990216394074483,2.9990333098046533,1.2003168294181845,0.010478028961680654
26.031,0,-4.001828431105254,-3.0045963972900642,1.2033349875736172,0.005913726805948624
26.031,1,-3.999038264216691,2.9989616225344307,1.200387484453172,0.00996707095459743
26.041,0,-4.001835495093002,-3.004643187487916,1.2033037717530075,0.0054712577624055556
26.042,1,-3.999054144352168,2.998890870106714,1.2004513687593408,0.009414810975007043
26.051,0,-4.00184420850275,-3.004688418833979,1.2032790251743806,0.005038665075328781
26.052,1,-3.999069261612523,2.9988208605704605,1.2005076141668707,0.008859602631308673
26.061,0,-4.001854366419515,-3.004731905072057,1.2032611548121657,0.004634312887515927
26.061,1,-3.9990835731806063,2.9987514452546433,1.2005558207433293,0.008351236152006147
26.072,0,-4.001865738278256,-3.0047734578459044,1.2032507240740797,0.0042888231709744444
26.072,1,-3.9990970161006123,2.998682518354149,1.2005962868947577,0.007918013800096955
26.082,0,-4.001878072460931,-3.0048128909644594,1.2032481444406204,0.004048218687446054
26.082,1,-3.9991095216796295,2.9986140129697256,1.2006293821885101,0.007554075207737935
26.091,1,-3.9991210292989203,2.9985458965884715,1.200655407740487,0.00725511679275204
26.092,0,-4.0018911016758265,-3.0048500242925287,1.2032536480281713,0.003949309111719041
26.101,0,-4.001904547939189,-3.004884686620194,1.2032673426746987,0.0040107983332167
26.101,1,-3.999131495997209,2.9984781667857265,1.2006746188243493,0.00701836099622732
26.111,1,-3.9991409025019586,2.9984108471658946,1.2006873270963319,0.006845020225122806
26.112,0,-4.001918126971194,-3.0049167197873135,1.2032885324230658,0.00410477376322212
26.121,0,-4.001931552390382,-3.0049459898182085,1.2033131092434513,0.003973338548554328
26.121,1,-3.999149254295975,2.9983439855343974,1.200694430013243,0.006727710550845802
26.131,0,-4.001944538283882,-3.004972385830118,1.203337184654976,0.0036335436973655467
26.131,1,-3.9991565755849705,2.998277657659296,1.2006968380187866,0.006641726547512599
26.141,0,-4.001956799328906,-3.004995824535433,1.2033581246524117,0.003143831124393211
26.141,1,-3.9991629004510263,2.9982119720889537,1.200695198245246,0.006570674923795025
26.151,0,-4.001968051245359,-3.005016255624292,1.2033741574328598,0.002568107165807943
26.151,1,-3.999168265755501,2.9981470725365655,1.2006899761050616,0.006503576617659837
26.161,0,-4.001978011827432,-3.0050336644772213,1.2033841086343227,0.0019818244307291274
26.161,1,-3.9991727060025504,2.998083138086807,1.200681513725451,0.006432738921330288
26.171,0,-4.001986402295954,-3.0050480729686764,1.2033871989884994,0.0015124534232814457
26.171,1,-3.999176249657226,2.998020381735243,1.2006701380645748,0.0063480478098598934
26.181,0,-4.001992949362922,-3.0050595366886816,1.2033828368793547,0.0014019264792868055
26.181,1,-3.999178915209696,2.9979590468956294,1.20065658903443,0.0062326379709180865
26.191,0,-4.001997388637921,-3.00506813256578,1.2033706379971845,0.0017743265042272623
26.191,1,-3.999180705143481,2.9978993975054395,1.2006415936478028,0.006083399112421791
26.201,0,-4.001999468294617,-3.005073944679912,1.2033504010852627,0.0024337941807510773
26.201,1,-3.9991815999092126,2.997841706854915,1.2006256639010182,0.005901096193430405
26.211,0,-4.001998951856442,-3.0050770537756786,1.203322048079473,0.0032112269422737557
26.211,1,-3.9991815541776656,2.9977862488619667,1.2006091608212224,0.00568794573740218
26.221,1,-3.9991804954684906,2.99773329086388,1.2005921562236008,0.005462662015551491
26.222,0,-4.0019956184396985,-3.0050775282713635,1.2032861969404223,0.0038763162342460044
26.231,0,-4.00198926389461,-3.0050754152089545,1.2032455663732562,0.004287029255437808
26.231,1,-3.9991783259248352,2.9976830867676036,1.200574026638939,0.005245992255352904
26.241,0,-4.001979722366398,-3.0050707424719096,1.2032025397466681,0.004533536014020617
26.241,1,-3.999174926392267,2.9976358737561966,1.2005542126898385,0.0050416623696473645
26.252,0,-4.001966881351884,-3.005063516948887,1.2031587580614878,0.004681421044195585
26.252,1,-3.9991701616744204,2.9975918688918903,1.2005323531225889,0.004856140304322928
26.262,0,-4.001950689360403,-3.00505372270906,1.2031153503596124,0.0047772043140820826
26.262,1,-3.999163885280167,2.9975512665393222,1.2005082229026116,0.004697245480913244
26.271,0,-4.001931160010029,-3.005041321534659,1.2030728146725884,0.004922056910075391
26.271,1,-3.999155942877693,2.997514238155636,1.2004820253466917,0.004514609740546467
26.281,0,-4.00190837046162,-3.0050262575854845,1.2030301228825266,0.005206104524490514
26.281,1,-3.9991461755178035,2.997480937850362,1.2004555929396217,0.004225796590007829
26.291,0,-4.0018824365168015,-3.005008459191477,1.2029861749937922,0.005577600790678945
26.291,1,-3.9991344333179857,2.997451501571279,1.2004306852623674,0.003865668849297592
26.302,0,-4.001853489406108,-3.0049878437044715,1.2029402422617983,0.006002285789603829
26.302,1,-3.9991205872028726,2.9974260508696897,1.2004084952045833,0.0034741424175210103
26.311,0,-4.0018216600763825,-3.0049643226872442,1.2028918514452276,0.006459242591794005
26.311,1,-3.999104535960964,2.9974046976468744,1.2003898229514454,0.0030935805856118887
26.321,0,-4.001787067961816,-3.0049378060377157,1.2028407050442107,0.006935585455640654
26.321,1,-3.9990862104412246,2.997387547489976,1.200375195479061,0.0027714373281803283
26.331,0,-4.001749812320156,-3.00490820378674,1.2027870380871644,0.007342665588559004
26.331,1,-3.999065576199545,2.997374700665643,1.2003646752407071,0.002587505202498596
26.341,0,-4.001709966852319,-3.0048754232146955,1.2027325511661258,0.007622483955064472
26.341,1,-3.999042636115365,2.997366248126839,1.2003569058807633,0.0025778799155288705
26.351,0,-4.001667587512543,-3.0048393695691136,1.2026787498427793,0.007829586296914662
26.351,1,-3.9990174257192015,2.997362275377375,1.2003505337293467,0.0026970858346284663
26.361,0,-4.001622717690363,-3.004799942511977,1.2026266600835172,0.008002790143931768
26.361,1,-3.9989900098731783,2.997362861722639,1.2003446286398383,0.0029111378493178767
26.372,0,-4.0015753914426915,-3.0047570330322713,1.202576975660898,0.00816938636347484
26.372,1,-3.9989604802203056,2.9973680778249774,1.2003385562550746,0.0031940612600299136
26.382,0,-4.001525637895857,-3.0047105246835666,1.2025295099717785,0.008442407837450962
26.382,1,-3.9989289521651474,2.99737798413815,1.2003319312411136,0.0035237167126225067
26.391,0,-4.001473489838965,-3.0046603062073625,1.2024817357125865,0.008883174372183807
26.391,1,-3.9988955608393577,2.9973926276361795,1.200324657293723,0.00388314530819404
26.401,1,-3.99886045592741,2.9974120322843856,1.2003167165466533,0.004261581858548625
26.401,0,-4.00141898686378,-3.004606283209518,1.2024314091357586,0.009430385861323592
26.411,1,-3.9988237963438,2.9974361910707543,1.2003081102368405,0.004650382068891183
26.412,0,-4.001362183054896,-3.004548396464638,1.2023770231531279,0.01004722652795938
26.421,1,-3.998785745787536,2.997465061416218,1.2002988518535973,0.005042360335358461
26.421,0,-4.001303153215212,-3.0044866358036737,1.2023175793073813,0.01070847071524365
26.431,0,-4.001241996108166,-3.0044210475631377,1.2022525644355888,0.011373865115473395
26.431,1,-3.9987464693878847,2.997498562357804,1.2002888018092577,0.005439485984484101
26.442,0,-4.001178834376993,-3.0043517317497943,1.2021821606573888,0.012010723517955556
26.442,1,-3.998706131541692,2.997536573595446,1.2002772790771445,0.005843912319881031
26.451,1,-3.9986648937419065,2.9975789427161663,1.2002636977249872,0.0062491638593618875
26.452,0,-4.001113812793571,-3.004278828340263,1.2021066452403342,0.012618302889357143
26.461,0,-4.001047094508923,-3.0042025003635904,1.2020262446896695,0.013197063439639813
26.461,1,-3.9986229136826514,2.9976254905897446,1.2002476717642803,0.006650313330829562
26.471,1,-3.998580344640881,2.9976760156366096,1.2002289535875716,0.007043204601444439
26.472,0,-4.000978857326969,-3.0041229205408673,1.201941152311109,0.01374709745408324
26.481,0,-4.000909290342794,-3.004040261418031,1.2018515417862223,0.01426918909596166
26.481,1,-3.9985373348809437,2.997730297881042,1.2002073913466207,0.007424320288835731
26.491,0,-4.00083859038091,-3.003954686980511,1.2017580303145454,0.01467731191053268
26.491,1,-3.998494027127355,2.9977881025966093,1.2001828342820628,0.007797077394951995
26.501,0,-4.0007669589898285,-3.003866348148799,1.2016633819758364,0.014866337823737752
26.501,1,-3.998450558201494,2.9978491857740788,1.2001548788483538,0.0081690809120263
26.511,0,-4.000694607604622,-3.0037754054788617,1.2015701934735592,0.014902273661426766
26.512,1,-3.9984070587984437,2.997913308239525,1.2001231775620467,0.008538147557655426
26.521,0,-4.000621760282407,-3.003682047952676,1.2014802334085004,0.01483397756377916
26.521,1,-3.998363653511305,2.9979802486422233,1.2000875218170055,0.0089028631535495
26.531,0,-4.000548653942385,-3.003586503065401,1.201394695771369,0.014694646637056882
26.531,1,-3.998320460865342,2.9980498120387673,1.2000478004613715,0.009262931553431558
26.541,0,-4.000475537605103,-3.0034890430658323,1.2013139135784277,0.014578190267466531
26.541,1,-3.9982775935416397,2.9981218365595015,1.200004497723802,0.00954591712603132
26.551,0,-4.000402668987344,-3.0033899870460625,1.2012357913508462,0.014573600834104472
26.551,1,-3.998235160514984,2.9981961992251165,1.1999606314145217,0.00966045233925579
26.561,1,-3.998193270765872,2.9982728035960076,1.1999190629040908,0.009667411304370889
26.561,0,-4.000330306831874,-3.0032896863550915,1.2011581989670725,0.014628415682230885
26.571,0,-4.00025870392951,-3.0031885124196527,1.2010796855146344,0.014710701675514951
26.572,1,-3.998152037197369,2.998351571183981,1.1998817225836442,0.009620788934254977
26.582,0,-4.000188101898914,-3.00308684808304,1.2009992710531778,0.014801529540961506
26.582,1,-3.9981115793503914,2.998432436691322,1.1998498920944742,0.009561347970156717
26.591,0,-4.0001187278947965,-3.0029850803289473,1.2009167093665916,0.01482246124367856
26.591,1,-3.9980720249910187,2.9985153442576413,1.199824474502703,0.009512901920852605
26.602,0,-4.000050794626138,-3.0028835965602645,1.2008338846064919,0.014680157293834492
26.602,1,-3.9980335127676967,2.998600243051148,1.199806385690378,0.009494525344892672
26.611,0,-3.9999844978001007,-3.0027827863802967,1.2007527063483223,0.014413568567198857
26.611,1,-3.9979961982900365,2.9986870775196035,1.1997963068623119,0.009527895605914088
26.621,0,-3.9999200154041796,-3.0026830428107947,1.2006744745391151,0.01405359473760133
26.621,1,-3.9979602599026265,2.9987757786401428,1.1997946512782451,0.00962381768156909
26.633,0,-3.999857508169701,-3.002584762205191,1.2006000650659825,0.013622243511118308
26.633,1,-3.9979259017297495,2.998866258401826,1.199801644466986,0.009784568596076874
26.641,0,-3.9997971201436058,-3.002488343372724,1.2005300606586207,0.013134884822934177
26.641,1,-3.9978933544201487,2.998958406706527,1.1998173869128423,0.010006806250427101
26.651,0,-3.9997389790040936,-3.0023941857338095,1.2004647210606647,0.012619926856835852
26.651,1,-3.9978628728096397,2.9990520892586336,1.1998412801997553,0.01024001643798021
26.662,0,-3.999683194048951,-3.002302681903816,1.2004036019831414,0.01210529980848665
26.662,1,-3.997834726893979,2.9991471499824947,1.1998706096625142,0.010410924710339761
26.671,0,-3.999629852525642,-3.0022142014709123,1.2003461987557016,0.011583835544846047
26.671,1,-3.997809193979565,2.9992434291799777,1.1999029975179862,0.010517698907209461
26.681,0,-3.9995790150762764,-3.002129073924416,1.2002921465029224,0.011053412466711696
26.681,1,-3.9977865477667462,2.9993407775864473,1.199936804938686,0.01057247931603672
26.691,0,-3.9995307128416884,-3.0020475768388173,1.2002411750905406,0.01051484507226859
26.691,1,-3.9977670491708834,2.9994390652993927,1.199970900139554,0.010590828405193747
26.701,0,-3.9994849449517735,-3.0019699265829947,1.2001924891175946,0.010046711213210251
26.701,1,-3.9977509422088056,2.9995381880580267,1.2000052070936762,0.010647331555689702
26.712,0,-3.9994416760823523,-3.0018962702769336,1.2001433454453125,0.009719011010805854
26.712,1,-3.997738456368112,2.9996380669869205,1.2000422516861164,0.010806063224351268
26.721,0,-3.99940084603539,-3.001826697643912,1.200091385285189,0.009514978250057027
26.721,1,-3.9977297958860945,2.9997386324464235,1.200084316515095,0.011057414192665687
26.731,0,-3.999362374847758,-3.0017612477972575,1.200035007948056,0.009429573438941942
26.731,1,-3.99772513739907,2.9998398098101715,1.2001329308831574,0.011396234035990398
26.741,0,-3.9993261660000488,-3.0016999138684652,1.199973140447224,0.00945951430676166
26.741,1,-3.9977246308023644,2.9999415101329827,1.2001891045331576,0.011815609716337412
26.751,0,-3.999292109935964,-3.0016426489685295,1.1999054039196324,0.009527225102165719
26.751,1,-3.9977283984955134,3.0000436240409667,1.2002530807857519,0.012239858862970862
26.761,0,-3.9992600868554957,-3.0015893763914354,1.1998332172059496,0.00951718433985353
26.761,1,-3.99773652825347,3.000146020248818,1.2003229499039896,0.012560341189360823
26.771,0,-3.999229957617293,-3.001539990219726,1.1997580736190117,0.009450489899279341
26.771,1,-3.997749077655374,3.0002485538287424,1.200396768173165,0.012798442243794035
26.781,0,-3.99920155719138,-3.0014943609613143,1.1996810142068635,0.009346889109324961
26.781,1,-3.997766072544811,3.000351074901121,1.200473190186443,0.012975774743985933
26.791,0,-3.9991746922559006,-3.0014523426522044,1.1996027678794887,0.00922212755003708
26.791,1,-3.997787504193741,3.0004534349314618,1.2005512846904696,0.013110281314684342
26.801,0,-3.9991491408951605,-3.0014137786378305,1.1995238445391119,0.009087901037822636
26.801,1,-3.997813328479017,3.0005554913831243,1.2006304102761243,0.013215147214445905
26.811,0,-3.999124653671461,-3.001378505478412,1.1994443764771634,0.009011204829051874
26.811,1,-3.9978434631451822,3.0006571112361007,1.2007093650517562,0.013189492093655003
26.822,0,-3.9991009573915517,-3.0013463532493176,1.1993633405544,0.009072695168920605
26.822,1,-3.997877785297775,3.000758172375157,1.200785267184924,0.01300452057137547
26.831,1,-3.9979161447485825,3.0008585602951134,1.2008558364763318,0.012728982245999679
26.831,0,-3.999077766522192,-3.0013171491724013,1.199279717584289,0.00923912167205721
26.842,0,-3.999054793887059,-3.0012907176515085,1.1991928343736438,0.009483672840916472
26.842,1,-3.997958367945194,3.000958165084317,1.2009195512279316,0.012413908966550122
26.851,0,-3.999031758665356,-3.0012668795764017,1.1991022572669061,0.009785669848645224
26.851,1,-3.9980042602385475,3.0010568794846124,1.2009754135370447,0.012096029020551109
26.861,0,-3.9990083924315796,-3.0012454522407475,1.1990076912036702,0.010136625883588383
26.861,1,-3.998053609942338,3.0011545972972082,1.201023187572647,0.011844807630940691
26.871,0,-3.9989844444572427,-3.0012262488423085,1.1989088330923583,0.010533483674687392
26.871,1,-3.998106196395789,3.0012512120455064,1.2010647665082308,0.011704177374009887
26.881,0,-3.998959687775768,-3.001209076897549,1.1988054685911347,0.01096161504130197
26.881,1,-3.998161787015627,3.0013466219335037,1.2011020904896577,0.011624684011718896
26.891,0,-3.9989339241944752,-3.0011937365871915,1.1986974833453803,0.011410758838363221
26.891,1,-3.9982201402364685,3.001440734199483,1.2011365108205587,0.01157692300683779
26.901,0,-3.9989069873670746,-3.001180020085815,1.198584826666166,0.011873267321424739
26.901,1,-3.9982810104637254,3.0015334675876666,1.201168968683129,0.011544121908829252
26.911,0,-3.9988787443218916,-3.0011677117088644,1.198467498526071,0.012341807040868246
26.911,1,-3.998344151962431,3.001624753883058,1.2012001273606838,0.01151675098233017
26.921,0,-3.9988490952778584,-3.0011565890329126,1.1983457782636004,0.012735908442567454
26.921,1,-3.9984093215241607,3.0017145390116884,1.2012302399908934,0.011470603744253313
26.931,0,-3.998817970116003,-3.0011464263640932,1.1982215432634273,0.012911249914083895
26.931,1,-3.998476279296625,3.0018027844240396,1.2012579995822537,0.011373260491673419
26.941,0,-3.9987853265805593,-3.0011369983387577,1.198096759361543,0.012931509419320529
26.941,1,-3.9985447959706386,3.0018894622410035,1.2012819382280147,0.011248458686193178
26.951,0,-3.99875114662702,-3.001128085814175,1.1979727684033028,0.012848124063382553
26.951,1,-3.9986146575695156,3.001974550723916,1.2013010842991414,0.011116338393557964
26.961,0,-3.9987154320082143,-3.0011194812136077,1.1978504749823897,0.012696789376500109
26.962,1,-3.998685667408764,3.0020580317839394,1.2013148129432407,0.010991514299085828
26.971,0,-3.9986782007829094,-3.001110992253896,1.1977303299700208,0.01255531270307084
26.972,1,-3.998757647389743,3.002139888982187,1.2013228737615544,0.010886257229109937
26.981,1,-3.9988304404707935,3.002220104498158,1.2013264391266834,0.010801019591285065
26.982,0,-3.9986394867337998,-3.001102443442699,1.1976111640010703,0.012584959238756495
26.992,0,-3.998599337906086,-3.0010936720586416,1.1974913868656125,0.012742777022144247
26.992,1,-3.9989039144979683,3.0022986600069976,1.2013270405477636,0.010720265074074418
27.002,0,-3.9985578166131868,-3.0010845215296187,1.1973699007404992,0.012986648920151042
27.002,1,-3.9989779673368195,3.002375537590951,1.2013257495345797,0.01063798533768332
27.011,0,-3.9985150001849785,-3.0010748365660165,1.1972459610971549,0.013287653060054532
27.011,1,-3.9990525305064146,3.002450719349584,1.2013233089103708,0.01055335030115653
27.02,0,-3.998470980308264,-3.0010644598872775,1.1971195200980025,0.013500901708374475
27.02,1,-3.9991275706024623,3.002524187021242,1.2013203466295272,0.010466557080576653
27.032,0,-3.9984258605996064,-3.0010532346489596,1.19699281153967,0.01346286840141594
27.032,1,-3.999203088547469,3.002595921313656,1.2013184069660807,0.010378436809027157
27.041,0,-3.9983797590123777,-3.0010410256467606,1.196868018037137,0.01325491709714757
27.041,1,-3.9992791119887046,3.002665908542229,1.2013191344473322,0.010300377208667881
27.051,0,-3.998332807479185,-3.0010277410572326,1.1967465888192057,0.012936227515113414
27.051,1,-3.9993556854082115,3.0027341482256293,1.2013236415575066,0.010244814982930775
27.061,0,-3.998285150066137,-3.0010133463464834,1.1966294599210168,0.012548146797453155
27.061,1,-3.9994328624500812,3.0028006572684447,1.2013326642393882,0.010221551605116506
27.071,0,-3.998236940938613,-3.0009978719780563,1.1965172144615848,0.012117546998297963
27.071,1,-3.999510700015834,3.0028654722747916,1.2013466758817073,0.010236980937853215
27.08,0,-3.998188342313878,-3.000981416423574,1.1964101619684524,0.01167252775222574
27.08,1,-3.9995892531776116,3.002928651339755,1.2013653041297065,0.010258442727886183
27.091,0,-3.9981395237974255,-3.0009641427699227,1.196308207238987,0.0112438410387364
27.092,1,-3.999668568198532,3.0029902735180514,1.2013858112329743,0.010239889829367103
27.102,0,-3.9980906656798254,-3.000946261602296,1.1962111307881709,0.010827886257379953
27.102,1,-3.99974867542951,3.0030504256056147,1.201405781949523,0.010191328572579532
27.112,0,-3.9980419630044413,-3.0009280105830687,1.1961187312659656,0.01042073665765792
27.112,1,-3.9998295818610132,3.0031091927795903,1.2014235791343375,0.01012831786475041
27.121,0,-3.997993627686626,-3.0009096382956644,1.1960308148336427,0.010019443723857248
27.121,1,-3.9999112661864764,3.0031666528251297,1.2014381027611691,0.010064113168066881
27.131,0,-3.9979458891443405,-3.000891391847068,1.1959476982333883,0.009507888050834358
27.131,1,-3.999993676490839,3.003222872219872,1.2014486265814721,0.010007716001867215
27.141,0,-3.997898993457922,-3.0008735055525477,1.1958713857411807,0.008806390828669125
27.141,1,-4.0000767331356295,3.0032779039793285,1.2014546861378355,0.009964596931597533
27.152,0,-3.9978531972982303,-3.0008561859107137,1.1958035949519084,0.007987649793226376
27.152,1,-4.000160339945248,3.003331787264606,1.2014559973518677,0.009937987478060283
27.161,0,-3.997808761858969,-3.000839598725168,1.1957454295547207,0.007107549011951609
27.161,1,-4.000244395712249,3.0033845478115277,1.2014524003872653,0.009929604452627696
27.171,0,-3.9977659480965158,-3.0008238611051317,1.1956975584173075,0.00621198466507665
27.171,1,-4.000328802699552,3.0034361987008804,1.2014438230071651,0.009940141638919767
27.181,0,-3.9977250117046204,-3.0008090370416136,1.195659819058019,0.005440041321804926
27.182,1,-4.00041347242009,3.003486741553599,1.2014301422311842,0.009973940518217974
27.191,0,-3.9976861939004276,-3.0007951366781813,1.195629341990338,0.004898910234713888
27.191,1,-4.00049832596961,3.0035361688030773,1.2014110067532449,0.010036731241965618
27.201,0,-3.997649717973391,-3.0007821275737667,1.1956033007972644,0.004492220875238777
27.201,1,-4.000583287219365,3.0035844669092557,1.2013861600738127,0.010129459252386341
27.211,0,-3.9976157838659967,-3.0007699460131594,1.1955797288999874,0.004166173180706358
27.211,1,-4.000668275906648,3.003631619617159,1.2013554609319772,0.010250951821017547
27.222,0,-3.9975845632019085,-3.000758505468624,1.1955572587705086,0.0038954499667119623
27.222,1,-4.000753203017383,3.0036776104797616,1.2013188447677619,0.010398792247499395
27.232,0,-3.997556196383971,-3.0007477034184533,1.1955349417141607,0.0036702451324984006
27.232,1,-4.000837967997692,3.0037224246961554,1.2012762975641162,0.010569958439889289
27.241,0,-3.997530790639775,-3.000737426624358,1.1955119454429681,0.0035237825795267764
27.241,1,-4.0009224573087865,3.003766050364775,1.2012278850514817,0.010753085642186378
27.251,1,-4.001006544758302,3.003808479750258,1.2011741263802493,0.010918549866196866
27.251,0,-3.997508417211339,-3.000727553613861,1.1954868290572076,0.0035152072899425936
27.261,0,-3.997489112628864,-3.0007179530377517,1.195458345876844,0.003643765713661153
27.261,1,-4.001090096539467,3.0038497144645513,1.2011156481121577,0.011066263112574611
27.271,0,-3.997472879047441,-3.000708480864336,1.1954256483028622,0.0038979849949847736
27.272,1,-4.001172978038121,3.0038897712476733,1.2010529101827987,0.011199489907449716
27.281,0,-3.997459684892583,-3.000698979011685,1.195388167661883,0.004256674739176471
27.281,1,-4.00125505903578,3.003928685426567,1.200986259441866,0.011321281583732936
27.292,0,-3.9974494695417047,-3.0006892750130962,1.1953465973098565,0.004395242233413908
27.292,1,-4.0013362172588165,3.003966512451524,1.200916122586004,0.011405276420619824
27.301,0,-3.9974421518524483,-3.000679184551593,1.1953067678990599,0.003916366238651361
27.301,1,-4.001416338498306,3.00400332735505,1.200843628644959,0.011413228022052451
27.312,0,-3.9974375981169876,-3.0006685271444358,1.1952742478619047,0.003030290217425645
27.312,1,-4.001495312437697,3.004039223712249,1.2007698214555171,0.011363496856447474
27.321,0,-3.997435602225761,-3.000657143440207,1.1952527745505492,0.001964757135777308
27.321,1,-4.00157302729796,3.0040743111195667,1.2006954356566766,0.011270673777735534
27.331,0,-3.9974358791928757,-3.0006449070262304,1.1952448148628043,0.0012778873282794018
27.331,1,-4.001649366020052,3.0041087123712744,1.2006209907930756,0.011145355189103688
27.342,0,-3.997438063319193,-3.000631732155397,1.1952515086945574,0.0019166097741564446
27.342,1,-4.001724203739872,3.0041425605297674,1.2005471503698029,0.010947237809154863
27.352,0,-3.997441716928646,-3.0006175758125164,1.1952723324711876,0.0030968426900347843
27.352,1,-4.001797409635895,3.004175993808554,1.200475175199968,0.010663375156106415
27.361,0,-3.9974463557594038,-3.000602431191148,1.1953066381911084,0.004340980494831545
27.361,1,-4.001868857390908,3.0042091472244885,1.2004060580239158,0.010321415386037031
27.371,0,-3.997451470769358,-3.0005863211969492,1.195353901358802,0.005572510059881589
27.371,1,-4.001938434014052,3.004242144737691,1.200340472918066,0.009941836843774114
27.381,0,-3.9974565446670742,-3.000569293135895,1.1954136819207724,0.006776080949801772
27.381,1,-4.002006045657769,3.004275093789849,1.2002788736589431,0.009539844601313758
27.392,0,-3.997461064646616,-3.0005514141843106,1.1954855898996073,0.007949215124536628
27.392,1,-4.002071621243248,3.004308081838681,1.2002215606101845,0.00912696718786754
27.402,0,-3.9974645329019323,-3.000532767728401,1.1955687770277241,0.008951317423035841
27.402,1,-4.002135114358773,3.0043411744728545,1.2001687139904877,0.008714326957875078
27.411,0,-3.9974664779896854,-3.000513449505132,1.1956601114292322,0.0096105834522402
27.411,1,-4.002196504271414,3.0043744142018722,1.2001203726858114,0.00831166524742936
27.421,0,-3.9974664601857435,-3.0004935570811457,1.19575666000011,0.0100305443992492
27.421,1,-4.002255796569977,3.004407818866843,1.2000765215312594,0.007922537331035736
27.431,0,-3.9974640753106976,-3.000473181516697,1.1958563844660326,0.01028455714351611
27.431,1,-4.002313023181371,3.0044413807057064,1.2000371285579234,0.007550038549818758
27.441,0,-3.99745895789333,-3.000452402164904,1.1959578513759372,0.010426700707582136
27.441,1,-4.002368241523494,3.004475066543495,1.2000021499589948,0.007196765537255247
27.452,0,-3.997450783068473,-3.0004312832750766,1.196060015387476,0.01048069708090813
27.452,1,-4.002421532911647,3.0045088189201494,1.1999715463910354,0.006863565629992451
27.462,0,-3.9974392692218244,-3.000409874206188,1.1961618242592338,0.010446238990823501
27.462,1,-4.002472999197161,3.004542560524619,1.199945330764532,0.00655147151465608
27.471,0,-3.9974241811267097,-3.000388217569947,1.1962624146240584,0.010356092937486239
27.471,1,-4.002522756068056,3.0045762060690917,1.1999235071983898,0.006264808148392873
27.481,0,-3.997405333074011,-3.0003663592443117,1.1963611852500096,0.010234023631015315
27.481,1,-4.002570926013979,3.0046096745986586,1.1999060560565404,0.006007403972477188
27.491,0,-3.997382590353548,-3.0003443554172833,1.1964577131537302,0.010096404150101351
27.491,1,-4.002617632882174,3.0046428983026816,1.199892937421837,0.005782920475517933
27.501,0,-3.997355866867577,-3.0003222767570814,1.1965521230373541,0.010050503901344605
27.502,1,-4.002662999187745,3.0046758284679473,1.199883070524139,0.00563098645758097
27.511,0,-3.997325118963686,-3.000300206826605,1.1966456395977727,0.010137029914191452
27.511,1,-4.002707146414951,3.004708436234264,1.199872913825479,0.0055519401816050825
27.521,0,-3.9972903434558593,-3.000278232742618,1.1967392740380278,0.010312829275270857
27.521,1,-4.0027501934098835,3.0047407052065442,1.1998596120999592,0.00554940562420098
27.531,0,-3.9972515707368683,-3.0002564358182,1.1968336999319005,0.010547886197604786
27.531,1,-4.002792259084579,3.0047726245686364,1.1998412445502158,0.005645528007347611
27.541,0,-3.997208858011817,-3.000234884966294,1.196929356166055,0.01082108174362882
27.541,1,-4.002833464670892,3.0048041842283855,1.1998165401666374,0.005855333545845938
27.551,0,-3.9971622835996063,-3.000213632405118,1.1970265203534527,0.01111797709446575
27.551,1,-4.002873934929441,3.0048353714459086,1.1997846764934061,0.006179527719167248
27.561,0,-3.9971119428793127,-3.0001927113312705,1.1971252013701825,0.011394905872756697
27.561,1,-4.0029137982607725,3.004866168481748,1.1997456942795741,0.0065192745512936195
27.571,0,-3.997057947433775,-3.0001721395122845,1.1972249564503317,0.011632643675734838
27.571,1,-4.002953185370768,3.0048965524984537,1.1997011696158848,0.006797273600293099
27.581,0,-3.9970004258935132,-3.000151931673072,1.1973253914429485,0.011841132847208106
27.581,1,-4.002992227105109,3.0049264995204283,1.1996524504587793,0.0070222388389927165
27.591,0,-3.9969395263004683,-3.0001321108462093,1.1974262165929683,0.01202653668277021
27.592,1,-4.003031051218279,3.0049559878408267,1.1996004719538085,0.007207148424075692
27.601,0,-3.996875417187658,-3.000112716008639,1.197527213886604,0.012191912283812084
27.601,1,-4.003069779832228,3.0049850003006546,1.1995458850912601,0.00736319227608123
27.611,0,-3.9968082873043005,-3.0000938067170497,1.1976282223090815,0.012340780993614462
27.611,1,-4.003108527697566,3.005013525650905,1.1994893620884575,0.007445324988613827
27.62,0,-3.9967383440181576,-3.0000754624881445,1.1977291595291837,0.012476703255325733
27.62,1,-4.003147402817527,3.0050415584934833,1.1994328517183868,0.007359622897841031
27.632,0,-3.996665810316777,-3.000057770544033,1.1978299693469778,0.012598231050478326
27.632,1,-4.003186512349597,3.005069098849466,1.1993782755733287,0.007160486553974884
27.642,0,-3.996590921040442,-3.0000408108151526,1.1979305979111985,0.012704580115911248
27.642,1,-4.003225969417403,3.005096150863611,1.1993269283114274,0.006895240608021219
27.65,0,-3.9965139193147716,-3.000024645037354,1.1980309937704956,0.012794627480249681
27.65,1,-4.003265897762931,3.0051227214024006,1.199279665696467,0.006600312389405786
27.659,0,-3.9964350533145576,-3.0000093095618605,1.1981311026001995,0.012867855630316602
27.659,1,-4.0033064344466895,3.0051488189445985,1.199237039812476,0.006303584866592109
27.671,0,-3.9963545739640836,-2.9999948107935217,1.1982303972164243,0.01282687719174086
27.671,1,-4.003347730357092,3.0051744530086095,1.199198749239985,0.006129372976029581
27.681,0,-3.996272734555993,-2.999981123750608,1.1983267586666153,0.012604910449272562
27.681,1,-4.003389945152009,3.005199634217445,1.1991621852368115,0.006146933945717634
27.691,0,-3.996189787838865,-2.9999681977045634,1.1984183668017485,0.012266197357215491
27.691,1,-4.003433238130131,3.0052243728801793,1.1991250258632495,0.006293717427427207
27.701,0,-3.9961059866048356,-2.9999559613867692,1.1985040053480198,0.01185620068186114
27.701,1,-4.003477758070409,3.005248678709768,1.1990856822442624,0.0065347101888314565
27.711,1,-4.003523635684414,3.0052725608981623,1.199043072983373,0.006847576351571834
27.712,0,-3.9960215842830227,-2.9999443271356316,1.198582875979914,0.01140689679633551
27.722,0,-3.99593683450732,-2.9999331948991412,1.1986550980964505,0.011036597766677099
27.722,1,-4.00357097916156,3.0052960281392926,1.1989967969814512,0.007157124228499842
27.731,0,-3.9958519894934623,-2.999922457552071,1.1987224875309463,0.010780519710975224
27.731,1,-4.003619872677734,3.0053190903010365,1.1989478054414036,0.007400741783116138
27.742,0,-3.9957672971763647,-2.999912007603264,1.1987865858765854,0.010592356693649755
27.742,1,-4.003670373386097,3.005341764699297,1.1988970253864266,0.007597345554489838
27.751,0,-3.995682997182997,-2.9999017440303932,1.1988484711176068,0.01044313563154324
27.751,1,-4.003722511156415,3.0053640815576332,1.198845094654382,0.007761411095752738
27.761,0,-3.995599317618345,-2.9998915772461854,1.1989088905424696,0.01031444537407153
27.761,1,-4.003776289752834,3.0053860872865155,1.198792448741053,0.007903325918656511
27.771,0,-3.995516472954672,-2.999881432309198,1.198968536239343,0.01022499060779922
27.771,1,-4.003831688409708,3.005407846071728,1.1987392899784755,0.008048063310085478
27.782,0,-3.995434664463613,-2.9998712492117483,1.1990287600477716,0.010205570471850955
27.782,1,-4.003888664442074,3.0054294363734706,1.1986852911041397,0.008221277125644974
27.791,0,-3.995354083185941,-2.999860978144534,1.199090743026719,0.010234692275357905
27.791,1,-4.0039471604543,3.0054509361254063,1.1986300917843746,0.008412384241607786
27.802,0,-3.9952749136553694,-2.999850573954866,1.1991552775939058,0.010298215128801922
27.802,1,-4.004007111151047,3.0054724072355263,1.1985734515108408,0.008613584695797458
27.811,0,-3.9951973366146323,-2.9998399920830017,1.1992228870676127,0.010386802149488674
27.811,1,-4.0040684483089,3.00549388505644,1.1985152125288874,0.00881943055038671
27.822,0,-3.9951215306636803,-2.9998291857786508,1.1992939083434013,0.010493921250552778
27.822,1,-4.0041311044540375,3.005515371915058,1.1984552743294048,0.009026058501135276
27.831,0,-3.9950476729857343,-2.999818104327772,1.1993685049109666,0.010603066664972674
27.831,1,-4.0041950155578325,3.0055368337636903,1.1983936397921957,0.009214808160444227
27.842,0,-3.9949759368012714,-2.9998066911972923,1.199446319904716,0.010674814720682374
27.842,1,-4.004260121816441,3.005558200757248,1.1983309381936063,0.009339288653784217
27.851,0,-3.9949064818146534,-2.999794878644778,1.1995268445389344,0.010716602755496749
27.851,1,-4.00432635950987,3.005579376736041,1.198267933468358,0.009413795751476627
27.861,0,-3.994839442138556,-2.9997825817153667,1.199609704461612,0.010737601527642892
27.861,1,-4.004393650657295,3.0056002522386596,1.198205148194476,0.009451481742099505
27.871,0,-3.994774917520874,-2.9997696947264676,1.1996946203362058,0.010745991968917026
27.871,1,-4.004461896462323,3.005620714854857,1.1981429346981052,0.00946099853384656
27.881,0,-3.9947129673558774,-2.999756090248927,1.1997810574222245,0.010671219615891554
27.881,1,-4.004530973472973,3.0056406570970893,1.1980813257716332,0.009485770152142371
27.891,0,-3.994653606733716,-2.999741626252012,1.1998670033186543,0.010419715841189649
27.891,1,-4.004600731120205,3.0056599815429315,1.1980193317006027,0.009574474088814053
27.901,0,-3.994596816288478,-2.99972616720044,1.1999505821214564,0.01004626089526333
27.901,1,-4.004670991477376,3.0056786009188934,1.1979559745112502,0.009702291462050901
27.911,0,-3.994542550864262,-2.999709606588008,1.2000305147234434,0.009593338549727598
27.911,1,-4.004741549406335,3.0056964369725105,1.197890593947473,0.009852033296040542
27.921,0,-3.994490745264359,-2.9996918825500307,1.2001059360088973,0.009091334671035083
27.921,1,-4.004812173629393,3.005713419707769,1.197822749295554,0.010012059113661865
27.931,0,-3.9944413197985478,-2.999672986859589,1.2001766050142753,0.008640704661862342
27.931,1,-4.004882608676831,3.005729486161074,1.197752804958761,0.010039787415623697
27.941,1,-4.004952578547502,3.0057445773738483,1.1976842893335968,0.009763632160176006
27.941,0,-3.994394188549812,-2.999652964460811,1.2002440622940957,0.008349127137384619
27.951,0,-3.994349264092849,-2.999631903077713,1.2003098754986896,0.00816857058009128
27.951,1,-4.0050217980466725,3.005758640547681,1.1976205818779613,0.009283401519390872
27.961,0,-3.9943064649081608,-2.9996099182789404,1.200375112342067,0.00806498456893786
27.961,1,-4.005089985728727,3.005771629373735,1.1975639514349894,0.008682079957704002
27.971,0,-3.994265721793356,-2.9995871408868666,1.2004404943874039,0.008014650239801803
27.971,1,-4.00515687349938,3.005783503282546,1.1975158992029777,0.00802573619030896
27.981,0,-3.994226981935587,-2.9995637072650565,1.2005065020980756,0.008000834645275633
27.981,1,-4.005222213436979,3.005794226878011,1.1974773941789696,0.00736974052959942
27.991,0,-3.9941902105587146,-2.99953975226021,1.2005731035676974,0.007934563523764242
27.991,1,-4.005285783023804,3.0058037697352153,1.197448663576622,0.006799079963110574
28.0,0,-3.9941553917207244,-2.999515405279048,1.2006389878870525,0.007746927746942952
28.0,1,-4.005347388965227,3.0058121012778227,1.1974284308844079,0.006343074596515552
28.012,0,-3.994122535212906,-2.9994907890331493,1.2007029792582269,0.007474705340623287
28.012,1,-4.005406863586304,3.005819171195715,1.197415478375969,0.00596653352447926
28.021,0,-3.994091680167904,-2.999466020184596,1.200764284248234,0.0071434870555558225
28.021,1,-4.005464062173286,3.0058248925716753,1.1974089387210205,0.005649823256555637
28.031,0,-3.99406289592505,-2.999441209960695,1.2008223714526163,0.006771029378987007
28.031,1,-4.005518861249745,3.0058291318147976,1.1974081871894027,0.005383101668129419
28.041,0,-3.99403628196138,-2.999416464552254,1.2008771301031387,0.006434689777417637
28.041,1,-4.005571157071276,3.005831703488025,1.1974127440508566,0.005162305869742222
28.051,0,-3.9940119671160716,-2.999391885099957,1.2009301391026548,0.006264027909181229
28.051,1,-4.005620862867509,3.005832373339296,1.197422078120082,0.004982615189134036
28.061,0,-3.9939900940630246,-2.999367565766881,1.2009831413180443,0.006215253596205056
28.061,1,-4.005667899794506,3.0058308781019143,1.1974357253235886,0.004842569477578242
28.071,0,-3.993970803425145,-2.999343591240631,1.2010373194040762,0.006256141526142786
28.071,1,-4.005712187330788,3.00582694954152,1.1974533379620784,0.004743765689066916
28.081,0,-3.993954223425509,-2.999320035097145,1.2010934658176025,0.0063652968532401984
28.081,1,-4.0057536368630755,3.0058203326993937,1.1974746516885082,0.004689467481512745
28.091,0,-3.9939404610895615,-2.999296958606602,1.2011515723499657,0.006409972871079706
28.091,1,-4.005792149126078,3.0058107997820853,1.1974991207433945,0.004637246214629168
28.101,0,-3.993929594516319,-2.999274409384581,1.2012101788759137,0.0063278200185432395
28.101,1,-4.005827620361154,3.0057981599604577,1.197525428435343,0.004558312942905105
28.111,0,-3.993921672772671,-2.999252420757649,1.2012680497589543,0.006161208767208286
28.111,1,-4.005859955721923,3.005782260435524,1.1975525158380274,0.004470037322249053
28.121,0,-3.9939167134661564,-2.9992310110127494,1.201324342003854,0.005941153851543988
28.121,1,-4.00588908409963,3.005762987765071,1.1975796536231964,0.004391040179033538
28.131,0,-3.993914701390171,-2.9992101832422846,1.2013784843037738,0.0056905804154351045
28.131,1,-4.005914968367294,3.0057402681836862,1.1976063398509382,0.004337956910424196
28.141,0,-3.9939155887420017,-2.999189925771294,1.2014300947018495,0.005426127636894795
28.141,1,-4.005937611580812,3.0057140667174638,1.1976322314169476,0.004322777766638172
28.152,0,-3.993919297265953,-2.999170213048492,1.20147924919918,0.00524834926276901
28.152,1,-4.005957059362693,3.005684384788155,1.1976572909911336,0.004381533610852228
28.161,0,-3.993925722730463,-2.999151004796519,1.2015276462049527,0.005271064392615549
28.161,1,-4.005973397297731,3.005651257416484,1.197682218998962,0.004532013447147408
28.171,0,-3.9939347300362735,-2.999132237663723,1.2015769370034917,0.005433806214258612
28.171,1,-4.005986746899454,3.005614757001919,1.1977076525308683,0.004747391937636234
28.181,0,-3.9939461523534594,-2.9991138176148002,1.2016282364971855,0.0056918842842116615
28.181,1,-4.005997258409813,3.0055749941755954,1.1977340208835057,0.005005410297029519
28.191,0,-3.9939597932570754,-2.999095615970754,1.2016822878496458,0.006013237109579339
28.191,1,-4.006005104004428,3.0055321163881374,1.1977616094968655,0.005287965196199739
28.202,0,-3.9939754292999465,-2.99907746833856,1.201739394456952,0.0063256521458538075
28.202,1,-4.006010472638438,3.005486306128585,1.1977903622746928,0.0055430960805124985
28.211,0,-3.9939928138456233,-2.999059181264166,1.201798824120773,0.006552463440755144
28.211,1,-4.006013566402369,3.0054377788547137,1.1978190206268478,0.005718395752959237
28.221,0,-3.9940116884735994,-2.999040554864927,1.2018597752148927,0.006716334850590641
28.221,1,-4.006014590315882,3.005386770623596,1.1978463615519346,0.005840659091236007
28.231,0,-3.9940317929080824,-2.9990214064101437,1.2019216764655603,0.006833897110208593
28.231,1,-4.006013745253595,3.0053335283929017,1.1978715588499826,0.005930000221772215
28.24,0,-3.9940528720277007,-2.999001586941164,1.2019841183742574,0.006916786377036816
28.24,1,-4.006011223695786,3.0052783034947352,1.1978940597881145,0.005999782262104062
28.252,0,-3.9940746811943413,-2.998980991888067,1.2020469724546075,0.007016781360586909
28.252,1,-4.006007206095277,3.0052213458418797,1.1979139101569813,0.00609538802829728
28.261,0,-3.9940969911163116,-2.998959562659256,1.2021109733221622,0.007192706738268492
28.261,1,-4.006001857149332,3.0051629001796973,1.1979331996994642,0.0062517489868498454
28.271,0,-3.994119592850406,-2.9989372751600607,1.2021768597984572,0.00741800277532693
28.271,1,-4.005995328615652,3.0051032154420474,1.1979539701829873,0.006440469397902302
28.282,0,-3.9941423026530827,-2.9989141250690845,1.202245115838411,0.007674044308799401
28.282,1,-4.005987760019268,3.005042551535117,1.197977599680028,0.006651111118374963
28.291,0,-3.9941649650369873,-2.998890116427746,1.2023160482284556,0.00794882379372753
28.291,1,-4.005979278440021,3.004981182244396,1.1980050057749907,0.006878947221456029
28.301,0,-3.9941874541190887,-2.9988652533222013,1.2023898422380492,0.008234545895449688
28.301,1,-4.005969998643129,3.0049193963855054,1.198036785973387,0.007120105968609636
28.311,0,-3.994209673742518,-2.9988395344927015,1.202466423500677,0.008487060465557162
28.311,1,-4.00596002442625,3.0048574974036155,1.1980721526505327,0.007226307254934947
28.321,0,-3.9942315563233075,-2.9988129542248823,1.2025452403274657,0.008687532358797547
28.321,1,-4.005949453625431,3.0047957969093657,1.198107381430683,0.0071218168158104465
28.331,0,-3.9942530601146413,-2.9987855110342427,1.202625823752589,0.008851529619743987
28.331,1,-4.005938385564486,3.0047346010973333,1.1981394159590906,0.006877843843291278
28.342,0,-3.9942741662779744,-2.998757216417625,1.2027078419414834,0.008989463202217017
28.342,1,-4.00592692993567,3.004674200132114,1.1981661876702223,0.006560963126703486
28.351,0,-3.9942948760918258,-2.9987281006273627,1.2027910578159153,0.00910841175765172
28.351,1,-4.005915212801147,3.0046148607903147,1.198186310087163,0.006228250149289829
28.361,0,-3.994315208401784,-2.998698216315722,1.2028748692871922,0.009107815624244812
28.361,1,-4.005903379686398,3.0045568224287855,1.198199421090864,0.00595207839924648
28.371,0,-3.9943351963324334,-2.9986676392588625,1.2029572728227473,0.008913416671281161
28.371,1,-4.005891591722459,3.0045002996242807,1.1982073478219202,0.005733102696198158
28.381,1,-4.005880009590665,3.0044454883451857,1.198211816741052,0.005528559576093377
28.382,0,-3.9943548810301612,-2.99863646256422,1.203036557845715,0.008590041048147663
28.392,0,-3.9943743063889627,-2.99860479147315,1.2031115759250772,0.008183281818542382
28.392,1,-4.005868776668607,3.004392574443152,1.1982140190289363,0.005318648616635376
28.401,0,-3.9943935152646377,-2.9985727393770727,1.2031815672471355,0.0077252267483255465
28.402,1,-4.005858007274512,3.0043417403102373,1.1982147751633763,0.005094821801097836
28.412,0,-3.994412546741861,-2.998540424532342,1.2032460375914331,0.007238144330308792
28.412,1,-4.005847779294322,3.0042931693061794,1.198214650003517,0.004853645285425083
28.421,0,-3.994431434226564,-2.998507967398674,1.203304939962819,0.006810479822226062
28.421,1,-4.005838130089904,3.0042470479607006,1.1982138422588804,0.00459554512182765
28.431,0,-3.994450205491186,-2.9984754894625207,1.2033600817318026,0.006578428474991501
28.431,1,-4.005829055934517,3.0042035637973146,1.198211209494954,0.004332744909108109
28.442,0,-3.9944688881759705,-2.998443115921639,1.2034134521044486,0.006480762662387508
28.442,1,-4.00582051979116,3.0041629052088865,1.1982054753617803,0.004087663754304484
28.451,0,-3.994487516189954,-2.998410978592491,1.2034664312824919,0.006472892008203423
28.451,1,-4.005812460950985,3.0041252591074032,1.1981957987739604,0.003886065310174337
28.461,0,-3.994506133975524,-2.998379217372042,1.2035199732096957,0.006525692107707453
28.461,1,-4.005804802760104,3.004090807505387,1.1981816421060796,0.003752220108002233
28.471,0,-3.9945247986814687,-2.998347979870157,1.2035737144891947,0.006414627212794302
28.471,1,-4.005797458821266,3.0040597248901353,1.1981626990176084,0.003700345064187352
28.482,0,-3.9945435771751288,-2.998317416622311,1.2036246512175977,0.006049076400318718
28.482,1,-4.005790338035716,3.0040321747894225,1.1981389882786706,0.003725522066445926
28.491,0,-3.994562536730687,-2.9982876736436226,1.2036703110036686,0.005524960865800188
28.491,1,-4.005783349228464,3.004008299271942,1.1981106444579417,0.0038265924715176276
28.502,0,-3.99458173640462,-2.998258884902654,1.2037090483156552,0.004919663289078238
28.502,1,-4.005776405149533,3.0039882082171556,1.1980777990253277,0.003998742291583456
28.511,0,-3.9946012211117767,-2.9982311669297297,1.2037397874960993,0.004301162374805504
28.511,1,-4.005769425411749,3.0039719727124172,1.1980405766990199,0.004233748325465282
28.522,0,-3.994621017920824,-2.9982046156243096,1.2037620819215036,0.00377761542007541
28.522,1,-4.005762338403268,3.0039596229577965,1.1979994404450562,0.00444105884143239
28.531,0,-3.994641133902879,-2.998179305178439,1.2037773250938004,0.0034361274703530557
28.531,1,-4.0057550815580285,3.0039511495113285,1.1979556647783371,0.004573988787370112
28.542,0,-3.99466155281742,-2.9981552822743494,1.2037871795726682,0.003212669741107919
28.542,1,-4.005747599935134,3.0039465009750224,1.1979102837777413,0.004659871639474358
28.551,0,-3.9946822328869382,-2.998132561616307,1.2037928115070424,0.0030623169174953105
28.551,1,-4.005739844597202,3.003945586677492,1.1978640074739224,0.004719682624740986
28.561,0,-3.994703106384878,-2.9981111245745753,1.2037950404346711,0.0029575481514063926
28.561,1,-4.00573177136579,3.0039482805088262,1.1978173221181645,0.004767531852857359
28.571,0,-3.9947240803634907,-2.998090919411602,1.2037944440679411,0.0028818548872695934
28.571,1,-4.0057233399032395,3.0039544248834074,1.1977705604574664,0.004812169162535633
28.581,0,-3.994745038139409,-2.998071863050738,1.20379180037217,0.0028119510725411008
28.581,1,-4.005714512897829,3.003963836003278,1.1977243046774975,0.004758509608658553
28.591,1,-4.005705255271718,3.00397631079366,1.197680728564141,0.004496394803192917
28.591,0,-3.9947658415612994,-2.9980538459486095,1.203789495411559,0.002719373838149193
28.601,0,-3.9947863352698625,-2.9980367377592736,1.2037897166137022,0.002638034524429936
28.601,1,-4.005695535618403,3.0039916207257216,1.1976418397408748,0.004114731245168587
28.611,0,-3.9948063517200194,-2.998020395402089,1.2037939467422492,0.0026224477283415953
28.611,1,-4.00568532735309,3.0040095102768887,1.1976089848181255,0.003688257326955052
28.622,0,-3.9948257155098457,-2.9980046701892347,1.2038031800295201,0.0027173325724630343
28.622,1,-4.0056746092546565,3.004029698917232,1.1975830537380587,0.003284803069631437
28.631,0,-3.9948442471894143,-2.99798941318071,1.2038178604688805,0.002899021370010531
28.631,1,-4.005663365865998,3.004051883327985,1.197564441210776,0.0030027955538871826
28.642,0,-3.994861767739282,-2.9979744792813645,1.2038368137665918,0.0030446532446655704
28.642,1,-4.005651588432906,3.004075739095934,1.1975521470522852,0.002901603549818184
28.652,0,-3.9948781009407135,-2.997959732243267,1.2038586302555188,0.0031366726035510105
28.652,1,-4.005639275408135,3.004100927895963,1.1975449539977365,0.0029056065356063824
28.669,0,-3.9948930755198577,-2.9979450482510432,1.2038823247069763,0.0031816657594875754
28.669,1,-4.005626433247064,3.004127103167525,1.1975419979327873,0.0029594171466192217
28.67,0,-3.994906527361238,-2.9979303180169246,1.2039072060658156,0.0031915282892741844
28.67,1,-4.0056130770186025,3.004153914080392,1.197542665369731,0.003029769755685983
28.681,0,-3.9949183008710003,-2.9979154479699224,1.2039330075157553,0.003234777471701327
28.681,1,-4.00559923057956,3.004181009135121,1.197546476581693,0.0030964865705868315
28.692,0,-3.994928250073988,-2.997900361585673,1.2039610028194994,0.003435594227443666
28.692,1,-4.005584925549776,3.0042080400752718,1.1975527985231147,0.003141791599437613
28.701,0,-3.9949362504385713,-2.997885004223192,1.203992641045897,0.00376591008786581
28.701,1,-4.005570196615702,3.0042346678220424,1.1975610670253567,0.0031593190508999113
28.712,0,-3.9949422105313372,-2.997869348109234,1.2040288958690764,0.0041948153868828575
28.712,1,-4.00555507625568,3.004260568248671,1.197570882788623,0.003149388532320165
28.722,0,-3.9949460785692668,-2.997853395026992,1.204070408586649,0.00469465359635758
28.722,1,-4.005539591017231,3.0042854364972986,1.1975819641744234,0.0031153708719556836
28.731,0,-3.9949478458172116,-2.9978371772067662,1.204117587107511,0.005242091276576071
28.731,1,-4.0055237591073,3.004308989997432,1.1975941122777172,0.0030621112535759555
28.742,0,-3.994947548110232,-2.9978207567539035,1.2041702831894352,0.005718887979098398
28.742,1,-4.005507589016287,3.0043309705700287,1.1976071317229315,0.0029881999902723654
28.751,0,-3.994945263666963,-2.9978042224833867,1.2042269115903705,0.006035441327320135
28.751,1,-4.005491079253995,3.004351147972584,1.1976206121569888,0.002889069328123677
28.762,0,-3.9949410985243303,-2.9977876824158467,1.204286056458996,0.006240281718824682
28.762,1,-4.005474219310464,3.004369327117849,1.1976341793989074,0.002774170214901461
28.771,1,-4.0054569911562234,3.0043853550562005,1.1976475651104275,0.002653178273178803
28.772,0,-3.9949351746120176,-2.9977712566406716,1.204346749515126,0.0063677806886894275
28.782,0,-3.9949276212943583,-2.9977550717201247,1.204408332083896,0.006441933369477525
28.782,1,-4.005439370702081,3.004399125037122,1.1976605737693762,0.0025354606181026734
28.792,0,-3.994918569014774,-2.997739256280733,1.2044703409300104,0.00647465782243049
28.792,1,-4.00542132912421,3.0044105775116057,1.1976732383548871,0.002451385315813255
28.801,1,-4.005402834825186,3.004419697523254,1.1976860518012498,0.0024172820643517117
28.801,0,-3.9949081449971295,-2.9977239374194484,1.2045323990028454,0.006474278076321917
28.811,0,-3.99489647087668,-2.997709237652398,1.2045942462850046,0.0064519833487612305
28.811,1,-4.005383856943337,3.0044265101798366,1.197699409784088,0.0024279729608623975
28.822,0,-3.99488366142347,-2.9976952725237416,1.2046557202452453,0.0064158080168317646
28.822,1,-4.005364368227676,3.004431074494323,1.197713559441987,0.0024772437680326406
28.832,0,-3.9948698237170914,-2.9976821488804823,1.2047167237699898,0.006370835977073333
28.832,1,-4.005344346996556,3.0044334776195147,1.1977286482054994,0.0025578859293468753
28.842,0,-3.994855056906755,-2.997669963484044,1.2047769313421297,0.006245482572362205
28.842,1,-4.005323778228069,3.004433829286511,1.1977450397452822,0.0027205334508159642
28.852,0,-3.9948394538885164,-2.997658803650846,1.204834784451592,0.00595171510157779
28.852,1,-4.0053026522873605,3.0044322550289784,1.1977649008396587,0.003086043645474156
28.861,0,-3.9948231039338395,-2.997648756788052,1.2048888360013292,0.005546286735922246
28.861,1,-4.005280961665214,3.0044288983557013,1.197790463671206,0.0036283510313791195
28.869,0,-3.9948060966484826,-2.9976399195592602,1.2049381298623592,0.005071143449591098
28.869,1,-4.005258696344849,3.0044239211648285,1.197823214276708,0.004308905827760428
28.882,0,-3.994788525035972,-2.997632403481042,1.2049820486211937,0.004556506117996577
28.882,1,-4.005235840072059,3.0044175015210266,1.197864116654882,0.005087169315236067
28.891,0,-3.9947704873588243,-2.997626338077028,1.205020211570126,0.004026331755619119
28.891,1,-4.0052123680214375,3.0044098312593572,1.1979137675093017,0.005928828001368235
28.901,0,-3.9947520877963996,-2.997621873391943,1.2050531759563756,0.003675153097052431
28.901,1,-4.005188245516043,3.0044011133105877,1.1979725436096942,0.00681728659296671
28.911,0,-3.9947334360449083,-2.9976191823388554,1.2050842007153308,0.003631113409569464
28.911,1,-4.005163426285765,3.004391556186643,1.1980407917385298,0.007744804896710046
28.921,0,-3.9947146474876445,-2.9976184518553315,1.2051161520930829,0.0037972611433097266
28.921,1,-4.005137848322177,3.0043813615477606,1.1981187202553674,0.008693006630465648
28.93,0,-3.994695841609187,-2.997619877030172,1.2051509804077782,0.0041153351068465086
28.93,1,-4.005111430060107,3.004370711579894,1.1982063901485982,0.009648373573887344
28.942,0,-3.9946771402399164,-2.997623657172208,1.2051899969503144,0.004545503197924034
28.942,1,-4.005084068535344,3.0043597602905674,1.1983037608507972,0.010602298555130863
28.951,0,-3.994658665998314,-2.9976299921559435,1.2052339675993786,0.0050173184848637505
28.951,1,-4.005055639376303,3.0043486281813254,1.1984105318986682,0.011478634659916668
28.96,0,-3.9946405407168264,-2.997639076214976,1.2052819137437216,0.005338356689259204
28.96,1,-4.005025999961034,3.0043374000576324,1.1985244708370542,0.012073101422374779
28.971,0,-3.9946228857502732,-2.997651100379517,1.205332108189401,0.005536976755843615
28.971,1,-4.0049949903978375,3.0043261265550214,1.1986429440180404,0.012456163990464815
28.98,0,-3.994605823372326,-2.9976662576449864,1.205383331005302,0.005658052352080718
28.98,1,-4.004962435149442,3.0043148282287433,1.1987641036894754,0.0126934053105312
28.992,0,-3.994589477342413,-2.9976847436685814,1.205434737618366,0.005735520918923587
28.992,1,-4.004928146291529,3.0043034997184668,1.1988866515674708,0.012831238758262543
29.001,0,-3.9945739730466383,-2.9977067568812443,1.2054858551964072,0.005820466481585148
29.001,1,-4.004891926593569,3.004292113721026,1.1990098103913407,0.012937023951566564
29.011,0,-3.994559437597132,-2.9977324950826154,1.2055367620528692,0.005948715603019207
29.011,1,-4.00485357545383,3.0042806274777583,1.1991335216948673,0.013058878472014167
29.021,0,-3.9945459993509473,-2.9977621416090496,1.205587602036501,0.006116099679511917
29.021,1,-4.004812903627994,3.004268995013349,1.1992578361454036,0.013192721184095656
29.031,0,-3.99453378746014,-2.997795853206041,1.2056384738093107,0.006318596579862992
29.031,1,-4.004769746260592,3.00425717852338,1.1993827716378866,0.013335890123062398
29.041,0,-3.994522931350845,-2.9978337521298117,1.205689444258005,0.006552140614327156
29.041,1,-4.004723971503287,3.004245156287229,1.199508324220853,0.013485615076641998
29.051,0,-3.994513560115314,-2.9978759213485704,1.2057405591601822,0.00681235585030862
29.051,1,-4.004675485746404,3.0042329277171165,1.199634474430016,0.013639656506503827
29.061,0,-3.994505801709904,-2.997922402321656,1.2057918294845897,0.007090776257166634
29.061,1,-4.004624235717103,3.0042205161226985,1.199761326777489,0.013828446017345269
29.071,0,-3.9944997829127136,-2.9979731953305806,1.205843191063512,0.007380683936441196
29.071,1,-4.004570204720973,3.004207968314478,1.1998894297285898,0.01407392621855377
29.081,1,-4.004513402907078,3.0041953500607885,1.2000192495849902,0.014355382008462102
29.082,0,-3.994495631325302,-2.9980282632910584,1.2058945896905535,0.007680667894257275
29.091,0,-3.994493477157606,-2.998087536102896,1.2059459955278906,0.007988645911147686
29.091,1,-4.004453855848734,3.004182740784361,1.2001510836171736,0.014658553441638494
29.1,0,-3.99449345406611,-2.998150914834036,1.2059973947720752,0.008302097043746601
29.1,1,-4.004391595596304,3.004170229157874,1.2002851144521491,0.01497431584732633
29.112,0,-3.9944956988516847,-2.9982182746058386,1.2060485924897486,0.008590648834620193
29.112,1,-4.004326657519899,3.0041579092616666,1.2004203036007317,0.01504739225473185
29.121,0,-3.9945003501218066,-2.9982894610325914,1.206098940730409,0.008844072579270452
29.121,1,-4.0042590823597575,3.0041458758659574,1.2005528316769936,0.014785416471796332
29.131,0,-3.994507548207265,-2.998364279985715,1.2061479236140749,0.009074457996755741
29.131,1,-4.004188909161062,3.0041342196133742,1.2006796085812985,0.014310948367874969
29.142,0,-3.994517433793144,-2.998442486963241,1.2061952023952607,0.009287136921217628
29.142,1,-4.004116177728669,3.004123022952238,1.2007985618931682,0.013711990954355992
29.151,0,-3.994530146424901,-2.9985237812527554,1.206240560418258,0.009483138436980433
29.151,1,-4.004040931718153,3.0041123573275073,1.2009083223394406,0.013052481310282266
29.161,0,-3.994545823187915,-2.9986078041760535,1.206283867573685,0.009660926708559048
29.161,1,-4.003963220604229,3.0041022814465754,1.201008011794278,0.012380606277137256
29.171,1,-4.003883099796428,3.004092840637446,1.2010975036209182,0.011811601586920252
29.172,0,-3.99456459530749,-2.998694139434105,1.2063243714081202,0.009744214138902495
29.181,0,-3.9945865824482,-2.9987823204633566,1.206359071108972,0.009709556392506485
29.181,1,-4.003800629330321,3.0040840661121737,1.2011782958235775,0.011411859286921885
29.191,0,-3.9946119029768985,-2.9988718606736677,1.206385404877209,0.009648275589565375
29.191,1,-4.003715879893275,3.0040759705278024,1.2012517938117688,0.011130039720241623
29.201,0,-3.994640677414586,-2.9989622761485566,1.206401676734769,0.009629973520378511
29.201,1,-4.003628934742085,3.004068544982804,1.201318985167624,0.010930620590587664
29.211,0,-3.994673028747123,-2.9990531009217483,1.2064067899156565,0.009703230537914775
29.211,1,-4.003539889693391,3.004061757841796,1.2013805707483403,0.010789922036146243
29.221,0,-3.9947090844292994,-2.9991438979098892,1.2064006383852632,0.009877580783286944
29.221,1,-4.003448852262922,3.0040555548969112,1.2014372314372037,0.010717511725990883
29.231,0,-3.9947489815247947,-2.9992342664410727,1.2063860993176834,0.010075515143604287
29.231,1,-4.00335593975037,3.004049861847149,1.2014903327073554,0.010726190845462443
29.241,0,-3.9947928444753846,-2.9993238506327677,1.2063660573303463,0.010252685723928203
29.241,1,-4.003261280787558,3.004044589664525,1.201541087822279,0.010781734599153853
29.251,0,-3.9948407698386452,-2.9994123476257166,1.2063425182846916,0.010401251647580314
29.251,1,-4.003165015176542,3.004039641005661,1.2015903351985535,0.010862098720126835
29.261,0,-3.9948928193668176,-2.9994995121409604,1.2063168757822311,0.010526807583087784
29.261,1,-4.003067292571508,3.0040349155306765,1.2016386508061354,0.010953126673662791
29.272,0,-3.9949490155950493,-2.9995851582187303,1.2062899642901899,0.010646671023339173
29.272,1,-4.0029682704638985,3.0040303140351923,1.2016868037129116,0.011085394512271099
29.281,0,-3.995009342108017,-2.9996691586825963,1.20626188588136,0.010776086533360443
29.281,1,-4.002868112177765,3.0040257420003744,1.2017363368302587,0.011269231956002912
29.292,0,-3.9950737555646434,-2.9997514407929518,1.2062326163607284,0.010916861102119518
29.292,1,-4.002766987287478,3.00402111312902,1.2017884611020886,0.011486301029871917
29.301,0,-3.9951421965537737,-2.9998319813626964,1.2062021541132653,0.011070346503748708
29.301,1,-4.002665070303264,3.0040163522684002,1.2018439883400855,0.011725195127744295
29.311,1,-4.002562539052384,3.0040113972661646,1.2019034533393023,0.011978274315099702
29.311,0,-3.99521459738933,-2.999910801651531,1.2061705106310054,0.011237645753933073
29.322,0,-3.9952908878490776,-2.9999879622489187,1.2061377058595013,0.011419421938701785
29.322,1,-4.002459573189021,3.0040061999696657,1.2019671990594323,0.012239982888451652
29.331,0,-3.9953710003896648,-3.000063557732586,1.2061040680502169,0.011590235557585558
29.331,1,-4.002356352863281,3.0040007265870154,1.2020351224849493,0.012459649988173525
29.341,0,-3.9954548753156893,-3.0001377118354755,1.206071344138014,0.011721370067829258
29.341,1,-4.002253056167844,3.003994955759061,1.2021059753255112,0.012593644580062792
29.352,0,-3.9955424496111487,-3.000210580225701,1.206041179240829,0.011838442296463506
29.352,1,-4.002149853547776,3.003988871645504,1.2021786335712177,0.012662379679121193
29.361,0,-3.9956336493456335,-3.0002823516057795,1.2060146810624426,0.011961700163796255
29.361,1,-4.002046903265386,3.0039824574612854,1.2022523210309508,0.012681996755125368
29.371,0,-3.9957283864418405,-3.000353246307558,1.2059925848981035,0.012104678025062812
29.371,1,-4.001944348436242,3.003975691132632,1.2023265001859222,0.012664716477509256
29.381,0,-3.9958265566392086,-3.000423513469972,1.2059753025196562,0.012276995412366518
29.381,1,-4.00184231514066,3.0039685426305733,1.2024005696872058,0.01258060245997148
29.392,0,-3.9959280379049913,-3.0004934219497397,1.2059629140556987,0.012479713694555717
29.392,1,-4.001740912457085,3.0039609718716593,1.2024729761026356,0.01239028190758182
29.401,0,-3.996032689622162,-3.0005632416773085,1.2059554227321074,0.0127086160079442
29.401,1,-4.001640237832191,3.003952924275385,1.2025423259121935,0.012129860540486998
29.411,0,-3.996140351930151,-3.000633226917619,1.2059528062679477,0.012958357247510478
29.411,1,-4.001540382850752,3.003944327241688,1.2026076869138969,0.011826673785818647
29.421,0,-3.9962508460455064,-3.000703604476815,1.2059550243620671,0.013223143950824455
29.421,1,-4.001441437197322,3.003935088594951,1.2026684480721848,0.011500330352881649
29.431,0,-3.9963639745065,-3.0007745656699663,1.2059616825013548,0.01348973412895827
29.431,1,-4.001343491358518,3.003925096343932,1.202724422047657,0.0111931326161711
29.441,0,-3.996479517967928,-3.0008462586902205,1.2059701244708605,0.013729262292497293
29.441,1,-4.0012466353976235,3.003914221786805,1.2027765272997277,0.01094370687970462
29.451,0,-3.9965972430999086,-3.0009187824395616,1.2059775766214966,0.013940138139349375
29.451,1,-4.001150946075387,3.003902332529248,1.2028257198635683,0.010732668902582917
29.461,0,-3.9967169066660992,-3.0009921815840532,1.2059821534370265,0.01412996689864446
29.461,1,-4.001056473706409,3.003889305824953,1.2028726683080393,0.010549184012870765
29.471,0,-3.9968382564049896,-3.0010664440731323,1.2059825831447926,0.01430592505692824
29.471,1,-4.000963233779005,3.0038750378500625,1.2029178464131804,0.01038788580113345
29.481,0,-3.9969610325385894,-3.0011415014714213,1.20597802112724,0.014472378949478908
29.481,1,-4.000871202276678,3.0038594498515083,1.2029615899806363,0.010246487905558812
29.491,0,-3.9970849700780096,-3.0012172316892713,1.2059684119987282,0.014620353607921507
29.491,1,-4.000780314070593,3.0038424915232977,1.2030042556640335,0.010137617688998022
29.501,0,-3.997209800113848,-3.001293467794715,1.2059555652280907,0.01472813100419906
29.501,1,-4.0006904673048815,3.0038241389273836,1.2030465296727586,0.010070940821497967
29.512,0,-3.9973352443445838,-3.001370015070427,1.2059411328463647,0.014790517583103267
29.512,1,-4.000601536407961,3.0038043851753162,1.2030889872280437,0.010039042361263413
29.521,0,-3.9974610126944774,-3.0014466694930118,1.205926244867149,0.014808088268279644
29.521,1,-4.000513385907339,3.003783230161612,1.2031320311848857,0.010036626352564438
29.531,0,-3.997586803038036,-3.0015232318362735,1.2059116707621116,0.01478317677907697
29.531,1,-4.000425880994575,3.0037606729642605,1.2031759439291512,0.010059240218961093
29.541,0,-3.9977123021200995,-3.0015995176652845,1.2058978262426459,0.014720931245414603
29.541,1,-4.000338895231172,3.003736706326289,1.2032210902772835,0.010123375352539444
29.551,0,-3.9978371901528593,-3.00167536102413,1.2058846071853209,0.014625254512394876
29.551,1,-4.000252314541431,3.003711311886923,1.2032683382214528,0.010243483516687687
29.561,0,-3.9979611515158755,-3.00175060873755,1.205871856394792,0.014496675203226495
29.561,1,-4.000166036078736,3.003684456789719,1.2033184119117468,0.010409109583481258
29.571,0,-3.998083885062635,-3.001825113417756,1.2058594666420488,0.014336458597505267
29.571,1,-4.000079966252307,3.003656090768613,1.2033717954680065,0.010612740317644434
29.581,0,-3.9982051114901314,-3.001898728615404,1.2058473650583503,0.01414635874229254
29.581,1,-3.999994019210159,3.003626144727991,1.20342880678479,0.010848680462662645
29.591,0,-3.998324578298803,-3.001971305724273,1.2058355013019268,0.013928479563209997
29.592,1,-3.9999081156854794,3.003594532411685,1.2034887427160856,0.010978414982392335
29.601,0,-3.9984420621414927,-3.0020426933394857,1.2058238362982676,0.01368511411413304
29.601,1,-3.999822181016125,3.0035611596565737,1.20354778004444,0.010897713267996836
29.611,0,-3.998557367745551,-3.0021127405883528,1.2058123437872443,0.013418589512004595
29.611,1,-3.9997361399512212,3.0035259327353767,1.2036025931641166,0.010697227275380226
29.622,0,-3.9986703256375042,-3.0021813012715866,1.2058010081812818,0.013131272761631164
29.622,1,-3.999649911730414,3.0034887708608227,1.2036509517743983,0.010452652183511709
29.631,0,-3.998780789996706,-3.0022482369851984,1.2057898209269633,0.012825527371223337
29.631,1,-3.9995634069938752,3.003449616054716,1.2036913794965354,0.01022281319316624
29.641,0,-3.998888636708843,-3.0023134193350627,1.2057787783441618,0.012503669622332052
29.641,1,-3.999476526096723,3.0034084395059257,1.2037229252207633,0.010051379414662597
29.651,0,-3.998993761102514,-3.002376731136062,1.2057680387435799,0.012162678738876704
29.651,1,-3.9993891584896537,3.0033652448673447,1.2037451323963837,0.009975208643512212
29.66,0,-3.9990960706339584,-3.002438065847081,1.2057592377396111,0.01179346737082985
29.66,1,-3.999301186100403,3.00332006646114,1.203758657321459,0.01000588417088615
29.671,0,-3.9991954765671816,-3.0024973358116998,1.205754294490001,0.011413824977159025
29.671,1,-3.999212500283433,3.003272963437422,1.2037643714118447,0.010115144439413666
29.682,0,-3.9992918830103372,-3.0025544812205855,1.2057545008546915,0.011042569634384217
29.682,1,-3.999123020865749,3.0032240108718176,1.203762918189422,0.010281039101605475
29.692,0,-3.9993851771260607,-3.0026094743839002,1.205760704455446,0.010695144199044873
29.692,1,-3.9990327089075945,3.003173291878149,1.2037547843611327,0.010486672706458651
29.701,0,-3.9994752240527283,-3.002662322211551,1.2057731792123632,0.010372022293400921
29.701,1,-3.998941573653057,3.003120890953679,1.2037408233923688,0.010699330629488532
29.711,0,-3.9995618678660523,-3.002713067264186,1.2057907347249406,0.010047769019834089
29.711,1,-3.9988496702605167,3.003066890063277,1.2037234263198644,0.010877597462562132
29.721,0,-3.9996449287938405,-3.0027617794210086,1.205812113780163,0.009712115447457337
29.721,1,-3.998757087435863,3.00301137571637,1.203704648891879,0.011016798902119701
29.731,1,-3.9986639320309605,3.0029544435818396,1.2036859117012089,0.011122019005644053
29.731,0,-3.9997242048346853,-3.0028085486084946,1.2058364233407022,0.009361443565672277
29.741,0,-3.9997994754514274,-3.002853479692469,1.2058630231099177,0.008995216862218396
29.741,1,-3.998570316828147,3.0028962006258633,1.2036681944108587,0.011200286117752888
29.752,0,-3.9998705054487202,-3.002896688198605,1.2058914325210677,0.008612887177363145
29.752,1,-3.9984763522913256,3.0028367670579312,1.203651326455777,0.011287008745162166
29.761,1,-3.998382148172262,3.0027762768587127,1.203632905082914,0.011397525213695081
29.761,0,-3.9999370515429993,-3.0029382952021937,1.2059212122513776,0.008213943491890537
29.772,0,-3.9999988747847413,-3.002978418295568,1.2059520155107,0.0078024552580271585
29.772,1,-3.9982878278842042,3.0027148721881827,1.2036109417564225,0.011527981915141755
29.782,0,-4.000055753146128,-3.00301716309213,1.2059835869016304,0.007383097557919415
29.782,1,-3.9981935431694176,3.002652700997729,1.2035841149309356,0.01167808906801731
29.791,0,-4.000107490555772,-3.003054617451927,1.2060157315905602,0.0069613333430098385
29.791,1,-3.998099483296038,3.002589915377876,1.2035515641333157,0.01184648458173749
29.802,0,-4.0001539228132446,-3.0030908478776217,1.2060483006297082,0.00654325832542331
29.802,1,-3.9980058797818554,3.0025266699650244,1.2035127475597394,0.012030015623676645
29.811,0,-4.000194921232936,-3.0031258977531703,1.2060811413944479,0.006130287745002526
29.811,1,-3.9979130081099434,3.0024631201703103,1.2034679775153116,0.012158531089931047
29.821,1,-3.9978211844185685,3.00239941846384,1.2034198528928706,0.012157678940920907
29.822,0,-4.000230392793199,-3.0031597899960767,1.2061140040194107,0.005724380779297763
29.831,0,-4.000260273633565,-3.003192536823623,1.2061466791015087,0.005335061202803236
29.831,1,-3.997730748951184,3.0023357075171337,1.2033706877745003,0.012048826034159544
29.841,0,-4.000284522593199,-3.0032241497262437,1.2061790151633731,0.004972282676738071
29.841,1,-3.997642049449735,3.0022721125992127,1.2033220679581262,0.011854602225659715
29.851,0,-4.000303116311806,-3.003254646583521,1.206210898717718,0.004647053814231123
29.851,1,-3.9975554287836026,3.0022087363967174,1.2032750815766982,0.011594999163840453
29.86,0,-4.0003160462556355,-3.0032840566361756,1.2062420819641249,0.004337880293943204
29.86,1,-3.997471215443243,3.0021456560821673,1.2032304041469333,0.01129377926813485
29.872,0,-4.000323319662647,-3.00331242402381,1.2062715836078155,0.004014473248212938
29.872,1,-3.997389716356825,3.00208292296962,1.2031881699050035,0.010971860564002877
29.881,0,-4.0003249545680415,-3.0033398082802396,1.2062985049252741,0.0037171255326195534
29.881,1,-3.9973112139457645,3.0020205660566637,1.2031483705506312,0.010632986871938461
29.891,0,-4.000320978787458,-3.003366284373332,1.2063222544262062,0.00348682367412677
29.891,1,-3.9972359644903075,3.0019585965978033,1.2031109978675423,0.010280776469539203
29.901,0,-4.0003114303868434,-3.00339194232852,1.2063424519106747,0.00336031950907988
29.902,1,-3.99716419711361,3.001897012065137,1.2030760437618067,0.00991892299160028
29.912,0,-4.0002963576819655,-3.003416886331727,1.2063588659763176,0.00336272986209634
29.912,1,-3.9970961134406795,3.0018357994157405,1.2030434997243626,0.009551224901757477
29.921,0,-4.000275818808554,-3.0034412334159497,1.2063713822519695,0.0035006543018669964
29.921,1,-3.997031888049651,3.001774937891215,1.2030134252763747,0.009175700121555823
29.932,0,-4.000249880342906,-3.00346511267835,1.2063800299137144,0.003759883379070693
29.932,1,-3.9969716685912244,3.0017144025936027,1.202986111261113,0.008792901872080344
29.941,0,-4.000218615299798,-3.003488666551285,1.2063848844942409,0.004112997018666301
29.941,1,-3.9969155720457286,3.0016541699836443,1.2029618143728702,0.00841138344041404
29.952,0,-4.000182100670855,-3.003512051978278,1.2063860289381803,0.0045337542770169095
29.952,1,-3.9968636822912464,3.00159422286464,1.2029407121883664,0.008038532657862626
29.961,0,-4.0001404153542595,-3.003535440479654,1.206383547861629,0.005001302621733291
29.961,1,-3.996816049534604,3.001534553766788,1.20292292630284,0.007680799892452584
29.972,0,-4.000093638761704,-3.0035590171693314,1.2063775179504492,0.005500737531589161
29.972,1,-3.9967726893814564,3.0014751668255597,1.2029081877402688,0.007360993968692215
29.981,0,-4.000041853331608,-3.0035829726875427,1.2063679872042954,0.006020868377478138
29.981,1,-3.996733579695537,3.0014160759846518,1.2028950194165748,0.0070891225022745195
29.991,0,-3.999985154225241,-3.0036074812255005,1.2063550081102221,0.0065516490895800705
29.991,1,-3.996698665648367,3.0013572976640095,1.2028821359622641,0.006855519697946339
30.001,1,-3.9966678602926335,3.001298843184083,1.2028686764919498,0.006658255676263768
30.001,0,-3.99992365875817,-3.0036326796619437,1.2063386445124045,0.007083932799994317
30.011,1,-3.9966410448510366,3.00124071354769,1.202854072971688,0.006498064585011231
30.012,0,-3.9998575122594793,-3.003658653853989,1.2063189702692019,0.0076096363095048474
30.021,0,-3.9997868897372126,-3.0036854310129764,1.206296342776455,0.008097837568729092
30.021,1,-3.9966180706244527,3.0011828961811666,1.2028380288975111,0.006371099565172208
30.032,0,-3.999711991258187,-3.0037129800770637,1.2062724288300075,0.00851186501421119
30.032,1,-3.9965987649444794,3.001125362784496,1.2028206195134998,0.006271963177665621
30.042,0,-3.9996330443704164,-3.0037412212619214,1.2062487993101143,0.008867002097007042
30.042,1,-3.996582942009965,3.0010680673450416,1.2028019714884948,0.006200711189421097
30.052,0,-3.999550300209745,-3.0037700391529936,1.2062265294487335,0.009177114141518219
30.052,1,-3.9965704143443,3.0010109450687934,1.2027821901407583,0.006156584596078579
30.061,0,-3.9994640274687976,-3.0037992940690375,1.2062063531873506,0.009452190979726719
30.061,1,-3.996561001452757,3.000953912412309,1.202761370433927,0.006138663798168127
30.071,0,-3.999374507013847,-3.003828831476636,1.2061887638992002,0.009698710058133178
30.071,1,-3.9965545359612,3.0008968680451975,1.2027395959051084,0.006145947050804707
30.081,0,-3.9992820272490057,-3.0038584894866593,1.2061741178981724,0.009919442893327107
30.081,1,-3.996550868973054,3.000839694571155,1.2027173603071744,0.006140161770500361
30.092,0,-3.999186882983582,-3.003888105412355,1.2061627942417306,0.0101160569266325
30.092,1,-3.9965498757520015,3.000782265769428,1.2026961518208505,0.006107502172448741
30.102,0,-3.99908938340959,-3.0039175228990276,1.2061550813674764,0.010290658312126312
30.102,1,-3.996551457814408,3.000724463359238,1.2026771816720638,0.006070227954856558
30.111,0,-3.9989898603021485,-3.003946598077886,1.2061511602298756,0.010443107882576567
30.111,1,-3.996555546941213,3.0006661919724844,1.2026612790431934,0.006046061010159863
30.121,0,-3.9988886724836017,-3.003975203843076,1.206151135036089,0.010571927388910125
30.121,1,-3.996562107501477,3.0006073891536533,1.202649007628113,0.006046951643260407
30.131,0,-3.9987862082395305,-3.004003232958171,1.2061541103388798,0.010664299298096029
30.131,1,-3.9965711359897407,3.000548031357397,1.2026404646471545,0.006088144925147779
30.142,0,-3.998682881948031,-3.004030596174866,1.2061559748519337,0.010706502880016684
30.142,1,-3.9965826552247283,3.000488133406066,1.202634664978607,0.006163825211473908
30.151,0,-3.998579114116929,-3.0040572057683286,1.206153169735025,0.010726187506624789
30.151,1,-3.9965967060945298,3.0004277368493275,1.2026306967747054,0.006257275698350934
30.162,0,-3.9984753177068826,-3.0040829608495785,1.2061433056659485,0.010760092941408214
30.162,1,-3.9966133369871146,3.000366898043294,1.202627934084637,0.006360860398281698
30.171,0,-3.998371889151195,-3.004107738204901,1.2061248002251777,0.010838554977283215
30.171,1,-3.9966325953636943,3.00030567941141,1.2026259471106215,0.006471317161375038
30.181,0,-3.9982692028248845,-3.004131385635353,1.2060978332954788,0.010890307729115981
30.181,1,-3.996654521047438,3.0002441430109394,1.2026243142552866,0.006588053494511663
30.192,0,-3.9981676112900715,-3.00415371779443,1.206067021215437,0.010792352681899802
30.192,1,-3.996679135315017,3.000182343865205,1.202622407266801,0.00671102921274869
30.201,0,-3.9980674428550937,-3.0041745282133436,1.2060365255757646,0.010563505135004009
30.201,1,-3.996706423299389,3.0001203212123384,1.2026197490011643,0.006840301217456047
30.211,0,-3.997969000671736,-3.0041935990957223,1.206009186207584,0.010244781273263295
30.211,1,-3.996736318669179,3.0000580917876496,1.2026160248126545,0.006975465755289154
30.222,0,-3.9978725630959655,-3.00421070811245,1.2059869272221682,0.009877705619043279
30.222,1,-3.9967686946648984,2.9999956459876187,1.2026110318260923,0.007115162027987398
30.232,0,-3.997778384366451,-3.0042256339069926,1.205971035794678,0.00949845214357185
30.232,1,-3.996803360176957,2.999932946207391,1.2026046428239139,0.007257148974605258
30.24,0,-3.997686695122074,-3.004238160786574,1.2059622337747207,0.009139778631363045
30.24,1,-3.9968400593866313,2.9998699267835423,1.202596770166092,0.007399006219444796
30.251,0,-3.9975977006162413,-3.004248084954309,1.2059601221460656,0.008816159673997995
30.251,1,-3.9968784797096006,2.9998064995812204,1.2025873051116873,0.0075382732439203464
30.261,1,-3.9969182770214386,2.999742572148079,1.202576179699441,0.007671531559919597
30.262,0,-3.9975115801178966,-3.0042552194756835,1.2059640542097085,0.008523075359217674
30.271,0,-3.997428485277127,-3.0042593997031912,1.2059735638023448,0.008260790388270963
30.271,1,-3.996959102609132,2.9996780667529084,1.2025633746959528,0.007795728547945757
30.282,0,-3.9973485385935117,-3.0042604876583123,1.205988305978192,0.008032516237690579
30.282,1,-3.997000623241449,2.9996129337184425,1.2025488990850857,0.007908420878715877
30.291,0,-3.9972718328126158,-3.004258374803216,1.206007923721878,0.0078358042180634
30.291,1,-3.997042535169568,2.9995471597227734,1.202532737527718,0.008010108980778202
30.301,0,-3.9971984327192893,-3.004252982676229,1.206031798748576,0.007663981652228834
30.301,1,-3.9970845724876147,2.999480765691355,1.2025147419371134,0.008102963430844814
30.311,0,-3.9971283835533304,-3.004244258120148,1.206059413471074,0.007518589899070112
30.311,1,-3.9971265099267086,2.999413787589364,1.2024948008868743,0.00818804221807329
30.322,0,-3.997061718458194,-3.004232168952465,1.2060903998818242,0.007401921490815284
30.322,1,-3.99716816281351,2.999346256556642,1.2024728638607531,0.008267815955719118
30.331,0,-3.996998463735009,-3.0042167006527762,1.206124490166736,0.007315854051632876
30.331,1,-3.997209385869111,2.999278185043111,1.2024489218502548,0.008345595078204853
30.341,0,-3.9969386419673176,-3.0041978542142025,1.2061612751407669,0.007229738980793237
30.341,1,-3.9972500714363624,2.99920955808049,1.2024226189546785,0.008460623954628443
30.351,0,-3.9968822732797578,-3.0041756456919915,1.206199410816659,0.007097511866444534
30.351,1,-3.9972901479760257,2.9991403298022443,1.2023918786370407,0.008676478362379347
30.361,0,-3.996829385162661,-3.00415009816466,1.2062376632427436,0.006936413419036909
30.361,1,-3.99732957660868,2.9990704229342944,1.2023547648713735,0.008997797964660308
30.371,0,-3.996780019054009,-3.0041212365982135,1.2062751987922806,0.006763291318612838
30.371,1,-3.9973683479160975,2.998999731145812,1.2023100075243673,0.009423905118232857
30.381,0,-3.9967342332894216,-3.004089085269216,1.2063114618549469,0.006592290923165805
30.381,1,-3.9974064789759383,2.998928122278696,1.2022568019150168,0.009946795052268835
30.391,0,-3.996692104386063,-3.0040536660011545,1.2063460891721192,0.0064349744833691516
30.391,1,-3.997444010207649,2.9988554418868016,1.202194664284899,0.010553620932417983
30.401,0,-3.9966537266099316,-3.0040149972857244,1.2063787990626484,0.006294044117805048
30.401,1,-3.997481001906922,2.998781516044862,1.2021239145713185,0.011101671705575555
30.411,0,-3.996619204351894,-3.0039730960289326,1.2064092300148264,0.006174186886567161
30.411,1,-3.9975175300841537,2.998706151128008,1.2020488672754264,0.011319485768814268
30.421,0,-3.996588632676639,-3.00392798252207,1.2064371180885844,0.006088820899458926
30.421,1,-3.997553686531493,2.9986291484093,1.2019741476193642,0.01129710898190417
30.431,1,-3.9975895774150945,2.998550318268935,1.201902928067411,0.01113166325337266
30.432,0,-3.99656207803401,-3.003879685903764,1.2064623028262838,0.006047128174110034
30.442,0,-3.996539565080857,-3.0038282479161884,1.2064846953606894,0.006055018642089147
30.442,1,-3.997625320678593,2.9984694884573178,1.201837353119815,0.01089892111053297
30.452,0,-3.9965210679417074,-3.0037737258883945,1.2065040295954583,0.0060951990540122035
30.452,1,-3.9976610434434017,2.9983865106883547,1.2017784469518287,0.010713888875924416
30.462,0,-3.9965065088263128,-3.0037161967466397,1.206519286814719,0.0061655045775474305
30.462,1,-3.997696875632996,2.9983012700165514,1.201725345424796,0.010636773685423125
30.472,0,-3.996495775046869,-3.003655758023697,1.2065296190803887,0.006287928376863857
30.472,1,-3.9977329365476435,2.998213693408532,1.201677100040517,0.010633579321433025
30.481,0,-3.9964887339476785,-3.0035925305840965,1.2065344942581104,0.006471177624348114
30.481,1,-3.9977693226398667,2.998123759174806,1.2016330508719302,0.010679412313360118
30.492,0,-3.9964852434619726,-3.0035266602155284,1.2065336037510987,0.006713421932953472
30.492,1,-3.9978060993869446,2.9980315027247544,1.201592737594845,0.010755255394097192
30.501,0,-3.996485160020991,-3.0034583174258866,1.2065268138749925,0.007005478657390245
30.501,1,-3.997843296453427,2.9979370187023124,1.2015557343038175,0.010855024224683752
30.511,0,-3.9964883413947114,-3.0033876937133233,1.2065141793862915,0.007334068046537621
30.511,1,-3.997880906549417,2.99784045785853,1.2015213594404344,0.01097104796219655
30.521,0,-3.9964946408923887,-3.003314992675828,1.2064958096950773,0.0076874608107086375
30.521,1,-3.9979188890762347,2.9977420146891034,1.2014890454954184,0.011087491365940247
30.532,0,-3.996503901155446,-3.0032404207830328,1.206471825299896,0.00805642259767547
30.532,1,-3.9979571748527802,2.9976419149664997,1.2014583896541375,0.011193795180875949
30.541,0,-3.9965159503909296,-3.0031641803330382,1.2064423524744077,0.00843363021086976
30.541,1,-3.9979956704413953,2.997540405642818,1.201429103969669,0.011283067759001135
30.551,0,-3.996530600468277,-3.0030864643445785,1.2064075205607674,0.008813612494979053
30.551,1,-3.9980342620649663,2.997437746645374,1.2014009799690137,0.011350796572515665
30.561,0,-3.9965476463899368,-3.003007453133339,1.2063673902348526,0.0092007082723302
30.561,1,-3.9980728192503405,2.9973342039072435,1.2013742610755034,0.011370018389656835
30.571,0,-3.996566870559599,-3.002927313904468,1.2063217867631557,0.009600527540076448
30.571,1,-3.998111200881341,2.997230044540997,1.2013505645819973,0.01132887301289875
30.581,0,-3.996588057051579,-3.002846204289275,1.2062705806299212,0.010007814288644083
30.581,1,-3.998149267313881,2.9971255372912244,1.2013312986976756,0.011252585142932316
30.592,0,-3.9966110048964354,-3.002764276660171,1.206213728574146,0.010418265231594562
30.592,1,-3.998186891957465,2.9970209518245285,1.2013173956865262,0.01116035125889833
30.602,0,-3.996635537132616,-3.002681681170033,1.2061512496345232,0.010827851255250286
30.602,1,-3.9982239692465176,2.9969165573814798,1.2013094562859112,0.01106588817910794
30.612,0,-3.996661507879883,-3.0025985669556436,1.2060841139989023,0.011096835553536723
30.612,1,-3.9982604195156357,2.996812621355269,1.201307947273664,0.01097893364850979
30.621,0,-3.996688807461662,-3.002515078778351,1.2060154910714738,0.01116178217418198
30.621,1,-3.9982961880215533,2.996709407967762,1.201313772948197,0.010915814886687773
30.631,0,-3.996717360645786,-3.002431348621629,1.2059479628657244,0.011086099301726467
30.631,1,-3.998331231995029,2.996607175711212,1.2013277534500169,0.010894279345264369
30.641,0,-3.9967471274973985,-3.0023474860774826,1.2058832947863702,0.010920943134084208
30.641,1,-3.9983655046032975,2.996506174492859,1.2013503978087194,0.010924888533886325
30.65,1,-3.998398943329539,2.996406643425854,1.2013820025145214,0.011012531880891855
30.651,0,-3.9967781032341576,-3.00226357186182,1.2058226864390085,0.010706095788592771
30.661,0,-3.9968103167040114,-3.002179654131338,1.2057669429680813,0.010471977402282418
30.661,1,-3.99843146247817,2.9963088091378274,1.2014227147441305,0.011157581744922422
30.671,0,-3.996843826788645,-3.0020957472760035,1.2057160190421912,0.010307940076422021
30.671,1,-3.9984629496488497,2.9962128835694046,1.2014720587567926,0.01129325093495076
30.681,0,-3.996878710628105,-3.002011837967169,1.205668299111041,0.01023995838676324
30.681,1,-3.9984932700348037,2.996119061817424,1.2015277483232154,0.011338049490628787
30.691,0,-3.996915043528592,-3.001927901303027,1.2056224160452687,0.010234473898931281
30.691,1,-3.998522278036828,2.996027529525099,1.201587766062154,0.011301386288633966
30.701,0,-3.9969528794172553,-3.0018439157685255,1.2055774333912348,0.010269784786594509
30.701,1,-3.998549830584968,2.995938467605162,1.201650712996133,0.01119761895674704
30.711,0,-3.996992237421628,-3.001759873611472,1.205532711110995,0.010330579140242165
30.711,1,-3.9985757971223097,2.995852054518382,1.201715616687883,0.011040749618401182
30.721,0,-3.9970330935385805,-3.0016757876259104,1.2054876892422726,0.010421140224577337
30.721,1,-3.998600066317594,2.995768467835249,1.2017818962354387,0.01085969876699769
30.731,0,-3.9970753793605245,-3.001591695402042,1.2054413653943474,0.010552686237846162
30.731,1,-3.9986225515819878,2.9956878871252206,1.2018496233083182,0.010687278137205809
30.742,0,-3.9971189950113284,-3.001507661775788,1.2053928800591969,0.010709392763338607
30.742,1,-3.998643200590659,2.9956104971974695,1.2019189810067288,0.01052210457156
30.752,0,-3.9971638237868024,-3.001423779682938,1.2053416649980966,0.01088011770410005
30.752,1,-3.998662002780402,2.995536491790992,1.201990085127496,0.010363387985218311
30.761,0,-3.997209743033488,-3.0013401695953927,1.2052873521987346,0.011056992735566068
30.761,1,-3.998678993123051,2.9954660758907927,1.2020630047748646,0.010210938652541517
30.772,0,-3.9972566320495457,-3.0012569778434446,1.2052297104649858,0.011234504349815308
30.772,1,-3.998694254103016,2.995399463857277,1.2021371346707057,0.009949135269058966
30.781,1,-3.9987079117696718,2.995336872149863,1.2022103132757394,0.009522753518379305
30.782,0,-3.99730437626673,-3.0011743722824464,1.205168598732538,0.011408834517695613
30.791,0,-3.9973528672785394,-3.0010925343612675,1.205103949285135,0.011576898061492223
30.791,1,-3.998720118887949,2.995278517872221,1.2022807934808866,0.008978156082013194
30.801,0,-3.9974020019554195,-3.0010116515756997,1.205035744088468,0.011737317251921316
30.801,1,-3.9987310420279885,2.995224611445802,1.202347404153602,0.008350128363988147
30.811,0,-3.9974516818037036,-3.0009319115702926,1.2049639962003333,0.011889482738544833
30.811,1,-3.9987408523626784,2.995175350123459,1.2024093701051712,0.007663980694249514
30.821,0,-3.9975018125366737,-3.000853497671407,1.2048887459954358,0.012032499480364878
30.821,1,-3.9987497188438597,2.995130913437168,1.2024661931989922,0.006938998690539113
30.831,0,-3.997552304199307,-3.000776586366608,1.2048107501265204,0.01205616857517321
30.831,1,-3.9987578031115585,2.995091460294272,1.2025176226351975,0.006199979900099274
30.842,0,-3.9976030739235773,-3.0007013432265044,1.2047324344155208,0.011912259464591665
30.842,1,-3.998765255697396,2.995057125103401,1.2025637185190379,0.00546660600548978
30.851,0,-3.9976540519631256,-3.0006279095173243,1.2046557650639327,0.011652036060788608
30.851,1,-3.9987722134960246,2.9950280078923153,1.2026046027461652,0.00474265702552526
30.862000000000002,0,-3.997705187944349,-3.000556392918113,1.2045820754319185,0.011315208898149434
30.862000000000002,1,-3.9987787980333094,2.995004166520331,1.2026403956305978,0.0040333285712364835
30.871,0,-3.9977564548461033,-3.000486862295972,1.2045122617164388,0.010932292700043025
30.871,1,-3.998785114545491,2.9949856125795042,1.2026712181324914,0.003346133165084786
30.881,1,-3.998791251895357,2.994972310852141,1.202697322569483,0.002723060724507228
30.882,0,-3.997807850818107,-3.0004193448041367,1.2044466268742753,0.010577934789328705
30.891,0,-3.9978593970102057,-3.0003538258416667,1.2043839035389232,0.010326949512417437
30.891,1,-3.9987972872025637,2.9949641854953084,1.2027194124449656,0.0022121521926796992
30.901,0,-3.997911128678853,-3.000290261644959,1.2043227720767904,0.010149829821392467
30.901,1,-3.9988032997019674,2.994961131009788,1.202738112665392,0.0018352637575670106
30.911,0,-3.9979630852587302,-3.000228590997193,1.2042623232354663,0.010026524077767388
30.911,1,-3.9988093838542316,2.9949630259085294,1.2027538828855566,0.0016322052977160743
30.921,0,-3.998015303015282,-3.000168743236586,1.2042019294050534,0.009943580628731588
30.921,1,-3.998815657860149,2.994969743585953,1.2027670666682118,0.0016300507612196369
30.931,0,-3.998067809979666,-3.0001106449508868,1.2041415937969142,0.009819971880171115
30.931,1,-3.998822268496863,2.99498116019178,1.2027779359156003,0.001807776165386193
30.941,0,-3.9981206204200754,-3.000054224586148,1.2040829231575654,0.0095951948937631
30.941,1,-3.998829389966903,2.994997158803323,1.2027867906445624,0.0021078908292201924
30.951,0,-3.99817372458134,-2.9999994081507726,1.204027359045539,0.009307414814065391
30.951,1,-3.9988372095662084,2.995017625753154,1.2027938965298806,0.002472877570910142
30.961,0,-3.998227080412329,-2.9999461168300763,1.2039758653477752,0.008985012984154576
30.961,1,-3.998845910100915,2.9950424449776603,1.2027994556587882,0.002868758905645816
30.971,0,-3.9982806090543064,-2.9998942661354127,1.2039290754689083,0.008647996483993085
30.971,1,-3.9988556568994094,2.995071494208973,1.2028036238946984,0.003277014682607555
30.981,0,-3.998334193064752,-2.9998437655667254,1.2038873936700811,0.008310417303695
30.981,1,-3.9988665889381583,2.9951046426053067,1.202806523306038,0.00368719600065354
30.991,0,-3.998387676741039,-2.9997945185003654,1.2038508664359389,0.008003931858680263
30.991,1,-3.9988788130014656,2.9951417488476157,1.2028080967351213,0.004091374574077083
31.001,0,-3.9984408686964907,-2.9997464237113283,1.2038187734446344,0.007741944890953257
31.001,1,-3.9988924008774855,2.995182657026143,1.202807256520286,0.004494117073174579
31.011,0,-3.9984935461972366,-2.999699381753319,1.2037904384510705,0.007504900705941362
31.011,1,-3.998907396236896,2.9952271994668975,1.202802855676919,0.004910456719820672
31.021,0,-3.9985454598629033,-2.9996533002682795,1.203765378240684,0.007279543470942791
31.021,1,-3.998923823200757,2.995275197534757,1.2027941404088147,0.005346637662033163
31.031,0,-3.998596338336357,-2.999608097463727,1.2037432425540104,0.007056619134429506
31.031,1,-3.9989416924908836,2.9953264610184895,1.2027806307412205,0.005801888512505536
31.041,0,-3.9986458933308806,-2.9995637041568717,1.2037234814090565,0.006856186003906416
31.041,1,-3.9989610063261085,2.995380788774673,1.2027621619888595,0.0062581274167549565
31.051,0,-3.998693829906316,-2.999520065086213,1.2037036999748385,0.006722531499898493
31.051,1,-3.9989817631154936,2.9954379705079117,1.2027395286269047,0.006675113982798123
31.061,0,-3.998739861669464,-2.9994771457144966,1.2036814626944685,0.006646682107996185
31.061,1,-3.9990039592851128,2.9954977806875647,1.2027136550818323,0.007049485816102352
31.071,0,-3.998783727238851,-2.9994349379368517,1.2036551299086178,0.006634395425062303
31.071,1,-3.9990275910578257,2.995559973963166,1.202685195513212,0.00738346156118988
31.081,0,-3.9988252027882627,-2.9993934626374745,1.2036236149498976,0.006693721138919773
31.081,1,-3.999052656207994,2.99562428410444,1.2026546130860993,0.007679805277087707
31.091,0,-3.9988641097937303,-2.999352770499266,1.2035863060088854,0.00680832138770984
31.091,1,-3.9990791551929106,2.9956904243932496,1.2026222039194112,0.007944988718621811
31.101,0,-3.998900315857094,-2.9993129413506012,1.2035437438266479,0.0069059363028503426
31.101,1,-3.9991070938744415,2.9957580897773406,1.2025880142964362,0.008186369228889705
31.111,0,-3.998933730499478,-2.999274077931668,1.2034968211224755,0.0069840562607834345
31.111,1,-3.9991364920642285,2.995826962458119,1.2025520392421583,0.008403660150941357
31.122,0,-3.9989642967957564,-2.9992362978246407,1.203446172614764,0.007048601067940271
31.122,1,-3.999167391719733,2.995896717721896,1.202514291242692,0.00859750433030459
31.131,0,-3.998991982883909,-2.9991997271723267,1.203392250445514,0.007105557305320227
31.131,1,-3.999199861804566,2.9959670289015268,1.2024747926040176,0.008769607546975039
31.142,0,-3.9990167752231187,-2.9991644956501897,1.2033353803537536,0.007160049772340931
31.142,1,-3.9992340006220877,2.9960375715260232,1.2024335716462013,0.008922217161497334
31.151,0,-3.999038673172054,-2.9991307325071848,1.2032758350718926,0.0072054567165661726
31.151,1,-3.999269936394877,2.996108026713792,1.202390743323066,0.009043835470509822
31.161,1,-3.9993078267637725,2.9961780838515732,1.2023471840994147,0.009097219510477825
31.162,0,-3.9990576833387825,-2.9990985626016844,1.203214156698461,0.007212801412094798
31.171,0,-3.9990738138619544,-2.9990680969565457,1.2031509113911403,0.007193271304710314
31.171,1,-3.9993478512162755,2.9962474435720026,1.202303925910017,0.009099613847233538
31.181,0,-3.999087068512078,-2.9990394224012786,1.2030864957535587,0.007158910656620096
31.181,1,-3.999390201516446,2.996315821038616,1.2022616874127352,0.009069455446706927
31.192,0,-3.999097442057083,-2.9990125948218096,1.2030211849558803,0.007119053705964347
31.192,1,-3.999435074461476,2.996382948427979,1.2022209599099425,0.009021382619325745
31.202,0,-3.9991049167078074,-2.998987635993381,1.2029554949198962,0.0070002610182187935
31.202,1,-3.999482665673653,2.9964485768489255,1.2021818950480057,0.008990023220762644
31.212,0,-3.999109465119737,-2.998964534756297,1.2028909734102957,0.006744878554935637
31.212,1,-3.9995331634598696,2.996512476898735,1.2021436803382268,0.00900936625103978
31.221,1,-3.9995867493698887,2.996574431882898,1.2021054856610152,0.009068049559071966
31.221,0,-3.9991110740198486,-2.9989432485629717,1.2028289320915488,0.0064015419649782615
31.232,0,-3.999109764213647,-2.9989237080519144,1.2027702494229768,0.0060059009768392005
31.232,1,-3.9996435980756004,2.996634231194185,1.2020667470549442,0.009159382153127851
31.241,0,-3.9991056029839274,-2.998905821789381,1.2027155006885837,0.005584381043613057
31.241,1,-3.999703876364714,2.9966916662270093,1.2020270850771075,0.00927963923053243
31.25,0,-3.9990987103558164,-2.9988894808961337,1.2026652711910042,0.0050880281763046225
31.25,1,-3.9997677422163083,2.9967465277246905,1.201986324935531,0.009418528702710248
31.261,0,-3.999089256894828,-2.9988745653699533,1.2026214284729786,0.004412775413676158
31.261,1,-3.9998353372498565,2.9967986042068264,1.2019445630410373,0.009570483043568324
31.272,0,-3.999077459347002,-2.998860948773917,1.2025858064124213,0.003645613779046021
31.272,1,-3.9999067665836385,2.9968476820812704,1.2019019056824047,0.009735885673472383
31.281,0,-3.999063570323974,-2.9988485044596707,1.2025596027225012,0.002885062592837337
31.281,1,-3.9999820820490215,2.9968935459145687,1.2018584318178989,0.00991317362718079
31.291,0,-3.9990478671285152,-2.998837111262056,1.2025435756114224,0.002275562566066334
31.291,1,-4.000061272168703,2.9969359791419534,1.2018142005821772,0.010099410644683091
31.301,0,-3.9990306425926825,-2.998826657457681,1.2025381762617535,0.002047405943451787
31.301,1,-4.000144257150586,2.996974765097199,1.2017692574297223,0.010290531124603191
31.311,1,-4.000230888466551,2.997009687801114,1.2017237826989573,0.010465369399283612
31.311,0,-3.999012198658166,-2.998817042552923,1.2025426228981229,0.002249305967436779
31.321,0,-3.998992839812009,-2.9988081781646665,1.2025535643095266,0.0025090984367744404
31.321,1,-4.000320956925679,2.9970405353839547,1.2016784351716647,0.010608533474932187
31.331,0,-3.998972861341282,-2.9987999919299715,1.2025682395288808,0.0026793427764354154
31.331,1,-4.000414209603012,2.997067114222256,1.2016337855879584,0.010728932661842635
31.341,0,-3.9989525437013054,-2.9987924280451477,1.2025847574361612,0.0027498502303819547
31.341,1,-4.000510369251496,2.997089260637063,1.2015902229695175,0.010833655603308354
31.351,0,-3.998932149080689,-2.9987854468513278,1.2026018265622227,0.0027388358645842057
31.352,1,-4.000609149654026,2.9971068481213234,1.2015480105863023,0.010928173288606458
31.361,0,-3.998911919107312,-2.9987790241946106,1.2026184423130775,0.002647743151802927
31.361,1,-4.000710266090034,2.997119793581955,1.201506904751805,0.011053976758183726
31.371,0,-3.9988920755055424,-2.998773153183191,1.2026335854599606,0.002488240634816451
31.371,1,-4.000813442730092,2.9971280644723364,1.2014655974171626,0.011225757932267875
31.381,0,-3.998872825221368,-2.998767850498032,1.2026465201607635,0.002285874843476214
31.381,1,-4.000918421807524,2.9971316793899008,1.2014230218759665,0.011428188296863973
31.391,1,-4.001024967489358,2.99713071199429,1.2013784684556812,0.011651966167585133
31.392,0,-3.9988543653969115,-2.9987631614415315,1.202656764272816,0.002061348912763985
31.401,0,-3.998836886761255,-2.998759162359473,1.2026640099889465,0.001832746217812638
31.401,1,-4.00113286781707,2.997125292731375,1.201331473021393,0.011890732995224834
31.411,0,-3.998820575808614,-2.998755961112322,1.202668069566749,0.0016189771508835153
31.412,1,-4.001241935711174,2.997115608063096,1.201281742327985,0.012139258424515425
31.422,0,-3.9988056153447835,-2.9987536955161005,1.202668412049324,0.001452237037840994
31.422,1,-4.0013520084781256,2.997101899608369,1.2012285266523082,0.01245467604825988
31.431,0,-3.9987921819450194,-2.9987525271401028,1.202663538777628,0.0014808246545052867
31.431,1,-4.001462944961778,2.9970844543110573,1.201169772447927,0.012869338427963013
31.441,0,-3.9987804425851334,-2.9987526312151602,1.2026522720327266,0.0018083882730245862
31.441,1,-4.0015746221747195,2.997063570730993,1.2011038589448104,0.013366007753477493
31.451,0,-3.998770550252272,-2.9987541863578695,1.2026338479400847,0.002369953161171882
31.451,1,-4.001686930098881,2.997039535087023,1.2010297246247992,0.01393058810450793
31.461,0,-3.9987626407077372,-2.998757366668061,1.2026077926896883,0.003064915148972409
31.461,1,-4.001799767533369,2.9970126054701076,1.2009466927536365,0.014550499582447316
31.471,0,-3.998756832374153,-2.9987623375385817,1.2025747090948926,0.003623586042083992
31.471,1,-4.001913039911339,2.9969829981785034,1.2008555855435081,0.015026161329004757
31.481,0,-3.998753227689412,-2.9987692532008023,1.2025374293776578,0.003930756791279825
31.481,1,-4.002026661171063,2.996950882574273,1.2007603649852656,0.015253662203602763
31.491,0,-3.998751905659494,-2.998778246417969,1.202498300890319,0.00406925466624008
31.491,1,-4.002140558972397,2.9969164021540835,1.2006643022337866,0.015304965913250045
31.501,1,-4.002254681697055,2.9968796858744184,1.2005696320706163,0.015238013566008327
31.502,0,-3.9987529201225356,-2.9987894236516612,1.2024589399975982,0.004102385628564652
31.511,0,-3.998756300045129,-2.998802863010874,1.2024204551950568,0.004076901102266809
31.511,1,-4.0023690030682415,2.9968408550338985,1.2004778750238427,0.015096856852515366
31.521,0,-3.9987620499823713,-2.998818613061413,1.2023833411255713,0.00408890352044319
31.521,1,-4.002483524275616,2.9968000284901697,1.2003900534291603,0.014914159713029576
31.531,0,-3.998770154144831,-2.99883669409601,1.2023469687492438,0.004199217568082632
31.531,1,-4.00259826913643,2.996757330210927,1.2003068401403474,0.01471216999378065
31.541,0,-3.998780593059146,-2.998857108847567,1.2023106902566343,0.004376987894407821
31.542,1,-4.002713267101374,2.9967129035995557,1.2002286779679732,0.014504060160652539
31.551,1,-4.0028285364196385,2.9966669240838293,1.20015585280002,0.014296946392792033
31.551,0,-3.998793357470632,-2.9988798512338666,1.202274060906696,0.00460102195343382
31.561,0,-3.998808457226451,-2.9989049122445124,1.2022367763909247,0.0048574752501213325
31.561,1,-4.002944072531878,2.9966196066298143,1.2000885412903917,0.014093572339221292
31.571,0,-3.9988259266777892,-2.9989322840802357,1.202198629846055,0.005137681522438996
31.571,1,-4.003059840740344,2.9965712092296917,1.2000268456102037,0.013893490650141968
31.58,0,-3.9988458275077523,-2.99896196318136,1.2021596150358291,0.005413116249363958
31.58,1,-4.00317577204529,2.99652203370743,1.1999702850245688,0.013750119862207418
31.591,0,-3.998868245409586,-2.9989939513574626,1.2021200907896865,0.005674107778291568
31.591,1,-4.003291763169595,2.9964724201240016,1.1999165614952005,0.013689422908587967
31.602,0,-3.998893276733356,-2.99902825314213,1.2020803611436146,0.005931381047389193
31.602,1,-4.0034076827743625,2.9964227288284877,1.1998636681960562,0.013669734066887118
31.612,0,-3.9989210164964764,-2.999064873776657,1.202040632510607,0.006191618520719137
31.612,1,-4.0035233779324235,2.996373324723464,1.1998102375523567,0.013667859378161965
31.62,1,-4.003638679638224,2.99632456560031,1.199755346195162,0.0136707748759046
31.621,0,-3.9989515497673236,-2.9991038177907887,1.2020010433721595,0.006458524761059508
31.631,0,-3.9989849456974658,-2.9991450880323467,1.20196172084306,0.006727604943261478
31.631,1,-4.003753407439304,2.9962767936494927,1.1996986346804088,0.01363923079807815
31.64,0,-3.9990212507516993,-2.999188685617146,1.201922926476931,0.006992510813924072
31.64,1,-4.0038673726922225,2.996230327737144,1.199641158080063,0.013526896516791825
31.652,0,-3.999060474440873,-2.999234610428894,1.2018848892223624,0.0072570244013277505
31.652,1,-4.003980382043469,2.9961854480700096,1.1995840262455868,0.013351214661293865
31.661,0,-3.999102576575928,-2.9992828621438328,1.201847761264376,0.007521747091786834
31.661,1,-4.004092240361143,2.996142382547913,1.1995279901536162,0.013127170235829135
31.671,0,-3.9991474599703944,-2.9993334410382952,1.201811641083088,0.00778506922316301
31.671,1,-4.004202753089541,2.996101298693528,1.1994735514863064,0.012866519826926333
31.681,1,-4.004311728415207,2.996062299856798,1.1994208860427025,0.012593568552458542
31.682,0,-3.999194966310388,-2.9993863471706623,1.201776085006058,0.008097010435190281
31.691,0,-3.9992448771631346,-2.9994415777194336,1.2017394163397417,0.008469533045118185
31.691,1,-4.004418976741628,2.996025430354754,1.1993696869326758,0.01231948096058066
31.701,0,-3.9992969264501945,-2.9994991277874195,1.2017002797925886,0.008875372796097555
31.701,1,-4.0045243044761225,2.995990693781611,1.1993196743731938,0.01203993332489159
31.711,0,-3.9993508094179617,-2.9995589880412425,1.201657770684207,0.009298414272918325
31.711,1,-4.004627509040373,2.995958069984217,1.199270656811758,0.011751312963308478
31.721,0,-3.999406190086455,-2.9996211426299006,1.2016112946596593,0.00972806299055927
31.721,1,-4.004728376261632,2.9959275277695694,1.1992225038964837,0.011450550566697526
31.731,0,-3.9994627081107192,-2.999685567939008,1.2015604728190226,0.01015666797015676
31.731,1,-4.00482667947435,2.9958990341984335,1.1991751274204756,0.01113505290350305
31.741,0,-3.9995199853514363,-2.9997522329588966,1.201505474068988,0.010515973897283629
31.741,1,-4.004922180157293,2.9958725609020913,1.199128381145125,0.01081272682307262
31.751,0,-3.999577631424217,-2.999821104155628,1.2014484336351507,0.010720633635658467
31.751,1,-4.005014631601263,2.995848085889405,1.199081844998531,0.010490877943370416
31.761,0,-3.9996352449512,-2.9998921466999255,1.201391415636023,0.0108118642212877
31.761,1,-4.005103785226294,2.995825590337438,1.1990351609134648,0.010165366017777625
31.771,0,-3.9996924167645247,-2.999965329550961,1.20133581713748,0.010824655556395817
31.771,1,-4.005189397605638,2.995805053922494,1.1989880858283968,0.009834611657006477
31.781,0,-3.999748733756125,-3.000040630393379,1.2012825725660101,0.010785302359449989
31.781,1,-4.005271236027622,2.9957864513621946,1.1989404561681158,0.009498809320127604
31.791,0,-3.9998037836960725,-3.0001180367128777,1.2012314573781073,0.010816573430544794
31.791,1,-4.005349081688217,2.9957697505268603,1.1988923820800974,0.0091252678729475
31.801,0,-3.9998571657090505,-3.000197538961971,1.2011792105399444,0.011004504565536073
31.801,1,-4.005422729638133,2.9957549119701574,1.1988450345784354,0.008669386146711802
31.811,0,-3.999908499378903,-3.0002791262232855,1.2011229303315276,0.011308270771192761
31.811,1,-4.005491996939643,2.9957418840871197,1.1987995344363604,0.008152463478325402
31.821,0,-3.999957434503311,-3.0003627758301463,1.2010606596326747,0.011707924713305755
31.821,1,-4.00555672734818,2.9957306003251167,1.198756630786561,0.007592456056617936
31.831,0,-4.000003658519838,-3.000448444959653,1.2009910886195767,0.012189649861426885
31.832,1,-4.005616792874943,2.995720978394816,1.1987168154031143,0.007003284799376074
31.841,0,-4.000046900702576,-3.000536065825907,1.2009135176554013,0.01270291170301656
31.841,1,-4.005672095824812,2.9957129199351678,1.1986800720202173,0.006449223470875614
31.851,0,-4.0000869298207045,-3.000625546120472,1.200829059545818,0.01311997473712878
31.851,1,-4.005722572000573,2.9957063102721095,1.1986447101348496,0.0060094929467207235
31.861,0,-4.000123555943901,-3.0007167683876035,1.2007393486123838,0.013452789028243437
31.861,1,-4.005768172980665,2.9957010248922016,1.1986090571853425,0.005667325774482841
31.871,0,-4.000156630111179,-3.000809592514771,1.200645545752563,0.013722274897991668
31.871,1,-4.0058088533296115,2.9956969341243327,1.198571961851778,0.005417518303906042
31.881,0,-4.000186040419929,-3.0009038604747627,1.2005484703761857,0.013944767127607782
31.881,1,-4.005844564127562,2.995693906024031,1.1985326308839583,0.005260353414628299
31.891,0,-4.0002117082531266,-3.0009994005755547,1.2004487046154089,0.014132364169726509
31.891,1,-4.00587524881115,2.9956918087485045,1.1984905182375079,0.00519656574113145
31.901,0,-4.000233583252713,-3.0010960317379354,1.2003471173046976,0.014215053145314637
31.901,1,-4.0059008397144416,2.99569051271699,1.1984454781838996,0.005170773043065283
31.911,0,-4.000251642809209,-3.001193567418753,1.200245539442284,0.014168298174900158
31.911,1,-4.00592125695949,2.995689893381851,1.1983982507037352,0.005128259196822769
31.921,0,-4.000265907944563,-3.0012918170936875,1.2001454248154655,0.014033249482893551
31.921,1,-4.005936421346927,2.995689834379072,1.198349532032342,0.005087107866135693
31.931,0,-4.000276452882494,-3.0013905891433064,1.2000477639384095,0.013839625190912395
31.931,1,-4.005946263685709,2.9956902309670115,1.1982998017559277,0.005063395997777441
31.942,0,-4.000283409318442,-3.0014896935095714,1.1999532242540139,0.013608007982115696
31.942,1,-4.0059507304795705,2.9956909923962862,1.1982493880256528,0.005070011987414603
31.951,0,-4.00028696877927,-3.001588943755773,1.1998617469047672,0.013434204310046997
31.951,1,-4.005949787058298,2.9956920432478182,1.198198619541364,0.005084985313506245
31.961,0,-4.0002873792229785,-3.001688158748024,1.1997719117184966,0.01335546323252789
31.961,1,-4.005943417047837,2.995693323611435,1.1981482470068703,0.005077437385194373
31.971,1,-4.005931624226311,2.9956947872530977,1.1980989340141694,0.005075589594866967
31.971,0,-4.000284926998641,-3.001787163877727,1.1996825156524533,0.013337842191021881
31.981,0,-4.000279924238647,-3.0018857913681667,1.1995927312232668,0.013358983650086902
31.981,1,-4.005914431325735,2.995696399444742,1.1980511218505578,0.005099713507746607
31.991,0,-4.000272699452987,-3.0019838805493384,1.1995019890986858,0.01340384825316131
31.991,1,-4.005891877815534,2.995698135146635,1.1980050967369582,0.005162852486821787
32.001,1,-4.005864017976192,2.9956999772835853,1.1979610389982187,0.005270712998853254
32.002,0,-4.000263588095528,-3.0020812774132253,1.1994107794999227,0.013315542175228817
32.011,0,-4.000252923611941,-3.002177830451726,1.1993218266812946,0.013029885405248893
32.011,1,-4.00583092136951,2.9957019128503815,1.1979190614602662,0.0054238738964043015
32.021,1,-4.005792677358102,2.9957039253514104,1.1978792264246563,0.00561875925004535
32.021,0,-4.00024103454756,-3.0022733840628026,1.1992373597317565,0.012613011113221504
32.032,0,-4.0002282372465325,-3.0023677719417488,1.1991588670908502,0.012112957324459554
32.032,1,-4.0057493990140545,2.9957059882484285,1.1978415601205812,0.005849107934236756
32.041,1,-4.005701225089385,2.995708060720913,1.1978060616421307,0.0061071351600341895
32.042,0,-4.000214829879107,-3.0024608128515076,1.199087322238656,0.011564205201309958
32.051,0,-4.000201088479065,-3.0025523085608725,1.1990233376342112,0.010991139099616166
32.051,1,-4.005648320367547,2.9957100852751624,1.197772712337462,0.006384352120594505
32.061,1,-4.00559087743009,2.9957119869394893,1.1977408961676497,0.0067442415274604275
32.062,0,-4.0001872644776935,-3.002642043616789,1.1989672381507561,0.01041680473772705
32.071,0,-4.000173581574819,-3.002729787763884,1.198918969930694,0.009859459166480011
32.071,1,-4.005529118026028,2.9957136761604137,1.1977080269275369,0.007218745035931237
32.081,0,-4.000160228891729,-3.0028153017234867,1.1988783750114713,0.009320070814142583
32.081,1,-4.0054632711906235,2.9957150566773305,1.1976718789377137,0.007762308926419309
32.091,0,-4.0001473548277975,-3.0028983438259287,1.1988452953049062,0.00880077043662142
32.091,1,-4.00539356136282,2.995716033417235,1.1976309612443539,0.008353446774356586
32.101,1,-4.005320201980644,2.9957165183486745,1.1975842936958434,0.00897914591215706
32.102,0,-4.000135063807045,-3.002978675465455,1.1988195708560079,0.008304716453089719
32.111,0,-4.000123415311157,-3.0030560661738983,1.1988007891423507,0.00784970222565307
32.112,1,-4.005243388872278,2.995716434072021,1.1975319034565335,0.00952999652267793
32.121,0,-4.000112427490042,-3.003130299839551,1.1987876903502268,0.007433774169880519
32.121,1,-4.005163296368837,2.9957157138462107,1.1974762644777497,0.009913120977602264
32.131,0,-4.00010208947688,-3.0032011771754927,1.1987791602862063,0.007036138963710022
32.131,1,-4.0050800974616525,2.9957143000471635,1.1974196264412271,0.01017591218584618
32.14,0,-4.000092373430761,-3.0032685194361695,1.1987743945159943,0.006646051547664449
32.14,1,-4.004993975717511,2.9957121409859133,1.1973635337713315,0.010355591229658508
32.151,0,-4.000083243557657,-3.0033321713972283,1.1987728060036478,0.006258566766898468
32.151,1,-4.004905131217087,2.995709188225006,1.1973090401057054,0.01047862260834058
32.161,0,-4.000074662764237,-3.00339200310207,1.1987739570354412,0.005872150705891276
32.161,1,-4.00481378401664,2.995705394693422,1.1972568599687858,0.010562255350294503
32.171,0,-4.000066597541731,-3.0034479098596143,1.198777713618632,0.005492811145698482
32.171,1,-4.004720175712807,2.9957007135970706,1.197207399786917,0.010626311219827097
32.181,0,-4.000059021169577,-3.003499810612707,1.1987853132952386,0.005155241429469067
32.181,1,-4.004624567576021,2.995695100296295,1.197160651236176,0.010681921659105883
32.191,0,-4.000051912447891,-3.0035476640358683,1.198798109027546,0.0049031967302092935
32.191,1,-4.004527232317434,2.9956885190212823,1.1971165397717263,0.010725663887123878
32.201,0,-4.000045253598631,-3.00359148303272,1.1988169824484616,0.0047770677217581865
32.201,1,-4.0044284461951065,2.9956809495644996,1.1970750075765033,0.01075535640122299
32.211,0,-4.000039028902294,-3.0036313414271807,1.1988424868217018,0.004802552257736705
32.211,1,-4.004328483011043,2.9956723915933683,1.1970360082296205,0.01076967334407631
32.221,0,-4.000033223677478,-3.00366737664107,1.198874946499993,0.004983320401024253
32.221,1,-4.004227609511617,2.9956628670145142,1.196999503042022,0.010767971185853164
32.231,0,-4.000027823472132,-3.003699789418209,1.1989144506010976,0.005284338905530765
32.231,1,-4.004126081960717,2.9956524208168895,1.1969655209149819,0.01074443782088154
32.242,0,-4.000022812272678,-3.0037288381510074,1.1989606149268002,0.005648138864202226
32.242,1,-4.00402414611123,2.9956411213499132,1.1969343867283975,0.010693756581146793
32.251,0,-4.000018168252016,-3.003754819244575,1.1990130133263288,0.006054814586679485
32.251,1,-4.003922044872963,2.995629062064164,1.1969064056501686,0.010621101455272106
32.261,0,-4.000013859501303,-3.0037780474645603,1.1990713116417142,0.006488586152908538
32.261,1,-4.003820026404158,2.995616362387257,1.196881773141793,0.010529012532205586
32.271,1,-4.003718349166489,2.9956031671373164,1.1968606085415534,0.010418170953670031
32.271,0,-4.000009841361443,-3.003798841367117,1.199135234782972,0.006938180935867402
32.282,0,-4.000006055125986,-3.0038175124886766,1.199204483414288,0.00737588266416955
32.282,1,-4.003617284265327,2.995589644949412,1.1968426743401614,0.01030254392959673
32.291,0,-4.000002428187748,-3.0038343581589855,1.1992784608316207,0.007770702149348467
32.291,1,-4.003517110817837,2.9955759833423814,1.196826268151283,0.010192680650304084
32.301,0,-3.9999988762909724,-3.0038496562904013,1.199356617293717,0.008132595980637236
32.301,1,-4.003418100365845,2.9955623754916174,1.196809755301893,0.010076910660018881
32.311,0,-3.999995306280114,-3.003863662780455,1.1994385484824461,0.008469646764723266
32.311,1,-4.0033205002661845,2.995549007387229,1.1967920169983628,0.00995380660808021
32.321,0,-3.999991618536622,-3.0038766102767918,1.1995239478678894,0.008786751979114995
32.321,1,-4.003224521961626,2.995536048766479,1.1967722920839208,0.009826683006430416
32.331,0,-3.9999877091647726,-3.0038887077348853,1.1996125788697132,0.00908850683880478
32.331,1,-4.0031303336027175,2.995523647002346,1.1967500665278454,0.009700679130602276
32.341,0,-3.9999834724644625,-3.0039001412596398,1.1997031357148198,0.009108008874610702
32.341,1,-4.00303805817255,2.9955119241169603,1.196726102777975,0.00951041012643148
32.351,0,-3.9999788057321988,-3.0039110755954557,1.1997916763007985,0.008743924631415706
32.351,1,-4.002947777399732,2.995500977161362,1.1967039318588837,0.009228782645504106
32.361,0,-3.9999736151826477,-3.0039216540050098,1.19987504040859,0.008122661082802466
32.361,1,-4.00285953162817,2.995490877797348,1.196686438630914,0.008909744092858355
32.371,1,-4.0027733258600815,2.995481674332083,1.1966755602923735,0.008607141546607366
32.371,0,-3.9999678214801824,-3.0039320009380126,1.19995111079226,0.007332388862718928
32.381,1,-4.002689136073497,2.995473394171781,1.196672574436515,0.008366872596617133
32.381,0,-3.9999613634890268,-3.0039422245714884,1.2000184946596746,0.006436431696869722
32.392,0,-3.9999542003310813,-3.0039524189468,1.2000764666051087,0.005519096442235667
32.392,1,-4.002606913266107,2.9954660453723454,1.1966774657315193,0.00820037100389851
32.401,0,-3.9999463128931625,-3.0039626665771526,1.2001250334867417,0.004628344242716826
32.401,1,-4.002526586807965,2.99545961424935,1.1966870881030094,0.008045858394966332
32.411,0,-3.9999377062760457,-3.0039730419044517,1.200164326748186,0.0037750898886977262
32.411,1,-4.0024480810566265,2.995454061970048,1.1966985817230247,0.007875628548767805
32.421,0,-3.999928410929306,-3.003983614252788,1.2001944844410826,0.0029775403014159216
32.421,1,-4.002371325309236,2.995449319012517,1.196709986329272,0.0076896679156480685
32.432,0,-3.999918482517618,-3.003994449992416,1.2002156499633172,0.0022778189979262655
32.432,1,-4.002296259372825,2.9954452816726684,1.1967199564627184,0.0074961212962077126
32.441,0,-3.9999080008643557,-3.0040056140751386,1.2002279810375658,0.001770610506715365
32.441,1,-4.002222837238183,2.9954418110645507,1.196727569297233,0.007304234885458349
32.452,0,-3.999897067488385,-3.0040171714464976,1.2002329407192578,0.0016438267645335486
32.452,1,-4.00215102976867,2.995438734343783,1.196732541251812,0.007126264275101823
32.461,0,-3.9998858019720127,-3.004029184677733,1.2002351186540747,0.001683769038456405
32.461,1,-4.002080825658252,2.995435851912452,1.1967359461932063,0.006960715055345055
32.471,0,-3.99987433888713,-3.0040417021621786,1.200238241468867,0.0017721315291092583
32.471,1,-4.002012225373308,2.9954329549768604,1.196738788789756,0.0067999127072541484
32.481,0,-3.999862822564097,-3.0040547486195104,1.20024484160479,0.0019607293446066193
32.481,1,-4.001945236489424,2.9954298435513733,1.1967417392547168,0.006641504548248221
32.491,0,-3.9998514024947576,-3.0040683194202216,1.2002566231259075,0.002298436739173782
32.491,1,-4.001879870564755,2.9954263393808014,1.1967452357202095,0.0064852448675801685
32.501,0,-3.999840229332695,-3.0040823775667653,1.2002741496721112,0.0026670533147384956
32.501,1,-4.001816141394474,2.9954222941477706,1.1967499980722662,0.006341343097797418
32.511,0,-3.999829447704078,-3.0040968550696694,1.200295682011471,0.0029093485705023034
32.511,1,-4.001754062604614,2.9954175913738506,1.1967581203251607,0.0062377441738733
32.521,0,-3.9998191837263235,-3.0041116628528983,1.200319548129632,0.003042753090243115
32.521,1,-4.001693636543245,2.995412142471585,1.1967713556254447,0.006203959292990997
32.532,0,-3.9998095338052804,-3.004126700105563,1.2003445961753956,0.003094401976796919
32.532,1,-4.0016348463424585,2.995405880645933,1.1967908528708142,0.006264191777640108
32.541,0,-3.9998005574513433,-3.0041418612830824,1.2003700366866887,0.0030875589739065255
32.541,1,-4.001577651597858,2.995398755598259,1.1968173429092388,0.006430447072315562
32.552,0,-3.999792273333588,-3.0041570413719185,1.2003953303049073,0.003039807825032543
32.552,1,-4.0015219862691005,2.995390729278894,1.1968512750312281,0.006702704065047828
32.561,0,-3.9997846578648746,-3.0041721397712178,1.2004200689660354,0.0029541029376686343
32.561,1,-4.001467757366721,2.9953817731129817,1.1968923735245303,0.006989452805630134
32.571,0,-3.9997776486632017,-3.004187062564902,1.2004437724794492,0.002827894545469209
32.571,1,-4.001414844164884,2.9953718666556455,1.1969389642996155,0.007219837971153998
32.582,0,-3.999771157724884,-3.0042017224389164,1.2004660614265752,0.0026752812836774754
32.582,1,-4.001363100548205,2.9953609953171116,1.1969896323361338,0.007402731194281004
32.591,0,-3.999765085741798,-3.0042160378833316,1.2004866893553416,0.00250619496879401
32.591,1,-4.001312355947599,2.995349149782412,1.1970433872068922,0.007551738456143502
32.601,0,-3.9997593328257297,-3.0042299326333843,1.2005055014791814,0.002327633061126622
32.601,1,-4.001262416768712,2.9953363257041454,1.1970995314529802,0.007678624041526302
32.611,1,-4.001213068373764,2.995322523654412,1.1971572691101344,0.007727045162927465
32.612,0,-3.999753806087338,-3.0042433349256568,1.200522772403339,0.0022116651467074828
32.621,0,-3.99974842178966,-3.004256173017501,1.2005396937090715,0.0021857848679075567
32.621,1,-4.001164077086957,2.9953077499261416,1.1972145422313034,0.0076240041894581065
32.631,0,-3.9997431004226796,-3.004268365462933,1.2005572412131869,0.002224017803034286
32.631,1,-4.001115192708547,2.9952920148803486,1.1972694933957664,0.007427585510471467
32.641,0,-3.9997377616935137,-3.004279812294808,1.2005760761678832,0.0023107028544133105
32.641,1,-4.001066149999867,2.9952753323755132,1.1973208649194726,0.007184773902389208
32.651,0,-3.999732321163138,-3.0042903896221933,1.2005966422914807,0.0024349389624616744
32.651,1,-4.001016670363605,2.9952577197037873,1.1973678114324162,0.006932424857677088
32.662,0,-3.9997266881439772,-3.0042999468944394,1.2006192316441557,0.002588380327989126
32.662,1,-4.0009664640709035,2.995239197379127,1.1974097739744618,0.00669989593606601
32.671,0,-3.999720764574381,-3.0043083060169504,1.2006442694752644,0.0028304638408766874
32.671,1,-4.000915232892121,2.995219788657541,1.197446611362917,0.006541230115040856
32.681,0,-3.999714446813575,-3.0043152652896423,1.2006732223389736,0.0032424063347293035
32.682,1,-4.000862678347405,2.995199519855282,1.1974790557705295,0.0064819059832879385
32.691,0,-3.999707635167792,-3.0043206181822266,1.2007074233227393,0.0037788608657049185
32.691,1,-4.0008085242425695,2.995178424233643,1.197507805742519,0.006497182463594501
32.701,1,-4.000752537462535,2.9951565449719832,1.1975333570431221,0.006568210838491473
32.701,0,-3.9997002439311617,-3.004324172479999,1.200747744028941,0.00440095395931657
32.711,0,-3.9996922081558526,-3.004325763483089,1.2007947350985944,0.0050794619309186655
32.711,1,-4.000694541508464,2.9951339366828855,1.197556065468342,0.006679417714611959
32.721000000000004,0,-3.9996834877777925,-3.004325262643108,1.2008487312500842,0.005793810588277934
32.721000000000004,1,-4.000634424350177,2.995110665957451,1.1975761857942635,0.006817556031231065
32.732,0,-3.999674070454733,-3.0043225848173867,1.200908949882019,0.0062483823685169256
32.732,1,-4.0005721419944456,2.995086811247935,1.1975939441480092,0.006974144177396229
32.741,0,-3.999663974050488,-3.0043176964665106,1.2009699900431496,0.0060978313032457815
32.741,1,-4.000507718149004,2.9950624628558966,1.1976097147878315,0.007141142253468232
32.751,0,-3.9996532401744043,-3.0043105968445625,1.201026724018525,0.005541494307909007
32.751,1,-4.000441240741397,2.9950377243511395,1.1976238335337666,0.007306123115082738
32.761,0,-3.999641929428817,-3.0043013049629153,1.2010756922690677,0.004733885617827188
32.761,1,-4.000372856104866,2.9950127135901545,1.1976365460367722,0.007459489827018656
32.772,0,-3.999630118318235,-3.004289852952148,1.2011145928717015,0.0038039648055962394
32.772,1,-4.000302762449217,2.994987562670162,1.1976480342489233,0.0075936860721107
32.781,0,-3.99961789623576,-3.004276279585434,1.2011425713539698,0.0030302794228022505
32.781,1,-4.000231203179169,2.994962417063893,1.197658323664195,0.007699299113379332
32.791,0,-3.9996053652735024,-3.0042606235069895,1.2011615161533897,0.002595868342195061
32.791,1,-4.000158456148099,2.994937432663293,1.1976671354087918,0.007772681062257693
32.801,0,-3.9995926474597003,-3.0042429270655346,1.201173309164664,0.002428367311146234
32.801,1,-4.000084815673713,2.9949127700263647,1.1976742328157048,0.007815393391280763
32.811,0,-3.999579890413507,-3.004223235967713,1.2011792803176853,0.002446645351161583
32.811,1,-4.0000105769587915,2.9948885890510706,1.1976794582283043,0.007829577222235089
32.821,0,-3.9995672700410783,-3.0042015977238856,1.201180382275636,0.002575591506803755
32.821,1,-3.9999360246913804,2.9948650449191145,1.1976827085263988,0.007817878645637093
32.831,0,-3.999554991099895,-3.0041780605122774,1.2011773084770563,0.002761808355061031
32.831,1,-3.999861424907867,2.9948422850802765,1.197683918212427,0.007783366465212137
32.841,0,-3.9995432860502014,-3.004152672445918,1.2011705284422811,0.0029778715975661324
32.841,1,-3.9997870199257144,2.994820447803411,1.1976836701717062,0.007727157761718597
32.851,0,-3.9995324101130385,-3.004125481552375,1.2011601424442828,0.003219205468136558
32.851,1,-3.999713031851483,2.9947996637995673,1.1976840555820176,0.007648483907908773
32.861,0,-3.9995226273757947,-3.004096535708311,1.2011461559923409,0.0034808031081702932
32.861,1,-3.999639676985521,2.9947800587860023,1.1976867691203863,0.0075561340030058915
32.871,0,-3.999514195118723,-3.0040658830676152,1.2011286093506037,0.0037583810534241218
32.871,1,-3.9995671791018284,2.994761757141006,1.1976929495865172,0.007461081201561562
32.882,0,-3.999507352104784,-3.0040335725273226,1.2011075681470644,0.004048380667209336
32.882,1,-3.9994957782404996,2.9947448845056264,1.1977033508442132,0.0073721783248039754
32.891,0,-3.9995023106443566,-3.0039996537989593,1.2010832476360185,0.004324899904054838
32.891,1,-3.9994257358461236,2.994729569373188,1.197718518202044,0.007299140442922451
32.901,0,-3.999499249884135,-3.003964177884433,1.2010565015531336,0.0045530910363888125
32.901,1,-3.9993573336619037,2.9947159440194806,1.1977390085665478,0.0072535131998897155
32.911,0,-3.9994983027928264,-3.0039272023340104,1.201028138022242,0.004745767060614315
32.911,1,-3.9992908624109367,2.9947041442647917,1.1977652190734278,0.007242594644390987
32.921,0,-3.9994995454559694,-3.0038887956200595,1.2009987240958888,0.004913217112226298
32.921,1,-3.9992266098774127,2.9946943090535707,1.1977973864848739,0.007271654794162271
32.931,0,-3.999502991577468,-3.003849039465245,1.2009686621540616,0.005062253454633073
32.931,1,-3.9991648520381937,2.9946865797829885,1.1978356340074356,0.007344442511425773
32.941,0,-3.999508590809948,-3.003808029899187,1.2009382393899648,0.005196309716558812
32.941,1,-3.999105846626416,2.9946810993600566,1.1978800058192145,0.007463067828969025
32.951,0,-3.9995162298832523,-3.003765877385182,1.200907583012112,0.005331195586550045
32.951,1,-3.999049828277062,2.994678010877335,1.1979303947776756,0.0076104690735139995
32.961,0,-3.9995257379808384,-3.0037227045421764,1.2008762549932896,0.0054928044751835345
32.961,1,-3.998997001963942,2.994677456465182,1.1979863236807573,0.007767533742514753
32.972,0,-3.9995369054359915,-3.0036786354086136,1.2008437519776527,0.005668605261307065
32.972,1,-3.9989475338677885,2.9946795790361747,1.1980473574596906,0.00794097256206139
32.981,0,-3.9995495043181584,-3.0036337837853075,1.2008097407664977,0.005850258153806605
32.981,1,-3.9989015428635315,2.994684523206361,1.1981131719285278,0.008136209987509368
32.991,1,-3.9988590956037724,2.9946924353153253,1.198183520150435,0.00835840394836233
32.992,0,-3.9995633036425233,-3.0035882452808593,1.2007740060477223,0.006033119162617321
33.001,0,-3.9995780808063564,-3.0035420920003992,1.2007368270755612,0.006140886792227503
33.002,1,-3.998820202616903,2.9947034609976146,1.1982576137978358,0.008469796740611954
33.011,0,-3.9995936297896035,-3.0034953710935377,1.2007004659992764,0.006086083719324925
33.011,1,-3.998784816598909,2.9947177380321968,1.1983326981070923,0.008358457702349881
33.021,0,-3.999609761650676,-3.003448113317389,1.2006670697591015,0.005934495488501539
33.021,1,-3.998752851687609,2.994735398168878,1.198406404599144,0.008102420383136097
33.031,0,-3.9996263051390275,-3.0034003419590096,1.2006380696920598,0.0057412319131222855
33.031,1,-3.9987241961805893,2.9947565633665354,1.198477129425681,0.007762523573131134
33.041,0,-3.999643107411331,-3.003352079109872,1.2006143999160896,0.005549232152769165
33.041,1,-3.9986987206456535,2.994781341582553,1.19854379823186,0.007385282612944971
33.051,0,-3.9996600341239548,-3.003303350119523,1.2005966483875203,0.0053903958730487185
33.051,1,-3.9986762842985955,2.994809823986766,1.1986057001443282,0.00700663765485795
33.061,0,-3.9996769689694847,-3.003254186640204,1.200585008342025,0.0052938279877260816
33.061,1,-3.998656739394765,2.994842082442882,1.198662161150864,0.006609203052010851
33.071,0,-3.9996938106961837,-3.003204627428847,1.2005789832803817,0.005260503546023244
33.071,1,-3.998639933074154,2.99487816699432,1.1987119621572506,0.006193581406397764
33.081,0,-3.9997104652027207,-3.0031547153368026,1.2005780630620757,0.005273627493102873
33.081,1,-3.998625710813719,2.9949181101182094,1.1987541432675486,0.005827636734146178
33.091,0,-3.9997268378898236,-3.0031044941605605,1.2005818594956845,0.005321544148639828
33.091,1,-3.998613917026216,2.994961928693221,1.1987880993576798,0.005567579175653907
33.101,0,-3.9997428284722374,-3.0030540063779343,1.200590062356146,0.005395783520830568
33.101,1,-3.9986043952399997,2.995009625105791,1.1988134717143717,0.005456378860559642
33.111,1,-3.9985969897880542,2.995061190803671,1.198830700112002,0.005556761363361861
33.112,0,-3.9997583277000084,-3.003003291373448,1.200602844890417,0.005520610526043207
33.121,0,-3.9997732183228596,-3.0029523828875853,1.2006218552352683,0.005751621187992802
33.122,1,-3.9985915478573655,2.9951166098651654,1.1988424418934287,0.005819663814962962
33.131,0,-3.9997873853029615,-3.002901305092396,1.2006485126893356,0.006107814981536548
33.131,1,-3.9985879107893503,2.995175839609866,1.1988510687233376,0.006148185569008199
33.141,1,-3.998585910600144,2.9952388001935217,1.1988582286538354,0.006498446064374116
33.142,0,-3.9998007258349757,-3.0028500687672888,1.2006837263819212,0.0065879854595356805
33.151,1,-3.9985853691552387,2.9953053705490733,1.1988650652696695,0.0068503899931629565
33.151,0,-3.9998131561386994,-3.0027986689539357,1.2007280582152724,0.007176585905104192
33.161,0,-3.9998246158022663,-3.0027470838584893,1.2007818206251688,0.007849997011934434
33.161,1,-3.998586098150823,2.9953753870245055,1.1988723751663057,0.007193558062737263
33.171,0,-3.9998350710150286,-3.0026952750431417,1.2008441696573287,0.008382457550494642
33.171,1,-3.9985878994071253,2.99544864311528,1.1988803545135216,0.0075103179741729436
33.181,0,-3.9998445147013877,-3.0026431883127795,1.2009108582526957,0.008579944345372905
33.181,1,-3.9985905660442587,2.9955248931726866,1.1988878260570168,0.007788668905710409
33.191,0,-3.9998529531745257,-3.002590751899621,1.2009781617807251,0.008539423935092855
33.191,1,-3.9985938875985547,2.9956038723546734,1.1988936998254094,0.008036033404894914
33.201,0,-3.9998603958786845,-3.0025378757819103,1.2010435374852682,0.008342973239423505
33.201,1,-3.998597653561248,2.9956853120970144,1.198897241989134,0.008259704530526008
33.211,0,-3.9998668489368696,-3.002484452213051,1.2011052607861945,0.008053537696447743
33.211,1,-3.9986016559385846,2.9957689505831686,1.1988979649775235,0.00846554025691348
33.222,0,-3.999872310815221,-3.0024303569417423,1.2011621715974723,0.007719353084468643
33.222,1,-3.9986056913414307,2.9958545402418837,1.1988955526131508,0.0086580499393708
33.232,0,-3.9998767699564186,-3.002375451446127,1.201213227783563,0.0073340863278807955
33.232,1,-3.9986095628025753,2.9959418528265163,1.1988897898739908,0.008841092156323681
33.241,1,-3.9986130830556195,2.996030681644572,1.1988804980391048,0.009018114478217001
33.242,0,-3.9998802054217957,-3.0023195910124993,1.2012570012442156,0.00692438514794426
33.252,0,-3.9998825898780157,-3.0022626405052915,1.2012924327760528,0.006554977125342901
33.252,1,-3.998616080405566,2.996120840862899,1.1988675628550898,0.009191586706332902
33.261,0,-3.999883893448379,-3.0022044888146953,1.201318841668328,0.006278359982458157
33.261,1,-3.9986184036999175,2.9962121639500756,1.1988509227578634,0.009363355920153029
33.272,0,-3.9998840867331946,-3.0021450586228906,1.2013358100292197,0.006133733548843168
33.272,1,-3.9986199254547934,2.996304502155158,1.1988305527602383,0.009534750943258922
33.281,0,-3.999883142089318,-3.0020843111587467,1.2013438901729838,0.006156381164864171
33.282,1,-3.9986205429927844,2.996397723389484,1.198806916329384,0.009674929653852886
33.292,0,-3.9998810335649475,-3.002022246353307,1.2013464014590498,0.006271100426292348
33.292,1,-3.998620176424817,2.996491708915632,1.1987820454901978,0.009752531372140572
33.301,0,-3.9998777435267816,-3.0019589078100495,1.201346283159916,0.0064008087479935655
33.301,1,-3.9986187660235006,2.996586341869749,1.1987576984626864,0.009783229230909738
33.311,0,-3.999873265795041,-3.001894382317989,1.2013455599193574,0.00652216623428322
33.311,1,-3.9986162679345774,2.9966814981686216,1.1987350569916941,0.00978215514267218
33.322,0,-3.9998676067440626,-3.0018287967760986,1.2013456142412111,0.00663115820302602
33.322,1,-3.998612650250306,2.996777040849134,1.1987149016775787,0.009760584664339671
33.331,0,-3.9998607856644504,-3.0017623144666703,1.2013473826164798,0.006728959296465973
33.331,1,-3.998607889890876,2.9968728167662557,1.1986977369507361,0.009725739035013949
33.341,0,-3.9998528343066835,-3.001695130757717,1.2013517363248591,0.006822427183473221
33.341,1,-3.9986019700587097,2.996968655149209,1.1986839492066934,0.009679268946337163
33.351,0,-3.99984379612292,-3.001627467997555,1.2013601489921144,0.006929164415284102
33.351,1,-3.99859487687272,2.9970643694910417,1.1986740409703862,0.00962433336932325
33.361,0,-3.9998337279715823,-3.001559570483405,1.2013738031160222,0.007063563595196836
33.361,1,-3.998586594365081,2.9971597646075057,1.1986683929257889,0.009567316381126803
33.371,0,-3.9998227004887164,-3.0014916985668894,1.2013934784630584,0.007234443001393349
33.371,1,-3.998577099825231,2.9972546441043137,1.1986672415239037,0.009512885081894087
33.381,0,-3.999810797501916,-3.001424123247766,1.201419676939879,0.007445124018716104
33.381,1,-3.99856636075746,2.997348816131353,1.1986707216815065,0.009464520317460664
33.392,0,-3.9997981155694347,-3.0013571211646104,1.2014520704007043,0.007616741772636604
33.392,1,-3.9985543336123297,2.9974420979169785,1.1986786200134056,0.009415454364982126
33.401,0,-3.999784764224847,-3.0012909679201054,1.201488054521978,0.007655677770198517
33.401,1,-3.998540965788189,2.997534320994314,1.198688835841953,0.009336215898692931
33.412,0,-3.999770864110336,-3.001225932124677,1.2015253217121118,0.007582289699050866
33.412,1,-3.9985261955007947,2.9976253342525987,1.1986991482208968,0.00922657499529189
33.421,0,-3.999756546930332,-3.0011622700456075,1.2015623009559273,0.007421792305660805
33.421,1,-3.9985099534950654,2.9977150066287273,1.1987080472048222,0.009097795506032434
33.431,0,-3.999741955230752,-3.00110022150006,1.2015979286119634,0.00719616024926026
33.431,1,-3.9984921657352825,2.9978032292806462,1.198714519174612,0.008962755777334408
33.442,0,-3.999727241580985,-3.001040007008744,1.2016314917730249,0.006922547369852719
33.442,1,-3.9984727555921227,2.9978899166565984,1.1987178935711778,0.008832867426045866
33.451,0,-3.9997125673556497,-3.0009818261038177,1.2016625923686624,0.006625959855438534
33.451,1,-3.9984516456496366,2.9979750067299706,1.1987177198920407,0.008717474781868108
33.461,0,-3.9996981008420986,-3.0009258563070897,1.2016916799658302,0.006347403246392274
33.461,1,-3.998428760375004,2.9980584608341276,1.1987134977992702,0.008626365280712912
33.471,0,-3.9996840127548414,-3.0008722448374088,1.2017194482197693,0.006080289056749425
33.471,1,-3.998404032390072,2.998140262089079,1.1987047668848967,0.008568537632280625
33.482,0,-3.9996704707300945,-3.0008210993650963,1.2017463788248968,0.00582029647438495
33.482,1,-3.9983774103567815,2.9982204130340895,1.198691240418731,0.00854956266008398
33.491,0,-3.999657635075798,-3.000772483151894,1.2017728015781064,0.005566682850745094
33.491,1,-3.9983488647289045,2.9982989334536287,1.1986727524614216,0.008571985983122943
33.501,0,-3.9996456556169,-3.000726413225285,1.2017989351635976,0.005320149876208851
33.501,1,-3.998318389846968,2.9983758572110664,1.1986498703410597,0.008585615864531024
33.512,0,-3.9996346666048876,-3.000682865415634,1.2018249077114793,0.005081814965055339
33.512,1,-3.998286002024276,2.998451226562362,1.198625401589025,0.00853132434216162
33.521,0,-3.9996247763478396,-3.0006417909175305,1.201850793618421,0.0048526270609355856
33.521,1,-3.998251743505392,2.9985250900606917,1.1986018052208258,0.008428116518430263
33.531,0,-3.9996160580733453,-3.000603133068292,1.2018766327522943,0.0046330251840042466
33.531,1,-3.998215681007828,2.998597497266965,1.1985807564560094,0.00830079507588568
33.542,0,-3.999608544526885,-3.0005668397285974,1.201902441821846,0.0044227219565601454
33.542,1,-3.9981779026130497,2.9986684940143973,1.1985633825594975,0.008170743641020573
33.552,0,-3.999602225556721,-3.0005328718447952,1.2019282220611671,0.004221048235886371
33.552,1,-3.998138514700224,2.9987381191645306,1.1985504320133349,0.008053829715021742
33.562,0,-3.999597047819418,-3.0005012087476284,1.2019538626227153,0.004005686822784809
33.562,1,-3.9980976390463634,2.998806402581372,1.1985423538656144,0.00796143593861674
33.571,0,-3.999592917246831,-3.0004718472575056,1.2019785765923787,0.00373334332529387
33.571,1,-3.998055409555039,2.9988733642608523,1.198539238012629,0.00789783565386051
33.581,0,-3.9995897097893636,-3.000444792540237,1.2020015433322824,0.0034191804746363883
33.581,1,-3.998011966810097,2.998939014097267,1.1985410509294838,0.007861552548797637
33.591,0,-3.999587283488324,-3.0004200455057743,1.2020222089568817,0.0030781073397657577
33.592,1,-3.997967452920693,2.9990033523773025,1.198547730595877,0.007850419879127246
33.601,0,-3.9995854878350676,-3.000397593142355,1.2020402065387976,0.002722398451256893
33.601,1,-3.9979220075843176,2.999066370574892,1.1985592010120607,0.007862110787394147
33.611,1,-3.9978757652709036,2.9991280523196098,1.1985752960532778,0.00788812993908419
33.611,0,-3.9995841708868705,-3.0003774017865354,1.202055063377171,0.0023189788166518613
33.621,0,-3.9995831837392055,-3.0003594109232146,1.2020648753775471,0.0018404209198958916
33.621,1,-3.997828855614727,2.999188374036711,1.1985952975005807,0.007907515168830832
33.632,0,-3.999582383007034,-3.0003435361832738,1.2020677350907736,0.0014984942137640758
33.632,1,-3.997781410617086,2.9992473015719874,1.1986184583120647,0.00791446423910185
33.641,1,-3.9977335736696102,2.999304786807781,1.1986442514623215,0.007906317026155605
33.642,0,-3.9995816311800607,-3.000329672102303,1.2020623884271568,0.0015994570633823886
33.649,0,-3.9995807966204056,-3.0003176935332574,1.2020480322840408,0.0021689745028653693
33.649,1,-3.9976855056351686,2.9993607661021207,1.1986723026394968,0.007881432685496797
33.662,0,-3.999579753693583,-3.0003074575259214,1.2020241746102944,0.002980138156514609
33.662,1,-3.997637388213441,2.9994151598544097,1.1987023444266893,0.007838513329776873
33.672,0,-3.999578382764324,-3.0002988067880776,1.2019914214088814,0.003665538973343413
33.672,1,-3.997589425262258,2.999467873291149,1.198734022766398,0.007758661868519223
33.682,0,-3.9995765732102515,-3.000291573102228,1.201953471675449,0.003987201322856034
33.682,1,-3.997541841497433,2.9995188022326618,1.198766498117199,0.007625486433489411
33.692,0,-3.9995742366044893,-3.0002855689137666,1.201913602539614,0.004048659516750154
33.692,1,-3.99749487833851,2.99956784574936,1.198799065600938,0.0074474990045674885
33.702,0,-3.9995713187094575,-3.0002805846864584,1.201874068608063,0.0039297877507905145
33.702,1,-3.9974487892781307,2.999614919038483,1.1988312462905029,0.007232351289136918
33.711,0,-3.999567806703197,-3.000276389360106,1.201836410585901,0.00368877089109958
33.711,1,-3.9974038356188393,2.999659962360082,1.1988627177396394,0.006986547098482217
33.721000000000004,0,-3.9995637329015055,-3.000272731752493,1.2018016730399153,0.003366148784900487
33.721000000000004,1,-3.99736028269723,2.999702946586783,1.1988932662103453,0.00671558300799595
33.731,0,-3.9995591755964535,-3.00026934266425,1.2017704781726604,0.0030115074151216416
33.731,1,-3.9973183967421857,2.9997438757510118,1.1989228737171307,0.0064385666888884625
33.741,0,-3.999554252257186,-3.000265938111467,1.2017429410624894,0.0026609225381820545
33.741,1,-3.997278442336154,2.9997827852189354,1.1989519796798325,0.006171239966058228
33.751,0,-3.999549099508307,-3.0002622239825687,1.201719057376616,0.002318514923278278
33.751,1,-3.9972406785332626,2.9998197357485594,1.1989809837827479,0.005910460949456105
33.761,0,-3.9995438533918124,-3.000257900541147,1.2016988058314522,0.0019910836176949393
33.761,1,-3.997205355861812,2.9998548060159855,1.199010156535803,0.005655441068898728
33.771,0,-3.999538635161651,-3.0002526663789206,1.2016821540900657,0.001690874127912553
33.771,1,-3.997172714128004,2.9998880864455293,1.1990396792236082,0.005407046369759619
33.782,0,-3.999533541847707,-3.0002462229417843,1.2016683830078518,0.001575117307140736
33.782,1,-3.997142981549071,2.999919673861198,1.1990699648135283,0.005209225037006776
33.791,0,-3.9995286468876756,-3.000238282622159,1.201655146154282,0.0016829725684391007
33.791,1,-3.997116373764428,2.999949665646647,1.1991020853811931,0.005092997584000812
33.801,0,-3.9995240150675815,-3.000228577143393,1.2016405481160524,0.0019383458444129531
33.802,1,-3.997093087402198,2.999978154499433,1.199136884408389,0.005056199950570623
33.811,0,-3.9995197170176584,-3.0002168660133535,1.2016233107179148,0.0022960289546183226
33.811,1,-3.9970732965153726,3.0000052229013185,1.1991749143453216,0.005096803312911594
33.821,0,-3.9995158389993,-3.000202942422074,1.2016025816324107,0.00272535446100905
33.821,1,-3.9970571507533506,3.000030939255722,1.1992165250775004,0.005210170119780181
33.832,0,-3.999512489015443,-3.00018663669292,1.2015778019291534,0.0032041255526185815
33.832,1,-3.997044774516319,3.000055355602379,1.1992619276318586,0.005389642624669961
33.841,0,-3.999509800282418,-3.0001678170443697,1.201548951636493,0.0036409414077942723
33.841,1,-3.997036265140042,3.0000785070145146,1.1993108100001086,0.005523388712080461
33.851,0,-3.9995079301093797,-3.0001463899613925,1.2015172794464695,0.003969191158806654
33.851,1,-3.997031689168416,3.0001004116511942,1.199361356620555,0.005516722960418533
33.862,0,-3.9995070493213776,-3.0001223100429484,1.2014839244533724,0.004226066411569555
33.862,1,-3.9970310897560815,3.0001210661824995,1.199411970752153,0.005417778250806266
33.871,0,-3.999507331607331,-3.000095585794558,1.2014496697856536,0.0044371234677313106
33.871,1,-3.9970344889732603,3.0001404437026964,1.1994615644366038,0.005264561764046089
33.881,0,-3.9995089456621087,-3.0000662810947976,1.2014150507898393,0.004618865517795043
33.881,1,-3.9970418885541554,3.000158493501344,1.19950940005602,0.005086228023905047
33.891,0,-3.999512049651273,-3.000034514041145,1.201380495245814,0.004767219800568012
33.891,1,-3.9970532716203695,3.000175141911372,1.1995551013814807,0.004934074983839633
33.901,1,-3.9970686079922935,3.000190300114385,1.199598861564885,0.004845007537382533
33.902,0,-3.999516788560387,-3.000000453078287,1.201346614437476,0.00487294673482874
33.911,0,-3.9995232941249714,-2.9999643114295274,1.2013139180373025,0.0049508126332847915
33.911,1,-3.9970878620861963,3.0002038869772516,1.1996409199452782,0.004812708078673176
33.921,0,-3.9995316861457444,-2.999926339996855,1.20128274616261,0.005010033285529419
33.921,1,-3.9971110019841642,3.000215850394307,1.199681448421598,0.004832615972527642
33.932,0,-3.9995420737731657,-2.9998868202602424,1.2012533218926535,0.005055730236749547
33.932,1,-3.9971380060890853,3.000226181428183,1.1997205715242811,0.004900937876975667
33.941,1,-3.997168867370105,3.000234922835477,1.1997583805511676,0.005014156091378934
33.942,0,-3.999554556548883,-2.9998460576383494,1.201225787429224,0.00509067763893302
33.951,0,-3.9995692242610636,-2.9998043758572113,1.2011998567891313,0.0051644653991545
33.951,1,-3.9972035959900944,3.0002421730181377,1.1997950211429687,0.0051830820566034115
33.961,0,-3.9995861522331917,-2.9997621120418985,1.2011739588212293,0.005305933385774776
33.961,1,-3.9972422185956287,3.0002480812515824,1.1998308826827995,0.0054112368676310675
33.971000000000004,0,-3.9996053952920523,-2.999719610960253,1.2011467168933667,0.005487059798634455
33.971000000000004,1,-3.9972847698133167,3.0002528302638174,1.1998663071322357,0.005683164027659018
33.981,0,-3.9996269797344715,-2.999677221617298,1.2011171956676405,0.0056937937177534105
33.981,1,-3.9973312843939643,3.000256617664623,1.1999015408979365,0.0059870427290492955
33.992,0,-3.9996508978864127,-2.9996352942743885,1.2010847665171358,0.005918022162009427
33.992,1,-3.9973817916604846,3.0002596417996896,1.199936762005478,0.006314152575278284
34.001,0,-3.999677104951168,-2.999594177404365,1.2010488342136698,0.00618314880024665
34.001,1,-3.9974363119554788,3.0002620914790277,1.1999721834192443,0.00667222727942506
34.01,0,-3.9997055192098747,-2.999554211837461,1.2010083482733147,0.006514436653974429
34.01,1,-3.9974948551416096,3.0002641389270464,1.2000085149464275,0.007079891261979652
34.022,0,-3.9997360302889837,-2.9995157207635583,1.2009624622474653,0.006901525033662469
34.022,1,-3.9975574136943486,3.0002659366238196,1.2000464670411088,0.007518678333007337
34.032,0,-3.999768506556758,-2.9994790003731397,1.2009106186252136,0.0073351137214012095
34.032,1,-3.9976239573578147,3.0002676158808517,1.2000865230232987,0.00797525338386587
34.042,0,-3.9998028009310054,-2.9994443133655846,1.200852464543775,0.007806725043729664
34.042,1,-3.997694431005612,3.0002692863258646,1.200129007939099,0.008440220106281236
34.051,0,-3.999838755973114,-2.9994118849238873,1.200787786707002,0.008308874982157932
34.052,1,-3.997768754025633,3.0002710361945297,1.2001741357136526,0.008906566389900866
34.061,0,-3.9998762086338204,-2.9993819015105467,1.2007167950947917,0.008745302205287346
34.061,1,-3.997846819798728,3.000272933127901,1.200221782377249,0.009328826812572114
34.072,0,-3.999914995239929,-2.99935451585167,1.2006419017696346,0.00893616777311489
34.072,1,-3.997928491762213,3.00027502478573,1.2002705557087026,0.009655374330887694
34.081,0,-3.9999549470518923,-2.999329845384705,1.2005656786617134,0.008943874559959512
34.081,1,-3.9980136040673315,3.000277338946967,1.2003191162558042,0.009913502042695642
34.091,1,-3.998101958773537,3.000279883748343,1.2003665565865702,0.01012285930634833
34.092,0,-3.999995887253054,-2.9993079741493323,1.2004898952794687,0.008825409737050883
34.101,0,-4.00003763080545,-2.9992889575160353,1.2004157497403307,0.008622038458384981
34.101,1,-3.9981933238531475,3.0002826485438265,1.200412272220588,0.010295546008379182
34.111,0,-4.000079984953042,-2.9992728261867088,1.2003439904380864,0.008378044285437676
34.111,1,-3.998287434837442,3.0002856053058875,1.2004564098452082,0.010498065073879759
34.121,0,-4.000122752477649,-2.9992595878894543,1.2002747331464048,0.008141464562532034
34.121,1,-3.9983839989828622,3.000288710832178,1.200501082703186,0.010771280374017412
34.131,0,-4.000165743548904,-2.99924922729035,1.200207887157202,0.007913578879399896
34.131,1,-3.9984826899271013,3.000291909479487,1.2005481669674787,0.011081030797188621
34.141,0,-4.000208788716734,-2.9992417046091866,1.2001433748001178,0.007694486859835418
34.141,1,-3.9985831492839936,3.000295136397897,1.2005989197941693,0.011408277909901501
34.152,0,-4.000251747882772,-2.999236954917321,1.2000811281379833,0.007485157674410383
34.152,1,-3.998684990699798,3.0002983203508307,1.2006541704655511,0.011740935454651403
34.161,0,-4.000294515872831,-2.9992348885605065,1.2000210851935527,0.007286740809743234
34.161,1,-3.9987878042655973,3.000301386066632,1.2007144516962291,0.01207058720550015
34.171,1,-3.9988911609903726,3.000304256357038,1.2007795299701094,0.012291132783029741
34.172,0,-4.000337025434616,-2.999235391193455,1.19996268274653,0.00723400051224941
34.181,1,-3.998994619684265,3.000306855425552,1.2008453509910015,0.012203255993067295
34.181,0,-4.000379246599346,-2.999238320601201,1.1999020496536021,0.007579094318500462
34.191,1,-3.9990977444760305,3.0003091127014194,1.2009075956376094,0.011895080018526492
34.192,0,-4.000421175476007,-2.9992435250814404,1.1998351550613784,0.008225268202382797
34.201,0,-4.0004628210749855,-2.99925085767109,1.1997592813413158,0.009094016636798727
34.201,1,-3.999200118941982,3.000310966542287,1.2009633483477087,0.011453275961008464
34.211,1,-3.999301355202045,3.0003123669970058,1.2010106652302797,0.010947558024989892
34.212,0,-4.000504195840424,-2.999260182599766,1.1996726230657597,0.01012360902452739
34.222,0,-4.000545308977875,-2.9992713796867463,1.1995740083013098,0.011264653533591336
34.222,1,-3.9994011002475958,3.000313277466225,1.2010482741981137,0.010433377318575984
34.231,0,-4.0005861616844465,-2.9992843489606686,1.1994637945699715,0.012178966892610922
34.231,1,-3.9994990387761167,3.0003136750926247,1.2010760365010074,0.010000684822800275
34.241,0,-4.000626743567471,-2.9992990156653843,1.199347772740054,0.012462540719940636
34.241,1,-3.9995948912679427,3.0003135474552263,1.201097274187749,0.009679641120286383
34.252,0,-4.000667033162821,-2.9993153084784203,1.1992315789276453,0.012304915413580201
34.252,1,-3.999688424918226,3.000312886487432,1.2011153099896572,0.009404642286087056
34.262,0,-4.000706998606735,-2.999333144462319,1.1991190503296165,0.011849323064486167
34.262,1,-3.9997794607200934,3.0003116806106234,1.2011324371226053,0.009151745298071879
34.271,0,-4.000746598181244,-2.9993524216525502,1.1990127805116173,0.011198030252336766
34.271,1,-3.9998678751923578,3.000309908663448,1.2011502311314468,0.008916065157116109
34.281,0,-4.000785781293594,-2.999373014026988,1.1989140382655368,0.010533761045658578
34.281,1,-3.999953600930264,3.000307536286264,1.2011693966189925,0.008678473455897952
34.291,0,-4.000824487783665,-2.9993947718249077,1.1988219525162025,0.009983830946609125
34.291,1,-4.000036624789471,3.0003045164172097,1.201189054541641,0.008419297133560951
34.301,0,-4.000862641529764,-2.9994175348194108,1.1987355116633143,0.009512459923790333
34.301,1,-4.000116973996664,3.0003007939020305,1.2012082997837108,0.008147773637676636
34.312,0,-4.0009001450137855,-2.9994411437542787,1.1986539925326107,0.009094230448429262
34.312,1,-4.000194705026915,3.000296311330642,1.2012265149917944,0.007872375288518094
34.321,0,-4.000936876525693,-2.9994654480981926,1.1985768707111262,0.008711701231384832
34.321,1,-4.000269895418754,3.0002910135821756,1.2012432835891647,0.007599957222367478
34.331,0,-4.000972689280152,-2.9994903114145957,1.1985037577128277,0.00835258894551318
34.331,1,-4.000342637209805,3.00028485103798,1.2012583276510531,0.007335775601855321
34.341,0,-4.001007411854276,-2.999515614962893,1.198434588480415,0.007956821424871665
34.341,1,-4.000413031141458,3.0002777814978003,1.2012717216233848,0.007096956989757429
34.351,0,-4.001040852639301,-2.999541259618803,1.1983701347498337,0.007482595841321999
34.351,1,-4.000481181457401,3.000269770175297,1.2012848045099975,0.006900428656342806
34.361,0,-4.001072813870323,-2.9995671655192537,1.1983110727412134,0.006960307563302829
34.361,1,-4.000547199034915,3.0002607900818847,1.2012988810556438,0.006741504109968379
34.371,0,-4.001103104891023,-2.9995932713564346,1.1982578178372356,0.0064122278944827695
34.371,1,-4.000611202893065,3.0002508210932066,1.20131484136875,0.006620610989139788
34.381,0,-4.001131551660977,-2.999619533337927,1.1982106053848987,0.005855975470803515
34.381,1,-4.000673319886305,3.000239848712678,1.2013332842055564,0.0065394817371538915
34.391,0,-4.001158003559328,-2.9996459238066255,1.1981693728300866,0.0053396983152566154
34.391,1,-4.0007336843867565,3.0002278634389565,1.2013543285714103,0.006473900123900721
34.401,0,-4.001182337274859,-2.9996724292158228,1.1981333818100075,0.004894841225687412
34.401,1,-4.000792436530339,3.0002148629904384,1.201377017786493,0.006394298884540822
34.411,1,-4.000849713934553,3.0002008575400296,1.2014004613054292,0.006304555734691081
34.412,0,-4.001204454236817,-2.99969904722751,1.1981019423657708,0.00450484352751262
34.421,0,-4.001224277857722,-2.9997257837569515,1.1980745494463827,0.004159504330102394
34.421,1,-4.000905645438244,3.0001858755356703,1.2014240466497663,0.006209063469946123
34.431,0,-4.001241751343631,-2.999752650540216,1.1980508292608796,0.003853685932081813
34.431,1,-4.000960347119921,3.0001699674349362,1.2014473547161144,0.0061110254451594015
34.441,0,-4.001256835731867,-2.9997796631969615,1.198030495994213,0.003585968686485291
34.441,1,-4.001013919705266,3.0001532075510444,1.2014700995005758,0.006012177277195498
34.451,0,-4.001269508666481,-2.9998068395652018,1.1980131325160566,0.0033810659852179133
34.451,1,-4.001066447265682,3.000135694463304,1.201491973444711,0.0059009857392809395
34.461,0,-4.001279767433831,-2.9998341965545925,1.1979977233856223,0.0032501120734851055
34.461,1,-4.001118000057343,3.0001175492479146,1.2015122038032118,0.005765689238078231
34.471,0,-4.001287636443542,-2.9998617439482986,1.1979834038500679,0.0031724109821422196
34.471,1,-4.00116864491447,3.000098908938755,1.2015301058341104,0.005620733823166534
34.48,0,-4.001293175644325,-2.9998894786933072,1.1979695740025178,0.0031350461959356608
34.48,1,-4.001218456727628,3.000079919775547,1.2015452298841172,0.005478420401267011
34.491,0,-4.001296485652856,-2.9999173812503566,1.1979558168109226,0.0031282678449227265
34.491,1,-4.001267526375101,3.0000607319791786,1.2015572905555714,0.005348801121209942
34.501,0,-4.001297711039834,-2.9999454135434362,1.1979411372697826,0.003232102986032592
34.501,1,-4.001315965358131,3.000041495654612,1.2015663442530184,0.005248625151668785
34.512,0,-4.001297035879953,-2.9999735193204375,1.1979222627793746,0.003551303017455206
34.512,1,-4.001363908433333,3.0000223577548795,1.201573293692225,0.0051802934137954336
34.522,0,-4.001294654071945,-3.0000016284611393,1.1978964071898115,0.004091332805553843
34.522,1,-4.001411516256153,3.0000034598789154,1.201578958417529,0.005134542323681613
34.531,0,-4.001290745678896,-3.0000296611454695,1.1978617049247073,0.004826975415405938
34.531,1,-4.001458976044708,2.9999849364890303,1.2015839106391561,0.005108688154936166
34.542,0,-4.001285461680576,-3.0000575311007367,1.1978169298000139,0.005711181032252839
34.542,1,-4.00150650061316,2.999966913659139,1.201588552713876,0.005103153912335263
34.551,0,-4.001278914093614,-3.0000851482194766,1.1977612964299738,0.006698417522808471
34.551,1,-4.001554326240561,2.9999495082724628,1.201593166745853,0.005119746233851146
34.561,0,-4.001271169643136,-3.000112420524691,1.1976948311987012,0.007613849876397519
34.561,1,-4.001602709563968,2.9999328273818096,1.201597710988685,0.00515454435332491
34.571,0,-4.0012622477075475,-3.00013925610452,1.1976201541646048,0.008254187687125382
34.571,1,-4.001651919022016,2.9999169671217354,1.201600967014874,0.005206097238862013
34.581,0,-4.001252133348142,-3.000165569247684,1.1975398674179603,0.008692823920474022
34.581,1,-4.00170221623426,2.9999020131013037,1.20160175496125,0.005289300170249017
34.591,1,-4.00175383704617,2.9998880405295867,1.2015992867157916,0.005414920595747364
34.591,0,-4.001240790100138,-3.000191286164856,1.1974557908088832,0.008988466183130296
34.601,0,-4.001228169382703,-3.0002163485635864,1.1973691925002963,0.009184903235571357
34.601,1,-4.001806978147033,2.999875114250252,1.201593046787291,0.0055871010999799615
34.611,0,-4.001214217733299,-3.0002407157258246,1.197280936408073,0.009317197479214778
34.611,1,-4.001861788449338,2.9998632887312926,1.2015825035621768,0.005815737784264444
34.622,0,-4.0011988790163,-3.000264366235948,1.1971915684636338,0.009410163985267395
34.622,1,-4.001918368246256,2.999852607341518,1.2015665705386525,0.0061195195629219785
34.631,0,-4.001182088383983,-3.0002873004213306,1.1971014565417404,0.00947770616419415
34.632,1,-4.00197678308793,2.999843102116969,1.201544371836779,0.006501132367568756
34.641,0,-4.001163765753482,-3.0003095420479196,1.1970108568404096,0.009529886897052198
34.641,1,-4.002037077783838,2.9998347929753137,1.2015153430759715,0.006955315098095355
34.651,0,-4.0011438119048215,-3.0003311387066796,1.1969199488084064,0.009574151553718562
34.651,1,-4.002099286510258,2.999827687255965,1.2014791379598304,0.00747127055295555
34.661,0,-4.001122106749055,-3.000352161106951,1.1968288588570333,0.009616190453528082
34.661,1,-4.002163440144085,2.99982177978611,1.2014355756143098,0.008036519621741465
34.671,0,-4.001098509370897,-3.0003727014642547,1.196737677171639,0.009660041306938793
34.671,1,-4.002229572065639,2.999817053810814,1.201384901954495,0.008580283611707163
34.681,0,-4.0010728620597495,-3.000392869489063,1.1966464807529407,0.009707890397958758
34.681,1,-4.0022977221850615,2.999813484059108,1.201328961528332,0.009008644710595821
34.691,0,-4.001045004803034,-3.000412781643275,1.1965553312731825,0.009762139393115463
34.691,1,-4.002367928420559,2.999811038782366,1.201269536588278,0.009347500006324231
34.701,0,-4.001014791794655,-3.0004325491855575,1.1964642743586795,0.00982422204236061
34.701,1,-4.002440219385676,2.999809683515133,1.2012078711790342,0.009622035766621656
34.711,0,-4.000982103337146,-3.0004522694192572,1.1963733435625266,0.009894512681254186
34.711,1,-4.00251461028755,2.9998093845793377,1.2011448256959976,0.009851628419385649
34.722,0,-4.000946853527649,-3.000472019896113,1.1962825638143377,0.009972585245521227
34.722,1,-4.00259110043418,2.9998101115864637,1.2010809947064272,0.010049949843954735
34.732,0,-4.000908993993221,-3.0004918549702153,1.1961922007541372,0.009992206373935922
34.732,1,-4.0026696729538,2.9998118395629705,1.2010172392260798,0.010143809231629362
34.741,0,-4.000868512281395,-3.0005118051868145,1.1961036695347105,0.009876727001705311
34.741,1,-4.002750296873695,2.9998145512294463,1.2009564054943693,0.010051415851482472
34.751,0,-4.000825431277634,-3.0005318803291794,1.1960182966370096,0.009676339691316298
34.751,1,-4.002832918285709,2.999818233759868,1.2009011021096367,0.009859221085613545
34.761,1,-4.002917455654678,2.9998228768202426,1.2008530778644788,0.009635191907133196
34.762,0,-4.000779804728952,-3.0005520735812103,1.1959369661953283,0.009427757724231213
34.771,0,-4.00073171180275,-3.0005723651960774,1.1958602551425828,0.009156402156004413
34.771,1,-4.0030037990729035,2.999828471735195,1.2008134861137356,0.009428953913874515
34.782,0,-4.000681253134961,-3.000592725593705,1.1957881296031838,0.008971494638321151
34.782,1,-4.003091810445921,2.999835010531225,1.2007827890129752,0.00930113302264774
34.791,0,-4.00062854961893,-3.0006131179984945,1.1957185357823747,0.008983543519966728
34.791,1,-4.0031813241870635,2.99984248443605,1.200759332338346,0.00928448263263504
34.801,0,-4.0005737324900235,-3.0006335012125964,1.1956494521798815,0.009122223305245255
34.801,1,-4.003272159250614,2.9998508873597625,1.2007411753666395,0.009321883497065312
34.812,0,-4.000516937711464,-3.0006538317697293,1.1955794960204154,0.009341050739296117
34.812,1,-4.0033641301987375,2.9998602188215022,1.2007269748030285,0.00938074032020738
34.821,0,-4.000458303169048,-3.000674065517067,1.1955077260335532,0.009610495250759115
34.821,1,-4.003457054127859,2.9998704851226043,1.2007158015937276,0.009444486867761177
34.831,0,-4.000397966379172,-3.0006941588118115,1.1954335058265932,0.009911252085339141
34.831,1,-4.003550755787269,2.9998816999281757,1.200707007000941,0.009504865304981633
34.84,0,-4.000336062355571,-3.000714069396735,1.195356600854816,0.010191943841085382
34.84,1,-4.003645070851639,2.999893883852027,1.2006997088328157,0.009566047483849899
34.851,0,-4.000272722274963,-3.0007337574499644,1.1952775597561225,0.010414666568726975
34.851,1,-4.003739842332078,2.999907060478752,1.2006917104284676,0.009631623633549012
34.861,0,-4.0002080759095895,-3.0007531876943476,1.1951969123884705,0.010595353292484004
34.861,1,-4.003834906362041,2.9999212495623713,1.2006811773924753,0.009701850240619932
34.871,0,-4.000142252995197,-3.0007723311687595,1.1951150166095206,0.010745141540858972
34.871,1,-4.003930077113342,2.999936459289671,1.2006668860524106,0.009779819137345517
34.881,0,-4.000075383699299,-3.0007911662566085,1.1950321117152292,0.010871736288419295
34.881,1,-4.004025137031463,2.999952680879797,1.20064803419334,0.009866841584453417
34.891,0,-4.000007597686884,-3.0008096788373857,1.1949493693829039,0.010775495083227967
34.891,1,-4.00411983151899,2.99996988553334,1.200624205720311,0.009951025047616946
34.902,0,-3.9999390205023286,-3.0008278613131707,1.1948713174673262,0.010322254705253588
34.902,1,-4.004213867335842,2.9999880254017777,1.2005965434066446,0.009972680876481264
34.912,0,-3.9998697725139873,-3.0008457128236032,1.1948018375137177,0.009667329932255778
34.912,1,-4.004306921200777,3.000007040306914,1.2005668218821093,0.00992521053394717
34.922,0,-3.9997999639551804,-3.0008632382453175,1.194743511162079,0.008939509952232525
34.922,1,-4.004398654708877,3.0000268682987157,1.2005362723977395,0.009816185315375174
34.931,0,-3.9997296907156854,-3.0008804469189143,1.1946980238060718,0.00824958142742155
34.931,1,-4.004488726517289,3.000047454814665,1.2005057282821454,0.009654580130128716
34.941,0,-3.999659031771823,-3.000897351528894,1.194666432625285,0.0076991070962785626
34.941,1,-4.00457680166634,3.000068758959391,1.2004757463500637,0.009448736776793335
34.951,0,-3.9995880480072024,-3.000913967303046,1.1946491244495676,0.007383533417449753
34.951,1,-4.004662558515997,3.000090757428663,1.20044669483378,0.00920571798039038
34.961,0,-3.999516782963208,-3.000930314558843,1.1946453995137791,0.007323698389776062
34.961,1,-4.004745692349816,3.0001134457471035,1.2004188196565457,0.008931254872515884
34.971000000000004,1,-4.0048259143721845,3.0001368363400185,1.2003922825965676,0.00863004643880654
34.972,0,-3.999445265583085,-3.0009464275316127,1.1946544939067494,0.007484866102487457
34.981,0,-3.9993735136430373,-3.000962362877848,1.1946757965005848,0.007826297754085571
34.981,1,-4.004902949769274,3.000160955755643,1.2003671863136594,0.008306033552812947
34.991,0,-3.9993015366263363,-3.000978204817748,1.1947088029518949,0.00830708530471412
34.991,1,-4.004976536424632,3.000185842020057,1.200343592946358,0.007962749389479924
35.001,0,-3.9992293384109066,-3.0009940672854856,1.1947520656770105,0.008743992891913698
35.001,1,-4.005046423616197,3.0002115424921167,1.2003217049859929,0.007591053913656258
35.011,0,-3.999156922186929,-3.0010100894023015,1.194800775022961,0.00894677753909708
35.011,1,-4.005112372281476,3.000238114196871,1.2003022715483826,0.007188221180559419
35.021,0,-3.999084297787627,-3.0010264218218246,1.1948507939367354,0.008962246315769355
35.021,1,-4.005174164187961,3.000265627573092,1.2002859286686323,0.006771402856623479
35.031,0,-3.9990114891673167,-3.001043213698821,1.1948992949400574,0.008849082750007333
35.031,1,-4.005231609033792,3.0002941705800312,1.2002730946129476,0.0063573027293128545
35.042,0,-3.9989385393901142,-3.0010606032827156,1.1949443385391023,0.008658481423531938
35.042,1,-4.005284548579747,3.0003238510440062,1.200264032566145,0.0059626770190961105
35.051,0,-3.9988655133068067,-3.001078711295491,1.1949846095806447,0.008430608995761542
35.051,1,-4.005332858811174,3.000354797236903,1.200258898576917,0.005604723244836445
35.061,0,-3.998792498294089,-3.0010976379156333,1.1950205632336397,0.00832700540822997
35.061,1,-4.005376451933801,3.0003871565662967,1.2002574870246037,0.00530102187700327
35.071,0,-3.9987196006390255,-3.001117465258546,1.1950561552947034,0.008391212583207738
35.071,1,-4.00541527857197,3.000421088856662,1.2002585714657141,0.005051353527073819
35.082,0,-3.998646935288366,-3.001138260595574,1.1950946670083533,0.008575454896232154
35.082,1,-4.00544931905114,3.0004567540150666,1.200261068394811,0.00485442833097776
35.092,0,-3.9985746153609556,-3.0011600825489557,1.195138305662428,0.008862490363261383
35.092,1,-4.005478578697824,3.0004942990200747,1.2002642344820027,0.0047147509211973035
35.101,0,-3.9985027444987504,-3.0011829861945105,1.1951885341369128,0.009242429413129943
35.101,1,-4.0055030848994795,3.000533848496497,1.200267562003765,0.004637235423423944
35.112,0,-3.998431411419162,-3.0012070258866688,1.1952457126922558,0.00960677973519584
35.112,1,-4.005522886179824,3.000575497685303,1.200270300943624,0.004618428015695519
35.121,0,-3.9983606873015027,-3.0012322549056862,1.1953078727506254,0.009848058510268381
35.121,1,-4.005538052125098,3.000619306321582,1.20027045371761,0.004669241033117334
35.131,0,-3.9982906296380603,-3.001258726766345,1.1953731540743389,0.009994461061088863
35.131,1,-4.00554865747537,3.000665299501562,1.2002663508258544,0.004817500343224169
35.142,0,-3.9982212861881363,-3.001286493901607,1.1954402662899575,0.010071856936052776
35.142,1,-4.005554773392065,3.0007134674578144,1.2002568866161316,0.005077279972121193
35.151,0,-3.998152697729804,-3.001315606067414,1.1955083105857538,0.010099860341057657
35.151,1,-4.005556462975015,3.0007637659149258,1.2002413457544536,0.005444862401854459
35.161,0,-3.9980849000977616,-3.0013461092006968,1.1955766565916706,0.0100934525605805
35.161,1,-4.0055537784005155,3.000816117537693,1.2002192807116263,0.005904361421351017
35.171,0,-3.9980179256255934,-3.0013780444864135,1.1956447532630161,0.010041838539574249
35.171,1,-4.00554675932462,3.0008704141664886,1.2001904254840972,0.006435559046753566
35.181,1,-4.005535433315032,3.0009265207442812,1.2001546350186194,0.0070189936447421115
35.181,0,-3.9979518045666467,-3.0014114478864404,1.195711670537936,0.009927245142215907
35.191,0,-3.997886568609443,-3.001446353001318,1.1957766066061644,0.009771946525963245
35.191,1,-4.005519819822708,3.0009842828227704,1.2001118552895855,0.00763832726898862
35.201,0,-3.997822253896178,-3.001482793580667,1.1958390166369504,0.009592444071845735
35.201,1,-4.005499934807888,3.001043534406733,1.2000620978615955,0.008280649446979373
35.211,0,-3.9977589028081066,-3.0015208049599544,1.195898533872686,0.0094004760926008
35.211,1,-4.005475794291865,3.001104104272598,1.2000054185404623,0.008936593010731306
35.221,0,-3.9976965649296696,-3.00156042491701,1.1959549149933864,0.009204422504066221
35.221,1,-4.005447416962248,3.0011658209193457,1.1999418988571862,0.009599622447239218
35.231,0,-3.9976352974093112,-3.0016016941785235,1.1960080745522674,0.009021294464207331
35.231,1,-4.005414823062789,3.0012285169191237,1.19987230991208,0.010138413313845336
35.241,0,-3.9975751637020593,-3.001644655983088,1.1960582272406965,0.008861947870900657
35.241,1,-4.005378028971606,3.0012920302948034,1.1997996888482194,0.010451291229998758
35.251,0,-3.9975162289679247,-3.001689353027468,1.1961055865853993,0.00872182617327266
35.251,1,-4.005337060168701,3.001356195626902,1.1997266752921556,0.010610158229641028
35.261,0,-3.997458555722622,-3.0017358247996655,1.1961503082778302,0.008598208864905976
35.261,1,-4.005291954000954,3.00142083795645,1.1996550848184602,0.01066919906757133
35.271,0,-3.9974022007488235,-3.0017841057549357,1.1961925049149758,0.008489375031670866
35.271,1,-4.005242759007767,3.001485769725127,1.1995861550838347,0.01066811646851039
35.282,0,-3.997347213497191,-3.0018342246661494,1.1962326393657223,0.008441575098850207
35.282,1,-4.0051895380911935,3.0015507894851026,1.1995197591376512,0.01077475685673781
35.291,0,-3.9972936350210237,-3.001886201046953,1.1962724327193257,0.008485197946918235
35.291,1,-4.0051323720259235,3.001615684502494,1.199453194740052,0.011046969659514759
35.301,0,-3.997241492101802,-3.0019400280099804,1.1963133655348042,0.00859187739063198
35.301,1,-4.005071343804948,3.001680237801003,1.1993842026375527,0.011425983653307764
35.311,0,-3.9971907936393616,-3.001995658668893,1.1963564347849072,0.008743750158141973
35.311,1,-4.005006534722443,3.001744233915868,1.1993112622194935,0.011877277038216472
35.321,0,-3.997141529095802,-3.0020529985347384,1.1964023002971036,0.008927691992379038
35.322,1,-4.004938023380019,3.0018074632611986,1.1992333644856812,0.01237865997266798
35.332,0,-3.997093668148327,-3.002111902183063,1.196451390572685,0.009133361911529138
35.332,1,-4.004865884989793,3.0018697255165843,1.1991498529583289,0.012915222851992862
35.341,1,-4.004790190286547,3.0019308318788056,1.1990605050170111,0.013437848440174089
35.341,0,-3.9970471615937377,-3.0021721734131166,1.196504323823926,0.009411624485989017
35.351,0,-3.9970019436242272,-3.0022335700988596,1.1965632341503718,0.009842390964968063
35.351,1,-4.004711005002769,3.0019906040086903,1.1989661700813121,0.013887879108429662
35.362,0,-3.996957929901167,-3.0022958111856237,1.1966300533848164,0.01039827254688442
35.362,1,-4.0046284015640685,3.0020488697315235,1.1988677461014152,0.014282864580590688
35.371,0,-3.996915017821344,-3.0023585875830663,1.1967060402282814,0.011054528810910826
35.371,1,-4.004542468371352,3.0021054576581316,1.1987658636299428,0.014636219662620754
35.382,0,-3.996873088211642,-3.002421572308981,1.1967919768936575,0.011786871061909347
35.382,1,-4.004453314754072,3.0021601933494875,1.198660967817032,0.014956873659659973
35.391,0,-3.996832006973369,-3.0024844291605333,1.196887763871115,0.012444108153734697
35.391,1,-4.004361073685179,3.002212897230512,1.1985533576616667,0.015254608629456783
35.401,0,-3.996791625301999,-3.002546822100963,1.1969904556049074,0.012832007506619876
35.401,1,-4.004265901496182,3.0022633858386225,1.1984431568354705,0.015538057371707601
35.411,0,-3.996751781671459,-3.002608425186755,1.1970971521635412,0.013018759146518075
35.411,1,-4.004167972097314,3.0023114787123775,1.19833044046381,0.015807223046741016
35.422,0,-3.9967123015094717,-3.0026689301131073,1.1972058535119945,0.013061225537435965
35.422,1,-4.004067470393981,3.002357006179021,1.1982152812141855,0.016062334827991763
35.432,0,-3.9966729969423125,-3.0027280516428014,1.1973151776114688,0.013001462434854357
35.432,1,-4.003964586981338,3.002399815084979,1.1980977488063018,0.016304246748904756
35.442,0,-3.9966336674742937,-3.002785531341026,1.1974241689126297,0.012870888124728025
35.442,1,-4.003859513912138,3.0024397726769982,1.197977908143173,0.016534069576786666
35.451,0,-3.9965941012043658,-3.002841139274146,1.1975325118433275,0.012777154437629551
35.451,1,-4.003752441172776,3.0024767685955176,1.1978559457192242,0.016725875195808707
35.461,0,-3.996554076985822,-3.0028946724839827,1.197641691404104,0.012842165628671083
35.461,1,-4.003643554276911,3.002510713020304,1.1977326276524467,0.016847888360643742
35.471,0,-3.996513371163953,-3.002945958182409,1.1977532199119196,0.013022199604624566
35.471,1,-4.003533037185548,3.0025415328984946,1.1976086742439658,0.01691916044931794
35.481,0,-3.9964717647577928,-3.002994854462017,1.1978681043965895,0.013285360014350517
35.481,1,-4.003421074641638,3.002569166094699,1.1974845831622185,0.016953657027784827
35.491,0,-3.9964290487097327,-3.0030412491143696,1.1979870015723961,0.013609093181882068
35.491,1,-4.00330785313584,3.0025935564515356,1.1973606964108765,0.016961020923300256
35.501,0,-3.996385029348902,-3.003085060907956,1.1981092044200676,0.01371051154514119
35.501,1,-4.003193560862609,3.002614649360296,1.1972375767028316,0.016877941613367153
35.512,0,-3.996339538256364,-3.003126242762324,1.198230075608261,0.013376141149666522
35.512,1,-4.003078386167194,3.002632390013932,1.1971172507548238,0.016626782629395983
35.521,0,-3.9962924363299583,-3.0031647619713873,1.1983455440209858,0.012753453376027525
35.521,1,-4.00296251801452,3.002646744047022,1.1970015892865922,0.016265399119867165
35.531,1,-4.002846144298522,3.0026577153791294,1.196891849978973,0.01583712002580137
35.531,0,-3.9962436204994463,-3.0032005901243357,1.1984528609145801,0.011950687071128369
35.541,1,-4.002729449733447,3.0026653560763616,1.1967888657274086,0.015372666836968352
35.541,0,-3.9961930286572165,-3.0032336984167136,1.1985501915145642,0.01104800206300628
35.552,0,-3.9961406418832004,-3.0032640545180453,1.1986363333232446,0.010106981783025397
35.552,1,-4.002612614188342,3.002669771581353,1.1966931745296687,0.014893725306771056
35.561,0,-3.9960864830791722,-3.0032916184089196,1.198711332658046,0.009357740518296308
35.561,1,-4.002495811355172,3.0026711233797907,1.196604764511765,0.014475066617812588
35.571,0,-3.996030608156145,-3.003316336503597,1.1987793379880274,0.009016343703707286
35.571,1,-4.002379205996254,3.0026696277182015,1.196521860167248,0.014188373564649538
35.581,0,-3.9959731038070396,-3.0033381666589425,1.1988444365764361,0.008939501382358076
35.581,1,-4.0022629475447875,3.0026655332217245,1.1964426885191615,0.013986763436588584
35.592,0,-3.9959140782472007,-3.0033570960824614,1.1989094229966124,0.009036839050896339
35.592,1,-4.002147164410195,3.0026591013048822,1.1963660080472864,0.013839891273002858
35.601,0,-3.995853651103737,-3.0033731498679392,1.1989761885996308,0.009252811615748828
35.601,1,-4.002031960443362,3.0026505930355096,1.1962909456314514,0.01372894886401442
35.611,0,-3.995791946302306,-3.003386396941784,1.1990455578003298,0.009455071444915353
35.611,1,-4.001917413399062,3.0026402587350796,1.1962173221768453,0.0135732943405341
35.621,0,-3.9957290897808644,-3.0033969542821555,1.1991158649809763,0.009498707357285942
35.621,1,-4.001803577473255,3.002628329535401,1.1961471796650371,0.013288061164892322
35.631,0,-3.9956652077666743,-3.0034049731311168,1.1991852978744086,0.009431991961221445
35.631,1,-4.001690489892853,3.0026150199026986,1.1960825369739507,0.012928915450979364
35.641,0,-3.995600428909165,-3.0034106282449127,1.1992526201934424,0.009292957192545572
35.641,1,-4.001578179155851,3.0026005282657775,1.1960247292011612,0.01253926335820048
35.651,0,-3.9955348864433424,-3.0034141111193704,1.1993169968463748,0.009108019065251813
35.651,1,-4.001466671626978,3.0025850365342683,1.195974614857464,0.012151059493827223
35.662,0,-3.99546871925073,-3.003415624395988,1.1993778699259052,0.008895345004485126
35.662,1,-4.001355996183663,3.002568710123888,1.195932718780487,0.011786949647163406
35.671,0,-3.995402071917614,-3.0034153767959015,1.1994350604215083,0.008702090584473273
35.671,1,-4.001246187246847,3.002551698385939,1.195899220609468,0.011471661995869228
35.682,0,-3.9953350927561027,-3.003413578566763,1.199489397567843,0.00857291275232282
35.682,1,-4.001137287129882,3.0025341343671568,1.1958735517115153,0.01121711769451155
35.691,0,-3.99526792868716,-3.0034104413127154,1.1995417279811296,0.008481465875195503
35.691,1,-4.001029350398206,3.002516131329011,1.1958550775100347,0.011008998210861863
35.701,0,-3.9952007191651617,-3.0034061768485825,1.1995926193382103,0.008410369463631743
35.701,1,-4.000922447219393,3.0024977797955508,1.1958433189261615,0.010837043448507363
35.711,0,-3.995133591653364,-3.0034009954992813,1.1996424463186242,0.008348741832760607
35.712,1,-4.000816664903027,3.0024791461965465,1.1958379075760812,0.010693859939461101
35.721000000000004,0,-3.995066658633919,-3.0033951045986744,1.1996914502636395,0.008289909616126226
35.721000000000004,1,-4.000712108226761,3.002460272590868,1.1958385511818919,0.010574035294328188
35.731,0,-3.9950000158422414,-3.0033887070825704,1.1997398333116582,0.00823895330016845
35.731,1,-4.000608898627537,3.0024411772824826,1.1958448356819424,0.010469231311034272
35.742,0,-3.9949337417655126,-3.0033819978052714,1.1997879789043322,0.008204697757112755
35.742,1,-4.000507171736956,3.002421857484735,1.1958555660789592,0.010361185196006217
35.75,0,-3.9948678984980006,-3.003375153858687,1.1998362155867683,0.008180639157452351
35.75,1,-4.000407075674461,3.0024022955571716,1.1958696359301926,0.010240261024493102
35.761,0,-3.9948025331398958,-3.003368324715476,1.199884755003645,0.008162513215460127
35.761,1,-4.000308768438368,3.0023824657432256,1.1958862674829889,0.010102540321640145
35.771,0,-3.994737679239521,-3.003361625821654,1.1999337287485792,0.008148134507296042
35.771,1,-4.000212415043328,3.0023623393710817,1.1959049092845029,0.009946995542891567
35.781,0,-3.994673358024907,-3.003355134939705,1.1999829510077187,0.008089202182741178
35.781,1,-4.0001181859720525,3.0023418883754105,1.1959256819400914,0.009800800192472021
35.791,0,-3.9946095777031436,-3.0033488903486636,1.200030967284308,0.007929135522030355
35.791,1,-4.000026256344568,3.0023210849956614,1.1959500442958586,0.009688809223476126
35.801,0,-3.9945463299873487,-3.003342891202234,1.20007638963276,0.007705879449913184
35.801,1,-3.999936799989045,3.002299897141047,1.1959791991280335,0.009617136611786828
35.812,0,-3.994483586042154,-3.003337099024928,1.2001182805584045,0.007450519594252006
35.812,1,-3.999849986511647,3.0022782834993245,1.1960139383350303,0.009591328139080355
35.822,0,-3.9944212940828576,-3.0033314400447284,1.2001560133670262,0.007187349304188624
35.822,1,-3.9997659794693647,3.002256190421265,1.1960547721449604,0.009615334564949285
35.832,0,-3.9943593784896008,-3.0033258081401564,1.200189176179624,0.00693558036642052
35.832,1,-3.99968493491167,3.0022335502626807,1.1961020131165376,0.009690260357316023
35.842,0,-3.9942977401124473,-3.003320068042963,1.2002178151427356,0.006750647217700385
35.842,1,-3.9996069991121828,3.0022102812720894,1.1961554602203495,0.009758757328965358
35.852,0,-3.994236261295821,-3.0033140597294135,1.200244094313375,0.006698227653199888
35.852,1,-3.999532305461078,3.0021862921695344,1.196213561190116,0.00975786432526727
35.862,0,-3.9941748233484784,-3.0033076082511894,1.200270347545872,0.006735109781509504
35.862,1,-3.999460980392215,3.002161492519756,1.1962749259929264,0.009702149277533951
35.871,0,-3.994113327052153,-3.0033005347807182,1.2002981661196677,0.006837730977322755
35.871,1,-3.999393145819907,3.002135803419956,1.1963385839909384,0.009604746391933431
35.881,0,-3.994051707462699,-3.0032926651384586,1.2003286206047656,0.006992047199397811
35.881,1,-3.999328919755322,3.0021091650263876,1.1964038481806387,0.009477655970469468
35.891,1,-3.999268415132469,3.002081541718573,1.196469870516725,0.009261275910891221
35.892,0,-3.99398994335855,-3.003283836322948,1.2003622094208661,0.0071493676649834565
35.901,0,-3.99392806169602,-3.003273903088129,1.200397234601776,0.007187612970595387
35.901,1,-3.9992117340127837,3.0020529261318005,1.1965347159254067,0.008907098339431608
35.912,0,-3.9938661337038903,-3.0032627398673806,1.200431453835687,0.00713162079491137
35.912,1,-3.9991589656213,3.002023340012404,1.1965967733919751,0.008459196166943572
35.921,0,-3.9938042674529473,-3.0032502413207522,1.2004633319900195,0.0070155446567608665
35.921,1,-3.9991101804593243,3.0019928349327674,1.1966549625269742,0.007951382418099225
35.931,0,-3.99374260118353,-3.0032363233123553,1.2004918342963353,0.006866598279065237
35.931,1,-3.9990654254658806,3.0019614920131845,1.196708569842237,0.007409041730332139
35.941,1,-3.999024721284189,3.0019294205841094,1.1967571333059388,0.006850975951075312
35.942,0,-3.993681297106567,-3.003220923027362,1.2005162734703427,0.0067048593463593055
35.951,0,-3.9936205359906016,-3.003203998149496,1.2005364217000003,0.00656074805447444
35.951,1,-3.9989880631417765,3.001896755908451,1.1968008676496908,0.006379003911022589
35.962,0,-3.993560512566492,-3.003185525362775,1.200552950172163,0.006443497560722823
35.962,1,-3.998955425750292,3.0018636563739207,1.196841794485486,0.006061947223645024
35.971000000000004,0,-3.9935014302884495,-3.0031655012471643,1.200566509120266,0.006337263805148944
35.971000000000004,1,-3.9989267562582858,3.0018303023197483,1.1968817140874282,0.005855379608588323
35.982,0,-3.9934434968001438,-3.003143941816151,1.2005775542094446,0.006232838245781175
35.982,1,-3.99890197479777,3.0017968931410537,1.1969218558358814,0.005732452016865521
35.991,1,-3.9988809775877088,3.001763643893126,1.196963050914576,0.005675423001618792
35.991,0,-3.9933869201411447,-3.003120881227501,1.200586407313145,0.00612486630393791
36.001,1,-3.9988636396218626,3.0017307819754544,1.1970057502914166,0.005651812222691413
36.001,0,-3.993331906686244,-3.003096368964344,1.2005941043887474,0.006033245697130645
36.01,0,-3.993278658508679,-3.0030704665136323,1.2006035520839347,0.005973801936253607
36.01,1,-3.998849816726831,3.00169854493733,1.197049965836258,0.005640985626514431
36.021,0,-3.99322736173378,-3.003043249323782,1.2006170815350061,0.005967182897414955
36.021,1,-3.998839348312905,3.001667180573154,1.1970956422510068,0.005640209265857401
36.031,0,-3.993178178976388,-3.0030148051638017,1.200636261072463,0.006039701826859152
36.031,1,-3.998832059006813,3.001636946828157,1.1971427216867057,0.005646931941659798
36.041,0,-3.9931312449374183,-3.0029852318567865,1.2006621277982281,0.0062090233327201415
36.041,1,-3.9988277604789118,3.001608110770531,1.1971911472267165,0.005659344025342193
36.051,0,-3.993086663947023,-3.002954635207044,1.2006953483679628,0.006479898999810798
36.051,1,-3.9988262534617878,3.0015809469821244,1.197240862350791,0.005675802127393863
36.062,0,-3.99304450824433,-3.0029231275360697,1.200735861091284,0.006772140315171673
36.062,1,-3.9988273309101214,3.0015557361911283,1.1972921758860182,0.005783284126918408
36.071,0,-3.9930048232433313,-3.0028908267024192,1.2007823033122358,0.007019566411597593
36.071,1,-3.9988307851489893,3.0015327612598646,1.1973466237609978,0.006054859668828596
36.082,0,-3.992967649133991,-3.002857853993358,1.2008335026360106,0.007225434630472245
36.082,1,-3.9988364153439853,3.0015122902948272,1.1974055299971051,0.006448755372287336
36.091,0,-3.992933037656104,-3.002824333547762,1.200888625522723,0.007396746648286571
36.091,1,-3.9988440378672077,3.0014945623211546,1.1974697691761933,0.006932897488340561
36.101,0,-3.99290106287752,-3.0027903918167635,1.2009470736553098,0.0075405312835365714
36.101,1,-3.998853494141872,3.0014797781150997,1.1975398995583082,0.0074819749189974525
36.112,0,-3.9928718270131776,-3.0027561569037844,1.2010081544489686,0.007585349573682228
36.112,1,-3.998864655381454,3.001468094622284,1.197616226473629,0.008065408493301169
36.121,0,-3.9928454547230543,-3.0027217572099874,1.2010688775684188,0.007317106756537522
36.122,1,-3.9988774247024557,3.001459622043361,1.1976986482508036,0.00864423289062636
36.131,0,-3.992822085049796,-3.0026873152160642,1.2011258722790503,0.006818434156325499
36.131,1,-3.9988917380490157,3.0014544263708838,1.1977869415523028,0.009218289716223151
36.141,0,-3.9928018578298845,-3.0026529410966716,1.2011768528790945,0.006175937261865461
36.141,1,-3.9989075634118265,3.0014525336351756,1.1978809152220125,0.009788275572351112
36.151,0,-3.9927848996817814,-3.0026187287284287,1.2012202955088407,0.005460336135588842
36.151,1,-3.998924898977667,3.001453933863735,1.1979804051722465,0.010355013586535983
36.161,0,-3.992771314318789,-3.002584753189764,1.2012552033755917,0.004736767130716211
36.161,1,-3.9989437708456035,3.001458584914682,1.1980852657802394,0.010918010468210402
36.172,0,-3.992761177055564,-3.0025510694996878,1.2012811777491275,0.004120531773597769
36.172,1,-3.99896422979641,3.0014664149588155,1.1981949775002771,0.011337630031287828
36.181,0,-3.9927545382954044,-3.0025177116275445,1.201300224449448,0.0037530665118201906
36.181,1,-3.998986341283957,3.001477316494006,1.1983054461146678,0.011234882540451916
36.191,0,-3.9927514173169176,-3.0024846862434162,1.2013149478091327,0.0035519584055634943
36.191,1,-3.99901017837696,3.0014911613012694,1.1984118924781593,0.010756806332267178
36.201,0,-3.992751799275834,-3.0024519656637083,1.2013271649698725,0.0034617205222617895
36.201,1,-3.999035812220642,3.0015078128123505,1.198511057267637,0.010041047506388635
36.211,1,-3.9990633017527535,3.0015271290016776,1.1986007533607643,0.00918875483771955
36.212,0,-3.9927556385137137,-3.0024194842660585,1.2013381309456597,0.003453429897919281
36.221,0,-3.9927628619399296,-3.0023871374676876,1.2013487079740843,0.0035113836489865944
36.221,1,-3.999092686717656,3.0015489648712728,1.19867953854233,0.008279136887937463
36.231,0,-3.9927733723563965,-3.0023547826046095,1.2013594983700815,0.0036261684404764604
36.231,1,-3.9991239839341968,3.0015731753903756,1.1987468208877994,0.0074708757522768034
36.242,0,-3.9927870516960557,-3.002322243741198,1.2013709913816137,0.003790748133976876
36.242,1,-3.999157187889054,3.0015996209147544,1.1988045613660026,0.0069610674849892975
36.251,0,-3.992803763287733,-3.00228932587343,1.2013835541895173,0.003995048774474764
36.251,1,-3.999192262626035,3.001628160636767,1.1988550773134727,0.0066613807881308355
36.261,0,-3.992823354149257,-3.002255831180386,1.201397438409676,0.004229123172348579
36.261,1,-3.9992291367611967,3.001658648763817,1.198899981294564,0.006499928597928662
36.271,1,-3.999267703084486,3.0016909345011538,1.1989403969329613,0.006425859405552939
36.271,0,-3.992845657488747,-3.0022215714605447,1.2014128136441768,0.00448392956781069
36.282,0,-3.9928704944023456,-3.002186377159482,1.2014295046653543,0.004723481918127921
36.282,1,-3.9993078203514836,3.0017248630697972,1.198977537925781,0.006467387839529137
36.291,1,-3.9993493172873635,3.0017602768609635,1.1990138236761059,0.006634899780046498
36.291,0,-3.9928976755365646,-3.002150102772178,1.2014463304326406,0.004921889313845162
36.301,0,-3.992927008957795,-3.002112625290708,1.2014622607307424,0.005096174679096934
36.301,1,-3.999391994001849,3.001797010507137,1.1990512482888784,0.00687220393717769
36.312,0,-3.9929583048957733,-3.0020738418883743,1.201476609583261,0.005259532378089966
36.312,1,-3.999435626460295,3.0018348890120525,1.1990911531060555,0.007149483677292392
36.321,0,-3.9929913786693656,-3.0020336680566366,1.201488929765132,0.005420624840821289
36.321,1,-3.9994799714180687,3.001873727600571,1.1991344264263517,0.007449116588198506
36.332,0,-3.993026052874503,-3.001992035853598,1.20149893941979,0.005584330089526221
36.332,1,-3.999524771030276,3.0019133322615987,1.1991816418100434,0.007759636969952916
36.341,0,-3.9930621593009534,-3.0019488920279316,1.2015066516139392,0.005759167409180705
36.341,1,-3.999569757158743,3.001953500987093,1.1992335822602551,0.008156500479336007
36.351,0,-3.9930995441197417,-3.0019041978095586,1.2015130111982173,0.005946047234599353
36.351,1,-3.9996146552073593,3.001994024420749,1.199292869038779,0.00875659373282233
36.361,0,-3.993138078724719,-3.0018579375108017,1.2015189510422224,0.006134937662335508
36.361,1,-3.9996591880274788,3.0020346818979866,1.1993618803246513,0.009525157332585226
36.371,0,-3.9931776716155762,-3.0018101263792487,1.2015251119596864,0.006322274866050566
36.371,1,-3.9997030807270653,3.0020752391667274,1.199442177487718,0.010427748092322338
36.381,0,-3.993218276200218,-3.0017608148090384,1.2015319337795238,0.006507043344399745
36.381,1,-3.9997460646159118,3.0021154479923418,1.1995347525489453,0.011430767335467669
36.391,0,-3.993259894198346,-3.0017100904254828,1.2015393963559655,0.006676694631800299
36.391,1,-3.9997878816169847,3.002155047698073,1.1996390775040764,0.01224044551912918
36.401,0,-3.993302570809366,-3.001658079121047,1.2015452942525646,0.006815399912887668
36.401,1,-3.999828290881607,3.002193771590158,1.199750581797432,0.012614887139894745
36.411,1,-3.9998670659991094,3.0022313529772364,1.1998652043184188,0.012677389799194118
36.412,0,-3.9933463797565345,-3.001604935664615,1.2015472596204801,0.006956836046148154
36.421,0,-3.99339140404207,-3.0015508347372672,1.2015437089692493,0.00713250222490875
36.421,1,-3.999903994497779,3.0022675316064493,1.199980178892483,0.01252098993754036
36.432,0,-3.9934377206110274,-3.001495964886243,1.2015336030495127,0.007361982324143046
36.432,1,-3.9999388785270606,3.0023020589959235,1.200093629897449,0.012211903739886495
36.441,0,-3.9934853896614926,-3.0014405235115964,1.201516282205184,0.007652580547597922
36.441,1,-3.9999715353008645,3.002334702347704,1.200204294303467,0.011797689065735605
36.451,0,-3.9935344476867485,-3.001384712482199,1.2014914232284153,0.007995802557904923
36.451,1,-4.000001797020671,3.002365246989004,1.20031147105754,0.011349500408395854
36.462,0,-3.9935849041392886,-3.0013287314260273,1.201459118444097,0.00837475795327321
36.462,1,-4.000029511806955,3.0023934959484415,1.2004153942003517,0.010938091845816829
36.472,0,-3.9936367409686864,-3.001272765616339,1.2014195295729544,0.008781022524470463
36.472,1,-4.000054553173312,3.0024192687960243,1.2005164503182952,0.010556061185932662
36.481,0,-3.9936899139547606,-3.0012169748369746,1.2013728082399602,0.009207612401205448
36.481,1,-4.000076828431076,3.0024423989532942,1.2006149200560228,0.010198938958003098
36.491,0,-3.993744354654537,-3.0011614860478675,1.2013191043771871,0.009649400637810968
36.491,1,-4.000096283256993,3.002462731219531,1.2007110116301798,0.00986449437169815
36.502,0,-3.9937999731846507,-3.0011063894108707,1.2012588315487447,0.010057502829485206
36.502,1,-4.000112904781415,3.002480121274333,1.2008044899893442,0.00944050960812932
36.511,0,-3.993856664799876,-3.001051740288091,1.2011933016233816,0.010387675632781923
36.511,1,-4.000126724460064,3.0024944412037997,1.2008932590900527,0.00878903263538109
36.521,0,-3.993914321239903,-3.000997569376161,1.201123659434748,0.010656871826947018
36.521,1,-4.00013780647368,3.00250558042972,1.2009753347885732,0.007985452441648503
36.531,1,-4.000146239144218,3.0025134508102505,1.201049407573387,0.007086551973377825
36.531,0,-3.9939728427480734,-3.0009438937871535,1.2010507161246717,0.010880011397315873
36.542,0,-3.9940321467805893,-3.0008907256060136,1.200975044853226,0.011069277808946511
36.542,1,-4.000152129445323,3.002517991568292,1.2011146379742101,0.006134627505239263
36.552,0,-3.994092173600239,-3.0008380780819066,1.2008970510381758,0.01123413405789694
36.552,1,-4.0001555982891865,3.0025191719690096,1.201170514440855,0.005162788062600458
36.561,0,-3.994152889494407,-3.0007859700474255,1.2008173124802555,0.011327226041487273
36.561,1,-4.000156776171057,3.002516991454713,1.201216926857378,0.004244224798567319
36.571,1,-4.0001558005875975,3.0025114747251247,1.2012543535491744,0.0034302385690048827
36.571,0,-3.9942142835173406,-3.000734429174598,1.2007372977756583,0.011311872941036947
36.581,0,-3.994276351158344,-3.000683493370083,1.2006582461309705,0.011222582308603993
36.581,1,-4.00015281787512,3.0025026628433955,1.2012832664969424,0.002748352218974518
36.591,0,-3.9943390787050777,-3.0006332116833696,1.2005809955903815,0.011083439794298095
36.591,1,-4.000147983810373,3.0024906032222414,1.2013040474494323,0.002259337105228282
36.601,0,-3.994402432647382,-3.0005836445738137,1.2005061064849187,0.010910511518847614
36.601,1,-4.000141463274201,3.0024753421243378,1.2013170160797875,0.0020536620731445706
36.611,1,-4.000133428464273,3.0024569174254894,1.20132308986433,0.002198526130619822
36.612,0,-3.994466352970902,-3.000534862933808,1.2004332547009278,0.01082604117685925
36.622,0,-3.9945307572263404,-3.0004869440356785,1.2003603302815116,0.010877866379320433
36.622,1,-4.000124055215604,3.0024353500830796,1.201325300374002,0.002506300769730994
36.631,0,-3.994595561397826,-3.0004399659275416,1.2002855905820642,0.011022991286008794
36.631,1,-4.000113523691967,3.0024106492857383,1.2013262669043692,0.0028350260690172416
36.642,0,-3.9946606981577415,-3.000394001246189,1.2002078557472784,0.011235414732476537
36.642,1,-4.00010201516858,3.00238281165241,1.201327791895113,0.003165376142568444
36.651,0,-3.9947261290862435,-3.000349112682868,1.2001263355828797,0.011498752108466051
36.651,1,-4.000089708578873,3.002351819526925,1.201331108331543,0.003506319227991016
36.661,0,-3.994791852360477,-3.0003053500095453,1.2000405095840798,0.01180219031801717
36.661,1,-4.000076777916058,3.002317640392962,1.2013370529714473,0.0038675905864214593
36.671,0,-3.9948579070152688,-3.0002627485556883,1.1999502478670214,0.012081061364036721
36.671,1,-4.000063390373415,3.00228022755429,1.2013460574233645,0.004242052418938419
36.681,0,-3.994924372727774,-3.0002213305283525,1.1998574511193656,0.012167026921936844
36.681,1,-4.000049706331241,3.0022395258083536,1.2013571202904694,0.004586966584395949
36.691,0,-3.9949913555061976,-3.0001811039597186,1.1997644751456114,0.012109181942099076
36.691,1,-4.0000358833463565,3.0021954744337247,1.2013688667928881,0.004906128081288487
36.701,0,-3.995058968518413,-3.0001420627394437,1.199672928571068,0.01195780773713533
36.701,1,-4.000022082201871,3.00214801212491,1.2013803541521064,0.005211542435521216
36.711,0,-3.995127317862444,-3.0001041883649795,1.1995838917308694,0.011749154142438793
36.711,1,-4.000008471251792,3.002097083053096,1.2013909451578533,0.005512925392809542
36.721000000000004,0,-3.9951964925600008,-3.0000674516067263,1.1994980784357123,0.011508615654788244
36.721000000000004,1,-3.9999952288077196,3.002042641052886,1.201400214569008,0.005816430795391659
36.732,0,-3.995266557985726,-3.000031814106884,1.1994160314680786,0.011236283223136316
36.732,1,-3.9999825439717087,3.0019846529749263,1.201407720073727,0.006119852679321845
36.741,0,-3.995337551277456,-2.9999972290357646,1.1993385007155084,0.010925136547848099
36.741,1,-3.9999706159842656,3.001923104036968,1.2014123606748153,0.006426709247981256
36.752,0,-3.9954094758142165,-2.9999636381919514,1.1992660858454203,0.010597846795913694
36.752,1,-3.9999596535451505,3.001858000979868,1.2014131633924103,0.0067520956704049786
36.76,1,-3.9999498734505736,3.001789376724286,1.201409493200793,0.0071029953951391184
36.761,0,-3.9954822974946023,-2.9999309693407854,1.1991991572559793,0.010269988007399231
36.772,0,-3.9955559435497845,-2.9998991350724573,1.1991379246740468,0.009951745963885743
36.772,1,-3.9999414987069866,3.0017172936857084,1.2014009486506407,0.007480083295522964
36.781,0,-3.9956303035232663,-2.999868032896052,1.1990827021590906,0.009617759755929734
36.781,1,-3.9999347563333316,3.0016418451069233,1.2013872495504911,0.007882523694930931
36.791,0,-3.995705234477546,-2.999837546032982,1.1990344548430067,0.009259273570637735
36.791,1,-3.9999298719407044,3.001563154107232,1.2013680456498308,0.008311008958728671
36.801,0,-3.995780571711187,-2.9998075433479654,1.1989939597616006,0.008912683220516684
36.801,1,-3.999927057149867,3.0014813675033785,1.2013430704525139,0.008762216961163275
36.811,0,-3.99585614032887,-2.9997778803340593,1.1989616878175378,0.00860435260353982
36.811,1,-3.99992649680939,3.001396649196983,1.2013121680182275,0.009232001405539132
36.821,1,-3.999928340280351,3.0013091748669214,1.2012752579969521,0.009715925510553801
36.822,0,-3.9959317643043613,-2.9997484006597253,1.1989378989874384,0.00835434380817738
36.831,0,-3.996007273162292,-2.9997189379350315,1.1989226989040718,0.008176523875580478
36.831,1,-3.9999326961353496,3.001219127605575,1.2012323151613826,0.010209525566729544
36.841,1,-3.999939630422446,3.001126693538395,1.2011836780484644,0.010663530018794175
36.841,0,-3.996082506836868,-2.9996893177657955,1.1989160136412451,0.008079954551420682
36.851,0,-3.996157319066134,-2.9996593620998193,1.1989173113396772,0.008058849816877555
36.851,1,-3.999949169990119,3.0010320586416395,1.201131224934108,0.011010279297657737
36.861,0,-3.996231579198765,-2.999628898954528,1.1989260432430375,0.008099549536446038
36.861,1,-3.9999613014814,3.000935419524967,1.2010767357637442,0.011272460629714641
36.868,0,-3.9963051730212324,-2.999597772127674,1.1989417874996504,0.008192220492655559
36.868,1,-3.9999759745684473,3.000836991406661,1.201021421463842,0.011469922430002685
36.881,0,-3.996378003050354,-2.9995658479416876,1.1989642072166786,0.008328913841167128
36.881,1,-3.99999310683758,3.0007370116172543,1.2009661001340828,0.011616705903537222
36.891,0,-3.9964499888312353,-2.9995330199897343,1.1989924597060826,0.008449083414265207
36.892,1,-4.000012588968369,3.0006357405445105,1.200911599806599,0.011687346939648912
36.901,0,-3.9965210677402854,-2.9994992118723176,1.1990238683517518,0.008483654026698489
36.901,1,-4.000034287237339,3.0005334612557553,1.2008595080054458,0.011666154779945152
36.911,0,-3.996591192918154,-2.999464372953519,1.1990561292774107,0.008447855869047484
36.911,1,-4.0000580348318655,3.000430481436147,1.2008111149880414,0.011582318759477076
36.922,0,-3.9966603322626337,-2.9994284747575963,1.1990876614233432,0.008363180797774374
36.922,1,-4.000083625872219,3.00032713270031,1.2007672690040683,0.011455140334833467
36.931,1,-4.0001108134196555,3.0002237683354336,1.2007285119442819,0.011296180237786047
36.931,0,-3.9967284676428254,-2.9993915082128995,1.1991173839222533,0.008249456587387616
36.941,1,-4.00013931003222,3.0001207602248123,1.200695174403676,0.011111645292336525
36.941,0,-3.9967955939271795,-2.9993534811520433,1.199144562279854,0.008122262522114785
36.951,0,-3.996861717931294,-2.9993144160893443,1.1991686069063343,0.007983584947927759
36.951,1,-4.000168789829697,3.0000184948251287,1.2006668919015828,0.010939062173009119
36.962,0,-3.996926856346438,-2.9992743476158696,1.1991882228523232,0.00782489806000305
36.962,1,-4.000198896623068,2.9999173670230777,1.2006413512198657,0.01078899945065193
36.971000000000004,0,-3.9969910257298964,-2.9992333130275313,1.1992020626532178,0.0076819488649103995
36.971000000000004,1,-4.000229265945351,2.9998177757083173,1.2006165106116065,0.01063254757105319
36.981,0,-3.997054230886329,-2.9991913418703184,1.1992092265834415,0.007584441006189353
36.981,1,-4.000259543659,2.9997201194051972,1.2005909775824581,0.010458202810835704
36.991,0,-3.9971164572550446,-2.9991484491292857,1.1992091284317745,0.007552499565408404
36.991,1,-4.000289398963642,2.999624792061936,1.200563810338919,0.010262676312073424
37.001,0,-3.9971776658988443,-2.999104630569225,1.199201842430278,0.007580914140587644
37.001,1,-4.000318533098733,2.9995321803272263,1.2005346664388832,0.01002096052709863
37.011,0,-3.9972377927315073,-2.999059861096433,1.199189080510598,0.007625852981545276
37.012,1,-4.000346682339407,2.999442666062925,1.2005047648462932,0.009695772402628096
37.022,0,-3.9972967578398375,-2.9990141009581412,1.1991723898163211,0.007666410420249127
37.022,1,-4.000373616423389,2.9993566274307075,1.2004753670396362,0.009298599972621453
37.032,0,-3.997354474297301,-2.998967301316567,1.1991528338314954,0.007697051262843366
37.032,1,-4.00039913474741,2.999274442459461,1.2004473179706259,0.00884015647150437
37.041,0,-3.997410854511258,-2.9989194082968975,1.199131140990099,0.00771842178928029
37.041,1,-4.000423062612989,2.9991964919472487,1.2004211752094789,0.008328563289796335
37.051,0,-3.997465814882039,-2.9988703661465936,1.1991078072263675,0.007733356518923204
37.051,1,-4.00044524805809,2.999123160577469,1.2003972952406687,0.0077698107219684315
37.061,0,-3.997519278123408,-2.998820118879145,1.1990837652820923,0.007699108346485766
37.061,1,-4.000465559332653,2.999054836003543,1.200375842621512,0.007171904676276539
37.071,0,-3.9975711727761998,-2.998768610965373,1.1990612689960245,0.007604520662223662
37.071,1,-4.000483883894547,2.9989918991979287,1.2003567593935576,0.006540306500660662
37.081,0,-3.9976214338991434,-2.998715791167553,1.1990420948463831,0.0074864546749249285
37.081,1,-4.000500129055972,2.9989347029136098,1.2003399573121822,0.005878742020751656
37.091,0,-3.997670001182978,-2.99866161391397,1.1990274196166313,0.007376121258211734
37.091,1,-4.000514222771655,2.998883551853559,1.2003253539473515,0.0051924138078920015
37.101,0,-3.9977168171755846,-2.9986060398584486,1.1990180064919809,0.0072968740101502635
37.101,1,-4.000526113761218,2.998838689467761,1.200312870888072,0.004487862700631231
37.111,0,-3.9977618259901546,-2.9985490361254277,1.1990143755055522,0.00726404763028383
37.111,1,-4.000535771778954,2.9988002881807216,1.200302111376091,0.003797625421377684
37.121,0,-3.9978049717279096,-2.9984905768157826,1.1990174214095697,0.007296607121078861
37.121,1,-4.000543189347056,2.9987684406060833,1.2002911862649126,0.0031764535571194557
37.131,0,-3.997846199850026,-2.99843065092149,1.1990281065139654,0.007418629006857377
37.131,1,-4.00054837668086,2.9987431791345642,1.2002783316421548,0.0026710863268486662
37.141,1,-4.000551358991888,2.9987244906933803,1.200262366087774,0.0023707191383437604
37.141,0,-3.9978854594925495,-2.9983692729262796,1.1990470344589912,0.007639224898988124
37.151,0,-3.997922704445119,-2.998306489231371,1.1990745614387905,0.007955147186654146
37.151,1,-4.000552175215824,2.9987123253967045,1.2002425086416098,0.002365408962381417
37.161,0,-3.997957893787688,-2.998242381571169,1.1991108725110275,0.00835401132639538
37.161,1,-4.000550876649625,2.998706603780843,1.200218254846546,0.0026580619641779165
37.172,0,-3.997990992595971,-2.998177068270519,1.1991558874611605,0.008799401980600731
37.172,1,-4.000547524248253,2.998707226652377,1.2001898922836147,0.0030050553687763285
37.181,0,-3.998021973915761,-2.9981107037390764,1.199208971007158,0.009250517505229691
37.181,1,-4.000542182529584,2.998714087999931,1.2001598596459317,0.0032213891222641305
37.191,0,-3.9980508209989636,-2.9980434755079846,1.199269514189956,0.009698654400812037
37.191,1,-4.000534917577104,2.9987270604059058,1.200130323571315,0.003382255653562353
37.202,0,-3.998077530131136,-2.997975601188008,1.1993370453616101,0.01013860413446027
37.202,1,-4.000525790984086,2.9987459932625655,1.200102758407759,0.0035485493115865597
37.21,1,-4.000514854565248,2.998770715541888,1.2000781612087879,0.00375906263508664
37.211,0,-3.9981021124966682,-2.9979073252135313,1.1994111800747234,0.01056642897598394
37.22,0,-3.9981245949344046,-2.99783891515487,1.199491596919986,0.010980726998790696
37.22,1,-4.000502146949921,2.9988010385211914,1.2000571994394444,0.004031410276885411
37.231,0,-3.9981450211494836,-2.9977706576213015,1.199577412834905,0.011240611363654014
37.231,1,-4.000487692247465,2.9988367566305825,1.2000399701922952,0.004405683959143182
37.241,0,-3.998163455638778,-2.9977028504811383,1.199664926862746,0.011166642048201692
37.241,1,-4.000471503958268,2.9988776399781956,1.2000241788376165,0.0049017706365310125
37.251,0,-3.9981799764821835,-2.9976357895554444,1.199750675283896,0.010853036578469007
37.251,1,-4.000453587282341,2.9989234481555935,1.2000073155195339,0.005448714137497294
37.261,0,-3.9981946726340865,-2.997569756672113,1.1998322933367906,0.01037492602898088
37.261,1,-4.000433944773514,2.998973936863878,1.1999876849549118,0.006022082779503893
37.272,0,-3.9982076434149545,-2.9975050110745305,1.1999081733904144,0.009788089428106704
37.272,1,-4.0004125822163905,2.999028857764681,1.1999641573444617,0.006612265556144091
37.281,0,-3.998218996792311,-2.9974417843720547,1.1999777023777218,0.009233314183545028
37.281,1,-4.000389512325559,2.9990879596173845,1.1999361493733247,0.007188686303487303
37.291,1,-4.000364755452978,2.9991509961360183,1.1999048146399331,0.007672438609769522
37.292,0,-3.9982288448296606,-2.9973802821969104,1.2000428276301502,0.008851300266171414
37.301,0,-3.9982373034696153,-2.9973206866587896,1.2001055946810733,0.008583817198244203
37.301,1,-4.000338345438308,2.9992177304490224,1.1998717739376383,0.008078054955041322
37.311,0,-3.998244489017188,-2.9972631620662282,1.200167397892305,0.008393312348176352
37.311,1,-4.000310334551022,2.999287943693764,1.1998381503436064,0.00842631939346035
37.32,0,-3.9982505141932987,-2.9972078604111285,1.2002291827539793,0.008255800335828699
37.321,1,-4.00028079490067,2.999361444728204,1.1998047177965872,0.008733889861272125
37.331,0,-3.998255485280899,-2.9971549253557908,1.2002915806169379,0.008155597550243346
37.331,1,-4.0002498185160995,2.9994380761490267,1.1997720048470186,0.009013497183777275
37.341,0,-3.9982595005091333,-2.997104493901909,1.200354632232868,0.008004212408645819
37.341,1,-4.000217516224795,2.9995177172450718,1.1997404487184882,0.009267980333256069
37.351,0,-3.9982626496594644,-2.9970566921680235,1.200416972604158,0.007730663092321735
37.351,1,-4.000184012850081,2.9996002758771207,1.199710560206454,0.009502062391143389
37.361,0,-3.998265012379889,-2.997011629375918,1.2004773629491983,0.007371109221613685
37.361,1,-4.000149437427259,2.9996856627634485,1.1996827142662807,0.009722287937847646
37.371,0,-3.998266658265618,-2.9969693892070115,1.2005349641566454,0.006952540966343584
37.371,1,-4.000113913926154,2.999773768605118,1.1996571555625126,0.009930888761586975
37.381,0,-3.9982676474192727,-2.9969300236197496,1.2005892129623597,0.006494997726795029
37.381,1,-4.000077554645789,2.999864448928269,1.1996340376618193,0.010127242247435015
37.391,0,-3.9982680310869294,-2.996893549028138,1.2006395570669504,0.005970636334765507
37.391,1,-4.000040455923831,2.9999575148267446,1.1996133752472393,0.0103130160969837
37.401,0,-3.9982678512143472,-2.9968599474211053,1.2006847374469969,0.005340076662187734
37.402,1,-4.00000269747634,3.000052728720589,1.19959477934164,0.010487586774417607
37.411,0,-3.9982671356208974,-2.996829184725763,1.2007236561348724,0.004645276187527227
37.411,1,-3.9999643472769324,3.000149807704979,1.1995778572408222,0.010641709873774089
37.422,0,-3.9982658936165505,-2.9968012286186863,1.200755605073674,0.003920602475162035
37.422,1,-3.999925467776763,3.0002484286479922,1.199562331442524,0.010768599126156598
37.431,0,-3.9982641136832293,-2.996776060405896,1.2007801464594934,0.003197323624463069
37.431,1,-3.999886120502931,3.000348233505824,1.1995480036168524,0.010863083354929798
37.441,1,-3.9998463691855024,3.0004488350069902,1.1995347308637412,0.010921249913663368
37.441,0,-3.998261762640371,-2.9967536828684485,1.2007970303813862,0.0025143280656349945
37.452,0,-3.998258785903517,-2.9967341252274227,1.2008062586739467,0.0019511297609514013
37.452,1,-3.9998062817422824,3.0005498224299845,1.1995223476719947,0.010942352148488684
37.461,1,-3.9997659311506637,3.000650770431538,1.1995103129657945,0.010928669451026902
37.461,0,-3.9982551107085036,-2.996717445238461,1.2008087621131616,0.0015880836967653179
37.472,0,-3.9982506597086482,-2.996703717571504,1.2008055757411291,0.0014382677487002127
37.472,1,-3.9997253943063815,3.0007512584233442,1.1994980877443184,0.010879220005227216
37.481,0,-3.998245366148503,-2.9966930207249476,1.20079743722891,0.0014938117651373296
37.481,1,-3.9996847503277255,3.000850890857887,1.199485309496347,0.010795786482286901
37.491,0,-3.9982391843876846,-2.99668542821905,1.20078487502112,0.001702699717873834
37.491,1,-3.9996440791375316,3.000949311637521,1.1994717380405078,0.010681927680922883
37.502,0,-3.9982320962976483,-2.996681003197218,1.2007685255298277,0.0019416632842493395
37.502,1,-3.9996034606629003,3.0010462128885296,1.1994576573757596,0.010527349176101453
37.511,0,-3.9982241111474215,-2.996679796407191,1.2007497738051967,0.002119837909375874
37.511,1,-3.999562981380234,3.0011413390507986,1.1994444603792171,0.010330567081410048
37.521,1,-3.9995227526023616,3.00123449091854,1.1994332817013695,0.01010494449434002
37.522,0,-3.9982152579269084,-2.9966818409153553,1.2007297766241423,0.0022585376782353946
37.531,0,-3.9982055758250423,-2.9966871507033837,1.2007093207797568,0.002380881157622851
37.531,1,-3.9994829263643443,3.00132552607614,1.19942487632103,0.009862124847937963
37.541,0,-3.9981951068400283,-2.996695720925811,1.2006889371240683,0.0025043244222663465
37.541,1,-3.999443704838767,3.0014143571789242,1.1994197361731633,0.009611314693765137
37.551,0,-3.9981838904276015,-2.9967075286779674,1.2006689792185496,0.0026395524055263368
37.552,1,-3.9994053446591744,3.001500948934044,1.199418172616476,0.009359571919534945
37.561,0,-3.998171960249758,-2.996722532765864,1.200649250429834,0.0028628720748467623
37.561,1,-3.9993681566711308,3.0015853152430694,1.1994198454056444,0.009108094693937892
37.571,0,-3.9981593450284247,-2.9967406744297422,1.2006284481967722,0.003187499864904747
37.571,1,-3.999332498211308,3.0016675119460574,1.1994230757957265,0.00884743882631722
37.581,0,-3.998146073508929,-2.996761886303222,1.2006054935186632,0.0035732030898354777
37.581,1,-3.999298760416222,3.0017476174062043,1.1994264803973684,0.008575586176611204
37.591,1,-3.9992673545617325,3.0018257178336674,1.1994291141776106,0.008295757144292494
37.592,0,-3.9981321801068,-2.9967860970271096,1.2005796541379852,0.003997118094182109
37.601,0,-3.9981177087717907,-2.9968132340943625,1.2005504392253796,0.004445147784342349
37.601,1,-3.9992387004458494,3.0019018969464635,1.1994303394541106,0.008013043559580975
37.611,0,-3.9981027149618042,-2.996843226885726,1.200517839042021,0.004849389093943955
37.611,1,-3.9992132179679696,3.0019762281678375,1.1994300684452703,0.007731841243814488
37.621,0,-3.9980872622817554,-2.996876010927233,1.200483016200125,0.005159303904613869
37.621,1,-3.9991913184429966,3.0020487701786127,1.1994294962390604,0.007453481078535533
37.631,0,-3.998071411001361,-2.9969115271778914,1.200447026143754,0.005406055585355746
37.631,1,-3.999173381392662,3.0021195716809115,1.1994297219218575,0.007185234878872146
37.642,0,-3.99805520599739,-2.996949724019728,1.2004105890860284,0.005612666482304371
37.642,1,-3.9991597363240845,3.0021886751669085,1.1994314982780776,0.006938338293103354
37.652,0,-3.9980386684449534,-2.9969905592115427,1.200374194660467,0.005795797418480654
37.652,1,-3.9991506516108517,3.002256119325701,1.1994353360920198,0.006724797473755057
37.661,0,-3.998021790787482,-2.997034000894668,1.2003381714404369,0.005967349909842273
37.661,1,-3.999146328065932,3.002321940840004,1.199441578307527,0.006555525355687697
37.671,1,-3.9991468946775104,3.002386176149414,1.1994501155252122,0.0064256950083419525
37.671,0,-3.998004534311471,-2.9970800276582463,1.2003026447862744,0.006149623277348859
37.681,0,-3.9979868291224823,-2.997128627818507,1.2002673544585065,0.006356924592903936
37.681,1,-3.999152407825715,3.0024488620326513,1.199459629177664,0.006321069261335082
37.691,0,-3.997968576157811,-2.9971797999726815,1.2002320365069923,0.006583658919728031
37.691,1,-3.9991628691384355,3.0025100296118126,1.1994689462455825,0.006245460266939309
37.701,0,-3.9979496501940655,-2.997233552492458,1.2001964989231793,0.006826693165391256
37.701,1,-3.999178238727658,3.0025697001941056,1.199477272262551,0.006203946606499699
37.711,0,-3.9979299031859212,-2.997289902528171,1.200160598336513,0.007084284547963216
37.711,1,-3.99919844458332,3.0026278830616255,1.1994840749407931,0.006199725485514596
37.721000000000004,0,-3.997909167834393,-2.9973488748558577,1.200124226477447,0.007355484574821056
37.721000000000004,1,-3.9992233902561796,3.0026845743099333,1.1994890048728122,0.006233360184451955
37.731,0,-3.997887261194933,-2.997410500698031,1.200087328548087,0.007635933210633333
37.731,1,-3.999252960888965,3.002739756703273,1.1994918072317926,0.006302785913826703
37.742,0,-3.997863990365705,-2.997474815539193,1.2000499976673764,0.007920623846639479
37.742,1,-3.999287025878739,3.002793402349162,1.19949223329724,0.006405489548811118
37.751,0,-3.9978391645609106,-2.9975418530937685,1.2000123414820183,0.008211178114304846
37.751,1,-3.9993254374774407,3.002845479070657,1.1994901086079723,0.006538190711948393
37.761,0,-3.997812607103555,-2.9976116394563466,1.1999744380079986,0.008508021822874195
37.761,1,-3.9993680289809985,3.0028959564667383,1.1994853236410692,0.00669651802927991
37.772,0,-3.997784163843168,-2.997684189137238,1.1999363443844082,0.00881052452117623
37.772,1,-3.9994146142672355,3.002944810255547,1.1994778143335927,0.00687546318390226
37.782,0,-3.9977537069885956,-2.9977595045598697,1.199898818656608,0.00903969807557812
37.782,1,-3.999464987074635,3.002992025826283,1.1994671536220913,0.007087507407538487
37.791,0,-3.9977211316935053,-2.9978375779829443,1.199865011333299,0.009161901329780122
37.791,1,-3.999518922796406,3.00303760123961,1.1994516136217785,0.007361511594034834
37.801,0,-3.997686355137083,-2.997918378045346,1.19983763179683,0.009262100205411102
37.801,1,-3.999576197532583,3.003081544606601,1.1994297268181777,0.00770864864008241
37.811,0,-3.9976493101257513,-2.9980018441794227,1.1998184857318148,0.009402985092247686
37.811,1,-3.9996366011238944,3.003123873014264,1.199400536687987,0.008131680484563749
37.821,0,-3.9976099388207005,-2.9980878854519677,1.1998087515505935,0.00962329089033403
37.821,1,-3.9996999449452844,3.003164612018691,1.1993634340605372,0.008626414067256599
37.831,0,-3.9975681881680014,-2.998176380855262,1.1998091780672997,0.00994095795522902
37.831,1,-3.9997660670394084,3.0032037950261756,1.1993180495514963,0.009183596396863843
37.842,0,-3.9975240082667325,-2.9982671791429394,1.1998196257957086,0.010332336400744671
37.842,1,-3.999834836251852,3.003241461959837,1.1992646087413814,0.009719978595499912
37.851,0,-3.9974773574503577,-2.998360095859746,1.1998369980836783,0.01070738881316753
37.851,1,-3.9999061557485502,3.003277655882066,1.1992054257703286,0.01011943293447703
37.861,0,-3.997428199335221,-2.9984549222133885,1.1998582597550218,0.011033062905078678
37.861,1,-3.9999799506033504,3.00331242409717,1.199142753555431,0.01041077245939607
37.871,0,-3.9973765055751302,-2.9985514284445873,1.1998813121740552,0.011307683364642213
37.871,1,-4.000056158824714,3.003345816752064,1.1990781623428308,0.010623923280182253
37.882,0,-3.997322259853005,-2.9986493652552633,1.1999047156861946,0.011538099901798977
37.882,1,-4.000134726172475,3.0033778847057375,1.199012743842949,0.010782948396630899
37.891,1,-4.000215601700337,3.003408678239243,1.1989470728932277,0.010937458918530735
37.892,0,-3.997265460163103,-2.9987484660642774,1.199927564698893,0.011736101860771123
37.901,0,-3.997206120185497,-2.9988484516290956,1.1999496340361206,0.011911830973324643
37.901,1,-4.000298731356844,3.003438248185958,1.1988806535954384,0.011136342179414062
37.911,0,-3.9971442736875735,-2.9989490388224227,1.1999708938205942,0.012065075933400622
37.911,1,-4.000384051273891,3.003466649131366,1.1988128933504196,0.011363671930653518
37.921,0,-3.9970799774844874,-2.999049950226149,1.1999913300807217,0.012195847644668209
37.921,1,-4.0004714800516545,3.0034939438374746,1.1987434058233657,0.011607342070234594
37.931,0,-3.9970133123835345,-2.999150921474681,1.200010939538294,0.012304455745321113
37.932,1,-4.000560913329316,3.0035202064200996,1.1986719471288612,0.011858198132405157
37.941,0,-3.996944382930238,-2.999251706446312,1.2000297264011732,0.01239140461480885
37.942,1,-4.000652220960714,3.0035455240931417,1.1985983721584559,0.012109169821441638
37.951,0,-3.99687331655281,-2.9993520807306697,1.2000475652049603,0.012451736397909453
37.951,1,-4.000745246625361,3.0035699973948873,1.1985228730723885,0.01231428049630465
37.962,0,-3.996800263045338,-2.9994518408797464,1.2000637055203676,0.01248079254194895
37.962,1,-4.000839808378938,3.0035937357152878,1.19844633248981,0.012452518305068456
37.971000000000004,0,-3.996725391658283,-2.999550793934996,1.200077442925696,0.012484647929993316
37.971000000000004,1,-4.000935697131261,3.0036168467507016,1.198369488705124,0.012538172713346995
37.981,0,-3.9966488891165235,-2.9996487459296466,1.2000883100060058,0.012466783404333612
37.981,1,-4.001032677567617,3.003639426184737,1.198292860027915,0.012580348329250646
37.991,0,-3.9965709577551096,-2.9997454941677324,1.2000960040801611,0.012428597797259626
37.991,1,-4.001130490374867,3.0036615506054116,1.1982168116122973,0.012584969043166581
38.001,0,-3.996491813302248,-2.9998408226537356,1.2001003159528107,0.012369993364893082
38.001,1,-4.001228855089538,3.003683273120001,1.1981415167595426,0.012570216938074929
38.011,0,-3.996411683503668,-2.999934501116147,1.200101023907993,0.01229087103938118
38.011,1,-4.001327474076469,3.0037046206975195,1.1980666808224767,0.012555632618073513
38.022,0,-3.9963308089763356,-3.000026288710679,1.2000979570818626,0.012191481430631037
38.022,1,-4.001426039205138,3.003725591784215,1.1979919818548441,0.012532389044134657
38.03,0,-3.9962494440981233,-3.000115939230813,1.2000910061412051,0.01207193890863295
38.03,1,-4.001524238339599,3.0037461552842357,1.1979172061740087,0.012494503437771066
38.041,0,-3.9961678566586136,-3.000203205677145,1.2000801032573158,0.011932479513708969
38.041,1,-4.001621760822793,3.0037662511690186,1.1978422140964833,0.01243848085961825
38.051,0,-3.996086326764942,-3.0002878439396947,1.2000652091104294,0.011773574197794543
38.051,1,-4.001718301867661,3.0037857919290905,1.1977669164288958,0.012362367070315537
38.061,0,-3.9960051451715093,-3.000369615842506,1.2000462604418165,0.011598470855740391
38.061,1,-4.001813566061626,3.003804664645934,1.1976911952464266,0.01227716375360992
38.071,0,-3.995924608401891,-3.00044829123811,1.200022996244593,0.011413932269912294
38.071,1,-4.001907270395386,3.0038227360896848,1.197614655135972,0.012198106103830795
38.081,0,-3.9958450070386884,-3.000523646227051,1.1999951808304583,0.01122397328154999
38.081,1,-4.001999145652055,3.003839863682469,1.19753694452762,0.012118950242376796
38.092,0,-3.995766613840717,-3.0005954612880106,1.1999626655362452,0.01103311978593092
38.092,1,-4.002088937389691,3.003855906816166,1.1974578419709614,0.012036237446101192
38.101,0,-3.995689675248075,-3.0006635204718046,1.1999253615730958,0.010846454753424585
38.101,1,-4.002176406800838,3.0038707352715504,1.1973772148451185,0.011948530156922762
38.111,1,-4.002261331282301,3.003884235075996,1.1972950097312938,0.011852044546404497
38.112,0,-3.9956144061575376,-3.000727610250781,1.1998834625711732,0.010640181403780423
38.121,0,-3.995540988076994,-3.000787517202346,1.1998383136609514,0.010371745262196487
38.121,1,-4.002343504870945,3.003896311927909,1.197211294048783,0.011743168359737056
38.131,0,-3.9954695650145258,-3.000843037690888,1.1997912042681387,0.0100534377352443
38.131,1,-4.002422739431627,3.003906892270448,1.1971261537964817,0.011625434388900098
38.141,0,-3.995400241853558,-3.000893984813918,1.199743018497408,0.00969965536009931
38.141,1,-4.002498865547818,3.0039159229867494,1.1970396611924845,0.011502273472796571
38.151,0,-3.9953330849176436,-3.0009401918718575,1.199694358263542,0.009323872200967566
38.151,1,-4.002571732884965,3.0039233705515556,1.1969518779612607,0.011376814684579429
38.161,0,-3.9952681236056646,-3.000981514568606,1.1996456302641982,0.008938336789376665
38.161,1,-4.002641210193144,3.003929219872451,1.1968628577824285,0.011251972215193664
38.171,0,-3.9952053528204594,-3.001017832000055,1.1995971582393328,0.00854429103852097
38.172,1,-4.002707184541582,3.0039334727097597,1.1967727799499048,0.01109512340352723
38.181,0,-3.9951447363180765,-3.001049047419223,1.1995495164261807,0.008132195833600987
38.181,1,-4.002769556847821,3.0039361438548493,1.1966826815712348,0.010839813493377823
38.191,0,-3.9950862093161685,-3.0010750972756624,1.1995032404030725,0.007717460081017644
38.191,1,-4.002828238472585,3.003937255852801,1.1965936356355547,0.010513546706790354
38.201,0,-3.995029681816893,-3.001095959775894,1.1994586941849137,0.007314441106784043
38.201,1,-4.002883145666075,3.0039368323744156,1.1965063665052849,0.010139276007204996
38.212,0,-3.9949750423075736,-3.0011116591196947,1.1994161217781178,0.00693532744600534
38.212,1,-4.002934194353182,3.003934892819415,1.1964213568970337,0.009733487357809783
38.22,1,-4.00298129676845,3.0039314487073483,1.1963389224822403,0.009308293135169734
38.221,0,-3.994922161220281,-3.001122267066094,1.199375684146474,0.0065901660574544454
38.232,0,-3.9948708936632102,-3.001127904123071,1.1993371724553845,0.006347817803074471
38.232,1,-4.003024359532534,3.0039265014666077,1.1962592616684704,0.008873205235542365
38.241,0,-3.994821081425813,-3.0011287469076726,1.1992983025218804,0.006329069008787757
38.241,1,-4.003063284692966,3.003920042526284,1.1961824814132018,0.00843668332760897
38.252,0,-3.9947725649337587,-3.0011250188917136,1.1992566610210018,0.006494852926150258
38.252,1,-4.003097979006781,3.0039120591899877,1.1961086366749905,0.00800447944626239
38.261,0,-3.9947251933952415,-3.001116986380875,1.1992106166681755,0.006809201557902755
38.261,1,-4.003128365958729,3.0039025425900117,1.1960377556090724,0.007582098705510177
38.271,0,-3.994678830662701,-3.0011049580304965,1.1991590856797611,0.0072385510718705704
38.271,1,-4.003154394404379,3.0038914936250167,1.195969849216815,0.007174782049504362
38.281,0,-3.994633359369563,-3.0010892811181336,1.199101681189715,0.007685664503750969
38.281,1,-4.003176044908068,3.0038789272053754,1.195904685399413,0.006845301712221215
38.291,1,-4.003193332273516,3.003864874175714,1.195841244997711,0.006643441694698444
38.291,0,-3.994588684237335,-3.0010703288246403,1.1990393491485971,0.008067068233159983
38.301,0,-3.9945447335739757,-3.001048480061832,1.1989730266005483,0.008394982499353934
38.301,1,-4.003206294077023,3.0038493772447277,1.1957786363276184,0.006541380455616065
38.312,0,-3.9945014608576024,-3.001024095490893,1.1989033790217045,0.008679816428477418
38.312,1,-4.003214981739153,3.0038324874809663,1.19571624652043,0.0065183798869233416
38.322,0,-3.994458845333931,-3.00099749949508,1.1988308850470748,0.008930045708365248
38.322,1,-4.003219454594224,3.0038142618347856,1.1956536552743615,0.006558076988397233
38.331,0,-3.994416891567979,-3.0009689682302203,1.1987558930188345,0.009152495949985517
38.331,1,-4.003219775444292,3.003794761173489,1.195590576448732,0.006647550357923846
38.341,0,-3.9943756283822753,-3.0009387223107535,1.1986788019238461,0.009318019491587932
38.341,1,-4.003216007696493,3.003774048857542,1.1955267353811425,0.006799008270415728
38.351,0,-3.9943351094723525,-3.000906926522029,1.1986006094472825,0.009388129699637024
38.351,1,-4.00320821530425,3.0037521901543807,1.1954615438882215,0.007030289935970145
38.361,1,-4.003196463087642,3.0037292517060434,1.195394491157142,0.007317049073687821
38.361,0,-3.9942954178184507,-3.000873704571947,1.198522219307376,0.009389812335725022
38.372,0,-3.994256670253156,-3.0008391550833045,1.1984442508928437,0.00934234193998734
38.372,1,-4.003180818983079,3.003705301602275,1.1953252440166489,0.007641314634198011
38.382,0,-3.994219019566474,-3.0008033633596383,1.1983671273616068,0.009258631433794063
38.382,1,-4.003161356095684,3.0036804094554888,1.1952535939591922,0.00798951924415658
38.392,0,-3.99418265433224,-3.000766409996318,1.1982911599136064,0.009140905293291264
38.392,1,-4.003138151976746,3.0036546459277407,1.1951799222662234,0.008232071098107157
38.402,0,-3.9941477955766325,-3.000728376353519,1.1982167190912365,0.008983891147498264
38.402,1,-4.003111283279654,3.003628083876002,1.1951063573089844,0.008279281146418719
38.411,0,-3.994114686416425,-3.00068934657324,1.1981441071998833,0.00879866304357417
38.411,1,-4.003080828836184,3.0036008068979503,1.1950347566325055,0.00820512317439427
38.421,0,-3.994083580097113,-3.0006494076405543,1.1980735113609855,0.008593840623220952
38.421,1,-4.003046866049325,3.0035729156826645,1.1949663683654002,0.008062025128184668
38.431,0,-3.9940547306207095,-3.000608649058814,1.1980050377641427,0.008376518371557439
38.431,1,-4.003009466816197,3.0035445313996885,1.194902017841638,0.007887067668935406
38.441,0,-3.994028385540747,-3.0005671623850083,1.197938734702782,0.008152002500505072
38.441,1,-4.002968694950716,3.003515797164832,1.1948422385816095,0.007706264513938517
38.452,0,-3.9940047803594045,-3.000525040675638,1.1978745741534076,0.007935425911020717
38.452,1,-4.002924604585155,3.0034868780366892,1.1947874171402593,0.007525716048170126
38.461,0,-3.9939841347366905,-3.000482377840233,1.1978122422131146,0.00774966559474372
38.461,1,-4.002877240376073,3.003457957274456,1.194738147966672,0.0073413015914761855
38.471,0,-3.993966654220263,-3.0004392671506817,1.197751398701893,0.007589248908667912
38.471,1,-4.002826646256042,3.003429222895268,1.1946949398368214,0.007180571466382984
38.481,0,-3.9939525330886685,-3.000395799812912,1.1976918003898123,0.007450295776776659
38.481,1,-4.002772874824454,3.003400852195953,1.1946580946302254,0.007063522372709416
38.491,0,-3.9939419559932787,-3.000352063928283,1.197633272897398,0.007331373322534209
38.491,1,-4.002715993408388,3.0033730005883963,1.194627770761636,0.007002529783715934
38.501,0,-3.993935100407628,-3.0003081436363175,1.1975760729736085,0.0071338534040614795
38.501,1,-4.002656088544241,3.0033457941592423,1.1946037774825713,0.007023285121254162
38.512,0,-3.9939321458044654,-3.0002641176864797,1.1975229924752504,0.006687474916718441
38.512,1,-4.002593268273937,3.0033193263711278,1.1945850155514763,0.007120405687825853
38.52,1,-4.002527655376938,3.0032936611888874,1.1945704907930268,0.007260199178750094
38.521,0,-3.9939332656866195,-3.0002200570882147,1.1974769668121208,0.006110340664603206
38.531,1,-4.002459382599655,3.0032688372428464,1.1945594884815467,0.007422648742197729
38.532,0,-3.99393862346791,-3.000176021936318,1.197439955830228,0.00552226869781764
38.542,0,-3.9939483734590637,-3.000132059096741,1.1974132362961727,0.0050438785823064625
38.542,1,-4.00238858941181,3.003244871490946,1.1945514909557517,0.007595641074475127
38.551,0,-3.9939626613718358,-3.000088200979496,1.1973976030159472,0.004792589649913766
38.551,1,-4.0023154193550265,3.003221762486701,1.1945461167876146,0.00777189700551237
38.562,0,-3.9939816214339454,-3.000044465249309,1.197392890704404,0.004850855029921938
38.562,1,-4.002240017602936,3.003199493321333,1.194543189752918,0.007946168221451234
38.571,0,-3.9940053672084996,-3.0000008580112207,1.1973965785865008,0.005113081035108352
38.571,1,-4.002162527298512,3.0031780318761006,1.1945431083391687,0.00811942507929855
38.582,0,-3.9940339981789164,-2.9999573838695914,1.1974063723403074,0.0054603105237757184
38.582,1,-4.002083085662327,3.0031573232664455,1.1945462751369962,0.008296541825596977
38.591,0,-3.9940675970711657,-2.999914055433837,1.1974206558326204,0.005840377686323257
38.591,1,-4.002001819238664,3.003137282348899,1.1945529235142882,0.00848057399668488
38.601,0,-3.9941062258726157,-2.999870899596733,1.1974382948652644,0.006233156632556702
38.602,1,-4.001918840257447,3.0031177898832215,1.1945631800513972,0.008673411312889987
38.611,0,-3.994149924556869,-2.999827961443157,1.1974587204694878,0.006650619221277609
38.611,1,-4.001834243856324,3.0030986913665867,1.1945774086163528,0.008889737412661696
38.621,0,-3.9941987113623365,-2.9997853072959595,1.1974823667017123,0.007107924145882661
38.621,1,-4.001748105389098,3.003079798864097,1.1945966699369963,0.009147258511212954
38.631,0,-3.9942525737001118,-2.9997430278831594,1.1975096866974915,0.007593749445159517
38.631,1,-4.001660479436819,3.0030608958775664,1.1946217841977542,0.009451603160937063
38.641,0,-3.9943114639884834,-2.9997012403612717,1.19754095560941,0.008097533829066387
38.641,1,-4.001571398137435,3.0030417432271226,1.1946532602211022,0.009803821378057177
38.651,0,-3.9943752986929106,-2.9996600886725915,1.1975763197036082,0.00860923633075939
38.652,1,-4.001480870580343,3.0030220845652025,1.1946913864903463,0.010201555074761979
38.661,0,-3.9944439589919205,-2.999619742432949,1.1976158362474103,0.009120767610433175
38.661,1,-4.0013888833178175,3.003001651496814,1.1947363052752675,0.010640962093377589
38.671,0,-3.994517291179754,-2.999580394396369,1.1976591931467275,0.009576786411144358
38.672,1,-4.001295402148327,3.002980168568064,1.1947877869425014,0.011077677033625164
38.681,0,-3.9945951023988777,-2.999542253834679,1.1977039800213714,0.009881288731999756
38.681,1,-4.001200378523519,3.0029573615000973,1.1948442506653252,0.011448376651318704
38.691,0,-3.9946771785576343,-2.9995055379042563,1.1977476599835584,0.010079356695569591
38.692,1,-4.001103759963835,3.0029329688653945,1.1949041613231859,0.011767389782687931
38.701,0,-3.9947632975251417,-2.999470461740001,1.197788495569275,0.010213937782584184
38.701,1,-4.001005502246668,3.002906753899355,1.1949664433007867,0.012049701428380945
38.711,0,-3.994853234868723,-2.9994372300539776,1.1978253114999204,0.01031672074408073
38.711,1,-4.000905578621667,3.002878513069644,1.1950303423837982,0.012305944013482489
38.721000000000004,0,-3.9949467682326043,-2.999406031107757,1.197857317768222,0.010409992600302485
38.721000000000004,1,-4.000803985732508,3.0028480814244367,1.195095325422367,0.012543505406283895
38.731,0,-3.995043682238292,-2.999377033515906,1.1978844212503927,0.010538691314018562
38.731,1,-4.000700747075993,3.0028153354773806,1.1951609680404023,0.012759425318104995
38.742,0,-3.995143775713171,-2.999350387231357,1.1979087128644106,0.010728157940805533
38.742,1,-4.000595913104288,3.002780190590743,1.1952267345604122,0.012948015324012619
38.752,0,-3.995246854355097,-2.999326216655655,1.1979322721028351,0.010946863319755825
38.752,1,-4.000489554699576,3.002742585539074,1.1952921848940201,0.013117247500260183
38.76,0,-3.9953527288899684,-2.9993046176491847,1.1979565169223976,0.011180716286417909
38.76,1,-4.000381755923491,3.002702466264005,1.1953570180217972,0.013272922524664763
38.771,0,-3.995461216076064,-2.9992856575895406,1.197982401074486,0.011423490447131594
38.771,1,-4.000272608513797,3.0026597744971393,1.1954210255840276,0.013419520684896996
38.781,1,-4.0001622075601855,3.0026144404885904,1.195484001281593,0.013553505108746549
38.782,0,-3.9955721410902307,-2.9992693784765603,1.1980112883565055,0.011718194257240428
38.792,0,-3.9956853381667674,-2.9992558072278563,1.198046075233391,0.012101081131191278
38.792,1,-4.000050648217825,3.002566383570256,1.1955456327626244,0.013675641462607064
38.802,0,-3.995800639890571,-2.9992449671000667,1.198089027051897,0.012575055923087443
38.802,1,-3.9999380229566155,3.0025155220607305,1.1956056844138832,0.013791889011165312
38.81,0,-3.9959178726803968,-2.9992368929034683,1.198141642228149,0.013138600907118906
38.81,1,-3.999824419802647,3.0024617836122705,1.1956640026700487,0.013906119569668434
38.821,0,-3.996036854712967,-2.999231642096474,1.1982048781083077,0.013783778051674741
38.821,1,-3.9997099211674088,3.002405112500454,1.1957204914565187,0.014020761151414894
38.831,1,-3.9995946030984526,3.0023454743568956,1.1957750941690928,0.014136994440395012
38.832,0,-3.9961573949449747,-2.999229301584591,1.1982793200179258,0.014499006304735619
38.841,1,-3.9994785348559745,3.0022828589690276,1.195827777712505,0.014254949050501583
38.842,0,-3.996279292619476,-2.9992299903732462,1.1983650576480265,0.01522385322694265
38.851,0,-3.9964023360592096,-2.9992338531131413,1.1984604172557662,0.015843498322166312
38.851,1,-3.999361778719886,3.0022172819320376,1.1958785109537071,0.014373973251091462
38.861,1,-3.999244389893431,3.0021487859561264,1.1959272769149265,0.014493801018951022
38.862,0,-3.996526305924721,-2.999241050843942,1.1985635251547109,0.016372985482481985
38.871,0,-3.9966509770011376,-2.9992517470814675,1.1986730513430608,0.01683065742299391
38.871,1,-3.999126416528814,3.0020774414617124,1.1959740772230298,0.014613835873498703
38.878,0,-3.99677611899572,-2.9992660952316035,1.1987880374886706,0.017232694207715928
38.878,1,-3.9990078998907386,3.0020033459975193,1.1960189279865516,0.014732985568414571
38.892,0,-3.9969014976854718,-2.9992842280990497,1.1989073866999147,0.01750941570303433
38.892,1,-3.9988888752556377,3.0019266245995437,1.1960611079858972,0.014799340843264928
38.901,0,-3.9970268774025484,-2.999306244969729,1.1990282982088307,0.01756904642591609
38.901,1,-3.998769375861624,3.001847428555425,1.1960981148776895,0.01480881809920565
38.91,0,-3.9971520272620205,-2.9993322124671216,1.1991482469904866,0.017477532962043928
38.91,1,-3.998649439539331,3.0017659225102453,1.196127941796815,0.014805303418319937
38.921,1,-3.998529115720086,3.0016822781443917,1.196149260963072,0.014819559157664391
38.922,0,-3.99727672619023,-2.999362161953977,1.1992655202013174,0.01728577667847492
38.931,0,-3.997400766371921,-2.9993960863884266,1.1993789694078578,0.01703024289551787
38.931,1,-3.9984084700362703,3.0015966701499806,1.1961612140606286,0.014870890830400336
38.941,1,-3.9982875868052568,3.0015092729596544,1.196163270300456,0.014969646894852216
38.941,0,-3.9975239556503555,-2.9994339393739913,1.1994878378417488,0.016736636607792107
38.951,0,-3.9976461188236585,-2.9994756367020945,1.1995918244037085,0.016450335566860305
38.951,1,-3.998166569771596,3.0014202559121217,1.19615640011106,0.01509687473492857
38.961,0,-3.997767097107,-2.999521060512077,1.1996912575521619,0.01619113269113158
38.961,1,-3.99804554498312,3.0013297775876535,1.19614478353386,0.015197416553393944
38.971000000000004,0,-3.9978867462925987,-2.9995700629404545,1.1997864719286724,0.01595094408681313
38.971000000000004,1,-3.9979246689514647,3.0012379880523437,1.196131852000488,0.015255301818067831
38.981,0,-3.9980049344561097,-2.999622471989844,1.199877723183757,0.015724057369233293
38.981,1,-3.9978041337580503,3.001145024821006,1.1961199375008693,0.015274426788046837
38.992,0,-3.9981215401131722,-2.9996780970086268,1.1999652132753407,0.015506163209053243
38.992,1,-3.9976841689166207,3.0010510092590486,1.1961106111689255,0.015263103574349747
39.001,0,-3.9982364508460515,-2.999736733391185,1.2000490889732065,0.015291006200294376
39.001,1,-3.9975650408456773,3.000956044579253,1.1961048992851797,0.015228959298772911
39.012,0,-3.9983495623358385,-2.99979816691176,1.2001293715004924,0.015071749204360057
39.012,1,-3.9974470484879556,3.0008602176108923,1.1961033415321032,0.015176881906795425
39.018,0,-3.9984607771801284,-2.999862179704957,1.2002060562965333,0.014848783954435625
39.018,1,-3.997330510857095,3.0007636095962034,1.196106217815762,0.015108970222297673
39.032,0,-3.9985700039485472,-2.9999285558235114,1.2002791589030812,0.014622761388118558
39.032,1,-3.997215752691808,3.0006663089114216,1.1961136823880587,0.015026411608585304
39.042,0,-3.9986771565694887,-2.999997085335787,1.2003487136847042,0.01439431148959478
39.042,1,-3.9971030931758236,3.0005684199990044,1.1961257975890254,0.014929811830955837
39.048,1,-3.9969928374011756,3.000470068852501,1.1961425591962278,0.014819499381701321
39.049,0,-3.9987821539217028,-3.00006756737862,1.200414769534325,0.014163844703816235
39.059,0,-3.998884918891796,-3.0001398130846777,1.2004776983420375,0.013965423673217315
39.059,1,-3.9968852696514166,3.000371405758082,1.1961637672587204,0.01468992836361085
39.071,0,-3.9989853773246398,-3.0002136508915216,1.2005386295076845,0.013809642152009704
39.071,1,-3.996780647681979,3.0002726052206863,1.1961888274242287,0.014535747362096242
39.082,0,-3.9990834604012204,-3.000288933843037,1.2005984771746765,0.013680469060698747
39.082,1,-3.996679199422412,3.000173863069061,1.1962172346542324,0.014357349688261124
39.091,0,-3.9991791051588734,-3.000365547272414,1.2006578630337859,0.013568939696544996
39.091,1,-3.996581120131082,3.000075393173783,1.1962486178473803,0.014156239942262738
39.101,0,-3.9992722545367774,-3.000443413614911,1.2007172068195653,0.013470389757835493
39.101,1,-3.996486570769817,2.999977424280973,1.196282698678654,0.013934140485121727
39.111,0,-3.9993628574638045,-3.000522494603768,1.200776762286667,0.013378502580046154
39.111,1,-3.996395677741266,2.99988019690893,1.196319314849449,0.013697823788343444
39.121,0,-3.9994508701886278,-3.000602790484344,1.2008364427812397,0.013281021736627038
39.121,1,-3.996308533940662,2.9997839586100508,1.196358633923324,0.013457464906276473
39.131,1,-3.9962251974657237,2.999688954429797,1.1964008419290948,0.013215396151749974
39.132,0,-3.999536259702788,-3.000684335092942,1.200896055276462,0.013183034752510946
39.142,0,-3.9996190081250704,-3.000767188948372,1.2009554717008226,0.013090048037884775
39.142,1,-3.996145691476092,2.9995954175270065,1.1964460469153246,0.012974392388038594
39.151,0,-3.9996991158979602,-3.0008514331181373,1.2010146114762157,0.013006637051620843
39.151,1,-3.996070005362576,2.9995035624767996,1.1964943004198918,0.012737503040303301
39.161,0,-3.9997766034436273,-3.000937163841366,1.2010734261178244,0.012936584251274778
39.161,1,-3.9959980967044246,2.999413580729159,1.1965456145331772,0.01250795424121466
39.171,0,-3.9998515112818214,-3.001024488179577,1.201132033955725,0.01290708991250069
39.171,1,-3.9959298944863204,2.999325638218309,1.1966001770837038,0.012313182806842961
39.181,0,-3.999923896626131,-3.0011135197952106,1.2011919105580868,0.012988229904744238
39.181,1,-3.9958653022534083,2.999239875227452,1.1966588403048946,0.012182131815748096
39.191,0,-3.999993834996806,-3.00120436093547,1.201254800264749,0.013161536409469984
39.191,1,-3.9958041938466695,2.9991564050642863,1.196722324785932,0.01211265387161079
39.201,0,-4.000061420457002,-3.001297082099706,1.2013218854314898,0.013408342844390136
39.201,1,-3.9957464121034123,2.9990753147328806,1.196791093801722,0.012103239037591263
39.211,0,-4.000126763063042,-3.001391709267575,1.2013939513743548,0.013713396910944274
39.211,1,-3.9956917697961494,2.9989966664404113,1.1968654325049557,0.01215107022821402
39.222,0,-4.000189986342458,-3.001488216276944,1.2014715087241474,0.014063102150958967
39.222,1,-3.9956400515458705,2.998920499314665,1.1969454985268098,0.01225271866214759
39.232,0,-4.00025122530764,-3.001586520766257,1.2015546431790698,0.014404705416988009
39.232,1,-3.9955910145649747,2.9988468294260326,1.1970305619765007,0.012237813495454516
39.241,0,-4.000310623892891,-3.0016864853056706,1.2016422275402738,0.014673326148413728
39.241,1,-3.995544384546006,2.998775645946321,1.1971160863470809,0.011879403019876727
39.251,0,-4.000368324420891,-3.001787932467489,1.2017331264916542,0.01488374386575762
39.251,1,-3.995499868013715,2.9987069280459373,1.1971977753827407,0.01128090458013152
39.262,0,-4.0004244590780305,-3.0018906597176116,1.2018265519644176,0.015048211614314043
39.262,1,-3.995457155448869,2.9986406546399333,1.1972727247271304,0.010533626650010161
39.269,0,-4.000479144636415,-3.001994450555512,1.2019219549367086,0.01517600857755822
39.269,1,-3.9954159211498697,2.9985768082485187,1.1973389929799922,0.009711295847280903
39.281,1,-3.9953758245999427,2.9985153781776255,1.1973955595139294,0.008923109695798714
39.281,0,-4.000532478681659,-3.0020990835231913,1.2020192218639418,0.015324276044074072
39.291,0,-4.0005845366528545,-3.002204339858901,1.2021196068575806,0.015562169057721856
39.291,1,-3.9953365162589805,2.9984563645955213,1.1974435264970102,0.00828653551011374
39.301,0,-4.0006353734740925,-3.002310008261817,1.202224348136182,0.01586293397679515
39.301,1,-3.995297649628324,2.9983997716353006,1.1974844060223309,0.007764746762241362
39.311,0,-4.00068502466945,-3.0024158897207323,1.2023342623329076,0.016207712498778632
39.311,1,-3.9952588969857223,2.998345601430239,1.1975192739680216,0.007329298260025534
39.321,1,-3.9952199616721304,2.9982938515037874,1.1975488999478694,0.006962827857657731
39.322,0,-4.000733507218599,-3.0025218012710293,1.2024498736789877,0.016583003558228747
39.331,0,-4.0007808207950095,-3.002627578394435,1.2025714992797034,0.016979012325426094
39.331,1,-3.9951805861796075,2.9982445130065507,1.1975738422121849,0.006653596799325921
39.341,0,-4.000826950209244,-3.0027330764897076,1.202698613577842,0.01724960300819273
39.341,1,-3.995140556801712,2.9981975703224646,1.1975947970013234,0.006417636392155283
39.351,1,-3.9950997049267025,2.9981530033109918,1.1976133373767897,0.006256506370937331
39.352,0,-4.000871870718148,-3.0028381714155676,1.2028282460703934,0.017278536833022336
39.361,0,-4.000915551355933,-3.0029427570434857,1.202957782028177,0.01713666620721047
39.361,1,-3.9950579070519647,2.9981107879496953,1.1976307863313331,0.006145614282249953
39.371,1,-3.995015083002272,2.9980708994441043,1.1976480557338784,0.0060715239249194515
39.372,0,-4.00095796048193,-3.0030467424656955,1.2030854359323044,0.016877633346177846
39.381,1,-3.9949711929973115,2.998033314999744,1.1976657719153987,0.006025755858737681
39.382,0,-4.00099907044151,-3.0031500498666928,1.2032099994068943,0.016539524078395283
39.391,1,-3.9949262339166802,2.9979980161058126,1.197684536610631,0.006017312414859915
39.392,0,-4.001038860831566,-3.003252612899932,1.2033305966445373,0.01613724255895635
39.401,0,-4.001077320774334,-3.003354375602805,1.2034464143435062,0.015681522259172923
39.401,1,-3.994880233910352,2.9979649920450466,1.1977054047244662,0.006057904181459025
39.411,1,-3.9948332456994855,2.9979342432471747,1.1977292270393185,0.006142541204215479
39.412,0,-4.001114449869987,-3.0034552916631942,1.2035568658254134,0.015193907313064818
39.421,0,-4.001150258762541,-3.00355532395716,1.2036615743832444,0.014690141722321868
39.421,1,-3.994785339415023,2.997905785301972,1.1977565656830556,0.006266987806421392
39.431,0,-4.001184769229137,-3.003654444046917,1.203760313019603,0.014181632389452687
39.431,1,-3.99473659657628,2.997879651495861,1.1977877825301084,0.006426715569302774
39.442,0,-4.001218013787681,-3.0037526315779037,1.2038529567441512,0.013676515554310808
39.442,1,-3.9946871053166655,2.9978558938196596,1.1978231006974933,0.006616988612750092
39.45,0,-4.001250035016559,-3.0038498736921198,1.2039393918316665,0.013167558131985835
39.45,1,-3.9946369567680367,2.997834582330468,1.1978624839556642,0.006804235304266285
39.462,0,-4.001280882493206,-3.0039461661650475,1.2040190395669812,0.01262773654888293
39.462,1,-3.994586243007589,2.9978157990183627,1.1979050661881239,0.006942799791080333
39.472,0,-4.001310597679991,-3.0040415193467966,1.2040912639798578,0.012080624732878352
39.472,1,-3.9945350559596524,2.997799625510039,1.197950000747673,0.007044275657470257
39.482,0,-4.0013391958804165,-3.00413596571036,1.2041556744174624,0.011547459538690984
39.482,1,-3.9944834874203083,2.9977861288777854,1.197996704060457,0.007119952334313332
39.491,0,-4.001366654084568,-3.004229564931016,1.2042120512939585,0.011044964967805106
39.492,1,-3.9944316290928983,2.9977753510771836,1.1980447763415818,0.007178784695379083
39.499,0,-4.001392903906045,-3.004322406279934,1.2042602544408683,0.010582320413756076
39.499,1,-3.9943795724414235,2.9977673019572935,1.1980938474111171,0.007202856627531642
39.511,1,-3.9943274093681786,2.9977619543765672,1.1981427326195313,0.007129093538007338
39.512,0,-4.0014178318219376,-3.004414604161146,1.2043000810292424,0.010168902543466831
39.521,0,-4.001441288734612,-3.0045062819321187,1.2043314048910974,0.00981884165496961
39.521,1,-3.9942752360405285,2.9977592502237647,1.198190136634801,0.006986151177841802
39.531,1,-3.994223157822727,2.9977591089549276,1.1982351894921548,0.0068006670306135
39.532,0,-4.001463101154069,-3.004597555804783,1.2043541890914333,0.009541406315238128
39.542,0,-4.0014830804588915,-3.004688523349664,1.2043684540937436,0.009342412662477997
39.542,1,-3.9941712925068287,2.9977614333046656,1.198277320629843,0.0065912053150969305
39.551,0,-4.0015010302604015,-3.0047792558459276,1.204374265764,0.009223992930077692
39.551,1,-3.994119771897445,2.99776611398919,1.1983161665160864,0.006370086610242524
39.561,0,-4.001516751875115,-3.0048697936488327,1.2043719266072503,0.009180609721539222
39.561,1,-3.9940687420509553,2.9977730331973924,1.1983513140257531,0.006111009193166146
39.571,0,-4.001530047509481,-3.00496014463273,1.2043631250482123,0.009175792308929195
39.571,1,-3.9940183616356144,2.997782066343561,1.1983811950309762,0.0057732277360293145
39.581,0,-4.0015407329012245,-3.0050502873772347,1.2043496313267772,0.009180344240537876
39.581,1,-3.993968799571335,2.9977930908202817,1.1984042509415451,0.005424954933938002
39.592,0,-4.00154864875634,-3.0051401761441907,1.2043326865393278,0.009182918406032855
39.592,1,-3.993920232090699,2.9978059928290883,1.1984194655761164,0.005128888318469688
39.601,0,-4.001553667276672,-3.0052297455027226,1.2043131548980608,0.00917992401545199
39.601,1,-3.9938728397670324,2.9978206709152952,1.1984262041768359,0.004937532721030935
39.611,0,-4.0015556951240265,-3.005318914356113,1.2042918600071237,0.00915717084915783
39.611,1,-3.99382680507751,2.997837038479931,1.198424268767768,0.004880938104784798
39.621,0,-4.001554670766141,-3.0054075884665417,1.204270176095709,0.009103194905933486
39.621,1,-3.993782312825009,2.9978550265818042,1.1984148037513886,0.004917432536468672
39.631,1,-3.993739551862141,2.997874582210751,1.1983991431613548,0.004997305905313505
39.631,0,-4.001550559296134,-3.0054956610608774,1.2042492272807195,0.009027099677100428
39.641,0,-4.0015433444242845,-3.0055830130653574,1.2042297864130147,0.008937301431218299
39.641,1,-3.9936987179401897,2.9978956669905727,1.1983782435737587,0.005096600709718478
39.651,0,-4.001533021634745,-3.00566951390823,1.2042123795885455,0.00884034403831294
39.651,1,-3.993660015778703,2.9979182566125404,1.1983527928667665,0.005204583726315209
39.662,0,-4.001519593041544,-3.0057550227929086,1.204197361902491,0.008741041002337639
39.662,1,-3.993623659699542,2.9979423399176497,1.1983232922472553,0.0053183876304606775
39.671,0,-4.001503064210052,-3.0058393903822607,1.2041847943898647,0.008651452907945723
39.671,1,-3.993589874439465,2.9979679184401062,1.1982905843321874,0.005350291223867251
39.681,1,-3.9935588966751445,2.9979950062484297,1.1982576417621766,0.005182743852019217
39.682,0,-4.001483447329833,-3.005922462297782,1.2041730292230561,0.008592427994961252
39.691,0,-4.001460761319871,-3.0060040801388497,1.204160046289937,0.008556607167663157
39.691,1,-3.9935309582824767,2.998023619034455,1.198227209998255,0.004884657218081271
39.701,0,-4.001435034907236,-3.0060840824886523,1.2041444681710547,0.008544616100013579
39.701,1,-3.9935062726051545,2.9980537656597295,1.1982011452702859,0.0045272921038625865
39.711,0,-4.001406311552399,-3.006162307033985,1.2041253715625244,0.008559468028985703
39.711,1,-3.9934850265474124,2.998085443392375,1.1981806893117553,0.004178382426639807
39.72,0,-4.001374652364504,-3.006238592509162,1.204102151980001,0.00860318466732062
39.72,1,-3.9934673753513223,2.998118634886979,1.1981666532719752,0.0039029425016005644
39.731,0,-4.001340136859791,-3.006312780121254,1.2040746040069963,0.008650346354884134
39.731,1,-3.9934534389150533,2.998153306281722,1.1981593677705245,0.0037644358389495028
39.742,0,-4.001302856609252,-3.006384710833661,1.2040451599308626,0.008578156639354968
39.742,1,-3.9934432977068823,2.9981894040954464,1.1981580996246004,0.003769110272793106
39.752,0,-4.001262919625754,-3.006454235533784,1.204017277642877,0.008406141757400079
39.752,1,-3.9934369956035405,2.998226851268899,1.1981620399783697,0.003878413524827768
39.761,0,-4.001220454888399,-3.006521229196852,1.2039933661270377,0.008183840320041427
39.761,1,-3.9934345412272774,2.9982655425169846,1.198170610197533,0.004060744954582565
39.771,0,-4.001175609371133,-3.0065855973506728,1.2039750607470021,0.007957755793134392
39.771,1,-3.9934359087076357,2.9983053415842718,1.1981833684954595,0.004290833665420274
39.782,0,-4.001128545567354,-3.0066472804940445,1.2039631653087521,0.007776847965845148
39.782,1,-3.9934410399884084,2.9983460811034908,1.1982000192551978,0.004554486029399476
39.79,0,-4.0010794423851905,-3.0067062590084577,1.2039562422841577,0.007655571647685249
39.79,1,-3.993449849658476,2.9983875651885965,1.1982205619576383,0.004848293216808097
39.801,0,-4.001028490595337,-3.006762544494874,1.2039524996183548,0.007561097463010284
39.801,1,-3.993462233588961,2.9984295765482916,1.1982450502730984,0.005161713840944574
39.811,0,-4.000975891445704,-3.006816171877483,1.2039506930563093,0.00747717011868999
39.811,1,-3.993478079019672,2.998471885164269,1.1982734822392358,0.005485701801946551
39.821,0,-4.000921856775144,-3.0068671949193715,1.2039499684364974,0.007396152860381316
39.821,1,-3.9934972725044173,2.9985142554994657,1.1983058167401426,0.005813858507959711
39.831,0,-4.000866608304633,-3.006915682394077,1.2039497428963992,0.007314092822939809
39.831,1,-3.993519705577816,2.9985564522175507,1.19834199167907,0.006142339247163616
39.841,0,-4.000810376369874,-3.006961714708373,1.2039496883614975,0.007228485466003921
39.841,1,-3.993545278264083,2.998598244638562,1.198381832611034,0.006441465274767829
39.851,0,-4.0007533968931535,-3.007005378413249,1.2039505223709066,0.007139059354851493
39.851,1,-3.993573896902334,2.99863941081361,1.198423766860047,0.006593364058656738
39.861,0,-4.000695904657525,-3.007046760166638,1.2039533859152578,0.007050553905430576
39.861,1,-3.9936054746435965,2.998679739354681,1.1984656990648042,0.0066279696782731296
39.871,1,-3.9936399303845143,2.998719029520843,1.198506169876147,0.0065876911614681155
39.872,0,-4.000638123826364,-3.007085939238186,1.2039590593498832,0.006969160810237938
39.882,0,-4.000580260073139,-3.0071229804295303,1.2039680573906544,0.00690030188725738
39.882,1,-3.993677184519357,2.9987570916033364,1.1985441858211738,0.00650498212863138
39.891,0,-4.000522495348358,-3.007157930018125,1.2039805240430819,0.0068369252500910796
39.891,1,-3.993717156419915,2.9987937469742567,1.1985792501084342,0.006433639786499538
39.902,0,-4.000464985551888,-3.007190817991147,1.2039956006172117,0.006757765353589344
39.902,1,-3.9937597635482924,2.998828826420539,1.198612225255887,0.006435609874843769
39.911,0,-4.000407862677435,-3.00722166697625,1.2040124033800197,0.006661840175150208
39.911,1,-3.993804910709953,2.998862170421482,1.198644189189766,0.006484528439308638
39.921,0,-4.000351238422269,-3.0072505039113135,1.2040303194823296,0.006551956426072858
39.921,1,-3.993852480994207,2.998893628743268,1.1986758820308756,0.006561471110620098
39.931,0,-4.000295207220707,-3.007277368851605,1.204048923753154,0.006431860645439055
39.931,1,-3.9939023315043616,2.9989230594586,1.1987078065685004,0.006653927056324404
39.941,0,-4.000239848741284,-3.0073023206560885,1.2040679214342473,0.006305197682414209
39.941,1,-3.9939542914155597,2.998950328273011,1.19874030099184,0.006753099973958131
39.951,0,-4.0001852297726,-3.007325440951753,1.2040867587790218,0.006146898189143128
39.951,1,-3.9940081618579533,2.9989753083687054,1.1987734798674763,0.0068382536179850024
39.961,0,-4.000131407430462,-3.007346837716275,1.2041037722651566,0.0059426164338252045
39.961,1,-3.994063721402854,2.9989978812591747,1.198807008407395,0.00689408228601273
39.972,0,-4.000078438004984,-3.0073666449750047,1.2041175548928638,0.005722222936791031
39.972,1,-3.9941207429822976,2.999017937018239,1.1988405569951468,0.006926627709548801
39.981,1,-3.994179009616415,2.999035375244068,1.198873889794393,0.006941487348467124
39.982,0,-4.000026384413807,-3.007385023694678,1.2041271674087672,0.0055118150807921
39.992,0,-3.9999753208825806,-3.007402161812567,1.2041319949379383,0.005332076939603191
39.992,1,-3.9942383253428155,2.9990501058578336,1.1989068347514478,0.006943956478943912
40.002,0,-3.9999253355686393,-3.0074182728673646,1.2041316459231013,0.005198100445475879
40.002,1,-3.9942985225176377,2.9990620492637694,1.1989393617749655,0.006953963235980502
40.012,0,-3.999876529686396,-3.0074335912172803,1.2041258782080482,0.0051201231505101676
40.012,1,-3.994359465359695,2.999071136597273,1.1989721019100208,0.007002879313307204
40.021,0,-3.999829010428672,-3.0074483602492372,1.20411456351297,0.005103515670384869
40.021,1,-3.994421046303525,2.9990773184168815,1.1990057346908338,0.007082446976668217
40.032,0,-3.9997828829579007,-3.0074628200968756,1.2040976636918632,0.0051493406094007075
40.032,1,-3.994483180489531,2.9990805731899264,1.1990407009497075,0.007186191991746761
40.041,1,-3.994545801192598,2.999080911814288,1.1990772772231244,0.00730969318618298
40.042,0,-3.9997382443231544,-3.007477198355051,1.2040751905845404,0.005255453991738903
40.051,0,-3.9996951792220727,-3.007491703537018,1.2040471924631055,0.005416602224620258
40.051,1,-3.9946088559812094,2.9990783797877993,1.1991156282161977,0.007448732306809202
40.061,0,-3.9996537588405445,-3.007506521029231,1.2040146551908355,0.005475516846887802
40.061,1,-3.994672303681477,2.999073057206202,1.199156004340738,0.007629258849509936
40.071,0,-3.999614045523743,-3.0075218093969527,1.20398161724427,0.005283398041882559
40.071,1,-3.994736114783527,2.999065058174134,1.1991996925770154,0.007908654817291685
40.081,0,-3.9995760939221,-3.0075376904740274,1.2039515794417075,0.004921272186382986
40.081,1,-3.9948002800097484,2.9990545442193053,1.1992479987895721,0.008269444511014537
40.091,0,-3.9995399570751013,-3.0075542412233927,1.203926915609191,0.004476150915496623
40.091,1,-3.9948648207960273,2.9990417364339756,1.1993017762160887,0.008695363963056235
40.101,1,-3.9949297959572627,2.9990269204941478,1.1993615651631564,0.009172428407769889
40.102,0,-3.999505691924449,-3.0075714897072383,1.2039092149236559,0.004033497828111198
40.111,0,-3.9994733622823566,-3.0075894137522354,1.2038992451164796,0.003694363797312569
40.111,1,-3.994995304689425,2.9990104478434403,1.199427439210424,0.009629799772925541
40.121,0,-3.9994430358817414,-3.0076079431532072,1.2038960981526274,0.0034890040738270816
40.121,1,-3.9950614834386715,2.9989927308088857,1.1994976771752375,0.00994101110243324
40.131,0,-3.9994147774856903,-3.0076269700683813,1.2038986976497386,0.003375763320813045
40.131,1,-3.995128494084436,2.9989742167873206,1.1995703712950543,0.010140913913338547
40.141,0,-3.999388639244992,-3.0076463597253578,1.2039062747890268,0.003327698335177196
40.141,1,-3.9951965093879402,2.9989553614177145,1.1996441930887207,0.010263038311970485
40.152,0,-3.9993646532513245,-3.0076659589223107,1.2039182744361547,0.003328466154316179
40.152,1,-3.9952657013240733,2.9989366093296463,1.1997182181739883,0.01033271645380416
40.161,0,-3.999342826839733,-3.0076856029377517,1.2039342914484092,0.00336782918729214
40.161,1,-3.99533623250423,2.9989183800346644,1.1997918018514926,0.010368544428884758
40.171,0,-3.9993231395724465,-3.007705121148722,1.203953803112542,0.003403735808795003
40.171,1,-3.9954082505595947,2.9989010581888027,1.199864746662545,0.010431177679408508
40.181,0,-3.9993055418726,-3.0077243421270206,1.2039756357201663,0.0033910539542438053
40.182,1,-3.995481886971938,2.9988849867742986,1.1999378410257258,0.010563861203156211
40.191,1,-3.9955572585154457,2.998870458874201,1.2000118172257546,0.010745890214039865
40.191,0,-3.99928995884315,-3.0077430981534237,1.2039988032068047,0.003336628212865093
40.201,0,-3.999276293352305,-3.0077612287566358,1.2040226304133244,0.0032508300293984434
40.201,1,-3.995634470735379,2.998857712048543,1.2000871587550517,0.010963803540005312
40.211,0,-3.999264428735758,-3.0077785833288555,1.2040466587962222,0.003142990550977481
40.211,1,-3.9957136208801196,2.99884692593915,1.2001641767214406,0.011208598565832572
40.222,0,-3.999254231484093,-3.0077950229567207,1.2040705785945864,0.0030206604135467508
40.222,1,-3.9957947999762715,2.99883822220704,1.2002430629658234,0.011474026894932344
40.232,0,-3.999245553865084,-3.0078104216470165,1.2040941421122533,0.00287883531815425
40.232,1,-3.9958780940539973,2.998831666081599,1.200323859792921,0.011738128369723827
40.241,0,-3.9992382351897895,-3.0078246658760683,1.204116907790092,0.0027010445588075004
40.241,1,-3.995963581604405,2.9988272697852913,1.200405917447293,0.01194920288780606
40.251,0,-3.999232100317012,-3.007837648638821,1.2041384767855132,0.0024984585595129324
40.252,1,-3.996051324655707,2.9988250067566833,1.2004884317152729,0.012122638268626027
40.262,0,-3.9992269573007024,-3.0078492626393563,1.2041585942092563,0.0022798541499524675
40.262,1,-3.9961413571016338,2.998824828480145,1.2005708520473295,0.012272027179131324
40.272,0,-3.999222596340875,-3.0078593957616024,1.2041771055167294,0.002051823937925636
40.272,1,-3.996233676049098,2.998826676682277,1.2006528070441043,0.012405301837853282
40.281,0,-3.9992187900812075,-3.007867928808906,1.20419373266756,0.0017699233775857327
40.281,1,-3.9963282362692127,2.998830491672535,1.2007337985928732,0.012479048530982409
40.291,0,-3.9992152987926324,-3.007874739775351,1.204207345342696,0.0013784504458800384
40.291,1,-3.996424946991265,2.9988362145200114,1.2008122474136527,0.012443499531422915
40.301,0,-3.999211887301418,-3.007879717213068,1.2042169095380857,0.0009247377743332461
40.301,1,-3.9965236786111413,2.998843785433416,1.200886731144553,0.012341891226302337
40.311,0,-3.999208341768538,-3.007882775429845,1.204221753750747,0.0004981592833307838
40.311,1,-3.9966242688468725,2.9988531385371435,1.200956323300205,0.01220475581678653
40.321,0,-3.999204481127294,-3.00788386511882,1.204221452790662,0.0004868091275426596
40.321,1,-3.996726527619037,2.9988641976380226,1.2010204341231856,0.012051461248255459
40.331,0,-3.999200164342003,-3.007882979726442,1.2042157510709577,0.0009525630435269582
40.331,1,-3.9968302416321864,2.998876873740978,1.2010787065766044,0.011894262144408854
40.341,0,-3.999195294107253,-3.007880157582442,1.2042049211722285,0.0014151600078506658
40.341,1,-3.99693517885697,2.9988910640869224,1.2011310422867227,0.011750891221182485
40.351,0,-3.9991898157652472,-3.0078754756856774,1.2041906946653433,0.0017220257035096885
40.351,1,-3.9970410957412414,2.998906654199264,1.2011777754496153,0.011628924500890422
40.361,0,-3.9991837120774787,-3.00786903657736,1.2041746208503528,0.0019158516755577058
40.361,1,-3.9971477494250327,2.9989235236226497,1.2012192584082586,0.01152025344366899
40.371,0,-3.9991769962114403,-3.0078609518602253,1.204157778306647,0.0020335264635845947
40.371,1,-3.997254909663445,2.998941552401531,1.201255765585911,0.011419592137758955
40.381,0,-3.999169705468802,-3.007851329311825,1.2041409173028264,0.002101568472350287
40.381,1,-3.9973623673335883,2.9989606259950667,1.2012875197853785,0.011324943007933264
40.391,0,-3.9991618960937143,-3.0078402641584083,1.2041243478863501,0.0021915592059526087
40.391,1,-3.9974699399217757,2.998980638521649,1.2013145201101068,0.011221896527338423
40.402,0,-3.99915363782761,-3.0078278336965836,1.2041068333948326,0.0024063149130660287
40.402,1,-3.9975774738794394,2.999001493936362,1.2013355210685321,0.011100153581189489
40.411,0,-3.999145002878881,-3.007814087603982,1.2040869521236428,0.0027093347533124184
40.411,1,-3.997684842579713,2.999023107592137,1.2013492055145216,0.010994939178353258
40.422,0,-3.999136055345305,-3.007799040921106,1.2040637469955837,0.00307715203786618
40.422,1,-3.9977919420228876,2.999045406169009,1.201354732182893,0.010932499905198883
40.431,0,-3.9991268441890906,-3.007782671156664,1.2040365831738478,0.0034937180713468996
40.432,1,-3.9978986869941755,2.99906832682286,1.2013515870550933,0.01092912793453286
40.442,0,-3.999117398764257,-3.007764917610223,1.2040050472556938,0.003946962122164876
40.442,1,-3.998005007876443,2.9990918163581917,1.2013394749978201,0.010993396053125151
40.451,0,-3.999107726272242,-3.0077456819730988,1.2039690693129534,0.004373692746251182
40.451,1,-3.9981108479761276,2.999115830647414,1.2013185658191514,0.01110527451258056
40.462,0,-3.9990978137705,-3.007724832984619,1.2039299358580426,0.00466501735038995
40.462,1,-3.998216163076808,2.999140335796084,1.2012911429600972,0.011191986571570504
40.471,1,-3.9983209308248093,2.9991653107451364,1.2012596666988462,0.01123942416229262
40.471,0,-3.999087642756046,-3.0077022301428706,1.2038890805444158,0.004860105260937775
40.481,0,-3.9990772061276103,-3.0076777496463274,1.2038474997826523,0.0049924025559
40.481,1,-3.9984251613409283,2.9991907510598588,1.2012258525267667,0.011253317168709673
40.492,0,-3.9990665199924114,-3.0076513020727944,1.2038058817505548,0.0050847302811762585
40.492,1,-3.998528903420448,2.999216671563289,1.201190892169298,0.011245155751914458
40.501,1,-3.998632247401363,2.999243107250517,1.2011553361436458,0.011252452133232687
40.502,0,-3.9990556310120495,-3.0076228434740147,1.2037647087394827,0.005149872809338475
40.511,0,-3.999044617869105,-3.007592374031945,1.203724340094093,0.005196302556637113
40.511,1,-3.998735322522744,2.9992701114329483,1.201118197907031,0.011318455285482185
40.521,0,-3.999033584980652,-3.007559917424491,1.2036850233208836,0.005232337690492624
40.521,1,-3.9988382836127396,2.9992977512773167,1.2010784118342537,0.011436160876612818
40.531,0,-3.999022654789702,-3.007525498865655,1.2036469207882468,0.0052644837919786575
40.531,1,-3.9989412967807754,2.999326102212156,1.201035276927161,0.01159976876423675
40.541,0,-3.9990119613709796,-3.0074891293940937,1.2036101347932002,0.005298362576084097
40.541,1,-3.999044528649491,2.9993552432752,1.20098834545414,0.011803633617487158
40.551,0,-3.999001645179527,-3.007450795420006,1.203574726657147,0.005338913325053289
40.551,1,-3.9991481384732865,2.999385253561145,1.2009373419172509,0.01204239337394793
40.561,0,-3.9989918485157707,-3.007410453410697,1.2035403038219608,0.005461546169317128
40.561,1,-3.99925227260735,2.999416209723987,1.200882210909525,0.012297971479807785
40.571,0,-3.9989827096380828,-3.0073680333750654,1.2035050251642276,0.005715988484352235
40.571,1,-3.999357060972925,2.9994481858384248,1.2008233177230854,0.012553919754062138
40.582,0,-3.998974355641142,-3.007323448055768,1.2034672971509293,0.0060627240146723
40.582,1,-3.9994626145653283,2.9994812562306716,1.2007610239102906,0.01281050970847287
40.592,0,-3.9989668958919906,-3.0072766056891407,1.2034260514812989,0.0064774615030056435
40.592,1,-3.999569024258814,2.999515498764679,1.2006956021100499,0.013068306646698282
40.601,0,-3.9989604175687656,-3.0072274201698495,1.2033805834437576,0.006942575678990314
40.601,1,-3.99967636052428,2.999550996993472,1.2006272605053379,0.013327215227191137
40.611,0,-3.998954983392297,-3.007175817671637,1.203330680004666,0.0073893714382943535
40.611,1,-3.9997846740520564,2.9995878416434985,1.2005564235545183,0.013542159968965762
40.621,0,-3.9989506335547196,-3.007121736073699,1.2032778710518242,0.0077032233616944334
40.621,1,-3.9998939983376287,2.999626130374689,1.2004851767753424,0.01363000903522995
40.631,0,-3.9989473906104176,-3.00706512322836,1.2032238794216303,0.007922434750940234
40.631,1,-4.0000043496019035,2.999665953435996,1.2004156728936204,0.013631476033133829
40.642,0,-3.9989452667326706,-3.007005930941697,1.203169899012124,0.00808245924098023
40.642,1,-4.000115727943986,2.9997073784149517,1.2003493893652446,0.013582275348320119
40.651,0,-3.9989442701871085,-3.006944108878176,1.2031167416281512,0.008209866548320455
40.651,1,-4.000228119609581,2.9997504406973903,1.2002873241262972,0.013507962766720543
40.661,0,-3.9989444100028657,-3.0068796005341296,1.2030649533535285,0.008323686059527732
40.661,1,-4.00034149907431,2.999795137717311,1.2002301418009236,0.013425822403525292
40.671,0,-3.998945698731563,-3.006812341824162,1.2030146132668669,0.008481282625341747
40.672,1,-4.000455830782682,2.9998414260189086,1.2001781465104402,0.013362452544394807
40.681,0,-3.998948151409615,-3.006742264719152,1.20296472203098,0.008717490819656431
40.681,1,-4.000571068623538,2.999889220494254,1.2001306274942558,0.01334624619428538
40.691,0,-3.9989517812534836,-3.0066693019062654,1.2029143676037586,0.009006089069893069
40.691,1,-4.000687151994702,2.999938400508523,1.2000867124452808,0.013356741119341256
40.701,0,-3.998956594075887,-3.006593394160775,1.2028629350526576,0.009329854207310757
40.701,1,-4.000804000516161,2.99998881680609,1.200045782353752,0.01337876499084762
40.711,0,-3.9989625842764713,-3.0065144961925925,1.2028100139553874,0.009676853585162855
40.711,1,-4.000921510586322,3.0000402970196265,1.2000073935208766,0.01340124017433978
40.721000000000004,1,-4.0010395539289165,3.0000926506223027,1.1999712242221359,0.013416190555391422
40.721000000000004,0,-3.998969732391988,-3.0064325804945304,1.2027553358242233,0.010038247068887465
40.731,0,-3.998978004041031,-3.006347639185851,1.202698863481974,0.010386039418328729
40.731,1,-4.001157977735469,3.0001456733625647,1.1999370904752054,0.013413396877437153
40.741,0,-3.9989873509352463,-3.006259683086092,1.202641246150647,0.010690048792688242
40.741,1,-4.001276607467669,3.000199149576745,1.1999051280706425,0.013384285483057774
40.752,0,-3.998997713181845,-3.0061687424232297,1.2025831278455543,0.010962958689650443
40.752,1,-4.001395253973276,3.000252849090403,1.199875501135216,0.01332940827953584
40.761,0,-3.999009022725084,-3.006074865249901,1.2025249438570829,0.0112137951988584
40.761,1,-4.001513721370046,3.000306523851285,1.1998483104208209,0.01324909602213118
40.771,0,-3.9990212064206405,-3.005978115056661,1.2024669844267297,0.01144840537317873
40.771,1,-4.001631813328947,3.000359906650124,1.1998236114341831,0.013143628281443137
40.781,0,-3.999034188324039,-3.0058785694257115,1.2024091520966957,0.011707823339051756
40.781,1,-4.001749338043693,3.0004127117626855,1.199801205836571,0.013024136172415577
40.791,0,-3.9990478930662405,-3.0057763213750883,1.2023503146617607,0.012019947830627655
40.792,1,-4.00186611280414,3.0004646400033437,1.1997798293910622,0.012902014304180065
40.801,0,-3.9990622540440337,-3.0056714786447207,1.2022894659346108,0.012363382537509144
40.801,1,-4.001981967354324,3.0005153900564223,1.199758283123166,0.012770355759303957
40.811,0,-3.9990772199422207,-3.005564165780307,1.2022259264624515,0.012724160104485212
40.811,1,-4.002096746517645,3.000564670343054,1.1997357583677486,0.012627509671617609
40.821,0,-3.999092758659538,-3.00545452557134,1.2021592419362086,0.013092652425912208
40.821,1,-4.002210312019674,3.000612207864846,1.1997117152196743,0.012474507871398687
40.831,0,-3.9991088594855966,-3.0053427192846365,1.2020891136499332,0.01346191882950706
40.831,1,-4.002322543528393,3.000657754335493,1.1996857989389305,0.012313618896974137
40.841,0,-3.999125534015331,-3.005228925728813,1.2020155007572895,0.013800301114822312
40.841,1,-4.002433338170379,3.0007010885826997,1.199658423749355,0.012111151750204538
40.851,0,-3.999142814170696,-3.0051133374224075,1.2019394133436816,0.01405334045691526
40.851,1,-4.0025426088347045,3.0007420136835936,1.1996316189255967,0.011851877535471313
40.861,0,-3.999160740987704,-3.0049961568526884,1.2018619628660965,0.01423889986962608
40.861,1,-4.002650285879909,3.0007803551545496,1.1996070382711777,0.011556574444566396
40.87,0,-3.999179351946765,-3.0048775905367786,1.2017839155306325,0.014372957068926287
40.87,1,-4.0027563163537865,3.000815955461704,1.199585784739586,0.011244047025656912
40.881,1,-4.002860662590553,3.00084866925258,1.1995685812998518,0.010929499462930507
40.882,0,-3.9991986719012744,-3.0047578432917272,1.2017057929948762,0.01446723827079499
40.891,0,-3.9992187071739886,-3.0046371138063925,1.2016281345397315,0.014497552808528385
40.892,1,-4.002963301015704,3.0008783606303115,1.19955572327084,0.010629431853934812
40.901,0,-3.9992394443849477,-3.00451559290472,1.2015525849706543,0.014412840017091805
40.901,1,-4.003064218570195,3.0009049059451915,1.1995467720389708,0.010349745323867121
40.911,0,-3.9992608552138313,-3.0043934721816496,1.2014807662544467,0.014250784460102646
40.911,1,-4.003163401643937,3.0009282018083705,1.1995412606128881,0.010086720245311157
40.921,0,-3.9992829040418694,-3.0042709532674734,1.2014137594068182,0.014040583043228125
40.921,1,-4.0032608264769385,3.0009481744565965,1.199538843220173,0.009837811411565901
40.931,0,-3.9993055542838096,-3.0041482533670063,1.2013522697874808,0.013801818784898225
40.931,1,-4.0033564529642485,3.0009647860787725,1.199539260433148,0.009601009637221616
40.941,1,-4.003450220913725,3.0009780382923124,1.1995423104130878,0.009374340188270916
40.941,0,-3.999328772907807,-3.0040256083509425,1.2012967420176537,0.013547120065367693
40.951,0,-3.9993525334907414,-3.0039032739024982,1.2012473710044762,0.013291044972235114
40.952,1,-4.003542047844285,3.0009879727465556,1.1995479994149758,0.009159236731393634
40.961,0,-3.9993768172425708,-3.003781524743253,1.2012039154349143,0.013042798558152359
40.962,1,-4.003631826781533,3.0009946659815934,1.1995571550800639,0.008965084266627376
40.971000000000004,0,-3.999401611308432,-3.00366065217935,1.2011660754191777,0.012795445192307468
40.971000000000004,1,-4.003719426612454,3.000998221375853,1.1995705673982604,0.00879784960021149
40.981,0,-3.9994269062002608,-3.003540960886754,1.201133616049188,0.012543791907789691
40.981,1,-4.003804692170801,3.0009987579383646,1.1995887362563373,0.008660804560709933
40.991,0,-3.999452693787585,-3.0034227655174726,1.201106350465742,0.01228418709092932
40.991,1,-4.003887445029682,3.000996400693841,1.199611959629649,0.008555235566336515
41.001,0,-3.9994789657600207,-3.0033063868551566,1.2010838530137193,0.012026654667649192
41.001,1,-4.00396748600003,3.00099127398868,1.1996402325724993,0.008465010564092068
41.011,0,-3.9995057132332836,-3.0031921466416485,1.2010648075862094,0.011771369211059882
41.011,1,-4.0040446033400645,3.000983498510782,1.1996728952905464,0.00836846526060182
41.021,0,-3.9995329293987743,-3.003080364811353,1.2010480775170578,0.011504433730702764
41.021,1,-4.004118587429246,3.0009731892437186,1.1997093322510157,0.008266188439680544
41.031,0,-3.999560611773879,-3.0029713559285485,1.2010328764607912,0.011219218476350544
41.031,1,-4.0041892460477655,3.0009604561305734,1.1997491033788779,0.008162208343155045
41.041,0,-3.999588763534824,-3.002865425799428,1.2010186600602875,0.010913019225855684
41.041,1,-4.004256415445078,3.00094540498763,1.1997918893989739,0.008061088814668072
41.051,0,-3.999617394236123,-3.002762868700876,1.2010050524012414,0.01058529220455401
41.051,1,-4.004319967536717,3.00092813813937,1.1998374475677298,0.007968171430317849
41.061,0,-3.999646519447589,-3.0026639612790755,1.2009907757242748,0.010272412378146967
41.061,1,-4.004379813441838,3.0009087544456237,1.1998857534339598,0.007920756533441918
41.071,0,-3.9996761584527802,-3.002568953223694,1.2009721992929543,0.010017618114413327
41.071,1,-4.004435902344699,3.0008873466202433,1.1999378534346004,0.007993191420195481
41.081,1,-4.004488226241744,3.000863998662974,1.199994869953416,0.00817645332244988
41.081,0,-3.999706332032591,-3.002478073259033,1.2009464296032117,0.009857329412393673
41.091,0,-3.999737059124783,-3.002391526622583,1.2009115389482732,0.009828240633981942
41.091,1,-4.004536821539329,3.0008387813523245,1.2000575366765538,0.008457482397673815
41.101,0,-3.999768354266443,-3.0023094919509483,1.2008662677949478,0.009954363998449916
41.101,1,-4.00458176716234,3.000811748356467,1.2001263165846296,0.008821754236976257
41.111,1,-4.00462318288195,3.000782934663758,1.2002011493501037,0.009162173408601959
41.112,0,-3.9998002264172277,-3.002232124036809,1.20081076009098,0.01010655826817212
41.121,0,-3.9998326768019354,-3.002159559839763,1.2007477158672055,0.010168785912807937
41.121,1,-4.004661229617909,3.0007523595752117,1.2002796534917135,0.00928347973107297
41.131,1,-4.004696087753923,3.0007200252399695,1.200359252680784,0.009243510626678823
41.132,0,-3.9998656914451765,-3.0020919053838826,1.2006794385756172,0.010150957634977751
41.141,0,-3.999899236386952,-3.0020292353144598,1.2006075457983485,0.010071415284551891
41.141,1,-4.00472793863133,3.000685918324032,1.200438178814699,0.009096320272327114
41.151,0,-3.999933255361477,-3.0019715953848474,1.200533167926535,0.009949219157666448
41.151,1,-4.004756954285752,3.0006500136212386,1.2005152322046708,0.008882564260048544
41.16,0,-3.9999676690495662,-3.0019190050223865,1.2004570909288386,0.00980045048332058
41.16,1,-4.004783290322056,3.0006122770865438,1.200589606973169,0.008631542348029193
41.171,0,-4.000002375368096,-3.00187146012188,1.2003799296834259,0.00961435651575425
41.171,1,-4.004807081146622,3.000572668233414,1.2006608007512793,0.0083760455839979
41.181,0,-4.000037250959666,-3.001828939363271,1.2003030582897778,0.009302202503782057
41.181,1,-4.004828436253307,3.000531141401656,1.2007289582392293,0.00817865553637629
41.191,0,-4.000072154816762,-3.0017914016017455,1.200228078513549,0.00889211503280416
41.191,1,-4.004847440777801,3.0004876487940018,1.2007945265248974,0.008033799603573689
41.202,0,-4.000106933487443,-3.0017587817243374,1.2001560908632989,0.008417638608116288
41.202,1,-4.004864157784567,3.000442143820347,1.2008578348879169,0.007931698611647687
41.211,0,-4.000141425829618,-3.0017309917312947,1.2000878368155043,0.00790363768586583
41.211,1,-4.004878629832325,3.0003945830140517,1.2009191242134916,0.007865034973312885
41.221,0,-4.000175466947968,-3.0017079223634506,1.2000238058830262,0.0073686643069374915
41.221,1,-4.0048908807587535,3.000344927440499,1.2009785738171999,0.007829006616576116
41.232,0,-4.00020889131394,-3.001689447739861,1.1999648816528037,0.006710196221630236
41.232,1,-4.004900918412646,3.0002931445334258,1.2010360053969307,0.007758522418842457
41.241,0,-4.000241539994677,-3.0016754313742378,1.1999131935968166,0.005899653564898002
41.241,1,-4.004908740498548,3.0002392138265144,1.2010901459367456,0.0076138016076658325
41.251,0,-4.00027327757298,-3.00166572109156,1.1998704160580957,0.005016486265275136
41.251,1,-4.004914340001585,3.00018313455449,1.2011398945587963,0.007439881077972121
41.261,1,-4.004917712449939,3.0001249346480714,1.201184535040029,0.007268921206334845
41.262,0,-4.000304006299516,-3.0016601514541454,1.1998376496142966,0.0041420669371980525
41.271,0,-4.000333674890796,-3.001658547240406,1.1998155948813736,0.003382552921119612
41.271,1,-4.004918861607486,3.000064676666007,1.201223619839107,0.007122157853688296
41.281,0,-4.000362283455459,-3.0016607254143457,1.199804399104889,0.002919051802990609
41.281,1,-4.004917803361694,3.00000246064709,1.2012568311657426,0.00700546133730195
41.291,0,-4.000389883669031,-3.00166649093266,1.19980217574673,0.0028162613546542873
41.291,1,-4.004914567894432,2.9999384233209927,1.2012837325363186,0.006922407276767807
41.302,0,-4.0004165634030135,-3.001675640872178,1.1998068097172627,0.002927031448045567
41.302,1,-4.004909198329314,2.9998727305430406,1.201303993735165,0.006887154969335132
41.311,0,-4.000442429496528,-3.001687963584293,1.1998168210453002,0.0031397540634633134
41.311,1,-4.00490174889896,2.9998055687824805,1.201317436120013,0.006906049287759803
41.32,0,-4.00046759554941,-3.0017032355383986,1.199831163221522,0.003391707443502507
41.32,1,-4.004892283390515,2.999737138100482,1.2013239821920105,0.006980053823898292
41.331,1,-4.004880873681512,2.9996676463912166,1.2013236264691225,0.0071060397185188605
41.332,0,-4.000492172904157,-3.0017212199755527,1.19984908971782,0.0036525281625772103
41.341,0,-4.0005162640518686,-3.0017416674673667,1.1998703289615116,0.003951633131040342
41.341,1,-4.004867597910252,2.9995973044248414,1.2013166527552566,0.007267843783410379
41.351,0,-4.00053995956571,-3.001764319035305,1.1998959758405543,0.004350521551310277
41.351,1,-4.004852535872689,2.9995263194783477,1.201304977113372,0.007413562137507214
41.361,0,-4.00056334202151,-3.0017889054127265,1.199927148374593,0.004831139165642343
41.361,1,-4.004835767074348,2.999454886771881,1.2012906164515942,0.007523189021450302
41.371,0,-4.000586490688009,-3.00181514963094,1.199964579636116,0.005374150872600471
41.371,1,-4.004817366635786,2.9993831793577153,1.2012749653992552,0.007597780224550573
41.381,0,-4.000609484708564,-3.001842770663176,1.2000087352487168,0.005960515892931043
41.381,1,-4.004797401065602,2.9993113406092857,1.2012589840846373,0.007644950058053725
41.391,0,-4.000632405331519,-3.001871486389233,1.2000593866250893,0.006485046842310708
41.391,1,-4.0047759255696205,2.9992394798191158,1.2012433663701763,0.007671642134730661
41.401,0,-4.0006553388664905,-3.001901021142406,1.2001153157622142,0.006914603757897938
41.401,1,-4.0047529838728115,2.999167671506547,1.2012287145573723,0.007684881759001822
41.411,0,-4.000678381251382,-3.0019311200452856,1.2001755488455668,0.007273587040971079
41.411,1,-4.004728612182301,2.9990959593217834,1.2012154592268227,0.0076928042018659624
41.421,0,-4.000701641576299,-3.0019615592748687,1.2002394030808041,0.00758167424796135
41.422,1,-4.004702843336004,2.999024360981553,1.2012038815250412,0.007701413258357842
41.432,0,-4.00072524390531,-3.001992152480823,1.200306397152667,0.00785406516086297
41.432,1,-4.004675709825561,2.9989528726620205,1.201194159750772,0.007714892411231605
41.441,0,-4.000749327800339,-3.0020227543564784,1.2003761910548996,0.008102680329065786
41.441,1,-4.00464724592737,2.998881472825674,1.2011864005154267,0.007736032539078316
41.451,0,-4.000774047814105,-3.0020532621081064,1.2004484443022034,0.008310740548294816
41.451,1,-4.004617489372851,2.9988101256493738,1.2011804603872662,0.007770317228630311
41.461,0,-4.00079956900352,-3.0020836139006986,1.2005224219606772,0.00845345656866467
41.461,1,-4.004586482555522,2.998738786331113,1.2011752266103282,0.007819237661579125
41.471,0,-4.000826054519022,-3.002113781978443,1.200597467919423,0.008552770927125756
41.471,1,-4.004554269471899,2.998667411721704,1.201169632487782,0.007877824405595323
41.481,0,-4.000853652593794,-3.002143764675727,1.2006731323737023,0.008624687532919641
41.481,1,-4.00452089333355,2.9985959706531435,1.2011629506222843,0.00794410653512798
41.491,0,-4.0008824873603865,-3.0021735798549676,1.2007491087924922,0.008680055567508149
41.491,1,-4.004486395247836,2.99852445096857,1.2011546898214966,0.008016691299084578
41.502,0,-4.000912652335757,-3.002203259573033,1.2008247553680766,0.008625550449308517
41.502,1,-4.004450812850298,2.998452863747657,1.201144951577962,0.008079199078042167
41.511,0,-4.000944205992533,-3.0022328417322757,1.2008980421614415,0.008394935328954025
41.511,1,-4.0044141790368055,2.9983812436686597,1.2011353934676072,0.008116038315630226
41.522,0,-4.0009771741554525,-3.0022623539802615,1.2009672453211708,0.00805464605696131
41.522,1,-4.00437652478657,2.9983096444819672,1.2011274956902105,0.008137059317138252
41.531,0,-4.001011551926975,-3.00229179943379,1.2010312102804928,0.007652541508330198
41.531,1,-4.004337880407285,2.9982381333488863,1.2011222583377414,0.008153018617251961
41.542,0,-4.001047305689553,-3.0023211474655147,1.201089179800756,0.007223235988462204
41.542,1,-4.004298276022849,2.9981667861280714,1.2011203482311996,0.008172489592070377
41.551,0,-4.001084375634684,-3.0023503285584905,1.2011406700042417,0.006791518254105044
41.551,1,-4.004257741909049,2.9980956835448653,1.2011222013661196,0.008201346170536158
41.561,0,-4.001122679414072,-3.0023792320452753,1.2011861085623465,0.006516553022963171
41.561,1,-4.004216308725415,2.9980249082240826,1.2011280444013346,0.0082417628645912
41.571,0,-4.001162117282197,-3.002407708986578,1.201229443911363,0.0065498721906413525
41.571,1,-4.004174006929398,2.9979545449970058,1.2011377575740074,0.0082905125197608
41.582,0,-4.001202567485427,-3.0024355892792856,1.201274480276889,0.006784378269318064
41.582,1,-4.004130863507712,2.9978846887368733,1.2011511677317805,0.008344735223627523
41.591,0,-4.001243885599695,-3.0024627006332,1.2013238057016886,0.007164816836165046
41.591,1,-4.004086898819228,2.997815452723566,1.20116814528059,0.008401969502036295
41.601,0,-4.001285906549857,-3.002488882455085,1.2013791635942144,0.007658241853163053
41.601,1,-4.004042124647633,2.997746973780275,1.201188588667768,0.008460011637649706
41.611,0,-4.0013284468684045,-3.0025139960773113,1.2014411867198087,0.008128275325689056
41.611,1,-4.003996543478133,2.9976794142183834,1.201212106392397,0.008493111965432565
41.621,0,-4.001371311629954,-3.0025379317501115,1.2015083454482458,0.008457652627588
41.621,1,-4.003950149617725,2.997612956598276,1.201237282493348,0.008475137016896225
41.632,0,-4.001414312254848,-3.002560607525622,1.2015791456893483,0.008682384034012388
41.632,1,-4.003902930713629,2.9975477895082707,1.2012628940980705,0.008415720729971068
41.641,0,-4.001457281837887,-3.0025819678838404,1.2016525477561377,0.008831855849481745
41.641,1,-4.003854870321073,2.997484092721554,1.2012881074604176,0.008325949704353276
41.652,0,-4.001500085452053,-3.0026019824863868,1.201727829362484,0.008927948814080556
41.652,1,-4.003805950110694,2.997422026352996,1.2013123588768961,0.008215906406164718
41.661,0,-4.001542626676118,-3.0026206446018753,1.2018044793726206,0.008987123342927533
41.661,1,-4.003756151515311,2.997361723518392,1.2013352697385762,0.008094223997331682
41.672,0,-4.001584851050833,-3.002637969186569,1.2018820437466657,0.008991713319322324
41.672,1,-4.003705456937783,2.9973032859943562,1.2013566988545368,0.007976240070781586
41.681,0,-4.0016267459878065,-3.0026539903499976,1.201959292096745,0.008867508815581671
41.681,1,-4.003653852376803,2.9972467823330375,1.201377098164165,0.00787577810784321
41.692,0,-4.001668332466768,-3.002668751225337,1.2020349043211702,0.008651654616058175
41.692,1,-4.003601335965346,2.9971922450274966,1.2013969425944822,0.007789258447932538
41.701,0,-4.00170965366768,-3.002682292589624,1.202107992124701,0.008377543892320947
41.701,1,-4.003547925997666,2.997139669611413,1.201416556326121,0.007714277943067001
41.712,0,-4.001750766007271,-3.002694645266103,1.2021779716039678,0.008068921584045612
41.712,1,-4.003493665841086,2.9970890154476306,1.2014361592121228,0.007648955682136324
41.721000000000004,0,-4.001791732356077,-3.0027058251134453,1.2022444716172014,0.007742635482620543
41.721000000000004,1,-4.003438626469663,2.9970402074813784,1.2014558993089708,0.007591454419178315
41.732,0,-4.001832616800059,-3.002715830552016,1.2023069512794078,0.007347102255737751
41.732,1,-4.003382907111426,2.9969931388063324,1.2014758708014661,0.0075395065018449585
41.741,0,-4.00187347902523,-3.0027246441349726,1.202364205318429,0.006870441223839815
41.741,1,-4.003326632899688,2.996947675827828,1.201496115028855,0.007490633290075347
41.752,0,-4.001914367070313,-3.00273223725961,1.2024152970177104,0.006355434862151708
41.752,1,-4.003269947302823,2.996903669269059,1.2015166494586347,0.007442864641779171
41.762,0,-4.001955311672373,-3.00273857589366,1.2024596196227266,0.00583595458368687
41.762,1,-4.003213003831959,2.996860965393401,1.2015374796168712,0.007394377551038094
41.77,0,-4.001996322826677,-3.0027436251317052,1.2024967919993625,0.005340410386925395
41.77,1,-4.003155959366992,2.9968194145541975,1.2015586037190102,0.007343658568384761
41.781,0,-4.00203738803171,-3.0027473525322246,1.202526593295155,0.004896182261863431
41.781,1,-4.003098968999439,2.996778877278975,1.2015799252594166,0.0072807372674370385
41.791,0,-4.00207847257052,-3.002749731355605,1.2025489477782203,0.0045295289386412295
41.791,1,-4.003042181063561,2.9967392267781867,1.20160074952603,0.007189197048892232
41.802,0,-4.002119523323642,-3.0027507461200105,1.2025638591408259,0.004262042508025411
41.802,1,-4.002985729831713,2.9967003466119895,1.201620357853504,0.007078612855822972
41.811,0,-4.002160473757103,-3.002750397922551,1.2025713699719358,0.004111041563381596
41.811,1,-4.002929728761681,2.996662126097956,1.201638272557111,0.006958313839572369
41.821,0,-4.00220124818779,-3.0027487076875965,1.2025715477018664,0.004085412835843625
41.821,1,-4.002874266154146,2.996624456710823,1.201654183343072,0.0068360745966390005
41.831,0,-4.002241765279927,-3.00274571772453,1.2025644767735286,0.004182357077877518
41.831,1,-4.002819402795831,2.9965872297006193,1.2016678956758204,0.0067182789034628985
41.841,0,-4.002281940865432,-3.0027414918968995,1.202550346650245,0.004376064870672769
41.841,1,-4.002765171220046,2.9965503346784037,1.2016793701198882,0.006613623308838407
41.851,0,-4.002321690538495,-3.002736114317035,1.2025299847243773,0.004606198823205523
41.851,1,-4.002711577931704,2.9965136596250606,1.201688977141688,0.00652755526208026
41.861,0,-4.002360933953326,-3.002729688468726,1.2025042537194761,0.00484693308450784
41.861,1,-4.002658610586051,2.9964770931202254,1.2016970993951048,0.006456833252485326
41.871,0,-4.002399599028063,-3.0027223352058416,1.2024737615410337,0.005088850139250294
41.871,1,-4.002606246083623,2.996440527148572,1.2017040101324523,0.006399248714955373
41.882,0,-4.002437624789844,-3.0027141901893986,1.20243893905436,0.005328831314566383
41.882,1,-4.002554456848908,2.9964038592356332,1.2017099059661813,0.006353120935006776
41.891,0,-4.002474962784119,-3.002705401027427,1.202400651240706,0.005460220075762362
41.891,1,-4.002503215571292,2.9963669939149478,1.201715175002272,0.006322697102296738
41.901,0,-4.002511577272464,-3.0026961244850487,1.2023615353511676,0.005394183688086391
41.901,1,-4.002452499356303,2.9963298447971707,1.2017213131787392,0.006315415574129968
41.911,0,-4.002547447664476,-3.00268652640724,1.2023238407054928,0.005190656469639746
41.911,1,-4.00240229293614,2.996292340435195,1.2017297078346714,0.006333985806751061
41.921,0,-4.0025825692844235,-3.0026767800779224,1.2022890904576338,0.004900307534878278
41.922,1,-4.002352591589652,2.99625442988185,1.2017412939179393,0.006382903199805808
41.931,0,-4.002616953112578,-3.0026670641940743,1.2022583000015041,0.004563310009307025
41.931,1,-4.002303403099353,2.9962160859977582,1.2017566926579695,0.006464620067654119
41.942,0,-4.002650625119279,-3.002657561008083,1.202232132000481,0.004212271035121673
41.942,1,-4.002254748724862,2.9961773070291464,1.2017763071386005,0.006578718794046138
41.952,0,-4.002683625196797,-3.0026484545340537,1.2022110798419683,0.0038642188504175072
41.952,1,-4.002206663115184,2.996138116992364,1.2017998858992485,0.006666529207286053
41.961,0,-4.00271600516633,-3.002639926219376,1.2021958153312493,0.0035427037568553747
41.961,1,-4.002159192958264,2.9960985646981713,1.2018247203675765,0.006637643435156144
41.971000000000004,1,-4.002112397958995,2.996058717861049,1.2018482138065578,0.006523207251431351
41.972,0,-4.002747825469821,-3.0026321431158918,1.202186872808024,0.0032991827368156236
41.978,0,-4.002779151550302,-3.002625246058425,1.2021845803569613,0.003179637020688411
41.978,1,-4.002066350764137,2.996018657729678,1.2018686220628845,0.006360647911027929
41.991,0,-4.00281005096635,-3.002619341922717,1.2021891239767402,0.0032127929098551434
41.991,1,-4.002021135998696,2.9959784750961544,1.2018847868568503,0.006181890362753295
42.001,0,-4.002840591275829,-3.0026144989352175,1.2022003990222907,0.0033698675944119835
42.001,1,-4.001976848806793,2.9959382671593375,1.2018957383257975,0.006003675173972473
42.011,0,-4.002870838988568,-3.0026107422464405,1.2022164179515973,0.003495285086572625
42.011,1,-4.001933590755908,2.9958981376394007,1.2019000573764707,0.00586078354691745
42.021,0,-4.002900858634892,-3.0026080525545313,1.2022347727142197,0.0035461080739343843
42.021,1,-4.001891462541566,2.9958582029898846,1.2018966498115924,0.0058011042565795715
42.031,0,-4.002930712681169,-3.002606365686382,1.2022537864490122,0.0035334286518634347
42.031,1,-4.001850556559268,2.995818598570657,1.2018848215027578,0.005855123000224163
42.041,0,-4.002960461795394,-3.0026055727253427,1.2022723019486068,0.0034768390877602177
42.042,1,-4.001810951612738,2.995779482167593,1.2018641591292107,0.006033882268539514
42.05,0,-4.002990164967406,-3.002605521777978,1.202289519886426,0.0033957235819148386
42.05,1,-4.001772709527114,2.9957410353325606,1.2018344367576634,0.006332941330875512
42.061,0,-4.003019879538043,-3.0026060208136904,1.2023048481166225,0.003299373627069338
42.061,1,-4.001735873360158,2.995703463309714,1.2017956403567351,0.006717921757642349
42.071,0,-4.003049661698325,-3.002606841304283,1.2023175802702957,0.00319371281789219
42.071,1,-4.001700469908719,2.995666993553017,1.2017484362029855,0.00712240389137238
42.082,0,-4.003079568783768,-3.00260772355801,1.2023271245361329,0.0031037038081222043
42.082,1,-4.001666520128724,2.9956318692508237,1.2016935822148074,0.00753196767021773
42.091,0,-4.00310966184628,-3.0026083824426966,1.202333095793306,0.003050147658721254
42.091,1,-4.001634051870629,2.9955983417673044,1.2016316458757308,0.007941059802525874
42.102,0,-4.003140007292435,-3.0026085130702107,1.2023352514743169,0.0030482357933918594
42.102,1,-4.001603109205273,2.9955666645873755,1.201563064246055,0.008348088487482155
42.111,0,-4.003170677824761,-3.0026077959427,1.202333697694516,0.0030995688826659495
42.111,1,-4.001573758352108,2.9955370884903947,1.2014882598894245,0.008732221114852631
42.121,0,-4.003201752262384,-3.002605901038744,1.2023297888673419,0.0031709547811631066
42.121,1,-4.001546087867591,2.995509855669333,1.2014079762693888,0.009065162389273717
42.131,0,-4.003233311662421,-3.002602495038777,1.202324845034024,0.0032481025473545637
42.131,1,-4.001520196404419,2.995485186123151,1.2013228908183966,0.009361433156462925
42.141,0,-4.003265435229553,-3.0025972480743524,1.2023197728324815,0.0033348229357498993
42.141,1,-4.001496179104366,2.9954632650553514,1.201233500412254,0.00963423202033138
42.152,0,-4.003298197475285,-3.00258983873971,1.202315191483795,0.003439830245459985
42.152,1,-4.001474118010989,2.995444234887801,1.2011401772516581,0.009892899245409193
42.161,0,-4.003331666285188,-3.0025799579182935,1.2023115216272553,0.0035714417406372237
42.161,1,-4.001454075649156,2.9954281907541214,1.2010432147279606,0.010143546383862114
42.171,0,-4.003365901497198,-3.002567312306959,1.2023088771839805,0.0037384353586638838
42.171,1,-4.001436090942945,2.9954151789149646,1.2009428640357587,0.010387201743180842
42.181,0,-4.003400951653281,-3.0025516334142757,1.2023064840211712,0.003942490935180987
42.181,1,-4.00142017313657,2.9954051995329163,1.2008393847160461,0.010623902057057256
42.191,0,-4.003436847347958,-3.002532693681191,1.202303562643039,0.004178427363052479
42.191,1,-4.0014062887180915,2.9953982152021066,1.2007329920835657,0.010858035508773945
42.201,0,-4.003473594409863,-3.0025103235574013,1.2022995903543363,0.004441389610913096
42.201,1,-4.001394350361842,2.9953941603181256,1.2006238574335433,0.011091801168579671
42.211,0,-4.003511169604465,-3.002484422919286,1.2022942215897496,0.004724681885914811
42.211,1,-4.001384211173744,2.995392948830845,1.2005121174769586,0.011326851169188133
42.22,0,-4.003549518560754,-3.0024549671491205,1.2022872335543011,0.005019849854703465
42.22,1,-4.00137566277918,2.995394480430968,1.2003978844340408,0.011562852364431985
42.23,0,-4.003588555507987,-3.002422008743377,1.2022785545192134,0.005314165664987743
42.23,1,-4.0013684364557145,2.9953986455874766,1.2002813125595346,0.011782825837300033
42.241,0,-4.003628164116657,-3.0023856755769796,1.2022684762880953,0.005592471348004824
42.241,1,-4.001362210450734,2.995405329647478,1.200162803326461,0.011966277226986288
42.251,0,-4.003668197883612,-3.0023461704481886,1.202257309869806,0.005846333164597712
42.251,1,-4.001356627829013,2.9954144139479095,1.200042732279514,0.012123374261582106
42.261,0,-4.003708481417904,-3.002303768033998,1.2022452824203274,0.006068257838988451
42.261,1,-4.0013513159688845,2.9954257768085926,1.1999213765288563,0.012260896103220831
42.271,0,-4.003748812954069,-3.0022588090599194,1.2022325598267443,0.0062516114879350064
42.271,1,-4.001345902158719,2.9954392947423014,1.1997989440617978,0.012384135302329527
42.281,0,-4.003788967593787,-3.0022116937396706,1.2022189796871647,0.006408538087149013
42.281,1,-4.001340025511363,2.9954548434802737,1.1996755405419044,0.012513031750988121
42.291,0,-4.003828703311649,-3.002162871512903,1.2022030229535616,0.00656500727750085
42.291,1,-4.001333344114234,2.9954722989356175,1.1995509192889098,0.01267875376883455
42.301,0,-4.003867771827359,-3.0021128143182634,1.2021832448122918,0.006723743617647789
42.301,1,-4.001325533663072,2.995491540781692,1.1994247964931002,0.012869908611920446
42.312,0,-4.0039059292378445,-3.00206199282794,1.2021586846409893,0.006890946997471774
42.312,1,-4.0013162831773945,2.9955124557196866,1.1992969977559613,0.013077533510464026
42.322,0,-4.003942944075347,-3.002010859506455,1.202128717700363,0.007072541151510574
42.322,1,-4.001305292085028,2.995534939434524,1.1991674232243628,0.013296182047200138
42.331,0,-4.003978603047029,-3.001959836440107,1.2020929500683668,0.00727327913736878
42.331,1,-4.001292268482058,2.995558897787181,1.1990360229601098,0.013522531323822926
42.341,1,-4.0012769282597,2.995584247425681,1.1989027765107743,0.013756323789115489
42.342,0,-4.004012714684048,-3.0019093071197562,1.202051292833351,0.007464359574292466
42.352,0,-4.004045110500322,-3.001859614556328,1.2020051425404097,0.007542524897725372
42.352,1,-4.001258995816247,2.9956109162103077,1.198767650937493,0.0140000297235267
42.361,1,-4.001238208772589,2.9956388445385884,1.1986306293637161,0.014251416125019338
42.362,0,-4.0040756524593695,-3.0018110698558935,1.201956243893928,0.007519852211968703
42.371,0,-4.004104240578691,-3.001763964551747,1.2019058114207704,0.007419098707610097
42.371,1,-4.001214324044899,2.995667986695564,1.1984917288251606,0.014508401451955205
42.381,0,-4.004130816234407,-3.0017185803161883,1.2018546807810169,0.0072591763315158295
42.381,1,-4.0011871222507525,2.9956983113692353,1.1983509867330262,0.014770592170586273
42.392,0,-4.004155363546393,-3.001675195051173,1.201803188608683,0.00710094234739458
42.392,1,-4.001156409193102,2.9957298018834835,1.198208800974502,0.014949178160041246
42.401,0,-4.004177906145837,-3.001634083343289,1.2017506910043436,0.006996042810852871
42.401,1,-4.001122014462873,2.9957624545044026,1.198066751290368,0.014980906715372815
42.411,0,-4.004198492372169,-3.001595513479846,1.2016965600233982,0.006934680056220413
42.411,1,-4.001083798095522,2.9957962693682743,1.1979261977667641,0.014920616428920978
42.422,0,-4.004217181991613,-3.0015597422944844,1.2016403756597964,0.006911135078755432
42.422,1,-4.001041652431968,2.9958312429935052,1.197788053346347,0.014806563838918967
42.431,1,-4.000995501511404,2.995867363377277,1.1976529207593047,0.014664918193395212
42.432,0,-4.004234036733307,-3.0015270109531884,1.2015818625134171,0.0069218909046463465
42.441,0,-4.0042491135337634,-3.0014975420230825,1.201520846639276,0.006964810307093916
42.441,1,-4.000945299801972,2.995904606827223,1.197521186900708,0.014513670827818674
42.451,0,-4.004262459778254,-3.001471537786222,1.2014572877923866,0.00701310885417292
42.451,1,-4.0008910296568265,2.9959429363345413,1.1973932999027943,0.014310509312280903
42.461,0,-4.004274108983248,-3.0014491812079003,1.201392110872348,0.006954183210551486
42.461,1,-4.000832699438654,2.9959822990449037,1.1972705792277376,0.014002807581789446
42.471,0,-4.004284081059437,-3.001430626799356,1.2013266146498294,0.006811041986338848
42.471,1,-4.000770357552195,2.9960226159492223,1.1971542004195326,0.01363916587147342
42.48,0,-4.004292384189868,-3.0014159885348377,1.201261700604527,0.006616041109422905
42.48,1,-4.000704103328814,2.9960637729787494,1.1970449183589718,0.01325339876021148
42.491,0,-4.00429901550623,-3.0014053341798665,1.2011979823417935,0.006393874495010652
42.491,1,-4.00063409158542,2.996105616441996,1.1969431968378637,0.012866647515641753
42.501,0,-4.004303962287929,-3.0013986821947896,1.2011357484066976,0.0061962397308787396
42.501,1,-4.000560535317603,2.996147951504909,1.1968487900837501,0.012589312105428224
42.511,0,-4.004307205884287,-3.0013960013704764,1.2010747298881406,0.006061840820462463
42.511,1,-4.000483704918855,2.9961905480743916,1.1967595887660865,0.012483833735861335
42.521,0,-4.004308729050512,-3.001397217653479,1.2010146425862616,0.005980527694926881
42.521,1,-4.000403907628848,2.9962331604220065,1.1966736969983682,0.012478552955441511
42.531,0,-4.004308523550595,-3.0014022201587305,1.2009552965428822,0.005943552320408285
42.531,1,-4.0003214733966,2.9962755452038334,1.1965897888388417,0.012529368197586323
42.542,0,-4.00430659548944,-3.001410866273286,1.2008965667778329,0.005942899239048514
42.542,1,-4.000236745143236,2.9963174742437872,1.196506926134523,0.01260799885001963
42.551,0,-4.0043029686077825,-3.001422986485579,1.200838373102363,0.00597102399473601
42.551,1,-4.00015007063644,2.996358743416494,1.1964244483819073,0.012696511594676939
42.561,1,-4.000061795301939,2.9963991781005586,1.1963422641692394,0.012719910858910229
42.562,0,-4.004297686134122,-3.001438388777506,1.2007805988767712,0.006037885053483841
42.571,0,-4.004290812234773,-3.0014568643837523,1.2007229233603338,0.006148228767807877
42.571,1,-3.9999722522574825,2.996438636094838,1.1962616763122351,0.012627065789989109
42.581,0,-4.004282433298918,-3.001478198556927,1.200665089129405,0.006284384017966436
42.581,1,-3.9998817491375767,2.9964770118817685,1.1961838517962964,0.012456409120655284
42.591,0,-4.004272658847223,-3.001502179775869,1.2006069404317725,0.006433733014122732
42.591,1,-3.999790553784434,2.9965142385978982,1.1961095502038388,0.01223661136301063
42.601,0,-4.004261621295199,-3.001528606349127,1.2005483916579682,0.006587216741849011
42.601,1,-3.9996988844749315,2.996550287897297,1.1960392495614651,0.011989256973313479
42.611,0,-4.004249474457712,-3.0015572913349953,1.200489602948376,0.006692492089075899
42.611,1,-3.9996069045328206,2.9965851685413876,1.195973248782049,0.011728632778478845
42.621,0,-4.004236389329172,-3.0015880622218276,1.200431433453818,0.00671380563678379
42.621,1,-3.999514721735069,2.996618924637837,1.1959117627477789,0.01146647927167176
42.631,0,-4.004222546809321,-3.0016207478763506,1.2003746361485872,0.006678202832946661
42.631,1,-3.999422393311107,2.996651634579526,1.195854899421073,0.011214539842924028
42.644,0,-4.004208129602931,-3.001655167078865,1.2003197224785178,0.006603342494413561
42.644,1,-3.9993299323621563,2.9966834094842074,1.195802679472347,0.010981919545661063
42.652,0,-4.004193315945897,-3.0016911212878123,1.2002670367881243,0.0065002539362017785
42.652,1,-3.9992373138792234,2.9967143908234486,1.1957550651512232,0.010775140216832384
42.661,0,-4.004178275069339,-3.0017283903260044,1.200216807599898,0.006375571315994364
42.661,1,-3.999144480290386,2.9967447475328504,1.1957119757774426,0.010600002120583882
42.671,0,-4.004163163919999,-3.0017667304293854,1.2001688461458304,0.006299463488837194
42.671,1,-3.9990513468902633,2.9967746726680793,1.1956729733400673,0.010490225318601859
42.681,0,-4.004148124033382,-3.001805877569782,1.200121779930279,0.00631843172043141
42.681,1,-3.998957809498058,2.996804376627401,1.195636535433124,0.010461273647241769
42.691,0,-4.00413327772994,-3.0018455612110913,1.2000743980564827,0.006393740021846815
42.691,1,-3.998863755194402,2.9968340736855454,1.1956013298872765,0.010489210968345642
42.702,0,-4.004118725492194,-3.0018855164072207,1.2000258793531164,0.006502857945734946
42.702,1,-3.998769072395765,2.9968639700350876,1.1955664249432694,0.01055929509915185
42.712,0,-4.004104544677046,-3.0019254923586067,1.1999756708128888,0.006632505209408158
42.712,1,-3.9986736582890665,2.996894255307846,1.1955311674496798,0.010661706905974956
42.721000000000004,0,-4.004090789308305,-3.001965258517583,1.199923405800194,0.006774956387020183
42.721000000000004,1,-3.9985774240224874,2.996925096769166,1.1954950962340423,0.010789303734690241
42.731,0,-4.004077490851694,-3.0020046084961147,1.199869136503547,0.00686399282865563
42.731,1,-3.998480297782562,2.9969566358889677,1.1954582323635756,0.01090143394336146
42.741,0,-4.004064661583509,-3.00204336057361,1.1998139817960425,0.006846506357175274
42.742,1,-3.998382225376385,2.9969889876901736,1.195422328687034,0.010952959778734629
42.751,0,-4.004052301360567,-3.0020813548753322,1.199758956444572,0.006752452736826272
42.751,1,-3.9982831727256882,2.9970222394618324,1.1953890895627104,0.010971713733429913
42.762,0,-4.004040404706712,-3.002118449761836,1.199704763112108,0.006603185232597239
42.762,1,-3.998183126344629,2.9970564511299718,1.195359649983062,0.01097989646135651
42.771,0,-4.004028966159197,-3.002154518859425,1.1996518868207808,0.0064143469396721045
42.771,1,-3.9980820924954705,2.9970916566989736,1.1953347518343163,0.010992537982456698
42.781,0,-4.004017983880533,-3.0021894490123295,1.1996004787361716,0.006236225288372386
42.781,1,-3.9979800964458,2.997127865548655,1.1953144502725137,0.011038537150814797
42.791,0,-4.004007459695185,-3.0022231401748143,1.199549972722854,0.006106868504112276
42.791,1,-3.9978771834727813,2.9971650621048473,1.1952966811448111,0.01112976015637962
42.801,0,-4.003997394092923,-3.002255506523741,1.1994998380475435,0.006010994451527151
42.801,1,-3.997773418225624,2.997203207612444,1.1952793951559098,0.011240765465507948
42.811,0,-4.003987780702212,-3.0022864782396868,1.1994497200023873,0.00593875518101825
42.811,1,-3.997668885738169,2.997242240376205,1.1952611857282267,0.011359875990769451
42.821,0,-4.003978602608116,-3.0023160025676967,1.199399385423974,0.0058838882848256824
42.821,1,-3.9975636919770587,2.997282076171075,1.1952410957270667,0.01148109677989231
42.831,0,-4.0039698302282645,-3.0023440441347926,1.199348684939602,0.005842305653522858
42.831,1,-3.9974579633720264,2.9973226093952,1.1952184795314744,0.011600593696658038
42.841,0,-4.003961420413161,-3.0023705845095505,1.1992976776590138,0.005772259211851675
42.841,1,-3.9973518454233927,2.997363714926422,1.1951931058964314,0.011702030035111692
42.851,0,-4.003953316455144,-3.002395621494092,1.1992471675277303,0.0056228251456406355
42.851,1,-3.997245497367609,2.9974052526447816,1.195165823883019,0.011762949666801636
42.861,0,-4.003945448161622,-3.0024191720130027,1.1991979289655836,0.005419458577898889
42.861,1,-3.9971390787049517,2.997447076606329,1.195137507459173,0.01178853035174825
42.869,0,-4.003937732667976,-3.0024412739424973,1.1991504819046765,0.005181542663915097
42.869,1,-3.997032734659123,2.9974890451693237,1.1951087391929756,0.011785624685869156
42.882,0,-4.003930075750068,-3.002461986259037,1.1991051700147555,0.004923148055164527
42.882,1,-3.9969265858083984,2.997531028555184,1.195079899717296,0.011761130018271782
42.891,0,-4.003922373488221,-3.002481388158533,1.1990621402190302,0.004672401114658643
42.891,1,-3.996820721556617,2.997572913922003,1.1950513381079815,0.011713022746612631
42.901,0,-4.00391451639162,-3.002499572705847,1.1990212022345568,0.004449789960981576
42.901,1,-3.996715199859804,2.9976146078478014,1.195024005089675,0.01163217965357484
42.911,0,-4.0039063983502,-3.002516629107169,1.1989821536431775,0.0042490665103416415
42.911,1,-3.9966100595817933,2.99765603553865,1.194998827545805,0.011531627816558532
42.921,0,-4.003897925049948,-3.002532626139513,1.1989448474784932,0.004065145258896969
42.921,1,-3.9965053361499474,2.997697138662523,1.1949764202743396,0.011421103150549134
42.932,0,-4.003889019721959,-3.0025476011250407,1.1989091747567708,0.0038939880427632076
42.932,1,-3.9964010730621697,2.9977378732335502,1.1949571807876012,0.011306614856912492
42.941,0,-4.003879626738263,-3.0025615532632024,1.198875052219377,0.0037322387570401607
42.942,1,-3.9962973295944337,2.9977782076660686,1.1949413548726946,0.0111913343898998
42.952,0,-4.003869713720132,-3.002574440989128,1.1988419606168659,0.0036854108960497982
42.952,1,-3.996194185463097,2.9978181210750248,1.1949290572326001,0.01107705095700956
42.962,0,-4.003859271022224,-3.0025861868906696,1.1988078697682574,0.0038352394664847105
42.962,1,-3.996091742524825,2.9978576038181037,1.194920237511159,0.010963490862695458
42.972,0,-4.0038483051424,-3.0025966900885237,1.1987710351563552,0.004124514793304192
42.972,1,-3.9959901235002455,2.9978966623955334,1.1949148083049088,0.01084893535076789
42.981,1,-3.995889469488813,2.9979353240932327,1.1949126793184404,0.010732022110759552
42.982,0,-4.0038368326159395,-3.002605840464464,1.1987302876522556,0.004513311966197962
42.991,0,-4.003824875606907,-3.002613529645312,1.1986848573181814,0.004971901525928763
42.991,1,-3.995789937240562,2.99797363947765,1.1949137587075644,0.01061174099156651
43.0,0,-4.00381245837744,-3.002619657711865,1.1986349257330728,0.0052863426091912455
43.0,1,-3.9956916954481616,2.998011683118907,1.194917294538359,0.010480347337262776
43.011,0,-4.003799605499455,-3.0026241323678007,1.1985840388524847,0.005202927115579389
43.011,1,-3.9955949194923583,2.9980495493581576,1.1949209649408234,0.010328807633676561
43.02,0,-4.0037863478153,-3.002626870957565,1.198535647546582,0.004846960512975783
43.02,1,-3.9954997887694335,2.9980873408993176,1.1949228896499005,0.010162811944542868
43.031,0,-4.003772727769007,-3.002627797437437,1.1984920915339958,0.004314015246678837
43.031,1,-3.99540648269013,2.998125158801698,1.1949217876533829,0.009992381367040785
43.042,0,-4.003758802394103,-3.0026268384328283,1.1984549417795636,0.0036773881564092577
43.042,1,-3.9953151771235724,2.9981630953356713,1.1949167937384766,0.00982716335354676
43.051,0,-4.0037446448565825,-3.0026239205578586,1.1984252397027713,0.003000583667813544
43.051,1,-3.995226041577618,2.99820122904472,1.1949073281755753,0.009675089823834688
43.061,1,-3.995139237325291,2.998239621528913,1.194893171270725,0.009531951541836968
43.062,0,-4.003730344820171,-3.0026189690891685,1.1984035025719784,0.002394318919730404
43.072,0,-4.003716006278561,-3.002611909698578,1.1983892547685995,0.0019800306543102768
43.072,1,-3.995054917578102,2.9982783145022864,1.194875741376789,0.009359616806889076
43.081,0,-4.0037017400091734,-3.002602671482178,1.19838189496928,0.0018051116850728013
43.081,1,-3.9949732160586087,2.998317321053966,1.194856839116863,0.009153643629557453
43.091,0,-4.003687655730724,-3.002591191530721,1.1983809715162463,0.0018843293176851604
43.091,1,-3.9948942344306815,2.9983566160439583,1.1948376923534323,0.008920139703608769
43.101,0,-4.003673856373493,-3.0025774185478897,1.1983861373156814,0.0021607951720791253
43.101,1,-3.9948180358517553,2.998396130690792,1.1948191245422661,0.008666791285082364
43.111,0,-4.00366043403514,-3.00256131524613,1.198397056009447,0.0025433005052163506
43.111,1,-3.9947446422237363,2.9984357503624026,1.1948019296093448,0.008384275446216088
43.122,0,-4.003647466265557,-3.0025428598591466,1.1984129924496247,0.00294319267596202
43.122,1,-3.994674038596382,2.9984753164819256,1.1947883417337617,0.00806058001960314
43.131,0,-4.003635010909871,-3.002522042786082,1.1984332227424281,0.0033346788488800476
43.132,1,-3.994606177274114,2.998514636587372,1.1947805430791532,0.007743935755906232
43.141,0,-4.003623101398631,-3.0024988628622014,1.1984572268413274,0.00371241965526237
43.141,1,-3.9945409865232286,2.998553497322992,1.1947799764973246,0.007480502846036413
43.151,0,-4.003611744069973,-3.0024733249478732,1.198484624359124,0.004077388344998501
43.151,1,-3.9944783796984704,2.9985916750394246,1.1947875659543745,0.007306764702560227
43.161,0,-4.003600917232162,-3.0024454380897017,1.1985151325199754,0.0044315096896582
43.161,1,-3.9944182623059064,2.9986289440865375,1.1948038807717762,0.007247065947963756
43.171,0,-4.003590571578649,-3.0024152139713136,1.1985486121481546,0.004797256428185257
43.171,1,-3.9943605363452566,2.99866508363991,1.194828840667094,0.007253312943363045
43.181,0,-4.003580632086852,-3.0023826645781475,1.1985856637134222,0.0052318651237805896
43.181,1,-3.9943050967836387,2.998699889615614,1.1948583644440696,0.007093733759487718
43.191,0,-4.003571001649596,-3.002347803552885,1.1986270452304382,0.005718624115664172
43.192,1,-3.994251843312136,2.998733187700584,1.1948875211467296,0.006764826705927748
43.201,0,-4.003561565903186,-3.002310647540658,1.1986732421919855,0.006240389998581575
43.201,1,-3.9942006890819965,2.9987648470722865,1.1949129330595745,0.006330061743443636
43.211,0,-4.00355219770645,-3.002271216208272,1.1987245414116476,0.0067837173768352235
43.211,1,-3.994151561534851,2.9987947915351145,1.1949323084837127,0.005863911710082609
43.222,0,-4.003542761098791,-3.0022295321682124,1.1987810910143633,0.007339001516894246
43.222,1,-3.9941044026533303,2.998823005553209,1.1949441125052305,0.005441355978013492
43.231,0,-4.003533114925815,-3.0021856216167713,1.1988426270929768,0.00783002010185941
43.231,1,-3.9940591693994674,2.998849535686779,1.1949476799374188,0.005132947208743234
43.242,0,-4.003523117612274,-3.0021395171585046,1.1989077494798233,0.008199070596433607
43.242,1,-3.994015834631622,2.9988744851787335,1.1949438680771853,0.004941020727187035
43.251,0,-4.0035126337303115,-3.002091258568967,1.1989752068109476,0.008481251446331987
43.251,1,-3.993974383532188,2.9988980031912917,1.1949335837499018,0.004840600324816925
43.262,0,-4.003501539832858,-3.002040895729103,1.1990441182718463,0.00870260274070571
43.262,1,-3.993934812084127,2.998920271042086,1.1949174797579134,0.0048148010983775
43.271,0,-4.003489728494152,-3.0019884909036048,1.199113862506026,0.008880630795808921
43.271,1,-3.993897126132911,2.998941490522714,1.1948960325209717,0.004851193176920767
43.281,0,-4.003477111174397,-3.001934120548323,1.1991836084784004,0.00894702440891528
43.281,1,-3.993861342819354,2.9989618734478927,1.1948710025679175,0.004750084219528645
43.292,0,-4.003463620854962,-3.00187787592043,1.1992513435077594,0.00885715507076572
43.292,1,-3.993827489510971,2.998981630692239,1.1948474252101309,0.00440216113059058
43.302,0,-4.003449212381687,-3.001819855420374,1.1993153915849337,0.008674536802852047
43.302,1,-3.9937955848080384,2.9990009623491627,1.1948293461976927,0.003935003767578546
43.312,0,-4.003433862964208,-3.0017601595798475,1.1993746365923716,0.0084449158427564
43.312,1,-3.993765628112427,2.999020045797585,1.1948194897124982,0.0035195803752563356
43.321,0,-4.00341757215602,-3.0016988879549555,1.1994283490727522,0.008201223137620195
43.321,1,-3.9937375939225794,2.9990390271915333,1.1948196629868681,0.0033530828396400748
43.331,0,-4.0034003611433295,-3.00163613679442,1.1994760672285145,0.007967042059809571
43.331,1,-3.9937114285999344,2.9990580163557072,1.1948310359341456,0.003579309387532882
43.341,0,-4.003382271000515,-3.0015719967259478,1.1995179924964257,0.007823201057419113
43.341,1,-3.9936870479636837,2.999077084234873,1.1948536793235602,0.004056238010573586
43.351,0,-4.003363358268498,-3.001506552439246,1.1995560585734433,0.007802252973976857
43.351,1,-3.993664333956234,2.9990962624341155,1.1948842922860428,0.004420533027977363
43.361,0,-4.0033436892366785,-3.0014398919316165,1.199591997239025,0.007850409113172316
43.361,1,-3.9936431431273105,2.999115546038777,1.1949195808262207,0.004626976706114331
43.371,0,-4.0033233327953415,-3.001372113122563,1.1996270013737471,0.007936212760035494
43.371,1,-3.9936233112237214,2.9991348974420937,1.1949572628777827,0.004701776959136044
43.381,0,-4.003302354769315,-3.0013033275732375,1.1996618888117707,0.00804117324344586
43.381,1,-3.993604655580602,2.999154250023936,1.1949957571444725,0.004677166581787636
43.391,0,-4.0032808138847455,-3.0012336622802858,1.199697371180848,0.008173297919125064
43.391,1,-3.993586977716572,2.999173511861089,1.1950337801716864,0.004537354053738781
43.401,0,-4.003258759352046,-3.001163257935579,1.1997346908109756,0.00835148114471741
43.401,1,-3.993570067986004,2.9991925699515147,1.1950695268049758,0.00425161938437015
43.411,0,-4.003236231525041,-3.0010922623292364,1.199774909987507,0.008562529682014137
43.411,1,-3.993553717181459,2.9992112951221777,1.1951014872727934,0.0038739292146821834
43.421,0,-4.0032132630042385,-3.0010208221898296,1.1998187321135574,0.008798390540761748
43.421,1,-3.993537727184271,2.999229546683311,1.1951286398368461,0.0034492909891453583
43.431,0,-4.003189879507414,-3.0009490768975096,1.1998666113685539,0.00905349452819296
43.432,1,-3.993521918231083,2.9992471763737796,1.1951502999470973,0.003018397266220957
43.441,1,-3.993506133734518,2.9992640317082833,1.1951660178437393,0.002624563533004135
43.441,0,-4.0031661006971975,-3.000877154039321,1.1999188264161285,0.009323594712649595
43.451,0,-4.003141941278199,-3.000805166454748,1.1999748054441113,0.009498173701137147
43.451,1,-3.9934902426879773,2.9992799571304336,1.1951771933800361,0.002468180750962586
43.461,0,-4.003117412245666,-3.000733209609777,1.2000321564778786,0.0095243798296428
43.461,1,-3.9934741369513715,2.999294793182642,1.195189379564922,0.002580062822407025
43.471,1,-3.993457724103533,2.9993083828238145,1.1952070937044774,0.0029850805536514764
43.472,0,-4.003092520925509,-3.0006613585366937,1.200088906318522,0.009445994584979168
43.481,0,-4.003067271739666,-3.0005896662268836,1.2001436878668121,0.0092987563400105
43.481,1,-3.993440920413345,2.999320573907966,1.1952333688832293,0.0036988307508265643
43.491,0,-4.003041666943937,-3.0005181631787132,1.2001955567725286,0.009110052545649887
43.491,1,-3.9934236454820073,2.999331220379879,1.1952702037271354,0.00465679726435614
43.501,0,-4.003015707054045,-3.0004468579101053,1.2002441245101498,0.008941089224016978
43.501,1,-3.9934058185790167,2.9993401834006166,1.1953187816781816,0.0057502231347443785
43.511,0,-4.002989389315998,-3.0003757401450173,1.2002904247637505,0.008848317919645118
43.511,1,-3.9933873603302037,2.9993473338963907,1.195379303477685,0.0068778304466236275
43.521,0,-4.002962702913854,-3.0003047893256864,1.2003355507183129,0.008806454767541329
43.521,1,-3.9933682049456527,2.999352556196075,1.195451651773781,0.008014922615481498
43.531,0,-4.002935623682806,-3.0002339837533727,1.2003802397821275,0.008798738100688269
43.532,1,-3.9933483135013996,2.9993557520487557,1.195535660040592,0.009149323986683524
43.541,0,-4.00290811067372,-3.0001633072975906,1.2004249819823232,0.008814215290088629
43.541,1,-3.9933276826682804,2.999356843422104,1.1956311349557913,0.010273487054389484
43.551,0,-4.002880104405657,-3.000092753924482,1.2004700974042404,0.008845533571717874
43.551,1,-3.993306349631367,2.999355774032411,1.195737858066514,0.0113810149381104
43.562,0,-4.00285152697005,-3.0000223305109053,1.2005150464733816,0.008786907173478223
43.562,1,-3.9932843939823264,2.999352509987923,1.1958554925725091,0.012442773050020206
43.571,0,-4.002822287219268,-2.9999520585141095,1.200556720567774,0.008572984188496427
43.571,1,-3.993261935237364,2.999347038370137,1.1959833705540033,0.013438200235683052
43.581,0,-4.002792290272269,-2.999881975523613,1.2005924119876439,0.008289225324810781
43.581,1,-3.9932391240641616,2.999339360757123,1.196120879144001,0.014379623941515486
43.591,0,-4.002761447873634,-2.999812135937096,1.2006203053287676,0.008007573307983785
43.591,1,-3.99321613306236,2.9993294873550997,1.1962675250597123,0.015277143160091834
43.602,0,-4.002729686004244,-2.999742610748841,1.2006392034047066,0.007784926889483549
43.602,1,-3.993193149140025,2.9993174327543355,1.1964228998289297,0.016136725953781066
43.611,0,-4.002696949684101,-2.9996734867981414,1.2006484854831345,0.007666208092956304
43.611,1,-3.9931703672200487,2.9993032136938247,1.1965862810878893,0.016856013384105806
43.621,0,-4.002663202933211,-2.9996048663932884,1.2006492316967246,0.007648739743371057
43.621,1,-3.993147986577746,2.9992868508824273,1.1967552514245605,0.01730762722049912
43.628,0,-4.0026284229856675,-2.999536866752271,1.200643013877101,0.007684205876549288
43.628,1,-3.9931262143842448,2.9992683670417146,1.1969275448408332,0.017569084338912078
43.638,0,-4.0025925912039435,-2.9994696192098282,1.2006309630124625,0.007744645652106895
43.638,1,-3.9931052704547287,2.999247788498564,1.197101566300276,0.017696105453497875
43.652,0,-4.0025556853699085,-2.999403268165521,1.2006138944211235,0.007815598483578549
43.652,1,-3.9930853896290577,2.999225147438805,1.1972761894205743,0.017728483817917313
43.662,0,-4.002517674430753,-2.9993379695795466,1.2005923958712788,0.007890315548347099
43.662,1,-3.99306682237398,2.999200483246225,1.1974506182985536,0.0176938845609676
43.671,0,-4.002478515160763,-2.999273889334188,1.200566912802945,0.007963882476155221
43.671,1,-3.993049834367621,2.999173842726813,1.1976245119292679,0.017671016218328613
43.681,0,-4.0024381522248165,-2.99921120243622,1.200537897865883,0.008030608916677801
43.681,1,-3.993034701171533,2.9991452791367976,1.1977984583887877,0.017718886390213098
43.692,0,-4.002396526374287,-2.999150094390553,1.2005057249906805,0.00809066693859061
43.692,1,-3.993021689905318,2.9991148535912044,1.1979730281186447,0.017813928548525135
43.701,0,-4.0023535844350535,-2.999090762913364,1.2004706607011841,0.008144650097933415
43.701,1,-3.9930110423502874,2.9990826346243042,1.1981485898531214,0.01794015861950923
43.711,0,-4.002309286432831,-2.9990334184003307,1.2004328976545116,0.008193235391844578
43.711,1,-3.9930029635540274,2.9990486971585715,1.1983253729421173,0.01808672782699258
43.722,0,-4.0022636102716875,-2.998978283289842,1.2003925760141898,0.008237134569807295
43.722,1,-3.992997614627824,2.999013121475813,1.1985035093821452,0.018246007376327093
43.731,0,-4.002216553993339,-2.9989255916551687,1.2003502060656193,0.008220228605249019
43.731,1,-3.9929951091975595,2.9989759920088597,1.1986831298603728,0.01842977083396401
43.741,0,-4.002168137742129,-2.9988755874446604,1.2003076415230032,0.008095333974087987
43.741,1,-3.992995516069932,2.9989373939801087,1.1988645374427966,0.01864715405683321
43.751,0,-4.002118412441308,-2.998828510347083,1.200266478250963,0.007894800302649715
43.751,1,-3.992998869751903,2.998897406411083,1.1990479723909317,0.01888677785387585
43.761,1,-3.993005182275015,2.9988560952419276,1.1992335796142006,0.019140824524987856
43.761,0,-4.002067465256634,-2.9987845848096226,1.20022779445817,0.0076450530059483475
43.771,0,-4.002015421641871,-2.998744013108101,1.200192311075236,0.007366180370590648
43.771,1,-3.9930144524046884,2.9988135087219825,1.1994214397757315,0.019404307172471526
43.781,0,-4.001962445884168,-2.998706968175309,1.20015978078802,0.007156785078038592
43.781,1,-3.993026671316341,2.998769675254009,1.1996112184036292,0.019567834661544263
43.791,0,-4.001908737158336,-2.998673584724508,1.2001273651575535,0.007083839375218614
43.791,1,-3.993041823523535,2.9987246066957787,1.1998008180024993,0.019502090531092055
43.801,0,-4.001854513293789,-2.9986439690922184,1.2000925396036937,0.007116958479028142
43.801,1,-3.993059896328075,2.9986783056634194,1.1999882430778754,0.019280633304815883
43.811,0,-4.001799997682113,-2.998618202198374,1.2000535944938828,0.007245967115818114
43.811,1,-3.993080884075255,2.9986307755432353,1.2001721352740118,0.01895733751027455
43.822,0,-4.001745410060641,-2.99859634016284,1.2000093841237813,0.007464943282531676
43.822,1,-3.9931047891525626,2.998582028385488,1.2003515794872703,0.01856959802167771
43.832,0,-4.001690959734747,-2.998578415409871,1.1999591542980865,0.0077663559774475074
43.832,1,-3.9931316223397415,2.9985320901219485,1.2005259680108853,0.018143608432678014
43.841,0,-4.00163684085608,-2.998564439306546,1.1999027160666378,0.00806969256176546
43.841,1,-3.993161403262972,2.998481003440204,1.2006951280854143,0.017766006655856474
43.851,0,-4.001583229504406,-2.9985544092820393,1.1998420122674982,0.008215764628858287
43.851,1,-3.993194160635654,2.9984288283128175,1.2008604975461046,0.017574506974914833
43.861,0,-4.001530279031707,-2.998548298226122,1.1997792207813405,0.008239694888768492
43.861,1,-3.9932299142699863,2.9983756455720196,1.2010236937527397,0.01751522997885867
43.871,0,-4.001478115830522,-2.9985460474681567,1.1997158407514326,0.008179971210299153
43.871,1,-3.9932686576255207,2.998321558575473,1.201185826169324,0.017544525435966095
43.881,0,-4.00142683724596,-2.9985475662031305,1.1996528939167224,0.008066786561864553
43.881,1,-3.993310348005066,2.998266692648061,1.2013476505137513,0.01763161816603512
43.892,0,-4.001376511123578,-2.9985527325931276,1.1995912194486507,0.007891783444873735
43.892,1,-3.9933548996404546,2.9982111937968425,1.2015091856947187,0.017645411350398047
43.901,0,-4.001327180024925,-2.9985613955205896,1.199531925461956,0.0076490463809613125
43.901,1,-3.9934021802019126,2.9981552234461977,1.2016691064655445,0.017530337313243792
43.911,0,-4.00127887253884,-2.998573371833981,1.1994758735561069,0.007368286478477441
43.911,1,-3.9934520169886962,2.998098946052478,1.2018263024318827,0.017327750370149126
43.921,0,-4.001231614918623,-2.9985884461338546,1.1994236310198316,0.007069962245588525
43.921,1,-3.993504200145968,2.9980425190317503,1.201980034227619,0.017065764860609917
43.931,0,-4.00118543949949,-2.998606372451582,1.1993755614959447,0.0067671869540404115
43.931,1,-3.9935584857924216,2.9979860857849783,1.2021298194822947,0.01676330286523648
43.942,0,-4.001140390348656,-2.998626876832096,1.1993318870208676,0.006468054205267607
43.942,1,-3.9936145999037196,2.99792977097007,1.202275354726011,0.016433131134065176
43.951,0,-4.001096526316276,-2.9986496601608077,1.199292507944642,0.006212364824237449
43.951,1,-3.993672243437123,2.997873677678677,1.2024168806452304,0.016180230222951043
43.961,0,-4.001053918498868,-2.9986744038030255,1.1992565113011213,0.0060200085984614795
43.961,1,-3.9937311021368798,2.9978178863698153,1.2025561327475167,0.016079381298031794
43.971000000000004,0,-4.001012640920132,-2.9987007842172395,1.1992230700282611,0.00586351011451909
43.971000000000004,1,-3.9937908608788164,2.997762454464934,1.2026946506845895,0.0160779850486793
43.981,0,-4.000972760228514,-2.9987284849531033,1.1991916015081112,0.005725507241400626
43.981,1,-3.993851220059154,2.997707416832062,1.2028334882395424,0.016141143177843712
43.991,0,-4.000934328254937,-2.998757205057526,1.1991616930401003,0.005596057143679798
43.991,1,-3.9939119078403063,2.997652786910834,1.2029733605779478,0.016246326321666248
44.001,0,-4.000897377619881,-2.9987866649930504,1.1991332556412018,0.005443451826988175
44.001,1,-3.993972688093928,2.997598558102881,1.2031141725947463,0.016257483917078687
44.011,0,-4.0008619216936125,-2.9988166078974907,1.1991067865293314,0.005256464442447574
44.011,1,-3.9940333639698147,2.9975447063367313,1.2032542894892415,0.01611792505962829
44.022,0,-4.000827958190479,-2.998846794407178,1.1990827046959636,0.005047616791699878
44.022,1,-3.9940937767138656,2.9974911950425587,1.2033923576049512,0.015877776249835735
44.031,0,-4.000795474013383,-2.9988769977941607,1.1990612813164665,0.004825553957520572
44.031,1,-3.9941538024351635,2.997437979195144,1.2035274779467948,0.015572105893816664
44.042,0,-4.000764449162971,-2.9989070005484377,1.199042685952103,0.004596459661894539
44.042,1,-3.9942133489091542,2.9973850083960554,1.203659064454295,0.015225560359238053
44.051,0,-4.000734859675598,-2.9989365920468116,1.1990270143986108,0.004364709243583204
44.051,1,-3.99427235257473,2.9973322292634266,1.2037867488771306,0.014855827418567552
44.061,0,-4.000706679265686,-2.9989655674002673,1.1990138991401713,0.0041650320730821765
44.061,1,-3.9943307758232742,2.9972795872543334,1.203909845487316,0.014370355188811601
44.071,0,-4.0006798791084766,-2.9989937288606185,1.1990015550022834,0.004014039371370847
44.071,1,-3.9943886042017755,2.9972270274398434,1.2040261903484888,0.013704916769151424
44.081,0,-4.0006544296533235,-2.999020888442542,1.1989884230776438,0.0038976343903906994
44.081,1,-3.994445841129112,2.9971744936623996,1.2041339726862805,0.012934376748662883
44.091,1,-3.9945025037618573,2.9971219272615652,1.2042320157840398,0.012114895534914419
44.091,0,-4.000630300199089,-2.999046871016409,1.1989734433413028,0.003817059434113996
44.102,0,-4.00060745818213,-2.99907151663139,1.1989558998259668,0.0037781012389322506
44.102,1,-3.9945586198708014,2.997069266305963,1.2043195910010447,0.011289758823857696
44.111,0,-4.000585868824068,-2.999094681939967,1.1989353268887164,0.003783351310689103
44.111,1,-3.9946142251872345,2.997016445292323,1.204396289692606,0.010496364160516391
44.121,0,-4.000565496291793,-2.9991162390619226,1.1989115442784835,0.0038249825754433655
44.121,1,-3.9946693614429285,2.996963394588478,1.2044620583384098,0.009773825117831116
44.131,1,-3.994724076161529,2.996910037937097,1.2045170257774098,0.009139984247635796
44.132,0,-4.000546309500884,-2.999136067182857,1.1988845176739344,0.003900442745462652
44.141,0,-4.000528289370419,-2.9991540418082727,1.1988542480092048,0.004006269512699051
44.141,1,-3.9947784230635395,2.996856289559783,1.2045613539398654,0.008611487497697997
44.152,0,-4.00051143385759,-2.9991700271746424,1.1988207606786523,0.004138539180389205
44.152,1,-3.9948324620441533,2.9968020524720496,1.2045952333368741,0.008204179082162406
44.161,0,-4.000495760881345,-2.9991838716417614,1.1987840987501055,0.004293489147183717
44.161,1,-3.9948862587972793,2.9967472179116497,1.2046188735471821,0.00793043168369075
44.171,0,-4.000481309601048,-2.9991954053772814,1.1987443404022207,0.004460094529857955
44.171,1,-3.994939884168763,2.9966916654829063,1.2046326278756767,0.007803640560828397
44.181,0,-4.000468139334811,-2.9992044408649403,1.1987018087805505,0.004611326315294751
44.181,1,-3.9949934124427324,2.996635263249725,1.2046381850614118,0.007808946273861691
44.191,0,-4.000456321222164,-2.9992107824221836,1.1986568721176485,0.004755235996439153
44.191,1,-3.9950469159525843,2.9965778720769594,1.204637509789884,0.007888221099315924
44.201,0,-4.000445927554945,-2.9992142385960596,1.1986097913020375,0.004901016348192529
44.201,1,-3.995100458271927,2.9965193511317985,1.20463200892245,0.008008535217517598
44.209,0,-4.00043702383803,-2.999214631334617,1.1985607522459998,0.0050562060611577106
44.209,1,-3.995154089236378,2.9964595617556653,1.2046226857813362,0.008152790143737055
44.219,0,-4.00042966321188,-2.9992118025032664,1.1985098866838424,0.005226382827374405
44.219,1,-3.995207841831361,2.996398370422426,1.2046102559771938,0.008312152853568549
44.231,0,-4.000423883267968,-2.999205617315557,1.198457535862079,0.005343638391787842
44.231,1,-3.9952617304833664,2.9963356515959276,1.2045948763566219,0.008499980623764173
44.241,1,-3.9953157522576737,2.996271292985096,1.2045753635906622,0.00873901419598385
44.241,0,-4.0004197073073815,-2.9991959634326713,1.1984051707020544,0.0053254335566610056
44.252,0,-4.000417148091362,-2.9991827557457644,1.1983541631218564,0.005228450756909639
44.252,1,-3.9953698933458743,2.99620520076809,1.2045506540551696,0.009030402920518578
44.26,0,-4.000416213996299,-2.999165937289864,1.1983054372458388,0.005096341102409472
44.26,1,-3.995424135493457,2.996137305718653,1.204520066268067,0.009371445043559048
44.271,1,-3.99547846065409,2.996067567405431,1.2044831835725915,0.009756505086231729
44.272,0,-4.000416914184984,-2.999145477779738,1.1982596069578724,0.004961770095277107
44.282,0,-4.000419262240775,-2.999121371236805,1.1982172055211218,0.004821264585397212
44.282,1,-3.995532854308631,2.995995974833496,1.2044404894628034,0.010092315684136138
44.291,1,-3.99558730582194,2.9959225413279857,1.2043950097510574,0.010289437689259147
44.292,0,-4.000423275326774,-2.999093633507994,1.1981789396991123,0.004688607868523687
44.302,0,-4.00042896588842,-2.999062302398274,1.1981453222149707,0.004597351220947833
44.302,1,-3.9956418032782595,2.995847302422308,1.2043494221339046,0.010384534931197868
44.311,0,-4.000436334387512,-2.9990274362777716,1.1981166712400464,0.004569641371485807
44.311,1,-3.995696328368563,2.9957703084324763,1.2043055622084682,0.010413326099539093
44.321,0,-4.000445364624778,-2.9989891122273886,1.1980931696912855,0.004616607839069013
44.321,1,-3.9957508530545365,2.995691617364766,1.204264681296016,0.010404097626578353
44.331,0,-4.000456021008564,-2.998947424082213,1.1980749038273273,0.004739216647055576
44.331,1,-3.9958053376301335,2.9956112895621243,1.2042276260358233,0.01037768855680452
44.341,0,-4.000468246596949,-2.998902482019168,1.1980613957871291,0.004963403329377683
44.341,1,-3.9958597299005683,2.9955293843067605,1.2041946531591972,0.010375583284643223
44.351,0,-4.000481960459279,-2.9988544174042437,1.1980497965163794,0.005276014751642916
44.351,1,-3.995913965444158,2.995445960815481,1.20416438250358,0.010427258741414902
44.361,0,-4.0004970630555245,-2.998803376287877,1.1980374110223064,0.005623740854136781
44.361,1,-3.9959679687363208,2.9953610807692463,1.2041354042164107,0.01050674978636843
44.371,0,-4.0005134390890005,-2.9987495194353744,1.1980224192605444,0.005994283411321411
44.371,1,-3.996021654590855,2.9952748135794716,1.204106761193044,0.010598951369273248
44.381,0,-4.000530958988054,-2.9986930242141425,1.1980036063151758,0.006385054633785196
44.382,1,-3.996074929674634,2.995187240516096,1.20407780838914,0.010694670320860323
44.391,0,-4.0005494810034055,-2.998634084066268,1.1979805435114466,0.006753555312567107
44.391,1,-3.996127694087558,2.9950984569554184,1.2040480758587513,0.010790871411971343
44.401,0,-4.000568851824117,-2.998572904985926,1.1979548133274642,0.007032312635685806
44.401,1,-3.9961798434694136,2.9950085718948616,1.2040171062361475,0.010886156377627168
44.411,0,-4.000588897710215,-2.9985097098669597,1.1979280695751529,0.007233931309315249
44.411,1,-3.996231271954559,2.994917703239931,1.2039845708088839,0.010976929217901258
44.421,0,-4.000609417333791,-2.9984447383253885,1.1979014473448153,0.0073733397638954135
44.421,1,-3.996281874953321,2.9948259728781776,1.2039502645980944,0.011060996949111696
44.431,0,-4.000630178652987,-2.9983782440413886,1.1978757207544388,0.00746227032420261
44.431,1,-3.9963315512858517,2.994733502838061,1.2039140698937674,0.011137128023760975
44.441,0,-4.000650918301353,-2.998310491932045,1.1978514126376651,0.007508802093906832
44.441,1,-3.996380204774452,2.9946404123041632,1.2038759259109415,0.011204973864932055
44.451,0,-4.000671342667439,-2.998241755368653,1.1978288975569882,0.0075157902957189255
44.451,1,-3.9964277451537384,2.994546815293,1.203836022968942,0.011241951490574243
44.462,0,-4.0006911320665814,-2.998172314018181,1.197808594925008,0.007483463736381646
44.462,1,-3.9964740886115067,2.9944528200318783,1.2037955766078003,0.011218451936343642
44.471,0,-4.000709952741721,-2.998102453826449,1.1977908491490288,0.007418057614340389
44.471,1,-3.996519162010942,2.9943585332984846,1.2037557506768792,0.01114984266453354
44.482,0,-4.000727470573341,-2.998032467129843,1.1977758826017515,0.007324412604191373
44.482,1,-3.996562906224026,2.9942640646059724,1.2037173466858315,0.0110486236225599
44.491,0,-4.000743361526451,-2.997962651943492,1.1977638319709694,0.007206444524078563
44.491,1,-3.996605277776504,2.9941695287031873,1.2036809160244673,0.01092421495652725
44.501,0,-4.0007573191496375,-2.9978933105532453,1.197754846133265,0.0070655679963180775
44.501,1,-3.996646249848795,2.9940750468842916,1.2036465927652555,0.010805167383179198
44.512,0,-4.000769060205733,-2.997824744720307,1.1977492752649401,0.006907579008327604
44.512,1,-3.996685812627508,2.993980745847471,1.203613259154296,0.01071958273433606
44.521,0,-4.000778330793897,-2.9977572440076523,1.1977473958077964,0.006743096975070216
44.521,1,-3.996723967925141,2.9938867521011354,1.203579790820494,0.01065393408561509
44.531,1,-3.9967607245300223,2.9937931861088254,1.2035454277299367,0.010600869219832358
44.532,0,-4.000784910552253,-2.9976910746206586,1.197749370161421,0.006582190516260474
44.542,0,-4.000788614777273,-2.997626471743303,1.1977552810359358,0.006434366704687311
44.542,1,-3.9967960951310317,2.9937001580876057,1.2035096620119372,0.01055649819861836
44.552,0,-4.000789295012977,-2.9975636347277033,1.1977651608166915,0.006308584147174274
44.552,1,-3.996830093956069,2.993607765169943,1.2034721597336013,0.010518871030311468
44.561,0,-4.00078684095653,-2.9975027231891898,1.1977783028736275,0.006164448472743382
44.561,1,-3.99686273457454,2.9935160899070676,1.2034330584414805,0.01044764637679651
44.571,0,-4.0007811891926615,-2.9974438557996153,1.1977906898681905,0.005935287214079465
44.571,1,-3.9968940280231458,2.9934252015504663,1.2033942271630091,0.010290701327501633
44.582,0,-4.000772314820427,-2.99738713553163,1.1977985295403804,0.005689126334659578
44.582,1,-3.9969239882758747,2.9933351591003974,1.2033574816475534,0.010076328493894946
44.591,0,-4.000760230268567,-2.9973326718425315,1.197799260249572,0.0055179421429922965
44.591,1,-3.9969526363711054,2.9932460155349228,1.2033240601011297,0.00982964060628292
44.601,0,-4.000744986652427,-2.9972805938551885,1.1977911756974329,0.005502756916496359
44.601,1,-3.996980002374786,2.9931578212336976,1.203294801303805,0.009570308365077834
44.612,0,-4.000726672467708,-2.9972310591294913,1.197773433220464,0.00565604489518995
44.612,1,-3.99700612659226,2.993070626163884,1.203270108639976,0.009324371148560566
44.621,0,-4.000705407087702,-2.9971842587254067,1.1977474093271152,0.005859007216875766
44.621,1,-3.9970310609332453,2.9929844811261415,1.2032494514861922,0.009108015462789242
44.631,0,-4.000681342767016,-2.9971403988172036,1.197714846079114,0.0060639987310671115
44.631,1,-3.997054869013311,2.992899440533796,1.2032322160114388,0.008910273976377791
44.641,0,-4.000654662548932,-2.997099680130652,1.1976769559584075,0.006257073454424092
44.641,1,-3.997077626620008,2.99281556425343,1.2032179733776664,0.008724097944767669
44.651,0,-4.000625574972325,-2.997062284799979,1.1976345924240386,0.006437935789593199
44.651,1,-3.9970994218040103,2.9927329183298204,1.2032064217902412,0.008544975342337228
44.661,0,-4.000594309122109,-2.9970283671468527,1.197588353501015,0.0066101140054033855
44.661,1,-3.997120354331526,2.992651575083747,1.2031973468351058,0.00836996483850981
44.671,0,-4.000561109906162,-2.9969980480812772,1.197538742304278,0.006755869181336494
44.671,1,-3.9971405346416455,2.9925716126926307,1.2031905835703252,0.008197334611948787
44.681,0,-4.000526232048515,-2.9969714146223745,1.197486887714931,0.006813767193176919
44.681,1,-3.997160081886393,2.992493113733899,1.2031859722948723,0.008025791308080277
44.691,0,-4.0004899339284385,-2.9969485182568008,1.1974339769609303,0.006805653401099248
44.691,1,-3.997179120462582,2.992416162193733,1.203183398161221,0.00785443963308206
44.701,0,-4.000452470133482,-2.99692937575556,1.1973808169438165,0.006754442440902043
44.701,1,-3.9971977766340254,2.9923408404358773,1.2031827891703237,0.007683157002772183
44.711,0,-4.00041408485565,-2.996913972480997,1.197327946309777,0.006677229535748981
44.712,1,-3.9972161757996156,2.992267226830252,1.2031841021635905,0.007512375672989766
44.722,0,-4.000375007197323,-2.996902265738408,1.197275717288326,0.006586539122137882
44.722,1,-3.997234440336897,2.9921953939820036,1.203187313084034,0.00734292180979236
44.731,0,-4.000335447805607,-2.9968941899378487,1.1972248415367908,0.0063897325154451436
44.732,1,-3.997252688001486,2.9921254069942873,1.2031921189693127,0.007170020799567011
44.741,0,-4.000295596519265,-2.9968896660122564,1.1971775855660876,0.006025285413003796
44.741,1,-3.9972710321954845,2.9920573228528604,1.203197244753039,0.006986434588824817
44.751,1,-3.9972895859716675,2.9919911966477084,1.2032015975480075,0.006795629897640705
44.752,0,-4.000255621787882,-2.9968886036549027,1.1971358629657536,0.005574153120092666
44.762,0,-4.000215669502193,-2.996890909165733,1.1971009339475016,0.005105177884009125
44.762,1,-3.9973084661221217,2.9919270860614087,1.203204453606905,0.006603003318970268
44.771,0,-4.000175862500497,-2.996896492678147,1.1970736044569847,0.004680316096336512
44.771,1,-3.9973277956476134,2.991865053797824,1.203205344568383,0.006413605144947367
44.781,0,-4.000136301036001,-2.99690527339706,1.1970544620698802,0.004348656695688692
44.781,1,-3.997347704916339,2.9918051688947878,1.203203972536172,0.0062316309608320495
44.791,0,-4.000097067206723,-2.9969171819062734,1.1970441992537988,0.004171598574164452
44.792,1,-3.997368331346727,2.9917475094036594,1.2032001362375144,0.006060240829361874
44.801,0,-4.000058236558614,-2.9969321559324964,1.1970432969153435,0.004207691252039627
44.801,1,-3.997389816639202,2.991692171752824,1.2031937154392278,0.005900930906528321
44.811,0,-4.000019889313509,-2.996950136475833,1.1970520148949022,0.0044681436459123565
44.811,1,-3.997412303216805,2.991639280592048,1.2031846529520995,0.0057541577238411365
44.821,0,-3.9999821181242052,-2.9969710651995656,1.197070465703047,0.0049203009244557635
44.821,1,-3.997435931256835,2.9915889946093612,1.2031729349311568,0.00561992496821399
44.83,0,-3.999945032957065,-2.9969948825284893,1.1970986430433574,0.005512126250390231
44.83,1,-3.9974608363385036,2.991541508927563,1.203158576558968,0.005498658150804502
44.841,0,-3.9999087633370136,-2.9970215254566877,1.197136135789174,0.006130888397756943
44.841,1,-3.997487147512237,2.9914970545937183,1.2031415411713209,0.005397885863446546
44.852,0,-3.9998734551627417,-2.9970509216371206,1.1971809627302255,0.006640756051270095
44.852,1,-3.9975149857833467,2.9914558919151304,1.203121570055666,0.005329401011538748
44.862,0,-3.9998392615332694,-2.9970829872085356,1.1972312214004917,0.007050287062787155
44.862,1,-3.997544463908224,2.991418295549334,1.2030984564948142,0.005299088909616583
44.871,0,-3.9998063319953845,-2.997117621341745,1.197285566530723,0.007380073228390534
44.871,1,-3.997575686178047,2.9913845389418174,1.2030720874869367,0.005313167977044111
44.881,0,-3.999774804279779,-2.997154701590873,1.1973430413872521,0.0076480387666027294
44.881,1,-3.997608748200335,2.991354882457795,1.2030424132244544,0.005376922119260266
44.892,0,-3.9997447988706822,-2.9971940819237988,1.1974030600010166,0.007889828745215162
44.892,1,-3.997643737676055,2.9913295667517072,1.203009841739115,0.005425743183735354
44.901,0,-3.9997164180941533,-2.997235595767462,1.1974655710392268,0.008131941460833115
44.901,1,-3.9976807376152417,2.9913088115763515,1.2029761993592725,0.0054006331983815666
44.911,0,-3.999689750394271,-2.9972790649819028,1.1975305875125588,0.008370188856704002
44.911,1,-3.997719826545911,2.9912928047497376,1.202943082561657,0.005342147611594842
44.922,0,-3.99966487582964,-2.9973243100346396,1.1975980809467706,0.008601556195210634
44.922,1,-3.9977610811769275,2.991281698385369,1.2029115854628962,0.005287744388198165
44.931,1,-3.997804578806136,2.991275608548309,1.2028824551638657,0.005268886756025022
44.931,0,-3.9996418701653056,-2.9973711577014606,1.1976679910195747,0.008823951561917924
44.941,0,-3.9996208076763837,-2.997419446509565,1.1977402368154346,0.00903662109772986
44.941,1,-3.9978503987540983,2.991274615853225,1.2028561963640247,0.005308719453266108
44.951,0,-3.9996017624625826,-2.997469030158167,1.1978145760957701,0.009206876829135598
44.951,1,-3.997898622468614,2.991278766074921,1.202832980010401,0.0054373933772696266
44.962,0,-3.999584804174484,-2.997519778672469,1.1978902518751735,0.009310307591635624
44.962,1,-3.997949329565183,2.9912880739990184,1.2028124626604746,0.00565652038004711
44.971000000000004,0,-3.999569986129974,-2.997571578361021,1.197966599024418,0.009366771903547386
44.971000000000004,1,-3.9980025899445395,2.991302536424958,1.2027943282067022,0.005947438597646398
44.981,0,-3.9995573329514924,-2.997624330281512,1.1980431450123847,0.009390831439253027
44.981,1,-3.998058455693628,2.991322141852688,1.2027783536816197,0.006293950279048131
44.991,0,-3.999546832368534,-2.9976779486285463,1.1981195511219904,0.009392674781631251
44.991,1,-3.998116955596783,2.991346877050054,1.2027643805278243,0.00668255828531454
45.001,0,-3.999538430303162,-2.9977323592771485,1.1981954659120824,0.009359002829735725
45.001,1,-3.998178091037174,2.99137672961724,1.2027519571953875,0.007115403436397535
45.011,0,-3.999532026172707,-2.997787499797995,1.1982703550792666,0.009287461286670358
45.011,1,-3.9982418337562295,2.9914116849808576,1.2027398568528762,0.007582909908992314
45.021,0,-3.9995274668551737,-2.997843322238993,1.1983437949323372,0.009191349543902827
45.021,1,-3.9983081297504786,2.991451724629772,1.2027271024955262,0.008070179818745577
45.031,0,-3.999524542273014,-2.9978997952993285,1.1984154829898084,0.009079625072892138
45.031,1,-3.9983769012527013,2.991496819631837,1.2027130424095043,0.008568326218405824
45.041,0,-3.9995229843985034,-2.9979569052895667,1.1984851977286513,0.008958566058777304
45.041,1,-3.998448048512196,2.9915469255659426,1.20269724963006,0.009070815297694946
