t,i,x,y,z,speed
0.0,0,-4.0,-3.0,0.09999019,0.009810000000000001
0.0,1,-4.0,3.0,0.09999019,0.009810000000000001
0.011000000000000001,0,-4.0,-3.0,0.09935275577144828,0.10785606118326317
0.011000000000000001,1,-4.0,3.0,0.09935275577144828,0.10785606118326317
0.021,0,-4.0,-3.0,0.0977354000226568,0.20580412041430712
0.021,1,-4.0,3.0,0.0977354000226568,0.20580412041430712
0.031000000000000003,0,-4.0,-3.0,0.09513910223429867,0.30365427565099495
0.031000000000000003,1,-4.0,3.0,0.09513910223429867,0.30365427565099495
0.041,1,-4.0,3.0,0.09156484090800698,0.401406624753276
0.041,0,-4.0,-3.0,0.09156484090800698,0.401406624753276
0.051000000000000004,0,-4.000000000000249,-2.99999999999976,0.08702523098003638,0.4952154561942995
0.051000000000000004,1,-4.000000000000459,2.999999999999802,0.08702516388249262,0.4952376298822212
0.061000000000000006,0,-4.000000000042947,-2.9999999999586846,0.08163812610682325,0.570962094472034
0.061000000000000006,1,-4.000000000079156,2.9999999999658105,0.08163747064230067,0.5710691649692684
0.07100000000000001,0,-4.000000000116396,-2.999999999888392,0.07989415473579224,0.0009997519216067628
0.07100000000000001,1,-4.000000000214372,2.9999999999074327,0.07989304753758601,0.0009997503224715187
0.081,0,-3.9999999946845253,-3.0000000048206896,0.07990408667743693,0.0009686753128737167
0.081,1,-3.9999999935506914,3.000000001815356,0.07990301036115456,0.0009795486434761573
0.09100000000000001,0,-3.999999977997468,-3.0000000203428754,0.07991325672223913,0.0008761250061848328
0.09100000000000001,1,-3.99999996242037,3.000000015280587,0.0799122832990075,0.0008859582888060005
0.101,1,-3.999999934266638,3.0000000274583942,0.07992067018630233,0.0008012971328464529
0.101,0,-3.9999999629060343,-3.0000000343810145,0.07992155055810002,0.0007924043701345996
0.111,0,-3.9999999654741845,-3.000000070898228,0.0799365252051412,0.0028433751909598026
0.111,1,-3.9999999066050496,3.000000039548795,0.07993402387528933,0.0024429981650529492
0.12100000000000001,0,-3.9999999785953477,-3.0000001170842356,0.07999275868985435,0.007709389527238729
0.12100000000000001,1,-3.9999998854929255,3.000000052542141,0.07998361112456484,0.00686812369507734
0.131,1,-3.999999867751698,3.000000076698247,0.0800726145938278,0.010456851568268116
0.132,0,-4.000000007618212,-3.0000001907448515,0.08009151990626807,0.011515369528839803
0.14100000000000001,0,-4.000000073247691,-3.000000327391991,0.08022395236202844,0.014562419352710071
0.14100000000000001,1,-3.9999998424035907,3.000000118753078,0.08019399280230906,0.013436970686925481
0.15100000000000002,0,-4.000000206069675,-3.0000005722435943,0.08038409441260014,0.01715552474595035
0.15100000000000002,1,-3.9999997792616293,3.000000174361047,0.08034300530394886,0.016065306979500062
0.161,0,-4.000000446376237,-3.0000009773957537,0.08056859943998088,0.01947448268561765
0.161,1,-3.999999623477067,3.0000002223935964,0.08051713938870014,0.018489339555835985
0.171,0,-4.000000843669958,-3.0000015995779483,0.08077529889788539,0.021633583979301332
0.171,1,-3.999999292821592,3.0000002216943433,0.08071508160277831,0.020870466757095623
0.18100000000000002,1,-3.999998679309794,3.0000001123575832,0.08093739747181072,0.0233687117136401
0.18100000000000002,0,-4.000001458013938,-3.0000025002569832,0.08100340538884529,0.023781766504437522
0.191,0,-4.000002364347019,-3.0000037487328775,0.08125316471702144,0.025955312149577664
0.191,1,-3.999997656985585,2.9999998231382796,0.08118537480933688,0.025978780770793693
0.201,0,-4.000003655637923,-3.000005424494478,0.08152463772481451,0.028121048296489207
0.201,1,-3.9999960902691165,2.999999279077967,0.08145974562544502,0.028634430471054285
0.21100000000000002,1,-3.999993840079616,2.9999984070017534,0.08176105247965927,0.03137588608710748
0.21200000000000002,0,-4.00000544455506,-3.0000076186859195,0.08181795229520133,0.030339759487204913
0.221,0,-4.000007864044643,-3.0000104348474155,0.08213390409796809,0.03263242969342504
0.221,1,-3.99999076808932,2.9999971392167257,0.08209034064789202,0.03421055420551518
0.231,0,-4.0000110661547925,-3.00001398813358,0.0824730233869636,0.03498061782218051
0.231,1,-3.999986740979988,2.9999954165569815,0.08244815080038372,0.037063443669959936
0.24000000000000002,1,-3.9999816341649326,2.999993192501283,0.08283405413756582,0.03983331096625869
0.24200000000000002,0,-4.000015220477957,-3.000018404530829,0.08283615930302622,0.037423180861471915
0.251,0,-4.000020508755998,-3.0000238173368627,0.08322429218181635,0.03998779903013979
0.251,1,-3.9999753354413388,2.999990444339274,0.08324747526345366,0.04259453856682576
0.261,0,-4.000027118566175,-3.0000303630989005,0.08363872709099177,0.042664813810749304
0.261,1,-3.9999677480824793,2.999987185794291,0.08368864989616726,0.045377636655171714
0.271,0,-4.000035236718754,-3.0000381770573394,0.08408017869228265,0.045386423152723954
0.271,1,-3.9999587947229185,2.999983475822716,0.08415755420755675,0.048142493514346574
0.281,0,-4.000045045580363,-3.0000473908616017,0.08454922151733282,0.04819914167087193
0.281,1,-3.999948418204774,2.9999794225090386,0.08465425324812405,0.05095476458778211
0.29100000000000004,0,-4.000056719980068,-3.0000581307904577,0.08504650090316848,0.051012090646440716
0.29100000000000004,1,-3.9999365811140155,2.9999751834885355,0.08517946830084831,0.05384025226667448
0.30100000000000005,0,-4.000070418661503,-3.0000705153019696,0.0855713647150114,0.053737744235075484
0.30100000000000005,1,-3.9999232685516115,2.999970959758042,0.08573372779296025,0.05675617823667659
0.311,1,-3.999908492354985,2.999966979598833,0.08631740962194728,0.05974003886793846
0.311,0,-4.000086275881302,-3.0000846590987287,0.0861232201989103,0.0564514971987051
0.321,0,-4.00010439408097,-3.0001006765505984,0.08670227598143442,0.059186272360187184
0.321,1,-3.9998922934134375,2.9999634832309003,0.08693136331096231,0.06279537316135962
0.331,0,-4.000124836131198,-3.0001186810618345,0.08730845831130322,0.06189518631432617
0.331,1,-3.999874744305124,2.9999607106981565,0.08757591163603805,0.06585446681966348
0.341,0,-4.000147623144516,-3.000138786078275,0.08794162222532519,0.06462456590976981
0.341,1,-3.999855948464036,2.9999588931339507,0.08825113904755752,0.06895008473126148
0.35100000000000003,0,-4.000172736795322,-3.0001611075037755,0.08860268447274089,0.06750164551887967
0.35100000000000003,1,-3.9998360375124506,2.9999582468216777,0.08895749245772862,0.07205808856901373
0.36100000000000004,0,-4.000200123736872,-3.00018575816206,0.08929319540639104,0.0705106205205529
0.36100000000000004,1,-3.9998151633081775,2.9999589649794527,0.08969457497655245,0.07510055481678306
0.371,0,-4.00022970616122,-3.0002128322616493,0.0900139911514798,0.07356894331945689
0.371,1,-3.999793476503943,2.999961208813308,0.09046158029688728,0.07805230924207765
0.381,0,-4.000261395640298,-3.000242394990634,0.09076552463063582,0.07669489331742672
0.381,1,-3.9997711073510653,2.9999651012609188,0.09125783979087697,0.08097906564082182
0.391,0,-4.000295104459272,-3.000274477454201,0.09154866837050338,0.07989660422144843
0.391,1,-3.999748152707449,2.99997072427724,0.09208346407573344,0.08391754054807278
0.401,0,-4.000330750526433,-3.000309070616587,0.09236378898066457,0.08310645158305852
0.401,1,-3.9997246689771364,2.9999781157465573,0.09293829158588558,0.0868201548954461
0.41100000000000003,0,-4.0003682635742175,-3.000346126072145,0.09321155699471381,0.08650269139120671
0.41100000000000003,1,-3.9997006682339924,2.999987269745954,0.09382175933311135,0.08965122318071159
0.42100000000000004,0,-4.000407590760508,-3.0003855621983595,0.09409503714517789,0.09021131811865225
0.42100000000000004,1,-3.9996761210163063,2.999998138695151,0.09473300759896024,0.09238749110775586
0.43200000000000005,0,-4.0004486888602875,-3.0004272601495536,0.09501649740639091,0.0940830145729541
0.43200000000000005,1,-3.999650967780378,3.0000106366568517,0.09567100948329368,0.09501604656766818
0.441,0,-4.000491521651135,-3.000471068667532,0.0959773345586597,0.09810050387603293
0.441,1,-3.999625130218132,3.000024643671899,0.0966349904543238,0.0976144803904983
0.451,0,-4.000536059419987,-3.0005168108952778,0.09697894573809447,0.10222581617439731
0.451,1,-3.999598519744354,3.000040010417143,0.09762495560173913,0.10021031786461863
0.461,0,-4.000582275926812,-3.00056428743201,0.09802190737440211,0.10637067609328471
0.461,1,-3.9995710449522095,3.0000565607217737,0.09864065208127949,0.10276471356774018
0.47200000000000003,0,-4.000630145803141,-3.000613279796385,0.09910522527039752,0.11026881149967441
0.47200000000000003,1,-3.999542616108611,3.000074096208284,0.09968205154242625,0.10538583810251802
0.48100000000000004,0,-4.000679640211596,-3.0006635509088437,0.10022568243999003,0.11387624659523317
0.48100000000000004,1,-3.9995131460884035,3.0000924015195185,0.10075057304357013,0.10818577561962904
0.49100000000000005,1,-3.999482550346214,3.0001112475191243,0.1018479748766005,0.11113349616217783
0.49200000000000005,0,-4.000730725662071,-3.0007148450093655,0.10138118149696512,0.11730543089321747
0.501,0,-4.00078335703685,-3.0007668820173046,0.10256998409259398,0.12056231976501941
0.501,1,-3.9994507468929026,3.000130395054505,0.10297518852834259,0.11413462631971806
0.511,0,-4.000837474160596,-3.000819355662283,0.10379076121071289,0.12373760594879955
0.512,1,-3.999417655081864,3.000149599412385,0.10413272768324498,0.11721033466841475
0.521,0,-4.000893000715458,-3.0008719337963163,0.10504307346926434,0.12686802390682814
0.521,1,-3.9993831942595044,3.0001686139632415,0.10532142185104665,0.12034930612978603
0.531,0,-4.0009498417266185,-3.0009242598311987,0.10632609754659869,0.12986712720493035
0.531,1,-3.999347284641719,3.000187193146142,0.10654173552896141,0.12354207477038857
0.541,0,-4.001007880037947,-3.0009759581456352,0.10763835892297026,0.13274881687812093
0.541,1,-3.9993098492360164,3.000205095642868,0.10779460188457858,0.12686171571577415
0.551,0,-4.001066968150682,-3.001026643441188,0.10897910934973305,0.13555900477993835
0.551,1,-3.999270823455122,3.000222089364984,0.10908125697969452,0.13027708424272386
0.561,1,-3.999230165739297,3.000237956971754,0.11040217212592687,0.1337046221207654
0.561,0,-4.001126918610543,-3.001075930925909,0.11034752460375022,0.13827554926279684
0.5720000000000001,0,-4.001187499651983,-3.0011234442709394,0.11174260425872701,0.14088464607543236
0.5720000000000001,1,-3.9991878631489604,3.000252499393038,0.11175713830058995,0.13708759533135517
0.5810000000000001,1,-3.9991439344301165,3.000265538234036,0.11314526500049368,0.14032605241701396
0.5810000000000001,0,-4.0012484344218,-3.0011688211435925,0.11316341072307369,0.14342318528184825
0.5910000000000001,0,-4.001309405003708,-3.0012117170605634,0.1146094315147797,0.1459053103106726
0.5910000000000001,1,-3.999098432990088,3.000276917821458,0.11456448528967828,0.14333688720706803
0.6010000000000001,0,-4.001370062071238,-3.0012518108517274,0.11607994379313906,0.14830139944630086
0.6010000000000001,1,-3.9990514481182258,3.0002865036583937,0.11601264567983904,0.14614147875355774
0.611,0,-4.001430035035125,-3.001288806811132,0.1175743384744498,0.1506777094786182
0.611,1,-3.9990031058617066,3.000294180800266,0.11748802594937946,0.14882295553442235
0.621,0,-4.0014889400486835,-3.0013224344768266,0.11909274188092593,0.15306330086196662
0.621,1,-3.9989535681119306,3.0002998516718877,0.1189899311951764,0.15144947483676302
0.631,0,-4.00154638777894,-3.00135245275818,0.12063497959269837,0.1554115363460841
0.632,1,-3.9989030322785473,3.000303436848749,0.12051768528011457,0.15399838949813557
0.641,0,-4.001601989486803,-3.00137864994303,0.12220071714121594,0.15775276803291421
0.641,1,-3.9988517279259947,3.000304872893177,0.12207109228563645,0.15662268187123132
0.651,0,-4.001655365192526,-3.0014008417044393,0.12379021187956833,0.16011806668179845
0.651,1,-3.998799909774349,3.0003041080111084,0.12365160158754991,0.159386337003764
0.661,0,-4.001706163344819,-3.0014188773323482,0.1254033642474213,0.16244985078451438
0.661,1,-3.9987478480692107,3.0003011042130523,0.12526002881939427,0.16218891744541325
0.672,0,-4.0017540767667725,-3.0014326410223533,0.12703992827244046,0.16479014915884826
0.672,1,-3.9986958173241476,3.0002958352088185,0.1268963992670582,0.16496696320974788
0.681,0,-4.0017988515068454,-3.0014420496709477,0.12870017306577206,0.1671474031663503
0.681,1,-3.9986440874931026,3.000288282988692,0.12856057557209985,0.1677633088524897
0.6910000000000001,0,-4.001840293339847,-3.001447053327939,0.13038458852855264,0.16962647008633497
0.6910000000000001,1,-3.9985929173866785,3.000278436198438,0.13025224071575522,0.17041813232288605
0.7010000000000001,0,-4.001878263067032,-3.0014476268599286,0.13209479894787943,0.17225317264156612
0.7010000000000001,1,-3.9985425479123498,3.000266292469422,0.13196898716152328,0.17280870306034737
0.7110000000000001,0,-4.001912670533403,-3.0014437670206595,0.13383204514422486,0.17501520768004306
0.7110000000000001,1,-3.9984931978431946,3.00025184997903,0.13370873141433434,0.17505623573276183
0.7210000000000001,1,-3.9984450611589457,3.0002351031127854,0.1354705277903503,0.17721865619188526
0.7220000000000001,0,-4.001943461839605,-3.0014354816328392,0.13559760884841407,0.17787817538774314
0.7310000000000001,1,-3.998398304006075,3.0002160435497505,0.13725339639727185,0.17927407387808836
0.7310000000000001,0,-4.0019706132812045,-3.0014227866297505,0.13739198122253682,0.18075632144760823
0.741,0,-4.001994125365453,-3.00140570256732,0.13921460552320647,0.18350627525752636
0.741,1,-3.998353064394352,3.000194658383499,0.13905671810013487,0.1813479248272029
0.751,0,-4.002014021193587,-3.001384254972139,0.1410636091555778,0.18605436777616594
0.751,1,-3.9983094537995285,3.000170926746656,0.1408814461773036,0.18352489237085273
0.761,0,-4.002030345423737,-3.0013584732073197,0.1429370200979831,0.18841184649829903
0.761,1,-3.9982675538238643,3.000144824216027,0.14272812765647647,0.18572228354640957
0.771,0,-4.0020431656189634,-3.0013283922902456,0.14483332012356834,0.1906734773120645
0.771,1,-3.998227416385035,3.000116322696239,0.14459698845971217,0.18796961437089385
0.781,0,-4.0020525721642715,-3.0012940536213613,0.1467519138600479,0.19287895364470656
0.781,1,-3.998189065812035,3.00008538903199,0.14648863958456831,0.190261522202603
0.791,0,-4.002058682184425,-3.0012555112847257,0.1486920247413766,0.1949937966666566
0.791,1,-3.998152498755172,3.0000519877697758,0.14840313944400005,0.19253242362126244
0.801,0,-4.002061638079858,-3.0012128321575853,0.15065282394238133,0.19705155526762586
0.801,1,-3.9981176862359207,3.000016081873358,0.1503400261600527,0.19474102312621275
0.811,0,-4.002061602310363,-3.0011660932265087,0.15263422958303824,0.19914533564917294
0.811,1,-3.9980845773789864,2.999977635397074,0.15229880618839556,0.1969349912860984
0.8210000000000001,0,-4.0020587524261195,-3.0011153834428774,0.15463681998768733,0.20128864434473417
0.8210000000000001,1,-3.9980531045212975,2.999936620655915,0.15427964745155673,0.19914401494840744
0.8310000000000001,0,-4.002053278723812,-3.0010608091813444,0.15666071475307083,0.20341846489863716
0.8310000000000001,1,-3.998023185321826,2.999893028674948,0.15628236578967436,0.201311609802457
0.8410000000000001,0,-4.00204537901812,-3.001002493507742,0.15870574647222785,0.20555420036828914
0.8410000000000001,1,-3.9979947262825855,2.9998468737559834,0.15830658751891677,0.20347079619152725
0.8510000000000001,0,-4.002035252566013,-3.0009405721506504,0.1607723696904649,0.2077505244852627
0.8510000000000001,1,-3.997967627302794,2.9997981924693304,0.1603531295832615,0.2057965547252961
0.8610000000000001,0,-4.002023096055409,-3.000875196114862,0.16286104742230395,0.2099720141428339
0.8610000000000001,1,-3.997941782363649,2.999747041410789,0.16242398884866077,0.20830169702589266
0.8710000000000001,0,-4.002009095203636,-3.0008065348592754,0.16497197411829886,0.21223273779869536
0.8710000000000001,1,-3.997917075725576,2.999693492738092,0.16452061265590104,0.21095099031722425
0.881,0,-4.00199341601867,-3.0007347758125253,0.16710565221510176,0.21452614824908156
0.881,1,-3.9978933812771067,2.999637624165094,0.16664437947173566,0.21370882048056225
0.891,0,-4.001976201329218,-3.0006601271388877,0.1692620297354046,0.21678637382745886
0.891,1,-3.997870561537519,2.999579514209681,0.1687958093744095,0.21647820803627038
0.901,0,-4.0019575677354435,-3.0005828163806028,0.17144052263391285,0.21896918784103542
0.901,1,-3.9978484684255857,2.9995192371474237,0.17097466595076172,0.21919893337240703
0.911,0,-4.001937604352247,-3.0005030884695807,0.17363995919989575,0.22097049597072224
0.911,1,-3.9978269445418215,2.9994568599112035,0.1731798960265259,0.22172725958476117
0.921,0,-4.001916374529864,-3.0004212040922504,0.17585755009074386,0.22265427073740474
0.921,1,-3.99780582614688,2.9993924456093772,0.17540827201404868,0.2238831284075801
0.931,0,-4.001893916527732,-3.0003374280900337,0.17809038983786565,0.22406854159853198
0.931,1,-3.9977849528601297,2.999326057838133,0.17765640733624052,0.22572850198273728
0.9410000000000001,0,-4.0018702459243976,-3.000252020087617,0.1803363561038174,0.2253358951005566
0.9410000000000001,1,-3.997764176278138,2.999257767996231,0.17992182093358078,0.2273962526155456
0.9510000000000001,0,-4.0018453584563245,-3.000165228738888,0.1825944774176995,0.22651532539033747
0.9510000000000001,1,-3.9977433654137458,2.999187661031504,0.1822032675451393,0.22895241778760603
0.9610000000000001,0,-4.001819233896459,-3.0000772894140275,0.1848642548131767,0.2277149558847551
0.9610000000000001,1,-3.9977224101546973,2.999115841193401,0.18449969452305448,0.23041983974377123
0.9710000000000001,0,-4.001791839655903,-2.9999884216392734,0.18714693287970777,0.22909377218602536
0.9710000000000001,1,-3.9977012249809136,2.9990424324051705,0.18681068740801884,0.23189268259759585
0.9810000000000001,0,-4.001763142707129,-2.9998988331332637,0.18944419359855283,0.2306060054822097
0.9810000000000001,1,-3.9976797550975123,2.9989675767375217,0.18913649783740574,0.2333789255472479
0.9910000000000001,0,-4.001733120960165,-2.999808723360025,0.19175683530234935,0.23215821145879387
0.9920000000000001,1,-3.9976579816385773,2.998891433548336,0.19147693653007317,0.23482231436411913
1.002,0,-4.001701769321739,-2.999718284550279,0.19408519113618422,0.23376279217030493
1.002,1,-3.9976359239522874,2.9988141765287857,0.1938313609075661,0.23618529974372202
1.011,0,-4.0016691027424995,-2.999627702300547,0.19642991502167867,0.23540454482699136
1.011,1,-3.9976136395604414,2.9987359899274533,0.19619944703182135,0.23761846553109436
1.021,0,-4.001635159789124,-2.9995371573156526,0.19879065210968566,0.23696732871371423
1.021,1,-3.9975912217420206,2.9986570621328896,0.19858334085198465,0.23930291935447412
1.031,0,-4.0016000011600905,-2.9994468283788787,0.2011664814323051,0.23842873315346116
1.032,1,-3.9975687949142453,2.9985775786840003,0.20098483070413062,0.24110879604693458
1.041,0,-4.001563706805083,-2.999356895457439,0.2035565993038163,0.23984818827433477
1.041,1,-3.9975465082085178,2.998497712245844,0.20340488630538744,0.24301652346681743
1.051,0,-4.00152637314341,-2.999267541827456,0.2059608617444806,0.24124724781711815
1.051,1,-3.997524529517511,2.9984176147071633,0.20584453819169532,0.24500280166200447
1.061,1,-3.997503040004731,2.998337412710355,0.20830407514980148,0.24698131061590192
1.061,0,-4.001488111905241,-2.9991789545259597,0.20837881020350654,0.24258098686527294
1.071,0,-4.001449047508139,-2.999091324316275,0.2108099074848432,0.24388823205288968
1.072,1,-3.9974822293943126,2.998257204947646,0.21078338208519323,0.24896384349636955
1.081,1,-3.9974622902959607,2.9981770638910694,0.21328254978287076,0.25093883423128377
1.081,0,-4.001409313422445,-2.9990048439770947,0.21325405011374926,0.2451745082203177
1.091,0,-4.001369048183837,-2.998919702471417,0.21571074452751182,0.2463909149717708
1.091,1,-3.9974434090276603,2.9980970433497327,0.2158011617083631,0.2528484726830006
1.101,0,-4.001328390909633,-2.9988360806220458,0.2181795142428558,0.24759915681913924
1.101,1,-3.9974257585834545,2.99801718594673,0.2183387499725204,0.25474902750121114
1.111,0,-4.001287477921572,-2.9987541486484406,0.22066053353422843,0.24881680538595569
1.111,1,-3.997409494370438,2.997937528773383,0.22089545301786928,0.2566543705255754
1.121,0,-4.001246440703915,-2.998674063264346,0.2231541437710431,0.250127011994534
1.121,1,-3.9973947486043846,2.9978581070317287,0.2234702184022821,0.2583230105694517
1.131,0,-4.0012054020378836,-2.9985959671491704,0.2256616159609182,0.2515471028624767
1.131,1,-3.997381629331395,2.9977789537331065,0.22605972623755247,0.25964472750483925
1.141,0,-4.001164469438176,-2.9985199847624076,0.22818392410656513,0.25307947094065697
1.141,1,-3.9973702314982553,2.997700094803872,0.22866123021267348,0.2607688925965555
1.151,1,-3.997360645136086,2.9976215442602334,0.23127332106914725,0.26176784737273195
1.151,0,-4.001123729406582,-2.9984462217233174,0.2307221755520429,0.25469567790872344
1.161,1,-3.997352957959036,2.9975433008483803,0.23389467541266296,0.26262988356551065
1.161,0,-4.001083243824525,-2.998374762277804,0.23327673611175764,0.25631441723807835
1.171,0,-4.001043048385647,-2.998305669540342,0.23584734502778898,0.25788706912298587
1.171,1,-3.9973472594501467,2.997465346598745,0.23652460870110575,0.2635387184538032
1.181,1,-3.997343643744417,2.997387648650624,0.23916471059869926,0.26462162777783405
1.182,0,-4.001003156917052,-2.9982389891412486,0.23843328489257726,0.2593693951017654
1.191,1,-3.9973421977422228,2.99731016525673,0.24181611969110092,0.2657754599056452
1.191,0,-4.0009635760422295,-2.998174758857643,0.2410335007505249,0.26073594339875805
1.201,0,-4.000924319733799,-2.99811301885701,0.24364708980819896,0.26205617375695456
1.201,1,-3.99734299395038,2.997232852640117,0.24447937087699936,0.2669958349351844
1.211,0,-4.000885419336481,-2.9980538192611945,0.24627386488564332,0.2633525116562722
1.211,1,-3.9973460878586264,2.9971556701244104,0.24715528125742825,0.2682839419005485
1.222,0,-4.000846929585851,-2.997997223266311,0.24891407469861673,0.2647629140263465
1.222,1,-3.9973515135343067,2.997078583543802,0.2498442009150764,0.2695964045449133
1.231,1,-3.9973592850244137,2.9970015661823517,0.2525463261542983,0.27091394187616236
1.232,0,-4.00080892998166,-2.997943309969158,0.25156944386316926,0.2663337658089821
1.241,0,-4.000771518975307,-2.997892165065756,0.2542412275257782,0.2680300213893746
1.241,1,-3.9973694046505814,2.9969245942713925,0.25526165963631414,0.27225336329412814
1.251,0,-4.000734808294017,-2.997843877354907,0.2569306784988906,0.26982612920710103
1.251,1,-3.997381874661818,2.9968476410650013,0.25799062311951426,0.27362465806246844
1.2610000000000001,0,-4.0006989174776955,-2.9977985328165473,0.25963827711003484,0.27163319149327303
1.2610000000000001,1,-3.9973967024777344,2.9967706727259067,0.2607331572172179,0.2749634309912691
1.271,0,-4.000663970039734,-2.997756212825068,0.2623641338260936,0.2734767276722127
1.271,1,-3.9974139063115,2.9966936457067552,0.2634890342694162,0.27631219212081565
1.282,0,-4.000630090758261,-2.997716993729546,0.2651085855582784,0.27531181697145035
1.282,1,-3.9974335194281054,2.996616505313547,0.2662584543567085,0.27765431179629835
1.291,0,-4.000597402352803,-2.9976809398267426,0.26787083857600813,0.27703240535251555
1.291,1,-3.997455585738542,2.9965391869996774,0.26904079599193337,0.27890449374748494
1.3010000000000002,0,-4.000566026393209,-2.9976481013029272,0.27064998576687255,0.278705154124992
1.3010000000000002,1,-3.9974801534368147,2.9964616211687956,0.271835349451059,0.2801247925439816
1.311,0,-4.000536084700798,-2.9976185124618295,0.27344584485353685,0.2803562377402085
1.312,1,-3.997507268587794,2.9963837379769114,0.27464209077067253,0.2813379121569167
1.321,0,-4.000507697975668,-2.9975921855894128,0.27625787490738496,0.2819307220459162
1.321,1,-3.997536966574045,2.99630547134407,0.2774606434835506,0.28249237192259047
1.331,0,-4.00048098582455,-2.997569110312363,0.2790853810681114,0.2834659911200739
1.331,1,-3.9975692688416533,2.996226761399188,0.28029053842973795,0.2836342893806177
1.341,0,-4.000456066675136,-2.997549254288571,0.28192780417908686,0.28487456878001616
1.341,1,-3.9976041837446976,2.99614755548352,0.2831324342984668,0.2849244777261591
1.351,0,-4.000433051611223,-2.997532558608562,0.28478307663414404,0.28605498830317694
1.351,1,-3.997641704763086,2.996067810210558,0.2859883789686184,0.28640957541394557
1.361,0,-4.000412039298674,-2.9975189437355834,0.28764902541384924,0.2870270475257701
1.361,1,-3.9976818005064403,2.9959874974008773,0.288859635132166,0.28797181417375894
1.371,0,-4.000393110869971,-2.9975083132120255,0.29052400177847215,0.28789166281005174
1.371,1,-3.9977244119652147,2.99590660800764,0.29174685868555017,0.28961653853255187
1.381,0,-4.000376327027615,-2.9975005568489563,0.29340733043500045,0.2886929934108836
1.381,1,-3.9977694532843726,2.995825153761407,0.2946508950802909,0.29132187327621895
1.391,0,-4.0003617245997996,-2.9974955506919185,0.2962986359026686,0.28950780417691285
1.391,1,-3.997816807704384,2.9957431689230645,0.29757102080626113,0.2927972809927133
1.401,0,-4.000349316931188,-2.9974931628184844,0.29919871535638237,0.2904444259384911
1.401,1,-3.9978663263700103,2.9956607097447248,0.3005041893379548,0.29400096638068324
1.411,0,-4.0003390904023055,-2.9974932569209485,0.3021087934534269,0.2914792905186689
1.411,1,-3.9979178351712976,2.9955778501223618,0.30344833446571057,0.2950200812922119
1.4220000000000002,0,-4.0003310010611335,-2.99749569472559,0.3050293899414847,0.29253398051860413
1.4220000000000002,1,-3.997971132957733,2.9954946794262867,0.3064017081706429,0.29587143668408866
1.431,0,-4.000324975621145,-2.997500340769534,0.30796060247816937,0.2936152799083891
1.431,1,-3.998025992347359,2.995411300145442,0.3093628102564574,0.2966060087227574
1.441,0,-4.000320914018386,-2.997507066565164,0.31090266650454285,0.2946622827518614
1.441,1,-3.9980821623499683,2.9953278255194196,0.31233088764267775,0.29726190408320513
1.451,0,-4.000318687538686,-2.997515749228048,0.31385406348030465,0.29550327243347907
1.451,1,-3.998139370326902,2.9952443770212054,0.3153047135710824,0.2977725628061482
1.461,0,-4.000318142860509,-2.9975262774615388,0.3168127918741945,0.2961512141617564
1.461,1,-3.9981973290429704,2.995161080288212,0.3182828228819858,0.2981346673716556
1.471,0,-4.000319105443065,-2.9975385559497343,0.31977735481493785,0.29670700835267555
1.471,1,-3.998255743743556,2.995078061480103,0.3212640956428219,0.29843564224867764
1.481,0,-4.000321382211994,-2.997552507361322,0.3227472329839957,0.2972139569299206
1.481,1,-3.9983143175801934,2.994995444675181,0.3242482791519864,0.2987095414042168
1.491,0,-4.000324762833848,-2.997568071029453,0.3257220376565895,0.29771067263033896
1.491,1,-3.998372755577799,2.994913349595971,0.3272349512327953,0.2989342099106766
1.501,0,-4.000329026426791,-2.9975852013137803,0.3287021749989691,0.29828845077824545
1.501,1,-3.998430770196355,2.9948318911626024,0.33022389974935434,0.29917642980331954
1.5110000000000001,1,-3.998488088784688,2.994751181208493,0.33321550203642647,0.2994441779042725
1.5110000000000001,0,-4.00033395237299,-2.9976038600175356,0.33168851292968277,0.2989318534507172
1.521,0,-4.000339329832148,-2.997624008173994,0.3346812862430079,0.2995685375113367
1.521,1,-3.998544460583054,2.9946713293040497,0.3362096934327345,0.2996813252743128
1.532,0,-4.000344965491746,-2.9976456021239617,0.3376804966305893,0.3002355046684115
1.532,1,-3.9985996609762897,2.994592443793917,0.3392063081535728,0.29993605779445714
1.541,0,-4.0003506886543425,-2.9976685915393655,0.340686624492715,0.300937929020816
1.541,1,-3.9986534933659725,2.994514632793855,0.3422057479752016,0.30022092024434843
1.5510000000000002,0,-4.000356354004899,-2.997692915041474,0.3436989486656404,0.30144292605888506
1.5510000000000002,1,-3.9987057920402553,2.994438002917606,0.34520779657796424,0.3004351453756652
1.561,0,-4.000361842303776,-2.99771849498062,0.34671460574676183,0.30164615209670775
1.561,1,-3.9987564246103102,2.9943626551490663,0.34821138074051117,0.30052637452393605
1.5710000000000002,0,-4.000367057280279,-2.9977452325970906,0.34973121459851,0.30168238064365577
1.5710000000000002,1,-3.9988052938942173,2.99428867666469,0.3512155805620152,0.3005728613564702
1.581,0,-4.000371921721772,-2.997773002031025,0.3527476452878639,0.3016190753074805
1.581,1,-3.9988523389204653,2.9942161336037647,0.3542202626635974,0.30060318308665224
1.5910000000000002,0,-4.000376374673743,-2.9978016453067884,0.35576284209726394,0.3014458642703002
1.5910000000000002,1,-3.9988975370812723,2.9941450646590146,0.3572250477294917,0.3005801848668761
1.601,1,-3.9989409027883958,2.9940754786759682,0.3602295552651943,0.3005556670447193
1.602,0,-4.000380368821332,-2.99783097135219,0.3587759695454708,0.30123305109659104
1.612,0,-4.0003838677076375,-2.997860757553274,0.36178774956532667,0.3012199926019893
1.612,1,-3.9989824836862216,2.994007355317935,0.36323442270836753,0.30065347815063176
1.621,0,-4.000386845407672,-2.9978907563997814,0.36480120476930056,0.3015107737210248
1.621,1,-3.999022356797102,2.9939406485401396,0.36624118010910184,0.3008907728534192
1.631,0,-4.000389292414323,-2.997920712701865,0.36781895892186395,0.3020560422099896
1.631,1,-3.9990606226605787,2.993875296234334,0.3692510577232371,0.30126444754420584
1.641,0,-4.000391220045423,-2.9979503825238125,0.37084328718730203,0.30278497419124506
1.641,1,-3.9990973965770507,2.9938112322503416,0.3722654293730304,0.301751935815706
1.651,0,-4.000392663337612,-2.9979795471181103,0.37387533214369556,0.303577002563618
1.651,1,-3.9991328036298825,2.993748393526206,0.37528487647665004,0.3022574003572057
1.661,0,-4.000393681632572,-2.998008022164798,0.37691554931591476,0.3044264184646379
1.661,1,-3.999166972971191,2.9936867263863216,0.3783095976766433,0.30281027936913385
1.671,0,-4.000394357868914,-2.9980356629166667,0.3799643841728086,0.3052653692614791
1.671,1,-3.999200032661834,2.9936261911602187,0.38134030936457863,0.3034363457093856
1.681,0,-4.000394797950826,-2.9980623649781375,0.38302101122318466,0.3059912041333568
1.681,1,-3.999232105896343,2.9935667606240814,0.38437748574494446,0.304083003201079
1.691,1,-3.999263304617583,2.9935084132495886,0.3874209989098497,0.3046933936907198
1.691,0,-4.000395129078012,-2.9980880564448324,0.3860842080724955,0.30658842965328814
1.701,0,-4.000395497978097,-2.998112689458162,0.38915298645778734,0.3071335190543012
1.701,1,-3.9992937235431887,2.993451127404669,0.3904706151025344,0.3053152199674598
1.711,1,-3.999323436272214,2.9933948775384223,0.39352663732833765,0.3059559056380029
1.711,0,-4.000396068974755,-2.998136233359829,0.3922271308274635,0.30765378974931307
1.721,0,-4.000397021487479,-2.9981586708666277,0.395306231001214,0.3081278646964256
1.721,1,-3.999352494870223,2.99333962962928,0.39658810357921687,0.30635997246063357
1.731,0,-4.000398544833851,-2.9981799946114194,0.3983900967382655,0.30862139652517695
1.731,1,-3.999380933038748,2.9932853417595355,0.3996519886925399,0.30649820948483164
1.741,0,-4.000400828716187,-2.9982002058239177,0.40147909346256877,0.30913855050617206
1.741,1,-3.99940877317678,2.9932319738698214,0.4027163527656213,0.30646921159741175
1.752,0,-4.000404053747374,-2.998219314944653,0.4045731140878409,0.30962056857841436
1.752,1,-3.9994360353773217,2.993179493303374,0.4057795573034445,0.30627931849115814
1.7610000000000001,1,-3.999462743342399,2.993127878978247,0.40884031914693464,0.3060100527113631
1.7610000000000001,0,-4.000408385378464,-2.9982373406424023,0.4076718738453745,0.3101042786043418
1.771,0,-4.000413970625786,-2.998254308280392,0.4107756491523921,0.310609164538182
1.771,1,-3.999488928011977,2.9930771243232526,0.4118982879711879,0.3057124819270811
1.7810000000000001,0,-4.000420934528716,-2.9982702503492744,0.41388428228453894,0.3110664566876982
1.7810000000000001,1,-3.9995146303293154,2.993027237562219,0.4149529900893802,0.30535385206507776
1.791,0,-4.00042938032291,-2.99828521038142,0.4169969284327136,0.31141872812060734
1.791,1,-3.9995398983259993,2.992978241119358,0.4180036358090625,0.3049039895708153
1.8010000000000002,0,-4.00043939586568,-2.9982992549157133,0.4201127949458322,0.311735778975824
1.8010000000000002,1,-3.9995647747552954,2.9929301695336865,0.42104958400002795,0.3044347735730231
1.811,0,-4.000451060494885,-2.9983124846923563,0.4232318071113849,0.3120403263632171
1.811,1,-3.999589285002083,2.992883067135625,0.4240909284937503,0.3039702692169716
1.8210000000000002,0,-4.00046444756657,-2.998325042464479,0.4263535697991624,0.3122864229919176
1.8210000000000002,1,-3.999613429676361,2.992836984621639,0.42712745372889427,0.30346537537184387
1.831,0,-4.0004796277817976,-2.998337115823974,0.42947761481592955,0.312519661437702
1.831,1,-3.9996371799767023,2.9927919771366507,0.43015887407225456,0.30296550986514265
1.8410000000000002,0,-4.000496671076438,-2.9983489369923406,0.43260348094676493,0.3126134175845312
1.842,1,-3.9996604752931932,2.992748103619932,0.43318584485464434,0.3025750255056444
1.851,0,-4.000515641004245,-2.9983607754856436,0.43572885702241093,0.3124559189333942
1.851,1,-3.999683226691734,2.992705426306656,0.43620960919930357,0.302293610565395
1.86,0,-4.00053659128836,-2.9983729197986033,0.4388517293045287,0.312158780993478
1.86,1,-3.9997053296982057,2.9926640122766375,0.43923107039248627,0.30211388426196106
1.871,0,-4.000559561006766,-2.998385661598887,0.44197129015808756,0.3117984174726257
1.871,1,-3.9997266766569575,2.9926239366281133,0.4422513631090352,0.30203049754981376
1.8820000000000001,0,-4.000584567971083,-2.9983992834751896,0.4450867374041935,0.311346308306696
1.8820000000000001,1,-3.999747166730495,2.9925852825676866,0.44527100885747906,0.30196734988542207
1.891,0,-4.000611606067977,-2.9984140499356258,0.4481970703930714,0.3107888575931283
1.891,1,-3.9997667126210006,2.9925481414980735,0.4482899119136744,0.30187317080530374
1.901,1,-3.9997852446865303,2.9925126127758026,0.4513075803619765,0.3017180111323419
1.901,0,-4.000640646913272,-2.9984302029278,0.4513022758363353,0.3103826461191208
1.911,0,-4.000671641552173,-2.9984479602939875,0.45440486384765233,0.3102218902080596
1.911,1,-3.9998027112098424,2.9924788036441736,0.4543232852687342,0.30147950718531574
1.921,0,-4.000704510311027,-2.998467507314651,0.4575065662930479,0.3101830886622832
1.921,1,-3.9998190740360475,2.9924468297795013,0.45733606584371866,0.3011368523298507
1.931,0,-4.000739141083538,-2.9984889941613972,0.4606084857824121,0.3102710249096887
1.932,1,-3.999834303367739,2.9924168163381863,0.46034520218836783,0.3007701467434369
1.941,0,-4.0007753906656776,-2.998512536305987,0.4637119101296109,0.3104640370099921
1.941,1,-3.999848373630068,2.992388898622095,0.4633507502480949,0.30040510128679254
1.951,0,-4.000813084996557,-2.998538213709186,0.4668178113199215,0.3107787493850108
1.951,1,-3.999861260843376,2.992363221783536,0.4663536046383087,0.30027443731406595
1.961,1,-3.99987293909759,2.992339947672758,0.46935744502477095,0.3005500419513321
1.9620000000000002,0,-4.00085202399711,-2.9985660756342676,0.4699278558108846,0.3112873081500508
1.971,0,-4.000891986620464,-2.9985961451992176,0.473043837983679,0.31193935955986307
1.971,1,-3.99988338455284,2.992319255124698,0.4723657510165482,0.3011073348906186
1.981,0,-4.000932735928284,-2.9986284226931,0.4761666326972586,0.31263836395117084
1.981,1,-3.9998925777581222,2.992301341984784,0.4753805334166514,0.30180784687897394
1.991,0,-4.000974025059145,-2.998662890516592,0.4792963303774957,0.31331891290651476
1.991,1,-3.999900503741458,2.992286428094775,0.4784026999684288,0.30256174740448705
2.001,0,-4.0010156022908,-2.9986995166116044,0.4824321297173593,0.31384898445144216
2.001,1,-3.9999071532872623,2.992274752675035,0.4814314518196571,0.30307521880735117
2.011,0,-4.001057214962185,-2.998738254246569,0.4855720340695694,0.31416938408896855
2.011,1,-3.9999125279674,2.992266561326958,0.4844632431858111,0.30321815064300855
2.021,0,-4.001098612144451,-2.9987790403957306,0.4887140780815546,0.31430300586439797
2.021,1,-3.9999166453071036,2.9922620947544183,0.4874947879271605,0.30306375201718905
2.031,0,-4.001139545972314,-2.9988217926849123,0.49185677427382724,0.3143392021879118
2.031,1,-3.9999195455002066,2.9922615731773865,0.4905237612149649,0.30274979086896364
2.041,0,-4.001179772570345,-2.998866408213165,0.49499955846287147,0.31432309698327704
2.041,1,-3.9999212954807035,2.992265185634313,0.4935491126163331,0.302345757556789
2.051,0,-4.0012190546101385,-2.9989127602023546,0.4981413162073732,0.3141238225877503
2.051,1,-3.999921992254875,2.9922730765953367,0.49656965302994815,0.3017891761336228
2.061,0,-4.001257169774965,-2.9989606979633896,0.5012801107030959,0.3137761455276893
2.061,1,-3.9999217564732774,2.9922853426363463,0.49958395814520495,0.30113797855857544
2.071,0,-4.001293926844106,-2.999010050439309,0.5044149769067268,0.3133448325979646
2.071,1,-3.999920713247618,2.992302039888534,0.502591533651473,0.30044576296869957
2.08,0,-4.001329182107677,-2.999060625430578,0.507544939753849,0.3128048980676122
2.08,1,-3.9999189765442376,2.9923231830321666,0.5055917673765438,0.2996802058083633
2.091,1,-3.9999166374996658,2.99234875045567,0.5085842260123833,0.2989171743002348
2.091,0,-4.001362848482644,-2.999112211481182,0.5106692200147881,0.31223423438462
2.101,0,-4.001394899251705,-2.999164580666237,0.5137878519435101,0.3116657447475811
2.101,1,-3.999913756834308,2.992378690296859,0.5115691242293012,0.2981660476084005
2.111,0,-4.001425371044009,-2.9992174901049897,0.5169005405243082,0.31104173579550076
2.111,1,-3.999910361059967,2.992412923235297,0.514547126568066,0.2975798290669614
2.121,0,-4.001454359109228,-2.999270688645446,0.5200065579371579,0.3103360424176542
2.121,1,-3.9999064435795395,2.9924513515356703,0.5175205158556926,0.2972110825202333
2.1310000000000002,0,-4.001482003950142,-2.9993239297072103,0.523105382857767,0.30962224699443097
2.1310000000000002,1,-3.9999019747868174,2.9924938546933726,0.5204911955155648,0.29703673106906364
2.141,0,-4.001508478213025,-2.9993769823197023,0.5261971740913097,0.30891697628359405
2.141,1,-3.9998969112456098,2.9925402948660653,0.5234609279299866,0.2970017870357463
2.151,0,-4.001533977816272,-2.999429638794017,0.5292817548017034,0.30817505078389285
2.151,1,-3.9998912033601712,2.992590517813831,0.5264306052021965,0.29702041354902176
2.161,1,-3.9998848004976426,2.9926443581964572,0.5294007221088355,0.29711100588810313
2.162,0,-4.001558713389954,-2.999481719767202,0.5323589126708153,0.307448002138769
2.171,0,-4.00158290292353,-2.999533076314655,0.5354295006529931,0.3068735044217015
2.171,1,-3.999877654626659,2.992701644111976,0.5323718042560487,0.2971851144207254
2.181,0,-4.001606764953257,-2.9995835893548977,0.5384954742407732,0.3064833093469196
2.182,1,-3.9998697239787964,2.9927621945164797,0.5353427146578809,0.29710598074433886
2.191,0,-4.001630508926234,-2.9996331663504234,0.5415583731304142,0.3062502463255526
2.191,1,-3.9998609723442375,2.9928258298956307,0.5383122959155447,0.29696341603900683
2.201,0,-4.001654325732152,-2.99968173599945,0.5446198063114379,0.3061554291831724
2.201,1,-3.999851368140595,2.992892379235839,0.5412802730015447,0.29679387441296545
2.21,0,-4.001678381237617,-2.999729245042468,0.5476806063912125,0.30610446030597277
2.21,1,-3.999840885079657,2.9929616793822262,0.5442461631418851,0.2965608254614343
2.221,0,-4.001702812196856,-2.9997756550161663,0.5507408308105105,0.30601773928184844
2.221,1,-3.9998295018241357,2.99303357728056,0.5472093543322822,0.296293767940214
2.231,0,-4.00172772663871,-2.999820940403737,0.553799673564433,0.305853440196046
2.231,1,-3.9998171995203617,2.9931079340607987,0.5501707788038277,0.2962333934152868
2.241,1,-3.999803957115411,2.993184613686692,0.5531327763871797,0.29637874168978473
2.241,0,-4.0017532150938395,-2.9998650879259494,0.5568567915220468,0.3056657549677722
2.251,0,-4.001779363259149,-2.999908098594675,0.5599117139559624,0.30541354921655545
2.251,1,-3.999789746514652,2.9932634601088792,0.5560967407323827,0.29661448254248174
2.261,0,-4.001806261445714,-2.999949988210169,0.5629639285955202,0.3051463587013472
2.261,1,-3.9997745272266583,2.99334428597183,0.5590634128708105,0.2969382281668116
2.2720000000000002,0,-4.001834011483957,-2.999990786398672,0.5660136623281673,0.30490316918710986
2.2720000000000002,1,-3.999758242378935,2.993426867465302,0.562033846729856,0.2973528814581841
2.281,0,-4.001862729882997,-3.0000305367080844,0.5690611823532018,0.30472747670977746
2.281,1,-3.9997408184191854,2.993510939116944,0.5650084726883162,0.29776852818133775
2.292,0,-4.001892545309933,-3.000069291195906,0.572108115462141,0.304771579145467
2.292,1,-3.9997221674034855,2.9935961955277466,0.5679871439612229,0.2981880488485594
2.301,0,-4.001923577228962,-3.0001070989109797,0.5751565813885562,0.3049973323083004
2.301,1,-3.999702195134946,2.9936823014649385,0.5709701434002088,0.29862746117962047
2.311,0,-4.001955911903382,-3.0001439943794077,0.5782077240073015,0.3052852413862595
2.311,1,-3.999680812348689,2.9937689011670963,0.5739573318693868,0.29902724062917135
2.321,0,-4.0019895872352125,-3.0001799887367766,0.5812617445810404,0.3055654440934244
2.321,1,-3.99965794151397,2.9938556273740775,0.5769484709248895,0.2994380997959282
2.331,1,-3.999633520630356,2.993942108584497,0.5799438834327322,0.29986952147185275
2.331,0,-4.002024584859562,-3.0002150637706206,0.5843186578254452,0.30587892516654436
2.341,0,-4.0020608266392,-3.000249169209766,0.5873785830594507,0.30613631103155997
2.341,1,-3.999607508321998,2.9940279750511416,0.5829431149435135,0.300181857523595
2.351,0,-4.002098176801513,-3.000282225698024,0.5904402185443849,0.30623774635515394
2.352,1,-3.9995798875629625,2.9941128651513242,0.5859444299018852,0.3003048394819315
2.361,1,-3.9995506669330805,2.994196429721139,0.588946374411267,0.3003379886106094
2.362,0,-4.00213645793932,-3.0003141294766538,0.5935024003404028,0.3062756079587136
2.371,0,-4.00217546564802,-3.0003447579181777,0.5965648392074065,0.30628365517018313
2.371,1,-3.999519881992144,2.9942783347251916,0.5919484562426812,0.30032451433348994
2.3810000000000002,0,-4.0022149784618914,-3.0003739761224795,0.5996270164240175,0.3062235499230192
2.3810000000000002,1,-3.9994875978427897,2.9943582652266976,0.5949500302139489,0.3002326106733921
2.392,0,-4.0022547667739055,-3.0004016410501966,0.6026884597583579,0.3061558840765368
2.392,1,-3.9994539081290035,2.994435926761604,0.5979505503269239,0.300127351404924
2.401,1,-3.9994189322246423,2.994511044746053,0.6009503654352578,0.3000806861419469
2.401,0,-4.002294599819964,-3.0004276037059903,0.6057497772835609,0.3062033720695786
2.411,0,-4.002334251988577,-3.00045171632957,0.6088122551022183,0.30635755845203827
2.411,1,-3.999382810898875,2.9945833720911685,0.6039500212873232,0.30006952143756693
2.4210000000000003,0,-4.002373511008642,-3.000473846572844,0.6118767329079153,0.3066026295247903
2.4210000000000003,1,-3.999345695908332,2.9946527053958993,0.6069498083103142,0.3001068068490636
2.431,0,-4.002412184597259,-3.0004938869126696,0.6149442445929719,0.3069371012765725
2.431,1,-3.999307739100932,2.994718895897389,0.6099503877429674,0.30019815426333557
2.441,0,-4.002450105294785,-3.00051176306142,0.6180152697296618,0.3072882407245843
2.441,1,-3.9992690856570188,2.994781859236281,0.6129519514144706,0.3002831997834822
2.451,0,-4.002487133302895,-3.000527438087769,0.6210896600224531,0.30760200113025404
2.451,1,-3.99922986859281,2.9948415786570046,0.615954174933884,0.300317442124652
2.461,0,-4.002523157232063,-3.0005409129307505,0.6241671711475053,0.3079363563868533
2.461,1,-3.999190204875109,2.9948981038547124,0.6189565207386155,0.300308182173168
2.471,0,-4.002558090864742,-3.0005522254616785,0.6272486194778502,0.30836194590684335
2.471,1,-3.9991501933236733,2.9949515469331143,0.621958612852732,0.3002551724889718
2.481,1,-3.999109914786523,2.99500207765221,0.6249598816756466,0.30013703373088485
2.481,0,-4.002591866318073,-3.000561458068455,0.6303344701294646,0.30880067629451813
2.49,0,-4.0026244250556715,-3.000568741093067,0.6334248608585307,0.3092790457495984
2.49,1,-3.999069432869396,2.9950499153544135,0.627959913493368,0.3000187497650292
2.501,0,-4.002655710331816,-3.000574251959178,0.636520351051156,0.30979998226638716
2.501,1,-3.9990287949102097,2.9950953207076503,0.6309589106406682,0.2999120249507549
2.511,0,-4.002685664212042,-3.0005782158901755,0.6396206263673445,0.3101902129117152
2.511,1,-3.998988033374454,2.9951385902028522,0.6339572188885297,0.29989652334539496
2.521,0,-4.002714228356129,-3.000580903568538,0.6427233658256509,0.3103446391643692
2.521,1,-3.9989471685643023,2.9951800449094734,0.6369564424790634,0.30007782421442786
2.531,0,-4.0027413465274515,-3.0005826213714415,0.6458268388819761,0.3103491051811372
2.531,1,-3.9989062143638168,2.995220019863929,0.6399584004951648,0.3004057657475374
2.542,0,-4.002766971894844,-3.0005837055897713,0.6489295746866208,0.3102089311116221
2.542,1,-3.9988651833825,2.995258853636782,0.6429639938267117,0.30078394345138004
2.551,0,-4.002791072029435,-3.0005845166216414,0.6520301250142183,0.30992418168062363
2.551,1,-3.998824090430191,2.9952968781692006,0.6459733399689336,0.30114703742082544
2.561,0,-4.00281363142172,-3.000585433254024,0.6551272689101699,0.3095580770936502
2.561,1,-3.99878295477789,2.995334411016836,0.6489862764513787,0.3015180470235814
2.571,0,-4.002834651122982,-3.0005868478719506,0.6582211788241397,0.3092917538347874
2.571,1,-3.9987418015341887,2.9953717500487254,0.6520029754912892,0.3018756186896259
2.581,0,-4.002854149675945,-3.0005891578389425,0.6613131396629184,0.30913883787323476
2.581,1,-3.9987006626062924,2.9954091701122896,0.6550227881785945,0.30214633540480695
2.591,0,-4.002872165186029,-3.0005927482229446,0.6644041350820324,0.3090987863320645
2.591,1,-3.9986595772918943,2.9954469201927356,0.6580450976825366,0.3023972262843312
2.601,0,-4.0028887538195494,-3.000597977408665,0.6674953635312991,0.3091589821845837
2.601,1,-3.9986185924953572,2.995485222255309,0.6610699543566707,0.3026475054727198
2.609,0,-4.002903989920498,-3.00060516514604,0.6705873177967611,0.30923149862605503
2.609,1,-3.9985777625018977,2.9955242702852454,0.664097067365388,0.30284824730272614
2.621,0,-4.002917963843338,-3.000614586322015,0.6736801699289445,0.30935080205273324
2.621,1,-3.998537148483606,2.995564230404034,0.6671259908444342,0.3030330422976455
2.6310000000000002,0,-4.002930778979894,-3.0006264693569644,0.6767746748831157,0.309555300254153
2.6310000000000002,1,-3.9984968178863776,2.9956052423156585,0.6701568863394859,0.30322580433605356
2.641,0,-4.00294255128015,-3.0006409941978522,0.6798715854356935,0.3098158998801009
2.641,1,-3.9984568418377364,2.9956474197296132,0.6731892265986076,0.30332656413026793
2.651,0,-4.002953410258783,-3.000658293945047,0.6829711182519277,0.3100731439897486
2.651,1,-3.9984172881420097,2.995690854721873,0.6762219500348501,0.3033139512922604
2.661,0,-4.00296349930382,-3.000678460351349,0.6860732368856994,0.31035236182274384
2.661,1,-3.998378213873547,2.9957356235174055,0.6792541535440357,0.3032530853916366
2.6710000000000003,0,-4.002972974915528,-3.000701550589802,0.6891784038211075,0.3106705711093954
2.6710000000000003,1,-3.998339660494995,2.9957817913380524,0.6822857308819089,0.30318355313513173
2.681,0,-4.002982006358779,-3.0007275886610736,0.6922866346947046,0.31095598714734557
2.681,1,-3.9983016500606485,2.99582941325849,0.6853159488493904,0.3029421144214337
2.691,0,-4.0029907707460515,-3.000756565332637,0.6953974612036435,0.31121761972548956
2.691,1,-3.998264183352607,2.9958785324661137,0.6883420144280514,0.30241948746434755
2.701,0,-4.002999439027213,-3.0007884311532536,0.6985109087402712,0.31147676410280467
2.701,1,-3.9982272427879364,2.9959291805415282,0.6913618792511061,0.3017254088703909
2.7110000000000003,0,-4.003008162185502,-3.000823083853276,0.7016267083138935,0.3116918968302994
2.712,1,-3.998190794625879,2.995981372513632,0.6943738712689635,0.30086780936671104
2.721,0,-4.003017061610057,-3.0008603634186044,0.7047444973619676,0.3119017096904029
2.722,1,-3.99815479127152,2.9960351043353897,0.6973767109910043,0.2999334686636048
2.731,0,-4.00302622349441,-3.0009000523097447,0.7078645067805921,0.31212552503556784
2.732,1,-3.9981191738154274,2.9960903533353234,0.7003705187682476,0.29908694644350936
2.741,0,-4.003035699931928,-3.0009418773379957,0.7109864517037804,0.3122941463614743
2.741,1,-3.998083874727025,2.996147076676665,0.7033566131684089,0.2983670444755267
2.752,0,-4.003045521376313,-3.000985524875121,0.7141099643241283,0.31246393385954735
2.752,1,-3.9980488220916772,2.9962052067027702,0.7063361360979561,0.29777741655370604
2.761,1,-3.9980139441753346,2.996264649876551,0.709310403964902,0.2972949342942976
2.761,0,-4.00305571000997,-3.001030656983644,0.7172352850513581,0.31264824612359765
2.771,0,-4.003066288888734,-3.0010769215406983,0.7203622576144554,0.31279460845664175
2.771,1,-3.9979791725844955,2.9963252855186315,0.7122800369562489,0.29684185411380826
2.782,0,-4.003077288469022,-3.0011239620641303,0.7234903310081087,0.31287287077901454
2.782,1,-3.9979444446664623,2.996386967226562,0.7152450501328522,0.29637001150732806
2.791,0,-4.0030887509521085,-3.0011714257143107,0.726619132292238,0.31297717242805023
2.791,1,-3.9979097051386208,2.996449525518967,0.7182053246370945,0.2959171278168367
2.801,0,-4.003100729182966,-3.0012189699544343,0.7297495681805322,0.31317584771690504
2.801,1,-3.997874908673629,2.996512773201744,0.7211613572227934,0.2955087891485231
2.811,0,-4.003113274407052,-3.0012662688017455,0.7328821708735727,0.31339736938378954
2.811,1,-3.997840025618705,2.996576514177051,0.7241132807938194,0.29509071188710645
2.821,0,-4.00312642458391,-3.001313018986961,0.7360171323580534,0.31365987601591355
2.821,1,-3.9978050469747877,2.9966405530952147,0.7270610310993278,0.2946930865867949
2.831,0,-4.003140196979508,-3.001358943673484,0.739155111272513,0.3139801120873096
2.831,1,-3.997769987132681,2.99670470259777,0.7300051105605198,0.29434103629042574
2.842,0,-4.003154582636098,-3.0014037958404476,0.7422960005780548,0.31421109309802153
2.842,1,-3.997734885019566,2.9967687879795037,0.7329461120351553,0.294102437912776
2.851,0,-4.003169544842974,-3.0014473600439056,0.7454383502515869,0.3143098938219678
2.851,1,-3.9976998023709998,2.996832651955166,0.7358859756232066,0.29409414718868837
2.861,0,-4.00318502344307,-3.0014894486574053,0.7485814486758938,0.3143575246291198
2.861,1,-3.9976648181756755,2.99689616148988,0.7388269461338863,0.29428175732666556
2.871,0,-4.003200938473965,-3.0015299004728484,0.7517245970424824,0.3143208361571397
2.871,1,-3.9976300224255654,2.996959214015033,0.741770332819044,0.29455197272161693
2.8810000000000002,0,-4.003217193891292,-3.001568578919527,0.7548668500560992,0.3141822737941145
2.8810000000000002,1,-3.9975955108447256,2.9970217409284294,0.7447165369234792,0.2948313748559613
2.891,0,-4.003233681211402,-3.001605369166701,0.7580074787441413,0.3140167455128934
2.891,1,-3.9975613808783486,2.9970837086081716,0.7476657162347304,0.29515612287799986
2.901,0,-4.003250282275294,-3.001640175526331,0.7611462860651478,0.31379521753768547
2.901,1,-3.9975277290180937,2.997145117238948,0.7506188368887329,0.2956149152680961
2.911,0,-4.00326686544669,-3.001672923030995,0.7642822387899743,0.3134527097429571
2.911,1,-3.9974946487724488,2.9972059932934045,0.7535772324689043,0.2961802236138448
2.9210000000000003,0,-4.003283272045615,-3.00170355569195,0.7674144592324991,0.3130715630701076
2.9210000000000003,1,-3.9974622294523976,2.997266371447323,0.756541837953084,0.29685463405499946
2.931,0,-4.003299304296978,-3.0017320350362113,0.7705429149006027,0.3126873140499436
2.932,1,-3.99743055601752,2.9973262773979763,0.7595137824680644,0.29761924624368485
2.941,0,-4.00331471894585,-3.001758341971759,0.7736673067218243,0.3122540461684801
2.941,1,-3.9973997080423436,2.9973857166008977,0.7624934750312281,0.29838927780089236
2.951,0,-4.003329224748956,-3.001782475284664,0.7767873445830914,0.31183137751402185
2.951,1,-3.997369759683971,2.997444666664928,0.7654810186336617,0.29919809915845313
2.9610000000000003,0,-4.00334248248664,-3.001804448414446,0.7799036320614436,0.31149805938802827
2.9610000000000003,1,-3.9973407802808483,2.997503073044173,0.7684770984669814,0.30008281193571135
2.971,0,-4.003354114492342,-3.0018242882115946,0.7830170178023392,0.31122814316612113
2.971,1,-3.997312833709902,2.9975608520681827,0.7714822621886089,0.30099514795993637
2.981,1,-3.9972859779621266,2.9976179027401204,0.7744964324778622,0.3018741232174871
2.981,0,-4.00336372694806,-3.001842031909481,0.7861277715793198,0.3109592973910825
2.991,0,-4.003370929222906,-3.001857721743406,0.7892360105980948,0.3107353087602033
2.991,1,-3.997260265662363,2.9976741179051647,0.7775193363655583,0.30275506536896707
3.001,0,-4.0033753469799045,-3.0018714002642395,0.7923423549191815,0.3105608088692285
3.001,1,-3.997235745043525,2.997729392042659,0.780551278858475,0.3036614184007364
3.009,0,-4.0033766362738765,-3.001883110709253,0.7954466266761493,0.31029761677568524
3.01,1,-3.9972124579457584,2.9977836288388504,0.7835913829884017,0.3043455481947348
3.022,0,-4.003374491888182,-3.0018928981168154,0.7985476300852425,0.3099406511841289
3.022,1,-3.997190438636616,2.997836745911218,0.7866367315377103,0.30476540811988373
3.032,0,-4.003368645487411,-3.001900810943188,0.80164493193732,0.30955500018844245
3.032,1,-3.9971697174864174,2.9978886729181156,0.7896854534040417,0.30503109431152886
3.041,0,-4.003358870009376,-3.0019069073096745,0.8047380815862182,0.30911240752975927
3.041,1,-3.997150320136045,2.9979393523219664,0.7927360473008557,0.30514850229730955
3.051,0,-4.003344981010365,-3.0019112583095247,0.8078263681870984,0.30858994549544505
3.051,1,-3.9971322671084146,2.997988739511697,0.7957870294180548,0.3051177976045719
3.061,0,-4.003326833932955,-3.001913948583772,0.810909306047086,0.3080717070624799
3.061,1,-3.997115574471825,2.9980368017705183,0.7988373318307037,0.305039206154843
3.071,0,-4.003304318034018,-3.001915074981431,0.8139876446086232,0.3076784080767306
3.071,1,-3.9971002548265098,2.9980835168062523,0.8018868344820557,0.30494324781222193
3.081,1,-3.9970863176779545,2.9981288722806303,0.8049354086468793,0.3048606371550273
3.081,0,-4.003277356581618,-3.001914744418089,0.8170629937675357,0.3074677689904688
3.091,0,-4.003245910274481,-3.0019130674901042,0.8201370178421256,0.3073915907007592
3.091,1,-3.997073773937067,2.99817286216988,0.80798327260714,0.30478500215979454
3.101,0,-4.003209980609036,-3.0019101523434983,0.8232105563365234,0.3073642376233347
3.101,1,-3.997062638304935,2.998215484926087,0.811030183799608,0.30466391235647183
3.111,1,-3.9970529316059284,2.9982567411751155,0.8140755307785636,0.30447031385529355
3.111,0,-4.003169607616204,-3.001906099073172,0.8262837532755022,0.3073277045371576
3.121,0,-4.003124864786064,-3.0019009954194553,0.829356636810596,0.30732871499079817
3.121,1,-3.997044682698758,2.998296631484839,0.8171188136211286,0.3042683402541148
3.1310000000000002,0,-4.003075852111106,-3.001894913681528,0.8324300201355946,0.30743976264728906
3.132,1,-3.9970379298819165,2.9983351543181955,0.8201603816065305,0.3041199605808395
3.141,0,-4.003022692346301,-3.0018879103485228,0.8355050271017815,0.3076436429441767
3.141,1,-3.997032716049797,2.998372307391227,0.8232006827312593,0.30399760896877503
3.151,0,-4.002965521533313,-3.001880026867521,0.8385825058920613,0.30795212318026277
3.151,1,-3.997029078332631,2.998408090367676,0.826239986891414,0.30392783578183796
3.161,0,-4.002904475272932,-3.001871289949631,0.8416635456856887,0.3083476571806667
3.161,1,-3.9970270399712957,2.9984425063007727,0.8292789278709977,0.3039045756973031
3.171,0,-4.002839683979394,-3.0018617134249945,0.8447485847995093,0.3087563369180883
3.171,1,-3.997026602980601,2.998475564227608,0.8323176102603479,0.30386666590678596
3.181,0,-4.0027712655271195,-3.0018512991335826,0.8478378147335712,0.30921392557463334
3.181,1,-3.9970277453705196,2.9985072793662177,0.8353560230464196,0.30386236025047697
3.191,0,-4.002699318711367,-3.001840037607881,0.8509319969867186,0.30975207681351824
3.191,1,-3.997030421195928,2.998537672089614,0.8383949841378743,0.30397645815125324
3.201,0,-4.002623926385298,-3.001827910815622,0.8540317120405696,0.3103223474448465
3.201,1,-3.997034564317041,2.998566766264535,0.841435784677054,0.30420049073237304
3.212,0,-4.002545162796365,-3.001814896031039,0.8571369896648174,0.3108754730322348
3.212,1,-3.997040101589863,2.998594583988092,0.8444790654501332,0.30445586724026685
3.221,0,-4.0024630988121475,-3.0018009688929634,0.8602476590965593,0.31143623584780467
3.221,1,-3.997046968126376,2.9986211387620467,0.8475250683771028,0.30475562970501274
3.231,0,-4.002377804236702,-3.001786105265563,0.8633640577967634,0.3120248681222498
3.231,1,-3.997055118698693,2.9986464302237104,0.8505744328568823,0.3051082055224634
3.241,0,-4.00228935554799,-3.001770284257777,0.8664857382638466,0.31248922137495105
3.241,1,-3.9970645319507163,2.9986704441327996,0.85362652020317,0.3052578163097367
3.251,0,-4.002197841192279,-3.0017534882148125,0.8696112102768795,0.3128400759245753
3.251,1,-3.997075210072041,2.998693158195487,0.8566786442214585,0.30517294965435876
3.261,0,-4.0021033630512735,-3.0017356975972276,0.8727398078734091,0.31313239194840126
3.261,1,-3.997087176486027,2.9987145529526833,0.8597291613977758,0.3049486631638871
3.271,0,-4.002006045528367,-3.0017168888714854,0.8758707273272862,0.313329686074753
3.271,1,-3.9971004679008564,2.9987346262593406,0.8627766187256286,0.304576252931054
3.281,0,-4.0019060379337885,-3.001697032304422,0.8790033092369713,0.31350643754320456
3.281,1,-3.9971151291746585,2.9987534017430226,0.8658199339236126,0.3041493903616634
3.291,0,-4.001803514048306,-3.0016760903008164,0.8821376237802725,0.3136842196311561
3.291,1,-3.9971312099084204,2.998770933231385,0.8688589111801552,0.3037030394099563
3.301,0,-4.00169867561511,-3.001654018895992,0.8852730040424368,0.31371714921440585
3.301,1,-3.997148761165626,2.998787307296392,0.8718941124967149,0.3034372690905276
3.311,0,-4.00159174966119,-3.001630772210673,0.8884077251136456,0.31361089403195275
3.311,1,-3.9971678344662114,2.9988026391844693,0.8749284959002205,0.30350543495439414
3.321,1,-3.9971884731476903,2.9988170674084915,0.8779649892002652,0.30381248265632116
3.321,0,-4.001482977633713,-3.0016063104594304,0.8915409366448317,0.3134332094198996
3.331,0,-4.001372611136511,-3.0015806100993503,0.8946718295443103,0.313166407904752
3.331,1,-3.997210706253076,2.9988307460397823,0.8810052831584485,0.30423818596982716
3.341,0,-4.0012609069478655,-3.001553669988374,0.8977994783925449,0.31280394713794596
3.341,1,-3.99723454621663,2.998843837114228,0.88405006262851,0.30469661424491473
3.351,0,-4.001148122361507,-3.001525514524504,0.9009231141617768,0.3124012125975779
3.351,1,-3.997259988461955,2.9988565045526125,0.8870996090256791,0.3052052776995175
3.362,0,-4.00103451158595,-3.0014961944296346,0.9040425274616621,0.31195031541249363
3.362,1,-3.997287011472539,2.9988689096951315,0.8901540768075419,0.30562612760209906
3.371,0,-4.0009203284391255,-3.0014657829752545,0.9071567760953116,0.311386052522808
3.372,1,-3.997315574339043,2.998881208038899,0.8932111785401982,0.3057712219451221
3.3810000000000002,0,-4.000805833982657,-3.0014343600165443,0.9102650842601623,0.31079314373342265
3.3810000000000002,1,-3.997345624774388,2.998893544908907,0.8962687859597684,0.30577379314388997
3.391,1,-3.9973771046127706,2.998906053019395,0.8993260069324404,0.3057003436876815
3.392,0,-4.000691304003759,-3.0014019976364503,0.9133675160715914,0.31020474910004814
3.401,0,-4.000577033835144,-3.0013687519740935,0.9164638519653321,0.30957360619482344
3.401,1,-3.99740995083765,2.998918850928989,0.9023819329130611,0.3055256746828029
3.411,1,-3.997444098181341,2.998932042275358,0.9054358371616744,0.30532416920889804
3.412,0,-4.000463339990919,-3.0013346569285844,0.9195538696795434,0.30895816691478967
3.4210000000000003,0,-4.00035056038589,-3.001299720083688,0.9226380713053793,0.308397412009834
3.4210000000000003,1,-3.9974794820070088,2.9989457159320323,0.9084880236245123,0.3051966380903246
3.432,0,-4.000239051234269,-3.001263922238451,0.9257168388787463,0.3078538953939733
3.432,1,-3.9975160388827082,2.9989599451584694,0.9115395170573769,0.30516581731899994
3.441,0,-4.000129178150849,-3.0012272190522338,0.9287900624236588,0.30727715984354775
3.441,1,-3.9975537052971593,2.99897478378186,0.9145908776749551,0.3051602225279645
3.451,0,-4.000021306890809,-3.0011895433264915,0.9318576010412317,0.3067233652558907
3.451,1,-3.997592417878225,2.9989902632787606,0.917642400194031,0.30521223844390377
3.461,0,-3.9999157969303383,-3.0011508072820026,0.9349199184294119,0.3062057391984157
3.461,1,-3.997632114133732,2.9990063917495724,0.9206947897785388,0.30531864719945406
3.471,0,-3.999812994285836,-3.001110906434834,0.9379772920896612,0.3057245893349667
3.471,1,-3.997672731234357,2.999023153133534,0.9237480784246583,0.3053815064880726
3.481,0,-3.9997132314626835,-3.0010697236901103,0.9410305053321848,0.30535854678086655
3.481,1,-3.9977142043908342,2.999040510896464,0.9268017970646133,0.30542997010386924
3.491,1,-3.997756463040361,2.999058417391895,0.929856087723968,0.30548772638300115
3.491,0,-3.99961683047813,-3.0010271374928608,0.944080726517969,0.30508528856004213
3.501,0,-3.9995241026001644,-3.0009830306058154,0.9471284477847189,0.3048303380612746
3.501,1,-3.9977994257851455,2.999076821351911,0.9329107244721656,0.30549989993365617
3.511,0,-3.9994353516832524,-3.0009372946961563,0.9501739892122324,0.3046394315265186
3.511,1,-3.9978429982003965,2.9990956739490144,0.9359654200028127,0.30552040979340567
3.521,0,-3.999350877080639,-3.000889833083541,0.9532180459885995,0.3044983376637422
3.521,1,-3.9978870721460247,2.9991149332018385,0.939020474659053,0.30556095397467614
3.531,0,-3.9992709662690076,-3.0008405662824518,0.9562600601817747,0.3041730129593199
3.531,1,-3.9979315252716625,2.999134566233513,0.9420761787435507,0.3056652268505533
3.541,0,-3.999195883132144,-3.000789439153279,0.9592972859647406,0.303561896871697
3.541,1,-3.9979762234841454,2.9991545487769997,0.9451334005063833,0.3058446661792528
3.551,0,-3.9991258642188607,-3.0007364259961964,0.9623274763482128,0.30279541146008104
3.551,1,-3.998021025888586,2.9991748596664634,0.9481927958287584,0.3061067036303488
3.561,0,-3.999061109312024,-3.0006815370769835,0.9653496374796404,0.30194584718866196
3.561,1,-3.998065790028509,2.9991954759748047,0.9512552658608472,0.30643890201704316
3.571,0,-3.999001767171163,-3.0006248251857905,0.9683628641797937,0.30100170709763346
3.571,1,-3.9981103758524816,2.99921636929234,0.9543211345396814,0.30677600224838514
3.582,0,-3.9989479319694787,-3.0005663867451307,0.9713665163221153,0.3000419675679779
3.582,1,-3.9981546487656296,2.9992375036647427,0.9573904365242364,0.30714032824949966
3.591,0,-3.9988996480794268,-3.0005063591852212,0.9743613349042481,0.29924993273158784
3.591,1,-3.998198481965797,2.9992588344382107,0.960463093014468,0.3073880912169056
3.601,0,-3.9988569131323235,-3.0004449157686452,0.9773497214290522,0.29869820807488906
3.601,1,-3.998241762958517,2.999280306099329,0.963536497279128,0.3073294739347186
3.6109999999999998,0,-3.9988196708370087,-3.0003822565799783,0.9803336499207093,0.2983384251669002
3.6109999999999998,1,-3.9982844050833,2.999301849170149,0.9666081023864374,0.30707610269300517
3.622,0,-3.9987878187934056,-3.000318594967767,0.9833150430901598,0.29814707479281694
3.622,1,-3.9983263577386294,2.9993233771248047,0.9696767375888741,0.3067414375668379
3.6310000000000002,0,-3.9987612098676046,-3.0002541481168015,0.9862949567024282,0.2980172808074431
3.6310000000000002,1,-3.998367613616581,2.999344784699906,0.9727414698813832,0.30630164949995925
3.641,0,-3.9987396601562084,-3.0001891286758973,0.989273950776908,0.29796553443477397
3.641,1,-3.998408211906549,2.999365947866906,0.9758012150051629,0.305751666229144
3.651,0,-3.9987229574745307,-3.000123738567956,0.9922526270842433,0.2979022137357877
3.651,1,-3.998448238082329,2.9993867245151233,0.9788553550299249,0.3052240148604775
3.661,0,-3.9987108578880903,-3.000058167199065,0.9952298231596767,0.2976827292720958
3.661,1,-3.998487817768464,2.999406953120948,0.9819049562319523,0.30481436061960565
3.6710000000000003,0,-3.9987030977986717,-2.9999925926375957,0.9982039854908402,0.2973094690692656
3.6710000000000003,1,-3.9985271025126026,2.999426449073321,0.9849507315595107,0.3044436095591667
3.681,0,-3.9986994020988256,-2.999927184464546,1.001173969224759,0.29687579873845943
3.681,1,-3.998566254094546,2.9994450010477736,0.9879931610929241,0.30415058289223723
3.691,0,-3.998699490093863,-2.9998621061741293,1.0041395659913759,0.2964247938755956
3.691,1,-3.9986054327008995,2.9994623693788793,0.9910330682158803,0.30391906175896727
3.701,0,-3.9987030742974583,-2.9997975164892585,1.0071003639959994,0.2959158065004596
3.701,1,-3.998644788498348,2.9994782877389685,0.9940706971836983,0.3036855431097964
3.7110000000000003,0,-3.998709864417613,-2.9997335701397128,1.0100559312436073,0.2953984289859525
3.7110000000000003,1,-3.998684455773398,2.9994924647153196,0.9971061779930471,0.30351124919917094
3.721,0,-3.998719572930309,-2.9996704169205537,1.0130065035392257,0.29490359947063594
3.721,1,-3.9987245487903076,2.999504588029238,1.0001405390364002,0.30343563677787894
3.731,1,-3.9987651567435427,2.999514340657712,1.003174302655128,0.303379597983592
3.732,0,-3.9987319160980968,-2.999608195814496,1.0159520322972402,0.29438374206945306
3.741,0,-3.998746617616318,-2.9995470295791717,1.018892064562342,0.29380473660464673
3.741,1,-3.9988063404925334,2.9995214148753973,1.0062073745267734,0.30329415530124043
3.751,0,-3.9987634121506686,-2.9994870214292604,1.0218259198159572,0.2931508408656283
3.751,1,-3.9988481313680193,2.999525521810742,1.0092392896162548,0.30315006839083886
3.761,0,-3.9987820487424437,-2.99942825380985,1.0247534344052163,0.292569595664214
3.761,1,-3.9988905310430316,2.9995263998213675,1.0122688050491337,0.3027983048690633
3.771,0,-3.998802290338874,-2.9993707855835514,1.027675950800798,0.29211969673049426
3.771,1,-3.9989335137205497,2.9995238210122133,1.015293278743705,0.3021796064491293
3.781,0,-3.998823902420749,-2.999314641048236,1.0305943446598196,0.29172601822736693
3.781,1,-3.9989770328264314,2.9995175873169453,1.0183103118567227,0.3013415123533097
3.791,0,-3.9988466462896537,-2.9992598027358346,1.0335088914634794,0.2913402809849571
3.791,1,-3.99902102662215,2.999507529573151,1.0213179478870165,0.30032763259552686
3.801,0,-3.9988702752757375,-2.999206207929425,1.0364193995881723,0.29091304115009325
3.801,1,-3.999065422516719,2.999493507367823,1.0243145053052172,0.29914872885345767
3.811,0,-3.998894532831795,-2.9991537480468726,1.0393253058908298,0.2904207705097571
3.811,1,-3.999110140595134,2.999475408427361,1.0272984236140432,0.29782312607189937
3.821,0,-3.998919152237922,-2.9991022703033066,1.04222539999713,0.2897205051832967
3.821,1,-3.9991550965971676,2.999453145860944,1.0302685650539787,0.29642967286156846
3.831,0,-3.998943860413373,-2.999051586204701,1.0451166734644879,0.2887005063928454
3.831,1,-3.999200200450226,2.999426659217526,1.0332246751890082,0.2950214153077057
3.841,0,-3.998968389494816,-2.999001496170339,1.047996367451048,0.28743680291239954
3.841,1,-3.9992453461224047,2.9993959312759255,1.0361664800889343,0.2935776885392241
3.8520000000000003,0,-3.9989924867902826,-2.998951811205694,1.0508623326146687,0.2859794207720022
3.8520000000000003,1,-3.9992904022051112,2.999361000657683,1.039093525280314,0.2920821885425655
3.861,0,-3.9990159215245744,-2.998902367625032,1.0537128609694137,0.28436859818088916
3.861,1,-3.9993352064433845,2.9993219680539225,1.0420052532678363,0.2905291171455538
3.871,0,-3.999038489330976,-2.9988530367767083,1.056546510337534,0.2826197370110434
3.871,1,-3.9993795633004234,2.9992789986714534,1.0449009954514814,0.28890201392743386
3.8810000000000002,0,-3.9990600147726525,-2.9988037306503545,1.0593620511747812,0.2807604653712167
3.8810000000000002,1,-3.9994232440468425,2.999232320662514,1.047780105596586,0.28722489184539135
3.891,0,-3.9990803519335656,-2.9987544012716354,1.0621584637695136,0.2788046880508418
3.891,1,-3.9994659914269994,2.999182220917102,1.0506421974766442,0.2855094315802479
3.901,0,-3.999099383106998,-2.998705031221888,1.064934842561642,0.27676283834286464
3.901,1,-3.999507531972776,2.9991290417231053,1.0534868258878018,0.28374422586549114
3.911,0,-3.999117016709131,-2.9986556231243173,1.0676903732241971,0.2746430811408411
3.911,1,-3.9995475883760494,2.9990731750215773,1.056313459281163,0.28192232512733983
3.9210000000000003,0,-3.9991331851307796,-2.9986061915150404,1.0704243138218312,0.27245199120276
3.9210000000000003,1,-3.999585888819013,2.999015055675678,1.0591215397840616,0.2800439078653985
3.931,0,-3.9991478425925107,-2.998556756729234,1.073135978446825,0.27019189794286164
3.931,1,-3.9996221739290885,2.9989551547958655,1.061910456166258,0.2780967494203783
3.941,0,-3.9991609641076513,-2.9985073404560696,1.075823974129669,0.2677057252048104
3.941,1,-3.99965620376288,2.9988939732110076,1.0646787708696541,0.27591152725591084
3.951,0,-3.999172542500784,-2.998457963217936,1.0784856883975174,0.26497268537710433
3.951,1,-3.9996877656258176,2.998832027759947,1.067423725449732,0.2734635016860468
3.9610000000000003,0,-3.999182579788323,-2.9984086437529722,1.0811190459685673,0.2620608400674183
3.9610000000000003,1,-3.999716677986832,2.9987698285426663,1.070143111898816,0.27082336536341767
3.972,0,-3.9991910821556926,-2.9983593989778967,1.0837225246695175,0.2590162836227197
3.972,1,-3.999742796089191,2.9987078629174713,1.072835295117886,0.26803886137242944
3.981,0,-3.9991980566080487,-2.998310244002724,1.0862949855292359,0.2558717095306871
3.981,1,-3.9997660154307537,2.99864658437361,1.0754990360594996,0.2651439235244477
3.991,0,-3.999203508584957,-2.9982611921748688,1.0888355625974944,0.2526505175472853
3.991,1,-3.9997862730811535,2.998586404905329,1.0781333779127218,0.26216291117945745
4.002,0,-3.9992074399237767,-2.9982122551698924,1.0913438654234098,0.24944378640721068
4.002,1,-3.999803546324823,2.998527690774664,1.0807378880075011,0.25919878556678927
4.011,1,-3.999817847424171,2.9984707628978042,1.0833133579909875,0.2563275874364902
4.011,0,-3.9992098474391553,-2.9981634431868978,1.0938205852319625,0.2463195019961143
4.021,0,-3.9992107260800958,-2.9981147651225077,1.0962663553080645,0.24324494528113516
4.021,1,-3.9998292211059363,2.998415898320094,1.0858604800144263,0.2535081736943853
4.031,0,-3.999210070875504,-2.998066228788166,1.0986815397881742,0.24019742243931322
4.032,1,-3.999837738243236,2.998363333915833,1.0883796172975513,0.2507138702891828
4.041,0,-3.99920787799233,-2.998017841101058,1.1010663277558714,0.23716318981986798
4.041,1,-3.999843489536312,2.998313270355731,1.0908709170715265,0.2479269584194088
4.051,0,-3.9992041455028797,-2.997969608231706,1.1034207914156617,0.2341320641747811
4.051,1,-3.9998465803397667,2.998265875707125,1.093334384281395,0.24513590349153228
4.061,0,-3.999198874051459,-2.9979215357470514,1.1057447964950993,0.2310633680215849
4.061,1,-3.999847126333116,2.9982212888837,1.0957699868115351,0.24234735255613252
4.071,0,-3.9991920661287397,-2.997873629845199,1.1080377132841994,0.22792626883791894
4.071,1,-3.999845250883056,2.9981796237284213,1.098177796770773,0.23956535880062216
4.082,0,-3.9991837207278733,-2.9978259010339596,1.1102989626189361,0.22473913749424923
4.082,1,-3.999841085901866,2.998140973590546,1.1005578194438441,0.23678019496831926
4.091,0,-3.9991738289381082,-2.9977783674743774,1.1125281195947903,0.22151524980273818
4.091,1,-3.9998347725154906,2.9981054159675264,1.1029099836832512,0.23398577641677376
4.101,0,-3.99916237137506,-2.997731056993722,1.1147248734899435,0.21826465839140516
4.101,1,-3.9998264609309104,2.9980730161595193,1.1052341718639498,0.23117852367263408
4.111,0,-3.999149316851005,-2.9976840080792266,1.1168889956070487,0.2149942137742087
4.111,1,-3.9998163097973403,2.998043829996767,1.1075302404574796,0.22835657516029992
4.121,0,-3.999134621429464,-2.997637269980892,1.1190206801011435,0.21179732447368035
4.121,1,-3.99980448371859,2.998017908408331,1.1097987849622288,0.22570162952756012
4.131,0,-3.999118229198648,-2.9975908983883066,1.1211210353304268,0.20871239725084872
4.131,1,-3.999791146163,2.997995302680401,1.1120421975011452,0.2232848977456863
4.14,0,-3.9991000785656645,-2.9975449436800363,1.1231909645630105,0.20570240277022928
4.141,1,-3.9997764507033295,2.9979760580572297,1.1142623735580548,0.22102325119484306
4.151,1,-3.9997605294424323,2.9979602140315973,1.11646053584137,0.21886100918546714
4.152,0,-3.99908010669117,-2.997499440528842,1.1252310691070047,0.20274220501599022
4.161,0,-3.999058252529933,-2.9974544011083855,1.127241747577405,0.1998152054057447
4.161,1,-3.999743484766181,2.9979478056346642,1.1186374457075128,0.21675889831133552
4.171,1,-3.9997253844440435,2.9979388642337472,1.1207935398015452,0.21468944316099575
4.171,0,-3.999034459047141,-2.997409811051726,1.1292232618091036,0.19690994770800413
4.181,1,-3.9997062597644253,2.997933416691105,1.1229286724402692,0.21251554812472573
4.182,0,-3.9990086750649887,-2.9973656275891414,1.1311756962737176,0.19399635751937133
4.191,0,-3.998980859513253,-2.9973217809419084,1.1330987904624572,0.19105304039933038
4.191,1,-3.9996861091717406,2.9979314768196574,1.1250401470570228,0.21000180840436464
4.201,0,-3.9989509896476108,-2.997278180387161,1.1349923007207263,0.18809027565740777
4.201,1,-3.999664904456841,2.997933048201663,1.1271250504387063,0.20724312346250495
4.208,0,-3.998919068994519,-2.997234720677529,1.1368560697266616,0.1851155453162849
4.211,1,-3.999642600065025,2.9979381221412043,1.1291813693745913,0.20431601574378797
4.221,0,-3.9988851323086223,-2.997191287251752,1.138690004977309,0.18213460156827666
4.221,1,-3.9996191415034508,2.9979466727385016,1.1312077199126966,0.20127364856081073
4.232,0,-3.998849248414367,-2.997147760579138,1.140493765421602,0.1790645100726129
4.232,1,-3.9995944709279496,2.9979586558005975,1.1332036518595197,0.19829793725954659
4.241,0,-3.9988115209023607,-2.9971040210850237,1.1422656616830906,0.17580335666812666
4.241,1,-3.999568529562288,2.9979740120800313,1.1351713180173106,0.195589067879887
4.251,0,-3.998772077882873,-2.9970599556228246,1.1440041361274278,0.17241485695973827
4.251,1,-3.999541265491266,2.9979926516186564,1.1371129220352458,0.19306531557824314
4.261,0,-3.998731063063166,-2.997015463254644,1.1457081777252538,0.16894495790749756
4.261,1,-3.999512638417143,2.9980144455394675,1.1390299614169153,0.19066676558314635
4.271,0,-3.9986886295588815,-2.996970459216713,1.1473771588190511,0.16542643885970526
4.271,1,-3.9994826217964117,2.998039224551513,1.1409234408259128,0.18835181905329446
4.281,0,-3.998644934947991,-2.996924877320923,1.1490107258730065,0.16188257595797784
4.281,1,-3.9994512039144,2.9980667796809564,1.1427940267938492,0.18609205735618714
4.291,1,-3.9994183894593656,2.998096862327722,1.1446412318437618,0.18359699926129036
4.291,0,-3.9986001367454183,-2.9968786706779027,1.1506092774410568,0.15849469518809475
4.301,0,-3.9985543892751854,-2.9968318092528134,1.1521760004779587,0.15547695626776528
4.301,1,-3.9993842017598236,2.9981291833707235,1.1464600868047516,0.1805241651938732
4.312,0,-3.9985078518102934,-2.9967842774786653,1.1537140029035968,0.15272279465498978
4.312,1,-3.9993486664172133,2.998163442217453,1.1482458392893027,0.17705671861705843
4.321,1,-3.99931179972555,2.9981993453715643,1.149995309151066,0.17332682931226312
4.321,0,-3.9984606942686214,-2.9967360699001966,1.1552254735000778,0.15015439624517016
4.331,0,-3.9984130996010983,-2.9966871870283964,1.1567119536023456,0.14771648148444777
4.331,1,-3.999273602948445,2.9982366159690703,1.1517064008137907,0.16942579414434406
4.341,0,-3.9983652647282373,-2.9966376322084503,1.1581745382416495,0.14537201313021028
4.341,1,-3.9992340588169544,2.998275000534865,1.1533777680046906,0.16541669821561888
4.351,1,-3.999193127784989,2.998314274424382,1.1550099060880548,0.16169448212841217
4.351,0,-3.998317400343602,-2.996587409864969,1.1596133669603201,0.14292273548062234
4.361,0,-3.998269729554339,-2.996536526324072,1.1610261950651584,0.14022356040827885
4.361,1,-3.999150745802399,2.99835424003298,1.156608118825572,0.15855359822476928
4.371,0,-3.99822248639617,-2.996484990702262,1.1624110324865033,0.13736155858132007
4.371,1,-3.9991068427718885,2.998394703496671,1.158177184710071,0.15581532865725664
4.381,0,-3.9981759148545417,-2.996432817531653,1.1637666019802027,0.13439637978474317
4.382,1,-3.9990613550559,2.9984354569422456,1.1597204081576766,0.153354958730707
4.391,0,-3.9981302674498154,-2.996380028775139,1.1650921255102593,0.13137070881778123
4.391,1,-3.99901423271882,2.998476267619829,1.161240076705239,0.15108736173987236
4.401,0,-3.998085803402319,-2.9963266548932697,1.1663871732721496,0.12831352622491116
4.401,1,-3.99896544428585,2.9985168714887296,1.1627377744942173,0.14895272355722042
4.411,0,-3.9980427872158946,-2.996272734959092,1.1676519433568326,0.12534863579461591
4.411,1,-3.99891498083766,2.9985569708029094,1.1642138909910333,0.14670292450102496
4.421,0,-3.9980014899772853,-2.9962183158101623,1.1688881274599652,0.12256913139309467
4.421,1,-3.9988628627136658,2.9985962395516794,1.1656651827611366,0.14405952112942733
4.431,0,-3.9979621897705617,-2.9961634519528153,1.170097295314184,0.11992416220821724
4.431,1,-3.998809135897815,2.9986343353021656,1.1670884275259175,0.14114970311962635
4.441,0,-3.99792517315969,-2.996108204312574,1.1712805939158206,0.11737779395175772
4.441,1,-3.998753872127178,2.998670911923583,1.1684815022815682,0.1380659694648425
4.451,1,-3.9986971699465585,2.9987056298340975,1.1698430380966631,0.1348711566348401
4.452,0,-3.9978907358747464,-2.9960526387999677,1.1724388802670898,0.11490620653039316
4.461,0,-3.9978591823781082,-2.995996825008256,1.1735728196698534,0.11249381475923835
4.461,1,-3.998639154412694,2.998738163578103,1.1711721924258023,0.13161059567060057
4.471,0,-3.9978308239401326,-2.9959408350261945,1.1746828697364708,0.11011120038362643
4.471,1,-3.9985799752764994,2.9987682062912433,1.1724688760733926,0.128416638476975
4.481,0,-3.9978059702148867,-2.995884742216503,1.175769216536736,0.10774396138047608
4.481,1,-3.998519802987912,2.998795471328756,1.1737345429116597,0.12538726870984399
4.491,0,-3.9977849122027784,-2.995828619824377,1.1768320345548753,0.10539566850897884
4.491,1,-3.9984588250490685,2.998819700459104,1.1749705929473784,0.12247876298483412
4.501,0,-3.9977679065087033,-2.9957725398001775,1.177871525166515,0.10306901876938904
4.501,1,-3.9983972402433245,2.9988406681496196,1.1761780615532755,0.11966016571072652
4.511,0,-3.9977551647642025,-2.995716571840373,1.1788879091082094,0.10076608020988534
4.511,1,-3.998335253387607,2.9988581830845478,1.1773577395422832,0.11691199274711327
4.521,1,-3.9982730710776235,2.9988720887020435,1.1785101864503853,0.11420186233320809
4.521,0,-3.997746846933858,-2.9956607826517447,1.179881349887751,0.098468525395008
4.531,0,-3.9977430566967986,-2.99560523721931,1.180851729764774,0.09615672344323704
4.531,1,-3.9982108979860964,2.998882263523453,1.1796355819578226,0.11150175108881041
4.541,0,-3.997743840974879,-2.995550005184915,1.181798962399486,0.093843730984393
4.541,1,-3.9981489330926294,2.998888619213642,1.1807340523404866,0.10881663369269523
4.551,0,-3.9977491904109583,-2.9954951674123813,1.1827230674521392,0.0915382523434789
4.551,1,-3.9980873665964496,2.9988910988692083,1.1818057631858288,0.10614973809280644
4.561,0,-3.997759041157628,-2.9954408200963787,1.183624149629628,0.0892483441774564
4.561,1,-3.998026377694689,2.998889675178296,1.1828509196762067,0.10350557094894923
4.571,1,-3.997966133031945,2.9988843482469747,1.1838697494881227,0.10088525076756837
4.571,0,-3.9977732780671906,-2.9953870768063524,1.1845023671814436,0.08697740250624443
4.581,1,-3.99790678588578,2.9988751428922256,1.184862590337164,0.09831385779836166
4.581,0,-3.997791738655028,-2.9953340689695143,1.185357856294121,0.08471286922486015
4.591,0,-3.99781421858817,-2.99528194453296,1.1861905595101736,0.0824413607476898
4.591,1,-3.997848477701308,2.9988621078196305,1.1858300257015082,0.095802025788758
4.601,1,-3.997791342585252,2.9988453200692273,1.186772588495972,0.09334026822388472
4.601,0,-3.997840483358325,-2.995230864239628,1.1870004577438533,0.08017328796878227
4.611,0,-3.9978702794390117,-2.995180997147933,1.1877876234590454,0.07791605253298389
4.611,1,-3.9977355116280937,2.998824887646858,1.1876907339195137,0.09092201311830285
4.621,0,-3.997903342872378,-2.9951325167032126,1.188552184245612,0.07567318945170402
4.621,1,-3.997681115811657,2.998800950050437,1.188584863985692,0.0885426863971339
4.631,0,-3.9979394059959485,-2.995085597485291,1.189294311452794,0.07344941128769529
4.631,1,-3.9976282877539067,2.99877367741427,1.1894553393106846,0.08619820090384277
4.641,1,-3.9975771625805985,2.9987432686377544,1.190302486302433,0.08388478224916435
4.642,0,-3.9979782030683952,-2.995040412734541,1.1900143392410931,0.07128406756897847
4.651,0,-3.998019478136459,-2.9949971335238597,1.1907132268036693,0.0692258678375529
4.651,1,-3.997527877662771,2.998709946698067,1.191126601210868,0.08160048293525664
4.661,0,-3.998062995722824,-2.9949559275987854,1.1913919252479004,0.06725165431061389
4.661,1,-3.997480570587371,2.998673947673608,1.1919279765829773,0.0793452433940676
4.671,0,-3.9981085523253057,-2.994916959148932,1.1920511727735128,0.06534266440173044
4.671,1,-3.9974353766669286,2.9986355093354287,1.1927069007880515,0.07711819166075745
4.681,0,-3.9981559843919228,-2.994880388755151,1.192691562485901,0.06348791524587431
4.681,1,-3.9973924268910745,2.9985948625627947,1.1934636562838152,0.07491879712472063
4.691,0,-3.9982051726437295,-2.994846373068039,1.1933135891117264,0.06167907663880284
4.691,1,-3.997351846310377,2.998552225219684,1.194198517039679,0.07274595881704751
4.7010000000000005,0,-3.9982560417406856,-2.9948150616485947,1.1939167282639602,0.05968177563864594
4.702,1,-3.997313752479524,2.998507798251222,1.1949116361859742,0.07056891530488336
4.711,0,-3.9983085543404346,-2.9947865931601862,1.1944981304077924,0.05740207474940894
4.712,1,-3.997278253056494,2.9984617654346772,1.1956027693216467,0.06836372093088247
4.721,0,-3.9983627063526477,-2.9947611052576963,1.1950555404854337,0.0549441755403376
4.721,1,-3.9972454442177847,2.998414296887513,1.1962717510597596,0.06615092165076134
4.732,0,-3.9984185174521807,-2.9947387372738166,1.1955875530669011,0.05237966548262042
4.732,1,-3.9972154085481004,2.9983655539315315,1.196918587126842,0.0639446157110085
4.741,0,-3.9984760226708036,-2.9947196304767307,1.1960933502009683,0.0497594882215393
4.741,1,-3.9971882134850483,2.9983156928061234,1.1975433900507757,0.06175338517375347
4.751,1,-3.9971639105974335,2.998264867112956,1.198146342035345,0.0595831745411569
4.752,0,-3.9985352658595783,-2.994703927787325,1.1965725184099105,0.047118207527285995
4.761,0,-3.9985962957276326,-2.9946917750308923,1.1970254380161907,0.04461768897069441
4.761,1,-3.9971425360523543,2.9982132290749868,1.1987278682965234,0.057490234840339
4.772,0,-3.99865916606225,-2.9946833236887924,1.1974544487037606,0.042379054067429235
4.772,1,-3.997124111842738,2.9981609282970574,1.1992890996780954,0.05551727939732226
4.782,0,-3.9987239333098175,-2.994678718084835,1.197861699672666,0.040333063954285965
4.782,1,-3.9971086423027256,2.9981081075841054,1.1998310610486749,0.053634186036037305
4.791,0,-3.9987906579418873,-2.9946780888558067,1.198248777272729,0.03843683399824402
4.791,1,-3.997096112944151,2.9980548979519606,1.2003545310775525,0.051821043214554594
4.801,0,-3.998859405979423,-2.9946815500538517,1.1986169024745401,0.03666059321643358
4.801,1,-3.9970864907630745,2.998001415055256,1.2008601418848186,0.05006795222581981
4.812,0,-3.998930250510784,-2.994689199503227,1.1989675872103722,0.03511686724793537
4.812,1,-3.9970797245413596,2.997947757136311,1.2013482745435473,0.048327247715263984
4.821,0,-3.9990032681762258,-2.994701119442267,1.1993034922977126,0.03384056431363276
4.821,1,-3.9970757433267936,2.9978940054827174,1.2018188422622984,0.04657659859436712
4.831,0,-3.999078521085443,-2.9947173638720153,1.1996267630812458,0.032758469174545723
4.832,1,-3.99707445388422,2.9978402278793306,1.2022718129783627,0.04483042633692534
4.841,1,-3.9970757376139407,2.997786482325546,1.2027072613071814,0.04309678588667863
4.841,0,-3.9991560435873597,-2.994737953778734,1.1999389350236638,0.031819348246627494
4.851,0,-3.999235834245425,-2.994762875746144,1.20024111962533,0.030987084421913207
4.851,1,-3.9970794491900934,2.9977328198956408,1.2031253329125036,0.04138207493083079
4.861,0,-3.9993178513673717,-2.9947920820156337,1.2005341336904607,0.03023591984353068
4.861,1,-3.997085416739497,2.997679286865933,1.203526225996066,0.039690577633603896
4.871,0,-3.999402011477819,-2.9948254918001287,1.2008186098625475,0.029552443752862662
4.872,1,-3.997093443398144,2.9976259263121743,1.2039103002525138,0.03805818246788761
4.881,0,-3.999488193785048,-2.994862995362791,1.2010951064689341,0.028926536561993156
4.881,1,-3.9971033096154085,2.9975727797171285,1.2042783614355557,0.0365110244013886
4.891,1,-3.9971147736758628,2.9975198889731645,1.2046311418830429,0.0350284541986111
4.892,0,-3.9995762539011297,-2.9949044619223257,1.2013640584028826,0.02834376700386844
4.901,0,-3.9996660379581974,-2.99494974786602,1.2016258007421308,0.027796135710591644
4.901,1,-3.9971275735612144,2.9974672980877854,1.2049692275967954,0.03360083765507918
4.912,0,-3.999757393209394,-2.994998703241763,1.201880604020662,0.02727644360579721
4.912,1,-3.997141429639659,2.99741505425502,1.2052931221704313,0.03221898442801486
4.921,0,-3.999850175738958,-2.995051176731536,1.2021286841126921,0.02677997676006272
4.921,1,-3.9971560477688044,2.997363208382586,1.2056032467648459,0.03087503915947719
4.93,0,-3.999944255790578,-2.9951070194103306,1.2023702278390263,0.02630607708956981
4.93,1,-3.9971711224886954,2.99731181523413,1.2058999487170536,0.029559401663585155
4.942,0,-4.000039519569129,-2.9951660878596926,1.2026054728427735,0.025860747155571007
4.942,1,-3.9971863409232458,2.997260932321837,1.206183469188473,0.028263928789511557
4.9510000000000005,0,-4.000135862273396,-2.995228246772237,1.2028346600101,0.02543921221278522
4.952,1,-3.997201390205251,2.99721061462665,1.2064540222537332,0.02698795146341178
4.961,0,-4.000233178043808,-2.99529337114454,1.2030579876052372,0.025037742041643957
4.961,1,-3.9972159657772903,2.9971609080159,1.2067118273115491,0.025732848376838313
4.971,0,-4.0003313527900835,-2.995361347798848,1.2032756288583526,0.02465368531897565
4.971,1,-3.997229777638849,2.997111844593535,1.2069571182523375,0.02450054106637385
4.982,0,-4.000430259731838,-2.9954320766523637,1.2034879298900225,0.024338782041643532
4.982,1,-3.9972425547861272,2.997063439834858,1.207190137150243,0.023292932822239685
4.991,0,-4.00052975626741,-2.99550547372055,1.2036964867419382,0.024189905383745883
4.991,1,-3.9972540473077616,2.997015693493502,1.2074112046214807,0.02212144366060866
5.001,0,-4.000629676661218,-2.995581466793254,1.2039029501274126,0.02415543491407997
5.001,1,-3.997264024157162,2.996968601274113,1.2076206689747662,0.020982721893797397
5.011,1,-3.9972722691688434,2.9969221700093787,1.2078188357799269,0.019873349044393186
5.012,0,-4.000729826259763,-2.995659992707987,1.2041084590959397,0.024195149190678146
5.022,0,-4.000829979109936,-2.9957409966431747,1.204313794387083,0.02428106116296953
5.022,1,-3.997278577984288,2.996876428427225,1.2080059759375206,0.01878996130918865
5.031,0,-4.0009298776047455,-2.9958244313071978,1.204519485710547,0.024393560852338063
5.031,1,-3.9972827558913,2.996831433941782,1.2081823461765602,0.01773365379701786
5.04,1,-3.9972846165702896,2.9967872760687,1.2083481596658137,0.016691240996690154
5.041,0,-4.001029234229873,-2.995910254645039,1.2047253200223405,0.02437935387835935
5.051,0,-4.001127740251024,-2.9959984228230065,1.2049283280870426,0.024063575592589093
5.052,1,-3.9972839851381496,2.9967440761390707,1.2085034425365704,0.015650700135903566
5.062,0,-4.001225082547315,-2.996088892773503,1.2051256438421043,0.023540453351003493
5.062,1,-3.997280709932164,2.996701982829003,1.2086482137853847,0.014614820386867731
5.071,0,-4.001320960593375,-2.996181619461827,1.2053153076521361,0.02288351124516669
5.072,1,-3.9972746750119788,2.996661166221929,1.208782516837598,0.013591025549306303
5.081,0,-4.001415098891467,-2.9962765521268877,1.2054960707933733,0.022148710882057637
5.081,1,-3.9972658079309777,2.9966218126416675,1.208906487803793,0.012588153940892473
5.091,0,-4.001507255511127,-2.9963736317813616,1.2056671714171667,0.021374210299736584
5.091,1,-3.997254084198587,2.996584120028456,1.2090203205455072,0.01161187950720929
5.101,0,-4.001597227000954,-2.9964727903252277,1.2058283669928462,0.020625860505944144
5.101,1,-3.997239527280194,2.996548294847324,1.2091248004417023,0.010805029937680738
5.111,0,-4.001684848901606,-2.9965739510035196,1.2059803165999232,0.019951005267597827
5.111,1,-3.9972222035654013,2.9965145500623556,1.2092226436438593,0.010274801342261886
5.121,0,-4.001769994811707,-2.9966770263641505,1.206123735110264,0.019334891017277728
5.121,1,-3.99720222481722,2.9964830936181275,1.209316262155065,0.009939131555759335
5.131,0,-4.001852573127319,-2.996781918038173,1.2062591603432407,0.01876245837272861
5.131,1,-3.9971797441076045,2.9964541203764608,1.2094073359943254,0.0097358917940617
5.142,0,-4.001932523316739,-2.996888517521938,1.2063869789342045,0.01822724998119917
5.142,1,-3.997154949752676,2.9964278073069717,1.2094970100305733,0.009627063679647701
5.15,0,-4.0020098120895256,-2.9969967074401525,1.2065075393878975,0.017726014008343983
5.15,1,-3.997128059186923,2.99640431058224,1.2095861241562664,0.009588297016349143
5.161,0,-4.00208443120905,-2.997106361982999,1.2066207316198425,0.017184887882001197
5.161,1,-3.99709931441675,2.9963837624982985,1.2096748808382538,0.00950018644441261
5.171,0,-4.0021563961995446,-2.997217344917834,1.2067250370848017,0.016562184890221626
5.171,1,-3.997068981281535,2.9963662694287114,1.209761962799584,0.009277242224303065
5.181,0,-4.00222573669374,-2.997329507850233,1.206819187437639,0.01591107596782218
5.181,1,-3.99703735019884,2.996351922131024,1.209846206925019,0.008968158025634897
5.191,0,-4.002292491006647,-2.997442686301702,1.2069023951964448,0.015267443925184856
5.191,1,-3.9970047398376676,2.996340802187965,1.2099268639492051,0.00860380321032226
5.202,0,-4.002356702952281,-2.997556697181414,1.2069741802887488,0.014655811424475041
5.202,1,-3.996971498722266,2.9963329855075096,1.210003444830602,0.008202560257495401
5.212,0,-4.0024184193931,-2.9976713379352184,1.207034269880461,0.014095587622021717
5.212,1,-3.9969380045016663,2.9963285447797317,1.210075632743986,0.007779531700112585
5.221,0,-4.002477687680966,-2.997786387260824,1.2070828077133504,0.013620344233159287
5.221,1,-3.9969046614294625,2.996327551435008,1.2101433212884387,0.007360165894787588
5.231,0,-4.00253455419263,-2.9979016077383145,1.2071208381362377,0.01323613701698595
5.231,1,-3.9968718916440538,2.9963300744000274,1.2102066841492751,0.006960402533415687
5.241,0,-4.00258906938841,-2.998016750527823,1.2071493155656794,0.012918176897651512
5.241,1,-3.9968401144719525,2.996336171656308,1.210265907234292,0.00658026470437315
5.251,0,-4.002641290762598,-2.998131560973039,1.207168971105308,0.012650692735396258
5.251,1,-3.996809726307516,2.996345882726802,1.2103211630899864,0.006222573831404167
5.261,0,-4.002691284334612,-2.9982457833838216,1.2071803573111197,0.012422845500070816
5.261,1,-3.9967810863640634,2.9963592239297943,1.210372592505867,0.00588966576238331
5.271,0,-4.002739124686023,-2.998359164833272,1.207184149010393,0.012228347969652737
5.271,1,-3.996754507066673,2.996376185559174,1.2104202096575247,0.005568186712326694
5.281,0,-4.00278489287724,-2.9984714602612947,1.2071815647514696,0.012051859264072375
5.281,1,-3.9967302480608846,2.9963967313741726,1.2104637930371829,0.005259638572255739
5.291,1,-3.996708513972214,2.9964208020486334,1.2105031754357083,0.00498284948306628
5.291,0,-4.002828674408473,-2.998582441936755,1.207173593153622,0.011881854358291912
5.301,0,-4.002870555644769,-2.998691907208203,1.2071609473576963,0.01171336235113733
5.301,1,-3.9966894539900832,2.996448318273807,1.210538268494582,0.004754100664497444
5.311,0,-4.002910620839554,-2.998799683409885,1.2071441673728642,0.01154488258682745
5.311,1,-3.996673163076456,2.9964791836392175,1.2105690518790084,0.004587105974519687
5.321,0,-4.00294895007512,-2.998905630587989,1.2071236548882216,0.01137721506268518
5.321,1,-3.9966596844183835,2.996513287321904,1.2105955512579873,0.004489521442833287
5.331,0,-4.00298561824339,-2.9990096430218336,1.207099421543296,0.011228300446530113
5.331,1,-3.996649011533907,2.996550504994142,1.2106173554502875,0.004413841166498683
5.341,1,-3.9966410909766235,2.996590695959649,1.2106329840056904,0.004383845170982202
5.341,0,-4.003020693752801,-2.9991116498017667,1.2070707252382669,0.011115521766649608
5.351,0,-4.003054234105052,-2.999211612137033,1.2070369754839336,0.011042945581115115
5.351,1,-3.996635831816926,2.996633701046536,1.2106412843565795,0.004466558958527693
5.361,0,-4.00308628354191,-2.9993095214070427,1.206997812635332,0.01101269636412827
5.361,1,-3.9966331112933937,2.9966793370495286,1.2106415250703078,0.004692306139794517
5.371,0,-4.003116871994469,-2.9994053969846863,1.2069530463283846,0.011024772886419256
5.371,1,-3.996632779496204,2.9967273933493863,1.21063327242565,0.0050566135153519145
5.381,0,-4.0031460148533915,-2.999499283818842,1.2069025968939149,0.011078496402731558
5.381,1,-3.9966346638465113,2.9967776308379452,1.2106162974440322,0.005533682180502803
5.391,0,-4.003173712881153,-2.9995912488978727,1.2068468592181378,0.011119954861042204
5.391,1,-3.996638572803281,2.9968297820017957,1.2105902064764817,0.006126952205010796
5.401,0,-4.003199955830086,-2.9996813737472383,1.2067872530502521,0.011113607832217787
5.401,1,-3.996644302883238,2.99688355403664,1.2105539914082122,0.006844608610977884
5.411,0,-4.00322473493635,-2.9997697443415556,1.206724958127386,0.011071038092681116
5.411,1,-3.9966516539723522,2.9969386379694534,1.210506911464071,0.007661335589661803
5.421,0,-4.0032480528353815,-2.999856440224993,1.2066607902245656,0.011003077575249527
5.421,1,-3.9966604409924567,2.996994715492722,1.21044853441083,0.008549723685111487
5.431,0,-4.0032699300702035,-2.9999415267218446,1.2065953208658229,0.01091622476933475
5.431,1,-3.996670501657951,2.997051464282408,1.2103786397556917,0.009485107403695457
5.439,0,-4.003290409177272,-3.0000250499602372,1.206528975374134,0.010815253517035738
5.439,1,-3.996681701544184,2.9971085623446747,1.210297168297197,0.010448879614894753
5.449,1,-3.9966939372714543,2.9971656915751925,1.210204324315938,0.011386571358015593
5.45,0,-4.003309556986435,-3.000107033987039,1.2064620632530176,0.010702330891160903
5.461,0,-4.003327462732709,-3.000187479661971,1.2063948688867687,0.010575349069184056
5.461,1,-3.996707136272084,2.9972225429047215,1.2101009899233826,0.01225336826194891
5.471,0,-4.003344226006191,-3.0002663661471907,1.2063276369128866,0.010436122912123634
5.472,1,-3.996721249598297,2.9972788262353944,1.209987999037197,0.013062619520935865
5.482,0,-4.003359942430578,-3.000343653502132,1.2062605416480476,0.01028697548614276
5.482,1,-3.9967362448940955,2.997334279806674,1.2098659874232904,0.013827412882821643
5.491,0,-4.003374693318051,-3.0004192851350533,1.2061937017324853,0.010128640421637873
5.492,1,-3.996752101156395,2.9973886764058597,1.2097354392611928,0.014558121151508905
5.501,0,-4.003388538782196,-3.0004931900947094,1.206127216657031,0.009960427572420752
5.501,1,-3.996768804871134,2.997441826980761,1.2095967587279304,0.015258967081246562
5.511,0,-4.003401513547497,-3.0005652852386175,1.2060613303544936,0.009753464642244357
5.511,1,-3.996786347227456,2.9974935820046986,1.2094504217682003,0.01589066952959144
5.521,1,-3.9968047227042898,2.997543829229802,1.209298092850194,0.016327570333361078
5.522,0,-4.00341362677664,-3.000635479806341,1.2059968091673867,0.009486904606417115
5.531,1,-3.9968239253720457,2.9975924908173486,1.2091416483456439,0.01661495096381834
5.531,0,-4.003424868574392,-3.00070368774971,1.2059343029115521,0.009177502857478178
5.541,0,-4.003435216595257,-3.000769838430203,1.2058742692694868,0.008838167093513238
5.541,1,-3.996843945483422,2.997639518655093,1.2089824346254983,0.01679600240075101
5.551,0,-4.0034446409619395,-3.000833883739782,1.2058170051124926,0.008481101886932798
5.551,1,-3.996864767661943,2.9976848890290446,1.2088213925359963,0.016903909461243774
5.561,0,-4.003453107892498,-3.000895802117152,1.2057628022834663,0.008093072522832624
5.561,1,-3.9968863697548893,2.9977285983385045,1.2086590237616344,0.01700311982440481
5.571,0,-4.003460584211696,-3.0009555974759956,1.2057124061090827,0.007656433369887174
5.571,1,-3.996908723114738,2.9977706626820635,1.2084949449543116,0.017160083564182086
5.581,0,-4.003467047703798,-3.001013292692588,1.2056664606467724,0.007195482591610764
5.581,1,-3.996931797432555,2.997811122437935,1.2083286854144744,0.017358122904007633
5.591,0,-4.003472496718112,-3.001068921002545,1.2056253611028551,0.006728023384380237
5.591,1,-3.996955565644467,2.9978500482513524,1.208159935010031,0.017584164077798305
5.601,0,-4.003476956232702,-3.0011225191636206,1.205589347152967,0.006266912948516476
5.601,1,-3.996980007370333,2.9978875444914928,1.2079885100750207,0.017828347899289578
5.611,0,-4.003480481226508,-3.0011741226307054,1.205558545034074,0.0058229850537293805
5.611,1,-3.997005111197414,2.9979237503577174,1.2078143080783084,0.018085328792857253
5.621,0,-4.003483158385802,-3.0012237638406303,1.2055322538400337,0.0054922074037330225
5.621,1,-3.9970308766112663,2.997958838516948,1.2076378794359048,0.018194412843224983
5.631,0,-4.003485102028295,-3.001271475253324,1.2055072432027019,0.005328021892980373
5.631,1,-3.997057317346174,2.997993011119094,1.2074618573018163,0.018034935342199274
5.642,0,-4.00348643530351,-3.0013172876449716,1.2054806987625986,0.005289820146557544
5.642,1,-3.9970844644845993,2.998026497017067,1.20728853342517,0.01769612344311847
5.651,0,-4.003487274214125,-3.0013612332551816,1.205450691144606,0.005368521181921075
5.651,1,-3.9971123701538245,2.9980595454684473,1.2071194431217782,0.017241557013408244
5.661,0,-4.003487716938323,-3.001403348748014,1.2054159143170435,0.005558162745779273
5.661,1,-3.9971411096960723,2.998092419748819,1.2069556038226434,0.016713594249275057
5.671,0,-4.003487836773005,-3.0014436768472086,1.2053755209401522,0.0058484474869493815
5.671,1,-3.9971707821905715,2.9981253916726045,1.2067976979181338,0.016142396752974318
5.682,0,-4.003487677902819,-3.0014822666747527,1.2053292417552601,0.0061663280431268315
5.682,1,-3.99720150968049,2.9981587369829086,1.206646344990482,0.01549328870838582
5.691,0,-4.003487254410126,-3.0015191715231087,1.2052779583677904,0.006438272879446057
5.691,1,-3.997233431182101,2.998192729102164,1.2065031872236798,0.014679344468196413
5.7010000000000005,0,-4.0034865538652245,-3.0015544466808257,1.2052225449882987,0.0066728269959496845
5.7010000000000005,1,-3.997266675410786,2.998227622351884,1.2063698158320237,0.013764075233345432
5.711,0,-4.003485541780834,-3.001588145613829,1.2051636261959724,0.0068803553417230625
5.711,1,-3.9973013304215788,2.9982636340034547,1.2062472717266495,0.012798860013941132
5.721,0,-4.003484165659519,-3.0016203168411253,1.2051016448871268,0.00706829745736676
5.721,1,-3.997337422950991,2.9983009328547703,1.2061361986604744,0.011822719607170672
5.731,0,-4.003482358627261,-3.001651001585535,1.2050371251414718,0.007194570016403747
5.731,1,-3.997374905000002,2.998339632209971,1.2060362962753899,0.011036104311458586
5.741,0,-4.003480043970181,-3.0016802322546368,1.204971166144654,0.0072263030957521405
5.741,1,-3.9974136483667584,2.9983797864026056,1.2059438892585557,0.010646680326195026
5.751,0,-4.003477142940187,-3.0017080340830073,1.2049046803678574,0.007193170200379039
5.751,1,-3.9974534628271496,2.9984214061350487,1.2058553949209436,0.010518234835164082
5.761,0,-4.003473581711058,-3.00173442627195,1.2048382924845327,0.007114541594407756
5.761,1,-3.997494114142583,2.9984644726106966,1.205768359088358,0.010554141497608478
5.771,0,-4.003469296257275,-3.0017594228926865,1.204772451793075,0.007003687825046727
5.771,1,-3.997535337210627,2.998508946924935,1.2056811325623018,0.010692087972340331
5.781,0,-4.003464235634391,-3.001783033895832,1.2047074672292923,0.006872205634906791
5.781,1,-3.9975768468516235,2.998554777164655,1.2055926019911665,0.010893212200770915
5.791,0,-4.0034583640123635,-3.001805266339693,1.2046434510496544,0.0067506549961735395
5.791,1,-3.9976183466111426,2.998601904584591,1.2055025135721564,0.01102357175492761
5.802,0,-4.003451661271887,-3.001826128369669,1.2045801485245167,0.006660363612378406
5.802,1,-3.997659534094086,2.9986502710944496,1.2054125436826946,0.010984947982269212
5.811,0,-4.003444121149564,-3.0018456378193124,1.2045173288331348,0.006591837694662877
5.811,1,-3.9977001029027,2.9986998253603647,1.2053242486171947,0.010830403602503869
5.822,0,-4.003435749050911,-3.0018638306051466,1.204454844971793,0.006538774008268197
5.822,1,-3.997739744587908,2.998750530227644,1.2052386759150815,0.010598075385827984
5.831,0,-4.00342656002547,-3.0018807661571056,1.2043926170373713,0.006495542266211598
5.831,1,-3.9977781508403285,2.9988023681321136,1.2051565298034554,0.01031467141320208
5.841,0,-4.003416576891934,-3.001896530337705,1.2043306149786557,0.006459132998806198
5.841,1,-3.997815015811268,2.9988553440935495,1.2050782807122897,0.010000400519277754
5.851,0,-4.003405828339434,-3.0019112364563827,1.2042688734381468,0.006417506361784936
5.851,1,-3.9978500385376146,2.9989094868217956,1.2050041935570328,0.009676816701765642
5.861,0,-4.0033943441830155,-3.001925023841461,1.2042075601906839,0.006363216813249261
5.861,1,-3.9978829250532324,2.998964847481967,1.2049343550138005,0.00935619198307329
5.871,0,-4.003382146093742,-3.001938053857412,1.2041468417648913,0.006299543472622398
5.871,1,-3.9979133895186196,2.9990214959122157,1.2048688094639515,0.009045294503233334
5.881,1,-3.9979411552631885,2.9990795163228463,1.20480757054292,0.008751790559855106
5.881,0,-4.003369239572051,-3.0019505053785402,1.204086845566195,0.00623077329727254
5.891,0,-4.003355608808124,-3.0019625705034607,1.204027663395306,0.006159928861658134
5.891,1,-3.9979659558223175,2.99913900354675,1.2047506218720627,0.008483054520224355
5.902,0,-4.003341213855273,-3.0019744506171038,1.2039693736630888,0.0060883717836422305
5.902,1,-3.9979875358507857,2.999200059805472,1.2046979346309405,0.008245702718199785
5.912,0,-4.0033259897553215,-3.0019863528466875,1.2039119796540463,0.006041906014186558
5.912,1,-3.998005652854249,2.9992627913258367,1.2046492316552748,0.008099369780609883
5.921,0,-4.003309847953312,-3.0019984860277256,1.2038548499491466,0.006085837854833029
5.921,1,-3.9980200888007693,2.9993273010660912,1.204601928068198,0.008184710913638914
5.931,0,-4.0032926802506354,-3.0020110541357905,1.2037972303034332,0.006196723554058773
5.931,1,-3.998030659755504,2.9993936855265786,1.2045530031854639,0.00844392211175058
5.941,1,-3.998037228918138,2.9994620305530115,1.2045004233117305,0.008834445300516152
5.941,0,-4.003274364407898,-3.0020242495385516,1.2037386264616647,0.00635434090061521
5.9510000000000005,0,-4.003254769339369,-3.0020382481519876,1.203678712931093,0.006545784087609996
5.9510000000000005,1,-3.998039719317761,2.9995324056856387,1.2044428353884304,0.009327142576531338
5.961,0,-4.003233759419036,-3.0020532062906637,1.2036172838671804,0.006760654419864536
5.961,1,-3.998038120524894,2.9996048601920937,1.2043793584211135,0.009897064827503228
5.971,0,-4.003211197584105,-3.0020692592310794,1.2035547223935927,0.006882970755400665
5.971,1,-3.998032490474651,2.9996794207954918,1.204309512600664,0.010512151027274918
5.981,1,-3.9980229486788073,2.999756092736547,1.2042331811168216,0.011150491795188983
5.981,0,-4.003186953942351,-3.0020865172108073,1.2034926394845906,0.006871005555756535
5.991,0,-4.003160928554975,-3.0021050530832096,1.2034323461687528,0.0067764965562707455
5.991,1,-3.9980096591067324,2.99983486482369,1.2041503556660669,0.011801556451951634
6.001,1,-3.9979928126301734,2.9999157151375972,1.2040610853012272,0.012456650966803382
6.001,0,-4.003133069540249,-3.0021248936757825,1.2033747309640488,0.006633898146105228
6.011,0,-4.0031033841590595,-3.002146015819679,1.2033203917189572,0.006466479827172249
6.011,1,-3.9979726133002926,2.9999986155624363,1.2039654595939075,0.013110001166525475
6.021,0,-4.003071944751628,-3.00216834576405,1.2032697142756026,0.006288588897397438
6.022,1,-3.9979492681223374,3.0000835353312736,1.203863580979369,0.013758390934500285
6.031,0,-4.003038890623216,-3.0021917610104563,1.2032230103461838,0.006089658446481817
6.031,1,-3.997922976756905,3.000170445575483,1.2037564786347763,0.014228572910325034
6.041,0,-4.003004425355468,-3.002216094615023,1.2031809568652974,0.00584610984722191
6.041,1,-3.9978939220879544,3.0002593209153203,1.2036473869635664,0.014452275674039762
6.051,0,-4.002968808930215,-3.002241142570491,1.2031441818728825,0.005580837855168626
6.051,1,-3.997862273227008,3.000350127059465,1.2035389256290205,0.0145113379471069
6.061,1,-3.997828181438203,3.000442814593599,1.2034328733250064,0.014463526966654776
6.061,0,-4.002932346742507,-3.0022666727455434,1.2031130867574447,0.005309874516394937
6.071,0,-4.002895379162502,-3.002292432763022,1.203087924751383,0.00504446848441511
6.071,1,-3.9977917763476447,3.0005373161171334,1.2033304403577694,0.014349591807466727
6.081,0,-4.002858272277445,-3.0023181567042316,1.2030688320129386,0.004793206704161291
6.081,1,-3.997753163960947,3.0006335450328816,1.2032324290945375,0.014198550079306354
6.091,0,-4.002821409136808,-3.0023435714663145,1.203054869042471,0.004622706156122251
6.091,1,-3.9977124272473556,3.0007313946420577,1.2031387165900722,0.014130279335602887
6.101,0,-4.002785176353405,-3.0023684075251613,1.2030426753873338,0.004511162059446739
6.101,1,-3.997669627512621,3.000830739188797,1.2030474659255759,0.014184441634185944
6.111,0,-4.002749946332707,-3.002392413871895,1.203029532340517,0.0044251158955371
6.111,1,-3.9976247995497327,3.000931442254888,1.2029571381498696,0.014315046432448296
6.121,0,-4.002716062697941,-3.002415370112235,1.2030136057254024,0.004373803124826381
6.122,1,-3.9975779516387164,3.0010333617238505,1.2028666803251526,0.014493455351139101
6.131,1,-3.9975290671004045,3.0011363533103177,1.2027753818203362,0.0147007274342028
6.131,0,-4.002683830025346,-3.00243709407058,1.202993676982496,0.004377382541546221
6.141,0,-4.002653507627207,-3.002457445499376,1.2029692687281144,0.004403986178718741
6.141,1,-3.99747810594742,3.0012402736003554,1.2026830400105555,0.014881495461703021
6.151,0,-4.002625306077812,-3.0024763272884125,1.2029412224042397,0.004400740428295459
6.151,1,-3.9974250115188594,3.0013449822827565,1.2025904933357459,0.014996732808968969
6.161,1,-3.9973697323687527,3.0014503412377826,1.2024985250472122,0.01506649767074076
6.161,0,-4.002599379693325,-3.002493689254279,1.2029103850472274,0.004375438929552433
6.171,0,-4.002575822717053,-3.0025095290021757,1.2028773649001538,0.004338454610440011
6.171,1,-3.9973122413916964,3.001556214255253,1.2024076720729335,0.015104190493795739
6.181,0,-4.002554668847965,-3.002523890216961,1.2028425882391094,0.004300808683939855
6.181,1,-3.997252548237899,3.0016624668640035,1.2023182860327377,0.015119120863838847
6.191,0,-4.002535892590817,-3.0025368596238713,1.2028063524254187,0.004270117512003189
6.191,1,-3.9971907066446013,3.0017689660149434,1.202230589453081,0.015115984242492211
6.201,0,-4.002519411331473,-3.0025485634300617,1.2027684476618117,0.004344918731690523
6.201,1,-3.9971268166990717,3.001875579877309,1.2021452612622288,0.015017455966489363
6.211,0,-4.002505090503459,-3.0025591615093385,1.2027275724397852,0.004574667225920127
6.211,1,-3.9970610201577133,3.001982177551816,1.202064714739754,0.014776642921532997
6.221,0,-4.002492756831496,-3.0025688365665513,1.2026826644081492,0.004922172788830408
6.221,1,-3.996993494613383,3.0020886281671446,1.2019909937653848,0.014456378068776598
6.231,0,-4.002482208132424,-3.0025777858796907,1.2026330255354085,0.005353407897653238
6.231,1,-3.996924442472187,3.002194800989303,1.2019254435840736,0.014102243456380151
6.241,0,-4.002473221223757,-3.002586214930806,1.2025782243544858,0.005840079708158414
6.241,1,-3.9968540808741575,3.0023005659021806,1.2018689330812322,0.013746590106595093
6.251,0,-4.002465558785945,-3.0025943321991875,1.2025179989751067,0.006363153142007829
6.251,1,-3.9967826336675802,3.002405794065772,1.2018219906944172,0.01341261563767233
6.261,0,-4.002458975312206,-3.002602345051827,1.2024522980345629,0.006878713088183499
6.261,1,-3.9967103254752048,3.0025103588078963,1.201784612919967,0.013135236606029038
6.271,0,-4.002453223434302,-3.0026104576456385,1.202381629769995,0.007340561306392455
6.271,1,-3.996637380159567,3.002614135619717,1.2017556637083422,0.012919717418887432
6.281,0,-4.002448061515461,-3.0026188720476523,1.2023065155606212,0.007763932298741898
6.281,1,-3.996564024829997,3.002716998220875,1.2017340711769606,0.012739764934341228
6.291,0,-4.002443261202984,-3.002627789836399,1.2022273275482762,0.008159050615351956
6.291,1,-3.996490495312569,3.0028188150287627,1.2017190550375574,0.012578027854862903
6.301,0,-4.002438613015346,-3.0026374129872573,1.2021443511746241,0.00853304203097201
6.301,1,-3.996417039426722,3.002919447159844,1.2017100445726456,0.012423013719664146
6.312,0,-4.002433929855442,-3.002647944540778,1.2020583208584894,0.008754769831503636
6.312,1,-3.9963439180871068,3.003018748382651,1.201706109582156,0.012269013396930855
6.321,0,-4.002429048555233,-3.0026595853667004,1.201971681245458,0.00872548173057872
6.321,1,-3.996271403626422,3.003116568649486,1.2017047040321993,0.012099055934265957
6.331,0,-4.00242383071956,-3.002672517586159,1.2018865371220706,0.008527948114333536
6.331,1,-3.9961997772405105,3.003212757214619,1.201703656419268,0.011902484434126016
6.341,1,-3.9961293261744504,3.003307167581703,1.2017014937808124,0.011679804620138071
6.341,0,-4.0024181633018205,-3.002686889747218,1.2018043150542284,0.008221280590191468
6.351,0,-4.002411958668368,-3.002702807573564,1.2017259594826613,0.007847661598847951
6.351,1,-3.9960603408018933,3.003399661748371,1.2016972127515404,0.011435207593987499
6.361,0,-4.002405154154658,-3.002720328884476,1.2016520871571128,0.007435019319626395
6.361,1,-3.995993111878553,3.003490113197393,1.2016901340710138,0.011173640731335605
6.371,0,-4.002397711249475,-3.0027394614339156,1.2015829324429574,0.007049718722542913
6.371,1,-3.9959279284140963,3.003578408674938,1.201679949302396,0.010895658424131401
6.381,0,-4.002389614295714,-3.002760163009375,1.2015177802254247,0.006761526593135283
6.381,1,-3.995865077410932,3.003664448610565,1.2016671110911425,0.010595656501026774
6.391,1,-3.9958048433529543,3.003748149744322,1.2016521362280728,0.010274195643161928
6.392,0,-4.002380866296593,-3.0027823478777402,1.201455857118261,0.006541712828457954
6.401,0,-4.002371484718179,-3.002805893511106,1.2013966218296719,0.006368668515642289
6.401,1,-3.9957475085924066,3.003829446385939,1.2016353957672938,0.00993329141706989
6.411,0,-4.002361498327234,-3.002830646232247,1.2013396763033706,0.006228377538246611
6.411,1,-3.995693353456527,3.0039082904706382,1.2016171449319863,0.009575911024587396
6.421,0,-4.002350944655443,-3.0028564265024604,1.201284723135585,0.006108695618895096
6.421,1,-3.995642655783374,3.003984650990748,1.2015975585650658,0.00920532160891775
6.431,0,-4.002339867882335,-3.002883033792242,1.201231378819706,0.006039784212497667
6.431,1,-3.995595690939317,3.0040585125713037,1.2015769888444103,0.00881089104150144
6.441,0,-4.0023283143593895,-3.0029102541538797,1.2011787421260458,0.006044253354622926
6.441,1,-3.9955527321735422,3.004129874020497,1.201556495821958,0.00838348295885142
6.451,0,-4.002316322038688,-3.0029378749353395,1.2011260418111072,0.006096050559518298
6.451,1,-3.995514043796421,3.00419875176272,1.201536967145765,0.007935122556339883
6.461,1,-3.9954798769741497,3.0042651811669288,1.2015189907731814,0.007477857639125279
6.461,0,-4.0023039108956375,-3.002965697603844,1.2010727448294753,0.0061775870796428045
6.471,0,-4.00229107658584,-3.0029935463395394,1.2010184935382204,0.006278565674560496
6.471,1,-3.9954504672985185,3.004329216492146,1.2015029587144632,0.007023974316832603
6.481,0,-4.002277786640064,-3.0030212733305253,1.2009632443199547,0.006345893276709764
6.481,1,-3.9954260310151772,3.0043909311597283,1.2014887818752917,0.006602840230911654
6.491,0,-4.002263980657688,-3.003048761296485,1.2009077241518042,0.006339263688007617
6.491,1,-3.995406757064128,3.0044504201368936,1.2014754814824007,0.006231719185014124
6.501,0,-4.002249577292031,-3.0030759241140497,1.2008525968421788,0.006284380096345694
6.501,1,-3.995392800731161,3.0045078028306453,1.201462246165601,0.005917201990372794
6.511,0,-4.002234481709247,-3.003102706265076,1.200798292996316,0.006201093753179869
6.511,1,-3.9953842747282904,3.0045632274385414,1.2014485142341076,0.005670271140666252
6.521,0,-4.002218591321558,-3.003129081434202,1.2007450850450414,0.006102407443607625
6.521,1,-3.995381243646892,3.00461687329072,1.201433898999596,0.005501695258287155
6.532,0,-4.002201800147086,-3.003155050647749,1.2006931460877464,0.005997553829859285
6.532,1,-3.995383721560295,3.0046689513579556,1.201418146281515,0.005419129718371399
6.541,0,-4.002184002148028,-3.0031806399560836,1.2006426818404357,0.005871316289549041
6.542,1,-3.995391675914076,3.004719702264485,1.201401824940562,0.005365021438735334
6.551,0,-4.00216509609026,-3.0032058949018925,1.200594175518213,0.005714023128201412
6.551,1,-3.99540503894361,3.004769387415672,1.2013880126836702,0.005308125533056702
6.561,0,-4.002144995756836,-3.003230868999542,1.2005480182101465,0.005542088210812891
6.561,1,-3.9954236955557345,3.004818273732088,1.2013793750815118,0.005325321380726187
6.571,0,-4.002123639015171,-3.003255612776025,1.2005044678292518,0.005366956829301111
6.571,1,-3.9954474857330666,3.0048666146550373,1.201377690036201,0.005478430704739248
6.581,1,-3.995476210778836,3.004914635884093,1.2013841022222642,0.005794100635720236
6.581,0,-4.002100993675827,-3.003280166224566,1.2004636733626681,0.005197301966050273
6.591,0,-4.002077060717862,-3.003304554001286,1.2004257111447603,0.005036568414603392
6.591,1,-3.9955096390859737,3.0049625260072883,1.2013993207039124,0.006263984983778081
6.601,0,-4.002051875766282,-3.003328782786219,1.2003903581481195,0.004934993891102581
6.601,1,-3.9955475091793504,3.005010430992808,1.2014232063511323,0.006802659091193221
6.611,0,-4.002025508635547,-3.0033528415359303,1.2003564668103344,0.004922097203617106
6.611,1,-3.9955895347096013,3.0050584525818134,1.201454073478568,0.007320292877481453
6.621,0,-4.00199805762705,-3.0033767052570997,1.2003230263706588,0.004962556505267469
6.621,1,-3.9956354251083472,3.0051066510568565,1.2014904763118412,0.007797846541700071
6.632,0,-4.001969644401073,-3.003400339349604,1.2002893535084405,0.005033547009274795
6.632,1,-3.9956848970179224,3.005155049041574,1.2015313970048103,0.008233091949011654
6.641,1,-3.9957376813452687,3.0052036352242038,1.2015761104192961,0.008628732169151781
6.642,0,-4.001940409659218,-3.0034237030413458,1.2002549931786977,0.005120725692942807
6.651,0,-4.001910509234694,-3.003446752079,1.200219635448473,0.005215592493686191
6.651,1,-3.9957935281097026,3.0052523680775347,1.2016240856705358,0.008988488405776105
6.661,0,-4.001880110291248,-3.003469440665048,1.200183390512683,0.005246932753868362
6.661,1,-3.9958522094781213,3.0053011795262843,1.2016749222988343,0.009315296318016366
6.672,0,-4.001849387153153,-3.003491721066394,1.200147933399583,0.005132481927400187
6.672,1,-3.995913518851254,3.0053499805787083,1.2017282744297495,0.009610432793771549
6.681,0,-4.001818517549339,-3.0035135400798216,1.2001148721991026,0.004920965359983484
6.681,1,-3.995977262491618,3.0053986726276953,1.2017838715261953,0.009878174016629777
6.691,1,-3.9960432502496137,3.0054471588658904,1.20184151473111,0.010122053512851704
6.692,0,-4.001787678176299,-3.0035348347499786,1.200085280319893,0.004650623572551929
6.7010000000000005,1,-3.996111289221136,3.005495352567196,1.2019010660051357,0.010344755846114079
6.7010000000000005,0,-4.001757041025566,-3.003555529487829,1.2000598713225283,0.004350864971458882
6.711,0,-4.001726770776029,-3.0035755345775756,1.2000390975681128,0.004045202937982302
6.711,1,-3.9961811798459577,3.005543182860832,1.2019624204172308,0.010547663201471609
6.721,0,-4.001697022788479,-3.0035947461040395,1.2000228855702666,0.003790084081612024
6.721,1,-3.996252713609593,3.0055905985381086,1.2020253161546302,0.010701808705988993
6.731,0,-4.001667940079821,-3.003613052238713,1.2000094442739437,0.0036166303477575676
6.731,1,-3.996325673172006,3.0056375683083516,1.2020887130595572,0.010772118199045055
6.741,0,-4.00163965013882,-3.0036303498841206,1.1999970164515494,0.003484088622007165
6.741,1,-3.9963998402547842,3.0056840736521586,1.2021516363598066,0.010780396819777592
6.751,0,-4.00161226154791,-3.0036465625302338,1.1999843955979757,0.0033786634494596076
6.751,1,-3.9964750028085274,3.0057301007010984,1.2022134179237167,0.010743804896358162
6.761,1,-3.996550959711531,3.0057756343777116,1.202273613375566,0.010674969212019427
6.761,0,-4.001585861404052,-3.003661652495763,1.1999707687688497,0.003299037715923924
6.771,0,-4.001560513889237,-3.003675628019164,1.1999555953538583,0.0032486969946969517
6.771,1,-3.996627523982054,3.0058206544076005,1.2023319348433354,0.010582307444759322
6.781,1,-3.996704524793678,3.005865132781081,1.2023881852947587,0.010470332994913746
6.781,0,-4.001536259657483,-3.0036885464797023,1.19993843649809,0.0032458111937012386
6.791,0,-4.001513117125377,-3.003700512771579,1.199918481409703,0.003326358308320268
6.791,1,-3.9967818091300646,3.005909033977618,1.2024422005767517,0.0103424848376691
6.801,0,-4.001491091045485,-3.003711666556189,1.1998950006000648,0.0034878745166304747
6.801,1,-3.9968592446608,3.005952321547338,1.2024938840654136,0.010204466291300958
6.811,0,-4.001470182264685,-3.003722167176449,1.1998675208106921,0.003720910851740051
6.811,1,-3.996936722429626,3.0059949661370835,1.2025431881827078,0.010060259847866017
6.821,0,-4.001450394762858,-3.003732182080944,1.1998357462748448,0.004010474437148808
6.821,1,-3.9970141582815275,3.006036951059259,1.202590095289449,0.009914055945199767
6.83,0,-4.001431740571232,-3.003741878170694,1.1997995162931434,0.004341875476529995
6.83,1,-3.9970914932781225,3.006078275737222,1.2026346247384376,0.009769829988328314
6.839,0,-4.001414242822848,-3.003751415567574,1.199758644564575,0.004738035322954355
6.839,1,-3.9971686933040456,3.0061189574886216,1.202676824566414,0.009632537800193349
6.851,0,-4.001397934583113,-3.003760942482728,1.1997120451496228,0.005288030217113278
6.851,1,-3.9972457452382133,3.0061590301751973,1.2027168585628818,0.009508730897951097
6.861,0,-4.001382850081871,-3.0037705882971317,1.199658500783363,0.0059544970346814725
6.862,1,-3.9973226432457127,3.0061985360526493,1.2027549233258599,0.00939670102007323
6.871,0,-4.001369012613333,-3.003780457149345,1.199597225311989,0.0067005756170439084
6.871,1,-3.9973993732161848,3.006237516259648,1.2027911870106671,0.009293258502026542
6.881,0,-4.001356425530254,-3.0037906238095977,1.199527723484819,0.0074993752930247485
6.881,1,-3.997475901765745,3.0062760041572902,1.202825787195434,0.009194351281607041
6.891,0,-4.0013450672300745,-3.0038011316132223,1.1994500676378783,0.008212426280680647
6.891,1,-3.9975521691839635,3.0063140210828543,1.2028588404910197,0.009096089174184403
6.901,0,-4.00133489069784,-3.003811996467028,1.1993668794182968,0.008604696378554221
6.901,1,-3.997628086455058,3.0063515734299875,1.2028904598262709,0.008994630034330299
6.911,0,-4.001325819667747,-3.0038232232814144,1.199280999519069,0.008764894422728433
6.911,1,-3.9977035381385595,3.006388649764477,1.202920733809855,0.008885584269098716
6.921,0,-4.0013177479823225,-3.0038348257675214,1.1991943844854809,0.008765667626663701
6.922,1,-3.9977783876412865,3.006425218741487,1.2029497262393627,0.008765712316273577
6.931,0,-4.001310541662841,-3.0038468409070966,1.1991083781298728,0.00865878086896771
6.931,1,-3.997852482011676,3.0064612282844942,1.2029774973832412,0.008632484393767693
6.941,1,-3.9979256560893246,3.0064966058757756,1.2030040923753536,0.008483260637145416
6.942,0,-4.001304041209186,-3.0038593381790406,1.1990238866806866,0.008481449662867792
6.952,0,-4.001298064093606,-3.0038724247380406,1.198941607421822,0.008234472301950527
6.952,1,-3.997997736601395,3.0065312601425465,1.2030293576723827,0.008303131107219183
6.962,0,-4.001292407322761,-3.0038862452786277,1.1988623561347511,0.007917787083530891
6.962,1,-3.998068550014527,3.0065650870519915,1.2030526986830163,0.008088977961424604
6.972,0,-4.001286849326303,-3.003900974221264,1.1987867405693622,0.007561007579111005
6.972,1,-3.9981379357836637,3.0065979821460154,1.2030736511532982,0.007851253182861149
6.981,0,-4.001281152296348,-3.0039168066943045,1.198715142533991,0.00718497992654416
6.981,1,-3.9982057583463906,3.0066298516897283,1.2030919186515847,0.007599151015973758
6.991,0,-4.001275065055109,-3.0039339509403726,1.1986478043829967,0.006804811855775142
6.991,1,-3.9982719152128054,3.006660620255197,1.2031073269706594,0.007341219343846953
7.001,1,-3.998336341808579,3.0066902354011766,1.2031197917004395,0.007084918983900864
7.002,0,-4.001268326156128,-3.00395262216414,1.1985848660532243,0.006435005697999394
7.011,0,-4.001260667119427,-3.0039730373117757,1.1985263139479245,0.006106664830288211
7.011,1,-3.99839901440139,3.0067186704543114,1.2031289372920233,0.006826948750267077
7.021,0,-4.00125181687003,-3.003995409236636,1.198471833761864,0.005843224974736535
7.021,1,-3.9984599506707803,3.006745923829942,1.2031332897018063,0.00658603772482476
7.032,0,-4.0012415079023915,-3.0040199398686993,1.1984211328094447,0.005641557036235511
7.032,1,-3.998519202401491,3.0067720097513986,1.20313162430046,0.006402319756854807
7.041,0,-4.001229482199103,-3.004046813983972,1.198373977886128,0.005504173221572445
7.041,1,-3.9985768493364713,3.006796950049547,1.2031231561926996,0.006306391095443478
7.051,0,-4.001215495772192,-3.0040761950117774,1.1983301681682133,0.005431426992379866
7.051,1,-3.9986329942026555,3.0068207684864463,1.203107402527596,0.006316537903660998
7.061,0,-4.001199322460414,-3.0041082222895077,1.1982894035210379,0.005448099927322524
7.061,1,-3.998687758126767,3.0068434867275395,1.2030842208687356,0.006426057745110017
7.071,0,-4.00118075892899,-3.0041430096542245,1.1982510637944228,0.005556305286536079
7.072,1,-3.998741278705185,3.006865123290707,1.2030538818177345,0.006616327263880657
7.082,0,-4.00115963047571,-3.0041806473972694,1.198214637838331,0.005733877012650497
7.082,1,-3.9987937127902384,3.006885696738915,1.2030166650802943,0.006875108197281137
7.091,0,-4.001135796290386,-3.004221203860021,1.1981797638583416,0.0059641113973355276
7.091,1,-3.998845238588049,3.0069052285567075,1.2029728216975253,0.00718903256611039
7.102,0,-4.001109152676834,-3.0042647270176546,1.1981461790471841,0.006234239848216995
7.102,1,-3.9988960560840354,3.0069237450268234,1.2029225941051394,0.007546965822689219
7.111,0,-4.001079634305383,-3.0043112462952375,1.1981136791630316,0.006534335116415233
7.111,1,-3.998946386158913,3.006941278377208,1.202866198258663,0.007940314050354329
7.121,0,-4.001047214142166,-3.0043607740903786,1.1980819983326951,0.006869392345473634
7.122,1,-3.9989964686450037,3.006957866959402,1.202804155590672,0.008287000103460288
7.131,0,-4.001011900393159,-3.004413302407655,1.198050420847192,0.007245310517172413
7.131,1,-3.999046555417886,3.0069735521345717,1.2027385116345555,0.008481753521475732
7.141,0,-4.000973722857859,-3.0044687917782946,1.1980182830420942,0.007643151565209389
7.142,1,-3.999096891137139,3.0069883719364676,1.2026711771405152,0.008568169618510365
7.151,0,-4.000932719810939,-3.004527158783003,1.197985123326281,0.008048872408490688
7.151,1,-3.999147692404704,3.007002353388545,1.2026034626664521,0.008580574241955258
7.161,0,-4.000888929011162,-3.004588268201034,1.1979506326584701,0.008452632553781052
7.161,1,-3.999199133149706,3.007015507246532,1.2025362736881577,0.008544054706954178
7.171,0,-4.000842381880312,-3.0046519293733422,1.197914592725674,0.008847557781879246
7.171,1,-3.9992513354548516,3.007027825330041,1.2024702189755434,0.008476630295907738
7.181,0,-4.000793100254124,-3.004717896099015,1.197876821505479,0.009230594103756045
7.181,1,-3.999304365396468,3.007039279098847,1.202406464606023,0.008249017953571695
7.191,0,-4.0007410985415826,-3.0047858738428426,1.197837129762638,0.009598440559000018
7.191,1,-3.999358233981749,3.0070498192964963,1.2023478755482364,0.007829269060430811
7.201,0,-4.00068639275261,-3.0048555371052,1.1977953842387443,0.009947598686053414
7.201,1,-3.999412899862733,3.007059379613056,1.2022967159921438,0.007314003512862241
7.211,0,-4.000629008966544,-3.00492654611266,1.1977514908717728,0.010276373755858735
7.211,1,-3.9994682751574744,3.0070678791096186,1.2022544724597968,0.006782741585773443
7.221,0,-4.000568988762962,-3.004998559803836,1.197705387025752,0.010583464097315155
7.221,1,-3.9995242317106547,3.0070752244423926,1.2022221037520464,0.0063013290216773175
7.231,0,-4.000506391894584,-3.0050712457340003,1.197657239870233,0.010842350169402822
7.231,1,-3.9995806069570095,3.0070813128144582,1.2021996334808946,0.005979780681515195
7.241,0,-4.000441297841862,-3.0051442865238833,1.1976081479375253,0.011021067712425281
7.241,1,-3.99963721360189,3.0070860371865784,1.202184105914409,0.005834442131392952
7.252,0,-4.00037381550175,-3.0052173808686526,1.1975591487736408,0.011137399346927217
7.252,1,-3.9996938627387646,3.007089284599009,1.2021725833308121,0.005761295497202749
7.261,0,-4.000304089950493,-3.0052902439460234,1.1975109463675684,0.01120449306386173
7.261,1,-3.9997503849242744,3.0070909362428897,1.2021630446734266,0.005715679368722371
7.271,1,-3.9998066442164624,3.0070908688153613,1.2021540916236861,0.005683371386285742
7.272,0,-4.000232304999712,-3.005362608072782,1.1974640012935445,0.011231356889086512
7.281,0,-4.000158683306249,-3.005434223264389,1.1974186038171646,0.01122305541558779
7.281,1,-3.999862547086177,3.007088955616064,1.2021447547561641,0.005663451649031646
7.291,1,-3.9999180472861466,3.00708506789011,1.202134221306303,0.0056682843633764175
7.292,0,-4.000083484221035,-3.005504857464931,1.197375069256266,0.011169113482276853
7.301,0,-4.000006998166004,-3.005574297540882,1.1973340605367837,0.011064284392992917
7.301,1,-3.9999731445488216,3.007079076797741,1.2021213634333534,0.005715351472860035
7.311,0,-3.9999295370966426,-3.0056423533520307,1.1972961070765333,0.010920056364091494
7.311,1,-4.0000278740000015,3.007070853595052,1.2021052840317341,0.005812636693751225
7.322,0,-3.9998514239951355,-3.0057088610575806,1.197261548788784,0.010744881791954215
7.322,1,-4.000082294886097,3.007060270776015,1.2020853855868814,0.0059647506838339925
7.33,0,-3.999772984162653,-3.0057736846410066,1.1972305943456065,0.010545070869554906
7.33,1,-4.000136481807563,3.00704720354375,1.2020612788510157,0.0061723575111687495
7.342,0,-3.9996945382197717,-3.0058367161937984,1.1972033491851513,0.010325919929513771
7.342,1,-4.000190517805392,3.007031531240666,1.2020327066693597,0.006433179534946408
7.351,0,-3.999616396604385,-3.0058978754686208,1.197179738849348,0.01009915384869365
7.351,1,-4.0002444890303055,3.0070131381999574,1.2019996670314714,0.006714433001232194
7.361,0,-3.9995388545766533,-3.0059571100179547,1.1971589100227495,0.009878776249626988
7.361,1,-4.000298480330636,3.00699191526741,1.2019632996707736,0.006949973275388434
7.372,0,-3.999462187378468,-3.0060143931887704,1.197139932953674,0.009656289696958588
7.372,1,-4.000352570146797,3.0069677766589793,1.2019248516360916,0.007149267871651832
7.381,0,-3.9993866463767476,-3.0060697223687733,1.1971221490057073,0.009427505469252915
7.381,1,-4.00040682596602,3.0069406768043008,1.2018851888507804,0.00732373423586441
7.391,0,-3.9993124564742675,-3.006123117387566,1.1971051017378405,0.009191522711793751
7.391,1,-4.000461301493743,3.006910620134491,1.2018449186569795,0.007481476028922322
7.401,0,-3.999239814645293,-3.0061746185326608,1.197088463380062,0.008949281282493225
7.401,1,-4.000516035378375,3.0068776664128833,1.2018044553090312,0.007627748562299081
7.411,0,-3.9991688891865724,-3.006224284478748,1.1970719110154155,0.008707176498879553
7.411,1,-4.000571051022579,3.0068419329358167,1.2017639237785034,0.0077874796323081
7.421,0,-3.999099817414482,-3.006272191031216,1.1970548041972955,0.008474405749525193
7.422,1,-4.00062635629111,3.0068035945242064,1.201722646479569,0.007986733556466365
7.429,0,-3.999032700475165,-3.0063184298806602,1.197036581169177,0.008253332919781963
7.429,1,-4.000681942336554,3.00676287578574,1.2016799445615964,0.008206430747085491
7.441,1,-4.00073778240772,3.006720043867812,1.2016353622984923,0.008433129751531912
7.441,0,-3.998967598044049,-3.0063631079224757,1.1970168516712227,0.008047909015313688
7.452,0,-3.998904525431365,-3.006406346199899,1.1969953442494605,0.007862312968607824
7.452,1,-4.000793831544136,3.006675402345582,1.201588596938451,0.008656504967339645
7.462,0,-3.9988434531133796,-3.006448278317766,1.1969718826022846,0.007700525488735171
7.462,1,-4.00085002710659,3.006629285001859,1.2015394685514587,0.008868224669816023
7.472,0,-3.998784307436691,-3.0064890488122766,1.196945995430233,0.007599731579874996
7.472,1,-4.000906289917061,3.0065820490824753,1.2014882699356102,0.009002888897906357
7.481,0,-3.9987269739852485,-3.0065288088871145,1.196916074922112,0.0076035605132221806
7.481,1,-4.000962525866008,3.0065340656342325,1.2014366701186319,0.009008522699359032
7.492,0,-3.99867131071111,-3.0065677039886154,1.1968807637816494,0.007714671741257934
7.492,1,-4.00101862780899,3.006485706003811,1.2013861608745808,0.008917292567085188
7.501,0,-3.9986171588520447,-3.006605863777271,1.1968391537894936,0.007931046178635883
7.501,1,-4.001074477625625,3.0064373270949236,1.2013377632892481,0.008755208115856245
7.511,0,-3.998564351088875,-3.0066433957529233,1.196790642303311,0.008244129840023444
7.511,1,-4.001129947917539,3.006389260373251,1.2012921628166398,0.008541472060201633
7.521,0,-3.9985127194119254,-3.0066803808329863,1.1967359062057348,0.008466514219084877
7.521,1,-4.0011849037393485,3.006341804121169,1.201249402164274,0.008350931979279773
7.531,0,-3.998462106304696,-3.0067168688271693,1.1966783040663498,0.00848644629713364
7.531,1,-4.001239206711926,3.0062952150815545,1.201207413135092,0.008263748634235213
7.541,1,-4.001292721245055,3.006249699363146,1.2011641652414582,0.008248189234954791
7.542,0,-3.9984123778775404,-3.0067528741133374,1.196620596299194,0.008357709089679
7.551,0,-3.9983634384628117,-3.006788371655993,1.1965646555575962,0.008125296971013832
7.552,1,-4.0013453208353775,3.0062054049781266,1.2011183063345883,0.008288298348824387
7.561,0,-3.9983152402622353,-3.006823295860375,1.1965117487167523,0.007823327173518945
7.561,1,-4.0013968925100105,3.006162417871478,1.2010689606079379,0.008376460877902914
7.571,0,-3.998267788624044,-3.0068575417083743,1.1964627068381566,0.007476416294168627
7.571,1,-4.0014473393703245,3.0061207610224643,1.2010155642057776,0.008508673202403694
7.581,0,-3.9982211432767683,-3.006890967963294,1.1964175251865576,0.007178390669300758
7.582,1,-4.00149658092456,3.0060803968151824,1.2009583459154953,0.008584218435023903
7.591,0,-3.998175413056231,-3.00692340231872,1.1963747254432444,0.006960122232040189
7.591,1,-4.001544549905344,3.006041237463794,1.2008990728119748,0.008547897442035808
7.602,0,-3.9981307451913826,-3.0069546457397682,1.196333034932987,0.006787837583657533
7.602,1,-4.001591188087277,3.0060031638191265,1.2008392260784593,0.008430885656870502
7.611,0,-3.998087313556621,-3.006984477670284,1.196291566610539,0.006640253792389501
7.611,1,-4.0016364408857354,3.0059660452063603,1.2007798289988056,0.008256224221303959
7.621,0,-3.9980453088389947,-3.007012661020157,1.1962497183675915,0.006505377986517973
7.621,1,-4.001680253341157,3.0059297544910626,1.200721602850342,0.00804085252293856
7.631,0,-3.9980049307775753,-3.007038946676824,1.1962070689468605,0.0063783323246074065
7.631,1,-4.001722567718354,3.0058941788562605,1.2006650436138981,0.007797565636321901
7.641,0,-3.9979663827023932,-3.007063076857951,1.1961636571497538,0.006186909278110455
7.641,1,-4.001763322119808,3.005859227169736,1.200610595425252,0.007512234148663356
7.651,0,-3.9979298679997455,-3.0070847868828072,1.1961212107658483,0.005836365102906166
7.651,1,-4.001802448482814,3.005824831751371,1.2005591057732734,0.0071637857481512005
7.661,0,-3.997895578240865,-3.0071038165645683,1.1960814043805852,0.005370604694220981
7.661,1,-4.001839869988321,3.0057909395012303,1.2005113103340983,0.0067751389483744215
7.671,0,-3.997863683711643,-3.0071199192958282,1.1960453395984225,0.004827178793892931
7.671,1,-4.001875498073151,3.0057575015475244,1.2004676881379206,0.006364282531342548
7.681,0,-3.9978343279541266,-3.007132867267719,1.1960137328987792,0.004234384246846045
7.681,1,-4.001909230586717,3.0057244659669267,1.2004285493851559,0.005943548802815001
7.691,0,-3.997807624398878,-3.007142454827155,1.195987043250212,0.003617487002415807
7.692,1,-4.001940951159692,3.0056917729270443,1.2003940975753915,0.005523537401618226
7.7010000000000005,1,-4.001970529973876,3.0056593517512638,1.200364214367042,0.005145130901680202
7.702,0,-3.997783653930786,-3.007148501352515,1.1959653116698221,0.003045574871728542
7.711,0,-3.997762460146748,-3.0071508561226348,1.1959473908361524,0.0025930327293119853
7.711,1,-4.001997826337684,3.005627120313228,1.2003381697305415,0.0048202242471103406
7.721,0,-3.9977440459745086,-3.007149397080106,1.1959321306485442,0.002258718082769524
7.721,1,-4.00202269095748,3.0055949869941085,1.2003153543089222,0.0045349244353025606
7.731,1,-4.002044969575133,3.005562852930676,1.2002953317794445,0.004282909359355805
7.732,0,-3.9977283686935574,-3.00714403170794,1.195918700769732,0.0020592209073227673
7.741,0,-3.9977153371720537,-3.0071346978250326,1.195906496859974,0.002009654571672601
7.741,1,-4.002064506247209,3.005530614095699,1.2002777872376569,0.004061896199428631
7.751,1,-4.002081146052665,3.005498163131202,1.2002625022948208,0.0038730882229371854
7.752,0,-3.997704811817902,-3.007121363103845,1.195895088714442,0.002103895543763903
7.761,1,-4.00209473917935,3.005465391078269,1.2002487821364336,0.0037706791027752496
7.7620000000000005,0,-3.9976966058977412,-3.007104024998369,1.1958839004804769,0.0023455028526053255
7.771,0,-3.9976904886911684,-3.007082712244499,1.1958715323400633,0.002714353045645931
7.771,1,-4.002105148216178,3.0054321880781667,1.2002341446704679,0.0038007481444671375
7.782,0,-3.997686195808427,-3.0070574803851344,1.1958567935815152,0.00315937561931727
7.782,1,-4.002112246176324,3.0053984396099787,1.2002164612553636,0.0039615025235380345
7.791,0,-3.997683437517988,-3.007028410656372,1.195838871116091,0.0036507714700543532
7.791,1,-4.002115919054268,3.005364023146542,1.2001943087275784,0.004255258108159602
7.802,0,-3.997681905312586,-3.0069956093635044,1.195817200389144,0.004170150057969911
7.802,1,-4.0021160688049875,3.005328806457714,1.2001667367405695,0.004672625304145402
7.811,0,-3.9976812778926267,-3.0069592053707113,1.1957916853946247,0.00465851302066561
7.811,1,-4.002112614523213,3.00529264688427,1.2001332754920024,0.005164282514212283
7.822,0,-3.997681227347696,-3.0069193432660763,1.1957633649064605,0.0050690860193273735
7.822,1,-4.002105494150699,3.0052553928004886,1.200094213018827,0.00567928414398037
7.831,0,-3.997681425121659,-3.0068761779945756,1.1957331751507685,0.005422855334416911
7.831,1,-4.002094674022929,3.0052168902535525,1.200049900519463,0.00620999224994128
7.841,0,-3.9976815488898865,-3.006829865806524,1.195701729180882,0.005736216755405317
7.841,1,-4.002080155629519,3.00517698918587,1.2000006018994978,0.006751087251937091
7.851,0,-3.9976812882786232,-3.0067805567600416,1.1956694292491057,0.00602093124672729
7.851,1,-4.0020619788506115,3.0051355477824067,1.199946534966657,0.00729672562152721
7.861,0,-3.997680349145253,-3.0067283897858768,1.1956365341767667,0.006286145307310168
7.862,1,-4.002040222963666,3.0050924354920414,1.1998878866952283,0.007843366606860013
7.871,1,-4.002015005127438,3.0050475346983783,1.1998250592288213,0.008340951692033126
7.872,0,-3.997678457187788,-3.006673490180125,1.1956030362504486,0.006560456775430525
7.881,0,-3.997675367631013,-3.006615971017462,1.195568332685068,0.006862743846492238
7.881,1,-4.001986477677525,3.0050007444042883,1.1997590313450808,0.008768218913508331
7.891,0,-3.997670886707982,-3.006555937232827,1.1955318858994823,0.0071825978147863935
7.891,1,-4.001954829225657,3.004951990721386,1.1996905979581283,0.009144698331882205
7.901,0,-3.9976648913977635,-3.0064934920534325,1.1954933191157326,0.007513754184288507
7.901,1,-4.001920282823879,3.0049012346060184,1.1996202985044975,0.009483452494237363
7.911,0,-3.9976573412479146,-3.0064287422698466,1.1954523681074352,0.007849990478611391
7.912,1,-4.001883092838006,3.004848475945465,1.1995484992458185,0.00979095392944413
7.922,0,-3.997648283855602,-3.006361801956365,1.19540885955836,0.00818611606405454
7.922,1,-4.001843541211444,3.004793755084788,1.199475455523855,0.010070654391673813
7.931,1,-4.0018019332231125,3.004737152064361,1.1994014765807057,0.010294507389815476
7.932,0,-3.99763785470765,-3.0062927942411606,1.1953630684733583,0.008453951168152717
7.942,0,-3.997626266355476,-3.006221848964581,1.1953171517461778,0.008574112929102113
7.942,1,-4.001758590919759,3.0046787819846763,1.1993274696917158,0.010428126346663472
7.9510000000000005,0,-3.997613783882787,-3.006149103502744,1.1952731662976233,0.008596465249887292
7.9510000000000005,1,-4.001713844353001,3.0046187870035967,1.1992542695071169,0.010494030769908784
7.962,0,-3.9976006953332113,-3.0060746987393956,1.195232494305827,0.008561983824633478
7.962,1,-4.001668021121684,3.004557326451616,1.1991824312778014,0.010509923072559477
7.971,0,-3.997587287957772,-3.0059987741138485,1.1951960374605903,0.008500757820474806
7.971,1,-4.001621437660227,3.004494568417181,1.1991123139000885,0.010487103953629283
7.982,0,-3.997573831303224,-3.0059214629556834,1.1951647347360133,0.008402787909642013
7.982,1,-4.001574393056174,3.004430684148724,1.1990435388641991,0.010539233182012341
7.991,1,-4.0015271639347345,3.0043658464466176,1.1989735707881266,0.010749542271474776
7.991,0,-3.997560571316195,-3.0058428853325143,1.1951401965154405,0.008292735850181521
8.001,0,-3.997547737490099,-3.0057631387246806,1.1951236236514802,0.008222510084235917
8.001,1,-4.001479998183404,3.00430022835649,1.1989001757991322,0.011067236560955184
8.012,0,-3.9975355511940065,-3.0056822890432837,1.1951157692195087,0.008227789177109231
8.012,1,-4.001433112027838,3.004234005548443,1.1988218484721624,0.01146066921799385
8.02,0,-3.997524231643305,-3.0056003651185867,1.1951170956151485,0.008330515406615516
8.02,1,-4.00138668883698,3.0041673583906072,1.1987375955074753,0.011909230267549427
8.03,1,-4.001340878929155,3.0041004730958467,1.198646764675714,0.012398609968670574
8.031,0,-3.9975140000006655,-3.005517356251581,1.195127839800805,0.0085397416217788
8.041,0,-3.99750508086169,-3.005433213117073,1.195147356793002,0.00880246538247764
8.041,1,-4.001295800391419,3.00403354207635,1.1985491878078167,0.012866339259331932
8.051,0,-3.99749769945051,-3.005347854129556,1.1951724656086555,0.009024453967294281
8.051,1,-4.001251539927372,3.0039667636820564,1.1984456923164113,0.013260857140869565
8.061,1,-4.001208150930425,3.0039003413303216,1.1983370642311466,0.013601542317337
8.061,0,-3.9974920823317026,-3.0052611720605094,1.1952003591338476,0.009198031150357196
8.071,0,-3.997488455233389,-3.0051730434450175,1.195229091645917,0.009337371938364127
8.071,1,-4.00116565256151,3.0038344821165195,1.1982238583282097,0.013901740378159432
8.081,0,-3.9974870402429694,-3.005083336673904,1.19525732391031,0.009460777682488044
8.081,1,-4.001124030445877,3.00376939537446,1.1981064844135485,0.014171174484035874
8.091,0,-3.997488053343357,-3.004991918208817,1.19528413800237,0.009583945346982483
8.091,1,-4.001083238393178,3.0037052911823676,1.1979852424538464,0.01441834047849759
8.101,0,-3.997491704142042,-3.004898655994904,1.1953095737140005,0.009760334379802818
8.101,1,-4.001043201490403,3.003642380177366,1.1978614627952158,0.014416146395161316
8.111,0,-3.9974981961293348,-3.0048034220249815,1.1953354917602612,0.010008012773124225
8.111,1,-4.00100381885846,3.0035808709380993,1.1977390949819573,0.014073299991255691
8.121,0,-3.9975077169543782,-3.004706102092651,1.195363449533327,0.010311497362626727
8.121,1,-4.00096496174159,3.0035209547611617,1.1976213237026274,0.013499952471420766
8.131,0,-3.997520433862519,-3.0046066009030286,1.195394473466903,0.010661410961278078
8.131,1,-4.000926474451191,3.0034627946103636,1.1975102858304558,0.012778397006123184
8.141,0,-3.997536491523238,-3.004504844552014,1.1954292243493467,0.011050737468563093
8.141,1,-4.000888176508264,3.0034065185809955,1.1974073875531113,0.01196805368877831
8.151,0,-3.9975560084995476,-3.004400783172904,1.1954675294860895,0.011416910931424043
8.152,1,-4.000849865511606,3.0033522162379476,1.197313421776462,0.01113912244482743
8.162,0,-3.997579065802825,-3.004294397290023,1.1955070435319055,0.011705445440429818
8.162,1,-4.000811324797489,3.003299940328411,1.197228413775695,0.010343913002326628
8.171,1,-4.000772340450588,3.003249718970739,1.1971522129628767,0.009588712060887834
8.171,0,-3.9976056982830888,-3.004185699329309,1.1955456507765594,0.011942465738187245
8.182,0,-3.9976358811805004,-3.0040747384256576,1.1955819035672646,0.012148968733352862
8.182,1,-4.0007327174411005,3.003201567322666,1.1970846645996427,0.008879139509921705
8.192,0,-3.997669520460914,-3.003961603476842,1.1956148038029113,0.012337613887052196
8.192,1,-4.0006922907921805,3.0031554956295343,1.197025609342916,0.00822198813640485
8.202,0,-3.9977064482139664,-3.003846423431579,1.1956436587677772,0.012514847043684477
8.202,1,-4.000650932885251,3.003111514643823,1.1969748632457051,0.00762542215510955
8.211,0,-3.997746423226832,-3.0037293649637133,1.195668234498306,0.012694614065857056
8.211,1,-4.000608557840063,3.003069638684218,1.1969319983098297,0.007143961947378285
8.218,0,-3.997789139920367,-3.0036106266968257,1.1956895269411367,0.012881156744147795
8.218,1,-4.000565123868507,3.003029883282169,1.1968943302357777,0.006893390131165621
8.231,0,-3.997834243278937,-3.0034904332266406,1.1957085552223805,0.013054676183600811
8.231,1,-4.000520622593447,3.0029922689321262,1.196858729114686,0.006793811055274735
8.241,1,-4.000475065227434,3.0029568232554618,1.1968230301506253,0.006794744508862829
8.242,0,-3.9978813490838023,-3.0033690266207294,1.1957260101858207,0.013203917147102097
8.251,0,-3.9979300612535353,-3.003246658930513,1.1957423615249911,0.013322573915313617
8.251,1,-4.0004284733302455,3.0029235796863936,1.1967857599211482,0.006869989735755374
8.261,0,-3.997979985071845,-3.0031235864443695,1.1957579128718911,0.013407301173784017
8.261,1,-4.000380872090689,3.002892576294336,1.1967459090503008,0.0070054169822889555
8.272,0,-3.998030737639804,-3.0030000650123077,1.1957731966340184,0.01346826851424511
8.272,1,-4.000332285145829,3.002863855601076,1.196703146061329,0.007126051924087619
8.281,0,-3.99808195608354,-3.0028763469159827,1.195790256019807,0.013522353006554771
8.281,1,-4.000282730604082,3.0028374649887524,1.196659048719385,0.007136553416013279
8.292,0,-3.9981333021744945,-3.002752681175121,1.19581094273335,0.013571415571745283
8.292,1,-4.000232223407017,3.00281344502171,1.1966152221109565,0.007071926163200066
8.302,0,-3.9981844672661357,-3.0026293132020294,1.1958364552495715,0.013620126629011953
8.302,1,-4.0001807770705105,3.0027918205570225,1.1965727378245112,0.006962120154427569
8.311,0,-3.998235175805616,-3.002506484231894,1.1958675533570597,0.013672568493110812
8.311,1,-4.000128404277097,3.002772596112917,1.1965323117433875,0.00682947457026433
8.321,0,-3.998285186864839,-3.0023844311509666,1.1959050138587985,0.013758857704714487
8.321,1,-4.000075117339442,3.0027557531332705,1.1964943823093397,0.006695250958041726
8.332,0,-3.998334290860329,-3.0022633873477207,1.1959508952760949,0.013934267944059175
8.332,1,-4.0000209297655065,3.00274124883102,1.196459104785673,0.006574047608472846
8.341,0,-3.998382300624716,-3.0021435814030433,1.1960069987737219,0.014208381249593352
8.341,1,-3.9999658600798247,3.0027290169706387,1.196426531024733,0.006468971775971339
8.351,1,-3.999909935398419,3.0027189691938014,1.1963966774236434,0.006381388072766596
8.351,0,-3.998429041355968,-3.0020252358525594,1.196074470089785,0.014582273329452531
8.361,0,-3.998474343020924,-3.00190856631911,1.196153981616008,0.01504822721249618
8.361,1,-3.9998531936227817,3.002710996581887,1.1963695199265607,0.006311800071362652
8.371,0,-3.9985180365712325,-3.001793779289425,1.196245195957714,0.015492901069980703
8.371,1,-3.999795684653172,3.0027049712515823,1.1963448291168597,0.006274594136905329
8.381,0,-3.9985599581772524,-3.001681066586019,1.1963459517027077,0.015838462368444214
8.381,1,-3.999737471664491,3.002700747689371,1.1963219467956225,0.006268848237160222
8.391,0,-3.998599958707774,-3.001570601509375,1.1964543932403746,0.016102234054884722
8.391,1,-3.9996786326633003,3.0026981646836384,1.1963003168328659,0.006280870989910892
8.401,0,-3.998637915048465,-3.0014625333590867,1.1965691845629047,0.016303281690351168
8.401,1,-3.999619261687616,3.0026970463639775,1.1962795345842048,0.006300715377215169
8.412,0,-3.9986737379769166,-3.00135698385421,1.1966893629465953,0.01645885165519535
8.412,1,-3.999559468923844,3.0026972035652095,1.196259313860987,0.006320953699798719
8.421,0,-3.9987073767995684,-3.0012540454940346,1.1968142295135564,0.016583044334528913
8.421,1,-3.9994993800050636,3.00269843558439,1.1962394478468648,0.006336443570297437
8.431000000000001,0,-3.998738821862314,-3.0011537808606055,1.1969430956571887,0.016655257249234768
8.431000000000001,1,-3.9994391345275124,3.0027005326243645,1.1962201339213365,0.006317008223194128
8.441,0,-3.9987681027549487,-3.001056222640903,1.1970750220568873,0.01667093463396915
8.441,1,-3.999378882210039,3.002703281983485,1.196202467853831,0.006254063948868669
8.451,0,-3.998795279446138,-3.000961375780085,1.1972092710262008,0.01664799084541049
8.451,1,-3.9993187757193946,3.002706479305919,1.1961873372182417,0.006165705868286683
8.461,0,-3.998820434294805,-3.0008692188972304,1.1973453011320105,0.016598554498938062
8.461,1,-3.9992589639251492,3.0027099396862584,1.1961753047197374,0.006066327944042971
8.471,0,-3.9988436657319437,-3.000779705980678,1.1974827118862499,0.016533034556697922
8.471,1,-3.9991995871482007,3.00271350538902,1.1961667178737014,0.005965944432693734
8.481,0,-3.9988650836809145,-3.0006927682101336,1.1976210371696543,0.016422352258617094
8.481,1,-3.9991407739450566,3.002717050476192,1.1961617500373607,0.005872571016087673
8.491,0,-3.9988848088995197,-3.000608320835454,1.1977594556621503,0.016254899247196142
8.491,1,-3.999082638285472,3.002720478520061,1.1961603792647588,0.005789941272516969
8.501,0,-3.9989029762543886,-3.000526280508093,1.1978972973581614,0.016047561311710166
8.501,1,-3.999025276234691,3.00272371088578,1.1961625318800126,0.005719702010678749
8.511,0,-3.99891973833727,-3.000446579698876,1.1980340914052519,0.01581305906754336
8.511,1,-3.998968763400397,3.002726675423676,1.196168124678563,0.005663345591350789
8.521,0,-3.998935267132431,-3.000369176182392,1.1981695028005024,0.015558434127469692
8.521,1,-3.99891315361185,3.0027292985324197,1.1961770653577004,0.00562205796273611
8.532,0,-3.9989497539210586,-3.0002940588649447,1.1983032830021365,0.01528806755622539
8.532,1,-3.9988584784747023,3.002731499934064,1.1961892510623733,0.0055967489770790335
8.541,0,-3.998963407976187,-3.000221250762009,1.1984351956857118,0.014993478999856282
8.542,1,-3.9988047473743378,3.0027331897159617,1.1962043339164172,0.005569624175776104
8.552,0,-3.9989764525045857,-3.0001508090382836,1.1985648920691192,0.01466796211505363
8.552,1,-3.9987519489077292,3.002734269164781,1.196221179575688,0.005518342930430767
8.561,0,-3.9989891154758794,-3.0000828227530043,1.1986920767244416,0.014317509195553978
8.561,1,-3.998700056452254,3.0027346360836447,1.1962388007760942,0.005446939525680301
8.571,0,-3.9990016207642136,-3.000017409036808,1.1988165347663235,0.013948115361706665
8.571,1,-3.998649033169976,3.0027341907619363,1.196256513440842,0.005362501299784613
8.581,0,-3.9990141816330924,-2.9999547088438536,1.1989381220534512,0.013563631988259614
8.581,1,-3.9985988357966105,3.0027328403976052,1.196273859995087,0.005271555471744182
8.592,0,-3.9990269960698255,-2.9998948826341576,1.1990567309352058,0.013166034613012455
8.592,1,-3.9985494175589054,3.0027305021396447,1.1962905256999672,0.005178986456680656
8.601,0,-3.999040243739265,-2.9998381068507247,1.1991724284017453,0.012797633400757017
8.601,1,-3.998500730398187,3.002727105148015,1.1963061761465994,0.005078773046355165
8.611,0,-3.9990540864645694,-2.999784574789357,1.1992860259463232,0.012510532227431724
8.611,1,-3.9984527284908347,3.0027225915041074,1.1963200289465103,0.004965392056045637
8.622,0,-3.9990686738121948,-2.999734500529506,1.1993982939391905,0.012278952701163817
8.622,1,-3.998405377164752,3.002716913637278,1.1963313832681188,0.004853134936990895
8.631,0,-3.999084149290249,-2.9996881248378098,1.1995097380480515,0.012085754356278743
8.631,1,-3.99835866114565,3.0027100314367154,1.1963397636310404,0.004753091948770074
8.641,0,-3.9991006545910888,-2.9996457188655166,1.19962069306359,0.011920640374561295
8.641,1,-3.9983125896700784,3.002701910023898,1.1963448631808358,0.0046726561377655445
8.651,0,-3.999118332228432,-2.999607584852059,1.199731375689486,0.011777059497136741
8.651,1,-3.998267199245976,3.0026925178562833,1.1963466386773272,0.004616131535089573
8.661,0,-3.9991373244955892,-2.9995740492409544,1.199841907635887,0.011651741641692592
8.661,1,-3.998222553975174,3.002681824362004,1.1963464563181225,0.004570601429400389
8.672,0,-3.9991577653969155,-2.999545440411125,1.1999523568691948,0.011546574607710738
8.672,1,-3.9981787374277524,3.0026698032162673,1.1963459932376066,0.004521634502797993
8.681000000000001,0,-3.99917977211474,-2.9995220648883665,1.2000627707069564,0.011465235950876946
8.682,1,-3.9981358417694906,3.0026564364569412,1.1963464064539278,0.004470805091988003
8.691,1,-3.9980939596633966,3.002641716487335,1.1963484690703203,0.004424657674925369
8.691,0,-3.9992034394868012,-2.9995041899381123,1.2001731693732263,0.011409857245833877
8.701,0,-3.9992288370719353,-2.9994920318972085,1.2002835384677069,0.011380923281818028
8.701,1,-3.998053178163475,3.002625647625768,1.1963524545479478,0.00438343920410847
8.711,0,-3.9992560089665012,-2.999485748396483,1.2003938343451048,0.011380300756428813
8.711,1,-3.998013575440898,3.0026082480129386,1.196357907229454,0.00434098977673434
8.721,0,-3.9992849764148684,-2.9994854329956944,1.2005040161234861,0.01140994907720206
8.721,1,-3.997975222145965,3.0025895510768126,1.196364389106778,0.0042951624554542454
8.731,0,-3.9993157410898696,-2.9994911127663,1.2006140509429206,0.011471098658428927
8.731,1,-3.997938182911401,3.002569607104433,1.1963715814157716,0.004245345338083353
8.741,0,-3.99934828823593,-2.9995027486103814,1.2007239231325926,0.01156354298744499
8.741,1,-3.9979025174526686,3.002548483893212,1.196379259585238,0.004191249335204053
8.752,0,-3.9993825895111703,-2.999520237479482,1.2008336293144137,0.011684442421211605
8.752,1,-3.997868281365887,3.002526266567135,1.1963872606428874,0.004132402982013845
8.761,0,-3.9994186054265652,-2.9995434147643514,1.2009429220534202,0.01177457208064318
8.761,1,-3.9978355268847574,3.002503056367104,1.196395592901702,0.004074989277474749
8.77,0,-3.999456292249828,-2.99957205589455,1.2010509818169453,0.011812240711565688
8.77,1,-3.9978043028389623,3.0024789668354988,1.196404625915843,0.004023390352974175
8.781,0,-3.99949561848927,-2.9996058817962736,1.201157165914956,0.011821141560756455
8.781,1,-3.997774652201582,3.0024541169129413,1.1964146757459713,0.003977145749148728
8.791,0,-3.9995365782297676,-2.9996445610687976,1.201261048540447,0.01181491328872429
8.791,1,-3.9977466101641,3.0024286242755562,1.1964259461190407,0.003936355388110428
8.8,1,-3.997720202903358,3.0024026004898277,1.1964385573593055,0.0039015352651693086
8.801,0,-3.9995791996888608,-2.9996877133448807,1.2013623551737507,0.011802866805895831
8.811,0,-3.999623549856749,-2.999734914904306,1.2014610366765262,0.011816077627932525
8.811,1,-3.9976954466512677,3.0023761476929844,1.1964524346958783,0.003852824182968237
8.821,0,-3.9996697316212657,-2.999785707189775,1.201557623145034,0.011884731007374486
8.821,1,-3.997672346149735,3.0023493559523002,1.1964660361364967,0.0037294895766079726
8.831,0,-3.999717863806947,-2.999839604355406,1.2016526486576986,0.011985783040546342
8.831,1,-3.997650901123823,3.002322297003111,1.1964775147488138,0.003562234853129567
8.841,0,-3.9997680599184444,-2.9998961028052533,1.2017464898758656,0.012102834135495575
8.841,1,-3.9976311135176363,3.0022950180789967,1.1964856231364291,0.003393720465020729
8.851,0,-3.9998204130292163,-2.9999546898093454,1.2018394191260602,0.012223893106744444
8.851,1,-3.997612991174172,3.0022675384061137,1.1964895377928915,0.0032638495079268626
8.862,0,-3.999874985435024,-3.0000148504947206,1.2019316256731214,0.012339414757574307
8.862,1,-3.9975965499711754,3.0022398475614094,1.1964887187855422,0.0032058290229823286
8.870000000000001,0,-3.9999318011232448,-3.000076073321055,1.2020227634502934,0.01235810172966627
8.870000000000001,1,-3.997581816199406,3.0022119051445864,1.196483603891382,0.003195199944132341
8.881,0,-3.9999908421174815,-3.000137855867346,1.2021113098700584,0.01224827787400618
8.882,1,-3.9975688303124923,3.0021836417364174,1.1964773912116018,0.0031477407235280773
8.891,0,-4.000052054080707,-3.000199712520346,1.2021960321363534,0.012051812611747162
8.891,1,-3.9975576418819276,3.0021549634117743,1.196472887683459,0.0030858720447746535
8.901,0,-4.000115349967722,-3.000261178689489,1.2022761182567634,0.011798954457603117
8.901,1,-3.997548308474214,3.0021257562489203,1.196471977316904,0.0030696516055450504
8.912,0,-4.000180613245626,-3.0003218137269214,1.2023510608126307,0.01150983498445643
8.912,1,-3.9975408954821656,3.0020958903950055,1.1964759191136642,0.003155235081789001
8.921,0,-4.0002477011365425,-3.000381203000197,1.202420548007886,0.011197449531979155
8.921,1,-3.997535475398468,3.0020652237354564,1.1964855213229606,0.0033720834779169383
8.931000000000001,0,-4.000316448368534,-3.0004389588332208,1.2024846475899116,0.01090824262900548
8.931000000000001,1,-3.997532128018871,3.0020336045856757,1.1965018890312753,0.0038018913923302026
8.941,0,-4.000386672326717,-3.000494720818685,1.2025443571957644,0.010669129552361226
8.941,1,-3.9975309407438266,3.002000876069834,1.1965279670599922,0.0045625760592758885
8.95,1,-3.9975319971660332,3.0019668912085007,1.196566187647685,0.005615106971974253
8.951,0,-4.000458177682591,-3.0005481602604687,1.202600585688042,0.010456250533848877
8.961,1,-3.9975353701425815,3.001931525598734,1.1966181181053954,0.006876621589825924
8.961,0,-4.00053076246924,-3.000598983190086,1.202653970956108,0.010255634642949842
8.971,0,-4.000604223182801,-3.0006469316241087,1.2027049785587556,0.010060343787893975
8.971,1,-3.9975411182834644,3.0018946854951203,1.1966847182399016,0.008270327507497878
8.981,0,-4.000678358231361,-3.00069178553721,1.2027534064080392,0.00980192964536815
8.981,1,-3.9975492821676957,3.0018563139421235,1.1967657192135417,0.009543924755901927
8.991,0,-4.000752971364459,-3.0007333640298883,1.2027976408056384,0.009462573261322611
8.991,1,-3.997559883164022,3.0018163966672304,1.1968577982510862,0.01050005089993614
9.0,0,-4.000827877106867,-3.000771516290732,1.2028363625037317,0.009085398676663754
9.002,1,-3.9975729448267403,3.0017749584241415,1.1969579382971305,0.011227740225866272
9.011,0,-4.000902903755378,-3.0008061169522446,1.2028687162648544,0.008704416704190766
9.012,1,-3.9975885073135378,3.0017320619326666,1.1970640377066037,0.011792621513767917
9.021,0,-4.000977895204274,-3.0008370632438974,1.2028941537359763,0.00834614152731441
9.021,1,-3.9976066352284367,3.0016878066750614,1.197174603694481,0.012239761314994312
9.03,0,-4.001052712068201,-3.000864272537922,1.2029123414760783,0.00803249145364811
9.03,1,-3.9976274222889665,3.001642326205312,1.1972885737690666,0.0126041195222744
9.041,0,-4.001127232154544,-3.000887680284361,1.2029230827578568,0.0077797637709583365
9.041,1,-3.9976509940609617,3.0015957845605934,1.197405371373259,0.012961611884197177
9.052,0,-4.001201349689416,-3.0009072384887103,1.20292614701016,0.007602714963084632
9.052,1,-3.9976775096970796,3.001548371021135,1.197525765143084,0.013423639825215612
9.061,0,-4.001274971329854,-3.0009229126516264,1.2029213645534202,0.00751462254769732
9.061,1,-3.9977071511842124,3.0015002939534607,1.1976507185796414,0.013957657769928975
9.071,0,-4.001348011492567,-3.0009346788792746,1.2029086720228181,0.007521648404695045
9.071,1,-3.997740112033379,3.001451773130734,1.1977808434825712,0.014537747016371392
9.081,0,-4.001420388948728,-3.0009425218473065,1.2028880769381434,0.0076235315125258015
9.081,1,-3.9977765896595665,3.0014030329898653,1.1979165187541405,0.015146932132829005
9.091,0,-4.001492024535302,-3.0009464331912055,1.2028596274147807,0.007814730453901719
9.091,1,-3.997816779193539,3.0013542973430574,1.1980579501832151,0.015772270377637027
9.101,0,-4.0015628395567315,-3.0009464094822076,1.2028235876656586,0.008059367914072031
9.102,1,-3.997860867650927,3.00130578524686,1.1982049852924082,0.016342799724378885
9.111,0,-4.001632753961398,-3.0009424506860927,1.2027811218346554,0.008298855243302528
9.111,1,-3.997909024410689,3.0012577078530427,1.1983562887001893,0.016775866340686903
9.121,0,-4.001701685367549,-3.0009345712471824,1.2027333407495047,0.0085283386528723
9.121,1,-3.99796139553871,3.001210267428921,1.19851054794344,0.017112915800230787
9.132,0,-4.001769547939755,-3.0009228086923985,1.2026810286639285,0.008748638712280436
9.132,1,-3.998018095871661,3.0011636573875555,1.1986668403769818,0.01738593428552355
9.141,0,-4.001836251593241,-3.000907227855528,1.202624753808209,0.008961615344210085
9.141,1,-3.998079202646309,3.0011180623953946,1.1988245245060158,0.01761591057277463
9.151,0,-4.001901701611989,-3.0008879220312332,1.202565123214759,0.009137103712566933
9.152,1,-3.9981447530482077,3.0010736586892444,1.1989833432848498,0.017864577242894156
9.161,0,-4.00196580092925,-3.000865010371076,1.202503113227647,0.009260991441912803
9.161,1,-3.998214748711343,3.0010306128475803,1.1991438468352806,0.018176461658909054
9.171,0,-4.002028457876348,-3.0008386346566827,1.2024394964001437,0.009347667547384806
9.171,1,-3.9982891628399395,3.0009890746185146,1.1993065571664863,0.018529949966283526
9.181,0,-4.002089592735774,-3.0008089537108167,1.2023748075506133,0.00940894541070988
9.181,1,-3.998367950882012,3.0009491706088336,1.1994718074404622,0.018910015884985084
9.191,0,-4.002149142140949,-3.000776138549877,1.202309405837861,0.009453841073676365
9.191,1,-3.9984510593228295,3.000911000372127,1.1996397892909278,0.01930563144017458
9.201,0,-4.002207061829478,-3.0007403684732563,1.2022435325872534,0.009487878901063326
9.201,1,-3.998538432016795,3.0008746342902124,1.199810597578135,0.019710486145061688
9.212,0,-4.002263327876713,-3.0007018275017843,1.2021775027206156,0.009485674728015132
9.212,1,-3.9986300122841762,3.0008401121437784,1.199983789393341,0.02000841656012168
9.221,0,-4.0023179361027,-3.000660700737518,1.202112239927134,0.009415732563616701
9.221,1,-3.998725734638014,3.0008074435675036,1.2001572447445183,0.02011414599504275
9.231,0,-4.002370901958293,-3.000617174965018,1.2020485860385226,0.0093008388265985
9.231,1,-3.998825516548325,3.0007766195861723,1.2003291060484638,0.02009315095574516
9.241,0,-4.002422258950653,-3.0005714379057755,1.2019871218291245,0.009157935461368297
9.241,1,-3.998929243746627,3.0007476215929656,1.2004981168001911,0.019989788370153305
9.252,0,-4.002472056605952,-3.0005236768800154,1.2019282328088203,0.008999786954426237
9.252,1,-3.9990367593096146,3.0007204275115416,1.2006634224319035,0.019832070001887747
9.261,0,-4.002520358459277,-3.000474077624237,1.2018721666352326,0.008834539402755059
9.261,1,-3.9991478579400166,3.000695016514854,1.200824446579857,0.019638932921123693
9.271,0,-4.0025672400324295,-3.0004228232563435,1.2018191350404892,0.008659714695750227
9.271,1,-3.9992622842394434,3.0006713725023086,1.200980860656322,0.01943031542435467
9.281,0,-4.002612786427602,-3.000370095918429,1.2017694471362104,0.00847457215876546
9.281,1,-3.9993797331375665,3.0006494859195785,1.201132600653587,0.01921664010390171
9.291,0,-4.002657089412598,-3.000316084424468,1.2017233306738713,0.008286721958593845
9.291,1,-3.9994998501456216,3.0006293529387946,1.201279662731971,0.018994408517719837
9.301,0,-4.0027002443400725,-3.0002609911412184,1.201680918957174,0.008099789947552947
9.302,1,-3.9996222335779006,3.000610974409741,1.2014220645707978,0.01876039604949353
9.311,0,-4.002742347629645,-3.000205036001997,1.2016422917046659,0.007915094019638153
9.312,1,-3.999746438446546,3.00059435495507,1.2015598385323487,0.018510106484262902
9.321,0,-4.002783495086074,-3.000148458350149,1.201607128456988,0.007773448234323278
9.321,1,-3.9998719819187203,3.000579502510952,1.201693206291276,0.018275403744293223
9.331,0,-4.00282378180441,-3.0000915138981643,1.2015738987586282,0.007695040469677205
9.331,1,-3.9999983528983543,3.000566426776545,1.201823038989298,0.01807888313939032
9.341,0,-4.00286330250622,-3.000034462823277,1.2015412791511724,0.007650777287719239
9.341,1,-4.000125027497371,3.000555131721001,1.2019501042313832,0.017895661017351683
9.351,0,-4.002902153496601,-2.999977559102513,1.201508365456335,0.007626122605092746
9.351,1,-4.000251485241247,3.000545609400102,1.202074924093032,0.01770944413178709
9.361,0,-4.0029404342833885,-2.999921042903292,1.2014745419335902,0.007612993771037755
9.361,1,-4.00037722155215,3.000537836055203,1.2021978531462965,0.01751130205898801
9.371,0,-4.002978248373037,-2.99986513547064,1.2014397564994344,0.007559678937864627
9.371,1,-4.000501756683958,3.0005317698684233,1.2023192460444228,0.017317381579312965
9.381,0,-4.003015701048914,-2.9998100393693266,1.201405718523806,0.007404549963521903
9.381,1,-4.0006246388025355,3.00052734960047,1.202439854262147,0.017149959458107867
9.391,0,-4.003052891691451,-2.9997559449751225,1.2013741055527012,0.007182005478943687
9.391,1,-4.000745439253159,3.0005244909267943,1.2025603318869262,0.016993495167759363
9.401,0,-4.003089904664116,-2.9997030383022,1.201346052028639,0.006920893900340759
9.401,1,-4.000863745851482,3.000523084323375,1.202681121525011,0.016838289734238805
9.411,0,-4.003126802945895,-2.9996515065713387,1.2013223139391274,0.0066434931768238
9.411,1,-4.000979158166243,3.000522994857678,1.2028025192696556,0.01667754496545632
9.42,0,-4.003163624218203,-2.999601541483828,1.2013033720835238,0.006366502924981382
9.42,1,-4.001091284641876,3.0005240632496055,1.202924707264695,0.01650639694845728
9.431000000000001,0,-4.003200378887887,-2.9995533406355586,1.2012894434208912,0.0061077663035634675
9.432,1,-4.001199740962687,3.0005261077700784,1.2030478074230908,0.016328307388780647
9.442,0,-4.003237049632181,-2.9995071045892314,1.2012795442477644,0.005887153360303717
9.442,1,-4.0013041493149055,3.000528926762556,1.2031721222249325,0.01616472844418151
9.451,0,-4.003273591918847,-2.9994630292337687,1.2012721997797071,0.005679436737429805
9.451,1,-4.001404143353391,3.0005323021836072,1.2032979972702635,0.016011918300497065
9.461,0,-4.0033099355401545,-2.999421295559092,1.2012663748414205,0.00547023186758357
9.461,1,-4.001499375674926,3.0005360041769262,1.2034256582723317,0.015867581692251727
9.471,0,-4.003345986889749,-2.9993820607374335,1.2012613660400695,0.0052539722829741025
9.471,1,-4.001589523022792,3.000539795235975,1.2035552547120902,0.015731258618010273
9.481,0,-4.003381631758219,-2.9993454521256195,1.2012566725963842,0.005029665243164529
9.481,1,-4.001674293789987,3.0005434341402206,1.203686183094819,0.015462445588788105
9.491,0,-4.003416738603935,-2.9993115634739116,1.2012519189131272,0.004797984072518529
9.491,1,-4.001753437198802,3.000546685086935,1.203816155407062,0.014999557309699627
9.501,0,-4.00345116202577,-2.9992804527155204,1.201246855220859,0.004560308014538791
9.501,1,-4.001826736270504,3.0005493337536593,1.2039433167921072,0.014402330218142575
9.511,0,-4.0034847461056415,-2.9992521412049906,1.2012413205571384,0.004318457252339657
9.511,1,-4.001894009614067,3.00055120073197,1.2040664153104903,0.013713699516628312
9.521,0,-4.003517327521424,-2.9992266142058437,1.201235203398014,0.004074407587122777
9.521,1,-4.001955114016082,3.0005521500872585,1.2041846038025716,0.012964681412042668
9.531,0,-4.00354873840381,-2.999203822486191,1.2012284300237286,0.003829823109800797
9.531,1,-4.002009945538063,3.0005520940471317,1.2042973197245834,0.012179346693702475
9.542,0,-4.003578809017758,-2.9991836846962046,1.201220914339214,0.003589686421679174
9.542,1,-4.002058441227216,3.000550994995925,1.2044039326717895,0.011302377832117502
9.551,0,-4.0036073717163365,-2.999166090702311,1.2012122685756197,0.00336576194054391
9.551,1,-4.002100585741294,3.00054886450854,1.204502663990912,0.010254057644709866
9.561,0,-4.003634267672565,-2.9991509106634244,1.2012020952006626,0.0031636643213951657
9.561,1,-4.002136403789077,3.000545753842964,1.2045919190640761,0.009092973966499978
9.571,0,-4.0036593538555865,-2.999138004580491,1.2011901369493523,0.00298956268806084
9.571,1,-4.002165958002958,3.0005417441394346,1.2046706670991767,0.007863388684592609
9.581,0,-4.0036825079124005,-2.9991272294485904,1.2011762212981767,0.002850416159725332
9.581,1,-4.002189348926797,3.000536938665161,1.2047382493311443,0.006595324438614927
9.591,0,-4.003703631049821,-2.99911844472427,1.2011602326264497,0.0027519892805419038
9.591,1,-4.002206713518857,3.0005314564378938,1.2047942605471824,0.005312941467423392
9.602,0,-4.003722648411876,-2.9991115170531617,1.2011425198602053,0.002622263481833322
9.602,1,-4.002218218472221,3.000525426649167,1.2048391900350268,0.004219122837529375
9.611,0,-4.003739506114153,-2.9991063217087666,1.201124833572492,0.002382357623616038
9.611,1,-4.002224048170334,3.0005189833652435,1.2048760320819905,0.0034828711115917196
9.621,0,-4.003754171125568,-2.999102732264812,1.2011086927366434,0.0020592185019182334
9.621,1,-4.00222441970624,3.00051226225749,1.2049074544230127,0.003040308996302771
9.631,1,-4.002219582648202,3.0005053962460395,1.2049353109653964,0.00284363111143116
9.632,0,-4.003766628016752,-2.9991006128819544,1.2010951265925074,0.0016798903303439068
9.641,0,-4.003776875515845,-2.999099813924959,1.2010848238860594,0.0012700013755233602
9.641,1,-4.002209813817569,3.0004985119498806,1.204960898006362,0.002839246413917862
9.651,0,-4.003784923997848,-2.999100169494975,1.2010781427182669,0.0008744936582420491
9.651,1,-4.002195413926519,3.0004917271107003,1.2049848192641481,0.002903732860178748
9.661,0,-4.003790793152874,-2.9991014988454454,1.201074879133512,0.00054944155580135
9.661,1,-4.0021767080018735,3.0004851462488493,1.2050064123389703,0.002962146084660574
9.671,0,-4.003794506132382,-2.999103616368025,1.2010747445250702,0.0003855642759494379
9.671,1,-4.002154041767595,3.0004788521285777,1.2050250105846019,0.0030385842564385067
9.682,0,-4.003796084519149,-2.99910634198016,1.2010775126564672,0.0005023519439859822
9.682,1,-4.002127782930532,3.0004728982645106,1.2050401746437003,0.0031423987623401726
9.692,0,-4.0037955449623155,-2.9991095084342603,1.2010829981598885,0.0007594046699395992
9.692,1,-4.0020983216921895,3.000467304411274,1.2050516202955632,0.0032738634572502066
9.702,0,-4.003792897071498,-2.99911296628212,1.201090975829576,0.0010211959548506648
9.702,1,-4.002066069155164,3.0004620546197036,1.2050592986877773,0.003433287733777579
9.711,0,-4.00378814414394,-2.99911658642679,1.2011004491249477,0.0011903832741434223
9.711,1,-4.002031453152511,3.000457098540979,1.2050639638549496,0.003606019351131557
9.721,1,-4.001994915717329,3.000452357875281,1.2050664503285176,0.0037603278596043755
9.722,0,-4.0037812840838285,-2.999120259587111,1.2011102729123875,0.0013007527192529268
9.731,0,-4.0037723118321615,-2.9991238938915994,1.2011196552327132,0.0013879804622485275
9.731,1,-4.001956908319637,3.000447734738151,1.2050673467317314,0.0038814081022829875
9.741,0,-4.003761222305116,-2.99912741254967,1.2011280509069904,0.0014774502793398927
9.741,1,-4.0019178864743505,3.0004431189160483,1.2050670762344788,0.003962801614628924
9.751,0,-4.003748012549928,-2.9991307518105565,1.2011350789396464,0.0015848650579473155
9.751,1,-4.001878304861189,3.0004383939296426,1.2050659298226276,0.004002217752885722
9.761,0,-4.003732682960014,-2.999133859248881,1.201140522879721,0.0017216290371169281
9.762,1,-4.00183861308773,3.0004334417506477,1.2050640170386095,0.004000643373674942
9.77,0,-4.003715235182032,-2.999136692779905,1.2011443777417778,0.0018862402217918336
9.77,1,-4.00179925179469,3.0004281437402374,1.2050611807906093,0.0039610249711339385
9.781,0,-4.003695665662884,-2.9991392206645333,1.2011466593742823,0.0020725272547870805
9.781,1,-4.0017606490284,3.0004223758570547,1.205057282933626,0.0038864334781305307
9.791,0,-4.003673959460661,-2.9991414213884653,1.2011473715862515,0.0022767460276651983
9.791,1,-4.0017232173076565,3.0004160041369348,1.2050522432982171,0.0037804761473209333
9.801,1,-4.0016873511907605,3.0004088823164854,1.2050460332050272,0.0036475324973766687
9.801,0,-4.0036500862269255,-2.9991432832256244,1.20114652459976,0.002496713097188242
9.811,0,-4.003623998262355,-2.9991448034978077,1.2011440663860293,0.002733795912909827
9.812,1,-4.001653425697809,3.000400850832419,1.2050388878624154,0.0034780563155131917
9.821,0,-4.00359563134899,-2.999145986310621,1.2011393883635977,0.0030017599985354853
9.821,1,-4.001621794477736,3.000391736220557,1.205032178960236,0.003257238460386729
9.832,0,-4.003564906247578,-2.9991468339369827,1.201131783443453,0.003308655418409154
9.832,1,-4.001592777842743,3.0003813537684136,1.2050272092354166,0.0030115198724309272
9.84,0,-4.003531731723639,-2.999147336613249,1.2011207860250455,0.0036553995385126604
9.84,1,-4.001566652136738,3.00036951030382,1.2050248621038147,0.002777622827224017
9.851,0,-4.003496008208538,-2.9991474655650063,1.2011060941170062,0.004038661875965465
9.851,1,-4.0015436436484695,3.00035600673974,1.2050257218508442,0.0025982442151517766
9.861,0,-4.003457631214571,-2.9991471688124167,1.2010875215301928,0.004452788593139164
9.861,1,-4.001523925694032,3.0003406408208835,1.2050301660110778,0.0025165125050507545
9.872,0,-4.003416493628457,-2.999146369160336,1.2010652224461469,0.004855442809601597
9.872,1,-4.001507616081626,3.000323211391534,1.2050377994417376,0.002502846000151556
9.881,0,-4.0033724873807595,-2.9991449677932844,1.2010405872534675,0.005192143209643532
9.881,1,-4.001494772529013,3.000303527541227,1.205045982561424,0.0024840071354607705
9.891,0,-4.003325515774032,-2.9991428620103537,1.201014954075839,0.005483586386895711
9.891,1,-4.001485402427292,3.000281414016099,1.2050523956700507,0.0025060423400804673
9.901,1,-4.001479466651735,3.0002567195332053,1.2050554873855828,0.002629658217711945
9.901,0,-4.003275502826768,-2.9991399640158245,1.2009892463036727,0.00574893767253467
9.911,0,-4.003222398197414,-2.9991362140357345,1.2009640835700668,0.006002017545173639
9.911,1,-4.001476882012367,3.0002293234537514,1.205054220120731,0.002886716546724904
9.921,0,-4.0031661796727995,-2.9991315887744574,1.2009398737657464,0.006250287495068387
9.921,1,-4.001477524811748,3.000199139748859,1.2050479089053767,0.003270527132720997
9.931000000000001,0,-4.003106854645319,-2.9991261062819254,1.2009166944905527,0.006513683190826577
9.931000000000001,1,-4.001481236981544,3.000166117122689,1.2050367762453047,0.003694731591813497
9.942,0,-4.003044462768285,-2.9991198252230524,1.2008940453040655,0.006794670724028758
9.942,1,-4.001487831400616,3.000130240302917,1.2050227556256299,0.004075966788049947
9.951,1,-4.001497086124807,3.0000915445611223,1.2050074593388846,0.004409192760416969
9.952,0,-4.002979078500011,-2.999112836758552,1.2008714858235423,0.007080551293408232
9.961,0,-4.002910814148827,-2.9991052564615868,1.2008487199058968,0.007361662455826727
9.961,1,-4.001508745506569,3.000050122851823,1.2049920005179193,0.004700785205170077
9.972,0,-4.0028398208534215,-2.9990972175854385,1.2008255509823273,0.007630937623509665
9.972,1,-4.001522523692291,3.000006127953332,1.2049771425423028,0.004956132052909658
9.981,0,-4.002766287551954,-2.999088865617266,1.2008019054661612,0.0078765611088877
9.981,1,-4.001538108834215,2.9999597717653894,1.204963410664098,0.005175854158382062
9.991,0,-4.002690435685235,-2.99908035436918,1.2007781707498726,0.00808329040632457
9.992,1,-4.0015551683500385,2.9999113192947906,1.2049512568357463,0.005357942810281392
10.001,0,-4.002612507128846,-2.999071844288836,1.2007547862223393,0.008255394042301757
10.001,1,-4.001573355813094,2.999861071050642,1.2049410293224068,0.0055042370142586085
10.011,0,-4.002532749398647,-2.9990635010169346,1.200732031566518,0.008397734725663004
10.011,1,-4.001592318125208,2.9998093424831365,1.204932947517187,0.005616791508648752
10.021,0,-4.002451403749399,-2.9990554935288922,1.2007100741376309,0.008514117042214046
10.021,1,-4.001611701555579,2.9997564477536702,1.2049271413527283,0.0056974956040576315
10.032,0,-4.002368696694379,-2.999047992201653,1.2006890174257487,0.008608170240951736
10.032,1,-4.001631156418479,2.9997026877377877,1.2049236900290976,0.005748830136948589
10.041,0,-4.002284834193556,-2.999041166820431,1.2006689606371095,0.008679426772631485
10.041,1,-4.001650340731618,2.999648341560209,1.2049224468610047,0.005774235959030562
10.052,0,-4.002199998295325,-2.9990351833352937,1.2006504105904492,0.008722040250203046
10.052,1,-4.00166892357387,2.999593662720624,1.2049223316083462,0.005771307676796198
10.061,1,-4.001686587214062,2.9995388812446535,1.2049223082680758,0.005739269374484158
10.061,0,-4.0021143495586715,-2.9990301936408525,1.2006339493871037,0.008745679638544437
10.072,0,-4.002028031588052,-2.9990263236756545,1.2006199562124817,0.008758706392364415
10.072,1,-4.001703028457673,2.9994842084026607,1.2049216825634466,0.005682022842217483
10.081,0,-4.001941174695096,-2.999023665481358,1.200608660359604,0.008766618349791044
10.081,1,-4.001717959810438,2.9994298404482014,1.204919981939154,0.005604740160172407
10.09,1,-4.001731110377306,2.999375961275373,1.2049168856375663,0.005512684761686868
10.092,0,-4.001853898974671,-2.9990222725728715,1.2006002005345129,0.008772793429791518
10.101,0,-4.0017663166879265,-2.999022158106981,1.2005947651879443,0.008777758080445985
10.101,1,-4.001742225978756,2.9993227443346964,1.2049124234112516,0.005404477441669891
10.111,0,-4.001678531493223,-2.999023300519229,1.2005930083267287,0.008786633640530879
10.111,1,-4.001751068617054,2.9992703525202598,1.2049077650834112,0.005273609078988608
10.121,0,-4.001590630660956,-2.999025662656713,1.2005955009557614,0.008809673615517242
10.121,1,-4.001757422808883,2.9992189309909536,1.2049040383851561,0.005130275139360008
10.131,0,-4.001502676244078,-2.99902921281785,1.2006025980438169,0.008854445566746076
10.131,1,-4.00176110028675,2.999168599737417,1.204902003566198,0.004988394355644237
10.141,0,-4.00141469913796,-2.9990339396309937,1.2006144834686296,0.008925785363711886
10.141,1,-4.0017619420246255,2.999119448918427,1.2049021513035738,0.004861832086436743
10.151,0,-4.001326695933542,-2.999039860939023,1.2006309191693152,0.009010022011398241
10.151,1,-4.001759818797095,2.9990715365193052,1.204904759549403,0.004762160388514194
10.161,0,-4.001238631617864,-2.999047026175734,1.2006505630156257,0.009084004824750847
10.161,1,-4.001754629672565,2.999024890771219,1.2049099403192418,0.004697379240646875
10.171,0,-4.001150451490562,-2.9990555144620292,1.2006722265718526,0.009148197071074898
10.171,1,-4.0017462980724545,2.9989795188952835,1.2049177447075214,0.0046724023523184105
10.181,0,-4.0010620935769285,-2.9990654298720547,1.2006950825424427,0.00920614796168353
10.181,1,-4.001734768057231,2.998935415593813,1.2049281825023745,0.00468918602525543
10.191,0,-4.000973497679699,-2.9990768969294623,1.200718552228695,0.009261735229453534
10.191,1,-4.001720001289163,2.998892569392376,1.2049412358917297,0.0047473476442994435
10.201,0,-4.000884611759709,-2.9990900565563616,1.2007422416158158,0.009318227605985167
10.201,1,-4.001701974441687,2.998850967270422,1.2049568794800052,0.004844703782787905
10.211,0,-4.000795396112761,-2.9991050625962035,1.2007660687943946,0.00939080294190381
10.212,1,-4.0016806777372675,2.9988105977176827,1.2049749297170251,0.004962634348099727
10.221,1,-4.001656118756706,2.998771451087045,1.204994715838836,0.005081877791478646
10.222,0,-4.000705825240158,-2.9991220749941565,1.2007906930649384,0.009491470028354057
10.231,0,-4.000615888070607,-2.9991412415975987,1.2008167321456285,0.009614550220095646
10.231,1,-4.0016283323703625,2.9987335170637435,1.2050156628960855,0.005203474604260577
10.241,0,-4.000525587296096,-2.9991626821797235,1.2008445968191273,0.009755337657174975
10.241,1,-4.001597391679079,2.9986967808685394,1.2050373650020973,0.005326998878893901
10.251,0,-4.0004349386428215,-2.9991864781850244,1.2008745523044522,0.009910090403243501
10.251,1,-4.0015634146974834,2.998661220261383,1.2050595289392951,0.005451181362689866
10.261,1,-4.001526567122407,2.998626803546272,1.2050819543897997,0.005573734663297897
10.261,0,-4.0003439701274495,-2.9992126667243193,1.200906779352732,0.010075183946728945
10.271,0,-4.0002527212401295,-2.9992412377570727,1.200941323628303,0.010240719059873763
10.271,1,-4.001487062898144,2.998593488121132,1.2051041990735563,0.005659006107648542
10.281,0,-4.000161240606627,-2.9992721360457573,1.2009779615926823,0.01039772770816686
10.281,1,-4.001445157653574,2.9985612190958872,1.2051248274030928,0.005687078570803082
10.291,0,-4.000069580200422,-2.999305271131434,1.2010164746091812,0.010546262078771462
10.291,1,-4.001401123242084,2.9985299302043114,1.2051426234895521,0.005687682200197713
10.301,0,-3.9999777897407154,-2.9993405274532936,1.2010566956338156,0.010686030162626257
10.302,1,-4.001355225932015,2.9984995441180446,1.2051567905508582,0.005683933707228626
10.311,1,-4.001307711479983,2.998469973270424,1.2051668084624791,0.005692344797378393
10.312,0,-3.999885912690753,-2.999377772244126,1.201098482387619,0.010816927361210942
10.321,0,-3.999793983544571,-2.999416861434725,1.2011415535262793,0.01092045783552288
10.321,1,-4.001258794118008,2.998441121788255,1.20517303769897,0.005737277635475125
10.332,0,-3.9997020262490057,-2.99945764105568,1.2011848846863653,0.010973203563562767
10.332,1,-4.001208653578681,2.9984128878218423,1.2051776267964613,0.005803090355361765
10.342,0,-3.9996100536151813,-2.9994999439440737,1.2012275143523992,0.010989298804156635
10.342,1,-4.001157446245531,2.9983851642617503,1.2051823487747817,0.005875012592155768
10.351,0,-3.9995180676239843,-2.9995435842690745,1.201268783599724,0.010980401595452317
10.351,1,-4.001105313749634,2.9983578409167055,1.2051884063709242,0.0059528754167678475
10.361,0,-3.9994260601178517,-2.9995883539959265,1.2013082544918856,0.010954327887765675
10.361,1,-4.001052388948805,2.998330806591793,1.205196617585928,0.0060398506702150105
10.371,1,-4.000998800669684,2.9983039506932547,1.2052069024183858,0.00610768141934782
10.371,0,-3.9993340138324514,-2.9996340214605732,1.2013455045167203,0.010904884173646332
10.381,0,-3.999241904824469,-2.9996803349123518,1.2013797932018262,0.01083031188538974
10.381,1,-4.0009446772737824,2.998277165782521,1.2052169117458622,0.006126918003191218
10.391,0,-3.9991497071272533,-2.9997270349168006,1.2014105339428727,0.010743251559713085
10.392,1,-4.000890146370673,2.9982503526505653,1.2052245513705802,0.006122308355120228
10.401,0,-3.9990573969142917,-2.9997738663584084,1.2014373462982213,0.010652238751804984
10.401,1,-4.000835335719673,2.998223424308565,1.2052284151821226,0.006120949567335502
10.41,0,-3.998964955220633,-2.999820587192831,1.2014599808546191,0.010563101942401754
10.41,1,-4.0007803740543615,2.9981963085127554,1.2052275636845238,0.006144128065896754
10.421,0,-3.9988723695122386,-2.9998669746156432,1.2014782850204977,0.010480283431923351
10.421,1,-4.000725391419008,2.9981689491913146,1.2052213828075968,0.006205601187966767
10.431000000000001,0,-3.9987796343152966,-2.99991282909706,1.2014922263062435,0.010408207838072767
10.431000000000001,1,-4.000670519103829,2.9981413070026157,1.205209520570535,0.0063100270119572175
10.441,0,-3.9986867495169665,-2.9999579758935466,1.2015020234997682,0.0103487739468415
10.441,1,-4.000615887755493,2.998113357799307,1.2051919494340764,0.0064518519832194665
10.451,0,-3.998593713928606,-3.000002263391145,1.2015079166068614,0.010300513036393314
10.451,1,-4.000561619900815,2.9980850860027934,1.2051687580887664,0.0066269062857587085
10.461,0,-3.998500518488997,-3.000045560341331,1.2015101108320896,0.010263244523954005
10.461,1,-4.000507821449208,2.998056476943861,1.2051400532998184,0.006831472381114448
10.471,0,-3.9984071416754183,-3.000087753241794,1.201508771092012,0.010237528640381433
10.471,1,-4.000454575814435,2.998027511505958,1.2051059428417263,0.0070630745718419435
10.481,0,-3.9983135466837596,-3.000128743683869,1.2015042082828484,0.010221394907166902
10.481,1,-4.000401940441639,2.997998162742266,1.2050667053916337,0.0072927240077971
10.491,0,-3.998219680881499,-3.0001684435751983,1.201497571547079,0.010206736961365512
10.491,1,-4.000349945184642,2.997968395164918,1.2050232196112176,0.007490348441241359
10.501,0,-3.998125479868032,-3.0002067680759783,1.2014899321400536,0.010192008660990275
10.501,1,-4.000298591249451,2.9979381683776882,1.204976255591698,0.007664224237855242
10.511,0,-3.998030872411631,-3.0002436281156895,1.2014820119165774,0.010178452105415804
10.512,1,-4.000247851571952,2.997907441057543,1.2049263476115044,0.007822790271553722
10.521,0,-3.9979357843706684,-3.0002789250702326,1.2014742933341689,0.01016767052948413
10.521,1,-4.000197672241467,2.997876173933209,1.2048738711030909,0.00797215259283233
10.532,0,-3.9978401417257388,-3.0003125475935044,1.2014671072196814,0.010161047272327276
10.532,1,-4.000147974614751,2.997844331932171,1.2048191032048698,0.008117112739059098
10.541,0,-3.99774387345664,-3.0003443708989845,1.201460359077215,0.010164321612640172
10.541,1,-4.00009865793568,2.9978118856180727,1.2047621709606509,0.008274821912714711
10.551,0,-3.997646918845364,-3.0003742611561246,1.2014531452414599,0.010179029665625524
10.551,1,-4.000049604681709,2.99777880893114,1.2047029190237977,0.008457053469662032
10.562,0,-3.9975492411106117,-3.0004020842272596,1.2014447244776418,0.010202824870743775
10.562,1,-4.000000691182927,2.9977450693777885,1.2046412230247898,0.008657396376303129
10.571,0,-3.9974508393209063,-3.00042771554038,1.2014345920141958,0.010233533870593114
10.571,1,-3.9999517974374044,2.997710618524706,1.2045770227944832,0.008872435112268701
10.581,0,-3.997351755493459,-3.0004510474966435,1.2014224089285783,0.010268296255888617
10.581,1,-3.9999028139683506,2.9976753857719154,1.2045103027043187,0.009098057591065915
10.591,0,-3.9972520777312397,-3.0004719943804856,1.2014079623028757,0.01030378109415267
10.591,1,-3.9998536463665224,2.99763927483637,1.2044410885844115,0.009332073349167988
10.601,0,-3.9971519403571776,-3.0004904942753923,1.2013916759935734,0.010311518389105675
10.601,1,-3.999804217982565,2.9976021622529108,1.204369537704939,0.009549431659162477
10.612,0,-3.997051519371242,-3.0005065100235426,1.201375921680251,0.010267051465656546
10.612,1,-3.9997544712510216,2.997563902432537,1.2042962160711626,0.009730023569822312
10.621,0,-3.9969510224208062,-3.0005200430104955,1.2013627747069533,0.010188778790436512
10.621,1,-3.9997043686992004,2.9975243459544925,1.2042216289825043,0.009886008276129971
10.631,0,-3.9968506767202876,-3.0005311411217876,1.201353626021917,0.010095805187106954
10.631,1,-3.99965389355716,2.997483357264716,1.2041461329407315,0.010025249133693332
10.642,0,-3.996750718914243,-3.0005399016047893,1.2013493850892596,0.010003276609510515
10.642,1,-3.9996030498757285,2.997440826804116,1.2040699790228835,0.010152845649006785
10.651,0,-3.9966513864132374,-3.0005464720601145,1.2013500390185745,0.009917066320543755
10.651,1,-3.9995518618931336,2.9973966786186224,1.2039934836867423,0.010243822654717679
10.661,0,-3.996552911304086,-3.0005510477344988,1.2013533622055639,0.009817249028300392
10.662,1,-3.9995003708760613,2.9973508744608064,1.2039173734246065,0.010280478705325478
10.671,0,-3.9964555218003164,-3.0005538532318856,1.201357325049408,0.0096933584337207
10.671,1,-3.999448627908186,2.9973034173253574,1.20384224303941,0.010281096146955252
10.681000000000001,0,-3.996359444395055,-3.0005551289259835,1.201360532631986,0.009545950208593126
10.682,1,-3.9993966866678843,2.9972543522919133,1.2037684831084903,0.010256762302230944
10.691,0,-3.9962649048277847,-3.000555121487409,1.2013620425108535,0.00937863057208242
10.691,1,-3.999344598157234,2.9972037653920935,1.203696353978112,0.010214698672896497
10.701,0,-3.9961721287844036,-3.00055407633227,1.201361610279572,0.009193443316040164
10.701,1,-3.9992924072035514,2.9971517814980366,1.203625781008913,0.010202410548335749
10.711,0,-3.9960813385778007,-3.0005522323137264,1.2013605413812953,0.008986751498133272
10.711,1,-3.9992401506138457,2.9970985606099076,1.2035558306115237,0.010251625523934446
10.721,0,-3.995992734877447,-3.0005498215512256,1.2013600618336866,0.008760843374991016
10.721,1,-3.9991878566640158,2.997044289057786,1.2034856809036625,0.010336499515937585
10.731,0,-3.995906480944053,-3.0005470682397863,1.201361004890217,0.00852250929773821
10.731,1,-3.99913554530516,2.9969891718620914,1.2034147815472565,0.010440996484851976
10.741,0,-3.9958226930047074,-3.000544187032992,1.2013639218234045,0.008279873641889838
10.741,1,-3.999083228581705,2.99693342661592,1.2033427594403876,0.010555012184059558
10.751,0,-3.995741434955753,-3.0005413816214475,1.2013691740827543,0.008041213215267181
10.751,1,-3.9990309111009337,2.996877278410206,1.2032693678295463,0.010671020211616401
10.76,0,-3.99566271751998,-3.0005388436484473,1.2013774814619704,0.007829879158394
10.76,1,-3.998978590435844,2.9968209555574337,1.2031943966245817,0.010795934255966047
10.771,0,-3.9955865025363337,-3.000536748860111,1.2013910793230236,0.007693877404008985
10.771,1,-3.998926256223118,2.9967646834935278,1.2031174799424782,0.010937724928398266
10.781,0,-3.9955127041714835,-3.0005352450933187,1.2014118540697298,0.007673776466125521
10.781,1,-3.998873886370146,2.996708673979621,1.2030383240612634,0.011089778447321856
10.791,0,-3.995441195613495,-3.000534441270476,1.2014410647749287,0.0077975327189863065
10.792,1,-3.9988214434487563,2.9966531154920335,1.2029567473447162,0.011248996877294864
10.801,0,-3.9953718166598797,-3.0005344007933643,1.20147951812281,0.008073373037940439
10.801,1,-3.9987688725309725,2.9965981669603554,1.2028726310742364,0.01141502984254446
10.812,0,-3.995304379353114,-3.000535137952326,1.2015269062596368,0.008362746960559029
10.812,1,-3.9987160999907143,2.996543954657421,1.202786368516546,0.011493227762721978
10.874,0,-3.995174469584624,-3.0005387782729103,1.2016360156178305,0.008521088440420793
10.874,1,-3.9986095509642365,2.9964381023298263,1.2026151998340626,0.011222456409514997
10.875,0,-3.995111542524938,-3.000541526691871,1.2016929158157537,0.00845067060634323
10.875,1,-3.9985555163287834,2.9963866001668515,1.2025332136959215,0.010971002699261639
10.876,0,-3.9950496563608158,-3.0005447650801673,1.2017493831513553,0.008322529296108858
10.876,1,-3.9985007623334052,2.9963361277398333,1.202454773831317,0.010686402052798367
10.877,0,-3.994988576073781,-3.000548389131749,1.2018045009131035,0.008160365708759252
10.877,1,-3.998445100577662,2.9962867462260783,1.2023803544096545,0.010391224569321279
10.878,0,-3.994928067839696,-3.0005522950194137,1.2018572688964801,0.007916504241946619
10.878,1,-3.9983883227289,2.99623852194615,1.2023098760409128,0.010160528086386596
10.88,0,-3.9948679008194024,-3.0005563833260083,1.2019056017726246,0.00756570669325422
10.88,1,-3.9983302074477995,2.9961915270720807,1.2022422720595272,0.010022325930309627
10.891,1,-3.998270530400486,2.9961458393890026,1.2021765823025163,0.009959616116067818
10.892,0,-3.9948078495961044,-3.0005605626712826,1.2019477373210448,0.007170553285199611
10.901,1,-3.9982090740819616,2.996101540407306,1.2021120656271873,0.009950105690082808
10.901,0,-3.994747695258875,-3.0005647519370533,1.2019824352741637,0.0067951918232372266
10.911,0,-3.994687226117019,-3.0005688817153806,1.2020089953981368,0.0064929522224791685
10.911,1,-3.9981456346878232,2.9960587136148753,1.202048303716722,0.009977177724558453
10.921,0,-3.9946262383495847,-3.0005728951443222,1.2020270269022957,0.006300941576087611
10.921,1,-3.9980800272665418,2.996017442458772,1.2019850406694212,0.010031739278017865
10.931000000000001,1,-3.998012088502723,2.9959778088873272,1.201922326609444,0.010076049739459825
10.931000000000001,0,-3.994564536323551,-3.000576748066985,1.2020368146659142,0.006254290056244267
10.941,1,-3.9979416769332987,2.9959398913676134,1.2018609107794596,0.010087024577695197
10.941,0,-3.994501936305529,-3.000580405793097,1.2020403297481264,0.006316418447339192
10.951,0,-3.994438281872453,-3.000583834192063,1.2020393253713582,0.006430571911983242
10.951,1,-3.9978686739427625,2.995903758658103,1.201801443678915,0.01008402691597059
10.961,1,-3.9977929824146656,2.9958694651000153,1.2017443684606552,0.01008079797827311
10.961,0,-3.99437345770069,-3.000586991071157,1.2020350422779624,0.006567266913040481
10.971,0,-3.9943073979731225,-3.000589820765181,1.2020283507568252,0.006710704941357637
10.971,1,-3.9977145249432584,2.995837047769351,1.2016899674274912,0.010087685015085533
10.981,0,-3.994240090408575,-3.0005922512490053,1.2020200301706807,0.006844778718499998
10.981,1,-3.9976332412770317,2.995806525465102,1.2016386776318493,0.010071598761366478
10.992,0,-3.9941715734952035,-3.000594195271126,1.2020115205211896,0.006954738569798769
10.992,1,-3.997549084482076,2.995777901681149,1.2015921381644712,0.010002128719603648
11.002,0,-3.9941019251937617,-3.0005955601916785,1.2020040738017628,0.007045731770148485
11.002,1,-3.997462026656325,2.99575116815684,1.2015518446345217,0.009930045415062438
11.011,0,-3.9940312487127776,-3.0005962585826733,1.201998536418111,0.007124944909746998
11.011,1,-3.997372062055822,2.995726310956286,1.2015187790572868,0.009891222533146364
11.022,0,-3.993959660683645,-3.0005962156512735,1.2019954883282715,0.0071987517328174905
11.022,1,-3.997279207531352,2.995703315707666,1.2014935820307997,0.009908585239552892
11.031,1,-3.9971835023265454,2.9956821711381916,1.201476642283954,0.00999465956687455
11.032,0,-3.993887281913514,-3.000595374110808,1.2019953109423025,0.0072720365364442536
11.041,0,-3.993814230569396,-3.0005936971783744,1.2019980261831515,0.007344201986332045
11.041,1,-3.9970850090866024,2.9956628701943413,1.2014675455451596,0.010162556453081048
11.052,0,-3.9937406182994564,-3.0005911703017425,1.2020021373562682,0.00740128245646615
11.052,1,-3.996983820038318,2.9956454056870347,1.2014628584178926,0.01037818919556639
11.061,0,-3.9936665477137123,-3.000587797504638,1.2020060075513068,0.007442208997561521
11.061,1,-3.9968800499684036,2.9956297712804814,1.201459284174755,0.010600269104775259
11.071,0,-3.9935921121642792,-3.0005835971689017,1.2020084988347182,0.0074732255367165904
11.071,1,-3.9967738358176867,2.99561595769931,1.2014545578988236,0.010820652895295945
11.081,0,-3.9935173962084622,-3.00057859892543,1.2020088283227812,0.007501496098908457
11.081,1,-3.996665338023494,2.9956039483552455,1.2014471436890861,0.011040981186171559
11.091,0,-3.9934424760390423,-3.00057284101062,1.202006470081224,0.00753286527299213
11.091,1,-3.9965547402917556,2.995593716574584,1.2014360167529756,0.011263911232379357
11.101,0,-3.993367419884495,-3.0005663680754067,1.2020011047978396,0.007570528403012564
11.101,1,-3.99644224737656,2.9955852248840213,1.201421008931897,0.011470701323869308
11.111,0,-3.993292288273387,-3.000559230608497,1.2019927193486915,0.007613878745874669
11.111,1,-3.996328083259829,2.9955784262909044,1.2014039243543133,0.01163291678460701
11.122,0,-3.993217134056005,-3.000551488363465,1.201981384310386,0.007662557990559557
11.122,1,-3.9962124997557127,2.995573260290169,1.2013864363198166,0.011751128359544883
11.131,0,-3.9931420022780717,-3.0005432139739594,1.2019671540832404,0.007716599540774265
11.131,1,-3.9960957803132,2.9955696523338897,1.201369683733206,0.011829176366648196
11.141,1,-3.9959782401947113,2.9955675146303142,1.2013544338574635,0.01187005855076044
11.142,0,-3.993066930088548,-3.000534494882048,1.2019500706213329,0.007775848051926992
11.151,0,-3.9929919468435457,-3.0005254338670215,1.2019305173221086,0.007816417852645025
11.151,1,-3.995860224774819,2.9955667473233585,1.2013412994416963,0.011873178706859696
11.161,0,-3.992917076335242,-3.000516149511234,1.201910004761203,0.007814124990443583
11.161,1,-3.99574210494373,2.995567239657979,1.2013309284897402,0.011840274020513231
11.171,1,-3.995624268969034,2.995568870242492,1.201323778562362,0.01177478690994551
11.171,0,-3.992842343061427,-3.000506778498681,1.2018898355835572,0.0077794037640272415
11.181,0,-3.9927677781377446,-3.00049747671189,1.2018708939302438,0.007722229815125373
11.181,1,-3.995507114302086,2.9955715078908267,1.2013201372182545,0.011679112270200381
11.192,0,-3.99269342319738,-3.000488419089031,1.201853780913363,0.0076504054742936286
11.192,1,-3.995391040694056,2.9955750129706686,1.2013201842679078,0.0115551082246268
11.201,0,-3.9926193325393187,-3.000479798653863,1.201838890789126,0.007569548765012567
11.201,1,-3.9952764444380366,2.9955792389733973,1.2013240163339032,0.011404425281373516
11.212,0,-3.9925455738996734,-3.0004718246264046,1.2018263450773699,0.007488410381829328
11.212,1,-3.995163712808443,2.995584033990651,1.2013312381626753,0.011219995323041874
11.36,0,-3.991786843753557,-3.0004857325401795,1.201820421529399,0.006678487745751156
11.36,1,-3.9941299521617224,2.995639463844194,1.2013065318083394,0.007645039747493422
11.363,0,-3.991725890920843,-3.000500284782173,1.2018446481081964,0.006760573530930463
11.363,1,-3.994059137003382,2.9956430135703895,1.2012815560821009,0.007427331756090831
11.364,0,-3.991666744851408,-3.000517388081582,1.201873949277304,0.006874055997764629
11.364,1,-3.993992435941002,2.9956462392229763,1.2012511205510636,0.0072826020137881555
11.365,0,-3.9916094916014715,-3.0005370359754555,1.2019080456949487,0.007014226892942032
11.365,1,-3.9939298196783666,2.9956491835954333,1.2012149556694236,0.007216921723163891
11.366,0,-3.991554221987148,-3.0005592027794896,1.2019467168778528,0.007176935025931909
11.366,1,-3.9938712398681693,2.9956519213470343,1.2011729149668886,0.0072318747942664175
11.371,0,-3.9915010349794886,-3.0005838470375568,1.20199019834247,0.007420499491805397
11.371,1,-3.9938166333052507,2.995654560748757,1.2011254571716974,0.007237563032957679
11.381,0,-3.9914500401134005,-3.000610914556297,1.202039258506551,0.007706748151601805
11.381,1,-3.993765926812995,2.9956572395237524,1.2010740543335015,0.00722985104317461
11.391,0,-3.991401357204921,-3.000640337905938,1.202093760093499,0.008031318895574149
11.391,1,-3.9937190331132086,2.9956601127658162,1.2010189508405646,0.00725127457154266
11.401,0,-3.9913551215279157,-3.0006720422886484,1.2021541773755373,0.008427875576082258
11.401,1,-3.9936758612664005,2.995663341771892,1.2009607624271306,0.00725162513242009
11.411,0,-3.9913114833021828,-3.000705946070025,1.2022211051289673,0.008900000720390058
11.411,1,-3.9936363191933384,2.9956670855782597,1.2009003331427728,0.007209168702212179
11.421,0,-3.991270606873097,-3.0007419622358737,1.202295160441633,0.009447358324169418
11.421,1,-3.9936003153342874,2.995671494460246,1.2008385684640352,0.007119537130925042
11.431000000000001,0,-3.9912326651167818,-3.000779997239946,1.2023755914927763,0.0098012120431441
11.431000000000001,1,-3.9935677603544066,2.995676705500471,1.2007764833129144,0.006938450633063113
11.442,0,-3.9911978317207777,-3.000819949884186,1.2024585197169604,0.009837391916145872
11.442,1,-3.9935385681554614,2.9956828443527064,1.2007155197666375,0.006650467424193498
11.451,0,-3.991166290692616,-3.000861722246139,1.2025408007471567,0.009656591642015433
11.451,1,-3.993512651221642,2.99569003480527,1.200656825006782,0.006289668641159693
11.461,0,-3.9911382359373424,-3.0009052224478374,1.2026202983785068,0.009331442902776698
11.461,1,-3.993489918497948,2.99569840827343,1.2006011705590356,0.005886272134166471
11.471,0,-3.991113868540727,-3.000950365718284,1.2026955575900835,0.008917158754181184
11.471,1,-3.99347027475475,2.9957081100754426,1.2005490501681515,0.005463075616895121
11.481,0,-3.991093394654749,-3.0009970754400195,1.2027657630949142,0.008489840517647724
11.481,1,-3.993453621395279,2.995719303459573,1.2005010496363675,0.004970192690513245
11.491,0,-3.9910770195044334,-3.0010452824535343,1.2028309661066152,0.00810350909194889
11.491,1,-3.993439859996127,2.9957321707485023,1.2004585641714438,0.004375575166969283
11.501,0,-3.991064927131936,-3.001094918924765,1.202891342616818,0.007759632945083662
11.501,1,-3.9934288939248948,2.9957469067287064,1.200422729805271,0.0037448439871193497
11.511,0,-3.9910572633894694,-3.0011459130979303,1.2029470358917733,0.007461843113144686
11.511,1,-3.993420632731914,2.9957637122957834,1.2003942826606036,0.0031470004721848906
11.521,0,-3.9910541252310394,-3.00119818586313,1.2029981608190632,0.007212371907908604
11.521,1,-3.9934149956240885,2.995782789432605,1.2003736709504018,0.0026747686718138004
11.531,0,-3.9910555547302975,-3.0012516485522824,1.2030448050258806,0.007013363974932755
11.531,1,-3.9934119135398793,2.995804337019798,1.2003611492182087,0.002445043617841305
11.541,0,-3.991061536201044,-3.0013062015557885,1.203086955504072,0.006845460100809011
11.541,1,-3.993411329594836,2.995828546785335,1.2003566093694091,0.0025507498339521076
11.551,0,-3.9910719951535993,-3.001361731755098,1.2031237328239472,0.006664302105214725
11.551,1,-3.99341319570163,2.995855594741137,1.2003575568023461,0.0028633230455180447
11.561,0,-3.9910868170493377,-3.001418107548001,1.2031540790609507,0.006510235627045928
11.561,1,-3.9934174844825088,2.995885644489613,1.200360970364862,0.003213566463319784
11.572,0,-3.9911058700038895,-3.001475173113522,1.2031772980904236,0.006417896657574187
11.572,1,-3.9934242010925183,2.995918850829741,1.2003647609730843,0.0035712447178023947
11.581,0,-3.991129019981214,-3.00153274506169,1.2031929736614349,0.006407650752323595
11.581,1,-3.9934333872205863,2.9959553585960763,1.2003674928937638,0.0039454860284285215
11.591,0,-3.9911561415092636,-3.0015906116247737,1.2032008570926591,0.006487533701152778
11.591,1,-3.993445122469383,2.995995301403516,1.200368160893511,0.00434882600997989
11.601,0,-3.991187126591662,-3.001648534083018,1.203201180038932,0.006652601451650786
11.601,1,-3.9934595257287175,2.9960388032003498,1.2003667777288276,0.004779993795220841
11.611,0,-3.991221891413768,-3.001706255629719,1.2031955108608807,0.0068585567769721256
11.611,1,-3.993476755720622,2.9960859836836615,1.2003659875135861,0.0052270615787588705
11.621,0,-3.991260368210866,-3.001763524545748,1.2031852595128882,0.007073496078760122
11.621,1,-3.9934969926748733,2.996136946478954,1.2003681494849712,0.005710169844708875
11.851,0,-3.992549920553173,-3.00263908194085,1.2025348547622168,0.009598132900098023
11.851,1,-3.9946852573040657,2.997849637177957,1.2013382680867237,0.01846032020266495
11.856,0,-3.992630222186249,-3.0026691244573107,1.2024942045901594,0.009412784878787656
11.856,1,-3.9947981768592564,2.9979767888844036,1.2014152753283311,0.018839303227551143
11.857,0,-3.992709452312056,-3.002696853367479,1.2024531013510447,0.00930246972030527
11.857,1,-3.994915955740889,2.998107063244247,1.201489007767898,0.01921780227196784
11.859,0,-3.9927873423630205,-3.002722173865479,1.2024097214554963,0.009249292911800948
11.859,1,-3.9950383815637953,2.998240295276014,1.2015595956422391,0.01958839648779468
11.86,0,-3.9928636592793003,-3.0027449912665514,1.2023628391363899,0.009246829166032339
11.86,1,-3.9951652011472394,2.99837631586622,1.2016271362903566,0.019945084693138427
11.861,0,-3.9929382060245184,-3.002765210329222,1.202311641142081,0.009292752533425102
11.861,1,-3.995296122377552,2.9985149569993306,1.201691704080675,0.020282953968378637
11.871,0,-3.993010821316593,-3.0027827353624086,1.2022555520312292,0.009389595838550114
11.872,1,-3.9954308171860404,2.9986560555508146,1.2017532753276605,0.02059097643429525
11.881,0,-3.99308137843224,-3.0027974710360823,1.2021948195307188,0.0094398673344172
11.881,1,-3.99556892310564,2.998799455785793,1.201810649473081,0.02080644402235829
11.891,0,-3.993149785904815,-3.0028093292606717,1.202131286885707,0.009369523152086707
11.891,1,-3.9957100516072392,2.9989450182725705,1.2018609745217967,0.020958066478779427
11.901,0,-3.9932159919805996,-3.002818242968936,1.2020670623242804,0.00916262227527035
11.901,1,-3.9958538094409444,2.9990926371866196,1.201903410337624,0.021106002670013838
11.911,0,-3.9932799851940275,-3.0028241741899055,1.202004239145738,0.00882775220888012
11.911,1,-3.9959998011034283,2.9992422427525316,1.2019381999353709,0.021264344226280145
11.921,0,-3.993341793579288,-3.002827119731297,1.2019445291752724,0.008401749453295537
11.921,1,-3.996147632094404,2.99939380232242,1.2019661235279095,0.02143186215409358
11.931000000000001,0,-3.9934014836324447,-3.002827115900283,1.2018884785522554,0.008048313057342459
11.931000000000001,1,-3.996296913079745,2.9995473210792905,1.2019885999912312,0.02161674849619883
11.941,0,-3.9934591581885686,-3.002824242109687,1.2018339093697115,0.007885350103906428
11.941,1,-3.9964472659992216,2.9997028421723435,1.2020088729756218,0.021817248092743557
11.951,0,-3.993514941113159,-3.0028186067108376,1.2017788043844149,0.007860919754550787
11.951,1,-3.996598327285149,2.999860434721029,1.2020297199127326,0.022021433479597015
11.961,0,-3.993568967642947,-3.002810339371687,1.2017217987692554,0.00794255393535916
11.961,1,-3.9967497544318293,3.000020185045455,1.202053033491621,0.022227929027321486
11.971,0,-3.993621378083964,-3.0027995863433388,1.2016619763360192,0.008105865073035325
11.971,1,-3.996901231361023,3.000182190484707,1.202080059690219,0.02243884720301199
11.981,0,-3.9936723122715603,-3.0027865052635603,1.2015991982716023,0.008236210244361533
11.981,1,-3.9970524716509312,3.0003465543536425,1.2021116917632744,0.022659992672016176
11.991,0,-3.993721905450862,-3.0027712614363242,1.201535100638168,0.00823932967467206
11.991,1,-3.997203218983865,3.000513378400011,1.2021487841069378,0.02289692590325129
12.001,0,-3.993770291083793,-3.0027540359253355,1.2014712014774234,0.008154195070242256
12.001,1,-3.997353244198844,3.0006827473971276,1.2021919438460802,0.023149555825014597
12.011,0,-3.993817601727518,-3.0027350297043522,1.2014085290617238,0.008011605136086519
12.011,1,-3.9975023416649473,3.0008547157691603,1.2022415219940712,0.023415312101568143
12.335,0,-3.9949675620172487,-3.0020953187621586,1.2001605804005904,0.006010715074417556
12.335,1,-4.001044248606876,3.0058719791809514,1.2031768189164123,0.016016502083706644
12.337,0,-3.9950040197771286,-3.0020646743445707,1.200125673298983,0.005818734260729731
12.337,1,-4.001145367755098,3.0059929504376246,1.2031788834681967,0.015567568664328736
12.338,0,-3.995040268041252,-3.0020320611648077,1.200095919654121,0.005632920642639483
12.338,1,-4.00124644963805,3.0061081390773166,1.2031813090011865,0.015133383835125547
12.34,0,-3.9950763443650543,-3.0019973974752387,1.2000719841444865,0.005488931768574854
12.34,1,-4.001347683773762,3.0062174695511805,1.2031837292261034,0.01471669142479979
12.341,0,-3.995112256403861,-3.001960643717799,1.200054241916954,0.005410000117198036
12.341,1,-4.00144925989413,3.006320877018197,1.2031857903313765,0.014320916363902855
12.342,0,-3.9951479803891683,-3.001921801925885,1.2000428891225126,0.005405947627356784
12.351,1,-4.001551353008211,3.0064183178517903,1.203187247444595,0.013949360878346268
12.352,0,-3.9951834619412767,-3.0018809136203974,1.2000380145284817,0.0054771036929440395
12.36,0,-3.9952186182439626,-3.0018380601672696,1.2000380236065205,0.005598252377480671
12.36,1,-4.0016541122834095,3.006509782711996,1.2031870615203824,0.01360789546442945
12.371,0,-3.9952533421252103,-3.001793363985764,1.2000372871514937,0.005713214194646431
12.371,1,-4.001757651049355,3.0065953214894416,1.2031800163608535,0.01333935671340379
12.381,1,-4.001862049780551,3.006675004200784,1.2031636898357854,0.01316838927644993
12.382,0,-3.9952875063628723,-3.00174697144849,1.2000323663541042,0.005846293013176895
12.391,1,-4.001967358651707,3.006748923424265,1.2031386329069063,0.013073745344066766
12.392,0,-3.9953209727686967,-3.0016990441558242,1.200022432215479,0.0060037953755159015
12.401,0,-3.9953536015490942,-3.0016497533896493,1.2000076200188776,0.006169712765603721
12.401,1,-4.002073598898377,3.006817210098786,1.2031061100138785,0.013023542457549052
12.411,0,-3.9953852579702764,-3.001599273685487,1.1999885805594022,0.006324242416543649
12.411,1,-4.002180765768234,3.0068800361973507,1.2030676665490696,0.012992373102932919
12.421,1,-4.002288831217932,3.0069376159936154,1.2030246544423373,0.012970554932042685
12.421,0,-3.995415817348436,-3.001547777775521,1.1999660030944348,0.006459659937463537
12.431000000000001,0,-3.995445168269969,-3.0014954323732583,1.1999404875320874,0.006566400949314851
12.431000000000001,1,-4.002397746869423,3.0069902037941034,1.2029781041820122,0.012952226308761408
12.442,0,-3.995473212418269,-3.001442395457976,1.1999127999563541,0.006636917714167783
12.442,1,-4.002507446900725,3.0070380849783556,1.2029289110665553,0.012933167115279951
12.451,0,-3.9954998604905194,-3.0013888164983604,1.1998835194980875,0.006679193382718766
12.451,1,-4.002617849769287,3.007081559665878,1.2028777211985626,0.012915473847914775
12.461,0,-3.995525027396107,-3.001334836892065,1.1998530266703182,0.006697701039333556
12.461,1,-4.002728859695155,3.007120926057829,1.2028249732571383,0.01289823071631194
12.472,0,-3.99554862875522,-3.0012805901655244,1.1998216067395062,0.006696972864581543
12.472,1,-4.002840368173606,3.0071564678809226,1.202771008542833,0.012880063097027224
12.481,0,-3.995570578601223,-3.0012262020972327,1.1997895593612884,0.006664277066111688
12.482,1,-4.002952255470909,3.007188446015257,1.202716062113818,0.012859573537294134
12.491,0,-3.995590788948362,-3.001171789319778,1.1997577023507289,0.006579592160198072
12.491,1,-4.003064392744461,3.007217091652422,1.2026603533562557,0.01283195874880175
12.501,0,-3.995609176254546,-3.0011174544149433,1.1997268008696482,0.006459553466406134
12.501,1,-4.003176645139969,3.007242600309498,1.202604092510448,0.012796458381510965
12.511,0,-3.9956256680949496,-3.001063280889928,1.1996973363478982,0.006319897619164082
12.511,1,-4.003288874624735,3.0072651282166545,1.2025474000189282,0.01275485830970742
12.521,0,-3.995640207421247,-3.001009330133897,1.1996696071561188,0.006170186992463465
12.521,1,-4.003400942093039,3.0072847906715263,1.2024903573292627,0.012704498847438477
12.531,0,-3.995652755170018,-3.000955640065739,1.1996438395392464,0.006018495651155641
12.531,1,-4.003512708899499,3.0073016621889024,1.2024330727660673,0.012644642044256155
12.541,0,-3.9956632921402373,-3.0009022248709356,1.1996199846314772,0.005889066048475401
12.541,1,-4.003624037996516,3.0073157772672814,1.2023760416020086,0.01252894831438406
12.551,0,-3.9956718176106087,-3.0008490748880714,1.199597561155777,0.005788356644703723
12.552,1,-4.003734796903803,3.007327137227924,1.202320802054474,0.01233871636449274
12.561,0,-3.995678342053911,-3.000796156050007,1.1995761958367037,0.005711942442670212
12.561,1,-4.003844865433995,3.0073357329367876,1.2022686388693826,0.0121018145796716
12.571,0,-3.9956828811846803,-3.00074340980477,1.1995556007720891,0.00565906734571173
12.571,1,-4.0039541425528515,3.007341562495045,1.2022203895234136,0.011842887120138767
12.581,0,-3.9956854517902607,-3.0006907538715373,1.1995355288720633,0.005630414081671031
12.581,1,-4.00406255095991,3.007344642737767,1.202176558698528,0.011580335898094356
12.592,0,-3.9956860688104188,-3.000638083654498,1.199515801458908,0.005623612047929727
12.592,1,-4.004170039814916,3.0073450163579722,1.2021374633452557,0.011324491120669434
12.601,0,-3.9956847424056,-3.000585274025402,1.1994968813263451,0.005586201846837345
12.601,1,-4.004276586552128,3.007342757444466,1.2021027339523074,0.011137792689207174
12.611,0,-3.9956814755271752,-3.000532181549836,1.1994817484494535,0.005487848127895938
12.612,1,-4.006106337145163,3.007000269160673,1.2009282605442284,0.011938711079481105
12.829,0,-3.995387199044497,-2.9994244948257998,1.2000506263695234,0.007039755319063614
12.829,1,-4.006190461236177,3.00697486008787,1.200847452026807,0.011937954741999608
12.834,0,-3.9953659930002132,-2.9993583094662313,1.2000535092499927,0.006924234533264397
12.834,1,-4.006273336875182,3.006948811815857,1.2007659092900713,0.011877199747688836
12.837,0,-3.9953449695961814,-2.9992928250249253,1.2000453743869905,0.006955794822374215
12.837,1,-4.006354952395275,3.0069219892466754,1.200685108640641,0.011712961522255136
12.838000000000001,0,-3.995324171581111,-2.9992282297307713,1.200027824020429,0.007068931858050334
12.838000000000001,1,-4.006435275540008,3.0068942326176433,1.2006063137746263,0.011479864858420008
12.839,0,-3.995303641909207,-2.9991646943428143,1.200002361926116,0.007217915941584568
12.84,0,-3.9952834330704126,-2.9991023687058553,1.1999700603310544,0.007381693783869523
12.84,1,-4.006514249322849,3.006865361297442,1.2005303737631643,0.011203022504707805
12.852,0,-3.9952636131337105,-2.9990413792483666,1.1999309745640803,0.00765113736994703
12.852,1,-4.0065917910188835,3.006835178913113,1.2004569764887536,0.01103147104996855
12.861,0,-3.995244269078581,-2.998981827004019,1.1998834257181972,0.008050968857801075
12.861,1,-4.006667792866049,3.0068034775807164,1.2003844222318913,0.010929833348536708
12.871,0,-3.9952255103056147,-2.998923792206131,1.1998277728060993,0.008395409048549709
12.871,1,-4.006742120720866,3.006770036653328,1.2003122156311654,0.010864782354967932
12.882,0,-3.99520747039007,-2.998867337054541,1.1997671622524702,0.008512491033047732
12.882,1,-4.006814620697503,3.0067346281854825,1.2002396194282758,0.010851167884250848
12.891,0,-3.9951903056016147,-2.9988125065987576,1.199704707125177,0.008441570503676705
12.892,1,-4.00688512564835,3.006697021028317,1.2001661521234657,0.010859535393412098
12.901,0,-3.995174192954942,-2.998759332862344,1.199642572139779,0.008229725321199017
12.901,1,-4.006953461581908,3.0066569849582834,1.2000917769340236,0.010869909081403445
12.911,0,-3.9951593283147484,-2.998707839714453,1.1995823492360362,0.00791102439637358
12.911,1,-4.0070194536027435,3.006614295132017,1.2000166091879196,0.010881391527987167
12.92,0,-3.9951459237167777,-2.9986580463534183,1.1995251597191607,0.00751971981710923
12.92,1,-4.007082930536843,3.006568735729056,1.199940758475624,0.010898711500439171
12.931000000000001,0,-3.995134204094367,-2.9986099697697908,1.1994716468730995,0.007104405200589646
12.931000000000001,1,-4.0071437284751745,3.006520102712783,1.1998642618139748,0.010933830599288605
12.941,0,-3.9951244006017763,-2.9985636250594094,1.1994215719470442,0.006725629339007974
12.941,1,-4.007201695392545,3.006468206661258,1.1997869701118065,0.010999987411271525
12.951,0,-3.995116737723225,-2.998519024689216,1.199374476610006,0.00637689374109658
12.951,1,-4.007256698609997,3.006412875571588,1.1997087269277351,0.011095499012815292
12.962,0,-3.9951114190537576,-2.9984761763171366,1.1993300323292928,0.006052856827698686
12.962,1,-4.007308632024738,3.006353957427932,1.1996294388967463,0.011218757198776224
12.971,1,-4.007357420950219,3.006291321835209,1.1995490498829295,0.011369799372313055
12.971,0,-3.9951086168105285,-2.9984350805636297,1.1992879981044147,0.005752516886067322
12.982,0,-3.9951084638543564,-2.998395728536677,1.1992476620742105,0.005575485154845912
12.982,1,-4.00740302430967,3.006224860335921,1.1994676085365565,0.011531014531916973
12.991,0,-3.99511105008945,-2.998358098990852,1.1992066163474568,0.005602294552074069
12.991,1,-4.007445431787023,3.006154485922122,1.1993854878970678,0.011688478890094278
13.001,0,-3.99511643715427,-2.9983221621147216,1.1991627960371316,0.0057912486965204
13.002,1,-4.007484655763049,3.0060801356312266,1.1993030139949787,0.011851194167470566
13.011,0,-3.995124669601154,-2.998287880786996,1.1991147888718372,0.0061118450021472315
13.011,1,-4.00752072191312,3.0060017716866394,1.1992203961393901,0.012024421947786653
13.306,0,-3.99616178300883,-2.9978131491142603,1.1971180216034771,0.009436353550157374
13.306,1,-4.0074184865068005,3.0030656653056,1.1983592335135418,0.0121502874488083
13.311,0,-3.9962256367379654,-2.997802992206164,1.1970491626281068,0.009414251044779534
13.311,1,-4.007380069460575,3.002951592633728,1.198348339851245,0.012034093207041784
13.313,0,-3.996290708557146,-2.997793457767025,1.1969834101993981,0.009183814042431881
13.313,1,-4.0073396873694005,3.002839321295429,1.1983385308618533,0.011921667804790115
13.314,0,-3.9963570054836115,-2.9977846149657292,1.1969232141647634,0.00883785137515178
13.314,1,-4.00729734423739,3.0027288557821556,1.1983297078947954,0.01181722164476066
13.315,0,-3.996424532026153,-2.9977765266226104,1.1968702078520306,0.008448782950168654
13.315,1,-4.007253031129053,3.002620155726746,1.198321799592772,0.011725192758429415
13.316,0,-3.9964932900292225,-2.9977692458092933,1.1968254584276365,0.00807331439406257
13.321,0,-3.9965632784648992,-2.9977628133003904,1.1967893496328907,0.00778500658324371
13.321,1,-4.007206728843812,3.002513135566192,1.198314331803191,0.01165611409177626
13.331,0,-3.9966344944356265,-2.9977572514252433,1.1967595227522299,0.007745358447242441
13.331,1,-4.0071584165957255,3.0024076725249897,1.198304042099783,0.011656099249504403
13.341,0,-3.996706942532201,-2.9977525556044666,1.1967312321578463,0.007835341598587857
13.341,1,-4.007108075970792,3.0023036359414372,1.198285539345392,0.011766969818354301
13.351,0,-3.996780649216421,-2.9977486916579363,1.1967033617724658,0.00793238463074176
13.351,1,-4.007055680260642,3.002200920482434,1.198257316253397,0.011974418989086742
13.361,0,-3.9968556643073456,-2.9977455890356643,1.196676473212016,0.008005496353186618
13.362,1,-4.007001200394677,3.0020994594263737,1.1982197806488237,0.012234371398414823
13.371,0,-3.9969320609339913,-2.9977431377172112,1.1966512980967041,0.008087729653100886
13.371,1,-4.0069446085547495,3.0019992338052974,1.1981746428364388,0.012458128633234165
13.382,0,-3.9970099288272505,-2.997741194544439,1.1966273865692283,0.00820160617364816
13.382,1,-4.006885882432758,3.0019002713137217,1.1981247952881269,0.012597537310990177
13.391,0,-3.997089361582466,-2.9977396037048685,1.1966042650277413,0.008336641912208642
13.391,1,-4.0068250156623275,3.001802629035301,1.1980724928301625,0.012663058146668345
13.399000000000001,0,-3.9971704434202904,-2.997738215197565,1.1965816993693044,0.008485424706298818
13.399000000000001,1,-4.00676202278778,3.0017063777890622,1.1980193775254278,0.012668988129104785
13.41,0,-3.9972532390851634,-2.9977368977453915,1.1965595403919886,0.008644043093187104
13.41,1,-4.006696941666786,3.001611590442098,1.1979665947435474,0.01263250797796473
13.804,0,-4.0006932475840875,-2.9977341686109384,1.1957053288604766,0.008323865624988975
13.804,1,-4.0044876240276235,2.9991218913038673,1.1972276495249075,0.005719048404753884
13.812,0,-4.000772739478838,-2.9977346973886903,1.195687285251765,0.008015154186551151
13.812,1,-4.004468185957773,2.9990683465213217,1.1972258679885412,0.00569068199065349
14.354,0,-4.00103503447646,-2.997758375439112,1.1947614759142466,0.005788905915699782
14.354,1,-4.00392907323267,2.9939045214110727,1.1976518702383214,0.03181251377624409
14.359,0,-4.000976543652144,-2.997759504351799,1.1946147279385981,0.03427010689907224
14.359,1,-4.003874045426513,2.9938330927311796,1.196987071061889,0.09978202987326254
14.835,0,-3.9981161728570624,-2.9978077361309428,1.009032053975735,0.08251436832269654
14.835,1,-4.001752888831748,2.9945379386893625,1.0115861382983427,0.07921819983129497
14.842,0,-3.9980754484983265,-2.9978158979967278,1.0082691361173473,0.07145303665478674
14.842,1,-4.001719457217123,2.9946409961825604,1.0108626778054604,0.06825931904549482
15.425,0,-3.997985197859218,-2.997298250627431,1.0722353253919017,0.07820989175957536
15.425,1,-3.999876829342159,2.998282023231899,1.0723843147878713,0.17700291351897612
15.435,0,-3.998025858679392,-2.997280803839194,1.0709318868191313,0.17345948111441278
15.435,1,-3.9998535635944408,2.998297350419045,1.0700834645500739,0.2736758199088907
15.898,0,-3.999652470800731,-2.9946016044834485,0.8494340281623032,0.014253003798670142
15.898,1,-3.9988024921758702,2.9949817672417063,0.8485012271107991,0.013961708167415507
15.905,0,-3.9996897850179054,-2.9945449583682273,0.8496528604505994,0.030244689148802347
15.905,1,-3.998788823514739,2.994853902856417,0.8486451260707902,0.025292802451375017
15.909,0,-3.999727455016321,-2.9944905276204343,0.8500387299276809,0.046413192201612434
15.909,1,-3.9977181166102347,2.990593059097275,0.9572089078132344,0.35508148789114813
16.354,0,-4.000410099159397,-2.994245724882397,0.9576307366058797,0.3435658218678879
16.354,1,-3.9976711686171043,2.990554284448483,0.9607617173147682,0.35551878415620136
16.358,0,-4.000391375376713,-2.994277342906792,0.9610681409821227,0.3438679959073857
16.358,1,-3.9967623183993926,2.99030440864341,1.1157977368830299,0.2487823653349064
16.84,0,-3.998462738573965,-2.996742891169507,1.1077645072515119,0.24030161916969234
16.84,1,-3.996787931335341,2.990321380191928,1.1182609387173508,0.24433678856453167
16.849,0,-3.998453511373623,-2.996816307391487,1.1101440059328294,0.23621595261918493
16.849,1,-3.999023775121375,2.993989507614008,1.1940752064103213,0.09433082909857113
17.326,0,-3.9979369087296472,-2.999032822608414,1.1856709021247798,0.09543155953584118
17.326,1,-3.999020727996078,2.9940709996395585,1.1950009414894482,0.09175463045924741
17.338,0,-3.9978377238674705,-2.9990470270590204,1.187534395074453,0.09146628402736769
17.338,1,-3.9995218372955246,2.9995610952217695,1.2154284071906876,0.013530894764046087
17.807,0,-3.995242342459715,-2.999658844303379,1.2094085101560075,0.014766957223280924
17.807,1,-3.999546564303826,2.9996818601368735,1.2154782443430008,0.013123956840956174
17.816,0,-3.9952303274206025,-2.999708448112724,1.2095445120415602,0.014339465654464137
17.816,1,-4.00071215948125,3.002674304711951,1.2109546298238085,0.01582313216711826
18.287,0,-3.9948171349941193,-3.00091121962754,1.2076902540058618,0.013266935722881559
18.287,1,-4.000756909051217,3.002634426025974,1.21080715899432,0.015991422841412622
18.292,0,-3.9948389736501118,-3.0009121740413676,1.2075596694057456,0.013220393493719215
18.292,1,-4.00080290792661,3.00259156063277,1.2106593042160785,0.016124090239968542
18.76,0,-3.9978738050947698,-3.001227115481188,1.202251873222479,0.015759829735553423
18.76,1,-4.000636323706672,3.0001310825936858,1.2045808286956945,0.015306484069355843
18.769,0,-3.997983100057324,-3.0012703152198443,1.2021451380709751,0.015978172223275536
18.769,1,-4.000561909316376,3.000067479038435,1.2044646364162244,0.015103565353506031
19.232,0,-4.001940507844696,-3.0053528392580517,1.1982279214032325,0.009075915531849606
19.232,1,-3.9988027088162146,2.9969704141074978,1.1999155866269136,0.012540506371473614
19.24,0,-4.001978386861922,-3.0054321488597173,1.1982185462018375,0.008646959429684778
19.24,1,-3.9988188227266215,2.9969370142058653,1.1997982335862325,0.012137265551404137
19.743,0,-4.002012321394291,-3.0039307322607955,1.1995036797088896,0.010481375913648021
19.743,1,-4.00041026792346,2.9957686255725893,1.1983729353600654,0.0036139614272390945
19.752,0,-4.001984099872605,-3.0038335042240765,1.1994782838531501,0.010396454363577652
19.752,1,-4.000439294665434,2.995750928482702,1.198382301715312,0.0034553805812747563
20.256,0,-4.001101351758102,-3.00005611178514,1.1243703458508458,0.03186651354103947
20.256,1,-3.999790127431182,2.9948653337593174,1.1246116568013327,0.019963082433232256
20.266,0,-4.0010853248704965,-2.9999878373396225,1.12408321824762,0.02765963277341148
20.266,1,-3.9997470033857394,2.994904136358427,1.1244428441848486,0.016176638597159506
20.775,0,-3.9994340251179827,-2.99583450891649,1.0670731223723149,0.05210646597591298
20.775,1,-3.9999723028315146,2.996726835723584,1.0677770673364613,0.06027254136938424
20.782,0,-3.999382030232201,-2.995788930868665,1.0676149521650806,0.056658355525822
20.782,1,-3.999990938599542,2.9967409578270496,1.0684095575206003,0.06569806471732946
21.397,0,-3.996322961706518,-2.9971542402118425,1.0056511754261175,0.5249493514226158
21.397,1,-3.998306111657934,2.9982633237255913,1.0093844819013074,0.5431160433632318
21.406,0,-3.9963332184721003,-2.997200251223953,0.9998661446949415,0.6223548481445416
21.406,1,-3.998275644502492,2.9982522912491105,1.003417711391874,0.6405146070430867
21.411,0,-3.996343468034163,-2.9972462175253463,0.993107146524359,0.7197312488305933
21.411,1,-3.996299292818541,2.9973104782020825,0.6180136692687556,0.1596802515209522
21.89,0,-3.998101287436547,-3.001683711222356,0.6230046883857123,0.14271734289859628
21.89,1,-3.9962366815184547,2.99730016489234,0.6165839500862174,0.12956443868282083
21.896,0,-3.9981385656329804,-3.001801560321118,0.6217486895532809,0.11271703092297042
21.896,1,-3.9961428331639826,2.995999528284576,0.7691683491760881,0.5679477841675905
22.365,0,-3.9981884308228777,-3.003819185654822,0.7777447556209636,0.5652478865288306
22.365,1,-3.9962205477186172,2.995957796177428,0.7748641745174252,0.571009969964166
22.371,0,-3.998164772294168,-3.0038138065679068,0.7834100446763668,0.5675205981156239
22.371,1,-4.001200447150642,2.9961522265101057,1.0282189892110642,0.4319922908935607
22.856,0,-3.9960196794131155,-3.004473720729414,1.0359805763073608,0.4277577037260378
22.856,1,-4.001303595996516,2.996160103212616,1.032509490713195,0.4268568014180975
22.865,0,-3.9959338760760987,-3.0044862697270505,1.040229800716132,0.42275709341877277
22.865,1,-4.003615034371141,2.9959411439117365,1.1724595817657957,0.17819753964887816
23.331,0,-3.992264672499333,-3.0010093533262467,1.1780748969208608,0.16846170984726394
23.331,1,-4.00356026322145,2.9959522919305113,1.1742127792358852,0.17312174931469523
23.339,0,-3.9922293295380054,-3.000916923921245,1.1797312865019502,0.1638689067174763
23.339,1,-3.9969630677520653,2.9979817485361604,1.2153243553571906,0.033513327949385434
23.804,0,-3.9935646137236134,-2.998861695546199,1.2189486364084825,0.02160649611182416
23.804,1,-3.9968499391134955,2.998082433960662,1.2156128194417608,0.03180728454424164
23.814,0,-3.9936252322955528,-2.9988443523709267,1.2191428166404674,0.019452483430166242
23.814,1,-3.9988143516330275,3.0024444797411616,1.2145679995990186,0.021880344730706526
24.311,0,-3.999244697926017,-2.9986018442088813,1.2159352608339316,0.020342183131961858
24.311,1,-3.9989099906834196,3.0024886851292165,1.2143711823682644,0.022703857824110125
