... logging to /root/.ros/log/8c6b8d9e-bb46-11f1-b25e-5255551de53e/roslaunch-colima-racer-gvp-246.log
Checking log directory for disk usage. This may take a while.
Press Ctrl-C to interrupt
Done checking log file disk usage. Usage is <1GB.
]2;/comparison/gvp.launch
[1mstarted roslaunch server http://localhost:38609/[0m

SUMMARY
========

PARAMETERS
 * /murder_1/Computation/data_name0: gvp
 * /murder_1/Computation/data_name1: local
 * /murder_1/Computation/data_name2: global
 * /murder_1/Computation/data_num: 3
 * /murder_1/Computation/dir: /home/charliedog/...
 * /murder_1/Computation/vdata_name0: volume
 * /murder_1/Computation/vdata_name1: DTG
 * /murder_1/Computation/vdata_name2: pose
 * /murder_1/Computation/vdata_name3: traj
 * /murder_1/Computation/vdata_name4: job
 * /murder_1/Computation/vdata_name5: state
 * /murder_1/Computation/vdata_name6: map
 * /murder_1/Computation/vdata_name7: mapreq
 * /murder_1/Computation/vdata_name8: total
 * /murder_1/Computation/vdata_num: 9
 * /murder_1/EXP/finish_hold_duration: 15.0
 * /murder_1/Exp/AutoTakeoff: True
 * /murder_1/Exp/UAV_id: 1
 * /murder_1/Exp/acc_off: -0.5
 * /murder_1/Exp/check_duration: 3.5
 * /murder_1/Exp/colli_range: 0.8
 * /murder_1/Exp/drone_num: 2
 * /murder_1/Exp/exc_duration: 0.5
 * /murder_1/Exp/finish_thresh: 0.5
 * /murder_1/Exp/global_comm_freq: 0.5
 * /murder_1/Exp/global_path_search: 3000
 * /murder_1/Exp/local_comm_freq: 5.0
 * /murder_1/Exp/local_dist_thresh: 7.0
 * /murder_1/Exp/local_path_search: 1000
 * /murder_1/Exp/maxX: 6.0
 * /murder_1/Exp/maxY: 6.0
 * /murder_1/Exp/maxZ: 3.0
 * /murder_1/Exp/minX: -6.0
 * /murder_1/Exp/minY: -6.0
 * /murder_1/Exp/minZ: 0.0
 * /murder_1/Exp/reach_out_t: 0.1
 * /murder_1/Exp/replan_duration: 1.5
 * /murder_1/Exp/robot_sizeX: 0.48
 * /murder_1/Exp/robot_sizeY: 0.48
 * /murder_1/Exp/robot_sizeZ: 0.3
 * /murder_1/Exp/show_swarm_traj: False
 * /murder_1/Exp/statistic: True
 * /murder_1/Exp/strong_check_interval: 3.0
 * /murder_1/Exp/swarm_check: True
 * /murder_1/Exp/takeoff_x: -4.0
 * /murder_1/Exp/takeoff_y: -3.0
 * /murder_1/Exp/takeoff_yaw: 0.0
 * /murder_1/Exp/takeoff_z: 1.2
 * /murder_1/Exp/traj_length: 10.0
 * /murder_1/Frontier/FOV_hor_num: 15
 * /murder_1/Frontier/FOV_ver_num: 10
 * /murder_1/Frontier/cam_hor: 2.0943951023931953
 * /murder_1/Frontier/cam_ver: 2.0943951023931953
 * /murder_1/Frontier/grid_scale: 2.0
 * /murder_1/Frontier/min_vp_num: 6
 * /murder_1/Frontier/observe_thresh: 0.85
 * /murder_1/Frontier/ray_samp_dist1: 0.2
 * /murder_1/Frontier/ray_samp_dist2: 0.1
 * /murder_1/Frontier/resample_duration: 0.8
 * /murder_1/Frontier/sample_dist_num: 2
 * /murder_1/Frontier/sample_hor_dir_num: 10
 * /murder_1/Frontier/sample_max_range: 2.2
 * /murder_1/Frontier/sample_ver_dir_num: 3
 * /murder_1/Frontier/sensor_type: Depth_Camera
 * /murder_1/Frontier/show_frontier: True
 * /murder_1/Frontier/viewpoint_thresh: 1.3
 * /murder_1/GVD/allowance: 0.08
 * /murder_1/GVD/lambda: 0.1
 * /murder_1/GVD/partition_frequency: 0.33
 * /murder_1/GVD/show_gvd: True
 * /murder_1/GVD/tau: 0.2
 * /murder_1/LowResMap/blockX: 5
 * /murder_1/LowResMap/blockY: 5
 * /murder_1/LowResMap/blockZ: 3
 * /murder_1/LowResMap/corridor_expX: 2
 * /murder_1/LowResMap/corridor_expY: 2
 * /murder_1/LowResMap/corridor_expZ: 1
 * /murder_1/LowResMap/debug: True
 * /murder_1/LowResMap/lambda_heu: 5.0
 * /murder_1/LowResMap/localgraph_sizex: 14.0
 * /murder_1/LowResMap/localgraph_sizey: 14.0
 * /murder_1/LowResMap/localgraph_sizez: 8.0
 * /murder_1/LowResMap/node_x: 0.6
 * /murder_1/LowResMap/node_y: 0.6
 * /murder_1/LowResMap/node_z: 0.6
 * /murder_1/LowResMap/occ_duration: 2.0
 * /murder_1/LowResMap/prune_seg_length: 6.5
 * /murder_1/LowResMap/resolution: 0.1
 * /murder_1/LowResMap/seg_length: 2.5
 * /murder_1/LowResMap/show_dtg: False
 * /murder_1/LowResMap/showmap: True
 * /murder_1/LowResMap/unknown_duration: 0.2
 * /murder_1/MR_DTG/H_thresh: 5.5
 * /murder_1/MR_DTG/Toporange: 10.0
 * /murder_1/MR_DTG/resX: 2.0
 * /murder_1/MR_DTG/resY: 2.0
 * /murder_1/MR_DTG/resZ: 2.0
 * /murder_1/MR_DTG/show_edge_details: False
 * /murder_1/MR_DTG/update_FF: False
 * /murder_1/block_map/CamtoBody_Quater_w: 1.0
 * /murder_1/block_map/CamtoBody_Quater_x: 0.0
 * /murder_1/block_map/CamtoBody_Quater_y: 0.0
 * /murder_1/block_map/CamtoBody_Quater_z: 0.0
 * /murder_1/block_map/CamtoBody_x: 0.0
 * /murder_1/block_map/CamtoBody_y: 0.0
 * /murder_1/block_map/CamtoBody_z: 0.4
 * /murder_1/block_map/FFD: False
 * /murder_1/block_map/HeightcolorB: [48, 147, 92, 130...
 * /murder_1/block_map/HeightcolorG: [21, 80, 66, 114,...
 * /murder_1/block_map/HeightcolorR: [44, 71, 198, 234...
 * /murder_1/block_map/RobotVisX: 0.81
 * /murder_1/block_map/RobotVisY: 0.81
 * /murder_1/block_map/RobotVisZ: 0.41
 * /murder_1/block_map/blockX: 10
 * /murder_1/block_map/blockY: 10
 * /murder_1/block_map/blockZ: 10
 * /murder_1/block_map/colorB: [150, 238, 0, 0, ...
 * /murder_1/block_map/colorG: [150, 229, 165, 2...
 * /murder_1/block_map/colorR: [150, 0, 255, 124...
 * /murder_1/block_map/depth: True
 * /murder_1/block_map/depth_step: 2
 * /murder_1/block_map/maxX: 6.0
 * /murder_1/block_map/maxY: 6.0
 * /murder_1/block_map/maxZ: 3.0
 * /murder_1/block_map/minX: -6.0
 * /murder_1/block_map/minY: -6.0
 * /murder_1/block_map/minZ: 0.0
 * /murder_1/block_map/min_finish_t: 45.0
 * /murder_1/block_map/occ_max: 0.9
 * /murder_1/block_map/occ_min: 0.2
 * /murder_1/block_map/pro_hit_occ: 0.9
 * /murder_1/block_map/pro_miss_free: 0.75
 * /murder_1/block_map/resolution: 0.1
 * /murder_1/block_map/sensor_max_range: 4.5
 * /murder_1/block_map/show_block: True
 * /murder_1/block_map/show_freq: 10.0
 * /murder_1/block_map/statistic_v: True
 * /murder_1/block_map/swarm_pub_thresh: 0.975
 * /murder_1/block_map/swarm_send_delay: 2.0
 * /murder_1/block_map/swarm_tol: 0.3
 * /murder_1/block_map/update_freq: 10.0
 * /murder_1/block_map/vis_mode: False
 * /murder_1/opt/MaxAcc: 0.8
 * /murder_1/opt/MaxJer: 25.0
 * /murder_1/opt/MaxVel: 0.6
 * /murder_1/opt/RelCostTolL: 1e-05
 * /murder_1/opt/SwarmAvoid: 1.2
 * /murder_1/opt/WeiAcc: 400.0
 * /murder_1/opt/WeiJer: 50.0
 * /murder_1/opt/WeiPos: 5000.0
 * /murder_1/opt/WeiSwarm: 100.0
 * /murder_1/opt/WeiT: 200.0
 * /murder_1/opt/WeiVel: 800.0
 * /murder_1/opt/WeiminT: 10.0
 * /murder_1/opt/YawAcc: 0.8
 * /murder_1/opt/YawVel: 0.65
 * /murder_1/opt/integralIntervs: 16
 * /murder_1/opt/smoothingEps: 0.01
 * /murder_2/Computation/data_name0: gvp
 * /murder_2/Computation/data_name1: local
 * /murder_2/Computation/data_name2: global
 * /murder_2/Computation/data_num: 3
 * /murder_2/Computation/dir: /home/charliedog/...
 * /murder_2/Computation/vdata_name0: volume
 * /murder_2/Computation/vdata_name1: DTG
 * /murder_2/Computation/vdata_name2: pose
 * /murder_2/Computation/vdata_name3: traj
 * /murder_2/Computation/vdata_name4: job
 * /murder_2/Computation/vdata_name5: state
 * /murder_2/Computation/vdata_name6: map
 * /murder_2/Computation/vdata_name7: mapreq
 * /murder_2/Computation/vdata_name8: total
 * /murder_2/Computation/vdata_num: 9
 * /murder_2/EXP/finish_hold_duration: 15.0
 * /murder_2/Exp/AutoTakeoff: True
 * /murder_2/Exp/UAV_id: 2
 * /murder_2/Exp/acc_off: -0.5
 * /murder_2/Exp/check_duration: 3.5
 * /murder_2/Exp/colli_range: 0.8
 * /murder_2/Exp/drone_num: 2
 * /murder_2/Exp/exc_duration: 0.5
 * /murder_2/Exp/finish_thresh: 0.5
 * /murder_2/Exp/global_comm_freq: 0.5
 * /murder_2/Exp/global_path_search: 3000
 * /murder_2/Exp/local_comm_freq: 5.0
 * /murder_2/Exp/local_dist_thresh: 7.0
 * /murder_2/Exp/local_path_search: 1000
 * /murder_2/Exp/maxX: 6.0
 * /murder_2/Exp/maxY: 6.0
 * /murder_2/Exp/maxZ: 3.0
 * /murder_2/Exp/minX: -6.0
 * /murder_2/Exp/minY: -6.0
 * /murder_2/Exp/minZ: 0.0
 * /murder_2/Exp/reach_out_t: 0.1
 * /murder_2/Exp/replan_duration: 1.5
 * /murder_2/Exp/robot_sizeX: 0.48
 * /murder_2/Exp/robot_sizeY: 0.48
 * /murder_2/Exp/robot_sizeZ: 0.3
 * /murder_2/Exp/show_swarm_traj: False
 * /murder_2/Exp/statistic: True
 * /murder_2/Exp/strong_check_interval: 3.0
 * /murder_2/Exp/swarm_check: True
 * /murder_2/Exp/takeoff_x: -4.0
 * /murder_2/Exp/takeoff_y: 3.0
 * /murder_2/Exp/takeoff_yaw: 0.0
 * /murder_2/Exp/takeoff_z: 1.2
 * /murder_2/Exp/traj_length: 10.0
 * /murder_2/Frontier/FOV_hor_num: 15
 * /murder_2/Frontier/FOV_ver_num: 10
 * /murder_2/Frontier/cam_hor: 2.0943951023931953
 * /murder_2/Frontier/cam_ver: 2.0943951023931953
 * /murder_2/Frontier/grid_scale: 2.0
 * /murder_2/Frontier/min_vp_num: 6
 * /murder_2/Frontier/observe_thresh: 0.85
 * /murder_2/Frontier/ray_samp_dist1: 0.2
 * /murder_2/Frontier/ray_samp_dist2: 0.1
 * /murder_2/Frontier/resample_duration: 0.8
 * /murder_2/Frontier/sample_dist_num: 2
 * /murder_2/Frontier/sample_hor_dir_num: 10
 * /murder_2/Frontier/sample_max_range: 2.2
 * /murder_2/Frontier/sample_ver_dir_num: 3
 * /murder_2/Frontier/sensor_type: Depth_Camera
 * /murder_2/Frontier/show_frontier: True
 * /murder_2/Frontier/viewpoint_thresh: 1.3
 * /murder_2/GVD/allowance: 0.08
 * /murder_2/GVD/lambda: 0.1
 * /murder_2/GVD/partition_frequency: 0.33
 * /murder_2/GVD/show_gvd: True
 * /murder_2/GVD/tau: 0.2
 * /murder_2/LowResMap/blockX: 5
 * /murder_2/LowResMap/blockY: 5
 * /murder_2/LowResMap/blockZ: 3
 * /murder_2/LowResMap/corridor_expX: 2
 * /murder_2/LowResMap/corridor_expY: 2
 * /murder_2/LowResMap/corridor_expZ: 1
 * /murder_2/LowResMap/debug: True
 * /murder_2/LowResMap/lambda_heu: 5.0
 * /murder_2/LowResMap/localgraph_sizex: 14.0
 * /murder_2/LowResMap/localgraph_sizey: 14.0
 * /murder_2/LowResMap/localgraph_sizez: 8.0
 * /murder_2/LowResMap/node_x: 0.6
 * /murder_2/LowResMap/node_y: 0.6
 * /murder_2/LowResMap/node_z: 0.6
 * /murder_2/LowResMap/occ_duration: 2.0
 * /murder_2/LowResMap/prune_seg_length: 6.5
 * /murder_2/LowResMap/resolution: 0.1
 * /murder_2/LowResMap/seg_length: 2.5
 * /murder_2/LowResMap/show_dtg: False
 * /murder_2/LowResMap/showmap: True
 * /murder_2/LowResMap/unknown_duration: 0.2
 * /murder_2/MR_DTG/H_thresh: 5.5
 * /murder_2/MR_DTG/Toporange: 10.0
 * /murder_2/MR_DTG/resX: 2.0
 * /murder_2/MR_DTG/resY: 2.0
 * /murder_2/MR_DTG/resZ: 2.0
 * /murder_2/MR_DTG/show_edge_details: False
 * /murder_2/MR_DTG/update_FF: False
 * /murder_2/block_map/CamtoBody_Quater_w: 1.0
 * /murder_2/block_map/CamtoBody_Quater_x: 0.0
 * /murder_2/block_map/CamtoBody_Quater_y: 0.0
 * /murder_2/block_map/CamtoBody_Quater_z: 0.0
 * /murder_2/block_map/CamtoBody_x: 0.0
 * /murder_2/block_map/CamtoBody_y: 0.0
 * /murder_2/block_map/CamtoBody_z: 0.4
 * /murder_2/block_map/FFD: False
 * /murder_2/block_map/HeightcolorB: [48, 147, 92, 130...
 * /murder_2/block_map/HeightcolorG: [21, 80, 66, 114,...
 * /murder_2/block_map/HeightcolorR: [44, 71, 198, 234...
 * /murder_2/block_map/RobotVisX: 0.81
 * /murder_2/block_map/RobotVisY: 0.81
 * /murder_2/block_map/RobotVisZ: 0.41
 * /murder_2/block_map/blockX: 10
 * /murder_2/block_map/blockY: 10
 * /murder_2/block_map/blockZ: 10
 * /murder_2/block_map/colorB: [150, 238, 0, 0, ...
 * /murder_2/block_map/colorG: [150, 229, 165, 2...
 * /murder_2/block_map/colorR: [150, 0, 255, 124...
 * /murder_2/block_map/depth: True
 * /murder_2/block_map/depth_step: 2
 * /murder_2/block_map/maxX: 6.0
 * /murder_2/block_map/maxY: 6.0
 * /murder_2/block_map/maxZ: 3.0
 * /murder_2/block_map/minX: -6.0
 * /murder_2/block_map/minY: -6.0
 * /murder_2/block_map/minZ: 0.0
 * /murder_2/block_map/min_finish_t: 45.0
 * /murder_2/block_map/occ_max: 0.9
 * /murder_2/block_map/occ_min: 0.2
 * /murder_2/block_map/pro_hit_occ: 0.9
 * /murder_2/block_map/pro_miss_free: 0.75
 * /murder_2/block_map/resolution: 0.1
 * /murder_2/block_map/sensor_max_range: 4.5
 * /murder_2/block_map/show_block: True
 * /murder_2/block_map/show_freq: 10.0
 * /murder_2/block_map/statistic_v: True
 * /murder_2/block_map/swarm_pub_thresh: 0.975
 * /murder_2/block_map/swarm_send_delay: 2.0
 * /murder_2/block_map/swarm_tol: 0.3
 * /murder_2/block_map/update_freq: 10.0
 * /murder_2/block_map/vis_mode: False
 * /murder_2/opt/MaxAcc: 0.8
 * /murder_2/opt/MaxJer: 25.0
 * /murder_2/opt/MaxVel: 0.6
 * /murder_2/opt/RelCostTolL: 1e-05
 * /murder_2/opt/SwarmAvoid: 1.2
 * /murder_2/opt/WeiAcc: 400.0
 * /murder_2/opt/WeiJer: 50.0
 * /murder_2/opt/WeiPos: 5000.0
 * /murder_2/opt/WeiSwarm: 100.0
 * /murder_2/opt/WeiT: 200.0
 * /murder_2/opt/WeiVel: 800.0
 * /murder_2/opt/WeiminT: 10.0
 * /murder_2/opt/YawAcc: 0.8
 * /murder_2/opt/YawVel: 0.65
 * /murder_2/opt/integralIntervs: 16
 * /murder_2/opt/smoothingEps: 0.01
 * /rosdistro: noetic
 * /rosversion: 1.17.4
 * /sim1_bridge_exp_tcp_sim/computer_num: 1
 * /sim1_bridge_exp_tcp_sim/drone_num: 2
 * /sim1_bridge_exp_tcp_sim/ground_station_num: 0
 * /sim1_bridge_exp_tcp_sim/is_ground_station: True
 * /sim1_bridge_exp_tcp_sim/max_tolerable_delay: 0.25
 * /sim1_bridge_exp_tcp_sim/self_id: 1
 * /sim1_bridge_exp_tcp_sim/sim_ip_1: 127.0.0.1
 * /sim1_bridge_exp_tcp_sim/sim_num_1: 2
 * /traj_exc_node1/Computation/data_name0: gvp
 * /traj_exc_node1/Computation/data_name1: local
 * /traj_exc_node1/Computation/data_name2: global
 * /traj_exc_node1/Computation/data_num: 3
 * /traj_exc_node1/Computation/dir: /home/charliedog/...
 * /traj_exc_node1/Computation/vdata_name0: volume
 * /traj_exc_node1/Computation/vdata_name1: DTG
 * /traj_exc_node1/Computation/vdata_name2: pose
 * /traj_exc_node1/Computation/vdata_name3: traj
 * /traj_exc_node1/Computation/vdata_name4: job
 * /traj_exc_node1/Computation/vdata_name5: state
 * /traj_exc_node1/Computation/vdata_name6: map
 * /traj_exc_node1/Computation/vdata_name7: mapreq
 * /traj_exc_node1/Computation/vdata_name8: total
 * /traj_exc_node1/Computation/vdata_num: 9
 * /traj_exc_node1/EXP/finish_hold_duration: 15.0
 * /traj_exc_node1/Exp/AutoTakeoff: True
 * /traj_exc_node1/Exp/acc_off: -0.5
 * /traj_exc_node1/Exp/check_duration: 3.5
 * /traj_exc_node1/Exp/colli_range: 0.8
 * /traj_exc_node1/Exp/exc_duration: 0.5
 * /traj_exc_node1/Exp/finish_thresh: 0.5
 * /traj_exc_node1/Exp/global_comm_freq: 0.5
 * /traj_exc_node1/Exp/global_path_search: 3000
 * /traj_exc_node1/Exp/local_comm_freq: 5.0
 * /traj_exc_node1/Exp/local_dist_thresh: 7.0
 * /traj_exc_node1/Exp/local_path_search: 1000
 * /traj_exc_node1/Exp/maxX: 6.0
 * /traj_exc_node1/Exp/maxY: 6.0
 * /traj_exc_node1/Exp/maxZ: 3.0
 * /traj_exc_node1/Exp/minX: -6.0
 * /traj_exc_node1/Exp/minY: -6.0
 * /traj_exc_node1/Exp/minZ: 0.0
 * /traj_exc_node1/Exp/reach_out_t: 0.1
 * /traj_exc_node1/Exp/replan_duration: 1.5
 * /traj_exc_node1/Exp/robot_sizeX: 0.48
 * /traj_exc_node1/Exp/robot_sizeY: 0.48
 * /traj_exc_node1/Exp/robot_sizeZ: 0.3
 * /traj_exc_node1/Exp/show_swarm_traj: False
 * /traj_exc_node1/Exp/statistic: True
 * /traj_exc_node1/Exp/strong_check_interval: 3.0
 * /traj_exc_node1/Exp/swarm_check: True
 * /traj_exc_node1/Exp/takeoff_x: -4.0
 * /traj_exc_node1/Exp/takeoff_y: -3.0
 * /traj_exc_node1/Exp/takeoff_yaw: 0.0
 * /traj_exc_node1/Exp/takeoff_z: 1.2
 * /traj_exc_node1/Exp/traj_length: 10.0
 * /traj_exc_node1/Frontier/FOV_hor_num: 15
 * /traj_exc_node1/Frontier/FOV_ver_num: 10
 * /traj_exc_node1/Frontier/cam_hor: 2.0943951023931953
 * /traj_exc_node1/Frontier/cam_ver: 2.0943951023931953
 * /traj_exc_node1/Frontier/grid_scale: 2.0
 * /traj_exc_node1/Frontier/min_vp_num: 6
 * /traj_exc_node1/Frontier/observe_thresh: 0.85
 * /traj_exc_node1/Frontier/ray_samp_dist1: 0.2
 * /traj_exc_node1/Frontier/ray_samp_dist2: 0.1
 * /traj_exc_node1/Frontier/resample_duration: 0.8
 * /traj_exc_node1/Frontier/sample_dist_num: 2
 * /traj_exc_node1/Frontier/sample_hor_dir_num: 10
 * /traj_exc_node1/Frontier/sample_max_range: 2.2
 * /traj_exc_node1/Frontier/sample_ver_dir_num: 3
 * /traj_exc_node1/Frontier/sensor_type: Depth_Camera
 * /traj_exc_node1/Frontier/show_frontier: True
 * /traj_exc_node1/Frontier/viewpoint_thresh: 1.3
 * /traj_exc_node1/GVD/allowance: 0.08
 * /traj_exc_node1/GVD/lambda: 0.1
 * /traj_exc_node1/GVD/partition_frequency: 0.33
 * /traj_exc_node1/GVD/show_gvd: True
 * /traj_exc_node1/GVD/tau: 0.2
 * /traj_exc_node1/LowResMap/blockX: 5
 * /traj_exc_node1/LowResMap/blockY: 5
 * /traj_exc_node1/LowResMap/blockZ: 3
 * /traj_exc_node1/LowResMap/corridor_expX: 2
 * /traj_exc_node1/LowResMap/corridor_expY: 2
 * /traj_exc_node1/LowResMap/corridor_expZ: 1
 * /traj_exc_node1/LowResMap/debug: True
 * /traj_exc_node1/LowResMap/lambda_heu: 5.0
 * /traj_exc_node1/LowResMap/localgraph_sizex: 14.0
 * /traj_exc_node1/LowResMap/localgraph_sizey: 14.0
 * /traj_exc_node1/LowResMap/localgraph_sizez: 8.0
 * /traj_exc_node1/LowResMap/node_x: 0.6
 * /traj_exc_node1/LowResMap/node_y: 0.6
 * /traj_exc_node1/LowResMap/node_z: 0.6
 * /traj_exc_node1/LowResMap/occ_duration: 2.0
 * /traj_exc_node1/LowResMap/prune_seg_length: 6.5
 * /traj_exc_node1/LowResMap/resolution: 0.1
 * /traj_exc_node1/LowResMap/seg_length: 2.5
 * /traj_exc_node1/LowResMap/show_dtg: False
 * /traj_exc_node1/LowResMap/showmap: True
 * /traj_exc_node1/LowResMap/unknown_duration: 0.2
 * /traj_exc_node1/MR_DTG/H_thresh: 5.5
 * /traj_exc_node1/MR_DTG/Toporange: 10.0
 * /traj_exc_node1/MR_DTG/resX: 2.0
 * /traj_exc_node1/MR_DTG/resY: 2.0
 * /traj_exc_node1/MR_DTG/resZ: 2.0
 * /traj_exc_node1/MR_DTG/show_edge_details: False
 * /traj_exc_node1/MR_DTG/update_FF: False
 * /traj_exc_node1/block_map/CamtoBody_Quater_w: 1.0
 * /traj_exc_node1/block_map/CamtoBody_Quater_x: 0.0
 * /traj_exc_node1/block_map/CamtoBody_Quater_y: 0.0
 * /traj_exc_node1/block_map/CamtoBody_Quater_z: 0.0
 * /traj_exc_node1/block_map/CamtoBody_x: 0.0
 * /traj_exc_node1/block_map/CamtoBody_y: 0.0
 * /traj_exc_node1/block_map/CamtoBody_z: 0.4
 * /traj_exc_node1/block_map/FFD: False
 * /traj_exc_node1/block_map/RobotVisX: 0.81
 * /traj_exc_node1/block_map/RobotVisY: 0.81
 * /traj_exc_node1/block_map/RobotVisZ: 0.41
 * /traj_exc_node1/block_map/blockX: 10
 * /traj_exc_node1/block_map/blockY: 10
 * /traj_exc_node1/block_map/blockZ: 10
 * /traj_exc_node1/block_map/depth: True
 * /traj_exc_node1/block_map/depth_step: 2
 * /traj_exc_node1/block_map/maxX: 6.0
 * /traj_exc_node1/block_map/maxY: 6.0
 * /traj_exc_node1/block_map/maxZ: 3.0
 * /traj_exc_node1/block_map/minX: -6.0
 * /traj_exc_node1/block_map/minY: -6.0
 * /traj_exc_node1/block_map/minZ: 0.0
 * /traj_exc_node1/block_map/min_finish_t: 45.0
 * /traj_exc_node1/block_map/occ_max: 0.9
 * /traj_exc_node1/block_map/occ_min: 0.2
 * /traj_exc_node1/block_map/pro_hit_occ: 0.9
 * /traj_exc_node1/block_map/pro_miss_free: 0.75
 * /traj_exc_node1/block_map/resolution: 0.1
 * /traj_exc_node1/block_map/sensor_max_range: 4.5
 * /traj_exc_node1/block_map/show_block: True
 * /traj_exc_node1/block_map/show_freq: 10.0
 * /traj_exc_node1/block_map/statistic_v: True
 * /traj_exc_node1/block_map/swarm_pub_thresh: 0.975
 * /traj_exc_node1/block_map/swarm_send_delay: 2.0
 * /traj_exc_node1/block_map/swarm_tol: 0.3
 * /traj_exc_node1/block_map/update_freq: 10.0
 * /traj_exc_node1/block_map/vis_mode: False
 * /traj_exc_node1/opt/MaxAcc: 0.8
 * /traj_exc_node1/opt/MaxJer: 25.0
 * /traj_exc_node1/opt/MaxVel: 0.6
 * /traj_exc_node1/opt/RelCostTolL: 1e-05
 * /traj_exc_node1/opt/SwarmAvoid: 1.2
 * /traj_exc_node1/opt/WeiAcc: 400.0
 * /traj_exc_node1/opt/WeiJer: 50.0
 * /traj_exc_node1/opt/WeiPos: 5000.0
 * /traj_exc_node1/opt/WeiSwarm: 100.0
 * /traj_exc_node1/opt/WeiT: 200.0
 * /traj_exc_node1/opt/WeiVel: 800.0
 * /traj_exc_node1/opt/WeiminT: 10.0
 * /traj_exc_node1/opt/YawAcc: 0.8
 * /traj_exc_node1/opt/YawVel: 0.65
 * /traj_exc_node1/opt/integralIntervs: 16
 * /traj_exc_node1/opt/smoothingEps: 0.01
 * /traj_exc_node2/Computation/data_name0: gvp
 * /traj_exc_node2/Computation/data_name1: local
 * /traj_exc_node2/Computation/data_name2: global
 * /traj_exc_node2/Computation/data_num: 3
 * /traj_exc_node2/Computation/dir: /home/charliedog/...
 * /traj_exc_node2/Computation/vdata_name0: volume
 * /traj_exc_node2/Computation/vdata_name1: DTG
 * /traj_exc_node2/Computation/vdata_name2: pose
 * /traj_exc_node2/Computation/vdata_name3: traj
 * /traj_exc_node2/Computation/vdata_name4: job
 * /traj_exc_node2/Computation/vdata_name5: state
 * /traj_exc_node2/Computation/vdata_name6: map
 * /traj_exc_node2/Computation/vdata_name7: mapreq
 * /traj_exc_node2/Computation/vdata_name8: total
 * /traj_exc_node2/Computation/vdata_num: 9
 * /traj_exc_node2/EXP/finish_hold_duration: 15.0
 * /traj_exc_node2/Exp/AutoTakeoff: True
 * /traj_exc_node2/Exp/acc_off: -0.5
 * /traj_exc_node2/Exp/check_duration: 3.5
 * /traj_exc_node2/Exp/colli_range: 0.8
 * /traj_exc_node2/Exp/exc_duration: 0.5
 * /traj_exc_node2/Exp/finish_thresh: 0.5
 * /traj_exc_node2/Exp/global_comm_freq: 0.5
 * /traj_exc_node2/Exp/global_path_search: 3000
 * /traj_exc_node2/Exp/local_comm_freq: 5.0
 * /traj_exc_node2/Exp/local_dist_thresh: 7.0
 * /traj_exc_node2/Exp/local_path_search: 1000
 * /traj_exc_node2/Exp/maxX: 6.0
 * /traj_exc_node2/Exp/maxY: 6.0
 * /traj_exc_node2/Exp/maxZ: 3.0
 * /traj_exc_node2/Exp/minX: -6.0
 * /traj_exc_node2/Exp/minY: -6.0
 * /traj_exc_node2/Exp/minZ: 0.0
 * /traj_exc_node2/Exp/reach_out_t: 0.1
 * /traj_exc_node2/Exp/replan_duration: 1.5
 * /traj_exc_node2/Exp/robot_sizeX: 0.48
 * /traj_exc_node2/Exp/robot_sizeY: 0.48
 * /traj_exc_node2/Exp/robot_sizeZ: 0.3
 * /traj_exc_node2/Exp/show_swarm_traj: False
 * /traj_exc_node2/Exp/statistic: True
 * /traj_exc_node2/Exp/strong_check_interval: 3.0
 * /traj_exc_node2/Exp/swarm_check: True
 * /traj_exc_node2/Exp/takeoff_x: -4.0
 * /traj_exc_node2/Exp/takeoff_y: 3.0
 * /traj_exc_node2/Exp/takeoff_yaw: 0.0
 * /traj_exc_node2/Exp/takeoff_z: 1.2
 * /traj_exc_node2/Exp/traj_length: 10.0
 * /traj_exc_node2/Frontier/FOV_hor_num: 15
 * /traj_exc_node2/Frontier/FOV_ver_num: 10
 * /traj_exc_node2/Frontier/cam_hor: 2.0943951023931953
 * /traj_exc_node2/Frontier/cam_ver: 2.0943951023931953
 * /traj_exc_node2/Frontier/grid_scale: 2.0
 * /traj_exc_node2/Frontier/min_vp_num: 6
 * /traj_exc_node2/Frontier/observe_thresh: 0.85
 * /traj_exc_node2/Frontier/ray_samp_dist1: 0.2
 * /traj_exc_node2/Frontier/ray_samp_dist2: 0.1
 * /traj_exc_node2/Frontier/resample_duration: 0.8
 * /traj_exc_node2/Frontier/sample_dist_num: 2
 * /traj_exc_node2/Frontier/sample_hor_dir_num: 10
 * /traj_exc_node2/Frontier/sample_max_range: 2.2
 * /traj_exc_node2/Frontier/sample_ver_dir_num: 3
 * /traj_exc_node2/Frontier/sensor_type: Depth_Camera
 * /traj_exc_node2/Frontier/show_frontier: True
 * /traj_exc_node2/Frontier/viewpoint_thresh: 1.3
 * /traj_exc_node2/GVD/allowance: 0.08
 * /traj_exc_node2/GVD/lambda: 0.1
 * /traj_exc_node2/GVD/partition_frequency: 0.33
 * /traj_exc_node2/GVD/show_gvd: True
 * /traj_exc_node2/GVD/tau: 0.2
 * /traj_exc_node2/LowResMap/blockX: 5
 * /traj_exc_node2/LowResMap/blockY: 5
 * /traj_exc_node2/LowResMap/blockZ: 3
 * /traj_exc_node2/LowResMap/corridor_expX: 2
 * /traj_exc_node2/LowResMap/corridor_expY: 2
 * /traj_exc_node2/LowResMap/corridor_expZ: 1
 * /traj_exc_node2/LowResMap/debug: True
 * /traj_exc_node2/LowResMap/lambda_heu: 5.0
 * /traj_exc_node2/LowResMap/localgraph_sizex: 14.0
 * /traj_exc_node2/LowResMap/localgraph_sizey: 14.0
 * /traj_exc_node2/LowResMap/localgraph_sizez: 8.0
 * /traj_exc_node2/LowResMap/node_x: 0.6
 * /traj_exc_node2/LowResMap/node_y: 0.6
 * /traj_exc_node2/LowResMap/node_z: 0.6
 * /traj_exc_node2/LowResMap/occ_duration: 2.0
 * /traj_exc_node2/LowResMap/prune_seg_length: 6.5
 * /traj_exc_node2/LowResMap/resolution: 0.1
 * /traj_exc_node2/LowResMap/seg_length: 2.5
 * /traj_exc_node2/LowResMap/show_dtg: False
 * /traj_exc_node2/LowResMap/showmap: True
 * /traj_exc_node2/LowResMap/unknown_duration: 0.2
 * /traj_exc_node2/MR_DTG/H_thresh: 5.5
 * /traj_exc_node2/MR_DTG/Toporange: 10.0
 * /traj_exc_node2/MR_DTG/resX: 2.0
 * /traj_exc_node2/MR_DTG/resY: 2.0
 * /traj_exc_node2/MR_DTG/resZ: 2.0
 * /traj_exc_node2/MR_DTG/show_edge_details: False
 * /traj_exc_node2/MR_DTG/update_FF: False
 * /traj_exc_node2/block_map/CamtoBody_Quater_w: 1.0
 * /traj_exc_node2/block_map/CamtoBody_Quater_x: 0.0
 * /traj_exc_node2/block_map/CamtoBody_Quater_y: 0.0
 * /traj_exc_node2/block_map/CamtoBody_Quater_z: 0.0
 * /traj_exc_node2/block_map/CamtoBody_x: 0.0
 * /traj_exc_node2/block_map/CamtoBody_y: 0.0
 * /traj_exc_node2/block_map/CamtoBody_z: 0.4
 * /traj_exc_node2/block_map/FFD: False
 * /traj_exc_node2/block_map/RobotVisX: 0.81
 * /traj_exc_node2/block_map/RobotVisY: 0.81
 * /traj_exc_node2/block_map/RobotVisZ: 0.41
 * /traj_exc_node2/block_map/blockX: 10
 * /traj_exc_node2/block_map/blockY: 10
 * /traj_exc_node2/block_map/blockZ: 10
 * /traj_exc_node2/block_map/depth: True
 * /traj_exc_node2/block_map/depth_step: 2
 * /traj_exc_node2/block_map/maxX: 6.0
 * /traj_exc_node2/block_map/maxY: 6.0
 * /traj_exc_node2/block_map/maxZ: 3.0
 * /traj_exc_node2/block_map/minX: -6.0
 * /traj_exc_node2/block_map/minY: -6.0
 * /traj_exc_node2/block_map/minZ: 0.0
 * /traj_exc_node2/block_map/min_finish_t: 45.0
 * /traj_exc_node2/block_map/occ_max: 0.9
 * /traj_exc_node2/block_map/occ_min: 0.2
 * /traj_exc_node2/block_map/pro_hit_occ: 0.9
 * /traj_exc_node2/block_map/pro_miss_free: 0.75
 * /traj_exc_node2/block_map/resolution: 0.1
 * /traj_exc_node2/block_map/sensor_max_range: 4.5
 * /traj_exc_node2/block_map/show_block: True
 * /traj_exc_node2/block_map/show_freq: 10.0
 * /traj_exc_node2/block_map/statistic_v: True
 * /traj_exc_node2/block_map/swarm_pub_thresh: 0.975
 * /traj_exc_node2/block_map/swarm_send_delay: 2.0
 * /traj_exc_node2/block_map/swarm_tol: 0.3
 * /traj_exc_node2/block_map/update_freq: 10.0
 * /traj_exc_node2/block_map/vis_mode: False
 * /traj_exc_node2/opt/MaxAcc: 0.8
 * /traj_exc_node2/opt/MaxJer: 25.0
 * /traj_exc_node2/opt/MaxVel: 0.6
 * /traj_exc_node2/opt/RelCostTolL: 1e-05
 * /traj_exc_node2/opt/SwarmAvoid: 1.2
 * /traj_exc_node2/opt/WeiAcc: 400.0
 * /traj_exc_node2/opt/WeiJer: 50.0
 * /traj_exc_node2/opt/WeiPos: 5000.0
 * /traj_exc_node2/opt/WeiSwarm: 100.0
 * /traj_exc_node2/opt/WeiT: 200.0
 * /traj_exc_node2/opt/WeiVel: 800.0
 * /traj_exc_node2/opt/WeiminT: 10.0
 * /traj_exc_node2/opt/YawAcc: 0.8
 * /traj_exc_node2/opt/YawVel: 0.65
 * /traj_exc_node2/opt/integralIntervs: 16
 * /traj_exc_node2/opt/smoothingEps: 0.01
 * /use_sim_time: True

NODES
  /
    murder_1 (murder_swarm/murder_swarm_node)
    murder_2 (murder_swarm/murder_swarm_node)
    sim1_bridge_exp_tcp_sim (swarm_exp_bridge/swarm_exp_bridge_tcp_sim)
    traj_exc_node1 (traj_exc/traj_exc_node)
    traj_exc_node2 (traj_exc/traj_exc_node)
command:mkdir /home/charliedog/data/swarm/maze4/MURDER/2/2026_9_28_14_11_52_1
path_:/home/charliedog/data/swarm/maze4/MURDER/2/2026_9_28_14_11_52_1
command:mkdir /home/charliedog/data/swarm/maze4/MURDER/2/2026_9_28_14_11_52_2
path_:/home/charliedog/data/swarm/maze4/MURDER/2/2026_9_28_14_11_52_2
use_answer_:0
use_answer_:0
robots_scale_:0.81 0.81 0.41
0.9 0.75
edgeblock_size_:2 2 1
origin_:-6 -6  0
block_num_:13 13  4
robots_scale_:0.81 0.81 0.41
last_update_:-10
update_interval_:0.1
0.9 0.75
thr_max_:2.19722
thr_min_:-1.38629
edgeblock_size_:2 2 1
pro_hit_:1.28093
pro_miss_:-1.09861
origin_:-6 -6  0
block_num_:13 13  4
last_update_:-10
update_interval_:0.1
thr_max_:2.19722
thr_min_:-1.38629
pro_hit_:1.28093
pro_miss_:-1.09861
0.588235
0
0.588235
0
1
0.486275
1
0.486275
0.945098
0
0.945098
0
1
1
1
0
0.952941
1
0
0.560784
0.439216
0.952941
0.560784
0.439216
origin_:-6.3 -6.3    0
map_upbd_:6.2999 6.2999 3.4999
origin_:-6.3 -6.3    0
map_lowbd_:-6.2999 -6.2999  0.0001
mapscale_:12.6 12.6  3.5
map_upbd_:6.2999 6.2999 3.4999
map_lowbd_:-6.2999 -6.2999  0.0001
blockscale_:3.5 3.5 2.1
edgeblock_scale_:2.1 2.1 1.4
mapscale_:12.6 12.6  3.5
blockscale_:3.5 3.5 2.1
block_size_:5 5 3
voxel_num_:18 18  5
edgeblock_scale_:2.1 2.1 1.4
block_num_:4 4 2
node_size_:7 7 7
block_size_:5 5 3
voxel_num_:18 18  5
node_scale_:0.7 0.7 0.7
localgraph_scale:14 14  8
block_num_:4 4 2
node_size_:7 7 7
drone_num:2
localgraph_size_:20 20 12
node_scale_:0.7 0.7 0.7
localgraph_scale:14 14  8
drone_num:2
localgraph_size_:20 20 12
node_scale_:2
node_scale_:2
up_bd_:6 6 3
up_bd_:6 6 3
origin_:-6 -6  0
origin_:-6 -6  0
node_num_:6 6 2
node_num_:6 6 2
use_swarm_:1
use_swarm_:1
SDM_->drone_num_:2
SDM_->drone_num_:2
SDM_->is_ground_:0
SDM_->is_ground_:0
fn_vp_size_:15
vp_max_:60
fn_vp_size_:15
vp_max_:60
[33m[WARN] [1790604713.015329182]: use camera[0m
[33m[WARN] [1790604713.015399467]: use camera[0m
0samp d:1.73105
1samp d:2.199
0samp d:1.73105
1samp d:2.199
samp_h_dir_num_:10
samp_v_dir_num_:3
samp_h_dir_num_:10
samp_v_dir_num_:3
samp_dist_num_:2
samp_num_:60
samp_dist_num_:2
samp_num_:60
sensor_type_:1
sensor_type_:1
F_depot72  72
72
F_depot72  72
72
vox_num_:6 6 2  map_upbd_ - origin_:12 12  3
vox_num_:6 6 2  map_upbd_ - origin_:12 12  3
DTG origin:-6 -6  0
DTG topo_range:10
DTG H_thresh_:5.5
DTG origin:-6 -6  0
DTG topo_range:10
DTG eurange:7.75
DTG update_FF_:0
DTG H_thresh_:5.5
DTG eurange:7.75
DTG map_upbd_:6.2999 6.2999 3.4999
DTG vox_num_:6 6 2
DTG update_FF_:0
DTG map_upbd_:6.2999 6.2999 3.4999
DTG vox_scl_:2 2 2
DTG uav_id_:1
DTG vox_num_:6 6 2
DTG vox_scl_:2 2 2
DTG drone_num_:2
DTG uav_id_:2
DTG drone_num_:2
 -3.99778  -2.99885 0.0811605[0;31m collide!!!!! [0m
[33m[WARN] [1790604718.435356260, 0.207000000]: id:1 Infeasible1! DTG refuse to update![0m
 -3.99712  -3.00432 0.0921474[0;31m collide!!!!! [0m
[33m[WARN] [1790604718.634844371, 0.409000000]: id:1 Infeasible1! DTG refuse to update![0m
-4.00778 -3.00347 0.119734[0;31m collide!!!!! [0m
[33m[WARN] [1790604718.836714381, 0.610000000]: id:1 Infeasible1! DTG refuse to update![0m
-4.00876 -3.00241 0.153945[0;31m collide!!!!! [0m
[33m[WARN] [1790604719.033277113, 0.809000000]: id:1 Infeasible1! DTG refuse to update![0m
-4.00434 -2.99596 0.200875[0;31m collide!!!!! [0m
[33m[WARN] [1790604719.232361856, 1.008999999]: id:1 Infeasible1! DTG refuse to update![0m
-3.99743 -2.99467 0.240854[0;31m collide!!!!! [0m
[33m[WARN] [1790604720.075834465, 1.277000000]: id:1 Infeasible1! DTG refuse to update![0m
-4.00705 -2.99361 0.317298[0;31m collide!!!!! [0m
[33m[WARN] [1790604720.288021673, 1.813000000]: id:1 Infeasible1! DTG refuse to update![0m
 -3.99678  -3.00078 0.0594416[0;31m collide!!!!! [0m
[33m[WARN] [1790604720.387780402, 1.813000000]: id:1 Infeasible1! DTG refuse to update![0m
[33m[WARN] [1790604720.694253854, 2.012999999]: id:1 out map! DTG refuse to update![0m
 -4.00579   2.99498 0.0773515[0;31m collide!!!!! [0m
[33m[WARN] [1790604720.801975605, 2.063000000]: id:2 Infeasible1! DTG refuse to update![0m
-4.00493 -3.00008 0.122155[0;31m collide!!!!! [0m
[33m[WARN] [1790604720.906181599, 2.212000000]: id:1 Infeasible1! DTG refuse to update![0m
-3.99198  2.99567 0.121472[0;31m collide!!!!! [0m
[33m[WARN] [1790604721.017444994, 2.221999999]: id:2 Infeasible1! DTG refuse to update![0m
-4.00167  -3.0029 0.225246[0;31m collide!!!!! [0m
[33m[WARN] [1790604721.124905489, 2.408999999]: id:1 Infeasible1! DTG refuse to update![0m
-4.00236  3.00446 0.205487[0;31m collide!!!!! [0m
[33m[WARN] [1790604721.226114527, 2.468000000]: id:2 Infeasible1! DTG refuse to update![0m
-3.99926 -2.99776 0.367167[0;31m collide!!!!! [0m
[33m[WARN] [1790604721.334349826, 2.613999999]: id:1 Infeasible1! DTG refuse to update![0m
-3.99056  3.00203 0.345473[0;31m collide!!!!! [0m
[33m[WARN] [1790604721.444610512, 2.681000000]: id:2 Infeasible1! DTG refuse to update![0m
-4.00095 -2.99665  0.51466[0;31m collide!!!!! [0m
[33m[WARN] [1790604721.549716164, 2.815999999]: id:1 Infeasible1! DTG refuse to update![0m
 -3.9945  2.99772 0.514944[0;31m collide!!!!! [0m
[33m[WARN] [1790604721.656656190, 2.921000000]: id:2 Infeasible1! DTG refuse to update![0m
-4.01119 -2.99707 0.644652[0;31m collide!!!!! [0m
[33m[WARN] [1790604721.766230283, 3.017999999]: id:1 Infeasible1! DTG refuse to update![0m
[0;44m id:1 Partition[0m
[33m[WARN] [1790604721.870057254, 3.047000000]: id:1 LocalGVP![0m
-3.99583  2.99853  0.63413[0;31m collide!!!!! [0m
[33m[WARN] [1790604721.874028697, 3.067000000]: id:2 Infeasible1! DTG refuse to update![0m
[0;44m id:2 Partition[0m
[33m[WARN] [1790604721.874625996, 3.176000000]: id:2 LocalGVP![0m
-4.00886 -3.00421 0.767491[0;31m collide!!!!! [0m
[33m[WARN] [1790604721.984049264, 3.205999999]: id:1 Infeasible1! DTG refuse to update![0m
-4.00249   3.0005 0.765332[0;31m collide!!!!! [0m
[33m[WARN] [1790604722.087682721, 3.275999999]: id:2 Infeasible1! DTG refuse to update![0m
-1;9  -1.95  6.15  3.05origin: 40 120  30   -1 6.2 3.1 ..10  2  1
667 10
-1;9  -1.85  6.15  3.05origin: 40 120  30   -1 6.2 3.1 ..10  2  1
667 11
-1;9  -1.75  6.15  3.05origin: 40 120  30   -1 6.2 3.1 ..10  2  1
667 12
-1;9  -1.65  6.15  3.05origin: 40 120  30   -1 6.2 3.1 ..10  2  1
667 13
-1;9  -1.55  6.15  3.05origin: 40 120  30   -1 6.2 3.1 ..10  2  1
667 14
-1;9  -1.45  6.15  3.05origin: 40 120  30   -1 6.2 3.1 ..10  2  1
667 15
-1;9  -1.35  6.15  3.05origin: 40 120  30   -1 6.2 3.1 ..10  2  1
667 16
-1;9  -1.25  6.15  3.05origin: 40 120  30   -1 6.2 3.1 ..10  2  1
667 17
-1;9  -1.15  6.15  3.05origin: 40 120  30   -1 6.2 3.1 ..10  2  1
667 18
-1;9  -1.05  6.15  3.05origin: 40 120  30   -1 6.2 3.1 ..10  2  1
667 19
-3.99405  -3.0008 0.867325[0;31m collide!!!!! [0m
[33m[WARN] [1790604722.197330226, 3.413000000]: id:1 Infeasible1! DTG refuse to update![0m
-4.00953  2.99746 0.877591[0;31m collide!!!!! [0m
[33m[WARN] [1790604722.304333784, 3.607000000]: id:2 Infeasible1! DTG refuse to update![0m
-1;9  -1.95  6.15  3.05origin: 40 120  30   -1 6.2 3.1 ..10  2  1
667 10
-1;9  -1.85  6.15  3.05origin: 40 120  30   -1 6.2 3.1 ..10  2  1
667 11
-1;9  -1.75  6.15  3.05origin: 40 120  30   -1 6.2 3.1 ..10  2  1
667 12
-1;9  -1.65  6.15  3.05origin: 40 120  30   -1 6.2 3.1 ..10  2  1
667 13
-1;9  -1.55  6.15  3.05origin: 40 120  30   -1 6.2 3.1 ..10  2  1
667 14
-1;9  -1.45  6.15  3.05origin: 40 120  30   -1 6.2 3.1 ..10  2  1
667 15
-1;9  -1.35  6.15  3.05origin: 40 120  30   -1 6.2 3.1 ..10  2  1
667 16
-1;9  -1.25  6.15  3.05origin: 40 120  30   -1 6.2 3.1 ..10  2  1
667 17
-1;9  -1.15  6.15  3.05origin: 40 120  30   -1 6.2 3.1 ..10  2  1
667 18
-1;9  -1.05  6.15  3.05origin: 40 120  30   -1 6.2 3.1 ..10  2  1
667 19
-3.99714 -2.99863 0.963308[0;31m collide!!!!! [0m
[33m[WARN] [1790604722.405975121, 3.607000000]: id:1 Infeasible1! DTG refuse to update![0m
-3.99955  3.00159 0.964353[0;31m collide!!!!! [0m
[33m[WARN] [1790604722.509190620, 3.626999999]: id:2 Infeasible1! DTG refuse to update![0m
-1;9  -1.95  6.15  3.05origin: 40 120  30   -1 6.2 3.1 ..10  2  1
667 10
-1;9  -1.85  6.15  3.05origin: 40 120  30   -1 6.2 3.1 ..10  2  1
667 11
-1;9  -1.75  6.15  3.05origin: 40 120  30   -1 6.2 3.1 ..10  2  1
667 12
-1;9  -1.65  6.15  3.05origin: 40 120  30   -1 6.2 3.1 ..10  2  1
667 13
-1;9  -1.55  6.15  3.05origin: 40 120  30   -1 6.2 3.1 ..10  2  1
667 14
-1;9  -1.45  6.15  3.05origin: 40 120  30   -1 6.2 3.1 ..10  2  1
667 15
-1;9  -1.35  6.15  3.05origin: 40 120  30   -1 6.2 3.1 ..10  2  1
667 16
-1;9  -1.25  6.15  3.05origin: 40 120  30   -1 6.2 3.1 ..10  2  1
667 17
-1;9  -1.15  6.15  3.05origin: 40 120  30   -1 6.2 3.1 ..10  2  1
667 18
-1;9  -1.05  6.15  3.05origin: 40 120  30   -1 6.2 3.1 ..10  2  1
667 19
-4.00178 -3.00042  1.04196[0;31m collide!!!!! [0m
[33m[WARN] [1790604722.626741825, 3.819000000]: id:1 Infeasible1! DTG refuse to update![0m
-4.0042 2.99287 1.05098[0;31m collide!!!!! [0m
[33m[WARN] [1790604722.742229831, 3.857000000]: id:2 Infeasible1! DTG refuse to update![0m
-1;9  -1.95  6.15  3.05origin: 40 120  30   -1 6.2 3.1 ..10  2  1
667 10
-1;9  -1.85  6.15  3.05origin: 40 120  30   -1 6.2 3.1 ..10  2  1
667 11
-1;9  -1.75  6.15  3.05origin: 40 120  30   -1 6.2 3.1 ..10  2  1
667 12
-1;9  -1.65  6.15  3.05origin: 40 120  30   -1 6.2 3.1 ..10  2  1
667 13
-1;9  -1.55  6.15  3.05origin: 40 120  30   -1 6.2 3.1 ..10  2  1
667 14
-1;9  -1.45  6.15  3.05origin: 40 120  30   -1 6.2 3.1 ..10  2  1
667 15
-1;9  -1.35  6.15  3.05origin: 40 120  30   -1 6.2 3.1 ..10  2  1
667 16
-1;9  -1.25  6.15  3.05origin: 40 120  30   -1 6.2 3.1 ..10  2  1
667 17
-1;9  -1.15  6.15  3.05origin: 40 120  30   -1 6.2 3.1 ..10  2  1
667 18
-1;9  -1.05  6.15  3.05origin: 40 120  30   -1 6.2 3.1 ..10  2  1
667 19
-3.99794 -3.00068  1.10702[0;31m collide!!!!! [0m
[33m[WARN] [1790604722.846835942, 4.011000000]: id:1 Infeasible1! DTG refuse to update![0m
-3.9993 2.98582 1.10204[0;31m collide!!!!! [0m
[33m[WARN] [1790604722.960545518, 4.203000000]: id:2 Infeasible1! DTG refuse to update![0m
-1;9  -2.95  6.15  3.05origin: 30 120  30   -2 6.2 3.1 ..10  2  1
666 10
-1;9  -2.85  6.15  3.05origin: 30 120  30   -2 6.2 3.1 ..10  2  1
666 11
-1;9  -2.75  6.15  3.05origin: 30 120  30   -2 6.2 3.1 ..10  2  1
666 12
-1;9  -2.65  6.15  3.05origin: 30 120  30   -2 6.2 3.1 ..10  2  1
-3.99978 -3.00207  1.14738[0;31m collide!!!!! [0m
666 13
[33m[WARN] [1790604723.060393334, 4.213000000]: id:1 Infeasible1! DTG refuse to update![0m
-1;9  -2.55  6.15  3.05origin: 30 120  30   -2 6.2 3.1 ..10  2  1
666 14
-1;9  -2.45  6.15  3.05origin: 30 120  30   -2 6.2 3.1 ..10  2  1
666 15
-1;9  -2.35  6.15  3.05origin: 30 120  30   -2 6.2 3.1 ..10  2  1
666 16
-1;9  -2.25  6.15  3.05origin: 30 120  30   -2 6.2 3.1 ..10  2  1
666 17
-1;9  -2.15  6.15  3.05origin: 30 120  30   -2 6.2 3.1 ..10  2  1
666 18
-1;9  -2.05  6.15  3.05origin: 30 120  30   -2 6.2 3.1 ..10  2  1
666 19
-3.99949 -2.99512  1.18972[0;31m collide!!!!! [0m
[33m[WARN] [1790604723.274436302, 4.415000000]: id:1 Infeasible1! DTG refuse to update![0m
-3.99496  2.98889  1.18247[0;31m collide!!!!! [0m
[33m[WARN] [1790604723.387565547, 4.549000000]: id:2 Infeasible1! DTG refuse to update![0m
-1;9  -1.95  6.15  3.05origin: 40 120  30   -1 6.2 3.1 ..10  2  1
667 10
-1;9  -1.85  6.15  3.05origin: 40 120  30   -1 6.2 3.1 ..10  2  1
667 11
-1;9  -1.75  6.15  3.05origin: 40 120  30   -1 6.2 3.1 ..10  2  1
667 12
-1;9  -1.65  6.15  3.05origin: 40 120  30   -1 6.2 3.1 ..10  2  1
667 13
-1;9  -1.55  6.15  3.05origin: 40 120  30   -1 6.2 3.1 ..10  2  1
667 14
-1;9  -1.45  6.15  3.05origin: 40 120  30   -1 6.2 3.1 ..10  2  1
667 15
-1;9  -1.35  6.15  3.05origin: 40 120  30   -1 6.2 3.1 ..10  2  1
667 16
-1;9  -1.25  6.15  3.05origin: 40 120  30   -1 6.2 3.1 ..10  2  1
667 17
-1;9  -1.15  6.15  3.05origin: 40 120  30   -1 6.2 3.1 ..10  2  1
667 18
-1;9  -1.05  6.15  3.05origin: 40 120  30   -1 6.2 3.1 ..10  2  1
667 19
-3.99988 -2.99425  1.20046[0;31m collide!!!!! [0m
[33m[WARN] [1790604723.491943376, 4.617000000]: id:1 Infeasible1! DTG refuse to update![0m
-3.99808  2.99841  1.19136[0;31m collide!!!!! [0m
[33m[WARN] [1790604723.598398202, 4.665000000]: id:2 Infeasible1! DTG refuse to update![0m
-1;9  -1.95  6.15  3.05origin: 40 120  30   -1 6.2 3.1 ..10  2  1
667 10
-1;9  -1.85  6.15  3.05origin: 40 120  30   -1 6.2 3.1 ..10  2  1
667 11
-1;9  -1.75  6.15  3.05origin: 40 120  30   -1 6.2 3.1 ..10  2  1
667 12
-1;9  -1.65  6.15  3.05origin: 40 120  30   -1 6.2 3.1 ..10  2  1
667 13
-1;9  -1.55  6.15  3.05origin: 40 120  30   -1 6.2 3.1 ..10  2  1
667 14
-1;9  -1.45  6.15  3.05origin: 40 120  30   -1 6.2 3.1 ..10  2  1
667 15
-1;9  -1.35  6.15  3.05origin: 40 120  30   -1 6.2 3.1 ..10  2  1
667 16
-1;9  -1.25  6.15  3.05origin: 40 120  30   -1 6.2 3.1 ..10  2  1
667 17
-1;9  -1.15  6.15  3.05origin: 40 120  30   -1 6.2 3.1 ..10  2  1
667 18
-1;9  -1.05  6.15  3.05origin: 40 120  30   -1 6.2 3.1 ..10  2  1
667 19
-3.99291 -2.99268  1.21518[0;31m collide!!!!! [0m
[33m[WARN] [1790604723.706154929, 4.809000000]: id:1 Infeasible1! DTG refuse to update![0m
-3.99673  3.00302  1.20956[0;31m collide!!!!! [0m
[33m[WARN] [1790604723.821448755, 4.828000000]: id:2 Infeasible1! DTG refuse to update![0m
-1;9  -1.95  6.15  3.05origin: 40 120  30   -1 6.2 3.1 ..10  2  1
667 10
-1;9  -1.85  6.15  3.05origin: 40 120  30   -1 6.2 3.1 ..10  2  1
667 11
-1;9  -1.75  6.15  3.05origin: 40 120  30   -1 6.2 3.1 ..10  2  1
667 12
-1;9  -1.65  6.15  3.05origin: 40 120  30   -1 6.2 3.1 ..10  2  1
667 13
-1;9  -1.55  6.15  3.05origin: 40 120  30   -1 6.2 3.1 ..10  2  1
667 14
-1;9  -1.45  6.15  3.05origin: 40 120  30   -1 6.2 3.1 ..10  2  1
667 15
-1;9  -1.35  6.15  3.05origin: 40 120  30   -1 6.2 3.1 ..10  2  1
667 16
-1;9  -1.25  6.15  3.05origin: 40 120  30   -1 6.2 3.1 ..10  2  1
667 17
-1;9  -1.15  6.15  3.05origin: 40 120  30   -1 6.2 3.1 ..10  2  1
667 18
-1;9  -1.05  6.15  3.05origin: 40 120  30   -1 6.2 3.1 ..10  2  1
667 19
-3.99681 -2.99174  1.21033[0;31m collide!!!!! [0m
[33m[WARN] [1790604723.929776267, 5.004999999]: id:1 Infeasible1! DTG refuse to update![0m
-3.99338  3.00103  1.20306[0;31m collide!!!!! [0m
[33m[WARN] [1790604724.039817010, 5.139000000]: id:2 Infeasible1! DTG refuse to update![0m
-1;9  -1.95  6.15  3.05origin: 40 120  30   -1 6.2 3.1 ..10  2  1
667 10
-1;9  -1.85  6.15  3.05origin: 40 120  30   -1 6.2 3.1 ..10  2  1
667 11
-1;9  -1.75  6.15  3.05origin: 40 120  30   -1 6.2 3.1 ..10  2  1
667 12
-1;9  -1.65  6.15  3.05origin: 40 120  30   -1 6.2 3.1 ..10  2  1
667 13
-1;9  -1.55  6.15  3.05origin: 40 120  30   -1 6.2 3.1 ..10  2  1
667 14
-1;9  -1.45  6.15  3.05origin: 40 120  30   -1 6.2 3.1 ..10  2  1
667 15
-1;9  -1.35  6.15  3.05origin: 40 120  30   -1 6.2 3.1 ..10  2  1
667 16
-1;9  -1.25  6.15  3.05origin: 40 120  30   -1 6.2 3.1 ..10  2  1
667 17
-1;9  -1.15  6.15  3.05origin: 40 120  30   -1 6.2 3.1 ..10  2  1
667 18
-1;9  -1.05  6.15  3.05origin: 40 120  30   -1 6.2 3.1 ..10  2  1
667 19
-3.99801 -2.99576  1.20913[0;31m collide!!!!! [0m
[33m[WARN] [1790604724.148974603, 5.216000000]: id:1 Infeasible1! DTG refuse to update![0m
-3.9987 3.00335 1.20354[0;31m collide!!!!! [0m
[33m[WARN] [1790604724.256762970, 5.293000000]: id:2 Infeasible1! DTG refuse to update![0m
-1;9  -1.95  6.15  3.05origin: 40 120  30   -1 6.2 3.1 ..10  2  1
667 10
-1;9  -1.85  6.15  3.05origin: 40 120  30   -1 6.2 3.1 ..10  2  1
667 11
-1;9  -1.75  6.15  3.05origin: 40 120  30   -1 6.2 3.1 ..10  2  1
667 12
-1;9  -1.65  6.15  3.05origin: 40 120  30   -1 6.2 3.1 ..10  2  1
667 13
-1;9  -1.55  6.15  3.05origin: 40 120  30   -1 6.2 3.1 ..10  2  1
667 14
-1;9  -1.45  6.15  3.05origin: 40 120  30   -1 6.2 3.1 ..10  2  1
667 15
-1;9  -1.35  6.15  3.05origin: 40 120  30   -1 6.2 3.1 ..10  2  1
667 16
-1;9  -1.25  6.15  3.05origin: 40 120  30   -1 6.2 3.1 ..10  2  1
667 17
-1;9  -1.15  6.15  3.05origin: 40 120  30   -1 6.2 3.1 ..10  2  1
667 18
-1;9  -1.05  6.15  3.05origin: 40 120  30   -1 6.2 3.1 ..10  2  1
667 19
-4.00466  -3.0035  1.21321[0;31m collide!!!!! [0m
[33m[WARN] [1790604724.365757357, 5.408000000]: id:1 Infeasible1! DTG refuse to update![0m
-3.99841  2.99739  1.20781[0;31m collide!!!!! [0m
[33m[WARN] [1790604724.472513584, 5.466000000]: id:2 Infeasible1! DTG refuse to update![0m
-1;9  -1.95  6.15  3.05origin: 40 120  30   -1 6.2 3.1 ..10  2  1
667 10
-1;9  -1.85  6.15  3.05origin: 40 120  30   -1 6.2 3.1 ..10  2  1
667 11
-1;9  -1.75  6.15  3.05origin: 40 120  30   -1 6.2 3.1 ..10  2  1
667 12
-1;9  -1.65  6.15  3.05origin: 40 120  30   -1 6.2 3.1 ..10  2  1
667 13
-1;9  -1.55  6.15  3.05origin: 40 120  30   -1 6.2 3.1 ..10  2  1
667 14
-1;9  -1.45  6.15  3.05origin: 40 120  30   -1 6.2 3.1 ..10  2  1
667 15
-1;9  -1.35  6.15  3.05origin: 40 120  30   -1 6.2 3.1 ..10  2  1
667 16
-1;9  -1.25  6.15  3.05origin: 40 120  30   -1 6.2 3.1 ..10  2  1
667 17
-1;9  -1.15  6.15  3.05origin: 40 120  30   -1 6.2 3.1 ..10  2  1
667 18
-1;9  -1.05  6.15  3.05origin: 40 120  30   -1 6.2 3.1 ..10  2  1
667 19
-4.00266 -3.00227  1.20382[0;31m collide!!!!! [0m
[33m[WARN] [1790604724.587292611, 5.610000000]: id:1 Infeasible1! DTG refuse to update![0m
-3.99569  3.00201  1.20604[0;31m collide!!!!! [0m
[33m[WARN] [1790604724.691772617, 5.687000000]: id:2 Infeasible1! DTG refuse to update![0m
-1;9  -1.95  6.15  3.05origin: 40 120  30   -1 6.2 3.1 ..10  2  1
667 10
-1;9  -1.85  6.15  3.05origin: 40 120  30   -1 6.2 3.1 ..10  2  1
667 11
-1;9  -1.75  6.15  3.05origin: 40 120  30   -1 6.2 3.1 ..10  2  1
667 12
-1;9  -1.65  6.15  3.05origin: 40 120  30   -1 6.2 3.1 ..10  2  1
667 13
-1;9  -1.55  6.15  3.05origin: 40 120  30   -1 6.2 3.1 ..10  2  1
667 14
-1;9  -1.45  6.15  3.05origin: 40 120  30   -1 6.2 3.1 ..10  2  1
667 15
-1;9  -1.35  6.15  3.05origin: 40 120  30   -1 6.2 3.1 ..10  2  1
667 16
-1;9  -1.25  6.15  3.05origin: 40 120  30   -1 6.2 3.1 ..10  2  1
667 17
-1;9  -1.15  6.15  3.05origin: 40 120  30   -1 6.2 3.1 ..10  2  1
667 18
-1;9  -1.05  6.15  3.05origin: 40 120  30   -1 6.2 3.1 ..10  2  1
667 19
-1;9  -2.95  6.15  3.05origin: 30 120  30   -2 6.2 3.1 ..10  2  1
666 10
-1;9  -2.85  6.15  3.05origin: 30 120  30   -2 6.2 3.1 ..10  2  1
666 11
-1;9  -2.75  6.15  3.05origin: 30 120  30   -2 6.2 3.1 ..10  2  1
666 12
-1;9  -2.65  6.15  3.05origin: 30 120  30   -2 6.2 3.1 ..10  2  1
666 13
-1;9  -2.55  6.15  3.05origin: 30 120  30   -2 6.2 3.1 ..10  2  1
666 14
-1;9  -2.45  6.15  3.05origin: 30 120  30   -2 6.2 3.1 ..10  2  1
666 15
-1;9  -2.35  6.15  3.05origin: 30 120  30   -2 6.2 3.1 ..10  2  1
666 16
-1;9  -2.25  6.15  3.05origin: 30 120  30   -2 6.2 3.1 ..10  2  1
666 17
-1;9  -2.15  6.15  3.05origin: 30 120  30   -2 6.2 3.1 ..10  2  1
666 18
-1;9  -2.05  6.15  3.05origin: 30 120  30   -2 6.2 3.1 ..10  2  1
666 19
-4.00044 -3.00759  1.20425[0;31m collide!!!!! [0m
[33m[WARN] [1790604724.801862301, 5.812000000]: id:1 Infeasible1! DTG refuse to update![0m
-4.0051 2.99491 1.20196[0;31m collide!!!!! [0m
[33m[WARN] [1790604724.915744672, 5.937000000]: id:2 Infeasible1! DTG refuse to update![0m
-1;9  -1.95  6.15  3.05origin: 40 120  30   -1 6.2 3.1 ..10  2  1
667 10
-1;9  -1.85  6.15  3.05origin: 40 120  30   -1 6.2 3.1 ..10  2  1
667 11
-1;9  -1.75  6.15  3.05origin: 40 120  30   -1 6.2 3.1 ..10  2  1
667 12
-1;9  -1.65  6.15  3.05origin: 40 120  30   -1 6.2 3.1 ..10  2  1
667 13
-1;9  -1.55  6.15  3.05origin: 40 120  30   -1 6.2 3.1 ..10  2  1
667 14
-1;9  -1.45  6.15  3.05origin: 40 120  30   -1 6.2 3.1 ..10  2  1
667 15
-1;9  -1.35  6.15  3.05origin: 40 120  30   -1 6.2 3.1 ..10  2  1
667 16
-1;9  -1.25  6.15  3.05origin: 40 120  30   -1 6.2 3.1 ..10  2  1
667 17
-1;9  -1.15  6.15  3.05origin: 40 120  30   -1 6.2 3.1 ..10  2  1
667 18
-1;9  -1.05  6.15  3.05origin: 40 120  30   -1 6.2 3.1 ..10  2  1
667 19
-1;9  -2.95  6.15  3.05origin: 30 120  30   -2 6.2 3.1 ..10  2  1
666 10
-1;9  -2.85  6.15  3.05origin: 30 120  30   -2 6.2 3.1 ..10  2  1
666 11
-1;9  -2.75  6.15  3.05origin: 30 120  30   -2 6.2 3.1 ..10  2  1
666 12
-1;9  -2.65  6.15  3.05origin: 30 120  30   -2 6.2 3.1 ..10  2  1
666 13
-1;9  -2.55  6.15  3.05origin: 30 120  30   -2 6.2 3.1 ..10  2  1
666 14
-1;9  -2.45  6.15  3.05origin: 30 120  30   -2 6.2 3.1 ..10  2  1
666 15
-1;9  -2.35  6.15  3.05origin: 30 120  30   -2 6.2 3.1 ..10  2  1
666 16
-1;9  -2.25  6.15  3.05origin: 30 120  30   -2 6.2 3.1 ..10  2  1
666 17
-1;9  -2.15  6.15  3.05origin: 30 120  30   -2 6.2 3.1 ..10  2  1
666 18
-1;9  -2.05  6.15  3.05origin: 30 120  30   -2 6.2 3.1 ..10  2  1
666 19
-4.00197  -3.0024  1.20837[0;31m collide!!!!! [0m
[33m[WARN] [1790604725.040793957, 6.014000000]: id:1 Infeasible1! DTG refuse to update![0m
-4.00206  2.99352  1.20333[0;31m collide!!!!! [0m
[33m[WARN] [1790604725.151432749, 6.081000000]: id:2 Infeasible1! DTG refuse to update![0m
[0;44m id:2 Partition[0m
[33m[WARN] [1790604725.151853918, 6.081000000]: id:2 LocalGVP![0m
[0;44m id:1 Partition[0m
[33m[WARN] [1790604725.152250449, 6.100999999]: id:1 LocalGVP![0m
-1;9  -2.95  6.15  3.05origin: 30 120  30   -2 6.2 3.1 ..10  2  1
666 10
-1;9  -2.85  6.15  3.05origin: 30 120  30   -2 6.2 3.1 ..10  2  1
666 11
-1;9  -2.75  6.15  3.05origin: 30 120  30   -2 6.2 3.1 ..10  2  1
666 12
-1;9  -2.65  6.15  3.05origin: 30 120  30   -2 6.2 3.1 ..10  2  1
666 13
-1;9  -2.55  6.15  3.05origin: 30 120  30   -2 6.2 3.1 ..10  2  1
666 14
-1;9  -2.45  6.15  3.05origin: 30 120  30   -2 6.2 3.1 ..10  2  1
666 15
-1;9  -2.35  6.15  3.05origin: 30 120  30   -2 6.2 3.1 ..10  2  1
666 16
-1;9  -2.25  6.15  3.05origin: 30 120  30   -2 6.2 3.1 ..10  2  1
666 17
-1;9  -2.15  6.15  3.05origin: 30 120  30   -2 6.2 3.1 ..10  2  1
666 18
-1;9  -2.05  6.15  3.05origin: 30 120  30   -2 6.2 3.1 ..10  2  1
666 19
-4.00011 -2.99535  1.20244[0;31m collide!!!!! [0m
[33m[WARN] [1790604725.259003674, 6.216000000]: id:1 Infeasible1! DTG refuse to update![0m
-3.9995  2.9914 1.19571[0;31m collide!!!!! [0m
[33m[WARN] [1790604725.373112533, 6.254999999]: id:2 Infeasible1! DTG refuse to update![0m
-1;9  -1.95  6.15  3.05origin: 40 120  30   -1 6.2 3.1 ..10  2  1
667 10
-1;9  -1.85  6.15  3.05origin: 40 120  30   -1 6.2 3.1 ..10  2  1
667 11
-1;9  -1.75  6.15  3.05origin: 40 120  30   -1 6.2 3.1 ..10  2  1
667 12
-1;9  -1.65  6.15  3.05origin: 40 120  30   -1 6.2 3.1 ..10  2  1
667 13
-1;9  -1.55  6.15  3.05origin: 40 120  30   -1 6.2 3.1 ..10  2  1
667 14
-1;9  -1.45  6.15  3.05origin: 40 120  30   -1 6.2 3.1 ..10  2  1
667 15
-1;9  -1.35  6.15  3.05origin: 40 120  30   -1 6.2 3.1 ..10  2  1
667 16
-1;9  -1.25  6.15  3.05origin: 40 120  30   -1 6.2 3.1 ..10  2  1
667 17
-1;9  -1.15  6.15  3.05origin: 40 120  30   -1 6.2 3.1 ..10  2  1
667 18
-1;9  -1.05  6.15  3.05origin: 40 120  30   -1 6.2 3.1 ..10  2  1
667 19
-1;9  -2.95  6.15  3.05origin: 30 120  30   -2 6.2 3.1 ..10  2  1
666 10
-1;9  -2.85  6.15  3.05origin: 30 120  30   -2 6.2 3.1 ..10  2  1
666 11
-1;9  -2.75  6.15  3.05origin: 30 120  30   -2 6.2 3.1 ..10  2  1
666 12
-1;9  -2.65  6.15  3.05origin: 30 120  30   -2 6.2 3.1 ..10  2  1
666 13
-1;9  -2.55  6.15  3.05origin: 30 120  30   -2 6.2 3.1 ..10  2  1
666 14
-1;9  -2.45  6.15  3.05origin: 30 120  30   -2 6.2 3.1 ..10  2  1
666 15
-1;9  -2.35  6.15  3.05origin: 30 120  30   -2 6.2 3.1 ..10  2  1
666 16
-1;9  -2.25  6.15  3.05origin: 30 120  30   -2 6.2 3.1 ..10  2  1
666 17
-1;9  -2.15  6.15  3.05origin: 30 120  30   -2 6.2 3.1 ..10  2  1
666 18
-1;9  -2.05  6.15  3.05origin: 30 120  30   -2 6.2 3.1 ..10  2  1
666 19
-4.00421 -2.99663   1.1992[0;31m collide!!!!! [0m
[33m[WARN] [1790604725.487625011, 6.408000000]: id:1 Infeasible1! DTG refuse to update![0m
     -4 2.99859 1.19654[0;31m collide!!!!! [0m
[33m[WARN] [1790604725.604955272, 6.456000000]: id:2 Infeasible1! DTG refuse to update![0m
-1;9  -1.95  6.15  3.05origin: 40 120  30   -1 6.2 3.1 ..10  2  1
667 10
-1;9  -1.85  6.15  3.05origin: 40 120  30   -1 6.2 3.1 ..10  2  1
667 11
-1;9  -1.75  6.15  3.05origin: 40 120  30   -1 6.2 3.1 ..10  2  1
667 12
-1;9  -1.65  6.15  3.05origin: 40 120  30   -1 6.2 3.1 ..10  2  1
667 13
-1;9  -1.55  6.15  3.05origin: 40 120  30   -1 6.2 3.1 ..10  2  1
667 14
-1;9  -1.45  6.15  3.05origin: 40 120  30   -1 6.2 3.1 ..10  2  1
667 15
-1;9  -1.35  6.15  3.05origin: 40 120  30   -1 6.2 3.1 ..10  2  1
667 16
-1;9  -1.25  6.15  3.05origin: 40 120  30   -1 6.2 3.1 ..10  2  1
667 17
-1;9  -1.15  6.15  3.05origin: 40 120  30   -1 6.2 3.1 ..10  2  1
667 18
-1;9  -1.05  6.15  3.05origin: 40 120  30   -1 6.2 3.1 ..10  2  1
667 19
-1;9  -2.95  6.15  3.05origin: 30 120  30   -2 6.2 3.1 ..10  2  1
666 10
-1;9  -2.85  6.15  3.05origin: 30 120  30   -2 6.2 3.1 ..10  2  1
666 11
-1;9  -2.75  6.15  3.05origin: 30 120  30   -2 6.2 3.1 ..10  2  1
666 12
-1;9  -2.65  6.15  3.05origin: 30 120  30   -2 6.2 3.1 ..10  2  1
666 13
-1;9  -2.55  6.15  3.05origin: 30 120  30   -2 6.2 3.1 ..10  2  1
666 14
-1;9  -2.45  6.15  3.05origin: 30 120  30   -2 6.2 3.1 ..10  2  1
666 15
-1;9  -2.35  6.15  3.05origin: 30 120  30   -2 6.2 3.1 ..10  2  1
666 16
-1;9  -2.25  6.15  3.05origin: 30 120  30   -2 6.2 3.1 ..10  2  1
666 17
-1;9  -2.15  6.15  3.05origin: 30 120  30   -2 6.2 3.1 ..10  2  1
666 18
-1;9  -2.05  6.15  3.05origin: 30 120  30   -2 6.2 3.1 ..10  2  1
666 19
-4.00255 -3.00377  1.19854[0;31m collide!!!!! [0m
[33m[WARN] [1790604725.712451243, 6.610000000]: id:1 Infeasible1! DTG refuse to update![0m
-3.99839  2.99799  1.19507[0;31m collide!!!!! [0m
[33m[WARN] [1790604725.826966055, 6.639000000]: id:2 Infeasible1! DTG refuse to update![0m
-1;9  -1.95  6.15  3.05origin: 40 120  30   -1 6.2 3.1 ..10  2  1
667 10
-1;9  -1.85  6.15  3.05origin: 40 120  30   -1 6.2 3.1 ..10  2  1
667 11
-1;9  -1.75  6.15  3.05origin: 40 120  30   -1 6.2 3.1 ..10  2  1
667 12
-1;9  -1.65  6.15  3.05origin: 40 120  30   -1 6.2 3.1 ..10  2  1
667 13
-1;9  -1.55  6.15  3.05origin: 40 120  30   -1 6.2 3.1 ..10  2  1
667 14
-1;9  -1.45  6.15  3.05origin: 40 120  30   -1 6.2 3.1 ..10  2  1
667 15
-1;9  -1.35  6.15  3.05origin: 40 120  30   -1 6.2 3.1 ..10  2  1
667 16
-1;9  -1.25  6.15  3.05origin: 40 120  30   -1 6.2 3.1 ..10  2  1
667 17
-1;9  -1.15  6.15  3.05origin: 40 120  30   -1 6.2 3.1 ..10  2  1
667 18
-1;9  -1.05  6.15  3.05origin: 40 120  30   -1 6.2 3.1 ..10  2  1
667 19
-1;9  -2.95  6.15  3.05origin: 30 120  30   -2 6.2 3.1 ..10  2  1
666 10
-1;9  -2.85  6.15  3.05origin: 30 120  30   -2 6.2 3.1 ..10  2  1
666 11
-1;9  -2.75  6.15  3.05origin: 30 120  30   -2 6.2 3.1 ..10  2  1
666 12
-1;9  -2.65  6.15  3.05origin: 30 120  30   -2 6.2 3.1 ..10  2  1
666 13
-1;9  -2.55  6.15  3.05origin: 30 120  30   -2 6.2 3.1 ..10  2  1
666 14
-1;9  -2.45  6.15  3.05origin: 30 120  30   -2 6.2 3.1 ..10  2  1
666 15
-1;9  -2.35  6.15  3.05origin: 30 120  30   -2 6.2 3.1 ..10  2  1
666 16
-1;9  -2.25  6.15  3.05origin: 30 120  30   -2 6.2 3.1 ..10  2  1
666 17
-1;9  -2.15  6.15  3.05origin: 30 120  30   -2 6.2 3.1 ..10  2  1
666 18
-1;9  -2.05  6.15  3.05origin: 30 120  30   -2 6.2 3.1 ..10  2  1
666 19
-4.00475 -2.99637  1.20236[0;31m collide!!!!! [0m
[33m[WARN] [1790604725.937918712, 6.812000000]: id:1 Infeasible1! DTG refuse to update![0m
-4.00226   3.0003  1.19843[0;31m collide!!!!! [0m
[33m[WARN] [1790604726.051188652, 6.927999999]: id:2 Infeasible1! DTG refuse to update![0m
-1;9  -1.95  6.15  3.05origin: 40 120  30   -1 6.2 3.1 ..10  2  1
667 10
-1;9  -1.85  6.15  3.05origin: 40 120  30   -1 6.2 3.1 ..10  2  1
667 11
-1;9  -1.75  6.15  3.05origin: 40 120  30   -1 6.2 3.1 ..10  2  1
667 12
-1;9  -1.65  6.15  3.05origin: 40 120  30   -1 6.2 3.1 ..10  2  1
667 13
-1;9  -1.55  6.15  3.05origin: 40 120  30   -1 6.2 3.1 ..10  2  1
667 14
-1;9  -1.45  6.15  3.05origin: 40 120  30   -1 6.2 3.1 ..10  2  1
667 15
-1;9  -1.35  6.15  3.05origin: 40 120  30   -1 6.2 3.1 ..10  2  1
667 16
-1;9  -1.25  6.15  3.05origin: 40 120  30   -1 6.2 3.1 ..10  2  1
667 17
-1;9  -1.15  6.15  3.05origin: 40 120  30   -1 6.2 3.1 ..10  2  1
667 18
-1;9  -1.05  6.15  3.05origin: 40 120  30   -1 6.2 3.1 ..10  2  1
667 19
-1;9  -2.95  6.15  3.05origin: 30 120  30   -2 6.2 3.1 ..10  2  1
666 10
-1;9  -2.85  6.15  3.05origin: 30 120  30   -2 6.2 3.1 ..10  2  1
666 11
-1;9  -2.75  6.15  3.05origin: 30 120  30   -2 6.2 3.1 ..10  2  1
666 12
-1;9  -2.65  6.15  3.05origin: 30 120  30   -2 6.2 3.1 ..10  2  1
666 13
-1;9  -2.55  6.15  3.05origin: 30 120  30   -2 6.2 3.1 ..10  2  1
666 14
-1;9  -2.45  6.15  3.05origin: 30 120  30   -2 6.2 3.1 ..10  2  1
666 15
-1;9  -2.35  6.15  3.05origin: 30 120  30   -2 6.2 3.1 ..10  2  1
666 16
-1;9  -2.25  6.15  3.05origin: 30 120  30   -2 6.2 3.1 ..10  2  1
666 17
-1;9  -2.15  6.15  3.05origin: 30 120  30   -2 6.2 3.1 ..10  2  1
666 18
-1;9  -2.05  6.15  3.05origin: 30 120  30   -2 6.2 3.1 ..10  2  1
666 19
-4.00787 -2.99703  1.20056[0;31m collide!!!!! [0m
[33m[WARN] [1790604726.175462133, 7.014000000]: id:1 Infeasible1! DTG refuse to update![0m
-3.99496  2.99656  1.20098[0;31m collide!!!!! [0m
[33m[WARN] [1790604726.289603467, 7.177999999]: id:2 Infeasible1! DTG refuse to update![0m
-1;9  -1.95  6.15  3.05origin: 40 120  30   -1 6.2 3.1 ..10  2  1
667 10
-1;9  -1.85  6.15  3.05origin: 40 120  30   -1 6.2 3.1 ..10  2  1
667 11
-1;9  -1.75  6.15  3.05origin: 40 120  30   -1 6.2 3.1 ..10  2  1
667 12
-1;9  -1.65  6.15  3.05origin: 40 120  30   -1 6.2 3.1 ..10  2  1
667 13
-1;9  -1.55  6.15  3.05origin: 40 120  30   -1 6.2 3.1 ..10  2  1
667 14
-1;9  -1.45  6.15  3.05origin: 40 120  30   -1 6.2 3.1 ..10  2  1
667 15
-1;9  -1.35  6.15  3.05origin: 40 120  30   -1 6.2 3.1 ..10  2  1
667 16
-1;9  -1.25  6.15  3.05origin: 40 120  30   -1 6.2 3.1 ..10  2  1
667 17
-1;9  -1.15  6.15  3.05origin: 40 120  30   -1 6.2 3.1 ..10  2  1
667 18
-1;9  -1.05  6.15  3.05origin: 40 120  30   -1 6.2 3.1 ..10  2  1
667 19
-1;9  -2.95  6.15  3.05origin: 30 120  30   -2 6.2 3.1 ..10  2  1
666 10
-1;9  -2.85  6.15  3.05origin: 30 120  30   -2 6.2 3.1 ..10  2  1
666 11
-1;9  -2.75  6.15  3.05origin: 30 120  30   -2 6.2 3.1 ..10  2  1
666 12
-1;9  -2.65  6.15  3.05origin: 30 120  30   -2 6.2 3.1 ..10  2  1
666 13
-1;9  -2.55  6.15  3.05origin: 30 120  30   -2 6.2 3.1 ..10  2  1
666 14
-1;9  -2.45  6.15  3.05origin: 30 120  30   -2 6.2 3.1 ..10  2  1
666 15
-1;9  -2.35  6.15  3.05origin: 30 120  30   -2 6.2 3.1 ..10  2  1
666 16
-1;9  -2.25  6.15  3.05origin: 30 120  30   -2 6.2 3.1 ..10  2  1
666 17
-1;9  -2.15  6.15  3.05origin: 30 120  30   -2 6.2 3.1 ..10  2  1
666 18
-1;9  -2.05  6.15  3.05origin: 30 120  30   -2 6.2 3.1 ..10  2  1
666 19
-1;9  -5.95  6.15  3.05origin:  0 120  30   -5 6.2 3.1 ..10  2  1
663 10
-1;9  -5.85  6.15  3.05origin:  0 120  30   -5 6.2 3.1 ..10  2  1
663 11
-1;9  -5.75  6.15  3.05origin:  0 120  30   -5 6.2 3.1 ..10  2  1
663 12
-1;9  -5.65  6.15  3.05origin:  0 120  30   -5 6.2 3.1 ..10  2  1
663 13
-1;9  -5.55  6.15  3.05origin:  0 120  30   -5 6.2 3.1 ..10  2  1
663 14
-1;9  -5.45  6.15  3.05origin:  0 120  30   -5 6.2 3.1 ..10  2  1
663 15
-1;9  -5.35  6.15  3.05origin:  0 120  30   -5 6.2 3.1 ..10  2  1
663 16
-1;9  -5.25  6.15  3.05origin:  0 120  30   -5 6.2 3.1 ..10  2  1
663 17
-1;9  -5.15  6.15  3.05origin:  0 120  30   -5 6.2 3.1 ..10  2  1
663 18
-1;9  -5.05  6.15  3.05origin:  0 120  30   -5 6.2 3.1 ..10  2  1
663 19
-4.00598 -3.00917   1.1977[0;31m collide!!!!! [0m
[33m[WARN] [1790604726.408232919, 7.216000000]: id:1 Infeasible1! DTG refuse to update![0m
-3.9919  2.9948  1.1964[0;31m collide!!!!! [0m
[33m[WARN] [1790604726.524139301, 7.235000000]: id:2 Infeasible1! DTG refuse to update![0m
-1;9  -1.95  6.15  3.05origin: 40 120  30   -1 6.2 3.1 ..10  2  1
667 10
-1;9  -1.85  6.15  3.05origin: 40 120  30   -1 6.2 3.1 ..10  2  1
667 11
-1;9  -1.75  6.15  3.05origin: 40 120  30   -1 6.2 3.1 ..10  2  1
667 12
-1;9  -1.65  6.15  3.05origin: 40 120  30   -1 6.2 3.1 ..10  2  1
667 13
-1;9  -1.55  6.15  3.05origin: 40 120  30   -1 6.2 3.1 ..10  2  1
667 14
-1;9  -1.45  6.15  3.05origin: 40 120  30   -1 6.2 3.1 ..10  2  1
667 15
-1;9  -1.35  6.15  3.05origin: 40 120  30   -1 6.2 3.1 ..10  2  1
667 16
-1;9  -1.25  6.15  3.05origin: 40 120  30   -1 6.2 3.1 ..10  2  1
667 17
-1;9  -1.15  6.15  3.05origin: 40 120  30   -1 6.2 3.1 ..10  2  1
667 18
-1;9  -1.05  6.15  3.05origin: 40 120  30   -1 6.2 3.1 ..10  2  1
667 19
-1;9  -2.95  6.15  3.05origin: 30 120  30   -2 6.2 3.1 ..10  2  1
666 10
-1;9  -2.85  6.15  3.05origin: 30 120  30   -2 6.2 3.1 ..10  2  1
666 11
-1;9  -2.75  6.15  3.05origin: 30 120  30   -2 6.2 3.1 ..10  2  1
666 12
-1;9  -2.65  6.15  3.05origin: 30 120  30   -2 6.2 3.1 ..10  2  1
666 13
-1;9  -2.55  6.15  3.05origin: 30 120  30   -2 6.2 3.1 ..10  2  1
666 14
-1;9  -2.45  6.15  3.05origin: 30 120  30   -2 6.2 3.1 ..10  2  1
666 15
-1;9  -2.35  6.15  3.05origin: 30 120  30   -2 6.2 3.1 ..10  2  1
666 16
-1;9  -2.25  6.15  3.05origin: 30 120  30   -2 6.2 3.1 ..10  2  1
666 17
-1;9  -2.15  6.15  3.05origin: 30 120  30   -2 6.2 3.1 ..10  2  1
666 18
-1;9  -2.05  6.15  3.05origin: 30 120  30   -2 6.2 3.1 ..10  2  1
666 19
-1;9  -5.95  6.15  3.05origin:  0 120  30   -5 6.2 3.1 ..10  2  1
663 10
-1;9  -5.85  6.15  3.05origin:  0 120  30   -5 6.2 3.1 ..10  2  1
663 11
-1;9  -5.75  6.15  3.05origin:  0 120  30   -5 6.2 3.1 ..10  2  1
663 12
-1;9  -5.65  6.15  3.05origin:  0 120  30   -5 6.2 3.1 ..10  2  1
663 13
-1;9  -5.55  6.15  3.05origin:  0 120  30   -5 6.2 3.1 ..10  2  1
663 14
-1;9  -5.45  6.15  3.05origin:  0 120  30   -5 6.2 3.1 ..10  2  1
663 15
-1;9  -5.35  6.15  3.05origin:  0 120  30   -5 6.2 3.1 ..10  2  1
663 16
-1;9  -5.25  6.15  3.05origin:  0 120  30   -5 6.2 3.1 ..10  2  1
663 17
-1;9  -5.15  6.15  3.05origin:  0 120  30   -5 6.2 3.1 ..10  2  1
663 18
-1;9  -5.05  6.15  3.05origin:  0 120  30   -5 6.2 3.1 ..10  2  1
663 19
-3.99257 -3.00165  1.19785[0;31m collide!!!!! [0m
[33m[WARN] [1790604726.644563609, 7.408000000]: id:1 Infeasible1! DTG refuse to update![0m
-4.00263  2.99344  1.19991[0;31m collide!!!!! [0m
[33m[WARN] [1790604726.762194228, 7.408000000]: id:2 Infeasible1! DTG refuse to update![0m
-1;9  -1.95  6.15  3.05origin: 40 120  30   -1 6.2 3.1 ..10  2  1
667 10
-1;9  -1.85  6.15  3.05origin: 40 120  30   -1 6.2 3.1 ..10  2  1
667 11
-1;9  -1.75  6.15  3.05origin: 40 120  30   -1 6.2 3.1 ..10  2  1
667 12
-1;9  -1.65  6.15  3.05origin: 40 120  30   -1 6.2 3.1 ..10  2  1
667 13
-1;9  -1.55  6.15  3.05origin: 40 120  30   -1 6.2 3.1 ..10  2  1
667 14
-1;9  -1.45  6.15  3.05origin: 40 120  30   -1 6.2 3.1 ..10  2  1
667 15
-1;9  -1.35  6.15  3.05origin: 40 120  30   -1 6.2 3.1 ..10  2  1
667 16
-1;9  -1.25  6.15  3.05origin: 40 120  30   -1 6.2 3.1 ..10  2  1
667 17
-1;9  -1.15  6.15  3.05origin: 40 120  30   -1 6.2 3.1 ..10  2  1
667 18
-1;9  -1.05  6.15  3.05origin: 40 120  30   -1 6.2 3.1 ..10  2  1
667 19
-1;9  -2.95  6.15  3.05origin: 30 120  30   -2 6.2 3.1 ..10  2  1
666 10
-1;9  -2.85  6.15  3.05origin: 30 120  30   -2 6.2 3.1 ..10  2  1
666 11
-1;9  -2.75  6.15  3.05origin: 30 120  30   -2 6.2 3.1 ..10  2  1
666 12
-1;9  -2.65  6.15  3.05origin: 30 120  30   -2 6.2 3.1 ..10  2  1
666 13
-1;9  -2.55  6.15  3.05origin: 30 120  30   -2 6.2 3.1 ..10  2  1
666 14
-1;9  -2.45  6.15  3.05origin: 30 120  30   -2 6.2 3.1 ..10  2  1
666 15
-1;9  -2.35  6.15  3.05origin: 30 120  30   -2 6.2 3.1 ..10  2  1
666 16
-1;9  -2.25  6.15  3.05origin: 30 120  30   -2 6.2 3.1 ..10  2  1
666 17
-1;9  -2.15  6.15  3.05origin: 30 120  30   -2 6.2 3.1 ..10  2  1
666 18
-1;9  -2.05  6.15  3.05origin: 30 120  30   -2 6.2 3.1 ..10  2  1
666 19
-1;9  -5.95  6.15  3.05origin:  0 120  30   -5 6.2 3.1 ..10  2  1
663 10
-1;9  -5.85  6.15  3.05origin:  0 120  30   -5 6.2 3.1 ..10  2  1
663 11
-1;9  -5.75  6.15  3.05origin:  0 120  30   -5 6.2 3.1 ..10  2  1
663 12
-1;9  -5.65  6.15  3.05origin:  0 120  30   -5 6.2 3.1 ..10  2  1
663 13
-1;9  -5.55  6.15  3.05origin:  0 120  30   -5 6.2 3.1 ..10  2  1
663 14
-1;9  -5.45  6.15  3.05origin:  0 120  30   -5 6.2 3.1 ..10  2  1
663 15
-1;9  -5.35  6.15  3.05origin:  0 120  30   -5 6.2 3.1 ..10  2  1
663 16
-1;9  -5.25  6.15  3.05origin:  0 120  30   -5 6.2 3.1 ..10  2  1
663 17
-1;9  -5.15  6.15  3.05origin:  0 120  30   -5 6.2 3.1 ..10  2  1
663 18
-1;9  -5.05  6.15  3.05origin:  0 120  30   -5 6.2 3.1 ..10  2  1
663 19
-3.98892 -3.01135  1.19801[0;31m collide!!!!! [0m
[33m[WARN] [1790604726.878669103, 7.610000000]: id:1 Infeasible1! DTG refuse to update![0m
-3.99728  3.00718  1.19379[0;31m collide!!!!! [0m
[33m[WARN] [1790604727.054968292, 7.774000000]: id:2 Infeasible1! DTG refuse to update![0m
-1;9  -1.95  6.15  3.05origin: 40 120  30   -1 6.2 3.1 ..10  2  1
667 10
-1;9  -1.85  6.15  3.05origin: 40 120  30   -1 6.2 3.1 ..10  2  1
667 11
-1;9  -1.75  6.15  3.05origin: 40 120  30   -1 6.2 3.1 ..10  2  1
667 12
-1;9  -1.65  6.15  3.05origin: 40 120  30   -1 6.2 3.1 ..10  2  1
667 13
-1;9  -1.55  6.15  3.05origin: 40 120  30   -1 6.2 3.1 ..10  2  1
667 14
-1;9  -1.45  6.15  3.05origin: 40 120  30   -1 6.2 3.1 ..10  2  1
667 15
-1;9  -1.35  6.15  3.05origin: 40 120  30   -1 6.2 3.1 ..10  2  1
667 16
-1;9  -1.25  6.15  3.05origin: 40 120  30   -1 6.2 3.1 ..10  2  1
667 17
-1;9  -1.15  6.15  3.05origin: 40 120  30   -1 6.2 3.1 ..10  2  1
667 18
-1;9  -1.05  6.15  3.05origin: 40 120  30   -1 6.2 3.1 ..10  2  1
667 19
-1;9  -2.95  6.15  3.05origin: 30 120  30   -2 6.2 3.1 ..10  2  1
666 10
-1;9  -2.85  6.15  3.05origin: 30 120  30   -2 6.2 3.1 ..10  2  1
666 11
-1;9  -2.75  6.15  3.05origin: 30 120  30   -2 6.2 3.1 ..10  2  1
666 12
-1;9  -2.65  6.15  3.05origin: 30 120  30   -2 6.2 3.1 ..10  2  1
666 13
-1;9  -2.55  6.15  3.05origin: 30 120  30   -2 6.2 3.1 ..10  2  1
666 14
-1;9  -2.45  6.15  3.05origin: 30 120  30   -2 6.2 3.1 ..10  2  1
666 15
-1;9  -2.35  6.15  3.05origin: 30 120  30   -2 6.2 3.1 ..10  2  1
666 16
-1;9  -2.25  6.15  3.05origin: 30 120  30   -2 6.2 3.1 ..10  2  1
666 17
-1;9  -2.15  6.15  3.05origin: 30 120  30   -2 6.2 3.1 ..10  2  1
666 18
-1;9  -2.05  6.15  3.05origin: 30 120  30   -2 6.2 3.1 ..10  2  1
666 19
-1;9  -5.95  6.15  3.05origin:  0 120  30   -5 6.2 3.1 ..10  2  1
663 10
-1;9  -5.85  6.15  3.05origin:  0 120  30   -5 6.2 3.1 ..10  2  1
663 11
-1;9  -5.75  6.15  3.05origin:  0 120  30   -5 6.2 3.1 ..10  2  1
663 12
-1;9  -5.65  6.15  3.05origin:  0 120  30   -5 6.2 3.1 ..10  2  1
663 13
-1;9  -5.55  6.15  3.05origin:  0 120  30   -5 6.2 3.1 ..10  2  1
663 14
-1;9  -5.45  6.15  3.05origin:  0 120  30   -5 6.2 3.1 ..10  2  1
663 15
-1;9  -5.35  6.15  3.05origin:  0 120  30   -5 6.2 3.1 ..10  2  1
663 16
-1;9  -5.25  6.15  3.05origin:  0 120  30   -5 6.2 3.1 ..10  2  1
663 17
-1;9  -5.15  6.15  3.05origin:  0 120  30   -5 6.2 3.1 ..10  2  1
663 18
-1;9  -5.05  6.15  3.05origin:  0 120  30   -5 6.2 3.1 ..10  2  1
663 19
-4.00123 -3.01316  1.19323[0;31m collide!!!!! [0m
[33m[WARN] [1790604727.165615921, 7.812000000]: id:1 Infeasible1! DTG refuse to update![0m
-3.99764   3.0024  1.19887[0;31m collide!!!!! [0m
[33m[WARN] [1790604727.274429426, 7.860000000]: id:2 Infeasible1! DTG refuse to update![0m
-1;9  -1.95  6.15  3.05origin: 40 120  30   -1 6.2 3.1 ..10  2  1
667 10
-1;9  -1.85  6.15  3.05origin: 40 120  30   -1 6.2 3.1 ..10  2  1
667 11
-1;9  -1.75  6.15  3.05origin: 40 120  30   -1 6.2 3.1 ..10  2  1
667 12
-1;9  -1.65  6.15  3.05origin: 40 120  30   -1 6.2 3.1 ..10  2  1
667 13
-1;9  -1.55  6.15  3.05origin: 40 120  30   -1 6.2 3.1 ..10  2  1
667 14
-1;9  -1.45  6.15  3.05origin: 40 120  30   -1 6.2 3.1 ..10  2  1
667 15
-1;9  -1.35  6.15  3.05origin: 40 120  30   -1 6.2 3.1 ..10  2  1
667 16
-1;9  -1.25  6.15  3.05origin: 40 120  30   -1 6.2 3.1 ..10  2  1
667 17
-1;9  -1.15  6.15  3.05origin: 40 120  30   -1 6.2 3.1 ..10  2  1
667 18
-1;9  -1.05  6.15  3.05origin: 40 120  30   -1 6.2 3.1 ..10  2  1
667 19
-1;9  -2.95  6.15  3.05origin: 30 120  30   -2 6.2 3.1 ..10  2  1
666 10
-1;9  -2.85  6.15  3.05origin: 30 120  30   -2 6.2 3.1 ..10  2  1
666 11
-1;9  -2.75  6.15  3.05origin: 30 120  30   -2 6.2 3.1 ..10  2  1
666 12
-1;9  -2.65  6.15  3.05origin: 30 120  30   -2 6.2 3.1 ..10  2  1
666 13
-1;9  -2.55  6.15  3.05origin: 30 120  30   -2 6.2 3.1 ..10  2  1
666 14
-1;9  -2.45  6.15  3.05origin: 30 120  30   -2 6.2 3.1 ..10  2  1
666 15
-1;9  -2.35  6.15  3.05origin: 30 120  30   -2 6.2 3.1 ..10  2  1
666 16
-1;9  -2.25  6.15  3.05origin: 30 120  30   -2 6.2 3.1 ..10  2  1
666 17
-1;9  -2.15  6.15  3.05origin: 30 120  30   -2 6.2 3.1 ..10  2  1
666 18
-1;9  -2.05  6.15  3.05origin: 30 120  30   -2 6.2 3.1 ..10  2  1
666 19
-1;9  -5.95  6.15  3.05origin:  0 120  30   -5 6.2 3.1 ..10  2  1
663 10
-1;9  -5.85  6.15  3.05origin:  0 120  30   -5 6.2 3.1 ..10  2  1
663 11
-1;9  -5.75  6.15  3.05origin:  0 120  30   -5 6.2 3.1 ..10  2  1
663 12
-1;9  -5.65  6.15  3.05origin:  0 120  30   -5 6.2 3.1 ..10  2  1
663 13
-1;9  -5.55  6.15  3.05origin:  0 120  30   -5 6.2 3.1 ..10  2  1
663 14
-1;9  -5.45  6.15  3.05origin:  0 120  30   -5 6.2 3.1 ..10  2  1
663 15
-1;9  -5.35  6.15  3.05origin:  0 120  30   -5 6.2 3.1 ..10  2  1
663 16
-1;9  -5.25  6.15  3.05origin:  0 120  30   -5 6.2 3.1 ..10  2  1
663 17
-1;9  -5.15  6.15  3.05origin:  0 120  30   -5 6.2 3.1 ..10  2  1
663 18
-1;9  -5.05  6.15  3.05origin:  0 120  30   -5 6.2 3.1 ..10  2  1
663 19
-3.99998 -3.00233  1.19333[0;31m collide!!!!! [0m
[33m[WARN] [1790604727.385444364, 8.015000000]: id:1 Infeasible1! DTG refuse to update![0m
-3.99456  2.99511  1.20511[0;31m collide!!!!! [0m
[33m[WARN] [1790604727.504407900, 8.082000000]: id:2 Infeasible1! DTG refuse to update![0m
-1;9  -1.95  6.15  3.05origin: 40 120  30   -1 6.2 3.1 ..10  2  1
667 10
-1;9  -1.85  6.15  3.05origin: 40 120  30   -1 6.2 3.1 ..10  2  1
667 11
-1;9  -1.75  6.15  3.05origin: 40 120  30   -1 6.2 3.1 ..10  2  1
667 12
-1;9  -1.65  6.15  3.05origin: 40 120  30   -1 6.2 3.1 ..10  2  1
667 13
-1;9  -1.55  6.15  3.05origin: 40 120  30   -1 6.2 3.1 ..10  2  1
667 14
-1;9  -1.45  6.15  3.05origin: 40 120  30   -1 6.2 3.1 ..10  2  1
667 15
-1;9  -1.35  6.15  3.05origin: 40 120  30   -1 6.2 3.1 ..10  2  1
667 16
-1;9  -1.25  6.15  3.05origin: 40 120  30   -1 6.2 3.1 ..10  2  1
667 17
-1;9  -1.15  6.15  3.05origin: 40 120  30   -1 6.2 3.1 ..10  2  1
667 18
-1;9  -1.05  6.15  3.05origin: 40 120  30   -1 6.2 3.1 ..10  2  1
667 19
-1;9  -2.95  6.15  3.05origin: 30 120  30   -2 6.2 3.1 ..10  2  1
666 10
-1;9  -2.85  6.15  3.05origin: 30 120  30   -2 6.2 3.1 ..10  2  1
666 11
-1;9  -2.75  6.15  3.05origin: 30 120  30   -2 6.2 3.1 ..10  2  1
666 12
-1;9  -2.65  6.15  3.05origin: 30 120  30   -2 6.2 3.1 ..10  2  1
666 13
-1;9  -2.55  6.15  3.05origin: 30 120  30   -2 6.2 3.1 ..10  2  1
666 14
-1;9  -2.45  6.15  3.05origin: 30 120  30   -2 6.2 3.1 ..10  2  1
666 15
-1;9  -2.35  6.15  3.05origin: 30 120  30   -2 6.2 3.1 ..10  2  1
666 16
-1;9  -2.25  6.15  3.05origin: 30 120  30   -2 6.2 3.1 ..10  2  1
666 17
-1;9  -2.15  6.15  3.05origin: 30 120  30   -2 6.2 3.1 ..10  2  1
666 18
-1;9  -2.05  6.15  3.05origin: 30 120  30   -2 6.2 3.1 ..10  2  1
666 19
-1;9  -5.95  6.15  3.05origin:  0 120  30   -5 6.2 3.1 ..10  2  1
663 10
-1;9  -5.85  6.15  3.05origin:  0 120  30   -5 6.2 3.1 ..10  2  1
663 11
-1;9  -5.75  6.15  3.05origin:  0 120  30   -5 6.2 3.1 ..10  2  1
663 12
-1;9  -5.65  6.15  3.05origin:  0 120  30   -5 6.2 3.1 ..10  2  1
663 13
-1;9  -5.55  6.15  3.05origin:  0 120  30   -5 6.2 3.1 ..10  2  1
663 14
-1;9  -5.45  6.15  3.05origin:  0 120  30   -5 6.2 3.1 ..10  2  1
663 15
-1;9  -5.35  6.15  3.05origin:  0 120  30   -5 6.2 3.1 ..10  2  1
663 16
-1;9  -5.25  6.15  3.05origin:  0 120  30   -5 6.2 3.1 ..10  2  1
663 17
-1;9  -5.15  6.15  3.05origin:  0 120  30   -5 6.2 3.1 ..10  2  1
663 18
-1;9  -5.05  6.15  3.05origin:  0 120  30   -5 6.2 3.1 ..10  2  1
663 19
-3.99877 -3.00198  1.19074[0;31m collide!!!!! [0m
[33m[WARN] [1790604727.611985286, 8.207000000]: id:1 Infeasible1! DTG refuse to update![0m
-3.99881  2.99738  1.19305[0;31m collide!!!!! [0m
[33m[WARN] [1790604727.726762897, 8.361000000]: id:2 Infeasible1! DTG refuse to update![0m
-1;9  -1.95  6.15  3.05origin: 40 120  30   -1 6.2 3.1 ..10  2  1
667 10
-1;9  -1.85  6.15  3.05origin: 40 120  30   -1 6.2 3.1 ..10  2  1
667 11
-1;9  -1.75  6.15  3.05origin: 40 120  30   -1 6.2 3.1 ..10  2  1
667 12
-1;9  -1.65  6.15  3.05origin: 40 120  30   -1 6.2 3.1 ..10  2  1
667 13
-1;9  -1.55  6.15  3.05origin: 40 120  30   -1 6.2 3.1 ..10  2  1
667 14
-1;9  -1.45  6.15  3.05origin: 40 120  30   -1 6.2 3.1 ..10  2  1
667 15
-1;9  -1.35  6.15  3.05origin: 40 120  30   -1 6.2 3.1 ..10  2  1
667 16
-1;9  -1.25  6.15  3.05origin: 40 120  30   -1 6.2 3.1 ..10  2  1
667 17
-1;9  -1.15  6.15  3.05origin: 40 120  30   -1 6.2 3.1 ..10  2  1
667 18
-1;9  -1.05  6.15  3.05origin: 40 120  30   -1 6.2 3.1 ..10  2  1
667 19
-1;9  -2.95  6.15  3.05origin: 30 120  30   -2 6.2 3.1 ..10  2  1
666 10
-1;9  -2.85  6.15  3.05origin: 30 120  30   -2 6.2 3.1 ..10  2  1
666 11
-1;9  -2.75  6.15  3.05origin: 30 120  30   -2 6.2 3.1 ..10  2  1
666 12
-1;9  -2.65  6.15  3.05origin: 30 120  30   -2 6.2 3.1 ..10  2  1
666 13
-1;9  -2.55  6.15  3.05origin: 30 120  30   -2 6.2 3.1 ..10  2  1
666 14
-1;9  -2.45  6.15  3.05origin: 30 120  30   -2 6.2 3.1 ..10  2  1
666 15
-1;9  -2.35  6.15  3.05origin: 30 120  30   -2 6.2 3.1 ..10  2  1
666 16
-1;9  -2.25  6.15  3.05origin: 30 120  30   -2 6.2 3.1 ..10  2  1
666 17
-1;9  -2.15  6.15  3.05origin: 30 120  30   -2 6.2 3.1 ..10  2  1
666 18
-1;9  -2.05  6.15  3.05origin: 30 120  30   -2 6.2 3.1 ..10  2  1
666 19
-1;9  -5.95  6.15  3.05origin:  0 120  30   -5 6.2 3.1 ..10  2  1
663 10
-1;9  -5.85  6.15  3.05origin:  0 120  30   -5 6.2 3.1 ..10  2  1
663 11
-1;9  -5.75  6.15  3.05origin:  0 120  30   -5 6.2 3.1 ..10  2  1
663 12
-1;9  -5.65  6.15  3.05origin:  0 120  30   -5 6.2 3.1 ..10  2  1
663 13
-1;9  -5.55  6.15  3.05origin:  0 120  30   -5 6.2 3.1 ..10  2  1
663 14
-1;9  -5.45  6.15  3.05origin:  0 120  30   -5 6.2 3.1 ..10  2  1
663 15
-1;9  -5.35  6.15  3.05origin:  0 120  30   -5 6.2 3.1 ..10  2  1
663 16
-1;9  -5.25  6.15  3.05origin:  0 120  30   -5 6.2 3.1 ..10  2  1
663 17
-1;9  -5.15  6.15  3.05origin:  0 120  30   -5 6.2 3.1 ..10  2  1
663 18
-1;9  -5.05  6.15  3.05origin:  0 120  30   -5 6.2 3.1 ..10  2  1
663 19
-3.99839 -3.00511  1.18253[0;31m collide!!!!! [0m
[33m[WARN] [1790604727.849331692, 8.409000000]: id:1 Infeasible1! DTG refuse to update![0m
-3.99502  3.00164  1.19927[0;31m collide!!!!! [0m
[33m[WARN] [1790604727.964386357, 8.457000000]: id:2 Infeasible1! DTG refuse to update![0m
-1;9  -1.95  6.15  3.05origin: 40 120  30   -1 6.2 3.1 ..10  2  1
667 10
-1;9  -1.85  6.15  3.05origin: 40 120  30   -1 6.2 3.1 ..10  2  1
667 11
-1;9  -1.75  6.15  3.05origin: 40 120  30   -1 6.2 3.1 ..10  2  1
667 12
-1;9  -1.65  6.15  3.05origin: 40 120  30   -1 6.2 3.1 ..10  2  1
667 13
-1;9  -1.55  6.15  3.05origin: 40 120  30   -1 6.2 3.1 ..10  2  1
667 14
-1;9  -1.45  6.15  3.05origin: 40 120  30   -1 6.2 3.1 ..10  2  1
667 15
-1;9  -1.35  6.15  3.05origin: 40 120  30   -1 6.2 3.1 ..10  2  1
667 16
-1;9  -1.25  6.15  3.05origin: 40 120  30   -1 6.2 3.1 ..10  2  1
667 17
-1;9  -1.15  6.15  3.05origin: 40 120  30   -1 6.2 3.1 ..10  2  1
667 18
-1;9  -1.05  6.15  3.05origin: 40 120  30   -1 6.2 3.1 ..10  2  1
667 19
-1;9  -2.95  6.15  3.05origin: 30 120  30   -2 6.2 3.1 ..10  2  1
666 10
-1;9  -2.85  6.15  3.05origin: 30 120  30   -2 6.2 3.1 ..10  2  1
666 11
-1;9  -2.75  6.15  3.05origin: 30 120  30   -2 6.2 3.1 ..10  2  1
666 12
-1;9  -2.65  6.15  3.05origin: 30 120  30   -2 6.2 3.1 ..10  2  1
666 13
-1;9  -2.55  6.15  3.05origin: 30 120  30   -2 6.2 3.1 ..10  2  1
666 14
-1;9  -2.45  6.15  3.05origin: 30 120  30   -2 6.2 3.1 ..10  2  1
666 15
-1;9  -2.35  6.15  3.05origin: 30 120  30   -2 6.2 3.1 ..10  2  1
666 16
-1;9  -2.25  6.15  3.05origin: 30 120  30   -2 6.2 3.1 ..10  2  1
666 17
-1;9  -2.15  6.15  3.05origin: 30 120  30   -2 6.2 3.1 ..10  2  1
666 18
-1;9  -2.05  6.15  3.05origin: 30 120  30   -2 6.2 3.1 ..10  2  1
666 19
-1;9  -5.95  6.15  3.05origin:  0 120  30   -5 6.2 3.1 ..10  2  1
663 10
-1;9  -5.85  6.15  3.05origin:  0 120  30   -5 6.2 3.1 ..10  2  1
663 11
-1;9  -5.75  6.15  3.05origin:  0 120  30   -5 6.2 3.1 ..10  2  1
663 12
-1;9  -5.65  6.15  3.05origin:  0 120  30   -5 6.2 3.1 ..10  2  1
663 13
-1;9  -5.55  6.15  3.05origin:  0 120  30   -5 6.2 3.1 ..10  2  1
663 14
-1;9  -5.45  6.15  3.05origin:  0 120  30   -5 6.2 3.1 ..10  2  1
663 15
-1;9  -5.35  6.15  3.05origin:  0 120  30   -5 6.2 3.1 ..10  2  1
663 16
-1;9  -5.25  6.15  3.05origin:  0 120  30   -5 6.2 3.1 ..10  2  1
663 17
-1;9  -5.15  6.15  3.05origin:  0 120  30   -5 6.2 3.1 ..10  2  1
663 18
-1;9  -5.05  6.15  3.05origin:  0 120  30   -5 6.2 3.1 ..10  2  1
663 19
-4.00027 -2.99539  1.19154[0;31m collide!!!!! [0m
[33m[WARN] [1790604728.075686605, 8.621000000]: id:1 Infeasible1! DTG refuse to update![0m
-3.99943  3.00553  1.19636[0;31m collide!!!!! [0m
[33m[WARN] [1790604728.187239770, 8.669000000]: id:2 Infeasible1! DTG refuse to update![0m
-1;9  -2.95  6.15  3.05origin: 30 120  30   -2 6.2 3.1 ..10  2  1
666 10
-1;9  -2.85  6.15  3.05origin: 30 120  30   -2 6.2 3.1 ..10  2  1
666 11
-1;9  -2.75  6.15  3.05origin: 30 120  30   -2 6.2 3.1 ..10  2  1
666 12
-1;9  -2.65  6.15  3.05origin: 30 120  30   -2 6.2 3.1 ..10  2  1
666 13
-1;9  -2.55  6.15  3.05origin: 30 120  30   -2 6.2 3.1 ..10  2  1
666 14
-1;9  -2.45  6.15  3.05origin: 30 120  30   -2 6.2 3.1 ..10  2  1
666 15
-1;9  -2.35  6.15  3.05origin: 30 120  30   -2 6.2 3.1 ..10  2  1
666 16
-1;9  -2.25  6.15  3.05origin: 30 120  30   -2 6.2 3.1 ..10  2  1
666 17
-1;9  -2.15  6.15  3.05origin: 30 120  30   -2 6.2 3.1 ..10  2  1
666 18
-1;9  -2.05  6.15  3.05origin: 30 120  30   -2 6.2 3.1 ..10  2  1
666 19
-1;9  -5.95  6.15  3.05origin:  0 120  30   -5 6.2 3.1 ..10  2  1
663 10
-1;9  -5.85  6.15  3.05origin:  0 120  30   -5 6.2 3.1 ..10  2  1
663 11
-1;9  -5.75  6.15  3.05origin:  0 120  30   -5 6.2 3.1 ..10  2  1
663 12
-1;9  -5.65  6.15  3.05origin:  0 120  30   -5 6.2 3.1 ..10  2  1
663 13
-1;9  -5.55  6.15  3.05origin:  0 120  30   -5 6.2 3.1 ..10  2  1
663 14
-1;9  -5.45  6.15  3.05origin:  0 120  30   -5 6.2 3.1 ..10  2  1
663 15
-1;9  -5.35  6.15  3.05origin:  0 120  30   -5 6.2 3.1 ..10  2  1
663 16
-1;9  -5.25  6.15  3.05origin:  0 120  30   -5 6.2 3.1 ..10  2  1
663 17
-1;9  -5.15  6.15  3.05origin:  0 120  30   -5 6.2 3.1 ..10  2  1
663 18
-1;9  -5.05  6.15  3.05origin:  0 120  30   -5 6.2 3.1 ..10  2  1
663 19
-3.99395 -2.99501  1.20423[0;31m collide!!!!! [0m
[33m[WARN] [1790604728.304666788, 8.832000000]: id:1 Infeasible1! DTG refuse to update![0m
-4.00774  2.99983   1.2103[0;31m collide!!!!! [0m
[33m[WARN] [1790604728.412895625, 8.890000000]: id:2 Infeasible1! DTG refuse to update![0m
-1;9  -2.95  6.15  3.05origin: 30 120  30   -2 6.2 3.1 ..10  2  1
666 10
-1;9  -2.85  6.15  3.05origin: 30 120  30   -2 6.2 3.1 ..10  2  1
666 11
-1;9  -2.75  6.15  3.05origin: 30 120  30   -2 6.2 3.1 ..10  2  1
666 12
-1;9  -2.65  6.15  3.05origin: 30 120  30   -2 6.2 3.1 ..10  2  1
666 13
-1;9  -2.55  6.15  3.05origin: 30 120  30   -2 6.2 3.1 ..10  2  1
666 14
-1;9  -2.45  6.15  3.05origin: 30 120  30   -2 6.2 3.1 ..10  2  1
666 15
-1;9  -2.35  6.15  3.05origin: 30 120  30   -2 6.2 3.1 ..10  2  1
666 16
-1;9  -2.25  6.15  3.05origin: 30 120  30   -2 6.2 3.1 ..10  2  1
666 17
-1;9  -2.15  6.15  3.05origin: 30 120  30   -2 6.2 3.1 ..10  2  1
666 18
-1;9  -2.05  6.15  3.05origin: 30 120  30   -2 6.2 3.1 ..10  2  1
666 19
-1;9  -5.95  6.15  3.05origin:  0 120  30   -5 6.2 3.1 ..10  2  1
663 10
-1;9  -5.85  6.15  3.05origin:  0 120  30   -5 6.2 3.1 ..10  2  1
663 11
-1;9  -5.75  6.15  3.05origin:  0 120  30   -5 6.2 3.1 ..10  2  1
663 12
-1;9  -5.65  6.15  3.05origin:  0 120  30   -5 6.2 3.1 ..10  2  1
663 13
-1;9  -5.55  6.15  3.05origin:  0 120  30   -5 6.2 3.1 ..10  2  1
663 14
-1;9  -5.45  6.15  3.05origin:  0 120  30   -5 6.2 3.1 ..10  2  1
663 15
-1;9  -5.35  6.15  3.05origin:  0 120  30   -5 6.2 3.1 ..10  2  1
663 16
-1;9  -5.25  6.15  3.05origin:  0 120  30   -5 6.2 3.1 ..10  2  1
663 17
-1;9  -5.15  6.15  3.05origin:  0 120  30   -5 6.2 3.1 ..10  2  1
663 18
-1;9  -5.05  6.15  3.05origin:  0 120  30   -5 6.2 3.1 ..10  2  1
663 19
-3.99918  -2.9964  1.20583[0;31m collide!!!!! [0m
[33m[WARN] [1790604728.524824187, 9.015000000]: id:1 Infeasible1! DTG refuse to update![0m
[0;44m id:1 Partition[0m
[33m[WARN] [1790604728.633083247, 9.101000000]: id:1 LocalGVP![0m
-4.00656  3.00973  1.21196[0;31m collide!!!!! [0m
[33m[WARN] [1790604728.636668372, 9.101000000]: id:2 Infeasible1! DTG refuse to update![0m
[0;44m id:2 Partition[0m
[33m[WARN] [1790604728.637468105, 9.130000000]: id:2 LocalGVP![0m
-1;9  -5.95  6.15  3.05origin:  0 120  30   -5 6.2 3.1 ..10  2  1
663 10
-1;9  -5.85  6.15  3.05origin:  0 120  30   -5 6.2 3.1 ..10  2  1
663 11
-1;9  -5.75  6.15  3.05origin:  0 120  30   -5 6.2 3.1 ..10  2  1
663 12
-1;9  -5.65  6.15  3.05origin:  0 120  30   -5 6.2 3.1 ..10  2  1
663 13
-1;9  -5.55  6.15  3.05origin:  0 120  30   -5 6.2 3.1 ..10  2  1
663 14
-1;9  -5.45  6.15  3.05origin:  0 120  30   -5 6.2 3.1 ..10  2  1
663 15
-1;9  -5.35  6.15  3.05origin:  0 120  30   -5 6.2 3.1 ..10  2  1
663 16
-1;9  -5.25  6.15  3.05origin:  0 120  30   -5 6.2 3.1 ..10  2  1
663 17
-1;9  -5.15  6.15  3.05origin:  0 120  30   -5 6.2 3.1 ..10  2  1
663 18
-1;9  -5.05  6.15  3.05origin:  0 120  30   -5 6.2 3.1 ..10  2  1
663 19
-4.00276 -3.00943  1.20033[0;31m collide!!!!! [0m
[33m[WARN] [1790604728.750111607, 9.217000000]: id:1 Infeasible1! DTG refuse to update![0m
-4.00928  3.00387   1.1978[0;31m collide!!!!! [0m
[33m[WARN] [1790604728.863027954, 9.255000000]: id:2 Infeasible1! DTG refuse to update![0m
-1;9  -5.95  6.15  3.05origin:  0 120  30   -5 6.2 3.1 ..10  2  1
663 10
-1;9  -5.85  6.15  3.05origin:  0 120  30   -5 6.2 3.1 ..10  2  1
663 11
-1;9  -5.75  6.15  3.05origin:  0 120  30   -5 6.2 3.1 ..10  2  1
663 12
-1;9  -5.65  6.15  3.05origin:  0 120  30   -5 6.2 3.1 ..10  2  1
663 13
-1;9  -5.55  6.15  3.05origin:  0 120  30   -5 6.2 3.1 ..10  2  1
663 14
-1;9  -5.45  6.15  3.05origin:  0 120  30   -5 6.2 3.1 ..10  2  1
663 15
-1;9  -5.35  6.15  3.05origin:  0 120  30   -5 6.2 3.1 ..10  2  1
663 16
-1;9  -5.25  6.15  3.05origin:  0 120  30   -5 6.2 3.1 ..10  2  1
663 17
-1;9  -5.15  6.15  3.05origin:  0 120  30   -5 6.2 3.1 ..10  2  1
663 18
-1;9  -5.05  6.15  3.05origin:  0 120  30   -5 6.2 3.1 ..10  2  1
663 19
-4.00402 -2.99741  1.20455[0;31m collide!!!!! [0m
[33m[WARN] [1790604728.973242784, 9.409000000]: id:1 Infeasible1! DTG refuse to update![0m
-3.99924  2.99993  1.20477[0;31m collide!!!!! [0m
[33m[WARN] [1790604729.085937812, 9.476000000]: id:2 Infeasible1! DTG refuse to update![0m
-1;9  -5.95  6.15  3.05origin:  0 120  30   -5 6.2 3.1 ..10  2  1
663 10
-1;9  -5.85  6.15  3.05origin:  0 120  30   -5 6.2 3.1 ..10  2  1
663 11
-1;9  -5.75  6.15  3.05origin:  0 120  30   -5 6.2 3.1 ..10  2  1
663 12
-1;9  -5.65  6.15  3.05origin:  0 120  30   -5 6.2 3.1 ..10  2  1
663 13
-1;9  -5.55  6.15  3.05origin:  0 120  30   -5 6.2 3.1 ..10  2  1
663 14
-1;9  -5.45  6.15  3.05origin:  0 120  30   -5 6.2 3.1 ..10  2  1
663 15
-1;9  -5.35  6.15  3.05origin:  0 120  30   -5 6.2 3.1 ..10  2  1
663 16
-1;9  -5.25  6.15  3.05origin:  0 120  30   -5 6.2 3.1 ..10  2  1
663 17
-1;9  -5.15  6.15  3.05origin:  0 120  30   -5 6.2 3.1 ..10  2  1
663 18
-1;9  -5.05  6.15  3.05origin:  0 120  30   -5 6.2 3.1 ..10  2  1
663 19
-3.99958 -2.99887   1.2005[0;31m collide!!!!! [0m
[33m[WARN] [1790604729.194129589, 9.621000000]: id:1 Infeasible1! DTG refuse to update![0m
-4.00499  2.99631  1.21009[0;31m collide!!!!! [0m
[33m[WARN] [1790604729.305141150, 9.640000000]: id:2 Infeasible1! DTG refuse to update![0m
-1;9  -5.95  6.15  3.05origin:  0 120  30   -5 6.2 3.1 ..10  2  1
663 10
-1;9  -5.85  6.15  3.05origin:  0 120  30   -5 6.2 3.1 ..10  2  1
663 11
-1;9  -5.75  6.15  3.05origin:  0 120  30   -5 6.2 3.1 ..10  2  1
663 12
-1;9  -5.65  6.15  3.05origin:  0 120  30   -5 6.2 3.1 ..10  2  1
663 13
-1;9  -5.55  6.15  3.05origin:  0 120  30   -5 6.2 3.1 ..10  2  1
663 14
-1;9  -5.45  6.15  3.05origin:  0 120  30   -5 6.2 3.1 ..10  2  1
663 15
-1;9  -5.35  6.15  3.05origin:  0 120  30   -5 6.2 3.1 ..10  2  1
663 16
-1;9  -5.25  6.15  3.05origin:  0 120  30   -5 6.2 3.1 ..10  2  1
663 17
-1;9  -5.15  6.15  3.05origin:  0 120  30   -5 6.2 3.1 ..10  2  1
663 18
-1;9  -5.05  6.15  3.05origin:  0 120  30   -5 6.2 3.1 ..10  2  1
663 19
 -4.0035 -3.00112  1.19779[0;31m collide!!!!! [0m
[33m[WARN] [1790604729.417516477, 9.803000000]: id:1 Infeasible1! DTG refuse to update![0m
-4.00728  3.00167  1.20523[0;31m collide!!!!! [0m
[33m[WARN] [1790604729.536962337, 9.813000000]: id:2 Infeasible1! DTG refuse to update![0m
-1;9  -5.95  6.15  3.05origin:  0 120  30   -5 6.2 3.1 ..10  2  1
663 10
-1;9  -5.85  6.15  3.05origin:  0 120  30   -5 6.2 3.1 ..10  2  1
663 11
-1;9  -5.75  6.15  3.05origin:  0 120  30   -5 6.2 3.1 ..10  2  1
663 12
-1;9  -5.65  6.15  3.05origin:  0 120  30   -5 6.2 3.1 ..10  2  1
663 13
-1;9  -5.55  6.15  3.05origin:  0 120  30   -5 6.2 3.1 ..10  2  1
663 14
-1;9  -5.45  6.15  3.05origin:  0 120  30   -5 6.2 3.1 ..10  2  1
663 15
-1;9  -5.35  6.15  3.05origin:  0 120  30   -5 6.2 3.1 ..10  2  1
663 16
-1;9  -5.25  6.15  3.05origin:  0 120  30   -5 6.2 3.1 ..10  2  1
663 17
-1;9  -5.15  6.15  3.05origin:  0 120  30   -5 6.2 3.1 ..10  2  1
663 18
-1;9  -5.05  6.15  3.05origin:  0 120  30   -5 6.2 3.1 ..10  2  1
663 19
-4.00181  -2.9982  1.20115[0;31m collide!!!!! [0m
[33m[WARN] [1790604729.650383435, 10.015000000]: id:1 Infeasible1! DTG refuse to update![0m
-4.00455  3.00105  1.20311[0;31m collide!!!!! [0m
[33m[WARN] [1790604729.761352809, 10.025000000]: id:2 Infeasible1! DTG refuse to update![0m
-1;9  -5.95  6.15  3.05origin:  0 120  30   -5 6.2 3.1 ..10  2  1
663 10
-1;9  -5.85  6.15  3.05origin:  0 120  30   -5 6.2 3.1 ..10  2  1
663 11
-1;9  -5.75  6.15  3.05origin:  0 120  30   -5 6.2 3.1 ..10  2  1
663 12
-1;9  -5.65  6.15  3.05origin:  0 120  30   -5 6.2 3.1 ..10  2  1
663 13
-1;9  -5.55  6.15  3.05origin:  0 120  30   -5 6.2 3.1 ..10  2  1
663 14
-1;9  -5.45  6.15  3.05origin:  0 120  30   -5 6.2 3.1 ..10  2  1
663 15
-1;9  -5.35  6.15  3.05origin:  0 120  30   -5 6.2 3.1 ..10  2  1
663 16
-1;9  -5.25  6.15  3.05origin:  0 120  30   -5 6.2 3.1 ..10  2  1
663 17
-1;9  -5.15  6.15  3.05origin:  0 120  30   -5 6.2 3.1 ..10  2  1
663 18
-1;9  -5.05  6.15  3.05origin:  0 120  30   -5 6.2 3.1 ..10  2  1
663 19
-4.00133  -2.9949  1.20036[0;31m collide!!!!! [0m
[33m[WARN] [1790604729.881081977, 10.207000000]: id:1 Infeasible1! DTG refuse to update![0m
-4.0028  2.9972 1.19858[0;31m collide!!!!! [0m
[33m[WARN] [1790604729.993639228, 10.284000000]: id:2 Infeasible1! DTG refuse to update![0m
-1;9  -5.95  6.15  3.05origin:  0 120  30   -5 6.2 3.1 ..10  2  1
663 10
-1;9  -5.85  6.15  3.05origin:  0 120  30   -5 6.2 3.1 ..10  2  1
663 11
-1;9  -5.75  6.15  3.05origin:  0 120  30   -5 6.2 3.1 ..10  2  1
663 12
-1;9  -5.65  6.15  3.05origin:  0 120  30   -5 6.2 3.1 ..10  2  1
663 13
-1;9  -5.55  6.15  3.05origin:  0 120  30   -5 6.2 3.1 ..10  2  1
663 14
-1;9  -5.45  6.15  3.05origin:  0 120  30   -5 6.2 3.1 ..10  2  1
663 15
-1;9  -5.35  6.15  3.05origin:  0 120  30   -5 6.2 3.1 ..10  2  1
663 16
-1;9  -5.25  6.15  3.05origin:  0 120  30   -5 6.2 3.1 ..10  2  1
663 17
-1;9  -5.15  6.15  3.05origin:  0 120  30   -5 6.2 3.1 ..10  2  1
663 18
-1;9  -5.05  6.15  3.05origin:  0 120  30   -5 6.2 3.1 ..10  2  1
663 19
-4.00318  -2.9939  1.19974[0;31m collide!!!!! [0m
[33m[WARN] [1790604730.105285606, 10.419000000]: id:1 Infeasible1! DTG refuse to update![0m
-3.99814  3.00221  1.19389[0;31m collide!!!!! [0m
[33m[WARN] [1790604730.237703366, 10.438000000]: id:2 Infeasible1! DTG refuse to update![0m
-1;9  -5.95  6.15  3.05origin:  0 120  30   -5 6.2 3.1 ..10  2  1
663 10
-1;9  -5.85  6.15  3.05origin:  0 120  30   -5 6.2 3.1 ..10  2  1
663 11
-1;9  -5.75  6.15  3.05origin:  0 120  30   -5 6.2 3.1 ..10  2  1
663 12
-1;9  -5.65  6.15  3.05origin:  0 120  30   -5 6.2 3.1 ..10  2  1
663 13
-1;9  -5.55  6.15  3.05origin:  0 120  30   -5 6.2 3.1 ..10  2  1
663 14
-1;9  -5.45  6.15  3.05origin:  0 120  30   -5 6.2 3.1 ..10  2  1
663 15
-1;9  -5.35  6.15  3.05origin:  0 120  30   -5 6.2 3.1 ..10  2  1
663 16
-1;9  -5.25  6.15  3.05origin:  0 120  30   -5 6.2 3.1 ..10  2  1
663 17
-1;9  -5.15  6.15  3.05origin:  0 120  30   -5 6.2 3.1 ..10  2  1
663 18
-1;9  -5.05  6.15  3.05origin:  0 120  30   -5 6.2 3.1 ..10  2  1
663 19
-3.99729  -2.9987  1.20033[0;31m collide!!!!! [0m
[33m[WARN] [1790604730.356229557, 10.611000000]: id:1 Infeasible1! DTG refuse to update![0m
-3.99672  3.00565  1.20097[0;31m collide!!!!! [0m
[33m[WARN] [1790604730.467100507, 10.640000000]: id:2 Infeasible1! DTG refuse to update![0m
-4.00133 -3.00092  1.20209[0;31m collide!!!!! [0m
[33m[WARN] [1790604730.578498512, 10.813000000]: id:1 Infeasible1! DTG refuse to update![0m
-3.99978  3.00442  1.20324[0;31m collide!!!!! [0m
[33m[WARN] [1790604730.696229389, 10.813000000]: id:2 Infeasible1! DTG refuse to update![0m
-3.9935 -3.0067  1.2047[0;31m collide!!!!! [0m
[33m[WARN] [1790604730.810158367, 11.015000000]: id:1 Infeasible1! DTG refuse to update![0m
-3.99961  3.00405  1.19248[0;31m collide!!!!! [0m
[33m[WARN] [1790604730.922179683, 11.063000000]: id:2 Infeasible1! DTG refuse to update![0m
-3.99316 -2.99332  1.20178[0;31m collide!!!!! [0m
[33m[WARN] [1790604731.033604326, 11.217000000]: id:1 Infeasible1! DTG refuse to update![0m
-4.00404  3.00543  1.19672[0;31m collide!!!!! [0m
[33m[WARN] [1790604731.149253538, 11.236000000]: id:2 Infeasible1! DTG refuse to update![0m
-3.98983  -3.0008  1.19831[0;31m collide!!!!! [0m
[33m[WARN] [1790604731.263596390, 11.409000000]: id:1 Infeasible1! DTG refuse to update![0m
-4.00819  2.99922  1.19727[0;31m collide!!!!! [0m
[33m[WARN] [1790604731.376783288, 11.480000000]: id:2 Infeasible1! DTG refuse to update![0m
-3.98786 -3.00545  1.20141[0;31m collide!!!!! [0m
[33m[WARN] [1790604731.492962515, 11.614000000]: id:1 Infeasible1! DTG refuse to update![0m
-3.99741  3.00079  1.20564[0;31m collide!!!!! [0m
[33m[WARN] [1790604731.604322209, 11.691000000]: id:2 Infeasible1! DTG refuse to update![0m
-3.99299 -3.00225  1.20263[0;31m collide!!!!! [0m
[33m[WARN] [1790604731.716897427, 11.816000000]: id:1 Infeasible1! DTG refuse to update![0m
-4.00632  3.00108  1.20177[0;31m collide!!!!! [0m
[33m[WARN] [1790604731.828373762, 11.881999999]: id:2 Infeasible1! DTG refuse to update![0m
-3.99005  -3.0051  1.20424[0;31m collide!!!!! [0m
[33m[WARN] [1790604731.940828337, 12.015000000]: id:1 Infeasible1! DTG refuse to update![0m
-4.00218  2.99829  1.20308[0;31m collide!!!!! [0m
[33m[WARN] [1790604732.049905807, 12.092000000]: id:2 Infeasible1! DTG refuse to update![0m
[0;44m id:1 Partition[0m
[33m[WARN] [1790604732.053747977, 12.140000000]: id:1 LocalGVP![0m
[0;44m id:2 Partition[0m
[33m[WARN] [1790604732.054209040, 12.178000000]: id:2 LocalGVP![0m
-3.9972 -3.0012 1.20239[0;31m collide!!!!! [0m
[33m[WARN] [1790604732.161723062, 12.207000000]: id:1 Infeasible1! DTG refuse to update![0m
-3.99591  3.00094  1.20109[0;31m collide!!!!! [0m
[33m[WARN] [1790604732.278547987, 12.399000000]: id:2 Infeasible1! DTG refuse to update![0m
-3.99743  -2.9948  1.19615[0;31m collide!!!!! [0m
[33m[WARN] [1790604732.383117162, 12.419000000]: id:1 Infeasible1! DTG refuse to update![0m
-4.00137  2.99699  1.20574[0;31m collide!!!!! [0m
[33m[WARN] [1790604732.493728357, 12.467000000]: id:2 Infeasible1! DTG refuse to update![0m
-3.99793 -3.00196  1.19833[0;31m collide!!!!! [0m
[33m[WARN] [1790604732.604223535, 12.611000000]: id:1 Infeasible1! DTG refuse to update![0m
-3.99855  2.99712  1.20505[0;31m collide!!!!! [0m
[33m[WARN] [1790604732.720188656, 12.698000000]: id:2 Infeasible1! DTG refuse to update![0m
-4.00151  -2.9999  1.20291[0;31m collide!!!!! [0m
[33m[WARN] [1790604732.829098959, 12.813000000]: id:1 Infeasible1! DTG refuse to update![0m
-4.00176  2.99295  1.19663[0;31m collide!!!!! [0m
[33m[WARN] [1790604732.942643203, 12.813000000]: id:2 Infeasible1! DTG refuse to update![0m
-3.99193 -2.99919   1.2019[0;31m collide!!!!! [0m
[33m[WARN] [1790604733.063900426, 13.015000000]: id:1 Infeasible1! DTG refuse to update![0m
-4.00105  2.99891  1.20078[0;31m collide!!!!! [0m
[33m[WARN] [1790604733.176374260, 13.034000000]: id:2 Infeasible1! DTG refuse to update![0m
-3.99637  -2.9974   1.1975[0;31m collide!!!!! [0m
[33m[WARN] [1790604733.288389239, 13.272999999]: id:1 Infeasible1! DTG refuse to update![0m
-3.99593   3.0069  1.20302[0;31m collide!!!!! [0m
[33m[WARN] [1790604733.396548292, 13.291000000]: id:2 Infeasible1! DTG refuse to update![0m
-3.99397 -3.00201  1.19483[0;31m collide!!!!! [0m
[33m[WARN] [1790604733.515073608, 13.406000000]: id:1 Infeasible1! DTG refuse to update![0m
-3.99403  3.00461  1.20152[0;31m collide!!!!! [0m
[33m[WARN] [1790604733.620396619, 13.416000000]: id:2 Infeasible1! DTG refuse to update![0m
-4.00224 -3.00386  1.20022[0;31m collide!!!!! [0m
[33m[WARN] [1790604733.734660806, 13.814999999]: id:1 Infeasible1! DTG refuse to update![0m
-3.98946  3.00111   1.2011[0;31m collide!!!!! [0m
[33m[WARN] [1790604733.954373816, 13.814999999]: id:2 Infeasible1! DTG refuse to update![0m
-3.99974 -2.99864  1.19952[0;31m collide!!!!! [0m
[33m[WARN] [1790604734.174762914, 14.260999999]: id:1 Infeasible1! DTG refuse to update![0m
 -4.0017 -2.99872  1.20108[0;31m collide!!!!! [0m
[33m[WARN] [1790604734.287639115, 14.260999999]: id:1 Infeasible1! DTG refuse to update![0m
-4.00353  3.00414  1.20118[0;31m collide!!!!! [0m
[33m[WARN] [1790604734.397072846, 14.260999999]: id:2 Infeasible1! DTG refuse to update![0m
-3.99911 -3.00134  1.19514[0;31m collide!!!!! [0m
[33m[WARN] [1790604734.616327419, 14.714000000]: id:1 Infeasible1! DTG refuse to update![0m
-4.00548  2.99467   1.2033[0;31m collide!!!!! [0m
[33m[WARN] [1790604734.831852544, 14.714000000]: id:2 Infeasible1! DTG refuse to update![0m
[0;44m id:2 Partition[0m
-3.99546 -3.00661  1.20176[0;31m collide!!!!! [0m
[33m[WARN] [1790604735.048113246, 15.173999999]: id:2 LocalGVP![0m
[33m[WARN] [1790604735.048402307, 15.173999999]: id:1 Infeasible1! DTG refuse to update![0m
[0;44m id:1 Partition[0m
[33m[WARN] [1790604735.049788708, 15.173999999]: id:1 LocalGVP![0m
-4.00789  2.99879   1.1966[0;31m collide!!!!! [0m
[33m[WARN] [1790604735.274801617, 15.173999999]: id:2 Infeasible1! DTG refuse to update![0m
-4.00204  3.00627  1.19436[0;31m collide!!!!! [0m
[33m[WARN] [1790604735.726675900, 15.625000000]: id:2 Infeasible1! DTG refuse to update![0m
-3.99803 -2.99948  1.19972[0;31m collide!!!!! [0m
[33m[WARN] [1790604735.835647942, 15.625000000]: id:1 Infeasible1! DTG refuse to update![0m
-4.0018 3.00589 1.19469[0;31m collide!!!!! [0m
[33m[WARN] [1790604736.057993059, 16.074000000]: id:2 Infeasible1! DTG refuse to update![0m
-3.99762  -2.9932  1.19914[0;31m collide!!!!! [0m
[33m[WARN] [1790604736.384975510, 16.074000000]: id:1 Infeasible1! DTG refuse to update![0m
-4.00182   2.9869   1.1914[0;31m collide!!!!! [0m
[33m[WARN] [1790604736.495008791, 16.518000000]: id:2 Infeasible1! DTG refuse to update![0m
-1;9  -1.95  6.15  3.05origin: 40 120  30   -1 6.2 3.1 ..10  2  1
667 10
-1;9  -1.85  6.15  3.05origin: 40 120  30   -1 6.2 3.1 ..10  2  1
667 11
-1;9  -1.75  6.15  3.05origin: 40 120  30   -1 6.2 3.1 ..10  2  1
667 12
-1;9  -1.65  6.15  3.05origin: 40 120  30   -1 6.2 3.1 ..10  2  1
667 13
-1;9  -1.55  6.15  3.05origin: 40 120  30   -1 6.2 3.1 ..10  2  1
667 14
-1;9  -1.45  6.15  3.05origin: 40 120  30   -1 6.2 3.1 ..10  2  1
667 15
-1;9  -1.35  6.15  3.05origin: 40 120  30   -1 6.2 3.1 ..10  2  1
667 16
-1;9  -1.25  6.15  3.05origin: 40 120  30   -1 6.2 3.1 ..10  2  1
667 17
-1;9  -1.15  6.15  3.05origin: 40 120  30   -1 6.2 3.1 ..10  2  1
667 18
-1;9  -1.05  6.15  3.05origin: 40 120  30   -1 6.2 3.1 ..10  2  1
667 19
-3.99826 -2.99983  1.20285[0;31m collide!!!!! [0m
[33m[WARN] [1790604736.818671125, 16.518000000]: id:1 Infeasible1! DTG refuse to update![0m
-3.99816  2.99592  1.20117[0;31m collide!!!!! [0m
[33m[WARN] [1790604736.928990757, 16.966000000]: id:2 Infeasible1! DTG refuse to update![0m
-1;9  -1.95  6.15  3.05origin: 40 120  30   -1 6.2 3.1 ..10  2  1
667 10
-1;9  -1.85  6.15  3.05origin: 40 120  30   -1 6.2 3.1 ..10  2  1
667 11
-1;9  -1.75  6.15  3.05origin: 40 120  30   -1 6.2 3.1 ..10  2  1
667 12
-1;9  -1.65  6.15  3.05origin: 40 120  30   -1 6.2 3.1 ..10  2  1
667 13
-1;9  -1.55  6.15  3.05origin: 40 120  30   -1 6.2 3.1 ..10  2  1
667 14
-1;9  -1.45  6.15  3.05origin: 40 120  30   -1 6.2 3.1 ..10  2  1
667 15
-1;9  -1.35  6.15  3.05origin: 40 120  30   -1 6.2 3.1 ..10  2  1
667 16
-1;9  -1.25  6.15  3.05origin: 40 120  30   -1 6.2 3.1 ..10  2  1
667 17
-1;9  -1.15  6.15  3.05origin: 40 120  30   -1 6.2 3.1 ..10  2  1
667 18
-1;9  -1.05  6.15  3.05origin: 40 120  30   -1 6.2 3.1 ..10  2  1
667 19
-3.99871 -2.99815  1.19666[0;31m collide!!!!! [0m
[33m[WARN] [1790604737.038601744, 16.966000000]: id:1 Infeasible1! DTG refuse to update![0m
-4.00115  3.00251  1.20779[0;31m collide!!!!! [0m
[33m[WARN] [1790604737.406693281, 17.431000000]: id:2 Infeasible1! DTG refuse to update![0m
-1;9  -1.95  6.15  3.05origin: 40 120  30   -1 6.2 3.1 ..10  2  1
667 10
-1;9  -1.85  6.15  3.05origin: 40 120  30   -1 6.2 3.1 ..10  2  1
667 11
-1;9  -1.75  6.15  3.05origin: 40 120  30   -1 6.2 3.1 ..10  2  1
667 12
-1;9  -1.65  6.15  3.05origin: 40 120  30   -1 6.2 3.1 ..10  2  1
667 13
-1;9  -1.55  6.15  3.05origin: 40 120  30   -1 6.2 3.1 ..10  2  1
667 14
-1;9  -1.45  6.15  3.05origin: 40 120  30   -1 6.2 3.1 ..10  2  1
667 15
-1;9  -1.35  6.15  3.05origin: 40 120  30   -1 6.2 3.1 ..10  2  1
667 16
-1;9  -1.25  6.15  3.05origin: 40 120  30   -1 6.2 3.1 ..10  2  1
667 17
-1;9  -1.15  6.15  3.05origin: 40 120  30   -1 6.2 3.1 ..10  2  1
667 18
-1;9  -1.05  6.15  3.05origin: 40 120  30   -1 6.2 3.1 ..10  2  1
667 19
 -3.9977 -3.00261  1.20268[0;31m collide!!!!! [0m
[33m[WARN] [1790604737.534009366, 17.431000000]: id:1 Infeasible1! DTG refuse to update![0m
-3.99666 -3.00302  1.19794[0;31m collide!!!!! [0m
[33m[WARN] [1790604738.018416824, 17.882000000]: id:1 Infeasible1! DTG refuse to update![0m
-4.00305  3.00862   1.1998[0;31m collide!!!!! [0m
[33m[WARN] [1790604738.156206351, 17.882000000]: id:2 Infeasible1! DTG refuse to update![0m
-1;9  -1.95  6.15  3.05origin: 40 120  30   -1 6.2 3.1 ..10  2  1
667 10
[0;44m id:1 Partition[0m
[33m[WARN] [1790604738.419248306, 18.323000000]: id:1 LocalGVP![0m
-1;9  -1.85  6.15  3.05origin: 40 120  30   -1 6.2 3.1 ..10  2  1
667 11
-1;9  -1.75  6.15  3.05origin: 40 120  30   -1 6.2 3.1 ..10  2  1
667 12
-1;9  -1.65  6.15  3.05origin: 40 120  30   -1 6.2 3.1 ..10  2  1
667 13
-1;9  -1.55  6.15  3.05origin: 40 120  30   -1 6.2 3.1 ..10  2  1
667 14
-1;9  -1.45  6.15  3.05origin: 40 120  30   -1 6.2 3.1 ..10  2  1
667 15
-1;9  -1.35  6.15  3.05origin: 40 120  30   -1 6.2 3.1 ..10  2  1
667 16
-1;9  -1.25  6.15  3.05origin: 40 120  30   -1 6.2 3.1 ..10  2  1
667 17
-1;9  -1.15  6.15  3.05origin: 40 120  30   -1 6.2 3.1 ..10  2  1
667 18
-1;9  -1.05  6.15  3.05origin: 40 120  30   -1 6.2 3.1 ..10  2  1
667 19
[0;44m id:2 Partition[0m
[33m[WARN] [1790604738.424958785, 18.323000000]: id:2 LocalGVP![0m
-3.99388 -2.99909  1.20072[0;31m collide!!!!! [0m
[33m[WARN] [1790604738.540870462, 18.323000000]: id:1 Infeasible1! DTG refuse to update![0m
-3.99188  2.99587  1.19582[0;31m collide!!!!! [0m
[33m[WARN] [1790604738.661196928, 18.323000000]: id:2 Infeasible1! DTG refuse to update![0m
-3.9913 2.98218 1.20882[0;31m collide!!!!! [0m
[33m[WARN] [1790604739.165039933, 18.771999999]: id:2 Infeasible1! DTG refuse to update![0m
-1;9  -1.95  6.15  3.05origin: 40 120  30   -1 6.2 3.1 ..10  2  1
667 10
-1;9  -1.85  6.15  3.05origin: 40 120  30   -1 6.2 3.1 ..10  2  1
667 11
-1;9  -1.75  6.15  3.05origin: 40 120  30   -1 6.2 3.1 ..10  2  1
667 12
-1;9  -1.65  6.15  3.05origin: 40 120  30   -1 6.2 3.1 ..10  2  1
667 13
-1;9  -1.55  6.15  3.05origin: 40 120  30   -1 6.2 3.1 ..10  2  1
667 14
-1;9  -1.45  6.15  3.05origin: 40 120  30   -1 6.2 3.1 ..10  2  1
667 15
-1;9  -1.35  6.15  3.05origin: 40 120  30   -1 6.2 3.1 ..10  2  1
667 16
-1;9  -1.25  6.15  3.05origin: 40 120  30   -1 6.2 3.1 ..10  2  1
667 17
-1;9  -1.15  6.15  3.05origin: 40 120  30   -1 6.2 3.1 ..10  2  1
667 18
-1;9  -1.05  6.15  3.05origin: 40 120  30   -1 6.2 3.1 ..10  2  1
667 19
-4.00088 -2.99342  1.19626[0;31m collide!!!!! [0m
[33m[WARN] [1790604739.286959153, 18.771999999]: id:1 Infeasible1! DTG refuse to update![0m
-3.99825  2.99513   1.1943[0;31m collide!!!!! [0m
[33m[WARN] [1790604739.657242870, 19.376000000]: id:2 Infeasible1! DTG refuse to update![0m
-1;9  -1.95  6.15  3.05origin: 40 120  30   -1 6.2 3.1 ..10  2  1
667 10
-1;9  -1.85  6.15  3.05origin: 40 120  30   -1 6.2 3.1 ..10  2  1
667 11
-1;9  -1.75  6.15  3.05origin: 40 120  30   -1 6.2 3.1 ..10  2  1
667 12
-1;9  -1.65  6.15  3.05origin: 40 120  30   -1 6.2 3.1 ..10  2  1
667 13
-1;9  -1.55  6.15  3.05origin: 40 120  30   -1 6.2 3.1 ..10  2  1
667 14
-1;9  -1.45  6.15  3.05origin: 40 120  30   -1 6.2 3.1 ..10  2  1
667 15
-1;9  -1.35  6.15  3.05origin: 40 120  30   -1 6.2 3.1 ..10  2  1
667 16
-1;9  -1.25  6.15  3.05origin: 40 120  30   -1 6.2 3.1 ..10  2  1
667 17
-1;9  -1.15  6.15  3.05origin: 40 120  30   -1 6.2 3.1 ..10  2  1
667 18
-1;9  -1.05  6.15  3.05origin: 40 120  30   -1 6.2 3.1 ..10  2  1
667 19
-4.00031 -3.00707  1.18113[0;31m collide!!!!! [0m
[33m[WARN] [1790604739.780964741, 19.376000000]: id:1 Infeasible1! DTG refuse to update![0m
-4.00101 -3.00208 0.836461[0;31m collide!!!!! [0m
[33m[WARN] [1790604740.274093808, 19.885999999]: id:1 Infeasible1! DTG refuse to update![0m
-3.99987  3.00944 0.835335[0;31m collide!!!!! [0m
[33m[WARN] [1790604740.404278201, 19.910000000]: id:2 Infeasible1! DTG refuse to update![0m
from  [0;46mid: 2  SLEEP[0m to [0;46mLOCALPLAN[0m
-1;9  -1.95  6.15  3.05origin: 40 120  30   -1 6.2 3.1 ..10  2  1
667 10
-1;9  -1.85  6.15  3.05origin: 40 120  30   -1 6.2 3.1 ..10  2  1
667 11
-1;9  -1.75  6.15  3.05origin: 40 120  30   -1 6.2 3.1 ..10  2  1
667 12
-1;9  -1.65  6.15  3.05origin: 40 120  30   -1 6.2 3.1 ..10  2  1
667 13
-1;9  -1.55  6.15  3.05origin: 40 120  30   -1 6.2 3.1 ..10  2  1
667 14
-1;9  -1.45  6.15  3.05origin: 40 120  30   -1 6.2 3.1 ..10  2  1
667 15
-1;9  -1.35  6.15  3.05origin: 40 120  30   -1 6.2 3.1 ..10  2  1
667 16
-1;9  -1.25  6.15  3.05origin: 40 120  30   -1 6.2 3.1 ..10  2  1
667 17
-1;9  -1.15  6.15  3.05origin: 40 120  30   -1 6.2 3.1 ..10  2  1
667 18
-1;9  -1.05  6.15  3.05origin: 40 120  30   -1 6.2 3.1 ..10  2  1
667 19
from  [0;46mid: 1  SLEEP[0m to [0;46mLOCALPLAN[0m
-4.01071 -2.99912 0.806022[0;31m collide!!!!! [0m
[33m[WARN] [1790604741.023624845, 20.411999999]: id:1 Infeasible1! DTG refuse to update![0m
-4.00213  3.00218 0.929702[0;31m collide!!!!! [0m
[33m[WARN] [1790604741.138411876, 20.914999999]: id:2 Infeasible1! DTG refuse to update![0m
-3.99934   -2.994  0.92921[0;31m collide!!!!! [0m
[33m[WARN] [1790604741.248024697, 20.914999999]: id:1 Infeasible1! DTG refuse to update![0m
[0;44m id:1 Partition[0m
-3.99514  2.99691  1.01844[0;31m collide!!!!! [0m
[33m[WARN] [1790604741.582801210, 21.419000000]: id:1 LocalGVP![0m
[33m[WARN] [1790604741.582986720, 21.419000000]: id:2 Infeasible1! DTG refuse to update![0m
[0;44m id:2 Partition[0m
[33m[WARN] [1790604741.584642255, 21.419000000]: id:2 LocalGVP![0m
-3.99658 -2.99595  1.02125[0;31m collide!!!!! [0m
[33m[WARN] [1790604741.916193198, 21.429999999]: id:1 Infeasible1! DTG refuse to update![0m
-4.00366 -3.00114  1.09302[0;31m collide!!!!! [0m
[33m[WARN] [1790604742.135081296, 21.922000000]: id:1 Infeasible1! DTG refuse to update![0m
-4.00061  2.99591  1.09778[0;31m collide!!!!! [0m
[33m[WARN] [1790604742.244340607, 21.922000000]: id:2 Infeasible1! DTG refuse to update![0m
-1;9  -1.95  6.15  3.05origin: 40 120  30   -1 6.2 3.1 ..10  2  1
667 10
-1;9  -1.85  6.15  3.05origin: 40 120  30   -1 6.2 3.1 ..10  2  1
667 11
-1;9  -1.75  6.15  3.05origin: 40 120  30   -1 6.2 3.1 ..10  2  1
667 12
-1;9  -1.65  6.15  3.05origin: 40 120  30   -1 6.2 3.1 ..10  2  1
667 13
-1;9  -1.55  6.15  3.05origin: 40 120  30   -1 6.2 3.1 ..10  2  1
667 14
-1;9  -1.45  6.15  3.05origin: 40 120  30   -1 6.2 3.1 ..10  2  1
667 15
-1;9  -1.35  6.15  3.05origin: 40 120  30   -1 6.2 3.1 ..10  2  1
667 16
-1;9  -1.25  6.15  3.05origin: 40 120  30   -1 6.2 3.1 ..10  2  1
667 17
-1;9  -1.15  6.15  3.05origin: 40 120  30   -1 6.2 3.1 ..10  2  1
667 18
-1;9  -1.05  6.15  3.05origin: 40 120  30   -1 6.2 3.1 ..10  2  1
667 19
-3.99972 -3.00947  1.12636[0;31m collide!!!!! [0m
[33m[WARN] [1790604742.791927555, 22.458999999]: id:1 Infeasible1! DTG refuse to update![0m
-4.00003  2.99462  1.12829[0;31m collide!!!!! [0m
[33m[WARN] [1790604742.902451873, 22.917999999]: id:2 Infeasible1! DTG refuse to update![0m
-1;9  -2.95  6.15  3.05origin: 30 120  30   -2 6.2 3.1 ..10  2  1
666 10
-1;9  -2.85  6.15  3.05origin: 30 120  30   -2 6.2 3.1 ..10  2  1
666 11
-1;9  -2.75  6.15  3.05origin: 30 120  30   -2 6.2 3.1 ..10  2  1
666 12
-1;9  -2.65  6.15  3.05origin: 30 120  30   -2 6.2 3.1 ..10  2  1
666 13
-1;9  -2.55  6.15  3.05origin: 30 120  30   -2 6.2 3.1 ..10  2  1
666 14
-1;9  -2.45  6.15  3.05origin: 30 120  30   -2 6.2 3.1 ..10  2  1
666 15
-1;9  -2.35  6.15  3.05origin: 30 120  30   -2 6.2 3.1 ..10  2  1
666 16
-1;9  -2.25  6.15  3.05origin: 30 120  30   -2 6.2 3.1 ..10  2  1
666 17
-1;9  -2.15  6.15  3.05origin: 30 120  30   -2 6.2 3.1 ..10  2  1
666 18
-1;9  -2.05  6.15  3.05origin: 30 120  30   -2 6.2 3.1 ..10  2  1
666 19
-4.00053  -3.0069  1.03405[0;31m collide!!!!! [0m
[33m[WARN] [1790604743.012085704, 22.917999999]: id:1 Infeasible1! DTG refuse to update![0m
 -3.9972 -3.00059  1.08591[0;31m collide!!!!! [0m
[33m[WARN] [1790604743.467915005, 23.371999999]: id:1 Infeasible1! DTG refuse to update![0m
-3.99674  2.99676  1.10615[0;31m collide!!!!! [0m
[33m[WARN] [1790604743.582915644, 23.371999999]: id:2 Infeasible1! DTG refuse to update![0m
-1;9  -2.95  6.15  3.05origin: 30 120  30   -2 6.2 3.1 ..10  2  1
666 10
-1;9  -2.85  6.15  3.05origin: 30 120  30   -2 6.2 3.1 ..10  2  1
666 11
-1;9  -2.75  6.15  3.05origin: 30 120  30   -2 6.2 3.1 ..10  2  1
666 12
-1;9  -2.65  6.15  3.05origin: 30 120  30   -2 6.2 3.1 ..10  2  1
666 13
-1;9  -2.55  6.15  3.05origin: 30 120  30   -2 6.2 3.1 ..10  2  1
666 14
-1;9  -2.45  6.15  3.05origin: 30 120  30   -2 6.2 3.1 ..10  2  1
666 15
-1;9  -2.35  6.15  3.05origin: 30 120  30   -2 6.2 3.1 ..10  2  1
666 16
-1;9  -2.25  6.15  3.05origin: 30 120  30   -2 6.2 3.1 ..10  2  1
666 17
-1;9  -2.15  6.15  3.05origin: 30 120  30   -2 6.2 3.1 ..10  2  1
666 18
-1;9  -2.05  6.15  3.05origin: 30 120  30   -2 6.2 3.1 ..10  2  1
666 19
-3.98978 -2.99362  1.15905[0;31m collide!!!!! [0m
[33m[WARN] [1790604743.914335187, 23.826000000]: id:1 Infeasible1! DTG refuse to update![0m
-3.99336  2.99843  1.16271[0;31m collide!!!!! [0m
[33m[WARN] [1790604744.022599251, 23.826000000]: id:2 Infeasible1! DTG refuse to update![0m
[0;44m id:1 Partition[0m
-1;9  -1.95  6.15  3.05origin: 40 120  30   -1 6.2 3.1 ..10  2  1
667 10
[33m[WARN] [1790604744.239890426, 24.274999999]: id:1 LocalGVP![0m
-1;9  -1.85  6.15  3.05origin: 40 120  30   -1 6.2 3.1 ..10  2  1
667 11
-1;9  -1.75  6.15  3.05origin: 40 120  30   -1 6.2 3.1 ..10  2  1
667 12
-1;9  -1.65  6.15  3.05origin: 40 120  30   -1 6.2 3.1 ..10  2  1
667 13
-1;9  -1.55  6.15  3.05origin: 40 120  30   -1 6.2 3.1 ..10  2  1
667 14
-1;9  -1.45  6.15  3.05origin: 40 120  30   -1 6.2 3.1 ..10  2  1
667 15
-1;9  -1.35  6.15  3.05origin: 40 120  30   -1 6.2 3.1 ..10  2  1
667 16
-1;9  -1.25  6.15  3.05origin: 40 120  30   -1 6.2 3.1 ..10  2  1
667 17
-1;9  -1.15  6.15  3.05origin: 40 120  30   -1 6.2 3.1 ..10  2  1
667 18
-1;9  -1.05  6.15  3.05origin: 40 120  30   -1 6.2 3.1 ..10  2  1
667 19
[0;44m id:2 Partition[0m
[33m[WARN] [1790604744.243540875, 24.274999999]: id:2 LocalGVP![0m
-3.99387 -2.99649  1.18795[0;31m collide!!!!! [0m
[33m[WARN] [1790604744.358113966, 24.274999999]: id:1 Infeasible1! DTG refuse to update![0m
-3.99538  2.99721  1.19444[0;31m collide!!!!! [0m
[33m[WARN] [1790604744.465926137, 24.274999999]: id:2 Infeasible1! DTG refuse to update![0m
-1;9  -2.95  6.15  3.05origin: 30 120  30   -2 6.2 3.1 ..10  2  1
666 10
-1;9  -2.85  6.15  3.05origin: 30 120  30   -2 6.2 3.1 ..10  2  1
666 11
-1;9  -2.75  6.15  3.05origin: 30 120  30   -2 6.2 3.1 ..10  2  1
666 12
-1;9  -2.65  6.15  3.05origin: 30 120  30   -2 6.2 3.1 ..10  2  1
666 13
-1;9  -2.55  6.15  3.05origin: 30 120  30   -2 6.2 3.1 ..10  2  1
666 14
-1;9  -2.45  6.15  3.05origin: 30 120  30   -2 6.2 3.1 ..10  2  1
666 15
-1;9  -2.35  6.15  3.05origin: 30 120  30   -2 6.2 3.1 ..10  2  1
666 16
-1;9  -2.25  6.15  3.05origin: 30 120  30   -2 6.2 3.1 ..10  2  1
666 17
-1;9  -2.15  6.15  3.05origin: 30 120  30   -2 6.2 3.1 ..10  2  1
666 18
-1;9  -2.05  6.15  3.05origin: 30 120  30   -2 6.2 3.1 ..10  2  1
666 19
-4.00795  2.99696  1.19979[0;31m collide!!!!! [0m
[33m[WARN] [1790604745.134797823, 24.829000000]: id:2 Infeasible1! DTG refuse to update![0m
-4.00463 -2.99053  1.19668[0;31m collide!!!!! [0m
[33m[WARN] [1790604745.243643802, 24.829000000]: id:1 Infeasible1! DTG refuse to update![0m
-1;9  -1.95  6.15  3.05origin: 40 120  30   -1 6.2 3.1 ..10  2  1
667 10
-1;9  -1.85  6.15  3.05origin: 40 120  30   -1 6.2 3.1 ..10  2  1
667 11
-1;9  -1.75  6.15  3.05origin: 40 120  30   -1 6.2 3.1 ..10  2  1
667 12
-1;9  -1.65  6.15  3.05origin: 40 120  30   -1 6.2 3.1 ..10  2  1
667 13
-1;9  -1.55  6.15  3.05origin: 40 120  30   -1 6.2 3.1 ..10  2  1
667 14
-1;9  -1.45  6.15  3.05origin: 40 120  30   -1 6.2 3.1 ..10  2  1
667 15
-1;9  -1.35  6.15  3.05origin: 40 120  30   -1 6.2 3.1 ..10  2  1
667 16
-1;9  -1.25  6.15  3.05origin: 40 120  30   -1 6.2 3.1 ..10  2  1
667 17
-1;9  -1.15  6.15  3.05origin: 40 120  30   -1 6.2 3.1 ..10  2  1
667 18
-1;9  -1.05  6.15  3.05origin: 40 120  30   -1 6.2 3.1 ..10  2  1
667 19
 -3.9979 -3.00226  1.01347[0;31m collide!!!!! [0m
[33m[WARN] [1790604745.465835842, 25.286000000]: id:1 Infeasible1! DTG refuse to update![0m
-4.00133  2.99963  1.05191[0;31m collide!!!!! [0m
[33m[WARN] [1790604745.810355350, 25.734999999]: id:2 Infeasible1! DTG refuse to update![0m
-1;9  -1.95  6.15  3.05origin: 40 120  30   -1 6.2 3.1 ..10  2  1
667 10
-1;9  -1.85  6.15  3.05origin: 40 120  30   -1 6.2 3.1 ..10  2  1
667 11
-1;9  -1.75  6.15  3.05origin: 40 120  30   -1 6.2 3.1 ..10  2  1
667 12
-1;9  -1.65  6.15  3.05origin: 40 120  30   -1 6.2 3.1 ..10  2  1
667 13
-1;9  -1.55  6.15  3.05origin: 40 120  30   -1 6.2 3.1 ..10  2  1
667 14
-1;9  -1.45  6.15  3.05origin: 40 120  30   -1 6.2 3.1 ..10  2  1
667 15
-1;9  -1.35  6.15  3.05origin: 40 120  30   -1 6.2 3.1 ..10  2  1
667 16
-1;9  -1.25  6.15  3.05origin: 40 120  30   -1 6.2 3.1 ..10  2  1
667 17
-1;9  -1.15  6.15  3.05origin: 40 120  30   -1 6.2 3.1 ..10  2  1
667 18
-1;9  -1.05  6.15  3.05origin: 40 120  30   -1 6.2 3.1 ..10  2  1
667 19
-3.99987 -2.99509  1.05181[0;31m collide!!!!! [0m
[33m[WARN] [1790604745.925860615, 25.734999999]: id:1 Infeasible1! DTG refuse to update![0m
-3.99186  3.00429  1.12755[0;31m collide!!!!! [0m
[33m[WARN] [1790604746.255178692, 26.190000000]: id:2 Infeasible1! DTG refuse to update![0m
-1;9  -1.95  6.15  3.05origin: 40 120  30   -1 6.2 3.1 ..10  2  1
667 10
-1;9  -1.85  6.15  3.05origin: 40 120  30   -1 6.2 3.1 ..10  2  1
667 11
-1;9  -1.75  6.15  3.05origin: 40 120  30   -1 6.2 3.1 ..10  2  1
667 12
-1;9  -1.65  6.15  3.05origin: 40 120  30   -1 6.2 3.1 ..10  2  1
667 13
-1;9  -1.55  6.15  3.05origin: 40 120  30   -1 6.2 3.1 ..10  2  1
667 14
-1;9  -1.45  6.15  3.05origin: 40 120  30   -1 6.2 3.1 ..10  2  1
667 15
-1;9  -1.35  6.15  3.05origin: 40 120  30   -1 6.2 3.1 ..10  2  1
667 16
-1;9  -1.25  6.15  3.05origin: 40 120  30   -1 6.2 3.1 ..10  2  1
667 17
-1;9  -1.15  6.15  3.05origin: 40 120  30   -1 6.2 3.1 ..10  2  1
667 18
-1;9  -1.05  6.15  3.05origin: 40 120  30   -1 6.2 3.1 ..10  2  1
667 19
 -4.0055 -3.00676  1.12996[0;31m collide!!!!! [0m
[33m[WARN] [1790604746.373445963, 26.190000000]: id:1 Infeasible1! DTG refuse to update![0m
-4.00468  3.00165  1.18409[0;31m collide!!!!! [0m
[33m[WARN] [1790604746.704767541, 26.644999999]: id:2 Infeasible1! DTG refuse to update![0m
-1;9  -1.95  6.15  3.05origin: 40 120  30   -1 6.2 3.1 ..10  2  1
667 10
-1;9  -1.85  6.15  3.05origin: 40 120  30   -1 6.2 3.1 ..10  2  1
667 11
-1;9  -1.75  6.15  3.05origin: 40 120  30   -1 6.2 3.1 ..10  2  1
667 12
-1;9  -1.65  6.15  3.05origin: 40 120  30   -1 6.2 3.1 ..10  2  1
667 13
-1;9  -1.55  6.15  3.05origin: 40 120  30   -1 6.2 3.1 ..10  2  1
667 14
-1;9  -1.45  6.15  3.05origin: 40 120  30   -1 6.2 3.1 ..10  2  1
667 15
-1;9  -1.35  6.15  3.05origin: 40 120  30   -1 6.2 3.1 ..10  2  1
667 16
-1;9  -1.25  6.15  3.05origin: 40 120  30   -1 6.2 3.1 ..10  2  1
667 17
-1;9  -1.15  6.15  3.05origin: 40 120  30   -1 6.2 3.1 ..10  2  1
667 18
-1;9  -1.05  6.15  3.05origin: 40 120  30   -1 6.2 3.1 ..10  2  1
667 19
-3.99991 -3.00025   1.1883[0;31m collide!!!!! [0m
[33m[WARN] [1790604746.818032020, 26.644999999]: id:1 Infeasible1! DTG refuse to update![0m
-4.00114 -3.00606  1.20345[0;31m collide!!!!! [0m
[33m[WARN] [1790604747.267600984, 27.100000000]: id:1 Infeasible1! DTG refuse to update![0m
[0;44m id:1 Partition[0m
[33m[WARN] [1790604747.597751352, 27.562000000]: id:1 LocalGVP![0m
-3.99516  3.00073  1.20792[0;31m collide!!!!! [0m
[33m[WARN] [1790604747.599199242, 27.562000000]: id:2 Infeasible1! DTG refuse to update![0m
[0;44m id:2 Partition[0m
[33m[WARN] [1790604747.600794664, 27.562000000]: id:2 LocalGVP![0m
-3.99797  -2.9991  1.19825[0;31m collide!!!!! [0m
[33m[WARN] [1790604747.710356293, 27.562000000]: id:1 Infeasible1! DTG refuse to update![0m
-3.99985  3.00171  1.20366[0;31m collide!!!!! [0m
[33m[WARN] [1790604748.044422826, 28.010999999]: id:2 Infeasible1! DTG refuse to update![0m
 -3.9961 -2.99538  1.19938[0;31m collide!!!!! [0m
[33m[WARN] [1790604748.155173049, 28.010999999]: id:1 Infeasible1! DTG refuse to update![0m
-3.9952 2.99704  1.2081[0;31m collide!!!!! [0m
[33m[WARN] [1790604748.500507672, 28.472999999]: id:2 Infeasible1! DTG refuse to update![0m
-1;9  -1.95  6.15  3.05origin: 40 120  30   -1 6.2 3.1 ..10  2  1
667 10
-1;9  -1.85  6.15  3.05origin: 40 120  30   -1 6.2 3.1 ..10  2  1
667 11
-1;9  -1.75  6.15  3.05origin: 40 120  30   -1 6.2 3.1 ..10  2  1
667 12
-1;9  -1.65  6.15  3.05origin: 40 120  30   -1 6.2 3.1 ..10  2  1
667 13
-1;9  -1.55  6.15  3.05origin: 40 120  30   -1 6.2 3.1 ..10  2  1
667 14
-1;9  -1.45  6.15  3.05origin: 40 120  30   -1 6.2 3.1 ..10  2  1
667 15
-1;9  -1.35  6.15  3.05origin: 40 120  30   -1 6.2 3.1 ..10  2  1
667 16
-1;9  -1.25  6.15  3.05origin: 40 120  30   -1 6.2 3.1 ..10  2  1
667 17
-1;9  -1.15  6.15  3.05origin: 40 120  30   -1 6.2 3.1 ..10  2  1
667 18
-1;9  -1.05  6.15  3.05origin: 40 120  30   -1 6.2 3.1 ..10  2  1
667 19
-3.99131 -2.99876  1.20225[0;31m collide!!!!! [0m
[33m[WARN] [1790604748.611261437, 28.472999999]: id:1 Infeasible1! DTG refuse to update![0m
  -4.001 -2.99207  1.20589[0;31m collide!!!!! [0m
[33m[WARN] [1790604749.058988648, 28.932999999]: id:1 Infeasible1! DTG refuse to update![0m
-3.99426   3.0017   1.1995[0;31m collide!!!!! [0m
[33m[WARN] [1790604749.175223445, 28.932999999]: id:2 Infeasible1! DTG refuse to update![0m
-1;9  -1.95  6.15  3.05origin: 40 120  30   -1 6.2 3.1 ..10  2  1
667 10
-1;9  -1.85  6.15  3.05origin: 40 120  30   -1 6.2 3.1 ..10  2  1
667 11
-1;9  -1.75  6.15  3.05origin: 40 120  30   -1 6.2 3.1 ..10  2  1
667 12
-1;9  -1.65  6.15  3.05origin: 40 120  30   -1 6.2 3.1 ..10  2  1
667 13
-1;9  -1.55  6.15  3.05origin: 40 120  30   -1 6.2 3.1 ..10  2  1
667 14
-1;9  -1.45  6.15  3.05origin: 40 120  30   -1 6.2 3.1 ..10  2  1
667 15
-1;9  -1.35  6.15  3.05origin: 40 120  30   -1 6.2 3.1 ..10  2  1
667 16
-1;9  -1.25  6.15  3.05origin: 40 120  30   -1 6.2 3.1 ..10  2  1
667 17
-1;9  -1.15  6.15  3.05origin: 40 120  30   -1 6.2 3.1 ..10  2  1
667 18
-1;9  -1.05  6.15  3.05origin: 40 120  30   -1 6.2 3.1 ..10  2  1
667 19
-3.99137 -2.99416  1.20453[0;31m collide!!!!! [0m
[33m[WARN] [1790604749.506981741, 29.387000000]: id:1 Infeasible1! DTG refuse to update![0m
-4.00262  3.00161  1.19929[0;31m collide!!!!! [0m
[33m[WARN] [1790604749.622228294, 29.396000000]: id:2 Infeasible1! DTG refuse to update![0m
-1;9  -1.95  6.15  3.05origin: 40 120  30   -1 6.2 3.1 ..10  2  1
667 10
-1;9  -1.85  6.15  3.05origin: 40 120  30   -1 6.2 3.1 ..10  2  1
667 11
-1;9  -1.75  6.15  3.05origin: 40 120  30   -1 6.2 3.1 ..10  2  1
667 12
-1;9  -1.65  6.15  3.05origin: 40 120  30   -1 6.2 3.1 ..10  2  1
667 13
-1;9  -1.55  6.15  3.05origin: 40 120  30   -1 6.2 3.1 ..10  2  1
667 14
-1;9  -1.45  6.15  3.05origin: 40 120  30   -1 6.2 3.1 ..10  2  1
667 15
-1;9  -1.35  6.15  3.05origin: 40 120  30   -1 6.2 3.1 ..10  2  1
667 16
-1;9  -1.25  6.15  3.05origin: 40 120  30   -1 6.2 3.1 ..10  2  1
667 17
-1;9  -1.15  6.15  3.05origin: 40 120  30   -1 6.2 3.1 ..10  2  1
667 18
-1;9  -1.05  6.15  3.05origin: 40 120  30   -1 6.2 3.1 ..10  2  1
667 19
 -3.9994 -2.99816   1.1957[0;31m collide!!!!! [0m
[33m[WARN] [1790604750.180171876, 29.843000000]: id:1 Infeasible1! DTG refuse to update![0m
[0;44m id:1 Partition[0m
[33m[WARN] [1790604750.519448430, 30.402000000]: id:1 LocalGVP![0m
-4.00499  3.00499  1.20526[0;31m collide!!!!! [0m
[33m[WARN] [1790604750.520157951, 30.402000000]: id:2 Infeasible1! DTG refuse to update![0m
-1;9  -1.95  6.15  3.05origin: 40 120  30   -1 6.2 3.1 ..10  2  1
667 10
-1;9  -1.85  6.15  3.05origin: 40 120  30   -1 6.2 3.1 ..10  2  1
667 11
-1;9  -1.75  6.15  3.05origin: 40 120  30   -1 6.2 3.1 ..10  2  1
667 12
-1;9  -1.65  6.15  3.05origin: 40 120  30   -1 6.2 3.1 ..10  2  1
667 13
-1;9  -1.55  6.15  3.05origin: 40 120  30   -1 6.2 3.1 ..10  2  1
667 14
-1;9  -1.45  6.15  3.05origin: 40 120  30   -1 6.2 3.1 ..10  2  1
667 15
-1;9  -1.35  6.15  3.05origin: 40 120  30   -1 6.2 3.1 ..10  2  1
667 16
-1;9  -1.25  6.15  3.05origin: 40 120  30   -1 6.2 3.1 ..10  2  1
667 17
-1;9  -1.15  6.15  3.05origin: 40 120  30   -1 6.2 3.1 ..10  2  1
667 18
-1;9  -1.05  6.15  3.05origin: 40 120  30   -1 6.2 3.1 ..10  2  1
667 19
[0;44m id:2 Partition[0m
[33m[WARN] [1790604750.524246495, 30.402000000]: id:2 LocalGVP![0m
-3.99707 -3.00534  1.20221[0;31m collide!!!!! [0m
[33m[WARN] [1790604750.629841057, 30.402000000]: id:1 Infeasible1! DTG refuse to update![0m
-3.99816  3.00652  1.02906[0;31m collide!!!!! [0m
[33m[WARN] [1790604751.446807545, 31.324999999]: id:2 Infeasible1! DTG refuse to update![0m
-1;9  -1.95  6.15  3.05origin: 40 120  30   -1 6.2 3.1 ..10  2  1
667 10
-1;9  -1.85  6.15  3.05origin: 40 120  30   -1 6.2 3.1 ..10  2  1
667 11
-1;9  -1.75  6.15  3.05origin: 40 120  30   -1 6.2 3.1 ..10  2  1
667 12
-1;9  -1.65  6.15  3.05origin: 40 120  30   -1 6.2 3.1 ..10  2  1
667 13
-1;9  -1.55  6.15  3.05origin: 40 120  30   -1 6.2 3.1 ..10  2  1
667 14
-1;9  -1.45  6.15  3.05origin: 40 120  30   -1 6.2 3.1 ..10  2  1
667 15
-1;9  -1.35  6.15  3.05origin: 40 120  30   -1 6.2 3.1 ..10  2  1
667 16
-1;9  -1.25  6.15  3.05origin: 40 120  30   -1 6.2 3.1 ..10  2  1
667 17
-1;9  -1.15  6.15  3.05origin: 40 120  30   -1 6.2 3.1 ..10  2  1
667 18
-1;9  -1.05  6.15  3.05origin: 40 120  30   -1 6.2 3.1 ..10  2  1
667 19
 -3.9903 -2.99729  1.02565[0;31m collide!!!!! [0m
[33m[WARN] [1790604751.569834403, 31.324999999]: id:1 Infeasible1! DTG refuse to update![0m
-3.99999 -2.99753  1.12705[0;31m collide!!!!! [0m
[33m[WARN] [1790604752.021391944, 31.778999999]: id:1 Infeasible1! DTG refuse to update![0m
-3.98836  3.00559  1.18999[0;31m collide!!!!! [0m
[33m[WARN] [1790604752.357977111, 32.241999999]: id:2 Infeasible1! DTG refuse to update![0m
-1;9  -1.95  6.15  3.05origin: 40 120  30   -1 6.2 3.1 ..10  2  1
667 10
-1;9  -1.85  6.15  3.05origin: 40 120  30   -1 6.2 3.1 ..10  2  1
667 11
-1;9  -1.75  6.15  3.05origin: 40 120  30   -1 6.2 3.1 ..10  2  1
667 12
-1;9  -1.65  6.15  3.05origin: 40 120  30   -1 6.2 3.1 ..10  2  1
667 13
-1;9  -1.55  6.15  3.05origin: 40 120  30   -1 6.2 3.1 ..10  2  1
667 14
-1;9  -1.45  6.15  3.05origin: 40 120  30   -1 6.2 3.1 ..10  2  1
667 15
-1;9  -1.35  6.15  3.05origin: 40 120  30   -1 6.2 3.1 ..10  2  1
667 16
-1;9  -1.25  6.15  3.05origin: 40 120  30   -1 6.2 3.1 ..10  2  1
667 17
-1;9  -1.15  6.15  3.05origin: 40 120  30   -1 6.2 3.1 ..10  2  1
667 18
-1;9  -1.05  6.15  3.05origin: 40 120  30   -1 6.2 3.1 ..10  2  1
667 19
-4.00497 -3.00948  1.17525[0;31m collide!!!!! [0m
[33m[WARN] [1790604752.468086972, 32.241999999]: id:1 Infeasible1! DTG refuse to update![0m
-3.98836  3.00559  1.18999[0;31m collide!!!!! [0m
[33m[WARN] [1790604752.578468552, 32.241999999]: id:2 Infeasible1! DTG refuse to update![0m
-3.99721 -3.00484  1.20592[0;31m collide!!!!! [0m
[33m[WARN] [1790604752.915495856, 32.706000000]: id:1 Infeasible1! DTG refuse to update![0m
-4.00079  2.99019  1.20746[0;31m collide!!!!! [0m
[33m[WARN] [1790604753.250758571, 33.167000000]: id:2 Infeasible1! DTG refuse to update![0m
-1;9  -1.95  6.15  3.05origin: 40 120  30   -1 6.2 3.1 ..10  2  1
667 10
-1;9  -1.85  6.15  3.05origin: 40 120  30   -1 6.2 3.1 ..10  2  1
667 11
-1;9  -1.75  6.15  3.05origin: 40 120  30   -1 6.2 3.1 ..10  2  1
667 12
-1;9  -1.65  6.15  3.05origin: 40 120  30   -1 6.2 3.1 ..10  2  1
667 13
-1;9  -1.55  6.15  3.05origin: 40 120  30   -1 6.2 3.1 ..10  2  1
667 14
-1;9  -1.45  6.15  3.05origin: 40 120  30   -1 6.2 3.1 ..10  2  1
667 15
-1;9  -1.35  6.15  3.05origin: 40 120  30   -1 6.2 3.1 ..10  2  1
667 16
-1;9  -1.25  6.15  3.05origin: 40 120  30   -1 6.2 3.1 ..10  2  1
667 17
-1;9  -1.15  6.15  3.05origin: 40 120  30   -1 6.2 3.1 ..10  2  1
667 18
-1;9  -1.05  6.15  3.05origin: 40 120  30   -1 6.2 3.1 ..10  2  1
667 19
-4.00487 -3.00186  1.20058[0;31m collide!!!!! [0m
[33m[WARN] [1790604753.364406992, 33.167000000]: id:1 Infeasible1! DTG refuse to update![0m
[0;44m id:1 Partition[0m
[33m[WARN] [1790604753.710452803, 33.642000000]: id:1 LocalGVP![0m
-3.99804  3.00609  1.20892[0;31m collide!!!!! [0m
[33m[WARN] [1790604753.712180708, 33.642000000]: id:2 Infeasible1! DTG refuse to update![0m
-1;9  -1.95  6.15  3.05origin: 40 120  30   -1 6.2 3.1 ..10  2  1
667 10
-1;9  -1.85  6.15  3.05origin: 40 120  30   -1 6.2 3.1 ..10  2  1
667 11
-1;9  -1.75  6.15  3.05origin: 40 120  30   -1 6.2 3.1 ..10  2  1
667 12
-1;9  -1.65  6.15  3.05origin: 40 120  30   -1 6.2 3.1 ..10  2  1
667 13
-1;9  -1.55  6.15  3.05origin: 40 120  30   -1 6.2 3.1 ..10  2  1
667 14
-1;9  -1.45  6.15  3.05origin: 40 120  30   -1 6.2 3.1 ..10  2  1
667 15
-1;9  -1.35  6.15  3.05origin: 40 120  30   -1 6.2 3.1 ..10  2  1
667 16
-1;9  -1.25  6.15  3.05origin: 40 120  30   -1 6.2 3.1 ..10  2  1
667 17
-1;9  -1.15  6.15  3.05origin: 40 120  30   -1 6.2 3.1 ..10  2  1
667 18
-1;9  -1.05  6.15  3.05origin: 40 120  30   -1 6.2 3.1 ..10  2  1
667 19
[0;44m id:2 Partition[0m
[33m[WARN] [1790604753.716737027, 33.642000000]: id:2 LocalGVP![0m
-4.00565 -3.00642  1.20342[0;31m collide!!!!! [0m
[33m[WARN] [1790604753.824834174, 33.642000000]: id:1 Infeasible1! DTG refuse to update![0m
-4.01025  2.99947  1.20683[0;31m collide!!!!! [0m
[33m[WARN] [1790604753.938127584, 33.642000000]: id:2 Infeasible1! DTG refuse to update![0m
-1;9  -1.95  6.15  3.05origin: 40 120  30   -1 6.2 3.1 ..10  2  1
667 10
-1;9  -1.85  6.15  3.05origin: 40 120  30   -1 6.2 3.1 ..10  2  1
667 11
-1;9  -1.75  6.15  3.05origin: 40 120  30   -1 6.2 3.1 ..10  2  1
667 12
-1;9  -1.65  6.15  3.05origin: 40 120  30   -1 6.2 3.1 ..10  2  1
667 13
-1;9  -1.55  6.15  3.05origin: 40 120  30   -1 6.2 3.1 ..10  2  1
667 14
-1;9  -1.45  6.15  3.05origin: 40 120  30   -1 6.2 3.1 ..10  2  1
667 15
-1;9  -1.35  6.15  3.05origin: 40 120  30   -1 6.2 3.1 ..10  2  1
667 16
-1;9  -1.25  6.15  3.05origin: 40 120  30   -1 6.2 3.1 ..10  2  1
667 17
-1;9  -1.15  6.15  3.05origin: 40 120  30   -1 6.2 3.1 ..10  2  1
667 18
-1;9  -1.05  6.15  3.05origin: 40 120  30   -1 6.2 3.1 ..10  2  1
667 19
-4.00054  -2.9972   1.1997[0;31m collide!!!!! [0m
[33m[WARN] [1790604754.275995058, 34.101999999]: id:1 Infeasible1! DTG refuse to update![0m
-4.00315  3.00106  1.20349[0;31m collide!!!!! [0m
[33m[WARN] [1790604754.392418866, 34.101999999]: id:2 Infeasible1! DTG refuse to update![0m
-1;9  -1.95  6.15  3.05origin: 40 120  30   -1 6.2 3.1 ..10  2  1
667 10
-1;9  -1.85  6.15  3.05origin: 40 120  30   -1 6.2 3.1 ..10  2  1
667 11
-1;9  -1.75  6.15  3.05origin: 40 120  30   -1 6.2 3.1 ..10  2  1
667 12
-1;9  -1.65  6.15  3.05origin: 40 120  30   -1 6.2 3.1 ..10  2  1
667 13
-1;9  -1.55  6.15  3.05origin: 40 120  30   -1 6.2 3.1 ..10  2  1
667 14
-1;9  -1.45  6.15  3.05origin: 40 120  30   -1 6.2 3.1 ..10  2  1
667 15
-1;9  -1.35  6.15  3.05origin: 40 120  30   -1 6.2 3.1 ..10  2  1
667 16
-1;9  -1.25  6.15  3.05origin: 40 120  30   -1 6.2 3.1 ..10  2  1
667 17
-1;9  -1.15  6.15  3.05origin: 40 120  30   -1 6.2 3.1 ..10  2  1
667 18
-1;9  -1.05  6.15  3.05origin: 40 120  30   -1 6.2 3.1 ..10  2  1
667 19
-4.00333 -2.99642  1.19937[0;31m collide!!!!! [0m
[33m[WARN] [1790604754.727990276, 34.558999999]: id:1 Infeasible1! DTG refuse to update![0m
-4.00911  2.99847  1.19514[0;31m collide!!!!! [0m
[33m[WARN] [1790604754.845939638, 34.569000000]: id:2 Infeasible1! DTG refuse to update![0m
-1;9  -1.95  6.15  3.05origin: 40 120  30   -1 6.2 3.1 ..10  2  1
667 10
-1;9  -1.85  6.15  3.05origin: 40 120  30   -1 6.2 3.1 ..10  2  1
667 11
-1;9  -1.75  6.15  3.05origin: 40 120  30   -1 6.2 3.1 ..10  2  1
667 12
-1;9  -1.65  6.15  3.05origin: 40 120  30   -1 6.2 3.1 ..10  2  1
667 13
-1;9  -1.55  6.15  3.05origin: 40 120  30   -1 6.2 3.1 ..10  2  1
667 14
-1;9  -1.45  6.15  3.05origin: 40 120  30   -1 6.2 3.1 ..10  2  1
667 15
-1;9  -1.35  6.15  3.05origin: 40 120  30   -1 6.2 3.1 ..10  2  1
667 16
-1;9  -1.25  6.15  3.05origin: 40 120  30   -1 6.2 3.1 ..10  2  1
667 17
-1;9  -1.15  6.15  3.05origin: 40 120  30   -1 6.2 3.1 ..10  2  1
667 18
-1;9  -1.05  6.15  3.05origin: 40 120  30   -1 6.2 3.1 ..10  2  1
667 19
-3.99922 -2.98979  1.19248[0;31m collide!!!!! [0m
[33m[WARN] [1790604755.186908830, 35.017000000]: id:1 Infeasible1! DTG refuse to update![0m
-3.99336   2.9924  1.20073[0;31m collide!!!!! [0m
[33m[WARN] [1790604755.296339101, 35.017000000]: id:2 Infeasible1! DTG refuse to update![0m
-3.99816   2.9974  1.20009[0;31m collide!!!!! [0m
[33m[WARN] [1790604755.747895600, 35.487999999]: id:2 Infeasible1! DTG refuse to update![0m
-1;9  -1.95  6.15  3.05origin: 40 120  30   -1 6.2 3.1 ..10  2  1
667 10
-1;9  -1.85  6.15  3.05origin: 40 120  30   -1 6.2 3.1 ..10  2  1
667 11
-1;9  -1.75  6.15  3.05origin: 40 120  30   -1 6.2 3.1 ..10  2  1
667 12
-1;9  -1.65  6.15  3.05origin: 40 120  30   -1 6.2 3.1 ..10  2  1
667 13
-1;9  -1.55  6.15  3.05origin: 40 120  30   -1 6.2 3.1 ..10  2  1
667 14
-1;9  -1.45  6.15  3.05origin: 40 120  30   -1 6.2 3.1 ..10  2  1
667 15
-1;9  -1.35  6.15  3.05origin: 40 120  30   -1 6.2 3.1 ..10  2  1
667 16
-1;9  -1.25  6.15  3.05origin: 40 120  30   -1 6.2 3.1 ..10  2  1
667 17
-1;9  -1.15  6.15  3.05origin: 40 120  30   -1 6.2 3.1 ..10  2  1
667 18
-1;9  -1.05  6.15  3.05origin: 40 120  30   -1 6.2 3.1 ..10  2  1
667 19
-4.00195 -3.00734  1.19898[0;31m collide!!!!! [0m
[33m[WARN] [1790604756.095964673, 35.487999999]: id:1 Infeasible1! DTG refuse to update![0m
-4.00271  3.00843  1.20237[0;31m collide!!!!! [0m
[33m[WARN] [1790604756.432309594, 36.057000000]: id:2 Infeasible1! DTG refuse to update![0m
 -3.9884 -3.00158  1.20112[0;31m collide!!!!! [0m
[33m[WARN] [1790604756.542229485, 36.057000000]: id:1 Infeasible1! DTG refuse to update![0m
[0;44m id:1 Partition[0m
[33m[WARN] [1790604756.651134827, 36.515999999]: id:1 LocalGVP![0m
-3.99415   3.0046  1.01532[0;31m collide!!!!! [0m
[33m[WARN] [1790604756.652414008, 36.515999999]: id:2 Infeasible1! DTG refuse to update![0m
-1;9  -1.95  6.15  3.05origin: 40 120  30   -1 6.2 3.1 ..10  2  1
667 10
-1;9  -1.85  6.15  3.05origin: 40 120  30   -1 6.2 3.1 ..10  2  1
667 11
-1;9  -1.75  6.15  3.05origin: 40 120  30   -1 6.2 3.1 ..10  2  1
667 12
-1;9  -1.65  6.15  3.05origin: 40 120  30   -1 6.2 3.1 ..10  2  1
667 13
-1;9  -1.55  6.15  3.05origin: 40 120  30   -1 6.2 3.1 ..10  2  1
667 14
-1;9  -1.45  6.15  3.05origin: 40 120  30   -1 6.2 3.1 ..10  2  1
667 15
-1;9  -1.35  6.15  3.05origin: 40 120  30   -1 6.2 3.1 ..10  2  1
667 16
-1;9  -1.25  6.15  3.05origin: 40 120  30   -1 6.2 3.1 ..10  2  1
667 17
-1;9  -1.15  6.15  3.05origin: 40 120  30   -1 6.2 3.1 ..10  2  1
667 18
-1;9  -1.05  6.15  3.05origin: 40 120  30   -1 6.2 3.1 ..10  2  1
667 19
[0;44m id:2 Partition[0m
[33m[WARN] [1790604756.657724746, 36.515999999]: id:2 LocalGVP![0m
-3.99551 -2.99982  1.02136[0;31m collide!!!!! [0m
[33m[WARN] [1790604756.770055633, 36.515999999]: id:1 Infeasible1! DTG refuse to update![0m
-4.00503  2.99751  1.05164[0;31m collide!!!!! [0m
[33m[WARN] [1790604757.108083896, 36.976999999]: id:2 Infeasible1! DTG refuse to update![0m
-1;9  -1.95  6.15  3.05origin: 40 120  30   -1 6.2 3.1 ..10  2  1
667 10
-1;9  -1.85  6.15  3.05origin: 40 120  30   -1 6.2 3.1 ..10  2  1
667 11
-1;9  -1.75  6.15  3.05origin: 40 120  30   -1 6.2 3.1 ..10  2  1
667 12
-1;9  -1.65  6.15  3.05origin: 40 120  30   -1 6.2 3.1 ..10  2  1
667 13
-1;9  -1.55  6.15  3.05origin: 40 120  30   -1 6.2 3.1 ..10  2  1
667 14
-1;9  -1.45  6.15  3.05origin: 40 120  30   -1 6.2 3.1 ..10  2  1
667 15
-1;9  -1.35  6.15  3.05origin: 40 120  30   -1 6.2 3.1 ..10  2  1
667 16
-1;9  -1.25  6.15  3.05origin: 40 120  30   -1 6.2 3.1 ..10  2  1
667 17
-1;9  -1.15  6.15  3.05origin: 40 120  30   -1 6.2 3.1 ..10  2  1
667 18
-1;9  -1.05  6.15  3.05origin: 40 120  30   -1 6.2 3.1 ..10  2  1
667 19
-3.99959 -2.99969  1.04746[0;31m collide!!!!! [0m
[33m[WARN] [1790604757.225613549, 36.976999999]: id:1 Infeasible1! DTG refuse to update![0m
-4.00385  3.00582  1.13754[0;31m collide!!!!! [0m
[33m[WARN] [1790604757.559267709, 37.436999999]: id:2 Infeasible1! DTG refuse to update![0m
-1;9  -1.95  6.15  3.05origin: 40 120  30   -1 6.2 3.1 ..10  2  1
667 10
-1;9  -1.85  6.15  3.05origin: 40 120  30   -1 6.2 3.1 ..10  2  1
667 11
-1;9  -1.75  6.15  3.05origin: 40 120  30   -1 6.2 3.1 ..10  2  1
667 12
-1;9  -1.65  6.15  3.05origin: 40 120  30   -1 6.2 3.1 ..10  2  1
667 13
-1;9  -1.55  6.15  3.05origin: 40 120  30   -1 6.2 3.1 ..10  2  1
667 14
-1;9  -1.45  6.15  3.05origin: 40 120  30   -1 6.2 3.1 ..10  2  1
667 15
-1;9  -1.35  6.15  3.05origin: 40 120  30   -1 6.2 3.1 ..10  2  1
667 16
-1;9  -1.25  6.15  3.05origin: 40 120  30   -1 6.2 3.1 ..10  2  1
667 17
-1;9  -1.15  6.15  3.05origin: 40 120  30   -1 6.2 3.1 ..10  2  1
667 18
-1;9  -1.05  6.15  3.05origin: 40 120  30   -1 6.2 3.1 ..10  2  1
667 19
-3.99799 -3.00299  1.13516[0;31m collide!!!!! [0m
[33m[WARN] [1790604757.669663088, 37.436999999]: id:1 Infeasible1! DTG refuse to update![0m
-4.00495 -2.99523  1.18227[0;31m collide!!!!! [0m
[33m[WARN] [1790604758.136185107, 37.905999999]: id:1 Infeasible1! DTG refuse to update![0m
-3.99834  3.00051  1.18594[0;31m collide!!!!! [0m
[33m[WARN] [1790604758.529934050, 38.360999999]: id:2 Infeasible1! DTG refuse to update![0m
-1;9  -1.95  6.15  3.05origin: 40 120  30   -1 6.2 3.1 ..10  2  1
667 10
-1;9  -1.85  6.15  3.05origin: 40 120  30   -1 6.2 3.1 ..10  2  1
667 11
-1;9  -1.75  6.15  3.05origin: 40 120  30   -1 6.2 3.1 ..10  2  1
667 12
-1;9  -1.65  6.15  3.05origin: 40 120  30   -1 6.2 3.1 ..10  2  1
667 13
-1;9  -1.55  6.15  3.05origin: 40 120  30   -1 6.2 3.1 ..10  2  1
667 14
-1;9  -1.45  6.15  3.05origin: 40 120  30   -1 6.2 3.1 ..10  2  1
667 15
-1;9  -1.35  6.15  3.05origin: 40 120  30   -1 6.2 3.1 ..10  2  1
667 16
-1;9  -1.25  6.15  3.05origin: 40 120  30   -1 6.2 3.1 ..10  2  1
667 17
-1;9  -1.15  6.15  3.05origin: 40 120  30   -1 6.2 3.1 ..10  2  1
667 18
-1;9  -1.05  6.15  3.05origin: 40 120  30   -1 6.2 3.1 ..10  2  1
667 19
-1;9  -2.95  6.15  3.05origin: 30 120  30   -2 6.2 3.1 ..10  2  1
666 10
-1;9  -2.85  6.15  3.05origin: 30 120  30   -2 6.2 3.1 ..10  2  1
666 11
-1;9  -2.75  6.15  3.05origin: 30 120  30   -2 6.2 3.1 ..10  2  1
666 12
-1;9  -2.65  6.15  3.05origin: 30 120  30   -2 6.2 3.1 ..10  2  1
666 13
-1;9  -2.55  6.15  3.05origin: 30 120  30   -2 6.2 3.1 ..10  2  1
666 14
-1;9  -2.45  6.15  3.05origin: 30 120  30   -2 6.2 3.1 ..10  2  1
666 15
-1;9  -2.35  6.15  3.05origin: 30 120  30   -2 6.2 3.1 ..10  2  1
666 16
-1;9  -2.25  6.15  3.05origin: 30 120  30   -2 6.2 3.1 ..10  2  1
666 17
-1;9  -2.15  6.15  3.05origin: 30 120  30   -2 6.2 3.1 ..10  2  1
666 18
-1;9  -2.05  6.15  3.05origin: 30 120  30   -2 6.2 3.1 ..10  2  1
666 19
-3.99625 -3.00407  1.20787[0;31m collide!!!!! [0m
[33m[WARN] [1790604758.654198985, 38.360999999]: id:1 Infeasible1! DTG refuse to update![0m
-3.99698  3.00352  1.19688[0;31m collide!!!!! [0m
[33m[WARN] [1790604759.041675502, 38.831000000]: id:2 Infeasible1! DTG refuse to update![0m
-1;9  -1.95  6.15  3.05origin: 40 120  30   -1 6.2 3.1 ..10  2  1
667 10
-1;9  -1.85  6.15  3.05origin: 40 120  30   -1 6.2 3.1 ..10  2  1
667 11
-1;9  -1.75  6.15  3.05origin: 40 120  30   -1 6.2 3.1 ..10  2  1
667 12
-1;9  -1.65  6.15  3.05origin: 40 120  30   -1 6.2 3.1 ..10  2  1
667 13
-1;9  -1.55  6.15  3.05origin: 40 120  30   -1 6.2 3.1 ..10  2  1
667 14
-1;9  -1.45  6.15  3.05origin: 40 120  30   -1 6.2 3.1 ..10  2  1
667 15
-1;9  -1.35  6.15  3.05origin: 40 120  30   -1 6.2 3.1 ..10  2  1
667 16
-1;9  -1.25  6.15  3.05origin: 40 120  30   -1 6.2 3.1 ..10  2  1
667 17
-1;9  -1.15  6.15  3.05origin: 40 120  30   -1 6.2 3.1 ..10  2  1
667 18
-1;9  -1.05  6.15  3.05origin: 40 120  30   -1 6.2 3.1 ..10  2  1
667 19
-3.99049 -2.99177  1.20301[0;31m collide!!!!! [0m
[33m[WARN] [1790604759.167106102, 38.831000000]: id:1 Infeasible1! DTG refuse to update![0m
-4.00101  2.99175  1.20065[0;31m collide!!!!! [0m
[33m[WARN] [1790604759.541507918, 39.290999999]: id:2 Infeasible1! DTG refuse to update![0m
-1;9  -1.95  6.15  3.05origin: 40 120  30   -1 6.2 3.1 ..10  2  1
667 10
-1;9  -1.85  6.15  3.05origin: 40 120  30   -1 6.2 3.1 ..10  2  1
667 11
-1;9  -1.75  6.15  3.05origin: 40 120  30   -1 6.2 3.1 ..10  2  1
667 12
-1;9  -1.65  6.15  3.05origin: 40 120  30   -1 6.2 3.1 ..10  2  1
667 13
-1;9  -1.55  6.15  3.05origin: 40 120  30   -1 6.2 3.1 ..10  2  1
667 14
-1;9  -1.45  6.15  3.05origin: 40 120  30   -1 6.2 3.1 ..10  2  1
667 15
-1;9  -1.35  6.15  3.05origin: 40 120  30   -1 6.2 3.1 ..10  2  1
667 16
-1;9  -1.25  6.15  3.05origin: 40 120  30   -1 6.2 3.1 ..10  2  1
667 17
-1;9  -1.15  6.15  3.05origin: 40 120  30   -1 6.2 3.1 ..10  2  1
667 18
-1;9  -1.05  6.15  3.05origin: 40 120  30   -1 6.2 3.1 ..10  2  1
667 19
-3.99446 -3.00582  1.20386[0;31m collide!!!!! [0m
[33m[WARN] [1790604759.671876487, 39.290999999]: id:1 Infeasible1! DTG refuse to update![0m
[0;44m id:2 Partition[0m
[0;44m id:1 Partition[0m
[33m[WARN] [1790604760.047016421, 39.756999999]: id:1 LocalGVP![0m
[33m[WARN] [1790604760.046861302, 39.756999999]: id:2 LocalGVP![0m
-3.99997 -3.00441  1.20409[0;31m collide!!!!! [0m
[33m[WARN] [1790604760.174462363, 39.756999999]: id:1 Infeasible1! DTG refuse to update![0m
-3.9988 3.00538 1.20433[0;31m collide!!!!! [0m
[33m[WARN] [1790604760.300619201, 39.756999999]: id:2 Infeasible1! DTG refuse to update![0m
-1;9  -1.95  6.15  3.05origin: 40 120  30   -1 6.2 3.1 ..10  2  1
667 10
-1;9  -1.85  6.15  3.05origin: 40 120  30   -1 6.2 3.1 ..10  2  1
667 11
-1;9  -1.75  6.15  3.05origin: 40 120  30   -1 6.2 3.1 ..10  2  1
667 12
-1;9  -1.65  6.15  3.05origin: 40 120  30   -1 6.2 3.1 ..10  2  1
667 13
-1;9  -1.55  6.15  3.05origin: 40 120  30   -1 6.2 3.1 ..10  2  1
667 14
-1;9  -1.45  6.15  3.05origin: 40 120  30   -1 6.2 3.1 ..10  2  1
667 15
-1;9  -1.35  6.15  3.05origin: 40 120  30   -1 6.2 3.1 ..10  2  1
667 16
-1;9  -1.25  6.15  3.05origin: 40 120  30   -1 6.2 3.1 ..10  2  1
667 17
-1;9  -1.15  6.15  3.05origin: 40 120  30   -1 6.2 3.1 ..10  2  1
667 18
-1;9  -1.05  6.15  3.05origin: 40 120  30   -1 6.2 3.1 ..10  2  1
667 19
-4.00065 -3.00402   1.2039[0;31m collide!!!!! [0m
[33m[WARN] [1790604760.664746132, 40.284999999]: id:1 Infeasible1! DTG refuse to update![0m
-4.00788     3.01  1.19906[0;31m collide!!!!! [0m
[33m[WARN] [1790604760.782098529, 40.293999999]: id:2 Infeasible1! DTG refuse to update![0m
-4.00788     3.01  1.19906[0;31m collide!!!!! [0m
[33m[WARN] [1790604761.008248965, 40.804000000]: id:2 Infeasible1! DTG refuse to update![0m
-1;9  -1.95  6.15  3.05origin: 40 120  30   -1 6.2 3.1 ..10  2  1
667 10
-1;9  -1.85  6.15  3.05origin: 40 120  30   -1 6.2 3.1 ..10  2  1
667 11
-1;9  -1.75  6.15  3.05origin: 40 120  30   -1 6.2 3.1 ..10  2  1
667 12
-1;9  -1.65  6.15  3.05origin: 40 120  30   -1 6.2 3.1 ..10  2  1
667 13
-1;9  -1.55  6.15  3.05origin: 40 120  30   -1 6.2 3.1 ..10  2  1
667 14
-1;9  -1.45  6.15  3.05origin: 40 120  30   -1 6.2 3.1 ..10  2  1
667 15
-1;9  -1.35  6.15  3.05origin: 40 120  30   -1 6.2 3.1 ..10  2  1
667 16
-1;9  -1.25  6.15  3.05origin: 40 120  30   -1 6.2 3.1 ..10  2  1
667 17
-1;9  -1.15  6.15  3.05origin: 40 120  30   -1 6.2 3.1 ..10  2  1
667 18
-1;9  -1.05  6.15  3.05origin: 40 120  30   -1 6.2 3.1 ..10  2  1
667 19
-3.99993 -3.01278   1.1019[0;31m collide!!!!! [0m
[33m[WARN] [1790604761.354344509, 40.814999999]: id:1 Infeasible1! DTG refuse to update![0m
-3.9985 2.99992 1.01077[0;31m collide!!!!! [0m
[33m[WARN] [1790604761.916315313, 41.432999999]: id:2 Infeasible1! DTG refuse to update![0m
-3.99931 -3.00053  1.01496[0;31m collide!!!!! [0m
[33m[WARN] [1790604762.040957895, 41.432999999]: id:1 Infeasible1! DTG refuse to update![0m
-1;9  -2.95  6.15  3.05origin: 30 120  30   -2 6.2 3.1 ..10  2  1
666 10
-1;9  -2.85  6.15  3.05origin: 30 120  30   -2 6.2 3.1 ..10  2  1
666 11
-1;9  -2.75  6.15  3.05origin: 30 120  30   -2 6.2 3.1 ..10  2  1
666 12
-1;9  -2.65  6.15  3.05origin: 30 120  30   -2 6.2 3.1 ..10  2  1
666 13
-1;9  -2.55  6.15  3.05origin: 30 120  30   -2 6.2 3.1 ..10  2  1
666 14
-1;9  -2.45  6.15  3.05origin: 30 120  30   -2 6.2 3.1 ..10  2  1
666 15
-1;9  -2.35  6.15  3.05origin: 30 120  30   -2 6.2 3.1 ..10  2  1
666 16
-1;9  -2.25  6.15  3.05origin: 30 120  30   -2 6.2 3.1 ..10  2  1
666 17
-1;9  -2.15  6.15  3.05origin: 30 120  30   -2 6.2 3.1 ..10  2  1
666 18
-1;9  -2.05  6.15  3.05origin: 30 120  30   -2 6.2 3.1 ..10  2  1
666 19
[0;44m id:1 Partition[0m
[0;44m id:2 Partition[0m
[33m[WARN] [1790604762.640237302, 42.430999999]: id:2 LocalGVP![0m
[33m[WARN] [1790604762.640096315, 42.430999999]: id:1 LocalGVP![0m
-3.99109  2.99526 0.689021[0;31m collide!!!!! [0m
[33m[WARN] [1790604762.870692972, 42.444000000]: id:2 Infeasible1! DTG refuse to update![0m
-3.99766 -3.00126 0.698051[0;31m collide!!!!! [0m
[33m[WARN] [1790604762.983358277, 42.444000000]: id:1 Infeasible1! DTG refuse to update![0m
 -3.9929  3.00144 0.956447[0;34m New root [0m
[33m[WARN] [1790604763.096184036, 42.908000000]: id:2 Infeasible1! DTG refuse to update![0m
-1;9  -1.95  6.15  3.05origin: 40 120  30   -1 6.2 3.1 ..10  2  1
667 10
-1;9  -1.85  6.15  3.05origin: 40 120  30   -1 6.2 3.1 ..10  2  1
667 11
-1;9  -1.75  6.15  3.05origin: 40 120  30   -1 6.2 3.1 ..10  2  1
667 12
-1;9  -1.65  6.15  3.05origin: 40 120  30   -1 6.2 3.1 ..10  2  1
667 13
-1;9  -1.55  6.15  3.05origin: 40 120  30   -1 6.2 3.1 ..10  2  1
667 14
-1;9  -1.45  6.15  3.05origin: 40 120  30   -1 6.2 3.1 ..10  2  1
667 15
-1;9  -1.35  6.15  3.05origin: 40 120  30   -1 6.2 3.1 ..10  2  1
667 16
-1;9  -1.25  6.15  3.05origin: 40 120  30   -1 6.2 3.1 ..10  2  1
667 17
-1;9  -1.15  6.15  3.05origin: 40 120  30   -1 6.2 3.1 ..10  2  1
667 18
-1;9  -1.05  6.15  3.05origin: 40 120  30   -1 6.2 3.1 ..10  2  1
667 19
-4.00993 -3.00312 0.974349[0;34m New root [0m
[33m[WARN] [1790604763.215317282, 42.908000000]: id:1 Infeasible1! DTG refuse to update![0m
-4.00468  3.00156  1.14251[0;31m collide!!!!! [0m
[33m[WARN] [1790604763.552392360, 43.365000000]: id:2 Infeasible1! DTG refuse to update![0m
-4.00323 -3.00204  1.13995[0;31m collide!!!!! [0m
[33m[WARN] [1790604763.671977956, 43.365000000]: id:1 Infeasible1! DTG refuse to update![0m
-4.00274  2.99972  1.21511[0;31m collide!!!!! [0m
[33m[WARN] [1790604764.023644035, 43.851999999]: id:2 Infeasible1! DTG refuse to update![0m
-1;9  -1.95  6.15  3.05origin: 40 120  30   -1 6.2 3.1 ..10  2  1
667 10
-1;9  -1.85  6.15  3.05origin: 40 120  30   -1 6.2 3.1 ..10  2  1
667 11
-1;9  -1.75  6.15  3.05origin: 40 120  30   -1 6.2 3.1 ..10  2  1
667 12
-1;9  -1.65  6.15  3.05origin: 40 120  30   -1 6.2 3.1 ..10  2  1
667 13
-1;9  -1.55  6.15  3.05origin: 40 120  30   -1 6.2 3.1 ..10  2  1
667 14
-1;9  -1.45  6.15  3.05origin: 40 120  30   -1 6.2 3.1 ..10  2  1
667 15
-1;9  -1.35  6.15  3.05origin: 40 120  30   -1 6.2 3.1 ..10  2  1
667 16
-1;9  -1.25  6.15  3.05origin: 40 120  30   -1 6.2 3.1 ..10  2  1
667 17
-1;9  -1.15  6.15  3.05origin: 40 120  30   -1 6.2 3.1 ..10  2  1
667 18
-1;9  -1.05  6.15  3.05origin: 40 120  30   -1 6.2 3.1 ..10  2  1
667 19
-4.00013 -3.00027  1.21306[0;31m collide!!!!! [0m
[33m[WARN] [1790604764.135411016, 43.851999999]: id:1 Infeasible1! DTG refuse to update![0m
-4.00784   2.9981  1.21448[0;31m collide!!!!! [0m
[33m[WARN] [1790604764.474052961, 44.335999999]: id:2 Infeasible1! DTG refuse to update![0m
-1;9  -1.95  6.15  3.05origin: 40 120  30   -1 6.2 3.1 ..10  2  1
667 10
-1;9  -1.85  6.15  3.05origin: 40 120  30   -1 6.2 3.1 ..10  2  1
667 11
-1;9  -1.75  6.15  3.05origin: 40 120  30   -1 6.2 3.1 ..10  2  1
667 12
-1;9  -1.65  6.15  3.05origin: 40 120  30   -1 6.2 3.1 ..10  2  1
667 13
-1;9  -1.55  6.15  3.05origin: 40 120  30   -1 6.2 3.1 ..10  2  1
667 14
-1;9  -1.45  6.15  3.05origin: 40 120  30   -1 6.2 3.1 ..10  2  1
667 15
-1;9  -1.35  6.15  3.05origin: 40 120  30   -1 6.2 3.1 ..10  2  1
667 16
-1;9  -1.25  6.15  3.05origin: 40 120  30   -1 6.2 3.1 ..10  2  1
667 17
-1;9  -1.15  6.15  3.05origin: 40 120  30   -1 6.2 3.1 ..10  2  1
667 18
-1;9  -1.05  6.15  3.05origin: 40 120  30   -1 6.2 3.1 ..10  2  1
667 19
-1;9  -2.95  6.15  3.05origin: 30 120  30   -2 6.2 3.1 ..10  2  1
666 10
-1;9  -2.85  6.15  3.05origin: 30 120  30   -2 6.2 3.1 ..10  2  1
666 11
-1;9  -2.75  6.15  3.05origin: 30 120  30   -2 6.2 3.1 ..10  2  1
666 12
-1;9  -2.65  6.15  3.05origin: 30 120  30   -2 6.2 3.1 ..10  2  1
666 13
-1;9  -2.55  6.15  3.05origin: 30 120  30   -2 6.2 3.1 ..10  2  1
666 14
-1;9  -2.45  6.15  3.05origin: 30 120  30   -2 6.2 3.1 ..10  2  1
666 15
-1;9  -2.35  6.15  3.05origin: 30 120  30   -2 6.2 3.1 ..10  2  1
666 16
-1;9  -2.25  6.15  3.05origin: 30 120  30   -2 6.2 3.1 ..10  2  1
666 17
-1;9  -2.15  6.15  3.05origin: 30 120  30   -2 6.2 3.1 ..10  2  1
666 18
-1;9  -2.05  6.15  3.05origin: 30 120  30   -2 6.2 3.1 ..10  2  1
666 19
-4.00265 -3.00386  1.21951[0;31m collide!!!!! [0m
[33m[WARN] [1790604764.586411278, 44.335999999]: id:1 Infeasible1! DTG refuse to update![0m
-4.00289 -2.99676  1.20604[0;31m collide!!!!! [0m
[33m[WARN] [1790604765.036425965, 44.799999999]: id:1 Infeasible1! DTG refuse to update![0m
-4.00455  2.99958  1.20992[0;31m collide!!!!! [0m
[33m[WARN] [1790604765.373222488, 45.270000000]: id:2 Infeasible1! DTG refuse to update![0m
-1;9  -1.95  6.15  3.05origin: 40 120  30   -1 6.2 3.1 ..10  2  1
667 10
-1;9  -1.85  6.15  3.05origin: 40 120  30   -1 6.2 3.1 ..10  2  1
667 11
-1;9  -1.75  6.15  3.05origin: 40 120  30   -1 6.2 3.1 ..10  2  1
667 12
-1;9  -1.65  6.15  3.05origin: 40 120  30   -1 6.2 3.1 ..10  2  1
667 13
-1;9  -1.55  6.15  3.05origin: 40 120  30   -1 6.2 3.1 ..10  2  1
667 14
-1;9  -1.45  6.15  3.05origin: 40 120  30   -1 6.2 3.1 ..10  2  1
667 15
-1;9  -1.35  6.15  3.05origin: 40 120  30   -1 6.2 3.1 ..10  2  1
667 16
-1;9  -1.25  6.15  3.05origin: 40 120  30   -1 6.2 3.1 ..10  2  1
667 17
-1;9  -1.15  6.15  3.05origin: 40 120  30   -1 6.2 3.1 ..10  2  1
667 18
-1;9  -1.05  6.15  3.05origin: 40 120  30   -1 6.2 3.1 ..10  2  1
667 19
-3.99914 -2.99719   1.1983[0;31m collide!!!!! [0m
[33m[WARN] [1790604765.485300082, 45.270000000]: id:1 Infeasible1! DTG refuse to update![0m
[0;44m id:2 Partition[0m
[33m[WARN] [1790604765.825043619, 45.743000000]: id:2 LocalGVP![0m
[0;44m id:1 Partition[0m
[33m[WARN] [1790604765.826067131, 45.743000000]: id:1 LocalGVP![0m
-4.00034 -3.00174  1.19478[0;31m collide!!!!! [0m
[33m[WARN] [1790604765.940463258, 45.743000000]: id:1 Infeasible1! DTG refuse to update![0m
-3.99453  3.00191   1.1951[0;31m collide!!!!! [0m
[33m[WARN] [1790604766.060677085, 45.743000000]: id:2 Infeasible1! DTG refuse to update![0m
-1;9  -1.95  6.15  3.05origin: 40 120  30   -1 6.2 3.1 ..10  2  1
667 10
-1;9  -1.85  6.15  3.05origin: 40 120  30   -1 6.2 3.1 ..10  2  1
667 11
-1;9  -1.75  6.15  3.05origin: 40 120  30   -1 6.2 3.1 ..10  2  1
667 12
-1;9  -1.65  6.15  3.05origin: 40 120  30   -1 6.2 3.1 ..10  2  1
667 13
-1;9  -1.55  6.15  3.05origin: 40 120  30   -1 6.2 3.1 ..10  2  1
667 14
-1;9  -1.45  6.15  3.05origin: 40 120  30   -1 6.2 3.1 ..10  2  1
667 15
-1;9  -1.35  6.15  3.05origin: 40 120  30   -1 6.2 3.1 ..10  2  1
667 16
-1;9  -1.25  6.15  3.05origin: 40 120  30   -1 6.2 3.1 ..10  2  1
667 17
-1;9  -1.15  6.15  3.05origin: 40 120  30   -1 6.2 3.1 ..10  2  1
667 18
-1;9  -1.05  6.15  3.05origin: 40 120  30   -1 6.2 3.1 ..10  2  1
667 19
-3.99849 -3.00751  1.19077[0;31m collide!!!!! [0m
[33m[WARN] [1790604766.410369011, 46.201000000]: id:1 Infeasible1! DTG refuse to update![0m
-3.99912  3.00199  1.20777[0;31m collide!!!!! [0m
[33m[WARN] [1790604766.523709528, 46.201000000]: id:2 Infeasible1! DTG refuse to update![0m
-1;9  -1.95  6.15  3.05origin: 40 120  30   -1 6.2 3.1 ..10  2  1
667 10
-1;9  -1.85  6.15  3.05origin: 40 120  30   -1 6.2 3.1 ..10  2  1
667 11
-1;9  -1.75  6.15  3.05origin: 40 120  30   -1 6.2 3.1 ..10  2  1
667 12
-1;9  -1.65  6.15  3.05origin: 40 120  30   -1 6.2 3.1 ..10  2  1
667 13
-1;9  -1.55  6.15  3.05origin: 40 120  30   -1 6.2 3.1 ..10  2  1
667 14
-1;9  -1.45  6.15  3.05origin: 40 120  30   -1 6.2 3.1 ..10  2  1
667 15
-1;9  -1.35  6.15  3.05origin: 40 120  30   -1 6.2 3.1 ..10  2  1
667 16
-1;9  -1.25  6.15  3.05origin: 40 120  30   -1 6.2 3.1 ..10  2  1
667 17
-1;9  -1.15  6.15  3.05origin: 40 120  30   -1 6.2 3.1 ..10  2  1
667 18
-1;9  -1.05  6.15  3.05origin: 40 120  30   -1 6.2 3.1 ..10  2  1
667 19
-4.00334 -3.00415  1.19531[0;31m collide!!!!! [0m
[33m[WARN] [1790604766.864234830, 46.662999999]: id:1 Infeasible1! DTG refuse to update![0m
-3.99689  2.99361  1.20623[0;31m collide!!!!! [0m
[33m[WARN] [1790604766.978041205, 46.673000000]: id:2 Infeasible1! DTG refuse to update![0m
-1;9  -1.95  6.15  3.05origin: 40 120  30   -1 6.2 3.1 ..10  2  1
667 10
-1;9  -1.85  6.15  3.05origin: 40 120  30   -1 6.2 3.1 ..10  2  1
667 11
-1;9  -1.75  6.15  3.05origin: 40 120  30   -1 6.2 3.1 ..10  2  1
667 12
-1;9  -1.65  6.15  3.05origin: 40 120  30   -1 6.2 3.1 ..10  2  1
667 13
-1;9  -1.55  6.15  3.05origin: 40 120  30   -1 6.2 3.1 ..10  2  1
667 14
-1;9  -1.45  6.15  3.05origin: 40 120  30   -1 6.2 3.1 ..10  2  1
667 15
-1;9  -1.35  6.15  3.05origin: 40 120  30   -1 6.2 3.1 ..10  2  1
667 16
-1;9  -1.25  6.15  3.05origin: 40 120  30   -1 6.2 3.1 ..10  2  1
667 17
-1;9  -1.15  6.15  3.05origin: 40 120  30   -1 6.2 3.1 ..10  2  1
667 18
-1;9  -1.05  6.15  3.05origin: 40 120  30   -1 6.2 3.1 ..10  2  1
667 19
-4.00449  2.99853  1.20175[0;31m collide!!!!! [0m
[33m[WARN] [1790604767.667273775, 47.219000000]: id:2 Infeasible1! DTG refuse to update![0m
-4.00303 -2.99596  1.19423[0;31m collide!!!!! [0m
[33m[WARN] [1790604767.786156186, 47.219000000]: id:1 Infeasible1! DTG refuse to update![0m
-1;9  -1.95  6.15  3.05origin: 40 120  30   -1 6.2 3.1 ..10  2  1
667 10
-1;9  -1.85  6.15  3.05origin: 40 120  30   -1 6.2 3.1 ..10  2  1
667 11
-1;9  -1.75  6.15  3.05origin: 40 120  30   -1 6.2 3.1 ..10  2  1
667 12
-1;9  -1.65  6.15  3.05origin: 40 120  30   -1 6.2 3.1 ..10  2  1
667 13
-1;9  -1.55  6.15  3.05origin: 40 120  30   -1 6.2 3.1 ..10  2  1
667 14
-1;9  -1.45  6.15  3.05origin: 40 120  30   -1 6.2 3.1 ..10  2  1
667 15
-1;9  -1.35  6.15  3.05origin: 40 120  30   -1 6.2 3.1 ..10  2  1
667 16
-1;9  -1.25  6.15  3.05origin: 40 120  30   -1 6.2 3.1 ..10  2  1
667 17
-1;9  -1.15  6.15  3.05origin: 40 120  30   -1 6.2 3.1 ..10  2  1
667 18
-1;9  -1.05  6.15  3.05origin: 40 120  30   -1 6.2 3.1 ..10  2  1
667 19
-4.0034 2.99639 1.05509[0;31m collide!!!!! [0m
[33m[WARN] [1790604768.359027229, 48.164000000]: id:2 Infeasible1! DTG refuse to update![0m
-1;9  -1.95  6.15  3.05origin: 40 120  30   -1 6.2 3.1 ..10  2  1
667 10
-1;9  -1.85  6.15  3.05origin: 40 120  30   -1 6.2 3.1 ..10  2  1
667 11
-1;9  -1.75  6.15  3.05origin: 40 120  30   -1 6.2 3.1 ..10  2  1
667 12
-1;9  -1.65  6.15  3.05origin: 40 120  30   -1 6.2 3.1 ..10  2  1
667 13
-1;9  -1.55  6.15  3.05origin: 40 120  30   -1 6.2 3.1 ..10  2  1
667 14
-1;9  -1.45  6.15  3.05origin: 40 120  30   -1 6.2 3.1 ..10  2  1
667 15
-1;9  -1.35  6.15  3.05origin: 40 120  30   -1 6.2 3.1 ..10  2  1
667 16
-1;9  -1.25  6.15  3.05origin: 40 120  30   -1 6.2 3.1 ..10  2  1
667 17
-1;9  -1.15  6.15  3.05origin: 40 120  30   -1 6.2 3.1 ..10  2  1
667 18
-1;9  -1.05  6.15  3.05origin: 40 120  30   -1 6.2 3.1 ..10  2  1
667 19
-3.99804  -2.9928  1.05041[0;31m collide!!!!! [0m
[33m[WARN] [1790604768.477808798, 48.164000000]: id:1 Infeasible1! DTG refuse to update![0m
[0;44m id:1 Partition[0m
[33m[WARN] [1790604768.819896007, 48.625000000]: id:1 LocalGVP![0m
-3.99866  3.00065   1.1477[0;31m collide!!!!! [0m
[33m[WARN] [1790604768.821489636, 48.625000000]: id:2 Infeasible1! DTG refuse to update![0m
-1;9  -1.95  6.15  3.05origin: 40 120  30   -1 6.2 3.1 ..10  2  1
667 10
-1;9  -1.85  6.15  3.05origin: 40 120  30   -1 6.2 3.1 ..10  2  1
667 11
-1;9  -1.75  6.15  3.05origin: 40 120  30   -1 6.2 3.1 ..10  2  1
667 12
-1;9  -1.65  6.15  3.05origin: 40 120  30   -1 6.2 3.1 ..10  2  1
667 13
-1;9  -1.55  6.15  3.05origin: 40 120  30   -1 6.2 3.1 ..10  2  1
667 14
-1;9  -1.45  6.15  3.05origin: 40 120  30   -1 6.2 3.1 ..10  2  1
667 15
-1;9  -1.35  6.15  3.05origin: 40 120  30   -1 6.2 3.1 ..10  2  1
667 16
-1;9  -1.25  6.15  3.05origin: 40 120  30   -1 6.2 3.1 ..10  2  1
667 17
-1;9  -1.15  6.15  3.05origin: 40 120  30   -1 6.2 3.1 ..10  2  1
667 18
-1;9  -1.05  6.15  3.05origin: 40 120  30   -1 6.2 3.1 ..10  2  1
667 19
[0;44m id:2 Partition[0m
[33m[WARN] [1790604768.825489344, 48.625000000]: id:2 LocalGVP![0m
-4.00309 -2.99277  1.14131[0;31m collide!!!!! [0m
[33m[WARN] [1790604768.933915738, 48.625000000]: id:1 Infeasible1! DTG refuse to update![0m
-3.99866  3.00065   1.1477[0;31m collide!!!!! [0m
[33m[WARN] [1790604769.052945140, 48.625000000]: id:2 Infeasible1! DTG refuse to update![0m
-3.99827  2.99581   1.1962[0;31m collide!!!!! [0m
[33m[WARN] [1790604769.287579523, 49.090000000]: id:2 Infeasible1! DTG refuse to update![0m
-1;9  -1.95  6.15  3.05origin: 40 120  30   -1 6.2 3.1 ..10  2  1
667 10
-1;9  -1.85  6.15  3.05origin: 40 120  30   -1 6.2 3.1 ..10  2  1
667 11
-1;9  -1.75  6.15  3.05origin: 40 120  30   -1 6.2 3.1 ..10  2  1
667 12
-1;9  -1.65  6.15  3.05origin: 40 120  30   -1 6.2 3.1 ..10  2  1
667 13
-1;9  -1.55  6.15  3.05origin: 40 120  30   -1 6.2 3.1 ..10  2  1
667 14
-1;9  -1.45  6.15  3.05origin: 40 120  30   -1 6.2 3.1 ..10  2  1
667 15
-1;9  -1.35  6.15  3.05origin: 40 120  30   -1 6.2 3.1 ..10  2  1
667 16
-1;9  -1.25  6.15  3.05origin: 40 120  30   -1 6.2 3.1 ..10  2  1
667 17
-1;9  -1.15  6.15  3.05origin: 40 120  30   -1 6.2 3.1 ..10  2  1
667 18
-1;9  -1.05  6.15  3.05origin: 40 120  30   -1 6.2 3.1 ..10  2  1
667 19
-3.99834 -3.00353  1.19023[0;31m collide!!!!! [0m
[33m[WARN] [1790604769.402711978, 49.090000000]: id:1 Infeasible1! DTG refuse to update![0m
-3.99839  2.99579  1.19736[0;31m collide!!!!! [0m
[33m[WARN] [1790604769.741298478, 49.567000000]: id:2 Infeasible1! DTG refuse to update![0m
-1;9  -1.95  6.15  3.05origin: 40 120  30   -1 6.2 3.1 ..10  2  1
667 10
-1;9  -1.85  6.15  3.05origin: 40 120  30   -1 6.2 3.1 ..10  2  1
667 11
-1;9  -1.75  6.15  3.05origin: 40 120  30   -1 6.2 3.1 ..10  2  1
667 12
-1;9  -1.65  6.15  3.05origin: 40 120  30   -1 6.2 3.1 ..10  2  1
667 13
-1;9  -1.55  6.15  3.05origin: 40 120  30   -1 6.2 3.1 ..10  2  1
667 14
-1;9  -1.45  6.15  3.05origin: 40 120  30   -1 6.2 3.1 ..10  2  1
667 15
-1;9  -1.35  6.15  3.05origin: 40 120  30   -1 6.2 3.1 ..10  2  1
667 16
-1;9  -1.25  6.15  3.05origin: 40 120  30   -1 6.2 3.1 ..10  2  1
667 17
-1;9  -1.15  6.15  3.05origin: 40 120  30   -1 6.2 3.1 ..10  2  1
667 18
-1;9  -1.05  6.15  3.05origin: 40 120  30   -1 6.2 3.1 ..10  2  1
667 19
-1;9  -2.95  6.15  3.05origin: 30 120  30   -2 6.2 3.1 ..10  2  1
666 10
-1;9  -2.85  6.15  3.05origin: 30 120  30   -2 6.2 3.1 ..10  2  1
666 11
-1;9  -2.75  6.15  3.05origin: 30 120  30   -2 6.2 3.1 ..10  2  1
666 12
-1;9  -2.65  6.15  3.05origin: 30 120  30   -2 6.2 3.1 ..10  2  1
666 13
-1;9  -2.55  6.15  3.05origin: 30 120  30   -2 6.2 3.1 ..10  2  1
666 14
-1;9  -2.45  6.15  3.05origin: 30 120  30   -2 6.2 3.1 ..10  2  1
666 15
-1;9  -2.35  6.15  3.05origin: 30 120  30   -2 6.2 3.1 ..10  2  1
666 16
-1;9  -2.25  6.15  3.05origin: 30 120  30   -2 6.2 3.1 ..10  2  1
666 17
-1;9  -2.15  6.15  3.05origin: 30 120  30   -2 6.2 3.1 ..10  2  1
666 18
-1;9  -2.05  6.15  3.05origin: 30 120  30   -2 6.2 3.1 ..10  2  1
666 19
-3.99805 -3.00243  1.20302[0;31m collide!!!!! [0m
[33m[WARN] [1790604769.855375530, 49.567000000]: id:1 Infeasible1! DTG refuse to update![0m
-4.00269  2.99022  1.20491[0;31m collide!!!!! [0m
[33m[WARN] [1790604770.197803742, 50.039999999]: id:2 Infeasible1! DTG refuse to update![0m
-1;9  -1.95  6.15  3.05origin: 40 120  30   -1 6.2 3.1 ..10  2  1
667 10
-1;9  -1.85  6.15  3.05origin: 40 120  30   -1 6.2 3.1 ..10  2  1
667 11
-1;9  -1.75  6.15  3.05origin: 40 120  30   -1 6.2 3.1 ..10  2  1
667 12
-1;9  -1.65  6.15  3.05origin: 40 120  30   -1 6.2 3.1 ..10  2  1
667 13
-1;9  -1.55  6.15  3.05origin: 40 120  30   -1 6.2 3.1 ..10  2  1
667 14
-1;9  -1.45  6.15  3.05origin: 40 120  30   -1 6.2 3.1 ..10  2  1
667 15
-1;9  -1.35  6.15  3.05origin: 40 120  30   -1 6.2 3.1 ..10  2  1
667 16
-1;9  -1.25  6.15  3.05origin: 40 120  30   -1 6.2 3.1 ..10  2  1
667 17
-1;9  -1.15  6.15  3.05origin: 40 120  30   -1 6.2 3.1 ..10  2  1
667 18
-1;9  -1.05  6.15  3.05origin: 40 120  30   -1 6.2 3.1 ..10  2  1
667 19
-4.00722 -2.99917  1.20476[0;31m collide!!!!! [0m
[33m[WARN] [1790604770.539426218, 50.039999999]: id:1 Infeasible1! DTG refuse to update![0m
-4.00961   3.0036  1.20537[0;31m collide!!!!! [0m
[33m[WARN] [1790604770.654647883, 50.512000000]: id:2 Infeasible1! DTG refuse to update![0m
-1;9  -1.95  6.15  3.05origin: 40 120  30   -1 6.2 3.1 ..10  2  1
667 10
-1;9  -1.85  6.15  3.05origin: 40 120  30   -1 6.2 3.1 ..10  2  1
667 11
-1;9  -1.75  6.15  3.05origin: 40 120  30   -1 6.2 3.1 ..10  2  1
667 12
-1;9  -1.65  6.15  3.05origin: 40 120  30   -1 6.2 3.1 ..10  2  1
667 13
-1;9  -1.55  6.15  3.05origin: 40 120  30   -1 6.2 3.1 ..10  2  1
667 14
-1;9  -1.45  6.15  3.05origin: 40 120  30   -1 6.2 3.1 ..10  2  1
667 15
-1;9  -1.35  6.15  3.05origin: 40 120  30   -1 6.2 3.1 ..10  2  1
667 16
-1;9  -1.25  6.15  3.05origin: 40 120  30   -1 6.2 3.1 ..10  2  1
667 17
-1;9  -1.15  6.15  3.05origin: 40 120  30   -1 6.2 3.1 ..10  2  1
667 18
-1;9  -1.05  6.15  3.05origin: 40 120  30   -1 6.2 3.1 ..10  2  1
667 19
-4.00174 -2.99703  1.20556[0;31m collide!!!!! [0m
[33m[WARN] [1790604770.767770750, 50.512000000]: id:1 Infeasible1! DTG refuse to update![0m
-3.99427  -2.9989  1.20383[0;31m collide!!!!! [0m
[33m[WARN] [1790604771.225573662, 50.988999999]: id:1 Infeasible1! DTG refuse to update![0m
-4.00092   3.0031  1.20389[0;31m collide!!!!! [0m
[33m[WARN] [1790604771.340299997, 50.988999999]: id:2 Infeasible1! DTG refuse to update![0m
-1;9  -1.95  6.15  3.05origin: 40 120  30   -1 6.2 3.1 ..10  2  1
667 10
-1;9  -1.85  6.15  3.05origin: 40 120  30   -1 6.2 3.1 ..10  2  1
667 11
-1;9  -1.75  6.15  3.05origin: 40 120  30   -1 6.2 3.1 ..10  2  1
667 12
-1;9  -1.65  6.15  3.05origin: 40 120  30   -1 6.2 3.1 ..10  2  1
667 13
-1;9  -1.55  6.15  3.05origin: 40 120  30   -1 6.2 3.1 ..10  2  1
667 14
-1;9  -1.45  6.15  3.05origin: 40 120  30   -1 6.2 3.1 ..10  2  1
667 15
-1;9  -1.35  6.15  3.05origin: 40 120  30   -1 6.2 3.1 ..10  2  1
667 16
-1;9  -1.25  6.15  3.05origin: 40 120  30   -1 6.2 3.1 ..10  2  1
667 17
-1;9  -1.15  6.15  3.05origin: 40 120  30   -1 6.2 3.1 ..10  2  1
667 18
-1;9  -1.05  6.15  3.05origin: 40 120  30   -1 6.2 3.1 ..10  2  1
667 19
-4.00264 -3.00008  1.20691[0;31m collide!!!!! [0m
[33m[WARN] [1790604771.692518435, 51.453000000]: id:1 Infeasible1! DTG refuse to update![0m
-4.00051  2.99653  1.19974[0;31m collide!!!!! [0m
[33m[WARN] [1790604771.805069974, 51.453000000]: id:2 Infeasible1! DTG refuse to update![0m
[0;44m id:1 Partition[0m
[33m[WARN] [1790604772.031346056, 51.918999999]: id:1 LocalGVP![0m
[0;44m id:2 Partition[0m
[33m[WARN] [1790604772.031738877, 51.918999999]: id:2 LocalGVP![0m
-3.98922  -3.0033  1.20239[0;31m collide!!!!! [0m
[33m[WARN] [1790604772.146514278, 51.918999999]: id:1 Infeasible1! DTG refuse to update![0m
-3.98904  2.99607  1.20096[0;31m collide!!!!! [0m
[33m[WARN] [1790604772.258986694, 51.927999999]: id:2 Infeasible1! DTG refuse to update![0m
-1;9  -1.95  6.15  3.05origin: 40 120  30   -1 6.2 3.1 ..10  2  1
667 10
-1;9  -1.85  6.15  3.05origin: 40 120  30   -1 6.2 3.1 ..10  2  1
667 11
-1;9  -1.75  6.15  3.05origin: 40 120  30   -1 6.2 3.1 ..10  2  1
667 12
-1;9  -1.65  6.15  3.05origin: 40 120  30   -1 6.2 3.1 ..10  2  1
667 13
-1;9  -1.55  6.15  3.05origin: 40 120  30   -1 6.2 3.1 ..10  2  1
667 14
-1;9  -1.45  6.15  3.05origin: 40 120  30   -1 6.2 3.1 ..10  2  1
667 15
-1;9  -1.35  6.15  3.05origin: 40 120  30   -1 6.2 3.1 ..10  2  1
667 16
-1;9  -1.25  6.15  3.05origin: 40 120  30   -1 6.2 3.1 ..10  2  1
667 17
-1;9  -1.15  6.15  3.05origin: 40 120  30   -1 6.2 3.1 ..10  2  1
667 18
-1;9  -1.05  6.15  3.05origin: 40 120  30   -1 6.2 3.1 ..10  2  1
667 19
-3.99597  3.00074  1.20336[0;31m collide!!!!! [0m
[33m[WARN] [1790604772.950856040, 52.487000000]: id:2 Infeasible1! DTG refuse to update![0m
 -4.0004 -3.00138  1.20483[0;31m collide!!!!! [0m
[33m[WARN] [1790604773.065436899, 52.487000000]: id:1 Infeasible1! DTG refuse to update![0m
-3.99325  2.99583  0.99417[0;31m collide!!!!! [0m
[33m[WARN] [1790604773.183044415, 52.953000000]: id:2 Infeasible1! DTG refuse to update![0m
-1;9  -1.95  6.15  3.05origin: 40 120  30   -1 6.2 3.1 ..10  2  1
667 10
-1;9  -1.85  6.15  3.05origin: 40 120  30   -1 6.2 3.1 ..10  2  1
667 11
-1;9  -1.75  6.15  3.05origin: 40 120  30   -1 6.2 3.1 ..10  2  1
667 12
-1;9  -1.65  6.15  3.05origin: 40 120  30   -1 6.2 3.1 ..10  2  1
667 13
-1;9  -1.55  6.15  3.05origin: 40 120  30   -1 6.2 3.1 ..10  2  1
667 14
-1;9  -1.45  6.15  3.05origin: 40 120  30   -1 6.2 3.1 ..10  2  1
667 15
-1;9  -1.35  6.15  3.05origin: 40 120  30   -1 6.2 3.1 ..10  2  1
667 16
-1;9  -1.25  6.15  3.05origin: 40 120  30   -1 6.2 3.1 ..10  2  1
667 17
-1;9  -1.15  6.15  3.05origin: 40 120  30   -1 6.2 3.1 ..10  2  1
667 18
-1;9  -1.05  6.15  3.05origin: 40 120  30   -1 6.2 3.1 ..10  2  1
667 19
-3.99936 -3.00502 0.983789[0;31m collide!!!!! [0m
[33m[WARN] [1790604773.298469260, 52.953000000]: id:1 Infeasible1! DTG refuse to update![0m
-4.00269 -3.00078  1.03447[0;31m collide!!!!! [0m
[33m[WARN] [1790604773.756047350, 53.426000000]: id:1 Infeasible1! DTG refuse to update![0m
-3.99641  2.99453  1.04334[0;31m collide!!!!! [0m
[33m[WARN] [1790604773.868368110, 53.426000000]: id:2 Infeasible1! DTG refuse to update![0m
-4.00766  3.00606  1.13653[0;31m collide!!!!! [0m
[33m[WARN] [1790604774.101817102, 53.892000000]: id:2 Infeasible1! DTG refuse to update![0m
-1;9  -1.95  6.15  3.05origin: 40 120  30   -1 6.2 3.1 ..10  2  1
667 10
-1;9  -1.85  6.15  3.05origin: 40 120  30   -1 6.2 3.1 ..10  2  1
667 11
-1;9  -1.75  6.15  3.05origin: 40 120  30   -1 6.2 3.1 ..10  2  1
667 12
-1;9  -1.65  6.15  3.05origin: 40 120  30   -1 6.2 3.1 ..10  2  1
667 13
-1;9  -1.55  6.15  3.05origin: 40 120  30   -1 6.2 3.1 ..10  2  1
667 14
-1;9  -1.45  6.15  3.05origin: 40 120  30   -1 6.2 3.1 ..10  2  1
667 15
-1;9  -1.35  6.15  3.05origin: 40 120  30   -1 6.2 3.1 ..10  2  1
667 16
-1;9  -1.25  6.15  3.05origin: 40 120  30   -1 6.2 3.1 ..10  2  1
667 17
-1;9  -1.15  6.15  3.05origin: 40 120  30   -1 6.2 3.1 ..10  2  1
667 18
-1;9  -1.05  6.15  3.05origin: 40 120  30   -1 6.2 3.1 ..10  2  1
667 19
-3.99388 -2.99648  1.13195[0;31m collide!!!!! [0m
[33m[WARN] [1790604774.221656081, 53.892000000]: id:1 Infeasible1! DTG refuse to update![0m
-3.99988  2.99807  1.17719[0;31m collide!!!!! [0m
[33m[WARN] [1790604774.571684317, 54.356000000]: id:2 Infeasible1! DTG refuse to update![0m
 -4.0002 -3.00494   1.1904[0;31m collide!!!!! [0m
[33m[WARN] [1790604774.688164889, 54.356000000]: id:1 Infeasible1! DTG refuse to update![0m
[0;44m id:1 Partition[0m
[33m[WARN] [1790604775.035711433, 54.832999999]: id:1 LocalGVP![0m
-4.00159   3.0036  1.20211[0;31m collide!!!!! [0m
[33m[WARN] [1790604775.037299411, 54.832999999]: id:2 Infeasible1! DTG refuse to update![0m
-1;9  -1.95  6.15  3.05origin: 40 120  30   -1 6.2 3.1 ..10  2  1
667 10
-1;9  -1.85  6.15  3.05origin: 40 120  30   -1 6.2 3.1 ..10  2  1
667 11
-1;9  -1.75  6.15  3.05origin: 40 120  30   -1 6.2 3.1 ..10  2  1
667 12
-1;9  -1.65  6.15  3.05origin: 40 120  30   -1 6.2 3.1 ..10  2  1
667 13
-1;9  -1.55  6.15  3.05origin: 40 120  30   -1 6.2 3.1 ..10  2  1
667 14
-1;9  -1.45  6.15  3.05origin: 40 120  30   -1 6.2 3.1 ..10  2  1
667 15
-1;9  -1.35  6.15  3.05origin: 40 120  30   -1 6.2 3.1 ..10  2  1
667 16
-1;9  -1.25  6.15  3.05origin: 40 120  30   -1 6.2 3.1 ..10  2  1
667 17
-1;9  -1.15  6.15  3.05origin: 40 120  30   -1 6.2 3.1 ..10  2  1
667 18
-1;9  -1.05  6.15  3.05origin: 40 120  30   -1 6.2 3.1 ..10  2  1
667 19
-1;9  -2.95  6.15  3.05origin: 30 120  30   -2 6.2 3.1 ..10  2  1
666 10
-1;9  -2.85  6.15  3.05origin: 30 120  30   -2 6.2 3.1 ..10  2  1
666 11
-1;9  -2.75  6.15  3.05origin: 30 120  30   -2 6.2 3.1 ..10  2  1
666 12
-1;9  -2.65  6.15  3.05origin: 30 120  30   -2 6.2 3.1 ..10  2  1
666 13
-1;9  -2.55  6.15  3.05origin: 30 120  30   -2 6.2 3.1 ..10  2  1
666 14
-1;9  -2.45  6.15  3.05origin: 30 120  30   -2 6.2 3.1 ..10  2  1
666 15
-1;9  -2.35  6.15  3.05origin: 30 120  30   -2 6.2 3.1 ..10  2  1
666 16
-1;9  -2.25  6.15  3.05origin: 30 120  30   -2 6.2 3.1 ..10  2  1
666 17
-1;9  -2.15  6.15  3.05origin: 30 120  30   -2 6.2 3.1 ..10  2  1
666 18
-1;9  -2.05  6.15  3.05origin: 30 120  30   -2 6.2 3.1 ..10  2  1
666 19
[0;44m id:2 Partition[0m
[33m[WARN] [1790604775.045037850, 54.832999999]: id:2 LocalGVP![0m
-3.98842 -3.00148  1.20689[0;31m collide!!!!! [0m
[33m[WARN] [1790604775.152971106, 54.832999999]: id:1 Infeasible1! DTG refuse to update![0m
-4.00154   3.0034  1.20278[0;31m collide!!!!! [0m
[33m[WARN] [1790604775.506309103, 55.299999999]: id:2 Infeasible1! DTG refuse to update![0m
-1;9  -1.95  6.15  3.05origin: 40 120  30   -1 6.2 3.1 ..10  2  1
667 10
-1;9  -1.85  6.15  3.05origin: 40 120  30   -1 6.2 3.1 ..10  2  1
667 11
-1;9  -1.75  6.15  3.05origin: 40 120  30   -1 6.2 3.1 ..10  2  1
667 12
-1;9  -1.65  6.15  3.05origin: 40 120  30   -1 6.2 3.1 ..10  2  1
667 13
-1;9  -1.55  6.15  3.05origin: 40 120  30   -1 6.2 3.1 ..10  2  1
667 14
-1;9  -1.45  6.15  3.05origin: 40 120  30   -1 6.2 3.1 ..10  2  1
667 15
-1;9  -1.35  6.15  3.05origin: 40 120  30   -1 6.2 3.1 ..10  2  1
667 16
-1;9  -1.25  6.15  3.05origin: 40 120  30   -1 6.2 3.1 ..10  2  1
667 17
-1;9  -1.15  6.15  3.05origin: 40 120  30   -1 6.2 3.1 ..10  2  1
667 18
-1;9  -1.05  6.15  3.05origin: 40 120  30   -1 6.2 3.1 ..10  2  1
667 19
-3.99305 -2.99852   1.2138[0;31m collide!!!!! [0m
[33m[WARN] [1790604775.626091459, 55.299999999]: id:1 Infeasible1! DTG refuse to update![0m
-3.99986  2.99634  1.20771[0;31m collide!!!!! [0m
[33m[WARN] [1790604775.969261906, 55.762000000]: id:2 Infeasible1! DTG refuse to update![0m
-1;9  -1.95  6.15  3.05origin: 40 120  30   -1 6.2 3.1 ..10  2  1
667 10
-1;9  -1.85  6.15  3.05origin: 40 120  30   -1 6.2 3.1 ..10  2  1
667 11
-1;9  -1.75  6.15  3.05origin: 40 120  30   -1 6.2 3.1 ..10  2  1
667 12
-1;9  -1.65  6.15  3.05origin: 40 120  30   -1 6.2 3.1 ..10  2  1
667 13
-1;9  -1.55  6.15  3.05origin: 40 120  30   -1 6.2 3.1 ..10  2  1
667 14
-1;9  -1.45  6.15  3.05origin: 40 120  30   -1 6.2 3.1 ..10  2  1
667 15
-1;9  -1.35  6.15  3.05origin: 40 120  30   -1 6.2 3.1 ..10  2  1
667 16
-1;9  -1.25  6.15  3.05origin: 40 120  30   -1 6.2 3.1 ..10  2  1
667 17
-1;9  -1.15  6.15  3.05origin: 40 120  30   -1 6.2 3.1 ..10  2  1
667 18
-1;9  -1.05  6.15  3.05origin: 40 120  30   -1 6.2 3.1 ..10  2  1
667 19
-3.99696 -3.01038  1.19712[0;31m collide!!!!! [0m
[33m[WARN] [1790604776.092067009, 55.762000000]: id:1 Infeasible1! DTG refuse to update![0m
-3.99454 -2.99884   1.1976[0;31m collide!!!!! [0m
[33m[WARN] [1790604776.561770158, 56.237000000]: id:1 Infeasible1! DTG refuse to update![0m
-4.00633  3.00233  1.19837[0;31m collide!!!!! [0m
[33m[WARN] [1790604776.688427527, 56.237000000]: id:2 Infeasible1! DTG refuse to update![0m
-4.00633  3.00233  1.19837[0;31m collide!!!!! [0m
[33m[WARN] [1790604776.921464073, 56.707000000]: id:2 Infeasible1! DTG refuse to update![0m
-1;9  -1.95  6.15  3.05origin: 40 120  30   -1 6.2 3.1 ..10  2  1
667 10
-1;9  -1.85  6.15  3.05origin: 40 120  30   -1 6.2 3.1 ..10  2  1
667 11
-1;9  -1.75  6.15  3.05origin: 40 120  30   -1 6.2 3.1 ..10  2  1
667 12
-1;9  -1.65  6.15  3.05origin: 40 120  30   -1 6.2 3.1 ..10  2  1
667 13
-1;9  -1.55  6.15  3.05origin: 40 120  30   -1 6.2 3.1 ..10  2  1
667 14
-1;9  -1.45  6.15  3.05origin: 40 120  30   -1 6.2 3.1 ..10  2  1
667 15
-1;9  -1.35  6.15  3.05origin: 40 120  30   -1 6.2 3.1 ..10  2  1
667 16
-1;9  -1.25  6.15  3.05origin: 40 120  30   -1 6.2 3.1 ..10  2  1
667 17
-1;9  -1.15  6.15  3.05origin: 40 120  30   -1 6.2 3.1 ..10  2  1
667 18
-1;9  -1.05  6.15  3.05origin: 40 120  30   -1 6.2 3.1 ..10  2  1
667 19
-4.00495 -3.01139  1.19801[0;31m collide!!!!! [0m
[33m[WARN] [1790604777.038392817, 56.707000000]: id:1 Infeasible1! DTG refuse to update![0m
-4.00984  -3.0015  1.20375[0;31m collide!!!!! [0m
[33m[WARN] [1790604777.503805095, 57.179999999]: id:1 Infeasible1! DTG refuse to update![0m
-4.00799  2.99713  1.19865[0;31m collide!!!!! [0m
[33m[WARN] [1790604777.619064214, 57.189000000]: id:2 Infeasible1! DTG refuse to update![0m
[0;44m id:1 Partition[0m
-1;9  -1.95  6.15  3.05origin: 40 120  30   -1 6.2 3.1 ..10  2  1
667 10
[33m[WARN] [1790604777.850852329, 57.655000000]: id:1 LocalGVP![0m
-1;9  -1.85  6.15  3.05origin: 40 120  30   -1 6.2 3.1 ..10  2  1
667 11
-1;9  -1.75  6.15  3.05origin: 40 120  30   -1 6.2 3.1 ..10  2  1
667 12
-1;9  -1.65  6.15  3.05origin: 40 120  30   -1 6.2 3.1 ..10  2  1
667 13
-1;9  -1.55  6.15  3.05origin: 40 120  30   -1 6.2 3.1 ..10  2  1
667 14
-1;9  -1.45  6.15  3.05origin: 40 120  30   -1 6.2 3.1 ..10  2  1
667 15
-1;9  -1.35  6.15  3.05origin: 40 120  30   -1 6.2 3.1 ..10  2  1
667 16
-1;9  -1.25  6.15  3.05origin: 40 120  30   -1 6.2 3.1 ..10  2  1
667 17
-1;9  -1.15  6.15  3.05origin: 40 120  30   -1 6.2 3.1 ..10  2  1
667 18
-1;9  -1.05  6.15  3.05origin: 40 120  30   -1 6.2 3.1 ..10  2  1
667 19
[0;44m id:2 Partition[0m
[33m[WARN] [1790604777.854892028, 57.655000000]: id:2 LocalGVP![0m
-3.99947 -2.99731  1.20305[0;31m collide!!!!! [0m
[33m[WARN] [1790604777.967658972, 57.655000000]: id:1 Infeasible1! DTG refuse to update![0m
 -4.005 3.00187 1.20802[0;31m collide!!!!! [0m
[33m[WARN] [1790604778.088729505, 57.655000000]: id:2 Infeasible1! DTG refuse to update![0m
-1;9  -1.95  6.15  3.05origin: 40 120  30   -1 6.2 3.1 ..10  2  1
667 10
-1;9  -1.85  6.15  3.05origin: 40 120  30   -1 6.2 3.1 ..10  2  1
667 11
-1;9  -1.75  6.15  3.05origin: 40 120  30   -1 6.2 3.1 ..10  2  1
667 12
-1;9  -1.65  6.15  3.05origin: 40 120  30   -1 6.2 3.1 ..10  2  1
667 13
-1;9  -1.55  6.15  3.05origin: 40 120  30   -1 6.2 3.1 ..10  2  1
667 14
-1;9  -1.45  6.15  3.05origin: 40 120  30   -1 6.2 3.1 ..10  2  1
667 15
-1;9  -1.35  6.15  3.05origin: 40 120  30   -1 6.2 3.1 ..10  2  1
667 16
-1;9  -1.25  6.15  3.05origin: 40 120  30   -1 6.2 3.1 ..10  2  1
667 17
-1;9  -1.15  6.15  3.05origin: 40 120  30   -1 6.2 3.1 ..10  2  1
667 18
-1;9  -1.05  6.15  3.05origin: 40 120  30   -1 6.2 3.1 ..10  2  1
667 19
-3.99514  3.00104  1.19686[0;31m collide!!!!! [0m
[33m[WARN] [1790604778.790382720, 58.253999999]: id:2 Infeasible1! DTG refuse to update![0m
-3.99548 -3.00248  1.19987[0;31m collide!!!!! [0m
[33m[WARN] [1790604778.908786913, 58.253999999]: id:1 Infeasible1! DTG refuse to update![0m
-1;9  -1.95  6.15  3.05origin: 40 120  30   -1 6.2 3.1 ..10  2  1
667 10
-1;9  -1.85  6.15  3.05origin: 40 120  30   -1 6.2 3.1 ..10  2  1
667 11
-1;9  -1.75  6.15  3.05origin: 40 120  30   -1 6.2 3.1 ..10  2  1
667 12
-1;9  -1.65  6.15  3.05origin: 40 120  30   -1 6.2 3.1 ..10  2  1
667 13
-1;9  -1.55  6.15  3.05origin: 40 120  30   -1 6.2 3.1 ..10  2  1
667 14
-1;9  -1.45  6.15  3.05origin: 40 120  30   -1 6.2 3.1 ..10  2  1
667 15
-1;9  -1.35  6.15  3.05origin: 40 120  30   -1 6.2 3.1 ..10  2  1
667 16
-1;9  -1.25  6.15  3.05origin: 40 120  30   -1 6.2 3.1 ..10  2  1
667 17
-1;9  -1.15  6.15  3.05origin: 40 120  30   -1 6.2 3.1 ..10  2  1
667 18
-1;9  -1.05  6.15  3.05origin: 40 120  30   -1 6.2 3.1 ..10  2  1
667 19
-3.99653  2.99468 0.952487[0;31m collide!!!!! [0m
[33m[WARN] [1790604779.495653198, 59.182000000]: id:2 Infeasible1! DTG refuse to update![0m
-1;9  -1.95  6.15  3.05origin: 40 120  30   -1 6.2 3.1 ..10  2  1
667 10
-1;9  -1.85  6.15  3.05origin: 40 120  30   -1 6.2 3.1 ..10  2  1
667 11
-1;9  -1.75  6.15  3.05origin: 40 120  30   -1 6.2 3.1 ..10  2  1
667 12
-1;9  -1.65  6.15  3.05origin: 40 120  30   -1 6.2 3.1 ..10  2  1
667 13
-1;9  -1.55  6.15  3.05origin: 40 120  30   -1 6.2 3.1 ..10  2  1
667 14
-1;9  -1.45  6.15  3.05origin: 40 120  30   -1 6.2 3.1 ..10  2  1
667 15
-1;9  -1.35  6.15  3.05origin: 40 120  30   -1 6.2 3.1 ..10  2  1
667 16
-1;9  -1.25  6.15  3.05origin: 40 120  30   -1 6.2 3.1 ..10  2  1
667 17
-1;9  -1.15  6.15  3.05origin: 40 120  30   -1 6.2 3.1 ..10  2  1
667 18
-1;9  -1.05  6.15  3.05origin: 40 120  30   -1 6.2 3.1 ..10  2  1
667 19
terminate called after throwing an instance of 'boost::wrapexcept<boost::lock_error>'
  what():  boost: mutex lock failed in pthread_mutex_lock: Invalid argument
*** Aborted at 1790604779 (unix time) try "date -d @1790604779" if you are using GNU date ***
PC: @                0x0 (unknown)
*** SIGABRT (@0x105) received by PID 261 (TID 0xe25a81558ad0) from PID 261; stack trace: ***
    @     0xe25a83ec1f10 (unknown)
    @     0xe25a841df8f8 ([vdso]+0x8f7)
    @     0xe25a83a65d88 gsignal
    @     0xe25a83a52aac abort
    @     0xe25a83d158bc __gnu_cxx::__verbose_terminate_handler()
    @     0xe25a83d1320c (unknown)
    @     0xe25a83d12044 (unknown)
    @     0xe25a83d128a4 __gxx_personality_v0
    @     0xe25a83bb2964 (unknown)
    @     0xe25a83bb2ef4 _Unwind_Resume
    @     0xe25a840ce188 ros::TimerManager<>::remove()
    @     0xe25a840cc734 ros::Timer::Impl::stop()
    @     0xe25a840cc800 ros::Timer::Impl::~Impl()
    @     0xe25a840d007c boost::detail::sp_counted_impl_p<>::dispose()
    @     0xe25a840cc5bc ros::Timer::~Timer()
    @     0xe25a83a6848c (unknown)
    @     0xe25a83a6861c exit
    @     0xe25a83a52e14 __libc_start_main
    @     0xc01f1ed2ff64 (unknown)
terminate called after throwing an instance of 'boost::wrapexcept<boost::lock_error>'
  what():  boost: mutex lock failed in pthread_mutex_lock: Invalid argument
*** Aborted at 1790604780 (unix time) try "date -d @1790604780" if you are using GNU date ***
PC: @                0x0 (unknown)
*** SIGABRT (@0x107) received by PID 263 (TID 0xfc48d16c2ad0) from PID 263; stack trace: ***
    @     0xfc48d402bf10 (unknown)
    @     0xfc48d43498f8 ([vdso]+0x8f7)
    @     0xfc48d3bcfd88 gsignal
    @     0xfc48d3bbcaac abort
    @     0xfc48d3e7f8bc __gnu_cxx::__verbose_terminate_handler()
    @     0xfc48d3e7d20c (unknown)
    @     0xfc48d3e7c044 (unknown)
    @     0xfc48d3e7c8a4 __gxx_personality_v0
    @     0xfc48d3d1c964 (unknown)
    @     0xfc48d3d1cef4 _Unwind_Resume
    @     0xfc48d4238188 ros::TimerManager<>::remove()
    @     0xfc48d4236734 ros::Timer::Impl::stop()
    @     0xfc48d4236800 ros::Timer::Impl::~Impl()
    @     0xfc48d423a07c boost::detail::sp_counted_impl_p<>::dispose()
    @     0xfc48d42365bc ros::Timer::~Timer()
    @     0xfc48d3bd248c (unknown)
    @     0xfc48d3bd261c exit
    @     0xfc48d3bbce14 __libc_start_main
    @     0xb998080cff64 (unknown)
WARNING: Package name "multiDTG" does not follow the naming conventions. It should start with a lower case letter and only contain lower case letters, digits, underscores, and dashes.
WARNING: Package name "multiDTG" does not follow the naming conventions. It should start with a lower case letter and only contain lower case letters, digits, underscores, and dashes.

[1mROS_MASTER_URI=http://localhost:11328[0m
]2;/comparison/gvp.launch http://localhost:11328
[1mprocess[murder_1-1]: started with pid [260][0m
[1mprocess[traj_exc_node1-2]: started with pid [261][0m
[1mprocess[murder_2-3]: started with pid [262][0m
[1mprocess[traj_exc_node2-4]: started with pid [263][0m
[1mprocess[sim1_bridge_exp_tcp_sim-5]: started with pid [270][0m
[sim1_bridge_exp_tcp_sim-5] killing on exit
[traj_exc_node2-4] killing on exit
[murder_2-3] killing on exit
[traj_exc_node1-2] killing on exit
[murder_1-1] killing on exit
shutting down processing monitor...
... shutting down processing monitor complete
[1mdone[0m
