... logging to /root/.ros/log/b42bd39a-bb49-11f1-b4c2-5255551de53e/roslaunch-colima-racer-gvp-1984.log
Checking log directory for disk usage. This may take a while.
Press Ctrl-C to interrupt
Done checking log file disk usage. Usage is <1GB.
]2;/comparison/racer.launch
[1mstarted roslaunch server http://localhost:39803/[0m

SUMMARY
========

PARAMETERS
 * /acvrp_solver_1/exploration/drone_id: 1
 * /acvrp_solver_1/exploration/mtsp_dir: /work/racer_ws/sr...
 * /acvrp_solver_1/exploration/problem_id: 2
 * /acvrp_solver_2/exploration/drone_id: 2
 * /acvrp_solver_2/exploration/mtsp_dir: /work/racer_ws/sr...
 * /acvrp_solver_2/exploration/problem_id: 2
 * /exploration_node_1/astar/allocate_num: 1000000
 * /exploration_node_1/astar/lambda_heu: 10000.0
 * /exploration_node_1/astar/max_search_time: 0.001
 * /exploration_node_1/astar/resolution_astar: 0.3
 * /exploration_node_1/bspline/limit_acc: 0.8
 * /exploration_node_1/bspline/limit_ratio: 1.1
 * /exploration_node_1/bspline/limit_vel: 0.6
 * /exploration_node_1/exploration/am: 0.8
 * /exploration_node_1/exploration/drone_id: 1
 * /exploration_node_1/exploration/drone_num: 2.0
 * /exploration_node_1/exploration/init_plan_num: 2
 * /exploration_node_1/exploration/max_decay: 0.8
 * /exploration_node_1/exploration/mtsp_dir: /work/racer_ws/sr...
 * /exploration_node_1/exploration/refine_local: True
 * /exploration_node_1/exploration/refined_num: 7
 * /exploration_node_1/exploration/refined_radius: 5.0
 * /exploration_node_1/exploration/top_view_num: 15
 * /exploration_node_1/exploration/tsp_dir: /work/racer_ws/sr...
 * /exploration_node_1/exploration/vm: 0.6
 * /exploration_node_1/exploration/w_dir: 1.5
 * /exploration_node_1/exploration/yd: 0.65
 * /exploration_node_1/exploration/ydd: 0.8
 * /exploration_node_1/frontier/candidate_dphi: 0.2617993833333333
 * /exploration_node_1/frontier/candidate_rmax: 1.5
 * /exploration_node_1/frontier/candidate_rmin: 1.0
 * /exploration_node_1/frontier/candidate_rnum: 3
 * /exploration_node_1/frontier/cluster_min: 100
 * /exploration_node_1/frontier/cluster_size_xy: 2.0
 * /exploration_node_1/frontier/cluster_size_z: 10.0
 * /exploration_node_1/frontier/down_sample: 3
 * /exploration_node_1/frontier/min_candidate_clearance: 0.21
 * /exploration_node_1/frontier/min_candidate_dist: 0.5
 * /exploration_node_1/frontier/min_view_finish_fraction: 0.2
 * /exploration_node_1/frontier/min_visib_num: 30
 * /exploration_node_1/fsm/attempt_interval: 0.1
 * /exploration_node_1/fsm/gain_thresh: 10
 * /exploration_node_1/fsm/pair_opt_interval: 0.5
 * /exploration_node_1/fsm/replan_time: 0.2
 * /exploration_node_1/fsm/sync_interval: 0.2
 * /exploration_node_1/fsm/thresh_replan1: 0.2
 * /exploration_node_1/fsm/thresh_replan2: 0.2
 * /exploration_node_1/fsm/thresh_replan3: 1.5
 * /exploration_node_1/fsm/wait_delete_duration: 0.05
 * /exploration_node_1/heading_planner/half_vert_num: 5
 * /exploration_node_1/heading_planner/lambda1: 2.0
 * /exploration_node_1/heading_planner/lambda2: 1.0
 * /exploration_node_1/heading_planner/max_yaw_rate: 0.17453292222222222
 * /exploration_node_1/heading_planner/w: 20000.0
 * /exploration_node_1/heading_planner/weight_type: 1.0
 * /exploration_node_1/heading_planner/yaw_diff: 0.5235987666666666
 * /exploration_node_1/manager/clearance_threshold: 0.2
 * /exploration_node_1/manager/control_points_distance: 0.5
 * /exploration_node_1/manager/dynamic_environment: 0
 * /exploration_node_1/manager/local_segment_length: 6.0
 * /exploration_node_1/manager/max_acc: 0.8
 * /exploration_node_1/manager/max_jerk: 4.0
 * /exploration_node_1/manager/max_vel: 0.6
 * /exploration_node_1/manager/max_yawdot: 2.0943950666666664
 * /exploration_node_1/manager/min_time: True
 * /exploration_node_1/manager/relax_time1: 0.3
 * /exploration_node_1/manager/relax_time2: 1.5
 * /exploration_node_1/manager/use_active_perception: True
 * /exploration_node_1/manager/use_geometric_path: True
 * /exploration_node_1/manager/use_kinodynamic_path: True
 * /exploration_node_1/manager/use_optimization: True
 * /exploration_node_1/manager/use_topo_path: False
 * /exploration_node_1/map_ros/cx: 324.0879821777344
 * /exploration_node_1/map_ros/cy: 239.10362243652344
 * /exploration_node_1/map_ros/depth_filter_margin: 2
 * /exploration_node_1/map_ros/depth_filter_maxdist: 4.6
 * /exploration_node_1/map_ros/depth_filter_mindist: 0.2
 * /exploration_node_1/map_ros/esdf_slice_height: 0.5
 * /exploration_node_1/map_ros/frame_id: world
 * /exploration_node_1/map_ros/fx: 385.69793701171875
 * /exploration_node_1/map_ros/fy: 385.69793701171875
 * /exploration_node_1/map_ros/k_depth_scaling_factor: 1000.0
 * /exploration_node_1/map_ros/show_all_map: True
 * /exploration_node_1/map_ros/show_esdf_time: False
 * /exploration_node_1/map_ros/show_occ_time: False
 * /exploration_node_1/map_ros/skip_pixel: 2
 * /exploration_node_1/map_ros/visualization_truncate_height: 10.09
 * /exploration_node_1/map_ros/visualization_truncate_low: -2.0
 * /exploration_node_1/optimization/algorithm1: 15
 * /exploration_node_1/optimization/algorithm2: 11
 * /exploration_node_1/optimization/dist0: 0.7
 * /exploration_node_1/optimization/ld_dist: 10.0
 * /exploration_node_1/optimization/ld_end: 0.5
 * /exploration_node_1/optimization/ld_feasi: 2.0
 * /exploration_node_1/optimization/ld_guide: 1.5
 * /exploration_node_1/optimization/ld_smooth: 5.0
 * /exploration_node_1/optimization/ld_start: 100.0
 * /exploration_node_1/optimization/ld_swarm: 5.0
 * /exploration_node_1/optimization/ld_time: 1.5
 * /exploration_node_1/optimization/ld_view: 0.0
 * /exploration_node_1/optimization/ld_waypt: 7.0
 * /exploration_node_1/optimization/max_acc: 0.8
 * /exploration_node_1/optimization/max_iteration_num1: 2
 * /exploration_node_1/optimization/max_iteration_num2: 2000
 * /exploration_node_1/optimization/max_iteration_num3: 200
 * /exploration_node_1/optimization/max_iteration_num4: 200
 * /exploration_node_1/optimization/max_iteration_time1: 0.0001
 * /exploration_node_1/optimization/max_iteration_time2: 0.005
 * /exploration_node_1/optimization/max_iteration_time3: 0.003
 * /exploration_node_1/optimization/max_iteration_time4: 0.003
 * /exploration_node_1/optimization/max_vel: 0.6
 * /exploration_node_1/optimization/swarm_safe_dist: 1.0
 * /exploration_node_1/partitioning/consistent_cost2: 8.0
 * /exploration_node_1/partitioning/consistent_cost: -5.0
 * /exploration_node_1/partitioning/grid_size: 5.0
 * /exploration_node_1/partitioning/min_free: 3000
 * /exploration_node_1/partitioning/min_frontier: 100
 * /exploration_node_1/partitioning/min_unknown: 4000
 * /exploration_node_1/partitioning/use_swarm_tf: False
 * /exploration_node_1/partitioning/w_unknown: 0.0
 * /exploration_node_1/perception_utils/left_angle: 1.0471975511965976
 * /exploration_node_1/perception_utils/max_dist: 4.5
 * /exploration_node_1/perception_utils/right_angle: 1.0471975511965976
 * /exploration_node_1/perception_utils/top_angle: 1.0471975511965976
 * /exploration_node_1/perception_utils/vis_dist: 1.0
 * /exploration_node_1/sdf_map/box_max_x: 6.0
 * /exploration_node_1/sdf_map/box_max_y: 6.0
 * /exploration_node_1/sdf_map/box_max_z: 3.0
 * /exploration_node_1/sdf_map/box_min_x: -6.0
 * /exploration_node_1/sdf_map/box_min_y: -6.0
 * /exploration_node_1/sdf_map/box_min_z: 0.0
 * /exploration_node_1/sdf_map/default_dist: 0.5
 * /exploration_node_1/sdf_map/ground_height: -0.1
 * /exploration_node_1/sdf_map/local_bound_inflate: 0.5
 * /exploration_node_1/sdf_map/local_map_margin: 50
 * /exploration_node_1/sdf_map/map_size_x: 14
 * /exploration_node_1/sdf_map/map_size_y: 14
 * /exploration_node_1/sdf_map/map_size_z: 3.5
 * /exploration_node_1/sdf_map/max_ray_length: 4.5
 * /exploration_node_1/sdf_map/min_ray_length: 0.1
 * /exploration_node_1/sdf_map/no_drone_1: False
 * /exploration_node_1/sdf_map/obstacles_inflation: 0.199
 * /exploration_node_1/sdf_map/optimistic: True
 * /exploration_node_1/sdf_map/p_hit: 0.65
 * /exploration_node_1/sdf_map/p_max: 0.9
 * /exploration_node_1/sdf_map/p_min: 0.12
 * /exploration_node_1/sdf_map/p_miss: 0.35
 * /exploration_node_1/sdf_map/p_occ: 0.8
 * /exploration_node_1/sdf_map/resolution: 0.1
 * /exploration_node_1/sdf_map/signed_dist: False
 * /exploration_node_1/sdf_map/virtual_ceil_height: -10
 * /exploration_node_1/search/allocate_num: 100000
 * /exploration_node_1/search/check_num: 10
 * /exploration_node_1/search/horizon: 5.0
 * /exploration_node_1/search/init_max_tau: 1.0
 * /exploration_node_1/search/lambda_heu: 10.0
 * /exploration_node_1/search/margin: 0.2
 * /exploration_node_1/search/max_acc: 0.8
 * /exploration_node_1/search/max_tau: 0.8
 * /exploration_node_1/search/max_vel: 0.6
 * /exploration_node_1/search/optimistic: False
 * /exploration_node_1/search/resolution_astar: 0.025
 * /exploration_node_1/search/time_resolution: 0.8
 * /exploration_node_1/search/vel_margin: 0.25
 * /exploration_node_1/search/w_time: 10.0
 * /exploration_node_2/astar/allocate_num: 1000000
 * /exploration_node_2/astar/lambda_heu: 10000.0
 * /exploration_node_2/astar/max_search_time: 0.001
 * /exploration_node_2/astar/resolution_astar: 0.3
 * /exploration_node_2/bspline/limit_acc: 0.8
 * /exploration_node_2/bspline/limit_ratio: 1.1
 * /exploration_node_2/bspline/limit_vel: 0.6
 * /exploration_node_2/exploration/am: 0.8
 * /exploration_node_2/exploration/drone_id: 2
 * /exploration_node_2/exploration/drone_num: 2.0
 * /exploration_node_2/exploration/init_plan_num: 2
 * /exploration_node_2/exploration/max_decay: 0.8
 * /exploration_node_2/exploration/mtsp_dir: /work/racer_ws/sr...
 * /exploration_node_2/exploration/refine_local: True
 * /exploration_node_2/exploration/refined_num: 7
 * /exploration_node_2/exploration/refined_radius: 5.0
 * /exploration_node_2/exploration/top_view_num: 15
 * /exploration_node_2/exploration/tsp_dir: /work/racer_ws/sr...
 * /exploration_node_2/exploration/vm: 0.6
 * /exploration_node_2/exploration/w_dir: 1.5
 * /exploration_node_2/exploration/yd: 0.65
 * /exploration_node_2/exploration/ydd: 0.8
 * /exploration_node_2/frontier/candidate_dphi: 0.2617993833333333
 * /exploration_node_2/frontier/candidate_rmax: 1.5
 * /exploration_node_2/frontier/candidate_rmin: 1.0
 * /exploration_node_2/frontier/candidate_rnum: 3
 * /exploration_node_2/frontier/cluster_min: 100
 * /exploration_node_2/frontier/cluster_size_xy: 2.0
 * /exploration_node_2/frontier/cluster_size_z: 10.0
 * /exploration_node_2/frontier/down_sample: 3
 * /exploration_node_2/frontier/min_candidate_clearance: 0.21
 * /exploration_node_2/frontier/min_candidate_dist: 0.5
 * /exploration_node_2/frontier/min_view_finish_fraction: 0.2
 * /exploration_node_2/frontier/min_visib_num: 30
 * /exploration_node_2/fsm/attempt_interval: 0.1
 * /exploration_node_2/fsm/gain_thresh: 10
 * /exploration_node_2/fsm/pair_opt_interval: 0.5
 * /exploration_node_2/fsm/replan_time: 0.2
 * /exploration_node_2/fsm/sync_interval: 0.2
 * /exploration_node_2/fsm/thresh_replan1: 0.2
 * /exploration_node_2/fsm/thresh_replan2: 0.2
 * /exploration_node_2/fsm/thresh_replan3: 1.5
 * /exploration_node_2/fsm/wait_delete_duration: 0.05
 * /exploration_node_2/heading_planner/half_vert_num: 5
 * /exploration_node_2/heading_planner/lambda1: 2.0
 * /exploration_node_2/heading_planner/lambda2: 1.0
 * /exploration_node_2/heading_planner/max_yaw_rate: 0.17453292222222222
 * /exploration_node_2/heading_planner/w: 20000.0
 * /exploration_node_2/heading_planner/weight_type: 1.0
 * /exploration_node_2/heading_planner/yaw_diff: 0.5235987666666666
 * /exploration_node_2/manager/clearance_threshold: 0.2
 * /exploration_node_2/manager/control_points_distance: 0.5
 * /exploration_node_2/manager/dynamic_environment: 0
 * /exploration_node_2/manager/local_segment_length: 6.0
 * /exploration_node_2/manager/max_acc: 0.8
 * /exploration_node_2/manager/max_jerk: 4.0
 * /exploration_node_2/manager/max_vel: 0.6
 * /exploration_node_2/manager/max_yawdot: 2.0943950666666664
 * /exploration_node_2/manager/min_time: True
 * /exploration_node_2/manager/relax_time1: 0.3
 * /exploration_node_2/manager/relax_time2: 1.5
 * /exploration_node_2/manager/use_active_perception: True
 * /exploration_node_2/manager/use_geometric_path: True
 * /exploration_node_2/manager/use_kinodynamic_path: True
 * /exploration_node_2/manager/use_optimization: True
 * /exploration_node_2/manager/use_topo_path: False
 * /exploration_node_2/map_ros/cx: 324.0879821777344
 * /exploration_node_2/map_ros/cy: 239.10362243652344
 * /exploration_node_2/map_ros/depth_filter_margin: 2
 * /exploration_node_2/map_ros/depth_filter_maxdist: 4.6
 * /exploration_node_2/map_ros/depth_filter_mindist: 0.2
 * /exploration_node_2/map_ros/esdf_slice_height: 0.5
 * /exploration_node_2/map_ros/frame_id: world
 * /exploration_node_2/map_ros/fx: 385.69793701171875
 * /exploration_node_2/map_ros/fy: 385.69793701171875
 * /exploration_node_2/map_ros/k_depth_scaling_factor: 1000.0
 * /exploration_node_2/map_ros/show_all_map: True
 * /exploration_node_2/map_ros/show_esdf_time: False
 * /exploration_node_2/map_ros/show_occ_time: False
 * /exploration_node_2/map_ros/skip_pixel: 2
 * /exploration_node_2/map_ros/visualization_truncate_height: 10.09
 * /exploration_node_2/map_ros/visualization_truncate_low: -2.0
 * /exploration_node_2/optimization/algorithm1: 15
 * /exploration_node_2/optimization/algorithm2: 11
 * /exploration_node_2/optimization/dist0: 0.7
 * /exploration_node_2/optimization/ld_dist: 10.0
 * /exploration_node_2/optimization/ld_end: 0.5
 * /exploration_node_2/optimization/ld_feasi: 2.0
 * /exploration_node_2/optimization/ld_guide: 1.5
 * /exploration_node_2/optimization/ld_smooth: 5.0
 * /exploration_node_2/optimization/ld_start: 100.0
 * /exploration_node_2/optimization/ld_swarm: 5.0
 * /exploration_node_2/optimization/ld_time: 1.5
 * /exploration_node_2/optimization/ld_view: 0.0
 * /exploration_node_2/optimization/ld_waypt: 7.0
 * /exploration_node_2/optimization/max_acc: 0.8
 * /exploration_node_2/optimization/max_iteration_num1: 2
 * /exploration_node_2/optimization/max_iteration_num2: 2000
 * /exploration_node_2/optimization/max_iteration_num3: 200
 * /exploration_node_2/optimization/max_iteration_num4: 200
 * /exploration_node_2/optimization/max_iteration_time1: 0.0001
 * /exploration_node_2/optimization/max_iteration_time2: 0.005
 * /exploration_node_2/optimization/max_iteration_time3: 0.003
 * /exploration_node_2/optimization/max_iteration_time4: 0.003
 * /exploration_node_2/optimization/max_vel: 0.6
 * /exploration_node_2/optimization/swarm_safe_dist: 1.0
 * /exploration_node_2/partitioning/consistent_cost2: 8.0
 * /exploration_node_2/partitioning/consistent_cost: -5.0
 * /exploration_node_2/partitioning/grid_size: 5.0
 * /exploration_node_2/partitioning/min_free: 3000
 * /exploration_node_2/partitioning/min_frontier: 100
 * /exploration_node_2/partitioning/min_unknown: 4000
 * /exploration_node_2/partitioning/use_swarm_tf: False
 * /exploration_node_2/partitioning/w_unknown: 0.0
 * /exploration_node_2/perception_utils/left_angle: 1.0471975511965976
 * /exploration_node_2/perception_utils/max_dist: 4.5
 * /exploration_node_2/perception_utils/right_angle: 1.0471975511965976
 * /exploration_node_2/perception_utils/top_angle: 1.0471975511965976
 * /exploration_node_2/perception_utils/vis_dist: 1.0
 * /exploration_node_2/sdf_map/box_max_x: 6.0
 * /exploration_node_2/sdf_map/box_max_y: 6.0
 * /exploration_node_2/sdf_map/box_max_z: 3.0
 * /exploration_node_2/sdf_map/box_min_x: -6.0
 * /exploration_node_2/sdf_map/box_min_y: -6.0
 * /exploration_node_2/sdf_map/box_min_z: 0.0
 * /exploration_node_2/sdf_map/default_dist: 0.5
 * /exploration_node_2/sdf_map/ground_height: -0.1
 * /exploration_node_2/sdf_map/local_bound_inflate: 0.5
 * /exploration_node_2/sdf_map/local_map_margin: 50
 * /exploration_node_2/sdf_map/map_size_x: 14
 * /exploration_node_2/sdf_map/map_size_y: 14
 * /exploration_node_2/sdf_map/map_size_z: 3.5
 * /exploration_node_2/sdf_map/max_ray_length: 4.5
 * /exploration_node_2/sdf_map/min_ray_length: 0.1
 * /exploration_node_2/sdf_map/no_drone_1: False
 * /exploration_node_2/sdf_map/obstacles_inflation: 0.199
 * /exploration_node_2/sdf_map/optimistic: True
 * /exploration_node_2/sdf_map/p_hit: 0.65
 * /exploration_node_2/sdf_map/p_max: 0.9
 * /exploration_node_2/sdf_map/p_min: 0.12
 * /exploration_node_2/sdf_map/p_miss: 0.35
 * /exploration_node_2/sdf_map/p_occ: 0.8
 * /exploration_node_2/sdf_map/resolution: 0.1
 * /exploration_node_2/sdf_map/signed_dist: False
 * /exploration_node_2/sdf_map/virtual_ceil_height: -10
 * /exploration_node_2/search/allocate_num: 100000
 * /exploration_node_2/search/check_num: 10
 * /exploration_node_2/search/horizon: 5.0
 * /exploration_node_2/search/init_max_tau: 1.0
 * /exploration_node_2/search/lambda_heu: 10.0
 * /exploration_node_2/search/margin: 0.2
 * /exploration_node_2/search/max_acc: 0.8
 * /exploration_node_2/search/max_tau: 0.8
 * /exploration_node_2/search/max_vel: 0.6
 * /exploration_node_2/search/optimistic: False
 * /exploration_node_2/search/resolution_astar: 0.025
 * /exploration_node_2/search/time_resolution: 0.8
 * /exploration_node_2/search/vel_margin: 0.25
 * /exploration_node_2/search/w_time: 10.0
 * /rosdistro: noetic
 * /rosversion: 1.17.4
 * /traj_server_1/perception_utils/left_angle: 1.0471975511965976
 * /traj_server_1/perception_utils/max_dist: 4.5
 * /traj_server_1/perception_utils/right_angle: 1.0471975511965976
 * /traj_server_1/perception_utils/top_angle: 1.0471975511965976
 * /traj_server_1/perception_utils/vis_dist: 1.0
 * /traj_server_1/traj_server/drone_id: 1
 * /traj_server_1/traj_server/drone_num: 2
 * /traj_server_1/traj_server/pub_traj_id: 4
 * /traj_server_1/traj_server/time_forward: 1.5
 * /traj_server_2/perception_utils/left_angle: 1.0471975511965976
 * /traj_server_2/perception_utils/max_dist: 4.5
 * /traj_server_2/perception_utils/right_angle: 1.0471975511965976
 * /traj_server_2/perception_utils/top_angle: 1.0471975511965976
 * /traj_server_2/perception_utils/vis_dist: 1.0
 * /traj_server_2/traj_server/drone_id: 2
 * /traj_server_2/traj_server/drone_num: 2
 * /traj_server_2/traj_server/pub_traj_id: 4
 * /traj_server_2/traj_server/time_forward: 1.5
 * /tsp_solver_1/exploration/drone_id: 1
 * /tsp_solver_1/exploration/mtsp_dir: /work/racer_ws/sr...
 * /tsp_solver_1/exploration/problem_id: 1
 * /tsp_solver_2/exploration/drone_id: 2
 * /tsp_solver_2/exploration/mtsp_dir: /work/racer_ws/sr...
 * /tsp_solver_2/exploration/problem_id: 1
 * /use_sim_time: True

NODES
  /
    acvrp_solver_1 (lkh_mtsp_solver/mtsp_node)
    acvrp_solver_2 (lkh_mtsp_solver/mtsp_node)
    exploration_node_1 (exploration_manager/exploration_node)
    exploration_node_2 (exploration_manager/exploration_node)
    traj_server_1 (plan_manage/traj_server)
    traj_server_2 (plan_manage/traj_server)
    tsp_solver_1 (lkh_mtsp_solver/mtsp_node)
    tsp_solver_2 (lkh_mtsp_solver/mtsp_node)
[33m[WARN] [1790606067.964036593]: MTSP server 1 is ready.[0m
[33m[WARN] [1790606067.972676953]: MTSP server 1 is ready.[0m
[33m[WARN] [1790606068.014084521]: MTSP server 2 is ready.[0m
[33m[WARN] [1790606068.030199533]: MTSP server 2 is ready.[0m
[33m[WARN] [1790606068.068623819]: [Traj server]: init...[0m
[33m[WARN] [1790606068.120570529]: [Traj server]: init...[0m
0
0
0
0
[33m[WARN] [1790606082.198074896, 1.008999999]: wait for init[0m
[33m[WARN] [1790606082.199350533, 1.008999999]: wait for init[0m
[33m[WARN] [1790606082.206589609, 1.018000000]: [Traj server]: ready.[0m
[33m[WARN] [1790606082.207996896, 1.018000000]: [Traj server]: ready.[0m
[33m[WARN] [1790606083.206053133, 2.016999999]: wait for init[0m
[33m[WARN] [1790606083.207711796, 2.016999999]: wait for init[0m
[33m[WARN] [1790606084.209871667, 3.020999999]: wait for trigger.[0m
[33m[WARN] [1790606084.209875794, 3.020999999]: wait for trigger.[0m
[33m[WARN] [1790606084.705419193, 3.504000000]: Init grid allocation.[0m
[33m[WARN] [1790606084.707804926, 3.504000000]: Init grid allocation.[0m
[33m[WARN] [1790606084.710703959, 3.514000000]: Init grid allocation.[0m
[33m[WARN] [1790606084.712683781, 3.514000000]: Init grid allocation.[0m
[33m[WARN] [1790606084.714675443, 3.514000000]: Empty dominance.[0m
[33m[WARN] [1790606084.955072165, 3.754999999]: Pair opt 1 & 2[0m
[31m[ERROR] [1790606085.039208796, 3.833000000]: Larger cost after reallocation[0m
[33m[WARN] [1790606085.039740353, 3.833000000]: Drone 1 send opt request to 2, pair opt t: 0.078000, allocate t: 0.067000[0m
[33m[WARN] [1790606085.045652266, 3.833000000]: get response 1[0m
[33m[WARN] [1790606085.326887021, 4.121000000]: wait for trigger.[0m
[33m[WARN] [1790606085.445135033, 4.237000000]: wait for trigger.[0m
[33m[WARN] [1790606085.553507609, 4.343000000]: Pair opt 1 & 2[0m
[31m[ERROR] [1790606085.672942713, 4.458000000]: Path 2 inconsistent[0m
[33m[WARN] [1790606085.673351667, 4.458000000]: Drone 1 send opt request to 2, pair opt t: 0.115000, allocate t: 0.115000[0m
[33m[WARN] [1790606085.676310521, 4.458000000]: Pair opt 1 & 2[0m
[31m[ERROR] [1790606085.797274264, 4.583000000]: Path 2 inconsistent[0m
[33m[WARN] [1790606085.797607723, 4.583000000]: Drone 1 send opt request to 2, pair opt t: 0.125000, allocate t: 0.125000[0m
[33m[WARN] [1790606085.815648280, 4.602000000]: Reject frequent attempt[0m
[33m[WARN] [1790606086.034002528, 4.814000000]: get response 2[0m
[33m[WARN] [1790606086.039580732, 4.814000000]: Pair opt 1 & 2[0m
[31m[ERROR] [1790606086.141897865, 4.919000000]: Larger cost after reallocation[0m
[33m[WARN] [1790606086.142321160, 4.919000000]: Drone 1 send opt request to 2, pair opt t: 0.105000, allocate t: 0.096000[0m
[33m[WARN] [1790606086.144480197, 4.919000000]: Pair opt 1 & 2[0m
[31m[ERROR] [1790606086.253906758, 5.016000000]: Larger cost after reallocation[0m
[33m[WARN] [1790606086.254632413, 5.025000000]: Drone 1 send opt request to 2, pair opt t: 0.106000, allocate t: 0.097000[0m
[33m[WARN] [1790606086.321326326, 5.092999999]: Reject frequent attempt[0m
[33m[WARN] [1790606086.349653274, 5.121000000]: wait for trigger.[0m
[33m[WARN] [1790606086.558839691, 5.266000000]: wait for trigger.[0m
[33m[WARN] [1790606086.561744809, 5.266000000]: get response 2[0m
[33m[WARN] [1790606086.565032035, 5.275000000]: Pair opt 1 & 2[0m
[31m[ERROR] [1790606086.672323487, 5.371000000]: Larger cost after reallocation[0m
[33m[WARN] [1790606086.672709764, 5.381000000]: Drone 1 send opt request to 2, pair opt t: 0.106000, allocate t: 0.096000[0m
[33m[WARN] [1790606086.675044806, 5.381000000]: get response 1[0m
[33m[WARN] [1790606087.201119170, 5.900000000]: Pair opt 1 & 2[0m
[31m[ERROR] [1790606087.285509553, 5.977000000]: Larger cost after reallocation[0m
[33m[WARN] [1790606087.285811745, 5.977000000]: Drone 1 send opt request to 2, pair opt t: 0.077000, allocate t: 0.077000[0m
[33m[WARN] [1790606087.286453232, 5.977000000]: get response 1[0m
[33m[WARN] [1790606087.324032554, 6.006000000]: Grid 10 is rediscovered[0m
[33m[WARN] [1790606087.436844182, 6.131000000]: wait for trigger.[0m
[33m[WARN] [1790606087.579829723, 6.266000000]: wait for trigger.[0m
[33m[WARN] [1790606087.810273053, 6.496000000]: Pair opt 1 & 2[0m
[31m[ERROR] [1790606087.892225593, 6.573000000]: Larger cost after reallocation[0m
[33m[WARN] [1790606087.892488391, 6.573000000]: Drone 1 send opt request to 2, pair opt t: 0.077000, allocate t: 0.077000[0m
[33m[WARN] [1790606088.145220986, 6.823000000]: get response 1[0m
[33m[WARN] [1790606088.457912920, 7.131000000]: wait for trigger.[0m
[33m[WARN] [1790606088.595855357, 7.266000000]: wait for trigger.[0m
[33m[WARN] [1790606088.692573233, 7.362000000]: Pair opt 1 & 2[0m
[31m[ERROR] [1790606088.737420229, 7.400000000]: Larger cost after reallocation[0m
[33m[WARN] [1790606088.737706289, 7.400000000]: Drone 1 send opt request to 2, pair opt t: 0.038000, allocate t: 0.038000[0m
[33m[WARN] [1790606088.738451411, 7.400000000]: get response 1[0m
[33m[WARN] [1790606088.856370216, 7.506000000]: Grid 7 is rediscovered[0m
[33m[WARN] [1790606089.271642624, 7.919000000]: Pair opt 1 & 2[0m
[31m[ERROR] [1790606089.318459020, 7.967000000]: Larger cost after reallocation[0m
[33m[WARN] [1790606089.318667666, 7.967000000]: Drone 1 send opt request to 2, pair opt t: 0.048000, allocate t: 0.039000[0m
[33m[WARN] [1790606089.319334124, 7.967000000]: get response 1[0m
[33m[WARN] [1790606089.365348412, 8.005000000]: Grid 8 is rediscovered[0m
[33m[WARN] [1790606089.380712298, 8.025000000]: Grid 10 is rediscovered[0m
[33m[WARN] [1790606089.506235862, 8.149000000]: wait for trigger.[0m
[33m[WARN] [1790606089.661025927, 8.294000000]: wait for trigger.[0m
[33m[WARN] [1790606089.862096954, 8.496000000]: Pair opt 1 & 2[0m
[33m[WARN] [1790606089.908098276, 8.534000000]: Drone 1 send opt request to 2, pair opt t: 0.038000, allocate t: 0.038000[0m
[33m[WARN] [1790606090.177859840, 8.803000000]: get response 1[0m
[33m[WARN] [1790606090.525533006, 9.149000000]: wait for trigger.[0m
[33m[WARN] [1790606090.675649444, 9.294000000]: wait for trigger.[0m
[33m[WARN] [1790606090.696440042, 9.313000000]: Pair opt 1 & 2[0m
[31m[ERROR] [1790606090.752178231, 9.361000000]: Larger cost after reallocation[0m
[33m[WARN] [1790606090.752421727, 9.361000000]: Drone 1 send opt request to 2, pair opt t: 0.048000, allocate t: 0.038000[0m
[33m[WARN] [1790606090.753185943, 9.361000000]: get response 1[0m
[33m[WARN] [1790606090.905218463, 9.505000000]: Grid 8 is rediscovered[0m
[33m[WARN] [1790606090.913094399, 9.515000000]: Grid 11 is rediscovered[0m
[33m[WARN] [1790606091.275272772, 9.880000000]: Pair opt 1 & 2[0m
[33m[WARN] [1790606091.333868931, 9.928000000]: Drone 1 send opt request to 2, pair opt t: 0.048000, allocate t: 0.048000[0m
[33m[WARN] [1790606091.334350213, 9.928000000]: get response 1[0m
[33m[WARN] [1790606091.565461419, 10.159000000]: wait for trigger.[0m
[33m[WARN] [1790606091.703531962, 10.294000000]: wait for trigger.[0m
[33m[WARN] [1790606091.878164109, 10.467000000]: Pair opt 1 & 2[0m
[31m[ERROR] [1790606091.920517192, 10.505000000]: Larger cost after reallocation[0m
[31m[ERROR] [1790606091.920832391, 10.505000000]: Path 1 inconsistent[0m
[33m[WARN] [1790606091.921224087, 10.505000000]: Drone 1 send opt request to 2, pair opt t: 0.038000, allocate t: 0.038000[0m
[33m[WARN] [1790606092.202229853, 10.784000000]: get response 1[0m
[33m[WARN] [1790606092.577677442, 11.159000000]: wait for trigger.[0m
[33m[WARN] [1790606092.716138721, 11.294000000]: wait for trigger.[0m
[33m[WARN] [1790606092.744269780, 11.323000000]: Pair opt 1 & 2[0m
[31m[ERROR] [1790606092.803069832, 11.371000000]: Larger cost after reallocation[0m
[31m[ERROR] [1790606092.803500338, 11.380000000]: Path 1 inconsistent[0m
[33m[WARN] [1790606092.803729995, 11.380000000]: Drone 1 send opt request to 2, pair opt t: 0.057000, allocate t: 0.048000[0m
[33m[WARN] [1790606092.804124734, 11.380000000]: get response 1[0m
[33m[WARN] [1790606093.312854889, 11.880000000]: Pair opt 1 & 2[0m
[31m[ERROR] [1790606093.371915654, 11.938000000]: Larger cost after reallocation[0m
[31m[ERROR] [1790606093.372519540, 11.938000000]: Path 1 inconsistent[0m
[33m[WARN] [1790606093.373114170, 11.938000000]: Drone 1 send opt request to 2, pair opt t: 0.058000, allocate t: 0.048000[0m
[33m[WARN] [1790606093.374087281, 11.938000000]: get response 1[0m
[33m[WARN] [1790606093.449188688, 12.005000000]: Grid 7 is rediscovered[0m
[33m[WARN] [1790606093.593335017, 12.159000000]: wait for trigger.[0m
[33m[WARN] [1790606093.731435033, 12.294000000]: wait for trigger.[0m
[33m[WARN] [1790606093.875849829, 12.438000000]: Pair opt 1 & 2[0m
[31m[ERROR] [1790606093.920054087, 12.476000000]: Larger cost after reallocation[0m
[31m[ERROR] [1790606093.920426731, 12.476000000]: Path 1 inconsistent[0m
[33m[WARN] [1790606093.920659431, 12.476000000]: Drone 1 send opt request to 2, pair opt t: 0.038000, allocate t: 0.038000[0m
[33m[WARN] [1790606093.922309589, 12.476000000]: get response 1[0m
[33m[WARN] [1790606094.621972329, 13.159000000]: wait for trigger.[0m
[33m[WARN] [1790606094.723322646, 13.246000000]: Pair opt 1 & 2[0m
[31m[ERROR] [1790606094.801609853, 13.323000000]: Larger cost after reallocation[0m
[33m[WARN] [1790606094.801953608, 13.323000000]: Drone 1 send opt request to 2, pair opt t: 0.077000, allocate t: 0.077000[0m
[33m[WARN] [1790606094.803690643, 13.323000000]: wait for trigger.[0m
[33m[WARN] [1790606094.804493378, 13.323000000]: get response 1[0m
[33m[WARN] [1790606095.322104596, 13.832000000]: Pair opt 1 & 2[0m
[33m[WARN] [1790606095.379092992, 13.880000000]: Drone 1 send opt request to 2, pair opt t: 0.048000, allocate t: 0.048000[0m
[33m[WARN] [1790606095.381137014, 13.880000000]: get response 1[0m
[33m[WARN] [1790606095.657056822, 14.159000000]: wait for trigger.[0m
[33m[WARN] [1790606095.823935594, 14.323000000]: wait for trigger.[0m
[33m[WARN] [1790606095.921349360, 14.419000000]: Pair opt 1 & 2[0m
[33m[WARN] [1790606095.951247844, 14.448000000]: Drone 1 send opt request to 2, pair opt t: 0.029000, allocate t: 0.019000[0m
[33m[WARN] [1790606095.952862901, 14.448000000]: get response 1[0m
[33m[WARN] [1790606096.480737332, 14.976000000]: Pair opt 1 & 2[0m
[33m[WARN] [1790606096.505075870, 14.995000000]: Drone 1 send opt request to 2, pair opt t: 0.019000, allocate t: 0.019000[0m
[33m[WARN] [1790606096.505866515, 14.995000000]: get response 1[0m
[33m[WARN] [1790606096.670942011, 15.159000000]: wait for trigger.[0m
[33m[WARN] [1790606096.836054360, 15.323000000]: wait for trigger.[0m
[33m[WARN] [1790606097.286389457, 15.765000000]: Pair opt 1 & 2[0m
[33m[WARN] [1790606097.335547940, 15.813000000]: Drone 1 send opt request to 2, pair opt t: 0.048000, allocate t: 0.038000[0m
[33m[WARN] [1790606097.340811071, 15.813000000]: get response 1[0m
[33m[WARN] [1790606097.682375559, 16.160000000]: wait for trigger.[0m
[33m[WARN] [1790606097.855776675, 16.324000000]: Pair opt 1 & 2[0m
[33m[WARN] [1790606097.909988392, 16.370000000]: Drone 1 send opt request to 2, pair opt t: 0.046000, allocate t: 0.046000[0m
[33m[WARN] [1790606097.910746313, 16.370000000]: wait for trigger.[0m
[33m[WARN] [1790606097.911221967, 16.370000000]: get response 1[0m
[33m[WARN] [1790606098.440054960, 16.900999999]: Pair opt 1 & 2[0m
[33m[WARN] [1790606098.495205605, 16.955999999]: Drone 1 send opt request to 2, pair opt t: 0.045000, allocate t: 0.045000[0m
[33m[WARN] [1790606098.495903996, 16.955999999]: get response 1[0m
[33m[WARN] [1790606098.711070692, 17.166000000]: wait for trigger.[0m
[33m[WARN] [1790606098.940265816, 17.385000000]: wait for trigger.[0m
[33m[WARN] [1790606099.018044144, 17.458999999]: Pair opt 1 & 2[0m
[33m[WARN] [1790606099.065637845, 17.504000000]: Drone 1 send opt request to 2, pair opt t: 0.045000, allocate t: 0.045000[0m
[33m[WARN] [1790606099.324397744, 17.751000000]: get response 1[0m
[33m[WARN] [1790606099.752065305, 18.172000000]: wait for trigger.[0m
[33m[WARN] [1790606099.865961349, 18.272999999]: Pair opt 1 & 2[0m
[33m[WARN] [1790606099.922645844, 18.327000000]: Drone 1 send opt request to 2, pair opt t: 0.054000, allocate t: 0.054000[0m
[33m[WARN] [1790606099.925689574, 18.336999999]: get response 1[0m
[33m[WARN] [1790606099.984332422, 18.391999999]: wait for trigger.[0m
[33m[WARN] [1790606100.474306078, 18.867000000]: Pair opt 1 & 2[0m
[33m[WARN] [1790606100.527438923, 18.913000000]: Drone 1 send opt request to 2, pair opt t: 0.046000, allocate t: 0.046000[0m
[33m[WARN] [1790606100.529181169, 18.913000000]: get response 1[0m
[33m[WARN] [1790606100.792306541, 19.178000000]: wait for trigger.[0m
[33m[WARN] [1790606101.015788434, 19.397999999]: wait for trigger.[0m
[33m[WARN] [1790606101.049980063, 19.425000000]: Pair opt 1 & 2[0m
[33m[WARN] [1790606101.102159098, 19.471000000]: Drone 1 send opt request to 2, pair opt t: 0.046000, allocate t: 0.037000[0m
[33m[WARN] [1790606101.104158848, 19.471000000]: get response 1[0m
[33m[WARN] [1790606101.612854777, 19.975000000]: Pair opt 1 & 2[0m
[33m[WARN] [1790606101.668407748, 20.021000000]: Drone 1 send opt request to 2, pair opt t: 0.046000, allocate t: 0.046000[0m
[33m[WARN] [1790606101.752553717, 20.112999999]: Start expl pos: -3.99924   2.9967  1.20246[0m
[31m[ERROR] [1790606101.772517860, 20.131000000]: No path to next viewpoint[0m
[33m[WARN] [1790606101.772787037, 20.131000000]: Plan fail[0m
[31m[ERROR] [1790606101.793398754, 20.149000000]: No path to next viewpoint[0m
[33m[WARN] [1790606101.793687273, 20.149000000]: Plan fail[0m
[31m[ERROR] [1790606101.808359022, 20.167000000]: No path to next viewpoint[0m
[33m[WARN] [1790606101.808801702, 20.167000000]: Plan fail[0m
[31m[ERROR] [1790606101.825326543, 20.185999999]: No path to next viewpoint[0m
[33m[WARN] [1790606101.825644202, 20.185999999]: Plan fail[0m
[31m[ERROR] [1790606101.840907705, 20.195000000]: No path to next viewpoint[0m
[33m[WARN] [1790606101.841309489, 20.195000000]: Plan fail[0m
[31m[ERROR] [1790606101.860401614, 20.213000000]: No path to next viewpoint[0m
[33m[WARN] [1790606101.860789016, 20.213000000]: Plan fail[0m
[31m[ERROR] [1790606101.882176246, 20.231000000]: No path to next viewpoint[0m
[33m[WARN] [1790606101.882649732, 20.231000000]: Plan fail[0m
[31m[ERROR] [1790606101.902470137, 20.259000000]: No path to next viewpoint[0m
[33m[WARN] [1790606101.902776541, 20.259000000]: Plan fail[0m
[31m[ERROR] [1790606101.920985766, 20.277000000]: No path to next viewpoint[0m
[33m[WARN] [1790606101.921393344, 20.277000000]: Plan fail[0m
[33m[WARN] [1790606101.937037579, 20.295000000]: Start expl pos: -4.00602 -3.00308  1.20601[0m
[31m[ERROR] [1790606101.939373497, 20.295000000]: No path to next viewpoint[0m
[33m[WARN] [1790606101.939609823, 20.295000000]: Plan fail[0m
[31m[ERROR] [1790606101.957897004, 20.304999999]: No path to next viewpoint[0m
[33m[WARN] [1790606101.958363695, 20.314000000]: Plan fail[0m
[31m[ERROR] [1790606101.977095223, 20.323000000]: No path to next viewpoint[0m
[33m[WARN] [1790606101.977376322, 20.323000000]: Plan fail[0m
[31m[ERROR] [1790606101.993722699, 20.341000000]: No path to next viewpoint[0m
[33m[WARN] [1790606101.994243585, 20.341000000]: Plan fail[0m
[31m[ERROR] [1790606102.002235787, 20.350000000]: No path to next viewpoint[0m
[33m[WARN] [1790606102.002633152, 20.350000000]: Plan fail[0m
[33m[WARN] [1790606102.003134111, 20.350000000]: get response 1[0m
[31m[ERROR] [1790606102.014158079, 20.359000000]: No path to next viewpoint[0m
[33m[WARN] [1790606102.014553318, 20.359000000]: Plan fail[0m
[31m[ERROR] [1790606102.036662534, 20.387000000]: No path to next viewpoint[0m
[33m[WARN] [1790606102.037188296, 20.387000000]: Plan fail[0m
[31m[ERROR] [1790606102.059021916, 20.405000000]: No path to next viewpoint[0m
[33m[WARN] [1790606102.059868798, 20.405000000]: Plan fail[0m
[31m[ERROR] [1790606102.061041675, 20.405000000]: No path to next viewpoint[0m
[33m[WARN] [1790606102.062845327, 20.414000000]: Plan fail[0m
[31m[ERROR] [1790606102.084511571, 20.423000000]: No path to next viewpoint[0m
[33m[WARN] [1790606102.084911604, 20.432999999]: Plan fail[0m
[31m[ERROR] [1790606102.104375665, 20.451000000]: No path to next viewpoint[0m
[33m[WARN] [1790606102.104564843, 20.451000000]: Plan fail[0m
[31m[ERROR] [1790606102.107308756, 20.451000000]: No path to next viewpoint[0m
[33m[WARN] [1790606102.108398342, 20.451000000]: Plan fail[0m
[31m[ERROR] [1790606102.130328426, 20.469000000]: No path to next viewpoint[0m
[33m[WARN] [1790606102.132752221, 20.478000000]: Plan fail[0m
[31m[ERROR] [1790606102.154098389, 20.496999999]: No path to next viewpoint[0m
[33m[WARN] [1790606102.154374193, 20.496999999]: Plan fail[0m
[31m[ERROR] [1790606102.159039400, 20.506000000]: No path to next viewpoint[0m
[33m[WARN] [1790606102.159573333, 20.506000000]: Plan fail[0m
[31m[ERROR] [1790606102.178346257, 20.515000000]: No path to next viewpoint[0m
[33m[WARN] [1790606102.178943889, 20.515000000]: Plan fail[0m
[31m[ERROR] [1790606102.197717813, 20.533000000]: No path to next viewpoint[0m
[33m[WARN] [1790606102.198293017, 20.542000000]: Plan fail[0m
[31m[ERROR] [1790606102.214868175, 20.551999999]: No path to next viewpoint[0m
[33m[WARN] [1790606102.215358754, 20.551999999]: Plan fail[0m
[31m[ERROR] [1790606102.215549683, 20.551999999]: No path to next viewpoint[0m
[33m[WARN] [1790606102.215858212, 20.551999999]: Plan fail[0m
[31m[ERROR] [1790606102.237537379, 20.579000000]: No path to next viewpoint[0m
[33m[WARN] [1790606102.238269037, 20.579000000]: Plan fail[0m
[31m[ERROR] [1790606102.262444785, 20.597000000]: No path to next viewpoint[0m
[33m[WARN] [1790606102.263058717, 20.597000000]: Plan fail[0m
[31m[ERROR] [1790606102.273648884, 20.606000000]: No path to next viewpoint[0m
[33m[WARN] [1790606102.274074555, 20.606000000]: Plan fail[0m
[31m[ERROR] [1790606102.285731714, 20.625000000]: No path to next viewpoint[0m
[33m[WARN] [1790606102.286071843, 20.625000000]: Plan fail[0m
[31m[ERROR] [1790606102.310455112, 20.634000000]: No path to next viewpoint[0m
[33m[WARN] [1790606102.310683726, 20.634000000]: Plan fail[0m
[31m[ERROR] [1790606102.323053199, 20.652000000]: No path to next viewpoint[0m
[33m[WARN] [1790606102.323294736, 20.652000000]: Plan fail[0m
[31m[ERROR] [1790606102.334728075, 20.661000000]: No path to next viewpoint[0m
[33m[WARN] [1790606102.335395826, 20.661000000]: Plan fail[0m
[31m[ERROR] [1790606102.354364805, 20.679999999]: No path to next viewpoint[0m
[33m[WARN] [1790606102.354771175, 20.679999999]: Plan fail[0m
[31m[ERROR] [1790606102.371190464, 20.698000000]: No path to next viewpoint[0m
[33m[WARN] [1790606102.371741990, 20.698000000]: Plan fail[0m
[31m[ERROR] [1790606102.381406903, 20.707000000]: No path to next viewpoint[0m
[33m[WARN] [1790606102.381681624, 20.707000000]: Plan fail[0m
[31m[ERROR] [1790606102.401027875, 20.725000000]: No path to next viewpoint[0m
[33m[WARN] [1790606102.401325858, 20.725000000]: Plan fail[0m
[31m[ERROR] [1790606102.420289084, 20.743999999]: No path to next viewpoint[0m
[33m[WARN] [1790606102.420505026, 20.743999999]: Plan fail[0m
[31m[ERROR] [1790606102.429815345, 20.753000000]: No path to next viewpoint[0m
[33m[WARN] [1790606102.430160935, 20.753000000]: Plan fail[0m
[31m[ERROR] [1790606102.435384754, 20.753000000]: No path to next viewpoint[0m
[33m[WARN] [1790606102.435632211, 20.753000000]: Plan fail[0m
[31m[ERROR] [1790606102.450033157, 20.762000000]: No path to next viewpoint[0m
[33m[WARN] [1790606102.450293871, 20.762000000]: Plan fail[0m
[31m[ERROR] [1790606102.466633704, 20.780000000]: No path to next viewpoint[0m
[33m[WARN] [1790606102.466900045, 20.789000000]: Plan fail[0m
[31m[ERROR] [1790606102.480747715, 20.798000000]: No path to next viewpoint[0m
[33m[WARN] [1790606102.481031566, 20.798000000]: Plan fail[0m
[31m[ERROR] [1790606102.481263348, 20.798000000]: No path to next viewpoint[0m
[33m[WARN] [1790606102.481716825, 20.798000000]: Plan fail[0m
[31m[ERROR] [1790606102.503662375, 20.817000000]: No path to next viewpoint[0m
[33m[WARN] [1790606102.503904496, 20.817000000]: Plan fail[0m
[31m[ERROR] [1790606102.523423793, 20.826000000]: No path to next viewpoint[0m
[33m[WARN] [1790606102.523632814, 20.826000000]: Plan fail[0m
[31m[ERROR] [1790606102.544854003, 20.844000000]: No path to next viewpoint[0m
[33m[WARN] [1790606102.545398233, 20.844000000]: Plan fail[0m
[31m[ERROR] [1790606102.551488985, 20.853000000]: No path to next viewpoint[0m
[33m[WARN] [1790606102.551737317, 20.853000000]: Plan fail[0m
[33m[WARN] [1790606102.555241152, 20.853000000]: Pair opt 1 & 2[0m
[31m[ERROR] [1790606102.577615042, 20.871999999]: No path to next viewpoint[0m
[33m[WARN] [1790606102.578198250, 20.881000000]: Plan fail[0m
[31m[ERROR] [1790606102.603684653, 20.899000000]: No path to next viewpoint[0m
[33m[WARN] [1790606102.604190031, 20.899000000]: Plan fail[0m
[33m[WARN] [1790606102.619725920, 20.917000000]: Drone 1 send opt request to 2, pair opt t: 0.064000, allocate t: 0.064000[0m
[31m[ERROR] [1790606102.621387667, 20.917000000]: No path to next viewpoint[0m
[33m[WARN] [1790606102.621630705, 20.917000000]: Plan fail[0m
[31m[ERROR] [1790606102.644683226, 20.936000000]: No path to next viewpoint[0m
[33m[WARN] [1790606102.645035568, 20.936000000]: Plan fail[0m
[31m[ERROR] [1790606102.662947061, 20.954000000]: No path to next viewpoint[0m
[33m[WARN] [1790606102.663221365, 20.954000000]: Plan fail[0m
[31m[ERROR] [1790606102.663381445, 20.954000000]: No path to next viewpoint[0m
[33m[WARN] [1790606102.663469906, 20.954000000]: Pair opt 1 & 2[0m
[33m[WARN] [1790606102.663819789, 20.954000000]: Plan fail[0m
[31m[ERROR] [1790606102.684491328, 20.972000000]: No path to next viewpoint[0m
[33m[WARN] [1790606102.684979489, 20.972000000]: Plan fail[0m
[31m[ERROR] [1790606102.702334495, 20.990999999]: No path to next viewpoint[0m
[33m[WARN] [1790606102.702593833, 20.990999999]: Plan fail[0m
[33m[WARN] [1790606102.716773086, 21.000000000]: Drone 1 send opt request to 2, pair opt t: 0.046000, allocate t: 0.046000[0m
[31m[ERROR] [1790606102.737349327, 21.018000000]: No path to next viewpoint[0m
[33m[WARN] [1790606102.738311058, 21.018000000]: Plan fail[0m
[33m[WARN] [1790606102.739302845, 21.018000000]: Reject frequent attempt[0m
[31m[ERROR] [1790606102.768140715, 21.045999999]: No path to next viewpoint[0m
[33m[WARN] [1790606102.768411892, 21.054999999]: Plan fail[0m
[31m[ERROR] [1790606102.769840648, 21.054999999]: No path to next viewpoint[0m
[33m[WARN] [1790606102.770162267, 21.054999999]: Plan fail[0m
[33m[WARN] [1790606102.770522030, 21.054999999]: Pair opt 1 & 2[0m
[31m[ERROR] [1790606102.788069841, 21.073000000]: No path to next viewpoint[0m
[33m[WARN] [1790606102.788315423, 21.073000000]: Plan fail[0m
[31m[ERROR] [1790606102.805787029, 21.091000000]: No path to next viewpoint[0m
[33m[WARN] [1790606102.806058706, 21.091000000]: Plan fail[0m
[31m[ERROR] [1790606102.819940019, 21.100000000]: No path to next viewpoint[0m
[33m[WARN] [1790606102.820168800, 21.100000000]: Plan fail[0m
[33m[WARN] [1790606102.830556407, 21.109000000]: Drone 1 send opt request to 2, pair opt t: 0.054000, allocate t: 0.054000[0m
[31m[ERROR] [1790606102.843478365, 21.118999999]: No path to next viewpoint[0m
[33m[WARN] [1790606102.843911582, 21.118999999]: Plan fail[0m
[31m[ERROR] [1790606102.858945553, 21.137000000]: No path to next viewpoint[0m
[33m[WARN] [1790606102.859179170, 21.137000000]: Plan fail[0m
[31m[ERROR] [1790606102.876954011, 21.155000000]: No path to next viewpoint[0m
[33m[WARN] [1790606102.877424830, 21.155000000]: Plan fail[0m
[31m[ERROR] [1790606102.885907653, 21.164000000]: No path to next viewpoint[0m
[33m[WARN] [1790606102.887132431, 21.164000000]: Plan fail[0m
[33m[WARN] [1790606102.888093120, 21.164000000]: Pair opt 1 & 2[0m
[31m[ERROR] [1790606102.892683497, 21.173999999]: No path to next viewpoint[0m
[33m[WARN] [1790606102.893315938, 21.173999999]: Plan fail[0m
[31m[ERROR] [1790606102.906267161, 21.182999999]: No path to next viewpoint[0m
[33m[WARN] [1790606102.906488521, 21.182999999]: Plan fail[0m
[31m[ERROR] [1790606102.924327228, 21.201000000]: No path to next viewpoint[0m
[33m[WARN] [1790606102.924566597, 21.201000000]: Plan fail[0m
[33m[WARN] [1790606102.935791957, 21.210000000]: Drone 1 send opt request to 2, pair opt t: 0.046000, allocate t: 0.037000[0m
[31m[ERROR] [1790606102.939901678, 21.210000000]: No path to next viewpoint[0m
[33m[WARN] [1790606102.940150094, 21.210000000]: Plan fail[0m
[33m[WARN] [1790606102.941270487, 21.210000000]: Reject frequent attempt[0m
[31m[ERROR] [1790606102.955619658, 21.219000000]: No path to next viewpoint[0m
[33m[WARN] [1790606102.955958827, 21.219000000]: Plan fail[0m
[31m[ERROR] [1790606102.977038279, 21.237999999]: No path to next viewpoint[0m
[33m[WARN] [1790606102.977242130, 21.237999999]: Plan fail[0m
[31m[ERROR] [1790606102.983365941, 21.246999999]: No path to next viewpoint[0m
[33m[WARN] [1790606102.983636243, 21.246999999]: Plan fail[0m
[33m[WARN] [1790606102.988744545, 21.256000000]: get response 2[0m
[31m[ERROR] [1790606102.992653416, 21.256000000]: No path to next viewpoint[0m
[33m[WARN] [1790606102.992953774, 21.256000000]: Plan fail[0m
[31m[ERROR] [1790606103.010899576, 21.274000000]: No path to next viewpoint[0m
[33m[WARN] [1790606103.011113308, 21.274000000]: Plan fail[0m
[31m[ERROR] [1790606103.023779804, 21.283000000]: No path to next viewpoint[0m
[33m[WARN] [1790606103.024179087, 21.283000000]: Plan fail[0m
[31m[ERROR] [1790606103.052552684, 21.310999999]: No path to next viewpoint[0m
[33m[WARN] [1790606103.052748948, 21.310999999]: Plan fail[0m
[31m[ERROR] [1790606103.053107544, 21.310999999]: No path to next viewpoint[0m
[33m[WARN] [1790606103.053557936, 21.310999999]: Plan fail[0m
[33m[WARN] [1790606103.054022501, 21.310999999]: Pair opt 1 & 2[0m
[31m[ERROR] [1790606103.074237771, 21.329000000]: No path to next viewpoint[0m
[33m[WARN] [1790606103.075003862, 21.329000000]: Plan fail[0m
[31m[ERROR] [1790606103.092928070, 21.356000000]: No path to next viewpoint[0m
[33m[WARN] [1790606103.093224885, 21.356000000]: Plan fail[0m
[31m[ERROR] [1790606103.115677981, 21.375000000]: Larger cost after reallocation[0m
[31m[ERROR] [1790606103.116758437, 21.375000000]: No path to next viewpoint[0m
[33m[WARN] [1790606103.118162764, 21.375000000]: Plan fail[0m
[31m[ERROR] [1790606103.152374194, 21.402000000]: No path to next viewpoint[0m
[33m[WARN] [1790606103.152797614, 21.402000000]: Plan fail[0m
[31m[ERROR] [1790606103.200718980, 21.448000000]: No path to next viewpoint[0m
[33m[WARN] [1790606103.202471439, 21.457000000]: Plan fail[0m
[33m[WARN] [1790606103.202997952, 21.457000000]: Pair opt 1 & 2[0m
[31m[ERROR] [1790606103.205169871, 21.457000000]: No path to next viewpoint[0m
[33m[WARN] [1790606103.205898360, 21.457000000]: Plan fail[0m
[31m[ERROR] [1790606103.230335155, 21.484000000]: No path to next viewpoint[0m
[33m[WARN] [1790606103.230718639, 21.484000000]: Plan fail[0m
[31m[ERROR] [1790606103.248294964, 21.503000000]: No path to next viewpoint[0m
[33m[WARN] [1790606103.248467509, 21.503000000]: Plan fail[0m
[31m[ERROR] [1790606103.266368413, 21.512000000]: No path to next viewpoint[0m
[33m[WARN] [1790606103.266744768, 21.512000000]: Plan fail[0m
[33m[WARN] [1790606103.277482342, 21.530000000]: Drone 1 send opt request to 2, pair opt t: 0.073000, allocate t: 0.073000[0m
[31m[ERROR] [1790606103.282252393, 21.530000000]: No path to next viewpoint[0m
[33m[WARN] [1790606103.282497932, 21.530000000]: Plan fail[0m
[31m[ERROR] [1790606103.296379161, 21.539000000]: No path to next viewpoint[0m
[33m[WARN] [1790606103.296732796, 21.539000000]: Plan fail[0m
[31m[ERROR] [1790606103.312302160, 21.557999999]: No path to next viewpoint[0m
[33m[WARN] [1790606103.312578215, 21.557999999]: Plan fail[0m
[31m[ERROR] [1790606103.325962112, 21.567000000]: No path to next viewpoint[0m
[33m[WARN] [1790606103.326440893, 21.567000000]: Plan fail[0m
[31m[ERROR] [1790606103.334392200, 21.576000000]: No path to next viewpoint[0m
[33m[WARN] [1790606103.334831211, 21.576000000]: Plan fail[0m
[33m[WARN] [1790606103.335683512, 21.576000000]: Pair opt 1 & 2[0m
[31m[ERROR] [1790606103.342313909, 21.585000000]: No path to next viewpoint[0m
[33m[WARN] [1790606103.342563575, 21.585000000]: Plan fail[0m
[31m[ERROR] [1790606103.358908035, 21.594000000]: No path to next viewpoint[0m
[33m[WARN] [1790606103.359592919, 21.594000000]: Plan fail[0m
[31m[ERROR] [1790606103.384562898, 21.621999999]: No path to next viewpoint[0m
[33m[WARN] [1790606103.384790094, 21.621999999]: Plan fail[0m
[33m[WARN] [1790606103.400142225, 21.640000000]: Drone 1 send opt request to 2, pair opt t: 0.064000, allocate t: 0.055000[0m
[31m[ERROR] [1790606103.404054930, 21.640000000]: No path to next viewpoint[0m
[33m[WARN] [1790606103.404458757, 21.640000000]: Plan fail[0m
[33m[WARN] [1790606103.404884887, 21.640000000]: Reject frequent attempt[0m
[31m[ERROR] [1790606103.427938991, 21.667000000]: No path to next viewpoint[0m
[33m[WARN] [1790606103.428385006, 21.667000000]: Plan fail[0m
[31m[ERROR] [1790606103.447146424, 21.686000000]: No path to next viewpoint[0m
[31m[ERROR] [1790606103.447252643, 21.686000000]: No path to next viewpoint[0m
[33m[WARN] [1790606103.447572053, 21.686000000]: Plan fail[0m
[33m[WARN] [1790606103.447942822, 21.686000000]: Plan fail[0m
[33m[WARN] [1790606103.453388335, 21.695000000]: Pair opt 1 & 2[0m
[31m[ERROR] [1790606103.465088223, 21.704000000]: No path to next viewpoint[0m
[33m[WARN] [1790606103.465452239, 21.704000000]: Plan fail[0m
[31m[ERROR] [1790606103.485994463, 21.722000000]: No path to next viewpoint[0m
[33m[WARN] [1790606103.486305452, 21.722000000]: Plan fail[0m
[31m[ERROR] [1790606103.504345801, 21.740999999]: No path to next viewpoint[0m
[33m[WARN] [1790606103.504667503, 21.740999999]: Plan fail[0m
[33m[WARN] [1790606103.519667625, 21.759000000]: Drone 1 send opt request to 2, pair opt t: 0.064000, allocate t: 0.064000[0m
[31m[ERROR] [1790606103.524130021, 21.759000000]: No path to next viewpoint[0m
[33m[WARN] [1790606103.524337959, 21.759000000]: Plan fail[0m
[31m[ERROR] [1790606103.545000201, 21.777000000]: No path to next viewpoint[0m
[33m[WARN] [1790606103.545387895, 21.777000000]: Plan fail[0m
[31m[ERROR] [1790606103.566298387, 21.795000000]: No path to next viewpoint[0m
[33m[WARN] [1790606103.567074650, 21.804999999]: Plan fail[0m
[31m[ERROR] [1790606103.575633343, 21.804999999]: No path to next viewpoint[0m
[33m[WARN] [1790606103.576344574, 21.804999999]: Plan fail[0m
[33m[WARN] [1790606103.576895266, 21.804999999]: Pair opt 1 & 2[0m
[31m[ERROR] [1790606103.589266490, 21.823000000]: No path to next viewpoint[0m
[33m[WARN] [1790606103.589542711, 21.823000000]: Plan fail[0m
[31m[ERROR] [1790606103.612826264, 21.841000000]: No path to next viewpoint[0m
[33m[WARN] [1790606103.613546040, 21.841000000]: Plan fail[0m
[31m[ERROR] [1790606103.639509099, 21.868999999]: No path to next viewpoint[0m
[33m[WARN] [1790606103.640045325, 21.868999999]: Plan fail[0m
[33m[WARN] [1790606103.644725581, 21.878000000]: Drone 1 send opt request to 2, pair opt t: 0.073000, allocate t: 0.055000[0m
[31m[ERROR] [1790606103.661667798, 21.887000000]: No path to next viewpoint[0m
[33m[WARN] [1790606103.662649872, 21.887000000]: Plan fail[0m
[33m[WARN] [1790606103.663026268, 21.896000000]: Reject frequent attempt[0m
[31m[ERROR] [1790606103.681814658, 21.914000000]: No path to next viewpoint[0m
[33m[WARN] [1790606103.682195139, 21.914000000]: Plan fail[0m
[31m[ERROR] [1790606103.689909620, 21.923000000]: No path to next viewpoint[0m
[33m[WARN] [1790606103.690154117, 21.923000000]: Plan fail[0m
[33m[WARN] [1790606103.694279554, 21.923000000]: Pair opt 1 & 2[0m
[31m[ERROR] [1790606103.699643526, 21.923000000]: No path to next viewpoint[0m
[33m[WARN] [1790606103.700221773, 21.923000000]: Plan fail[0m
[31m[ERROR] [1790606103.720640019, 21.951000000]: No path to next viewpoint[0m
[33m[WARN] [1790606103.721149190, 21.951000000]: Plan fail[0m
[31m[ERROR] [1790606103.750546506, 21.978000000]: No path to next viewpoint[0m
[33m[WARN] [1790606103.751302384, 21.978000000]: Plan fail[0m
[33m[WARN] [1790606103.758366164, 21.987000000]: Drone 1 send opt request to 2, pair opt t: 0.064000, allocate t: 0.064000[0m
[31m[ERROR] [1790606103.776403262, 22.006000000]: No path to next viewpoint[0m
[33m[WARN] [1790606103.776763400, 22.006000000]: Plan fail[0m
[31m[ERROR] [1790606103.797360027, 22.024000000]: No path to next viewpoint[0m
[33m[WARN] [1790606103.797761227, 22.024000000]: Plan fail[0m
[31m[ERROR] [1790606103.809869070, 22.033000000]: No path to next viewpoint[0m
[33m[WARN] [1790606103.810267310, 22.033000000]: Plan fail[0m
[33m[WARN] [1790606103.810955613, 22.033000000]: Pair opt 1 & 2[0m
[31m[ERROR] [1790606103.817502093, 22.042000000]: No path to next viewpoint[0m
[33m[WARN] [1790606103.817894038, 22.042000000]: Plan fail[0m
[31m[ERROR] [1790606103.838391949, 22.060999999]: No path to next viewpoint[0m
[33m[WARN] [1790606103.838567995, 22.060999999]: Plan fail[0m
[31m[ERROR] [1790606103.857084290, 22.079000000]: No path to next viewpoint[0m
[33m[WARN] [1790606103.857399365, 22.079000000]: Plan fail[0m
[33m[WARN] [1790606103.861856967, 22.088000000]: Drone 1 send opt request to 2, pair opt t: 0.055000, allocate t: 0.046000[0m
[31m[ERROR] [1790606103.876927290, 22.097000000]: No path to next viewpoint[0m
[33m[WARN] [1790606103.877214601, 22.097000000]: Plan fail[0m
[33m[WARN] [1790606103.877860924, 22.097000000]: Reject frequent attempt[0m
[31m[ERROR] [1790606103.897838074, 22.115999999]: No path to next viewpoint[0m
[33m[WARN] [1790606103.898351080, 22.125000000]: Plan fail[0m
[31m[ERROR] [1790606103.908238396, 22.134000000]: No path to next viewpoint[0m
[33m[WARN] [1790606103.908434411, 22.134000000]: Plan fail[0m
[33m[WARN] [1790606103.908681493, 22.134000000]: Pair opt 1 & 2[0m
[31m[ERROR] [1790606103.914690538, 22.134000000]: No path to next viewpoint[0m
[33m[WARN] [1790606103.915048008, 22.134000000]: Plan fail[0m
[31m[ERROR] [1790606103.937829560, 22.161000000]: No path to next viewpoint[0m
[33m[WARN] [1790606103.938187155, 22.161000000]: Plan fail[0m
[31m[ERROR] [1790606103.955524945, 22.179999999]: No path to next viewpoint[0m
[33m[WARN] [1790606103.955851941, 22.179999999]: Plan fail[0m
[33m[WARN] [1790606103.970340640, 22.189000000]: Drone 1 send opt request to 2, pair opt t: 0.055000, allocate t: 0.055000[0m
[31m[ERROR] [1790606103.971355773, 22.189000000]: No path to next viewpoint[0m
[33m[WARN] [1790606103.971602688, 22.189000000]: Plan fail[0m
[31m[ERROR] [1790606103.995531980, 22.207000000]: No path to next viewpoint[0m
[33m[WARN] [1790606103.997074917, 22.207000000]: Plan fail[0m
[31m[ERROR] [1790606104.027311278, 22.243999999]: No path to next viewpoint[0m
[33m[WARN] [1790606104.027721316, 22.243999999]: Plan fail[0m
[31m[ERROR] [1790606104.032287932, 22.243999999]: No path to next viewpoint[0m
[33m[WARN] [1790606104.032640441, 22.243999999]: Plan fail[0m
[33m[WARN] [1790606104.033611302, 22.253000000]: Pair opt 1 & 2[0m
[31m[ERROR] [1790606104.052082074, 22.271000000]: No path to next viewpoint[0m
[33m[WARN] [1790606104.052321319, 22.271000000]: Plan fail[0m
[31m[ERROR] [1790606104.071581444, 22.289000000]: No path to next viewpoint[0m
[33m[WARN] [1790606104.072249111, 22.289000000]: Plan fail[0m
[31m[ERROR] [1790606104.091870833, 22.307999999]: No path to next viewpoint[0m
[33m[WARN] [1790606104.092599239, 22.307999999]: Plan fail[0m
[33m[WARN] [1790606104.092774994, 22.307999999]: Drone 1 send opt request to 2, pair opt t: 0.055000, allocate t: 0.055000[0m
[33m[WARN] [1790606104.093161062, 22.307999999]: Reject frequent attempt[0m
[31m[ERROR] [1790606104.110075181, 22.326000000]: No path to next viewpoint[0m
[33m[WARN] [1790606104.110919686, 22.326000000]: Plan fail[0m
[31m[ERROR] [1790606104.128779320, 22.344000000]: No path to next viewpoint[0m
[33m[WARN] [1790606104.130412470, 22.344000000]: Plan fail[0m
[31m[ERROR] [1790606104.148818376, 22.362999999]: No path to next viewpoint[0m
[33m[WARN] [1790606104.149055578, 22.362999999]: Plan fail[0m
[31m[ERROR] [1790606104.148887994, 22.362999999]: No path to next viewpoint[0m
[33m[WARN] [1790606104.149518768, 22.362999999]: Plan fail[0m
[33m[WARN] [1790606104.150305286, 22.362999999]: Pair opt 1 & 2[0m
[31m[ERROR] [1790606104.167628443, 22.381000000]: No path to next viewpoint[0m
[33m[WARN] [1790606104.168291108, 22.381000000]: Plan fail[0m
[31m[ERROR] [1790606104.187913331, 22.399000000]: No path to next viewpoint[0m
[33m[WARN] [1790606104.188168125, 22.399000000]: Plan fail[0m
[33m[WARN] [1790606104.206967395, 22.417000000]: Drone 1 send opt request to 2, pair opt t: 0.054000, allocate t: 0.054000[0m
[31m[ERROR] [1790606104.219505160, 22.435999999]: No path to next viewpoint[0m
[33m[WARN] [1790606104.219937043, 22.435999999]: Plan fail[0m
[31m[ERROR] [1790606104.240357415, 22.454000000]: No path to next viewpoint[0m
[33m[WARN] [1790606104.241173281, 22.454000000]: Plan fail[0m
[31m[ERROR] [1790606104.253233641, 22.463000000]: No path to next viewpoint[0m
[33m[WARN] [1790606104.253782249, 22.463000000]: Plan fail[0m
[31m[ERROR] [1790606104.258758027, 22.472000000]: No path to next viewpoint[0m
[33m[WARN] [1790606104.259042628, 22.472000000]: Plan fail[0m
[33m[WARN] [1790606104.258931114, 22.472000000]: Pair opt 1 & 2[0m
[31m[ERROR] [1790606104.277723714, 22.490999999]: No path to next viewpoint[0m
[33m[WARN] [1790606104.278063050, 22.490999999]: Plan fail[0m
[31m[ERROR] [1790606104.296524067, 22.509000000]: No path to next viewpoint[0m
[33m[WARN] [1790606104.297344728, 22.509000000]: Plan fail[0m
[33m[WARN] [1790606104.312797283, 22.527000000]: Drone 1 send opt request to 2, pair opt t: 0.055000, allocate t: 0.046000[0m
[31m[ERROR] [1790606104.316510264, 22.527000000]: No path to next viewpoint[0m
[33m[WARN] [1790606104.316791404, 22.527000000]: Plan fail[0m
[33m[WARN] [1790606104.316992005, 22.527000000]: Reject frequent attempt[0m
[31m[ERROR] [1790606104.337550487, 22.545000000]: No path to next viewpoint[0m
[33m[WARN] [1790606104.338152329, 22.545000000]: Plan fail[0m
[31m[ERROR] [1790606104.354523136, 22.564000000]: No path to next viewpoint[0m
[33m[WARN] [1790606104.355146281, 22.564000000]: Plan fail[0m
[31m[ERROR] [1790606104.366981237, 22.573000000]: No path to next viewpoint[0m
[33m[WARN] [1790606104.367467938, 22.573000000]: Plan fail[0m
[33m[WARN] [1790606104.368000746, 22.573000000]: Pair opt 1 & 2[0m
[31m[ERROR] [1790606104.380472479, 22.582000000]: No path to next viewpoint[0m
[33m[WARN] [1790606104.381660323, 22.582000000]: Plan fail[0m
[31m[ERROR] [1790606104.416761573, 22.618999999]: No path to next viewpoint[0m
[33m[WARN] [1790606104.417151309, 22.618999999]: Plan fail[0m
[33m[WARN] [1790606104.438480969, 22.637000000]: Drone 1 send opt request to 2, pair opt t: 0.064000, allocate t: 0.064000[0m
[31m[ERROR] [1790606104.440590690, 22.637000000]: No path to next viewpoint[0m
[33m[WARN] [1790606104.440972547, 22.637000000]: Plan fail[0m
[31m[ERROR] [1790606104.460057126, 22.655000000]: No path to next viewpoint[0m
[33m[WARN] [1790606104.460678854, 22.655000000]: Plan fail[0m
[31m[ERROR] [1790606104.480449109, 22.673000000]: No path to next viewpoint[0m
[33m[WARN] [1790606104.480635077, 22.673000000]: Plan fail[0m
[31m[ERROR] [1790606104.486313373, 22.673000000]: No path to next viewpoint[0m
[33m[WARN] [1790606104.486486668, 22.673000000]: Plan fail[0m
[33m[WARN] [1790606104.493515097, 22.682999999]: Pair opt 1 & 2[0m
[31m[ERROR] [1790606104.496208818, 22.682999999]: No path to next viewpoint[0m
[33m[WARN] [1790606104.496350556, 22.682999999]: Plan fail[0m
[31m[ERROR] [1790606104.514516843, 22.701000000]: No path to next viewpoint[0m
[33m[WARN] [1790606104.514920461, 22.701000000]: Plan fail[0m
[31m[ERROR] [1790606104.533090166, 22.710000000]: No path to next viewpoint[0m
[33m[WARN] [1790606104.533409409, 22.710000000]: Plan fail[0m
[31m[ERROR] [1790606104.558949715, 22.728000000]: No path to next viewpoint[0m
[33m[WARN] [1790606104.559354042, 22.728000000]: Plan fail[0m
[33m[WARN] [1790606104.560840160, 22.728000000]: Drone 1 send opt request to 2, pair opt t: 0.045000, allocate t: 0.045000[0m
[31m[ERROR] [1790606104.574668945, 22.737000000]: No path to next viewpoint[0m
[33m[WARN] [1790606104.574946459, 22.737000000]: Plan fail[0m
[33m[WARN] [1790606104.575177992, 22.737000000]: Reject frequent attempt[0m
[31m[ERROR] [1790606104.592823477, 22.756000000]: No path to next viewpoint[0m
[33m[WARN] [1790606104.593121209, 22.756000000]: Plan fail[0m
[31m[ERROR] [1790606104.609992432, 22.774000000]: No path to next viewpoint[0m
[33m[WARN] [1790606104.610290372, 22.774000000]: Plan fail[0m
[31m[ERROR] [1790606104.615569844, 22.774000000]: No path to next viewpoint[0m
[33m[WARN] [1790606104.615807713, 22.774000000]: Plan fail[0m
[33m[WARN] [1790606104.616385585, 22.774000000]: get response 2[0m
[31m[ERROR] [1790606104.624628329, 22.783000000]: No path to next viewpoint[0m
[33m[WARN] [1790606104.624847522, 22.783000000]: Plan fail[0m
[31m[ERROR] [1790606104.636332387, 22.792000000]: No path to next viewpoint[0m
[33m[WARN] [1790606104.636430811, 22.792000000]: Plan fail[0m
[31m[ERROR] [1790606104.649758638, 22.811000000]: No path to next viewpoint[0m
[33m[WARN] [1790606104.649865025, 22.811000000]: Plan fail[0m
[31m[ERROR] [1790606104.664411878, 22.820000000]: No path to next viewpoint[0m
[33m[WARN] [1790606104.664654291, 22.820000000]: Plan fail[0m
[31m[ERROR] [1790606104.667201188, 22.820000000]: No path to next viewpoint[0m
[33m[WARN] [1790606104.667495085, 22.820000000]: Plan fail[0m
[33m[WARN] [1790606104.668149788, 22.820000000]: Pair opt 1 & 2[0m
[31m[ERROR] [1790606104.687912539, 22.838000000]: No path to next viewpoint[0m
[33m[WARN] [1790606104.688128897, 22.838000000]: Plan fail[0m
[31m[ERROR] [1790606104.704377392, 22.856000000]: No path to next viewpoint[0m
[33m[WARN] [1790606104.704601296, 22.856000000]: Plan fail[0m
[33m[WARN] [1790606104.725345163, 22.865999999]: Drone 1 send opt request to 2, pair opt t: 0.046000, allocate t: 0.046000[0m
[31m[ERROR] [1790606104.725639935, 22.865999999]: No path to next viewpoint[0m
[33m[WARN] [1790606104.726050307, 22.875000000]: Plan fail[0m
[31m[ERROR] [1790606104.739563226, 22.884000000]: No path to next viewpoint[0m
[33m[WARN] [1790606104.739769955, 22.884000000]: Plan fail[0m
[31m[ERROR] [1790606104.755012447, 22.893000000]: No path to next viewpoint[0m
[33m[WARN] [1790606104.755278330, 22.893000000]: Plan fail[0m
[31m[ERROR] [1790606104.771971798, 22.911000000]: No path to next viewpoint[0m
[33m[WARN] [1790606104.772205956, 22.911000000]: Plan fail[0m
[31m[ERROR] [1790606104.776066928, 22.920000000]: No path to next viewpoint[0m
[33m[WARN] [1790606104.776278367, 22.920000000]: Plan fail[0m
[33m[WARN] [1790606104.776912017, 22.920000000]: Pair opt 1 & 2[0m
[31m[ERROR] [1790606104.786488344, 22.920000000]: No path to next viewpoint[0m
[33m[WARN] [1790606104.786910680, 22.920000000]: Plan fail[0m
[31m[ERROR] [1790606104.812545241, 22.948000000]: No path to next viewpoint[0m
[33m[WARN] [1790606104.812829591, 22.948000000]: Plan fail[0m
[31m[ERROR] [1790606104.835654498, 22.975000000]: No path to next viewpoint[0m
[33m[WARN] [1790606104.836158667, 22.975000000]: Plan fail[0m
[33m[WARN] [1790606104.842891532, 22.975000000]: Drone 1 send opt request to 2, pair opt t: 0.055000, allocate t: 0.055000[0m
[31m[ERROR] [1790606104.852170419, 22.984000000]: No path to next viewpoint[0m
[33m[WARN] [1790606104.852594797, 22.984000000]: Plan fail[0m
[33m[WARN] [1790606104.853060780, 22.984000000]: Reject frequent attempt[0m
[31m[ERROR] [1790606104.875879892, 23.012000000]: No path to next viewpoint[0m
[33m[WARN] [1790606104.876203554, 23.012000000]: Plan fail[0m
[31m[ERROR] [1790606104.892006452, 23.021000000]: No path to next viewpoint[0m
[33m[WARN] [1790606104.892605501, 23.021000000]: Plan fail[0m
[33m[WARN] [1790606104.893185624, 23.021000000]: Pair opt 1 & 2[0m
[31m[ERROR] [1790606104.902576693, 23.030000000]: No path to next viewpoint[0m
[33m[WARN] [1790606104.902868588, 23.030000000]: Plan fail[0m
[31m[ERROR] [1790606104.920582899, 23.039000000]: No path to next viewpoint[0m
[33m[WARN] [1790606104.920931157, 23.048999999]: Plan fail[0m
[31m[ERROR] [1790606104.936606157, 23.057999999]: No path to next viewpoint[0m
[33m[WARN] [1790606104.936872248, 23.057999999]: Plan fail[0m
[31m[ERROR] [1790606104.951743972, 23.076000000]: Larger cost after reallocation[0m
[33m[WARN] [1790606104.952188278, 23.076000000]: get response 2[0m
[31m[ERROR] [1790606104.960473460, 23.076000000]: No path to next viewpoint[0m
[33m[WARN] [1790606104.960907052, 23.076000000]: Plan fail[0m
[31m[ERROR] [1790606104.977015602, 23.094000000]: No path to next viewpoint[0m
[33m[WARN] [1790606104.977351853, 23.094000000]: Plan fail[0m
[31m[ERROR] [1790606104.994175844, 23.103000000]: No path to next viewpoint[0m
[33m[WARN] [1790606104.994518724, 23.103000000]: Plan fail[0m
[31m[ERROR] [1790606105.008964443, 23.121999999]: No path to next viewpoint[0m
[33m[WARN] [1790606105.009142574, 23.121999999]: Plan fail[0m
[31m[ERROR] [1790606105.009840464, 23.121999999]: No path to next viewpoint[0m
[33m[WARN] [1790606105.010078875, 23.121999999]: Plan fail[0m
[33m[WARN] [1790606105.011672797, 23.121999999]: Pair opt 1 & 2[0m
[31m[ERROR] [1790606105.030861845, 23.140000000]: No path to next viewpoint[0m
[33m[WARN] [1790606105.031164788, 23.140000000]: Plan fail[0m
[31m[ERROR] [1790606105.046994365, 23.149000000]: No path to next viewpoint[0m
[33m[WARN] [1790606105.047313150, 23.149000000]: Plan fail[0m
[31m[ERROR] [1790606105.065276794, 23.167000000]: No path to next viewpoint[0m
[33m[WARN] [1790606105.065633138, 23.167000000]: Plan fail[0m
[31m[ERROR] [1790606105.080330400, 23.176999999]: No path to next viewpoint[0m
[33m[WARN] [1790606105.080803303, 23.176999999]: Plan fail[0m
[33m[WARN] [1790606105.084587194, 23.176999999]: Drone 1 send opt request to 2, pair opt t: 0.055000, allocate t: 0.055000[0m
[31m[ERROR] [1790606105.093770408, 23.185999999]: No path to next viewpoint[0m
[33m[WARN] [1790606105.094143386, 23.185999999]: Plan fail[0m
[31m[ERROR] [1790606105.109394091, 23.195000000]: No path to next viewpoint[0m
[33m[WARN] [1790606105.109739180, 23.195000000]: Plan fail[0m
[31m[ERROR] [1790606105.125855485, 23.204000000]: No path to next viewpoint[0m
[33m[WARN] [1790606105.126099231, 23.204000000]: Plan fail[0m
[31m[ERROR] [1790606105.139134162, 23.213000000]: No path to next viewpoint[0m
[33m[WARN] [1790606105.139533945, 23.213000000]: Plan fail[0m
[33m[WARN] [1790606105.139853438, 23.213000000]: get response 1[0m
[31m[ERROR] [1790606105.143958240, 23.213000000]: No path to next viewpoint[0m
[33m[WARN] [1790606105.144445233, 23.213000000]: Plan fail[0m
[31m[ERROR] [1790606105.179410665, 23.250000000]: No path to next viewpoint[0m
[33m[WARN] [1790606105.180443181, 23.250000000]: Plan fail[0m
[31m[ERROR] [1790606105.198832372, 23.268000000]: No path to next viewpoint[0m
[33m[WARN] [1790606105.199330079, 23.268000000]: Plan fail[0m
[31m[ERROR] [1790606105.211561691, 23.277000000]: No path to next viewpoint[0m
[33m[WARN] [1790606105.211971688, 23.277000000]: Plan fail[0m
[31m[ERROR] [1790606105.241871505, 23.304999999]: No path to next viewpoint[0m
[33m[WARN] [1790606105.242483394, 23.314000000]: Plan fail[0m
[31m[ERROR] [1790606105.256428655, 23.323000000]: No path to next viewpoint[0m
[33m[WARN] [1790606105.257135342, 23.323000000]: Plan fail[0m
[31m[ERROR] [1790606105.264638258, 23.323000000]: No path to next viewpoint[0m
[33m[WARN] [1790606105.265453957, 23.323000000]: Plan fail[0m
[31m[ERROR] [1790606105.291010229, 23.359000000]: No path to next viewpoint[0m
[33m[WARN] [1790606105.291197614, 23.359000000]: Plan fail[0m
[31m[ERROR] [1790606105.302534613, 23.368999999]: No path to next viewpoint[0m
[33m[WARN] [1790606105.302923933, 23.368999999]: Plan fail[0m
[31m[ERROR] [1790606105.306724958, 23.368999999]: No path to next viewpoint[0m
[33m[WARN] [1790606105.306993592, 23.368999999]: Plan fail[0m
[31m[ERROR] [1790606105.326519558, 23.387000000]: No path to next viewpoint[0m
[33m[WARN] [1790606105.326788443, 23.387000000]: Plan fail[0m
[31m[ERROR] [1790606105.345011091, 23.405000000]: No path to next viewpoint[0m
[31m[ERROR] [1790606105.345108973, 23.405000000]: No path to next viewpoint[0m
[33m[WARN] [1790606105.345321163, 23.405000000]: Plan fail[0m
[33m[WARN] [1790606105.345513009, 23.405000000]: Plan fail[0m
[31m[ERROR] [1790606105.358476821, 23.414000000]: No path to next viewpoint[0m
[33m[WARN] [1790606105.358605552, 23.414000000]: Plan fail[0m
[31m[ERROR] [1790606105.385246324, 23.434000000]: No path to next viewpoint[0m
[33m[WARN] [1790606105.386370135, 23.434000000]: Plan fail[0m
[31m[ERROR] [1790606105.396173493, 23.443000000]: No path to next viewpoint[0m
[33m[WARN] [1790606105.396458844, 23.443000000]: Plan fail[0m
[31m[ERROR] [1790606105.411668153, 23.452000000]: No path to next viewpoint[0m
[33m[WARN] [1790606105.412093199, 23.452000000]: Plan fail[0m
[31m[ERROR] [1790606105.434783163, 23.480000000]: No path to next viewpoint[0m
[33m[WARN] [1790606105.435022032, 23.480000000]: Plan fail[0m
[31m[ERROR] [1790606105.446755521, 23.489000000]: No path to next viewpoint[0m
[33m[WARN] [1790606105.447758147, 23.498000000]: Plan fail[0m
[31m[ERROR] [1790606105.457109404, 23.507000000]: No path to next viewpoint[0m
[33m[WARN] [1790606105.457533241, 23.507000000]: Plan fail[0m
[31m[ERROR] [1790606105.473202113, 23.516999999]: No path to next viewpoint[0m
[33m[WARN] [1790606105.473504431, 23.516999999]: Plan fail[0m
[31m[ERROR] [1790606105.495886575, 23.544000000]: No path to next viewpoint[0m
[33m[WARN] [1790606105.496204900, 23.544000000]: Plan fail[0m
[31m[ERROR] [1790606105.500114938, 23.544000000]: No path to next viewpoint[0m
[33m[WARN] [1790606105.501880195, 23.544000000]: Plan fail[0m
[31m[ERROR] [1790606105.517181925, 23.562000000]: No path to next viewpoint[0m
[33m[WARN] [1790606105.517513007, 23.562000000]: Plan fail[0m
[31m[ERROR] [1790606105.538193968, 23.580999999]: No path to next viewpoint[0m
[33m[WARN] [1790606105.539274174, 23.580999999]: Plan fail[0m
[31m[ERROR] [1790606105.555805561, 23.599000000]: No path to next viewpoint[0m
[33m[WARN] [1790606105.556359421, 23.599000000]: Plan fail[0m
[31m[ERROR] [1790606105.556737818, 23.599000000]: No path to next viewpoint[0m
[33m[WARN] [1790606105.557376638, 23.599000000]: Plan fail[0m
[31m[ERROR] [1790606105.580102578, 23.617000000]: No path to next viewpoint[0m
[33m[WARN] [1790606105.580906397, 23.617000000]: Plan fail[0m
[31m[ERROR] [1790606105.598610828, 23.635000000]: No path to next viewpoint[0m
[33m[WARN] [1790606105.598929612, 23.635000000]: Plan fail[0m
[31m[ERROR] [1790606105.602301380, 23.635000000]: No path to next viewpoint[0m
[33m[WARN] [1790606105.602838774, 23.635000000]: Plan fail[0m
[31m[ERROR] [1790606105.624125871, 23.663000000]: No path to next viewpoint[0m
[33m[WARN] [1790606105.624581557, 23.663000000]: Plan fail[0m
[31m[ERROR] [1790606105.645218412, 23.681000000]: No path to next viewpoint[0m
[33m[WARN] [1790606105.645505263, 23.681000000]: Plan fail[0m
[31m[ERROR] [1790606105.653265475, 23.690000000]: No path to next viewpoint[0m
[33m[WARN] [1790606105.653421553, 23.690000000]: Plan fail[0m
[31m[ERROR] [1790606105.666657959, 23.699000000]: No path to next viewpoint[0m
[33m[WARN] [1790606105.667133989, 23.699000000]: Plan fail[0m
[31m[ERROR] [1790606105.684755462, 23.718000000]: No path to next viewpoint[0m
[33m[WARN] [1790606105.685105387, 23.718000000]: Plan fail[0m
[31m[ERROR] [1790606105.700744494, 23.727000000]: No path to next viewpoint[0m
[33m[WARN] [1790606105.701162870, 23.727000000]: Plan fail[0m
[31m[ERROR] [1790606105.702098879, 23.727000000]: No path to next viewpoint[0m
[33m[WARN] [1790606105.702317780, 23.727000000]: Plan fail[0m
[33m[WARN] [1790606105.702615096, 23.727000000]: Pair opt 1 & 2[0m
[31m[ERROR] [1790606105.716048767, 23.745000000]: No path to next viewpoint[0m
[33m[WARN] [1790606105.716390105, 23.745000000]: Plan fail[0m
[31m[ERROR] [1790606105.731585282, 23.754000000]: No path to next viewpoint[0m
[33m[WARN] [1790606105.731854666, 23.754000000]: Plan fail[0m
[31m[ERROR] [1790606105.753500984, 23.772999999]: No path to next viewpoint[0m
[33m[WARN] [1790606105.753795298, 23.772999999]: Plan fail[0m
[33m[WARN] [1790606105.756340612, 23.782000000]: Drone 1 send opt request to 2, pair opt t: 0.055000, allocate t: 0.046000[0m
[31m[ERROR] [1790606105.772247144, 23.791000000]: No path to next viewpoint[0m
[33m[WARN] [1790606105.772434446, 23.791000000]: Plan fail[0m
[31m[ERROR] [1790606105.795654217, 23.809999999]: No path to next viewpoint[0m
[33m[WARN] [1790606105.795966790, 23.809999999]: Plan fail[0m
[31m[ERROR] [1790606105.811680935, 23.827999999]: No path to next viewpoint[0m
[33m[WARN] [1790606105.812080134, 23.827999999]: Plan fail[0m
[33m[WARN] [1790606105.812846851, 23.827999999]: Pair opt 1 & 2[0m
[31m[ERROR] [1790606105.825014431, 23.836999999]: No path to next viewpoint[0m
[33m[WARN] [1790606105.825662672, 23.836999999]: Plan fail[0m
[31m[ERROR] [1790606105.859804443, 23.873000000]: No path to next viewpoint[0m
[33m[WARN] [1790606105.860254543, 23.873000000]: Plan fail[0m
[33m[WARN] [1790606105.880380017, 23.891999999]: Drone 1 send opt request to 2, pair opt t: 0.064000, allocate t: 0.064000[0m
[31m[ERROR] [1790606105.888903068, 23.900999999]: No path to next viewpoint[0m
[33m[WARN] [1790606105.889307562, 23.900999999]: Plan fail[0m
[33m[WARN] [1790606105.890182374, 23.900999999]: Reject frequent attempt[0m
[31m[ERROR] [1790606105.917190413, 23.928000000]: No path to next viewpoint[0m
[33m[WARN] [1790606105.917436619, 23.928000000]: Plan fail[0m
[31m[ERROR] [1790606105.936579311, 23.946000000]: No path to next viewpoint[0m
[33m[WARN] [1790606105.937466754, 23.946000000]: Plan fail[0m
[33m[WARN] [1790606105.942457123, 23.946000000]: Pair opt 1 & 2[0m
[31m[ERROR] [1790606105.942789123, 23.946000000]: No path to next viewpoint[0m
[33m[WARN] [1790606105.944419312, 23.946000000]: Plan fail[0m
[31m[ERROR] [1790606105.975836972, 23.983000000]: No path to next viewpoint[0m
[33m[WARN] [1790606105.976515102, 23.983000000]: Plan fail[0m
[31m[ERROR] [1790606106.000764304, 24.010000000]: No path to next viewpoint[0m
[33m[WARN] [1790606106.001573333, 24.010000000]: Plan fail[0m
[33m[WARN] [1790606106.001901956, 24.010000000]: Drone 1 send opt request to 2, pair opt t: 0.064000, allocate t: 0.055000[0m
[31m[ERROR] [1790606106.024556528, 24.028999999]: No path to next viewpoint[0m
[33m[WARN] [1790606106.025039519, 24.028999999]: Plan fail[0m
[31m[ERROR] [1790606106.043160158, 24.047000000]: No path to next viewpoint[0m
[33m[WARN] [1790606106.043434212, 24.047000000]: Plan fail[0m
[31m[ERROR] [1790606106.045356422, 24.047000000]: No path to next viewpoint[0m
[33m[WARN] [1790606106.045757123, 24.047000000]: Plan fail[0m
[33m[WARN] [1790606106.047071446, 24.047000000]: Pair opt 1 & 2[0m
[31m[ERROR] [1790606106.063272709, 24.065000000]: No path to next viewpoint[0m
[33m[WARN] [1790606106.063566773, 24.065000000]: Plan fail[0m
[31m[ERROR] [1790606106.079824273, 24.074000000]: No path to next viewpoint[0m
[33m[WARN] [1790606106.080124506, 24.074000000]: Plan fail[0m
[31m[ERROR] [1790606106.093237226, 24.092999999]: No path to next viewpoint[0m
[33m[WARN] [1790606106.093507027, 24.092999999]: Plan fail[0m
[33m[WARN] [1790606106.114663767, 24.111000000]: Drone 1 send opt request to 2, pair opt t: 0.064000, allocate t: 0.064000[0m
[31m[ERROR] [1790606106.116823680, 24.111000000]: No path to next viewpoint[0m
[33m[WARN] [1790606106.117064133, 24.111000000]: Plan fail[0m
[33m[WARN] [1790606106.117755854, 24.111000000]: Reject frequent attempt[0m
[31m[ERROR] [1790606106.134315380, 24.129000000]: No path to next viewpoint[0m
[33m[WARN] [1790606106.135031071, 24.129000000]: Plan fail[0m
[31m[ERROR] [1790606106.155140204, 24.147999999]: No path to next viewpoint[0m
[33m[WARN] [1790606106.155560830, 24.147999999]: Plan fail[0m
[31m[ERROR] [1790606106.164866481, 24.147999999]: No path to next viewpoint[0m
[33m[WARN] [1790606106.165325252, 24.147999999]: Plan fail[0m
[33m[WARN] [1790606106.169222533, 24.157000000]: Pair opt 1 & 2[0m
[31m[ERROR] [1790606106.173291233, 24.166000000]: No path to next viewpoint[0m
[33m[WARN] [1790606106.174356390, 24.166000000]: Plan fail[0m
[31m[ERROR] [1790606106.194279055, 24.184000000]: No path to next viewpoint[0m
[33m[WARN] [1790606106.194756002, 24.184000000]: Plan fail[0m
[31m[ERROR] [1790606106.213803937, 24.202000000]: No path to next viewpoint[0m
[33m[WARN] [1790606106.214586495, 24.202000000]: Plan fail[0m
[33m[WARN] [1790606106.222873262, 24.211999999]: Drone 1 send opt request to 2, pair opt t: 0.055000, allocate t: 0.045000[0m
[31m[ERROR] [1790606106.237787173, 24.221000000]: No path to next viewpoint[0m
[33m[WARN] [1790606106.238145811, 24.221000000]: Plan fail[0m
[31m[ERROR] [1790606106.261505193, 24.239000000]: No path to next viewpoint[0m
[33m[WARN] [1790606106.261845863, 24.239000000]: Plan fail[0m
[31m[ERROR] [1790606106.274743559, 24.257000000]: No path to next viewpoint[0m
[33m[WARN] [1790606106.275065136, 24.257000000]: Plan fail[0m
[33m[WARN] [1790606106.275931611, 24.257000000]: Pair opt 1 & 2[0m
[31m[ERROR] [1790606106.286427314, 24.266999999]: No path to next viewpoint[0m
[33m[WARN] [1790606106.286634876, 24.266999999]: Plan fail[0m
[31m[ERROR] [1790606106.312397084, 24.294000000]: No path to next viewpoint[0m
[33m[WARN] [1790606106.312706572, 24.294000000]: Plan fail[0m
[31m[ERROR] [1790606106.335623900, 24.312000000]: No path to next viewpoint[0m
[33m[WARN] [1790606106.337172299, 24.321000000]: Plan fail[0m
[33m[WARN] [1790606106.344408415, 24.321000000]: Drone 1 send opt request to 2, pair opt t: 0.064000, allocate t: 0.064000[0m
[31m[ERROR] [1790606106.362213897, 24.339999999]: No path to next viewpoint[0m
[33m[WARN] [1790606106.362823910, 24.339999999]: Plan fail[0m
[33m[WARN] [1790606106.363291727, 24.339999999]: Reject frequent attempt[0m
[31m[ERROR] [1790606106.390322444, 24.367000000]: No path to next viewpoint[0m
[33m[WARN] [1790606106.390985359, 24.367000000]: Plan fail[0m
[31m[ERROR] [1790606106.406422949, 24.376000000]: No path to next viewpoint[0m
[33m[WARN] [1790606106.407327943, 24.385000000]: Plan fail[0m
[33m[WARN] [1790606106.408058725, 24.385000000]: Pair opt 1 & 2[0m
[31m[ERROR] [1790606106.416498151, 24.385000000]: No path to next viewpoint[0m
[33m[WARN] [1790606106.416996025, 24.385000000]: Plan fail[0m
[31m[ERROR] [1790606106.443451371, 24.413000000]: No path to next viewpoint[0m
[33m[WARN] [1790606106.445126958, 24.422000000]: Plan fail[0m
[33m[WARN] [1790606106.456491054, 24.431000000]: Drone 1 send opt request to 2, pair opt t: 0.046000, allocate t: 0.037000[0m
[31m[ERROR] [1790606106.470374284, 24.449000000]: No path to next viewpoint[0m
[33m[WARN] [1790606106.471206700, 24.449000000]: Plan fail[0m
[31m[ERROR] [1790606106.496139285, 24.468000000]: No path to next viewpoint[0m
[33m[WARN] [1790606106.496751466, 24.477000000]: Plan fail[0m
[31m[ERROR] [1790606106.506560785, 24.486000000]: No path to next viewpoint[0m
[33m[WARN] [1790606106.506785564, 24.486000000]: Plan fail[0m
[33m[WARN] [1790606106.510181844, 24.486000000]: Pair opt 1 & 2[0m
[31m[ERROR] [1790606106.518269094, 24.495000000]: No path to next viewpoint[0m
[33m[WARN] [1790606106.518636069, 24.495000000]: Plan fail[0m
[31m[ERROR] [1790606106.537839916, 24.513000000]: No path to next viewpoint[0m
[33m[WARN] [1790606106.538217397, 24.513000000]: Plan fail[0m
[31m[ERROR] [1790606106.556797724, 24.532000000]: No path to next viewpoint[0m
[33m[WARN] [1790606106.557399274, 24.532000000]: Plan fail[0m
[33m[WARN] [1790606106.570491943, 24.541000000]: Drone 1 send opt request to 2, pair opt t: 0.055000, allocate t: 0.055000[0m
[31m[ERROR] [1790606106.577184829, 24.550000000]: No path to next viewpoint[0m
[33m[WARN] [1790606106.577668112, 24.550000000]: Plan fail[0m
[33m[WARN] [1790606106.578028084, 24.550000000]: Reject frequent attempt[0m
[31m[ERROR] [1790606106.598199248, 24.568000000]: No path to next viewpoint[0m
[33m[WARN] [1790606106.598572893, 24.568000000]: Plan fail[0m
[31m[ERROR] [1790606106.618540413, 24.586999999]: No path to next viewpoint[0m
[33m[WARN] [1790606106.618842856, 24.586999999]: Plan fail[0m
[31m[ERROR] [1790606106.620963582, 24.586999999]: No path to next viewpoint[0m
[33m[WARN] [1790606106.621393089, 24.586999999]: Plan fail[0m
[33m[WARN] [1790606106.622051334, 24.586999999]: Pair opt 1 & 2[0m
[31m[ERROR] [1790606106.635763187, 24.605000000]: No path to next viewpoint[0m
[33m[WARN] [1790606106.636585681, 24.605000000]: Plan fail[0m
[31m[ERROR] [1790606106.664645454, 24.632000000]: No path to next viewpoint[0m
[33m[WARN] [1790606106.664954900, 24.632000000]: Plan fail[0m
[33m[WARN] [1790606106.683205188, 24.650999999]: Drone 1 send opt request to 2, pair opt t: 0.064000, allocate t: 0.046000[0m
[31m[ERROR] [1790606106.688483909, 24.650999999]: No path to next viewpoint[0m
[33m[WARN] [1790606106.688844006, 24.650999999]: Plan fail[0m
[31m[ERROR] [1790606106.706709767, 24.669000000]: No path to next viewpoint[0m
[33m[WARN] [1790606106.707073574, 24.678000000]: Plan fail[0m
[31m[ERROR] [1790606106.741989565, 24.696000000]: No path to next viewpoint[0m
[33m[WARN] [1790606106.742225433, 24.696000000]: Plan fail[0m
[31m[ERROR] [1790606106.745730310, 24.696000000]: No path to next viewpoint[0m
[33m[WARN] [1790606106.746064977, 24.696000000]: Plan fail[0m
[33m[WARN] [1790606106.751796383, 24.705999999]: Pair opt 1 & 2[0m
[31m[ERROR] [1790606106.763996313, 24.714999999]: No path to next viewpoint[0m
[33m[WARN] [1790606106.764346905, 24.714999999]: Plan fail[0m
[31m[ERROR] [1790606106.781481968, 24.733000000]: No path to next viewpoint[0m
[33m[WARN] [1790606106.781784453, 24.733000000]: Plan fail[0m
[31m[ERROR] [1790606106.796302291, 24.742000000]: No path to next viewpoint[0m
[33m[WARN] [1790606106.796549665, 24.742000000]: Plan fail[0m
[31m[ERROR] [1790606106.812724582, 24.760000000]: No path to next viewpoint[0m
[33m[WARN] [1790606106.813014852, 24.760000000]: Plan fail[0m
[33m[WARN] [1790606106.816731251, 24.760000000]: Drone 1 send opt request to 2, pair opt t: 0.054000, allocate t: 0.054000[0m
[31m[ERROR] [1790606106.828468491, 24.769999999]: No path to next viewpoint[0m
[33m[WARN] [1790606106.828769308, 24.769999999]: Plan fail[0m
[33m[WARN] [1790606106.829056535, 24.769999999]: Reject frequent attempt[0m
[31m[ERROR] [1790606106.846116269, 24.788000000]: No path to next viewpoint[0m
[33m[WARN] [1790606106.846379067, 24.788000000]: Plan fail[0m
[31m[ERROR] [1790606106.861200975, 24.806000000]: No path to next viewpoint[0m
[33m[WARN] [1790606106.861614098, 24.806000000]: Plan fail[0m
[31m[ERROR] [1790606106.866878353, 24.806000000]: No path to next viewpoint[0m
[33m[WARN] [1790606106.867117806, 24.806000000]: Plan fail[0m
[33m[WARN] [1790606106.867891943, 24.806000000]: Pair opt 1 & 2[0m
[31m[ERROR] [1790606106.880442632, 24.815000000]: No path to next viewpoint[0m
[33m[WARN] [1790606106.880711850, 24.815000000]: Plan fail[0m
[31m[ERROR] [1790606106.899688750, 24.833999999]: No path to next viewpoint[0m
[33m[WARN] [1790606106.899956259, 24.833999999]: Plan fail[0m
[33m[WARN] [1790606106.923753444, 24.861000000]: Drone 1 send opt request to 2, pair opt t: 0.055000, allocate t: 0.046000[0m
[31m[ERROR] [1790606106.924882299, 24.861000000]: No path to next viewpoint[0m
[33m[WARN] [1790606106.925462423, 24.861000000]: Plan fail[0m
[31m[ERROR] [1790606106.950101319, 24.879000000]: No path to next viewpoint[0m
[33m[WARN] [1790606106.951380500, 24.879000000]: Plan fail[0m
[31m[ERROR] [1790606106.975947694, 24.907000000]: No path to next viewpoint[0m
[33m[WARN] [1790606106.976339932, 24.907000000]: Plan fail[0m
[31m[ERROR] [1790606106.979139915, 24.916000000]: No path to next viewpoint[0m
[33m[WARN] [1790606106.979656131, 24.916000000]: Plan fail[0m
[33m[WARN] [1790606106.981292532, 24.916000000]: Pair opt 1 & 2[0m
[31m[ERROR] [1790606106.999997755, 24.934000000]: No path to next viewpoint[0m
[33m[WARN] [1790606107.000274935, 24.934000000]: Plan fail[0m
[31m[ERROR] [1790606107.019942639, 24.952000000]: No path to next viewpoint[0m
[33m[WARN] [1790606107.020186177, 24.952000000]: Plan fail[0m
[31m[ERROR] [1790606107.042819155, 24.971000000]: No path to next viewpoint[0m
[33m[WARN] [1790606107.043123432, 24.971000000]: Plan fail[0m
[33m[WARN] [1790606107.043560984, 24.971000000]: Drone 1 send opt request to 2, pair opt t: 0.055000, allocate t: 0.055000[0m
[31m[ERROR] [1790606107.065210428, 24.998000000]: No path to next viewpoint[0m
[33m[WARN] [1790606107.065501907, 24.998000000]: Plan fail[0m
[33m[WARN] [1790606107.065929454, 24.998000000]: Reject frequent attempt[0m
[31m[ERROR] [1790606107.090109580, 25.016999999]: No path to next viewpoint[0m
[33m[WARN] [1790606107.090508696, 25.016999999]: Plan fail[0m
[31m[ERROR] [1790606107.091759780, 25.016999999]: No path to next viewpoint[0m
[33m[WARN] [1790606107.092071811, 25.016999999]: Plan fail[0m
[33m[WARN] [1790606107.092848157, 25.016999999]: Pair opt 1 & 2[0m
[31m[ERROR] [1790606107.118660057, 25.044000000]: No path to next viewpoint[0m
[33m[WARN] [1790606107.119206371, 25.044000000]: Plan fail[0m
[31m[ERROR] [1790606107.141807708, 25.062999999]: No path to next viewpoint[0m
[33m[WARN] [1790606107.142225834, 25.062999999]: Plan fail[0m
[33m[WARN] [1790606107.144228251, 25.071999999]: Drone 1 send opt request to 2, pair opt t: 0.055000, allocate t: 0.046000[0m
[31m[ERROR] [1790606107.164448898, 25.089999999]: No path to next viewpoint[0m
[33m[WARN] [1790606107.164857144, 25.089999999]: Plan fail[0m
[31m[ERROR] [1790606107.183405913, 25.108000000]: No path to next viewpoint[0m
[33m[WARN] [1790606107.183859432, 25.108000000]: Plan fail[0m
[31m[ERROR] [1790606107.199936049, 25.126000000]: No path to next viewpoint[0m
[33m[WARN] [1790606107.200169583, 25.126000000]: Plan fail[0m
[31m[ERROR] [1790606107.199952016, 25.126000000]: No path to next viewpoint[0m
[33m[WARN] [1790606107.201068032, 25.126000000]: Pair opt 1 & 2[0m
[33m[WARN] [1790606107.201147988, 25.126000000]: Plan fail[0m
[31m[ERROR] [1790606107.222710848, 25.144999999]: No path to next viewpoint[0m
[33m[WARN] [1790606107.223875763, 25.144999999]: Plan fail[0m
[31m[ERROR] [1790606107.242092242, 25.163000000]: No path to next viewpoint[0m
[33m[WARN] [1790606107.242487564, 25.163000000]: Plan fail[0m
[31m[ERROR] [1790606107.261115707, 25.181000000]: No path to next viewpoint[0m
[33m[WARN] [1790606107.261408645, 25.181000000]: Plan fail[0m
[33m[WARN] [1790606107.263060179, 25.181000000]: Drone 1 send opt request to 2, pair opt t: 0.055000, allocate t: 0.055000[0m
[31m[ERROR] [1790606107.283130834, 25.199000000]: No path to next viewpoint[0m
[33m[WARN] [1790606107.283729092, 25.199000000]: Plan fail[0m
[33m[WARN] [1790606107.284392715, 25.199000000]: Reject frequent attempt[0m
[31m[ERROR] [1790606107.304353774, 25.227000000]: No path to next viewpoint[0m
[33m[WARN] [1790606107.304784864, 25.227000000]: Plan fail[0m
[31m[ERROR] [1790606107.315324798, 25.236000000]: No path to next viewpoint[0m
[33m[WARN] [1790606107.315572589, 25.236000000]: Plan fail[0m
[33m[WARN] [1790606107.316414259, 25.236000000]: Pair opt 1 & 2[0m
[31m[ERROR] [1790606107.322541905, 25.245000000]: No path to next viewpoint[0m
[33m[WARN] [1790606107.323022187, 25.245000000]: Plan fail[0m
[31m[ERROR] [1790606107.348629609, 25.263000000]: No path to next viewpoint[0m
[33m[WARN] [1790606107.348916669, 25.263000000]: Plan fail[0m
[31m[ERROR] [1790606107.369227986, 25.282000000]: No path to next viewpoint[0m
[33m[WARN] [1790606107.369650781, 25.282000000]: Plan fail[0m
[33m[WARN] [1790606107.377809858, 25.300000000]: Drone 1 send opt request to 2, pair opt t: 0.064000, allocate t: 0.055000[0m
[31m[ERROR] [1790606107.388854003, 25.309000000]: No path to next viewpoint[0m
[33m[WARN] [1790606107.390089537, 25.309000000]: Plan fail[0m
[31m[ERROR] [1790606107.405608334, 25.318000000]: No path to next viewpoint[0m
[33m[WARN] [1790606107.406664529, 25.318000000]: Plan fail[0m
[31m[ERROR] [1790606107.426260697, 25.346000000]: No path to next viewpoint[0m
[31m[ERROR] [1790606107.426289878, 25.346000000]: No path to next viewpoint[0m
[33m[WARN] [1790606107.426598991, 25.346000000]: Plan fail[0m
[33m[WARN] [1790606107.426430490, 25.346000000]: Plan fail[0m
[33m[WARN] [1790606107.427336901, 25.346000000]: Pair opt 1 & 2[0m
[31m[ERROR] [1790606107.445848569, 25.355000000]: No path to next viewpoint[0m
[33m[WARN] [1790606107.446346276, 25.364000000]: Plan fail[0m
[31m[ERROR] [1790606107.466019149, 25.373000000]: No path to next viewpoint[0m
[33m[WARN] [1790606107.466474710, 25.373000000]: Plan fail[0m
[31m[ERROR] [1790606107.488110815, 25.400999999]: No path to next viewpoint[0m
[33m[WARN] [1790606107.488361065, 25.400999999]: Plan fail[0m
[33m[WARN] [1790606107.494526021, 25.400999999]: Drone 1 send opt request to 2, pair opt t: 0.055000, allocate t: 0.055000[0m
[31m[ERROR] [1790606107.513123648, 25.419000000]: No path to next viewpoint[0m
[33m[WARN] [1790606107.513459399, 25.419000000]: Plan fail[0m
[33m[WARN] [1790606107.513904038, 25.419000000]: Reject frequent attempt[0m
[31m[ERROR] [1790606107.546062860, 25.455999999]: No path to next viewpoint[0m
[33m[WARN] [1790606107.546548186, 25.455999999]: Plan fail[0m
[31m[ERROR] [1790606107.552346500, 25.464999999]: No path to next viewpoint[0m
[33m[WARN] [1790606107.553033093, 25.464999999]: Plan fail[0m
[33m[WARN] [1790606107.553999159, 25.464999999]: Pair opt 1 & 2[0m
[31m[ERROR] [1790606107.568658860, 25.474000000]: No path to next viewpoint[0m
[33m[WARN] [1790606107.569324735, 25.474000000]: Plan fail[0m
[31m[ERROR] [1790606107.589183534, 25.501000000]: No path to next viewpoint[0m
[33m[WARN] [1790606107.589820394, 25.501000000]: Plan fail[0m
[33m[WARN] [1790606107.608391425, 25.519999999]: Drone 1 send opt request to 2, pair opt t: 0.055000, allocate t: 0.045000[0m
[31m[ERROR] [1790606107.610123249, 25.519999999]: No path to next viewpoint[0m
[33m[WARN] [1790606107.610368496, 25.519999999]: Plan fail[0m
[31m[ERROR] [1790606107.640548662, 25.547000000]: No path to next viewpoint[0m
[33m[WARN] [1790606107.640785281, 25.547000000]: Plan fail[0m
[31m[ERROR] [1790606107.656465283, 25.565000000]: No path to next viewpoint[0m
[33m[WARN] [1790606107.656876405, 25.565000000]: Plan fail[0m
[31m[ERROR] [1790606107.656469827, 25.565000000]: No path to next viewpoint[0m
[33m[WARN] [1790606107.657293697, 25.565000000]: Pair opt 1 & 2[0m
[33m[WARN] [1790606107.657451026, 25.565000000]: Plan fail[0m
[31m[ERROR] [1790606107.678425550, 25.583999999]: No path to next viewpoint[0m
[33m[WARN] [1790606107.678735288, 25.583999999]: Plan fail[0m
[31m[ERROR] [1790606107.698767215, 25.602000000]: No path to next viewpoint[0m
[33m[WARN] [1790606107.699052566, 25.602000000]: Plan fail[0m
[33m[WARN] [1790606107.723199842, 25.620000000]: Drone 1 send opt request to 2, pair opt t: 0.055000, allocate t: 0.055000[0m
[31m[ERROR] [1790606107.727373511, 25.620000000]: No path to next viewpoint[0m
[33m[WARN] [1790606107.728415449, 25.620000000]: Plan fail[0m
[33m[WARN] [1790606107.730429747, 25.620000000]: Reject frequent attempt[0m
[31m[ERROR] [1790606107.755520370, 25.657000000]: No path to next viewpoint[0m
[33m[WARN] [1790606107.755914066, 25.657000000]: Plan fail[0m
[31m[ERROR] [1790606107.771076310, 25.666000000]: No path to next viewpoint[0m
[33m[WARN] [1790606107.771366038, 25.666000000]: Plan fail[0m
[33m[WARN] [1790606107.775190241, 25.675000000]: Pair opt 1 & 2[0m
[31m[ERROR] [1790606107.778508358, 25.675000000]: No path to next viewpoint[0m
[33m[WARN] [1790606107.778950120, 25.675000000]: Plan fail[0m
[31m[ERROR] [1790606107.797336851, 25.693000000]: No path to next viewpoint[0m
[33m[WARN] [1790606107.797739177, 25.693000000]: Plan fail[0m
[31m[ERROR] [1790606107.818866652, 25.711999999]: No path to next viewpoint[0m
[33m[WARN] [1790606107.819360023, 25.711999999]: Plan fail[0m
[33m[WARN] [1790606107.829545280, 25.730000000]: Drone 1 send opt request to 2, pair opt t: 0.055000, allocate t: 0.046000[0m
[31m[ERROR] [1790606107.841921424, 25.730000000]: No path to next viewpoint[0m
[33m[WARN] [1790606107.842510176, 25.739000000]: Plan fail[0m
[31m[ERROR] [1790606107.860858095, 25.757000000]: No path to next viewpoint[0m
[33m[WARN] [1790606107.861150617, 25.757000000]: Plan fail[0m
[31m[ERROR] [1790606107.879758249, 25.775999999]: No path to next viewpoint[0m
[33m[WARN] [1790606107.880056482, 25.775999999]: Plan fail[0m
[31m[ERROR] [1790606107.882268295, 25.775999999]: No path to next viewpoint[0m
[33m[WARN] [1790606107.882406031, 25.775999999]: Plan fail[0m
[33m[WARN] [1790606107.883320571, 25.775999999]: Pair opt 1 & 2[0m
[31m[ERROR] [1790606107.904393936, 25.794000000]: No path to next viewpoint[0m
[33m[WARN] [1790606107.904575193, 25.794000000]: Plan fail[0m
[31m[ERROR] [1790606107.921250485, 25.812000000]: No path to next viewpoint[0m
[33m[WARN] [1790606107.921799843, 25.812000000]: Plan fail[0m
[31m[ERROR] [1790606107.938901598, 25.821000000]: No path to next viewpoint[0m
[33m[WARN] [1790606107.939236057, 25.821000000]: Plan fail[0m
[33m[WARN] [1790606107.952534286, 25.830999999]: Drone 1 send opt request to 2, pair opt t: 0.055000, allocate t: 0.055000[0m
[31m[ERROR] [1790606107.963040870, 25.839999999]: No path to next viewpoint[0m
[33m[WARN] [1790606107.963320593, 25.839999999]: Plan fail[0m
[33m[WARN] [1790606107.963508020, 25.839999999]: Reject frequent attempt[0m
[31m[ERROR] [1790606107.979080344, 25.858000000]: No path to next viewpoint[0m
[33m[WARN] [1790606107.979330719, 25.858000000]: Plan fail[0m
[31m[ERROR] [1790606107.995076463, 25.876000000]: No path to next viewpoint[0m
[33m[WARN] [1790606107.995332216, 25.876000000]: Plan fail[0m
[31m[ERROR] [1790606108.001000840, 25.876000000]: No path to next viewpoint[0m
[33m[WARN] [1790606108.001297280, 25.876000000]: Plan fail[0m
[33m[WARN] [1790606108.004460152, 25.885000000]: Pair opt 1 & 2[0m
[31m[ERROR] [1790606108.011267554, 25.885000000]: No path to next viewpoint[0m
[33m[WARN] [1790606108.011595885, 25.885000000]: Plan fail[0m
[31m[ERROR] [1790606108.030217024, 25.903999999]: No path to next viewpoint[0m
[33m[WARN] [1790606108.030990536, 25.903999999]: Plan fail[0m
[31m[ERROR] [1790606108.054660782, 25.931000000]: No path to next viewpoint[0m
[33m[WARN] [1790606108.055064609, 25.931000000]: Plan fail[0m
[33m[WARN] [1790606108.076461302, 25.949000000]: Drone 1 send opt request to 2, pair opt t: 0.064000, allocate t: 0.064000[0m
[31m[ERROR] [1790606108.079604831, 25.958999999]: No path to next viewpoint[0m
[33m[WARN] [1790606108.080046969, 25.958999999]: Plan fail[0m
[31m[ERROR] [1790606108.100002024, 25.977000000]: No path to next viewpoint[0m
[33m[WARN] [1790606108.100269783, 25.977000000]: Plan fail[0m
[31m[ERROR] [1790606108.119215835, 25.995000000]: No path to next viewpoint[0m
[33m[WARN] [1790606108.119874998, 25.995000000]: Plan fail[0m
[31m[ERROR] [1790606108.127563507, 26.004000000]: No path to next viewpoint[0m
[33m[WARN] [1790606108.128045122, 26.004000000]: Plan fail[0m
[33m[WARN] [1790606108.129746139, 26.004000000]: Pair opt 1 & 2[0m
[31m[ERROR] [1790606108.146899128, 26.022999999]: No path to next viewpoint[0m
[33m[WARN] [1790606108.147347685, 26.022999999]: Plan fail[0m
[31m[ERROR] [1790606108.166152833, 26.041000000]: No path to next viewpoint[0m
[33m[WARN] [1790606108.166374694, 26.041000000]: Plan fail[0m
[31m[ERROR] [1790606108.184195225, 26.059000000]: No path to next viewpoint[0m
[33m[WARN] [1790606108.184444558, 26.059000000]: Plan fail[0m
[33m[WARN] [1790606108.193375480, 26.068000000]: Drone 1 send opt request to 2, pair opt t: 0.064000, allocate t: 0.064000[0m
[31m[ERROR] [1790606108.200437717, 26.068000000]: No path to next viewpoint[0m
[33m[WARN] [1790606108.200744245, 26.068000000]: Plan fail[0m
[33m[WARN] [1790606108.201048481, 26.068000000]: Reject frequent attempt[0m
[31m[ERROR] [1790606108.217155697, 26.086999999]: No path to next viewpoint[0m
[33m[WARN] [1790606108.217522714, 26.086999999]: Plan fail[0m
[31m[ERROR] [1790606108.232679413, 26.096000000]: No path to next viewpoint[0m
[33m[WARN] [1790606108.233002200, 26.096000000]: Plan fail[0m
[31m[ERROR] [1790606108.242469890, 26.114000000]: No path to next viewpoint[0m
[33m[WARN] [1790606108.242681412, 26.114000000]: Plan fail[0m
[33m[WARN] [1790606108.247983478, 26.114000000]: Pair opt 1 & 2[0m
[31m[ERROR] [1790606108.249881093, 26.114000000]: No path to next viewpoint[0m
[33m[WARN] [1790606108.250127425, 26.114000000]: Plan fail[0m
[31m[ERROR] [1790606108.270063888, 26.132000000]: No path to next viewpoint[0m
[33m[WARN] [1790606108.270349531, 26.132000000]: Plan fail[0m
[31m[ERROR] [1790606108.288381459, 26.150999999]: No path to next viewpoint[0m
[33m[WARN] [1790606108.288604153, 26.150999999]: Plan fail[0m
[33m[WARN] [1790606108.313551704, 26.169000000]: Drone 1 send opt request to 2, pair opt t: 0.055000, allocate t: 0.055000[0m
[31m[ERROR] [1790606108.314830385, 26.178000000]: No path to next viewpoint[0m
[33m[WARN] [1790606108.316029734, 26.178000000]: Plan fail[0m
[31m[ERROR] [1790606108.338998463, 26.196000000]: No path to next viewpoint[0m
[33m[WARN] [1790606108.339456442, 26.196000000]: Plan fail[0m
[31m[ERROR] [1790606108.369974026, 26.224000000]: No path to next viewpoint[0m
[33m[WARN] [1790606108.370901698, 26.224000000]: Plan fail[0m
[31m[ERROR] [1790606108.380475566, 26.234000000]: No path to next viewpoint[0m
[33m[WARN] [1790606108.380937797, 26.234000000]: Plan fail[0m
[33m[WARN] [1790606108.382082661, 26.234000000]: Pair opt 1 & 2[0m
[31m[ERROR] [1790606108.398213056, 26.253000000]: No path to next viewpoint[0m
[33m[WARN] [1790606108.398958386, 26.253000000]: Plan fail[0m
[31m[ERROR] [1790606108.422033918, 26.271000000]: No path to next viewpoint[0m
[33m[WARN] [1790606108.422360665, 26.271000000]: Plan fail[0m
[31m[ERROR] [1790606108.439390676, 26.289000000]: No path to next viewpoint[0m
[33m[WARN] [1790606108.439593152, 26.289000000]: Plan fail[0m
[33m[WARN] [1790606108.440316513, 26.289000000]: Drone 1 send opt request to 2, pair opt t: 0.055000, allocate t: 0.055000[0m
[31m[ERROR] [1790606108.463016608, 26.307999999]: No path to next viewpoint[0m
[33m[WARN] [1790606108.463428480, 26.307999999]: Plan fail[0m
[33m[WARN] [1790606108.463804918, 26.317000000]: Reject frequent attempt[0m
[31m[ERROR] [1790606108.482876658, 26.326000000]: No path to next viewpoint[0m
[33m[WARN] [1790606108.483399753, 26.326000000]: Plan fail[0m
[31m[ERROR] [1790606108.486021313, 26.335000000]: No path to next viewpoint[0m
[33m[WARN] [1790606108.486471788, 26.335000000]: Plan fail[0m
[33m[WARN] [1790606108.487402670, 26.335000000]: Pair opt 1 & 2[0m
[31m[ERROR] [1790606108.504420174, 26.353000000]: No path to next viewpoint[0m
[33m[WARN] [1790606108.504773351, 26.353000000]: Plan fail[0m
[31m[ERROR] [1790606108.524908830, 26.371999999]: No path to next viewpoint[0m
[33m[WARN] [1790606108.525927172, 26.371999999]: Plan fail[0m
[33m[WARN] [1790606108.543692759, 26.390000000]: Drone 1 send opt request to 2, pair opt t: 0.055000, allocate t: 0.055000[0m
[31m[ERROR] [1790606108.543949096, 26.390000000]: No path to next viewpoint[0m
[33m[WARN] [1790606108.544405782, 26.390000000]: Plan fail[0m
[31m[ERROR] [1790606108.572128178, 26.417000000]: No path to next viewpoint[0m
[33m[WARN] [1790606108.572363671, 26.417000000]: Plan fail[0m
[31m[ERROR] [1790606108.590195541, 26.435999999]: No path to next viewpoint[0m
[33m[WARN] [1790606108.590482059, 26.435999999]: Plan fail[0m
[31m[ERROR] [1790606108.590647058, 26.435999999]: No path to next viewpoint[0m
[33m[WARN] [1790606108.591413941, 26.435999999]: Plan fail[0m
[33m[WARN] [1790606108.591281583, 26.435999999]: Pair opt 1 & 2[0m
[31m[ERROR] [1790606108.615675149, 26.454000000]: No path to next viewpoint[0m
[33m[WARN] [1790606108.616086646, 26.454000000]: Plan fail[0m
[31m[ERROR] [1790606108.636507977, 26.481000000]: No path to next viewpoint[0m
[33m[WARN] [1790606108.636843311, 26.481000000]: Plan fail[0m
[33m[WARN] [1790606108.649729543, 26.490999999]: Drone 1 send opt request to 2, pair opt t: 0.055000, allocate t: 0.055000[0m
[31m[ERROR] [1790606108.657678182, 26.500000000]: No path to next viewpoint[0m
[33m[WARN] [1790606108.657885327, 26.500000000]: Plan fail[0m
[33m[WARN] [1790606108.658041447, 26.500000000]: Reject frequent attempt[0m
[31m[ERROR] [1790606108.677734246, 26.518000000]: No path to next viewpoint[0m
[33m[WARN] [1790606108.678160876, 26.518000000]: Plan fail[0m
[31m[ERROR] [1790606108.696952643, 26.536000000]: No path to next viewpoint[0m
[33m[WARN] [1790606108.697250917, 26.536000000]: Plan fail[0m
[31m[ERROR] [1790606108.698456102, 26.545000000]: No path to next viewpoint[0m
[33m[WARN] [1790606108.698755335, 26.545000000]: Plan fail[0m
[33m[WARN] [1790606108.700058403, 26.545000000]: Pair opt 1 & 2[0m
[31m[ERROR] [1790606108.711842876, 26.554999999]: No path to next viewpoint[0m
[33m[WARN] [1790606108.712216020, 26.554999999]: Plan fail[0m
[31m[ERROR] [1790606108.739718098, 26.582000000]: No path to next viewpoint[0m
[33m[WARN] [1790606108.739925660, 26.582000000]: Plan fail[0m
[33m[WARN] [1790606108.756544507, 26.600000000]: Drone 1 send opt request to 2, pair opt t: 0.055000, allocate t: 0.046000[0m
[31m[ERROR] [1790606108.762938911, 26.600000000]: No path to next viewpoint[0m
[33m[WARN] [1790606108.763284959, 26.600000000]: Plan fail[0m
[31m[ERROR] [1790606108.795202535, 26.628000000]: No path to next viewpoint[0m
[33m[WARN] [1790606108.795852401, 26.628000000]: Plan fail[0m
[31m[ERROR] [1790606108.812274024, 26.646000000]: No path to next viewpoint[0m
[33m[WARN] [1790606108.813625700, 26.646000000]: Plan fail[0m
[33m[WARN] [1790606108.814405048, 26.646000000]: Pair opt 1 & 2[0m
[31m[ERROR] [1790606108.823222079, 26.664000000]: No path to next viewpoint[0m
[33m[WARN] [1790606108.823716493, 26.664000000]: Plan fail[0m
[31m[ERROR] [1790606108.843323166, 26.682999999]: No path to next viewpoint[0m
[33m[WARN] [1790606108.843568997, 26.682999999]: Plan fail[0m
[31m[ERROR] [1790606108.862548941, 26.701000000]: No path to next viewpoint[0m
[33m[WARN] [1790606108.862924087, 26.701000000]: Plan fail[0m
[31m[ERROR] [1790606108.881574449, 26.719000000]: No path to next viewpoint[0m
[33m[WARN] [1790606108.882204431, 26.719000000]: Plan fail[0m
[33m[WARN] [1790606108.882431627, 26.719000000]: Drone 1 send opt request to 2, pair opt t: 0.073000, allocate t: 0.073000[0m
[33m[WARN] [1790606108.883048436, 26.719000000]: Reject frequent attempt[0m
[31m[ERROR] [1790606108.902461054, 26.737000000]: No path to next viewpoint[0m
[33m[WARN] [1790606108.902806518, 26.737000000]: Plan fail[0m
[31m[ERROR] [1790606108.918301303, 26.756000000]: No path to next viewpoint[0m
[33m[WARN] [1790606108.918536046, 26.756000000]: Plan fail[0m
[31m[ERROR] [1790606108.934471176, 26.774000000]: No path to next viewpoint[0m
[33m[WARN] [1790606108.934925653, 26.774000000]: Plan fail[0m
[33m[WARN] [1790606108.935744937, 26.774000000]: Pair opt 1 & 2[0m
[31m[ERROR] [1790606108.938027578, 26.774000000]: No path to next viewpoint[0m
[33m[WARN] [1790606108.938460169, 26.774000000]: Plan fail[0m
[31m[ERROR] [1790606108.956760398, 26.792000000]: No path to next viewpoint[0m
[33m[WARN] [1790606108.957149843, 26.792000000]: Plan fail[0m
[31m[ERROR] [1790606108.974546037, 26.811000000]: No path to next viewpoint[0m
[33m[WARN] [1790606108.975344686, 26.811000000]: Plan fail[0m
[31m[ERROR] [1790606108.997882032, 26.829000000]: No path to next viewpoint[0m
[33m[WARN] [1790606108.998256553, 26.829000000]: Plan fail[0m
[33m[WARN] [1790606109.009367772, 26.847000000]: Drone 1 send opt request to 2, pair opt t: 0.073000, allocate t: 0.064000[0m
[31m[ERROR] [1790606109.026671045, 26.856000000]: No path to next viewpoint[0m
[33m[WARN] [1790606109.028220902, 26.856000000]: Plan fail[0m
[31m[ERROR] [1790606109.043960727, 26.875000000]: No path to next viewpoint[0m
[33m[WARN] [1790606109.044263253, 26.875000000]: Plan fail[0m
[31m[ERROR] [1790606109.058443798, 26.884000000]: No path to next viewpoint[0m
[33m[WARN] [1790606109.058620219, 26.884000000]: Plan fail[0m
[31m[ERROR] [1790606109.062574737, 26.893000000]: No path to next viewpoint[0m
[33m[WARN] [1790606109.062617592, 26.893000000]: Pair opt 1 & 2[0m
[33m[WARN] [1790606109.062887477, 26.893000000]: Plan fail[0m
[31m[ERROR] [1790606109.076869840, 26.902000000]: No path to next viewpoint[0m
[33m[WARN] [1790606109.077143518, 26.902000000]: Plan fail[0m
[31m[ERROR] [1790606109.094309055, 26.920000000]: No path to next viewpoint[0m
[33m[WARN] [1790606109.094608538, 26.920000000]: Plan fail[0m
[31m[ERROR] [1790606109.112130920, 26.939000000]: No path to next viewpoint[0m
[33m[WARN] [1790606109.112318764, 26.939000000]: Plan fail[0m
[33m[WARN] [1790606109.127676397, 26.948000000]: Drone 1 send opt request to 2, pair opt t: 0.055000, allocate t: 0.055000[0m
[31m[ERROR] [1790606109.129515483, 26.948000000]: No path to next viewpoint[0m
[33m[WARN] [1790606109.129631499, 26.948000000]: Plan fail[0m
[33m[WARN] [1790606109.129862073, 26.948000000]: Reject frequent attempt[0m
[31m[ERROR] [1790606109.145324342, 26.966000000]: No path to next viewpoint[0m
[33m[WARN] [1790606109.145663761, 26.966000000]: Plan fail[0m
[31m[ERROR] [1790606109.170271976, 26.993999999]: No path to next viewpoint[0m
[33m[WARN] [1790606109.170692311, 26.993999999]: Plan fail[0m
[31m[ERROR] [1790606109.186872981, 27.012000000]: No path to next viewpoint[0m
[33m[WARN] [1790606109.187304821, 27.012000000]: Plan fail[0m
[33m[WARN] [1790606109.188043816, 27.012000000]: Pair opt 1 & 2[0m
[31m[ERROR] [1790606109.188840547, 27.012000000]: No path to next viewpoint[0m
[33m[WARN] [1790606109.189174881, 27.012000000]: Plan fail[0m
[31m[ERROR] [1790606109.216935046, 27.030000000]: No path to next viewpoint[0m
[33m[WARN] [1790606109.218966186, 27.030000000]: Plan fail[0m
[31m[ERROR] [1790606109.239981813, 27.057999999]: No path to next viewpoint[0m
[33m[WARN] [1790606109.240311436, 27.057999999]: Plan fail[0m
[31m[ERROR] [1790606109.261188078, 27.076000000]: No path to next viewpoint[0m
[33m[WARN] [1790606109.261564349, 27.076000000]: Plan fail[0m
[33m[WARN] [1790606109.262993397, 27.085000000]: Drone 1 send opt request to 2, pair opt t: 0.073000, allocate t: 0.064000[0m
[31m[ERROR] [1790606109.285084395, 27.103000000]: No path to next viewpoint[0m
[33m[WARN] [1790606109.285319054, 27.103000000]: Plan fail[0m
[31m[ERROR] [1790606109.304062379, 27.121999999]: No path to next viewpoint[0m
[33m[WARN] [1790606109.304317382, 27.121999999]: Plan fail[0m
[31m[ERROR] [1790606109.309154674, 27.121999999]: No path to next viewpoint[0m
[33m[WARN] [1790606109.309666513, 27.121999999]: Plan fail[0m
[33m[WARN] [1790606109.312926684, 27.131000000]: Pair opt 1 & 2[0m
[31m[ERROR] [1790606109.323925431, 27.140000000]: No path to next viewpoint[0m
[33m[WARN] [1790606109.324131909, 27.140000000]: Plan fail[0m
[31m[ERROR] [1790606109.347421173, 27.158000000]: No path to next viewpoint[0m
[33m[WARN] [1790606109.347987081, 27.167000000]: Plan fail[0m
[31m[ERROR] [1790606109.364001167, 27.176999999]: No path to next viewpoint[0m
[33m[WARN] [1790606109.364232574, 27.176999999]: Plan fail[0m
[33m[WARN] [1790606109.380784179, 27.195000000]: Drone 1 send opt request to 2, pair opt t: 0.064000, allocate t: 0.064000[0m
[31m[ERROR] [1790606109.390592164, 27.204000000]: No path to next viewpoint[0m
[33m[WARN] [1790606109.391592831, 27.204000000]: Plan fail[0m
[33m[WARN] [1790606109.392048350, 27.204000000]: Reject frequent attempt[0m
[31m[ERROR] [1790606109.412889849, 27.222000000]: No path to next viewpoint[0m
[33m[WARN] [1790606109.413243318, 27.222000000]: Plan fail[0m
[31m[ERROR] [1790606109.430379381, 27.240999999]: No path to next viewpoint[0m
[33m[WARN] [1790606109.430638427, 27.240999999]: Plan fail[0m
[31m[ERROR] [1790606109.431348491, 27.240999999]: No path to next viewpoint[0m
[33m[WARN] [1790606109.431655978, 27.240999999]: Plan fail[0m
[33m[WARN] [1790606109.432521077, 27.240999999]: Pair opt 1 & 2[0m
[31m[ERROR] [1790606109.446932779, 27.259000000]: No path to next viewpoint[0m
[33m[WARN] [1790606109.447316971, 27.259000000]: Plan fail[0m
[31m[ERROR] [1790606109.467037743, 27.277000000]: No path to next viewpoint[0m
[33m[WARN] [1790606109.467423102, 27.277000000]: Plan fail[0m
[31m[ERROR] [1790606109.483189607, 27.295000000]: No path to next viewpoint[0m
[33m[WARN] [1790606109.483570172, 27.295000000]: Plan fail[0m
[33m[WARN] [1790606109.493600434, 27.304999999]: Drone 1 send opt request to 2, pair opt t: 0.064000, allocate t: 0.054000[0m
[31m[ERROR] [1790606109.501323461, 27.304999999]: No path to next viewpoint[0m
[33m[WARN] [1790606109.501756719, 27.304999999]: Plan fail[0m
[31m[ERROR] [1790606109.516890282, 27.323000000]: No path to next viewpoint[0m
[33m[WARN] [1790606109.517244125, 27.323000000]: Plan fail[0m
[31m[ERROR] [1790606109.531732199, 27.341000000]: No path to next viewpoint[0m
[33m[WARN] [1790606109.531845631, 27.341000000]: Plan fail[0m
[31m[ERROR] [1790606109.544586498, 27.350000000]: No path to next viewpoint[0m
[33m[WARN] [1790606109.544793685, 27.350000000]: Plan fail[0m
[31m[ERROR] [1790606109.548231653, 27.350000000]: No path to next viewpoint[0m
[33m[WARN] [1790606109.548393025, 27.350000000]: Plan fail[0m
[33m[WARN] [1790606109.549556107, 27.350000000]: Pair opt 1 & 2[0m
[31m[ERROR] [1790606109.557764500, 27.359000000]: No path to next viewpoint[0m
[33m[WARN] [1790606109.558032259, 27.359000000]: Plan fail[0m
[31m[ERROR] [1790606109.569783507, 27.368999999]: No path to next viewpoint[0m
[33m[WARN] [1790606109.569939627, 27.368999999]: Plan fail[0m
[31m[ERROR] [1790606109.580199712, 27.378000000]: No path to next viewpoint[0m
[33m[WARN] [1790606109.580506699, 27.378000000]: Plan fail[0m
[31m[ERROR] [1790606109.597953168, 27.387000000]: No path to next viewpoint[0m
[33m[WARN] [1790606109.598282875, 27.387000000]: Plan fail[0m
[31m[ERROR] [1790606109.613032329, 27.405000000]: No path to next viewpoint[0m
[33m[WARN] [1790606109.613579352, 27.405000000]: Plan fail[0m
[31m[ERROR] [1790606109.626889546, 27.414000000]: No path to next viewpoint[0m
[33m[WARN] [1790606109.627100651, 27.414000000]: Plan fail[0m
[31m[ERROR] [1790606109.657977040, 27.445000000]: No path to next viewpoint[0m
[33m[WARN] [1790606109.658209073, 27.445000000]: Plan fail[0m
[33m[WARN] [1790606109.659130200, 27.445000000]: Drone 1 send opt request to 2, pair opt t: 0.095000, allocate t: 0.095000[0m
[31m[ERROR] [1790606109.678519223, 27.463000000]: No path to next viewpoint[0m
[33m[WARN] [1790606109.678755716, 27.463000000]: Plan fail[0m
[33m[WARN] [1790606109.679165712, 27.463000000]: Reject frequent attempt[0m
[31m[ERROR] [1790606109.697043230, 27.472000000]: No path to next viewpoint[0m
[33m[WARN] [1790606109.697259046, 27.472000000]: Plan fail[0m
[31m[ERROR] [1790606109.709594836, 27.481000000]: No path to next viewpoint[0m
[33m[WARN] [1790606109.710074993, 27.481000000]: Plan fail[0m
[31m[ERROR] [1790606109.712025051, 27.481000000]: No path to next viewpoint[0m
[33m[WARN] [1790606109.712355341, 27.481000000]: Plan fail[0m
[33m[WARN] [1790606109.715726609, 27.490999999]: Pair opt 1 & 2[0m
[31m[ERROR] [1790606109.730065066, 27.490999999]: No path to next viewpoint[0m
[33m[WARN] [1790606109.730305645, 27.490999999]: Plan fail[0m
[31m[ERROR] [1790606109.744488649, 27.500000000]: No path to next viewpoint[0m
[33m[WARN] [1790606109.744853582, 27.500000000]: Plan fail[0m
[31m[ERROR] [1790606109.760255029, 27.518000000]: No path to next viewpoint[0m
[33m[WARN] [1790606109.760562932, 27.518000000]: Plan fail[0m
[31m[ERROR] [1790606109.777099405, 27.527000000]: No path to next viewpoint[0m
[33m[WARN] [1790606109.777242101, 27.527000000]: Plan fail[0m
[33m[WARN] [1790606109.794890671, 27.545000000]: Drone 1 send opt request to 2, pair opt t: 0.054000, allocate t: 0.054000[0m
[31m[ERROR] [1790606109.798594522, 27.545000000]: No path to next viewpoint[0m
[33m[WARN] [1790606109.798900925, 27.545000000]: Plan fail[0m
[31m[ERROR] [1790606109.814183896, 27.564000000]: No path to next viewpoint[0m
[33m[WARN] [1790606109.814373908, 27.564000000]: Plan fail[0m
[31m[ERROR] [1790606109.834677179, 27.582000000]: No path to next viewpoint[0m
[33m[WARN] [1790606109.834886826, 27.582000000]: Plan fail[0m
[31m[ERROR] [1790606109.840214613, 27.591000000]: No path to next viewpoint[0m
[33m[WARN] [1790606109.840525811, 27.591000000]: Plan fail[0m
[33m[WARN] [1790606109.840952190, 27.591000000]: Pair opt 1 & 2[0m
[31m[ERROR] [1790606109.850322748, 27.600000000]: No path to next viewpoint[0m
[33m[WARN] [1790606109.850472323, 27.600000000]: Plan fail[0m
[31m[ERROR] [1790606109.872823701, 27.618999999]: No path to next viewpoint[0m
[33m[WARN] [1790606109.873072868, 27.618999999]: Plan fail[0m
[31m[ERROR] [1790606109.893656738, 27.637000000]: No path to next viewpoint[0m
[33m[WARN] [1790606109.893807897, 27.637000000]: Plan fail[0m
[33m[WARN] [1790606109.901948382, 27.646000000]: Drone 1 send opt request to 2, pair opt t: 0.055000, allocate t: 0.055000[0m
[31m[ERROR] [1790606109.911056642, 27.655000000]: No path to next viewpoint[0m
[33m[WARN] [1790606109.911491401, 27.655000000]: Plan fail[0m
[33m[WARN] [1790606109.912086448, 27.655000000]: Reject frequent attempt[0m
[31m[ERROR] [1790606109.943832105, 27.682999999]: No path to next viewpoint[0m
[33m[WARN] [1790606109.944624334, 27.692000000]: Plan fail[0m
[31m[ERROR] [1790606109.950000979, 27.692000000]: No path to next viewpoint[0m
[33m[WARN] [1790606109.950335563, 27.692000000]: Plan fail[0m
[33m[WARN] [1790606109.954470838, 27.701000000]: Pair opt 1 & 2[0m
[31m[ERROR] [1790606109.963842688, 27.710000000]: No path to next viewpoint[0m
[33m[WARN] [1790606109.964227089, 27.710000000]: Plan fail[0m
[31m[ERROR] [1790606109.988365152, 27.728000000]: No path to next viewpoint[0m
[33m[WARN] [1790606109.988713909, 27.728000000]: Plan fail[0m
[31m[ERROR] [1790606110.009852849, 27.756000000]: No path to next viewpoint[0m
[33m[WARN] [1790606110.010081504, 27.756000000]: Plan fail[0m
[33m[WARN] [1790606110.018925091, 27.765000000]: Drone 1 send opt request to 2, pair opt t: 0.064000, allocate t: 0.055000[0m
[31m[ERROR] [1790606110.037133899, 27.783000000]: No path to next viewpoint[0m
[33m[WARN] [1790606110.037469317, 27.783000000]: Plan fail[0m
[31m[ERROR] [1790606110.050752747, 27.792000000]: No path to next viewpoint[0m
[33m[WARN] [1790606110.051044893, 27.792000000]: Plan fail[0m
[31m[ERROR] [1790606110.073649398, 27.811000000]: No path to next viewpoint[0m
[33m[WARN] [1790606110.073954008, 27.811000000]: Plan fail[0m
[31m[ERROR] [1790606110.073659861, 27.811000000]: No path to next viewpoint[0m
[33m[WARN] [1790606110.074446421, 27.811000000]: Plan fail[0m
[33m[WARN] [1790606110.075125760, 27.811000000]: Pair opt 1 & 2[0m
[31m[ERROR] [1790606110.092027540, 27.829000000]: No path to next viewpoint[0m
[33m[WARN] [1790606110.092275414, 27.829000000]: Plan fail[0m
[31m[ERROR] [1790606110.109469215, 27.838000000]: No path to next viewpoint[0m
[33m[WARN] [1790606110.109772867, 27.838000000]: Plan fail[0m
[31m[ERROR] [1790606110.127555379, 27.847000000]: No path to next viewpoint[0m
[33m[WARN] [1790606110.127875580, 27.847000000]: Plan fail[0m
[33m[WARN] [1790606110.141710661, 27.865999999]: Drone 1 send opt request to 2, pair opt t: 0.055000, allocate t: 0.055000[0m
[31m[ERROR] [1790606110.147634580, 27.875000000]: No path to next viewpoint[0m
[33m[WARN] [1790606110.147837556, 27.875000000]: Plan fail[0m
[33m[WARN] [1790606110.148129619, 27.875000000]: Reject frequent attempt[0m
[31m[ERROR] [1790606110.175265430, 27.893000000]: No path to next viewpoint[0m
[33m[WARN] [1790606110.175514847, 27.893000000]: Plan fail[0m
[31m[ERROR] [1790606110.192070495, 27.911000000]: No path to next viewpoint[0m
[31m[ERROR] [1790606110.192395241, 27.911000000]: No path to next viewpoint[0m
[33m[WARN] [1790606110.192410207, 27.911000000]: Plan fail[0m
[33m[WARN] [1790606110.192721779, 27.911000000]: Plan fail[0m
[33m[WARN] [1790606110.193518719, 27.911000000]: Pair opt 1 & 2[0m
[31m[ERROR] [1790606110.214466938, 27.939000000]: No path to next viewpoint[0m
[33m[WARN] [1790606110.215555107, 27.939000000]: Plan fail[0m
[31m[ERROR] [1790606110.233509288, 27.957000000]: No path to next viewpoint[0m
[33m[WARN] [1790606110.233760538, 27.957000000]: Plan fail[0m
[31m[ERROR] [1790606110.250584238, 27.966000000]: No path to next viewpoint[0m
[33m[WARN] [1790606110.250971473, 27.966000000]: Plan fail[0m
[33m[WARN] [1790606110.252356373, 27.975000000]: Drone 1 send opt request to 2, pair opt t: 0.064000, allocate t: 0.046000[0m
[31m[ERROR] [1790606110.273927904, 27.993999999]: No path to next viewpoint[0m
[33m[WARN] [1790606110.274357702, 27.993999999]: Plan fail[0m
[31m[ERROR] [1790606110.293553378, 28.012000000]: No path to next viewpoint[0m
[33m[WARN] [1790606110.293867452, 28.012000000]: Plan fail[0m
[31m[ERROR] [1790606110.305053500, 28.021000000]: No path to next viewpoint[0m
[33m[WARN] [1790606110.305314589, 28.021000000]: Plan fail[0m
[33m[WARN] [1790606110.305643879, 28.021000000]: Pair opt 1 & 2[0m
[31m[ERROR] [1790606110.316852480, 28.030000000]: No path to next viewpoint[0m
[33m[WARN] [1790606110.317168638, 28.030000000]: Plan fail[0m
[31m[ERROR] [1790606110.342315247, 28.057999999]: No path to next viewpoint[0m
[33m[WARN] [1790606110.342597388, 28.057999999]: Plan fail[0m
[31m[ERROR] [1790606110.361935177, 28.076000000]: No path to next viewpoint[0m
[33m[WARN] [1790606110.362273346, 28.076000000]: Plan fail[0m
[31m[ERROR] [1790606110.369937885, 28.085000000]: Larger cost after reallocation[0m
[33m[WARN] [1790606110.370552775, 28.085000000]: get response 1[0m
[31m[ERROR] [1790606110.380326451, 28.094000000]: No path to next viewpoint[0m
[33m[WARN] [1790606110.380681629, 28.094000000]: Plan fail[0m
[31m[ERROR] [1790606110.404823277, 28.112999999]: No path to next viewpoint[0m
[33m[WARN] [1790606110.405241236, 28.112999999]: Plan fail[0m
[31m[ERROR] [1790606110.419177492, 28.131000000]: No path to next viewpoint[0m
[33m[WARN] [1790606110.419373006, 28.131000000]: Plan fail[0m
[31m[ERROR] [1790606110.420861625, 28.131000000]: No path to next viewpoint[0m
[33m[WARN] [1790606110.421099119, 28.131000000]: Plan fail[0m
[31m[ERROR] [1790606110.433385593, 28.140000000]: No path to next viewpoint[0m
[33m[WARN] [1790606110.433558387, 28.140000000]: Plan fail[0m
[31m[ERROR] [1790606110.448083855, 28.158000000]: No path to next viewpoint[0m
[33m[WARN] [1790606110.448260026, 28.158000000]: Plan fail[0m
[31m[ERROR] [1790606110.460190113, 28.167000000]: No path to next viewpoint[0m
[33m[WARN] [1790606110.460427857, 28.167000000]: Plan fail[0m
[31m[ERROR] [1790606110.473614864, 28.176999999]: No path to next viewpoint[0m
[33m[WARN] [1790606110.473867574, 28.176999999]: Plan fail[0m
[31m[ERROR] [1790606110.490095433, 28.195000000]: No path to next viewpoint[0m
[33m[WARN] [1790606110.490303162, 28.195000000]: Plan fail[0m
[31m[ERROR] [1790606110.504708528, 28.204000000]: No path to next viewpoint[0m
[33m[WARN] [1790606110.505012930, 28.204000000]: Plan fail[0m
[31m[ERROR] [1790606110.507040777, 28.213000000]: No path to next viewpoint[0m
[33m[WARN] [1790606110.507282398, 28.213000000]: Plan fail[0m
[31m[ERROR] [1790606110.525490039, 28.222000000]: No path to next viewpoint[0m
[33m[WARN] [1790606110.525925715, 28.222000000]: Plan fail[0m
[31m[ERROR] [1790606110.570998448, 28.259000000]: No path to next viewpoint[0m
[33m[WARN] [1790606110.571596789, 28.259000000]: Plan fail[0m
[31m[ERROR] [1790606110.583779794, 28.277000000]: No path to next viewpoint[0m
[33m[WARN] [1790606110.584775291, 28.277000000]: Plan fail[0m
[31m[ERROR] [1790606110.607367707, 28.295000000]: No path to next viewpoint[0m
[33m[WARN] [1790606110.608237475, 28.295000000]: Plan fail[0m
[31m[ERROR] [1790606110.632009730, 28.323000000]: No path to next viewpoint[0m
[33m[WARN] [1790606110.632254603, 28.323000000]: Plan fail[0m
[31m[ERROR] [1790606110.640031864, 28.332000000]: No path to next viewpoint[0m
[33m[WARN] [1790606110.640968999, 28.332000000]: Plan fail[0m
[31m[ERROR] [1790606110.664005220, 28.350000000]: No path to next viewpoint[0m
[33m[WARN] [1790606110.664926555, 28.350000000]: Plan fail[0m
[31m[ERROR] [1790606110.694427298, 28.378000000]: No path to next viewpoint[0m
[33m[WARN] [1790606110.694807322, 28.378000000]: Plan fail[0m
[31m[ERROR] [1790606110.700769009, 28.387000000]: No path to next viewpoint[0m
[33m[WARN] [1790606110.701184842, 28.387000000]: Plan fail[0m
[31m[ERROR] [1790606110.741468682, 28.423000000]: No path to next viewpoint[0m
[33m[WARN] [1790606110.741756076, 28.423000000]: Plan fail[0m
[31m[ERROR] [1790606110.757911149, 28.442000000]: No path to next viewpoint[0m
[33m[WARN] [1790606110.758130259, 28.442000000]: Plan fail[0m
[31m[ERROR] [1790606110.765297924, 28.442000000]: No path to next viewpoint[0m
[33m[WARN] [1790606110.766155186, 28.442000000]: Plan fail[0m
[31m[ERROR] [1790606110.794754437, 28.469000000]: No path to next viewpoint[0m
[33m[WARN] [1790606110.795486678, 28.469000000]: Plan fail[0m
[31m[ERROR] [1790606110.814352856, 28.487999999]: No path to next viewpoint[0m
[33m[WARN] [1790606110.814648170, 28.487999999]: Plan fail[0m
[31m[ERROR] [1790606110.816646669, 28.487999999]: No path to next viewpoint[0m
[33m[WARN] [1790606110.817069547, 28.496999999]: Plan fail[0m
[31m[ERROR] [1790606110.836997089, 28.515000000]: No path to next viewpoint[0m
[33m[WARN] [1790606110.837392287, 28.515000000]: Plan fail[0m
[31m[ERROR] [1790606110.854371814, 28.524000000]: No path to next viewpoint[0m
[33m[WARN] [1790606110.854643575, 28.524000000]: Plan fail[0m
[31m[ERROR] [1790606110.862804403, 28.533000000]: No path to next viewpoint[0m
[33m[WARN] [1790606110.863143031, 28.533000000]: Plan fail[0m
[31m[ERROR] [1790606110.871406869, 28.542000000]: No path to next viewpoint[0m
[33m[WARN] [1790606110.871848340, 28.542000000]: Plan fail[0m
[31m[ERROR] [1790606110.890402987, 28.561000000]: No path to next viewpoint[0m
[33m[WARN] [1790606110.890727066, 28.561000000]: Plan fail[0m
[31m[ERROR] [1790606110.909191127, 28.579000000]: No path to next viewpoint[0m
[33m[WARN] [1790606110.909506910, 28.579000000]: Plan fail[0m
[31m[ERROR] [1790606110.911255867, 28.579000000]: No path to next viewpoint[0m
[33m[WARN] [1790606110.911502740, 28.579000000]: Plan fail[0m
[31m[ERROR] [1790606110.926927824, 28.597000000]: No path to next viewpoint[0m
[33m[WARN] [1790606110.927182743, 28.597000000]: Plan fail[0m
[31m[ERROR] [1790606110.944172234, 28.606000000]: No path to next viewpoint[0m
[33m[WARN] [1790606110.944460044, 28.606000000]: Plan fail[0m
[31m[ERROR] [1790606110.964486677, 28.625000000]: No path to next viewpoint[0m
[33m[WARN] [1790606110.964772695, 28.625000000]: Plan fail[0m
[31m[ERROR] [1790606110.970224503, 28.625000000]: No path to next viewpoint[0m
[33m[WARN] [1790606110.970651050, 28.634000000]: Plan fail[0m
[33m[WARN] [1790606110.971272360, 28.634000000]: Pair opt 1 & 2[0m
[31m[ERROR] [1790606110.989394625, 28.652000000]: No path to next viewpoint[0m
[33m[WARN] [1790606110.989666303, 28.652000000]: Plan fail[0m
[31m[ERROR] [1790606111.006557536, 28.670000000]: No path to next viewpoint[0m
[33m[WARN] [1790606111.006797947, 28.670000000]: Plan fail[0m
[31m[ERROR] [1790606111.023075332, 28.679999999]: No path to next viewpoint[0m
[33m[WARN] [1790606111.023283269, 28.679999999]: Plan fail[0m
[33m[WARN] [1790606111.040446096, 28.698000000]: Drone 1 send opt request to 2, pair opt t: 0.064000, allocate t: 0.064000[0m
[31m[ERROR] [1790606111.043474443, 28.698000000]: No path to next viewpoint[0m
[33m[WARN] [1790606111.043723318, 28.698000000]: Plan fail[0m
[31m[ERROR] [1790606111.065154986, 28.716000000]: No path to next viewpoint[0m
[33m[WARN] [1790606111.065791721, 28.725000000]: Plan fail[0m
[31m[ERROR] [1790606111.085584446, 28.743999999]: No path to next viewpoint[0m
[33m[WARN] [1790606111.085920948, 28.743999999]: Plan fail[0m
[31m[ERROR] [1790606111.093934494, 28.753000000]: No path to next viewpoint[0m
[33m[WARN] [1790606111.094228849, 28.753000000]: Plan fail[0m
[33m[WARN] [1790606111.094957047, 28.753000000]: Pair opt 1 & 2[0m
[31m[ERROR] [1790606111.106924527, 28.762000000]: No path to next viewpoint[0m
[33m[WARN] [1790606111.107136633, 28.762000000]: Plan fail[0m
[31m[ERROR] [1790606111.139669517, 28.789000000]: No path to next viewpoint[0m
[33m[WARN] [1790606111.140492345, 28.789000000]: Plan fail[0m
[31m[ERROR] [1790606111.164235168, 28.817000000]: No path to next viewpoint[0m
[33m[WARN] [1790606111.164480083, 28.817000000]: Plan fail[0m
[33m[WARN] [1790606111.164744340, 28.817000000]: Drone 1 send opt request to 2, pair opt t: 0.064000, allocate t: 0.055000[0m
[31m[ERROR] [1790606111.183273099, 28.826000000]: No path to next viewpoint[0m
[33m[WARN] [1790606111.183851388, 28.826000000]: Plan fail[0m
[33m[WARN] [1790606111.184195352, 28.826000000]: Reject frequent attempt[0m
[31m[ERROR] [1790606111.205712563, 28.844000000]: No path to next viewpoint[0m
[33m[WARN] [1790606111.205965773, 28.844000000]: Plan fail[0m
[31m[ERROR] [1790606111.218307066, 28.853000000]: No path to next viewpoint[0m
[33m[WARN] [1790606111.218527885, 28.853000000]: Plan fail[0m
[33m[WARN] [1790606111.220078785, 28.853000000]: Pair opt 1 & 2[0m
[31m[ERROR] [1790606111.222340248, 28.862000000]: No path to next viewpoint[0m
[33m[WARN] [1790606111.222568779, 28.862000000]: Plan fail[0m
[31m[ERROR] [1790606111.241972810, 28.871999999]: No path to next viewpoint[0m
[33m[WARN] [1790606111.242332031, 28.871999999]: Plan fail[0m
[31m[ERROR] [1790606111.264673654, 28.890000000]: No path to next viewpoint[0m
[33m[WARN] [1790606111.264890471, 28.890000000]: Plan fail[0m
[31m[ERROR] [1790606111.282471257, 28.908000000]: No path to next viewpoint[0m
[33m[WARN] [1790606111.283466921, 28.908000000]: Plan fail[0m
[33m[WARN] [1790606111.305038243, 28.926999999]: Drone 1 send opt request to 2, pair opt t: 0.074000, allocate t: 0.074000[0m
[31m[ERROR] [1790606111.307979505, 28.926999999]: No path to next viewpoint[0m
[33m[WARN] [1790606111.309018316, 28.926999999]: Plan fail[0m
[31m[ERROR] [1790606111.329367819, 28.936000000]: No path to next viewpoint[0m
[33m[WARN] [1790606111.331424680, 28.936000000]: Plan fail[0m
[31m[ERROR] [1790606111.354028976, 28.963000000]: No path to next viewpoint[0m
[33m[WARN] [1790606111.355102680, 28.963000000]: Plan fail[0m
[31m[ERROR] [1790606111.363561115, 28.972000000]: No path to next viewpoint[0m
[33m[WARN] [1790606111.364091297, 28.972000000]: Plan fail[0m
[33m[WARN] [1790606111.364670003, 28.972000000]: Pair opt 1 & 2[0m
[31m[ERROR] [1790606111.372180214, 28.981000000]: No path to next viewpoint[0m
[33m[WARN] [1790606111.372437009, 28.981000000]: Plan fail[0m
[31m[ERROR] [1790606111.399905737, 29.009000000]: No path to next viewpoint[0m
[33m[WARN] [1790606111.400281049, 29.009000000]: Plan fail[0m
[33m[WARN] [1790606111.418644185, 29.027000000]: Drone 1 send opt request to 2, pair opt t: 0.055000, allocate t: 0.046000[0m
[31m[ERROR] [1790606111.419432912, 29.027000000]: No path to next viewpoint[0m
[33m[WARN] [1790606111.419676367, 29.027000000]: Plan fail[0m
[33m[WARN] [1790606111.419926284, 29.027000000]: Reject frequent attempt[0m
[31m[ERROR] [1790606111.437795130, 29.036000000]: No path to next viewpoint[0m
[33m[WARN] [1790606111.438111413, 29.036000000]: Plan fail[0m
[31m[ERROR] [1790606111.456253146, 29.054999999]: No path to next viewpoint[0m
[33m[WARN] [1790606111.456503688, 29.054999999]: Plan fail[0m
[31m[ERROR] [1790606111.473422268, 29.073000000]: No path to next viewpoint[0m
[33m[WARN] [1790606111.473613906, 29.073000000]: Plan fail[0m
[31m[ERROR] [1790606111.475682356, 29.073000000]: No path to next viewpoint[0m
[33m[WARN] [1790606111.475893420, 29.073000000]: Plan fail[0m
[33m[WARN] [1790606111.476977462, 29.073000000]: Pair opt 1 & 2[0m
[31m[ERROR] [1790606111.489403296, 29.082000000]: No path to next viewpoint[0m
[33m[WARN] [1790606111.489680352, 29.082000000]: Plan fail[0m
[31m[ERROR] [1790606111.507208987, 29.100000000]: No path to next viewpoint[0m
[33m[WARN] [1790606111.507446355, 29.100000000]: Plan fail[0m
[31m[ERROR] [1790606111.522863018, 29.118999999]: No path to next viewpoint[0m
[33m[WARN] [1790606111.523077542, 29.118999999]: Plan fail[0m
[31m[ERROR] [1790606111.541192720, 29.137000000]: No path to next viewpoint[0m
[33m[WARN] [1790606111.541746955, 29.137000000]: Plan fail[0m
[33m[WARN] [1790606111.545531597, 29.137000000]: Drone 1 send opt request to 2, pair opt t: 0.064000, allocate t: 0.064000[0m
[31m[ERROR] [1790606111.559222689, 29.146000000]: No path to next viewpoint[0m
[33m[WARN] [1790606111.559839539, 29.146000000]: Plan fail[0m
[31m[ERROR] [1790606111.575845454, 29.164000000]: No path to next viewpoint[0m
[33m[WARN] [1790606111.576154650, 29.164000000]: Plan fail[0m
[31m[ERROR] [1790606111.594680742, 29.182999999]: No path to next viewpoint[0m
[33m[WARN] [1790606111.594968511, 29.182999999]: Plan fail[0m
[31m[ERROR] [1790606111.598297425, 29.182999999]: No path to next viewpoint[0m
[33m[WARN] [1790606111.598788587, 29.182999999]: Plan fail[0m
[33m[WARN] [1790606111.599602827, 29.182999999]: Pair opt 1 & 2[0m
[31m[ERROR] [1790606111.611940535, 29.201000000]: No path to next viewpoint[0m
[33m[WARN] [1790606111.612319224, 29.201000000]: Plan fail[0m
[31m[ERROR] [1790606111.633967793, 29.219000000]: No path to next viewpoint[0m
[33m[WARN] [1790606111.634246640, 29.219000000]: Plan fail[0m
[31m[ERROR] [1790606111.653212368, 29.237999999]: No path to next viewpoint[0m
[33m[WARN] [1790606111.653726292, 29.237999999]: Plan fail[0m
[33m[WARN] [1790606111.660381284, 29.237999999]: Drone 1 send opt request to 2, pair opt t: 0.055000, allocate t: 0.055000[0m
[31m[ERROR] [1790606111.673464198, 29.256000000]: No path to next viewpoint[0m
[33m[WARN] [1790606111.673739043, 29.256000000]: Plan fail[0m
[33m[WARN] [1790606111.673975578, 29.256000000]: Reject frequent attempt[0m
[31m[ERROR] [1790606111.693489497, 29.274000000]: No path to next viewpoint[0m
[33m[WARN] [1790606111.693889197, 29.274000000]: Plan fail[0m
[31m[ERROR] [1790606111.705988535, 29.283000000]: No path to next viewpoint[0m
[33m[WARN] [1790606111.706293229, 29.283000000]: Plan fail[0m
[33m[WARN] [1790606111.710246204, 29.292000000]: Pair opt 1 & 2[0m
[31m[ERROR] [1790606111.716746453, 29.292000000]: No path to next viewpoint[0m
[33m[WARN] [1790606111.717872182, 29.301999999]: Plan fail[0m
[31m[ERROR] [1790606111.744472434, 29.320000000]: No path to next viewpoint[0m
[33m[WARN] [1790606111.744868882, 29.320000000]: Plan fail[0m
[31m[ERROR] [1790606111.763826189, 29.338000000]: No path to next viewpoint[0m
[33m[WARN] [1790606111.764120920, 29.338000000]: Plan fail[0m
[31m[ERROR] [1790606111.779494395, 29.356000000]: Larger cost after reallocation[0m
[33m[WARN] [1790606111.783010902, 29.356000000]: get response 2[0m
[31m[ERROR] [1790606111.783428069, 29.356000000]: No path to next viewpoint[0m
[33m[WARN] [1790606111.783623125, 29.356000000]: Plan fail[0m
[31m[ERROR] [1790606111.795808256, 29.375000000]: No path to next viewpoint[0m
[33m[WARN] [1790606111.796126123, 29.375000000]: Plan fail[0m
[31m[ERROR] [1790606111.809438609, 29.384000000]: No path to next viewpoint[0m
[33m[WARN] [1790606111.809588643, 29.384000000]: Plan fail[0m
[31m[ERROR] [1790606111.832676181, 29.402000000]: No path to next viewpoint[0m
[33m[WARN] [1790606111.833709197, 29.402000000]: Plan fail[0m
[31m[ERROR] [1790606111.842989918, 29.411000000]: No path to next viewpoint[0m
[33m[WARN] [1790606111.843239543, 29.411000000]: Plan fail[0m
[33m[WARN] [1790606111.843836216, 29.411000000]: Pair opt 1 & 2[0m
[31m[ERROR] [1790606111.858318037, 29.420000000]: No path to next viewpoint[0m
[33m[WARN] [1790606111.858560366, 29.420000000]: Plan fail[0m
[31m[ERROR] [1790606111.876888234, 29.429999999]: No path to next viewpoint[0m
[33m[WARN] [1790606111.880041977, 29.429999999]: Plan fail[0m
[33m[WARN] [1790606111.897203345, 29.457000000]: Drone 1 send opt request to 2, pair opt t: 0.046000, allocate t: 0.037000[0m
[31m[ERROR] [1790606111.899957096, 29.457000000]: No path to next viewpoint[0m
[33m[WARN] [1790606111.900395857, 29.457000000]: Plan fail[0m
[31m[ERROR] [1790606111.925029626, 29.484000000]: No path to next viewpoint[0m
[33m[WARN] [1790606111.925630343, 29.484000000]: Plan fail[0m
[31m[ERROR] [1790606111.947600281, 29.503000000]: No path to next viewpoint[0m
[33m[WARN] [1790606111.948174651, 29.503000000]: Plan fail[0m
[31m[ERROR] [1790606111.947661645, 29.503000000]: No path to next viewpoint[0m
[33m[WARN] [1790606111.948852573, 29.503000000]: Plan fail[0m
[33m[WARN] [1790606111.952622874, 29.503000000]: get response 1[0m
[31m[ERROR] [1790606111.967095357, 29.521000000]: No path to next viewpoint[0m
[33m[WARN] [1790606111.967774571, 29.521000000]: Plan fail[0m
[31m[ERROR] [1790606111.986005098, 29.539000000]: No path to next viewpoint[0m
[33m[WARN] [1790606111.986308042, 29.539000000]: Plan fail[0m
[31m[ERROR] [1790606111.996755346, 29.548000000]: No path to next viewpoint[0m
[33m[WARN] [1790606111.997354645, 29.548000000]: Plan fail[0m
[31m[ERROR] [1790606112.007145955, 29.557999999]: No path to next viewpoint[0m
[33m[WARN] [1790606112.007598598, 29.557999999]: Plan fail[0m
[31m[ERROR] [1790606112.027765427, 29.585000000]: No path to next viewpoint[0m
[33m[WARN] [1790606112.028778725, 29.585000000]: Plan fail[0m
[31m[ERROR] [1790606112.048770632, 29.603000000]: No path to next viewpoint[0m
[33m[WARN] [1790606112.049431754, 29.603000000]: Plan fail[0m
[31m[ERROR] [1790606112.051108134, 29.603000000]: No path to next viewpoint[0m
[33m[WARN] [1790606112.051465354, 29.603000000]: Plan fail[0m
[31m[ERROR] [1790606112.076265331, 29.631000000]: No path to next viewpoint[0m
[33m[WARN] [1790606112.076759036, 29.631000000]: Plan fail[0m
[31m[ERROR] [1790606112.098936077, 29.649000000]: No path to next viewpoint[0m
[31m[ERROR] [1790606112.099004778, 29.649000000]: No path to next viewpoint[0m
[33m[WARN] [1790606112.099361248, 29.649000000]: Plan fail[0m
[33m[WARN] [1790606112.099514158, 29.649000000]: Plan fail[0m
[31m[ERROR] [1790606112.123871789, 29.676999999]: No path to next viewpoint[0m
[33m[WARN] [1790606112.124245893, 29.676999999]: Plan fail[0m
[31m[ERROR] [1790606112.143041119, 29.695000000]: No path to next viewpoint[0m
[33m[WARN] [1790606112.143332265, 29.695000000]: Plan fail[0m
[31m[ERROR] [1790606112.151423308, 29.704000000]: No path to next viewpoint[0m
[33m[WARN] [1790606112.152508475, 29.704000000]: Plan fail[0m
[31m[ERROR] [1790606112.162992340, 29.713000000]: No path to next viewpoint[0m
[33m[WARN] [1790606112.163372071, 29.713000000]: Plan fail[0m
[31m[ERROR] [1790606112.182188350, 29.731000000]: No path to next viewpoint[0m
[33m[WARN] [1790606112.182437141, 29.731000000]: Plan fail[0m
[31m[ERROR] [1790606112.195940639, 29.740999999]: No path to next viewpoint[0m
[33m[WARN] [1790606112.196212733, 29.740999999]: Plan fail[0m
[31m[ERROR] [1790606112.196887195, 29.740999999]: No path to next viewpoint[0m
[33m[WARN] [1790606112.197115643, 29.740999999]: Plan fail[0m
[31m[ERROR] [1790606112.211611054, 29.759000000]: No path to next viewpoint[0m
[33m[WARN] [1790606112.211888150, 29.759000000]: Plan fail[0m
[31m[ERROR] [1790606112.226798977, 29.768000000]: No path to next viewpoint[0m
[33m[WARN] [1790606112.227257706, 29.768000000]: Plan fail[0m
[31m[ERROR] [1790606112.240522669, 29.786000000]: No path to next viewpoint[0m
[33m[WARN] [1790606112.241301933, 29.786000000]: Plan fail[0m
[31m[ERROR] [1790606112.246315480, 29.786000000]: No path to next viewpoint[0m
[33m[WARN] [1790606112.246741318, 29.786000000]: Plan fail[0m
[31m[ERROR] [1790606112.266347491, 29.804999999]: No path to next viewpoint[0m
[33m[WARN] [1790606112.266590988, 29.804999999]: Plan fail[0m
[31m[ERROR] [1790606112.282668731, 29.814000000]: No path to next viewpoint[0m
[33m[WARN] [1790606112.283330937, 29.814000000]: Plan fail[0m
[31m[ERROR] [1790606112.300237261, 29.823000000]: No path to next viewpoint[0m
[33m[WARN] [1790606112.301829682, 29.823000000]: Plan fail[0m
[31m[ERROR] [1790606112.309382832, 29.823000000]: No path to next viewpoint[0m
[33m[WARN] [1790606112.311827929, 29.823000000]: Plan fail[0m
[31m[ERROR] [1790606112.417969973, 29.876000000]: No path to next viewpoint[0m
[33m[WARN] [1790606112.418207842, 29.876000000]: Plan fail[0m
[31m[ERROR] [1790606112.457531327, 29.894999999]: No path to next viewpoint[0m
[33m[WARN] [1790606112.458210792, 29.894999999]: Plan fail[0m
[31m[ERROR] [1790606112.459890965, 29.894999999]: No path to next viewpoint[0m
[33m[WARN] [1790606112.460202829, 29.894999999]: Plan fail[0m
[31m[ERROR] [1790606112.483079345, 29.926999999]: No path to next viewpoint[0m
[33m[WARN] [1790606112.483528236, 29.926999999]: Plan fail[0m
[31m[ERROR] [1790606112.498934977, 29.945000000]: No path to next viewpoint[0m
[33m[WARN] [1790606112.499611690, 29.945000000]: Plan fail[0m
[31m[ERROR] [1790606112.516302573, 29.963000000]: No path to next viewpoint[0m
[33m[WARN] [1790606112.516731788, 29.963000000]: Plan fail[0m
[31m[ERROR] [1790606112.521809200, 29.963000000]: No path to next viewpoint[0m
[33m[WARN] [1790606112.522329419, 29.963000000]: Plan fail[0m
[31m[ERROR] [1790606112.542353551, 29.981000000]: No path to next viewpoint[0m
[33m[WARN] [1790606112.543424628, 29.990999999]: Plan fail[0m
[31m[ERROR] [1790606112.567474021, 30.009000000]: No path to next viewpoint[0m
[33m[WARN] [1790606112.568431041, 30.009000000]: Plan fail[0m
[31m[ERROR] [1790606112.576076946, 30.018000000]: No path to next viewpoint[0m
[33m[WARN] [1790606112.576338076, 30.018000000]: Plan fail[0m
[33m[WARN] [1790606112.576534424, 30.018000000]: Pair opt 1 & 2[0m
[31m[ERROR] [1790606112.593681702, 30.036000000]: No path to next viewpoint[0m
[33m[WARN] [1790606112.594441457, 30.036000000]: Plan fail[0m
[31m[ERROR] [1790606112.623632253, 30.064000000]: No path to next viewpoint[0m
[33m[WARN] [1790606112.624541082, 30.064000000]: Plan fail[0m
[31m[ERROR] [1790606112.649409719, 30.091000000]: No path to next viewpoint[0m
[33m[WARN] [1790606112.649984006, 30.091000000]: Plan fail[0m
[31m[ERROR] [1790606112.659977667, 30.100000000]: Larger cost after reallocation[0m
[31m[ERROR] [1790606112.681093469, 30.118999999]: No path to next viewpoint[0m
[33m[WARN] [1790606112.681577795, 30.118999999]: Plan fail[0m
[31m[ERROR] [1790606112.701383568, 30.137000000]: No path to next viewpoint[0m
[33m[WARN] [1790606112.701845340, 30.137000000]: Plan fail[0m
[31m[ERROR] [1790606112.714336999, 30.146000000]: No path to next viewpoint[0m
[33m[WARN] [1790606112.715114930, 30.155000000]: Plan fail[0m
[33m[WARN] [1790606112.715566447, 30.155000000]: Pair opt 1 & 2[0m
[31m[ERROR] [1790606112.736819735, 30.164000000]: No path to next viewpoint[0m
[33m[WARN] [1790606112.737474854, 30.164000000]: Plan fail[0m
[31m[ERROR] [1790606112.759090824, 30.192000000]: No path to next viewpoint[0m
[33m[WARN] [1790606112.759866795, 30.192000000]: Plan fail[0m
[33m[WARN] [1790606112.773066975, 30.201000000]: Drone 1 send opt request to 2, pair opt t: 0.046000, allocate t: 0.037000[0m
[31m[ERROR] [1790606112.782202832, 30.210000000]: No path to next viewpoint[0m
[33m[WARN] [1790606112.782589442, 30.210000000]: Plan fail[0m
[31m[ERROR] [1790606112.797972004, 30.219000000]: No path to next viewpoint[0m
[33m[WARN] [1790606112.798221379, 30.219000000]: Plan fail[0m
[31m[ERROR] [1790606112.814672059, 30.228000000]: No path to next viewpoint[0m
[33m[WARN] [1790606112.814936191, 30.228000000]: Plan fail[0m
[31m[ERROR] [1790606112.828993549, 30.246999999]: No path to next viewpoint[0m
[33m[WARN] [1790606112.829318837, 30.246999999]: Plan fail[0m
[33m[WARN] [1790606112.830064751, 30.246999999]: get response 1[0m
[31m[ERROR] [1790606112.831379575, 30.246999999]: No path to next viewpoint[0m
[33m[WARN] [1790606112.831669428, 30.246999999]: Plan fail[0m
[31m[ERROR] [1790606112.850572083, 30.265000000]: No path to next viewpoint[0m
[33m[WARN] [1790606112.850933222, 30.265000000]: Plan fail[0m
[31m[ERROR] [1790606112.867382943, 30.283000000]: No path to next viewpoint[0m
[33m[WARN] [1790606112.867751335, 30.283000000]: Plan fail[0m
[31m[ERROR] [1790606112.881920666, 30.301999999]: No path to next viewpoint[0m
[33m[WARN] [1790606112.882159494, 30.301999999]: Plan fail[0m
[31m[ERROR] [1790606112.888288599, 30.301999999]: No path to next viewpoint[0m
[33m[WARN] [1790606112.888689215, 30.301999999]: Plan fail[0m
[31m[ERROR] [1790606112.897792348, 30.310999999]: No path to next viewpoint[0m
[33m[WARN] [1790606112.898037596, 30.310999999]: Plan fail[0m
[31m[ERROR] [1790606112.916781254, 30.329000000]: No path to next viewpoint[0m
[33m[WARN] [1790606112.917147479, 30.329000000]: Plan fail[0m
[31m[ERROR] [1790606112.945035041, 30.356000000]: No path to next viewpoint[0m
[33m[WARN] [1790606112.945621584, 30.356000000]: Plan fail[0m
[31m[ERROR] [1790606112.949129212, 30.356000000]: No path to next viewpoint[0m
[33m[WARN] [1790606112.949521825, 30.356000000]: Plan fail[0m
[31m[ERROR] [1790606112.974148716, 30.384000000]: No path to next viewpoint[0m
[33m[WARN] [1790606112.974935609, 30.384000000]: Plan fail[0m
[31m[ERROR] [1790606113.003487378, 30.411000000]: No path to next viewpoint[0m
[33m[WARN] [1790606113.004176639, 30.411000000]: Plan fail[0m
[31m[ERROR] [1790606113.015203774, 30.420000000]: No path to next viewpoint[0m
[33m[WARN] [1790606113.015571583, 30.420000000]: Plan fail[0m
[31m[ERROR] [1790606113.035718985, 30.439000000]: No path to next viewpoint[0m
[33m[WARN] [1790606113.036040563, 30.439000000]: Plan fail[0m
[31m[ERROR] [1790606113.069424496, 30.475000000]: No path to next viewpoint[0m
[33m[WARN] [1790606113.070723229, 30.475000000]: Plan fail[0m
[31m[ERROR] [1790606113.080858544, 30.484000000]: No path to next viewpoint[0m
[33m[WARN] [1790606113.083622634, 30.484000000]: Plan fail[0m
[31m[ERROR] [1790606113.110932448, 30.512000000]: No path to next viewpoint[0m
[33m[WARN] [1790606113.111828771, 30.512000000]: Plan fail[0m
[31m[ERROR] [1790606113.133429274, 30.530000000]: No path to next viewpoint[0m
[33m[WARN] [1790606113.134097567, 30.530000000]: Plan fail[0m
[31m[ERROR] [1790606113.152915846, 30.548000000]: No path to next viewpoint[0m
[33m[WARN] [1790606113.153589891, 30.548000000]: Plan fail[0m
[31m[ERROR] [1790606113.153443276, 30.548000000]: No path to next viewpoint[0m
[33m[WARN] [1790606113.154921390, 30.548000000]: Plan fail[0m
[31m[ERROR] [1790606113.173183100, 30.567000000]: No path to next viewpoint[0m
[33m[WARN] [1790606113.173406837, 30.567000000]: Plan fail[0m
[31m[ERROR] [1790606113.185561494, 30.585000000]: No path to next viewpoint[0m
[33m[WARN] [1790606113.185788608, 30.585000000]: Plan fail[0m
[31m[ERROR] [1790606113.198046859, 30.585000000]: No path to next viewpoint[0m
[33m[WARN] [1790606113.198246292, 30.585000000]: Plan fail[0m
[31m[ERROR] [1790606113.216681421, 30.603000000]: No path to next viewpoint[0m
[33m[WARN] [1790606113.216979237, 30.603000000]: Plan fail[0m
[31m[ERROR] [1790606113.218705141, 30.603000000]: No path to next viewpoint[0m
[33m[WARN] [1790606113.218827536, 30.603000000]: Plan fail[0m
[31m[ERROR] [1790606113.233876390, 30.623999999]: No path to next viewpoint[0m
[33m[WARN] [1790606113.234339288, 30.623999999]: Plan fail[0m
[31m[ERROR] [1790606113.250389559, 30.637000000]: No path to next viewpoint[0m
[33m[WARN] [1790606113.250977644, 30.637000000]: Plan fail[0m
[31m[ERROR] [1790606113.267638596, 30.655999999]: No path to next viewpoint[0m
[33m[WARN] [1790606113.267942456, 30.655999999]: Plan fail[0m
[31m[ERROR] [1790606113.287461085, 30.673999999]: No path to next viewpoint[0m
[33m[WARN] [1790606113.287601447, 30.673999999]: Plan fail[0m
[31m[ERROR] [1790606113.290742975, 30.682999999]: No path to next viewpoint[0m
[33m[WARN] [1790606113.290873958, 30.682999999]: Plan fail[0m
[31m[ERROR] [1790606113.303202160, 30.682999999]: No path to next viewpoint[0m
[33m[WARN] [1790606113.303591980, 30.682999999]: Plan fail[0m
[31m[ERROR] [1790606113.325120447, 30.710000000]: No path to next viewpoint[0m
[33m[WARN] [1790606113.325358775, 30.710000000]: Plan fail[0m
[31m[ERROR] [1790606113.338937269, 30.719000000]: No path to next viewpoint[0m
[33m[WARN] [1790606113.339435101, 30.719000000]: Plan fail[0m
[31m[ERROR] [1790606113.355789191, 30.740999999]: No path to next viewpoint[0m
[33m[WARN] [1790606113.355962611, 30.740999999]: Plan fail[0m
[31m[ERROR] [1790606113.355792401, 30.740999999]: No path to next viewpoint[0m
[33m[WARN] [1790606113.356359517, 30.740999999]: Plan fail[0m
[31m[ERROR] [1790606113.371065075, 30.750000000]: No path to next viewpoint[0m
[33m[WARN] [1790606113.371207854, 30.750000000]: Plan fail[0m
[31m[ERROR] [1790606113.391431670, 30.768000000]: No path to next viewpoint[0m
[33m[WARN] [1790606113.391680502, 30.768000000]: Plan fail[0m
[31m[ERROR] [1790606113.408548099, 30.786000000]: No path to next viewpoint[0m
[33m[WARN] [1790606113.409341370, 30.786000000]: Plan fail[0m
[31m[ERROR] [1790606113.420849288, 30.795000000]: No path to next viewpoint[0m
[33m[WARN] [1790606113.421611169, 30.795000000]: Plan fail[0m
[33m[WARN] [1790606113.422269789, 30.795000000]: Pair opt 1 & 2[0m
[31m[ERROR] [1790606113.449126586, 30.814000000]: No path to next viewpoint[0m
[33m[WARN] [1790606113.449866914, 30.814000000]: Plan fail[0m
[31m[ERROR] [1790606113.483143878, 30.850000000]: No path to next viewpoint[0m
[33m[WARN] [1790606113.483660011, 30.850000000]: Plan fail[0m
[33m[WARN] [1790606113.497195317, 30.868999999]: Drone 1 send opt request to 2, pair opt t: 0.074000, allocate t: 0.064000[0m
[31m[ERROR] [1790606113.514174844, 30.878000000]: No path to next viewpoint[0m
[33m[WARN] [1790606113.514856226, 30.878000000]: Plan fail[0m
[31m[ERROR] [1790606113.538829207, 30.905000000]: No path to next viewpoint[0m
[33m[WARN] [1790606113.539260255, 30.905000000]: Plan fail[0m
[31m[ERROR] [1790606113.549026428, 30.914000000]: No path to next viewpoint[0m
[33m[WARN] [1790606113.549352007, 30.914000000]: Plan fail[0m
[33m[WARN] [1790606113.554515463, 30.914000000]: Pair opt 1 & 2[0m
[31m[ERROR] [1790606113.559831828, 30.923000000]: No path to next viewpoint[0m
[33m[WARN] [1790606113.560987197, 30.923000000]: Plan fail[0m
[31m[ERROR] [1790606113.579849873, 30.942000000]: No path to next viewpoint[0m
[33m[WARN] [1790606113.580374636, 30.942000000]: Plan fail[0m
[31m[ERROR] [1790606113.598140889, 30.960000000]: No path to next viewpoint[0m
[33m[WARN] [1790606113.598670446, 30.960000000]: Plan fail[0m
[33m[WARN] [1790606113.618007693, 30.987000000]: Drone 1 send opt request to 2, pair opt t: 0.073000, allocate t: 0.064000[0m
[31m[ERROR] [1790606113.621582187, 30.987000000]: No path to next viewpoint[0m
[33m[WARN] [1790606113.622005482, 30.987000000]: Plan fail[0m
[33m[WARN] [1790606113.622259776, 30.987000000]: Reject frequent attempt[0m
[31m[ERROR] [1790606113.641973461, 31.006000000]: No path to next viewpoint[0m
[33m[WARN] [1790606113.642179273, 31.006000000]: Plan fail[0m
[31m[ERROR] [1790606113.668292156, 31.033000000]: No path to next viewpoint[0m
[33m[WARN] [1790606113.668594682, 31.033000000]: Plan fail[0m
[31m[ERROR] [1790606113.674183600, 31.033000000]: No path to next viewpoint[0m
[33m[WARN] [1790606113.674440187, 31.033000000]: Plan fail[0m
[33m[WARN] [1790606113.674713281, 31.033000000]: Pair opt 1 & 2[0m
[31m[ERROR] [1790606113.690234330, 31.042000000]: No path to next viewpoint[0m
[33m[WARN] [1790606113.690582212, 31.042000000]: Plan fail[0m
[31m[ERROR] [1790606113.707111347, 31.060999999]: No path to next viewpoint[0m
[33m[WARN] [1790606113.707328331, 31.060999999]: Plan fail[0m
[31m[ERROR] [1790606113.728432920, 31.079000000]: No path to next viewpoint[0m
[33m[WARN] [1790606113.728627809, 31.079000000]: Plan fail[0m
[33m[WARN] [1790606113.729931835, 31.079000000]: Drone 1 send opt request to 2, pair opt t: 0.046000, allocate t: 0.046000[0m
[31m[ERROR] [1790606113.743015207, 31.097000000]: No path to next viewpoint[0m
[33m[WARN] [1790606113.743289011, 31.097000000]: Plan fail[0m
[31m[ERROR] [1790606113.758999945, 31.106000000]: No path to next viewpoint[0m
[33m[WARN] [1790606113.759343492, 31.106000000]: Plan fail[0m
[31m[ERROR] [1790606113.778227054, 31.134000000]: No path to next viewpoint[0m
[33m[WARN] [1790606113.778457711, 31.134000000]: Plan fail[0m
[31m[ERROR] [1790606113.788911269, 31.143000000]: No path to next viewpoint[0m
[33m[WARN] [1790606113.789155516, 31.143000000]: Plan fail[0m
[33m[WARN] [1790606113.789864495, 31.143000000]: Pair opt 1 & 2[0m
[31m[ERROR] [1790606113.796836354, 31.143000000]: No path to next viewpoint[0m
[33m[WARN] [1790606113.797286704, 31.143000000]: Plan fail[0m
[31m[ERROR] [1790606113.814984049, 31.161000000]: No path to next viewpoint[0m
[33m[WARN] [1790606113.815408094, 31.161000000]: Plan fail[0m
[31m[ERROR] [1790606113.833417844, 31.179999999]: No path to next viewpoint[0m
[33m[WARN] [1790606113.833746800, 31.179999999]: Plan fail[0m
[31m[ERROR] [1790606113.851201023, 31.198000000]: No path to next viewpoint[0m
[33m[WARN] [1790606113.851930179, 31.198000000]: Plan fail[0m
[33m[WARN] [1790606113.859993417, 31.207000000]: Drone 1 send opt request to 2, pair opt t: 0.064000, allocate t: 0.064000[0m
[31m[ERROR] [1790606113.868664667, 31.207000000]: No path to next viewpoint[0m
[33m[WARN] [1790606113.869099093, 31.207000000]: Plan fail[0m
[33m[WARN] [1790606113.869621729, 31.207000000]: Reject frequent attempt[0m
[31m[ERROR] [1790606113.891643442, 31.234000000]: No path to next viewpoint[0m
[33m[WARN] [1790606113.891878351, 31.234000000]: Plan fail[0m
[31m[ERROR] [1790606113.908522253, 31.243999999]: No path to next viewpoint[0m
[33m[WARN] [1790606113.908901359, 31.243999999]: Plan fail[0m
[33m[WARN] [1790606113.909198090, 31.243999999]: Pair opt 1 & 2[0m
[31m[ERROR] [1790606113.913463639, 31.253000000]: No path to next viewpoint[0m
[33m[WARN] [1790606113.913735566, 31.253000000]: Plan fail[0m
[31m[ERROR] [1790606113.930259241, 31.271000000]: No path to next viewpoint[0m
[33m[WARN] [1790606113.930668362, 31.271000000]: Plan fail[0m
[31m[ERROR] [1790606113.947954584, 31.280000000]: No path to next viewpoint[0m
[33m[WARN] [1790606113.948252233, 31.280000000]: Plan fail[0m
[33m[WARN] [1790606113.965222088, 31.298000000]: Drone 1 send opt request to 2, pair opt t: 0.054000, allocate t: 0.045000[0m
[31m[ERROR] [1790606113.972725880, 31.298000000]: No path to next viewpoint[0m
[33m[WARN] [1790606113.973372953, 31.298000000]: Plan fail[0m
[31m[ERROR] [1790606113.989280695, 31.317000000]: No path to next viewpoint[0m
[33m[WARN] [1790606113.989550163, 31.317000000]: Plan fail[0m
[31m[ERROR] [1790606114.007796615, 31.326000000]: No path to next viewpoint[0m
[33m[WARN] [1790606114.008031399, 31.326000000]: Plan fail[0m
[31m[ERROR] [1790606114.020930554, 31.335000000]: No path to next viewpoint[0m
[33m[WARN] [1790606114.021203482, 31.335000000]: Plan fail[0m
[33m[WARN] [1790606114.023393785, 31.335000000]: get response 1[0m
[31m[ERROR] [1790606114.032744583, 31.344000000]: No path to next viewpoint[0m
[33m[WARN] [1790606114.033055155, 31.344000000]: Plan fail[0m
[31m[ERROR] [1790606114.050497455, 31.362999999]: No path to next viewpoint[0m
[33m[WARN] [1790606114.051726152, 31.362999999]: Plan fail[0m
[31m[ERROR] [1790606114.072761456, 31.381000000]: No path to next viewpoint[0m
[33m[WARN] [1790606114.073335618, 31.390000000]: Plan fail[0m
[31m[ERROR] [1790606114.083409611, 31.399000000]: No path to next viewpoint[0m
[33m[WARN] [1790606114.083911237, 31.399000000]: Plan fail[0m
[31m[ERROR] [1790606114.114686575, 31.417000000]: No path to next viewpoint[0m
[33m[WARN] [1790606114.115350782, 31.426999999]: Plan fail[0m
[31m[ERROR] [1790606114.147023861, 31.454000000]: No path to next viewpoint[0m
[33m[WARN] [1790606114.147425603, 31.454000000]: Plan fail[0m
[31m[ERROR] [1790606114.148110612, 31.454000000]: No path to next viewpoint[0m
[33m[WARN] [1790606114.148292953, 31.454000000]: Plan fail[0m
[31m[ERROR] [1790606114.177528647, 31.481000000]: No path to next viewpoint[0m
[33m[WARN] [1790606114.178083966, 31.481000000]: Plan fail[0m
[31m[ERROR] [1790606114.195649328, 31.500000000]: No path to next viewpoint[0m
[31m[ERROR] [1790606114.195835171, 31.500000000]: No path to next viewpoint[0m
[33m[WARN] [1790606114.196221447, 31.500000000]: Plan fail[0m
[33m[WARN] [1790606114.196490665, 31.500000000]: Plan fail[0m
[31m[ERROR] [1790606114.216766465, 31.518000000]: No path to next viewpoint[0m
[33m[WARN] [1790606114.217191052, 31.527000000]: Plan fail[0m
[31m[ERROR] [1790606114.236249076, 31.545000000]: No path to next viewpoint[0m
[33m[WARN] [1790606114.237651819, 31.545000000]: Plan fail[0m
[31m[ERROR] [1790606114.248423952, 31.554999999]: No path to next viewpoint[0m
[33m[WARN] [1790606114.248615298, 31.554999999]: Plan fail[0m
[31m[ERROR] [1790606114.256199171, 31.554999999]: No path to next viewpoint[0m
[33m[WARN] [1790606114.256738149, 31.564000000]: Plan fail[0m
[31m[ERROR] [1790606114.285375168, 31.582000000]: No path to next viewpoint[0m
[33m[WARN] [1790606114.285682072, 31.591000000]: Plan fail[0m
[31m[ERROR] [1790606114.299252187, 31.600000000]: No path to next viewpoint[0m
[33m[WARN] [1790606114.299483886, 31.600000000]: Plan fail[0m
[31m[ERROR] [1790606114.302844690, 31.600000000]: No path to next viewpoint[0m
[33m[WARN] [1790606114.303125831, 31.600000000]: Plan fail[0m
[31m[ERROR] [1790606114.324529944, 31.628000000]: No path to next viewpoint[0m
[33m[WARN] [1790606114.324892709, 31.628000000]: Plan fail[0m
[31m[ERROR] [1790606114.344281774, 31.637000000]: No path to next viewpoint[0m
[33m[WARN] [1790606114.344661005, 31.637000000]: Plan fail[0m
[31m[ERROR] [1790606114.370590421, 31.655000000]: No path to next viewpoint[0m
[33m[WARN] [1790606114.370917543, 31.655000000]: Plan fail[0m
[31m[ERROR] [1790606114.375688761, 31.655000000]: No path to next viewpoint[0m
[33m[WARN] [1790606114.376525763, 31.655000000]: Plan fail[0m
[31m[ERROR] [1790606114.387685048, 31.673999999]: No path to next viewpoint[0m
[33m[WARN] [1790606114.388539058, 31.673999999]: Plan fail[0m
[31m[ERROR] [1790606114.409184209, 31.692000000]: No path to next viewpoint[0m
[33m[WARN] [1790606114.409581407, 31.692000000]: Plan fail[0m
[31m[ERROR] [1790606114.425269289, 31.701000000]: No path to next viewpoint[0m
[33m[WARN] [1790606114.425556474, 31.701000000]: Plan fail[0m
[31m[ERROR] [1790606114.428730352, 31.710000000]: No path to next viewpoint[0m
[33m[WARN] [1790606114.429001946, 31.710000000]: Plan fail[0m
[31m[ERROR] [1790606114.441105536, 31.719000000]: No path to next viewpoint[0m
[33m[WARN] [1790606114.441440954, 31.719000000]: Plan fail[0m
[31m[ERROR] [1790606114.457889382, 31.728000000]: No path to next viewpoint[0m
[33m[WARN] [1790606114.458645177, 31.728000000]: Plan fail[0m
[31m[ERROR] [1790606114.480424770, 31.746999999]: No path to next viewpoint[0m
[33m[WARN] [1790606114.480624870, 31.746999999]: Plan fail[0m
[31m[ERROR] [1790606114.500656922, 31.765000000]: No path to next viewpoint[0m
[33m[WARN] [1790606114.501076757, 31.765000000]: Plan fail[0m
[31m[ERROR] [1790606114.501539238, 31.765000000]: No path to next viewpoint[0m
[33m[WARN] [1790606114.502087762, 31.765000000]: Plan fail[0m
[31m[ERROR] [1790606114.519395120, 31.783000000]: No path to next viewpoint[0m
[33m[WARN] [1790606114.519754216, 31.783000000]: Plan fail[0m
[31m[ERROR] [1790606114.537224030, 31.792000000]: No path to next viewpoint[0m
[33m[WARN] [1790606114.537566951, 31.792000000]: Plan fail[0m
[31m[ERROR] [1790606114.559328785, 31.811000000]: No path to next viewpoint[0m
[33m[WARN] [1790606114.559738907, 31.811000000]: Plan fail[0m
[31m[ERROR] [1790606114.559335122, 31.811000000]: No path to next viewpoint[0m
[33m[WARN] [1790606114.569130183, 31.820000000]: Plan fail[0m
[31m[ERROR] [1790606114.613519409, 31.865999999]: No path to next viewpoint[0m
[33m[WARN] [1790606114.615157853, 31.865999999]: Plan fail[0m
[31m[ERROR] [1790606114.632379126, 31.884000000]: No path to next viewpoint[0m
[33m[WARN] [1790606114.632519154, 31.884000000]: Plan fail[0m
[33m[WARN] [1790606114.632904346, 31.884000000]: Pair opt 1 & 2[0m
[31m[ERROR] [1790606114.641011064, 31.893000000]: No path to next viewpoint[0m
[33m[WARN] [1790606114.641236177, 31.893000000]: Plan fail[0m
[31m[ERROR] [1790606114.660772523, 31.911000000]: No path to next viewpoint[0m
[33m[WARN] [1790606114.661032070, 31.911000000]: Plan fail[0m
[31m[ERROR] [1790606114.674883242, 31.920000000]: No path to next viewpoint[0m
[33m[WARN] [1790606114.674995006, 31.920000000]: Plan fail[0m
[31m[ERROR] [1790606114.689513762, 31.939000000]: No path to next viewpoint[0m
[33m[WARN] [1790606114.689689641, 31.939000000]: Plan fail[0m
[31m[ERROR] [1790606114.703522763, 31.948000000]: No path to next viewpoint[0m
[33m[WARN] [1790606114.703813992, 31.948000000]: Plan fail[0m
[33m[WARN] [1790606114.713587793, 31.957000000]: Drone 1 send opt request to 2, pair opt t: 0.073000, allocate t: 0.073000[0m
[31m[ERROR] [1790606114.723253290, 31.966000000]: No path to next viewpoint[0m
[33m[WARN] [1790606114.723507542, 31.966000000]: Plan fail[0m
[31m[ERROR] [1790606114.740136102, 31.975000000]: No path to next viewpoint[0m
[33m[WARN] [1790606114.740403986, 31.975000000]: Plan fail[0m
[31m[ERROR] [1790606114.756369090, 31.993999999]: No path to next viewpoint[0m
[33m[WARN] [1790606114.756583739, 31.993999999]: Plan fail[0m
[31m[ERROR] [1790606114.766786921, 32.003000000]: No path to next viewpoint[0m
[33m[WARN] [1790606114.766920363, 32.003000000]: Plan fail[0m
[33m[WARN] [1790606114.767083152, 32.003000000]: Pair opt 1 & 2[0m
[31m[ERROR] [1790606114.780848156, 32.012000000]: No path to next viewpoint[0m
[33m[WARN] [1790606114.781530414, 32.012000000]: Plan fail[0m
[31m[ERROR] [1790606114.797663727, 32.030000000]: No path to next viewpoint[0m
[33m[WARN] [1790606114.797951287, 32.030000000]: Plan fail[0m
[31m[ERROR] [1790606114.816571759, 32.030000000]: No path to next viewpoint[0m
[33m[WARN] [1790606114.816917932, 32.030000000]: Plan fail[0m
[31m[ERROR] [1790606114.846202192, 32.048000000]: Larger cost after reallocation[0m
[33m[WARN] [1790606114.846644830, 32.048000000]: get response 1[0m
[31m[ERROR] [1790606114.847769475, 32.057000000]: No path to next viewpoint[0m
[33m[WARN] [1790606114.848046781, 32.057000000]: Plan fail[0m
[31m[ERROR] [1790606114.865020597, 32.066000000]: No path to next viewpoint[0m
[33m[WARN] [1790606114.865307115, 32.066000000]: Plan fail[0m
[31m[ERROR] [1790606114.882557694, 32.075000000]: No path to next viewpoint[0m
[33m[WARN] [1790606114.882715273, 32.075000000]: Plan fail[0m
[31m[ERROR] [1790606114.900202054, 32.093000000]: No path to next viewpoint[0m
[33m[WARN] [1790606114.900530718, 32.093000000]: Plan fail[0m
[31m[ERROR] [1790606114.920939792, 32.112000000]: No path to next viewpoint[0m
[33m[WARN] [1790606114.921299805, 32.112000000]: Plan fail[0m
[31m[ERROR] [1790606114.922737065, 32.112000000]: No path to next viewpoint[0m
[33m[WARN] [1790606114.923031171, 32.112000000]: Plan fail[0m
[31m[ERROR] [1790606114.953428153, 32.139000000]: No path to next viewpoint[0m
[33m[WARN] [1790606114.954306551, 32.139000000]: Plan fail[0m
[31m[ERROR] [1790606114.978232966, 32.167000000]: No path to next viewpoint[0m
[33m[WARN] [1790606114.978617450, 32.167000000]: Plan fail[0m
[31m[ERROR] [1790606114.979925979, 32.167000000]: No path to next viewpoint[0m
[33m[WARN] [1790606114.980460996, 32.167000000]: Plan fail[0m
[31m[ERROR] [1790606115.007964991, 32.194000000]: No path to next viewpoint[0m
[33m[WARN] [1790606115.008288737, 32.194000000]: Plan fail[0m
[31m[ERROR] [1790606115.031079168, 32.212000000]: No path to next viewpoint[0m
[33m[WARN] [1790606115.031996835, 32.212000000]: Plan fail[0m
[31m[ERROR] [1790606115.035896492, 32.222000000]: No path to next viewpoint[0m
[33m[WARN] [1790606115.036187888, 32.222000000]: Plan fail[0m
[31m[ERROR] [1790606115.052334832, 32.231000000]: No path to next viewpoint[0m
[33m[WARN] [1790606115.052724735, 32.231000000]: Plan fail[0m
[31m[ERROR] [1790606115.070439922, 32.249000000]: No path to next viewpoint[0m
[33m[WARN] [1790606115.070792890, 32.249000000]: Plan fail[0m
[31m[ERROR] [1790606115.087275627, 32.267000000]: No path to next viewpoint[0m
[33m[WARN] [1790606115.087573651, 32.267000000]: Plan fail[0m
[31m[ERROR] [1790606115.095097786, 32.267000000]: No path to next viewpoint[0m
[33m[WARN] [1790606115.095348453, 32.267000000]: Plan fail[0m
[31m[ERROR] [1790606115.110540545, 32.286000000]: No path to next viewpoint[0m
[33m[WARN] [1790606115.110800509, 32.286000000]: Plan fail[0m
[31m[ERROR] [1790606115.129803714, 32.304000000]: No path to next viewpoint[0m
[33m[WARN] [1790606115.130017237, 32.304000000]: Plan fail[0m
[31m[ERROR] [1790606115.147687151, 32.314000000]: No path to next viewpoint[0m
[33m[WARN] [1790606115.147972919, 32.314000000]: Plan fail[0m
[31m[ERROR] [1790606115.156249555, 32.323000000]: No path to next viewpoint[0m
[33m[WARN] [1790606115.156438274, 32.323000000]: Plan fail[0m
[31m[ERROR] [1790606115.165294700, 32.332000000]: No path to next viewpoint[0m
[33m[WARN] [1790606115.165505056, 32.332000000]: Plan fail[0m
[31m[ERROR] [1790606115.181078839, 32.350000000]: No path to next viewpoint[0m
[33m[WARN] [1790606115.181287109, 32.350000000]: Plan fail[0m
[31m[ERROR] [1790606115.194481870, 32.359000000]: No path to next viewpoint[0m
[33m[WARN] [1790606115.194887031, 32.359000000]: Plan fail[0m
[31m[ERROR] [1790606115.200622814, 32.368000000]: No path to next viewpoint[0m
[33m[WARN] [1790606115.200974198, 32.368000000]: Plan fail[0m
[31m[ERROR] [1790606115.214908578, 32.377000000]: No path to next viewpoint[0m
[33m[WARN] [1790606115.215132857, 32.377000000]: Plan fail[0m
[31m[ERROR] [1790606115.230414577, 32.386000000]: No path to next viewpoint[0m
[33m[WARN] [1790606115.230707349, 32.386000000]: Plan fail[0m
[31m[ERROR] [1790606115.246818442, 32.404000000]: No path to next viewpoint[0m
[33m[WARN] [1790606115.247168950, 32.404000000]: Plan fail[0m
[31m[ERROR] [1790606115.247477313, 32.404000000]: No path to next viewpoint[0m
[33m[WARN] [1790606115.247761163, 32.404000000]: Plan fail[0m
[31m[ERROR] [1790606115.264480310, 32.423000000]: No path to next viewpoint[0m
[33m[WARN] [1790606115.264854372, 32.423000000]: Plan fail[0m
[31m[ERROR] [1790606115.284347614, 32.441000000]: No path to next viewpoint[0m
[33m[WARN] [1790606115.284713922, 32.441000000]: Plan fail[0m
[31m[ERROR] [1790606115.305393715, 32.459000000]: No path to next viewpoint[0m
[33m[WARN] [1790606115.305634419, 32.459000000]: Plan fail[0m
[31m[ERROR] [1790606115.306884627, 32.459000000]: No path to next viewpoint[0m
[33m[WARN] [1790606115.307314842, 32.459000000]: Plan fail[0m
[31m[ERROR] [1790606115.326287657, 32.468000000]: No path to next viewpoint[0m
[33m[WARN] [1790606115.326578219, 32.468000000]: Plan fail[0m
[31m[ERROR] [1790606115.341516100, 32.478000000]: No path to next viewpoint[0m
[33m[WARN] [1790606115.341786194, 32.478000000]: Plan fail[0m
[31m[ERROR] [1790606115.357886907, 32.496000000]: No path to next viewpoint[0m
[33m[WARN] [1790606115.358081587, 32.496000000]: Plan fail[0m
[31m[ERROR] [1790606115.379125479, 32.514000000]: No path to next viewpoint[0m
[33m[WARN] [1790606115.379469860, 32.514000000]: Plan fail[0m
[31m[ERROR] [1790606115.384532681, 32.514000000]: No path to next viewpoint[0m
[33m[WARN] [1790606115.384704309, 32.514000000]: Plan fail[0m
[31m[ERROR] [1790606115.393800396, 32.523000000]: No path to next viewpoint[0m
[33m[WARN] [1790606115.394054565, 32.523000000]: Plan fail[0m
[31m[ERROR] [1790606115.413138185, 32.542000000]: No path to next viewpoint[0m
[33m[WARN] [1790606115.413323320, 32.542000000]: Plan fail[0m
[31m[ERROR] [1790606115.428212219, 32.551000000]: No path to next viewpoint[0m
[33m[WARN] [1790606115.428508116, 32.551000000]: Plan fail[0m
[31m[ERROR] [1790606115.441159272, 32.560000000]: No path to next viewpoint[0m
[33m[WARN] [1790606115.441386136, 32.560000000]: Plan fail[0m
[33m[WARN] [1790606115.441766242, 32.560000000]: Pair opt 1 & 2[0m
[31m[ERROR] [1790606115.451349948, 32.569000000]: No path to next viewpoint[0m
[33m[WARN] [1790606115.451619416, 32.569000000]: Plan fail[0m
[31m[ERROR] [1790606115.468952704, 32.587000000]: No path to next viewpoint[0m
[33m[WARN] [1790606115.469790706, 32.587000000]: Plan fail[0m
[31m[ERROR] [1790606115.486204534, 32.606000000]: No path to next viewpoint[0m
[33m[WARN] [1790606115.486528279, 32.606000000]: Plan fail[0m
[31m[ERROR] [1790606115.502853979, 32.615000000]: No path to next viewpoint[0m
[33m[WARN] [1790606115.503204738, 32.615000000]: Plan fail[0m
[31m[ERROR] [1790606115.513565707, 32.624000000]: Larger cost after reallocation[0m
[31m[ERROR] [1790606115.524735498, 32.633000000]: No path to next viewpoint[0m
[33m[WARN] [1790606115.524990959, 32.633000000]: Plan fail[0m
[31m[ERROR] [1790606115.553476903, 32.661000000]: No path to next viewpoint[0m
[33m[WARN] [1790606115.554468857, 32.661000000]: Plan fail[0m
[31m[ERROR] [1790606115.565246910, 32.670000000]: No path to next viewpoint[0m
[33m[WARN] [1790606115.565661867, 32.670000000]: Plan fail[0m
[33m[WARN] [1790606115.570501369, 32.679000000]: Pair opt 1 & 2[0m
[31m[ERROR] [1790606115.575600126, 32.679000000]: No path to next viewpoint[0m
[33m[WARN] [1790606115.576238903, 32.688000000]: Plan fail[0m
[31m[ERROR] [1790606115.595110418, 32.706000000]: No path to next viewpoint[0m
[33m[WARN] [1790606115.595673491, 32.706000000]: Plan fail[0m
[31m[ERROR] [1790606115.612114707, 32.715000000]: No path to next viewpoint[0m
[33m[WARN] [1790606115.612782666, 32.715000000]: Plan fail[0m
[33m[WARN] [1790606115.625488849, 32.734000000]: Drone 1 send opt request to 2, pair opt t: 0.055000, allocate t: 0.046000[0m
[31m[ERROR] [1790606115.639545332, 32.743000000]: No path to next viewpoint[0m
[33m[WARN] [1790606115.640347150, 32.743000000]: Plan fail[0m
[31m[ERROR] [1790606115.658119198, 32.761000000]: No path to next viewpoint[0m
[33m[WARN] [1790606115.658292618, 32.761000000]: Plan fail[0m
[31m[ERROR] [1790606115.670755138, 32.779000000]: No path to next viewpoint[0m
[33m[WARN] [1790606115.671000761, 32.779000000]: Plan fail[0m
[33m[WARN] [1790606115.671677766, 32.779000000]: Pair opt 1 & 2[0m
[31m[ERROR] [1790606115.673674430, 32.779000000]: No path to next viewpoint[0m
[33m[WARN] [1790606115.673793740, 32.779000000]: Plan fail[0m
[31m[ERROR] [1790606115.688309744, 32.798000000]: No path to next viewpoint[0m
[33m[WARN] [1790606115.688668632, 32.798000000]: Plan fail[0m
[31m[ERROR] [1790606115.700117062, 32.807000000]: No path to next viewpoint[0m
[33m[WARN] [1790606115.700326124, 32.807000000]: Plan fail[0m
[31m[ERROR] [1790606115.716121768, 32.816000000]: No path to next viewpoint[0m
[33m[WARN] [1790606115.716392362, 32.816000000]: Plan fail[0m
[31m[ERROR] [1790606115.733290557, 32.829999999]: No path to next viewpoint[0m
[33m[WARN] [1790606115.733620847, 32.829999999]: Plan fail[0m
[31m[ERROR] [1790606115.751430831, 32.841000000]: No path to next viewpoint[0m
[33m[WARN] [1790606115.751676662, 32.841000000]: Plan fail[0m
[33m[WARN] [1790606115.765740315, 32.865000000]: Drone 1 send opt request to 2, pair opt t: 0.086000, allocate t: 0.086000[0m
[31m[ERROR] [1790606115.775572646, 32.874000000]: No path to next viewpoint[0m
[33m[WARN] [1790606115.775935410, 32.874000000]: Plan fail[0m
[33m[WARN] [1790606115.779134134, 32.874000000]: Reject frequent attempt[0m
[31m[ERROR] [1790606115.796983220, 32.892000000]: No path to next viewpoint[0m
[33m[WARN] [1790606115.797325100, 32.892000000]: Plan fail[0m
[31m[ERROR] [1790606115.816799749, 32.911000000]: No path to next viewpoint[0m
[33m[WARN] [1790606115.817169975, 32.911000000]: Plan fail[0m
[31m[ERROR] [1790606115.830759017, 32.920000000]: No path to next viewpoint[0m
[33m[WARN] [1790606115.831280652, 32.920000000]: Plan fail[0m
[31m[ERROR] [1790606115.836204363, 32.920000000]: No path to next viewpoint[0m
[33m[WARN] [1790606115.836469996, 32.920000000]: Plan fail[0m
[33m[WARN] [1790606115.836882869, 32.920000000]: Pair opt 1 & 2[0m
[31m[ERROR] [1790606115.858359643, 32.950000000]: No path to next viewpoint[0m
[33m[WARN] [1790606115.858598012, 32.950000000]: Plan fail[0m
[31m[ERROR] [1790606115.874038896, 32.960000000]: No path to next viewpoint[0m
[33m[WARN] [1790606115.874178132, 32.960000000]: Plan fail[0m
[31m[ERROR] [1790606115.891586082, 32.975000000]: No path to next viewpoint[0m
[33m[WARN] [1790606115.891733905, 32.975000000]: Plan fail[0m
[31m[ERROR] [1790606115.909341872, 32.993000000]: No path to next viewpoint[0m
[33m[WARN] [1790606115.909560564, 32.993000000]: Plan fail[0m
[33m[WARN] [1790606115.917166824, 33.002000000]: Drone 1 send opt request to 2, pair opt t: 0.082000, allocate t: 0.073000[0m
[31m[ERROR] [1790606115.924657651, 33.011000000]: No path to next viewpoint[0m
[33m[WARN] [1790606115.924858918, 33.011000000]: Plan fail[0m
[31m[ERROR] [1790606115.942300093, 33.026000000]: No path to next viewpoint[0m
[33m[WARN] [1790606115.942647266, 33.026000000]: Plan fail[0m
[31m[ERROR] [1790606115.957461461, 33.036000000]: No path to next viewpoint[0m
[33m[WARN] [1790606115.957850989, 33.036000000]: Plan fail[0m
[31m[ERROR] [1790606115.972057089, 33.045000000]: No path to next viewpoint[0m
[33m[WARN] [1790606115.972230259, 33.045000000]: Plan fail[0m
[31m[ERROR] [1790606115.989052457, 33.063000000]: No path to next viewpoint[0m
[33m[WARN] [1790606115.989613112, 33.063000000]: Plan fail[0m
[33m[WARN] [1790606115.989854691, 33.063000000]: Pair opt 1 & 2[0m
[31m[ERROR] [1790606115.996296619, 33.063000000]: No path to next viewpoint[0m
[33m[WARN] [1790606115.997031320, 33.063000000]: Plan fail[0m
[31m[ERROR] [1790606116.017715406, 33.085999999]: No path to next viewpoint[0m
[33m[WARN] [1790606116.018106727, 33.085999999]: Plan fail[0m
[31m[ERROR] [1790606116.035505547, 33.103999999]: No path to next viewpoint[0m
[33m[WARN] [1790606116.035727783, 33.103999999]: Plan fail[0m
[31m[ERROR] [1790606116.050189719, 33.112999999]: No path to next viewpoint[0m
[33m[WARN] [1790606116.050669959, 33.112999999]: Plan fail[0m
[33m[WARN] [1790606116.059393402, 33.121999999]: Drone 1 send opt request to 2, pair opt t: 0.059000, allocate t: 0.059000[0m
[31m[ERROR] [1790606116.065981944, 33.131000000]: No path to next viewpoint[0m
[33m[WARN] [1790606116.066305023, 33.131000000]: Plan fail[0m
[33m[WARN] [1790606116.066616928, 33.131000000]: Reject frequent attempt[0m
[31m[ERROR] [1790606116.079423704, 33.140000000]: No path to next viewpoint[0m
[33m[WARN] [1790606116.079561356, 33.140000000]: Plan fail[0m
[31m[ERROR] [1790606116.096907358, 33.158000000]: No path to next viewpoint[0m
[33m[WARN] [1790606116.097202005, 33.158000000]: Plan fail[0m
[31m[ERROR] [1790606116.113421361, 33.176000000]: No path to next viewpoint[0m
[33m[WARN] [1790606116.113747690, 33.176000000]: Plan fail[0m
[33m[WARN] [1790606116.114034167, 33.176000000]: Pair opt 1 & 2[0m
[31m[ERROR] [1790606116.117431198, 33.185000000]: No path to next viewpoint[0m
[33m[WARN] [1790606116.117715173, 33.185000000]: Plan fail[0m
[31m[ERROR] [1790606116.131973882, 33.194000000]: No path to next viewpoint[0m
[33m[WARN] [1790606116.132268821, 33.194000000]: Plan fail[0m
[31m[ERROR] [1790606116.154550873, 33.212000000]: No path to next viewpoint[0m
[33m[WARN] [1790606116.154777111, 33.212000000]: Plan fail[0m
[31m[ERROR] [1790606116.176546282, 33.231000000]: No path to next viewpoint[0m
[33m[WARN] [1790606116.177062665, 33.231000000]: Plan fail[0m
[33m[WARN] [1790606116.178931975, 33.240000000]: Drone 1 send opt request to 2, pair opt t: 0.064000, allocate t: 0.055000[0m
[31m[ERROR] [1790606116.203612017, 33.258000000]: No path to next viewpoint[0m
[33m[WARN] [1790606116.204505880, 33.258000000]: Plan fail[0m
[31m[ERROR] [1790606116.224472317, 33.286000000]: No path to next viewpoint[0m
[33m[WARN] [1790606116.224753457, 33.286000000]: Plan fail[0m
[31m[ERROR] [1790606116.230335622, 33.286000000]: No path to next viewpoint[0m
[33m[WARN] [1790606116.230755165, 33.286000000]: Plan fail[0m
[33m[WARN] [1790606116.234209516, 33.295000000]: Pair opt 1 & 2[0m
[31m[ERROR] [1790606116.242404987, 33.304000000]: No path to next viewpoint[0m
[33m[WARN] [1790606116.242656821, 33.304000000]: Plan fail[0m
[31m[ERROR] [1790606116.259493694, 33.313000000]: No path to next viewpoint[0m
[33m[WARN] [1790606116.259754908, 33.313000000]: Plan fail[0m
[31m[ERROR] [1790606116.276315225, 33.331000000]: No path to next viewpoint[0m
[33m[WARN] [1790606116.276823062, 33.331000000]: Plan fail[0m
[31m[ERROR] [1790606116.293249146, 33.350000000]: No path to next viewpoint[0m
[33m[WARN] [1790606116.293952039, 33.350000000]: Plan fail[0m
[31m[ERROR] [1790606116.294608326, 33.350000000]: Larger cost after reallocation[0m
[33m[WARN] [1790606116.298151888, 33.350000000]: get response 1[0m
[31m[ERROR] [1790606116.309035119, 33.368000000]: No path to next viewpoint[0m
[33m[WARN] [1790606116.309228841, 33.368000000]: Plan fail[0m
[31m[ERROR] [1790606116.324936440, 33.377000000]: No path to next viewpoint[0m
[33m[WARN] [1790606116.325211786, 33.377000000]: Plan fail[0m
[31m[ERROR] [1790606116.342521979, 33.395000000]: No path to next viewpoint[0m
[33m[WARN] [1790606116.342828424, 33.395000000]: Plan fail[0m
[31m[ERROR] [1790606116.349518976, 33.404000000]: No path to next viewpoint[0m
[33m[WARN] [1790606116.349797573, 33.404000000]: Plan fail[0m
[31m[ERROR] [1790606116.360508843, 33.414000000]: No path to next viewpoint[0m
[33m[WARN] [1790606116.361471449, 33.414000000]: Plan fail[0m
[31m[ERROR] [1790606116.395480737, 33.450000000]: No path to next viewpoint[0m
[33m[WARN] [1790606116.396289641, 33.450000000]: Plan fail[0m
[31m[ERROR] [1790606116.405326949, 33.459000000]: No path to next viewpoint[0m
[33m[WARN] [1790606116.405486987, 33.459000000]: Plan fail[0m
[31m[ERROR] [1790606116.418149982, 33.468000000]: No path to next viewpoint[0m
[33m[WARN] [1790606116.418525462, 33.468000000]: Plan fail[0m
[31m[ERROR] [1790606116.435403855, 33.487000000]: No path to next viewpoint[0m
[33m[WARN] [1790606116.435607915, 33.487000000]: Plan fail[0m
[31m[ERROR] [1790606116.449849783, 33.505000000]: No path to next viewpoint[0m
[33m[WARN] [1790606116.450057636, 33.505000000]: Plan fail[0m
[31m[ERROR] [1790606116.452900349, 33.505000000]: No path to next viewpoint[0m
[33m[WARN] [1790606116.453353867, 33.505000000]: Plan fail[0m
[31m[ERROR] [1790606116.464596986, 33.514000000]: No path to next viewpoint[0m
[33m[WARN] [1790606116.464873666, 33.514000000]: Plan fail[0m
[31m[ERROR] [1790606116.481533158, 33.533000000]: No path to next viewpoint[0m
[33m[WARN] [1790606116.482056044, 33.533000000]: Plan fail[0m
[31m[ERROR] [1790606116.496495886, 33.551000000]: No path to next viewpoint[0m
[33m[WARN] [1790606116.496738382, 33.551000000]: Plan fail[0m
[31m[ERROR] [1790606116.497944360, 33.551000000]: No path to next viewpoint[0m
[33m[WARN] [1790606116.498174933, 33.551000000]: Plan fail[0m
[31m[ERROR] [1790606116.515653751, 33.569000000]: No path to next viewpoint[0m
[33m[WARN] [1790606116.515850600, 33.569000000]: Plan fail[0m
[31m[ERROR] [1790606116.530967321, 33.587000000]: No path to next viewpoint[0m
[33m[WARN] [1790606116.531170506, 33.587000000]: Plan fail[0m
[31m[ERROR] [1790606116.535370772, 33.587000000]: No path to next viewpoint[0m
[33m[WARN] [1790606116.535845634, 33.587000000]: Plan fail[0m
[31m[ERROR] [1790606116.546152493, 33.596000000]: No path to next viewpoint[0m
[33m[WARN] [1790606116.546434509, 33.596000000]: Plan fail[0m
[31m[ERROR] [1790606116.565091583, 33.615000000]: No path to next viewpoint[0m
[33m[WARN] [1790606116.565213060, 33.615000000]: Plan fail[0m
[31m[ERROR] [1790606116.579977981, 33.624000000]: No path to next viewpoint[0m
[33m[WARN] [1790606116.580245239, 33.624000000]: Plan fail[0m
[31m[ERROR] [1790606116.594383263, 33.643000000]: No path to next viewpoint[0m
[33m[WARN] [1790606116.594577944, 33.643000000]: Plan fail[0m
[31m[ERROR] [1790606116.595579861, 33.643000000]: No path to next viewpoint[0m
[33m[WARN] [1790606116.595994235, 33.643000000]: Plan fail[0m
[31m[ERROR] [1790606116.608096158, 33.652000000]: No path to next viewpoint[0m
[33m[WARN] [1790606116.608583943, 33.652000000]: Plan fail[0m
[31m[ERROR] [1790606116.625847112, 33.670000000]: No path to next viewpoint[0m
[33m[WARN] [1790606116.626011528, 33.670000000]: Plan fail[0m
[31m[ERROR] [1790606116.639704079, 33.679000000]: No path to next viewpoint[0m
[33m[WARN] [1790606116.639989930, 33.688000000]: Plan fail[0m
[31m[ERROR] [1790606116.654297122, 33.697000000]: No path to next viewpoint[0m
[33m[WARN] [1790606116.654523235, 33.697000000]: Plan fail[0m
[31m[ERROR] [1790606116.664274566, 33.706000000]: No path to next viewpoint[0m
[33m[WARN] [1790606116.664575717, 33.706000000]: Plan fail[0m
[31m[ERROR] [1790606116.667658341, 33.706000000]: No path to next viewpoint[0m
[33m[WARN] [1790606116.667919555, 33.706000000]: Plan fail[0m
[31m[ERROR] [1790606116.684560955, 33.725000000]: No path to next viewpoint[0m
[33m[WARN] [1790606116.684937351, 33.725000000]: Plan fail[0m
[31m[ERROR] [1790606116.702125191, 33.743000000]: No path to next viewpoint[0m
[33m[WARN] [1790606116.702442266, 33.743000000]: Plan fail[0m
[31m[ERROR] [1790606116.708943640, 33.743000000]: No path to next viewpoint[0m
[33m[WARN] [1790606116.709184719, 33.743000000]: Plan fail[0m
[31m[ERROR] [1790606116.717845255, 33.752000000]: No path to next viewpoint[0m
[33m[WARN] [1790606116.718227071, 33.752000000]: Plan fail[0m
[31m[ERROR] [1790606116.732807274, 33.770000000]: No path to next viewpoint[0m
[33m[WARN] [1790606116.733077367, 33.770000000]: Plan fail[0m
[31m[ERROR] [1790606116.746169160, 33.779000000]: No path to next viewpoint[0m
[33m[WARN] [1790606116.746594373, 33.779000000]: Plan fail[0m
[31m[ERROR] [1790606116.760767247, 33.798000000]: No path to next viewpoint[0m
[33m[WARN] [1790606116.761010660, 33.798000000]: Plan fail[0m
[31m[ERROR] [1790606116.764397770, 33.798000000]: No path to next viewpoint[0m
[33m[WARN] [1790606116.764658108, 33.798000000]: Plan fail[0m
[31m[ERROR] [1790606116.775554470, 33.807000000]: No path to next viewpoint[0m
[33m[WARN] [1790606116.775818519, 33.807000000]: Plan fail[0m
[31m[ERROR] [1790606116.795030162, 33.835999999]: No path to next viewpoint[0m
[33m[WARN] [1790606116.795471257, 33.835999999]: Plan fail[0m
[31m[ERROR] [1790606116.816113073, 33.853999999]: No path to next viewpoint[0m
[33m[WARN] [1790606116.816308129, 33.853999999]: Plan fail[0m
[31m[ERROR] [1790606116.826987674, 33.862999999]: No path to next viewpoint[0m
[33m[WARN] [1790606116.827228920, 33.862999999]: Plan fail[0m
[33m[WARN] [1790606116.827492551, 33.862999999]: Pair opt 1 & 2[0m
[31m[ERROR] [1790606116.835491132, 33.871999999]: No path to next viewpoint[0m
[33m[WARN] [1790606116.835843475, 33.871999999]: Plan fail[0m
[31m[ERROR] [1790606116.854294154, 33.890000000]: No path to next viewpoint[0m
[33m[WARN] [1790606116.854544737, 33.890000000]: Plan fail[0m
[31m[ERROR] [1790606116.869845759, 33.899000000]: No path to next viewpoint[0m
[33m[WARN] [1790606116.870123898, 33.908000000]: Plan fail[0m
[31m[ERROR] [1790606116.883554610, 33.917000000]: No path to next viewpoint[0m
[33m[WARN] [1790606116.883840003, 33.917000000]: Plan fail[0m
[33m[WARN] [1790606116.885561280, 33.917000000]: Drone 1 send opt request to 2, pair opt t: 0.054000, allocate t: 0.054000[0m
[31m[ERROR] [1790606116.902199761, 33.935000000]: No path to next viewpoint[0m
[33m[WARN] [1790606116.902508499, 33.935000000]: Plan fail[0m
[31m[ERROR] [1790606116.918194880, 33.953000000]: No path to next viewpoint[0m
[33m[WARN] [1790606116.918531298, 33.953000000]: Plan fail[0m
[31m[ERROR] [1790606116.932823566, 33.962000000]: No path to next viewpoint[0m
[33m[WARN] [1790606116.933099328, 33.962000000]: Plan fail[0m
[31m[ERROR] [1790606116.943870253, 33.971000000]: No path to next viewpoint[0m
[33m[WARN] [1790606116.944391097, 33.971000000]: Plan fail[0m
[33m[WARN] [1790606116.946190121, 33.971000000]: get response 1[0m
[31m[ERROR] [1790606116.954234474, 33.981000000]: No path to next viewpoint[0m
[33m[WARN] [1790606116.954713005, 33.981000000]: Plan fail[0m
[31m[ERROR] [1790606116.970039539, 33.999000000]: No path to next viewpoint[0m
[33m[WARN] [1790606116.970301754, 33.999000000]: Plan fail[0m
[31m[ERROR] [1790606116.988531823, 34.017000000]: No path to next viewpoint[0m
[33m[WARN] [1790606116.989165723, 34.017000000]: Plan fail[0m
[31m[ERROR] [1790606117.000463160, 34.026000000]: No path to next viewpoint[0m
[33m[WARN] [1790606117.000757391, 34.026000000]: Plan fail[0m
[31m[ERROR] [1790606117.008610315, 34.036000000]: No path to next viewpoint[0m
[33m[WARN] [1790606117.008785986, 34.036000000]: Plan fail[0m
[31m[ERROR] [1790606117.027940142, 34.054000000]: No path to next viewpoint[0m
[33m[WARN] [1790606117.029033021, 34.054000000]: Plan fail[0m
[31m[ERROR] [1790606117.047425755, 34.072000000]: No path to next viewpoint[0m
[33m[WARN] [1790606117.047771803, 34.072000000]: Plan fail[0m
[31m[ERROR] [1790606117.050505711, 34.081000000]: No path to next viewpoint[0m
[33m[WARN] [1790606117.050823411, 34.081000000]: Plan fail[0m
[31m[ERROR] [1790606117.062568698, 34.090000000]: No path to next viewpoint[0m
[33m[WARN] [1790606117.062868597, 34.090000000]: Plan fail[0m
[31m[ERROR] [1790606117.075834077, 34.100000000]: No path to next viewpoint[0m
[33m[WARN] [1790606117.076090663, 34.100000000]: Plan fail[0m
[31m[ERROR] [1790606117.089481105, 34.109000000]: No path to next viewpoint[0m
[33m[WARN] [1790606117.089954634, 34.118000000]: Plan fail[0m
[31m[ERROR] [1790606117.094370591, 34.118000000]: No path to next viewpoint[0m
[33m[WARN] [1790606117.094747195, 34.118000000]: Plan fail[0m
[31m[ERROR] [1790606117.104851287, 34.127000000]: No path to next viewpoint[0m
[33m[WARN] [1790606117.105078317, 34.127000000]: Plan fail[0m
[31m[ERROR] [1790606117.125172192, 34.145000000]: No path to next viewpoint[0m
[33m[WARN] [1790606117.125443202, 34.145000000]: Plan fail[0m
[31m[ERROR] [1790606117.141462541, 34.164000000]: No path to next viewpoint[0m
[33m[WARN] [1790606117.141744974, 34.164000000]: Plan fail[0m
[31m[ERROR] [1790606117.144727882, 34.164000000]: No path to next viewpoint[0m
[33m[WARN] [1790606117.145055045, 34.164000000]: Plan fail[0m
[31m[ERROR] [1790606117.158011979, 34.182000000]: No path to next viewpoint[0m
[33m[WARN] [1790606117.158231797, 34.182000000]: Plan fail[0m
[31m[ERROR] [1790606117.181868026, 34.200000000]: No path to next viewpoint[0m
[33m[WARN] [1790606117.182186727, 34.209000000]: Plan fail[0m
[31m[ERROR] [1790606117.188777437, 34.209000000]: No path to next viewpoint[0m
[33m[WARN] [1790606117.189144496, 34.209000000]: Plan fail[0m
[31m[ERROR] [1790606117.202394867, 34.218000000]: No path to next viewpoint[0m
[33m[WARN] [1790606117.202685721, 34.218000000]: Plan fail[0m
[31m[ERROR] [1790606117.226799897, 34.237000000]: No path to next viewpoint[0m
[33m[WARN] [1790606117.227106092, 34.237000000]: Plan fail[0m
[31m[ERROR] [1790606117.242885519, 34.255000000]: No path to next viewpoint[0m
[31m[ERROR] [1790606117.243172955, 34.255000000]: No path to next viewpoint[0m
[33m[WARN] [1790606117.243183543, 34.255000000]: Plan fail[0m
[33m[WARN] [1790606117.243414117, 34.255000000]: Plan fail[0m
[31m[ERROR] [1790606117.263010577, 34.273000000]: No path to next viewpoint[0m
[33m[WARN] [1790606117.263343702, 34.273000000]: Plan fail[0m
[31m[ERROR] [1790606117.278610623, 34.292000000]: No path to next viewpoint[0m
[33m[WARN] [1790606117.278863458, 34.292000000]: Plan fail[0m
[31m[ERROR] [1790606117.288163230, 34.301000000]: No path to next viewpoint[0m
[33m[WARN] [1790606117.288495563, 34.301000000]: Plan fail[0m
[31m[ERROR] [1790606117.296125918, 34.310000000]: No path to next viewpoint[0m
[33m[WARN] [1790606117.296551464, 34.310000000]: Plan fail[0m
[31m[ERROR] [1790606117.315309422, 34.328000000]: No path to next viewpoint[0m
[33m[WARN] [1790606117.315593855, 34.328000000]: Plan fail[0m
[31m[ERROR] [1790606117.328379453, 34.337000000]: No path to next viewpoint[0m
[33m[WARN] [1790606117.328644127, 34.337000000]: Plan fail[0m
[31m[ERROR] [1790606117.331933521, 34.347000000]: No path to next viewpoint[0m
[33m[WARN] [1790606117.332151422, 34.347000000]: Plan fail[0m
[31m[ERROR] [1790606117.349097390, 34.365000000]: No path to next viewpoint[0m
[33m[WARN] [1790606117.349363690, 34.365000000]: Plan fail[0m
[31m[ERROR] [1790606117.366945477, 34.383000000]: No path to next viewpoint[0m
[33m[WARN] [1790606117.367237706, 34.383000000]: Plan fail[0m
[31m[ERROR] [1790606117.381912206, 34.392000000]: No path to next viewpoint[0m
[33m[WARN] [1790606117.382676547, 34.392000000]: Plan fail[0m
[31m[ERROR] [1790606117.391464063, 34.401000000]: No path to next viewpoint[0m
[33m[WARN] [1790606117.391958644, 34.401000000]: Plan fail[0m
[31m[ERROR] [1790606117.411556855, 34.420000000]: No path to next viewpoint[0m
[33m[WARN] [1790606117.411919536, 34.420000000]: Plan fail[0m
[31m[ERROR] [1790606117.429187457, 34.438000000]: No path to next viewpoint[0m
[31m[ERROR] [1790606117.429312895, 34.438000000]: No path to next viewpoint[0m
[33m[WARN] [1790606117.429518539, 34.438000000]: Plan fail[0m
[33m[WARN] [1790606117.429752906, 34.438000000]: Plan fail[0m
[31m[ERROR] [1790606117.449173445, 34.456000000]: No path to next viewpoint[0m
[33m[WARN] [1790606117.449444581, 34.456000000]: Plan fail[0m
[31m[ERROR] [1790606117.469085521, 34.475000000]: No path to next viewpoint[0m
[33m[WARN] [1790606117.469522281, 34.475000000]: Plan fail[0m
[31m[ERROR] [1790606117.478826097, 34.484000000]: No path to next viewpoint[0m
[33m[WARN] [1790606117.479085519, 34.484000000]: Plan fail[0m
[33m[WARN] [1790606117.479402219, 34.484000000]: Pair opt 1 & 2[0m
[31m[ERROR] [1790606117.484652384, 34.484000000]: No path to next viewpoint[0m
[33m[WARN] [1790606117.484993388, 34.484000000]: Plan fail[0m
[31m[ERROR] [1790606117.505028317, 34.511000000]: No path to next viewpoint[0m
[33m[WARN] [1790606117.505380201, 34.511000000]: Plan fail[0m
[31m[ERROR] [1790606117.525989834, 34.529000000]: No path to next viewpoint[0m
[33m[WARN] [1790606117.526282480, 34.529000000]: Plan fail[0m
[33m[WARN] [1790606117.531367355, 34.539000000]: Drone 1 send opt request to 2, pair opt t: 0.055000, allocate t: 0.045000[0m
[31m[ERROR] [1790606117.541562116, 34.548000000]: No path to next viewpoint[0m
[33m[WARN] [1790606117.541745333, 34.548000000]: Plan fail[0m
[31m[ERROR] [1790606117.552846422, 34.557000000]: No path to next viewpoint[0m
[33m[WARN] [1790606117.553062364, 34.557000000]: Plan fail[0m
[31m[ERROR] [1790606117.573411033, 34.575000000]: No path to next viewpoint[0m
[33m[WARN] [1790606117.573660241, 34.575000000]: Plan fail[0m
[31m[ERROR] [1790606117.576246033, 34.575000000]: No path to next viewpoint[0m
[33m[WARN] [1790606117.576500160, 34.575000000]: Plan fail[0m
[33m[WARN] [1790606117.576809523, 34.575000000]: get response 1[0m
[31m[ERROR] [1790606117.585741403, 34.584000000]: No path to next viewpoint[0m
[33m[WARN] [1790606117.586072110, 34.584000000]: Plan fail[0m
[31m[ERROR] [1790606117.600473099, 34.603000000]: No path to next viewpoint[0m
[33m[WARN] [1790606117.600789424, 34.603000000]: Plan fail[0m
[31m[ERROR] [1790606117.617467258, 34.612999999]: No path to next viewpoint[0m
[33m[WARN] [1790606117.617658604, 34.612999999]: Plan fail[0m
[31m[ERROR] [1790606117.629946912, 34.622999999]: No path to next viewpoint[0m
[33m[WARN] [1790606117.630178486, 34.622999999]: Plan fail[0m
[31m[ERROR] [1790606117.649448491, 34.649999999]: No path to next viewpoint[0m
[33m[WARN] [1790606117.649875746, 34.649999999]: Plan fail[0m
[31m[ERROR] [1790606117.666189691, 34.667999999]: No path to next viewpoint[0m
[33m[WARN] [1790606117.666438607, 34.667999999]: Plan fail[0m
[31m[ERROR] [1790606117.679318502, 34.676999999]: No path to next viewpoint[0m
[33m[WARN] [1790606117.679595015, 34.676999999]: Plan fail[0m
[31m[ERROR] [1790606117.682871361, 34.686000000]: No path to next viewpoint[0m
[33m[WARN] [1790606117.683231916, 34.686000000]: Plan fail[0m
[31m[ERROR] [1790606117.698068039, 34.695000000]: No path to next viewpoint[0m
[33m[WARN] [1790606117.698251797, 34.695000000]: Plan fail[0m
[31m[ERROR] [1790606117.714779640, 34.713000000]: No path to next viewpoint[0m
[33m[WARN] [1790606117.715009964, 34.713000000]: Plan fail[0m
[31m[ERROR] [1790606117.716251459, 34.713000000]: No path to next viewpoint[0m
[33m[WARN] [1790606117.716553485, 34.713000000]: Plan fail[0m
[31m[ERROR] [1790606117.735898820, 34.731000000]: No path to next viewpoint[0m
[33m[WARN] [1790606117.736217187, 34.731000000]: Plan fail[0m
[31m[ERROR] [1790606117.751281841, 34.749000000]: No path to next viewpoint[0m
[33m[WARN] [1790606117.751726021, 34.749000000]: Plan fail[0m
[31m[ERROR] [1790606117.759814021, 34.758000000]: No path to next viewpoint[0m
[33m[WARN] [1790606117.760090618, 34.758000000]: Plan fail[0m
[31m[ERROR] [1790606117.765627802, 34.758000000]: No path to next viewpoint[0m
[33m[WARN] [1790606117.765905649, 34.758000000]: Plan fail[0m
[31m[ERROR] [1790606117.783928072, 34.776000000]: No path to next viewpoint[0m
[33m[WARN] [1790606117.784320560, 34.776000000]: Plan fail[0m
[31m[ERROR] [1790606117.803734804, 34.795000000]: No path to next viewpoint[0m
[33m[WARN] [1790606117.804036663, 34.795000000]: Plan fail[0m
[31m[ERROR] [1790606117.805387255, 34.795000000]: No path to next viewpoint[0m
[33m[WARN] [1790606117.806174857, 34.795000000]: Plan fail[0m
[31m[ERROR] [1790606117.824936650, 34.813000000]: No path to next viewpoint[0m
[33m[WARN] [1790606117.825293203, 34.813000000]: Plan fail[0m
[31m[ERROR] [1790606117.842982543, 34.831000000]: No path to next viewpoint[0m
[33m[WARN] [1790606117.843132618, 34.831000000]: Plan fail[0m
[31m[ERROR] [1790606117.849574296, 34.840000000]: No path to next viewpoint[0m
[33m[WARN] [1790606117.849821044, 34.840000000]: Plan fail[0m
[31m[ERROR] [1790606117.861050281, 34.850000000]: No path to next viewpoint[0m
[33m[WARN] [1790606117.861317706, 34.850000000]: Plan fail[0m
[31m[ERROR] [1790606117.880672004, 34.868000000]: No path to next viewpoint[0m
[33m[WARN] [1790606117.881119102, 34.868000000]: Plan fail[0m
[31m[ERROR] [1790606117.895779554, 34.886000000]: No path to next viewpoint[0m
[33m[WARN] [1790606117.896270882, 34.886000000]: Plan fail[0m
[31m[ERROR] [1790606117.898802856, 34.886000000]: No path to next viewpoint[0m
[33m[WARN] [1790606117.899106133, 34.886000000]: Plan fail[0m
[31m[ERROR] [1790606117.910413033, 34.895000000]: No path to next viewpoint[0m
[33m[WARN] [1790606117.910794724, 34.895000000]: Plan fail[0m
[31m[ERROR] [1790606117.932068064, 34.914000000]: No path to next viewpoint[0m
[33m[WARN] [1790606117.932485814, 34.914000000]: Plan fail[0m
[31m[ERROR] [1790606117.946582442, 34.932000000]: No path to next viewpoint[0m
[33m[WARN] [1790606117.946960423, 34.932000000]: Plan fail[0m
[31m[ERROR] [1790606117.948526205, 34.932000000]: No path to next viewpoint[0m
[33m[WARN] [1790606117.948903977, 34.932000000]: Plan fail[0m
[31m[ERROR] [1790606117.967541542, 34.950000000]: No path to next viewpoint[0m
[33m[WARN] [1790606117.967787623, 34.950000000]: Plan fail[0m
[31m[ERROR] [1790606117.985360572, 34.968000000]: No path to next viewpoint[0m
[33m[WARN] [1790606117.985610321, 34.968000000]: Plan fail[0m
[31m[ERROR] [1790606117.989817341, 34.978000000]: No path to next viewpoint[0m
[33m[WARN] [1790606117.990117657, 34.978000000]: Plan fail[0m
[31m[ERROR] [1790606118.000868947, 34.987000000]: No path to next viewpoint[0m
[33m[WARN] [1790606118.001150796, 34.987000000]: Plan fail[0m
[31m[ERROR] [1790606118.017855895, 35.005000000]: No path to next viewpoint[0m
[33m[WARN] [1790606118.018249925, 35.005000000]: Plan fail[0m
[31m[ERROR] [1790606118.037628067, 35.014000000]: No path to next viewpoint[0m
[33m[WARN] [1790606118.039000128, 35.023000000]: Plan fail[0m
[31m[ERROR] [1790606118.040602846, 35.023000000]: No path to next viewpoint[0m
[33m[WARN] [1790606118.041210691, 35.023000000]: Plan fail[0m
[31m[ERROR] [1790606118.063251873, 35.042000000]: No path to next viewpoint[0m
[33m[WARN] [1790606118.063529553, 35.042000000]: Plan fail[0m
[31m[ERROR] [1790606118.079238362, 35.060000000]: No path to next viewpoint[0m
[33m[WARN] [1790606118.079649943, 35.060000000]: Plan fail[0m
[31m[ERROR] [1790606118.092557643, 35.078000000]: No path to next viewpoint[0m
[33m[WARN] [1790606118.092797430, 35.078000000]: Plan fail[0m
[33m[WARN] [1790606118.093172784, 35.078000000]: Pair opt 1 & 2[0m
[31m[ERROR] [1790606118.098306475, 35.078000000]: No path to next viewpoint[0m
[33m[WARN] [1790606118.098818356, 35.078000000]: Plan fail[0m
[31m[ERROR] [1790606118.114520536, 35.097000000]: No path to next viewpoint[0m
[33m[WARN] [1790606118.114850784, 35.097000000]: Plan fail[0m
[31m[ERROR] [1790606118.129616122, 35.115000000]: No path to next viewpoint[0m
[33m[WARN] [1790606118.129964004, 35.115000000]: Plan fail[0m
[33m[WARN] [1790606118.139811884, 35.124000000]: Drone 1 send opt request to 2, pair opt t: 0.046000, allocate t: 0.037000[0m
[31m[ERROR] [1790606118.146417977, 35.124000000]: No path to next viewpoint[0m
[33m[WARN] [1790606118.146836561, 35.124000000]: Plan fail[0m
[31m[ERROR] [1790606118.164033113, 35.142000000]: No path to next viewpoint[0m
[33m[WARN] [1790606118.164740800, 35.142000000]: Plan fail[0m
[31m[ERROR] [1790606118.179481417, 35.161000000]: No path to next viewpoint[0m
[33m[WARN] [1790606118.179938771, 35.161000000]: Plan fail[0m
[31m[ERROR] [1790606118.186673803, 35.170000000]: No path to next viewpoint[0m
[33m[WARN] [1790606118.187061497, 35.170000000]: Plan fail[0m
[33m[WARN] [1790606118.188093554, 35.170000000]: get response 1[0m
[31m[ERROR] [1790606118.194340676, 35.170000000]: No path to next viewpoint[0m
[33m[WARN] [1790606118.194672467, 35.170000000]: Plan fail[0m
[31m[ERROR] [1790606118.212425297, 35.188000000]: No path to next viewpoint[0m
[33m[WARN] [1790606118.212685761, 35.188000000]: Plan fail[0m
[31m[ERROR] [1790606118.227998872, 35.206000000]: No path to next viewpoint[0m
[33m[WARN] [1790606118.228507126, 35.206000000]: Plan fail[0m
[31m[ERROR] [1790606118.239806273, 35.215000000]: No path to next viewpoint[0m
[33m[WARN] [1790606118.240045434, 35.215000000]: Plan fail[0m
[31m[ERROR] [1790606118.248555228, 35.225000000]: No path to next viewpoint[0m
[33m[WARN] [1790606118.248990112, 35.225000000]: Plan fail[0m
[31m[ERROR] [1790606118.263628845, 35.243000000]: No path to next viewpoint[0m
[33m[WARN] [1790606118.263849955, 35.243000000]: Plan fail[0m
[31m[ERROR] [1790606118.280486144, 35.261000000]: No path to next viewpoint[0m
[33m[WARN] [1790606118.280718594, 35.261000000]: Plan fail[0m
[31m[ERROR] [1790606118.290573060, 35.270000000]: No path to next viewpoint[0m
[33m[WARN] [1790606118.290903976, 35.270000000]: Plan fail[0m
[31m[ERROR] [1790606118.299816388, 35.279000000]: No path to next viewpoint[0m
[33m[WARN] [1790606118.300116371, 35.279000000]: Plan fail[0m
[31m[ERROR] [1790606118.317376497, 35.298000000]: No path to next viewpoint[0m
[33m[WARN] [1790606118.317716750, 35.298000000]: Plan fail[0m
[31m[ERROR] [1790606118.332611194, 35.307000000]: No path to next viewpoint[0m
[33m[WARN] [1790606118.332827719, 35.307000000]: Plan fail[0m
[31m[ERROR] [1790606118.338657882, 35.316000000]: No path to next viewpoint[0m
[33m[WARN] [1790606118.338827675, 35.316000000]: Plan fail[0m
[31m[ERROR] [1790606118.350940270, 35.325000000]: No path to next viewpoint[0m
[33m[WARN] [1790606118.351222328, 35.325000000]: Plan fail[0m
[31m[ERROR] [1790606118.366965988, 35.343000000]: No path to next viewpoint[0m
[33m[WARN] [1790606118.367229494, 35.343000000]: Plan fail[0m
[31m[ERROR] [1790606118.381382359, 35.362000000]: No path to next viewpoint[0m
[33m[WARN] [1790606118.381804361, 35.362000000]: Plan fail[0m
[31m[ERROR] [1790606118.383605511, 35.362000000]: No path to next viewpoint[0m
[33m[WARN] [1790606118.383853344, 35.362000000]: Plan fail[0m
[31m[ERROR] [1790606118.402717479, 35.380000000]: No path to next viewpoint[0m
[33m[WARN] [1790606118.403715478, 35.380000000]: Plan fail[0m
[31m[ERROR] [1790606118.417392772, 35.398000000]: No path to next viewpoint[0m
[33m[WARN] [1790606118.417691171, 35.398000000]: Plan fail[0m
[31m[ERROR] [1790606118.419704719, 35.398000000]: No path to next viewpoint[0m
[33m[WARN] [1790606118.420015833, 35.398000000]: Plan fail[0m
[31m[ERROR] [1790606118.436010951, 35.417000000]: No path to next viewpoint[0m
[33m[WARN] [1790606118.438711676, 35.417000000]: Plan fail[0m
[31m[ERROR] [1790606118.461490309, 35.435000000]: No path to next viewpoint[0m
[33m[WARN] [1790606118.461970174, 35.435000000]: Plan fail[0m
[31m[ERROR] [1790606118.465451122, 35.435000000]: No path to next viewpoint[0m
[33m[WARN] [1790606118.465939408, 35.435000000]: Plan fail[0m
[31m[ERROR] [1790606118.481744765, 35.453000000]: No path to next viewpoint[0m
[33m[WARN] [1790606118.482137044, 35.453000000]: Plan fail[0m
[31m[ERROR] [1790606118.500242843, 35.472000000]: No path to next viewpoint[0m
[33m[WARN] [1790606118.500463870, 35.472000000]: Plan fail[0m
[31m[ERROR] [1790606118.517359230, 35.490000000]: No path to next viewpoint[0m
[33m[WARN] [1790606118.517576755, 35.490000000]: Plan fail[0m
[31m[ERROR] [1790606118.518053869, 35.490000000]: No path to next viewpoint[0m
[33m[WARN] [1790606118.518224621, 35.490000000]: Plan fail[0m
[31m[ERROR] [1790606118.530807242, 35.499000000]: No path to next viewpoint[0m
[33m[WARN] [1790606118.531304908, 35.499000000]: Plan fail[0m
[31m[ERROR] [1790606118.552187010, 35.526000000]: No path to next viewpoint[0m
[33m[WARN] [1790606118.552718818, 35.526000000]: Plan fail[0m
[31m[ERROR] [1790606118.559711187, 35.526000000]: No path to next viewpoint[0m
[33m[WARN] [1790606118.559908786, 35.526000000]: Plan fail[0m
[31m[ERROR] [1790606118.568745535, 35.536000000]: No path to next viewpoint[0m
[33m[WARN] [1790606118.569052939, 35.536000000]: Plan fail[0m
[31m[ERROR] [1790606118.584750617, 35.554000000]: No path to next viewpoint[0m
[33m[WARN] [1790606118.585403860, 35.554000000]: Plan fail[0m
[31m[ERROR] [1790606118.597492693, 35.563000000]: No path to next viewpoint[0m
[33m[WARN] [1790606118.597817106, 35.563000000]: Plan fail[0m
[31m[ERROR] [1790606118.600167739, 35.563000000]: No path to next viewpoint[0m
[33m[WARN] [1790606118.600593368, 35.563000000]: Plan fail[0m
[31m[ERROR] [1790606118.614154687, 35.581000000]: No path to next viewpoint[0m
[33m[WARN] [1790606118.614409314, 35.581000000]: Plan fail[0m
[31m[ERROR] [1790606118.629436199, 35.600000000]: No path to next viewpoint[0m
[33m[WARN] [1790606118.629736974, 35.600000000]: Plan fail[0m
[31m[ERROR] [1790606118.648613533, 35.618000000]: No path to next viewpoint[0m
[33m[WARN] [1790606118.648969586, 35.618000000]: Plan fail[0m
[31m[ERROR] [1790606118.666842893, 35.636000000]: No path to next viewpoint[0m
[33m[WARN] [1790606118.667166054, 35.636000000]: Plan fail[0m
[31m[ERROR] [1790606118.668236840, 35.636000000]: No path to next viewpoint[0m
[33m[WARN] [1790606118.668475917, 35.636000000]: Plan fail[0m
[31m[ERROR] [1790606118.689070585, 35.654000000]: No path to next viewpoint[0m
[33m[WARN] [1790606118.689325295, 35.654000000]: Plan fail[0m
[31m[ERROR] [1790606118.708446601, 35.673000000]: No path to next viewpoint[0m
[33m[WARN] [1790606118.708634153, 35.673000000]: Plan fail[0m
[31m[ERROR] [1790606118.714992873, 35.682000000]: No path to next viewpoint[0m
[33m[WARN] [1790606118.715399576, 35.682000000]: Plan fail[0m
[33m[WARN] [1790606118.715776806, 35.682000000]: Pair opt 1 & 2[0m
[31m[ERROR] [1790606118.723846589, 35.691000000]: No path to next viewpoint[0m
[33m[WARN] [1790606118.724116807, 35.691000000]: Plan fail[0m
[31m[ERROR] [1790606118.742141857, 35.709000000]: No path to next viewpoint[0m
[33m[WARN] [1790606118.742343374, 35.709000000]: Plan fail[0m
[31m[ERROR] [1790606118.760143437, 35.728000000]: No path to next viewpoint[0m
[33m[WARN] [1790606118.760394145, 35.728000000]: Plan fail[0m
[33m[WARN] [1790606118.767483730, 35.737000000]: Drone 1 send opt request to 2, pair opt t: 0.055000, allocate t: 0.046000[0m
[31m[ERROR] [1790606118.775685704, 35.737000000]: No path to next viewpoint[0m
[33m[WARN] [1790606118.775883970, 35.746000000]: Plan fail[0m
[31m[ERROR] [1790606118.791905560, 35.755000000]: No path to next viewpoint[0m
[33m[WARN] [1790606118.792124169, 35.755000000]: Plan fail[0m
[31m[ERROR] [1790606118.808954080, 35.773000000]: No path to next viewpoint[0m
[33m[WARN] [1790606118.809183694, 35.773000000]: Plan fail[0m
[31m[ERROR] [1790606118.814010190, 35.773000000]: No path to next viewpoint[0m
[33m[WARN] [1790606118.814457288, 35.783000000]: Plan fail[0m
[33m[WARN] [1790606118.814924730, 35.783000000]: Pair opt 1 & 2[0m
[31m[ERROR] [1790606118.826795829, 35.792000000]: No path to next viewpoint[0m
[33m[WARN] [1790606118.827014064, 35.792000000]: Plan fail[0m
[31m[ERROR] [1790606118.844059707, 35.810000000]: No path to next viewpoint[0m
[33m[WARN] [1790606118.844353812, 35.810000000]: Plan fail[0m
[31m[ERROR] [1790606118.872397577, 35.837000000]: No path to next viewpoint[0m
[33m[WARN] [1790606118.872928634, 35.837000000]: Plan fail[0m
[33m[WARN] [1790606118.874818579, 35.837000000]: Drone 1 send opt request to 2, pair opt t: 0.054000, allocate t: 0.054000[0m
[31m[ERROR] [1790606118.894505042, 35.837000000]: No path to next viewpoint[0m
[33m[WARN] [1790606118.895559944, 35.837000000]: Plan fail[0m
[33m[WARN] [1790606118.896281096, 35.837000000]: Reject frequent attempt[0m
[31m[ERROR] [1790606118.942966803, 35.837000000]: No path to next viewpoint[0m
[33m[WARN] [1790606118.943573147, 35.837000000]: Plan fail[0m
[33m[WARN] [1790606118.949910731, 35.837000000]: get response 2[0m
[31m[ERROR] [1790606119.000456200, 35.837000000]: No path to next viewpoint[0m
[33m[WARN] [1790606119.000690984, 35.837000000]: Plan fail[0m

[1mROS_MASTER_URI=http://localhost:11328[0m
]2;/comparison/racer.launch http://localhost:11328
[1mprocess[exploration_node_1-1]: started with pid [1998][0m
[1mprocess[tsp_solver_1-2]: started with pid [1999][0m
[1mprocess[acvrp_solver_1-3]: started with pid [2001][0m
[1mprocess[traj_server_1-4]: started with pid [2011][0m
[1mprocess[exploration_node_2-5]: started with pid [2012][0m
[1mprocess[tsp_solver_2-6]: started with pid [2013][0m
[1mprocess[acvrp_solver_2-7]: started with pid [2019][0m
[1mprocess[traj_server_2-8]: started with pid [2030][0m
[traj_server_2-8] killing on exit
[acvrp_solver_2-7] killing on exit
[tsp_solver_2-6] killing on exit
[exploration_node_2-5] killing on exit
[acvrp_solver_1-3] killing on exit
[tsp_solver_1-2] killing on exit
[traj_server_1-4] killing on exit
[exploration_node_1-1] killing on exit
shutting down processing monitor...
... shutting down processing monitor complete
[1mdone[0m
