... logging to /root/.ros/log/6a85d9ce-bb45-11f1-9a83-5255551de53e/roslaunch-colima-racer-gvp-3214.log
Checking log directory for disk usage. This may take a while.
Press Ctrl-C to interrupt
Done checking log file disk usage. Usage is <1GB.
]2;/comparison/gvp.launch
[1mstarted roslaunch server http://localhost:33923/[0m

SUMMARY
========

PARAMETERS
 * /murder_1/Computation/data_name0: gvp
 * /murder_1/Computation/data_name1: local
 * /murder_1/Computation/data_name2: global
 * /murder_1/Computation/data_num: 3
 * /murder_1/Computation/dir: /home/charliedog/...
 * /murder_1/Computation/vdata_name0: volume
 * /murder_1/Computation/vdata_name1: DTG
 * /murder_1/Computation/vdata_name2: pose
 * /murder_1/Computation/vdata_name3: traj
 * /murder_1/Computation/vdata_name4: job
 * /murder_1/Computation/vdata_name5: state
 * /murder_1/Computation/vdata_name6: map
 * /murder_1/Computation/vdata_name7: mapreq
 * /murder_1/Computation/vdata_name8: total
 * /murder_1/Computation/vdata_num: 9
 * /murder_1/EXP/finish_hold_duration: 15.0
 * /murder_1/Exp/AutoTakeoff: True
 * /murder_1/Exp/UAV_id: 1
 * /murder_1/Exp/acc_off: -0.5
 * /murder_1/Exp/check_duration: 3.5
 * /murder_1/Exp/colli_range: 0.8
 * /murder_1/Exp/drone_num: 2
 * /murder_1/Exp/exc_duration: 0.5
 * /murder_1/Exp/finish_thresh: 0.5
 * /murder_1/Exp/global_comm_freq: 0.5
 * /murder_1/Exp/global_path_search: 3000
 * /murder_1/Exp/local_comm_freq: 5.0
 * /murder_1/Exp/local_dist_thresh: 7.0
 * /murder_1/Exp/local_path_search: 1000
 * /murder_1/Exp/maxX: 6.0
 * /murder_1/Exp/maxY: 6.0
 * /murder_1/Exp/maxZ: 3.0
 * /murder_1/Exp/minX: -6.0
 * /murder_1/Exp/minY: -6.0
 * /murder_1/Exp/minZ: 0.0
 * /murder_1/Exp/reach_out_t: 0.1
 * /murder_1/Exp/replan_duration: 1.5
 * /murder_1/Exp/robot_sizeX: 0.48
 * /murder_1/Exp/robot_sizeY: 0.48
 * /murder_1/Exp/robot_sizeZ: 0.3
 * /murder_1/Exp/show_swarm_traj: False
 * /murder_1/Exp/statistic: True
 * /murder_1/Exp/strong_check_interval: 3.0
 * /murder_1/Exp/swarm_check: True
 * /murder_1/Exp/takeoff_x: -4.0
 * /murder_1/Exp/takeoff_y: -3.0
 * /murder_1/Exp/takeoff_yaw: 0.0
 * /murder_1/Exp/takeoff_z: 1.2
 * /murder_1/Exp/traj_length: 10.0
 * /murder_1/Frontier/FOV_hor_num: 15
 * /murder_1/Frontier/FOV_ver_num: 10
 * /murder_1/Frontier/cam_hor: 2.0943951023931953
 * /murder_1/Frontier/cam_ver: 2.0943951023931953
 * /murder_1/Frontier/grid_scale: 2.0
 * /murder_1/Frontier/min_vp_num: 6
 * /murder_1/Frontier/observe_thresh: 0.85
 * /murder_1/Frontier/ray_samp_dist1: 0.2
 * /murder_1/Frontier/ray_samp_dist2: 0.1
 * /murder_1/Frontier/resample_duration: 0.8
 * /murder_1/Frontier/sample_dist_num: 2
 * /murder_1/Frontier/sample_hor_dir_num: 10
 * /murder_1/Frontier/sample_max_range: 2.2
 * /murder_1/Frontier/sample_ver_dir_num: 3
 * /murder_1/Frontier/sensor_type: Depth_Camera
 * /murder_1/Frontier/show_frontier: True
 * /murder_1/Frontier/viewpoint_thresh: 1.3
 * /murder_1/GVD/allowance: 0.08
 * /murder_1/GVD/lambda: 0.1
 * /murder_1/GVD/partition_frequency: 0.33
 * /murder_1/GVD/show_gvd: True
 * /murder_1/GVD/tau: 0.2
 * /murder_1/LowResMap/blockX: 5
 * /murder_1/LowResMap/blockY: 5
 * /murder_1/LowResMap/blockZ: 3
 * /murder_1/LowResMap/corridor_expX: 2
 * /murder_1/LowResMap/corridor_expY: 2
 * /murder_1/LowResMap/corridor_expZ: 1
 * /murder_1/LowResMap/debug: True
 * /murder_1/LowResMap/lambda_heu: 5.0
 * /murder_1/LowResMap/localgraph_sizex: 14.0
 * /murder_1/LowResMap/localgraph_sizey: 14.0
 * /murder_1/LowResMap/localgraph_sizez: 8.0
 * /murder_1/LowResMap/node_x: 0.6
 * /murder_1/LowResMap/node_y: 0.6
 * /murder_1/LowResMap/node_z: 0.6
 * /murder_1/LowResMap/occ_duration: 2.0
 * /murder_1/LowResMap/prune_seg_length: 6.5
 * /murder_1/LowResMap/resolution: 0.1
 * /murder_1/LowResMap/seg_length: 2.5
 * /murder_1/LowResMap/show_dtg: False
 * /murder_1/LowResMap/showmap: True
 * /murder_1/LowResMap/unknown_duration: 0.2
 * /murder_1/MR_DTG/H_thresh: 5.5
 * /murder_1/MR_DTG/Toporange: 10.0
 * /murder_1/MR_DTG/resX: 2.0
 * /murder_1/MR_DTG/resY: 2.0
 * /murder_1/MR_DTG/resZ: 2.0
 * /murder_1/MR_DTG/show_edge_details: False
 * /murder_1/MR_DTG/update_FF: False
 * /murder_1/block_map/CamtoBody_Quater_w: 1.0
 * /murder_1/block_map/CamtoBody_Quater_x: 0.0
 * /murder_1/block_map/CamtoBody_Quater_y: 0.0
 * /murder_1/block_map/CamtoBody_Quater_z: 0.0
 * /murder_1/block_map/CamtoBody_x: 0.0
 * /murder_1/block_map/CamtoBody_y: 0.0
 * /murder_1/block_map/CamtoBody_z: 0.4
 * /murder_1/block_map/FFD: False
 * /murder_1/block_map/HeightcolorB: [48, 147, 92, 130...
 * /murder_1/block_map/HeightcolorG: [21, 80, 66, 114,...
 * /murder_1/block_map/HeightcolorR: [44, 71, 198, 234...
 * /murder_1/block_map/RobotVisX: 0.81
 * /murder_1/block_map/RobotVisY: 0.81
 * /murder_1/block_map/RobotVisZ: 0.41
 * /murder_1/block_map/blockX: 10
 * /murder_1/block_map/blockY: 10
 * /murder_1/block_map/blockZ: 10
 * /murder_1/block_map/colorB: [150, 238, 0, 0, ...
 * /murder_1/block_map/colorG: [150, 229, 165, 2...
 * /murder_1/block_map/colorR: [150, 0, 255, 124...
 * /murder_1/block_map/depth: True
 * /murder_1/block_map/depth_step: 2
 * /murder_1/block_map/maxX: 6.0
 * /murder_1/block_map/maxY: 6.0
 * /murder_1/block_map/maxZ: 3.0
 * /murder_1/block_map/minX: -6.0
 * /murder_1/block_map/minY: -6.0
 * /murder_1/block_map/minZ: 0.0
 * /murder_1/block_map/min_finish_t: 45.0
 * /murder_1/block_map/occ_max: 0.9
 * /murder_1/block_map/occ_min: 0.2
 * /murder_1/block_map/pro_hit_occ: 0.9
 * /murder_1/block_map/pro_miss_free: 0.75
 * /murder_1/block_map/resolution: 0.1
 * /murder_1/block_map/sensor_max_range: 4.5
 * /murder_1/block_map/show_block: True
 * /murder_1/block_map/show_freq: 10.0
 * /murder_1/block_map/statistic_v: True
 * /murder_1/block_map/swarm_pub_thresh: 0.975
 * /murder_1/block_map/swarm_send_delay: 2.0
 * /murder_1/block_map/swarm_tol: 0.3
 * /murder_1/block_map/update_freq: 10.0
 * /murder_1/block_map/vis_mode: False
 * /murder_1/opt/MaxAcc: 0.8
 * /murder_1/opt/MaxJer: 25.0
 * /murder_1/opt/MaxVel: 0.6
 * /murder_1/opt/RelCostTolL: 1e-05
 * /murder_1/opt/SwarmAvoid: 1.2
 * /murder_1/opt/WeiAcc: 400.0
 * /murder_1/opt/WeiJer: 50.0
 * /murder_1/opt/WeiPos: 5000.0
 * /murder_1/opt/WeiSwarm: 100.0
 * /murder_1/opt/WeiT: 200.0
 * /murder_1/opt/WeiVel: 800.0
 * /murder_1/opt/WeiminT: 10.0
 * /murder_1/opt/YawAcc: 0.8
 * /murder_1/opt/YawVel: 0.65
 * /murder_1/opt/integralIntervs: 16
 * /murder_1/opt/smoothingEps: 0.01
 * /murder_2/Computation/data_name0: gvp
 * /murder_2/Computation/data_name1: local
 * /murder_2/Computation/data_name2: global
 * /murder_2/Computation/data_num: 3
 * /murder_2/Computation/dir: /home/charliedog/...
 * /murder_2/Computation/vdata_name0: volume
 * /murder_2/Computation/vdata_name1: DTG
 * /murder_2/Computation/vdata_name2: pose
 * /murder_2/Computation/vdata_name3: traj
 * /murder_2/Computation/vdata_name4: job
 * /murder_2/Computation/vdata_name5: state
 * /murder_2/Computation/vdata_name6: map
 * /murder_2/Computation/vdata_name7: mapreq
 * /murder_2/Computation/vdata_name8: total
 * /murder_2/Computation/vdata_num: 9
 * /murder_2/EXP/finish_hold_duration: 15.0
 * /murder_2/Exp/AutoTakeoff: True
 * /murder_2/Exp/UAV_id: 2
 * /murder_2/Exp/acc_off: -0.5
 * /murder_2/Exp/check_duration: 3.5
 * /murder_2/Exp/colli_range: 0.8
 * /murder_2/Exp/drone_num: 2
 * /murder_2/Exp/exc_duration: 0.5
 * /murder_2/Exp/finish_thresh: 0.5
 * /murder_2/Exp/global_comm_freq: 0.5
 * /murder_2/Exp/global_path_search: 3000
 * /murder_2/Exp/local_comm_freq: 5.0
 * /murder_2/Exp/local_dist_thresh: 7.0
 * /murder_2/Exp/local_path_search: 1000
 * /murder_2/Exp/maxX: 6.0
 * /murder_2/Exp/maxY: 6.0
 * /murder_2/Exp/maxZ: 3.0
 * /murder_2/Exp/minX: -6.0
 * /murder_2/Exp/minY: -6.0
 * /murder_2/Exp/minZ: 0.0
 * /murder_2/Exp/reach_out_t: 0.1
 * /murder_2/Exp/replan_duration: 1.5
 * /murder_2/Exp/robot_sizeX: 0.48
 * /murder_2/Exp/robot_sizeY: 0.48
 * /murder_2/Exp/robot_sizeZ: 0.3
 * /murder_2/Exp/show_swarm_traj: False
 * /murder_2/Exp/statistic: True
 * /murder_2/Exp/strong_check_interval: 3.0
 * /murder_2/Exp/swarm_check: True
 * /murder_2/Exp/takeoff_x: -4.0
 * /murder_2/Exp/takeoff_y: 3.0
 * /murder_2/Exp/takeoff_yaw: 0.0
 * /murder_2/Exp/takeoff_z: 1.2
 * /murder_2/Exp/traj_length: 10.0
 * /murder_2/Frontier/FOV_hor_num: 15
 * /murder_2/Frontier/FOV_ver_num: 10
 * /murder_2/Frontier/cam_hor: 2.0943951023931953
 * /murder_2/Frontier/cam_ver: 2.0943951023931953
 * /murder_2/Frontier/grid_scale: 2.0
 * /murder_2/Frontier/min_vp_num: 6
 * /murder_2/Frontier/observe_thresh: 0.85
 * /murder_2/Frontier/ray_samp_dist1: 0.2
 * /murder_2/Frontier/ray_samp_dist2: 0.1
 * /murder_2/Frontier/resample_duration: 0.8
 * /murder_2/Frontier/sample_dist_num: 2
 * /murder_2/Frontier/sample_hor_dir_num: 10
 * /murder_2/Frontier/sample_max_range: 2.2
 * /murder_2/Frontier/sample_ver_dir_num: 3
 * /murder_2/Frontier/sensor_type: Depth_Camera
 * /murder_2/Frontier/show_frontier: True
 * /murder_2/Frontier/viewpoint_thresh: 1.3
 * /murder_2/GVD/allowance: 0.08
 * /murder_2/GVD/lambda: 0.1
 * /murder_2/GVD/partition_frequency: 0.33
 * /murder_2/GVD/show_gvd: True
 * /murder_2/GVD/tau: 0.2
 * /murder_2/LowResMap/blockX: 5
 * /murder_2/LowResMap/blockY: 5
 * /murder_2/LowResMap/blockZ: 3
 * /murder_2/LowResMap/corridor_expX: 2
 * /murder_2/LowResMap/corridor_expY: 2
 * /murder_2/LowResMap/corridor_expZ: 1
 * /murder_2/LowResMap/debug: True
 * /murder_2/LowResMap/lambda_heu: 5.0
 * /murder_2/LowResMap/localgraph_sizex: 14.0
 * /murder_2/LowResMap/localgraph_sizey: 14.0
 * /murder_2/LowResMap/localgraph_sizez: 8.0
 * /murder_2/LowResMap/node_x: 0.6
 * /murder_2/LowResMap/node_y: 0.6
 * /murder_2/LowResMap/node_z: 0.6
 * /murder_2/LowResMap/occ_duration: 2.0
 * /murder_2/LowResMap/prune_seg_length: 6.5
 * /murder_2/LowResMap/resolution: 0.1
 * /murder_2/LowResMap/seg_length: 2.5
 * /murder_2/LowResMap/show_dtg: False
 * /murder_2/LowResMap/showmap: True
 * /murder_2/LowResMap/unknown_duration: 0.2
 * /murder_2/MR_DTG/H_thresh: 5.5
 * /murder_2/MR_DTG/Toporange: 10.0
 * /murder_2/MR_DTG/resX: 2.0
 * /murder_2/MR_DTG/resY: 2.0
 * /murder_2/MR_DTG/resZ: 2.0
 * /murder_2/MR_DTG/show_edge_details: False
 * /murder_2/MR_DTG/update_FF: False
 * /murder_2/block_map/CamtoBody_Quater_w: 1.0
 * /murder_2/block_map/CamtoBody_Quater_x: 0.0
 * /murder_2/block_map/CamtoBody_Quater_y: 0.0
 * /murder_2/block_map/CamtoBody_Quater_z: 0.0
 * /murder_2/block_map/CamtoBody_x: 0.0
 * /murder_2/block_map/CamtoBody_y: 0.0
 * /murder_2/block_map/CamtoBody_z: 0.4
 * /murder_2/block_map/FFD: False
 * /murder_2/block_map/HeightcolorB: [48, 147, 92, 130...
 * /murder_2/block_map/HeightcolorG: [21, 80, 66, 114,...
 * /murder_2/block_map/HeightcolorR: [44, 71, 198, 234...
 * /murder_2/block_map/RobotVisX: 0.81
 * /murder_2/block_map/RobotVisY: 0.81
 * /murder_2/block_map/RobotVisZ: 0.41
 * /murder_2/block_map/blockX: 10
 * /murder_2/block_map/blockY: 10
 * /murder_2/block_map/blockZ: 10
 * /murder_2/block_map/colorB: [150, 238, 0, 0, ...
 * /murder_2/block_map/colorG: [150, 229, 165, 2...
 * /murder_2/block_map/colorR: [150, 0, 255, 124...
 * /murder_2/block_map/depth: True
 * /murder_2/block_map/depth_step: 2
 * /murder_2/block_map/maxX: 6.0
 * /murder_2/block_map/maxY: 6.0
 * /murder_2/block_map/maxZ: 3.0
 * /murder_2/block_map/minX: -6.0
 * /murder_2/block_map/minY: -6.0
 * /murder_2/block_map/minZ: 0.0
 * /murder_2/block_map/min_finish_t: 45.0
 * /murder_2/block_map/occ_max: 0.9
 * /murder_2/block_map/occ_min: 0.2
 * /murder_2/block_map/pro_hit_occ: 0.9
 * /murder_2/block_map/pro_miss_free: 0.75
 * /murder_2/block_map/resolution: 0.1
 * /murder_2/block_map/sensor_max_range: 4.5
 * /murder_2/block_map/show_block: True
 * /murder_2/block_map/show_freq: 10.0
 * /murder_2/block_map/statistic_v: True
 * /murder_2/block_map/swarm_pub_thresh: 0.975
 * /murder_2/block_map/swarm_send_delay: 2.0
 * /murder_2/block_map/swarm_tol: 0.3
 * /murder_2/block_map/update_freq: 10.0
 * /murder_2/block_map/vis_mode: False
 * /murder_2/opt/MaxAcc: 0.8
 * /murder_2/opt/MaxJer: 25.0
 * /murder_2/opt/MaxVel: 0.6
 * /murder_2/opt/RelCostTolL: 1e-05
 * /murder_2/opt/SwarmAvoid: 1.2
 * /murder_2/opt/WeiAcc: 400.0
 * /murder_2/opt/WeiJer: 50.0
 * /murder_2/opt/WeiPos: 5000.0
 * /murder_2/opt/WeiSwarm: 100.0
 * /murder_2/opt/WeiT: 200.0
 * /murder_2/opt/WeiVel: 800.0
 * /murder_2/opt/WeiminT: 10.0
 * /murder_2/opt/YawAcc: 0.8
 * /murder_2/opt/YawVel: 0.65
 * /murder_2/opt/integralIntervs: 16
 * /murder_2/opt/smoothingEps: 0.01
 * /rosdistro: noetic
 * /rosversion: 1.17.4
 * /traj_exc_node1/Computation/data_name0: gvp
 * /traj_exc_node1/Computation/data_name1: local
 * /traj_exc_node1/Computation/data_name2: global
 * /traj_exc_node1/Computation/data_num: 3
 * /traj_exc_node1/Computation/dir: /home/charliedog/...
 * /traj_exc_node1/Computation/vdata_name0: volume
 * /traj_exc_node1/Computation/vdata_name1: DTG
 * /traj_exc_node1/Computation/vdata_name2: pose
 * /traj_exc_node1/Computation/vdata_name3: traj
 * /traj_exc_node1/Computation/vdata_name4: job
 * /traj_exc_node1/Computation/vdata_name5: state
 * /traj_exc_node1/Computation/vdata_name6: map
 * /traj_exc_node1/Computation/vdata_name7: mapreq
 * /traj_exc_node1/Computation/vdata_name8: total
 * /traj_exc_node1/Computation/vdata_num: 9
 * /traj_exc_node1/EXP/finish_hold_duration: 15.0
 * /traj_exc_node1/Exp/AutoTakeoff: True
 * /traj_exc_node1/Exp/acc_off: -0.5
 * /traj_exc_node1/Exp/check_duration: 3.5
 * /traj_exc_node1/Exp/colli_range: 0.8
 * /traj_exc_node1/Exp/exc_duration: 0.5
 * /traj_exc_node1/Exp/finish_thresh: 0.5
 * /traj_exc_node1/Exp/global_comm_freq: 0.5
 * /traj_exc_node1/Exp/global_path_search: 3000
 * /traj_exc_node1/Exp/local_comm_freq: 5.0
 * /traj_exc_node1/Exp/local_dist_thresh: 7.0
 * /traj_exc_node1/Exp/local_path_search: 1000
 * /traj_exc_node1/Exp/maxX: 6.0
 * /traj_exc_node1/Exp/maxY: 6.0
 * /traj_exc_node1/Exp/maxZ: 3.0
 * /traj_exc_node1/Exp/minX: -6.0
 * /traj_exc_node1/Exp/minY: -6.0
 * /traj_exc_node1/Exp/minZ: 0.0
 * /traj_exc_node1/Exp/reach_out_t: 0.1
 * /traj_exc_node1/Exp/replan_duration: 1.5
 * /traj_exc_node1/Exp/robot_sizeX: 0.48
 * /traj_exc_node1/Exp/robot_sizeY: 0.48
 * /traj_exc_node1/Exp/robot_sizeZ: 0.3
 * /traj_exc_node1/Exp/show_swarm_traj: False
 * /traj_exc_node1/Exp/statistic: True
 * /traj_exc_node1/Exp/strong_check_interval: 3.0
 * /traj_exc_node1/Exp/swarm_check: True
 * /traj_exc_node1/Exp/takeoff_x: -4.0
 * /traj_exc_node1/Exp/takeoff_y: -3.0
 * /traj_exc_node1/Exp/takeoff_yaw: 0.0
 * /traj_exc_node1/Exp/takeoff_z: 1.2
 * /traj_exc_node1/Exp/traj_length: 10.0
 * /traj_exc_node1/Frontier/FOV_hor_num: 15
 * /traj_exc_node1/Frontier/FOV_ver_num: 10
 * /traj_exc_node1/Frontier/cam_hor: 2.0943951023931953
 * /traj_exc_node1/Frontier/cam_ver: 2.0943951023931953
 * /traj_exc_node1/Frontier/grid_scale: 2.0
 * /traj_exc_node1/Frontier/min_vp_num: 6
 * /traj_exc_node1/Frontier/observe_thresh: 0.85
 * /traj_exc_node1/Frontier/ray_samp_dist1: 0.2
 * /traj_exc_node1/Frontier/ray_samp_dist2: 0.1
 * /traj_exc_node1/Frontier/resample_duration: 0.8
 * /traj_exc_node1/Frontier/sample_dist_num: 2
 * /traj_exc_node1/Frontier/sample_hor_dir_num: 10
 * /traj_exc_node1/Frontier/sample_max_range: 2.2
 * /traj_exc_node1/Frontier/sample_ver_dir_num: 3
 * /traj_exc_node1/Frontier/sensor_type: Depth_Camera
 * /traj_exc_node1/Frontier/show_frontier: True
 * /traj_exc_node1/Frontier/viewpoint_thresh: 1.3
 * /traj_exc_node1/GVD/allowance: 0.08
 * /traj_exc_node1/GVD/lambda: 0.1
 * /traj_exc_node1/GVD/partition_frequency: 0.33
 * /traj_exc_node1/GVD/show_gvd: True
 * /traj_exc_node1/GVD/tau: 0.2
 * /traj_exc_node1/LowResMap/blockX: 5
 * /traj_exc_node1/LowResMap/blockY: 5
 * /traj_exc_node1/LowResMap/blockZ: 3
 * /traj_exc_node1/LowResMap/corridor_expX: 2
 * /traj_exc_node1/LowResMap/corridor_expY: 2
 * /traj_exc_node1/LowResMap/corridor_expZ: 1
 * /traj_exc_node1/LowResMap/debug: True
 * /traj_exc_node1/LowResMap/lambda_heu: 5.0
 * /traj_exc_node1/LowResMap/localgraph_sizex: 14.0
 * /traj_exc_node1/LowResMap/localgraph_sizey: 14.0
 * /traj_exc_node1/LowResMap/localgraph_sizez: 8.0
 * /traj_exc_node1/LowResMap/node_x: 0.6
 * /traj_exc_node1/LowResMap/node_y: 0.6
 * /traj_exc_node1/LowResMap/node_z: 0.6
 * /traj_exc_node1/LowResMap/occ_duration: 2.0
 * /traj_exc_node1/LowResMap/prune_seg_length: 6.5
 * /traj_exc_node1/LowResMap/resolution: 0.1
 * /traj_exc_node1/LowResMap/seg_length: 2.5
 * /traj_exc_node1/LowResMap/show_dtg: False
 * /traj_exc_node1/LowResMap/showmap: True
 * /traj_exc_node1/LowResMap/unknown_duration: 0.2
 * /traj_exc_node1/MR_DTG/H_thresh: 5.5
 * /traj_exc_node1/MR_DTG/Toporange: 10.0
 * /traj_exc_node1/MR_DTG/resX: 2.0
 * /traj_exc_node1/MR_DTG/resY: 2.0
 * /traj_exc_node1/MR_DTG/resZ: 2.0
 * /traj_exc_node1/MR_DTG/show_edge_details: False
 * /traj_exc_node1/MR_DTG/update_FF: False
 * /traj_exc_node1/block_map/CamtoBody_Quater_w: 1.0
 * /traj_exc_node1/block_map/CamtoBody_Quater_x: 0.0
 * /traj_exc_node1/block_map/CamtoBody_Quater_y: 0.0
 * /traj_exc_node1/block_map/CamtoBody_Quater_z: 0.0
 * /traj_exc_node1/block_map/CamtoBody_x: 0.0
 * /traj_exc_node1/block_map/CamtoBody_y: 0.0
 * /traj_exc_node1/block_map/CamtoBody_z: 0.4
 * /traj_exc_node1/block_map/FFD: False
 * /traj_exc_node1/block_map/RobotVisX: 0.81
 * /traj_exc_node1/block_map/RobotVisY: 0.81
 * /traj_exc_node1/block_map/RobotVisZ: 0.41
 * /traj_exc_node1/block_map/blockX: 10
 * /traj_exc_node1/block_map/blockY: 10
 * /traj_exc_node1/block_map/blockZ: 10
 * /traj_exc_node1/block_map/depth: True
 * /traj_exc_node1/block_map/depth_step: 2
 * /traj_exc_node1/block_map/maxX: 6.0
 * /traj_exc_node1/block_map/maxY: 6.0
 * /traj_exc_node1/block_map/maxZ: 3.0
 * /traj_exc_node1/block_map/minX: -6.0
 * /traj_exc_node1/block_map/minY: -6.0
 * /traj_exc_node1/block_map/minZ: 0.0
 * /traj_exc_node1/block_map/min_finish_t: 45.0
 * /traj_exc_node1/block_map/occ_max: 0.9
 * /traj_exc_node1/block_map/occ_min: 0.2
 * /traj_exc_node1/block_map/pro_hit_occ: 0.9
 * /traj_exc_node1/block_map/pro_miss_free: 0.75
 * /traj_exc_node1/block_map/resolution: 0.1
 * /traj_exc_node1/block_map/sensor_max_range: 4.5
 * /traj_exc_node1/block_map/show_block: True
 * /traj_exc_node1/block_map/show_freq: 10.0
 * /traj_exc_node1/block_map/statistic_v: True
 * /traj_exc_node1/block_map/swarm_pub_thresh: 0.975
 * /traj_exc_node1/block_map/swarm_send_delay: 2.0
 * /traj_exc_node1/block_map/swarm_tol: 0.3
 * /traj_exc_node1/block_map/update_freq: 10.0
 * /traj_exc_node1/block_map/vis_mode: False
 * /traj_exc_node1/opt/MaxAcc: 0.8
 * /traj_exc_node1/opt/MaxJer: 25.0
 * /traj_exc_node1/opt/MaxVel: 0.6
 * /traj_exc_node1/opt/RelCostTolL: 1e-05
 * /traj_exc_node1/opt/SwarmAvoid: 1.2
 * /traj_exc_node1/opt/WeiAcc: 400.0
 * /traj_exc_node1/opt/WeiJer: 50.0
 * /traj_exc_node1/opt/WeiPos: 5000.0
 * /traj_exc_node1/opt/WeiSwarm: 100.0
 * /traj_exc_node1/opt/WeiT: 200.0
 * /traj_exc_node1/opt/WeiVel: 800.0
 * /traj_exc_node1/opt/WeiminT: 10.0
 * /traj_exc_node1/opt/YawAcc: 0.8
 * /traj_exc_node1/opt/YawVel: 0.65
 * /traj_exc_node1/opt/integralIntervs: 16
 * /traj_exc_node1/opt/smoothingEps: 0.01
 * /traj_exc_node2/Computation/data_name0: gvp
 * /traj_exc_node2/Computation/data_name1: local
 * /traj_exc_node2/Computation/data_name2: global
 * /traj_exc_node2/Computation/data_num: 3
 * /traj_exc_node2/Computation/dir: /home/charliedog/...
 * /traj_exc_node2/Computation/vdata_name0: volume
 * /traj_exc_node2/Computation/vdata_name1: DTG
 * /traj_exc_node2/Computation/vdata_name2: pose
 * /traj_exc_node2/Computation/vdata_name3: traj
 * /traj_exc_node2/Computation/vdata_name4: job
 * /traj_exc_node2/Computation/vdata_name5: state
 * /traj_exc_node2/Computation/vdata_name6: map
 * /traj_exc_node2/Computation/vdata_name7: mapreq
 * /traj_exc_node2/Computation/vdata_name8: total
 * /traj_exc_node2/Computation/vdata_num: 9
 * /traj_exc_node2/EXP/finish_hold_duration: 15.0
 * /traj_exc_node2/Exp/AutoTakeoff: True
 * /traj_exc_node2/Exp/acc_off: -0.5
 * /traj_exc_node2/Exp/check_duration: 3.5
 * /traj_exc_node2/Exp/colli_range: 0.8
 * /traj_exc_node2/Exp/exc_duration: 0.5
 * /traj_exc_node2/Exp/finish_thresh: 0.5
 * /traj_exc_node2/Exp/global_comm_freq: 0.5
 * /traj_exc_node2/Exp/global_path_search: 3000
 * /traj_exc_node2/Exp/local_comm_freq: 5.0
 * /traj_exc_node2/Exp/local_dist_thresh: 7.0
 * /traj_exc_node2/Exp/local_path_search: 1000
 * /traj_exc_node2/Exp/maxX: 6.0
 * /traj_exc_node2/Exp/maxY: 6.0
 * /traj_exc_node2/Exp/maxZ: 3.0
 * /traj_exc_node2/Exp/minX: -6.0
 * /traj_exc_node2/Exp/minY: -6.0
 * /traj_exc_node2/Exp/minZ: 0.0
 * /traj_exc_node2/Exp/reach_out_t: 0.1
 * /traj_exc_node2/Exp/replan_duration: 1.5
 * /traj_exc_node2/Exp/robot_sizeX: 0.48
 * /traj_exc_node2/Exp/robot_sizeY: 0.48
 * /traj_exc_node2/Exp/robot_sizeZ: 0.3
 * /traj_exc_node2/Exp/show_swarm_traj: False
 * /traj_exc_node2/Exp/statistic: True
 * /traj_exc_node2/Exp/strong_check_interval: 3.0
 * /traj_exc_node2/Exp/swarm_check: True
 * /traj_exc_node2/Exp/takeoff_x: -4.0
 * /traj_exc_node2/Exp/takeoff_y: 3.0
 * /traj_exc_node2/Exp/takeoff_yaw: 0.0
 * /traj_exc_node2/Exp/takeoff_z: 1.2
 * /traj_exc_node2/Exp/traj_length: 10.0
 * /traj_exc_node2/Frontier/FOV_hor_num: 15
 * /traj_exc_node2/Frontier/FOV_ver_num: 10
 * /traj_exc_node2/Frontier/cam_hor: 2.0943951023931953
 * /traj_exc_node2/Frontier/cam_ver: 2.0943951023931953
 * /traj_exc_node2/Frontier/grid_scale: 2.0
 * /traj_exc_node2/Frontier/min_vp_num: 6
 * /traj_exc_node2/Frontier/observe_thresh: 0.85
 * /traj_exc_node2/Frontier/ray_samp_dist1: 0.2
 * /traj_exc_node2/Frontier/ray_samp_dist2: 0.1
 * /traj_exc_node2/Frontier/resample_duration: 0.8
 * /traj_exc_node2/Frontier/sample_dist_num: 2
 * /traj_exc_node2/Frontier/sample_hor_dir_num: 10
 * /traj_exc_node2/Frontier/sample_max_range: 2.2
 * /traj_exc_node2/Frontier/sample_ver_dir_num: 3
 * /traj_exc_node2/Frontier/sensor_type: Depth_Camera
 * /traj_exc_node2/Frontier/show_frontier: True
 * /traj_exc_node2/Frontier/viewpoint_thresh: 1.3
 * /traj_exc_node2/GVD/allowance: 0.08
 * /traj_exc_node2/GVD/lambda: 0.1
 * /traj_exc_node2/GVD/partition_frequency: 0.33
 * /traj_exc_node2/GVD/show_gvd: True
 * /traj_exc_node2/GVD/tau: 0.2
 * /traj_exc_node2/LowResMap/blockX: 5
 * /traj_exc_node2/LowResMap/blockY: 5
 * /traj_exc_node2/LowResMap/blockZ: 3
 * /traj_exc_node2/LowResMap/corridor_expX: 2
 * /traj_exc_node2/LowResMap/corridor_expY: 2
 * /traj_exc_node2/LowResMap/corridor_expZ: 1
 * /traj_exc_node2/LowResMap/debug: True
 * /traj_exc_node2/LowResMap/lambda_heu: 5.0
 * /traj_exc_node2/LowResMap/localgraph_sizex: 14.0
 * /traj_exc_node2/LowResMap/localgraph_sizey: 14.0
 * /traj_exc_node2/LowResMap/localgraph_sizez: 8.0
 * /traj_exc_node2/LowResMap/node_x: 0.6
 * /traj_exc_node2/LowResMap/node_y: 0.6
 * /traj_exc_node2/LowResMap/node_z: 0.6
 * /traj_exc_node2/LowResMap/occ_duration: 2.0
 * /traj_exc_node2/LowResMap/prune_seg_length: 6.5
 * /traj_exc_node2/LowResMap/resolution: 0.1
 * /traj_exc_node2/LowResMap/seg_length: 2.5
 * /traj_exc_node2/LowResMap/show_dtg: False
 * /traj_exc_node2/LowResMap/showmap: True
 * /traj_exc_node2/LowResMap/unknown_duration: 0.2
 * /traj_exc_node2/MR_DTG/H_thresh: 5.5
 * /traj_exc_node2/MR_DTG/Toporange: 10.0
 * /traj_exc_node2/MR_DTG/resX: 2.0
 * /traj_exc_node2/MR_DTG/resY: 2.0
 * /traj_exc_node2/MR_DTG/resZ: 2.0
 * /traj_exc_node2/MR_DTG/show_edge_details: False
 * /traj_exc_node2/MR_DTG/update_FF: False
 * /traj_exc_node2/block_map/CamtoBody_Quater_w: 1.0
 * /traj_exc_node2/block_map/CamtoBody_Quater_x: 0.0
 * /traj_exc_node2/block_map/CamtoBody_Quater_y: 0.0
 * /traj_exc_node2/block_map/CamtoBody_Quater_z: 0.0
 * /traj_exc_node2/block_map/CamtoBody_x: 0.0
 * /traj_exc_node2/block_map/CamtoBody_y: 0.0
 * /traj_exc_node2/block_map/CamtoBody_z: 0.4
 * /traj_exc_node2/block_map/FFD: False
 * /traj_exc_node2/block_map/RobotVisX: 0.81
 * /traj_exc_node2/block_map/RobotVisY: 0.81
 * /traj_exc_node2/block_map/RobotVisZ: 0.41
 * /traj_exc_node2/block_map/blockX: 10
 * /traj_exc_node2/block_map/blockY: 10
 * /traj_exc_node2/block_map/blockZ: 10
 * /traj_exc_node2/block_map/depth: True
 * /traj_exc_node2/block_map/depth_step: 2
 * /traj_exc_node2/block_map/maxX: 6.0
 * /traj_exc_node2/block_map/maxY: 6.0
 * /traj_exc_node2/block_map/maxZ: 3.0
 * /traj_exc_node2/block_map/minX: -6.0
 * /traj_exc_node2/block_map/minY: -6.0
 * /traj_exc_node2/block_map/minZ: 0.0
 * /traj_exc_node2/block_map/min_finish_t: 45.0
 * /traj_exc_node2/block_map/occ_max: 0.9
 * /traj_exc_node2/block_map/occ_min: 0.2
 * /traj_exc_node2/block_map/pro_hit_occ: 0.9
 * /traj_exc_node2/block_map/pro_miss_free: 0.75
 * /traj_exc_node2/block_map/resolution: 0.1
 * /traj_exc_node2/block_map/sensor_max_range: 4.5
 * /traj_exc_node2/block_map/show_block: True
 * /traj_exc_node2/block_map/show_freq: 10.0
 * /traj_exc_node2/block_map/statistic_v: True
 * /traj_exc_node2/block_map/swarm_pub_thresh: 0.975
 * /traj_exc_node2/block_map/swarm_send_delay: 2.0
 * /traj_exc_node2/block_map/swarm_tol: 0.3
 * /traj_exc_node2/block_map/update_freq: 10.0
 * /traj_exc_node2/block_map/vis_mode: False
 * /traj_exc_node2/opt/MaxAcc: 0.8
 * /traj_exc_node2/opt/MaxJer: 25.0
 * /traj_exc_node2/opt/MaxVel: 0.6
 * /traj_exc_node2/opt/RelCostTolL: 1e-05
 * /traj_exc_node2/opt/SwarmAvoid: 1.2
 * /traj_exc_node2/opt/WeiAcc: 400.0
 * /traj_exc_node2/opt/WeiJer: 50.0
 * /traj_exc_node2/opt/WeiPos: 5000.0
 * /traj_exc_node2/opt/WeiSwarm: 100.0
 * /traj_exc_node2/opt/WeiT: 200.0
 * /traj_exc_node2/opt/WeiVel: 800.0
 * /traj_exc_node2/opt/WeiminT: 10.0
 * /traj_exc_node2/opt/YawAcc: 0.8
 * /traj_exc_node2/opt/YawVel: 0.65
 * /traj_exc_node2/opt/integralIntervs: 16
 * /traj_exc_node2/opt/smoothingEps: 0.01
 * /use_sim_time: True

NODES
  /
    murder_1 (murder_swarm/murder_swarm_node)
    murder_2 (murder_swarm/murder_swarm_node)
    traj_exc_node1 (traj_exc/traj_exc_node)
    traj_exc_node2 (traj_exc/traj_exc_node)
command:mkdir /home/charliedog/data/swarm/maze4/MURDER/2/2026_9_28_14_5_12_2
path_:/home/charliedog/data/swarm/maze4/MURDER/2/2026_9_28_14_5_12_2
command:mkdir /home/charliedog/data/swarm/maze4/MURDER/2/2026_9_28_14_5_12_1
path_:/home/charliedog/data/swarm/maze4/MURDER/2/2026_9_28_14_5_12_1
use_answer_:0
use_answer_:0
[31m[ERROR] [1790604312.244502776]: md5sum mismatch making local subscription to topic /Communication/pose.[0m
[31m[ERROR] [1790604312.244542087]: md5sum mismatch making local subscription to topic /Communication/pose.[0m
[31m[ERROR] [1790604312.247949623]: Subscriber expects type exp_comm_msgs/IdPoseC, md5sum d7bae89dc6e8db6dcfb244807a95d689[0m
[31m[ERROR] [1790604312.248020075]: Subscriber expects type exp_comm_msgs/IdPoseC, md5sum d7bae89dc6e8db6dcfb244807a95d689[0m
[31m[ERROR] [1790604312.248025119]: Publisher provides type swarm_exp_msgs/IdPose, md5sum cc5f67458fe878e0f625ae446543e38e[0m
[31m[ERROR] [1790604312.248089443]: Publisher provides type swarm_exp_msgs/IdPose, md5sum cc5f67458fe878e0f625ae446543e38e[0m
[33m[WARN] [1790604312.248151766]: couldn't register subscriber on topic [/Communication/pose][0m
[33m[WARN] [1790604312.248233807]: couldn't register subscriber on topic [/Communication/pose][0m
[31m[ERROR] [1790604312.251711295]: md5sum mismatch making local subscription to topic /Communication/DTG.[0m
[31m[ERROR] [1790604312.252010402]: Subscriber expects type exp_comm_msgs/DtgBagC, md5sum ff41106c2b664f3ededcb2a753d90eeb[0m
[31m[ERROR] [1790604312.252109494]: Publisher provides type swarm_exp_msgs/DtgBag, md5sum 0fad25fdf73ad19fd3ef0fed38c94965[0m
[33m[WARN] [1790604312.252269532]: couldn't register subscriber on topic [/Communication/DTG][0m
[31m[ERROR] [1790604312.252310761]: md5sum mismatch making local subscription to topic /Communication/DTG.[0m
[31m[ERROR] [1790604312.252463546]: Subscriber expects type exp_comm_msgs/DtgBagC, md5sum ff41106c2b664f3ededcb2a753d90eeb[0m
[31m[ERROR] [1790604312.252603741]: Publisher provides type swarm_exp_msgs/DtgBag, md5sum 0fad25fdf73ad19fd3ef0fed38c94965[0m
[33m[WARN] [1790604312.252859243]: couldn't register subscriber on topic [/Communication/DTG][0m
[31m[ERROR] [1790604312.253468548]: md5sum mismatch making local subscription to topic /Communication/traj.[0m
[31m[ERROR] [1790604312.253574017]: Subscriber expects type exp_comm_msgs/SwarmTrajC, md5sum b412e83c14c239c5f9f2ca748f0bead0[0m
[31m[ERROR] [1790604312.253653057]: Publisher provides type swarm_exp_msgs/SwarmTraj, md5sum ad6c481b3a1cd3eae78b78f76fc6821d[0m
[33m[WARN] [1790604312.253717839]: couldn't register subscriber on topic [/Communication/traj][0m
[31m[ERROR] [1790604312.253743560]: md5sum mismatch making local subscription to topic /Communication/traj.[0m
[31m[ERROR] [1790604312.253871374]: Subscriber expects type exp_comm_msgs/SwarmTrajC, md5sum b412e83c14c239c5f9f2ca748f0bead0[0m
[31m[ERROR] [1790604312.253980345]: Publisher provides type swarm_exp_msgs/SwarmTraj, md5sum ad6c481b3a1cd3eae78b78f76fc6821d[0m
[33m[WARN] [1790604312.254073934]: couldn't register subscriber on topic [/Communication/traj][0m
robots_scale_:0.81 0.81 0.41
0.9 0.75
edgeblock_size_:2 2 1
robots_scale_:0.81 0.81 0.41
0.9 0.75
origin_:-6 -6  0
block_num_:13 13  4
edgeblock_size_:2 2 1
origin_:-6 -6  0
last_update_:-10
block_num_:13 13  4
last_update_:-10
update_interval_:0.1
thr_max_:2.19722
update_interval_:0.1
thr_max_:2.19722
thr_min_:-1.38629
pro_hit_:1.28093
thr_min_:-1.38629
pro_hit_:1.28093
pro_miss_:-1.09861
pro_miss_:-1.09861
0.588235
0
0.588235
0
1
0.486275
1
0.486275
0.945098
0
0.945098
0
1
1
1
1
0
0.952941
0
0.952941
0.560784
0.439216
0.560784
0.439216
origin_:-6.3 -6.3    0
origin_:-6.3 -6.3    0
map_upbd_:6.2999 6.2999 3.4999
map_upbd_:6.2999 6.2999 3.4999
map_lowbd_:-6.2999 -6.2999  0.0001
map_lowbd_:-6.2999 -6.2999  0.0001
mapscale_:12.6 12.6  3.5
mapscale_:12.6 12.6  3.5
blockscale_:3.5 3.5 2.1
blockscale_:3.5 3.5 2.1
edgeblock_scale_:2.1 2.1 1.4
edgeblock_scale_:2.1 2.1 1.4
block_size_:5 5 3
block_size_:5 5 3
voxel_num_:18 18  5
voxel_num_:18 18  5
block_num_:4 4 2
block_num_:4 4 2
node_size_:7 7 7
node_scale_:0.7 0.7 0.7
node_size_:7 7 7
node_scale_:0.7 0.7 0.7
localgraph_scale:14 14  8
drone_num:2
localgraph_scale:14 14  8
drone_num:2
localgraph_size_:20 20 12
localgraph_size_:20 20 12
node_scale_:2
node_scale_:2
up_bd_:6 6 3
up_bd_:6 6 3
origin_:-6 -6  0
origin_:-6 -6  0
node_num_:6 6 2
node_num_:6 6 2
use_swarm_:1
use_swarm_:1
SDM_->drone_num_:2
SDM_->drone_num_:2
SDM_->is_ground_:0
SDM_->is_ground_:0
fn_vp_size_:15
vp_max_:60
fn_vp_size_:15
vp_max_:60
[33m[WARN] [1790604312.306736752]: use camera[0m
0samp d:1.73105
1samp d:2.199
[33m[WARN] [1790604312.306856270]: use camera[0m
0samp d:1.73105
1samp d:2.199
samp_h_dir_num_:10
samp_v_dir_num_:3
samp_h_dir_num_:10
samp_v_dir_num_:3
samp_dist_num_:2
samp_num_:60
samp_dist_num_:2
samp_num_:60
sensor_type_:1
sensor_type_:1
F_depot72  72
72
F_depot72  72
72
vox_num_:6 6 2  map_upbd_ - origin_:12 12  3
vox_num_:6 6 2  map_upbd_ - origin_:12 12  3
DTG origin:-6 -6  0
DTG topo_range:10
DTG origin:-6 -6  0
DTG topo_range:10
DTG H_thresh_:5.5
DTG eurange:7.75
DTG H_thresh_:5.5
DTG eurange:7.75
DTG update_FF_:0
DTG update_FF_:0
DTG map_upbd_:6.2999 6.2999 3.4999
DTG map_upbd_:6.2999 6.2999 3.4999
DTG vox_num_:6 6 2
DTG vox_num_:6 6 2
DTG vox_scl_:2 2 2
DTG vox_scl_:2 2 2
DTG uav_id_:1
DTG uav_id_:2
DTG drone_num_:2
DTG drone_num_:2
from  [0;46mid: 1  SLEEP[0m to [0;46mLOCALPLAN[0m
from  [0;46mid: 2  SLEEP[0m to [0;46mLOCALPLAN[0m
 -3.99824   -2.9992 0.0803487[0;31m collide!!!!! [0m
[33m[WARN] [1790604317.460794495, 0.216000000]: id:1 Infeasible1! DTG refuse to update![0m
 -3.99764   2.99579 0.0765765[0;31m collide!!!!! [0m
[33m[WARN] [1790604317.481788612, 0.216000000]: id:2 Infeasible1! DTG refuse to update![0m
 -3.99712  -3.00431 0.0918844[0;31m collide!!!!! [0m
[33m[WARN] [1790604317.661048989, 0.409000000]: id:1 Infeasible1! DTG refuse to update![0m
 -4.00226   3.00448 0.0903449[0;31m collide!!!!! [0m
[33m[WARN] [1790604317.679547359, 0.427000000]: id:2 Infeasible1! DTG refuse to update![0m
-4.00779 -3.00349 0.119259[0;31m collide!!!!! [0m
[33m[WARN] [1790604317.892698590, 0.610000000]: id:1 Infeasible1! DTG refuse to update![0m
-3.99064  3.00189 0.113777[0;31m collide!!!!! [0m
[33m[WARN] [1790604317.901257117, 0.628000000]: id:2 Infeasible1! DTG refuse to update![0m
-4.00877 -3.00242 0.153341[0;31m collide!!!!! [0m
[33m[WARN] [1790604318.111008148, 0.813000000]: id:1 Infeasible1! DTG refuse to update![0m
-3.99399  2.99785 0.155914[0;31m collide!!!!! [0m
[33m[WARN] [1790604318.139999262, 0.822000000]: id:2 Infeasible1! DTG refuse to update![0m
-4.00305 -2.99804 0.197257[0;31m collide!!!!! [0m
[33m[WARN] [1790604318.598321559, 1.014000000]: id:1 Infeasible1! DTG refuse to update![0m
-3.99574  2.99885  0.19408[0;31m collide!!!!! [0m
[33m[WARN] [1790604318.620803544, 1.026000000]: id:2 Infeasible1! DTG refuse to update![0m
-4.00101 -2.99828 0.241979[0;31m collide!!!!! [0m
[33m[WARN] [1790604318.817954612, 1.213000000]: id:1 Infeasible1! DTG refuse to update![0m
-4.00164  2.99683 0.243743[0;31m collide!!!!! [0m
[33m[WARN] [1790604318.824661756, 1.213000000]: id:2 Infeasible1! DTG refuse to update![0m
-4.00335 -2.99414 0.306403[0;31m collide!!!!! [0m
[33m[WARN] [1790604319.039950388, 1.426000000]: id:1 Infeasible1! DTG refuse to update![0m
-4.01081  2.99673    0.309[0;31m collide!!!!! [0m
[33m[WARN] [1790604319.066590701, 1.445000000]: id:2 Infeasible1! DTG refuse to update![0m
-3.99572 -3.00471 0.356086[0;31m collide!!!!! [0m
[33m[WARN] [1790604319.252594365, 1.608000000]: id:1 Infeasible1! DTG refuse to update![0m
-3.99374  2.99781 0.359892[0;31m collide!!!!! [0m
[33m[WARN] [1790604319.260410063, 1.617999999]: id:2 Infeasible1! DTG refuse to update![0m
-3.99921 -2.99524 0.416268[0;31m collide!!!!! [0m
[33m[WARN] [1790604319.474326884, 1.815000000]: id:1 Infeasible1! DTG refuse to update![0m
-3.9996 2.98541 0.43606[0;31m collide!!!!! [0m
[33m[WARN] [1790604319.492087135, 1.833000000]: id:2 Infeasible1! DTG refuse to update![0m
-4.00584 -2.99528 0.483458[0;31m collide!!!!! [0m
[33m[WARN] [1790604319.673909376, 2.012999999]: id:1 Infeasible1! DTG refuse to update![0m
-3.99705  2.99261 0.492001[0;31m collide!!!!! [0m
[33m[WARN] [1790604319.687753003, 2.023000000]: id:2 Infeasible1! DTG refuse to update![0m
-4.00178 -3.00038 0.547583[0;31m collide!!!!! [0m
[33m[WARN] [1790604319.883326949, 2.212000000]: id:1 Infeasible1! DTG refuse to update![0m
-4.00544  2.99241 0.549535[0;31m collide!!!!! [0m
[33m[WARN] [1790604319.893983525, 2.221999999]: id:2 Infeasible1! DTG refuse to update![0m
-3.99901 -3.00437 0.602375[0;31m collide!!!!! [0m
[33m[WARN] [1790604320.090474305, 2.408999999]: id:1 Infeasible1! DTG refuse to update![0m
-3.99537  2.98844 0.605489[0;31m collide!!!!! [0m
[33m[WARN] [1790604320.102763071, 2.438000000]: id:2 Infeasible1! DTG refuse to update![0m
-3.99982 -3.00049 0.656743[0;31m collide!!!!! [0m
[33m[WARN] [1790604320.285774573, 2.613999999]: id:1 Infeasible1! DTG refuse to update![0m
-3.99792  2.99765 0.659185[0;31m collide!!!!! [0m
[33m[WARN] [1790604320.294296665, 2.613999999]: id:2 Infeasible1! DTG refuse to update![0m
-1;9  -1.95  6.15  3.05origin: 40 120  30   -1 6.2 3.1 ..10  2  1
667 10
-1;9  -1.85  6.15  3.05origin: 40 120  30   -1 6.2 3.1 ..10  2  1
667 11
-1;9  -1.75  6.15  3.05origin: 40 120  30   -1 6.2 3.1 ..10  2  1
667 12
-1;9  -1.65  6.15  3.05origin: 40 120  30   -1 6.2 3.1 ..10  2  1
667 13
-1;9  -1.55  6.15  3.05origin: 40 120  30   -1 6.2 3.1 ..10  2  1
667 14
-1;9  -1.45  6.15  3.05origin: 40 120  30   -1 6.2 3.1 ..10  2  1
667 15
-1;9  -1.35  6.15  3.05origin: 40 120  30   -1 6.2 3.1 ..10  2  1
667 16
-1;9  -1.25  6.15  3.05origin: 40 120  30   -1 6.2 3.1 ..10  2  1
667 17
-1;9  -1.15  6.15  3.05origin: 40 120  30   -1 6.2 3.1 ..10  2  1
667 18
-1;9  -1.05  6.15  3.05origin: 40 120  30   -1 6.2 3.1 ..10  2  1
667 19
-4.00615 -3.00172 0.726908[0;31m collide!!!!! [0m
[33m[WARN] [1790604320.487106021, 2.806000000]: id:1 Infeasible1! DTG refuse to update![0m
-3.99597  2.99673 0.725986[0;31m collide!!!!! [0m
[33m[WARN] [1790604320.499021976, 2.825000000]: id:2 Infeasible1! DTG refuse to update![0m
-1;9  -1.95  6.15  3.05origin: 40 120  30   -1 6.2 3.1 ..10  2  1
667 10
-1;9  -1.85  6.15  3.05origin: 40 120  30   -1 6.2 3.1 ..10  2  1
667 11
-1;9  -1.75  6.15  3.05origin: 40 120  30   -1 6.2 3.1 ..10  2  1
667 12
-1;9  -1.65  6.15  3.05origin: 40 120  30   -1 6.2 3.1 ..10  2  1
667 13
-1;9  -1.55  6.15  3.05origin: 40 120  30   -1 6.2 3.1 ..10  2  1
667 14
-1;9  -1.45  6.15  3.05origin: 40 120  30   -1 6.2 3.1 ..10  2  1
667 15
-1;9  -1.35  6.15  3.05origin: 40 120  30   -1 6.2 3.1 ..10  2  1
667 16
-1;9  -1.25  6.15  3.05origin: 40 120  30   -1 6.2 3.1 ..10  2  1
667 17
-1;9  -1.15  6.15  3.05origin: 40 120  30   -1 6.2 3.1 ..10  2  1
667 18
-1;9  -1.05  6.15  3.05origin: 40 120  30   -1 6.2 3.1 ..10  2  1
667 19
-4.01155  -2.9997  0.79055[0;31m collide!!!!! [0m
[33m[WARN] [1790604320.689091464, 3.008000000]: id:1 Infeasible1! DTG refuse to update![0m
 -3.9957  2.99943 0.781925[0;31m collide!!!!! [0m
[33m[WARN] [1790604320.701584165, 3.017999999]: id:2 Infeasible1! DTG refuse to update![0m
[0;44m id:1 Partition[0m
[0;44m id:2 Partition[0m
[33m[WARN] [1790604320.714341541, 3.036999999]: id:1 LocalGVP![0m
[33m[WARN] [1790604320.714551062, 3.036999999]: id:2 LocalGVP![0m
-1;9  -2.95  6.15  3.05origin: 30 120  30   -2 6.2 3.1 ..10  2  1
666 10
-1;9  -2.85  6.15  3.05origin: 30 120  30   -2 6.2 3.1 ..10  2  1
666 11
-1;9  -2.75  6.15  3.05origin: 30 120  30   -2 6.2 3.1 ..10  2  1
666 12
-1;9  -2.65  6.15  3.05origin: 30 120  30   -2 6.2 3.1 ..10  2  1
666 13
-1;9  -2.55  6.15  3.05origin: 30 120  30   -2 6.2 3.1 ..10  2  1
666 14
-1;9  -2.45  6.15  3.05origin: 30 120  30   -2 6.2 3.1 ..10  2  1
666 15
-1;9  -2.35  6.15  3.05origin: 30 120  30   -2 6.2 3.1 ..10  2  1
666 16
-1;9  -2.25  6.15  3.05origin: 30 120  30   -2 6.2 3.1 ..10  2  1
666 17
-1;9  -2.15  6.15  3.05origin: 30 120  30   -2 6.2 3.1 ..10  2  1
666 18
-1;9  -2.05  6.15  3.05origin: 30 120  30   -2 6.2 3.1 ..10  2  1
666 19
-4.00676 -3.00568 0.849304[0;31m collide!!!!! [0m
[33m[WARN] [1790604320.893071320, 3.205999999]: id:1 Infeasible1! DTG refuse to update![0m
-3.99837  3.00435 0.841337[0;31m collide!!!!! [0m
[33m[WARN] [1790604320.902192294, 3.216000000]: id:2 Infeasible1! DTG refuse to update![0m
-3.99989 -3.00514 0.918416[0;31m collide!!!!! [0m
[33m[WARN] [1790604321.099691745, 3.413000000]: id:1 Infeasible1! DTG refuse to update![0m
-3.99242  3.00091 0.907575[0;31m collide!!!!! [0m
[33m[WARN] [1790604321.111523241, 3.423000000]: id:2 Infeasible1! DTG refuse to update![0m
-3.99783 -3.00121 0.979277[0;31m collide!!!!! [0m
[33m[WARN] [1790604321.293085143, 3.607000000]: id:1 Infeasible1! DTG refuse to update![0m
-3.99248  3.00499 0.970473[0;31m collide!!!!! [0m
[33m[WARN] [1790604321.301509437, 3.617000000]: id:2 Infeasible1! DTG refuse to update![0m
-3.99677 -2.99813  1.03646[0;31m collide!!!!! [0m
[33m[WARN] [1790604321.509793944, 3.819000000]: id:1 Infeasible1! DTG refuse to update![0m
-4.00922  2.99566  1.03789[0;31m collide!!!!! [0m
[33m[WARN] [1790604321.531800025, 3.847999999]: id:2 Infeasible1! DTG refuse to update![0m
-1;9  -1.95  6.15  3.05origin: 40 120  30   -1 6.2 3.1 ..10  2  1
667 10
-1;9  -1.85  6.15  3.05origin: 40 120  30   -1 6.2 3.1 ..10  2  1
667 11
-1;9  -1.75  6.15  3.05origin: 40 120  30   -1 6.2 3.1 ..10  2  1
667 12
-1;9  -1.65  6.15  3.05origin: 40 120  30   -1 6.2 3.1 ..10  2  1
667 13
-1;9  -1.55  6.15  3.05origin: 40 120  30   -1 6.2 3.1 ..10  2  1
667 14
-1;9  -1.45  6.15  3.05origin: 40 120  30   -1 6.2 3.1 ..10  2  1
667 15
-1;9  -1.35  6.15  3.05origin: 40 120  30   -1 6.2 3.1 ..10  2  1
667 16
-1;9  -1.25  6.15  3.05origin: 40 120  30   -1 6.2 3.1 ..10  2  1
667 17
-1;9  -1.15  6.15  3.05origin: 40 120  30   -1 6.2 3.1 ..10  2  1
667 18
-1;9  -1.05  6.15  3.05origin: 40 120  30   -1 6.2 3.1 ..10  2  1
667 19
-4.00075 -3.00015  1.09646[0;31m collide!!!!! [0m
[33m[WARN] [1790604321.711268798, 4.020999999]: id:1 Infeasible1! DTG refuse to update![0m
-4.00315  2.99551  1.08429[0;31m collide!!!!! [0m
[33m[WARN] [1790604321.723993031, 4.030000000]: id:2 Infeasible1! DTG refuse to update![0m
-1;9  -1.95  6.15  3.05origin: 40 120  30   -1 6.2 3.1 ..10  2  1
667 10
-1;9  -1.85  6.15  3.05origin: 40 120  30   -1 6.2 3.1 ..10  2  1
667 11
-1;9  -1.75  6.15  3.05origin: 40 120  30   -1 6.2 3.1 ..10  2  1
667 12
-1;9  -1.65  6.15  3.05origin: 40 120  30   -1 6.2 3.1 ..10  2  1
667 13
-1;9  -1.55  6.15  3.05origin: 40 120  30   -1 6.2 3.1 ..10  2  1
667 14
-1;9  -1.45  6.15  3.05origin: 40 120  30   -1 6.2 3.1 ..10  2  1
667 15
-1;9  -1.35  6.15  3.05origin: 40 120  30   -1 6.2 3.1 ..10  2  1
667 16
-1;9  -1.25  6.15  3.05origin: 40 120  30   -1 6.2 3.1 ..10  2  1
667 17
-1;9  -1.15  6.15  3.05origin: 40 120  30   -1 6.2 3.1 ..10  2  1
667 18
-1;9  -1.05  6.15  3.05origin: 40 120  30   -1 6.2 3.1 ..10  2  1
667 19
-3.99715 -3.00072  1.13709[0;31m collide!!!!! [0m
[33m[WARN] [1790604321.904896563, 4.213000000]: id:1 Infeasible1! DTG refuse to update![0m
-3.99507  2.99645  1.12804[0;31m collide!!!!! [0m
[33m[WARN] [1790604321.919026291, 4.222000000]: id:2 Infeasible1! DTG refuse to update![0m
-1;9  -2.95  6.15  3.05origin: 30 120  30   -2 6.2 3.1 ..10  2  1
666 10
-1;9  -2.85  6.15  3.05origin: 30 120  30   -2 6.2 3.1 ..10  2  1
666 11
-1;9  -2.75  6.15  3.05origin: 30 120  30   -2 6.2 3.1 ..10  2  1
666 12
-1;9  -2.65  6.15  3.05origin: 30 120  30   -2 6.2 3.1 ..10  2  1
666 13
-1;9  -2.55  6.15  3.05origin: 30 120  30   -2 6.2 3.1 ..10  2  1
666 14
-1;9  -2.45  6.15  3.05origin: 30 120  30   -2 6.2 3.1 ..10  2  1
666 15
-1;9  -2.35  6.15  3.05origin: 30 120  30   -2 6.2 3.1 ..10  2  1
666 16
-1;9  -2.25  6.15  3.05origin: 30 120  30   -2 6.2 3.1 ..10  2  1
666 17
-1;9  -2.15  6.15  3.05origin: 30 120  30   -2 6.2 3.1 ..10  2  1
666 18
-1;9  -2.05  6.15  3.05origin: 30 120  30   -2 6.2 3.1 ..10  2  1
666 19
-3.99372 -2.99668   1.1722[0;31m collide!!!!! [0m
[33m[WARN] [1790604322.110352198, 4.415000000]: id:1 Infeasible1! DTG refuse to update![0m
-3.99808  2.99905  1.16157[0;31m collide!!!!! [0m
[33m[WARN] [1790604322.122309174, 4.424000000]: id:2 Infeasible1! DTG refuse to update![0m
-1;9  -1.95  6.15  3.05origin: 40 120  30   -1 6.2 3.1 ..10  2  1
667 10
-1;9  -1.85  6.15  3.05origin: 40 120  30   -1 6.2 3.1 ..10  2  1
667 11
-1;9  -1.75  6.15  3.05origin: 40 120  30   -1 6.2 3.1 ..10  2  1
667 12
-1;9  -1.65  6.15  3.05origin: 40 120  30   -1 6.2 3.1 ..10  2  1
667 13
-1;9  -1.55  6.15  3.05origin: 40 120  30   -1 6.2 3.1 ..10  2  1
667 14
-1;9  -1.45  6.15  3.05origin: 40 120  30   -1 6.2 3.1 ..10  2  1
667 15
-1;9  -1.35  6.15  3.05origin: 40 120  30   -1 6.2 3.1 ..10  2  1
667 16
-1;9  -1.25  6.15  3.05origin: 40 120  30   -1 6.2 3.1 ..10  2  1
667 17
-1;9  -1.15  6.15  3.05origin: 40 120  30   -1 6.2 3.1 ..10  2  1
667 18
-1;9  -1.05  6.15  3.05origin: 40 120  30   -1 6.2 3.1 ..10  2  1
667 19
-3.99259 -2.99018  1.18514[0;31m collide!!!!! [0m
[33m[WARN] [1790604322.314786781, 4.607000000]: id:1 Infeasible1! DTG refuse to update![0m
-3.9997 3.00452 1.18473[0;31m collide!!!!! [0m
[33m[WARN] [1790604322.327352102, 4.626000000]: id:2 Infeasible1! DTG refuse to update![0m
-1;9  -1.95  6.15  3.05origin: 40 120  30   -1 6.2 3.1 ..10  2  1
667 10
-1;9  -1.85  6.15  3.05origin: 40 120  30   -1 6.2 3.1 ..10  2  1
667 11
-1;9  -1.75  6.15  3.05origin: 40 120  30   -1 6.2 3.1 ..10  2  1
667 12
-1;9  -1.65  6.15  3.05origin: 40 120  30   -1 6.2 3.1 ..10  2  1
667 13
-1;9  -1.55  6.15  3.05origin: 40 120  30   -1 6.2 3.1 ..10  2  1
667 14
-1;9  -1.45  6.15  3.05origin: 40 120  30   -1 6.2 3.1 ..10  2  1
667 15
-1;9  -1.35  6.15  3.05origin: 40 120  30   -1 6.2 3.1 ..10  2  1
667 16
-1;9  -1.25  6.15  3.05origin: 40 120  30   -1 6.2 3.1 ..10  2  1
667 17
-1;9  -1.15  6.15  3.05origin: 40 120  30   -1 6.2 3.1 ..10  2  1
667 18
-1;9  -1.05  6.15  3.05origin: 40 120  30   -1 6.2 3.1 ..10  2  1
667 19
-3.99248 -2.99214  1.20665[0;31m collide!!!!! [0m
[33m[WARN] [1790604322.522517428, 4.819000000]: id:1 Infeasible1! DTG refuse to update![0m
-3.99988  3.00047  1.20286[0;31m collide!!!!! [0m
[33m[WARN] [1790604322.532070369, 4.828000000]: id:2 Infeasible1! DTG refuse to update![0m
-1;9  -1.95  6.15  3.05origin: 40 120  30   -1 6.2 3.1 ..10  2  1
667 10
-1;9  -1.85  6.15  3.05origin: 40 120  30   -1 6.2 3.1 ..10  2  1
667 11
-1;9  -1.75  6.15  3.05origin: 40 120  30   -1 6.2 3.1 ..10  2  1
667 12
-1;9  -1.65  6.15  3.05origin: 40 120  30   -1 6.2 3.1 ..10  2  1
667 13
-1;9  -1.55  6.15  3.05origin: 40 120  30   -1 6.2 3.1 ..10  2  1
667 14
-1;9  -1.45  6.15  3.05origin: 40 120  30   -1 6.2 3.1 ..10  2  1
667 15
-1;9  -1.35  6.15  3.05origin: 40 120  30   -1 6.2 3.1 ..10  2  1
667 16
-1;9  -1.25  6.15  3.05origin: 40 120  30   -1 6.2 3.1 ..10  2  1
667 17
-1;9  -1.15  6.15  3.05origin: 40 120  30   -1 6.2 3.1 ..10  2  1
667 18
-1;9  -1.05  6.15  3.05origin: 40 120  30   -1 6.2 3.1 ..10  2  1
667 19
-3.99852 -2.99014  1.20183[0;31m collide!!!!! [0m
[33m[WARN] [1790604322.732691296, 5.011000000]: id:1 Infeasible1! DTG refuse to update![0m
-4.00218  2.99152   1.2079[0;31m collide!!!!! [0m
[33m[WARN] [1790604322.742348914, 5.030000000]: id:2 Infeasible1! DTG refuse to update![0m
-1;9  -1.95  6.15  3.05origin: 40 120  30   -1 6.2 3.1 ..10  2  1
667 10
-1;9  -1.85  6.15  3.05origin: 40 120  30   -1 6.2 3.1 ..10  2  1
667 11
-1;9  -1.75  6.15  3.05origin: 40 120  30   -1 6.2 3.1 ..10  2  1
667 12
-1;9  -1.65  6.15  3.05origin: 40 120  30   -1 6.2 3.1 ..10  2  1
667 13
-1;9  -1.55  6.15  3.05origin: 40 120  30   -1 6.2 3.1 ..10  2  1
667 14
-1;9  -1.45  6.15  3.05origin: 40 120  30   -1 6.2 3.1 ..10  2  1
667 15
-1;9  -1.35  6.15  3.05origin: 40 120  30   -1 6.2 3.1 ..10  2  1
667 16
-1;9  -1.25  6.15  3.05origin: 40 120  30   -1 6.2 3.1 ..10  2  1
667 17
-1;9  -1.15  6.15  3.05origin: 40 120  30   -1 6.2 3.1 ..10  2  1
667 18
-1;9  -1.05  6.15  3.05origin: 40 120  30   -1 6.2 3.1 ..10  2  1
667 19
-4.00487 -2.99577   1.2055[0;31m collide!!!!! [0m
[33m[WARN] [1790604322.924808598, 5.213000000]: id:1 Infeasible1! DTG refuse to update![0m
-3.99576  2.99613  1.20479[0;31m collide!!!!! [0m
[33m[WARN] [1790604322.932851368, 5.222000000]: id:2 Infeasible1! DTG refuse to update![0m
-1;9  -1.95  6.15  3.05origin: 40 120  30   -1 6.2 3.1 ..10  2  1
667 10
-1;9  -1.85  6.15  3.05origin: 40 120  30   -1 6.2 3.1 ..10  2  1
667 11
-1;9  -1.75  6.15  3.05origin: 40 120  30   -1 6.2 3.1 ..10  2  1
667 12
-1;9  -1.65  6.15  3.05origin: 40 120  30   -1 6.2 3.1 ..10  2  1
667 13
-1;9  -1.55  6.15  3.05origin: 40 120  30   -1 6.2 3.1 ..10  2  1
667 14
-1;9  -1.45  6.15  3.05origin: 40 120  30   -1 6.2 3.1 ..10  2  1
667 15
-1;9  -1.35  6.15  3.05origin: 40 120  30   -1 6.2 3.1 ..10  2  1
667 16
-1;9  -1.25  6.15  3.05origin: 40 120  30   -1 6.2 3.1 ..10  2  1
667 17
-1;9  -1.15  6.15  3.05origin: 40 120  30   -1 6.2 3.1 ..10  2  1
667 18
-1;9  -1.05  6.15  3.05origin: 40 120  30   -1 6.2 3.1 ..10  2  1
667 19
-4.00501 -3.00492  1.20771[0;31m collide!!!!! [0m
[33m[WARN] [1790604323.132845440, 5.415000000]: id:1 Infeasible1! DTG refuse to update![0m
-4.00105  2.99887  1.21405[0;31m collide!!!!! [0m
[33m[WARN] [1790604323.152308917, 5.443999999]: id:2 Infeasible1! DTG refuse to update![0m
-1;9  -1.95  6.15  3.05origin: 40 120  30   -1 6.2 3.1 ..10  2  1
667 10
-1;9  -1.85  6.15  3.05origin: 40 120  30   -1 6.2 3.1 ..10  2  1
667 11
-1;9  -1.75  6.15  3.05origin: 40 120  30   -1 6.2 3.1 ..10  2  1
667 12
-1;9  -1.65  6.15  3.05origin: 40 120  30   -1 6.2 3.1 ..10  2  1
667 13
-1;9  -1.55  6.15  3.05origin: 40 120  30   -1 6.2 3.1 ..10  2  1
667 14
-1;9  -1.45  6.15  3.05origin: 40 120  30   -1 6.2 3.1 ..10  2  1
667 15
-1;9  -1.35  6.15  3.05origin: 40 120  30   -1 6.2 3.1 ..10  2  1
667 16
-1;9  -1.25  6.15  3.05origin: 40 120  30   -1 6.2 3.1 ..10  2  1
667 17
-1;9  -1.15  6.15  3.05origin: 40 120  30   -1 6.2 3.1 ..10  2  1
667 18
-1;9  -1.05  6.15  3.05origin: 40 120  30   -1 6.2 3.1 ..10  2  1
667 19
-4.00338 -3.00364  1.19954[0;31m collide!!!!! [0m
[33m[WARN] [1790604323.333220702, 5.617000000]: id:1 Infeasible1! DTG refuse to update![0m
-3.99875  3.00269  1.20272[0;31m collide!!!!! [0m
[33m[WARN] [1790604323.344831922, 5.626000000]: id:2 Infeasible1! DTG refuse to update![0m
-1;9  -1.95  6.15  3.05origin: 40 120  30   -1 6.2 3.1 ..10  2  1
667 10
-1;9  -1.85  6.15  3.05origin: 40 120  30   -1 6.2 3.1 ..10  2  1
667 11
-1;9  -1.75  6.15  3.05origin: 40 120  30   -1 6.2 3.1 ..10  2  1
667 12
-1;9  -1.65  6.15  3.05origin: 40 120  30   -1 6.2 3.1 ..10  2  1
667 13
-1;9  -1.55  6.15  3.05origin: 40 120  30   -1 6.2 3.1 ..10  2  1
667 14
-1;9  -1.45  6.15  3.05origin: 40 120  30   -1 6.2 3.1 ..10  2  1
667 15
-1;9  -1.35  6.15  3.05origin: 40 120  30   -1 6.2 3.1 ..10  2  1
667 16
-1;9  -1.25  6.15  3.05origin: 40 120  30   -1 6.2 3.1 ..10  2  1
667 17
-1;9  -1.15  6.15  3.05origin: 40 120  30   -1 6.2 3.1 ..10  2  1
667 18
-1;9  -1.05  6.15  3.05origin: 40 120  30   -1 6.2 3.1 ..10  2  1
667 19
-1;9  -2.95  6.15  3.05origin: 30 120  30   -2 6.2 3.1 ..10  2  1
666 10
-1;9  -2.85  6.15  3.05origin: 30 120  30   -2 6.2 3.1 ..10  2  1
666 11
-1;9  -2.75  6.15  3.05origin: 30 120  30   -2 6.2 3.1 ..10  2  1
666 12
-1;9  -2.65  6.15  3.05origin: 30 120  30   -2 6.2 3.1 ..10  2  1
666 13
-1;9  -2.55  6.15  3.05origin: 30 120  30   -2 6.2 3.1 ..10  2  1
666 14
-1;9  -2.45  6.15  3.05origin: 30 120  30   -2 6.2 3.1 ..10  2  1
666 15
-1;9  -2.35  6.15  3.05origin: 30 120  30   -2 6.2 3.1 ..10  2  1
666 16
-1;9  -2.25  6.15  3.05origin: 30 120  30   -2 6.2 3.1 ..10  2  1
666 17
-1;9  -2.15  6.15  3.05origin: 30 120  30   -2 6.2 3.1 ..10  2  1
666 18
-1;9  -2.05  6.15  3.05origin: 30 120  30   -2 6.2 3.1 ..10  2  1
666 19
-3.99994 -3.00379  1.21196[0;31m collide!!!!! [0m
[33m[WARN] [1790604323.542762212, 5.809000000]: id:1 Infeasible1! DTG refuse to update![0m
-4.00862  2.99481  1.20357[0;31m collide!!!!! [0m
[33m[WARN] [1790604323.556302938, 5.828000000]: id:2 Infeasible1! DTG refuse to update![0m
-1;9  -1.95  6.15  3.05origin: 40 120  30   -1 6.2 3.1 ..10  2  1
667 10
-1;9  -1.85  6.15  3.05origin: 40 120  30   -1 6.2 3.1 ..10  2  1
667 11
-1;9  -1.75  6.15  3.05origin: 40 120  30   -1 6.2 3.1 ..10  2  1
667 12
-1;9  -1.65  6.15  3.05origin: 40 120  30   -1 6.2 3.1 ..10  2  1
667 13
-1;9  -1.55  6.15  3.05origin: 40 120  30   -1 6.2 3.1 ..10  2  1
667 14
-1;9  -1.45  6.15  3.05origin: 40 120  30   -1 6.2 3.1 ..10  2  1
667 15
-1;9  -1.35  6.15  3.05origin: 40 120  30   -1 6.2 3.1 ..10  2  1
667 16
-1;9  -1.25  6.15  3.05origin: 40 120  30   -1 6.2 3.1 ..10  2  1
667 17
-1;9  -1.15  6.15  3.05origin: 40 120  30   -1 6.2 3.1 ..10  2  1
667 18
-1;9  -1.05  6.15  3.05origin: 40 120  30   -1 6.2 3.1 ..10  2  1
667 19
-1;9  -2.95  6.15  3.05origin: 30 120  30   -2 6.2 3.1 ..10  2  1
666 10
-1;9  -2.85  6.15  3.05origin: 30 120  30   -2 6.2 3.1 ..10  2  1
666 11
-1;9  -2.75  6.15  3.05origin: 30 120  30   -2 6.2 3.1 ..10  2  1
666 12
-1;9  -2.65  6.15  3.05origin: 30 120  30   -2 6.2 3.1 ..10  2  1
666 13
-1;9  -2.55  6.15  3.05origin: 30 120  30   -2 6.2 3.1 ..10  2  1
666 14
-1;9  -2.45  6.15  3.05origin: 30 120  30   -2 6.2 3.1 ..10  2  1
666 15
-1;9  -2.35  6.15  3.05origin: 30 120  30   -2 6.2 3.1 ..10  2  1
666 16
-1;9  -2.25  6.15  3.05origin: 30 120  30   -2 6.2 3.1 ..10  2  1
666 17
-1;9  -2.15  6.15  3.05origin: 30 120  30   -2 6.2 3.1 ..10  2  1
666 18
-1;9  -2.05  6.15  3.05origin: 30 120  30   -2 6.2 3.1 ..10  2  1
666 19
-3.99442 -3.00411  1.20283[0;31m collide!!!!! [0m
[33m[WARN] [1790604323.746124385, 6.011000000]: id:1 Infeasible1! DTG refuse to update![0m
-3.99744  2.99496  1.20991[0;31m collide!!!!! [0m
[33m[WARN] [1790604323.755266412, 6.011000000]: id:2 Infeasible1! DTG refuse to update![0m
[0;44m id:2 Partition[0m
[33m[WARN] [1790604323.798150760, 6.068999999]: id:2 LocalGVP![0m
[0;44m id:1 Partition[0m
[33m[WARN] [1790604323.798907763, 6.068999999]: id:1 LocalGVP![0m
-1;9  -1.95  6.15  3.05origin: 40 120  30   -1 6.2 3.1 ..10  2  1
667 10
-1;9  -1.85  6.15  3.05origin: 40 120  30   -1 6.2 3.1 ..10  2  1
667 11
-1;9  -1.75  6.15  3.05origin: 40 120  30   -1 6.2 3.1 ..10  2  1
667 12
-1;9  -1.65  6.15  3.05origin: 40 120  30   -1 6.2 3.1 ..10  2  1
667 13
-1;9  -1.55  6.15  3.05origin: 40 120  30   -1 6.2 3.1 ..10  2  1
667 14
-1;9  -1.45  6.15  3.05origin: 40 120  30   -1 6.2 3.1 ..10  2  1
667 15
-1;9  -1.35  6.15  3.05origin: 40 120  30   -1 6.2 3.1 ..10  2  1
667 16
-1;9  -1.25  6.15  3.05origin: 40 120  30   -1 6.2 3.1 ..10  2  1
667 17
-1;9  -1.15  6.15  3.05origin: 40 120  30   -1 6.2 3.1 ..10  2  1
667 18
-1;9  -1.05  6.15  3.05origin: 40 120  30   -1 6.2 3.1 ..10  2  1
667 19
-1;9  -2.95  6.15  3.05origin: 30 120  30   -2 6.2 3.1 ..10  2  1
666 10
-1;9  -2.85  6.15  3.05origin: 30 120  30   -2 6.2 3.1 ..10  2  1
666 11
-1;9  -2.75  6.15  3.05origin: 30 120  30   -2 6.2 3.1 ..10  2  1
666 12
-1;9  -2.65  6.15  3.05origin: 30 120  30   -2 6.2 3.1 ..10  2  1
666 13
-1;9  -2.55  6.15  3.05origin: 30 120  30   -2 6.2 3.1 ..10  2  1
666 14
-1;9  -2.45  6.15  3.05origin: 30 120  30   -2 6.2 3.1 ..10  2  1
666 15
-1;9  -2.35  6.15  3.05origin: 30 120  30   -2 6.2 3.1 ..10  2  1
666 16
-1;9  -2.25  6.15  3.05origin: 30 120  30   -2 6.2 3.1 ..10  2  1
666 17
-1;9  -2.15  6.15  3.05origin: 30 120  30   -2 6.2 3.1 ..10  2  1
666 18
-1;9  -2.05  6.15  3.05origin: 30 120  30   -2 6.2 3.1 ..10  2  1
666 19
 -3.9974 -2.99735  1.20632[0;31m collide!!!!! [0m
[33m[WARN] [1790604323.951827268, 6.213000000]: id:1 Infeasible1! DTG refuse to update![0m
-3.99748  2.99807  1.19656[0;31m collide!!!!! [0m
[33m[WARN] [1790604323.964501060, 6.232000000]: id:2 Infeasible1! DTG refuse to update![0m
-1;9  -1.95  6.15  3.05origin: 40 120  30   -1 6.2 3.1 ..10  2  1
667 10
-1;9  -1.85  6.15  3.05origin: 40 120  30   -1 6.2 3.1 ..10  2  1
667 11
-1;9  -1.75  6.15  3.05origin: 40 120  30   -1 6.2 3.1 ..10  2  1
667 12
-1;9  -1.65  6.15  3.05origin: 40 120  30   -1 6.2 3.1 ..10  2  1
667 13
-1;9  -1.55  6.15  3.05origin: 40 120  30   -1 6.2 3.1 ..10  2  1
667 14
-1;9  -1.45  6.15  3.05origin: 40 120  30   -1 6.2 3.1 ..10  2  1
667 15
-1;9  -1.35  6.15  3.05origin: 40 120  30   -1 6.2 3.1 ..10  2  1
667 16
-1;9  -1.25  6.15  3.05origin: 40 120  30   -1 6.2 3.1 ..10  2  1
667 17
-1;9  -1.15  6.15  3.05origin: 40 120  30   -1 6.2 3.1 ..10  2  1
667 18
-1;9  -1.05  6.15  3.05origin: 40 120  30   -1 6.2 3.1 ..10  2  1
667 19
-1;9  -2.95  6.15  3.05origin: 30 120  30   -2 6.2 3.1 ..10  2  1
666 10
-1;9  -2.85  6.15  3.05origin: 30 120  30   -2 6.2 3.1 ..10  2  1
666 11
-1;9  -2.75  6.15  3.05origin: 30 120  30   -2 6.2 3.1 ..10  2  1
666 12
-1;9  -2.65  6.15  3.05origin: 30 120  30   -2 6.2 3.1 ..10  2  1
666 13
-1;9  -2.55  6.15  3.05origin: 30 120  30   -2 6.2 3.1 ..10  2  1
666 14
-1;9  -2.45  6.15  3.05origin: 30 120  30   -2 6.2 3.1 ..10  2  1
666 15
-1;9  -2.35  6.15  3.05origin: 30 120  30   -2 6.2 3.1 ..10  2  1
666 16
-1;9  -2.25  6.15  3.05origin: 30 120  30   -2 6.2 3.1 ..10  2  1
666 17
-1;9  -2.15  6.15  3.05origin: 30 120  30   -2 6.2 3.1 ..10  2  1
666 18
-1;9  -2.05  6.15  3.05origin: 30 120  30   -2 6.2 3.1 ..10  2  1
666 19
-4.00693 -2.99608  1.19883[0;31m collide!!!!! [0m
[33m[WARN] [1790604324.148535948, 6.405000000]: id:1 Infeasible1! DTG refuse to update![0m
-3.98814  3.00225  1.20219[0;31m collide!!!!! [0m
[33m[WARN] [1790604324.161197234, 6.424000000]: id:2 Infeasible1! DTG refuse to update![0m
-1;9  -1.95  6.15  3.05origin: 40 120  30   -1 6.2 3.1 ..10  2  1
667 10
-1;9  -1.85  6.15  3.05origin: 40 120  30   -1 6.2 3.1 ..10  2  1
667 11
-1;9  -1.75  6.15  3.05origin: 40 120  30   -1 6.2 3.1 ..10  2  1
667 12
-1;9  -1.65  6.15  3.05origin: 40 120  30   -1 6.2 3.1 ..10  2  1
667 13
-1;9  -1.55  6.15  3.05origin: 40 120  30   -1 6.2 3.1 ..10  2  1
667 14
-1;9  -1.45  6.15  3.05origin: 40 120  30   -1 6.2 3.1 ..10  2  1
667 15
-1;9  -1.35  6.15  3.05origin: 40 120  30   -1 6.2 3.1 ..10  2  1
667 16
-1;9  -1.25  6.15  3.05origin: 40 120  30   -1 6.2 3.1 ..10  2  1
667 17
-1;9  -1.15  6.15  3.05origin: 40 120  30   -1 6.2 3.1 ..10  2  1
667 18
-1;9  -1.05  6.15  3.05origin: 40 120  30   -1 6.2 3.1 ..10  2  1
667 19
-1;9  -2.95  6.15  3.05origin: 30 120  30   -2 6.2 3.1 ..10  2  1
666 10
-1;9  -2.85  6.15  3.05origin: 30 120  30   -2 6.2 3.1 ..10  2  1
666 11
-1;9  -2.75  6.15  3.05origin: 30 120  30   -2 6.2 3.1 ..10  2  1
666 12
-1;9  -2.65  6.15  3.05origin: 30 120  30   -2 6.2 3.1 ..10  2  1
666 13
-1;9  -2.55  6.15  3.05origin: 30 120  30   -2 6.2 3.1 ..10  2  1
666 14
-1;9  -2.45  6.15  3.05origin: 30 120  30   -2 6.2 3.1 ..10  2  1
666 15
-1;9  -2.35  6.15  3.05origin: 30 120  30   -2 6.2 3.1 ..10  2  1
666 16
-1;9  -2.25  6.15  3.05origin: 30 120  30   -2 6.2 3.1 ..10  2  1
666 17
-1;9  -2.15  6.15  3.05origin: 30 120  30   -2 6.2 3.1 ..10  2  1
666 18
-1;9  -2.05  6.15  3.05origin: 30 120  30   -2 6.2 3.1 ..10  2  1
666 19
-4.00269 -2.99951  1.20354[0;31m collide!!!!! [0m
[33m[WARN] [1790604324.356821206, 6.617000000]: id:1 Infeasible1! DTG refuse to update![0m
-3.99411  3.00579  1.19772[0;31m collide!!!!! [0m
[33m[WARN] [1790604324.367074621, 6.626000000]: id:2 Infeasible1! DTG refuse to update![0m
-1;9  -1.95  6.15  3.05origin: 40 120  30   -1 6.2 3.1 ..10  2  1
667 10
-1;9  -1.85  6.15  3.05origin: 40 120  30   -1 6.2 3.1 ..10  2  1
667 11
-1;9  -1.75  6.15  3.05origin: 40 120  30   -1 6.2 3.1 ..10  2  1
667 12
-1;9  -1.65  6.15  3.05origin: 40 120  30   -1 6.2 3.1 ..10  2  1
667 13
-1;9  -1.55  6.15  3.05origin: 40 120  30   -1 6.2 3.1 ..10  2  1
667 14
-1;9  -1.45  6.15  3.05origin: 40 120  30   -1 6.2 3.1 ..10  2  1
667 15
-1;9  -1.35  6.15  3.05origin: 40 120  30   -1 6.2 3.1 ..10  2  1
667 16
-1;9  -1.25  6.15  3.05origin: 40 120  30   -1 6.2 3.1 ..10  2  1
667 17
-1;9  -1.15  6.15  3.05origin: 40 120  30   -1 6.2 3.1 ..10  2  1
667 18
-1;9  -1.05  6.15  3.05origin: 40 120  30   -1 6.2 3.1 ..10  2  1
667 19
-1;9  -2.95  6.15  3.05origin: 30 120  30   -2 6.2 3.1 ..10  2  1
666 10
-1;9  -2.85  6.15  3.05origin: 30 120  30   -2 6.2 3.1 ..10  2  1
666 11
-1;9  -2.75  6.15  3.05origin: 30 120  30   -2 6.2 3.1 ..10  2  1
666 12
-1;9  -2.65  6.15  3.05origin: 30 120  30   -2 6.2 3.1 ..10  2  1
666 13
-1;9  -2.55  6.15  3.05origin: 30 120  30   -2 6.2 3.1 ..10  2  1
666 14
-1;9  -2.45  6.15  3.05origin: 30 120  30   -2 6.2 3.1 ..10  2  1
666 15
-1;9  -2.35  6.15  3.05origin: 30 120  30   -2 6.2 3.1 ..10  2  1
666 16
-1;9  -2.25  6.15  3.05origin: 30 120  30   -2 6.2 3.1 ..10  2  1
666 17
-1;9  -2.15  6.15  3.05origin: 30 120  30   -2 6.2 3.1 ..10  2  1
666 18
-1;9  -2.05  6.15  3.05origin: 30 120  30   -2 6.2 3.1 ..10  2  1
666 19
-3.99832 -2.99608  1.20652[0;31m collide!!!!! [0m
[33m[WARN] [1790604324.564725564, 6.809000000]: id:1 Infeasible1! DTG refuse to update![0m
-3.99848  3.00424  1.20607[0;31m collide!!!!! [0m
[33m[WARN] [1790604324.569030174, 6.819000000]: id:2 Infeasible1! DTG refuse to update![0m
-1;9  -1.95  6.15  3.05origin: 40 120  30   -1 6.2 3.1 ..10  2  1
667 10
-1;9  -1.85  6.15  3.05origin: 40 120  30   -1 6.2 3.1 ..10  2  1
667 11
-1;9  -1.75  6.15  3.05origin: 40 120  30   -1 6.2 3.1 ..10  2  1
667 12
-1;9  -1.65  6.15  3.05origin: 40 120  30   -1 6.2 3.1 ..10  2  1
667 13
-1;9  -1.55  6.15  3.05origin: 40 120  30   -1 6.2 3.1 ..10  2  1
667 14
-1;9  -1.45  6.15  3.05origin: 40 120  30   -1 6.2 3.1 ..10  2  1
667 15
-1;9  -1.35  6.15  3.05origin: 40 120  30   -1 6.2 3.1 ..10  2  1
667 16
-1;9  -1.25  6.15  3.05origin: 40 120  30   -1 6.2 3.1 ..10  2  1
667 17
-1;9  -1.15  6.15  3.05origin: 40 120  30   -1 6.2 3.1 ..10  2  1
667 18
-1;9  -1.05  6.15  3.05origin: 40 120  30   -1 6.2 3.1 ..10  2  1
667 19
-1;9  -2.95  6.15  3.05origin: 30 120  30   -2 6.2 3.1 ..10  2  1
666 10
-1;9  -2.85  6.15  3.05origin: 30 120  30   -2 6.2 3.1 ..10  2  1
666 11
-1;9  -2.75  6.15  3.05origin: 30 120  30   -2 6.2 3.1 ..10  2  1
666 12
-1;9  -2.65  6.15  3.05origin: 30 120  30   -2 6.2 3.1 ..10  2  1
666 13
-1;9  -2.55  6.15  3.05origin: 30 120  30   -2 6.2 3.1 ..10  2  1
666 14
-1;9  -2.45  6.15  3.05origin: 30 120  30   -2 6.2 3.1 ..10  2  1
666 15
-1;9  -2.35  6.15  3.05origin: 30 120  30   -2 6.2 3.1 ..10  2  1
666 16
-1;9  -2.25  6.15  3.05origin: 30 120  30   -2 6.2 3.1 ..10  2  1
666 17
-1;9  -2.15  6.15  3.05origin: 30 120  30   -2 6.2 3.1 ..10  2  1
666 18
-1;9  -2.05  6.15  3.05origin: 30 120  30   -2 6.2 3.1 ..10  2  1
666 19
-4.00347 -3.00096  1.19703[0;31m collide!!!!! [0m
[33m[WARN] [1790604324.767619002, 7.011000000]: id:1 Infeasible1! DTG refuse to update![0m
-4.00083  3.01031  1.21228[0;31m collide!!!!! [0m
[33m[WARN] [1790604324.779667523, 7.030000000]: id:2 Infeasible1! DTG refuse to update![0m
-1;9  -1.95  6.15  3.05origin: 40 120  30   -1 6.2 3.1 ..10  2  1
667 10
-1;9  -1.85  6.15  3.05origin: 40 120  30   -1 6.2 3.1 ..10  2  1
667 11
-1;9  -1.75  6.15  3.05origin: 40 120  30   -1 6.2 3.1 ..10  2  1
667 12
-1;9  -1.65  6.15  3.05origin: 40 120  30   -1 6.2 3.1 ..10  2  1
667 13
-1;9  -1.55  6.15  3.05origin: 40 120  30   -1 6.2 3.1 ..10  2  1
667 14
-1;9  -1.45  6.15  3.05origin: 40 120  30   -1 6.2 3.1 ..10  2  1
667 15
-1;9  -1.35  6.15  3.05origin: 40 120  30   -1 6.2 3.1 ..10  2  1
667 16
-1;9  -1.25  6.15  3.05origin: 40 120  30   -1 6.2 3.1 ..10  2  1
667 17
-1;9  -1.15  6.15  3.05origin: 40 120  30   -1 6.2 3.1 ..10  2  1
667 18
-1;9  -1.05  6.15  3.05origin: 40 120  30   -1 6.2 3.1 ..10  2  1
667 19
-1;9  -2.95  6.15  3.05origin: 30 120  30   -2 6.2 3.1 ..10  2  1
666 10
-1;9  -2.85  6.15  3.05origin: 30 120  30   -2 6.2 3.1 ..10  2  1
666 11
-1;9  -2.75  6.15  3.05origin: 30 120  30   -2 6.2 3.1 ..10  2  1
666 12
-1;9  -2.65  6.15  3.05origin: 30 120  30   -2 6.2 3.1 ..10  2  1
666 13
-1;9  -2.55  6.15  3.05origin: 30 120  30   -2 6.2 3.1 ..10  2  1
666 14
-1;9  -2.45  6.15  3.05origin: 30 120  30   -2 6.2 3.1 ..10  2  1
666 15
-1;9  -2.35  6.15  3.05origin: 30 120  30   -2 6.2 3.1 ..10  2  1
666 16
-1;9  -2.25  6.15  3.05origin: 30 120  30   -2 6.2 3.1 ..10  2  1
666 17
-1;9  -2.15  6.15  3.05origin: 30 120  30   -2 6.2 3.1 ..10  2  1
666 18
-1;9  -2.05  6.15  3.05origin: 30 120  30   -2 6.2 3.1 ..10  2  1
666 19
-1;9  -5.95  6.15  3.05origin:  0 120  30   -5 6.2 3.1 ..10  2  1
663 10
-1;9  -5.85  6.15  3.05origin:  0 120  30   -5 6.2 3.1 ..10  2  1
663 11
-1;9  -5.75  6.15  3.05origin:  0 120  30   -5 6.2 3.1 ..10  2  1
663 12
-1;9  -5.65  6.15  3.05origin:  0 120  30   -5 6.2 3.1 ..10  2  1
663 13
-1;9  -5.55  6.15  3.05origin:  0 120  30   -5 6.2 3.1 ..10  2  1
663 14
-1;9  -5.45  6.15  3.05origin:  0 120  30   -5 6.2 3.1 ..10  2  1
663 15
-1;9  -5.35  6.15  3.05origin:  0 120  30   -5 6.2 3.1 ..10  2  1
663 16
-1;9  -5.25  6.15  3.05origin:  0 120  30   -5 6.2 3.1 ..10  2  1
663 17
-1;9  -5.15  6.15  3.05origin:  0 120  30   -5 6.2 3.1 ..10  2  1
663 18
-1;9  -5.05  6.15  3.05origin:  0 120  30   -5 6.2 3.1 ..10  2  1
663 19
 -4.0054 -3.00625  1.19915[0;31m collide!!!!! [0m
[33m[WARN] [1790604324.966652344, 7.213000000]: id:1 Infeasible1! DTG refuse to update![0m
-4.00389  3.00757  1.19708[0;31m collide!!!!! [0m
[33m[WARN] [1790604324.977983257, 7.222000000]: id:2 Infeasible1! DTG refuse to update![0m
-1;9  -1.95  6.15  3.05origin: 40 120  30   -1 6.2 3.1 ..10  2  1
667 10
-1;9  -1.85  6.15  3.05origin: 40 120  30   -1 6.2 3.1 ..10  2  1
667 11
-1;9  -1.75  6.15  3.05origin: 40 120  30   -1 6.2 3.1 ..10  2  1
667 12
-1;9  -1.65  6.15  3.05origin: 40 120  30   -1 6.2 3.1 ..10  2  1
667 13
-1;9  -1.55  6.15  3.05origin: 40 120  30   -1 6.2 3.1 ..10  2  1
667 14
-1;9  -1.45  6.15  3.05origin: 40 120  30   -1 6.2 3.1 ..10  2  1
667 15
-1;9  -1.35  6.15  3.05origin: 40 120  30   -1 6.2 3.1 ..10  2  1
667 16
-1;9  -1.25  6.15  3.05origin: 40 120  30   -1 6.2 3.1 ..10  2  1
667 17
-1;9  -1.15  6.15  3.05origin: 40 120  30   -1 6.2 3.1 ..10  2  1
667 18
-1;9  -1.05  6.15  3.05origin: 40 120  30   -1 6.2 3.1 ..10  2  1
667 19
-1;9  -2.95  6.15  3.05origin: 30 120  30   -2 6.2 3.1 ..10  2  1
666 10
-1;9  -2.85  6.15  3.05origin: 30 120  30   -2 6.2 3.1 ..10  2  1
666 11
-1;9  -2.75  6.15  3.05origin: 30 120  30   -2 6.2 3.1 ..10  2  1
666 12
-1;9  -2.65  6.15  3.05origin: 30 120  30   -2 6.2 3.1 ..10  2  1
666 13
-1;9  -2.55  6.15  3.05origin: 30 120  30   -2 6.2 3.1 ..10  2  1
666 14
-1;9  -2.45  6.15  3.05origin: 30 120  30   -2 6.2 3.1 ..10  2  1
666 15
-1;9  -2.35  6.15  3.05origin: 30 120  30   -2 6.2 3.1 ..10  2  1
666 16
-1;9  -2.25  6.15  3.05origin: 30 120  30   -2 6.2 3.1 ..10  2  1
666 17
-1;9  -2.15  6.15  3.05origin: 30 120  30   -2 6.2 3.1 ..10  2  1
666 18
-1;9  -2.05  6.15  3.05origin: 30 120  30   -2 6.2 3.1 ..10  2  1
666 19
-1;9  -5.95  6.15  3.05origin:  0 120  30   -5 6.2 3.1 ..10  2  1
663 10
-1;9  -5.85  6.15  3.05origin:  0 120  30   -5 6.2 3.1 ..10  2  1
663 11
-1;9  -5.75  6.15  3.05origin:  0 120  30   -5 6.2 3.1 ..10  2  1
663 12
-1;9  -5.65  6.15  3.05origin:  0 120  30   -5 6.2 3.1 ..10  2  1
663 13
-1;9  -5.55  6.15  3.05origin:  0 120  30   -5 6.2 3.1 ..10  2  1
663 14
-1;9  -5.45  6.15  3.05origin:  0 120  30   -5 6.2 3.1 ..10  2  1
663 15
-1;9  -5.35  6.15  3.05origin:  0 120  30   -5 6.2 3.1 ..10  2  1
663 16
-1;9  -5.25  6.15  3.05origin:  0 120  30   -5 6.2 3.1 ..10  2  1
663 17
-1;9  -5.15  6.15  3.05origin:  0 120  30   -5 6.2 3.1 ..10  2  1
663 18
-1;9  -5.05  6.15  3.05origin:  0 120  30   -5 6.2 3.1 ..10  2  1
663 19
-3.99443 -3.00632  1.19823[0;31m collide!!!!! [0m
[33m[WARN] [1790604325.174596223, 7.415000000]: id:1 Infeasible1! DTG refuse to update![0m
-3.99588  3.00253  1.20455[0;31m collide!!!!! [0m
[33m[WARN] [1790604325.195597718, 7.434000000]: id:2 Infeasible1! DTG refuse to update![0m
-1;9  -1.95  6.15  3.05origin: 40 120  30   -1 6.2 3.1 ..10  2  1
667 10
-1;9  -1.85  6.15  3.05origin: 40 120  30   -1 6.2 3.1 ..10  2  1
667 11
-1;9  -1.75  6.15  3.05origin: 40 120  30   -1 6.2 3.1 ..10  2  1
667 12
-1;9  -1.65  6.15  3.05origin: 40 120  30   -1 6.2 3.1 ..10  2  1
667 13
-1;9  -1.55  6.15  3.05origin: 40 120  30   -1 6.2 3.1 ..10  2  1
667 14
-1;9  -1.45  6.15  3.05origin: 40 120  30   -1 6.2 3.1 ..10  2  1
667 15
-1;9  -1.35  6.15  3.05origin: 40 120  30   -1 6.2 3.1 ..10  2  1
667 16
-1;9  -1.25  6.15  3.05origin: 40 120  30   -1 6.2 3.1 ..10  2  1
667 17
-1;9  -1.15  6.15  3.05origin: 40 120  30   -1 6.2 3.1 ..10  2  1
667 18
-1;9  -1.05  6.15  3.05origin: 40 120  30   -1 6.2 3.1 ..10  2  1
667 19
-1;9  -2.95  6.15  3.05origin: 30 120  30   -2 6.2 3.1 ..10  2  1
666 10
-1;9  -2.85  6.15  3.05origin: 30 120  30   -2 6.2 3.1 ..10  2  1
666 11
-1;9  -2.75  6.15  3.05origin: 30 120  30   -2 6.2 3.1 ..10  2  1
666 12
-1;9  -2.65  6.15  3.05origin: 30 120  30   -2 6.2 3.1 ..10  2  1
666 13
-1;9  -2.55  6.15  3.05origin: 30 120  30   -2 6.2 3.1 ..10  2  1
666 14
-1;9  -2.45  6.15  3.05origin: 30 120  30   -2 6.2 3.1 ..10  2  1
666 15
-1;9  -2.35  6.15  3.05origin: 30 120  30   -2 6.2 3.1 ..10  2  1
666 16
-1;9  -2.25  6.15  3.05origin: 30 120  30   -2 6.2 3.1 ..10  2  1
666 17
-1;9  -2.15  6.15  3.05origin: 30 120  30   -2 6.2 3.1 ..10  2  1
666 18
-1;9  -2.05  6.15  3.05origin: 30 120  30   -2 6.2 3.1 ..10  2  1
666 19
-1;9  -5.95  6.15  3.05origin:  0 120  30   -5 6.2 3.1 ..10  2  1
663 10
-1;9  -5.85  6.15  3.05origin:  0 120  30   -5 6.2 3.1 ..10  2  1
663 11
-1;9  -5.75  6.15  3.05origin:  0 120  30   -5 6.2 3.1 ..10  2  1
663 12
-1;9  -5.65  6.15  3.05origin:  0 120  30   -5 6.2 3.1 ..10  2  1
663 13
-1;9  -5.55  6.15  3.05origin:  0 120  30   -5 6.2 3.1 ..10  2  1
663 14
-1;9  -5.45  6.15  3.05origin:  0 120  30   -5 6.2 3.1 ..10  2  1
663 15
-1;9  -5.35  6.15  3.05origin:  0 120  30   -5 6.2 3.1 ..10  2  1
663 16
-1;9  -5.25  6.15  3.05origin:  0 120  30   -5 6.2 3.1 ..10  2  1
663 17
-1;9  -5.15  6.15  3.05origin:  0 120  30   -5 6.2 3.1 ..10  2  1
663 18
-1;9  -5.05  6.15  3.05origin:  0 120  30   -5 6.2 3.1 ..10  2  1
663 19
-3.99158 -3.01126  1.19884[0;31m collide!!!!! [0m
[33m[WARN] [1790604325.387300522, 7.617000000]: id:1 Infeasible1! DTG refuse to update![0m
-4.00084  3.00078  1.20889[0;31m collide!!!!! [0m
[33m[WARN] [1790604325.398573155, 7.617000000]: id:2 Infeasible1! DTG refuse to update![0m
-1;9  -2.95  6.15  3.05origin: 30 120  30   -2 6.2 3.1 ..10  2  1
666 10
-1;9  -2.85  6.15  3.05origin: 30 120  30   -2 6.2 3.1 ..10  2  1
666 11
-1;9  -2.75  6.15  3.05origin: 30 120  30   -2 6.2 3.1 ..10  2  1
666 12
-1;9  -2.65  6.15  3.05origin: 30 120  30   -2 6.2 3.1 ..10  2  1
666 13
-1;9  -2.55  6.15  3.05origin: 30 120  30   -2 6.2 3.1 ..10  2  1
666 14
-1;9  -2.45  6.15  3.05origin: 30 120  30   -2 6.2 3.1 ..10  2  1
666 15
-1;9  -2.35  6.15  3.05origin: 30 120  30   -2 6.2 3.1 ..10  2  1
666 16
-1;9  -2.25  6.15  3.05origin: 30 120  30   -2 6.2 3.1 ..10  2  1
666 17
-1;9  -2.15  6.15  3.05origin: 30 120  30   -2 6.2 3.1 ..10  2  1
666 18
-1;9  -2.05  6.15  3.05origin: 30 120  30   -2 6.2 3.1 ..10  2  1
666 19
-1;9  -5.95  6.15  3.05origin:  0 120  30   -5 6.2 3.1 ..10  2  1
663 10
-1;9  -5.85  6.15  3.05origin:  0 120  30   -5 6.2 3.1 ..10  2  1
663 11
-1;9  -5.75  6.15  3.05origin:  0 120  30   -5 6.2 3.1 ..10  2  1
663 12
-1;9  -5.65  6.15  3.05origin:  0 120  30   -5 6.2 3.1 ..10  2  1
663 13
-1;9  -5.55  6.15  3.05origin:  0 120  30   -5 6.2 3.1 ..10  2  1
663 14
-1;9  -5.45  6.15  3.05origin:  0 120  30   -5 6.2 3.1 ..10  2  1
663 15
-1;9  -5.35  6.15  3.05origin:  0 120  30   -5 6.2 3.1 ..10  2  1
663 16
-1;9  -5.25  6.15  3.05origin:  0 120  30   -5 6.2 3.1 ..10  2  1
663 17
-1;9  -5.15  6.15  3.05origin:  0 120  30   -5 6.2 3.1 ..10  2  1
663 18
-1;9  -5.05  6.15  3.05origin:  0 120  30   -5 6.2 3.1 ..10  2  1
663 19
-4.00288 -3.01096  1.19185[0;31m collide!!!!! [0m
[33m[WARN] [1790604325.602191205, 7.809000000]: id:1 Infeasible1! DTG refuse to update![0m
-4.0022 3.00717 1.20408[0;31m collide!!!!! [0m
[33m[WARN] [1790604325.608571894, 7.828000000]: id:2 Infeasible1! DTG refuse to update![0m
-1;9  -1.95  6.15  3.05origin: 40 120  30   -1 6.2 3.1 ..10  2  1
667 10
-1;9  -1.85  6.15  3.05origin: 40 120  30   -1 6.2 3.1 ..10  2  1
667 11
-1;9  -1.75  6.15  3.05origin: 40 120  30   -1 6.2 3.1 ..10  2  1
667 12
-1;9  -1.65  6.15  3.05origin: 40 120  30   -1 6.2 3.1 ..10  2  1
667 13
-1;9  -1.55  6.15  3.05origin: 40 120  30   -1 6.2 3.1 ..10  2  1
667 14
-1;9  -1.45  6.15  3.05origin: 40 120  30   -1 6.2 3.1 ..10  2  1
667 15
-1;9  -1.35  6.15  3.05origin: 40 120  30   -1 6.2 3.1 ..10  2  1
667 16
-1;9  -1.25  6.15  3.05origin: 40 120  30   -1 6.2 3.1 ..10  2  1
667 17
-1;9  -1.15  6.15  3.05origin: 40 120  30   -1 6.2 3.1 ..10  2  1
667 18
-1;9  -1.05  6.15  3.05origin: 40 120  30   -1 6.2 3.1 ..10  2  1
667 19
-1;9  -2.95  6.15  3.05origin: 30 120  30   -2 6.2 3.1 ..10  2  1
666 10
-1;9  -2.85  6.15  3.05origin: 30 120  30   -2 6.2 3.1 ..10  2  1
666 11
-1;9  -2.75  6.15  3.05origin: 30 120  30   -2 6.2 3.1 ..10  2  1
666 12
-1;9  -2.65  6.15  3.05origin: 30 120  30   -2 6.2 3.1 ..10  2  1
666 13
-1;9  -2.55  6.15  3.05origin: 30 120  30   -2 6.2 3.1 ..10  2  1
666 14
-1;9  -2.45  6.15  3.05origin: 30 120  30   -2 6.2 3.1 ..10  2  1
666 15
-1;9  -2.35  6.15  3.05origin: 30 120  30   -2 6.2 3.1 ..10  2  1
666 16
-1;9  -2.25  6.15  3.05origin: 30 120  30   -2 6.2 3.1 ..10  2  1
666 17
-1;9  -2.15  6.15  3.05origin: 30 120  30   -2 6.2 3.1 ..10  2  1
666 18
-1;9  -2.05  6.15  3.05origin: 30 120  30   -2 6.2 3.1 ..10  2  1
666 19
-1;9  -5.95  6.15  3.05origin:  0 120  30   -5 6.2 3.1 ..10  2  1
663 10
-1;9  -5.85  6.15  3.05origin:  0 120  30   -5 6.2 3.1 ..10  2  1
663 11
-1;9  -5.75  6.15  3.05origin:  0 120  30   -5 6.2 3.1 ..10  2  1
663 12
-1;9  -5.65  6.15  3.05origin:  0 120  30   -5 6.2 3.1 ..10  2  1
663 13
-1;9  -5.55  6.15  3.05origin:  0 120  30   -5 6.2 3.1 ..10  2  1
663 14
-1;9  -5.45  6.15  3.05origin:  0 120  30   -5 6.2 3.1 ..10  2  1
663 15
-1;9  -5.35  6.15  3.05origin:  0 120  30   -5 6.2 3.1 ..10  2  1
663 16
-1;9  -5.25  6.15  3.05origin:  0 120  30   -5 6.2 3.1 ..10  2  1
663 17
-1;9  -5.15  6.15  3.05origin:  0 120  30   -5 6.2 3.1 ..10  2  1
663 18
-1;9  -5.05  6.15  3.05origin:  0 120  30   -5 6.2 3.1 ..10  2  1
663 19
-3.99802 -3.01056  1.19294[0;31m collide!!!!! [0m
[33m[WARN] [1790604325.799303420, 8.012000000]: id:1 Infeasible1! DTG refuse to update![0m
-4.00164  3.00388  1.20203[0;31m collide!!!!! [0m
[33m[WARN] [1790604325.809764648, 8.021000000]: id:2 Infeasible1! DTG refuse to update![0m
-1;9  -1.95  6.15  3.05origin: 40 120  30   -1 6.2 3.1 ..10  2  1
667 10
-1;9  -1.85  6.15  3.05origin: 40 120  30   -1 6.2 3.1 ..10  2  1
667 11
-1;9  -1.75  6.15  3.05origin: 40 120  30   -1 6.2 3.1 ..10  2  1
667 12
-1;9  -1.65  6.15  3.05origin: 40 120  30   -1 6.2 3.1 ..10  2  1
667 13
-1;9  -1.55  6.15  3.05origin: 40 120  30   -1 6.2 3.1 ..10  2  1
667 14
-1;9  -1.45  6.15  3.05origin: 40 120  30   -1 6.2 3.1 ..10  2  1
667 15
-1;9  -1.35  6.15  3.05origin: 40 120  30   -1 6.2 3.1 ..10  2  1
667 16
-1;9  -1.25  6.15  3.05origin: 40 120  30   -1 6.2 3.1 ..10  2  1
667 17
-1;9  -1.15  6.15  3.05origin: 40 120  30   -1 6.2 3.1 ..10  2  1
667 18
-1;9  -1.05  6.15  3.05origin: 40 120  30   -1 6.2 3.1 ..10  2  1
667 19
-1;9  -2.95  6.15  3.05origin: 30 120  30   -2 6.2 3.1 ..10  2  1
666 10
-1;9  -2.85  6.15  3.05origin: 30 120  30   -2 6.2 3.1 ..10  2  1
666 11
-1;9  -2.75  6.15  3.05origin: 30 120  30   -2 6.2 3.1 ..10  2  1
666 12
-1;9  -2.65  6.15  3.05origin: 30 120  30   -2 6.2 3.1 ..10  2  1
666 13
-1;9  -2.55  6.15  3.05origin: 30 120  30   -2 6.2 3.1 ..10  2  1
666 14
-1;9  -2.45  6.15  3.05origin: 30 120  30   -2 6.2 3.1 ..10  2  1
666 15
-1;9  -2.35  6.15  3.05origin: 30 120  30   -2 6.2 3.1 ..10  2  1
666 16
-1;9  -2.25  6.15  3.05origin: 30 120  30   -2 6.2 3.1 ..10  2  1
666 17
-1;9  -2.15  6.15  3.05origin: 30 120  30   -2 6.2 3.1 ..10  2  1
666 18
-1;9  -2.05  6.15  3.05origin: 30 120  30   -2 6.2 3.1 ..10  2  1
666 19
-1;9  -5.95  6.15  3.05origin:  0 120  30   -5 6.2 3.1 ..10  2  1
663 10
-1;9  -5.85  6.15  3.05origin:  0 120  30   -5 6.2 3.1 ..10  2  1
663 11
-1;9  -5.75  6.15  3.05origin:  0 120  30   -5 6.2 3.1 ..10  2  1
663 12
-1;9  -5.65  6.15  3.05origin:  0 120  30   -5 6.2 3.1 ..10  2  1
663 13
-1;9  -5.55  6.15  3.05origin:  0 120  30   -5 6.2 3.1 ..10  2  1
663 14
-1;9  -5.45  6.15  3.05origin:  0 120  30   -5 6.2 3.1 ..10  2  1
663 15
-1;9  -5.35  6.15  3.05origin:  0 120  30   -5 6.2 3.1 ..10  2  1
663 16
-1;9  -5.25  6.15  3.05origin:  0 120  30   -5 6.2 3.1 ..10  2  1
663 17
-1;9  -5.15  6.15  3.05origin:  0 120  30   -5 6.2 3.1 ..10  2  1
663 18
-1;9  -5.05  6.15  3.05origin:  0 120  30   -5 6.2 3.1 ..10  2  1
663 19
-3.99712  -3.0049  1.19456[0;31m collide!!!!! [0m
[33m[WARN] [1790604326.002261224, 8.214000000]: id:1 Infeasible1! DTG refuse to update![0m
-4.00053  2.99956  1.19745[0;31m collide!!!!! [0m
[33m[WARN] [1790604326.020129278, 8.226000000]: id:2 Infeasible1! DTG refuse to update![0m
-1;9  -1.95  6.15  3.05origin: 40 120  30   -1 6.2 3.1 ..10  2  1
667 10
-1;9  -1.85  6.15  3.05origin: 40 120  30   -1 6.2 3.1 ..10  2  1
667 11
-1;9  -1.75  6.15  3.05origin: 40 120  30   -1 6.2 3.1 ..10  2  1
667 12
-1;9  -1.65  6.15  3.05origin: 40 120  30   -1 6.2 3.1 ..10  2  1
667 13
-1;9  -1.55  6.15  3.05origin: 40 120  30   -1 6.2 3.1 ..10  2  1
667 14
-1;9  -1.45  6.15  3.05origin: 40 120  30   -1 6.2 3.1 ..10  2  1
667 15
-1;9  -1.35  6.15  3.05origin: 40 120  30   -1 6.2 3.1 ..10  2  1
667 16
-1;9  -1.25  6.15  3.05origin: 40 120  30   -1 6.2 3.1 ..10  2  1
667 17
-1;9  -1.15  6.15  3.05origin: 40 120  30   -1 6.2 3.1 ..10  2  1
667 18
-1;9  -1.05  6.15  3.05origin: 40 120  30   -1 6.2 3.1 ..10  2  1
667 19
-1;9  -2.95  6.15  3.05origin: 30 120  30   -2 6.2 3.1 ..10  2  1
666 10
-1;9  -2.85  6.15  3.05origin: 30 120  30   -2 6.2 3.1 ..10  2  1
666 11
-1;9  -2.75  6.15  3.05origin: 30 120  30   -2 6.2 3.1 ..10  2  1
666 12
-1;9  -2.65  6.15  3.05origin: 30 120  30   -2 6.2 3.1 ..10  2  1
666 13
-1;9  -2.55  6.15  3.05origin: 30 120  30   -2 6.2 3.1 ..10  2  1
666 14
-1;9  -2.45  6.15  3.05origin: 30 120  30   -2 6.2 3.1 ..10  2  1
666 15
-1;9  -2.35  6.15  3.05origin: 30 120  30   -2 6.2 3.1 ..10  2  1
666 16
-1;9  -2.25  6.15  3.05origin: 30 120  30   -2 6.2 3.1 ..10  2  1
666 17
-1;9  -2.15  6.15  3.05origin: 30 120  30   -2 6.2 3.1 ..10  2  1
666 18
-1;9  -2.05  6.15  3.05origin: 30 120  30   -2 6.2 3.1 ..10  2  1
666 19
-1;9  -5.95  6.15  3.05origin:  0 120  30   -5 6.2 3.1 ..10  2  1
663 10
-1;9  -5.85  6.15  3.05origin:  0 120  30   -5 6.2 3.1 ..10  2  1
663 11
-1;9  -5.75  6.15  3.05origin:  0 120  30   -5 6.2 3.1 ..10  2  1
663 12
-1;9  -5.65  6.15  3.05origin:  0 120  30   -5 6.2 3.1 ..10  2  1
663 13
-1;9  -5.55  6.15  3.05origin:  0 120  30   -5 6.2 3.1 ..10  2  1
663 14
-1;9  -5.45  6.15  3.05origin:  0 120  30   -5 6.2 3.1 ..10  2  1
663 15
-1;9  -5.35  6.15  3.05origin:  0 120  30   -5 6.2 3.1 ..10  2  1
663 16
-1;9  -5.25  6.15  3.05origin:  0 120  30   -5 6.2 3.1 ..10  2  1
663 17
-1;9  -5.15  6.15  3.05origin:  0 120  30   -5 6.2 3.1 ..10  2  1
663 18
-1;9  -5.05  6.15  3.05origin:  0 120  30   -5 6.2 3.1 ..10  2  1
663 19
-3.99799 -3.00319  1.18986[0;31m collide!!!!! [0m
[33m[WARN] [1790604326.213455018, 8.409000000]: id:1 Infeasible1! DTG refuse to update![0m
-3.99429  3.00493  1.19616[0;31m collide!!!!! [0m
[33m[WARN] [1790604326.223779427, 8.428000000]: id:2 Infeasible1! DTG refuse to update![0m
-1;9  -1.95  6.15  3.05origin: 40 120  30   -1 6.2 3.1 ..10  2  1
667 10
-1;9  -1.85  6.15  3.05origin: 40 120  30   -1 6.2 3.1 ..10  2  1
667 11
-1;9  -1.75  6.15  3.05origin: 40 120  30   -1 6.2 3.1 ..10  2  1
667 12
-1;9  -1.65  6.15  3.05origin: 40 120  30   -1 6.2 3.1 ..10  2  1
667 13
-1;9  -1.55  6.15  3.05origin: 40 120  30   -1 6.2 3.1 ..10  2  1
667 14
-1;9  -1.45  6.15  3.05origin: 40 120  30   -1 6.2 3.1 ..10  2  1
667 15
-1;9  -1.35  6.15  3.05origin: 40 120  30   -1 6.2 3.1 ..10  2  1
667 16
-1;9  -1.25  6.15  3.05origin: 40 120  30   -1 6.2 3.1 ..10  2  1
667 17
-1;9  -1.15  6.15  3.05origin: 40 120  30   -1 6.2 3.1 ..10  2  1
667 18
-1;9  -1.05  6.15  3.05origin: 40 120  30   -1 6.2 3.1 ..10  2  1
667 19
-1;9  -2.95  6.15  3.05origin: 30 120  30   -2 6.2 3.1 ..10  2  1
666 10
-1;9  -2.85  6.15  3.05origin: 30 120  30   -2 6.2 3.1 ..10  2  1
666 11
-1;9  -2.75  6.15  3.05origin: 30 120  30   -2 6.2 3.1 ..10  2  1
666 12
-1;9  -2.65  6.15  3.05origin: 30 120  30   -2 6.2 3.1 ..10  2  1
666 13
-1;9  -2.55  6.15  3.05origin: 30 120  30   -2 6.2 3.1 ..10  2  1
666 14
-1;9  -2.45  6.15  3.05origin: 30 120  30   -2 6.2 3.1 ..10  2  1
666 15
-1;9  -2.35  6.15  3.05origin: 30 120  30   -2 6.2 3.1 ..10  2  1
666 16
-1;9  -2.25  6.15  3.05origin: 30 120  30   -2 6.2 3.1 ..10  2  1
666 17
-1;9  -2.15  6.15  3.05origin: 30 120  30   -2 6.2 3.1 ..10  2  1
666 18
-1;9  -2.05  6.15  3.05origin: 30 120  30   -2 6.2 3.1 ..10  2  1
666 19
-1;9  -5.95  6.15  3.05origin:  0 120  30   -5 6.2 3.1 ..10  2  1
663 10
-1;9  -5.85  6.15  3.05origin:  0 120  30   -5 6.2 3.1 ..10  2  1
663 11
-1;9  -5.75  6.15  3.05origin:  0 120  30   -5 6.2 3.1 ..10  2  1
663 12
-1;9  -5.65  6.15  3.05origin:  0 120  30   -5 6.2 3.1 ..10  2  1
663 13
-1;9  -5.55  6.15  3.05origin:  0 120  30   -5 6.2 3.1 ..10  2  1
663 14
-1;9  -5.45  6.15  3.05origin:  0 120  30   -5 6.2 3.1 ..10  2  1
663 15
-1;9  -5.35  6.15  3.05origin:  0 120  30   -5 6.2 3.1 ..10  2  1
663 16
-1;9  -5.25  6.15  3.05origin:  0 120  30   -5 6.2 3.1 ..10  2  1
663 17
-1;9  -5.15  6.15  3.05origin:  0 120  30   -5 6.2 3.1 ..10  2  1
663 18
-1;9  -5.05  6.15  3.05origin:  0 120  30   -5 6.2 3.1 ..10  2  1
663 19
-3.99864 -2.99102  1.19321[0;31m collide!!!!! [0m
[33m[WARN] [1790604326.417374135, 8.611000000]: id:1 Infeasible1! DTG refuse to update![0m
-3.99335  3.00595  1.20055[0;31m collide!!!!! [0m
[33m[WARN] [1790604326.433648351, 8.630000000]: id:2 Infeasible1! DTG refuse to update![0m
-1;9  -2.95  6.15  3.05origin: 30 120  30   -2 6.2 3.1 ..10  2  1
666 10
-1;9  -2.85  6.15  3.05origin: 30 120  30   -2 6.2 3.1 ..10  2  1
666 11
-1;9  -2.75  6.15  3.05origin: 30 120  30   -2 6.2 3.1 ..10  2  1
666 12
-1;9  -2.65  6.15  3.05origin: 30 120  30   -2 6.2 3.1 ..10  2  1
666 13
-1;9  -2.55  6.15  3.05origin: 30 120  30   -2 6.2 3.1 ..10  2  1
666 14
-1;9  -2.45  6.15  3.05origin: 30 120  30   -2 6.2 3.1 ..10  2  1
666 15
-1;9  -2.35  6.15  3.05origin: 30 120  30   -2 6.2 3.1 ..10  2  1
666 16
-1;9  -2.25  6.15  3.05origin: 30 120  30   -2 6.2 3.1 ..10  2  1
666 17
-1;9  -2.15  6.15  3.05origin: 30 120  30   -2 6.2 3.1 ..10  2  1
666 18
-1;9  -2.05  6.15  3.05origin: 30 120  30   -2 6.2 3.1 ..10  2  1
666 19
-1;9  -5.95  6.15  3.05origin:  0 120  30   -5 6.2 3.1 ..10  2  1
663 10
-1;9  -5.85  6.15  3.05origin:  0 120  30   -5 6.2 3.1 ..10  2  1
663 11
-1;9  -5.75  6.15  3.05origin:  0 120  30   -5 6.2 3.1 ..10  2  1
663 12
-1;9  -5.65  6.15  3.05origin:  0 120  30   -5 6.2 3.1 ..10  2  1
663 13
-1;9  -5.55  6.15  3.05origin:  0 120  30   -5 6.2 3.1 ..10  2  1
663 14
-1;9  -5.45  6.15  3.05origin:  0 120  30   -5 6.2 3.1 ..10  2  1
663 15
-1;9  -5.35  6.15  3.05origin:  0 120  30   -5 6.2 3.1 ..10  2  1
663 16
-1;9  -5.25  6.15  3.05origin:  0 120  30   -5 6.2 3.1 ..10  2  1
663 17
-1;9  -5.15  6.15  3.05origin:  0 120  30   -5 6.2 3.1 ..10  2  1
663 18
-1;9  -5.05  6.15  3.05origin:  0 120  30   -5 6.2 3.1 ..10  2  1
663 19
-3.99797 -3.00095  1.20283[0;31m collide!!!!! [0m
[33m[WARN] [1790604326.623924734, 8.813000000]: id:1 Infeasible1! DTG refuse to update![0m
-3.99591  3.00359  1.20314[0;31m collide!!!!! [0m
[33m[WARN] [1790604326.636775781, 8.832000000]: id:2 Infeasible1! DTG refuse to update![0m
-1;9  -2.95  6.15  3.05origin: 30 120  30   -2 6.2 3.1 ..10  2  1
666 10
-1;9  -2.85  6.15  3.05origin: 30 120  30   -2 6.2 3.1 ..10  2  1
666 11
-1;9  -2.75  6.15  3.05origin: 30 120  30   -2 6.2 3.1 ..10  2  1
666 12
-1;9  -2.65  6.15  3.05origin: 30 120  30   -2 6.2 3.1 ..10  2  1
666 13
-1;9  -2.55  6.15  3.05origin: 30 120  30   -2 6.2 3.1 ..10  2  1
666 14
-1;9  -2.45  6.15  3.05origin: 30 120  30   -2 6.2 3.1 ..10  2  1
666 15
-1;9  -2.35  6.15  3.05origin: 30 120  30   -2 6.2 3.1 ..10  2  1
666 16
-1;9  -2.25  6.15  3.05origin: 30 120  30   -2 6.2 3.1 ..10  2  1
666 17
-1;9  -2.15  6.15  3.05origin: 30 120  30   -2 6.2 3.1 ..10  2  1
666 18
-1;9  -2.05  6.15  3.05origin: 30 120  30   -2 6.2 3.1 ..10  2  1
666 19
-1;9  -5.95  6.15  3.05origin:  0 120  30   -5 6.2 3.1 ..10  2  1
663 10
-1;9  -5.85  6.15  3.05origin:  0 120  30   -5 6.2 3.1 ..10  2  1
663 11
-1;9  -5.75  6.15  3.05origin:  0 120  30   -5 6.2 3.1 ..10  2  1
663 12
-1;9  -5.65  6.15  3.05origin:  0 120  30   -5 6.2 3.1 ..10  2  1
663 13
-1;9  -5.55  6.15  3.05origin:  0 120  30   -5 6.2 3.1 ..10  2  1
663 14
-1;9  -5.45  6.15  3.05origin:  0 120  30   -5 6.2 3.1 ..10  2  1
663 15
-1;9  -5.35  6.15  3.05origin:  0 120  30   -5 6.2 3.1 ..10  2  1
663 16
-1;9  -5.25  6.15  3.05origin:  0 120  30   -5 6.2 3.1 ..10  2  1
663 17
-1;9  -5.15  6.15  3.05origin:  0 120  30   -5 6.2 3.1 ..10  2  1
663 18
-1;9  -5.05  6.15  3.05origin:  0 120  30   -5 6.2 3.1 ..10  2  1
663 19
-4.00484 -3.00193  1.20456[0;31m collide!!!!! [0m
[33m[WARN] [1790604326.824803206, 9.015000000]: id:1 Infeasible1! DTG refuse to update![0m
-3.99486  2.99913  1.19235[0;31m collide!!!!! [0m
[33m[WARN] [1790604326.834840055, 9.025000000]: id:2 Infeasible1! DTG refuse to update![0m
[0;44m id:1 Partition[0m
[0;44m id:2 Partition[0m
[33m[WARN] [1790604326.894393984, 9.092000000]: id:1 LocalGVP![0m
[33m[WARN] [1790604326.894626934, 9.092000000]: id:2 LocalGVP![0m
-1;9  -2.95  6.15  3.05origin: 30 120  30   -2 6.2 3.1 ..10  2  1
666 10
-1;9  -2.85  6.15  3.05origin: 30 120  30   -2 6.2 3.1 ..10  2  1
666 11
-1;9  -2.75  6.15  3.05origin: 30 120  30   -2 6.2 3.1 ..10  2  1
666 12
-1;9  -2.65  6.15  3.05origin: 30 120  30   -2 6.2 3.1 ..10  2  1
666 13
-1;9  -2.55  6.15  3.05origin: 30 120  30   -2 6.2 3.1 ..10  2  1
666 14
-1;9  -2.45  6.15  3.05origin: 30 120  30   -2 6.2 3.1 ..10  2  1
666 15
-1;9  -2.35  6.15  3.05origin: 30 120  30   -2 6.2 3.1 ..10  2  1
666 16
-1;9  -2.25  6.15  3.05origin: 30 120  30   -2 6.2 3.1 ..10  2  1
666 17
-1;9  -2.15  6.15  3.05origin: 30 120  30   -2 6.2 3.1 ..10  2  1
666 18
-1;9  -2.05  6.15  3.05origin: 30 120  30   -2 6.2 3.1 ..10  2  1
666 19
-1;9  -5.95  6.15  3.05origin:  0 120  30   -5 6.2 3.1 ..10  2  1
663 10
-1;9  -5.85  6.15  3.05origin:  0 120  30   -5 6.2 3.1 ..10  2  1
663 11
-1;9  -5.75  6.15  3.05origin:  0 120  30   -5 6.2 3.1 ..10  2  1
663 12
-1;9  -5.65  6.15  3.05origin:  0 120  30   -5 6.2 3.1 ..10  2  1
663 13
-1;9  -5.55  6.15  3.05origin:  0 120  30   -5 6.2 3.1 ..10  2  1
663 14
-1;9  -5.45  6.15  3.05origin:  0 120  30   -5 6.2 3.1 ..10  2  1
663 15
-1;9  -5.35  6.15  3.05origin:  0 120  30   -5 6.2 3.1 ..10  2  1
663 16
-1;9  -5.25  6.15  3.05origin:  0 120  30   -5 6.2 3.1 ..10  2  1
663 17
-1;9  -5.15  6.15  3.05origin:  0 120  30   -5 6.2 3.1 ..10  2  1
663 18
-1;9  -5.05  6.15  3.05origin:  0 120  30   -5 6.2 3.1 ..10  2  1
663 19
-4.00313 -3.00898   1.2006[0;31m collide!!!!! [0m
[33m[WARN] [1790604327.020194937, 9.217000000]: id:1 Infeasible1! DTG refuse to update![0m
-4.00247  3.00169  1.19677[0;31m collide!!!!! [0m
[33m[WARN] [1790604327.029160542, 9.226000000]: id:2 Infeasible1! DTG refuse to update![0m
-1;9  -5.95  6.15  3.05origin:  0 120  30   -5 6.2 3.1 ..10  2  1
663 10
-1;9  -5.85  6.15  3.05origin:  0 120  30   -5 6.2 3.1 ..10  2  1
663 11
-1;9  -5.75  6.15  3.05origin:  0 120  30   -5 6.2 3.1 ..10  2  1
663 12
-1;9  -5.65  6.15  3.05origin:  0 120  30   -5 6.2 3.1 ..10  2  1
663 13
-1;9  -5.55  6.15  3.05origin:  0 120  30   -5 6.2 3.1 ..10  2  1
663 14
-1;9  -5.45  6.15  3.05origin:  0 120  30   -5 6.2 3.1 ..10  2  1
663 15
-1;9  -5.35  6.15  3.05origin:  0 120  30   -5 6.2 3.1 ..10  2  1
663 16
-1;9  -5.25  6.15  3.05origin:  0 120  30   -5 6.2 3.1 ..10  2  1
663 17
-1;9  -5.15  6.15  3.05origin:  0 120  30   -5 6.2 3.1 ..10  2  1
663 18
-1;9  -5.05  6.15  3.05origin:  0 120  30   -5 6.2 3.1 ..10  2  1
663 19
-4.00786 -2.99057  1.20003[0;31m collide!!!!! [0m
[33m[WARN] [1790604327.221455225, 9.409000000]: id:1 Infeasible1! DTG refuse to update![0m
-4.00897  3.00028  1.19715[0;31m collide!!!!! [0m
[33m[WARN] [1790604327.236075865, 9.419000000]: id:2 Infeasible1! DTG refuse to update![0m
-1;9  -5.95  6.15  3.05origin:  0 120  30   -5 6.2 3.1 ..10  2  1
663 10
-1;9  -5.85  6.15  3.05origin:  0 120  30   -5 6.2 3.1 ..10  2  1
663 11
-1;9  -5.75  6.15  3.05origin:  0 120  30   -5 6.2 3.1 ..10  2  1
663 12
-1;9  -5.65  6.15  3.05origin:  0 120  30   -5 6.2 3.1 ..10  2  1
663 13
-1;9  -5.55  6.15  3.05origin:  0 120  30   -5 6.2 3.1 ..10  2  1
663 14
-1;9  -5.45  6.15  3.05origin:  0 120  30   -5 6.2 3.1 ..10  2  1
663 15
-1;9  -5.35  6.15  3.05origin:  0 120  30   -5 6.2 3.1 ..10  2  1
663 16
-1;9  -5.25  6.15  3.05origin:  0 120  30   -5 6.2 3.1 ..10  2  1
663 17
-1;9  -5.15  6.15  3.05origin:  0 120  30   -5 6.2 3.1 ..10  2  1
663 18
-1;9  -5.05  6.15  3.05origin:  0 120  30   -5 6.2 3.1 ..10  2  1
663 19
-4.00245 -3.00094  1.20046[0;31m collide!!!!! [0m
[33m[WARN] [1790604327.427835197, 9.611000000]: id:1 Infeasible1! DTG refuse to update![0m
-3.99856  3.00117  1.20545[0;31m collide!!!!! [0m
[33m[WARN] [1790604327.440997400, 9.630000000]: id:2 Infeasible1! DTG refuse to update![0m
-1;9  -5.95  6.15  3.05origin:  0 120  30   -5 6.2 3.1 ..10  2  1
663 10
-1;9  -5.85  6.15  3.05origin:  0 120  30   -5 6.2 3.1 ..10  2  1
663 11
-1;9  -5.75  6.15  3.05origin:  0 120  30   -5 6.2 3.1 ..10  2  1
663 12
-1;9  -5.65  6.15  3.05origin:  0 120  30   -5 6.2 3.1 ..10  2  1
663 13
-1;9  -5.55  6.15  3.05origin:  0 120  30   -5 6.2 3.1 ..10  2  1
663 14
-1;9  -5.45  6.15  3.05origin:  0 120  30   -5 6.2 3.1 ..10  2  1
663 15
-1;9  -5.35  6.15  3.05origin:  0 120  30   -5 6.2 3.1 ..10  2  1
663 16
-1;9  -5.25  6.15  3.05origin:  0 120  30   -5 6.2 3.1 ..10  2  1
663 17
-1;9  -5.15  6.15  3.05origin:  0 120  30   -5 6.2 3.1 ..10  2  1
663 18
-1;9  -5.05  6.15  3.05origin:  0 120  30   -5 6.2 3.1 ..10  2  1
663 19
-4.00443 -3.00082  1.20225[0;31m collide!!!!! [0m
[33m[WARN] [1790604327.636641631, 9.813000000]: id:1 Infeasible1! DTG refuse to update![0m
-4.00514  3.00195  1.20148[0;31m collide!!!!! [0m
[33m[WARN] [1790604327.652615614, 9.823000000]: id:2 Infeasible1! DTG refuse to update![0m
-1;9  -5.95  6.15  3.05origin:  0 120  30   -5 6.2 3.1 ..10  2  1
663 10
-1;9  -5.85  6.15  3.05origin:  0 120  30   -5 6.2 3.1 ..10  2  1
663 11
-1;9  -5.75  6.15  3.05origin:  0 120  30   -5 6.2 3.1 ..10  2  1
663 12
-1;9  -5.65  6.15  3.05origin:  0 120  30   -5 6.2 3.1 ..10  2  1
663 13
-1;9  -5.55  6.15  3.05origin:  0 120  30   -5 6.2 3.1 ..10  2  1
663 14
-1;9  -5.45  6.15  3.05origin:  0 120  30   -5 6.2 3.1 ..10  2  1
663 15
-1;9  -5.35  6.15  3.05origin:  0 120  30   -5 6.2 3.1 ..10  2  1
663 16
-1;9  -5.25  6.15  3.05origin:  0 120  30   -5 6.2 3.1 ..10  2  1
663 17
-1;9  -5.15  6.15  3.05origin:  0 120  30   -5 6.2 3.1 ..10  2  1
663 18
-1;9  -5.05  6.15  3.05origin:  0 120  30   -5 6.2 3.1 ..10  2  1
663 19
-4.00398 -2.99364  1.19572[0;31m collide!!!!! [0m
[33m[WARN] [1790604327.840942272, 10.005000000]: id:1 Infeasible1! DTG refuse to update![0m
-4.00792  2.99696   1.2006[0;31m collide!!!!! [0m
[33m[WARN] [1790604327.852935683, 10.015000000]: id:2 Infeasible1! DTG refuse to update![0m
-1;9  -5.95  6.15  3.05origin:  0 120  30   -5 6.2 3.1 ..10  2  1
663 10
-1;9  -5.85  6.15  3.05origin:  0 120  30   -5 6.2 3.1 ..10  2  1
663 11
-1;9  -5.75  6.15  3.05origin:  0 120  30   -5 6.2 3.1 ..10  2  1
663 12
-1;9  -5.65  6.15  3.05origin:  0 120  30   -5 6.2 3.1 ..10  2  1
663 13
-1;9  -5.55  6.15  3.05origin:  0 120  30   -5 6.2 3.1 ..10  2  1
663 14
-1;9  -5.45  6.15  3.05origin:  0 120  30   -5 6.2 3.1 ..10  2  1
663 15
-1;9  -5.35  6.15  3.05origin:  0 120  30   -5 6.2 3.1 ..10  2  1
663 16
-1;9  -5.25  6.15  3.05origin:  0 120  30   -5 6.2 3.1 ..10  2  1
663 17
-1;9  -5.15  6.15  3.05origin:  0 120  30   -5 6.2 3.1 ..10  2  1
663 18
-1;9  -5.05  6.15  3.05origin:  0 120  30   -5 6.2 3.1 ..10  2  1
663 19
-4.00247 -2.99985  1.20293[0;31m collide!!!!! [0m
[33m[WARN] [1790604328.044829123, 10.207000000]: id:1 Infeasible1! DTG refuse to update![0m
-3.99726  3.00166  1.19991[0;31m collide!!!!! [0m
[33m[WARN] [1790604328.059240534, 10.226000000]: id:2 Infeasible1! DTG refuse to update![0m
-1;9  -5.95  6.15  3.05origin:  0 120  30   -5 6.2 3.1 ..10  2  1
663 10
-1;9  -5.85  6.15  3.05origin:  0 120  30   -5 6.2 3.1 ..10  2  1
663 11
-1;9  -5.75  6.15  3.05origin:  0 120  30   -5 6.2 3.1 ..10  2  1
663 12
-1;9  -5.65  6.15  3.05origin:  0 120  30   -5 6.2 3.1 ..10  2  1
663 13
-1;9  -5.55  6.15  3.05origin:  0 120  30   -5 6.2 3.1 ..10  2  1
663 14
-1;9  -5.45  6.15  3.05origin:  0 120  30   -5 6.2 3.1 ..10  2  1
663 15
-1;9  -5.35  6.15  3.05origin:  0 120  30   -5 6.2 3.1 ..10  2  1
663 16
-1;9  -5.25  6.15  3.05origin:  0 120  30   -5 6.2 3.1 ..10  2  1
663 17
-1;9  -5.15  6.15  3.05origin:  0 120  30   -5 6.2 3.1 ..10  2  1
663 18
-1;9  -5.05  6.15  3.05origin:  0 120  30   -5 6.2 3.1 ..10  2  1
663 19
-3.99684  -2.9926  1.20052[0;31m collide!!!!! [0m
[33m[WARN] [1790604328.248023211, 10.409000000]: id:1 Infeasible1! DTG refuse to update![0m
-3.99941   3.0008  1.20432[0;31m collide!!!!! [0m
[33m[WARN] [1790604328.259093744, 10.428000000]: id:2 Infeasible1! DTG refuse to update![0m
-1;9  -5.95  6.15  3.05origin:  0 120  30   -5 6.2 3.1 ..10  2  1
663 10
-1;9  -5.85  6.15  3.05origin:  0 120  30   -5 6.2 3.1 ..10  2  1
663 11
-1;9  -5.75  6.15  3.05origin:  0 120  30   -5 6.2 3.1 ..10  2  1
663 12
-1;9  -5.65  6.15  3.05origin:  0 120  30   -5 6.2 3.1 ..10  2  1
663 13
-1;9  -5.55  6.15  3.05origin:  0 120  30   -5 6.2 3.1 ..10  2  1
663 14
-1;9  -5.45  6.15  3.05origin:  0 120  30   -5 6.2 3.1 ..10  2  1
663 15
-1;9  -5.35  6.15  3.05origin:  0 120  30   -5 6.2 3.1 ..10  2  1
663 16
-1;9  -5.25  6.15  3.05origin:  0 120  30   -5 6.2 3.1 ..10  2  1
663 17
-1;9  -5.15  6.15  3.05origin:  0 120  30   -5 6.2 3.1 ..10  2  1
663 18
-1;9  -5.05  6.15  3.05origin:  0 120  30   -5 6.2 3.1 ..10  2  1
663 19
-3.99464 -2.99878  1.19695[0;31m collide!!!!! [0m
[33m[WARN] [1790604328.452261863, 10.611000000]: id:1 Infeasible1! DTG refuse to update![0m
-3.99912  2.99715   1.2051[0;31m collide!!!!! [0m
[33m[WARN] [1790604328.463888465, 10.630000000]: id:2 Infeasible1! DTG refuse to update![0m
-3.99579 -3.00001  1.20462[0;31m collide!!!!! [0m
[33m[WARN] [1790604328.651942987, 10.803000000]: id:1 Infeasible1! DTG refuse to update![0m
-4.00401  2.99252  1.19671[0;31m collide!!!!! [0m
[33m[WARN] [1790604328.659820632, 10.823000000]: id:2 Infeasible1! DTG refuse to update![0m
-3.99348 -3.00406  1.20356[0;31m collide!!!!! [0m
[33m[WARN] [1790604328.869457773, 11.025000000]: id:1 Infeasible1! DTG refuse to update![0m
-4.00459  3.00185  1.20152[0;31m collide!!!!! [0m
[33m[WARN] [1790604328.894826285, 11.044000000]: id:2 Infeasible1! DTG refuse to update![0m
-3.98985  -2.9988  1.20077[0;31m collide!!!!! [0m
[33m[WARN] [1790604329.097388057, 11.226000000]: id:1 Infeasible1! DTG refuse to update![0m
-3.99689  3.00025  1.20306[0;31m collide!!!!! [0m
[33m[WARN] [1790604329.108488354, 11.246000000]: id:2 Infeasible1! DTG refuse to update![0m
-3.99036 -3.00216  1.19666[0;31m collide!!!!! [0m
[33m[WARN] [1790604329.277010782, 11.399000000]: id:1 Infeasible1! DTG refuse to update![0m
-3.99484  2.99756  1.20153[0;31m collide!!!!! [0m
[33m[WARN] [1790604329.296127210, 11.419000000]: id:2 Infeasible1! DTG refuse to update![0m
-3.99071 -3.00305  1.20462[0;31m collide!!!!! [0m
[33m[WARN] [1790604329.498933229, 11.621000000]: id:1 Infeasible1! DTG refuse to update![0m
-3.98445  2.99248  1.19211[0;31m collide!!!!! [0m
[33m[WARN] [1790604329.519384241, 11.640000000]: id:2 Infeasible1! DTG refuse to update![0m
-3.99368 -3.00264  1.20319[0;31m collide!!!!! [0m
[33m[WARN] [1790604329.694374026, 11.813000000]: id:1 Infeasible1! DTG refuse to update![0m
-3.99439  2.99655  1.19728[0;31m collide!!!!! [0m
[33m[WARN] [1790604329.716298858, 11.832000000]: id:2 Infeasible1! DTG refuse to update![0m
-3.99441 -3.00452  1.20271[0;31m collide!!!!! [0m
[33m[WARN] [1790604329.903035680, 12.015000000]: id:1 Infeasible1! DTG refuse to update![0m
-4.00204  2.99912  1.19172[0;31m collide!!!!! [0m
[33m[WARN] [1790604329.916015917, 12.025000000]: id:2 Infeasible1! DTG refuse to update![0m
[0;44m id:2 Partition[0m
[33m[WARN] [1790604330.014517685, 12.130000000]: id:2 LocalGVP![0m
[0;44m id:1 Partition[0m
[33m[WARN] [1790604330.015285568, 12.130000000]: id:1 LocalGVP![0m
-3.9929 -3.0052 1.20215[0;31m collide!!!!! [0m
[33m[WARN] [1790604330.112558764, 12.217000000]: id:1 Infeasible1! DTG refuse to update![0m
-3.9994 3.00593 1.20164[0;31m collide!!!!! [0m
[33m[WARN] [1790604330.134011402, 12.236000000]: id:2 Infeasible1! DTG refuse to update![0m
-3.99506 -2.99745  1.20054[0;31m collide!!!!! [0m
[33m[WARN] [1790604330.330452865, 12.419000000]: id:1 Infeasible1! DTG refuse to update![0m
-3.99748  3.00778  1.20539[0;31m collide!!!!! [0m
[33m[WARN] [1790604330.347911173, 12.438000000]: id:2 Infeasible1! DTG refuse to update![0m
-3.99721 -3.00263  1.19128[0;31m collide!!!!! [0m
[33m[WARN] [1790604330.545561282, 12.621000000]: id:1 Infeasible1! DTG refuse to update![0m
-4.00146  3.00186  1.20529[0;31m collide!!!!! [0m
[33m[WARN] [1790604330.553654327, 12.630000000]: id:2 Infeasible1! DTG refuse to update![0m
-3.99717  -3.0043  1.20524[0;31m collide!!!!! [0m
[33m[WARN] [1790604330.747452177, 12.823000000]: id:1 Infeasible1! DTG refuse to update![0m
-4.00601  3.01019  1.20186[0;31m collide!!!!! [0m
[33m[WARN] [1790604330.761022334, 12.832000000]: id:2 Infeasible1! DTG refuse to update![0m
-3.99028 -2.99417  1.20598[0;31m collide!!!!! [0m
[33m[WARN] [1790604330.947450085, 13.025000000]: id:1 Infeasible1! DTG refuse to update![0m
-4.00375  3.00553  1.20092[0;31m collide!!!!! [0m
[33m[WARN] [1790604330.961624335, 13.034000000]: id:2 Infeasible1! DTG refuse to update![0m
-3.99636 -2.99759   1.1977[0;31m collide!!!!! [0m
[33m[WARN] [1790604331.143349027, 13.207000000]: id:1 Infeasible1! DTG refuse to update![0m
-4.00859  3.00724  1.20236[0;31m collide!!!!! [0m
[33m[WARN] [1790604331.156156803, 13.226000000]: id:2 Infeasible1! DTG refuse to update![0m
-3.99821 -3.00529  1.19667[0;31m collide!!!!! [0m
[33m[WARN] [1790604331.363003800, 13.419000000]: id:1 Infeasible1! DTG refuse to update![0m
-4.0078 3.00158 1.19588[0;31m collide!!!!! [0m
[33m[WARN] [1790604331.376650661, 13.428000000]: id:2 Infeasible1! DTG refuse to update![0m
-4.00111 -3.00355   1.2013[0;31m collide!!!!! [0m
[33m[WARN] [1790604331.572952180, 13.611000000]: id:1 Infeasible1! DTG refuse to update![0m
-4.00333  3.00881  1.19733[0;31m collide!!!!! [0m
[33m[WARN] [1790604331.590233816, 13.640000000]: id:2 Infeasible1! DTG refuse to update![0m
-3.99815 -2.99849  1.19468[0;31m collide!!!!! [0m
[33m[WARN] [1790604331.779228767, 13.823000000]: id:1 Infeasible1! DTG refuse to update![0m
-4.00328  3.00142   1.1948[0;31m collide!!!!! [0m
[33m[WARN] [1790604331.797088108, 13.842000000]: id:2 Infeasible1! DTG refuse to update![0m
-3.99698  -2.9969  1.20228[0;31m collide!!!!! [0m
[33m[WARN] [1790604331.983465042, 14.015000000]: id:1 Infeasible1! DTG refuse to update![0m
-4.00499  2.99849  1.19634[0;31m collide!!!!! [0m
[33m[WARN] [1790604331.986418351, 14.025000000]: id:2 Infeasible1! DTG refuse to update![0m
-4.00221 -2.99988  1.20263[0;31m collide!!!!! [0m
[33m[WARN] [1790604332.176532319, 14.217000000]: id:1 Infeasible1! DTG refuse to update![0m
-4.00422  2.99244  1.19904[0;31m collide!!!!! [0m
[33m[WARN] [1790604332.194846263, 14.226000000]: id:2 Infeasible1! DTG refuse to update![0m
-3.99835 -2.99098  1.19622[0;31m collide!!!!! [0m
[33m[WARN] [1790604332.389777972, 14.419000000]: id:1 Infeasible1! DTG refuse to update![0m
-4.00467  2.99296  1.19856[0;31m collide!!!!! [0m
[33m[WARN] [1790604332.398459603, 14.428000000]: id:2 Infeasible1! DTG refuse to update![0m
-3.9985 -3.0021 1.19736[0;31m collide!!!!! [0m
[33m[WARN] [1790604332.599594620, 14.621000000]: id:1 Infeasible1! DTG refuse to update![0m
-4.00364  2.99678  1.19744[0;31m collide!!!!! [0m
[33m[WARN] [1790604332.608515370, 14.621000000]: id:2 Infeasible1! DTG refuse to update![0m
-3.99721 -2.99887  1.19829[0;31m collide!!!!! [0m
[33m[WARN] [1790604332.807085855, 14.813000000]: id:1 Infeasible1! DTG refuse to update![0m
-4.00593  3.00571  1.20352[0;31m collide!!!!! [0m
[33m[WARN] [1790604332.821114241, 14.842000000]: id:2 Infeasible1! DTG refuse to update![0m
-3.99806 -3.00049  1.19421[0;31m collide!!!!! [0m
[33m[WARN] [1790604333.000658594, 15.005000000]: id:1 Infeasible1! DTG refuse to update![0m
-3.99987  2.99702  1.20814[0;31m collide!!!!! [0m
[33m[WARN] [1790604333.017917677, 15.025000000]: id:2 Infeasible1! DTG refuse to update![0m
[0;44m id:1 Partition[0m
[0;44m id:2 Partition[0m
[33m[WARN] [1790604333.162586684, 15.159000000]: id:1 LocalGVP![0m
[33m[WARN] [1790604333.162803834, 15.159000000]: id:2 LocalGVP![0m
-3.99822 -3.00443  1.19785[0;31m collide!!!!! [0m
[33m[WARN] [1790604333.236525843, 15.217000000]: id:1 Infeasible1! DTG refuse to update![0m
-4.00395  3.00319  1.19752[0;31m collide!!!!! [0m
[33m[WARN] [1790604333.251459223, 15.226000000]: id:2 Infeasible1! DTG refuse to update![0m
-3.99744 -2.99676  1.20177[0;31m collide!!!!! [0m
[33m[WARN] [1790604333.451757447, 15.419000000]: id:1 Infeasible1! DTG refuse to update![0m
-4.0015 3.00437  1.2017[0;31m collide!!!!! [0m
[33m[WARN] [1790604333.474206833, 15.438000000]: id:2 Infeasible1! DTG refuse to update![0m
-3.99528  -2.9941  1.19753[0;31m collide!!!!! [0m
[33m[WARN] [1790604333.655665934, 15.621000000]: id:1 Infeasible1! DTG refuse to update![0m
-4.0001 3.00462 1.20039[0;31m collide!!!!! [0m
[33m[WARN] [1790604333.667028487, 15.630000000]: id:2 Infeasible1! DTG refuse to update![0m
-1;9  -1.95  6.15  3.05origin: 40 120  30   -1 6.2 3.1 ..10  2  1
667 10
-1;9  -1.85  6.15  3.05origin: 40 120  30   -1 6.2 3.1 ..10  2  1
667 11
-1;9  -1.75  6.15  3.05origin: 40 120  30   -1 6.2 3.1 ..10  2  1
667 12
-1;9  -1.65  6.15  3.05origin: 40 120  30   -1 6.2 3.1 ..10  2  1
667 13
-1;9  -1.55  6.15  3.05origin: 40 120  30   -1 6.2 3.1 ..10  2  1
667 14
-1;9  -1.45  6.15  3.05origin: 40 120  30   -1 6.2 3.1 ..10  2  1
667 15
-1;9  -1.35  6.15  3.05origin: 40 120  30   -1 6.2 3.1 ..10  2  1
667 16
-1;9  -1.25  6.15  3.05origin: 40 120  30   -1 6.2 3.1 ..10  2  1
667 17
-1;9  -1.15  6.15  3.05origin: 40 120  30   -1 6.2 3.1 ..10  2  1
667 18
-1;9  -1.05  6.15  3.05origin: 40 120  30   -1 6.2 3.1 ..10  2  1
667 19
-4.00216 -2.99814  1.20111[0;31m collide!!!!! [0m
[33m[WARN] [1790604333.850344141, 15.813000000]: id:1 Infeasible1! DTG refuse to update![0m
-4.00139  3.00395  1.20529[0;31m collide!!!!! [0m
[33m[WARN] [1790604333.863516641, 15.813000000]: id:2 Infeasible1! DTG refuse to update![0m
-1;9  -1.95  6.15  3.05origin: 40 120  30   -1 6.2 3.1 ..10  2  1
667 10
-1;9  -1.85  6.15  3.05origin: 40 120  30   -1 6.2 3.1 ..10  2  1
667 11
-1;9  -1.75  6.15  3.05origin: 40 120  30   -1 6.2 3.1 ..10  2  1
667 12
-1;9  -1.65  6.15  3.05origin: 40 120  30   -1 6.2 3.1 ..10  2  1
667 13
-1;9  -1.55  6.15  3.05origin: 40 120  30   -1 6.2 3.1 ..10  2  1
667 14
-1;9  -1.45  6.15  3.05origin: 40 120  30   -1 6.2 3.1 ..10  2  1
667 15
-1;9  -1.35  6.15  3.05origin: 40 120  30   -1 6.2 3.1 ..10  2  1
667 16
-1;9  -1.25  6.15  3.05origin: 40 120  30   -1 6.2 3.1 ..10  2  1
667 17
-1;9  -1.15  6.15  3.05origin: 40 120  30   -1 6.2 3.1 ..10  2  1
667 18
-1;9  -1.05  6.15  3.05origin: 40 120  30   -1 6.2 3.1 ..10  2  1
667 19
-3.99826 -2.99288  1.20278[0;31m collide!!!!! [0m
[33m[WARN] [1790604334.061300442, 16.013000000]: id:1 Infeasible1! DTG refuse to update![0m
-4.00083  2.99724  1.20308[0;31m collide!!!!! [0m
[33m[WARN] [1790604334.069340043, 16.032000000]: id:2 Infeasible1! DTG refuse to update![0m
-1;9  -1.95  6.15  3.05origin: 40 120  30   -1 6.2 3.1 ..10  2  1
667 10
-1;9  -1.85  6.15  3.05origin: 40 120  30   -1 6.2 3.1 ..10  2  1
667 11
-1;9  -1.75  6.15  3.05origin: 40 120  30   -1 6.2 3.1 ..10  2  1
667 12
-1;9  -1.65  6.15  3.05origin: 40 120  30   -1 6.2 3.1 ..10  2  1
667 13
-1;9  -1.55  6.15  3.05origin: 40 120  30   -1 6.2 3.1 ..10  2  1
667 14
-1;9  -1.45  6.15  3.05origin: 40 120  30   -1 6.2 3.1 ..10  2  1
667 15
-1;9  -1.35  6.15  3.05origin: 40 120  30   -1 6.2 3.1 ..10  2  1
667 16
-1;9  -1.25  6.15  3.05origin: 40 120  30   -1 6.2 3.1 ..10  2  1
667 17
-1;9  -1.15  6.15  3.05origin: 40 120  30   -1 6.2 3.1 ..10  2  1
667 18
-1;9  -1.05  6.15  3.05origin: 40 120  30   -1 6.2 3.1 ..10  2  1
667 19
-4.00487 -2.99224   1.2078[0;31m collide!!!!! [0m
[33m[WARN] [1790604334.261980898, 16.214999999]: id:1 Infeasible1! DTG refuse to update![0m
-3.99529  2.99679  1.19559[0;31m collide!!!!! [0m
[33m[WARN] [1790604334.280894392, 16.233000000]: id:2 Infeasible1! DTG refuse to update![0m
-1;9  -1.95  6.15  3.05origin: 40 120  30   -1 6.2 3.1 ..10  2  1
667 10
-1;9  -1.85  6.15  3.05origin: 40 120  30   -1 6.2 3.1 ..10  2  1
667 11
-1;9  -1.75  6.15  3.05origin: 40 120  30   -1 6.2 3.1 ..10  2  1
667 12
-1;9  -1.65  6.15  3.05origin: 40 120  30   -1 6.2 3.1 ..10  2  1
667 13
-1;9  -1.55  6.15  3.05origin: 40 120  30   -1 6.2 3.1 ..10  2  1
667 14
-1;9  -1.45  6.15  3.05origin: 40 120  30   -1 6.2 3.1 ..10  2  1
667 15
-1;9  -1.35  6.15  3.05origin: 40 120  30   -1 6.2 3.1 ..10  2  1
667 16
-1;9  -1.25  6.15  3.05origin: 40 120  30   -1 6.2 3.1 ..10  2  1
667 17
-1;9  -1.15  6.15  3.05origin: 40 120  30   -1 6.2 3.1 ..10  2  1
667 18
-1;9  -1.05  6.15  3.05origin: 40 120  30   -1 6.2 3.1 ..10  2  1
667 19
-3.99835 -2.99977  1.20467[0;31m collide!!!!! [0m
[33m[WARN] [1790604334.467041253, 16.425000000]: id:1 Infeasible1! DTG refuse to update![0m
-3.99779  2.99711  1.19763[0;31m collide!!!!! [0m
[33m[WARN] [1790604334.483584145, 16.434000000]: id:2 Infeasible1! DTG refuse to update![0m
-1;9  -1.95  6.15  3.05origin: 40 120  30   -1 6.2 3.1 ..10  2  1
667 10
-1;9  -1.85  6.15  3.05origin: 40 120  30   -1 6.2 3.1 ..10  2  1
667 11
-1;9  -1.75  6.15  3.05origin: 40 120  30   -1 6.2 3.1 ..10  2  1
667 12
-1;9  -1.65  6.15  3.05origin: 40 120  30   -1 6.2 3.1 ..10  2  1
667 13
-1;9  -1.55  6.15  3.05origin: 40 120  30   -1 6.2 3.1 ..10  2  1
667 14
-1;9  -1.45  6.15  3.05origin: 40 120  30   -1 6.2 3.1 ..10  2  1
667 15
-1;9  -1.35  6.15  3.05origin: 40 120  30   -1 6.2 3.1 ..10  2  1
667 16
-1;9  -1.25  6.15  3.05origin: 40 120  30   -1 6.2 3.1 ..10  2  1
667 17
-1;9  -1.15  6.15  3.05origin: 40 120  30   -1 6.2 3.1 ..10  2  1
667 18
-1;9  -1.05  6.15  3.05origin: 40 120  30   -1 6.2 3.1 ..10  2  1
667 19
-3.99839 -2.99695  1.20421[0;31m collide!!!!! [0m
[33m[WARN] [1790604334.667250724, 16.617000000]: id:1 Infeasible1! DTG refuse to update![0m
-3.99395  2.99151  1.19583[0;31m collide!!!!! [0m
[33m[WARN] [1790604334.685933519, 16.626000000]: id:2 Infeasible1! DTG refuse to update![0m
-1;9  -1.95  6.15  3.05origin: 40 120  30   -1 6.2 3.1 ..10  2  1
667 10
-1;9  -1.85  6.15  3.05origin: 40 120  30   -1 6.2 3.1 ..10  2  1
667 11
-1;9  -1.75  6.15  3.05origin: 40 120  30   -1 6.2 3.1 ..10  2  1
667 12
-1;9  -1.65  6.15  3.05origin: 40 120  30   -1 6.2 3.1 ..10  2  1
667 13
-1;9  -1.55  6.15  3.05origin: 40 120  30   -1 6.2 3.1 ..10  2  1
667 14
-1;9  -1.45  6.15  3.05origin: 40 120  30   -1 6.2 3.1 ..10  2  1
667 15
-1;9  -1.35  6.15  3.05origin: 40 120  30   -1 6.2 3.1 ..10  2  1
667 16
-1;9  -1.25  6.15  3.05origin: 40 120  30   -1 6.2 3.1 ..10  2  1
667 17
-1;9  -1.15  6.15  3.05origin: 40 120  30   -1 6.2 3.1 ..10  2  1
667 18
-1;9  -1.05  6.15  3.05origin: 40 120  30   -1 6.2 3.1 ..10  2  1
667 19
-4.00094 -2.99728  1.19967[0;31m collide!!!!! [0m
[33m[WARN] [1790604334.870399748, 16.809000000]: id:1 Infeasible1! DTG refuse to update![0m
-3.99239  2.98149  1.20932[0;31m collide!!!!! [0m
[33m[WARN] [1790604334.876330879, 16.827000000]: id:2 Infeasible1! DTG refuse to update![0m
-1;9  -1.95  6.15  3.05origin: 40 120  30   -1 6.2 3.1 ..10  2  1
667 10
-1;9  -1.85  6.15  3.05origin: 40 120  30   -1 6.2 3.1 ..10  2  1
667 11
-1;9  -1.75  6.15  3.05origin: 40 120  30   -1 6.2 3.1 ..10  2  1
667 12
-1;9  -1.65  6.15  3.05origin: 40 120  30   -1 6.2 3.1 ..10  2  1
667 13
-1;9  -1.55  6.15  3.05origin: 40 120  30   -1 6.2 3.1 ..10  2  1
667 14
-1;9  -1.45  6.15  3.05origin: 40 120  30   -1 6.2 3.1 ..10  2  1
667 15
-1;9  -1.35  6.15  3.05origin: 40 120  30   -1 6.2 3.1 ..10  2  1
667 16
-1;9  -1.25  6.15  3.05origin: 40 120  30   -1 6.2 3.1 ..10  2  1
667 17
-1;9  -1.15  6.15  3.05origin: 40 120  30   -1 6.2 3.1 ..10  2  1
667 18
-1;9  -1.05  6.15  3.05origin: 40 120  30   -1 6.2 3.1 ..10  2  1
667 19
-4.00415 -2.99914   1.1921[0;31m collide!!!!! [0m
[33m[WARN] [1790604335.073159160, 17.019999999]: id:1 Infeasible1! DTG refuse to update![0m
-3.99677  2.99445  1.20312[0;31m collide!!!!! [0m
[33m[WARN] [1790604335.083207015, 17.028999999]: id:2 Infeasible1! DTG refuse to update![0m
-1;9  -1.95  6.15  3.05origin: 40 120  30   -1 6.2 3.1 ..10  2  1
667 10
-1;9  -1.85  6.15  3.05origin: 40 120  30   -1 6.2 3.1 ..10  2  1
667 11
-1;9  -1.75  6.15  3.05origin: 40 120  30   -1 6.2 3.1 ..10  2  1
667 12
-1;9  -1.65  6.15  3.05origin: 40 120  30   -1 6.2 3.1 ..10  2  1
667 13
-1;9  -1.55  6.15  3.05origin: 40 120  30   -1 6.2 3.1 ..10  2  1
667 14
-1;9  -1.45  6.15  3.05origin: 40 120  30   -1 6.2 3.1 ..10  2  1
667 15
-1;9  -1.35  6.15  3.05origin: 40 120  30   -1 6.2 3.1 ..10  2  1
667 16
-1;9  -1.25  6.15  3.05origin: 40 120  30   -1 6.2 3.1 ..10  2  1
667 17
-1;9  -1.15  6.15  3.05origin: 40 120  30   -1 6.2 3.1 ..10  2  1
667 18
-1;9  -1.05  6.15  3.05origin: 40 120  30   -1 6.2 3.1 ..10  2  1
667 19
-4.00393 -3.00295  1.19597[0;31m collide!!!!! [0m
[33m[WARN] [1790604335.277159651, 17.221000000]: id:1 Infeasible1! DTG refuse to update![0m
-3.99694  2.99245   1.1964[0;31m collide!!!!! [0m
[33m[WARN] [1790604335.286479476, 17.230000000]: id:2 Infeasible1! DTG refuse to update![0m
-1;9  -1.95  6.15  3.05origin: 40 120  30   -1 6.2 3.1 ..10  2  1
667 10
-1;9  -1.85  6.15  3.05origin: 40 120  30   -1 6.2 3.1 ..10  2  1
667 11
-1;9  -1.75  6.15  3.05origin: 40 120  30   -1 6.2 3.1 ..10  2  1
667 12
-1;9  -1.65  6.15  3.05origin: 40 120  30   -1 6.2 3.1 ..10  2  1
667 13
-1;9  -1.55  6.15  3.05origin: 40 120  30   -1 6.2 3.1 ..10  2  1
667 14
-1;9  -1.45  6.15  3.05origin: 40 120  30   -1 6.2 3.1 ..10  2  1
667 15
-1;9  -1.35  6.15  3.05origin: 40 120  30   -1 6.2 3.1 ..10  2  1
667 16
-1;9  -1.25  6.15  3.05origin: 40 120  30   -1 6.2 3.1 ..10  2  1
667 17
-1;9  -1.15  6.15  3.05origin: 40 120  30   -1 6.2 3.1 ..10  2  1
667 18
-1;9  -1.05  6.15  3.05origin: 40 120  30   -1 6.2 3.1 ..10  2  1
667 19
-3.99772 -2.99926  1.20047[0;31m collide!!!!! [0m
[33m[WARN] [1790604335.477323225, 17.413000000]: id:1 Infeasible1! DTG refuse to update![0m
-3.99782  2.99444  1.20149[0;31m collide!!!!! [0m
[33m[WARN] [1790604335.492291122, 17.422000000]: id:2 Infeasible1! DTG refuse to update![0m
-1;9  -1.95  6.15  3.05origin: 40 120  30   -1 6.2 3.1 ..10  2  1
667 10
-1;9  -1.85  6.15  3.05origin: 40 120  30   -1 6.2 3.1 ..10  2  1
667 11
-1;9  -1.75  6.15  3.05origin: 40 120  30   -1 6.2 3.1 ..10  2  1
667 12
-1;9  -1.65  6.15  3.05origin: 40 120  30   -1 6.2 3.1 ..10  2  1
667 13
-1;9  -1.55  6.15  3.05origin: 40 120  30   -1 6.2 3.1 ..10  2  1
667 14
-1;9  -1.45  6.15  3.05origin: 40 120  30   -1 6.2 3.1 ..10  2  1
667 15
-1;9  -1.35  6.15  3.05origin: 40 120  30   -1 6.2 3.1 ..10  2  1
667 16
-1;9  -1.25  6.15  3.05origin: 40 120  30   -1 6.2 3.1 ..10  2  1
667 17
-1;9  -1.15  6.15  3.05origin: 40 120  30   -1 6.2 3.1 ..10  2  1
667 18
-1;9  -1.05  6.15  3.05origin: 40 120  30   -1 6.2 3.1 ..10  2  1
667 19
-4.00034 -2.99809  1.19849[0;31m collide!!!!! [0m
[33m[WARN] [1790604335.687433769, 17.623000000]: id:1 Infeasible1! DTG refuse to update![0m
-3.9974 2.99773 1.20493[0;31m collide!!!!! [0m
[33m[WARN] [1790604335.701675762, 17.632000000]: id:2 Infeasible1! DTG refuse to update![0m
-1;9  -1.95  6.15  3.05origin: 40 120  30   -1 6.2 3.1 ..10  2  1
667 10
-1;9  -1.85  6.15  3.05origin: 40 120  30   -1 6.2 3.1 ..10  2  1
667 11
-1;9  -1.75  6.15  3.05origin: 40 120  30   -1 6.2 3.1 ..10  2  1
667 12
-1;9  -1.65  6.15  3.05origin: 40 120  30   -1 6.2 3.1 ..10  2  1
667 13
-1;9  -1.55  6.15  3.05origin: 40 120  30   -1 6.2 3.1 ..10  2  1
667 14
-1;9  -1.45  6.15  3.05origin: 40 120  30   -1 6.2 3.1 ..10  2  1
667 15
-1;9  -1.35  6.15  3.05origin: 40 120  30   -1 6.2 3.1 ..10  2  1
667 16
-1;9  -1.25  6.15  3.05origin: 40 120  30   -1 6.2 3.1 ..10  2  1
667 17
-1;9  -1.15  6.15  3.05origin: 40 120  30   -1 6.2 3.1 ..10  2  1
667 18
-1;9  -1.05  6.15  3.05origin: 40 120  30   -1 6.2 3.1 ..10  2  1
667 19
-3.99138 -3.00324  1.19364[0;31m collide!!!!! [0m
[33m[WARN] [1790604335.890739580, 17.815000000]: id:1 Infeasible1! DTG refuse to update![0m
-3.99752  3.00633  1.20554[0;31m collide!!!!! [0m
[33m[WARN] [1790604335.908730571, 17.824000000]: id:2 Infeasible1! DTG refuse to update![0m
-1;9  -1.95  6.15  3.05origin: 40 120  30   -1 6.2 3.1 ..10  2  1
667 10
-1;9  -1.85  6.15  3.05origin: 40 120  30   -1 6.2 3.1 ..10  2  1
667 11
-1;9  -1.75  6.15  3.05origin: 40 120  30   -1 6.2 3.1 ..10  2  1
667 12
-1;9  -1.65  6.15  3.05origin: 40 120  30   -1 6.2 3.1 ..10  2  1
667 13
-1;9  -1.55  6.15  3.05origin: 40 120  30   -1 6.2 3.1 ..10  2  1
667 14
-1;9  -1.45  6.15  3.05origin: 40 120  30   -1 6.2 3.1 ..10  2  1
667 15
-1;9  -1.35  6.15  3.05origin: 40 120  30   -1 6.2 3.1 ..10  2  1
667 16
-1;9  -1.25  6.15  3.05origin: 40 120  30   -1 6.2 3.1 ..10  2  1
667 17
-1;9  -1.15  6.15  3.05origin: 40 120  30   -1 6.2 3.1 ..10  2  1
667 18
-1;9  -1.05  6.15  3.05origin: 40 120  30   -1 6.2 3.1 ..10  2  1
667 19
-3.99686 -3.00394  1.19918[0;31m collide!!!!! [0m
[33m[WARN] [1790604336.106333490, 18.016999999]: id:1 Infeasible1! DTG refuse to update![0m
-4.00053  3.00184  1.19972[0;31m collide!!!!! [0m
[33m[WARN] [1790604336.115254073, 18.025999999]: id:2 Infeasible1! DTG refuse to update![0m
-1;9  -1.95  6.15  3.05origin: 40 120  30   -1 6.2 3.1 ..10  2  1
667 10
-1;9  -1.85  6.15  3.05origin: 40 120  30   -1 6.2 3.1 ..10  2  1
667 11
-1;9  -1.75  6.15  3.05origin: 40 120  30   -1 6.2 3.1 ..10  2  1
667 12
-1;9  -1.65  6.15  3.05origin: 40 120  30   -1 6.2 3.1 ..10  2  1
667 13
-1;9  -1.55  6.15  3.05origin: 40 120  30   -1 6.2 3.1 ..10  2  1
667 14
-1;9  -1.45  6.15  3.05origin: 40 120  30   -1 6.2 3.1 ..10  2  1
667 15
-1;9  -1.35  6.15  3.05origin: 40 120  30   -1 6.2 3.1 ..10  2  1
667 16
-1;9  -1.25  6.15  3.05origin: 40 120  30   -1 6.2 3.1 ..10  2  1
667 17
-1;9  -1.15  6.15  3.05origin: 40 120  30   -1 6.2 3.1 ..10  2  1
667 18
-1;9  -1.05  6.15  3.05origin: 40 120  30   -1 6.2 3.1 ..10  2  1
667 19
[0;44m id:1 Partition[0m
[33m[WARN] [1790604336.277668239, 18.190000000]: id:1 LocalGVP![0m
[0;44m id:2 Partition[0m
[33m[WARN] [1790604336.278206550, 18.190000000]: id:2 LocalGVP![0m
-3.99445 -3.00408  1.19895[0;31m collide!!!!! [0m
[33m[WARN] [1790604336.307959086, 18.208999999]: id:1 Infeasible1! DTG refuse to update![0m
-4.00396  3.00469  1.20181[0;31m collide!!!!! [0m
[33m[WARN] [1790604336.317057091, 18.217999999]: id:2 Infeasible1! DTG refuse to update![0m
-1;9  -1.95  6.15  3.05origin: 40 120  30   -1 6.2 3.1 ..10  2  1
667 10
-1;9  -1.85  6.15  3.05origin: 40 120  30   -1 6.2 3.1 ..10  2  1
667 11
-1;9  -1.75  6.15  3.05origin: 40 120  30   -1 6.2 3.1 ..10  2  1
667 12
-1;9  -1.65  6.15  3.05origin: 40 120  30   -1 6.2 3.1 ..10  2  1
667 13
-1;9  -1.55  6.15  3.05origin: 40 120  30   -1 6.2 3.1 ..10  2  1
667 14
-1;9  -1.45  6.15  3.05origin: 40 120  30   -1 6.2 3.1 ..10  2  1
667 15
-1;9  -1.35  6.15  3.05origin: 40 120  30   -1 6.2 3.1 ..10  2  1
667 16
-1;9  -1.25  6.15  3.05origin: 40 120  30   -1 6.2 3.1 ..10  2  1
667 17
-1;9  -1.15  6.15  3.05origin: 40 120  30   -1 6.2 3.1 ..10  2  1
667 18
-1;9  -1.05  6.15  3.05origin: 40 120  30   -1 6.2 3.1 ..10  2  1
667 19
-3.98881 -3.00187   1.1966[0;31m collide!!!!! [0m
[33m[WARN] [1790604336.519740549, 18.419000000]: id:1 Infeasible1! DTG refuse to update![0m
-4.00331  2.99897  1.20734[0;31m collide!!!!! [0m
[33m[WARN] [1790604336.531648416, 18.428000000]: id:2 Infeasible1! DTG refuse to update![0m
-1;9  -1.95  6.15  3.05origin: 40 120  30   -1 6.2 3.1 ..10  2  1
667 10
-1;9  -1.85  6.15  3.05origin: 40 120  30   -1 6.2 3.1 ..10  2  1
667 11
-1;9  -1.75  6.15  3.05origin: 40 120  30   -1 6.2 3.1 ..10  2  1
667 12
-1;9  -1.65  6.15  3.05origin: 40 120  30   -1 6.2 3.1 ..10  2  1
667 13
-1;9  -1.55  6.15  3.05origin: 40 120  30   -1 6.2 3.1 ..10  2  1
667 14
-1;9  -1.45  6.15  3.05origin: 40 120  30   -1 6.2 3.1 ..10  2  1
667 15
-1;9  -1.35  6.15  3.05origin: 40 120  30   -1 6.2 3.1 ..10  2  1
667 16
-1;9  -1.25  6.15  3.05origin: 40 120  30   -1 6.2 3.1 ..10  2  1
667 17
-1;9  -1.15  6.15  3.05origin: 40 120  30   -1 6.2 3.1 ..10  2  1
667 18
-1;9  -1.05  6.15  3.05origin: 40 120  30   -1 6.2 3.1 ..10  2  1
667 19
-3.99716 -2.99606  1.19452[0;31m collide!!!!! [0m
[33m[WARN] [1790604336.718893992, 18.611000000]: id:1 Infeasible1! DTG refuse to update![0m
-3.99854  2.99775  1.19751[0;31m collide!!!!! [0m
[33m[WARN] [1790604336.736346339, 18.629000000]: id:2 Infeasible1! DTG refuse to update![0m
-1;9  -1.95  6.15  3.05origin: 40 120  30   -1 6.2 3.1 ..10  2  1
667 10
-1;9  -1.85  6.15  3.05origin: 40 120  30   -1 6.2 3.1 ..10  2  1
667 11
-1;9  -1.75  6.15  3.05origin: 40 120  30   -1 6.2 3.1 ..10  2  1
667 12
-1;9  -1.65  6.15  3.05origin: 40 120  30   -1 6.2 3.1 ..10  2  1
667 13
-1;9  -1.55  6.15  3.05origin: 40 120  30   -1 6.2 3.1 ..10  2  1
667 14
-1;9  -1.45  6.15  3.05origin: 40 120  30   -1 6.2 3.1 ..10  2  1
667 15
-1;9  -1.35  6.15  3.05origin: 40 120  30   -1 6.2 3.1 ..10  2  1
667 16
-1;9  -1.25  6.15  3.05origin: 40 120  30   -1 6.2 3.1 ..10  2  1
667 17
-1;9  -1.15  6.15  3.05origin: 40 120  30   -1 6.2 3.1 ..10  2  1
667 18
-1;9  -1.05  6.15  3.05origin: 40 120  30   -1 6.2 3.1 ..10  2  1
667 19
-4.00073 -3.00136  1.19549[0;31m collide!!!!! [0m
[33m[WARN] [1790604336.928911157, 18.821000000]: id:1 Infeasible1! DTG refuse to update![0m
-4.00054  2.99899  1.20168[0;31m collide!!!!! [0m
[33m[WARN] [1790604336.948530337, 18.839999999]: id:2 Infeasible1! DTG refuse to update![0m
-1;9  -1.95  6.15  3.05origin: 40 120  30   -1 6.2 3.1 ..10  2  1
667 10
-1;9  -1.85  6.15  3.05origin: 40 120  30   -1 6.2 3.1 ..10  2  1
667 11
-1;9  -1.75  6.15  3.05origin: 40 120  30   -1 6.2 3.1 ..10  2  1
667 12
-1;9  -1.65  6.15  3.05origin: 40 120  30   -1 6.2 3.1 ..10  2  1
667 13
-1;9  -1.55  6.15  3.05origin: 40 120  30   -1 6.2 3.1 ..10  2  1
667 14
-1;9  -1.45  6.15  3.05origin: 40 120  30   -1 6.2 3.1 ..10  2  1
667 15
-1;9  -1.35  6.15  3.05origin: 40 120  30   -1 6.2 3.1 ..10  2  1
667 16
-1;9  -1.25  6.15  3.05origin: 40 120  30   -1 6.2 3.1 ..10  2  1
667 17
-1;9  -1.15  6.15  3.05origin: 40 120  30   -1 6.2 3.1 ..10  2  1
667 18
-1;9  -1.05  6.15  3.05origin: 40 120  30   -1 6.2 3.1 ..10  2  1
667 19
-4.00157 -2.99623  1.20051[0;31m collide!!!!! [0m
[33m[WARN] [1790604337.128987979, 19.013000000]: id:1 Infeasible1! DTG refuse to update![0m
-3.99687  3.00195  1.20425[0;31m collide!!!!! [0m
[33m[WARN] [1790604337.143720925, 19.022999999]: id:2 Infeasible1! DTG refuse to update![0m
-1;9  -1.95  6.15  3.05origin: 40 120  30   -1 6.2 3.1 ..10  2  1
667 10
-1;9  -1.85  6.15  3.05origin: 40 120  30   -1 6.2 3.1 ..10  2  1
667 11
-1;9  -1.75  6.15  3.05origin: 40 120  30   -1 6.2 3.1 ..10  2  1
667 12
-1;9  -1.65  6.15  3.05origin: 40 120  30   -1 6.2 3.1 ..10  2  1
667 13
-1;9  -1.55  6.15  3.05origin: 40 120  30   -1 6.2 3.1 ..10  2  1
667 14
-1;9  -1.45  6.15  3.05origin: 40 120  30   -1 6.2 3.1 ..10  2  1
667 15
-1;9  -1.35  6.15  3.05origin: 40 120  30   -1 6.2 3.1 ..10  2  1
667 16
-1;9  -1.25  6.15  3.05origin: 40 120  30   -1 6.2 3.1 ..10  2  1
667 17
-1;9  -1.15  6.15  3.05origin: 40 120  30   -1 6.2 3.1 ..10  2  1
667 18
-1;9  -1.05  6.15  3.05origin: 40 120  30   -1 6.2 3.1 ..10  2  1
667 19
-3.99588 -3.00872   1.1934[0;31m collide!!!!! [0m
[33m[WARN] [1790604337.338011730, 19.216000000]: id:1 Infeasible1! DTG refuse to update![0m
-4.00125  2.99773  1.20013[0;31m collide!!!!! [0m
[33m[WARN] [1790604337.354092933, 19.234000000]: id:2 Infeasible1! DTG refuse to update![0m
-1;9  -1.95  6.15  3.05origin: 40 120  30   -1 6.2 3.1 ..10  2  1
667 10
-1;9  -1.85  6.15  3.05origin: 40 120  30   -1 6.2 3.1 ..10  2  1
667 11
-1;9  -1.75  6.15  3.05origin: 40 120  30   -1 6.2 3.1 ..10  2  1
667 12
-1;9  -1.65  6.15  3.05origin: 40 120  30   -1 6.2 3.1 ..10  2  1
667 13
-1;9  -1.55  6.15  3.05origin: 40 120  30   -1 6.2 3.1 ..10  2  1
667 14
-1;9  -1.45  6.15  3.05origin: 40 120  30   -1 6.2 3.1 ..10  2  1
667 15
-1;9  -1.35  6.15  3.05origin: 40 120  30   -1 6.2 3.1 ..10  2  1
667 16
-1;9  -1.25  6.15  3.05origin: 40 120  30   -1 6.2 3.1 ..10  2  1
667 17
-1;9  -1.15  6.15  3.05origin: 40 120  30   -1 6.2 3.1 ..10  2  1
667 18
-1;9  -1.05  6.15  3.05origin: 40 120  30   -1 6.2 3.1 ..10  2  1
667 19
-3.99994 -3.00483  1.19781[0;31m collide!!!!! [0m
[33m[WARN] [1790604337.541744337, 19.417000000]: id:1 Infeasible1! DTG refuse to update![0m
-3.99491  2.99569  1.19995[0;31m collide!!!!! [0m
[33m[WARN] [1790604337.553791274, 19.426999999]: id:2 Infeasible1! DTG refuse to update![0m
-1;9  -1.95  6.15  3.05origin: 40 120  30   -1 6.2 3.1 ..10  2  1
667 10
-1;9  -1.85  6.15  3.05origin: 40 120  30   -1 6.2 3.1 ..10  2  1
667 11
-1;9  -1.75  6.15  3.05origin: 40 120  30   -1 6.2 3.1 ..10  2  1
667 12
-1;9  -1.65  6.15  3.05origin: 40 120  30   -1 6.2 3.1 ..10  2  1
667 13
-1;9  -1.55  6.15  3.05origin: 40 120  30   -1 6.2 3.1 ..10  2  1
667 14
-1;9  -1.45  6.15  3.05origin: 40 120  30   -1 6.2 3.1 ..10  2  1
667 15
-1;9  -1.35  6.15  3.05origin: 40 120  30   -1 6.2 3.1 ..10  2  1
667 16
-1;9  -1.25  6.15  3.05origin: 40 120  30   -1 6.2 3.1 ..10  2  1
667 17
-1;9  -1.15  6.15  3.05origin: 40 120  30   -1 6.2 3.1 ..10  2  1
667 18
-1;9  -1.05  6.15  3.05origin: 40 120  30   -1 6.2 3.1 ..10  2  1
667 19
-3.99984 -2.99573  1.20308[0;31m collide!!!!! [0m
[33m[WARN] [1790604337.744047272, 19.609000000]: id:1 Infeasible1! DTG refuse to update![0m
-4.00294  3.00132  1.19813[0;31m collide!!!!! [0m
[33m[WARN] [1790604337.753154448, 19.628000000]: id:2 Infeasible1! DTG refuse to update![0m
-1;9  -1.95  6.15  3.05origin: 40 120  30   -1 6.2 3.1 ..10  2  1
667 10
-1;9  -1.85  6.15  3.05origin: 40 120  30   -1 6.2 3.1 ..10  2  1
667 11
-1;9  -1.75  6.15  3.05origin: 40 120  30   -1 6.2 3.1 ..10  2  1
667 12
-1;9  -1.65  6.15  3.05origin: 40 120  30   -1 6.2 3.1 ..10  2  1
667 13
-1;9  -1.55  6.15  3.05origin: 40 120  30   -1 6.2 3.1 ..10  2  1
667 14
-1;9  -1.45  6.15  3.05origin: 40 120  30   -1 6.2 3.1 ..10  2  1
667 15
-1;9  -1.35  6.15  3.05origin: 40 120  30   -1 6.2 3.1 ..10  2  1
667 16
-1;9  -1.25  6.15  3.05origin: 40 120  30   -1 6.2 3.1 ..10  2  1
667 17
-1;9  -1.15  6.15  3.05origin: 40 120  30   -1 6.2 3.1 ..10  2  1
667 18
-1;9  -1.05  6.15  3.05origin: 40 120  30   -1 6.2 3.1 ..10  2  1
667 19
-4.00067 -3.00091  1.20357[0;31m collide!!!!! [0m
[33m[WARN] [1790604337.944221726, 19.811000000]: id:1 Infeasible1! DTG refuse to update![0m
-4.00459  2.99746  1.19542[0;31m collide!!!!! [0m
[33m[WARN] [1790604337.955468013, 19.811000000]: id:2 Infeasible1! DTG refuse to update![0m
-1;9  -1.95  6.15  3.05origin: 40 120  30   -1 6.2 3.1 ..10  2  1
667 10
-1;9  -1.85  6.15  3.05origin: 40 120  30   -1 6.2 3.1 ..10  2  1
667 11
-1;9  -1.75  6.15  3.05origin: 40 120  30   -1 6.2 3.1 ..10  2  1
667 12
-1;9  -1.65  6.15  3.05origin: 40 120  30   -1 6.2 3.1 ..10  2  1
667 13
-1;9  -1.55  6.15  3.05origin: 40 120  30   -1 6.2 3.1 ..10  2  1
667 14
-1;9  -1.45  6.15  3.05origin: 40 120  30   -1 6.2 3.1 ..10  2  1
667 15
-1;9  -1.35  6.15  3.05origin: 40 120  30   -1 6.2 3.1 ..10  2  1
667 16
-1;9  -1.25  6.15  3.05origin: 40 120  30   -1 6.2 3.1 ..10  2  1
667 17
-1;9  -1.15  6.15  3.05origin: 40 120  30   -1 6.2 3.1 ..10  2  1
667 18
-1;9  -1.05  6.15  3.05origin: 40 120  30   -1 6.2 3.1 ..10  2  1
667 19
-4.00588 -3.00302  1.20597[0;31m collide!!!!! [0m
[33m[WARN] [1790604338.294026666, 20.030000000]: id:1 Infeasible1! DTG refuse to update![0m
-3.99953   2.9952  1.20267[0;31m collide!!!!! [0m
[33m[WARN] [1790604338.324319513, 20.050000000]: id:2 Infeasible1! DTG refuse to update![0m
-1;9  -1.95  6.15  3.05origin: 40 120  30   -1 6.2 3.1 ..10  2  1
667 10
-1;9  -1.85  6.15  3.05origin: 40 120  30   -1 6.2 3.1 ..10  2  1
667 11
-1;9  -1.75  6.15  3.05origin: 40 120  30   -1 6.2 3.1 ..10  2  1
667 12
-1;9  -1.65  6.15  3.05origin: 40 120  30   -1 6.2 3.1 ..10  2  1
667 13
-1;9  -1.55  6.15  3.05origin: 40 120  30   -1 6.2 3.1 ..10  2  1
667 14
-1;9  -1.45  6.15  3.05origin: 40 120  30   -1 6.2 3.1 ..10  2  1
667 15
-1;9  -1.35  6.15  3.05origin: 40 120  30   -1 6.2 3.1 ..10  2  1
667 16
-1;9  -1.25  6.15  3.05origin: 40 120  30   -1 6.2 3.1 ..10  2  1
667 17
-1;9  -1.15  6.15  3.05origin: 40 120  30   -1 6.2 3.1 ..10  2  1
667 18
-1;9  -1.05  6.15  3.05origin: 40 120  30   -1 6.2 3.1 ..10  2  1
667 19
-4.00825 -3.00419  1.19862[0;31m collide!!!!! [0m
[33m[WARN] [1790604338.504711206, 20.214999999]: id:1 Infeasible1! DTG refuse to update![0m
-3.99465  2.99196  1.19636[0;31m collide!!!!! [0m
[33m[WARN] [1790604338.523936730, 20.224000000]: id:2 Infeasible1! DTG refuse to update![0m
-1;9  -1.95  6.15  3.05origin: 40 120  30   -1 6.2 3.1 ..10  2  1
667 10
-1;9  -1.85  6.15  3.05origin: 40 120  30   -1 6.2 3.1 ..10  2  1
667 11
-1;9  -1.75  6.15  3.05origin: 40 120  30   -1 6.2 3.1 ..10  2  1
667 12
-1;9  -1.65  6.15  3.05origin: 40 120  30   -1 6.2 3.1 ..10  2  1
667 13
-1;9  -1.55  6.15  3.05origin: 40 120  30   -1 6.2 3.1 ..10  2  1
667 14
-1;9  -1.45  6.15  3.05origin: 40 120  30   -1 6.2 3.1 ..10  2  1
667 15
-1;9  -1.35  6.15  3.05origin: 40 120  30   -1 6.2 3.1 ..10  2  1
667 16
-1;9  -1.25  6.15  3.05origin: 40 120  30   -1 6.2 3.1 ..10  2  1
667 17
-1;9  -1.15  6.15  3.05origin: 40 120  30   -1 6.2 3.1 ..10  2  1
667 18
-1;9  -1.05  6.15  3.05origin: 40 120  30   -1 6.2 3.1 ..10  2  1
667 19
-4.00255 -3.00194  1.19491[0;31m collide!!!!! [0m
[33m[WARN] [1790604338.718259385, 20.416000000]: id:1 Infeasible1! DTG refuse to update![0m
-3.99913  2.99437  1.20434[0;31m collide!!!!! [0m
[33m[WARN] [1790604338.729822038, 20.425000000]: id:2 Infeasible1! DTG refuse to update![0m
-1;9  -1.95  6.15  3.05origin: 40 120  30   -1 6.2 3.1 ..10  2  1
667 10
-1;9  -1.85  6.15  3.05origin: 40 120  30   -1 6.2 3.1 ..10  2  1
667 11
-1;9  -1.75  6.15  3.05origin: 40 120  30   -1 6.2 3.1 ..10  2  1
667 12
-1;9  -1.65  6.15  3.05origin: 40 120  30   -1 6.2 3.1 ..10  2  1
667 13
-1;9  -1.55  6.15  3.05origin: 40 120  30   -1 6.2 3.1 ..10  2  1
667 14
-1;9  -1.45  6.15  3.05origin: 40 120  30   -1 6.2 3.1 ..10  2  1
667 15
-1;9  -1.35  6.15  3.05origin: 40 120  30   -1 6.2 3.1 ..10  2  1
667 16
-1;9  -1.25  6.15  3.05origin: 40 120  30   -1 6.2 3.1 ..10  2  1
667 17
-1;9  -1.15  6.15  3.05origin: 40 120  30   -1 6.2 3.1 ..10  2  1
667 18
-1;9  -1.05  6.15  3.05origin: 40 120  30   -1 6.2 3.1 ..10  2  1
667 19
-4.00122 -2.99184  1.20232[0;31m collide!!!!! [0m
[33m[WARN] [1790604338.917016088, 20.608000000]: id:1 Infeasible1! DTG refuse to update![0m
-3.99973  2.99414  1.20129[0;31m collide!!!!! [0m
[33m[WARN] [1790604338.991417729, 20.635000000]: id:2 Infeasible1! DTG refuse to update![0m
-1;9  -1.95  6.15  3.05origin: 40 120  30   -1 6.2 3.1 ..10  2  1
667 10
-1;9  -1.85  6.15  3.05origin: 40 120  30   -1 6.2 3.1 ..10  2  1
667 11
-1;9  -1.75  6.15  3.05origin: 40 120  30   -1 6.2 3.1 ..10  2  1
667 12
-1;9  -1.65  6.15  3.05origin: 40 120  30   -1 6.2 3.1 ..10  2  1
667 13
-1;9  -1.55  6.15  3.05origin: 40 120  30   -1 6.2 3.1 ..10  2  1
667 14
-1;9  -1.45  6.15  3.05origin: 40 120  30   -1 6.2 3.1 ..10  2  1
667 15
-1;9  -1.35  6.15  3.05origin: 40 120  30   -1 6.2 3.1 ..10  2  1
667 16
-1;9  -1.25  6.15  3.05origin: 40 120  30   -1 6.2 3.1 ..10  2  1
667 17
-1;9  -1.15  6.15  3.05origin: 40 120  30   -1 6.2 3.1 ..10  2  1
667 18
-1;9  -1.05  6.15  3.05origin: 40 120  30   -1 6.2 3.1 ..10  2  1
667 19
-4.00002 -2.99649  1.19829[0;31m collide!!!!! [0m
[33m[WARN] [1790604339.248073493, 20.800000000]: id:1 Infeasible1! DTG refuse to update![0m
-3.9975 2.99885 1.20068[0;31m collide!!!!! [0m
[33m[WARN] [1790604339.258280969, 20.827000000]: id:2 Infeasible1! DTG refuse to update![0m
-1;9  -1.95  6.15  3.05origin: 40 120  30   -1 6.2 3.1 ..10  2  1
667 10
-1;9  -1.85  6.15  3.05origin: 40 120  30   -1 6.2 3.1 ..10  2  1
667 11
-1;9  -1.75  6.15  3.05origin: 40 120  30   -1 6.2 3.1 ..10  2  1
667 12
-1;9  -1.65  6.15  3.05origin: 40 120  30   -1 6.2 3.1 ..10  2  1
667 13
-1;9  -1.55  6.15  3.05origin: 40 120  30   -1 6.2 3.1 ..10  2  1
667 14
-1;9  -1.45  6.15  3.05origin: 40 120  30   -1 6.2 3.1 ..10  2  1
667 15
-1;9  -1.35  6.15  3.05origin: 40 120  30   -1 6.2 3.1 ..10  2  1
667 16
-1;9  -1.25  6.15  3.05origin: 40 120  30   -1 6.2 3.1 ..10  2  1
667 17
-1;9  -1.15  6.15  3.05origin: 40 120  30   -1 6.2 3.1 ..10  2  1
667 18
-1;9  -1.05  6.15  3.05origin: 40 120  30   -1 6.2 3.1 ..10  2  1
667 19
-3.99852 -2.99673  1.19885[0;31m collide!!!!! [0m
[33m[WARN] [1790604339.457083946, 21.019999999]: id:1 Infeasible1! DTG refuse to update![0m
-3.99604  3.00287   1.2048[0;31m collide!!!!! [0m
[33m[WARN] [1790604339.469037253, 21.028999999]: id:2 Infeasible1! DTG refuse to update![0m
-1;9  -1.95  6.15  3.05origin: 40 120  30   -1 6.2 3.1 ..10  2  1
667 10
-1;9  -1.85  6.15  3.05origin: 40 120  30   -1 6.2 3.1 ..10  2  1
667 11
-1;9  -1.75  6.15  3.05origin: 40 120  30   -1 6.2 3.1 ..10  2  1
667 12
-1;9  -1.65  6.15  3.05origin: 40 120  30   -1 6.2 3.1 ..10  2  1
667 13
-1;9  -1.55  6.15  3.05origin: 40 120  30   -1 6.2 3.1 ..10  2  1
667 14
-1;9  -1.45  6.15  3.05origin: 40 120  30   -1 6.2 3.1 ..10  2  1
667 15
-1;9  -1.35  6.15  3.05origin: 40 120  30   -1 6.2 3.1 ..10  2  1
667 16
-1;9  -1.25  6.15  3.05origin: 40 120  30   -1 6.2 3.1 ..10  2  1
667 17
-1;9  -1.15  6.15  3.05origin: 40 120  30   -1 6.2 3.1 ..10  2  1
667 18
-1;9  -1.05  6.15  3.05origin: 40 120  30   -1 6.2 3.1 ..10  2  1
667 19
-3.99253 -2.99736  1.19236[0;31m collide!!!!! [0m
[33m[WARN] [1790604339.649610786, 21.211999999]: id:1 Infeasible1! DTG refuse to update![0m
-3.99982  2.99934  1.19888[0;31m collide!!!!! [0m
[33m[WARN] [1790604339.660269405, 21.221000000]: id:2 Infeasible1! DTG refuse to update![0m
[0;44m id:2 Partition[0m
[33m[WARN] [1790604339.660886380, 21.221000000]: id:2 LocalGVP![0m
[0;44m id:1 Partition[0m
[33m[WARN] [1790604339.661748936, 21.221000000]: id:1 LocalGVP![0m
-1;9  -1.95  6.15  3.05origin: 40 120  30   -1 6.2 3.1 ..10  2  1
667 10
-1;9  -1.85  6.15  3.05origin: 40 120  30   -1 6.2 3.1 ..10  2  1
667 11
-1;9  -1.75  6.15  3.05origin: 40 120  30   -1 6.2 3.1 ..10  2  1
667 12
-1;9  -1.65  6.15  3.05origin: 40 120  30   -1 6.2 3.1 ..10  2  1
667 13
-1;9  -1.55  6.15  3.05origin: 40 120  30   -1 6.2 3.1 ..10  2  1
667 14
-1;9  -1.45  6.15  3.05origin: 40 120  30   -1 6.2 3.1 ..10  2  1
667 15
-1;9  -1.35  6.15  3.05origin: 40 120  30   -1 6.2 3.1 ..10  2  1
667 16
-1;9  -1.25  6.15  3.05origin: 40 120  30   -1 6.2 3.1 ..10  2  1
667 17
-1;9  -1.15  6.15  3.05origin: 40 120  30   -1 6.2 3.1 ..10  2  1
667 18
-1;9  -1.05  6.15  3.05origin: 40 120  30   -1 6.2 3.1 ..10  2  1
667 19
-3.99131 -2.99947   1.1945[0;31m collide!!!!! [0m
[33m[WARN] [1790604339.864226374, 21.413000000]: id:1 Infeasible1! DTG refuse to update![0m
-3.99719  2.99689   1.1949[0;31m collide!!!!! [0m
[33m[WARN] [1790604339.875908004, 21.422000000]: id:2 Infeasible1! DTG refuse to update![0m
-1;9  -1.95  6.15  3.05origin: 40 120  30   -1 6.2 3.1 ..10  2  1
667 10
-1;9  -1.85  6.15  3.05origin: 40 120  30   -1 6.2 3.1 ..10  2  1
667 11
-1;9  -1.75  6.15  3.05origin: 40 120  30   -1 6.2 3.1 ..10  2  1
667 12
-1;9  -1.65  6.15  3.05origin: 40 120  30   -1 6.2 3.1 ..10  2  1
667 13
-1;9  -1.55  6.15  3.05origin: 40 120  30   -1 6.2 3.1 ..10  2  1
667 14
-1;9  -1.45  6.15  3.05origin: 40 120  30   -1 6.2 3.1 ..10  2  1
667 15
-1;9  -1.35  6.15  3.05origin: 40 120  30   -1 6.2 3.1 ..10  2  1
667 16
-1;9  -1.25  6.15  3.05origin: 40 120  30   -1 6.2 3.1 ..10  2  1
667 17
-1;9  -1.15  6.15  3.05origin: 40 120  30   -1 6.2 3.1 ..10  2  1
667 18
-1;9  -1.05  6.15  3.05origin: 40 120  30   -1 6.2 3.1 ..10  2  1
667 19
-3.99735 -2.99382  1.20402[0;31m collide!!!!! [0m
[33m[WARN] [1790604340.076688677, 21.614000000]: id:1 Infeasible1! DTG refuse to update![0m
-4.00715  3.00197  1.19806[0;31m collide!!!!! [0m
[33m[WARN] [1790604340.088758959, 21.623000000]: id:2 Infeasible1! DTG refuse to update![0m
-1;9  -1.95  6.15  3.05origin: 40 120  30   -1 6.2 3.1 ..10  2  1
667 10
-1;9  -1.85  6.15  3.05origin: 40 120  30   -1 6.2 3.1 ..10  2  1
667 11
-1;9  -1.75  6.15  3.05origin: 40 120  30   -1 6.2 3.1 ..10  2  1
667 12
-1;9  -1.65  6.15  3.05origin: 40 120  30   -1 6.2 3.1 ..10  2  1
667 13
-1;9  -1.55  6.15  3.05origin: 40 120  30   -1 6.2 3.1 ..10  2  1
667 14
-1;9  -1.45  6.15  3.05origin: 40 120  30   -1 6.2 3.1 ..10  2  1
667 15
-1;9  -1.35  6.15  3.05origin: 40 120  30   -1 6.2 3.1 ..10  2  1
667 16
-1;9  -1.25  6.15  3.05origin: 40 120  30   -1 6.2 3.1 ..10  2  1
667 17
-1;9  -1.15  6.15  3.05origin: 40 120  30   -1 6.2 3.1 ..10  2  1
667 18
-1;9  -1.05  6.15  3.05origin: 40 120  30   -1 6.2 3.1 ..10  2  1
667 19
-4.00161 -3.00345  1.19986[0;31m collide!!!!! [0m
[33m[WARN] [1790604340.279143646, 21.815000000]: id:1 Infeasible1! DTG refuse to update![0m
-3.99425  2.99891  1.19507[0;31m collide!!!!! [0m
[33m[WARN] [1790604340.294215094, 21.824000000]: id:2 Infeasible1! DTG refuse to update![0m
-1;9  -1.95  6.15  3.05origin: 40 120  30   -1 6.2 3.1 ..10  2  1
667 10
-1;9  -1.85  6.15  3.05origin: 40 120  30   -1 6.2 3.1 ..10  2  1
667 11
-1;9  -1.75  6.15  3.05origin: 40 120  30   -1 6.2 3.1 ..10  2  1
667 12
-1;9  -1.65  6.15  3.05origin: 40 120  30   -1 6.2 3.1 ..10  2  1
667 13
-1;9  -1.55  6.15  3.05origin: 40 120  30   -1 6.2 3.1 ..10  2  1
667 14
-1;9  -1.45  6.15  3.05origin: 40 120  30   -1 6.2 3.1 ..10  2  1
667 15
-1;9  -1.35  6.15  3.05origin: 40 120  30   -1 6.2 3.1 ..10  2  1
667 16
-1;9  -1.25  6.15  3.05origin: 40 120  30   -1 6.2 3.1 ..10  2  1
667 17
-1;9  -1.15  6.15  3.05origin: 40 120  30   -1 6.2 3.1 ..10  2  1
667 18
-1;9  -1.05  6.15  3.05origin: 40 120  30   -1 6.2 3.1 ..10  2  1
667 19
-4.00019 -3.00312  1.20358[0;31m collide!!!!! [0m
[33m[WARN] [1790604340.483380172, 22.016999999]: id:1 Infeasible1! DTG refuse to update![0m
-3.9926 2.99958 1.20001[0;31m collide!!!!! [0m
[33m[WARN] [1790604340.492542917, 22.025999999]: id:2 Infeasible1! DTG refuse to update![0m
-1;9  -1.95  6.15  3.05origin: 40 120  30   -1 6.2 3.1 ..10  2  1
667 10
-1;9  -1.85  6.15  3.05origin: 40 120  30   -1 6.2 3.1 ..10  2  1
667 11
-1;9  -1.75  6.15  3.05origin: 40 120  30   -1 6.2 3.1 ..10  2  1
667 12
-1;9  -1.65  6.15  3.05origin: 40 120  30   -1 6.2 3.1 ..10  2  1
667 13
-1;9  -1.55  6.15  3.05origin: 40 120  30   -1 6.2 3.1 ..10  2  1
667 14
-1;9  -1.45  6.15  3.05origin: 40 120  30   -1 6.2 3.1 ..10  2  1
667 15
-1;9  -1.35  6.15  3.05origin: 40 120  30   -1 6.2 3.1 ..10  2  1
667 16
-1;9  -1.25  6.15  3.05origin: 40 120  30   -1 6.2 3.1 ..10  2  1
667 17
-1;9  -1.15  6.15  3.05origin: 40 120  30   -1 6.2 3.1 ..10  2  1
667 18
-1;9  -1.05  6.15  3.05origin: 40 120  30   -1 6.2 3.1 ..10  2  1
667 19
 -3.9959 -3.00368    1.207[0;31m collide!!!!! [0m
[33m[WARN] [1790604340.692158759, 22.217999999]: id:1 Infeasible1! DTG refuse to update![0m
-3.99623  3.00366  1.20214[0;31m collide!!!!! [0m
[33m[WARN] [1790604340.702264809, 22.227000000]: id:2 Infeasible1! DTG refuse to update![0m
-1;9  -1.95  6.15  3.05origin: 40 120  30   -1 6.2 3.1 ..10  2  1
667 10
-1;9  -1.85  6.15  3.05origin: 40 120  30   -1 6.2 3.1 ..10  2  1
667 11
-1;9  -1.75  6.15  3.05origin: 40 120  30   -1 6.2 3.1 ..10  2  1
667 12
-1;9  -1.65  6.15  3.05origin: 40 120  30   -1 6.2 3.1 ..10  2  1
667 13
-1;9  -1.55  6.15  3.05origin: 40 120  30   -1 6.2 3.1 ..10  2  1
667 14
-1;9  -1.45  6.15  3.05origin: 40 120  30   -1 6.2 3.1 ..10  2  1
667 15
-1;9  -1.35  6.15  3.05origin: 40 120  30   -1 6.2 3.1 ..10  2  1
667 16
-1;9  -1.25  6.15  3.05origin: 40 120  30   -1 6.2 3.1 ..10  2  1
667 17
-1;9  -1.15  6.15  3.05origin: 40 120  30   -1 6.2 3.1 ..10  2  1
667 18
-1;9  -1.05  6.15  3.05origin: 40 120  30   -1 6.2 3.1 ..10  2  1
667 19
-4.00166 -3.00866  1.19926[0;31m collide!!!!! [0m
[33m[WARN] [1790604340.881718283, 22.400999999]: id:1 Infeasible1! DTG refuse to update![0m
-4.00104  2.99373  1.19402[0;31m collide!!!!! [0m
[33m[WARN] [1790604340.895099512, 22.428000000]: id:2 Infeasible1! DTG refuse to update![0m
-1;9  -1.95  6.15  3.05origin: 40 120  30   -1 6.2 3.1 ..10  2  1
667 10
-1;9  -1.85  6.15  3.05origin: 40 120  30   -1 6.2 3.1 ..10  2  1
667 11
-1;9  -1.75  6.15  3.05origin: 40 120  30   -1 6.2 3.1 ..10  2  1
667 12
-1;9  -1.65  6.15  3.05origin: 40 120  30   -1 6.2 3.1 ..10  2  1
667 13
-1;9  -1.55  6.15  3.05origin: 40 120  30   -1 6.2 3.1 ..10  2  1
667 14
-1;9  -1.45  6.15  3.05origin: 40 120  30   -1 6.2 3.1 ..10  2  1
667 15
-1;9  -1.35  6.15  3.05origin: 40 120  30   -1 6.2 3.1 ..10  2  1
667 16
-1;9  -1.25  6.15  3.05origin: 40 120  30   -1 6.2 3.1 ..10  2  1
667 17
-1;9  -1.15  6.15  3.05origin: 40 120  30   -1 6.2 3.1 ..10  2  1
667 18
-1;9  -1.05  6.15  3.05origin: 40 120  30   -1 6.2 3.1 ..10  2  1
667 19
-4.00331 -3.00355  1.19923[0;31m collide!!!!! [0m
[33m[WARN] [1790604341.096547769, 22.611000000]: id:1 Infeasible1! DTG refuse to update![0m
-4.00075  2.99668  1.19792[0;31m collide!!!!! [0m
[33m[WARN] [1790604341.112402442, 22.638000000]: id:2 Infeasible1! DTG refuse to update![0m
-1;9  -1.95  6.15  3.05origin: 40 120  30   -1 6.2 3.1 ..10  2  1
667 10
-1;9  -1.85  6.15  3.05origin: 40 120  30   -1 6.2 3.1 ..10  2  1
667 11
-1;9  -1.75  6.15  3.05origin: 40 120  30   -1 6.2 3.1 ..10  2  1
667 12
-1;9  -1.65  6.15  3.05origin: 40 120  30   -1 6.2 3.1 ..10  2  1
667 13
-1;9  -1.55  6.15  3.05origin: 40 120  30   -1 6.2 3.1 ..10  2  1
667 14
-1;9  -1.45  6.15  3.05origin: 40 120  30   -1 6.2 3.1 ..10  2  1
667 15
-1;9  -1.35  6.15  3.05origin: 40 120  30   -1 6.2 3.1 ..10  2  1
667 16
-1;9  -1.25  6.15  3.05origin: 40 120  30   -1 6.2 3.1 ..10  2  1
667 17
-1;9  -1.15  6.15  3.05origin: 40 120  30   -1 6.2 3.1 ..10  2  1
667 18
-1;9  -1.05  6.15  3.05origin: 40 120  30   -1 6.2 3.1 ..10  2  1
667 19
-4.00148 -3.00685  1.19729[0;31m collide!!!!! [0m
[33m[WARN] [1790604341.306408439, 22.821000000]: id:1 Infeasible1! DTG refuse to update![0m
-4.01247  2.99793   1.1914[0;31m collide!!!!! [0m
[33m[WARN] [1790604341.316843820, 22.830999999]: id:2 Infeasible1! DTG refuse to update![0m
-1;9  -1.95  6.15  3.05origin: 40 120  30   -1 6.2 3.1 ..10  2  1
667 10
-1;9  -1.85  6.15  3.05origin: 40 120  30   -1 6.2 3.1 ..10  2  1
667 11
-1;9  -1.75  6.15  3.05origin: 40 120  30   -1 6.2 3.1 ..10  2  1
667 12
-1;9  -1.65  6.15  3.05origin: 40 120  30   -1 6.2 3.1 ..10  2  1
667 13
-1;9  -1.55  6.15  3.05origin: 40 120  30   -1 6.2 3.1 ..10  2  1
667 14
-1;9  -1.45  6.15  3.05origin: 40 120  30   -1 6.2 3.1 ..10  2  1
667 15
-1;9  -1.35  6.15  3.05origin: 40 120  30   -1 6.2 3.1 ..10  2  1
667 16
-1;9  -1.25  6.15  3.05origin: 40 120  30   -1 6.2 3.1 ..10  2  1
667 17
-1;9  -1.15  6.15  3.05origin: 40 120  30   -1 6.2 3.1 ..10  2  1
667 18
-1;9  -1.05  6.15  3.05origin: 40 120  30   -1 6.2 3.1 ..10  2  1
667 19
 -4.0004 -3.00174  1.19876[0;31m collide!!!!! [0m
[33m[WARN] [1790604341.515479964, 23.013000000]: id:1 Infeasible1! DTG refuse to update![0m
-4.00914  2.99486   1.1964[0;31m collide!!!!! [0m
[33m[WARN] [1790604341.527115571, 23.022999999]: id:2 Infeasible1! DTG refuse to update![0m
-1;9  -1.95  6.15  3.05origin: 40 120  30   -1 6.2 3.1 ..10  2  1
667 10
-1;9  -1.85  6.15  3.05origin: 40 120  30   -1 6.2 3.1 ..10  2  1
667 11
-1;9  -1.75  6.15  3.05origin: 40 120  30   -1 6.2 3.1 ..10  2  1
667 12
-1;9  -1.65  6.15  3.05origin: 40 120  30   -1 6.2 3.1 ..10  2  1
667 13
-1;9  -1.55  6.15  3.05origin: 40 120  30   -1 6.2 3.1 ..10  2  1
667 14
-1;9  -1.45  6.15  3.05origin: 40 120  30   -1 6.2 3.1 ..10  2  1
667 15
-1;9  -1.35  6.15  3.05origin: 40 120  30   -1 6.2 3.1 ..10  2  1
667 16
-1;9  -1.25  6.15  3.05origin: 40 120  30   -1 6.2 3.1 ..10  2  1
667 17
-1;9  -1.15  6.15  3.05origin: 40 120  30   -1 6.2 3.1 ..10  2  1
667 18
-1;9  -1.05  6.15  3.05origin: 40 120  30   -1 6.2 3.1 ..10  2  1
667 19
-3.99146 -3.00058  1.20263[0;31m collide!!!!! [0m
[33m[WARN] [1790604341.712509972, 23.205999999]: id:1 Infeasible1! DTG refuse to update![0m
-4.00732  3.00176   1.2006[0;31m collide!!!!! [0m
[33m[WARN] [1790604341.726385031, 23.224000000]: id:2 Infeasible1! DTG refuse to update![0m
-1;9  -1.95  6.15  3.05origin: 40 120  30   -1 6.2 3.1 ..10  2  1
667 10
-1;9  -1.85  6.15  3.05origin: 40 120  30   -1 6.2 3.1 ..10  2  1
667 11
-1;9  -1.75  6.15  3.05origin: 40 120  30   -1 6.2 3.1 ..10  2  1
667 12
-1;9  -1.65  6.15  3.05origin: 40 120  30   -1 6.2 3.1 ..10  2  1
667 13
-1;9  -1.55  6.15  3.05origin: 40 120  30   -1 6.2 3.1 ..10  2  1
667 14
-1;9  -1.45  6.15  3.05origin: 40 120  30   -1 6.2 3.1 ..10  2  1
667 15
-1;9  -1.35  6.15  3.05origin: 40 120  30   -1 6.2 3.1 ..10  2  1
667 16
-1;9  -1.25  6.15  3.05origin: 40 120  30   -1 6.2 3.1 ..10  2  1
667 17
-1;9  -1.15  6.15  3.05origin: 40 120  30   -1 6.2 3.1 ..10  2  1
667 18
-1;9  -1.05  6.15  3.05origin: 40 120  30   -1 6.2 3.1 ..10  2  1
667 19
 -3.9924 -3.00051    1.199[0;31m collide!!!!! [0m
[33m[WARN] [1790604341.917328621, 23.416000000]: id:1 Infeasible1! DTG refuse to update![0m
-4.00607  2.99328  1.19571[0;31m collide!!!!! [0m
[33m[WARN] [1790604341.928304773, 23.416000000]: id:2 Infeasible1! DTG refuse to update![0m
-1;9  -1.95  6.15  3.05origin: 40 120  30   -1 6.2 3.1 ..10  2  1
667 10
-1;9  -1.85  6.15  3.05origin: 40 120  30   -1 6.2 3.1 ..10  2  1
667 11
-1;9  -1.75  6.15  3.05origin: 40 120  30   -1 6.2 3.1 ..10  2  1
667 12
-1;9  -1.65  6.15  3.05origin: 40 120  30   -1 6.2 3.1 ..10  2  1
667 13
-1;9  -1.55  6.15  3.05origin: 40 120  30   -1 6.2 3.1 ..10  2  1
667 14
-1;9  -1.45  6.15  3.05origin: 40 120  30   -1 6.2 3.1 ..10  2  1
667 15
-1;9  -1.35  6.15  3.05origin: 40 120  30   -1 6.2 3.1 ..10  2  1
667 16
-1;9  -1.25  6.15  3.05origin: 40 120  30   -1 6.2 3.1 ..10  2  1
667 17
-1;9  -1.15  6.15  3.05origin: 40 120  30   -1 6.2 3.1 ..10  2  1
667 18
-1;9  -1.05  6.15  3.05origin: 40 120  30   -1 6.2 3.1 ..10  2  1
667 19
-3.98751 -2.99643  1.19908[0;31m collide!!!!! [0m
[33m[WARN] [1790604342.117264039, 23.608000000]: id:1 Infeasible1! DTG refuse to update![0m
-3.9994 2.98915 1.20031[0;31m collide!!!!! [0m
[33m[WARN] [1790604342.126362670, 23.617000000]: id:2 Infeasible1! DTG refuse to update![0m
-1;9  -1.95  6.15  3.05origin: 40 120  30   -1 6.2 3.1 ..10  2  1
667 10
-1;9  -1.85  6.15  3.05origin: 40 120  30   -1 6.2 3.1 ..10  2  1
667 11
-1;9  -1.75  6.15  3.05origin: 40 120  30   -1 6.2 3.1 ..10  2  1
667 12
-1;9  -1.65  6.15  3.05origin: 40 120  30   -1 6.2 3.1 ..10  2  1
667 13
-1;9  -1.55  6.15  3.05origin: 40 120  30   -1 6.2 3.1 ..10  2  1
667 14
-1;9  -1.45  6.15  3.05origin: 40 120  30   -1 6.2 3.1 ..10  2  1
667 15
-1;9  -1.35  6.15  3.05origin: 40 120  30   -1 6.2 3.1 ..10  2  1
667 16
-1;9  -1.25  6.15  3.05origin: 40 120  30   -1 6.2 3.1 ..10  2  1
667 17
-1;9  -1.15  6.15  3.05origin: 40 120  30   -1 6.2 3.1 ..10  2  1
667 18
-1;9  -1.05  6.15  3.05origin: 40 120  30   -1 6.2 3.1 ..10  2  1
667 19
-3.99545  -2.9952  1.20527[0;31m collide!!!!! [0m
[33m[WARN] [1790604342.321785332, 23.800000000]: id:1 Infeasible1! DTG refuse to update![0m
-3.99398  3.00105  1.18959[0;31m collide!!!!! [0m
[33m[WARN] [1790604342.335086771, 23.827000000]: id:2 Infeasible1! DTG refuse to update![0m
-1;9  -1.95  6.15  3.05origin: 40 120  30   -1 6.2 3.1 ..10  2  1
667 10
-1;9  -1.85  6.15  3.05origin: 40 120  30   -1 6.2 3.1 ..10  2  1
667 11
-1;9  -1.75  6.15  3.05origin: 40 120  30   -1 6.2 3.1 ..10  2  1
667 12
-1;9  -1.65  6.15  3.05origin: 40 120  30   -1 6.2 3.1 ..10  2  1
667 13
-1;9  -1.55  6.15  3.05origin: 40 120  30   -1 6.2 3.1 ..10  2  1
667 14
-1;9  -1.45  6.15  3.05origin: 40 120  30   -1 6.2 3.1 ..10  2  1
667 15
-1;9  -1.35  6.15  3.05origin: 40 120  30   -1 6.2 3.1 ..10  2  1
667 16
-1;9  -1.25  6.15  3.05origin: 40 120  30   -1 6.2 3.1 ..10  2  1
667 17
-1;9  -1.15  6.15  3.05origin: 40 120  30   -1 6.2 3.1 ..10  2  1
667 18
-1;9  -1.05  6.15  3.05origin: 40 120  30   -1 6.2 3.1 ..10  2  1
667 19
-3.99623 -2.99505  1.19713[0;31m collide!!!!! [0m
[33m[WARN] [1790604342.526212328, 24.010000000]: id:1 Infeasible1! DTG refuse to update![0m
-3.99067  3.00451  1.20151[0;31m collide!!!!! [0m
[33m[WARN] [1790604342.535070797, 24.019999999]: id:2 Infeasible1! DTG refuse to update![0m
-1;9  -1.95  6.15  3.05origin: 40 120  30   -1 6.2 3.1 ..10  2  1
667 10
-1;9  -1.85  6.15  3.05origin: 40 120  30   -1 6.2 3.1 ..10  2  1
667 11
-1;9  -1.75  6.15  3.05origin: 40 120  30   -1 6.2 3.1 ..10  2  1
667 12
-1;9  -1.65  6.15  3.05origin: 40 120  30   -1 6.2 3.1 ..10  2  1
667 13
-1;9  -1.55  6.15  3.05origin: 40 120  30   -1 6.2 3.1 ..10  2  1
667 14
-1;9  -1.45  6.15  3.05origin: 40 120  30   -1 6.2 3.1 ..10  2  1
667 15
-1;9  -1.35  6.15  3.05origin: 40 120  30   -1 6.2 3.1 ..10  2  1
667 16
-1;9  -1.25  6.15  3.05origin: 40 120  30   -1 6.2 3.1 ..10  2  1
667 17
-1;9  -1.15  6.15  3.05origin: 40 120  30   -1 6.2 3.1 ..10  2  1
667 18
-1;9  -1.05  6.15  3.05origin: 40 120  30   -1 6.2 3.1 ..10  2  1
667 19
-3.99492 -2.99786   1.1962[0;31m collide!!!!! [0m
[33m[WARN] [1790604342.738422589, 24.221000000]: id:1 Infeasible1! DTG refuse to update![0m
-3.99777  2.99739  1.20319[0;31m collide!!!!! [0m
[33m[WARN] [1790604342.751532057, 24.239000000]: id:2 Infeasible1! DTG refuse to update![0m
[0;44m id:2 Partition[0m
[0;44m id:1 Partition[0m
[33m[WARN] [1790604342.760885856, 24.248000000]: id:2 LocalGVP![0m
[33m[WARN] [1790604342.761604465, 24.248000000]: id:1 LocalGVP![0m
-1;9  -1.95  6.15  3.05origin: 40 120  30   -1 6.2 3.1 ..10  2  1
667 10
-1;9  -1.85  6.15  3.05origin: 40 120  30   -1 6.2 3.1 ..10  2  1
667 11
-1;9  -1.75  6.15  3.05origin: 40 120  30   -1 6.2 3.1 ..10  2  1
667 12
-1;9  -1.65  6.15  3.05origin: 40 120  30   -1 6.2 3.1 ..10  2  1
667 13
-1;9  -1.55  6.15  3.05origin: 40 120  30   -1 6.2 3.1 ..10  2  1
667 14
-1;9  -1.45  6.15  3.05origin: 40 120  30   -1 6.2 3.1 ..10  2  1
667 15
-1;9  -1.35  6.15  3.05origin: 40 120  30   -1 6.2 3.1 ..10  2  1
667 16
-1;9  -1.25  6.15  3.05origin: 40 120  30   -1 6.2 3.1 ..10  2  1
667 17
-1;9  -1.15  6.15  3.05origin: 40 120  30   -1 6.2 3.1 ..10  2  1
667 18
-1;9  -1.05  6.15  3.05origin: 40 120  30   -1 6.2 3.1 ..10  2  1
667 19
-3.99468 -3.00388  1.20575[0;31m collide!!!!! [0m
[33m[WARN] [1790604342.940731818, 24.414000000]: id:1 Infeasible1! DTG refuse to update![0m
-4.00072  2.99912  1.19644[0;31m collide!!!!! [0m
[33m[WARN] [1790604342.945189796, 24.423000000]: id:2 Infeasible1! DTG refuse to update![0m
-1;9  -1.95  6.15  3.05origin: 40 120  30   -1 6.2 3.1 ..10  2  1
667 10
-1;9  -1.85  6.15  3.05origin: 40 120  30   -1 6.2 3.1 ..10  2  1
667 11
-1;9  -1.75  6.15  3.05origin: 40 120  30   -1 6.2 3.1 ..10  2  1
667 12
-1;9  -1.65  6.15  3.05origin: 40 120  30   -1 6.2 3.1 ..10  2  1
667 13
-1;9  -1.55  6.15  3.05origin: 40 120  30   -1 6.2 3.1 ..10  2  1
667 14
-1;9  -1.45  6.15  3.05origin: 40 120  30   -1 6.2 3.1 ..10  2  1
667 15
-1;9  -1.35  6.15  3.05origin: 40 120  30   -1 6.2 3.1 ..10  2  1
667 16
-1;9  -1.25  6.15  3.05origin: 40 120  30   -1 6.2 3.1 ..10  2  1
667 17
-1;9  -1.15  6.15  3.05origin: 40 120  30   -1 6.2 3.1 ..10  2  1
667 18
-1;9  -1.05  6.15  3.05origin: 40 120  30   -1 6.2 3.1 ..10  2  1
667 19
-4.00252 -2.99621  1.19336[0;31m collide!!!!! [0m
[33m[WARN] [1790604343.144552511, 24.625000000]: id:1 Infeasible1! DTG refuse to update![0m
-4.00577  3.00151  1.19839[0;31m collide!!!!! [0m
[33m[WARN] [1790604343.162770323, 24.634000000]: id:2 Infeasible1! DTG refuse to update![0m
-1;9  -1.95  6.15  3.05origin: 40 120  30   -1 6.2 3.1 ..10  2  1
667 10
-1;9  -1.85  6.15  3.05origin: 40 120  30   -1 6.2 3.1 ..10  2  1
667 11
-1;9  -1.75  6.15  3.05origin: 40 120  30   -1 6.2 3.1 ..10  2  1
667 12
-1;9  -1.65  6.15  3.05origin: 40 120  30   -1 6.2 3.1 ..10  2  1
667 13
-1;9  -1.55  6.15  3.05origin: 40 120  30   -1 6.2 3.1 ..10  2  1
667 14
-1;9  -1.45  6.15  3.05origin: 40 120  30   -1 6.2 3.1 ..10  2  1
667 15
-1;9  -1.35  6.15  3.05origin: 40 120  30   -1 6.2 3.1 ..10  2  1
667 16
-1;9  -1.25  6.15  3.05origin: 40 120  30   -1 6.2 3.1 ..10  2  1
667 17
-1;9  -1.15  6.15  3.05origin: 40 120  30   -1 6.2 3.1 ..10  2  1
667 18
-1;9  -1.05  6.15  3.05origin: 40 120  30   -1 6.2 3.1 ..10  2  1
667 19
-4.00102 -2.99015   1.2021[0;31m collide!!!!! [0m
[33m[WARN] [1790604343.354382040, 24.826000000]: id:1 Infeasible1! DTG refuse to update![0m
-4.00802  3.00018  1.20101[0;31m collide!!!!! [0m
[33m[WARN] [1790604343.364214954, 24.835000000]: id:2 Infeasible1! DTG refuse to update![0m
-1;9  -1.95  6.15  3.05origin: 40 120  30   -1 6.2 3.1 ..10  2  1
667 10
-1;9  -1.85  6.15  3.05origin: 40 120  30   -1 6.2 3.1 ..10  2  1
667 11
-1;9  -1.75  6.15  3.05origin: 40 120  30   -1 6.2 3.1 ..10  2  1
667 12
-1;9  -1.65  6.15  3.05origin: 40 120  30   -1 6.2 3.1 ..10  2  1
667 13
-1;9  -1.55  6.15  3.05origin: 40 120  30   -1 6.2 3.1 ..10  2  1
667 14
-1;9  -1.45  6.15  3.05origin: 40 120  30   -1 6.2 3.1 ..10  2  1
667 15
-1;9  -1.35  6.15  3.05origin: 40 120  30   -1 6.2 3.1 ..10  2  1
667 16
-1;9  -1.25  6.15  3.05origin: 40 120  30   -1 6.2 3.1 ..10  2  1
667 17
-1;9  -1.15  6.15  3.05origin: 40 120  30   -1 6.2 3.1 ..10  2  1
667 18
-1;9  -1.05  6.15  3.05origin: 40 120  30   -1 6.2 3.1 ..10  2  1
667 19
-3.99805  -2.9956  1.19606[0;31m collide!!!!! [0m
[33m[WARN] [1790604343.556096305, 25.009000000]: id:1 Infeasible1! DTG refuse to update![0m
-3.99969  3.00486  1.20002[0;31m collide!!!!! [0m
[33m[WARN] [1790604343.580025263, 25.036000000]: id:2 Infeasible1! DTG refuse to update![0m
-1;9  -1.95  6.15  3.05origin: 40 120  30   -1 6.2 3.1 ..10  2  1
667 10
-1;9  -1.85  6.15  3.05origin: 40 120  30   -1 6.2 3.1 ..10  2  1
667 11
-1;9  -1.75  6.15  3.05origin: 40 120  30   -1 6.2 3.1 ..10  2  1
667 12
-1;9  -1.65  6.15  3.05origin: 40 120  30   -1 6.2 3.1 ..10  2  1
667 13
-1;9  -1.55  6.15  3.05origin: 40 120  30   -1 6.2 3.1 ..10  2  1
667 14
-1;9  -1.45  6.15  3.05origin: 40 120  30   -1 6.2 3.1 ..10  2  1
667 15
-1;9  -1.35  6.15  3.05origin: 40 120  30   -1 6.2 3.1 ..10  2  1
667 16
-1;9  -1.25  6.15  3.05origin: 40 120  30   -1 6.2 3.1 ..10  2  1
667 17
-1;9  -1.15  6.15  3.05origin: 40 120  30   -1 6.2 3.1 ..10  2  1
667 18
-1;9  -1.05  6.15  3.05origin: 40 120  30   -1 6.2 3.1 ..10  2  1
667 19
-3.99767 -3.00163  1.19598[0;31m collide!!!!! [0m
[33m[WARN] [1790604343.754815198, 25.201000000]: id:1 Infeasible1! DTG refuse to update![0m
-3.98901  3.00832  1.20179[0;31m collide!!!!! [0m
[33m[WARN] [1790604343.766285014, 25.228000000]: id:2 Infeasible1! DTG refuse to update![0m
-1;9  -1.95  6.15  3.05origin: 40 120  30   -1 6.2 3.1 ..10  2  1
667 10
-1;9  -1.85  6.15  3.05origin: 40 120  30   -1 6.2 3.1 ..10  2  1
667 11
-1;9  -1.75  6.15  3.05origin: 40 120  30   -1 6.2 3.1 ..10  2  1
667 12
-1;9  -1.65  6.15  3.05origin: 40 120  30   -1 6.2 3.1 ..10  2  1
667 13
-1;9  -1.55  6.15  3.05origin: 40 120  30   -1 6.2 3.1 ..10  2  1
667 14
-1;9  -1.45  6.15  3.05origin: 40 120  30   -1 6.2 3.1 ..10  2  1
667 15
-1;9  -1.35  6.15  3.05origin: 40 120  30   -1 6.2 3.1 ..10  2  1
667 16
-1;9  -1.25  6.15  3.05origin: 40 120  30   -1 6.2 3.1 ..10  2  1
667 17
-1;9  -1.15  6.15  3.05origin: 40 120  30   -1 6.2 3.1 ..10  2  1
667 18
-1;9  -1.05  6.15  3.05origin: 40 120  30   -1 6.2 3.1 ..10  2  1
667 19
-4.00508 -2.99635  1.20764[0;31m collide!!!!! [0m
[33m[WARN] [1790604343.955858920, 25.402000000]: id:1 Infeasible1! DTG refuse to update![0m
-3.99291  3.01512  1.19962[0;31m collide!!!!! [0m
[33m[WARN] [1790604343.969913902, 25.420000000]: id:2 Infeasible1! DTG refuse to update![0m
-1;9  -1.95  6.15  3.05origin: 40 120  30   -1 6.2 3.1 ..10  2  1
667 10
-1;9  -1.85  6.15  3.05origin: 40 120  30   -1 6.2 3.1 ..10  2  1
667 11
-1;9  -1.75  6.15  3.05origin: 40 120  30   -1 6.2 3.1 ..10  2  1
667 12
-1;9  -1.65  6.15  3.05origin: 40 120  30   -1 6.2 3.1 ..10  2  1
667 13
-1;9  -1.55  6.15  3.05origin: 40 120  30   -1 6.2 3.1 ..10  2  1
667 14
-1;9  -1.45  6.15  3.05origin: 40 120  30   -1 6.2 3.1 ..10  2  1
667 15
-1;9  -1.35  6.15  3.05origin: 40 120  30   -1 6.2 3.1 ..10  2  1
667 16
-1;9  -1.25  6.15  3.05origin: 40 120  30   -1 6.2 3.1 ..10  2  1
667 17
-1;9  -1.15  6.15  3.05origin: 40 120  30   -1 6.2 3.1 ..10  2  1
667 18
-1;9  -1.05  6.15  3.05origin: 40 120  30   -1 6.2 3.1 ..10  2  1
667 19
-4.00315 -2.99441  1.20436[0;31m collide!!!!! [0m
[33m[WARN] [1790604344.165152640, 25.603000000]: id:1 Infeasible1! DTG refuse to update![0m
-4.00228  3.00254  1.19381[0;31m collide!!!!! [0m
[33m[WARN] [1790604344.183158263, 25.632000000]: id:2 Infeasible1! DTG refuse to update![0m
-1;9  -1.95  6.15  3.05origin: 40 120  30   -1 6.2 3.1 ..10  2  1
667 10
-1;9  -1.85  6.15  3.05origin: 40 120  30   -1 6.2 3.1 ..10  2  1
667 11
-1;9  -1.75  6.15  3.05origin: 40 120  30   -1 6.2 3.1 ..10  2  1
667 12
-1;9  -1.65  6.15  3.05origin: 40 120  30   -1 6.2 3.1 ..10  2  1
667 13
-1;9  -1.55  6.15  3.05origin: 40 120  30   -1 6.2 3.1 ..10  2  1
667 14
-1;9  -1.45  6.15  3.05origin: 40 120  30   -1 6.2 3.1 ..10  2  1
667 15
-1;9  -1.35  6.15  3.05origin: 40 120  30   -1 6.2 3.1 ..10  2  1
667 16
-1;9  -1.25  6.15  3.05origin: 40 120  30   -1 6.2 3.1 ..10  2  1
667 17
-1;9  -1.15  6.15  3.05origin: 40 120  30   -1 6.2 3.1 ..10  2  1
667 18
-1;9  -1.05  6.15  3.05origin: 40 120  30   -1 6.2 3.1 ..10  2  1
667 19
-3.99689 -2.99873  1.20584[0;31m collide!!!!! [0m
[33m[WARN] [1790604344.368780903, 25.815000000]: id:1 Infeasible1! DTG refuse to update![0m
-3.99953  3.00143  1.19439[0;31m collide!!!!! [0m
[33m[WARN] [1790604344.382547158, 25.824000000]: id:2 Infeasible1! DTG refuse to update![0m
-1;9  -1.95  6.15  3.05origin: 40 120  30   -1 6.2 3.1 ..10  2  1
667 10
-1;9  -1.85  6.15  3.05origin: 40 120  30   -1 6.2 3.1 ..10  2  1
667 11
-1;9  -1.75  6.15  3.05origin: 40 120  30   -1 6.2 3.1 ..10  2  1
667 12
-1;9  -1.65  6.15  3.05origin: 40 120  30   -1 6.2 3.1 ..10  2  1
667 13
-1;9  -1.55  6.15  3.05origin: 40 120  30   -1 6.2 3.1 ..10  2  1
667 14
-1;9  -1.45  6.15  3.05origin: 40 120  30   -1 6.2 3.1 ..10  2  1
667 15
-1;9  -1.35  6.15  3.05origin: 40 120  30   -1 6.2 3.1 ..10  2  1
667 16
-1;9  -1.25  6.15  3.05origin: 40 120  30   -1 6.2 3.1 ..10  2  1
667 17
-1;9  -1.15  6.15  3.05origin: 40 120  30   -1 6.2 3.1 ..10  2  1
667 18
-1;9  -1.05  6.15  3.05origin: 40 120  30   -1 6.2 3.1 ..10  2  1
667 19
-4.00101 -3.00918  1.19735[0;31m collide!!!!! [0m
[33m[WARN] [1790604344.570132570, 26.016999999]: id:1 Infeasible1! DTG refuse to update![0m
-3.99582  2.99741  1.20418[0;31m collide!!!!! [0m
[33m[WARN] [1790604344.583853010, 26.025999999]: id:2 Infeasible1! DTG refuse to update![0m
-1;9  -1.95  6.15  3.05origin: 40 120  30   -1 6.2 3.1 ..10  2  1
667 10
-1;9  -1.85  6.15  3.05origin: 40 120  30   -1 6.2 3.1 ..10  2  1
667 11
-1;9  -1.75  6.15  3.05origin: 40 120  30   -1 6.2 3.1 ..10  2  1
667 12
-1;9  -1.65  6.15  3.05origin: 40 120  30   -1 6.2 3.1 ..10  2  1
667 13
-1;9  -1.55  6.15  3.05origin: 40 120  30   -1 6.2 3.1 ..10  2  1
667 14
-1;9  -1.45  6.15  3.05origin: 40 120  30   -1 6.2 3.1 ..10  2  1
667 15
-1;9  -1.35  6.15  3.05origin: 40 120  30   -1 6.2 3.1 ..10  2  1
667 16
-1;9  -1.25  6.15  3.05origin: 40 120  30   -1 6.2 3.1 ..10  2  1
667 17
-1;9  -1.15  6.15  3.05origin: 40 120  30   -1 6.2 3.1 ..10  2  1
667 18
-1;9  -1.05  6.15  3.05origin: 40 120  30   -1 6.2 3.1 ..10  2  1
667 19
-3.99472 -3.00301  1.21085[0;31m collide!!!!! [0m
[33m[WARN] [1790604344.775969771, 26.217999999]: id:1 Infeasible1! DTG refuse to update![0m
-3.99633  2.99599  1.20038[0;31m collide!!!!! [0m
[33m[WARN] [1790604344.793233982, 26.236000000]: id:2 Infeasible1! DTG refuse to update![0m
-1;9  -1.95  6.15  3.05origin: 40 120  30   -1 6.2 3.1 ..10  2  1
667 10
-1;9  -1.85  6.15  3.05origin: 40 120  30   -1 6.2 3.1 ..10  2  1
667 11
-1;9  -1.75  6.15  3.05origin: 40 120  30   -1 6.2 3.1 ..10  2  1
667 12
-1;9  -1.65  6.15  3.05origin: 40 120  30   -1 6.2 3.1 ..10  2  1
667 13
-1;9  -1.55  6.15  3.05origin: 40 120  30   -1 6.2 3.1 ..10  2  1
667 14
-1;9  -1.45  6.15  3.05origin: 40 120  30   -1 6.2 3.1 ..10  2  1
667 15
-1;9  -1.35  6.15  3.05origin: 40 120  30   -1 6.2 3.1 ..10  2  1
667 16
-1;9  -1.25  6.15  3.05origin: 40 120  30   -1 6.2 3.1 ..10  2  1
667 17
-1;9  -1.15  6.15  3.05origin: 40 120  30   -1 6.2 3.1 ..10  2  1
667 18
-1;9  -1.05  6.15  3.05origin: 40 120  30   -1 6.2 3.1 ..10  2  1
667 19
-4.00492 -3.00181  1.20483[0;31m collide!!!!! [0m
[33m[WARN] [1790604344.971245235, 26.410000000]: id:1 Infeasible1! DTG refuse to update![0m
-3.99759    2.995  1.20087[0;31m collide!!!!! [0m
[33m[WARN] [1790604344.981443331, 26.419000000]: id:2 Infeasible1! DTG refuse to update![0m
-1;9  -1.95  6.15  3.05origin: 40 120  30   -1 6.2 3.1 ..10  2  1
667 10
-1;9  -1.85  6.15  3.05origin: 40 120  30   -1 6.2 3.1 ..10  2  1
667 11
-1;9  -1.75  6.15  3.05origin: 40 120  30   -1 6.2 3.1 ..10  2  1
667 12
-1;9  -1.65  6.15  3.05origin: 40 120  30   -1 6.2 3.1 ..10  2  1
667 13
-1;9  -1.55  6.15  3.05origin: 40 120  30   -1 6.2 3.1 ..10  2  1
667 14
-1;9  -1.45  6.15  3.05origin: 40 120  30   -1 6.2 3.1 ..10  2  1
667 15
-1;9  -1.35  6.15  3.05origin: 40 120  30   -1 6.2 3.1 ..10  2  1
667 16
-1;9  -1.25  6.15  3.05origin: 40 120  30   -1 6.2 3.1 ..10  2  1
667 17
-1;9  -1.15  6.15  3.05origin: 40 120  30   -1 6.2 3.1 ..10  2  1
667 18
-1;9  -1.05  6.15  3.05origin: 40 120  30   -1 6.2 3.1 ..10  2  1
667 19
-3.99584 -2.99776  1.20471[0;31m collide!!!!! [0m
[33m[WARN] [1790604345.188340020, 26.611000000]: id:1 Infeasible1! DTG refuse to update![0m
-3.99165  2.99598  1.19704[0;31m collide!!!!! [0m
[33m[WARN] [1790604345.200256892, 26.620000000]: id:2 Infeasible1! DTG refuse to update![0m
-1;9  -1.95  6.15  3.05origin: 40 120  30   -1 6.2 3.1 ..10  2  1
667 10
-1;9  -1.85  6.15  3.05origin: 40 120  30   -1 6.2 3.1 ..10  2  1
667 11
-1;9  -1.75  6.15  3.05origin: 40 120  30   -1 6.2 3.1 ..10  2  1
667 12
-1;9  -1.65  6.15  3.05origin: 40 120  30   -1 6.2 3.1 ..10  2  1
667 13
-1;9  -1.55  6.15  3.05origin: 40 120  30   -1 6.2 3.1 ..10  2  1
667 14
-1;9  -1.45  6.15  3.05origin: 40 120  30   -1 6.2 3.1 ..10  2  1
667 15
-1;9  -1.35  6.15  3.05origin: 40 120  30   -1 6.2 3.1 ..10  2  1
667 16
-1;9  -1.25  6.15  3.05origin: 40 120  30   -1 6.2 3.1 ..10  2  1
667 17
-1;9  -1.15  6.15  3.05origin: 40 120  30   -1 6.2 3.1 ..10  2  1
667 18
-1;9  -1.05  6.15  3.05origin: 40 120  30   -1 6.2 3.1 ..10  2  1
667 19
 -4.0059 -3.00531  1.20542[0;31m collide!!!!! [0m
[33m[WARN] [1790604345.398253299, 26.812000000]: id:1 Infeasible1! DTG refuse to update![0m
-3.9954 3.00086 1.20377[0;31m collide!!!!! [0m
[33m[WARN] [1790604345.411662834, 26.830999999]: id:2 Infeasible1! DTG refuse to update![0m
-1;9  -1.95  6.15  3.05origin: 40 120  30   -1 6.2 3.1 ..10  2  1
667 10
-1;9  -1.85  6.15  3.05origin: 40 120  30   -1 6.2 3.1 ..10  2  1
667 11
-1;9  -1.75  6.15  3.05origin: 40 120  30   -1 6.2 3.1 ..10  2  1
667 12
-1;9  -1.65  6.15  3.05origin: 40 120  30   -1 6.2 3.1 ..10  2  1
667 13
-1;9  -1.55  6.15  3.05origin: 40 120  30   -1 6.2 3.1 ..10  2  1
667 14
-1;9  -1.45  6.15  3.05origin: 40 120  30   -1 6.2 3.1 ..10  2  1
667 15
-1;9  -1.35  6.15  3.05origin: 40 120  30   -1 6.2 3.1 ..10  2  1
667 16
-1;9  -1.25  6.15  3.05origin: 40 120  30   -1 6.2 3.1 ..10  2  1
667 17
-1;9  -1.15  6.15  3.05origin: 40 120  30   -1 6.2 3.1 ..10  2  1
667 18
-1;9  -1.05  6.15  3.05origin: 40 120  30   -1 6.2 3.1 ..10  2  1
667 19
-3.99775 -3.00116  1.18828[0;31m collide!!!!! [0m
[33m[WARN] [1790604345.611105088, 27.013000000]: id:1 Infeasible1! DTG refuse to update![0m
-3.99676  3.00371  1.20049[0;31m collide!!!!! [0m
[33m[WARN] [1790604345.627459470, 27.032000000]: id:2 Infeasible1! DTG refuse to update![0m
-1;9  -1.95  6.15  3.05origin: 40 120  30   -1 6.2 3.1 ..10  2  1
667 10
-1;9  -1.85  6.15  3.05origin: 40 120  30   -1 6.2 3.1 ..10  2  1
667 11
-1;9  -1.75  6.15  3.05origin: 40 120  30   -1 6.2 3.1 ..10  2  1
667 12
-1;9  -1.65  6.15  3.05origin: 40 120  30   -1 6.2 3.1 ..10  2  1
667 13
-1;9  -1.55  6.15  3.05origin: 40 120  30   -1 6.2 3.1 ..10  2  1
667 14
-1;9  -1.45  6.15  3.05origin: 40 120  30   -1 6.2 3.1 ..10  2  1
667 15
-1;9  -1.35  6.15  3.05origin: 40 120  30   -1 6.2 3.1 ..10  2  1
667 16
-1;9  -1.25  6.15  3.05origin: 40 120  30   -1 6.2 3.1 ..10  2  1
667 17
-1;9  -1.15  6.15  3.05origin: 40 120  30   -1 6.2 3.1 ..10  2  1
667 18
-1;9  -1.05  6.15  3.05origin: 40 120  30   -1 6.2 3.1 ..10  2  1
667 19
-3.99931 -3.00524  1.19445[0;31m collide!!!!! [0m
[33m[WARN] [1790604345.805396311, 27.214999999]: id:1 Infeasible1! DTG refuse to update![0m
-3.9941 3.00152 1.20227[0;31m collide!!!!! [0m
[33m[WARN] [1790604345.813720971, 27.224000000]: id:2 Infeasible1! DTG refuse to update![0m
[0;44m id:1 Partition[0m
[0;44m id:2 Partition[0m
[33m[WARN] [1790604345.865739467, 27.278999999]: id:1 LocalGVP![0m
[33m[WARN] [1790604345.865932022, 27.278999999]: id:2 LocalGVP![0m
-1;9  -1.95  6.15  3.05origin: 40 120  30   -1 6.2 3.1 ..10  2  1
667 10
-1;9  -1.85  6.15  3.05origin: 40 120  30   -1 6.2 3.1 ..10  2  1
667 11
-1;9  -1.75  6.15  3.05origin: 40 120  30   -1 6.2 3.1 ..10  2  1
667 12
-1;9  -1.65  6.15  3.05origin: 40 120  30   -1 6.2 3.1 ..10  2  1
667 13
-1;9  -1.55  6.15  3.05origin: 40 120  30   -1 6.2 3.1 ..10  2  1
667 14
-1;9  -1.45  6.15  3.05origin: 40 120  30   -1 6.2 3.1 ..10  2  1
667 15
-1;9  -1.35  6.15  3.05origin: 40 120  30   -1 6.2 3.1 ..10  2  1
667 16
-1;9  -1.25  6.15  3.05origin: 40 120  30   -1 6.2 3.1 ..10  2  1
667 17
-1;9  -1.15  6.15  3.05origin: 40 120  30   -1 6.2 3.1 ..10  2  1
667 18
-1;9  -1.05  6.15  3.05origin: 40 120  30   -1 6.2 3.1 ..10  2  1
667 19
-4.00088 -3.00308  1.19366[0;31m collide!!!!! [0m
[33m[WARN] [1790604346.006681403, 27.416000000]: id:1 Infeasible1! DTG refuse to update![0m
-4.00233  3.00198  1.19932[0;31m collide!!!!! [0m
[33m[WARN] [1790604346.026942862, 27.425000000]: id:2 Infeasible1! DTG refuse to update![0m
-1;9  -1.95  6.15  3.05origin: 40 120  30   -1 6.2 3.1 ..10  2  1
667 10
-1;9  -1.85  6.15  3.05origin: 40 120  30   -1 6.2 3.1 ..10  2  1
667 11
-1;9  -1.75  6.15  3.05origin: 40 120  30   -1 6.2 3.1 ..10  2  1
667 12
-1;9  -1.65  6.15  3.05origin: 40 120  30   -1 6.2 3.1 ..10  2  1
667 13
-1;9  -1.55  6.15  3.05origin: 40 120  30   -1 6.2 3.1 ..10  2  1
667 14
-1;9  -1.45  6.15  3.05origin: 40 120  30   -1 6.2 3.1 ..10  2  1
667 15
-1;9  -1.35  6.15  3.05origin: 40 120  30   -1 6.2 3.1 ..10  2  1
667 16
-1;9  -1.25  6.15  3.05origin: 40 120  30   -1 6.2 3.1 ..10  2  1
667 17
-1;9  -1.15  6.15  3.05origin: 40 120  30   -1 6.2 3.1 ..10  2  1
667 18
-1;9  -1.05  6.15  3.05origin: 40 120  30   -1 6.2 3.1 ..10  2  1
667 19
-3.99584 -2.99593  1.19358[0;31m collide!!!!! [0m
[33m[WARN] [1790604346.206439524, 27.611000000]: id:1 Infeasible1! DTG refuse to update![0m
-3.99896  3.00444  1.19414[0;31m collide!!!!! [0m
[33m[WARN] [1790604346.218319836, 27.629000000]: id:2 Infeasible1! DTG refuse to update![0m
-1;9  -1.95  6.15  3.05origin: 40 120  30   -1 6.2 3.1 ..10  2  1
667 10
-1;9  -1.85  6.15  3.05origin: 40 120  30   -1 6.2 3.1 ..10  2  1
667 11
-1;9  -1.75  6.15  3.05origin: 40 120  30   -1 6.2 3.1 ..10  2  1
667 12
-1;9  -1.65  6.15  3.05origin: 40 120  30   -1 6.2 3.1 ..10  2  1
667 13
-1;9  -1.55  6.15  3.05origin: 40 120  30   -1 6.2 3.1 ..10  2  1
667 14
-1;9  -1.45  6.15  3.05origin: 40 120  30   -1 6.2 3.1 ..10  2  1
667 15
-1;9  -1.35  6.15  3.05origin: 40 120  30   -1 6.2 3.1 ..10  2  1
667 16
-1;9  -1.25  6.15  3.05origin: 40 120  30   -1 6.2 3.1 ..10  2  1
667 17
-1;9  -1.15  6.15  3.05origin: 40 120  30   -1 6.2 3.1 ..10  2  1
667 18
-1;9  -1.05  6.15  3.05origin: 40 120  30   -1 6.2 3.1 ..10  2  1
667 19
-3.99537 -3.00177  1.20001[0;31m collide!!!!! [0m
[33m[WARN] [1790604346.431730071, 27.821000000]: id:1 Infeasible1! DTG refuse to update![0m
-4.00003  3.01074  1.19823[0;31m collide!!!!! [0m
[33m[WARN] [1790604346.454807688, 27.849000000]: id:2 Infeasible1! DTG refuse to update![0m
-1;9  -1.95  6.15  3.05origin: 40 120  30   -1 6.2 3.1 ..10  2  1
667 10
-1;9  -1.85  6.15  3.05origin: 40 120  30   -1 6.2 3.1 ..10  2  1
667 11
-1;9  -1.75  6.15  3.05origin: 40 120  30   -1 6.2 3.1 ..10  2  1
667 12
-1;9  -1.65  6.15  3.05origin: 40 120  30   -1 6.2 3.1 ..10  2  1
667 13
-1;9  -1.55  6.15  3.05origin: 40 120  30   -1 6.2 3.1 ..10  2  1
667 14
-1;9  -1.45  6.15  3.05origin: 40 120  30   -1 6.2 3.1 ..10  2  1
667 15
-1;9  -1.35  6.15  3.05origin: 40 120  30   -1 6.2 3.1 ..10  2  1
667 16
-1;9  -1.25  6.15  3.05origin: 40 120  30   -1 6.2 3.1 ..10  2  1
667 17
-1;9  -1.15  6.15  3.05origin: 40 120  30   -1 6.2 3.1 ..10  2  1
667 18
-1;9  -1.05  6.15  3.05origin: 40 120  30   -1 6.2 3.1 ..10  2  1
667 19
-3.98525 -2.99954  1.20033[0;31m collide!!!!! [0m
[33m[WARN] [1790604346.639080028, 28.021000000]: id:1 Infeasible1! DTG refuse to update![0m
-4.00837  3.00147  1.19603[0;31m collide!!!!! [0m
[33m[WARN] [1790604346.646115252, 28.030000000]: id:2 Infeasible1! DTG refuse to update![0m
-1;9  -1.95  6.15  3.05origin: 40 120  30   -1 6.2 3.1 ..10  2  1
667 10
-1;9  -1.85  6.15  3.05origin: 40 120  30   -1 6.2 3.1 ..10  2  1
667 11
-1;9  -1.75  6.15  3.05origin: 40 120  30   -1 6.2 3.1 ..10  2  1
667 12
-1;9  -1.65  6.15  3.05origin: 40 120  30   -1 6.2 3.1 ..10  2  1
667 13
-1;9  -1.55  6.15  3.05origin: 40 120  30   -1 6.2 3.1 ..10  2  1
667 14
-1;9  -1.45  6.15  3.05origin: 40 120  30   -1 6.2 3.1 ..10  2  1
667 15
-1;9  -1.35  6.15  3.05origin: 40 120  30   -1 6.2 3.1 ..10  2  1
667 16
-1;9  -1.25  6.15  3.05origin: 40 120  30   -1 6.2 3.1 ..10  2  1
667 17
-1;9  -1.15  6.15  3.05origin: 40 120  30   -1 6.2 3.1 ..10  2  1
667 18
-1;9  -1.05  6.15  3.05origin: 40 120  30   -1 6.2 3.1 ..10  2  1
667 19
-3.99498 -2.99424  1.19428[0;31m collide!!!!! [0m
[33m[WARN] [1790604346.835076519, 28.204000000]: id:1 Infeasible1! DTG refuse to update![0m
-4.00144    3.001  1.19631[0;31m collide!!!!! [0m
[33m[WARN] [1790604346.846449661, 28.222000000]: id:2 Infeasible1! DTG refuse to update![0m
-1;9  -1.95  6.15  3.05origin: 40 120  30   -1 6.2 3.1 ..10  2  1
667 10
-1;9  -1.85  6.15  3.05origin: 40 120  30   -1 6.2 3.1 ..10  2  1
667 11
-1;9  -1.75  6.15  3.05origin: 40 120  30   -1 6.2 3.1 ..10  2  1
667 12
-1;9  -1.65  6.15  3.05origin: 40 120  30   -1 6.2 3.1 ..10  2  1
667 13
-1;9  -1.55  6.15  3.05origin: 40 120  30   -1 6.2 3.1 ..10  2  1
667 14
-1;9  -1.45  6.15  3.05origin: 40 120  30   -1 6.2 3.1 ..10  2  1
667 15
-1;9  -1.35  6.15  3.05origin: 40 120  30   -1 6.2 3.1 ..10  2  1
667 16
-1;9  -1.25  6.15  3.05origin: 40 120  30   -1 6.2 3.1 ..10  2  1
667 17
-1;9  -1.15  6.15  3.05origin: 40 120  30   -1 6.2 3.1 ..10  2  1
667 18
-1;9  -1.05  6.15  3.05origin: 40 120  30   -1 6.2 3.1 ..10  2  1
667 19
-3.99205 -2.99744  1.20171[0;31m collide!!!!! [0m
[33m[WARN] [1790604347.034568090, 28.405000000]: id:1 Infeasible1! DTG refuse to update![0m
-4.00549  3.00512  1.20524[0;31m collide!!!!! [0m
[33m[WARN] [1790604347.043267229, 28.423000000]: id:2 Infeasible1! DTG refuse to update![0m
-1;9  -1.95  6.15  3.05origin: 40 120  30   -1 6.2 3.1 ..10  2  1
667 10
-1;9  -1.85  6.15  3.05origin: 40 120  30   -1 6.2 3.1 ..10  2  1
667 11
-1;9  -1.75  6.15  3.05origin: 40 120  30   -1 6.2 3.1 ..10  2  1
667 12
-1;9  -1.65  6.15  3.05origin: 40 120  30   -1 6.2 3.1 ..10  2  1
667 13
-1;9  -1.55  6.15  3.05origin: 40 120  30   -1 6.2 3.1 ..10  2  1
667 14
-1;9  -1.45  6.15  3.05origin: 40 120  30   -1 6.2 3.1 ..10  2  1
667 15
-1;9  -1.35  6.15  3.05origin: 40 120  30   -1 6.2 3.1 ..10  2  1
667 16
-1;9  -1.25  6.15  3.05origin: 40 120  30   -1 6.2 3.1 ..10  2  1
667 17
-1;9  -1.15  6.15  3.05origin: 40 120  30   -1 6.2 3.1 ..10  2  1
667 18
-1;9  -1.05  6.15  3.05origin: 40 120  30   -1 6.2 3.1 ..10  2  1
667 19
-4.00168 -3.00195  1.20321[0;31m collide!!!!! [0m
[33m[WARN] [1790604347.248666586, 28.606000000]: id:1 Infeasible1! DTG refuse to update![0m
-4.00553  3.00359  1.19682[0;31m collide!!!!! [0m
[33m[WARN] [1790604347.256555028, 28.625000000]: id:2 Infeasible1! DTG refuse to update![0m
-1;9  -1.95  6.15  3.05origin: 40 120  30   -1 6.2 3.1 ..10  2  1
667 10
-1;9  -1.85  6.15  3.05origin: 40 120  30   -1 6.2 3.1 ..10  2  1
667 11
-1;9  -1.75  6.15  3.05origin: 40 120  30   -1 6.2 3.1 ..10  2  1
667 12
-1;9  -1.65  6.15  3.05origin: 40 120  30   -1 6.2 3.1 ..10  2  1
667 13
-1;9  -1.55  6.15  3.05origin: 40 120  30   -1 6.2 3.1 ..10  2  1
667 14
-1;9  -1.45  6.15  3.05origin: 40 120  30   -1 6.2 3.1 ..10  2  1
667 15
-1;9  -1.35  6.15  3.05origin: 40 120  30   -1 6.2 3.1 ..10  2  1
667 16
-1;9  -1.25  6.15  3.05origin: 40 120  30   -1 6.2 3.1 ..10  2  1
667 17
-1;9  -1.15  6.15  3.05origin: 40 120  30   -1 6.2 3.1 ..10  2  1
667 18
-1;9  -1.05  6.15  3.05origin: 40 120  30   -1 6.2 3.1 ..10  2  1
667 19
-4.00014  -2.9944  1.20796[0;31m collide!!!!! [0m
[33m[WARN] [1790604347.456885143, 28.817000000]: id:1 Infeasible1! DTG refuse to update![0m
-4.00481  2.99865  1.19347[0;31m collide!!!!! [0m
[33m[WARN] [1790604347.464801599, 28.826000000]: id:2 Infeasible1! DTG refuse to update![0m
-1;9  -1.95  6.15  3.05origin: 40 120  30   -1 6.2 3.1 ..10  2  1
667 10
-1;9  -1.85  6.15  3.05origin: 40 120  30   -1 6.2 3.1 ..10  2  1
667 11
-1;9  -1.75  6.15  3.05origin: 40 120  30   -1 6.2 3.1 ..10  2  1
667 12
-1;9  -1.65  6.15  3.05origin: 40 120  30   -1 6.2 3.1 ..10  2  1
667 13
-1;9  -1.55  6.15  3.05origin: 40 120  30   -1 6.2 3.1 ..10  2  1
667 14
-1;9  -1.45  6.15  3.05origin: 40 120  30   -1 6.2 3.1 ..10  2  1
667 15
-1;9  -1.35  6.15  3.05origin: 40 120  30   -1 6.2 3.1 ..10  2  1
667 16
-1;9  -1.25  6.15  3.05origin: 40 120  30   -1 6.2 3.1 ..10  2  1
667 17
-1;9  -1.15  6.15  3.05origin: 40 120  30   -1 6.2 3.1 ..10  2  1
667 18
-1;9  -1.05  6.15  3.05origin: 40 120  30   -1 6.2 3.1 ..10  2  1
667 19
-3.99577 -2.99809  1.20238[0;31m collide!!!!! [0m
[33m[WARN] [1790604347.660272203, 29.018000000]: id:1 Infeasible1! DTG refuse to update![0m
-4.00512  3.00476  1.19463[0;31m collide!!!!! [0m
[33m[WARN] [1790604347.671798796, 29.027000000]: id:2 Infeasible1! DTG refuse to update![0m
-1;9  -1.95  6.15  3.05origin: 40 120  30   -1 6.2 3.1 ..10  2  1
667 10
-1;9  -1.85  6.15  3.05origin: 40 120  30   -1 6.2 3.1 ..10  2  1
667 11
-1;9  -1.75  6.15  3.05origin: 40 120  30   -1 6.2 3.1 ..10  2  1
667 12
-1;9  -1.65  6.15  3.05origin: 40 120  30   -1 6.2 3.1 ..10  2  1
667 13
-1;9  -1.55  6.15  3.05origin: 40 120  30   -1 6.2 3.1 ..10  2  1
667 14
-1;9  -1.45  6.15  3.05origin: 40 120  30   -1 6.2 3.1 ..10  2  1
667 15
-1;9  -1.35  6.15  3.05origin: 40 120  30   -1 6.2 3.1 ..10  2  1
667 16
-1;9  -1.25  6.15  3.05origin: 40 120  30   -1 6.2 3.1 ..10  2  1
667 17
-1;9  -1.15  6.15  3.05origin: 40 120  30   -1 6.2 3.1 ..10  2  1
667 18
-1;9  -1.05  6.15  3.05origin: 40 120  30   -1 6.2 3.1 ..10  2  1
667 19
-3.9956 -2.9944 1.20505[0;31m collide!!!!! [0m
[33m[WARN] [1790604347.857052294, 29.210000000]: id:1 Infeasible1! DTG refuse to update![0m
-4.00696  3.00483  1.19989[0;31m collide!!!!! [0m
[33m[WARN] [1790604347.866557752, 29.228000000]: id:2 Infeasible1! DTG refuse to update![0m
-1;9  -1.95  6.15  3.05origin: 40 120  30   -1 6.2 3.1 ..10  2  1
667 10
-1;9  -1.85  6.15  3.05origin: 40 120  30   -1 6.2 3.1 ..10  2  1
667 11
-1;9  -1.75  6.15  3.05origin: 40 120  30   -1 6.2 3.1 ..10  2  1
667 12
-1;9  -1.65  6.15  3.05origin: 40 120  30   -1 6.2 3.1 ..10  2  1
667 13
-1;9  -1.55  6.15  3.05origin: 40 120  30   -1 6.2 3.1 ..10  2  1
667 14
-1;9  -1.45  6.15  3.05origin: 40 120  30   -1 6.2 3.1 ..10  2  1
667 15
-1;9  -1.35  6.15  3.05origin: 40 120  30   -1 6.2 3.1 ..10  2  1
667 16
-1;9  -1.25  6.15  3.05origin: 40 120  30   -1 6.2 3.1 ..10  2  1
667 17
-1;9  -1.15  6.15  3.05origin: 40 120  30   -1 6.2 3.1 ..10  2  1
667 18
-1;9  -1.05  6.15  3.05origin: 40 120  30   -1 6.2 3.1 ..10  2  1
667 19
-3.99327 -2.99857  1.20255[0;31m collide!!!!! [0m
[33m[WARN] [1790604348.072932221, 29.411000000]: id:1 Infeasible1! DTG refuse to update![0m
-4.00425  3.00356  1.20118[0;31m collide!!!!! [0m
[33m[WARN] [1790604348.085834794, 29.439000000]: id:2 Infeasible1! DTG refuse to update![0m
-1;9  -1.95  6.15  3.05origin: 40 120  30   -1 6.2 3.1 ..10  2  1
667 10
-1;9  -1.85  6.15  3.05origin: 40 120  30   -1 6.2 3.1 ..10  2  1
667 11
-1;9  -1.75  6.15  3.05origin: 40 120  30   -1 6.2 3.1 ..10  2  1
667 12
-1;9  -1.65  6.15  3.05origin: 40 120  30   -1 6.2 3.1 ..10  2  1
667 13
-1;9  -1.55  6.15  3.05origin: 40 120  30   -1 6.2 3.1 ..10  2  1
667 14
-1;9  -1.45  6.15  3.05origin: 40 120  30   -1 6.2 3.1 ..10  2  1
667 15
-1;9  -1.35  6.15  3.05origin: 40 120  30   -1 6.2 3.1 ..10  2  1
667 16
-1;9  -1.25  6.15  3.05origin: 40 120  30   -1 6.2 3.1 ..10  2  1
667 17
-1;9  -1.15  6.15  3.05origin: 40 120  30   -1 6.2 3.1 ..10  2  1
667 18
-1;9  -1.05  6.15  3.05origin: 40 120  30   -1 6.2 3.1 ..10  2  1
667 19
-4.00058 -2.99967  1.20353[0;31m collide!!!!! [0m
[33m[WARN] [1790604348.276957600, 29.621999999]: id:1 Infeasible1! DTG refuse to update![0m
-3.99581  3.00761  1.20312[0;31m collide!!!!! [0m
[33m[WARN] [1790604348.290734318, 29.631000000]: id:2 Infeasible1! DTG refuse to update![0m
-1;9  -1.95  6.15  3.05origin: 40 120  30   -1 6.2 3.1 ..10  2  1
667 10
-1;9  -1.85  6.15  3.05origin: 40 120  30   -1 6.2 3.1 ..10  2  1
667 11
-1;9  -1.75  6.15  3.05origin: 40 120  30   -1 6.2 3.1 ..10  2  1
667 12
-1;9  -1.65  6.15  3.05origin: 40 120  30   -1 6.2 3.1 ..10  2  1
667 13
-1;9  -1.55  6.15  3.05origin: 40 120  30   -1 6.2 3.1 ..10  2  1
667 14
-1;9  -1.45  6.15  3.05origin: 40 120  30   -1 6.2 3.1 ..10  2  1
667 15
-1;9  -1.35  6.15  3.05origin: 40 120  30   -1 6.2 3.1 ..10  2  1
667 16
-1;9  -1.25  6.15  3.05origin: 40 120  30   -1 6.2 3.1 ..10  2  1
667 17
-1;9  -1.15  6.15  3.05origin: 40 120  30   -1 6.2 3.1 ..10  2  1
667 18
-1;9  -1.05  6.15  3.05origin: 40 120  30   -1 6.2 3.1 ..10  2  1
667 19
-4.00384 -3.00237  1.19697[0;31m collide!!!!! [0m
[33m[WARN] [1790604348.488337654, 29.814000000]: id:1 Infeasible1! DTG refuse to update![0m
-3.99708   3.0097  1.20536[0;31m collide!!!!! [0m
[33m[WARN] [1790604348.503924652, 29.832000000]: id:2 Infeasible1! DTG refuse to update![0m
-1;9  -1.95  6.15  3.05origin: 40 120  30   -1 6.2 3.1 ..10  2  1
667 10
-1;9  -1.85  6.15  3.05origin: 40 120  30   -1 6.2 3.1 ..10  2  1
667 11
-1;9  -1.75  6.15  3.05origin: 40 120  30   -1 6.2 3.1 ..10  2  1
667 12
-1;9  -1.65  6.15  3.05origin: 40 120  30   -1 6.2 3.1 ..10  2  1
667 13
-1;9  -1.55  6.15  3.05origin: 40 120  30   -1 6.2 3.1 ..10  2  1
667 14
-1;9  -1.45  6.15  3.05origin: 40 120  30   -1 6.2 3.1 ..10  2  1
667 15
-1;9  -1.35  6.15  3.05origin: 40 120  30   -1 6.2 3.1 ..10  2  1
667 16
-1;9  -1.25  6.15  3.05origin: 40 120  30   -1 6.2 3.1 ..10  2  1
667 17
-1;9  -1.15  6.15  3.05origin: 40 120  30   -1 6.2 3.1 ..10  2  1
667 18
-1;9  -1.05  6.15  3.05origin: 40 120  30   -1 6.2 3.1 ..10  2  1
667 19
-3.99919 -3.00883   1.2043[0;31m collide!!!!! [0m
[33m[WARN] [1790604348.696154135, 30.015000000]: id:1 Infeasible1! DTG refuse to update![0m
-3.9893 3.00301 1.20741[0;31m collide!!!!! [0m
[33m[WARN] [1790604348.707220707, 30.033000000]: id:2 Infeasible1! DTG refuse to update![0m
-1;9  -1.95  6.15  3.05origin: 40 120  30   -1 6.2 3.1 ..10  2  1
667 10
-1;9  -1.85  6.15  3.05origin: 40 120  30   -1 6.2 3.1 ..10  2  1
667 11
-1;9  -1.75  6.15  3.05origin: 40 120  30   -1 6.2 3.1 ..10  2  1
667 12
-1;9  -1.65  6.15  3.05origin: 40 120  30   -1 6.2 3.1 ..10  2  1
667 13
-1;9  -1.55  6.15  3.05origin: 40 120  30   -1 6.2 3.1 ..10  2  1
667 14
-1;9  -1.45  6.15  3.05origin: 40 120  30   -1 6.2 3.1 ..10  2  1
667 15
-1;9  -1.35  6.15  3.05origin: 40 120  30   -1 6.2 3.1 ..10  2  1
667 16
-1;9  -1.25  6.15  3.05origin: 40 120  30   -1 6.2 3.1 ..10  2  1
667 17
-1;9  -1.15  6.15  3.05origin: 40 120  30   -1 6.2 3.1 ..10  2  1
667 18
-1;9  -1.05  6.15  3.05origin: 40 120  30   -1 6.2 3.1 ..10  2  1
667 19
-3.99666 -3.00635  1.20213[0;31m collide!!!!! [0m
[33m[WARN] [1790604348.891796783, 30.207000000]: id:1 Infeasible1! DTG refuse to update![0m
-3.99203  3.00303  1.20633[0;31m collide!!!!! [0m
[33m[WARN] [1790604348.909628111, 30.225000000]: id:2 Infeasible1! DTG refuse to update![0m
[0;44m id:1 Partition[0m
[33m[WARN] [1790604348.996769118, 30.307999999]: id:1 LocalGVP![0m
-1;9  -1.95  6.15  3.05origin: 40 120  30   -1 6.2 3.1 ..10  2  1
667 10
-1;9  -1.85  6.15  3.05origin: 40 120  30   -1 6.2 3.1 ..10  2  1
667 11
-1;9  -1.75  6.15  3.05origin: 40 120  30   -1 6.2 3.1 ..10  2  1
667 12
-1;9  -1.65  6.15  3.05origin: 40 120  30   -1 6.2 3.1 ..10  2  1
667 13
-1;9  -1.55  6.15  3.05origin: 40 120  30   -1 6.2 3.1 ..10  2  1
667 14
-1;9  -1.45  6.15  3.05origin: 40 120  30   -1 6.2 3.1 ..10  2  1
667 15
-1;9  -1.35  6.15  3.05origin: 40 120  30   -1 6.2 3.1 ..10  2  1
667 16
-1;9  -1.25  6.15  3.05origin: 40 120  30   -1 6.2 3.1 ..10  2  1
667 17
-1;9  -1.15  6.15  3.05origin: 40 120  30   -1 6.2 3.1 ..10  2  1
667 18
-1;9  -1.05  6.15  3.05origin: 40 120  30   -1 6.2 3.1 ..10  2  1
667 19
[0;44m id:2 Partition[0m
[33m[WARN] [1790604349.006685657, 30.317000000]: id:2 LocalGVP![0m
-3.99748 -3.00209  1.20627[0;31m collide!!!!! [0m
[33m[WARN] [1790604349.120658782, 30.417000000]: id:1 Infeasible1! DTG refuse to update![0m
-3.98852  2.99556  1.20608[0;31m collide!!!!! [0m
[33m[WARN] [1790604349.135245697, 30.426999999]: id:2 Infeasible1! DTG refuse to update![0m
-1;9  -1.95  6.15  3.05origin: 40 120  30   -1 6.2 3.1 ..10  2  1
667 10
-1;9  -1.85  6.15  3.05origin: 40 120  30   -1 6.2 3.1 ..10  2  1
667 11
-1;9  -1.75  6.15  3.05origin: 40 120  30   -1 6.2 3.1 ..10  2  1
667 12
-1;9  -1.65  6.15  3.05origin: 40 120  30   -1 6.2 3.1 ..10  2  1
667 13
-1;9  -1.55  6.15  3.05origin: 40 120  30   -1 6.2 3.1 ..10  2  1
667 14
-1;9  -1.45  6.15  3.05origin: 40 120  30   -1 6.2 3.1 ..10  2  1
667 15
-1;9  -1.35  6.15  3.05origin: 40 120  30   -1 6.2 3.1 ..10  2  1
667 16
-1;9  -1.25  6.15  3.05origin: 40 120  30   -1 6.2 3.1 ..10  2  1
667 17
-1;9  -1.15  6.15  3.05origin: 40 120  30   -1 6.2 3.1 ..10  2  1
667 18
-1;9  -1.05  6.15  3.05origin: 40 120  30   -1 6.2 3.1 ..10  2  1
667 19
 -3.9857 -3.00004  1.20682[0;31m collide!!!!! [0m
[33m[WARN] [1790604349.345681862, 30.618999999]: id:1 Infeasible1! DTG refuse to update![0m
-4.00046  2.99585  1.19822[0;31m collide!!!!! [0m
[33m[WARN] [1790604349.358270070, 30.628000000]: id:2 Infeasible1! DTG refuse to update![0m
-1;9  -1.95  6.15  3.05origin: 40 120  30   -1 6.2 3.1 ..10  2  1
667 10
-1;9  -1.85  6.15  3.05origin: 40 120  30   -1 6.2 3.1 ..10  2  1
667 11
-1;9  -1.75  6.15  3.05origin: 40 120  30   -1 6.2 3.1 ..10  2  1
667 12
-1;9  -1.65  6.15  3.05origin: 40 120  30   -1 6.2 3.1 ..10  2  1
667 13
-1;9  -1.55  6.15  3.05origin: 40 120  30   -1 6.2 3.1 ..10  2  1
667 14
-1;9  -1.45  6.15  3.05origin: 40 120  30   -1 6.2 3.1 ..10  2  1
667 15
-1;9  -1.35  6.15  3.05origin: 40 120  30   -1 6.2 3.1 ..10  2  1
667 16
-1;9  -1.25  6.15  3.05origin: 40 120  30   -1 6.2 3.1 ..10  2  1
667 17
-1;9  -1.15  6.15  3.05origin: 40 120  30   -1 6.2 3.1 ..10  2  1
667 18
-1;9  -1.05  6.15  3.05origin: 40 120  30   -1 6.2 3.1 ..10  2  1
667 19
-3.99921 -2.99593   1.2074[0;31m collide!!!!! [0m
[33m[WARN] [1790604349.565331215, 30.820000000]: id:1 Infeasible1! DTG refuse to update![0m
-4.00421   2.9945  1.20507[0;31m collide!!!!! [0m
[33m[WARN] [1790604349.583148411, 30.829000000]: id:2 Infeasible1! DTG refuse to update![0m
-1;9  -1.95  6.15  3.05origin: 40 120  30   -1 6.2 3.1 ..10  2  1
667 10
-1;9  -1.85  6.15  3.05origin: 40 120  30   -1 6.2 3.1 ..10  2  1
667 11
-1;9  -1.75  6.15  3.05origin: 40 120  30   -1 6.2 3.1 ..10  2  1
667 12
-1;9  -1.65  6.15  3.05origin: 40 120  30   -1 6.2 3.1 ..10  2  1
667 13
-1;9  -1.55  6.15  3.05origin: 40 120  30   -1 6.2 3.1 ..10  2  1
667 14
-1;9  -1.45  6.15  3.05origin: 40 120  30   -1 6.2 3.1 ..10  2  1
667 15
-1;9  -1.35  6.15  3.05origin: 40 120  30   -1 6.2 3.1 ..10  2  1
667 16
-1;9  -1.25  6.15  3.05origin: 40 120  30   -1 6.2 3.1 ..10  2  1
667 17
-1;9  -1.15  6.15  3.05origin: 40 120  30   -1 6.2 3.1 ..10  2  1
667 18
-1;9  -1.05  6.15  3.05origin: 40 120  30   -1 6.2 3.1 ..10  2  1
667 19
-4.00426 -2.99949  1.20029[0;31m collide!!!!! [0m
[33m[WARN] [1790604349.842135007, 31.021999999]: id:1 Infeasible1! DTG refuse to update![0m
-3.9962 3.00147 1.20192[0;31m collide!!!!! [0m
[33m[WARN] [1790604349.849549545, 31.030999999]: id:2 Infeasible1! DTG refuse to update![0m
-1;9  -1.95  6.15  3.05origin: 40 120  30   -1 6.2 3.1 ..10  2  1
667 10
-1;9  -1.85  6.15  3.05origin: 40 120  30   -1 6.2 3.1 ..10  2  1
667 11
-1;9  -1.75  6.15  3.05origin: 40 120  30   -1 6.2 3.1 ..10  2  1
667 12
-1;9  -1.65  6.15  3.05origin: 40 120  30   -1 6.2 3.1 ..10  2  1
667 13
-1;9  -1.55  6.15  3.05origin: 40 120  30   -1 6.2 3.1 ..10  2  1
667 14
-1;9  -1.45  6.15  3.05origin: 40 120  30   -1 6.2 3.1 ..10  2  1
667 15
-1;9  -1.35  6.15  3.05origin: 40 120  30   -1 6.2 3.1 ..10  2  1
667 16
-1;9  -1.25  6.15  3.05origin: 40 120  30   -1 6.2 3.1 ..10  2  1
667 17
-1;9  -1.15  6.15  3.05origin: 40 120  30   -1 6.2 3.1 ..10  2  1
667 18
-1;9  -1.05  6.15  3.05origin: 40 120  30   -1 6.2 3.1 ..10  2  1
667 19
 -3.9911 -2.99627  1.19977[0;31m collide!!!!! [0m
[33m[WARN] [1790604350.074689726, 31.222000000]: id:1 Infeasible1! DTG refuse to update![0m
-3.99913  3.00568  1.20082[0;31m collide!!!!! [0m
[33m[WARN] [1790604350.089555864, 31.242000000]: id:2 Infeasible1! DTG refuse to update![0m
-1;9  -1.95  6.15  3.05origin: 40 120  30   -1 6.2 3.1 ..10  2  1
667 10
-1;9  -1.85  6.15  3.05origin: 40 120  30   -1 6.2 3.1 ..10  2  1
667 11
-1;9  -1.75  6.15  3.05origin: 40 120  30   -1 6.2 3.1 ..10  2  1
667 12
-1;9  -1.65  6.15  3.05origin: 40 120  30   -1 6.2 3.1 ..10  2  1
667 13
-1;9  -1.55  6.15  3.05origin: 40 120  30   -1 6.2 3.1 ..10  2  1
667 14
-1;9  -1.45  6.15  3.05origin: 40 120  30   -1 6.2 3.1 ..10  2  1
667 15
-1;9  -1.35  6.15  3.05origin: 40 120  30   -1 6.2 3.1 ..10  2  1
667 16
-1;9  -1.25  6.15  3.05origin: 40 120  30   -1 6.2 3.1 ..10  2  1
667 17
-1;9  -1.15  6.15  3.05origin: 40 120  30   -1 6.2 3.1 ..10  2  1
667 18
-1;9  -1.05  6.15  3.05origin: 40 120  30   -1 6.2 3.1 ..10  2  1
667 19
 -3.9951 -2.99231  1.20447[0;31m collide!!!!! [0m
[33m[WARN] [1790604350.319979143, 31.425000000]: id:1 Infeasible1! DTG refuse to update![0m
-3.99788  2.99631  1.20249[0;31m collide!!!!! [0m
[33m[WARN] [1790604350.333648724, 31.443000000]: id:2 Infeasible1! DTG refuse to update![0m
-1;9  -1.95  6.15  3.05origin: 40 120  30   -1 6.2 3.1 ..10  2  1
667 10
-1;9  -1.85  6.15  3.05origin: 40 120  30   -1 6.2 3.1 ..10  2  1
667 11
-1;9  -1.75  6.15  3.05origin: 40 120  30   -1 6.2 3.1 ..10  2  1
667 12
-1;9  -1.65  6.15  3.05origin: 40 120  30   -1 6.2 3.1 ..10  2  1
667 13
-1;9  -1.55  6.15  3.05origin: 40 120  30   -1 6.2 3.1 ..10  2  1
667 14
-1;9  -1.45  6.15  3.05origin: 40 120  30   -1 6.2 3.1 ..10  2  1
667 15
-1;9  -1.35  6.15  3.05origin: 40 120  30   -1 6.2 3.1 ..10  2  1
667 16
-1;9  -1.25  6.15  3.05origin: 40 120  30   -1 6.2 3.1 ..10  2  1
667 17
-1;9  -1.15  6.15  3.05origin: 40 120  30   -1 6.2 3.1 ..10  2  1
667 18
-1;9  -1.05  6.15  3.05origin: 40 120  30   -1 6.2 3.1 ..10  2  1
667 19
-3.99212  -2.9945  1.20113[0;31m collide!!!!! [0m
[33m[WARN] [1790604350.517544918, 31.608000000]: id:1 Infeasible1! DTG refuse to update![0m
-4.00542  3.00349  1.19829[0;31m collide!!!!! [0m
[33m[WARN] [1790604350.531120786, 31.626000000]: id:2 Infeasible1! DTG refuse to update![0m
-1;9  -1.95  6.15  3.05origin: 40 120  30   -1 6.2 3.1 ..10  2  1
667 10
-1;9  -1.85  6.15  3.05origin: 40 120  30   -1 6.2 3.1 ..10  2  1
667 11
-1;9  -1.75  6.15  3.05origin: 40 120  30   -1 6.2 3.1 ..10  2  1
667 12
-1;9  -1.65  6.15  3.05origin: 40 120  30   -1 6.2 3.1 ..10  2  1
667 13
-1;9  -1.55  6.15  3.05origin: 40 120  30   -1 6.2 3.1 ..10  2  1
667 14
-1;9  -1.45  6.15  3.05origin: 40 120  30   -1 6.2 3.1 ..10  2  1
667 15
-1;9  -1.35  6.15  3.05origin: 40 120  30   -1 6.2 3.1 ..10  2  1
667 16
-1;9  -1.25  6.15  3.05origin: 40 120  30   -1 6.2 3.1 ..10  2  1
667 17
-1;9  -1.15  6.15  3.05origin: 40 120  30   -1 6.2 3.1 ..10  2  1
667 18
-1;9  -1.05  6.15  3.05origin: 40 120  30   -1 6.2 3.1 ..10  2  1
667 19
 -4.0011 -2.99877  1.20061[0;31m collide!!!!! [0m
[33m[WARN] [1790604350.738787067, 31.818000000]: id:1 Infeasible1! DTG refuse to update![0m
-4.0108 3.00131 1.19716[0;31m collide!!!!! [0m
[33m[WARN] [1790604350.759198726, 31.836999999]: id:2 Infeasible1! DTG refuse to update![0m
-1;9  -1.95  6.15  3.05origin: 40 120  30   -1 6.2 3.1 ..10  2  1
667 10
-1;9  -1.85  6.15  3.05origin: 40 120  30   -1 6.2 3.1 ..10  2  1
667 11
-1;9  -1.75  6.15  3.05origin: 40 120  30   -1 6.2 3.1 ..10  2  1
667 12
-1;9  -1.65  6.15  3.05origin: 40 120  30   -1 6.2 3.1 ..10  2  1
667 13
-1;9  -1.55  6.15  3.05origin: 40 120  30   -1 6.2 3.1 ..10  2  1
667 14
-1;9  -1.45  6.15  3.05origin: 40 120  30   -1 6.2 3.1 ..10  2  1
667 15
-1;9  -1.35  6.15  3.05origin: 40 120  30   -1 6.2 3.1 ..10  2  1
667 16
-1;9  -1.25  6.15  3.05origin: 40 120  30   -1 6.2 3.1 ..10  2  1
667 17
-1;9  -1.15  6.15  3.05origin: 40 120  30   -1 6.2 3.1 ..10  2  1
667 18
-1;9  -1.05  6.15  3.05origin: 40 120  30   -1 6.2 3.1 ..10  2  1
667 19
-4.00524 -3.00602  1.19784[0;31m collide!!!!! [0m
[33m[WARN] [1790604350.953160784, 32.029000000]: id:1 Infeasible1! DTG refuse to update![0m
-4.01041  3.00254  1.20312[0;31m collide!!!!! [0m
[33m[WARN] [1790604350.966287928, 32.039000000]: id:2 Infeasible1! DTG refuse to update![0m
-1;9  -1.95  6.15  3.05origin: 40 120  30   -1 6.2 3.1 ..10  2  1
667 10
-1;9  -1.85  6.15  3.05origin: 40 120  30   -1 6.2 3.1 ..10  2  1
667 11
-1;9  -1.75  6.15  3.05origin: 40 120  30   -1 6.2 3.1 ..10  2  1
667 12
-1;9  -1.65  6.15  3.05origin: 40 120  30   -1 6.2 3.1 ..10  2  1
667 13
-1;9  -1.55  6.15  3.05origin: 40 120  30   -1 6.2 3.1 ..10  2  1
667 14
-1;9  -1.45  6.15  3.05origin: 40 120  30   -1 6.2 3.1 ..10  2  1
667 15
-1;9  -1.35  6.15  3.05origin: 40 120  30   -1 6.2 3.1 ..10  2  1
667 16
-1;9  -1.25  6.15  3.05origin: 40 120  30   -1 6.2 3.1 ..10  2  1
667 17
-1;9  -1.15  6.15  3.05origin: 40 120  30   -1 6.2 3.1 ..10  2  1
667 18
-1;9  -1.05  6.15  3.05origin: 40 120  30   -1 6.2 3.1 ..10  2  1
667 19
-3.99926 -3.00637  1.19368[0;31m collide!!!!! [0m
[33m[WARN] [1790604351.178961711, 32.212000000]: id:1 Infeasible1! DTG refuse to update![0m
-3.99911  2.99585  1.20085[0;31m collide!!!!! [0m
[33m[WARN] [1790604351.187214794, 32.212000000]: id:2 Infeasible1! DTG refuse to update![0m
-1;9  -1.95  6.15  3.05origin: 40 120  30   -1 6.2 3.1 ..10  2  1
667 10
-1;9  -1.85  6.15  3.05origin: 40 120  30   -1 6.2 3.1 ..10  2  1
667 11
-1;9  -1.75  6.15  3.05origin: 40 120  30   -1 6.2 3.1 ..10  2  1
667 12
-1;9  -1.65  6.15  3.05origin: 40 120  30   -1 6.2 3.1 ..10  2  1
667 13
-1;9  -1.55  6.15  3.05origin: 40 120  30   -1 6.2 3.1 ..10  2  1
667 14
-1;9  -1.45  6.15  3.05origin: 40 120  30   -1 6.2 3.1 ..10  2  1
667 15
-1;9  -1.35  6.15  3.05origin: 40 120  30   -1 6.2 3.1 ..10  2  1
667 16
-1;9  -1.25  6.15  3.05origin: 40 120  30   -1 6.2 3.1 ..10  2  1
667 17
-1;9  -1.15  6.15  3.05origin: 40 120  30   -1 6.2 3.1 ..10  2  1
667 18
-1;9  -1.05  6.15  3.05origin: 40 120  30   -1 6.2 3.1 ..10  2  1
667 19
-3.99803 -3.00803  1.20308[0;31m collide!!!!! [0m
[33m[WARN] [1790604351.404126488, 32.414000000]: id:1 Infeasible1! DTG refuse to update![0m
-4.00543   2.9976  1.19175[0;31m collide!!!!! [0m
[33m[WARN] [1790604351.422460067, 32.432000000]: id:2 Infeasible1! DTG refuse to update![0m
-1;9  -1.95  6.15  3.05origin: 40 120  30   -1 6.2 3.1 ..10  2  1
667 10
-1;9  -1.85  6.15  3.05origin: 40 120  30   -1 6.2 3.1 ..10  2  1
667 11
-1;9  -1.75  6.15  3.05origin: 40 120  30   -1 6.2 3.1 ..10  2  1
667 12
-1;9  -1.65  6.15  3.05origin: 40 120  30   -1 6.2 3.1 ..10  2  1
667 13
-1;9  -1.55  6.15  3.05origin: 40 120  30   -1 6.2 3.1 ..10  2  1
667 14
-1;9  -1.45  6.15  3.05origin: 40 120  30   -1 6.2 3.1 ..10  2  1
667 15
-1;9  -1.35  6.15  3.05origin: 40 120  30   -1 6.2 3.1 ..10  2  1
667 16
-1;9  -1.25  6.15  3.05origin: 40 120  30   -1 6.2 3.1 ..10  2  1
667 17
-1;9  -1.15  6.15  3.05origin: 40 120  30   -1 6.2 3.1 ..10  2  1
667 18
-1;9  -1.05  6.15  3.05origin: 40 120  30   -1 6.2 3.1 ..10  2  1
667 19
-3.99768  -3.0058  1.20174[0;31m collide!!!!! [0m
[33m[WARN] [1790604351.648129387, 32.624000000]: id:1 Infeasible1! DTG refuse to update![0m
-4.00328  2.99771  1.19896[0;31m collide!!!!! [0m
[33m[WARN] [1790604351.677377128, 32.651000000]: id:2 Infeasible1! DTG refuse to update![0m
-1;9  -1.95  6.15  3.05origin: 40 120  30   -1 6.2 3.1 ..10  2  1
667 10
-1;9  -1.85  6.15  3.05origin: 40 120  30   -1 6.2 3.1 ..10  2  1
667 11
-1;9  -1.75  6.15  3.05origin: 40 120  30   -1 6.2 3.1 ..10  2  1
667 12
-1;9  -1.65  6.15  3.05origin: 40 120  30   -1 6.2 3.1 ..10  2  1
667 13
-1;9  -1.55  6.15  3.05origin: 40 120  30   -1 6.2 3.1 ..10  2  1
667 14
-1;9  -1.45  6.15  3.05origin: 40 120  30   -1 6.2 3.1 ..10  2  1
667 15
-1;9  -1.35  6.15  3.05origin: 40 120  30   -1 6.2 3.1 ..10  2  1
667 16
-1;9  -1.25  6.15  3.05origin: 40 120  30   -1 6.2 3.1 ..10  2  1
667 17
-1;9  -1.15  6.15  3.05origin: 40 120  30   -1 6.2 3.1 ..10  2  1
667 18
-1;9  -1.05  6.15  3.05origin: 40 120  30   -1 6.2 3.1 ..10  2  1
667 19
-3.99569 -3.00424  1.20875[0;31m collide!!!!! [0m
[33m[WARN] [1790604351.866107613, 32.825000000]: id:1 Infeasible1! DTG refuse to update![0m
-3.99789  2.99267  1.19815[0;31m collide!!!!! [0m
[33m[WARN] [1790604351.886821340, 32.843000000]: id:2 Infeasible1! DTG refuse to update![0m
-1;9  -1.95  6.15  3.05origin: 40 120  30   -1 6.2 3.1 ..10  2  1
667 10
-1;9  -1.85  6.15  3.05origin: 40 120  30   -1 6.2 3.1 ..10  2  1
667 11
-1;9  -1.75  6.15  3.05origin: 40 120  30   -1 6.2 3.1 ..10  2  1
667 12
-1;9  -1.65  6.15  3.05origin: 40 120  30   -1 6.2 3.1 ..10  2  1
667 13
-1;9  -1.55  6.15  3.05origin: 40 120  30   -1 6.2 3.1 ..10  2  1
667 14
-1;9  -1.45  6.15  3.05origin: 40 120  30   -1 6.2 3.1 ..10  2  1
667 15
-1;9  -1.35  6.15  3.05origin: 40 120  30   -1 6.2 3.1 ..10  2  1
667 16
-1;9  -1.25  6.15  3.05origin: 40 120  30   -1 6.2 3.1 ..10  2  1
667 17
-1;9  -1.15  6.15  3.05origin: 40 120  30   -1 6.2 3.1 ..10  2  1
667 18
-1;9  -1.05  6.15  3.05origin: 40 120  30   -1 6.2 3.1 ..10  2  1
667 19
-4.00064  -3.0033  1.19358[0;31m collide!!!!! [0m
[33m[WARN] [1790604352.089027392, 33.026000000]: id:1 Infeasible1! DTG refuse to update![0m
-3.99873  2.99607  1.20537[0;31m collide!!!!! [0m
[33m[WARN] [1790604352.097467360, 33.036999999]: id:2 Infeasible1! DTG refuse to update![0m
-1;9  -1.95  6.15  3.05origin: 40 120  30   -1 6.2 3.1 ..10  2  1
667 10
-1;9  -1.85  6.15  3.05origin: 40 120  30   -1 6.2 3.1 ..10  2  1
667 11
-1;9  -1.75  6.15  3.05origin: 40 120  30   -1 6.2 3.1 ..10  2  1
667 12
-1;9  -1.65  6.15  3.05origin: 40 120  30   -1 6.2 3.1 ..10  2  1
667 13
-1;9  -1.55  6.15  3.05origin: 40 120  30   -1 6.2 3.1 ..10  2  1
667 14
-1;9  -1.45  6.15  3.05origin: 40 120  30   -1 6.2 3.1 ..10  2  1
667 15
-1;9  -1.35  6.15  3.05origin: 40 120  30   -1 6.2 3.1 ..10  2  1
667 16
-1;9  -1.25  6.15  3.05origin: 40 120  30   -1 6.2 3.1 ..10  2  1
667 17
-1;9  -1.15  6.15  3.05origin: 40 120  30   -1 6.2 3.1 ..10  2  1
667 18
-1;9  -1.05  6.15  3.05origin: 40 120  30   -1 6.2 3.1 ..10  2  1
667 19
-4.00279 -3.00434  1.19991[0;31m collide!!!!! [0m
[33m[WARN] [1790604352.299970019, 33.218000000]: id:1 Infeasible1! DTG refuse to update![0m
-3.99968  2.99475  1.20007[0;31m collide!!!!! [0m
[33m[WARN] [1790604352.306120051, 33.228000000]: id:2 Infeasible1! DTG refuse to update![0m
-1;9  -1.95  6.15  3.05origin: 40 120  30   -1 6.2 3.1 ..10  2  1
667 10
-1;9  -1.85  6.15  3.05origin: 40 120  30   -1 6.2 3.1 ..10  2  1
667 11
-1;9  -1.75  6.15  3.05origin: 40 120  30   -1 6.2 3.1 ..10  2  1
667 12
-1;9  -1.65  6.15  3.05origin: 40 120  30   -1 6.2 3.1 ..10  2  1
667 13
-1;9  -1.55  6.15  3.05origin: 40 120  30   -1 6.2 3.1 ..10  2  1
667 14
-1;9  -1.45  6.15  3.05origin: 40 120  30   -1 6.2 3.1 ..10  2  1
667 15
-1;9  -1.35  6.15  3.05origin: 40 120  30   -1 6.2 3.1 ..10  2  1
667 16
-1;9  -1.25  6.15  3.05origin: 40 120  30   -1 6.2 3.1 ..10  2  1
667 17
-1;9  -1.15  6.15  3.05origin: 40 120  30   -1 6.2 3.1 ..10  2  1
667 18
-1;9  -1.05  6.15  3.05origin: 40 120  30   -1 6.2 3.1 ..10  2  1
667 19
[0;44m id:1 Partition[0m
[33m[WARN] [1790604352.406112939, 33.337000000]: id:1 LocalGVP![0m
[0;44m id:2 Partition[0m
[33m[WARN] [1790604352.407461197, 33.337000000]: id:2 LocalGVP![0m
-3.99616 -3.00091  1.20399[0;31m collide!!!!! [0m
[33m[WARN] [1790604352.513590735, 33.429000000]: id:1 Infeasible1! DTG refuse to update![0m
-4.00436  2.99714  1.20301[0;31m collide!!!!! [0m
[33m[WARN] [1790604352.537041079, 33.465000000]: id:2 Infeasible1! DTG refuse to update![0m
-1;9  -1.95  6.15  3.05origin: 40 120  30   -1 6.2 3.1 ..10  2  1
667 10
-1;9  -1.85  6.15  3.05origin: 40 120  30   -1 6.2 3.1 ..10  2  1
667 11
-1;9  -1.75  6.15  3.05origin: 40 120  30   -1 6.2 3.1 ..10  2  1
667 12
-1;9  -1.65  6.15  3.05origin: 40 120  30   -1 6.2 3.1 ..10  2  1
667 13
-1;9  -1.55  6.15  3.05origin: 40 120  30   -1 6.2 3.1 ..10  2  1
667 14
-1;9  -1.45  6.15  3.05origin: 40 120  30   -1 6.2 3.1 ..10  2  1
667 15
-1;9  -1.35  6.15  3.05origin: 40 120  30   -1 6.2 3.1 ..10  2  1
667 16
-1;9  -1.25  6.15  3.05origin: 40 120  30   -1 6.2 3.1 ..10  2  1
667 17
-1;9  -1.15  6.15  3.05origin: 40 120  30   -1 6.2 3.1 ..10  2  1
667 18
-1;9  -1.05  6.15  3.05origin: 40 120  30   -1 6.2 3.1 ..10  2  1
667 19
-4.00653 -3.00277  1.20618[0;31m collide!!!!! [0m
[33m[WARN] [1790604352.695414685, 33.621000000]: id:1 Infeasible1! DTG refuse to update![0m
-3.9974  2.9978 1.20098[0;31m collide!!!!! [0m
[33m[WARN] [1790604352.708886876, 33.630000000]: id:2 Infeasible1! DTG refuse to update![0m
-1;9  -1.95  6.15  3.05origin: 40 120  30   -1 6.2 3.1 ..10  2  1
667 10
-1;9  -1.85  6.15  3.05origin: 40 120  30   -1 6.2 3.1 ..10  2  1
667 11
-1;9  -1.75  6.15  3.05origin: 40 120  30   -1 6.2 3.1 ..10  2  1
667 12
-1;9  -1.65  6.15  3.05origin: 40 120  30   -1 6.2 3.1 ..10  2  1
667 13
-1;9  -1.55  6.15  3.05origin: 40 120  30   -1 6.2 3.1 ..10  2  1
667 14
-1;9  -1.45  6.15  3.05origin: 40 120  30   -1 6.2 3.1 ..10  2  1
667 15
-1;9  -1.35  6.15  3.05origin: 40 120  30   -1 6.2 3.1 ..10  2  1
667 16
-1;9  -1.25  6.15  3.05origin: 40 120  30   -1 6.2 3.1 ..10  2  1
667 17
-1;9  -1.15  6.15  3.05origin: 40 120  30   -1 6.2 3.1 ..10  2  1
667 18
-1;9  -1.05  6.15  3.05origin: 40 120  30   -1 6.2 3.1 ..10  2  1
667 19
-3.99868 -2.99872  1.20399[0;31m collide!!!!! [0m
[33m[WARN] [1790604352.901656046, 33.822000000]: id:1 Infeasible1! DTG refuse to update![0m
-3.99494   2.9987  1.19926[0;31m collide!!!!! [0m
[33m[WARN] [1790604352.923046486, 33.850000000]: id:2 Infeasible1! DTG refuse to update![0m
-1;9  -1.95  6.15  3.05origin: 40 120  30   -1 6.2 3.1 ..10  2  1
667 10
-1;9  -1.85  6.15  3.05origin: 40 120  30   -1 6.2 3.1 ..10  2  1
667 11
-1;9  -1.75  6.15  3.05origin: 40 120  30   -1 6.2 3.1 ..10  2  1
667 12
-1;9  -1.65  6.15  3.05origin: 40 120  30   -1 6.2 3.1 ..10  2  1
667 13
-1;9  -1.55  6.15  3.05origin: 40 120  30   -1 6.2 3.1 ..10  2  1
667 14
-1;9  -1.45  6.15  3.05origin: 40 120  30   -1 6.2 3.1 ..10  2  1
667 15
-1;9  -1.35  6.15  3.05origin: 40 120  30   -1 6.2 3.1 ..10  2  1
667 16
-1;9  -1.25  6.15  3.05origin: 40 120  30   -1 6.2 3.1 ..10  2  1
667 17
-1;9  -1.15  6.15  3.05origin: 40 120  30   -1 6.2 3.1 ..10  2  1
667 18
-1;9  -1.05  6.15  3.05origin: 40 120  30   -1 6.2 3.1 ..10  2  1
667 19
-4.00032 -2.99818  1.19891[0;31m collide!!!!! [0m
[33m[WARN] [1790604353.095362351, 34.014000000]: id:1 Infeasible1! DTG refuse to update![0m
-4.00284  3.00833  1.20239[0;31m collide!!!!! [0m
[33m[WARN] [1790604353.109814073, 34.023000000]: id:2 Infeasible1! DTG refuse to update![0m
-1;9  -1.95  6.15  3.05origin: 40 120  30   -1 6.2 3.1 ..10  2  1
667 10
-1;9  -1.85  6.15  3.05origin: 40 120  30   -1 6.2 3.1 ..10  2  1
667 11
-1;9  -1.75  6.15  3.05origin: 40 120  30   -1 6.2 3.1 ..10  2  1
667 12
-1;9  -1.65  6.15  3.05origin: 40 120  30   -1 6.2 3.1 ..10  2  1
667 13
-1;9  -1.55  6.15  3.05origin: 40 120  30   -1 6.2 3.1 ..10  2  1
667 14
-1;9  -1.45  6.15  3.05origin: 40 120  30   -1 6.2 3.1 ..10  2  1
667 15
-1;9  -1.35  6.15  3.05origin: 40 120  30   -1 6.2 3.1 ..10  2  1
667 16
-1;9  -1.25  6.15  3.05origin: 40 120  30   -1 6.2 3.1 ..10  2  1
667 17
-1;9  -1.15  6.15  3.05origin: 40 120  30   -1 6.2 3.1 ..10  2  1
667 18
-1;9  -1.05  6.15  3.05origin: 40 120  30   -1 6.2 3.1 ..10  2  1
667 19
 -4.0022 -2.99446  1.20176[0;31m collide!!!!! [0m
[33m[WARN] [1790604353.295237322, 34.215000000]: id:1 Infeasible1! DTG refuse to update![0m
-4.00333  3.00253  1.20132[0;31m collide!!!!! [0m
[33m[WARN] [1790604353.316916614, 34.225000000]: id:2 Infeasible1! DTG refuse to update![0m
-1;9  -1.95  6.15  3.05origin: 40 120  30   -1 6.2 3.1 ..10  2  1
667 10
-1;9  -1.85  6.15  3.05origin: 40 120  30   -1 6.2 3.1 ..10  2  1
667 11
-1;9  -1.75  6.15  3.05origin: 40 120  30   -1 6.2 3.1 ..10  2  1
667 12
-1;9  -1.65  6.15  3.05origin: 40 120  30   -1 6.2 3.1 ..10  2  1
667 13
-1;9  -1.55  6.15  3.05origin: 40 120  30   -1 6.2 3.1 ..10  2  1
667 14
-1;9  -1.45  6.15  3.05origin: 40 120  30   -1 6.2 3.1 ..10  2  1
667 15
-1;9  -1.35  6.15  3.05origin: 40 120  30   -1 6.2 3.1 ..10  2  1
667 16
-1;9  -1.25  6.15  3.05origin: 40 120  30   -1 6.2 3.1 ..10  2  1
667 17
-1;9  -1.15  6.15  3.05origin: 40 120  30   -1 6.2 3.1 ..10  2  1
667 18
-1;9  -1.05  6.15  3.05origin: 40 120  30   -1 6.2 3.1 ..10  2  1
667 19
-4.00527 -2.99432  1.19664[0;31m collide!!!!! [0m
[33m[WARN] [1790604353.516743811, 34.417000000]: id:1 Infeasible1! DTG refuse to update![0m
-3.99227   3.0013  1.20136[0;31m collide!!!!! [0m
[33m[WARN] [1790604353.533716251, 34.426000000]: id:2 Infeasible1! DTG refuse to update![0m
-1;9  -1.95  6.15  3.05origin: 40 120  30   -1 6.2 3.1 ..10  2  1
667 10
-1;9  -1.85  6.15  3.05origin: 40 120  30   -1 6.2 3.1 ..10  2  1
667 11
-1;9  -1.75  6.15  3.05origin: 40 120  30   -1 6.2 3.1 ..10  2  1
667 12
-1;9  -1.65  6.15  3.05origin: 40 120  30   -1 6.2 3.1 ..10  2  1
667 13
-1;9  -1.55  6.15  3.05origin: 40 120  30   -1 6.2 3.1 ..10  2  1
667 14
-1;9  -1.45  6.15  3.05origin: 40 120  30   -1 6.2 3.1 ..10  2  1
667 15
-1;9  -1.35  6.15  3.05origin: 40 120  30   -1 6.2 3.1 ..10  2  1
667 16
-1;9  -1.25  6.15  3.05origin: 40 120  30   -1 6.2 3.1 ..10  2  1
667 17
-1;9  -1.15  6.15  3.05origin: 40 120  30   -1 6.2 3.1 ..10  2  1
667 18
-1;9  -1.05  6.15  3.05origin: 40 120  30   -1 6.2 3.1 ..10  2  1
667 19
-4.01055 -2.99616  1.20293[0;31m collide!!!!! [0m
[33m[WARN] [1790604353.747282106, 34.627000000]: id:1 Infeasible1! DTG refuse to update![0m
-3.99981  3.00157  1.20027[0;31m collide!!!!! [0m
[33m[WARN] [1790604353.765521013, 34.645000000]: id:2 Infeasible1! DTG refuse to update![0m
-1;9  -1.95  6.15  3.05origin: 40 120  30   -1 6.2 3.1 ..10  2  1
667 10
-1;9  -1.85  6.15  3.05origin: 40 120  30   -1 6.2 3.1 ..10  2  1
667 11
-1;9  -1.75  6.15  3.05origin: 40 120  30   -1 6.2 3.1 ..10  2  1
667 12
-1;9  -1.65  6.15  3.05origin: 40 120  30   -1 6.2 3.1 ..10  2  1
667 13
-1;9  -1.55  6.15  3.05origin: 40 120  30   -1 6.2 3.1 ..10  2  1
667 14
-1;9  -1.45  6.15  3.05origin: 40 120  30   -1 6.2 3.1 ..10  2  1
667 15
-1;9  -1.35  6.15  3.05origin: 40 120  30   -1 6.2 3.1 ..10  2  1
667 16
-1;9  -1.25  6.15  3.05origin: 40 120  30   -1 6.2 3.1 ..10  2  1
667 17
-1;9  -1.15  6.15  3.05origin: 40 120  30   -1 6.2 3.1 ..10  2  1
667 18
-1;9  -1.05  6.15  3.05origin: 40 120  30   -1 6.2 3.1 ..10  2  1
667 19
 -4.0016 -2.99654  1.20038[0;31m collide!!!!! [0m
[33m[WARN] [1790604353.943396615, 34.810000000]: id:1 Infeasible1! DTG refuse to update![0m
-4.00609  3.00547   1.2054[0;31m collide!!!!! [0m
[33m[WARN] [1790604353.958306399, 34.828000000]: id:2 Infeasible1! DTG refuse to update![0m
-1;9  -1.95  6.15  3.05origin: 40 120  30   -1 6.2 3.1 ..10  2  1
667 10
-1;9  -1.85  6.15  3.05origin: 40 120  30   -1 6.2 3.1 ..10  2  1
667 11
-1;9  -1.75  6.15  3.05origin: 40 120  30   -1 6.2 3.1 ..10  2  1
667 12
-1;9  -1.65  6.15  3.05origin: 40 120  30   -1 6.2 3.1 ..10  2  1
667 13
-1;9  -1.55  6.15  3.05origin: 40 120  30   -1 6.2 3.1 ..10  2  1
667 14
-1;9  -1.45  6.15  3.05origin: 40 120  30   -1 6.2 3.1 ..10  2  1
667 15
-1;9  -1.35  6.15  3.05origin: 40 120  30   -1 6.2 3.1 ..10  2  1
667 16
-1;9  -1.25  6.15  3.05origin: 40 120  30   -1 6.2 3.1 ..10  2  1
667 17
-1;9  -1.15  6.15  3.05origin: 40 120  30   -1 6.2 3.1 ..10  2  1
667 18
-1;9  -1.05  6.15  3.05origin: 40 120  30   -1 6.2 3.1 ..10  2  1
667 19
-3.99945 -2.99261  1.19607[0;31m collide!!!!! [0m
[33m[WARN] [1790604354.159036130, 35.011000000]: id:1 Infeasible1! DTG refuse to update![0m
-4.00331  2.99735  1.20071[0;31m collide!!!!! [0m
[33m[WARN] [1790604354.195470047, 35.048000000]: id:2 Infeasible1! DTG refuse to update![0m
-1;9  -1.95  6.15  3.05origin: 40 120  30   -1 6.2 3.1 ..10  2  1
667 10
-1;9  -1.85  6.15  3.05origin: 40 120  30   -1 6.2 3.1 ..10  2  1
667 11
-1;9  -1.75  6.15  3.05origin: 40 120  30   -1 6.2 3.1 ..10  2  1
667 12
-1;9  -1.65  6.15  3.05origin: 40 120  30   -1 6.2 3.1 ..10  2  1
667 13
-1;9  -1.55  6.15  3.05origin: 40 120  30   -1 6.2 3.1 ..10  2  1
667 14
-1;9  -1.45  6.15  3.05origin: 40 120  30   -1 6.2 3.1 ..10  2  1
667 15
-1;9  -1.35  6.15  3.05origin: 40 120  30   -1 6.2 3.1 ..10  2  1
667 16
-1;9  -1.25  6.15  3.05origin: 40 120  30   -1 6.2 3.1 ..10  2  1
667 17
-1;9  -1.15  6.15  3.05origin: 40 120  30   -1 6.2 3.1 ..10  2  1
667 18
-1;9  -1.05  6.15  3.05origin: 40 120  30   -1 6.2 3.1 ..10  2  1
667 19
-4.00043 -2.99761  1.19824[0;31m collide!!!!! [0m
[33m[WARN] [1790604354.376893713, 35.222000000]: id:1 Infeasible1! DTG refuse to update![0m
-4.00686  3.00652  1.20168[0;31m collide!!!!! [0m
[33m[WARN] [1790604354.399527983, 35.249000000]: id:2 Infeasible1! DTG refuse to update![0m
-1;9  -1.95  6.15  3.05origin: 40 120  30   -1 6.2 3.1 ..10  2  1
667 10
-1;9  -1.85  6.15  3.05origin: 40 120  30   -1 6.2 3.1 ..10  2  1
667 11
-1;9  -1.75  6.15  3.05origin: 40 120  30   -1 6.2 3.1 ..10  2  1
667 12
-1;9  -1.65  6.15  3.05origin: 40 120  30   -1 6.2 3.1 ..10  2  1
667 13
-1;9  -1.55  6.15  3.05origin: 40 120  30   -1 6.2 3.1 ..10  2  1
667 14
-1;9  -1.45  6.15  3.05origin: 40 120  30   -1 6.2 3.1 ..10  2  1
667 15
-1;9  -1.35  6.15  3.05origin: 40 120  30   -1 6.2 3.1 ..10  2  1
667 16
-1;9  -1.25  6.15  3.05origin: 40 120  30   -1 6.2 3.1 ..10  2  1
667 17
-1;9  -1.15  6.15  3.05origin: 40 120  30   -1 6.2 3.1 ..10  2  1
667 18
-1;9  -1.05  6.15  3.05origin: 40 120  30   -1 6.2 3.1 ..10  2  1
667 19
-4.00285 -3.00708  1.19785[0;31m collide!!!!! [0m
[33m[WARN] [1790604354.578011264, 35.414000000]: id:1 Infeasible1! DTG refuse to update![0m
-4.0029 3.00575 1.20223[0;31m collide!!!!! [0m
[33m[WARN] [1790604354.605675130, 35.442999999]: id:2 Infeasible1! DTG refuse to update![0m
-1;9  -1.95  6.15  3.05origin: 40 120  30   -1 6.2 3.1 ..10  2  1
667 10
-1;9  -1.85  6.15  3.05origin: 40 120  30   -1 6.2 3.1 ..10  2  1
667 11
-1;9  -1.75  6.15  3.05origin: 40 120  30   -1 6.2 3.1 ..10  2  1
667 12
-1;9  -1.65  6.15  3.05origin: 40 120  30   -1 6.2 3.1 ..10  2  1
667 13
-1;9  -1.55  6.15  3.05origin: 40 120  30   -1 6.2 3.1 ..10  2  1
667 14
-1;9  -1.45  6.15  3.05origin: 40 120  30   -1 6.2 3.1 ..10  2  1
667 15
-1;9  -1.35  6.15  3.05origin: 40 120  30   -1 6.2 3.1 ..10  2  1
667 16
-1;9  -1.25  6.15  3.05origin: 40 120  30   -1 6.2 3.1 ..10  2  1
667 17
-1;9  -1.15  6.15  3.05origin: 40 120  30   -1 6.2 3.1 ..10  2  1
667 18
-1;9  -1.05  6.15  3.05origin: 40 120  30   -1 6.2 3.1 ..10  2  1
667 19
-3.99754 -3.00416  1.19912[0;31m collide!!!!! [0m
[33m[WARN] [1790604354.805383977, 35.624000000]: id:1 Infeasible1! DTG refuse to update![0m
-4.00051  2.99886  1.19654[0;31m collide!!!!! [0m
[33m[WARN] [1790604354.822830112, 35.642000000]: id:2 Infeasible1! DTG refuse to update![0m
-1;9  -1.95  6.15  3.05origin: 40 120  30   -1 6.2 3.1 ..10  2  1
667 10
-1;9  -1.85  6.15  3.05origin: 40 120  30   -1 6.2 3.1 ..10  2  1
667 11
-1;9  -1.75  6.15  3.05origin: 40 120  30   -1 6.2 3.1 ..10  2  1
667 12
-1;9  -1.65  6.15  3.05origin: 40 120  30   -1 6.2 3.1 ..10  2  1
667 13
-1;9  -1.55  6.15  3.05origin: 40 120  30   -1 6.2 3.1 ..10  2  1
667 14
-1;9  -1.45  6.15  3.05origin: 40 120  30   -1 6.2 3.1 ..10  2  1
667 15
-1;9  -1.35  6.15  3.05origin: 40 120  30   -1 6.2 3.1 ..10  2  1
667 16
-1;9  -1.25  6.15  3.05origin: 40 120  30   -1 6.2 3.1 ..10  2  1
667 17
-1;9  -1.15  6.15  3.05origin: 40 120  30   -1 6.2 3.1 ..10  2  1
667 18
-1;9  -1.05  6.15  3.05origin: 40 120  30   -1 6.2 3.1 ..10  2  1
667 19
-3.99611 -3.00631  1.19982[0;31m collide!!!!! [0m
[33m[WARN] [1790604355.003276248, 35.816000000]: id:1 Infeasible1! DTG refuse to update![0m
-3.99749  2.99955  1.20042[0;31m collide!!!!! [0m
[33m[WARN] [1790604355.035607114, 35.835000000]: id:2 Infeasible1! DTG refuse to update![0m
-1;9  -1.95  6.15  3.05origin: 40 120  30   -1 6.2 3.1 ..10  2  1
667 10
-1;9  -1.85  6.15  3.05origin: 40 120  30   -1 6.2 3.1 ..10  2  1
667 11
-1;9  -1.75  6.15  3.05origin: 40 120  30   -1 6.2 3.1 ..10  2  1
667 12
-1;9  -1.65  6.15  3.05origin: 40 120  30   -1 6.2 3.1 ..10  2  1
667 13
-1;9  -1.55  6.15  3.05origin: 40 120  30   -1 6.2 3.1 ..10  2  1
667 14
-1;9  -1.45  6.15  3.05origin: 40 120  30   -1 6.2 3.1 ..10  2  1
667 15
-1;9  -1.35  6.15  3.05origin: 40 120  30   -1 6.2 3.1 ..10  2  1
667 16
-1;9  -1.25  6.15  3.05origin: 40 120  30   -1 6.2 3.1 ..10  2  1
667 17
-1;9  -1.15  6.15  3.05origin: 40 120  30   -1 6.2 3.1 ..10  2  1
667 18
-1;9  -1.05  6.15  3.05origin: 40 120  30   -1 6.2 3.1 ..10  2  1
667 19
-3.99177 -3.00164  1.20109[0;31m collide!!!!! [0m
[33m[WARN] [1790604355.222252515, 36.017000000]: id:1 Infeasible1! DTG refuse to update![0m
-3.99532   2.9985  1.19622[0;31m collide!!!!! [0m
[33m[WARN] [1790604355.244359938, 36.036000000]: id:2 Infeasible1! DTG refuse to update![0m
-1;9  -1.95  6.15  3.05origin: 40 120  30   -1 6.2 3.1 ..10  2  1
667 10
-1;9  -1.85  6.15  3.05origin: 40 120  30   -1 6.2 3.1 ..10  2  1
667 11
-1;9  -1.75  6.15  3.05origin: 40 120  30   -1 6.2 3.1 ..10  2  1
667 12
-1;9  -1.65  6.15  3.05origin: 40 120  30   -1 6.2 3.1 ..10  2  1
667 13
-1;9  -1.55  6.15  3.05origin: 40 120  30   -1 6.2 3.1 ..10  2  1
667 14
-1;9  -1.45  6.15  3.05origin: 40 120  30   -1 6.2 3.1 ..10  2  1
667 15
-1;9  -1.35  6.15  3.05origin: 40 120  30   -1 6.2 3.1 ..10  2  1
667 16
-1;9  -1.25  6.15  3.05origin: 40 120  30   -1 6.2 3.1 ..10  2  1
667 17
-1;9  -1.15  6.15  3.05origin: 40 120  30   -1 6.2 3.1 ..10  2  1
667 18
-1;9  -1.05  6.15  3.05origin: 40 120  30   -1 6.2 3.1 ..10  2  1
667 19
-3.99202 -3.00844   1.2021[0;31m collide!!!!! [0m
[33m[WARN] [1790604355.424921466, 36.209000000]: id:1 Infeasible1! DTG refuse to update![0m
-4.0007 3.00063 1.19659[0;31m collide!!!!! [0m
[33m[WARN] [1790604355.437036895, 36.218000000]: id:2 Infeasible1! DTG refuse to update![0m
-1;9  -1.95  6.15  3.05origin: 40 120  30   -1 6.2 3.1 ..10  2  1
667 10
-1;9  -1.85  6.15  3.05origin: 40 120  30   -1 6.2 3.1 ..10  2  1
667 11
-1;9  -1.75  6.15  3.05origin: 40 120  30   -1 6.2 3.1 ..10  2  1
667 12
-1;9  -1.65  6.15  3.05origin: 40 120  30   -1 6.2 3.1 ..10  2  1
667 13
-1;9  -1.55  6.15  3.05origin: 40 120  30   -1 6.2 3.1 ..10  2  1
667 14
-1;9  -1.45  6.15  3.05origin: 40 120  30   -1 6.2 3.1 ..10  2  1
667 15
-1;9  -1.35  6.15  3.05origin: 40 120  30   -1 6.2 3.1 ..10  2  1
667 16
-1;9  -1.25  6.15  3.05origin: 40 120  30   -1 6.2 3.1 ..10  2  1
667 17
-1;9  -1.15  6.15  3.05origin: 40 120  30   -1 6.2 3.1 ..10  2  1
667 18
-1;9  -1.05  6.15  3.05origin: 40 120  30   -1 6.2 3.1 ..10  2  1
667 19
[0;44m id:2 Partition[0m
[33m[WARN] [1790604355.602383361, 36.365000000]: id:2 LocalGVP![0m
[0;44m id:1 Partition[0m
[33m[WARN] [1790604355.603402162, 36.365000000]: id:1 LocalGVP![0m
-3.99435 -2.99998  1.20781[0;31m collide!!!!! [0m
[33m[WARN] [1790604355.675533501, 36.420000000]: id:1 Infeasible1! DTG refuse to update![0m
-3.99735  3.00278  1.20106[0;31m collide!!!!! [0m
[33m[WARN] [1790604355.687349406, 36.438000000]: id:2 Infeasible1! DTG refuse to update![0m
-1;9  -1.95  6.15  3.05origin: 40 120  30   -1 6.2 3.1 ..10  2  1
667 10
-1;9  -1.85  6.15  3.05origin: 40 120  30   -1 6.2 3.1 ..10  2  1
667 11
-1;9  -1.75  6.15  3.05origin: 40 120  30   -1 6.2 3.1 ..10  2  1
667 12
-1;9  -1.65  6.15  3.05origin: 40 120  30   -1 6.2 3.1 ..10  2  1
667 13
-1;9  -1.55  6.15  3.05origin: 40 120  30   -1 6.2 3.1 ..10  2  1
667 14
-1;9  -1.45  6.15  3.05origin: 40 120  30   -1 6.2 3.1 ..10  2  1
667 15
-1;9  -1.35  6.15  3.05origin: 40 120  30   -1 6.2 3.1 ..10  2  1
667 16
-1;9  -1.25  6.15  3.05origin: 40 120  30   -1 6.2 3.1 ..10  2  1
667 17
-1;9  -1.15  6.15  3.05origin: 40 120  30   -1 6.2 3.1 ..10  2  1
667 18
-1;9  -1.05  6.15  3.05origin: 40 120  30   -1 6.2 3.1 ..10  2  1
667 19
-3.99396 -3.00452  1.20149[0;31m collide!!!!! [0m
[33m[WARN] [1790604355.881598149, 36.621000000]: id:1 Infeasible1! DTG refuse to update![0m
-3.99894  2.99641  1.20114[0;31m collide!!!!! [0m
[33m[WARN] [1790604355.904550828, 36.630000000]: id:2 Infeasible1! DTG refuse to update![0m
-1;9  -1.95  6.15  3.05origin: 40 120  30   -1 6.2 3.1 ..10  2  1
667 10
-1;9  -1.85  6.15  3.05origin: 40 120  30   -1 6.2 3.1 ..10  2  1
667 11
-1;9  -1.75  6.15  3.05origin: 40 120  30   -1 6.2 3.1 ..10  2  1
667 12
-1;9  -1.65  6.15  3.05origin: 40 120  30   -1 6.2 3.1 ..10  2  1
667 13
-1;9  -1.55  6.15  3.05origin: 40 120  30   -1 6.2 3.1 ..10  2  1
667 14
-1;9  -1.45  6.15  3.05origin: 40 120  30   -1 6.2 3.1 ..10  2  1
667 15
-1;9  -1.35  6.15  3.05origin: 40 120  30   -1 6.2 3.1 ..10  2  1
667 16
-1;9  -1.25  6.15  3.05origin: 40 120  30   -1 6.2 3.1 ..10  2  1
667 17
-1;9  -1.15  6.15  3.05origin: 40 120  30   -1 6.2 3.1 ..10  2  1
667 18
-1;9  -1.05  6.15  3.05origin: 40 120  30   -1 6.2 3.1 ..10  2  1
667 19
-3.99876 -3.00176  1.19291[0;31m collide!!!!! [0m
[33m[WARN] [1790604356.089703816, 36.822000000]: id:1 Infeasible1! DTG refuse to update![0m
-4.00121  2.99148  1.19443[0;31m collide!!!!! [0m
[33m[WARN] [1790604356.104718778, 36.840000000]: id:2 Infeasible1! DTG refuse to update![0m
-1;9  -1.95  6.15  3.05origin: 40 120  30   -1 6.2 3.1 ..10  2  1
667 10
-1;9  -1.85  6.15  3.05origin: 40 120  30   -1 6.2 3.1 ..10  2  1
667 11
-1;9  -1.75  6.15  3.05origin: 40 120  30   -1 6.2 3.1 ..10  2  1
667 12
-1;9  -1.65  6.15  3.05origin: 40 120  30   -1 6.2 3.1 ..10  2  1
667 13
-1;9  -1.55  6.15  3.05origin: 40 120  30   -1 6.2 3.1 ..10  2  1
667 14
-1;9  -1.45  6.15  3.05origin: 40 120  30   -1 6.2 3.1 ..10  2  1
667 15
-1;9  -1.35  6.15  3.05origin: 40 120  30   -1 6.2 3.1 ..10  2  1
667 16
-1;9  -1.25  6.15  3.05origin: 40 120  30   -1 6.2 3.1 ..10  2  1
667 17
-1;9  -1.15  6.15  3.05origin: 40 120  30   -1 6.2 3.1 ..10  2  1
667 18
-1;9  -1.05  6.15  3.05origin: 40 120  30   -1 6.2 3.1 ..10  2  1
667 19
-3.99398 -2.99796  1.19653[0;31m collide!!!!! [0m
[33m[WARN] [1790604356.303399944, 37.023000000]: id:1 Infeasible1! DTG refuse to update![0m
-4.00163   3.0028  1.19415[0;31m collide!!!!! [0m
[33m[WARN] [1790604356.323959844, 37.042000000]: id:2 Infeasible1! DTG refuse to update![0m
-1;9  -1.95  6.15  3.05origin: 40 120  30   -1 6.2 3.1 ..10  2  1
667 10
-1;9  -1.85  6.15  3.05origin: 40 120  30   -1 6.2 3.1 ..10  2  1
667 11
-1;9  -1.75  6.15  3.05origin: 40 120  30   -1 6.2 3.1 ..10  2  1
667 12
-1;9  -1.65  6.15  3.05origin: 40 120  30   -1 6.2 3.1 ..10  2  1
667 13
-1;9  -1.55  6.15  3.05origin: 40 120  30   -1 6.2 3.1 ..10  2  1
667 14
-1;9  -1.45  6.15  3.05origin: 40 120  30   -1 6.2 3.1 ..10  2  1
667 15
-1;9  -1.35  6.15  3.05origin: 40 120  30   -1 6.2 3.1 ..10  2  1
667 16
-1;9  -1.25  6.15  3.05origin: 40 120  30   -1 6.2 3.1 ..10  2  1
667 17
-1;9  -1.15  6.15  3.05origin: 40 120  30   -1 6.2 3.1 ..10  2  1
667 18
-1;9  -1.05  6.15  3.05origin: 40 120  30   -1 6.2 3.1 ..10  2  1
667 19
-3.99471 -2.99758  1.18991[0;31m collide!!!!! [0m
[33m[WARN] [1790604356.499465553, 37.215000000]: id:1 Infeasible1! DTG refuse to update![0m
-3.9993 2.99939 1.20506[0;31m collide!!!!! [0m
[33m[WARN] [1790604356.510552886, 37.225000000]: id:2 Infeasible1! DTG refuse to update![0m
-1;9  -1.95  6.15  3.05origin: 40 120  30   -1 6.2 3.1 ..10  2  1
667 10
-1;9  -1.85  6.15  3.05origin: 40 120  30   -1 6.2 3.1 ..10  2  1
667 11
-1;9  -1.75  6.15  3.05origin: 40 120  30   -1 6.2 3.1 ..10  2  1
667 12
-1;9  -1.65  6.15  3.05origin: 40 120  30   -1 6.2 3.1 ..10  2  1
667 13
-1;9  -1.55  6.15  3.05origin: 40 120  30   -1 6.2 3.1 ..10  2  1
667 14
-1;9  -1.45  6.15  3.05origin: 40 120  30   -1 6.2 3.1 ..10  2  1
667 15
-1;9  -1.35  6.15  3.05origin: 40 120  30   -1 6.2 3.1 ..10  2  1
667 16
-1;9  -1.25  6.15  3.05origin: 40 120  30   -1 6.2 3.1 ..10  2  1
667 17
-1;9  -1.15  6.15  3.05origin: 40 120  30   -1 6.2 3.1 ..10  2  1
667 18
-1;9  -1.05  6.15  3.05origin: 40 120  30   -1 6.2 3.1 ..10  2  1
667 19
-4.00342 -2.99741  1.20469[0;31m collide!!!!! [0m
[33m[WARN] [1790604356.708919728, 37.417000000]: id:1 Infeasible1! DTG refuse to update![0m
-3.99645  2.99772  1.20139[0;31m collide!!!!! [0m
[33m[WARN] [1790604356.720530989, 37.426000000]: id:2 Infeasible1! DTG refuse to update![0m
-1;9  -1.95  6.15  3.05origin: 40 120  30   -1 6.2 3.1 ..10  2  1
667 10
-1;9  -1.85  6.15  3.05origin: 40 120  30   -1 6.2 3.1 ..10  2  1
667 11
-1;9  -1.75  6.15  3.05origin: 40 120  30   -1 6.2 3.1 ..10  2  1
667 12
-1;9  -1.65  6.15  3.05origin: 40 120  30   -1 6.2 3.1 ..10  2  1
667 13
-1;9  -1.55  6.15  3.05origin: 40 120  30   -1 6.2 3.1 ..10  2  1
667 14
-1;9  -1.45  6.15  3.05origin: 40 120  30   -1 6.2 3.1 ..10  2  1
667 15
-1;9  -1.35  6.15  3.05origin: 40 120  30   -1 6.2 3.1 ..10  2  1
667 16
-1;9  -1.25  6.15  3.05origin: 40 120  30   -1 6.2 3.1 ..10  2  1
667 17
-1;9  -1.15  6.15  3.05origin: 40 120  30   -1 6.2 3.1 ..10  2  1
667 18
-1;9  -1.05  6.15  3.05origin: 40 120  30   -1 6.2 3.1 ..10  2  1
667 19
 -3.9962 -2.99707  1.19879[0;31m collide!!!!! [0m
[33m[WARN] [1790604356.923054200, 37.618000000]: id:1 Infeasible1! DTG refuse to update![0m
-3.99256  2.99945  1.20167[0;31m collide!!!!! [0m
[33m[WARN] [1790604356.929146036, 37.627000000]: id:2 Infeasible1! DTG refuse to update![0m
-1;9  -1.95  6.15  3.05origin: 40 120  30   -1 6.2 3.1 ..10  2  1
667 10
-1;9  -1.85  6.15  3.05origin: 40 120  30   -1 6.2 3.1 ..10  2  1
667 11
-1;9  -1.75  6.15  3.05origin: 40 120  30   -1 6.2 3.1 ..10  2  1
667 12
-1;9  -1.65  6.15  3.05origin: 40 120  30   -1 6.2 3.1 ..10  2  1
667 13
-1;9  -1.55  6.15  3.05origin: 40 120  30   -1 6.2 3.1 ..10  2  1
667 14
-1;9  -1.45  6.15  3.05origin: 40 120  30   -1 6.2 3.1 ..10  2  1
667 15
-1;9  -1.35  6.15  3.05origin: 40 120  30   -1 6.2 3.1 ..10  2  1
667 16
-1;9  -1.25  6.15  3.05origin: 40 120  30   -1 6.2 3.1 ..10  2  1
667 17
-1;9  -1.15  6.15  3.05origin: 40 120  30   -1 6.2 3.1 ..10  2  1
667 18
-1;9  -1.05  6.15  3.05origin: 40 120  30   -1 6.2 3.1 ..10  2  1
667 19
-4.00487 -2.99523  1.19673[0;31m collide!!!!! [0m
[33m[WARN] [1790604357.145732317, 37.828000000]: id:1 Infeasible1! DTG refuse to update![0m
-4.00392  3.00528  1.20478[0;31m collide!!!!! [0m
[33m[WARN] [1790604357.159136016, 37.837000000]: id:2 Infeasible1! DTG refuse to update![0m
-1;9  -1.95  6.15  3.05origin: 40 120  30   -1 6.2 3.1 ..10  2  1
667 10
-1;9  -1.85  6.15  3.05origin: 40 120  30   -1 6.2 3.1 ..10  2  1
667 11
-1;9  -1.75  6.15  3.05origin: 40 120  30   -1 6.2 3.1 ..10  2  1
667 12
-1;9  -1.65  6.15  3.05origin: 40 120  30   -1 6.2 3.1 ..10  2  1
667 13
-1;9  -1.55  6.15  3.05origin: 40 120  30   -1 6.2 3.1 ..10  2  1
667 14
-1;9  -1.45  6.15  3.05origin: 40 120  30   -1 6.2 3.1 ..10  2  1
667 15
-1;9  -1.35  6.15  3.05origin: 40 120  30   -1 6.2 3.1 ..10  2  1
667 16
-1;9  -1.25  6.15  3.05origin: 40 120  30   -1 6.2 3.1 ..10  2  1
667 17
-1;9  -1.15  6.15  3.05origin: 40 120  30   -1 6.2 3.1 ..10  2  1
667 18
-1;9  -1.05  6.15  3.05origin: 40 120  30   -1 6.2 3.1 ..10  2  1
667 19
-3.99499 -3.00481  1.19619[0;31m collide!!!!! [0m
[33m[WARN] [1790604357.355743562, 38.020000000]: id:1 Infeasible1! DTG refuse to update![0m
-4.00399  3.00542  1.20537[0;31m collide!!!!! [0m
[33m[WARN] [1790604357.366878335, 38.039000000]: id:2 Infeasible1! DTG refuse to update![0m
-1;9  -1.95  6.15  3.05origin: 40 120  30   -1 6.2 3.1 ..10  2  1
667 10
-1;9  -1.85  6.15  3.05origin: 40 120  30   -1 6.2 3.1 ..10  2  1
667 11
-1;9  -1.75  6.15  3.05origin: 40 120  30   -1 6.2 3.1 ..10  2  1
667 12
-1;9  -1.65  6.15  3.05origin: 40 120  30   -1 6.2 3.1 ..10  2  1
667 13
-1;9  -1.55  6.15  3.05origin: 40 120  30   -1 6.2 3.1 ..10  2  1
667 14
-1;9  -1.45  6.15  3.05origin: 40 120  30   -1 6.2 3.1 ..10  2  1
667 15
-1;9  -1.35  6.15  3.05origin: 40 120  30   -1 6.2 3.1 ..10  2  1
667 16
-1;9  -1.25  6.15  3.05origin: 40 120  30   -1 6.2 3.1 ..10  2  1
667 17
-1;9  -1.15  6.15  3.05origin: 40 120  30   -1 6.2 3.1 ..10  2  1
667 18
-1;9  -1.05  6.15  3.05origin: 40 120  30   -1 6.2 3.1 ..10  2  1
667 19
-3.99815 -3.00739  1.20362[0;31m collide!!!!! [0m
[33m[WARN] [1790604357.560366114, 38.222000000]: id:1 Infeasible1! DTG refuse to update![0m
-4.00446  3.00867  1.20282[0;31m collide!!!!! [0m
[33m[WARN] [1790604357.577876240, 38.240000000]: id:2 Infeasible1! DTG refuse to update![0m
-1;9  -1.95  6.15  3.05origin: 40 120  30   -1 6.2 3.1 ..10  2  1
667 10
-1;9  -1.85  6.15  3.05origin: 40 120  30   -1 6.2 3.1 ..10  2  1
667 11
-1;9  -1.75  6.15  3.05origin: 40 120  30   -1 6.2 3.1 ..10  2  1
667 12
-1;9  -1.65  6.15  3.05origin: 40 120  30   -1 6.2 3.1 ..10  2  1
667 13
-1;9  -1.55  6.15  3.05origin: 40 120  30   -1 6.2 3.1 ..10  2  1
667 14
-1;9  -1.45  6.15  3.05origin: 40 120  30   -1 6.2 3.1 ..10  2  1
667 15
-1;9  -1.35  6.15  3.05origin: 40 120  30   -1 6.2 3.1 ..10  2  1
667 16
-1;9  -1.25  6.15  3.05origin: 40 120  30   -1 6.2 3.1 ..10  2  1
667 17
-1;9  -1.15  6.15  3.05origin: 40 120  30   -1 6.2 3.1 ..10  2  1
667 18
-1;9  -1.05  6.15  3.05origin: 40 120  30   -1 6.2 3.1 ..10  2  1
667 19
-3.98928 -2.99869  1.19688[0;31m collide!!!!! [0m
[33m[WARN] [1790604357.764917422, 38.414000000]: id:1 Infeasible1! DTG refuse to update![0m
-4.01152  3.00486  1.19356[0;31m collide!!!!! [0m
[33m[WARN] [1790604357.771984495, 38.423000000]: id:2 Infeasible1! DTG refuse to update![0m
-1;9  -1.95  6.15  3.05origin: 40 120  30   -1 6.2 3.1 ..10  2  1
667 10
-1;9  -1.85  6.15  3.05origin: 40 120  30   -1 6.2 3.1 ..10  2  1
667 11
-1;9  -1.75  6.15  3.05origin: 40 120  30   -1 6.2 3.1 ..10  2  1
667 12
-1;9  -1.65  6.15  3.05origin: 40 120  30   -1 6.2 3.1 ..10  2  1
667 13
-1;9  -1.55  6.15  3.05origin: 40 120  30   -1 6.2 3.1 ..10  2  1
667 14
-1;9  -1.45  6.15  3.05origin: 40 120  30   -1 6.2 3.1 ..10  2  1
667 15
-1;9  -1.35  6.15  3.05origin: 40 120  30   -1 6.2 3.1 ..10  2  1
667 16
-1;9  -1.25  6.15  3.05origin: 40 120  30   -1 6.2 3.1 ..10  2  1
667 17
-1;9  -1.15  6.15  3.05origin: 40 120  30   -1 6.2 3.1 ..10  2  1
667 18
-1;9  -1.05  6.15  3.05origin: 40 120  30   -1 6.2 3.1 ..10  2  1
667 19
-3.98974 -2.99327  1.19409[0;31m collide!!!!! [0m
[33m[WARN] [1790604357.970130394, 38.615000000]: id:1 Infeasible1! DTG refuse to update![0m
-4.00235   3.0047  1.19471[0;31m collide!!!!! [0m
[33m[WARN] [1790604357.988959720, 38.633000000]: id:2 Infeasible1! DTG refuse to update![0m
-1;9  -1.95  6.15  3.05origin: 40 120  30   -1 6.2 3.1 ..10  2  1
667 10
-1;9  -1.85  6.15  3.05origin: 40 120  30   -1 6.2 3.1 ..10  2  1
667 11
-1;9  -1.75  6.15  3.05origin: 40 120  30   -1 6.2 3.1 ..10  2  1
667 12
-1;9  -1.65  6.15  3.05origin: 40 120  30   -1 6.2 3.1 ..10  2  1
667 13
-1;9  -1.55  6.15  3.05origin: 40 120  30   -1 6.2 3.1 ..10  2  1
667 14
-1;9  -1.45  6.15  3.05origin: 40 120  30   -1 6.2 3.1 ..10  2  1
667 15
-1;9  -1.35  6.15  3.05origin: 40 120  30   -1 6.2 3.1 ..10  2  1
667 16
-1;9  -1.25  6.15  3.05origin: 40 120  30   -1 6.2 3.1 ..10  2  1
667 17
-1;9  -1.15  6.15  3.05origin: 40 120  30   -1 6.2 3.1 ..10  2  1
667 18
-1;9  -1.05  6.15  3.05origin: 40 120  30   -1 6.2 3.1 ..10  2  1
667 19
-3.9897 -2.9902 1.19638[0;31m collide!!!!! [0m
[33m[WARN] [1790604358.178119295, 38.816000000]: id:1 Infeasible1! DTG refuse to update![0m
-3.99851  2.99818   1.2013[0;31m collide!!!!! [0m
[33m[WARN] [1790604358.197544461, 38.834000000]: id:2 Infeasible1! DTG refuse to update![0m
-1;9  -1.95  6.15  3.05origin: 40 120  30   -1 6.2 3.1 ..10  2  1
667 10
-1;9  -1.85  6.15  3.05origin: 40 120  30   -1 6.2 3.1 ..10  2  1
667 11
-1;9  -1.75  6.15  3.05origin: 40 120  30   -1 6.2 3.1 ..10  2  1
667 12
-1;9  -1.65  6.15  3.05origin: 40 120  30   -1 6.2 3.1 ..10  2  1
667 13
-1;9  -1.55  6.15  3.05origin: 40 120  30   -1 6.2 3.1 ..10  2  1
667 14
-1;9  -1.45  6.15  3.05origin: 40 120  30   -1 6.2 3.1 ..10  2  1
667 15
-1;9  -1.35  6.15  3.05origin: 40 120  30   -1 6.2 3.1 ..10  2  1
667 16
-1;9  -1.25  6.15  3.05origin: 40 120  30   -1 6.2 3.1 ..10  2  1
667 17
-1;9  -1.15  6.15  3.05origin: 40 120  30   -1 6.2 3.1 ..10  2  1
667 18
-1;9  -1.05  6.15  3.05origin: 40 120  30   -1 6.2 3.1 ..10  2  1
667 19
-3.99862 -3.00021   1.2031[0;31m collide!!!!! [0m
[33m[WARN] [1790604358.394564922, 39.017000000]: id:1 Infeasible1! DTG refuse to update![0m
-3.99822  2.99838  1.19407[0;31m collide!!!!! [0m
[33m[WARN] [1790604358.402596686, 39.026000000]: id:2 Infeasible1! DTG refuse to update![0m
-1;9  -1.95  6.15  3.05origin: 40 120  30   -1 6.2 3.1 ..10  2  1
667 10
-1;9  -1.85  6.15  3.05origin: 40 120  30   -1 6.2 3.1 ..10  2  1
667 11
-1;9  -1.75  6.15  3.05origin: 40 120  30   -1 6.2 3.1 ..10  2  1
667 12
-1;9  -1.65  6.15  3.05origin: 40 120  30   -1 6.2 3.1 ..10  2  1
667 13
-1;9  -1.55  6.15  3.05origin: 40 120  30   -1 6.2 3.1 ..10  2  1
667 14
-1;9  -1.45  6.15  3.05origin: 40 120  30   -1 6.2 3.1 ..10  2  1
667 15
-1;9  -1.35  6.15  3.05origin: 40 120  30   -1 6.2 3.1 ..10  2  1
667 16
-1;9  -1.25  6.15  3.05origin: 40 120  30   -1 6.2 3.1 ..10  2  1
667 17
-1;9  -1.15  6.15  3.05origin: 40 120  30   -1 6.2 3.1 ..10  2  1
667 18
-1;9  -1.05  6.15  3.05origin: 40 120  30   -1 6.2 3.1 ..10  2  1
667 19
-3.99469 -3.00623  1.20043[0;31m collide!!!!! [0m
[33m[WARN] [1790604358.599201522, 39.218000000]: id:1 Infeasible1! DTG refuse to update![0m
-4.00116  2.99348  1.20234[0;31m collide!!!!! [0m
[33m[WARN] [1790604358.611194766, 39.228000000]: id:2 Infeasible1! DTG refuse to update![0m
-1;9  -1.95  6.15  3.05origin: 40 120  30   -1 6.2 3.1 ..10  2  1
667 10
-1;9  -1.85  6.15  3.05origin: 40 120  30   -1 6.2 3.1 ..10  2  1
667 11
-1;9  -1.75  6.15  3.05origin: 40 120  30   -1 6.2 3.1 ..10  2  1
667 12
-1;9  -1.65  6.15  3.05origin: 40 120  30   -1 6.2 3.1 ..10  2  1
667 13
-1;9  -1.55  6.15  3.05origin: 40 120  30   -1 6.2 3.1 ..10  2  1
667 14
-1;9  -1.45  6.15  3.05origin: 40 120  30   -1 6.2 3.1 ..10  2  1
667 15
-1;9  -1.35  6.15  3.05origin: 40 120  30   -1 6.2 3.1 ..10  2  1
667 16
-1;9  -1.25  6.15  3.05origin: 40 120  30   -1 6.2 3.1 ..10  2  1
667 17
-1;9  -1.15  6.15  3.05origin: 40 120  30   -1 6.2 3.1 ..10  2  1
667 18
-1;9  -1.05  6.15  3.05origin: 40 120  30   -1 6.2 3.1 ..10  2  1
667 19
[0;44m id:2 Partition[0m
[33m[WARN] [1790604358.783303986, 39.401000000]: id:2 LocalGVP![0m
[0;44m id:1 Partition[0m
[33m[WARN] [1790604358.784156287, 39.401000000]: id:1 LocalGVP![0m
-3.99854 -2.99967  1.20026[0;31m collide!!!!! [0m
[33m[WARN] [1790604358.809372389, 39.420000000]: id:1 Infeasible1! DTG refuse to update![0m
-3.99791  3.00037  1.20303[0;31m collide!!!!! [0m
[33m[WARN] [1790604358.823709679, 39.429000000]: id:2 Infeasible1! DTG refuse to update![0m
-1;9  -1.95  6.15  3.05origin: 40 120  30   -1 6.2 3.1 ..10  2  1
667 10
-1;9  -1.85  6.15  3.05origin: 40 120  30   -1 6.2 3.1 ..10  2  1
667 11
-1;9  -1.75  6.15  3.05origin: 40 120  30   -1 6.2 3.1 ..10  2  1
667 12
-1;9  -1.65  6.15  3.05origin: 40 120  30   -1 6.2 3.1 ..10  2  1
667 13
-1;9  -1.55  6.15  3.05origin: 40 120  30   -1 6.2 3.1 ..10  2  1
667 14
-1;9  -1.45  6.15  3.05origin: 40 120  30   -1 6.2 3.1 ..10  2  1
667 15
-1;9  -1.35  6.15  3.05origin: 40 120  30   -1 6.2 3.1 ..10  2  1
667 16
-1;9  -1.25  6.15  3.05origin: 40 120  30   -1 6.2 3.1 ..10  2  1
667 17
-1;9  -1.15  6.15  3.05origin: 40 120  30   -1 6.2 3.1 ..10  2  1
667 18
-1;9  -1.05  6.15  3.05origin: 40 120  30   -1 6.2 3.1 ..10  2  1
667 19
-4.00043 -3.00061  1.20153[0;31m collide!!!!! [0m
[33m[WARN] [1790604359.013619586, 39.612000000]: id:1 Infeasible1! DTG refuse to update![0m
-3.98701  3.00136  1.19891[0;31m collide!!!!! [0m
[33m[WARN] [1790604359.030214505, 39.630000000]: id:2 Infeasible1! DTG refuse to update![0m
-1;9  -1.95  6.15  3.05origin: 40 120  30   -1 6.2 3.1 ..10  2  1
667 10
-1;9  -1.85  6.15  3.05origin: 40 120  30   -1 6.2 3.1 ..10  2  1
667 11
-1;9  -1.75  6.15  3.05origin: 40 120  30   -1 6.2 3.1 ..10  2  1
667 12
-1;9  -1.65  6.15  3.05origin: 40 120  30   -1 6.2 3.1 ..10  2  1
667 13
-1;9  -1.55  6.15  3.05origin: 40 120  30   -1 6.2 3.1 ..10  2  1
667 14
-1;9  -1.45  6.15  3.05origin: 40 120  30   -1 6.2 3.1 ..10  2  1
667 15
-1;9  -1.35  6.15  3.05origin: 40 120  30   -1 6.2 3.1 ..10  2  1
667 16
-1;9  -1.25  6.15  3.05origin: 40 120  30   -1 6.2 3.1 ..10  2  1
667 17
-1;9  -1.15  6.15  3.05origin: 40 120  30   -1 6.2 3.1 ..10  2  1
667 18
-1;9  -1.05  6.15  3.05origin: 40 120  30   -1 6.2 3.1 ..10  2  1
667 19
-4.00384 -3.00569  1.20373[0;31m collide!!!!! [0m
[33m[WARN] [1790604359.226796205, 39.822000000]: id:1 Infeasible1! DTG refuse to update![0m
-3.99638  2.99996  1.19819[0;31m collide!!!!! [0m
[33m[WARN] [1790604359.243412092, 39.831000000]: id:2 Infeasible1! DTG refuse to update![0m
-1;9  -1.95  6.15  3.05origin: 40 120  30   -1 6.2 3.1 ..10  2  1
667 10
-1;9  -1.85  6.15  3.05origin: 40 120  30   -1 6.2 3.1 ..10  2  1
667 11
-1;9  -1.75  6.15  3.05origin: 40 120  30   -1 6.2 3.1 ..10  2  1
667 12
-1;9  -1.65  6.15  3.05origin: 40 120  30   -1 6.2 3.1 ..10  2  1
667 13
-1;9  -1.55  6.15  3.05origin: 40 120  30   -1 6.2 3.1 ..10  2  1
667 14
-1;9  -1.45  6.15  3.05origin: 40 120  30   -1 6.2 3.1 ..10  2  1
667 15
-1;9  -1.35  6.15  3.05origin: 40 120  30   -1 6.2 3.1 ..10  2  1
667 16
-1;9  -1.25  6.15  3.05origin: 40 120  30   -1 6.2 3.1 ..10  2  1
667 17
-1;9  -1.15  6.15  3.05origin: 40 120  30   -1 6.2 3.1 ..10  2  1
667 18
-1;9  -1.05  6.15  3.05origin: 40 120  30   -1 6.2 3.1 ..10  2  1
667 19
-3.99684 -3.00402   1.2077[0;31m collide!!!!! [0m
[33m[WARN] [1790604359.429121109, 40.017000000]: id:1 Infeasible1! DTG refuse to update![0m
-3.98683  2.99739  1.19268[0;31m collide!!!!! [0m
[33m[WARN] [1790604359.449135653, 40.045000000]: id:2 Infeasible1! DTG refuse to update![0m
-1;9  -1.95  6.15  3.05origin: 40 120  30   -1 6.2 3.1 ..10  2  1
667 10
-1;9  -1.85  6.15  3.05origin: 40 120  30   -1 6.2 3.1 ..10  2  1
667 11
-1;9  -1.75  6.15  3.05origin: 40 120  30   -1 6.2 3.1 ..10  2  1
667 12
-1;9  -1.65  6.15  3.05origin: 40 120  30   -1 6.2 3.1 ..10  2  1
667 13
-1;9  -1.55  6.15  3.05origin: 40 120  30   -1 6.2 3.1 ..10  2  1
667 14
-1;9  -1.45  6.15  3.05origin: 40 120  30   -1 6.2 3.1 ..10  2  1
667 15
-1;9  -1.35  6.15  3.05origin: 40 120  30   -1 6.2 3.1 ..10  2  1
667 16
-1;9  -1.25  6.15  3.05origin: 40 120  30   -1 6.2 3.1 ..10  2  1
667 17
-1;9  -1.15  6.15  3.05origin: 40 120  30   -1 6.2 3.1 ..10  2  1
667 18
-1;9  -1.05  6.15  3.05origin: 40 120  30   -1 6.2 3.1 ..10  2  1
667 19
-4.00093  -3.0037  1.20358[0;31m collide!!!!! [0m
[33m[WARN] [1790604359.635731779, 40.218000000]: id:1 Infeasible1! DTG refuse to update![0m
-3.99166  2.99629  1.20782[0;31m collide!!!!! [0m
[33m[WARN] [1790604359.663829488, 40.246000000]: id:2 Infeasible1! DTG refuse to update![0m
-1;9  -1.95  6.15  3.05origin: 40 120  30   -1 6.2 3.1 ..10  2  1
667 10
-1;9  -1.85  6.15  3.05origin: 40 120  30   -1 6.2 3.1 ..10  2  1
667 11
-1;9  -1.75  6.15  3.05origin: 40 120  30   -1 6.2 3.1 ..10  2  1
667 12
-1;9  -1.65  6.15  3.05origin: 40 120  30   -1 6.2 3.1 ..10  2  1
667 13
-1;9  -1.55  6.15  3.05origin: 40 120  30   -1 6.2 3.1 ..10  2  1
667 14
-1;9  -1.45  6.15  3.05origin: 40 120  30   -1 6.2 3.1 ..10  2  1
667 15
-1;9  -1.35  6.15  3.05origin: 40 120  30   -1 6.2 3.1 ..10  2  1
667 16
-1;9  -1.25  6.15  3.05origin: 40 120  30   -1 6.2 3.1 ..10  2  1
667 17
-1;9  -1.15  6.15  3.05origin: 40 120  30   -1 6.2 3.1 ..10  2  1
667 18
-1;9  -1.05  6.15  3.05origin: 40 120  30   -1 6.2 3.1 ..10  2  1
667 19
-4.00324 -3.00596   1.2018[0;31m collide!!!!! [0m
[33m[WARN] [1790604359.858629589, 40.420000000]: id:1 Infeasible1! DTG refuse to update![0m
-3.99312  2.99611  1.20472[0;31m collide!!!!! [0m
[33m[WARN] [1790604359.873762485, 40.438000000]: id:2 Infeasible1! DTG refuse to update![0m
-1;9  -1.95  6.15  3.05origin: 40 120  30   -1 6.2 3.1 ..10  2  1
667 10
-1;9  -1.85  6.15  3.05origin: 40 120  30   -1 6.2 3.1 ..10  2  1
667 11
-1;9  -1.75  6.15  3.05origin: 40 120  30   -1 6.2 3.1 ..10  2  1
667 12
-1;9  -1.65  6.15  3.05origin: 40 120  30   -1 6.2 3.1 ..10  2  1
667 13
-1;9  -1.55  6.15  3.05origin: 40 120  30   -1 6.2 3.1 ..10  2  1
667 14
-1;9  -1.45  6.15  3.05origin: 40 120  30   -1 6.2 3.1 ..10  2  1
667 15
-1;9  -1.35  6.15  3.05origin: 40 120  30   -1 6.2 3.1 ..10  2  1
667 16
-1;9  -1.25  6.15  3.05origin: 40 120  30   -1 6.2 3.1 ..10  2  1
667 17
-1;9  -1.15  6.15  3.05origin: 40 120  30   -1 6.2 3.1 ..10  2  1
667 18
-1;9  -1.05  6.15  3.05origin: 40 120  30   -1 6.2 3.1 ..10  2  1
667 19
-3.99566 -3.01525  1.20088[0;31m collide!!!!! [0m
[33m[WARN] [1790604360.071055624, 40.621000000]: id:1 Infeasible1! DTG refuse to update![0m
-4.00155  3.00154  1.19791[0;31m collide!!!!! [0m
[33m[WARN] [1790604360.085621570, 40.639000000]: id:2 Infeasible1! DTG refuse to update![0m
-1;9  -1.95  6.15  3.05origin: 40 120  30   -1 6.2 3.1 ..10  2  1
667 10
-1;9  -1.85  6.15  3.05origin: 40 120  30   -1 6.2 3.1 ..10  2  1
667 11
-1;9  -1.75  6.15  3.05origin: 40 120  30   -1 6.2 3.1 ..10  2  1
667 12
-1;9  -1.65  6.15  3.05origin: 40 120  30   -1 6.2 3.1 ..10  2  1
667 13
-1;9  -1.55  6.15  3.05origin: 40 120  30   -1 6.2 3.1 ..10  2  1
667 14
-1;9  -1.45  6.15  3.05origin: 40 120  30   -1 6.2 3.1 ..10  2  1
667 15
-1;9  -1.35  6.15  3.05origin: 40 120  30   -1 6.2 3.1 ..10  2  1
667 16
-1;9  -1.25  6.15  3.05origin: 40 120  30   -1 6.2 3.1 ..10  2  1
667 17
-1;9  -1.15  6.15  3.05origin: 40 120  30   -1 6.2 3.1 ..10  2  1
667 18
-1;9  -1.05  6.15  3.05origin: 40 120  30   -1 6.2 3.1 ..10  2  1
667 19
-3.99469 -3.00458  1.19979[0;31m collide!!!!! [0m
[33m[WARN] [1790604360.269778936, 40.822000000]: id:1 Infeasible1! DTG refuse to update![0m
-4.00361  3.00752   1.1951[0;31m collide!!!!! [0m
[33m[WARN] [1790604360.284846841, 40.840000000]: id:2 Infeasible1! DTG refuse to update![0m
-1;9  -1.95  6.15  3.05origin: 40 120  30   -1 6.2 3.1 ..10  2  1
667 10
-1;9  -1.85  6.15  3.05origin: 40 120  30   -1 6.2 3.1 ..10  2  1
667 11
-1;9  -1.75  6.15  3.05origin: 40 120  30   -1 6.2 3.1 ..10  2  1
667 12
-1;9  -1.65  6.15  3.05origin: 40 120  30   -1 6.2 3.1 ..10  2  1
667 13
-1;9  -1.55  6.15  3.05origin: 40 120  30   -1 6.2 3.1 ..10  2  1
667 14
-1;9  -1.45  6.15  3.05origin: 40 120  30   -1 6.2 3.1 ..10  2  1
667 15
-1;9  -1.35  6.15  3.05origin: 40 120  30   -1 6.2 3.1 ..10  2  1
667 16
-1;9  -1.25  6.15  3.05origin: 40 120  30   -1 6.2 3.1 ..10  2  1
667 17
-1;9  -1.15  6.15  3.05origin: 40 120  30   -1 6.2 3.1 ..10  2  1
667 18
-1;9  -1.05  6.15  3.05origin: 40 120  30   -1 6.2 3.1 ..10  2  1
667 19
-4.0003 -2.9978 1.20212[0;31m collide!!!!! [0m
[33m[WARN] [1790604360.473047562, 41.014000000]: id:1 Infeasible1! DTG refuse to update![0m
-4.00166  3.00199  1.19603[0;31m collide!!!!! [0m
[33m[WARN] [1790604360.488234901, 41.033000000]: id:2 Infeasible1! DTG refuse to update![0m
-1;9  -1.95  6.15  3.05origin: 40 120  30   -1 6.2 3.1 ..10  2  1
667 10
-1;9  -1.85  6.15  3.05origin: 40 120  30   -1 6.2 3.1 ..10  2  1
667 11
-1;9  -1.75  6.15  3.05origin: 40 120  30   -1 6.2 3.1 ..10  2  1
667 12
-1;9  -1.65  6.15  3.05origin: 40 120  30   -1 6.2 3.1 ..10  2  1
667 13
-1;9  -1.55  6.15  3.05origin: 40 120  30   -1 6.2 3.1 ..10  2  1
667 14
-1;9  -1.45  6.15  3.05origin: 40 120  30   -1 6.2 3.1 ..10  2  1
667 15
-1;9  -1.35  6.15  3.05origin: 40 120  30   -1 6.2 3.1 ..10  2  1
667 16
-1;9  -1.25  6.15  3.05origin: 40 120  30   -1 6.2 3.1 ..10  2  1
667 17
-1;9  -1.15  6.15  3.05origin: 40 120  30   -1 6.2 3.1 ..10  2  1
667 18
-1;9  -1.05  6.15  3.05origin: 40 120  30   -1 6.2 3.1 ..10  2  1
667 19
-3.99896 -3.00199  1.20356[0;31m collide!!!!! [0m
[33m[WARN] [1790604360.678817353, 41.215000000]: id:1 Infeasible1! DTG refuse to update![0m
-4.00519  2.99649  1.20523[0;31m collide!!!!! [0m
[33m[WARN] [1790604360.696689327, 41.228999999]: id:2 Infeasible1! DTG refuse to update![0m
-1;9  -1.95  6.15  3.05origin: 40 120  30   -1 6.2 3.1 ..10  2  1
667 10
-1;9  -1.85  6.15  3.05origin: 40 120  30   -1 6.2 3.1 ..10  2  1
667 11
-1;9  -1.75  6.15  3.05origin: 40 120  30   -1 6.2 3.1 ..10  2  1
667 12
-1;9  -1.65  6.15  3.05origin: 40 120  30   -1 6.2 3.1 ..10  2  1
667 13
-1;9  -1.55  6.15  3.05origin: 40 120  30   -1 6.2 3.1 ..10  2  1
667 14
-1;9  -1.45  6.15  3.05origin: 40 120  30   -1 6.2 3.1 ..10  2  1
667 15
-1;9  -1.35  6.15  3.05origin: 40 120  30   -1 6.2 3.1 ..10  2  1
667 16
-1;9  -1.25  6.15  3.05origin: 40 120  30   -1 6.2 3.1 ..10  2  1
667 17
-1;9  -1.15  6.15  3.05origin: 40 120  30   -1 6.2 3.1 ..10  2  1
667 18
-1;9  -1.05  6.15  3.05origin: 40 120  30   -1 6.2 3.1 ..10  2  1
667 19
-4.00147  -2.9968  1.20306[0;31m collide!!!!! [0m
[33m[WARN] [1790604360.896924519, 41.417000000]: id:1 Infeasible1! DTG refuse to update![0m
-4.00407  3.00072  1.19955[0;31m collide!!!!! [0m
[33m[WARN] [1790604360.917189147, 41.444000000]: id:2 Infeasible1! DTG refuse to update![0m
-1;9  -1.95  6.15  3.05origin: 40 120  30   -1 6.2 3.1 ..10  2  1
667 10
-1;9  -1.85  6.15  3.05origin: 40 120  30   -1 6.2 3.1 ..10  2  1
667 11
-1;9  -1.75  6.15  3.05origin: 40 120  30   -1 6.2 3.1 ..10  2  1
667 12
-1;9  -1.65  6.15  3.05origin: 40 120  30   -1 6.2 3.1 ..10  2  1
667 13
-1;9  -1.55  6.15  3.05origin: 40 120  30   -1 6.2 3.1 ..10  2  1
667 14
-1;9  -1.45  6.15  3.05origin: 40 120  30   -1 6.2 3.1 ..10  2  1
667 15
-1;9  -1.35  6.15  3.05origin: 40 120  30   -1 6.2 3.1 ..10  2  1
667 16
-1;9  -1.25  6.15  3.05origin: 40 120  30   -1 6.2 3.1 ..10  2  1
667 17
-1;9  -1.15  6.15  3.05origin: 40 120  30   -1 6.2 3.1 ..10  2  1
667 18
-1;9  -1.05  6.15  3.05origin: 40 120  30   -1 6.2 3.1 ..10  2  1
667 19
 -4.0023 -2.99693  1.20101[0;31m collide!!!!! [0m
[33m[WARN] [1790604361.096227579, 41.618000000]: id:1 Infeasible1! DTG refuse to update![0m
-3.99629  2.99782   1.1988[0;31m collide!!!!! [0m
[33m[WARN] [1790604361.111120230, 41.627000000]: id:2 Infeasible1! DTG refuse to update![0m
-1;9  -1.95  6.15  3.05origin: 40 120  30   -1 6.2 3.1 ..10  2  1
667 10
-1;9  -1.85  6.15  3.05origin: 40 120  30   -1 6.2 3.1 ..10  2  1
667 11
-1;9  -1.75  6.15  3.05origin: 40 120  30   -1 6.2 3.1 ..10  2  1
667 12
-1;9  -1.65  6.15  3.05origin: 40 120  30   -1 6.2 3.1 ..10  2  1
667 13
-1;9  -1.55  6.15  3.05origin: 40 120  30   -1 6.2 3.1 ..10  2  1
667 14
-1;9  -1.45  6.15  3.05origin: 40 120  30   -1 6.2 3.1 ..10  2  1
667 15
-1;9  -1.35  6.15  3.05origin: 40 120  30   -1 6.2 3.1 ..10  2  1
667 16
-1;9  -1.25  6.15  3.05origin: 40 120  30   -1 6.2 3.1 ..10  2  1
667 17
-1;9  -1.15  6.15  3.05origin: 40 120  30   -1 6.2 3.1 ..10  2  1
667 18
-1;9  -1.05  6.15  3.05origin: 40 120  30   -1 6.2 3.1 ..10  2  1
667 19
-4.00546 -2.99736    1.202[0;31m collide!!!!! [0m
[33m[WARN] [1790604361.314492407, 41.819000000]: id:1 Infeasible1! DTG refuse to update![0m
-4.00839  2.99829  1.20063[0;31m collide!!!!! [0m
[33m[WARN] [1790604361.338453340, 41.837000000]: id:2 Infeasible1! DTG refuse to update![0m
-1;9  -1.95  6.15  3.05origin: 40 120  30   -1 6.2 3.1 ..10  2  1
667 10
-1;9  -1.85  6.15  3.05origin: 40 120  30   -1 6.2 3.1 ..10  2  1
667 11
-1;9  -1.75  6.15  3.05origin: 40 120  30   -1 6.2 3.1 ..10  2  1
667 12
-1;9  -1.65  6.15  3.05origin: 40 120  30   -1 6.2 3.1 ..10  2  1
667 13
-1;9  -1.55  6.15  3.05origin: 40 120  30   -1 6.2 3.1 ..10  2  1
667 14
-1;9  -1.45  6.15  3.05origin: 40 120  30   -1 6.2 3.1 ..10  2  1
667 15
-1;9  -1.35  6.15  3.05origin: 40 120  30   -1 6.2 3.1 ..10  2  1
667 16
-1;9  -1.25  6.15  3.05origin: 40 120  30   -1 6.2 3.1 ..10  2  1
667 17
-1;9  -1.15  6.15  3.05origin: 40 120  30   -1 6.2 3.1 ..10  2  1
667 18
-1;9  -1.05  6.15  3.05origin: 40 120  30   -1 6.2 3.1 ..10  2  1
667 19
-4.00019 -3.00395  1.19539[0;31m collide!!!!! [0m
[33m[WARN] [1790604361.525607871, 42.020000000]: id:1 Infeasible1! DTG refuse to update![0m
-4.00545  2.99538  1.20439[0;31m collide!!!!! [0m
[33m[WARN] [1790604361.542834021, 42.039000000]: id:2 Infeasible1! DTG refuse to update![0m
-1;9  -1.95  6.15  3.05origin: 40 120  30   -1 6.2 3.1 ..10  2  1
667 10
-1;9  -1.85  6.15  3.05origin: 40 120  30   -1 6.2 3.1 ..10  2  1
667 11
-1;9  -1.75  6.15  3.05origin: 40 120  30   -1 6.2 3.1 ..10  2  1
667 12
-1;9  -1.65  6.15  3.05origin: 40 120  30   -1 6.2 3.1 ..10  2  1
667 13
-1;9  -1.55  6.15  3.05origin: 40 120  30   -1 6.2 3.1 ..10  2  1
667 14
-1;9  -1.45  6.15  3.05origin: 40 120  30   -1 6.2 3.1 ..10  2  1
667 15
-1;9  -1.35  6.15  3.05origin: 40 120  30   -1 6.2 3.1 ..10  2  1
667 16
-1;9  -1.25  6.15  3.05origin: 40 120  30   -1 6.2 3.1 ..10  2  1
667 17
-1;9  -1.15  6.15  3.05origin: 40 120  30   -1 6.2 3.1 ..10  2  1
667 18
-1;9  -1.05  6.15  3.05origin: 40 120  30   -1 6.2 3.1 ..10  2  1
667 19
-4.00351 -2.99614  1.20436[0;31m collide!!!!! [0m
[33m[WARN] [1790604361.735903716, 42.222000000]: id:1 Infeasible1! DTG refuse to update![0m
-4.0072 2.99903  1.2044[0;31m collide!!!!! [0m
[33m[WARN] [1790604361.749744800, 42.231000000]: id:2 Infeasible1! DTG refuse to update![0m
-1;9  -1.95  6.15  3.05origin: 40 120  30   -1 6.2 3.1 ..10  2  1
667 10
-1;9  -1.85  6.15  3.05origin: 40 120  30   -1 6.2 3.1 ..10  2  1
667 11
-1;9  -1.75  6.15  3.05origin: 40 120  30   -1 6.2 3.1 ..10  2  1
667 12
-1;9  -1.65  6.15  3.05origin: 40 120  30   -1 6.2 3.1 ..10  2  1
667 13
-1;9  -1.55  6.15  3.05origin: 40 120  30   -1 6.2 3.1 ..10  2  1
667 14
-1;9  -1.45  6.15  3.05origin: 40 120  30   -1 6.2 3.1 ..10  2  1
667 15
-1;9  -1.35  6.15  3.05origin: 40 120  30   -1 6.2 3.1 ..10  2  1
667 16
-1;9  -1.25  6.15  3.05origin: 40 120  30   -1 6.2 3.1 ..10  2  1
667 17
-1;9  -1.15  6.15  3.05origin: 40 120  30   -1 6.2 3.1 ..10  2  1
667 18
-1;9  -1.05  6.15  3.05origin: 40 120  30   -1 6.2 3.1 ..10  2  1
667 19
[0;44m id:2 Partition[0m
[33m[WARN] [1790604361.953748751, 42.432000000]: id:2 LocalGVP![0m
 -4.0039 -3.00084  1.20237[0;31m collide!!!!! [0m
[33m[WARN] [1790604361.957445557, 42.432000000]: id:1 Infeasible1! DTG refuse to update![0m
[0;44m id:1 Partition[0m
[33m[WARN] [1790604361.959465942, 42.432000000]: id:1 LocalGVP![0m
-4.00289  2.99832  1.19377[0;31m collide!!!!! [0m
[33m[WARN] [1790604361.970121392, 42.450000000]: id:2 Infeasible1! DTG refuse to update![0m
-1;9  -1.95  6.15  3.05origin: 40 120  30   -1 6.2 3.1 ..10  2  1
667 10
-1;9  -1.85  6.15  3.05origin: 40 120  30   -1 6.2 3.1 ..10  2  1
667 11
-1;9  -1.75  6.15  3.05origin: 40 120  30   -1 6.2 3.1 ..10  2  1
667 12
-1;9  -1.65  6.15  3.05origin: 40 120  30   -1 6.2 3.1 ..10  2  1
667 13
-1;9  -1.55  6.15  3.05origin: 40 120  30   -1 6.2 3.1 ..10  2  1
667 14
-1;9  -1.45  6.15  3.05origin: 40 120  30   -1 6.2 3.1 ..10  2  1
667 15
-1;9  -1.35  6.15  3.05origin: 40 120  30   -1 6.2 3.1 ..10  2  1
667 16
-1;9  -1.25  6.15  3.05origin: 40 120  30   -1 6.2 3.1 ..10  2  1
667 17
-1;9  -1.15  6.15  3.05origin: 40 120  30   -1 6.2 3.1 ..10  2  1
667 18
-1;9  -1.05  6.15  3.05origin: 40 120  30   -1 6.2 3.1 ..10  2  1
667 19
-3.99988 -3.00525  1.20452[0;31m collide!!!!! [0m
[33m[WARN] [1790604362.158341872, 42.606000000]: id:1 Infeasible1! DTG refuse to update![0m
-4.01083  2.99596  1.19089[0;31m collide!!!!! [0m
[33m[WARN] [1790604362.183481477, 42.651000000]: id:2 Infeasible1! DTG refuse to update![0m
-1;9  -1.95  6.15  3.05origin: 40 120  30   -1 6.2 3.1 ..10  2  1
667 10
-1;9  -1.85  6.15  3.05origin: 40 120  30   -1 6.2 3.1 ..10  2  1
667 11
-1;9  -1.75  6.15  3.05origin: 40 120  30   -1 6.2 3.1 ..10  2  1
667 12
-1;9  -1.65  6.15  3.05origin: 40 120  30   -1 6.2 3.1 ..10  2  1
667 13
-1;9  -1.55  6.15  3.05origin: 40 120  30   -1 6.2 3.1 ..10  2  1
667 14
-1;9  -1.45  6.15  3.05origin: 40 120  30   -1 6.2 3.1 ..10  2  1
667 15
-1;9  -1.35  6.15  3.05origin: 40 120  30   -1 6.2 3.1 ..10  2  1
667 16
-1;9  -1.25  6.15  3.05origin: 40 120  30   -1 6.2 3.1 ..10  2  1
667 17
-1;9  -1.15  6.15  3.05origin: 40 120  30   -1 6.2 3.1 ..10  2  1
667 18
-1;9  -1.05  6.15  3.05origin: 40 120  30   -1 6.2 3.1 ..10  2  1
667 19
-4.00988 -3.00379  1.20582[0;31m collide!!!!! [0m
[33m[WARN] [1790604362.371578228, 42.834000000]: id:1 Infeasible1! DTG refuse to update![0m
-4.00167  2.99448  1.19816[0;31m collide!!!!! [0m
[33m[WARN] [1790604362.389669144, 42.853000000]: id:2 Infeasible1! DTG refuse to update![0m
-1;9  -1.95  6.15  3.05origin: 40 120  30   -1 6.2 3.1 ..10  2  1
667 10
-1;9  -1.85  6.15  3.05origin: 40 120  30   -1 6.2 3.1 ..10  2  1
667 11
-1;9  -1.75  6.15  3.05origin: 40 120  30   -1 6.2 3.1 ..10  2  1
667 12
-1;9  -1.65  6.15  3.05origin: 40 120  30   -1 6.2 3.1 ..10  2  1
667 13
-1;9  -1.55  6.15  3.05origin: 40 120  30   -1 6.2 3.1 ..10  2  1
667 14
-1;9  -1.45  6.15  3.05origin: 40 120  30   -1 6.2 3.1 ..10  2  1
667 15
-1;9  -1.35  6.15  3.05origin: 40 120  30   -1 6.2 3.1 ..10  2  1
667 16
-1;9  -1.25  6.15  3.05origin: 40 120  30   -1 6.2 3.1 ..10  2  1
667 17
-1;9  -1.15  6.15  3.05origin: 40 120  30   -1 6.2 3.1 ..10  2  1
667 18
-1;9  -1.05  6.15  3.05origin: 40 120  30   -1 6.2 3.1 ..10  2  1
667 19
-4.00366 -3.00198  1.20228[0;31m collide!!!!! [0m
[33m[WARN] [1790604362.574566422, 43.026000000]: id:1 Infeasible1! DTG refuse to update![0m
-3.99485  2.99847  1.19357[0;31m collide!!!!! [0m
[33m[WARN] [1790604362.597349099, 43.045000000]: id:2 Infeasible1! DTG refuse to update![0m
-1;9  -1.95  6.15  3.05origin: 40 120  30   -1 6.2 3.1 ..10  2  1
667 10
-1;9  -1.85  6.15  3.05origin: 40 120  30   -1 6.2 3.1 ..10  2  1
667 11
-1;9  -1.75  6.15  3.05origin: 40 120  30   -1 6.2 3.1 ..10  2  1
667 12
-1;9  -1.65  6.15  3.05origin: 40 120  30   -1 6.2 3.1 ..10  2  1
667 13
-1;9  -1.55  6.15  3.05origin: 40 120  30   -1 6.2 3.1 ..10  2  1
667 14
-1;9  -1.45  6.15  3.05origin: 40 120  30   -1 6.2 3.1 ..10  2  1
667 15
-1;9  -1.35  6.15  3.05origin: 40 120  30   -1 6.2 3.1 ..10  2  1
667 16
-1;9  -1.25  6.15  3.05origin: 40 120  30   -1 6.2 3.1 ..10  2  1
667 17
-1;9  -1.15  6.15  3.05origin: 40 120  30   -1 6.2 3.1 ..10  2  1
667 18
-1;9  -1.05  6.15  3.05origin: 40 120  30   -1 6.2 3.1 ..10  2  1
667 19
-4.00708 -3.00243  1.19418[0;31m collide!!!!! [0m
[33m[WARN] [1790604362.797557904, 43.218000000]: id:1 Infeasible1! DTG refuse to update![0m
-3.9985 2.99782 1.19536[0;31m collide!!!!! [0m
[33m[WARN] [1790604362.812930461, 43.237000000]: id:2 Infeasible1! DTG refuse to update![0m
-1;9  -1.95  6.15  3.05origin: 40 120  30   -1 6.2 3.1 ..10  2  1
667 10
-1;9  -1.85  6.15  3.05origin: 40 120  30   -1 6.2 3.1 ..10  2  1
667 11
-1;9  -1.75  6.15  3.05origin: 40 120  30   -1 6.2 3.1 ..10  2  1
667 12
-1;9  -1.65  6.15  3.05origin: 40 120  30   -1 6.2 3.1 ..10  2  1
667 13
-1;9  -1.55  6.15  3.05origin: 40 120  30   -1 6.2 3.1 ..10  2  1
667 14
-1;9  -1.45  6.15  3.05origin: 40 120  30   -1 6.2 3.1 ..10  2  1
667 15
-1;9  -1.35  6.15  3.05origin: 40 120  30   -1 6.2 3.1 ..10  2  1
667 16
-1;9  -1.25  6.15  3.05origin: 40 120  30   -1 6.2 3.1 ..10  2  1
667 17
-1;9  -1.15  6.15  3.05origin: 40 120  30   -1 6.2 3.1 ..10  2  1
667 18
-1;9  -1.05  6.15  3.05origin: 40 120  30   -1 6.2 3.1 ..10  2  1
667 19
 -4.0007 -2.99611  1.19832[0;31m collide!!!!! [0m
[33m[WARN] [1790604363.008777586, 43.420000000]: id:1 Infeasible1! DTG refuse to update![0m
-3.99822  3.00174  1.18876[0;31m collide!!!!! [0m
[33m[WARN] [1790604363.040456918, 43.450000000]: id:2 Infeasible1! DTG refuse to update![0m
-1;9  -1.95  6.15  3.05origin: 40 120  30   -1 6.2 3.1 ..10  2  1
667 10
-1;9  -1.85  6.15  3.05origin: 40 120  30   -1 6.2 3.1 ..10  2  1
667 11
-1;9  -1.75  6.15  3.05origin: 40 120  30   -1 6.2 3.1 ..10  2  1
667 12
-1;9  -1.65  6.15  3.05origin: 40 120  30   -1 6.2 3.1 ..10  2  1
667 13
-1;9  -1.55  6.15  3.05origin: 40 120  30   -1 6.2 3.1 ..10  2  1
667 14
-1;9  -1.45  6.15  3.05origin: 40 120  30   -1 6.2 3.1 ..10  2  1
667 15
-1;9  -1.35  6.15  3.05origin: 40 120  30   -1 6.2 3.1 ..10  2  1
667 16
-1;9  -1.25  6.15  3.05origin: 40 120  30   -1 6.2 3.1 ..10  2  1
667 17
-1;9  -1.15  6.15  3.05origin: 40 120  30   -1 6.2 3.1 ..10  2  1
667 18
-1;9  -1.05  6.15  3.05origin: 40 120  30   -1 6.2 3.1 ..10  2  1
667 19
-3.99945 -3.00298  1.20633[0;31m collide!!!!! [0m
[33m[WARN] [1790604363.215427568, 43.615000000]: id:1 Infeasible1! DTG refuse to update![0m
-3.9928   3.002 1.19086[0;31m collide!!!!! [0m
[33m[WARN] [1790604363.234552250, 43.642000000]: id:2 Infeasible1! DTG refuse to update![0m
-1;9  -1.95  6.15  3.05origin: 40 120  30   -1 6.2 3.1 ..10  2  1
667 10
-1;9  -1.85  6.15  3.05origin: 40 120  30   -1 6.2 3.1 ..10  2  1
667 11
-1;9  -1.75  6.15  3.05origin: 40 120  30   -1 6.2 3.1 ..10  2  1
667 12
-1;9  -1.65  6.15  3.05origin: 40 120  30   -1 6.2 3.1 ..10  2  1
667 13
-1;9  -1.55  6.15  3.05origin: 40 120  30   -1 6.2 3.1 ..10  2  1
667 14
-1;9  -1.45  6.15  3.05origin: 40 120  30   -1 6.2 3.1 ..10  2  1
667 15
-1;9  -1.35  6.15  3.05origin: 40 120  30   -1 6.2 3.1 ..10  2  1
667 16
-1;9  -1.25  6.15  3.05origin: 40 120  30   -1 6.2 3.1 ..10  2  1
667 17
-1;9  -1.15  6.15  3.05origin: 40 120  30   -1 6.2 3.1 ..10  2  1
667 18
-1;9  -1.05  6.15  3.05origin: 40 120  30   -1 6.2 3.1 ..10  2  1
667 19
-3.99968 -2.99912    1.201[0;31m collide!!!!! [0m
[33m[WARN] [1790604363.443685181, 43.825000000]: id:1 Infeasible1! DTG refuse to update![0m
-3.99753  3.00167  1.20089[0;31m collide!!!!! [0m
[33m[WARN] [1790604363.470055276, 43.853000000]: id:2 Infeasible1! DTG refuse to update![0m
-1;9  -1.95  6.15  3.05origin: 40 120  30   -1 6.2 3.1 ..10  2  1
667 10
-1;9  -1.85  6.15  3.05origin: 40 120  30   -1 6.2 3.1 ..10  2  1
667 11
-1;9  -1.75  6.15  3.05origin: 40 120  30   -1 6.2 3.1 ..10  2  1
667 12
-1;9  -1.65  6.15  3.05origin: 40 120  30   -1 6.2 3.1 ..10  2  1
667 13
-1;9  -1.55  6.15  3.05origin: 40 120  30   -1 6.2 3.1 ..10  2  1
667 14
-1;9  -1.45  6.15  3.05origin: 40 120  30   -1 6.2 3.1 ..10  2  1
667 15
-1;9  -1.35  6.15  3.05origin: 40 120  30   -1 6.2 3.1 ..10  2  1
667 16
-1;9  -1.25  6.15  3.05origin: 40 120  30   -1 6.2 3.1 ..10  2  1
667 17
-1;9  -1.15  6.15  3.05origin: 40 120  30   -1 6.2 3.1 ..10  2  1
667 18
-1;9  -1.05  6.15  3.05origin: 40 120  30   -1 6.2 3.1 ..10  2  1
667 19
-3.99762 -2.99836  1.20065[0;31m collide!!!!! [0m
[33m[WARN] [1790604363.652159199, 44.026000000]: id:1 Infeasible1! DTG refuse to update![0m
-3.99739  2.99934  1.20881[0;31m collide!!!!! [0m
[33m[WARN] [1790604363.666873595, 44.045000000]: id:2 Infeasible1! DTG refuse to update![0m
-1;9  -1.95  6.15  3.05origin: 40 120  30   -1 6.2 3.1 ..10  2  1
667 10
-1;9  -1.85  6.15  3.05origin: 40 120  30   -1 6.2 3.1 ..10  2  1
667 11
-1;9  -1.75  6.15  3.05origin: 40 120  30   -1 6.2 3.1 ..10  2  1
667 12
-1;9  -1.65  6.15  3.05origin: 40 120  30   -1 6.2 3.1 ..10  2  1
667 13
-1;9  -1.55  6.15  3.05origin: 40 120  30   -1 6.2 3.1 ..10  2  1
667 14
-1;9  -1.45  6.15  3.05origin: 40 120  30   -1 6.2 3.1 ..10  2  1
667 15
-1;9  -1.35  6.15  3.05origin: 40 120  30   -1 6.2 3.1 ..10  2  1
667 16
-1;9  -1.25  6.15  3.05origin: 40 120  30   -1 6.2 3.1 ..10  2  1
667 17
-1;9  -1.15  6.15  3.05origin: 40 120  30   -1 6.2 3.1 ..10  2  1
667 18
-1;9  -1.05  6.15  3.05origin: 40 120  30   -1 6.2 3.1 ..10  2  1
667 19
-4.00031 -3.00424  1.20007[0;31m collide!!!!! [0m
[33m[WARN] [1790604363.854245025, 44.228000000]: id:1 Infeasible1! DTG refuse to update![0m
-4.00276  2.99236   1.2042[0;31m collide!!!!! [0m
[33m[WARN] [1790604363.878616705, 44.246000000]: id:2 Infeasible1! DTG refuse to update![0m
-1;9  -1.95  6.15  3.05origin: 40 120  30   -1 6.2 3.1 ..10  2  1
667 10
-1;9  -1.85  6.15  3.05origin: 40 120  30   -1 6.2 3.1 ..10  2  1
667 11
-1;9  -1.75  6.15  3.05origin: 40 120  30   -1 6.2 3.1 ..10  2  1
667 12
-1;9  -1.65  6.15  3.05origin: 40 120  30   -1 6.2 3.1 ..10  2  1
667 13
-1;9  -1.55  6.15  3.05origin: 40 120  30   -1 6.2 3.1 ..10  2  1
667 14
-1;9  -1.45  6.15  3.05origin: 40 120  30   -1 6.2 3.1 ..10  2  1
667 15
-1;9  -1.35  6.15  3.05origin: 40 120  30   -1 6.2 3.1 ..10  2  1
667 16
-1;9  -1.25  6.15  3.05origin: 40 120  30   -1 6.2 3.1 ..10  2  1
667 17
-1;9  -1.15  6.15  3.05origin: 40 120  30   -1 6.2 3.1 ..10  2  1
667 18
-1;9  -1.05  6.15  3.05origin: 40 120  30   -1 6.2 3.1 ..10  2  1
667 19
-4.00742 -2.99468  1.20229[0;31m collide!!!!! [0m
[33m[WARN] [1790604364.076771650, 44.429000000]: id:1 Infeasible1! DTG refuse to update![0m
-3.9954 2.99804 1.20483[0;31m collide!!!!! [0m
[33m[WARN] [1790604364.090505096, 44.438000000]: id:2 Infeasible1! DTG refuse to update![0m
-1;9  -1.95  6.15  3.05origin: 40 120  30   -1 6.2 3.1 ..10  2  1
667 10
-1;9  -1.85  6.15  3.05origin: 40 120  30   -1 6.2 3.1 ..10  2  1
667 11
-1;9  -1.75  6.15  3.05origin: 40 120  30   -1 6.2 3.1 ..10  2  1
667 12
-1;9  -1.65  6.15  3.05origin: 40 120  30   -1 6.2 3.1 ..10  2  1
667 13
-1;9  -1.55  6.15  3.05origin: 40 120  30   -1 6.2 3.1 ..10  2  1
667 14
-1;9  -1.45  6.15  3.05origin: 40 120  30   -1 6.2 3.1 ..10  2  1
667 15
-1;9  -1.35  6.15  3.05origin: 40 120  30   -1 6.2 3.1 ..10  2  1
667 16
-1;9  -1.25  6.15  3.05origin: 40 120  30   -1 6.2 3.1 ..10  2  1
667 17
-1;9  -1.15  6.15  3.05origin: 40 120  30   -1 6.2 3.1 ..10  2  1
667 18
-1;9  -1.05  6.15  3.05origin: 40 120  30   -1 6.2 3.1 ..10  2  1
667 19
-4.00257 -2.99705  1.19861[0;31m collide!!!!! [0m
[33m[WARN] [1790604364.282048862, 44.621000000]: id:1 Infeasible1! DTG refuse to update![0m
-3.99702  2.99373  1.20644[0;31m collide!!!!! [0m
[33m[WARN] [1790604364.299151284, 44.639000000]: id:2 Infeasible1! DTG refuse to update![0m
-1;9  -1.95  6.15  3.05origin: 40 120  30   -1 6.2 3.1 ..10  2  1
667 10
-1;9  -1.85  6.15  3.05origin: 40 120  30   -1 6.2 3.1 ..10  2  1
667 11
-1;9  -1.75  6.15  3.05origin: 40 120  30   -1 6.2 3.1 ..10  2  1
667 12
-1;9  -1.65  6.15  3.05origin: 40 120  30   -1 6.2 3.1 ..10  2  1
667 13
-1;9  -1.55  6.15  3.05origin: 40 120  30   -1 6.2 3.1 ..10  2  1
667 14
-1;9  -1.45  6.15  3.05origin: 40 120  30   -1 6.2 3.1 ..10  2  1
667 15
-1;9  -1.35  6.15  3.05origin: 40 120  30   -1 6.2 3.1 ..10  2  1
667 16
-1;9  -1.25  6.15  3.05origin: 40 120  30   -1 6.2 3.1 ..10  2  1
667 17
-1;9  -1.15  6.15  3.05origin: 40 120  30   -1 6.2 3.1 ..10  2  1
667 18
-1;9  -1.05  6.15  3.05origin: 40 120  30   -1 6.2 3.1 ..10  2  1
667 19
-4.00052 -2.99863  1.19096[0;31m collide!!!!! [0m
[33m[WARN] [1790604364.495573196, 44.813000000]: id:1 Infeasible1! DTG refuse to update![0m
-3.99539  2.99385  1.20454[0;31m collide!!!!! [0m
[33m[WARN] [1790604364.521107790, 44.840000000]: id:2 Infeasible1! DTG refuse to update![0m
-1;9  -1.95  6.15  3.05origin: 40 120  30   -1 6.2 3.1 ..10  2  1
667 10
-1;9  -1.85  6.15  3.05origin: 40 120  30   -1 6.2 3.1 ..10  2  1
667 11
-1;9  -1.75  6.15  3.05origin: 40 120  30   -1 6.2 3.1 ..10  2  1
667 12
-1;9  -1.65  6.15  3.05origin: 40 120  30   -1 6.2 3.1 ..10  2  1
667 13
-1;9  -1.55  6.15  3.05origin: 40 120  30   -1 6.2 3.1 ..10  2  1
667 14
-1;9  -1.45  6.15  3.05origin: 40 120  30   -1 6.2 3.1 ..10  2  1
667 15
-1;9  -1.35  6.15  3.05origin: 40 120  30   -1 6.2 3.1 ..10  2  1
667 16
-1;9  -1.25  6.15  3.05origin: 40 120  30   -1 6.2 3.1 ..10  2  1
667 17
-1;9  -1.15  6.15  3.05origin: 40 120  30   -1 6.2 3.1 ..10  2  1
667 18
-1;9  -1.05  6.15  3.05origin: 40 120  30   -1 6.2 3.1 ..10  2  1
667 19
-4.00385 -2.99248  1.19168[0;31m collide!!!!! [0m
[33m[WARN] [1790604364.716715295, 45.023000000]: id:1 Infeasible1! DTG refuse to update![0m
-4.00018    2.992  1.20463[0;31m collide!!!!! [0m
[33m[WARN] [1790604364.723981885, 45.023000000]: id:2 Infeasible1! DTG refuse to update![0m
terminate called after throwing an instance of 'boost::wrapexcept<boost::lock_error>'
  what():  boost: mutex lock failed in pthread_mutex_lock: Invalid argument
*** Aborted at 1790604439 (unix time) try "date -d @1790604439" if you are using GNU date ***
PC: @                0x0 (unknown)
*** SIGABRT (@0xc9f) received by PID 3231 (TID 0xe6d2c73bead0) from PID 3231; stack trace: ***
    @     0xe6d2c9d27f10 (unknown)
    @     0xe6d2ca0458f8 ([vdso]+0x8f7)
    @     0xe6d2c98cbd88 gsignal
    @     0xe6d2c98b8aac abort
    @     0xe6d2c9b7b8bc __gnu_cxx::__verbose_terminate_handler()
    @     0xe6d2c9b7920c (unknown)
    @     0xe6d2c9b78044 (unknown)
    @     0xe6d2c9b788a4 __gxx_personality_v0
    @     0xe6d2c9a18964 (unknown)
    @     0xe6d2c9a18ef4 _Unwind_Resume
    @     0xe6d2c9f34188 ros::TimerManager<>::remove()
    @     0xe6d2c9f32734 ros::Timer::Impl::stop()
    @     0xe6d2c9f32800 ros::Timer::Impl::~Impl()
    @     0xe6d2c9f3607c boost::detail::sp_counted_impl_p<>::dispose()
    @     0xe6d2c9f325bc ros::Timer::~Timer()
    @     0xe6d2c98ce48c (unknown)
    @     0xe6d2c98ce61c exit
    @     0xe6d2c98b8e14 __libc_start_main
    @     0xb9eaf918ff64 (unknown)
*** Aborted at 1790604439 (unix time) try "date -d @1790604439" if you are using GNU date ***
PC: @                0x0 (unknown)
*** SIGSEGV (@0xc96dbc000000) received by PID 3230 (TID 0xfadb2b149010) from PID 18446744072568700928; stack trace: ***
    @     0xfadb39a8af10 (unknown)
    @     0xfadb39cf18f8 ([vdso]+0x8f7)
    @     0xfadb39717a70 cfree
    @     0xc96da492b338 MurderFSM::~MurderFSM()
    @     0xc96da49248c8 main
    @     0xfadb396bee10 __libc_start_main
    @     0xc96da492527c (unknown)
terminate called after throwing an instance of 'boost::wrapexcept<boost::lock_error>'
  what():  boost: mutex lock failed in pthread_mutex_lock: Invalid argument
*** Aborted at 1790604439 (unix time) try "date -d @1790604439" if you are using GNU date ***
PC: @                0x0 (unknown)
*** SIGABRT (@0xc9d) received by PID 3229 (TID 0xe2d1a7df9ad0) from PID 3229; stack trace: ***
    @     0xe2d1aa762f10 (unknown)
    @     0xe2d1aaa808f8 ([vdso]+0x8f7)
    @     0xe2d1aa306d88 gsignal
    @     0xe2d1aa2f3aac abort
    @     0xe2d1aa5b68bc __gnu_cxx::__verbose_terminate_handler()
    @     0xe2d1aa5b420c (unknown)
    @     0xe2d1aa5b3044 (unknown)
    @     0xe2d1aa5b38a4 __gxx_personality_v0
    @     0xe2d1aa453964 (unknown)
    @     0xe2d1aa453ef4 _Unwind_Resume
    @     0xe2d1aa96f188 ros::TimerManager<>::remove()
    @     0xe2d1aa96d734 ros::Timer::Impl::stop()
    @     0xe2d1aa96d800 ros::Timer::Impl::~Impl()
    @     0xe2d1aa97107c boost::detail::sp_counted_impl_p<>::dispose()
    @     0xe2d1aa96d5bc ros::Timer::~Timer()
    @     0xe2d1aa30948c (unknown)
    @     0xe2d1aa30961c exit
    @     0xe2d1aa2f3e14 __libc_start_main
    @     0xbec3db81ff64 (unknown)
WARNING: Package name "multiDTG" does not follow the naming conventions. It should start with a lower case letter and only contain lower case letters, digits, underscores, and dashes.
WARNING: Package name "multiDTG" does not follow the naming conventions. It should start with a lower case letter and only contain lower case letters, digits, underscores, and dashes.

[1mROS_MASTER_URI=http://localhost:11328[0m
]2;/comparison/gvp.launch http://localhost:11328
[1mprocess[murder_1-1]: started with pid [3228][0m
[1mprocess[traj_exc_node1-2]: started with pid [3229][0m
[1mprocess[murder_2-3]: started with pid [3230][0m
[1mprocess[traj_exc_node2-4]: started with pid [3231][0m
[traj_exc_node2-4] killing on exit
[murder_1-1] killing on exit
[traj_exc_node1-2] killing on exit
[murder_2-3] killing on exit
shutting down processing monitor...
... shutting down processing monitor complete
[1mdone[0m
