t,i,x,y,z,speed
0.0,0,-4.0,-3.0,0.09999019,0.009810000000000001
0.0,1,-4.0,3.0,0.09999019,0.009810000000000001
0.011000000000000001,0,-4.0,-3.0,0.09935275577144828,0.10785606118326317
0.011000000000000001,1,-4.0,3.0,0.09935275577144828,0.10785606118326317
0.021,0,-4.0,-3.0,0.0977354000226568,0.20580412041430712
0.021,1,-4.0,3.0,0.0977354000226568,0.20580412041430712
0.031000000000000003,0,-4.0,-3.0,0.09513910223429867,0.30365427565099495
0.031000000000000003,1,-4.0,3.0,0.09513910223429867,0.30365427565099495
0.041,0,-4.0,-3.0,0.09156484090800698,0.401406624753276
0.041,1,-4.0,3.0,0.09156484090800698,0.401406624753276
0.051000000000000004,0,-4.00000000000011,-2.9999999999998934,0.08702138517074741,0.4962297693832425
0.051000000000000004,1,-4.000000000000204,2.9999999999999116,0.08702134024689155,0.49624609487058624
0.061000000000000006,1,-4.000000000054743,2.9999999999763576,0.08161193442543614,0.5742410693536001
0.061000000000000006,0,-4.000000000029737,-2.9999999999714,0.08161266165850198,0.5741116206544721
0.07200000000000001,0,-4.0000000000851506,-2.999999999918442,0.07985792190441358,0.0009997413075801163
0.07200000000000001,1,-4.000000000156671,2.9999999999324287,0.07985669213161109,0.000999739839579528
0.082,0,-4.000000000085367,-2.999999999918652,0.0798679198977523,0.00099984338351126
0.082,1,-4.000000000156854,2.9999999999325273,0.07986669010675332,0.000999841306675731
0.09200000000000001,0,-4.000000000085641,-2.999999999919061,0.07987791878127741,0.0009999216630504212
0.09200000000000001,1,-4.00000000015701,2.999999999932744,0.07987668896703919,0.000999919165092265
0.101,0,-4.00000000008596,-2.99999999991963,0.07988791832805463,0.000999978818012259
0.101,1,-4.000000000157142,2.9999999999330558,0.07988668848716397,0.0009999760291333991
0.112,0,-4.000000015826553,-3.0000000176073236,0.0799036412059793,0.002662172140841493
0.112,1,-4.0000000009130146,2.9999999996863322,0.07990107085563786,0.002303137175694188
0.11900000000000001,0,-4.0000000424942845,-3.0000000469449004,0.07995572890934839,0.00712881810634189
0.11900000000000001,1,-4.000000005628155,3.000000000759099,0.07994691865421232,0.006327622425957383
0.131,0,-4.000000083985322,-3.0000001004351717,0.08004717798053253,0.010678564929685715
0.131,1,-4.000000013829097,3.0000000112451244,0.0800289813123863,0.009654603575857866
0.14100000000000001,1,-4.000000014292823,3.0000000371183284,0.08014141251682215,0.012478141205732941
0.14200000000000002,0,-4.000000160249307,-3.000000211917629,0.0801703078155104,0.013566999060872104
0.152,0,-4.0000003011976535,-3.000000425171614,0.08031985140912754,0.01605072596567946
0.152,1,-3.9999999764744536,3.0000000734204444,0.08028014648848665,0.014988228379912177
0.161,0,-4.000000546581589,-3.000000791133569,0.08049293279191133,0.01830654740147093
0.161,1,-3.999999844949748,3.000000098484334,0.08044311806123006,0.01734709379911712
0.17,1,-3.999999536515945,3.0000000705093846,0.08062931953996684,0.01967503759471516
0.171,0,-4.00000094548695,-3.0000013656278157,0.08068770822506577,0.020425139944664487
0.18100000000000002,0,-4.000001557339676,-3.000002209143305,0.08090355214995147,0.022545320977683272
0.18100000000000002,1,-3.9999989412649093,2.9999999282298297,0.08083945213660365,0.02213628323454121
0.191,0,-4.000002456105297,-3.0000033898225853,0.0811409173331025,0.02471612625970643
0.191,1,-3.99999793014343,2.9999995980565646,0.08107502590654182,0.02473513171646511
0.201,0,-4.000003733655713,-3.0000049859815174,0.08140008352740428,0.0268990526070629
0.201,1,-3.9999963636797737,2.9999990020306253,0.08133702517854348,0.027405095485497383
0.21100000000000002,0,-4.000005501536419,-3.000007087607,0.08168113959537134,0.029110523412452603
0.21100000000000002,1,-3.9999940985217846,2.9999980636662276,0.08162609747002084,0.03015915417812447
0.221,0,-4.000007891871395,-3.0000097973581163,0.08198482112766682,0.03140935357325929
0.221,1,-3.999990991874344,2.9999967118521393,0.08194333372148792,0.03301624081726446
0.231,0,-4.000011056441003,-3.00001323001815,0.08231183382508785,0.03378339394068763
0.231,1,-3.9999869060636297,2.9999948841913353,0.08228928091304948,0.035881826836759965
0.24100000000000002,0,-4.000015164724541,-3.0000175114062566,0.08266320916442847,0.03626536151220376
0.24100000000000002,1,-3.999981712767427,2.999992532542918,0.08266350610441277,0.038679229524197674
0.252,0,-4.000020398020498,-3.000022774491709,0.08303992372682005,0.03885974067452903
0.252,1,-3.999975297083669,2.9999896356601807,0.08306549749561154,0.041462753450898476
0.262,0,-4.000026943469236,-3.000029155590682,0.083443281847051,0.04157399402567745
0.262,1,-3.999967560633133,2.99998621123222,0.08349550474381562,0.04427513401675439
0.271,0,-4.000034987666798,-3.0000367899734552,0.08387407253983531,0.0443393865936813
0.271,1,-3.999958425168273,2.9999823238281196,0.08395359425781616,0.047078933579842816
0.281,0,-4.000044712652768,-3.0000458092788005,0.08433276049408595,0.04717402324194763
0.281,1,-3.999947833672532,2.9999780883956113,0.08443974631557559,0.04991030757484825
0.29200000000000004,0,-4.0000562932295045,-3.0000563400627205,0.08481994175430636,0.05001530238266015
0.29200000000000004,1,-3.999935749480052,2.999973670547287,0.08495463859967764,0.052820746356715687
0.30000000000000004,0,-4.0000698885320185,-3.0000685014462007,0.08533503312597847,0.05277678451772432
0.30000000000000004,1,-3.999922158221487,2.9999692818210497,0.08549889453509589,0.05577416276620059
0.311,0,-4.000085633060328,-3.000082408714317,0.08587736846308121,0.05550678452395848
0.311,1,-3.9999070721092402,2.9999651643655576,0.08607279854445973,0.058767021605167676
0.321,0,-4.000103629582046,-3.0000981769803152,0.08644710176270101,0.05826476872853405
0.321,1,-3.99989053233788,2.999961574539251,0.08667709307924669,0.061839150466643275
0.331,1,-3.9998726116879393,2.999958769678488,0.08731219592806659,0.0649230120695313
0.332,0,-4.000123941602402,-3.0001159207844714,0.08704424729315875,0.06100598725550052
0.342,0,-4.000146590105415,-3.0001357541831544,0.08766844503094977,0.0636991728719967
0.342,1,-3.999853414396505,2.9999569978872884,0.08797798880710087,0.06797779299770776
0.35200000000000004,0,-4.000171554743722,-3.000157792204971,0.08831965897538198,0.0664762430575317
0.35200000000000004,1,-3.9998330740729955,2.999956490885953,0.08867410412969724,0.07100187578015056
0.36100000000000004,0,-4.0001987818084155,-3.000182150200337,0.0889996174924655,0.0694362846214992
0.36100000000000004,1,-3.999811747203181,2.999957458274,0.08940039109085002,0.07401077541312091
0.371,0,-4.0002281921903045,-3.0002089268200636,0.08970955327334704,0.07247700757936873
0.371,1,-3.999789595293843,2.999960078071206,0.09015644710578204,0.0769596742800674
0.381,0,-4.000259694711566,-3.000238192181409,0.09045012292048425,0.07559683019122101
0.381,1,-3.9997667641728842,2.999964488965637,0.0909417738736903,0.07989063902854812
0.391,0,-4.000293198223313,-3.0002699826561536,0.09122235797909749,0.07881333159917808
0.391,1,-3.99974336884073,2.9999707871415775,0.09175660459726287,0.08285116061251058
0.401,0,-4.000328616966893,-3.0003042944853147,0.09202678180473678,0.08204885624950717
0.402,1,-3.999719484794467,2.9999790225484446,0.09260090739370527,0.0857843626244688
0.41100000000000003,0,-4.000365876275401,-3.0003410832136312,0.09286379082881202,0.08540577264276779
0.41100000000000003,1,-3.999695142800544,2.9999891988285694,0.09347425962916334,0.0886652302004898
0.41900000000000004,0,-4.000404919604294,-3.000380270494922,0.0937361909036556,0.08909787689734855
0.41900000000000004,1,-3.9996703287503705,3.000001275085126,0.09437592342847083,0.09145598324130978
0.43100000000000005,0,-4.000445702348552,-3.0004217409365115,0.09464658238148572,0.09298373261325633
0.43100000000000005,1,-3.999644993059374,3.0000151688503323,0.09530491362486987,0.09414447261366965
0.441,0,-4.0004881873066935,-3.0004653444848066,0.09559626609784674,0.09695148361633785
0.441,1,-3.99961906273941,3.000030760521177,0.09626039432511771,0.09678766687484792
0.452,0,-4.00053234361577,-3.0005109029174206,0.09658586586175535,0.10099025632708966
0.452,1,-3.999592450761668,3.000047898484199,0.09724232713717512,0.09943207261403383
0.461,0,-4.00057814646493,-3.0005582164635447,0.09761622158034222,0.10509531011127411
0.461,1,-3.9995650642680487,3.0000664017499767,0.09825043752618445,0.10202856624801095
0.47100000000000003,1,-3.9995368100125597,3.000086064923087,0.09928455069667654,0.10467127403695563
0.47100000000000003,0,-4.000625573549341,-3.0006070662718405,0.09868715428030685,0.1090632566568973
0.48100000000000004,1,-3.9995075959977155,3.000106664290582,0.100346097948007,0.10750950970411093
0.48200000000000004,0,-4.000674600000596,-3.0006572148143174,0.09979599506397233,0.11274861756516082
0.49200000000000005,0,-4.000725196951914,-3.0007084064720915,0.10094064431809913,0.11625316036963222
0.49200000000000005,1,-3.999477332017364,3.0001279609990794,0.10143691059949209,0.11049595720821272
0.501,0,-4.0007773248917164,-3.000760362293799,0.10211933857519004,0.1195829903889301
0.501,1,-3.999445929910961,3.000149704884338,0.10255794898212733,0.11354033034025138
0.511,1,-3.9994133026649945,3.000171639284944,0.1037096607662741,0.11664307524966486
0.511,0,-4.000830929607367,-3.0008127775855313,0.10333062312795112,0.12280996018930508
0.52,0,-4.000885940854305,-3.0008653219083565,0.1045739335778664,0.12598746736889072
0.52,1,-3.9993793631735977,3.000193505023866,0.10489279418291474,0.11980815758325934
0.531,0,-4.0009422697932475,-3.000917640158185,0.10584845740402209,0.12904031261051158
0.531,1,-3.999344025117588,3.0002150435086343,0.10610777813772117,0.12302145839218918
0.541,0,-4.000999805337982,-3.0009693575482177,0.10715240953787661,0.13189070955641347
0.541,1,-3.9993072052409504,3.000236000240435,0.10735540731723343,0.12634233612468843
0.551,0,-4.001058405980556,-3.00102008897628,0.1084841253282825,0.13462518259839393
0.551,1,-3.9992688325906762,3.0002561297505226,0.10863696924480214,0.129783096051144
0.561,1,-3.999228859293182,3.0002752011423963,0.10995311281273795,0.13324561006807656
0.562,0,-4.001117891516368,-3.001069447734234,0.10984301910745917,0.13731285180734648
0.5710000000000001,0,-4.001178036856935,-3.001117054286416,0.11122841683258186,0.13991539050279309
0.5710000000000001,1,-3.999187266667198,3.000293001987364,0.11130369104078026,0.136668493317395
0.5810000000000001,1,-3.9991440682875004,3.000309340903107,0.11268782168556955,0.1399446928364373
0.5810000000000001,0,-4.001238570780828,-3.0011625425846833,0.11263950680793877,0.14245070382803637
0.5900000000000001,1,-3.9990993128419374,3.000324049614656,0.11410347640866218,0.14300187415243695
0.5910000000000001,0,-4.0012991782442775,-3.0012055636696524,0.11407590971421162,0.14495480608971636
0.6010000000000001,0,-4.001359508221879,-3.0012457908120824,0.11553717110934657,0.1473998955955818
0.6010000000000001,1,-3.999053085495705,3.0003369816232106,0.11554854745277147,0.14585350452885745
0.611,0,-4.001419184514677,-3.0012829229691853,0.11702273131329173,0.1498094261150287
0.611,1,-3.9990055089899483,3.0003480108361837,0.11702128215704545,0.14857644358644606
0.622,0,-4.0014778145785685,-3.00131668451128,0.11853270169953356,0.1522437790277268
0.622,1,-3.9989567425031147,3.000357029197679,0.11852099189765762,0.15124994550308335
0.629,0,-4.001534998029918,-3.0013468289199383,0.12006705151592549,0.1546484746488668
0.629,1,-3.998906981382939,3.0003639475471577,0.12004701390948257,0.15384411408285023
0.641,0,-4.001590333945391,-3.001373140534692,0.12162529982956498,0.15700584327076667
0.641,1,-3.9988564544714076,3.000368694896836,0.12159853126439876,0.1563810852682358
0.651,0,-4.001643426541826,-3.001395431776146,0.12320733550022651,0.1593751171218535
0.652,1,-3.9988054190569025,3.000371213731571,0.12317614062518105,0.15905957976265492
0.661,0,-4.001693900023358,-3.0014135457605806,0.12481315725519274,0.16172573815035451
0.661,1,-3.9987541529621358,3.000371459319995,0.1247811133127119,0.16182851697679884
0.671,0,-4.001741418209901,-3.0014273602601604,0.1264424976242132,0.16406803898461528
0.671,1,-3.9987029429891456,3.0003694002091543,0.12641390988247334,0.16460942023856218
0.679,0,-4.001785695891381,-3.0014367855184942,0.1280956322577086,0.16644527475405513
0.68,1,-3.9986520743529397,3.0003650150483625,0.12807456038182918,0.16740988662053746
0.6910000000000001,0,-4.001826509048138,-3.0014417669145974,0.1297727447080982,0.1688605738025832
0.6910000000000001,1,-3.9986018227871827,3.000358289534962,0.1297631533677904,0.1701416013677516
0.7020000000000001,0,-4.001863693985302,-3.0014422780104097,0.13147507840836528,0.1714505973537225
0.7020000000000001,1,-3.998552446525251,3.0003492195032324,0.1314776240484721,0.17261110486277423
0.7110000000000001,0,-4.001897143215993,-3.001438316747229,0.1332041474846815,0.17418514189378684
0.7110000000000001,1,-3.9985041809964486,3.000337803316674,0.13321574207661072,0.17491047169553872
0.7210000000000001,1,-3.998457235794092,3.0003240359140553,0.13497647097651433,0.17713551944138003
0.7210000000000001,0,-4.001926794082354,-3.00142989660982,0.1349614694173836,0.1770598122631897
0.7320000000000001,0,-4.00195262119051,-3.001417042064926,0.1367478001223072,0.17996159155843558
0.7320000000000001,1,-3.998411790966887,3.0003079094744933,0.13675887255259137,0.17924329166612873
0.742,0,-4.001974629041092,-3.0013997839042035,0.13856286760911748,0.18278050757651024
0.742,1,-3.9983679955591698,3.0002894125436192,0.13856197813504617,0.18131678410681826
0.751,0,-4.00199284833418,-3.0013781580376544,0.1404050514275911,0.18540468316197017
0.751,1,-3.99832597004939,3.000268525302626,0.14038649513494048,0.18349994082334317
0.761,0,-4.002007333955679,-3.0013522041823175,0.1422723586259816,0.18783037112997572
0.761,1,-3.9982858032524415,3.0002452233197205,0.14223309215336932,0.18571391741769117
0.772,0,-4.002018165583463,-3.001321967330016,0.14416303291341845,0.19012130037203126
0.772,1,-3.9982475515563967,3.0002194786555143,0.14410194552360844,0.18796108416244728
0.782,0,-4.00202544619143,-3.0012874971628545,0.14607635142658112,0.1923720596429578
0.782,1,-3.998211241548557,3.000191257778911,0.14599369720488398,0.19027319712235602
0.791,0,-4.002029305650338,-3.0012488538954214,0.14801165599181526,0.19453410144485067
0.791,1,-3.9981768698141376,3.0001605242380025,0.1479085501749686,0.19257121619970005
0.801,0,-4.002029900420664,-3.0012061101223204,0.1499680899116425,0.19663373645537724
0.801,1,-3.9981444046820167,3.0001272397585295,0.14984610128309553,0.19481376866059041
0.811,0,-4.002027407646064,-3.001159347500229,0.15194553834640276,0.1987677058259857
0.811,1,-3.9981137900089943,3.0000913659319814,0.15180581324041642,0.19702698444997363
0.8210000000000001,1,-3.9980849506675904,3.0000528705892267,0.1537877904185888,0.1992590480974051
0.8220000000000001,0,-4.002022019983547,-3.00110865844366,0.15394457614380058,0.20095250402911327
0.8310000000000001,0,-4.002013943256959,-3.001054152013931,0.1559652576335285,0.2031102691258801
0.8310000000000001,1,-3.9980577950888843,3.000011738660485,0.15579188191393106,0.20144986157563563
0.8420000000000001,0,-4.002003390851973,-3.0009959533177875,0.15800726956693067,0.20525820642828993
0.8420000000000001,1,-3.9980322187688917,2.99996797803427,0.15781759958602495,0.20361123654133573
0.8510000000000001,0,-4.001990577021862,-3.0009341989814295,0.16007099910817246,0.20746976838256737
0.8510000000000001,1,-3.9980081089605455,2.999921620076206,0.15986515278977512,0.20581861596775802
0.8630000000000001,0,-4.00197571390758,-3.0008690391409707,0.16215697894098058,0.2097144121090809
0.8630000000000001,1,-3.9979853467813484,2.999872721529683,0.16193531829569724,0.20816012053020963
0.8720000000000001,0,-4.001959004612617,-3.0008006416208306,0.16426522456114784,0.21194011247091327
0.8720000000000001,1,-3.9979638084339024,2.9998213613354077,0.1640298715065259,0.2106644534861186
0.881,0,-4.001940634261822,-3.0007291933127727,0.16639537382934852,0.21412816939330928
0.881,1,-3.9979433614580797,2.999767635941314,0.1661499086025319,0.21325996444003273
0.891,0,-4.001920762965233,-3.0006548986666473,0.16854740000962148,0.21632950530246356
0.891,1,-3.9979238640465673,2.9997116480164365,0.16829641074074994,0.2159416268864282
0.901,0,-4.001899523020492,-3.000577980368994,0.17072121144895008,0.21849833112170955
0.901,1,-3.997905164384508,2.9996534997360738,0.1704697410230402,0.2186220251178754
0.911,0,-4.0018770186042465,-3.000498680054641,0.17291566016982454,0.22045414067725513
0.911,1,-3.9978871010069135,2.9995932888824997,0.17266882601182282,0.22106982086312282
0.921,0,-4.0018533267178995,-3.000417254485767,0.17512804119519765,0.2221360895891365
0.921,1,-3.997869506945772,2.9995311100701616,0.1748905159336895,0.2231937714054988
0.931,0,-4.0018284976582565,-3.000333963153979,0.17735579667885484,0.22357165768746692
0.931,1,-3.997852220014108,2.9994670579167413,0.17713185845315946,0.22504300279830225
0.9410000000000001,0,-4.0018025578900405,-3.0002490606379313,0.17959683499129,0.22484879519778134
0.9410000000000001,1,-3.9978350905121673,2.9994012341853917,0.17939046298490677,0.2267008408230722
0.9510000000000001,0,-4.00177551240346,-3.000162790497002,0.18185021750567285,0.22605472717667677
0.9510000000000001,1,-3.9978179863022136,2.999333751904522,0.18166511307002017,0.2282678487697415
0.9620000000000001,0,-4.001747348530429,-3.0000753831986726,0.18411535906083004,0.22724730358522724
0.9620000000000001,1,-3.997800795908837,2.9992647399822587,0.1839548917340262,0.22975110836637042
0.9710000000000001,0,-4.0017180387833085,-2.999987053227487,0.18639329958467013,0.2286195383709219
0.9710000000000001,1,-3.997783431730903,2.999194343735439,0.18625938077934828,0.2312369019420307
0.9810000000000001,0,-4.00168755132824,-2.999898002253515,0.18868593273369685,0.23015641112710236
0.9810000000000001,1,-3.9977658358081065,2.9991227228627655,0.18857891418471373,0.23275125607620065
0.9910000000000001,0,-4.0016558623802405,-2.999808423491801,0.1909942528590051,0.2317421167584205
0.9910000000000001,1,-3.9977479851193203,2.999050050254765,0.19091344968507828,0.23423748512375933
1.0,0,-4.001622963565535,-2.9997185031940172,0.19331835342727294,0.23330887082226948
1.0,1,-3.9977298941669885,2.9989765091983687,0.1932624125086607,0.23564344134982637
1.011,0,-4.001588865956026,-2.999628421363379,0.1956579608941337,0.23485428813048898
1.011,1,-3.997711615080062,2.998902289666674,0.19562565341804924,0.237153272441038
1.022,0,-4.001553601534807,-2.9995383533755855,0.19801297986536676,0.23638644771809317
1.022,1,-3.9976932350628913,2.9988275821268724,0.19800546552706358,0.2389096846071266
1.029,0,-4.001517223428383,-2.9994484736762583,0.20038297402874133,0.2378473994834886
1.029,1,-3.9976748715628934,2.998752569752533,0.2004035222269133,0.24077258530966994
1.041,1,-3.9976566659843957,2.9986774186289815,0.2028206339819493,0.2427233708374081
1.042,0,-4.001479804366342,-2.9993589588324863,0.2027671962812922,0.23925320479809603
1.052,0,-4.001441433793867,-2.9992699896417587,0.20516558097034715,0.24067004982989568
1.052,1,-3.9976387780088354,2.9986022706028503,0.20525781644872892,0.24475961473956537
1.061,0,-4.001402216748815,-2.999181751746031,0.20757798346076753,0.24204796913368504
1.061,1,-3.997621380388026,2.9985272391795577,0.20771542185359027,0.24679324491033627
1.071,1,-3.997604654437002,2.9984524072700074,0.21019327000481358,0.2488154859314482
1.072,0,-4.001362271935074,-2.999094435335008,0.2100039030866838,0.24338267348802264
1.081,0,-4.001321728594239,-2.9990082344267734,0.21244321032385358,0.24471182687852108
1.081,1,-3.997588785228818,2.9983778285185014,0.2126913578510755,0.25082757951481277
1.091,1,-3.9975739530003547,2.998303534638057,0.21520928196256683,0.252777985090683
1.092,0,-4.001280722783156,-2.998923342048857,0.21489560399849084,0.24598864788531455
1.101,0,-4.001239392792057,-2.9988399447998955,0.2173606067627942,0.24724459025289014
1.101,1,-3.9975603257363472,2.998229543930225,0.217746620523677,0.2547235161150784
1.111,0,-4.0011978752582325,-2.998758219832593,0.21983836321915542,0.2485148308196073
1.111,1,-3.997548054478627,2.9981558679099436,0.22030351771965112,0.25667338434484366
1.121,0,-4.0011563027039,-2.998678331274071,0.2223291189710091,0.24985724972929169
1.121,1,-3.997537268169274,2.998082515705252,0.2228794186219314,0.2584808239574351
1.131,0,-4.001114799781284,-2.998600429610528,0.22483414435948196,0.2513234590005585
1.131,1,-3.9975280702662075,2.998009495449093,0.22547139906510502,0.25992321388652473
1.141,0,-4.001073476541864,-2.9985246469789315,0.2273544023045397,0.2528897655379684
1.141,1,-3.9975205475734543,2.997936810815774,0.22807637526690566,0.26113207195661414
1.151,0,-4.001032422321591,-2.998451096224858,0.22989096815984325,0.25454388684436985
1.151,1,-3.9975147803591122,2.9978644559966865,0.2306927053716972,0.26220381980008806
1.162,0,-4.00099170172189,-2.998379868298572,0.23244423854422533,0.2562029454239762
1.162,1,-3.9975108457711004,2.99779241174734,0.23331893262240466,0.2631216877156529
1.171,0,-4.000951352758882,-2.9983110321207076,0.235013946918672,0.25781394456884327
1.171,1,-3.997508822215603,2.997720643494492,0.23595419233765424,0.2640697453827268
1.181,0,-4.00091139106253,-2.998244638323074,0.23759940782217587,0.2593407398107399
1.181,1,-3.997508792791933,2.9976491028942345,0.23859998208094604,0.2651873493399905
1.191,0,-4.000871824425557,-2.9981807287168234,0.24019958082546528,0.2607498617337769
1.191,1,-3.9975108338770786,2.9975777336528107,0.2412573980554367,0.2663732943136306
1.201,1,-3.997515008376096,2.9975064782701386,0.24392703997211115,0.2676360023855702
1.202,0,-4.000832667348346,-2.998119346524123,0.2428135452315661,0.2621109643029743
1.211,0,-4.000793951145835,-2.998060544098969,0.2454410975593151,0.26344661427820126
1.211,1,-3.997521362701397,2.997435283077969,0.24660965963692053,0.2689493214928549
1.222,0,-4.000755729979575,-2.9980043861025685,0.24808247138351167,0.26489487361837005
1.222,1,-3.9975299227774777,2.997364101682842,0.24930549747916642,0.2702804470698905
1.232,0,-4.0007180823394295,-2.9979509523575243,0.2507393479901827,0.26649814292651103
1.232,1,-3.997540695623999,2.9972928958718836,0.2520146630527282,0.27160647216151357
1.242,0,-4.000681105150317,-2.997900328940796,0.2534130729134254,0.2682444191698518
1.242,1,-3.9975536775428386,2.997221631091775,0.2547370239851611,0.2729361914691838
1.252,0,-4.000644908017397,-2.9978526043602556,0.2561049898927832,0.2700949667008361
1.252,1,-3.9975688659326996,2.9971502704309363,0.25747294034385215,0.27430489650939344
1.262,0,-4.000609607753916,-2.9978078634692094,0.258815590921512,0.2719543662039933
1.262,1,-3.997586264747379,2.9970787705786277,0.26022243776308285,0.2756481999903377
1.271,0,-4.00057532468687,-2.997766185675423,0.26154487494832857,0.2738331649088087
1.271,1,-3.9976058894556696,2.9970070792041477,0.2629852598641803,0.27699143644983765
1.2810000000000001,0,-4.000542180355882,-2.997727645498486,0.2642932181915634,0.2757261460388016
1.2810000000000001,1,-3.997627771607234,2.9969351333520757,0.26576163133175423,0.27834036517828503
1.291,0,-4.0005102939914075,-2.9976923060820275,0.267060022515471,0.2775174126071436
1.292,1,-3.997651955058946,2.9968628605920293,0.2685509880477149,0.2795964247996255
1.3010000000000002,1,-3.997678489533181,2.996790183564534,0.2713526011752564,0.28082091822334576
1.302,0,-4.000479782972937,-2.9976602164745962,0.26984436812017487,0.27924786867028717
1.311,0,-4.000450764543996,-2.9976314099725276,0.2726459588737276,0.2809496292915007
1.311,1,-3.9977074238705446,2.9967170248259505,0.27416643249334055,0.2820369690584808
1.321,0,-4.000423354732614,-2.997605898222226,0.2754642042587398,0.28257035805574776
1.322,1,-3.9977387971694314,2.9966433112113613,0.27699206331273535,0.28318800376400144
1.332,0,-4.00039766792895,-2.997583669255624,0.27829807652244504,0.2840741493137785
1.332,1,-3.9977726345765183,2.9965689765478247,0.2798287079819698,0.2842520869259161
1.341,0,-4.000373816693263,-2.9975646877396773,0.28114627524138996,0.28542967203938074
1.341,1,-3.9978089464863067,2.996493962916019,0.282675948306236,0.28537906685934494
1.351,0,-4.000351908975102,-2.9975488947405884,0.2840069741224389,0.28658738759554914
1.351,1,-3.997847731530004,2.9964182210323718,0.28553588388382917,0.28675326640366744
1.361,0,-4.000332041974848,-2.997536210316513,0.28687823351494374,0.2875560874361066
1.361,1,-3.997888965237534,2.9963417168447855,0.2884103029670374,0.2882542150322252
1.371,0,-4.000314296239887,-2.9975265367001613,0.2897584741248487,0.2884154059296826
1.371,1,-3.9979325951786326,2.996264436196823,0.2913001614377544,0.2898525875139868
1.3820000000000001,0,-4.000298732681091,-2.997519762060844,0.29264711525990433,0.2892295343526414
1.3820000000000001,1,-3.9979785417123868,2.9961863864172074,0.29420653565269306,0.29154143115984704
1.391,0,-4.000285388227372,-2.9975157597576088,0.29554368178912865,0.29002282574649274
1.391,1,-3.9980266953655845,2.9961075981047305,0.2971295096402283,0.2931260614229404
1.4020000000000001,0,-4.000274276502088,-2.997514393743735,0.29844878504446787,0.2909377641752226
1.4020000000000001,1,-3.9980769137940344,2.996028125930914,0.3000664461536608,0.2944002155014996
1.412,0,-4.000265385096124,-2.997515522600064,0.3013637159553526,0.2919591297053992
1.412,1,-3.998129027817079,2.995948044086812,0.3030149407498815,0.2954692348912105
1.421,0,-4.0002586714370345,-2.997519001832705,0.30428908992661674,0.2930108569517856
1.421,1,-3.998182841515436,2.995867443286388,0.30597307634409415,0.2963562484187669
1.431,0,-4.000254063050029,-2.997524688585112,0.30722485570994357,0.29403215761720997
1.431,1,-3.9982381324347798,2.9957864283101787,0.3089390803382837,0.2970682901469926
1.445,0,-4.000251459118637,-2.9975324453699748,0.310170431234918,0.2949682626620421
1.445,1,-3.998294653503912,2.99570511547205,0.3119113270705212,0.2976367622239127
1.449,0,-4.000250731977542,-2.997542142628765,0.3131245706676125,0.29575792365698006
1.449,1,-3.998352136660226,2.99562362978598,0.3148886503004251,0.29809604502168274
1.461,0,-4.000251729074716,-2.9975536628065718,0.31608571897024823,0.2963862316991302
1.461,1,-3.998410298217521,2.995542101345782,0.3178699634770002,0.29845018484210767
1.471,0,-4.00025427519183,-2.9975669039117645,0.3190524308804503,0.29690535823161757
1.471,1,-3.998468845310881,2.9954606615537944,0.3208542947073713,0.2987232919607174
1.481,0,-4.000258175686615,-2.9975817824371034,0.3220242066818795,0.2974013558428991
1.481,1,-3.9985274812712706,2.995379440278372,0.3238413197356152,0.2989862765769999
1.491,0,-4.000263217509616,-2.997598232548311,0.32500070667013586,0.2978644215499862
1.491,1,-3.9985859099242353,2.995298563543322,0.32683076837992847,0.2992069812717557
1.501,0,-4.00026917335699,-2.997616205420155,0.32798202567091655,0.29837726685717525
1.501,1,-3.9986438396915625,2.9952181519276375,0.32982237296786737,0.2994297884722505
1.512,0,-4.000275811599806,-2.9976356639556703,0.33096901380422705,0.29898190458360613
1.512,1,-3.998700989387129,2.995138321087644,0.3328164815286149,0.2996874888249298
1.5190000000000001,0,-4.000282906874915,-2.9976565736863416,0.33396211810756443,0.29959045618562796
1.5190000000000001,1,-3.99875709653563,2.9950591830535327,0.33581305098265934,0.299909184293352
1.532,0,-4.000290249055292,-2.9976788969503927,0.3369611936821335,0.30018619714383615
1.532,1,-3.998811923409303,2.9949808475323607,0.33881171762255186,0.3001177124867216
1.541,0,-4.0002976498306255,-2.9977025904077905,0.339966464130368,0.30082853397680714
1.541,1,-3.9988652596903105,2.994903423419618,0.3418127959224509,0.3003682411810627
1.552,0,-4.0003049465992015,-2.997727601467691,0.34297782031258445,0.3013601270418251
1.552,1,-3.998916925989207,2.994827018363615,0.34481630086411796,0.30057680488179495
1.562,0,-4.000312004327422,-2.9977538620381208,0.34599277268225553,0.3015864877360676
1.562,1,-3.998966777008041,2.994751735751642,0.34782134909115936,0.30067396273477776
1.5710000000000002,0,-4.00031871316201,-2.9977812836710034,0.34900889886975206,0.3016457433720607
1.5710000000000002,1,-3.999014703754434,2.994677667049488,0.3508270676582671,0.30072619104450643
1.581,0,-4.00032498438569,-2.9978097514733704,0.3520251493995222,0.30161824519801705
1.581,1,-3.9990606347343407,2.9946048840960824,0.35383338847787493,0.30077364801356443
1.5910000000000002,0,-4.000330747727424,-2.997839118105869,0.3550404950055495,0.30147536164848715
1.5910000000000002,1,-3.999104538813663,2.994533432174629,0.3568399500616408,0.3007617979541576
1.601,0,-4.0003359486259065,-2.9978692023460067,0.35805407673990014,0.30129322211672965
1.601,1,-3.9991464239857315,2.994463327165929,0.35984634544705524,0.3007485763081554
1.611,0,-4.000340545444821,-2.997899790040553,0.3610659410769449,0.3011400149151188
1.611,1,-3.9991863336631805,2.9943945555298352,0.3628530128232429,0.30081605488980395
1.621,0,-4.000344507366728,-2.99793063591449,0.3640776131133238,0.3012659707245095
1.621,1,-3.9992243433193715,2.99432707611079,0.3658613575629014,0.30104828835352204
1.631,0,-4.000347816093483,-2.9979614735617286,0.3670921707936106,0.30168529943322686
1.631,1,-3.999260555517261,2.9942608281738963,0.36887281946313627,0.30142237796943117
1.641,0,-4.000350472212124,-2.9979920351497817,0.37011233254702375,0.30233894251786037
1.642,1,-3.999295091677696,2.9941957433780395,0.371888751627911,0.30190527305387277
1.651,0,-4.00035249955932,-2.998022069768865,0.3731396669856626,0.30309154452135934
1.651,1,-3.999328085856209,2.994131754520263,0.3749097424663832,0.3024118311511035
1.661,0,-4.000353946750061,-2.9980513563984386,0.37617497672020694,0.3039368844521421
1.661,1,-3.9993596782550633,2.994068802669317,0.37793596384263917,0.3029574971744143
1.671,0,-4.0003548868772825,-2.998079711806168,0.3792192398341655,0.30483973652291496
1.671,1,-3.9993900093229544,2.9940068425839685,0.380968135946915,0.3035821302929295
1.681,0,-4.000355417714249,-2.998106995489016,0.3822719565554546,0.3056284418420423
1.682,1,-3.9994192166348057,2.9939458435357023,0.38400678155253426,0.3042317349157954
1.691,0,-4.000355660248906,-2.998133104626399,0.38533187063682367,0.3062879592736117
1.691,1,-3.9994474289998045,2.993885784336938,0.3870518380169591,0.30485304767244065
1.701,0,-4.000355756853469,-2.9981579656333577,0.38839784757673057,0.3068690936067581
1.701,1,-3.999474759601495,2.993826646613367,0.3901029967689441,0.30546566533903874
1.711,0,-4.000355869413516,-2.9981815269610115,0.3914695597569822,0.3074273704608969
1.711,1,-3.9995013009758744,2.9937684101901163,0.393160501399032,0.3061037845016638
1.721,0,-4.0003561770759966,-2.9982037551688436,0.3945465903085392,0.307936106577
1.721,1,-3.9995271239744445,2.9937110481627456,0.39622342426814866,0.30650561066238335
1.731,0,-4.000356870854479,-2.9982246312629663,0.39762867223930765,0.3084542834611405
1.731,1,-3.9995522806202013,2.993654526785567,0.399288608672849,0.3066170718420503
1.741,0,-4.0003581439366585,-2.998244148731716,0.4007161624158553,0.3090010346020395
1.741,1,-3.9995768103924427,2.993598814551511,0.40235404885128556,0.3065717661476692
1.751,0,-4.000360182266702,-2.998262313981209,0.4038090466938946,0.3095254990443115
1.751,1,-3.999600748942325,2.99354388760344,0.4054182491462985,0.3063800625463377
1.7610000000000001,0,-4.000363158105021,-2.9982791451120927,0.4069070928000316,0.310050547459686
1.7610000000000001,1,-3.999624134232536,2.993489733315564,0.4084797712633689,0.3060472235071809
1.771,0,-4.000367226398018,-2.9982946698362523,0.4100105903120921,0.3106002811714902
1.771,1,-3.9996470102904786,2.993436352843349,0.41153751404601774,0.30565117582491286
1.7810000000000001,0,-4.000372521195066,-2.998308925634431,0.4131194179005266,0.31110641077701384
1.7810000000000001,1,-3.9996694293323434,2.9933837626418733,0.41459129197305417,0.30524641865362184
1.791,1,-3.9996914520092908,2.993331993592427,0.4176406920366339,0.30477179053932973
1.791,0,-4.000379155156536,-2.9983219626450652,0.416232699465412,0.3114987991228917
1.8010000000000002,0,-4.0003872253632435,-2.9983338545728873,0.4193494876165318,0.31183505681586493
1.8010000000000002,1,-3.99971313804189,2.9932810890333137,0.42068516930431255,0.3042818580910569
1.811,0,-4.000396820491967,-2.9983447096854587,0.42246968379452626,0.3121718548489008
1.811,1,-3.9997345325529774,2.993231102351649,0.4237249582666608,0.3038182277341996
1.822,0,-4.000408023587049,-2.998354679243016,0.42559303090959966,0.31246400872969465
1.822,1,-3.999755656843056,2.993182093316449,0.42676000165723144,0.30332508865099383
1.83,0,-4.000420914883535,-2.9983639609084523,0.42871905374171654,0.31272854042492
1.83,1,-3.9997765024552847,2.9931341257998887,0.42979006358685384,0.3028373231398637
1.8410000000000002,1,-3.99979702793177,2.9930872668447672,0.4328157323208905,0.3024470857061512
1.8410000000000002,0,-4.0004355741224975,-2.9983727986307556,0.43184735341710917,0.31287843907390256
1.851,1,-3.9998171608748168,2.9930415859951807,0.43583824847196145,0.30217772971898926
1.852,0,-4.000452075488961,-2.9983814764835577,0.43497567276210264,0.312767700069292
1.86,1,-3.9998368095963235,2.992997156488412,0.4388584502886314,0.3019787157726856
1.8610000000000002,0,-4.000470483593731,-2.998390300129865,0.43810175099928955,0.3124749916944912
1.871,0,-4.000490848782173,-2.998399580175015,0.4412245295642273,0.3121207232921161
1.871,1,-3.999855875509324,2.99295405852444,0.441877293291994,0.3018842561813271
1.881,0,-4.00051320100805,-2.9984096197896903,0.4443433241471255,0.3116854595220158
1.881,1,-3.999874262989933,2.9929123801371293,0.4448954663192489,0.3018251537249894
1.891,0,-4.000537546100664,-2.998420704938985,0.4474572149725345,0.31115137434160045
1.891,1,-3.999891886774813,2.992872216831963,0.44791297011850717,0.30174069863795144
1.901,0,-4.0005638657070985,-2.9984330980605622,0.4505654878235802,0.31062499834995316
1.901,1,-3.9999086766199548,2.9928336714113417,0.45092938019309214,0.301602731332461
1.911,0,-4.000592121481725,-2.9984470372811596,0.4536700356269694,0.3103787010222016
1.911,1,-3.9999245784035335,2.9927968538664627,0.45394403310522896,0.30138769071463106
1.921,0,-4.000622247664031,-2.9984627298189555,0.4567731115433645,0.3102995152257883
1.921,1,-3.9999395503458186,2.992761881963417,0.4569560422522474,0.30107580741114404
1.931,0,-4.000654145919815,-2.998480346945412,0.45987613576059866,0.31036961575598
1.931,1,-3.9999535581306236,2.9927288823085934,0.4599646937943426,0.3007360729725052
1.941,0,-4.000687686349608,-2.998500024056226,0.46298061951952335,0.3105681476132528
1.941,1,-3.9999665708740175,2.992697991306874,0.4629700756010155,0.3004072419446505
1.951,0,-4.000722707250913,-2.9985218593609027,0.4660876216087268,0.310884336173171
1.951,1,-3.9999785588692047,2.9926693542691423,0.4659728530834496,0.30026357716413177
1.961,0,-4.000759019547898,-2.9985459183115335,0.4691988269284288,0.31140085956410357
1.961,1,-3.999989490074083,2.992643132418967,0.4689764746614236,0.3005241700636736
1.971,1,-3.9999993333499906,2.9926195036496654,0.4719844755482388,0.30107710041347746
1.972,0,-4.000796411797497,-2.9985722382064326,0.4723160942678063,0.3120681252957788
1.981,0,-4.000834655201396,-2.998600831520439,0.47544038044337156,0.3127917342913713
1.981,1,-4.000008060996027,2.992598664392564,0.4749989772497901,0.3017849618403729
1.991,0,-4.000873509720804,-2.9986316915994444,0.4785721649869341,0.31358200383598295
1.991,1,-4.0000156492377394,2.992580832576854,0.47802090958451005,0.302540725209818
2.001,0,-4.000912729279222,-2.998664797472194,0.48171186237746993,0.3143217803057962
2.001,1,-4.000022078897672,2.992566247076764,0.481049918200888,0.3031411187169102
2.011,0,-4.000952065017913,-2.9987001098122668,0.48485743323743413,0.3147920186597597
2.011,1,-4.000027339970744,2.9925551554422385,0.4840827752559397,0.3033561731121229
2.021,0,-4.000991269018539,-2.99873757183525,0.4880063592862989,0.3150262856330783
2.021,1,-4.0000314370630425,2.9925478028823065,0.48711604999832797,0.3032638694063503
2.031,1,-4.00003439648252,2.992544416691993,0.49014722704173247,0.30298559307032835
2.032,0,-4.0010300960256036,-2.998777107470578,0.4911567096810046,0.31512331343586497
2.041,0,-4.001068304311544,-2.9988186201910203,0.4943077071311065,0.3151600801456305
2.041,1,-4.00003627089152,2.992545194935479,0.49317515951998586,0.30262114097090376
2.051,0,-4.001105657831396,-2.9988619891527515,0.4974582502763804,0.31501980262189394
2.051,1,-4.0000371432734205,2.9925502924612735,0.4961987710047859,0.3021195307787631
2.061,0,-4.001141933839161,-2.99890706822342,0.5006062556610273,0.31470412205903975
2.061,1,-4.000037123643164,2.992559814248034,0.49921651270700546,0.30148890260055194
2.072,0,-4.001176938642452,-2.998953689916221,0.503750546599082,0.3142865169768686
2.072,1,-4.000036331252586,2.992573822721961,0.5022276964103247,0.30081160997042605
2.08,0,-4.001210524317447,-2.999001664919273,0.5068900673961768,0.3137604154908748
2.08,1,-4.0000348776110695,2.9925923378167023,0.5052316970170964,0.30006088904813416
2.091,0,-4.001242598520661,-2.999050783925899,0.5100240167926381,0.31319935728074727
2.091,1,-4.000032853842088,2.992615341118155,0.508227995440472,0.2993001400624655
2.101,0,-4.001273128914064,-2.9991008203629246,0.5131523682790412,0.3126331120173997
2.101,1,-4.000030322094451,2.9926427825821396,0.5112167637705363,0.2985519959003471
2.111,1,-4.000027311064825,2.9926745827405137,0.5141984970619087,0.29793919416852055
2.112,0,-4.001302146202052,-2.9991515319268145,0.5162747905224385,0.3120103720825683
2.121,0,-4.001329739603067,-2.9992026673308447,0.5193905447897073,0.31130380069445834
2.121,1,-4.000023815888663,2.9927106429495556,0.5171754113244761,0.2975526433532871
2.1310000000000002,0,-4.001356043893776,-2.999253979233523,0.5224990330290605,0.31057956767130845
2.1310000000000002,1,-4.000019807508151,2.9927508409277923,0.5201494229810272,0.2973585268841216
2.141,0,-4.001381226438009,-2.999305235408192,0.5256003709794302,0.30986229574920704
2.141,1,-4.000015241923811,2.9927950362674434,0.5231223642603929,0.29731621583598067
2.151,0,-4.001405478337034,-2.999356226302075,0.5286943690738786,0.30910729519442115
2.151,1,-4.000010067959005,2.9928430713708982,0.5260952238397186,0.2973355827788541
2.161,0,-4.001429005847563,-2.9994067701380716,0.5317808310043411,0.3083706679736371
2.161,1,-4.000004232579941,2.9928947766430487,0.5290685444930631,0.2974285706218024
2.171,0,-4.00145202309571,-2.9994567152192824,0.5348606380003978,0.30778892670700164
2.171,1,-3.999997684704197,2.9929499752891697,0.5320428604839411,0.2975058240481815
2.181,0,-4.001474745316409,-2.999505939402667,0.5379357882322764,0.3073970981456799
2.181,1,-3.9999903789457667,2.9930084809931956,0.5350170409081659,0.29743032976749084
2.191,0,-4.001497379213981,-2.9995543466944077,0.5410079033954162,0.3071724165352402
2.191,1,-3.9999822751029876,2.9930701088238854,0.5379899317696455,0.29729164609746406
2.201,0,-4.001520113532237,-2.9996018621044946,0.5440786503688422,0.3070897928177804
2.201,1,-3.9999733373641684,2.9931346823616196,0.5409612593931541,0.29712605401839365
2.212,0,-4.001543112488315,-2.9996484284588014,0.547148865532624,0.3070467127739278
2.212,1,-3.999963535044996,2.9932020331148825,0.5439305409641513,0.29689690448642314
2.221,1,-3.999952841899591,2.993272003659887,0.5468975428761955,0.29672177317249054
2.222,0,-4.001566511647654,-2.99969400342205,0.5502184258434033,0.30693734683811685
2.231,0,-4.001590419866985,-2.9997385578095765,0.5532863743417825,0.3067546164245715
2.231,1,-3.9999412322822794,2.9933444476415,0.5498638528998303,0.2967571470910961
2.242,0,-4.001614931866372,-2.9997820750957223,0.5563524642860331,0.30655748080415707
2.242,1,-3.9999286757372197,2.9934192105565716,0.5528315354268551,0.2969705901666822
2.251,1,-3.9999151321382294,2.993496111685943,0.5558017553758476,0.2972549320097644
2.252,0,-4.001640139853722,-2.9998245534859906,0.5594162974830335,0.3063018140736471
2.261,1,-3.999900547453808,2.9935749358259964,0.558775143542152,0.2976215041424576
2.262,0,-4.001666141998274,-2.9998660063010028,0.5624773520165726,0.3060235357251094
2.271,0,-4.0016930487099795,-2.9999064609240866,0.5655358140954848,0.305770326627666
2.2720000000000002,1,-3.999884850833888,2.993655430094981,0.5617526279931269,0.29806219835896414
2.281,0,-4.001720985311189,-2.999945958508266,0.5685920614540578,0.3056035900442228
2.281,1,-3.999867955057645,2.993737300512893,0.5647345015169577,0.2984922298962436
2.291,0,-4.001750087614333,-2.9999845480228395,0.5716478011811679,0.30565343305617376
2.291,1,-3.9998497592637996,2.993820215028296,0.5677205214769959,0.2989179771984519
2.301,0,-4.00178047901783,-3.000022274224874,0.5747050270228306,0.3058652166288683
2.301,1,-3.999830157418565,2.9939038142443857,0.5707108761849103,0.2993531979725341
2.311,0,-4.001812247275212,-3.0000591662163933,0.5777647773730733,0.3061393548515411
2.311,1,-3.9998090497521073,2.9939877214761337,0.573705369648578,0.299746476063237
2.321,0,-4.00184543044137,-3.0000952287325293,0.5808274878424945,0.3064663987768056
2.321,1,-3.9997863498464103,2.9940715520501455,0.576703638475826,0.3001301878114133
2.331,0,-4.001880009585941,-3.0001304362547176,0.5838939552071268,0.30687197333651944
2.331,1,-3.999761988120486,2.994154920367181,0.5797060044898713,0.30055206464901474
2.341,0,-4.001915903294063,-3.0001647316373545,0.5869641578352088,0.307188163658491
2.341,1,-3.999735917187887,2.9942374459652035,0.5827121096284178,0.3008555493297028
2.351,0,-4.001952971314662,-3.0001980285265324,0.590036579778497,0.3073344377289978
2.351,1,-3.9997081159404173,2.9943187599300765,0.5857202379450479,0.30097383916654846
2.362,0,-4.001991031039998,-3.0002302161492853,0.5931098829109976,0.30739775198598096
2.362,1,-3.999678590701332,2.9943985090192156,0.5887287950653578,0.3009728814527369
2.371,0,-4.0020298723929955,-3.0002611649683013,0.5961836473277264,0.3074227081679975
2.371,1,-3.9996473761544507,2.994476357703203,0.5917371941085445,0.3009352128526339
2.382,0,-4.00206926797869,-3.000290733332699,0.599257283161194,0.3073734106159564
2.382,1,-3.999614537729219,2.994551991843867,0.5947449216406518,0.30083269495068443
2.391,1,-3.9995801711744563,2.9946251205952388,0.5977513883784378,0.300698106835167
2.391,0,-4.002108982113995,-3.000318771939729,0.6023301333183775,0.3072883173360254
2.401,0,-4.002148778068513,-3.0003451258346625,0.6054026714842909,0.3073167567245821
2.401,1,-3.999544399310784,2.994695475091335,0.6007568847538428,0.3006279044678783
2.411,0,-4.002188424496341,-3.000369641546159,0.6084761533088506,0.3074479239779635
2.411,1,-3.9995073674070816,2.994762815738293,0.603761987319784,0.3005935943766646
2.4210000000000003,0,-4.002227703690453,-3.000392181354232,0.6115514617778558,0.3076811310085602
2.4210000000000003,1,-3.999469232623909,2.9948269484331917,0.6067670167245585,0.30061325844391523
2.431,0,-4.0022664183586825,-3.000412632782713,0.614629737429043,0.30801129617886025
2.432,1,-3.9994301526762426,2.9948877348415506,0.6097727544031811,0.30070328188736595
2.441,0,-4.002304396606337,-3.000430917353584,0.6177115071431366,0.3083625970889202
2.441,1,-3.9993902791463216,2.9949451027166476,0.6127795018952482,0.30079431069567797
2.451,0,-4.002341494907065,-3.0004469948031405,0.6207966395005889,0.30867533706460665
2.451,1,-3.9993497519014927,2.994999049436517,0.6157869700617263,0.3008350242440787
2.461,0,-4.002377598964413,-3.0004608637353347,0.6238848468028828,0.3090025062145758
2.461,1,-3.999308694979873,2.995049640563147,0.618794605699291,0.3008304020836784
2.472,0,-4.0024126204121995,-3.0004725604835065,0.6269768950062443,0.30941667292455693
2.472,1,-3.999267214345666,2.995097004853231,0.6218020605637927,0.30078673962475283
2.481,0,-4.0024464898582295,-3.0004821665263544,0.630073214654752,0.30984108817485084
2.481,1,-3.9992253980570776,2.9951413295151514,0.6248087446752961,0.3006707796212272
2.491,0,-4.002479147819111,-3.000489811821219,0.6331739200119724,0.3103031883548622
2.491,1,-3.999183316834627,2.995182852052783,0.6278141288365553,0.30054199337017024
2.501,0,-4.002510537095633,-3.00049567383153,0.6362795546981407,0.31080655499251914
2.501,1,-3.9991410248484227,2.9952218512646764,0.6308183708940571,0.30042518393647993
2.511,0,-4.002540599981063,-3.000499978408698,0.6393896296824607,0.31114717578080014
2.511,1,-3.9990985610999386,2.995258641669092,0.6338218202161839,0.30039983629870126
2.521,0,-4.0025692792192675,-3.0005029968696353,0.6425016963309204,0.31125909835495885
2.521,1,-3.999055952067125,2.9952935620594205,0.6368260831613055,0.3005714187343357
2.531,0,-4.002596520560881,-3.0005050358230183,0.6456141171637763,0.31122892393683094
2.531,1,-3.999013217483146,2.9953269647415426,0.6398330079990201,0.3008944630540542
2.541,0,-4.0026222800788185,-3.000506431838371,0.6487254578013893,0.31105473856094484
2.541,1,-3.9989703755072217,2.99535920509693,0.6428435074504344,0.3012662123941577
2.551,0,-4.002646528745774,-3.000507545544119,0.6518343043903755,0.3107414308494748
2.551,1,-3.9989274461701383,2.995390631261845,0.6458576870733782,0.3016218195640466
2.561,0,-4.002669254507803,-3.0005087559000594,0.6549395890306401,0.31037001605846626
2.561,1,-3.9988844536044943,2.9954215761554286,0.6488754237918497,0.30199362055436846
2.571,0,-4.002690462136205,-3.000510455378477,0.6580414813128913,0.3100794602794706
2.571,1,-3.9988414274006905,2.9954523521178724,0.6518969971305001,0.30236261222210925
2.581,0,-4.002710173907294,-3.0005130421261907,0.6611411713401978,0.3099005002887611
2.581,1,-3.998798403586853,2.9954832475475928,0.6549217552630434,0.3026364437573177
2.591,0,-4.002728431242502,-3.000516903267528,0.6642396544414051,0.3098377090128105
2.591,1,-3.998755425206668,2.995514523934676,0.6579489024505496,0.30286755860504533
2.601,0,-4.002745293349215,-3.000522400007833,0.6673381073558424,0.30986866901248133
2.601,1,-3.9987125425825085,2.9955464147118125,0.6609783642765947,0.30309160029349824
2.612,0,-4.002760837094754,-3.0005298555666315,0.6704370653832024,0.3099251311813296
2.612,1,-3.9986698131185667,2.9955791243642125,0.6640098465568448,0.30327097870863856
2.622,0,-4.002775155061149,-3.000539548316601,0.6735366605805359,0.3100099522284601
2.622,1,-3.998627300781691,2.9956128285048322,0.6670428632106913,0.3034210985864926
2.6310000000000002,0,-4.002788352645929,-3.0005517101246664,0.6766376258971409,0.3101925738010945
2.6310000000000002,1,-3.9985850754014733,2.995647675260052,0.6700773775652079,0.30355703334051787
2.641,0,-4.002800547727006,-3.000566524937336,0.6797408314954205,0.3104395665863291
2.641,1,-3.9985432089465167,2.995683786649836,0.6731128626410766,0.3036195179284286
2.651,0,-4.002811872127611,-3.000584130049104,0.6828464955372306,0.3106785125383933
2.651,1,-3.9985017676999823,2.9957212634266166,0.6761484101993411,0.3035790786826213
2.661,1,-3.99846080552484,2.9957601902931597,0.6791831947634996,0.3034954559406501
2.661,0,-4.002822471633188,-3.0006046215863265,0.6859545631564392,0.3109388853037345
2.6710000000000003,0,-4.002832505029812,-3.000628061259807,0.6890655253544657,0.3112447298328398
2.672,1,-3.9984203596966594,2.9958006406580746,0.6822172034160126,0.30341750234967846
2.681,0,-4.002842143662985,-3.0006544770273593,0.6921793567025244,0.3115044038833544
2.681,1,-3.9983804474612685,2.9958426766725124,0.6852495836002299,0.3031312885080285
2.691,0,-4.002851565648044,-3.0006838620973566,0.6952955155460057,0.31173949756192115
2.691,1,-3.9983410647757496,2.995886347037532,0.6882773801060116,0.30256992963372054
2.701,0,-4.002860941240508,-3.0007161676966905,0.6984140318732583,0.3119725880264382
2.701,1,-3.99830218974725,2.995931687792333,0.6912986062309312,0.3018400762296183
2.7110000000000003,1,-3.9982637849077047,2.9959787171497587,0.6943116420993871,0.30095356508966364
2.712,0,-4.002870419427713,-3.000751290610099,0.7015346142836003,0.3121574869176815
2.722,0,-4.002880118730174,-3.0007890688261187,0.7046568521588497,0.3123316554824521
2.722,1,-3.998225799615182,2.9960274332274364,0.6973152730483817,0.29999731333850405
2.731,0,-4.002890121943896,-3.0008292823162495,0.7077809921128049,0.3125274955822172
2.731,1,-3.9981881725782173,2.9960778148050276,0.7003096950659806,0.2991361341612547
2.741,1,-3.9981508345332446,2.9961298198423347,0.7032962864009971,0.2984066531974515
2.741,0,-4.002900477402234,-3.0008716550371437,0.7109068508347418,0.31267913032904004
2.751,0,-4.002911211550937,-3.000915869938553,0.7140341224871035,0.31283467214899335
2.751,1,-3.998113712501728,2.996183380734318,0.7062762302869257,0.29781095158899196
2.761,0,-4.00292234246188,-3.000961585263,0.7171630702002028,0.31300665639670433
2.761,1,-3.998076734312879,2.996238403414469,0.7092508715101173,0.29732481156858487
2.771,1,-3.9980398317516044,2.996294766061979,0.7122208496911945,0.2968697342836301
2.7720000000000002,0,-4.0029338891161865,-3.001008444965231,0.7202935813181517,0.3131467782159808
2.781,0,-4.002945878020704,-3.0010560885874433,0.723425099283125,0.31321346600587324
2.781,1,-3.998002942906492,2.996352320596479,0.715186168171618,0.29639275235667073
2.791,1,-3.9979660137568818,2.9964108957021964,0.718146772571751,0.29594811776300306
2.791,0,-4.002958347607751,-3.0011041595223205,0.7265573520774924,0.3133273297320176
2.802,0,-4.002971346235908,-3.001152311944608,0.7296913015244345,0.31352982434745835
2.802,1,-3.9979290010306254,2.9964703028072295,0.7211032031457573,0.29554592404359037
2.8120000000000003,0,-4.002984919490646,-3.001200217238502,0.7328274066475918,0.3137467146199501
2.8120000000000003,1,-3.9978918780703445,2.9965303449807754,0.7240555751394725,0.2951325225869508
2.821,0,-4.0029990990924595,-3.0012475701245602,0.7359658172220783,0.31400339150930695
2.821,1,-3.9978546395765227,2.996590826376273,0.7270037218271361,0.29472054121043656
2.831,0,-4.003013895936023,-3.001294092263088,0.7391071822915575,0.3143169946012736
2.831,1,-3.997817304157314,2.9966515593817036,0.7299480518054322,0.29435683829481474
2.841,0,-4.0030292948696795,-3.001339535563781,0.7422513884246694,0.31454080298389187
2.841,1,-3.9977799153471767,2.9967123690588195,0.7328892103976662,0.2941111016176666
2.851,0,-4.003045253447401,-3.0013836838159076,0.7453970294835447,0.31464121710897147
2.851,1,-3.9977425397117976,2.9967730978871643,0.735829224978556,0.29410835240369293
2.861,0,-4.003061706371147,-3.0014263489384603,0.7485433994525649,0.31468334264439257
2.861,1,-3.997705261116366,2.9968336123677886,0.7387703770163176,0.29429684492220526
2.871,0,-4.003078569315432,-3.00146736950292,0.7516897590693458,0.314640185319528
2.871,1,-3.99766817429462,2.996893808990742,0.7417139792105172,0.29457233512944286
2.8810000000000002,0,-4.003095742747917,-3.0015066088007574,0.7548351553829418,0.31449452023265445
2.8810000000000002,1,-3.9976313794906817,2.996953617763476,0.7446604155889258,0.2948518012354585
2.891,0,-4.003113115509245,-3.0015439519746234,0.7579788544696173,0.3143214841314864
2.891,1,-3.9975949784174065,2.997013003292797,0.7476098282327078,0.2951771681882359
2.901,0,-4.003130567639714,-3.001579303235839,0.7611207370908117,0.3141060699918266
2.901,1,-3.997559071527434,2.9970719638872483,0.7505631262354066,0.2956263854575197
2.911,1,-3.9975237559641172,2.9971305251167544,0.7535216234347586,0.2961859901250059
2.912,0,-4.003147967580271,-3.001612587546341,0.7642598247215651,0.31376929271400444
2.9210000000000003,0,-4.003165158977499,-3.0016437490986343,0.7673951497137759,0.3133787190755307
2.9210000000000003,1,-3.9974891242848223,2.997188722214177,0.7564862290473506,0.29684747572077747
2.931,0,-4.003181947890615,-3.001672749573832,0.7705266175882699,0.3129852711643474
2.931,1,-3.9974552643765486,2.997246582403261,0.7594580719133539,0.29760427206441714
2.941,0,-4.003198095836894,-3.001699569971491,0.7736539314180495,0.31254300572408356
2.941,1,-3.9974222584438657,2.9973041130060287,0.7624376030203985,0.29837000732629665
2.951,0,-4.0032133168913875,-3.001724209242973,0.7767768029877363,0.3121115169580252
2.951,1,-3.997390182970845,2.9973612935218363,0.765424954152683,0.2991769363322702
2.9610000000000003,0,-4.003227277386143,-3.001746681057242,0.7798958375857332,0.31176954024254105
2.9610000000000003,1,-3.9973591093660685,2.997418071158655,0.7684208302642053,0.3000614284875882
2.971,0,-4.003239605228348,-3.0017670125580267,0.7830118854470023,0.31149111515049316
2.972,1,-3.997329103352676,2.997474363546905,0.7714258227862405,0.30097983523005045
2.981,0,-4.003249911969163,-3.0017852412851633,0.7861252421487833,0.3112180706554847
2.981,1,-3.9973002245301297,2.9975300702732226,0.7744399052338422,0.30186908224422526
2.991,0,-4.003257812171466,-3.0018014100116672,0.7892359742422544,0.31097809545379446
2.991,1,-3.9972725268607725,2.9975850839964044,0.7774628081057027,0.3027578710950579
3.001,0,-4.00326293615592,-3.0018155618645532,0.7923446682857093,0.31079030066656266
3.001,1,-3.9972460596733255,2.997639298350254,0.7804947861430221,0.3036651757679051
3.012,0,-4.003264943933154,-3.001827740610861,0.7954511688755042,0.3105157278951773
3.012,1,-3.9972208659760264,2.9976926150971885,0.7835351489198583,0.3043871665927845
3.021,0,-4.003263533513383,-3.0018379917831317,0.7985543467482153,0.31015873979728176
3.021,1,-3.9971969809808248,2.9977449490791144,0.7865811650494764,0.304851630614401
3.031,0,-4.003258439030649,-3.0018463642548383,0.8016538910190357,0.309783589481538
3.031,1,-3.9971744356619086,2.997796227042687,0.7896309535727909,0.30515269507489123
3.041,0,-4.003249435796705,-3.00185291679665,0.8047493840168182,0.3093501718858294
3.041,1,-3.9971532560463707,2.997846388240092,0.7926829271459523,0.3052986540453787
3.051,0,-4.003236340537365,-3.0018577208680277,0.8078403656631077,0.3089063678663166
3.051,1,-3.997133463323829,2.9978953841452403,0.7957358113181338,0.30536244323642586
3.061,1,-3.9971150747873985,2.9979431772994167,0.7987892215021257,0.3053939985610885
3.062,0,-4.003219007627266,-3.0018608608011235,0.8109270667441912,0.3084856399092799
3.071,0,-4.0031973305971285,-3.001862435459466,0.814009679533634,0.30810889967870025
3.071,1,-3.9970981025700696,2.9979897418422983,0.8018425766225568,0.3053462744316902
3.081,0,-4.003171236359869,-3.001862554617099,0.817089325641908,0.3078948417110271
3.081,1,-3.997082555544785,2.998035061670572,0.8048952551032602,0.3052770228772331
3.091,0,-4.0031406868549455,-3.001861332566575,0.8201675956635567,0.30781204535138723
3.091,1,-3.9970684443799014,2.998079126432536,0.80794731368178,0.3052078727473359
3.101,0,-4.0031056840787285,-3.001858882049984,0.8232453033163714,0.30777592986248103
3.101,1,-3.9970557836225304,2.9981219298726365,0.8109984790945913,0.3050915354865865
3.111,0,-4.003066268084098,-3.001855308221047,0.8263225755076775,0.3077292223622397
3.111,1,-3.9970445938132233,2.9981634677856515,0.8140480730400174,0.3048938112658645
3.121,0,-4.003022512007872,-3.001850703978477,0.8293994292850181,0.30771915526561067
3.121,1,-3.997034903408044,2.998203735871082,0.8170954907745664,0.3046756227029868
3.1310000000000002,0,-4.002974515216756,-3.001845146631304,0.8324766699559862,0.30781832539609233
3.1310000000000002,1,-3.9970267504343813,2.99824272765211,0.8201410256693142,0.3045099777022373
3.141,0,-4.002922399614633,-3.0018386973342452,0.8355554145212976,0.30801082543452935
3.141,1,-3.9970201782624337,2.998280435615691,0.8231851069846406,0.30436898275677304
3.151,0,-4.002866299914034,-3.001831401653156,0.8386365733675939,0.30831620056771514
3.151,1,-3.997015225613008,2.998316853756658,0.8262280780133914,0.3042925797473378
3.161,0,-4.002806350449383,-3.0018232899373176,0.8417212436945535,0.30870508731414853
3.161,1,-3.997011917977418,2.99835197928778,0.8292706655877732,0.30427056474688324
3.171,0,-4.00274268035249,-3.0018143790822616,0.8448098351998347,0.3091047501440775
3.171,1,-3.9970102597597332,2.9983858153947374,0.8323130105184045,0.30423399254035277
3.181,0,-4.002675406278754,-3.0018046734055726,0.8479024612872155,0.3095416271494214
3.181,1,-3.997010231037117,2.9984183717221424,0.8353549685638294,0.3042076651610619
3.191,0,-4.002604625589509,-3.0017941652704714,0.850999855254697,0.3100626056597996
3.191,1,-3.9970117879957034,2.9984496630939557,0.8383973313253853,0.3043137452169409
3.201,0,-4.002530419985827,-3.0017828379615583,0.854102620009798,0.3106170206534822
3.201,1,-3.997014867516418,2.9984797074542304,0.8414414486319048,0.3045288945961143
3.211,0,-4.00245286341098,-3.001770669725907,0.8572107734836375,0.311150888653701
3.211,1,-3.9970194004834414,2.9985085205750837,0.8444879268580112,0.304770104103819
3.221,1,-3.9970253267065208,2.998536109376842,0.8475369931738459,0.30505695542147115
3.221,0,-4.002372026926124,-3.0017576367830503,0.860324136465298,0.31169422378941014
3.231,0,-4.00228798052105,-3.001743715110494,0.8634431367475346,0.31228036523135594
3.231,1,-3.9970326059587955,2.998562466880148,0.8505893257713598,0.30540237282332433
3.241,1,-3.997041222005192,2.9985875719820587,0.8536445227756357,0.30558131271662015
3.241,0,-4.002200801083087,-3.001728883485519,0.8665673921240152,0.3127403371531871
3.251,0,-4.002110577787188,-3.0017131235276753,0.8696953827871602,0.3130837942637176
3.251,1,-3.9970511820294563,2.9986113948234916,0.8566999731849332,0.30551206110018125
3.261,1,-3.9970625144899627,2.998633907510075,0.8597538676311313,0.30528616170766854
3.261,0,-4.002017413327041,-3.0016964146561538,0.8728263646988808,0.31335888185431277
3.271,0,-4.001921432378603,-3.001678731822427,0.8759595639231983,0.31354969983213504
3.271,1,-3.9970752611243254,2.9986550987147167,0.8628047210687094,0.30491761335290707
3.281,0,-4.001822784339344,-3.0016600434369898,0.8790943541801887,0.31371841032363357
3.281,1,-3.997089471371911,2.9986749828607495,0.8658514419080695,0.30448955580441317
3.291,0,-4.001721643033817,-3.001640309772953,0.882230820217986,0.31389177302310334
3.291,1,-3.9971051988214863,2.998693604996386,0.8688938191160968,0.30404303448052605
3.301,0,-4.00161821016548,-3.0016194844229203,0.8853682975330686,0.31391810241365087
3.301,1,-3.9971224978028563,2.9987110436156152,0.871932396544813,0.30377324821613283
3.311,0,-4.001512713208404,-3.0015975191175244,0.8885047770354676,0.3137333782605974
3.311,1,-3.9971414219121972,2.9987274070625904,0.8749697737477141,0.3037540580835891
3.321,0,-4.001405394981173,-3.001574372241457,0.8916385593164435,0.3134323154434739
3.321,1,-3.9971620147413156,2.9987428284002315,0.878007997310066,0.30393130638391785
3.331,0,-4.001296506269611,-3.001550017104873,0.894768993060728,0.3130774265396237
3.331,1,-3.9971843063152153,2.9987574563826023,0.8810489347357247,0.30426414042564004
3.342,0,-4.001186302841326,-3.0015244491666606,0.8978954216824354,0.3126468747083106
3.342,1,-3.9972083093299915,2.998771448863724,0.8840936007653944,0.3046593918385241
3.351,0,-4.001075040925115,-3.0014976892681444,0.9010173447110784,0.31220855171817385
3.351,1,-3.9972340185638506,2.998784966754545,0.887142578626434,0.30513538377732813
3.361,0,-4.000962973420704,-3.0014697844848452,0.9041348357300699,0.3117473144161717
3.361,1,-3.9972614105800464,2.9987981694816885,0.8901960060188703,0.30549932306358185
3.371,0,-4.000850351992388,-3.0014408055180857,0.9072471071380508,0.3111803395964962
3.371,1,-3.997290441990411,2.99881121148731,0.8932516372280725,0.30561109080192955
3.3810000000000002,0,-4.000737434370084,-3.0014108313021426,0.9103534206987646,0.3105861541242619
3.3810000000000002,1,-3.9973210579825973,2.998824237623831,0.8963075082534755,0.3055921144643911
3.391,0,-4.000624492165109,-3.001379934129767,0.9134538279179691,0.30999334441673326
3.391,1,-3.9973531974905514,2.9988373806596442,0.8993627964936964,0.3055006209474457
3.401,0,-4.0005118159707,-3.0013481709483774,0.9165481321704357,0.309364021612672
3.401,1,-3.997386794265529,2.9988507597591365,0.9024166760940093,0.3053195897028774
3.411,0,-4.000399717325125,-3.001315576747173,0.9196361374572645,0.308750490948045
3.411,1,-3.99742177936518,2.9988644796126316,0.9054684291463555,0.30510487050265045
3.419,0,-4.000288529130058,-3.0012821602867947,0.9227183471808074,0.30819190513529005
3.419,1,-3.997458084209786,2.998878630491774,0.9085183654123306,0.3049705187948379
3.432,0,-4.000178601873584,-3.0012479036458783,0.9257951809294293,0.3076578173667117
3.432,1,-3.997495641281034,2.998893287405878,0.9115676136657637,0.3049452264829781
3.442,0,-4.000070294257747,-3.0012127638745842,0.9288665867493358,0.3070933148641594
3.442,1,-3.9975343825991687,2.998908506207394,0.9146168094324351,0.3049496506759161
3.451,0,-3.9999639643922635,-3.001176675089124,0.9319323479234908,0.30653781939736324
3.451,1,-3.9975742399671117,2.998924320549172,0.9176662573314678,0.30501015888398336
3.461,0,-3.9998599642102732,-3.001139550371503,0.9349929009022242,0.3060238666475898
3.461,1,-3.9976151459020004,2.9989407408241098,0.9207166765691158,0.30512855293795355
3.471,1,-3.997657032379421,2.9989577533676317,0.9237681004975853,0.30520113016772504
3.471,0,-3.999758632674072,-3.0011012855043138,0.9380485415934029,0.30554468762600806
3.481,0,-3.9996602955669673,-3.001061763226227,0.9410999793449204,0.3051713068293445
3.481,1,-3.997699829271148,2.998975324099661,0.9268200410686317,0.30525719084891084
3.491,0,-3.9995652690697447,-3.0010208611985103,0.9441483685334866,0.3048939632946202
3.491,1,-3.997743460627431,2.998993407837946,0.9298725690881269,0.3053127636662175
3.501,0,-3.9994738595919292,-3.000978460815314,0.9471942267093166,0.30463593208021117
3.501,1,-3.997787839730189,2.999011955925757,0.9329254339925251,0.30532506051779496
3.511,0,-3.9993863667096874,-3.000934452057379,0.9502378238477254,0.30443513610944284
3.511,1,-3.997832866960282,2.999030922285981,0.9359783673331104,0.3053472574310311
3.521,0,-3.9993030866711847,-3.000888736071922,0.9532798843427038,0.3042921748493766
3.521,1,-3.9978784291072977,2.9990502677440656,0.9390316822165228,0.3053905388000042
3.531,0,-3.9992243048777616,-3.0008412308726,0.9563198915931569,0.3039667340057978
3.531,1,-3.9979243988653606,2.9990699622734325,0.9420856775099788,0.30549824492213795
3.541,1,-3.9979706373308925,2.9990899844482857,0.945141205571739,0.30567747513348004
3.541,0,-3.9991502839214705,-3.000791878656203,0.9593550931641607,0.3033526938350227
3.551,0,-3.9990812597892402,-3.000740650886253,0.9623832365480067,0.30258510569155034
3.551,1,-3.9980169989745855,2.999110315925584,0.9481989100680295,0.3059405881994788
3.561,0,-3.99901743252804,-3.000687554768299,0.965403370717764,0.30174006459354874
3.561,1,-3.998063336927203,2.9991309365553573,0.951259734173775,0.3062797302628293
3.571,0,-3.998958951595345,-3.000632640045697,0.9684146127129412,0.30080020348056646
3.571,1,-3.9981095069080124,2.999151820620885,0.9543239949410256,0.3066183655641826
3.581,1,-3.9981553702656347,2.9991729347965568,0.9573917689061352,0.3069952653569933
3.581,0,-3.9989059118023786,-3.0005760003165824,0.9714162569946234,0.29983368264688776
3.591,0,-3.998858358602023,-3.000517770257461,0.9744090189225587,0.2990383925271291
3.591,1,-3.9982007963464055,2.999194236989293,0.9604630080328882,0.30725295173876804
3.601,0,-3.9988162911465834,-3.000458120464417,0.9773953291441213,0.2984858645140906
3.601,1,-3.9982456690261916,2.999215674180209,0.9635350837867198,0.3072024015196147
3.6109999999999998,0,-3.9987796552473074,-3.000397248433888,0.9803772449262439,0.29813778752599385
3.6109999999999998,1,-3.9982898981749893,2.999237179298184,0.9666055215308414,0.30697330140123497
3.621,0,-3.998748350598694,-3.0003353650643008,0.9833567079798078,0.29795247653685747
3.621,1,-3.9983334298613955,2.9992586681669646,0.9696732003347368,0.30665444875792064
3.6310000000000002,0,-3.9987222329043157,-3.0002726850424315,0.9863348493277465,0.29784809868429246
3.6310000000000002,1,-3.9983762535348966,2.999280037888796,0.9727371314719152,0.30622984411106674
3.641,0,-3.9987011196571975,-3.000209418776041,0.9893120053197066,0.2977393871168946
3.641,1,-3.9984184052313085,2.9993011667951297,0.9757961534926263,0.30568271465965685
3.651,0,-3.9986847962124643,-3.00014576643791,0.9922878019402425,0.29756371108785185
3.651,1,-3.9984599672434293,2.999321915128915,0.9788495986901334,0.3051577860848807
3.661,0,-3.9986730217192745,-3.000081915202762,0.9952611986440988,0.29726722812562034
3.661,1,-3.9985010618989167,2.999342123723452,0.9818985320093052,0.3047507306268603
3.6710000000000003,0,-3.9986655365785126,-3.0000180410586648,0.9982309593664889,0.2968460534725162
3.6710000000000003,1,-3.9985418374964476,2.9993616102602103,0.984943664000229,0.3043812317551029
3.681,0,-3.998662069296989,-2.9999543117291676,1.0011961776176677,0.29638448792486727
3.681,1,-3.99858245270863,2.999380165642047,0.9879854051787701,0.3040805599857266
3.691,1,-3.9986230648182084,2.999397552110136,0.9910245920066366,0.3038489917104893
3.692,0,-3.998662342443895,-2.999890889000628,1.0041568087693258,0.2959193226760745
3.701,0,-3.9986660717680187,-2.9998279300402304,1.0071125982962044,0.2954136694214678
3.701,1,-3.998663821394846,2.9994135048332624,0.9940615052499162,0.3036162455757658
3.7110000000000003,0,-3.998672969945906,-2.9997655881358236,1.0100632156835507,0.2949037574898632
3.7110000000000003,1,-3.9987048544392225,2.9994277335402217,0.9970962816117606,0.303443297504222
3.721,1,-3.99874627620984,2.9994399267303185,1.0001299795505383,0.30337419020843126
3.722,0,-3.998682752120606,-2.999704011727705,1.0130089493791086,0.2944228255218256
3.731,0,-3.9986951370694346,-2.9996433385472048,1.0159497797462764,0.29391761140977235
3.731,1,-3.9987881741823683,2.9994497677670906,1.0031631628250586,0.3033276318082523
3.741,0,-3.9987098509187238,-2.999583690217921,1.0188852813927634,0.2933566692078206
3.741,1,-3.9988306077151683,2.99945694888806,1.0061957854849013,0.3032573990641668
3.751,0,-3.99872663069296,-2.9995251689020606,1.0218148009494856,0.2927234307701458
3.751,1,-3.9988736067045387,2.999461180984763,1.0092273783686163,0.30312412114438947
3.761,0,-3.998745227302603,-2.9994678557802765,1.0247379189218222,0.29211500860937606
3.761,1,-3.998917171579577,2.999462201107456,1.0122569382366666,0.302829685729584
3.771,0,-3.9987654068560823,-2.999411809645692,1.0276558012629302,0.29164616852279546
3.771,1,-3.998961274771425,2.999459780477819,1.0152819219415676,0.3022473534536461
3.782,0,-3.9987869402544534,-2.999357056894158,1.0305694356492754,0.2912447373492395
3.782,1,-3.9990058670478223,2.9994537211799743,1.0182997774964355,0.3014370153259011
3.791,0,-3.9988095952833853,-2.999303583395762,1.0334791638651974,0.29085325169269133
3.791,1,-3.99905088364285,2.999443854253861,1.0213084355515478,0.30043557179099306
3.801,0,-3.9988331323648203,-2.9992513306088298,1.0363848579349542,0.2904327292597052
3.801,1,-3.9990962488560164,2.9994300395347167,1.0243061154597002,0.29926622176604556
3.811,0,-3.9988573022396188,-2.9992001945299442,1.0392860380029698,0.28995053033109225
3.811,1,-3.9991418798595757,2.999412164731619,1.0272912295346988,0.29794614759424487
3.821,0,-3.998881845213762,-2.9991500268612503,1.0421817887984164,0.289316555420585
3.821,1,-3.9991876898265732,2.9993901432030325,1.0302625274767472,0.2965394954477797
3.832,0,-3.9989064934355913,-2.999100640727274,1.04506941180457,0.2883605753056683
3.832,1,-3.9992335879103607,2.9993639128328247,1.0332196727991654,0.29512192070343823
3.841,0,-3.9989309813003278,-2.999051832788292,1.047946017329599,0.2871474503677045
3.841,1,-3.999279470287733,2.999333451067312,1.0361624329792574,0.2936709402766754
3.851,0,-3.998955056142027,-2.9990034065194444,1.0508093550362863,0.2857334512143903
3.851,1,-3.9993252099531422,2.9992987890930376,1.03909038416199,0.292172223817249
3.861,0,-3.998978485625392,-2.9989551883098917,1.0536576448870132,0.2841584760131185
3.861,1,-3.9993706504150572,2.9992600190750354,1.042002999534105,0.2906186778058884
3.872,0,-3.999001062750575,-2.998907038311779,1.0564894146035064,0.2824449696043822
3.872,1,-3.99941560252931,2.9992172973906706,1.0448996721360657,0.28899853615901017
3.8810000000000002,0,-3.9990226089310967,-2.9988588570567156,1.0593033802995964,0.2806124893053216
3.8810000000000002,1,-3.999459843893932,2.999170844354656,1.047779766840102,0.28732537156239535
3.891,0,-3.9990429749143006,-2.9988105855533385,1.062098472814886,0.27868164012901525
3.891,1,-3.999503123075206,2.9991209403459687,1.0506428964243608,0.2856163432349517
3.901,0,-3.9990620397130314,-2.998762196316115,1.064873760600108,0.27666121369064683
3.902,1,-3.9995451716990513,2.9990679226205925,1.0534886252481834,0.2838570347199038
3.91,0,-3.9990797087526424,-2.998713683227439,1.0676284067535116,0.2745619328955515
3.91,1,-3.9995857166631104,2.9990121798567957,1.0563164252200419,0.28204246643595465
3.9210000000000003,1,-3.9996244895292854,2.998954145534082,1.059125703206191,0.280163930605148
3.922,0,-3.9990959118785656,-2.9986650535801673,1.070361640534844,0.2723867145664675
3.931,1,-3.9996612335090154,2.9988942907803597,1.0619158222505922,0.27822054524780354
3.931,0,-3.99911060126183,-2.998616321988448,1.0730727388661336,0.2701422113648865
3.941,1,-3.999695709016631,2.9988331170860616,1.0646859319478255,0.276138399385929
3.941,0,-3.9991237496778176,-2.998567505837363,1.075760732144466,0.26774156644663677
3.951,0,-3.9991353494276893,-2.998518622514653,1.078423185288274,0.2650724973450624
3.951,1,-3.9997277020461306,2.9987711475411993,1.0674335970307374,0.2737665278189352
3.962,0,-3.9991454043507493,-2.9984696883606956,1.0810578012802947,0.26220406513618433
3.962,1,-3.9997570284185446,2.998708905962542,1.070156293537926,0.27117459020384643
3.971,0,-3.999153923629421,-2.9984207186157197,1.0836628792982754,0.2591871938767444
3.971,1,-3.999783538638526,2.998646897671746,1.0728521482349476,0.26841740957693816
3.981,0,-3.9991609179488057,-2.9983717274889523,1.0862371523204948,0.25605962831219276
3.981,1,-3.9998071221226303,2.9985855964142005,1.0755197526988804,0.2655356288217442
3.991,0,-3.9991663967473947,-2.998322728218679,1.088779673590954,0.25284924769895006
3.991,1,-3.999827709048494,2.998525435275034,1.0781580428810964,0.2625594562241772
4.001,0,-3.9991703659434505,-2.9982737331170823,1.0912900011159026,0.2496488809735533
4.001,1,-3.999845269154308,2.998466801570036,1.0807666141654775,0.25961081154087595
4.012,0,-3.999172826355027,-2.998224753654298,1.093768788282808,0.24652771500701703
4.012,1,-3.999859807055978,2.9984100365815536,1.083346240067812,0.25674435606629625
4.021,0,-3.999173776706597,-2.998175800710173,1.0962166417230814,0.24345403072615276
4.021,1,-3.9998713598690734,2.998355436539877,1.08589754269526,0.2539254285533689
4.031,0,-3.999173215460211,-2.9981268847503997,1.0986339142574109,0.24040710292558215
4.031,1,-3.9998799911002423,2.998303255801445,1.0884208515889584,0.2511287764891853
4.041,0,-3.99917114182033,-2.9980780159348215,1.1010207861454555,0.23737202338461375
4.041,1,-3.999885784908906,2.998253710200879,1.090916285557487,0.24833658825302365
4.051,1,-3.999888841206121,2.998206980348922,1.093383824413008,0.2455381712407664
4.051,0,-3.9991675564613365,-2.9980292041842853,1.1033773206908186,0.23433960468250012
4.062,0,-3.9991624621355366,-2.9979804592397867,1.105703414584495,0.2312759232108676
4.062,1,-3.999889271412974,2.998163215052146,1.095823423042126,0.2427415539977133
4.071,0,-3.9991558633023865,-2.9979317916295662,1.1079984619057863,0.2281419857904818
4.071,1,-3.9998871960251092,2.9981225356420667,1.098235142278847,0.23995015746102502
4.082,0,-3.999147761078148,-2.9978832160749977,1.110261856798741,0.2249554513498262
4.082,1,-3.999882745529807,2.9980850407376414,1.1006189802794266,0.23715548524951913
4.091,0,-3.999138148592135,-2.997834754890866,1.11249315580098,0.22173079679082436
4.091,1,-3.999876060958674,2.9980508108877437,1.1029748613622141,0.23435080252680707
4.101,0,-3.999127008264982,-2.9977864400817658,1.1146920363424158,0.21847838998970534
4.101,1,-3.999867293627293,2.99801991229763,1.1053026640426509,0.23153340983445728
4.111,0,-3.9991143103648317,-2.9977383144021226,1.1168582600460077,0.21520513937116786
4.111,1,-3.9998566043665784,2.997992399691296,1.1076022384175879,0.22870011632339077
4.121,0,-3.999100012238206,-2.997690431560631,1.1189918540985762,0.21197619239640034
4.121,1,-3.99984416154801,2.9979683200206506,1.109873842450742,0.22597423962700178
4.131,0,-3.9990840581949687,-2.997642853294509,1.1210938353835451,0.20886709717727905
4.131,1,-3.999830134302324,2.997947719781906,1.1121196838507044,0.22350323527741922
4.141,0,-3.999066385263394,-2.997595638534077,1.123165188357939,0.2058398410306425
4.141,1,-3.999814684361554,2.9979306391323033,1.1143418323969811,0.2212027051037942
4.151,0,-3.999046928208435,-2.9975488321702928,1.1252065701848522,0.20286693208740025
4.151,1,-3.9997979542749342,2.9979171108846026,1.1165416236997228,0.21900984456577022
4.161,1,-3.999780058242938,2.997907162102788,1.1187198853249287,0.21688275126845774
4.161,0,-3.9990256228548433,-2.9975024574890847,1.1272184153752078,0.1999300555594401
4.171,0,-3.9990024085652385,-2.9974565116188847,1.1292010100923349,0.19701703557505276
4.171,1,-3.9997610765714655,2.99790081523179,1.1208771039865253,0.2147930214521721
4.181,0,-3.9989772302912066,-2.9974109633171326,1.1311544576637025,0.19409735789468135
4.181,1,-3.999741054112281,2.9978980851607884,1.1230125970199576,0.21249355757335306
4.191,0,-3.9989500429785987,-2.9973657540289014,1.1330785109834662,0.19114897998540759
4.191,1,-3.9997200043175085,2.9978989722708014,1.1251232874880015,0.20988429726366478
4.201,0,-3.9989208198937667,-2.997320803766302,1.1349729356986984,0.18818199301047348
4.201,1,-3.9996979154849273,2.997903467202244,1.1272066234499234,0.2070606494330725
4.211,0,-3.99888956057766,-2.9972760174755098,1.1368375823839951,0.1852037752678717
4.211,1,-3.999674759811445,2.9979115465437793,1.129260843763934,0.20408995695881463
4.222,0,-3.998856295710419,-2.997231290201181,1.1386723648877457,0.1822198512233294
4.222,1,-3.9996505007303313,2.997923168757427,1.1312847447853134,0.2010196500790534
4.231,0,-3.998821089619166,-2.9971865112835703,1.140477100538445,0.17918178350433986
4.231,1,-3.9996250980104104,2.997938272749721,1.1332777455191758,0.19796868738869725
4.241,0,-3.9987840420105116,-2.997141568600259,1.1422503307696583,0.17595067837594494
4.241,1,-3.99959850940429,2.9979567827242497,1.1352417096526968,0.19519638411206483
4.251,0,-3.998745279516667,-2.9970963545686526,1.1439903777867626,0.1725812571542923
4.251,1,-3.999570696811176,2.997978596101004,1.1371791124001298,0.1926332059170743
4.261,0,-3.9987049455896195,-2.997050772113159,1.1456961412317788,0.16912300881396722
4.261,1,-3.999541631589209,2.9980035730613217,1.13909164589337,0.19021149193894846
4.271,1,-3.999511296654929,2.9980315348627,1.1409804500484937,0.1878848307963655
4.272,0,-3.9986631938326997,-2.997004738895259,1.14736693108074,0.1656106928891477
4.282,0,-3.9986201827510692,-2.996958189942458,1.149002348780883,0.16206924175547824
4.282,1,-3.9994796876234293,2.9980622641892527,1.142846284517431,0.18562097769212457
4.291,0,-3.998576070826456,-2.9969110784533424,1.1506029711851729,0.15872088122602282
4.291,1,-3.999446814761873,2.9980955041499784,1.1446883890421606,0.1830633908445844
4.301,0,-3.9985310140222636,-2.996863373543864,1.1521721188462357,0.15573125210649516
4.301,1,-3.999412703675318,2.9981309594161702,1.1465015976016733,0.1799482932646983
4.311,0,-3.99848517431312,-2.996815057772633,1.1537127664924698,0.1529943699449571
4.311,1,-3.99937737889892,2.998168326392641,1.1482813893002057,0.17645748544688314
4.322,0,-3.998438724662664,-2.9967661228012656,1.1552270089660728,0.15043490954342167
4.322,1,-3.9993408537118937,2.9982073098409745,1.1500247387474374,0.17271713210469206
4.331,0,-3.9983918511347727,-2.9967165655432275,1.1567163193284784,0.14800020970097597
4.331,1,-3.999303124759925,2.9982476320404623,1.1517296573462066,0.1688146416607212
4.341,0,-3.9983447536361068,-2.9966663852808075,1.158181745729933,0.14565502993448276
4.341,1,-3.999264168858679,2.998289039220929,1.153394879939353,0.1648115145694671
4.351,0,-3.9982976455723334,-2.9966155820848943,1.1596233953916015,0.14320230278708507
4.351,1,-3.999223939769776,2.9983313066867052,1.1550209563808584,0.1610991126630514
4.361,0,-3.9982507523585316,-2.996564157738978,1.1610390007139666,0.14049775848748713
4.361,1,-3.99918236659549,2.998374236744695,1.156613222245691,0.1579706480715093
4.371,0,-3.9982043099324147,-2.9965121168739333,1.1624265532991989,0.1376286451253448
4.371,1,-3.9991393717540977,2.998417635443116,1.158176472051467,0.15524555945395746
4.381,0,-3.9981585638036283,-2.9964594696927205,1.1637847684716365,0.13465643620234324
4.382,1,-3.9990948835310762,2.9984612947644376,1.159714025777494,0.15280042449358436
4.391,0,-3.9981137676024967,-2.9964062340216753,1.1651128694509476,0.13162377552164672
4.391,1,-3.999048843532346,2.998504981735904,1.1612281863394924,0.15054903550863388
4.401,1,-3.999001211621071,2.998548432078396,1.1627205450577394,0.14843107243234865
4.401,0,-3.9980701811531087,-2.996352436393645,1.1664104222934093,0.12855898794257514
4.41,1,-3.9989519705337346,2.9985913481030315,1.1641912388255788,0.14614959129277258
4.411,0,-3.998028069317154,-2.9962981121029344,1.1676777518810673,0.12560870390192286
4.421,0,-3.9979877033550433,-2.996243304466391,1.1689165970949682,0.12283603154918477
4.421,1,-3.9989011321508903,2.998633404869355,1.1656368379357247,0.14348648008758513
4.431,0,-3.9979493613797974,-2.996188064700006,1.1701284583511955,0.12019167026760068
4.432,1,-3.998848733941379,2.9986742619979694,1.1670542694368309,0.14056920823352714
4.441,0,-3.997913329985993,-2.996132450646504,1.1713144368560808,0.11764261198519842
4.441,1,-3.9987948398544724,2.9987135759388175,1.168441509145135,0.1374860889085943
4.451,0,-3.9978799048831335,-2.996076525391293,1.1724753669618708,0.11516691005011452
4.451,1,-3.998739541312038,2.9987510097484,1.1697972640001941,0.13429907778043793
4.461,0,-3.9978493903040655,-2.9960203559685334,1.1736118974156986,0.11274868886362692
4.461,1,-3.998682956729244,2.998786240455964,1.1711207483131614,0.1310507030886644
4.471,0,-3.9978220971672083,-2.9959640121731144,1.1747244852218865,0.11036146696798335
4.471,1,-3.998625229497491,2.9988189634401308,1.1724119035420337,0.12787104158001605
4.481,0,-3.997798335642871,-2.9959075653865845,1.1758133075861361,0.10798734501475497
4.481,1,-3.998566523950518,2.998848893940835,1.1736721952692635,0.12485635254989831
4.491,0,-3.9977783986801283,-2.9958510872113253,1.1768785246029558,0.10563144434441797
4.491,1,-3.9985070217472884,2.9988757751752497,1.1749030324655423,0.12196371750500294
4.501,1,-3.998446916151819,2.998899382560755,1.176105464938309,0.11916255384478688
4.501,0,-3.9977625457670336,-2.99579464826929,1.1779203315094582,0.10329676530538075
4.511,0,-3.9977509918169924,-2.9957383172095806,1.1789389453814652,0.10098558626896076
4.511,1,-3.998386406763747,2.9989195252191876,1.177280290698714,0.11643188275815865
4.521,0,-3.997743899887258,-2.995682160027404,1.1799344861786236,0.0986722564554434
4.521,1,-3.9983256952325115,2.998936046641039,1.1784280325646563,0.11373258705287427
4.531,0,-3.997741376509652,-2.9956262422306597,1.1809068128777167,0.09634689303339926
4.531,1,-3.9982649813829823,2.99894882481602,1.1795488494768815,0.11104512098623986
4.541,0,-3.9977434711109474,-2.9955706357182526,1.1818558567687658,0.09402152327396361
4.541,1,-3.998204459366385,2.9989577702595533,1.1806428810746152,0.1083733243857386
4.551,0,-3.997750176133828,-2.9955154248194575,1.182781656087705,0.09170608487571046
4.551,1,-3.9981443146940165,2.99896282452521,1.1817103068379133,0.10572156763257548
4.561,0,-3.9977614288075523,-2.9954607098836825,1.1836843307853198,0.08940716526563948
4.561,1,-3.998084722096578,2.9989639584498176,1.1827513369528961,0.10309226479497603
4.571,0,-3.9977771143970133,-2.9954066089170164,1.1845640468535599,0.08712791879916351
4.571,1,-3.998025844030325,2.9989611700219028,1.1837662007790772,0.10048723706631585
4.581,0,-3.9977970701744754,-2.9953532577611175,1.1854209331161827,0.08485312822038575
4.581,1,-3.9979678298378003,2.998954481807458,1.1847552104986105,0.09792649815461012
4.591,0,-3.9978210914175953,-2.99530080835605,1.1862549229405495,0.08257171401438113
4.591,1,-3.9979108170046382,2.9989439396434605,1.1857189397893775,0.09542701239514206
4.601,0,-3.9978489434360407,-2.995249424804249,1.1870660074413182,0.08029502900584455
4.601,1,-3.997854935526996,2.9989296169636463,1.1866579293200072,0.09297778807922041
4.611,0,-3.997880372373633,-2.995199278924995,1.1878542651093298,0.07802932709522777
4.611,1,-3.9978003124095736,2.998911617782482,1.1875726400958213,0.0905730193635915
4.621,0,-3.9979151136150177,-2.99515054639462,1.1886198295601924,0.07577896307460054
4.621,1,-3.99774707472513,2.998890077479124,1.188463471487636,0.08820607948893809
4.632,0,-3.9979528983946526,-2.9951034035394732,1.1893628761426964,0.07354764046747035
4.632,1,-3.9976953515073994,2.9988651621732614,1.1893307783600546,0.08587399306523304
4.641,0,-3.9979934595836357,-2.995058025009172,1.1900837926600025,0.07138505797746035
4.641,1,-3.9976452747499276,2.9988370670338904,1.190174890361978,0.08357374945683822
4.651,0,-3.9980365400395383,-2.9950145830113684,1.1907835887407738,0.06932894212509225
4.651,1,-3.99759697918764,2.9988060116458803,1.1909961144632857,0.08130397141671539
4.661,0,-3.998081903551703,-2.994973246056192,1.1914631877565613,0.06735350702268572
4.661,1,-3.9975506002251127,2.9987722289788303,1.1917947480394746,0.0790632716254402
4.671,0,-3.9981293463004564,-2.99493417885922,1.1921233117893846,0.06544295806163729
4.671,1,-3.9975062714147085,2.9987359539267953,1.1925710735047395,0.07684988164275312
4.681,0,-3.9981787044899835,-2.9948975422586623,1.1927645456934273,0.06358555589600662
4.681,1,-3.9974641224380507,2.9986974147113883,1.193325369548292,0.07466427922891801
4.691,1,-3.9974242774956648,2.9986568267636473,1.1940579147173882,0.07250605540884353
4.691,0,-3.99822985840449,-2.9948634928598126,1.193387375027292,0.06177338475132803
4.7010000000000005,0,-3.998282731914014,-2.994832179864457,1.1939912695482608,0.05977243665478351
4.7010000000000005,1,-3.9973868535979795,2.998614388967766,1.19476883016122,0.07033768449068414
4.711,0,-3.9983372864029896,-2.99480374125141,1.194573381614591,0.05749010683709575
4.711,1,-3.9973519581629393,2.9985702837194363,1.1954578679706638,0.06814511697100743
4.721,0,-3.9983935159729413,-2.994778313763773,1.1951314645037783,0.055030347662382136
4.721,1,-3.9973196873132077,2.9985246806395587,1.1961248891266576,0.06594623767647959
4.732,0,-3.998451437763564,-2.9947560355432903,1.195664110309065,0.05246356945515699
4.732,1,-3.997290123679019,2.998477741326784,1.1967699009036383,0.06375345028180096
4.741,0,-3.9985110835880566,-2.9947370463907785,1.1961704830589108,0.0498386911117981
4.742,1,-3.9972633349178657,2.9984296228082026,1.1973930060177689,0.061574374829497756
4.751,0,-3.9985724936216522,-2.9947214876393575,1.196650159193271,0.04719344715203824
4.751,1,-3.9972393730354217,2.9983804797800455,1.1979943806376465,0.05941627650309201
4.761,0,-3.9986357126171,-2.9947095035073157,1.1971035240922778,0.04468965721552257
4.761,1,-3.9972182750387675,2.998330465608288,1.198574519472152,0.05734736362249245
4.771,0,-3.998700790206352,-2.9947012438722975,1.197532930812955,0.042449861586722634
4.771,1,-3.9972000637120932,2.9982797306990294,1.1991345849841684,0.05539530999757118
4.781,0,-3.998767778471617,-2.9946968513878507,1.1979405477326637,0.04040508705373454
4.781,1,-3.9971847441116717,2.9982284181042944,1.1996755779289592,0.053531503087571944
4.791,0,-3.9988367333089876,-2.994696454881626,1.1983279710914467,0.03850966173871767
4.791,1,-3.9971723027467267,2.998176658613545,1.2001982734143746,0.051738139491988105
4.802,0,-3.998907715957244,-2.9947001663817057,1.1986964002255023,0.036731452896416196
4.802,1,-3.9971627079579624,2.9981245673751005,1.2007032924110932,0.0500019477611268
4.812,0,-3.9989807942981526,-2.994708080567786,1.1990470719816189,0.03514000215962792
4.812,1,-3.9971559104973426,2.998072241931039,1.2011910476352168,0.04828658100109867
4.821,1,-3.9971518424360433,2.9980197622628855,1.2016614742949592,0.0465577434904914
4.821,0,-3.9990560420940615,-2.9947202777749284,1.1993825222196124,0.033832114926535546
4.831,0,-3.9991335222326483,-2.994736812302007,1.199705046469424,0.032730519012277394
4.831,1,-3.997150414728881,2.9979671940295383,1.202114485243772,0.044826989209548335
4.841,0,-3.9992132717915077,-2.9947577059242945,1.2000162699979362,0.03177871409602296
4.841,1,-3.997151513888908,2.997914592577581,1.2025501110022854,0.04310597762703162
4.851,0,-3.9992952931777572,-2.9947829463141304,1.2003173625145127,0.03093927118623171
4.851,1,-3.997155000178873,2.9978620060588383,1.202968474649256,0.041401982060139945
4.861,0,-3.99937954900684,-2.9948124869120645,1.200609185647017,0.030184899498778364
4.861,1,-3.997160707482169,2.9978094777837776,1.2033697634956584,0.03972075856131114
4.871,0,-3.999465960007743,-2.9948462480091793,1.2008923952028268,0.02949958525127183
4.871,1,-3.9971684447748337,2.9977570479945954,1.2037543729914995,0.038105096707112596
4.881,0,-3.99955440838114,-2.9948841203899317,1.201167568979108,0.028874692338981187
4.881,1,-3.9971779981420053,2.99770475565783,1.2041231198142033,0.036572017048424936
4.891,0,-3.999644750845102,-2.9949259730046847,1.201435171336292,0.028295921267559327
4.891,1,-3.9971891312531436,2.9976526406258555,1.2044767235498433,0.03510380210563857
4.901,1,-3.9972015874094464,2.997600745337147,1.2048157601201708,0.03368795138767292
4.901,0,-3.9997368332231975,-2.994971661451214,1.2016955575269332,0.027753118099378065
4.911,0,-3.999830501496286,-2.995021034742114,1.201949006909196,0.027239237288999022
4.911,1,-3.9972150922616834,2.99754911585371,1.2051407052982335,0.032315582719333075
4.922,0,-3.999925609725702,-2.995073940422245,1.202195745984956,0.026749462460898196
4.922,1,-3.997229356782834,2.9974978023805474,1.2054519648423545,0.030980333163943313
4.932,0,-4.000022025329859,-2.9951302284837236,1.2024359923182744,0.026286690798257725
4.932,1,-3.9972440804484446,2.997446859262959,1.2057498654253975,0.029670463841406862
4.941,0,-4.00011962845172,-2.99518975465282,1.202670001596204,0.025850322273879636
4.942,1,-3.9972589564274617,2.997396342441963,1.2060346278917498,0.02838011897015248
4.9510000000000005,0,-4.0002183031202465,-2.9952523831201843,1.2028979962207353,0.025436213891389236
4.9510000000000005,1,-3.9972736800077917,2.9973463030291896,1.2063064654948592,0.02710984709043053
4.961,0,-4.000317928795383,-2.995317988734705,1.2031201667747067,0.025040829564629677
4.962,1,-3.99728795607426,2.9972967814985862,1.2065656006964187,0.02586095775727518
4.971,0,-4.000418374716743,-2.9953864583104117,1.2033366775726593,0.024661020373681657
4.971,1,-3.99730150455168,2.997247803848583,1.2068122694802716,0.024635307999271213
4.982,0,-4.000519496681725,-2.995457692313416,1.2035480492718411,0.024380132344497443
4.982,1,-3.997314064148509,2.997199379535828,1.2070467334758512,0.02343883862934174
4.991,0,-4.000621133925805,-2.9955316071545615,1.2037560468409796,0.024256687985774652
4.991,1,-3.997325393194702,2.9971515052502933,1.2072693305034186,0.02227670748912934
5.001,1,-3.9973352663807593,2.9971041791256656,1.2074803891710666,0.02114640672561594
5.001,0,-4.000723101869307,-2.9956081299146438,1.2039621991911058,0.024236847567592507
5.011,0,-4.0008251874636676,-2.9956871965723737,1.2041675584557754,0.024283463600462244
5.011,1,-3.997343470989398,2.997057414710152,1.2076802022003552,0.020043921812597582
5.021,0,-4.00092714741921,-2.995768751320998,1.204372845389428,0.024370955589866267
5.021,1,-3.997349804199228,2.9970112503292645,1.207869031884323,0.018967092394418225
5.031,0,-4.001028708284696,-2.995852745777817,1.2045785496012418,0.024481371072466934
5.031,1,-3.9973540712639446,2.996965754756243,1.2080471254300325,0.01791497197848058
5.041,0,-4.001129568396564,-2.9959391374490534,1.2047847297736132,0.024519092498281866
5.042,1,-3.9973560844459173,2.996921029936439,1.208214697448823,0.016879158821705487
5.052,0,-4.001229405552524,-2.996027882718454,1.2049888370771116,0.024249838156838253
5.052,1,-3.9973556649234276,2.9968772107154362,1.2083717889392873,0.01584343763986909
5.061,0,-4.001327892384493,-2.99611893788978,1.2051877592063756,0.023753150272758133
5.061,1,-3.997352653400649,2.996834460413767,1.2085184052684923,0.014810855542733937
5.071,0,-4.001424713611868,-2.9962122580557624,1.205379339317422,0.023106555998562893
5.071,1,-3.9973469236688026,2.9967929643494173,1.2086545611888058,0.013785822380904403
5.082,0,-4.001519579443604,-2.996307793062128,1.2055621909856324,0.022371915956766214
5.082,1,-3.9973383914951994,2.996752924166024,1.2087803738269984,0.0127807297668863
5.091,0,-4.001612234862184,-2.9964054847650723,1.2057354654197858,0.02159035286138549
5.091,1,-3.997327019809063,2.9967145526392422,1.2088960375325444,0.01180129336835173
5.101,0,-4.001702465050357,-2.996505265951226,1.2058988590281496,0.0208299396882666
5.101,1,-3.99731281929474,2.996678070076142,1.2090023364841516,0.010990293803215635
5.111,0,-4.001790096157786,-2.996607060666007,1.2060529832313223,0.02013931208508352
5.111,1,-3.9972958438249067,2.9966437020350574,1.2091019779223762,0.010454451413830411
5.121,0,-4.0018749948075865,-2.9967107820715366,1.2061985202007088,0.019505439501128607
5.121,1,-3.9972761932813983,2.996611667639639,1.2091973726368783,0.01011369239249528
5.129,0,-4.001957065040085,-2.9968163321499275,1.2063359926813377,0.018914886482146374
5.129,1,-3.997254009818153,2.9965821713942926,1.2092902086521062,0.009906411640527999
5.141,0,-4.002036244652358,-2.9969236024060146,1.2064657770342255,0.018361138538104463
5.141,1,-3.997229472071947,2.996555398266375,1.2093816316816641,0.009793876319247519
5.149,0,-4.0021125012169865,-2.9970324751342865,1.2065882146059088,0.017841627594856094
5.149,1,-3.9972027891298354,2.996531510797487,1.2094724819353733,0.009752277102772385
5.161,0,-4.00218582978668,-2.9971428238949627,1.2067031922679465,0.017282080724942635
5.161,1,-3.9971741959829026,2.9965106460397086,1.2095629636461176,0.009662024501439402
5.171,0,-4.002256251621349,-2.997254511552634,1.2068091895642008,0.01664034344465911
5.171,1,-3.9971439528077037,2.9964929135028897,1.2096517603285701,0.009437452793766895
5.181,0,-4.002323803850849,-2.997367388594704,1.2069049352125827,0.015969707574136297
5.182,1,-3.9971123455471425,2.996478405696736,1.2097377103058846,0.009127445645846234
5.191,0,-4.002388533760563,-2.9974812892209313,1.2069896419057384,0.015306813024796143
5.191,1,-3.997079689489603,2.996467204712259,1.2098200646194641,0.008762763602484411
5.201,0,-4.0024504954304225,-2.997596028838312,1.2070628344705903,0.014676612983351609
5.201,1,-3.997046330880206,2.9964593858399877,1.2098983355546462,0.008362130227124329
5.211,0,-4.002509747048272,-2.9977114033496197,1.2071242477476987,0.014098668103825741
5.211,1,-3.997012646229578,2.9964550201287516,1.2099722087692029,0.007940765706566502
5.221,0,-4.0025663480814595,-2.997827189983548,1.2071740278384622,0.013607247860922949
5.221,1,-3.996979039611882,2.996454176447903,1.2100415786065595,0.007523758294817983
5.231,0,-4.002620357531436,-2.99794314991392,1.2072132201017038,0.013209184566132157
5.232,1,-3.996945933731314,2.9964569203790017,1.2101066185593354,0.007127044729753648
5.242,0,-4.002671839036001,-2.9980590329317085,1.2072427817181106,0.012879546948136315
5.242,1,-3.9969137492878035,2.9964633058927044,1.2101675078181222,0.0067497800606835185
5.251,0,-4.00272086368028,-2.9981745830379634,1.2072634489960479,0.01260242827538264
5.251,1,-3.9968828848928046,2.9964733680043367,1.210224418717837,0.006395697000616537
5.261,0,-4.002767511324031,-2.998289543252722,1.2072757760179218,0.012366674815298085
5.261,1,-3.996853702659991,2.9964871181130803,1.2102774938014398,0.006066258486594044
5.271,1,-3.996826518422395,2.9965045412553146,1.2103267460243572,0.005747633501766343
5.272,0,-4.002811870444285,-2.998403659417155,1.207280437262999,0.012166324146599261
5.281,0,-4.00285403587055,-2.998516685272702,1.2072786549284504,0.011985903806095873
5.281,1,-3.9968015956169887,2.9965255956885577,1.2103719556369834,0.005441017513971001
5.291,0,-4.002894106754816,-2.99862839192372,1.2072714196003969,0.011813405135575843
5.291,1,-3.9967791429495962,2.9965502164430493,1.2104129550731029,0.0051639537540139864
5.301,0,-4.002932182899887,-2.998738575586489,1.2072594433050088,0.011643564656741861
5.301,1,-3.9967593138375235,2.9965783184600827,1.2104496540125662,0.004932602540893576
5.311,0,-4.002968361684146,-2.9988470624809116,1.207243266178453,0.011474670398481731
5.311,1,-3.9967422074710264,2.9966097994798724,1.2104820348953658,0.004759506077881079
5.321,0,-4.003002735936833,-2.998953711562388,1.2072232889073213,0.011307442944726638
5.321,1,-3.9967278710541594,2.9966445426820196,1.2105101131547522,0.004651573326473836
5.332,0,-4.0030353926818565,-2.9990584158904525,1.2071996472982784,0.011154320392964408
5.332,1,-3.9967163017353133,2.996682417643635,1.2105334717966465,0.004560533832654296
5.341,0,-4.003066412405972,-2.9991611036558767,1.2071716687064586,0.011037733154889429
5.341,1,-3.996707449278431,2.9967232775456725,1.210550637107593,0.004507944051526915
5.351,0,-4.003095864829126,-2.999261735634368,1.207138699777311,0.01096230195122464
5.351,1,-3.9967012254635024,2.9967669570985724,1.2105604542110924,0.00456157234490844
5.361,0,-4.003123806112216,-2.9993603028711804,1.2071003380620597,0.010930483828158652
5.361,1,-3.996697509759818,2.9968132670477967,1.210562190761366,0.004755066466210051
5.371,0,-4.0031502776689125,-2.999456824451107,1.2070563632269302,0.010942472031486688
5.371,1,-3.996696154111371,2.996861990865661,1.2105554183397074,0.0050876729181525545
5.381,0,-4.003175305827651,-2.999551345036858,1.2070066758917002,0.010997623137911947
5.381,1,-3.996696987537924,2.9969128837503463,1.2105399113280073,0.005536157420119318
5.391,0,-4.0031989017430005,-2.9996439315678423,1.206951556618896,0.011051301392231656
5.391,1,-3.996699820068171,2.9969656729444174,1.210515346147647,0.006097918466163915
5.402,0,-4.003221064080733,-2.9997346661061335,1.2068923769709632,0.01105667324802241
5.402,1,-3.996704448947705,2.997020060359386,1.2104807446079215,0.006786444896916828
5.41,0,-4.003241791110384,-2.999823636022,1.2068303606114061,0.01102493611927443
5.41,1,-3.9967106736431672,2.9970757315853547,1.2104353384950681,0.007578212754966571
5.421,0,-4.003261091091313,-2.9999109229068672,1.2067663555892947,0.01096704513296996
5.421,1,-3.9967183080584068,2.9971323631309668,1.2103786717039553,0.008446636094877322
5.432,0,-4.003278989104776,-2.999996594420393,1.2067009546611969,0.01088969174439896
5.432,1,-3.9967271886326485,2.997189627853109,1.210310505063641,0.009366207598663252
5.441,0,-4.003295531381923,-3.0000806990543385,1.2066345998860903,0.01079740306722394
5.441,1,-3.996737179651383,2.997247199342249,1.210230781062498,0.010314891894668382
5.451,0,-4.003310787689922,-3.0001632631852564,1.2065676124623514,0.010692981012552732
5.452,1,-3.9967481763908603,2.997304755554049,1.2101396353197413,0.01125467988086566
5.461,0,-4.003324850062243,-3.0002442899164903,1.2065002821266502,0.01057376125800451
5.461,1,-3.9967601056330566,2.9973619831859963,1.2100378616482763,0.012123150107016428
5.471,1,-3.9967729193526784,2.997418586832761,1.2099263384477006,0.012932878373902449
5.472,0,-4.003337821611528,-3.0003237604358755,1.2064328609706987,0.010441866829560633
5.481,0,-4.003349801955387,-3.0004016366335127,1.2063655281108252,0.010299620077642816
5.482,1,-3.9967865871845514,2.9974742988095198,1.2098057265768836,0.013697156673215447
5.491,0,-4.003360876586443,-3.0004778635092486,1.2062984088051107,0.010147516290418636
5.491,1,-3.9968010908835025,2.997528885823332,1.2096765277598653,0.014426745135434536
5.502,0,-4.003371109836314,-3.0005523715321494,1.2062316069254893,0.00998549162166152
5.502,1,-3.996816420218576,2.9975821529262605,1.2095391573694068,0.015126188513932045
5.511,0,-4.003380540581624,-3.000625078885204,1.2061653213523973,0.009790353240034255
5.511,1,-3.996832570118317,2.9976339448581233,1.2093942515976912,0.01572414121713031
5.521,1,-3.9968495388417558,2.9976841434902606,1.2092437089686963,0.016128265203976942
5.521,0,-4.003389181486794,-3.000695895236422,1.2061002856486236,0.009534140208117454
5.532,0,-4.003397025012304,-3.000764733455378,1.2060371762546875,0.009233247933676353
5.532,1,-3.9968673236057386,2.9977326652508958,1.209089288492339,0.016393773239839052
5.541,0,-4.003404050287647,-3.000831520696675,1.2059764715002632,0.008901163947534863
5.541,1,-3.99688591750651,2.99777945630391,1.208932244771747,0.01655988603484448
5.551,0,-4.003410228281851,-3.000896205841409,1.2059184813306003,0.008550406018062505
5.551,1,-3.9969053077670367,2.99782448757314,1.2087734593344506,0.016657846437695797
5.562,0,-4.003415525611888,-3.0009587634867483,1.2058635934277164,0.008157523320015956
5.562,1,-3.996925474586811,2.9978677510459106,1.2086132743899982,0.016771053784623468
5.572,0,-4.0034199104020205,-3.0010191921168534,1.2058126078937885,0.007718444799017073
5.572,1,-3.9969463921976316,2.9979092604702906,1.208451212590991,0.01693898035679171
5.581,0,-4.003423363395142,-3.0010775071157507,1.2057661298163522,0.007256562591277173
5.581,1,-3.9969680341489795,2.997949056474797,1.208286845634811,0.017145004947611474
5.5920000000000005,0,-4.003425886975042,-3.0011337327514633,1.2057245286005795,0.006788953869523509
5.5920000000000005,1,-3.9969903778186,2.997987212220557,1.2081198926960823,0.01737721077685042
5.601,0,-4.003427510768756,-3.001187896125009,1.2056880282496838,0.006327320707773964
5.601,1,-3.9970134075789323,2.9980238363216616,1.2079501879414738,0.017626827085770264
5.612,0,-4.003428294714191,-3.0012400229473917,1.2056567392863742,0.005882608125181684
5.612,1,-3.997037116890976,2.9980590735817856,1.2077776390180668,0.0178887179475637
5.62,0,-4.003428330220548,-3.0012901352729244,1.2056304324533045,0.005503756705816385
5.62,1,-3.997061509777273,2.9980931037575957,1.2076024076254313,0.0180834035945189
5.631,0,-4.003427738525509,-3.0013382548880174,1.2056064400443691,0.00529569325188513
5.631,1,-3.997086603628939,2.9981261372518886,1.2074266670186962,0.01799808317188089
5.641,0,-4.003426655016382,-3.0013844028904217,1.205581603203749,0.005216718429408802
5.641,1,-3.9971124321243634,2.9981584120778,1.2072529993168333,0.017707720900023965
5.651,0,-4.003425210974747,-3.001428601496771,1.2055537449390372,0.005254713039650542
5.651,1,-3.997139048703399,2.9981901881216255,1.2070831522591485,0.01728381403361348
5.661,0,-4.003423521286177,-3.0014708777011894,1.2055213817423227,0.005406219949539385
5.661,1,-3.9971665291675307,2.9982217401562496,1.2069182902101065,0.01677390081268751
5.671,0,-4.0034216761418655,-3.0015112653827365,1.205483542040634,0.005664350536591481
5.671,1,-3.9971949724352727,2.9982533517351118,1.2067591987083928,0.016211745966801527
5.681,0,-4.0034197358932895,-3.001549805939491,1.2054398689740813,0.005959150722026472
5.681,1,-3.9972244999593713,2.998285310102154,1.2066067328133945,0.015533446240946568
5.691,1,-3.9972552466124416,2.9983178978449563,1.206462740153168,0.014691204938347661
5.691,0,-4.003417729510292,-3.001586546152553,1.2053911868709941,0.006216333399161934
5.7010000000000005,1,-3.9972873305446144,2.9983513743679087,1.2063287370486613,0.0137524616975625
5.7010000000000005,0,-4.003415657576896,-3.0016215362016023,1.2053383318675117,0.006442501678639407
5.711,0,-4.003413496440323,-3.0016548258833557,1.2052819001462465,0.00664626320704615
5.712,1,-3.9973208249923355,2.998385959003826,1.2062057040453071,0.01276740836156839
5.722,0,-4.003411202126149,-3.0016864614390517,1.20522231409027,0.006834140969631552
5.722,1,-3.9973557396595973,2.9984218206801643,1.2060942514841915,0.011770876475831814
5.731,0,-4.003408713927254,-3.001716483164104,1.2051600311445412,0.006972138860054105
5.731,1,-3.9973920082620467,2.9984590712763284,1.2059938088011763,0.011006959520078767
5.741,0,-4.0034059587058755,-3.0017449235370353,1.2050961048005624,0.007015146573501744
5.741,1,-3.9974294855117374,2.9984977637718426,1.205900503238297,0.010630880067279658
5.751,0,-4.00340285838765,-3.0017718087321263,1.205031474981381,0.0069919996050503
5.751,1,-3.9974679670344346,2.9985379087698876,1.2058108933174707,0.010507588566660021
5.761,0,-4.0033993372522625,-3.001797159851856,1.2049667843522196,0.006922636442695899
5.761,1,-3.9975072067315858,2.998579487875753,1.2057226156705845,0.010544260297684406
5.771,0,-4.003395327166565,-3.0018209937196323,1.2049024940623938,0.006819962343735492
5.771,1,-3.9975469299086384,2.9986224629720506,1.2056340808484418,0.010680586440391769
5.781,0,-4.003390771150334,-3.00184332375446,1.2048389283593122,0.006695438776503317
5.781,1,-3.997586843999002,2.998666783223974,1.2055442176875093,0.010878660435809021
5.791,0,-4.0033856256913225,-3.001864161217111,1.2047761810147177,0.006585141476622781
5.791,1,-3.997626647151784,2.9987123911345557,1.2054528006752887,0.011003629680012
5.801,0,-4.003379861419913,-3.0018835195999323,1.2047139905663826,0.006504769325740976
5.801,1,-3.9976660332702836,2.998759229929061,1.205361521489444,0.010956845789805119
5.811,0,-4.003373461532942,-3.0019014233274506,1.2046521442565474,0.006444942568587388
5.811,1,-3.997704693976802,2.998807249614342,1.2052719466464237,0.010791948393228447
5.821,0,-4.003366419899673,-3.0019179157503846,1.2045905113185438,0.006399567366434796
5.821,1,-3.997742320528098,2.9988564143325642,1.2051851342203956,0.010547867099439197
5.831,0,-4.00335873924409,-3.001933064180568,1.2045290241665971,0.00636338845942225
5.831,1,-3.997778605974189,2.998906707692731,1.2051017956270604,0.010251996096543087
5.841,0,-4.00335042948957,-3.0019469625237405,1.2044676617270618,0.006333350722885607
5.841,1,-3.9978132473442396,2.9989581356945627,1.2050224029337495,0.009925461705922635
5.851,0,-4.003341506101447,-3.001959731970161,1.2044064565436388,0.0062991165098102275
5.851,1,-3.997845947912278,2.999010727798058,1.204947231737688,0.009588692053240273
5.861,0,-4.003331986034189,-3.001971519494098,1.204345578173217,0.006250917881640744
5.861,1,-3.9978764191750265,2.9990645358826624,1.2048763750859153,0.009256092687226552
5.871,0,-4.0033218788749565,-3.0019824940117883,1.2042852006411222,0.006192337705130759
5.871,1,-3.997904381761217,2.999119630635756,1.2048098751432978,0.00893454750407348
5.881,0,-4.003311178675,-3.0019928418499617,1.2042254575885558,0.006127430994711762
5.881,1,-3.9979295662233407,2.999176097234783,1.2047477411739216,0.008632382189860486
5.891,0,-4.003299858686029,-3.002002762412127,1.204166447399256,0.0060589959077290674
5.891,1,-3.997951713880733,2.9992340315262798,1.2046899524365697,0.008356995208174954
5.901,0,-4.003287868507857,-3.002012464132968,1.2041082541734707,0.005988453811208578
5.901,1,-3.9979705775686822,2.999293536688394,1.2046364796235949,0.008115031871476532
5.911,0,-4.003275133330842,-3.002022160799383,1.20405076096602,0.005966919307108662
5.911,1,-3.997985926088385,2.9993547184719143,1.2045863529349952,0.008051461497731274
5.921,0,-4.00326155589012,-3.002032066686155,1.2039931946310256,0.006032389225347207
5.921,1,-3.9979975573958484,2.999417678002174,1.204536359889061,0.008211143720485405
5.931,0,-4.003247020835318,-3.0020423893115558,1.2039348905068588,0.00615695272691039
5.931,1,-3.998005307405525,2.99948250945796,1.2044839185795377,0.008530620989761453
5.941,0,-4.003231400121543,-3.002053323173881,1.2038754221754704,0.006322296444740984
5.941,1,-3.998009064627886,2.999549294367896,1.204427311255272,0.008970603066135103
5.9510000000000005,0,-4.003214557808928,-3.0020650454102813,1.2038145145655788,0.006516688840428071
5.9510000000000005,1,-3.998008780268694,2.9996180966627244,1.2043654040191722,0.00950235607512807
5.962,0,-4.003196354056102,-3.00207771303598,1.2037520005993507,0.006730876161300509
5.962,1,-3.9980044731291047,2.999688959317552,1.2042974725795208,0.010100627507887877
5.971,0,-4.00317664807136,-3.002091461756683,1.2036881670956383,0.006867249242034983
5.971,1,-3.997996230236647,2.999761902567736,1.2042231254327282,0.010736690408266806
5.981,0,-4.003155305060392,-3.0021064030705564,1.2036245850555645,0.006857993185128335
5.981,1,-3.9979841999022443,2.9998369250056762,1.2041423012910561,0.011387367566307904
5.991,0,-4.0031322180605775,-3.002122612487556,1.2035626272938669,0.006756856520603407
5.991,1,-3.9979685742068027,2.9999140087447556,1.204055038424767,0.012043609386227557
6.001,0,-4.003107326737947,-3.002140120448938,1.2035032342293446,0.006600524127212533
6.001,1,-3.997949570421457,2.9999931254860135,1.2039614251112418,0.012697456978303372
6.01,0,-4.003080629043371,-3.0021589079980715,1.2034470372247692,0.006414625841375963
6.011,1,-3.997927416596296,3.000074241274438,1.2038615773873345,0.013344680445737014
6.02,0,-4.003052187568177,-3.0021789059409256,1.2033944445334384,0.006215024938182255
6.02,1,-3.997902340779507,3.000157320237364,1.2037556173419586,0.013982584803848466
6.031,0,-4.003022131559112,-3.002199996611881,1.2033458172338756,0.005986609501638065
6.031,1,-3.9978745621653013,3.0002423281763027,1.2036440279386635,0.0145181576422305
6.041,0,-4.002990654080761,-3.002222018313397,1.2033018822247366,0.005710651052615974
6.041,1,-3.997844280158972,3.000329237044838,1.2035296445955914,0.014779684232887995
6.051,0,-4.002958004431009,-3.0022447725329173,1.2032632553459173,0.0054124774000154155
6.051,1,-3.997811675540038,3.0004180149107835,1.2034154146579497,0.014848441012252975
6.061,0,-4.0029244776181345,-3.0022680325767133,1.2032303298369456,0.005108554484072223
6.061,1,-3.997776908524185,3.0005086172938795,1.2033033490943155,0.014790357113501643
6.071,0,-4.002890403991398,-3.0022915514240647,1.2032033498821042,0.004811100897925968
6.071,1,-3.9977401149013616,3.0006009835509446,1.2031948160834942,0.014652432759147134
6.081,0,-4.002856140045185,-3.0023150684169013,1.2031824490946006,0.00452915825166905
6.081,1,-3.997701404065821,3.0006950350761024,1.2030907247271962,0.014468157049477182
6.092,0,-4.00282206012712,-3.002338315261755,1.2031669302911725,0.004330910457371954
6.092,1,-3.9976608595095087,3.0007906739496253,1.2029910259002343,0.014365161761510025
6.101,0,-4.002788544207603,-3.002361025835813,1.2031535283962225,0.004217601212855544
6.101,1,-3.9976185400849307,3.0008877836269687,1.202893938935901,0.014387515777680075
6.111,0,-4.002755960364973,-3.00238295087958,1.2031394104180404,0.00414364270709548
6.111,1,-3.997574475874201,3.000986236889512,1.2027979601746894,0.014489559344145248
6.121,0,-4.002724649832646,-3.002403870478571,1.2031226593418767,0.004113778181411312
6.121,1,-3.997528668397969,3.0010859005686945,1.2027020566331432,0.014641970738326774
6.131,0,-4.002694916300321,-3.002423602092081,1.203102000814374,0.004146150092511618
6.131,1,-3.997481092339363,3.0011866389706796,1.202605530031806,0.014825232494255743
6.141,0,-4.002667019521975,-3.00244200443433,1.203077020519684,0.004192553501613886
6.141,1,-3.997431697500494,3.001288316935107,1.2025082698881655,0.01497205364860869
6.151,0,-4.002641171084323,-3.0024589792355822,1.2030485736623806,0.004208241079867557
6.151,1,-3.9973804173511254,3.0013908017998006,1.2024111501150716,0.01505460757806806
6.161,0,-4.0026175267111626,-3.002474475165336,1.2030174424994697,0.004202419382701185
6.161,1,-3.9973271915628685,3.001493962414288,1.2023149151673644,0.015092889897021743
6.171,0,-4.002596182633293,-3.0024884885564247,1.2029841893042184,0.004185619994672552
6.171,1,-3.997271984522353,3.001597668952169,1.2022200723248702,0.015100535232196887
6.181,0,-4.002577175070456,-3.002501061703268,1.2029492083351174,0.004168692347008393
6.181,1,-3.9972147972793346,3.0017017927146026,1.2021269510574517,0.015086778570364022
6.191,1,-3.997155674586624,3.0018062057961963,1.2020357572442277,0.015056395209200234
6.192,0,-4.002560481730856,-3.0025122796723513,1.2029127753755622,0.004158728849587175
6.201,0,-4.00254602392067,-3.002522266697186,1.2028746643705643,0.004256209239743873
6.201,1,-3.997094706718144,3.0019107809404812,1.2019473266982654,0.014911651629616841
6.211,0,-4.002533671477843,-3.002531180532522,1.20283356281361,0.004509514608381429
6.211,1,-3.9970320247510394,3.0020153912424528,1.2018641274759145,0.014627401801189635
6.221,0,-4.002523255872924,-3.002539201701106,1.2027884017872124,0.0048785418003885654
6.222,1,-3.996967793865525,3.002119909217947,1.2017881133853126,0.014266994891494876
6.232,0,-4.002514580003034,-3.002546525241175,1.2027384791346982,0.0053278166690328525
6.232,1,-3.996902202224033,3.0022242070090135,1.201720562759751,0.013876168530437539
6.242,0,-4.002507425994241,-3.0025533544158756,1.20268335967149,0.00582956354428397
6.242,1,-3.996835451308562,3.002328156929644,1.2016622936600843,0.013487719001807539
6.251,0,-4.002501561786755,-3.0025598956759496,1.2026227790423505,0.006364495659183501
6.251,1,-3.996767748263088,3.0024316321864086,1.2016137975502377,0.013124906046190854
6.261,0,-4.002496746923519,-3.0025663546986285,1.2025567258210614,0.006882011043245401
6.261,1,-3.9966993002900155,3.002534507793309,1.2015750479718428,0.012824149731616212
6.272,0,-4.002492739028357,-3.0025729345367256,1.2024857380224991,0.007345196696836636
6.272,1,-3.996630313446238,3.0026366605363197,1.2015448946361242,0.012591557357152674
6.281,0,-4.002489301518874,-3.002579836870483,1.2024103163453645,0.007770065631482378
6.282,1,-3.996560997147429,3.002737965110981,1.2015222579586602,0.012399599446958119
6.292,0,-4.002486210921283,-3.0025872635119564,1.2023308184381434,0.008167092420814733
6.292,1,-3.996491569997279,3.002838290669292,1.2015063506398256,0.012230187608638882
6.301,1,-3.9964222633639674,3.002937498947246,1.2014966016675017,0.012071279149746412
6.301,0,-4.00248326211546,-3.002595417195075,1.2022475136110675,0.0085432651392191
6.311,0,-4.0024802717462284,-3.0026045021716046,1.202161134199122,0.008765824394686931
6.311,1,-3.99635332261516,3.003035444151226,1.2014920669037334,0.01191746509101322
6.321,0,-4.002477079756125,-3.0026147209207896,1.2020741243590327,0.008736754008168555
6.321,1,-3.9962850054604506,3.003131976319072,1.2014901807773863,0.01175091927169522
6.331,0,-4.0024735502554885,-3.0026262574370146,1.2019885791775051,0.008539138449000441
6.331,1,-3.9962175793810215,3.0032269445788398,1.2014887732560398,0.011559624159679942
6.341,1,-3.996151318787757,3.003320202148455,1.2014863694275693,0.011343462003223366
6.341,0,-4.002469572143813,-3.0026392623225164,1.2019059235947123,0.00823120640171061
6.351,0,-4.0024650592408,-3.0026538434107968,1.2018271029695673,0.007855487880938213
6.351,1,-3.9960865021830787,3.0034116105056055,1.2014819607253466,0.011106297770202559
6.361,0,-4.0024599498773386,-3.0026700605904146,1.2017527326969573,0.007439899281796639
6.361,1,-3.996023409428088,3.0035010423176103,1.2014748693415842,0.010852878001862461
6.372,0,-4.002454206106476,-3.0026879235280317,1.2016829854717745,0.007062375293117515
6.372,1,-3.9959623195879885,3.0035883831131254,1.2014648307268,0.010582659108633746
6.381,0,-4.00244781218159,-3.002707392113826,1.2016171016369177,0.006779199162643424
6.381,1,-3.9959035106039766,3.0036735318572516,1.2014523261561876,0.010290786204749732
6.391,0,-4.002440770220609,-3.0027283831854215,1.2015543462052771,0.006561514662606309
6.392,1,-3.9958472588136824,3.0037564036790663,1.2014378370488905,0.00997815488067545
6.401,0,-4.00243309623117,-3.0027507768515695,1.2014942049095947,0.006389065196307486
6.401,1,-3.995793839460554,3.0038369309886352,1.2014217107256107,0.009646807572443024
6.411,0,-4.00242481709491,-3.0027744219449737,1.2014362978255169,0.006248622396755096
6.411,1,-3.9957435267083463,3.0039150635591967,1.2014041868045993,0.009299754013102469
6.421,0,-4.002415968129264,-3.002799141240784,1.2013803403668197,0.0061285485517395336
6.421,1,-3.995696593057151,3.0039907679730264,1.201385428945625,0.008940290741706691
6.431,0,-4.002406591055204,-3.0028247362756884,1.2013259584235236,0.006059959634119958
6.431,1,-3.9956533090032473,3.0040640263493037,1.2013657215770055,0.008560757977348194
6.441,0,-4.002396729598205,-3.0028509948678614,1.2012722598238212,0.006065930699752835
6.441,1,-3.995613943678668,3.0041348346369845,1.201346073294305,0.00814933537253096
6.451,0,-4.0023864189873795,-3.0028777057999405,1.2012184792542522,0.0061204493344758255
6.451,1,-3.9955787584540214,3.004203205823888,1.2013274000009715,0.007718036879587744
6.461,0,-4.002375676440211,-3.002904671625577,1.2011640871978493,0.006205521857643728
6.461,1,-3.9955480022993717,3.0042691715922634,1.2013103091472,0.007279419577901449
6.472,0,-4.002364494898611,-3.002931717285009,1.201108728230035,0.006310523751737214
6.472,1,-3.9955219092018606,3.004332782352638,1.2012952049010428,0.006846345815317363
6.481,0,-4.002352839273011,-3.0029586954380174,1.2010523604354313,0.006381360957308327
6.481,1,-3.9955006952019243,3.004394107159927,1.2012821554114197,0.006442502949372207
6.491,0,-4.002340646630834,-3.0029854890539185,1.2009957115816363,0.006377161039394717
6.491,1,-3.995484550696124,3.004453235881731,1.2012702666877932,0.006091213324454497
6.502,0,-4.002327833146593,-3.003012012067819,1.2009394463947638,0.006323772300912626
6.502,1,-3.9954736341783574,3.00451028199615,1.2012586512502392,0.005798008588787588
6.511,1,-3.995468063376224,3.0045653870351394,1.2012466974730327,0.005572965868706259
6.5120000000000005,0,-4.002314301533824,-3.003038208881531,1.2008840000621586,0.006240864896616533
6.521,0,-4.002299946756539,-3.003064053066236,1.200829645625914,0.006142190618804187
6.521,1,-3.9954679087994176,3.00461872347995,1.201233981311132,0.005426345781915767
6.531,0,-4.002284660421412,-3.0030895454976227,1.200776557006573,0.006036805341687396
6.531,1,-3.995473190799234,3.0046704955489907,1.201220220906605,0.0053650350303823926
6.541,0,-4.002268334186735,-3.0031147119755155,1.2007249397469217,0.005909338033328778
6.541,1,-3.9954838830859165,3.0047209373211468,1.2012059645063802,0.00533792125965789
6.552,0,-4.002250864639388,-3.0031395976940027,1.200675278153397,0.005749568353588623
6.552,1,-3.9954999237609,3.0047703039914753,1.2011942744664135,0.005319990318485118
6.561,0,-4.002232163534184,-3.003164255739392,1.2006279644284423,0.005574353955584711
6.561,1,-3.995521203076705,3.004818856786322,1.2011878045585902,0.00538365267599231
6.571,0,-4.002212166894305,-3.0031887361685095,1.2005832585749248,0.005395014574617157
6.571,1,-3.995547565665676,3.004866844100996,1.2011883245647654,0.005584584639166702
6.582,0,-4.002190840959856,-3.003213078456904,1.2005413133242409,0.005220555017825209
6.582,1,-3.995578816734761,3.0049144872621865,1.2011969802337894,0.005943555624388653
6.591,0,-4.0021681855288636,-3.0032373066636495,1.200502205604697,0.0050548481472025165
6.591,1,-3.995614727599746,3.004961971104498,1.2012144821719901,0.006448849846403922
6.601,0,-4.002144235618007,-3.003261426761441,1.200465625032599,0.004960528651272192
6.601,1,-3.9956550395217647,3.0050094383228414,1.2012409432721662,0.007031052753558748
6.609,0,-4.002119060565143,-3.0032854271156095,1.200430390566027,0.0049537574185945284
6.609,1,-3.9956994659103975,3.0050569873440147,1.2012748137665024,0.007581429132527112
6.62,0,-4.002092757989756,-3.0033092824385834,1.2003955358029015,0.00499969888088964
6.62,1,-3.9957477118708224,3.0051046747217947,1.2013145184454002,0.00808221441754396
6.63,0,-4.002065448951407,-3.003332957872505,1.2003604122348053,0.005076172593949651
6.63,1,-3.995799487904112,3.005152519086516,1.2013589687308013,0.008534086861260544
6.6370000000000005,0,-4.002037274114347,-3.0033564121586096,1.2003245706046035,0.005170437986738175
6.6370000000000005,1,-3.995854517295397,3.0052005045848493,1.2014073808409798,0.008939453511258836
6.65,0,-4.002008389782373,-3.003379600332196,1.200287701182473,0.005272525569750195
6.65,1,-3.9959125413384755,3.0052485843382613,1.2014591548126243,0.009303867926990738
6.661,0,-4.001978963966051,-3.003402475745735,1.2002499294501718,0.0053086455843194946
6.661,1,-3.995973323095827,3.005296684279728,1.2015138601082707,0.009631916386126418
6.671,1,-3.996036647401056,3.0053447085976384,1.2015711236271358,0.009924889965384626
6.672,0,-4.001949172216177,-3.003424989758422,1.200212939901671,0.005194767130507119
6.681,0,-4.001919193859355,-3.0034470881438278,1.2001783450999937,0.004980812147832697
6.681,1,-3.9961023134045353,3.005392550953171,1.2016306439723878,0.010187421605919738
6.691,0,-4.001889207507085,-3.0034687067919856,1.2001472196981886,0.004705510296833472
6.691,1,-3.9961701253073514,3.005440106500579,1.2016921983377185,0.010423962060101093
6.698,0,-4.00185938725872,-3.0034897688196347,1.2001202837147569,0.004397912281589234
6.698,1,-3.9962398858284414,3.0054872807598314,1.2017556362081725,0.010638049000835995
6.711,0,-4.001829899967708,-3.003510183062743,1.2000979991016478,0.004081468892853457
6.711,1,-3.9963113921016427,3.005533995827952,1.2018208448750993,0.010831383779016912
6.721,0,-4.001800903257376,-3.0035298438532987,1.2000804009714623,0.0038076666084348987
6.721,1,-3.996384433236546,3.005580194505627,1.2018874967106103,0.010967004401289178
6.731,0,-4.00177254271457,-3.003548636335533,1.2000658185000859,0.0036246435291234108
6.731,1,-3.9964587910270684,3.0056258403146376,1.2019544986654056,0.011017929242615831
6.741,0,-4.001744948622865,-3.00356645237583,1.2000524276212303,0.003488912457446112
6.741,1,-3.9965342479974146,3.0056709099973413,1.2020209130404373,0.011007304795792636
6.751,0,-4.001718232452825,-3.00358320885812,1.2000389701130976,0.003384077713539661
6.751,1,-3.9966105939852117,3.005715385722207,1.2020860939249305,0.010951511653844486
6.7620000000000005,0,-4.0016924841391885,-3.0035988605858717,1.2000245832288066,0.0033072137575169023
6.7620000000000005,1,-3.9966876305571217,3.0057592494498526,1.202149604119418,0.010863393610922973
6.771,0,-4.0016677705467885,-3.0036134079702514,1.2000086993865753,0.0032604894104300156
6.771,1,-3.9967651740216548,3.0058024790555082,1.2022111668254725,0.010751870432069871
6.781,0,-4.001644134730359,-3.003626900747299,1.1999908325543218,0.003266107946520843
6.781,1,-3.996843057254012,3.005845045936085,1.2022705892230945,0.010620724519168146
6.791,0,-4.00162159770851,-3.0036394358744585,1.1999701205133164,0.003356815289296107
6.791,1,-3.996921131488027,3.0058869162322126,1.2023277079261492,0.01047429264398349
6.801,0,-4.001600167570135,-3.0036511442131055,1.199945849713668,0.0035277707598650376
6.801,1,-3.9969992693322856,3.00592805813483,1.2023824355102728,0.010318572891498538
6.811,1,-3.99707736720361,3.0059684492761365,1.2024347303644298,0.010157449882679194
6.812,0,-4.00157984889903,-3.0036621759899793,1.1999175587760837,0.0037689503248412803
6.821,0,-4.00156064952208,-3.003672689712613,1.1998849546683965,0.004065746752363988
6.821,1,-3.997155346520968,3.0060080816283135,1.202484578024883,0.009995153135454186
6.831,0,-4.001542585223019,-3.0036828439650014,1.199847879735928,0.004402775134840507
6.831,1,-3.9972331539580095,3.0060469644103103,1.2025320002448687,0.009835698250935535
6.8420000000000005,0,-4.001525682544625,-3.00369279148624,1.199806104061447,0.0048143144938036465
6.8420000000000005,1,-3.997310760924722,3.0060851254463445,1.202577046820292,0.009684131112724134
6.85,1,-3.9973881596426217,3.0061226094854283,1.2026198779699924,0.009546907403246358
6.851,0,-4.001509976862035,-3.0037026740074118,1.199758456075581,0.005379788693637399
6.861,0,-4.00149550296579,-3.0037126150701448,1.1997037654887788,0.006057205385087735
6.861,1,-3.9974653494390093,3.006159469880024,1.2026606895940741,0.009422914406411426
6.871,0,-4.001482283117685,-3.003722713738041,1.1996412842996331,0.006810378080053686
6.871,1,-3.997542321158607,3.006195758910286,1.202699653256372,0.00930865532927067
6.881,0,-4.001470318491135,-3.0037330406338736,1.1995705433475505,0.007613647476877114
6.881,1,-3.997619046054804,3.0062315209177077,1.2027369088748199,0.009200108614640838
6.891,0,-4.001459585237999,-3.0037436364219627,1.19949220734268,0.008222250105119844
6.891,1,-3.9976954687559365,3.006266787887798,1.202772578319714,0.009093523294274816
6.901,0,-4.001450033546103,-3.0037545190759993,1.199409331827293,0.008532571406913351
6.901,1,-3.9977715049868596,3.0063015762235796,1.2028067785473118,0.008984816653106952
6.911,0,-4.0014415834480985,-3.003765702867175,1.1993244356790707,0.008638514678557509
6.911,1,-3.997847045096498,3.0063358836581826,1.2028395962694491,0.00886952509859196
6.921,0,-4.001434125272751,-3.0037772165032433,1.19923923727129,0.008605115101192901
6.921,1,-3.9979219590334996,3.006369687252916,1.2028710927661717,0.00874445955658441
6.931,1,-3.997996100653947,3.0064029425940104,1.2029013260817154,0.008607163946401292
6.932,0,-4.001427521516489,-3.003789115516479,1.1991549177472518,0.008477362366004682
6.942,0,-4.001421609023409,-3.0038014898350056,1.1990722726717458,0.008288748963770467
6.942,1,-3.998069311426463,3.006435584065426,1.2029303420629307,0.008455072902624225
6.9510000000000005,0,-4.0014162016575705,-3.0038144675712313,1.1989918987437604,0.008041696388469311
6.9510000000000005,1,-3.9981414241753637,3.0064675263088714,1.202958036121722,0.008274431198356857
6.961,0,-4.001411093046703,-3.0038282143883612,1.1989145382184583,0.007729096842411389
6.961,1,-3.99821227016235,3.0064986697123515,1.2029838337812082,0.008057607046868757
6.971,0,-4.001406058565523,-3.0038429252630623,1.1988407753687247,0.007378811570539516
6.971,1,-3.9982816918680872,3.006528912557509,1.20300724252063,0.007815430460549085
6.981,0,-4.001400857685635,-3.003858814621092,1.1987709795222365,0.007011114961628504
6.981,1,-3.9983495552191997,3.006558162734384,1.2030279443588363,0.007557807177375433
6.992,0,-4.0013952366815975,-3.0038761083324066,1.1987053828913368,0.006641630689692218
6.992,1,-3.9984157579780737,3.0065863457166335,1.203045758560946,0.007293719687894351
7.001,1,-3.9984802348704673,3.006613409535448,1.2030605945653263,0.0070306884423189326
7.002,0,-4.001388931673555,-3.0038950372683964,1.198644119299395,0.006284624848833032
7.011,0,-4.00138167198823,-3.0039158317545094,1.198587146922906,0.005975614360643833
7.011,1,-3.998542960853299,3.0066393278129286,1.2030719650544726,0.006759812880463666
7.02,1,-3.998603951248879,3.006664098489092,1.203078348667783,0.006503161611354979
7.022,0,-4.0013731848588225,-3.003938715405495,1.1985341441951565,0.0057319515432464685
7.031,0,-4.001363201645299,-3.0039638982408987,1.1984848314043433,0.005552104490237045
7.031,1,-3.9986632547081804,3.0066877345771927,1.203078557437981,0.006302945739373844
7.041,0,-4.001351463594152,-3.0039915706544087,1.1984389818265204,0.005438344874548394
7.041,1,-3.9987209478921026,3.006710256603258,1.2030718396972926,0.006191405580282496
7.051,0,-4.00133772629249,-3.004021899421853,1.1983963998343095,0.005391314118502073
7.051,1,-3.9987771306102653,3.006731687106848,1.2030577441407706,0.006187876895241365
7.061,0,-4.001321763415712,-3.0040550251533418,1.1983567868286327,0.005434368416827124
7.061,1,-3.9988319210906957,3.0067520466672764,1.2030361515599624,0.006286971523506726
7.072,0,-4.001303371682472,-3.0040910611139178,1.1983195285438246,0.005567994527320008
7.072,1,-3.99888545396507,3.0067713529255893,1.203007348663114,0.006470076208033997
7.081,0,-4.0012823766551575,-3.0041300954147427,1.1982841148055197,0.005770249847603467
7.081,1,-3.998937883135388,3.006789623801906,1.2029716319460688,0.006723820434974408
7.091,1,-3.998989383864802,3.0068068804251955,1.2029292606197493,0.007034993871528442
7.091,0,-4.0012586379241615,-3.004172192856918,1.1982501830978585,0.006023733176456391
7.101,1,-3.9990401531410043,3.0068231490421886,1.2028804802693152,0.0073915376896503725
7.101,0,-4.001232052206879,-3.0042173967712715,1.1982174702511554,0.006315681178761131
7.111,0,-4.001202554510774,-3.0042657310361323,1.198185771524226,0.006635973670541146
7.111,1,-3.999090408790286,3.006838462145826,1.202825511015335,0.007784542041562945
7.121,0,-4.0011701179991706,-3.004317201771117,1.1981548249531324,0.006988925840977689
7.121,1,-3.9991403872204,3.006852858292064,1.2027651419068677,0.008094948149647714
7.131,1,-3.9991903342135355,3.0068663782642258,1.2027015627867823,0.008263698072713004
7.132,0,-4.001134750990045,-3.00437179403779,1.1981239185564077,0.00738013680136067
7.142,0,-4.001096483363102,-3.004429460932237,1.1980923914554416,0.007791274175035124
7.142,1,-3.999240484322145,3.0068790582245306,1.2026365435431876,0.008333335755779134
7.151,0,-4.001055353481008,-3.0044901112460574,1.198059785396538,0.008208732048328215
7.151,1,-3.999291041365683,3.006890922362717,1.2025712969680886,0.008335467403810845
7.161,0,-4.001011399222089,-3.0045536017772676,1.198025794290761,0.008622891178218427
7.161,1,-3.9993421651447636,3.0069019782221105,1.2025066598172025,0.008293003438665928
7.171,0,-4.000964652175088,-3.0046197337126923,1.197990201488331,0.009027063251628942
7.171,1,-3.9993939632158124,3.0069122144147706,1.2024431937955524,0.00822219587921661
7.181,0,-4.000915134311723,-3.0046882524142027,1.1979528324083837,0.009417690154951005
7.182,1,-3.9994464870993016,3.0069215996003313,1.2023818463965976,0.008017831099996995
7.191,0,-4.000862859515973,-3.0047588536889074,1.1979135010346833,0.009792028252494218
7.191,1,-3.999499733468927,3.006930082013829,1.2023253879767797,0.007614486910306064
7.201,0,-4.000807842330313,-3.0048312007698694,1.197872072559558,0.010146539562231367
7.201,1,-3.9995536474109143,3.0069375931652456,1.2022761540918339,0.0071104810677923725
7.211,0,-4.0007501068045075,-3.0049049416220894,1.1978284523572054,0.010479577369126303
7.211,1,-3.9996081286557805,3.00694405052742,1.2022356809972738,0.006587213451518534
7.221,0,-4.0006896922517745,-3.0049797224761154,1.1977825790960548,0.010789762673717255
7.221,1,-3.999663038219193,3.00694935981635,1.202204958406402,0.006112937143558403
7.231,0,-4.000626656326699,-3.0050551981928466,1.19773451857778,0.011061590820201564
7.231,1,-3.99971820471526,3.006953417769717,1.2021842037084098,0.00578578052549617
7.241,0,-4.000561075811514,-3.0051310395128503,1.1976852170833818,0.011253029406920216
7.241,1,-3.999773433605194,3.0069561174980683,1.2021706935328205,0.005636309166245364
7.251,0,-4.000493054955518,-3.0052069347235486,1.197635795126509,0.011378563531427672
7.251,1,-3.999828528786494,3.0069573472362725,1.2021613778535365,0.005557677865651554
7.261,0,-4.000422733391827,-3.0052825897787145,1.1975870188228057,0.011452345621032882
7.261,1,-3.999883314060016,3.0069569898917754,1.2021541478081368,0.005502863629691233
7.271,0,-4.0003502891222595,-3.005357728816145,1.1975393919804744,0.01148410079901136
7.271,1,-3.999937647689717,3.0069549243577924,1.2021475487342959,0.005457913755556824
7.281,0,-4.000275939007201,-3.0054320946059883,1.1974932347399945,0.011479502502511892
7.281,1,-3.9999914316680987,3.0069510265499666,1.2021405732002262,0.005423149514898952
7.291,0,-4.000199936887692,-3.0055054486771526,1.197448923890722,0.011425960381685194
7.291,1,-4.000044616854959,3.0069451707334593,1.2021323328185207,0.005412363963585518
7.301,1,-4.000097201110263,3.0069372312694007,1.2021216656650513,0.005442296188210979
7.301,0,-4.000122567819104,-3.0055775725172094,1.197407156790499,0.01132205689936812
7.311,0,-4.0000441385860315,-3.005648271730794,1.1973684547504815,0.011179533349996482
7.311,1,-4.0001492182960865,3.0069270827357077,1.2021076871390224,0.005523519299668823
7.321,1,-4.000200727288486,3.006914601121779,1.202089808281153,0.005662238623406901
7.321,0,-3.999964967443682,-3.005717379076823,1.1973331514063799,0.01100647208534161
7.331,0,-3.999885375552422,-3.0057847558047324,1.1973014493291205,0.010809306639354239
7.331,1,-4.00025180335587,3.0068996652618845,1.2020676450802554,0.0058599892291888445
7.342,0,-3.9998056801442328,-3.005850291802689,1.19727345367986,0.010592834901286827
7.342,1,-4.000302531429036,3.006882158178022,1.2020409437892876,0.006114588175913692
7.352,0,-3.9997261891081703,-3.005913905336409,1.1972489826920683,0.010373884999622326
7.352,1,-4.00035300081872,3.006861967534113,1.2020098579106975,0.006377283035463615
7.361,0,-3.9996471958794024,-3.005975543058526,1.197227076833904,0.010160238599166531
7.361,1,-4.000403300359153,3.0068389892517775,1.2019756785510043,0.006597712477084794
7.371,0,-3.9995689743975236,-3.00603517755513,1.1972068723701421,0.009943625619721768
7.371,1,-4.00045351321102,3.00681314639486,1.2019395570230158,0.006787454741964072
7.381,0,-3.9994917752962147,-3.00609280575447,1.1971877605218282,0.00972034021522216
7.381,1,-4.0005037124991665,3.006784404273705,1.2019022872376743,0.006955980883164882
7.391,1,-4.000553958588149,3.006752779146586,1.2018644299062125,0.0071099339220166485
7.392,0,-3.999415823372817,-3.0061484472863556,1.197169321662517,0.009489811398282779
7.4,0,-3.999341316137017,-3.0062021425105825,1.197151250041183,0.009253149751332014
7.4,1,-4.00060429781498,3.00671834273434,1.2018263681504089,0.007253379811011913
7.411,0,-3.9992684230453603,-3.0062539504029737,1.1971332085165878,0.009018064213337392
7.411,1,-4.000654762264301,3.006681223847839,1.201788205398729,0.007410304025687858
7.422,0,-3.9991972829040416,-3.0063039472616646,1.1971145484820853,0.00879267230801122
7.422,1,-4.000705369464003,3.0066416079332674,1.2017492465814463,0.007606142666359216
7.431,0,-3.9991279983455663,-3.0063522254474817,1.1970947356491113,0.008579113685709057
7.431,1,-4.000756120952868,3.006599729216139,1.2017088008872778,0.007821832355078258
7.442,0,-3.999060630590076,-3.006398892718859,1.1970733982992614,0.008381079723804608
7.442,1,-4.000807000964734,3.006555863192873,1.2016664055916728,0.008044021754823544
7.451,0,-3.998995196673094,-3.0064440711056943,1.1970502782251777,0.00820255764692373
7.451,1,-4.000857976043604,3.0065103201184056,1.2016217567751835,0.008262345834505976
7.46,1,-4.000908995371636,3.0064634386952753,1.2015746742419453,0.008469174349372154
7.461,0,-3.9989316689561227,-3.006487895306259,1.19702520742315,0.008047273388749113
7.471,0,-3.9988699760564343,-3.0065305109657046,1.1969978148935634,0.007946098047578723
7.471,1,-4.000959991665047,3.006415579744057,1.2015253417374208,0.00860996435031984
7.482,0,-3.998810005682394,-3.006572071093594,1.1969665668970733,0.007948302086306251
7.482,1,-4.001010882514772,3.0063671173981934,1.2014753608645286,0.00861710771197852
7.491,0,-3.998751617254956,-3.0066127239695755,1.1969300542155297,0.008055737685973697
7.491,1,-4.0010615723263285,3.006318425895181,1.201426284681639,0.00852318654705149
7.502,0,-3.9986946533670507,-3.0066526025734217,1.1968873317836897,0.008266083829372512
7.502,1,-4.001111954360629,3.006269864668808,1.2013791691381124,0.008355295317951879
7.511,0,-3.998638948258231,-3.006691817969362,1.1968377738685978,0.00857078149156732
7.511,1,-4.001161912440979,3.006221767139097,1.201334725871338,0.008133175425099398
7.522,0,-3.998584335878821,-3.0067304547428066,1.1967820413405692,0.008786763746054171
7.522,1,-4.001211323019977,3.0061744323906363,1.2012926846799088,0.00796538680599081
7.531,0,-3.998530661031035,-3.0067685663025006,1.196723480197326,0.008804883092643965
7.532,1,-4.001260059889658,3.00612811582097,1.2012508130184825,0.007896424030330602
7.541,1,-4.001308000502398,3.006083020042134,1.2012072693551652,0.007898128609958173
7.541,0,-3.9984777927903514,-3.006806170482424,1.196664841485493,0.008678081346236478
7.551,0,-3.9984256391491053,-3.006843245369465,1.196607989549296,0.00845042423242986
7.551,1,-4.001355031878384,3.0060392876495126,1.2011608286217161,0.007956943469415253
7.562,0,-3.998374156687334,-3.0068797279548347,1.1965541874116175,0.008155045935879204
7.562,1,-4.001401054559141,3.0059969975739524,1.201110702122957,0.00806583340158485
7.571,0,-3.9983233557974467,-3.0069155152040206,1.1965042683748035,0.007815496987095473
7.571,1,-4.001445984824668,3.005956164358147,1.201056386986034,0.008220540950795953
7.581,0,-3.998273302031067,-3.006950467193055,1.1964582274879425,0.007523559471341652
7.581,1,-4.001489754805209,3.0059167407208878,1.200998156269552,0.008314704552007866
7.591,0,-3.998224110869178,-3.006984412252827,1.1964145831569384,0.007308582145494113
7.591,1,-4.0015323091542525,3.005878628398694,1.200937810909937,0.008290774334442178
7.601,0,-3.9981759366767253,-3.00701715142511,1.1963720577546826,0.007137364671961118
7.601,1,-4.001573600663657,3.0058416972491604,1.20087685973347,0.008181552073657835
7.611,0,-3.9981289607510084,-3.007048463940435,1.1963297594899358,0.006988956278787596
7.611,1,-4.001613584832833,3.0058058057081163,1.200816343549855,0.008012532812561972
7.621,0,-3.998083381444242,-3.007078112446342,1.1962870789115778,0.006851190397090083
7.621,1,-4.001652215969533,3.005770816356984,1.200756985242426,0.007801503751619349
7.632,0,-3.9980394063135267,-3.007105847469564,1.1962436017493698,0.006718249034873953
7.632,1,-4.001689444715951,3.005736606854406,1.2006992934447,0.0075608066373865825
7.641,0,-3.997997246659021,-3.007131410517141,1.1961994979167332,0.006504978826771258
7.641,1,-4.001725216559789,3.0057030772838402,1.2006437638848113,0.007270848884748632
7.651,0,-3.9979571131896825,-3.007154536507768,1.1961565776317706,0.006139999790790017
7.651,1,-4.001759469745091,3.0056701511686987,1.2005912694787708,0.006916832377418281
7.661,0,-3.9979192036612843,-3.007174965529482,1.19611644344825,0.005666138264577273
7.661,1,-4.001792132485215,3.005637766144444,1.2005425262033858,0.006521786569481602
7.671,0,-3.9978836938838667,-3.0071924511682795,1.1960801596453512,0.005118651959475048
7.671,1,-4.0018231199400685,3.0056058641284142,1.2004980054655525,0.006103931816334803
7.681,0,-3.9978507322360626,-3.0072067656026467,1.1960484132975853,0.004526087813774519
7.681,1,-4.001852332448553,3.0055743844214997,1.2004580090411252,0.005676263289733108
7.69,0,-3.997820436308687,-3.0072177028930156,1.196021638738999,0.003912403277558926
7.69,1,-4.001879655019694,3.005543259089016,1.2004227290469613,0.005249902440464304
7.7010000000000005,0,-3.9977928902468163,-3.00722508218613,1.1959997746889688,0.003352203627253328
7.7010000000000005,1,-4.001904958183074,3.005512410208609,1.2003920958949263,0.004862623601942541
7.711,1,-4.001928100753872,3.005481749190036,1.2003653966154577,0.004536056065205354
7.712,0,-3.9977681399242857,-3.00722875245381,1.1959815872249502,0.002899167082295002
7.721,0,-3.99774618987866,-3.0072285909353584,1.1959659565106402,0.002547499484474776
7.721,1,-4.001948932150835,3.0054511785792943,1.200341996814238,0.0042546945510123155
7.731,0,-3.9977269985769057,-3.0072245042703023,1.1959520900897394,0.002308690461309409
7.731,1,-4.001967296031659,3.005420594281037,1.2003214449798012,0.004011317072175323
7.74,0,-3.9977104756813295,-3.007216429376767,1.195939415137465,0.002200081217663252
7.74,1,-4.001983033758553,3.0053898876547915,1.2003034130455326,0.0038036442734748293
7.751,0,-3.9976964818643475,-3.007204333100634,1.1959275136693635,0.0022263205263644906
7.751,1,-4.001995987292997,3.005358947383011,1.2002876711213335,0.0036325782400617387
7.761,1,-4.002006003958725,3.0053276612913455,1.2002733407866402,0.003569042508450807
7.7620000000000005,0,-3.997684830400206,-3.007188211789742,1.1959158897078057,0.0023992497181387026
7.771,1,-4.002012943127813,3.005295916720742,1.2002578703040538,0.003646785125483222
7.772,0,-3.9976752899157475,-3.007168093066917,1.1959032021721878,0.0027175009642455253
7.781,0,-3.997667594550652,-3.007144031522835,1.1958882261957609,0.0031294182870684347
7.781,1,-4.002016674539774,3.0052635965306025,1.2002392120006793,0.0038601062460398494
7.791,0,-3.9976614526829137,-3.0071161072792214,1.1958701212026444,0.0036010216080070634
7.791,1,-4.002017081396682,3.0052305758811544,1.2002159946701476,0.0042050464527141835
7.801,0,-3.99765655365104,-3.007084425442972,1.1958483011969878,0.0041096829702628145
7.801,1,-4.002014063255876,3.0051967206112833,1.2001873026876504,0.004667116814282847
7.812,0,-3.9976525737139537,-3.0070491146623985,1.1958223960745746,0.004628523882372251
7.812,1,-4.002007537272869,3.0051618866107943,1.2001526483225478,0.005199755238839857
7.82,0,-3.997649181741883,-3.0070103220244544,1.1957929883891805,0.005073248421917597
7.82,1,-4.001997439283695,3.005125920902074,1.2001123063070145,0.005745645340804937
7.828,0,-3.9976460448938336,-3.006968207069486,1.1957612212092166,0.005448819161097295
7.828,1,-4.001983732802203,3.005088668021026,1.2000666648422604,0.006299016976910248
7.841,0,-3.997642835390916,-3.0069229341622647,1.1957278812387968,0.005775052506352719
7.841,1,-4.001966416246586,3.0050499764974776,1.2000160120564267,0.006856552262132153
7.851,0,-3.9976392368380136,-3.0068746635895165,1.1956934919352205,0.00606661988370174
7.851,1,-4.001945526453156,3.0050097033438186,1.199960581941406,0.007413995888713175
7.861,0,-3.997634949002765,-3.006823545432866,1.1956583935722414,0.006334909876513151
7.861,1,-4.001921139901922,3.0049677171698486,1.1999005748145892,0.00796853799288543
7.871,0,-3.997629691831954,-3.0067697161495506,1.1956226324824586,0.0066113896560333115
7.871,1,-4.001893371461609,3.0049238999805468,1.1998363394130505,0.008479480193348415
7.881,0,-3.9976232154496705,-3.0067132993251855,1.1955856407931789,0.006916465199084552
7.881,1,-4.001862371328997,3.004878150147041,1.1997688330234744,0.008915054021911107
7.891,0,-3.9976153218009114,-3.0066544093207765,1.1955469069615505,0.007239105479780496
7.891,1,-4.001828325984958,3.0048303926291733,1.1996988862303803,0.009295862544217512
7.901,0,-3.997605884386466,-3.0065931574264204,1.1955060727198148,0.007572603244167571
7.901,1,-4.001791456441399,3.004780587094062,1.199627064401109,0.009636431821642102
7.911,1,-4.00175201500551,3.0047287322180565,1.1995537480787672,0.00994403979262134
7.911,0,-3.9975948600569184,-3.006529656950073,1.195462886031061,0.007910335905152223
7.921,0,-3.9975822945051984,-3.006464026826829,1.1954171851482716,0.008246699431797443
7.921,1,-4.001710281603858,3.004674867425887,1.199479205485016,0.010222421206176526
7.931,0,-3.9975683220606943,-3.0063963931203577,1.1953693949006348,0.008495832336154564
7.931,1,-4.001666559455155,3.0046190720878463,1.1994038659635906,0.010429475920811226
7.941,0,-3.9975531535872775,-3.0063268868339246,1.1953217857191383,0.008595274562085482
7.941,1,-4.001621167938946,3.004561460222332,1.1993287065865612,0.01054984859534767
7.9510000000000005,0,-3.997537050569917,-3.0062556445458273,1.1952763399197743,0.008598192096697717
7.9510000000000005,1,-4.001574433106719,3.004502171866991,1.1992545085246846,0.010606268438998675
7.961,0,-3.9975202957399802,-3.006182804231243,1.1952343728210733,0.008546128089201757
7.961,1,-4.001526677345586,3.0044413633810865,1.1991817891543994,0.010615215758136157
7.972,0,-3.9975031702385735,-3.0061085007632764,1.195196737062329,0.008468257879142621
7.972,1,-4.001478211290058,3.0043791997008262,1.1991108800340924,0.010587648950897475
7.981,0,-3.997485937375997,-3.006032861839642,1.1951642619064387,0.008358196045816248
7.981,1,-4.001429328100968,3.004315849263425,1.1990413827113944,0.010636752128365217
7.991,0,-3.997468836297163,-3.00595600157478,1.195138502348237,0.008231329782526149
7.991,1,-4.001380298620806,3.004251482750803,1.1989707440098785,0.0108456197502436
8.002,0,-3.997452089205688,-3.00587801156909,1.195120691013514,0.008140992852664805
8.002,1,-4.001331365436124,3.004186271766741,1.1988967204751166,0.011162189754585211
8.011,0,-3.9974359105224737,-3.005798951864442,1.1951116081068656,0.008125193180518494
8.011,1,-4.001282740077365,3.0041203913035073,1.1988177996255573,0.011554934166396183
8.022,0,-3.9974205134412566,-3.0057188452627943,1.1951117251624832,0.00820755966317182
8.022,1,-4.0012346018474005,3.004054021903721,1.1987329832229214,0.012002630245946897
8.032,0,-3.997406114421369,-3.0056376748416,1.195121294206161,0.008398609498121202
8.032,1,-4.001187097724095,3.0039873507549073,1.1986416172668555,0.012491018906678482
8.041,0,-3.9973929350623947,-3.005555384771227,1.195139681785213,0.008647488306627413
8.041,1,-4.001140343272913,3.0039205719268716,1.198543529713086,0.012957735659192364
8.051,0,-3.997381199686521,-3.00547188657182,1.1951637156760246,0.008860214676038767
8.051,1,-4.001094423469402,3.0038538860220294,1.1984395432372141,0.013351655128949508
8.061,0,-3.9973711358202406,-3.005387065752159,1.1951905925892392,0.009025608957033521
8.061,1,-4.001049390639193,3.0037874993571405,1.1983304406792705,0.013691490222972795
8.071,0,-3.9973629718935215,-3.005300791301512,1.1952183565842633,0.009157286021233274
8.071,1,-4.001005263512255,3.003721622501432,1.198216775965488,0.013991019533416596
8.08,0,-3.9973569343295376,-3.005212923972534,1.1952456674076823,0.009272914328509442
8.08,1,-4.000962027897553,3.003656468720871,1.198098954904314,0.014259809821659811
8.091,1,-4.000919638250127,3.0035922524417265,1.1979772788562253,0.014505820676411582
8.092,0,-3.997353244948264,-3.0051233225794305,1.1952716028011698,0.009388034436805042
8.101,0,-3.9973521200412416,-3.00503184783703,1.1952960368778252,0.009548488327220965
8.101,1,-4.000878020749308,3.003529188911351,1.197853080936545,0.014502739187035962
8.111,0,-3.9973537712207237,-3.0049383642905068,1.1953207639326935,0.009781820627896906
8.111,1,-4.000837076089102,3.0034674914170787,1.1977303114793383,0.0141597252110165
8.121,1,-4.000796677467225,3.0034073561338452,1.1976121549136047,0.013586843777640937
8.122,0,-3.9973583959299765,-3.0048427500010044,1.1953474164325775,0.010072141936699407
8.131,1,-4.000756671466624,3.0033489510072973,1.1975007476341673,0.012866276885604763
8.131,0,-3.997366172164314,-3.0047449022041555,1.1953770732477094,0.010410307907671898
8.141,0,-3.9973772559969754,-3.0046447399539207,1.1954104273146062,0.010789441730888638
8.142,1,-4.000716880141943,3.0032924091375346,1.197397495757313,0.012057409501427516
8.152,0,-3.997391777889165,-3.0045422068444307,1.195447328516543,0.011148119143152684
8.152,1,-4.000677103826434,3.0032378250520706,1.1973031918255579,0.01123032618241086
8.161,1,-4.000637128722329,3.003185256373336,1.197217860772782,0.01043717331681932
8.161,0,-3.9974098310741253,-3.0044372775045596,1.1954854459690645,0.011431806121442116
8.171,0,-3.9974314626111775,-3.0043299589672596,1.1955226740876272,0.011666410743735508
8.172,1,-4.000596743863079,3.0031347359676257,1.1971413483019042,0.009684589980126872
8.181,0,-3.9974566595526717,-3.0042202954139086,1.1955575698700815,0.011872714006757362
8.181,1,-4.000555757197019,3.003086283641049,1.1970734963889003,0.008977828867305535
8.191,0,-3.997485339281975,-3.0041083711976766,1.1955891476487799,0.012063708141347634
8.191,1,-4.000514006696282,3.003039914214275,1.1970141448813039,0.008323172859492741
8.201,0,-3.997517344950702,-3.0039943111769936,1.1956167245312577,0.012245401133410142
8.201,1,-4.000471367614626,3.002995642926341,1.1969631154318576,0.007728216936474748
8.211,0,-3.997552445969077,-3.0038782784701303,1.195640062413306,0.012431292660828415
8.212,1,-4.000427757257704,3.0029534874380177,1.1969195217284059,0.007301593571400469
8.222,0,-3.9975903470121583,-3.0037604686032813,1.195660160920097,0.012625120687369052
8.222,1,-4.000383135028965,3.002913466003514,1.1968801469469568,0.007091264368208348
8.228,0,-3.9976307029310765,-3.003641103630345,1.1956780447472015,0.012807085950266542
8.228,1,-4.000337489135961,3.0028756030704464,1.1968421991062979,0.007016547668129097
8.242,0,-3.9976731386814364,-3.003520423775199,1.1956944018502127,0.01296586067611573
8.242,1,-4.000290825003048,3.0028399296269135,1.1968037564079235,0.00703543382082578
8.251,0,-3.9977172664296643,-3.003398679984218,1.1957097020789202,0.01309517327997997
8.251,1,-4.000243157226866,3.0028064820938547,1.196763508160612,0.007124741101602608
8.261,0,-3.9977626989032142,-3.0032761280545817,1.19572424999685,0.013191554400247463
8.261,1,-4.000194503658059,3.002775301304064,1.1967205527074551,0.007271547575155261
8.271,0,-3.997809060047231,-3.0031530237754347,1.1957386979764673,0.013267171633537139
8.271,1,-4.000144880627284,3.002746432662184,1.196674760733814,0.00738342717207804
8.281,1,-4.0000942997311055,3.002719925799974,1.1966278538490174,0.007382108885828433
8.282,0,-3.9978559933287476,-3.0030296197916284,1.1957551827314692,0.01333598029021412
8.292,0,-3.997903166235198,-3.0029061661571776,1.1957754852814102,0.013400382579239796
8.292,1,-4.00004277065891,3.002695822214316,1.1965814036711513,0.007305288168368294
8.301,0,-3.9979502753256617,-3.002782909829333,1.1958007495309573,0.013465141682588366
8.301,1,-3.9999903027708195,3.0026741470031917,1.196536457536376,0.007184134133416297
8.311,0,-3.99799704970545,-3.0026600939561976,1.195831695055302,0.013534153145282276
8.311,1,-3.9999369056791445,3.0026549044494093,1.1964937047215058,0.007041003047158606
8.321,1,-3.999882589682563,3.0026380754818818,1.1964535575255475,0.006897909118331186
8.322,0,-3.9980432522604015,-3.00253795770017,1.1958693223523515,0.01365108356498785
8.331,1,-3.999827367506637,3.0026236167259346,1.1964161571084904,0.006768070854218314
8.331,0,-3.9980886753445106,-3.0024167366840917,1.1959158098911953,0.01385881446344563
8.341,1,-3.9997712581603353,3.002611461395974,1.1963815494424872,0.006654633133096698
8.342,0,-3.99813313108755,-3.0022966615702598,1.195972811757594,0.014165048187739284
8.351,1,-3.9997142902653255,3.002601520679783,1.1963497444609739,0.00655901303088707
8.352,0,-3.998176441886434,-3.0021779569735427,1.1960413631016742,0.014568896833337336
8.361,0,-3.9982184335161057,-3.0020608405540137,1.1961220643837873,0.01506245732499184
8.361,1,-3.9996565039881666,3.0025936854290083,1.1963207152292006,0.006481372825234575
8.372,0,-3.9982589314874892,-3.0019455211807946,1.1962147049671286,0.015548670982807069
8.372,1,-3.9995979520052902,3.0025878278691556,1.1962942751416035,0.006433955648043239
8.381,0,-3.9982977650736164,-3.0018321935013037,1.1963171644589612,0.015927984963016048
8.381,1,-3.999538700564581,3.0025838027715097,1.1962697848756716,0.006420301809307292
8.391,0,-3.9983347770065296,-3.001721033975131,1.1964274885895425,0.016218181888050964
8.391,1,-3.9994788309014146,3.002581449307208,1.1962466677209367,0.0064260641305786195
8.402,0,-3.998369835306783,-3.001612195405047,1.1965442726520952,0.01644042289234725
8.402,1,-3.999418440399945,3.0025805920749424,1.196224503668022,0.006440582698910803
8.411,0,-3.9984028418112043,-3.001505803121928,1.1966665053877579,0.01661254973550527
8.411,1,-3.9993576427152795,3.0025810423668733,1.1962029948583592,0.006456090683954771
8.421,0,-3.998433737276583,-3.001401953180502,1.1967934486402483,0.016749240264191806
8.421,1,-3.999296567057258,3.0025825998649562,1.196181927164653,0.0064670500625141234
8.43,0,-3.9984625039693116,-3.001300711958553,1.196924511388739,0.01685023381552606
8.43,1,-3.9992353568533945,3.002585054646141,1.1961612321218658,0.006458227350654754
8.441,0,-3.998489166027569,-3.001202115865994,1.1970588502918504,0.016889313000903114
8.441,1,-3.9991741672143295,3.00258819123976,1.1961417596790676,0.006398849659039817
8.452,0,-3.9985137826045265,-3.001106172979033,1.197195643455379,0.01688360438240138
8.452,1,-3.999113158736322,3.002591798148728,1.196124560329975,0.006304994456499175
8.462,0,-3.998536438706537,-3.0010128648726,1.1973342911626192,0.016846435205436522
8.462,1,-3.9990524899517825,3.002595679905982,1.196110322203395,0.006193205013658988
8.471,0,-3.998557238006273,-3.0009221482114112,1.1974743448957839,0.016788975254875042
8.471,1,-3.9989923117236232,3.002599666284434,1.1960994709010788,0.006075652551865036
8.482,0,-3.998576297161992,-3.0008339566520794,1.1976153863365009,0.016695651637482337
8.482,1,-3.998932763386825,3.0026036182723193,1.1960922507169471,0.005961701635431001
8.491,1,-3.9988739696589635,3.0026074283073774,1.1960886897680176,0.005857234012027719
8.492,0,-3.9985937437373074,-3.0007482057022923,1.1977566155335138,0.016539934435947624
8.501,0,-3.998609718567355,-3.0006648089167127,1.1978973055387057,0.016340004368526343
8.501,1,-3.998816037136106,3.0026110101281227,1.196088726962988,0.005764582793474963
8.512,0,-3.9986243793648018,-3.0005836935612926,1.1980369441268424,0.016109639087532567
8.512,1,-3.998759051425368,3.0026142869221903,1.1960922836233439,0.0056856501619588495
8.521,0,-3.9986379025326344,-3.0005048110239154,1.1981751721092846,0.015857616780495142
8.521,1,-3.998703075594999,3.0026171827418615,1.1960992768496843,0.005622216602124387
8.531,0,-3.9986504832759944,-3.0004281433813507,1.1983117216073251,0.015587822583810787
8.531,1,-3.998648149477293,3.002619616775467,1.1961096042005774,0.005575352904761674
8.541,1,-3.9985942895590205,3.0026215000209135,1.196122917161861,0.005529653468649685
8.542,0,-3.99866233438314,-3.0003537068391712,1.1984463427148693,0.015292896812105149
8.551,0,-3.998673682136682,-3.000281552057531,1.198578678114395,0.01496612991013329
8.551,1,-3.998541490341823,3.002622735847201,1.1961380808402668,0.005463587936342468
8.561,0,-3.9986847572022017,-3.0002117622022704,1.198708427684351,0.014614096346996617
8.561,1,-3.9984897300118516,3.002623225025851,1.1961541086624419,0.005379926559524782
8.571,0,-3.9986957858219245,-3.000144449415628,1.1988353738507769,0.014242552423295193
8.571,1,-3.998438975446038,3.0026228714685144,1.1961703179067456,0.005284601948789239
8.581,0,-3.998706983341489,-3.0000797507940704,1.1989593696337435,0.013855415697245837
8.581,1,-3.9983891859618286,3.0026215864494072,1.196186248197185,0.0051834636131072274
8.591,0,-3.9987185495484394,-3.0000178241343414,1.1990803049865328,0.013454617723588745
8.591,1,-3.9983403162747253,3.0026192914875742,1.1962015805196524,0.005081059891082927
8.602,0,-3.998730665589351,-2.999958844327115,1.1991982462105633,0.01308218745024673
8.602,1,-3.9982923187962283,3.002615920290485,1.1962159372128234,0.0049697038046001216
8.611,0,-3.998743494390056,-2.999903004091388,1.1993140005812915,0.012790078844390013
8.611,1,-3.9982451476795577,3.0026114193216147,1.196228501025764,0.004847419343794051
8.621,0,-3.998757186182546,-2.9998505179805495,1.1994283473379082,0.012553554379179106
8.621,1,-3.998198768231681,3.0026057449257717,1.1962386015371582,0.004728238408562516
8.631,0,-3.9987718847560023,-2.999801628272178,1.199541800918672,0.012354196017955042
8.631,1,-3.99815316497177,3.0025988605691127,1.1962457858087912,0.004622302200354117
8.64,0,-3.998787731761304,-2.9997566085491116,1.1996546925312972,0.012181099307049753
8.64,1,-3.998108346565921,3.002590734716582,1.1962497536483452,0.004536601965514351
8.651,0,-3.9988048694665244,-2.9997157643615258,1.1997672403156157,0.012028309820875755
8.651,1,-3.998064348440595,3.002581338972486,1.1962504657793733,0.004474171635515322
8.661,0,-3.9988234406804457,-2.9996794284292077,1.1998795659424966,0.011891212394975663
8.661,1,-3.9980212331800926,3.002570645751907,1.196249292794251,0.004418708914182906
8.671,0,-3.9988435816066144,-2.9996479404630927,1.199991734245011,0.011772353022432656
8.671,1,-3.9979790820868373,3.0025586315976027,1.1962479149532357,0.004357241700489725
8.681000000000001,0,-3.998865412633696,-2.999621621800103,1.2001037931144132,0.011675325848511652
8.681000000000001,1,-3.9979379840776033,3.0025452813077362,1.1962474892734016,0.004293034757097054
8.691,0,-3.998889032184707,-2.9996007565288103,1.2002157647641103,0.011603023819468195
8.691,1,-3.997898027652886,3.0025305899182007,1.196248788968716,0.004234061094217045
8.701,1,-3.9978592949824363,3.0025145640851143,1.196252190127459,0.0041841062624480155
8.702,0,-3.9989145133309525,-2.9995855787189445,1.200327637595919,0.011556028801453913
8.711,1,-3.997821858150161,3.00249722394173,1.1962572885253209,0.004135999153573242
8.712,0,-3.9989419032798734,-2.99957626376897,1.2004393684743813,0.011536682742916995
8.721,0,-3.998971225793428,-2.999572922437642,1.2005509188443895,0.011547807487549086
8.721,1,-3.997785780420043,3.0024786044847835,1.1962635924431615,0.004086540497035781
8.731,1,-3.9977511182250365,3.0024587571836348,1.1962707453225825,0.004034473125700499
8.731,0,-3.999002484296496,-2.9995755977838807,1.2006622565300826,0.011590753872316771
8.741,0,-3.999035664941982,-2.9995842650795526,1.2007733657933584,0.011666000813809675
8.741,1,-3.9977179225510877,3.002437750826754,1.1962784930731711,0.0039793224146986534
8.751,0,-3.999070739474757,-2.999598833941109,1.2008842441467835,0.01177117912831522
8.751,1,-3.997686239978262,3.002415671452362,1.196286653437003,0.003920537411094934
8.761,0,-3.99910766768296,-2.9996191506837557,1.2009946459622118,0.011847358276018481
8.761,1,-3.9976561136403013,3.0023926212584806,1.1962952205596957,0.003864807739101621
8.771,0,-3.999146404324968,-2.9996449999320665,1.2011037550993293,0.011872889667104316
8.771,1,-3.9976275833590695,3.0023687148211926,1.196304554274956,0.003816986664332688
8.782,0,-3.99918691579246,-2.999676110264251,1.2012109298806508,0.011871397707688192
8.782,1,-3.997600683284477,3.002344072156327,1.1963149599206289,0.0037764486405831225
8.791,0,-3.9992291934930218,-2.9997121566516234,1.201315744359596,0.011856707587917951
8.791,1,-3.997575440083824,3.002318811984256,1.1963266301330715,0.0037430664546519543
8.801,0,-3.999273262296725,-2.9997527641682984,1.2014179245775132,0.011838364316067062
8.801,1,-3.997551871839246,3.002293046807779,1.196339680220052,0.0037174833866233316
8.811,1,-3.9975299865892095,3.002266879642718,1.196353603737625,0.0036449186634414316
8.811,0,-3.999319185184839,-2.9997975137153245,1.2015174224155971,0.011847724634228759
8.821,0,-3.999367060607864,-2.9998459504079027,1.2016147681809952,0.011915078025783175
8.821,1,-3.997509782881821,3.002240399950065,1.196366464349066,0.0035028506078199763
8.832,0,-3.999417002621686,-2.9998975910963357,1.2017104986777132,0.012017679787258118
8.832,1,-3.997491258372496,3.0022136762631657,1.1963766864412402,0.003332745994769529
8.841,0,-3.9994691197721526,-2.999951934008065,1.2018049996935771,0.012138682522744079
8.841,1,-3.9974744150197528,3.002186750993499,1.1963832163891785,0.0031778438168613577
8.852,0,-3.999523499993361,-3.000008467419792,1.2018985395690271,0.012264669233893369
8.852,1,-3.9974592619847082,3.0021596375377406,1.1963853639195319,0.0030771508079045218
8.862,0,-3.999580200317769,-3.0000666767196593,1.2019913023651787,0.012386679651655798
8.862,1,-3.997445817181312,3.00213231914543,1.1963826824690307,0.0030608850884412003
8.872,0,-3.99963923967459,-3.0001260499843374,1.2020830649618766,0.012427768190225584
8.872,1,-3.997434109214725,3.002104749086884,1.196375673471464,0.0030848588468616795
8.881,0,-3.9997005944920807,-3.0001860833158474,1.2021723498784649,0.012335641308012828
8.881,1,-3.9974241808837156,3.002076851911366,1.1963675781177303,0.0030499070766006223
8.891,0,-3.999764204317601,-3.000246288677154,1.2022578698057287,0.012154247154604572
8.891,1,-3.997416083840361,3.0020485280889884,1.196361232895506,0.002987035797211953
8.901,0,-3.999829975957793,-3.000306198387589,1.202338778560622,0.011914787417390766
8.901,1,-3.997409877302381,3.0020196586734036,1.1963585456378185,0.0029643601973126706
8.911,0,-3.9998977867530563,-3.000365368129232,1.2024145425424408,0.011638137355034335
8.911,1,-3.997405627789767,3.0019901094639247,1.1963607884600982,0.0030451381849715916
8.921,0,-3.999967487891024,-3.0004233791124615,1.2024848306707447,0.01133764872092473
8.921,1,-3.9974034083803827,3.0019597346833056,1.1963687794758293,0.0032634288038449473
8.931000000000001,0,-4.000038908133324,-3.0004798391957115,1.202549628923093,0.011052652564090689
8.932,1,-3.9974032986575727,3.001928379811612,1.1963834719080708,0.003682099229431163
8.941,1,-3.997405385931088,3.001895885132391,1.196407700776562,0.004429205346254986
8.941,0,-4.000111859034763,-3.0005343829948345,1.2026098715135536,0.010819660494242374
8.951,0,-4.000186139461137,-3.000586676084179,1.2026665079735277,0.010615186362302178
8.951,1,-3.997409754327055,3.001862100136576,1.1964439898920098,0.005474196941365129
8.961,0,-4.00026154152027,-3.0006364184298575,1.2027202099784278,0.010423959315830306
8.961,1,-3.997416477101846,3.001826896730062,1.1964939571130413,0.006733485623241241
8.971,0,-4.0003378558296,-3.000683345883567,1.202771456038335,0.010237916043003278
8.971,1,-3.997425613017975,3.001790177522814,1.1965586130315498,0.008131268152362883
8.981,0,-4.000414875272911,-3.0007272315299973,1.2028202971432504,0.010010199999277441
8.981,1,-3.9974372023380624,3.001751882273237,1.1966377236540442,0.009413331178479903
8.991,0,-4.000492397911156,-3.0007678884337983,1.2028652611667323,0.009694480361736228
8.991,1,-3.99745126551375,3.0017119940935038,1.1967279924659981,0.010383410038494663
9.001,1,-3.9974678246989455,3.0016705358096463,1.1968264165512712,0.011126309165959905
9.002,0,-4.000570232336716,-3.0008051615251174,1.2029049094752489,0.009334487830621687
9.011,0,-4.000648201107706,-3.0008389218162708,1.2029383047862425,0.008965558801614506
9.011,1,-3.997486918189681,3.001627568873131,1.1969308965612322,0.011707720550235964
9.018,0,-4.000726142708592,-3.000869063379705,1.2029648407676663,0.008615093419724619
9.018,1,-3.997508608302077,3.0015831921015104,1.1970399431195593,0.012172221929071123
9.031,0,-4.000803912815376,-3.0008955008933675,1.2029841321080246,0.008305130817549307
9.031,1,-3.9975329860721565,3.0015375390008874,1.1971524971519016,0.012554934761885251
9.041,0,-4.000881384997073,-3.000918167637104,1.2029959453221477,0.008053405502449483
9.042,1,-3.9975601742733935,3.001490774101982,1.1972680573916885,0.01294448003292517
9.051,0,-4.000958450559392,-3.0009370140369707,1.203000072088178,0.007874012358767911
9.052,1,-3.9975903286846437,3.001443087508349,1.197387478048298,0.013435897843505788
9.061,1,-3.9976236265221767,3.0013946886866294,1.1975116695311905,0.013994192389563018
9.061,0,-4.0010350153881795,-3.0009520051421603,1.2029963329020052,0.007780044431629802
9.071,0,-4.001110994888225,-3.0009631174005182,1.2029846499119454,0.007778187086471714
9.071,1,-3.9976602558562413,3.0013457987469603,1.1976412029025705,0.014594876808683283
9.081,0,-4.001186309987723,-3.0009703362520126,1.202965026410617,0.00786866855422251
9.081,1,-3.997700408246051,3.001296643751752,1.1977764254292245,0.015221569692657654
9.091,0,-4.001260884420518,-3.0009736543207026,1.2029375054962024,0.008047120748259178
9.091,1,-3.9977442727214227,3.0012474494138233,1.1979175167266727,0.015861783960025792
9.101,0,-4.001334642734437,-3.0009730690159957,1.2029024101055794,0.008273666998431057
9.101,1,-3.9977920292156175,3.0011984369145726,1.198064113608392,0.016414671467793494
9.111,0,-4.001407508193575,-3.000968581728692,1.2028609529857968,0.008497928301514655
9.111,1,-3.997843839259721,3.0011498199208733,1.1982147678502306,0.01683943816413155
9.121,0,-4.00147940161494,-3.000960209486858,1.2028142045104575,0.008715299044680106
9.121,1,-3.9978998403366877,3.0011018037168458,1.1983682598766832,0.017175319126854015
9.131,0,-4.001550240070626,-3.000947992772403,1.2027629217638691,0.008925712522949634
9.131,1,-3.9979601377367167,3.0010545851252353,1.1985237319604554,0.01745216634346219
9.141,0,-4.001619936056318,-3.0009319993871584,1.2027076549964109,0.009130478615204062
9.141,1,-3.9980247988163407,3.001008352531637,1.1986805866718666,0.017688797148775817
9.151,0,-4.001688397109787,-3.000912325561807,1.2026489480320435,0.009305454096105666
9.151,1,-3.9980938514343,3.0009632861441045,1.1988386613327189,0.017955096892457424
9.162,0,-4.001755527515321,-3.0008890932767915,1.2025877463761296,0.00942942385281731
9.162,1,-3.9981672890827773,3.0009195561197246,1.198998552505571,0.018281354679588857
9.171,0,-4.001821235746413,-3.000862447118377,1.202524837672673,0.009515941794613918
9.171,1,-3.9982450785775154,3.0008773150825525,1.1991607665032489,0.01864673418374705
9.181,0,-4.001885441296461,-3.0008325486582925,1.2024607694172265,0.00957644133719547
9.181,1,-3.9983271707674795,3.000836692046135,1.1993256253289137,0.019036747387471215
9.191,0,-4.00194807931178,-3.000799571383076,1.2023959098308958,0.009619829190536873
9.191,1,-3.998413508959489,3.000797788645594,1.1994933097351428,0.01944045638036748
9.201,0,-4.002009103514735,-3.000763696583443,1.202330508190704,0.009651476809158852
9.201,1,-3.9985040349923326,3.0007606771749185,1.1996639090450876,0.019852519624299077
9.21,0,-4.002068487479738,-3.000725109528376,1.2022649364018865,0.00964022994752084
9.21,1,-3.99859869111567,3.000725399217009,1.1998369763019197,0.020157504285924197
9.221,1,-3.9986974115925626,3.0006919661250326,1.200010386910526,0.020270917970291187
9.222,0,-4.002126224181107,-3.000683996006546,1.2022001599004617,0.009563633042237368
9.231,0,-4.002182326013857,-3.000640543041273,1.2021369932609092,0.00944414253811488
9.231,1,-3.9988001141658307,3.000660370595817,1.200182279543571,0.020257632918604135
9.241,0,-4.002236823245394,-3.0005949379401256,1.2020759990674865,0.009297820846618296
9.241,1,-3.9989066852493766,3.000630595714302,1.2003513931969498,0.020161629843025466
9.251,0,-4.002289762139205,-3.000547367023046,1.2020175497735737,0.009136932468100564
9.251,1,-3.999016969025638,3.0006026211753363,1.2005168703261269,0.020010846030703015
9.261,0,-4.002341203034658,-3.0004980144705478,1.2019618884709768,0.008968767460619222
9.261,1,-3.999130761680197,3.0005764280103846,1.2006781327981877,0.019824171501495156
9.272,0,-4.0023912183603,-3.000447061314792,1.2019092262496347,0.00879138857840257
9.272,1,-3.999247809657792,3.000552002043615,1.200834850388926,0.019621264249795815
9.281,0,-4.002439890276648,-3.000394687169733,1.2018598605432815,0.008604566577167577
9.281,1,-3.999367810027402,3.000529335693871,1.200986957855749,0.01941256058385452
9.291,0,-4.002487307784124,-3.0003410779063326,1.2018140090535558,0.008415119990109259
9.291,1,-3.9994904105221236,3.000508427150523,1.2011344509210777,0.019194674616841722
9.301,0,-4.002533563651705,-3.0002864325344163,1.2017718109629472,0.008226205007089257
9.301,1,-3.999615211832237,3.000489279259828,1.201277347488935,0.018964301128402927
9.311,1,-3.999741771726233,3.0004718985474437,1.201415676467114,0.01871676974663446
9.312,0,-4.002578751932133,-3.0002309672562295,1.2017333465911528,0.008039642813116733
9.322,0,-4.002622966289663,-3.000174917370127,1.2016982946185908,0.007895365680482309
9.322,1,-3.9998696105435063,3.0004562947641853,1.2015496555459815,0.018483885634722932
9.331,0,-4.0026662999248375,-3.000118534321315,1.2016651292699427,0.007813431682542633
9.331,1,-3.9999982206446703,3.0004424793477633,1.2016801527808294,0.018288251927145883
9.341,0,-4.002708845894651,-3.0000620739667325,1.2016325274650954,0.007765818749228571
9.341,1,-4.000127081729464,3.0004304579268086,1.201807933621121,0.018105382844572505
9.351,0,-4.0027506990421715,-3.0000057859689866,1.2015995856366437,0.007738257029574837
9.351,1,-4.000255677013692,3.0004202241603997,1.2019335186061137,0.017919116478688487
9.361,0,-4.0027919576069815,-2.9999499062418944,1.2015656910228922,0.007722943133960705
9.361,1,-4.000383505624656,3.0004117558337455,1.2020572591382117,0.01772067123965935
9.371,0,-4.002832723895209,-2.9998946520518763,1.201530919239327,0.00765791115070923
9.371,1,-4.000510091258749,3.0004050126810338,1.2021795449931296,0.01753112091156736
9.381,0,-4.00287310150031,-2.9998402228680447,1.2014970747856737,0.007495877766796195
9.381,1,-4.000634984588352,3.000399934837233,1.202301154918822,0.01736678166778126
9.391,0,-4.002913187252702,-2.9997868071813274,1.201465763310089,0.007271392412549615
9.391,1,-4.0007577581420035,3.0003964389846742,1.2024227208816103,0.017211961989431476
9.401,0,-4.00295306233167,-2.9997345901213563,1.2014380680503962,0.007011955614941176
9.401,1,-4.000877999884576,3.0003944164699035,1.202544668531106,0.017057290830250735
9.411,0,-4.0029927862099655,-2.9996837587039455,1.201414709620674,0.006738616040917181
9.411,1,-4.000995308829334,3.0003937332436803,1.202667280604958,0.016896258823959585
9.422,0,-4.003032392959063,-2.9996345048534923,1.2013961487622866,0.006466824115623306
9.422,1,-4.001109292332879,3.000394230883875,1.2027907309336907,0.016724436018893757
9.429,0,-4.003071889326096,-2.9995870267220757,1.201382621910715,0.006211655361844816
9.429,1,-4.001219564540255,3.000395728377185,1.202915135093526,0.01654503235619428
9.441,0,-4.003111254310827,-2.9995415261495304,1.201373270339169,0.005993430745983357
9.441,1,-4.001325745731266,3.0003980246133604,1.203040787898379,0.016379545263665456
9.451,1,-4.001427467451921,3.0004009020413362,1.2031680305846795,0.01622447180348395
9.451,0,-4.0031504397637345,-2.999498201171566,1.201366575456182,0.005788258926235509
9.462,0,-4.003189371896888,-2.999457235829953,1.201361449712638,0.005581171692715979
9.462,1,-4.0015243801433735,3.000404131285695,1.2032970836065708,0.01607737167225798
9.471,0,-4.003227953682093,-2.9994187908285204,1.201357147814123,0.005366398423602386
9.471,1,-4.001616158417901,3.000407475351689,1.2034280912556923,0.015937837236748367
9.481,0,-4.003266067954486,-2.999382997269195,1.2013531493327456,0.005142799288265207
9.481,1,-4.001702507690779,3.0004106935408292,1.2035606172497095,0.015690436333278608
9.491,0,-4.003303580790539,-2.999349952607122,1.201349066424094,0.004911245577887706
9.491,1,-4.001783174765366,3.000413549660811,1.2036924370044084,0.015241636664792533
9.501,0,-4.003340344964188,-2.9993197182487927,1.201344635847268,0.004673262879908169
9.501,1,-4.001857940941694,3.000415827715878,1.2038216135642092,0.014653124559701115
9.511,0,-4.003376203300166,-2.9992923186733917,1.2013396868840351,0.004430798801441924
9.512,1,-4.001926622975029,3.0004173457763432,1.2039468371096236,0.01396917132918254
9.521,0,-4.003410991833979,-2.9992677419384672,1.201334101794859,0.004185904488138546
9.521,1,-4.001989075708581,3.0004179648594116,1.2040672208611447,0.013222064540712343
9.531,0,-4.003444542684536,-2.9992459413074424,1.2013278032794414,0.003940287335631473
9.531,1,-4.0020451932836005,3.0004175939178443,1.2041821737068235,0.012436689640935602
9.542,0,-4.00347668689046,-2.9992268375196307,1.2013206309720565,0.003701642948719648
9.542,1,-4.002094910948519,3.0004161920521795,1.2042910476253466,0.011558463661214852
9.551,0,-4.003507259278708,-2.999210323515378,1.20131214550719,0.00347896380708581
9.551,1,-4.002138211796899,3.0004137676622165,1.2043920529269263,0.010508224314654728
9.561,0,-4.003536105661597,-2.999196274363465,1.201301990956338,0.003278052423236253
9.561,1,-4.002175119341224,3.000410369245134,1.2044835825527687,0.009343995038773742
9.571,0,-4.003563089215749,-2.999184555775789,1.2012899407054352,0.003105088532274403
9.572,1,-4.002205695595242,3.0004060758797824,1.2045645899574438,0.008109785237370902
9.582,0,-4.003588094735704,-2.999175030558277,1.2012758446904626,0.0029669432207789018
9.582,1,-4.002230041366906,3.000400989695655,1.204634404582903,0.006836464983662394
9.591,0,-4.003611031066046,-2.9991675635665804,1.2012596002325147,0.0028695163529575307
9.591,1,-4.002248295017149,3.0003952296075096,1.2046926166542782,0.005548731769397472
9.601,0,-4.003631831396989,-2.9991620260062137,1.2012414567195429,0.002756130164073103
9.601,1,-4.002260626762541,3.000388925679779,1.2047395311210087,0.004414365673066157
9.611,0,-4.003650449938733,-2.9991582976144837,1.2012230930681926,0.0025340298022627967
9.611,1,-4.002267224906595,3.0003822136038587,1.204777994852649,0.003641016456357403
9.621,0,-4.003666861556964,-2.999156256710475,1.2012060981774302,0.002228504656901701
9.621,1,-4.002268309604368,3.00037523124847,1.2048107739999845,0.003165182976930016
9.631,0,-4.003681058638097,-2.9991557717693813,1.2011915519915826,0.0018679912407634906
9.632,1,-4.002264134215889,3.0003681142498557,1.2048398050059927,0.0029392079559975902
9.642,0,-4.0036930473618755,-2.999156696726995,1.2011801791416905,0.0014806372790084768
9.642,1,-4.002254979951869,3.0003609922477206,1.2048664449141595,0.002909974956419933
9.651,0,-4.003702845064925,-2.999158868352055,1.201172293218108,0.001120565948446922
9.651,1,-4.002241152730384,3.000353986043442,1.2048912449513378,0.0029409982709039423
9.661,0,-4.003710477058828,-2.9991621089777594,1.2011676734616492,0.0008262574960498218
9.661,1,-4.002222983004641,3.000347202597169,1.2049135397776352,0.002975512806141118
9.671,0,-4.0037159703361835,-2.9991662372059795,1.2011660811099216,0.0006381178925397121
9.671,1,-4.0022008220129175,3.0003407261891852,1.2049327271862524,0.0030346083630197703
9.681000000000001,0,-4.003719348928392,-2.999171077411935,1.2011673224675514,0.0006176492752427842
9.681000000000001,1,-4.00217504317899,3.0003346110935003,1.2049484105860817,0.003125798782617774
9.691,0,-4.003720630737404,-2.9991764664244753,1.2011712367991392,0.0007562756634328599
9.691,1,-4.002146042358619,3.00032887723516,1.2049603365495458,0.003247918847423811
9.701,0,-4.003719825848407,-2.9991822579930725,1.2011775194275032,0.0009379269531547938
9.701,1,-4.002114235886209,3.000323508456567,1.2049685239276529,0.0034026648231778494
9.711,0,-4.003716937707154,-2.9991883246696034,1.2011850416298444,0.0010609780709429036
9.711,1,-4.002080056188837,3.000318454367796,1.2049737990323868,0.003571618174655893
9.721,0,-4.003711964103113,-2.9991945568801817,1.2011927416339998,0.0011464004149490592
9.721,1,-4.002043949137444,3.0003136373702928,1.2049769746075842,0.003722649894031683
9.731,0,-4.003704900056025,-2.999200860575047,1.201199891833881,0.0012225338205480126
9.731,1,-4.002006368917968,3.0003089610505183,1.2049786238595952,0.0038410135746016253
9.741,0,-4.003695740620928,-2.999207155094916,1.2012059943244389,0.0013110696887980637
9.741,1,-4.001967772713681,3.000304317280276,1.2049791553400644,0.00392015481910854
9.751,0,-4.003684482924218,-2.9992133713967593,1.2012107007685302,0.0014243681489750945
9.751,1,-4.001928616072968,3.0002995920041884,1.2049788478117769,0.003957653636421624
9.761,0,-4.003671127371183,-2.9992194506091536,1.2012138027786112,0.0015688606341267017
9.761,1,-4.001889348959801,3.0002946697287034,1.204977822607521,0.003953786489660926
9.771,0,-4.003655675935192,-2.999225343191616,1.2012153047892478,0.001740723137439099
9.771,1,-4.001850412076814,3.000289434803088,1.2049759256879804,0.003911162204938896
9.78,0,-4.00363812589394,-2.9992310090503076,1.2012152366491522,0.001932860247668584
9.781,1,-4.001812233298637,3.0002837668101403,1.204973006401673,0.003832935005269035
9.792,0,-4.003618463428427,-2.999236417609474,1.2012136120173216,0.002141271330988243
9.792,1,-4.001775224696863,3.0002775357731544,1.204968974268981,0.003722728374046208
9.802,0,-4.003596659429135,-2.9992415475682344,1.2012104512322639,0.0023637201910254595
9.802,1,-4.001739780132668,3.000270599544226,1.2049637947485627,0.003584893119742814
9.811,0,-4.003572667552321,-2.99924638630714,1.2012056417030699,0.0026070808481641326
9.811,1,-4.001706273724357,3.0002628026107767,1.2049576981643901,0.0034116314200671933
9.82,0,-4.003546425125441,-2.999250926836739,1.2011984821190176,0.002888500266038314
9.82,1,-4.001675058135511,3.000253975341498,1.2049520540976681,0.0031906204707932715
9.83,0,-4.003517854451346,-2.999255158316957,1.2011883210283012,0.0032109968262092905
9.83,1,-4.001646452804071,3.0002439364008926,1.2049481685655923,0.002947940994118862
9.841,0,-4.003486865963798,-2.999259056584056,1.2011747360307188,0.0035721997150411776
9.841,1,-4.0016207332777025,3.000232495477884,1.2049469171809402,0.0027205430173061107
9.851,1,-4.001598125136919,3.0002194558502753,1.204948873733406,0.0025510639371511224
9.852,0,-4.003453361699054,-2.9992625778265474,1.2011574534136826,0.003967215895478851
9.861,0,-4.003417238421226,-2.9992656548185983,1.2011363065050162,0.004389610630084848
9.861,1,-4.001578801045532,3.0002046170898025,1.2049544176444864,0.0024822647858512253
9.871,0,-4.003378389809177,-2.9992681953419282,1.2011114641869973,0.004792777765359719
9.871,1,-4.001562878589505,3.000187778847706,1.2049633235424695,0.0024872073472478004
9.881,0,-4.003336708135943,-2.999270086117092,1.2010843245816316,0.00511913697001093
9.881,1,-4.001550414987238,3.0001687497724805,1.2049730832050627,0.002468971338426485
9.892,0,-4.003292096491007,-2.9992712106920276,1.2010562216288068,0.005394643299327
9.892,1,-4.00154141600327,3.000147353196113,1.2049812797908752,0.002471453878138672
9.901,0,-4.003244478009509,-2.9992714682812465,1.2010280797967328,0.005640645861991797
9.901,1,-4.001535840353551,3.0001234353257296,1.2049862871625991,0.002562040635740156
9.912,0,-4.003193800832553,-2.9992707870621564,1.2010005257905767,0.00587321633935754
9.912,1,-4.001533602191493,3.0000968722632964,1.2049870164474363,0.0027828969741780785
9.921,0,-4.0031400406747135,-2.999269132788494,1.200973971096056,0.0061012915712561275
9.922,1,-4.001534574851333,3.0000675742439036,1.2049827464559306,0.0031355325754144213
9.931000000000001,0,-4.003083202306114,-2.999266513707762,1.2009484966794324,0.006347945660329222
9.931000000000001,1,-4.001538597144289,3.000035485993888,1.204973674919594,0.0035428806874022345
9.942,0,-4.003023322239156,-2.999262979862995,1.2009236034689905,0.006616822648921052
9.942,1,-4.001545478795726,3.0000005882095944,1.204961719001207,0.003918814277215045
9.951,0,-4.00296047132722,-2.999258614877749,1.2008988521484063,0.006894048047918129
9.951,1,-4.0015549948812135,2.9999629120508216,1.2049484786580191,0.004252297821238096
9.961,0,-4.002894757921979,-2.9992535278993433,1.2008739464627871,0.007169191906856956
9.961,1,-4.001566887027107,2.9999225464217987,1.2049350555550666,0.004546818721559451
9.971,0,-4.002826329056076,-2.9992478469981774,1.200848690843744,0.007434519356854431
9.972,1,-4.0015808669152,2.999879640268036,1.2049222076843544,0.004806219724051596
9.981,1,-4.0015966205802185,2.9998344017432466,1.204910470296112,0.0050299709437197256
9.981,0,-4.002755369317781,-2.9992417137339102,1.2008230714329633,0.0076732599712279045
9.991,0,-4.002682094293761,-2.999235279313669,1.2007975329967022,0.007873801829318601
9.991,1,-4.001613814102884,2.9997870902419934,1.2049003067245065,0.005217156623024444
10.001,0,-4.002606737334644,-2.999228702885864,1.2007724762265133,0.008041690875026656
10.001,1,-4.001632100913512,2.9997379970178315,1.2048920552884221,0.0053697370630403215
10.011,0,-4.002529535199417,-2.99922214979101,1.2007481504182895,0.008181993400229858
10.011,1,-4.0016511287716625,2.9996874255440806,1.2048859274709198,0.005489682598633079
10.021,1,-4.0016705454115336,2.999635676482891,1.2048820495614705,0.005578881370351666
10.022,0,-4.002450717079771,-2.9992157894927427,1.2007247031688772,0.00829835418109053
10.031,0,-4.002370496850607,-2.9992097934419206,1.2007022242271561,0.00839430632645611
10.031,1,-4.001690002956299,2.9995830365429677,1.204880501128153,0.005639922283003971
10.041,0,-4.002289067828907,-2.999204332950476,1.2006808035084178,0.008468824082147445
10.041,1,-4.001709161393276,2.9995297706843167,1.204881228778023,0.005674977106311175
10.051,0,-4.002206599836417,-2.9991995758655867,1.2006609412129015,0.008515054986726724
10.051,1,-4.001727691751305,2.999476118212505,1.2048832965448777,0.005679398548979107
10.061,0,-4.002123242003965,-2.9991956764083763,1.200643209397468,0.008542997700103326
10.061,1,-4.001745278187163,2.99942229465659,1.2048855920508714,0.005652693059760983
10.071,0,-4.002039127614827,-2.999192763298206,1.2006279854598607,0.008561063388950208
10.072,1,-4.001761619223273,2.999368497065765,1.2048873583603326,0.005599555646904606
10.081,0,-4.001954377952156,-2.9991909318000687,1.2006154974790162,0.008574972375292476
10.081,1,-4.001776428902147,2.999314908472685,1.2048880778961135,0.00552589260679625
10.091,0,-4.001869105417895,-2.9991902391734917,1.2006058771872048,0.008587982047780236
10.091,1,-4.001789437670158,2.999261701022187,1.2048874047621276,0.0054375542737898
10.101,0,-4.001783415706031,-2.999190703335857,1.2005993981021037,0.008599183889342612
10.101,1,-4.001800392172571,2.9992090381550636,1.2048855331262844,0.005335125944205505
10.112,0,-4.001697405710986,-2.999192310884811,1.200596762628267,0.008615879577263228
10.112,1,-4.001809055789137,2.999157073439783,1.2048837176424692,0.005218294478127121
10.121,0,-4.001611154949825,-2.9991950375590006,1.2005984953590227,0.008648531145602089
10.121,1,-4.0018152155840605,2.999105942905817,1.2048829791620725,0.005096488207935432
10.131,0,-4.001524717275272,-2.9991988677746138,1.2006049176242293,0.008704574876497676
10.131,1,-4.001818686221917,2.999055758315225,1.2048840023262803,0.004982050890117981
10.141,0,-4.00143811551903,-2.9992038079900727,1.2006161986485164,0.008788859802558497
10.141,1,-4.0018193116667655,2.9990066030199563,1.2048872253222418,0.004886900148103266
10.151,1,-4.001816965501266,2.998958529876038,1.2048929046492305,0.004820682838371994
10.152,0,-4.001351338640326,-2.999209894643055,1.2006321732004903,0.008890785990582977
10.162,0,-4.0012643440241025,-2.999217195984646,1.2006515472524082,0.008983813089344676
10.162,1,-4.001811549764821,2.9989115626449623,1.2049011331573907,0.004789423412753975
10.171,0,-4.001177068953382,-2.999225809595559,1.2006730747969203,0.009067389314403727
10.171,1,-4.001802991193339,2.9988657040734146,1.2049119407650604,0.004796599223323278
10.181,0,-4.001089443546094,-2.999235857136666,1.200695884438751,0.009144679041879478
10.182,1,-4.001791237247401,2.9988209449423446,1.204925320360846,0.004842603871387983
10.192,0,-4.0010014003825045,-2.9992474792582686,1.200719367967285,0.009219888608148062
10.192,1,-4.001776252821701,2.9987772709054132,1.2049412430866824,0.004926303649676189
10.201,0,-4.0009128813180075,-2.9992608311634483,1.2007431113452312,0.009296249020836669
10.202,1,-4.001758017504064,2.9987346674273803,1.204959681430718,0.005045075447724918
10.211,0,-4.00082384186082,-2.999276078972364,1.2007670181630454,0.009389147928768665
10.211,1,-4.0017365243851675,2.99869312291964,1.204980403308108,0.005175152569331785
10.221,0,-4.000734253076345,-2.9992933928510617,1.200791741000949,0.009510587449303472
10.221,1,-4.001711784498261,2.9986526289649844,1.2050027176590277,0.0053012827310535155
10.231,0,-4.000644101992504,-2.999312928764571,1.2008178914207868,0.009654582579621913
10.231,1,-4.00168383707187,2.9986131774912903,1.2050260681318565,0.005425878566160101
10.241,0,-4.000553390993306,-2.999334812554017,1.2008458754545983,0.009816242008410095
10.241,1,-4.001652760053067,2.9985747569928156,1.20505006187331,0.00554949547802036
10.251,0,-4.000462137094567,-2.999359129823777,1.2008759546171437,0.009991398378036165
10.251,1,-4.001618676311695,2.9985373495989047,1.2050744161872733,0.005671504299500428
10.262,0,-4.000370371171242,-2.999385920117926,1.2009083024417606,0.010176343262373011
10.262,1,-4.00158175602584,2.9985009291075735,1.2050989391006481,0.005790195690961472
10.271,1,-4.001542217013354,2.99846545948165,1.205123095387833,0.005861963311327821
10.271,0,-4.000278137009746,-2.999415174321684,1.2009429475547508,0.010360048260106279
10.281,0,-4.000185488475847,-2.9994468374280614,1.2009796648438433,0.010534998677356328
10.281,1,-4.001500316232472,2.998430893646761,1.2051454187229684,0.005876757577769522
10.291,0,-4.000092483388841,-2.9994808187985886,1.2010182376964158,0.010700655852205742
10.291,1,-4.001456323900526,2.9983971741480433,1.2051647446349374,0.005864671146450256
10.301,0,-3.999999177950004,-2.999517002072977,1.20105850503635,0.010857131524068177
10.302,1,-4.001410502746363,2.9983642333196987,1.2051803126057672,0.005848784069740206
10.31,0,-3.9999056227256435,-2.9995552529796963,1.2011003324838783,0.011004020629265969
10.31,1,-4.001363093633323,2.9983319940636193,1.205191626802222,0.005845473080991873
10.321,0,-3.9998118599726222,-2.999595424731548,1.201143304441279,0.01111353597715547
10.321,1,-4.001314305347674,2.9983003713901835,1.2051987530609214,0.0058765096618319905
10.331,0,-3.999717922112166,-2.9996373586854936,1.2011863244300518,0.011174984931067704
10.331,1,-4.001264309804042,2.998269274706239,1.2052036862593323,0.005936839263571723
10.341,0,-3.99962383100572,-2.9996808807085644,1.201228504235994,0.011202116752936305
10.341,1,-4.001213252415544,2.9982386086639368,1.2052083721519669,0.00600594076458892
10.351,0,-3.999529598183509,-2.9997257960633243,1.201269232174444,0.011205365917262015
10.351,1,-4.001161262314722,2.9982082750373236,1.2052141293274685,0.006081525002480115
10.361,0,-3.9994352254232695,-2.9997718865255893,1.201308104502549,0.011191864178121349
10.361,1,-4.001108459200996,2.9981781746901,1.2052218584228511,0.006166355735373707
10.371,0,-3.9993407056896104,-2.9998189094936047,1.2013447241083028,0.01115524379006178
10.371,1,-4.001054958798562,2.99814820910031,1.2052315384246153,0.006234608961965729
10.381,0,-3.9992460254857156,-2.9998666019545164,1.2013783683143087,0.01109357168104386
10.381,1,-4.001000877038355,2.9981182828560637,1.2052408596116742,0.00625944936309496
10.391,0,-3.999151169363736,-2.999914693296368,1.2014084626948542,0.01101886444632508
10.391,1,-4.000946330053762,2.9980883085364503,1.2052477557136196,0.006264615175196867
10.402,0,-3.9990561240057922,-2.999962917620565,1.2014346342631603,0.010939167682505538
10.402,1,-4.000891435258026,2.9980582106359326,1.205250841745734,0.006275698269682939
10.411,0,-3.9989608808683372,-3.0000110226815417,1.2014566383612424,0.010860016165260562
10.411,1,-4.00083631228797,2.9980279280028954,1.2052491927251123,0.006312509594822705
10.421,0,-3.9988654376708683,-3.0000587761543773,1.2014743233337408,0.01078559703454553
10.421,1,-4.00078108341496,2.997997415193045,1.2052422048033056,0.006387458866766039
10.431000000000001,0,-3.9987697989561144,-3.000105969720369,1.2014876579940164,0.010720178567869942
10.431000000000001,1,-4.00072587345702,2.9979666429171017,1.2052295598877447,0.006502877541241324
10.442,0,-3.9986739743276725,-3.0001524206014105,1.2014968613107286,0.010665487370205779
10.442,1,-4.000670806939606,2.9979355956481037,1.2052112602602587,0.006653536749733125
10.451,0,-3.998577971991644,-3.000197969950166,1.201502172301293,0.010620275260575312
10.451,1,-4.000615999825196,2.997904264357711,1.2051873807828006,0.006835624216835712
10.461,0,-3.9984817919324365,-3.0002424801016345,1.2015037973905993,0.010584476730852856
10.461,1,-4.000561551479043,2.99787263933665,1.2051580211544326,0.007045725557444726
10.472,0,-3.9983854212355263,-3.0002858319370684,1.2015019037637775,0.010558804216968738
10.472,1,-4.0005075392394085,2.9978407052982985,1.2051232833807661,0.0072815230418577905
10.481,0,-3.998288831249383,-3.000327922156999,1.2014968059129376,0.010541218823595051
10.481,1,-4.0004540152085655,2.9978084383530503,1.2050833934540137,0.007519837197258563
10.491,0,-3.9981919770488314,-3.000368658377685,1.2014896510315474,0.010523747842987263
10.491,1,-4.0004010047841,2.997775805293238,1.205039189281478,0.007725539305574855
10.501,1,-4.0003485058331005,2.997742767176135,1.2049914682411635,0.007906205886493519
10.501,0,-3.9980948014219138,-3.0004079520727767,1.2014815098707636,0.010505233494072922
10.512,0,-3.9979972397720704,-3.0004457110743323,1.2014731047229643,0.010487164901182101
10.512,1,-4.0002964891780834,2.9977092836214725,1.2049407839739077,0.00807057162233777
10.521,0,-3.9978992240509377,-3.000481834214811,1.2014649194177278,0.010471276783683635
10.521,1,-4.000244900113559,2.997675316031287,1.2048875252818685,0.0082247354380958
10.531,1,-4.000193660547293,2.9976408298968424,1.2048319782049188,0.008373759140551188
10.532,0,-3.997800685799459,-3.0005162081487167,1.2014572838696445,0.010459100229143307
10.541,0,-3.9977015588745073,-3.000548706451671,1.2014501778196158,0.010455764566169238
10.541,1,-4.000142671599507,2.9976057963352902,1.2047742748024046,0.008534689579828265
10.551,0,-3.997601785963416,-3.0005791935719732,1.2014427252926414,0.010464054978486348
10.551,1,-4.000091818854064,2.9975701898853906,1.2047142645482853,0.00871891339614418
10.561,0,-3.99750133188869,-3.000607533125877,1.201434150107853,0.010481457986425125
10.561,1,-4.000040982803186,2.9975339787476467,1.2046518262702832,0.008920509816771836
10.572,0,-3.9974001959821557,-3.000633597881881,1.2014239238001876,0.010505806885243493
10.572,1,-3.999990048513058,2.9974971152976364,1.2045869005343974,0.009136245380545457
10.581,0,-3.997298419649115,-3.000657277400718,1.2014116887381827,0.010534313336674928
10.581,1,-3.9999389123131626,2.9974595298680344,1.2045194714430352,0.009362156106798384
10.591,0,-3.9971960899152807,-3.000678483122748,1.201397220173509,0.010563671702509514
10.591,1,-3.9998874861812053,2.9974211272363283,1.2044495668374042,0.009595804764581366
10.601,1,-3.999835700260021,2.9973817852223137,1.204377346823103,0.00981284815431031
10.601,0,-3.997093339718729,-3.000697150321754,1.2013809349617126,0.010566074716655386
10.611,0,-3.9969903434509906,-3.000713238991635,1.2013651992464374,0.010517710118420034
10.611,1,-3.9997835040216914,2.9973413598357146,1.2043033766620286,0.009993721054515264
10.621,0,-3.996887307022684,-3.000726747925539,1.2013520836417027,0.010436518499190712
10.621,1,-3.9997308672393217,2.9972997034684035,1.2042281637404841,0.010149546550926545
10.63,0,-3.996784455677449,-3.0007377225278598,1.201342980335188,0.010341125749470803
10.63,1,-3.9996777803853854,2.9972566825865865,1.2041520699794057,0.01028846902239102
10.641,0,-3.9966820238220166,-3.000746257616702,1.2013387987822979,0.010246428649055693
10.641,1,-3.999624254513304,2.997212189874524,1.2040753455837885,0.010415578163538407
10.651,0,-3.9965802466345424,-3.000752498682752,1.2013395224231846,0.010157976188265153
10.651,1,-3.9995703205609376,2.9971661517282855,1.2039983039860627,0.010506366675356246
10.661,0,-3.9964793540920875,-3.0007566393582508,1.2013429232995085,0.010056097897941032
10.661,1,-3.99951602619274,2.997118532282086,1.2039216686075034,0.01054333689276361
10.671,0,-3.9963795725772964,-3.000758902963565,1.2013469669802406,0.009930487426412959
10.671,1,-3.9994614286758385,2.99706933683887,1.203846030183573,0.010544417206452732
10.681000000000001,0,-3.996281127081362,-3.0007595288352795,1.2013502581573157,0.009781636604220673
10.681000000000001,1,-3.9994065876329863,2.997018612502058,1.2037717793297715,0.010520116490399283
10.691,0,-3.996184242156118,-3.0007587628494385,1.201351853929713,0.009612988042738748
10.691,1,-3.999351559762705,2.996966446980813,1.2036991764201612,0.010477666933829502
10.701,0,-3.996089142624717,-3.0007568498827646,1.2013515090176232,0.009426549961913033
10.701,1,-3.999296395392138,2.996912966613889,1.2036281443203776,0.010463840989919862
10.711,0,-3.9959960502997762,-3.000754028475356,1.2013505284692405,0.00921879506838273
10.712,1,-3.9992411366809355,2.996858332688956,1.2035577476277208,0.010509601226501663
10.721,0,-3.995905165688553,-3.0007505308979363,1.2013501388117178,0.008991894212798413
10.721,1,-3.9991858170947565,2.9968027327311306,1.2034871648955663,0.010589652066687973
10.731,0,-3.9958166522015093,-3.000746582029088,1.2013511743979557,0.00875244970375352
10.731,1,-3.99913046160708,2.996746372953363,1.2034158456476856,0.010688395986473778
10.741,0,-3.9957306264137804,-3.0007423977371297,1.2013541864571924,0.008508391961686264
10.741,1,-3.9990750871116396,2.996689472203277,1.2033434162333057,0.010795946845714294
10.751,0,-3.9956471527213755,-3.0007381834366957,1.2013595369108343,0.008267800202436318
10.751,1,-3.999019702900679,2.9966322568606634,1.2032696307042992,0.010904998823403896
10.761,0,-3.9955662430274086,-3.000734132872772,1.2013680976145618,0.008056886444075298
10.761,1,-3.9989643110500546,2.996574956430571,1.2031942587368358,0.011024877818926845
10.771,0,-3.9954878608369007,-3.0007304233582097,1.2013821613794906,0.007921526844560187
10.771,1,-3.9989089052426476,2.9965177968112178,1.2031169264541306,0.011160518873836482
10.781,0,-3.995411922549095,-3.000727203541614,1.201403542805232,0.007900842928543865
10.781,1,-3.998853466830919,2.9964609892302003,1.2030373482247343,0.011305943453359038
10.791,0,-3.995338304262942,-3.0007245827927105,1.2014334463275398,0.008021012482619038
10.791,1,-3.998797961345948,2.9964047209279467,1.2029553481076343,0.0114582591288321
10.801,0,-3.9952668492182615,-3.0007226250014836,1.201472642461676,0.008289958081383173
10.801,1,-3.998742336485623,2.996349149171931,1.202870811431762,0.011617399480509194
10.811,0,-3.995197372795186,-3.000721345256275,1.201520541189648,0.008544306950973505
10.811,1,-3.9986865210895806,2.9962943984260426,1.202784134754737,0.011689933479892037
10.82,0,-3.9951296667871903,-3.0007207126529964,1.201573824464193,0.008656406044509833
10.821,1,-3.998630423501237,2.9962405632607094,1.2026973340916913,0.011603707107060499
10.831,0,-3.9950635115194246,-3.000720664462728,1.2016297526037298,0.008653770072737965
10.832,1,-3.9985739291827334,2.9961877166870687,1.2026121659264701,0.011413452738344394
10.841,0,-3.9949986804411197,-3.0007211179005258,1.201686445743128,0.008568679836155564
10.841,1,-3.9985168990215625,2.9961359200632165,1.202529799588298,0.011160848741878691
10.851,0,-3.994934943034456,-3.000721978930364,1.2017426199761492,0.008431234640381915
10.851,1,-3.9984591693410123,2.996085230844827,1.20245100095434,0.010875100084539405
10.861,0,-3.994872067456662,-3.0007231491626274,1.201797417968908,0.008264572764261761
10.861,1,-3.9984005533999936,2.9960357080569264,1.202376267038371,0.010577997952818592
10.872,0,-3.9948098226263062,-3.0007245309888453,1.2018499813793468,0.008032506284231685
10.872,1,-3.9983408440622124,2.9959874156978286,1.2023057007632132,0.010324979192505081
10.881,0,-3.994747979870681,-3.0007260314334596,1.201898326230988,0.007693452563606785
10.881,1,-3.998279819772054,2.995940423512131,1.2022383372997798,0.01016959720458592
10.891,0,-3.994686315432904,-3.0007275656413595,1.2019407108067173,0.007314423843431612
10.891,1,-3.9982172538504943,2.995894807255805,1.202173205204956,0.01008573915263198
10.901,0,-3.994624611624945,-3.0007290590918587,1.2019759809020791,0.006951415370380818
10.902,1,-3.99815292460604,2.995850647073159,1.2021096219374188,0.010056516412716413
10.911,0,-3.9945626575994346,-3.000730448898994,1.2020033892277369,0.006651381799214644
10.911,1,-3.9980866232775365,2.9958080253773742,1.202047101411674,0.010069865898828296
10.921,0,-3.9945002500660305,-3.000731684503335,1.202022484928705,0.006451216001354479
10.921,1,-3.9980181596436744,2.995767024884451,1.2019853101973879,0.010116635063865127
10.931000000000001,1,-3.9979473655056417,2.9957277269675604,1.2019241235172913,0.010170961708432341
10.932,0,-3.994437193737331,-3.0007327277844746,1.2020333555328333,0.0063867077973634966
10.941,0,-3.994373304188658,-3.000733550283791,1.2020378142820047,0.006435187436514096
10.941,1,-3.9978740951608076,2.9956902102811607,1.2018641388567595,0.010194810132943124
10.951,1,-3.9977982264078804,2.9956545450614227,1.2018060308847862,0.01020497641348096
10.952,0,-3.99430842239701,-3.0007341247770665,1.2020376549735425,0.00653933994321941
10.961,0,-3.9942424291408885,-3.0007344164137426,1.2020341450079282,0.006668649358528566
10.961,1,-3.997719659699201,2.995620787776694,1.201750254331516,0.010215292427264887
10.97,0,-3.9941752539622346,-3.000734376939958,1.2020281695093586,0.006806644571049535
10.97,1,-3.9976383163105385,2.9955889779632714,1.2016970956487651,0.01023587470098398
10.981,0,-3.9941068795705097,-3.0007339415549157,1.202020521539112,0.006937391865269955
10.981,1,-3.9975541356489126,2.9955591370355457,1.2016469992309857,0.010234650041773924
10.991,0,-3.9940373393872797,-3.000733029875672,1.202012646809538,0.007046493038901101
10.992,1,-3.9974670713053864,2.9955312711657647,1.2016016078282075,0.010182927454972868
11.002,0,-3.9939667066077136,-3.0007315555598897,1.2020057997950693,0.007138194305115088
11.002,1,-3.997377096717653,2.9955053745595586,1.2015624166909837,0.010129907518199758
11.011,0,-3.9938950800712414,-3.000729436771184,1.2020008292788718,0.007219105369018727
11.011,1,-3.997284208174733,2.995481435410272,1.2015304092717167,0.010109897772410292
11.022,0,-3.993822572407376,-3.000726603552111,1.2019983147201219,0.00729510640611623
11.022,1,-3.9971884251165344,2.9954594411064237,1.2015062274941477,0.010144637118451203
11.031,1,-3.9970897898369953,2.9954393817301677,1.2014902592174908,0.010245792650826467
11.032,0,-3.993749300896347,-3.0007230026934737,1.201998647197382,0.007370783403486736
11.042,0,-3.9936753808659966,-3.0007186009130624,1.2020016517383054,0.0074427249721834765
11.042,1,-3.9969883683896956,2.995421251099139,1.2014820903892856,0.010423942605230219
11.051,0,-3.9936009219083397,-3.0007133860073827,1.2020056352663016,0.007498443840806676
11.051,1,-3.9968842566740856,2.9954050421895566,1.201478286635772,0.010644144621241875
11.061,0,-3.9935260254305978,-3.0007073626914846,1.202009096083976,0.007539289847427123
11.061,1,-3.9967775733144495,2.995390748371673,1.2014755438259621,0.010867694021521703
11.071,0,-3.993450784552585,-3.0007005490187555,1.2020109941205204,0.007571667807798129
11.071,1,-3.996668459032639,2.9953783597274612,1.201471600355063,0.011087690869011624
11.081,0,-3.9933752843652384,-3.0006929735799512,1.2020106098513919,0.007602284175444648
11.081,1,-3.99655707794464,2.9953678586557326,1.2014649238014707,0.011306378688281844
11.09,0,-3.993299602188075,-3.000684673048638,1.2020074631269162,0.007636421271524268
11.091,1,-3.9964436172960616,2.9953592171300296,1.2014544941479348,0.011526694504326213
11.101,0,-3.9932238078284743,-3.0006756901545524,1.2020012555775972,0.007676935365375931
11.101,1,-3.996328285676898,2.9953523955929238,1.201439899529137,0.011737925216229078
11.111,0,-3.993147963737046,-3.000666072985769,1.2019919811589501,0.007722641908372149
11.111,1,-3.99621131002264,2.995347344796954,1.2014227031441391,0.011906057546619275
11.121,0,-3.9930721249281307,-3.0006558782250585,1.2019797350721413,0.007772916282778069
11.121,1,-3.9960929430237755,2.99534400230544,1.201404737770654,0.012028456402606344
11.131,0,-3.992996338752975,-3.0006451750026932,1.2019645901657134,0.007827668823069187
11.131,1,-3.995973468291779,2.995342291111244,1.2013872651135213,0.012108695133012496
11.141,0,-3.9929206447134407,-3.0006340470645982,1.201946599098867,0.00788683982016453
11.141,1,-3.995853200880691,2.995342120507363,1.201371137065798,0.012150140653030243
11.151,0,-3.992845074439233,-3.000622593563218,1.2019260586040985,0.007930407934643165
11.151,1,-3.9957324858818937,2.995343387321434,1.2013570216750786,0.012152431176840906
11.161,0,-3.9927696534882693,-3.0006109295269803,1.2019044177949285,0.007928313764211308
11.161,1,-3.99561169403364,2.995345977157045,1.2013456083176743,0.012117469538571311
11.171,0,-3.99269440726422,-3.0005991881844833,1.2018830361720578,0.007890870915895886
11.171,1,-3.995491213639408,2.995349764744188,1.2013373823185953,0.012048992391637816
11.181,0,-3.992619367080841,-3.0005875223113274,1.2018628388434422,0.007828526764027913
11.181,1,-3.9953714423381688,2.995354614916086,1.2013326479962334,0.011949543684705523
11.191,0,-3.9925445741923347,-3.000576104000323,1.201844458121386,0.007749644995710959
11.191,1,-3.995252780144275,2.9953603840977987,1.2013315990331388,0.011821090913264738
11.201,1,-3.9951356237021702,2.9953669219298042,1.2013343384804638,0.011665330851349767
11.202,0,-3.992470082125505,-3.000565123709889,1.2018283085481143,0.007660390154389424
11.212,0,-3.99239595766904,-3.0005547885784405,1.2018145215214457,0.0075702824168967136
11.212,1,-3.995020360722376,2.995374072799887,1.2013404751070558,0.011476492356999074
11.22,0,-3.9923222808857735,-3.000545318023977,1.2018026973040556,0.007482371608817469
11.22,1,-3.9949073616396014,2.9953816790089696,1.201348153186565,0.011242388938218799
11.231,0,-3.992249144983271,-3.0005369359941754,1.2017924412400773,0.007391397238576442
11.231,1,-3.994796973340046,2.9953895887369653,1.2013557512897775,0.010965134035722591
11.242,0,-3.992176655726551,-3.000529863439157,1.2017834642739207,0.00729437803417902
11.242,1,-3.994689512329018,2.995397662430553,1.2013621568799413,0.010651936232181436
11.252,0,-3.992104930412968,-3.0005243126214487,1.2017755616070704,0.0071896170637443324
11.252,1,-3.9945852597564717,2.995405777180045,1.2013666207516862,0.010311265928861491
11.262,0,-3.992034096535756,-3.000520482911347,1.2017685901661526,0.007076566944950304
11.262,1,-3.9944844585268586,2.99541382968288,1.2013686499314458,0.009951256417463533
11.271,0,-3.991964290545728,-3.000518558579204,1.2017628258919597,0.006947483355380922
11.271,1,-3.9943873118325053,2.995421737997669,1.2013678532391605,0.009579833896099227
11.281,1,-3.9942939833290843,2.995429441244465,1.2013637377992363,0.009206407775758962
11.282,0,-3.9918956557171126,-3.000518708267813,1.2017598758218526,0.006808747663913315
11.288,0,-3.991828334408207,-3.000521078768731,1.2017611405490292,0.006686718050366728
11.288,1,-3.9942046009541428,2.9954368962600966,1.2013559364446722,0.0088399285286223
11.301,0,-3.991762461644798,-3.0005257915651358,1.2017675401374344,0.006604385080343601
11.301,1,-3.994119260416247,2.9954440738135473,1.2013442119316637,0.008488397958024098
11.311,0,-3.991698160873767,-3.000532941552392,1.2017796607877478,0.006578645676849851
11.311,1,-3.9940380284025836,2.995450955419069,1.2013284216729287,0.008158619385335734
11.321,0,-3.9916355410223474,-3.000542596420106,1.2017976996282544,0.006606575036221278
11.321,1,-3.9939609449433857,2.9954575309910525,1.201308327106542,0.007868498520827874
11.332,0,-3.9915746972752646,-3.000554796553072,1.2018212812817068,0.006674205874376946
11.332,1,-3.9938880243759334,2.9954638010024466,1.2012833176420177,0.00763854287114788
11.341,0,-3.9915157186609025,-3.0005695575019353,1.2018500318800214,0.006775646757001757
11.341,1,-3.99381925811555,2.99546978542721,1.2012529224917505,0.007479009779102879
11.351,1,-3.9937546157076125,2.995475531761824,1.201216864843511,0.007396117070627378
11.352,0,-3.9914586945860013,-3.0005868717221826,1.2018836684461298,0.006905893583013658
11.361,1,-3.9936940460703676,2.995481119580793,1.201174985003454,0.007393107579606749
11.362,0,-3.9914037190033684,-3.000606710491769,1.201921960425186,0.007060128059037004
11.371,0,-3.991350893862825,-3.000629027255732,1.201965125466879,0.007296694469415085
11.371,1,-3.993637480546387,2.9954866623496548,1.2011274872114288,0.007411639124156296
11.382,0,-3.9913003327481253,-3.00065376182493,1.2020144119267864,0.0076539174101025575
11.382,1,-3.9935848401481993,2.995492304906741,1.2010759960913724,0.007355860767380705
11.391,0,-3.991252161039025,-3.000680840491376,1.2020708208518587,0.008113381500836488
11.391,1,-3.993536034931976,2.9954982123421083,1.2010220836892171,0.007241640248208401
11.401,0,-3.9912065173646094,-3.000710179033069,1.202134982769611,0.008654457194452854
11.401,1,-3.9934909676057426,2.9955045571047956,1.2009668256015202,0.007087537213781315
11.409,0,-3.9911635542235855,-3.000741685887957,1.2022072698869715,0.009257987773298445
11.409,1,-3.9934495381205144,2.9955115090714486,1.2009109576469936,0.006908319084831762
11.419,0,-3.9911234374980844,-3.000775264820049,1.2022878915468456,0.009908426539494957
11.419,1,-3.993411646927166,2.9955192282515255,1.2008549934112056,0.006715627542275779
11.43,0,-3.991086344128701,-3.000810816486279,1.2023766149632649,0.0104874898994473
11.43,1,-3.993377197320438,2.9955278596332007,1.2007993523656382,0.006496464558052873
11.441,0,-3.9910524516332164,-3.0008482354609374,1.20247011035414,0.010687952213701054
11.441,1,-3.9933460983754587,2.9955375322697364,1.200745012777989,0.006192951281302783
11.449,0,-3.9910219431947516,-3.0008874182406413,1.2025644191371694,0.01059954121598133
11.449,1,-3.99331826165502,2.9955483667777822,1.2006930104270122,0.005831072791165384
11.461,0,-3.9909950118913198,-3.0009282694745485,1.202656812440672,0.010313908200255167
11.462,1,-3.9932935976996435,2.9955604861704197,1.2006440318312361,0.005438457364351726
11.471,0,-3.9909718578436464,-3.0009707030759363,1.2027454224328797,0.009900312645158683
11.472,1,-3.993272015047359,2.9955740239078996,1.2005985056094979,0.005037033210852383
11.481,1,-3.9932534205309937,2.9955891291725263,1.2005569020168314,0.004592339864483769
11.482,0,-3.990952685860633,-3.0010146431802993,1.20282915198464,0.009447164359129318
11.491,0,-3.9909376992514978,-3.0010600231674807,1.2029078550502101,0.009017894197131155
11.491,1,-3.993237722521372,2.9956059694129618,1.2005205292710674,0.004065313520702783
11.501,0,-3.99092707954456,-3.001106779036375,1.2029815716054943,0.008617754425979375
11.501,1,-3.9932248322825243,2.9956247245561496,1.2004905415260037,0.0035285224059575498
11.511,0,-3.9909209695308907,-3.001154843594425,1.2030503450277792,0.008253833316546756
11.512,1,-3.993214667865507,2.9956455806438167,1.200467683829797,0.0030627040546098465
11.521,0,-3.990919462759763,-3.0012041426025067,1.203114234277276,0.007931805167089625
11.521,1,-3.993207157508357,2.9956687250827176,1.20045243261389,0.0027655584907428834
11.531,0,-3.9909225975460654,-3.0012545921758913,1.2031732923302263,0.007654728625251279
11.531,1,-3.993202241514437,2.995694342657323,1.2004450573522232,0.002730909373217597
11.541,0,-3.990930353570447,-3.0013060969018173,1.20322730294165,0.007376264412143325
11.542,1,-3.993199871423689,2.995722610370068,1.2004449829071533,0.002962900346647653
11.551,0,-3.9909426546770703,-3.0013585464038277,1.2032751750547146,0.0070748110858070675
11.552,1,-3.9932000089114545,2.995753690119123,1.2004491901732257,0.0032843905113043776
11.561,0,-3.9909593922066753,-3.0014118100377454,1.2033159744776027,0.006798327718950268
11.561,1,-3.9932026414150723,2.9957877346158255,1.200455005951751,0.003611430282702601
11.571,0,-3.9909804445648223,-3.001465731742682,1.2033490978835584,0.006583743416069256
11.571,1,-3.9932077906681984,2.9958248878273674,1.2004605763238647,0.003942742750665487
11.581,0,-3.9910056907295037,-3.001520127588334,1.2033741839493708,0.006456184850475645
11.581,1,-3.9932155158642053,2.995865283447581,1.2004646308078448,0.004293947774604337
11.592,0,-3.9910350197608624,-3.001574785726323,1.203391020692016,0.006429630184534045
11.592,1,-3.993225914198979,2.9959090436439504,1.2004663035240908,0.004677886601850802
11.601,1,-3.9932391217130276,2.9959562805234894,1.2004657059645507,0.005095358097121168
11.601,0,-3.9910683381455376,-3.001629468032987,1.2033996860409995,0.006513981456306531
11.611,0,-3.991105577195967,-3.001683916708848,1.2034015936306417,0.006682522877407394
11.611,1,-3.9932553137228894,2.9960071014587455,1.2004655266599793,0.005533697242233541
11.621,1,-3.9932746857845185,2.9960615979759693,1.200468167700334,0.0060083695332456164
11.621,0,-3.9911466853333564,-3.0017378754408464,1.203398290913777,0.006887367408092934
11.632,0,-3.9911916205675024,-3.0017911138384896,1.2033908680309147,0.007107373016578627
11.632,1,-3.9932974406554593,2.9961198430638767,1.2004752225473143,0.006537484913203686
11.642,0,-3.9912403464230946,-3.0018434448928577,1.2033800911424917,0.007335327647934575
11.642,1,-3.9933237799428825,2.996181891915555,1.2004877318829097,0.007128721366113112
11.651,0,-3.9912928287785134,-3.0018947357621717,1.2033666122266002,0.007564905150771342
11.651,1,-3.9933538962117345,2.996247781305313,1.2005059589917269,0.007752496300093964
11.662,0,-3.991349030550277,-3.001944907870943,1.2033512603581686,0.007790609645591089
11.662,1,-3.993387969121004,2.996317528330125,1.2005289255386864,0.008375715424124977
11.671,0,-3.9914088981205436,-3.001993922098272,1.203334693514982,0.008012962447370053
11.671,1,-3.9934261755576217,2.996391136429081,1.20055573367878,0.008993950951923556
11.681000000000001,0,-3.9914723504807577,-3.0020417618467903,1.2033173768489507,0.008231597353868594
11.681000000000001,1,-3.993468695664147,2.9964685969557214,1.2005857436198462,0.009608672168900078
11.691,0,-3.9915392727785886,-3.0020884200663867,1.2032996257260942,0.008444956783869504
11.692,1,-3.993515715705172,2.996549889772892,1.2006184863992957,0.010221499910688108
11.701,0,-3.9916095110883876,-3.002133890432854,1.2032810099667006,0.008683481873035397
11.701,1,-3.9935674311446845,2.996634985386926,1.2006539848661582,0.01087354714317378
11.711,0,-3.991682868271661,-3.0021781614468876,1.2032595028554787,0.008964158305171856
11.711,1,-3.99362405106742,2.9967238520512556,1.2006941432645328,0.011620088808256377
11.722,0,-3.9917591092946156,-3.002221209213354,1.2032334625744971,0.009281121026849451
11.722,1,-3.9936857777079657,2.9968164522095995,1.2007408103336534,0.012446175539897363
11.73,0,-3.9918379614021213,-3.002262994016466,1.2032017946022098,0.009629903380117067
11.73,1,-3.993752791155498,2.996912744676748,1.2007951908224346,0.013337609098012666
11.741,0,-3.9919191153411075,-3.002303458904803,1.2031637865227938,0.010004454981488779
11.741,1,-3.99382524161771,2.997012688852381,1.2008580457969114,0.014282105902578437
11.751,0,-3.992002228107049,-3.002342529461701,1.2031189939191111,0.010397633946237352
11.751,1,-3.9939032445947125,2.9971162478006472,1.200929849201685,0.015267639489354886
11.761,1,-3.993986876309351,2.997223389042765,1.2010105505857354,0.01622187857975281
11.762,0,-3.9920869271632062,-3.002380113557264,1.2030676166115462,0.010725275710132966
11.771,0,-3.9921728192723958,-3.0024160990083186,1.2030130453114054,0.010817314537254244
11.772,1,-3.994076157517131,2.997334074413166,1.2010970418239122,0.016960303943870807
11.781,0,-3.9922594965829217,-3.002450363195371,1.2029589287244178,0.01072181720173741
11.781,1,-3.9941710668458255,2.997448260406304,1.201185566687348,0.017534214686156225
11.791,0,-3.992346548663101,-3.002482782164262,1.2029077552153589,0.010495532491464838
11.791,1,-3.9942715518392777,2.9975658937646146,1.2012735364222942,0.018000373667802806
11.801,0,-3.9924335742761343,-3.0025132358289315,1.2028611985248192,0.010184058510897018
11.801,1,-3.9943775282761305,2.997686902516049,1.201359182950272,0.018399752183890086
11.811,0,-3.992520190394694,-3.002541614180025,1.2028192790738568,0.009929074832284229
11.811,1,-3.9944888815916735,2.997811191237102,1.2014414910584914,0.018779613164142207
11.822,0,-3.9926060406791177,-3.0025678218493597,1.2027790008578547,0.00977614492858793
11.822,1,-3.9946054682608394,2.99793864192098,1.2015204240222088,0.019165861552556986
11.83,1,-3.99472710737922,2.99806911778578,1.2015961016985732,0.019550133967689582
11.831,0,-3.9926908002974812,-3.002591768150372,1.2027378285056178,0.009687721228880493
11.842,0,-3.992774178681196,-3.002613363166474,1.2026940381572393,0.00964986874201025
11.842,1,-3.994853576503739,2.9982024702401544,1.2016686067043256,0.019925727820800564
11.851,0,-3.9928559210758263,-3.0026325163815253,1.202646476095609,0.009657559550009466
11.851,1,-3.994984611210414,2.9983385449784237,1.2017380118242416,0.020287251685069188
11.862,0,-3.99293580901017,-3.002649136169595,1.2025943758989421,0.00971004601137727
11.862,1,-3.9951199067801713,2.99847718675579,1.201804371750927,0.02062941930256269
11.871,0,-3.99301365799088,-3.002663127430399,1.202538196131583,0.009666115351027254
11.871,1,-3.9952591211024555,2.9986182429648127,1.2018676404099637,0.020941112915427443
11.881,0,-3.9930893149400974,-3.0026743920981476,1.2024808944469259,0.009446593596815064
11.881,1,-3.9954018789050845,2.9987615681033195,1.2019273979787712,0.021213245732901374
11.891,0,-3.9931626671890834,-3.0026828481012413,1.202424920650378,0.00910305742383992
11.891,1,-3.995547782234678,2.9989070352472367,1.2019832492634361,0.021451992905737533
11.901,0,-3.9932336453368653,-3.0026884403724763,1.2023719346369393,0.008680334061532062
11.901,1,-3.9956964201477287,2.9990545460845355,1.2020349368095615,0.021662601622794233
11.911,0,-3.9933022228049193,-3.0026911469414532,1.2023230581835802,0.008214137139589314
11.911,1,-3.995847376397127,2.999204036837324,1.2020823088166641,0.021849687273581105
11.921,0,-3.9933684140234513,-3.0026909823859036,1.2022790408863884,0.007733617226626557
11.921,1,-3.996000235793617,2.9993554811455185,1.2021252912955906,0.02201720274100164
11.931000000000001,0,-3.9934322729948972,-3.002688001030732,1.20223967779246,0.0073553113444834416
11.931000000000001,1,-3.996154590523861,2.9995088918133894,1.2021644542183112,0.022195986655142528
11.941,0,-3.9934938913331055,-3.0026822993426365,1.2022022784777506,0.007150958434097242
11.941,1,-3.996310047250102,2.9996643210309233,1.20220241704657,0.022403096426833184
11.951,0,-3.9935533827701026,-3.0026740016264992,1.2021644551085424,0.0070734770761631425
11.951,1,-3.9964662301507055,2.999821847560823,1.2022414562773514,0.022624066586100288
11.961,0,-3.9936108736616336,-3.0026632520238477,1.2021245819124509,0.007098571390818289
11.961,1,-3.996622787463889,2.9999815674000994,1.2022830930468607,0.02285368118428286
11.971,0,-3.993666496890625,-3.0026502094420398,1.2020815606705146,0.007209091173676059
11.971,1,-3.9967793967427188,3.000143587055394,1.20232832293694,0.023090736542385637
11.981,0,-3.9937203862867396,-3.0026350422050694,1.2020351395097673,0.007309389256754201
11.981,1,-3.996935767895661,3.0003080180618533,1.2023778709317812,0.02333993504160846
11.991,0,-3.993772672168583,-3.0026179245736473,1.2019868814285841,0.00731398398431331
11.991,1,-3.997091643199792,3.0004749692320587,1.202432472636713,0.023605565662843653
12.001,0,-3.993823484221901,-3.0025990446208572,1.201938241535624,0.007249339561553477
12.002,1,-3.9972467934181473,3.000644531259038,1.202492640618254,0.023885190468458613
12.011,0,-3.993872951952876,-3.002578608376246,1.201890223804294,0.007137059815423635
12.011,1,-3.9974010132113995,3.0008167635902088,1.202558678703479,0.024175330080604254
12.02,0,-3.993921204068157,-3.0025568410406183,1.2018435060232007,0.006994046892268805
12.02,1,-3.997554117179902,3.0009916861460106,1.2026307370205491,0.024471792849235632
12.031,0,-3.993968367721781,-3.002533986815718,1.2017985382532137,0.006831303231505813
12.031,1,-3.9977059365095813,3.0011692748017103,1.202708859183969,0.02477020890008705
12.041,0,-3.9940145677935184,-3.0025103076981283,1.2017555435167064,0.0066729257765072245
12.041,1,-3.997856316750513,3.001349458624655,1.2027926364438892,0.025022103606926017
12.051,0,-3.994059924843733,-3.0024860791590506,1.2017140919033225,0.006554472739139072
12.051,1,-3.9980051191220762,3.001532113081814,1.2028790399482028,0.02513379212192269
12.062,0,-3.994104546662209,-3.002461575881159,1.2016736377485524,0.006462949777079924
12.062,1,-3.9981522163970684,3.001717063795264,1.2029648871438736,0.02513574304024948
12.071,0,-3.9941485196359436,-3.0024370562800247,1.2016337932307763,0.006387740230661388
12.071,1,-3.998297490148723,3.0019040868503515,1.203048008641574,0.025057671445948657
12.081,0,-3.994191903513357,-3.0024127515828702,1.201594291838103,0.006321569714478254
12.081,1,-3.9984408301603906,3.0020929079315835,1.203126949442469,0.024921121611637544
12.091,0,-3.9942347287836273,-3.002388858477978,1.2015549362816034,0.006260931872612706
12.091,1,-3.9985821338980108,3.002283203935425,1.2032007367111102,0.02473988190382901
12.101,0,-3.994276996237066,-3.0023655346867715,1.2015156219943226,0.006194979396310453
12.101,1,-3.998721305878042,3.002474606609853,1.2032688129797102,0.024528624314575392
12.112,0,-3.994318683681585,-3.0023428964118253,1.2014764378571499,0.006116971052743499
12.112,1,-3.9988582581091627,3.0026667085278316,1.203331137373851,0.02429494441718153
12.121,0,-3.9943597658571868,-3.002321016380409,1.201437461713132,0.00603278662809603
12.121,1,-3.998992914167679,3.002859071173862,1.203387770867026,0.024036269611336925
12.131,0,-3.9944002337546616,-3.0022999237682617,1.2013987281611076,0.005947347371928942
12.131,1,-3.9991252124791963,3.003051233936432,1.2034387758894247,0.02375108634999787
12.141,0,-3.994440107854726,-3.0022796058700765,1.201360254681487,0.0058651639884940545
12.141,1,-3.9992551081845633,3.00324272223666,1.2034842287683056,0.023438701000116996
12.151,0,-3.9944794460491058,-3.0022600110170163,1.20132220461837,0.005763427825069086
12.151,1,-3.999382573690349,3.0034330542283385,1.2035244650092012,0.02310957537046417
12.161,1,-3.99950759962577,3.0036217467359396,1.2035606590602526,0.022767985938008144
12.162,0,-3.994518339919998,-3.0022410535434454,1.2012852579861932,0.005625432161370298
12.171,0,-3.9945568923222114,-3.002222620691696,1.2012499985562453,0.005468675829960174
12.171,1,-3.999630203106028,3.003808324296796,1.2035938327169875,0.0224059075254253
12.181,0,-3.9945951937600355,-3.0022045796685166,1.201216823423012,0.0053051896586676275
12.181,1,-3.999750433324584,3.0039923270104136,1.2036246993253918,0.02202024072573311
12.191,0,-3.9946333057635353,-3.00218678329924,1.2011859860380107,0.005143370466729648
12.191,1,-3.9998683742263283,3.0041733161341324,1.203653744292816,0.02161083485395577
12.202,0,-3.994671250115603,-3.002169074414976,1.2011576399253796,0.004987080144982125
12.202,1,-3.9999841452872618,3.0043508779614876,1.2036812973441773,0.021179530105469618
12.211,0,-3.9947090027243792,-3.002151289369494,1.2011315764097854,0.004884486852843096
12.211,1,-4.000097900819221,3.004524626955193,1.2037074858124142,0.020725496159313055
12.222,0,-3.9947464973778226,-3.002133259938754,1.2011060952248134,0.004887033314641093
12.222,1,-4.000209826075923,3.0046942099456553,1.203731854786031,0.020248085737614843
12.231,0,-3.9947836477636693,-3.0021148112584974,1.2010795635041887,0.004964172762487236
12.231,1,-4.000320124091117,3.0048593076518166,1.2037539311367702,0.019754497961873122
12.241,0,-3.99482037171972,-3.0020957593972923,1.201050875555748,0.005101108877706475
12.241,1,-4.000429002730518,3.0050196368446622,1.2037734073143758,0.019251059111695674
12.25,0,-3.994856608780831,-3.0020759106030166,1.2010192944427647,0.0052902643423727936
12.25,1,-4.000536665351754,3.0051749522380864,1.203790089386331,0.01874315233529019
12.261,0,-3.994892331987167,-3.0020550619064057,1.2009843292785034,0.005527025636037791
12.261,1,-4.000643304210356,3.005325047423759,1.2038038544791394,0.01823544609476015
12.271,0,-3.9949275546399243,-3.0020330018974635,1.2009463275921526,0.00568431429786142
12.271,1,-4.000749095834171,3.0054697539452166,1.203814783193267,0.017734400426558508
12.281,0,-3.99496232720642,-3.002009514345725,1.2009080111623278,0.005659748890345561
12.281,1,-4.000854201416188,3.005608935108859,1.203823710943247,0.017244326301226683
12.291,0,-3.9949967209648896,-3.001984396449091,1.2008717679762984,0.005527480569891146
12.291,1,-4.000958778555956,3.0057424806897126,1.2038314395566385,0.016765098587008358
12.301,0,-3.995030809239141,-3.001957474051081,1.2008391909957057,0.005349101572789597
12.302,1,-4.001062993419722,3.0058702980107124,1.2038385169971924,0.016298430619719827
12.31,0,-3.9950646531399054,-3.0019286109035925,1.2008113382567749,0.005172676503724427
12.31,1,-4.00116702865868,3.005992303808345,1.203845327405162,0.015847006383623043
12.321,0,-3.9950982916464124,-3.0018977139344236,1.2007888771353488,0.005035247327052973
12.321,1,-4.0012710875782895,3.0061084193837257,1.2038520054626833,0.015412791562507473
12.331,0,-3.995131735928993,-3.001864735303773,1.200772181500371,0.004959709288018483
12.331,1,-4.001375390345616,3.00621857207007,1.2038581888111484,0.014998404819073477
12.342,0,-3.995164967998954,-3.0018296717711714,1.2007614633126886,0.004956564196559251
12.342,1,-4.0014801578701436,3.0063227012068117,1.203863539843745,0.014608167221786506
12.351,0,-3.9951979414101033,-3.001792562440255,1.2007568142857765,0.005026725674721599
12.351,1,-4.001585595726748,3.006420767322511,1.2038678256988142,0.014245863793274431
12.361,0,-3.995230582798098,-3.0017534853309824,1.2007582448420262,0.0051633090362857
12.361,1,-4.001691883016634,3.006512759075068,1.2038708815651962,0.013914588209606962
12.371,0,-3.9952627941693275,-3.0017125540417995,1.2007653467747899,0.005335284319123057
12.371,1,-4.001799165152072,3.0065986980005674,1.2038725381349784,0.01361648833992597
12.381,0,-3.9952944578629594,-3.0016699143944607,1.200775911011011,0.005473984175596009
12.381,1,-4.00190755031467,3.006678643190539,1.2038723804113642,0.01335386462254592
12.391,0,-3.995325444684739,-3.00162573064185,1.2007878307914723,0.005562894022397482
12.391,1,-4.002017111233854,3.0067526935426745,1.2038700402218412,0.013129100716295116
12.401,0,-3.9953556225318794,-3.001580174695772,1.200799654741127,0.005608625350951953
12.401,1,-4.002127888662735,3.0068209900533516,1.2038652788489808,0.012943380826588413
12.411,0,-3.99538486319824,-3.001533419131292,1.2008103990318453,0.005622956428891377
12.411,1,-4.002239894850763,3.006883716469199,1.2038579605635649,0.01279651789776167
12.42,0,-3.9954130473842717,-3.0014856320417103,1.200819392498265,0.005616678013158821
12.42,1,-4.0023531168898066,3.0069410983811853,1.203848008058528,0.012687135840191486
12.431000000000001,1,-4.002467519949536,3.0069934009131893,1.2038353878716563,0.012612407206494432
12.431000000000001,0,-3.9954400681561846,-3.0014369733122432,1.2008262168265376,0.005600337189352772
12.441,0,-3.9954658317302316,-3.001387592191113,1.2008308935472014,0.005580757285397905
12.441,1,-4.002583050200292,3.007040923308546,1.2038202054668363,0.012566717385356543
12.451,0,-3.995490253945047,-3.0013376272824717,1.2008335582334149,0.0055574182695574716
12.451,1,-4.002699635755239,3.007083985677412,1.2038026265490245,0.012544837890047844
12.461,0,-3.995513255264996,-3.0012872070651713,1.2008343016924807,0.00553034165997418
12.461,1,-4.002817186643021,3.007122911587821,1.2037827827729044,0.012541099219361716
12.47,0,-3.9955347570156774,-3.001236450184223,1.200833196779598,0.005499927180476696
12.47,1,-4.002935595352897,3.007158013950541,1.2037607914249582,0.012549813658671645
12.481,0,-3.9955546787451426,-3.0011854656426413,1.2008304744837421,0.005463979721395993
12.481,1,-4.003054737787057,3.0071895850369583,1.2037367688957954,0.01256494482542131
12.491,0,-3.995572938427322,-3.001134351510873,1.200826919744378,0.0054182657552923124
12.491,1,-4.0031744748598594,3.007217888757096,1.2037108623911088,0.01258109176450391
12.502,0,-3.9955894598701622,-3.001083190893805,1.2008232024174632,0.005364629263765278
12.502,1,-4.003294655161171,3.0072431536956516,1.2036832026685496,0.012594279067898215
12.511,1,-4.003415117792694,3.0072655681394247,1.2036539031545566,0.012601389143730244
12.512,0,-3.995604179448174,-3.001032048099034,1.2008197770695463,0.005307174891665012
12.521,1,-4.003535694750794,3.007285277780792,1.2036230512200567,0.01260031948620258
12.521,0,-3.9956170505486885,-3.0009809664785347,1.2008169368524146,0.005250513577174895
12.531,0,-3.9956280463179246,-3.000929967627784,1.200814861784329,0.005198818383817168
12.531,1,-4.003656212894625,3.007302385349436,1.2035907171428035,0.012589043231289707
12.542,0,-3.9956371610634998,-3.0008790516005535,1.2008136338100852,0.005155903207867427
12.542,1,-4.0037764957820405,3.007316951074129,1.2035573138087332,0.012541983627793692
12.551,0,-3.9956444103737203,-3.000828197366467,1.2008129061655657,0.005124447857596486
12.551,1,-4.003896367561718,3.0073289977889335,1.2035243755838156,0.012440560669876895
12.561,0,-3.9956498253530426,-3.000777361987235,1.2008122199329307,0.00510572831674765
12.561,1,-4.004015662586981,3.007338531534109,1.2034932172347526,0.012302187602265277
12.571,0,-3.9956534452713446,-3.000726479598557,1.2008112614531259,0.005101830161992923
12.572,1,-4.004134234808941,3.007345558591255,1.2034647298512764,0.012141958022934279
12.582,0,-3.995655312478969,-3.000675461414499,1.2008098068277822,0.005115008470248499
12.582,1,-4.004251964169289,3.0073500967660585,1.2034395147861519,0.011972472343940515
12.591,0,-3.9956554688019055,-3.0006241965659672,1.2008076914925359,0.00514735754886082
12.591,1,-4.0043687606440415,3.0073521828964944,1.203417960893759,0.011803949208025211
12.601,0,-3.9956539519088126,-3.0005725531911325,1.2008055397702642,0.005192109417228992
12.601,1,-4.004484567090039,3.007351879335192,1.2033994632650693,0.01167699172665255
12.612,0,-3.995650793609126,-3.0005203806641694,1.2008064849088442,0.005269667375982547
12.612,1,-4.004599357826394,3.007349279669238,1.203380496327787,0.011614788092364653
12.62,0,-3.995646032351948,-3.0004675176116056,1.2008132228740052,0.005441086846961596
12.62,1,-4.004713123287164,3.007344498133911,1.2033579737864677,0.01161220079354489
12.628,0,-3.99563972131159,-3.000413799501084,1.2008275405866817,0.005752093991080602
12.63,1,-4.004825857003755,3.007337665254241,1.2033298125414735,0.01167589478550294
12.641,0,-3.995631932546481,-3.000359064345342,1.200850601226147,0.006215709061174973
12.641,1,-4.004937546992913,3.0073289258712195,1.2032946403030016,0.011811355297930426
12.651,0,-3.9956227597188807,-3.0003031578144874,1.200882670683937,0.006753136152412682
12.651,1,-4.005048169679847,3.0073184365815413,1.2032519534608581,0.011975470385163884
12.661,0,-3.995612318772651,-3.0002459420954186,1.2009222152603751,0.007258325263363231
12.661,1,-4.005157685747479,3.007306360599446,1.2032033992103301,0.012086920040285864
12.671,0,-3.995600741489984,-3.0001873079282677,1.2009677880390455,0.0077214930268894085
12.671,1,-4.005266043269402,3.0072928659354723,1.2031507384068725,0.012146010689252446
12.681000000000001,0,-3.9955881707583623,-3.0001271864401793,1.2010183711500517,0.008144326118017268
12.681000000000001,1,-4.0053731809581965,3.007278120450483,1.2030952061698725,0.01216089293786212
12.691,0,-3.9955747567793454,-3.0000655567505494,1.2010732302237321,0.008530101915107998
12.691,1,-4.0054790303306165,3.007262286964143,1.203037657155558,0.012139951080799408
12.701,0,-3.995560653835982,-3.000002450365744,1.2011312488312453,0.008787859951376648
12.701,1,-4.005583517946245,3.0072455198772974,1.2029784720508887,0.012115961239157947
12.711,0,-3.995546016490166,-2.9999379506019492,1.201190076275416,0.008883675945137946
12.711,1,-4.005686569856056,3.0072279615273576,1.2029173386409724,0.012107615320036855
12.721,0,-3.995530993265945,-2.99987218256223,1.201247846573809,0.00886665066287438
12.721,1,-4.005788118199655,3.0072097363385986,1.2028539572805148,0.01211125306778928
12.731,1,-4.005888107421913,3.0071909467333917,1.2027881353248124,0.012124428855250181
12.731,0,-3.995515722675321,-2.9998053050907263,1.2013032896304754,0.008773968193716928
12.741,0,-3.9955003306820935,-2.9997375040556156,1.201355564441479,0.008631918056537239
12.741,1,-4.0059864983978555,3.0071716708121947,1.202719770560019,0.012145633670568015
12.751,1,-4.006083270746281,3.0071519614239945,1.2026488098371442,0.012175315101244448
12.751,0,-3.9954849291285917,-2.999668986250877,1.2014041127078527,0.008457429404857436
12.762,0,-3.995469614863561,-2.9995999740207524,1.2014480373704197,0.008190610677493475
12.762,1,-4.00617842351073,3.007131846219867,1.202575282703156,0.012205007415814992
12.771,0,-3.9954544691364706,-2.999530699637263,1.2014847988887014,0.007818396470417138
12.771,1,-4.0062719723845825,3.007111326952931,1.2024994328939205,0.012226384458525159
12.782,0,-3.995439557664994,-2.9994613969717925,1.201512270196349,0.007440524503624306
12.782,1,-4.006363941893951,3.0070903765885477,1.202421498425913,0.01224314992356733
12.791,0,-3.995424931169128,-2.9993922955967354,1.2015290505130503,0.007141486267605247
12.791,1,-4.00645435721107,3.007068937174821,1.2023416563402578,0.012258158357533546
12.801,0,-3.9954106261513282,-2.9993236166020325,1.2015342518117713,0.006987668291074164
12.801,1,-4.006543238116594,3.007046919625189,1.2022600444311136,0.012272311594680193
12.811,0,-3.9953966661416938,-2.999255569750328,1.2015277722742383,0.007001751957343199
12.811,1,-4.006630594809092,3.0070242049017697,1.202176854034485,0.012266206490144586
12.821,0,-3.9953830661139986,-2.999188351359563,1.2015111929402054,0.007119518467575216
12.821,1,-4.006716423446217,3.0070006452800735,1.2020932085973999,0.012156716750680757
12.831,0,-3.9953698419200405,-2.9991221393687995,1.2014859983712307,0.0072899966869239136
12.831,1,-4.006800702231084,3.0069760671342918,1.2020105637536334,0.011965533368969864
12.841,0,-3.9953570197678863,-2.9990570896903783,1.201453261410701,0.0074874536429111686
12.841,1,-4.006883387622986,3.0069502748129846,1.2019299299308646,0.01171985468475125
12.851,0,-3.99534464277522,-2.9989933344452675,1.201413757568336,0.007700828840135039
12.851,1,-4.006964411373529,3.006923054370869,1.2018519806827273,0.011440348536436839
12.861,0,-3.995332775003689,-2.9989309814748046,1.2013680530148183,0.00792471532929245
12.861,1,-4.007043679485029,3.006894177517351,1.2017771554632477,0.011140929165781435
12.871,0,-3.995321503635467,-2.998870115024512,1.2013167674829794,0.008112117178305456
12.871,1,-4.007121072877879,3.006863405665906,1.2017056395940684,0.010857147953946203
12.881,0,-3.9953109407547283,-2.9988107998524636,1.2012621411867992,0.00812508206952803
12.881,1,-4.007196451335656,3.0068304960281655,1.201636504501846,0.010665609831959478
12.891,0,-3.9953012223666398,-2.9987530844394144,1.2012066800406545,0.00799423806225023
12.891,1,-4.007269657899319,3.0067952055237845,1.201568551812712,0.01054395213993935
12.901,0,-3.995292506158556,-2.9986970056332587,1.2011521200894781,0.0077601447434693166
12.901,1,-4.0073405249011635,3.0067572947213828,1.2015009687353049,0.010473208934603918
12.912,0,-3.9952849691165784,-2.998642593902331,1.201099635413411,0.0074559982539574784
12.912,1,-4.007408880304749,3.0067165323227414,1.201433204010697,0.010442716957276218
12.922,0,-3.995278804694251,-2.9985898773300588,1.201050007763717,0.00710596837270374
12.922,1,-4.007474552684499,3.0066726986069314,1.2013648851400942,0.010445763998566537
12.931000000000001,0,-3.995274219383627,-2.998538884100609,1.2010035702362611,0.0067613666665780935
12.931000000000001,1,-4.007537375316949,3.0066255881227386,1.2012957234430752,0.01048752584864162
12.941,0,-3.9952714248993413,-2.9984896420929315,1.2009598358635738,0.006459078405828047
12.941,1,-4.007597191815654,3.0065750125126542,1.2012253399273118,0.010574158661776497
12.951,0,-3.9952706247015337,-2.998442176848445,1.2009182958753841,0.006189433381728867
12.951,1,-4.00765386431135,3.0065208026946575,1.2011534373871056,0.010700955421790828
12.961,0,-3.9952720006756532,-2.9983965080687205,1.2008785877568922,0.0059462346966847185
12.961,1,-4.007707280999952,3.006462810803816,1.2010798245662129,0.010863704461223818
12.971,0,-3.9952757037740048,-2.9983526467538653,1.2008404648543376,0.005726721463414628
12.971,1,-4.0077573610898805,3.006400911194073,1.201004396934939,0.011059268556649418
12.981,0,-3.9952818469641898,-2.9983105922883264,1.2008032235005244,0.005622857410643242
12.981,1,-4.007804057129585,3.006335000387111,1.2009271808553723,0.011270188626770731
12.992,0,-3.995290502456426,-2.998270329555414,1.2007644472224621,0.005711736206890376
12.992,1,-4.007847352341223,3.006264996597783,1.2008485238260669,0.01148121116354159
13.001,1,-4.0078872527480405,3.0061908427671717,1.2007687562905955,0.011698249102010005
13.002,0,-3.995301716641876,-2.9982318338034832,1.200722087445118,0.005955626931764511
13.011,0,-3.9953155215461176,-2.9981950728430884,1.2006747724904447,0.006326956003253599
13.011,1,-4.007923778044406,3.006112508257334,1.200688109346782,0.011925185530028876
13.022,0,-3.9953319420757474,-2.9981600082107094,1.2006215950093724,0.006799517286149181
13.022,1,-4.007956954513386,3.0060299891711044,1.200606742910257,0.012162916125729763
13.028,0,-3.995351001144031,-2.9981265963381745,1.2005619756625916,0.007349309827049066
13.028,1,-4.007986809912774,3.005943307902377,1.200524778959677,0.012410474639407736
13.041,0,-3.9953727235651133,-2.9980947898702413,1.2004957313820466,0.007911465573942265
13.041,1,-4.008013368838413,3.005852510795843,1.2004426575320724,0.012593402790977473
13.052,0,-3.995397137315613,-2.998064540222306,1.2004236265343815,0.008414216377921432
13.052,1,-4.0080366443313915,3.0057576608083516,1.2003630431173535,0.012586131727508578
13.062,0,-3.9954242628782737,-2.9980357993258657,1.2003464807214188,0.00887058746032191
13.062,1,-4.00805664438837,3.0056588529787636,1.2002886961979986,0.012470238809741256
13.071,0,-3.995454103361882,-2.9980085222048696,1.2002648982389321,0.009293424066034284
13.071,1,-4.008073375482379,3.0055562252424144,1.200221471954266,0.012312626911366574
13.081,1,-4.008086842270086,3.005449960573735,1.2001625834468674,0.012159931548132247
13.082,0,-3.995486638462443,-2.9979826690047267,1.2001793099712836,0.009692735190243383
13.092,0,-3.9955218210445986,-2.9979582061753307,1.2000900333126852,0.010072542575346222
13.092,1,-4.008097047680331,3.0053402866929386,1.2001128051160692,0.012041318423475835
13.101,0,-3.9955595758439153,-2.997935106978997,1.1999973539824431,0.010427378848993786
13.101,1,-4.00810399431489,3.005227474999081,1.2000722842575173,0.012003902289479215
13.112,0,-3.9955998003011373,-2.997913349006383,1.1999016545742796,0.010749235529972923
13.112,1,-4.008107690102965,3.005111839737375,1.2000393497547694,0.012063526080863118
13.121,0,-3.9956423675558295,-2.9978929042336016,1.1998032561604466,0.01104643131515037
13.121,1,-4.008108146596017,3.004993723419532,1.2000122890771725,0.012168761829834767
13.131,0,-3.9956871308505137,-2.9978737290125004,1.1997023931131745,0.011323839654470135
13.131,1,-4.008105381172951,3.0048734862672544,1.1999899006251433,0.012288968056937218
13.141,0,-3.9957339277310817,-2.9978557576446225,1.1995992418426693,0.011585318680301321
13.141,1,-4.008099420137141,3.0047514991929467,1.199971336587017,0.012406461933841734
13.151,0,-3.995782584926977,-2.9978388994551954,1.199494408650393,0.011719310814210026
13.151,1,-4.008090301473865,3.004628138143828,1.1999556901456432,0.012519966709980158
13.162,0,-3.9958329268354937,-2.9978230428361368,1.199390087363613,0.011642999559515192
13.162,1,-4.008078078227117,3.004503778535076,1.199941226985392,0.012626448356977502
13.171,0,-3.9958847839674,-2.997808066622747,1.1992881685679038,0.011426680628093254
13.171,1,-4.008062815889954,3.0043787858883264,1.1999265271779078,0.012717441646354005
13.181,0,-3.995938003634318,-2.9977938540568796,1.1991899153526353,0.011121517120391911
13.181,1,-4.008044592443083,3.004253509513269,1.1999106205741727,0.012791085702180923
13.191,0,-3.9959924577408894,-2.997780303481583,1.1990961549297583,0.010762581432222248
13.191,1,-4.008023498409876,3.0041282782392726,1.1998928507558158,0.012847831759629181
13.201,0,-3.9960480474236233,-2.997767335640962,1.199007425162197,0.010375297766043838
13.201,1,-4.007999636154813,3.0040033974608047,1.1998727925045285,0.012889020504240518
13.211,1,-4.007973117714798,3.003879147470205,1.1998505143612552,0.012901202576519274
13.211,0,-3.996104704328328,-2.9977548978668014,1.1989234628910892,0.010094946813347692
13.221,0,-3.996162387737381,-2.9977429643472697,1.198842457839243,0.009970253449849855
13.221,1,-4.007944059629605,3.0037557821678953,1.1998270192342837,0.01287630484728644
13.231,0,-3.99622107993071,-2.9977315331594863,1.1987629025775948,0.00995038682670186
13.231,1,-4.007912577752031,3.0036335259974463,1.1998031615533737,0.012821049579112424
13.241,0,-3.996280779567643,-2.9977206217428853,1.1986837448402383,0.0100033125774919
13.241,1,-4.007878780050968,3.00351257204264,1.1997795214720972,0.01274251148832936
13.251,0,-3.9963414961736383,-2.997710262886456,1.1986042499410514,0.010106161877960146
13.251,1,-4.007842761098037,3.0033930816862133,1.199756486339031,0.012646957880122787
13.261,0,-3.996403245897965,-2.9977005013190317,1.198523917720498,0.010243179930720797
13.262,1,-4.007804598460408,3.0032751854062703,1.199734324971815,0.012539720642478045
13.271,1,-4.007764350892139,3.0031589841717046,1.1997131645846468,0.012428277334066961
13.272,0,-3.996466049091601,-2.9976913911926544,1.198443132138708,0.010253114144132377
13.281,0,-3.9965299298847112,-2.997682993731418,1.198364812587133,0.010023098472383696
13.281,1,-4.007722058584253,3.003044548278398,1.1996928744019053,0.012319037852499149
13.291,0,-3.996594911202925,-2.997675369853666,1.1982915228889748,0.009647877707166354
13.291,1,-4.007677744956129,3.002931911008874,1.1996733147615957,0.012215149201165981
13.301,0,-3.99666101295808,-2.997668574630456,1.1982249918546177,0.009199590188234096
13.301,1,-4.0076314193307825,3.002821062711453,1.1996543994564965,0.012120459616480587
13.311,0,-3.996728251517914,-2.9976626537626903,1.198166357490964,0.008734718406410468
13.311,1,-4.007583079316727,3.0027119479886877,1.1996360655185898,0.012039334296342658
13.321,0,-3.9967966393508463,-2.9976576411707243,1.1981162319501608,0.00831768398039224
13.321,1,-4.007532713258116,3.002604465335256,1.1996180307063404,0.011985997395730608
13.331,0,-3.9968661860790884,-2.9976535552642276,1.1980742016360746,0.008007899258399098
13.331,1,-4.007480304544545,3.002498474315758,1.1995989431206602,0.011976772739495847
13.34,0,-3.996936907436894,-2.9976503914977335,1.1980396103390607,0.007791675736055538
13.34,1,-4.007425833635731,3.002393823928432,1.1995775354811478,0.012008390549639073
13.352,0,-3.9970088349413464,-2.9976481146072262,1.198011956652362,0.0076583758490989225
13.352,1,-4.007369282173011,3.002290380491098,1.1995529535034934,0.012077271241535709
13.361,0,-3.9970820221176213,-2.997646653927452,1.1979908523196823,0.007600668689658135
13.361,1,-4.007310637092633,3.00218804647496,1.1995246421252967,0.01217826153112186
13.371,0,-3.9971565477143303,-2.9976459014881507,1.1979758045619224,0.007622801623749511
13.371,1,-4.007249893237133,3.0020867726465728,1.1994924435532544,0.012287994923890575
13.381,1,-4.007187053905348,3.001986562362732,1.199457589579402,0.012361504682457499
13.382,0,-3.997232512252676,-2.9976457153356644,1.1979651648444372,0.007719128122639778
13.391,0,-3.9973100254801968,-2.9976459370465354,1.1979572573400148,0.007855765924485864
13.391,1,-4.0071221375824875,3.0018874579763883,1.1994214593714212,0.012401804112649807
13.401,0,-3.9973891904459067,-2.9976464108953773,1.1979509156500203,0.008015290466685527
13.401,1,-4.0070551826837715,3.001789522979772,1.1993850013785439,0.012415446163607133
13.411,0,-3.997470090912679,-2.9976469973379807,1.1979453165055154,0.008188343408335862
13.411,1,-4.0069862489177535,3.0016928284362736,1.1993488514283148,0.012408919331638815
13.422,0,-3.9975527827271846,-2.997647582088118,1.1979398793059908,0.008368917365914918
13.422,1,-4.0069154172198385,3.001597442865425,1.1993134284207345,0.012386838248040124
13.431000000000001,0,-3.997637288185635,-2.9976480816991753,1.1979340313634643,0.008556401086682411
13.431000000000001,1,-4.006842788413031,3.0015034254139215,1.199279225806868,0.01233740786776838
13.44,0,-3.9977235940276787,-2.9976484451750127,1.1979261727774149,0.008759788917018828
13.44,1,-4.006768480831804,3.001410822439114,1.1992473435119242,0.012254939518341685
13.45,0,-3.997811664405234,-2.99764864872145,1.19791472425443,0.00898571965801104
13.45,1,-4.006692630088182,3.001319665519524,1.1992186765658623,0.012154789566944482
13.458,0,-3.997901455525985,-2.997648688506696,1.197898614691894,0.009241011200341723
13.458,1,-4.006615387260215,3.0012299715729904,1.1991938091830294,0.012047541216380658
13.471,1,-4.006536916431642,3.0011417436988377,1.1991731073158731,0.011940399138519426
13.472,0,-3.9979929258848053,-2.997648574761911,1.1978771269593467,0.00953030944798631
13.481,0,-3.998086044239232,-2.9976483272089527,1.1978502246195672,0.009816882912082246
13.481,1,-4.006457392653013,3.001054971749524,1.1991564028661135,0.01185039113580188
13.491,0,-3.998180793110224,-2.9976479724783474,1.197820116972107,0.010034274483783764
13.491,1,-4.006377002174875,3.0009696326205906,1.1991421618848241,0.01177922670700446
13.501,1,-4.006295944135769,3.0008856944411737,1.1991290144210984,0.011712876654793675
13.501,0,-3.998277152597203,-2.997647545205312,1.1977889925177387,0.010194106411538608
13.511,0,-3.998375085181413,-2.997647089275483,1.1977583350018364,0.010312629705915325
13.511,1,-4.0062144339382595,3.000803118764129,1.1991160030601187,0.011644553561703836
13.521,0,-3.998474526578519,-2.997646658034484,1.1977291439927584,0.010402466932484875
13.521,1,-4.006132705101263,3.000721861889274,1.199102454803128,0.011570247112357346
13.531,0,-3.9985753803567863,-2.997646313829107,1.1977020971810244,0.010471905094535388
13.531,1,-4.00605100947346,3.0006418761209916,1.199087908962571,0.011487439950341894
13.542,0,-3.998677515684891,-2.9976461269759356,1.1976777391388806,0.010520329868995397
13.542,1,-4.005969616398171,3.000563111211405,1.1990723584130158,0.011383316865890286
13.551,0,-3.9987807697837416,-2.9976461727101675,1.197656704549243,0.010550310626604123
13.551,1,-4.005888811240634,3.00048551682803,1.1990566633401056,0.011249914450191996
13.561,0,-3.9988849554307238,-2.997646525118668,1.197639459070361,0.010568409547394611
13.561,1,-4.005808892878649,3.000409045086418,1.1990415467669944,0.01108983174406656
13.571,0,-3.99898986921656,-2.9976472517635515,1.197626285862387,0.01057894361440797
13.571,1,-4.00573017079871,3.0003336538295153,1.199027489070407,0.010905409207947313
13.581,0,-3.999095298531944,-2.997648410023134,1.1976173377605503,0.010584163304846524
13.582,1,-4.005652962203989,3.0002593089752163,1.1990147883784323,0.01069849304596863
13.591,0,-3.999201027364402,-2.9976500448615715,1.1976126975104933,0.010585262507186274
13.591,1,-4.005577589143636,3.0001859859688658,1.199003622958454,0.010470069616027663
13.601,0,-3.9993068408082335,-2.9976521873287623,1.1976117865919609,0.010581772029956664
13.601,1,-4.00550437480636,3.0001136703103244,1.1989937850286434,0.010228705769605419
13.611,1,-4.00543363357888,3.0000423563235135,1.1989839564760867,0.0099808262526285
13.612,0,-3.9994125279418524,-2.9976548523665727,1.197611937626565,0.010561102663359353
13.621,1,-4.005365655312226,2.999972045951964,1.1989729661555508,0.009727250205074445
13.622,0,-3.9995178821284623,-2.9976580372177413,1.197610831868153,0.01052237804615245
13.63,0,-3.9996226997892936,-2.997661719432303,1.1976069069722768,0.01047371765086811
13.63,1,-4.005300689216254,2.999902746795648,1.1989600189984326,0.009472924006878212
13.641,0,-3.9997267798376246,-2.997665855798992,1.1975991038271867,0.01042407108787698
13.641,1,-4.005238932576107,2.9998344706236018,1.1989445689954887,0.00922465529794775
13.651,0,-3.9998299236808386,-2.997670382570143,1.1975868111560157,0.010376833981431006
13.651,1,-4.00518052545805,2.999767232813024,1.198926592856121,0.008966770648911796
13.662,0,-3.999931934888465,-2.9976752193600684,1.1975700117947832,0.010329155442519562
13.662,1,-4.005125553657637,2.9997010512085502,1.1989078601913938,0.008667682354577558
13.672,0,-4.000032618433632,-2.997680279103486,1.1975488049698797,0.01028061750249529
13.672,1,-4.0050740466677945,2.9996359368656695,1.1988901176081337,0.008342107703484234
13.681000000000001,0,-4.000131779776952,-2.997685477931043,1.1975232765866755,0.010231167537545553
13.681000000000001,1,-4.00502598171138,2.999571885951822,1.1988745380914456,0.008008485386983321
13.691,0,-4.000229224405495,-2.9976907422439774,1.197493506604313,0.010180657179729592
13.691,1,-4.0049812902343,2.9995088751054952,1.1988618980400658,0.00768358769330054
13.701,0,-4.000324757202645,-2.997696013433366,1.1974599109610067,0.010095130148328352
13.701,1,-4.004939863457277,2.9994468586996006,1.1988524465368329,0.007390348228819308
13.711,0,-4.000418180644042,-2.997701247884167,1.1974244447126616,0.009922194739039651
13.711,1,-4.0049015593429615,2.9993857658317906,1.1988449910253216,0.007139913694805262
13.721,0,-4.00050930015968,-2.9977064083210383,1.197388947829295,0.009676943561933406
13.721,1,-4.004866227392044,2.9993254972600423,1.1988382949789624,0.00692395573974535
13.732,0,-4.000597928106862,-2.997711454050516,1.1973546811609803,0.009376468814395657
13.732,1,-4.004833729865995,2.9992659220096587,1.198831513920996,0.006740441562859073
13.741,0,-4.000683886079041,-2.9977163341247395,1.1973224880884579,0.009035857347481182
13.742,1,-4.004803955144983,2.9992068755547954,1.1988240624998858,0.0065904590949834065
13.751,0,-4.000767006714201,-2.9977209830413742,1.1972929228165414,0.008666222001963453
13.751,1,-4.004776826261689,2.999148159753389,1.1988155314173115,0.006475982535093889
13.761,0,-4.000847136544045,-2.9977253187208945,1.1972658533870886,0.00831822203533812
13.761,1,-4.004752306347481,2.9990895443601326,1.1988059226892822,0.006387936882126176
13.771,0,-4.000924141496036,-2.997729243528028,1.1972393125066736,0.008028102638155388
13.771,1,-4.004730395999846,2.9990307723603187,1.198796217320855,0.0063174686881110375
13.781,1,-4.004711111635013,2.9989715727664623,1.198787286801619,0.006272744108132021
13.782,0,-4.000997903537516,-2.9977326475915125,1.19721152824608,0.0077834626294701476
13.791,0,-4.00106832134264,-2.9977354129552376,1.1971812925266447,0.0075826883882815915
13.791,1,-4.00469446604271,2.9989116739353427,1.198779715256404,0.006261365154247379
13.801,0,-4.0011353116654265,-2.9977374172918783,1.1971477914131636,0.007428727423835365
13.801,1,-4.004680455295899,2.998850813974992,1.1987738891581778,0.006288704707000836
13.811,0,-4.001198807577915,-2.997738536453741,1.1971111454558943,0.007231183964855116
13.811,1,-4.004669049972193,2.998788748713309,1.198769949255302,0.006358899738484452
13.821,0,-4.001258752911402,-2.997738648652947,1.1970739193700377,0.006895522778739574
13.821,1,-4.004660189181666,2.998725258941117,1.1987669826431138,0.00647168036156246
13.831,0,-4.001315111666262,-2.997737649346748,1.197038410947648,0.006458796135080981
13.831,1,-4.004653786510652,2.998660154702603,1.1987638305794106,0.006618520255635201
13.84,0,-4.001367869217027,-2.9977354635416025,1.1970061640742509,0.005958286251301025
13.84,1,-4.0046497388271325,2.998593278113476,1.1987596831098508,0.006794741986293515
13.851,0,-4.001417030311668,-2.9977320533170726,1.1969781923058247,0.005425972773747088
13.852,1,-4.004647932254754,2.998524505317308,1.1987539660589916,0.0069966205737228195
13.861,0,-4.00146261679545,-2.9977274218590106,1.1969551535306777,0.00488835481152958
13.862,1,-4.004648247221325,2.9984537468065264,1.198746285798962,0.007220114488065881
13.871,0,-4.001504664300793,-2.997721614386718,1.1969377356468094,0.004343765316073129
13.871,1,-4.004650563590115,2.99838094518937,1.1987369604985965,0.007439832943535478
13.881,1,-4.0046547621566555,2.998306068764998,1.1987283860543219,0.007635557538404262
13.882,0,-4.001543217520104,-2.9977147148272993,1.196927409987657,0.0038320677549270933
13.891,0,-4.001578331826779,-2.9977068392006734,1.1969253772339479,0.0034644187832797353
13.891,1,-4.004660709179282,2.998229109607204,1.1987226727035707,0.007828279662219214
13.901,0,-4.001610071855086,-2.997698127125659,1.1969324163750303,0.0033518828372418414
13.901,1,-4.0046682452137405,2.9981500777496732,1.198721223830223,0.008038181007942145
13.911,0,-4.001638509439727,-2.9976887344460685,1.1969490000989238,0.003549978363290519
13.911,1,-4.004677179144352,2.9980689957121305,1.1987249500451096,0.00827805159331484
13.922,0,-4.001663721903519,-2.997678827145455,1.1969753849506617,0.004023155876327666
13.922,1,-4.004687285336405,2.9979858944479676,1.1987344267655191,0.008553270360501703
13.931000000000001,0,-4.001685791373171,-2.997668576372114,1.1970114324904786,0.004613705314943003
13.931000000000001,1,-4.004698303687582,2.9979008100576414,1.1987500512465101,0.008866607499642904
13.942,0,-4.0017048075680295,-2.9976581567770353,1.19705513922315,0.00508049116670016
13.942,1,-4.004709946360858,2.9978137794610027,1.1987722220120476,0.009220169227736564
13.951,0,-4.001720858723759,-2.99764775176919,1.1971043368143957,0.005427372508154167
13.951,1,-4.004721915617197,2.9977248335132565,1.1988012016164773,0.009611984301663844
13.961,0,-4.001734025315115,-2.997637561182152,1.1971575220078545,0.005682291099443315
13.961,1,-4.004733921690504,2.997633990287355,1.1988371322021762,0.01003883398591702
13.971,0,-4.0017443780322335,-2.997627806000856,1.1972136405024731,0.005869863917590244
13.971,1,-4.00474569561555,2.9975412505066474,1.198880062680639,0.010496731198633747
13.981,0,-4.001751978065857,-2.9976187296470713,1.1972713856532284,0.00586344489932878
13.981,1,-4.004756998065265,2.997446595890614,1.1989294503427295,0.010908222330960475
13.992,0,-4.0017568827268954,-2.9976105911202224,1.1973277761040402,0.0055649690816976845
13.992,1,-4.004767623386946,2.997349994867265,1.1989822527596672,0.01116427281154504
14.001,0,-4.00175914723064,-2.9976036490370372,1.1973803194525037,0.005069014165402403
14.001,1,-4.004777391145302,2.9972514080803845,1.1990355657039746,0.011307419685141915
14.011,0,-4.001758831882591,-2.9975981454983107,1.197427333791864,0.00444569315850252
14.011,1,-4.004786135915759,2.9971507986186583,1.1990873952885666,0.011379796524678869
14.02,0,-4.001756008385805,-2.9975942946266545,1.1974677094618567,0.0037492686342031766
14.02,1,-4.0047937004826615,2.997048140941855,1.1991363861388413,0.011413816970948542
14.032,0,-4.001750763898375,-2.9975922750543895,1.1975007305506669,0.0030251809877138544
14.032,1,-4.004799931386528,2.996943426793225,1.1991816239852713,0.011432475895001565
14.041,0,-4.001743203277133,-2.997592225585678,1.1975260213769006,0.0023538649283180724
14.041,1,-4.004804675897788,2.9968366685404093,1.199222661036081,0.011472317609274812
14.051,0,-4.001733447355765,-2.997594244593314,1.1975441637582842,0.001882485085347195
14.051,1,-4.004807777925894,2.9967278985632926,1.1992608478308684,0.011590950209602324
14.062,0,-4.001721627548094,-2.997598388879704,1.1975560332691977,0.0016525069350745085
14.062,1,-4.004809078674215,2.9966171748193564,1.1992979932891126,0.011757597821966318
14.071,0,-4.00170787747004,-2.9976046740678544,1.1975622594645405,0.0016725442865449182
14.071,1,-4.004808418033761,2.9965045849665444,1.199335322241051,0.01195010872420352
14.08,0,-4.001692325477044,-2.997613076934742,1.1975632954887572,0.001884942936864082
14.08,1,-4.004805634743205,2.996390246210563,1.1993736437742009,0.01215543907177103
14.092,0,-4.001675089449717,-2.997623538266773,1.1975594891665218,0.002206069450642603
14.092,1,-4.004800566917859,2.996274303829943,1.1994134951748026,0.012365108825286141
14.101,0,-4.00165627320346,-2.9976359660442062,1.197551190052898,0.0025685871589238725
14.101,1,-4.004793053488114,2.9961569293894588,1.1994550313543102,0.012556390355968495
14.111,0,-4.001635962403494,-2.9976502369670412,1.1975389854923035,0.0029271917178773183
14.111,1,-4.0047829380672475,2.9960383222740297,1.1994976575023382,0.012710783677542218
14.121,0,-4.001614218961193,-2.997666192707208,1.1975233798474834,0.0032680547070777066
14.121,1,-4.004770073101134,2.9959187165036965,1.1995408006243589,0.01283192436168489
14.131,0,-4.001591076139285,-2.997683637226034,1.1975047424436494,0.003588326465448576
14.131,1,-4.0047543250532165,2.9957983875769694,1.1995840569628267,0.01292116914918612
14.141,0,-4.001566536109521,-2.997702336410741,1.1974833362749482,0.0038890779428436615
14.141,1,-4.0047355785976455,2.9956776555132287,1.1996271262247626,0.01297785297043563
14.151,1,-4.004713740195765,2.9955568844654126,1.1996695284635261,0.012979213059370224
14.151,0,-4.001540569390748,-2.9977220194667713,1.1974594067203344,0.00416310361669138
14.161,0,-4.001513116966463,-2.9977423836801282,1.1974333403745514,0.004405365681723222
14.161,1,-4.004688742285695,2.995436476191792,1.1997099899812176,0.01291093491812287
14.171,0,-4.001484096998004,-2.9977631039649117,1.1974054517275192,0.00462328710429837
14.171,1,-4.004660542902353,2.9953168548616707,1.1997474250114102,0.012790118990122576
14.181,0,-4.001453411638075,-2.997783843044054,1.197375966210064,0.004822420265937679
14.182,1,-4.004629126746,2.9951984521079034,1.1997810957176736,0.012630707518290265
14.191,0,-4.001420952602075,-2.997804260069473,1.1973450537725554,0.005008571541942213
14.191,1,-4.004594505546692,2.995081695205493,1.1998105175537277,0.012443162655070488
14.201,0,-4.001386605581669,-2.9978240173536985,1.1973128321947373,0.005187602811332312
14.201,1,-4.004556717410358,2.9949669980142652,1.199835367350949,0.012235410749285401
14.211,0,-4.001350253333106,-2.9978427855068417,1.1972795269036323,0.005340065656570826
14.211,1,-4.004515824171421,2.994854755202355,1.1998558048509527,0.012029182646630372
14.219,0,-4.001311778208534,-2.997860250590692,1.1972458332712994,0.005453462224134842
14.219,1,-4.004471906240752,2.9947453402632624,1.199873334919352,0.011831162668835623
14.231,0,-4.001271067568797,-2.9978761287242968,1.197212334704496,0.005548687963598702
14.231,1,-4.004425064010944,2.994639099163492,1.1998892935788041,0.011629200601922952
14.241,0,-4.001228017398409,-2.9978901789746213,1.19717941219284,0.005641468363012241
14.241,1,-4.004375415122692,2.994536347433058,1.199904585315842,0.011419176340354808
14.25,0,-4.001182534199053,-2.997902211486971,1.1971473181775052,0.005742410296848688
14.25,1,-4.0043230908094545,2.9944373692421733,1.1999198323793077,0.011200846494342583
14.261,1,-4.004268232449741,2.9943424172630726,1.1999354548016328,0.010975491844135772
14.262,0,-4.001134536007586,-2.9979120919121494,1.1971162125949484,0.0058592409715695765
14.271,1,-4.00421098889817,2.9942517123740693,1.1999515791184978,0.010739971898135473
14.272,0,-4.001083952301547,-2.997919742288706,1.197086386887747,0.005972081805700268
14.281,0,-4.00103072589299,-2.997925136056542,1.1970585883528895,0.0060781145807622325
14.281,1,-4.004151515182003,2.99416544139245,1.1999678979022521,0.010494347456355838
14.291,0,-4.000974821857971,-2.9979282883214387,1.1970334096556878,0.006194153028931787
14.291,1,-4.004089971508029,2.99408375426059,1.1999841422783717,0.010243399476379925
14.301,0,-4.000916234003556,-2.997929245127011,1.1970112273998337,0.006329289875823135
14.301,1,-4.004026523336953,2.994006760459326,1.2000001172851962,0.009991379357513703
14.312,0,-4.000854988293268,-2.997928074714253,1.1969922644972704,0.00648601102892156
14.312,1,-4.003961340971563,2.9939345273392552,1.200015678927104,0.009742351446257291
14.322,0,-4.000791143571356,-2.9979248602090536,1.1969767994663696,0.006653698991118419
14.322,1,-4.003894597917957,2.9938670826245546,1.2000312067239889,0.009522027783789622
14.331,0,-4.000724788416151,-2.9979196934588117,1.19696570985457,0.006830106870775698
14.331,1,-4.003826467804103,2.9938044259025025,1.2000493103444025,0.009371820253466872
14.341,0,-4.00065603639891,-2.9979126733477406,1.1969597672990357,0.007031711360017813
14.341,1,-4.003757128706238,2.9937465262742955,1.200072453896061,0.009305674761751872
14.351,0,-4.0005850188148235,-2.997903903721325,1.196959464296613,0.00726621081110691
14.351,1,-4.003686764073417,2.99369332916346,1.2001022877265062,0.00933892642974708
14.361,0,-4.000511878163813,-2.997893491093744,1.1969651000096957,0.0075349736293044076
14.361,1,-4.003615561786773,2.993644765449607,1.2001398938776702,0.00947926712206038
14.371,0,-4.000436763375632,-2.997881543058897,1.1969766965841173,0.00782866482900391
14.371,1,-4.003543713558698,2.993600755905755,1.2001854428965884,0.009656363366084685
14.381,0,-4.000359827810192,-2.997868170124464,1.1969937341541832,0.00812906658007547
14.381,1,-4.003471414718912,2.99356120972415,1.2002371141702848,0.009779817474362818
14.391,0,-4.000281229254085,-2.9978534925788476,1.1970157187299855,0.008426802607813097
14.391,1,-4.003398862459553,2.9935260339987417,1.200293220146778,0.009853906650302573
14.401,0,-4.000201131252617,-2.9978376478163993,1.1970422687359807,0.008715494814645222
14.401,1,-4.003326255745574,2.993495134236827,1.2003525753687345,0.009886933725976151
14.411,0,-4.000119703616744,-2.997820794777345,1.1970730875339086,0.008991907129164247
14.411,1,-4.003253795175348,2.9934684130084963,1.2004143453392548,0.009889182183847114
14.421,0,-4.00003712223413,-2.997803116078713,1.1971079500472372,0.009253237507772785
14.421,1,-4.003181682461318,2.993445769308317,1.2004779507126946,0.00986835270098503
14.43,1,-4.003110119614331,2.993427098389276,1.2005429955266977,0.009833966789546584
14.431000000000001,0,-3.999953568476511,-2.9977848183848126,1.197146546049893,0.009483030527476512
14.442,0,-3.999869229078514,-2.9977661282625334,1.1971880524946337,0.009659254042532015
14.442,1,-4.003039304965991,2.99341229487401,1.2006092866673321,0.009795733232163617
14.452,0,-3.9997842969291235,-2.9977472784939017,1.1972317110339772,0.009788507625543317
14.452,1,-4.002969421062542,2.9934012626448507,1.2006767177663225,0.009756962881645351
14.462,0,-3.999698972602586,-2.9977284940121907,1.1972769801621612,0.009876151912527399
14.462,1,-4.002900622489548,2.9933939254701065,1.2007452133292145,0.00972031082715909
14.471,0,-3.9996134652154676,-2.997709981867618,1.197323459453342,0.009926668611817133
14.471,1,-4.002833028104739,2.99339023427989,1.2008147074384676,0.00968837372321414
14.482,0,-3.9995279925041904,-2.9976919247119267,1.1973714110127536,0.010016078749671744
14.482,1,-4.002766716768831,2.9933901708698936,1.2008849671834725,0.009630523913091958
14.492,0,-3.9994427793125698,-2.9976744778826903,1.1974230623824054,0.010213851624990115
14.492,1,-4.002701728327045,2.9933937477860497,1.2009551791229631,0.009523092588842801
14.501,0,-3.9993580522981724,-2.997657767490793,1.1974803445862419,0.010499525638192776
14.502,1,-4.002638074273725,2.993401009177103,1.2010246393389574,0.009387527173403928
14.511,0,-3.999274033823701,-2.9976418903364346,1.1975445151477988,0.010860566119810107
14.511,1,-4.002575748496768,2.993412028219397,1.201092869212282,0.00924116126156516
14.521,0,-3.999190937385729,-2.9976269148542354,1.1976163794415524,0.011285525889687259
14.522,1,-4.002514735271877,2.993426903509328,1.2011595596127567,0.009097079991070942
14.531,1,-4.0024550152883425,2.9934457551947546,1.2012245030391606,0.008964403677852919
14.532,0,-3.999108964367734,-2.9976128825778505,1.1976964197886046,0.011762856486928685
14.541,0,-3.9990283014677175,-2.997599809669726,1.1977845808335974,0.012213004503575032
14.541,1,-4.002396569972254,2.993468720048405,1.2012873852841772,0.008821125964718585
14.551,0,-3.9989491186650348,-2.997587688779403,1.197879188619823,0.012530666580881124
14.551,1,-4.002339384051958,2.9934959408120307,1.2013475270256841,0.008664937119065434
14.561,0,-3.9988715741559835,-2.9975764961921065,1.1979785831203709,0.012746429714426735
14.561,1,-4.002283447147119,2.9935275501697944,1.2014044064483724,0.008517663902426453
14.571,1,-4.002228753781634,2.993563654950063,1.2014576794178908,0.008394302575298853
14.572,0,-3.9987958187343806,-2.997566198044323,1.1980815900875417,0.012885137268333477
14.581,1,-4.0021753029128195,2.9936043253211637,1.2015071286413448,0.008305497356951824
14.582,0,-3.998721998193958,-2.9975567546506086,1.198187370489719,0.012966816298960498
14.591,0,-3.998650254821586,-2.9975481237833557,1.1982953322857537,0.013006295404147166
14.591,1,-4.002123097274666,2.993649588236805,1.2015526347611323,0.0082568729534894
14.601,0,-3.998580728240301,-2.9975402632866697,1.1984051345343154,0.01303425714179068
14.601,1,-4.0020721432383946,2.993699426366356,1.2015946143160166,0.008311973407258531
14.612,0,-3.9985135534848206,-2.997533135395941,1.1985168609235708,0.013076334349320203
14.612,1,-4.002022453328683,2.993753784659325,1.2016351390546984,0.008500145299757575
14.621,1,-4.001974048977464,2.993812568659544,1.2016760256937455,0.008770939837416374
14.622,0,-3.998448851884608,-2.9975267146419076,1.1986306375712574,0.013129427197965332
14.632,0,-3.9983867225358147,-2.997520994965243,1.1987465307704963,0.013190329442909014
14.632,1,-4.00192696506681,2.99387565117959,1.2017184980411701,0.009093402804461661
14.641,1,-4.001881253234766,2.993942880058901,1.201763367147719,0.009447931239016473
14.642,0,-3.9983272366339815,-2.9975159940670197,1.1988645562919569,0.01325748520043636
14.652,0,-3.998270431770112,-2.997511754569834,1.1989838785936042,0.013148400651771464
14.652,1,-4.001836983093153,2.9940140836691063,1.2018109716702945,0.009796682739027921
14.661,0,-3.99821630395907,-2.997508337013582,1.199101661948484,0.012787695549225953
14.661,1,-4.001794237823614,2.9940890722872466,1.2018609795264121,0.010118909135224018
14.671,0,-3.9981648058599184,-2.9975058047043595,1.1992156075606208,0.01225650281489792
14.671,1,-4.001753103249896,2.9941676376731152,1.2019130484081035,0.010415813518341397
14.681000000000001,0,-3.9981158412686293,-2.997504208194436,1.199324170409539,0.011614413254115535
14.681000000000001,1,-4.001713656980511,2.9942495505456304,1.2019669176285266,0.010689074823556358
14.691,0,-3.9980692620727405,-2.997503574171839,1.199426328668452,0.01090378470483516
14.691,1,-4.001675960643017,2.9943345597316715,1.2020223850687732,0.01093836807335771
14.701,0,-3.998024867979106,-2.9975038980788433,1.1995212923446583,0.010114512460796171
14.701,1,-4.001640054689888,2.994422392785024,1.202079195668781,0.011148747585362268
14.711,0,-3.997982409713167,-2.9975051398714974,1.1996074043067537,0.009163296910798892
14.711,1,-4.001605955555314,2.9945127584978346,1.2021365366274217,0.011292436713474624
14.721,0,-3.9979416086876967,-2.997507228057204,1.1996829813152656,0.008115029094896536
14.721,1,-4.001573659720394,2.994605358827323,1.202193598263456,0.011383982118563783
14.731,0,-3.997902179763088,-2.9975100668108166,1.1997469255679163,0.007030687373098713
14.731,1,-4.001543149200534,2.9946999007459474,1.2022498149328629,0.011434771858929783
14.741,0,-3.997863847264087,-2.997513541965648,1.1997985444871964,0.005968256803457522
14.741,1,-4.001514395895503,2.994796104414847,1.2023047912203466,0.011454113427835548
14.751,1,-4.001487365249892,2.994893709040816,1.2023582656496998,0.011449046646714407
14.751,0,-3.9978263563178498,-2.997517526308901,1.1998374418667825,0.00499560047714719
14.761,1,-4.001462018262897,2.994992475894597,1.2024095193588629,0.011361255808901549
14.762,0,-3.9977894806355696,-2.997521884222957,1.1998636555100617,0.004236775872583282
14.771,0,-3.99775302694808,-2.9975264738023677,1.1998781570459676,0.0037825825332559607
14.771,1,-4.001438310177315,2.9950921850576413,1.2024560900046333,0.011163295832099856
14.781,0,-3.9977168354589163,-2.9975311437927394,1.1998818753350784,0.0036423359623830795
14.781,1,-4.001416190755827,2.9951926262091177,1.2024958958255767,0.010918265918900261
14.791,0,-3.997680779511468,-2.9975357308436195,1.1998754969376033,0.003786648275607952
14.791,1,-4.001395601016285,2.995293586708647,1.202527549944959,0.010673100393459695
14.801,0,-3.997644764670459,-2.99754005852436,1.1998595476509921,0.004146842766236035
14.801,1,-4.001376470367471,2.9953948432721824,1.20255014715531,0.010461787989603817
14.811,0,-3.9976087270548155,-2.9975439375726642,1.199834595915575,0.004609431854353863
14.811,1,-4.001358715792827,2.9954961572060155,1.202563665132517,0.010320972190439379
14.82,0,-3.997572631134202,-2.9975471663552935,1.199803207396748,0.0049192539344164905
14.82,1,-4.001342243410793,2.9955972739240417,1.2025708312835628,0.010233143432621557
14.831,0,-3.997536467939724,-2.9975495373385543,1.1997686590984291,0.0050560732965774175
14.831,1,-4.001326943371406,2.995697930080113,1.2025743495702779,0.010148991550771981
14.841,0,-3.9975002531937514,-2.9975508470295513,1.1997332348753151,0.0050606660615726004
14.841,1,-4.001312688510469,2.995797863691436,1.2025760881632512,0.010049983636443485
14.851,1,-4.001299335517499,2.995896822150113,1.2025773436561225,0.009931274962099109
14.851,0,-3.9974640247727,-2.997550903136838,1.1996985006707857,0.0049743548553991945
14.861,0,-3.99742783974876,-2.997549529701,1.1996655054187835,0.004831626153212564
14.861,1,-4.001286726740722,2.9959945681376503,1.2025790040380802,0.009793600239855003
14.871,0,-3.997391771282934,-2.997546570871673,1.1996347503782163,0.004689378609064312
14.871,1,-4.00127469232395,2.996090884025523,1.2025815224150949,0.009638502217468758
14.881,0,-3.9973559052285492,-2.9975418955219824,1.1996058679143955,0.004584426059409177
14.881,1,-4.001263053502301,2.9961855756716878,1.202584499485084,0.00946620734707604
14.891,0,-3.9973203364190257,-2.9975354024170544,1.199578423998631,0.004506531025553971
14.891,1,-4.001251629381119,2.996278473805946,1.2025874486486945,0.0092791905015865
14.901,0,-3.9972851651483374,-2.997527025044079,1.1995520941049913,0.004448201007717684
14.901,1,-4.001240243276318,2.9963694348845755,1.2025900357486796,0.009080531169028955
14.912,0,-3.9972504941277744,-2.9975167343039377,1.1995266398476563,0.004404096509256554
14.912,1,-4.001228727401316,2.9964583412801225,1.202592042944397,0.008873412257648844
14.921,0,-3.9972164259385283,-2.9975045391977972,1.1995018851024177,0.004370065154306679
14.921,1,-4.00121692627943,2.996545100708417,1.2025933355545755,0.008660852788830558
14.932,0,-3.9971830610300887,-2.9974904856507463,1.1994778723060426,0.004313908752090454
14.932,1,-4.0012046991332495,2.9966296451717516,1.2025937959997486,0.008445674604330801
14.942,0,-3.9971504970764427,-2.9974746525267055,1.1994555285919266,0.0042013907332680775
14.942,1,-4.001191921385335,2.996711929305315,1.2025930690326707,0.008231185656847939
14.951,0,-3.9971188289778823,-2.997457147526298,1.1994357446510002,0.004059856480478225
14.951,1,-4.001178484418998,2.9967919245623027,1.2025907931353659,0.008020751395925861
14.961,0,-3.997088149574065,-2.9974381011825386,1.1994190929828696,0.003910888279395555
14.961,1,-4.001164294369542,2.9968696125680565,1.2025867422617476,0.007816866558321447
14.971,0,-3.997058550262229,-2.997417661067582,1.199405922380767,0.0037697593907076612
14.971,1,-4.001149270902119,2.996944980311975,1.2025807788405867,0.0076210960393775385
14.982,0,-3.997030121034136,-2.9973959872387828,1.1993961569061484,0.0036652825971344523
14.982,1,-4.001133345993557,2.997018016429889,1.2025729346756762,0.00743114649317401
14.992,0,-3.9970029498567254,-2.9973732495970107,1.1993882913206255,0.003604261921451231
14.992,1,-4.001116464466568,2.9970887096276995,1.2025637046507385,0.007241197382742794
15.001,0,-3.996977126417837,-2.99734962409356,1.1993808336477487,0.003559558721689973
15.001,1,-4.001098590477794,2.997157053771957,1.2025535781536636,0.007051217784231792
15.009,1,-4.001079713946994,2.9972230528017993,1.2025429150773919,0.00686200481014839
15.01,0,-3.996952744798772,-2.997325291158465,1.199372750842937,0.0035224505920036786
15.021,1,-4.0010598542545095,2.997286723588027,1.2025319830828636,0.006674705107815374
15.022,0,-3.9969299045349143,-2.9973004346813736,1.1993633313550929,0.0034924154698023975
15.031,0,-3.996908710949684,-2.9972752409264025,1.1993520738777244,0.0034719750695612543
15.031,1,-4.00103906191502,2.997348097381997,1.2025209734903475,0.006490369629503487
15.042,0,-3.9968892759194854,-2.9972498972537607,1.1993391468758334,0.0034081458749516957
15.042,1,-4.001017418702496,2.9974072202936823,1.2025099541373283,0.0063135939438125534
15.051,0,-3.996871718922447,-2.9972245888140487,1.1993265894174892,0.0032481870029523567
15.051,1,-4.000995034442043,2.9974641523479177,1.2024985032364568,0.006152767846141803
15.061,0,-3.99685615990611,-2.9971994909507993,1.1993161987907048,0.003030606686232457
15.061,1,-4.000972034355149,2.997518959720259,1.202486151802979,0.006006123518262969
15.071,0,-3.996842715039083,-2.997174761257329,1.199309167515828,0.002800857025171713
15.071,1,-4.000948544798984,2.99757170664696,1.202472596847291,0.005871877987228804
15.079,0,-3.99683149451153,-2.9971505341408116,1.1993062816323634,0.0026058258430300876
15.079,1,-4.000924682828942,2.9976224500885174,1.2024576601601114,0.005748706920801611
15.091,0,-3.996822601046279,-2.9971269175010726,1.1993080497226163,0.0024910226409239618
15.091,1,-4.000900548839813,2.997671236364096,1.2024412332976016,0.005635754164600794
15.102,0,-3.9968161286987463,-2.997103990969942,1.1993146736505402,0.002479182151415124
15.102,1,-4.0008762216043525,2.9977180994693695,1.2024231309628561,0.005546337984050369
15.111,0,-3.996812161308362,-2.997081807127425,1.1993255260272289,0.0025332012640438776
15.111,1,-4.000851757490525,2.9977630640035824,1.202402390287568,0.005515111552293918
15.121,0,-3.9968107756567415,-2.9970604014203848,1.1993398531354516,0.0026268914949101646
15.122,1,-4.000827198323366,2.9978061540094934,1.2023780310873655,0.005546488079242415
15.132,0,-3.9968120440570853,-2.997039803649633,1.199357089254681,0.002746387401270941
15.132,1,-4.0008025818900705,2.997847404083788,1.2023494000430277,0.005642323182468904
15.141,1,-4.000777949876947,2.997886867559463,1.2023160742433452,0.00580008716844058
15.141,0,-3.996816035379219,-2.997020046338294,1.199376807429997,0.0028856053390431194
15.151,0,-3.9968228161654564,-2.9970011705155395,1.1993989379439858,0.0030903853359916618
15.151,1,-4.000753353242227,2.9979246201547873,1.2022784819560002,0.005894021540133262
15.162,0,-3.9968324486291356,-2.996983226773904,1.1994242920503448,0.0034010068188692322
15.162,1,-4.000728854355421,2.997960755432809,1.2022394240171956,0.005804905875209083
15.172,0,-3.9968449765598297,-2.9969662671737147,1.1994535827646913,0.003792027822209554
15.172,1,-4.000704524394447,2.99799537637321,1.2022013585513283,0.005582825833986412
15.181,0,-3.9968604142624145,-2.99695033705431,1.199487274886135,0.004240693097598256
15.181,1,-4.000680439405983,2.9980285821487165,1.2021659628066699,0.0052737830733701335
15.191,0,-3.996878740139989,-2.9969354692606656,1.1995256506885692,0.004726982770818893
15.191,1,-4.000656676886989,2.9980604577590575,1.2021343569349696,0.004915795054842014
15.201,0,-3.996899893375435,-2.996921680234385,1.199568856267498,0.0052346367638738305
15.201,1,-4.000633312938087,2.998091067201265,1.202107267021801,0.004538962181410412
15.211,0,-3.996923773100767,-2.996908967633744,1.199616907313058,0.005740840558273836
15.211,1,-4.000610419865939,2.9981204493729487,1.2020852046997363,0.004160717254025861
15.221,0,-3.9969502403763357,-2.996897307320658,1.1996695831586663,0.006226523865977509
15.221,1,-4.000588061334527,2.9981486166274727,1.2020686656429356,0.003802338806763908
15.231,0,-3.9969791248572957,-2.9968866479425413,1.199726653241503,0.006693153765444165
15.231,1,-4.00056628148063,2.9981755565185857,1.2020579828731548,0.0034964095022257573
15.238,0,-3.997010231618936,-2.9968769064166394,1.1997879353858536,0.00714173457083404
15.238,1,-4.000545095137378,2.9982012345542506,1.202053334736154,0.0032728798345934428
15.251,0,-3.997043346966569,-2.9968679658534803,1.199853282295797,0.007572754909811063
15.251,1,-4.000524481902521,2.9982255972128145,1.2020548079901805,0.0031575221944560414
15.261,0,-3.9970782436117034,-2.9968596754665415,1.1999225599588368,0.0079853443005312
15.261,1,-4.000504383182135,2.9982485751447854,1.202062414306733,0.0031649397587207215
15.271,0,-3.997114685134505,-2.99685185195512,1.1999954985477015,0.008342579270363365
15.271,1,-4.000484701592655,2.9982700865199106,1.2020759802446617,0.003274402061183332
15.282,0,-3.9971524311358286,-2.996844283327745,1.200071184091559,0.008600155581185959
15.282,1,-4.000465306381933,2.9982900399361654,1.2020946846444516,0.0034259592188108927
15.291,0,-3.997191248037958,-2.996836737289295,1.2001487443384549,0.00878273286421814
15.291,1,-4.00044605176934,2.9983083333073917,1.2021177271814305,0.0035949779582239065
15.301,0,-3.997230918331125,-2.9968289698122494,1.2002275510167346,0.00891079920183086
15.301,1,-4.000426795998839,2.9983248528364053,1.2021445274627502,0.0037720410662856418
15.311,0,-3.997271246533979,-2.996820732184217,1.2003071626646251,0.008999240512255901
15.311,1,-4.000407415004504,2.9983394730325474,1.2021746758040301,0.003954195046375604
15.321,0,-3.997312062922915,-2.996811776754549,1.2003872971953629,0.00907200009127663
15.322,1,-4.000387811484907,2.998352056946133,1.2022079703183617,0.004164877854250301
15.331,0,-3.997353225713337,-2.9968018625388497,1.2004681395311207,0.009174220289381958
15.331,1,-4.0003679184099274,2.998362455985134,1.2022447588618372,0.004438476963066671
15.341,1,-4.000347695043891,2.9983705119495414,1.2022854152857094,0.004761977144032913
15.341,0,-3.997394621527062,-2.9967907656246067,1.2005500175568613,0.009299804521629767
15.352,0,-3.997436164707928,-2.9967782903335696,1.2006331441670697,0.009440919868120408
15.352,1,-4.000327120786571,2.9983760589066937,1.2023301717273813,0.005123154839534315
15.361,0,-3.9974777959079253,-2.9967642766894484,1.200717642477791,0.009592247329528162
15.361,1,-4.00030619002698,2.9983789248898804,1.2023791541645978,0.005512298419050603
15.371,0,-3.997519480132714,-2.9967486048280962,1.200803562452013,0.009746877525256974
15.371,1,-4.000284908215224,2.9983789345991934,1.2024321393773045,0.0058539313104900926
15.381,0,-3.997561204492666,-2.996731196211914,1.200890849419247,0.009897847856281037
15.381,1,-4.00026328975406,2.998375916210827,1.2024879253920246,0.006090640302288781
15.392,0,-3.997602975783172,-2.9967120103371787,1.2009794267046288,0.010046028068601177
15.392,1,-4.000241357457878,2.998369708698538,1.2025454412905001,0.006258563756231066
15.401,0,-3.997644817966785,-2.9966910399427027,1.2010692326579226,0.0101935175042813
15.401,1,-4.00021914284559,2.9983601708054386,1.2026039449204746,0.0063856206207601315
15.411,0,-3.9976867697558327,-2.9966683065590347,1.2011602269479713,0.01034108805358551
15.411,1,-4.000196686294124,2.998347187679525,1.202662932767084,0.006490720813682389
15.421,0,-3.9977288822704775,-2.9966438564502256,1.2012523721013186,0.010488347686064044
15.421,1,-4.0001740368610905,2.9983306749045258,1.2027220523223432,0.006585862505719023
15.431000000000001,0,-3.9977712168385464,-2.9966177567661134,1.2013456343393167,0.010636200117723399
15.431000000000001,1,-4.000151251692812,2.998310582675183,1.2027804238112418,0.006531932186662008
15.442,0,-3.997813843554416,-2.9965900897081563,1.2014400070491795,0.010786323953284004
15.442,1,-4.000128389965903,2.998286900221746,1.202835136719403,0.006243046208992584
15.451,0,-3.997856841272535,-2.996560942342197,1.2015354875905808,0.010937973223340005
15.451,1,-4.000105495279073,2.998259641846809,1.2028837214342418,0.005839408978621392
15.461,0,-3.997900297819986,-2.9965303972409516,1.201632058502962,0.011090072518550046
15.461,1,-4.000082579518955,2.9982288406965383,1.2029245190815636,0.005421609650142636
15.471,0,-3.9979443097428415,-2.996498525805392,1.2017296991307962,0.011243573312948011
15.471,1,-4.000059612342466,2.9981945460484503,1.202956432765925,0.0050807952158141104
15.482,0,-3.997988981570528,-2.9964653840208046,1.2018282624572918,0.0113657971868585
15.482,1,-4.000036515181251,2.9981568199938264,1.2029790159430709,0.0049276637302231585
15.491,0,-3.9980344232667324,-2.9964310120845448,1.2019269880245897,0.011417271034946656
15.491,1,-4.000013162729367,2.9981157305021116,1.2029937389168042,0.005003491903256631
15.502,0,-3.998080744902096,-2.996395438156382,1.2020251629091447,0.011423451492650423
15.502,1,-3.999989402243561,2.99807135488145,1.2030023407145283,0.005210260012472838
15.512,0,-3.998128050826919,-2.99635868382639,1.202122309265181,0.011401899850828465
15.512,1,-3.99996507721658,2.9980237799856337,1.203006037840976,0.005485573851242138
15.521,0,-3.9981764353166693,-2.996320768379307,1.2022181009091852,0.011363919606271361
15.521,1,-3.9999400448101627,2.9979730991287057,1.2030056726819325,0.005794685195064154
15.531,0,-3.998225979626951,-2.9962817117222564,1.2023123105557427,0.011316623702898406
15.531,1,-3.9999141878206412,2.9979194092924697,1.2030018235800213,0.006118880668934886
15.541,0,-3.9982767496508735,-2.996241536918791,1.2024043257200594,0.011166659285604065
15.541,1,-3.999887421939398,2.997862807926322,1.2029951294136512,0.006440299725583193
15.551,1,-3.9998596972688176,2.9978033887457545,1.2029869137562286,0.006742521402740867
15.552,0,-3.998328795319421,-2.9962002747235563,1.202492048969285,0.010851924170929464
15.561,1,-3.9998309946005954,2.997741241460287,1.202978279327651,0.007025902593136411
15.561,0,-3.9983821581622303,-2.9961579684386623,1.2025736985964828,0.01044497303674203
15.571,0,-3.9984368769451586,-2.9961146798524005,1.2026480944426556,0.009998998911055653
15.571,1,-3.9998013195006203,2.9976764495361556,1.2029699781031302,0.007294510041988142
15.581,0,-3.9984929908979363,-2.9960704932409836,1.202714472050933,0.009553764169101989
15.581,1,-3.9997706969772766,2.9976090881782405,1.202962516540307,0.007552515846282308
15.591,0,-3.998550541641915,-2.996025517230912,1.2027723572113556,0.009139554157558835
15.591,1,-3.9997391668077222,2.997539223190137,1.2029562335889852,0.007803145435283225
15.601,0,-3.9986095749873005,-2.995979884612515,1.2028220342313696,0.008864739237263108
15.601,1,-3.9997067796613113,2.9974669111113914,1.2029511346098902,0.008052229052891238
15.611,0,-3.9986701419681006,-2.9959337482751844,1.2028665406123262,0.00880742628550296
15.611,1,-3.9996735932478003,2.997392202513305,1.2029460998877806,0.008303322832757027
15.621,1,-3.9996396643615633,2.9973151438267234,1.2029400307009834,0.008555025284067699
15.622,0,-3.9987322847789697,-2.9958872736667947,1.2029088157748948,0.008875097338369652
15.631,0,-3.998796025348155,-2.995840628155323,1.2029508686412942,0.009016698186540604
15.631,1,-3.999605042297921,2.9972357816800885,1.2029321856267998,0.008808361032645443
15.641,0,-3.998861359277841,-2.995793972167022,1.202994065147877,0.009203822170093169
15.641,1,-3.999569764741104,2.9971541669548114,1.2029220673646779,0.00906428455077468
15.651,1,-3.999533855336535,2.997070357164311,1.202909545167013,0.009316089369375176
15.651,0,-3.9989282523430307,-2.995747452955169,1.2030391001066438,0.0093928623822399
15.661,0,-3.9989966410236133,-2.995701205339221,1.2030858276757617,0.009560091601299668
15.661,1,-3.999497326408443,2.996984419193118,1.2028950771232332,0.009556730621478384
15.671,0,-3.999066439327411,-2.9956553626448565,1.2031340392420826,0.00970705521494275
15.671,1,-3.9994601897450788,2.99689643570954,1.2028790752038465,0.009784572533149589
15.681000000000001,0,-3.999137544701145,-2.995610067208671,1.2031835833570634,0.009834557629082396
15.681000000000001,1,-3.9994224663724456,2.9968065089632714,1.2028618313655342,0.009997884505248541
15.691,0,-3.9992098425793072,-2.995565477142955,1.2032343477403848,0.009942838832504002
15.691,1,-3.999384193132638,2.996714762276173,1.2028435546417782,0.010194763440194259
15.701,0,-3.9992832096118707,-2.995521769570869,1.2032858460332723,0.009981372118897778
15.701,1,-3.999345426613374,2.9966213399960275,1.2028243702614498,0.010374427458201945
15.712,0,-3.999357516903901,-2.9954791382766146,1.2033366499761355,0.009931588858110124
15.712,1,-3.9993062425038075,2.9965264061798402,1.2028042810884894,0.010536080541165307
15.721,0,-3.9994326359541357,-2.9954377866019226,1.2033856083244867,0.00981990234378917
15.721,1,-3.9992667278097676,2.9964301416732346,1.2027832779229113,0.0106778618931661
15.731,1,-3.9992269725226914,2.9963327410800686,1.2027613636579015,0.010798495700855858
15.732,0,-3.9995084425244762,-2.9953979196086675,1.2034319405286253,0.009666519059221473
15.741,0,-3.999584819363732,-2.9953597379084056,1.203475123853468,0.009486572154778793
15.741,1,-3.9991870634516817,2.996234409949694,1.2027385488277758,0.01089724269652497
15.752,0,-3.9996616582052877,-2.9953234330794185,1.2035148140116634,0.00929145927819636
15.752,1,-3.9991470798322246,2.9961353621594933,1.2027148486647647,0.010973744736301125
15.761,0,-3.999738861217741,-2.9952891846377923,1.2035509464600938,0.009107337094176417
15.761,1,-3.999107090372855,2.9960358174785555,1.2026903090871661,0.011026149005971386
15.771,0,-3.9998163420136725,-2.9952571567099,1.2035842769860499,0.008957269072606371
15.771,1,-3.999067152365386,2.995935998386183,1.2026651093062397,0.011052275084696448
15.781,0,-3.9998940255637985,-2.9952274865026793,1.2036155708656653,0.00882921720294023
15.781,1,-3.999027314158388,2.9958361247216807,1.202639425034748,0.011053867060205733
15.791,0,-3.9999718482165507,-2.9952002742956605,1.2036453577694881,0.008716737979258742
15.791,1,-3.9989876182765505,2.995736408281699,1.2026133882456749,0.011032708371068381
15.801,0,-4.000049757714424,-2.9951755778774096,1.2036740045305254,0.00861680541659408
15.801,1,-3.9989481037010086,2.9956370487903405,1.2025871012740403,0.010990680908749642
15.811,0,-4.000127712932214,-2.9951534100851847,1.2037017338904872,0.008525482042282791
15.811,1,-3.9989088073559027,2.995538230859686,1.2025603222492944,0.010952987449238191
15.821,0,-4.000205680985592,-2.995133741144716,1.2037285875434085,0.00843988142235874
15.821,1,-3.9988697638753297,2.995440119885664,1.2025312988224137,0.010956106137534078
15.831,0,-4.000283628994925,-2.995116508729068,1.2037545681196664,0.008359818042346572
15.831,1,-3.9988310030308574,2.995342856696965,1.2024983749688092,0.01099926745017563
15.842,0,-4.000361516103277,-2.9951016282868084,1.203779675707633,0.008284033760666797
15.842,1,-3.998792546658999,2.9952465527223904,1.2024604489849495,0.011084819359980626
15.851,0,-4.000439288085542,-2.995089001009435,1.203803908379971,0.008210559286070226
15.851,1,-3.998754406495539,2.9951512871386563,1.2024168059800446,0.0112146039762478
15.861,0,-4.000516874090955,-2.9950785199789216,1.2038272629036273,0.008137026806827584
15.861,1,-3.9987165829232074,2.9950571059107003,1.2023669972938262,0.011389239264571688
15.871,0,-4.000594185043437,-2.9950700750217005,1.2038497961073853,0.008065315791863262
15.871,1,-3.9986790647685204,2.9949640230383494,1.2023114987838066,0.01151664328994107
15.881,1,-3.998641832253094,2.994872023959795,1.2022526795441784,0.011540129790079817
15.882,0,-4.000671113527983,-2.9950635577445888,1.2038717699538024,0.007995962084380682
15.891,0,-4.000747535303316,-2.995058867432695,1.2038934147761184,0.007924033515885855
15.891,1,-3.998604863743741,2.994781067597564,1.202192497625576,0.01148657776019067
15.901,0,-4.000823311419833,-2.9950559163880985,1.20391488894546,0.007845884912991949
15.901,1,-3.9985681426112354,2.9946910907790922,1.2021322947252389,0.01138079872109386
15.911,0,-4.000898290407644,-2.995054633432941,1.203936300923303,0.007758854708171044
15.912,1,-3.9985316621135247,2.9946020126716,1.2020729793078242,0.011242335858632598
15.921,1,-3.998495428521707,2.9945137386343577,1.202015160166868,0.011085713307452429
15.921,0,-4.000972310482252,-2.995054965844086,1.2039577245688668,0.007661071263547637
15.931000000000001,0,-4.001045201719759,-2.995056880087402,1.2039792422840927,0.007554050502251649
15.931000000000001,1,-3.9984594627517,2.994426163524432,1.2019591348143148,0.010936719544435891
15.941,0,-4.001116788276416,-2.9950603599774563,1.2040010731177742,0.007440919801207317
15.941,1,-3.9984237974808643,2.994339174773501,1.2019045702614166,0.01082032724337792
15.951,0,-4.001186891510156,-2.9950653989069256,1.2040234190321546,0.0073204669622408455
15.951,1,-3.998388464851462,2.994252656526877,1.201851069512552,0.0107296297869488
15.961,0,-4.0012553329930505,-2.9950719916681376,1.2040464209524049,0.007192319092526403
15.961,1,-3.998353483353549,2.99416649323652,1.2017983531824301,0.010659812123149408
15.971,0,-4.0013219369799256,-2.995080128597591,1.2040701772159723,0.0070567128188100915
15.971,1,-3.998318848820611,2.994080572401906,1.2017462216812003,0.010608118099078785
15.981,1,-3.998284529030839,2.993994786781138,1.2016946514545346,0.010555250091564673
15.982,0,-4.001386533302721,-2.9950897909590704,1.2040943310422132,0.006870459617375931
15.991,0,-4.001448962433691,-2.9951009471926384,1.2041165185357041,0.006584182006926732
15.991,1,-3.9982504624584183,2.993909038812274,1.201644225196468,0.0104792173362375
16.001,0,-4.001509072464968,-2.995113558975892,1.2041345010565163,0.006247756249116566
16.001,1,-3.9982165624138593,2.9938232517651966,1.2015955180216633,0.010390942340604408
16.011,0,-4.001566718244636,-2.9951275857339685,1.2041467767169085,0.005911703146993588
16.011,1,-3.9981827231129174,2.993737380673825,1.2015489160149797,0.010297415716066205
16.02,1,-3.998148825087376,2.9936514190922185,1.2015046742387074,0.010202211627914789
16.021,0,-4.001621762109633,-2.995142986948972,1.204152353450966,0.00562146049491882
16.031,0,-4.001674074438751,-2.995159723792912,1.2041505923593834,0.0054157792291312035
16.032,1,-3.9981147396853833,2.993565402506159,1.2014629567307131,0.010106548005242652
16.041,1,-3.998080332863088,2.9934794091263224,1.201423806997134,0.010015795823695276
16.042,0,-4.0017235341126005,-2.995177760288167,1.2041411487313054,0.005321061546607972
16.051,0,-4.001770032645059,-2.9951970639601173,1.2041239581969991,0.005347483717012094
16.051,1,-3.998045469561642,2.993393556596239,1.2013870339257249,0.009931844964966635
16.061,1,-3.9980100197857933,2.9933079928491333,1.2013524542420082,0.009848901354088562
16.062,0,-4.001813485158609,-2.99521760577074,1.2040990521656145,0.005494039727992919
16.071,0,-4.0018538395795655,-2.9952393600418725,1.2040665061808709,0.005750803394867687
16.071,1,-3.9979738639739795,2.9932228864232826,1.2013199392264773,0.009762952544902047
16.081,1,-3.9979368966808044,2.9931384185933987,1.2012893970769212,0.009671455958084468
16.082,0,-4.001891082119232,-2.9952623043404203,1.2040264273740888,0.006101186837048606
16.091,0,-4.001925238425338,-2.9952864197638376,1.2039793719806764,0.006438572246597198
16.091,1,-3.997899028828093,2.9930547770614067,1.2012608172321946,0.009568466936716959
16.101,0,-4.001956367799939,-2.9953116906942934,1.2039273544786195,0.006660379681319282
16.101,1,-3.9978601895191224,2.9929721501754836,1.2012343947153534,0.009451063767112383
16.111,0,-4.0019845579589095,-2.995338098736412,1.2038721344192413,0.006793467521754288
16.112,1,-3.9978203289592296,2.992890720277459,1.2012102950703816,0.009323025745007166
16.121,0,-4.002009914615948,-2.9953656185908084,1.2038149317207048,0.006863233163668139
16.121,1,-3.9977794204555823,2.9928106581674405,1.201188613394222,0.009187206355895487
16.131,1,-3.9977374610300775,2.99273211919667,1.201169394922201,0.00904588169469638
16.132,0,-4.002032552295236,-2.9953942157282305,1.2037565961719314,0.006889148248117775
16.141,0,-4.0020525875037745,-2.9954238450422994,1.2036977213120932,0.006885829060568993
16.141,1,-3.9976944709623097,2.9926552406993974,1.2011526519105473,0.008900708887476235
16.151,0,-4.002070134438279,-2.9954544500218416,1.2036384216798897,0.006925855309595645
16.151,1,-3.9976504920195537,2.9925801414374082,1.2011387895783663,0.008738324348581948
16.161,0,-4.002085301090966,-2.995485963163433,1.2035779717303432,0.007041248963822517
16.161,1,-3.9976055822969014,2.992506926259546,1.2011291940429603,0.0085671457030769
16.171,0,-4.002098181117869,-2.99551830927099,1.2035157563850107,0.007208740260588946
16.171,1,-3.9975598079922077,2.992435694633921,1.2011249708478002,0.00841147955463262
16.181,0,-4.002108849257629,-2.9955514078213086,1.2034513717475952,0.0074115794034074305
16.181,1,-3.9975132346958597,2.992366550177977,1.201126841206527,0.008289354903670594
16.191,0,-4.002117358993811,-2.9955851747370112,1.2033845613795242,0.007637697351925134
16.191,1,-3.9974659209412393,2.992299607327387,1.2011352570660496,0.008212751669334583
16.201,1,-3.9974179139463892,2.992234994914208,1.2011503227624647,0.008178041002859572
16.202,0,-4.002123741726441,-2.9956195238411714,1.2033151279220082,0.007889789145638787
16.211,0,-4.002128006701147,-2.995654368360809,1.2032427501479865,0.008175079253240645
16.212,1,-3.9973692486639028,2.9921728549599127,1.201171244238114,0.008159904024695101
16.222,0,-4.002130139608691,-2.995689623385291,1.203167171415457,0.008482467136396138
16.222,1,-3.997319950641145,2.992113339075663,1.201197185844763,0.00814881066197494
16.232,0,-4.002130101978685,-2.9957252080305845,1.2030882422457068,0.008803678686069261
16.232,1,-3.997270040389735,2.992056602463096,1.2012275319300236,0.008141197193167525
16.241,0,-4.002127831702921,-2.995761046898018,1.2030058927052794,0.009132677304253477
16.241,1,-3.997219536831368,2.9920027985214888,1.2012618262737593,0.008136804924817389
16.251,0,-4.002123243969386,-2.995797071077145,1.2029203398238275,0.009409175604423744
16.251,1,-3.9971684600843655,2.9919520735528127,1.201299370836341,0.008091504729962413
16.261,1,-3.9971168378308297,2.991904558797058,1.201338357342662,0.007963345403253455
16.262,0,-4.002116233018323,-2.995833219551377,1.2028326122044792,0.009588721576951901
16.271,0,-4.002106679839132,-2.9958694416991642,1.2027436164512473,0.009703490232581055
16.271,1,-3.9970647181901344,2.9918603661252567,1.2013772529889089,0.007773545690569925
16.281,0,-4.002094458164975,-2.995905699644554,1.2026539800283118,0.009776724277199198
16.281,1,-3.997012182010966,2.9918195815077406,1.2014150110291215,0.007540809348735672
16.292,0,-4.002079438863197,-2.9959419695566294,1.2025641365392346,0.009825254213415005
16.292,1,-3.9969593503932797,2.9917822601909614,1.2014509220579925,0.0072794673401702014
16.301,0,-4.002061493470842,-2.995978242069939,1.2024743845441,0.009861406768608428
16.301,1,-3.996906388306295,2.991748424204569,1.2014845107347407,0.006999361562334581
16.311,0,-4.0020404989478635,-2.99601452202062,1.2023843541781296,0.010020137058378065
16.311,1,-3.996853505085011,2.991718062390503,1.2015156550585708,0.006729263814306035
16.321,0,-4.002016345332637,-2.9960508269524864,1.2022922343690652,0.010354637241226776
16.321,1,-3.9968009485900615,2.991691133952116,1.20154498946394,0.006486959832049958
16.331,0,-4.00198893891719,-2.99608718422669,1.2021965506802688,0.01080944493411465
16.331,1,-3.9967489885784264,2.9916675713955683,1.2015731095251572,0.006259760602111597
16.341,0,-4.001958208815132,-2.9961236281557455,1.2020963209128068,0.011346075137068092
16.341,1,-3.996697899601378,2.9916472861987433,1.2016004236253843,0.006040195369999733
16.352,0,-4.001924111806678,-2.9961601976713688,1.201990901860246,0.01193742745557469
16.352,1,-3.9966479481068715,2.991630174209342,1.2016272103172765,0.005824191342811553
16.361,0,-4.001886633529316,-2.9961969345145714,1.2018802995990656,0.012441471219016877
16.361,1,-3.996599384102091,2.9916161220864814,1.2016543347491744,0.0057054407648831065
16.372,0,-4.001845781682765,-2.9962338806148896,1.2017674007830519,0.01261924913322907
16.372,1,-3.996552438875004,2.9916050154092297,1.2016857634592368,0.005847304139157433
16.381,0,-4.001801595850729,-2.9962710690790533,1.201655343039532,0.012569661029655035
16.381,1,-3.996507316030914,2.991596721143988,1.2017251908168818,0.006266738457648892
16.391,0,-4.001754151457456,-2.9963085146452566,1.2015462612927705,0.012373929675168982
16.391,1,-3.996464186447707,2.9915910775492636,1.2017750793549127,0.00695503700352592
16.401,0,-4.001703557197414,-2.9963462075375986,1.2014415895165942,0.01208835592484027
16.401,1,-3.9964231869339297,2.991587891321651,1.2018370392156439,0.00786843826193064
16.411,0,-4.001649951992757,-2.9963841100047244,1.201342275206563,0.01175185910933602
16.411,1,-3.996384420170639,2.9915869368125385,1.2019120855159102,0.008948088109961883
16.421,0,-4.001593502607526,-2.996422154995303,1.2012485572055138,0.011487559885347358
16.421,1,-3.996347954358792,2.9915879559482903,1.2020002718849698,0.009971576386129387
16.431,0,-4.001534406693063,-2.9964602485300724,1.2011579973144602,0.011478564178506094
16.431,1,-3.9963138169336165,2.9915906573121425,1.2020977255691754,0.010566563653387201
16.442,0,-4.001472886370335,-2.9964982813340257,1.201067879756644,0.011637909598495018
16.442,1,-3.996282001964957,2.991594734801618,1.2022001908850535,0.010836296059846819
16.451,0,-4.001409186566443,-2.9965361417499925,1.2009763535695372,0.011901760387660994
16.451,1,-3.996252473899032,2.9915998823596404,1.2023047266454514,0.010878476505659825
16.461,0,-4.001343575779482,-2.9965737251060576,1.2008821730108556,0.012229122443708062
16.461,1,-3.9962251675970113,2.9916058018875726,1.2024093145836343,0.01076312069453655
16.471,0,-4.001276345142768,-2.9966109401790955,1.2007846048388424,0.012565171983241417
16.471,1,-3.996199989800541,2.991612209177837,1.2025127774852231,0.010593058224567105
16.482,0,-4.001207803695604,-2.9966477142140358,1.2006841040498177,0.012813406614980982
16.482,1,-3.9961768219829636,2.9916188384233555,1.202615070140217,0.010443557065615346
16.492,0,-4.001138267616682,-2.9966840011121403,1.20058149767736,0.0129890769972442
16.492,1,-3.9961555212060595,2.991625445492674,1.2027163287448646,0.010309334733000554
16.501,0,-4.001068045734896,-2.9967197894944677,1.2004773633957968,0.013110754757465197
16.501,1,-3.9961359229199696,2.991631810646824,1.2028166440416939,0.01018672734588961
16.511,0,-4.000997427764414,-2.996755107342371,1.2003721011984576,0.013192274415583818
16.511,1,-3.9961178442431105,2.991637740087751,1.2029160754287735,0.01007316772578296
16.521,0,-4.000926676334034,-2.996790023850679,1.2002658880414359,0.013265994722436841
16.521,1,-3.996101087264566,2.991643066409988,1.2030147540603164,0.010000762575010896
16.531,0,-4.00085602422181,-2.9968246461824597,1.200158474083655,0.013356684915518776
16.531,1,-3.9960854450340206,2.9916476473936564,1.2031136610270887,0.010061029296096865
16.541,0,-4.000785678781163,-2.9968591082606584,1.2000496088632053,0.013458361776481737
16.541,1,-3.996070714499261,2.991651363641918,1.2032139302547167,0.01021919932181956
16.551,0,-4.0007158277408665,-2.9968935593174693,1.1999391256180105,0.013567020022717825
16.551,1,-3.99605671251706,2.991654115391404,1.2033163201392225,0.01044318506120869
16.561,1,-3.996043287891053,2.991655819365113,1.2034213217734167,0.010709905890984627
16.561,0,-4.00064664360448,-2.996928155028418,1.1998269156833248,0.01367994483375707
16.572,0,-4.000578286898754,-2.996963050657762,1.1997129106145128,0.013795355183487406
16.572,1,-3.996030328886234,2.9916564060673827,1.2035292405009212,0.011003422768737899
16.581,0,-4.0005109090568975,-2.9969983962409183,1.199597710258093,0.013769534355622245
16.581,1,-3.9960177671544033,2.991655817622409,1.2036402052603303,0.011299304988647951
16.591,0,-4.000444653473356,-2.9970343332671328,1.1994840910828848,0.013493965053562974
16.591,1,-3.9960055780495205,2.9916540087388723,1.203754084626486,0.011579289218553087
16.601,0,-4.000379647127536,-2.997070988660997,1.1993744697918192,0.013051312992094295
16.601,1,-3.99599377697859,2.991650953064121,1.203870719022109,0.011846039841464784
16.611,0,-4.000315993734273,-2.9971084703747835,1.199270480075123,0.012501947040314688
16.611,1,-3.9959824144500553,2.991646649456022,1.2039899732647732,0.012101035641887383
16.621,0,-4.000253769911145,-2.997146864960016,1.1991732116560767,0.011889853905746806
16.621,1,-3.995971571242047,2.9916411256155095,1.2041117266205952,0.012344960982090817
16.631,0,-4.000193022781513,-2.997186236060175,1.199082997112089,0.011343189011035834
16.631,1,-3.9959613536189997,2.9916344396681662,1.2042357270513397,0.012531701500099402
16.641,0,-4.000133770396879,-2.9972266232897216,1.198997421389149,0.011051543560583877
16.641,1,-3.995951888715097,2.9916266811406103,1.2043607817716295,0.012574162422047027
16.651,0,-4.0000760225162635,-2.997268050883411,1.1989137623695034,0.01093847990257566
16.651,1,-3.99594332257878,2.991617969463178,1.2044856618402888,0.012513280161680254
16.661,1,-3.9959358184689098,2.9916084522777697,1.2046095268861863,0.012381752398192525
16.662,0,-4.0000198022013675,-2.9973105363349797,1.1988301459624755,0.01094757048036505
16.671,0,-3.999965159327895,-2.9973540956487104,1.1987452840054158,0.011041199216998311
16.671,1,-3.995929554489116,2.9915983034620495,1.204731808190857,0.012202189142562232
16.682,0,-3.9999121800061728,-2.9973987477837998,1.1986590636637484,0.011034338491272618
16.682,1,-3.9959247207152058,2.99158772060613,1.2048519079915778,0.011933083110699854
16.691,0,-3.999860988525716,-2.997444515743774,1.1985742229229641,0.010788133831490219
16.691,1,-3.9959215157435164,2.991576922721137,1.2049686301558247,0.011542816101468416
16.701,0,-3.999811726528389,-2.9974914140149234,1.1984932407161382,0.010383856507522
16.701,1,-3.9959201456749214,2.9915661488429257,1.2050809984775794,0.0110723129475643
16.711,0,-3.9997645345894,-2.997539438725236,1.198417781479137,0.009882131227232067
16.712,1,-3.995920822304726,2.9915556569238806,1.2051883666356897,0.010550016967907068
16.721,0,-3.9997195397711627,-2.997588561835242,1.1983489456857226,0.009328185734057954
16.721,1,-3.9959237610042204,2.9915457221038575,1.2052903156263275,0.009997038310076256
16.731,0,-3.9996768470271067,-2.9976387277781975,1.1982874366659961,0.008756426306367457
16.731,1,-3.995929178716276,2.9915366344774292,1.2053865891779307,0.009429872700965337
16.741,0,-3.9996365325622025,-2.997689851775239,1.1982332310736648,0.008274662824613083
16.741,1,-3.9959372913062494,2.9915286959915037,1.2054768641320284,0.008814318945383154
16.752,0,-3.999598636678382,-2.9977418197053316,1.1981839984867508,0.007979838806705927
16.752,1,-3.9959483086660006,2.9915222169415743,1.2055602937738887,0.008128553601765943
16.761,0,-3.9995631682155808,-2.9977944955615428,1.198137431287149,0.007803628994205465
16.761,1,-3.9959624302216508,2.9915175148708526,1.2056361998270009,0.007414049539577919
16.771,0,-3.9995301067591633,-2.997847727657781,1.1980919330147213,0.00770497653615991
16.771,1,-3.9959798394966475,2.9915149130324106,1.2057041732384806,0.006707621882991918
16.781,0,-3.9994994035708458,-2.9979013530805334,1.1980463978686866,0.007659063623332796
16.781,1,-3.9960006999520576,2.991514738161032,1.2057639916346197,0.006044796940898377
16.791,0,-3.9994709827391657,-2.997955201478931,1.1979997912088967,0.007699523148060546
16.791,1,-3.9960251516623284,2.9915173173994423,1.2058154040618376,0.005431366178940206
16.801,0,-3.9994447422792123,-2.998009098969537,1.1979500415959594,0.007885557189147473
16.801,1,-3.9960533073218354,2.9915229733477124,1.205857875030256,0.00490972620690438
16.811,0,-3.999420563763796,-2.9980628738536006,1.1978953365058151,0.008190451974357565
16.812,1,-3.9960852491701475,2.991532018820933,1.2058910269512468,0.004562227809390822
16.821,0,-3.9993983197294214,-2.9981163612874946,1.197834461473509,0.008593406630625184
16.821,1,-3.9961210255937933,2.991544751255591,1.2059146619413559,0.004460717899681541
16.831,0,-3.9993778784173104,-2.9981694065239752,1.1977666136836833,0.009076120389636469
16.831,1,-3.996160649346821,2.9915614483735475,1.2059287086620558,0.004635661711776912
16.841,1,-3.9962040998853037,2.9915823678555595,1.2059338449794723,0.005066877208144484
16.842,0,-3.9993591086223086,-2.9982218667823615,1.1976920017912487,0.009464350311368231
16.851,0,-3.999341883476745,-2.9982736129910936,1.1976134708933301,0.009609921951244204
16.851,1,-3.996251329088989,2.991607748340203,1.205933026656259,0.005614769776723747
16.861,0,-3.999326072885299,-2.998324537091626,1.1975335676421996,0.009581558847008969
16.861,1,-3.9963022486741915,2.9916377836270494,1.2059288450214702,0.006182699529857096
16.871,0,-3.9993115402122723,-2.9983745577063434,1.1974540269879985,0.009432980378924576
16.871,1,-3.9963567274495126,2.9916726071642046,1.2059230886312906,0.006742407153553655
16.881,0,-3.999298141360156,-2.998423623027457,1.1973760194528056,0.009204215525372096
16.881,1,-3.9964145932440465,2.991712285096173,1.2059169870962676,0.007286382657116
16.891,0,-3.9992857245874323,-2.9984717118456534,1.1973003234200128,0.008924322089932475
16.891,1,-3.996475635960825,2.991756813506558,1.2059113804636237,0.007811509947689144
16.901,0,-3.999274130999001,-2.998518832936616,1.197227520745246,0.008599116391489482
16.901,1,-3.9965396109926017,2.9918061180932214,1.2059066868525405,0.00831632716534407
16.911,1,-3.996606245062501,2.9918600564110984,1.2059026268135495,0.008796405934851726
16.912,0,-3.9992631966148195,-2.998565019516001,1.1971581850867636,0.008237832655626465
16.921,0,-3.999252756444818,-2.9986103168235525,1.1970927106372078,0.007858020232280879
16.921,1,-3.996675250319892,2.99191842914507,1.2058988809107622,0.009245669221849414
16.931,0,-3.999242648533256,-2.998654770461401,1.197031335271598,0.0074714976956227
16.932,1,-3.996746336289392,2.9919809898187197,1.2058952282982387,0.009660159815644241
16.941,1,-3.996819218509705,2.9920474530473102,1.205891516941732,0.01003731784664947
16.942,0,-3.9992327170004156,-2.9986984181062857,1.1969741866637473,0.007086777967941165
16.951,1,-3.9968936245158253,2.99211750150878,1.2058874981276468,0.010376963952675783
16.952,0,-3.9992228142308393,-2.998741284024412,1.1969212610597348,0.006720523949086694
16.961,0,-3.9992128021735476,-2.9987833761881424,1.196872312098191,0.006384099566438236
16.961,1,-3.9969692956199205,2.9921907926614804,1.205882472838424,0.010680051606298684
16.972,0,-3.99920255257273,-2.998824685652328,1.1968270848853215,0.0060723633309477726
16.972,1,-3.9970459840882793,2.992266970212535,1.205875856995339,0.010946738586354449
16.981,0,-3.9991919467880392,-2.998865187226969,1.196785362835697,0.005781765586929712
16.981,1,-3.997123448630897,2.9923456728001727,1.2058672669002073,0.01117746016931654
16.992,0,-3.9991808755644773,-2.9989048406653116,1.1967469574083365,0.005509285312928195
16.992,1,-3.9972014512006218,2.9924265405025343,1.2058564571672254,0.011372682738521246
17.001,0,-3.999169238711324,-2.998943592181725,1.1967116652390266,0.005259093664037126
17.001,1,-3.9972797550522925,2.992509220398142,1.2058435186499785,0.011525229166179055
17.012,0,-3.999156942698573,-2.998981376191652,1.1966791683176792,0.005033783831161519
17.012,1,-3.99735812122933,2.9925933708772576,1.2058294211907277,0.011626487295102147
17.021,1,-3.9974363003197673,2.992678661487167,1.2058150322977033,0.011678693646189755
17.021,0,-3.9991438936961146,-2.9990181169520476,1.196649182697919,0.00482752199181327
17.032,0,-3.999129991084763,-2.9990537302927383,1.196621480803213,0.004637011342097715
17.032,1,-3.9975140257547914,2.992764774033383,1.2058009461661694,0.011684256316135124
17.041,0,-3.999115123323408,-2.999088125311205,1.1965958726762866,0.004460705029204491
17.041,1,-3.997591010123786,2.992851403828645,1.20578756910286,0.011645125975171337
17.051,0,-3.99909916568363,-2.9991212059946233,1.1965721935138027,0.004298663571561458
17.051,1,-3.9976669438214745,2.992938260596151,1.2057751766968847,0.011562764663020579
17.061,0,-3.999081978991756,-2.9991528722547165,1.196550674110157,0.0040967720701287555
17.061,1,-3.9977414964664817,2.9930250692012152,1.2057634409195641,0.011452037992604993
17.072,0,-3.9990634102081852,-2.9991830207661883,1.1965333181571662,0.003818469800192361
17.072,1,-3.997814326056865,2.993111572016447,1.2057502487657445,0.0113282731394179
17.081,0,-3.9990433042932785,-2.999211554429494,1.196522019281068,0.0035679653717376972
17.081,1,-3.997885094019821,2.9931975335436465,1.2057337569904696,0.011197723351625093
17.091,0,-3.9990215154960116,-2.99923839022764,1.1965180170642473,0.003448145830495662
17.091,1,-3.9979534810827198,2.9932827438258784,1.205712736653771,0.011071409422996165
17.101,0,-3.998997914708848,-2.9992634637256557,1.1965220961555694,0.003533465343006003
17.101,1,-3.998019198965441,2.9933670203791816,1.2056863831214015,0.010960476072637873
17.111,0,-3.9989723964907484,-2.9992867335902136,1.1965336495947656,0.0037360962351816566
17.111,1,-3.9980819963009746,2.99345020840406,1.2056547246161287,0.010832839749033981
17.121,0,-3.998944885150811,-2.9993081842605025,1.1965492752195361,0.0038835296269610314
17.121,1,-3.9981416577724467,2.9935321797741756,1.2056192827862517,0.010658915935144685
17.131,0,-3.9989153294238267,-2.999327816721797,1.196566136349326,0.003956998035530867
17.131,1,-3.9981980038199163,2.99361283424231,1.2055813664008004,0.010445793095966526
17.141,0,-3.9988837016851475,-2.999345644366104,1.196582270850923,0.003983364679655593
17.141,1,-3.9982508853866263,2.993692098734375,1.205541887372188,0.010203224981095797
17.151,0,-3.9988499976367615,-2.9993616905423397,1.1965963224416152,0.003995755998989563
17.151,1,-3.9983001787829187,2.993769925808269,1.2055014810059612,0.009940345185994237
17.161,0,-3.9988142353436933,-2.99937598648713,1.1966073538784883,0.004022162185357464
17.161,1,-3.9983457815549666,2.99384629181471,1.2054605931283482,0.00966523339840448
17.171,0,-3.998776452624815,-2.9993885686881567,1.1966152080156347,0.004102474413513555
17.171,1,-3.9983876086467074,2.993921194727634,1.2054197131394226,0.0093644755986964
17.181,0,-3.9987366998321154,-2.9993994747525803,1.1966215714157518,0.004232839885740552
17.181,1,-3.9984255927811208,2.993994655187272,1.2053798259188886,0.00902899600101712
17.191,0,-3.9986950325995525,-2.9994087433786536,1.1966279796371888,0.004388588108400648
17.191,1,-3.998459699094923,2.9940667267241436,1.2053417377561217,0.008678848497490541
17.201,0,-3.9986515014858743,-2.999416411754908,1.196635457679866,0.0045638083811445325
17.202,1,-3.9984899370141456,2.994137504329065,1.205305983717532,0.008331869481663355
17.211,0,-3.9986061438831784,-2.9994225130642165,1.1966446755350746,0.004758014192855603
17.211,1,-3.998516366648678,2.9942071286931355,1.2052729098880388,0.008003643227998505
17.221,0,-3.998558979207076,-2.999427075107854,1.1966558904347953,0.004960433611677932
17.221,1,-3.9985390999187524,2.994275786836231,1.205243115656207,0.007669562567140735
17.231,0,-3.9985100085506984,-2.9994301187341894,1.196668628846433,0.005157996971691044
17.231,1,-3.9985582953700844,2.994343707523381,1.2052183996661086,0.007329297549709887
17.242,0,-3.998459217751784,-2.9994316525768205,1.1966824089581838,0.005352493134290939
17.242,1,-3.9985741562707586,2.994411151401618,1.2052002658625072,0.007042258657652939
17.251,0,-3.9984065824262136,-2.9994316693198217,1.1966968800302147,0.0055462159092820925
17.251,1,-3.9985869225341926,2.9944783988780164,1.2051896906415118,0.00685648835118668
17.261,0,-3.998352072329455,-2.9994301439013378,1.1967117834159033,0.005741257152117921
17.261,1,-3.998596861909628,2.994545739743899,1.2051872816364269,0.00680448728242841
17.271,0,-3.9982956541564216,-2.9994270326310617,1.196727239367661,0.005963635394951815
17.271,1,-3.998604263979491,2.994613464446199,1.2051926714464467,0.006872845977780186
17.281,0,-3.9982372922640175,-2.9994222762306646,1.1967448711662427,0.006249316585475624
17.281,1,-3.9986094402657932,2.994681856522097,1.2052019306056536,0.006959882179565566
17.291,0,-3.998176955374932,-2.9994158196139518,1.1967662381144522,0.0065941403937133155
17.291,1,-3.9986127128931157,2.9947511935910693,1.2052112625869917,0.007040690416455179
17.301,0,-3.9981146206645226,-2.999407630781753,1.1967923799215967,0.006994403121308169
17.301,1,-3.9986144123620866,2.9948217499574374,1.2052180780841864,0.007137577163736775
17.311,0,-3.9980502755492204,-2.999397712895387,1.1968239749860485,0.007443555825661792
17.312,1,-3.998614877880767,2.9948937974656356,1.2052206294292718,0.00727959814653452
17.321,0,-3.9979839186797386,-2.99938611148282,1.1968614532257318,0.00793281291364437
17.321,1,-3.998614456532487,2.9949676054739944,1.2052177503904262,0.007488700027148004
17.331,0,-3.997915561665635,-2.99937291886132,1.1969044502831554,0.008353082012637469
17.331,1,-3.9986135014844426,2.9950434410611213,1.2052090494947003,0.0077604320442659505
17.341,0,-3.9978452346710647,-2.999358274880042,1.1969495707110362,0.008562642350264124
17.341,1,-3.9986123674848946,2.9951215694180062,1.205196167009814,0.008050848281759683
17.351,0,-3.9977729825795727,-2.9993423485366044,1.1969935519714285,0.008627927562476056
17.351,1,-3.9986114008621905,2.9952022408353027,1.2051808108458784,0.008345377844116202
17.361,1,-3.998610927388024,2.9952856795344354,1.2051641578197794,0.00864265793476098
17.361,0,-3.9976988656185255,-2.999325322235884,1.1970341827897781,0.008610841839007937
17.371,0,-3.9976229611896668,-2.9993073814882947,1.1970699794966178,0.008558476401440154
17.371,1,-3.998611243302552,2.9953720772565626,1.205147015965942,0.008944674694007023
17.381,1,-3.9986126098246806,2.9954615903341,1.205130231400079,0.00923949220153045
17.381,0,-3.9975453634094613,-2.9992887070447862,1.19710051603024,0.008552820509237506
17.391,0,-3.9974661801613767,-2.999269471793373,1.197127582946994,0.00862195761808257
17.392,1,-3.998615250530755,2.9955543383579926,1.2051154626893164,0.009523728462100681
17.401,0,-3.9973855348550886,-2.999249847675005,1.197152873849115,0.008724603516999151
17.401,1,-3.9986193478083454,2.9956503942967325,1.2051040712246706,0.009814156797158687
17.411,0,-3.997303564096065,-2.999230011430497,1.1971775485809029,0.00883921504532925
17.411,1,-3.9986250415592957,2.9957497791814056,1.2050969665806108,0.010120634261469684
17.421,0,-3.99722041449153,-2.999210147865339,1.1972023966492054,0.008954156316090213
17.421,1,-3.9986324297452196,2.9958524607985306,1.2050947463271968,0.010446507600810432
17.429,0,-3.997136240017315,-2.9991904515340626,1.19722786534321,0.00905563563912175
17.429,1,-3.998641569343063,2.995958353329221,1.2050974467217948,0.010785298838445758
17.441,0,-3.997051202495706,-2.999171126894153,1.1972538214217296,0.009129814600536695
17.441,1,-3.9986524764110403,2.996067314647463,1.2051033365982824,0.0111117493461397
17.451,0,-3.99696547821074,-2.9991523870876047,1.1972800338181029,0.009177082887398417
17.451,1,-3.9986651324891134,2.996179152390452,1.2051107014920308,0.011411977154179617
17.461,0,-3.996879265405804,-2.999134452175002,1.1973063330793767,0.009196790479006279
17.461,1,-3.9986794891706148,2.996293626278472,1.2051183690139267,0.011680895844832314
17.471,0,-3.9967927886653905,-2.99911754716085,1.197332590733864,0.009187942825924425
17.471,1,-3.9986954714541456,2.996410450048117,1.2051255413408037,0.011915992823991197
17.481,0,-3.9967063005648042,-2.99910189989074,1.1973587093003826,0.009149213091652486
17.481,1,-3.998712981168057,2.9965292950860833,1.2051316817454825,0.012115167828012457
17.491,0,-3.9966200813801422,-2.999087739352693,1.1973848928431992,0.00910083707175645
17.491,1,-3.998731900075702,2.9966497949406503,1.205136285444439,0.012275000370290438
17.501,1,-3.9987520936739025,2.996771556434208,1.2051384748732599,0.01239640072769357
17.502,0,-3.9965344354159464,-2.999075292363757,1.1974123054128034,0.00906121618423773
17.511,0,-3.9964496809659185,-2.9990647722720802,1.1974419531260994,0.009024782268847186
17.511,1,-3.9987734184230157,2.9968941855342286,1.2051375494312648,0.012485243868273871
17.521,0,-3.9963661397537114,-2.999056369374176,1.1974744993481925,0.00899055265440544
17.521,1,-3.998795727780345,2.997017310800309,1.2051330540358423,0.012547804105053606
17.531,0,-3.9962841287063107,-2.99905024481456,1.1975103688488997,0.008959381292689349
17.531,1,-3.998818876648775,2.997140599591213,1.205124704648153,0.012590359873821374
17.541,0,-3.9962039527103155,-2.999046525717323,1.197549313795092,0.00887202630758551
17.541,1,-3.9988427250741903,2.9972637685447046,1.205112732571002,0.012607577698329736
17.551,0,-3.9961258960546124,-2.9990453005266,1.1975892655906404,0.00867144805160643
17.551,1,-3.998867142533952,2.9973865872302685,1.2050987924339345,0.01258793237669551
17.562,0,-3.9960502191808276,-2.999046624276891,1.1976283869611213,0.008386287126646436
17.562,1,-3.9988920124959506,2.997508874383568,1.205084354516138,0.012537289848769551
17.571,0,-3.9959771544925524,-2.9990505210345884,1.1976654239774738,0.008042953748786823
17.571,1,-3.998917237391297,2.9976304924685913,1.2050704281019837,0.012464021919249354
17.581,0,-3.9959069031291565,-2.9990569855599896,1.197699527546304,0.007663538385049673
17.581,1,-3.998942741890905,2.9977513424984545,1.2050577026574503,0.012376276127511765
17.591,0,-3.995839634020072,-2.999065986082852,1.1977303617964201,0.0072905170575089705
17.591,1,-3.998968474467763,2.997871359566874,1.2050462523975134,0.012291228278122283
17.601,1,-3.998994406662761,2.9979905096529222,1.205034163592277,0.012226235892175336
17.601,0,-3.995775485655326,-2.999077470414432,1.19775856507073,0.006951125722947906
17.612,0,-3.9957145651878,-2.9990913732331217,1.1977847688971437,0.006636929548683739
17.612,1,-3.999020529880344,2.9981087841201104,1.2050195497061067,0.012183629652960642
17.622,0,-3.9956569503194013,-2.999107625112368,1.1978094065586542,0.006343963201766161
17.622,1,-3.999046850985175,2.9982261954417067,1.2050011426858298,0.012169291041363911
17.63,0,-3.9956026919829406,-2.9991261596669783,1.1978327733127205,0.006071090530446041
17.63,1,-3.9990733884929672,2.998342773946956,1.204978102616821,0.012188462719920598
17.642,0,-3.995551816923295,-2.9991469185269777,1.1978550695798758,0.0058189080030708
17.642,1,-3.999100169512227,2.99845856495549,1.204949886129462,0.012244394890238977
17.651,0,-3.9955043301298425,-2.9991698544987786,1.1978764178165053,0.005587932387970546
17.651,1,-3.999127227224917,2.9985736261720173,1.2049161603742198,0.012337708531938519
17.661,0,-3.9954602143928666,-2.9991949313900963,1.1978968550579305,0.005380031495112839
17.661,1,-3.99915459824318,2.9986880256933386,1.2048767921178918,0.01246535605389493
17.671,0,-3.995419424169311,-2.999222118914307,1.197916397409473,0.005199296549502958
17.672,1,-3.999182317882084,2.99880184184673,1.2048317677141653,0.012625292669289969
17.681,0,-3.995381879619265,-2.999251387123592,1.1979350572524083,0.005049403253974653
17.681,1,-3.9992104150671053,2.9989151635986393,1.2047811214994955,0.012815195836314722
17.691,0,-3.995347463547593,-2.999282702402584,1.1979528445173417,0.004932972417410265
17.691,1,-3.9992389087988567,2.999028090336433,1.2047249224586556,0.013032262588926645
17.701,0,-3.9953160209321443,-2.9993160248143282,1.1979698345561627,0.004857871381260956
17.701,1,-3.999267806213999,2.9991407310541054,1.204663695587316,0.013218423424522773
17.711,0,-3.9952873610334296,-2.999351303909423,1.1979864150650725,0.0048304426379326875
17.711,1,-3.999297102765147,2.9992532029535064,1.2045994392155641,0.013320601942508661
17.721,1,-3.9993267836317874,2.9993656294888744,1.20453390301125,0.013362093043108224
17.721,0,-3.995261260172847,-2.999388466522334,1.1980029476830674,0.004841252990666588
17.731,0,-3.995237466260894,-2.999427405542435,1.1980196724725076,0.004880252981236184
17.731,1,-3.999356826191911,2.9994781378201556,1.204468309673767,0.013363203871053471
17.741,0,-3.995215703731235,-2.9994679733588265,1.1980367447979443,0.004937159522359725
17.741,1,-3.999387202239345,2.999590856497944,1.2044035122830976,0.013339740455773779
17.751,0,-3.995195678626031,-2.999509979201914,1.198054426165463,0.00502140283877733
17.751,1,-3.9994178796859914,2.9997039133121257,1.2043398635561664,0.013340935881531948
17.762,0,-3.995177085552108,-2.999553192327319,1.198074009956907,0.005165816989157466
17.762,1,-3.9994488237639176,2.999817430423218,1.2042759617321406,0.013441598189448184
17.771,0,-3.9951596152025153,-2.999597352137347,1.1980968161096304,0.005360655292055092
17.771,1,-3.999479999455736,2.999931513710354,1.2042102072702436,0.013614552400578317
17.781,0,-3.9951429637570706,-2.9996421822685284,1.1981237212273068,0.00559867585385514
17.781,1,-3.9995113733944945,3.00004624133,1.204141538534236,0.013838279317967092
17.791,0,-3.995126840848924,-2.9996874027038545,1.1981552928107069,0.0058736485958585626
17.791,1,-3.9995429149586856,3.00016165589497,1.2040692659943137,0.014097225455086545
17.801,0,-3.995110975214071,-2.999732739048602,1.198191885495606,0.006179293995993128
17.801,1,-3.999574596989822,3.0002777599768966,1.2039929581620177,0.014378338951922911
17.81,0,-3.995095118486659,-2.9997779294902136,1.1982332938643623,0.006435872442142208
17.81,1,-3.999606396193778,3.0003945143422492,1.2039124922784585,0.014648869203165998
17.821,0,-3.9950790479322573,-2.9998227320204007,1.1982778274942243,0.006569872745074295
17.821,1,-3.9996382918301774,3.0005118378534568,1.2038286723254283,0.014855833678765534
17.831,0,-3.995062567784219,-2.9998669331275747,1.1983239684540476,0.0066105158566062815
17.831,1,-3.999670259039154,3.0006296048327936,1.203742416405976,0.0150078630112586
17.841,0,-3.9950455092439476,-2.9999103545370778,1.198370651617751,0.006582549107163178
17.841,1,-3.999702261397343,3.0007476435783658,1.2036543823504253,0.015112296940966146
17.851,0,-3.995027729809469,-2.999952857149358,1.1984171279633373,0.006507075110160019
17.851,1,-3.9997342460031193,3.0008657378656065,1.2035650386217358,0.015174399983900001
17.861,0,-3.9950091124009552,-2.9999943429552793,1.1984626879499822,0.006361413751425129
17.861,1,-3.999766140753472,3.0009836302279504,1.2034746763438757,0.01520430978184369
17.871,0,-3.9949895667821593,-3.0000347534372898,1.198505910030502,0.006113978360271564
17.871,1,-3.9997978552723303,3.0011010264259874,1.2033833027677325,0.015212672260886167
17.882,0,-3.9949690344583586,-3.000074058502956,1.198545550148554,0.005807078734300193
17.882,1,-3.999829288356329,3.001217601112912,1.2032908699215146,0.015196325326025032
17.891,0,-3.994947493850759,-3.0001122448637427,1.1985807730579927,0.005474047138654251
17.891,1,-3.9998603364766656,3.0013330039209274,1.2031973510589677,0.015153301575513926
17.902,0,-3.9949249629904213,-3.0001493074870953,1.1986110276152826,0.005140398970630143
17.902,1,-3.999890900174784,3.0014468652268724,1.2031027335708835,0.015082453061564973
17.911,0,-3.994901500016393,-3.0001852434063,1.1986359585378537,0.004825927798762413
17.911,1,-3.9999208886113444,3.0015588015078514,1.2030070165912485,0.014983566194022815
17.92,0,-3.9948772019339867,-3.00022004721418,1.1986554663791515,0.004559583367218219
17.92,1,-3.9999502225999617,3.001668420227693,1.2029104066470433,0.014822319049297669
17.932,0,-3.9948522009165415,-3.0002537076350335,1.1986701103844017,0.004355234153183535
17.932,1,-3.999978836541245,3.001775324670136,1.202813788000774,0.014571908423846223
17.941,0,-3.9948266577135065,-3.000286206469967,1.198680479944741,0.0041928431941817825
17.941,1,-4.000006680874373,3.0018791239367344,1.202717926853189,0.014252177081157818
17.952,0,-3.9948007537971404,-3.0003175179662156,1.1986869978800776,0.004058428380698364
17.952,1,-4.000033723360704,3.0019794411311467,1.2026233400420718,0.01387834863408082
17.961,0,-3.994774684495395,-3.000347608526223,1.198689968874164,0.003942826896570439
17.961,1,-4.0000599493478965,3.002075919118501,1.2025303717792803,0.013462131165526553
17.971,0,-3.994748653394834,-3.0003764368096917,1.1986896544005934,0.0038397169000738912
17.971,1,-4.000085361575525,3.0021682252475754,1.2024391212420322,0.013036191767772915
17.981,0,-3.994722867961215,-3.0004039548346237,1.1986865097627346,0.0037401580245178183
17.981,1,-4.000109980729776,3.0022560572164285,1.2023491838330724,0.01262727305034687
17.991,0,-3.994697536359175,-3.000430112880462,1.1986809647185488,0.003637264857064759
17.991,1,-4.000133847302179,3.0023391477602157,1.2022601727747206,0.012231614686985812
18.001,0,-3.994672864914193,-3.000454864858656,1.1986733267599956,0.0035283039344596464
18.001,1,-4.000157023382565,3.0024172697272498,1.2021718155694667,0.0118489554391669
18.012,0,-3.994649055895942,-3.0004781721051548,1.1986638164914705,0.00341321083407664
18.012,1,-4.000179593096177,3.0024902392278614,1.2020839193122823,0.011480687308278817
18.02,0,-3.994626305541697,-3.0005000060030724,1.1986525556817205,0.003297046310809399
18.02,1,-4.000201661657125,3.0025579130788627,1.2019970319259512,0.010986616406567864
18.031,0,-3.994604801093071,-3.0005203502047686,1.1986394992417038,0.003187854750656569
18.031,1,-4.000223353769287,3.002620178045798,1.2019140411331608,0.010253579536624565
18.041,0,-3.9945847157886742,-3.000539202837692,1.198624589966452,0.003090742724234936
18.041,1,-4.0002448137470585,3.002676959142142,1.2018374516357009,0.0093604830955251
18.051,0,-3.994566204300971,-3.0005565781784482,1.198607792374802,0.003011154079697484
18.051,1,-4.0002662036748005,3.0027282155989767,1.2017689317569171,0.008367814034238051
18.061,0,-3.9945493997776866,-3.0005725073090597,1.1985890862583544,0.0029543692748387695
18.061,1,-4.000287700894622,3.0027739340226938,1.2017095644374252,0.007323475277810441
18.071,0,-3.994534412237204,-3.0005870379403583,1.1985684614991863,0.0029249806464152523
18.071,1,-4.000309495347973,3.0028141227485614,1.2016600334741527,0.006266961402367852
18.081,0,-3.9945213267744624,-3.0006002343986102,1.1985452974769641,0.0030477493873183148
18.081,1,-4.000331786266935,3.0028488120940926,1.201619886279734,0.005380075788114318
18.091,1,-4.000354775534674,3.002878057704626,1.2015864252252972,0.004728043267533982
18.091,0,-3.9945102025928594,-3.0006121750805566,1.1985175006904074,0.0034049805289624547
18.101,0,-3.9945010791923985,-3.0006229421906894,1.1984833952219358,0.00395445192867103
18.101,1,-4.000378659186285,3.0029019242816704,1.2015573983039218,0.004254869068888599
18.111,0,-3.9944939795350103,-3.0006326147067446,1.1984418725517845,0.004643216605919346
18.111,1,-4.000403619439914,3.0029204831856435,1.2015312555527782,0.003931958390162407
18.121,0,-3.994488912201616,-3.0006412638411883,1.1983922181309752,0.005424231957252444
18.122,1,-4.0004298190297884,3.002933812655322,1.2015069348498135,0.0037446506170241206
18.131,0,-3.994485874470873,-3.0006489495645985,1.1983345269865016,0.006088034695824602
18.131,1,-4.000457397247477,3.0029419988322514,1.2014835066473535,0.0037157921894004375
18.141,0,-3.994484860643772,-3.000655717398411,1.1982726222234839,0.006282814391802966
18.141,1,-4.000486467851332,3.002945138984847,1.2014595937043648,0.0038549941131858735
18.151,0,-3.994485858156197,-3.000661606586634,1.1982106339023693,0.006141824388535558
18.151,1,-4.000517121805349,3.0029433401519348,1.2014341035409635,0.004122707460833574
18.161,0,-3.9944888475901767,-3.0006666576494663,1.1981513716864962,0.005776102753583324
18.161,1,-4.0005494299645745,3.002936721059005,1.2014063087873281,0.004483475627303667
18.171,0,-3.9944938061568984,-3.00067091638037,1.1980967225133026,0.005264942925802709
18.171,1,-4.000583445266298,3.002925413835323,1.2013757346453418,0.004907751005166388
18.181,0,-3.9945007094299663,-3.000674436603641,1.1980475055334086,0.0047679960379886
18.181,1,-4.000619205093307,3.002909563532837,1.2013423157818477,0.005332190065805925
18.191,0,-3.9945095325030584,-3.0006772779459983,1.19800307764333,0.004364122502971788
18.191,1,-4.000656731788743,3.002889325711356,1.2013068966977423,0.005710862808514416
18.201,1,-4.000696025504956,3.0028648707410457,1.2012702569755171,0.006057191041465511
18.202,0,-3.994520255046504,-3.0006794949002935,1.1979627803132078,0.004033092832463663
18.21,0,-3.9945328632913895,-3.000681127648599,1.1979261375295676,0.0037621385000985155
18.21,1,-4.000737058767922,3.002836383808592,1.2012329331123361,0.006379396439633573
18.221,0,-3.9945473507811053,-3.000682196196588,1.197892800632227,0.0035428959602128796
18.222,1,-4.000779773884039,3.0028040633327127,1.2011952940405983,0.006681548647024108
18.232,0,-3.994563718616798,-3.0006826968988394,1.1978625098725804,0.003370990748318576
18.232,1,-4.000824082215593,3.0027681191938242,1.201157593153858,0.006964916673846552
18.241,0,-3.9945819750588982,-3.0006826010849976,1.1978350146745653,0.00325376672214634
18.241,1,-4.000869864937187,3.0027287706175247,1.2011200590528686,0.007221447610397555
18.251,0,-3.9946021317726723,-3.000681859674637,1.1978099975791552,0.0031901597223639596
18.251,1,-4.000916972582436,3.0026862440126467,1.2010830503108636,0.007445096263122345
18.261,0,-3.994624195301109,-3.000680416021266,1.1977872070222015,0.0031714272361767415
18.261,1,-4.000965219775796,3.0026407725710462,1.2010468482429475,0.007639036331588003
18.272,0,-3.994648159223208,-3.000678217947911,1.1977664539930737,0.0031897150304944113
18.272,1,-4.001014381337693,3.002592595110616,1.2010116342889485,0.007803676851825444
18.281,0,-3.9946739989844944,-3.000675226268558,1.197747595386962,0.003237467610332282
18.281,1,-4.00106419135962,3.002541954546685,1.2009775206850788,0.007938069934597168
18.291,0,-3.9947016696547974,-3.000671420046491,1.1977308895156127,0.0032604928770510345
18.291,1,-4.001114344979618,3.0024890945073053,1.200945393572037,0.007962429796818243
18.301,0,-3.9947311078435517,-3.0006667984780013,1.1977178526316963,0.0032527328311945996
18.301,1,-4.001164506885846,3.00243425581136,1.2009180801383508,0.007875071700829527
18.311,0,-3.994762234003506,-3.0006613815621965,1.1977097840164777,0.0032852663999989873
18.311,1,-4.001214329537062,3.0023776810129554,1.2008978445810652,0.007754897220230143
18.321,0,-3.994794957849578,-3.0006552084842033,1.1977075261925283,0.003404580954383913
18.321,1,-4.001263471999906,3.0023196129846563,1.2008861875387347,0.007664349008408728
18.331,0,-3.994829183290288,-3.000648335430298,1.1977116059930197,0.0036290417577997908
18.331,1,-4.001311613890158,3.002260292724279,1.200884077005484,0.007648490821073917
18.341,0,-3.9948648111824006,-3.0006408338843973,1.1977215095124518,0.0038821252764426727
18.341,1,-4.001358465466578,3.002199957899767,1.200891735268788,0.007717622740247063
18.351,0,-3.994901743720239,-3.000632790097889,1.197733810251358,0.0040355961986660565
18.351,1,-4.001403773030527,3.0021388420911035,1.2009073452916048,0.007810828020063819
18.361,0,-3.9949399033513546,-3.000624302940556,1.197745479976837,0.004108030205757854
18.361,1,-4.001447308881907,3.002077170288677,1.200929052279833,0.007890707375521576
18.371,0,-3.994979245789774,-3.0006154838343497,1.1977544494843315,0.0041507974963061
18.371,1,-4.001488860123413,3.002015156725248,1.2009555689678781,0.00794508490425116
18.381,0,-3.9950197670627796,-3.000606456509724,1.1977593121087902,0.004213993771685052
18.381,1,-4.001528221428235,3.001953003944223,1.2009860003035642,0.007972486049620949
18.391,0,-3.9950615071183573,-3.000597356172535,1.1977591203726536,0.004335719981494541
18.391,1,-4.001565190272501,3.0018909021092917,1.2010197223310761,0.007975704502107309
18.401,0,-3.9951045512926258,-3.0005883282811383,1.1977537115288233,0.004517044268197144
18.401,1,-4.001599565510403,3.0018290284258,1.2010557792868608,0.007894709719826665
18.411,0,-3.9951490286643465,-3.0005795269355184,1.197744718314826,0.004709119591818233
18.411,1,-4.001631151810237,3.0017675466416938,1.2010915985460966,0.007679047355847456
18.42,0,-3.9951951001858146,-3.0005711118378864,1.1977336437710802,0.004896686113524167
18.42,1,-4.001659760797549,3.001706608299341,1.2011250161326006,0.007372841096478347
18.431,0,-3.9952429480278697,-3.000563245021141,1.1977215092217441,0.005082213164128565
18.431,1,-4.00168521638756,3.0016463542096,1.2011545821801666,0.007015919825531677
18.441,1,-4.0017073596580754,3.0015869154481893,1.2011793379412026,0.006642029147402629
18.441,0,-3.995292767563748,-3.000556088244043,1.1977090036261677,0.005272615818861861
18.451,0,-3.9953447616072526,-3.0005498011674727,1.197696955020707,0.005455447018188276
18.451,1,-4.001726053612685,3.0015284134430424,1.201198200900183,0.006250247169069612
18.461,0,-3.9953991326995606,-3.000544538187786,1.1976869149611549,0.005638367115099626
18.461,1,-4.001741185370156,3.0014709563341055,1.2012091969288856,0.005895238913027691
18.471,0,-3.9954560667066854,-3.0005404407041607,1.197680083908847,0.0058468215850582695
18.471,1,-4.001752656252593,3.001414631986383,1.2012108237311363,0.005672264034740066
18.481,0,-3.9955157206340366,-3.000537631062311,1.1976772525223456,0.006096124418599328
18.481,1,-4.001760376317811,3.0013595010847762,1.201202118705693,0.005655856142779355
18.491,0,-3.995578214945835,-3.000536208797046,1.1976789274616357,0.006391642694580249
18.491,1,-4.001764261219471,3.0013055928571677,1.2011824923302978,0.005881476840709179
18.501,0,-3.9956436277098213,-3.0005362479039963,1.197684909349206,0.006716047088611109
18.501,1,-4.001764226431707,3.0012529041914044,1.2011525636200364,0.006211055728338608
18.511,1,-4.001760184833797,3.0012014005548178,1.2011154002267055,0.006483685162536418
18.512,0,-3.9957119939494676,-3.00053779719091,1.197693647521864,0.007038838765659901
18.521,0,-3.995783319388944,-3.000540888592261,1.1977038402401448,0.007351639160408334
18.521,1,-4.001752069374831,3.0011510125917344,1.201073556113089,0.006688679729812332
18.531,0,-3.9958575900312345,-3.000545543331914,1.197714586213818,0.007654469312486256
18.531,1,-4.001739844192495,3.00110163703961,1.2010287991965465,0.006842451458867867
18.541,0,-3.995934778764756,-3.0005517761571316,1.1977252614194938,0.007949664550108395
18.541,1,-4.001723509909852,3.0010531392057227,1.2009823547268372,0.006965415351832473
18.551,0,-3.996014850363791,-3.000559598417918,1.1977354340372826,0.00823960550051924
18.551,1,-4.001703106225454,3.00100535603492,1.200935072051161,0.007074605745477271
18.561,0,-3.9960977643413513,-3.0005690199794484,1.1977446077623501,0.00852107276134948
18.561,1,-4.001678712276768,3.0009580996490444,1.200887498017977,0.007188934371748349
18.571,0,-3.996183471414195,-3.000580051549671,1.1977519066749172,0.008795990553133542
18.571,1,-4.001650440972338,3.0009111623169744,1.2008398986507862,0.007318535004289362
18.582,0,-3.996271903212616,-3.0005927099698453,1.1977566478436366,0.00906937956285624
18.582,1,-4.001618424112641,3.000864323452727,1.200792439513773,0.0074645628459819955
18.591,0,-3.996362961597346,-3.0006070217348078,1.1977583708531303,0.009342813877066881
18.591,1,-4.001582798804173,3.000817356034772,1.200745234794751,0.00762713425289763
18.601,0,-3.9964565120344786,-3.0006230248625645,1.1977567696225866,0.009615322686789302
18.601,1,-4.001543697587033,3.0007700317907378,1.200698362615162,0.007805870380440343
18.611,0,-3.9965523814407677,-3.0006407703291815,1.197752010789602,0.009878549257938178
18.611,1,-4.001501241248849,3.000722125282785,1.2006519880258206,0.007983070018587897
18.62,0,-3.996650365005743,-3.0006603231309237,1.1977455638256724,0.01011807476338483
18.62,1,-4.001455535849619,3.000673419055691,1.2006066335755727,0.00814776286453199
18.63,0,-3.9967502409108135,-3.000681757362506,1.1977387240737114,0.01033252118368762
18.63,1,-4.001406678860372,3.0006237130933404,1.2005627344587755,0.008311465234057555
18.642,0,-3.9968517887836805,-3.000705153064126,1.1977323604156165,0.010525804332980553
18.642,1,-4.001354764831956,3.000572833138852,1.2005205699649433,0.008480717875968583
18.648,0,-3.9969548038933738,-3.0007305940985596,1.197727044748857,0.010703298216851564
18.648,1,-4.0012998891265275,3.0005206360163097,1.200480309513234,0.008658399326921608
18.661,0,-3.9970591069105956,-3.000758166256644,1.1977231468562624,0.010870390930877485
18.661,1,-4.001242150398279,3.000467012532119,1.2004420472027642,0.00884474101815702
18.671,0,-3.997164549763246,-3.000787955125982,1.1977206248228163,0.011033090332409923
18.671,1,-4.00118165184511,3.0004118881696016,1.20040598166265,0.00902368557766618
18.682,0,-3.9972710160837224,-3.000820046216305,1.1977186860091518,0.011193831358278656
18.682,1,-4.001118505229256,3.0003552205848143,1.2003726543683344,0.009191002305267206
18.691,0,-3.9973784165598563,-3.0008545319378213,1.1977166543148607,0.011354532896292995
18.691,1,-4.001052842375265,3.0002969945255216,1.200342487647877,0.009353882796369777
18.702,0,-3.997486682602676,-3.000891516264354,1.1977140565805016,0.011517815143774195
18.702,1,-4.00098482366514,3.0002372160090047,1.2003157517563479,0.009514951813161282
18.711,0,-3.997595761154497,-3.0009311170591144,1.197710559874898,0.011686281610673865
18.711,1,-4.000914642636905,3.0001759074255947,1.2002926107677392,0.009673936530009255
18.721,0,-3.997705610318666,-3.000973466101725,1.1977057427231281,0.011864184504701598
18.721,1,-4.000842527803984,3.000113103629648,1.2002730924770117,0.009831667836270772
18.731,0,-3.9978161934420076,-3.0010187036376017,1.1976988050640374,0.01205583472602316
18.732,1,-4.000768741810104,3.000048848807846,1.200256966309584,0.00998509826264243
18.741,0,-3.997927470710983,-3.0010669679076196,1.1976891151266267,0.012263013566155705
18.741,1,-4.000693577123122,2.9999831932465146,1.200244002667968,0.010127275841873073
18.751,0,-3.9980393917387396,-3.001118384256203,1.1976762426022745,0.01248577706738674
18.751,1,-4.00061735121214,2.9999161909428027,1.2002340275708856,0.010253195589927969
18.761,0,-3.998151890720323,-3.001173057358734,1.1976598964583753,0.012722743466027862
18.761,1,-4.000540401933934,2.9998478978275567,1.2002269065257287,0.01035946057324509
18.771,0,-3.998264883920706,-3.0012310675214637,1.1976402872815903,0.012954098562608374
18.771,1,-4.000463083071565,2.999778370511869,1.2002224540287971,0.010444440221731265
18.781,0,-3.9983782697487786,-3.0012924691754006,1.1976190572790966,0.01315765892935676
18.781,1,-4.000385757732107,2.999707665801915,1.200220253622541,0.010505891070204198
18.791,0,-3.998491930114041,-3.0013572778830793,1.197597652838973,0.013336971011278684
18.792,1,-4.000308787485833,2.9996358406206043,1.2002199495330612,0.01054216954044073
18.801,0,-3.9986057335248,-3.001425463509809,1.19757704623965,0.01349622747181358
18.801,1,-4.000232522523089,2.9995629524181053,1.200221288408107,0.010553550754381965
18.811,1,-4.000157294425309,2.9994890594248313,1.2002240884047408,0.010541466167410335
18.812,0,-3.998719538256003,-3.001496948179501,1.1975578818732036,0.013638117680764998
18.822,0,-3.998833195218824,-3.0015716066090903,1.197540578804641,0.013763542184607612
18.822,1,-4.000083411054202,2.999414220698652,1.200228217252665,0.010508029845793163
18.83,1,-4.000011152924913,2.999338496171773,1.2002334384810913,0.010453329049346484
18.831,0,-3.9989465504403765,-3.001649268096679,1.197525424830655,0.013871243038449896
18.841,0,-3.9990594473213146,-3.001729724071175,1.1975127559603718,0.013959640546782514
18.841,1,-3.999940768713271,2.999261948099556,1.2002386352705552,0.01037497342643958
18.851,1,-3.9998724715364196,2.999184643955678,1.2002426698031892,0.010279148267570152
18.852,0,-3.999171729208754,-3.0018127492050946,1.1975028369834924,0.014030516537609068
18.861,0,-3.999283241842809,-3.001898125433294,1.1974958154490802,0.014086068215027456
18.861,1,-3.9998064354007177,2.9991066602553107,1.2002447804580172,0.010172870030624495
18.871,0,-3.9993938353174348,-3.0019856597363734,1.19749175265444,0.014128923139956152
18.871,1,-3.9997427928830227,2.9990280853177467,1.2002444686762463,0.010062085324626368
18.882,0,-3.9995033658982075,-3.0020751952471545,1.1974903157315395,0.014162020969151978
18.882,1,-3.9996816355405356,2.9989490204120623,1.2002417627531432,0.009946844097166318
18.892,0,-3.9996116960972166,-3.0021666130290003,1.1974900235192147,0.014183859400091056
18.892,1,-3.999623021285888,2.998869577694848,1.2002390712229267,0.009817326185178108
18.901,0,-3.9997186880685187,-3.002259826536255,1.1974895838893709,0.014194078276816888
18.901,1,-3.999566977550519,2.998789874602692,1.2002390023895735,0.009685583860534499
18.911,0,-3.999824198040707,-3.002354771609826,1.1974881106764894,0.014194323422894131
18.911,1,-3.9995135086535822,2.9987100257461834,1.2002433278983982,0.009572119969281465
18.921,0,-3.9999280732077196,-3.0024513980011793,1.1974850028731645,0.014186298744758961
18.921,1,-3.9994626043820194,2.9986301363149512,1.2002532342159902,0.009495714977268917
18.931,0,-4.0000301503636795,-3.0025496629202686,1.197479821744052,0.01417171574609035
18.932,1,-3.9994142444305694,2.99855029772357,1.2002686694289406,0.009423815080420325
18.941,0,-4.000130257965524,-3.0026495236950503,1.1974720346876504,0.014153161229301962
18.942,1,-3.999368395367218,2.9984705888936554,1.2002854037249586,0.009272528970234168
18.951,0,-4.0002282248129735,-3.0027509248167013,1.197461192295153,0.014131924686845649
18.951,1,-3.999325023938497,2.998391089902975,1.2002993054581492,0.009069390225964558
18.961,0,-4.00032389045041,-3.0028537847002927,1.197447000889279,0.014108356406770153
18.962,1,-3.999284101564216,2.9983118972017895,1.2003075896063926,0.008864232303887243
18.972,0,-4.000417112848895,-3.0029579869443888,1.1974292761495444,0.01408197495877295
18.972,1,-3.9992456041381574,2.998233133682573,1.200308398623931,0.008703507501735796
18.981,0,-4.000507773483817,-3.003063375643824,1.197407907782117,0.014051784546765625
18.981,1,-3.9992095118261886,2.9981549545060173,1.2003005163242273,0.00862204311278042
18.991,0,-4.000595780219962,-3.0031697537524304,1.1973829052283047,0.014011983603094497
18.991,1,-3.9991758090658522,2.9980775497413807,1.200283267681382,0.008632666971878457
19.001,0,-4.000681066816917,-3.0032768870251076,1.1973547728598106,0.013950497179195814
19.002,1,-3.9991444858628,2.9980011425942013,1.2002569473874933,0.008711412039893791
19.012,0,-4.000763590140078,-3.0033845196193507,1.1973240635924822,0.013867301470506101
19.012,1,-3.9991155368272344,2.9979259762936,1.2002221005048808,0.008842850070724
19.021,0,-4.000843325384595,-3.0034923930197146,1.1972911619446056,0.01376443448326617
19.021,1,-3.9990889610024203,2.99785229819644,1.200179146492059,0.0090184959961119
19.031,0,-4.000920261690247,-3.0036002603358574,1.1972563347257241,0.01364444947892345
19.031,1,-3.9990647622666935,2.9977803478318026,1.2001284110113752,0.0092326024682434
19.039,0,-4.000994398345234,-3.0037078961724637,1.197219929040046,0.01349637607302298
19.039,1,-3.9990429499418743,2.9977103488228956,1.2000703756449935,0.009435978050117902
19.051,0,-4.001065740718835,-3.0038151009663228,1.1971832468332835,0.013295528536313609
19.051,1,-3.9990235412195867,2.997642505730993,1.2000068757026496,0.009525729758423869
19.062,0,-4.0011343051795665,-3.0039216964460174,1.197147598680232,0.013055538501764354
19.062,1,-3.999006556500646,2.9975769983707923,1.1999397908020872,0.009520778420686004
19.072,0,-4.001200123521554,-3.004027518332914,1.1971138647295083,0.012789183217683714
19.072,1,-3.9989920161535704,2.997513978670084,1.1998704314347501,0.009445191502105618
19.081,1,-3.9989799395371968,2.997453570254919,1.1997997098213407,0.009319705145811487
19.082,0,-4.001263244456718,-3.0041324107125025,1.1970826236025354,0.012506188332188476
19.092,0,-4.001323733422555,-3.00423622179363,1.1970544748388714,0.01219863924605937
19.092,1,-3.9989703433032138,2.9973958679443844,1.1997279476499387,0.009220401801060218
19.101,0,-4.001381669650861,-3.0043387987204517,1.1970309369011864,0.011861545004268984
19.101,1,-3.9989632367945354,2.9973409358327108,1.1996545221694133,0.009189520778452115
19.111,0,-4.001437146430344,-3.004439981655028,1.1970133478590943,0.011521831458152968
19.111,1,-3.9989586165422715,2.997288806881387,1.199578869813894,0.009216270265923985
19.122,0,-4.001490268593543,-3.0045395980624265,1.1970025748643935,0.01119984125360725
19.122,1,-3.998956459736299,2.997239481097083,1.1995006067805765,0.00929263068327032
19.131,0,-4.001541149321065,-3.004637459108831,1.1969991588702007,0.01090972956715318
19.131,1,-3.998956719973839,2.997192924980981,1.1994194748309543,0.009412072303671125
19.141,0,-4.001589907512715,-3.0047333581385844,1.1970034108590095,0.010660571707203472
19.141,1,-3.998959325209499,2.99714907236274,1.1993353029394653,0.009568858922695206
19.151,0,-4.0016366662122635,-3.004827071662469,1.1970151295036209,0.010445338229708624
19.151,1,-3.9989641789105472,2.9971078278582515,1.1992486412236796,0.009611827941308597
19.162,0,-4.001681550865035,-3.0049183640511425,1.1970331593374508,0.010241927531878792
19.162,1,-3.9989711646161226,2.9970690710179975,1.1991616658105428,0.009473449958133843
19.171,0,-4.001724683796658,-3.00500699268288,1.1970565125208994,0.010039661132389254
19.171,1,-3.998980147814862,2.997032652683193,1.1990761478228675,0.009213540963998821
19.181,0,-4.001766181335891,-3.0050927146255746,1.1970844772143223,0.00983412767522214
19.181,1,-3.9989909822501737,2.9969983968016236,1.1989932788011166,0.008875137762055103
19.191,0,-4.001806152114914,-3.0051752922152244,1.1971165283269565,0.009624216777120064
19.191,1,-3.999003515681968,2.996966103691974,1.1989138491195865,0.008488969674085767
19.201,0,-4.001844695680563,-3.0052544966711507,1.197152464978794,0.009433146854223059
19.201,1,-3.999017594011001,2.9969355532532975,1.1988381455949881,0.00813726756139857
19.211,1,-3.9990330618395094,2.9969065100468053,1.1987651984067638,0.007908162565644012
19.211,0,-4.0018819014313065,-3.005330108443203,1.19719306691513,0.009301931992182056
19.221,0,-4.001917851430508,-3.005401921601304,1.197239110676722,0.00923421193840108
19.221,1,-3.999049760817595,2.9968787386752345,1.1986939862269532,0.0077660114272240215
19.231,0,-4.001952622439791,-3.0054697455705193,1.1972910726303496,0.009230682209120026
19.232,1,-3.99906752566833,2.996852017298027,1.198623800718741,0.007685171516002777
19.242,0,-4.00198628701731,-3.0055334053268936,1.1973492230421765,0.009290777310245888
19.242,1,-3.999086181325775,2.9968261464978094,1.1985541452360269,0.007646642382258318
19.251,0,-4.0020189143797875,-3.0055927421444917,1.1974135324974664,0.009380978923870091
19.252,1,-3.9991055424062028,2.9968009554647335,1.1984854093467094,0.007459267284827911
19.261,0,-4.002050568780281,-3.005647614372313,1.1974833269250151,0.009465279511190012
19.261,1,-3.999125419136433,2.9967763045292295,1.1984205550041354,0.006985536287829723
19.271,0,-4.002081301647197,-3.0056978915997625,1.1975579570698696,0.00954804920898027
19.271,1,-3.999145631995496,2.9967520800336525,1.1983621725773517,0.006331294609143359
19.281,0,-4.0021111447058795,-3.0057434511103462,1.1976369226111014,0.009632823807739995
19.281,1,-3.999166028497962,2.9967281901775293,1.1983119810584972,0.005578874389354208
19.291,0,-4.002140105893716,-3.0057841760223596,1.1977198316663757,0.009723491526366097
19.292,1,-3.9991864949110125,2.9967045617640986,1.198271091775164,0.0047995593475101215
19.302,0,-4.002168167330177,-3.005819954180295,1.1978063669013688,0.009822144112162621
19.302,1,-3.99920696317991,2.9966811372848356,1.1982401985262081,0.004066092297006772
19.311,1,-3.9992274141506727,2.9966578723293296,1.1982192104179776,0.0035388585795971222
19.312,0,-4.0021952850588125,-3.0058506785128047,1.1978960904920577,0.009884138243169825
19.321,0,-4.002221391661216,-3.0058762519244238,1.1979877764163864,0.00984884085707241
19.321,1,-3.999247875072965,2.996634733579596,1.1982054955117585,0.0032852028921670274
19.331,0,-4.002246401534168,-3.005896588691497,1.1980802885252397,0.009748662071750533
19.331,1,-3.9992684071307814,2.996611698374624,1.1981964596291175,0.0031758429491776465
19.341,1,-3.9992890916148736,2.9965887541722958,1.1981903037981574,0.003136830090982083
19.342,0,-4.002270217372023,-3.005911619176136,1.198172832414892,0.009609798342463245
19.351,0,-4.002292735613453,-3.005921294349519,1.198264850897427,0.0094519315655059
19.351,1,-3.999310019369894,2.996565897746422,1.1981857737933366,0.0031318200634675372
19.361,0,-4.0023138507949945,-3.0059255891540553,1.198355839296974,0.009261065907865103
19.361,1,-3.999331283178124,2.996543134293962,1.198182529618019,0.0031316903404139174
19.371,0,-4.002333458301572,-3.0059245058179744,1.1984450337696566,0.009026293559112202
19.371,1,-3.999352974526593,2.9965204757670447,1.1981822894558718,0.0031523093812101726
19.381,0,-4.002351453429754,-3.005918073320359,1.1985318129495852,0.008772243268848415
19.381,1,-3.9993751844023198,2.996497937245643,1.1981866309799605,0.003248930794333713
19.392,0,-4.002367730454375,-3.0059063478927905,1.19861574679387,0.008517075973348928
19.392,1,-3.9993980054476745,2.9964755335584172,1.1981965882054053,0.0034567259508656947
19.401,1,-3.9994215334103105,2.9964532768682526,1.1982128210976817,0.0037821071678656153
19.401,0,-4.002382182364587,-3.0058894129719764,1.1986965386347368,0.008274187480765314
19.411,0,-4.00239470097176,-3.005867378248143,1.198773984102136,0.008053116002400313
19.411,1,-3.9994458678426215,2.9964311750118107,1.198235730606234,0.00420967893932408
19.421,0,-4.002405176869703,-3.005840376864064,1.1988481643581366,0.007914865270789254
19.421,1,-3.999471110918875,2.996409230311835,1.1982642513188313,0.004502770091138684
19.431,0,-4.002413500146,-3.0058085598698754,1.1989199508708108,0.007899220517683934
19.431,1,-3.9994973642043794,2.996387439821925,1.198294129627972,0.004528776318932655
19.439,0,-4.002419566878675,-3.005772095627079,1.198990121210684,0.007970787763975409
19.439,1,-3.999524729738908,2.996365798391709,1.1983218930288753,0.0043855490136647
19.452,0,-4.002423284040733,-3.0057311652952245,1.199059205357577,0.008103719507469744
19.452,1,-3.9995533082734536,2.9963443011013564,1.1983451851934388,0.004172634277284539
19.461,0,-4.0024245724486045,-3.0056859580066635,1.1991275612228294,0.00827911889210416
19.461,1,-3.999583197286038,2.99632294484839,1.1983624230771635,0.0039813303150739035
19.471,0,-4.0024233692356725,-3.0056366680138646,1.1991951846316178,0.008431714210704096
19.471,1,-3.9996144904273545,2.9963017294338776,1.1983733190338965,0.003930302521776076
19.481,0,-4.002419631963693,-3.0055834943739304,1.199261174799917,0.008520111738843863
19.481,1,-3.999647274548246,2.9962806576778007,1.1983805172742419,0.004001918890401029
19.491,1,-3.9996816100498114,2.996259733201186,1.1983864582030517,0.004120436150962618
19.491,0,-4.002413341453555,-3.0055266359836095,1.1993247299480945,0.00857504890549055
19.501,0,-4.002404505727889,-3.005466290702275,1.1993853209489453,0.008616492151808942
19.501,1,-3.9997175157683764,2.9962389584086213,1.1983928025403066,0.004261728968727615
19.511,1,-3.9997549604915714,2.996218333164023,1.1984006729779797,0.004419191963699731
19.511,0,-4.002393162412793,-3.005402655368818,1.1994426061758534,0.008656592604367016
19.521,0,-4.002379379894407,-3.0053359260322834,1.1994961809960913,0.008674084582816518
19.521,1,-3.9997938580599084,2.9961978539021645,1.1984101913834144,0.004554457143331375
19.531,0,-4.002363257564387,-3.0052662956855936,1.1995452654701393,0.008669202993846567
19.531,1,-3.9998340697770085,2.9961775137291724,1.1984197207667031,0.00464220214536787
19.541,0,-4.002344923487073,-3.0051939451375995,1.199589269222495,0.008665200513863986
19.541,1,-3.999875419902392,2.9961573041839467,1.198427864725459,0.004696939164691397
19.551,1,-3.9999177084431508,2.996137216730617,1.1984336760924166,0.004734196787729132
19.551,0,-4.002324532694248,-3.0051190366009166,1.1996278214921503,0.008676939699074149
19.561,0,-4.002302264948003,-3.005041709848308,1.1996606987884237,0.008713254887007579
19.561,1,-3.999960721057596,2.996117243777979,1.198436520561027,0.0047661503380107524
19.571,0,-4.002278322086071,-3.0049620800156642,1.1996877827429304,0.008779389157697843
19.571,1,-4.000004236849384,2.9960973793554957,1.1984359806127447,0.004801223818551321
19.581,1,-4.000048034678228,2.9960776195995917,1.1984327951894322,0.004821185516287394
19.582,0,-4.002252924363508,-3.0048802362813074,1.1997093932014362,0.008896472817606055
19.591,0,-4.002226303627659,-3.00479624803067,1.1997267698768916,0.009054200178667123
19.591,1,-4.000091896721255,2.996057962906535,1.1984302192294156,0.0048038961327378955
19.601,0,-4.002198693785137,-3.004710186515521,1.1997409448310405,0.009227829032506797
19.601,1,-4.000135608620366,2.996038409300506,1.1984309115433225,0.004782820514360031
19.611,0,-4.002170320533035,-3.0046221421884822,1.1997526392818638,0.009402383294525033
19.611,1,-4.0001789607137495,2.996018960010546,1.198436660095865,0.004803449166526451
19.621,0,-4.002141393772904,-3.00453223576979,1.1997623594116174,0.009568131274684772
19.621,1,-4.000221749248935,2.9959996171699017,1.1984486495295774,0.004901979837168301
19.631,0,-4.002112102642964,-3.0044406251843516,1.199770159993118,0.009712189327640475
19.631,1,-4.000263778143694,2.995980383513918,1.1984668258358502,0.0050139415639603065
19.641,0,-4.002082613843397,-3.0043475065083842,1.1997749736859982,0.009832923294145528
19.641,1,-4.000304863207184,2.995961262377635,1.1984888896933503,0.005050977558304911
19.651,1,-4.000344836252516,2.9959422585371485,1.1985128909875902,0.005011650071586751
19.652,0,-4.0020530737727125,-3.0042531027729664,1.1997758427007286,0.009940692470395763
19.661,0,-4.0020236121947335,-3.0041576535773187,1.1997721378372914,0.010042760738273175
19.661,1,-4.000383549490615,2.995923378742197,1.1985374912692808,0.004910054706231687
19.671,0,-4.0019943453329825,-3.004061406970445,1.1997634573466014,0.010143693729832173
19.671,1,-4.000420878491711,2.9959046319337563,1.1985617772004162,0.004762121957041816
19.681,0,-4.001965378409939,-3.0039646126114614,1.1997501100638888,0.010223816030344153
19.682,1,-4.000456723628888,2.995886029171871,1.1985851921661608,0.004590035846750975
19.691,0,-4.001936806715576,-3.003867515729485,1.1997343797904452,0.010250473693335455
19.691,1,-4.000491009758976,2.9958675809234006,1.1986075916950008,0.004410620180552897
19.701,0,-4.001908712282272,-3.0037703526646116,1.1997182839330602,0.010227728806607758
19.701,1,-4.000523684502433,2.9958492889678907,1.1986289284542426,0.004227137168399079
19.711,1,-4.0005547156897485,2.9958311387919694,1.1986491694412298,0.00404273155285837
19.711,0,-4.001881160727769,-3.0036733455434033,1.1997031881312934,0.010166706301095512
19.721,0,-4.001854199571723,-3.0035766983124823,1.1996900063483533,0.010078819045198356
19.721,1,-4.000584088879553,2.9958130947740345,1.1986682917770115,0.0038605036716449323
19.731,0,-4.001827857601805,-3.003480594263378,1.199679339804815,0.0099737466589112
19.731,1,-4.000611805121237,2.995795097526468,1.1986862796166131,0.0036835547381654696
19.741,0,-4.001802144875412,-3.0033851944609076,1.1996713091152151,0.009864582436370091
19.741,1,-4.000637878583896,2.9957770629468383,1.1987033120696822,0.0035412340233330706
19.751,0,-4.001777053530174,-3.003290634520124,1.1996646405019769,0.009757926004710572
19.751,1,-4.000662333098846,2.9957588843818326,1.1987204615998714,0.003470414439017968
19.761,0,-4.001752562333976,-3.0031970189008037,1.199658053441686,0.009650889126501357
19.761,1,-4.000685200471811,2.9957404410516792,1.1987387418566295,0.003461600144765582
19.771,0,-4.001728640978022,-3.003104415351601,1.1996506738574015,0.009545939063282357
19.771,1,-4.0007065177665275,2.9957216073736057,1.1987588338992756,0.0035092197918594773
19.781,1,-4.000726324703244,2.9957022599608085,1.1987811884464463,0.003607745543446746
19.781,0,-4.00170525323959,-3.0030128518388914,1.1996419083826049,0.009447395638979336
19.791,0,-4.00168235969311,-3.002922316107344,1.1996315265761477,0.009354856423064268
19.791,1,-4.000744661528868,2.9956822825949754,1.1988060849443722,0.0037484975502079473
19.801,0,-4.001659922194771,-3.002832760524924,1.1996198366583906,0.00926715593188192
19.802,1,-4.00076156338264,2.995661568662562,1.198833662077175,0.003922191797104033
19.81,0,-4.001637911400925,-3.0027441133411408,1.1996071332078457,0.009185822033511454
19.81,1,-4.000777048313722,2.9956400207459586,1.1988639816345026,0.004121015140883784
19.821,0,-4.001616313336984,-3.002656289973064,1.1995936235309022,0.009111574072274593
19.821,1,-4.000791107115421,2.9956175496246433,1.1988970596610082,0.004338546329279436
19.831,0,-4.001595133640138,-3.002569201495365,1.199579454853063,0.009044299889714938
19.831,1,-4.00080369712402,2.9955940734655124,1.1989328791272007,0.004569014339515459
19.841,0,-4.001574399742294,-3.0024827607847357,1.1995646449351762,0.008987460744110495
19.841,1,-4.000814739726439,2.995569517609393,1.1989711137956263,0.004746158955963451
19.851,0,-4.0015541589249395,-3.002396887111274,1.199548875221214,0.008944080256684908
19.851,1,-4.000824123956777,2.9955438178834277,1.199010469015993,0.004819391860601467
19.861,0,-4.001534470423149,-3.0023115099340076,1.1995318608359198,0.008911967603778563
19.861,1,-4.0008317150403405,2.9955169279415212,1.1990498140792518,0.004823480523886877
19.871,1,-4.000837364908106,2.9954888269811093,1.1990883707264122,0.004784975488264537
19.871,0,-4.001515397131369,-3.0022265713129057,1.1995134152851208,0.008889268011625847
19.881,0,-4.0014969994853224,-3.002142027250182,1.199493420338539,0.008874254663627514
19.881,1,-4.000840920765004,2.9954595246409075,1.1991256050956154,0.004723024822261384
19.891,0,-4.001479331157477,-3.002057848238864,1.1994718054641282,0.008865338096872498
19.891,1,-4.000842231570549,2.995429063329964,1.1991611524877968,0.004651499058274085
19.901,0,-4.001462436438265,-3.0019740192360307,1.1994489691947696,0.008830275677772377
19.901,1,-4.000841153166744,2.995397518718771,1.1991946734773002,0.004562611431319675
19.911,0,-4.0014463477959925,-3.0018905377338783,1.1994267992568435,0.008744183629536635
19.911,1,-4.000837554358167,2.995364998055539,1.1992256031794675,0.00445444310759732
19.921,0,-4.001431079077062,-3.0018074074343737,1.1994069335200606,0.008630045892513514
19.921,1,-4.000831324486601,2.9953316348924908,1.1992534997748725,0.004347656053034272
19.931,0,-4.001416620696314,-3.001724632417194,1.19939047171512,0.008508883527173374
19.931,1,-4.000822380449781,2.9952975837067983,1.1992780863062233,0.004256855020117146
19.941,0,-4.0014029373318145,-3.0016422130776665,1.199378140182402,0.008397365867018948
19.941,1,-4.000810671117799,2.995263015165768,1.1992991975484832,0.004191046229380646
19.951,0,-4.001389966831701,-3.0015601432437435,1.1993695666503175,0.008325701868221664
19.951,1,-4.000796179644812,2.9952281120141975,1.1993166935566546,0.00415034626218432
19.961,0,-4.001377622800637,-3.001478409263104,1.1993613822948817,0.008296219441630606
19.961,1,-4.000778923559402,2.9951930665703728,1.1993303606014272,0.004137701270482437
19.971,0,-4.001365807824103,-3.0013969937579335,1.1993506112989782,0.008305790897411671
19.971,1,-4.000758951957688,2.9951580804932534,1.1993400586900742,0.004157598892212706
19.981,0,-4.001354424301423,-3.001315878911014,1.199335250313884,0.008368277896489756
19.981,1,-4.000736342367149,2.9951233646337485,1.1993457235464302,0.004209785744508354
19.991,0,-4.001343381795957,-3.0012350486490753,1.1993139693843544,0.008496593092393619
19.991,1,-4.000711197501663,2.9950891381622675,1.199347341785103,0.004291007062705227
20.001,0,-4.0013326021456885,-3.0011544901850686,1.199286295334088,0.008660046343900421
20.002,1,-4.00068364192036,2.995055627288817,1.1993449425047131,0.004396210091980577
20.011,0,-4.0013220210350635,-3.0010741943577917,1.1992534012501326,0.00880679899747938
20.011,1,-4.000653817697785,2.9950230657166688,1.199338609190318,0.004519087719856113
20.017,0,-4.001311583850368,-3.0009941534913613,1.1992164410151962,0.008933974605584061
20.017,1,-4.00062187817381,2.9949916990056473,1.1993284279970198,0.004654224866655646
20.028,1,-4.000587981981406,2.9949617885250315,1.1993144741917303,0.004797891679735136
20.029,0,-4.001301241316828,-3.000914359369595,1.1991762219391913,0.009043994692935192
20.041,0,-4.001290946428796,-3.0008348018910302,1.1991333082233957,0.009140258512220318
20.041,1,-4.0005522884870635,2.9949336134625857,1.1992968110627258,0.004947658405458451
20.052,0,-4.001280652332299,-3.0007554682064606,1.199088125146771,0.009225312555764902
20.052,1,-4.000514954370703,2.994907471388776,1.1992755124948367,0.005102120941791745
20.061,0,-4.0012703109349195,-3.000676342255677,1.1990409853953405,0.00930261392129174
20.061,1,-4.000476130625435,2.994883677461298,1.1992508627364162,0.0052308202210337796
20.071,0,-4.001259872061606,-3.000597404596982,1.1989922018627626,0.009355704016256877
20.071,1,-4.000435959070276,2.994862562469203,1.1992241287167753,0.0052891882713243885
20.082,0,-4.00124928294237,-3.0005186322903827,1.1989432066589583,0.009307373072600536
20.082,1,-4.000394571176136,2.9948444609979386,1.1991965003111553,0.00529562187566288
20.091,0,-4.001238488771921,-3.000439997631581,1.1988958223716473,0.009183928761195809
20.091,1,-4.0003520859507065,2.9948297003143387,1.1991687896740475,0.005270944132538141
20.101,0,-4.001227433931564,-3.0003614665939917,1.198851299771639,0.00901841788173456
20.101,1,-4.0003086081674315,2.9948185925552475,1.1991415437416544,0.005234262673832886
20.111,0,-4.001216063272634,-3.0002829981190042,1.198809862055778,0.008902834489380125
20.111,1,-4.00026422694615,2.994811431962312,1.1991158862159579,0.005112727892554288
20.121,0,-4.001204325107768,-3.0002045450928443,1.1987699777659067,0.008869247512415062
20.121,1,-4.000219018289646,2.9948084912281847,1.199094634845243,0.004920761914266765
20.131,0,-4.001192175836105,-3.0001260572606427,1.1987303161452507,0.008891225476868384
20.131,1,-4.000173056832403,2.994809997580966,1.1990800102034245,0.004774162887564717
20.141,0,-4.00117958425864,-3.000047483962908,1.1986899600828809,0.008953122200864019
20.141,1,-4.000126424507477,2.994816119376403,1.1990734749668783,0.004769613294765504
20.151,1,-4.000079215984642,2.9948269595103025,1.1990759636675148,0.0049639910440898655
20.152,0,-4.001166534338911,-2.999968776157418,1.1986482786271653,0.009045013325839284
20.161,0,-4.00115302662276,-2.999889887861755,1.198604839744484,0.009159988170039941
20.161,1,-4.000031541855896,2.9948425528050766,1.1990880406934157,0.005362783158204658
20.171,0,-4.001139078602846,-2.99981077712736,1.1985593564142,0.009292021288556667
20.171,1,-3.999983530414763,2.9948628615873263,1.1991089310308007,0.005819017154056734
20.181,0,-4.001124723000251,-2.999731406478009,1.1985116668532467,0.009436032841462034
20.181,1,-3.9999353282911194,2.9948877751197984,1.1991350840458583,0.00617671877577261
20.192,0,-4.001110001934777,-2.999651742642739,1.1984616735378124,0.009589602992365678
20.192,1,-3.999887099399471,2.9949171393293925,1.1991635649466261,0.006432747462069454
20.201,1,-3.999839024811198,2.99495077107818,1.199192353247517,0.006611290022275436
20.202,0,-4.0010949606317485,-2.999571756056061,1.1984093141067456,0.00975090691953932
20.211,1,-3.999791301811934,2.994988467134241,1.1992200626688339,0.006737393019206593
20.212,0,-4.001079642783432,-2.9994914204207346,1.1983545506985656,0.009918546349023822
20.221,0,-4.001064087203076,-2.999410712107178,1.198297697713706,0.010035044612575981
20.222,1,-3.9997441421229016,2.9950300113525827,1.199245716970562,0.006827099318614658
20.231,0,-4.00104832405353,-2.999329606646921,1.1982406467601918,0.010030364125293846
20.231,1,-3.999697768377077,2.9950751792825545,1.1992684953627177,0.006891555326514133
20.241,0,-4.001032369073556,-2.9992480700984863,1.1981851858675754,0.009947291414959206
20.241,1,-3.999652407221347,2.995123740684582,1.1992877940738071,0.0069446775160694205
20.251,0,-4.001016217978873,-2.999166049787905,1.1981325217205885,0.009821829843585471
20.251,1,-3.9996082821800925,2.9951754605946226,1.199303207988422,0.006995760502871492
20.261,0,-4.00099984312236,-2.9990834682008765,1.198083453724106,0.009681855190928913
20.261,1,-3.9995656081237487,2.9952301003946906,1.1993144702052223,0.007050685180891169
20.272,0,-4.0009831923260535,-2.9990002202188872,1.1980382023924498,0.009584144607860796
20.272,1,-3.9995245870013987,2.9952874187710234,1.1993213057370902,0.007110886693813391
20.282,0,-4.000966192033852,-2.9989161781056675,1.1979957986008158,0.009560243696061258
20.282,1,-3.999485404613267,2.995347170731675,1.1993230231151222,0.007184463332008668
20.291,0,-4.000948756444752,-2.9988312071632595,1.1979553200433368,0.009588751114423203
20.291,1,-3.9994482309811517,2.995409105537609,1.1993190193106977,0.007284547419333011
20.301,0,-4.000930797020749,-2.998745182013752,1.197916125998091,0.009654839059287244
20.301,1,-3.999413221052877,2.9954729633549326,1.1993089119787697,0.007417581441127197
20.311,0,-4.000912229603916,-2.9986579982378037,1.1978777713683437,0.009747751050839448
20.311,1,-3.9993805151051625,2.9955384731752717,1.1992924693152065,0.007585134090701728
20.321,0,-4.000892979454387,-2.998569579996485,1.197839945102745,0.009859115094077333
20.321,1,-3.999350239181114,2.9956053522111796,1.199269565603469,0.007785443394874767
20.331,0,-4.000872984581671,-2.9984798843198934,1.197802528545429,0.00997304699333844
20.331,1,-3.9993225064064344,2.995673306723573,1.1992404762297062,0.00797662033613482
20.341,0,-4.000852197781876,-2.9983889021560577,1.1977657060052314,0.010080966448675396
20.341,1,-3.999297420221934,2.995742034313183,1.199207074462378,0.008086097801556624
20.351,0,-4.000830588112481,-2.998296657044186,1.197729641743802,0.01018282886454312
20.351,1,-3.999275068545532,2.9958112243564,1.199171160978216,0.008119395254381207
20.361,0,-4.000808141395192,-2.998203202383871,1.197694441455731,0.010277734098598966
20.361,1,-3.9992555207312854,2.995880560980041,1.1991339748574494,0.00808924684437527
20.371,0,-4.000784860066679,-2.9981086183964103,1.197660170000572,0.010364322311694762
20.371,1,-3.9992388271293504,2.9959497264589223,1.199096368424696,0.008007811248244347
20.381,0,-4.000760761875136,-2.9980130082825958,1.1976274163442173,0.010399679907216838
20.381,1,-3.999225017931874,2.9960184045366813,1.1990584827145307,0.007941756087599337
20.392,0,-4.0007358741163195,-2.9979164931725086,1.1975980733408598,0.010378098211698664
20.392,1,-3.9992140999781562,2.996086286452613,1.199018781120335,0.00794866502476708
20.402,0,-4.000710223179341,-2.9978192080815678,1.197573646375211,0.01033398782004471
20.402,1,-3.9992060606595423,2.996153079570591,1.1989758672717235,0.008015732221416046
20.412,0,-4.000683823892907,-2.9977212963489848,1.1975551201563712,0.010292793182090336
20.412,1,-3.999200867922701,2.9962185151050673,1.1989288113601113,0.008136679050431982
20.421,0,-4.000656672167204,-2.997622904895009,1.1975431205333678,0.010271847027151879
20.421,1,-3.999198469845075,2.9962823534341476,1.1988770045547752,0.008307282299661356
20.431,0,-4.000628740532789,-2.9975241805580466,1.197538001008941,0.01028235112048621
20.431,1,-3.999198795793137,2.996344386807566,1.1988203458780602,0.008449720769645879
20.441,0,-4.0005999772210705,-2.9974252677224427,1.197539550760328,0.010325704810413774
20.441,1,-3.9992017633441335,2.996404435632645,1.1987615613902787,0.008340173402288093
20.452,0,-4.000570312176025,-2.997326308005696,1.1975472881388542,0.01039383995891743
20.452,1,-3.9992072715458673,2.996462349636572,1.198704002757396,0.008032021570610408
20.462,0,-4.000539666817949,-2.9972274412434183,1.1975608347966555,0.010480740855213284
20.462,1,-3.9992151961018347,2.9965180073454802,1.1986499622725941,0.0075922006946704595
20.471,1,-3.999225391119228,2.996571312094134,1.1986009761204188,0.007073964118458781
20.472,0,-4.000507962118115,-2.9971288062381016,1.1975798941752551,0.010582281105542385
20.481,0,-4.000475124471953,-2.997030541058682,1.1976042255368013,0.010695275039760473
20.481,1,-3.9992376913553906,2.996622188441134,1.198558055285231,0.006518836296612539
20.491,0,-4.000441090178106,-2.996932782939065,1.197633318488947,0.010795652924638454
20.491,1,-3.9992519136015114,2.9966705806173697,1.1985212219072219,0.006054230588878339
20.501,0,-4.000405808539104,-2.9968356691869227,1.197665953486752,0.010864230514894149
20.501,1,-3.99926785877717,2.996716453580643,1.198488141116619,0.005750151254417805
20.511,0,-4.000369241796435,-2.996739340984257,1.1977011347496083,0.01090290793795716
20.511,1,-3.999285325208618,2.996759784416737,1.1984566823838385,0.005549313138494605
20.521,0,-4.0003313653392345,-2.99664394638682,1.1977381623033596,0.010914839252975162
20.521,1,-3.999304116771678,2.9968005590633826,1.1984253783144163,0.005421392115755555
20.532,0,-4.000292167728962,-2.99654964189108,1.197776537511113,0.010902580344110544
20.532,1,-3.999324047781636,2.9968387710248603,1.1983932207537449,0.0053500652933692406
20.542,0,-4.000251650655018,-2.9964565925635256,1.1978156670971223,0.01084609113631526
20.542,1,-3.9993449466757465,2.9968744195985666,1.1983597988294101,0.005277970982882072
20.551,0,-4.000209828456534,-2.99636496935578,1.1978542837221084,0.01073075348620263
20.551,1,-3.9993666580469127,2.9969075096043856,1.1983258610011056,0.005155326860292354
20.561,0,-4.000166724323157,-2.9962749447229835,1.1978913365458046,0.010573160774619061
20.561,1,-3.999389040667345,2.9969380606899034,1.1982921419976318,0.00499823673552152
20.571,0,-4.000122367565541,-2.9961866874512864,1.1979261181447645,0.010386594467761084
20.571,1,-3.999411966058853,2.9969661139032557,1.1982591343379618,0.004819828141976813
20.581,0,-4.000076791735404,-2.9961003585103203,1.1979581593851245,0.010181271021733058
20.581,1,-3.9994353174749473,2.996991734976779,1.1982271634026227,0.00463019206379266
20.591,0,-4.000030032889134,-2.996016108609382,1.1979873992191092,0.009982908420090593
20.591,1,-3.9994589889626853,2.99701501540737,1.1981965718486005,0.0044129679710369065
20.601,0,-3.9999821292028956,-2.995934079266126,1.1980147124172544,0.009805941671298071
20.601,1,-3.999482883456151,2.997036071952933,1.19816807002398,0.004156706629384808
20.61,0,-3.9999331256991155,-2.995854405032922,1.198040905470528,0.009639413313045334
20.61,1,-3.9995069084682724,2.997055047365365,1.1981422379237952,0.0038814492322635525
20.622,0,-3.9998830778284136,-2.9957772174063737,1.1980665316986263,0.009476655905328472
20.622,1,-3.999530972282772,2.9970721091670525,1.1981194570686877,0.0036024321266414907
20.631,0,-3.999832053384854,-2.9957026478060365,1.1980919702484625,0.00931343910582718
20.631,1,-3.9995549814186213,2.997087447521742,1.1980999706775144,0.0033319182029108987
20.663,0,-3.9997801333917615,-2.995630829344305,1.1981174813676665,0.009146857716695142
20.663,1,-3.99957883907775,2.9971012726712627,1.1980839268663515,0.0030794320791135534
20.667,0,-3.9997274122209423,-2.9955618974906466,1.1981431850597808,0.008967920590308159
20.667,1,-3.9996024443143536,2.997113812132984,1.1980714005961266,0.0028553609259746194
20.668,0,-3.999673996868965,-2.9954959878566747,1.1981683553703701,0.008746438643548848
20.668,1,-3.9996256913715524,2.9971253074795667,1.1980622581447793,0.002671686883371135
20.669,0,-3.9996200008657325,-2.9954332362549265,1.1981919306843634,0.008490565550240402
20.669,1,-3.9996484674304025,2.997136007380138,1.1980562603427825,0.002525044324010858
20.681,0,-3.9995655361951843,-2.995373778722651,1.1982131771642788,0.008212462409687229
20.681,1,-3.9996706498197896,2.9971461591831114,1.1980532069988257,0.00241100868682575
20.691,0,-3.999510707624045,-2.9953177495337884,1.1982316021277764,0.007922468290928715
20.691,1,-3.999692104499058,2.9971560024247292,1.198052924571499,0.00232582452852946
20.702,0,-3.9994556087706483,-2.99526527961575,1.1982469246462095,0.007632469916387324
20.702,1,-3.999712685407814,2.9971657640492366,1.198055639236568,0.0022859111629891272
20.711,0,-3.999400318011882,-2.995216495871569,1.1982594068840091,0.00735570825618845
20.711,1,-3.999732235881295,2.9971756547987956,1.1980633561585938,0.0023965084375267114
20.721,0,-3.999344889859859,-2.995171515427332,1.198269467523352,0.00709212627677175
20.721,1,-3.9997506000570193,2.997185865103169,1.1980779668515407,0.002743134413679565
20.731,0,-3.9992893454945597,-2.9951304395189617,1.1982773920903758,0.006844370484315112
20.731,1,-3.999767634168455,2.997196561142827,1.1981007033663762,0.003314778877487128
20.741,0,-3.999233666910616,-2.995093350135399,1.198283371262265,0.006617586506649035
20.741,1,-3.9997832140558924,2.9972078826071766,1.1981323396758052,0.00404768719547876
20.751,1,-3.9997972407220876,2.9972199415722485,1.1981728370226246,0.004758034368639275
20.752,0,-3.9991777944115197,-2.9950603091655292,1.1982877913858454,0.006422282923087516
20.761,0,-3.9991216309826165,-2.995031360559099,1.198291873198505,0.006265151863809344
20.761,1,-3.9998096434652597,2.9972328237317845,1.1982202511542328,0.0053000458484199955
20.771,0,-3.999065058831129,-2.995006527437906,1.1982966557718142,0.006149415003479741
20.771,1,-3.999820372995514,2.9972465972476474,1.1982728008516086,0.005716570725192115
20.781,0,-3.99900795616528,-2.994985813217574,1.1983028355878642,0.006079527933072886
20.782,1,-3.9998293961076636,2.997261320609103,1.1983292394000282,0.006043314322601948
20.791,0,-3.998950209411593,-2.9949692038224565,1.1983108713691684,0.006058175781083081
20.791,1,-3.999836692135617,2.9972770480413344,1.1983886873578655,0.006307169104753773
20.801,0,-3.998891721722673,-2.9949566697687153,1.198321057134434,0.006085303075142536
20.801,1,-3.9998422500978825,2.99729383332281,1.1984505213929526,0.006527862950822429
20.811,0,-3.9988324183894774,-2.994948168523315,1.198333673135748,0.006164083333967993
20.811,1,-3.999846067060736,2.9973117318826303,1.1985138730921843,0.006611392545146498
20.821,0,-3.998772248330022,-2.9949436474098614,1.1983492526939599,0.006298333496958783
20.821,1,-3.999848145306084,2.997330801481436,1.1985765805707576,0.00648949146332304
20.832,0,-3.9987111812401253,-2.994943044267937,1.1983682171848566,0.006483668213707335
20.832,1,-3.9998484796351064,2.997351105916701,1.1986368275977421,0.006235500085717869
20.841,0,-3.9986492034700745,-2.9949462892711036,1.1983908278324527,0.006713729001971479
20.841,1,-3.9998470480334376,2.997372716615009,1.1986933880497195,0.005903031040069234
20.851,1,-3.99984380631812,2.9973957129316053,1.19874544363523,0.005533058241866031
20.852,0,-3.998586314487648,-2.994953306789252,1.1984172332509295,0.0069812812336435765
20.861,0,-3.9985225242274187,-2.9949640158366457,1.1984472254233418,0.007243067597257295
20.861,1,-3.9998386860992645,2.9974201812620334,1.1987920874612152,0.005080829940654824
20.871,0,-3.9984578532590342,-2.9949783255975295,1.1984792272823084,0.007441304783254223
20.871,1,-3.999831597083884,2.99744621263635,1.1988317172306409,0.004563433158852937
20.881,0,-3.9983923350661477,-2.9949961349235683,1.198511721829978,0.007592544918385681
20.881,1,-3.999822430873355,2.997473901416448,1.198863113992863,0.004081391394811014
20.891,0,-3.998326019734341,-2.9950173276642835,1.1985436698324585,0.007712494029493372
20.891,1,-3.9998110669169065,2.9975033426564948,1.198885490376017,0.003739935491962313
20.901,0,-3.9982589763915795,-2.995041768330869,1.1985743622544738,0.007812099444160338
20.901,1,-3.999797377643309,2.997534629790756,1.198898355454415,0.003638072961710707
20.911,0,-3.998191294173183,-2.9950692998910444,1.1986033174439497,0.007897790598317687
20.911,1,-3.9997812325114457,2.997567852895779,1.1989014265550584,0.0038273798081147423
20.921,0,-3.9981230819458338,-2.9950997434990043,1.1986302811977276,0.007978690292703173
20.921,1,-3.999762500390141,2.997603097970033,1.1988948933578232,0.00426151035189182
20.931,0,-3.9980544660423383,-2.9951329015826924,1.1986553419549295,0.008058062135134584
20.931,1,-3.99974105072681,2.9976404445797815,1.1988801460044638,0.004805441585690611
20.941,0,-3.997985585377107,-2.995168564413354,1.1986786115600567,0.00813012634808192
20.941,1,-3.9997167614949904,2.997679953015004,1.198858454972586,0.005382251303227673
20.951,0,-3.9979165862309314,-2.995206517641378,1.1987001581242376,0.008191051318938054
20.951,1,-3.999689523837998,2.9977216544234895,1.1988307302371002,0.005961692871495568
20.961,0,-3.9978476180184193,-2.9952465482676205,1.198720019042021,0.008238463427656582
20.961,1,-3.999659244401833,2.99776554528659,1.1987976353283387,0.0065318500348153724
20.971,0,-3.9977788299302035,-2.9952884492325333,1.1987382259157664,0.008271971925103918
20.971,1,-3.999625845166899,2.9978115858141043,1.1987602056704862,0.007015027475029043
20.981,0,-3.99771036884131,-2.9953320249086874,1.1987548456881698,0.008291652572704184
20.981,1,-3.9995892668979263,2.997859698288782,1.198720651439811,0.0073786423091194405
20.992,0,-3.9976423789067335,-2.9953770997906672,1.1987699298894363,0.008297436544410886
20.992,1,-3.999549488556041,2.9979097573162425,1.1986807269762239,0.0076587610169631315
21.001,0,-3.9975750015432028,-2.9954235260580213,1.1987835078595277,0.0082901994552694
21.001,1,-3.9995065396110627,2.997961585737134,1.1986416224766656,0.007881176189283209
21.011,0,-3.9975083752371616,-2.9954711881519134,1.198795593723219,0.00827153677406035
21.012,1,-3.9994605061710855,2.9980149544229704,1.1986041371574967,0.008061368943472187
21.022,0,-3.9974426351871806,-2.9955200047532102,1.1988061040453524,0.00824044587177075
21.022,1,-3.9994115332556057,2.9980695843527534,1.198568760886386,0.008211556392279771
21.03,0,-3.9973779142884016,-2.9955699252064503,1.1988145382504556,0.008197338674703576
21.03,1,-3.9993598231539167,2.998125151612405,1.1985356126998066,0.008338020166856341
21.041,0,-3.9973143490909413,-2.9956209162494636,1.19882042538054,0.008148428715640445
21.041,1,-3.9993056268484164,2.998181297971632,1.1985047056529468,0.008434689357010876
21.051,0,-3.9972520856385585,-2.995672947167179,1.1988234513438452,0.008097256087939727
21.051,1,-3.9992492342111245,2.9982376420946353,1.198476043212471,0.008496534137705026
21.061,0,-3.9971912828480773,-2.99572597890913,1.1988234111029077,0.008045273980201892
21.061,1,-3.9991909654219904,2.9982937888979286,1.1984496212295785,0.008519793090742425
21.071,1,-3.9991311632280073,2.9983493374227166,1.198425430390665,0.00850178135300075
21.071,0,-3.997132114022398,-2.995779956791754,1.198820174585598,0.00799254103304055
21.081,0,-3.9970747692737,-2.995834807233436,1.1988148145032336,0.007914845683985665
21.081,1,-3.999070186353648,2.998403887868603,1.1984031871796712,0.008457532736718544
21.091,0,-3.997019459327402,-2.9958904402066597,1.1988111977831766,0.007801553307936587
21.091,1,-3.999008403398946,2.99845705123373,1.198381956832502,0.00839027482619007
21.102,0,-3.996966410111894,-2.995946754452501,1.1988124529519395,0.007693992994004581
21.102,1,-3.998946185902835,2.9985084620495353,1.1983609788669907,0.00829282860275738
21.111,0,-3.996915861557375,-2.996003646197122,1.1988206723805097,0.0076404477647635805
21.112,1,-3.9988839035129202,2.998557789315045,1.1983397352111482,0.008163400866940592
21.121,0,-3.9968680666071505,-2.9960610160602617,1.198837232185815,0.007679602311953194
21.121,1,-3.998821920081933,2.9986047437659935,1.1983178753898092,0.008003069998621598
21.131,0,-3.996823289099671,-2.9961187737428703,1.1988629058317526,0.007822652784603893
21.131,1,-3.998760590416387,2.9986490820296554,1.1982952158543538,0.007810031283189557
21.141,0,-3.9967817973663253,-2.996176838662165,1.198897612862808,0.008047872979452328
21.141,1,-3.9987002552452,2.9986906058473966,1.198271893240744,0.007581305842774107
21.151,0,-3.996743853188931,-2.9962351336619237,1.1989410715532587,0.008344597671292774
21.151,1,-3.998641229662784,2.99872915475889,1.198248081649817,0.00732292605335638
21.161,0,-3.996709699506672,-2.9962935773917434,1.1989930245845999,0.008701949267305978
21.161,1,-3.9985837918421474,2.9987645969026815,1.198223902301576,0.007041093068650514
21.171,0,-3.99667955125061,-2.9963520790409457,1.1990532298825127,0.009110377574368332
21.171,1,-3.9985281757240982,2.9987968215609366,1.1981994397915323,0.00674215099333354
21.181,0,-3.9966535900043914,-2.9964105354549977,1.1991215558210127,0.00957817330270906
21.181,1,-3.998474567859503,2.9988257318809355,1.1981752254542446,0.006384819077934187
21.191,0,-3.9966319648255926,-2.9964688354256523,1.1991981060251715,0.01010760821076267
21.191,1,-3.998423108670078,2.998851237399242,1.1981533617637399,0.00594102801160235
21.201,0,-3.9966147989353242,-2.99652687448868,1.1992829288011735,0.010686621057613326
21.202,1,-3.998373890303118,2.9988732592566865,1.1981356525481104,0.0054581733619138454
21.21,0,-3.9966021976924155,-2.9965845686215555,1.199375992078369,0.011304847334551404
21.21,1,-3.998326958686248,2.998891731109558,1.1981232989021302,0.004984805835940791
21.221,0,-3.996594254683558,-2.9966418633150362,1.1994772155873912,0.01195481151803603
21.221,1,-3.9982823172730257,2.998906598252793,1.1981170859409682,0.004569934017826576
21.231,0,-3.996591055991254,-2.996698739047776,1.1995864823855946,0.012628882352821806
21.231,1,-3.998239931038413,2.9989178168049935,1.1981175136604678,0.00426249980296346
21.242,0,-3.9965926794257283,-2.9967552141619715,1.19970292110322,0.01312927967384721
21.242,1,-3.998199729416709,2.998925354975226,1.1981243631006522,0.0040696487727214055
21.251,0,-3.996599179006278,-2.996811344792397,1.1998222525238593,0.013213558890382832
21.251,1,-3.998161608551421,2.998929201613161,1.1981348427112675,0.0038946590824858124
21.261,0,-3.9966105894124797,-2.996867217695154,1.1999404357987231,0.013015501454807172
21.261,1,-3.998125448660211,2.9989293629912,1.1981462430258043,0.0037086181090740713
21.271,0,-3.996626917678228,-2.9969229429922772,1.2000547216890836,0.012640289055204798
21.271,1,-3.9980911269133146,2.998925866414152,1.1981567136661253,0.003526707540013943
21.281,0,-3.996648132591166,-2.9969786485631777,1.2001632542545908,0.01216340991488329
21.281,1,-3.9980585250569387,2.998918765022914,1.1981649996103318,0.003376818099218851
21.291,1,-3.9980275344784264,2.9989081408515044,1.1981700793519463,0.003281561100724125
21.291,0,-3.9966741630466167,-2.9970344753953153,1.2002656997708363,0.011827272499855393
21.301,0,-3.9967049014840343,-2.997090570488756,1.200364323894675,0.01172676677892813
21.301,1,-3.9979980594851665,2.9988941071832826,1.198170791862435,0.0032770230748876464
21.311,0,-3.9967401899480297,-2.9971470734060546,1.2004610882569209,0.011785771907404622
21.311,1,-3.9979700205027267,2.9988768084462483,1.19816629638711,0.003392670011885922
21.321,0,-3.9967798210847976,-2.997204104507608,1.2005573338182631,0.011949875528217474
21.321,1,-3.9979433552560817,2.9988564206670936,1.1981560537062996,0.0036309092672413353
21.331,0,-3.9968235428941945,-2.997261757066663,1.200653967933517,0.012180436696128658
21.332,1,-3.9979180189132775,2.998833150644514,1.1981397319654132,0.003972849668227862
21.341,0,-3.9968710637819385,-2.9973200926206096,1.2007515222917324,0.012433731706819131
21.341,1,-3.9978939839146133,2.9988072334331655,1.1981173100254356,0.004365655583899292
21.351,1,-3.9978712415385687,2.998778926150822,1.1980894214614826,0.0047537556874184955
21.352,0,-3.9969220621206225,-2.9973791436568806,1.2008500665229012,0.012679197292772114
21.361,0,-3.996976207136151,-2.9974389289125414,1.200949570312321,0.012913672995960853
21.361,1,-3.997849805795923,2.9987484990351803,1.1980566557586096,0.005125691735818807
21.371,0,-3.9970331777327592,-2.9974994688989587,1.2010499973512165,0.013136321606019493
21.371,1,-3.9978297174386195,2.998716224831424,1.1980194302901939,0.005478797309398385
21.382,0,-3.9970926758201863,-2.997560796836542,1.2011513091872297,0.013347694120486989
21.382,1,-3.99781104592819,2.9986823702403993,1.1979780406787124,0.005813810390345574
21.391,0,-3.9971544353232713,-2.997622965825583,1.2012534646052597,0.013549158431839018
21.391,1,-3.9977938897101772,2.998647189674073,1.1979326996833761,0.006132721127331499
21.401,0,-3.9972182274926285,-2.997686052889526,1.2013562549624845,0.013696993924573235
21.401,1,-3.9977783756188163,2.9986109205755063,1.197883829206788,0.0063610069083544895
21.411,0,-3.9972838613790485,-2.9977501575945826,1.2014579233655294,0.013670178018852416
21.411,1,-3.99776466056828,2.998573779453169,1.1978342949682717,0.006285079252405389
21.421,0,-3.997351187533652,-2.9978153941023127,1.2015564058340826,0.013524246484092546
21.421,1,-3.997752923293952,2.998535967309496,1.1977874182084776,0.005989460879824163
21.431,0,-3.9974200987632127,-2.9978818798449587,1.201650284954863,0.013310711640294105
21.431,1,-3.9977433548285597,2.998497675377435,1.1977454491251718,0.0055634243362151165
21.441,0,-3.9974905274349943,-2.9979497259724743,1.2017386022404,0.013067219591601079
21.441,1,-3.997736152929892,2.998459087803585,1.197709882553015,0.005079845820439976
21.45,0,-3.9975624426456626,-2.998019030975284,1.2018209183498296,0.012861511103422693
21.45,1,-3.9977315170769727,2.9984203835004455,1.19768155891858,0.0046264557886804445
21.462,0,-3.9976358470681763,-2.998089880048721,1.2018983229453553,0.012777230082678991
21.462,1,-3.9977296406959857,2.9983817352876247,1.1976600905752075,0.004282835511195989
21.471,0,-3.9977107645023913,-2.9981623487980174,1.2019721289503489,0.01277862993675616
21.471,1,-3.9977307019785155,2.998343301932926,1.1976447825642014,0.004042006466688854
21.481,0,-3.997787227453916,-2.9982365100422985,1.2020432406371708,0.012839248656762095
21.481,1,-3.9977348536060426,2.9983052191899695,1.197635090533506,0.0038989618586897277
21.491,1,-3.997742214879458,2.9982675938214967,1.1976305758914416,0.0038492860839052516
21.492,0,-3.997865268626313,-2.998312439592942,1.2021122770391448,0.012941951043856193
21.501,0,-3.9979449144543033,-2.9983902196012626,1.2021794807670456,0.01304547208950306
21.501,1,-3.9977528668339737,2.9982305001496585,1.1976308265141784,0.003885381219290826
21.512,0,-3.9980261782721063,-2.99846993599616,1.202243787670901,0.013092958064458317
21.512,1,-3.9977668468959178,2.9981939799568336,1.1976351277287804,0.0039862328221127955
21.522,0,-3.9981090560187615,-2.998551670385544,1.2023039883216742,0.013113824792802278
21.522,1,-3.997784141175115,2.998158049397807,1.1976427867754569,0.004129749493829956
21.531,0,-3.9981935218413756,-2.9986354888444207,1.202359276430749,0.01312977317894468
21.531,1,-3.997804676946853,2.998122707799963,1.1976532950624204,0.004300128184321012
21.541,0,-3.99827952479019,-2.9987214330710388,1.2024091264479624,0.013153800375182568
21.541,1,-3.9978283186238706,2.9980879444367394,1.1976662739159616,0.004484620201402333
21.551,0,-3.998366987349299,-2.9988095148223035,1.2024532062074715,0.013192333153920295
21.551,1,-3.997854867126494,2.9980537435464543,1.1976814310580126,0.004672318629521023
21.561,0,-3.9984558056073705,-2.9988997133087296,1.2024915111447692,0.013264732736715808
21.561,1,-3.99788406141168,2.998020087850544,1.1976982718033617,0.004828313100312223
21.571,0,-3.998545851498532,-2.998991978672629,1.2025254028027255,0.013390428206026615
21.571,1,-3.997915584158941,2.99798695972621,1.1977154685088403,0.0049250610387305245
21.581,0,-3.9986369723844857,-2.999086239217909,1.2025563792546463,0.01353985353506295
21.581,1,-3.997949078682698,2.99795434004968,1.197731892176254,0.0049749165586681025
21.591,0,-3.9987289925303515,-2.9991824124884974,1.2025854886674412,0.013695008815336423
21.591,1,-3.997984163180028,2.997922206154055,1.197746767761119,0.0049890264001502685
21.602,0,-3.998821716194942,-2.9992804150554493,1.2026134611115908,0.013845684238001331
21.602,1,-3.998020441927812,2.9978905304283487,1.1977595669719312,0.0049760056102760115
21.612,0,-3.9989149308602654,-2.9993801692257613,1.2026407107236117,0.013981355616207723
21.612,1,-3.9980575142356263,2.997859279645768,1.1977697905685178,0.004935079035293733
21.622,0,-3.9990084106803043,-2.999481605571038,1.2026671852906283,0.014095721937655126
21.622,1,-3.998094979796637,2.9978284184317805,1.197776577505829,0.00487419242617515
21.631,0,-3.9991019206436706,-2.9995846612526345,1.2026927819409619,0.014190014692633061
21.631,1,-3.9981324393835576,2.997797921154551,1.197779233864985,0.004811718760218485
21.641,0,-3.9991952202516186,-2.999689276744529,1.2027174393260558,0.014265095306468236
21.641,1,-3.998169494003407,2.997767783093279,1.197777299545034,0.0047605717538413425
21.651,1,-3.998205744986573,2.997738027650245,1.1977704770866486,0.004729461390296647
21.652,0,-3.9992880666653776,-2.9997953932725503,1.202741125008211,0.014321661019818766
21.661,1,-3.9982407949023115,2.997708710401133,1.1977585803866462,0.004724283797438821
21.661,0,-3.9993802174536928,-2.999902951037735,1.2027638257276032,0.01436027487137349
21.671,1,-3.998274248859333,2.9976799208573452,1.1977416190664993,0.004734790571097372
21.671,0,-3.9994714328724688,-3.000011888153025,1.2027856426055215,0.014385999257220696
21.682,0,-3.999561478285248,-3.0001221390079413,1.2028071600179726,0.01440417084497327
21.682,1,-3.99830571941521,2.9976517811852372,1.1977202155272215,0.0047333334952932345
21.691,0,-3.999650129452971,-3.0002336279780075,1.202828920549119,0.014411636696931207
21.691,1,-3.9983348442712234,2.99762443883158,1.1976949861769481,0.004719484127328881
21.701,0,-3.999737177466955,-3.0003462639878373,1.2028512793269093,0.01440647548220737
21.702,1,-3.9983613038871098,2.997598058124749,1.1976663601499828,0.004699429112113259
21.711,0,-3.9998224320442586,-3.000459937507535,1.2028744605188153,0.01438736913100373
21.711,1,-3.9983848329171408,2.997572813353539,1.1976346355699516,0.004682218400156509
21.721,0,-3.999905723279025,-3.0005745194570204,1.2028987300583516,0.014359460664885209
21.721,1,-3.998405225358146,2.9975488836649458,1.197600454661692,0.004588991038644402
21.732,0,-3.999986901355539,-3.000689862249759,1.2029247360923876,0.014328067315272877
21.732,1,-3.998422331571037,2.997526446482478,1.1975658607955597,0.004343664246497978
21.741,0,-4.00006583583697,-3.000805802474911,1.202953009263179,0.014291491822416985
21.741,1,-3.998436056673043,2.9975056600809764,1.1975325952246791,0.003989866248614816
21.751,0,-4.0001424137771195,-3.0009221646384434,1.202983890166771,0.014248728955912946
21.751,1,-3.9984463529508862,2.9974866491319796,1.197501827789766,0.0035657814649189593
21.761,0,-4.000216537829299,-3.0010387646343637,1.2030175885321566,0.014199177289641242
21.762,1,-3.9984532117015577,2.997469495785683,1.1974743309438127,0.0031034421211944326
21.771,0,-4.000288124785536,-3.001155412756778,1.2030541634291452,0.01413712837297221
21.771,1,-3.9984566570247115,2.9974542343215647,1.1974503702639745,0.0026951894791231606
21.781,0,-4.000357105773339,-3.0012719147484774,1.2030932107499457,0.014050291737439836
21.782,1,-3.998456745682877,2.9974408489669386,1.197428490562901,0.0024906144945121373
21.791,1,-3.9984535627170463,2.9974292866931487,1.1974070222703856,0.0024611501686565363
21.792,0,-4.000423427041016,-3.001388067415585,1.2031342635126323,0.01393988928963577
21.801,0,-4.000487051613796,-3.0015036531417354,1.2031769872705573,0.013807238160121842
21.801,1,-3.9984472210243607,2.997419471345297,1.1973848088673213,0.002571841164839515
21.811,0,-4.000547960500297,-3.001618436827105,1.2032211410073959,0.013653067425589246
21.811,1,-3.9984378623079793,2.997411313365144,1.1973610512252408,0.0027849489289583627
21.818,0,-4.000606153013939,-3.0017321648530912,1.203266549834334,0.013477735641905008
21.818,1,-3.99842565647279,2.997404717142941,1.1973352002460647,0.0030654175414749543
21.831,0,-4.000661646817488,-3.00184456563152,1.2033129531288147,0.01326614612158227
21.831,1,-3.9984107999591982,2.997399586509137,1.1973069543805852,0.003362711302248353
21.841,0,-4.000714477924466,-3.0019553531595484,1.203359258760351,0.0129885768313815
21.841,1,-3.9983935110042057,2.997395827674487,1.1972768178562356,0.0035941800648450224
21.851,0,-4.000764692249701,-3.0020642326923674,1.2034043525465026,0.012656841946424411
21.851,1,-3.9983740222302733,2.9973933421736727,1.1972455139789027,0.003773078004030007
21.861,1,-3.998352570629999,2.997392017254699,1.1972135363067153,0.003913940925771315
21.862000000000002,0,-4.0008123375842555,-3.0021709075324825,1.2034474765047227,0.012281696354474186
21.871,0,-4.000857458791086,-3.0022750850297633,1.2034881199880694,0.011871341165272314
21.871,1,-3.9983293885809164,2.997391719973741,1.197181214871449,0.004026525559279444
21.881,0,-4.000900094193446,-3.002376481058427,1.203526070920737,0.011442660944426461
21.881,1,-3.998304697471312,2.997392294040421,1.1971487604299562,0.004118500669367333
21.891,0,-4.00094027186389,-3.002474825823506,1.2035616645744565,0.011007512106832817
21.891,1,-3.9982787086693716,2.997393559667578,1.1971162820228571,0.004194758922791499
21.901,0,-4.000978007008944,-3.0025698774535057,1.2035952425759475,0.010563335727281686
21.901,1,-3.998251637188011,2.9973953170417063,1.1970838327081588,0.00425586094199154
21.911,1,-3.9982237154913896,2.9973973506625797,1.1970514315075964,0.0043010652123612525
21.912,0,-4.001013299144943,-3.0026614332574177,1.2036270447225892,0.010110153952272705
21.921,0,-4.001046130434666,-3.002749336540719,1.2036572407976152,0.009649623903074285
21.921,1,-3.9981952022501823,2.997399433308987,1.1970190734839716,0.0043288884552442255
21.932,0,-4.001076466055068,-3.002833481005923,1.203685634855409,0.009161398505234437
21.932,1,-3.9981663868317363,2.9974013299224747,1.1969860533744168,0.0044629571011215495
21.941,0,-4.0011042560249015,-3.0029138063088676,1.2037112379432977,0.00864102526974988
21.941,1,-3.9981375840638163,2.99740280295056,1.1969500227255099,0.004762456624445615
21.951,0,-4.001129434378877,-3.0029902750133948,1.2037332512281491,0.008104382348209252
21.951,1,-3.998109116437641,2.9974036182988417,1.1969090846249055,0.0051898326613941574
21.961,0,-4.001151920851351,-3.003062854046942,1.203751151321583,0.007563659073149938
21.961,1,-3.998081298349209,2.9974035502508203,1.1968619635567848,0.005718718688824988
21.971,0,-4.001171623068157,-3.003131502313713,1.2037646050950292,0.007028421941249519
21.971,1,-3.9980544247301624,2.9974023851534706,1.1968078149173467,0.006326862014298254
21.981,0,-4.001188438714794,-3.003196162540582,1.2037734107687277,0.006506835087368702
21.981,1,-3.998028763127659,2.997399924035708,1.1967460908797085,0.006995442100013878
21.991,0,-4.001202257426931,-3.0032567562222328,1.203777543644218,0.006007637581425002
21.991,1,-3.99800454953151,2.997395983541127,1.196676995798835,0.007570774624457158
22.0,0,-4.001212963546692,-3.0033131856676505,1.2037773366411229,0.00553475817015097
22.0,1,-3.9979819923296254,2.997390396173948,1.1966027161131532,0.00793074310354349
22.011,1,-3.997961281743844,2.9973830187668744,1.1965252119546896,0.00814125582986802
22.012,0,-4.001220443392993,-3.0033653510072456,1.2037731132946161,0.005092665525365748
22.021,0,-4.001224591288146,-3.0034131663785244,1.2037651172942998,0.004691335311921334
22.021,1,-3.9979426018059088,2.9973737379597756,1.196445830638547,0.008250356700018625
22.031,0,-4.0012253135968585,-3.003456570938302,1.203753539336977,0.004345282252759014
22.031,1,-3.9979261394139773,2.997362472681466,1.196365497171076,0.00829220732770199
22.041,0,-4.001222531842682,-3.003495536424444,1.2037384265978712,0.004085045046767383
22.041,1,-3.9979120903590077,2.9973491746591434,1.1962849546121888,0.00826012716925275
22.051,0,-4.001216187313803,-3.0035300715488047,1.2037193057273703,0.0039583927966688115
22.051,1,-3.997900660032979,2.997333825471941,1.1962052571995574,0.008133977353325522
22.061,1,-3.997892050281204,2.9973164306835005,1.196127280461651,0.00794992772189552
22.061,0,-4.001206245430209,-3.0035602162354436,1.2036957176264937,0.00398527442061131
22.071,0,-4.001192700776297,-3.003586035614231,1.203667371399978,0.004163933138354139
22.072,1,-3.9978864453807006,2.997297012354158,1.1960516067122642,0.007735198975657839
22.081,1,-3.9978840025368365,2.997275602765427,1.1959786142034454,0.007510189146236938
22.082,0,-4.001175580355856,-3.0036076155500675,1.203634092267002,0.00447300239903593
22.091,0,-4.001154944905818,-3.003625058946579,1.2035957475791033,0.004890430871709501
22.091,1,-3.997884844380663,2.9972522406052766,1.1959081071533089,0.007398506602370461
22.101,0,-4.00113088818792,-3.003638483474382,1.2035521319201448,0.005392901768325053
22.101,1,-3.9978890531964444,2.9972269715788613,1.1958383349798944,0.007486632797033327
22.111,0,-4.001103532914818,-3.003648020226551,1.2035031122781052,0.005949727880836346
22.111,1,-3.9978966791295565,2.997199848863078,1.1957677436785679,0.007711857169494433
22.121,1,-3.997907745076317,2.9971709368494457,1.19569527858971,0.00802993176777248
22.122,0,-4.001073026495593,-3.003653813226427,1.2034486333777015,0.006538808052327671
22.131,0,-4.0010395371555205,-3.003656018644263,1.2033886970336631,0.007142471284382037
22.131,1,-3.9979222496704274,2.99714031406902,1.195620229861686,0.008409732025216818
22.141,1,-3.99794017007067,2.9971080746358285,1.1955421253932892,0.008829263886137405
22.142,0,-4.001003250266644,-3.003654803642326,1.203323345919615,0.007749617846803009
22.151,0,-4.0009643649222255,-3.0036503451846652,1.2032526041119727,0.008361610547165697
22.151,1,-3.997961467061474,2.9970743274318936,1.1954613536422887,0.009107837952378286
22.161,0,-4.000923089549656,-3.0036428309823253,1.2031763713323904,0.008980375478710985
22.161,1,-3.997986095390559,2.997039190630135,1.1953807579150224,0.009118697699490615
22.171,0,-4.000879634265592,-3.003632463903619,1.2030945784707143,0.009597171933128165
22.171,1,-3.998014003480016,2.997002786671547,1.1953028399895187,0.00896149007322839
22.181,1,-3.9980451408008064,2.996965233258263,1.1952292805377547,0.008708720886667621
22.182,0,-4.0008342041876865,-3.0036194664034803,1.2030072092253408,0.010206320200299332
22.191,1,-3.998079465079215,2.9969266360528763,1.19516119347477,0.008413399467391053
22.191,0,-4.000786994650217,-3.003604082792134,1.20291428402327,0.010803723920743472
22.201,0,-4.0007381876618915,-3.003586579157884,1.2028160382651067,0.011342320350721555
22.201,1,-3.9981169445692393,2.9968870847069975,1.195098586100443,0.008254095351396346
22.211,0,-4.000687951517869,-3.003567237742769,1.2027133607209597,0.011786477411198822
22.211,1,-3.9981575521246233,2.996846654853225,1.1950387965144518,0.008332956785873718
22.22,0,-4.000636448025684,-3.0035463447994646,1.2026070433175127,0.012159765518603656
22.22,1,-3.9982012657569337,2.996805413975955,1.1949794143073607,0.008561426284918907
22.231,0,-4.00058383874553,-3.003524176925211,1.202497655864699,0.012478139770131949
22.231,1,-3.998248061071751,2.996763430302768,1.194918797181427,0.008885291337712358
22.239,0,-4.000530288896574,-3.0035009908763515,1.2023856115654652,0.012753900770585289
22.239,1,-3.9982979040966677,2.9967207795401767,1.1948558321270437,0.009270044810364354
22.251,0,-4.000475969479461,-3.0034770164711264,1.2022714983314748,0.012920230151913284
22.251,1,-3.9983507475340665,2.9966775490488984,1.1947900684058879,0.009632597951983882
22.261,0,-4.000421056559524,-3.003452453601728,1.202157172861211,0.012893094069050875
22.261,1,-3.998406531057624,2.996633840801537,1.1947226883666204,0.009884488968236948
22.271,0,-4.000365728150154,-3.003427478036066,1.2020443355788624,0.012730906119243688
22.271,1,-3.9984651744999344,2.996589776977431,1.1946549416745245,0.010058156215813858
22.281,1,-3.998526575660198,2.9965455035700233,1.1945876684604835,0.010177240243233163
22.281,0,-4.000310159052862,-3.0034022476153246,1.201934135564839,0.012476343244821978
22.291,0,-4.000254516547496,-3.0033769067466074,1.2018273387603142,0.01215922553942943
22.291,1,-3.998590611091784,2.996501191528338,1.194521424714564,0.01025715769942412
22.301,0,-4.000198957334316,-3.0033515898071297,1.2017244452566525,0.01180028163428289
22.301,1,-3.9986571375406315,2.996457036360039,1.1944565699320824,0.01030748114363787
22.312,0,-4.000143625187196,-3.0033264235396686,1.2016253109395663,0.01150883393312837
22.312,1,-3.9987259956234578,2.9964132568304507,1.194394031805928,0.010231628691882945
22.321,0,-4.000088645732971,-3.0033015282663387,1.2015285662790367,0.011329504699687689
22.321,1,-3.9987970164338407,2.9963700916658373,1.1943363343411457,0.01001094051922329
22.331,0,-4.000034116697088,-3.0032770185353876,1.2014330592521045,0.011226222304705269
22.331,1,-3.9988700248252695,2.9963277912486697,1.1942854803801328,0.009719661473272443
22.341,0,-3.9999800998531456,-3.003253003470176,1.2013379931754768,0.011175487275623357
22.341,1,-3.998944847216582,2.9962866096688314,1.1942427961350066,0.009414420444374103
22.351,0,-3.9999266164323153,-3.003229586959776,1.201242819869752,0.011162098454797853
22.351,1,-3.999021318032156,2.9962467985787424,1.1942091347433335,0.009138796921082297
22.361,0,-3.9998736455894695,-3.0032068682977346,1.2011478472675243,0.011020622275880736
22.361,1,-3.999099282718923,2.99620860093161,1.1941841121488146,0.00898122536521132
22.371,0,-3.9998211274965723,-3.0031849444780083,1.2010558048132203,0.010628835807338977
22.371,1,-3.999178597208618,2.9961722430613467,1.194164064323271,0.008941061821670185
22.381,0,-3.999768970839554,-3.0031639109566886,1.2009690960780375,0.010076597622054035
22.381,1,-3.999259133713569,2.996137937649998,1.1941457140032707,0.008952515975232044
22.391,0,-3.999717062216683,-3.0031438635197287,1.2008893256096058,0.009430618522872703
22.391,1,-3.999340780307177,2.996105883756091,1.194126809239208,0.008993922724249556
22.401,0,-3.9996652741190974,-3.0031248998532054,1.2008175436661268,0.008741258452939507
22.401,1,-3.9994234391130665,2.9960762656543065,1.1941058106042313,0.009061147632160819
22.411,0,-3.9996134713639693,-3.0031071204314412,1.2007544168475275,0.00804836339003794
22.411,1,-3.99950702479787,2.996049252047283,1.19408167186462,0.009155634934215348
22.421,0,-3.999561516372322,-3.0030906276850584,1.2006994887176405,0.007541876163026514
22.421,1,-3.9995914637154675,2.9960249970843456,1.1940542029520882,0.00924017980390449
22.431,0,-3.999509274287225,-3.0030755215138445,1.2006492406017804,0.007326834861982364
22.431,1,-3.999676692384966,2.996003642548925,1.1940246814938142,0.009288859818044917
22.441,0,-3.999456616249939,-3.003061898866955,1.2006005564018836,0.007300907959429885
22.441,1,-3.9997626525014467,2.9959853137697388,1.1939942014086051,0.009311875623546274
22.451,0,-3.9994034218421186,-3.0030498502193783,1.200551305253194,0.007404682819642702
22.451,1,-3.999849287864935,2.9959701195148645,1.1939634962330563,0.009319066095766895
22.461,0,-3.999349580924949,-3.0030394562369653,1.2005000455407842,0.007602005467971029
22.461,1,-3.9999365424387325,2.9959581528217156,1.1939330493913103,0.009318384557234284
22.471,1,-4.0000243589436115,2.9959494907485174,1.1939028891549683,0.009339810430891072
22.472,0,-3.9992949946151173,-3.0030307861103513,1.2004460793820493,0.007818726236598112
22.481,0,-3.9992395752372665,-3.003023898129113,1.2003899348103677,0.007996640800844411
22.481,1,-4.00011267908628,2.995944189724295,1.1938719755671365,0.00940604559094894
22.491,0,-3.9991832470965814,-3.0030188392337407,1.2003321998501006,0.008149095026104712
22.491,1,-4.00020144802652,2.9959422807041376,1.1938393591609355,0.00950867517037214
22.501,1,-4.000290618154936,2.995943761948791,1.1938043901478121,0.009642862955798453
22.502,0,-3.999125946351537,-3.0030156464775035,1.2002732794038153,0.008285804349372091
22.511,0,-3.999067620517116,-3.0030143487124223,1.200213451328879,0.008413598204905306
22.511,1,-4.000380151447453,2.9959485941783157,1.193766626610486,0.00980504728303581
22.522,0,-3.9990082277746613,-3.003014968089309,1.2001529768949792,0.008522217402213969
22.522,1,-4.000470020882717,2.995956698786026,1.193725888346917,0.009977457589417286
22.531,0,-3.998947734579215,-3.0030175210088306,1.2000923885322692,0.008597614758038432
22.531,1,-4.0005602100568955,2.9959679581488214,1.1936826466307937,0.010135919734433545
22.54,0,-3.998886110225967,-3.00302201591341,1.200032146077913,0.008654186954200008
22.54,1,-4.0006507086482515,2.9959822118661634,1.193637408318293,0.01028344357000414
22.551,1,-4.0007415075656665,2.995999255730979,1.1935905240570783,0.01042200273917543
22.552,0,-3.9988233210404442,-3.0030284514233596,1.1999725485655977,0.008702591426882109
22.561,0,-3.998759326357373,-3.003036815556396,1.1999137841148053,0.008750410069813868
22.561,1,-4.0008325955293715,2.9960188433286756,1.1935422365389297,0.010552003524117294
22.571,0,-3.998694076127824,-3.003047085568484,1.199855964354922,0.008802991522924835
22.571,1,-4.000923956787386,2.9960406890466933,1.1934927142941443,0.010672902060995373
22.581,0,-3.998627509554024,-3.00305922854389,1.199799295924491,0.008836782167393484
22.581,1,-4.001015569763674,2.996064472371387,1.193442185193437,0.010768104328047793
22.591,0,-3.99855955424427,-3.0030732034262693,1.1997446327418464,0.008825311665638857
22.592,1,-4.001107406933417,2.9960898432968697,1.1933913618689962,0.01081742263493857
22.601,0,-3.998490128487563,-3.00308896199671,1.1996927590056974,0.008795018710529868
22.601,1,-4.001199436133961,2.996116427034763,1.1933408917428103,0.010830975676672303
22.611,0,-3.9984191433843055,-3.003106451099678,1.1996441886680027,0.008765257254098949
22.611,1,-4.001291622460441,2.996143830081058,1.1932912047602435,0.01081641412562141
22.621,0,-3.9983465045363737,-3.003125614914283,1.1995992471846424,0.008749461104809059
22.621,1,-4.001383929860553,2.9961716462624026,1.1932425807998512,0.010779104163876794
22.629,0,-3.9982721138129227,-3.003146396617097,1.199558064101516,0.008769309766945578
22.629,1,-4.001476322310686,2.99619946222131,1.193194943417167,0.010764115655301498
22.641,0,-3.9981958737601175,-3.003168736799138,1.1995197209426502,0.008876427745506659
22.641,1,-4.001568763496558,2.9962268668435943,1.1931457879833627,0.01089076510842104
22.652,0,-3.9981176949830624,-3.0031925663227144,1.1994828793899457,0.009044944601723798
22.652,1,-4.001661213105865,2.9962534743941176,1.193092103815943,0.011138474487923457
22.662,0,-3.998037505385289,-3.0032177959061106,1.199446598070795,0.009251350565647106
22.662,1,-4.00175362168061,2.99627894909835,1.1930318306724474,0.011491948243360021
22.671,0,-3.9979552580325173,-3.0032443079246054,1.1994102293304667,0.009479647891037423
22.671,1,-4.001845927030975,2.996303022076919,1.1929635857205605,0.011939877236763867
22.681,0,-3.99787093587,-3.003271951877169,1.19937340880116,0.009707101362033463
22.681,1,-4.001938052198421,2.9963254993519355,1.1928877272374643,0.012230676920469972
22.691,0,-3.997784551470033,-3.0033005437071645,1.199336649478354,0.009895676756450322
22.691,1,-4.002029904858698,2.9963462550917277,1.192810883183287,0.012030013662669032
22.701,0,-3.997696141945733,-3.003329868405709,1.1993007063365904,0.010052469191273233
22.701,1,-4.002121381966789,2.996365231158789,1.1927394918158385,0.011500918546462548
22.711,0,-3.997605760360169,-3.0033596856563793,1.1992660939919781,0.010185504462260506
22.711,1,-4.002212375786883,2.9963824267249204,1.1926778987397726,0.010802803698565065
22.722,0,-3.9975134677931865,-3.003389735974012,1.199233154548892,0.010300554182468462
22.722,1,-4.002302778551361,2.996397885239752,1.1926289922469486,0.010074676384234451
22.731,0,-3.99741932747994,-3.0034197461607746,1.1992021105506876,0.010401827079953276
22.731,1,-4.00239248596467,2.9964116835074854,1.1925946444582287,0.009438813787377256
22.741,0,-3.997323399892183,-3.0034494339227145,1.199173548433645,0.01046153423683352
22.741,1,-4.002481400080093,2.9964239232438095,1.19257555387882,0.009016473233551035
22.751,0,-3.997225741510938,-3.0034785102184682,1.1991494986884759,0.010474919154116809
22.751,1,-4.002569430821086,2.9964347246629974,1.192570334561421,0.008820112642248011
22.761,0,-3.997126417148244,-3.0035066802489356,1.1991316817533015,0.010483880431222083
22.761,1,-4.00265649204628,2.9964442160811853,1.192577562340028,0.008795438840750723
22.771,0,-3.9970255094417397,-3.003533644340826,1.199121224685591,0.010517747921500948
22.771,1,-4.002742498346198,2.996452527653399,1.1925961661073008,0.008901332892656036
22.781,0,-3.9969231241561127,-3.003559099244472,1.199118849687119,0.010594128774764667
22.781,1,-4.002827363268872,2.9964597872712715,1.1926253260872388,0.009107411488034341
22.791,0,-3.9968193931255533,-3.0035827399646595,1.1991248957535616,0.010719152248044496
22.791,1,-4.002910998537477,2.9964661176131115,1.1926642670392198,0.009370375960064188
22.801,0,-3.996714473957475,-3.0036042621983987,1.1991391609763518,0.01088550956217707
22.801,1,-4.00299331477253,2.9964716347828273,1.1927116553044408,0.009635295191443845
22.811,0,-3.9966085442379233,-3.003623363760888,1.199161373102514,0.011085575638288922
22.811,1,-4.003074222111964,2.996476447530229,1.1927662958894814,0.009890313322545585
22.822,0,-3.9965017955879674,-3.003639746495105,1.1991912887720733,0.01131338585836677
22.822,1,-4.003153631705874,2.9964806576619165,1.1928273050399696,0.010131710580436338
22.831,1,-4.003231457303175,2.996484360582901,1.1928940174265348,0.01036011905158621
22.831,0,-3.996394428654867,-3.0036531183155852,1.199228688939855,0.011564910167047667
22.841,0,-3.996286648939013,-3.003663195752416,1.1992732066500853,0.011819064652031308
22.841,1,-4.003307617620982,2.996487645764916,1.1929653149858326,0.010464017549913633
22.851,0,-3.996178662930898,-3.0036697083509227,1.1993239230708328,0.012053284002108838
22.851,1,-4.003382041017562,2.996490593274691,1.1930381280256512,0.010348842033275435
22.861,0,-3.996070673540854,-3.003672401430839,1.199380036435697,0.01227061477462724
22.861,1,-4.003454665569736,2.996493260548217,1.1931098378171596,0.010076319994199034
22.871,0,-3.995962876606854,-3.0036710400289586,1.199440968730419,0.01247631334526289
22.871,1,-4.003525441733,2.9964956711607034,1.193178653125704,0.009696571728456357
22.881,1,-4.003594334793265,2.996497808187597,1.1932433562079565,0.009247304858847406
22.881,0,-3.9958554583535526,-3.0036654120737647,1.1995062956152782,0.012675042035896292
22.891,0,-3.995748593554869,-3.003655330348995,1.1995756954599341,0.012871507203673499
22.891,1,-4.003661326212191,2.996499610993258,1.1933031256571336,0.008756925189085425
22.901,0,-3.995642444204497,-3.0036406332358134,1.1996489700140165,0.013076824716556771
22.901,1,-4.003726412848014,2.9965009744577986,1.1933581075411495,0.008363362879404864
22.911,0,-3.995537156259211,-3.003621185161886,1.1997261261763925,0.013300539057222128
22.911,1,-4.00378960468511,2.996501753769005,1.1934109678737737,0.008160795995388511
22.921,0,-3.995432851440834,-3.003596879322078,1.1998071790949254,0.01354290437232276
22.921,1,-4.003850932184612,2.9965017822968028,1.1934640923245636,0.008093120049692093
22.931,1,-4.003910448747988,2.9965008891458322,1.1935190943684737,0.008128417203003179
22.931,0,-3.9953296199041772,-3.003567639176395,1.1998921090032078,0.013803895743258444
22.941,0,-3.9952275160148885,-3.0035334185478177,1.1999808712366424,0.014083764516796797
22.941,1,-4.003968230581485,2.996498911914697,1.1935770514883923,0.008246224107755065
22.951,0,-3.995126556468898,-3.0034942015160064,1.2000732700887438,0.014355951837648798
22.951,1,-4.004024375800011,2.9964957058697776,1.193638476892634,0.008396317047015826
22.961,0,-3.9950267203829943,-3.0034500040185916,1.2001684493333702,0.01458575664678765
22.961,1,-4.004078998244732,2.99649114955774,1.1937031715113964,0.008548547879683814
22.971,0,-3.994927953689971,-3.0034008696211614,1.2002655897231413,0.014789518507763734
22.972,1,-4.004132211855478,2.996485145804398,1.193770886861718,0.008703712866058377
22.981,0,-3.9948301740673204,-3.0033468674483803,1.2003641125304965,0.014979662855603879
22.981,1,-4.004184117444783,2.9964776216703113,1.1938414280078626,0.008862246858985144
22.991,0,-3.99473327532979,-3.0032880909286956,1.2004636078190858,0.015164350548113985
22.991,1,-4.004234793806069,2.996468527799365,1.1939146396748026,0.009023207205013534
23.002,0,-3.9946371314087545,-3.0032246574403674,1.2005635040545326,0.015300408344838297
23.002,1,-4.0042842918174335,2.9964578369625365,1.1939906061237768,0.009232918894530906
23.011,0,-3.9945416023009437,-3.003156711139869,1.2006623819191282,0.01535703242195185
23.011,1,-4.004332628505055,2.9964455425646666,1.1940701521168207,0.009527995984187479
23.021,0,-3.994446545551956,-3.0030844213098997,1.2007590473027447,0.015365920731573739
23.021,1,-4.004379779795796,2.996431660942402,1.1941539877910898,0.009881870030487605
23.032,0,-3.994351826079808,-3.003007984842295,1.2008526908264148,0.015347983908316258
23.032,1,-4.004425674269077,2.9964162322518963,1.1942425662709644,0.010274432224773731
23.041,0,-3.9942573229888723,-3.002927627755983,1.2009427701571225,0.015316159085550805
23.041,1,-4.004470190209133,2.9963993200278933,1.1943361566803452,0.010689558271242168
23.051,0,-3.9941629341237173,-3.002843604885878,1.201028928366357,0.015277615179102984
23.051,1,-4.004513155754823,2.9963810098636974,1.1944349024664098,0.011116666545732339
23.061,0,-3.9940685788457317,-3.002756198117838,1.2011110027583995,0.01524838556639791
23.061,1,-4.004554351129162,2.996361407467219,1.1945389514546696,0.011571060782672872
23.071,0,-3.9939742000826457,-3.0026657109898793,1.2011895389172738,0.015261400990223254
23.071,1,-4.0045935134003425,2.996340638448593,1.1946487937214099,0.012076163095869133
23.081,0,-3.9938797682214187,-3.002572461142046,1.2012652657176663,0.01529780784823277
23.081,1,-4.004630348199774,2.9963188546513733,1.194764843004199,0.01261293805600108
23.091,0,-3.9937852849700137,-3.0024767700215658,1.2013386929802974,0.015341958852738579
23.091,1,-4.004664541841311,2.9962962399683692,1.1948873311461885,0.013168182448057321
23.101,0,-3.9936907850857275,-3.0023789534590732,1.2014101777977615,0.015383164556973576
23.101,1,-4.004695771032837,2.9962730129740294,1.1950163621679246,0.013732131010974842
23.111,0,-3.9935963363392886,-3.0022793154420078,1.2014796214233496,0.015376155270477324
23.111,1,-4.004723713144222,2.9962494272382254,1.1951512493162653,0.014099808810053209
23.121,0,-3.9935020405963884,-3.0021781467957607,1.201546015034809,0.015304943339372809
23.121,1,-4.004748061700462,2.9962257667735965,1.195287961335007,0.014020139307683508
23.131,0,-3.99340803832702,-3.0020757276345513,1.2016085309596836,0.015186751013881304
23.131,1,-4.004768517809402,2.9962023313473907,1.1954226690897813,0.013628132501435821
23.141,0,-3.993314511838178,-3.0019723323119427,1.2016666257961475,0.0150322073854036
23.141,1,-4.0047847870757805,2.9961794234139285,1.1955527664931163,0.013024094628372186
23.151,0,-3.993221685677755,-3.0018682328741453,1.201719951707899,0.014847152750006932
23.151,1,-4.0047965814504884,2.9961573387097413,1.1956764922723613,0.012279663310539857
23.161,0,-3.9931298249530935,-3.0017637010057547,1.2017682957668065,0.01463443410684709
23.162,1,-4.00480362100526,2.9961363593200656,1.1957926690668046,0.011447049382906619
23.171,0,-3.9930392319534653,-3.001659008887931,1.2018113910042252,0.01438391876931907
23.171,1,-4.004805632114847,2.9961167496697154,1.19590120376541,0.010744033291437938
23.181,0,-3.99295023977889,-3.001554428984889,1.2018485396223282,0.01409274249974972
23.181,1,-4.004802343107647,2.996098754456303,1.1960045755785254,0.010336221944743155
23.191,0,-3.9928632034549927,-3.001450232822922,1.2018791833688378,0.013773868507578847
23.192,1,-4.004793509295202,2.9960825879320447,1.1961050434406502,0.010145183322902634
23.201,1,-4.004778926464753,2.996068426782529,1.1962041433980841,0.010116719333931497
23.202,0,-3.992778490640591,-3.001346689767645,1.2019029866320845,0.013436563228220887
23.211,0,-3.9926964735579644,-3.0012440657092445,1.2019197669767299,0.013087624915403476
23.212,1,-4.004758436684602,2.9960564068634072,1.1963029112804373,0.010211606671202685
23.221,0,-3.9926175241973527,-3.0011426225314715,1.2019300997863527,0.012741192342756027
23.221,1,-4.004731931961134,2.9960466218748016,1.1964018983096243,0.010365563413115184
23.232,0,-3.9925420094236435,-3.0010426190982256,1.2019361945632088,0.012383979694426905
23.232,1,-4.004699354169695,2.99603912433955,1.1965009542201188,0.010532661773651995
23.241,0,-3.9924702728144834,-3.0009443097410426,1.201939873426797,0.012001141538426175
23.241,1,-4.004660682117354,2.9960339322987095,1.196599858323559,0.010719871246191955
23.251,0,-3.99240262318054,-3.0008479440542666,1.2019423918487628,0.01158914469222999
23.251,1,-4.004615920771729,2.99603103558396,1.196698459069005,0.010930765542512452
23.261,0,-3.99233932781974,-3.000753766748515,1.2019446109595788,0.011149483470743545
23.261,1,-4.004565093685132,2.996030400877512,1.1967966526505232,0.011166508657585965
23.272,0,-3.9922806065654965,-3.0006620159812907,1.2019466950500164,0.010684107804980403
23.272,1,-4.004508239881776,2.996031975016408,1.196893933779397,0.011317802279070399
23.281,0,-3.992226626261039,-3.000572916873375,1.201947601175917,0.01019857242305867
23.282,1,-4.004445418503315,2.996035683297047,1.1969877898733459,0.01126771306938845
23.291,0,-3.9921775045745282,-3.0004866732815914,1.2019464322152495,0.009703144185043184
23.291,1,-4.004376689272717,2.9960414307374186,1.197075866399364,0.01111713091239904
23.301,0,-3.992133310109251,-3.000403458462394,1.2019425831817556,0.009209242297722511
23.301,1,-4.004302103586551,2.996049099221744,1.1971565829555406,0.010942397987411428
23.311,0,-3.99209406304404,-3.0003234087182005,1.2019356519941096,0.008728440969363854
23.311,1,-4.004221702635399,2.996058544952428,1.1972288964267586,0.010798918229800523
23.321,0,-3.9920597371573487,-3.0002466199402407,1.2019253768122995,0.008272067874921052
23.321,1,-4.004135516469499,2.9960695978847762,1.197292133672376,0.010725209551787736
23.331,0,-3.9920302652373536,-3.0001731479814375,1.2019120874748135,0.00782308369330494
23.331,1,-4.004043560141185,2.9960820635224046,1.197346483525013,0.010830244210758004
23.341,0,-3.992005553551016,-3.000103015514758,1.2018984960738552,0.007340164371712116
23.342,1,-4.003945821693108,2.996095731680107,1.197395155354449,0.011174777505700883
23.351,0,-3.9919854816017843,-3.0000362069922906,1.2018871950850254,0.006845891955394104
23.351,1,-4.003842285424679,2.9961103901005846,1.19744127479486,0.011652007789202659
23.361,1,-4.0037329424745804,2.9961258431602236,1.1974869715469671,0.012204511742444909
23.362,0,-3.9919699115002296,-2.999972670431943,1.201879931408594,0.006375728523028025
23.371,0,-3.991958699154428,-2.999912322584025,1.2018778642735857,0.005967249184124755
23.371,1,-4.003617792822329,2.996141926484467,1.1975336825469602,0.012801396776410021
23.382,0,-3.9919517001511005,-2.9998550523783165,1.201881285162146,0.005643641972704933
23.382,1,-4.003496848642513,2.996158516106429,1.1975820599621099,0.013394768890377396
23.391,0,-3.9919487674926826,-2.999800723859944,1.201889104937881,0.005390233041739356
23.391,1,-4.003370142248286,2.9961755319528263,1.1976314012610758,0.013951659544778434
23.401,0,-3.9919497475551604,-2.9997491852551397,1.2019003491419809,0.005194503838663589
23.401,1,-4.003237727497838,2.996192935977694,1.1976809602194056,0.014482219297094565
23.411,0,-3.9919544706846093,-2.999700273355898,1.2019143281461933,0.005049614750209549
23.411,1,-4.003099686410194,2.996210727645819,1.1977302123602889,0.01499205308797817
23.42,0,-3.991962744507082,-2.9996538166654205,1.2019305531186726,0.004950711723112235
23.42,1,-4.00295613433633,2.996228939206853,1.1977787880933466,0.015483880792715284
23.43,0,-3.991974350251128,-2.9996096381034456,1.201948640030813,0.004888985652218187
23.43,1,-4.002807221821974,2.9962476312193576,1.197826528915487,0.015966244032858273
23.441,0,-3.991989044143195,-2.999567557949485,1.2019681866613847,0.004854873393736629
23.441,1,-4.002653134449394,2.9962668886016215,1.1978736949257798,0.016442812902154217
23.451,0,-3.9920065671894958,-2.9995273983389894,1.201988880903702,0.004842975002506345
23.451,1,-4.002494096341077,2.9962868169361605,1.1979205369071944,0.01690544055499265
23.461,0,-3.99202665518091,-2.999488987047185,1.2020104982772484,0.004848168744048753
23.461,1,-4.0023303703931505,2.996307539133759,1.1979672125985543,0.017347761069878308
23.471,0,-3.9920490464934426,-2.999452160285532,1.2020328772691258,0.004865695387389779
23.471,1,-4.0021622560440315,2.9963291920963977,1.1980138160971359,0.01776466937527778
23.481,0,-3.992073487922358,-2.9994167646767482,1.202055900749515,0.004891454477254175
23.481,1,-4.001990085899912,2.9963519235128633,1.1980603986938831,0.018152157036325143
23.491,0,-3.9920997385361257,-2.999382658312071,1.2020792652081778,0.004891419703727787
23.491,1,-4.00181422332406,2.9963758883222993,1.1981065501475328,0.018475011059098215
23.501,0,-3.992127572432387,-2.999349711127221,1.2021016724163371,0.004828589604545607
23.501,1,-4.001635062455922,2.996401244084775,1.1981498146946497,0.018699891823462652
23.511,0,-3.9921567864922394,-2.99931780829571,1.2021219179491212,0.0047313679116029635
23.511,1,-4.001453011103218,2.9964281528593975,1.1981878711426992,0.018862722596753867
23.521,0,-3.9921872055197904,-2.999286852095343,1.2021391972309516,0.0046242536573639515
23.522,1,-4.001268480943854,2.9964567818554064,1.198219156478365,0.01899133766299151
23.531,0,-3.992218684630441,-2.9992567624419832,1.2021529823599244,0.004526268746399562
23.531,1,-4.001081882396033,2.9964873024988337,1.1982426318258181,0.019105221612963994
23.541,0,-3.9922511101300735,-2.9992274767443856,1.2021629888117433,0.0044540608660411
23.541,1,-4.000893619128173,2.9965198904893273,1.1982582273608402,0.019227607987200853
23.551,0,-3.992284397219844,-2.9991989456300496,1.2021692380310256,0.004414950156067929
23.551,1,-4.000704082479699,2.9965547271446296,1.198268170993906,0.019352925633089
23.561,1,-4.0005136526770615,2.996591990390524,1.1982745074302679,0.019462252472060824
23.562,0,-3.9923184821488533,-2.999171120308015,1.2021718027618957,0.004408792556796487
23.571,0,-3.992353314354453,-2.999143940596941,1.2021707459617537,0.004435324094265402
23.571,1,-4.000322695622221,2.9966318496539253,1.1982786490281134,0.019548850421874625
23.581,0,-3.992388850539624,-2.999117326988062,1.2021661251182083,0.004493772362840343
23.581,1,-4.000131559539279,2.9966744631563804,1.1982815705356444,0.019611445306076274
23.592,0,-3.9924250503111867,-2.9990911761797987,1.2021579043194761,0.004587784592246417
23.592,1,-3.9999405728229496,2.9967199748635354,1.198283593588836,0.01965020924372347
23.601,0,-3.9924618756607426,-2.9990653659680087,1.2021457460628229,0.0047253965956705534
23.601,1,-3.999750046538982,2.996768509798756,1.1982836606245977,0.01966781144725478
23.611,0,-3.992499297392021,-2.999039776557258,1.202129362667308,0.004907007015948625
23.611,1,-3.9995602866273137,2.9968201752371773,1.1982807736442895,0.019668231404890792
23.621,0,-3.9925373014933045,-2.99901431160413,1.2021085726464247,0.0051294738022961694
23.621,1,-3.999371606265452,2.9968750592452076,1.1982742636364754,0.019653694125832365
23.631,0,-3.992575893068579,-2.9989889125106473,1.202083267630197,0.0053875475729305775
23.631,1,-3.999184333845529,2.996933229110178,1.1982636892829404,0.019624845295630976
23.641,0,-3.9926150983799045,-2.9989635672828006,1.2020533909369524,0.005675226663366042
23.641,1,-3.9989988174092304,2.9969947306681446,1.1982487691686128,0.01958121373360413
23.651,1,-3.9988154272679393,2.9970595899331327,1.1982297811191822,0.019508815001445082
23.652,0,-3.9926549655302277,-2.998938315078702,1.2020191076273115,0.00595669159437063
23.662,0,-3.9926955636948587,-2.998913244890263,1.2019812318447511,0.006197960699064709
23.662,1,-3.9986345610785246,2.997127816348782,1.198208590722174,0.019388911283061028
23.671,0,-3.99273697953801,-2.998888486160476,1.2019404897197654,0.006407376851660378
23.672,1,-3.998456646715858,2.9971993941351953,1.1981868496772794,0.019221144600047865
23.681,0,-3.992779313560164,-2.9988641981231727,1.201897394180263,0.006593083487428401
23.681,1,-3.9982821457059985,2.997274279338974,1.1981656870166124,0.019006821776298453
23.691,0,-3.9928226767990003,-2.9988405607949957,1.201852309482952,0.006762281471983091
23.692,1,-3.9981115541666807,2.997352400007138,1.1981458680829833,0.01874714600694328
23.701,0,-3.99286718769809,-2.9988177674248386,1.201805395016526,0.0069433645441743415
23.701,1,-3.9979454021730025,2.9974336584311594,1.1981282313099622,0.018435651286470723
23.712,0,-3.9929129698555297,-2.9987960180476705,1.201756094329246,0.007183507530604498
23.712,1,-3.9977842441224745,2.9975179353514645,1.1981142217193828,0.018075944438331167
23.721,0,-3.992960155189888,-2.9987755157024787,1.201703775285388,0.007470526739941553
23.721,1,-3.9976286273123622,2.9976050915636536,1.1981049446693885,0.017681847228820616
23.731,0,-3.993008887594815,-2.9987564635305666,1.2016480302849728,0.007794235443636915
23.731,1,-3.9974790660136432,2.9976949727093047,1.1981011245027429,0.0172668364535438
23.741,0,-3.9930593245077897,-2.9987390620701047,1.201588610024768,0.008147498789779167
23.741,1,-3.9973360238159414,2.9977874138407006,1.1981032231091364,0.01684370660281215
23.752,0,-3.9931116366366344,-2.998723506609624,1.2015252217322518,0.008556100903679547
23.752,1,-3.997199898270414,2.9978822418274325,1.198110980075122,0.016416000830613287
23.761,0,-3.993166003339741,-2.998709983691102,1.2014571417933912,0.00904075813494333
23.761,1,-3.9970710062834076,2.997979276088214,1.1981221947592817,0.01597258926209528
23.772,0,-3.9932226033031903,-2.9986986682715933,1.2013837847199373,0.009582674644155291
23.772,1,-3.996949601182443,2.9980783379681077,1.1981349026877022,0.0155148231920344
23.781,1,-3.996835880788048,2.998179254575643,1.1981477499794622,0.015050090867786131
23.781,0,-3.9932816045875126,-2.998689720596609,1.2013047860076955,0.010166809033795587
23.792,0,-3.9933431573391043,-2.9986832838909843,1.201219934380347,0.010781518833437366
23.792,1,-3.9967299914420398,2.998281860466713,1.1981598043082475,0.014587499549935047
23.801,0,-3.993407388956688,-2.998679482982168,1.201129125393756,0.01141742662044878
23.801,1,-3.9966320322322932,2.9983859989099115,1.1981704269465379,0.014136056463984279
23.812,0,-3.993474401990584,-2.9986784243523443,1.2010325938724478,0.01200235393345034
23.812,1,-3.9965420599931907,2.9984915228637017,1.1981792801646673,0.0137055541043799
23.82,0,-3.9935442759186612,-2.998680196503191,1.200931892029852,0.012451031768759434
23.82,1,-3.9964600960120746,2.998598294389339,1.1981866182501661,0.013303492159894825
23.831,0,-3.9936170634384345,-2.9986848576381693,1.2008285067196383,0.012806406572475481
23.831,1,-3.996386125141565,2.998706178491182,1.198192747296609,0.01293246366651793
23.841,0,-3.993692790272761,-2.9986924259882968,1.2007234660994448,0.013099085731219475
23.841,1,-3.996320097542233,2.9988150372833795,1.198197858426988,0.012594455537911935
23.85,1,-3.9962619320092156,2.9989247263535064,1.1982020524307724,0.012290700054510328
23.851,0,-3.9937714570901313,-2.998702875264912,1.2006174905681894,0.013350011368108865
23.861,0,-3.9938530436350392,-2.998716134676911,1.2005116335997315,0.013467709207872958
23.861,1,-3.996211521752036,2.999035093073524,1.1982055991938603,0.01202292095617552
23.871,0,-3.993937515505059,-2.9987320885002275,1.2004081271857008,0.013427701272488322
23.871,1,-3.996168743942289,2.99914597815939,1.1982092719695077,0.011791217986370318
23.881,0,-3.9940248264059988,-2.998750564819377,1.2003087252902531,0.013293756782889946
23.881,1,-3.9961334666145176,2.9992572208260926,1.19821367669799,0.01159502189579764
23.891,0,-3.9941149245129246,-2.9987713311728177,1.2002145973141418,0.013110504625513511
23.891,1,-3.9961055591244565,2.9993686644626707,1.1982192011605421,0.011434157948427249
23.901,1,-3.9960849002512897,2.999480160900399,1.1982260839551,0.011308598608595028
23.902,0,-3.994207757860487,-2.99879409473858,1.200126506885211,0.012908498419315092
23.912,0,-3.9943032780373677,-2.998818505058271,1.200044936581124,0.012708234235102889
23.912,1,-3.9960713834670467,2.9995915734048286,1.1982344597559387,0.011218387518472187
23.921,0,-3.9944014424379115,-2.9988441587740318,1.199970157593019,0.012525477198133187
23.921,1,-3.9960649195608453,2.9997027785418826,1.1982443384279233,0.011162182889949522
23.931,0,-3.9945022140226243,-2.9988706099892903,1.1999022675437057,0.01236895229749725
23.931,1,-3.996065433466953,2.9998136633601455,1.1982554260381262,0.011136764285549805
23.942,0,-3.994605558088374,-2.998897388635193,1.1998412754811236,0.012242690606913789
23.942,1,-3.996072855207696,2.9999241116299826,1.198267427216863,0.011140187449417716
23.951,0,-3.994711438924273,-2.998924017600943,1.199787135212891,0.012148572492133239
23.951,1,-3.996087108231787,3.000033989393436,1.1982801352545596,0.011169206324378813
23.96,1,-3.9961081005531063,3.0001431354902564,1.198293405593171,0.01121937799229275
23.961,0,-3.9948198174422176,-2.9989500259428823,1.199739764700744,0.012087409371487534
23.971,0,-3.9949306483883227,-2.9989749594342783,1.1996986023075578,0.012094166935702338
23.972,1,-3.996135716438134,3.000251356689924,1.1983067565104268,0.011273373623080056
23.981,1,-3.996169805819401,3.000358430600387,1.1983184595721104,0.011320695783759471
23.981,0,-3.995043876768781,-2.9989983911791667,1.1996619829713773,0.012165540435506456
23.991,0,-3.9951594382486193,-2.999019930562121,1.1996285283969252,0.012272986156489352
23.991,1,-3.996210188797527,3.000464116712465,1.1983270332275509,0.01137219925936987
24.001,0,-3.9952772569285515,-2.9990392304195335,1.1995972635108447,0.012400445528031575
24.001,1,-3.9962566531769976,3.0005681689796635,1.19833148296723,0.01143670244255915
24.011,0,-3.9953972437634016,-2.9990559914841737,1.1995674954693627,0.012538807565860902
24.012,1,-3.996308952048313,3.0006703457045103,1.1983311519467332,0.01151947115328136
24.022,0,-3.9955192962042414,-2.9990699642649803,1.1995388185142652,0.012676837389758971
24.022,1,-3.9963668062454065,3.0007704158436197,1.1983260682489745,0.011614281597360793
24.031,0,-3.995643298522285,-2.9990809496907334,1.1995113771515282,0.012805148432670459
24.031,1,-3.996429916320483,3.0008681605718,1.1983185390178754,0.011694926035982232
24.041,0,-3.995769119698964,-2.9990888038475783,1.1994853820808213,0.012926228307605205
24.041,1,-3.9964979580665467,3.0009633826992936,1.198310833548402,0.01175547859759895
24.051,0,-3.995896612568875,-2.99909344076478,1.1994609568445127,0.013041026339692131
24.051,1,-3.996570589405112,3.0010559122809566,1.1983045017408593,0.011800391948459459
24.061,0,-3.9960256143422375,-2.9990948321040003,1.1994381662840052,0.013149252125073865
24.061,1,-3.996647460480577,3.0011456086398534,1.1983005945998473,0.011836156825034217
24.071,0,-3.9961559477729205,-2.999093005007033,1.1994170349622235,0.013249726367460208
24.071,1,-3.996728221540704,3.001232361052631,1.1982998134937004,0.01186845672251635
24.081,0,-3.9962874230662773,-2.9990880382534755,1.1993976835944462,0.013336216791177863
24.081,1,-3.9968125255746756,3.0013160912502754,1.1983016950350602,0.011894615483983271
24.091,0,-3.9964198440496985,-2.9990800570296,1.19938062521914,0.013406132782955344
24.091,1,-3.996900023091676,3.001396759785516,1.1983025067508655,0.011907384958227109
24.101,0,-3.99655302170346,-2.999069229291569,1.199366283889154,0.013464352258241288
24.101,1,-3.9969903702275373,3.0014743553423138,1.198298962024613,0.011926967896394964
24.112,0,-3.9966867876404715,-2.999055760370716,1.1993549219648132,0.013514913079304214
24.112,1,-3.997083223665594,3.0015488925256713,1.198288849637826,0.011979565033748916
24.121,1,-3.99717823489189,3.0016204117854426,1.1982706987955607,0.012085273565434455
24.121,0,-3.996821003355708,-2.999039887298075,1.1993466898158538,0.013561253274398789
24.131,0,-3.9969555656168643,-2.9990218741818335,1.199341265309252,0.013609756849220877
24.131,1,-3.9972750482527073,3.0016889767914883,1.1982441154185062,0.01221401044744162
24.141,0,-3.997090404898973,-2.9990020091776604,1.1993364255452716,0.013661516557610652
24.141,1,-3.9973733052621307,3.001754668876695,1.1982117027665933,0.01228133308304131
24.151,0,-3.997225473194919,-2.9989805934934304,1.1993300480518116,0.01371490996172576
24.151,1,-3.9974726480399343,3.0018176004544914,1.1981761203959533,0.012281844876279579
24.161,0,-3.9973607291854707,-2.9989579345987836,1.1993206902481552,0.013773101555654702
24.161,1,-3.997572729494005,3.0018779218152143,1.198139192033415,0.012226142365282114
24.171,1,-3.9976732225975598,3.0019358218878014,1.1981021603020392,0.012127693690313667
24.172,0,-3.9974961272491423,-2.9989343419901746,1.1993073809107346,0.013839104884046443
24.181,0,-3.997631610258436,-2.998910123042442,1.1992902002540289,0.013887884647889173
24.181,1,-3.99777382671234,3.00199152639707,1.1980661301100808,0.01197818032157752
24.191,0,-3.9977671064416063,-2.9988855773445273,1.1992718951092876,0.013887195702447393
24.191,1,-3.9978742725183904,3.0020452892749017,1.198032815182247,0.011776682205380883
24.201,0,-3.9979025301745352,-2.9988609891095854,1.199254930741598,0.013847774276111008
24.201,1,-3.997974327455083,3.002097376388016,1.19800357132649,0.011551233661261049
24.211,0,-3.9980377849550095,-2.998836617699373,1.199240969004672,0.013784647744493606
24.211,1,-3.998073800105035,3.002148047313769,1.1979792825907125,0.01132378332838421
24.22,0,-3.9981727662421793,-2.9988126908714303,1.1992311154699447,0.01371096131619204
24.22,1,-3.9981725421483776,3.002197541678918,1.1979605104067408,0.011110391221732487
24.231,0,-3.9983073638464783,-2.998789400724658,1.1992260930637955,0.013636606164089857
24.231,1,-3.998270448499436,3.002246069887077,1.1979475957326862,0.010922669636174557
24.242,0,-3.998441463826203,-2.9987669017662473,1.1992264290866337,0.013568854495876406
24.242,1,-3.9983674563737277,3.0022938073899765,1.1979405113104635,0.0107725816998615
24.249,0,-3.998574946854607,-2.9987453145293075,1.1992329163472637,0.013516970332787254
24.249,1,-3.998463544559865,3.002340892531632,1.197936157305253,0.01066112843168233
24.261,0,-3.998707676756614,-2.998724741843089,1.1992462437175204,0.01348805014059541
24.261,1,-3.9985587226936654,3.0023874210728114,1.1979302812606745,0.01057431813348735
24.271,1,-3.9986530171271135,3.0024334420266636,1.197919956911014,0.010527749115877102
24.272,0,-3.9988394874066944,-2.9987052878592872,1.1992668325001345,0.013483857655121974
24.282,0,-3.998970174481659,-2.9986870717729524,1.1992949166616986,0.013502690554702048
24.282,1,-3.998746461827927,3.002478957533444,1.1979032162235679,0.010542444059700794
24.291,0,-3.9990994926046883,-2.998670235462789,1.1993298875195075,0.013487332593117192
24.291,1,-3.9988390912187715,3.0025239242868467,1.197879361593758,0.010592080226089848
24.301,1,-3.9989309334685763,3.002568261357688,1.1978501893049398,0.010616788568973292
24.301,0,-3.9992271623406452,-2.998654939955956,1.199368641442712,0.013367610296405274
24.312,0,-3.999352882953322,-2.9986413540773316,1.1994084550468267,0.013154327481864915
24.312,1,-3.9990220061657435,3.0026118731052756,1.197817444672894,0.010610034208715712
24.321,0,-3.9994763476099475,-2.9986296395800114,1.1994474661237375,0.012865875888761575
24.321,1,-3.99911231171712,3.0026546707007276,1.197782331864219,0.010574021656479481
24.331,0,-3.9995972555191543,-2.9986199398204487,1.1994844035343097,0.01252017450043719
24.331,1,-3.9992018342062585,3.002696587089972,1.1977456845840624,0.010513451443018964
24.341,0,-3.999715320549479,-2.998612372432805,1.1995184834588628,0.012138845407013042
24.341,1,-3.999290537843241,3.002737586805311,1.1977081481370984,0.010424886028150155
24.351,0,-3.9998302742501712,-2.998607027215757,1.1995495745038847,0.01173968249945892
24.351,1,-3.9993783670267273,3.0027776700470588,1.1976706462940825,0.010296536222673063
24.362,0,-3.9999418626828405,-2.998603969542587,1.199577715918417,0.011324509862090748
24.362,1,-3.999465250220893,3.0028168694297395,1.1976339994463012,0.010139056147022766
24.372,0,-4.000049840892681,-2.998603246106369,1.1996029448106305,0.010894581858013142
24.372,1,-3.999551104718626,3.0028552434423323,1.1975987574789277,0.009961476852548928
24.382,0,-4.0001539687995,-2.998604889760158,1.1996252983625886,0.010450950137940368
24.382,1,-3.999635840451245,3.002892870553282,1.1975652821605212,0.009770513947210225
24.391,0,-4.000254008702923,-2.9986089232839666,1.1996448137792284,0.009994607925016833
24.391,1,-3.9997193631469363,3.0029298441659806,1.19753380459098,0.00957099434378856
24.401,0,-4.000349724158441,-2.9986153621644767,1.199661535757483,0.009527110635101631
24.401,1,-3.999801576640836,3.0029662682341387,1.1975046534462366,0.009349796511005025
24.411,0,-4.000440884232178,-2.9986242130765737,1.199675537067495,0.009050979631223597
24.411,1,-3.9998823824234284,3.0030022534507035,1.1974789684706644,0.009095297514612268
24.419,0,-4.0005272780240695,-2.998635464167545,1.1996868941653052,0.008570016108632499
24.419,1,-3.9999616768696558,3.003037914829254,1.197457779797592,0.008830759540432675
24.431,0,-4.000608728640223,-2.9986490756644772,1.1996956803518062,0.008089170249161443
24.431,1,-4.000039347327276,3.003073369278439,1.1974417532336592,0.008574002280735224
24.441,0,-4.000685102447576,-2.998664974096333,1.1997019666887987,0.0076141184790433055
24.441,1,-4.000115269500768,3.0031087334396256,1.1974313032745847,0.008337559294679683
24.451,0,-4.000756316359568,-2.998683048804791,1.1997054635010609,0.007148010084451257
24.451,1,-4.0001893054714674,3.0031441221265145,1.1974271092248276,0.008127850855910055
24.461,1,-4.000261301734895,3.0031796503398374,1.1974312029192211,0.007990363125456748
24.461,0,-4.000822345163525,-2.998703152898778,1.1997046562490337,0.006713637018126752
24.471,0,-4.000883215459968,-2.998725117070298,1.199698240502433,0.006350215054188719
24.471,1,-4.000331093924664,3.0032154414545236,1.1974452734995868,0.007985319222173047
24.481,0,-4.0009390041229205,-2.99874876088489,1.1996853581136755,0.006093983133301839
24.481,1,-4.000398509704603,3.00325163496002,1.1974704049087967,0.008149205440539419
24.492,0,-4.000989837130169,-2.998773900706805,1.1996654616699225,0.005972211865351156
24.492,1,-4.0004633708463695,3.0032883911752335,1.1975072538962364,0.008491519294012399
24.501,0,-4.0010358817655,-2.9988003570650252,1.1996392539602159,0.005861747532570076
24.501,1,-4.000525497624275,3.003325892544544,1.1975553182813299,0.008874575617466449
24.511,0,-4.001077329010283,-2.9988279610289195,1.1996110659066308,0.005586563577014477
24.511,1,-4.000584711862725,3.0033643396901306,1.1976118276996108,0.009171978787164331
24.521,0,-4.001114400891698,-2.9988565495063004,1.1995847131853568,0.00518445242211224
24.522,1,-4.000640824621007,3.0034039454290813,1.1976744456090767,0.00938559259246847
24.531,0,-4.001147340039676,-2.9988859652952113,1.1995627859107598,0.004723321388933607
24.531,1,-4.000693630699349,3.0034449275059303,1.1977415290816031,0.009532632176226961
24.541,1,-4.000742906845892,3.0034875025719305,1.1978119178597624,0.009631414115297481
24.542,0,-4.001176396991157,-2.9989160583177044,1.199547021464252,0.0042786875970257125
24.552,0,-4.0012018207922155,-2.9989466864230683,1.199538566363183,0.003929410867374577
24.552,1,-4.000788411651788,3.0035318815481467,1.1978847831851853,0.009698396371440416
24.561,0,-4.001223854277604,-2.998977715748688,1.199537511872683,0.0037394801018079196
24.561,1,-4.000829889707053,3.003578264331447,1.1979588737115305,0.00962552768675802
24.571,0,-4.0012427309616125,-2.9990090230205215,1.199542127953738,0.0036575701941625313
24.571,1,-4.000867083764085,3.0036268280736715,1.1980315439346865,0.00937638391263019
24.581,0,-4.001258662908009,-2.9990405020130946,1.1995509153001396,0.0036276598701394016
24.581,1,-4.000899744286475,3.003677712093259,1.1981006966641083,0.009021282679567397
24.587,1,-4.000927644043548,3.00373100238941,1.1981649067061169,0.008615663018555387
24.588,0,-4.0012718368029505,-2.9990720680503364,1.1995628279298673,0.003622955193332315
24.602,0,-4.001282412704737,-2.9991036604971617,1.1995771335111105,0.003631787986363552
24.602,1,-4.000950589319194,3.0037867216847154,1.1982232140301348,0.008202794211745027
24.611,0,-4.001290522968262,-2.999135243780579,1.1995936476310038,0.0036920408222866105
24.612,1,-4.000968425899297,3.003844825076984,1.1982752031771753,0.007853511964731904
24.619,0,-4.001296271208972,-2.9991668063244803,1.1996134568322772,0.00385299107805902
24.619,1,-4.000981039494128,3.0039052003672166,1.198321431290817,0.007608422227554268
24.63,0,-4.001299737502217,-2.999198356699612,1.1996375436055082,0.004109312949033346
24.63,1,-4.0009883597119815,3.0039676679010294,1.19836247966944,0.0074470044658086106
24.64,0,-4.001300980963616,-2.999229919445127,1.1996665364170833,0.004447940711484889
24.64,1,-4.000990358722617,3.004031984242661,1.198398763608957,0.007352397510598247
24.652,0,-4.001300041565951,-2.9992615314815887,1.199700819699142,0.00485266790306825
24.652,1,-4.000987048097996,3.0040978478258964,1.19843058455391,0.007309239646351979
24.661,0,-4.001296942090239,-2.9992932390522555,1.1997406122299061,0.0053059824613938145
24.661,1,-4.000978475415591,3.004164905416593,1.1984581626194077,0.007304079284456025
24.671,0,-4.001291691487263,-2.9993250950298576,1.1997854751524923,0.005686367770403854
24.671,1,-4.000964718329968,3.0042327593897444,1.1984821406326698,0.007360096660374051
24.681,1,-4.000945879538493,3.0043009770363596,1.1985042591620412,0.007466602667966184
24.682,0,-4.0012842923454235,-2.9993571560704213,1.1998336218781334,0.00593438070239278
24.691,0,-4.001274749063147,-2.999389480062661,1.1998835761410729,0.006090160616001656
24.691,1,-4.000922096137252,3.004369101594735,1.1985259197465876,0.0075923590435830616
24.702,0,-4.001263077851431,-2.999422123891649,1.19993431556252,0.006182969023557941
24.702,1,-4.000893541349829,3.00443666401372,1.1985480760561873,0.007721129382451821
24.712,0,-4.001249313936336,-2.9994551417173514,1.199985118361546,0.0062336104422043145
24.712,1,-4.000860423344582,3.004503192607394,1.1985713745693762,0.007843892302032814
24.721,0,-4.00123351539754,-2.9994885837515284,1.2000356756686275,0.006299879792257267
24.721,1,-4.0008229834007345,3.004568221294621,1.1985961228660564,0.007944831725492823
24.731,0,-4.001215762651567,-2.9995224951312602,1.2000865048769846,0.006421424549561415
24.731,1,-4.000781493284283,3.0046313000521847,1.1986220624389348,0.008011790788695327
24.741,1,-4.000736247546053,3.004692009498756,1.1986489091941244,0.008048791829416065
24.742,0,-4.001196155562685,-2.999556913588216,1.2001381031525165,0.006577447557946768
24.751,0,-4.001174808218631,-2.999591867700341,1.2001907840575814,0.006753278404353768
24.751,1,-4.000687557760189,3.0047499739816828,1.1986764647502401,0.008060186159877162
24.762,0,-4.001151844175576,-2.999627375918213,1.20024473266069,0.006938557116249859
24.762,1,-4.000635747846822,3.004804870294922,1.1987045893225174,0.008050316563559184
24.771,1,-4.000581148745531,3.004856431580378,1.1987335209740824,0.008055827791364517
24.771,0,-4.001127393299068,-2.9996634458876756,1.2002995831362522,0.007029626847350245
24.781,0,-4.001101591320955,-2.9997000745189126,1.2003533519773462,0.0069545995302870995
24.781,1,-4.000524091095908,3.00490444895219,1.19876465820671,0.008111808537622703
24.791,0,-4.00107457819802,-2.9997372516638516,1.2004043099033355,0.006775325335374145
24.792,1,-4.000464900888555,3.004948783345159,1.198799219171675,0.008214827418731412
24.801,1,-4.000403892033082,3.004989371754698,1.198838016850411,0.008364146207908289
24.801,0,-4.001046499439507,-2.9997749628992065,1.2004512932488118,0.006537293291893895
24.811,0,-4.0010175072046215,-2.999813191346498,1.2004935291733498,0.0062737227653042685
24.811,1,-4.000341360223017,3.0050262283376377,1.1988815853393995,0.008558669485637467
24.821,0,-4.000987760560367,-2.999851918984409,1.2005305150815249,0.006009170933579341
24.821,1,-4.000277578839804,3.00505944294384,1.1989302652061153,0.008795466753080792
24.831,0,-4.000957425146189,-2.9998911275593563,1.2005619412386057,0.005763046537343951
24.831,1,-4.000212796825829,3.0050891790244836,1.1989838226787806,0.00897102069975588
24.841,0,-4.000926672907087,-2.9999307983176626,1.200587694661702,0.005551672981992654
24.841,1,-4.000147238931135,3.0051156765884044,1.1990378650418798,0.00879544995151795
24.851,0,-4.000895683577405,-2.99997090776814,1.2006077766730117,0.005380740887795651
24.851,1,-4.000081095017582,3.005139216611664,1.1990871649261035,0.008379399551776016
24.861,0,-4.000864646421493,-3.0000114222863092,1.2006222282699694,0.005252477884401529
24.861,1,-4.0000145116025925,3.0051600858565077,1.199128184989763,0.007862141288179412
24.871,0,-4.000833760827689,-3.0000522945380315,1.2006311169481774,0.005166735324099377
24.872,1,-3.9999475893527574,3.005178559029058,1.1991585805230454,0.0073709475787398756
24.881,0,-4.0008032362231445,-3.000093461806466,1.2006351629986143,0.005127538123572637
24.881,1,-3.999880382529217,3.0051948845814147,1.1991777248096447,0.007065218669188949
24.891,0,-4.00077329114007,-3.0001348481128782,1.2006372321288696,0.005099306821248027
24.891,1,-3.9998129042522805,3.005209277036143,1.1991885812963308,0.00694161261570766
24.901,0,-4.000744147830449,-3.000176371186303,1.2006397984311428,0.005062738989940862
24.901,1,-3.999745144651402,3.005221933380176,1.1991939626454862,0.006902124604726696
24.912,0,-4.000716026825026,-3.0002179506526483,1.2006445304753504,0.00502751923228189
24.912,1,-3.9996770878892316,3.005233043584261,1.199195827655871,0.00689966027898229
24.921,1,-3.999608724309513,3.005242796474964,1.1991955521371755,0.006912258245451257
24.921,0,-4.000689142899594,-3.000259514154811,1.200652538882364,0.005009743837987022
24.931,1,-3.9995400589296173,3.0052513836916,1.1991939361960664,0.006930814913596938
24.932,0,-4.00066370180585,-3.000301001524524,1.200664378055731,0.005011389834189595
24.941,0,-4.0006398984511105,-3.0003423671485665,1.2006797639779525,0.005019907271505512
24.941,1,-3.9994711169683392,3.0052589967839243,1.1991909411185133,0.006952827158135423
24.951,0,-4.000617919674171,-3.0003835804222176,1.200698329909402,0.005034222422253831
24.951,1,-3.999401946570292,3.005265810721137,1.1991864174641433,0.0069755905786043635
24.962,0,-4.000597946681635,-3.0004246252765414,1.200719796844738,0.0050553575874490156
24.962,1,-3.9993326198965486,3.0052719684408737,1.199180272270557,0.006996183935319528
24.971,0,-4.000580156388547,-3.000465499363307,1.2007439478018491,0.005085098209470318
24.972,1,-3.9992632329343927,3.0052775709553883,1.1991724521032159,0.007011695693198381
24.981,0,-4.000564722112366,-3.0005062130226547,1.2007706077796398,0.005125621404445958
24.981,1,-3.999193904292914,3.0052826718764916,1.1991629295626025,0.007019460170684538
24.991,0,-4.000551814384759,-3.000546788070674,1.200799880130882,0.005214543019119762
24.991,1,-3.999124773348139,3.0052872751634925,1.1991518033170159,0.007011745640733082
25.001,0,-4.000541600627896,-3.0005872565739256,1.200832488530799,0.005376728746070062
25.001,1,-3.999055996255044,3.0052913372128276,1.1991396953705178,0.0069780292339556085
25.011,0,-4.000534239691501,-3.0006276598201334,1.2008690103003217,0.005605439598637792
25.011,1,-3.9989877364062636,3.0052947771223932,1.1991272030436098,0.006919779606233167
25.018,0,-4.0005298783122925,-3.0006680472150946,1.2009098106085179,0.005892584349765725
25.018,1,-3.998920154509823,3.0052974882753403,1.1991147378978346,0.006840061832834909
25.031,1,-3.998853401345572,3.005299347499362,1.1991025837359528,0.006742366005341187
25.032,0,-4.000528648929124,-3.000708475169923,1.200955100442557,0.006228028635180582
25.041,0,-4.000530667486849,-3.0007490058063504,1.2010047212007375,0.0065433759935833264
25.041,1,-3.998787612818175,3.005300222203955,1.1990910608732057,0.006624244434240669
25.051,0,-4.00053603083976,-3.0007897033826874,1.2010572391825596,0.006754013744831309
25.051,1,-3.9987229059228504,3.0052999759611083,1.199081003347275,0.006484734995240697
25.062,0,-4.000544825575938,-3.0008306259315565,1.2011112655120861,0.006892799182177884
25.062,1,-3.9986593719572423,3.005298474563769,1.1990731550677163,0.0063376483544827986
25.071,0,-4.000557134378452,-3.000871816901045,1.2011658330541077,0.006987358935741415
25.071,1,-3.998597071061712,3.0052955907277075,1.199068006288741,0.006195593169227348
25.081,0,-4.000573039205432,-3.0009132995098335,1.2012202745545826,0.0070581954196353705
25.081,1,-3.998536029542094,3.0052912073497775,1.1990658712463362,0.0060692430878490165
25.091,0,-4.000592623354042,-3.000955073459888,1.201274169982454,0.007129526022558391
25.092,1,-3.998476239050608,3.0052852199321514,1.1990668294364393,0.005965851519455619
25.101,0,-4.0006159706067885,-3.000997114898845,1.2013274939365526,0.007227507930379695
25.101,1,-3.9984176587671882,3.005277539678581,1.1990701192851179,0.005880696210618262
25.111,0,-4.000643153145075,-3.00103938238128,1.2013803267998122,0.007348579157026698
25.111,1,-3.9983602278433406,3.005268095408503,1.1990748823836186,0.0058085719058257055
25.121,1,-3.998303879182026,3.0052568356897034,1.1990805218572593,0.0057476683705426565
25.121,0,-4.000674218175677,-3.001081824638523,1.201432714299126,0.007488700072839344
25.132,0,-4.000709179261727,-3.001124386645667,1.20148467690392,0.0076438698219923025
25.132,1,-3.99824854920294,3.00524373045226,1.1990866208943658,0.005697021711183073
25.141,0,-4.000748011300358,-3.0011670141320783,1.2015362170533965,0.00781023887447818
25.141,1,-3.9981941846376152,3.005228771493591,1.1990928865307267,0.005655557940696813
25.151,0,-4.0007906478093584,-3.001209656834111,1.201587190812569,0.007960901082553703
25.151,1,-3.998140746592093,3.0052119727699447,1.1990987666111648,0.005612453116009357
25.161,0,-4.000836978563017,-3.001252270213329,1.2016369917551546,0.008077539753970561
25.161,1,-3.998088209867385,3.0051933713335828,1.1991026067076551,0.005568326493728579
25.171,1,-3.998036557586235,3.005173024538834,1.1991030112808203,0.005545453933737828
25.172,0,-4.000886849798041,-3.0012948152990355,1.2016850846414773,0.008172068851120883
25.181,0,-4.000940063903468,-3.00133725794207,1.201731093554435,0.008250850856027553
25.181,1,-3.9979857742459948,3.0051510091381126,1.1990990547018223,0.005562699364800507
25.191,0,-4.000996380664935,-3.0013795681488404,1.2017747537756933,0.008316535347682081
25.191,1,-3.9979358404632706,3.0051274203671436,1.1990901347715661,0.005632064045069318
25.202,0,-4.001055522002577,-3.0014217192571766,1.2018164028696585,0.008431042154816097
25.202,1,-3.997886730224056,3.0051023694825227,1.199076518111046,0.005714687978115824
25.211,0,-4.001117185199352,-3.00146368370533,1.201857691427785,0.008609376977914179
25.211,1,-3.997838415211756,3.0050759793976085,1.1990601693251388,0.0057604734804996395
25.22,0,-4.001181062381234,-3.0015054235074965,1.2018999668607462,0.008820130112004618
25.22,1,-3.9977908772304773,3.0050483818967058,1.1990427266583352,0.005766917389065005
25.231,0,-4.001246862623253,-3.001546881832158,1.2019441298585039,0.009046393191099327
25.231,1,-3.9977441209913698,3.0050197122609763,1.1990253106302395,0.005740092898218616
25.241,0,-4.001314328109774,-3.0015879777520977,1.2019907709859197,0.00927887738069724
25.241,1,-3.997698182549832,3.0049901047744276,1.1990086859043996,0.005686804435821401
25.251,0,-4.00138324448947,-3.0016286036861812,1.202040129867485,0.009485796705978348
25.251,1,-3.9976531340187216,3.0049596893610198,1.1989934553279435,0.005604124140379226
25.261,0,-4.001453441805055,-3.0016686273926387,1.202091012793294,0.009586439773547829
25.261,1,-3.997609085571635,3.004928587582121,1.1989808439834029,0.0054807866052470865
25.271,0,-4.001524779532064,-3.0017079027476763,1.2021418830537045,0.009604022201610727
25.271,1,-3.997566181687081,3.004896905675063,1.1989721046786446,0.005344966012991893
25.281,0,-4.001597123966739,-3.001746283642917,1.2021916881769046,0.00956240862758027
25.281,1,-3.9975245949592866,3.004864726499501,1.1989680653102475,0.005222982374478385
25.291,1,-3.99748452061345,3.004832103951749,1.1989692504638496,0.005135306453164334
25.291,0,-4.001670330602974,-3.0017836346856703,1.2022397154503484,0.00947828480660319
25.301,0,-4.001744232555645,-3.0018198386342756,1.2022854881958935,0.009362628615569052
25.301,1,-3.9974461712393925,3.004799060120319,1.1989759744851907,0.005096557684992609
25.311,0,-4.001818633830088,-3.0018548009785246,1.2023288883849967,0.009245785586177089
25.311,1,-3.997409770801821,3.0047655847829495,1.1989879217992587,0.0050795916903180385
25.321,1,-3.9973755462443368,3.0047316371397517,1.199003031441326,0.005023696045489465
25.322,0,-4.001893307905924,-3.001888451682948,1.2023705660750317,0.009145905901614576
25.331,0,-4.001968002148592,-3.0019207460682664,1.2024111308774115,0.009048905468639252
25.331,1,-3.9973437235305664,3.004697148025626,1.1990194677731798,0.004925489511604459
25.341,0,-4.002042444440902,-3.0019516638377657,1.202451002144681,0.008945837259310465
25.341,1,-3.9973145218948685,3.004662023456459,1.199035964447842,0.004797984793084756
25.352,0,-4.002116349315369,-3.001981207371319,1.2024904665245963,0.00883106809353203
25.352,1,-3.997288148788777,3.0046261483015995,1.1990516467865227,0.004658364547104295
25.361,0,-4.002189423618274,-3.002009400251704,1.2025293691779861,0.008659799987469874
25.361,1,-3.9972647965764456,3.0045893895971543,1.1990660028818647,0.004532041140326158
25.371,0,-4.002261370566018,-3.0020362876235835,1.202566320575081,0.008401064396788116
25.371,1,-3.997244640902693,3.0045515960047986,1.1990790265422457,0.004439560810045111
25.381,0,-4.002331887599536,-3.002061936432446,1.2026001090145295,0.008082096145972849
25.381,1,-3.9972278381977184,3.004512590173172,1.1990907863360896,0.004389815915207267
25.391,0,-4.002400664371935,-3.002086436989565,1.202629939591195,0.007723513910012354
25.391,1,-3.9972145247557047,3.0044721614584824,1.1991013239228259,0.004392286245475267
25.401,1,-3.9972048166590173,3.0044300624742815,1.1991106632230955,0.004455684749261457
25.402,0,-4.002467382530031,-3.002109903446586,1.2026553036752001,0.0073402340961037675
25.41,0,-4.002531716543548,-3.002132473080691,1.2026758897896705,0.0069434168199691984
25.41,1,-3.9971988100511875,3.0043860084933973,1.1991188159455888,0.0045866373535524444
25.419,0,-4.0025933346080595,-3.0021543046356918,1.2026917284841574,0.006560084982514822
25.419,1,-3.9971965814263557,3.0043396791382824,1.1991257200003975,0.004785188063633794
25.431,0,-4.002651892654205,-3.0021755739367055,1.2027058161269937,0.006256862965665776
25.431,1,-3.997198184671432,3.004290725671158,1.1991304073003712,0.005045503846065419
25.441,0,-4.002707044064655,-3.002196466891222,1.2027222691203496,0.00602937418225451
25.441,1,-3.9972036516614278,3.0042387861953217,1.1991315777157074,0.005387505722048171
25.451,0,-4.002758454959697,-3.0022171687742505,1.202743937194134,0.005913562166435673
25.451,1,-3.997212992948055,3.004183504931001,1.1991283449662753,0.005820309730470747
25.461,0,-4.002805810438969,-3.0022378541071264,1.2027727367503773,0.005954095657688136
25.461,1,-3.997226196250787,3.0041245486813675,1.199120123788596,0.006339825083079247
25.471,1,-3.9972432272368916,3.00406161723228,1.1991068513797603,0.006917044988939602
25.472,0,-4.00284882180865,-3.002258679353507,1.2028093309508145,0.0060627837613136185
25.481,0,-4.002887243998132,-3.0022797790966678,1.2028511336655106,0.006036823124344686
25.481,1,-3.9972640288521712,3.003994446911335,1.1990893533112563,0.007519241250329999
25.491,0,-4.002920878364128,-3.0023012698797658,1.2028954477055585,0.0058919531786520785
25.492,1,-3.9972885111759386,3.0039228135239795,1.1990683474660138,0.008133736896930033
25.501,1,-3.9973165462201523,3.003846530187685,1.1990443426112558,0.008753691473281843
25.501,0,-4.002949582718006,-3.00232325588217,1.2029404198467253,0.005663801630074532
25.511,0,-4.002973281063811,-3.0023458330008004,1.2029847790408115,0.005386910081475125
25.511,1,-3.9973479663530758,3.003765444355426,1.1990176965590214,0.009374523798855025
25.522,0,-4.002991966989734,-3.002369091916648,1.2030279296302604,0.005158734901695249
25.522,1,-3.9973825652562502,3.0036794344383506,1.1989887833302852,0.009982080128285203
25.531,0,-4.00300569774802,-3.002393119818688,1.203070847640173,0.005089672942351931
25.531,1,-3.99742010387081,3.003588408239679,1.1989584743662278,0.01056016516288232
25.541,1,-3.9974603211119293,3.0034923156730593,1.1989275507460877,0.011113231670059218
25.541,0,-4.00301459313318,-3.0024179966748488,1.203114619980041,0.005152946821298897
25.551,1,-3.997502947187593,3.003391159639197,1.1988965434101782,0.011643338622271255
25.551,0,-4.003018826858026,-3.0024437914232514,1.203159987948774,0.005320760683602072
25.562,0,-4.003018616128267,-3.0024705597200128,1.2032074526285843,0.005566947382096737
25.562,1,-3.997547714436579,3.00328500128294,1.198865810396134,0.012150295689386269
25.572,0,-4.00301421279447,-3.002498342626961,1.2032573487869178,0.005868277753311905
25.572,1,-3.9975943652988635,3.0031739617209174,1.1988355895100762,0.012632388409707368
25.581,0,-4.003005897420899,-3.002527165541295,1.2033094274536713,0.006086761439163612
25.581,1,-3.9976426580604634,3.003058220653031,1.1988061020987695,0.013082735858612932
25.592,0,-4.002993978328338,-3.0025570362990606,1.2033611699430002,0.006070699909611624
25.592,1,-3.9976923696692586,3.0029380112196913,1.1987778228328911,0.013494522534395991
25.601,0,-4.002978775710186,-3.002587948087629,1.203410163004438,0.005908964935133717
25.601,1,-3.997743292722131,3.0028136136270587,1.198751160613003,0.013869526722491065
25.611,0,-4.002960614371048,-3.0026198808702764,1.2034547839392686,0.005670438572061991
25.611,1,-3.9977952317806125,3.002685346298346,1.1987263792878318,0.014208119324673642
25.622,0,-4.002939820886183,-3.0026528019731997,1.2034939548595076,0.005406809585538333
25.622,1,-3.9978480008169903,3.002553557501247,1.1987036424972413,0.014510002197363089
25.631,0,-4.002916720416251,-3.002686667140289,1.2035271861448846,0.005197921436861669
25.631,1,-3.9979014215435225,3.002418617388344,1.1986832742698958,0.014765737899931613
25.641,0,-4.002891629965998,-3.0027214238477744,1.2035556324348224,0.0051188098901394875
25.641,1,-3.9979553214474075,3.0022809094596496,1.198666640091545,0.01497066267691077
25.652,0,-4.002864851188005,-3.002757016160405,1.2035806937994173,0.005113650083076194
25.652,1,-3.998009528073607,3.0021408303835715,1.1986549867217493,0.015139813371769372
25.661,0,-4.002836660001493,-3.0027933910971347,1.2036033409501836,0.005146541640559674
25.661,1,-3.99806386450212,3.0019987870129947,1.198649117733163,0.015283158831421851
25.671,0,-4.0028072980456475,-3.00283050379936,1.2036242438697242,0.005197678131812177
25.671,1,-3.998118146880975,3.0018551920040775,1.1986495300185813,0.0154063779660704
25.681,0,-4.002776967834002,-3.002868320760852,1.203643759084274,0.005247770916088283
25.681,1,-3.9981721835269064,3.001710460308084,1.1986561691326314,0.015507104981221941
25.691,0,-4.002745834303237,-3.0029068206822553,1.2036618510782475,0.005290503631948582
25.691,1,-3.9982257775911823,3.0015650076285616,1.1986680200136992,0.015574096393640382
25.701,1,-3.998278733811936,3.001419250667071,1.198684195709008,0.015601224638002488
25.702,0,-4.002714034195651,-3.0029459930390274,1.2036784592492016,0.0053292829385956884
25.711,1,-3.998330864846129,3.0012736088333876,1.1987040530574202,0.015585851364324957
25.711,0,-4.002681685886201,-3.002985835967135,1.2036935533759106,0.005366270862732364
25.721,0,-4.002648896745664,-3.0030263544158786,1.203707123426874,0.0054027199570050154
25.721,1,-3.9983819958312297,3.001128504747963,1.1987271202807896,0.015527179111561882
25.731,0,-4.002615768433625,-3.0030675586015483,1.2037191739352373,0.005439334666585148
25.731,1,-3.998431967499565,3.000984363660612,1.1987530417682881,0.015425233616336685
25.741,0,-4.002582400587935,-3.0031094627813975,1.2037298808428476,0.005484274985537991
25.741,1,-3.99848063814997,3.000841612037017,1.1987815599655895,0.015281589625406204
25.751,0,-4.002548894295151,-3.003152083388327,1.2037399703530665,0.005540330798225661
25.752,1,-3.9985278856364572,3.000700673805619,1.1988125314360618,0.015098681103793291
25.761,1,-3.9985736107929952,3.0005619622520587,1.198845842074371,0.014878731759697169
25.762,0,-4.002515356951898,-3.0031954344369036,1.203750075273737,0.0056006175773022845
25.771,0,-4.002481905983012,-3.003239523664658,1.2037606292036331,0.005661249576817773
25.771,1,-3.998617740058575,3.0004258721733312,1.1988813817772292,0.014624678645814
25.781,0,-4.002448670826367,-3.0032843500696544,1.203771927578671,0.0057195771722325615
25.781,1,-3.9986602265514204,3.0002927741260903,1.1989190475203073,0.014340112991883872
25.791,0,-4.002415793359255,-3.0033299021275512,1.203783681798303,0.005746426285916116
25.791,1,-3.998701049673449,3.0001630109743735,1.1989589302047137,0.014043221121676877
25.801,0,-4.002383425084624,-3.0033761576213207,1.2037939000908402,0.005726207306276304
25.801,1,-3.998740212363981,3.000036894178009,1.1990017556611299,0.013753923019473376
25.811,0,-4.002351721154011,-3.0034230892069225,1.2038008428857974,0.005692105219340223
25.811,1,-3.998777737371397,2.9999146913947423,1.1990481390977799,0.013475473189655708
25.821,0,-4.002320834160975,-3.003470668808007,1.2038033520466096,0.005674376046129841
25.821,1,-3.9988136622451553,2.999796617334431,1.199098463387515,0.013212444285783836
25.831,0,-4.002290909375,-3.003518870465032,1.2038006680419837,0.005695670094776711
25.831,1,-3.9988480349491016,2.9996828291848288,1.199152956950922,0.012970151961886592
25.841,0,-4.0022620815329635,-3.003567672401246,1.2037924700443619,0.005759006667476343
25.841,1,-3.9988809105814105,2.9995734243839935,1.1992116453469357,0.012736450650819348
25.851,0,-4.002234475073339,-3.003617058714126,1.2037801706376379,0.005812966292297516
25.851,1,-3.9989123498787857,2.9994684369029887,1.1992735598214772,0.012460688899293864
25.861,0,-4.002208205567021,-3.003667016893496,1.203765618341141,0.005838174229317589
25.861,1,-3.99894241591472,2.999367840983882,1.1993374988259673,0.012152871720184038
25.871,0,-4.002183382671432,-3.003717534611127,1.2037500934351195,0.005836153910160701
25.871,1,-3.9989711715393756,2.9992715554731664,1.1994026170501504,0.01182685597547941
25.881,0,-4.002160113272117,-3.0037685979367126,1.203734471628387,0.00581356003254983
25.881,1,-3.9989986782085984,2.9991794466167994,1.1994683215145627,0.011494206193390906
25.891,0,-4.002138503548568,-3.003820190168391,1.2037193503317412,0.005777471298003474
25.891,1,-3.9990249950661156,2.9990913320221337,1.1995341952233334,0.011164248843266498
25.901,0,-4.002118658975591,-3.003872290672804,1.203704516624725,0.005775343068663283
25.901,1,-3.999050177959803,2.9990069862957576,1.1996001973215595,0.010884945012288112
25.911,0,-4.002100679866227,-3.003924870795544,1.2036875504319222,0.00585235774572709
25.911,1,-3.999074278314272,2.9989261495017137,1.1996672269506834,0.010696951476465029
25.921,0,-4.002084659349002,-3.0039778863173794,1.2036663159391534,0.006012757275408336
25.921,1,-3.9990973439628306,2.9988485328466212,1.199736092398276,0.010586136336704733
25.931,1,-3.9991194191138666,2.998773827683526,1.1998073276598706,0.010541307905552568
25.932,0,-4.002070678163207,-3.0040312694897993,1.2036393881234178,0.006262714809565439
25.941,0,-4.002058800306074,-3.004084924073703,1.2036058328015393,0.006600349191134833
25.941,1,-3.9991405441520733,2.9987017138828738,1.199881276612577,0.010552916823624366
25.951,0,-4.002049071863547,-3.0041387233687304,1.2035657180450714,0.006915732995790985
25.951,1,-3.9991607563446023,2.998631864731539,1.1999571487275027,0.010434677171963001
25.961,0,-4.00204152187399,-3.004192512941061,1.2035209294688214,0.007129369557676527
25.961,1,-3.9991800885139215,2.9985639541892337,1.2000316699781326,0.010101963333635326
25.971,0,-4.002036157742937,-3.0042461192715466,1.2034730682440204,0.007259128982551109
25.971,1,-3.999198559923762,2.998497677784301,1.2001021799028821,0.009631467657591932
25.981,1,-3.9992161707984506,2.9984327637593533,1.2001668952431652,0.009083615692862246
25.981,0,-4.002032965396752,-3.0042993591438183,1.203423239525502,0.007323955113200268
25.992,0,-4.00203191074515,-3.004352047072708,1.203372203531787,0.007340326360186751
25.992,1,-3.9992328995440527,2.9983689792958255,1.200224637007912,0.008504474541773189
26.001,0,-4.002032942450411,-3.00440400037097,1.2033210729174084,0.007219310367405922
26.001,1,-3.999248701599378,2.9983061342123323,1.200274834397369,0.007957308970120616
26.011,0,-4.002035992819241,-3.004455040111806,1.2032722120648438,0.006932993641082191
26.011,1,-3.999263514193391,2.998244081444421,1.200317655398416,0.007471602565769999
26.021,0,-4.002040969288417,-3.004504989503279,1.2032274754311665,0.0065424679636259505
26.021,1,-3.999277270720028,2.9981827134848595,1.2003533404888123,0.007046690225511546
26.031,0,-4.002047750438453,-3.004553671298137,1.2031880977495013,0.006094628560362988
26.031,1,-3.9992899136020403,2.99812195856814,1.2003820928378313,0.006682937654498024
26.041,0,-4.002056184799581,-3.004600906148169,1.2031548823443408,0.005626283534202774
26.041,1,-3.999301403108875,2.9980617770266638,1.2004040920824028,0.006382032452316175
26.051,0,-4.002066091278507,-3.004646511934715,1.2031283304053988,0.0051667764708361475
26.051,1,-3.999311722992524,2.9980021576816633,1.2004195068862666,0.0061450985435271555
26.06,0,-4.002077261099502,-3.004690303706959,1.20310885293972,0.004731434724094429
26.06,1,-3.9993208831437426,2.997943114511426,1.2004287558789453,0.005979225580370251
26.072,0,-4.002089461391505,-3.0047320950475487,1.2030970034246984,0.00435331251254596
26.072,1,-3.9993289167996466,2.9978846866323066,1.200432869481007,0.005865719178464789
26.081,0,-4.002102440005373,-3.0047717025062433,1.2030931664834557,0.0040787490725122085
26.081,1,-3.999335872040625,2.997826943041436,1.2004326931941876,0.005780610800906568
26.091,0,-4.002115930813935,-3.0048089493387047,1.2030975535333803,0.003947036772349865
26.091,1,-3.9993418025548113,2.9977699868260608,1.2004288260834222,0.005708600316371674
26.101,0,-4.00212965850774,-3.004843668222767,1.2031102581119888,0.003980771879875111
26.101,1,-3.999346760672434,2.9977139567412703,1.2004216934516883,0.005639651397394641
26.111,0,-4.002143342942959,-3.0048757060363966,1.2031303155219872,0.004030555695919934
26.111,1,-3.9993507922578293,2.9976590269125483,1.2004117448565512,0.005559245371436502
26.121,0,-4.00215670343842,-3.004904934584859,1.2031534234707504,0.00386770542309174
26.121,1,-3.9993539313413575,2.997605403361952,1.200399833090943,0.005451263804514733
26.131,0,-4.002169460234069,-3.00493124872586,1.203175841823357,0.003509862738667578
26.131,1,-3.999356193275144,2.997553314109269,1.2003866697698227,0.005312768111371613
26.141,0,-4.002181334356426,-3.0049545714804053,1.203195035420416,0.003013695927442867
26.141,1,-3.9993575687376315,2.997502999332985,1.2003727492598502,0.0051441605350923
26.151,0,-4.002192048110011,-3.0049748590485392,1.2032093034686833,0.002443099955918123
26.151,1,-3.9993580203175245,2.997454703555769,1.2003584145942294,0.00494739595380574
26.161,0,-4.002201326064183,-3.004992103306656,1.2032175212827223,0.0018789467113366906
26.161,1,-3.999357481247462,2.9974086694818256,1.2003439030875456,0.004725225703566165
26.171,0,-4.002208896395973,-3.0050063323692835,1.2032189376283826,0.0014650726217652903
26.171,1,-3.9993558559722353,2.997365132738533,1.2003291890076,0.004497718609634107
26.181,0,-4.002214493059285,-3.0050176069340226,1.2032129807294374,0.001445922363460033
26.181,1,-3.999353023385815,2.9973243165175614,1.2003135598767203,0.004287331144555978
26.192,0,-4.002217859265648,-3.00502600704825,1.2031992892110372,0.001879347122121162
26.192,1,-3.999348842007137,2.9972864293567514,1.2002963858485627,0.0040994972012974576
26.201,1,-3.999343156048307,2.9972516624107035,1.2002772518850846,0.003943160854868529
26.202,0,-4.002218751042297,-3.0050316182247316,1.2031776774291827,0.002558165475802631
26.21,0,-4.002216939861306,-3.0050345214005776,1.2031480770045682,0.0033383673846555688
26.21,1,-3.999335800630096,2.997220187295052,1.200255891327962,0.003828721800850966
26.221,0,-4.002212213785292,-3.0050347854407673,1.2031107052062688,0.004085064404813307
26.221,1,-3.9993266057522923,2.9971921554127987,1.2002323006597169,0.003727387842815018
26.228,0,-4.002204375151823,-3.0050324576841065,1.2030678011020837,0.004565304073395227
26.228,1,-3.9993153983264214,2.9971677031964044,1.2002080532597563,0.0035232084203200725
26.241,0,-4.002193257452563,-3.005027564356405,1.2030220287370823,0.004854678695303397
26.241,1,-3.9993020142793254,2.997146952407567,1.2001850603266146,0.0032486325117103824
26.251,0,-4.002178744192783,-3.005020111054856,1.20297523618396,0.005027277879282618
26.251,1,-3.999286311827443,2.9971300124975904,1.20016462486141,0.0029560447931530564
26.261,0,-4.002160778020369,-3.0050100808769846,1.2029286940621322,0.00513511691892765
26.261,1,-3.9992681791703637,2.997116985488349,1.2001476185778615,0.0027026402879878385
26.271,0,-4.002139366011102,-3.0049974348332875,1.2028829992695693,0.0052833054950039565
26.271,1,-3.999247539766243,2.9971079682515462,1.2001343425579891,0.0025831177651441098
26.281,0,-4.0021145790244566,-3.0049821164891948,1.2028371916455511,0.0055656347801917045
26.281,1,-3.9992243570533237,2.99710304968429,1.200123622002226,0.0026464055336891724
26.292,0,-4.002086527236263,-3.004964053718632,1.2027902171600071,0.0059329390995821575
26.292,1,-3.9991986308928005,2.9971023144872766,1.2001142311254407,0.002837348084842968
26.301,0,-4.002055337187137,-3.004943163578154,1.2027413774496878,0.006352303500771931
26.302,1,-3.999170395055847,2.9971058424634,1.2001053262444195,0.0031143140047291185
26.311,0,-4.0020211361828615,-3.0049193575530952,1.202690218841986,0.006803405221256524
26.311,1,-3.9991397153818573,2.997113706203483,1.2000963268779303,0.0034482964672721446
26.322,0,-4.001984041174982,-3.0048925456844757,1.2026364552010052,0.007273787592085135
26.322,1,-3.9991066872937666,2.9971259694676564,1.2000868352356227,0.0038195206922563936
26.331,0,-4.0019441505960405,-3.0048626390328224,1.2025801284616087,0.007704338731516967
26.331,1,-3.9990714328870087,2.9971426861601813,1.2000765997970417,0.004212829387554541
26.341,0,-4.001901537479711,-3.0048295468193253,1.2025227550855648,0.008000593609792541
26.341,1,-3.9990340970739715,2.997163898421204,1.2000655868542796,0.0046156666829016615
26.351,0,-4.001856256016365,-3.0047931767195895,1.2024659730213532,0.008214726291574005
26.351,1,-3.998994842144135,2.9971896284204957,1.2000538366008513,0.005022070401710078
26.362,0,-4.0018083481667475,-3.00475343202965,1.2024109007173658,0.00838858790916001
26.362,1,-3.998953841744192,2.9972198699348676,1.200041386131573,0.0054271704433210815
26.371,0,-4.001757847188456,-3.0047102081083876,1.2023582948526839,0.008551660508966394
26.371,1,-3.998911275774952,2.997254583376239,1.2000282694526072,0.005826678703381219
26.381,0,-4.001704782305925,-3.004663393208844,1.202308011138509,0.008819872552509274
26.381,1,-3.998867326537289,2.997293692737588,1.2000143686807665,0.0062256249105375324
26.391,0,-4.001649187620633,-3.004612880773567,1.2022575518277827,0.00925635194547611
26.391,1,-3.9988221762227556,2.997337084470166,1.19999906032551,0.006627828740170412
26.401,0,-4.00159110494299,-3.0045585809195376,1.20220469282916,0.009799155554077366
26.401,1,-3.998776004449627,2.9973846138185682,1.1999818031142853,0.007026851684835098
26.41,0,-4.00153059145466,-3.0045004386426593,1.20214793720817,0.010410783269744813
26.41,1,-3.9987289871268863,2.997436109828661,1.1999622357171713,0.007418094733258521
26.421,0,-4.001467725977628,-3.0044384476880053,1.2020862920554802,0.011065525236039538
26.421,1,-3.998681295617321,2.9974913794944458,1.199940121390806,0.007797975333059775
26.431,0,-4.0014026123730035,-3.0043726583966013,1.2020191809277336,0.011730848301040948
26.431,1,-3.9986330959981307,2.9975502115046906,1.199915269118335,0.008167812873535492
26.441,0,-4.001335379625843,-3.0043031766441226,1.2019467186171966,0.012365609995793761
26.441,1,-3.998584548577793,2.9976123812546023,1.199887286666598,0.008534745168666471
26.451,0,-4.00126618027037,-3.004230151528225,1.2018692216843245,0.01296747225903645
26.451,1,-3.9985358076347324,2.997677664370667,1.1998558157114687,0.008896643761194555
26.461,0,-4.001195186629313,-3.0041537578080875,1.201786949741363,0.0135372035129495
26.461,1,-3.9984870214570614,2.9977458504405954,1.1998206327606655,0.009252517656114342
26.472,0,-4.001122586639529,-3.0040741811952967,1.2017001160730258,0.014075865455492212
26.472,1,-3.9984383323700583,2.997816752350601,1.199781605106368,0.00960246030983799
26.481,0,-4.001048580138046,-3.003991607453273,1.2016089047578975,0.014584325791088293
26.481,1,-3.998389876692947,2.9978902123632367,1.1997386646248753,0.00994697960547295
26.491,0,-4.000973375017433,-3.0039062133279044,1.2015139409854698,0.014977352065360685
26.491,1,-3.998341784826965,2.9979661065528336,1.1996921793180406,0.01022779230110733
26.501,0,-4.0008971839079255,-3.0038181617302033,1.2014179896105257,0.015151156838663348
26.501,1,-3.998294183201956,2.9980443500944447,1.1996450959706089,0.010333757061969501
26.511,1,-3.9982471975999676,2.9981248848538775,1.1996005003231742,0.010326030865319637
26.512,0,-4.0008202293553845,-3.003727623842813,1.2013236445016595,0.01517150470863894
26.522,0,-4.000742746505314,-3.0036347976260824,1.2012326718043453,0.015086950622341526
26.522,1,-3.998200956797023,2.9982076687572716,1.1995604724910767,0.010263023700806154
26.532,0,-4.000664983315378,-3.0035399179601048,1.2011462663686536,0.014930446146175879
26.532,1,-3.9981555952490146,2.998292670224742,1.199526389876529,0.010189022775981266
26.541,0,-4.000587199726655,-3.0034432629160093,1.2010647613691174,0.014795570776770586
26.542,1,-3.9981112546271733,2.9983798637998325,1.1994991866263482,0.010131767105841339
26.551,0,-4.000509664112413,-3.0033451555834745,1.2009860623541817,0.014770531628991833
26.551,1,-3.9980680861061617,2.9984692257305348,1.199479740231329,0.01011024145241526
26.561,0,-4.000432645470145,-3.0032459499173125,1.2009080411063622,0.014803636281120726
26.561,1,-3.998026256130575,2.9985607244256887,1.1994687113441824,0.010145284753760793
26.571,0,-4.000356406410072,-3.00314601884824,1.2008292410638932,0.014863318086662827
26.571,1,-3.9979859523764603,2.998654311228923,1.1994664903029892,0.010246911558448164
26.581,0,-4.000281197839575,-3.0030457455488815,1.2007486768997169,0.014930885726090913
26.581,1,-3.9979473870067768,2.998749914616162,1.199473272198867,0.010416303604083408
26.592,0,-4.0002072560577115,-3.0029455164329932,1.200666423471999,0.014895986884983491
26.592,1,-3.9979107961197893,2.9988474360536936,1.1994885270096032,0.010620195630297305
26.601,0,-4.000134802452445,-3.002845718649966,1.200584535382163,0.014708332764412597
26.601,1,-3.9978764322058815,2.998946750528114,1.1995096290846963,0.010795405395514731
26.611,0,-4.000064040593316,-3.0027467417838065,1.2005047425127613,0.014405897840579112
26.611,1,-3.997844556984068,2.9990477245107154,1.199534262695626,0.010928101722513303
26.621,0,-3.9999951558271216,-3.002648978644626,1.2004282216020488,0.014016729210909865
26.621,1,-3.997815431051931,2.999150229614085,1.199560818491935,0.011022020044382309
26.631,0,-3.9999283156270815,-3.0025528249405293,1.2003557649654557,0.013560831591400705
26.631,1,-3.997789305030038,2.999254151288634,1.1995881713296042,0.011086707341675354
26.642,0,-3.9998636700695154,-3.002458678284801,1.200287896856641,0.013052385303117487
26.642,1,-3.997766413048063,2.9993593946872905,1.199615540102057,0.011132853648690823
26.652,0,-3.9998013519472218,-3.0023669360770646,1.2002247899129583,0.012522577102744193
26.652,1,-3.9977469706500024,2.9994658889946852,1.199643074366294,0.011215365042577844
26.661,0,-3.9997414745140043,-3.0022779869524343,1.2001659408965972,0.011992445044978723
26.661,1,-3.9977311785669443,2.999573586345294,1.1996734124411867,0.011383112484367592
26.671,0,-3.999684127696928,-3.0021921940977827,1.2001108518722117,0.011455598026594504
26.671,1,-3.997719212929446,2.999682443508635,1.199708900535538,0.011632649990651386
26.681,0,-3.999629373611238,-3.0021098786791844,1.200059156560641,0.010910156628919712
26.681,1,-3.997711223688331,2.9997924067420323,1.1997511119827764,0.0119630857824171
26.691,0,-3.999577243927388,-3.0020313085113113,1.2000105854293095,0.010357286921129706
26.691,1,-3.99770733602438,2.9999034020123663,1.1998010794705123,0.012370019196762378
26.701,0,-3.99952773816814,-3.0019566901206396,1.199964629231705,0.009846492728837667
26.701,1,-3.997707649434942,3.0000153284413624,1.1998589137060147,0.012775162154121557
26.711,0,-3.999480820141823,-3.0018861591765877,1.19991880991965,0.009475025922633645
26.711,1,-3.9977122315932143,3.0001280569153526,1.1999226286896247,0.013095948443764308
26.721,0,-3.999436426528488,-3.0018197907647854,1.1998705764565865,0.009229309107457237
26.721,1,-3.9977211231197427,3.000241440163533,1.1999903892730737,0.013347745122407446
26.731,0,-3.9993944737223175,-3.0017576088049007,1.19981819419588,0.009105267630357624
26.731,1,-3.9977343352772166,3.000355321579016,1.200060917944536,0.013546601383666295
26.741,0,-3.999354861256452,-3.0016995910513304,1.1997604969586881,0.00910123166224197
26.741,1,-3.9977518473579767,3.0004695415695237,1.2001333260146891,0.013706286156181545
26.751,0,-3.9993174755785175,-3.0016456754905185,1.1996970412305898,0.009142663322801683
26.751,1,-3.9977736040968987,3.0005839422557106,1.2002065767738885,0.01377155377555299
26.761,0,-3.9992821930806595,-3.0015957708470244,1.1996291943156903,0.009116086385797867
26.761,1,-3.9977995097885612,3.0006983699027527,1.2002778636125875,0.013675161981188242
26.771,0,-3.999248870941193,-3.001549757201526,1.1995584139405164,0.009039082145744436
26.771,1,-3.9978294394240215,3.0008126745805024,1.2003446498538943,0.013480567959609663
26.781,0,-3.9992173406235647,-3.001507491722736,1.199485722663378,0.008930017110553171
26.781,1,-3.9978632438933106,3.000926708079904,1.200405227039428,0.013237855285138848
26.791,1,-3.9979007519605254,3.0010403224314484,1.2004584633044413,0.012983177161225117
26.791,0,-3.999187405574547,-3.0014688159336624,1.1994118346205662,0.008803623134268914
26.801,0,-3.9991588409821106,-3.001433561613877,1.1993372504463669,0.008670755509848044
26.801,1,-3.997941772691401,3.0011533691730206,1.20050362384503,0.012741424772371527
26.81,0,-3.9991313949237752,-3.0014015547935857,1.1992620954880469,0.00859767998725321
26.81,1,-3.9979860994901704,3.001265698886071,1.20054064857103,0.012560496706481745
26.821,0,-3.999104792130813,-3.001372616135718,1.1991853395691838,0.008664312969886926
26.821,1,-3.998033517871833,3.001377160984867,1.200571543570982,0.01246237130544222
26.831,0,-3.9990787454241223,-3.00134656452145,1.199105958259265,0.0088373977735865
26.831,1,-3.998083802748722,3.0014876084909368,1.200598320609957,0.012403873808378945
26.842,0,-3.999052966373599,-3.0013232170247557,1.1990232734758706,0.009090124943072753
26.842,1,-3.998136721362268,3.001596902668054,1.2006223828485751,0.012361051074933075
26.852,0,-3.9990271731919593,-3.001302388142721,1.198936849215655,0.00940093890731988
26.852,1,-3.9981920381044085,3.001704916023537,1.2006447038629753,0.012321311791235369
26.861,0,-3.999001096698798,-3.0012838896574503,1.1988463901931978,0.009761224215528969
26.861,1,-3.998249517694958,3.0018115346744967,1.20066566627311,0.01226342985357846
26.871,0,-3.9989744856094918,-3.001267530127106,1.1987515950074283,0.010166962571413763
26.871,1,-3.9983089267166054,3.0019166603925997,1.2006840579236262,0.012171447078628337
26.882,0,-3.998947112580177,-3.001253113300437,1.1986522504669515,0.010604036258485603
26.882,1,-3.9983700416743484,3.0020202065536825,1.200698625420823,0.012062630082609122
26.891,0,-3.998918779185263,-3.001240436456187,1.1985482436271124,0.011061200231344711
26.892,1,-3.998432653568413,3.0021220947587812,1.2007085433660276,0.011950753970110084
26.901,0,-3.9988893188837698,-3.0012292897439283,1.1984395294054742,0.011530642114569657
26.901,1,-3.998496569928525,3.0022222529445517,1.2007132829227725,0.01184560624457671
26.911,1,-3.998561616008701,3.002320614037941,1.200712515647305,0.011753811416626507
26.912,0,-3.998858598385635,-3.0012194563811607,1.1983261070865179,0.012006479060762148
26.922,0,-3.998826517108524,-3.001210713944355,1.1982084758432325,0.012364349107412504
26.922,1,-3.9986276358396484,3.0024171142631246,1.200706465439918,0.011671596741830015
26.931,0,-3.9987930037481636,-3.001202837807141,1.1980887265724138,0.012512568817561078
26.931,1,-3.9986944950629972,3.0025116907456977,1.2006968377769052,0.011580437783328148
26.941,1,-3.998762084833935,3.0026042843535405,1.200685148170286,0.011474675900285749
26.942,0,-3.9987580146319033,-3.0011956049604724,1.1979686747669533,0.012519093995296904
26.952,0,-3.998721529707244,-3.0011887999803437,1.197849554437134,0.012431055654880037
26.952,1,-3.998830326800042,3.002694840319051,1.2006724385989977,0.011355643621658284
26.961,0,-3.998683548376827,-3.0011822198711506,1.1977321963635006,0.012281451794053709
26.961,1,-3.998899175943725,3.0027833080817925,1.2006594209933223,0.01122720538428866
26.971,0,-3.9986440866228072,-3.0011756773600666,1.1976167153827437,0.01220208128052214
26.971,1,-3.9989686214541815,3.0028696405688886,1.2006469064292487,0.011084045042961458
26.981,0,-3.9986031767142887,-3.0011690010690684,1.1975015700911376,0.012287492392258629
26.981,1,-3.999038684268976,3.0029537944456677,1.200636655669153,0.010928164886582986
26.991,0,-3.998560865514627,-3.0011620299954918,1.1973853455000785,0.012484368818015776
26.991,1,-3.9991094075214653,3.0030357388385114,1.2006301205332088,0.010779122667383482
27.002,0,-3.9985172151823467,-3.001154607326324,1.197267076529733,0.012755499046230323
27.002,1,-3.999180847313719,3.003115461475201,1.2006282640812824,0.0106536195740759
27.012,0,-3.9984723036389664,-3.001146576241713,1.1971461115854303,0.013075518880331646
27.012,1,-3.9992530657064527,3.003192971945457,1.2006317106469873,0.010564111283180085
27.021,0,-3.9984262238738513,-3.0011377771608303,1.1970223344448496,0.013329297279824879
27.021,1,-3.999326125081368,3.003268303977894,1.200640512122384,0.010507078273789827
27.03,0,-3.9983790812730935,-3.001128049156602,1.1968978619555528,0.013326285684596014
27.03,1,-3.9994000808533885,3.003341517960972,1.2006523457209963,0.010444964251887255
27.037,0,-3.998330995582579,-3.0011172501406396,1.1967750030001734,0.013143472484692264
27.037,1,-3.9994749743578253,3.003412688701515,1.2006646711241915,0.01037106297847231
27.048,0,-3.9982821008794867,-3.001105279737134,1.1966552984227932,0.012843296998419308
27.048,1,-3.999550825191311,3.003481894356613,1.200675740175939,0.010291897837592103
27.061,0,-3.998232543586662,-3.0010920940920656,1.1965397474209358,0.012468943984999314
27.061,1,-3.9996276255358914,3.0035492101877086,1.200684364715799,0.010215681673210129
27.071,0,-3.998182480270657,-3.0010777142519074,1.196428978663111,0.012048850322801561
27.071,1,-3.999705337165528,3.0036147041668384,1.2006897466046023,0.010148585188034081
27.081,1,-3.9997838905559897,3.003678434076642,1.2006913562202866,0.01009403462060661
27.082,0,-3.9981320755572707,-3.001062229626622,1.1963232940577329,0.01161912670807614
27.09,1,-3.999863188766448,3.0037404460397714,1.2006888451248892,0.01005368259007224
27.091,0,-3.9980815020010034,-3.0010457928875147,1.1962225785656764,0.011203465663748888
27.101,0,-3.998030943790294,-3.001028601124977,1.1961266445755916,0.010798026309750491
27.101,1,-3.9999431192913537,3.003800774467675,1.2006819972665885,0.010028379312603128
27.111,0,-3.9979806003452256,-3.001010876482389,1.196035315683266,0.010399263480744393
27.111,1,-4.000023565990655,3.0038594426470113,1.2006706919663512,0.010018459404046385
27.121,0,-3.9979306879867473,-3.000992851242854,1.1959484261904962,0.010003597809528393
27.121,1,-4.000104417915424,3.003916463583921,1.2006548745539922,0.010024032092665999
27.131,0,-3.997881440367584,-3.0009747565873517,1.1958661839852995,0.00951839018269456
27.131,1,-4.0001855754492395,3.0039718411201553,1.2006344786818097,0.010048769205093542
27.141,0,-3.997833107992598,-3.0009568124588952,1.195790506728948,0.008839026119336919
27.141,1,-4.000266951938289,3.004025571952107,1.2006092114337312,0.010099874730337932
27.151,0,-3.997785952193954,-3.0009392139114888,1.195723191026642,0.008038506229002134
27.151,1,-4.000348467594261,3.0040776484869767,1.200578814363956,0.010177911383805385
27.161,0,-3.9977402385708025,-3.0009221184696404,1.1956653876986054,0.007174679762136625
27.161,1,-4.000430041892414,3.004128062048562,1.200543135401691,0.010281764534256712
27.171,1,-4.000511588232386,3.0041768054130125,1.2005020935093504,0.010409573027908538
27.171,0,-3.997696231923607,-3.0009056381659747,1.1956178082259576,0.006293261176034796
27.181,0,-3.9976541914050263,-3.000889835108816,1.1955804859982275,0.005512306950996029
27.181,1,-4.000593010545993,3.0042238745061054,1.2004557258033774,0.010548187579128256
27.191,0,-3.9976143612257307,-3.0008747202905726,1.1955507641892302,0.004963015124984863
27.191,1,-4.000674202409042,3.004269270019668,1.200404566985058,0.01067066436401825
27.201,0,-3.9975769670200036,-3.0008602632240353,1.1955257176111642,0.004549918524099974
27.201,1,-4.000755051005659,3.0043130033532472,1.2003492045459678,0.010778500254559457
27.21,0,-3.9975422109667513,-3.0008464032388247,1.1955033065608343,0.0042169411587026995
27.21,1,-4.0008354425890404,3.004355102288738,1.200290063494589,0.010875027223322193
27.221,0,-3.9975102666235265,-3.000833058010927,1.1954821140476648,0.00393727520673973
27.221,1,-4.000915266675395,3.004395614176027,1.2002274524446641,0.010963937927988372
27.231,0,-3.9974812758230587,-3.0008201303538136,1.195461156773508,0.003701548033384448
27.231,1,-4.000994419047122,3.00443460748058,1.2001615995166497,0.01104812670099915
27.241,0,-3.997455346570747,-3.0008075134851118,1.1954395746179212,0.0035412919581662206
27.241,1,-4.0010728036381575,3.0044721718574574,1.200092832974047,0.011101586128533661
27.251,0,-3.9974325501656813,-3.000795093649968,1.195415903098257,0.003514476493937928
27.252,1,-4.001150331536716,3.0045084163951494,1.200022170172291,0.011087331626638037
27.261,1,-4.001226915768148,3.0045434680047,1.1999505593844904,0.011022746507430547
27.261,0,-3.9974129226883104,-3.0007827482815834,1.1953888793009335,0.00362384763651277
27.272,0,-3.9973964654548966,-3.0007703430843238,1.1953576470977767,0.0038614548514199695
27.272,1,-4.001302465262309,3.0045774683330784,1.1998786617937196,0.010921314408573496
27.282,0,-3.9973831456215834,-3.000757730548566,1.195321631739768,0.004208037743892613
27.282,1,-4.001376880675689,3.0046105704795982,1.1998069376869613,0.010792771846647226
27.291,0,-3.997372901965247,-3.000744749138646,1.195281910331248,0.004277357674831089
27.291,1,-4.001450051732366,3.0046429358694238,1.1997359388470656,0.010602866963357127
27.302,0,-3.9973656510801487,-3.0007312261331425,1.1952445981859976,0.0037678308472179293
27.302,1,-4.001521858313416,3.0046747293343006,1.1996668945778861,0.010326431341059776
27.311,0,-3.9973612528662748,-3.000716995125966,1.1952150333216096,0.002907605162559605
27.311,1,-4.001592180443427,3.0047061111216102,1.1996008294708,0.009992082907114517
27.321,0,-3.9973594931870626,-3.000701912705438,1.1951967931515957,0.001985811541951615
27.321,1,-4.001660907678194,3.0047372288010576,1.1995384347020752,0.00962124463528284
27.332,0,-3.997360078157486,-3.0006858694901313,1.1951922264679835,0.0016698581179098494
27.332,1,-4.001727945473708,3.004768211541969,1.1994801687302616,0.009229855183435475
27.341,0,-3.997362633153461,-3.00066879712682,1.1952025031999551,0.0024554220864461524
27.342,1,-4.001793219334205,3.0047991665014075,1.1994263021330225,0.008834007098830001
27.351,0,-3.997366710396361,-3.0006506705334415,1.195227096140511,0.0036288954069382123
27.351,1,-4.001856677664009,3.0048301762793317,1.1993769015799531,0.008445541995735278
27.361,0,-3.997371813760841,-3.0006315012780584,1.195265271015253,0.00485813104496445
27.361,1,-4.001918293781008,3.004861296486931,1.199331963599713,0.008068798966821585
27.371,0,-3.997377421473827,-3.000611330530318,1.1953164354685193,0.0060747839937362645
27.371,1,-4.001978066901563,3.0048925544498464,1.1992914593096071,0.007707080931470758
27.382,0,-3.997383003443692,-3.0005902232992954,1.1953800933384975,0.007262249090264322
27.382,1,-4.0020360219917785,3.0049239492289557,1.1992553414668166,0.007363484796446053
27.391,0,-3.997388034698653,-3.0005682634758744,1.1954558186568032,0.008418980673551386
27.391,1,-4.002092208711311,3.0049554526480025,1.1992235511800005,0.0070403573250707235
27.401,0,-3.997392006857407,-3.0005455501185376,1.1955423427992584,0.009335745159794162
27.401,1,-4.002146699565189,3.004987011233629,1.1991960622489812,0.006736138811551608
27.412,0,-3.997394439485681,-3.0005221921839986,1.1956363071840128,0.009931967756979776
27.412,1,-4.002199585756398,3.005018552453902,1.1991729428318274,0.006452806327735606
27.421,0,-3.9973948851178465,-3.000498297451332,1.1957349856837243,0.01030706954587852
27.421,1,-4.002250970044356,3.005049997545756,1.1991542339713372,0.0061957448262213825
27.428,0,-3.9973929334240936,-3.0004739650732386,1.195836488046884,0.010529725808036877
27.428,1,-4.002300960038993,3.005081273116729,1.1991399377671152,0.005969658983699254
27.442,0,-3.997388214279133,-3.000449280792685,1.1959394820027989,0.010648290792183386
27.442,1,-4.002349663154726,3.005112319297644,1.1991300231157354,0.005778191740141225
27.451,1,-4.002397183500257,3.005143095268587,1.1991238712134409,0.005637531252269268
27.452,0,-3.997380399579101,-3.0004243139487623,1.196042965496697,0.01068060431560889
27.462,0,-3.9973692058338437,-3.0003991185374006,1.1961459121543312,0.010629613864884714
27.462,1,-4.002443622559107,3.005173580893766,1.1991181911591733,0.00554705604834443
27.471,0,-3.997354397248301,-3.0003737421090615,1.1962475095055294,0.010527501567926237
27.471,1,-4.002489078476396,3.0052037696940994,1.199109889765066,0.005508880289455233
27.481,0,-3.997335788773616,-3.000348235633065,1.196347191203013,0.010396167985296407
27.481,1,-4.002533648843183,3.0052336609635395,1.1990968833193345,0.005551009312800111
27.491,1,-4.002577433509978,3.005263254275941,1.1990777830536252,0.0056977295012061065
27.492,0,-3.9973132472920296,-3.0003226603014816,1.1964445579201977,0.010251207553438632
27.501,0,-3.9972866900716544,-3.0002970917372553,1.1965394972919388,0.010153921972812356
27.501,1,-4.002620535939568,3.0052925456033903,1.1990520811568208,0.005906707239683216
27.511,1,-4.0026630626984625,3.0053215257305377,1.1990209514957948,0.00610223216955642
27.511,0,-3.9972560780999555,-3.0002716203098068,1.1966330627927815,0.010200530089256097
27.521,0,-3.9972214136323108,-3.00024634300699,1.1967264220974188,0.010348343121118432
27.521,1,-4.0027051221080585,3.0053501827896416,1.198985547954491,0.006277945478349922
27.531,0,-3.9971827342392103,-3.000221352930102,1.1968203588974928,0.010563389360922206
27.531,1,-4.002746821502714,3.0053785049639483,1.1989466733755059,0.0064360844134846605
27.541,0,-3.9971401053634605,-3.000196731587374,1.1969153893405424,0.010822070649897585
27.541,1,-4.002788264887745,3.005406482353087,1.1989048870764225,0.006581156473994596
27.551,0,-3.9970936140850837,-3.000172543736814,1.1970118460235464,0.011108266438513537
27.551,1,-4.002829551227808,3.0054341082360208,1.198860579507506,0.0067175962331679955
27.561,0,-3.997043364523049,-3.0001488342893627,1.1971098149772885,0.011382853407885312
27.561,1,-4.0028707733427105,3.00546137969117,1.1988144697273668,0.006767404346378076
27.571,0,-3.99698947656094,-3.000125630530198,1.1972088907278557,0.01161767070447857
27.571,1,-4.002912019697654,3.005488297162119,1.1987686933778354,0.006671171675667774
27.581,0,-3.9969320862030195,-3.000102953947095,1.1973086750470532,0.011822804948220172
27.581,1,-4.0029533813527,3.005514863673206,1.1987250551758524,0.006483646961211073
27.591,0,-3.996871347710532,-3.0000808319394148,1.1974088746752005,0.012004333334873305
27.591,1,-4.002994958483502,3.0055410834250527,1.198684756427367,0.006248623771495821
27.601,0,-3.9968074346287175,-3.00005930575177,1.197509272694421,0.012166128249011577
27.601,1,-4.003036864516716,3.005566960620924,1.1986485822578825,0.006000046466640644
27.611,0,-3.9967405396117135,-3.000038435301786,1.1976097156717307,0.012311958291980904
27.611,1,-4.003079227889657,3.0055924988501355,1.1986163890138137,0.0058530749696128394
27.622,0,-3.9966708727999873,-3.0000182971102807,1.1977101247020914,0.012444606695947694
27.622,1,-4.00312218834759,3.0056177011787053,1.198585686354402,0.005868929869409643
27.631,0,-3.9965986586905227,-2.999998970819995,1.1978104397349434,0.01256261175218423
27.631,1,-4.003165887860048,3.0056425695166107,1.1985542369212605,0.005995347781939368
27.641,1,-4.003210460884283,3.005667104816739,1.198520501196253,0.0062062028178442915
27.641,0,-3.9965241325177825,-2.9999805253773357,1.1979106009030598,0.012665007402244832
27.651,0,-3.9964475367098315,-2.999963009372531,1.1980105511936057,0.012751333016828147
27.651,1,-4.003256027161177,3.005691307452497,1.1984834155621287,0.006485056609768979
27.661,0,-3.996369117662075,-2.9999464448792237,1.1981102367270753,0.012821322138371867
27.661,1,-4.003302686879103,3.005715177543985,1.198442256696027,0.00681889212503257
27.671,0,-3.9962891236596936,-2.9999308236239113,1.198209131446308,0.012777696297290137
27.672,1,-4.003350518047742,3.0057387151991315,1.1983967833043567,0.007148920080903811
27.681,0,-3.9962078047162484,-2.999916106008639,1.1983051154721116,0.012553336891198906
27.681,1,-4.003399576300013,3.005761921957257,1.1983480661684862,0.007400682197855916
27.691,0,-3.9961254099430876,-2.9999022273922975,1.198396368193818,0.0122125853366257
27.691,1,-4.003449893376096,3.00578480667481,1.1982972120682653,0.007594222859307477
27.701,1,-4.003501477521713,3.0058073911673193,1.1982449755139144,0.007746802361199022
27.702,0,-3.9960421882938597,-2.9998891036322703,1.1984816732464167,0.01180075207296351
27.71,1,-4.0035543149645445,3.005829713702921,1.1981918677601746,0.007870938651479318
27.711,0,-3.995958389309343,-2.999876635322975,1.1985602322783815,0.01134991193719013
27.721,0,-3.995874262911601,-2.999864711710085,1.1986320112667008,0.010961742291528053
27.721,1,-4.003608371543678,3.0058518307217508,1.1981381156027369,0.007996377897877488
27.731,0,-3.995790057963205,-2.9998532158273137,1.1986987684937747,0.010695050926723319
27.731,1,-4.0036635958665086,3.005873812415471,1.1980834370842908,0.008144379355749484
27.742,0,-3.9957060195368554,-2.9998420309570863,1.198762118167186,0.010500413746994548
27.742,1,-4.003719926635509,3.0058957271246336,1.1980275428640095,0.00830642197145915
27.751,0,-3.995622384870171,-2.999831047573804,1.1988231840648582,0.010347362142161785
27.751,1,-4.003777299119557,3.005917626215806,1.1979702361668398,0.008476635445665896
27.762,0,-3.9955393800924845,-2.999820168459783,1.198882748528661,0.010216853493902146
27.762,1,-4.0038356497864225,3.0059395339477715,1.197911383869777,0.0086508655567559
27.771,1,-4.003894919661283,3.005961441344043,1.1978509623417462,0.008809532145179965
27.772,0,-3.995457217986836,-2.9998093120124163,1.1989414771872942,0.010120337621874238
27.782,0,-3.9953760981212683,-2.9997984128958586,1.1990006759534806,0.010095060846415461
27.782,1,-4.003955055387393,3.0059833047302003,1.1977895846847608,0.008904482339875968
27.791,0,-3.9952962096214675,-2.99978741762483,1.199061574543163,0.010120501023368774
27.791,1,-4.004016001571356,3.0060050536943033,1.1977280017463174,0.00895022515295482
27.801,0,-3.9952177349218787,-2.9997762788347093,1.199125000173238,0.010182083966357777
27.801,1,-4.004077690739164,3.0060266029930554,1.1976667222750026,0.008960405528031594
27.811,0,-3.99514085261584,-2.9997649509845634,1.1991915005389688,0.01027018936096449
27.811,1,-4.004140036747585,3.0060478621738547,1.1976060833324265,0.008943980512402486
27.821,0,-3.9950657391996476,-2.999753387341359,1.1992614293233717,0.010378082388461341
27.821,1,-4.004202930970076,3.0060687428749446,1.1975463029145186,0.0089065329494166
27.829,0,-3.994992569867901,-2.9997415380072336,1.1993349614636284,0.010489102363757342
27.829,1,-4.0042662405021,3.0060891642081407,1.1974873215150947,0.008889128625913081
27.839,0,-3.994921516022114,-2.999729347899633,1.1994117487965925,0.010563910616137229
27.839,1,-4.004329807452309,3.0061090559553927,1.1974281095585246,0.008938927951231662
27.851,0,-3.994852735769436,-2.999716751202394,1.1994912893130167,0.010609645997995826
27.851,1,-4.004393449159111,3.006128357355352,1.1973676650524148,0.009031160095142966
27.866,0,-3.994786361869557,-2.999703665202279,1.1995732135380854,0.010635325923853729
27.866,1,-4.004456958622146,3.006147015052918,1.1973053042680464,0.009148946324858282
27.867,1,-4.00452010581689,3.0061649816639635,1.1972405632193261,0.009280983139679568
27.871,0,-3.9947224929147986,-2.99968998660102,1.199657247274629,0.010649398129241344
27.882,0,-3.9946611871542266,-2.9996755902473566,1.1997428589048285,0.010580581078530646
27.882,1,-4.004582639675287,3.006182214362965,1.197173596863032,0.009308953347125904
27.891,0,-3.9946024584219932,-2.999660336129139,1.1998280296058672,0.010334818937666647
27.891,1,-4.0046442903039905,3.006198671962528,1.197107714280519,0.009018733926075682
27.902,0,-3.994546286156678,-2.9996440905772133,1.1999108794919762,0.009967360629344316
27.902,1,-4.004704780986316,3.0062143159440176,1.1970464483839083,0.008505941488476536
27.912,0,-3.9944926241812913,-2.999626748896145,1.1999901285975563,0.00952065576810308
27.912,1,-4.004763842022762,3.0062291106958674,1.1969921727079311,0.007858235672903644
27.922,0,-3.9944414064696323,-2.999608251003065,1.2000649111588777,0.009025057890150808
27.922,1,-4.004821220340147,3.0062430227633556,1.1969464504490528,0.007146544390572985
27.931,1,-4.004876686602424,3.006256020490849,1.1969100330093205,0.006468217369896781
27.932,0,-3.994392552695831,-2.9995885904375146,1.200134985508045,0.008580821273911098
27.941,0,-3.994345976485926,-2.9995678138988104,1.2002018925215263,0.008295552293854433
27.941,1,-4.004930041001715,3.0062680699479083,1.196882088736424,0.005893339547028303
27.951,0,-3.9943015901780745,-2.9995460107359047,1.2002671991542253,0.008120860765787373
27.951,1,-4.0049811112673925,3.0062791170014145,1.196861613764248,0.0053965238652644324
27.961,1,-4.005029750653073,3.006289070084284,1.1968478755006495,0.004964083446557733
27.961,0,-3.9942593122463164,-2.9995232979429343,1.2003319715098169,0.008022773415269956
27.972,0,-3.9942190736802266,-2.999499807569618,1.2003969302014803,0.007977609608627383
27.972,1,-4.005075836720336,3.006297789864395,1.1968403267939771,0.00458952624163157
27.981,0,-3.994180822068577,-2.999475677097661,1.2004625555943522,0.00796875356809666
27.981,1,-4.005119269978372,3.006305083943838,1.1968385563643396,0.004273262399015363
27.991,1,-4.005159972550819,3.0063107056734033,1.196842190328145,0.004018510973267099
27.992,0,-3.994144523304121,-2.9994510425136505,1.2005288150025535,0.007907171771596846
28.001,0,-3.994110162400346,-2.9994260344009827,1.2005943986223615,0.007724482982387401
28.001,1,-4.005197884256362,3.0063143629707865,1.1968507609061538,0.0038257321738328085
28.011,0,-3.9940777504130183,-2.999400776685854,1.2006581301055315,0.007456843989346538
28.011,1,-4.005232952416302,3.006315742728203,1.1968638751353076,0.003698282299169761
28.022,0,-3.994047328039657,-2.999375387265233,1.2007192129176636,0.007129901809114747
28.022,1,-4.00526512262728,3.0063145352965477,1.1968812318368467,0.0036415696952669
28.031,0,-3.9940189663794525,-2.9993499786003675,1.2007771133566212,0.006761450528911315
28.031,1,-4.0052943325920936,3.006310452397372,1.1969025907455908,0.0036597557165167663
28.041,0,-3.9939927671978963,-2.999324658108403,1.2008319412697002,0.006465848623854129
28.042,1,-4.005320509287271,3.0063032404407926,1.19692749438854,0.003705615705240058
28.052,0,-3.9939688602493795,-2.999299527896432,1.200885482787404,0.006329062451046236
28.052,1,-4.005343574390909,3.0062926903974154,1.196954657772116,0.003727803295097313
28.061,0,-3.99394738580749,-2.9992746825026395,1.200939333919493,0.006304975627995178
28.061,1,-4.005363457073357,3.0062786379525503,1.1969829742271447,0.0037455423084621284
28.072,0,-3.9939284803356,-2.999250206559973,1.2009945745361774,0.006364080486438107
28.072,1,-4.005380109125146,3.0062609635476485,1.1970116735333836,0.003779280610481442
28.081,0,-3.993912266808671,-2.999226173326282,1.2010519244260436,0.00648659246532186
28.081,1,-4.005393515716721,3.0062395918563403,1.1970402179610498,0.0038446818406176054
28.091,0,-3.9938988472174035,-2.9992026437429344,1.201111561613286,0.006579529836669499
28.091,1,-4.005403701316394,3.0062144895419127,1.1970683811481206,0.003981452649610917
28.101,0,-3.9938882945627356,-2.9991796651554967,1.201172118403813,0.006531687355567801
28.101,1,-4.005410729778606,3.0061856617737166,1.1970967430063069,0.0042214780823483485
28.111,0,-3.9938806527214092,-2.9991572707769145,1.201232207923033,0.00638710268030494
28.111,1,-4.005414702512875,3.006153155714298,1.197125912360022,0.0045300557171672525
28.122,0,-3.9938759350180963,-2.9991354790691886,1.2012908840639807,0.00618055283330454
28.122,1,-4.005415752807201,3.006117061519448,1.1971562916399874,0.004879383746077108
28.131,0,-3.993874122828782,-2.999114293502265,1.2013475060731322,0.0059370096237530935
28.131,1,-4.00541403976547,3.006077510642429,1.197188140552269,0.005248571600553519
28.141,1,-4.005409742985525,3.0060346730607668,1.19722162104443,0.00562227601156253
28.142,0,-3.993875165676696,-2.999093702878715,1.2014016436734951,0.005674616230005277
28.151,0,-3.9938789840540516,-2.9990736822261046,1.2014536013287231,0.00553901478183826
28.151,1,-4.005403058905737,3.00598875508456,1.1972563878846156,0.005925357473097567
28.161,1,-4.005394196651535,3.0059399948517003,1.197290999924853,0.006131973866029773
28.162,0,-3.9938854724773876,-2.9990541906051575,1.2015051944256248,0.005588815663273501
28.171,0,-3.9938944940917875,-2.9990351619768916,1.2015579187936416,0.0057664766309927454
28.171,1,-4.005383367897873,3.0058886482411813,1.1973242765136753,0.006274188228381553
28.181,1,-4.005370780968115,3.005834979779583,1.1973554144880005,0.006374120826559543
28.182,0,-3.993905880842138,-2.9990164983747,1.2016127821122058,0.006031133688396378
28.191,0,-3.9939194356978396,-2.998998066581069,1.2016704531855966,0.00635339484756885
28.191,1,-4.005356636907295,3.005779256081876,1.1973838726141701,0.006446488990936541
28.201,0,-3.9939349351410844,-2.998979697890529,1.2017310359726054,0.006637659552019604
28.201,1,-4.005341125639914,3.005721739539092,1.1974100338332447,0.006569726722919938
28.211,1,-4.00532442330422,3.0056626866232947,1.197436184053104,0.006760867236416857
28.211,0,-3.9939521343825755,-2.998961198034306,1.2017936797783804,0.00683981330029084
28.221,0,-3.9939707793439228,-2.9989423716746275,1.2018576318024143,0.006982484152264471
28.221,1,-4.005306695046929,3.005602358505983,1.1974642016355466,0.006989195807923116
28.229,0,-3.993990615717461,-2.998923044515921,1.2019223579225284,0.007081955998420873
28.229,1,-4.00528809486002,3.005541026677941,1.1974953459208888,0.007241043713649163
28.241,0,-3.994011395456054,-2.9989030784687243,1.2019874785956963,0.007149143394269524
28.241,1,-4.00526876516647,3.0054789755320943,1.1975304468066053,0.007508607072911375
28.252,0,-3.9940328817411794,-2.998882380837499,1.2020530202552142,0.007257138409262009
28.252,1,-4.005248837353036,3.0054165034661127,1.19756915493854,0.007662986092678477
28.261,0,-3.99405485372614,-2.9988609031428233,1.2021198038967267,0.007436791664565069
28.261,1,-4.0052284358046615,3.0053539188455614,1.1976079544591471,0.007595394953751182
28.272,0,-3.994077111511327,-2.9988386279085493,1.2021885078204773,0.007661939521027363
28.272,1,-4.005207685034266,3.005291526219786,1.1976437188797244,0.007378958157834956
28.281,0,-3.994099480628429,-2.998815554446546,1.2022595756179897,0.007915600236576704
28.281,1,-4.0051867186108305,3.005229615507413,1.1976743231902227,0.00708022486110281
28.291,0,-3.9941218146982367,-2.9987916880748138,1.2023332886964933,0.008186565697218633
28.291,1,-4.005165685316277,3.0051684546605952,1.1976983353134254,0.006754927088790013
28.301,0,-3.994143996555097,-2.9987670323999245,1.202409815771979,0.00846754340994135
28.301,1,-4.005144752589073,3.0051082846736947,1.1977148029844458,0.006449336072005738
28.311,0,-3.994165938217518,-2.9987415841618743,1.202489150781814,0.008727502790787156
28.311,1,-4.005124107863757,3.0050493176174173,1.1977238490060305,0.006217271679753102
28.321,0,-3.994187579836731,-2.9987153330954692,1.2025707779997108,0.00893102323021364
28.321,1,-4.005103952587287,3.0049917408432,1.1977276001944799,0.006030477000026274
28.331,0,-3.9942088870790404,-2.998688270121305,1.202654179650573,0.009094051684169309
28.331,1,-4.005084483384399,3.004935724468298,1.1977278578020374,0.005848513414928065
28.341,0,-3.9942298479827114,-2.9986603970408123,1.202738988201364,0.009228463883291408
28.341,1,-4.005065874680961,3.0048814304285356,1.1977258646753892,0.005654515903280418
28.351,0,-3.9942504699036436,-2.998631733229366,1.2028249424341795,0.00934226237091158
28.351,1,-4.005048266909623,3.004829019294517,1.1977224723709277,0.0054425083210779615
28.362,0,-3.9942707767516383,-2.998602319996065,1.2029112861636744,0.009313125896890146
28.362,1,-4.005031759028974,3.0047786542355484,1.1977180160963485,0.005217932023495772
28.371,0,-3.9942908052455284,-2.9985722213193893,1.2029959546325988,0.009096483930357571
28.371,1,-4.005016405539389,3.004730500787135,1.1977115056758136,0.004999420720216103
28.381,0,-3.99431059872056,-2.9985415184222615,1.2030772972430033,0.008755339090723659
28.381,1,-4.005002223606226,3.004684727381121,1.1977019137437062,0.004801848590909169
28.391,0,-3.994330202134958,-2.998510305200849,1.2031542068661565,0.008334155601474713
28.391,1,-4.004989201381439,3.004641503321524,1.1976885639197465,0.004640377863383811
28.401,0,-3.9943496584500755,-2.998478684570414,1.2032259530119596,0.007864217113426915
28.401,1,-4.00497730457414,3.0046009961651503,1.1976710231434105,0.004528126297046765
28.411,0,-3.994369006041595,-2.9984467653964773,1.2032920642868898,0.007367533642090212
28.411,1,-4.004966481948049,3.00456336955091,1.1976490239344748,0.004474986082769137
28.422,0,-3.9943882769555654,-2.998414659916994,1.2033526211673746,0.0069521251885416475
28.422,1,-4.004956669846234,3.0045287815263926,1.1976224504235364,0.004479603242181212
28.431,0,-3.994407497541978,-2.9983824827885583,1.2034095755812049,0.006732594079465401
28.431,1,-4.004947796223986,3.0044973810920057,1.1975914467151718,0.004530468573800852
28.441,0,-3.9944266943025633,-2.99835035410598,1.2034648513578035,0.00664462385322793
28.441,1,-4.004939784405468,3.0044692974538196,1.1975562031531055,0.004626657241590061
28.451,0,-3.9944459000921935,-2.9983184021040454,1.203519779566561,0.006644019624496145
28.451,1,-4.004932556524144,3.004444629804357,1.1975168807576828,0.004766789959917052
28.461,0,-3.994465158214639,-2.998286764380876,1.2035752744915902,0.006702062179384673
28.461,1,-4.0049260362322965,3.0044234410396498,1.1974736184658519,0.00494807701393475
28.471,0,-3.994484524546283,-2.9982555876318373,1.2036311911774908,0.006628215658265878
28.471,1,-4.004920150840826,3.0044057554444032,1.197426805175336,0.005099514023351818
28.481,0,-3.9945040650325536,-2.99822502324004,1.2036845998317394,0.006283795429416245
28.482,1,-4.004914832389646,3.0043915602667006,1.1973777137520263,0.005160307809042179
28.491,1,-4.004910015863376,3.0043808036729067,1.1973274371436105,0.005161796120247896
28.492,0,-3.9945238468238724,-2.9981952196958805,1.2037328985524047,0.00576858361784265
28.501,0,-3.994543929334649,-2.998166314753322,1.203774353207931,0.005162002208318156
28.501,1,-4.00490563784007,3.004373397053224,1.1972767190252367,0.005127604781914206
28.512,0,-3.994564357999965,-2.9981384296958953,1.203807830180594,0.004532207406997385
28.512,1,-4.0049016357381015,3.004369218847389,1.1972260613627828,0.005074671542638653
28.521,0,-3.994585160445287,-2.998111666086422,1.2038330686193865,0.004012205566873696
28.521,1,-4.004897947498646,3.0043681197218115,1.1971761596801025,0.004908654307270418
28.531,1,-4.004894512009976,3.004369929285228,1.1971292824954658,0.004509168232005977
28.531,0,-3.99460634396519,-2.9980861037600834,1.203851641297253,0.003658371712625765
28.541,0,-3.994627891657223,-2.9980617941387466,1.2038650409756888,0.0034122879435164767
28.541,1,-4.004891269641827,3.0043744501860363,1.1970875006428379,0.003959024783733675
28.551,0,-3.9946497603428788,-2.9980387562892274,1.203874317792471,0.0032359130152014373
28.551,1,-4.004888163527985,3.0043814566732223,1.197052193358355,0.0033243316452182697
28.561,0,-3.9946718802544674,-2.9980169756449753,1.203880210496939,0.003105267351430146
28.561,1,-4.00488514070218,3.004390696684577,1.1970242617471294,0.0026630585174055726
28.571,0,-3.994694155811661,-2.9979964042432496,1.2038832426348878,0.003005416926068718
28.571,1,-4.004882152873417,3.0044018945645488,1.1970042756104535,0.002045709724173085
28.581,0,-3.9947164672086743,-2.9979769626871757,1.203884290891674,0.002927519178515468
28.581,1,-4.004879156946507,3.0044147536917705,1.1969922294949584,0.001642390734394696
28.591,0,-3.994738673016082,-2.9979585452572324,1.2038858149551401,0.002860877686694193
28.591,1,-4.004876115769058,3.004428959461817,1.1969867995516452,0.0015301567935085262
28.601,0,-3.994760614593533,-2.9979410258164463,1.20388990787232,0.002829920529171581
28.601,1,-4.004872999435149,3.0044441866410545,1.1969867503372034,0.0016046957336844814
28.611,0,-3.9947821211803123,-2.997924266013693,1.20389798745807,0.00287469954601559
28.611,1,-4.004869786312197,3.0044601042546635,1.1969912034990624,0.0017618599779566783
28.62,0,-3.9948030142815902,-2.9979081222582797,1.2039110021197263,0.0030235306725937784
28.62,1,-4.004866463577923,3.004476379339247,1.1969995296416573,0.0019415501165988972
28.632,0,-3.994823111571894,-2.9978924508835116,1.203929276123097,0.003226221067192072
28.632,1,-4.004863027348869,3.004492680284693,1.1970112077799882,0.002107007037198517
28.641,0,-3.9948422313394607,-2.997877112201635,1.2039515080388645,0.003369377703576864
28.641,1,-4.004859481329242,3.00450868074814,1.197025547383359,0.0022305284306497605
28.651,0,-3.9948601947214186,-2.9978619754817677,1.2039763352670245,0.003450088684800232
28.651,1,-4.004855832051741,3.0045240653341767,1.1970419618565165,0.002314536075937182
28.662,0,-3.9948768279514417,-2.997846922280047,1.2040028094801432,0.003480713075775776
28.662,1,-4.0048520839069495,3.004538534839421,1.1970600321074918,0.002366979298013923
28.67,1,-4.004848235663889,3.004551810094188,1.1970794573608161,0.00239622337858201
28.672,0,-3.9948919644990113,-2.9978318484191724,1.2040302732448556,0.003474263401457719
28.678,0,-3.994905445960612,-2.9978166651310305,1.2040588082917092,0.0035511368622658437
28.678,1,-4.004844278299541,3.004563634926268,1.1970998949001228,0.002385165440854906
28.692,0,-3.994917125626406,-2.9978013012971396,1.2040899392326794,0.003775656178753555
28.692,1,-4.004840194363007,3.004573781170372,1.197120769614466,0.002328674758663959
28.701,1,-4.004835958875006,3.0045820568124584,1.1971416198569005,0.00224318130238788
28.702,0,-3.994926882152949,-2.9977857089502,1.204124935024052,0.004116324228373649
28.711,0,-3.9949346294009773,-2.9977698676962357,1.2041646439103009,0.004544914385680869
28.711,1,-4.004831540619801,3.004588312908839,1.1971621130904584,0.002142322175957437
28.721,0,-3.99494032191096,-2.9977537867941657,1.204209619807031,0.005036683549827188
28.721,1,-4.004826903406646,3.0045924473796437,1.1971820069733485,0.0020383476406428866
28.731,0,-3.9949439573521697,-2.9977375054774087,1.2042602129170217,0.005571326941778785
28.731,1,-4.004822007263645,3.004594406305494,1.1972011238410114,0.0019413246337053854
28.741,0,-3.9949455774414493,-2.997721092039199,1.2043162376879064,0.006031933286982067
28.741,1,-4.004816809501482,3.0045941830114544,1.1972194894992614,0.0018995797126306467
28.751,0,-3.9949452654173463,-2.997704640480252,1.2043760824467946,0.006329654475170962
28.751,1,-4.0048112662660555,3.0045918140971786,1.197237693746973,0.001944927105133796
28.762,0,-3.9949431313746753,-2.9976882630651165,1.2044383140970583,0.006514063760270884
28.762,1,-4.004805335741646,3.004587374198386,1.1972562448148587,0.00204883542775852
28.771,0,-3.994939300259468,-2.9976720831972865,1.2045019534020758,0.0066201603263150565
28.771,1,-4.0047989809720015,3.0045809689755965,1.197275461448817,0.00218837100079813
28.781,0,-3.994933903331368,-2.9976562298012284,1.2045663356170317,0.0066725548362136155
28.781,1,-4.004792171745582,3.004572728575546,1.1972955340926204,0.002346655942565235
28.791,1,-4.004784885429605,3.0045628011938463,1.1973171105111031,0.002636812320426187
28.791,0,-3.9949270717726213,-2.997640832908049,1.2046309948476193,0.0066834500389958825
28.802,0,-3.9949189324328205,-2.9976260201103404,1.2046955531557808,0.006661454561753327
28.802,1,-4.004777105174581,3.00455134728624,1.1973426139334666,0.0031463572333628653
28.812,0,-3.9949096055512943,-2.9976119135927206,1.204759750837679,0.006617896803266562
28.812,1,-4.004768815930948,3.0045385417200356,1.1973741070284891,0.0038074793639138803
28.821,0,-3.9948992035795157,-2.9975986278223115,1.2048234252725827,0.0065608100590838925
28.821,1,-4.004759999616746,3.00452457280093,1.1974129452315985,0.004571648212218808
28.831,0,-3.9948878304504154,-2.997586267916111,1.204886481960128,0.006496118438676963
28.832,1,-4.004750631625548,3.0045096399998727,1.197459997610453,0.005403718356149434
28.841,0,-3.9948755812887478,-2.9975749284271602,1.2049487437704456,0.006381636508173566
28.841,1,-4.004740678646136,3.0044939516020928,1.1975158181672907,0.006282800720287384
28.852,0,-3.9948625438096528,-2.9975646929791018,1.2050088616440022,0.0060945968834342605
28.852,1,-4.004730096483504,3.0044777202542914,1.1975808279085824,0.007197719401932065
28.861,0,-3.994848800978138,-2.9975556425625087,1.2050652782828473,0.005684171977768333
28.861,1,-4.004718825674206,3.0044611515439583,1.1976552747461133,0.008130581346060473
28.871,0,-3.994834435035774,-2.9975478657042314,1.2051169571646205,0.005195247647624135
28.871,1,-4.004706787284456,3.004444431556252,1.1977392522736146,0.009069565013798653
28.881,0,-3.994819530930991,-2.9975414647054586,1.2051632283028029,0.004660129017691091
28.881,1,-4.0046938807097705,3.0044277182632624,1.1978327468307004,0.01000593890389638
28.892,0,-3.994804178453975,-2.997536559235392,1.2052036776256416,0.004103417365327327
28.892,1,-4.00467998313712,3.0044111362272012,1.1979356637099945,0.0109330853891969
28.901,0,-3.994788473113898,-2.99753328918417,1.2052388363211275,0.003728948917514854
28.901,1,-4.004664951014689,3.004394773810038,1.1980472820960208,0.011697629377608746
28.911,0,-3.994772515926904,-2.9975318173894743,1.2052719467657307,0.0036774029874778796
28.911,1,-4.004648623994484,3.004378683080864,1.1981649082254244,0.01218377981508986
28.921,0,-3.9947564136963787,-2.9975323209253992,1.2053058637750032,0.0038468176514466204
28.921,1,-4.004630825578518,3.0043628842867665,1.1982861851128908,0.012478703234975021
28.931,0,-3.9947402775819705,-2.997534985463342,1.2053425287773591,0.004173050921294451
28.931,1,-4.0046113657618125,3.004347370799403,1.1984094663275175,0.012640936872312202
28.941,0,-3.9947242214570493,-2.9975400015234372,1.2053832500949697,0.004611764525524862
28.941,1,-4.004590044303135,3.0043321133865493,1.1985335961016357,0.012713615815148674
28.951,0,-3.9947083603693163,-2.9975475599666828,1.2054284184830104,0.005012150933305048
28.951,1,-4.004566653662596,3.0043170640852694,1.1986578685281963,0.012756311234063535
28.962,0,-3.994692809435369,-2.9975578470620245,1.2054765157097818,0.005260869818228496
28.962,1,-4.00454098386479,3.0043021619644588,1.1987823009133305,0.012825669715702741
28.971,0,-3.99467768480858,-2.997571050383353,1.2055260983438396,0.00541130474383477
28.971,1,-4.004512836692893,3.004287344545454,1.1989070424272406,0.012915227731684851
28.981,0,-3.9946631046604493,-2.997587361251639,1.2055761716979794,0.005502758393303318
28.981,1,-4.004482039164501,3.004272559165573,1.1990321761351115,0.013019449620022593
28.991,0,-3.9946491894918497,-2.997606974899025,1.2056260493678355,0.005564457155895052
28.991,1,-4.004448452330383,3.0042577708659506,1.199157737926011,0.013133938656027026
29.001,0,-3.9946360620305574,-2.9976300901378945,1.2056753169401857,0.005634954314818899
29.001,1,-4.0044119757456285,3.004242967256906,1.1992839271627704,0.013300604240319664
29.012,0,-3.994623847192788,-2.9976569072500836,1.2057240810157435,0.005758356063937021
29.012,1,-4.004372545061723,3.004228159470536,1.199411391787809,0.013533904898436507
29.021,1,-4.004330123859603,3.0042133787554306,1.1995406402563606,0.013810927322574603
29.022,0,-3.994612671577667,-2.997687615369121,1.2057725730169189,0.00592885728561938
29.031,0,-3.99460266292932,-2.997722379064601,1.2058209531548274,0.006140094675272637
29.031,1,-4.004284693840228,3.004198672439681,1.1996719958014077,0.014115493588184473
29.041,0,-3.994593949570278,-2.9977613296336543,1.2058693331731938,0.006386207174795446
29.041,1,-4.004236247169285,3.004184100480073,1.199805648637242,0.01443614680748481
29.051,0,-3.994586659615989,-2.997804559828867,1.2059177902492553,0.006661444742900621
29.051,1,-4.004184780759081,3.0041697324278696,1.1999416999602266,0.014765793541153002
29.061,0,-3.994580920108838,-2.997852121174489,1.2059663576015476,0.006956530952623266
29.061,1,-4.0041302949761945,3.004155644521177,1.2000793197621098,0.014885279320409912
29.071,0,-3.9945768569825955,-2.9979040238317785,1.206014987213231,0.00726420185297926
29.071,1,-4.004072799093021,3.004141915572101,1.2002147086222599,0.014638474671785934
29.081,0,-3.9945745970779902,-2.99796024001539,1.2060636366685467,0.007582494117663319
29.081,1,-4.004012303980178,3.004128622792571,1.2003445774216506,0.014158050962156752
29.091,1,-4.003948824258088,3.004115837757697,1.2004667166928216,0.013538423091249273
29.092,0,-3.9945742699420173,-2.9980207080629038,1.2061122848935564,0.00790893045801078
29.101,1,-4.00388238197557,3.0041036234659657,1.2005796599152896,0.012848182238364144
29.102,0,-3.994576008676034,-2.998085336440647,1.2061609250382483,0.00824073319632964
29.111,0,-3.99457994983943,-2.998154007104911,1.2062094521709998,0.008557310826155058
29.111,1,-4.003813007268313,3.00409203273774,1.2006829995893202,0.012245770775536657
29.122,0,-3.994586231974875,-2.998226573351857,1.2062572675388281,0.008837144056126662
29.122,1,-4.003740738015881,3.0040811062716464,1.200777983533989,0.011793879031188543
29.132,0,-3.9945949954190785,-2.998302850553277,1.2063038132473531,0.009092521185547988
29.132,1,-4.003665627192328,3.0040708674392698,1.2008657358998949,0.011451091002578446
29.141,0,-3.994606381091398,-2.998382604920597,1.206348723160669,0.009329375169883324
29.141,1,-4.003587744630762,3.004061318904343,1.2009470531072803,0.011189735236297045
29.151,0,-3.994620528911623,-2.9984655468710355,1.206391763473553,0.00954901105849406
29.151,1,-4.0035071769010555,3.0040524411409932,1.20102250617429,0.010989523597753292
29.161,0,-3.994637576385008,-2.9985513288743393,1.2064327916026403,0.009749897940028958
29.161,1,-4.003424026569724,3.004044192263338,1.2010925098365925,0.010836393483958618
29.171,0,-3.9946576557730307,-2.9986395455407804,1.2064712256923744,0.009873332615424602
29.171,1,-4.003338410364546,3.004036509040621,1.2011576212390556,0.01075908063880709
29.181,0,-3.994680887642393,-2.998729738323254,1.2065041893224202,0.009879210010247046
29.181,1,-4.003250456596655,3.0040293101086473,1.2012191741655567,0.010770723102468826
29.191,0,-3.9947073902226964,-2.9988214245256644,1.2065290082170306,0.00985547190174383
29.191,1,-4.003160307151976,3.004022501759844,1.2012782974961558,0.010834321659685115
29.201,0,-3.994737283788567,-2.9989141212389385,1.2065439112795306,0.009870630520015673
29.201,1,-4.0030681169174835,3.00401598435747,1.2013357649084853,0.010926090202502277
29.211,0,-3.9947706910230565,-2.9990073610951793,1.2065477483026383,0.009971932865289659
29.211,1,-4.002974052166541,3.0040096574147097,1.2013921036672326,0.011030479918935673
29.221,0,-3.994807737271003,-2.999100703657291,1.2065398917544659,0.010181077868826221
29.221,1,-4.00287828835542,3.0040034233949444,1.201447959200185,0.011175628830834821
29.232,0,-3.9948485572221712,-2.9991937431052227,1.206522151877745,0.010426131949565005
29.232,1,-4.002781007409472,3.0039971908574223,1.2015048304326181,0.011383033259416397
29.241,0,-3.9948932837518236,-2.9992861151428025,1.2064978311008427,0.010643324363236097
29.241,1,-4.002682398241824,3.003990877676018,1.2015639653718195,0.011628371782222393
29.251,0,-3.9949420259158197,-2.999377505528365,1.2064693136073712,0.010820560591210468
29.251,1,-4.002582655296237,3.003984413745447,1.2016261980436502,0.01189656398402788
29.261,0,-3.9949948600166576,-2.999467655685389,1.206438256680359,0.010963756754908363
29.261,1,-4.0024819766317155,3.0039777426574346,1.2016920748648645,0.012177504014544828
29.271,0,-3.9950518241542934,-2.9995563651029618,1.2064057119555325,0.011092066069253496
29.271,1,-4.002380562289018,3.003970822534443,1.2017617196213402,0.012426476562280107
29.281,0,-3.995112916794852,-2.999643491503989,1.2063719279075478,0.011226235633287607
29.282,1,-4.0022786120955445,3.0039636249187898,1.201834064811567,0.012588281677407366
29.291,1,-4.002176319503918,3.0039561287150347,1.2019080193532314,0.012682392603827643
29.291,0,-3.995178107531428,-2.9997289472037276,1.2063369448481611,0.011368939619485607
29.301,0,-3.9952473480427284,-2.9998126944239667,1.206300802673761,0.011522273636322227
29.302,1,-4.002073866546314,3.0039483138871144,1.2019828247134374,0.012725295668212878
29.312,0,-3.9953205798394116,-2.999894740649553,1.2062635419544534,0.011687609605461691
29.312,1,-4.001971420631242,3.003940157134006,1.2020579527351505,0.012729241862909756
29.321,0,-3.995397739995333,-2.9999751338027623,1.2062252048019932,0.011866059158908572
29.321,1,-4.0018691325153775,3.0039316291138087,1.2021330349925279,0.012703654891561921
29.331,0,-3.995478767366771,-3.000053956530607,1.206186377103081,0.012015478079737744
29.331,1,-4.001767135183048,3.00392269292963,1.2022075070973661,0.01260763239002745
29.341,0,-3.9955636055838197,-3.0001313224304114,1.2061489466052784,0.012123646851203951
29.341,1,-4.001665545063284,3.003913302610387,1.2022798500559664,0.012412887452135563
29.352,0,-3.995652190850042,-3.0002073793646318,1.2061144367215404,0.012218277831207304
29.352,1,-4.001564468141305,3.003903399070541,1.2023487862209785,0.012154838473022839
29.361,0,-3.9957444461825244,-3.000282309886737,1.2060838719531646,0.012319875928826494
29.361,1,-4.001464006023638,3.003892907103373,1.202413461100213,0.011859061155061482
29.371,0,-3.995840278729101,-3.00035632965422,1.206057932049703,0.012441916040768834
29.371,1,-4.00136426008534,3.003881734081818,1.202473311786251,0.011543543613647069
29.381,0,-3.995939578248186,-3.000429684737134,1.2060370208165243,0.012593766951157043
29.381,1,-4.0012653342063365,3.0038697697144308,1.2025282642366368,0.011256821931759559
29.391,0,-3.996042215853069,-3.0005026444388054,1.2060212042460963,0.012778269718672899
29.391,1,-4.0011673324235435,3.0038568897843745,1.202579350425804,0.01102723023827315
29.402,0,-3.996148043620467,-3.0005754834482237,1.2060104471933024,0.01299091636288965
29.402,1,-4.001070345173397,3.0038429696483733,1.202627527116896,0.01083431797564739
29.412,0,-3.996256894290231,-3.0006484636617285,1.2060047007255978,0.013226100714322625
29.412,1,-4.000974436337162,3.003827896853636,1.2026734586984504,0.010666962827409225
29.421,0,-3.996368581740376,-3.0007218211205027,1.2060039060333372,0.013477830173958481
29.421,1,-4.000879634952557,3.0038115797417255,1.2027176081931363,0.010519675404326648
29.431,0,-3.996482901660415,-3.0007957571067005,1.2060077693060225,0.013736278738190512
29.431,1,-4.000785930690156,3.0037939527975497,1.202760400735804,0.010402195161925115
29.44,0,-3.9965996283701215,-3.000870430031217,1.206013834302495,0.013975699563907354
29.44,1,-4.0006932754381,3.0037749765782777,1.2028026369208455,0.010327929157161814
29.452,0,-3.996718521696832,-3.0009459486663705,1.2060192200880686,0.014189827771955541
29.452,1,-4.000601594142313,3.0037546300805475,1.202845023655819,0.010288253998932802
29.462,0,-3.9968393320093556,-3.001022366962334,1.2060219541704618,0.014384070326903253
29.462,1,-4.000510797899177,3.003732901063416,1.2028880481932227,0.010276792276153777
29.472,0,-3.996961801151822,-3.001099681189157,1.2060207063316384,0.014564535639239316
29.472,1,-4.000420794205238,3.0037097786472646,1.2029320440535867,0.010288873352635411
29.481,0,-3.997085663910855,-3.0011778299340723,1.2060145912033284,0.014735053001574256
29.481,1,-4.000331494433374,3.003685248186109,1.2029772389288795,0.010320730345589004
29.491,0,-3.9972106501744653,-3.0012566965401293,1.2060033929884373,0.01488744342347432
29.491,1,-4.000242819175874,3.003659287531797,1.2030240102328826,0.010394091455042083
29.501,0,-3.9973364866573933,-3.0013361170933748,1.205988798355362,0.014997607625221636
29.501,1,-4.000154700204149,3.0036318635171266,1.203073219363161,0.010519268629579779
29.511,0,-3.997462891741253,-3.0014158966028837,1.205972516719831,0.015060306465542581
29.511,1,-4.0000670778612815,3.0036029292581876,1.2031255420927818,0.01068679120915613
29.521,0,-3.997589572559773,-3.0014958275691193,1.2059557194079438,0.015076318067315872
29.521,1,-3.999979898366932,3.0035724216141166,1.203181423918081,0.010889738215658595
29.531,0,-3.9977162244889626,-3.0015757046027995,1.205939210642942,0.015048260731788311
29.532,1,-3.999893111840331,3.0035402600081693,1.2032411482475593,0.011122741981643518
29.542,0,-3.9978425320057642,-3.001655335143716,1.2059234304222721,0.014981878145610753
29.542,1,-3.999806670645808,3.003506347906402,1.203304221349134,0.011270203537741625
29.551,0,-3.9979681732829677,-3.0017345437904135,1.2059082913102066,0.014881537076712638
29.552,1,-3.999720526661695,3.0034705822228003,1.203366963164359,0.011190672712174254
29.562,0,-3.9980928308510806,-3.001813167158884,1.2058936475223008,0.014747745515546772
29.562,1,-3.9996346271969676,3.003432861427032,1.2034258731540823,0.010972935426153015
29.571,1,-3.9995489102967996,3.003393097836799,1.2034785949063247,0.01069483418498988
29.572,0,-3.998216201898182,-3.001891047307809,1.2058793997096109,0.014581745580087551
29.581,0,-3.998338005666975,-3.0019680271772047,1.2058654804710462,0.014385276610947798
29.581,1,-3.9994633015425087,3.003351227946027,1.2035235634551453,0.010417694152956824
29.591,0,-3.9984579884092595,-3.002043947753163,1.2058518425505738,0.014160448525533425
29.591,1,-3.999377712585235,3.003307218355588,1.2035600060440226,0.010208062011113758
29.602,0,-3.9985759255530318,-3.0021186479117774,1.2058384482006208,0.013909552895839318
29.602,1,-3.999292046256358,3.003261065362982,1.2035883487762944,0.010093096479170368
29.611,0,-3.998691620504887,-3.0021919680787654,1.2058252723540375,0.013634925986144589
29.611,1,-3.9992062141554165,3.0032127902436465,1.2036091269238307,0.010055976255525435
29.621,0,-3.9988049024896495,-3.0022637543043866,1.205812300266739,0.013338960631194847
29.622,1,-3.999120153791132,3.003162431603868,1.2036227459302387,0.010082616142103384
29.631,0,-3.9989156245037965,-3.0023338612937205,1.2057995241852009,0.013024052720178824
29.631,1,-3.9990338399338663,3.0031100389255982,1.2036295253031675,0.010160641465746065
29.641,0,-3.999023661403045,-3.002402154544522,1.2057869409338,0.01269256380414126
29.641,1,-3.9989472912475135,3.0030556676677316,1.2036297214597036,0.010278970458390083
29.651,0,-3.9991289067165425,-3.0024685109651537,1.2057750046272342,0.012334897050153828
29.651,1,-3.9988605731888716,3.0029993749648303,1.2036238966230823,0.010419632332416235
29.661,0,-3.9992312639812733,-3.002532819689543,1.2057656976207642,0.011949601656470034
29.661,1,-3.9987737944178314,3.0029412163810143,1.203614237901754,0.010546523212615405
29.672,0,-3.9993306384038196,-3.0025949925947084,1.2057607265530728,0.01155695267412794
29.672,1,-3.9986870917327164,3.0028812544670513,1.203602802251962,0.010646176969422367
29.681,0,-3.9994269254283643,-3.00265497142147,1.2057612274801666,0.011175118177324835
29.681,1,-3.998600612525055,3.0028195653051797,1.2035910068327969,0.010718547128436859
29.691,0,-3.9995200022060504,-3.002712731271727,1.205767940658457,0.010818652497627028
29.691,1,-3.9985145014111736,3.002756241584134,1.2035798262062558,0.010767546237707966
29.701,0,-3.9996097228475276,-3.002768282199341,1.2057812561297832,0.010493609172261028
29.701,1,-3.9984288905915517,3.002691394812522,1.203569467967492,0.010809938373334816
29.711,0,-3.9996959198773903,-3.002821670798507,1.2058002707490767,0.010171601450793537
29.711,1,-3.998343897442572,3.002625157487627,1.2035577661938046,0.01086505559158297
29.722,0,-3.9997784035435444,-3.002872973860483,1.2058235231688579,0.00983721402713996
29.722,1,-3.998259639594063,3.0025576766997504,1.2035425664727357,0.010935223660227478
29.732,0,-3.9998569622725633,-3.0029222891697085,1.2058499602838857,0.009486143606427971
29.732,1,-3.998176251695389,3.0024891101587063,1.2035224313201507,0.011025686486652978
29.741,0,-3.9999313669583163,-3.002969729591105,1.205878832647766,0.00911816250229468
29.741,1,-3.9980938961614485,3.002419623880559,1.2034964191312267,0.011139544434917706
29.751,1,-3.9980127699581747,3.0023493894237574,1.203464556753651,0.011225498666371611
29.751,0,-4.000001375378787,-3.0030154182499835,1.2059095792554508,0.008732869416947104
29.762,0,-4.000066739622861,-3.0030594826796273,1.205941704179908,0.00833083577474316
29.762,1,-3.9979331056654788,3.002278579026003,1.2034292209842714,0.011219083787468257
29.771,0,-4.000127219000939,-3.0031020452899924,1.2059748288769891,0.007916998793444669
29.771,1,-3.997855156655763,3.002207359747832,1.2033925721169985,0.011130698343561991
29.781,0,-4.0001825923318055,-3.0031432149989272,1.2060086773413554,0.007496945448237416
29.781,1,-3.997779182734421,3.002135885864111,1.2033560918703525,0.010976388703321112
29.792,0,-4.000232666553731,-3.003183081636396,1.2060430438664798,0.007076809938742898
29.792,1,-3.997705439717823,3.00206429327539,1.2033207911376649,0.010771687527258877
29.801,0,-4.000277282255955,-3.003221712523924,1.2060777718921682,0.006663157727907058
29.801,1,-3.997634171723109,3.0019926961065777,1.2032873542466886,0.010529974985592824
29.812,0,-4.000316316916056,-3.0032591508388764,1.206112713964312,0.006258743226147777
29.812,1,-3.997565605485617,3.0019211849691256,1.2032561762651799,0.010267860375312776
29.822,0,-4.00034968520997,-3.0032954178223252,1.2061476249525216,0.005864570730458808
29.822,1,-3.9974999461773084,3.0018498272908762,1.2032272005533173,0.009999825396560377
29.831,1,-3.997437376882354,3.0017786709211016,1.2032002878616967,0.009727627621774553
29.831,0,-4.000377332630324,-3.003330522215693,1.2061822870180494,0.005490407193242044
29.841,0,-4.000399228491056,-3.0033644706701854,1.206216542703342,0.005146608393377993
29.841,1,-3.9973780586649457,3.0017077485213215,1.2031753400178797,0.009453386456148597
29.851,0,-4.00041536057442,-3.0033972753326066,1.2062502763167793,0.004844235612942884
29.851,1,-3.9973221307217757,3.0016370811972797,1.2031522869200202,0.00917955414573494
29.862000000000002,0,-4.00042573187868,-3.0034289591943697,1.2062832393325866,0.004560952896642792
29.862000000000002,1,-3.9972697111643454,3.001566681520852,1.2031311685170805,0.008903158782440444
29.872,0,-4.000430361381518,-3.0034595599431135,1.2063144493443552,0.004266261962628286
29.872,1,-3.9972208974617924,3.001496557121499,1.2031123449273669,0.008624138787936844
29.881,1,-3.9971757627343285,3.0014267159167356,1.2030961371090567,0.008350169074864985
29.882,0,-4.0004292787344236,-3.003489130603845,1.2063430068365664,0.004000127802742483
29.891,0,-4.000422523054645,-3.0035177397350488,1.2063683206997224,0.003801139444955919
29.891,1,-3.997134353430582,3.00135717077268,1.2030827645445379,0.008087389294978573
29.902,0,-4.000410143283329,-3.0035454712133527,1.2063900144092128,0.0037016461766285324
29.902,1,-3.9970966887607924,3.001287942638778,1.203072375155848,0.0078406163754373
29.911,0,-4.000392198091951,-3.003572423377674,1.2064078595512822,0.0037215143861828387
29.911,1,-3.9970627610703375,3.0012190624658994,1.2030650667906224,0.007613500079287334
29.921,0,-4.000368755381418,-3.003598707750021,1.2064217423039132,0.003865196203924465
29.922,1,-3.9970325359252756,3.0011505720298173,1.2030606448623746,0.007411999991242946
29.931,0,-4.0003398908551375,-3.0036244483258416,1.2064316933957753,0.00412044848311006
29.931,1,-3.997005949439914,3.001082521623405,1.2030576866834406,0.007233933862238311
29.941,0,-4.000305685999396,-3.0036497828846858,1.2064377899819627,0.0044635960862747705
29.941,1,-3.9969829122066285,3.0010149625112272,1.2030548384746171,0.007073272109849362
29.951,0,-4.0002662256084704,-3.0036748641835262,1.206440117020008,0.004871800586279003
29.951,1,-3.996963309982666,3.000947938719182,1.2030511891810691,0.006930846716160804
29.961,0,-4.000221595709193,-3.0036998600104257,1.2064387638063654,0.00532624938268734
29.961,1,-3.996947003722807,3.0008814812608637,1.2030461337439549,0.0068094797952269175
29.971,1,-3.9969338307846765,3.0008156045262666,1.2030393138740518,0.006710497092127889
29.972,0,-4.000171882101453,-3.0037249523070653,1.2064338113407675,0.005813037515825899
29.981,0,-4.000117171661516,-3.0037503315209206,1.2064253081561256,0.00632176567928835
29.981,1,-3.996923609214625,3.0007503041085215,1.2030307592882141,0.006631330638600065
29.991,0,-4.00005756106937,-3.0037761766266393,1.2064133045059273,0.006842821139316305
29.991,1,-3.9969161475454085,3.000685554859812,1.203020612117098,0.006571574766545482
30.002,0,-3.999993166983124,-3.0038026328983465,1.2063978619982192,0.007367204971004298
30.002,1,-3.9969112563281435,3.0006213098532757,1.2030089858967912,0.006530954519311906
30.011,1,-3.996908756968488,3.0005575004914684,1.2029959772605332,0.006509206049320234
30.012,0,-3.9999241326926875,-3.0038297967579446,1.2063790536205898,0.007886669572103093
30.021,0,-3.9998506292997416,-3.003857707379339,1.2063574647735449,0.008360919969388623
30.021,1,-3.996908488840703,3.0004940379507894,1.2029821002886982,0.006483021979478529
30.031,0,-3.999772852481633,-3.0038863476950244,1.2063348864062955,0.00876918159312868
30.031,1,-3.9969103159493256,3.0004308204774115,1.2029688856063985,0.006442538227109363
30.042,0,-3.9996910254278206,-3.003915654361532,1.2063127729119651,0.009125252249666411
30.042,1,-3.9969141303680926,3.0003677492856378,1.2029575741916274,0.006402001064019899
30.051,1,-3.996919856809163,3.00030474336171,1.2029490172552815,0.006373683742806916
30.052,0,-3.9996053941192624,-3.003945529866653,1.2062921204781485,0.009440956373819509
30.061,0,-3.9995162217578666,-3.003975852827267,1.2062736061548687,0.009724606211728715
30.062,1,-3.9969274550783043,3.0002417496226554,1.2029437925094069,0.0063660940460439144
30.071,0,-3.9994237838979383,-3.0040064863460665,1.2062576843940627,0.00998142054322661
30.071,1,-3.9969369205521548,3.00017874926139,1.202942286651419,0.006383978561724798
30.081,0,-3.999328364251811,-3.004037284792947,1.2062447078134118,0.010212980129500981
30.081,1,-3.9969482822602616,3.0001157608179567,1.2029443956384536,0.00642388711696908
30.092,0,-3.99923025524313,-3.0040681003535488,1.206235049097066,0.010421107644920224
30.092,1,-3.9969615959597276,3.00005283624592,1.2029490636803304,0.006470004294723141
30.101,0,-3.9991297669826285,-3.0040987900904805,1.2062289724438255,0.010606950245520384
30.101,1,-3.9969769339866956,2.9999900477859587,1.2029553987743358,0.006514684666646378
30.111,0,-3.9990272347278593,-3.004129221707727,1.2062266418036176,0.010769700265180126
30.111,1,-3.9969943741324694,2.9999274754420875,1.202962783829666,0.006556517989324973
30.121,0,-3.9989230226086354,-3.004159277575006,1.2062281515569735,0.010907445173856292
30.121,1,-3.997013991150735,2.9998651978750708,1.2029707914377257,0.0065966372347572985
30.131,0,-3.9988175255554412,-3.0041888576415445,1.2062326005690398,0.011004127039168827
30.131,1,-3.997035850283491,2.999803285908937,1.2029790219181873,0.006633634767726075
30.141,0,-3.9987111655715655,-3.0042178773025516,1.2062358772450121,0.011044435294773631
30.141,1,-3.9970599974155876,2.9997417964006052,1.2029868210676724,0.006667584584193423
30.151,0,-3.9986043714384008,-3.004246251412683,1.2062344230991708,0.011057500754959048
30.151,1,-3.997086442039404,2.999680764528466,1.2029936623328101,0.006703419306781788
30.161,0,-3.9984975648472263,-3.0042738797951913,1.2062258442831513,0.01108057066698474
30.161,1,-3.9971151416729684,2.999620197610866,1.2029991937635403,0.006744448399624111
30.171,0,-3.9983911511290398,-3.004300638125162,1.2062085552820947,0.011144291081032036
30.172,1,-3.9971459924938113,2.9995600717217337,1.2030031836769084,0.006792032961823351
30.181,0,-3.9982855138322084,-3.0043263711409387,1.206183124308723,0.011166528422582473
30.181,1,-3.9971788252905434,2.999500330689292,1.2030054815518556,0.006845770458145205
30.191,1,-3.9972134120704723,2.9994408921142943,1.203005991214898,0.006903797729759397
30.192,0,-3.9981810147226047,-3.004350890131778,1.2061543165204307,0.011050027697950689
30.201,0,-3.9980779908896245,-3.00437398507486,1.2061261128543697,0.010813685279315836
30.201,1,-3.9972494899464057,2.9993816658990977,1.2030046648469646,0.006963262824491091
30.211,0,-3.997976753827344,-3.0043954339026837,1.2061012305162706,0.010495909443010697
30.211,1,-3.9972867855558407,2.999322572469568,1.2030014909662712,0.0070210238068254644
30.219,0,-3.9978775896447756,-3.0044150093949726,1.2060815066667188,0.010135281714459666
30.219,1,-3.9973250331096213,2.9992635554536835,1.202996481809743,0.007074137560152227
30.232,0,-3.9977807596325037,-3.004432484711557,1.2060681675356653,0.009765161885682716
30.232,1,-3.9973639872036077,2.9992045898964674,1.2029896640165083,0.00712005709051818
30.241,0,-3.9976865006754485,-3.004447638039686,1.206061893385033,0.009414726842571398
30.241,1,-3.9974034314507065,2.9991456869019744,1.2029810368995952,0.007158147774088595
30.251,0,-3.9975950233502555,-3.0044602587688205,1.2060622594836694,0.00909463573041582
30.251,1,-3.9974431832005486,2.999086890108593,1.2029704342199514,0.007190521419957034
30.261,1,-3.9974830940483406,2.999028255671722,1.2029577094481108,0.007218942841319346
30.261,0,-3.997506511309679,-3.004470152565086,1.206068595541208,0.008800440074204802
30.271,0,-3.9974211197379708,-3.004477146849563,1.2060804144448558,0.008532479731009979
30.271,1,-3.9975230481742843,2.998969830481527,1.2029427850364944,0.0072462939647131575
30.281,0,-3.997338973974355,-3.0044810951789493,1.2060973602713925,0.008294182199659226
30.281,1,-3.997562960131097,2.9989116369072097,1.202925629336567,0.007276156400959382
30.291,0,-3.9972601689324305,-3.0044818801328095,1.206119039973439,0.008081381388092477
30.291,1,-3.9976027724416388,2.9988536629344016,1.2029055727246505,0.0073593606929012985
30.301,0,-3.9971847714996436,-3.0044794136201913,1.2061448228096472,0.007889288003726336
30.301,1,-3.9976424531666086,2.9987958578757197,1.2028803627929583,0.007545936659556382
30.311,0,-3.9971128291774933,-3.0044736321446734,1.2061742059568072,0.007720284979726661
30.311,1,-3.997681993190096,2.9987381339242978,1.2028482074492772,0.007849370407123092
30.322,0,-3.997044377197242,-3.0044644928363913,1.2062068317374177,0.007577606619887438
30.322,1,-3.997721403587149,2.9986803690910704,1.202807933931809,0.00827248331658331
30.332,0,-3.9969794436256056,-3.0044519703349932,1.2062424450430718,0.00746413505033715
30.332,1,-3.997760713122005,2.9986224104844537,1.202758797389232,0.008806460430717247
30.341,0,-3.9969180522927465,-3.0044360549576683,1.2062806458780886,0.007349042052545085
30.341,1,-3.9977999658304175,2.9985640776859332,1.202700736735784,0.009340829094830498
30.351,0,-3.996860223864587,-3.0044167524938707,1.2063200924015691,0.0071859612307045
30.351,1,-3.9978392190730427,2.9985051653367965,1.2026375333436767,0.009568616253663077
30.361,0,-3.9968059857748326,-3.004394076187208,1.2063595525910125,0.006992985199887591
30.361,1,-3.997878542442211,2.99844545388131,1.202573823223603,0.009553904274167883
30.371,0,-3.996755378826507,-3.0043680416033745,1.2063981962356622,0.00678758637817432
30.371,1,-3.9979180164220716,2.998384723253586,1.2025127913965805,0.009389117123912969
30.381,0,-3.9967084601402063,-3.0043386640918297,1.2064354713164276,0.006584472944501799
30.381,1,-3.9979577308547123,2.9983227624687157,1.2024565960968998,0.009149873049765734
30.391,0,-3.996665304477786,-3.0043059570651063,1.2064710165149621,0.006395638449529752
30.391,1,-3.997997783344956,2.998259376397305,1.2024066879496267,0.00889534562506397
30.401,0,-3.99662600429193,-3.0042699309629,1.2065045830134318,0.006227856222952132
30.401,1,-3.9980382775799534,2.9981943906686523,1.2023638801126204,0.008695476145462133
30.412,0,-3.996590665344582,-3.0042305941012777,1.2065358488548497,0.0060818859939345835
30.412,1,-3.998079319194567,2.9981276587385577,1.2023272755044303,0.008627450405592053
30.421,0,-3.99655939002361,-3.0041879569459478,1.2065645277621333,0.005971615969108428
30.421,1,-3.998121005310572,2.9980590708685506,1.2022954785378872,0.008650442777124154
30.431,0,-3.9965322565057346,-3.00414203791623,1.206590447736295,0.0059084159980272045
30.431,1,-3.9981634122239478,2.9979885639487125,1.2022675113351151,0.008730388311336474
30.441,0,-3.996509303624624,-3.0040928677597925,1.2066135165416434,0.005899585233118853
30.441,1,-3.998206586446669,2.9979161285495124,1.2022426978764493,0.008843469261855726
30.451,0,-3.996490520815581,-3.004040492811189,1.2066335237849741,0.005931449477149345
30.451,1,-3.998250539196603,2.9978418122082617,1.2022205057158204,0.008976528272193023
30.462,0,-3.996475844170357,-3.0039849794855678,1.2066494889425985,0.005996122174188756
30.462,1,-3.998295244428476,2.9977657177709793,1.2022002439074178,0.009120074246065476
30.472,0,-3.9964651716562747,-3.003926415553606,1.2066605238480224,0.006117778972864288
30.472,1,-3.998340641962004,2.997687992446505,1.2021813299394435,0.009260232532114807
30.481,0,-3.9964583783114414,-3.003864912858952,1.2066660743555717,0.0063063873560415375
30.481,1,-3.998386642013461,2.9976088156522662,1.2021633515590227,0.009388026457266127
30.491,1,-3.998433129449803,2.9975283891047075,1.202146013469857,0.009497556395237005
30.491,0,-3.9964553269862284,-3.0038006091188514,1.206665814249692,0.006560030111891709
30.501,0,-3.996455876509419,-3.0037336679438704,1.2066595881853461,0.006868978156932059
30.501,1,-3.9984799679976897,2.9974469283565335,1.2021294000752227,0.009570228816931054
30.511,0,-3.9964598853769804,-3.0036642756875604,1.2066474375522296,0.007218575602416058
30.511,1,-3.9985270066592378,2.9973646561739242,1.2021150401513228,0.00959223341346536
30.521,0,-3.996467206562493,-3.0035926329418756,1.2066294667593571,0.007595931062177935
30.521,1,-3.9985740913636345,2.9972818020003853,1.2021044048603322,0.009584859925616583
30.531,0,-3.9964776811326184,-3.0035189451376056,1.2066057913958428,0.007990444507167589
30.531,1,-3.9986210773315265,2.9971986007947216,1.2020984715941634,0.009565659139632726
30.541,0,-3.9964911343692657,-3.003443415251919,1.2065765425193915,0.008393647912271172
30.541,1,-3.9986678380392604,2.9971152911034658,1.2020978738481625,0.009547326593387376
30.551,0,-3.9965073738513577,-3.00336623840016,1.2065418583951402,0.008799170562419571
30.551,1,-3.998714271076337,2.997032113099805,1.2021030061446571,0.009538422376309075
30.561,0,-3.996526188998057,-3.0032875980812292,1.206501823615297,0.009209570279071336
30.561,1,-3.998760301279712,2.9969493067015427,1.202114273157841,0.009551192324650161
30.571,0,-3.9965473545620864,-3.003207665252103,1.206456271693792,0.009632372029609043
30.571,1,-3.99880587661782,2.9968671096614576,1.2021325512833978,0.00960558262836582
30.581,0,-3.9965706443772713,-3.0031266013544307,1.2064050556687538,0.010062023072522177
30.581,1,-3.9988509521449163,2.996785754559694,1.2021585337432428,0.009712039900014496
30.592,0,-3.9965958452133923,-3.0030445625568807,1.2063481311396036,0.010493181590755317
30.592,1,-3.998895473823351,2.9967054659667505,1.202192645381816,0.009874441607736779
30.601,1,-3.9989393674302605,2.996626458286845,1.2022351219684164,0.010091376571430125
30.602,0,-3.996622766397881,-3.002961702870101,1.20628551805446,0.010922332067869899
30.612,0,-3.996651247197002,-3.0028781755114706,1.2062179634767727,0.011233804282660225
30.612,1,-3.9989825322374886,2.9965489334329507,1.2022855624904727,0.010288188891337853
30.622,0,-3.996681163077344,-3.0027941298189953,1.2061485530475158,0.01133356166255718
30.622,1,-3.9990248429225272,2.996473078983502,1.2023417683880695,0.010379446709562134
30.631,0,-3.9967124239440395,-3.0027097036356265,1.2060799756688627,0.011286346921457528
30.631,1,-3.999066160387868,2.9963990745685702,1.2024017923021892,0.010379800181801156
30.641,0,-3.9967449749244097,-3.002625013501788,1.206014071684643,0.011144677452554775
30.642,1,-3.9991063442202535,2.996327096355506,1.2024642874478586,0.010306833003086095
30.651,0,-3.996778796531594,-3.0025401477440776,1.205952093305437,0.010949437885804594
30.651,1,-3.999145262028518,2.996257319347759,1.2025283174415327,0.010175875262344225
30.661,0,-3.996813903420793,-3.0024551624298232,1.2058948826605187,0.010731761399293797
30.661,1,-3.999182796002763,2.9961899186262984,1.2025932237432733,0.009999386522813283
30.672,0,-3.9968503416000756,-3.002370079695008,1.2058426781066907,0.010559790156931754
30.672,1,-3.999218847189751,2.9961250703134925,1.2026587096504606,0.009814469976253652
30.682,0,-3.9968881787270054,-3.0022848917894978,1.2057940250340364,0.010490782620980117
30.682,1,-3.9992533403824666,2.9960629539235333,1.2027250197463866,0.00964262379557143
30.691,0,-3.9969274853345786,-3.002199575776,1.205747438246917,0.01048925704810519
30.691,1,-3.999286233005831,2.9960037552523606,1.2027923882928908,0.009480861885996783
30.701,0,-3.996968314362385,-3.0021141093888613,1.2057019000320688,0.010531734817973743
30.701,1,-3.999317521453577,2.995947669512746,1.2028609667957388,0.009327961282326129
30.712,0,-3.9970106863924304,-3.0020284823898358,1.205656711695338,0.010601885411004819
30.712,1,-3.9993472441611235,2.995894902967349,1.2029308487029726,0.009183751910334555
30.721,0,-3.997054580333828,-3.001942704138306,1.2056112724195225,0.010702994840986286
30.721,1,-3.9993754826069208,2.995845671825263,1.2030017359868816,0.008967771222250336
30.731,0,-3.9970999313879436,-3.0018568084930553,1.2055645511501607,0.010845382557041334
30.731,1,-3.999402358966359,2.9958001945103137,1.2030716617908856,0.008574376039109497
30.741,0,-3.9971466432413485,-3.001770856746296,1.205515668356108,0.011013001068935999
30.741,1,-3.9994280210105573,2.99575868950596,1.2031387626404555,0.008054368826017308
30.752,0,-3.997194602125976,-3.001684938899973,1.2054640417589804,0.011194525099687627
30.752,1,-3.9994526281541387,2.9957213687574944,1.2032017852001244,0.0074485713798540815
30.761,0,-3.9972436874246853,-3.001599173377494,1.2054092933745952,0.011381982052022066
30.762,1,-3.999476341619899,2.9956884307350107,1.2032598981338745,0.006787582835928629
30.77,0,-3.9972937795025247,-3.001513705651308,1.2053511845809417,0.011569662208748735
30.77,1,-3.9994993171556446,2.9956600557741253,1.2033126482468086,0.006112491909431721
30.781,1,-3.999521699802842,2.9956364002733937,1.2033599858259627,0.005449519246829664
30.781,0,-3.9973447645451903,-3.001428705079467,1.2052895692535428,0.011753545406073965
30.791,0,-3.9973965351117138,-3.0013443576708365,1.2052243761074393,0.01193033180527227
30.791,1,-3.999543620469318,2.995617585519905,1.2034019477833848,0.004810174923103419
30.801,0,-3.9974489889493388,-3.0012608578873556,1.2051555873237143,0.012098281596497713
30.801,1,-3.9995651936141496,2.995603689604002,1.2034385947421953,0.0042082520243845725
30.808,0,-3.997502028069239,-3.001178402023938,1.205083223221255,0.012256074154282242
30.808,1,-3.999586515967566,2.995594743040386,1.203470003212985,0.0036625693943930482
30.821,0,-3.99755555812384,-3.001097183046189,1.2050073267480879,0.012403993388190178
30.821,1,-3.999607666091342,2.995590727139115,1.2034962606351591,0.003197629146635816
30.831,0,-3.997609488061392,-3.0010173868220638,1.2049280669538855,0.012510990116452068
30.831,1,-3.9996287046677477,2.9955915749846533,1.203517554731932,0.0028634174745460618
30.841,0,-3.9976637312680605,-3.000939190572684,1.2048472077712913,0.01244433782105311
30.842,1,-3.9996496787794733,2.995597178207363,1.203534517919949,0.002701129404803562
30.851,0,-3.997718210140048,-3.0008627533234193,1.2047671069659986,0.01223663993405562
30.851,1,-3.9996706357449927,2.9956073987126013,1.2035477516431023,0.002695371905329909
30.861,1,-3.9996916372894393,2.995622083108352,1.2035577106431097,0.0028174724446233513
30.861,0,-3.9977728628712668,-3.000788203550522,1.2046894021903465,0.011932992928348984
30.871,1,-3.9997127691752596,2.995641074649885,1.2035647425352758,0.0030333941541458745
30.871,0,-3.9978276487174282,-3.0007156322515143,1.204615203462554,0.011568401533643934
30.881,1,-3.9997341467649568,2.9956642221033194,1.2035691377670952,0.0033139164282313224
30.881,0,-3.99788255087583,-3.000645088746554,1.204544962244033,0.011221627748053853
30.891,0,-3.9979375751689874,-3.000576579651423,1.2044775186495331,0.010970871165057296
30.891,1,-3.999755913387639,2.9956913842152604,1.2035712425531493,0.0036355037210917245
30.902,0,-3.9979927418197367,-3.0005100807137923,1.204411628289173,0.01078910801476373
30.902,1,-3.999778225338734,2.9957224258871458,1.2035713542856965,0.003979786716959097
30.911,0,-3.998048075997958,-3.0004455480228045,1.2043464306780225,0.010657551303923476
30.911,1,-3.9998012348740115,2.9957572129577135,1.2035696935127609,0.004334852390331879
30.922,0,-3.9981036007387645,-3.0003829258066363,1.2042813317810128,0.010563472801787552
30.922,1,-3.9998250777863635,2.9957956086721436,1.2035664275292972,0.004692667104307501
30.931,0,-3.99815933199456,-3.000322152893874,1.2042162414648505,0.010439176283460284
30.931,1,-3.9998498648230747,2.9958374706705664,1.2035614711730405,0.005054450669631249
30.941,0,-3.998215273577478,-3.000263168010842,1.20415269608607,0.01020635242696822
30.941,1,-3.9998756774891238,2.9958826466651107,1.2035537007944925,0.005433958070279371
30.951,0,-3.9982714074402415,-3.000205905846249,1.2040922159366045,0.009903286486162153
30.951,1,-3.9999025733926277,2.9959309765291304,1.2035420482247141,0.005836408640098184
30.961,0,-3.9983276851631167,-3.000150294311653,1.2040358178321648,0.009559775769350312
30.961,1,-3.999930592914456,2.9959822919261256,1.2035258150412473,0.006262421501286645
30.971,0,-3.9983840232184678,-3.0000962537573774,1.2039841710571229,0.00919679432824795
30.971,1,-3.9999597641285103,2.9960364153904844,1.2035045579795027,0.006708905216655692
30.98,0,-3.998440301031807,-3.000043696743742,1.203937704529409,0.008829012293913002
30.98,1,-3.9999901065811225,2.996093160296437,1.2034780090596642,0.007170679612592194
30.991,0,-3.9984963610972524,-2.9999925281059325,1.203896579037513,0.008481386924372948
30.991,1,-4.000021634483211,2.996152332023546,1.2034462864140343,0.007610857144392756
31.001,0,-3.9985520110951684,-2.9999426458006426,1.203860176599781,0.008181657824079785
31.001,1,-4.000054359738296,2.996213728497093,1.2034104714126561,0.007992391614941812
31.011,0,-3.9986070277783194,-2.9998939468764534,1.2038277619286675,0.007910981674733787
31.011,1,-4.0000882925287415,2.996277133277612,1.2033715406347882,0.008321971157644197
31.018,0,-3.998661161752879,-2.999846333541878,1.2037988089815608,0.007654839150841754
31.018,1,-4.000123442491629,2.9963423117130263,1.2033301770478524,0.008607085245468035
31.031,0,-3.9987141422991863,-2.9997997171245014,1.2037729413165823,0.00740315882231878
31.031,1,-4.00015981976673,2.996409009742111,1.2032868562554513,0.008853614555974122
31.04,0,-3.9987656829172376,-2.999754020276359,1.203749319577121,0.007196854654515558
31.04,1,-4.000197435652723,2.996476953997847,1.2032419080191836,0.009066723404701785
31.05,0,-3.998815493013245,-2.9997091793320565,1.203725281094035,0.007067921980402998
31.05,1,-4.000236303389987,2.9965458529406277,1.203195450594934,0.009258910054603069
31.061,0,-3.998863293327079,-2.9996651524743925,1.2036985634893331,0.007004142982429228
31.061,1,-4.000276443526526,2.9966154007481745,1.2031474408326552,0.009432307393912544
31.071,0,-3.9989088317812014,-2.9996219251002336,1.20366764579148,0.007008013769033488
31.071,1,-4.000317892991514,2.9966852835009425,1.2030978534585384,0.009586771856717524
31.081,0,-3.998951894983892,-2.999579512179955,1.2036315210613984,0.007083957160834479
31.081,1,-4.00036071142119,2.9967551848331104,1.2030466832337074,0.009723684393666486
31.091,0,-3.9989923148920767,-2.999537958872177,1.203589739005036,0.0071966569963102444
31.091,1,-4.000404984837568,2.9968247907326973,1.2029941135807953,0.009816963265655745
31.101,0,-3.999029968131614,-2.999497339124273,1.2035430399428415,0.0072831652386604545
31.101,1,-4.000450826686668,2.996893793298547,1.2029411706325068,0.009833956207446539
31.111,0,-3.9990647710114233,-2.9994577482232856,1.2034922600683775,0.007348670090879704
31.111,1,-4.00049837106983,2.9969618952007466,1.202888828789364,0.009797638720945735
31.121,0,-3.999096670639253,-2.9994192950559273,1.2034379896252816,0.007400034646217886
31.121,1,-4.000547765502319,2.9970288137961556,1.2028377528726344,0.009726572391565314
31.131,0,-3.9991256368425296,-2.9993820961293576,1.2033806469988304,0.00744406327837889
31.131,1,-4.000599165336517,2.997094284038096,1.2027883932152283,0.009635301372871576
31.142,0,-3.9991516558860147,-2.999346270876279,1.2033205325144865,0.007485831969731528
31.142,1,-4.000652729260356,2.997158060441518,1.2027410509266674,0.009535274395775516
31.151,0,-3.9991747253810153,-2.999311938055869,1.2032579397698813,0.0075112225761520815
31.151,1,-4.000708615225923,2.997219918592382,1.202695744966665,0.00946032601964454
31.162,0,-3.9991948486778925,-2.9992792112337168,1.2031934560102548,0.007498675255572146
31.162,1,-4.000766976072763,2.9972796554337697,1.2026515840084129,0.009444824541207947
31.171,0,-3.9992120293825253,-2.9992481884870013,1.2031276053627429,0.0074619329096728025
31.171,1,-4.000827960509568,2.997337081486355,1.2026076827276504,0.009474668619462131
31.181,0,-3.999226265732621,-2.9992189428859852,1.203060750654771,0.007412555476885173
31.181,1,-4.000891713301325,2.9973920135561656,1.202563435645312,0.009541013257637542
31.192,0,-3.999237546505626,-2.9991915164970835,1.2029931431451781,0.007359272694132477
31.192,1,-4.000958374568662,2.99744427026744,1.2025184310066501,0.009638725082028857
31.201,0,-3.999245848406954,-2.9991659172633995,1.202925028118004,0.007280856050171058
31.201,1,-4.001028079073887,2.997493669176906,1.2024724469591848,0.00975751439639763
31.212,0,-3.999251134645605,-2.999142119842983,1.2028575790238114,0.007064523177963095
31.212,1,-4.001100950025602,2.997540024853343,1.2024255440754406,0.009889088220288967
31.222,0,-3.9992533722787766,-2.9991200677153755,1.2027922928324255,0.006744470462092419
31.222,1,-4.001177079728031,2.9975831487848827,1.2023778126944407,0.010033800441691507
31.233,0,-3.999252556633754,-2.9990996774895327,1.2027301906443684,0.006361191013089475
31.233,1,-4.0012565120287364,2.997622849521604,1.2023293163429316,0.010190165172157456
31.241,0,-3.9992487267259023,-2.9990808443021413,1.2026719504298669,0.0059442215430766734
31.241,1,-4.0013392312731275,2.997658933160461,1.2022800996937824,0.010355208281485968
31.251,1,-4.001425156700278,2.9976912039273476,1.2022302727749197,0.010513004624695928
31.252,0,-3.9992419734457867,-2.999063446950342,1.2026184287919104,0.005410594043594277
31.261,0,-3.999232438381603,-2.9990473544758487,1.2025717244148606,0.004704790136421131
31.261,1,-4.001514145318448,2.997719465783427,1.2021804448671425,0.010638218052521863
31.271,0,-3.9992203102661903,-2.9990324314590575,1.2025335697589175,0.003919131321214764
31.271,1,-4.001606005162851,2.997743534735078,1.2021312470352832,0.010740171061831442
31.28,0,-3.999205814975434,-2.999018544817163,1.2025050909666817,0.0031498256729462133
31.28,1,-4.001700513324294,2.9977632514131627,1.2020831073776892,0.01082715563875017
31.291,0,-3.999189205644749,-2.9990055692414086,1.2024869967211378,0.0025315399960945577
31.291,1,-4.0017974311144355,2.997778488901863,1.2020363127422382,0.010905422323729859
31.301,0,-3.99917075437299,-2.9989933909199014,1.2024797046215878,0.0022684881653728057
31.301,1,-4.0018965156841775,2.9977891574782762,1.2019910515223453,0.010979639742102981
31.311,0,-3.9991507460612468,-2.998981909540693,1.2024828626857698,0.002450456778937962
31.311,1,-4.001997528316482,2.9977952080757286,1.2019472043330521,0.011080490480103492
31.322,0,-3.999129474104557,-2.998971038630532,1.2024933547098486,0.002740852718675741
31.322,1,-4.002100239293128,2.9977966387236172,1.2019034875050287,0.011240374738172196
31.331,1,-4.002204434771807,2.9977934945120652,1.201858670779671,0.011440320618714294
31.332,0,-3.9991072281466806,-2.998960708664687,1.202508175690092,0.00295449590716216
31.34,0,-3.9990842871847194,-2.998950867851717,1.2025252600278888,0.0030687617924074484
31.34,1,-4.002309919948329,2.997785870495553,1.201811927122294,0.01166812608361136
31.351,0,-3.999060915881656,-2.9989414816230786,1.2025431885198874,0.003099171333805601
31.351,1,-4.0024165202516,2.99777391369968,1.2017627094628427,0.01191538078153687
31.361,0,-3.9990373619430604,-2.998932531865087,1.202560865709275,0.0030481936442872453
31.361,1,-4.002524081525408,2.9977578239365505,1.20171033925446,0.012217502931798307
31.371,0,-3.9990138564185593,-2.998924018530698,1.202577206580721,0.0029285497253334386
31.371,1,-4.002632467772478,2.997737850612289,1.2016527537266835,0.01263002003958842
31.381,0,-3.998990618246506,-2.998915965806601,1.2025914289663684,0.0027653855129312647
31.381,1,-4.002741558293231,2.9977142625639854,1.201588088362545,0.013134656149969509
31.391,1,-4.002851242844235,2.9976873223659672,1.2015151095413577,0.013716087736162723
31.392,0,-3.9989678588095834,-2.9989084271488626,1.2026030166195907,0.0025780888941030317
31.401,0,-3.9989457849992562,-2.9989014877582356,1.2026116371017375,0.0023819594677126138
31.401,1,-4.0029614174831245,2.9976572697696042,1.2014330198789434,0.014360513958136872
31.411,0,-3.9989246011039543,-2.9988952651185774,1.202617084603769,0.0021902893257087176
31.412,1,-4.003071981635487,2.997624310266688,1.201341322925857,0.015055158586864938
31.422,0,-3.998904509494576,-2.998889907810304,1.202619005082661,0.0020152923901164237
31.422,1,-4.003182836411717,2.997588605866515,1.2012404297497996,0.015652404484296435
31.431,0,-3.99888570832383,-2.998885590151069,1.202615993907807,0.0019395268193773602
31.431,1,-4.003293886298765,2.9975502679377652,1.201134140164696,0.015961498723577484
31.439,0,-3.998868387741977,-2.998882502424073,1.2026067642090343,0.0020807564469422393
31.439,1,-4.003405045120416,2.997509378789214,1.2010261208185027,0.01606040674197429
31.451,0,-3.9988527252133736,-2.9988808403293694,1.2025904787703556,0.002464377992320008
31.451,1,-4.003516244196672,2.997466007720154,1.2009188920723484,0.016015492886036407
31.462,0,-3.998838881686578,-2.998880796210384,1.202566611972464,0.003031193084608018
31.462,1,-4.003627438212265,2.9974202201813958,1.200814178801311,0.015877869973664315
31.471,0,-3.998827000372404,-2.9988825536140733,1.2025355155090238,0.0035443214402477775
31.471,1,-4.003738608590244,2.997372084578424,1.2007131454422726,0.015684799998278667
31.482,0,-3.9988172083205407,-2.99888628504308,1.2024999230237934,0.0038178862843137595
31.482,1,-4.003849763539368,2.997321678074151,1.200616575368266,0.015462289926829865
31.491,0,-3.9988096092323944,-2.9988921413163427,1.202462270772532,0.003922276251717274
31.491,1,-4.003960926637035,2.9972690980504777,1.2005249901502275,0.015227312153774012
31.502,0,-3.9988042809731876,-2.9989002458012446,1.2024242318531901,0.003917798454828447
31.502,1,-4.004072118159291,2.997214476540157,1.2004387286921188,0.01498950640492618
31.511,0,-3.998801275520233,-2.9989106919478203,1.2023869531289704,0.003850538697614231
31.511,1,-4.00418334075772,2.9971579899633687,1.200358002557091,0.014753444325186951
31.521,0,-3.998800619334806,-2.9989235420137197,1.2023510842626859,0.0037968402343686257
31.521,1,-4.004294570006529,2.9970998645780695,1.200282660683655,0.014564433082278656
31.531,0,-3.9988023154425982,-2.998938826909563,1.202316134865395,0.003852606265113461
31.531,1,-4.004405749793737,2.9970403772406655,1.2002107074926778,0.014493911153038894
31.541,0,-3.9988063583809224,-2.998956555851806,1.2022813902127754,0.003989997973515652
31.541,1,-4.004516794680574,2.996979839545211,1.2001400123171089,0.014492869793438995
31.55,0,-3.9988127495460244,-2.9989767262941105,1.2022463595873263,0.0041849787110687375
31.55,1,-4.004627594786349,2.9969185811496093,1.2000691188996655,0.014528517276756664
31.561,0,-3.998821506984113,-2.9989993303809896,1.2022107077476683,0.004420884864576633
31.561,1,-4.0047380202538045,2.99685693797288,1.1999970396983557,0.014580881369871563
31.571,0,-3.9988326715933504,-2.9990243595486854,1.2021742064984116,0.004686766237532671
31.571,1,-4.00484792526698,2.996795243092063,1.199923110227978,0.014637585152228795
31.581,1,-4.004957151523438,2.9967338197834037,1.199847164783834,0.01464856109836891
31.582,0,-3.9988463105867167,-2.999051807819147,1.2021367536343346,0.004962818683958777
31.592,0,-3.9988625170561867,-2.999081674048209,1.2020986384901615,0.005223022622350953
31.592,1,-4.005065530623289,2.996672974065298,1.1997704768054,0.014554762195558372
31.601,0,-3.998881398531473,-2.999113960051269,1.202060203986381,0.005478335665584072
31.601,1,-4.005172887362173,2.996612980494204,1.199694327983526,0.01438108669529342
31.611,1,-4.005279042502925,2.996554068568729,1.1996195826865135,0.014147995854978139
31.611,0,-3.9989030635292586,-2.99914866823975,1.2020216839899225,0.005736757970958076
31.621,0,-3.998927611842781,-2.9991858001496556,1.2019832363451937,0.006002879706972832
31.621,1,-4.0053838150372805,2.996496414160564,1.1995468156572573,0.013870993885183685
31.63,1,-4.005487024301866,2.9964401349711918,1.1994762821963634,0.013577995545096547
31.631,0,-3.9989551277217874,-2.999225355490012,1.2019450145484323,0.006271065135747348
31.641,0,-3.998985671699523,-2.999267332150922,1.2019072983261767,0.006537062828496131
31.641,1,-4.005588490002119,2.9963852938888222,1.1994077049075746,0.013288100887551259
31.651,0,-3.999019265233624,-2.999311726720449,1.2018703152009569,0.006805021278633946
31.651,1,-4.005688026224274,2.996331915902489,1.1993407901426545,0.01299627231410254
31.661,0,-3.999055878042961,-2.999358535511565,1.2018342166917966,0.007075596481670133
31.661,1,-4.00578543620758,2.99628000514422,1.1992753274150318,0.012698370737580983
31.671,0,-3.9990954211671306,-2.999407755338513,1.2017991018501997,0.0073469978791322775
31.671,1,-4.00588050972501,2.996229557893603,1.1992111678772908,0.012390750289961366
31.681,0,-3.9991377433103916,-2.9994593832569203,1.2017647526393378,0.007652425625743644
31.681,1,-4.005973022384801,2.996180571809117,1.1991481391285956,0.012080638861311343
31.691,1,-4.006062738077885,2.9961330501627303,1.1990857870394287,0.01177898659828558
31.692,0,-3.999182629743514,-2.9995134134341606,1.201729616501535,0.008026639534701783
31.701,0,-3.9992298140119424,-2.999569837973427,1.2016922223220485,0.008439424452308584
31.701,1,-4.006149414526292,2.9960869999345583,1.199023695695699,0.011479404106149121
31.711,0,-3.9992789881343236,-2.999628645052584,1.2016515821884108,0.008872620500433257
31.711,1,-4.0062328100651206,2.996042427704442,1.198961576110628,0.011178364110333695
31.721,0,-3.9993298109012936,-2.9996898166226735,1.2016070446627423,0.009314531745045717
31.721,1,-4.00631268934888,2.99599933643827,1.1988992280333863,0.010874587762116234
31.731,0,-3.9993819154439274,-2.9997533269905463,1.201558190819716,0.00975694059478807
31.731,1,-4.006388827733702,2.995957723282132,1.1988365129067429,0.010568374926503617
31.741,0,-3.999434916342065,-2.9998191430865546,1.2015051619301644,0.010130945302138598
31.741,1,-4.006461013626942,2.995917578462993,1.1987735660618994,0.010219225744525103
31.747,0,-3.9994884157276394,-2.9998872293364824,1.2014500721555172,0.010351067614179824
31.747,1,-4.006529047731721,2.995878885119371,1.198711631089174,0.00977370726278711
31.761,0,-3.999542004572855,-2.9999575487079855,1.2013949718231982,0.010458306465716587
31.762,1,-4.0065927509706905,2.995841615235713,1.1986518900924121,0.009259171842657022
31.771,0,-3.9995952661212795,-3.000030067736907,1.201341250552708,0.010487805785665848
31.771,1,-4.006651968883967,2.995805727224805,1.1985951306289446,0.008697772940776092
31.781,0,-3.9996477799352603,-3.0001047614990384,1.2012898371326497,0.010465988346965981
31.781,1,-4.006706573050084,2.995771165186928,1.1985418652399582,0.008107029877872738
31.791,0,-3.999699126445177,-3.00018161523918,1.2012407269582475,0.010495040891529289
31.791,1,-4.006756463125092,2.995737858544699,1.1984920909251275,0.007561336624128886
31.801,0,-3.9997488970661017,-3.0002606175918745,1.2011908232453474,0.010683432079855015
31.801,1,-4.006801569983074,2.995705722083537,1.1984441542584503,0.00715027428880828
31.811,0,-3.999796703698487,-3.000341756452049,1.2011370885272261,0.010990646193597969
31.811,1,-4.006841838505706,2.995674661745501,1.1983964084160132,0.006849857815972819
31.821,0,-3.9998421885264586,-3.0004250089896005,1.2010774688091952,0.011395841740567436
31.821,1,-4.006877215118791,2.9956445791431423,1.1983477144870418,0.006646048157752466
31.83,0,-3.9998850317856105,-3.0005103327509466,1.2010105929652783,0.011884988693723151
31.83,1,-4.006907641554494,2.9956153744155034,1.1982972834189722,0.006531646628459972
31.842,0,-3.999924956200559,-3.0005976604911915,1.2009357203407631,0.01240795951204978
31.842,1,-4.006933050311712,2.995586948554847,1.1982446898358903,0.006467112276191146
31.851,0,-3.9999617248175063,-3.000686900499667,1.2008539335143409,0.012837723267978595
31.851,1,-4.006953360537639,2.99555920619646,1.1981905009495275,0.006377594962401957
31.861,0,-3.999995142825269,-3.000777935745638,1.2007668412729944,0.013185822901891634
31.861,1,-4.006968488409272,2.995532058787462,1.1981354478854918,0.006279714452447908
31.871,0,-4.000025057292725,-3.0008706261238944,1.200675586477493,0.013471692872230776
31.871,1,-4.006978357392954,2.9955054281443334,1.19808002471021,0.006190772991830154
31.881,0,-4.000051353331866,-3.0009648130723554,1.2005809827669756,0.013711053106169555
31.881,1,-4.006982904005098,2.9954792490982904,1.1980245594816914,0.006124616591501812
31.892,0,-4.000073950314424,-3.00106032381955,1.2004836053153216,0.013916250272271311
31.892,1,-4.006982081725739,2.9954534710136644,1.1979692650025,0.006091477010948913
31.901,1,-4.006975863170338,2.9954280584307797,1.1979143250125734,0.006081648023414064
31.902,0,-4.00009279722898,-3.0011569754815497,1.2003842050762772,0.014030600022023304
31.911,1,-4.006964238868431,2.995402990982444,1.1978603242871835,0.006056046458684024
31.912,0,-4.0001078706842925,-3.001254579130031,1.2002845703942193,0.014011653628163213
31.921,0,-4.000119190125182,-3.0013529412663176,1.200186206287958,0.013901306489274198
31.921,1,-4.006947218117723,2.995378261632258,1.197807895377645,0.006036188262755027
31.931,0,-4.0001268281727596,-3.0014518666913808,1.200090142025098,0.013729725779796512
31.932,1,-4.006924828211281,2.9953538742598216,1.1977574519809973,0.0060405556075824735
31.941,0,-4.000130915014579,-3.0015511613552883,1.1999970736645096,0.013518032838176123
31.941,1,-4.0068971119266665,2.9953298415418628,1.1977092528767739,0.006080878623850456
31.951,1,-4.00686412537347,2.9953061830035557,1.19766344956602,0.006163041875059255
31.952,0,-4.000131640405677,-3.001650634620174,1.1999070847256417,0.01334758737524401
31.961,0,-4.000129251771897,-3.001750101007416,1.1998188156916347,0.01327427073186604
31.961,1,-4.006825938034174,2.995282921326752,1.197620119333591,0.006288528983004212
31.971,0,-4.000124036719335,-3.0018493815962444,1.1997310188521246,0.013262397553380394
31.971,1,-4.0067826370265776,2.9952600747765414,1.1975792931580818,0.006454501059467041
31.981,0,-4.0001163099304025,-3.00194830439536,1.199642837961276,0.013289298697743295
31.981,1,-4.006734331305839,2.9952376502299867,1.197540970583403,0.006656531682691304
31.992,0,-4.000106403712124,-3.002046704623166,1.1995536811322702,0.01333945867389398
31.992,1,-4.006681153989803,2.9952156385837876,1.1975051230231364,0.006888347413774118
32.001,0,-4.000094658344655,-3.002144424293961,1.1994640230981304,0.01325774728684737
32.001,1,-4.006623266347879,2.9951940119904252,1.1974709617759058,0.00722571492071536
32.011,0,-4.000081412938191,-3.002241308083104,1.199376576147837,0.012980597316558647
32.011,1,-4.006560858237985,2.9951727254576985,1.1974359165522857,0.0076783461420257765
32.022,0,-4.000067002101411,-3.0023371967159944,1.199293562618261,0.012573128551094126
32.022,1,-4.006494126602265,2.9951517253938253,1.197397916186014,0.008201673879277982
32.031,0,-4.0000517484102796,-3.002431920295575,1.199216468720466,0.012082728952500578
32.031,1,-4.00642326535406,2.995130956954288,1.1973555688248783,0.00877312796755605
32.041,0,-4.000035956281785,-3.002525293964169,1.199146268693128,0.011543523701022169
32.041,1,-4.006348459736422,2.995110369211537,1.1973079503873847,0.009378752216739358
32.051,0,-4.000019907823292,-3.0026171157840187,1.1990835795559824,0.010979248271142075
32.051,1,-4.006269882290776,2.995089918808123,1.1972544599441068,0.010008672667496266
32.061,0,-4.000003860169294,-3.0027071664425287,1.199028728082871,0.0104134285179665
32.061,1,-4.006187687899654,2.995069572380479,1.1971953740208803,0.01055424518297692
32.071,0,-3.9999880421997953,-3.002795211672853,1.1989816602717605,0.009863463730544005
32.072,1,-4.0061020109962975,2.99504930654756,1.1971333191089244,0.010927124702527876
32.081,0,-3.9999726476134807,-3.00288100808928,1.1989422175837663,0.009330828120969614
32.081,1,-4.006012987446972,2.995029103778374,1.197070638260202,0.011178704725229808
32.092,0,-3.999957828738784,-3.0029643098950483,1.1989102397344926,0.008817376649324669
32.092,1,-4.005920767688544,2.9950089481897053,1.1970089357030087,0.01134892739950128
32.101,0,-3.9999436932417827,-3.0030448744459006,1.1988855704912325,0.008326218283740661
32.101,1,-4.0058255234924305,2.9949888225300714,1.196949300097288,0.011465649981723891
32.111,0,-3.999930303003614,-3.0031224674175316,1.1988677987558034,0.007874648146948429
32.111,1,-4.005727451988568,2.994968706216871,1.1968923892937768,0.011556525035776762
32.121,0,-3.9999176776394347,-3.003196869145383,1.1988556557304153,0.0074601381604526085
32.121,1,-4.005626775598112,2.9949485764144677,1.196838364655489,0.011637789728969887
32.131,0,-3.999905807137455,-3.0032678771313335,1.1988480194092084,0.007062279436222269
32.132,1,-4.005523734597671,2.994928414408184,1.1967872609101464,0.011708496242128096
32.141,0,-3.999894664137459,-3.0033353097812117,1.1988440888126086,0.006670641306500514
32.141,1,-4.005418579631197,2.9949082119346806,1.1967390886315925,0.011767445085606445
32.151,0,-3.999884212970689,-3.003399009473393,1.1988432813771024,0.006280761598237264
32.151,1,-4.005311565908611,2.9948879753223743,1.1966938398706841,0.011813749671419682
32.161,0,-3.999874416296917,-3.003458844350238,1.1988451575590404,0.005891311534715841
32.161,1,-4.005202948557773,2.9948677278322355,1.1966514948246414,0.011846404414112183
32.171,0,-3.999865240041459,-3.003514708478705,1.1988495210537293,0.005507668662986928
32.171,1,-4.005092978915311,2.994847510698721,1.196612071510898,0.01186014485749456
32.181,0,-3.9998566569086456,-3.0035665195233316,1.1988574937432823,0.005164465331673467
32.181,1,-4.004981903480266,2.9948273838442536,1.1965758710655288,0.011847442707167382
32.191,0,-3.999848645342042,-3.0036142331954734,1.198870488251263,0.004904990531449892
32.191,1,-4.004869970817451,2.994807427703744,1.196543203858728,0.011813183342653182
32.201,0,-3.999841187209456,-3.003657858959785,1.1988894340027767,0.004769827190961961
32.201,1,-4.004757439580038,2.99478774471489,1.1965142631012196,0.011759797324223506
32.211,0,-3.9998342663837474,-3.003697467250126,1.1989149149715124,0.004785705523011589
32.211,1,-4.004644583396738,2.9947684594792707,1.1964891596328049,0.011687704760077043
32.221,0,-3.9998278676708092,-3.003733192365278,1.1989472750320276,0.004957249572539258
32.221,1,-4.004531693285566,2.9947497178376827,1.1964679460882368,0.011596163289480533
32.231,0,-3.9998219759543088,-3.0037652322335564,1.1989866170889785,0.005250517548620979
32.231,1,-4.004419077924739,2.994731684812992,1.19645034348062,0.011495787558013965
32.242,0,-3.9998165743502163,-3.00379384278038,1.1990325686181027,0.005608180027877455
32.242,1,-4.004307057466844,2.994714538400641,1.1964346760166746,0.01139350870215818
32.252,0,-3.999811639980739,-3.0038193183956152,1.199084709407556,0.006009749156444648
32.252,1,-4.004195945577418,2.994698457732482,1.1964193402670722,0.011278067845713993
32.261,0,-3.9998071397268378,-3.0038419722677205,1.1991427098299678,0.006439647287508572
32.261,1,-4.004086031257953,2.9946836106831896,1.196403230072419,0.011148264380606985
32.27,0,-3.999803027563662,-3.003862121796065,1.1992063050279727,0.006887083735530733
32.271,1,-4.003977566185651,2.9946701448324076,1.196385584586804,0.011007453101658989
32.282,0,-3.999799243204007,-3.0038800779847286,1.199275176477589,0.007318018666784228
32.282,1,-4.003870758000133,2.9946581828138514,1.1963667101352917,0.01082079789732874
32.291,0,-3.9997957123310153,-3.0038961383459255,1.1993487076649818,0.007707339028950256
32.291,1,-4.003765771259468,2.9946478229106224,1.1963498616735304,0.010564730199376553
32.301,0,-3.999792349020415,-3.003910581609178,1.199426367586596,0.008065443642396336
32.301,1,-4.003662726094273,2.9946391349050043,1.1963379167951673,0.010285850136598444
32.311,0,-3.9997890584173335,-3.0039236651244674,1.1995077654439872,0.00839958974531032
32.311,1,-4.003561702261287,2.994632160957056,1.1963328015184984,0.010030397056684607
32.321,0,-3.9997857391069522,-3.003935623533511,1.1995926044335912,0.008714663599633762
32.321,1,-4.003462744396646,2.9946269181302196,1.1963357799092242,0.009836426889821052
32.331,1,-4.003365866947858,2.9946234010293717,1.196347652953376,0.009731182999473058
32.332,0,-3.9997822852688616,-3.0039466682367437,1.1996806516779066,0.009014126047817877
32.342,0,-3.9997785889564375,-3.0039569880664847,1.1997708763229884,0.009077630049813388
32.342,1,-4.003271057215004,2.9946215829734726,1.196368073450563,0.009675502200130973
32.351,0,-3.99977454452175,-3.003966751061211,1.199859445481687,0.008741693392184155
32.351,1,-4.003178277624863,2.9946214123212793,1.1963936853650716,0.009576757292024377
32.361,0,-3.999770054709251,-3.00397610396286,1.1999430739295445,0.008136928626066051
32.361,1,-4.003087481769359,2.9946228115138998,1.196421475111893,0.009423272721420493
32.372,0,-3.999765036336803,-3.003985174655745,1.2000195583029032,0.007354928207375295
32.372,1,-4.002998624024964,2.9946256718214443,1.1964493570553008,0.009225213015501136
32.38,0,-3.9997594241743717,-3.003994074789498,1.200087445315126,0.006460083348922367
32.38,1,-4.0029116650555014,2.99462984975617,1.196475894800523,0.008996895316180196
32.391,0,-3.999753173169105,-3.004002901919658,1.2001458885470353,0.005524346511086478
32.391,1,-4.00282657565928,2.994635166097829,1.1965001736041405,0.008759334559902318
32.401,0,-3.9997462598128597,-3.0040117418012,1.2001948205007194,0.004613172496127533
32.401,1,-4.002743340296663,2.9946414092340348,1.1965225783596138,0.008550780254901393
32.411,0,-3.999738684517634,-3.004020671692388,1.2002343883122668,0.003736014798754788
32.411,1,-4.002661954131576,2.994648347736,1.1965440639369185,0.008362602237269468
32.421,0,-3.999730473032912,-3.0040297634308253,1.200264750574838,0.002909020510372642
32.421,1,-4.002582417775872,2.9946557487083862,1.1965652782376168,0.008186368248717787
32.431,0,-3.999721676383972,-3.004039085721825,1.2002860667971926,0.0021677450150370645
32.432,1,-4.002504734412596,2.9946633928886834,1.1965866421410023,0.008017393040382669
32.441,0,-3.999712369864664,-3.0040487057676852,1.2002984910491208,0.001605062455704822
32.441,1,-4.002428907693282,2.9946710851650105,1.1966084224898856,0.007853151307334532
32.451,0,-3.9997026508930156,-3.0040586907153317,1.20030348557002,0.0014481832963415037
32.451,1,-4.002354941146184,2.994678661242476,1.1966313647932048,0.00773500840603749
32.461,1,-4.0022828357286055,2.9946859884578663,1.1966575452432504,0.007696623332788881
32.462,0,-3.999692635622005,-3.0040691052871376,1.200305644065252,0.0014810017477707212
32.471,0,-3.999682455705078,-3.004080000110471,1.2003086913092702,0.001568444897554293
32.472,1,-4.0022125784124665,2.994692960401741,1.1966886028115407,0.007743084396213732
32.481,0,-3.9996722531499587,-3.004091402143666,1.2003151599593604,0.001765860792167781
32.481,1,-4.002144135008084,2.9946994908864157,1.1967256069252574,0.007878465447916722
32.491,0,-3.999662175820082,-3.004103308839016,1.2003267633071755,0.0021222234533367795
32.491,1,-4.002077446374518,2.9947055090042958,1.1967692381553288,0.008102063439626203
32.501,0,-3.9996523734584426,-3.004115685072857,1.2003442247292695,0.0025290142177847247
32.501,1,-4.002012425800726,2.994710955563598,1.1968193987399207,0.00832837824734514
32.511,0,-3.99964299094839,-3.0041284639489123,1.2003659239673121,0.002797817687719144
32.511,1,-4.001948957269326,2.9947157810817098,1.196874590680934,0.00849757696171711
32.521,0,-3.9996341561304396,-3.0041415562583675,1.200390107830026,0.0029474809475959086
32.521,1,-4.001886897560219,2.9947199439305794,1.196933532265806,0.008622902415245576
32.53,0,-3.9996259681252324,-3.004154860185051,1.2004155686750788,0.0030085328024671777
32.53,1,-4.00182607677182,2.994723409643558,1.1969953177221286,0.008717749309490614
32.541,0,-3.9996184895393334,-3.0041682685418563,1.2004414774725607,0.0030063600780807524
32.541,1,-4.00176629953027,2.994726150400052,1.1970592992518083,0.008793538937450102
32.55,1,-4.001707347146743,2.9947281444915688,1.1971250084984038,0.00885929567999067
32.551,0,-3.9996117419642285,-3.0041816742579943,1.2004672659115507,0.0029598956363458043
32.561,0,-3.999605704184589,-3.004194974504048,1.2004925040538625,0.002872461096621374
32.561,1,-4.001648980325647,2.9947293759483324,1.1971918894647304,0.008869241229373884
32.571,0,-3.9996003155526245,-3.0042080732158047,1.2005166951959132,0.0027413947702597187
32.571,1,-4.001590941863024,2.9947298349987586,1.1972580834918178,0.008731766840524036
32.581,0,-3.9995954892052836,-3.0042208812000464,1.200539447875973,0.002581357194703333
32.581,1,-4.001532959813486,2.9947295167750205,1.1973217247540409,0.008499398094781146
32.592,0,-3.999591126343104,-3.004233315466157,1.2005605080839008,0.002402844633743007
32.592,1,-4.001474749647222,2.9947284205540523,1.197381536416153,0.008218897537454086
32.6,0,-3.999587126951145,-3.004245298749588,1.2005797171715358,0.002213065408059482
32.6,1,-4.001416016487088,2.994726549516905,1.1974366582914726,0.007926768744636863
32.611,0,-3.9995833975720143,-3.0042567590832707,1.2005971239358668,0.002055019519898975
32.611,1,-4.001356457624251,2.9947239103537235,1.1974866334658703,0.007675440730693019
32.617,0,-3.9995798551341553,-3.004267626992642,1.2006137534679788,0.002001002298043259
32.617,1,-4.001295768401497,2.9947205131240584,1.1975319647328142,0.00752180124544121
32.631,0,-3.9995764231468067,-3.0042778269065225,1.2006307040111692,0.002023632946060137
32.631,1,-4.001233662342413,2.99471637452946,1.1975733361924634,0.007446658881397182
32.641,0,-3.999573025924185,-3.00428726747248,1.2006487305380256,0.002103429193739377
32.641,1,-4.001169893209241,2.994711521197695,1.1976112280673745,0.007432376525334495
32.65,0,-3.9995695844501395,-3.004295835046048,1.2006683423905367,0.0022267435660090775
32.65,1,-4.001104269946344,2.994705991474092,1.1976459786603972,0.007464887614364171
32.661,0,-3.9995660136948255,-3.0043033901788077,1.2006898782075728,0.002383484589986174
32.661,1,-4.0010366657163265,2.994699836223805,1.1976778328867301,0.0075316504730913005
32.671,0,-3.9995622211400823,-3.004309766117651,1.2007139860856517,0.002666297808360736
32.671,1,-4.000967022072121,2.994693118836126,1.1977070456170273,0.007628524413177182
32.682,0,-3.999558109614385,-3.0043147747426064,1.2007422584489544,0.0031143912092740055
32.682,1,-4.000895348708922,2.994685915500172,1.1977340126551266,0.007745998593391348
32.691,1,-4.000821720052811,2.9946783166707007,1.19775905132626,0.007870319994861189
32.692,0,-3.9995535872931436,-3.0043182264432438,1.2007759439910544,0.003678628196530059
32.701,1,-4.000746269945842,2.994670427867949,1.197782391949852,0.007990861300361932
32.701,0,-3.9995485768200707,-3.004319947516444,1.2008158589786875,0.004321345000524738
32.71,0,-3.999543021407563,-3.0043197921432823,1.2008625187946216,0.005014356035636219
32.71,1,-4.000669185548588,2.994662369475674,1.197804205220544,0.008099143788489378
32.722,0,-3.9995368885054616,-3.004317650139253,1.2009162263969568,0.0057373197411305825
32.722,1,-4.000590700762585,2.9946542757821555,1.1978246200397864,0.008188433687814009
32.731,0,-3.999530172284863,-3.0043134539868452,1.2009758239656627,0.006129460570574397
32.731,1,-4.000511089388922,2.994646293426646,1.1978436729450912,0.008249666783617906
32.742,0,-3.999522894915639,-3.0043071844473634,1.2010356307067018,0.005926986536764246
32.742,1,-4.000430654955706,2.994638578200222,1.1978611668668298,0.008277642642249798
32.749,1,-4.000349713135692,2.994631289062435,1.1978769166403611,0.00827438004431385
32.75,0,-3.999515100135246,-3.004298850719967,1.2010907161128135,0.005333904697161008
32.762,0,-3.9995068490937036,-3.0042884789697957,1.2011377628084934,0.004499138059627279
32.762,1,-4.000268575782098,2.9946245824729316,1.1978907955192901,0.008242436592604454
32.77,0,-3.999498217580861,-3.004276106197201,1.2011745598708876,0.0035488773779558656
32.77,1,-4.000187539483938,2.994618608218318,1.1979027138350178,0.008184947989239178
32.781,0,-3.999489293459852,-3.004261774924492,1.201200001256973,0.002718629922865593
32.781,1,-4.000106877453506,2.9946135065240735,1.1979128487891533,0.008114514498425728
32.791,0,-3.999480175718828,-3.00424552612353,1.2012157211152603,0.002281888089681823
32.791,1,-4.000026838237766,2.9946094083321273,1.1979229585082525,0.008048524336320695
32.801,0,-3.9994709805475788,-3.0042274016913835,1.201223842093884,0.0021692429695306854
32.801,1,-3.9999476564852787,2.994606437166243,1.1979348956661255,0.007985782956922633
32.812,0,-3.999461847672915,-3.004207445360846,1.2012258634875461,0.002266150392085898
32.812,1,-3.9998695666262765,2.9946047124506516,1.197949910546926,0.007930838457105276
32.821,1,-3.999792812759258,2.9946043524272135,1.1979688288285248,0.00788842637717398
32.821,0,-3.999452943728024,-3.0041857013411257,1.2012228492103623,0.0024693932196188633
32.831,0,-3.999444463444907,-3.00416221332849,1.2012155777503966,0.0027156523864081484
32.832,1,-3.999717654799015,2.99460547596337,1.1979921820192592,0.00786193715552608
32.841,0,-3.999436628745357,-3.004137024013224,1.201204549922015,0.0029825068591678395
32.841,1,-3.9996443717090306,2.9946082035630472,1.1980203386074677,0.007857434267488174
32.851,0,-3.999429682452851,-3.0041101752390684,1.2011898824179397,0.0032682774884687585
32.851,1,-3.9995732599300604,2.9946126579932906,1.1980537043179404,0.007884543660096834
32.861,0,-3.9994238733095835,-3.0040817081297844,1.2011716339794556,0.003567348936148618
32.861,1,-3.9995046219077204,2.9946189640165524,1.1980925751951956,0.007945908343281533
32.872,0,-3.9994194412234334,-3.0040516637181613,1.2011498784486476,0.003876247896477751
32.872,1,-3.999438753379795,2.9946272479537206,1.1981371135302543,0.008043722254242769
32.881,0,-3.9994166065847985,-3.0040200834731836,1.2011246985918185,0.004192269208699876
32.881,1,-3.9993759339254,2.994637637072862,1.1981873924708364,0.008179878221150426
32.892,0,-3.9994155632059405,-3.003987009386696,1.201096372881011,0.004480768570440184
32.892,1,-3.9993164200845968,2.9946502587008115,1.198243379120002,0.008345097277969678
32.901,1,-3.9992604380443533,2.9946652391256348,1.1983046900349983,0.008516315689597752
32.902,0,-3.9994164715458096,-3.0039524849336234,1.2010658044037128,0.0047132498114761095
32.911,1,-3.9992081740572987,2.9946827050796783,1.1983709019292554,0.008700311856288277
32.912,0,-3.999419445669771,-3.0039165605787526,1.20103377955566,0.004906339348419231
32.921,0,-3.999424543356962,-3.0038792979224245,1.2010008511793204,0.005071487702456718
32.921,1,-3.9991597649863917,2.994702785110239,1.19844169645767,0.008903049322907154
32.931,0,-3.999431761231243,-3.003840771936529,1.2009674119754463,0.00521614385985965
32.931,1,-3.999115292433516,2.9947256098648376,1.1985168246209883,0.009129632411324763
32.941,0,-3.9994410335873822,-3.0038010719453627,1.2009337401502922,0.005344204547499366
32.941,1,-3.999074780430507,2.994751311848378,1.198596090564554,0.009383639376718184
32.952,0,-3.999452233657828,-3.0037603017383914,1.2008998845151166,0.00548144303767079
32.952,1,-3.9990381933478067,2.9947800228714625,1.1986787340156169,0.009526456412920839
32.961,0,-3.9994651810601,-3.0037185759835654,1.2008653343387132,0.005645274455580944
32.961,1,-3.9990054354562066,2.9948118669324684,1.1987620014788214,0.009449768941819295
32.972,0,-3.999479662050276,-3.0036760084838905,1.2008296280643715,0.005821797904555317
32.972,1,-3.998976372705847,2.9948469618530242,1.1988435210563835,0.009234868481228885
32.981,0,-3.999495448580743,-3.0036327014191664,1.2007924616954748,0.0060029305352741645
32.981,1,-3.9989508466317587,2.9948854154510065,1.1989216847898416,0.008943314168344827
32.991,0,-3.9995123123959915,-3.0035887380910986,1.2007536403948722,0.006184211997242665
32.991,1,-3.9989286831553317,2.994927321355823,1.1989954136260674,0.008621226433799752
33.002,0,-3.9995300357436983,-3.0035441781196206,1.2007136069781401,0.006267535326262063
33.002,1,-3.9989096988990616,2.9949727555533157,1.199063788277389,0.008259603088539479
33.011,0,-3.9995484184314356,-3.003499057102359,1.2006747407623806,0.006185207524057462
33.011,1,-3.998893704595294,2.995021773388671,1.1991254531898727,0.007861991925020793
33.022,0,-3.999567277878309,-3.0034533958162406,1.2006391050196907,0.00600637820713344
33.022,1,-3.9988805098911655,2.9950744130777087,1.1991793578927512,0.0074897556856591005
33.032,0,-3.9995864497254026,-3.0034072087620567,1.2006080741897567,0.005786449779482414
33.032,1,-3.998869924862824,2.995130697371078,1.199224832928348,0.007191371259430353
33.037,0,-3.999605788286465,-3.0033605102871794,1.2005825442467577,0.005568157096153104
33.037,1,-3.998861760813597,2.995190634488289,1.1992614701156712,0.007003356010706424
33.051,0,-3.9996251664318327,-3.0033133189795245,1.2005630832841447,0.005383737244680415
33.051,1,-3.9988558311161415,2.9952542191378706,1.1992890400022787,0.00694882266318598
33.061,0,-3.9996444750708915,-3.003265660685773,1.2005499145003433,0.00526334201402203
33.061,1,-3.9988519526718513,2.995321434763168,1.199307759414557,0.007059102145576634
33.071,0,-3.999663620565217,-3.0032175695670036,1.2005425540119223,0.005212900462941518
33.071,1,-3.9988499491635996,2.9953922590927253,1.1993200441105996,0.007316254540662759
33.081,0,-3.999682516962777,-3.003169085183468,1.2005404459724307,0.0052141464809164085
33.082,1,-3.998849643864912,2.995466648032447,1.1993284893063851,0.007632295072261112
33.091,1,-3.99885085487588,2.9955445225843897,1.199334901762408,0.007965177469087254
33.091,0,-3.999701077974384,-3.00312024907374,1.2005431683851735,0.0052538518729275795
33.101,0,-3.9997192114491735,-3.0030711022628056,1.2005503945039973,0.005322667971596708
33.101,1,-3.998853393996382,2.995625763978715,1.1993405329142897,0.00829573961128974
33.111,0,-3.9997368158830042,-3.0030216834527255,1.2005619589872558,0.005423978035442449
33.111,1,-3.998857066184767,2.995710211117703,1.1993460600063808,0.008609793777485551
33.122,0,-3.999753778980678,-3.002972026983544,1.2005790312334126,0.0056173313161533385
33.122,1,-3.9988616693047434,2.9957976599642597,1.1993506404435579,0.008895545831292468
33.132,0,-3.999769984995834,-3.0029221594486804,1.2006032775155755,0.005933579202037949
33.132,1,-3.9988669982232703,2.995887880047668,1.1993531782910227,0.009158052238774198
33.141,1,-3.9988728482475677,2.9959806306599144,1.1993529353509267,0.009402823266897994
33.141,0,-3.9997853263067404,-3.002872095574925,1.2006357960187841,0.006377498755956706
33.151,0,-3.9997997116224404,-3.002821835262248,1.2006772720226893,0.006937188204241005
33.151,1,-3.99887901728297,2.9960756713024823,1.199349421033193,0.009634203671759184
33.161,0,-3.9998130714228153,-3.0027713620586796,1.2007281075776812,0.007590710746752749
33.161,1,-3.998885307681838,2.996172769480644,1.1993423170998945,0.00985543020847762
33.172,0,-3.9998253621450424,-3.0027206430106106,1.2007875227390064,0.0081135115996004
33.172,1,-3.998891527833795,2.9962717062478967,1.1993314253345213,0.010068951157290566
33.182,0,-3.999836567199977,-3.002669629281573,1.200851315357644,0.008310464807217173
33.182,1,-3.9988974949193787,2.996372279145851,1.1993166298202542,0.010276627476557974
33.191,0,-3.9998466839087703,-3.0026182540228827,1.2009157969264643,0.008274729751994137
33.191,1,-3.998903040400635,2.9964743019941764,1.1992978670892824,0.01047990036662582
33.201,1,-3.9989080149928737,2.996577603764604,1.1992751097576202,0.010679849487904115
33.202,0,-3.9998557135789867,-3.0025664314812457,1.2009784446748542,0.008085762782944168
33.211,0,-3.9998636552767066,-3.002514057405138,1.2010375427339326,0.007805541334511976
33.211,1,-3.9989122918272897,2.996682027519052,1.1992483554838482,0.010877390750778228
33.22,0,-3.9998705015814573,-3.002461010230176,1.2010919353438354,0.007481946185404689
33.22,1,-3.998915768163626,2.9967874294244172,1.1992176192551025,0.011073199661544787
33.231,0,-3.9998762361866587,-3.0024071532278502,1.2011406479598246,0.007116582581532288
33.231,1,-3.9989183654573734,2.9968936781786666,1.1991834227466756,0.011226116637255104
33.241,0,-3.99988083440162,-3.0023523417982263,1.2011822775301997,0.006726045263907038
33.241,1,-3.9989200265413123,2.9970006522127184,1.1991479528733766,0.01129784360340718
33.251,0,-3.9998842658800893,-3.002296438868561,1.2012157347219394,0.006376663015190858
33.251,1,-3.998920712438868,2.997108228522039,1.1991130959067882,0.011309965362309058
33.261,0,-3.9998864985096207,-3.002239329877181,1.2012403186828036,0.006121940797164684
33.261,1,-3.9989203975843997,2.997216273968326,1.1990801169078975,0.011281342322432546
33.271,0,-3.9998875015331308,-3.0021809330571583,1.201255594177032,0.006001090099508657
33.272,1,-3.998919065611533,2.997324640011727,1.1990498503151952,0.011225619364099158
33.281,0,-3.9998872467589446,-3.0021212046191597,1.201262098817681,0.006043770847451647
33.281,1,-3.9989167060054793,2.9974331598212895,1.199022919735914,0.0111464188550976
33.291,0,-3.999885708244296,-3.0020601392141075,1.2012631460845105,0.006169803814610481
33.291,1,-3.9989133101723713,2.997541649171981,1.1990000407584243,0.011048159184197586
33.301,0,-3.9998828692756736,-3.0019977751238582,1.20126166845198,0.0063052905032464105
33.301,1,-3.9989088661327656,2.9976499128200054,1.1989817440005244,0.010941246149283202
33.311,0,-3.999878725526025,-3.0019341940022706,1.2012596797674555,0.00642960170348675
33.311,1,-3.998903353699728,2.9977577516500347,1.1989683621564113,0.010832906909534208
33.321,0,-3.9998732860630226,-3.0018695180734807,1.2012585581262185,0.0065404788361901195
33.321,1,-3.99889674135655,2.997864968264117,1.1989600913541898,0.010728260601819658
33.332,0,-3.9998665735992947,-3.0018039064686834,1.2012592376924223,0.006640176327862309
33.332,1,-3.9988889845620457,2.9979713711754603,1.1989570337776527,0.010630971895307633
33.341,0,-3.9998586240915963,-3.0017375510866136,1.201262429948086,0.00673289066440706
33.341,1,-3.998880025376064,2.998076778098178,1.1989590314491712,0.010541008006940614
33.351,0,-3.9998494854872724,-3.0016706718086548,1.2012694209017902,0.006834877549438494
33.351,1,-3.998869795185861,2.9981810204023884,1.1989640412783589,0.010438749460140548
33.362,0,-3.9998392188502447,-3.0016035116380504,1.2012815034256452,0.006962629269644787
33.362,1,-3.9988582158613357,2.9982839454016394,1.1989696383288386,0.010315672993955123
33.371,0,-3.9998278992179452,-3.001536330892263,1.2012995393315333,0.007126855837206679
33.371,1,-3.998845201973484,2.998385418157362,1.1989741636854552,0.010177654202469424
33.381,0,-3.9998156151162623,-3.001469401641858,1.2013240857985754,0.007332075113600254
33.381,1,-3.9988306640603835,2.9984853234263844,1.1989764971413879,0.01003430749975652
33.392,0,-3.999802468153289,-3.0014030024861404,1.201354850505396,0.007502502543401277
33.392,1,-3.9988145113902798,2.9985835667269103,1.1989758377538913,0.00989533364868735
33.401,0,-3.9997885733098224,-3.00133741165033,1.2013892558811148,0.007545690000021037
33.401,1,-3.9987966562622854,2.9986800747640547,1.1989713948129521,0.009771506714765552
33.411,1,-3.998777021850608,2.998774794100199,1.1989625714414867,0.009672281460010755
33.412,0,-3.999774056818813,-3.001272900710419,1.2014250126385477,0.007479551352420245
33.422,0,-3.9997590560835223,-3.0012097290752706,1.2014605603457593,0.007327910979746989
33.422,1,-3.998755550078522,2.9988676896105533,1.198948985732419,0.009604217008798968
33.431,1,-3.998732206906098,2.9989587429807116,1.1989304042773092,0.009571264218909107
33.432,0,-3.999743719464713,-3.0011481397572033,1.2014948406813306,0.007111879627302542
33.441,0,-3.9997282053953116,-3.001088356420769,1.201527142690771,0.0068480511872686025
33.441,1,-3.9987069853730204,2.9990479511386146,1.1989066928781509,0.009575248462538705
33.451,0,-3.999712681116926,-3.0010305817120124,1.2015571500524074,0.006568900875619457
33.451,1,-3.9986799060572746,2.9991353238241905,1.1988782736292616,0.009570285788042459
33.461,0,-3.99969732040471,-3.000974995251698,1.2015854338048062,0.006305716287600867
33.461,1,-3.9986510134308118,2.999220877843877,1.1988478967305596,0.009481066298696834
33.471,0,-3.999682298527607,-3.000921743967419,1.2016126230637518,0.006050595965285454
33.471,1,-3.9986203782094907,2.9993046361069133,1.1988181793262263,0.009327609249587435
33.481,0,-3.999667786874977,-3.000870933759128,1.201639148815247,0.005800446986265697
33.481,1,-3.9985880953736253,2.9993866233973963,1.1987909042373537,0.009136159119443422
33.491,0,-3.999653948939074,-3.0008226251093526,1.2016653048779602,0.005555390810925832
33.491,1,-3.998554280192514,2.999466861887584,1.1987672747109035,0.008929680203742603
33.501,0,-3.9996409374038557,-3.000776831512641,1.2016912863667868,0.005316719307573711
33.501,1,-3.9985190644812647,2.999545368128776,1.1987480451078614,0.008728157105710474
33.511,0,-3.9996288897459147,-3.000733523881183,1.2017172024575822,0.005085620966180039
33.511,1,-3.998482592563275,2.999622151503986,1.1987334870135393,0.008544229282500511
33.521,0,-3.99961791836547,-3.0006926469209647,1.2017431128790712,0.00486349818027488
33.522,1,-3.9984450149103963,2.999697213348317,1.1987236838834858,0.008380586285151608
33.532,0,-3.9996081011847098,-3.0006541367925674,1.2017690483306973,0.004650910999481899
33.532,1,-3.9984064822615566,2.9997705469984224,1.1987186560895822,0.008238291857298066
33.541,0,-3.9995994759402853,-3.0006179340410757,1.2017950196342513,0.004447811478171207
33.541,1,-3.998367141242698,2.9998421382554965,1.198718381903469,0.008117614341328653
33.551,0,-3.9995920374355602,-3.0005839925892155,1.2018210240554281,0.004253538565860073
33.551,1,-3.998327131165675,2.999911966020986,1.198722805967603,0.008018186090123605
33.561,0,-3.9995857369259085,-3.0005522850325796,1.20184685026072,0.0040335500626692234
33.561,1,-3.998286581945228,2.99998000329269,1.198731687801832,0.007933330034073954
33.572,0,-3.999580485730524,-3.000522800592296,1.2018716150319646,0.0037587459783633283
33.572,1,-3.998245616022608,3.000046217321743,1.1987442269928956,0.007848978716214174
33.581,0,-3.9995761671106362,-3.000495535032469,1.2018945562503913,0.0034463709820560747
33.581,1,-3.9982043570046346,3.0001105652330065,1.1987597200134612,0.007758433911453502
33.591,0,-3.9995726475790216,-3.0004704786206418,1.2019151617185704,0.003110749297757597
33.591,1,-3.998162938538705,3.000172990862165,1.1987776672613033,0.007657764834447679
33.601,0,-3.999569785552137,-3.0004476074419824,1.201933092320688,0.002763686827125509
33.601,1,-3.9981215100728886,3.000233423359987,1.1987977105277954,0.0075442845760561135
33.611,0,-3.99956743767018,-3.0004268766368645,1.2019475354494467,0.00233700932047742
33.611,1,-3.998080239933033,3.000291777559243,1.1988194016819171,0.007402278716286987
33.621,0,-3.999565462694598,-3.0004082162605377,1.2019563421548292,0.0018747750853263842
33.621,1,-3.9980393153074654,3.0003479599549094,1.1988419143835074,0.0072225144311000725
33.632,0,-3.9995637236569537,-3.000391535544079,1.2019578234204837,0.0016054520947574088
33.632,1,-3.9979989393818003,3.0004018810050703,1.1988645970715686,0.00700961725026043
33.641,0,-3.9995620880914142,-3.000376724500058,1.2019508759134128,0.0017860628523254233
33.641,1,-3.997959327891646,3.0004534671660386,1.198887003956973,0.006768625962967213
33.651,0,-3.99956042820388,-3.0003636552974307,1.2019348007691733,0.0023825870755719877
33.651,1,-3.997920705907952,3.0005026692142933,1.1989088315640277,0.0065041780982576175
33.66,0,-3.999558621146118,-3.00035218406184,1.2019091831128372,0.003192713664863583
33.661,1,-3.997883304843212,3.0005494674067137,1.1989298736336194,0.006220466874843433
33.671,0,-3.9995565492405714,-3.000342153592119,1.2018742533457927,0.003953509941141536
33.671,1,-3.9978473596613915,3.0005938738215914,1.1989500841187197,0.005930219728171769
33.681,0,-3.9995541017601104,-3.000333397576585,1.2018333342748,0.004336755099178413
33.681,1,-3.9978131066455234,3.0006359306723684,1.1989698939053601,0.005648225592837734
33.692,0,-3.9995511865632443,-3.000325733752031,1.2017899956870421,0.004436112862225768
33.692,1,-3.9977807798421536,3.000675705048263,1.1989897327720795,0.005372573323013402
33.701,0,-3.999547743158559,-3.0003189596840443,1.201746704050553,0.004337835659698116
33.701,1,-3.9977506080556293,3.0007132817156137,1.1990098877323212,0.00510300368870053
33.711,0,-3.999543750886751,-3.0003128527284506,1.2017051508616727,0.0041053453582349615
33.711,1,-3.997722812548271,3.0007487568395144,1.1990305465948419,0.004840572088715897
33.721000000000004,0,-3.999539233242989,-3.000307171166498,1.201666483853135,0.0037837103372796066
33.722,1,-3.997697605154705,3.000782233014707,1.1990518290994183,0.004587414772913615
33.731,1,-3.9976751871577085,3.0008138152213952,1.199073932581894,0.004367504990457062
33.731,0,-3.999534259052612,-3.0003016560958975,1.2016313687609406,0.0034298736602761237
33.741,0,-3.9995289348693226,-3.0002960345432244,1.20159995885344,0.0030765162480022785
33.741,1,-3.9976557497056264,3.000843605977622,1.1990978297028185,0.004234511586897322
33.752,0,-3.9995233847349714,-3.0002900238973567,1.2015722933941246,0.0027305575662803588
33.752,1,-3.99763946844947,3.000871701347754,1.1991245029544242,0.004194095834182354
33.761,1,-3.997626499051867,3.000898186202746,1.1991545946459745,0.004247657926999061
33.762,0,-3.9995177313571015,-3.0002833361516696,1.201548380515326,0.0024004153896449495
33.771,0,-3.999512082666345,-3.0002756816389473,1.2015282079463763,0.0020987707090986377
33.771,1,-3.9976169752042234,3.0009231304374526,1.1991885122140764,0.004390662507260284
33.781,0,-3.9995065229987175,-3.0002667733768034,1.2015110693204847,0.001979947282161064
33.781,1,-3.9976110060612617,3.0009465873429626,1.199226081028029,0.004516989902269549
33.791,1,-3.9976086722019835,3.0009685929823764,1.1992656096813403,0.0045294283078929545
33.794,0,-3.999501114206274,-3.00025633500739,1.2014946277705971,0.002082035078604895
33.801,0,-3.999495910768245,-3.0002441089425735,1.2014769922233142,0.0023293223405118925
33.801,1,-3.9976100317952046,3.0009891605653656,1.1993055858465973,0.0044655464557545824
33.812,0,-3.999490974414556,-3.000229864724452,1.2014568855094994,0.0026760516908350927
33.812,1,-3.9976151224035954,3.0010082778347833,1.199344970535704,0.004358178000474112
33.821,0,-3.9994863840041637,-3.0002134048700846,1.2014334550103742,0.0030920625846107956
33.821,1,-3.9976239615143334,3.0010259066138874,1.1993830514913109,0.004233503007916168
33.831,0,-3.9994822416924523,-3.0001945683207283,1.2014061411196353,0.003555617461692397
33.831,1,-3.997636547507171,3.0010419835170454,1.1994193428942526,0.00411255063753729
33.842,0,-3.9994786763373695,-3.0001732315721403,1.2013747600804916,0.00400398765685352
33.842,1,-3.9976528611635263,3.0010564214306314,1.1994535781107283,0.0040281963822727555
33.852,0,-3.999475843490487,-3.0001493078282757,1.2013404000844523,0.00433963059245004
33.852,1,-3.997672870059347,3.001069115270675,1.1994859991155988,0.004019765208894023
33.86,0,-3.999473916143229,-3.0001227556279564,1.2013043003035402,0.004595694133118127
33.86,1,-3.997696535956276,3.0010799634119736,1.1995169451599816,0.0040761547206186
33.871,0,-3.9994730732541797,-3.0000935859364786,1.2012673175624713,0.004799734162596811
33.871,1,-3.997723823900458,3.0010888911895743,1.1995466522740277,0.004187197780163821
33.88,0,-3.999473491000023,-3.000061864064398,1.2012300370073938,0.004970007540695788
33.88,1,-3.997754709334781,3.0010958669141754,1.1995752829917457,0.0043447057983606275
33.892,0,-3.99947533657096,-3.0000277088426013,1.2011929430910326,0.005100546367333278
33.892,1,-3.997789182898346,3.001100911266117,1.1996030423985995,0.004556867820758364
33.901,0,-3.9994787650928965,-2.99999128888147,1.2011566860457574,0.005187273192556603
33.901,1,-3.997827251480707,3.0011040966716944,1.1996304183931155,0.004825049218769746
33.911,0,-3.99948391921435,-2.9999528169980296,1.2011217754343226,0.005245634546631828
33.911,1,-3.997868930872008,3.001105533663751,1.1996578262611826,0.005131373395177062
33.921,0,-3.9994909300281525,-2.9999125431076816,1.2010885505034172,0.005285067024004321
33.921,1,-3.9979142388742455,3.0011053549730033,1.1996855537123654,0.005463447108929326
33.932,0,-3.9994999179769737,-2.9998707472789365,1.201057231852106,0.0053110714365313064
33.932,1,-3.997963190494969,3.00110370318394,1.1997138005488786,0.005812547318102211
33.941,1,-3.9980157945277455,3.001100721519213,1.199742705012298,0.006172385147783459
33.942,0,-3.999510993605846,-2.9998277332323227,1.2010279584212014,0.005326568289482833
33.951,0,-3.999524257210783,-2.9997838227160636,1.201000441404875,0.00538216380733006
33.951,1,-3.9980720517845385,3.0010965469876534,1.199772518585426,0.006557704647577609
33.961,1,-3.998131953748504,3.0010913057182393,1.1998039876635425,0.006978298382113338
33.962,0,-3.999539793944592,-2.9997393507238477,1.2009731031789976,0.005507590364680896
33.971000000000004,0,-3.9995576676962954,-2.9996946598474423,1.2009445611003458,0.005673645033145224
33.971000000000004,1,-3.998195475573238,3.001085111725065,1.1998377407433818,0.0074199235336422234
33.981,0,-3.9995779130436815,-2.999650096911994,1.2009138777783557,0.005865486021884889
33.981,1,-3.998262571876162,3.001078066140694,1.1998741948163663,0.007872897455340703
33.991,0,-3.9996005297389208,-2.999606010157462,1.2008804229888317,0.006074617217541205
33.991,1,-3.998333174879737,3.0010702568486174,1.199913620416216,0.008329915353197022
34.002,0,-3.999625479535192,-2.999562746314408,1.2008435993041089,0.006324351273874764
34.002,1,-3.998407192545087,3.0010617588106916,1.1999558310907472,0.008738267757466531
34.011,0,-3.999652686439874,-2.999520644775465,1.2008023525463665,0.0066397570728792986
34.011,1,-3.998484504199923,3.001052634525063,1.1999993805159401,0.009057817229228477
34.021,0,-3.999682045154191,-2.999480027611646,1.2007558337783248,0.007010248367963031
34.021,1,-3.9985649605080997,3.001042932169885,1.2000429901119405,0.009313617442475707
34.031,0,-3.9997134287420146,-2.9994411902097444,1.2007034852731597,0.007426787358460348
34.031,1,-3.99864837994447,3.0010326849253333,1.2000857918037868,0.00952280844707836
34.041,0,-3.9997466946424396,-2.999404394820164,1.2006449515830047,0.00788127593769082
34.041,1,-3.9987345466256983,3.001021911182252,1.2001271998249194,0.009696132337502874
34.051,1,-3.9988232104564907,3.001010615230664,1.2001668245621913,0.009839553832499986
34.051,0,-3.9997816897173566,-2.9993698665956265,1.2005800169691874,0.0083664856337955
34.061,0,-3.9998182553664856,-2.9993377932475402,1.200509193754503,0.008735877275014165
34.061,1,-3.998914090110905,3.000998787982985,1.2002049745029646,0.010012033754836223
34.071,0,-3.999856231542866,-2.999308329732188,1.2004351845447727,0.008868577825106723
34.071,1,-3.9990068776354515,3.000986407947058,1.2002439411969315,0.010251353212769683
34.081,0,-3.999895451047229,-2.999281595821281,1.2003603613266831,0.008834526410879492
34.081,1,-3.999101234699219,3.0009734453785137,1.2002857322316187,0.01052791941221954
34.091,0,-3.99993573750866,-2.9992576790416163,1.2002863408417248,0.008686083937607836
34.091,1,-3.9991967947167475,3.0009598654266982,1.2003316875796537,0.010826424217638497
34.101,0,-3.999976905382896,-2.9992366389468503,1.2002142173192898,0.008461084145051007
34.101,1,-3.9992931669696645,3.000945630391308,1.2003826865044496,0.011137302788737756
34.111,0,-4.00001876066693,-2.999218510577349,1.2001446148297417,0.008210029485275046
34.111,1,-3.9993899406633395,3.000930702641067,1.2004378635456232,0.011278405165642165
34.121,0,-4.000061105741317,-2.9992033055962946,1.2000775489274231,0.007968498016492364
34.121,1,-3.999486694782933,3.000915048918226,1.2004927427213077,0.011164451240345872
34.132,0,-4.0001037525133745,-2.999191011849365,1.2000129274659281,0.007736272663599433
34.132,1,-3.9995830158958467,3.000898641559228,1.2005436525958977,0.01087916146346287
34.141,1,-3.999678510077793,3.000881461646423,1.2005881038001378,0.010496591959164648
34.142,0,-4.0001465346243315,-2.9991815918144455,1.1999506681594123,0.007513895073706822
34.151,0,-4.000189315698531,-2.9991749822245164,1.1998907005004014,0.0073020016922562
34.151,1,-3.9997728112767534,3.000863501397473,1.2006244347745543,0.010076718620616577
34.161,0,-4.000231994417985,-2.9991710946885375,1.1998329610744376,0.007102118678393077
34.161,1,-3.9998655871010054,3.000844765524353,1.2006515550388888,0.009667574487672057
34.171,0,-4.000274507098405,-2.999169815822386,1.1997768846666415,0.0070470210968151875
34.171,1,-3.999956540321428,3.0008252706879053,1.2006699730958468,0.009351274364451621
34.181,0,-4.000316826494139,-2.9991710040805706,1.1997186008968264,0.007385173825107471
34.181,1,-4.000045408644085,3.000805041083355,1.2006833448667436,0.009103857482052084
34.191,0,-4.000358950791206,-2.9991745082566688,1.1996540787723007,0.008023174768493138
34.191,1,-4.000131976728173,3.0007841028689537,1.2006947243545785,0.00887858378516203
34.201,0,-4.000400890537598,-2.99918018176972,1.1995805969602082,0.008884509367891187
34.202,1,-4.000216081672521,3.0007624764330125,1.2007062065314784,0.008664330424141784
34.211,1,-4.000297614449495,3.0007401706574663,1.200719220440909,0.008464329918556425
34.212,0,-4.000442659073103,-2.9991878891644452,1.1994963472683802,0.009908112831722816
34.221,0,-4.000484265798503,-2.999197510533989,1.199400153064208,0.011044959707148805
34.221,1,-4.00037651917924,3.000717179337159,1.200734732066388,0.008286493872114031
34.23,0,-4.000525711557131,-2.999208945233775,1.1992917899798412,0.012078494604465225
34.23,1,-4.000452791248982,3.0006934793506614,1.2007532611930127,0.008128088842653416
34.242,0,-4.000566985297972,-2.9992221190156205,1.1991761840846569,0.01247819766291137
34.242,1,-4.0005264759054295,3.00066903180855,1.2007739383090685,0.007955431343219644
34.252,0,-4.000608063668203,-2.999236966410176,1.1990594195660238,0.012398706919003091
34.252,1,-4.000597656756855,3.000643787003308,1.2007955085406248,0.007771010868645304
34.261,0,-4.0006489117620765,-2.999253412238597,1.1989456714987399,0.011993377151945444
34.261,1,-4.000666443152838,3.0006176913510294,1.2008170947017582,0.007582350131060271
34.271,0,-4.000689483837292,-2.9992713633867245,1.1988377833802377,0.011372033424921397
34.272,1,-4.000732961637812,3.000590693251758,1.2008380869177149,0.0073965120895734034
34.281,0,-4.000729724440535,-2.999290702975648,1.1987371978292345,0.010724128046238101
34.281,1,-4.000797348541125,3.0005627470363505,1.2008583189280269,0.007239363009734698
34.291,0,-4.000769567776934,-2.999311289968025,1.1986431649219624,0.010181266733310452
34.291,1,-4.000859743612227,3.000533814414305,1.2008789443639845,0.007140550829131779
34.301,0,-4.000808931655693,-2.999332972162708,1.1985547549644353,0.009711452870165053
34.301,1,-4.000920291438544,3.00050386598422,1.2009011271604213,0.0070929768974111575
34.311,0,-4.000847712230463,-2.9993555974187784,1.1984713000414564,0.00929096411704468
34.311,1,-4.000979141716939,3.0004728810612655,1.2009256493604854,0.007092979431761382
34.321,0,-4.0008857812731895,-2.999379021286348,1.1983923182149492,0.008903105123417321
34.321,1,-4.001036448238687,3.0004408469195347,1.2009530279277254,0.007137549391867443
34.331,0,-4.000922985198829,-2.9994031123100604,1.1983174510916295,0.008537479240763564
34.331,1,-4.001092367751374,3.0004077580275244,1.2009835955896455,0.007223243189436674
34.341,0,-4.000959145454919,-2.9994277556177815,1.1982465852220747,0.008144207092365357
34.341,1,-4.001147058846589,3.000373615411574,1.201017462552258,0.0073288978558099715
34.352,0,-4.000994062383217,-2.999452855046849,1.1981804528918083,0.007669888124654318
34.352,1,-4.0012006806917855,3.0003384280071517,1.2010537474873,0.007396281682703919
34.361,0,-4.00102752890338,-2.9994783327565653,1.198119767071109,0.007144557449350555
34.361,1,-4.001253386475425,3.000302217052845,1.2010913257227112,0.0074299461817439755
34.371,0,-4.001059344498157,-2.9995041284326147,1.1980649724522443,0.006591149395279491
34.371,1,-4.00130531637666,3.0002650219522073,1.2011294071834862,0.00743919351481506
34.381,0,-4.001089325177085,-2.999530198343437,1.198016328381056,0.00602775126846889
34.381,1,-4.001356593171457,3.000226904524128,1.2011674427524242,0.007430652433554045
34.392,0,-4.001117310561036,-2.9995565141112124,1.197973834327249,0.005497164732632558
34.392,1,-4.001407319627379,3.0001879511889205,1.2012049383499925,0.007392168172709862
34.401,0,-4.001143168388356,-2.999583060839962,1.1979367939188228,0.005039924737847183
34.401,1,-4.00145758024606,3.000148272521445,1.2012409966224438,0.007308621257128387
34.411,0,-4.001166792408491,-2.9996098344315816,1.1979044910277719,0.004639969180810866
34.411,1,-4.0015074512515625,3.000107997618736,1.201274843251354,0.007197831747256607
34.421,0,-4.0011880994637155,-2.999636838665727,1.1978763989850942,0.004286522295716878
34.421,1,-4.001557011739839,3.0000672679064877,1.201305961056727,0.0070738896489897715
34.431,0,-4.001207027205665,-2.999664082741871,1.1978521283197148,0.0039740824886578124
34.431,1,-4.001606351457989,3.0000262321689593,1.2013340107448558,0.0069474275213133665
34.441,0,-4.001223532047698,-2.9996915793371643,1.1978313831474932,0.0037008780897505073
34.441,1,-4.001655575679632,2.9999850425899877,1.2013587760401632,0.006826598882637369
34.451,0,-4.001237587894325,-2.9997193429422544,1.1978137382832885,0.0034913433166561232
34.451,1,-4.001704807894716,2.999943851601735,1.2013802893825525,0.006732028191559157
34.462,0,-4.001249189133006,-2.9997473867046716,1.1977981724037279,0.0033556099442727896
34.462,1,-4.0017541913230295,2.999902809484186,1.2013994047709968,0.006678553820098867
34.472,0,-4.0012583580451375,-2.9997757163500682,1.1977838152164595,0.0032731132096449245
34.472,1,-4.0018038899795805,2.999862062467093,1.2014169653863758,0.006652746521049695
34.482,0,-4.001265153164392,-2.999804324521581,1.1977700607164006,0.0032307125965108253
34.482,1,-4.001854088650931,2.999821751076253,1.2014335574565622,0.0066479833420774155
34.492,0,-4.0012696744091025,-2.9998331871224124,1.1977564867608863,0.0032188743382460636
34.492,1,-4.0019049917310525,2.999782008899637,1.201449587288881,0.00666169041856015
34.501,1,-4.001956821020495,2.9997429616041096,1.2014651653214707,0.006680623706984732
34.501,0,-4.001272065813681,-2.9998622612795938,1.197742431677704,0.003281971845956499
34.51,0,-4.001272514437183,-2.9998914850897904,1.197724940575074,0.003544317534887636
34.51,1,-4.002009808551403,2.9997047254995866,1.2014792038489452,0.006685975022244681
34.521,0,-4.001271223753953,-2.999920781683513,1.1977010047633714,0.0040220968337365244
34.521,1,-4.002064180023692,2.999667407484153,1.2014904987546973,0.006698471842971789
34.531,0,-4.001268387330767,-2.9999500636944396,1.1976685980877724,0.0047015180765482825
34.531,1,-4.0021201363702765,2.9996311050005944,1.2014982401756698,0.0067348458417923075
34.539,0,-4.0012641721421955,-2.999979236660355,1.197626378163303,0.005541064706481393
34.539,1,-4.002177840329292,2.9995959058260677,1.2015018942757985,0.006805175824269447
34.552,0,-4.001258707299474,-3.0000082019440697,1.1975734772551163,0.006494770750378643
34.552,1,-4.002237407933758,2.9995618880703714,1.2015011159047353,0.00691352619304981
34.562,0,-4.001252076450884,-3.0000368589428414,1.1975100525376565,0.007354183897793204
34.562,1,-4.002298903507643,2.999529120181811,1.2014955884225698,0.007062825423459913
34.571,0,-4.00124431608163,-3.00006510762248,1.197438820825461,0.007954324895620134
34.571,1,-4.002362339556677,2.9994976601771035,1.2014844316459323,0.0072677803921102
34.582,0,-4.001235428660509,-3.0000928549970953,1.1973622413435105,0.008365708566349304
34.582,1,-4.002427691294598,2.9994675555773513,1.201466796352713,0.007537555658471797
34.592,0,-4.001225394190835,-3.000120020733509,1.1972820372464201,0.008642897850142219
34.592,1,-4.0024949136776184,2.9994388429454166,1.2014421391582537,0.007873293708970304
34.601,0,-4.0012141789829485,-3.000146540711049,1.1971994087434252,0.008826567115801818
34.601,1,-4.002563954064302,2.9994115474515044,1.2014101254040093,0.008270912514640821
34.611,0,-4.001201742525633,-3.0001723690656115,1.1971151799923625,0.008948589579610295
34.611,1,-4.002634761848189,2.9993856831949586,1.2013707924266281,0.008686437374047359
34.618,0,-4.001188040613115,-3.0001974796439166,1.1970298703317495,0.009033799910128506
34.618,1,-4.002707295660559,2.9993612560745513,1.2013257805725985,0.009026747212456547
34.631,0,-4.001173020160334,-3.000221868191311,1.1969438223883564,0.00909517733914833
34.631,1,-4.002781518307994,2.9993382654082303,1.2012768770144333,0.009298809585834858
34.641,0,-4.0011566120590265,-3.0002455540790027,1.1968572753719355,0.009142099644137142
34.641,1,-4.002857390816714,2.9993167072170723,1.2012253225077216,0.009518139869364528
34.65,0,-4.001138726742127,-3.0002685807124676,1.1967703966432255,0.009181590888868095
34.651,1,-4.002934869337965,2.9992965776732357,1.2011719743142042,0.009698355600088991
34.658,0,-4.001119252053912,-3.0002910148954736,1.1966833030150514,0.009219170813936734
34.658,1,-4.0030139031707925,2.9992778754959493,1.201117421632699,0.009850157942913036
34.671,0,-4.001098052752161,-3.0003129455323063,1.1965960777788192,0.009258508182947062
34.671,1,-4.003094433962305,2.9992606038409395,1.2010622848645622,0.009936579900758719
34.681,0,-4.001074974187323,-3.000334479853452,1.196508793459044,0.009301663935958425
34.681,1,-4.003176397221452,2.99924477358526,1.2010090813730072,0.009847748961375415
34.692,0,-4.001049857042658,-3.00035573246365,1.1964215082741028,0.009351037032855523
34.692,1,-4.003259715946197,2.999230399947758,1.2009606348078294,0.00965225774484994
34.701,0,-4.001022554158288,-3.000376813173358,1.1963342652245548,0.009407930525581483
34.701,1,-4.003344294783073,2.9992174988533633,1.2009188528108334,0.009416713267909032
34.712,0,-4.0009929425763,-3.000397818204157,1.196247096100384,0.009472788510338075
34.712,1,-4.003430018376054,2.999206085767373,1.2008849964958948,0.009191228174013372
34.721000000000004,0,-4.000960931451238,-3.0004188243214016,1.1961600246575035,0.009545176695628332
34.721000000000004,1,-4.0035167510756615,2.9991961747917686,1.2008598789639553,0.00901180988582126
34.731,0,-4.000926465832182,-3.0004398853297127,1.1960734054895794,0.009543458593665557
34.731,1,-4.003604337157918,2.9991877768957713,1.2008432662589728,0.008927222837776118
34.741,0,-4.000889525353767,-3.0004610316583684,1.195988718346458,0.009410282692495919
34.741,1,-4.003692604739768,2.999180898721711,1.2008329661166715,0.008910339697062399
34.75,0,-4.000850123670757,-3.0004822735770436,1.1959072359913951,0.009196032221179309
34.75,1,-4.003781377431592,2.999175547881014,1.200827132041341,0.008917244452926671
34.761,0,-4.00080830400152,-3.0005036051687117,1.19582980864396,0.00893595416490506
34.761,1,-4.003870482842894,2.99917173499744,1.2008244833539188,0.008927475468899842
34.771,0,-4.000764134252306,-3.0005250077338297,1.1957569932737147,0.00865486767000972
34.771,1,-4.003959758490618,2.9991694745353774,1.2008241339075538,0.008932363527691747
34.782,0,-4.000717703892806,-3.000546452661287,1.1956885928571663,0.00848444626357984
34.782,1,-4.004049055714482,2.999168784446565,1.2008250527056867,0.008927151444233726
34.791,0,-4.000669122247779,-3.000567904104992,1.1956224345962445,0.008506281555903092
34.791,1,-4.004138236837955,2.999169682094883,1.2008250031870804,0.008911060569787469
34.801,0,-4.000618508466488,-3.0005893217522512,1.1955565771476815,0.008650836941984694
34.801,1,-4.004227159895058,2.9991721790759995,1.2008221349086066,0.008893657948522598
34.81,0,-4.000565986608258,-3.0006106629398004,1.195489688432547,0.008873503663212804
34.81,1,-4.004315663258096,2.999176274266798,1.2008152087027946,0.00888517585512647
34.821,0,-4.000511682828615,-3.0006318842556143,1.1954208625435123,0.009145990797531414
34.821,1,-4.004403555724503,2.9991819488076414,1.20080341110765,0.008892182589531571
34.831,0,-4.000455723096332,-3.0006529427554747,1.1953494873197041,0.009449601908594124
34.831,1,-4.004490611127312,2.9991891632951035,1.2007862237149711,0.008917231738872636
34.841,0,-4.0003982311248985,-3.0006737968598416,1.1952752945654102,0.009740441895869763
34.841,1,-4.004576565954725,2.999197857518124,1.2007638138623047,0.008923923574507437
34.852,0,-4.000339326827935,-3.000694407299867,1.1951988063439052,0.00997133489200178
34.852,1,-4.004661121510949,2.9992079555577655,1.2007381152349754,0.008861501492512643
34.862,0,-4.000279128600266,-3.000714739167997,1.1951205902508746,0.010158240255736799
34.862,1,-4.004743958602931,2.99921937408998,1.2007108493961742,0.008732103071712845
34.871,0,-4.000217754935814,-3.0007347637580595,1.195041031124879,0.0103131323734254
34.871,1,-4.004824751938778,2.999232033364316,1.2006831825668955,0.008544610741323554
34.881,0,-4.000155325030671,-3.0007544596573656,1.1949603870745344,0.01044432467542877
34.881,1,-4.004903180830044,2.9992458656535215,1.200655896528604,0.008308832047363565
34.891,0,-4.00009195794356,-3.0007738129329917,1.1948798428580065,0.010349879837877886
34.891,1,-4.0049789371213835,2.9992608208357696,1.2006295099577393,0.008033514959312113
34.901,0,-4.000027768960828,-3.000792816131965,1.194803935170931,0.009893922576985355
34.901,1,-4.005051729470659,2.9992768687642757,1.2006043707295062,0.0077258618004409875
34.912,0,-3.9999628686443125,-3.000811468586897,1.1947365526900422,0.009233911917283266
34.912,1,-4.005121282731921,2.999293997839793,1.2005807060816687,0.007391898573221509
34.921,0,-3.999897357962247,-3.000829775447296,1.194680282355643,0.008501611003396171
34.922,1,-4.005187336203986,2.9993122125228475,1.2005586566867799,0.007036873337750438
34.931,0,-3.9998313241316854,-3.000847746410039,1.1946368094189541,0.0078122529089080985
34.931,1,-4.00524964244174,2.999331530927215,1.2005383028611807,0.006665393411221943
34.941,0,-3.999764838090285,-3.0008653945745523,1.1946071911151446,0.007272586041799184
34.941,1,-4.005307966539451,2.999351982520172,1.2005196838789716,0.0062820820176076155
34.95,0,-3.99969795331069,-3.0008827355551113,1.1945918847958072,0.006980902794445597
34.95,1,-4.0053620852936165,2.999373606201659,1.2005029291686966,0.005882377985779984
34.961,0,-3.999630706438203,-3.0008997894538587,1.1945902417329328,0.0069627355789648755
34.961,1,-4.005411786970045,2.9993964506521937,1.2004886971103266,0.005464253986679193
34.971000000000004,0,-3.999563119845111,-3.000916589279695,1.1946014680327208,0.007176484042885017
34.971000000000004,1,-4.005456880379314,2.999420577913858,1.2004775944717985,0.005049176922174943
34.981,1,-4.005497202592763,2.9994460677123103,1.2004700134892774,0.004660572814108466
34.982,0,-3.9994952050505055,-3.000933189815522,1.19462493869147,0.007573933242275687
34.991,0,-3.999426965640089,-3.0009496731806284,1.194660133587653,0.008108520003048503
34.991,1,-4.0055326232389605,2.9994730199923225,1.200466193670535,0.004324028687497239
35.001,0,-3.999358400117992,-3.000966151304896,1.1947055894854108,0.008584032374831211
35.001,1,-4.0055630474330535,2.99950155533649,1.2004661254539886,0.004064946495703433
35.011,0,-3.9992895071539127,-3.0009827616331552,1.1947564804326352,0.008805226152986357
35.011,1,-4.005588420268396,2.999531810433013,1.2004687651313328,0.0038868924866382755
35.021,0,-3.9992202925552047,-3.0009996534132313,1.1948086504020186,0.008826007196520649
35.021,1,-4.005608719967059,2.999563927508952,1.2004729724044252,0.0037881323432594127
35.032,0,-3.9991507766508128,-3.0010169745815873,1.1948592568368563,0.008710987747947482
35.032,1,-4.005623952183823,2.999598041423107,1.2004779599387634,0.0037722489259517955
35.041,0,-3.999080999311712,-3.0010348623107532,1.1949063643362072,0.00851429195811302
35.041,1,-4.005634147300773,2.999634269626057,1.2004831857811957,0.0038402299646857012
35.051,0,-3.9990110227723634,-3.0010534364341086,1.1949486595053842,0.008277639875877946
35.051,1,-4.00563935778975,2.999672705428615,1.2004882765144103,0.003987146221499488
35.061,0,-3.9989409327131495,-3.0010727953891845,1.1949856134322616,0.008087729212868757
35.061,1,-4.005639656363328,2.9997134134160177,1.2004928328784645,0.004196954522495692
35.07,0,-3.9988708365136265,-3.0010930175691506,1.195020280735058,0.008093180167520005
35.07,1,-4.005635138521362,2.9997564239819456,1.2004951914001516,0.004455521980726776
35.081,0,-3.9988008552248964,-3.001114164515378,1.19505656221349,0.00823592124909172
35.081,1,-4.005625909525656,2.9998017342422325,1.2004934906434588,0.004786123498153762
35.091,0,-3.998731112096997,-3.0011362867440696,1.195097114880948,0.008488885603934479
35.091,1,-4.005612071919623,2.999849309501015,1.2004864817212213,0.005201333478200738
35.101,0,-3.998661723387278,-3.0011594299333315,1.1951437132458562,0.00884027878463287
35.101,1,-4.005593720319304,2.999899083601939,1.2004733452566685,0.005698082091051074
35.112,0,-3.9985927917163653,-3.0011836386819257,1.1951969337179604,0.009184639024737897
35.112,1,-4.005570937976317,2.999950960317113,1.2004535577176245,0.006263589374779498
35.121,0,-3.9985244025855144,-3.0012089569610514,1.1952549678053643,0.009416325501911054
35.121,1,-4.0055437958066715,3.0000048167045295,1.200426800081304,0.0068819475116105935
35.131,0,-3.99845662728081,-3.001235429756947,1.1953160675375363,0.009559846923418866
35.131,1,-4.005512355416695,3.000060510354463,1.2003928970068392,0.007538092381062745
35.142,0,-3.998389526285884,-3.0012631020355105,1.1953790083074842,0.00963792819774828
35.142,1,-4.005476673020225,3.0001178870790315,1.200351774619303,0.008219216792263943
35.151,0,-3.998323151785055,-3.0012920173572852,1.1954429358352794,0.009669401332852552
35.151,1,-4.0054368024906335,3.0001767870871547,1.2003034238391226,0.00891592962955888
35.161,0,-3.9982575495552277,-3.001322216842661,1.1955072548366301,0.009668200554690833
35.161,1,-4.005392797592957,3.0002370497793684,1.2002478759773818,0.009621135474144317
35.172,0,-3.998192760319669,-3.001353738323909,1.195571470216219,0.009627529051838979
35.172,1,-4.005344710693663,3.0002985181154003,1.2001858710124418,0.010215654393194093
35.181,0,-3.99812882097838,-3.001386615740776,1.1956347054510272,0.009524311354167423
35.181,1,-4.005292587493245,3.0003610403118897,1.2001204448194822,0.010604281081250918
35.191,0,-3.9980657679654996,-3.0014208816612724,1.1956961439871325,0.009379219849102215
35.191,1,-4.0052364798861975,3.000424460294098,1.2000542441729851,0.010849599516331802
35.202,0,-3.9980036404734465,-3.0014565698609728,1.1957552288471165,0.00920896666256028
35.202,1,-4.005176448817891,3.0004886114964493,1.1999890817555332,0.011001480133368814
35.211,0,-3.9979424824411107,-3.0014937167620293,1.1958115847061352,0.009025379418770383
35.211,1,-4.00511256375612,3.0005533137735383,1.1999261870357116,0.011095379486134498
35.222,0,-3.9978823437081186,-3.001532362258337,1.1958649612621375,0.008836964993623447
35.222,1,-4.00504490213418,3.0006183719322506,1.1998663874667708,0.011155504839847955
35.232,0,-3.9978232805333325,-3.001572550109701,1.1959152322474051,0.008656719604952607
35.232,1,-4.004973550750642,3.000683575560318,1.1998097021461946,0.011273612501041929
35.242,0,-3.997765355006563,-3.001614327756199,1.195962573586544,0.008500456877471313
35.242,1,-4.004898611643765,3.000748701636233,1.199753487875786,0.011538015649914357
35.251,0,-3.997708631038806,-3.001657743533759,1.1960072158901287,0.008364002802720406
35.251,1,-4.0048201890005775,3.000813522048152,1.1996951490384917,0.011895826014122722
35.261,0,-3.997653169828523,-3.001702843646878,1.196049324437672,0.008244382185239204
35.261,1,-4.004738383648898,3.0008778102329203,1.1996329265571717,0.01231789097511245
35.272,0,-3.9975990266425487,-3.0017496700773876,1.1960890188507445,0.008139948338937327
35.272,1,-4.004653292219778,3.00094134614452,1.1995656372735992,0.012786885678494484
35.281,0,-3.997546248992741,-3.0017982595446897,1.1961266660558647,0.008087143241928633
35.281,1,-4.004565005745474,3.0010039197951133,1.1994927556508004,0.01325258147847696
35.291,0,-3.9974948758581466,-3.0018486407453664,1.1961639128331094,0.008126741008812265
35.291,1,-4.004473610068433,3.0010653311509548,1.1994148862302525,0.013672308665525367
35.301,0,-3.9974449320506626,-3.0019008179358453,1.1962022978730786,0.00823138176828777
35.301,1,-4.004379197268011,3.001125386348488,1.1993326681287586,0.014055348461545335
35.311,0,-3.997396424237055,-3.001954756319778,1.1962428599576491,0.008383450761900599
35.311,1,-4.0042818737795765,3.00118389308514,1.1992465578565095,0.014408040105157168
35.321,0,-3.9973493392671124,-3.002010373735349,1.1962862890593928,0.008570026389787913
35.322,1,-4.004181764870457,3.0012406575425024,1.1991568860750441,0.01473474661900695
35.332,0,-3.9973036437990537,-3.002067536838154,1.196333032300494,0.008780563057480343
35.332,1,-4.004079016922389,3.0012954828002036,1.199063892967553,0.015038422019423181
35.341,0,-3.9972592854219844,-3.002126061277357,1.1963838449660755,0.00907962399646471
35.341,1,-4.003973798069642,3.0013481684921537,1.198967725285281,0.015325942698187298
35.351,0,-3.997216194746306,-3.0021857167389765,1.1964409613719516,0.009532200593724496
35.351,1,-4.003866296092441,3.001398513697033,1.1988683894466645,0.015602477396203613
35.361,0,-3.9971742833681465,-3.0022462340383322,1.1965062417232626,0.01011036207688943
35.362,1,-4.003756711514804,3.0014463248975725,1.1987658878686227,0.015866595358914336
35.371,0,-3.997133444505459,-3.002307315971665,1.196580892710147,0.01078941539703036
35.371,1,-4.003645250707333,3.001491424028561,1.1986602413800942,0.016118590144221377
35.381,0,-3.997093554800339,-3.002368647163435,1.1966656744332584,0.011546619119775774
35.381,1,-4.00353212058284,3.001533654155797,1.198551482996242,0.016358637869680174
35.391,0,-3.997054475870375,-3.002429902189055,1.196760472158771,0.012227071259051123
35.391,1,-4.003417524395552,3.001572882691466,1.1984397858862652,0.016562273119471817
35.401,0,-3.997016054531119,-3.0024907544267103,1.1968623161788612,0.012634804743900994
35.401,1,-4.003301659031063,3.0016090002887443,1.1983259196968548,0.01669865103845616
35.411,0,-3.9969781247963607,-3.0025508860690433,1.196968285864122,0.012838519081750557
35.411,1,-4.003184717276945,3.001641917533212,1.1982106132335915,0.01678521769512336
35.421,0,-3.9969405076437208,-3.0026099957616275,1.1970763646490599,0.01289612617736041
35.421,1,-4.003066889890573,3.0016715593062315,1.1980943704708034,0.016835091547640096
35.43,0,-3.996903010895567,-3.0026678040755432,1.1971851610971216,0.012850517452117158
35.431,1,-4.002948366564195,3.001697859908335,1.1979775396569186,0.01685732890888756
35.441,0,-3.9968654299721367,-3.0027240572812643,1.1972937152553913,0.01273345379629557
35.442,1,-4.002829336344779,3.0017207595536357,1.197860362180163,0.01685841304528516
35.451,0,-3.9968275490988803,-3.002778529131312,1.1974017078070271,0.012653247674593904
35.452,1,-4.002709987520706,3.00174020087998,1.1977433362017158,0.016775215869493595
35.461,0,-3.9967891433838454,-3.0028310195211914,1.1975106183143542,0.012732290540176727
35.461,1,-4.002590506806896,3.001756127721829,1.197628460759633,0.016530210092627274
35.472,0,-3.9967499856004824,-3.0028813576464275,1.1976219545196647,0.012926637420158675
35.472,1,-4.002471078444505,3.0017685068444777,1.1975175940001994,0.016177190397119078
35.481,0,-3.9967098533395875,-3.002929402804948,1.1977367210039402,0.013204007022234848
35.481,1,-4.002351882126929,3.0017773464357074,1.1974119874546167,0.015756848252121446
35.49,0,-3.996668534278113,-3.002975043304064,1.1978555732517295,0.013541809341071007
35.49,1,-4.002233091122094,3.00178270626672,1.1973124713473662,0.015298228892457633
35.501,0,-3.9966258301659203,-3.003018195322484,1.1979787862659605,0.013860774194060578
35.501,1,-4.002114870724569,3.0017847037805825,1.19721933502773,0.014871309196586536
35.511,0,-3.996581565135588,-3.0030588081602585,1.198103404568988,0.01374612419970235
35.511,1,-4.001997375082285,3.0017835170999656,1.1971310299505578,0.014574144032295263
35.521,0,-3.9965355921970733,-3.0030968550563477,1.198224557192189,0.013264570364302283
35.521,1,-4.001880741952703,3.0017793654089115,1.1970457710357194,0.014365585989358122
35.531,1,-4.001765087270737,3.00177248907061,1.196962308426904,0.014215993683442769
35.532,0,-3.9964877972894337,-3.003132315837071,1.1983388230268992,0.012545444540289488
35.542,0,-3.996438105558193,-3.0031651707651887,1.1984439003847962,0.011683987418448217
35.542,1,-4.001650501407166,3.0017631365858843,1.1968797660247517,0.014106766231145325
35.551,0,-3.996386484796675,-3.0031953966053013,1.19853826501446,0.010751752061299373
35.552,1,-4.001537047208564,3.0017515546904643,1.1967975262364936,0.01402636439712845
35.561,0,-3.9963329441644078,-3.003222961263607,1.198622038973785,0.010038531795996963
35.561,1,-4.00142476022485,3.001737979810836,1.1967157694102657,0.01387090544377318
35.572,0,-3.9962775255839382,-3.0032478198582,1.1986994458958822,0.009725312165082966
35.572,1,-4.001313653426018,3.0017226313385708,1.1966368806573204,0.013566373996935176
35.581,0,-3.996220302592026,-3.003269940504765,1.1987742951081537,0.009671339426191342
35.581,1,-4.001203723541185,3.0017057160275513,1.1965629653621563,0.013172671366711644
35.591,0,-3.9961613709549417,-3.0032893201852082,1.198849180067944,0.00978945229216375
35.591,1,-4.001094959652587,3.0016874286793143,1.1964954176551836,0.012735211310792189
35.602,0,-3.9961008392073616,-3.0033059927947523,1.1989258561415672,0.010024135294716671
35.602,1,-4.00098735021645,3.0016679517523186,1.1964351413555518,0.012286592186365958
35.611,0,-3.9960388215828386,-3.0033200339929667,1.199005366450793,0.010294696972027045
35.611,1,-4.000880888000424,3.001647455330399,1.1963826535315925,0.011858266640632524
35.621,0,-3.9959754356469084,-3.003331566302113,1.1990865318352248,0.010393452602717837
35.622,1,-4.000775573476494,3.0016260969308983,1.1963377472035237,0.011483415427580796
35.631,0,-3.995910800720908,-3.0033407496339986,1.1991672254610852,0.01035163056917874
35.631,1,-4.000671419855162,3.001604017863524,1.1962999540743122,0.011154637299302245
35.641,1,-4.000568457591114,3.001581339181769,1.196268905583273,0.010864431363408988
35.641,0,-3.995845038923405,-3.0033477674601916,1.1992459689647041,0.010216745800466056
35.651,1,-4.0004667367007904,3.001558159456551,1.1962443005739183,0.010607171032124035
35.652,0,-3.9957782778985655,-3.0033528191344283,1.199321762143551,0.010021802535620043
35.661,1,-4.000366327578375,3.0015345538084373,1.196225889117361,0.010378129534953052
35.662,0,-3.9957106523008314,-3.003356113774972,1.1993939335289947,0.00978950207017002
35.671,0,-3.995642304067735,-3.003357864918985,1.1994622958884977,0.00958262165919957
35.671,1,-4.000267320497674,3.001510573964715,1.1962132906487415,0.010178697570483546
35.681,0,-3.9955733801777384,-3.003358286192227,1.1995276771008603,0.00944072038755814
35.681,1,-4.0001698233340575,3.0014862505299753,1.196205357003561,0.010002013609940647
35.692,0,-3.99550402756049,-3.0033575908887125,1.1995908489871825,0.009337357788561793
35.692,1,-4.000073959849637,3.001461598844993,1.1962010161987,0.009831481802287021
35.701,0,-3.995434387133605,-3.003355990517502,1.1996523296544594,0.009255479333826725
35.701,1,-3.999979866901455,3.0014366255793035,1.1961995104467695,0.00965790675052036
35.712,0,-3.9953645893369014,-3.003353693136654,1.1997124624666393,0.009184314303376826
35.712,1,-3.999887691392663,3.0014113338148145,1.196200299890542,0.009476214386265619
35.721000000000004,0,-3.9952947511105563,-3.003350901946872,1.1997714695294492,0.009116979992291248
35.721000000000004,1,-3.9997975874754554,3.001385726724608,1.1962029959370828,0.009283600155125282
35.732,0,-3.9952249740568804,-3.0033478138957155,1.199829580648231,0.009063783200312989
35.732,1,-3.9997097151309964,3.001359809836877,1.1962078230638469,0.009085936083758461
35.741,0,-3.9951553439797345,-3.003344614967758,1.1998871935120983,0.009028243719471533
35.741,1,-3.9996242394186026,3.001333589788903,1.1962163001831434,0.00889946066583894
35.752,0,-3.9950859317645677,-3.0033414699024505,1.1999446119560104,0.009003106696924525
35.752,1,-3.9995413243896163,3.001307068889256,1.1962296661314862,0.008739941211505797
35.762,0,-3.9950167945637536,-3.0033385131580688,1.2000020334739032,0.008983879603797347
35.762,1,-3.9994611301495513,3.001280239556419,1.196248735412553,0.008620963482852713
35.771,0,-3.994947976988026,-3.0033358432577453,1.2000595823718818,0.008967877983727423
35.771,1,-3.9993838110286,3.0012530806672553,1.196274028272735,0.008552540947544292
35.781,0,-3.9948795121453937,-3.003333519707766,1.2001170687071088,0.00890369737265382
35.781,1,-3.9993095130400933,3.001225555813925,1.1963054938124476,0.008501865916964859
35.791,0,-3.9948114209208647,-3.0033315616455454,1.200173037146395,0.008732028234766842
35.791,1,-3.9992383706281136,3.0011976163785192,1.1963417081916472,0.00841890215963053
35.801,0,-3.9947437080650587,-3.0033299488057223,1.2002261013022923,0.00849288941887478
35.801,1,-3.999170512138843,3.0011692113912423,1.1963813708554658,0.008304489554419491
35.811,0,-3.9946763579023745,-3.0033286233184193,1.2002753259713723,0.00821831946867226
35.811,1,-3.999106062017195,3.001140297734401,1.1964235659584403,0.008163507147966943
35.821,0,-3.9946093318217204,-3.0033274922788427,1.20032008816568,0.007932927218524226
35.821,1,-3.999045141299575,3.0011108473318053,1.1964676429046979,0.00800215747126853
35.831,0,-3.99454256734843,-3.003326431018434,1.2003599806645926,0.007655778635445812
35.831,1,-3.9989878677896513,3.001080851766256,1.1965131413290808,0.00782624328405669
35.846000000000004,0,-3.9944759783109243,-3.003325286587929,1.2003948756706095,0.007426537530904481
35.846000000000004,1,-3.998934355669857,3.001050325001024,1.1965596527438984,0.0076198467433709685
35.848,0,-3.9944094579910394,-3.003323881651348,1.2004265451759042,0.007340643158388908
35.848,1,-3.998884710360479,3.001019305314671,1.19660576150163,0.007298434543900211
35.86,0,-3.9943428942896437,-3.0033220230922093,1.2004574934276762,0.007357534868158431
35.86,1,-3.9988390251202426,3.0009878560274443,1.1966497149094977,0.00688494213474195
35.872,0,-3.9942761909913296,-3.0033195134526656,1.20048946149395,0.007446136564957377
35.872,1,-3.998797376672362,3.0009560656656635,1.1966903044545485,0.006411430802382371
35.882,0,-3.994209283759404,-3.003316160122469,1.2005236278184368,0.007588096544797415
35.882,1,-3.9987598192285505,3.000924047413099,1.1967267206370054,0.005903868759376854
35.892,0,-3.994142150521986,-3.0033117827267577,1.2005603347886793,0.007706917073576021
35.892,1,-3.9987263812833502,3.0008919375115286,1.196758541025498,0.005408551275496027
35.901,0,-3.9940748160186925,-3.0033062201827048,1.2005975946866785,0.007707969922277513
35.901,1,-3.998697069632984,3.0008598933822723,1.1967870536251195,0.0050396108870929745
35.911,0,-3.9940073473457653,-3.00329933204686,1.2006333870525667,0.0076271256103747544
35.911,1,-3.998671865016291,3.000828091926695,1.1968142386187617,0.004771878694014298
35.922,0,-3.9939398474126544,-3.003290999652522,1.2006663448941497,0.007496689954238151
35.922,1,-3.9986507177834896,3.0007967269326823,1.1968414688394575,0.004583196751506048
35.931,0,-3.9938724492372484,-3.0032811271834143,1.2006955517477815,0.0073412492047674255
35.931,1,-3.9986335504011414,3.0007660060861494,1.196869672592353,0.004462272800040788
35.942,0,-3.9938053107393308,-3.0032696419272087,1.2007204028655702,0.007178526012235114
35.942,1,-3.9986202602859033,3.0007361479829173,1.1968994686451513,0.0044018862594481616
35.952,0,-3.993738609878366,-3.003256493554643,1.2007406708453943,0.007032993531001769
35.952,1,-3.998610722616621,3.0007073792025247,1.196931230701693,0.004388228381411177
35.961,0,-3.993672540288317,-3.003241652298084,1.2007570281161175,0.006916236674356224
35.961,1,-3.99860479232055,3.0006799319598354,1.1969649762142185,0.004397867788160498
35.971000000000004,0,-3.9936073061950017,-3.0032251096660603,1.2007701927231536,0.006811460511901316
35.971000000000004,1,-3.9986023064761045,3.0006540444136003,1.1970006047181687,0.00442756493907179
35.981,0,-3.9935431176966634,-3.003206877980234,1.200780666772429,0.006708609247437346
35.981,1,-3.9986030861237603,3.0006299613839293,1.1970380242568555,0.004474716508823201
35.991,0,-3.993480186833748,-3.0031869889524017,1.2007888051691937,0.006601884453190797
35.991,1,-3.9986069379485785,3.0006079340845435,1.1970771469576267,0.0045367574829362324
36.001,0,-3.993418724841824,-3.0031654912108454,1.2007953083050351,0.006499716353209986
36.001,1,-3.998613657477473,3.0005882198883866,1.1971182617731253,0.0047012933856225465
36.011,0,-3.9933589407257446,-3.003142445838484,1.2008029054928153,0.006418207031765134
36.011,1,-3.9986230365835977,3.000571079359907,1.1971629184509007,0.0050418517440399355
36.021,0,-3.993301030580465,-3.0031179283000027,1.2008141305788118,0.006374164827347282
36.021,1,-3.9986348705206014,3.000556759218683,1.1972124503264028,0.0055126576002644265
36.031,0,-3.9932451688059514,-3.003092027452893,1.2008306918126532,0.006394446338844783
36.031,1,-3.9986489683507864,3.000545478300023,1.1972677315866345,0.006077499579461232
36.041,0,-3.993191503125575,-3.003064843112883,1.200853725691332,0.006500504303433043
36.041,1,-3.998665161028985,3.000537418751932,1.1973293182948457,0.006708043769064394
36.051,0,-3.993140151630814,-3.00303648384053,1.2008839719015691,0.006702775349426675
36.051,1,-3.9986833065269836,3.0005327206757726,1.1973975448928964,0.007382914232802243
36.061,0,-3.9930912008830526,-3.003007065232068,1.2009216321244576,0.006955439428489156
36.061,1,-3.9987032925658204,3.0005314792812485,1.1974725355250793,0.008070189453736368
36.071,0,-3.993044707880475,-3.002976709202473,1.2009654950944229,0.007172248435797847
36.071,1,-3.9987250372442733,3.0005337442138136,1.1975540428512885,0.008738815128113975
36.082,0,-3.9930007197933493,-3.002945541604713,1.2010143047376531,0.007351333875579966
36.082,1,-3.998748489022418,3.000539523882273,1.1976417659875314,0.009391826991920376
36.091,0,-3.992959292425634,-3.002913691307751,1.201067167536473,0.007497380229233679
36.091,1,-3.9987736253182398,3.0005487902758006,1.1977354522017112,0.010031025484958048
36.102,0,-3.9929205020504277,-3.0028812896400803,1.201123443652605,0.007616671877888016
36.102,1,-3.998800450308018,3.0005614833844727,1.1978348826501037,0.010657779395963735
36.111,0,-3.992884450561127,-3.0028484698784568,1.201181926553777,0.007560381679323664
36.111,1,-3.9988289902639877,3.0005775118604743,1.1979387656280405,0.010994463608750433
36.121,0,-3.992851258645143,-3.00281536499483,1.2012390366837782,0.007212610436637131
36.121,1,-3.998859282562647,3.0005967495392603,1.198042146331017,0.010843810044928478
36.131,0,-3.9928210585384134,-3.0027821000065695,1.201291742091894,0.006668842566837324
36.131,1,-3.9988913702522235,3.00061905630678,1.198140753716939,0.010378454185974306
36.141,0,-3.99279397976121,-3.002748786381377,1.2013379982692247,0.006007745350480051
36.141,1,-3.998925291255393,3.00064428542607,1.198231689656526,0.009724524851806655
36.151,0,-3.9927701370412034,-3.002715518569487,1.2013764520484036,0.005296496698423789
36.151,1,-3.9989610692359543,3.0006722861600204,1.198313011975863,0.008977574257073637
36.162,0,-3.9927496220027767,-3.0026823719503186,1.2014062237567495,0.004598504140671271
36.162,1,-3.9989987075901596,3.000702906086686,1.1983834379763665,0.008214096579738093
36.171,1,-3.999038186732428,3.000735994341504,1.1984426203277643,0.00760216302819127
36.171,0,-3.9927324995488007,-3.0026494018534162,1.2014272478783956,0.004046339335476507
36.181,0,-3.9927188116809083,-3.002616641769305,1.2014419663382119,0.003706668026631692
36.181,1,-3.99907946478837,3.000771406624725,1.1984927652381308,0.007269799923039643
36.192,0,-3.9927085696112528,-3.0025840965087585,1.2014528157149447,0.0034953403506168077
36.192,1,-3.9991224696240555,3.000808997335507,1.1985361357906423,0.007116617806132453
36.201,0,-3.99270175322253,-3.0025517358794387,1.201461483801114,0.0033699885902193976
36.201,1,-3.9991670954018597,3.000848616341608,1.198574301520089,0.0070716616182958675
36.211,0,-3.992698314325847,-3.0025194915969693,1.2014691360080745,0.003312538792270041
36.211,1,-3.9992132028596847,3.000890108912925,1.1986083498760864,0.007087858826886055
36.222,0,-3.9926981798747376,-3.0024872566320324,1.2014765733024246,0.0033158768698184613
36.222,1,-3.9992606208862,3.0009333160239846,1.1986390341239215,0.007134425410225891
36.23,0,-3.99270125515256,-3.0024548865301544,1.2014843667599844,0.003377298165562659
36.23,1,-3.9993091491711668,3.0009780750983275,1.1986669720834169,0.007206541443787732
36.241,0,-3.992707426767176,-3.002422206021263,1.2014929857002241,0.0034930402150977567
36.241,1,-3.9993585624878545,3.001024222177174,1.1986939622811528,0.007348344219152894
36.252,0,-3.992716564595234,-3.002389024543037,1.2015027684229576,0.003655491346459903
36.252,1,-3.9994086136004445,3.0010715890259707,1.1987221854532437,0.007531950978823724
36.262,0,-3.9927285238025334,-3.002355151485166,1.2015139471578558,0.0038555945016806774
36.262,1,-3.999459037465939,3.001119999741854,1.1987531292422076,0.007740006363918549
36.271,0,-3.9927431470340498,-3.0023204076594405,1.2015266785841112,0.00408405233158484
36.271,1,-3.9995095566143304,3.0011692703150645,1.1987877775692868,0.007963910778747363
36.281,0,-3.992760266287937,-3.002284633489146,1.2015409663771928,0.004319305198365864
36.281,1,-3.9995598857845978,3.0012192089901255,1.1988269691683557,0.00823614784859286
36.291,0,-3.9927797034570296,-3.0022476947976156,1.2015558426180242,0.004518307616038251
36.291,1,-3.999609735273773,3.0012696170606037,1.198873193884101,0.008680665781513816
36.301,1,-3.99965881518781,3.0013202850310976,1.1989291432508549,0.00929925606845202
36.302,0,-3.9928012765974197,-3.0022094818649534,1.2015701382132784,0.004692526298171792
36.311,0,-3.992824805811701,-3.002169905923247,1.2015830661404707,0.004855764239241352
36.311,1,-3.9997068405207905,3.001370989279254,1.1989966000300312,0.010073740667387712
36.321,0,-3.9928501163256636,-3.002128896611273,1.201594109505899,0.005017557882485491
36.321,1,-3.999753535015891,3.0014214911957144,1.1990766945946498,0.010976534495521226
36.331,1,-3.999798634080764,3.001471537641971,1.19917011203957,0.011978367208581076
36.332,0,-3.9928770407314973,-3.002086399751762,1.2016029369539192,0.005183340158055495
36.341,0,-3.9929054213044184,-3.0020423750361505,1.2016096750832868,0.005364333067749111
36.341,1,-3.999841888571049,3.001520863012386,1.1992763837873557,0.012836341137559668
36.351,0,-3.9929351164414046,-3.0019967970854085,1.2016153232090734,0.005555461005034968
36.351,1,-3.9998830732333457,3.0015691962402795,1.1993908739002082,0.013243999807148053
36.361,0,-3.9929660122944504,-3.001949664740647,1.2016207185523478,0.005747907450772557
36.361,1,-3.999921980826245,3.001616266523468,1.1995091071612107,0.013317647565097046
36.369,0,-3.9929980340190045,-3.0019010079028066,1.201626440597325,0.005938364704999228
36.369,1,-3.999958419870037,3.001661809594049,1.199628010338009,0.01315421408177275
36.382,0,-3.9930311526118056,-3.0018508910461943,1.2016328869850872,0.006125599111575901
36.382,1,-3.999992215217775,3.001705573390234,1.1997454918286325,0.012825052372826478
36.391,0,-3.99306538709604,-3.0017994151925835,1.2016397111267978,0.00629020806089573
36.391,1,-4.000023207890528,3.0017473217752846,1.1998603337222982,0.01242868298300575
36.401,0,-3.993100797144171,-3.0017467173475896,1.2016444052867732,0.006428921529078642
36.401,1,-4.000051256464326,3.0017868350391113,1.1999724411489563,0.012038090280073964
36.411,0,-3.993137466623171,-3.0016929597754727,1.201644779009432,0.006579152292622814
36.411,1,-4.000076247432949,3.001823909395746,1.2000819210708384,0.01165359858320893
36.421,0,-3.9931754849507044,-3.0016383223439473,1.2016393725174783,0.006771694411079065
36.421,1,-4.0000981032171605,3.0018583548177395,1.2001888565418541,0.011276685767766326
36.431,0,-3.993214933128423,-3.0015829971700727,1.201627236884831,0.007023960152939078
36.431,1,-4.000116786509659,3.0018899931252547,1.2002933164009444,0.010909340607770482
36.441,0,-3.9932558738568575,-3.001527183835651,1.201607779560467,0.00734084463011724
36.441,1,-4.00013230212778,3.001918656639867,1.2003953609803732,0.010554006720985483
36.451,0,-3.9932983449699337,-3.001471085189667,1.2015806583385673,0.007716348729932426
36.451,1,-4.000144697617633,3.001944188199337,1.200494771445878,0.010126621493031276
36.461,0,-3.993342356020016,-3.0014149027422805,1.2015459047041206,0.008127579858444374
36.461,1,-4.000154065011783,3.0019664473745182,1.2005895435298228,0.009467756806759263
36.471,0,-3.993387887713,-3.0013588268075635,1.2015037510452224,0.008562473480601655
36.471,1,-4.000160527944418,3.001985311898594,1.2006775857423355,0.008648268794765624
36.48,0,-3.993434893561043,-3.001303024452897,1.2014544053310638,0.009014073959174437
36.48,1,-4.000164230680978,3.002000682382929,1.2007575086747082,0.007726132317086353
36.491,0,-3.993483302431451,-3.001247630947962,1.201398054387782,0.009477285358437794
36.491,1,-4.000165331786499,3.0020124876898793,1.2008284151902646,0.006744323777760824
36.501,0,-3.993533021622973,-3.0011927448379296,1.2013350628375807,0.009910647071657439
36.501,1,-4.000163998580533,3.002020687261764,1.2008899021866613,0.00577524285885968
36.512,0,-3.9935839432564446,-3.0011384287038383,1.201266704730207,0.01025778368993742
36.512,1,-4.000160403112427,3.002025267971473,1.200942317665975,0.004876511131573944
36.519,0,-3.993635955299507,-3.0010847182975393,1.2011941853892536,0.010537108483865413
36.519,1,-4.0001547234085395,3.0020262372466573,1.2009860935326138,0.0040535689092191535
36.532,0,-3.993688953909458,-3.001031633727076,1.2011183483477639,0.010766938926588043
36.532,1,-4.000147143775693,3.0020236139303083,1.2010215840832978,0.003320496740653253
36.541,0,-3.993742852615386,-3.0009791881454024,1.201039784045961,0.010960154629183086
36.541,1,-4.000137854156107,3.002017420976203,1.2010490874656308,0.002713186978613884
36.551,0,-3.9937975882493175,-3.0009273940158594,1.2009589177283833,0.011126725321660171
36.551,1,-4.0001270491463226,3.0020076803080253,1.2010688657555908,0.002295756846590356
36.561,0,-3.993853124322671,-3.000876267627792,1.2008761521514688,0.011247288047912717
36.561,1,-4.000114926525051,3.001994408588882,1.2010813720940525,0.0021843797334496033
36.571,0,-3.9939094506791544,-3.0008258327037356,1.2007927421557838,0.01125074456759667
36.571,1,-4.000101683604568,3.001977608008529,1.2010891615766985,0.0023855757332986375
36.581,0,-3.993966569902261,-3.0007761220697744,1.2007100672779778,0.011168314900438549
36.581,1,-4.0000875169567776,3.001957270596759,1.2010951941059043,0.002695710727209888
36.591,0,-3.9940244798029405,-3.000727178538405,1.2006290681924738,0.01102821643363238
36.591,1,-4.000072620247601,3.0019333817309986,1.2011015145551074,0.003045477423673928
36.602,0,-3.9940831611093874,-3.000679055474431,1.200550376833426,0.010849561638048993
36.602,1,-4.000057180744838,3.0019059186912393,1.2011095166979937,0.0034234524034353108
36.611,1,-4.00004137693109,3.00187485120135,1.2011198583376568,0.003804461544887658
36.612,0,-3.994142569248401,-3.0006318162021652,1.2004738872894576,0.010743033948796063
36.621,0,-3.9942026355646876,-3.000585530224694,1.2003975859644418,0.01078778909172932
36.621,1,-4.000025378713724,3.001840146860544,1.201131552565721,0.0041491191604216965
36.631,0,-3.994263287160485,-3.000540268078672,1.200319673137588,0.010935345128374466
36.631,1,-4.0000093521124445,3.001801771320494,1.201143491025111,0.00447013106997314
36.643,0,-3.9943244656208043,-3.000496095149575,1.2002389314109156,0.011156147866509258
36.643,1,-3.9999934652537465,3.00175969248168,1.2011549163407247,0.004780057340146686
36.651,0,-3.9943861395463243,-3.0004530669921716,1.2001545429705518,0.011431508381080585
36.651,1,-3.999977892436826,3.0017138851192566,1.2011653124982438,0.00508762795895426
36.661,0,-3.994448312656217,-3.0004112262263702,1.2000659656756116,0.011748839281733776
36.661,1,-3.9999628164956023,3.0016643339955005,1.2011743325457747,0.005397816928183022
36.671,0,-3.9945110285495034,-3.0003706010439504,1.199973156674667,0.012021594167983141
36.671,1,-3.999948429846767,3.0016110362943187,1.2011816321285234,0.005708601375951507
36.681,0,-3.99457437016552,-3.0003312066323033,1.1998781831396608,0.012095797994034761
36.681,1,-3.9999349337707826,3.0015540062601103,1.2011862128843558,0.006020897705152222
36.692,0,-3.9946384441347353,-3.0002930436533917,1.1997833013055645,0.012029025329242925
36.692,1,-3.999922537662657,3.0014932779153884,1.2011870988280586,0.006349943318889279
36.702,0,-3.9947033621795804,-3.0002560985478546,1.1996900485932067,0.011871292064410528
36.702,1,-3.9999114577452897,3.0014289092650763,1.2011836446602153,0.006703242854472064
36.711,0,-3.9947692274772257,-3.000220345307744,1.1995994560397387,0.011658456217571694
36.711,1,-3.9999019152976887,3.001360985761535,1.2011754365955682,0.007081831108637129
36.722,0,-3.9948361250934066,-3.000185747180328,1.19951220345368,0.011415575563632254
36.722,1,-3.9998941347134327,3.0012896216354106,1.20116222281432,0.007482788389796702
36.731,1,-3.9998883414007183,3.001214959624027,1.201143848121467,0.00790247214659112
36.732,0,-3.994904115719817,-3.0001522583336873,1.199428786873497,0.011145668796024263
36.741,0,-3.994973231552856,-3.000119824804865,1.1993499109705377,0.010836854674319154
36.741,1,-3.9998847577185117,3.0011371692852764,1.2011201350055314,0.008339577782292945
36.751,0,-3.9950434710786187,-3.0000883818948236,1.1992761782043213,0.010511573448311946
36.752,1,-3.9998835915993483,3.0010564413996477,1.2010909343532894,0.00879061208508737
36.761,0,-3.9951147953815696,-3.000057851413316,1.1992079638844317,0.010185287942560805
36.761,1,-3.9998850231054597,3.000972981102198,1.2010561623524254,0.009251938740057213
36.771,0,-3.995187126911144,-3.0000281404195075,1.1991454893024347,0.009868354009108212
36.771,1,-3.9998891949411144,3.0008870022452476,1.201015782998504,0.009720171764361457
36.782,0,-3.995260350080542,-2.9999991410468114,1.1990890187277368,0.009541373463994668
36.782,1,-3.9998962079069607,3.000798721820867,1.2009702149936634,0.010139705346107138
36.791,1,-3.9999061219408016,3.0007083570569404,1.2009213116380315,0.010459664871188741
36.791,0,-3.995334315916823,-2.999970731230545,1.1990394680396064,0.009187000629435189
36.801,0,-3.995408852574201,-2.9999427748109495,1.1989976414582306,0.008841631622767535
36.801,1,-3.999918953344008,3.0006161355593783,1.2008706828126616,0.010702440670682456
36.811,0,-3.9954837773786935,-2.999915122555222,1.1989640298536788,0.008532891223417565
36.811,1,-3.999934677525158,3.0005223016286706,1.2008194176469025,0.010886158301258043
36.82,0,-3.9955589063080947,-2.9998876137432466,1.198938903488848,0.008281566544524157
36.82,1,-3.999953233341441,3.0004271189186396,1.2007682446375263,0.011023443981504675
36.831,0,-3.995634060988094,-2.9998600779782323,1.1989223914986733,0.008101533756569728
36.831,1,-3.9999745274763243,3.000330871140394,1.2007176455874635,0.011121962353676332
36.841,1,-3.999998438567322,3.0002338615183324,1.2006679418382287,0.01118357742566928
36.842,0,-3.995709073714082,-2.9998323372384563,1.198914369865358,0.008004485688622229
36.851,0,-3.995783790861788,-2.999804211188546,1.198914264324116,0.007982070095976046
36.851,1,-4.000024821828823,3.0001364113604754,1.200619925348592,0.011163532231723462
36.861,0,-3.995858074796078,-2.9997755275323557,1.1989215654657648,0.008021401772563795
36.861,1,-4.0000535071159415,3.0000388593234706,1.2005750235971315,0.011068016935075827
36.871,1,-4.000084289017825,2.9999415608593663,1.200534256389646,0.010919809574243888
36.872,0,-3.995931804813065,-2.999746131170275,1.1989358741119385,0.00811286786854458
36.881,1,-4.000116922265102,2.9998448859032867,1.2004982849314008,0.010733183460365765
36.882,0,-3.9960048774549253,-2.999715890386629,1.1989568708801637,0.008249186370274896
36.891,0,-3.996077206784266,-2.9996847012601737,1.1989837340079197,0.008371610102890769
36.891,1,-4.00015111976923,2.9997492154373826,1.2004669908973415,0.010555884669900564
36.901,0,-3.9961487251325214,-2.9996524902436867,1.1990137954667668,0.008412104840445881
36.901,1,-4.000186557375155,2.9996549357405584,1.2004382981839778,0.010406299389347189
36.911,0,-3.9962193812520512,-2.999619209609139,1.1990447577763592,0.008384289414317202
36.911,1,-4.000222895685206,2.9995624349929932,1.2004103421158099,0.010255289680983425
36.921,0,-3.9962891393245012,-2.9995848337019066,1.1990750415903433,0.008308711385712009
36.921,1,-4.000259798131522,2.999472099476974,1.2003818444440395,0.010090357433817653
36.932,0,-3.9963579780983327,-2.999549356065808,1.1991035644579733,0.008204705419941012
36.932,1,-4.000296943603099,2.999384309722808,1.2003519324198157,0.009906965252869646
36.94,0,-3.996425889804909,-2.9995127867991362,1.199129590972714,0.008087650570502956
36.94,1,-4.000334035490806,2.9992994371101105,1.2003200160165963,0.0097048642221056
36.951,1,-4.0003708075560445,2.9992178424773877,1.2002861093639476,0.009445712051385282
36.952,0,-3.996492879074413,-2.999475150375736,1.1991523568247193,0.007950030325410131
36.962,0,-3.996558959002393,-2.999436481529161,1.1991703621827574,0.007799534905892008
36.962,1,-4.0004070250138755,2.99913987994819,1.2002517339747025,0.009092231224920973
36.971000000000004,0,-3.9966241393554953,-2.999396814236912,1.1991823832310913,0.007672617108411205
36.971000000000004,1,-4.000442480919601,2.9990658971853357,1.2002182491036448,0.008661589582646139
36.981,0,-3.996688416229164,-2.9993561724851703,1.1991876092138933,0.007596083724242019
36.981,1,-4.000476991557845,2.998996239306729,1.2001865604214907,0.008168287052893825
36.991,0,-3.996751765347657,-2.9993145642832313,1.1991855144788306,0.007587394344576824
36.991,1,-4.00051039259357,2.9989312521409373,1.2001572582228304,0.007623592060451684
37.001,0,-3.9968141377175814,-2.999271977580177,1.1991762151942398,0.007636055387104282
37.001,1,-4.000542536172965,2.9988712829944806,1.200130648133529,0.00704167740938756
37.011,0,-3.99687545937317,-2.9992283790287484,1.1991614480187527,0.007695236458484958
37.012,1,-4.0005732897016255,2.998816672445182,1.200106735370117,0.006431647605741971
37.02,0,-3.9969356408904972,-2.9991837205666667,1.199142772324174,0.007745705188728818
37.02,1,-4.000602536453204,2.9987677344388337,1.200085468599678,0.00579854751712109
37.031,0,-3.9969945863061653,-2.9991379451635485,1.19912126671069,0.007783107334349759
37.031,1,-4.000630176487205,2.99872473752508,1.2000667818006063,0.005149642978054495
37.038,0,-3.9970521996989015,-2.9990909911043833,1.199097671873463,0.0078091466917567
37.038,1,-4.000656126996874,2.9986878923756075,1.2000505951547062,0.004493491024104047
37.052,0,-3.9971083900581132,-2.9990427953490513,1.1990724917473758,0.007827361682771762
37.052,1,-4.00068032212409,2.9986573445613964,1.2000368266319779,0.0038406174074606617
37.06,0,-3.997163074543919,-2.9989932959319314,1.1990461672497172,0.00782716752228403
37.06,1,-4.0007027127539,2.9986331701299425,1.2000252319820726,0.0032248505391834145
37.072,0,-3.9972161783667612,-2.9989424320263183,1.1990203950116323,0.007754133930386074
37.072,1,-4.000723268236089,2.9986153680864134,1.2000140667672243,0.0027335007092180487
37.081,0,-3.9972676348679563,-2.998890146578439,1.1989972939828646,0.007637283942511413
37.081,1,-4.00074197306589,2.9986038785362052,1.2000013089257395,0.002424861897270743
37.091,0,-3.997317384603141,-2.9988363891655365,1.1989782974724859,0.007513022623138123
37.091,1,-4.000758823791785,2.998598602596007,1.199985586351693,0.0023743878259549715
37.101,0,-3.9973653729572294,-2.998781116609656,1.1989643436029394,0.007409607230252262
37.101,1,-4.000773827994466,2.9985994127135163,1.1999659856974625,0.002602084592745681
37.111,0,-3.9974115480615375,-2.9987242930700475,1.1989562161744558,0.007343349625734586
37.112,1,-4.000787002017615,2.9986061647012816,1.1999425166168496,0.0029083427237641
37.121,0,-3.997455859251743,-2.9986658925230056,1.1989550976225112,0.007340646766875651
37.121,1,-4.000798365323325,2.9986187116209146,1.199917444830671,0.0031179482504165405
37.131,0,-3.997498259147333,-2.9986059094071247,1.198961897393373,0.007429067046743526
37.131,1,-4.000807938001665,2.9986368907948475,1.1998928206101445,0.003285088076613661
37.141,0,-3.9975387048824556,-2.998544367536924,1.1989771745193125,0.007619509721071877
37.141,1,-4.000815734801526,2.998660522628512,1.199870040170991,0.0034575682172726086
37.151,1,-4.000821760124717,2.9986894135765927,1.1998500477329241,0.0036666767799369165
37.151,0,-3.997577158627192,-2.99848132508694,1.1990012478730836,0.007909203463381
37.161,0,-3.9976135878447607,-2.998416876753656,1.199034278700937,0.008286832820569617
37.161,1,-4.000826004925233,2.9987233589068794,1.19983347086581,0.003926361239826163
37.171,0,-3.9976479657160615,-2.9983511541511403,1.1990761783652406,0.00871679421906713
37.171,1,-4.000828445983341,2.998762142943166,1.1998202436309633,0.004274837749249041
37.181,0,-3.997680272922012,-2.998284324874158,1.1991263110718366,0.009158699102561653
37.181,1,-4.000829050530343,2.99880553308677,1.1998079311908336,0.004712470934336338
37.192,0,-3.9977104998032433,-2.998216589263391,1.1991840628214518,0.009601012592872483
37.192,1,-4.000827778931899,2.9988532931103253,1.1997941594657113,0.0051900035631478455
37.201,0,-3.997738649112637,-2.998148177128475,1.1992489488250715,0.010036955077878716
37.201,1,-4.000824591048817,2.9989051870829653,1.199777322116455,0.005694812730321023
37.211,0,-3.9977647377741157,-2.9980793441390245,1.1993205710019463,0.010461911585457747
37.211,1,-4.000819452220157,2.998960978972839,1.1997563496883765,0.006222260754044853
37.222,0,-3.9977887975495214,-2.998010367825938,1.1993985972102905,0.010873840656909503
37.222,1,-4.000812337323863,2.999020432842815,1.199730542853774,0.006767845918019524
37.231,0,-3.9978108771051115,-2.997941543043889,1.1994816446827,0.011067177042473035
37.231,1,-4.000803232424562,2.999083315262262,1.1996999318001251,0.007269671159693004
37.241,0,-3.997831044287394,-2.9978731727505954,1.1995657465999026,0.010950994816862703
37.241,1,-4.000792134923118,2.999149403114931,1.1996663165768082,0.007670131294943598
37.251,0,-3.9978493786820186,-2.997805554317676,1.1996476983581539,0.010616368865542755
37.252,1,-4.000779061029543,2.9992184880620814,1.199631326614674,0.007994431074676716
37.261,0,-3.9978659702691015,-2.997738968439306,1.1997253131434549,0.010132725037352233
37.261,1,-4.0007640491675245,2.9992903866175284,1.1995960767846523,0.008265683744204961
37.271,0,-3.997880918908427,-2.99767367131694,1.1997971053256105,0.009551783194416436
37.271,1,-4.000747160758508,2.999364948112261,1.199561325857343,0.00850225825959798
37.281,0,-3.9978943323718608,-2.997609890544173,1.1998627158017283,0.00903059430317698
37.281,1,-4.000728479581755,2.999442059007406,1.1995276594338935,0.008710872315075798
37.291,0,-3.9979063220848667,-2.997547827460262,1.199924273775889,0.008673284249639687
37.291,1,-4.000708107241279,2.99952163575952,1.1994956721718797,0.008898938139829081
37.301,0,-3.997917002877529,-2.9974876599886175,1.199983763103746,0.008422731028381626
37.301,1,-4.0006861537643275,2.999603600241502,1.1994657903052295,0.009075096839956847
37.311,0,-3.997926489175719,-2.99742954875648,1.2000425367808745,0.008243979560796482
37.311,1,-4.000662728513828,2.9996878575041097,1.1994382881932288,0.009242865408377035
37.322,0,-3.997934891250048,-2.9973736425405546,1.2001015093358967,0.008115014329694437
37.322,1,-4.000637933486193,2.9997742807323005,1.1994133342903326,0.009402291636818947
37.331,0,-3.9979423125274876,-2.9973200822080717,1.2001612905946726,0.008021510495007796
37.331,1,-4.000611858676442,2.9998627020047675,1.1993910234845808,0.009551132954497407
37.341,0,-3.9979488479869394,-2.9972690026659823,1.2002220051306278,0.007891976696782946
37.341,1,-4.000584579233445,2.999952907473772,1.199371326917184,0.00968997642556176
37.351,0,-3.997954583880999,-2.997220529006899,1.2002823508543066,0.007639256830379974
37.351,1,-4.000556155924157,3.000044636550145,1.1993538337693104,0.009817421758893328
37.361,0,-3.997959596280043,-2.9971747706030123,1.200341021488928,0.00729750214006354
37.361,1,-4.000526640479532,3.0001375872481697,1.1993381342423826,0.00992418070463474
37.371,0,-3.9979639510950626,-2.9971318123982913,1.200397128152713,0.006894148921552981
37.371,1,-4.000496082146295,3.000231422761131,1.199323933327168,0.01000366712218857
37.381,0,-3.9979677046919093,-2.9970917082888167,1.2004500720480054,0.006449798674470922
37.381,1,-4.000464532539217,3.000325777759632,1.199311014170765,0.010051221712428279
37.39,0,-3.997970904581102,-2.9970544771742404,1.2004993278645686,0.005946499650102343
37.39,1,-4.000432048901814,3.0004202647112175,1.1992991603523593,0.010065553810962516
37.401,1,-4.000398695985566,3.000514483088955,1.1992878288682312,0.010048434536093161
37.402,0,-3.9979735893021107,-2.997020102876557,1.2005436796524507,0.00533588446253324
37.411,0,-3.997975783991365,-2.996988551094402,1.2005819773153634,0.004658444180485755
37.411,1,-4.000364545133823,3.0006080385042813,1.1992764881592193,0.00999878298271124
37.42,0,-3.99797749583251,-2.9969597879506797,1.2006134768065335,0.003949306627274859
37.42,1,-4.000329672648281,3.000700562649949,1.1992647746553535,0.009918393409010054
37.432,0,-3.9979787116189005,-2.996933792335775,1.2006377086196032,0.0032390434120571085
37.432,1,-4.0002941584109495,3.000791727410138,1.1992524418566104,0.009810849156094231
37.438,0,-3.997979396697446,-2.9969105641728446,1.2006543944589947,0.002566289605689891
37.438,1,-4.000258084650849,3.00088125408348,1.199239324354264,0.009680743522098913
37.452,0,-3.9979794949700493,-2.996890129785916,1.2006635233650387,0.0020064530414749095
37.452,1,-4.000221534831703,3.0009689183850963,1.1992254930379316,0.009524288846412326
37.458,1,-4.000184596285157,3.0010545506743016,1.1992122347270475,0.009329648870331294
37.459,0,-3.997978932087189,-2.9968725441284243,1.2006660148223003,0.0016308739208232476
37.471,1,-4.000147376909595,3.001138037700722,1.199200914301788,0.009111258222186157
37.472,0,-3.997977628977768,-2.9968578793340073,1.2006628948081388,0.0014482470450468195
37.481,0,-3.9979755169934412,-2.9968462117496824,1.2006548953315503,0.0014591307332844127
37.481,1,-4.000110023296885,3.0012193216559573,1.19919244071983,0.008883129589584093
37.491,0,-3.9979725484839492,-2.9968376131530285,1.2006425418202524,0.0016266761164779981
37.491,1,-4.000072731899301,3.001298396581505,1.1991874046211728,0.00865610931999772
37.501,0,-3.9979687032185693,-2.9968321453447966,1.2006264697779414,0.001831627971870482
37.501,1,-4.000035754506743,3.0013753043563707,1.1991859780114784,0.008437888434747205
37.512,0,-3.99796398830306,-2.99682985806191,1.2006080594101707,0.0019787640191627036
37.512,1,-3.9999993970320946,3.001450129987356,1.1991868594657789,0.008222433361660812
37.521,0,-3.997958430557603,-2.996830783697032,1.2005884629944825,0.0020884070255849487
37.521,1,-3.999964009256855,3.001522984067183,1.199188581289536,0.008000903534236001
37.531,0,-3.997952067105864,-2.996834935831967,1.2005684645827992,0.002183982070534558
37.531,1,-3.999929971781372,3.0015939856302207,1.1991901321956089,0.007771655364595678
37.541,0,-3.9979449380342005,-2.996842309439376,1.2005485941923753,0.0022838220371809437
37.541,1,-3.999897684601478,3.0016632505975833,1.199190818504612,0.007536018771381167
37.551,0,-3.997937081011921,-2.996852881615558,1.2005292047430516,0.0023993017702811496
37.551,1,-3.9998675575161386,3.0017308835428675,1.1991901684117012,0.007296551136305419
37.561,0,-3.997928527866109,-2.9968666116347684,1.2005102026717192,0.002598317651955481
37.561,1,-3.9998400030379417,3.0017969717187203,1.1991881889211011,0.007053087873544605
37.571,0,-3.9979193050222355,-2.9968834408992353,1.2004903215279834,0.002911489774117776
37.571,1,-3.999815428069368,3.0018615822919825,1.1991860888292647,0.006803696428203245
37.581,0,-3.997909438265442,-2.996903301712981,1.2004684305699234,0.0032913965265984023
37.581,1,-3.999794211956038,3.0019247677432457,1.1991849600036992,0.006555867090070888
37.591,0,-3.9978989585779874,-2.996926122369007,1.2004437623641278,0.003712144644026001
37.591,1,-3.9997766884850794,3.0019865704294544,1.1991855441256989,0.006321049940237663
37.602,0,-3.9978879062156554,-2.9969518300838107,1.2004158012665482,0.004158280369218625
37.602,1,-3.9997631345866904,3.002047025779909,1.199188339987954,0.006111546169672923
37.611,0,-3.997876332930838,-2.9969803538517334,1.2003844361743332,0.004571470894447232
37.611,1,-3.999753762770818,3.0021061650800234,1.1991934338953152,0.005931466504169402
37.621,0,-3.9978642994642666,-2.9970116288968334,1.2003507511984746,0.004886552588727019
37.621,1,-3.9997487164810797,3.002164017241124,1.1991996606778341,0.005771504344161181
37.631,0,-3.9978518647338213,-2.9970455962158153,1.2003158374064435,0.005134726646473278
37.631,1,-3.9997480831551018,3.0022206043112054,1.1992058568721924,0.005635181853818253
37.642,0,-3.997839073553127,-2.9970822043115706,1.2002804434910432,0.005340219072681275
37.642,1,-3.9997519058932913,3.002275937688219,1.1992112266221506,0.005529076193036154
37.652,0,-3.997825947911516,-2.9971214112161535,1.2002450796779653,0.005520600690203719
37.652,1,-3.9997601916629884,3.0023300162141577,1.199215229751748,0.005458938386341067
37.661,0,-3.99781248156949,-2.997163185552854,1.2002100886663907,0.005688379051952387
37.661,1,-3.9997729183890693,3.002382825320738,1.1992175053746374,0.005428251387478877
37.672,0,-3.997798637308262,-2.99720750675681,1.2001756497208913,0.0058613241302004
37.672,1,-3.999790040823347,3.0024343369982334,1.1992178047445494,0.005437994713851898
37.681,0,-3.9977843464936744,-2.9972543642533958,1.2001415499845765,0.006060600421467511
37.681,1,-3.9998114938623415,3.0024845115478493,1.199215887304768,0.0054878289802449244
37.69,1,-3.999837191639447,3.0025333034548907,1.1992115620598587,0.005576148270953444
37.691,0,-3.9977695108012172,-2.997303757818938,1.2001074989563565,0.006280802495319247
37.702,0,-3.9977540052966605,-2.997355697242324,1.2000732862957064,0.006517984869939599
37.702,1,-3.9998670252802984,3.002580668181357,1.1992047030708666,0.005699635613019168
37.711,0,-3.997737681843647,-2.997410201300843,1.200038756620187,0.006770106508674414
37.711,1,-3.9999008619521987,3.002626567205209,1.1991952299631967,0.005853675851130613
37.72,1,-3.9999385452379306,3.00267097148582,1.1991830936226964,0.0060329146300254965
37.721000000000004,0,-3.997720372662344,-2.997467296603363,1.2000037944195863,0.007035814247414327
37.731,0,-3.997701893790589,-2.9975270164319965,1.1999683265274406,0.007312386708459296
37.732,1,-3.999979895365466,3.002713864141167,1.199167972144975,0.006254356207178853
37.741,0,-3.997682049671722,-2.997589399100512,1.1999324186589482,0.007593387835875671
37.741,1,-4.000024710272144,3.002755243039266,1.1991481866841818,0.006559168089062847
37.751,0,-3.9976606441736924,-2.9976544825522424,1.1998961834502293,0.007880224472126609
37.751,1,-4.000072784182029,3.00279511796387,1.1991221787683803,0.0069528789467041135
37.762,0,-3.9976374933402785,-2.9977222980619826,1.199859703101913,0.00817369311802034
37.762,1,-4.000123922100171,3.0028335087631985,1.1990889225156558,0.007433126369467723
37.771,0,-3.9976124346535515,-2.9977928658446436,1.1998230371732153,0.00847343884304589
37.772,1,-4.000177948507334,3.0028704443551777,1.1990477596314522,0.007990404367874399
37.781,0,-3.9975853315190912,-2.99786619420621,1.19978694522993,0.008700735477451593
37.781,1,-4.000234714287579,3.0029059611287336,1.1989987157689053,0.008534739529354353
37.791,0,-3.9975560702782116,-2.9979422812182834,1.199754579100119,0.0088230981653588
37.791,1,-4.000294102599404,3.00294009943748,1.1989439925441212,0.008940096308576518
37.801,0,-3.997524559656344,-2.998021101145603,1.19972864920739,0.00892723267711533
37.801,1,-4.000356017979908,3.002972904314011,1.1988857732719482,0.00923540432522935
37.811,0,-3.9974907245971973,-2.998102598747677,1.1997109639392312,0.009076903037576139
37.811,1,-4.000420378682121,3.0030044238551583,1.198825570927036,0.009451623321682789
37.821,0,-3.9974545001918456,-2.998186687921265,1.1997027082569285,0.009311262576381943
37.821,1,-4.00048711260615,3.0030347069826835,1.1987644296146978,0.0096132009837445
37.831,0,-3.997415827287467,-2.9982732517137185,1.1997046272804037,0.009647691555807381
37.831,1,-4.000556154148608,3.003063801814131,1.1987030710984086,0.009738014027103904
37.842,0,-3.9973746509584025,-2.9983621421986673,1.1997165705669917,0.01005771998452143
37.842,1,-4.0006274413027105,3.0030917547594616,1.1986418140957302,0.00987119933962066
37.852,0,-3.9973309257544614,-2.998453177693439,1.199735428219262,0.010444994355316754
37.852,1,-4.000700910361304,3.003118611880266,1.1985799913226227,0.010058523417412625
37.861,0,-3.99728461250688,-2.998546151897848,1.1997581580646683,0.010778531713097526
37.861,1,-4.000776489644833,3.003144422441044,1.1985168900482799,0.01028093636380211
37.87,0,-3.9972356809477025,-2.998640837382795,1.1997826706488812,0.011058214514845507
37.871,1,-4.000854091968824,3.0031692435444355,1.1984520378071244,0.01052436520716555
37.881,0,-3.997184113697344,-2.998736986865952,1.1998075297217186,0.011292035593013023
37.881,1,-4.000933609282884,3.003193143452088,1.1983851283607285,0.010778514239242375
37.89,1,-4.001014910100681,3.003216203255182,1.198316127707001,0.01100638220239374
37.891,0,-3.997129908454857,-2.9988343354506286,1.1998318318958499,0.011492915307347133
37.901,0,-3.997073079273873,-2.9989326052502907,1.1998553527164848,0.011671878865769134
37.901,1,-4.001097839053052,3.0032385145193743,1.1982458175535131,0.011165535424729802
37.911,0,-3.997013660924359,-2.9990315141510213,1.1998780619902507,0.011828672406863252
37.911,1,-4.001182214168456,3.00326017028236,1.1981749839464544,0.011270994407192335
37.922,0,-3.996951711856597,-2.9991307853515172,1.1998999453804229,0.011963267710148943
37.922,1,-4.001267826406973,3.003281254695225,1.1981041748226786,0.011333121259364948
37.93,1,-4.001354441114439,3.0033018355752508,1.1980337736711573,0.011358536112117165
37.931,0,-3.9968873151531565,-2.9992301546759927,1.1999209994168396,0.012075900156444441
37.941,0,-3.996820578264008,-2.99932937580756,1.199941228775937,0.012167033168513967
37.941,1,-4.001441800437144,3.003321959668899,1.1979640488829186,0.011351128801053169
37.95,0,-3.996751631957985,-2.9994282238313863,1.1999605480109101,0.012232347249744922
37.95,1,-4.001529626370033,3.0033416500541206,1.197895164436752,0.011319064412407197
37.961,0,-3.9966806297284196,-2.999526495201764,1.1999782535862873,0.012264873246108414
37.961,1,-4.001617624325855,3.0033609049695587,1.1978269131969328,0.01128712496847463
37.971000000000004,0,-3.996607744972741,-2.999623998062173,1.1999936121194015,0.012270962975361377
37.971000000000004,1,-4.001705489209769,3.003379696786629,1.1977589309068055,0.01124947741215344
37.982,0,-3.996533168835541,-2.999720540415947,1.2000061340927899,0.012254606287907569
37.982,1,-4.001792912484582,3.0033979716599353,1.1976909648232077,0.011199701626359528
37.992,0,-3.996457108354602,-2.999815921953963,1.2000155009049092,0.012217541840669633
37.992,1,-4.001879587870609,3.0034156502998197,1.197622843840093,0.011134008258058692
38.001,0,-3.996379784255828,-2.9999099291412032,1.2000214872844215,0.012159740209315772
38.001,1,-4.001965215985759,3.0034326297613427,1.1975543718619586,0.01106389706807335
38.011,0,-3.9963014296277315,-3.0000023343402664,1.200023859832483,0.012081230157908912
38.011,1,-4.002049508090302,3.003448788698588,1.1974851194818552,0.010999564783451625
38.021,0,-3.996222290749002,-3.0000928996060727,1.200022445722245,0.011982342960684017
38.021,1,-4.002132188060531,3.0034639981998095,1.1974147384327265,0.010934772790261425
38.031,1,-4.0022129938467,3.003478132414687,1.1973430047412568,0.01086639338149707
38.032,0,-3.996142627904847,-3.0001813815217266,1.200017133833017,0.011863189845986312
38.041,0,-3.9960627150219086,-3.000267535394368,1.200007856719301,0.011723930465317497
38.042,1,-4.002291678651256,3.0034910763528133,1.1972697804656751,0.01079311017264283
38.051,0,-3.9959828382949834,-3.0003511188779677,1.1999945763728785,0.011565003990586777
38.051,1,-4.002368011785349,3.00350273126096,1.197194986904752,0.010715077121756832
38.061,0,-3.9959032942197665,-3.0004318950549522,1.1999772423363801,0.011389021671564305
38.061,1,-4.00244177919282,3.0035130180666063,1.1971186075369318,0.010628462958900136
38.071,0,-3.99582438517848,-3.0005096346985725,1.1999556084670024,0.011202872948612615
38.071,1,-4.002512783739255,3.0035218789144698,1.1970407568731225,0.010528558197795123
38.081,0,-3.9957464081569998,-3.0005841147523027,1.199929429145454,0.011010811624189373
38.081,1,-4.002580846297269,3.003529276930587,1.1969615558185234,0.010420239026775968
38.092,0,-3.9956696424732994,-3.0006551163205737,1.1998985488961555,0.010817476385191111
38.092,1,-4.002645806484082,3.0035351949317484,1.1968810941412418,0.010307759474483083
38.102,0,-3.9955943409454497,-3.0007224237970718,1.1998628756464278,0.010627976430995214
38.102,1,-4.002707522869603,3.00353963381751,1.1967994394070005,0.010194907081613329
38.112,0,-3.995520724644202,-3.0007858234119174,1.1998226881766414,0.010412503438564431
38.112,1,-4.00276587195836,3.003542610438403,1.1967168840853604,0.010031989405940427
38.122,0,-3.9954489807654148,-3.0008451017121054,1.1997793915993342,0.010136326668808173
38.122,1,-4.002820743775393,3.003544153219278,1.1966345177001814,0.009778182515431551
38.131,0,-3.995379258178565,-3.000900055712826,1.1997342204633512,0.009812008811099875
38.131,1,-4.002872038453311,3.0035442963616275,1.1965532738978966,0.009462036103090606
38.142,0,-3.995311665921896,-3.000950499101776,1.1996880207131924,0.009453399895845909
38.142,1,-4.00291966047492,3.0035430732079234,1.196473776432108,0.009104448669927372
38.152,0,-3.9952462736609453,-3.000996265561194,1.1996413675436175,0.0090735088365165
38.152,1,-4.002963514075944,3.0035405112645215,1.1963964353428667,0.008720421766528989
38.161,0,-3.995183113115204,-3.0010372108909156,1.199594649858288,0.008684210933391676
38.161,1,-4.003003500349664,3.0035366289189476,1.1963215122596726,0.008321396180220667
38.171,0,-3.995122180585673,-3.0010732137691605,1.1995482276808633,0.008281289265807361
38.171,1,-4.003039515786066,3.003531433577995,1.1962491693363562,0.007915160015961398
38.181,0,-3.995063440530076,-3.001104177674766,1.199502711934172,0.007861465363755187
38.181,1,-4.003071455354997,3.0035249231848726,1.1961795142227822,0.007507976077851125
38.191,0,-3.995006828285139,-3.001130041006555,1.199458600509644,0.007440683735729165
38.191,1,-4.003099223838567,3.0035170934421105,1.1961126116622165,0.007106609418616026
38.201,0,-3.9949522536303905,-3.0011507846519483,1.1994162306675247,0.007032828445168206
38.201,1,-4.003122746903709,3.003507945132192,1.196048494580771,0.006717565884134793
38.211,0,-3.9948996044721024,-3.001166435705087,1.199375828137367,0.00664981042625868
38.211,1,-4.003141978504239,3.003497489232025,1.1959871737529986,0.00634703312821565
38.222,0,-3.9948487503431602,-3.001177068581032,1.1993375409245026,0.006301597321383389
38.222,1,-4.0031569052986855,3.003485750213874,1.195928644540245,0.006000739959331651
38.231,1,-4.003167548960922,3.0034727679909436,1.1958728453743386,0.005702822483440027
38.232,0,-3.9947995455245957,-3.0011828047600373,1.1993013315270267,0.006028951855562199
38.241,0,-3.99475183045303,-3.0011838193102167,1.1992653056433804,0.005974500287807371
38.241,1,-4.003173968223602,3.0034585990295937,1.1958190504503814,0.005537425346615356
38.251,0,-3.9947054416542427,-3.0011803351732445,1.1992268713723668,0.006113040887321822
38.251,1,-4.003176249710122,3.003443312809686,1.1957662762624424,0.005484905322635111
38.261,0,-3.9946602232421093,-3.001172616445865,1.1991842495650389,0.006408154540102044
38.261,1,-4.003174494677485,3.003426986380188,1.1957138313816715,0.005517553544593558
38.271,0,-3.9946160332457676,-3.001160968521544,1.1991362547765205,0.00682572391515253
38.271,1,-4.003168810701532,3.003409700612719,1.1956612391244685,0.005614342988099916
38.281,1,-4.003159306296428,3.003391537555962,1.1956080224904613,0.005790989768546783
38.281,0,-3.994572747991444,-3.0011457354533793,1.1990823455690762,0.00728038463304521
38.291,0,-3.994530265685947,-3.0011272883596947,1.1990233575780407,0.00767180326583658
38.291,1,-4.003146088749351,3.00337257868309,1.195553466910868,0.006045148461868494
38.301,1,-4.003129263373182,3.003352903552661,1.1954970294547005,0.006350449044271968
38.302,0,-3.994488508100629,-3.0011060058736874,1.198960246751279,0.008009578552902394
38.311,0,-3.994447422232534,-3.001082249900117,1.1988936957429446,0.00830330037022885
38.311,1,-4.003108934987925,3.0033325892483473,1.195438351669254,0.006688259903252115
38.321,0,-3.994406980990313,-3.001056346892978,1.1988241953170191,0.008562027115782675
38.321,1,-4.003085209169412,3.0033117100012916,1.195377203044883,0.00704566928306833
38.331,0,-3.994367182822361,-3.0010285753754493,1.198752099880297,0.008792618472244043
38.331,1,-4.003058193022419,3.003290336893413,1.19531343975609,0.007413905503786788
38.341,0,-3.9943280507795116,-3.0009991582242286,1.1986778130268299,0.00896596351577595
38.342,1,-4.003027994329329,3.0032685375306007,1.1952473592526998,0.00768977349426759
38.351,0,-3.994289633202074,-3.000968262145366,1.1986023363237193,0.009043352040421589
38.351,1,-4.00299471598214,3.0032463773546265,1.1951810825194602,0.007757353473210177
38.362,0,-3.9942520081546107,-3.0009360122777875,1.1985265767261473,0.009051941557914826
38.362,1,-4.002958457467049,3.0032239274079897,1.1951166221241514,0.007692153938410639
38.372,0,-3.99421528794009,-3.0009025081543483,1.1984511567078224,0.009010980751228134
38.372,1,-4.002919311310103,3.0032012714503877,1.1950553260790435,0.007550599559111468
38.381,0,-3.9941796210042786,-3.000867835492092,1.1983765015195065,0.008933651266225761
38.381,1,-4.002877358837771,3.0031785101985955,1.1949980837101408,0.0073725802295794875
38.391,0,-3.9941451916268123,-3.000832074735064,1.198302945360344,0.008818563161389521
38.391,1,-4.002832667542839,3.0031557635338944,1.1949455154322692,0.007175981830403741
38.402,0,-3.9941122156165205,-3.000795306169195,1.1982308794444219,0.00866508081541337
38.402,1,-4.0027852909077435,3.0031331685940406,1.1948983234685884,0.0069665762575533505
38.411,0,-3.9940809290769455,-3.0007576116569195,1.1981605911736737,0.008484678725803628
38.411,1,-4.002735276484336,3.003110867846604,1.1948570730822852,0.00677446509737301
38.42,0,-3.9940515770922143,-3.0007190747922103,1.1980922560464293,0.008285957305114597
38.421,1,-4.002682675036785,3.0030889949887336,1.1948221068267473,0.0066231119858787225
38.431,0,-3.9940244049305424,-3.000679780739122,1.1980259716829995,0.008075529856691166
38.431,1,-4.002627546763284,3.003067664839818,1.1947935996537267,0.00652773647760965
38.441,0,-3.993999651287781,-3.000639815911431,1.1979617820342854,0.007858750702699523
38.441,1,-4.002569965344679,3.003046966676621,1.194771615673795,0.006496028869512674
38.452,0,-3.993977543042066,-3.0005992675821807,1.1978996178309693,0.007656459347916709
38.452,1,-4.002510020870799,3.0030269601857147,1.194755893373256,0.006542696087865545
38.461,0,-3.993958292434202,-3.0005582232393597,1.1978391288688919,0.007484372164115071
38.461,1,-4.002447820855281,3.0030076747181726,1.1947452710791893,0.006652971720991047
38.471,0,-3.9939420996391153,-3.0005167691479397,1.1977800033361763,0.00733572663422572
38.471,1,-4.002383483556136,3.002989114347907,1.1947387082639522,0.006794598307767294
38.481,0,-3.9939291553259557,-3.000474989183253,1.1977220207149828,0.007207542447424073
38.481,1,-4.002317133073297,3.002971263230697,1.1947354603438634,0.006949767713306369
38.492,0,-3.993919642122154,-3.0004329639932332,1.19766502123702,0.007098560338423361
38.492,1,-4.002248896095467,3.002954089921045,1.1947349875474838,0.0071085978566685065
38.501,0,-3.993913736871149,-3.0003907702876793,1.1976092727172836,0.0069099528328891375
38.501,1,-4.002178899174241,3.0029375509555005,1.1947369980636162,0.007266973645535048
38.512,0,-3.9939116194159174,-3.0003484795367066,1.1975575742145605,0.006470537094495037
38.512,1,-4.002107265004649,3.002921591443195,1.1947417868719707,0.007427991511717291
38.521,0,-3.9939134647217913,-3.000306155648844,1.1975128662299228,0.005899967643521939
38.521,1,-4.002034107798855,3.0029061380504616,1.1947496784136835,0.007594949969526979
38.531,0,-3.993919438706913,-3.000263851863296,1.197477111868394,0.005320327533847045
38.531,1,-4.001959528153681,3.002891091762663,1.1947608580220255,0.007769935938561931
38.541,0,-3.993929699047303,-3.000221608506908,1.1974515907568295,0.004855802918184647
38.542,1,-4.001883609422611,3.00287632386567,1.1947754139584124,0.007954175479199981
38.552,0,-3.9939443955192533,-3.000179451817086,1.1974371004029534,0.004627505559034299
38.552,1,-4.001806415663581,3.0028616744460495,1.1947933696155342,0.008148445411453108
38.561,0,-3.993963667855362,-3.000137393661814,1.1974336496725704,0.004714326185558929
38.561,1,-4.001727990523576,3.002846952698983,1.1948148839656567,0.008367831385709403
38.571,0,-3.993987635859643,-3.0000954341927932,1.1974388393591413,0.005008148524651966
38.571,1,-4.001648355835934,3.0028319391360068,1.1948409206176402,0.008639250199344082
38.582,0,-3.9940164050312013,-3.0000535714786607,1.197450278308193,0.005381137187026115
38.582,1,-4.001567511494738,3.0028163912933326,1.19487235993103,0.008964209608653384
38.591,0,-3.994050064789769,-3.000011811363633,1.1974662995494072,0.0057801709757355
38.591,1,-4.00148543493487,3.0028000504132693,1.194909751760694,0.00934087036067889
38.601,0,-3.9940886840282674,-2.9999701740995453,1.197485723253861,0.006185914943114442
38.602,1,-4.001402081257241,3.0027826472436443,1.194953418617548,0.00976528043925692
38.612,0,-3.994132309644082,-2.999928698486828,1.197507941869058,0.006613708794187011
38.612,1,-4.001317384704172,3.0027639074755896,1.1950032623168991,0.010191958297002575
38.621,0,-3.994180966706595,-2.999887445013096,1.1975333620906394,0.00708085824191496
38.621,1,-4.001231264793445,3.002743560387771,1.195057839750625,0.010556630712438956
38.631,0,-3.994234649333738,-2.999846499152751,1.1975624185382725,0.007575515320444794
38.631,1,-4.00114363704573,3.0027213501298777,1.1951157283216576,0.01087443020074934
38.64,0,-3.994293316450562,-2.999805973451428,1.1975953729391875,0.008086826969449434
38.64,1,-4.001054425262473,3.00269704728176,1.1951759283219172,0.01115946166217754
38.649,0,-3.994356890823698,-2.9997660078779274,1.1976323676258047,0.008605347888927594
38.649,1,-4.000963570753069,3.0026704572535055,1.1952377304474275,0.011422137320293705
38.661,0,-3.994425259534634,-2.999726768840498,1.197673460133978,0.009122604485026118
38.661,1,-4.000871038361648,3.002641425460574,1.1953006245587854,0.011669013069948954
38.671,0,-3.9944982746538162,-2.9996884469262057,1.1977184380857422,0.009593928592622987
38.671,1,-4.000776819967839,3.0026098398530645,1.1953641796097025,0.011895432777663114
38.681,0,-3.994575748625307,-2.999651250750352,1.1977650691179336,0.009907613026266204
38.681,1,-4.0006809342692575,3.0025756269848642,1.1954278587061187,0.01209780563115593
38.691,0,-3.9946574702948694,-2.999615398035656,1.1978107148777672,0.010106606336889269
38.691,1,-4.000583420425361,3.0025387357914766,1.19549123551797,0.012283943962027553
38.702,0,-3.994743219944901,-2.9995811054409742,1.1978535676055446,0.01023652376743048
38.702,1,-4.000484331412287,3.002499121810928,1.1955540126323665,0.012459600494896068
38.711,1,-4.0003837288772335,3.0024567361024204,1.1956159820759054,0.012629143800654902
38.711,0,-3.9948327752574007,-2.9995485798298733,1.1978924034569647,0.010331296762152095
38.721000000000004,0,-3.9949259158981643,-2.99951801200201,1.1979264033866828,0.0104148130035047
38.721000000000004,1,-4.000281679162219,3.002411517845732,1.195676997984406,0.012796053198831312
38.732,0,-3.995022429000995,-2.999489573678121,1.1979556104406552,0.010543048390861362
38.732,1,-4.000178250349841,3.0023633901173805,1.1957369066680783,0.012956984702226363
38.741,0,-3.995122115617077,-2.99946341785707,1.197982219054259,0.010733917961495972
38.741,1,-4.00007351018814,3.0023122622133607,1.1957954139446791,0.013110382410963413
38.751,0,-3.9952247827831466,-2.999439671607794,1.1980082093220235,0.010955257265137068
38.751,1,-3.999967524208816,3.0022580411718285,1.1958522803064358,0.013262204521951069
38.762,0,-3.9953302425282797,-2.9994184335666922,1.1980349267357533,0.011192699534688346
38.762,1,-3.9998603546142752,3.002200644141214,1.1959073472660138,0.013416148302839567
38.772,0,-3.995438312882128,-2.9993997738824505,1.198063276204392,0.011439476796652746
38.772,1,-3.9997520596073426,3.0021400072022075,1.1959605126188029,0.013574211432255491
38.781,0,-3.9955488198357085,-2.999383736642443,1.1980944115791539,0.011733011639423014
38.781,1,-3.9996426929906965,3.0020760910816944,1.1960117151847476,0.013737360994567922
38.792,0,-3.995661599059539,-2.999370349785891,1.198131138528514,0.012119022093007978
38.792,1,-3.999532303866118,3.002008884827586,1.1960609291252065,0.013905602051787312
38.801,0,-3.9957764854254094,-2.9993596361923514,1.1981757871573704,0.012597069838509558
38.801,1,-3.9994209362831143,3.0019384084621707,1.1961081480369475,0.01407795982837493
38.811,0,-3.9958933078857655,-2.9993516289429474,1.1982298956138815,0.013164109586382465
38.811,1,-3.9993086289966975,3.001864714109085,1.196153377349402,0.014253004517702473
38.82,0,-3.9960118873530805,-2.999346382885277,1.1982944523380206,0.013811763257918892
38.82,1,-3.9991954154047344,3.001787885621689,1.1961966311823369,0.014429044881180082
38.831,0,-3.9961320356389742,-2.99934398173638,1.1983700646128186,0.01452798152809227
38.832,1,-3.999081323635431,3.001708037072659,1.1962379281001627,0.014604126302537624
38.841,1,-3.9989663773705204,3.001625312172402,1.1962767343085443,0.014738217897855274
38.842,0,-3.9962535547551923,-2.999344540603438,1.1984567366248777,0.015239404232695401
38.851,0,-3.996376235771957,-2.9993481992600217,1.1985526907175892,0.01584454119377186
38.851,1,-3.9988505999508486,3.0015398839150604,1.1963106526273524,0.014816470677244294
38.861,0,-3.9964998622625445,-2.999355112945871,1.1986561363023143,0.016361474380603654
38.861,1,-3.998734020280938,3.001451940912226,1.1963376195025426,0.01488112584390443
38.871,1,-3.9986166800562093,3.0013616798392877,1.1963562641898866,0.014961688300762905
38.872,0,-3.9966242117497224,-2.9993654383962305,1.1987658022467642,0.01680903427404734
38.881,0,-3.9967490565093775,-2.9993793218997555,1.1988807775399963,0.017202592498104654
38.881,1,-3.9984986387521966,3.0012693008687403,1.1963656935136262,0.0150763243921617
38.891,0,-3.9968741646417145,-2.9993968887942883,1.1989998499653878,0.017452747829082613
38.891,1,-3.998379975623553,3.001175001455952,1.1963665901291767,0.01522834813566627
38.901,0,-3.9969993028473505,-2.9994182316173403,1.1991201307085597,0.017490999411787625
38.901,1,-3.9982607929795124,3.0010789694598983,1.19636283950261,0.015374479459588253
38.911,0,-3.997124242896074,-2.9994434115967685,1.199239197721863,0.017384401197806456
38.911,1,-3.998141227186296,3.0009813857019307,1.1963576553573267,0.015492604958827923
38.921,0,-3.997248766448317,-2.9994724555175702,1.1993554146169294,0.017182190009293326
38.921,1,-3.998021454635079,3.0008824193136245,1.1963532250381266,0.01558066104153811
38.931,0,-3.997372668338376,-2.9995053527771405,1.199467686119735,0.016919254341098793
38.931,1,-3.9979016937559013,3.0007822234706634,1.1963510207466859,0.015642111918886613
38.942,0,-3.9974957588477613,-2.999542054422812,1.1995752925396777,0.016620407053221087
38.942,1,-3.997782204652001,3.000680932765125,1.1963520165309343,0.015680752261500615
38.951,0,-3.9976178649203833,-2.999582474620923,1.1996779602071088,0.016330105825742236
38.951,1,-3.997663286631001,3.0005786620478427,1.1963568165593572,0.01569901900651231
38.961,0,-3.9977388295737843,-2.999626494825118,1.1997760369282946,0.0160674905561877
38.961,1,-3.9975452709036645,3.000475510283021,1.1963657026035306,0.015697611459476752
38.971000000000004,0,-3.997858509997083,-2.9996739675179396,1.1998698710861306,0.01582415028239976
38.971000000000004,1,-3.997428505665654,3.0003715732577105,1.1963788075380755,0.01567670606892617
38.981,0,-3.9979767752368423,-2.9997247220678664,1.199959728203928,0.015594175408950176
38.981,1,-3.9973133414177484,3.0002669560419477,1.196396182834223,0.015636240150877223
38.992,0,-3.9980935043508117,-2.999778570166368,1.200045819097076,0.01537329814820112
38.992,1,-3.9972001198078404,3.0001617813082597,1.1964178201543971,0.015576057774496301
39.001,0,-3.9982085850617115,-2.9998353104827324,1.2001282845489234,0.01515373930560492
39.001,1,-3.997089165179855,3.000056194269951,1.1964435940374114,0.015492071977326783
39.011,0,-3.998321912748733,-2.9998947333228583,1.2002071373413032,0.014930286752072136
39.011,1,-3.996980777474709,2.9999503646835306,1.1964729722675074,0.01537676726500239
39.022,0,-3.998433389232279,-2.99995662681869,1.2002823845677137,0.014703635188863326
39.022,1,-3.9968752277210506,2.9998444853425275,1.1965054319358979,0.015230958112987254
39.032,0,-3.9985429219201736,-3.0000207821434235,1.200354052547846,0.014474298950448609
39.032,1,-3.996772754589159,2.9997387693695496,1.1965405850397313,0.015056286063707736
39.042,0,-3.9986504232639284,-3.000086997342215,1.2004221796644476,0.014242452360643169
39.042,1,-3.996673562256121,2.9996334472872173,1.1965781395873405,0.014854929779292326
39.052,0,-3.998755810405747,-3.0001550801197445,1.200486811253251,0.014008377037717007
39.052,1,-3.9965778195286368,2.9995287640275254,1.1966178722997265,0.014628958553804354
39.061,0,-3.9988590046863397,-3.0002248500449697,1.2005481235673299,0.013790121746373457
39.061,1,-3.996485659977495,2.99942497599927,1.1966596285891973,0.01438326959892229
39.071,0,-3.998959930052952,-3.000296142639367,1.2006071108038905,0.013618420760490687
39.071,1,-3.996397183324773,2.999322347228703,1.196703530277623,0.014129056524982482
39.081,0,-3.999058514965143,-3.000368815875294,1.2006648028968259,0.013476802456488302
39.081,1,-3.996312454762805,2.9992211405941,1.196749771697491,0.013868430187685559
39.091,0,-3.9991546936063234,-3.000442758057037,1.2007219019660371,0.013354925955246297
39.091,1,-3.996231504623089,2.999121607742887,1.196798466583395,0.013603733745704578
39.102,0,-3.99924840598541,-3.000517893326522,1.200778884358119,0.013247258220234143
39.102,1,-3.9961543296092845,2.999023981675506,1.1968496704464213,0.013337672394647738
39.111,0,-3.999339598116148,-3.0005941841681483,1.2008360300369794,0.013145692678636746
39.111,1,-3.9960808955592357,2.998928472184243,1.1969036165888165,0.013097627453760497
39.122,0,-3.9994282236011225,-3.0006716306714436,1.2008932559318284,0.013039208269651784
39.122,1,-3.99601114041302,2.9988352641506206,1.1969612438752726,0.012912155061236495
39.131,0,-3.999514247251686,-3.000750265626066,1.2009504005247404,0.012933121057526671
39.132,1,-3.995944969492124,2.9987445147798093,1.1970233443920912,0.01277985271180538
39.141,0,-3.9995976493778955,-3.000830147628753,1.2010073597430688,0.01283245404946297
39.141,1,-3.9958822539804055,2.998656353216406,1.1970904291460251,0.012700214765328614
39.151,0,-3.999678428706049,-3.000911354944155,1.2010640686312086,0.012741408727403767
39.151,1,-3.9958228317740057,2.9985708812929,1.1971628132610108,0.012672194288982764
39.161,0,-3.9997566038738004,-3.000993980485707,1.201120489017663,0.012663530952305603
39.161,1,-3.9957665094579355,2.998488174757237,1.1972406748818984,0.012694203366819558
39.171,0,-3.9998322130983115,-3.001078128087266,1.2011769051797125,0.012641508653394251
39.171,1,-3.995713062120781,2.9984082818993536,1.1973230105694948,0.012571833408058754
39.181,0,-3.9999053109546088,-3.0011639068544524,1.20123503425908,0.012728403150751659
39.181,1,-3.995662229696381,2.9983312198009107,1.197405106988987,0.012136741197110092
39.192,0,-3.999975970938363,-3.0012514109333317,1.201296497361597,0.012902421688085027
39.192,1,-3.9956137307105775,2.9982569932437304,1.1974828690764112,0.01148773628311815
39.201,0,-4.00004428462778,-3.0013407010589477,1.2013623816910335,0.013146789614200032
39.201,1,-3.9955672646673532,2.9981856033942225,1.1975535252814555,0.010710310291235009
39.212,0,-4.000110359191948,-3.001431793092261,1.2014334030170126,0.013447068141888233
39.212,1,-3.9955225124530593,2.9981170515376268,1.1976152289315223,0.009874537456521865
39.221,0,-4.000174314932524,-3.0015246515606604,1.2015100215648171,0.013790632699923502
39.221,1,-3.995479137960805,2.9980513415709584,1.1976667684011642,0.009038857830669768
39.231,0,-4.000236283425592,-3.0016191865342745,1.2015922058782742,0.014115535972404841
39.231,1,-3.995436791107294,2.9979884829918193,1.197707870408732,0.008313910792589174
39.239,0,-4.00029640447876,-3.001715256283381,1.2016787422681252,0.014367832993833258
39.239,1,-3.9953951153349223,2.997928493740209,1.1977402482157962,0.007748299959367167
39.251,0,-4.0003548153006765,-3.001812683098134,1.201768527427092,0.014563562849206698
39.251,1,-3.9953537613424195,2.9978713903749186,1.197765525806304,0.007296127073880105
39.261,0,-4.0004116425546945,-3.0019112676313866,1.201860797725857,0.014715017515054264
39.261,1,-3.995312402729081,2.997817182849673,1.1977848504479265,0.006929803051117387
39.271,0,-4.000466997415239,-3.002010799562511,1.2019550241954176,0.014831490611884292
39.272,1,-3.9952707473287723,2.997765872073942,1.19779903447551,0.006632266867623467
39.282,0,-4.000520971787075,-3.0021110661586796,1.2020513215701094,0.014995513907463816
39.282,1,-3.995228544235616,2.997717449586889,1.1978090452129873,0.006405359133399736
39.291,0,-4.000573636054625,-3.0022118591492912,1.2021510694683137,0.015245759176716655
39.291,1,-3.9951855868120925,2.9976718997753107,1.1978166176285563,0.006233612366738205
39.302,0,-4.0006250411349535,-3.002312979226253,1.2022553995777607,0.015556088944427532
39.302,1,-3.99514171370682,2.997629199964414,1.197823117486173,0.006099396093744968
39.311,0,-4.000675219316087,-3.0024142406062273,1.2023650545322333,0.015908951294667212
39.311,1,-3.9950968078065427,2.997589323644204,1.1978294789539732,0.005994976642826449
39.321,1,-3.9950507940787117,2.997552243317995,1.1978363376327228,0.005916488406900894
39.322,0,-4.00072418514181,-3.0025154742817226,1.202480506363878,0.016291523636407998
39.331,0,-4.000771936655178,-3.0026165300049534,1.2026020356044889,0.016694446018382124
39.331,1,-3.9950036367376756,2.997517932461198,1.1978441227844265,0.005861205663229618
39.341,0,-4.000818457844742,-3.0027172774348676,1.2027290934057764,0.016969832891370263
39.341,1,-3.99495533568745,2.997486367206573,1.1978532590192743,0.005833307047733004
39.352,0,-4.000863723950506,-3.002817606443695,1.2028586930843042,0.016999836494485533
39.352,1,-3.9949059213661604,2.997457529665046,1.1978647170124412,0.005844468105395774
39.361,0,-4.000907704550734,-3.002917424390556,1.2029882107118264,0.016856959708288495
39.361,1,-3.994855448465271,2.997431410541297,1.1978793493554813,0.005896901671759431
39.371,0,-4.00095036898095,-3.003016653239727,1.2031158518699132,0.01659511602750469
39.371,1,-3.9948039888585516,2.9974080129062113,1.1978977132978053,0.005991121149799615
39.381,0,-4.000991690917354,-3.003115227337653,1.2032404007128124,0.016253452502131904
39.381,1,-3.9947516255001094,2.9973873549351158,1.1979201629144092,0.00612563181319481
39.391,0,-4.001031651558392,-3.00321309167685,1.2033609953881075,0.015849434753841492
39.391,1,-3.9946984478105523,2.997369470419991,1.1979467072078724,0.006272601445579904
39.401,0,-4.0010702418773185,-3.0033102007643317,1.203476832857241,0.01539092593423307
39.401,1,-3.994644548910254,2.997354403150927,1.1979765712286055,0.006400593312322344
39.411,0,-4.001107463519647,-3.0034065178795823,1.2035873173071285,0.014899979434186703
39.411,1,-3.994590023849001,2.99734219538177,1.1980090431999657,0.006512662284533916
39.421,1,-3.9945349690978063,2.997332874768622,1.198043629000693,0.00661349052153907
39.422,0,-4.001143329237509,-3.003502014594014,1.2036920665106652,0.014392444240209865
39.431,0,-4.001177862912017,-3.003596670283909,1.2037908471542391,0.013880003674401627
39.431,1,-3.994479482132033,2.99732644501487,1.198079985030013,0.006707019203591077
39.442,0,-4.001211099149298,-3.003690471576769,1.2038835317475758,0.013371231667529468
39.442,1,-3.994423660911873,2.997322880092118,1.1981178707678255,0.006796213319632518
39.452,0,-4.001243082533918,-3.0037834119717806,1.2039699053458366,0.012844948497876953
39.452,1,-3.9943676033316162,2.9973221209262015,1.1981570177066676,0.006861503529374579
39.461,0,-4.001273861748606,-3.003875494249301,1.2040492702244947,0.012289987135850175
39.461,1,-3.994311407717751,2.997324073098514,1.1981962756824283,0.00684465257470097
39.471,0,-4.001303471641853,-3.003966737572028,1.2041210632403923,0.011732952153646151
39.471,1,-3.994255176713945,2.9973286148392364,1.1982343510525115,0.006768450030212736
39.481,0,-4.001331917008818,-3.0040571844553896,1.204184950084701,0.011194028945528876
39.481,1,-3.9941990224255504,2.997335606760247,1.1982703691153584,0.006655098368498445
39.491,0,-4.001359162273197,-3.004146904941714,1.2042407489033733,0.010689073338003074
39.491,1,-3.9941430697593896,2.9973448983929996,1.1983037513239294,0.0065198925538972104
39.502,0,-4.001385125774385,-3.004235998395305,1.2042883511462423,0.010227513451601843
39.502,1,-3.9940874578827703,2.9973563329451585,1.1983338534314865,0.006337164055062623
39.511,1,-3.9940323395306634,2.9973697504860035,1.1983589103565722,0.006090012763161151
39.512,0,-4.001409680287491,-3.004324589614614,1.2043275732077792,0.00981781537378704
39.521,0,-4.001432662710942,-3.0044128131381322,1.2043582883152875,0.009474569536749591
39.521,1,-3.993977879053541,2.9973849975637474,1.198377348386951,0.0058433122924751125
39.532,0,-4.0014538859058995,-3.0045007964927435,1.2043804651449628,0.009208341704437054
39.532,1,-3.9939242497589995,2.9974019336281077,1.1983881421758436,0.005651219687916064
39.541,1,-3.9938716310681572,2.9974204344800617,1.1983906401315323,0.005554397152687838
39.542,0,-4.0014731486738,-3.004588648124531,1.2043941335385655,0.009024861355923548
39.551,0,-4.001490243779866,-3.00467644929092,1.204399358918171,0.00892638001835194
39.551,1,-3.9938202058933023,2.9974403943997263,1.1983844477850052,0.0055783045996722815
39.562,0,-4.001504963449974,-3.0047642491618434,1.2043965326247097,0.008905282455087515
39.562,1,-3.9937701587123313,2.997461727601674,1.1983696160200175,0.005706024543982993
39.571,0,-4.0015171030393795,-3.0048520635620344,1.2043874564992771,0.008922095290085355
39.572,1,-3.9937216765564685,2.997484369720626,1.1983475570288962,0.005861084290471275
39.581,0,-4.001526474841478,-3.004939878158878,1.2043738417617627,0.008949104120451492
39.581,1,-3.9936749507329057,2.9975082753155116,1.1983196754816583,0.006012573076407449
39.592,0,-4.001532918964936,-3.0050276532175,1.2043568785595626,0.00897555676514174
39.592,1,-3.9936301797901477,2.997533416375346,1.1982869614863285,0.00615092355159488
39.6,0,-4.001536309413744,-3.0051153280492344,1.2043373964928372,0.008998245849691016
39.6,1,-3.993587571534425,2.99755978125566,1.1982501200598088,0.006275570092557708
39.61,0,-4.001536557124787,-3.0052028249863407,1.204316085623871,0.00900780243109256
39.61,1,-3.9935473447218484,2.997587373857595,1.198210121946935,0.006300854153988868
39.621,1,-3.993509730711489,2.9976162127069137,1.1981699679517281,0.0061130719533258535
39.622,0,-4.001533607608757,-3.005290052151467,1.2042942046221918,0.008986370180256869
39.631,0,-4.001527435797017,-3.0053769041082274,1.2042729375199601,0.008942240988677554
39.631,1,-3.993474957717167,2.9976463207215422,1.1981324039865422,0.0057809318390942685
39.641,0,-4.001518037734096,-3.0054632620304615,1.2042530960792908,0.008884105519794922
39.642,1,-3.9934432374594273,2.997677716891898,1.1980992861602704,0.005370572788360122
39.651,1,-3.993414757212447,2.997710411233813,1.1980718487346782,0.004941213099629918
39.652,0,-4.001505422930431,-3.005548994371771,1.2042352329733066,0.008818571566113709
39.661,0,-4.001489608613942,-3.0056339580277283,1.204219723157548,0.008750402747294102
39.661,1,-3.99338967457671,2.9977444015004595,1.1980508943803394,0.0045470307758324665
39.671,0,-4.001470616298709,-3.0057180001997836,1.2042065563722761,0.008694773163709216
39.671,1,-3.993368113520019,2.9977796708901323,1.1980366865283114,0.004256074529670905
39.682,0,-4.0014484748787575,-3.0058009618483514,1.2041939374268016,0.008670428541239873
39.682,1,-3.9933501606719983,2.9978161844709783,1.1980284655715447,0.0040897858498214834
39.691,1,-3.9933358682487436,2.997853884489455,1.1980254759537259,0.0040255407311028685
39.691,0,-4.001423219730564,-3.005882678867677,1.2041799250187186,0.008669061583551381
39.702,0,-4.001394896051792,-3.0059629836414112,1.2041632053149522,0.008690648325449551
39.702,1,-3.993325255224845,2.997892685567682,1.19802716562681,0.004044182459167546
39.711,0,-4.001363563310807,-3.0060417072715584,1.2041429026810937,0.008737144418820874
39.711,1,-3.9933183084482655,2.9979324721693352,1.1980331247544938,0.004128054647911803
39.722,0,-4.001329297767885,-3.0061186815921483,1.2041184458316443,0.008809626011122881
39.722,1,-3.9933149844226556,2.997973098091969,1.1980430414680947,0.00426076836530419
39.731,0,-4.001292192700997,-3.0061937404229626,1.2040897577847018,0.008871495098606453
39.731,1,-3.9933152119893838,2.99801438760777,1.1980567603375638,0.004435905304352845
39.741,0,-4.001252351763849,-3.0062667173580486,1.2040595856354386,0.008805945645210346
39.742,1,-3.993318898133611,2.9980561395006613,1.198074466299467,0.004652939384345455
39.752,0,-4.001209894835817,-3.006337457377332,1.2040313047041284,0.008643409819286416
39.752,1,-3.9933259369959297,2.998098135232543,1.198096315060587,0.004902434094427077
39.761,0,-4.001164961087867,-3.00640582979992,1.2040072281082477,0.008433920950243453
39.761,1,-3.9933362195795246,2.998140147529732,1.1981223680849686,0.005175340477677721
39.771,0,-4.0011177058688325,-3.00647173443991,1.2039889142766806,0.008222375411908605
39.771,1,-3.993349641051625,2.998181947260798,1.1981526221727121,0.005464075367645964
39.781,0,-4.001068298127479,-3.006535105521356,1.2039772079238322,0.008052378297014221
39.781,1,-3.9933661050282185,2.998223308887312,1.198186798858959,0.00571526311542368
39.791,0,-4.001016921343445,-3.0065959165317886,1.2039708012007002,0.00794112963259912
39.791,1,-3.99338552190989,2.9982640151963733,1.198223057365261,0.005827895312964824
39.801,0,-4.00096376980062,-3.0066541728557405,1.2039677885350835,0.007854924694144838
39.801,1,-3.9934078110664863,2.9983038588669157,1.1982594644451772,0.0058372947325581485
39.811,0,-4.000909046876211,-3.006709903086841,1.2039668488331012,0.0077767048778380424
39.811,1,-3.993432898913105,2.998342642789587,1.198294687358093,0.00577922296455368
39.821,0,-4.0008529655025065,-3.0067631544989792,1.203967074174478,0.007698811475481281
39.821,1,-3.9934607152468082,2.9983801805560173,1.198327811440505,0.005682388095715762
39.831,0,-4.000795747743082,-3.006813989207686,1.203967845129091,0.007617563918656436
39.831,1,-3.9934911906608352,2.998416296837492,1.1983582142556382,0.005568367489767198
39.838,0,-4.000737623822256,-3.006862480911773,1.2039687803078742,0.007531060855531933
39.838,1,-3.9935242550432823,2.9984508274592785,1.1983855857787475,0.005473474634475975
39.849,0,-4.000678829660584,-3.0069087099015195,1.203970463576506,0.0074405045964331265
39.849,1,-3.993559837614284,2.998483617608256,1.1984108182661635,0.005454899105252447
39.862,0,-4.000619600606992,-3.00695275692943,1.2039740565238983,0.007349964798752984
39.862,1,-3.9935978575655406,2.9985145219522673,1.1984351100115207,0.005487326357573371
39.871,0,-4.000560161969866,-3.0069946958609832,1.2039803704104939,0.007265035796229212
39.871,1,-3.9936382143305065,2.998543404432995,1.198459281134485,0.005551878450461812
39.881,0,-4.000500720869545,-3.007034586371734,1.203989941709042,0.007190814878004646
39.881,1,-3.993680782798132,2.9985701371356814,1.1984838848483177,0.005636495729742771
39.892,0,-4.00044146080347,-3.0070724701506317,1.2040027775108175,0.0071147529196599465
39.892,1,-3.9937254109359577,2.998594599779756,1.1985091719330643,0.005718875710128325
39.902,0,-4.000382539669784,-3.0071083741844373,1.2040179471747037,0.007021723197448786
39.902,1,-3.993771923339103,2.9986166802866827,1.1985348728981735,0.0057823581004649805
39.912,0,-4.0003240922089,-3.007142320434193,1.2040346539676825,0.00691212537854673
39.912,1,-3.9938201365390396,2.9986362746540864,1.1985606922933185,0.00583103061872357
39.921,0,-4.000266233205675,-3.007174336900223,1.2040523441682107,0.0067890083973004434
39.921,1,-3.993869873448703,2.9986532876719516,1.1985864113550704,0.005869153606614974
39.933,1,-3.9939209734631564,2.998667633559292,1.198611866059557,0.005901014019133679
39.934,0,-4.000209060191424,-3.0072044655391665,1.2040706338408167,0.006656055843292324
39.941,0,-4.000152655705288,-3.0072327673025177,1.2040892570198587,0.006516787817763148
39.941,1,-3.993973299182991,2.9986792362858115,1.1986369324497124,0.005931027872278356
39.951,0,-4.000097089061857,-3.0072593253005118,1.2041078484407015,0.006357101471178431
39.951,1,-3.9940267406958396,2.9986880292896885,1.1986616664826037,0.005981600147354201
39.961,0,-4.000042418449581,-3.007284248104616,1.2041249161993868,0.006150664863018959
39.961,1,-3.994081216772887,2.9986939558827777,1.1986868479771926,0.006077971771641819
39.971000000000004,0,-3.99998869901711,-3.0073076695666257,1.2041389525984425,0.005924670545032362
39.971000000000004,1,-3.9941366689963096,2.9986969786540874,1.1987132132094067,0.0062104685625263825
39.981,0,-3.9999359910103367,-3.0073297490675603,1.2041489487304817,0.005705462407586792
39.981,1,-3.994193055349599,2.9986970873868963,1.1987412355827458,0.006372133393633607
39.991,0,-3.9998843648544957,-3.0073506715311105,1.2041542417959392,0.0055143018674253625
39.991,1,-3.9942503453334304,2.998694303235553,1.1987712077432322,0.006557295493595692
40.001,0,-3.9998339040685598,-3.0073706461373835,1.204154407579075,0.005367103604171136
40.001,1,-3.9943085164183363,2.998688680069996,1.1988035376734532,0.006795334482119745
40.011,0,-3.999784704172845,-3.007389901084834,1.2041491862281741,0.00527488735340726
40.011,1,-3.994367555190359,2.9986803060074276,1.198839666611108,0.007132085323546457
40.021,1,-3.994427465713943,2.998669319039138,1.1988808983281956,0.0075511987306396645
40.022,0,-3.999736865378582,-3.0074086713751664,1.2041384401887552,0.005243971409738591
40.03,0,-3.9996904849047157,-3.0074271868881373,1.2041221181054786,0.005276263850720359
40.03,1,-3.994488279468398,2.99865591921672,1.1989280757918592,0.00803731665734909
40.041,1,-3.994550061745068,2.9986403738734224,1.1989817249520107,0.008575900052194463
40.042,0,-3.9996456513746805,-3.007445663697376,1.204100221877479,0.005370498782285926
40.051,0,-3.9996024409582662,-3.007464298050539,1.204072791220481,0.005521563079112859
40.051,1,-3.994612914780363,2.998623018619694,1.1990421562761908,0.009153882617716356
40.062,0,-3.999560915456059,-3.007483262597843,1.2040402164015755,0.005652083768725963
40.062,1,-3.9946769779362095,2.9986042557032935,1.1991091688478075,0.009683041499502977
40.071,0,-3.999521126728829,-3.0075027043384095,1.2040058366393338,0.005533398230200289
40.071,1,-3.994742421044371,2.9985845451771826,1.1991807669605437,0.01005395893566578
40.081,0,-3.9994831187220625,-3.007522736669968,1.2039735736054196,0.0052198499894590975
40.081,1,-3.9948094316176146,2.99856437609746,1.199255005612126,0.010309116075282116
40.091,0,-3.9994469323177384,-3.007543430356438,1.2039461078227458,0.004798980895719334
40.091,1,-3.994878199849733,2.998544239580327,1.1993305290997027,0.010484148553645269
40.101,0,-3.9994126117805866,-3.0075648088757134,1.2039252394903293,0.0043557174002472766
40.101,1,-3.99494890674669,2.9985246094685687,1.1994063899541167,0.0106058573469975
40.111,0,-3.9993802078535037,-3.007586846699872,1.203911657664491,0.004003980385548495
40.111,1,-3.995021716600324,2.998505928696926,1.1994822589650038,0.010751609157673238
40.121,1,-3.995096774810502,2.9984885992468246,1.1995588089700011,0.010956334523475242
40.122,0,-3.99934977452302,-3.007609472543434,1.203904438527044,0.003763303914436001
40.13,0,-3.9993213619585477,-3.0076325799620176,1.2039026969727713,0.0036033070594566406
40.13,1,-3.9951742079646912,2.998472971595943,1.1996366298519379,0.011202869358117507
40.141,0,-3.9992950073844034,-3.0076560369162673,1.203905795172641,0.003504667446165757
40.141,1,-3.9952541266913904,2.9984593376356354,1.1997161020213474,0.01147987498751386
40.152,0,-3.9992707284985305,-3.0076796935326593,1.2039132654676858,0.003455094911011281
40.152,1,-3.9953366282139116,2.9984479271294906,1.1997974585898086,0.011779595925824756
40.161,0,-3.999248519441524,-3.0077033885549143,1.2039247585624786,0.0034465783385893797
40.161,1,-3.995421798327724,2.9984389069556916,1.1998808308215576,0.012096721896149838
40.171,0,-3.999228348332822,-3.007726954725346,1.2039397940484093,0.0034461237798871953
40.171,1,-3.9955097124249006,2.998432382178436,1.1999661433722055,0.012399079792409475
40.181,0,-3.9992101562266855,-3.0077502236247997,1.2039572297403107,0.0034130256031265384
40.181,1,-3.9956004317454967,2.998428400420375,1.2000526280478292,0.012649781255118354
40.191,0,-3.999193860932844,-3.0077730299740097,1.2039761010462309,0.003347792844214362
40.191,1,-3.9956939943640783,2.99842696786018,1.2001395400392605,0.012866653304406154
40.201,0,-3.9991793600862473,-3.007795215039381,1.203995746744437,0.003256519892569179
40.201,1,-3.9957904044970847,2.9984280649994957,1.200226367000117,0.013061555758434243
40.211,0,-3.999166533838274,-3.007816629178947,1.2040157173397297,0.0031458275900146417
40.211,1,-3.9958896252651814,2.9984316582566417,1.2003127592220189,0.013241034818101634
40.221,0,-3.9991552474775127,-3.0078371336473833,1.204035709078727,0.003021427799266316
40.221,1,-3.995991574909201,2.9984377085041274,1.2003984791094464,0.013407981294973677
40.23,0,-3.9991453539221458,-3.0078566018159276,1.2040555163900526,0.0028868126845858397
40.23,1,-3.996096125333851,2.9984461770314454,1.2004832865795643,0.013541756280081675
40.24,0,-3.9991366956084864,-3.0078749198110297,1.2040748417881677,0.002724276053860404
40.24,1,-3.9962031006365404,2.998457026281792,1.2005659020939072,0.013560033200340684
40.251,0,-3.999129103975199,-3.007891983319164,1.2040932423415995,0.002534604897350225
40.251,1,-3.9963122844635164,2.9984702176281046,1.2006446937031052,0.013495636533282342
40.261,1,-3.9964234299175363,2.998485705981491,1.2007185664252105,0.013382313623916047
40.262,0,-3.9991223966951632,-3.007907690180402,1.2041104064369952,0.0023265807281491126
40.271,1,-3.9965362660561947,2.9985034339106487,1.20078681732239,0.013242738953445826
40.272,0,-3.999116375406021,-3.0079219346568205,1.204126143527199,0.002106673035503476
40.281,0,-3.99911082517032,-3.0079346042285504,1.2041401503552198,0.0018398126644079125
40.281,1,-3.9966505039042426,2.9985233281973294,1.200849083558475,0.013100232003842
40.291,0,-3.999105519131599,-3.00794558312221,1.2041512814398767,0.001489320108309906
40.291,1,-3.996765844398177,2.9985453000383724,1.2009055233765227,0.012971727376471417
40.301,0,-3.999100235041633,-3.007954765275229,1.2041584909801661,0.001120099779471338
40.301,1,-3.9968819909399693,2.998569249113442,1.2009563934006686,0.012851438698037851
40.311,0,-3.9990947718003795,-3.007962069288154,1.2041610958601237,0.000854192891015047
40.311,1,-3.9969986621297426,2.998595069364402,1.201001905317984,0.01273627182216929
40.321,0,-3.999088960762015,-3.00796744894721,1.2041586661785832,0.0008902969971970211
40.321,1,-3.997115600977898,2.9986226537558194,1.201042239528965,0.012624823904114907
40.331,0,-3.999082672846623,-3.007970899491584,1.20415094396776,0.0012345048920118077
40.331,1,-3.997232580980427,2.9986518978207686,1.2010775538849126,0.012517330460792281
40.338,0,-3.99907582241179,-3.0079724605826947,1.2041378357686983,0.0016959755868058443
40.338,1,-3.997349409716652,2.9986827021438436,1.201107941830973,0.01240950451223182
40.351,1,-3.997465930453688,2.998714972630283,1.2011325102706412,0.012280383555871249
40.351,0,-3.9990683677201035,-3.007972213869801,1.2041204376256938,0.00203293211923925
40.361,0,-3.9990603073095157,-3.0079702729104127,1.2041005592764908,0.002236023253194862
40.361,1,-3.9975820197703027,2.9987486216113908,1.2011498032165469,0.012159637155967098
40.371,0,-3.9990516732368753,-3.0079667671211934,1.2040795266035975,0.0023416327443861414
40.371,1,-3.9976975819259795,2.9987835687722595,1.2011588512083355,0.012075618767644632
40.381,0,-3.999042523632493,-3.0079618261176533,1.2040582674170905,0.0023793025669014626
40.381,1,-3.9978125435270453,2.998819740169691,1.2011590533423377,0.01204674585537369
40.391,0,-3.9990329362723456,-3.0079555685339954,1.2040371300697559,0.0024477605055081906
40.391,1,-3.997926848882492,2.9988570679549045,1.2011504967418922,0.01207000804910683
40.401,0,-3.999023001489833,-3.007948094169361,1.2040148597133489,0.0026514657893802677
40.401,1,-3.998040458483268,2.9988954927993023,1.2011354642354999,0.012101804720863491
40.411,0,-3.999012810014502,-3.007939472565856,1.2039901573860774,0.002947480152399784
40.411,1,-3.9981533584442306,2.99893496525581,1.2011162098561403,0.012122996114868325
40.421,0,-3.9990024422814083,-3.0079297354236436,1.2039621502292748,0.003308061004571512
40.422,1,-3.9982655699946874,2.9989754494133463,1.20109430087045,0.012132092169111005
40.432,0,-3.998991961268824,-3.0079188730097526,1.2039302602152724,0.0037143450385234773
40.432,1,-3.998377154689681,2.999016925902351,1.2010708289067176,0.0121344749283017
40.441,0,-3.9989814079628316,-3.0079068331903986,1.2038941138021981,0.004153223545417345
40.441,1,-3.9984882165454105,2.9990593933977356,1.201046552503351,0.012137481849515321
40.451,0,-3.998970798961644,-3.0078935222005674,1.2038537477224083,0.004542239728452548
40.451,1,-3.9985989018542814,2.999102868689464,1.2010217326731771,0.012164572579279083
40.461,0,-3.9989601296938297,-3.00787881110727,1.2038105598721602,0.004784623556176741
40.461,1,-3.998709394002741,2.9991473838755693,1.2009952200796898,0.01224365924200483
40.471,0,-3.998949389767202,-3.007862560902911,1.2037659316159417,0.00492680817276077
40.471,1,-3.9988198982131475,2.9991929822768184,1.2009658452332308,0.01237183041731373
40.482,0,-3.998938579410804,-3.007844647627271,1.203720819574424,0.005002813639179499
40.482,1,-3.99893062600462,2.9992397129441626,1.200932834375826,0.012546170863063592
40.491,0,-3.9989277208976524,-3.0078249796169447,1.2036758866821544,0.005036108224034114
40.491,1,-3.9990417836201897,2.999287625997138,1.2008956878695558,0.012762947492413124
40.502,0,-3.9989168656546394,-3.0078035084246664,1.2036315979098986,0.005040306256762989
40.502,1,-3.9991535637048745,2.9993367693707524,1.2008541963668597,0.013008535398077576
40.511,0,-3.998906095570084,-3.0077802274081185,1.20358830030779,0.005024717601038489
40.512,1,-3.9992661398495324,2.999387188272593,1.2008086225164305,0.013268489259862182
40.521,0,-3.998895516499125,-3.0077551509814096,1.2035462316899157,0.0049986078118010365
40.521,1,-3.9993796628989586,2.999438927735172,1.2007592563353475,0.013540607290257814
40.532,0,-3.998885250380908,-3.0077282926366364,1.2035055467360527,0.004969197978412555
40.532,1,-3.9994942590351084,2.9994920358987356,1.20070631888255,0.013822988833989148
40.541,0,-3.998875428878027,-3.0076996494607977,1.2034663426859267,0.004942644447631635
40.541,1,-3.9996100290778003,2.9995465662427017,1.2006499836956628,0.01411371861198876
40.551,0,-3.9988661883693943,-3.0076691919491214,1.2034286770340925,0.004924631372318101
40.551,1,-3.9997270486394236,2.999602578835521,1.2005903911154248,0.014411075589802792
40.561,0,-3.998857665731776,-3.007636858578767,1.203392266265658,0.0049870599568729605
40.561,1,-3.9998453694620606,2.9996601413794624,1.2005280320078333,0.014666078433767283
40.571,0,-3.9988499927206473,-3.007602558863226,1.2033553480081713,0.005207488704901217
40.571,1,-3.999965022845803,2.9997193279418415,1.2004651291441133,0.0148187685647612
40.581,1,-4.0000860189505305,2.9997802025389517,1.200403770963286,0.014903926242065674
40.582,0,-3.9988432895059893,-3.0075661826809936,1.2033162571559675,0.00553841719449722
40.591,0,-3.9988376582614245,-3.0075276134845037,1.2032738723874477,0.005948576796668726
40.591,1,-4.000208348223702,2.9998428041444747,1.2003453802669366,0.014949349974162938
40.601,0,-3.998833178608206,-3.0074867392856555,1.203227450625827,0.006415878770702975
40.601,1,-4.000331983971841,2.9999071375781132,1.2002909166199993,0.014974428978290275
40.609,0,-3.9988299059045787,-3.0074434587997088,1.2031771280332846,0.006809959357960804
40.609,1,-4.000456884359137,2.999973167808288,1.2002407582806958,0.015013458130115905
40.62,0,-3.9988278742651002,-3.007397680754688,1.203124692524096,0.007074050209826584
40.62,1,-4.000582991523865,3.000040817865567,1.2001941908023215,0.015082327005420986
40.631,0,-3.9988271018921737,-3.007349322248717,1.203071645241612,0.007255053060463129
40.631,1,-4.0007102280455165,3.0001099743241015,1.2001504931759908,0.01516412708744407
40.641,0,-3.9988275983166197,-3.0072983026801148,1.2030190098866087,0.007388080630201571
40.641,1,-4.000838492371562,3.0001804924615048,1.2001091515473374,0.015246818770160823
40.649,0,-3.9988293700897595,-3.0072445389485045,1.2029674792577372,0.007498362588261243
40.649,1,-4.000967656196271,3.000252200795911,1.200069793907888,0.01532140362289569
40.661,0,-3.9988324248121274,-3.007187942460478,1.202917517778879,0.007603900052633275
40.662,1,-4.001097563769981,3.0003249055329686,1.2000321462347898,0.015380974137519718
40.671,0,-3.998836773644631,-3.007128418051319,1.2028692839327677,0.007746691393098763
40.671,1,-4.001228032835393,3.0003983948871213,1.1999960955169442,0.015414402614311576
40.681,0,-3.998842430483264,-3.007065867785095,1.202821866167987,0.007982277327255243
40.681,1,-4.001358858485312,3.0004724411480317,1.1999618942649126,0.015414099283028783
40.691,0,-3.998849408004702,-3.007000195665146,1.2027742327302646,0.008282187210946632
40.691,1,-4.001489820980843,3.0005467975205584,1.1999297789638006,0.015381150028819306
40.701,0,-3.9988577118610285,-3.0069313149823134,1.2027256828655757,0.008625335202803796
40.701,1,-4.001620693931624,3.0006211954322954,1.1998998979976214,0.015316045115818609
40.712,0,-3.9988673361159814,-3.0068591549007793,1.2026757475695955,0.008997245477367148
40.712,1,-4.001751250816963,3.0006953439484882,1.1998723376911908,0.015219101844681568
40.721000000000004,1,-4.001881270000805,3.0007689307972005,1.1998471416682672,0.015090552145529665
40.722,0,-3.998878260457205,-3.0067836647941695,1.2026241178902464,0.009387545935327618
40.731,0,-3.9988904488798043,-3.0067048165011525,1.2025706881604912,0.009771623314261568
40.731,1,-4.002010538688784,3.0008416248167276,1.1998241004429318,0.014940649270690269
40.741,1,-4.002138856743915,3.000913082588542,1.1998019344397348,0.014780369003367284
40.741,0,-3.9989038504464327,-3.0066226034417456,1.2025160381858278,0.01011337915716831
40.751,0,-3.998918401328965,-3.0065370414413968,1.2024608249533804,0.01042443934774915
40.751,1,-4.0022660389772,3.000982960475136,1.1997794294379558,0.014604470049307821
40.761,0,-3.9989340282346566,-3.0064481673833505,1.2024054936541637,0.010714020465715653
40.761,1,-4.002391916960868,3.0010509271591266,1.1997557624359556,0.01441233774469829
40.771,0,-3.998950651671774,-3.0063560365907067,1.2023503414725532,0.010987897813436736
40.771,1,-4.002516340320325,3.0011166731602175,1.1997303822974894,0.014205783587946304
40.781,0,-3.9989681883730825,-3.006260721154596,1.2022953524251132,0.011279448057599646
40.781,1,-4.002639176655516,3.0011799160972656,1.1997033957233727,0.013962535764430675
40.791,0,-3.998986554253282,-3.006162311454328,1.2022394539364858,0.011624440073671003
40.791,1,-4.0027603097087505,3.0012403993881067,1.1996766163397077,0.013663065886076103
40.801,0,-3.999005672560388,-3.0060609148878625,1.2021815962039477,0.012001274767415422
40.801,1,-4.0028796416631,3.001297892460341,1.199651653088167,0.013324447081973173
40.811,0,-3.9990254808685486,-3.005956657426694,1.2021210690683597,0.01239532816502642
40.811,1,-4.002997093070853,3.001352186658831,1.199629578908963,0.01296241237426546
40.821,0,-3.999045935334843,-3.005849685046437,1.2020573974632698,0.012796587454422075
40.821,1,-4.003112601789196,3.0014030910641725,1.1996110963530473,0.01258994789816457
40.829,0,-3.9990670131177297,-3.0057401638567747,1.2019902690630004,0.013197884759783726
40.829,1,-4.0032261218297815,3.0014504294164897,1.1995966503382858,0.012217494821364512
40.841,0,-3.99908871344825,-3.0056282787370368,1.2019196961062708,0.01356111538785046
40.841,1,-4.0033376222921015,3.0014940384002062,1.1995863994677145,0.011855626685891688
40.851,0,-3.999111055176923,-3.0055142288766485,1.2018467569388898,0.013840810663791385
40.851,1,-4.003447084637915,3.0015337708134546,1.199579876738053,0.011509297294094747
40.861,0,-3.999134064957971,-3.005398224276587,1.2017725143467106,0.014055780515942501
40.861,1,-4.00355449245342,3.0015695036227545,1.199576565976595,0.011176265457826578
40.871,0,-3.999157765105949,-3.005280479612751,1.2016976979273528,0.014221053578343593
40.871,1,-4.00365982180953,3.0016011478171203,1.199576081504443,0.010855369667942615
40.881,0,-3.9991821650657458,-3.0051612085087234,1.2016228034840264,0.014347466942857426
40.881,1,-4.003763034959386,3.0016286552155917,1.1995781316612142,0.010545887826932027
40.892,0,-3.999207256298561,-3.0050406188219476,1.2015486419227956,0.014383466328663972
40.892,1,-4.003864075786924,3.001652020524555,1.199582800844425,0.010251021983662532
40.901,0,-3.9992330127586384,-3.0049189130207394,1.2014770541705515,0.01431612593757553
40.901,1,-4.003962865997593,3.0016712766514475,1.1995909720253906,0.00997906506305537
40.912,0,-3.9992593968642223,-3.004796298820917,1.20140948576878,0.014182571679394311
40.912,1,-4.004059304331657,3.001686488076522,1.1996033505229333,0.009735808416751904
40.921,0,-3.999286366767028,-3.0046729968772374,1.201346893921789,0.014008216684949195
40.921,1,-4.004153265373268,3.0016977403872684,1.1996203795429634,0.009524711242174053
40.931,0,-3.999313881880955,-3.004549245179774,1.2012898964050052,0.013809977106900939
40.931,1,-4.004244599509352,3.001705131559331,1.199642320099788,0.009346964890471923
40.942,0,-3.9993419067672815,-3.0044253011677724,1.20123887197134,0.01359841475004483
40.942,1,-4.00433313408058,3.001708765401541,1.1996693016767275,0.009202172549226137
40.951,0,-3.999370413615555,-3.004301441957758,1.2011939161168579,0.013388643484405603
40.952,1,-4.004418676460058,3.001708747508701,1.1997011362528212,0.009068541280242873
40.96,0,-3.9993993824947194,-3.0041779627960663,1.20115473104692,0.013183116544329488
40.96,1,-4.004501023259906,3.0017051841186877,1.199737032755544,0.008927862381756425
40.971000000000004,0,-3.999428799120424,-3.0040551741766244,1.2011210337796427,0.012974921612636825
40.971000000000004,1,-4.004579975105967,3.0016981804834644,1.1997763263775514,0.00878258026439066
40.981,0,-3.9994586522939453,-3.0039333987465726,1.2010926050244748,0.012759416185530725
40.981,1,-4.004655351429536,3.0016878421548783,1.1998185427980756,0.008637086023749274
40.991,0,-3.9994889319825093,-3.0038129681318453,1.2010692642325143,0.012533391427956812
40.991,1,-4.004727000984031,3.0016742761706805,1.1998633312483271,0.008496713844543759
41.001,0,-3.9995196278759226,-3.003694219274375,1.2010506612547678,0.012302607582548464
41.001,1,-4.004794807346778,3.001657590572689,1.199910745920397,0.008415285208909776
41.011,0,-3.9995507288647754,-3.0035774892376756,1.2010355350116197,0.01206856540906544
41.011,1,-4.004858690138059,3.0016378905490435,1.1999619635848822,0.008446947715954155
41.021,0,-3.999582225507625,-3.0034631121475823,1.2010227049114834,0.011818690693276016
41.021,1,-4.00491861263331,3.0016152768830073,1.2000180129437927,0.008582550977516555
41.032,0,-3.9996141124487123,-3.003351415688479,1.201011357329487,0.011547158699768445
41.032,1,-4.004974583611934,3.0015898410191544,1.2000795618135842,0.008812738960791067
41.04,0,-3.9996463898948638,-3.003242717725065,1.2010009333149902,0.011251990988349756
41.04,1,-4.005026656313474,3.0015616609349336,1.2001470309272646,0.009126093285872616
41.05,0,-3.9996790644778755,-3.0031373236153227,1.2009910453115742,0.010933213966276013
41.05,1,-4.005074926445835,3.0015307986370354,1.2002206645172073,0.009509424610923186
41.061,0,-3.9997121492273306,-3.0030355211444175,1.2009806539296282,0.010613189445621393
41.061,1,-4.005119530376132,3.0014972998321734,1.2003002436725525,0.009858583251288204
41.071,0,-3.9997456615126628,-3.002937570112124,1.200966214877588,0.010333014701441406
41.071,1,-4.005160645274376,3.0014611991156888,1.2003832612879861,0.00998360506734098
41.081,0,-3.9997796206633875,-3.0028437079456864,1.2009447132332347,0.010131475658381767
41.081,1,-4.005198466489714,3.001422516833304,1.2004670468829228,0.009946707858779737
41.091,0,-3.99981404457583,-3.0027541479539224,1.2009141380703543,0.010049083948017436
41.091,1,-4.005233188364742,3.0013812598449197,1.2005497747855534,0.009805530498128628
41.101,0,-3.99984894705337,-3.0026690761489125,1.2008731751227624,0.01011458700787318
41.101,1,-4.0052649938498375,3.001337425152087,1.20063020700519,0.00960210901141728
41.112,0,-3.9998843363108376,-3.0025886519341727,1.2008215101449222,0.010256426971393789
41.112,1,-4.005294047036634,3.001291002481744,1.2007076323118904,0.00939625222919886
41.122,0,-3.999920213607387,-3.002513016850966,1.2007615846996695,0.010319191266136929
41.122,1,-4.0053204876971344,3.0012419757179405,1.200782194652681,0.009242927347943764
41.13,0,-3.999956566503283,-3.0024422828004096,1.200695903431247,0.010303327932396411
41.13,1,-4.005344431642682,3.001190327558113,1.2008541937401997,0.00913346215852573
41.14,0,-3.9999933634217566,-3.002376529154546,1.2006262191731387,0.010225049987537274
41.14,1,-4.0053659713128695,3.001136042689083,1.2009238482095401,0.009060684622419438
41.151,0,-4.000030550879389,-3.002315805312098,1.2005537555118275,0.010102308156556118
41.151,1,-4.0053851763748645,3.0010791095990523,1.2009913203379579,0.00901934814255131
41.161,0,-4.000068052358093,-3.002260133325439,1.2004793699528828,0.00995015339178723
41.161,1,-4.005402094868103,3.0010195218500177,1.2010567354779902,0.009005616936093497
41.171,0,-4.000105768597585,-3.0022095125251265,1.2004040691962246,0.009704790675680385
41.171,1,-4.005416755904008,3.00095728027447,1.2011197820728101,0.008947041270816363
41.182,0,-4.000143579888888,-3.0021639239688596,1.2003296405791233,0.00934048599495379
41.182,1,-4.005429175382106,3.000892399064461,1.2011791460531958,0.008823889961582822
41.191,0,-4.0001813504641515,-3.0021233241555016,1.2002574811593276,0.00889546327706057
41.191,1,-4.005439361493535,3.0008249127441315,1.2012337748101505,0.008677191434139512
41.202,0,-4.000218933330412,-3.002087644685161,1.2001885371831014,0.008398379961535741
41.202,1,-4.005447322032864,3.000754884760288,1.2012829837715897,0.008535142710577419
41.212,0,-4.000256174391849,-3.0020567937779843,1.2001234430848622,0.00787035195118803
41.212,1,-4.005453070021645,3.0006824129644447,1.2013263411391177,0.008415318832644313
41.219,0,-4.000292915864081,-3.002030658151244,1.2000626168866277,0.0073269219852815995
41.219,1,-4.005456627525556,3.000607632173354,1.2013635878374869,0.008327758680429762
41.23,0,-4.000328998948096,-3.0020091061183125,1.2000065496070926,0.006721220483006925
41.23,1,-4.00545802812139,3.0005307146204943,1.201394554974442,0.00827287148920889
41.242,0,-4.000364267955,-3.001991995463154,1.1999570867870442,0.0059603314276691745
41.242,1,-4.005457318166532,3.000451867697222,1.201418946734451,0.008247854570067253
41.25,0,-4.000398585072728,-3.0019791698772775,1.1999160767503958,0.005120116949379258
41.25,1,-4.00545455498557,3.000371325369507,1.2014365128859175,0.008259142617103565
41.259,0,-4.000431846132352,-3.00197045927689,1.1998847419515524,0.004284651770710591
41.259,1,-4.005449804484144,3.000289338481936,1.201447124361791,0.008309066818294429
41.271,0,-4.000463990700038,-3.001965683673178,1.199863863751987,0.0035590476480358347
41.271,1,-4.005443139271584,3.000206166918407,1.2014507386777722,0.008396717595151872
41.281,0,-4.0004950078181505,-3.0019646559003808,1.1998537381525078,0.003103572940630859
41.281,1,-4.005434636936045,3.0001220731540617,1.2014474258808012,0.008517277646501148
41.291,0,-4.0005249377366,-3.0019671780031603,1.1998527135820027,0.0029836779902563623
41.291,1,-4.005424376131948,3.0000373156339704,1.2014385506501097,0.008636546248873939
41.301,0,-4.000553858885711,-3.001973044339866,1.1998586434829288,0.003064304799575487
41.301,1,-4.005412433614256,2.9999521404678546,1.2014262521934105,0.008726259630909746
41.311,0,-4.000581870805333,-3.001982041455637,1.1998699922572498,0.0032427031636458005
41.311,1,-4.005398881198224,2.9998667710764435,1.20141206901235,0.008782039013809478
41.321,0,-4.0006090815575845,-3.0019939449423556,1.1998856738067918,0.003460883965284257
41.321,1,-4.005383781301397,2.9997813994300517,1.2013970588702094,0.008808596531172557
41.331,1,-4.005367184021406,2.999696180649016,1.201381944466027,0.008813333166391801
41.332,0,-4.000635598385361,-3.0020085180217264,1.1999049135573,0.003690656562197662
41.341,0,-4.000661520807897,-3.002025512303998,1.1999275159932472,0.003975397809505242
41.341,1,-4.005349125445758,2.9996112301820235,1.2013672567436566,0.008801898366363947
41.35,0,-4.00068693774222,-3.0020446706034445,1.1999546382361959,0.004367713738333846
41.35,1,-4.0053296279506,2.9995266240547847,1.201353552188613,0.008779274621376176
41.361,0,-4.0007119317348705,-3.00206572590478,1.1999873396962015,0.004846091656517382
41.361,1,-4.005308704861444,2.9994424034478464,1.2013412577236355,0.00875318417236188
41.371,0,-4.000736583254188,-3.0020884040237057,1.2000263167208993,0.0053895784271306545
41.371,1,-4.005286365496055,2.999358580481896,1.201330648924048,0.00872947091242486
41.382,0,-4.000760973550181,-3.002112426927648,1.2000720140559904,0.005979337299954617
41.382,1,-4.00526261887964,2.9992751433394305,1.201321896889743,0.008712330539507577
41.391,0,-4.00078518653673,-3.0021375155666292,1.200124595826573,0.006567157431016162
41.391,1,-4.005237476549423,2.9991920606926854,1.2013150061789288,0.008707005686271078
41.401,0,-4.000809310556342,-3.002163393503609,1.200183121351007,0.007046079929680593
41.401,1,-4.005210955136904,2.9991092868091864,1.2013090573048768,0.008718845366555017
41.411,0,-4.0008334418965195,-3.00218979879742,1.2002463707254492,0.007435650639988063
41.411,1,-4.005183074612417,2.9990267722571398,1.2013029253339471,0.008743397210482813
41.419,0,-4.000857688704861,-3.0022164967071197,1.2003134864555265,0.007761545789832614
41.419,1,-4.00515385583295,2.998944475646004,1.2012958339628534,0.008778433474607033
41.431,0,-4.0008821733930455,-3.0022432878933674,1.200383870394471,0.008042496177581664
41.431,1,-4.005123319415779,2.998862371867225,1.2012872552380094,0.008822452225364269
41.441,0,-4.000907033647632,-3.0022700133772546,1.20045709884684,0.008292694344601236
41.441,1,-4.005091484975746,2.9987804573772356,1.2012768310820323,0.008873769017200245
41.451,0,-4.000932422174267,-3.0022965569160083,1.200532772009964,0.008496732597920718
41.451,1,-4.005058370327994,2.9986987532706313,1.2012645446674395,0.008919682474100302
41.461,0,-4.000958502360054,-3.0023228440590666,1.2006101140005312,0.008630357473773897
41.461,1,-4.005023989844624,2.9986173057427874,1.2012519152167187,0.008935165834942884
41.471,0,-4.000985435961567,-3.0023488357367105,1.2006884407443539,0.008716994792693273
41.471,1,-4.004988357348171,2.9985361811188795,1.201240594807371,0.008928402555121475
41.481,0,-4.001013370193809,-3.0023745206106733,1.2007672842714594,0.00877367147743573
41.481,1,-4.00495148823601,2.9984554591608017,1.2012317038782316,0.008910861355405543
41.49,0,-4.0010424286259045,-3.0023999087299016,1.2008463265002367,0.008811929513314935
41.49,1,-4.004913400148848,2.9983752275388182,1.2012259880438816,0.008892157980355942
41.501,0,-4.00107270478377,-3.002425026343866,1.200924918324835,0.00873639366650251
41.501,1,-4.004874113395099,2.9982955775755986,1.2012238822671604,0.008879247530846264
41.511,0,-4.001104257875588,-3.002449907707295,1.201001024462659,0.008478777575921394
41.511,1,-4.004833650271067,2.9982166040833595,1.2012254707005399,0.008873965341472457
41.521,0,-4.001137114978968,-3.002474578714943,1.2010729181780841,0.008106467451331003
41.521,1,-4.004792031779783,2.998138412799102,1.2012307513144815,0.008875273223289333
41.531,0,-4.00117127294969,-3.0024990425254923,1.2011394442040613,0.007667875499670486
41.531,1,-4.004749274673882,2.99806112777493,1.2012397046542234,0.00888156699421754
41.541,0,-4.001206700424923,-3.0025232702593345,1.2011998447268502,0.007197903893882228
41.541,1,-4.004705389572553,2.9979848957286785,1.2012522991552292,0.008891029232894424
41.552,0,-4.001243340241564,-3.002547195657222,1.2012536370056037,0.0067221197253125335
41.552,1,-4.00466037990665,2.9979098879213537,1.2012684926531303,0.008901897970746109
41.561,0,-4.001281112923206,-3.002570712539336,1.20130125137813,0.006409983385308451
41.561,1,-4.004614241800999,2.997836299645308,1.2012880153365986,0.008897405355985898
41.571,0,-4.001319921523936,-3.002593677212696,1.2013466386480083,0.006427663615356584
41.571,1,-4.004566965786291,2.9977643436250494,1.20130954379513,0.008850647605059716
41.581,0,-4.0013596473701805,-3.002615925971222,1.2013936056835266,0.006662037976259886
41.581,1,-4.004518538201077,2.997694235526118,1.2013318229743046,0.00876727101391521
41.591,0,-4.0014001494677025,-3.002637294061902,1.201444744006435,0.007051579529643957
41.591,1,-4.004468943787601,2.997626177940942,1.201353991048258,0.008656462710645732
41.602,0,-4.001441266485882,-3.0026576293692893,1.2015017998808866,0.0075583840010932475
41.602,1,-4.004418168059818,2.997560348547565,1.2013754599864266,0.008527491471380301
41.611,0,-4.001482819037248,-3.002676802353322,1.2015655485689836,0.008061066423282925
41.611,1,-4.004366198891883,2.9974968926205325,1.2013959699525794,0.008397426592288391
41.621,0,-4.00152461566959,-3.0026947133441,1.201634566371701,0.008413044765030268
41.621,1,-4.004313029660662,2.9974359187587116,1.2014158582584156,0.008278585487021945
41.631,0,-4.001566469760543,-3.0027112913797462,1.2017072789993264,0.008651851132163725
41.631,1,-4.004258667969278,2.9973774939369826,1.201435466416351,0.008170116573560685
41.641,0,-4.00160821534485,-3.0027264923297734,1.201782591198528,0.008809503647613145
41.641,1,-4.0042031430167455,2.9973216414091897,1.2014550232633434,0.008071649999585259
41.652,0,-4.0016497178128985,-3.0027402974224686,1.2018597396546882,0.008909800187321642
41.652,1,-4.004146509975351,2.9972683408119596,1.2014746792667235,0.00798265255166573
41.661,0,-4.001690880665964,-3.002752711381053,1.2019381879950093,0.008970565431749813
41.661,1,-4.004088852061915,2.9972175297474446,1.2014945294310546,0.007902153241137149
41.671,0,-4.001731649085929,-3.0027637603894575,1.2020173610864902,0.008953344499059306
41.671,1,-4.00403028063325,2.997169106740366,1.2015146298612376,0.007828633360863766
41.681,0,-4.0017720090204865,-3.0027734884907717,1.202095862577359,0.008804584791789043
41.681,1,-4.003970932446909,2.997122936956123,1.2015350032460586,0.007760050342360393
41.692,0,-4.001811977777087,-3.002781946034574,1.2021724503883033,0.008568322946831566
41.692,1,-4.003910961956923,2.997078863784059,1.2015556528820088,0.007694335166981185
41.701,0,-4.001851593423366,-3.00278917915584,1.202246296940358,0.008276708012510098
41.701,1,-4.003850532864551,2.9970367208196254,1.201576571328072,0.00762950608044495
41.711,0,-4.001890906661705,-3.002795222807166,1.2023168621603553,0.007952797325294303
41.711,1,-4.003789811421939,2.99699634105936,1.2015977426994389,0.0075636932331456476
41.721000000000004,1,-4.003728961275773,2.9969575636951693,1.2016191465896235,0.0074954752442575896
41.721000000000004,0,-4.001929974645231,-3.0028000962321673,1.2023838065347796,0.007612703107639279
41.731,0,-4.0019688562519935,-3.0028038006058306,1.2024467493831743,0.007223892197160326
41.731,1,-4.003668139553818,2.9969202387300315,1.201640623574412,0.007412106388544941
41.741,0,-4.002007607468028,-3.0028063202534176,1.2025045764919151,0.006745527665817659
41.741,1,-4.003607492629155,2.996884227952886,1.2016613730705583,0.007299687467298414
41.751,0,-4.002046274589743,-3.002807627244127,1.2025562913284353,0.006221671085421258
41.751,1,-4.00354714936739,2.996849402094575,1.2016806480946534,0.007169356283146423
41.761,0,-4.002084888355929,-3.0028076876000376,1.2026012443837524,0.005687920888713281
41.761,1,-4.0034872151915595,2.9968156360783804,1.201697950280446,0.007031144328803906
41.771,0,-4.002123460274415,-3.0028064663091345,1.2026390280451296,0.005175301551445305
41.771,1,-4.00342776841817,2.99678280536252,1.2017129541096154,0.006893462475751471
41.781,0,-4.002161980727563,-3.002803930976483,1.2026694105675626,0.004713138003344342
41.782,1,-4.003368858604072,2.9967507837130296,1.2017255671984652,0.0067681758426703055
41.791,0,-4.002200419370427,-3.0028000555424406,1.2026923048305749,0.004329904889879475
41.791,1,-4.003310508615556,2.9967194428836956,1.2017361574761587,0.006660644069589195
41.8,0,-4.0022387289364865,-3.0027948262023947,1.2027076977305087,0.004050382098302805
41.801,1,-4.003252721849317,2.9966886542653324,1.2017450789869204,0.006567523157322278
41.811,0,-4.002276849792594,-3.0027882466934246,1.2027156190890256,0.0038959169650003354
41.811,1,-4.003195489902293,2.996658291265505,1.2017525827830258,0.006486747624278125
41.821,0,-4.002314713785974,-3.002780341457296,1.2027161332279999,0.0038772299420576917
41.821,1,-4.003138798480198,2.9966282312319032,1.2017588516697657,0.006416757540717538
41.831,0,-4.002352247491887,-3.002771157097637,1.2027093216057911,0.0039907116784940865
41.831,1,-4.003082631870768,2.9965983569156585,1.2017640180584672,0.006356242304926137
41.841,0,-4.002389374810257,-3.00276076233769,1.202695467096326,0.004199543327920712
41.841,1,-4.003026976268456,2.996568557549674,1.2017683584942964,0.006307744105222846
41.852,0,-4.002426019747079,-3.002749246606532,1.2026754869841885,0.004443942639164095
41.852,1,-4.002971822773631,2.996538730611415,1.2017732991218728,0.006277990021422018
41.861,0,-4.002462110992789,-3.0027367190487153,1.2026501871280948,0.004699049536763954
41.861,1,-4.00291716963325,2.9965087869545215,1.2017803058060008,0.0062700535057785755
41.871,0,-4.002497585813025,-3.0027233061894525,1.2026201364844313,0.004955264068948026
41.871,1,-4.002863024334853,2.996478656493558,1.2017903655176407,0.006289602593078395
41.881,0,-4.002532392624854,-3.0027091492786253,1.2025857391245895,0.005209230187649059
41.881,1,-4.002809405065181,2.9964482918405495,1.2018041325129576,0.006340558015060569
41.891,0,-4.002566492189732,-3.0026944014120978,1.2025478407220729,0.005352941087039965
41.891,1,-4.002756341035071,2.996417670318423,1.2018213670932638,0.006371780095556247
41.901,0,-4.002599857651454,-3.00267922481579,1.202509066382854,0.00529645646592992
41.901,1,-4.0027038718493255,2.9963867938235653,1.2018394450299408,0.006322918368226391
41.911,0,-4.002632476901157,-3.002663790641477,1.2024716584710498,0.0051002094903079605
41.911,1,-4.00265204908506,2.9963556842424492,1.2018560422882236,0.006217579672166933
41.921,0,-4.002664353242397,-3.0026482772653873,1.202437133917677,0.004814766958881563
41.921,1,-4.002600936509265,2.99632437902834,1.2018695961407004,0.006085306804678981
41.931,0,-4.002695505046289,-3.002632868238565,1.2024065038952518,0.0044798557900801676
41.931,1,-4.00255060948933,2.996292927712712,1.2018790691144217,0.00595178161005683
41.941,0,-4.002725965015074,-3.002617750394335,1.2023804293155966,0.004127250482180373
41.941,1,-4.002501154095111,2.9962613890001877,1.2018837865898715,0.005836582535033251
41.951,0,-4.002755779120704,-3.0026031120835075,1.2023593832218284,0.003775134012043658
41.952,1,-4.002452665828982,2.996229828350141,1.2018832098450607,0.0057552797559377875
41.962,0,-4.00278500478385,-3.002589139501841,1.2023440137922115,0.003442526103202999
41.962,1,-4.002405246307314,2.9961983177339455,1.2018762407362715,0.005739283519519126
41.971000000000004,0,-4.002813707728586,-3.002576005463354,1.2023348713706332,0.003181133587611313
41.972,1,-4.00235899667655,2.9961669415168983,1.2018618666712604,0.00582056155054845
41.979,0,-4.002841958349193,-3.002563857211097,1.2023322970939148,0.0030400067884239733
41.979,1,-4.002314010121078,2.996135803489557,1.20183944267307,0.006013879737070273
41.991,0,-4.002869828765792,-3.002552808262647,1.2023364851904113,0.0030529000123602473
41.991,1,-4.002270366285872,2.996105031158294,1.2018085835186494,0.006317297190275046
42.001,0,-4.002897390679266,-3.0025429333079026,1.2023472396058177,0.0031848586082712372
42.001,1,-4.00222812808052,2.996074777651005,1.201769242238651,0.006690918778176989
42.011,0,-4.002924714231438,-3.0025342633169547,1.2023623991781995,0.0032823754946720756
42.011,1,-4.002187344324333,2.996045220653302,1.2017220288105794,0.007084463145111837
42.021,0,-4.002951867103652,-3.0025267844519483,1.2023796491272414,0.0033096838990038483
42.021,1,-4.002148060365574,2.9960165565965546,1.2016675379014503,0.007487339122239177
42.029,0,-4.00297891455723,-3.002520437273553,1.202397385470407,0.0032778226843359335
42.029,1,-4.002110329529703,2.9959889943068703,1.2016062189365047,0.007894277984196044
42.041,0,-4.003005919673408,-3.002515116822956,1.2024144993081214,0.0032070804775594145
42.042,1,-4.0020742210865405,2.9959627496801824,1.2015384201071775,0.008302710342281404
42.051,0,-4.0030329434582566,-3.002510674430194,1.2024302257109185,0.003116996007139521
42.051,1,-4.002039825153516,2.995938041229836,1.2014644169786481,0.00871182218061978
42.061,0,-4.003060044871948,-3.0025069206612214,1.202443976220587,0.0030161829324066905
42.061,1,-4.002007255336628,2.995915086499216,1.2013845166650277,0.009099335428193354
42.071,0,-4.0030872814580585,-3.002503629294368,1.2024550397785736,0.002914813061894802
42.071,1,-4.001976646526704,2.995894096955199,1.2012993806848202,0.009436523866828602
42.081,0,-4.003114711813924,-3.002500542985518,1.2024628518404095,0.0028398113493246935
42.081,1,-4.001948140683842,2.995875265087679,1.2012096245467787,0.009737884865248252
42.092,0,-4.003142398097117,-3.002497379157641,1.2024670467297114,0.002812402453486972
42.092,1,-4.001921871846572,2.995858752205176,1.2011157001917783,0.010016193912817585
42.102,0,-4.003170407592803,-3.0024938355965536,1.2024673949447597,0.002846673251652254
42.102,1,-4.0018979556227645,2.9958446805821772,1.201017947975968,0.010280011414368314
42.111,0,-4.003198813662177,-3.002489595343322,1.2024641041602468,0.0029334795816065356
42.111,1,-4.001876482089736,2.995833129121511,1.2009166475489057,0.01053288873024063
42.121,0,-4.003227695336244,-3.0024843309859537,1.2024586011380802,0.0030314865122476604
42.121,1,-4.001857507511074,2.995824134014569,1.2008120644736109,0.010777191904737913
42.131,0,-4.003257133149323,-3.00247771175949,1.202452154200737,0.003130306587072626
42.131,1,-4.00184103976039,2.995817695981798,1.2007044124458928,0.011018565092389934
42.141,0,-4.0032872052370205,-3.0024694098924205,1.2024456366876586,0.0032358640005833075
42.141,1,-4.001827026285584,2.9958137886148624,1.2005938583474163,0.011259993227070322
42.152,0,-4.003317984639767,-3.002459105498899,1.2024396466356324,0.0033577958313532443
42.152,1,-4.001815347809512,2.995812365247156,1.200480535714269,0.011503264279974118
42.161,0,-4.003349537480919,-3.002446490386586,1.2024345907424014,0.0035046296952125694
42.161,1,-4.001805816412669,2.99581336450142,1.2003645541495427,0.0117486180862331
42.171,0,-4.003381921412363,-3.002431272176053,1.202430437127606,0.003689343272691165
42.171,1,-4.001798177339981,2.995816714971314,1.2002461221997172,0.011967664205470224
42.181,0,-4.003415181625188,-3.0024131850075837,1.2024263306056528,0.00391146933386261
42.181,1,-4.001792118636178,2.995822338560849,1.2001257075893441,0.012149073594395234
42.191,0,-4.003449343838697,-3.0023920068513164,1.2024215584590003,0.004164209993368788
42.191,1,-4.001787290149375,2.9958301509742777,1.2000036949979582,0.012303646054465451
42.201,0,-4.003484407879274,-3.0023675758575505,1.2024156445415624,0.004441252830776175
42.201,1,-4.00178332246159,2.995840062582366,1.1998803635863222,0.012438933981307427
42.211,0,-4.0035203439368665,-3.002339800525655,1.2024082766746937,0.0047349885905089185
42.211,1,-4.001779841975349,2.995851979459664,1.199755916438391,0.012560153042355
42.221,0,-4.003557091023306,-3.002308664638724,1.2023992554937872,0.005036699922622684
42.221,1,-4.001776482414934,2.9958658043928983,1.199630502909241,0.01267106066177618
42.231,0,-4.003594557049371,-3.0022742282350157,1.2023884895961765,0.005334775877717989
42.231,1,-4.001772893354965,2.995881437774875,1.1995042032063257,0.012785697152008372
42.241,0,-4.003632619899916,-3.002236625496954,1.2023762309562473,0.005612099750566625
42.241,1,-4.0017687451898905,2.995898778460516,1.1993767853537036,0.012936524118003235
42.251,0,-4.0036711281312,-3.002196063470783,1.2023628282915872,0.005860893519173057
42.252,1,-4.001763726643868,2.9959177271899873,1.1992479473371775,0.013113529160058673
42.261,0,-4.003709902361945,-3.002152818910714,1.20234853492549,0.0060748183582224925
42.261,1,-4.0017575391093,2.9959381902529145,1.1991174972361756,0.013307557283406076
42.271,0,-4.00374873776025,-3.002107232494629,1.2023335342872399,0.006248168977782955
42.271,1,-4.001749892626194,2.99596008177366,1.1989853186807007,0.013513040172023068
42.281,0,-4.003787407117032,-3.002059702364616,1.2023177592683114,0.006392274023046188
42.281,1,-4.001740503409665,2.9959833251535626,1.1988513455739043,0.013726662861836254
42.29,0,-4.003825666256682,-3.0020106750464577,1.2022997984883985,0.006540800826857681
42.29,1,-4.001729093600925,2.9960078542683193,1.1987155432342134,0.01394660819143136
42.301,0,-4.003863264496036,-3.0019606203714835,1.202278152252056,0.006695080386319356
42.301,1,-4.001715395408918,2.9960336154932317,1.1985779067658524,0.014170904253465604
42.312,0,-4.003899955484818,-3.0019100069731874,1.2022518219779412,0.006860062404197424
42.312,1,-4.0016991564043725,2.9960605695160156,1.1984384562737034,0.014398644225768321
42.321,0,-4.003935505457846,-3.0018592849368644,1.2022201567179682,0.007041263152404537
42.321,1,-4.001680143442144,2.9960886921659715,1.19829722503077,0.014629967048551195
42.331,0,-4.003969699101437,-3.001808873379583,1.2021827429131637,0.0072433699972777555
42.331,1,-4.001658145268617,2.9961179745109283,1.198154252803238,0.01486535636722932
42.341,1,-4.001632972412308,2.996148422946409,1.198010092435703,0.014986379485288824
42.341,0,-4.004002343168366,-3.001759152217492,1.2021395504746744,0.0074253335213846396
42.352,0,-4.004033267924125,-3.0017104611655068,1.2020921025501905,0.007489320379408124
42.352,1,-4.001604455753923,2.996180056539145,1.197866510202738,0.014950730459190112
42.36,0,-4.004062335373158,-3.0016631087396233,1.2020420748273226,0.007454025766798472
42.36,1,-4.001572452814653,2.996212896983807,1.1977249217531871,0.014817044123088078
42.371,0,-4.004089446368717,-3.0016173842356846,1.2019906264731262,0.007342478889973937
42.371,1,-4.00153684901303,2.9962469609816087,1.1975862685566956,0.01462621425923267
42.381,0,-4.004114543660642,-3.001573567025151,1.2019385552657913,0.0071737720116844626
42.381,1,-4.0014975571617,2.9962822552111703,1.1974511646157937,0.014406407509710742
42.391,0,-4.004137613030543,-3.0015319324752476,1.201886233586467,0.007001192946257388
42.391,1,-4.001454515801278,2.9963187732471597,1.1973201937928795,0.014124706817101942
42.401,0,-4.004158680861524,-3.0014927523965125,1.2018330450768133,0.00688823388941522
42.401,1,-4.001407688390143,2.9963564919297627,1.197194699283665,0.013734529570347799
42.411,0,-4.004177799953388,-3.001456292276534,1.2017783119646612,0.006824997542451375
42.411,1,-4.001357077350481,2.9963953598923125,1.1970758492342997,0.013286571342971561
42.421,0,-4.004195035660186,-3.001422806070157,1.2017215800050811,0.00680483865015572
42.421,1,-4.001302735488499,2.9964352876605367,1.19696439012839,0.012816425607056491
42.432,0,-4.004210455956185,-3.00139253169235,1.2016625512334058,0.006823511686657502
42.432,1,-4.001244771376461,2.9964761423467734,1.1968607706155439,0.012348183249117722
42.441,0,-4.004224124260767,-3.00136568786877,1.2016010349260473,0.006878561343064925
42.441,1,-4.001183350907532,2.996517745786633,1.1967652393620296,0.011894963237233335
42.45,0,-4.0042360944106345,-3.001342472225809,1.2015369510192093,0.006950593953815969
42.45,1,-4.0011186970176595,2.996559875032541,1.1966776513887003,0.011526304412921356
42.461,0,-4.004246406204318,-3.001323062370358,1.2014711001565992,0.006921229025381648
42.461,1,-4.001051089141781,2.9966022676767787,1.1965960568579264,0.01134444920880438
42.472,0,-4.0042550849797856,-3.001307608159181,1.201404809112541,0.0068051547637430765
42.472,1,-4.000980844603463,2.9966446411740466,1.1965183490187745,0.011276850427480077
42.48,0,-4.004262143600363,-3.0012962188288785,1.20133901477517,0.006636468706942262
42.48,1,-4.00090830179793,2.9966867132895425,1.1964430462121092,0.011273222861220759
42.488,0,-4.004267583118809,-3.0012889569580175,1.2012743565371007,0.006441041775491269
42.488,1,-4.000833809339511,2.996728216872456,1.1963691022612206,0.011301375809852668
42.501,0,-4.004271393719778,-3.00128583536244,1.2012112228683665,0.00625425261329612
42.501,1,-4.000757717097684,2.9967689101535835,1.1962959700811984,0.011302938781841236
42.511,0,-4.004273557511121,-3.001286815462879,1.2011494533095826,0.0061340855567034325
42.511,1,-4.0006803657390355,2.9968085829401607,1.1962245330377108,0.011196665738922706
42.522,0,-4.004274055125101,-3.001291812908354,1.2010887142503923,0.006072611508811844
42.522,1,-4.000602072869401,2.9968470629926722,1.196155877189377,0.011015035624694443
42.531,0,-4.004272873835018,-3.001300704882351,1.2010287796461827,0.0060586376698324946
42.531,1,-4.000523117421023,2.9968842202445303,1.1960907031120371,0.010785584990657082
42.541,0,-4.004270013726946,-3.0013133357760458,1.2009694999942813,0.006082222694121354
42.541,1,-4.000443728288607,2.9969199681051197,1.196029447296791,0.010529211183323754
42.551,0,-4.004265491650908,-3.0013295224679934,1.2009107785946274,0.006134377901123936
42.551,1,-4.00036407768507,2.9969542630993122,1.1959723629727965,0.010262382620412076
42.562,0,-4.004259343486352,-3.0013490591487484,1.2008525310475564,0.006215205743715681
42.562,1,-4.000284278139603,2.996987103239473,1.1959195930542277,0.00999537882964189
42.571,0,-4.004251625753073,-3.001371722137708,1.2007944796329806,0.00633829646628978
42.571,1,-4.000204383210083,2.997018525746484,1.1958712939288243,0.009735365343815739
42.581,0,-4.004242417036521,-3.0013972796319828,1.2007363304488674,0.006487147804780782
42.581,1,-4.000124393630985,2.997048605463738,1.195827549821413,0.009494850883883304
42.591,0,-4.004231819087803,-3.0014255020616605,1.2006779002203631,0.006648361365720627
42.591,1,-4.000044265649473,2.997077452710569,1.1957883615812144,0.009282528557972966
42.6,1,-3.999963918578465,2.997105210399816,1.1957536772438044,0.009105173275283367
42.601,0,-4.004219956973082,-3.001456169467261,1.2006190820938367,0.006812668971107804
42.611,0,-4.0042069780679315,-3.0014890769503806,1.2005599688452366,0.006937071037595952
42.611,1,-3.9998832416213883,2.9971320509466195,1.1957230869181763,0.008994666873831731
42.62,0,-4.0041930483960275,-3.0015240357498696,1.2005013724262192,0.006975874016238672
42.62,1,-3.999802102613845,2.9971581699761765,1.1956950996224163,0.00896291472378527
42.632,0,-4.00417834564552,-3.001560861192459,1.200444072408394,0.006955190823192256
42.632,1,-3.999720359806558,2.9971837721169767,1.195668407792544,0.008986841748260168
42.638,0,-4.004163050948184,-3.00159936081642,1.200388599839162,0.0068928392922065025
42.638,1,-3.9996378727487953,2.997209058729051,1.195642088767003,0.009052909698155196
42.651,0,-4.004147342301419,-3.0016393268768446,1.20033531354638,0.006800050690691856
42.651,1,-3.9995545103908317,2.997234219150431,1.1956154858876473,0.009151990768587635
42.658,0,-4.004131389698134,-3.0016805319509445,1.2002844524489311,0.0066835380967438926
42.658,1,-3.9994701568381243,2.997259424505285,1.1955881273749338,0.009277749316681336
42.67,0,-4.004115351601618,-3.001722726869853,1.200235925182337,0.0065990770207357205
42.67,1,-3.9993847149768413,2.997284823669536,1.195559834434108,0.009406121572100428
42.681,0,-4.004099371805333,-3.001765642923464,1.2001884310184874,0.006607131369949301
42.681,1,-3.9992981069628573,2.997310541480096,1.1955320563021075,0.009483347218106068
42.691,0,-4.0040835755310615,-3.001809004660377,1.2001407093580438,0.006670713270472958
42.691,1,-3.999210276453923,2.9973366780460724,1.1955066036518203,0.009531238723824751
42.701,0,-4.004068066627682,-3.0018525423234377,1.2000919032914106,0.006767263018754374
42.701,1,-3.9991211896118646,2.99736330897483,1.195484690500038,0.009572451196249665
42.711,0,-4.004052926210828,-3.0018960007221165,1.2000414368496326,0.006883673014966758
42.712,1,-3.9990308341020837,2.997390486440502,1.1954671067591838,0.009622682253867304
42.721000000000004,0,-4.004038212333443,-3.0019391454903293,1.1999889278970057,0.007012539387796587
42.721000000000004,1,-3.9989392176852534,2.997418240648397,1.1954543507638722,0.009691077556035828
42.731,0,-4.004023960422327,-3.001981767195501,1.1999342284974852,0.007120656826314679
42.731,1,-3.9988463671726335,2.9974465812355886,1.1954462947475026,0.00978930853627196
42.741,0,-4.004010185531744,-3.0020236825465547,1.1998782235471148,0.007122380235737324
42.741,1,-3.9987523295923353,2.9974754973384314,1.1954406838306808,0.009908765524154475
42.751,0,-4.0039968881758075,-3.0020647322025,1.1998220543222142,0.007040145026062107
42.751,1,-3.9986571706120047,2.9975049581496718,1.1954353205627584,0.010030768196956731
42.762,0,-4.003984061696143,-3.002104776972365,1.1997665187622255,0.006897390758195263
42.762,1,-3.9985609752225484,2.997534912455438,1.1954286980961473,0.010150832684072502
42.772,0,-4.003971698221603,-3.002143694339593,1.1997121702102784,0.006711006826225432
42.772,1,-3.998463848382409,2.997565288620968,1.1954197856375683,0.010268717985362288
42.781,1,-3.9983659143216776,2.9975959955584766,1.1954080748271014,0.010377739620134316
42.782,0,-4.003959792789834,-3.0021813759835054,1.1996592091422678,0.006531998188611042
42.791,0,-4.003948343794772,-3.0022177273224493,1.1996071025325554,0.006399001632620802
42.792,1,-3.9982673115126044,2.997626926428228,1.1953941739683585,0.010464240250671242
42.801,0,-4.003937348294538,-3.002252668249662,1.1995553426686945,0.006297691031079612
42.801,1,-3.9981681800403313,2.997657967603979,1.195378777065535,0.010528519004485171
42.811,0,-4.003926796696071,-3.0022861346812273,1.1995035905443718,0.006218975591960606
42.811,1,-3.9980686475843568,2.9976890084293593,1.1953623451036297,0.010573673933734349
42.821,0,-4.003916669183964,-3.0023180795123316,1.1994516240539648,0.0061568886270234454
42.822,1,-3.9979688193092326,2.997719948386449,1.195345177230894,0.010603986886674816
42.831,0,-4.003906933666092,-3.002348472858322,1.1993993020337101,0.006107701760950373
42.832,1,-3.997868771405535,2.9977507019294207,1.1953274602167752,0.010624083645353945
42.84,0,-4.003897544895069,-3.0023773016699744,1.1993465828082956,0.006052409552089908
42.84,1,-3.997768547534705,2.99778120144865,1.1953094546380176,0.010631118445282365
42.851,0,-4.003888444477859,-3.002404568549125,1.1992940817283928,0.005919897163280927
42.851,1,-3.9976681614341367,2.9978113980195036,1.1952920701421368,0.010620112726000833
42.861,1,-3.997567612246231,2.997841259628282,1.1952761400604028,0.010599709444087184
42.861,0,-4.00387956095833,-3.0024302936992218,1.1992426650919383,0.00572649199520175
42.872,0,-4.003870810416361,-3.002454517530894,1.1991929296762824,0.005493504756404272
42.872,1,-3.99746690113648,2.997870768480044,1.1952622174918823,0.010575758962100314
42.881,0,-4.0038620977692725,-3.00247730110134,1.199145273978084,0.0052364661966076195
42.881,1,-3.9973660431577214,2.9978999184964032,1.1952506617272105,0.010551223937398704
42.891,0,-4.003853318341247,-3.002498725569417,1.1990999327791951,0.004975379184475953
42.891,1,-3.997265075168145,2.9979287131396637,1.1952416897450662,0.010527111899652478
42.901,0,-4.0038443607388645,-3.0025188887106937,1.1990568003112525,0.004742116413931748
42.901,1,-3.9971640601827745,2.9979571648977488,1.1952353627459218,0.010502875002562704
42.912,0,-4.003835114671445,-3.002537889845803,1.199015657764486,0.004532815066749058
42.912,1,-3.9970630877011,2.997985299275025,1.1952316699716303,0.010476564124152203
42.922,0,-4.0038254800996675,-3.002555811618322,1.1989763445967616,0.004342467564435734
42.922,1,-3.9969622719483278,2.9980131596181736,1.195230577715536,0.010446220122424937
42.931,0,-4.003815373820872,-3.00257270724735,1.198938740268828,0.004166640121661907
42.931,1,-3.996861749543824,2.9980408099616302,1.1952320341302405,0.010410012532616014
42.941,0,-4.00380473373505,-3.002588592486684,1.1989027535605759,0.004001688799802587
42.941,1,-3.9967616767534047,2.9980683361186458,1.1952359733130462,0.010366324025249157
42.951,0,-4.0037935214678555,-3.002603441948827,1.1988678590035413,0.003950868870440747
42.951,1,-3.996662226001258,2.9980958451539634,1.195241676593779,0.010303876611105331
42.961,0,-4.0037817222443675,-3.002617193268852,1.1988320213154615,0.0040936894241972955
42.961,1,-3.996563580986079,2.9981234600484163,1.1952468837741046,0.010215426527743331
42.971000000000004,0,-4.003769338410639,-3.0026297590573745,1.198793492425288,0.004373532300430339
42.971000000000004,1,-3.996465932460601,2.998151308163083,1.1952497620761497,0.010110675234567223
42.982,0,-4.003756383445673,-3.002641040814554,1.1987511002933533,0.0047514289964386055
42.982,1,-3.996369473904513,2.9981795109206555,1.1952490658270287,0.010001758387135766
42.99,0,-4.0037428776442034,-3.002650939699514,1.1987040690229476,0.005199060066729059
42.99,1,-3.996274397834964,2.9982081764969655,1.195243955986805,0.009899234171100262
43.002,0,-4.003728844797657,-3.002659363983766,1.198652098075967,0.005612590287642397
43.002,1,-3.996180892848908,2.9982373948951775,1.1952338725868377,0.00981123053547535
43.011,0,-4.003714309278273,-3.0026662293988444,1.1985978739020045,0.005635021183943498
43.011,1,-3.99608914217034,2.9982672350325106,1.1952190527754314,0.009717354372382811
43.021,0,-4.003699300172344,-3.0026714597009723,1.1985452502176897,0.005347023956482772
43.021,1,-3.995999320047909,2.9982977400691575,1.1952013305048121,0.009590687343493364
43.031,0,-4.003683857805669,-3.002674985157291,1.1984968960199915,0.004852873257461077
43.031,1,-3.9959115777194656,2.9983289163740774,1.1951822270896977,0.009431749787828307
43.041,0,-4.003668037204663,-3.0026767380805897,1.1984546188645082,0.00423026589323023
43.041,1,-3.995826033372006,2.9983607255277183,1.1951627750906046,0.009246565420868345
43.051,0,-4.0036519100455745,-3.0026766496795037,1.1984196243922278,0.0035425068523088367
43.051,1,-3.9957427661552547,2.9983930803044307,1.1951436644639826,0.009042120477588676
43.06,0,-4.003635565445119,-3.0026746485239824,1.1983924779860198,0.002898534262222714
43.06,1,-3.995661814263198,2.9984258439187514,1.195125840604669,0.008798557092342741
43.071,0,-4.003619107435057,-3.002670662231564,1.1983727401636128,0.002387012479142292
43.071,1,-3.9955831798026002,2.998458834968298,1.1951117521807602,0.008515316998899687
43.082,0,-4.00360264710928,-3.0026646206442202,1.1983598967762767,0.0020395482042485057
43.082,1,-3.995506833911363,2.9984918391706405,1.195103439072991,0.008238797069761102
43.091,0,-4.0035862950334575,-3.0026564604170067,1.1983535525869746,0.0018986792350450946
43.091,1,-3.9954327262486853,2.9985246227193922,1.1951022445667152,0.008009491409403508
43.102,0,-4.003570155653631,-3.0026461285203245,1.1983534036960304,0.00197807146763599
43.102,1,-3.995360793486784,2.998556943136681,1.195109025822301,0.00785815675934756
43.111,0,-4.0035543233504045,-3.0026335845970227,1.1983591654881565,0.0022300442667739823
43.111,1,-3.995290964602725,2.998588558240459,1.1951237058467437,0.007759136856083449
43.121,0,-4.003538878967586,-3.002618802643282,1.1983701601703194,0.0025576816634848842
43.121,1,-3.9952231595939507,2.99861923911153,1.1951420473858203,0.007572364242005084
43.131,0,-4.003523884820984,-3.002601768134557,1.1983856547954153,0.0029077741888218402
43.131,1,-3.9951573024833786,2.9986487859944937,1.1951594749873398,0.007295561590899756
43.141,1,-3.9950933288066026,2.998677043792476,1.1951728730639166,0.006978786081453268
43.142,0,-4.003509379792566,-3.0025824741840768,1.1984051238107203,0.0032607306060904147
43.151,0,-4.003495376370426,-3.002560919169033,1.1984281763139197,0.0036101617916422784
43.151,1,-3.9950311870906914,2.9987039130858886,1.1951801266134972,0.006682470557906452
43.161,0,-4.003481859576116,-3.0025371048998997,1.198454519598318,0.003954777302798036
43.161,1,-3.9949708395832033,2.9987293560959394,1.195179817489507,0.006463168241432445
43.171,0,-4.003468787344733,-3.002511034930122,1.1984840887099124,0.0043280170767135565
43.171,1,-3.9949122628108364,2.998753398458991,1.1951712669403953,0.006351120868054566
43.18,0,-4.003456092578937,-3.0024827125240643,1.1985175982165905,0.004773253045929368
43.18,1,-3.9948554488246595,2.9987761246540807,1.1951553282136014,0.00631574580901443
43.191,1,-3.9948004020900996,2.998797667344061,1.195133007222214,0.006332173175689951
43.192,0,-4.00344368692119,-3.0024521426545467,1.1985557350800733,0.005270030759520504
43.201,0,-4.003431465436618,-3.002419332907728,1.198598925992125,0.005801821828849574
43.201,1,-3.9947471376976065,2.9988181934174953,1.1951050248015076,0.006386529564079234
43.211,0,-4.00341931093036,-3.002384293542867,1.1986474165639251,0.006355555371138898
43.211,1,-3.9946956802926548,2.998837891807839,1.195071901061869,0.006470809155598757
43.22,0,-4.003407097710614,-3.002347037490551,1.1987013279886496,0.006921672089832486
43.22,1,-3.9946460628735663,2.9988569637891476,1.195034016689885,0.006580110362361095
43.231,0,-4.0033946948895744,-3.0023075806784316,1.1987605373439032,0.007449197565516604
43.231,1,-3.994598326553616,2.998875615153154,1.1949922149753216,0.006591397737429252
43.241,1,-3.9945525233462584,2.9988940483478017,1.1949509384040278,0.006264285189205416
43.241,0,-4.003381970371172,-3.0022659448664277,1.1988237817230316,0.00784850191877653
43.251,0,-4.003368796886855,-3.002222158718443,1.1988897016801348,0.008153206772968076
43.251,1,-3.994508700060613,2.998912452941156,1.194914768233435,0.005713649213381754
43.26,0,-4.003355057947142,-3.002176260466712,1.1989573387532906,0.008391219818481978
43.26,1,-3.99446688430707,2.998930994160224,1.1948868005196378,0.005078710997609741
43.271,0,-4.003340652092265,-3.0021283005513184,1.1990260171867748,0.008582634603659543
43.271,1,-3.994427077760476,2.9989498044095613,1.1948690938449156,0.0045096719684711226
43.281,0,-4.003325495860988,-3.0020783435750373,1.19909497247024,0.008673849025801731
43.281,1,-3.994389250897291,2.998968977947517,1.194862326291878,0.004179269943653431
43.291,0,-4.0033095265839025,-3.0020264697661148,1.1991622382230551,0.008599584504918467
43.291,1,-3.994353336961672,2.998988567741668,1.1948635978370636,0.004046553351762977
43.301,0,-4.003292703006908,-3.0019727678491765,1.1992260538515438,0.008424347522071258
43.301,1,-3.994319239553681,2.9990085878781825,1.194869880134668,0.0039752329327874735
43.311,0,-4.003275005847209,-3.0019173296625965,1.1992852423240323,0.00819641678082676
43.311,1,-3.9942868366027486,2.999029016860647,1.1948790641018787,0.003909760641853271
43.321,0,-4.0032564378742155,-3.0018602469589317,1.199339030794622,0.00795065169376819
43.321,1,-3.994255982262831,2.9990498007468624,1.1948896804494336,0.00383361716443148
43.332,0,-4.003237023276919,-3.0018016089841217,1.1993869265197652,0.007712155337461841
43.332,1,-3.9942265093158413,2.9990708564935877,1.1949007029521816,0.0037460148028609364
43.341,0,-4.003216806009853,-3.001741500038454,1.1994291100296268,0.0075657649241264585
43.341,1,-3.994198231712612,2.9990920753711383,1.194911172015922,0.0036330583237786087
43.351,0,-4.00319584546445,-3.0016799989822665,1.1994675001903061,0.007546592435717753
43.351,1,-3.9941709497618234,2.999113326927471,1.1949195281953162,0.003496851735157149
43.362,0,-4.0031742105709105,-3.0016171885677405,1.1995038165137526,0.007599380620669275
43.362,1,-3.9941444626309295,2.9991344640974695,1.194924506274684,0.003374225059545317
43.372,0,-4.003151972605069,-3.0015531620414744,1.1995392438636079,0.007691951957187874
43.372,1,-3.9941185789803124,2.999155327762327,1.1949252417599812,0.0032994999225130547
43.381,0,-4.003129199516741,-3.001488026807015,1.1995745953584571,0.007805042386051878
43.381,1,-3.994093124329931,2.9991757506761525,1.1949211501057182,0.0032989455324523654
43.391,0,-4.003105951886919,-3.001421906198665,1.1996105780790307,0.007947165352651527
43.391,1,-3.994067946123942,2.9991955601598157,1.1949127696139512,0.003302196973107319
43.402,0,-4.003082280548771,-3.0013549376901016,1.19964843061482,0.008137867535841021
43.402,1,-3.994042914819285,2.9992145778628276,1.1949051160132798,0.0031703063588629085
43.412,0,-4.003058227153904,-3.0012872664015426,1.1996892129257173,0.008363188346877744
43.412,1,-3.99401791658933,2.9992326244339442,1.1949029916989393,0.0030592691509261295
43.419,0,-4.0030338252264315,-3.001219036998836,1.1997336274740655,0.00861434199202008
43.419,1,-3.9939928463963015,2.9992495230700116,1.1949096252044114,0.0032014456308618465
43.431,0,-4.003009101041651,-3.0011503873577965,1.1997821274245577,0.008885332627722344
43.432,1,-3.993967603090738,2.999265101464639,1.1949271516392743,0.0037264542697245176
43.441,0,-4.002984074482996,-3.0010814440160045,1.1998349923402858,0.009171563069332136
43.441,1,-3.9939420858930332,2.9992791933229737,1.194956945254732,0.004587194713406387
43.451,0,-4.002958759918956,-3.001012319119075,1.1998921901205635,0.009425356017593926
43.451,1,-3.993916192073158,2.9992916396302483,1.194999805944476,0.005655054276427192
43.46,0,-4.002933167488434,-3.0009431083831912,1.199951823081068,0.009515646529356797
43.461,1,-3.993889818210232,2.999302290973241,1.1950557370887327,0.006792414877184655
43.471,0,-4.00290730354529,-3.0008738880906414,1.2000115799438196,0.009477255530424259
43.471,1,-3.9938628719177056,2.9993110112157098,1.1951243926354096,0.007949441868796654
43.48,0,-4.002881171231126,-3.0008047129814517,1.2000698385708106,0.00935191702397535
43.48,1,-3.99383528680891,2.9993176817362515,1.1952054234472758,0.009107050973924004
43.491,0,-4.0028547712902505,-3.0007356156328946,1.2001254811718152,0.009171993061059267
43.491,1,-3.993807032960332,2.99932220462795,1.1952985048961347,0.010252886330125997
43.501,0,-4.0028281025252435,-3.000666606807679,1.2001780922541394,0.009015426110221101
43.501,1,-3.99377812311707,2.9993245046291546,1.1954032979995723,0.011374273182544616
43.511,0,-4.002801160071687,-3.000597678911343,1.2002286885662485,0.008932570756280154
43.511,1,-3.9937486148815386,2.999324529818093,1.195519226024669,0.01243547760144408
43.521,0,-4.002773930302894,-3.000528814897513,1.2002782476024065,0.00889852442703404
43.521,1,-3.993718606070348,2.999322247687679,1.1956456260418584,0.013443414348596687
43.532,0,-4.002746385602521,-3.0004599970037438,1.2003274277062714,0.00889737283624113
43.532,1,-3.9936882264571194,2.9993176391454868,1.195781967404233,0.014405306212587846
43.541,0,-4.002718480969586,-3.0003912130186468,1.200376667291091,0.008918628069100322
43.541,1,-3.9936576304106524,2.9993106942113905,1.195927768086313,0.015324057270197426
43.551,0,-4.0026901523527645,-3.000322460650842,1.2004262519625963,0.008954913473683443
43.551,1,-3.993626989953975,2.9993014084154104,1.196082610969731,0.016205898211405306
43.56,0,-4.002661316542354,-3.0002537503409346,1.2004759741313997,0.008931153151054146
43.56,1,-3.993596488659515,2.999289781027322,1.1962457687387733,0.0169487863742667
43.571,0,-4.002631875472964,-3.000185106943149,1.2005230385509316,0.008723757667235902
43.571,1,-3.993566318102044,2.9992758174508243,1.1964148391274094,0.017428277194236095
43.581,0,-4.002601725606751,-3.000116570863488,1.2005644874640227,0.008417330840601993
43.581,1,-3.993536681028205,2.9992595272954614,1.1965875734517235,0.01771949994338717
43.591,0,-4.002570768862281,-3.0000481986990875,1.2005983344947473,0.008090192706240963
43.591,1,-3.9935077957624494,2.999240926106537,1.1967623762643906,0.01787579534418708
43.602,0,-4.002538920960714,-2.9999800631148625,1.2006232650224318,0.007805320234910905
43.602,1,-3.9934798982773305,2.9992200377120968,1.1969381107265926,0.017936434154913024
43.612,0,-4.002506116375751,-2.9999122522293,1.2006388631461262,0.007627810160053367
43.612,1,-3.993453242606528,2.9991968952816683,1.197114092664714,0.017967947376377007
43.621,0,-4.002472307222686,-2.999844869326549,1.2006464919973805,0.007552896112600172
43.621,1,-3.993428097904586,2.999171540382104,1.1972906716566127,0.018062520402243498
43.63,0,-4.002437456712245,-2.9997780323402905,1.2006474862039862,0.007536930336476058
43.63,1,-3.9934047325247795,2.999144024637483,1.1974683979331935,0.01820070558152014
43.641,1,-3.993383396041877,2.999114409895583,1.1976476211636808,0.018367138757831126
43.642,0,-4.002401530589459,-2.9997118732075103,1.2006428012071098,0.007554653735153521
43.651,0,-4.002364490647341,-2.9996465367757423,1.2006331249580193,0.0075918941177234595
43.651,1,-3.993364306658296,2.999082767170413,1.1978285527862311,0.018550339791384294
43.661,0,-4.002326290372818,-2.999582179376904,1.2006189602473256,0.007640811526225989
43.661,1,-3.9933476428896073,2.9990491755731865,1.1980112997937562,0.01874272102257442
43.671,0,-4.00228687230478,-2.999518967228162,1.2006007100548932,0.007695530085591744
43.671,1,-3.9933335388873874,2.9990137209728402,1.1981959464747676,0.01895199098438215
43.682,0,-4.002246169166799,-2.9994570757168852,1.2005787960592018,0.00775047006069617
43.682,1,-3.9933220855674767,2.9989764927480014,1.1983827365138382,0.019190019757590916
43.692,0,-4.002204112880332,-2.9993966909600047,1.20055355785935,0.007804359892785503
43.692,1,-3.993313340304797,2.998937576793669,1.1985718765818643,0.019447075580683842
43.701,0,-4.0021606443473,-2.9993380114981494,1.2005252393114512,0.007856471197960624
43.701,1,-3.9933073385789335,2.998897048177399,1.1987634824305666,0.019715264187425068
43.712,0,-4.002115720264255,-2.9992812487096607,1.2004940193989861,0.007906516553461734
43.712,1,-3.9933041030117487,2.9988549660538144,1.1989576042990806,0.019989768091436766
43.721000000000004,0,-4.00206931752405,-2.999226626131701,1.2004600303435604,0.007954374292030898
43.721000000000004,1,-3.9933036500954677,2.9988113705575583,1.1991542501732402,0.020267250188601062
43.73,0,-4.002021435164757,-2.9991743789893253,1.20042377882967,0.007949560406978896
43.73,1,-3.9933059935497726,2.9987662821545102,1.1993528913721678,0.02041441464365563
43.741,1,-3.993311144321637,2.998719706545031,1.1995512781960056,0.02033269312116736
43.742,0,-4.001972095970534,-2.9991247523000677,1.2003871149111351,0.007848445334036929
43.751,0,-4.001921355085253,-2.9990779868464514,1.2003516337249875,0.007678971366251901
43.751,1,-3.993319118806406,2.998671642286582,1.1997474532464079,0.020097838596936236
43.761,1,-3.9933299413963095,2.9986220909289925,1.1999400837409748,0.01976225823773569
43.761,0,-4.001869305281038,-2.9990343081966406,1.2003184157372084,0.007465047786018455
43.771,1,-3.9933436447147455,2.9985710647258914,1.20012826671743,0.01936201558114374
43.772,0,-4.001816078861915,-2.9989939197122175,1.2002881848898292,0.0072251051721713595
43.782,0,-4.001761847872492,-2.9989569966009437,1.2002610447944908,0.0070177849122171595
43.782,1,-3.993360270210653,2.998518591176134,1.2003117104967032,0.019010707962081107
43.791,0,-4.001706821745042,-2.9989236757242668,1.2002344898290715,0.006928451840405314
43.791,1,-3.993379867295323,2.998464714715085,1.20049180213132,0.018830862829634476
43.802,0,-4.001651232150531,-2.9988940631243826,1.2002057740597518,0.006933213300982185
43.802,1,-3.9934024742806193,2.998409502130365,1.2006699687739308,0.018769912481544377
43.811,0,-4.001595318334902,-2.998868239158727,1.2001730308476823,0.007026760965499757
43.811,1,-3.993428102169572,2.998353044966606,1.2008471838257204,0.018788942123185208
43.82,0,-4.001539317081758,-2.998846259131483,1.2001350060582419,0.007208626076887142
43.82,1,-3.9934567252225075,2.9982954595471485,1.2010241056850264,0.018860427281441015
43.831,0,-4.001483455254025,-2.9988281543889532,1.200090869753729,0.007475690446495911
43.831,1,-3.993488275519751,2.9982368859676343,1.201201175061377,0.018964705158538143
43.841,0,-4.001427944448952,-2.9988139345875067,1.200040284800786,0.007770328527011071
43.841,1,-3.993522640008688,2.9981774864902517,1.201378481250879,0.019026293032926998
43.85,0,-4.001372977771319,-2.9988035950417595,1.1999849764175068,0.007925895653394134
43.85,1,-3.993559657800392,2.998117442161136,1.2015547031795137,0.018924221333856624
43.861,0,-4.001318725090943,-2.9987971079682647,1.19992717677476,0.007963244828249753
43.861,1,-3.9935991271350777,2.9980569410709403,1.2017283922015431,0.018704593055676743
43.872,0,-4.00126532824912,-2.998794414244282,1.1998684373702568,0.007917271369999982
43.872,1,-3.9936408113397697,2.9979961666827655,1.201898565748947,0.01840412295531382
43.882,0,-4.001212898578242,-2.998795422573184,1.1998098251949711,0.00781646389878695
43.882,1,-3.9936844432451375,2.997935289574329,1.2020645715595488,0.018048426215331263
43.891,0,-4.001161516285126,-2.9988000105327917,1.199752175444946,0.00765897066938532
43.892,1,-3.9937297301246013,2.9978744616782596,1.202226078343858,0.017689707918100993
43.901,0,-4.0011112341242665,-2.9988080268157193,1.199696590462065,0.007432581524547619
43.901,1,-3.993776361633197,2.9978138127491154,1.2023841820973895,0.01748312143912603
43.911,0,-4.001062088156174,-2.9988192887111076,1.1996439719603922,0.007166223803709706
43.911,1,-3.993824022122117,2.9977534486692714,1.2025405603007286,0.017395157303140396
43.921,0,-4.0010141096822425,-2.998833581610387,1.1995949159722887,0.006880452561950021
43.921,1,-3.9938724069989022,2.997693450848767,1.2026963844159846,0.017385092437630124
43.931,0,-4.000967334116677,-2.9988506607366303,1.199549809021649,0.0065882813375092684
43.931,1,-3.9939212367679664,2.9976338765951946,1.2028524508279874,0.01742568280532889
43.941,1,-3.9939702665287315,2.9975747600814446,1.2030092958479497,0.01749927926464091
43.941,0,-4.000921807013393,-2.9988702536179748,1.1995088934139795,0.006297798756477379
43.951,1,-3.994019291896666,2.99751611363164,1.2031671194686495,0.017542133891938122
43.951,0,-4.0008775877489615,-2.998892062854307,1.1994722320893143,0.0060296987490171495
43.962,0,-4.000834748912051,-2.9989157697318385,1.199439094356075,0.005824826100788294
43.962,1,-3.9940681517730345,2.99745792926138,1.203324536082494,0.01740368910542444
43.971000000000004,0,-4.0007933686027926,-2.99894104675078,1.199408555379637,0.00565829292255556
43.971000000000004,1,-3.994116726367324,2.997400183155749,1.2034798022081237,0.01713213206399947
43.981,0,-4.0007535196110915,-2.9989675712730457,1.199379961182593,0.005511079541795492
43.981,1,-3.9941649323932302,2.9973428405709988,1.203631742927202,0.016773406641692308
43.991,0,-4.000715260925574,-2.998995034950194,1.1993528516939775,0.0053721690421031296
43.992,1,-3.994212718471484,2.9972858594281138,1.203779585963522,0.016359743426896885
44.001,1,-3.9942600609529277,2.997229193108833,1.203922504716873,0.0158272523521631
44.001,0,-4.0006786323388335,-2.9990231504257303,1.1993270163565586,0.005218979884505068
44.011,1,-3.994306960141922,2.997172791876666,1.2040583106029787,0.015090394748310997
44.012,0,-4.000643653284235,-2.9990516541340386,1.19930288119884,0.005029818138764307
44.021,0,-4.000610325603659,-2.999080302100179,1.1992809001489304,0.004816709171141353
44.021,1,-3.994353434851154,2.997116602897016,1.2041850646463763,0.014228071338420105
44.028,0,-4.000578638352358,-2.9991088647944197,1.1992613706341027,0.004588548122567495
44.028,1,-3.9943995177565,2.9970605693746117,1.2043015099460204,0.013298981154850705
44.042,0,-4.0005485718924465,-2.9991371234724427,1.1992444811772491,0.004351928787741942
44.042,1,-3.9944452517224085,2.9970046300313045,1.2044068606162568,0.012347720932566168
44.051,0,-4.000520101028221,-2.999164867630276,1.1992303416318837,0.004111356200535044
44.051,1,-3.9944906867859373,2.996948719016749,1.2045006508904916,0.011407466267620256
44.062,0,-4.000493197137212,-2.999191893489186,1.1992187975777162,0.0038891700175959156
44.062,1,-3.9945358777115776,2.9968927661021016,1.2045826388503227,0.010510708639033618
44.071,0,-4.0004678278404295,-2.999218004959309,1.199208260094567,0.003714656359120333
44.071,1,-3.9945808822683184,2.996836696592899,1.204652910363569,0.009698781828982067
44.081,0,-4.000443958965415,-2.999243015839378,1.1991970471785691,0.0035749269929782113
44.081,1,-3.9946257611502336,2.9967804292723765,1.2047117338117428,0.008987911723436211
44.09,0,-4.000421554784138,-2.999266752749272,1.1991840130877103,0.0034734297554132494
44.09,1,-3.994670578672711,2.9967238736081203,1.2047593726223154,0.008393996641758163
44.101,0,-4.000400577304647,-2.9992890575967586,1.1991683826548358,0.003419183590669477
44.101,1,-3.9947154030528274,2.9966669281150393,1.2047960803721063,0.00793260976543545
44.111,0,-4.000380985933755,-2.999309789124602,1.1991496463950433,0.0034184034412015336
44.111,1,-3.9947603063389594,2.996609479635339,1.2048223101933577,0.0076384140351991635
44.121,0,-4.000362738388687,-2.999328822277469,1.199127585636745,0.003463987724695224
44.121,1,-3.994805363141325,2.996551403239539,1.2048399155489649,0.007518998080961882
44.131,0,-4.000345796103821,-2.9993460404934646,1.1991021539718427,0.0035526551282929037
44.131,1,-3.994850644838729,2.996492566440087,1.2048508177162365,0.0075080121691489116
44.141,0,-4.000330131670055,-2.9993613247553665,1.199073348180277,0.003679355578647695
44.141,1,-3.9948962129693992,2.9964328340896076,1.2048563772159209,0.007564654235051302
44.152,0,-4.000315734136082,-2.999374545670428,1.199041191887279,0.0038390988187419093
44.152,1,-3.9949421147229693,2.9963720719557934,1.204857559939222,0.007664983291930342
44.161,0,-4.0003026121561875,-2.999385558586717,1.1990057275551678,0.004026351087546989
44.161,1,-3.9949883801545454,2.9963101494591795,1.2048550603687331,0.007794835084730831
44.171,0,-4.000290795456251,-2.999394201041709,1.1989670471781546,0.004225803382859109
44.171,1,-3.9950350206872387,2.996246942329158,1.2048490346614078,0.007954001576318127
44.182,0,-4.000280333476367,-2.999400293593841,1.198925498074528,0.004411803930886817
44.182,1,-3.9950820303401224,2.9961823376280483,1.2048383233790456,0.00815921865053644
44.191,1,-3.9951293925517772,2.9961162393863434,1.2048218870793408,0.008419371159622149
44.192,0,-4.000271286539337,-2.9994036499439036,1.1988814383847317,0.004593103837386959
44.202,0,-4.00026371556399,-2.999404088845974,1.1988351235931254,0.00477813930069451
44.202,1,-3.995177086646597,2.9960485748406516,1.2047990655540675,0.008736008033055603
44.211,0,-4.000257674503762,-2.999401442847868,1.1987867353861563,0.004973692903284629
44.211,1,-3.9952250925037647,2.995979298631492,1.2047694627161178,0.009104841712890265
44.22,0,-4.000253205116499,-2.999395564393504,1.1987364037842307,0.005184081591517187
44.22,1,-3.9952733938530782,2.9959083948897103,1.2047328596479903,0.009518494691925446
44.231,0,-4.000250333814862,-2.999386329374231,1.1986843405632175,0.005369470532182371
44.232,1,-3.995321980549434,2.9958358773236875,1.204689409593336,0.009924411687918641
44.239,0,-4.000249072483881,-2.999373635891512,1.1986318230040893,0.00541769801765318
44.239,1,-3.995370849592917,2.9957617840826107,1.2046417283497985,0.010176720537494128
44.252,0,-4.000249422044228,-2.999357407779666,1.1985803262204366,0.005377520411697321
44.252,1,-3.9954199998377193,2.995686174575082,1.204592942353036,0.01029950191862562
44.259,0,-4.0002513785885165,-2.999337596440797,1.1985308570266364,0.005294962595107656
44.259,1,-3.9954694251350262,2.995609123384058,1.2045452135101524,0.010333199527970094
44.272,0,-4.000254939150746,-2.999314179318386,1.1984840892424338,0.005203430039995653
44.272,1,-3.995519109765914,2.9955307127659676,1.2045000288699685,0.010310926593404794
44.28,1,-3.9955690254174137,2.995451027223341,1.2044581039441737,0.010293008863300862
44.281,0,-4.000260105793439,-2.999287157897055,1.1984405406075769,0.005109223106803702
44.291,1,-3.9956191295578183,2.995370152124296,1.2044183896706069,0.010329151417217604
44.292,0,-4.000266886368178,-2.99925655492997,1.1984009155524293,0.0050131882021223735
44.301,0,-4.000275287177784,-2.999222414311418,1.1983657783254187,0.004947995972688134
44.301,1,-3.9956693659832836,2.9952881747130093,1.2043797040172297,0.010395112022738361
44.311,0,-4.00028530509324,-2.9991847998752528,1.1983354805587627,0.004935071120060992
44.311,1,-3.995719665738083,2.9952051879527923,1.204341240312535,0.01047539743446385
44.321,0,-4.000296922356332,-2.999143793386066,1.1983102276752327,0.004985300245607766
44.321,1,-3.9957699482321245,2.995121293518515,1.2043024530484159,0.010560074906968827
44.331,1,-3.9958201225931584,2.9950366033179874,1.204262977436988,0.010642440733322364
44.332,0,-4.00031010344104,-2.99909949245276,1.1982901240454462,0.005100551118781839
44.341,0,-4.0003247927595185,-2.999052010056245,1.1982747069367246,0.005312145675132252
44.342,1,-3.9958700891898595,2.9949512398891796,1.2042225337264878,0.010721862247855481
44.351,0,-4.000340911792757,-2.999001479306717,1.198261140467318,0.005616119293413359
44.352,1,-3.9959197418417625,2.994865334557515,1.2041807942599523,0.010798672736330506
44.362,0,-4.0003583640018805,-2.9989480472106353,1.1982467404684325,0.005959541384355116
44.362,1,-3.995968971196919,2.994779021843859,1.2041375164392234,0.010869384196137906
44.371,0,-4.00037703735753,-2.9988918748879203,1.198229692968879,0.006328258847779023
44.371,1,-3.996017667919729,2.994692433956142,1.2040925509908713,0.010932077056034327
44.381,1,-3.9960657251644434,2.9946056966829206,1.204045813151172,0.01098598689142174
44.382,0,-4.000396805701425,-2.9988331394803254,1.1982087872910978,0.006718103433315395
44.391,1,-3.9961130401926384,2.994518926522545,1.20399765449668,0.010988724062027206
44.392,0,-4.0004175307064855,-2.99877203390466,1.1981834891503802,0.007093019524198253
44.401,1,-3.9961595162252053,2.9944322308568485,1.2039493962127776,0.01092173230209797
44.402,0,-4.000439062947296,-2.99870876322738,1.1981552551503616,0.007374639557611883
44.411,0,-4.000461233725903,-2.998643548365734,1.1981258205937997,0.007574478301037891
44.411,1,-3.996205066846155,2.9943457122594377,1.2039021218899757,0.010804284875558512
44.42,0,-4.000483847313575,-2.9985766265593794,1.198096375616361,0.007708627824399551
44.42,1,-3.996249619075489,2.994259472439236,1.2038565716436704,0.010651184494980002
44.431,0,-4.000506677177135,-2.998508249001605,1.198067732815315,0.007789571112030955
44.431,1,-3.9962931150987835,2.994173614852444,1.2038132477937846,0.010473127141011404
44.439,0,-4.000529464616506,-2.998438678387002,1.1980404449573008,0.007825922408257418
44.439,1,-3.996335513121778,2.9940882463147878,1.2037724888507868,0.010277666657604262
44.452,0,-4.000551919410337,-2.9983681863300333,1.1980149199718735,0.00782007236711198
44.452,1,-3.9963767876712,2.9940034777680946,1.2037344086214476,0.010085205903223534
44.461,0,-4.000573724614318,-2.99829705126911,1.1979916060571336,0.007772970062045831
44.461,1,-3.9964169297067076,2.9939194229053316,1.2036980030554982,0.009937863179826088
44.471,0,-4.000594549336117,-2.9982255584227944,1.1979708525014996,0.007691192981217477
44.472,1,-3.9964559422027013,2.99383619344209,1.203662007040523,0.00982105495802229
44.481,0,-4.000614062225277,-2.9981539997430775,1.1979528848380359,0.007579722853832427
44.481,1,-3.9964938349988333,2.9937538931407213,1.2036255498933854,0.009724416090766191
44.491,1,-3.996530621391229,2.993672613160626,1.2035880408329749,0.00964243169373338
44.492,0,-4.000631941747916,-2.9980826730258334,1.1979378415862263,0.007442468347566597
44.501,0,-4.000647883698673,-2.9980118803412146,1.197925855372897,0.007280593300872665
44.501,1,-3.9965663153022084,2.9935924292992118,1.2035493357667133,0.009538215131691726
44.512,0,-4.000661606644744,-2.9979419237764096,1.1979172656709194,0.007098071235484088
44.512,1,-3.9966009287955497,2.993513402681797,1.203511077141661,0.009343940926611418
44.521,0,-4.0006728579285245,-2.9978730941816925,1.1979123616890284,0.006905705056298331
44.521,1,-3.9966344761631305,2.993435581237524,1.2034750894831945,0.009088210207680952
44.531,0,-4.000681417990495,-2.9978056596386273,1.1979113157019525,0.006713772810980414
44.531,1,-3.996666977930773,2.9933590030429347,1.2034426136320842,0.008798992673143994
44.541,0,-4.000687102604128,-2.9977398573670135,1.1979142198461845,0.006532146776966248
44.541,1,-3.9966984627570654,2.9932836996997176,1.203414484531407,0.00849853326077924
44.551,0,-4.00068976362485,-2.997675888570292,1.197921110904062,0.006370218479036135
44.551,1,-3.9967289684463565,2.9932096987952845,1.2033912555923487,0.008203992172129635
44.561,0,-4.000689289709422,-2.9976139149210685,1.1979316554698811,0.006213011883961428
44.561,1,-3.9967585423890197,2.9931370254976484,1.203373172202164,0.007935826293387672
44.571,0,-4.000685615185757,-2.99755405468058,1.1979423865835628,0.005986841924964392
44.571,1,-3.9967872421884474,2.993065703204208,1.2033596052305655,0.0077074388328936625
44.581,0,-4.000678714588156,-2.9974964037546106,1.197949222226779,0.0057396517489985725
44.581,1,-3.9968151355926107,2.9929957563931997,1.2033497905872768,0.007505467733377719
44.591,0,-4.000668598957836,-2.9974410608756443,1.1979493788292928,0.005559509704712458
44.591,1,-3.9968423006665987,2.992927212841511,1.2033431867071682,0.0073213930584940315
44.601,0,-4.0006553174895005,-2.997388142164273,1.1979409927088516,0.0055290366312447815
44.601,1,-3.9968688256892966,2.9928601045800365,1.2033394090879967,0.007150123751577845
44.611,0,-4.000638955046341,-2.997337791869018,1.1979235469085665,0.005633621270527556
44.611,1,-3.996894808512975,2.9927944682540306,1.2033381814395205,0.006988689850742072
44.62,0,-4.000619627224761,-2.9972901834550774,1.1978986531963223,0.0057823626736716845
44.62,1,-3.996920354802161,2.9927303442420032,1.2033393033822306,0.006835442214830138
44.63,0,-4.000597483548248,-2.9972454982109435,1.1978677503948763,0.0059421861622882925
44.63,1,-3.996945574801944,2.9926677741299317,1.2033426368244688,0.0066897691810832985
44.64,0,-4.000572703761684,-2.997203908705473,1.1978318352982051,0.006102337066140583
44.64,1,-3.9969705803382127,2.9926067982901676,1.2033480875066227,0.006551752661676292
44.65,0,-4.000545493171874,-2.9971655678288363,1.1977916102430657,0.006260508272853131
44.65,1,-3.99699548247344,2.992547454081496,1.2033555905173303,0.006421918931998545
44.66,0,-4.000516078137544,-2.997130601277282,1.197747582552408,0.006417100114519199
44.66,1,-3.9970203895562872,2.9924897744936385,1.2033651012749291,0.006301081159415936
44.671,0,-4.000484700618376,-2.9970991042117374,1.1977005010722568,0.0065124962503143235
44.671,1,-3.9970454056952085,2.992433786617698,1.2033761930197255,0.006171836060748446
44.682,0,-4.000451611376081,-2.9970711409576722,1.1976516697025918,0.006533068076984858
44.682,1,-3.997070631308296,2.992379511963507,1.2033875013023696,0.006022357618199372
44.691,1,-3.9970961673768177,2.9923269729609587,1.2033979317074912,0.0058609056436125994
44.692,0,-4.000417063149276,-2.9970467434654493,1.197602066420912,0.006502397119260787
44.701,1,-3.9971221192799335,2.9922761971993066,1.2034067550752152,0.005696813932518272
44.701,0,-4.000381303153107,-2.997025913586628,1.197552349780357,0.006438912128391135
44.711,0,-4.00034456738201,-2.997008625964121,1.1975029571501072,0.006356271188572253
44.711,1,-3.997148599034494,2.9922272197910793,1.2034134948815016,0.005538220464218837
44.721000000000004,1,-3.997175726321021,2.9921800845963022,1.2034178470656776,0.00539168634314133
44.721000000000004,0,-4.000307076581405,-2.9969948309923127,1.1974541732600414,0.006264317092368272
44.731,0,-4.000269033387451,-2.9969844589343677,1.1974065351327192,0.006089405140347721
44.731,1,-3.9972036286733617,2.992134844693328,1.2034196279720808,0.005262418821053829
44.742,0,-4.0002306201268,-2.99697742878414,1.1973621803598615,0.0057455493812156476
44.742,1,-3.9972324404258646,2.9920915644267354,1.203418748177823,0.0051539185670022945
44.751,0,-4.000191998563864,-2.9969736507378633,1.1973230764866645,0.0053112121279259425
44.751,1,-3.9972622990492024,2.9920503279373274,1.2034151723139574,0.005067824755419525
44.761,0,-4.000153309003947,-2.9969730333602835,1.1972905242837475,0.004855659578836651
44.761,1,-3.9972933408876754,2.9920112483822474,1.2034088942479035,0.005004757862303447
44.772,0,-4.00011466983287,-2.996975490751585,1.1972653595385714,0.004442223343407504
44.772,1,-3.9973256978416836,2.9919744734536775,1.2033999299459905,0.004964851459671198
44.781,0,-4.000076177908215,-2.996980947618256,1.1972481671717252,0.004123668229128074
44.782,1,-3.997359494786337,2.9919401874081433,1.2033882579769803,0.0049524956143116045
44.791,0,-4.000037912284474,-2.996989341798669,1.1972396313442906,0.003961116510774306
44.791,1,-3.997394847544941,2.9919086069417458,1.2033736180015617,0.004977517906918497
44.801,1,-3.997431862526003,2.991879968089446,1.2033557764459586,0.0050438704440205415
44.802,0,-3.99999994541651,-2.99700062024449,1.197240257544751,0.004013663326171024
44.811,0,-3.9999623547347563,-2.9970147346810085,1.1972503215308103,0.004290669481829186
44.811,1,-3.9974706365783157,2.991854511272126,1.203334599378352,0.0051543798607744905
44.821,0,-3.9999252306076722,-2.9970316386401663,1.1972699346834956,0.004755846397018658
44.821,1,-3.9975112568480293,2.991832469614906,1.2033100205759641,0.005310444431057007
44.832,0,-3.999888681315201,-2.9970512853567244,1.1972991070791126,0.0053569406903339395
44.832,1,-3.9975538007678226,2.9918140604327217,1.203282018223984,0.005512122141862091
44.841,0,-3.999852835660312,-2.99707362585183,1.1973376284392008,0.006005912353464142
44.841,1,-3.997598336464148,2.9917994798420717,1.2032507440186786,0.005727568822182882
44.851,0,-3.99981784115309,-2.997098603284306,1.19738377580724,0.006537499050673732
44.851,1,-3.997644926112044,2.991788903749485,1.203217717759271,0.005866037246955241
44.861,0,-3.9997838554246594,-2.9971261499081487,1.1974355155636163,0.006956776805074169
44.861,1,-3.9976936268763708,2.9917824812585967,1.203184739173822,0.005956338247713918
44.871,0,-3.9997510350289027,-2.997156182140684,1.1974914170583708,0.007286989862051707
44.871,1,-3.997744492926519,2.9917803298118018,1.2031530476682342,0.006033758823920266
44.881,0,-3.9997195264870222,-2.9971885951998165,1.1975504505939312,0.007548564373060865
44.881,1,-3.997797578460697,2.9917825353525394,1.2031234863628337,0.006125517577077634
44.892,0,-3.999689460247595,-2.9972232607721163,1.1976119816179793,0.0077808950653611665
44.892,1,-3.997852939240329,2.9917891527858087,1.203096498774773,0.006264216068384705
44.901,0,-3.999660949248142,-2.9972600297247793,1.1976759304923856,0.008013022251909467
44.901,1,-3.9979106300495846,2.991800208716823,1.2030719125104328,0.006464031001435043
44.91,0,-3.9996340927894454,-2.997298740747632,1.197742291313541,0.008240983400075992
44.91,1,-3.9979706976815725,2.9918157133225622,1.2030494966173024,0.006713716354330753
44.921,0,-3.9996089817069995,-2.997339230280593,1.1978110223186316,0.008462192866025998
44.921,1,-3.998033173065845,2.9918356700718065,1.2030290841933635,0.0070033880795864634
44.931,0,-3.999585702237679,-2.9973813400877494,1.197882057623084,0.008675138415276732
44.931,1,-3.9980980658148946,2.9918600822075363,1.2030105534346045,0.007324474082733134
44.942,0,-3.999564338658776,-2.9974249226153122,1.1979553171416366,0.008879411384986827
44.942,1,-3.9981653609671564,2.9918889571417076,1.202993813521509,0.00766978298192232
44.951,0,-3.999544974645642,-2.997469844431445,1.1980306000890202,0.009047342044242452
44.951,1,-3.9982350171144208,2.9919223085768643,1.202978659939009,0.008041008402025093
44.961,0,-3.9995276896713854,-2.9975159874132093,1.1981071778965864,0.00914583634094134
44.961,1,-3.9983069646457285,2.9919601527242867,1.2029640277633102,0.008443460826132067
44.971000000000004,0,-3.9995125475517264,-2.9975632487902155,1.1981843610550014,0.009195312969569644
44.971000000000004,1,-3.998381109612461,2.992002504768012,1.2029488233419283,0.008863753241679892
44.981,0,-3.999499583677409,-2.997611539669468,1.198261659729696,0.009211178196685751
44.981,1,-3.998457337254233,2.992049371791341,1.2029323110531358,0.009293821486155198
44.992,0,-3.9994887963226744,-2.99766078337551,1.1983387244047685,0.00920467000154945
44.992,1,-3.9985355143955594,2.9921007460487763,1.2029140030590788,0.009728074760180012
45.0,0,-3.9994801414715333,-2.997710913965814,1.1984152458454516,0.009169262154408503
45.0,1,-3.9986154925438817,2.9921566023894126,1.2028939684460271,0.010141144953650424
45.011,0,-3.9994735283762517,-2.9977618757286972,1.198490712142464,0.009093732459611441
45.011,1,-3.9986971097340076,2.992216899252575,1.2028736876908754,0.010512639753466339
45.02,0,-3.9994688136739898,-2.9978136257354357,1.1985646730750492,0.008991685321905895
45.02,1,-3.9987801835962316,2.9922815684580795,1.2028544928305869,0.010852375078622448
45.031,1,-3.9988645074845546,2.9923505121790175,1.2028372972280457,0.01116754549302604
45.032,0,-3.999465796613262,-2.997866136322684,1.198636805057445,0.008872984993900688
45.041,0,-3.9994642179452593,-2.997919396246822,1.1987068745329867,0.00874469910777676
45.041,1,-3.998949849559897,2.9924236033457468,1.2028227208111035,0.011462023243089836
