t,i,x,y,z,speed
0.0,0,-4.0,-3.0,0.09999019,0.009810000000000001
0.0,1,-4.0,3.0,0.09999019,0.009810000000000001
0.012,0,-4.0,-3.0,0.09935275577144828,0.10785606118326317
0.012,1,-4.0,3.0,0.09935275577144828,0.10785606118326317
0.021,0,-4.0,-3.0,0.0977354000226568,0.20580412041430712
0.021,1,-4.0,3.0,0.0977354000226568,0.20580412041430712
0.032,0,-4.0,-3.0,0.09513910223429867,0.30365427565099495
0.032,1,-4.0,3.0,0.09513910223429867,0.30365427565099495
0.041,1,-4.0,3.0,0.09156484090800698,0.401406624753276
0.041,0,-4.0,-3.0,0.09156484090800698,0.401406624753276
0.051000000000000004,0,-4.000000000000249,-2.99999999999976,0.08702587709982636,0.4950019333471048
0.051000000000000004,1,-4.000000000000949,2.9999999999995905,0.08703111330449972,0.4937579619787481
0.061000000000000006,0,-4.000000000042973,-2.9999999999586806,0.08164672578290628,0.5695102228337235
0.061000000000000006,1,-4.000000000111992,2.999999999951634,0.0816761152663909,0.5661210266649145
0.07100000000000001,0,-3.999999990144195,-3.000000009148342,0.07990801852398219,0.0009288736877745061
0.07100000000000001,1,-3.9999999789758136,3.000000008958234,0.07994643713946328,0.0005408265821155282
0.081,0,-3.9999999748038584,-3.000000023393291,0.07991681196045756,0.0008401569069236392
0.081,1,-3.9999999430890174,3.00000002425215,0.07995204145498447,0.0004843277928262451
0.09100000000000001,0,-3.9999999609303845,-3.0000000362763486,0.0799247654544538,0.0007598988614361255
0.09100000000000001,1,-3.999999916539064,3.0000000355670613,0.07995618841421318,0.0004425071598105967
0.101,0,-3.999999947373028,-3.0000000547566747,0.07993361338554009,0.0012517204915592907
0.101,1,-3.999999887761273,3.0000000485609495,0.0799619821654943,0.0010561973119021478
0.111,0,-3.9999999378970967,-3.0000000814384373,0.07997876388286355,0.008277848942608296
0.111,1,-3.9999998661787375,3.0000000612406783,0.08000559737727363,0.008114448306374145
0.12100000000000001,0,-3.9999999382021647,-3.000000123282256,0.08011523156398692,0.017909697107069585
0.12100000000000001,1,-3.999999850612465,3.0000000825323427,0.0801401452373785,0.017708688723290174
0.131,0,-3.9999999642050974,-3.0000002106650023,0.08034361250104059,0.026768958464351348
0.131,1,-3.9999998416382834,3.000000126757818,0.08036669515571304,0.026610352110008898
0.14100000000000001,0,-4.000000041153213,-3.000000386362599,0.08065710405865403,0.03501490358435748
0.14100000000000001,1,-3.9999998282948805,3.0000002045397145,0.08067909839110272,0.03495352967320612
0.15100000000000002,0,-4.000000203763788,-3.000000701810929,0.08105039626151585,0.04280143043559576
0.15100000000000002,1,-3.9999997796422906,3.0000003142956815,0.08107249257533405,0.04287476426521318
0.161,0,-4.000000495896201,-3.000001214178207,0.08151947268702016,0.050216987969416725
0.161,1,-3.9999996396701336,3.0000004367650916,0.08154316686105692,0.05045056629379005
0.171,0,-4.000000969970848,-3.0000019841302397,0.08206111637508305,0.05736215728274262
0.17200000000000001,1,-3.999999324911681,3.0000005320248544,0.08208839480739068,0.057842009466569616
0.18100000000000002,0,-4.0000016882445,-3.000003075933298,0.08267317852824312,0.0643298427670239
0.18100000000000002,1,-3.999998726379939,3.0000005410241553,0.08270712522933847,0.06516228014778203
0.191,1,-3.9999977176161945,3.000000393169021,0.08339857266769717,0.07238510662039305
0.192,0,-4.000002727043572,-3.0000045605041947,0.08335402384595139,0.0711305242514814
0.201,0,-4.000004180030141,-3.000006517953655,0.08410183276769,0.07773878853202641
0.202,1,-3.999996162995639,3.0000000139893204,0.08416146643137722,0.07945977631037537
0.21100000000000002,0,-4.000006159817429,-3.000009039072391,0.08491478343860341,0.08418689954644527
0.21100000000000002,1,-3.999993923968597,2.9999993307447026,0.08499432748125146,0.08640133878871051
0.221,0,-4.000008798463798,-3.0000122260599316,0.08579152515767322,0.09050564825884075
0.221,1,-3.9999908634960333,2.9999982762553845,0.08589593813144478,0.09321502542264679
0.232,0,-4.000012246561054,-3.0000161920588324,0.08673071066795972,0.09670249126235991
0.232,1,-3.9999868500106706,2.999996791861091,0.08686472121202919,0.09983794756834194
0.24100000000000002,0,-4.000016671005824,-3.000021059932716,0.08773131109624392,0.10279370826659548
0.24100000000000002,1,-3.9999817613716653,2.9999948327770056,0.08789824227210402,0.10619076297140843
0.252,0,-4.00002224876918,-3.0000269582045633,0.08879227929063022,0.10879532469188341
0.252,1,-3.999975488788142,2.999992380663402,0.08899404449016626,0.11233244141057315
0.261,0,-4.00002916079013,-3.000034017180657,0.08991275836279886,0.11469942524894859
0.261,1,-3.999967940052261,2.9999894556670377,0.09015027535137199,0.11829261191341356
0.271,0,-4.000037586287705,-3.000042365126065,0.09109151597459472,0.12046257086135294
0.271,1,-3.999959042583157,2.999986124002181,0.09136501716698925,0.12405405024129351
0.281,0,-4.000047699200459,-3.00005212604907,0.09232719300933626,0.12611006318695953
0.281,1,-3.9999487442386155,2.999982501106396,0.09263644160875795,0.12966021053203908
0.29100000000000004,0,-4.00005966522741,-3.0000634180161576,0.09361839768077473,0.13156270475757129
0.29100000000000004,1,-3.999937012829427,2.9999787515408465,0.09396326404473482,0.13514803409534243
0.30100000000000005,0,-4.000073634154816,-3.0000763514118307,0.09496264061293254,0.13675254750007318
0.30100000000000005,1,-3.9999238382076454,2.999975082177176,0.0953442221170188,0.1404973721322051
0.311,0,-4.000089731465921,-3.000091033033249,0.09635759821951492,0.14174950400008784
0.311,1,-3.999909236496302,2.999971725726611,0.09677799037055497,0.14573499627698328
0.321,0,-4.00010805077958,-3.00010756927895,0.09780165910830362,0.14659261927759165
0.321,1,-3.999893252622012,2.999968925112956,0.09826356126688367,0.15086322821756157
0.331,1,-3.999875962185924,2.9999669213442126,0.09979961823033119,0.1558439032804471
0.331,0,-4.000128646998761,-3.0001260661641576,0.09929312080051858,0.15125481783714145
0.341,1,-3.9998574708650074,2.9999659446307887,0.10138454047623054,0.16065218646938845
0.342,0,-4.0001515336872115,-3.0001466298218387,0.10083010936847076,0.15572605482355678
0.35100000000000003,0,-4.000176684637711,-3.0001693680035872,0.10241131339237922,0.16015531570885608
0.35100000000000003,1,-3.9998379121365915,2.9999662081086997,0.10301656522827343,0.16528528964047964
0.36100000000000004,0,-4.0002040415339355,-3.0001943874274355,0.10403690433331847,0.16459938974714292
0.36100000000000004,1,-3.999817437703871,2.99996790130755,0.10469393247306989,0.16973786476406624
0.371,0,-4.000233523369418,-3.0002217772383992,0.1057066054528024,0.16898581081873448
0.371,1,-3.9997961968674614,2.999971181004316,0.10641476439906025,0.1739976506706302
0.381,0,-4.000265039732802,-3.000251598160453,0.10741980038836667,0.17332575290827212
0.381,1,-3.9997743177853926,2.999976164805688,0.10817731834203083,0.1781143046769423
0.391,0,-4.000298501481275,-3.00028387682719,0.10917606889837751,0.17760944153947206
0.391,1,-3.999751894798,2.999982928269343,0.10998040343546912,0.18211165019390987
0.401,0,-4.000333826322368,-3.0003186007020575,0.11097459792675364,0.18179405127969098
0.401,1,-3.9997289812788757,2.9999915025624406,0.11182265175486115,0.1859600100479943
0.40900000000000003,0,-4.000370945036757,-3.0003557191410426,0.11281514183642007,0.18607798839385356
0.40900000000000003,1,-3.9997055859875776,3.0000018748786315,0.11370233667193431,0.18961035911470328
0.42100000000000004,0,-4.000409805572683,-3.0003951483427502,0.11469959407135055,0.1905453820361771
0.42100000000000004,1,-3.9996816761779366,3.000013990477109,0.11561728737460354,0.19303918666507533
0.43100000000000005,0,-4.000450365639289,-3.000436768120144,0.11662897579963899,0.19505471950245867
0.43100000000000005,1,-3.999657189057689,3.000027756760821,0.11756536360698286,0.19625990701609167
0.441,0,-4.00049259032686,-3.0004804268415786,0.11860347405821066,0.1995846268713764
0.441,1,-3.999632043249399,3.000043047431114,0.1195447288216334,0.19933357478314945
0.451,0,-4.000536451373917,-3.0005259479663695,0.12062321706479025,0.20410239408088898
0.451,1,-3.9996061474405686,3.000059706951872,0.12155419614613899,0.20229048059961396
0.461,0,-4.000581924571777,-3.0005731335897865,0.12268769298184043,0.20854026926643707
0.461,1,-3.999579407672386,3.0000775535820146,0.12359245503490993,0.2051063355791261
0.47100000000000003,0,-4.000628987152667,-3.000621767798313,0.1247949830559666,0.21264422126951527
0.47100000000000003,1,-3.999551731815834,3.00009638414537,0.1256585857085175,0.20790696459596517
0.48100000000000004,0,-4.00067761326454,-3.000671616885895,0.12694099464483372,0.21636479026336516
0.48200000000000004,1,-3.999523030597857,3.0001159791788243,0.12775317914677034,0.2107977434404755
0.49100000000000005,0,-4.000727772260625,-3.0007224287590746,0.1291226307889326,0.21980886489931578
0.49100000000000005,1,-3.9994932177261244,3.000136105979889,0.12987702838846543,0.21374066115604773
0.501,0,-4.00077942219439,-3.0007739275909655,0.13133730412560032,0.22300628240907686
0.501,1,-3.999462209524199,3.000156522538415,0.13203023624821406,0.21666365195437262
0.511,0,-4.0008325061971854,-3.0008258117253193,0.13358287723842352,0.2260321222232153
0.511,1,-3.999429923812148,3.0001769818564687,0.13421252367600084,0.2195723527188504
0.521,0,-4.000886951137329,-3.0008777538409332,0.13585798397873347,0.22892559557557052
0.521,1,-3.999396278699689,3.000197235505008,0.13642384318063544,0.22246346540897521
0.532,0,-4.000942665564504,-3.0009294025430453,0.13816101606711464,0.23161715191724
0.532,1,-3.9993611931722635,3.000217036564198,0.13866389898717632,0.22533620315909647
0.541,0,-4.000999536103734,-3.00098038772429,0.14048979233312217,0.23411642410350056
0.541,1,-3.9993245890957496,3.000236142721574,0.14093291097286026,0.2282593426714956
0.551,0,-4.001057419100216,-3.001030329956433,0.1428428130114847,0.2364750925249971
0.551,1,-3.9992864009728435,3.000254321303464,0.14323135874948031,0.23120976518601508
0.561,0,-4.001116131049289,-3.001078850516446,0.14521856594202226,0.23867336213526594
0.561,1,-3.9992465863295346,3.000271354643697,0.14555907650700892,0.23411111175562097
0.5710000000000001,0,-4.001175444180271,-3.0011255790920415,0.14761545470214565,0.2407109456929759
0.5710000000000001,1,-3.999205131385925,3.000287043539606,0.14791529762886269,0.23691671427689967
0.5810000000000001,0,-4.001235085589132,-3.0011701593414313,0.1500319664909473,0.24261327014214717
0.5810000000000001,1,-3.999162054245989,3.0003012097096,0.15029857901309493,0.23951442982543186
0.5910000000000001,0,-4.001294740258384,-3.001212252806206,0.1524669149700889,0.24439637512973822
0.5910000000000001,1,-3.9991174079982175,3.0003136979810083,0.15270620110157246,0.24182327086925842
0.6010000000000001,0,-4.001354060255372,-3.0012515437729217,0.15491902172754377,0.24604392932701685
0.6010000000000001,1,-3.999071281607695,3.000324374420107,0.15513543542537692,0.2438711577959696
0.611,0,-4.001412675459746,-3.0012877417060295,0.15738713043303038,0.24760939774487903
0.611,1,-3.999023800716294,3.000333124592701,0.1575840811112813,0.24574906010131542
0.621,0,-4.001470202110182,-3.0013205813907256,0.15987072112957026,0.24912263415302596
0.621,1,-3.998975126767873,3.0003398515644024,0.16005091148479536,0.2475175023393958
0.631,0,-4.001526250883794,-3.001349826347523,0.16236909557858717,0.2505526315594598
0.631,1,-3.998925456557742,3.000344476594162,0.1625347123426252,0.24915581444599674
0.641,0,-4.001580433336361,-3.0013752687552238,0.16488150362703086,0.25193456105400164
0.641,1,-3.998875019058702,3.000346937417536,0.16503452876858468,0.2507715633507685
0.651,0,-4.001632370530646,-3.0013967280562794,0.16740772167036858,0.2532900692914164
0.651,1,-3.998824069124961,3.0003471834400566,0.1675511104756518,0.2524857186864961
0.661,0,-4.001681712635042,-3.0014140568644807,0.16994719168299013,0.2545695975494403
0.661,1,-3.9987728782893943,3.000345177301657,0.17008497165258646,0.25421423980700814
0.671,0,-4.001728155536156,-3.001427143229512,0.1724989871288749,0.2557459196093495
0.671,1,-3.99872172322554,3.0003408933779676,0.17263589091320483,0.2558949225609519
0.681,0,-4.001771450156864,-3.0014359091914726,0.1750622899014778,0.2568777041546521
0.681,1,-3.9986708764351535,3.0003343143145482,0.17520350089771894,0.2575669577957636
0.6910000000000001,0,-4.001811404447903,-3.0014403051382357,0.1776375125935391,0.25813899594217865
0.6910000000000001,1,-3.9986205992643926,3.0003254295631834,0.17778717088646814,0.25906651572995304
0.7010000000000001,0,-4.001847881134143,-3.001440305363362,0.18022631114353724,0.25954854481585493
0.7010000000000001,1,-3.998571134895239,3.0003142374942517,0.18038420114264855,0.26027592813342953
0.7110000000000001,0,-4.001880792023993,-3.0014359057029587,0.18282995108273994,0.261090290508907
0.7110000000000001,1,-3.998522704091779,3.0003007366687475,0.18299231245972464,0.2613216181879854
0.7210000000000001,1,-3.9984755023267877,3.0002849219005183,0.18561027127095847,0.26225211685020583
0.7220000000000001,0,-4.0019100856521215,-3.0014271134396187,0.18544957520493421,0.2627146054446814
0.7310000000000001,0,-4.00193574069074,-3.001413943732717,0.18808553121536983,0.26434147910772327
0.7310000000000001,1,-3.9984296968173942,3.0002667850653366,0.18823685331317314,0.26305521334123694
0.741,0,-4.001957760002065,-3.001396416205414,0.19073711803241047,0.2658198662986838
0.741,1,-3.998385426410325,3.0002463129229415,0.19087136030096147,0.26387414562060296
0.751,0,-4.0019761693453875,-3.00137455572319,0.193402237616717,0.2670747716723327
0.751,1,-3.998342802735508,3.000223484442403,0.193514522176587,0.2647632188659936
0.761,0,-4.0019910157929575,-3.0013483906695244,0.19607875356025156,0.2681254656154501
0.761,1,-3.99830190694282,3.0001982750410807,0.19616662494958148,0.2656514394079744
0.771,0,-4.002002369366771,-3.001317955156705,0.19876495988570442,0.2690538394535901
0.771,1,-3.99826279000745,3.000170656376769,0.1988276391751045,0.26655763537083094
0.781,0,-4.002010322915212,-3.0012832896916257,0.20146007046855346,0.26991488168183736
0.781,1,-3.998225474900919,3.000140594896441,0.2014979390971175,0.26749373125182335
0.792,0,-4.002014995822388,-3.0012444471616004,0.20416320366803775,0.2706747153821293
0.792,1,-3.998189956616984,3.0001080544172742,0.20417745012153202,0.26839628592321146
0.802,0,-4.002016532588149,-3.001201493060261,0.20687349185787932,0.27137786409972586
0.802,1,-3.998156204185118,3.0000729969942093,0.20686562345570586,0.26923024713398724
0.811,0,-4.00201509749241,-3.0011545031848836,0.2095908076975329,0.272105683717921
0.811,1,-3.998124164553769,3.0000353855462163,0.20956194428654404,0.2700472852523204
0.8210000000000001,0,-4.002010869717411,-3.001103565908806,0.21231558524535185,0.27286923239856553
0.8210000000000001,1,-3.9980937675705723,2.9999951914472947,0.21226646275577452,0.2708636209321105
0.8320000000000001,0,-4.002004040643243,-3.001048786922643,0.21504786932146058,0.273617003337809
0.8320000000000001,1,-3.9980649283334735,2.99995240476608,0.21497888765405776,0.2716312805273848
0.8410000000000001,0,-4.00199480884816,-3.0009902886010704,0.21778745626804885,0.27436183172026307
0.8410000000000001,1,-3.998037550803152,2.9999070387563744,0.21769877896752293,0.27238141224976087
0.8510000000000001,0,-4.001983374440006,-3.000928206412201,0.22053467758271833,0.2751561336237919
0.8510000000000001,1,-3.9980115320220957,2.999859129732765,0.22042661022663607,0.27324657201985947
0.8610000000000001,0,-4.0019699348089475,-3.0008626910534923,0.22328990139800678,0.27596705791293585
0.8610000000000001,1,-3.9979867637517508,2.9998087349918547,0.22316414071613264,0.2742907387519787
0.8710000000000001,0,-4.001954676246676,-3.0007939115487456,0.22605326312272236,0.2768118141319795
0.8710000000000001,1,-3.9979631291321756,2.9997559285586775,0.2259128767541859,0.2754858660533119
0.881,0,-4.001937765308345,-3.000722054846507,0.22882520006034385,0.2776844587752509
0.881,1,-3.9979405014340155,2.9997007913017026,0.2286742311851645,0.27679277370346367
0.891,0,-4.001919345270138,-3.000647328423776,0.23160564827920485,0.278525694450356
0.891,1,-3.997918742899444,2.999643405544754,0.23144878331542992,0.2781191241491767
0.901,0,-4.001899533109019,-3.0005699589557495,0.234394066024268,0.2792959008994752
0.901,1,-3.997897705357921,2.9995838495781517,0.2342363916817975,0.27940748094910856
0.911,0,-4.00187841874418,-3.000490191112417,0.2371890383187151,0.2798338694804425
0.911,1,-3.997877231273434,2.999522195282882,0.2370357172416489,0.2804412951420406
0.921,0,-4.00185606657075,-3.000408284206961,0.239987610674425,0.28006996960909625
0.921,1,-3.997857157944204,2.99945851166273,0.23984338387064558,0.2811302477148801
0.931,0,-4.001832515981179,-3.0003244995693112,0.24278706511694648,0.2800554214587646
0.931,1,-3.9978373277414754,2.999392869110401,0.24265626838849058,0.2815309625359155
0.9410000000000001,0,-4.0018077841108814,-3.0002390925830102,0.24558543368948463,0.27990500854671035
0.9410000000000001,1,-3.997817595857241,2.999325346898109,0.2454720745274655,0.2817675097238629
0.9510000000000001,0,-4.001781868561833,-3.0001523073808016,0.24838182295246988,0.2796747910066443
0.9510000000000001,1,-3.9977978352657892,2.999256038199621,0.24828965745082562,0.28190261249345067
0.9610000000000001,0,-4.001754750933223,-3.0000643745482583,0.2511759564343271,0.27949752785545046
0.9610000000000001,1,-3.997777939915413,2.9991850550310675,0.2511081096842784,0.2819671398246951
0.9710000000000001,0,-4.001726401190985,-2.9999755093138223,0.25396922830130964,0.2794998815814724
0.9710000000000001,1,-3.997757828887839,2.999112527934739,0.2539271986015494,0.28205168239428474
0.9810000000000001,0,-4.00169678984242,-2.9998859159168254,0.2567633413554616,0.2796414213391668
0.9810000000000001,1,-3.9977374526240466,2.9990386042912793,0.25674723760367585,0.28215294270398594
0.9910000000000001,0,-4.0016658987100575,-2.9997957909539275,0.25955915245857425,0.2798291617706436
0.9910000000000001,1,-3.9977167975783385,2.9989634472440647,0.2595681023929914,0.2822203166578815
1.001,0,-4.001633726650271,-2.9997053243567513,0.26235711163368425,0.28008316918377485
1.001,1,-3.997695888108464,2.998887232797558,0.26238926171673926,0.282220162243139
1.011,0,-4.001600292595048,-2.9996147000009787,0.2651578654876174,0.2803643263370067
1.011,1,-3.9976747861500534,2.998810146049343,0.26521069087002935,0.28233390176697637
1.02,0,-4.001565638508614,-2.9995240975614683,0.26796113501194796,0.2805901526886829
1.02,1,-3.997653588500675,2.998732374784273,0.26803471605038554,0.2826937070093905
1.031,0,-4.001529827781881,-2.9994336956002856,0.27076620751823877,0.28073058122732525
1.031,1,-3.9976324217319736,2.9986541021401223,0.27086305211379275,0.28317013071395686
1.041,0,-4.001492943240216,-2.999343674400956,0.27357198392780707,0.2807315731103033
1.041,1,-3.9976114355357844,2.998575496779138,0.2736962874035709,0.2836513687348006
1.051,1,-3.9975907965840487,2.99849670556404,0.2765339300442624,0.28405547536037173
1.052,0,-4.0014550850514485,-2.999254217413358,0.2763768143746024,0.2805605149826564
1.061,0,-4.001416367739052,-2.999165511979235,0.27917904603291593,0.2802282614338938
1.061,1,-3.997570683425681,2.998417848785701,0.27937507182598076,0.2843583957811926
1.071,0,-4.001376916596563,-2.999077750641013,0.28197862720929906,0.2801069791055847
1.071,1,-3.9975512831898015,2.9983390179161473,0.2822201031160364,0.2849045193788378
1.081,0,-4.00133686359366,-2.998991131761031,0.28477914348022354,0.2803414355540061
1.081,1,-3.9975327882657163,2.9982602779508523,0.2850728181385461,0.2858217113908297
1.091,0,-4.001296346635345,-2.9989058506307296,0.2875831860888528,0.2807647399972485
1.091,1,-3.997515384987364,2.9981816753123556,0.28793592951316643,0.28693760199162627
1.101,0,-4.001255505394201,-2.9988220923707827,0.2903912316315734,0.2810754770115208
1.101,1,-3.997499244327203,2.9981032451118335,0.29080993634581054,0.2879390856239061
1.111,0,-4.001214477484515,-2.9987400261517867,0.29320095045633604,0.2811240475857838
1.111,1,-3.9974845148698814,2.998025016577929,0.2936924636231132,0.2886727513263436
1.121,0,-4.001173394603466,-2.9986598073954585,0.29601056471476633,0.2810975727226732
1.121,1,-3.997471321672553,2.9979470171795,0.29658033240504067,0.28900146048771064
1.131,1,-3.9974597663714264,2.9978692726051674,0.29946898314104037,0.28888981315116347
1.1320000000000001,0,-4.001132378871933,-2.9985815784033925,0.2988201026642548,0.2810865646308522
1.141,0,-4.001091536565129,-2.9985054644794884,0.30163012755454627,0.2812103930705675
1.141,1,-3.9974499386820113,2.9977918020046266,0.30235526176773136,0.28860308392239065
1.152,0,-4.0010509527650955,-2.9984315743104704,0.3044424859023676,0.2815036684693953
1.152,1,-3.9974419254561546,2.997714613309694,0.30523849920021034,0.28827693375288327
1.161,0,-4.001010687682741,-2.998359995152136,0.30725829174976976,0.28186628968097777
1.161,1,-3.9974358113796824,2.997637699702866,0.30811812112435794,0.2878808027029394
1.171,0,-4.000970775166676,-2.9982907926399793,0.31007783882111095,0.2822292826742511
1.171,1,-3.997431683091215,2.9975610382030684,0.31099422160790785,0.287616369170604
1.181,0,-4.000931228039751,-2.9982240151740354,0.31290085450867994,0.28254537360094306
1.181,1,-3.997429631004762,2.997484591823208,0.3138689200369059,0.2875566246504232
1.191,0,-4.00089205325122,-2.998159703949375,0.31572668425259215,0.28278307777770095
1.191,1,-3.997429737058322,2.9974083158787828,0.31674362021456226,0.2875913259819602
1.201,0,-4.000853265934397,-2.9980979028215455,0.31855475788188453,0.28300331487241365
1.201,1,-3.997432068357493,2.997332164655866,0.31961910632445056,0.28771717474092395
1.211,0,-4.000814899023412,-2.9980386655848568,0.32138514334167806,0.2832238898928895
1.211,1,-3.997436674727286,2.997256096280056,0.32249638511205825,0.2879268780151616
1.217,1,-3.9974435846759335,2.9971800759694958,0.32537600399344035,0.2881831130027512
1.219,0,-4.000777008945916,-2.997982058672568,0.32421817539812503,0.2835555422459445
1.231,0,-4.0007396773996025,-2.9979281648070115,0.32705570717886073,0.2840724896947645
1.231,1,-3.9974528069640543,2.9971040768092068,0.3282583663969374,0.2884643029107386
1.241,0,-4.000703004998834,-2.997877072106683,0.3298986357892661,0.2845840679440016
1.241,1,-3.9974643375273744,2.9970280751780356,0.331143053119015,0.2886294464251628
1.251,0,-4.000667104163067,-2.997828866676987,0.33274613303519246,0.28498357590135315
1.251,1,-3.997478168690644,2.996952044831249,0.3340283454490877,0.28860961594996165
1.2610000000000001,0,-4.000632094617153,-2.997783632484551,0.33559705918579447,0.28526807160664996
1.2610000000000001,1,-3.9974942996881637,2.9968759525908744,0.33691252299348406,0.2884278778226355
1.271,0,-4.000598101581143,-2.99774145545893,0.33845225078367364,0.2859246547469793
1.271,1,-3.9975127467949356,2.9967997552443726,0.3397960581031553,0.2885897862118347
1.2810000000000001,0,-4.00056525622635,-2.9977024304192197,0.34131730899543744,0.28711487345710957
1.2810000000000001,1,-3.9975335525366993,2.9967233973362126,0.3426842734411169,0.289262872822438
1.291,0,-4.000533686948311,-2.9976666376650365,0.3441958075771056,0.288548493674778
1.291,1,-3.99755676827747,2.99664681364113,0.34558083067189466,0.290207284651728
1.3010000000000002,0,-4.000503516881372,-2.997634133797424,0.34708816280571736,0.2897941254503334
1.3010000000000002,1,-3.9975824423060238,2.9965699349639223,0.34848640323712854,0.29098680844073305
1.311,0,-4.000474861972538,-2.997604943920675,0.34999083267493414,0.29065411999103363
1.311,1,-3.997610608647672,2.9964926940472147,0.351397621956495,0.29139449480299817
1.321,1,-3.9976412915299546,2.996415027827213,0.3543112002156543,0.29150587495339053
1.321,0,-4.00044783619652,-2.997579071883981,0.3529003460641367,0.2911968033206864
1.331,0,-4.000422552498265,-2.997556501074705,0.3558138875881122,0.2914842643829274
1.331,1,-3.997674503161997,2.996336879512637,0.357224479207145,0.2913744481732741
1.341,0,-4.000399123025349,-2.9975371949531753,0.3587294823376618,0.2916417884316638
1.341,1,-3.997710244312515,2.996258199352934,0.36013645812209144,0.29135799407932966
1.351,0,-4.000377657021738,-2.9975210987513554,0.36164632027089344,0.291728564295256
1.351,1,-3.9977485088367506,2.99617894494414,0.3630504233723791,0.2917116055382317
1.361,0,-4.000358251460126,-2.997508136800232,0.3645635604570105,0.29172262691846135
1.361,1,-3.99778926687729,2.99609908871906,0.3659691186303742,0.29227072394464326
1.371,0,-4.000340985160786,-2.9974982148902187,0.36748054770195043,0.29169715084257575
1.371,1,-3.997832460457941,2.9960186222861775,0.36889429946925145,0.2930092463165748
1.381,0,-4.00032591608417,-2.997491223869784,0.3703973740091987,0.29167663848998787
1.381,1,-3.997878004509151,2.9959375580070504,0.3718276536444534,0.2938829815143164
1.391,0,-4.000313077738844,-2.997487039509366,0.37331418173610803,0.2917097540830834
1.391,1,-3.997925783632538,2.9958559306626817,0.3747693537679988,0.29462638076498293
1.401,0,-4.000302480107747,-2.9974855286478124,0.37623221254977746,0.29191114113119565
1.401,1,-3.997975650177116,2.9957737973390337,0.3777169029449323,0.29512159460647686
1.411,0,-4.000294106169888,-2.9974865526439847,0.37915306361324586,0.2922421917679896
1.411,1,-3.99802743105956,2.995691233013053,0.38066850120028745,0.2954609539862556
1.419,0,-4.000287908410519,-2.9974899698739015,0.3820775243445182,0.29261636540938696
1.419,1,-3.9980809265280888,2.9956083281924037,0.3836226652616978,0.2956573237792043
1.431,0,-4.000283809706229,-2.9974956405416324,0.38500574596749415,0.29298726796238317
1.431,1,-3.9981359106207925,2.9955251865561636,0.38657797870216487,0.2957119062446876
1.441,0,-4.000281705124459,-2.997503430286164,0.38793743022206045,0.29330255823091805
1.441,1,-3.9981921332811226,2.995441922541212,0.38953316036204916,0.29565887490456094
1.451,0,-4.0002814631070915,-2.997513212082826,0.3908715305416763,0.2934796579286208
1.451,1,-3.9982493246788984,2.99535865831728,0.3924873250647988,0.29551796182710327
1.461,1,-3.9983072010956136,2.995275519906652,0.39543951185891835,0.29527383546093283
1.461,0,-4.0002829276638305,-2.9975248700852455,0.39380660211241986,0.29351303469230056
1.471,0,-4.0002859213360376,-2.997538303812254,0.3967415636127987,0.29348825047066057
1.471,1,-3.998365471420675,2.9951926336471635,0.3983889846310276,0.2950003880161962
1.481,0,-4.000290247898975,-2.997553430375357,0.39967615275849866,0.2934367175492641
1.481,1,-3.9984238424536915,2.995110123609633,0.4013357546899249,0.294723836446515
1.491,0,-4.0002956938841825,-2.9975701835281416,0.4026102219313175,0.29340011827899326
1.491,1,-3.998482022886046,2.9950281094002285,0.40427963060765065,0.2944204945608962
1.501,0,-4.000302035324217,-2.9975885121698638,0.4055444082568921,0.2934653644000407
1.502,1,-3.9985397287628404,2.9949467057424153,0.40722060856516445,0.294153570821041
1.5110000000000001,0,-4.000309048494615,-2.997608372801909,0.40847976843521405,0.29361438770589326
1.5110000000000001,1,-3.9985966908478865,2.9948660242208476,0.4101592635071325,0.2939332031982731
1.521,0,-4.0003165194352945,-2.9976297214296532,0.4114167178448617,0.2937746340163902
1.521,1,-3.9986526616521885,2.994786174152935,0.41309571027755093,0.29369791856749417
1.5310000000000001,0,-4.000324251713656,-2.9976525096942273,0.41435542743740156,0.29398067637979625
1.5310000000000001,1,-3.9987074196587598,2.9947072636307537,0.41602993409106265,0.29349420736819387
1.541,0,-4.00033207152447,-2.9976766828692747,0.4172964930079009,0.29423146958783036
1.541,1,-3.9987607711879822,2.9946294004895195,0.4189624419757109,0.2933292614863145
1.5510000000000002,0,-4.0003398304709785,-2.9977021759452,0.42023952315851765,0.2943348128076331
1.5510000000000002,1,-3.9988125531962027,2.994552691130169,0.42189314883917073,0.29311004606219154
1.561,0,-4.000347406519545,-2.997728908591439,0.4231819278114114,0.29414733389077696
1.561,1,-3.9988626356836865,2.994477236418116,0.42482114745794525,0.2927844592780457
1.5710000000000002,0,-4.000354701110799,-2.997756780339269,0.4261214079818206,0.29379849474515735
1.5710000000000002,1,-3.998910923619256,2.9944031234514124,0.4277456753860133,0.2924285961729312
1.581,0,-4.000361635142318,-2.9977856644863574,0.4290568969511648,0.2933575047242987
1.581,1,-3.99895735797389,2.994330418303021,0.43066673517209225,0.29207008408989354
1.5910000000000002,0,-4.000368146047134,-2.9978154028535973,0.43198740036801003,0.2928118277299031
1.5910000000000002,1,-3.999001917943836,2.9942591596315857,0.43358405963844276,0.29166777872399063
1.601,1,-3.999044619489714,2.9941893563670487,0.4364973950812917,0.2912783033843009
1.602,0,-4.00037418507141,-2.997845804635418,0.4349121146836165,0.2922277135873266
1.611,1,-3.9990855113000663,2.9941209885785534,0.43940761374253323,0.2910421998134757
1.611,0,-4.000379714299343,-2.9978766480055996,0.43783207338112984,0.2918969767044841
1.621,0,-4.000384706826256,-2.9979076874657653,0.4407506048599567,0.29188251534915993
1.621,1,-3.999124670865844,2.994054011446431,0.44231645350022497,0.2909579843243244
1.631,0,-4.000389153062435,-2.9979386713188245,0.44367033316055193,0.29211482416334056
1.631,1,-3.9991621987326655,2.993988365076913,0.4452252390924481,0.29101739092344725
1.641,0,-4.000393064819487,-2.9979693599501873,0.4465934872922508,0.29252784941134863
1.641,1,-3.999198209895163,2.993923986157989,0.4481353680197288,0.29118955728223717
1.651,0,-4.000396477842162,-2.997999539241447,0.44952126125792025,0.29301577782739396
1.651,1,-3.9992328287540078,2.9938608149618524,0.451047514062041,0.29139715299011437
1.661,0,-4.000399452261592,-2.9980290296103917,0.45245398720322316,0.29350673016393275
1.661,1,-3.9992661839636012,2.993798800993164,0.4539616704636353,0.29157885723237875
1.671,0,-4.000402071791086,-2.998057691201046,0.4553914704027362,0.2939646292934937
1.671,1,-3.9992984037114274,2.993737907158634,0.4568777453414788,0.2917975998415559
1.681,0,-4.000404442448079,-2.9980854238671926,0.45833320188032833,0.29435595608967613
1.681,1,-3.9993296103831617,2.9936781104687107,0.45979653740616055,0.29209371463262773
1.691,0,-4.000406691292577,-2.9981121601087546,0.4612783664858925,0.29465614337387386
1.691,1,-3.999359915639726,2.9936193943559415,0.46271840938215736,0.2923969796087856
1.701,0,-4.0004089647326335,-2.9981378564151147,0.46422635508644994,0.29494000697857303
1.701,1,-3.9993894145934754,2.993561742228261,0.46564350121033876,0.29274417881038306
1.711,0,-4.000411426540611,-2.9981624862492664,0.4671772028874841,0.29521783270435176
1.711,1,-3.999418181709313,2.9935051333943155,0.4685723968730491,0.2931355748618496
1.721,0,-4.000414255351314,-2.998186035966023,0.4701306769718746,0.29546646123631704
1.721,1,-3.999446270278344,2.9934495383251813,0.4715043661660596,0.293312009620235
1.731,0,-4.000417639505616,-2.998208501208808,0.47308674346452845,0.2957487564460538
1.731,1,-3.999473715493594,2.993394919067561,0.47443657917049903,0.2932400880918332
1.741,0,-4.000421767594914,-2.9982298855259324,0.4760459250988037,0.2960719141189202
1.741,1,-3.9995005413298457,2.9933412389701304,0.4773672794465198,0.2930203007375613
1.751,1,-3.99952676949022,2.993288468178498,0.48029500720082435,0.29265638813116396
1.751,0,-4.0004268190568135,-2.9982502009480654,0.479008277085168,0.2963754381034758
1.762,0,-4.000432958079474,-2.99826946709979,0.4819736282646521,0.29668866268489874
1.762,1,-3.999552425307734,2.993236587765329,0.4832186047311434,0.29222221561659023
1.771,1,-3.999577541328764,2.9931855927208644,0.4861378100631607,0.2917687523555723
1.771,0,-4.000440330333047,-2.9982877097008482,0.4849423343937046,0.2970313410878655
1.7810000000000001,0,-4.000449059500731,-2.9983049609499037,0.4879143243751686,0.2973354236999141
1.7810000000000001,1,-3.9996021599781204,2.993135492220159,0.48905221695340095,0.291259403677958
1.791,0,-4.000459247479893,-2.998321263468405,0.49088885032344565,0.2975446239628237
1.791,1,-3.999626329747412,2.9930863089248447,0.4919611274142965,0.2906707773930064
1.8010000000000002,0,-4.000470980700213,-2.998336682405783,0.4938651596268185,0.29771786105248493
1.8010000000000002,1,-3.999650092438796,2.993038076817961,0.4948639514334073,0.2900626327923908
1.8090000000000002,0,-4.000484337174347,-2.998351316668333,0.4968432916032289,0.297899485409658
1.8090000000000002,1,-3.999673471487834,2.9929908391485602,0.4977608790908069,0.28947618699334515
1.8210000000000002,0,-4.000499389067624,-2.998365306951319,0.49982304425197854,0.2980404209146119
1.8210000000000002,1,-3.9996964649240714,2.992944645201057,0.5006518872714142,0.2888711759053307
1.831,0,-4.000516205855668,-2.998378838940773,0.5028041139426098,0.29818327578116827
1.831,1,-3.999719040943305,2.992899548459116,0.5035368944769972,0.28828821971894164
1.8410000000000002,0,-4.0005348565030445,-2.998392143165369,0.5057862886007101,0.2982196234124617
1.8410000000000002,1,-3.999741135724664,2.9928556058252824,0.506416577535285,0.2878065216163259
1.852,0,-4.000555404021367,-2.998405488506925,0.5087673615860901,0.29799901434726817
1.852,1,-3.9997626564048496,2.9928128770365166,0.5092921528434712,0.2874370609877229
1.8610000000000002,0,-4.000577902123935,-2.9984191642802824,0.511745235136976,0.29762727787164717
1.8610000000000002,1,-3.99978349352309,2.9927714262303033,0.512164597801032,0.28717842460020393
1.871,0,-4.000602390478157,-2.998433463883967,0.5147190319505662,0.2971907673740859
1.872,1,-3.999803533965546,2.992731325188088,0.5150351330059505,0.28702463178708176
1.8820000000000001,0,-4.000628888087129,-2.998448672116263,0.5176879908405394,0.2966698034689476
1.8820000000000001,1,-3.9998226714380976,2.9926926536060736,0.51790439022523,0.28690389546995776
1.891,0,-4.000657390311657,-2.9984650557561237,0.5206511866486475,0.2960512729709321
1.891,1,-3.9998408135612165,2.9926554992978134,0.5207723696325987,0.2867593938107909
1.901,0,-4.000687869810349,-2.9984828584723204,0.5236084406249264,0.2955501919003353
1.901,1,-3.999857886227789,2.992619958057935,0.5236386498324638,0.28656011533445924
1.911,0,-4.000720279180793,-2.9985022998235826,0.5265622656281848,0.29531921607065287
1.911,1,-3.999873834029223,2.9925861336365873,0.5265025388835355,0.28628095699678924
1.921,0,-4.000754540942632,-2.9985235667153423,0.5295146106776295,0.2952293529916014
1.921,1,-3.999888615855769,2.992554138464849,0.5293631689429599,0.28590981463672
1.931,0,-4.00079054496275,-2.998546810234693,0.5324667204591552,0.29527704815654154
1.931,1,-3.9999021997846373,2.9925240946450358,0.5322199040988005,0.28552048554708953
1.941,0,-4.000828149692879,-2.99857214604106,0.5354199786166305,0.2954387904498901
1.941,1,-3.9999145589245395,2.9924961346745125,0.5350728807824543,0.2851427048931909
1.951,0,-4.000867182299312,-2.9985996533889026,0.5383753696953799,0.29571799772350194
1.951,1,-3.999925668777103,2.992470401164337,0.5379230638166292,0.2850042993387519
1.961,1,-3.999935503549925,2.9924470536467735,0.5407741841905558,0.2852771160676447
1.9620000000000002,0,-4.000907443374971,-2.9986293799593287,0.5413346148541655,0.29620316472331953
1.971,0,-4.000948711855976,-2.998661346304061,0.5442996159922348,0.2968418084233602
1.971,1,-3.999944040290408,2.9924262689122143,0.5436297694065657,0.28583656434823684
1.981,0,-4.000990750182703,-2.998695549259357,0.5472713702509577,0.29754118036216554
1.981,1,-3.9999512612140475,2.992408243067159,0.5464918833053504,0.2865448058861788
1.991,0,-4.001033310497833,-2.998731967775024,0.5502504143490324,0.29831361636822146
1.991,1,-3.9999571537311773,2.9923931944138,0.5493614636239491,0.2873076076480621
2.001,0,-4.001076139710542,-2.9987705667711144,0.5532368426855345,0.29897343565423623
2.001,1,-3.9999617116217503,2.9923813608859247,0.5522377583072007,0.28783697879185793
2.011,0,-4.001118983061963,-2.998811293578949,0.5562284371801051,0.2993836222257737
2.012,1,-3.999964940034359,2.9923729870464406,0.5551172860392162,0.2880020926685274
2.021,0,-4.001161587532243,-2.998854078866616,0.5592229224851591,0.29958200483251957
2.021,1,-3.999966860414939,2.9923683127081366,0.5579968232208709,0.28787613083872055
2.031,0,-4.0012037033248244,-2.998898834015989,0.5622185290628615,0.29965224932932816
2.031,1,-3.999967517123713,2.9923675573339716,0.5608741038484816,0.28759602522028666
2.041,1,-3.9999669814232157,2.9923709094116533,0.5637481527430355,0.28723512660810724
2.041,0,-4.001245084646278,-2.9989454502338413,0.5652145781641482,0.2996740175890374
2.051,0,-4.001285492212737,-2.998993795080073,0.568209979519374,0.299512086038124
2.051,1,-3.9999653549208247,2.992378512933335,0.5666178416963471,0.2867255193499039
2.061,0,-4.001324701893447,-2.9990437120849203,0.5712027431967521,0.2991942929397679
2.061,1,-3.9999627631249686,2.992390464006164,0.5694817845016238,0.28612447889289117
2.071,0,-4.0013625207286605,-2.9990950244712127,0.5741918363478768,0.2987861682281275
2.071,1,-3.9999593361550407,2.9924068181375976,0.5723394690802398,0.28547774536381615
2.08,0,-4.00139880313034,-2.9991475347517067,0.5771763092114859,0.2982788596421444
2.08,1,-3.999955192997933,2.992427589728501,0.5751902804584655,0.2847599364134564
2.091,0,-4.001433459980901,-2.999201026693175,0.5801554717015835,0.2977486828055605
2.091,1,-3.9999504297614346,2.9924527572353594,0.5780337757680475,0.2840428847062505
2.101,0,-4.001466462528436,-2.9992552679568476,0.5831294472007937,0.29723082112980476
2.101,1,-3.9999451119799976,2.992482269390844,0.5808702211968586,0.2833470351801979
2.111,0,-4.00149784559845,-2.999310011569698,0.5860980181789935,0.29666269058871986
2.111,1,-3.9999392708109434,2.9925160477566726,0.5837003662323819,0.2828240504906628
2.121,0,-4.001527703048167,-2.999365002558423,0.5890604784632273,0.29601208866296563
2.121,1,-3.999932904162145,2.992553995381731,0.5865265428583395,0.2825202434197901
2.1310000000000002,0,-4.00155617433654,-2.999419990852903,0.5920162128615095,0.2953396833601462
2.1310000000000002,1,-3.9999259869033725,2.9925959921449006,0.5893505778305486,0.2823983675611537
2.141,0,-4.0015834311967415,-2.9994747423256984,0.5949653713087482,0.2946832168051712
2.141,1,-3.9999184798440637,2.9926419010535805,0.5921742593913202,0.2824284422031106
2.151,0,-4.001609668869289,-2.9995290464339392,0.5979078465900289,0.2939966906160621
2.151,1,-3.999910337344499,2.9926915689360514,0.5949985650064038,0.2825187582015664
2.161,0,-4.001635097478409,-2.999582721198747,0.6008435112081592,0.29333467114512224
2.161,1,-3.9999015124486736,2.9927448317127734,0.5978241325698866,0.28269863727871086
2.171,0,-4.0016599345930866,-2.9996356152557717,0.6037733001835996,0.29283216797023276
2.171,1,-3.9998919606303285,2.9928015185512393,0.6006515755774193,0.28286570336895056
2.181,0,-4.001684398435297,-2.9996876072904497,0.6066992129111962,0.2925172351128972
2.181,1,-3.9998816434303075,2.9928614493605883,0.6034797952936702,0.2828834201003098
2.191,0,-4.00170869826298,-2.999738602684125,0.609622904384861,0.29237631661466795
2.191,1,-3.9998705277389313,2.992924445579584,0.6063076703102407,0.28284092959143026
2.201,0,-4.001733024897216,-2.9997885282593986,0.6125460375302361,0.2923709445267323
2.201,1,-3.9998585848894694,2.9929903370979103,0.6091349550096148,0.28277434152995606
2.211,0,-4.001757544310728,-2.9998373290951825,0.6154694552441051,0.2924131252849722
2.212,1,-3.999845791299344,2.9930589616503114,0.6119611961052205,0.28264722749528104
2.221,0,-4.00178239360095,-2.9998849654190027,0.6183931191070147,0.2923967557919445
2.221,1,-3.9998321277072475,2.9931301678496864,0.6147861902955378,0.2825771287957584
2.231,0,-4.001807682922834,-2.9999314110133004,0.6213161406271626,0.2923130969064932
2.231,1,-3.9998175752580765,2.993203815221395,0.6176116154829107,0.28273067621329995
2.241,0,-4.001833507933837,-2.999976652521249,0.62423827763182,0.29221124750113137
2.241,1,-3.9998021101685923,2.993279754634286,0.6204395373837378,0.28305281236436625
2.251,0,-4.001859961547714,-3.00002069156028,0.6271591253385483,0.2920532980112537
2.251,1,-3.9997856987784424,2.9933578103926184,0.6232710659154259,0.2834439480728233
2.261,0,-4.001887142575093,-3.000063544825626,0.6300783259675172,0.2918995584499738
2.261,1,-3.9997682931940286,2.9934377723174177,0.6261068512978777,0.2839214339175846
2.271,1,-3.999749828461638,2.9935193923305476,0.6289478305736486,0.2844717035411908
2.2720000000000002,0,-4.001915161741063,-3.000105243126458,0.6329961602175216,0.2917662309611991
2.281,0,-4.001944144331318,-3.000145831343896,0.6359128960659332,0.2917031632648728
2.281,1,-3.9997302229294354,2.9936023811000383,0.6317943177095017,0.28501583211262294
2.291,0,-4.00197422735862,-3.0001853627858126,0.6388301867934681,0.2918623652868441
2.291,1,-3.9997093809447657,2.993686411055798,0.6346461112812292,0.2855593171641278
2.301,0,-4.002005537884732,-3.000223887788725,0.641750120067762,0.2921940174450005
2.301,1,-3.999687201365521,2.993771126982491,0.6375034317409496,0.28611521224165826
2.311,0,-4.002038168930009,-3.0002614422314138,0.6446737981365823,0.29259148720121736
2.311,1,-3.999663588904432,2.9938561560284875,0.640366111718696,0.28663187999967477
2.321,1,-3.9996384615570344,2.99394111701388,0.6432335952014886,0.2870796586260586
2.321,0,-4.0020721647815485,-3.0002980382747912,0.6476017743248806,0.29306196567209114
2.331,0,-4.002107513156764,-3.00033365816702,0.6505349507848883,0.2936098336980964
2.331,1,-3.999611754906419,2.9940256278509545,0.646105327951328,0.2875051504883301
2.341,0,-4.002144139292771,-3.0003682529529336,0.6534732710894983,0.2940656850592805
2.341,1,-3.999583424596789,2.9941093111732107,0.648981078586052,0.28785523792096823
2.351,0,-4.002181909438792,-3.0004017446146523,0.6564151718556406,0.29434537451217074
2.351,1,-3.9995534515458857,2.994191800617961,0.6518594710946066,0.28804641516238366
2.361,0,-4.002220647150025,-3.00043403050463,0.6593592957305874,0.2945431838787841
2.361,1,-3.9995218434810926,2.9942727448594066,0.6547393027183666,0.28816890572938275
2.371,0,-4.002260148008322,-3.0004649888752706,0.6623052042195492,0.29469878535491095
2.371,1,-3.9994886361574924,2.994351810019595,0.6576202551489756,0.28825959139120183
2.3810000000000002,0,-4.00230018969864,-3.000494485529476,0.6652523076010701,0.2947829177022215
2.3810000000000002,1,-3.9994538957893604,2.994428683654353,0.6605018340310898,0.28828714489835233
2.391,1,-3.999417718045184,2.994503075967289,0.663383591898973,0.2883072461945059
2.392,0,-4.002340540985806,-3.000522378024,0.6682000794048699,0.2948524397165645
2.401,0,-4.00238096883088,-3.0005485178476077,0.6711490692430777,0.29503211393397005
2.401,1,-3.999380225128601,2.9945747188539626,0.6662659274649206,0.2883905684598442
2.41,0,-4.002421244836178,-3.000572757641485,0.6741005228653576,0.29531521877735023
2.41,1,-3.999341561302339,2.9946433734378215,0.6691494017962888,0.2885086794603043
2.4210000000000003,1,-3.999301882552882,2.9947088469256617,0.6720340352429262,0.28860487460620676
2.422,0,-4.00246115362127,-3.000594965975177,0.677055010832317,0.2956216009725659
2.431,1,-3.999261345752639,2.9947710044458167,0.6749195675811079,0.288684726396051
2.431,0,-4.002500499912861,-3.0006150377232905,0.6800126311719211,0.2959405596200762
2.441,0,-4.002539112973229,-3.000632900022884,0.6829734704223905,0.29625241515226164
2.441,1,-3.999220100583284,2.9948297747829313,0.6778058600083456,0.2887398232438963
2.451,0,-4.002576849528509,-3.0006485170296555,0.6859371999249427,0.29651299454102087
2.451,1,-3.999178284501602,2.994885154599182,0.6806924502299628,0.288733786913375
2.461,0,-4.00261359384238,-3.0006618892675823,0.6889041192396086,0.2969320388937728
2.461,1,-3.9991360187547342,2.9949372057253916,0.6835792230284288,0.2887980374586086
2.471,0,-4.0026492529700155,-3.0006730525881506,0.6918766393094167,0.2975807641932515
2.471,1,-3.999093406297324,2.9949860485597424,0.686467422120985,0.2889800752764552
2.481,1,-3.99905053278743,2.9950318626689008,0.6893576970464101,0.2891899759836544
2.481,0,-4.002683750840151,-3.0006820896729374,0.6948563250234085,0.2983334857569595
2.491,0,-4.0027170203971725,-3.0006891335223966,0.6978436287938564,0.29908327557023995
2.491,1,-3.9990074671627496,2.9950748802069223,0.6922499055482387,0.289349782729208
2.501,0,-4.002748997464252,-3.0006943669530064,0.7008380993944118,0.299764333779791
2.501,1,-3.9989642623884194,2.995115377956524,0.6951432139413477,0.28941075444146686
2.511,0,-4.002779617129095,-3.0006980204629228,0.7038381902011102,0.30018026377490764
2.511,1,-3.99892095640143,2.995153667220845,0.6980371299086899,0.2894980934866241
2.521,0,-4.002808814828975,-3.0007003680900857,0.7068409675382051,0.30036730134992057
2.521,1,-3.998877574818115,2.995190081967405,0.7009328763815246,0.28977282232929413
2.531,0,-4.002836529127573,-3.0007017173582398,0.709844993479495,0.3004367747225838
2.531,1,-3.9988341366369906,2.9952249686912054,0.7038323951281158,0.2902121701015498
2.542,0,-4.002862709868039,-3.0007024052386573,0.712849035607828,0.3003792833507986
2.542,1,-3.998790659353945,2.9952586771596854,0.706736735225551,0.29071421930546637
2.551,0,-4.002887322785231,-3.0007027924363148,0.7158517930196503,0.3001898162869046
2.551,1,-3.9987471623879576,2.9952915503315363,0.7096461168605078,0.291209795632473
2.561,0,-4.002910351347718,-3.000703257614938,0.7188522886506239,0.29995296630828194
2.561,1,-3.9987036693148346,2.995323916493247,0.7125604986867058,0.2917289665780122
2.571,1,-3.9986602092352794,2.9953560839271067,0.7154802261658557,0.2922510332819972
2.571,0,-4.00293179642403,-3.000704192591945,0.7218507849898342,0.299804899697685
2.581,0,-4.002951676894795,-3.000705994656002,0.7248485826074469,0.2997821182966799
2.581,1,-3.9986168176388674,2.995388337609569,0.7184046626554792,0.2926765413197748
2.591,0,-4.002970031482754,-3.000709050013475,0.72784674446593,0.2998764608297305
2.591,1,-3.99857353700373,2.9954209362684945,0.7213330860633499,0.29307293667164097
2.601,0,-4.002986917359768,-3.000713718991993,0.7308464758429352,0.3000692059854164
2.601,1,-3.9985304170734812,2.995454111194535,0.724265473044081,0.2934613411236238
2.61,0,-4.0030024100309864,-3.0007203239247966,0.7338482995074048,0.3002815591721371
2.61,1,-3.9984875145753347,2.9954880653155067,0.7272014969614237,0.2937997549237056
2.621,0,-4.003016601373558,-3.0007291421138134,0.7368522233339095,0.3004998167308682
2.621,1,-3.9984448927022895,2.9955229732926902,0.7301406460321396,0.29410915807842547
2.632,0,-4.0030295965372655,-3.000740404114936,0.7398587943663073,0.3008117011905999
2.632,1,-3.998402620582787,2.995558982954866,0.7330829965276269,0.2944240810925056
2.641,0,-4.003041513137967,-3.0007542928309556,0.7428689864262542,0.3012044183007424
2.641,1,-3.9983607703528476,2.9955962159700977,0.736028079879802,0.2946596506637571
2.651,0,-4.003052482718978,-3.0007709449226825,0.745883478893734,0.30167883659811795
2.651,1,-3.9983194099945374,2.9956347727445034,0.7389752790125137,0.2948724677863605
2.661,0,-4.003062650783366,-3.000790456769996,0.7489031404476875,0.30222035472986153
2.661,1,-3.9982785963311125,2.995674738320414,0.7419246258429232,0.29508159053947836
2.6710000000000003,0,-4.00307217698137,-3.0008128867632626,0.751928228005771,0.3027585028006555
2.6710000000000003,1,-3.9982383695988495,2.9957161847242877,0.7448757763333649,0.295235560813177
2.681,0,-4.003081233538399,-3.000838258991559,0.7549583025990632,0.30321545178503756
2.681,1,-3.9981987500536755,2.9957591724043375,0.7478272447531944,0.29511819583927834
2.691,0,-4.003089998299453,-3.0008665626330266,0.7579925983474547,0.3036339238484104
2.691,1,-3.9981597369397885,2.9958037488563263,0.7507757941263165,0.2947212931773801
2.701,1,-3.998121311950024,2.995849949025136,0.7537194250548631,0.29415691091588064
2.701,0,-4.003098639737456,-3.0008977441309486,0.7610310558457134,0.3040450493839287
2.7110000000000003,0,-4.003107304198421,-3.0009316948624223,0.7640733094631219,0.3043990570178664
2.7110000000000003,1,-3.9980834410082937,2.9958977899669508,0.7566565220471756,0.29343588415210026
2.721,0,-4.003116107167069,-3.000968247267865,0.7671189157933473,0.30474320193174786
2.721,1,-3.99804607635951,2.9959472684579684,0.7595857424307203,0.2926197423101234
2.731,1,-3.998009159132754,2.995998362076992,0.7625072179678846,0.29191176621522064
2.731,0,-4.003125128417379,-3.0010071758960994,0.7701680239821598,0.30509054136277447
2.741,0,-4.00313441461399,-3.0010482008185733,0.7732203516274545,0.3053913109837554
2.742,1,-3.9979726221639407,2.996051027734138,0.7654224003561823,0.2913364893552058
2.751,0,-4.00314399240906,-3.001091003074996,0.7762754944963324,0.3056798954736513
2.751,1,-3.997936394081461,2.9961051964226906,0.7683323775717961,0.29087715521357327
2.761,0,-4.00315388141908,-3.001135240368527,0.7793336359682925,0.3059832370859006
2.761,1,-3.9979004038062884,2.996160772668607,0.7712384045419504,0.29052512845620615
2.771,0,-4.003164103216263,-3.001180557247655,0.782394648324793,0.30625333579912384
2.771,1,-3.9978645835847697,2.996217633580174,0.7741411467270267,0.2902105609414374
2.781,0,-4.003174687660155,-3.001226594672467,0.7854579896140336,0.3064534947602148
2.781,1,-3.997828871309092,2.9962756301989923,0.777040640719045,0.2898744110978848
2.792,0,-4.003185677090784,-3.00127299787936,0.7885231740686179,0.3066598322244451
2.792,1,-3.99779321211128,2.996334590171533,0.779936684219112,0.289544305951081
2.802,0,-4.003197125916075,-3.0013194228528497,0.7915910472804107,0.30696786555511146
2.802,1,-3.9977575606578983,2.9963943230342327,0.7828297082935395,0.2892587732892052
2.808,1,-3.9977218865645785,2.99645462878463,0.7857198554375251,0.28896416450659757
2.809,0,-4.003209088968922,-3.0013655424675996,0.7946621939207498,0.30730073127660085
2.821,0,-4.003221609185015,-3.0014110526932893,0.7977367714680351,0.30766630577174564
2.821,1,-3.9976861795605516,2.9965153078066744,0.7886070148681397,0.2886806174905869
2.831,0,-4.003234709679807,-3.0014556762702007,0.8008154734358197,0.3081066155278638
2.831,1,-3.9976504524752916,2.9965761685209977,0.7914917126272926,0.288458433312835
2.841,0,-4.003248387746455,-3.0014991662405914,0.8038983157653606,0.3084591877723487
2.842,1,-3.997614742638292,2.996637032211056,0.7943746550237415,0.288350637519247
2.851,0,-4.00326261271176,-3.0015413081888385,0.8069837197865255,0.308647945911809
2.851,1,-3.9975791104461122,2.9966977379958504,0.7972576655173766,0.2884442009788879
2.861,0,-4.003277329926756,-3.0015819167489415,0.8100703988087211,0.3087207720223366
2.861,1,-3.9975436336016053,2.996758149847904,0.8001423976772813,0.288663568864674
2.872,0,-4.003292464665466,-3.001620833467683,0.813157174571522,0.3086745445034671
2.872,1,-3.997508400687576,2.9968181627213104,0.8030296592723798,0.2889311340622143
2.8810000000000002,1,-3.9974735059688955,2.9968777060815905,0.8059195612382157,0.28918197100700516
2.8810000000000002,0,-4.003307925745784,-3.001657924800692,0.8162428084374712,0.3085002579444995
2.891,0,-4.0033236090594055,-3.0016930783927207,0.819326805919726,0.3083919303400683
2.891,1,-3.997439045702375,2.996936744868584,0.8088124965306361,0.28957093254122296
2.901,0,-4.00333940050638,-3.0017261985940618,0.8224105428012332,0.3083982989418558
2.901,1,-3.9974051159654396,2.9969952780350315,0.811710852850674,0.2902374609532114
2.911,0,-4.003355173785367,-3.0017572110679103,0.825494221865994,0.3083709539383423
2.911,1,-3.997371810036708,2.997053331645161,0.8146171155751534,0.29110528166226673
2.922,0,-4.0033707781983665,-3.001786062186059,0.8285772895309815,0.30826852486995876
2.922,1,-3.997339216697427,2.9971109409192915,0.8175326262842382,0.292053306189177
2.931,1,-3.9973074194293474,2.997168133181324,0.8204575547950558,0.29297774347712796
2.932,0,-4.0033860259610705,-3.0018127187419843,0.8316586965246716,0.30804491992987343
2.941,0,-4.003400684725375,-3.001837166887183,0.8347371992291617,0.30769569486277665
2.942,1,-3.997276496183682,2.997224915864206,0.8233913740932619,0.29382944475608413
2.951,0,-4.003414474014589,-3.001859409780474,0.8378119995843001,0.30733472051639066
2.951,1,-3.9972465196728866,2.99728126870947,0.8263336018080591,0.29468542118118746
2.9610000000000003,0,-4.003427064335081,-3.001879464111041,0.8408837180303352,0.3070721777905307
2.9610000000000003,1,-3.997217558337,2.9973371392707095,0.8292849320168034,0.29563372938033333
2.972,0,-4.003438086586114,-3.0018973598447802,0.8439533008283386,0.3068832724252575
2.972,1,-3.997189675312997,2.9973924459353167,0.8322460760574135,0.29662593400641807
2.981,0,-4.003447154024479,-3.001913137358006,0.8470211364985981,0.30670952057112993
2.981,1,-3.9971629278057095,2.9974470896578302,0.8352170876589105,0.29759560315661215
2.991,0,-4.003453881459827,-3.001926842229475,0.8500874101217363,0.3065804191402637
2.991,1,-3.997137367636926,2.997500965053434,0.8381978099055415,0.2985797195715481
3.001,0,-4.003457898427141,-3.0019385205853584,0.8531527323124223,0.3065000529365387
3.001,1,-3.9971130421445715,2.9975539683321784,0.8411885670398033,0.29958329484669804
3.008,0,-4.003458862889716,-3.0019482190045035,0.8562170219628329,0.3063481406439484
3.008,1,-3.99708999216959,2.997606004768282,0.8441884621859271,0.30036554108162405
3.021,0,-4.003456470127445,-3.0019559854073377,0.8592791657628117,0.30610560842711165
3.021,1,-3.9970682509812456,2.997656993277131,0.84719462975038,0.30089303268224116
3.031,0,-4.003450451358486,-3.001961870492714,0.8623387616999447,0.3058343658989165
3.031,1,-3.9970478480106904,2.997706864782366,0.8502052642577559,0.3012676340189568
3.041,0,-4.003440578586334,-3.001965934329622,0.8653952712805101,0.3054933005487852
3.041,1,-3.997028807801112,2.997755563092293,0.8532188050057422,0.3014851847884826
3.051,0,-4.003426664855977,-3.0019682492770703,0.8684480801754861,0.3051104667868507
3.051,1,-3.9970111500405117,2.997803044625568,0.8562339021016961,0.3015961559698579
3.061,1,-3.9969948900398022,2.997849277568753,0.859249668209339,0.30161864458681586
3.061,0,-4.003408562161859,-3.001968900902083,0.8714968558367516,0.3046890030091457
3.071,0,-4.0033861608122905,-3.001967988766251,0.8745413500484399,0.30428115265448513
3.071,1,-3.9969800381537777,2.997894241828204,0.8622651077051884,0.3015310565325653
3.081,0,-4.0033593816008946,-3.001965621771896,0.8775828670597237,0.30412057238455537
3.081,1,-3.996966602161044,2.997937926651665,0.8652797874039428,0.3015099406638422
3.092,0,-4.003328175068094,-3.0019619110028444,0.8806243425378388,0.3042287823759809
3.092,1,-3.996954593047183,2.9979803258786686,0.8682951493755361,0.3016298037410694
3.101,0,-4.0032925327969,-3.0019569661199155,0.8836677211847517,0.3044790397631424
3.101,1,-3.9969440251875814,2.9980214380015924,0.8713120812417119,0.30180105768563287
3.111,0,-4.003252486479629,-3.001950889760238,0.886713862531399,0.30477597484463137
3.111,1,-3.996934918352773,2.998061264219136,0.874330685856899,0.3019533455444109
3.121,0,-4.003208104310991,-3.0019437732151872,0.8897628361173519,0.305045991951772
3.121,1,-3.996927299300275,2.9980998065333266,0.8773504867327909,0.3020314045717129
3.1310000000000002,0,-4.00315948630182,-3.0019356935697785,0.8928142931979894,0.3053046972500661
3.1310000000000002,1,-3.9969212023680143,2.998137066409015,0.8803706070485697,0.30203173971170727
3.141,1,-3.996916666697752,2.9981730442661743,0.8833904020182541,0.3019646596172202
3.141,0,-4.003106753859053,-3.0019267118013206,0.8958683230224075,0.30556557774562193
3.152,0,-4.003050039049688,-3.001916873349405,0.8989250829865874,0.3058874133544533
3.152,1,-3.9969137263188075,2.9982077417651882,0.8864094566113964,0.30190997026780003
3.161,1,-3.996912402531266,2.998241162931792,0.8894283967160246,0.30191890044061204
3.162,0,-4.002989470250736,-3.0019062081531405,0.9019856009760052,0.3063072047471571
3.171,0,-4.002925169709923,-3.001894732842792,0.905050430372963,0.3067520762246732
3.171,1,-3.996912695721818,2.9982733173348697,0.8924474650852089,0.30192414543088275
3.181,1,-3.9969145822202057,2.998304220598054,0.8954667169225581,0.30196726948743025
3.181,0,-4.0028572473391515,-3.0018824517746494,0.9081198371776891,0.30725042894725957
3.191,0,-4.00278579431493,-3.001869357697845,0.9111946185261309,0.3078315506747473
3.191,1,-3.9969180144481835,2.9983338934007597,0.8984870080128796,0.3021316514348033
3.201,1,-3.9969229247550926,2.9983623597353244,0.9015096730785254,0.30241161545469786
3.202,0,-4.002710885727751,-3.0018554342892783,0.9142753980559302,0.30845104941153767
3.211,0,-4.002632587973682,-3.0018406599735346,0.9173621771022733,0.30904356345075273
3.212,1,-3.9969292385250874,2.9983896415841316,0.9045353699810886,0.3027217883999043
3.221,0,-4.002550964385512,-3.001825011135828,0.9204546637507101,0.30962841379168676
3.221,1,-3.996936889435645,2.998415752125388,0.9075643298138631,0.30307528373228937
3.231,0,-4.002466077314281,-3.001808463988981,0.923553133636254,0.31024604720007787
3.231,1,-3.9969458309439556,2.998440690506111,0.9105971815264363,0.30348055214861663
3.241,0,-4.002377995053776,-3.001790997382873,0.9266574321726887,0.3107855429093967
3.241,1,-3.996956041131869,2.998464441012654,0.9136336754722423,0.30375360208481117
3.251,0,-4.0022867983202906,-3.0017725938827184,0.9297661790745515,0.31119362345582846
3.251,1,-3.9969675226262766,2.998486977649214,0.9166712742825895,0.30376036194814887
3.261,0,-4.002192581285549,-3.001753235072919,0.9328786396886966,0.31154781243998114
3.261,1,-3.996980300817912,2.9985082743561686,0.9197081349743427,0.3036212514021816
3.27,0,-4.00209546026832,-3.0017328988585583,0.9359940714247028,0.3118108701586035
3.27,1,-3.9969944160830524,2.9985283199029675,0.9227427734748846,0.3033299942135086
3.281,1,-3.997009917713824,2.9985471278804816,0.9257738954251298,0.3029515202383921
3.281,0,-4.001995577692433,-3.0017115573462676,0.9391116681519946,0.3120262436638122
3.291,0,-4.001893101236527,-3.0016891747344947,0.9422314025583343,0.31224722375160163
3.292,1,-3.9970268604101857,2.998564741756126,0.9288011359020004,0.30254984252082745
3.302,0,-4.001788227212473,-3.0016657083041767,0.9453527523430375,0.3123439921270833
3.302,1,-3.9970453004820388,2.9985812381428474,0.931824823155811,0.3022903491529762
3.311,0,-4.001681179322582,-3.001641112555269,0.9484739830704392,0.312284749915899
3.311,1,-3.997065294628409,2.9985967237457665,0.934847507663224,0.3022981902326712
3.321,0,-4.001572197435904,-3.0016153468034483,0.9515942186349742,0.3121630320880395
3.321,1,-3.997086890899948,2.9986113305087327,0.937871416588782,0.30252112792802327
3.331,0,-4.001461533126092,-3.001588385573012,0.9547126865176535,0.3119508010700613
3.331,1,-3.9971101244018468,2.998625206744829,0.940898554162946,0.3029092002025701
3.341,0,-4.001349444849565,-3.00156022531205,0.9578283961211908,0.3116327494289506
3.341,1,-3.9971350131606282,2.998638510370169,0.943929958571371,0.3033572927611062
3.351,0,-4.0012361928433355,-3.0015308877793574,0.9609403983207226,0.311239210045538
3.352,1,-3.997161557099053,2.998651402751377,0.9469660183837149,0.3038420635354158
3.361,0,-4.0011220353642525,-3.0015004212838345,0.9640478948631016,0.3107342099594969
3.361,1,-3.9971897375968193,2.9986640439384216,0.9500064744066422,0.304190658936276
3.371,0,-4.00100723054264,-3.001468896317095,0.9671494832446543,0.31008148841552396
3.371,1,-3.9972195159029917,2.998676588868835,0.9530487086338191,0.3042405795791771
3.3810000000000002,0,-4.000892043853633,-3.001436389685404,0.9702442155368921,0.3094265033316964
3.3810000000000002,1,-3.9972508414884347,2.9986891829520546,0.9560905119424914,0.304182016136965
3.391,0,-4.00077675550591,-3.0014029693957327,0.9733333149271284,0.30892744142025347
3.391,1,-3.997283659143821,2.9987019598133635,0.9591322057474295,0.3042027268370914
3.401,0,-4.000661666161496,-3.0013686878189016,0.976417883884572,0.3085013136170237
3.401,1,-3.997317908043426,2.9987150396785824,0.9621742398723405,0.30424165491367494
3.408,0,-4.000547098219224,-3.001333576276056,0.9794981437696454,0.3080517083721221
3.408,1,-3.997353522911725,2.9987285280513505,0.9652163559203807,0.30421612785935476
3.4210000000000003,0,-4.000433394808789,-3.001297641307221,0.9825736378955319,0.30755262461028426
3.4210000000000003,1,-3.9973904365402206,2.998742515251372,0.9682579726654104,0.3041735462118408
3.4290000000000003,0,-4.000320916414565,-3.0012608629547683,0.9856439055560564,0.3070007580389143
3.4290000000000003,1,-3.9974285826155054,2.9987570758165174,0.9712993810133639,0.3041637082747332
3.441,0,-4.0002100318477485,-3.0012231963679956,0.988708294676532,0.3063729122984129
3.441,1,-3.9974678944325635,2.9987722644877204,0.9743405856318491,0.3041312286518284
3.451,0,-4.000101108437815,-3.001184574505308,0.991765886802896,0.30563593437910935
3.451,1,-3.9975083046968622,2.998788113077862,0.9773810584901258,0.30402014263824373
3.461,0,-3.9999945043445653,-3.0011449110290824,0.994815520959592,0.30478079896709365
3.461,1,-3.9975497457960416,2.998804629169659,0.9804198238391332,0.3038023223011565
3.471,0,-3.9998905637751463,-3.001104102866205,0.9978561894779452,0.30385098994776233
3.471,1,-3.997592150171615,2.9988217963016393,0.9834556850010279,0.3034453093352093
3.481,0,-3.999789621502294,-3.0010620317959114,1.000889159466355,0.30330080882997007
3.481,1,-3.9976354499132634,2.998839577846967,0.9864883534194595,0.3032735029856625
3.491,0,-3.9996920135558396,-3.0010185690203435,1.0039197911032303,0.30327149575560064
3.492,1,-3.9976795751041254,2.9988579274575997,0.9895219730965837,0.30355439118148847
3.502,0,-3.9995980646162343,-3.0009735897758296,1.0069520568471968,0.3035490070977672
3.502,1,-3.9977244443926394,2.998876793913941,0.9925599254145168,0.30409041874771675
3.511,0,-3.999508084530236,-3.000926981111708,1.0099875009691446,0.30380500945405176
3.511,1,-3.997769961477867,2.9988961266210907,0.9956033058357858,0.30456518364631735
3.521,0,-3.999422362392781,-3.000878648563078,1.0130241081386324,0.3037970524365805
3.521,1,-3.997816013784046,2.9989158797608697,0.9986497462526857,0.30474368001752594
3.531,0,-3.9993411755630963,-3.000828514757202,1.0160589574028513,0.3034253886097605
3.531,1,-3.997862475097882,2.998936016958004,1.0016969072648765,0.3047620353466998
3.541,0,-3.999264780929614,-3.000776525278479,1.0190876117399967,0.30260602610159215
3.541,1,-3.9979092080712992,2.9989565116107655,1.004743884858048,0.3047111679903493
3.551,0,-3.9991934133010263,-3.0007226529060165,1.0221069872100326,0.3016342082703911
3.551,1,-3.9979560687289752,2.9989773415767127,1.007790638979429,0.30475740850903454
3.561,0,-3.999127279441273,-3.000666903067876,1.025116748802461,0.3006599376919788
3.561,1,-3.9980029115108895,2.998998484170118,1.0108388003677837,0.3049584259824987
3.571,0,-3.9990665360973097,-3.0006093237416076,1.0281166524772725,0.2996466067555387
3.571,1,-3.9980495928704043,2.999019911721431,1.013889359941381,0.3052180440851874
3.581,0,-3.9990112847367465,-3.000550007356386,1.0311065052290178,0.29865554527024457
3.581,1,-3.998095974451618,2.9990415893877755,1.0169428930102369,0.3055601189413276
3.592,0,-3.998961576441074,-3.0004890881361392,1.0340873754622217,0.29785986631008776
3.592,1,-3.998141925774916,2.999063473846905,1.0199995055445172,0.3057764844512288
3.601,0,-3.9989174147414563,-3.00042673692962,1.0370618668807423,0.2973192468371493
3.601,1,-3.998187331512103,2.9990855108579666,1.0230567405208442,0.3057188550711376
3.61,0,-3.9988787490917233,-3.0003631519564,1.0400321510631734,0.29699452984215313
3.61,1,-3.9982321032969876,2.9991076320320387,1.0261124604266798,0.3055159762946601
3.621,0,-3.9988454823151782,-3.000298545192151,1.0430002663160445,0.2968405897021478
3.621,1,-3.998276189664001,2.999129751860373,1.029165755705574,0.30523570842809084
3.6310000000000002,0,-3.998817472221686,-3.000233132849309,1.0459673492064059,0.29676028217298084
3.632,1,-3.9983195828789504,2.999151766181067,1.0322157371951985,0.3048583329081923
3.642,0,-3.998794537930518,-3.0001671271742945,1.0489337206782579,0.2966833060143404
3.642,1,-3.998362321867899,2.999173552158463,1.0352613361080139,0.30436726935932074
3.651,0,-3.9987764666762797,-3.000100730335158,1.0518990823569905,0.2965443770327772
3.651,1,-3.9984044916721757,2.9991949688551456,1.0383020731818002,0.30392490459155963
3.661,0,-3.9987630189247096,-3.000034131773872,1.05486243363741,0.2962878907719435
3.661,1,-3.9984462163460384,2.999215855609807,1.0413390833245557,0.3035933342440761
3.6710000000000003,0,-3.998753935881435,-2.99996750999612,1.057822563106684,0.2959086426911872
3.6710000000000003,1,-3.9984876442584487,2.9992360281555146,1.0443730164333958,0.3032939869321495
3.681,0,-3.998748946362438,-2.999901035475407,1.0607785780083647,0.29548999566755446
3.681,1,-3.9985289328337816,2.9992552751742205,1.0474042367047816,0.3030593305007356
3.691,0,-3.9987477727014125,-2.999834872951491,1.0637304151583464,0.2950638854781307
3.691,1,-3.9985702372028036,2.999273356653916,1.0504335190561924,0.30288618066807926
3.7,0,-3.9987501298527492,-2.9997691827014674,1.0666777669454368,0.2945906005286167
3.701,1,-3.998611702171846,2.999290005593908,1.0534611308679696,0.30271498883278447
3.7110000000000003,0,-3.9987557216618725,-2.9997041196482153,1.0696178045124376,0.29339315149948303
3.7110000000000003,1,-3.9986534556124402,2.9993049344731544,1.0564846949299904,0.3018728267656348
3.721,0,-3.998764221457507,-2.999639825312337,1.0725370621157246,0.29066638965817015
3.722,1,-3.9986955999883924,2.999317858839846,1.0594914507671989,0.2995736115108814
3.732,0,-3.9987753163110913,-2.9995764283826154,1.0754229585403785,0.2868928297214391
3.732,1,-3.9987382113801138,2.9993284935421203,1.0624693794740991,0.2962717501826461
3.743,0,-3.9987887174378787,-2.999514042639651,1.078266606198768,0.28230707526220383
3.743,1,-3.9987813389352875,2.999336557540621,1.0654103298394177,0.2922905922016494
3.751,0,-3.998804154646047,-2.9994527628746983,1.0810605720217266,0.2770661242115631
3.751,1,-3.998825004039194,2.9993417832560603,1.0683087764786308,0.28783824924254076
3.762,0,-3.9988213787247213,-2.9993926648923273,1.0837998577687313,0.2714754782608484
3.762,1,-3.998869199624795,2.9993439270645434,1.0711598422684205,0.2828367936275714
3.771,0,-3.998840160816665,-2.9993338049112617,1.0864829191993337,0.26584003760351516
3.771,1,-3.9989138910825064,2.999342778107048,1.073957649220326,0.27727727337258035
3.781,0,-3.9988602805636995,-2.999276210153399,1.089109715851418,0.26023469722694004
3.781,1,-3.998959023178836,2.99933815048746,1.0766978612440992,0.27139224406548523
3.791,0,-3.9988815162796825,-2.9992198702788153,1.0916808983733282,0.25470777399901356
3.791,1,-3.9990045263938296,2.999329880087475,1.079378177061337,0.2653350439012547
3.801,0,-3.9989036388497397,-2.9991647324170563,1.0941972250965926,0.24925482398815713
3.801,1,-3.9990503212607913,2.9993178267695435,1.0819973154785498,0.25918258695266466
3.815,0,-3.998926408821636,-2.9991106998115655,1.096659592400448,0.24391522513883868
3.815,1,-3.9990963221016984,2.999301873889868,1.084554747458272,0.25302132498939595
3.821,0,-3.9989495752517827,-2.999057632597097,1.0990690781499857,0.23863144389866722
3.821,1,-3.9991424400361852,2.9992819259732633,1.0870508707342474,0.24693747012787062
3.83,0,-3.998972876734231,-2.999005351247709,1.1014249774925546,0.23321048425473984
3.83,1,-3.9991885832240754,2.9992579095514222,1.0894870103397782,0.2410196610651825
3.84,0,-3.9989960511969485,-2.9989536570799715,1.1037262697431205,0.22773685158093174
3.84,1,-3.9992346486467696,2.999229786563902,1.0918648511498406,0.23527837286102463
3.851,0,-3.999018846913111,-2.9989023561985535,1.1059729046409483,0.22228063588255936
3.851,1,-3.9992805114585823,2.9991975689641186,1.0941862165385972,0.22971275847720438
3.861,0,-3.9990410303622883,-2.998851275875094,1.1081651575569658,0.21686057739051737
3.861,1,-3.999326018177766,2.9991613290963586,1.096452663998894,0.22428986227395195
3.871,0,-3.9990623916926498,-2.998800275894235,1.110303464503447,0.21148929560070248
3.871,1,-3.99937098329067,2.9991212036343846,1.0986654754979552,0.2189851687789745
3.8810000000000002,1,-3.999415188379002,2.999077392712083,1.1008259356408512,0.2138357197001304
3.8810000000000002,0,-3.999082748021172,-2.9987492555450643,1.1123884715343406,0.20620694388203223
3.891,0,-3.9991019443661693,-2.998698154104452,1.1144213387645594,0.2010473650538318
3.891,1,-3.999458385620706,2.9990301556849683,1.1029358858349787,0.20887149239197042
3.901,0,-3.999119853433008,-2.9986469422767166,1.1164031767791132,0.19599045462076198
3.901,1,-3.999500309983414,2.998979810397807,1.1049969447824786,0.2040515196029076
3.911,1,-3.999540691280325,2.9989267277054537,1.1070105389082654,0.19938179651701984
3.912,0,-3.9991363739715484,-2.9985956123233057,1.1183350973261044,0.19106090752616833
3.9210000000000003,0,-3.9991514286664627,-2.9985441702746423,1.120218446354543,0.18626094690618203
3.9210000000000003,1,-3.9995792630400246,2.9988713243408887,1.1089781916899404,0.1948539595142529
3.931,0,-3.9991649628738175,-2.998492630061184,1.1220544045747953,0.18157080249275925
3.931,1,-3.9996157700410286,2.9988140572428694,1.1109011736223984,0.19044032743076103
3.941,0,-3.999176943275247,-2.9984410090931592,1.1238436336494448,0.17688421141374072
3.941,1,-3.9996499744492597,2.9987554166775525,1.1127801497053507,0.18602255537555948
3.951,0,-3.9991873559886244,-2.9983893255379,1.1255855490379156,0.17212622789057905
3.951,1,-3.9996816636282677,2.9986959151384944,1.1146144078992515,0.18151691045794038
3.9610000000000003,0,-3.999196198787486,-2.9983375973338644,1.1272796832013883,0.16733963936250343
3.9610000000000003,1,-3.999710654790528,2.9986360652247877,1.1164033382107887,0.17696711877178084
3.971,0,-3.9992034753272714,-2.9982858420528995,1.1289259684359447,0.16257051471546663
3.971,1,-3.9997368005778724,2.998576361663734,1.1181467594992665,0.1724236082066575
3.981,0,-3.999209190946305,-2.9982340768291413,1.1305249078655997,0.15786801006295567
3.981,1,-3.9997599921765965,2.998517268972681,1.1198450830428108,0.16793622442697642
3.991,0,-3.999213350566078,-2.9981823183377667,1.1320771548204134,0.1532296065129736
3.991,1,-3.999780162091771,2.9984592127313943,1.1214988781814255,0.16350364487559585
4.001,0,-3.999215956693124,-2.9981305827449023,1.1335835478041165,0.1487149707754665
4.001,1,-3.999797283742004,2.9984025740347855,1.1231089385196493,0.15919546276983676
4.011,0,-3.999217007267867,-2.9980788856927574,1.1350459498972614,0.14440990598733602
4.012,1,-3.9998113660256966,2.9983476889935767,1.124677224814547,0.15510759551750933
4.021,1,-3.999822450914122,2.998294849696876,1.126205686778365,0.15119153224864615
4.021,0,-3.999216498446788,-2.9980272424418333,1.1364662360301956,0.14027304583497063
4.032,0,-3.99921442685709,-2.997975667969342,1.1378458725549243,0.13626751526193906
4.032,1,-3.9998306078617905,2.9982443071622136,1.1276958054284478,0.14740576806160569
4.041,0,-3.999210789986114,-2.9979241770222242,1.139186389212675,0.13245521795580004
4.041,1,-3.9998359263528616,2.9981962759357854,1.1291490815477814,0.14380837659564794
4.051,0,-3.9992055860704445,-2.9978727841579094,1.1404899467981555,0.12885067963646762
4.051,1,-3.999838509291715,2.998150938994993,1.1305676167371628,0.14041175103528095
4.062,0,-3.9991988165347605,-2.9978215037535025,1.141758154716409,0.12536176916841257
4.062,1,-3.9998384717515654,2.9981084484115774,1.1319531829488971,0.13718070773929741
4.071,0,-3.999190485065794,-2.9977703513484575,1.1429917147688216,0.121914115504382
4.071,1,-3.9998359388485296,2.998068928802703,1.1333071687908636,0.13405575066283648
4.081,0,-3.999180592316481,-2.9977193472640318,1.1441908310192204,0.11848060682019124
4.081,1,-3.9998310466539313,2.9980324814998665,1.134630319470111,0.13099218380412164
4.091,0,-3.9991691310059267,-2.99766851974463,1.1453556986954174,0.1150713584006096
4.091,1,-3.999823941379069,2.997999190418265,1.1359231776516059,0.1279784029939862
4.101,0,-3.9991560832481006,-2.9976179067887876,1.146486600201936,0.11169371719161064
4.101,1,-3.9998147788587204,2.997969125975521,1.1371862178092351,0.12501188630916885
4.111,1,-3.999803723559192,2.997942348273607,1.1384200007801701,0.12212007353061512
4.111,0,-3.9991414191169703,-2.997567557003641,1.1475839921921371,0.10838377305124648
4.121,0,-3.999125095319765,-2.9975175297663106,1.148649056898383,0.10524311825417136
4.121,1,-3.9997909454670855,2.9979189127871586,1.1396262197620846,0.11950869049538353
4.131,0,-3.999107056237701,-2.9974678915426862,1.149683871081691,0.10231155847007589
4.131,1,-3.9997766138529722,2.99789887415407,1.1408082796714805,0.11722802482504281
4.141,0,-3.99908724011879,-2.997418704417786,1.1506902957252525,0.09955597491865079
4.141,1,-3.999760888523269,2.9978822796102085,1.141968994826415,0.11520057830498727
4.151,0,-3.999065583543596,-2.9973700152386087,1.1516699462989102,0.09694559214440837
4.151,1,-3.9997439078506956,2.9978691699097713,1.1431105727214566,0.11336534263482459
4.161,0,-3.9990420250405796,-2.9973218482420854,1.1526240678626238,0.09444562964814002
4.161,1,-3.9997257807110307,2.997859579890671,1.1442345964507674,0.11166547399984127
4.171,0,-3.9990165072600297,-2.9972742007471727,1.1535536916672728,0.09205045400287652
4.171,1,-3.99970658139372,2.997853539707438,1.145342258626736,0.11008068344778213
4.181,0,-3.9989889787214445,-2.9972270412086957,1.1544597257538585,0.0897242913024299
4.181,1,-3.99968634797385,2.997851073273875,1.1464339085683597,0.10840308766698635
4.191,0,-3.9989593990335948,-2.997180310690669,1.1553426225161672,0.08743597136141486
4.191,1,-3.9996650867048253,2.9978521895506147,1.1475072428639166,0.10646522264899808
4.201,1,-3.9996427783568405,2.997856886998205,1.1485601595818402,0.10435593865381544
4.202,0,-3.998927747419337,-2.9971339290557277,1.1562027307388594,0.0851828126847556
4.208,0,-3.998894030130557,-2.997087801236831,1.1570404512623027,0.08298110850568143
4.209,1,-3.999619387426567,2.997865150212161,1.1495913605784343,0.10215498301491212
4.221,1,-3.9995948697220722,2.9978769460066808,1.1506002255135606,0.09991085349852949
4.222,0,-3.998858284765809,-2.997041822290953,1.1578563390643242,0.08083480521379084
4.231,1,-3.9995691774363693,2.997892222515584,1.1515871013523082,0.09782358996835024
4.232,0,-3.998820583616351,-2.996995881443275,1.158650483845683,0.07862924267453245
4.241,0,-3.9987810336722833,-2.996949866904634,1.1594215274439683,0.07627088150708382
4.241,1,-3.999542261682472,2.9979109114500924,1.15255473899844,0.09603310895964963
4.251,0,-3.998739765780046,-2.9969036726367904,1.1601682090198604,0.07381164530945426
4.251,1,-3.999514080324583,2.9979329117066964,1.1535055130924559,0.09444254954226232
4.2620000000000005,0,-3.998696925799686,-2.996857204012255,1.160889750897984,0.07129429855865578
4.2620000000000005,1,-3.9994846019593266,2.997958083275594,1.1544410568068062,0.09299119466667685
4.271,1,-3.9994538075643087,2.9979862467943583,1.1553627080835704,0.09169526030977329
4.272,0,-3.9986526679115357,-2.9968103814252873,1.1615860863114413,0.06883466198929435
4.281,0,-3.998607149266658,-2.9967631422801673,1.1622582406506685,0.06648566318942797
4.281,1,-3.9994216905161375,2.998017186216293,1.1562723865090232,0.09059570723612327
4.291,0,-3.9985605269291806,-2.99671544193079,1.162908186649134,0.06446876168784817
4.291,1,-3.9993882603727378,2.998050643881483,1.1571700403761787,0.08922770124524114
4.301,0,-3.9985129566158144,-2.996667251492252,1.1635401440032247,0.06286217958897548
4.301,1,-3.999353542435332,2.998086323898403,1.1580511229783386,0.08739071612181686
4.311,0,-3.9984646015797822,-2.996618554913355,1.1641572600130008,0.061485319011877135
4.311,1,-3.9993175607808835,2.9981239230236207,1.158911626314625,0.08518885132976049
4.321,0,-3.998415637017291,-2.996569344582994,1.1647612023396454,0.0602412928122011
4.322,1,-3.999280329106445,2.9981631458701106,1.1597483179201253,0.0827100190500719
4.331,0,-3.9983662514037404,-2.9965196172456245,1.165353095881251,0.05909251732631082
4.332,1,-3.9992418446240245,2.99820371540212,1.1605589886450156,0.08005198692102446
4.341,0,-3.9983166471245344,-2.9964693711578305,1.1659338977926361,0.05804669745057998
4.341,1,-3.99920208472756,2.998245379390388,1.1613423721073841,0.07731650133957534
4.351,0,-3.9982670401749556,-2.9964186044722565,1.1665040367350024,0.05692747831008623
4.351,1,-3.999161003568872,2.9982879153373134,1.1620994037735306,0.07491164627084958
4.361,0,-3.9982176588193092,-2.9963673163760767,1.1670615240668545,0.05558002242223439
4.361,1,-3.9991185309876984,2.9983311276907645,1.162835744310191,0.07311670396522596
4.371,0,-3.9981687420685197,-2.996315508618622,1.1676045897285925,0.054096449438335914
4.371,1,-3.9990745906540304,2.998374824524089,1.163556463800949,0.0717560081823528
4.381,0,-3.9981205386810723,-2.996263188298149,1.1681322469226374,0.05253608302439464
4.381,1,-3.9990291124912796,2.99841879971391,1.1642652067457293,0.07070313039808779
4.391,0,-3.9980733055585835,-2.99621037004552,1.1686439193879816,0.05093031619047914
4.391,1,-3.9989820403398024,2.9984628219143117,1.1649644974371176,0.06986061215178593
4.401,0,-3.998027305873082,-2.996157077119674,1.1691393555608949,0.049314337937785516
4.401,1,-3.9989333367386437,2.998506628125986,1.165656120772379,0.06917404160643685
4.411,0,-3.997982807695502,-2.996103341576247,1.169618975147,0.04780740935490307
4.411,1,-3.9988829869016276,2.998549921356727,1.1663407060466795,0.06839251260791977
4.421,0,-3.9979400851272016,-2.9960492036348363,1.170084601085858,0.046491658685115546
4.421,1,-3.9988310055721272,2.9985923760862363,1.1670151634668549,0.06722923719012092
4.431,0,-3.99789941868848,-2.9959947114544274,1.170537856139675,0.04531046040841461
4.431,1,-3.9987774337238258,2.9986336499709676,1.167676339438104,0.06580336774519083
4.441,0,-3.9978610969273496,-2.995939919899055,1.1709799074600855,0.04422773252095633
4.441,1,-3.998722338707301,2.9986733965022268,1.1683221300325903,0.06420481804913128
4.451,0,-3.9978254171329453,-2.9958848891201457,1.1714116229119158,0.043217206611609965
4.451,1,-3.9986658151908596,2.998711275260686,1.1689511773374577,0.06249497652883342
4.461,0,-3.9977926847264285,-2.995829683252852,1.17183363289533,0.04225863172218954
4.461,1,-3.9986079847648517,2.9987469596523137,1.169562612013457,0.06071404034917078
4.471,0,-3.9977632119401254,-2.9957743692177994,1.17224644746119,0.04135131578908066
4.471,1,-3.998548993678535,2.9987801407969252,1.1701565430593959,0.05904555868851371
4.481,0,-3.997737311454074,-2.9957190155358977,1.1726506245147708,0.040495994579270604
4.481,1,-3.998489008697475,2.9988105292032445,1.1707348480071447,0.05756863159686953
4.491,0,-3.9977152785362318,-2.9956636910451566,1.1730466113006672,0.039679374548271654
4.491,1,-3.9984282138799965,2.9988378641974345,1.1712991286590502,0.05622489603681794
4.501,1,-3.998366804794994,2.9988619181529885,1.171850464803768,0.054964075010622705
4.501,0,-3.9976973742756123,-2.995608463672895,1.173434698121017,0.038882712736136096
4.511,0,-3.9976838141365447,-2.995553399410741,1.1738149705757588,0.03809353002093348
4.511,1,-3.9983049833484925,2.9988824982931157,1.172389479769863,0.05375186642384518
4.521,0,-3.9976747614965906,-2.995498561572795,1.1741873974226533,0.03729133718035007
4.521,1,-3.9982429534421247,2.998899446727926,1.1729165143024423,0.05255458772008934
4.531,0,-3.997670323041695,-2.9954440124708896,1.1745516695807101,0.0364608552955158
4.531,1,-3.998180917221333,2.9989126405399267,1.1734315392832224,0.051348375622807266
4.541,0,-3.997670548443059,-2.9953898201061597,1.1749075780932285,0.035627896382834576
4.541,1,-3.9981190713059553,2.998921989598903,1.1739345433895179,0.05015145530684002
4.551,0,-3.997675431140621,-2.995336064527671,1.1752551832155027,0.034811015614379
4.551,1,-3.9980576038454543,2.998927434493747,1.1744257223261207,0.04897752901765143
4.561,0,-3.997684909134857,-2.995282841599706,1.175594587353756,0.0340085243184946
4.561,1,-3.9979966923293255,2.998928945511751,1.1749052714842951,0.04782190567915894
4.571,0,-3.9976988682100347,-2.995230264858176,1.1759259160804798,0.033227407237446244
4.571,1,-3.9979365020476956,2.998926520447559,1.1753733804161464,0.046690019045499465
4.581,0,-3.9977171461964605,-2.9951784658700893,1.176249304689132,0.03245213091941664
4.581,1,-3.9978771853162796,2.9989201816544564,1.175830391074854,0.04560616636539453
4.5920000000000005,0,-3.9977395385677634,-2.9951275924876066,1.1765646371699487,0.03166438507622596
4.5920000000000005,1,-3.9978188829189096,2.9989099756350037,1.1762768328965505,0.04457424377304366
4.602,0,-3.99776581068969,-2.9950778049174867,1.176871818464418,0.030875734218492077
4.602,1,-3.997761728606806,2.9988959773768515,1.1767131531711168,0.0435864777871095
4.611,0,-3.99779570897539,-2.995029271397334,1.1771708866468575,0.030094407940961857
4.611,1,-3.997705853485226,2.9988782927402218,1.1771397660005594,0.04263808379064624
4.62,0,-3.9978289689711692,-2.994982164266372,1.1774618993508903,0.02931869064532101
4.62,1,-3.997651388793705,2.9988570593434796,1.1775569915148332,0.041718375816075556
4.632,0,-3.9978653219862887,-2.9949366567098403,1.1777449081802416,0.028547628840388105
4.632,1,-3.9975984675996155,2.9988324456863014,1.1779650632505867,0.04081968009191042
4.641,0,-3.997904501011448,-2.994892920450817,1.1780201590090638,0.027831642143569597
4.641,1,-3.9975472256745577,2.998804649062496,1.1783641733524064,0.039941325404453436
4.651,0,-3.9979462492547126,-2.994851125071523,1.178288562300423,0.027209099088220452
4.651,1,-3.9974978011551903,2.9987738900887293,1.1787545324880835,0.03908268534877552
4.661,0,-3.99799033085307,-2.9948114366355876,1.1785509150178852,0.026650737221922297
4.662,1,-3.9974503321903723,2.9987404014925763,1.1791363067593075,0.03823771022579044
4.671,0,-3.9980365423192694,-2.9947740176028708,1.1788077993656105,0.026143543667535372
4.671,1,-3.997404954526177,2.9987044168888106,1.1795096437976786,0.03740903770198342
4.681,0,-3.9980847202475913,-2.994739026858409,1.1790596962455782,0.02567682678055936
4.681,1,-3.9973617996451254,2.9986661624331656,1.179874726137601,0.0365964794192926
4.691,1,-3.9973209930560474,2.9986258511901536,1.1802316959238082,0.03579523278940266
4.691,0,-3.9981347452661993,-2.9947066192074336,1.1793069515597994,0.025239047477698603
4.7,1,-3.9972826528110876,2.998583679418774,1.1805805576201556,0.034976474010527454
4.7010000000000005,0,-3.998186541657205,-2.99467694231797,1.1795488839936148,0.024605531092456077
4.711,0,-3.998240071314459,-2.9946501330937676,1.1797825325906843,0.023688549022916748
4.711,1,-3.9972468872899145,2.99853982639382,1.1809209615294962,0.034119570210436066
4.721,0,-3.9982953287294007,-2.9946263272923543,1.1800055005312593,0.02258710176065128
4.721,1,-3.997213793412757,2.998494458201099,1.1812526059093984,0.0332387435715712
4.731,0,-3.9983523312635323,-2.9946056621696666,1.180216215123629,0.021375381121078806
4.731,1,-3.9971834545334795,2.998447732702334,1.181575329489101,0.03234972277668051
4.741,0,-3.9984111108854066,-2.994588276929375,1.1804137239362622,0.020106944266837762
4.741,1,-3.9971559390578935,2.9983998031781334,1.181889109495525,0.031461658230116665
4.751,1,-3.9971312995375183,2.9983508208536502,1.1821939626765148,0.0305767101333286
4.751,0,-3.9984717076437586,-2.9945743122640045,1.1805974497988194,0.018815399347313237
4.761,0,-3.998534165856538,-2.9945639116105602,1.1807675819253558,0.017656520256263988
4.761,1,-3.997109573119537,2.998300936110456,1.182490121467902,0.02974852940737972
4.771,1,-3.997090782784476,2.9982502971568343,1.1827785131501827,0.029020526262608853
4.772,0,-3.9985985345418875,-2.994557223951923,1.180926264042313,0.0167465143492534
4.781,0,-3.9986648651030627,-2.994554391312191,1.1810755028541176,0.016022353538760078
4.781,1,-3.9970749340719935,2.99819904584258,1.1830600115940728,0.028368248099752354
4.791,0,-3.9987332126027053,-2.994555541977856,1.18121672367066,0.015437281853175047
4.791,1,-3.997062013819794,2.998147312711926,1.1833352423666568,0.027768892834697
4.801,1,-3.9970519905520447,2.998095213430481,1.1836046588036833,0.02721172634301982
4.801,0,-3.998803637315189,-2.99456078754733,1.181350953350814,0.014963899807344165
4.811,0,-3.99887620626702,-2.9945702229739823,1.1814793999070372,0.014679908746210238
4.811,1,-3.997044815078894,2.99804284666949,1.183868509769723,0.02665635243204838
4.821,0,-3.9989509911465704,-2.9945839282495705,1.1816044877220864,0.014634802694631995
4.821,1,-3.997040418963775,2.997990294289419,1.184126533322502,0.02607008906395382
4.831,0,-3.9990280508011256,-2.9946019562379678,1.1817282413322752,0.014756328100509123
4.831,1,-3.997038712061889,2.9979376245810343,1.1843784834726232,0.02546960279186435
4.841,0,-3.999107417351521,-2.9946243273457394,1.1818520823680463,0.014992812572633341
4.841,1,-3.997039579420991,2.9978848960729083,1.1846242601311465,0.024864877898930875
4.851,1,-3.9970428795974526,2.9978321604913187,1.1848638185526346,0.02425928449223126
4.852,0,-3.9991890877394085,-2.9946510278432488,1.1819769689373176,0.015304785994915646
4.861,1,-3.997048444739728,2.9977794649465936,1.1850971437064184,0.023655002372708494
4.861,0,-3.999273019071275,-2.9946820098924314,1.1821035294947548,0.01566396082280207
4.871,0,-3.9993591271513167,-2.994717193025698,1.1822322090592259,0.016058513019410043
4.871,1,-3.997056082222004,2.9977268535590964,1.1853244242542589,0.023096562044263257
4.881,0,-3.999447291742914,-2.994756468674089,1.1823633995276046,0.016476632900741982
4.881,1,-3.9970655767438505,2.9976743691360555,1.1855463003634352,0.02260101703956366
4.891,0,-3.9995373705226585,-2.9947997080488817,1.182497347167817,0.016903691927060052
4.891,1,-3.997076690693574,2.99762205525178,1.1857632974042238,0.0221482237693749
4.901,0,-3.999629212807154,-2.9948467702459136,1.1826341921201229,0.0173330409383967
4.901,1,-3.9970891662243737,2.9975699578824138,1.1859757950642764,0.021728021065819905
4.911,1,-3.9971027280093887,2.9975181263998794,1.1861841011092389,0.021331936507006224
4.911,0,-3.9997226697479498,-2.9948975086239726,1.1827740350864855,0.017760283200281852
4.921,0,-3.999817601448855,-2.9949517753177606,1.1829169103561437,0.018179850421178482
4.921,1,-3.9971170861414467,2.9974666140503206,1.1863884339181705,0.02095103209024981
4.932,0,-3.9999138818112123,-2.9950094248535977,1.1830628281104085,0.0185950809691515
4.932,1,-3.9971319392349827,2.9974154779925146,1.1865889308526265,0.02057604667765292
4.941,0,-4.000011398311013,-2.9950703173288313,1.183211868425983,0.019008889130075465
4.941,1,-3.997146979192891,2.9973647771681464,1.186785642276979,0.020200605053177
4.9510000000000005,0,-4.000110043131134,-2.995134320827419,1.1833640672203214,0.019415557208895703
4.9510000000000005,1,-3.9971618994162146,2.9973145660596576,1.1869785944696867,0.01982400056702185
4.961,0,-4.000209704087489,-2.9952013135091677,1.183519402624557,0.01981105928607136
4.961,1,-3.997176402535008,2.997264888664142,1.1871678074604743,0.01944610631806919
4.971,0,-4.000310258583791,-2.995271184973408,1.1836778339910545,0.020195833238914968
4.971,1,-3.9971902060941624,2.9972157744781787,1.1873533119507127,0.01907067682276445
4.981,0,-4.000411570227668,-2.995343838302491,1.1838398251852926,0.020663809497846866
4.981,1,-3.997203046379366,2.997167236432193,1.1875352002901876,0.018706432339765832
4.991,0,-4.000513485012814,-2.995419191597307,1.1840069917530658,0.021250125022840252
4.991,1,-3.997214679057017,2.9971192755468565,1.1877136224468148,0.01835482268349818
5.001,0,-4.000615823660529,-2.995497172698076,1.1841806090029747,0.021913221341334846
5.001,1,-3.997224875805419,2.997071895573617,1.1878887065767116,0.018014880246493916
5.011,0,-4.000718377153424,-2.995577717897217,1.18436151714977,0.022623549207766974
5.011,1,-3.997233420706101,2.9970251163933654,1.188060575666813,0.017684810258317273
5.021,0,-4.000820905161324,-2.995660771212455,1.1845502333830866,0.023359786927567325
5.021,1,-3.997240107795522,2.996978982757746,1.188229317562725,0.017361007123471935
5.031,1,-3.99724473939946,2.996933569513738,1.1883949955729056,0.017042418190880777
5.032,0,-4.000923136329722,-2.9957462836323328,1.1847470479681552,0.024106232972497876
5.041,0,-4.001024770628444,-2.995834210381412,1.1849513278249777,0.02468018932774104
5.041,1,-3.9972471253248694,2.9968889839408,1.1885576229378763,0.016715598168762648
5.051,0,-4.001125489267724,-2.995924504321967,1.1851597297975702,0.02494144843297906
5.051,1,-3.9972470870138945,2.9968453644043573,1.1887170245311356,0.016369193862549793
5.061,0,-4.001224972079164,-2.996017119003695,1.1853692910865596,0.02498043938840522
5.061,1,-3.9972444701191807,2.996802875001101,1.188873031582268,0.016007412625827746
5.072,0,-4.001322914127049,-2.9961120054667276,1.1855779618704685,0.024866382501032302
5.072,1,-3.9972391566878245,2.996761699345384,1.1890255260960567,0.015638480248635192
5.081,0,-4.00141903766237,-2.996209108633348,1.185784374399276,0.024649358325261356
5.081,1,-3.997231072677695,2.9967220352201918,1.189174473272435,0.015269167535555265
5.091,0,-4.001513100211108,-2.996308365004003,1.1859876144476982,0.024362667697637074
5.091,1,-3.997220192130529,2.9966840898526645,1.1893198788622064,0.014902326439110809
5.101,1,-3.997206536448053,2.9966480772395827,1.1894625180404048,0.014716351032100372
5.101,0,-4.001604898877329,-2.99640970209936,1.1861873370475746,0.024083460533012316
5.111,0,-4.001694270405894,-2.9965130388168766,1.1863840720391683,0.023850951317895917
5.111,1,-3.9971901699400982,2.9966142155117326,1.1896050043091706,0.014785576099045447
5.121,0,-4.001781090067366,-2.9966182833519044,1.1865783364209523,0.02365127331432521
5.121,1,-3.9971712021263874,2.9965827151126674,1.1897494836001734,0.015031549950629552
5.131,0,-4.001865268160822,-2.9967253332184542,1.1867704785558912,0.023471013969372317
5.131,1,-3.9971497831210168,2.9965537714040402,1.18989739504028,0.015394725701069754
5.141,0,-4.001946746224678,-2.996834076082083,1.1869607120116803,0.023303815644043966
5.142,1,-3.997126097632729,2.996527560236676,1.1900496786489037,0.015838324907308757
5.149,0,-4.002025493239832,-2.9969443909970983,1.1871492074362782,0.023146767834206872
5.149,1,-3.9971003590694343,2.99650423529533,1.19020697536105,0.016337145814271425
5.161,0,-4.002101503348366,-2.9970561489237943,1.1873356790953447,0.02290834562127729
5.161,1,-3.997072805030163,2.9964839252954305,1.1903692964547588,0.016767084767482454
5.171,0,-4.0021747945116015,-2.997169210815397,1.1875184458410761,0.022524270520733386
5.171,1,-3.9970436965911116,2.9964667321769127,1.1905351530911101,0.017038405356982343
5.181,0,-4.002245398837714,-2.9972834257764185,1.1876960697497272,0.022044952037285282
5.181,1,-3.9970133193642385,2.9964527415934907,1.1907032048045956,0.017200482329912704
5.191,0,-4.002313357136944,-2.9973986271242663,1.1878675898387892,0.02150286667869092
5.191,1,-3.996981987292083,2.9964420295126164,1.1908725185369935,0.01728512510726301
5.201,0,-4.002378715670823,-2.9975146299345394,1.1880323590627937,0.020919468234997584
5.201,1,-3.9969500442604087,2.9964346659032706,1.1910424291410662,0.01731361729211531
5.211,0,-4.00244152358111,-2.9976312303701396,1.1881899584486826,0.020311044364373337
5.211,1,-3.9969178633734455,2.996430717373782,1.1912124680074214,0.01730318934925194
5.221,0,-4.002501830191115,-2.9977482064971737,1.188340452422728,0.01974435350898593
5.221,1,-3.996885844247537,2.9964302491285326,1.1913823895931466,0.01728304343184771
5.231,0,-4.002559684092832,-2.9978653210012145,1.1884847554475335,0.01924364295786668
5.231,1,-3.996854403036805,2.9964333231538403,1.1915522125531082,0.01726694931923922
5.241,0,-4.002615138361505,-2.99798232601392,1.1886236472314835,0.018785108200892412
5.241,1,-3.9968239512167227,2.9964399896518894,1.1917219673797443,0.017254281423758483
5.251,1,-3.996794876177441,2.996450279904228,1.1918916694520927,0.017244211332216746
5.251,0,-4.002668253265983,-2.9980989685853716,1.1887576825214885,0.018351842958771774
5.261,0,-4.002719097618596,-2.9982149952783472,1.1888872419523882,0.017931692617715565
5.261,1,-3.9967675276247006,2.996464201880742,1.1920613058736234,0.017235770754912737
5.271,0,-4.002767748680687,-2.998330155747405,1.1890128496101566,0.01756173197734983
5.271,1,-3.9967422085402466,2.9964817377956576,1.1922307774593381,0.017210811783525168
5.281,0,-4.002814290062717,-2.998444207665983,1.1891355723856014,0.017253494252203818
5.281,1,-3.9967191694116138,2.9965028433935346,1.1923997273271056,0.01715453073870192
5.291,0,-4.002858809655725,-2.9985569260762412,1.18925624529225,0.016983362492359617
5.291,1,-3.996698606266016,2.9965274514738156,1.1925678252240735,0.01707725669641904
5.301,0,-4.002901396010775,-2.9986681109856352,1.1893754325386612,0.016738166101507385
5.301,1,-3.996680660581628,2.9965554753425248,1.1927348290289552,0.016988862455953192
5.311,0,-4.002942135346882,-2.998777592094617,1.1894935357870446,0.01651001273260401
5.311,1,-3.996665420705062,2.9965868118756966,1.1929005837272617,0.016896511038077638
5.321,0,-4.002981109491764,-2.998885231469742,1.1896108250811077,0.016292487256722995
5.321,1,-3.996652924252561,2.996621344181383,1.1930649747523614,0.0168022218349124
5.331,0,-4.003018394886355,-2.998990925083307,1.1897271789262927,0.01603137624453379
5.331,1,-3.9966431602119115,2.9966589425702264,1.193227452131249,0.016600828527892117
5.341,1,-3.9966360717323766,2.996699461787228,1.1933864096283195,0.016254506723942144
5.341,0,-4.003054061305727,-2.999094603388348,1.1898417249208173,0.01570509911415368
5.352,0,-4.003088167449951,-2.9991962285863845,1.1899537427494582,0.015335137509873793
5.352,1,-3.9966315654199875,2.9967427387662893,1.1935405644212609,0.015813853936615826
5.361,1,-3.996629516952669,2.9967885870678663,1.193689057016752,0.015314558984163796
5.361,0,-4.00312075863289,-2.999295792617621,1.190062745020749,0.014938177976515496
5.371,0,-4.00315186574329,-2.999393314999503,1.1901684232711287,0.01452666664548488
5.371,1,-3.9966297757434477,2.996836793509575,1.1938313391633022,0.014781217862830324
5.381,0,-4.003181505037863,-2.9994888404938065,1.190270580384574,0.014108064243549472
5.381,1,-3.996632169328477,2.9968871170314078,1.1939670652367356,0.014227839660391567
5.391,0,-4.003209678082437,-2.999582435586968,1.1903694933590696,0.01375845412413017
5.391,1,-3.996636507093241,2.996939288841009,1.194095723445453,0.013597638589824622
5.401,0,-4.003236375375273,-2.999674180984672,1.1904664738208244,0.013509095583755364
5.401,1,-3.9966425873110873,2.996993015582543,1.194216197917512,0.01287494325626112
5.41,0,-4.003261588923036,-2.999764161547038,1.1905625900702939,0.013329404417846283
5.41,1,-3.996650212287577,2.9970479883629926,1.1943276378865253,0.012097114848465757
5.421,0,-4.003285322167619,-2.999852455429871,1.190658545049435,0.013198086893077828
5.421,1,-3.996659199945913,2.997103889577764,1.1944294930666541,0.011289572012670277
5.431,0,-4.00330759649919,-2.999939126370983,1.1907547904791733,0.013100623348991584
5.431,1,-3.9966693915231875,2.9971603980983836,1.1945214275708553,0.01047336713877052
5.441,0,-4.003328455288977,-3.000024218819855,1.190851620097889,0.013026720410106234
5.442,1,-3.996680656500788,2.9972171935479865,1.1946032743810404,0.009665077085874418
5.451,0,-4.003347965537893,-3.0001077552963373,1.1909492308328464,0.012971934596755713
5.451,1,-3.996692895425314,2.9972739601181706,1.194675252656466,0.008923494958614494
5.461,0,-4.003366212290879,-3.0001897359881644,1.1910478110819174,0.012936643483371145
5.461,1,-3.996706038120576,2.997330392869079,1.194738157169168,0.00826308717172568
5.471,0,-4.003383284617378,-3.0002701403995147,1.1911475611653595,0.012918379614810323
5.471,1,-3.996720036327157,2.997386208012463,1.194792724695844,0.007669696977178343
5.481,0,-4.003399263354124,-3.0003489297462385,1.1912486088494851,0.01290921734898966
5.482,1,-3.9967348573041983,2.9974411515149164,1.1948395088860633,0.0071296475171292945
5.491,0,-4.003414212678285,-3.000426049247216,1.1913509916512008,0.01290089803938654
5.491,1,-3.9967504790323143,2.997495004626797,1.1948788934066357,0.006635159974934081
5.501,0,-4.003428174749086,-3.0005014303035473,1.1914546721452277,0.012888982642741477
5.501,1,-3.9967668866454304,2.9975475869279316,1.1949111284367273,0.006186140607499704
5.511,0,-4.003441166540186,-3.000574992368364,1.191559808590851,0.012914420523923421
5.511,1,-3.9967840701413646,2.997598756833419,1.1949367914515585,0.005828202024498004
5.521,0,-4.003453180929516,-3.0006466480284937,1.1916670625135963,0.012994723780574416
5.521,1,-3.996802022695157,2.9976484086293596,1.194957714265715,0.005569715022622267
5.531,1,-3.996820736458952,2.9976964694248047,1.1949754818793252,0.00536855493084836
5.532,0,-4.003464194012671,-3.0007163154704006,1.1917769535339071,0.013115853759010665
5.541,0,-4.003474171799396,-3.000783928581045,1.1918898463242893,0.013267827298772272
5.542,1,-3.99684019987215,2.9977428939156656,1.1949912268711043,0.005201835510537327
5.552,0,-4.0034830752867805,-3.00084944371248,1.192005948471506,0.01344020069314007
5.552,1,-3.9968603960465474,2.997787659510507,1.1950057145912736,0.005056467740666616
5.562,0,-4.003490864066455,-3.000912843095719,1.192125555143287,0.013670921846351873
5.562,1,-3.996881301763521,2.997830762592398,1.1950192473184755,0.004911695537785547
5.571,0,-4.003497501837896,-3.0009741326432446,1.192249384088994,0.013974813531411967
5.571,1,-3.9969028882266384,2.9978722189132827,1.1950312843782462,0.004756814739248739
5.582,0,-4.003502967389361,-3.0010333347365075,1.1923779565699317,0.014327919727838824
5.582,1,-3.9969251261335677,2.9979120687468552,1.1950412808881343,0.004604148926865765
5.5920000000000005,0,-4.003507263334202,-3.0010904800105185,1.1925115606511758,0.014714049538401495
5.5920000000000005,1,-3.996947990377002,2.9979503829015366,1.1950488525081586,0.0044654123722462
5.601,1,-3.996971463329324,2.9979872660432254,1.1950537493351288,0.004350844859883469
5.601,0,-4.0035104214039166,-3.001145601168246,1.1926503476806467,0.015121839950111795
5.611,0,-4.003512505200037,-3.0011987287158353,1.1927943586347969,0.015540469764752365
5.611,1,-3.9969955369775403,2.9980228577257804,1.195055799675503,0.004268699921155116
5.621,0,-4.003513611366234,-3.0012498892564885,1.1929430036586532,0.015810746946225827
5.621,1,-3.997020214564521,2.998057331149172,1.195055315410383,0.004220672017324391
5.631,0,-4.003513866539967,-3.001299108959211,1.1930931028383072,0.015742348213493886
5.631,1,-3.9970455136621066,2.9980908890653684,1.1950547181814906,0.00419235384276835
5.641,0,-4.00351340864638,-3.001346412046446,1.193241660239589,0.015437399516771469
5.641,1,-3.9970714694168774,2.9981237608844262,1.195056338095775,0.0042005640690057425
5.651,0,-4.0035123697407915,-3.001391823827085,1.1933866126644195,0.014967806430129528
5.651,1,-3.997098138172657,2.998156196653655,1.1950617299517032,0.004276278665129788
5.661,0,-4.003510864618841,-3.001435374124764,1.1935265414815555,0.014386929628225516
5.661,1,-3.9971255995685993,2.9981884605487537,1.1950719053529255,0.0044424657727785465
5.671,0,-4.003508983207173,-3.0014770992093376,1.1936604988005484,0.013732286336648431
5.671,1,-3.997153956983,2.99822082524303,1.1950875206435558,0.004707085678186218
5.681,0,-4.003506785910709,-3.00151704210854,1.1937882194238525,0.013114552840502369
5.681,1,-3.997183336597672,2.998253567126384,1.1951094378662264,0.0051188526440887
5.691,0,-4.003504302661965,-3.0015552504461067,1.1939105449495548,0.012586258384954474
5.691,1,-3.9972138759630327,2.998286957113783,1.1951394583210866,0.005718224819826651
5.702,0,-4.003501536539529,-3.0015917742708664,1.194028240213951,0.012121618056889702
5.702,1,-3.997245692817714,2.998321241691269,1.1951789690880295,0.006480794048849589
5.711,0,-4.003498467897118,-3.0016266622637353,1.1941418362930332,0.01170091379946486
5.711,1,-3.9972788579122556,2.998356626793379,1.1952288461549552,0.007365571790550654
5.721,0,-4.003495058161868,-3.0016599587481516,1.194251696818473,0.011311731266371779
5.721,1,-3.9973133772768463,2.998393268145727,1.195289605986645,0.00833269437003023
5.731,0,-4.003491253291482,-3.001691701399735,1.1943582811925195,0.01099569076134976
5.731,1,-3.997349180607675,2.9984312649339415,1.1953603019177532,0.009104781401169727
5.741,0,-4.003486988190885,-3.0017219197374567,1.1944626279198323,0.010783212503498976
5.741,1,-3.9973861210065476,2.998470659930995,1.1954368742035655,0.00954492781834316
5.751,0,-4.003482194432884,-3.0017506368276505,1.1945655914419826,0.010640636271215918
5.751,1,-3.997423995687206,2.9985114566874906,1.1955159653878398,0.009745377493737814
5.761,0,-4.003476807183514,-3.0017778704159586,1.1946677453231545,0.010547629752796127
5.761,1,-3.997462562377749,2.998553632051164,1.195595265024643,0.009778459764520561
5.771,0,-4.003470770068879,-3.001803633786442,1.1947694948888987,0.01048990289834875
5.771,1,-3.997501551855943,2.998597144971165,1.1956732100430847,0.00969681287222281
5.781,0,-4.003464038460643,-3.001827936725357,1.1948711037291184,0.01045506814924185
5.781,1,-3.9975406782623426,2.9986419431621005,1.1957487327849075,0.0095355535442019
5.791,0,-4.003456581541802,-3.001850786784627,1.194972611579061,0.010407115905651859
5.791,1,-3.9975796472513037,2.9986879691050023,1.1958217595515592,0.009442097546633417
5.801,0,-4.003448382782346,-3.0018721936865465,1.195073715929298,0.010331143270475985
5.801,1,-3.9976181604874337,2.9987351672082987,1.1958940370989157,0.00947624139495275
5.8100000000000005,0,-4.003439438134637,-3.0018921780800447,1.1951741619358076,0.010236986450147421
5.8100000000000005,1,-3.9976559174566897,2.9987834899323738,1.195967039500846,0.00959133311147518
5.821,0,-4.003429753999928,-3.001910779553138,1.195273771910283,0.010130927899529811
5.821,1,-3.9976926172875014,2.9988329049783444,1.1960417424415946,0.00975802528985556
5.831,0,-4.003419345299055,-3.0019280616691777,1.1953724279247233,0.010019555576799656
5.831,1,-3.9977279607965253,2.99888340029338,1.1961187818256747,0.009959374273981796
5.841,0,-4.0034082336642065,-3.0019441145374772,1.195470073378027,0.009907486200868636
5.841,1,-3.9977616526044573,2.9989349868317774,1.1961985779735573,0.010185134288271292
5.851,0,-4.003396445733834,-3.0019590554995483,1.1955667133386358,0.009805453196848044
5.851,1,-3.997793403311354,2.9989876993776226,1.19628137027853,0.010423925905331994
5.861,0,-4.003384009096373,-3.0019730276785572,1.1956624908616216,0.00972337222651259
5.861,1,-3.997822931382708,2.999041595259653,1.1963672196000612,0.010669299089879616
5.871,0,-4.003370943436425,-3.0019861961737275,1.1957575617038243,0.009658478010863399
5.871,1,-3.997849963970483,2.9990967505521495,1.19645614275302,0.010922654116485998
5.881,0,-4.003357252389128,-3.0019987435183393,1.195852043687344,0.009606556563290231
5.881,1,-3.9978742376722,2.999153255547177,1.1965481309611259,0.011183825997152303
5.891,0,-4.003342918329505,-3.002010865302621,1.1959460106412954,0.00956386352105787
5.891,1,-3.997895499387917,2.9992112107814837,1.196643138032562,0.01145190479964655
5.901,1,-3.997913507049752,2.9992707236282614,1.1967410988961575,0.011728580916393129
5.901,0,-4.003327899582521,-3.002022766118703,1.1960395104871975,0.009529667601398284
5.911,0,-4.003312129736814,-3.0020346558851414,1.1961323318814372,0.009443618230956914
5.911,1,-3.9979280339864087,2.9993319035322106,1.196841012726201,0.011822435889921863
5.921,0,-4.003295519777154,-3.002046744713525,1.1962236501910564,0.00928311450698792
5.921,1,-3.9979388820594837,2.999394854840913,1.1969396393542835,0.011663739291495116
5.931,1,-3.9979458905227983,2.999459674562666,1.197034379792362,0.011352575839103714
5.931,0,-4.003277962582272,-3.0020592355592584,1.196312810685662,0.009077580749802394
5.941,0,-4.003259338219585,-3.002072318159151,1.1963993871001732,0.008846544219340231
5.941,1,-3.9979489507234214,2.999526446724681,1.1971234998992357,0.010961746302788218
5.9510000000000005,0,-4.003239518561696,-3.002086164876628,1.196483098834729,0.00860394797429804
5.9510000000000005,1,-3.9979480162180847,2.9995952374783825,1.1972058495629385,0.010544614482815937
5.961,0,-4.0032183711367795,-3.0021009280851683,1.196563775541604,0.00836151586480592
5.961,1,-3.9979431076760172,2.999666091794085,1.1972806927800517,0.010141610314480244
5.971,1,-3.997934313373364,2.999739031781333,1.1973476401650835,0.009789604638854777
5.971,0,-4.003195761975481,-3.0021167391283377,1.1966418141866324,0.008238039353748311
5.981,0,-4.00317156400881,-3.002133704558565,1.1967188171263783,0.008276066919283927
5.981,1,-3.997921781259602,2.9998140581792585,1.1974066219510047,0.009507734517899368
5.991,0,-4.003145679410025,-3.0021518940882,1.1967960873105794,0.008423305555585608
5.991,1,-3.9979057008151826,2.9998911557876182,1.1974576583728775,0.009301729752292945
6.001,0,-4.00311805751326,-3.002171332059888,1.1968745151695788,0.008642649702672017
6.001,1,-3.9978862849250043,2.9999702993883406,1.1975008233121531,0.009173851577752724
6.011,1,-3.9978637560891763,3.0000514582833104,1.1975362140100632,0.009122394583857768
6.011,0,-4.003088705894527,-3.002191993425603,1.196954694669981,0.00890588805897762
6.021,1,-3.9978383361860548,3.0001345998647118,1.1975639373259976,0.009144211284956563
6.021,0,-4.003057696400079,-3.0022138030490924,1.1970370043359886,0.009192209000362273
6.031,0,-4.00302516681388,-3.002236637651524,1.1971218190390445,0.009519727833000521
6.031,1,-3.997810237119241,3.0002196937189907,1.197584805775149,0.009270142876123154
6.041,0,-4.002991317356249,-3.002260330674063,1.1972098689928847,0.00990102103728924
6.041,1,-3.9977796510460064,3.000306714403872,1.197601963609401,0.009482531100304307
6.051,0,-4.002956402222056,-3.0022846800725937,1.1973017307519032,0.010310122571097065
6.051,1,-3.9977467528079047,3.000395629502397,1.1976181306081575,0.009731693142120702
6.061,0,-4.002920718877236,-3.0023094570431956,1.1973977725421194,0.010730807074387446
6.061,1,-3.9977116965900175,3.000486392661068,1.1976351593776369,0.009999498991219059
6.071,0,-4.002884598134742,-3.0023344135505257,1.197498221663257,0.011151519943530476
6.071,1,-3.997674612435472,3.000578940448456,1.1976543031593734,0.010279152828446433
6.081,0,-4.002848395446864,-3.002359288686089,1.1976031930111266,0.011563915923831197
6.081,1,-3.997635604535018,3.0006731909641844,1.1976763869979146,0.010567301611103844
6.091,0,-4.002812482639367,-3.002383814738335,1.1977117315846748,0.011739557405769797
6.091,1,-3.997594751888016,3.000769042794568,1.1977013035677395,0.010823607652195939
6.101,0,-4.00277723491397,-3.0024077277518706,1.197820468558295,0.011587378978211464
6.101,1,-3.9975521096633635,3.0008663758872545,1.1977272296516097,0.01102470230392835
6.111,0,-4.002743013569134,-3.0024307821695824,1.197926677813067,0.011208282857265899
6.111,1,-3.9975077051070134,3.000965059714816,1.197752633476473,0.011185176661194979
6.121,0,-4.002710151657227,-3.002452762821532,1.1980285196201104,0.01067351323622063
6.121,1,-3.997461537762648,3.0010649581031674,1.1977764655839107,0.01131881227396843
6.131,0,-4.002678943874799,-3.0024734924614576,1.198124775634607,0.010034588591469502
6.131,1,-3.99741358115675,3.001165932663116,1.1977980192945732,0.011436889686440037
6.141,0,-4.002649640476322,-3.0024928353961826,1.1982149674422202,0.009403080697195799
6.141,1,-3.997363784683235,3.0012678458400344,1.1978171771695203,0.011560755593017079
6.151,1,-3.997312082019051,3.0013705628701075,1.1978348083185189,0.011694870483611284
6.151,0,-4.00262244389208,-3.002510698632824,1.1982999371090128,0.008860879178395975
6.161,0,-4.002597501386097,-3.0025270355939004,1.1983805377018797,0.008384028224514487
6.161,1,-3.9972584135731215,3.001473950798122,1.1978516572665412,0.011831594168040924
6.171,0,-4.0025749013876855,-3.002541846894538,1.1984573771356455,0.007956429010628163
6.171,1,-3.99720274493556,3.0015778782793903,1.19786823199805,0.011965850340255714
6.181,1,-3.997145078797438,3.001682215362507,1.1978848616783897,0.012093515234758531
6.181,0,-4.002554672994368,-3.002555178660138,1.198530878391469,0.0075665559743212565
6.191,0,-4.002536787453559,-3.0025671193840537,1.1986013384443692,0.007208230633173887
6.191,1,-3.9970854619197476,3.0017868331444726,1.1979017536199206,0.012211193208210293
6.201,0,-4.002521160483149,-3.002577796244087,1.1986686537819016,0.00679356175380998
6.201,1,-3.9970239872544346,3.0018916035739616,1.1979195792446657,0.01233682849252863
6.211,0,-4.00250765636114,-3.002587370066517,1.1987315644192476,0.006254384126083828
6.211,1,-3.9969607893272383,3.0019963992140846,1.1979407449561699,0.012492818269380776
6.222,0,-4.002496100819228,-3.002596024691895,1.198788962730135,0.005634452418633639
6.222,1,-3.9968960377078946,3.0021010922927807,1.1979672858275177,0.012682100824349453
6.231,0,-4.002486291460903,-3.0026039583015653,1.1988401255622165,0.004965662304335274
6.231,1,-3.996829925573822,3.0022055548521864,1.198000542162318,0.012908863372670616
6.241,0,-4.002478005813926,-3.002611376940425,1.198884604022329,0.004270560323643293
6.241,1,-3.996762659540703,3.0023096592885667,1.1980413789320474,0.01317437497949096
6.251,1,-3.9966944517722687,3.002413279046863,1.1980903189030676,0.013476634288926538
6.252,0,-4.002471008038026,-3.0026184893814105,1.1989221258363494,0.0035648278803422314
6.261,1,-3.9966255142174774,3.0025162895085167,1.198147365001059,0.013778414996329204
6.261,0,-4.00246505480787,-3.0026255031048072,1.1989526765272294,0.0028975560866338554
6.271,0,-4.002459901731924,-3.0026326224796933,1.1989767907551003,0.002307909913244636
6.271,1,-3.9965560573047068,3.0026185679431174,1.1982113913480723,0.014036424064603942
6.281,0,-4.002455310965252,-3.0026400500865824,1.198994966886828,0.0017924977241940223
6.281,1,-3.996486294420666,3.0027199896289813,1.198281329069288,0.014252711556124195
6.291,0,-4.002451058481027,-3.0026479882831576,1.1990075671275149,0.0013731125088494035
6.291,1,-3.9964164476738273,3.0028204244403343,1.1983564069939332,0.01443193900189459
6.301,0,-4.00244693932119,-3.0026566400204664,1.1990148713796636,0.001110516875311274
6.301,1,-3.99634675140737,3.002919735020899,1.1984360682381976,0.01457755718778118
6.311,1,-3.9962774532907814,3.0030177769109883,1.1985192154996522,0.014597419478081727
6.311,0,-4.002442770852245,-3.00266620949511,1.1990177790175587,0.0011023244389646715
6.321,0,-4.002438394114943,-3.002676897634393,1.199018799736097,0.0012143208875485653
6.321,1,-3.996208812567243,3.0031144019190905,1.1986032383349217,0.014450763626669928
6.331,0,-4.002433674634875,-3.0026888849034497,1.1990199629811493,0.001363885466719004
6.331,1,-3.9961410976756113,3.003209461369859,1.1986860597436526,0.014181354868490575
6.341,0,-4.002428502950994,-3.002702317152709,1.199022646245793,0.00155495423369739
6.341,1,-3.9960745834953864,3.0033028110566793,1.1987662704950846,0.013822102078904575
6.351,0,-4.002422794639634,-3.002717296842811,1.1990277623337973,0.0017970538426949356
6.351,1,-3.996009548541591,3.0033943152248237,1.1988429124537139,0.013397085121141116
6.361,0,-4.002416489800799,-3.0027338783862887,1.1990359119146736,0.0020877176963106656
6.361,1,-3.9959462723129686,3.0034838493553497,1.1989153468877738,0.012924655960351777
6.371,1,-3.9958850332523403,3.0035713017245853,1.1989833403463113,0.012442505749292947
6.371,0,-4.002409552248427,-3.0027520661766562,1.1990472588323218,0.002383136424084191
6.381,0,-4.00240196800314,-3.002771815237164,1.1990610393335819,0.0026342001229107317
6.381,1,-3.995826108517986,3.0036565738983616,1.1990474005303249,0.011975722685556106
6.391,1,-3.995769773516159,3.0037395833789193,1.1991080359591766,0.011515229657670826
6.391,0,-4.002393740961357,-3.0027930380434658,1.1990765197158073,0.0028439491444836105
6.401,0,-4.002384888892969,-3.0028156109907753,1.1990931876693318,0.003017750403901033
6.401,1,-3.9957163023487055,3.003820264648307,1.1991656141611966,0.011055191306672242
6.411,0,-4.002375440378714,-3.0028393799961064,1.1991106719149007,0.0031595954348178686
6.411,1,-3.99566596782118,3.0038985691827507,1.1992203901447387,0.010592085579916333
6.421,0,-4.002365432381873,-3.0028641656554407,1.199128696902772,0.003272531912895304
6.421,1,-3.995619040925811,3.0039744648934237,1.1992725423606738,0.01012516096234879
6.431,0,-4.002354908170548,-3.002889768059039,1.199146843049178,0.0033294254316804514
6.431,1,-3.995575791014492,3.004047934591849,1.1993225003884849,0.009690931207018506
6.441,0,-4.002343912249843,-3.002915975140306,1.1991642055751859,0.0033240926564526417
6.441,1,-3.9955364854537803,3.0041189750367066,1.1993713565061952,0.00930647064314906
6.451,0,-4.002332479568474,-3.002942577610961,1.1991800555396332,0.0032780748783792627
6.451,1,-3.9955013826966947,3.0041876004788137,1.1994199710162607,0.008961665147960733
6.461,1,-3.995470728470008,3.00425384381186,1.1994689173583195,0.008653655583824992
6.461,0,-4.0023206263446935,-3.0029693812310865,1.1991938944549676,0.0032096815518403918
6.471,0,-4.002308344091845,-3.0029962149651985,1.1992053916653875,0.003133514405755883
6.471,1,-3.9954447534081448,3.004317756541357,1.1995185793821088,0.008382820388751938
6.481,0,-4.0022955961532185,-3.003022935914742,1.1992145922576087,0.003079104879107937
6.481,1,-3.9954236693588716,3.004379409015609,1.1995688659655792,0.008101341018739487
6.491,0,-4.0022823186575645,-3.003049431551389,1.1992222705238598,0.003050276453938881
6.491,1,-3.9954076614884233,3.0044388928062706,1.1996188016516618,0.0077888175954695035
6.501,0,-4.002268427876206,-3.0030756201831865,1.199229078695849,0.0030366854340542785
6.501,1,-3.995396881857931,3.0044963237731563,1.1996675799204213,0.007469944069854522
6.511,0,-4.002253827435697,-3.0031014503455506,1.1992354448059777,0.003034843079048081
6.511,1,-3.995391440546406,3.0045518464360184,1.1997146480106307,0.0071658563465358096
6.521,1,-3.995391400044058,3.0046056363966716,1.199759628233404,0.006895316313193182
6.521,0,-4.002238413820187,-3.003126899415068,1.1992416418568677,0.0030447181758818933
6.531,0,-4.0022220805875035,-3.003151971701438,1.199247849313383,0.0030675804757272105
6.531,1,-3.9953967728877653,3.004657900829073,1.199802277452625,0.006674188377829309
6.541,0,-4.002204721642877,-3.0031766959960113,1.199254311532146,0.003111339337457219
6.541,1,-3.9954075268832545,3.004708875986961,1.1998434092904657,0.006656606518805366
6.551,0,-4.002186236596892,-3.0032011193958326,1.1992615325255886,0.0031802100259381264
6.551,1,-3.9954235944530465,3.0047588176820086,1.1998862018283643,0.0069005568269890315
6.561,0,-4.00216654118469,-3.0032252954421437,1.1992699023556317,0.0032721913355902785
6.561,1,-3.9954448605596276,3.004807985328116,1.1999332220116183,0.007343255073213895
6.571,0,-4.002145575917019,-3.0032492735083878,1.1992796807001145,0.0033838456748981195
6.571,1,-3.9954711663081683,3.0048566233190313,1.1999861801628624,0.007934927312040886
6.581,0,-4.002123311578849,-3.0032730916264563,1.1992910226042255,0.003510188090476171
6.581,1,-3.995502315001623,3.004904947483093,1.2000461790855774,0.00863213024326982
6.5920000000000005,0,-4.002099752231367,-3.0032967719994006,1.1993040146339453,0.0036462689842032448
6.5920000000000005,1,-3.9955380776518714,3.0049531362967996,1.2001139048825205,0.009399969417118383
6.601,0,-4.002074936690881,-3.0033203186182824,1.1993183592745345,0.0037529255644588675
6.601,1,-3.995578195788245,3.0050013258211186,1.20018920662738,0.010104232145939335
6.611,0,-4.0020489375483015,-3.0033437179486944,1.1993328882498775,0.003809748729049438
6.611,1,-3.9956223863143316,3.0050496084348532,1.2002703930813654,0.010677146609562628
6.621,0,-4.002021855173551,-3.0033669429708905,1.1993466459679798,0.003831543047019431
6.621,1,-3.995670361976564,3.0050980358190955,1.200356019506908,0.011151399639164481
6.631,0,-4.001993812662525,-3.0033899574240253,1.1993589971951912,0.0038308477559993006
6.631,1,-3.9957218428651764,3.00514662293814,1.2004450820440777,0.01155175911638862
6.641,0,-4.001964951618911,-3.003412719180784,1.1993695117941146,0.0038160754932365284
6.641,1,-3.9957765632911557,3.005195351735632,1.2005368584675349,0.011893458805936187
6.651,0,-4.001935428271483,-3.0034351829217063,1.1993779012886614,0.003793347392627846
6.651,1,-3.9958342765402493,3.005244174781651,1.2006308191761625,0.012189568860311648
6.661,0,-4.001905409513401,-3.00345730191101,1.1993845621955874,0.0037874635925411113
6.661,1,-3.9958947577350976,3.00529301910284,1.2007265693418017,0.012445890210063435
6.671,0,-4.001875068776671,-3.003479027000735,1.1993913307121913,0.003798790649316717
6.671,1,-3.9959578015786645,3.005341793030156,1.2008237675621498,0.01266736814434525
6.681,0,-4.001844582226114,-3.0035003026886704,1.1993996990502318,0.0038237901101247354
6.681,1,-3.996023213304538,3.0053903982050243,1.200922156768384,0.012860468865884723
6.691,0,-4.001814124405209,-3.0035210630710365,1.1994106676387342,0.0038691192100777667
6.691,1,-3.9960908001362916,3.0054387403662357,1.2010215559214485,0.013030779938364656
6.7010000000000005,0,-4.001783864823392,-3.003541229263551,1.1994249052967048,0.003941396133642641
6.7010000000000005,1,-3.9961603656086875,3.0054867370076535,1.2011218442108293,0.013181568309730286
6.711,0,-4.001753965564961,-3.0035607081105695,1.1994428355939868,0.0040436160185014745
6.711,1,-3.9962317061933144,3.005534322615906,1.2012229286817682,0.01331424956575548
6.721,0,-4.00172457942927,-3.0035793923178375,1.1994643731174992,0.004120259844653994
6.721,1,-3.99630460936784,3.0055814519308197,1.201324428695707,0.013373695307794389
6.731,0,-4.0016958470119555,-3.003597166936243,1.1994877180819425,0.0040796252870257685
6.731,1,-3.996378855332194,3.0056280986622634,1.2014252452276484,0.013339607584076337
6.741,0,-4.001667893578859,-3.00361392614533,1.1995111107188399,0.003944283908267459
6.741,1,-3.9964542255712883,3.0056742473699427,1.20152448973453,0.013239587693833366
6.751,1,-3.9965305092828243,3.0057198858271024,1.201621558481576,0.01309350135227693
6.752,0,-4.001640825722144,-3.003629591170311,1.1995333492149522,0.0037421689918232448
6.761,0,-4.0016147288660555,-3.0036441224421844,1.199553631508832,0.00349848383369892
6.761,1,-3.9966075076782412,3.005764999619084,1.2017160586043734,0.012915869392166808
6.771,0,-4.001589665871078,-3.0036575266465144,1.1995714281410437,0.003233424829140578
6.771,1,-3.9966850368780964,3.00580956850163,1.201807739709994,0.01271583137187133
6.781,0,-4.0015656763538825,-3.003669859959885,1.199586193898861,0.0029427389721473976
6.781,1,-3.9967629297008878,3.0058535642611606,1.2018964255045834,0.012497206624787868
6.791,0,-4.001542779733667,-3.0036812238726953,1.1995970523111206,0.0026479416160807416
6.791,1,-3.9968410375835095,3.0058969526834196,1.2019819773978226,0.012265384242687066
6.801,0,-4.001520985091336,-3.003691750565422,1.1996033586449355,0.0023967707235990994
6.801,1,-3.996919233624103,3.0059397013531504,1.20206432661061,0.012026097756575923
6.811,0,-4.0015002998998375,-3.003701589197013,1.1996047005381685,0.002235968872205695
6.811,1,-3.9969974149258345,3.0059817869102092,1.2021434464516982,0.011783532088394725
6.821,0,-4.001480736189917,-3.0037108956311007,1.1996008290972273,0.002202846505311379
6.821,1,-3.997075503716226,3.006023199807834,1.202219341336724,0.011542138544165236
6.831,1,-3.997153447480937,3.006063947128305,1.2022920496975975,0.011305753216939628
6.831,0,-4.001462314754404,-3.0037198248636137,1.1995916211397866,0.0023088529283616693
6.841,0,-4.001445067421839,-3.0037285255722748,1.1995768080011533,0.002580013746552151
6.841,1,-3.997231218084675,3.006104053705639,1.202361660497569,0.01108282011301197
6.851,0,-4.001429034173983,-3.003737135105314,1.1995551665810622,0.0030689138376263675
6.851,1,-3.997308805164097,3.0061435587665613,1.2024283731711958,0.010877881888445079
6.861,0,-4.00141425295283,-3.0037457723435503,1.1995255934806512,0.003728948054310868
6.861,1,-3.9973862004898364,3.0061825064825496,1.202492384527771,0.010688377672242757
6.871,0,-4.001400747815175,-3.003754531788133,1.1994873924570546,0.004503252018133724
6.871,1,-3.9974633837693148,3.006220937319263,1.2025538660259405,0.010510617511870829
6.881,0,-4.001388520795589,-3.003763479907414,1.1994401358312878,0.005348799531410081
6.881,1,-3.9975403130533373,3.006258882282894,1.2026129616327974,0.010340410218480377
6.891,0,-4.001377548354864,-3.0037726538477934,1.1993845213730343,0.006013706026279859
6.891,1,-3.9976169189134905,3.0062963593454812,1.2026698021124884,0.01017443078656463
6.901,0,-4.00136778069385,-3.003782068773147,1.1993236264763227,0.006386986148896664
6.901,1,-3.997693103425127,3.006333370738668,1.2027245119881327,0.010008332292016624
6.911,0,-4.00135913758978,-3.003791736978114,1.1992599885914683,0.006557881023041255
6.911,1,-3.99776874444572,3.00636990023033,1.2027771851279196,0.009837486136598496
6.921,0,-4.001351508915076,-3.0038016860038166,1.1991953478377175,0.006589253851322563
6.921,1,-3.9978437007397667,3.0064059114689137,1.2028278965511154,0.00965917048829665
6.931,0,-4.0013447566740314,-3.003811970899265,1.1991309033064619,0.006526295466798832
6.931,1,-3.9979178166186737,3.0064413476351004,1.2028767185372642,0.009470660945283373
6.941,0,-4.0013387173493475,-3.0038226816407176,1.1990674636769862,0.006402347738880209
6.941,1,-3.9979909259553437,3.006476132079882,1.2029237057038265,0.00926911937362812
6.9510000000000005,0,-4.001333204605037,-3.0038339467800728,1.1990056928669144,0.006210138543764343
6.9510000000000005,1,-3.998062856038175,3.006510169944585,1.2029687158781757,0.009031308174406363
6.961,0,-4.001328011936052,-3.0038459316264152,1.1989463757281327,0.005955355248505639
6.961,1,-3.9981334352241027,3.0065433543033397,1.2030111691579755,0.008750547412157845
6.971,0,-4.001322914686283,-3.0038588292502175,1.1988900800510542,0.005665922015162733
6.971,1,-3.9982025059038335,3.0065755785506734,1.203050607310256,0.008440346275841846
6.981,0,-4.001317672515009,-3.0038728511513706,1.1988371668739166,0.005362167341964304
6.981,1,-3.9982699362191774,3.0066067476418348,1.2030867407852535,0.008112354060395918
6.991,0,-4.001312032202412,-3.003888219728158,1.1987878668161545,0.00506006057916224
6.991,1,-3.998335627913338,3.0066367855813865,1.2031194088298476,0.007776698622651413
7.001,0,-4.001305730690575,-3.003905162258699,1.1987423173401615,0.004775214198539814
7.001,1,-3.9983995210251315,3.006665639986884,1.203148537661692,0.007441583423860987
7.011,0,-4.001298498319684,-3.0039239057428273,1.1987004826525394,0.004544058540754763
7.011,1,-3.998461596858567,3.006693284835867,1.2031736550354823,0.007078546738849429
7.022,0,-4.001290063421779,-3.003944671018433,1.1986620478211385,0.004384730189731475
7.022,1,-3.9985218778573683,3.0067197189854893,1.203193256308425,0.006700462087241951
7.031,0,-4.001280158502867,-3.0039676660150176,1.1986267356013134,0.0042965757253796534
7.031,1,-3.998580420033775,3.0067449565643622,1.2032061771757185,0.006358244669582522
7.041,0,-4.00126852600067,-3.0039930798222487,1.198594320023643,0.004280456866186127
7.041,1,-3.9986373071049406,3.00676901913409,1.2032116828650927,0.006093801917332574
7.051,0,-4.001254922705782,-3.0040210788245987,1.1985646170093438,0.004334102678165771
7.051,1,-3.998692645424817,3.006791930152818,1.2032093408610427,0.005938467655912221
7.061,0,-4.0012391234467035,-3.004051804206156,1.1985373438075162,0.004473784333291977
7.061,1,-3.9987465592945437,3.0068137110912385,1.2031990403296817,0.005903796910451968
7.071,0,-4.001220925980882,-3.004085370742985,1.1985118982928826,0.004694321571331443
7.071,1,-3.9987991890201275,3.006834380463998,1.2031810683381028,0.00598010070848421
7.081,0,-4.00120015672874,-3.0041218689400155,1.198487782025054,0.004972566040735913
7.081,1,-3.998850693813899,3.006853957063847,1.2031557283122993,0.0061538206984393705
7.091,0,-4.001176675879498,-3.004161366841161,1.1984646456404373,0.005291563224421266
7.091,1,-3.998901253870893,3.0068724629015025,1.2031232966760923,0.006409315150187631
7.101,0,-4.00115038042353,-3.0042039118072843,1.1984422409658158,0.005639314244954761
7.101,1,-3.9989510707386224,3.006889925127032,1.2030840266282354,0.006731570254240834
7.111,0,-4.00112120537175,-3.0042495323965897,1.1984203769654258,0.0060070091862230324
7.111,1,-3.9990003664727016,3.0069063771365165,1.2030381430399864,0.007107290635071072
7.121,0,-4.001089123748048,-3.004298239721834,1.1983987647774341,0.006399598466169465
7.121,1,-3.999049381627684,3.0069218585504345,1.2029862969694927,0.007438086486062901
7.131,0,-4.001054142730262,-3.0043500232941684,1.1983766719326199,0.006817976565132699
7.131,1,-3.999098367303911,3.0069364116739288,1.2029306343724517,0.007636475750334358
7.141,0,-4.001016289386123,-3.0044048395385086,1.198353470666075,0.007248266206045501
7.141,1,-3.9991475651497006,3.0069500749606832,1.202873003181381,0.007739720115863765
7.151,0,-4.0009755981994966,-3.004462599677464,1.1983287296330611,0.007680307268720628
7.151,1,-3.99919718718352,3.0069628754789486,1.202814670139491,0.007776971821215763
7.161,0,-4.000932102594138,-3.004523162453634,1.1983021640833844,0.008106586698424912
7.161,1,-3.999247401943117,3.0069748239655687,1.202756512643207,0.007769995821759875
7.171,0,-4.000885829490579,-3.004586331017832,1.198273577059692,0.008521502582098077
7.171,1,-3.9992983259571466,3.0069859124033353,1.202699123037128,0.007734582881193067
7.181,0,-4.000836796246969,-3.0046518529975144,1.19824281108001,0.008922159785535781
7.181,1,-3.999350019782801,3.006996112887537,1.202643473057507,0.007569543705567516
7.191,0,-4.000785012371886,-3.0047194268007975,1.1982096936172102,0.009306293342873275
7.191,1,-3.999402489010151,3.0070053769917684,1.2025923519350665,0.007213510546112647
7.201,1,-3.999455687168093,3.0070136394412823,1.202548110316,0.006764576872664749
7.201,0,-4.000730488377661,-3.0047887186133813,1.1981741026272514,0.009670904724831822
7.211,1,-3.9995095218054906,3.007020820756114,1.2025123008190206,0.006304341373631708
7.211,0,-4.00067324469912,-3.0048593796969674,1.1981359556392268,0.01001463181163472
7.221,0,-4.000613317511052,-3.00493105985079,1.1980952001448628,0.010336420704804202
7.221,1,-3.999563860942185,3.0070268294666236,1.2024859250877575,0.005901768759772655
7.231,0,-4.000550761441568,-3.005003417770456,1.198052086275051,0.010606376133943293
7.231,1,-3.9996185392024275,3.0070315653416064,1.2024688251633402,0.005663091314531235
7.241,0,-4.000485651884931,-3.005076127551453,1.1980077759261394,0.010801182951281785
7.241,1,-3.9996733691226574,3.0070349242910592,1.2024579137163902,0.005564395673389203
7.251,0,-4.000418095360062,-3.0051488797356747,1.1979632727944571,0.01093665470265534
7.251,1,-3.9997281648344973,3.0070367962065996,1.2024503972983733,0.005513868382592705
7.261,0,-4.00034823581632,-3.0052213820612286,1.1979192611858185,0.011024107429439883
7.261,1,-3.999782762263848,3.007037065337964,1.2024443603470492,0.005477673476782521
7.271,0,-4.000276256914264,-3.0052933602969194,1.1978761890728273,0.011071557872569169
7.271,1,-3.9998370324496553,3.007035611584781,1.2024384788731497,0.005448465167670945
7.281,0,-4.000202381749048,-3.005364558873876,1.1978343425385878,0.011083135908393238
7.281,1,-3.9998908897513887,3.0070323115108515,1.2024318377474759,0.005429498271120431
7.291,0,-4.0001268703510835,-3.00543474112648,1.1977940785889802,0.011046493955535286
7.291,1,-3.9999442960924814,3.007027039646248,1.2024236151856216,0.005435689803494828
7.301,0,-4.000050013628547,-3.005503690592372,1.1977560788087838,0.010960121677867439
7.301,1,-3.9999972586025887,3.00701967026231,1.202412706175587,0.005484491283140807
7.311,1,-4.000049818456955,3.0070100776088475,1.2023982681367844,0.005586507049092243
7.312,0,-3.9999721235854264,-3.0055712152060496,1.1977208572398967,0.010834595853362545
7.321,1,-4.000102039793011,3.0069981372158794,1.2023797354563497,0.00574727272228969
7.321,0,-3.999893522887381,-3.0056371503375297,1.1976887470688449,0.010677573025117616
7.331,1,-4.000154001082714,3.0069837273654567,1.2023567456550834,0.005967247161355143
7.332,0,-3.9998145362884356,-3.0057013601023383,1.1976599538702104,0.010495119448407348
7.341,0,-3.9997354838251202,-3.0057637374793202,1.1976345839990448,0.010292080298191371
7.341,1,-4.000205788443997,3.0069667305104955,1.2023290620648437,0.006243546399861599
7.351,0,-3.999656675428428,-3.005824203946135,1.1976124607105316,0.010084041744567219
7.351,1,-4.000257490518793,3.006947033786188,1.2022968497362605,0.006526278221196743
7.361,0,-3.999578405845378,-3.0058827094168197,1.1975926300764617,0.009878578276942546
7.361,1,-4.000309193925433,3.0069245326325933,1.2022614101595537,0.006764525188571464
7.371,0,-3.999500949729554,-3.0059392297678773,1.1975742349903482,0.009668241481788535
7.371,1,-4.000360978063616,3.006899149698022,1.202223904157447,0.006970089735998762
7.381,0,-3.9994245579308836,-3.0059937652264783,1.1975566747197375,0.009450112234944723
7.381,1,-4.000412910921893,3.0068708499032426,1.2021851346497172,0.0071527191588632326
7.391,1,-4.000465046576431,3.006839649127158,1.2021456684498788,0.007319330569286131
7.391,0,-3.999349455089038,-3.0060463386471525,1.1975395373140447,0.009224033824625834
7.401,0,-3.999275838283315,-3.0060969934713766,1.1975225267433007,0.008991439187064989
7.401,1,-4.000517424135179,3.0068056187377525,1.2021058933885878,0.0074741922544710295
7.411,0,-3.999203876375727,-3.0061457916004724,1.1975053450025916,0.008759064697186602
7.411,1,-4.0005700676814895,3.0067688872352627,1.2020659174127495,0.007641820735249948
7.421,0,-3.9991337077629856,-3.0061928121109687,1.1974873722663502,0.008536697543254276
7.421,1,-4.000622986062697,3.0067296398056715,1.2020250511158497,0.007848339042525921
7.431,0,-3.9990654351168224,-3.0062381500180493,1.1974680626548846,0.008326993456467218
7.431,1,-4.000676171735405,3.0066881103452707,1.2019826086422423,0.008074719613873437
7.441,0,-3.9989991200809585,-3.0062819155737937,1.1974470371943304,0.008134009890964952
7.441,1,-4.00072959963944,3.0066445737552896,1.2019381316436737,0.008307554194143071
7.451,0,-3.9989347805187325,-3.0063242331259903,1.1974240364568158,0.007961738192747342
7.451,1,-4.000783226954673,3.006599339228403,1.2018913236028665,0.008536243171844898
7.461,0,-3.9988723900781156,-3.0063652394984106,1.1973988931384867,0.007814862071329124
7.461,1,-4.0008369935495125,3.0065527438443147,1.2018420122334363,0.008751907754481321
7.471,0,-3.9988118785058813,-3.006405082462962,1.1973709061806048,0.007745130672920695
7.471,1,-4.000890823049168,3.006505145667552,1.2017907616133636,0.008865608073800015
7.481,1,-4.000944624436315,3.0064569134789334,1.2017393283490454,0.008856314482344826
7.481,0,-3.9987531368614757,-3.006443914710117,1.1973384165766034,0.007782415076573058
7.491,0,-3.9986960309429,-3.0064818810033516,1.197300178746916,0.007927966527936394
7.491,1,-4.000998293954441,3.0064084126153223,1.201689088664502,0.008755598972830245
7.501,0,-3.9986404112490144,-3.0065191090843855,1.1972553613098256,0.008177761553839941
7.501,1,-4.001051717060939,3.006359991013248,1.2016409761817781,0.008588193839555367
7.511,0,-3.998586120688413,-3.0065557039554567,1.197203422037666,0.008520977007499835
7.511,1,-4.001104770073419,3.0063119692743467,1.2015956190433117,0.008371541963685622
7.521,0,-3.9985330020601615,-3.0065917440343037,1.197145082552423,0.008765084654442304
7.521,1,-4.001157322153541,3.0062646334297956,1.201552691341989,0.008211905838365478
7.531,0,-3.998480908833862,-3.0066272769385023,1.1970837297983425,0.008797801503404964
7.531,1,-4.001209239942546,3.0062182264474053,1.2015099185349434,0.008152201716437577
7.541,0,-3.998429717927532,-3.006662315309344,1.1970221453125323,0.008675496979741381
7.541,1,-4.001260393962475,3.006172939488847,1.2014654306802692,0.008163400286381428
7.551,0,-3.9983793439900257,-3.006696832892199,1.1969622185006532,0.008444594000468764
7.551,1,-4.001310664529218,3.0061289050621536,1.2014179872113022,0.008231315995526657
7.561,0,-3.9983297488743026,-3.0067307633492546,1.1969052278642052,0.008140005949087382
7.561,1,-4.001359945711198,3.0060861936142733,1.2013667882569246,0.008348643243742519
7.571,0,-3.998280946712117,-3.006764001440931,1.1968520163460827,0.007786438933110269
7.571,1,-4.001408147537747,3.0060448129117017,1.2013113257845265,0.008510511289761276
7.581,0,-3.998233005053873,-3.006796406231377,1.196802588494353,0.007482558113328751
7.581,1,-4.001455196117924,3.006004710745176,1.2012518721585008,0.008612134826162045
7.5920000000000005,0,-3.998186039538715,-3.006827806185966,1.1967554680770653,0.007263217934532689
7.5920000000000005,1,-4.001501030332086,3.005965785738923,1.2011902278849032,0.008596609872724951
7.601,1,-4.0015455974398195,3.0059279065784517,1.2011278984782388,0.00849696830263425
7.601,0,-3.9981402030424356,-3.0068580035886296,1.1967093887201465,0.00709348032530627
7.611,0,-3.9980956739025686,-3.0068867797334558,1.1966634703450805,0.006952004807912139
7.611,1,-4.001588847577498,3.0058909321615324,1.2010659244849546,0.008337378076233267
7.621,0,-3.998052646229425,-3.0069138997616145,1.1966171150433018,0.0068264034155387674
7.621,1,-4.00163072972247,3.005854726761588,1.2010050393813876,0.008135425751667955
7.631,0,-3.9980113221390168,-3.0069391171818993,1.1965699058495456,0.006711272938299888
7.631,1,-4.001671189339021,3.0058191707816597,1.2009457485205717,0.007904547174513778
7.641,0,-3.997971906760652,-3.0069621767260557,1.1965221597695421,0.0064948335903054774
7.641,1,-4.001710166996299,3.005784167985749,1.2008885420443212,0.007624618559880145
7.651,0,-3.9979346034319923,-3.0069828175531206,1.1964757578164544,0.006123761882831942
7.652,1,-4.001747596302127,3.0057496463392392,1.2008343023656676,0.007280574857304772
7.661,0,-3.9978996009869943,-3.0070007853844216,1.1964322380190864,0.005643469608447933
7.661,1,-4.0017834012295666,3.005715548494228,1.2007837481689787,0.006895917973651024
7.671,0,-3.9978670653894803,-3.007015840314702,1.1963926102647806,0.0050902496007507935
7.671,1,-4.001817493158702,3.0056818217820505,1.2007373488759547,0.00648851660241872
7.681,0,-3.997837134742359,-3.0070277615425383,1.1963575264746602,0.004491280771748881
7.681,1,-4.001849769140806,3.0056484112391333,1.2006954072845917,0.00607066226269892
7.691,1,-4.0018801114124525,3.0056152549385584,1.2006581192591628,0.005652901972895518
7.692,0,-3.9978099163255454,-3.007036350381923,1.1963273980909792,0.003870606966749425
7.702,0,-3.9977854842714367,-3.0070414331751363,1.1963021503173237,0.0033098472713975935
7.702,1,-4.001908388222764,3.0055822812084796,1.200625420160511,0.005271988823845654
7.711,0,-3.997763874950643,-3.007042865758756,1.196280549037375,0.002874255934824568
7.711,1,-4.001934456557008,3.005549407936868,1.2005966003300539,0.004949436801844842
7.721,0,-3.9977450839494373,-3.007040531894972,1.1962614696908445,0.0025590149361386636
7.721,1,-4.001958164472153,3.005516544351888,1.2005710246280101,0.004669752061711651
7.731,0,-3.99772906143263,-3.007034344307578,1.1962441077462058,0.0023734587456499317
7.731,1,-4.001979354764593,3.0054835932844304,1.2005482429763272,0.004425394811940222
7.741,0,-3.9977157097890865,-3.007024245326951,1.196227882690778,0.002324589309229371
7.741,1,-4.001997868371958,3.005450453213388,1.2005279300767602,0.004213498438724542
7.751,0,-3.997704883770274,-3.0070102063659343,1.1962123842017396,0.0024039488733431057
7.751,1,-4.002013547191779,3.005417020055806,1.2005098602491162,0.0040342435890347045
7.761,1,-4.002026238786401,3.005383188926673,1.2004931589590495,0.003961779847735636
7.761,0,-3.9976963917285118,-3.0069922278907635,1.1961970516727838,0.0026287538347422174
7.771,0,-3.9976899986352668,-3.0069703409493185,1.196180495869095,0.002990662115829619
7.771,1,-4.002035803026191,3.0053488544578433,1.200475274410976,0.00403223772503092
7.781,0,-3.9976854363936676,-3.0069446027916733,1.1961615347214396,0.003435134216502717
7.781,1,-4.002042110219569,3.005313906613602,1.20045415967247,0.004236885835857497
7.791,0,-3.997682412144172,-3.0069150958151485,1.1961393602384516,0.003929278639618664
7.791,1,-4.002045044125291,3.0052782274747396,1.2004284484676204,0.004570374166580396
7.801,0,-3.9976806148868156,-3.006881926924393,1.1961134099149109,0.0044529265006407115
7.801,1,-4.002044504795695,3.0052416896542993,1.200397230768064,0.00501897367375408
7.811,0,-3.9976797216026903,-3.0068452249715856,1.196083593141815,0.004941427227122601
7.811,1,-4.002040409647913,3.0052041556718696,1.2003600669601706,0.005531843481735951
7.821,0,-3.9976794034322665,-3.0068051340134163,1.1960509541613877,0.005346057417760847
7.821,1,-4.0020326951265845,3.0051654794255027,1.200317266863052,0.006059605702972224
7.832,0,-3.9976793315405925,-3.006761807929655,1.1960164340018662,0.0056907494145294465
7.832,1,-4.002021326176002,3.0051255128395744,1.2002691958279996,0.006597741977094481
7.841,0,-3.9976791838647054,-3.0067154014525266,1.195980650268644,0.005993533785943043
7.841,1,-4.002006302986883,3.0050841120143548,1.2002161282851598,0.007142215083750148
7.851,0,-3.9976786506754283,-3.006666062804465,1.19594400952179,0.006267012715890138
7.851,1,-4.001987664194619,3.005041141467384,1.2001582932094987,0.0076886043695731186
7.861,0,-3.9976774387605465,-3.0066139288537017,1.1959067727335038,0.006520953383113213
7.861,1,-4.001965487855842,3.0049964770955966,1.2000958818820897,0.008234419967374966
7.871,0,-3.997675274801357,-3.0065591225078223,1.195868976465786,0.0067817015336783405
7.871,1,-4.001939890149058,3.004950007807235,1.200029236744822,0.00873791326581221
7.881,0,-3.997671913761666,-3.0065017539077807,1.1958300501970025,0.007075356763644507
7.881,1,-4.001911022326731,3.0049016383734606,1.199959316746584,0.009166599540214539
7.891,0,-3.997667159511609,-3.006441924420467,1.1957894317937932,0.007390309618304052
7.891,1,-4.001879071660298,3.004851299557987,1.1998869503853224,0.009541541803754
7.901,0,-3.9976608850691457,-3.0063797331354887,1.1957467282335454,0.007719057655893149
7.901,1,-4.001844259627546,3.0047989561586297,1.1998126995792786,0.009876996051425975
7.911,0,-3.9976530449611616,-3.0063152823676744,1.1957016657189954,0.008054490705276423
7.911,1,-4.001806838590285,3.0047446112282055,1.1997369462313396,0.010179987261793585
7.921,0,-3.9976436810379266,-3.006248681530782,1.1956540671905678,0.008390877303886279
7.921,1,-4.001767088062074,3.0046883077501993,1.1996599580774432,0.01045453884634498
7.931,0,-3.9976329219807796,-3.006180048338704,1.1956045195423983,0.00862332502513823
7.931,1,-4.001725310340836,3.0046301277925616,1.1995821637464488,0.010657994499712406
7.941,0,-3.9976209700704732,-3.0061095068365367,1.19555535624525,0.008711325766620837
7.941,1,-4.001681823413581,3.0045701872655965,1.1995045424385873,0.010774492823903062
7.9510000000000005,0,-3.997608074479024,-3.0060371878960126,1.1955084758591208,0.008707615845805497
7.9510000000000005,1,-4.001636951495112,3.0045086272373935,1.1994278762212567,0.01082721149320424
7.961,0,-3.997594502826527,-3.0059632247555745,1.1954651350690328,0.00865257611911025
7.961,1,-4.001591014705878,3.0044456042374748,1.199352680769381,0.010832900089003351
7.971,0,-3.997580519677615,-3.0058877486185627,1.195426146624169,0.008574356382970287
7.971,1,-4.001544321066261,3.00438128259373,1.199279288051969,0.010802299301727042
7.981,0,-3.9975663714210063,-3.005810884423411,1.1953923999259646,0.008459321261423144
7.981,1,-4.001497161002279,3.0043158297471155,1.1992071020390387,0.010872953878625276
7.991,0,-3.9975522816562474,-3.005732744062417,1.195365462115568,0.008330621393043894
7.991,1,-4.001449802401096,3.004249415037655,1.1991334964177942,0.01109944876591101
8.001,1,-4.001402484672966,3.0041822088191803,1.1990563225798279,0.011431497884992956
8.001,0,-3.997538459503771,-3.0056534172966747,1.19534650920048,0.008239811943867314
8.012,0,-3.9975251086455397,-3.005572962964033,1.1953362791444377,0.008223329730297024
8.012,1,-4.001355416213937,3.004114385107898,1.198974134668954,0.011837489258516768
8.021,0,-3.9975124336421004,-3.0054914036726554,1.1953352151095589,0.008303584358312464
8.021,1,-4.001308773430056,3.004046123577481,1.198885982653473,0.012296356543218636
8.032,0,-3.997500644165075,-3.0054087235999405,1.1953435443125155,0.00849030220220462
8.032,1,-4.001262700797222,3.003977610529502,1.1987912451843659,0.012793938810261057
8.041,0,-3.997489956640411,-3.0053248695344084,1.195360620936721,0.008736230660156753
8.041,1,-4.0012173118268155,3.0039090390743737,1.1986897722217742,0.013267512253230725
8.051,1,-4.0011726898583015,3.003840608791617,1.1985824066776465,0.013665245836924852
8.051,0,-3.997480591747115,-3.0052397572723337,1.1953832589268816,0.008949956800961369
8.061,0,-3.9974727743093807,-3.005153278137509,1.1954086375539419,0.00911990078462162
8.061,1,-4.001128886151152,3.0037725247977383,1.1984699480098977,0.014007106751332203
8.071,0,-3.9974667307207272,-3.005065308454455,1.195434808890214,0.009258645406717985
8.071,1,-4.001085919049176,3.0037049962023676,1.1983529586511292,0.014307378901742515
8.081,0,-3.997462685909007,-3.0049757176233185,1.1954604410145504,0.009383124037909469
8.081,1,-4.001043774613558,3.0036382345757895,1.1982318493989172,0.014575967204108106
8.091,0,-3.9974608606944906,-3.004884374134493,1.195484624520042,0.009508019566492498
8.091,1,-4.0010024081257285,3.003572452452869,1.198106923093922,0.01482130670578621
8.101,0,-3.997461470816178,-3.0047911490505363,1.1955072429259732,0.00967527245315889
8.101,1,-4.0009617469189935,3.0035078631331493,1.1979795129141106,0.01481611341922909
8.111,0,-3.9974647276648696,-3.004695917608992,1.195530101445315,0.009909568271180363
8.111,1,-4.000921692916395,3.0034446780564337,1.1978535778066874,0.014468317884417511
8.121,0,-3.997470829022892,-3.0045985687194916,1.1955548383628292,0.010196136197202759
8.121,1,-4.0008821209269305,3.0033830915124935,1.1977323060133311,0.013889842005017394
8.131,0,-3.9974799538145285,-3.0044990104044755,1.1955825330458587,0.010526859763352596
8.131,1,-4.000842879626571,3.0033232695407213,1.1976178288830608,0.01316323575016373
8.141,0,-3.9974922596277382,-3.0043971722135505,1.195613880792674,0.010895852017850658
8.141,1,-4.000803793584275,3.0032653434145447,1.1975115491598267,0.012347310533908945
8.151,0,-3.997507878266303,-3.004293008304696,1.195648542941932,0.011235114675847353
8.151,1,-4.000764665936998,3.0032094059609067,1.197414258774838,0.011512099843725816
8.161,0,-3.997526904139466,-3.0041865035160997,1.1956841188811183,0.011507293426293839
8.161,1,-4.000725285821087,3.0031555132278296,1.1973259869595048,0.010709097094771117
8.171,0,-3.99754938460809,-3.0040776748433276,1.195718594594494,0.0117357836886204
8.171,1,-4.000685445133072,3.0031036965649993,1.1972465807161947,0.009945549648671557
8.181,1,-4.000644954502322,3.003053974282692,1.1971758766498781,0.009226695061838186
8.182,0,-3.997575306129349,-3.0039665762688634,1.1957505905241317,0.011939296314458642
8.191,1,-4.000603654362796,3.0030063597799423,1.1971137042379212,0.008558803281658681
8.191,0,-3.997604585317099,-3.0038533013810476,1.1957791641944178,0.01212911567035369
8.201,0,-3.9976370650469364,-3.003737983336824,1.1958036644202694,0.012310326841046094
8.201,1,-4.000561422117593,3.0029608670040844,1.1970598732263658,0.007948537335350093
8.212,0,-3.9976725160240494,-3.003620792028336,1.1958240620959277,0.012499049120306553
8.212,1,-4.0005181769259055,3.002917512008579,1.1970132739176216,0.007529906105766595
8.22,0,-3.9977106470466826,-3.0035019281200808,1.1958414766383683,0.012689031948466122
8.22,1,-4.000473878681165,3.0028763117726385,1.1969706136554783,0.0073240557574963516
8.231,0,-3.9977511211852037,-3.003381616812127,1.1958568501969598,0.012863289082950261
8.231,1,-4.000428514364468,3.0028372899348135,1.1969292093800432,0.007255235718178095
8.241,0,-3.997793575461461,-3.0032600994199368,1.1958708162678753,0.013012458986604225
8.241,1,-4.00038208714506,3.002800476718217,1.1968872099491523,0.007281693080203588
8.251,0,-3.9978376369139657,-3.0031376263517915,1.1958838046355917,0.013131361788910114
8.251,1,-4.0003346085870355,3.002765907816095,1.1968433537003014,0.007379739865886287
8.261,0,-3.99788293492148,-3.003014451651574,1.195896091255987,0.01321730459506461
8.261,1,-4.000286092990623,3.0027336233567743,1.19679677504355,0.007535370409617942
8.271,0,-3.9979291109590065,-3.002890828580967,1.1959084546759071,0.013283238428423196
8.271,1,-4.000236552720318,3.0027036684133885,1.196747530655783,0.007634128498248847
8.281,0,-3.997975825914719,-3.00276700720121,1.1959230724900762,0.013339512656893607
8.281,1,-4.000185995583765,3.002676091609872,1.196697428411742,0.007619422138195756
8.292,0,-3.9980227641882524,-3.002643234948699,1.195941645567033,0.013390321376201596
8.292,1,-4.000134428090716,3.0026509323877812,1.1966479733244801,0.007530778461587438
8.302,0,-3.998069638373601,-3.0025197561009387,1.1959652666012406,0.013441251171463716
8.302,1,-4.0000818569186665,3.0026282134504667,1.196600166890665,0.00739857872183603
8.311,0,-3.9981161923384465,-3.0023968111730093,1.1959946153490646,0.013496386509107589
8.311,1,-4.00002828950295,3.002607936593982,1.196554673356283,0.007245112155276749
8.321,0,-3.9981622022067023,-3.0022746368554007,1.196030667447104,0.01359828709408855
8.321,1,-3.999973734490017,3.00259008033191,1.1965118843876872,0.007092565835826335
8.331,0,-3.9982074719447835,-3.0021534665556087,1.1960755865628503,0.01378964021932961
8.331,1,-3.9999182034791447,3.00257459910035,1.196471926005466,0.006954042212484723
8.341,0,-3.9982518235889417,-3.0020335288228,1.1961310154590716,0.014079275790567485
8.342,1,-3.999861714856685,3.0025614242222463,1.1964348359339025,0.006832412639680782
8.351,0,-3.9982950877301184,-3.0019150462522943,1.1961979829295548,0.014467154725897654
8.351,1,-3.9998042971187373,3.0025504652720345,1.19640061718841,0.006729208007565348
8.361,0,-3.9983370966844785,-3.0017982345723464,1.1962770793242585,0.014945254855356584
8.361,1,-3.9997459907815305,3.00254161176112,1.1963692369458343,0.006644524444742197
8.371,1,-3.999686849370558,3.002534734784034,1.196340461071153,0.006594652389027996
8.371,0,-3.998377681255448,-3.0016833004138546,1.1963679206839954,0.01540029259954186
8.381,1,-3.999626940536476,3.002529688284744,1.1963136279174718,0.006579444168558119
8.381,0,-3.998416675382177,-3.0015704357706716,1.1964683170985992,0.015754174312082585
8.391,0,-3.9984539264391823,-3.001459814128068,1.1965763995704408,0.01602520696334495
8.391,1,-3.9995663474193446,3.0025263109383427,1.1962881814881852,0.006584229936905971
8.401,0,-3.9984893069672527,-3.0013515849449144,1.1966908212664695,0.016231870835561536
8.401,1,-3.999505169746041,3.0025244270786695,1.1962637153857572,0.006598628298220791
8.411,0,-3.9985227228033833,-3.0012458700647042,1.1968106088392798,0.01639171060275651
8.411,1,-3.999443523841239,3.002523847985041,1.1962399397030217,0.006614633637616264
8.421,0,-3.9985541179031623,-3.00114276208582,1.1969350527635534,0.01651852559185777
8.421,1,-3.999381541799238,3.002524373610886,1.1962166459122228,0.006626647962554827
8.431000000000001,0,-3.998583476904572,-3.001042323720432,1.1970634584504185,0.016592656849900012
8.431000000000001,1,-3.9993193699167513,3.002525794969405,1.1961940299402372,0.006601134575855754
8.441,0,-3.9986108233760547,-3.0009445878593617,1.1971948877137875,0.01660951862370988
8.441,1,-3.9992571647656163,3.0025279002875522,1.1961731862916416,0.006528305211699631
8.451,0,-3.998636211172531,-3.0008495596937146,1.1973285982141237,0.01658666439693663
8.451,1,-3.9991950859575818,3.0025304862034288,1.1961549980410513,0.006427568360928516
8.461,0,-3.998659716475178,-3.0007572181921396,1.1974640459798156,0.016536661388261768
8.461,1,-3.999133289308248,3.0025333688601292,1.1961400251301781,0.006314030594823522
8.471,0,-3.9986814315284946,-3.0006675178050197,1.1976008290446418,0.016469969756310415
8.471,1,-3.9990719220140587,3.002536391632359,1.196128608707255,0.00619817064785493
8.481,0,-3.9987014600896074,-3.0005803903055615,1.1977384835440599,0.016358013320552138
8.481,1,-3.999011119364736,3.002539429721427,1.1961209191357995,0.006088549351754365
8.491,0,-3.9987199168063174,-3.000495751653746,1.1978761890936587,0.01618881847120711
8.491,1,-3.998951001851183,3.0025423878312267,1.1961169342552538,0.0059894404198274085
8.501,1,-3.9988916718019203,3.002545188450132,1.1961165769930302,0.005902621583887199
8.501,0,-3.99873693061765,-3.000413519321763,1.1980132791300366,0.015979837912887363
8.511,0,-3.998752648457386,-3.0003336266862433,1.1981492849372812,0.015743500282563265
8.511,1,-3.9988332108278795,3.0025477605164554,1.19611976069842,0.005829678401346369
8.521,1,-3.9987756784866124,3.002550031466668,1.1961263913956284,0.005771981387398085
8.521,0,-3.9987672369794183,-3.0002560324752188,1.1982838740398627,0.015486991238501922
8.531,0,-3.9987808824833,-3.000180726537655,1.1984167971217974,0.015214153072148203
8.531,1,-3.9987191117967615,3.0025519220225982,1.1961363619840086,0.005730537867904046
8.541,1,-3.998663525244633,3.0025533432432843,1.196149322291081,0.005690507304118016
8.541,0,-3.9987937895427326,-3.0001077326782086,1.1985478191636376,0.014917249624855933
8.551,0,-3.9988061768977032,-3.000037108596848,1.198676593026462,0.014589194945283315
8.551,1,-3.9986089121995945,3.0025541973536427,1.1961641354265982,0.005631249898649846
8.561,0,-3.998818268285673,-2.9999689436490087,1.1988028264744834,0.01423655306038206
8.561,1,-3.998555250515767,3.0025543831216797,1.196179812036409,0.005555141323953792
8.571,1,-3.998502507535607,3.0025538018383395,1.1961956679262051,0.005467936120925414
8.572,0,-3.9988302836042457,-2.9999033551305048,1.1989263074320953,0.013864909318239978
8.581,0,-3.998842432454804,-2.999840484205145,1.1990468931835003,0.01347818692279904
8.581,1,-3.998450643826858,3.0025523617124588,1.1962112432519483,0.005375176923927877
8.591,0,-3.998854909494757,-2.9997804916331856,1.1991644751229864,0.013078049617524576
8.591,1,-3.9983996160876476,3.0025499808798037,1.1962262181214633,0.005281106141801901
8.601,0,-3.9988678915954927,-2.9997235546577437,1.199279245003057,0.012726976067055307
8.601,1,-3.9983493794251364,3.0025465894583094,1.1962401657576474,0.005176448306698425
8.611,0,-3.9988815392549335,-2.9996698684982963,1.199392082863809,0.012451472985626561
8.611,1,-3.99829989194054,3.0025421299069883,1.1962522514357026,0.005062840431355382
8.621,0,-3.9988960025852633,-2.9996196507044677,1.1995036972184723,0.012226948590976963
8.621,1,-3.9982511242459298,3.002536554142505,1.1962618282287132,0.004953165994138353
8.631,1,-3.9982030670990616,3.002529820964495,1.1962684597243511,0.004856539015398925
8.632,0,-3.998911427005089,-2.999573146892659,1.1996145515443877,0.012037557444261235
8.641,0,-3.9989279569442386,-2.999530633826801,1.1997249515437356,0.011874040070637207
8.641,1,-3.998155735997365,3.002521894046542,1.1962718607843394,0.004778975204781442
8.651,0,-3.9989457378810465,-2.9994924191106023,1.199835088688465,0.011729954245711568
8.651,1,-3.998109173539987,3.00251273988526,1.1962722700865178,0.004721169263481128
8.661,0,-3.9989649137275665,-2.9994588310761414,1.1999450650870342,0.011603077282249862
8.661,1,-3.9980634478821306,3.002502326446972,1.1962713772002465,0.0046649920430692875
8.671,0,-3.998985617855363,-2.9994301945943773,1.2000549380854426,0.011496446635846194
8.672,1,-3.9980186424674966,3.0024906277955274,1.1962706685403226,0.004603584301185991
8.681000000000001,0,-3.999007965118412,-2.99940680860703,1.200164751107443,0.01141389254911856
8.681000000000001,1,-3.9979748462264215,3.002477627252926,1.1962711634093184,0.004541560231670475
8.691,1,-3.997932146388341,3.002463319107911,1.1962735389333448,0.004486162690656373
8.691,0,-3.999032046941452,-2.9993889302216044,1.2002745217257174,0.011357665510160668
8.701,0,-3.9990579288619497,-2.9993767643409486,1.2003842390968877,0.011328943977163249
8.701,1,-3.9978906231554157,3.0024477098198097,1.196278057707404,0.004438094658486744
8.711,0,-3.999085650495261,-2.999370456847802,1.2004938607272213,0.011328487423978349
8.711,1,-3.9978503467231605,3.0024308197166465,1.1962842369280329,0.004389196699375054
8.721,0,-3.999115228312586,-2.999370089997844,1.20060334390474,0.011358190259606929
8.721,1,-3.9978113790791148,3.0024126842973997,1.1962915781264671,0.004336800967277329
8.731,0,-3.9991466591872413,-2.999375680505844,1.2007126553368348,0.011419250556987387
8.731,1,-3.9977737760618894,3.002393355695595,1.1962997194327747,0.0042800929070090496
8.741,0,-3.999179923735995,-2.999387180324503,1.2008217810874822,0.011511438483484281
8.741,1,-3.9977375888152866,3.0023729032460795,1.1963084077065274,0.0042189388371705805
8.751,0,-3.9992149892920565,-2.9994044792200407,1.2009307179924262,0.011631549600561794
8.751,1,-3.997702864829038,3.002351413244245,1.1963174612211478,0.004152873550978224
8.761,0,-3.999251812403064,-2.999427407331651,1.201039219370615,0.011720767206860706
8.761,1,-3.9976696488409913,3.002328987867341,1.1963268429215979,0.004087720724045797
8.771,0,-3.9992903457358904,-2.999455736713138,1.2011464684096664,0.011757493059268634
8.771,1,-3.997637983136508,3.0023057417665613,1.1963369017129806,0.004029810971770949
8.781,0,-3.999330554565746,-2.9994891866141984,1.201251823009491,0.011765219195133675
8.781,1,-3.9976079052379245,3.0022817953515384,1.1963479598834095,0.0039781607017927555
8.791,0,-3.9993724300123015,-2.9995274257364906,1.201354856899848,0.011757650503636976
8.791,1,-3.997579445907975,3.002257267906257,1.196360220964343,0.003932386644236919
8.801,0,-3.999415997309097,-2.999570075792682,1.201455294544807,0.011744107067807137
8.801,1,-3.9975526279243154,3.0022322724978405,1.1963738091759482,0.003893194657807503
8.809,0,-3.999461320290248,-2.999616717232563,1.201553175466731,0.011769124395252056
8.809,1,-3.997527464706222,3.0022069125562796,1.1963883671088988,0.003815594173290853
8.821,0,-3.999508495782269,-2.9996668972862937,1.201649078030052,0.011845063406319467
8.821,1,-3.997503959992912,3.0021812781423485,1.1964020166182139,0.0036635776903201768
8.831,0,-3.999557632020516,-2.999720137442797,1.2017434928189248,0.011950446083151807
8.831,1,-3.997482116050309,3.002155438768681,1.196413118990339,0.0034771706808819623
8.841,0,-3.9996088290362555,-2.9997759429538022,1.2018367734290731,0.012070050695587869
8.841,1,-3.997461939247231,3.002129438038983,1.1964205840895614,0.003298666678053324
8.851,0,-3.9996621648711046,-2.999833811104435,1.201929170829963,0.012191833131512826
8.851,1,-3.9974434429994723,3.0021032908214016,1.196423694402897,0.0031666098136966915
8.861,1,-3.9974266493147597,3.002076982170827,1.196421978795609,0.0031129065071842004
8.861,0,-3.999717686414723,-2.9998932379669565,1.2020208551180027,0.012306682183764751
8.871,1,-3.9974115912423787,3.002050467247269,1.1964161705010616,0.003094000317561934
8.871,0,-3.999775402774371,-2.9999537234279154,1.2021114650446623,0.01232409434568273
8.881,0,-3.9998352822490144,-3.0000147764591953,1.202199471025512,0.012213008546760456
8.882,1,-3.997398315769072,3.0020236727023333,1.1964096004406526,0.0030298561454908915
8.891,0,-3.999897258362723,-3.000075922469347,1.2022836375501091,0.012015323282203467
8.891,1,-3.997386878367172,3.0019965012730934,1.1964049831495822,0.002952141819717008
8.901,0,-3.9999612337964745,-3.0001367073054133,1.2023631495096208,0.011761219543001784
8.901,1,-3.997377342121292,3.0019688361828853,1.1964041348173895,0.0029262224768345007
8.911,1,-3.99736977745545,3.0019405451304086,1.1964082655239536,0.003011365848648115
8.911,0,-4.000027083679063,-3.000196699979397,1.2024374996914817,0.011471076959638268
8.921,0,-4.000094658891172,-3.000255494608658,1.202506378769352,0.011157834164362767
8.921,1,-3.9973642613075593,3.001911483927245,1.1964181471927442,0.003236619840817328
8.931000000000001,0,-4.000163790031582,-3.0003127111436902,1.2025699340535125,0.010874949109582786
8.931000000000001,1,-3.9973608776824556,3.0018814990839946,1.1964350553153351,0.00370336123789337
8.941,0,-4.000234292548203,-3.000367995991063,1.2026291909680469,0.010638766822931993
8.941,1,-3.9973597169904154,3.0018504331943867,1.1964619930969205,0.0045106655812477215
8.951,0,-4.000305971452169,-3.0004210265654803,1.2026850293749025,0.010426980135074367
8.951,1,-3.9973608642284217,3.001818140308139,1.1965012905265227,0.005604933382710015
8.961,0,-4.000378627153784,-3.0004715141719025,1.2027380683012348,0.010225990207964329
8.961,1,-3.997364392670016,3.0017844979676735,1.1965544339946328,0.006896825754272227
8.971,0,-4.000452060197175,-3.0005192052445127,1.202788750453787,0.010028976684540199
8.971,1,-3.9973703606174804,3.00174941481631,1.1966223308640858,0.008312450077889378
8.981,0,-4.000526074467044,-3.0005638832251,1.202836858340017,0.009768310013620853
8.981,1,-3.997378807179607,3.0017128367832977,1.1967044128747062,0.009557144334325229
8.991,1,-3.997389753112739,3.0016747520785727,1.1967972324805454,0.01049145096006943
8.991,0,-4.000600480364198,-3.0006053697137194,1.2028807677000966,0.009426428617607176
9.001,0,-4.000675099810081,-3.0006435155713027,1.2029191551911431,0.009046947092447388
9.001,1,-3.997403223113191,3.001635187412797,1.1968978752936665,0.011202312064212825
9.011,0,-4.0007497690280855,-3.0006781962642823,1.2029511649561726,0.008663874743811851
9.011,1,-3.9974192591412367,3.001594207081014,1.1970043042509713,0.011754572726179614
9.021,0,-4.000824340207347,-3.000709309022442,1.2029762458847066,0.008303737506348217
9.021,1,-3.9974379278750347,3.001551911420699,1.1971150910314508,0.012195279888076421
9.031,1,-3.997459325085121,3.0015084343125884,1.1972292223423073,0.012556360784928371
9.031,0,-4.000898682492832,-3.0007367705015175,1.2029940589037813,0.007988597797378408
9.041,0,-4.000972682293165,-3.000760514947868,1.2030043778974036,0.00773472055125727
9.041,1,-3.997483578769204,3.001463939569801,1.1973464140392311,0.012958840804232687
9.051,0,-4.001046241605379,-3.000780492382724,1.2030069536424743,0.0075583470893776875
9.051,1,-3.9975108482716344,3.0014186151993294,1.197467635389258,0.013456091182321689
9.061,0,-4.001119273377717,-3.0007966653287452,1.2030016326952464,0.007472384763851528
9.061,1,-3.9975413115084075,3.001372666754541,1.1975936980114426,0.014014516892011365
9.071,0,-4.001191697203218,-3.0008090062488493,1.2029883634381024,0.007482493722327246
9.071,1,-3.9975751555289727,3.0013263096460476,1.1977251170320649,0.014612536211073288
9.082,0,-4.001263436266231,-3.0008174956588523,1.2029671661317485,0.0075878258068553745
9.082,1,-3.9976125695687883,3.001279762882424,1.197862203586427,0.015234625286555522
9.091,0,-4.001334415339833,-3.00082212068536,1.2029380958255431,0.007782814202120439
9.091,1,-3.9976537395144236,3.0012332442091423,1.198005114049265,0.015869409816089506
9.101,0,-4.001404559247951,-3.0008228726882518,1.202901570566049,0.008017097001854148
9.101,1,-3.997698842248563,3.0011869663087927,1.1981535793291067,0.01643195010123585
9.111,0,-4.001473791183587,-3.0008197478189804,1.2028588424792637,0.008246078807259936
9.111,1,-3.9977480364742433,3.0011411340019576,1.198306179465081,0.01685869147727355
9.121,0,-4.001542031852625,-3.000812759151453,1.2028109450843028,0.008466862290331976
9.121,1,-3.997801457499385,3.001095943603327,1.1984616363908895,0.01719178176253241
9.131,0,-4.001609198350039,-3.0008019439690954,1.2027586081901291,0.0086801861587014
9.131,1,-3.9978592093969696,3.001051583042281,1.1986190535206276,0.017462713371935626
9.141,0,-4.001675203476255,-3.0007873674785324,1.2027023614687686,0.008887942413615771
9.141,1,-3.9979213591292875,3.0010082320125355,1.1987778082869667,0.017691900784291868
9.151,0,-4.001739955419949,-3.0007691238426353,1.202642734480795,0.009065081002029428
9.151,1,-3.997987934422252,3.0009660623125836,1.1989376571509773,0.017940658087335883
9.161,0,-4.001803359498941,-3.000747333410757,1.2025806646946846,0.009189581006774554
9.161,1,-3.998058928444949,3.0009252366186963,1.1990991584631012,0.018253066155155675
9.171,0,-4.001865325668025,-3.0007221394038233,1.2025169347098112,0.009275972798294525
9.171,1,-3.9981343071979167,3.0008859013148164,1.1992628415036863,0.018607442450544184
9.181,0,-4.001925775370077,-3.0006937021824487,1.202452086162272,0.009336272248675379
9.181,1,-3.9982140203086844,3.0008481801568845,1.1994290419916733,0.018987996070315497
9.191,0,-4.001984646135316,-3.0006621940940263,1.2023864831088804,0.009379619334640986
9.191,1,-3.9982980098011756,3.000812170357152,1.1995979493047135,0.019383601797439188
9.201,0,-4.002041894463189,-3.0006277953210923,1.2023203723292728,0.00941152101136355
9.201,1,-3.998386216432818,3.0007779405379345,1.1997696628003813,0.019788677312867438
9.211,0,-4.002097497056322,-3.0005906900620696,1.2022541236283577,0.009399666095355084
9.211,1,-3.9984785816788855,3.000745529272366,1.1999437434254596,0.020086529481661803
9.221,0,-4.002151450315874,-3.0005510630753816,1.2021887012973997,0.009320605530199443
9.221,1,-3.9985750393640918,3.000714945458142,1.2001180703207575,0.020191512097065406
9.231,0,-4.002203770282023,-3.0005091003651665,1.202124921670315,0.009197459164399034
9.231,1,-3.998675507234049,3.00068617976624,1.200290788604709,0.02016967289804161
9.241,0,-4.0022544909915005,-3.0004649882205365,1.202063345152679,0.009047145827900345
9.241,1,-3.99877987213384,3.0006592135678822,1.2004606423642201,0.02006507263851609
9.251,0,-4.002303662489842,-3.0004189119127047,1.2020043418716504,0.00888211953810777
9.251,1,-3.9988879790809273,3.0006340250551666,1.2006267773234567,0.019905970912646377
9.261,0,-4.002351348890255,-3.000371054560773,1.2019481515088493,0.008709927683314921
9.262,1,-3.9989996254905273,3.0006105939503795,1.2007886163430643,0.019710990911103482
9.271,0,-4.002397626408364,-3.000321596149578,1.2018949844339004,0.008528263231685452
9.271,1,-3.999114559438167,3.0005889050182395,1.2009458278654535,0.019500637857619255
9.281,0,-4.002442581001983,-3.0002707152791612,1.2018451370247245,0.008336960167388675
9.281,1,-3.9992324800253387,3.0005689498210746,1.2010983567754399,0.019286203272728886
9.291,0,-4.002486305438976,-3.000218596841289,1.2017988271797757,0.008142927486921716
9.291,1,-3.9993530372844392,3.0005507257711406,1.2012462063320914,0.019063315369796906
9.301,0,-4.002528896203901,-3.0001654389295025,1.2017561919934823,0.007949641764183817
9.301,1,-3.999475834267668,3.0005342349557647,1.2013893907974327,0.01882863557326678
9.311,1,-3.999600431114013,3.000519483155908,1.2015279424660663,0.01857801843623263
9.312,0,-4.002570450990641,-3.0001114568623795,1.2017173101638974,0.007758972185508958
9.322,0,-4.002611066991027,-3.0000568850085774,1.2016818606569812,0.007612827445126844
9.322,1,-3.999726350655098,3.0005064793220138,1.2016620832864933,0.01834323486434897
9.331,0,-4.00265084078112,-3.0000019738313504,1.2016483163825586,0.0075325251295976035
9.331,1,-3.9998530879229315,3.0004952339722437,1.201792678561503,0.01814675889995222
9.341,0,-4.002689868677409,-2.999946978181924,1.20161535540536,0.007488543769825085
9.341,1,-3.9999801252754543,3.000485751725646,1.2019204951825286,0.017964337500816847
9.351,1,-4.000106948452041,3.0004780251491345,1.2020460569553224,0.017779424874840594
9.351,0,-4.002728248680455,-2.9998921467469457,1.2015820744365695,0.007465986749182352
9.361,1,-4.000233059018408,3.000472030878396,1.2021697181803557,0.01758313267763125
9.361,0,-4.002766082068364,-2.999837714516472,1.2015478601808132,0.007456422821872414
9.371,0,-4.002803473935652,-2.9997838980450515,1.2015129403503233,0.007382703063771303
9.371,1,-4.000357982946983,3.0004677275243217,1.2022919161765853,0.017401820741001973
9.381,0,-4.002840529940624,-2.9997308968623733,1.2014791769647166,0.007212487520127855
9.381,1,-4.000481272438891,3.0004650538682713,1.202413445820477,0.01724424046802565
9.391,0,-4.002877347841439,-2.999678900571026,1.2014481032481021,0.006980890876748012
9.391,1,-4.000602500451778,3.0004639251380514,1.2025349192610084,0.01709534719812794
9.401,0,-4.002914008856468,-2.999628096168829,1.2014207520725697,0.006715539380391037
9.401,1,-4.000721254543295,3.000464231357767,1.2026567493659333,0.016945869956249335
9.411,0,-4.002950571947321,-2.9995786729285507,1.2013978063427384,0.00643770338950009
9.411,1,-4.000837132801698,3.000465837262183,1.2027792102002242,0.016789267148627315
9.421,0,-4.002987070440027,-2.9995308251062274,1.201379699350467,0.006162885652972084
9.421,1,-4.000949741440009,3.0004685834249076,1.2029024715602588,0.01662143745104128
9.431000000000001,0,-4.003023510406317,-2.9994847520154586,1.2013662191988528,0.00592431481386081
9.431000000000001,1,-4.001058693291397,3.0004722882151995,1.2030267251167548,0.016457846887880552
9.441,0,-4.003059870492111,-2.9994406524326287,1.2013559146890875,0.005715541178786225
9.441,1,-4.0011636091666345,3.0004767508444874,1.2031523528747166,0.016307005545468
9.451,0,-4.003096102750045,-2.999398715587507,1.2013475657114914,0.005514504085858557
9.451,1,-4.001264125249629,3.0004817555357053,1.2032796414561209,0.01616297668044871
9.461,0,-4.003132134399424,-2.9993591111505906,1.2013403281115154,0.005311249922740581
9.461,1,-4.0013598992975545,3.0004870758762023,1.2034087695705273,0.016024650989530397
9.471,1,-4.001450614852692,3.0004924785275775,1.2035398565058373,0.015892440154526337
9.471,0,-4.003167870283886,-2.99932198212994,1.2013336319569485,0.005102130712489461
9.481,0,-4.003203195784054,-2.999287440346449,1.20132707217221,0.004886943051711007
9.481,1,-4.001535987968217,3.000497726834951,1.2036722808666156,0.01562642312738912
9.491,0,-4.003237980032984,-2.999255563735733,1.2013203416345573,0.0046665818567162
9.491,1,-4.001615775773256,3.00050258962014,1.2038037420616883,0.015165021317390878
9.501,0,-4.00327207927789,-2.999226394998665,1.2013132369107933,0.0044422512310359225
9.501,1,-4.001689769088825,3.00050685696936,1.2039323732210316,0.014568178799910422
9.511,1,-4.001757793845647,3.0005103534607165,1.2040569132589694,0.013878998742760074
9.511,0,-4.003305340112128,-2.999199941496652,1.2013056264377857,0.004215599654678819
9.521,1,-4.00181971327943,3.000512946492053,1.2041765104679716,0.013128738153731025
9.521,0,-4.003337602506975,-2.9991761763098164,1.2012974185899126,0.003988368609553595
9.531,0,-4.003368702546689,-2.9991550402126252,1.2012885558790392,0.003761822272176632
9.531,1,-4.001875428824384,3.0005145508481763,1.2042906002054277,0.012341766455657916
9.541,0,-4.0033984751360325,-2.999136444125536,1.2012788904532035,0.0035457161395858164
9.541,1,-4.001924883097246,3.000515130734514,1.2043983352545136,0.011426919393933387
9.551,0,-4.0034267587278505,-2.999120273850637,1.2012679890911981,0.003350174474297394
9.551,1,-4.001968064695104,3.0005146975046024,1.2044978185153274,0.01034992588009401
9.562,0,-4.003453402443249,-2.99910639991961,1.2012555030594554,0.0031796298444826876
9.562,1,-4.0020050000380625,3.0005132995598633,1.2045875711090854,0.009168278075307118
9.571,0,-4.0034782723853946,-2.9990946859986303,1.201241209993876,0.0030391812306496107
9.571,1,-4.0020357528577994,3.000511013415764,1.2046666401730868,0.007922704854789929
9.581,0,-4.003501255802318,-2.9990849951237006,1.2012249593023667,0.0029344833931440077
9.581,1,-4.002060424109682,3.0005079365900436,1.2047344212297921,0.006641324135169526
9.591,0,-4.003522263374348,-2.9990771944471137,1.201206652809035,0.00286918001281438
9.591,1,-4.002079150401555,3.000504181717631,1.204790550413631,0.005346154430969692
9.601,0,-4.003541228891453,-2.999071159513155,1.2011867819129018,0.0027479660468877854
9.602,1,-4.002092097300004,3.000499871295283,1.2048355447997625,0.004235532187550513
9.611,0,-4.003558106293735,-2.9990667741373453,1.2011671537838557,0.0025109878338623296
9.611,1,-4.002099447416841,3.00049513263416,1.2048724203507062,0.003475633399708301
9.621,0,-4.003572869221545,-2.999063919520777,1.2011492292855737,0.0021893219354996375
9.621,1,-4.002101415290457,3.0004900948349857,1.2049038552194447,0.00300115926389645
9.631,0,-4.003585507559872,-2.999062466796593,1.2011339965545507,0.0018110146219375127
9.631,1,-4.002098247252453,3.0004848846314545,1.2049317074926666,0.002769250144330148
9.641,1,-4.002090216366717,3.000479622984468,1.2049572806753712,0.0027329772395492833
9.642,0,-4.0035960241439605,-2.9990622726807574,1.201122116781272,0.0014012803606601486
9.651,0,-4.00360443241309,-2.999063177154126,1.2011138592875368,0.0010116555493111202
9.651,1,-4.002077619141683,3.0004744226113216,1.2049811839188074,0.0027695636762889767
9.662,0,-4.003610753448208,-2.999065006419548,1.2011089687534986,0.0006766430987857931
9.662,1,-4.002060775980758,3.000469383728005,1.2050027571579214,0.0028021874563013823
9.671,0,-4.0036150098705185,-2.9990675836997815,1.2011071860483016,0.0004417672722842599
9.671,1,-4.002040027718325,3.00046458550233,1.2050213353900674,0.002856411347982638
9.681000000000001,1,-4.002015737056653,3.000460078528247,1.2050364799571467,0.0029427618903251993
9.681000000000001,0,-4.003617221347224,-2.9990707387914703,1.2011083005496825,0.00043153558868184804
9.691,0,-4.003617401550568,-2.9990743147203576,1.201112138402119,0.0006295990146103912
9.692,1,-4.001988289075686,3.0004558803939387,1.2050479109982175,0.0030619777778699685
9.701,0,-4.003615556716537,-2.999078172138374,1.2011183223092705,0.0008422584958884341
9.701,1,-4.001958089453271,3.0004519738724293,1.2050556277221627,0.00321602600180496
9.711,0,-4.003611686918247,-2.999082191012993,1.2011256666770176,0.0009811660589898682
9.711,1,-4.001925560339251,3.000448308527978,1.2050604400632259,0.0033853669270169904
9.721,0,-4.003605787153547,-2.99908626934614,1.201133142447195,0.0010797289098579692
9.721,1,-4.001891137868646,3.000444807566472,1.2050631514069228,0.003537067324507698
9.731,0,-4.003597850349002,-2.999090320750393,1.2011400460645885,0.001169434544413064
9.731,1,-4.0018552670831795,3.0004413761545163,1.2050643322264118,0.003656120828178346
9.741,0,-4.003587870030169,-2.9990942723390255,1.2011458962150634,0.0012717794941798767
9.741,1,-4.00181839659323,3.000437908477846,1.2050643859226535,0.0037360108358138657
9.751,0,-4.003575842226399,-2.9990980629575232,1.201150355694437,0.0013983320070705483
9.751,1,-4.001780973942177,3.000434293392252,1.2050635873257893,0.003774437885411195
9.761,0,-4.003561766483127,-2.999101641721651,1.2011532394036266,0.0015546266899323382
9.761,1,-4.001743441640258,3.0004304187484454,1.2050620370184728,0.003772216077839636
9.771,0,-4.003545643632248,-2.9991049672398606,1.2011545629870846,0.0017354169522123574
9.771,1,-4.0017062334763,3.000426172017954,1.2050595720776291,0.0037322307354709467
9.781,0,-4.003527469233277,-2.999108007757249,1.2011543520828496,0.0019341556498820075
9.781,1,-4.001669770934877,3.000421435283596,1.2050560506458217,0.0036576598500744563
9.791,0,-4.0035072273770105,-2.9991107411459086,1.2011526216250963,0.002147312140688758
9.791,1,-4.001634460249919,3.000416080652036,1.2050513908337255,0.0035520976595874295
9.801,0,-4.003484886742642,-2.999113154570901,1.2011493912623474,0.0023730649064346975
9.801,1,-4.001600690082744,3.000409967810009,1.2050455621340808,0.003420035164529694
9.808,0,-4.0034603990565305,-2.9991152437451034,1.2011444445290593,0.0026226161186445125
9.808,1,-4.001568830188331,3.0004029428039276,1.2050388831077152,0.0032483118858131817
9.82,0,-4.003433700150261,-2.999117008625684,1.201137023514589,0.002910114248687493
9.82,1,-4.001539228888248,3.000394837439616,1.2050327857758842,0.0030267529662168385
9.831,0,-4.0034047114682005,-2.9991184431861457,1.2011265303076037,0.0032376250535153363
9.831,1,-4.001512200555063,3.0003854719317062,1.2050285186412986,0.0027837141521218447
9.841,0,-4.003373343437994,-2.9991195266252015,1.201112581437134,0.003602351132914868
9.841,1,-4.001488015663214,3.000374657515438,1.2050269298877427,0.002558084673618159
9.851,1,-4.001466895232301,3.0003621991382388,1.2050285749937626,0.002395140561844807
9.852,0,-4.0033394989863,-2.9991202177650633,1.2010949285966142,0.003999499347551955
9.861,1,-4.001449008327458,3.0003478982199545,1.2050338108011105,0.0023396483460721646
9.862,0,-4.003303076646937,-2.9991204519480714,1.2010734181100342,0.0044229198695212996
9.871,0,-4.003263972264562,-2.999120139819008,1.201048321729331,0.004816265369698838
9.871,1,-4.0014344696229935,3.000331556784468,1.205042232422083,0.0023504562497010414
9.881,0,-4.003222081200355,-2.9991191724932618,1.201021116921687,0.005133745258029661
9.881,1,-4.001423334771645,3.0003129864530713,1.2050511947355211,0.0023431422779425517
9.891,0,-4.003177310905079,-2.999117440490866,1.2009930994838265,0.005402155338067464
9.891,1,-4.001415609934318,3.0002920138614133,1.2050583750571449,0.0023694543889951746
9.901,0,-4.003129589403671,-2.9991148520415982,1.2009651601985316,0.00564311307554905
9.901,1,-4.001411255541585,3.000268488960099,1.2050622176992427,0.002495624092790203
9.911,0,-4.003078869827457,-2.9991113456218605,1.2009378951754563,0.0058717190480236
9.911,1,-4.001410188802278,3.0002422916377904,1.2050616820048525,0.0027564874294638618
9.921,0,-4.003025132630392,-2.99910689791759,1.2009116968987008,0.006096100230061592
9.921,1,-4.001412287286718,3.0002133356271314,1.2050560861724886,0.003145117262388245
9.931000000000001,0,-4.002968386642488,-2.9991015282181346,1.200886680658013,0.006335348723993643
9.932,1,-4.001417394564738,3.000181569000074,1.20504549546659,0.0035844188518953154
9.941,0,-4.002908671476069,-2.9990952979535157,1.2008623538294347,0.006597320151752449
9.941,1,-4.001425326401194,3.00014697418744,1.2050317814273002,0.003978262759265932
9.951,0,-4.002846059950603,-2.9990883025234494,1.2008382446631936,0.006867509137744708
9.951,1,-4.001435865183668,3.000109582043481,1.2050166320091418,0.00431971224095637
9.961,0,-4.002780661130518,-2.9990806625484088,1.2008140366107538,0.007135217468185539
9.961,1,-4.001448760368265,3.0000694796956204,1.2050012127174892,0.004616076927050488
9.971,0,-4.00271262148414,-2.9990725166691994,1.2007895175943573,0.007392869668304625
9.971,1,-4.001463731835338,3.0000268128654413,1.204986320225544,0.004874159249979522
9.981,0,-4.002642123586843,-2.9990640157912036,1.2007647012813725,0.007621783005902774
9.981,1,-4.001480474105909,2.999981784953599,1.2049725241981248,0.005094526343810647
9.991,0,-4.002569379100959,-2.9990553192786136,1.2007400405449347,0.007813809849611096
9.991,1,-4.001498662005368,2.999934648269111,1.2049603110634484,0.005277958430364161
10.001,0,-4.002494615448982,-2.999046593247938,1.2007159108306877,0.00797435227894853
10.001,1,-4.001517957755757,2.9998856846026145,1.204950027026495,0.005427368113400077
10.011,0,-4.0024180620358685,-2.999038008751959,1.2006925440960259,0.008108224346514419
10.011,1,-4.001538017646774,2.999835186509633,1.2049418891911077,0.005545197068418646
10.021,0,-4.002339939894958,-2.9990297397321393,1.2006700776442114,0.008218939228282636
10.021,1,-4.00155849741564,2.9997834431037393,1.2049360289265212,0.005633488888006764
10.031,1,-4.001579056379774,2.9997307296278155,1.2049325289655366,0.0056948282590008155
10.031,0,-4.002260454470926,-2.999021961025896,1.200648595512053,0.008309998046361147
10.041,0,-4.002179790710512,-2.999014846308165,1.200628307454407,0.008374733904512719
10.041,1,-4.001599360822014,2.9996773005132407,1.2049310765975145,0.00573284173063869
10.051,1,-4.001619087190926,2.9996233873092524,1.2049304997907837,0.005743843408222723
10.051,0,-4.002098111753389,-2.9990085625053293,1.2006098240333478,0.008414596846345965
10.061,0,-4.002015563093492,-2.999003257660779,1.2005936329247544,0.008439612384624434
10.061,1,-4.001637924102941,2.9995692018968576,1.2049298525917922,0.00572770994359194
10.071,1,-4.001655573748968,2.999514941254263,1.2049284983989201,0.005688127722095201
10.071,0,-4.001932276672075,-2.9989990505946404,1.2005800513375189,0.008457026725406132
10.081,0,-4.001848374170973,-2.998996024412138,1.200569265798683,0.008471691209179429
10.082,1,-4.001671753086702,2.999460790969797,1.2049260026636655,0.005629734598745807
10.092,0,-4.001763969668245,-2.9989942230709765,1.2005613787582217,0.008486247546266808
10.092,1,-4.001686194758173,2.9994069276187494,1.2049220769676505,0.005557101431986732
10.101,0,-4.0016791715234215,-2.99899365068992,1.2005565968134544,0.008500571892155539
10.101,1,-4.001698646948083,2.9993535203165727,1.2049169549001923,0.00546396759028787
10.111,0,-4.001594080614859,-2.998994278919136,1.200555585152346,0.008520890464882814
10.111,1,-4.001708873999765,2.9993007290498896,1.2049119171413667,0.005347022351755388
10.121,0,-4.001508781848197,-2.9989960673312135,1.2005588784499468,0.008557057063388279
10.121,1,-4.001716663308587,2.9992486967843335,1.20490800451491,0.005217665803086422
10.131,0,-4.001423335377506,-2.998998984062635,1.200566805467534,0.008616099098562154
10.131,1,-4.001721829283388,2.999197542466657,1.2049059144857843,0.005089619063454649
10.141,0,-4.001337770803729,-2.9990030199469966,1.2005795382405116,0.008702510845355253
10.141,1,-4.001724215106255,2.9991473566557976,1.204906092261737,0.004975914745071108
10.151,0,-4.001252084176058,-2.9990081966427007,1.2005967302097196,0.00879713809830981
10.151,1,-4.00172369309739,2.9990981993694037,1.204908787178956,0.004887172557573326
10.161,1,-4.001720163167611,2.9990501024977645,1.204914091453903,0.004830551499659341
10.161,0,-4.0011662415289,-2.9990145683249114,1.2006169940078129,0.008879564080393558
10.171,0,-4.001080191051819,-2.999022219158541,1.2006391842734219,0.008950959612422869
10.171,1,-4.001713548902874,2.9990030784329864,1.2049220415212665,0.004810315124199297
10.181,0,-4.000993875007051,-2.999031258353654,1.2006624997141335,0.00901505980043155
10.182,1,-4.001703793860492,2.998957128468132,1.2049326346229132,0.004828010626188145
10.192,0,-4.000907238384241,-2.9990418155294,1.2006863829035022,0.009076125443487933
10.192,1,-4.001690858501503,2.9989122490480478,1.2049458471137215,0.004883452162817945
10.201,0,-4.000820234966439,-2.99905403659803,1.2007104545732767,0.009137336885457297
10.201,1,-4.001674717674495,2.9988684362294453,1.2049616499918059,0.0049745998872851435
10.211,0,-4.000732831142328,-2.9990680802951344,1.2007347041733696,0.009217289928718796
10.212,1,-4.00165535950024,2.9988256884856432,1.204979809362911,0.005080617925208463
10.222,0,-4.000645007440968,-2.9990841101592682,1.200759822598968,0.009324629418123795
10.222,1,-4.001632789876148,2.998784006699659,1.2049996373920102,0.005186871446876267
10.231,0,-4.000556758667659,-2.999102275896305,1.2007864030383928,0.009453804850097282
10.231,1,-4.001607042952026,2.998743391196098,1.205020580819148,0.005294584714709796
10.241,1,-4.001578191827879,2.998703837873256,1.2050422470410953,0.005403658374544466
10.241,0,-4.000468093282293,-2.999122698061969,1.2008148400360723,0.009600118041460801
10.251,0,-4.000379032653944,-2.9991454582479,1.2008453907537644,0.009759889776106433
10.251,1,-4.001546354789116,2.9986653352842416,1.2050643555863123,0.005513377187732995
10.261,0,-4.000289610170032,-2.9991705935119657,1.2008782287513653,0.009929451040600381
10.261,1,-4.001511697601258,2.998627862791823,1.2050867174878581,0.005621494054204877
10.271,0,-4.000199870319072,-2.999198093799592,1.2009133705278385,0.010097332202010994
10.271,1,-4.001474433923495,2.998591389005882,1.2051087883991858,0.005686200722132218
10.281,0,-4.000109865981111,-2.9992279046751036,1.2009505788139063,0.01025633449910161
10.281,1,-4.001434816818837,2.998555870522737,1.2051290939192643,0.00569834272720755
10.291,0,-4.000019652432432,-2.9992599376832816,1.2009896411877956,0.010406615158583047
10.291,1,-4.00139311266452,2.9985212526832505,1.2051464747608305,0.0056869728111768394
10.301,0,-3.9999292819082886,-2.9992940801994137,1.2010303952424632,0.010548088209901834
10.301,1,-4.001349580322446,2.9984874697787363,1.2051601693962262,0.005674238020159998
10.311,0,-3.999838799755397,-2.9993302030907607,1.2010727026353412,0.010680707549945549
10.311,1,-4.00130445681154,2.998454445874627,1.2051696808128254,0.005676254175313659
10.321,0,-3.999748241886559,-2.999368166012151,1.2011161514408633,0.010775839309107643
10.321,1,-4.0012579468920455,2.9984220966355646,1.205175387337861,0.005715441412673581
10.331,0,-3.999657633377042,-2.999407817866028,1.2011596455344766,0.010822175587181421
10.331,1,-4.001210220548734,2.998390331539399,1.2051794493394585,0.005775249509592687
10.341,1,-4.001161424464936,2.9983590546145256,1.2051836471507769,0.0058414752604623085
10.341,0,-3.9995669880251543,-2.9994489928692207,1.2012022943547112,0.010834040608585251
10.351,0,-3.9994763087451375,-2.9994915052941247,1.2012434881896012,0.01082255139573266
10.351,1,-4.001111690899627,2.998328166517794,1.2051891884988488,0.005914447189568817
10.361,0,-3.999385588299282,-2.99953514648566,1.20128282349161,0.010795050199212793
10.361,1,-4.0010611438478945,2.9982975665106055,1.2051968946949132,0.005997671165965196
10.371,0,-3.9992948104043,-2.9995796839388764,1.2013198623997836,0.010742653266039836
10.371,1,-4.001009904062177,2.9982671539776433,1.205206487674272,0.006058559547346117
10.381,0,-3.9992039524141747,-2.9996248659560045,1.2013538672753814,0.010666693080546744
10.381,1,-4.000958092462031,2.9982368311896828,1.2052155412961305,0.0060771140087268576
10.391,0,-3.9991129900443596,-2.999670434548816,1.2013842810413593,0.010579403792643632
10.391,1,-4.000905829786996,2.9982065084489338,1.205222054431118,0.00607813929578988
10.401,0,-3.999021901357792,-2.999716137082653,1.201410744430186,0.010489083666413357
10.401,1,-4.0008532376135015,2.998176107901628,1.2052246876406654,0.006087474590214429
10.411,0,-3.998930669333171,-2.9997617347475947,1.2014330232070713,0.01040131372636934
10.411,1,-4.000800439127002,2.998145565882516,1.2052225478320298,0.006124853525487847
10.421,0,-3.998839283316997,-2.9998070084864876,1.2014509722654125,0.010320344678017838
10.421,1,-4.000747559414323,2.998114834210984,1.2052150526972596,0.00620245062584828
10.431000000000001,1,-4.000694725265197,2.9980838805687258,1.2052019165169465,0.006321325600379392
10.431000000000001,0,-3.9987477395436244,-2.999851762794707,1.2014645817522134,0.010250932745921726
10.441,0,-3.9986560389896053,-2.9998958268603393,1.2014740894004285,0.010194226106495768
10.441,1,-4.000642061789648,2.998052685647622,1.2051831607335628,0.006476220057706521
10.451,0,-3.998564180629872,-2.9999390525966922,1.2014797345961377,0.010148807630750033
10.451,1,-4.000589683875886,2.998021235631519,1.2051588641117847,0.006663130252407231
10.461,0,-3.998472154864837,-2.9999813118157026,1.2014817183638942,0.01011447229968339
10.461,1,-4.00053768848039,2.9979895152922786,1.2051291266143558,0.006878660686280305
10.471,0,-3.9983799391514405,-3.000022493638734,1.201480199336581,0.010091857710626453
10.471,1,-4.000486149548005,2.9979575034198134,1.2050940473510827,0.007120502476517997
10.481,0,-3.998287495383343,-3.000062501632817,1.2014756332008403,0.01007734422224303
10.481,1,-4.000435115139393,2.9979251700759724,1.2050539558274669,0.007353673164572364
10.491,0,-3.9981947701716773,-3.000101248451687,1.2014692474200073,0.010063832782934469
10.492,1,-4.0003846061569455,2.997892476692808,1.2050097461248657,0.007555240023827282
10.501,1,-4.000334615692262,2.997859380142651,1.2049621574445593,0.007733528352361213
10.501,0,-3.998101699415193,-3.0001386484337167,1.2014620322701728,0.01005046074030602
10.511,0,-3.9980082129585868,-3.0001746104535205,1.2014546527714274,0.010038555397112568
10.511,1,-4.000285109770865,2.9978258367911392,1.204911703045817,0.007896957721638564
10.521,0,-3.997914238281822,-3.0002090331294253,1.20144755489841,0.010029619916059775
10.521,1,-4.000236029055336,2.997791805502226,1.2048587462030886,0.008051188413517468
10.531,1,-4.000187291115715,2.997757249766195,1.204803553416132,0.008201181872192329
10.531,0,-3.9978197033513534,-3.0002418021271717,1.2014410408923986,0.01002497542286674
10.541,0,-3.9977245393517347,-3.0002727898234953,1.2014349959425383,0.010029773025618634
10.541,1,-4.000138793168171,2.997722139023541,1.2047462195410823,0.008366585557648323
10.551,0,-3.997628687844215,-3.000301859907708,1.2014285020175386,0.010045280931651664
10.551,1,-4.000090417890354,2.997686445629497,1.2046865748133992,0.008555181130071218
10.561,0,-3.9975321142619733,-3.0003288762141853,1.2014208089532503,0.010069347614826071
10.562,1,-4.000042044051095,2.9976501346606614,1.204624499012912,0.008761209110508936
10.571,0,-3.9974348197194005,-3.0003537126274122,1.2014114058141419,0.010099990175884612
10.571,1,-3.999993555773912,2.9976131547246587,1.204559934205537,0.00898106671414038
10.581,0,-3.9973368480131835,-3.000376260547322,1.2013999462901257,0.010134590629066598
10.581,1,-3.999944848842229,2.997575432023982,1.2044928652358886,0.009211358102836565
10.591,0,-3.997238288764544,-3.0003964339191507,1.2013862105731572,0.010169830970624714
10.591,1,-3.999895834741908,2.997536867055461,1.2044233203933756,0.009448823948935009
10.601,1,-3.999846442973213,2.997497333588799,1.204351507214624,0.009663887454929364
10.601,0,-3.9971392771679306,-3.0004141705830603,1.201370810176447,0.01017316546033157
10.609,0,-3.9970399888070607,-3.0004294343120614,1.2013561890257347,0.010128210068819839
10.609,1,-3.999796622220358,2.9974566852593476,1.2042780079459399,0.009844582554551473
10.621,0,-3.996940629442341,-3.0004422289158965,1.201344327105663,0.010053310150062018
10.621,1,-3.999746341457409,2.99741477434269,1.2042033008201574,0.010001831737408528
10.631,0,-3.996841423174087,-3.0004526052420695,1.2013365574464674,0.009966841350985448
10.631,1,-3.9996955904257407,2.997371468707144,1.2041277343630714,0.01014260935163054
10.641,0,-3.9967426025251895,-3.000460663574915,1.2013337481793578,0.009883333081044946
10.641,1,-3.9996443795094736,2.9973266634082885,1.2040515527446067,0.010272116517008843
10.652,0,-3.9966444000666077,-3.000466554607669,1.2013356628743543,0.009804361700999378
10.652,1,-3.9995927389512556,2.9972802877389886,1.2039751042412274,0.01036010233199377
10.661,0,-3.996547043165363,-3.000470475082828,1.2013399804961675,0.009707996621418637
10.662,1,-3.999540715272216,2.9972323090688433,1.2038991250435003,0.010396145796899974
10.671,0,-3.996450755959264,-3.0004726491355913,1.2013447505359758,0.009586145796741427
10.671,1,-3.9994883639197885,2.9971827360991927,1.2038241850775626,0.010397681435470365
10.681000000000001,0,-3.9963557614373775,-3.0004733156416914,1.2013486325887128,0.009440352531069878
10.681000000000001,1,-3.99943574228593,2.9971316194250375,1.203750655695236,0.010375075471424673
10.692,0,-3.9962622823832077,-3.000472719155923,1.2013507222695508,0.00927464723285596
10.692,1,-3.999382904639644,2.9970790501918616,1.2036787863661866,0.010334860752882433
10.701,0,-3.9961705420530143,-3.0004711026562854,1.201350802308409,0.009091750700514599
10.701,1,-3.999329898824608,2.9970251579882206,1.2036084175009063,0.010332622758264857
10.711,0,-3.99608076081693,-3.000468702498175,1.2013501937320703,0.008888258052267013
10.711,1,-3.9992767646061282,2.996970106595036,1.2035385808761492,0.010387262776671478
10.721,0,-3.995993137923594,-3.0004657483617887,1.2013501324655858,0.008666002084880293
10.721,1,-3.9992235331982684,2.9969140852079685,1.2034684848996164,0.010474547230906798
10.731,0,-3.995907835716793,-3.000462462175786,1.2013514637948823,0.008431559262034519
10.731,1,-3.999170227470189,2.996857301231862,1.2033976017453971,0.010579105531807477
10.741,0,-3.9958249698252986,-3.00045905661038,1.201354747932364,0.008192970953809471
10.741,1,-3.999116862343006,2.9967999743520726,1.203325574087124,0.010691587789823855
10.751,0,-3.9957446036952238,-3.0004557337072835,1.2013603504060693,0.007958469028499058
10.751,1,-3.999063445259513,2.9967423315457173,1.2032521653834742,0.010804864034076904
10.761,0,-3.9956667477742824,-3.0004526838283656,1.201368994023687,0.007752081023088491
10.761,1,-3.9990099766231455,2.99668460273617,1.2031771727267226,0.010926103847379205
10.771,0,-3.9955913638368856,-3.0004500818326303,1.2013829164442018,0.007622523776411495
10.771,1,-3.998956448925973,2.9966270146036442,1.2031002346558373,0.01106346345342566
10.781,0,-3.9955183663045584,-3.000448075065969,1.2014040060422084,0.007610176101320339
10.781,1,-3.9989028429400073,2.99656977978652,1.2030210587907633,0.011210733721494563
10.791,0,-3.9954476289475087,-3.0004467723538895,1.201433521077095,0.007742425018973605
10.791,1,-3.998849124080576,2.996513087271082,1.2029394650889909,0.011364847103776124
10.801,0,-3.9953789924601764,-3.0004462374306087,1.2014722681524783,0.008027013594804825
10.801,1,-3.998795240266225,2.9964570961571635,1.2028553362821335,0.011525674191413905
10.811,0,-3.9953122704533635,-3.000446485449041,1.2015201562444129,0.008348433672580759
10.811,1,-3.998741120770373,2.996401932652106,1.202769067067896,0.011599485548393946
10.821,0,-3.9952472524844493,-3.0004474834600057,1.2015741430045388,0.008515493687081344
10.821,1,-3.9986866744503877,2.9963476928623156,1.20268267071254,0.0115141060310893
10.831,0,-3.995183715574657,-3.000449163719396,1.201631245120392,0.008551385867748553
10.831,1,-3.9986317873618837,2.9962944509993372,1.2025978993728101,0.011324457126561391
10.841,0,-3.9951214301303457,-3.000451436815992,1.2016894112683507,0.008492296046119096
10.841,1,-3.998576321196024,2.9962422693082615,1.202515921427515,0.011071967469445191
10.851,0,-3.9950601630304208,-3.0004542012882425,1.201747245185769,0.008371510203327097
10.851,1,-3.9985201133698114,2.996191205873226,1.2024375038006876,0.010785874796154095
10.861,0,-3.9949996802629792,-3.0004573509667654,1.2018038130521225,0.008214713321889108
10.861,1,-3.998462978350106,2.996141320045846,1.202363142478077,0.010488255426105136
10.871,0,-3.9949397489709204,-3.000460780388819,1.2018579772390356,0.007958296010331416
10.871,1,-3.9984047105822236,2.9960926755824664,1.2022927755555175,0.010254393063405651
10.881,0,-3.994880139410114,-3.0004643890128015,1.2019075940880375,0.0075966265190873525
10.881,1,-3.9983450913077743,2.996045341361873,1.2022253479063465,0.01011174066612147
10.891,1,-3.998283898311972,2.9959993915621332,1.2021599711954998,0.01003558469020904
10.892,0,-3.9948206273751774,-3.000468085013812,1.2019510178465944,0.007198040917423939
10.901,0,-3.9947609951996004,-3.000471787493668,1.2019871614403876,0.006818187172585943
10.901,1,-3.9982209157089774,2.9959549039184266,1.2020960236324931,0.010010191218702516
10.911,0,-3.9947010324918453,-3.000475427817919,1.2020153232187856,0.006504091789535709
10.911,1,-3.9981559412636396,2.9959119578005313,1.2020330651077755,0.010024609883747386
10.921,0,-3.994640536771067,-3.0004789503762983,1.2020350840719478,0.006293193393609259
10.921,1,-3.9980887914779886,2.9958706324591375,1.201970792681547,0.010070617566013322
10.931000000000001,0,-3.994579313727783,-3.0004823125375926,1.2020468227357815,0.006230029722746557
10.931000000000001,1,-3.9980193042482277,2.9958310057597104,1.2019092566222351,0.010104987059344537
10.941,0,-3.9945171819466245,-3.0004854807250876,1.2020525254865027,0.006276066547960236
10.941,1,-3.9979473391618257,2.995793151917435,1.2018491801317535,0.010112441654577016
10.951,1,-3.99787277848883,2.9957571351635046,1.2017911571060227,0.010110545649376027
10.951,0,-3.994453988734309,-3.000488421172917,1.2020538666595195,0.006376935944614905
10.961,0,-3.9943896232307474,-3.0004910916059795,1.2020520175278893,0.006503467098589327
10.961,1,-3.9977955258205258,2.9957230052986157,1.201735585629094,0.010111971278140106
10.971,0,-3.9943240243183125,-3.0004934361163746,1.2020477927847129,0.006639363117978282
10.971,1,-3.9977155043519588,2.99569079501101,1.2016827116385356,0.010125984293996951
10.981,0,-3.9942571839125334,-3.000495382555578,1.2020420839123638,0.0067674345536738985
10.981,1,-3.9976326537132585,2.995660519556063,1.2016331679575925,0.010101381571756263
10.991,0,-3.994189142543771,-3.000496845221144,1.2020363823851792,0.006878008176745612
10.991,1,-3.9975469275265385,2.9956321801053254,1.2015886958293844,0.010036063839533522
11.001,0,-3.994119977028417,-3.000497735529927,1.2020318443083107,0.006974888150740443
11.001,1,-3.9974582998491877,2.9956057674949457,1.201550664613418,0.009977848421326405
11.011,0,-3.9940497866587052,-3.0004979718262184,1.2020292528392233,0.007063745437204163
11.011,1,-3.997366767314139,2.9955812683333938,1.2015199691287892,0.00995880034604921
11.02,0,-3.9939786821090055,-3.000497486118131,1.2020291437345756,0.007149700896202758
11.02,1,-3.9972723493592595,2.9955586697754506,1.201497186743643,0.0099988491784864
11.031,0,-3.993906776999499,-3.0004962283719285,1.2020318652442887,0.007236575072700175
11.031,1,-3.9971750878195875,2.9955379626828464,1.2014826601651947,0.010107926841230144
11.041,0,-3.9938341818736722,-3.00049416917685,1.2020372130613137,0.0073167251958274
11.041,1,-3.9970750484319346,2.995519141956883,1.2014757213272926,0.010294620819824924
11.051,0,-3.9937610009166415,-3.000491300505164,1.2020434812554097,0.007374939331532574
11.051,1,-3.996972326349356,2.9955022019969944,1.201472746535035,0.01051596403891006
11.061,0,-3.9936873298242523,-3.0004876312488897,1.2020491502712107,0.007414924532816956
11.061,1,-3.9968670385505103,2.995487137853794,1.2014705553767633,0.010738038309631999
11.071,0,-3.9936132559678894,-3.0004831833292065,1.2020531710316473,0.007444880398895692
11.071,1,-3.9967593242001804,2.9954739409193376,1.2014669736521326,0.01095616167197919
11.081,0,-3.9935388588745493,-3.000477988749035,1.2020548245111993,0.007472686198116613
11.082,1,-3.996649345884792,2.995462594661736,1.2014605278739303,0.011173352972627958
11.091,1,-3.996537289262702,2.995453071990556,1.2014502387677162,0.011392763795620807
11.092,0,-3.993464210644374,-3.0004720871313686,1.202053630616401,0.007504375345505086
11.101,0,-3.9933893763178134,-3.000465523697537,1.202049317205383,0.007543062433462362
11.101,1,-3.996423360747594,2.995445334688056,1.201435970539348,0.0115969053281393
11.111,0,-3.9933144140661243,-3.0004583491578023,1.2020419057846847,0.007588189529657817
11.111,1,-3.9963077856972973,2.9954393348215125,1.201419550240468,0.011757893520157641
11.121,0,-3.9932393751338644,-3.000450623450795,1.2020314773291831,0.007639221495555069
11.121,1,-3.9961908169513225,2.9954350107117205,1.2014026697092153,0.011875588284343142
11.131,1,-3.996072738568108,2.99543228644527,1.201386480534192,0.011953443678189513
11.131,0,-3.9931643036386593,-3.0004424192488073,1.2020180939061424,0.007696000140475179
11.141,0,-3.9930892364005235,-3.0004338238206554,1.2020018024955093,0.007758342015495184
11.141,1,-3.995953865968721,2.995431072733731,1.2013717583190473,0.011994292382207429
11.151,0,-3.9930142029928595,-3.000424939548066,1.201983095679609,0.0077984324362028535
11.151,1,-3.9958345443732584,2.995431268071599,1.2013591176984015,0.011997524470143357
11.161,0,-3.9929392282836664,-3.0004158846442817,1.2019635286050294,0.00779836665517481
11.161,1,-3.9957151443701724,2.9954327598889003,1.2013492107838224,0.011964758389407401
11.171,0,-3.99286433889992,-3.00040679548347,1.2019443552518365,0.007768051153706374
11.171,1,-3.9955960538123088,2.9954354248413435,1.201342495782198,0.011899359193331575
11.181,1,-3.9954776695331655,2.995439129768275,1.2013392603128261,0.011803603055515234
11.181,0,-3.9927895688393455,-3.000397827609551,1.201926425570867,0.007716697941444876
11.191,0,-3.9927149630386376,-3.0003891554350024,1.2019103190218363,0.0076515956111151565
11.191,1,-3.995360390419112,2.995443733128443,1.2013396854567233,0.011679324579491451
11.201,1,-3.9952446116883,2.9954490865939345,1.201343863643733,0.011528105265625296
11.201,0,-3.992640579246549,-3.0003809711031497,1.2018964131689727,0.007578006887168978
11.209,0,-3.9925664886400885,-3.0003734825682673,1.2018848164143645,0.00750389254390109
11.209,1,-3.995130719312303,2.9954550366113493,1.2013513999665306,0.011342699401637372
11.221,0,-3.992492775671914,-3.000366909217422,1.2018751102205072,0.0074313596604556826
11.221,1,-3.995019081693465,2.9954614275641798,1.201360430368593,0.011109708859655506
11.231,0,-3.992419537695292,-3.0003614741448232,1.2018668824818064,0.0073554990351002636
11.231,1,-3.994910043401669,2.9954681097093987,1.2013693215266668,0.010832129010995614
11.241,0,-3.9923468841403174,-3.0003573965440173,1.2018598386440635,0.007273480422942993
11.241,1,-3.994803918415443,2.9954749455545993,1.2013769592860988,0.010517926270947046
11.251,0,-3.992274935357781,-3.0003548859925795,1.2018537774194624,0.007184032634969012
11.251,1,-3.994700985272501,2.9954818141533646,1.201382601710415,0.010176008342803406
11.261,0,-3.9922038211869664,-3.0003541383664736,1.201848547042401,0.007086907300823185
11.261,1,-3.9946014843173967,2.9954886139477557,1.2013857611615362,0.009814728864570929
11.271,0,-3.992133679772869,-3.000355334138726,1.2018445436084852,0.0069758391745720115
11.271,1,-3.9945056163349015,2.9954952643844988,1.2013860280356043,0.009442013162812854
11.281,0,-3.992064654997897,-3.000358637573186,1.201843430169625,0.006861862163997419
11.281,1,-3.994413543052747,2.995501705342923,1.2013829038665416,0.00906738960030017
11.291,0,-3.9919968887299704,-3.0003641904170113,1.2018465508493823,0.006769278515223667
11.291,1,-3.994325391122646,2.99550789361537,1.201376035410331,0.008699929598730607
11.301,0,-3.9919305148142192,-3.0003721089488677,1.2018547848475483,0.0067186287015286224
11.301,1,-3.994241255536864,2.9955137991834766,1.2013651940415733,0.008347741906651732
11.311,0,-3.99186565511786,-3.000382482928409,1.2018686955256994,0.006724509652695885
11.311,1,-3.9941612027118305,2.9955194022156983,1.2013502386180768,0.008017880169156713
11.321,0,-3.991802416852927,-3.0003953751713888,1.2018885081488502,0.006783588012200289
11.321,1,-3.9940852728161618,2.9955246908937596,1.2013309733290805,0.007726151370868309
11.331,0,-3.9917408929380693,-3.000410821266531,1.2019138459704584,0.006878014361221046
11.331,1,-3.9940134803769993,2.995529663108194,1.2013068067516943,0.007494974577212373
11.341,0,-3.9916811694771357,-3.0004288321437316,1.2019443069920055,0.0070020446280409125
11.341,1,-3.993945816975163,2.99553433517154,1.2012772563099092,0.007334988484570665
11.351,0,-3.9916233327194304,-3.0004493960244427,1.201979591454284,0.007150688807980842
11.351,1,-3.9938822523341195,2.995538750249707,1.2012420332057554,0.007253154086376336
11.361,0,-3.9915674734903748,-3.000472480344903,1.2020194511536992,0.0073187950423799246
11.361,1,-3.993822735459528,2.9955429833568847,1.2012009681324922,0.007252753411451464
11.371,0,-3.9915136907929902,-3.000498035185774,1.2020640959537277,0.0075654214733777425
11.371,1,-3.993767198628356,2.995547143276569,1.2011544946788202,0.007246729826104033
11.381,0,-3.991462095516088,-3.000525997463137,1.202114773234057,0.00792793589816757
11.381,1,-3.9937155636952015,2.9955513687479813,1.2011043628180467,0.007171501605703274
11.391,0,-3.991412810782549,-3.000556290965389,1.2021724796752886,0.008387177622514268
11.391,1,-3.993667741190374,2.9955558166442806,1.2010520212703488,0.007043482373047969
11.401,0,-3.9913659734059137,-3.0005888293724357,1.2022378389795507,0.008923106697489348
11.401,1,-3.993623634856711,2.9955606498446574,1.2009984608538666,0.006880016668382555
11.412,0,-3.9913217344290848,-3.000623519462315,1.2023112225594077,0.009518192749184333
11.412,1,-3.9935831459957716,2.9955660280186174,1.200944360499982,0.006694464961687772
11.421,0,-3.991280258600343,-3.0006602637409827,1.202392846856494,0.01015840482337184
11.421,1,-3.9935461764792533,2.995572100994238,1.2008901916740826,0.00649783504285899
11.431000000000001,0,-3.9912417203166703,-3.0006989607367553,1.202481879013381,0.010616948676542767
11.431000000000001,1,-3.993512631549834,2.9955790045566286,1.2008365451464382,0.006242109451882645
11.441,0,-3.9912062948350515,-3.0007395032887265,1.2025742788498384,0.010713011302982791
11.441,1,-3.993482421264044,2.995586862553908,1.2007845668332684,0.005907995875678098
11.451,0,-3.9911741670160006,-3.000781789115227,1.2026665175863074,0.010556498622873934
11.451,1,-3.9934554556834128,2.9955957966874154,1.2007351448778407,0.005526049285409879
11.461,0,-3.991145531588646,-3.000825724336463,1.2027561802308628,0.010229693334175382
11.461,1,-3.993431642978969,2.9956059362372565,1.2006888502545683,0.005120866669503784
11.471,0,-3.99112059026741,-3.000871224483567,1.2028416218311913,0.009794517827929075
11.471,1,-3.993410888889617,2.9956174244471,1.200646036618331,0.004711111833282196
11.481,0,-3.991099549422237,-3.000918215337759,1.2029219004692242,0.009333059489077247
11.481,1,-3.993393097498751,2.9956304225187016,1.20060720029231,0.004248339909456917
11.491,0,-3.991082613965139,-3.0009666318501402,1.2029969828832054,0.008903957172179431
11.491,1,-3.993378174613779,2.995645110676702,1.2005736756940277,0.0037076529988089827
11.501,0,-3.991069967173637,-3.0010164114415745,1.2030669892670525,0.008509754800355327
11.501,1,-3.9933660292207014,2.995661681369397,1.2005465571990457,0.0031641301515282156
11.511,0,-3.9910617538051127,-3.0010674881539066,1.203132019923639,0.008155575204855358
11.511,1,-3.993356577617761,2.9956803327433783,1.2005265478218605,0.0027054226727483014
11.521,0,-3.9910580696712943,-3.001119788770547,1.2031921697327577,0.007845279529624254
11.521,1,-3.9933497466815524,2.995701263649016,1.2005140896485356,0.0024439525937891746
11.531,1,-3.9933454756432902,2.9957246694618624,1.2005094298415848,0.00247978141953555
11.532,0,-3.9910589556977847,-3.001173230188043,1.20324751486309,0.0075810833656198675
11.541,0,-3.991064394530773,-3.0012277175070774,1.2032978558412006,0.007319068739557054
11.541,1,-3.9933437146878337,2.995750736163428,1.2005117545824247,0.002770146518524139
11.551,0,-3.991074313354424,-3.0012831405979203,1.20334211439972,0.007040040311989635
11.551,1,-3.993344425373317,2.995779633940708,1.200517945838728,0.003110024970871061
11.561,0,-3.9910886072075855,-3.001339368857586,1.203379365579815,0.006790190141300695
11.561,1,-3.9933475965024736,2.995811523343464,1.200525428280115,0.003438297035037372
11.571,0,-3.991107158598594,-3.0013962461525976,1.2034090123266479,0.006604379389274024
11.571,1,-3.993353251629116,2.995846555263844,1.2005324241235777,0.003766002388721825
11.581,0,-3.991129850953512,-3.0014535883948734,1.2034306966024666,0.006505455151763998
11.581,1,-3.9933614518571883,2.995884869625434,1.2005377196656979,0.004113844238646204
11.591,1,-3.993372296171947,2.9959265940883153,1.200540476339809,0.00449665540176242
11.591,0,-3.9911565780331304,-3.001511183494868,1.203444210124516,0.006505281342786793
11.601,0,-3.991187252272024,-3.001568793478487,1.2034499361184332,0.006610879346411107
11.601,1,-3.9933859220834296,2.9959718455678654,1.200540826206938,0.004919058893208568
11.608,0,-3.991221809336524,-3.001626164999221,1.2034495139805526,0.006779017677313832
11.608,1,-3.993402505906345,2.9960207356794197,1.2005414836876764,0.005367743127668207
11.618,0,-3.991260198221825,-3.0016830533399514,1.203444316560823,0.006972835372647068
11.618,1,-3.9934222437969593,2.9960733594369167,1.200544866228371,0.005854641342682869
11.631,0,-3.9913023760030786,-3.001739244667585,1.2034353027767748,0.007177676281437443
11.631,1,-3.9934453387696824,2.996129792589208,1.2005525822794831,0.006396454737739103
11.641,0,-3.991348304318758,-3.001794571162783,1.203423156140606,0.007389181912100657
11.641,1,-3.9934719924027062,2.996190092349008,1.200565680549985,0.006999722768781532
11.652,0,-3.9913979465169644,-3.00184891996569,1.2034084697005147,0.007602177168980167
11.652,1,-3.993502397324092,2.996254297199668,1.2005845257591279,0.007638247235768375
11.661,0,-3.9914512626265473,-3.0019022319100293,1.2033920253867367,0.007811704701424629
11.662,1,-3.9935367321761457,2.9963224250716785,1.2006081843707244,0.008273016429682357
11.671,0,-3.9915081961300003,-3.0019544857688567,1.2033744462506226,0.008018710186173155
11.671,1,-3.9935751713431182,2.9963944794559225,1.2006357161523096,0.008900161462854397
11.681000000000001,0,-3.9915686633922682,-3.002005680698677,1.2033561768157306,0.008222845969359157
11.682,1,-3.993617891681976,2.9964704516362652,1.200666450176115,0.009521259026986523
11.691,0,-3.9916325475153043,-3.002055822811907,1.2033375223333043,0.008422498978257373
11.691,1,-3.993665075631976,2.9965503213186415,1.2006998925095909,0.01013886882320524
11.701,0,-3.9916996932303235,-3.002104916026454,1.203318043737122,0.008649882123995388
11.702,1,-3.993716915871177,2.99663406004146,1.2007363571719463,0.010814994264646355
11.711,0,-3.9917699027694993,-3.0021529560071847,1.203295703679119,0.008922411100404957
11.711,1,-3.9937736162844866,2.996721637014122,1.2007779102937457,0.01158316826998118
11.721,0,-3.9918429412912046,-3.0021999233392163,1.2032688537908294,0.009233265245916679
11.721,1,-3.99383536975534,2.996813014954947,1.200826231153712,0.01242722728898473
11.731,0,-3.991918537208528,-3.00224578031692,1.2032363945229785,0.009577529658639172
11.731,1,-3.993902345692796,2.9969081535485387,1.2008824064307562,0.013333184020568545
11.741,0,-3.991996383338052,-3.002290469646956,1.2031976121887191,0.009948429453958936
11.741,1,-3.993974683181735,2.997007013373916,1.20094711808491,0.014288326654186117
11.751,0,-3.992076139685595,-3.0023339144535153,1.2031520674714151,0.0103384345431738
11.751,1,-3.9940524868304745,2.997109558679793,1.2010207775564294,0.015280337342575716
11.761,0,-3.992157439147573,-3.002376017575036,1.2031006902149342,0.010592999351380925
11.761,1,-3.994135817922238,2.9972157544205777,1.2011024134707098,0.016144481487177172
11.771,0,-3.9922398962743437,-3.0024166620159467,1.2030474018555348,0.010623644681392663
11.772,1,-3.994224684217321,2.9973255568351105,1.2011880906791335,0.016804153508646506
11.781,0,-3.9923231137611075,-3.0024557221618386,1.202995426013839,0.010488657504490894
11.781,1,-3.994319060531417,2.997438916678316,1.2012745989318445,0.017326326624226264
11.791,0,-3.9924066950551,-3.002493070923141,1.2029469455922102,0.010240723179660176
11.791,1,-3.9944188909777316,2.997555770637968,1.2013597455293517,0.01776056152092755
11.801,0,-3.992490254670152,-3.00252858461549,1.2029034246425074,0.009921238369854103
11.801,1,-3.994524088456188,2.9976760340342543,1.201442037361144,0.018141818772655104
11.811,0,-3.992573426093651,-3.002562148842545,1.2028647387466054,0.00966236756957209
11.811,1,-3.9946345363214695,2.9977995974389122,1.2015206521981188,0.018511818031175263
11.821,0,-3.9926558693419567,-3.0025936627433274,1.2028277922832484,0.009502569824315125
11.821,1,-3.9947500897967076,2.9979263284901747,1.2015956877463156,0.018892260767619684
11.831,0,-3.9927372752286083,-3.0026230294227156,1.2027899769463863,0.009405206938138328
11.831,1,-3.994870567579748,2.998056076306987,1.2016673558688402,0.01927264438824378
11.841,0,-3.9928173676838856,-3.0026501520316913,1.2027495184511472,0.009356980435111614
11.841,1,-3.994995747851963,2.9981886789998384,1.201735805684617,0.0196451905227089
11.851,1,-3.9951253679722276,2.998323970176839,1.2018011548411611,0.02000362017809247
11.851,0,-3.992895904925445,-3.0026749323580573,1.2027052335043182,0.009354264288214328
11.861,0,-3.9929726797418508,-3.0026972703429227,1.2026563340432659,0.00939712138298797
11.861,1,-3.9952591260439587,2.9984617839274468,1.2018634862032702,0.020342355913610354
11.871,0,-3.9930475171555297,-3.002717061839203,1.2026032668350808,0.009347765606446306
11.871,1,-3.99539668370289,2.998601958486117,1.2019227144272626,0.020647494807288162
11.881,0,-3.99312027202455,-3.002734199288054,1.2025489805715595,0.00912660795391928
11.881,1,-3.995537671367009,2.998744342131867,1.2019784012947112,0.020915013338969293
11.891,1,-3.9956816988975703,2.998888805350352,1.202030193823186,0.02115072171745602
11.891,0,-3.9931908378213192,-3.0027485904793965,1.2024959169677887,0.008783095323680247
11.901,0,-3.9932591495508274,-3.0027601696330963,1.2024457300637912,0.008360523680163287
11.901,1,-3.9958283644023647,2.999035249939971,1.202077865695545,0.021359643246223872
11.911,0,-3.993325183412429,-3.0027689035503147,1.202399540356809,0.007893907251775412
11.911,1,-3.9959772615916296,2.9991836141484276,1.2021212915780441,0.02154616910739326
11.921,0,-3.9933889550211723,-3.002774795069142,1.20235809602521,0.007412162792025035
11.921,1,-3.9961279859046877,2.9993338748185625,1.2021604122412113,0.02171395843169134
11.931000000000001,0,-3.9934505180121547,-3.0027778863229235,1.2023211915591938,0.007029869338497492
11.931000000000001,1,-3.996280140875349,2.999486048960025,1.2021959982361183,0.021896780693147794
11.941,1,-3.9964333446185947,2.999640192544242,1.2022307517003399,0.02210307998530664
11.941,0,-3.9935099621347776,-3.002778261310152,1.2022861334276658,0.006818281278424387
11.951,0,-3.993567398200928,-3.0027760316774676,1.2022505300334274,0.006732840660875299
11.951,1,-3.996587232938056,2.9997963872047815,1.2022668614253422,0.022321039444511356
11.961,0,-3.993622948669665,-3.0027713286283007,1.202212755504173,0.006751508396885124
11.961,1,-3.996741465817529,2.9999547312877493,1.202305780266253,0.022546893550654774
11.972,0,-3.9936767416257903,-3.0027642978659976,1.202171716537689,0.006858470400562733
11.972,1,-3.9968957322626766,3.0001153332171455,1.202348459635111,0.022780388071787613
11.981,0,-3.9937289054561047,-3.00275509441333,1.202127166071661,0.006958058702739881
11.981,1,-3.9970497530415607,3.0002783061411518,1.2023955946707487,0.02302642787075733
11.991,0,-3.993779564723125,-3.0027438792912213,1.2020806706836298,0.0069630378457985805
11.991,1,-3.997203280518153,3.00044376033431,1.2024478952794966,0.02328933887134588
12.001,0,-3.993828843023133,-3.002730827648595,1.2020336911127625,0.006899155987947622
12.001,1,-3.9973560946283344,3.000611787967273,1.2025058562127253,0.02356695479291428
12.011,0,-3.9938768635597888,-3.0027161330663112,1.2019872351385894,0.0067883305824279596
12.011,1,-3.9975079981870345,3.0007824501064033,1.2025697667483541,0.023855829202511777
12.021,0,-3.9939237486592214,-3.002700008883086,1.2019419826106037,0.006647661789160278
12.021,1,-3.997658812882824,3.00095576858731,1.2026397700130274,0.0241519567900433
12.031,0,-3.9939696191279475,-3.0026826881368236,1.2018983853399121,0.006488459966641849
12.032,1,-3.9978083759494076,3.0011317215412014,1.2027159033922163,0.024450741836790003
12.041,0,-3.9940145935826252,-3.002664422349424,1.2018565380626514,0.00635119382050525
12.041,1,-3.9979565388100524,3.001310238929726,1.2027971361575376,0.02466489561099728
12.051,0,-3.9940587847427986,-3.0026454746786384,1.2018159192488285,0.00625238755371793
12.051,1,-3.998103167529597,3.0014911971721645,1.202879991868994,0.02474966788614288
12.061,0,-3.9941022899673424,-3.002626103830158,1.2017760590536235,0.006178875813636332
12.061,1,-3.9982481379790036,3.0016744239018456,1.2029616417331728,0.024737986521256042
12.071,0,-3.9941451837632327,-3.0026065500768864,1.2017366256917321,0.00612062623731955
12.071,1,-3.9983913343046527,3.001859696391692,1.2030401680859877,0.024656452049104365
12.081,0,-3.994187513416506,-3.002587025659716,1.201697391910858,0.006071146939016803
12.081,1,-3.9985326483440766,3.002046741286371,1.203114291302704,0.02452347755975332
12.091,0,-3.99422929703468,-3.002567708471432,1.2016581887609403,0.0060267691949067465
12.091,1,-3.9986719790775127,3.0022352365567486,1.203183158274488,0.024350550662410642
12.101,0,-3.994270523705934,-3.002548738342354,1.2016189467864482,0.0059749944038097365
12.101,1,-3.9988092319500264,3.0024248153316377,1.2032463223593266,0.024151536564840773
12.111,0,-3.994311161794558,-3.002530214906429,1.2015797748726593,0.0059109485038223875
12.111,1,-3.9989443196668213,3.0026150721454505,1.2033038143755872,0.023930934572400607
12.121,0,-3.994351179668415,-3.002512196082015,1.2015407554610835,0.005840520818285121
12.121,1,-3.999077166435896,3.0028055714559416,1.2033557251029396,0.02368573882220317
12.131,0,-3.994390564429922,-3.0024946983473333,1.20150192571231,0.005768651766783558
12.131,1,-3.9992077111179793,3.002995856641513,1.2034021365021355,0.023414225711897715
12.141,0,-3.994429334503165,-3.0024776987081543,1.2014633064753055,0.00569957815791864
12.141,1,-3.999335909040453,3.003185457925028,1.203443135437539,0.02311550140535963
12.152,0,-3.9944675468270288,-3.0024611377443438,1.2014251126817799,0.005603795557612864
12.152,1,-3.9994617323827684,3.0033738988047847,1.2034791442945452,0.02280099182949925
12.161,1,-3.999585171842566,3.0035607021385418,1.2035113729841824,0.022471244590762544
12.161,0,-3.9945052910996783,-3.0024449246696534,1.2013880444429192,0.005471405789397609
12.171,1,-3.999706245067272,3.003745399235989,1.2035408068073783,0.022119383221420954
12.171,0,-3.9945426662006445,-3.0024289444700485,1.20135266498031,0.005319567524614174
12.181,0,-3.994579757223286,-3.002413064691717,1.2013193559107453,0.0051603306248097355
12.181,1,-3.999825001827749,3.003927537335249,1.2035681328862986,0.021743093155402276
12.191,0,-3.9946166195871995,-3.0023971407503964,1.2012883590039192,0.005002014620448294
12.191,1,-3.9999415263137283,3.0041066849802025,1.2035938175394048,0.021342653700201882
12.201,0,-3.994653268855523,-3.002381020040589,1.201259822563778,0.004848310715510118
12.201,1,-4.000055937511189,3.004282435776153,1.2036181764299743,0.02092021132061438
12.211,0,-3.9946896752433836,-3.002364545288178,1.2012334218830858,0.0047611423153677435
12.211,1,-4.0001683884354735,3.0044544115069245,1.2036412869313877,0.020474660314277398
12.221,0,-3.9947257692571987,-3.002347556178677,1.201207364631745,0.004781109188847251
12.221,1,-4.000279061535166,3.004622266137675,1.2036626527426197,0.020006888821722607
12.231,0,-3.9947614650035814,-3.002329886413141,1.201180077981321,0.004876831099893526
12.231,1,-4.000388154990246,3.0047856871176664,1.20368181607927,0.019523830395107668
12.241,0,-3.9947966839441413,-3.0023113613095562,1.2011505079385392,0.005033260350325083
12.241,1,-4.000495870223507,3.0049443975657297,1.203698483527756,0.019031453922000504
12.251,0,-3.9948313715825226,-3.002291797221171,1.2011179536822822,0.005242705940018066
12.251,1,-4.000602403013423,3.0050981579290545,1.2037124716288212,0.01853478369996415
12.261,0,-3.9948655083273725,-3.0022710021952506,1.201081947869236,0.005499832139059281
12.261,1,-4.0007079372474434,3.005246766652188,1.2037236617237568,0.01803821580413116
12.271,0,-3.994899115049017,-3.0022487762828782,1.2010430733236133,0.0056472515445871296
12.271,1,-4.000812640812649,3.0053900582947417,1.2037322588272015,0.01754825212799158
12.281,0,-3.994932248160372,-3.0022249160821297,1.2010041489750247,0.0056158278553653925
12.281,1,-4.000916668282037,3.0055278971189243,1.2037391665096682,0.01706702118434597
12.291,1,-4.001020173958636,3.0056601714908178,1.2037451219305597,0.016595071882558855
12.292,0,-3.994964982368827,-3.002199233956863,1.2009674689258183,0.005481140359307412
12.301,0,-3.9949973922449393,-3.0021715722538134,1.2009345631949908,0.005304178349931584
12.301,1,-4.001123323135661,3.0057867847672513,1.2037506277637622,0.016134548355031
12.31,0,-3.9950295385718073,-3.0021418117598677,1.2009064452181966,0.0051325769415556865
12.31,1,-4.001226299177095,3.005907647998279,1.2037560332994304,0.015688383811449897
12.321,0,-3.995061459010173,-3.0021098763761023,1.2008837448978567,0.005002881530297597
12.321,1,-4.001329306917073,3.0060226760651405,1.2037614072054434,0.015258770091332587
12.331,0,-3.9950931630797375,-3.002075734630386,1.200866811637745,0.00493647668554605
12.331,1,-4.001432567268497,3.006131790070384,1.2037663552409816,0.014848851209513483
12.341,0,-3.9951246313462447,-3.0020393985642757,1.2008558434539598,0.004942780436709597
12.341,1,-4.001536300175494,3.0062349241464554,1.2037705443766598,0.014462805039044603
12.351,1,-4.001640708923304,3.006332034788894,1.203773741183355,0.014104334367431366
12.351,0,-3.995155816326045,-3.0020009212655854,1.2008509244447056,0.005021896909309544
12.361,0,-3.995186644062179,-3.0019603934485395,1.2008520603443305,0.005166349652591563
12.361,1,-4.0017459694925455,3.0064231075245207,1.2037757812428682,0.013776494188609729
12.371,0,-3.995217016535726,-3.0019179404137817,1.2008587008951914,0.0053412370444439515
12.371,1,-4.001852223769666,3.006508161482436,1.2037764759852503,0.013481524093076333
12.381,0,-3.9952468170572275,-3.001873718021765,1.2008685258300962,0.005482544590557113
12.381,1,-4.001959576597635,3.006587253902987,1.2037753931050836,0.013221968838160547
12.391,0,-3.99527591865068,-3.00182789812217,1.2008795022862557,0.005576715581867407
12.391,1,-4.002068098032308,3.006660482201414,1.2037721761068314,0.013000122923179593
12.401,0,-3.9953041925953463,-3.0017806583581894,1.2008902372028218,0.0056309202029542005
12.402,1,-4.002177826913692,3.006727986078338,1.20376659887925,0.012817057560881619
12.411,0,-3.995331514978393,-3.001732175507764,1.2008997890064843,0.005656454769654701
12.411,1,-4.00228877436163,3.006789947886815,1.2037585329764287,0.012672542377047579
12.421,1,-4.002400927133951,3.0068465914225606,1.2037479051353803,0.012565160474298724
12.421,0,-3.995357771438739,-3.0016826206479315,1.200907514910031,0.005663660781612729
12.431000000000001,0,-3.9953828601975454,-3.0016321556344767,1.2009130895755205,0.005663223085322986
12.431000000000001,1,-4.002514250896353,3.0068981787857925,1.203734727787894,0.012491024737015062
12.441,0,-3.9954066916297264,-3.0015809313067736,1.2009166002266682,0.0056585173506345544
12.441,1,-4.002628692460717,3.0069450014507533,1.2037191529973839,0.012444976036043727
12.451,0,-3.995429183888303,-3.0015290879396104,1.2009181539848832,0.0056492511996385966
12.451,1,-4.0027441799393095,3.006987363992539,1.2037013167361135,0.012421968467862036
12.461,0,-3.9954502582655316,-3.001476755654759,1.2009178226724189,0.005635729755390345
12.461,1,-4.0028606228770744,3.0070255685069047,1.2036813248980078,0.012416441374002567
12.471,0,-3.995469835962812,-3.0014240546950166,1.2009156671174297,0.005618505130462771
12.471,1,-4.002977912890014,3.007059903239474,1.2036592758704625,0.012422719853467162
12.481,0,-3.995487835888214,-3.0013710956124124,1.2009119111788293,0.005594744808348072
12.481,1,-4.003095924755857,3.007090634734134,1.2036352756294875,0.01243495102795844
12.491,0,-3.9955041751891756,-3.0013179779609365,1.2009073323491526,0.00555989605819582
12.491,1,-4.003214518143877,3.0071180017150168,1.203609462123744,0.012447957216187905
12.501,0,-3.9955187768765614,-3.001264786291506,1.2009025941845615,0.005516302425787663
12.501,1,-4.003333540457588,3.0071422093153424,1.2035819593973807,0.01245788196901822
12.511,0,-3.995531576688459,-3.0012115863599766,1.2008981481386778,0.00546835070849555
12.511,1,-4.0034528298731775,3.0071634250113775,1.2035528763526653,0.01246186154848673
12.521,0,-3.995542527587339,-3.001158423029269,1.2008942827967355,0.005420782418693889
12.521,1,-4.0035722177987765,3.007181776897192,1.2035222962766212,0.01245797090965087
12.531,0,-3.995551602433278,-3.001105319562369,1.200891180171218,0.005377705901300543
12.531,1,-4.003691530874712,3.0071973535971943,1.2034902867515718,0.012444369611010348
12.541,1,-4.003810592836127,3.007210204544676,1.2034573649661064,0.012390760119512232
12.541,0,-3.9955587954525744,-3.001052277853384,1.2008888087594034,0.005344056862204982
12.551,0,-3.995564120756125,-3.0009992783161126,1.2008867167372725,0.005322184372602584
12.551,1,-4.003929228934972,3.0072203463417404,1.2034251021207214,0.012285784389611747
12.562,0,-3.995567605310003,-3.0009462784852188,1.2008845145046367,0.005313528347228604
12.562,1,-4.004047275878323,3.0072277840358415,1.2033947586883558,0.012146827163433946
12.571,0,-3.9955692829418554,-3.0008932121755527,1.200881936614175,0.005320106538769406
12.571,1,-4.0041645908938355,3.0072325271522287,1.2033671885775479,0.011988819519765832
12.581,0,-3.995569190041852,-3.000839989756641,1.2008788015288119,0.005344012195360312
12.581,1,-4.004281057826419,3.0072346001829984,1.2033429640672761,0.01182419036484607
12.591,0,-3.995567362521342,-3.0007864993280395,1.2008749743539289,0.005387177352797187
12.591,1,-4.004396590872354,3.007234049331755,1.203322449890503,0.0116628485045656
12.601,0,-3.995563832528682,-3.0007326081842716,1.2008710931128823,0.005436792366138711
12.601,1,-4.004511137030391,3.0072309483948105,1.20330502858426,0.011543110476690436
12.611,0,-3.995558626919233,-3.000678165159797,1.200870304274844,0.005507881654700366
12.612,1,-4.0046246744403025,3.0072254042214897,1.2032871605095057,0.011486350916774043
12.62,0,-3.995551780060752,-3.0006230087647827,1.2008753139843558,0.005663283348760626
12.62,1,-4.004737196914879,3.0072175450435545,1.2032657511374034,0.011487785363666049
12.631,0,-3.995543342079517,-3.0005669748009307,1.2008879089041136,0.0059508128008719735
12.631,1,-4.004848700894952,3.0072075156848608,1.2032387197141052,0.011554469900703381
12.641,0,-3.9955333829753097,-3.0005099020154793,1.2009092540287878,0.006387378255269962
12.641,1,-4.004959176902617,3.007195475368599,1.2032046958842257,0.011692331935909201
12.652,0,-3.9955219954950962,-3.0004516374548214,1.2009394758357694,0.006889797653152556
12.652,1,-4.005068603272734,3.007181594261898,1.203163488737879,0.011838078756324458
12.661,0,-3.995509295383527,-3.000392045710748,1.2009769865224331,0.007369809484640267
12.661,1,-4.005176943034592,3.0071660484432567,1.2031169239876291,0.01193429118814723
12.671,1,-4.005284147642833,3.0071490181150478,1.2030666012956308,0.011983758590548154
12.672,0,-3.9954954147764266,-3.0003310210003615,1.2010204064248187,0.007815220701688245
12.681000000000001,0,-3.9954804975768177,-3.0002684986354056,1.2010687574925336,0.00822526172546701
12.681000000000001,1,-4.005390159602353,3.007130682189281,1.2030136287776985,0.01199394596764774
12.691,0,-3.9954646955525237,-3.0002044621508017,1.2011213353011208,0.008602170162493455
12.692,1,-4.005494914349414,3.0071112136541,1.2029587740882397,0.01197178687823875
12.701,1,-4.005598342162533,3.0070907764053905,1.2029024155694716,0.011943971572899073
12.701,0,-3.995448165019363,-3.0001389471585016,1.2011771997906402,0.008873999701056024
12.711,0,-3.995431063451622,-3.0000720414290623,1.201234072615232,0.008985098291728654
12.711,1,-4.005700372109431,3.007069522127877,1.2028442179912362,0.011933656638705053
12.721,0,-3.9954135431419,-3.0000038749484896,1.2012900311963242,0.008983525639286534
12.721,1,-4.005800938352262,3.007047584664499,1.202783826936689,0.011936412950224575
12.731,0,-3.9953957469827994,-2.9999346112429515,1.2013437738080999,0.00890613870051623
12.731,1,-4.005899986449468,3.007025075871217,1.2027210173857286,0.011949278989641092
12.741,1,-4.005997477646783,3.0070020832958386,1.2026556618447808,0.011970953051335899
12.742,0,-3.9953778058399165,-2.999864440426523,1.201394435819793,0.008778560732242282
12.751,0,-3.9953598368757444,-2.999793573061987,1.2014414411108734,0.00861773566440132
12.751,1,-4.006093391334388,3.006978669162772,1.202587687840671,0.012001567950542668
12.761,0,-3.995341942566122,-2.999722234865633,1.2014837124900724,0.008353867667436236
12.761,1,-4.006187725795237,3.0069548702922515,1.2025171344361971,0.012030564717302227
12.771,1,-4.006280495109923,3.0069306971050676,1.2024442467930085,0.01205269615638598
12.772,0,-3.9953242100162236,-2.9996506606505506,1.201518636780172,0.00799914661002794
12.781,0,-3.995306710937544,-2.9995790859675346,1.2015441604732986,0.0076490053246309215
12.781,1,-4.006371721166521,3.0069061305497056,1.2023692394373018,0.012071758572338685
12.791,0,-3.9952895021331885,-2.99950774142463,1.201558936515227,0.00738296658031924
12.791,1,-4.006461425720785,3.006881120114931,1.2022922750779368,0.01208946947831126
12.801,0,-3.995272626258099,-2.9994368485948613,1.201562119556081,0.007261338613700301
12.801,1,-4.006549624635092,3.006855583800584,1.2022134937409676,0.012106380573367647
12.811,0,-3.995256113053069,-2.999366617270293,1.2015536338931088,0.007298648936915399
12.811,1,-4.006636323557525,3.0068294092809635,1.2021333315047928,0.012067250001721144
12.821,0,-3.995239983743714,-2.999297243460293,1.2015350730857894,0.007428794964158447
12.821,1,-4.006721513032271,3.006802455446158,1.2020532620712345,0.01192900820927129
12.831,0,-3.9952242603810637,-2.9992289045082834,1.2015079381852445,0.007603698620574166
12.831,1,-4.006805164746395,3.0067745558138212,1.2019745493592968,0.011723068841972195
12.841,0,-3.995208975214663,-2.999161755533506,1.2014733153150923,0.007800310351271747
12.841,1,-4.006887227512637,3.0067455219991444,1.201898055309432,0.011472916267998437
12.851,0,-3.995194177137364,-2.9990959277679132,1.201431984680525,0.008009137917689013
12.851,1,-4.006967625030283,3.0067151474535625,1.201824348138106,0.011196290892750942
12.862,0,-3.9951799355911484,-2.9990315281597777,1.2013845165970813,0.008225799137217068
12.862,1,-4.007046255388594,3.0066832113175934,1.2017537950951926,0.010904708808128103
12.871,0,-3.9951663429931856,-2.998968640996392,1.2013320519851565,0.008337197284619654
12.871,1,-4.00712299256506,3.006649482776362,1.2016863300133092,0.010657802033686162
12.881,0,-3.9951535161214156,-2.998907332398969,1.2012773094802591,0.008282262818501838
12.881,1,-4.007197691175449,3.006613727130166,1.2016207490972102,0.010498123743644377
12.891,0,-3.9951415942159345,-2.99884765331223,1.201222462826796,0.008103703516257683
12.891,1,-4.007270190958373,3.0065757092824192,1.201555971648959,0.010399425872204595
12.901,1,-4.007340323097967,3.0065351982339643,1.2014912748249775,0.010345350143032627
12.901,0,-3.99513073716519,-2.998789644955352,1.201169000115429,0.007837246423398565
12.911,0,-3.995121123307232,-2.9987333433340395,1.2011179314533664,0.007511240958074695
12.911,1,-4.0074079159758345,3.0064919710595603,1.2014261799175516,0.010326805530180224
12.921,0,-3.995112946753267,-2.998678782541613,1.2010699241463931,0.007147262089043223
12.921,1,-4.0074727997607305,3.006445815992333,1.2013603654176837,0.010339014502254775
12.931000000000001,0,-3.99510641401107,-2.9986259966947957,1.201025222740248,0.006792624032803183
12.931000000000001,1,-4.007534810230525,3.0063965348704094,1.2012935684085713,0.010387956654323047
12.941,0,-3.995101736277458,-2.9985750191350697,1.2009832796333297,0.0064810083848629105
12.942,1,-4.007593794101493,3.006343945685039,1.2012254320856806,0.010479698602340552
12.952,0,-3.9950991161149707,-2.998525880189767,1.200943545336549,0.006201839935312131
12.952,1,-4.007649616955332,3.0062878846711563,1.2011556776787828,0.010610029497448974
12.961,0,-3.995098734240865,-2.9984786035452595,1.2009056319513138,0.005948601326336739
12.961,1,-4.007702170589466,3.006228208206001,1.2010841262263645,0.010775006084419319
12.971,0,-3.9951007403320387,-2.9984332033284944,1.2008692755469603,0.005718656258685436
12.971,1,-4.0077513777644125,3.006164793781974,1.2010106815178874,0.010971816556201905
12.981,1,-4.007797194392315,3.006097539982431,1.2009353750993284,0.01118337151366286
12.981,0,-3.9951052460802816,-2.998389681139711,1.200833760440045,0.00560019719673338
12.991,0,-3.995112322436025,-2.998348023081359,1.20079666191321,0.005669032098236389
12.991,1,-4.00783960680205,3.006026366095328,1.2008585576506796,0.011394605984939821
13.001,0,-3.995122014727958,-2.9983082048041365,1.2007559256678537,0.0058921398065663495
13.001,1,-4.007878623823753,3.0059512151630625,1.200780562665908,0.01161120751597968
13.011,0,-3.995134354169671,-2.9982701937846037,1.200710176150468,0.006245089669918812
13.011,1,-4.0079142676359565,3.0058720557523557,1.2007016237393149,0.01183698114969969
13.02,1,-4.00794656665416,3.0057888823473045,1.2006219021806006,0.012072974288714795
13.021,0,-3.9951493651256205,-2.998233950559759,1.2006585041941156,0.006703099228546382
13.031,0,-3.9951670702515063,-2.998199429978369,1.2006003351667232,0.007241362168840383
13.031,1,-4.007975550434413,3.005701715074652,1.2005415200630958,0.012317927519137642
13.041,0,-3.995187494475371,-2.998166582741848,1.2005355570006084,0.007785440593445334
13.041,1,-4.008001244001482,3.0056105962651576,1.20046124203666,0.01245752015937931
13.051,0,-3.9952106653671398,-2.9981353581177843,1.200464983203874,0.008274788361651722
13.051,1,-4.008023660736455,3.005515585779497,1.2003840347266888,0.01241997654638387
13.061,0,-3.9952366017684744,-2.9981057056937375,1.2003893948052213,0.00872343201661018
13.061,1,-4.008042810618899,3.0054167789481965,1.200312444866738,0.012289761134844111
13.071,0,-3.9952653044784547,-2.998077578061117,1.2003093639037448,0.009142334704393587
13.071,1,-4.008058701766158,3.0053143143351893,1.2002481834358816,0.01212856861026385
13.081,0,-3.995296750579566,-2.998050932797949,1.2002253024917804,0.009540171498941936
13.081,1,-4.008071340173509,3.0052083755308363,1.2001923698959884,0.011979206899649847
13.091,0,-3.9953308902153624,-2.9980257336150546,1.2001375151722866,0.009920643316456148
13.091,1,-4.008080729872957,3.0050991907293456,1.2001457116777008,0.011868597172199508
13.101,0,-3.9953676455240097,-2.9980019507692925,1.2000463070357494,0.010272870700760335
13.101,1,-4.008086875329003,3.0049870322395065,1.2001080266797195,0.011853870589221991
13.111,0,-3.9954069119275717,-2.9979795572326644,1.1999520697271582,0.010594765848051448
13.111,1,-4.008089786235726,3.004872213147948,1.2000774527140985,0.011923374453405569
13.121,0,-3.9954485614740176,-2.9979585180051624,1.1998551055884104,0.01089389113560787
13.121,1,-4.00808947552068,3.004755071929166,1.2000523968607255,0.012030275338478327
13.131,0,-3.995492447251568,-2.997938780940097,1.199755639121062,0.011174559254192614
13.131,1,-4.0080859624008855,3.0046359632956534,1.2000317427208869,0.012147463380654743
13.141,0,-3.9955384074764444,-2.9979202710622785,1.1996538384128446,0.011440568802486707
13.141,1,-4.0080792751723235,3.0045152514183426,1.2000147053479906,0.012259358504107915
13.151,0,-3.995586270284168,-2.997902888239697,1.1995503034195036,0.01158008359825128
13.151,1,-4.008069453762958,3.004393304547986,1.2000004231786363,0.012365276680516634
13.161,0,-3.9956358621160835,-2.997886511629942,1.1994472256241246,0.011509821453820467
13.161,1,-4.0080565529637004,3.0042704896648464,1.1999871916564795,0.012462768360240201
13.171,0,-3.9956870159309927,-2.9978710113214624,1.1993464935689124,0.011300333002495134
13.171,1,-4.008040639692474,3.004147163466761,1.1999736111334984,0.012544450977424383
13.181,0,-3.9957395817342913,-2.99785626252742,1.1992493683087806,0.011002651154732647
13.181,1,-4.008021792915027,3.004023666210367,1.1999587282238828,0.01260912184263979
13.191,0,-3.995793434234439,-2.997842156389905,1.1991566749821565,0.010651877159713247
13.191,1,-4.008000103674368,3.003900317627176,1.199941900067194,0.01265756995722838
13.201,0,-3.995848477341346,-2.9978286072981923,1.1990689513435375,0.010273190031452247
13.201,1,-4.007975674395862,3.0037774141422937,1.1999227119999505,0.012691373189310271
13.211,0,-3.995904645522541,-2.997815557201452,1.1989860804933592,0.009981484575164914
13.211,1,-4.00794861727981,3.003655227287726,1.199901085387968,0.012702340346916518
13.221,0,-3.9959619009493683,-2.9978029761409934,1.198906304386742,0.009853159882607742
13.221,1,-4.007919049458783,3.003534002921437,1.1998779446453802,0.012676271391677986
13.231,0,-3.996020229026744,-2.997790859313093,1.1988280449934823,0.009834476811611044
13.231,1,-4.007887088094173,3.003413958414179,1.1998542312202578,0.012619258684656512
13.241,0,-3.9960796316368175,-2.9977792223122814,1.198750205974877,0.00989126365698573
13.241,1,-4.007852843283825,3.003295280554457,1.1998305851179116,0.012538441235217353
13.251,0,-3.996140121388841,-2.9977680968988034,1.1986720235134989,0.00999994290176687
13.251,1,-4.007816412174322,3.0031781251729797,1.1998074360575315,0.012440193094388348
13.261,0,-3.9962017172324606,-2.9977575274201143,1.1985929771471369,0.010143991150537254
13.261,1,-4.0077778750994995,3.003062617884555,1.199785080805478,0.012330020466480946
13.271,0,-3.996264442296161,-2.9977475682726915,1.1985136684597808,0.010132026785575808
13.271,1,-4.007737293577008,3.002948855220325,1.1997636476854119,0.012216150968138585
13.281,0,-3.996328323103342,-2.9977382809210287,1.1984370975435632,0.009893998479050661
13.281,1,-4.007694710508158,3.0028369027999666,1.1997430122555757,0.012104502829007182
13.291,1,-4.007650152045131,3.0027267887505515,1.199723055582423,0.01199828362750507
13.291,0,-3.9963933842505486,-2.997729726351501,1.198365717451968,0.009521518189636058
13.301,1,-4.0076036302317,3.002618498121775,1.1997037050262316,0.011901474019643895
13.301,0,-3.9964596468090114,-2.997721959724251,1.1983011763056342,0.009085028331853434
13.311,0,-3.9965271278133647,-2.997715026918246,1.1982445503033907,0.008639499120097892
13.311,1,-4.007555145273472,3.0025119704574674,1.1996849058314532,0.011818410073427212
13.321,0,-3.99659583984821,-2.9977089619139012,1.198196231730126,0.008264871054888375
13.321,1,-4.007504688316844,3.0024070997529746,1.1996661976664027,0.011768998221293557
13.331,0,-3.9966657940122157,-2.997703781811018,1.1981556527810353,0.007990442537656019
13.331,1,-4.007452245466787,3.002303745418658,1.199646133539769,0.01176360346642572
13.341,1,-4.007397799833359,3.0022017626120956,1.1996235458803879,0.011798767352796783
13.341,0,-3.996737010321921,-2.9976994785369513,1.1981222372021034,0.007803507795183304
13.351,0,-3.9968095261634375,-2.997696011835132,1.198095534883651,0.007695071720454883
13.351,1,-4.007341335927813,3.0021010278628095,1.199597651014276,0.01187051089864099
13.361,0,-3.9968834015237347,-2.9976933056274517,1.1980751968974368,0.007658746891164006
13.361,1,-4.007282843536736,3.0020014561553325,1.199567943960133,0.011973430236164892
13.371,0,-3.9969587206585855,-2.997691247020708,1.1980604724724482,0.007707690161749251
13.371,1,-4.007222319549921,3.0019030117346404,1.1995346013101855,0.012066697011400432
13.381,0,-3.9970355855960467,-2.997689693570072,1.1980495288763777,0.007820813203860903
13.381,1,-4.007159769725175,3.0018057076932685,1.199499096385771,0.012122652265582937
13.391,0,-3.997114101867317,-2.997688493145499,1.1980408769406894,0.007969180284692902
13.391,1,-4.007095216126544,3.001709588818569,1.1994626546342142,0.012147409447845654
13.401,0,-3.997194363441468,-2.9976875010592288,1.1980334846133611,0.008138092920271001
13.402,1,-4.007028700392734,3.0016147153076234,1.1994261155721417,0.01214795889650843
13.41,0,-3.9972764416831104,-2.997686591800303,1.1980266235213337,0.008319207536586578
13.41,1,-4.006960284753283,3.0015211506673687,1.1993900361233827,0.012130662008585466
13.421,0,-3.9973603780495623,-2.997685666672145,1.1980197804603114,0.00850666658914756
13.421,1,-4.006890051813246,3.001428952981362,1.19935477985215,0.012099835019819786
13.431000000000001,0,-3.997446179221467,-2.9976846582765475,1.1980122661167671,0.008703794136724625
13.431000000000001,1,-4.006818103199749,3.0013381691864636,1.1993208024002167,0.012043141233737582
13.441,0,-3.997533817799061,-2.997683530427609,1.1980023493164351,0.008919998186305735
13.441,1,-4.006744557245806,3.0012488325094395,1.1992891722331633,0.011954804778341975
13.451,0,-3.9976232481160627,-2.997682271364312,1.1979885708735152,0.00916089700297264
13.451,1,-4.006669548558643,3.001160961167795,1.199260758040562,0.011850004812712854
13.462,0,-3.997714420275547,-2.9976808864199693,1.1979699557580643,0.00943200474532036
13.462,1,-4.006593225931942,3.0010745591724346,1.1992361292160125,0.011739184848947948
13.471,0,-3.997807289624767,-2.997679392506396,1.1979458613754106,0.00973659911047213
13.471,1,-4.006515749872821,3.0009896176274564,1.19921564502762,0.011629549194908249
13.481,1,-4.006437290882817,3.000906115394935,1.1991990101911238,0.011541003632031914
13.482,0,-3.9979018243819273,-2.997677814032748,1.1979166576943028,0.01001500388034717
13.491,0,-3.9979980055097775,-2.9976761812772574,1.1978847728659552,0.010221942996862993
13.491,1,-4.006358029997026,3.000824019893329,1.1991846430096313,0.011470914980767119
13.501,0,-3.998095808477637,-2.9976745319006257,1.19785223288788,0.010372657117580121
13.501,1,-4.006278161060039,3.0007432913040275,1.1991712273980681,0.011406068435316202
13.511,0,-3.9981951896319448,-2.99767291207567,1.1978204118321951,0.010483869382708249
13.511,1,-4.006197894182665,3.0006638845325195,1.1991578410764099,0.011339802414034763
13.521,0,-3.99829607787444,-2.997671376653849,1.1977902330975467,0.010567686530134427
13.521,1,-4.006117457433875,3.000585750522217,1.199143840136308,0.011268141340448472
13.532,0,-3.998398369926859,-2.9976699887188962,1.1977623204203676,0.01063193370924752
13.532,1,-4.006037096947689,3.0005088374363638,1.1991287847700793,0.011188549100379178
13.541,0,-3.9985019283753815,-2.9976688186537106,1.1977371557422438,0.010676330183445609
13.541,1,-4.005957076042562,3.000433091995702,1.1991126855872885,0.01108744258943925
13.551,0,-3.998606583890277,-2.997667941516085,1.197715336699532,0.010701549888194911
13.551,1,-4.005877673845763,3.0003584618776515,1.1990964188820379,0.010956351498764031
13.561,0,-3.998712142643455,-2.9976674311859193,1.1976973180805937,0.010714141881607724
13.561,1,-4.005799182780069,3.000284898318488,1.1990807195028506,0.010798231795621149
13.571,0,-3.9988183950063165,-2.9976673548718864,1.1976833745787936,0.010718342967842263
13.571,1,-4.005721905721755,3.000212359211035,1.1990660624886922,0.010615772457134536
13.581,0,-3.9989251229299754,-2.9976677693760294,1.19767365821833,0.010716431286787152
13.581,1,-4.005646153198326,3.0001408112265566,1.1990527437276122,0.010410703545407112
13.59,0,-3.9990321058559997,-2.997668718814864,1.1976682486591972,0.010709770029768122
13.59,1,-4.00557224064402,3.000070231082205,1.1990409498812242,0.010184102460470378
13.601,0,-3.9991391253032966,-2.9976702330848597,1.197666566923955,0.010699185701899589
13.601,1,-4.005500484808366,3.000000605922235,1.199030476691777,0.009945379664659965
13.611,0,-3.9992459678481556,-2.9976723256159774,1.1976659474910363,0.01067327570350598
13.611,1,-4.0054311939202,2.999931931997303,1.1990200048940038,0.009701662419283557
13.622,0,-3.9993524252775163,-2.9976749919415617,1.197664070323024,0.01063062780201298
13.622,1,-4.005364652043585,2.9998642132649436,1.1990083660854098,0.009453418456986436
13.631,0,-3.9994582933078293,-2.99767820780369,1.1976593713755543,0.01057895474658939
13.631,1,-4.005301103022628,2.999797459267676,1.1989947690876184,0.009205523414927677
13.642,0,-3.999563370992292,-2.9976819281694627,1.1976507933611136,0.010526900006672396
13.642,1,-4.005240739273823,2.9997316835813344,1.1989786694021836,0.008964755320327599
13.651,0,-3.999667460619483,-2.997686087518021,1.1976377305747172,0.01047742192817495
13.651,1,-4.005183696990276,2.999666903300437,1.1989601770054532,0.008708421520846126
13.661,0,-3.9997703672106364,-2.9976906038003683,1.1976201692563173,0.010427538108335459
13.661,1,-4.005130058835497,2.9996031371634553,1.1989411620448824,0.008409589679058646
13.671,0,-3.9998718976766967,-2.9976953883311914,1.1975982006093948,0.010377116376657234
13.671,1,-4.005079851560779,2.9995403959357425,1.1989232856374734,0.008084974804753786
13.682,0,-3.9999718598191834,-2.9977003556044104,1.1975719055751766,0.010325926237991478
13.682,1,-4.005033050602168,2.9994786748793567,1.1989076620715602,0.0077530514380316695
13.691,0,-4.000070061797284,-2.9977054303344595,1.197541370309593,0.010273773680749502
13.692,1,-4.0049895865657374,2.999417949420754,1.1988950402009098,0.0074306677260065415
13.701,0,-4.000166310968769,-2.9977105520354086,1.1975072770976387,0.010169758056969794
13.701,1,-4.004949350020455,2.9993581723268337,1.198885427975841,0.007145908916939945
13.711,0,-4.0002604130119375,-2.9977156736126536,1.1974717251757443,0.009981457039725953
13.711,1,-4.00491220150959,2.9992992706062753,1.198877492831288,0.006902723361540867
13.721,0,-4.000352177905527,-2.9977207518163183,1.1974364160835407,0.009725286878375795
13.721,1,-4.004877997891671,2.999241142307609,1.1988700984525071,0.006693910125970203
13.731,0,-4.0004414231225995,-2.997725738277039,1.197402514584799,0.009417802618721632
13.731,1,-4.004846611401382,2.999183653260943,1.1988624716332077,0.0065181008670148165
13.741,0,-4.00052797577063,-2.997730573481394,1.1973707977094077,0.009073210122006955
13.741,1,-4.004817941787799,2.9991266357166064,1.198854077327973,0.006376545486531476
13.751,0,-4.000611674234518,-2.997735183131523,1.1973417765377423,0.008701877416980726
13.751,1,-4.004791923899696,2.9990698887047875,1.1988445483545573,0.006271165853921891
13.761,0,-4.000692370884204,-2.9977394766236465,1.1973152867264245,0.008352952078888918
13.761,1,-4.004768532256265,2.99901317988448,1.198833912197017,0.00619142058349128
13.771,0,-4.0007699374605155,-2.9977433484048195,1.1972893295243916,0.008061617954183283
13.771,1,-4.004747777885685,2.998956250955526,1.1988231635552795,0.0061272276201264604
13.781,0,-4.000844261533741,-2.997746681513276,1.1972621117541802,0.007815299029199892
13.781,1,-4.004729686308052,2.9988988305218434,1.198813184213408,0.006087619603278515
13.791,0,-4.000915247047967,-2.997749351874991,1.1972324174539328,0.007612599154564373
13.791,1,-4.004714277810644,2.9988406475074423,1.198804567955903,0.006080961903041983
13.801,0,-4.0009828156426215,-2.9977512320583197,1.1971994275839193,0.007456743270155691
13.801,1,-4.00470155432099,2.9987814415022234,1.1987977052214474,0.006113239059790907
13.811,0,-4.001046904088067,-2.9977521936521283,1.1971634754767757,0.007240083937574564
13.811,1,-4.0046914901404245,2.9987209709642944,1.1987924493146211,0.006193683811248962
13.821,0,-4.001107459971007,-2.997752112366941,1.197127208911675,0.0068933029969192134
13.821,1,-4.004684028773082,2.9986590202640895,1.1987876282297807,0.006318195199525484
13.832,0,-4.001164451239373,-2.9977508833634703,1.1970928237185674,0.006453099184950467
13.832,1,-4.004679091646379,2.9985954033014153,1.1987822623395175,0.006478919359538834
13.841,0,-4.0012178665175595,-2.997748432790432,1.1970617850177214,0.0059559207020928396
13.841,1,-4.004676584893777,2.9985299664534772,1.1987756625177757,0.006670956741438115
13.851,0,-4.0012677129476915,-2.997744724553194,1.1970350556333393,0.005431987757392804
13.851,1,-4.00467640467138,2.9984625899074238,1.1987673504261742,0.00688964788531131
13.861,0,-4.001314013960117,-2.9977397638178274,1.1970132557124178,0.004907661953393967
13.861,1,-4.004678441493668,2.998393187659126,1.198757001036674,0.007130265163093331
13.871,0,-4.001356805696236,-2.997733597389231,1.1969971366634389,0.004377708002282792
13.871,1,-4.004682585091225,2.9983217046858415,1.1987451679562722,0.007355654140304489
13.881,0,-4.001396132861244,-2.9977263099057674,1.196988193182875,0.003894082555015603
13.881,1,-4.004688724062846,2.9982481107768093,1.1987343567818574,0.007550202502138832
13.891,0,-4.001432050536601,-2.997718017070283,1.1969875791800149,0.0035645559076319193
13.891,1,-4.004696729297575,2.998172398752202,1.1987266119897448,0.007739505761528576
13.901,1,-4.004706443444018,2.9980945785425344,1.1987232863938813,0.007945823946598585
13.901,0,-4.001464622650936,-2.997708857332172,1.1969960269849234,0.003488873210110454
13.911,0,-4.001493919990628,-2.997698984717289,1.1970139740300834,0.003709208068775452
13.911,1,-4.004717675386679,2.998014671966374,1.198725253809591,0.008182714064899807
13.921,0,-4.0015200185006705,-2.997688562901936,1.197041674204139,0.004188707880572791
13.921,1,-4.004730197877591,2.997932708842588,1.1987330694157188,0.008455871620729563
13.931000000000001,0,-4.001543000091855,-2.9976777609024086,1.1970785585721588,0.004705921438316488
13.931000000000001,1,-4.004743747929205,2.997848723846063,1.198747130396456,0.008768258715661807
13.941,0,-4.001562953167855,-2.997666753323932,1.1971223066676158,0.005105092183838168
13.941,1,-4.004758034757801,2.9977627520488146,1.1987678267857111,0.009121419175805296
13.951,1,-4.004772758361501,2.9976748219545133,1.1987954078319922,0.009513467316396521
13.951,0,-4.00157996185467,-2.9976557268338544,1.1971709947632736,0.005400968034532329
13.961,0,-4.001594102034624,-2.997644887022353,1.1972232926508974,0.005618135618702548
13.961,1,-4.00478762697161,2.997584949036209,1.1988300064061361,0.00994103856233659
13.971,0,-4.001605439556694,-2.9976344621380484,1.197278266910423,0.005777747056322652
13.971,1,-4.004802369431303,2.9974931314208657,1.1988716609095533,0.010399850691464593
13.981,0,-4.0016140312778745,-2.9976247033982824,1.1973345137227982,0.005720496316498893
13.981,1,-4.004816743701183,2.997399349504863,1.198919399237224,0.010778199001505258
13.991,0,-4.001619930579647,-2.9976158766367096,1.1973890443731965,0.0053871977293169305
13.991,1,-4.004830538870939,2.997303572225156,1.198969942326952,0.011012388914194397
14.001,0,-4.001623189479207,-2.9976082455652238,1.1974394947871507,0.004866480878704493
14.001,1,-4.004843565864121,2.997205762871627,1.1990206080177905,0.011145477242705737
14.011,0,-4.001623866120386,-2.99760205593443,1.1974842711298128,0.004224929123460844
14.011,1,-4.004855648351294,2.997105889575606,1.1990695550893458,0.011216111682796646
14.021,0,-4.00162203080121,-2.9975975244176642,1.1975223273792945,0.0035140942297173907
14.021,1,-4.004866616724902,2.997003933405374,1.199115533974504,0.011254091169402769
14.031,0,-4.001617769809792,-2.997594831389125,1.197552991045366,0.00277764686817395
14.031,1,-4.004876304255976,2.9968998936281785,1.1991577021891184,0.011279855608734337
14.041,0,-4.001611187188141,-2.9975941171115674,1.197576009129533,0.0021161872174121034
14.041,1,-4.004884544292678,2.996793790062085,1.1991958493111645,0.011340795522177245
14.051,0,-4.001602402066218,-2.997595481392596,1.1975921192088799,0.0016610730092675205
14.051,1,-4.004891166661505,2.996685662424803,1.1992316417619826,0.011473192957341383
14.061,0,-4.001591542839978,-2.997598982046004,1.1976021360104263,0.001462074151420867
14.061,1,-4.00489599932159,2.996575577069819,1.1992667640037404,0.0116452901211277
14.071,0,-4.001578738791525,-2.9976046356866037,1.1976066424848413,0.001531665446143609
14.071,1,-4.004898869283791,2.9964636298014287,1.1993023426338871,0.011838072513706843
14.082,0,-4.0015641132407,-2.997612420083678,1.1976060623839306,0.0017927668115672753
14.082,1,-4.004899602962384,2.996349945389866,1.1993391192976801,0.012040472233278593
14.091,0,-4.001547778810744,-2.9976222770669705,1.197600723130369,0.0021500498808490823
14.091,1,-4.00489802685491,2.9962346758952747,1.1993775839332972,0.012245041049903774
14.101,0,-4.001529834204307,-2.9976341157399924,1.197590958355507,0.002536257889599717
14.101,1,-4.004893969085561,2.996117998741222,1.1994178590558542,0.012430217570800765
14.111,0,-4.001510360373168,-2.9976478139644502,1.1975773435325838,0.0029097902975425264
14.111,1,-4.004887263355957,2.99600011816585,1.1994593264213442,0.012577951736089972
14.122,0,-4.001489415106021,-2.9976632145150557,1.1975603743675651,0.003260953225688983
14.122,1,-4.004877753077333,2.995881272013672,1.1995013976675564,0.012692021474326137
14.131,1,-4.004865296565596,2.995761738575552,1.1995436536643616,0.012773678202923026
14.132,0,-4.001467028264993,-2.997680122338845,1.1975404142571193,0.003588991633055338
14.141,0,-4.001443199466742,-2.997698304244929,1.1975177221180733,0.0038961065444519504
14.141,1,-4.0048497711923385,2.995641839508655,1.1995857848244027,0.012822737822731571
14.151,0,-4.001417897611754,-2.997717490479956,1.1974925591430778,0.0041732651944083685
14.151,1,-4.004831077236807,2.9955219393583645,1.1996272243057544,0.012812267819374352
14.161,0,-4.001391063406407,-2.997737379997386,1.1974653168457028,0.004418137290988018
14.161,1,-4.004809141806553,2.9954024383164928,1.199666661839271,0.012734623359198593
14.171,0,-4.001362616280193,-2.9977576503187238,1.197436299289908,0.0046386768581816624
14.171,1,-4.00478391826603,2.9952837567714514,1.1997030459450349,0.012606572410697856
14.181,0,-4.001332460939758,-2.997777967498158,1.197405721136381,0.0048405887395991136
14.181,1,-4.0047553873421045,2.9951663208534876,1.199735664096966,0.012441848496878011
14.191,1,-4.004723557358585,2.9950505511622865,1.1997640494763573,0.01225070592209879
14.191,0,-4.001300492542428,-2.9977979943235247,1.197373746754244,0.005029387221194361
14.201,0,-4.001266600847155,-2.997817396769103,1.1973404904133915,0.005210975011201343
14.201,1,-4.004688463473901,2.9949368541737935,1.199787889933646,0.012040943028639124
14.209,0,-4.001230673059785,-2.9978358490590047,1.1973062230760403,0.005359859095624949
14.209,1,-4.004650164427253,2.9948256171162364,1.1998074726960903,0.011836776933326429
14.222,0,-4.001192596527044,-2.9978530415480455,1.1972716568451636,0.005470283589152551
14.222,1,-4.004608737804977,2.994717205871631,1.1998243522978707,0.011639775705723195
14.231,0,-4.001152264071806,-2.9978686955621914,1.19723734797584,0.005563412093712053
14.231,1,-4.004564281608334,2.9946119587936915,1.1998398181923686,0.011439051846784232
14.241,0,-4.0011095772455505,-2.9978825756430902,1.1972036564494857,0.005654255207348517
14.241,1,-4.004516911108205,2.9945101843084987,1.1998547422606511,0.01123096884254676
14.251,0,-4.001064448064838,-2.997894497064717,1.1971708227342885,0.005753027295090816
14.251,1,-4.004466755032665,2.9944121602049356,1.199869713333589,0.011015546652024352
14.261,1,-4.004413952142347,2.9943181336374827,1.199885132999569,0.010794284751873929
14.262,0,-4.001016799919199,-2.9979043297957304,1.1971389992640549,0.0058672276041008475
14.271,0,-4.0009665674437445,-2.997911999220225,1.197108426969552,0.005980173844207904
14.271,1,-4.004358648636856,2.9942283210357608,1.199901153633344,0.01056494957237971
14.281,0,-4.000913697649077,-2.997917481606214,1.1970798344173572,0.0060829321683516565
14.281,1,-4.004300997028895,2.994142905922573,1.1999174703780484,0.010326227444438542
14.291,0,-4.000858158547411,-2.9979207947493216,1.1970538335235408,0.006193506667798064
14.291,1,-4.004241155161589,2.9940620361816506,1.199933788000875,0.010082861703811001
14.301,0,-4.000799945949633,-2.997921987030874,1.1970308124213895,0.006321758434962505
14.301,1,-4.0041792863470596,2.993985820413081,1.1999498908140007,0.00983907244561805
14.311,0,-4.0007390870435415,-2.997921128370232,1.1970110041375712,0.006470658799492133
14.311,1,-4.004115559056496,2.9939143261473027,1.1999656231682485,0.009599015847321542
14.321,0,-4.000675640911098,-2.9979183025822613,1.1969948076164778,0.006625275680632942
14.321,1,-4.004050144703161,2.9938475839534187,1.1999817331808773,0.009400916567840562
14.331,0,-4.000609695196608,-2.9979136016535732,1.1969831670300224,0.006791531653537814
14.331,1,-4.003983215602961,2.9937855970215996,1.2000010287084646,0.009277130207912791
14.341,0,-4.000541361205987,-2.997907124168085,1.1969767989037634,0.006985702055814255
14.341,1,-4.0039149500674105,2.9937283382492583,1.2000257714244185,0.009242311635843756
14.351,0,-4.000470766841014,-2.9978989729235823,1.196976156972626,0.007214917418985717
14.351,1,-4.003845532543102,2.993675758560468,1.2000574716902002,0.009310283347756182
14.361,0,-4.000398050611297,-2.997889252672325,1.1969815110728497,0.007480029423921434
14.361,1,-4.003775152616715,2.9936277952703825,1.2000971145818728,0.009486248852254589
14.371,1,-4.003704004539329,2.993584375164938,1.2001446360512589,0.00967977941617164
14.371,0,-4.000323357344579,-2.997878068690476,1.1969928186111007,0.007769980563583682
14.381,1,-4.003632286860746,2.9935454136134845,1.2001981047795827,0.009815514663459013
14.381,0,-4.000246836583801,-2.9978655291508183,1.1970095306166582,0.008067295996511993
14.391,0,-4.000168642904679,-2.9978517523987587,1.1970311631520523,0.008362471803579017
14.391,1,-4.003560200352238,2.993510823766681,1.2002558752701507,0.00989948388160369
14.401,0,-4.000088937285895,-2.997836874073551,1.1970573456337237,0.00864940149063764
14.401,1,-4.003487947885741,2.9934805162598814,1.2003167890370252,0.009941261160829013
14.411,0,-4.00000788757829,-2.9978210513749413,1.197087786796456,0.008924378670679313
14.411,1,-4.003415734169707,2.9934543979419397,1.2003800358069023,0.009951946030337975
14.421,0,-3.999925668240749,-2.9978044649933855,1.1971222577128926,0.00918450989575531
14.421,1,-4.003343765153523,2.99343237124411,1.2004450535626632,0.00993929264262965
14.431000000000001,0,-3.999842459637321,-2.9977873190915947,1.197160409735175,0.009410346413093467
14.431000000000001,1,-4.003272247100577,2.9934143341206223,1.2005114626939741,0.009913553035646725
14.441,0,-3.9997584479955863,-2.9977698362553915,1.197201392356316,0.009583658759250204
14.441,1,-4.003201381811042,2.9934001838395488,1.2005790816272461,0.009883788466536989
14.451,0,-3.99967382626723,-2.9977522433183514,1.1972444713672705,0.009711114067850914
14.451,1,-4.00313135396904,2.993389827371786,1.2006478070590403,0.009853290118301397
14.461,0,-3.999588795575843,-2.997734757797071,1.1972891224013735,0.009798003776136904
14.461,1,-4.003062319396739,2.993383191713017,1.2007175643473167,0.009824631905667578
14.471,0,-3.9995035659210845,-2.9977175783690146,1.1973349554130703,0.00984826396021084
14.471,1,-4.002994397746064,2.993380230814249,1.2007882880507907,0.009800469050024244
14.481,0,-3.999418356034288,-2.997700878939397,1.197382421452497,0.009952982674915846
14.481,1,-4.002927668595299,2.9933809287922113,1.2008596902193727,0.009742993578159859
14.491,0,-3.999333391432147,-2.9976848060985177,1.197433828091521,0.010162912014841638
14.491,1,-4.002862173456698,2.9933852998223762,1.2009309374017827,0.009637936173908934
14.501,0,-3.9992488989711408,-2.997669477403342,1.1974910290662082,0.010459116218403727
14.501,1,-4.002797926808907,2.993393388929898,1.2010013527451906,0.009506159167704384
14.511,1,-4.00273492646646,2.993405269248435,1.2010704778881416,0.009364774678005935
14.512,0,-3.9991651009423506,-2.9976549815166615,1.1975552293022573,0.01082951378129892
14.521,0,-3.99908221068091,-2.9976413792562417,1.1976271972085708,0.011262712249186032
14.521,1,-4.002673161290003,2.9934210384731883,1.2011380175638686,0.00922639874360282
14.531,0,-3.99900042944009,-2.9976287051280406,1.1977073844986392,0.011746587275327165
14.531,1,-4.002612616997321,2.993440815027052,1.2012037743273445,0.009099852344793737
14.541,0,-3.998919943902918,-2.9976169689440684,1.197795717931789,0.012202521574658782
14.541,1,-4.002553280298125,2.9934647338184224,1.2012675195219802,0.008973034897816779
14.551,0,-3.998840924196521,-2.9976061577228243,1.1978905170057952,0.012524578477121531
14.551,1,-4.002495141113405,2.9934929373171304,1.201328624518592,0.008830071942052996
14.561,0,-3.9987635288118506,-2.99759624275574,1.1979901013561423,0.01274233374089921
14.561,1,-4.0024381940771425,2.993525560516792,1.201386521929671,0.008692571495994152
14.571,1,-4.002382438666542,2.9935627146171,1.2014408371696699,0.008577248445392087
14.571,0,-3.9986879090337033,-2.9975871858338263,1.1980932816569478,0.012882351708276504
14.581,0,-3.9986142113750702,-2.9975789435983304,1.1981992245780169,0.012965550337336469
14.581,1,-4.002327878709604,2.9936044753295583,1.2014913429921794,0.00849541066845322
14.591,0,-3.99854257901432,-2.9975714707695746,1.1983073388452954,0.013006103620662745
14.591,1,-4.002274521670465,2.993650875576803,1.2015379094189567,0.008452557473405288
14.601,0,-3.998473152621246,-2.9975647227905204,1.1984173101590996,0.013039129693940959
14.601,1,-4.00222237869108,2.993701904827439,1.2015810985433693,0.008525913054808583
14.611,1,-4.00217146714858,2.9937575147186912,1.2016230391257627,0.008727202047388822
14.611,0,-3.998406067746635,-2.9975586605323055,1.198529235811173,0.01308500609202211
14.621,0,-3.998341445334023,-2.997553258352408,1.1986432267995262,0.01314053010799966
14.621,1,-4.002121813606004,2.9938176170577893,1.2016654710158408,0.009008237444538993
14.631,0,-3.9982793835305013,-2.997548510882507,1.1987593348965992,0.013202706079690249
14.631,1,-4.002073458321595,2.9938820907494987,1.2017095627448569,0.009339246924738297
14.641,0,-3.9982199523714432,-2.9975444370329734,1.1988775684517379,0.013270811969954284
14.641,1,-4.002026458329449,2.9939507891185144,1.2017560878853706,0.009701149877792008
14.651,1,-4.001980888435947,2.9940235451486985,1.201805358818228,0.010056145998978775
14.652,0,-3.9981631883973763,-2.997541080883803,1.198997090005037,0.013162336428165068
14.661,0,-3.998109086857089,-2.9975385045185643,1.1991150567457174,0.012801066031207179
14.661,1,-4.001936836609843,2.994100172687683,1.201857014843309,0.010382646770971327
14.671,0,-3.99805760006803,-2.9975367726404643,1.199229166255751,0.012269427608527901
14.671,1,-4.001894392853317,2.994180466136257,1.2019106893213534,0.010683246684920792
14.681000000000001,0,-3.998008632064963,-2.997535936988926,1.1993378769977763,0.011627249709636139
14.681000000000001,1,-4.001853638222714,2.9942641981148754,1.2019661162362782,0.010959979749257135
14.691,0,-3.9979620356648735,-2.997536025304657,1.199440171006928,0.01091674724940508
14.691,1,-4.001814637136308,2.994351118572401,1.2020230967722896,0.011213218224194218
14.701,0,-3.997917611961165,-2.9975370338805387,1.1995349299673836,0.010068820522455722
14.701,1,-4.001777432045244,2.994440954965657,1.2020812340903042,0.011413474585414767
14.712,0,-3.9978751183297554,-2.997538925312778,1.1996202019776299,0.009071952514120695
14.712,1,-4.001742041969498,2.994533416922205,1.2021396100230857,0.011550842696184
14.721,0,-3.9978342921284216,-2.9975416343674053,1.1996945168733164,0.00799612051567903
14.721,1,-4.001708467755671,2.994628209922264,1.2021974941527307,0.011640339130619671
14.732,0,-3.997794869824821,-2.997545073882643,1.1997569283151388,0.006897777497634465
14.732,1,-4.001676696891346,2.9947250457403665,1.2022543773522754,0.011692469401248677
14.741,0,-3.997756600459128,-2.997549139938992,1.1998068554188694,0.005833286568617544
14.741,1,-4.00164670740575,2.994823649740266,1.2023099072766574,0.011715885748704543
14.751,0,-3.997719254987305,-2.997553716496349,1.1998439813494295,0.004869765359255781
14.751,1,-4.0016184711263145,2.994923766005452,1.2023638519680944,0.011716768809943405
14.761,0,-3.997682632596541,-2.9975586795052958,1.199868470515022,0.004137226317101939
14.761,1,-4.001591955017782,2.9950251594187605,1.2024153405003057,0.011624676382431549
14.771,0,-3.997646563939912,-2.9975638981410735,1.199881354906887,0.0037109976458833574
14.771,1,-4.001567119582525,2.995127611477214,1.2024618577429407,0.011431365932777174
14.781,0,-3.9976109107483446,-2.9975692311876925,1.1998835457691954,0.0035979844238334217
14.781,1,-4.001543918734939,2.9952309108488056,1.2025014103773906,0.011197600298030207
14.791,0,-3.9975755650351177,-2.9975745242068084,1.1998757302419247,0.0037636055782098964
14.791,1,-4.001522296346529,2.9953348416479715,1.2025326851303033,0.01096795586866661
14.801,0,-3.9975404478132086,-2.9975796085319675,1.1998584302225268,0.004137037148090644
14.801,1,-4.001502183553737,2.9954391755263963,1.2025548275852715,0.01077340785593682
14.811,0,-3.9975055074389605,-2.997584301265928,1.1998329670481458,0.004503085907623334
14.811,1,-4.001483498733074,2.9955436675513516,1.2025682748012838,0.01065476930002725
14.821,0,-3.997470717723787,-2.9975884078250288,1.1998027763977464,0.0047002835972737985
14.821,1,-4.001466148266671,2.9956480572556603,1.2025760204356484,0.010577729018359527
14.831,1,-4.001450021083321,2.995752076662065,1.2025805638119564,0.01050073737465305
14.831,0,-3.997436075635073,-2.997591731126971,1.1997706191115896,0.004750706565154921
14.841,0,-3.9974015991741205,-2.99759407992219,1.1997383747666215,0.004693232760833474
14.841,1,-4.001434988367307,2.995855460148127,1.2025836279888866,0.010408698219953471
14.851,0,-3.997367324971538,-2.997595274713564,1.1997073241493788,0.004563535272229475
14.851,1,-4.001420905057469,2.995957952064825,1.202586408085129,0.010297775014033986
14.861,0,-3.997333305710993,-2.997595151868735,1.1996783182656396,0.0043907430106288154
14.861,1,-4.001407611834148,2.9960593122721115,1.2025897167215762,0.010168748319314464
14.871,0,-3.9972996074312332,-2.9975935667688276,1.1996516588848791,0.004233127275729557
14.871,1,-4.001394937342451,2.9961593203333683,1.2025938415074746,0.01002129004730323
14.881,1,-4.001382702153325,2.996257778944313,1.2025982765525869,0.009855485644520854
14.881,0,-3.9972663064809155,-2.9975903981119756,1.1996268508110022,0.004114087862371097
14.891,0,-3.9972334863745216,-2.9975855529638156,1.1996034244898124,0.004022301465159085
14.891,1,-4.001370725821977,2.996354515104782,1.202602569773165,0.00967419152590172
14.901,0,-3.9972012346922905,-2.99757897130571,1.199581030183478,0.003950909540911576
14.901,1,-4.00135883276134,2.996449380991787,1.2026064120983626,0.009480556889209584
14.911,0,-3.997169640398991,-2.9975706283467214,1.1995594068443183,0.0038943436364614285
14.911,1,-4.00134685657464,2.9965422540282542,1.202609599277093,0.00927776821908288
14.921,0,-3.997138791630562,-2.9975605349486782,1.1995383654494907,0.003848890575454876
14.921,1,-4.001334643186831,2.9966330362060636,1.2026120083600838,0.009068767565075915
14.931000000000001,0,-3.9971087740789626,-2.997548736250764,1.1995180067314948,0.0037765430928737615
14.931000000000001,1,-4.001322053025499,2.9967216530882075,1.2026134754246451,0.008856017728963652
14.941,0,-3.9970796707528735,-2.99753530772548,1.199499303708718,0.0036531563436456986
14.941,1,-4.001308962114333,2.9968080513321,1.2026135925424306,0.00864270098206891
14.951,0,-3.9970515621125156,-2.997520350998671,1.1994831062628788,0.003506399376688029
14.951,1,-4.001295261411529,2.996892191964031,1.202612044216683,0.008432000018309255
14.961,0,-3.9970245269631755,-2.9975039879621366,1.1994699509388997,0.0033583700448500294
14.961,1,-4.001280855682541,2.9969740445185082,1.2026086329889296,0.008226173895349168
14.971,0,-3.99699864318852,-2.9974863553130118,1.199460164359114,0.0032241475556280476
14.971,1,-4.0012656623926315,2.9970535828396625,1.202603244853291,0.00802661242690827
14.981,0,-3.99697398757711,-2.997467600568041,1.1994534319944872,0.0031354065723087706
14.981,1,-4.001249610658222,2.9971307818061907,1.2025959990270065,0.007829925480565908
14.991,0,-3.996950635888784,-2.9974478795952204,1.1994481135559967,0.0030786254694497883
14.991,1,-4.001232642981759,2.997205617222187,1.2025874390473816,0.007632238079755438
15.001,0,-3.996928667109251,-2.9974273534687175,1.199442834148597,0.0030330491245215392
15.001,1,-4.001214722409469,2.997278071791354,1.202578023894145,0.00743375602444983
15.007,0,-3.996908165632188,-2.997406187585312,1.19943664600729,0.0029952127989660276
15.007,1,-4.001195838418683,2.9973481396356125,1.2025680947092023,0.007235329811463062
15.021,0,-3.996889222126051,-2.9973845508517303,1.1994288973236997,0.0029679617264972242
15.021,1,-4.001176010166317,2.997415828914495,1.2025579037294372,0.007038213072025819
15.031,0,-3.996871933715288,-2.9973626147607786,1.1994191292123193,0.0029560802032361864
15.031,1,-4.001155287835093,2.9974811630594673,1.2025476316428227,0.006843432986771935
15.041,1,-4.001133752384775,2.997544181218525,1.2025372341688871,0.006658462344224588
15.041,0,-3.9968564046310284,-2.9973405522464374,1.1994075442191723,0.002904324237544621
15.051,0,-3.9968427471664874,-2.997318534521389,1.1993962049201197,0.0027546004122956224
15.051,1,-4.001111509845039,2.9976049356457652,1.2025262052141406,0.006487478621143915
15.061,0,-3.9968310745195854,-2.9972967235855523,1.1993869221261315,0.0025474629844556428
15.061,1,-4.001088676982944,2.9976634827442683,1.2025141306814182,0.006329150588217208
15.071,0,-3.9968214965406146,-2.997275264392843,1.1993809017748331,0.0023338353898052023
15.071,1,-4.001065368429529,2.9977198760258634,1.2025007445980342,0.0061821704381791265
15.081,0,-3.9968141174769123,-2.997254279446702,1.1993789429472543,0.002169540143857954
15.081,1,-4.00104168757806,2.997774161455562,1.2024859007495177,0.00604529638855777
15.091,1,-4.001017720321427,2.997826374666626,1.2024695194505572,0.005917885636031881
15.091,0,-3.996809034397579,-2.9972338655807573,1.1993815472236642,0.0021076195555762983
15.101,0,-3.996806335908274,-2.9972140924365753,1.199388865812151,0.0021626907044522167
15.101,1,-4.000993531259076,2.997876540395436,1.2024512406734147,0.005825069612766459
15.111,0,-3.9968061008314577,-2.997195004459012,1.1994002235981,0.0022823551490540202
15.111,1,-4.000969165598779,2.9979246774936095,1.202429969365331,0.0057893911087283515
15.121,1,-4.000944658780629,2.9979708088242405,1.2024048423446803,0.005814626645514076
15.121,0,-3.9968084016655983,-2.9971766314597215,1.1994149023369716,0.0024370167998228756
15.131,0,-3.9968133068982206,-2.9971589997219765,1.1994323717573059,0.0026117488911474
15.131,1,-4.000920046182367,2.998014971648405,1.2023752902175338,0.005902677308040236
15.141,1,-4.0008953700126595,2.998057224484247,1.2023409520988328,0.006050985397803829
15.141,0,-3.996820881917881,-2.9971421398193248,1.1994522306176998,0.002800217462389601
15.151,0,-3.996831190165701,-2.997126091916206,1.19947450155338,0.0030593775932011916
15.151,1,-4.000870683746158,2.9980976491270828,1.202302512121312,0.0061119530813333245
15.161,0,-3.99684428993394,-2.997110905699605,1.199500036013999,0.003414690170556005
15.161,1,-4.000846053248508,2.9981363448548053,1.2022628810158793,0.005998718558344257
15.171,0,-3.996860219882007,-2.997096631757066,1.1995295233517191,0.0038399672254272998
15.171,1,-4.000821553603022,2.998173419311209,1.2022244361202266,0.00576048035691287
15.181,0,-3.996878988561187,-2.9970833135953923,1.1995634089801412,0.00431279483295217
15.181,1,-4.0007972649567725,2.9982089750694922,1.20218879143423,0.005441640699357113
15.191,0,-3.9969005683942616,-2.9970709820460373,1.1996019540644483,0.0048143544626641
15.191,1,-4.000773268942805,2.9982430995472056,1.202157018599939,0.005078723826079606
15.201,0,-3.9969248928652528,-2.997059651594096,1.1996452957746193,0.005331720530524005
15.201,1,-4.000749645738346,2.9982758584199956,1.2021298150540989,0.004699322765026964
15.211,0,-3.996951855977557,-2.997049318156207,1.1996934490742475,0.005843241892072357
15.211,1,-4.000726471602916,2.9983072917119125,1.2021076923022422,0.004319360923200837
15.221,0,-3.996981314264847,-2.9970399560948437,1.1997461959517703,0.006331751373261783
15.221,1,-4.000703813295441,2.99833741271237,1.2020911258003153,0.0039614180325445655
15.231,0,-3.9970130932979675,-2.9970315127162777,1.1998033043672465,0.006798097882788056
15.231,1,-4.000681716815842,2.998366210046544,1.2020804213683842,0.0036549383595843254
15.241,0,-3.9970469945465066,-2.997023903830722,1.199864589331841,0.007243995013284591
15.241,1,-4.0006601979942245,2.9983936505440556,1.2020757550369994,0.003427625090072805
15.251,0,-3.9970828014379665,-2.9970170119249238,1.199929894896387,0.007669450034854386
15.251,1,-4.000639236888145,2.9984196822843936,1.202077204906273,0.0033034830660468705
15.261,0,-3.9971202847492435,-2.997010686342669,1.199999076278712,0.008074245765407908
15.262,1,-4.000618775129842,2.998444237773244,1.2020847713877354,0.0032962629934531855
15.27,1,-4.000598715719232,2.998467237311999,1.2020982297124052,0.0033833009518040094
15.271,0,-3.997159207145126,-2.997004744948273,1.2000718130389985,0.008414968014065327
15.281,1,-4.0005789297275,2.998488591636256,1.2021167200528484,0.003511272020607596
15.281,0,-3.9971993287718424,-2.996998978331893,1.2001471552223155,0.008657759330176642
15.291,0,-3.9972404181700094,-2.9969931582323164,1.2002242610986757,0.008827858911239602
15.291,1,-4.000559275475565,2.998508200476899,1.202139468147754,0.003658482917415429
15.301,0,-3.9972822609854415,-2.9969870457492003,1.2003025280461652,0.008945132945457115
15.301,1,-4.0005396170007845,2.9985259516781517,1.2021659168006547,0.0038163553363886418
15.311,0,-3.997324665507337,-2.996980398050378,1.2003815313616217,0.009023632948784424
15.311,1,-4.00051983702232,2.998541721278951,1.202195671064195,0.003981441825498501
15.321,0,-3.9973674660753518,-2.996972973852901,1.2004610771957724,0.009101035963434426
15.321,1,-4.000499845343645,2.9985553737166413,1.2022285767815815,0.004182707650874113
15.331,0,-3.9974105249014165,-2.996964540058258,1.2005414507143939,0.00920637425316781
15.331,1,-4.000479581423067,2.9985667617597382,1.2022650193391649,0.0044475265553335286
15.341,0,-3.9974537323061448,-2.9969548832862496,1.2006229359697351,0.009331193364088615
15.341,1,-4.000459009752616,2.998575728697004,1.2023053598587914,0.004763003875529156
15.351,0,-3.997497006053262,-2.9969438199461473,1.2007057147764313,0.009469010675870857
15.351,1,-4.000438113793277,2.9985821100481687,1.2023498213588661,0.005117083208246966
15.361,0,-3.9975402898854924,-2.996931202703055,1.2007898875609262,0.009615082840791047
15.361,1,-4.000416890991727,2.9985857352154714,1.2023985210842114,0.0054999167426584925
15.371,0,-3.9975835514975175,-2.996916924050873,1.2008754754753237,0.009761248514650425
15.371,1,-4.000395348985477,2.998586430558752,1.2024511409899914,0.00582218470348772
15.382,0,-3.9976267802137135,-2.996900916347984,1.2009624062023807,0.009903635440919418
15.382,1,-4.000373503654645,2.99858402646034,1.2025064422040852,0.006045378194138998
15.391,1,-4.0003513787908505,2.9985783647518347,1.2025633947954142,0.006204039769415001
15.391,0,-3.9976699845464623,-2.996883147770653,1.2010506037472455,0.01004338555241991
15.401,0,-3.997713189747285,-2.9968636176034034,1.2011400076395657,0.010182732132162964
15.401,1,-4.000329006465171,2.9985693075926254,1.202621285144635,0.006324971289198566
15.411,0,-3.997756435410342,-2.9968423518362752,1.201230579519455,0.01032249758916624
15.411,1,-4.000306427204733,2.9985567438075673,1.2026796294925377,0.006426330011672888
15.421,0,-3.9977997731889636,-2.996819399235681,1.2013222841890137,0.010462351519920192
15.421,1,-4.00028368984305,2.99854059269772,1.2027380903812328,0.006519776813943187
15.431000000000001,0,-3.997843264737584,-2.996794827712705,1.201415090745073,0.010603310230223855
15.431000000000001,1,-4.000260851030519,2.9985208075349075,1.202795965909655,0.006493579011533171
15.441,0,-3.9978869804701147,-2.996768718218601,1.2015089927548748,0.010746709166307392
15.441,1,-4.000237970237567,2.9984973810705102,1.2028504695205546,0.006224305214619123
15.451,0,-3.9979309996158796,-2.996741154439959,1.2016039853602931,0.010891799175079181
15.451,1,-4.000215092862988,2.998470331950227,1.2028990319368762,0.0058319710986888115
15.461,1,-4.000192233544325,2.998439696902684,1.2029399322658856,0.005419615946647801
15.461,0,-3.9979754103574634,-2.996712213827758,1.2017000494161427,0.011037546395812248
15.47,0,-3.998020309586574,-2.9966819614113245,1.2017971619214884,0.011185083689479439
15.47,1,-4.00016936545457,2.998405527581685,1.2029720393102645,0.005080410168876697
15.481,1,-4.000146414664485,2.9983678856523674,1.202995277949871,0.004954504537422085
15.481,0,-3.9980658021271167,-2.9966504461065857,1.201895130827321,0.011294246396910153
15.491,0,-3.99811199793237,-2.9966177010341863,1.2019931646306277,0.011335248896288641
15.491,1,-4.000123265658708,2.9983268376424834,1.2030113755853948,0.005031241866310523
15.501,0,-3.9981590065706674,-2.996583747743857,1.202090579949773,0.011333395144302644
15.501,1,-4.000099782959421,2.998282459931194,1.20302182649835,0.0052255723543820284
15.511,0,-3.9982069315550124,-2.9965486017367926,1.202186918379982,0.01130544792565568
15.511,1,-4.000075832014968,2.9982348371387064,1.2030276764216044,0.0054847213890119005
15.521,0,-3.998255866194284,-2.996512276662653,1.202281867109412,0.01126225943537929
15.521,1,-4.0000512940894675,2.9981840593559,1.2030296488193024,0.0057780173877742605
15.531,1,-4.000026076241529,2.998130219637344,1.2030282408150104,0.006088086632125866
15.532,0,-3.9983058908081777,-2.996474787201057,1.2023752095638218,0.011210818103071745
15.541,0,-3.9983570703893063,-2.9964361517981,1.2024661938921826,0.011036921096805888
15.541,1,-4.000000117062356,2.9980734108243365,1.2030241106983868,0.00639878514962853
15.551,1,-3.999973386953912,2.9980137218417133,1.2030185709743357,0.006696028848299938
15.551,0,-3.998409454837341,-2.996396397347581,1.2025526753448477,0.010707193479332616
15.561,0,-3.998463086625712,-2.996355564157079,1.2026329457262397,0.010291301424482346
15.561,1,-3.999945883449691,2.99795123770194,1.2030126577880615,0.006978484731403197
15.572,0,-3.9985180060265963,-2.996313711768621,1.202705874164284,0.009841244579076074
15.572,1,-3.999917624988618,2.997886037296113,1.203007075798768,0.0072487708552057524
15.581,1,-3.999888645466861,2.997818191600971,1.2030023023494925,0.0075100020508992735
15.581,0,-3.9985742541904656,-2.996270922642153,1.2027707320030052,0.009395936323769583
15.591,1,-3.999858989707179,2.997747762708444,1.2029986583685495,0.007764801184169236
15.591,0,-3.9986318749531145,-2.9962273038638854,1.20282706960198,0.00898504834405344
15.601,0,-3.9986909167644065,-2.996182986686371,1.20287539157081,0.008735287930196907
15.601,1,-3.9998287098938996,2.9976748046217403,1.2029959547328126,0.008017491459932873
15.61,0,-3.9987514325055438,-2.9961381219318963,1.2029188975800018,0.008693945429199896
15.61,1,-3.9997978610723397,2.9975993665913703,1.2029929645267003,0.008268547947134377
15.62,0,-3.998813464776301,-2.996092872214809,1.2029604141717527,0.00877086114641295
15.62,1,-3.9997664934335004,2.997521494954712,1.2029886770580136,0.008519012916766808
15.631,0,-3.998877035293106,-2.996047401399999,1.203001870911884,0.008918023056106008
15.631,1,-3.999734646662611,2.99744123770773,1.2029824102305566,0.008771013922956773
15.642,0,-3.998942139055421,-2.9960018660824055,1.2030445787670692,0.009108568456024958
15.642,1,-3.9997023464637578,2.9973586481996826,1.2029737101628633,0.009025930593173035
15.651,0,-3.9990087410887525,-2.995956409602713,1.203089195015902,0.00929971683654302
15.651,1,-3.999669602732935,2.997273787204459,1.2029624774771037,0.009277796449719202
15.661,0,-3.999076777211755,-2.9959111629602924,1.2031355467979195,0.009467978062802524
15.661,1,-3.9996364127797923,2.997186725408523,1.202949192590511,0.00951957905866199
15.671,0,-3.9991461609931243,-2.995866255840972,1.2031834074855197,0.009615306128786496
15.671,1,-3.999602772388446,2.997097549663557,1.202934283855782,0.009749201929718272
15.682,0,-3.9992167897597595,-2.99582182720589,1.2032326143008563,0.009742699420664594
15.682,1,-3.999568685914933,2.997006366569281,1.2029180544028875,0.009964749752486665
15.691,0,-3.9992885491638472,-2.9957780321103518,1.2032830473239216,0.009850540434035526
15.692,1,-3.999534173142172,2.996913303813719,1.2029007205236748,0.010164224331631664
15.701,0,-3.9993613165217226,-2.9957350451536926,1.203334313346773,0.009896952866709845
15.701,1,-3.999499273379493,2.9968185100676625,1.2028824053696887,0.01034699908513373
15.711,0,-3.9994349637323046,-2.995693058664653,1.2033850165980373,0.00985125057385068
15.711,1,-3.9994640444058045,2.996722153494278,1.2028631130420266,0.010512008147017938
15.721,1,-3.999428554617745,2.9966244187868534,1.202842841268673,0.01065744356242508
15.721,0,-3.9995093630450556,-2.9956522756952975,1.203433956049212,0.009740874455334734
15.732,0,-3.999584391101367,-2.995612901888207,1.203480318098171,0.009586774989828444
15.732,1,-3.9993928751887076,2.996525504218203,1.202821598483594,0.010782042419823112
15.742,0,-3.999659931698168,-2.99557513902052,1.2035235574535192,0.00940466655277493
15.742,1,-3.9993570742842763,2.9964256188361964,1.2027993999840028,0.010885027861941676
15.751,0,-3.9997358778093366,-2.9955391802130444,1.2035633145825653,0.009206359321658829
15.752,1,-3.9993212129653655,2.9963249798127625,1.202776264594617,0.010966022437609113
15.761,0,-3.999812133077668,-2.9955052068953716,1.2035996408983936,0.009027290031180026
15.761,1,-3.9992853425070933,2.9962238099222525,1.202752263750113,0.01102225786985805
15.771,0,-3.999888612666362,-2.995473383818335,1.2036333530391534,0.008878893364937005
15.771,1,-3.999249504176913,2.9961223338721243,1.2027275917537537,0.011052705791868345
15.781,0,-3.999965243185593,-2.995443846658589,1.2036651444170512,0.008750181439165486
15.781,1,-3.999213732119703,2.9960207726410673,1.2027024155004562,0.011059054706921404
15.791,0,-4.000041962815357,-2.995416692926719,1.2036954952979098,0.008635620913801146
15.791,1,-3.999178056296865,2.995919338310975,1.202676860458534,0.011043094842339157
15.801,0,-4.000118721328081,-2.995391976935737,1.2037247382028873,0.008532684133505311
15.801,1,-3.9991425045563234,2.9958182303087164,1.2026510229494634,0.011006672913333715
15.812,0,-4.000195479774632,-2.9953697077415002,1.2037530630365558,0.008437101326527219
15.812,1,-3.999107103869601,2.9957176324295025,1.202624403136829,0.01098595584662516
15.82,0,-4.00027220703835,-2.995349852468843,1.2037804915774137,0.008346727914634392
15.82,1,-3.9990718796098714,2.995617708440566,1.202595108403615,0.011004732693066586
15.831,0,-4.0003488712990825,-2.9953323469244624,1.2038070200426483,0.008261433362250725
15.831,1,-3.99903685251613,2.9955185965923032,1.2025616146657392,0.011063176045741665
15.841,0,-4.000425432302424,-2.995317105647456,1.2038326444134855,0.008179992354522884
15.842,1,-3.9990020356788514,2.9954204050657713,1.2025229127061672,0.011163796861961528
15.851,0,-4.000501836212645,-2.99530402963776,1.2038573598069229,0.008100503351343984
15.851,1,-3.998967432523718,2.9953232094915547,1.2024783518430946,0.01130838994096508
15.861,0,-4.000578012571951,-2.995293012445611,1.2038811615661877,0.008020687104335832
15.861,1,-3.9989330356718327,2.9952270522867073,1.2024275276201821,0.011497155917962729
15.871,0,-4.000653872830856,-2.9952839449341573,1.203904105951849,0.007942638139335562
15.871,1,-3.99889882664005,2.9951319438598456,1.2023707661803051,0.011652737011308747
15.881,1,-3.998864778287836,2.995037866218576,1.2023103963730257,0.01169778031731644
15.881,0,-4.000729310284512,-2.9952767201974715,1.2039264540593764,0.007867023213912689
15.891,0,-4.000804201550617,-2.995271239384858,1.2039484359288797,0.007788895885448731
15.891,1,-3.9988308616967054,2.994944775341576,1.2022484830741909,0.011661014943371555
15.901,1,-3.998797053357316,2.9948526057385982,1.2021864359392345,0.011568563849425156
15.901,0,-4.000878408664093,-2.9952674169599236,1.2039702106244332,0.007704585794350086
15.911,1,-3.9987633402413736,2.994761275003672,1.2021252102908673,0.011441109295026973
15.911,0,-4.00095178135594,-2.9952651841149796,1.203991887469104,0.007611419735138954
15.921,1,-3.9987297230332377,2.994670687736942,1.2020654466296123,0.011294018235501841
15.921,0,-4.001024159351678,-2.995264490612587,1.2040135412368225,0.0075075261820098434
15.931000000000001,0,-4.001095374584714,-2.995265305418245,1.2040352669717125,0.0073951570661211895
15.931000000000001,1,-3.99869621765129,2.994580738846486,1.2020073802358893,0.011161647281864263
15.941,0,-4.0011652534915925,-2.995267614337246,1.2040572931451332,0.007276784686510216
15.941,1,-3.998662850751326,2.9944913168853766,1.2019506475219974,0.011059489240850066
15.951,0,-4.0012336201539815,-2.99527141193239,1.2040798154438044,0.007151141409654129
15.951,1,-3.998629646389159,2.9944023082328237,1.2018949070360943,0.010981043374281898
15.961,0,-4.001300299166596,-2.995276693663304,1.2041029707497133,0.00701789634671071
15.961,1,-3.9985966138321936,2.99431360042829,1.2018399164718014,0.01092230103323862
15.971,0,-4.00136511799864,-2.99528345029109,1.2041268551046966,0.006877318248788811
15.971,1,-3.998563739523028,2.9942250847413305,1.2017855011291556,0.010880633745692786
15.981,0,-4.001427910536256,-2.995291663026185,1.204150770611655,0.006663465830735501
15.981,1,-3.998530982492939,2.994136658360429,1.2017317528374483,0.010828043465400039
15.991,0,-4.001488521143288,-2.9953013013398966,1.2041721659361753,0.00635654254842695
15.991,1,-3.9984982742697204,2.9940482299949123,1.2016793212353396,0.010753325932849667
16.001,0,-4.001546801026505,-2.995312329617345,1.2041889801824006,0.006009371973965137
16.001,1,-3.9984655240291844,2.9939597316873208,1.2016287414628224,0.010667244080883953
16.011,0,-4.001602608171609,-2.995324710745917,1.2041998372293397,0.005672673654570349
16.011,1,-3.998432624502635,2.993871128854259,1.2015803711457507,0.010576176047066153
16.021,0,-4.001655808038315,-2.995338408182968,1.2042038342009707,0.005392016501089354
16.021,1,-3.9983994569419394,2.993782426228359,1.2015344448791,0.010483287783202044
16.031,0,-4.001706274082558,-2.9953533873934233,1.2042003953302516,0.005205845790740969
16.031,1,-3.9983658952585563,2.9936936705851536,1.2014911119231766,0.010389499080917112
16.041,0,-4.001753888158045,-2.9953696168321384,1.2041892041177176,0.005139520945612223
16.041,1,-3.9983318095292133,2.993604950976529,1.2014504058986935,0.010300051196166688
16.051,0,-4.001798543857299,-2.9953870685308344,1.2041702225735682,0.0051996344427654466
16.051,1,-3.998297070107683,2.993516395102237,1.2014121279920553,0.010216895668285732
16.061,1,-3.998261553391974,2.9934281599384516,1.201376089564463,0.010134181841958504
16.061,0,-4.001840157144088,-2.9954057179464186,1.204143509476737,0.005381649685010783
16.072,0,-4.001878675936214,-2.995425543780091,1.204109160075858,0.005672085668719597
16.072,1,-3.9982251469551366,2.9933404219254944,1.2013421577340777,0.010048003767120998
16.081,0,-4.001914085870239,-2.995446527793118,1.204067294183515,0.00605253841994378
16.081,1,-3.998187753009354,2.993253369012284,1.2013102379323857,0.009955853337144684
16.091,0,-4.001946411679915,-2.9954686550342395,1.2040184745731504,0.006412028064098583
16.091,1,-3.998149290462896,2.993167194325612,1.2012803358181312,0.009850946032763833
16.101,0,-4.001975711612701,-2.9954919135506226,1.203964720266525,0.006647021569603069
16.101,1,-3.998109696743861,2.9930820902738353,1.2012526497223066,0.00973181625396852
16.111,0,-4.002002072332134,-2.9955162883710185,1.2039077962889793,0.006787569902058318
16.111,1,-3.998068930647251,2.992998241837175,1.2012273326691445,0.00960219379448553
16.121,0,-4.002025598554419,-2.9955417573863987,1.2038489303964122,0.006860875907594527
16.121,1,-3.998026974033898,2.9929158212111786,1.2012044705751275,0.009464957994981201
16.131,0,-4.002046403849031,-2.995568289040935,1.2037889746966404,0.006888440933564192
16.131,1,-3.9979838321859034,2.9928349841382222,1.201184104851432,0.009322272783975755
16.141,0,-4.0020646038421805,-2.9955958409963346,1.2037285197888428,0.006885723233613324
16.141,1,-3.9979395332551007,2.992755867553868,1.2011662472928664,0.009175855471316486
16.151,1,-3.997894126477981,2.9926785892228103,1.201151302378533,0.009011641072819265
16.151,0,-4.002080312013173,-2.995624359282415,1.2036676781664388,0.006927216289024816
16.161,0,-4.002093635878655,-2.9956537787006536,1.2036057231369313,0.0070456984183253695
16.161,1,-3.9978476769819467,2.9926032525735358,1.201140654419501,0.008837418209456889
16.171,0,-4.002104668914682,-2.995684026166064,1.2035420397464098,0.007217003539045304
16.171,1,-3.9978002577006833,2.9925299552887643,1.2011354047439207,0.008677321264515207
16.181,0,-4.002113486062761,-2.995715023155499,1.2034762254329883,0.007423915449092806
16.181,1,-3.9977519406199846,2.992458798922125,1.2011362702710593,0.0085491188376591
16.191,1,-3.9977027903064553,2.9923898956150956,1.2011437016337474,0.00846468925354694
16.191,0,-4.002120141488812,-2.9957466875297953,1.2034080242681708,0.007654211093363437
16.201,0,-4.002124667798784,-2.995778934984311,1.203337223372321,0.007913272380666903
16.201,1,-3.9976528597933916,2.992323371513229,1.201157742363862,0.008419045513677628
16.211,0,-4.002127075770169,-2.995811680629144,1.203263489242986,0.008205289767458709
16.211,1,-3.9976021900079632,2.992259365322822,1.2011775487641714,0.008389755692173246
16.222,0,-4.002127352758704,-2.9958448414894208,1.2031865745181192,0.008518466516589175
16.222,1,-3.99755081279968,2.9921980246340905,1.2012023167542007,0.00836822768065305
16.231,0,-4.00212546218709,-2.9958783385840992,1.2031063388519452,0.00884459690634872
16.231,1,-3.9974987552229533,2.9921394999674216,1.2012314614427235,0.008351383785345574
16.241,0,-4.002121344203886,-2.9959120983188487,1.203022717997223,0.009177970684945436
16.241,1,-3.9974460428099956,2.99208393967894,1.20126454672766,0.008338496503162783
16.251,0,-4.0021149166709105,-2.9959460534384896,1.2029359293029935,0.009458211947889747
16.251,1,-3.997392702223681,2.992031484930679,1.2013008872463942,0.008287856668495975
16.261,0,-4.002106076822845,-2.9959801444106837,1.2028470017710546,0.009640413572011201
16.261,1,-3.9973387675496435,2.9919822619043748,1.2013386830875032,0.008159053480475537
16.271,0,-4.00209470887346,-2.996014321899431,1.2027568416462788,0.009757505135715923
16.271,1,-3.997284292993982,2.9919363776839147,1.2013764078297027,0.007972021685557303
16.281,0,-4.0020806899210095,-2.9960485491032958,1.202666075542306,0.00983279466537817
16.281,1,-3.9972293651098947,2.9918939138283136,1.2014130206118385,0.007744325173895927
16.291,1,-3.9971741102950613,2.991854921605907,1.2014478158412036,0.0074894210709320515
16.291,0,-4.002063894254117,-2.996082803038882,1.2025751366043587,0.009883255741773986
16.302,0,-4.002044196836124,-2.996117074932591,1.2024843229915019,0.009921180787204721
16.302,1,-3.997118698329531,2.9918194195772805,1.2014803205753974,0.0072165020946277575
16.311,0,-4.002021478012105,-2.996151369891482,1.2023932641161952,0.010082249805825193
16.311,1,-3.9970633428080817,2.9917873938664012,1.2015104762989184,0.006956827126866348
16.321,0,-4.001995631091026,-2.996185705389815,1.2023001473914456,0.010419571627466609
16.321,1,-3.997008294335467,2.9917588016619665,1.20153894343985,0.006720762892161605
16.331,0,-4.001966565483507,-2.996220108482301,1.2022034971863829,0.010877067515270032
16.331,1,-3.9969538232124706,2.991733574377352,1.201566289558693,0.006496814307487507
16.341,0,-4.0019342132116025,-2.99625461301024,1.202102331169184,0.011415780491105294
16.341,1,-3.996900202757045,2.9917116234472387,1.2015929028189294,0.006278350038033759
16.351,0,-4.001898533668215,-2.9962892573050586,1.201996007961473,0.012008248004741026
16.351,1,-3.9968476969291804,2.9916928455742706,1.2016190471717223,0.0060618133219945145
16.361,0,-4.001859512482362,-2.9963240824107675,1.2018851807051474,0.012402593834476042
16.361,1,-3.9967965532229313,2.991677130499163,1.201646117818139,0.005981391218230052
16.371,0,-4.001817157708216,-2.9963591278256416,1.201773203097125,0.012497546647451147
16.371,1,-3.9967469996963554,2.99166436516076,1.201678369011601,0.006150111718213722
16.381,0,-4.001771511860544,-2.99639442125898,1.201662837929116,0.012395550875975622
16.381,1,-3.9966992357844195,2.991654414336976,1.201719204276444,0.006587145467950678
16.391,0,-4.00172265242494,-2.996429970202526,1.2015559538576697,0.012168909375399202
16.391,1,-3.996653428501812,2.9916471132253775,1.2017708840055492,0.007283508504026137
16.401,0,-4.0016706892896465,-2.9964657567475803,1.201453799347692,0.011867605652586015
16.401,1,-3.996609711295997,2.991642265037097,1.2018348757320783,0.00819616427261017
16.411,0,-4.001615761742127,-2.996501734867606,1.2013571936815841,0.011525820509550411
16.411,1,-3.996568184138682,2.991639640602051,1.2019120971891595,0.009269489069300637
16.421,0,-4.001558037261908,-2.9965378296420204,1.2012659366137095,0.011317762480478876
16.421,1,-3.9965289127330528,2.9916389781582247,1.2020023015483325,0.010238164785804577
16.431,0,-4.001497714025411,-2.996573941450837,1.2011771935830389,0.011354254514517097
16.431,1,-3.9964919226530524,2.991639983586292,1.2021012807921534,0.010782596622538788
16.441,0,-4.001435013611818,-2.996609958896731,1.2010884328978746,0.011543831429208243
16.441,1,-3.9964572076481883,2.991642350553418,1.2022049140240187,0.011015888920735134
16.451,0,-4.001370181008007,-2.9966457709243888,1.200997937226933,0.01182812721140423
16.451,1,-3.996424732242864,2.991645773990993,1.2023103623090077,0.01103112034737987
16.461,0,-4.001303485065901,-2.9966812754429584,1.2009045538687346,0.012169436596470507
16.461,1,-3.996394431853227,2.9916499577094267,1.2024156772710715,0.010895708197955668
16.471,0,-4.001235216874211,-2.9967163851864695,1.2008077962050483,0.01248517655022189
16.471,1,-3.996366214350586,2.9916546201101273,1.2025197328815158,0.010710469411862662
16.481,0,-4.001165683186026,-2.9967510333128344,1.200708376105031,0.012714383551687242
16.481,1,-3.9963399628705796,2.991659498479305,1.2026225203969259,0.01054901547670617
16.491,0,-4.001095194228151,-2.9967851824007186,1.200607021612557,0.01287843040414151
16.491,1,-3.9963155365782153,2.9916643520970934,1.2027242014240171,0.010405333857514184
16.501,0,-4.001024049769133,-2.9968188314880644,1.2005042401772792,0.012993584882492214
16.501,1,-3.996292773371365,2.9916689648091515,1.2028248845066498,0.01027524359292591
16.511,0,-4.000952528647367,-2.996852019620061,1.200400383934661,0.013072437010830813
16.511,1,-3.99627149312649,2.991673146442282,1.2029246412922567,0.010155799169965245
16.521,0,-4.000880881870878,-2.996884826733861,1.2002955629927332,0.013150753252675815
16.521,1,-3.996251501619843,2.991676732878327,1.2030238702975058,0.010128837758896083
16.531,0,-4.000809331142095,-2.9969173692124693,1.2001894907017578,0.013246469112737214
16.531,1,-3.996232599327712,2.9916795842642396,1.2031237954618605,0.01022585978095675
16.541,0,-4.000738074092505,-2.996949788159528,1.200081915308202,0.013353434961330039
16.541,1,-3.99621459654787,2.9916815823788645,1.2032253913766149,0.010407100480385685
16.551,1,-3.996197328093711,2.9916826274631805,1.2033293006188452,0.01064466588154515
16.551,0,-4.000667290214792,-2.996982238127682,1.1999726695423276,0.013467510529022616
16.561,0,-4.000597145276639,-2.99701487846959,1.1998616447795176,0.013585851788215534
16.561,1,-3.9961806632687895,2.991682635411645,1.2034359346605221,0.01091848380416505
16.571,0,-4.000527794503892,-2.9970478667817564,1.1997487733392682,0.013706550474550517
16.571,1,-3.9961645117857865,2.9916815353672432,1.2035455432000626,0.011214420571737846
16.581,0,-4.000459385348753,-2.9970813543654415,1.1996346556899076,0.013686337533851456
16.581,1,-3.9961488264565963,2.991679267798509,1.2036582176647528,0.011509653380106911
16.591,0,-4.000392058380571,-2.9971154831963362,1.1995220708913152,0.013416643948357376
16.591,1,-3.996133602635137,2.9916757856562812,1.2037738007628187,0.011786777863087555
16.601,0,-4.000325938901797,-2.99715037996863,1.1994134378750994,0.012980201058121282
16.601,1,-3.996118874024203,2.9916710608812056,1.2038921135220857,0.012048809433148799
16.611,0,-4.000261130028452,-2.997186151834686,1.1993103900759576,0.012437386565844916
16.611,1,-3.9961047072961917,2.9916650907448092,1.204013006702806,0.012297780393351549
16.62,0,-4.0001977087764145,-2.9972228841436572,1.1992140176190298,0.011831916081892652
16.621,1,-3.9960911969691755,2.991657901496608,1.2041363548941986,0.01253554741939514
16.631,0,-4.000135723203287,-2.9972606386784877,1.199124297962959,0.011346295176012792
16.631,1,-3.9960784605765864,2.9916495501712266,1.2042618421961062,0.012702592513144286
16.641,0,-4.000075195527341,-2.9972994536912814,1.1990384746862663,0.011103473475156101
16.641,1,-3.9960666341085123,2.9916401256308487,1.204388194661723,0.012726317012643444
16.651,0,-4.000016145340594,-2.9973393540486475,1.1989540457998868,0.011023939861092256
16.651,1,-3.996055870309733,2.991629746773878,1.2045142232364225,0.012650421437629879
16.661,0,-3.99995860894699,-2.9973803589524373,1.1988692969576786,0.011055662989049324
16.661,1,-3.9960463369052523,2.9916185608130177,1.2046391191658516,0.012506473396235864
16.671,0,-3.9999026514128926,-2.9974224868097807,1.1987830608514953,0.011163905610637558
16.671,1,-3.996038214249392,2.991606741155475,1.2047623367154203,0.012316373699713976
16.681,0,-3.999848374858866,-2.997465759338299,1.198695310741973,0.011164956175069716
16.681,1,-3.9960316924717265,2.991594484737978,1.2048832948934953,0.012038112593679257
16.691,0,-3.9997959196891877,-2.9975102024664357,1.198608846197066,0.010920236166795667
16.691,1,-3.9960269681327487,2.991582009767173,1.205000809160745,0.011639688988504681
16.701,1,-3.996024243614569,2.9915695544124206,1.2051139117212755,0.011161700455706327
16.702,0,-3.9997454430720465,-2.9975558333953307,1.1985261884972687,0.01051265813595022
16.712,0,-3.9996970999972676,-2.9976026505745774,1.1984490271556332,0.010004217332508595
16.712,1,-3.9960237255909434,2.9915573757712,1.2052219653006055,0.010632867628614645
16.721,0,-3.999651030517473,-2.997650627917052,1.19837847806519,0.009440403682286144
16.721,1,-3.996025623041654,2.9915457480311596,1.2053245611388157,0.01007402327958369
16.731,0,-3.9996073509701144,-2.997699711513038,1.1983152583966985,0.00885581425465297
16.731,1,-3.996030145283985,2.991534959983958,1.2054214469952627,0.009500733713129626
16.741,0,-3.999566146823565,-2.997749817718742,1.198259190384415,0.008380534199665224
16.741,1,-3.996037499511204,2.991525311979796,1.2055122995279128,0.008878704053344557
16.751,0,-3.999527465895109,-2.997800833353014,1.1982078303152568,0.008088902409717118
16.751,1,-3.9960478861479496,2.991517112671281,1.2055962722214164,0.008185965803510154
16.761,0,-3.9994913235345426,-2.9978526236037135,1.198158972083433,0.007914168566788756
16.762,1,-3.9960614947249433,2.9915106780943197,1.2056726897446846,0.0074640746605601944
16.771,0,-3.9994577044025257,-2.9979050378818943,1.198111090055275,0.007816711844940432
16.771,1,-3.9960784986483424,2.991506330202483,1.205741144682865,0.0067488466582481445
16.781,1,-3.9960990511962926,2.9915043946984636,1.205801414354793,0.006075278165872571
16.781,0,-3.9994265635008017,-2.997957914152369,1.1980631293779187,0.007772437818791206
16.791,0,-3.999397827130033,-2.9980110825714728,1.1980139909902883,0.007828998706203107
16.791,1,-3.9961232824881696,2.9915051981791283,1.2058532824974384,0.0054536160882856415
16.801,0,-3.9993713945450926,-2.9980643694868863,1.1979615547998004,0.008033203250777733
16.801,1,-3.9961512956378713,2.991509063382721,1.2058962269793154,0.004917653478705861
16.811,0,-3.9993471482848597,-2.998117603345051,1.1979040838994068,0.008355525988386287
16.812,1,-3.9961831639112475,2.9915163040682042,1.2059298570591988,0.004550723639029258
16.821,0,-3.999324961193624,-2.9981706192182256,1.1978404161650829,0.008773772670718374
16.821,1,-3.9962189274242355,2.9915272193344595,1.2059539691912806,0.004427060921576757
16.831,0,-3.999304701134386,-2.9982232619509945,1.1977697875941904,0.009268535284530617
16.831,1,-3.9962585913725612,2.9915420891152467,1.2059684947728055,0.004581560011847931
16.841,0,-3.9992862359711023,-2.9982753880192154,1.1976924329706837,0.009663704933314463
16.841,1,-3.996302128447022,2.9915611736659264,1.2059741107595723,0.004998208955111094
16.851,1,-3.9963494846228573,2.9915847144482974,1.205973766459063,0.00553773950765773
16.851,0,-3.9992694375999798,-2.9983268673524424,1.1976112154985847,0.00981049933508556
16.861,0,-3.9992541740165106,-2.9983775904187504,1.1975286946405175,0.009780311164368564
16.861,1,-3.9964005663945117,2.99161290834248,1.2059700503430402,0.006100470618934241
16.871,0,-3.999240305969441,-2.9984274738479133,1.1974466110960496,0.009628301912656876
16.872,1,-3.996455237965609,2.991645892094674,1.2059647453024214,0.006656743081165231
16.881,1,-3.9965133231055603,2.9916837353267747,1.2059590753353508,0.007198361029634638
16.881,0,-3.999227686116079,-2.9984764633638084,1.1973661378440508,0.009395100784212367
16.891,0,-3.9992161589027604,-2.9985245348862395,1.19728805456289,0.009110088224431382
16.891,1,-3.9965746080651994,2.991726437680618,1.2059538765088464,0.0077218503269849935
16.901,0,-3.9992055611271864,-2.998571693993055,1.197212943593049,0.008779084796493848
16.901,1,-3.9966388447273014,2.991773928109141,1.2059495158193636,0.008225756713701581
16.911,1,-3.9967057571828084,2.9918260677827746,1.205945693682077,0.008704991085863928
16.911,0,-3.9991957240839455,-2.998617970446208,1.1971413785081617,0.00841132663071846
16.921,1,-3.9967750561264053,2.9918826616122978,1.2059421128312802,0.009153790841181033
16.921,0,-3.9991864776807775,-2.9986634058245576,1.1970737546020307,0.00802421927245047
16.931,0,-3.9991776545312527,-2.9987080419405983,1.1970103078911443,0.007630138227736404
16.931,1,-3.9968464503148726,2.9919434675079493,1.2059385683771404,0.009568338562954262
16.941,0,-3.999169093066426,-2.998751912610725,1.1969511637471169,0.007237229696807657
16.941,1,-3.9969196548906267,2.9920082043739797,1.2059349193374551,0.009946121801665946
16.951,0,-3.999160639788772,-2.998795038229342,1.1968962975104485,0.00686497755170431
16.951,1,-3.996994397147369,2.9920765589902563,1.2059309247730596,0.01028697524303837
16.961,0,-3.9991521505753345,-2.998837423012015,1.1968454514327946,0.006521566055807075
16.961,1,-3.9970704181699084,2.9921481927253075,1.2059258914177966,0.010591882040241127
16.971,0,-3.9991434909512162,-2.9988790544920767,1.1967983754639357,0.0062019490581184875
16.971,1,-3.997147469909289,2.9922227530237167,1.2059192394761766,0.010860990429305101
16.981,0,-3.9991345359833095,-2.998919904213404,1.1967548586350796,0.005902347925909086
16.981,1,-3.997225310601322,2.9922998820737634,1.2059105885155303,0.011094684790816827
16.991,0,-3.999125170120304,-2.9989599288840005,1.196714717404673,0.005620102238558665
16.991,1,-3.9973037015245523,2.9923792232391153,1.205899694906669,0.011293372075264903
17.001,0,-3.9991152868240314,-2.9989990718770922,1.1966777203587855,0.005362544517460698
17.001,1,-3.9973824050288727,2.9924604265528267,1.2058866512082818,0.011449660279993345
17.011,0,-3.999104785250121,-2.9990372649597683,1.1966435430152067,0.005128167151194019
17.011,1,-3.9974611810205407,2.992543153017174,1.2058724306564437,0.011554700758883254
17.021,0,-3.999093562983619,-2.9990744299397996,1.1966119140916398,0.004911756784664488
17.021,1,-3.997539778749281,2.9926270744066867,1.2058579032099792,0.011610700384648712
17.031,0,-3.999081510107843,-2.9991104803798176,1.1965826156884463,0.004709798080473127
17.031,1,-3.9976179301850805,2.992711874379112,1.2058436651031634,0.011620034344040108
17.041,0,-3.999068505533993,-2.9991453232568857,1.1965554608797553,0.0045216118639798235
17.041,1,-3.9976953464925638,2.992797249749593,1.2058301238140163,0.011584647523535373
17.051,0,-3.9990544151529686,-2.9991788605804666,1.1965302860934033,0.004346577959125227
17.051,1,-3.997771716857229,2.9928829114163156,1.2058175551841257,0.011505992501789493
17.061,0,-3.9990390906169986,-2.999210990085701,1.1965076239515042,0.004099797778650246
17.061,1,-3.997846710271299,2.9929685851030774,1.2058054665961064,0.011402319079969955
17.071,0,-3.9990223718229863,-2.999241607425975,1.1964896421242501,0.0037840234159603
17.071,1,-3.9979199853143412,2.9930540139891257,1.2057916823096237,0.011286333518097548
17.081,0,-3.9990040998909193,-2.999270616344655,1.1964780765457266,0.0035062551892767577
17.081,1,-3.9979912054816396,2.9931389635452383,1.2057744369270076,0.011164920689647318
17.091,0,-3.9989841273857065,-2.99929793554127,1.196474057709271,0.0033706826590322423
17.091,1,-3.99806005462025,2.993223224818103,1.205752555436825,0.011049017866222529
17.101,0,-3.998962325069201,-2.9993235027494656,1.196478300029277,0.0034529863421209187
17.102,1,-3.99812624807654,2.99330661625368,1.2057252691014324,0.01094950435843765
17.111,0,-3.9989385884687807,-2.9993472789730764,1.196490146344939,0.0036580679921680214
17.111,1,-3.998189538240722,2.9933889838917476,1.2056926316815957,0.010832620675142061
17.121,1,-3.9982497134071977,2.9934702003560916,1.2056561868756077,0.010667776735566
17.121,0,-3.9989128436016492,-2.999369250922955,1.1965061507117958,0.003803912109545879
17.131,0,-3.9988850412302615,-2.9993894216074493,1.1965234438489958,0.0038709543040487218
17.131,1,-3.9983065972178466,2.993550165880437,1.2056172557144915,0.010462691456523409
17.141,0,-3.998855155776505,-2.9994078060340565,1.1965400408395026,0.003887004514252136
17.141,1,-3.998360043240139,2.9936288075642605,1.2055767611022283,0.01022704665344683
17.151,0,-3.9988231847553215,-2.999424428639534,1.196554572935909,0.0038868142173896277
17.151,1,-3.998409929717565,2.9937060777741493,1.2055353470034065,0.009970303384502159
17.161,0,-3.9987891476638406,-2.9994393211779737,1.1965660980626618,0.0038998254420405097
17.161,1,-3.9984561553492846,2.9937819522330824,1.2054934638050794,0.009700649446306612
17.171,0,-3.9987530829477675,-2.9994525198431807,1.1965746125388514,0.003974629833570275
17.171,1,-3.998498635337057,2.993856427861841,1.2054516598175904,0.00940008453624497
17.181,0,-3.998715040656545,-2.9994640614884207,1.1965818608503997,0.004101528372980341
17.181,1,-3.998537303112792,2.993929524757766,1.2054109424575197,0.009065164101115193
17.191,0,-3.9986750749460778,-2.9994739835813147,1.1965893034765678,0.004256923806960649
17.191,1,-3.998572125488289,2.9940012967462284,1.2053720916182113,0.008715976723152635
17.201,0,-3.9986332337848864,-2.9994823214702167,1.1965979120181975,0.004434522457892965
17.201,1,-3.9986031138484974,2.994071839483939,1.2053356231769994,0.008370282922669845
17.211,0,-3.9985895512702543,-2.999489106045425,1.1966083198068702,0.004633107113943954
17.211,1,-3.9986303301168813,2.994141294364669,1.205301870229345,0.00804344100078901
17.221,0,-3.998544043140577,-2.999494362492851,1.1966207592198927,0.004839729848877563
17.221,1,-3.9986538876201876,2.9942098489581808,1.2052714236524733,0.00771007570588172
17.231,0,-3.998496706693848,-2.9994981088355392,1.196634734459674,0.005039541471403635
17.231,1,-3.9986739458053786,2.9942777323852425,1.2052460741183373,0.00736930057161054
17.241,0,-3.99844752413395,-2.999500350806365,1.1966497438758352,0.005235017561055612
17.241,1,-3.9986907079085934,2.994345205008236,1.2052273150813082,0.007080554252853844
17.251,0,-3.9983964678738784,-2.999501078266465,1.19666542772975,0.005429115142790457
17.251,1,-3.9987044123512088,2.9944125458436943,1.2052161167820064,0.006891563654640426
17.261,0,-3.9983435049955207,-2.9995002635120604,1.1966815248486906,0.005624299288630912
17.261,1,-3.998715323891066,2.9944800421793007,1.2052130871737308,0.00683495936382751
17.271,0,-3.998288599791081,-2.99949786030593,1.196698266465173,0.005855419586428013
17.271,1,-3.998723728575867,2.9945479809290947,1.2052175948882173,0.0068947170374046764
17.281,0,-3.998231714788137,-2.999493808206387,1.196717358634172,0.006154308525705734
17.281,1,-3.9987299334667052,2.9946166416075486,1.2052255074686857,0.006976294658155399
17.291,0,-3.998172817792875,-2.9994880533485233,1.1967402944129613,0.006514502126330816
17.291,1,-3.9987342551463074,2.9946862982022844,1.205233182324845,0.0070599919627895415
17.301,0,-3.998111885540277,-2.9994805664749373,1.1967680675713965,0.006930727552139506
17.301,1,-3.9987370185689746,2.9947572216167804,1.2052381453385717,0.007167491989093239
17.311,0,-3.9980489053842816,-2.999471354408162,1.1968013245806886,0.007395109583004912
17.311,1,-3.9987385574898417,2.994829680489968,1.2052387279648238,0.007325465186423992
17.321,0,-3.997983876207244,-2.9994604667831304,1.1968404727538537,0.007898149335881401
17.322,1,-3.9987392136992206,2.994903941155367,1.2052338169571557,0.00755325045704227
17.331,0,-3.997916810589235,-2.99944800035866,1.1968849047895793,0.008302557619898034
17.331,1,-3.9987393350211384,2.994980268437032,1.2052233602997324,0.007832675991029242
17.341,0,-3.997847740007026,-2.999434098118817,1.196931043622603,0.008493267417959175
17.341,1,-3.9987392697894233,2.9950589240084535,1.2052091921601458,0.008123753572285574
17.351,0,-3.9977767104213435,-2.999418929738713,1.1969757529095595,0.008543020361082135
17.351,1,-3.9987393559690094,2.9951401520581507,1.2051928826323954,0.00841714745380387
17.361,0,-3.9977037834386935,-2.9994026767345345,1.1970169109224371,0.008513912842689682
17.361,1,-3.998739909531094,2.9952241695337247,1.2051755114773277,0.008713163010195892
17.371,0,-3.9976290379683395,-2.9993855225224344,1.1970530965813708,0.008452714385305635
17.371,1,-3.9987412162425233,2.9953111603565516,1.2051578184600409,0.00901412913507862
17.381,0,-3.9975525692497436,-2.9993676447837863,1.1970841068218787,0.00845263822956251
17.381,1,-3.998743526871354,2.9954012732609003,1.2051406956941764,0.00930495828450058
17.391,0,-3.997474486215679,-2.9993492134715027,1.1971118307736932,0.008525591375139701
17.391,1,-3.9987470547816093,2.9954946199432175,1.2051258027970544,0.009586687295589766
17.401,0,-3.9973949132941864,-2.999330398208446,1.1971378981331078,0.008631680801845898
17.401,1,-3.998751972667436,2.9955912651306753,1.2051144320849072,0.009875537141084408
17.411,0,-3.99731398781606,-2.999311373765977,1.1971634245727172,0.008749857252508647
17.411,1,-3.9987584115894816,2.995691221919267,1.2051074454222148,0.010180651243927703
17.418,0,-3.997231856892039,-2.9992923232089654,1.197189169160146,0.00886861066695076
17.418,1,-3.998766461663976,2.9957944507233267,1.2051054075233936,0.01050482134850235
17.431,0,-3.9971486749220344,-2.999273439475829,1.1972155269201565,0.008972028062971536
17.431,1,-3.99877617292225,2.995900858669407,1.2051082052548092,0.010839934973153675
17.441,0,-3.997064604655033,-2.999254925376902,1.1972423257335953,0.009047885892550383
17.441,1,-3.9987875558904626,2.99601029745137,1.2051139952068597,0.011160893582119046
17.451,0,-3.996979824155453,-2.999236992236915,1.1972693397643108,0.009096702375265223
17.451,1,-3.998800588192009,2.996122569850947,1.2051211227598688,0.011455063168398828
17.461,0,-3.9968945338871844,-2.999219857999884,1.197296403468326,0.009118012138945728
17.461,1,-3.998815218793958,2.9962374317298015,1.2051284597579215,0.01171779888065996
17.471,0,-3.9968089606785218,-2.9992037451996425,1.1973233932339515,0.00911079060089204
17.471,1,-3.998831371257839,2.9963545940035914,1.2051352411318752,0.011946658300764837
17.481,0,-3.9967233591083065,-2.9991888789094423,1.1973502146745776,0.009073790274126836
17.481,1,-3.9988489469713815,2.996473726123359,1.2051409525186054,0.01213954554475569
17.491,1,-3.998867828154477,2.996594460717722,1.2051450574682268,0.01229304283274407
17.491,0,-3.996638010952685,-2.9991754851663184,1.1973771649524014,0.009032701622538556
17.501,0,-3.9965532209169403,-2.999163786985133,1.1974054451727503,0.009000872330126669
17.501,1,-3.9988878819686735,2.9967164062442486,1.2051466710960042,0.012409049749736051
17.511,0,-3.996469306374834,-2.999153992865724,1.1974360204849772,0.008972843046111734
17.511,1,-3.998908967653886,2.9968391732746933,1.205145124267342,0.012493471721514894
17.521,0,-3.996386587149488,-2.999146287754329,1.1974695253575656,0.00894751495296137
17.521,1,-3.998930942260642,2.9969623969792285,1.2051399842449935,0.012552562649443728
17.531,0,-3.996305377581546,-2.9991408273122606,1.1975063654307803,0.008925646482283904
17.531,1,-3.9989536649350774,2.9970857526123202,1.2051309810944948,0.012592588203144479
17.541,0,-3.996225979575544,-2.9991377333327764,1.1975462804454429,0.00884612747717801
17.541,1,-3.9989770005084795,2.997208965314249,1.205118484458525,0.012605214121947273
17.551,0,-3.996148674314863,-2.9991370893112967,1.1975871903807316,0.008650423070919261
17.551,1,-3.999000823677213,2.9973318127827526,1.2051042044906097,0.012581287968843564
17.561,0,-3.9960737191593734,-2.999138945820706,1.1976272495539555,0.008368270799740956
17.561,1,-3.9990250237034424,2.9974541210076264,1.2050895546466485,0.012527269788014462
17.571,0,-3.996001343596947,-2.9991433230865354,1.1976652007049122,0.008026792392767632
17.571,1,-3.999049509226206,2.9975757588440444,1.2050755048935957,0.012451632674383414
17.581,0,-3.995931746119103,-2.9991502126935528,1.1977001935941631,0.007648384268601755
17.581,1,-3.9990742112823052,2.9976966328690056,1.2050627181709572,0.012362427802716784
17.591,0,-3.995865093592125,-2.999159580618524,1.1977319665997548,0.00728179343811617
17.591,1,-3.999099084529923,2.9978166830768336,1.2050509360934578,0.012282101130767309
17.601,0,-3.995801522848084,-2.9991713735372447,1.1977611878822323,0.006947645563309771
17.601,1,-3.9991241059910636,2.997935879226579,1.2050380583912406,0.012222271589370707
17.609,0,-3.995741139889963,-2.9991855263902347,1.1977884544069464,0.006637788352502406
17.609,1,-3.9991492713278927,2.998054215172097,1.2050223527454489,0.012186064224524168
17.622,0,-3.9956840219709893,-2.9992019713018756,1.197814174698577,0.0063484784169221715
17.622,1,-3.9991745905467013,2.9981717049972154,1.2050026606589128,0.01217919504645582
17.631,1,-3.9992000844436473,2.9982883798831446,1.204978221023996,0.01220627324368625
17.632,0,-3.9956302202208773,-2.9992206443624827,1.1978386274226043,0.006078622932920757
17.641,1,-3.999225781686151,2.9984042852553348,1.2049485476203228,0.012269903530027517
17.641,0,-3.9955797622597777,-2.9992414902895463,1.1978620012011842,0.005828784838207031
17.651,0,-3.9955326545167855,-2.9992644652615605,1.1978844061023068,0.0055991156155938086
17.651,1,-3.999251716350904,2.9985194782285176,1.2049133656858144,0.01236911285864393
17.662,0,-3.995488881084452,-2.99928953613018,1.1979058714275876,0.005391791560734746
17.662,1,-3.999277924559611,2.9986340262178888,1.2048725856970903,0.012501597732426593
17.671,0,-3.9954483971663293,-2.9993166749864995,1.1979264111686634,0.005210911998234576
17.671,1,-3.9993044392171657,2.998748007337246,1.2048261963846345,0.012665637261250215
17.681,0,-3.995411123414641,-2.9993458536979105,1.1979460365711092,0.005060103119058943
17.681,1,-3.9993312855735863,2.9988615106755097,1.2047742338412473,0.012858716842421153
17.691,0,-3.9953769432108426,-2.999377040026195,1.1979647569477885,0.004941953736590585
17.691,1,-3.9993584783271667,2.998974635922559,1.2047167673356802,0.013078260440652544
17.701,0,-3.9953457026012824,-2.9994101950768783,1.1979827011330773,0.004868134105319737
17.701,1,-3.999386020215779,2.9990874924224378,1.2046544623350175,0.013253616230178992
17.711,0,-3.9953172125984553,-2.999445267632652,1.1980002857769347,0.00484065871523416
17.711,1,-3.999413902587868,2.999200197667481,1.2045893790545295,0.013345774900583808
17.721,0,-3.9952912521585597,-2.999482181205648,1.19801784387456,0.004849919582184975
17.721,1,-3.999442107287814,2.9993128751283917,1.2045232099571115,0.013378801527539739
17.731,0,-3.9952675728491096,-2.999520823902393,1.1980355956347757,0.004885961905751161
17.731,1,-3.9994706093264556,2.9994256516097937,1.2044571291332822,0.01337317781932727
17.741,0,-3.9952459035804915,-2.9995610427326858,1.1980536828009891,0.004938650066400235
17.741,1,-3.9994993791000635,2.999538654970241,1.2043919529788831,0.01334437388447722
17.751,0,-3.995225955738,-2.999602641891267,1.1980725095972466,0.005030462084377616
17.751,1,-3.9995283839747087,2.999652011662072,1.2043276358517034,0.013374990493117996
17.761,0,-3.995207430343818,-2.9996453875088105,1.1980935073097074,0.005184739839525302
17.761,1,-3.9995575898127758,2.9997658400761265,1.2042624890117666,0.013498464686452057
17.771,0,-3.995190025751194,-2.999689019147809,1.1981178921670215,0.005389727118457362
17.771,1,-3.9995869634096044,2.9998802388798285,1.2041951156533126,0.013686792669605992
17.781,0,-3.995173446983867,-2.999733263878717,1.1981464672229205,0.00563771157956965
17.781,1,-3.9996164740068494,2.999995276614373,1.2041245989327691,0.013920442463599499
17.791,0,-3.995157413046431,-2.9997778475795385,1.198179749313011,0.005921710490788776
17.791,1,-3.999646094218531,3.000110985178767,1.2040503552293915,0.014184536725799998
17.801,0,-3.99514166198803,-2.999822503366202,1.198218057168823,0.006235037212546821
17.801,1,-3.99967580058072,3.000227356524365,1.2039720273535637,0.014467575860694127
17.811,0,-3.9951259542467126,-2.9998669779664344,1.1982610282954502,0.0064800339637173686
17.811,1,-3.9997055737000697,3.0003443418533506,1.2038897310424386,0.01471608181913632
17.819,0,-3.9951100750409516,-2.999911038776615,1.1983069084720381,0.0066030226627135525
17.819,1,-3.9997353954315638,3.000461851078891,1.2038044447318756,0.014901737154690325
17.831,0,-3.995093835544148,-2.999954482204109,1.1983542293467564,0.006633006244809073
17.831,1,-3.999765241212987,3.0005797500741567,1.2037170016701757,0.015035241551939731
17.841,0,-3.9950770727399103,-2.9999971398512053,1.1984019569464386,0.006595788845103613
17.841,1,-3.9997950733684986,3.000697860227386,1.203627989614508,0.015123899423037346
17.851,0,-3.995059648642243,-3.000038882002789,1.1984493673500534,0.006511811078709429
17.851,1,-3.999824836916411,3.0008159602322255,1.2035378242804278,0.015172188236250574
17.861,0,-3.9950414494524433,-3.000079619178247,1.1984957006017167,0.006348714462480443
17.861,1,-3.9998544575113493,3.0009337893489803,1.2034467288767579,0.015193304474348615
17.871,0,-3.995022387306854,-3.0001192995304518,1.19853949919221,0.006085353347051198
17.871,1,-3.9998838438705575,3.0010510520800193,1.2033546676482445,0.015193386458675497
17.881,0,-3.9950024054892217,-3.0001578970833216,1.1985795702598498,0.005764745761930854
17.881,1,-3.999912896202334,3.0011674240472996,1.203261590723078,0.015169285297191483
17.891,1,-3.999941514382764,3.0012825580311744,1.2031674705147966,0.015119093219288348
17.891,0,-3.994981483472698,-3.0001954004892153,1.198615117196475,0.005419491517499955
17.901,0,-3.994959639400484,-3.0002318049279313,1.1986456162538008,0.005074503940414771
17.901,1,-3.9999696039070534,3.001396089715909,1.2030722942325565,0.015041950587162211
17.911,0,-3.9949369304719244,-3.0002671063242787,1.198670731378006,0.004749307617446986
17.911,1,-3.999997080035522,3.001507642991626,1.202976058952603,0.014937846648664523
17.921,0,-3.9949134515686033,-3.0003012971055516,1.1986904746134794,0.004480085595300041
17.921,1,-4.000023870373238,3.001616834204433,1.2028790334137032,0.014764982055839794
17.931,0,-3.9948893311265303,-3.0003343632713215,1.1987054673333584,0.004269833515854022
17.931,1,-4.000049916566499,3.0017232769185322,1.202782125250007,0.014505858909720106
17.941,0,-3.9948647243241653,-3.0003662836505707,1.1987162534496978,0.004099939924463203
17.941,1,-4.000075176523969,3.0018265917157785,1.2026860684040004,0.014179987926282531
17.951,0,-3.994839805669695,-3.000397029309304,1.1987232245478978,0.003957685743390673
17.951,1,-4.000099625412383,3.0019264136711685,1.2025913562969208,0.013802142859804483
17.961,0,-3.9948147626367905,-3.000426563400938,1.1987266669285515,0.003834750592213662
17.961,1,-4.00012325572821,3.0020223976002356,1.202498316089775,0.013383736245598632
17.971,0,-3.994789790359418,-3.000454841424741,1.1987268664200237,0.003725167010282443
17.971,1,-4.000146076897133,3.00211422240342,1.202407035007545,0.012957149988577919
17.981,0,-3.9947650875069347,-3.0004818130338258,1.1987243028588754,0.00361987318108785
17.981,1,-4.0001681157014115,3.0022015966455404,1.2023170987575247,0.012549171399051007
17.991,0,-3.99474085334698,-3.00050742750243,1.1987193777274887,0.0035124185800506007
17.991,1,-4.000189418075487,3.0022842630095807,1.202228112198763,0.012155633182217294
18.001,0,-3.9947172853460913,-3.0005316387717316,1.1987123766537149,0.003400379911701592
18.001,1,-4.000210050782063,3.002362003132249,1.2021397984611164,0.011775653014799523
18.009,1,-4.000230101834903,3.0024346406355145,1.2020519630765034,0.011410367961936544
18.01,0,-3.994694577116553,-3.000554408924444,1.1987035034619835,0.00328378116891494
18.017,0,-3.994672916617596,-3.000575710524575,1.198692868555999,0.003167713559479782
18.019,1,-4.000249679648253,3.002502038602951,1.2019651527214175,0.010918555313151853
18.031,0,-3.9946524833245065,-3.0005955286249684,1.1986804184310442,0.0030603277790591703
18.031,1,-4.0002689115711325,3.0025640889617033,1.2018822533403808,0.010186397151128592
18.041,0,-3.9946334433185804,-3.0006138628015933,1.1986660904511415,0.0029668934478752434
18.041,1,-4.000287944092914,3.00262072077124,1.2018057682219316,0.009292695939306754
18.052,0,-3.9946159447882836,-3.0006307286875655,1.198649845454164,0.0028929566317402325
18.052,1,-4.000306941109539,3.002671896286803,1.2017373656484054,0.008297683978211809
18.062,0,-3.9946001150897255,-3.000646158583298,1.198631660597361,0.0028437558301285374
18.062,1,-4.000326081487054,3.00271760417635,1.2016781355365005,0.007247968905852041
18.071,0,-3.994586059101846,-3.000660201319038,1.198611524549428,0.002823606028440738
18.071,1,-4.00034555657174,3.002757854112837,1.2016287643784738,0.006183427832916281
18.081,0,-3.9945738577159227,-3.0006729220798327,1.1985889661951064,0.0029370981212250543
18.081,1,-4.000365567132959,3.0027926759460026,1.2015890074572924,0.005261306593499882
18.091,0,-3.994563566328754,-3.0006844005733577,1.1985619493443223,0.0032911307599219255
18.091,1,-4.000386316986984,3.002822124737545,1.2015562485974087,0.004581864807260474
18.101,0,-3.9945552207581736,-3.0006947210186907,1.198528727561257,0.0038415334593319642
18.101,1,-4.000408004738958,3.0028462649871335,1.2015281379598437,0.004085213380414046
18.111,1,-4.000430815656471,3.002865167226678,1.201503055294244,0.0037412848073184266
18.111,0,-3.994548840723893,-3.0007039646650138,1.1984881436579988,0.004533496764611149
18.121,0,-3.9945444320595365,-3.0007122050291075,1.1984394498493902,0.005318771096069935
18.121,1,-4.000454915721188,3.0028789083629164,1.201479885279775,0.003536422940930686
18.131,0,-3.994541991520188,-3.0007195035824283,1.1983835624302996,0.005829095579344958
18.131,1,-4.000480447417091,3.002887573071376,1.201457594664393,0.0035018072507041155
18.141,0,-3.9945415131284214,-3.0007259087772713,1.1983249010672758,0.005907641867053776
18.141,1,-4.000507527843256,3.0028912566795434,1.201434756067163,0.0036388037744489623
18.151,1,-4.0005362515134175,3.0028900639680067,1.201410290651853,0.003907781075565304
18.151,0,-3.994542983054449,-3.000731465691883,1.1982670985167179,0.005692726232726869
18.161,0,-3.994546382033254,-3.000736221656701,1.1982126117232166,0.005283295387920558
18.161,1,-4.000566692792541,3.002884111356582,1.2013834808836685,0.004272142969735085
18.171,0,-3.99455168849879,-3.0007402296028065,1.198163080165498,0.004750527752257033
18.171,1,-4.0005989079303985,3.0028735285503187,1.201353859729411,0.004701023967931188
18.181,0,-3.994558880246771,-3.0007435502897777,1.198119257896332,0.0042303326127867405
18.181,1,-4.000632937416922,3.00285845768239,1.2013214434947121,0.005121419365292567
18.191,0,-3.9945679349733494,-3.0007462505073192,1.1980804235146991,0.0038217410617378475
18.191,1,-4.000668805756254,3.002839051504831,1.2012871085509975,0.005498572271274963
18.201,1,-4.0007065139275,3.0028154777292864,1.2012516003059779,0.00584527381458303
18.201,0,-3.994578834977489,-3.000748392306663,1.1980457853889819,0.00350033687419903
18.211,1,-4.0007460343059895,3.0027879186829245,1.2012154327443767,0.006169078931224196
18.212,0,-3.994591569235621,-3.000750023230752,1.198014775667167,0.003250085883250137
18.221,0,-3.9946061340633414,-3.000751170057867,1.1979869831856367,0.0030604821477579537
18.221,1,-4.000787308378408,3.0027565697057383,1.2011789594990105,0.006473731271341434
18.231,0,-3.994622533274985,-3.0007518351143183,1.1979621047736475,0.0029252261941273274
18.231,1,-4.000830246289927,3.002721637358919,1.201142422476036,0.006760234209608451
18.241,0,-3.994640777803622,-3.000751994715999,1.1979398757109574,0.0028471863355427536
18.241,1,-4.000874727603497,3.002683337354785,1.2011060598383274,0.007018719171104759
18.251,0,-3.994660882423077,-3.0007516028722376,1.1979199641296647,0.0028254910827702167
18.251,1,-4.000920600332709,3.002641892645845,1.2010702306652732,0.007245236165803093
18.261,0,-3.994682857449689,-3.0007506037543457,1.1979020981469415,0.0028487014686724857
18.261,1,-4.000967675668994,3.002597533014702,1.2010352036444474,0.007442525237061375
18.271,0,-3.994706700640936,-3.0007489442333797,1.1978860799933941,0.0029068278883402753
18.271,1,-4.00101572453869,3.002550493831339,1.2010011510930545,0.007610818687800164
18.281,0,-3.994732391786083,-3.0007465827474684,1.1978717639500844,0.0029910787749139393
18.281,1,-4.001064477088313,3.0025010145148388,1.2009681786746293,0.007748950688851215
18.291,0,-3.9947598902414247,-3.0007434948627156,1.1978594075343316,0.0030571236678332307
18.291,1,-4.001113624860262,3.002449335146882,1.200937169132505,0.007777989195735698
18.301,0,-3.9947891366897994,-3.0007396754488327,1.1978505262955674,0.003107444869569052
18.301,1,-4.001162829425028,3.002395693013699,1.2009109479898947,0.007697219710218884
18.311,1,-4.001211740512399,3.0023403271417757,1.2008917773640202,0.007586110372618055
18.311,0,-3.994820055451023,-3.0007351393539565,1.1978464206277464,0.0032061212857682673
18.321,0,-3.9948525598705795,-3.000729919913237,1.197847933564597,0.0033909255143736
18.321,1,-4.001260014889396,3.0022834769061344,1.2008811546759783,0.007507447491949137
18.331,0,-3.9948865572162426,-3.000724066906104,1.1978555917551472,0.0036719517563670876
18.331,1,-4.00130733026752,3.0022253798660667,1.2008800471861214,0.007506203912583906
18.341,0,-3.994921951430144,-3.000717644908389,1.197868884739897,0.003951843761095181
18.341,1,-4.001353395418443,3.002166270493099,1.2008885373419234,0.0075861180789952385
18.351,0,-3.994958647490451,-3.000710732808775,1.1978843913972697,0.0040995176238093406
18.351,1,-4.00139795447983,3.002106379183966,1.2009047054095094,0.0076843076952574085
18.361,1,-4.00144077616839,3.002045927644837,1.200926781023249,0.007766939359322166
18.361,0,-3.9949965702713794,-3.000703422018724,1.1978990858654766,0.0041496756552830034
18.371,0,-3.9950356775263574,-3.0006958165101625,1.1979109026861465,0.0041617752217724254
18.371,1,-4.001481643255713,3.0019851270109634,1.200953535376475,0.007823389713383254
18.381,0,-3.995075966915102,-3.0006880326185694,1.1979184401303962,0.004191159772856897
18.381,1,-4.001520345706245,3.001924176942395,1.2009841139381603,0.007852848152782404
18.391,0,-3.995117479503507,-3.000680198223439,1.197920755517028,0.004280464101598886
18.391,1,-4.001556676186097,3.0018632649538204,1.201017920873207,0.007858381756989486
18.401,0,-3.995160301340158,-3.000672451566344,1.197917842220896,0.004437529442226639
18.401,1,-4.001590429334791,3.001802565832107,1.201053852394749,0.0077657050923415506
18.411,0,-3.9952045610409077,-3.000664939601498,1.1979113954209037,0.0046176602533921085
18.411,1,-4.001621406143964,3.0017422412745907,1.2010892860104077,0.007541900512698114
18.421,1,-4.001649415312887,3.0016824411906877,1.2011221466785016,0.007231353593998679
18.422,0,-3.995250417670073,-3.000657814904319,1.197902852374095,0.004801931783179333
18.431,0,-3.9952980505872615,-3.0006512325177255,1.1978931907337147,0.00498966324465797
18.431,1,-4.001674278795449,3.0016233050934775,1.2011510488573458,0.006873804105098363
18.441,0,-3.9953476514876805,-3.0006453473795953,1.197883069839011,0.005185474698375344
18.441,1,-4.0016958364337585,3.00156496306002,1.2011750831655383,0.0065025634588894935
18.451,0,-3.9953994185944826,-3.0006403124821865,1.197873296943154,0.0053786278000770285
18.451,1,-4.001713950532811,3.001507535800279,1.2011931972279772,0.006116872385476966
18.461,1,-4.001728507870658,3.0014511310001195,1.201203436945872,0.005772921039220589
18.461,0,-3.9954535492163186,-3.0006362757731297,1.197865410282638,0.005576066502848601
18.471,0,-3.9955102237207636,-3.000633372549466,1.1978606014945576,0.005800006611541885
18.471,1,-4.001739409657263,3.001395836280136,1.2012043149727016,0.005566699746075832
18.481,0,-3.9955695936608744,-3.0006317194999133,1.1978596565289472,0.006063564950836397
18.481,1,-4.001746565978366,3.0013417122876027,1.2011948794885372,0.005571946915626361
18.491,0,-3.9956317743368666,-3.0006314110141417,1.197863078957193,0.006370771404009837
18.491,1,-4.001749892616837,3.001288788444819,1.201174549171517,0.005821184507909561
18.501,0,-3.995696839174385,-3.00063251654152,1.197870668923354,0.006700819101578099
18.501,1,-4.001749305283324,3.0012370620667985,1.2011439452945125,0.006169831551470546
18.511,0,-3.9957648192392363,-3.0006350810082103,1.1978808800041199,0.007023382465506329
18.511,1,-4.001744717209878,3.001186499208072,1.2011061295087222,0.006455857840246957
18.521,0,-3.995835716892763,-3.000639133001571,1.1978924120126047,0.0073324542720487615
18.521,1,-4.001736061722786,3.001137031210264,1.201063656347868,0.006669846582994479
18.531,0,-3.9959095153901023,-3.0006446909045614,1.1979043646329417,0.007629626208328643
18.531,1,-4.001723303340245,3.001088555588351,1.2010182965834095,0.006830099035410362
18.541,1,-4.001706443088938,3.0010409384984538,1.2009712726366824,0.006958158684012566
18.541,0,-3.9959861855378613,-3.0006517671352655,1.1979161175222333,0.007918171104787281
18.552,0,-3.996065690652076,-3.0006603711918576,1.197927242585465,0.008201002820349171
18.552,1,-4.001685521171546,3.0009940176544663,1.2009234312497117,0.007071152503989153
18.561,0,-3.9961479896212206,-3.0006705115937726,1.1979372947343827,0.008475746937577853
18.561,1,-4.00166061745985,3.000947605715083,1.200875329539104,0.007187258066852137
18.571,0,-3.9962330340461287,-3.0006821978555074,1.1979454192818029,0.008743129660861564
18.571,1,-4.001631846722696,3.0009014950037916,1.2008272373246327,0.007318242112205219
18.58,0,-3.9963207582804845,-3.0006954455880446,1.1979509135101023,0.009009094953227591
18.582,1,-4.001599344104229,3.000855464422478,1.2007793158553606,0.007465170859001022
18.592,0,-3.9964110683303855,-3.000710280183253,1.1979533043351651,0.009275823171798172
18.592,1,-4.0015632509807,3.0008092860572053,1.20073167619607,0.007628110833822254
18.601,0,-3.996503834681743,-3.000726738778953,1.1979522782923582,0.00954269355515146
18.601,1,-4.001523704646632,3.0007627304926006,1.2006843942986638,0.007806645511528857
18.611,0,-3.9965988894634683,-3.0007448715409812,1.1979479002445508,0.00980284989985777
18.611,1,-4.001480830913593,3.0007155709824223,1.2006375797747693,0.007989221156390978
18.621,1,-4.001434739795883,3.0006675878496702,1.2005917030476698,0.008157040096317732
18.622,0,-3.996696032172035,-3.0007647430155315,1.1979415640723203,0.010040700535591286
18.631,0,-3.996795043497373,-3.000786427663036,1.197934621064382,0.01025335351226856
18.631,1,-4.0013855304428825,3.000618577284605,1.2005472325543405,0.008321682953508837
18.641,1,-4.00133329750535,3.0005683602244755,1.2005044687772677,0.00849067208166319
18.641,0,-3.996895703799326,-3.0008100064192376,1.1979279812462609,0.010444206076610516
18.651,0,-3.996997807920999,-3.0008355644242144,1.1979222460821004,0.01061849464153998
18.651,1,-4.001278135298016,3.0005167881257755,1.2004635963766435,0.00866746477286532
18.661,0,-3.99710117539927,-3.000863189014708,1.1979178033389057,0.010781654066210355
18.661,1,-4.001220140615011,3.0004637462030517,1.2004247206300178,0.008852783739629737
18.671,0,-3.997205656545607,-3.0008929674949067,1.1979146227798507,0.01094014044549904
18.671,1,-4.001159414271181,3.000409154485954,1.2003880119466244,0.00903307643585453
18.681,0,-3.9973111330435467,-3.000924987191457,1.197911925069413,0.011096797892903602
18.681,1,-4.001096064525573,3.0003529657923833,1.2003540037163065,0.009200645570442019
18.691,1,-4.001030218398708,3.000295160978493,1.2003231403969539,0.009363347865954975
18.692,0,-3.9974175134813854,-3.00095934235012,1.1979090457039632,0.011253539384084991
18.701,0,-3.997524727235551,-3.000996138814994,1.197905521536155,0.011412984890529155
18.701,1,-4.000962030783901,3.0002357431507343,1.2002957070175357,0.009524389440341664
18.711,0,-3.9976327194771275,-3.001035496388319,1.1979010275659971,0.01157773079988199
18.711,1,-4.000891689438093,3.000174732710938,1.2002718779661719,0.009683698834360903
18.721,0,-3.9977414469511956,-3.0010775489364363,1.1978951484035112,0.011752495977935363
18.721,1,-4.00081941713989,3.0001121634021595,1.2002516679254558,0.009843103364450555
18.731,0,-3.9978508721505968,-3.0011224389814823,1.1978870877748555,0.011941868745059014
18.731,1,-4.000745470863528,3.0000480790448596,1.2002348412344732,0.009998614445899263
18.741,1,-4.000670137437739,2.9999825301538228,1.2002211817647965,0.010143320643024095
18.741,0,-3.9979609548985584,-3.0011703071490428,1.197876217254178,0.012147525622450585
18.751,0,-3.9980716449244986,-3.001221281223292,1.1978621089248507,0.012369455977297106
18.751,1,-4.000593728987089,2.9999155715222154,1.2002105223980306,0.010272337223159171
18.761,0,-3.998182877073845,-3.0012754683682785,1.1978444739611707,0.012606220125862684
18.761,1,-4.000516578327638,2.999847260365664,1.2002027294610547,0.010382199549540045
18.771,0,-3.99829456889242,-3.001332951462751,1.1978235257868082,0.0128366710760537
18.771,1,-4.000439034273709,2.9997776549590776,1.2001976209351388,0.010471323360913937
18.781,0,-3.998406620661439,-3.001393787570013,1.1978009103285434,0.013037484991671974
18.781,1,-4.000361455072132,2.9997068141038654,1.2001947845266556,0.010537514625073434
18.791,0,-3.9985189167308666,-3.0014579949984026,1.1977780772016797,0.013212901324757007
18.791,1,-4.000284197705,2.9996347969969688,1.2001938660331513,0.010578984494669026
18.801,0,-3.998631328589085,-3.001525546552758,1.197756001142732,0.013367629317001016
18.801,1,-4.000207608138979,2.999561663588255,1.2001946146865554,0.010595884961644465
18.809,0,-3.998743717906226,-3.001596367412424,1.1977353276323037,0.013504763990399453
18.809,1,-4.000132014216304,2.9994874748026987,1.2001968503664482,0.010589527893225958
18.821,0,-3.998855939269795,-3.0016703354052057,1.1977164742761948,0.013625509842155183
18.821,1,-4.000057720672842,2.999412292549954,1.200200441526567,0.01056191848820581
18.831,0,-3.9989678426453756,-3.001747283675794,1.1976997631390713,0.013727973894640614
18.831,1,-3.9999850051693717,2.9993361800241587,1.2002049371274055,0.010511442274258221
18.841,0,-3.999079275780852,-3.0018270120642727,1.1976855544564062,0.013812169354828575
18.841,1,-3.9999141134888325,2.9992592036779837,1.200209065507493,0.010438705695018854
18.851,0,-3.9991900868616748,-3.001909310794375,1.1976740888002362,0.01388041354877371
18.851,1,-3.9998452557189372,2.9991814363835028,1.2002118146338212,0.01035011950140663
18.861,0,-3.999300126814311,-3.0019939825517374,1.197665493528012,0.01393521029888865
18.861,1,-3.999778602669533,2.999102961051337,1.2002125130673655,0.010252113031173632
18.871,0,-3.99940925111528,-3.002080857929028,1.197659821282205,0.01397928951395449
18.871,1,-3.9997142841115925,2.999023872834504,1.20021072461659,0.010149942729090025
18.881,0,-3.999517321441247,-3.002169804584666,1.1976567422017865,0.014016764489367454
18.881,1,-3.9996523903949983,2.998944279610352,1.2002068402101542,0.010038568923224318
18.891,0,-3.9996242055719264,-3.002260727460465,1.1976547730349711,0.014046955362783825
18.891,1,-3.999592979934874,2.998864298996799,1.200203603353522,0.009910051136286097
18.901,0,-3.999729770672204,-3.0023535621362534,1.1976526195934605,0.01406887381719698
18.901,1,-3.9995360821118204,2.998784052090922,1.2002034330932498,0.009780544069738748
18.911,0,-3.9998338776595537,-3.0024482640158237,1.1976493999797102,0.014083667313527556
18.911,1,-3.9994817056034213,2.99870365540588,1.2002079642037606,0.009671134468398453
18.921,0,-3.9999363780454917,-3.0025447994821173,1.1976445174311219,0.01409260998495035
18.921,1,-3.9994298463247433,2.9986232147650984,1.2002182873680152,0.009600030654857318
18.931,0,-4.00003711277762,-3.0026431390215818,1.197637482605004,0.014097760296982696
18.931,1,-3.9993804896475704,2.9985428215778227,1.2002336153691293,0.009511621078411523
18.941,0,-4.000135916002221,-3.002743247883895,1.1976277274572042,0.01410122359895093
18.941,1,-3.9993336093032226,2.9984625565208027,1.2002493109734211,0.009348613265969545
18.951,0,-4.000232624914334,-3.002845071928945,1.197614836908692,0.014103635530131668
18.951,1,-3.999289181054158,2.99838250464376,1.2002615630256739,0.009145484332557807
18.961,0,-4.0003270892679215,-3.002948525584632,1.197598542819413,0.014104716776004283
18.961,1,-3.9992471848817335,2.9983027695685283,1.2002678076414066,0.008950846976220575
18.971,0,-4.000419178031154,-3.0030534845396146,1.1975786788324365,0.014103450623325863
18.971,1,-3.9992076047435146,2.9982234825087195,1.2002663411324404,0.008807686072574355
18.981,0,-4.000508783680132,-3.0031597822252007,1.197555148600637,0.014098279391657054
18.981,1,-3.9991704283248817,2.9981448072595858,1.2002560545389043,0.008746906025997524
18.991,0,-4.0005958240966715,-3.003267209636474,1.1975280816895673,0.014078548930682893
18.991,1,-3.9991356474133544,2.9980669421567665,1.2002365102089043,0.008768719337026791
19.001,0,-4.000680241079213,-3.00337552303423,1.1974980674200788,0.014036090128182393
19.001,1,-3.999103258850819,2.9979901152650617,1.2002081770017854,0.008850851456743625
19.012,0,-4.000761996912639,-3.003484461968939,1.1974655982250415,0.013971853647744713
19.012,1,-3.9990732632340444,2.997914568966981,1.200171541394527,0.00898162166989685
19.021,0,-4.000841069551018,-3.0035937669658157,1.1974310178404468,0.013887922975124931
19.021,1,-3.9990456652323827,2.997840545487577,1.2001269797721315,0.009153916487693061
19.031,0,-4.000917448641,-3.003703192408797,1.197394567091738,0.013787000233436954
19.031,1,-3.999020473886473,2.9977682763398046,1.2000747887760383,0.009363473365919216
19.041,0,-4.000991131731026,-3.0038125153382604,1.1973567151241533,0.013649532801154886
19.041,1,-3.998997703938853,2.997697976012301,1.200015760001343,0.009520265413197122
19.051,0,-4.001062121644205,-3.003921537838808,1.1973188869393732,0.013459568503912212
19.051,1,-3.9989773770094086,2.997629839070325,1.1999519582316196,0.009567666858650216
19.061,0,-4.0011304326732064,-3.0040300807481866,1.1972822897307236,0.01323222871798814
19.061,1,-3.9989595158310167,2.997564034473969,1.199885062259984,0.009529845735537508
19.071,0,-4.001196094225423,-3.004137976437912,1.1972477292472892,0.012979678508077146
19.071,1,-3.998944142306255,2.997500703916677,1.199816238067229,0.009429466032970195
19.081,0,-4.001259152243391,-3.0042450635849947,1.1972157333016207,0.012710927617933776
19.081,1,-3.998931276649267,2.9974399617886323,1.199746293175681,0.009285671757488503
19.091,0,-4.00131966881179,-3.00435118323835,1.19718694847412,0.012413964442767019
19.091,1,-3.9989209357992515,2.9973818948960838,1.1996754734739563,0.009172634152871739
19.101,1,-3.998913128911051,2.997326560631165,1.1996030998177152,0.009131259530115326
19.102,0,-4.001377719444364,-3.004456173804839,1.1971629293904416,0.012088295212405651
19.111,0,-4.001433393382113,-3.0045598651563825,1.1971449497848645,0.011760146172205345
19.111,1,-3.998907852011785,2.997273986601333,1.199528569211475,0.009149814560955295
19.121,0,-4.001486790875734,-3.0046620732450244,1.1971338305408727,0.01144865345505002
19.121,1,-3.9989050815898763,2.9972241688461922,1.1994514718266005,0.009219725512375637
19.131,0,-4.001538020117718,-3.0047625969902687,1.1971300791781267,0.011166821033742487
19.131,1,-3.9989047704434615,2.9971770712489523,1.1993715317832123,0.009334087503874045
19.142,0,-4.001587194699867,-3.0048612171764346,1.1971339866290653,0.010922846259071778
19.142,1,-3.9989068456862102,2.9971326262572857,1.1992885661636625,0.009486875051693372
19.151,0,-4.0016344321305635,-3.0049576977147936,1.1971453399114165,0.010709742444921917
19.151,1,-3.9989112099850384,2.9970907381945153,1.199203116460694,0.00952757911137603
19.161,0,-4.001679852178651,-3.0050517904985568,1.197162978676455,0.010506045199722067
19.161,1,-3.9989177461737544,2.9970512872211774,1.1991173502693575,0.009388910681141584
19.171,0,-4.001723571534928,-3.0051432407146734,1.1971859080745353,0.010301023256146595
19.171,1,-3.9989263189920035,2.9970141255932012,1.1990330337603907,0.009129746286090914
19.181,0,-4.001765701002168,-3.0052317936416646,1.1972134077425487,0.010090364338737914
19.181,1,-3.9989367814118575,2.996979079409869,1.1989513564975323,0.008792908360345693
19.191,0,-4.001806343819104,-3.005317200351778,1.197244950245344,0.009873194219600197
19.191,1,-3.9989489804304514,2.9969459517646744,1.1988731068806053,0.008409068007479866
19.201,0,-4.0018455941448545,-3.005399220884249,1.1972804830555146,0.009682089232388178
19.201,1,-3.998962760784983,2.9969145256238225,1.198798385903983,0.00809005872322185
19.21,0,-4.001883536608759,-3.005477625207761,1.1973208625854557,0.009545904706120045
19.21,1,-3.9989779651239896,2.996884570738056,1.1987261228815826,0.007884324522609782
19.221,0,-4.00192024937821,-3.0055521979281092,1.1973667801060501,0.00946797257839092
19.221,1,-3.9989944320860267,2.9968558598114248,1.1986553891985032,0.007758342079365328
19.231,1,-3.9990119924851806,2.996828180788706,1.1985855405002188,0.0076880249210996635
19.231,0,-4.001955805830044,-3.005622739481298,1.1974186550158465,0.009449862893957035
19.241,0,-4.001990275547644,-3.0056890663999543,1.1974767234093608,0.009491660564293758
19.241,1,-3.9990304669193053,2.9968013449931545,1.1985161291396227,0.007655891522401898
19.251,0,-4.002023725084825,-3.005751012351391,1.1975408798339502,0.009555011586604151
19.251,1,-3.999049665800567,2.996775192824052,1.1984478131146665,0.007436511917940486
19.261,0,-4.002056215659131,-3.005808428397963,1.1976104128886351,0.009612602864265487
19.261,1,-3.9990693963533768,2.9967495952424574,1.1983836678513664,0.006943112747715158
19.271,0,-4.002087794998655,-3.0058611769682395,1.1976846862524881,0.009668999661226115
19.271,1,-3.99908947796467,2.996724448078759,1.1983261879875444,0.006279014397646889
19.281,0,-4.002118490772431,-3.005909128622777,1.1977632130652731,0.009728365048031389
19.281,1,-3.999109758639932,2.9966996678771256,1.198277023896755,0.005525147770410289
19.291,0,-4.002148306729356,-3.0059521602947665,1.1978456138594022,0.00979459181062589
19.291,1,-3.9991301261729406,2.9966751885858556,1.1982372436834998,0.004751856553195602
19.301,0,-4.002177220820804,-3.0059901542536216,1.1979315804417456,0.00986984757087379
19.301,1,-3.9991505147073605,2.996650958690868,1.198207508560789,0.004034143138481927
19.311,0,-4.002205185265569,-3.0060229993584313,1.1980205354182427,0.009886139952002436
19.311,1,-3.9991709074419997,2.9966269386088933,1.19818729743904,0.003562714347407926
19.321,0,-4.002232129767353,-3.0060505957343673,1.1981111787216758,0.00981330820910658
19.321,1,-3.999191332167346,2.996603098867944,1.1981737383474438,0.0033334700708619568
19.331,0,-4.0022579671530485,-3.006072856055141,1.1982024533696032,0.00968247564648968
19.331,1,-3.999211847704717,2.996579419952581,1.198164429310017,0.0032303830478524584
19.341,0,-4.00228259969218,-3.0060897106680478,1.198293621173444,0.00951836170441737
19.341,1,-3.9992325307184133,2.9965558916946433,1.1981577098378144,0.0031895508726611675
19.351,0,-4.002305924216115,-3.0061011116630287,1.1983841630466119,0.009339000674070362
19.351,1,-3.999253465882307,2.996532512480349,1.1981524259894307,0.0031802329122785
19.361,0,-4.002327836256056,-3.006107036045415,1.1984735653344836,0.0091241790569887
19.361,1,-3.999274739037932,2.9965092884326867,1.1981484780358664,0.0031686947150184855
19.371,0,-4.002348232331294,-3.0061074885225914,1.1985610721400632,0.008870452725829894
19.371,1,-3.999296434748761,2.9964862316616543,1.198147701944202,0.003176941292353481
19.381,0,-4.002367008719886,-3.00610250075273,1.198646094699858,0.008601359008723466
19.381,1,-3.9993186376600462,2.996463356512246,1.1981516314502374,0.003262126951179195
19.391,0,-4.002384060530867,-3.006092131861994,1.1987282258223417,0.00833438921901943
19.391,1,-3.999341434845385,2.9964406763732843,1.198161269863035,0.00346046851793755
19.401,0,-4.0023992814249745,-3.0060764682491423,1.19880718452245,0.008082487662086192
19.401,1,-3.9993649173027457,2.9964182014324297,1.198177253326742,0.003778606257640904
19.411,0,-4.002412563728263,-3.0060556224767963,1.1988827776838107,0.007855085967355728
19.413,1,-3.999389180642829,2.996395937157369,1.198199961228878,0.00420068569686629
19.421,0,-4.002423798586575,-3.0060297309302735,1.1989549885946846,0.007693473184564158
19.421,1,-3.999414324206919,2.996373883206018,1.1982286315493083,0.00452638976426295
19.431,0,-4.002432875943199,-3.0059989480109044,1.1990245956794554,0.007661648127175643
19.431,1,-3.999440447536709,2.9963520333981006,1.1982591161006049,0.004572018789902066
19.441,0,-4.002439690290006,-3.0059634450708224,1.1990924509416467,0.007725081009973212
19.441,1,-3.9994676512521994,2.9963303789864497,1.1982877878186096,0.004435119855235163
19.451,0,-4.002444146272502,-3.0059234066487757,1.1991591362928393,0.007855503340676636
19.451,1,-3.9994960354372906,2.9963089113253853,1.1983121904170972,0.004215831217096653
19.462,0,-4.002446161936681,-3.0058790254248553,1.199225045879756,0.008032261218255511
19.462,1,-3.9995256975758764,2.996287623553969,1.1983306718810367,0.004006276500968408
19.471,0,-4.002445671673354,-3.0058304995526717,1.1992901227048645,0.008178643936995326
19.471,1,-3.999556732136624,2.99626651180139,1.1983431406959466,0.003945329458557728
19.481,0,-4.002442630516421,-3.005778031775949,1.1993534540912034,0.008267898930811604
19.481,1,-3.999589225899272,2.9962455751961126,1.198352295717128,0.004007021590084529
19.491,0,-4.002437017185445,-3.0057218242887584,1.1994142876779692,0.008328854623668305
19.491,1,-3.9996232377525978,2.9962248135070837,1.1983604362668436,0.004121869920859766
19.501,1,-3.999658784421228,2.99620422527505,1.1983691279761313,0.004265495743698517
19.501,0,-4.002428838132448,-3.005662078074012,1.1994721285298073,0.00838004814705694
19.511,0,-4.0024181298299535,-3.005598992826211,1.1995266596055396,0.00843264194071955
19.511,1,-3.9996958324580927,2.9961838066009814,1.198379427709785,0.004429312942674086
19.521,0,-4.002404959683326,-3.0055327670327836,1.1995775390207772,0.008469777868780223
19.521,1,-3.9997342939161578,2.9961635503408037,1.1983915643944154,0.004572032741135572
19.531,0,-4.00238942637111,-3.0054635963779828,1.1996240170422583,0.008484901952975495
19.531,1,-3.99977402783437,2.996143446100655,1.1984039233315156,0.004654049912794726
19.541,1,-3.999814855511784,2.9961234820179676,1.1984150113252552,0.0046934544995892915
19.541,0,-4.002371657389955,-3.0053916648050962,1.199665490181742,0.008501112114703098
19.551,1,-3.9998565740959906,2.9961036463609005,1.1984238173789283,0.004708957194813237
19.551,0,-4.002351807148491,-3.0053171377093832,1.1997015772597637,0.008533197180396222
19.561,0,-4.00233005475913,-3.0052401579096517,1.1997320506206202,0.008590006500031947
19.561,1,-3.9998989667474403,2.9960839285962586,1.198429663609265,0.004715360769768014
19.571,0,-4.0023066013278905,-3.005160843396474,1.1997567885357145,0.008676228904715245
19.571,1,-3.999941810596023,2.9960643200960533,1.198432102886113,0.004723199032224983
19.581,0,-4.002281666613652,-3.005079286109471,1.1997759408228967,0.008804918701672467
19.581,1,-3.999984883026543,2.9960448146068837,1.1984314053785723,0.004732019345658046
19.591,0,-4.002255482999718,-3.004995555072668,1.199790651288897,0.008974884911768122
19.591,1,-4.00002796568519,2.9960254085184963,1.19843056486567,0.0047181749665459495
19.601,1,-4.000070844873199,2.9960061002942178,1.1984324643964763,0.004701927295117809
19.601,0,-4.002228286645909,-3.0049097164269103,1.1998020331928212,0.009160672440720663
19.609,0,-4.002200307006775,-3.0048218525047874,1.1998108676802417,0.00934711230898826
19.609,1,-4.000113312484353,2.9959868899693283,1.198439049155772,0.004725567025533067
19.621,0,-4.002171758662514,-3.0047320740803345,1.199817702302901,0.009524510100429196
19.621,1,-4.000155167092069,2.9959677788076142,1.198451614716176,0.004825677233827106
19.631,0,-4.002142835823929,-3.0046405281990203,1.1998226992423815,0.009683172181285107
19.631,1,-4.000196215255228,2.9959487689855924,1.1984705518858176,0.004964195912766389
19.641,0,-4.002113710065738,-3.0045474007698814,1.1998248700740706,0.009821416092041499
19.641,1,-4.000236275388901,2.995929863420906,1.1984938071757822,0.00502317234667021
19.651,0,-4.002084532083478,-3.004452906162684,1.1998232231228239,0.009948212232419977
19.651,1,-4.000275181548167,2.9959110664774453,1.1985192730148162,0.004998071016762147
19.661,0,-4.002055435331437,-3.0043572764685953,1.199817104755472,0.010070053086204496
19.661,1,-4.000312787741049,2.9958923845521657,1.198545507887638,0.004904128343877955
19.672,0,-4.002026539093618,-3.004260753514354,1.1998060956711043,0.010190972669189533
19.672,1,-4.000348971176066,2.995873826322848,1.1985715278303528,0.004758762500200376
19.681,0,-4.001997951030448,-3.0041635820159636,1.1997904934944665,0.010287828613970025
19.681,1,-4.000383633923601,2.9958554026994313,1.1985967265394961,0.004586114900989011
19.691,0,-4.001969768298174,-3.004066003344456,1.1997725748632821,0.010326065683157635
19.691,1,-4.000416702717646,2.9958371241173234,1.1986209241592654,0.004404670648542711
19.701,0,-4.001942074256275,-3.003968251193169,1.199754352028614,0.010311853078763797
19.701,1,-4.0004481272928984,2.9958189924429037,1.1986440489497783,0.004218238631116226
19.711,0,-4.001914935356359,-3.0038705461912545,1.199737186922937,0.010257538667424588
19.711,1,-4.000477877820439,2.9958009933759877,1.1986660515412422,0.004030354313962038
19.721,0,-4.001888399511256,-3.0037730918116727,1.1997219908051975,0.010175242251924845
19.721,1,-4.000505942412938,2.9957830916368136,1.1986868981453263,0.0038443682002401117
19.731,0,-4.0018624955130075,-3.0036760717768485,1.1997093628842534,0.010075047621596842
19.731,1,-4.000532324838336,2.9957652283690663,1.1987065657979725,0.0036635612529140665
19.741,0,-4.001837232987325,-3.0035796481975185,1.1996992069118062,0.009975320325353608
19.741,1,-4.000557041957903,2.9957473202959046,1.198725297800862,0.0035269570035451584
19.751,0,-4.001812603846039,-3.003483957633627,1.1996901310477834,0.009879551706029232
19.751,1,-4.00058012028297,2.995729262355098,1.198744213776498,0.003466872330334429
19.761,0,-4.001788587212812,-3.0033891047767893,1.1996809659367422,0.00978514253790962
19.761,1,-4.000601594362055,2.9957109364204584,1.1987642846191986,0.003471541484719159
19.771,0,-4.001765153391516,-3.003295157164692,1.1996709139273072,0.0096942708938163
19.771,1,-4.000621503949033,2.9956922202977925,1.1987861619257418,0.0035335304331614373
19.781,0,-4.0017422668922515,-3.0032021425673343,1.199659435185637,0.009610741057833192
19.781,1,-4.000639891443794,2.995672994418092,1.198810276572274,0.0036457659044067336
19.791,0,-4.001719889018056,-3.003110048791999,1.1996463364596424,0.009532568098155223
19.792,1,-4.000656799879858,2.9956531465608767,1.1988368983619748,0.0037988407072927772
19.801,0,-4.001697982248927,-3.003018828633619,1.1996319520502663,0.009457820635324235
19.801,1,-4.000672268054003,2.9956325742573546,1.198866158040065,0.00398241542574648
19.811,0,-4.001676517680443,-3.0029284112656818,1.1996165943512636,0.00938832419510249
19.811,1,-4.000686318892834,2.995611184309535,1.1988981096434634,0.004188762372717599
19.821,0,-4.001655481541255,-3.0028387135805743,1.1996004845471437,0.009324963589227395
19.821,1,-4.000698948896411,2.9955888915871567,1.198932761395458,0.004411322633074695
19.831,0,-4.001634879309445,-3.002749648791277,1.1995837792552049,0.009267870944715543
19.831,1,-4.000710121657486,2.9955656180453287,1.1989700942522323,0.004645620219713669
19.841,0,-4.0016147377687785,-3.002661132639416,1.19956647056308,0.009222093486469334
19.841,1,-4.000719765256139,2.995541292571928,1.1990096915476642,0.004810683759963098
19.851,0,-4.001595102639955,-3.0025730879591954,1.1995482317969721,0.009189867365401639
19.851,1,-4.000727775962903,2.9955158546819294,1.1990502200487894,0.004873254354154733
19.861,0,-4.0015760304865955,-3.0024854483522985,1.1995287931898104,0.00916871048033684
19.861,1,-4.0007340269751515,2.995489262089476,1.199090592850284,0.004868598311434667
19.871,0,-4.001557580772321,-3.002398160482382,1.19950797909013,0.009156495006093885
19.871,1,-4.000738378600883,2.995461498207229,1.1991300627053945,0.004822503777239443
19.881,0,-4.001539810036746,-3.002311185289557,1.1994856794224724,0.009151326737061077
19.881,1,-4.000740686405674,2.995432576712358,1.1991681165790657,0.004753789286920806
19.891,0,-4.001522767801748,-3.0022244983816697,1.1994618284067733,0.009151525220818206
19.891,1,-4.000740807430444,2.995402543570697,1.1992044053765605,0.004675986056075068
19.901,0,-4.001506494214295,-3.002138089857632,1.199436967310025,0.009116515784067043
19.901,1,-4.000738605210399,2.9953714773795634,1.199238571505696,0.004577050343478009
19.912,0,-4.00149101727305,-3.002051961855105,1.1994130393880134,0.00902993836644382
19.912,1,-4.000733955967289,2.995339487310087,1.199270048108471,0.004459981473643042
19.921,0,-4.001476345980921,-3.0019661221407743,1.199391616716632,0.00891577386245368
19.921,1,-4.000726756264976,2.995306707654998,1.199298413769859,0.004344841869963427
19.931,0,-4.0014624659029385,-3.0018805784882314,1.1993737509825415,0.008795042385876783
19.931,1,-4.000716929798548,2.995273292606009,1.1993234069654335,0.004245989395755125
19.941,0,-4.001449337138753,-3.001795334769709,1.1993601344022866,0.008684032628482306
19.941,1,-4.000704431527629,2.9952394116402665,1.19934487523922,0.004172291162086497
19.951,0,-4.0014368934671465,-3.001710388240438,1.199350371762701,0.008614906931070344
19.951,1,-4.000689249719675,2.9952052454441045,1.199362698330771,0.004124176731784261
19.961,0,-4.001425045070255,-3.001625728806499,1.1993410754847678,0.008591454125332196
19.961,1,-4.000671406100911,2.9951709833537494,1.1993766719898782,0.004103431776243364
19.971,0,-4.001413691712076,-3.0015413426516053,1.1993292572052057,0.008608212419249524
19.971,1,-4.000650953107596,2.995136823203559,1.199386654095838,0.00411494338468542
19.981,0,-4.001402733544865,-3.00145721553673,1.1993129066389558,0.008677058928510525
19.981,1,-4.000627970665925,2.9951029714158857,1.1993925781783166,0.004158946221354854
19.991,0,-4.00139207840232,-3.0013733350119067,1.199290688806409,0.008809509093431651
19.992,1,-4.000602562968552,2.995069642364055,1.1993944296751282,0.004232557538535055
20.001,0,-4.00138164684057,-3.0012896919546836,1.199262126742626,0.008974445969152492
20.002,1,-4.000574855182009,2.995037057280121,1.1993922371110939,0.00433098325744059
20.011,1,-4.000544989177774,2.9950054448539154,1.199386083629306,0.004448061763294562
20.012,0,-4.001371373622423,-3.001206280879581,1.199228390300919,0.009121084540958129
20.021,0,-4.001361203588737,-3.001123097851645,1.199190636937015,0.009246806022264393
20.021,1,-4.000513117332255,2.99497504570037,1.1993760576790933,0.004578342751068301
20.031,0,-4.001351087238968,-3.001040138449364,1.1991496845581953,0.009354016564690388
20.031,1,-4.000479396558344,2.9949461162946602,1.199362241094946,0.004717842587630022
20.041,0,-4.001340977586277,-3.0009573964059157,1.199106115348468,0.009446466318199788
20.041,1,-4.000443983660083,2.994918930676827,1.1993447108495705,0.004864135119524335
20.051,0,-4.0013308279931294,-3.0008748627491357,1.1990603477762825,0.009527826118044492
20.051,1,-4.000407031827358,2.9948937804356692,1.199323540273242,0.005016307355085013
20.061,0,-4.001320590735229,-3.0007925253456706,1.1990130681051638,0.009550372857097322
20.061,1,-4.000368687632916,2.9948709740960147,1.199299086612955,0.005136438564563967
20.071,0,-4.001310216268158,-3.0007103682180127,1.19896617201191,0.009477750473577858
20.071,1,-4.000329087872991,2.9948508347856206,1.199272672481067,0.005187525541771647
20.081,0,-4.001299653763242,-3.0006283696722007,1.198921264315153,0.009345706932871822
20.081,1,-4.000288358521832,2.9948336880414512,1.1992454412086868,0.005189252263464726
20.091,1,-4.000246612646258,2.9948198514328705,1.1992181694629072,0.005162083034206308
20.091,0,-4.001288851877674,-3.0005465008790355,1.1988794261741411,0.009182738437662626
20.101,0,-4.001277759399843,-3.0004647252265166,1.1988413766103767,0.009010423742554676
20.101,1,-4.000203948850967,2.994809627324591,1.1991913799172238,0.005124708763876092
20.111,0,-4.001266325972487,-3.000382998270709,1.1988072452944125,0.008880848956086977
20.111,1,-4.000160450252743,2.9948032992941114,1.19916584252548,0.0050325744263032355
20.121,0,-4.001254504325735,-3.000301268882152,1.1987753945880528,0.00883678806196355
20.121,1,-4.000116185543208,2.994801132149078,1.199144179987192,0.0048535364986859696
20.131,0,-4.001242254360908,-3.00021948232548,1.198744174274463,0.008848783890725005
20.131,1,-4.000071219815971,2.9948033501773987,1.1991287822380416,0.004703724057550992
20.141,0,-4.0012295474883794,-3.000137583456847,1.1987124491978711,0.008900398408796101
20.141,1,-4.00002562432945,2.9948101214091993,1.199121227173133,0.004684981470364226
20.151,0,-4.00121636954982,-3.000055519102426,1.1986794406294807,0.008982066087791705
20.151,1,-3.9999794825948833,2.99482155044888,1.1991225330834971,0.004860950618471423
20.161,0,-4.0012027223846465,-2.999973239737195,1.198644616626211,0.009087533429615904
20.161,1,-3.99993289409711,2.9948376752415053,1.1991333272361555,0.005243361101610335
20.171,0,-4.001188624254965,-2.999890700597099,1.1986076259115412,0.009211256792331365
20.171,1,-3.9998859764161083,2.9948584632101323,1.1991531431082219,0.005710059653774792
20.181,0,-4.001174107496457,-2.9998078621138653,1.1985682589017683,0.009349171864016242
20.181,1,-3.999838866290146,2.994883807596356,1.199178553506,0.006082143299171906
20.191,0,-4.001159212350027,-2.9997246896337093,1.1985263817972591,0.009498794487403067
20.191,1,-3.9997917186458776,2.994913556357544,1.1992065061578763,0.0063501746709468425
20.201,1,-3.9997447063201697,2.994947528258047,1.1992349063127414,0.006538199308830838
20.201,0,-4.001143981136067,-2.9996411529611495,1.1984819090066086,0.009658145980584024
20.211,0,-4.001128454045337,-2.9995572259342866,1.1984347880765414,0.009825657747548878
20.211,1,-3.9996980191632985,2.9949855220234034,1.1992623220383611,0.006671816840773144
20.219,0,-4.0011126660654845,-2.9994728856851194,1.198385446216834,0.009938783267462432
20.22,1,-3.9996518623707833,2.9950273233838502,1.1992877331757603,0.006766737729211816
20.231,0,-4.001096643167784,-2.999388108531609,1.1983358635273462,0.009948713833194024
20.231,1,-3.9996064526941235,2.9950727095744383,1.199310285476777,0.006835823140601846
20.241,0,-4.001080396625359,-2.999302861041033,1.1982877580606757,0.009893905613641918
20.241,1,-3.9995620112143975,2.995121451888345,1.1993293651826777,0.006893460306020712
20.252,0,-4.001063917785121,-2.9992170910227784,1.1982422839812898,0.009805987028540663
20.252,1,-3.999518756246806,2.9951733168544776,1.1993445615315843,0.006949108782763357
20.261,0,-4.001047175042504,-2.9991307217408196,1.1982002047048737,0.009709548388214303
20.261,1,-3.999476897940707,2.9952280674224996,1.1993556044345062,0.007008691626650405
20.271,1,-3.999436634040768,2.9952854636814155,1.1993621345645296,0.007072741619635887
20.271,0,-4.001030112988294,-2.9990436495899826,1.198161621774908,0.009659356855376793
20.281,0,-4.00101265624414,-2.998955750222983,1.198125514167694,0.009671748796723627
20.281,1,-3.9993981471719455,2.9953452615945504,1.199363414549252,0.007152502514336014
20.291,1,-3.999361605461863,2.9954072106549634,1.1993588834499747,0.007260117281290112
20.291,0,-4.000994718853805,-2.9988668946940797,1.1980909969290146,0.009728425671228101
20.301,0,-4.0009762134745595,-2.9987769651738994,1.198057456331382,0.009816907449741539
20.301,1,-3.9993271629837905,2.9954710505911977,1.199348187754751,0.007401118535659348
20.311,0,-4.000957058162867,-2.9986858659386457,1.1980244677016338,0.009927832366528043
20.311,1,-3.9992949600579646,2.9955365096159823,1.1993311191028433,0.007576287803839595
20.321,0,-4.000937181135125,-2.9985935304597366,1.1979917371846556,0.010053775083635202
20.321,1,-3.9992651235829557,2.995603304126847,1.1993075667203974,0.007783560562639321
20.331,0,-4.0009165238519655,-2.998499925303832,1.1979591601980666,0.01018083341608086
20.331,1,-3.999237768887276,2.9956711400206957,1.1992780817512545,0.007960866059681083
20.341,0,-4.00089504285041,-2.9984050508952684,1.1979269322724375,0.010301189503900826
20.341,1,-3.9992130015539784,2.9957397147537925,1.1992446915987656,0.0080565742392954
20.351,0,-4.000872711034486,-2.998308939856578,1.197895226851093,0.010414355001736321
20.351,1,-3.999190910981075,2.9958087179742163,1.1992090628205025,0.008079015123926515
20.361,0,-4.000849518017524,-2.9982116540105985,1.1978641571537147,0.010519214734399951
20.361,1,-3.9991715682862985,2.995877834842328,1.1991723418875069,0.008040797613201256
20.371,1,-3.9991550259253827,2.9959467493338328,1.1991353155523403,0.0079536986590401
20.371,0,-4.000825469843779,-2.9981132811633127,1.1978337949843223,0.010614282125219443
20.381,0,-4.000800587610221,-2.9980139312384124,1.197804736178879,0.010662174617455715
20.381,1,-3.9991413161487097,2.996015147581776,1.1990979351819453,0.007894964162109433
20.391,0,-4.000774901690389,-2.9979137313419857,1.1977788791290287,0.010658331607092363
20.391,1,-3.999130448351204,2.9960827241739407,1.1990585750579699,0.007907048394281175
20.401,0,-4.000748441275087,-2.997812821627939,1.197757733473064,0.010633615821408796
20.401,1,-3.999122412947119,2.996149190771873,1.1990158830148967,0.0079783126175088
20.411,0,-4.000721223706372,-2.9977113497217975,1.1977422906808863,0.01061096484808811
20.411,1,-3.999117181054102,2.9962142835278507,1.198968959832538,0.008103249767735778
20.421,0,-4.0006932471399,-2.9976094660942203,1.197733179343078,0.01060623311383835
20.421,1,-3.999114704095684,2.99627776807563,1.19891722086975,0.008277408680444801
20.431,0,-4.000664486364193,-2.997507320552603,1.1977306471834566,0.010629018821942825
20.431,1,-3.9991149171487805,2.9963394403599244,1.1988613876755927,0.008313789091291511
20.441,0,-4.000634893847289,-2.997405060350647,1.1977343334439718,0.010676491986844675
20.441,1,-3.9991177430184166,2.9963991232460843,1.1988049367499491,0.008114032011688381
20.451,0,-4.000604407636257,-2.9973028304275213,1.1977438397258682,0.01074236139991853
20.452,1,-3.9991230821722925,2.9964566691816685,1.1987507223734097,0.0077498020029634
20.461,0,-4.0005729602811595,-2.9972007742850497,1.1977588575353195,0.010822365976226447
20.461,1,-3.9991308120395757,2.996511957484639,1.1987006700030403,0.0072811250706682346
20.471,1,-3.999140788809048,2.996564890817418,1.1986560609222008,0.006755174457446789
20.471,0,-4.000540485579542,-2.9970990344562534,1.1977791430474807,0.010913491728723426
20.481,0,-4.000506923382354,-2.996997752610033,1.1978044932370755,0.01101329453257322
20.481,1,-3.999152849579346,2.9966153920941028,1.1986177305651942,0.006209251037905017
20.491,0,-4.0004722232548735,-2.9968970692828747,1.1978344251011923,0.011098317601129391
20.491,1,-3.9991668133351745,2.9966634038322635,1.1985853762728595,0.005777789970603976
20.501,0,-4.000436346959106,-2.9967971246503238,1.1978677392276953,0.011150249174592411
20.501,1,-3.9991824840763646,2.996708888690968,1.1985564964792614,0.005492613110260222
20.511,0,-4.000399268041061,-2.9966980623410344,1.1979034504329502,0.011171310560033473
20.511,1,-3.999199664286039,2.996751820900763,1.1985289944821949,0.00530049566668523
20.521,0,-4.000360971752753,-2.9966000323669193,1.1979408663647966,0.011164992400113503
20.521,1,-3.999218162451161,2.9967921836289846,1.1985014306857893,0.005174785845872233
20.531,0,-4.000321454877031,-2.9965031926034666,1.1979794954194014,0.01113408435315575
20.531,1,-3.9992377977361677,2.996829967815755,1.1984728181175053,0.005102389714334408
20.541,0,-4.000280725637254,-2.9964077087135155,1.1980186790656844,0.011054607707380816
20.541,1,-3.999258403547824,2.9968651703015476,1.1984428508705283,0.005021385227817367
20.551,0,-4.000238802888847,-2.9963137512581213,1.1980571296822515,0.010918607054945788
20.551,1,-3.999279829126585,2.996897794458974,1.1984123236297928,0.004896206816322285
20.561,0,-4.000195712398425,-2.9962214913375194,1.1980938388023288,0.010742298503643371
20.561,1,-3.9993019373853675,2.9969278598405276,1.1983819385192291,0.004741082133725815
20.571,0,-4.000151484384933,-2.996131095559568,1.198128130175822,0.010538562091380195
20.571,1,-3.999324603557682,2.9969554082495247,1.1983521665428378,0.004567908007218827
20.581,0,-4.000106151807724,-2.996042722106477,1.1981595572618575,0.010317259601717555
20.581,1,-3.9993477141824965,2.996980506779991,1.198323318745673,0.004386006569822998
20.591,1,-3.999371166168501,2.997003248577235,1.1982957709163147,0.004174920421767515
20.591,0,-4.000059748784698,-2.995956518723147,1.1981881543231134,0.010106802697471991
20.601,0,-4.000012310897871,-2.995872624108189,1.1982148370284584,0.009915554662754022
20.601,1,-3.9993948646528823,2.997023752328282,1.1982702442093316,0.00393020974855406
20.611,0,-3.9999638801363457,-2.9957911703048916,1.1982403837449134,0.00973341897131371
20.611,1,-3.999418718604492,2.997042162934088,1.1982472961308226,0.0036709070324937765
20.622,0,-3.999914508368813,-2.9957122866585704,1.1982653308135132,0.009554224017050448
20.622,1,-3.999442637187211,2.9970586501247465,1.1982272931527966,0.0034117337539168275
20.631,0,-3.999864259239905,-2.9956361026661193,1.1982900466253452,0.00937397615081276
20.631,1,-3.999466527368738,2.9970734062449735,1.1982104701276026,0.003164385598513247
20.641,0,-3.9998132065625938,-2.9955627594265013,1.1983187743260015,0.009496394397376257
20.641,1,-3.9994902924678613,2.9970866436994883,1.1981969677903446,0.002938652116894049
20.652,0,-3.9997614473929604,-2.99549239395316,1.1983648884000027,0.010356091225275288
20.652,1,-3.9995138314186836,2.9970985919478275,1.1981867922429221,0.002747674000784598
20.662,0,-3.9997091536164935,-2.995425016925475,1.1984381223178713,0.012147295073300646
20.662,1,-3.9995370374654384,2.9971094923597206,1.1981797408772,0.002594001347185356
20.671,0,-3.9996566024124487,-2.9953604300705887,1.198543099389924,0.014411118966626685
20.671,1,-3.999559795197787,2.997119589777535,1.1981756125233192,0.0024729257169172837
20.681,1,-3.999581978298443,2.9971291251481107,1.1981742358853598,0.0023800095087098756
20.681,0,-3.999604182838066,-2.995298187007992,1.1986750017770351,0.01634473508864923
20.691,0,-3.999552372410325,-2.9952376581487457,1.1988279955379826,0.017950016469734802
20.691,1,-3.9996034485992316,2.997138330044919,1.1981754623943994,0.0023114235781091035
20.701,1,-3.999624055813202,2.997147422717527,1.1981795395721806,0.0022900334888500554
20.702,0,-3.9995017125078642,-2.99517809408191,1.198998053405171,0.01932427819644002
20.711,0,-3.9994527894413743,-2.995118666604827,1.1991837061032602,0.020766938844974638
20.711,1,-3.9996436391859986,2.997156605082688,1.1981884869762522,0.0024244497076841643
20.721,0,-3.999406220405137,-2.995058489131135,1.1993863792916803,0.022393994027976163
20.721,1,-3.9996620391005067,2.997166059168484,1.1982042039161613,0.0027880943828535415
20.731,0,-3.9993626442603913,-2.9949966233394627,1.1996072109187907,0.024135712008374638
20.731,1,-3.9996791085292926,2.997175943604911,1.1982279301725707,0.0033663174214967227
20.741,0,-3.999322718111527,-2.994932086811062,1.1998468327036125,0.02596798151011431
20.741,1,-3.9996947205922875,2.9971863916300316,1.1982604488977238,0.004098343143385267
20.751,1,-3.9997087741150428,2.9971975101116244,1.198301728477262,0.004802965522201655
20.752,0,-3.999287115742427,-2.994863860200202,1.2001059964663892,0.02793824411805177
20.761,0,-3.9992565311630806,-2.9947908939137258,1.2003859887347974,0.030062077959472758
20.761,1,-3.9997211967509396,2.997209380911806,1.1983498304469282,0.005336538847054901
20.771,0,-3.9992316944466517,-2.994712112288252,1.2006892225953356,0.032652794798861275
20.771,1,-3.9997319380575016,2.997222069592692,1.1984029751370822,0.0057429516149697275
20.781,1,-3.999740964088463,2.99723563322442,1.1984599134258846,0.006058503030078348
20.781,0,-3.99921340625892,-2.9946263965365483,1.2010213791778355,0.03581337887971992
20.791,0,-3.999202541242049,-2.994532594730023,1.2013866502253365,0.039339077800812645
20.791,1,-3.9997482537253246,2.9972501257718465,1.1985197676279604,0.006311005085050596
20.802,0,-3.999200064852693,-2.994429514297363,1.201787460864524,0.043088087426031284
20.802,1,-3.9997537957614386,2.9972656018283685,1.1985819172696126,0.006520131340218238
20.811,0,-3.9992070411167013,-2.9943159193198703,1.2022248507956186,0.046925300257572154
20.811,1,-3.9997575874072915,2.9972821184842555,1.1986453618763038,0.0065692655171091215
20.821,0,-3.999224625548392,-2.9941905379399545,1.2026986763916228,0.05078068485311619
20.821,1,-3.9997596304841876,2.99729973625252,1.1987078963120492,0.006420291320110942
20.831,0,-3.9992540510804364,-2.994052071155539,1.2032083686472415,0.05463014158223059
20.831,1,-3.999759918424539,2.997318522624607,1.1987677751257535,0.006143525956829204
20.841,0,-3.9992966333444953,-2.9938991791063785,1.203755010431431,0.05890853757705819
20.841,1,-3.999758427539191,2.997338553344223,1.1988238189916542,0.00579119568666482
20.851,0,-3.9993538061656078,-2.993730435428363,1.2043441434849915,0.06378065303107051
20.851,1,-3.9997551119656114,2.9973599125441748,1.1988752442595416,0.005403325886910295
20.861,0,-3.9994270505753398,-2.9935443994809297,1.2049793654722505,0.06891371116912157
20.861,1,-3.9997499018661187,2.997382691742151,1.1989211684054533,0.004933628927961738
20.871,0,-3.9995178932693376,-2.9933396108974204,1.20566193828329,0.07428499437854556
20.871,1,-3.999742705856994,2.997406987367559,1.1989600063803274,0.0043988050838642805
20.881,0,-3.999627962741977,-2.993114521305973,1.206393897716831,0.07991710424347796
20.881,1,-3.9997334148196706,2.9974328993339188,1.1989905517603876,0.00390170167339474
20.892,0,-3.9997589637472024,-2.992867513561701,1.207176279006598,0.08569295228875563
20.892,1,-3.999721907859507,2.997460528344463,1.19901202852188,0.0035535426592669577
20.901,0,-3.999912662544932,-2.9925969100651564,1.2080087289304273,0.09145231176432303
20.901,1,-3.9997080574704076,2.997489973521541,1.1990239555065034,0.0034605933326304302
20.911,0,-4.000090852688623,-2.992301002482247,1.208888910952055,0.09707631976407825
20.911,1,-3.9996917336110456,2.997521330612499,1.1990260586245187,0.0036750381403562408
20.921,0,-4.000295366059897,-2.9919780352699816,1.2098143613047163,0.10262361755467518
20.921,1,-3.9996728060847166,2.9975546912086544,1.1990185307427539,0.0041388464004053546
20.931,0,-4.000528056555804,-2.991626220398946,1.210783018981448,0.10812643732276131
20.931,1,-3.999651145641595,2.997590140354106,1.1990027623646782,0.004706787716078881
20.941,0,-4.0007907968467,-2.991243742138647,1.2117939839625262,0.11386502553975374
20.941,1,-3.9996266318731784,2.997627743710016,1.198980024666092,0.005301819338232184
20.951,0,-4.001085539490169,-2.990828695380121,1.2128499426790502,0.1200302421454375
20.951,1,-3.9995991577841314,2.9976675376728603,1.1989512315973412,0.005895023113089255
20.961,1,-3.9995686320692694,2.997709523854689,1.1989170489790903,0.006476188434545997
20.961,0,-4.001414190489073,-2.9903792121046164,1.2139529140013448,0.12647539979220956
20.971,0,-4.001778590264942,-2.989893477755693,1.2151038360459354,0.1331585811515746
20.971,1,-3.9995349788862966,2.997753667477081,1.1988785119860335,0.0069659887104499925
20.981,0,-4.002180536326794,-2.9893697091692926,1.216303472227225,0.14004483727936323
20.982,1,-3.9994981412641697,2.997799895677743,1.1988378288825101,0.0073322483444219514
20.991,0,-4.0026217525282215,-2.9888061920343034,1.2175517642182545,0.14705436536861843
20.991,1,-3.9994581005130057,2.997848087645959,1.1987967537123008,0.0076126554082877095
21.001,0,-4.003103911169941,-2.988201264863217,1.2188486231068019,0.15428903476482575
21.001,1,-3.9994148885152097,2.9978980704622646,1.198756478362375,0.00783409913281972
21.012,0,-4.003628681499992,-2.9875532726210428,1.2201952522533375,0.16177558725752267
21.012,1,-3.999368593814697,2.9979496189046744,1.1987178036539226,0.00801272661731658
21.018,0,-4.004197634976374,-2.9868606603795413,1.2215918827360175,0.16938138760534174
21.018,1,-3.9993193638556135,2.998002457599246,1.1986811877231132,0.00816400243386731
21.031,0,-4.004812226128477,-2.98612198686043,1.2230374670899837,0.1770276668946871
21.031,1,-3.999267402218699,2.998056267095265,1.1986467325492005,0.008291226639578429
21.041,0,-4.005473850279007,-2.985335856095582,1.2245310342317153,0.18480197878730587
21.041,1,-3.9992129593132435,2.998110695150098,1.1986144694626488,0.00838878919962406
21.051,0,-4.006183881609603,-2.9845008693060833,1.2260724989542846,0.19271151703315642
21.051,1,-3.999156323021074,2.998165367507116,1.1985844146407938,0.008452083326331862
21.061,0,-4.006943603982655,-2.9836156862969587,1.227661184858039,0.20069308349011308
21.061,1,-3.999097810408781,2.9982198968907965,1.1985565734104204,0.00847755960111274
21.071,0,-4.007754236806053,-2.982678994669999,1.229296421275418,0.20882747085483738
21.071,1,-3.9990377603329845,2.998273890499711,1.1985309432404918,0.00846270169441032
21.081,0,-4.008617045397205,-2.981689395098779,1.2309797402650646,0.2173645489954644
21.081,1,-3.9989765271666404,2.9983269566789454,1.198507245676242,0.008423758121550919
21.091,0,-4.0095333408998926,-2.980645401860533,1.232714761228725,0.22631024736587085
21.091,1,-3.998914474965599,2.998378714255313,1.198484549150035,0.008364442678029034
21.101,1,-3.9988519707926615,2.998428805068193,1.1984620962715788,0.008276913004269122
21.102,0,-4.0105043295310345,-2.9795456073504476,1.234504245685052,0.23562722613298678
21.111,0,-4.011531158764491,-2.9783886460537956,1.2363510052879358,0.24525707619213666
21.111,1,-3.998789380106591,2.9984769047208033,1.19843937199653,0.008158903480646738
21.121,0,-4.012614830209578,-2.9771732891004525,1.238256329919738,0.25505068962274413
21.121,1,-3.998727063040117,2.9985227296973185,1.198416028250577,0.008011108753270489
21.131,0,-4.013756224045337,-2.9758984239708948,1.2402205052058604,0.2649873530333181
21.131,1,-3.9986653710969016,2.99856604109219,1.1983919246594155,0.007828814564440777
21.141,0,-4.014956156971491,-2.974562992070318,1.2422439582756781,0.27504175908481115
21.141,1,-3.9986046408197304,2.9986066426810485,1.1983672216896173,0.007611329394567574
21.151,0,-4.016215313929361,-2.9731660400808306,1.2443262658651206,0.2851276357671544
21.151,1,-3.9985451815507123,2.9986443730279735,1.198342073428123,0.007364701318309073
21.161,0,-4.017534243337304,-2.9717067079372663,1.2464662834242448,0.2951989419412429
21.161,1,-3.998487264965086,2.998679096822734,1.1983165874511301,0.007095064428139224
21.171,0,-4.018913387333029,-2.9701841888645304,1.2486628023324142,0.3053040564000992
21.171,1,-3.9984311191382624,2.99871069186507,1.1982927009099236,0.006649464880886375
21.182,0,-4.020353155437558,-2.968597648690808,1.2509158445472688,0.31550061806728746
21.182,1,-3.9983768776026034,2.9987390282689814,1.1982772551082956,0.006050022746699779
21.191,0,-4.021853846320067,-2.9669463161850356,1.2532252489376483,0.3257318861521464
21.191,1,-3.9983244305693235,2.9987639659416847,1.198277356824164,0.005743740288596788
21.201,0,-4.023415662322655,-2.9652294956259335,1.255590689383158,0.33604672433453936
21.201,1,-3.99827330041958,2.9987853545965906,1.1982969450665661,0.006138118291892365
21.211,0,-4.025038791577558,-2.9634465052661865,1.2580128140540587,0.34644983781434635
21.211,1,-3.998222630544524,2.998803043014247,1.198335505007852,0.007087183444828361
21.221,0,-4.026723308973814,-2.961596800656078,1.2604914076618312,0.35684736981727505
21.221,1,-3.9981713103058514,2.9988168891536255,1.1983920644475006,0.008364315986800907
21.231,0,-4.02846922342258,-2.9596799368660074,1.2630260292984334,0.36730131833712737
21.231,1,-3.998118099291437,2.9988267787514826,1.1984662053263402,0.009893705169138832
21.241,0,-4.030276482071908,-2.9576955732060486,1.2656159695166036,0.3775754501164334
21.241,1,-3.998061727538855,2.9988326452557246,1.1985576189722487,0.011439889148391441
21.251,0,-4.03214474332646,-2.9556437199590495,1.268256489011306,0.3874852903477987
21.251,1,-3.9980009930598825,2.99883450048549,1.1986636116871054,0.012835045467084385
21.261,0,-4.034073613331301,-2.9535244623942414,1.2709428699223626,0.39709078702652145
21.261,1,-3.9979348253761917,2.998832443217258,1.198781793823547,0.014113530678095497
21.271,0,-4.036062716769519,-2.9513378676836757,1.2736717443450014,0.40655790062645697
21.271,1,-3.9978623222166823,2.9988266653861455,1.1989116314364694,0.01556589237723957
21.281,1,-3.997782771582898,2.9988174606010007,1.1990559551905646,0.017307951942065553
21.281,0,-4.038111740061228,-2.9490839258315362,1.2764418984480066,0.41595752399266017
21.291,0,-4.040220340710554,-2.9467626413439088,1.2792527921788297,0.42539662721499516
21.291,1,-3.9976957131566624,2.998805261503501,1.1992168621880155,0.01918617320272702
21.301,0,-4.042388249140813,-2.9443739094022487,1.2821062522248234,0.4350290533508581
21.301,1,-3.9976009602284797,2.9987906544142566,1.1993959674636485,0.021288039534952456
21.311,0,-4.044615176792899,-2.9419176069047928,1.2850049295834136,0.44480233751523435
21.311,1,-3.9974985972631565,2.9987743866358887,1.1995964229267624,0.02364087301656385
21.321,0,-4.046900686644849,-2.9393937304061692,1.287950038828543,0.45459692471377894
21.321,1,-3.9973890089995994,2.9987573848632976,1.1998204683768694,0.026123313315664486
21.331,0,-4.04924425048325,-2.936802328760363,1.2909422082642348,0.46445384552706653
21.331,1,-3.9972728796471397,2.9987407566422246,1.2000692789491736,0.028641669202603158
21.341,0,-4.051645336454006,-2.9341434043828905,1.2939828424798083,0.4743532651925773
21.341,1,-3.9971511744004524,2.998725780200746,1.2003434783582954,0.031186236274297598
21.351,0,-4.054103306789868,-2.9314170490148035,1.2970720919370569,0.4841919141696855
21.351,1,-3.997025113799403,2.9987138847652406,1.2006437961621448,0.033741498608076466
21.361,0,-4.056617454682059,-2.928623443298727,1.3002090353808275,0.4939069480312524
21.361,1,-3.9968961535083625,2.9987066196931527,1.200970495827574,0.03626722375967724
21.371,0,-4.059187070530598,-2.9257628198966517,1.3033924675319404,0.5035273642835824
21.371,1,-3.9967659556940163,2.9987056370962795,1.2013254094687216,0.03914333680014841
21.381,0,-4.061811499722835,-2.9228354234043614,1.306621704894373,0.5130514070286755
21.381,1,-3.996636377763213,2.9987126939944018,1.2017135369617555,0.04243474588037213
21.391,0,-4.064490083450527,-2.919841599476087,1.3098954275191388,0.5224231301409946
21.391,1,-3.996509475700651,2.99872962562848,1.202138283474758,0.045972841875042594
21.401,0,-4.067222032095852,-2.9167819628783263,1.3132093260640636,0.5311981781890104
21.402,1,-3.9963874897402527,2.998758345228556,1.2026021531990063,0.04981102998800592
21.411,0,-4.070006239487906,-2.9136576329065815,1.3165528801187958,0.5392037772758492
21.411,1,-3.9962728248686514,2.9988008480287496,1.2031082005851437,0.05394388680489221
21.421,0,-4.072841681191184,-2.910469739986862,1.3199172718996677,0.5466460771397281
21.421,1,-3.9961680036914173,2.998859172697351,1.2036583647894568,0.05827335010835858
21.431,0,-4.075727527917153,-2.907219276232824,1.3232981609036145,0.5540002385832993
21.431,1,-3.996075643131199,2.998935405781257,1.2042550079918288,0.0630795599512708
21.441,0,-4.078663247246719,-2.9039069569003004,1.3266979485832056,0.5614786318449965
21.441,1,-3.9959984649705036,2.999031720488987,1.2049033268749292,0.06845999593005567
21.451,1,-3.9959392237826927,2.999150295750898,1.2056065240849105,0.07412325449728492
21.452,0,-4.08164825428255,-2.9005336338556895,1.3301190288200857,0.5690349360017283
21.461,1,-3.9959006750828836,2.999293299863428,1.206365558794245,0.08001297242463683
21.461,0,-4.084681940688579,-2.8971002454981454,1.3335640826602138,0.5766940407382396
21.471,1,-3.9958855873849073,2.9994629251201124,1.2071815203441691,0.08612244288891532
21.471,0,-4.087763686461723,-2.8936077926596733,1.3370361891304843,0.5844286485005847
21.481,0,-4.090892779727512,-2.8900574271203,1.3405370982253522,0.5921191504872503
21.481,1,-3.995896695104483,2.9996613481987935,1.208054609871642,0.09236402263357024
21.491,0,-4.094068422249352,-2.8864504368032833,1.3440671560526884,0.5996832072433126
21.491,1,-3.9959366720944516,2.9998907128625083,1.2089841836068207,0.09868064501005568
21.501,0,-4.097289695850955,-2.882788280787476,1.3476244377556477,0.6068081066480696
21.501,1,-3.9960081220145423,3.0001531274508073,1.2099693085530832,0.10510858042595754
21.511,0,-4.100555324556282,-2.8790728682011406,1.351199788219819,0.6131293363753358
21.511,1,-3.9961135790090876,3.0004506754199682,1.2110094748219706,0.11166555442818202
21.521,1,-3.996255458926616,3.0007853840069245,1.2121037264839314,0.11830311288197468
21.521,0,-4.103864000378501,-2.8753061559532784,1.354784189259278,0.6188248622218261
21.531,0,-4.107214568274276,-2.871489922834301,1.3583735489103683,0.6244106709503038
21.531,1,-3.996436057559153,3.0011592393689766,1.2132511865198319,0.1251207431475703
21.541,0,-4.110606131134189,-2.867625640544263,1.3619715096004152,0.6301072141427697
21.541,1,-3.9966575731178833,3.001574220627241,1.2144520120255908,0.13214899902241772
21.551,0,-4.114037682869422,-2.8637148906348617,1.3655810765148615,0.6357803775961341
21.551,1,-3.996922034682044,3.002032236662581,1.215705781091654,0.13931298259315567
21.561,0,-4.117508057128901,-2.8597594089707736,1.3692027656969872,0.6411952628614845
21.561,1,-3.9972312952822984,3.0025351232263326,1.2170115816576337,0.14660071892101184
21.571,0,-4.121015883185753,-2.8557611338954394,1.3728330604535242,0.6461869770012766
21.571,1,-3.997587048681773,3.0030846557185735,1.2183684740502119,0.15399356472240436
21.581,0,-4.124559744238753,-2.8517220423930154,1.3764683019060886,0.6508016283789158
21.581,1,-3.997990821418957,3.003682527322778,1.2197751138086668,0.16144977384202183
21.591,0,-4.128138196109719,-2.847644149546885,1.380105498023771,0.6550665667338429
21.591,1,-3.9984439837480603,3.0043303432594772,1.2212297920615725,0.16894007799898614
21.601,0,-4.13174980572575,-2.843529480643916,1.3837436473133784,0.6592363677500137
21.601,1,-3.9989477862727894,3.0050296422636835,1.2227310459010374,0.1765583679042624
21.611,0,-4.135393271513784,-2.839379945224664,1.3873871277242904,0.6634911129334693
21.612,1,-3.9995034152817777,3.005781941455167,1.2242786261411156,0.1843281809220483
21.621,0,-4.13906720595433,-2.835197572222717,1.3910392591763827,0.6676556634275683
21.621,1,-4.000111887421312,3.006588628094602,1.2258713275578617,0.19213941074734506
21.632,0,-4.142770104554293,-2.8309845286242856,1.3947003882357707,0.6715051707762442
21.632,1,-4.000774089404957,3.0074510119326407,1.2275078282631575,0.20006400225108842
21.641,1,-4.001490843963491,3.008370405091266,1.229187970250765,0.20814705905058617
21.641,0,-4.146500341965905,-2.8267431107777132,1.3983668456344707,0.6748914694008934
21.652,0,-4.150256303171946,-2.8224756056223432,1.4020348468375832,0.677863278024753
21.652,1,-4.002262828064698,3.009348044579482,1.2309111927802747,0.2163152152633894
21.661,0,-4.154036412097345,-2.818184267163094,1.405701707922453,0.6805138730969711
21.661,1,-4.003090595375337,3.0103851174792693,1.2326769083234457,0.22464159161954766
21.671,0,-4.157839138787179,-2.8138713142801395,1.409366398750574,0.6829114155597785
21.671,1,-4.003974655311831,3.011482843042231,1.2344858466271305,0.23318530673578206
21.681,0,-4.161662963857341,-2.8095389670429465,1.4130283585537957,0.6850538225788008
21.682,1,-4.004915405456146,3.0126423892359506,1.2363385809229452,0.24187479601311648
21.691,1,-4.005913111772962,3.0138648210579473,1.2382347675337058,0.25062807005814514
21.691,0,-4.165506365055751,-2.80518945680433,1.4166868128218248,0.6869270948651266
21.701,1,-4.006967974877544,3.0151511421823103,1.2401739720330138,0.25951473215897924
21.702,0,-4.1693678312463085,-2.8008250099202594,1.4203411257891367,0.6885701255675915
21.711,0,-4.173245881701476,-2.7964478278783518,1.423991424793343,0.6899980853582297
21.711,1,-4.008080211338565,3.0165023632996832,1.2421568388770319,0.26854867783292746
21.721,1,-4.009249994271159,3.0179194219581817,1.244183833966616,0.2777508918993858
21.721,0,-4.177139053186109,-2.7920600949615113,1.4276376643962747,0.6912089856915341
21.731,0,-4.181045918298931,-2.7876639600036013,1.431280247731283,0.6922537217058793
21.731,1,-4.0104775385322755,3.019403267063722,1.246256642145923,0.28722346281996264
21.741,0,-4.18496509170632,-2.7832615289779277,1.434920222837318,0.693134984586427
21.741,1,-4.011763062120722,3.020954801613283,1.2483775065601612,0.2969129111864285
21.751,0,-4.188895213274909,-2.778854871522824,1.4385580029070175,0.6938154009596211
21.751,1,-4.013106678271962,3.0225747475169653,1.2505473588267284,0.3066963244331257
21.761,0,-4.192834959928955,-2.774446007836252,1.4421937557039024,0.6943230530111727
21.761,1,-4.014508448546489,3.0242637003907893,1.2527667579136859,0.31662711915153174
21.771,0,-4.196783058716287,-2.7700368970532114,1.4458279865774546,0.6946429388116206
21.771,1,-4.0159684108979254,3.0260221600961965,1.2550363849443251,0.3265621984965512
21.781,0,-4.2007382779884725,-2.765629432829803,1.4494602381023154,0.6947381954473794
21.781,1,-4.017486429047512,3.0278503551831144,1.257354384614922,0.33635841900195584
21.791,0,-4.204699444238534,-2.761225426037834,1.4530896100416681,0.6946037729096006
21.791,1,-4.019062309840046,3.0297483897013384,1.259718305557194,0.34600047493035985
21.801,0,-4.208665454042055,-2.7568265957418094,1.456715336292489,0.6942880822477132
21.801,1,-4.020695874888893,3.0317163351078333,1.2621262721340993,0.35560588760281886
21.811,0,-4.212635284146783,-2.75243456715341,1.460337643046483,0.6938324982187913
21.811,1,-4.022387025385583,3.0337543143081835,1.2645780570778151,0.3652215863790743
21.82,0,-4.216607983992368,-2.7480508662595455,1.4639565209382197,0.6932191372600881
21.82,1,-4.024135628654248,3.035862370959716,1.2670730548175766,0.3747977076561941
21.831,1,-4.0259415558175595,3.0380405196800067,1.269610899471305,0.3844339624743574
21.831,0,-4.220582676811288,-2.74367691532673,1.4675714888471714,0.6924387291695072
21.841,0,-4.224558559848409,-2.7393140343257434,1.4711818394474823,0.6914928957299312
21.841,1,-4.027804760090346,3.040288843139352,1.272192837384489,0.3941626538416262
21.851,0,-4.228534898207587,-2.734963444745242,1.4747866348438794,0.6903790570439086
21.851,1,-4.029725129351293,3.04260731071791,1.2748192262482447,0.4038850072382293
21.861,0,-4.232511019194009,-2.7306262798642935,1.4783851785770432,0.6891526602604061
21.861,1,-4.0317025187934385,3.044995816006348,1.2774901735445152,0.4136700519852952
21.871,1,-4.0337368298595955,3.0474542731945293,1.2802069607407243,0.4235219099745488
21.871,0,-4.236486308022759,-2.726303597553648,1.4819776968442144,0.6878388017636332
21.881,0,-4.2404601998280125,-2.7219963729633725,1.4855642356867331,0.6864395061622074
21.881,1,-4.035827883705048,3.049982464884182,1.282969832411009,0.43333654266891336
21.891,0,-4.244432175816114,-2.7177055114378748,1.4891452387364967,0.6850038353584091
21.891,1,-4.037975461543,3.052580087765954,1.2857785861486404,0.4431634729471608
21.901,0,-4.248401755263358,-2.7134318629542014,1.492721746392012,0.6835359515633367
21.902,1,-4.040179402871938,3.05524685857334,1.2886339771359112,0.4530059711640112
21.911,0,-4.252368487553443,-2.7091762142704825,1.4962941671529635,0.6820011980307242
21.911,1,-4.042439518263694,3.0579823948390765,1.2915358454909773,0.46278069467353306
21.921,0,-4.256331947772179,-2.7049392936421848,1.4998622450353283,0.6803748832933078
21.921,1,-4.044755597231457,3.0607862159555776,1.2944830280321105,0.4724280415816444
21.931,0,-4.260291732069942,-2.700721781394631,1.5034254220543786,0.6786577884249042
21.931,1,-4.047127445248672,3.063657782555778,1.2974739123297399,0.48194185582727067
21.941,0,-4.264247455622332,-2.696524310920376,1.506983107766086,0.6768470688607283
21.941,1,-4.049554899806303,3.0665965229712384,1.3005067955452356,0.49130588845080375
21.951,0,-4.268198756116122,-2.692347447314946,1.5105344603011328,0.6749350291445065
21.951,1,-4.052037798780996,3.069601821440147,1.303579600491469,0.5004948656888719
21.961,0,-4.272145296436022,-2.6881916802491097,1.5140788442751383,0.6729719249022379
21.961,1,-4.0545759835507305,3.0726730458184304,1.3066902184589222,0.5095371650697388
21.971,0,-4.276086765723256,-2.6840574271727626,1.5176164987851666,0.6709803910257359
21.971,1,-4.057169312128382,3.0758095797410276,1.309836998680351,0.5184398089411246
21.981,0,-4.280022882934693,-2.679945005833747,1.5211473038591834,0.6689404541822533
21.981,1,-4.0598176037237215,3.0790107693211426,1.3130180146979953,0.5271756751475157
21.991,0,-4.283953397143839,-2.675854641483969,1.5246712336429131,0.6669075886200806
21.991,1,-4.062520541560397,3.082275816723155,1.3162295519543443,0.5354827824244578
22.001,0,-4.287878086010173,-2.671786491846282,1.528189253627598,0.6649027700479053
22.001,1,-4.065277550475823,3.0856036343273225,1.31946424315264,0.5432698579698109
22.011,0,-4.291796759368468,-2.667740638459682,1.5317018165928211,0.6628950615277903
22.011,1,-4.068088034812784,3.088993104971174,1.3227157944987633,0.5506460893763453
22.021,0,-4.295709258888872,-2.6637171039370506,1.5352087365987683,0.6608582685802902
22.021,1,-4.070951370526463,3.0924430544288275,1.3259792798198038,0.5576757022254754
22.031,0,-4.299615453442754,-2.6597158805673677,1.5387098030775788,0.6588302710014341
22.031,1,-4.07386701312093,3.095952361132122,1.3292533651233522,0.5648141704918906
22.041,0,-4.30351523394788,-2.6557369549912533,1.5422054220483714,0.6568051718335376
22.041,1,-4.076834693808573,3.0995201736640396,1.332543856865378,0.5722629009420407
22.051,0,-4.307408517940501,-2.6517802846522147,1.5456950454588032,0.6547349167342366
22.051,1,-4.079853998499181,3.1031454448510405,1.3358556916262736,0.5798472786359266
22.061,0,-4.311295251855473,-2.647845817632564,1.5491780996822186,0.6526643258937691
22.061,1,-4.0829243329383385,3.106826915370036,1.3391919385914377,0.5874840523953506
22.071,0,-4.315175412616964,-2.6439335100368044,1.552654864898742,0.6506104668937922
22.071,1,-4.086044998395867,3.1105632174835494,1.3425549386022653,0.5950991554503617
22.081,0,-4.3190490139783195,-2.640043301686219,1.5561252452806622,0.6485473211879532
22.081,1,-4.089215170232583,3.1143528661675166,1.3459456646718184,0.6026003042383342
22.091,0,-4.322916105627995,-2.6361751214642086,1.559589055090606,0.6465037692278262
22.091,1,-4.092433792814522,3.1181941562515307,1.349361422495533,0.6095381823840804
22.101,0,-4.326776768234107,-2.632328900543729,1.5630466825422875,0.6444879727526005
22.101,1,-4.0956994250078855,3.122085000567199,1.352792705261508,0.6157336553625941
22.111,0,-4.3306311109706215,-2.62850455408489,1.5664980891141445,0.6424724578290336
22.111,1,-4.099010638417093,3.126023347251795,1.3562313704852578,0.6213465106195154
22.121,0,-4.334479264042622,-2.6247019896008967,1.5699431848505057,0.6404907495059987
22.121,1,-4.102366030033932,3.1300071788513355,1.3596713879294244,0.6264812213828893
22.131,0,-4.338321371108166,-2.620921121769511,1.5733825907044785,0.6385548053427986
22.131,1,-4.105764262173827,3.1340345413725936,1.3631100827477673,0.6315042065770274
22.141,0,-4.342157588636073,-2.617161849020749,1.576816454250441,0.6366299210768834
22.141,1,-4.1092042346796305,3.1381037154920883,1.366551988972568,0.636662767073968
22.151,0,-4.345988081902303,-2.6134240512602163,1.580244322243297,0.6346865153512906
22.152,1,-4.11268478668868,3.1422129201289075,1.3700020069883485,0.641934787046631
22.161,0,-4.349813016201851,-2.6097076033160596,1.583665674156177,0.6327595733373884
22.161,1,-4.116204654205304,3.146360278643081,1.373463548417079,0.6470188785424129
22.171,0,-4.353632544803592,-2.6060123957509638,1.5870807669033022,0.6308604363863392
22.171,1,-4.119762305318095,3.1505436458711578,1.376933920066271,0.651695950412552
22.181,0,-4.357446803384929,-2.6023383168630483,1.5904895037185733,0.628961989622531
22.181,1,-4.123356190063581,3.154760831294352,1.3804100279159086,0.6560086764637593
22.191,0,-4.361255903555779,-2.5986852619368945,1.5938918540268516,0.6271009635003915
22.191,1,-4.1269848609472914,3.159009690754936,1.3838916738366396,0.660270922961457
22.201,0,-4.3650599286584955,-2.5950531478410257,1.5972886755132036,0.6253085101723774
22.202,1,-4.130646993142667,3.163288134986998,1.3873821689568329,0.6644091484159662
22.211,0,-4.368858939372954,-2.5914418921403937,1.6006808823708378,0.623562061968755
22.211,1,-4.134341129496558,3.1675939120887238,1.3908811035928235,0.6682588937702737
22.221,0,-4.372652985812886,-2.5878513940655763,1.6040689751416792,0.6218633414067889
22.221,1,-4.138065809855171,3.1719247612001262,1.3943872707610208,0.6718246883735483
22.231,0,-4.376442116822657,-2.5842815420721763,1.6074539784156698,0.6202352294825351
22.231,1,-4.141819584248929,3.1762784524493215,1.3978987080485659,0.6750065071115655
22.241,0,-4.380226390041281,-2.5807321892991144,1.6108364786852463,0.6186353352759917
22.241,1,-4.1456009676353105,3.180652765267864,1.4014112020674279,0.6777390112794304
22.251,0,-4.384005877122376,-2.577203153830788,1.6142168750739683,0.6171032369334198
22.251,1,-4.149408530991462,3.185045562291384,1.4049214085743844,0.6801508289243509
22.261,0,-4.387780661584348,-2.57369424441259,1.6175967582985447,0.6157014307715497
22.261,1,-4.153240932325046,3.189454804840662,1.4084284687554376,0.6823665962792559
22.271,0,-4.391550833594499,-2.5702052522836314,1.6209780631027118,0.6144086817726343
22.271,1,-4.157096864379211,3.193878509080042,1.4119327743000267,0.6844020304712795
22.281,1,-4.1609750016362925,3.198314710112763,1.4154342743116242,0.6862237725496688
22.281,0,-4.395316486054628,-2.566735934011231,1.6243617714625054,0.6131704835723075
22.291,0,-4.39907770938125,-2.5632860249875744,1.627748436819117,0.6120041032620749
22.291,1,-4.16487401130879,3.2027614719897506,1.4189328689746301,0.6878676195359412
22.301,0,-4.4028345873797665,-2.5598552571233912,1.6311390449794196,0.6109059839447987
22.301,1,-4.168792573772876,3.2072169016820737,1.4224291343722983,0.6893412419987974
22.311,0,-4.406587197081922,-2.556443335301637,1.6345334635011919,0.6097721780200323
22.311,1,-4.1727293752439065,3.2116791453844407,1.42592386922778,0.6907041038818293
22.321,1,-4.1766831450251205,3.216146404088856,1.4294194960142896,0.6920263398727629
22.321,0,-4.4103356037577885,-2.5530499348095206,1.637930225509646,0.6086022830509074
22.331,0,-4.414079849445728,-2.5496747315879817,1.6413286817683748,0.6074222670887975
22.331,1,-4.18065263281351,3.2206169137323286,1.4329186350601133,0.6932739938351999
22.341,0,-4.41781994605708,-2.5463173823680227,1.6447280338669887,0.6062126210266029
22.341,1,-4.184636594076346,3.2250889372995797,1.4364227270718282,0.6943881113407308
22.351,0,-4.421555870508985,-2.5429775219181754,1.6481272762073973,0.6049644999070093
22.351,1,-4.188633807324926,3.229560773239874,1.4399322776298265,0.6953355991537147
22.361,0,-4.425287560482087,-2.539654782712389,1.651526527622908,0.6038403748550004
22.361,1,-4.192643074520557,3.2340307593529025,1.4434463243026523,0.6959916133755915
22.371,0,-4.429014913060554,-2.5363488227718407,1.654928887824053,0.6029018901361451
22.371,1,-4.196663214769732,3.2384972783758705,1.446961523847285,0.6963034063811631
22.381,0,-4.432737791578024,-2.53305927574273,1.6583365111714592,0.6020661133883652
22.381,1,-4.200693110863399,3.2429587699938907,1.450474757515334,0.6963126710649958
22.391,0,-4.436456030129588,-2.5297857646688904,1.6617510998018226,0.6013690006827107
22.391,1,-4.20473171914016,3.2474137291192267,1.4539839255272564,0.6961057648831026
22.401,0,-4.440169436937457,-2.52652792117547,1.665174891629175,0.600789235696618
22.401,1,-4.208778070784305,3.251860702169344,1.4574882669195077,0.6957206395033216
22.41,0,-4.443877800677882,-2.5232853700262585,1.6686090445201471,0.600259803197525
22.41,1,-4.2128312534760815,3.2562982919604444,1.4609869130244784,0.6951476154587098
22.421,0,-4.44758089461296,-2.5200577325903297,1.6720534118253882,0.5996799968820657
22.421,1,-4.216890417413342,3.260725155336167,1.4644794991224181,0.6944834963482291
22.431,0,-4.451278482389324,-2.5168446245021423,1.6755059109421757,0.5989697723532819
22.431,1,-4.220954789334524,3.2651399896597133,1.467967913857748,0.6937978075599245
22.441,0,-4.454970323460491,-2.5136456765846766,1.6789642176685406,0.5981383333074555
22.441,1,-4.22502364096784,3.269541553194016,1.4714535064416603,0.6930389923655126
22.451,0,-4.458656178535266,-2.5104605400834816,1.6824261758150716,0.597191886269135
22.452,1,-4.229096283394293,3.2739286731282218,1.4749366741884313,0.692174498782615
22.461,0,-4.462335809998637,-2.507288897989989,1.685890714815446,0.5962689097331477
22.461,1,-4.2331720705612605,3.2783002390089044,1.4784176824462354,0.6912414228265993
22.471,0,-4.466008977811466,-2.5041304852314865,1.6893595131689394,0.5954749256678397
22.471,1,-4.237250398799861,3.282655199515963,1.481896964409287,0.6901967847167082
22.481,0,-4.46967544504424,-2.500985069380313,1.6928345209242088,0.5947695853336655
22.481,1,-4.2413306961191335,3.2869925811699052,1.4853734451707672,0.6889937156841114
22.491,1,-4.245412433815966,3.2913114583836225,1.4888461261276587,0.6876837336148782
22.491,0,-4.473334984672819,-2.497852430232024,1.6963148306084344,0.5938369326014339
22.501,0,-4.476987371609499,-2.4947323677124897,1.6997944558332763,0.5925367309113847
22.502,1,-4.249495130436615,3.295610930904077,1.4923149175889894,0.6862879037151933
22.511,0,-4.480632325421737,-2.491624815339796,1.7032681280376574,0.5909463168779223
22.511,1,-4.253578345102152,3.2998901359114505,1.4957794882497142,0.684792358515835
22.521,0,-4.484269470357487,-2.48852989673604,1.7067324231739525,0.5891919792267123
22.521,1,-4.257661678156026,3.304148237128722,1.4992397497599763,0.6832586350829689
22.531,0,-4.487898304228777,-2.4854479612513494,1.7101862090957922,0.5873315202437158
22.531,1,-4.26174477117981,3.308384403797362,1.50269688483318,0.6817133725439342
22.54,0,-4.491518180944109,-2.482379588993014,1.71362861965775,0.5853381600433787
22.54,1,-4.26582729333943,3.3125978421454754,1.5061514773937228,0.6801157327779339
22.551,0,-4.495128296585186,-2.4793255963622096,1.7170585466333574,0.5831642311191877
22.551,1,-4.2699089365928335,3.316787788471186,1.5096038797382672,0.67849423598634
22.561,0,-4.498727680026648,-2.47628703934501,1.720474541779821,0.5807804841225989
22.561,1,-4.273989413089926,3.320953496070493,1.5130549283866555,0.6768482413078953
22.571,0,-4.50231518094798,-2.4732652266699073,1.723875216708255,0.5781669034998143
22.571,1,-4.278068449489823,3.3250942614109977,1.5165048150873068,0.6751424602984243
22.581,0,-4.505889464240969,-2.470261722128103,1.7272595045905006,0.5753382591695613
22.581,1,-4.28214578520534,3.329209422261358,1.5199533213580154,0.6733797991214647
22.591,0,-4.509449018134926,-2.467278324848149,1.7306263916873488,0.5722055518388534
22.591,1,-4.286221170988497,3.333298338694362,1.5234007167526908,0.6716054124961925
22.601,0,-4.512992185039268,-2.464317017249523,1.7339733303561982,0.5687060348385556
22.601,1,-4.290294366565306,3.3373603927294138,1.5268478215026744,0.6698185889597178
22.611,0,-4.516517154876631,-2.4613799728720522,1.7372980460382301,0.5648540708231055
22.612,1,-4.2943651382925,3.341395018658283,1.5302948687412226,0.6679885794462678
22.621,0,-4.520021969692639,-2.4584695449500003,1.7405990707824228,0.5607168243988888
22.621,1,-4.298433259065385,3.3454017007963834,1.533741741554434,0.6661264994734027
22.631,0,-4.523504511279995,-2.4555882800570794,1.7438770353391229,0.5563560784901997
22.631,1,-4.302498508449745,3.349379959210385,1.5371886324507569,0.6642039365583661
22.641,0,-4.526962577694033,-2.4527388199077573,1.7471316261545526,0.5516682942188946
22.641,1,-4.306560671373382,3.3533294348147376,1.5406329640718848,0.6620687516985929
22.651,1,-4.310619544417268,3.357249852364867,1.5440717504387889,0.6598013860468059
22.652,0,-4.530393920196904,-2.4499238750749384,1.750361728313324,0.5466157660679434
22.661,0,-4.533796282823888,-2.4471461937948513,1.7535655229930796,0.5411728004883071
22.661,1,-4.3146749399951245,3.3611409920800392,1.5475035337806953,0.6574531885381244
22.671,0,-4.537167413619977,-2.4444085624831344,1.7567413497911095,0.535360648866627
22.671,1,-4.318726688183362,3.365002738653441,1.5509270454682218,0.6550300331111502
22.681,0,-4.540505081152856,-2.4417137913191618,1.7598879701923584,0.529219729575931
22.682,1,-4.3227746383014205,3.368835070159211,1.554341894583755,0.6526887503739821
22.691,0,-4.543807050335218,-2.4390647450863585,1.7630057277926585,0.5228822311510848
22.691,1,-4.32681865871065,3.372637917800857,1.5577538392076529,0.6507507177994523
22.701,0,-4.54707108259263,-2.4364643302251143,1.766096538532139,0.5163748334061171
22.701,1,-4.330858633446609,3.376411283952246,1.5611697653743764,0.6491187460191102
22.711,0,-4.550295015709374,-2.433915377243103,1.7691616929640555,0.5096604405960222
22.711,1,-4.334894461818009,3.3801553218763933,1.5645940041150428,0.6476795351201493
22.721,0,-4.55347676977968,-2.431420623417295,1.7722019607252275,0.5027454911229128
22.721,1,-4.338926057503937,3.383870293951922,1.5680293057693269,0.6464021108719346
22.731,0,-4.556614330611983,-2.4289827278626723,1.7752182194861843,0.49563991955282366
22.731,1,-4.342953346822289,3.387556528522226,1.5714779820875966,0.6452524653965998
22.741,0,-4.559705759436941,-2.4266042571063267,1.778211371021325,0.4883959347203265
22.741,1,-4.3469762686931555,3.3912144395728907,1.5749407408440066,0.6441097855817327
22.751,1,-4.350994772444134,3.394844532194454,1.5784160334000004,0.642923248714185
22.752,0,-4.562749158518394,-2.424287735294019,1.7811832956002254,0.4810473057873195
22.761,0,-4.565742771141646,-2.4220355293926263,1.784135020495652,0.47355281664369253
22.761,1,-4.355008811436619,3.39844732398014,1.581902878285268,0.64172886961185
22.771,0,-4.568684992971488,-2.4198498526685737,1.7870668791901885,0.46590490505357784
22.771,1,-4.359018339369034,3.402023355220452,1.5854002346828666,0.6405093541718194
22.781,0,-4.571574370517434,-2.4177327764741783,1.7899787971786918,0.4581045746788062
22.781,1,-4.363023306724617,3.405573188359687,1.588906797001762,0.6392519248997395
22.791,0,-4.57440959036335,-2.4156862460918798,1.792870616225824,0.4501861667233757
22.791,1,-4.367023656509539,3.4090973968052647,1.5924211889910744,0.637960814656747
22.801,0,-4.577189459166277,-2.4137121005908853,1.7957424483571685,0.44217268891823847
22.801,1,-4.37101932199994,3.412596555277471,1.595942177101047,0.6366356327151149
22.81,0,-4.579912922027044,-2.411812032728875,1.7985941843864517,0.4340691774255032
22.81,1,-4.375010228734909,3.4160712443128305,1.5994684088613869,0.6352664469962952
22.821,0,-4.582579039925124,-2.4099876018182544,1.8014257404535075,0.42592487614053426
22.821,1,-4.378996295520748,3.419522042111218,1.6029987020836662,0.6338871581780006
22.831,0,-4.585186941227258,-2.4082402791283912,1.804237706180804,0.4177817630203593
22.832,1,-4.3829774345003685,3.4229495103296443,1.606532662158701,0.6325183063228996
22.841,0,-4.587735866146552,-2.4065713600449943,1.8070302656626376,0.4096082734130727
22.841,1,-4.386953554609774,3.426354227107711,1.6100690861710665,0.6310481872741472
22.851,0,-4.590225178267976,-2.404981921069846,1.8098027332056215,0.40139088569524806
22.851,1,-4.390924562915979,3.4297368054332953,1.6136047494284773,0.62944446157785
22.861,0,-4.592654296917904,-2.4034728840270416,1.8125544105148697,0.393152902577253
22.861,1,-4.394890358044913,3.4330978199535847,1.6171375615973667,0.6277679272775387
22.871,0,-4.595022673767721,-2.4020450173254733,1.815284635699103,0.38490990096214545
22.871,1,-4.398850828880884,3.4364378130774087,1.6206658194546602,0.6260222373598832
22.881,0,-4.597329754739222,-2.400698963790176,1.8179931430706808,0.37673919244215337
22.881,1,-4.4028058524377345,3.4397572892043877,1.624188202305578,0.6242487568765219
22.891,0,-4.599574928440997,-2.3994352856677503,1.8206806372115398,0.3686833025214977
22.891,1,-4.406755291931246,3.44305670477973,1.6277041907470693,0.6224639828384024
22.901,1,-4.410698998086559,3.446336475287892,1.631213829694547,0.6207536864186088
22.902,0,-4.6017575762987954,-2.3982543616034535,1.8233476388478007,0.3607415552913346
22.911,0,-4.603877054950349,-2.397156380677132,1.8259944974872102,0.3529140377349801
22.911,1,-4.414636809219961,3.4495969564940436,1.6347192368744938,0.6191779817741069
22.921,0,-4.605932682158209,-2.3961413353224614,1.8286213865386045,0.3452147895488549
22.921,1,-4.418568562608284,3.4528384942895953,1.638222347555293,0.6177289444386725
22.931,0,-4.607923709452319,-2.395209036588542,1.8312285449408676,0.3376519752308614
22.931,1,-4.422494101755863,3.456061431968905,1.6417251591702258,0.6163852859593439
22.941,0,-4.609849328859343,-2.3943590861819066,1.833815996602136,0.3302201638938309
22.941,1,-4.426413285707596,3.4592661347765494,1.6452287456788564,0.6150934215471787
22.951,0,-4.61170864961847,-2.3935908987212593,1.8363838303096618,0.32296593159249387
22.951,1,-4.430325992754756,3.4624529915342332,1.6487334451861537,0.6138300561366393
22.961,1,-4.4342321168183325,3.465622412271513,1.6522393265024604,0.6125777685791947
22.961,0,-4.613500663896293,-2.3929037405641047,1.8389326736406375,0.3159131495862252
22.971,0,-4.615224298507378,-2.392296657254788,1.841462855278957,0.30904173510227606
22.971,1,-4.438131557901788,3.4687748404344565,1.6557459578794758,0.6113090716155775
22.981,1,-4.44202421159393,3.471910756928304,1.659252499164699,0.6100028751679354
22.981,0,-4.616878383754981,-2.391768513021383,1.8439748769080986,0.3024353044952132
22.991,0,-4.618461598256737,-2.3913180559477194,1.8464702232515806,0.2961320940383471
22.991,1,-4.445909963464298,3.475030683290105,1.6627577902418127,0.6086491673186704
23.001,0,-4.619972601063155,-2.390943764194689,1.848949487940779,0.29001016374080213
23.001,1,-4.449788688565315,3.4781351833142637,1.666260833796275,0.6072819743443718
23.01,0,-4.621410087705556,-2.3906438033640818,1.8514117168653217,0.2840060518889035
23.01,1,-4.453660250368198,3.481224864017378,1.6697612498972871,0.6059163345662388
23.021,0,-4.622772684811718,-2.3904161704843796,1.853856015875071,0.2781722463970567
23.021,1,-4.457524502635848,3.484300396005742,1.673257978630533,0.6044633575737749
23.031,0,-4.624058914339418,-2.3902587547663083,1.856282153507617,0.27254989152872
23.031,1,-4.461381292212008,3.4873625265932344,1.6767480467219025,0.6028550271705915
23.041,0,-4.625267251410172,-2.390169298521344,1.8586898829235685,0.26713353424530034
23.041,1,-4.465230452130802,3.490412053603563,1.6802286290788397,0.6011299196965051
23.051,0,-4.626396093430394,-2.390145442188635,1.8610794330816818,0.2620403364812385
23.052,1,-4.469071811591868,3.4934498395870612,1.6836945877743976,0.5988819747649428
23.061,0,-4.627443701123761,-2.390184784103223,1.863452316142616,0.25735523388420395
23.061,1,-4.472905209678073,3.4964768299416247,1.6871317227106533,0.5958317709622528
23.071,0,-4.628408300723028,-2.3902847999926222,1.8658101640519569,0.25306150901756297
23.071,1,-4.476730405061998,3.499493868479987,1.6905283787527723,0.5922604488334962
23.081,0,-4.629288152456067,-2.390442807843001,1.8681541596631492,0.24916043225779486
23.081,1,-4.480547034772902,3.502501625853192,1.6938770432827137,0.5883778592810829
23.091,0,-4.630081536456814,-2.390655999012622,1.8704854491279932,0.24564374627912855
23.091,1,-4.484354596497781,3.505500570478306,1.6971734419489366,0.5843098185186754
23.101,0,-4.630786809777758,-2.3909214174489324,1.8728046511658176,0.24247188644646503
23.101,1,-4.488152441670371,3.5084909523044168,1.700414930540689,0.5801079712266785
23.111,0,-4.631402407865432,-2.391235980733295,1.8751120017619394,0.23964009497438296
23.111,1,-4.49193978268463,3.5114728008298397,1.703598413538583,0.5755932509901419
23.121,0,-4.631926826210734,-2.391596512347783,1.877407670496647,0.23714636257887214
23.121,1,-4.495715724762588,3.5144459456544825,1.7067166839952956,0.5706372518215099
23.131,0,-4.63235864288079,-2.391999749444575,1.8796915329113146,0.23496669496463193
23.131,1,-4.4994792332594535,3.5174099918332784,1.7097639516847736,0.565375255774256
23.141,0,-4.632696519314619,-2.3924423651546505,1.88196319185864,0.23309009255399935
23.141,1,-4.503229132338635,3.5203643290338555,1.712736572717469,0.5598911632867718
23.151,0,-4.632939140139076,-2.3929210146676896,1.8842226584901645,0.2316345788111437
23.152,1,-4.5069641234299755,3.5233081569907703,1.715631927819523,0.5541887988299138
23.161,0,-4.633085164188968,-2.3934323653854683,1.886470877048039,0.23062438126178209
23.161,1,-4.510682808001809,3.5262405141289186,1.7184476237513568,0.5482940040474958
23.171,0,-4.633133376857041,-2.3939730489912296,1.8887081719428542,0.22997165114377574
23.171,1,-4.5143836798796935,3.5291602848126353,1.7211831756930547,0.5423521867045615
23.181,0,-4.633082701141108,-2.3945396710986246,1.8909341738062488,0.2296676459222881
23.181,1,-4.518065117979778,3.5320662004581793,1.7238411825699067,0.5364355016168558
23.191,0,-4.632932106939702,-2.3951288422175216,1.8931487213099254,0.22972723025931163
23.191,1,-4.5217254470784285,3.5349568752653338,1.7264245008142876,0.530505783848525
23.201,0,-4.632680646381623,-2.395737169989846,1.8953514692549447,0.23012593665439324
23.201,1,-4.525362970054572,3.537830819775324,1.7289354852084147,0.5245263427725013
23.209,0,-4.63232741065506,-2.396361272013795,1.897542290667189,0.23095254045955585
23.209,1,-4.528975997495215,3.540686459329771,1.7313754955662928,0.518406632071247
23.221,0,-4.631871399276415,-2.3969977961921143,1.8997225021983761,0.23237079431785643
23.221,1,-4.5325628889876075,3.5435221686752523,1.7337440569471883,0.5120912088192471
23.231,0,-4.631311522492862,-2.3976434099974897,1.9018947539031243,0.23441449924710817
23.231,1,-4.536122036896293,3.5463362720146585,1.7360404584829014,0.5055921922673133
23.241,0,-4.630646822048069,-2.39829477765194,1.9040608928143787,0.23696246490011677
23.241,1,-4.539651857181905,3.549127057476802,1.7382644909304992,0.49893366992346744
23.251,0,-4.629876472990199,-2.398948574206596,1.9062219540957968,0.239966431752445
23.251,1,-4.543150796925967,3.5518928045319322,1.740416347681718,0.49212957679563224
23.261,0,-4.628999725361378,-2.399601502280396,1.9083787117902513,0.2433842997999801
23.261,1,-4.546617342704131,3.554631806266579,1.7424964680822523,0.485193175557264
23.271,1,-4.5500500443529575,3.5573423985079415,1.744504906101489,0.4780742359012371
23.272,0,-4.628015963210754,-2.4002503052694815,1.9105311137947512,0.24708876996814885
23.281,0,-4.626924722615309,-2.4008917814197783,1.9126781469371574,0.25108157986378316
23.281,1,-4.553447590971476,3.560023032914098,1.746439224696617,0.47069092988817923
23.291,0,-4.625725511985104,-2.4015227790622555,1.9148195281392044,0.25539431288065095
23.291,1,-4.556808757150677,3.5626722403937943,1.7482962282686791,0.4630858158576855
23.301,0,-4.62441791187457,-2.4021402017733444,1.9169548343258742,0.25999587306303296
23.301,1,-4.560132331911409,3.565288575941614,1.7500739964109369,0.4553188217335773
23.311,0,-4.6230015550455015,-2.4027410074853437,1.9190837238554006,0.26492972499892076
23.311,1,-4.563417141740712,3.567870643399401,1.7517712391043605,0.44739890184425496
23.321,0,-4.621476065340449,-2.4033222008200035,1.9212065085339753,0.2702032004343517
23.321,1,-4.566662089900954,3.570417134382703,1.7533863423219294,0.4393487942311082
23.331,0,-4.619841071398263,-2.4038808328594405,1.923324009230986,0.2759352951596818
23.331,1,-4.569866067565511,3.57292674992479,1.7549196351562464,0.43129148755817476
23.341,0,-4.618096082770488,-2.4044139766044843,1.9254386730532833,0.282145261190363
23.341,1,-4.573027895084788,3.5753981463041034,1.7563748450803378,0.4232786319975287
23.351,0,-4.616240768069056,-2.4049187906588543,1.9275522341092495,0.28873924081739116
23.351,1,-4.576146493598157,3.5778300900586184,1.7577553481148709,0.41528046127356466
23.361,0,-4.614274960562228,-2.4053925355350785,1.9296657494606497,0.2956450693344163
23.361,1,-4.579220928606465,3.580221495903757,1.7590635321307766,0.407286484525061
23.371,0,-4.612198660705646,-2.405832589760532,1.9317795769438424,0.3027962544225793
23.371,1,-4.582250389233597,3.5825714028055713,1.7603014546741962,0.3993012009389268
23.381,0,-4.61001203118357,-2.406236461363327,1.933893415678023,0.31012148451622024
23.381,1,-4.585234227746132,3.584879007237991,1.761470064701498,0.39127945422188043
23.391,0,-4.607715391037812,-2.40660179324321,1.9360063034660717,0.3175800640626811
23.391,1,-4.58817201989108,3.5871437144963063,1.762567967631858,0.38321979546126667
23.401,0,-4.605309138638418,-2.406926337341561,1.9381171291823645,0.32516020193480144
23.401,1,-4.5910634290466845,3.589365000195037,1.7635943443548145,0.3751651252401186
23.411,1,-4.593908197724419,3.5915423934461748,1.7645490552902494,0.367141125872704
23.411,0,-4.602793719037056,-2.407207938980326,1.9402247985972905,0.3328635461788202
23.421,0,-4.60016959880208,-2.407444524414801,1.9423283701530893,0.3406912235537609
23.421,1,-4.596706164592791,3.5936754858318936,1.7654321651791052,0.35916879903156496
23.431,0,-4.597437275365246,-2.407634105969399,1.944426854449488,0.348625740156804
23.431,1,-4.5994572416530355,3.5957638992692016,1.7662442647946626,0.3512736959343092
23.441,0,-4.594597290626925,-2.407774792448561,1.9465190214228028,0.3566484777789535
23.441,1,-4.602161394202785,3.597807258575762,1.766986721078855,0.3434749142662329
23.451,0,-4.591650180017867,-2.4078647752123254,1.9486038487185664,0.36480012248105587
23.451,1,-4.604818670722618,3.5998052151173154,1.7676609152156983,0.33577176031263023
23.461,0,-4.588596420066316,-2.4079023109547792,1.9506809941057504,0.37309399128339343
23.461,1,-4.607429225351651,3.6017574629790596,1.7682676675680853,0.3281699894386602
23.471,1,-4.609993280100333,3.6036636912954467,1.7688079635351046,0.32067998841723133
23.471,0,-4.585436512724767,-2.4078857670399882,1.9527500104726958,0.3815091580735993
23.481,0,-4.582170971726415,-2.4078136183045844,1.9548104612721282,0.3900594772162574
23.481,1,-4.612511122233953,3.6055235757431228,1.76928292989395,0.3133082964335399
23.491,0,-4.578800325516346,-2.407684450837512,1.9568618875895334,0.3986862938298539
23.491,1,-4.614983144632552,3.6073368148285105,1.7696929035433187,0.3060501831737655
23.501,0,-4.575325233512071,-2.4074970299042304,1.958902695489023,0.4073463871024326
23.501,1,-4.617409884216261,3.6091031631492503,1.7700365396089084,0.2989187893711483
23.511,0,-4.571746354723826,-2.4072502380703864,1.9609312873495723,0.4160490785997527
23.511,1,-4.6197918984848325,3.610822307422143,1.770313287125563,0.29193579950807275
23.521,1,-4.622129742864632,3.6124938453567084,1.7705237407032173,0.2851124591626763
23.521,0,-4.568064326141265,-2.406943066859096,1.9629462235717503,0.4248026199704714
23.531,0,-4.564279753074666,-2.4065746147765608,1.9649462421448938,0.43361392499101137
23.531,1,-4.624423997509569,3.614117310148233,1.7706689417552466,0.2784539832991574
23.541,0,-4.560393186798575,-2.4061440719630633,1.9669304508615257,0.4425186160968385
23.541,1,-4.6266752284083905,3.6156921262360644,1.7707511133979899,0.27195252688071675
23.552,0,-4.556405096546006,-2.4056506906871284,1.9688986418789824,0.451528497893494
23.552,1,-4.628883927301944,3.61721753556431,1.7707749454010908,0.26558790366613133
23.561,0,-4.552315963776379,-2.405093817827905,1.9708505320803118,0.4606248065409053
23.561,1,-4.63105064375839,3.618692739040204,1.7707445900617855,0.25934868940392075
23.571,1,-4.63317599352903,3.6201169074716133,1.7706633564315895,0.25322868003887555
23.572,0,-4.548126307057166,-2.4044728860803923,1.9727856704235358,0.46979164336310736
23.581,0,-4.543836679130952,-2.4037873906362104,1.9747036212866589,0.4790310279121753
23.581,1,-4.635260632406032,3.6214891610147326,1.7705341576452363,0.24721794495693042
23.591,0,-4.539447670602587,-2.4030368763709253,1.9766040407909382,0.4883152060218926
23.591,1,-4.6373052351498245,3.6228085511023083,1.770359910819453,0.2413188367263696
23.601,0,-4.534959976730012,-2.4022209835469095,1.9784860010114451,0.4976176634846449
23.601,1,-4.639310561573535,3.6240741399154324,1.7701419856978078,0.2355480654129888
23.612,0,-4.5303743451488545,-2.4013394349515966,1.9803483188079618,0.5069104567009978
23.612,1,-4.6412773968520655,3.6252849007349055,1.7698818211789777,0.22989238640021803
23.621,0,-4.525691579825459,-2.400392058136214,1.9821893653158138,0.5161863157125351
23.622,1,-4.643206522678553,3.6264396598007376,1.7695817800210472,0.22434441149040255
23.631,0,-4.520912446729448,-2.3993787414840515,1.984007788881638,0.5254612287817136
23.631,1,-4.645098766014193,3.6275371561757246,1.7692439510349396,0.21891345995669315
23.641,0,-4.51603766279765,-2.3982994357600607,1.9858025288581431,0.5347436143325822
23.641,1,-4.646954983606877,3.628576018610258,1.7688705194461896,0.2135824280923011
23.651,0,-4.511067874084266,-2.3971541391453615,1.9875729941267593,0.5440661203448892
23.651,1,-4.648776019963834,3.629554696285755,1.7684649355193036,0.20831636143238205
23.661,0,-4.50600361858568,-2.395942862867651,1.9893194238843597,0.5534447261972186
23.661,1,-4.650562722749202,3.6304714678704815,1.7680316979841537,0.20310429910474354
23.671,0,-4.500845427556755,-2.3946656796861916,1.991042025634896,0.5628634917286556
23.671,1,-4.652316011225046,3.6313245584970772,1.767574481626331,0.19797937238400043
23.681,0,-4.4955938877487895,-2.3933227440494624,1.9927405407801115,0.572277049556594
23.681,1,-4.65403686522879,3.6321121346640233,1.7670963536148068,0.1929486349583049
23.691,0,-4.490249718936874,-2.39191432670138,1.9944136262712977,0.5816550153312113
23.691,1,-4.655726295910949,3.6328322674298477,1.7666005082233343,0.18803464846651852
23.701,0,-4.484813676605162,-2.3904407363516986,1.9960598541621979,0.59098625043949
23.701,1,-4.657385362991565,3.6334829866115226,1.7660896061462699,0.18326210106273902
23.711,0,-4.479286650458087,-2.388902379723311,1.9976767991945783,0.6001991188969534
23.711,1,-4.659015130272955,3.634062208277069,1.7655670330576487,0.1786129277053017
23.721,0,-4.4736697032821615,-2.387299789036792,1.9992606976662755,0.6092899666503456
23.721,1,-4.6606166622867775,3.6345677810267656,1.7650366799936676,0.17412668529947153
23.731,0,-4.467963833764707,-2.385633463059576,2.000808806594928,0.6183041377786387
23.731,1,-4.662191058490873,3.6349976285752614,1.7645014611462762,0.1698743829611262
23.741,0,-4.4621701226100035,-2.3839039690235544,2.002317981861985,0.6271478974631094
23.741,1,-4.663739433296323,3.635349748035134,1.7639637525436318,0.16589202461031766
23.751,0,-4.456289971431783,-2.3821121100222777,2.0037823125100838,0.6357898660965987
23.751,1,-4.665262904275735,3.635622217727206,1.7634256246442173,0.1622815695773001
23.761,0,-4.450324731335674,-2.380258671055025,2.005196918975171,0.6442941071383947
23.761,1,-4.666762642583425,3.6358133878285455,1.7628867023143209,0.15915752705550126
23.771,0,-4.444275471276155,-2.3783442511685147,2.006560471875385,0.6528481454429302
23.771,1,-4.668239816613329,3.6359217012133396,1.7623465150682716,0.15653659325394406
23.781,0,-4.438142827662859,-2.3763691338073167,2.007877285338597,0.661512300039734
23.781,1,-4.6696955690263895,3.635945606491798,1.7618055791620282,0.15444044334215676
23.791,0,-4.431927675138435,-2.3743337102199633,2.0091513930289278,0.6702052759011021
23.791,1,-4.671131038052247,3.6358836403225787,1.7612644208594075,0.15291900530122932
23.801,0,-4.425631278477007,-2.3722385498870815,2.01038578922597,0.6788560412365786
23.801,1,-4.672547358017915,3.6357344489598624,1.7607233634967443,0.15201342903030907
23.812,0,-4.419255269633037,-2.3700843633341475,2.011583194482698,0.6874340490929602
23.812,1,-4.6739456456526485,3.635496756522681,1.7601829478299833,0.15172011903219312
23.821,0,-4.41280155731181,-2.367871926118671,2.0127473861385536,0.6959036430975195
23.821,1,-4.675326981189207,3.6351692882318147,1.7596448232605235,0.15203584325776417
23.831,0,-4.406272490486834,-2.3656021903546436,2.0138815802159247,0.7041889707812469
23.831,1,-4.67669243142991,3.6347508991434205,1.7591103421963998,0.15299197848811186
23.841,0,-4.399670839504574,-2.3632762733231507,2.0149886367054424,0.7122514508297615
23.841,1,-4.678043045188071,3.6342405675064615,1.7585806673466435,0.1545787792363673
23.851,0,-4.39299971022898,-2.360895400782883,2.016071912712782,0.7200441581840575
23.851,1,-4.679379843379753,3.633637357580134,1.7580571848188011,0.1567913956589657
23.861,0,-4.3862625883041355,-2.358460947650876,2.017134431811817,0.7275289717249848
23.861,1,-4.680703823271754,3.632940468135375,1.757540956896526,0.159614512466488
23.871,0,-4.379463249978874,-2.3559743793137353,2.018179692783976,0.734656949394489
23.872,1,-4.682015948765809,3.6321491618726167,1.757033439064282,0.16300414870858573
23.881,0,-4.372605886512889,-2.353437363116203,2.0192095324295063,0.7413605763572994
23.881,1,-4.683317160749119,3.631262774548217,1.7565363320253726,0.1669390150154393
23.891,0,-4.365694981911787,-2.3508516964494635,2.0202251719227937,0.7476066578629432
23.892,1,-4.684608397858323,3.630280784589981,1.7560507770647502,0.1714014250818486
23.901,1,-4.6858906016736315,3.6292028044998648,1.7555773973777806,0.17636296646868277
23.902,0,-4.35873524225478,-2.3482192745920516,2.0212275794127814,0.7533682502453708
23.911,0,-4.351731548193103,-2.3455420745426134,2.0222175407134872,0.7586249975951458
23.911,1,-4.687164712979778,3.628028540842437,1.7551166972745498,0.18177681313788888
23.921,1,-4.688431667775407,3.6267577594874503,1.7546693977718464,0.18760604755841745
23.921,0,-4.344688912120881,-2.3428221431758423,2.023195620267174,0.7633573369205217
23.931,0,-4.337612432646643,-2.3400615882427838,2.0241620058111605,0.767554829487797
23.931,1,-4.689692393870975,3.6253903547541833,1.7542356957511016,0.19381612848526006
23.941,0,-4.330507210004668,-2.337262530912279,2.0251171868928584,0.7712314474241565
23.941,1,-4.690947782684728,3.62392630107618,1.7538157771785259,0.20035707167058486
23.951,0,-4.323378283919112,-2.3344270692982745,2.02606248035533,0.7743955683472619
23.951,1,-4.692198663725311,3.622365611626141,1.7534102533935052,0.20718637191949668
23.961,0,-4.31623063345077,-2.331557307598128,2.0269989657238643,0.7770476648732997
23.961,1,-4.693445791309594,3.6207083975377743,1.7530195238029282,0.2142687331230005
23.971,0,-4.309069158819839,-2.328655372722672,2.027926565950395,0.7791648080390046
23.971,1,-4.694689833054625,3.6189548926546804,1.7526435002164125,0.22157417174345156
23.981,0,-4.301898652595422,-2.3257234300812337,2.0288430344189337,0.7807510915816955
23.981,1,-4.69593136679515,3.617105495689916,1.7522811674554246,0.22906971769871795
23.991,0,-4.294723702707708,-2.32276357697259,2.0297464959377853,0.7818393570485078
23.991,1,-4.697170890423849,3.6151606767247766,1.7519315100108268,0.23671881509393858
24.001,0,-4.287548667903059,-2.319777828816409,2.030635667539476,0.7824599911333557
24.001,1,-4.698408834415906,3.6131209587258937,1.7515936934553908,0.2444896553145459
24.011,0,-4.280377668539749,-2.316768106302563,2.0315102750136345,0.7826596809013681
24.011,1,-4.699645569752828,3.610986914299157,1.7512671135986684,0.25235281608434684
24.021,0,-4.273214584603503,-2.313736219000916,2.032371857822652,0.782474523273067
24.021,1,-4.700881413507158,3.6087590825705864,1.7509522631360477,0.26027801621977265
24.031,0,-4.266063053184369,-2.310683920614246,2.033222101958061,0.7819244241154484
24.031,1,-4.702116636343697,3.6064378650628335,1.7506517556020895,0.268246075540943
24.041,0,-4.258926453665913,-2.3076129281017836,2.0340623104346434,0.7810313047787683
24.041,1,-4.703351469215914,3.604023737619356,1.7503680330624074,0.2762485330177851
24.051,1,-4.704586110059242,3.6015172693081547,1.7501030482972364,0.28427698208574576
24.052,0,-4.251807892319434,-2.304524927688553,2.034893631237298,0.7798184031795864
24.061,1,-4.705820731497086,3.5989191298872623,1.7498580290082908,0.2923230701982754
24.061,0,-4.244710176486844,-2.3014216026958745,2.0357168364402147,0.7783089389092368
24.071,0,-4.23763580819127,-2.2983046443530446,2.036532863410675,0.7765374000380605
24.071,1,-4.707055485844798,3.5962300486601317,1.7496337986188433,0.3003782966686505
24.081,1,-4.708290507207387,3.5934508825203446,1.749429935164141,0.30842901292721053
24.081,0,-4.230586987105475,-2.295175764255458,2.0373434303879328,0.7745342618952901
24.091,1,-4.709525910593917,3.5905827920731856,1.749242749592219,0.3164577679328289
24.092,0,-4.223565586369561,-2.2920367372819213,2.038150312298843,0.7723235062797179
24.101,0,-4.216573132431244,-2.288889437487604,2.038954730262576,0.76992501291086
24.101,1,-4.710761793368152,3.5876268969011345,1.7490690108928122,0.3244535806141492
24.111,0,-4.209610819993935,-2.2857358492012785,2.0397578190507697,0.7673678535960189
24.111,1,-4.711998230268626,3.5845842231762,1.7489066085971547,0.33240992718855517
24.121,0,-4.202679544648421,-2.282578065354225,2.0405613664164353,0.7646751164011875
24.121,1,-4.71323526827403,3.5814557126136335,1.7487545137855174,0.340321008616353
24.131,0,-4.195779875418209,-2.27941829394617,2.0413658774453594,0.7618462686470322
24.131,1,-4.714472923699896,3.578242209349354,1.7486129215085906,0.34819110984184715
24.141,0,-4.188912062055385,-2.276258835884203,2.0421698181587966,0.7588966499535523
24.141,1,-4.715711185309512,3.574944339568653,1.7484845999060432,0.35602415840949975
24.151,0,-4.182076134265624,-2.2731020512965685,2.0429725011926876,0.7558505456983798
24.151,1,-4.71695001828565,3.5715627539664387,1.7483720803157672,0.3638166930883033
24.161,0,-4.17527189496576,-2.269950367762342,2.0437734404961168,0.7527246189710043
24.161,1,-4.718189374727965,3.5680981762195727,1.7482769386759176,0.37156540368631796
24.171,0,-4.168498933888792,-2.2668062864305325,2.0445724080502727,0.7495392506322657
24.171,1,-4.719429201508846,3.5645513544985685,1.7482002410288535,0.3792712315717894
24.181,0,-4.161756673716737,-2.2636723842787805,2.0453705040341257,0.7463263072423808
24.181,1,-4.720669444660366,3.560922985560283,1.7481433487624625,0.3869402688825516
24.191,0,-4.155044417985241,-2.2605513143615052,2.046171125737824,0.7431077995375895
24.191,1,-4.7219100470161575,3.5572136922926054,1.7481080553479376,0.3945768102693394
24.201,0,-4.148361321113455,-2.257445776501443,2.046977414432597,0.7398920908553751
24.201,1,-4.723150933158173,3.5534240917291875,1.7480956587149519,0.40218196661336664
24.212,0,-4.141706416339575,-2.2543585178476246,2.047792433686898,0.7366846560334351
24.212,1,-4.724391996712515,3.5495547727605645,1.7481071223012214,0.40975714152040027
24.221,0,-4.135078598766655,-2.2512923391415494,2.048618227341283,0.7334853407917293
24.221,1,-4.725633094005428,3.545606298998574,1.7481429231962435,0.4173032948123472
24.231,0,-4.128476635119942,-2.248250107781815,2.049455913198156,0.7302948876533967
24.231,1,-4.726874039681931,3.5415792023229407,1.7482030839451765,0.42482012592795804
24.241,0,-4.121899192418942,-2.2452347721621675,2.0503063478927683,0.7271241813620019
24.241,1,-4.7281146016781825,3.5374740479392104,1.7482864296048517,0.432285521104507
24.251,0,-4.115344867518281,-2.2422493804194596,2.051171164472515,0.7239838027086936
24.252,1,-4.7293544947224255,3.5332915947419683,1.7483887162808693,0.43967888546028633
24.261,0,-4.108812160284964,-2.2392970302528705,2.0520514496249933,0.7208757083246219
24.261,1,-4.730593374902465,3.52903251798384,1.7485061127273562,0.4470105158831007
24.271,0,-4.102299475387333,-2.2363808409054897,2.052947699287947,0.7178066319195493
24.271,1,-4.731830831640662,3.5246973580536096,1.748635966409524,0.45429235367433307
24.281,0,-4.095805140142041,-2.233503931167116,2.053860157390856,0.7147843866076964
24.281,1,-4.733066382336092,3.5202865328414177,1.7487767699695744,0.46153218543283475
24.291,0,-4.089327416616353,-2.2306693467798326,2.054788006437677,0.7117958569453512
24.291,1,-4.734299470546409,3.515800356178076,1.7489279709634902,0.4687492961390275
24.301,0,-4.0828645203785445,-2.2278799699459237,2.0557280870971537,0.70883883923815
24.301,1,-4.735529469376892,3.5112389446919776,1.7490912285153,0.47596100520769696
24.311,0,-4.076414683148525,-2.225138649619684,2.0566782456143304,0.7059315645593216
24.311,1,-4.7367557051790765,3.506602406751701,1.7492682218481987,0.48316059902814096
24.321,0,-4.069976162967624,-2.222448204886269,2.057636850582234,0.7030809230001918
24.321,1,-4.737977484560778,3.5018909071151163,1.749459913116772,0.49034105998476746
24.331,0,-4.063547256033507,-2.2198114274377967,2.0586024738640054,0.7002917127104233
24.331,1,-4.739194113394252,3.497104660194531,1.749666704907211,0.4974967771449592
24.341,0,-4.057126313861397,-2.217231098602531,2.05957409261763,0.6975745954417262
24.341,1,-4.7404049069259475,3.492243896192421,1.7498889764969712,0.5046335234225089
24.351,0,-4.0507117593678625,-2.214710007634012,2.0605514070749726,0.6949348052110708
24.351,1,-4.741609190872016,3.48730881534061,1.7501277001095106,0.5117524256844197
24.361,0,-4.044302100311494,-2.2122509017988925,2.061534024142784,0.692370317459542
24.361,1,-4.7428063021807665,3.4822996586047053,1.7503834448718507,0.5188474124633451
24.371,0,-4.037895944192177,-2.2098564790686157,2.0625215149269494,0.6898837654148077
24.371,1,-4.743995583579023,3.4772166987769153,1.7506564133001912,0.5259164175170703
24.381,0,-4.031492007987938,-2.207529398452998,2.0635137513908677,0.6874766221212939
24.381,1,-4.745176378883325,3.472060215775046,1.7509466857457394,0.5329580444018557
24.391,0,-4.025089122672013,-2.205272241466581,2.0645104397578065,0.6851458202252507
24.391,1,-4.746348033583796,3.4668304984667793,1.751254081541847,0.5399703236482245
24.401,0,-4.018686234961939,-2.2030875144318993,2.0655112998631697,0.6828963357507942
24.401,1,-4.747509890301863,3.461527806155719,1.7515786101098862,0.5469656816640542
24.411,0,-4.012282405544148,-2.2009776716360947,2.066516451497844,0.6807300492223158
24.411,1,-4.748661283210309,3.4561523172516466,1.7519211267342971,0.5539502107778941
24.421,0,-4.005876809540311,-2.198945075099836,2.067525785662135,0.6786432991167185
24.421,1,-4.749801552819873,3.4507042216722943,1.7522821236649166,0.5609189711323076
24.431,0,-3.9994687357185743,-2.1969919940423663,2.068538944305849,0.6766337224915393
24.431,1,-4.750930050581666,3.4451837286046705,1.7526616598336986,0.5678687073329426
24.441,0,-3.9930575902477754,-2.195120594389991,2.0695552421232626,0.6746937674453285
24.441,1,-4.752046137659091,3.439591053585851,1.753059624378255,0.5748010718889001
24.451,0,-3.986642919493676,-2.193332883485121,2.0705730366641832,0.67280025457324
24.452,1,-4.753149172643239,3.4339263566891796,1.7534766071542178,0.5817361101775889
24.461,0,-3.980224444987554,-2.1916306955164067,2.0715895415529255,0.6709409638411933
24.461,1,-4.754238502438653,3.4281897094483433,1.7539143006480022,0.588679150484054
24.471,0,-3.973802064936104,-2.19001585255,2.0726026905832335,0.6691260983633672
24.471,1,-4.75531348511409,3.4223812285669277,1.7543737697115898,0.5956192485467805
24.481,0,-3.967375845759319,-2.188490214041097,2.073611641562633,0.6673588922812463
24.481,1,-4.756373494955911,3.4165010755340823,1.7548554301833361,0.6025503736712956
24.491,0,-3.960946003127715,-2.1870555863380665,2.074615718103346,0.6656352216709234
24.491,1,-4.7574179242099675,3.4105494322279313,1.7553592669017575,0.6094686235514364
24.501,0,-3.9545128597401082,-2.185713845082537,2.0756157386524046,0.6640054496257318
24.502,1,-4.758446196570007,3.4045265564307248,1.7558840906156967,0.6163380181935146
24.511,0,-3.948076800568714,-2.18446713656886,2.0766161530099505,0.6624922633119955
24.511,1,-4.75945777913864,3.3984328677424855,1.7564264521475466,0.6231425824928836
24.521,0,-3.9416382916422616,-2.1833174348592044,2.0776204139446297,0.6610771143875287
24.521,1,-4.760452124343526,3.392268741348858,1.7569833503036325,0.6298950140040047
24.531,0,-3.935197861439225,-2.1822664829120333,2.0786305614605194,0.6597484274529486
24.531,1,-4.7614286520962965,3.386034512961544,1.7575522671839177,0.636594083503474
24.541,0,-3.928756087522524,-2.1813158090750804,2.079647540730253,0.6584987397758206
24.541,1,-4.762386744913392,3.3797305554006685,1.7581304249735932,0.6432351088624443
24.551,0,-3.922313597363547,-2.1804667695918507,2.080671666492925,0.6573245290194599
24.551,1,-4.763325710494714,3.3733572576336126,1.7587155450665874,0.6498207261032591
24.561,0,-3.9158710798639165,-2.1797205077590984,2.081702251864936,0.6561997285505198
24.561,1,-4.764244774193374,3.36691510783983,1.7593052487401546,0.6563216216965213
24.571,0,-3.909429294593254,-2.179077887582381,2.08273701539196,0.6551176567309951
24.571,1,-4.765143097098867,3.360404840809607,1.759895443986832,0.6626996528745741
24.581,0,-3.9029890520150508,-2.1785397254790535,2.083774320956336,0.6540895465856004
24.581,1,-4.766019740666181,3.3538273831550813,1.760481521634508,0.6689457873391852
24.591,0,-3.896551196740833,-2.1781067656903486,2.084812880292012,0.6531205081598296
24.591,1,-4.766873628690162,3.347183802491145,1.7610601059941813,0.6750556097967277
24.601,0,-3.890116593397991,-2.177779661823716,2.085851536820397,0.6522139669968093
24.601,1,-4.767703555963392,3.3404753877581426,1.7616289362761326,0.6810130555170367
24.611,0,-3.883686121954555,-2.1775590088765178,2.086889516757712,0.6513875640613326
24.611,1,-4.768508202350745,3.3337036908516335,1.762186864815465,0.6868051719685421
24.62,0,-3.87726068466958,-2.1774454507087744,2.0879273329091754,0.6506551771430706
24.62,1,-4.7692861522996886,3.3268705348353893,1.7627339789716987,0.6924071719894621
24.632,0,-3.8708412218263604,-2.1774395473472574,2.0889654948935874,0.6500126652448732
24.632,1,-4.770035951841161,3.319978105589957,1.7632703592253605,0.6977780904847359
24.641,0,-3.86442871554784,-2.1775417674563764,2.090004398444196,0.6494562128528755
24.641,1,-4.770756138981516,3.3130289630668117,1.7637956782835236,0.7028839801954503
24.651,0,-3.8580241792105188,-2.177752473674935,2.0910441344902453,0.6489804795813386
24.651,1,-4.771445235686101,3.3060259709233093,1.7643097210472407,0.707699360816401
24.661,0,-3.8516286476530026,-2.1780719316418624,2.092084540346243,0.648581929779885
24.661,1,-4.7721017516093065,3.298972257677128,1.7648124114695554,0.7122014078958103
24.671,0,-3.8452431706040864,-2.178500265851839,2.093124803973157,0.6482385998927743
24.671,1,-4.7727241777525204,3.2918711606823776,1.7653041899498898,0.7163827120286443
24.681,0,-3.838868804828945,-2.1790373964529017,2.0941628404370864,0.6479406985321069
24.681,1,-4.7733109764482835,3.2847261593956927,1.7657865840131695,0.7202315145149584
24.691,0,-3.83250661409078,-2.179683228997446,2.095196815197387,0.6476958573019811
24.691,1,-4.77386064412881,3.2775409024179125,1.766260893529661,0.723730463339891
24.701,0,-3.8261576690806174,-2.1804376878288516,2.09622529770258,0.6475093521282098
24.701,1,-4.7743717348835935,3.2703191670687075,1.7667280437604398,0.7268683437983375
24.712,0,-3.8198230491949374,-2.181300703396957,2.0972470592745838,0.6473832676979154
24.712,1,-4.774842871940159,3.2630648114617493,1.7671886819114728,0.7296396139763203
24.721,0,-3.8135038505244205,-2.1822722388815716,2.0982612240730005,0.6473278434670315
24.721,1,-4.775272760243361,3.255781730310692,1.7676431938479564,0.732041185839119
24.731,0,-3.807201199546795,-2.1833523477657417,2.0992677504295862,0.6473502175970577
24.731,1,-4.775660221170105,3.24847383186586,1.7680912159046502,0.7340697647485113
24.741,0,-3.800916253415596,-2.184541067825735,2.1002665207481623,0.6474437330877534
24.741,1,-4.776004197279378,3.2411449877001473,1.7685318998761546,0.7357341458723613
24.751,0,-3.794650206193885,-2.185838411932216,2.101257288477123,0.6476042385987659
24.752,1,-4.7763037248362625,3.2337989726610203,1.7689646343911902,0.7370489688892766
24.761,0,-3.7884042940124933,-2.1872443633211067,2.1022396851089886,0.6478248092059584
24.761,1,-4.776557929978822,3.2264394392497673,1.7693890755724333,0.7380306152662441
24.771,0,-3.782179788015578,-2.1887587941749365,2.103212550013749,0.648075940383343
24.771,1,-4.776766005817685,3.2190698921791205,1.7698056056735774,0.7387041491645677
24.781,0,-3.7759779832795006,-2.190381389764137,2.104173266985281,0.6483452638193367
24.781,1,-4.77692719173557,3.2116936710198987,1.770215816456719,0.739088607631067
24.791,0,-3.769800229821801,-2.1921118652665292,2.1051196889761705,0.6486407376895814
24.791,1,-4.777040848388339,3.2043139721746083,1.7706210135460296,0.7391963181162846
24.801,0,-3.7636479356251873,-2.193949964987407,2.106050173502298,0.6489623420118004
24.801,1,-4.7771064772811025,3.196933848155067,1.771021873068665,0.739037878073663
24.811,0,-3.7575225616727894,-2.19589541950405,2.1069632475821263,0.6493100011822761
24.811,1,-4.777123723415918,3.189556201258392,1.771418279565952,0.7386275092492948
24.821,0,-3.751425626865019,-2.197947967815759,2.107857814319415,0.6496853266971637
24.821,1,-4.777092320721306,3.1821837687924015,1.7718100796764233,0.7379830006638061
24.831,0,-3.745358704303804,-2.2001073361037946,2.108732997977658,0.6500842466655402
24.831,1,-4.777012137170833,3.1748191183589207,1.7721958302592022,0.7371035178201205
24.841,0,-3.7393234129196062,-2.2023731970026046,2.1095878240228996,0.6505023520420202
24.841,1,-4.776883314453866,3.1674646357172462,1.7725696105669608,0.7359954638246595
24.851,0,-3.733321427351367,-2.2047452051658234,2.1104215459671947,0.650939231183166
24.851,1,-4.776705966153422,3.1601225324197006,1.7729263847887606,0.7346887130269409
24.861,0,-3.727354475901777,-2.207222982764364,2.111233546619534,0.6513889643220518
24.861,1,-4.776480100206812,3.1527948723085535,1.7732629669373656,0.7332081928170506
24.871,0,-3.7214243314815936,-2.209806090280249,2.112023104203275,0.6518474798209933
24.871,1,-4.776205623303214,3.1454835930576626,1.7735776753447279,0.7315734175503605
24.881,0,-3.7155328446516314,-2.2124941507893303,2.1127904885216737,0.6523389462947913
24.881,1,-4.775882324070851,3.138190528433402,1.7738707247887167,0.7298079970443393
24.891,0,-3.7096819772587053,-2.2152869685222782,2.1135380534238872,0.6528703491151215
24.891,1,-4.775509816433761,3.1309174373600444,1.7741455474951306,0.7279262429212288
24.901,0,-3.7038736935212992,-2.2181842192812415,2.1142675606127415,0.6534220464883101
24.901,1,-4.775087763663319,3.1236659554907535,1.7744047659937092,0.7259340746961293
24.911,0,-3.69810991940653,-2.2211853880223056,2.1149796771011133,0.653983181615
24.911,1,-4.774615929630004,3.116437571307653,1.7746493696153456,0.7238422150293244
24.921,0,-3.692392557140718,-2.2242898577411276,2.115674774160621,0.6545511304271519
24.921,1,-4.774094102559896,3.109233632704472,1.774879999065007,0.7216647615625431
24.931,0,-3.686723464770471,-2.227496887428948,2.1163527316499584,0.6551134076867307
24.931,1,-4.773522079212774,3.102055345200242,1.775097055511581,0.7194155033028867
24.941,0,-3.681104426230871,-2.230805561413683,2.117012447343308,0.655665428672536
24.941,1,-4.772899667059047,3.094903770440731,1.7753005626885963,0.7171087604039726
24.951,0,-3.6755372040421457,-2.2342149302093675,2.1176530292317635,0.6562119956610437
24.951,1,-4.772226661429475,3.0877798356737056,1.7754905713842457,0.7147589245160787
24.961,0,-3.6700235312510663,-2.2377239951422125,2.1182735875603065,0.6567488918663722
24.961,1,-4.771502867584203,3.0806843312587984,1.775666758385238,0.7123788784671289
24.971,1,-4.7707281107162745,3.0736179096261407,1.775828107439993,0.7099823394145122
24.971,0,-3.6645650964636984,-2.2413316792723426,2.11887291232102,0.6572776269336216
24.981,0,-3.659163580843164,-2.245036907927305,2.1194501663143077,0.6578030888280381
24.981,1,-4.7699021622398945,3.0665811117834325,1.7759739292605805,0.7075830604810922
24.991,1,-4.7690247150169665,3.0595743810112292,1.776104060960978,0.7051936377713561
24.991,0,-3.6538206735266425,-2.248838634583693,2.1200051187008397,0.6583347501805072
25.001,0,-3.6485380723082135,-2.252735835671509,2.1205381350393315,0.6588698651846681
25.001,1,-4.768095378680008,3.052598080606016,1.7762189125059218,0.7028242864199651
25.011,0,-3.6433174107531032,-2.256727374253297,2.1210489114269646,0.6594039482856842
25.011,1,-4.767113735139515,3.045652493356496,1.776318571455539,0.7004834584174814
25.021,1,-4.766079324757391,3.0387378454335057,1.7764031496392514,0.6981782874216204
25.022,0,-3.6381602995227302,-2.260812076611131,2.1215372183886867,0.6599383490683838
25.031,0,-3.6330683191839146,-2.264988721372931,2.122002808935723,0.6604690607097633
25.031,1,-4.76499164608333,3.031854323592546,1.7764729084295208,0.6959143274972108
25.041,0,-3.6280429569363513,-2.2692559440779694,2.1224444642043334,0.6609844663777078
25.041,1,-4.763850145949301,3.025002097504702,1.7765286591200036,0.6936953856130379
25.051,0,-3.623085612136367,-2.2736122530029204,2.1228600938800692,0.6614843545634839
25.051,1,-4.762654241476983,3.018181328512872,1.7765717562622945,0.6915241734032027
25.061,0,-3.618197677991163,-2.278056145419932,2.123247886234805,0.6619680250326885
25.061,1,-4.761403408574035,3.0113921520271174,1.7766029629187443,0.6894032373112284
25.071,0,-3.613380519082519,-2.2825860642997085,2.123605851888809,0.6624364386011424
25.071,1,-4.760097223746505,3.0046346727263087,1.7766219346829768,0.6873343210926454
25.081,1,-4.758735287432999,2.9979089972938704,1.7766284068016913,0.685318332313658
25.081,0,-3.6086355364146696,-2.2872004824757775,2.123932672495211,0.6628934739777759
25.091,1,-4.757317218107303,2.991215237148961,1.7766221592858467,0.6833562002786714
25.091,0,-3.603964157010715,-2.291897882720161,2.1242274931280614,0.6633382595378445
25.101,1,-4.75584267085859,2.9845535124443403,1.776602746984242,0.681446807557595
25.102,0,-3.5993677908456925,-2.296676704915873,2.1244893811653562,0.6637700595022893
25.111,0,-3.594847852972244,-2.3015353860872674,2.1247178175890866,0.664190661956375
25.111,1,-4.7543113259794065,2.9779239836826266,1.7765699331940419,0.6795860828706873
25.122,0,-3.590405748806394,-2.306472353182168,2.124912693679861,0.6646007563079575
25.122,1,-4.752722905885047,2.9713268698716635,1.7765236743134416,0.6777679505090441
25.131,0,-3.5860428267235664,-2.3114859780448507,2.1250738672226515,0.664997342759166
25.131,1,-4.751077213267322,2.964762450947191,1.776463717985172,0.6759867367355247
25.141,0,-3.581760305648136,-2.316574508487696,2.1252003847422403,0.6653791563240806
25.141,1,-4.749374181505032,2.958231050739784,1.776388805438608,0.6742369226502501
25.151,0,-3.5775593481097796,-2.321736155366741,2.1252914720968565,0.6657471099994133
25.151,1,-4.747613801138093,2.951733053446309,1.7762975318686123,0.6725146756471362
25.161,0,-3.5734410153723415,-2.3269690511748946,2.1253460222541736,0.666099879164754
25.161,1,-4.745796132523534,2.945268883195497,1.7761877968947812,0.6708166387247437
25.171,0,-3.5694062500624546,-2.3322712363396443,2.1253624048498585,0.666438375175733
25.171,1,-4.743921226770443,2.9388390365072112,1.7760578618870824,0.6691368474825307
25.181,0,-3.5654559794728082,-2.337640757521932,2.125339664158951,0.6667635042715581
25.181,1,-4.741989092003349,2.93244409804594,1.7759067013677192,0.6674687108333353
25.191,0,-3.5615910977467085,-2.343075648006559,2.1252772701622304,0.6670743002564766
25.191,1,-4.739999681838405,2.9260847492502333,1.775734102053469,0.6658026705187372
25.201,1,-4.7379528505497355,2.919761811210128,1.7755414896806414,0.6641214790882537
25.202,0,-3.557812462180474,-2.3485739222997677,2.1251750673750807,0.6673686850600212
25.211,0,-3.5541209996323575,-2.354133662411876,2.1250344417840252,0.6676422143670567
25.211,1,-4.735848384056801,2.913476271589402,1.775331734614803,0.6624098346401374
25.221,0,-3.5505175958039543,-2.3597529214413466,2.1248569023622177,0.6678904797359163
25.221,1,-4.7336861400961325,2.9072292380121896,1.775107208866256,0.660656571201717
25.231,0,-3.5470031030152054,-2.3654297299912606,2.1246440566962135,0.6681082290997766
25.231,1,-4.731466115050318,2.9010219086351743,1.7748689743367525,0.6588579418966984
25.241,0,-3.5435783645334293,-2.371162117002568,2.1243979178122236,0.6682907097355719
25.241,1,-4.729188462864488,2.894855532843248,1.7746164514415121,0.6570090663822526
25.251,0,-3.5402440992430053,-2.3769480335728086,2.1241198673436,0.6684381711157659
25.251,1,-4.726853337111416,2.8887314356311897,1.7743495582892936,0.6551016110472977
25.261,0,-3.537000798978304,-2.3827852961884086,2.1238098771102347,0.6685520125604348
25.261,1,-4.724460843931981,2.882650994111421,1.7740690989416992,0.653135928331932
25.271,0,-3.5338487949949786,-2.388671647518393,2.1234676736064433,0.6686299757434168
25.271,1,-4.722011104848144,2.8766155583911406,1.7737754329600912,0.6511187187342296
25.281,0,-3.5307882875142074,-2.3946047865000053,2.123093408107862,0.668668073495609
25.281,1,-4.7195042133593885,2.870626435278128,1.7734688886546248,0.6490577577008122
25.291,0,-3.527819337736982,-2.400582368854108,2.1226877844588614,0.6686590925139583
25.291,1,-4.716940184750158,2.864684894748809,1.7731504294775973,0.6469542449574982
25.301,0,-3.5249418710827913,-2.4066020137673956,2.1222522700557898,0.6685965545190646
25.302,1,-4.714318941884767,2.8587921996814805,1.7728220437802729,0.6448119387116686
25.311,0,-3.522155609969343,-2.4126612744452873,2.1217885843270174,0.6684727831276028
25.311,1,-4.711640470075117,2.8529495642309883,1.7724847163653965,0.6426445151345136
25.321,0,-3.5194600842644106,-2.4187576512155777,2.121298914985238,0.6682813989150721
25.321,1,-4.708904904974113,2.847158146303519,1.7721374819690623,0.6404556653842707
25.331,0,-3.5168545040727177,-2.424888537439955,2.1207844815241472,0.668032574727386
25.331,1,-4.706112482039678,2.841419116677743,1.771778593410007,0.6382519588005745
25.341,1,-4.703263557237456,2.8357336242838485,1.771405126492422,0.6360340284631633
25.341,0,-3.5143376885869944,-2.431051200651137,2.1202444953518014,0.6677296617879431
25.351,0,-3.5119083188617726,-2.437242909806639,2.119678481158942,0.6673647078304981
25.351,1,-4.700358446559357,2.8301028476257932,1.7710150346350566,0.6338008566575908
25.361,0,-3.5095649831547098,-2.4434609586043674,2.119086370967336,0.6669335974047592
25.361,1,-4.697397368690805,2.8245279831929526,1.7706076325612337,0.6315459115692725
25.371,1,-4.69438040977257,2.819010265376995,1.770184084057835,0.6292682514031199
25.371,0,-3.507306162029381,-2.449702663542939,2.118468082058188,0.6664326944615573
25.381,0,-3.505130262315707,-2.4559653825110366,2.1178238858382303,0.6658555012965529
25.381,1,-4.69130765316097,2.8135508984566746,1.769745595242917,0.6269731458733361
25.391,0,-3.5030355518530265,-2.462246497982488,2.11715362444808,0.6652160419534131
25.391,1,-4.688179262333875,2.8081510261245755,1.7692924298116381,0.6246790964800835
25.401,0,-3.5010200811877343,-2.468543400576684,2.1164555567356427,0.6645198371791776
25.401,1,-4.684995538109903,2.80281167634759,1.7688229888056795,0.6223979872750193
25.408,0,-3.4990819020275725,-2.4748535626326187,2.11572861037979,0.6637570552243758
25.408,1,-4.681756748864203,2.7975338543339765,1.7683360627398843,0.620132968850066
25.419,0,-3.4972191708718228,-2.4811745627411717,2.1149733887735565,0.6628913316287489
25.419,1,-4.67846310735205,2.7923185082575963,1.767830733623766,0.6178994950376078
25.431,0,-3.4954302933739263,-2.4875041087904197,2.114193859348272,0.6618986552329303
25.431,1,-4.675114815329474,2.7871664558751923,1.767305453567792,0.6157171506834046
25.441,0,-3.4937136155408117,-2.49383996268776,2.1133930446750653,0.6607937821954422
25.441,1,-4.671712023247701,2.7820784159625007,1.766758771573725,0.6135963645172073
25.452,0,-3.4920674675570633,-2.5001799542791017,2.1125732141863356,0.6595799107978867
25.452,1,-4.668254800639513,2.7770550381149772,1.7661898498681856,0.6115452222218237
25.461,1,-4.6647431261103485,2.77209692301588,1.7655987070831662,0.6095621405372957
25.461,0,-3.490490247947661,-2.5065219983440485,2.111736767111674,0.658245830065448
25.471,1,-4.6611768687062,2.7672046751314885,1.7649868852817545,0.6076396119028128
25.472,0,-3.4889803782256936,-2.512864092694807,2.110885541124034,0.65682949920923
25.481,0,-3.487536115480707,-2.5192043130583333,2.1100182336900684,0.6553577871236903
25.481,1,-4.657555879778053,2.7623788732986196,1.764356671007468,0.6057795071780936
25.491,1,-4.653880132822263,2.7576199922542473,1.7637094829018238,0.6040009059266264
25.492,0,-3.486155726621753,-2.5255408519221088,2.109133069475568,0.6538515674390204
25.501,0,-3.484837453750921,-2.5318720321827994,2.108227244943588,0.6523218510092919
25.501,1,-4.650149781787117,2.7529283757075014,1.7630451793158153,0.6023117813283525
25.511,0,-3.4835796573412003,-2.5381963220087433,2.107298914408257,0.6507611253477531
25.511,1,-4.64636504394892,2.7483043512808174,1.7623636818590969,0.6007074257509897
25.521,0,-3.4823808662217863,-2.5445123337820013,2.1063478577799875,0.6491405942546862
25.521,1,-4.6425261380102105,2.743748285002145,1.7616656857527768,0.5991677163670925
25.531,0,-3.481239811949954,-2.550818812256468,2.1053761060717373,0.6474477072710696
25.531,1,-4.638633242833859,2.7392606313996937,1.7609533270767146,0.597681200761249
25.541,0,-3.480155281952118,-2.5571146244553415,2.104385681133759,0.6456943111279785
25.541,1,-4.634686617647002,2.734841824992705,1.760228498363963,0.5962498870730688
25.551,0,-3.4791260936169137,-2.5633987473194333,2.1033783014286023,0.6438890535578778
25.551,1,-4.630686632735711,2.730492268676224,1.7594926753587086,0.5948722308701523
25.561,0,-3.4781510615691102,-2.569670258410944,2.102354895656924,0.6420641017738086
25.561,1,-4.626633813458006,2.7262122982445924,1.7587464159586828,0.5935654353907023
25.572,0,-3.4772289589772005,-2.575928332281126,2.101314831850836,0.6402366940479085
25.572,1,-4.622528877737467,2.7220021156106977,1.7579885665689057,0.592336733814976
25.58,0,-3.4763585999582167,-2.582172228376916,2.1002571247095676,0.6384324193150634
25.58,1,-4.618372570489806,2.717861900620054,1.7572183607365368,0.5911765857619946
25.591,0,-3.4755387692659534,-2.588401300559928,2.0991788544801318,0.6366848034239911
25.591,1,-4.614165613983698,2.713791800960559,1.7564355986819649,0.5900894653378581
25.601,0,-3.4747683365942863,-2.5946149780312386,2.0980772001765087,0.6349826133731851
25.601,1,-4.609908722250411,2.709791863911502,1.7556398112602807,0.5890841207281828
25.612,0,-3.474046315029495,-2.600812752601272,2.096950535873118,0.6333107998289154
25.612,1,-4.605602537779148,2.705862065981925,1.7548308070171714,0.5881655565144279
25.622,0,-3.4733718502501842,-2.6069941749890377,2.095798275977008,0.6316528092069199
25.622,1,-4.601247593420264,2.702002334621664,1.7540090139694318,0.5873276357755228
25.631,0,-3.4727442328715736,-2.6131588437811875,2.0946213619530885,0.6299729200118163
25.631,1,-4.596844254883681,2.698212641465469,1.7531766704365053,0.5865488142200072
25.641,0,-3.4721628840474046,-2.619306395550091,2.093422539710561,0.6282514881263255
25.641,1,-4.592392815640436,2.69449297535444,1.7523369558037043,0.5858295269468001
25.651,0,-3.471627228378566,-2.6254365146427463,2.0922044017650707,0.6265007321140673
25.651,1,-4.587893636803095,2.6908432661245163,1.7514924002503791,0.5851753927999498
25.661,0,-3.4711366272803277,-2.6315489308101543,2.0909684945696805,0.6247579977405594
25.661,1,-4.583347238976448,2.6872633417305174,1.7506439201108428,0.5846194713170473
25.671,0,-3.4706903417959727,-2.6376434173305277,2.089714697554476,0.6230410581380804
25.671,1,-4.578754367283281,2.683752849506956,1.7497896654743712,0.5841736691852041
25.681,0,-3.4702876206406623,-2.6437197652783175,2.0884429394321535,0.6213467293290679
25.681,1,-4.574115797829453,2.6803114142670217,1.7489278298770472,0.5838363991637491
25.691,0,-3.469927721302482,-2.6497777784656473,2.08715341825574,0.6196616326862069
25.691,1,-4.569432280480852,2.6769386292363193,1.748056980736558,0.5835882198780659
25.701,0,-3.4696099347847946,-2.655817271180324,2.0858470404384994,0.617976003130161
25.701,1,-4.564704434355005,2.6736341749883152,1.7471780104841808,0.5834041087664551
25.711,0,-3.4693335530358995,-2.661838081485443,2.084524862212613,0.6162892935196966
25.711,1,-4.559932891449904,2.670397706305285,1.7462921517071306,0.5832820954787377
25.721,0,-3.469097833327974,-2.6678400830043296,2.083187451651662,0.6146309650513028
25.721,1,-4.555118413424459,2.6672287816249463,1.745399532543631,0.5832477698935138
25.731,0,-3.4689019708838966,-2.673823195836201,2.0818341759256977,0.6130138998999112
25.731,1,-4.550261957789652,2.664126792338577,1.7444979864892018,0.5833070997071512
25.741,0,-3.468745187685718,-2.6797873647461232,2.0804649574284504,0.6114150101990938
25.741,1,-4.54536450035655,2.6610911337531706,1.743585895272216,0.5834424642561642
25.751,0,-3.468626762836773,-2.6857325536316714,2.079080663870542,0.6098221168312645
25.751,1,-4.540426985353687,2.658121204383618,1.7426624131155246,0.5836442098000332
25.761,0,-3.468546005327751,-2.6916587572613437,2.0776821127241605,0.6082478569634953
25.761,1,-4.535450321210558,2.6552163646014897,1.741726906960476,0.583919043675595
25.771,0,-3.4685022469589692,-2.6975660053242354,2.0762696596596886,0.6066974103826537
25.771,1,-4.53043538083128,2.652375899571822,1.740778397669721,0.5842707122980573
25.782,0,-3.46849486856967,-2.703454354655972,2.0748437702428113,0.6051682904543223
25.782,1,-4.525382941631274,2.6495990680379546,1.7398163506244444,0.5846973755413885
25.791,0,-3.4685232771246244,-2.7093238957904844,2.0734044326737826,0.6036969795349337
25.791,1,-4.520293638881687,2.6468851531185,1.7388414732146595,0.5851680711840342
25.801,0,-3.4685868421242807,-2.715174763427378,2.0719502348128667,0.6022977259684944
25.801,1,-4.515167938971281,2.6442335395738854,1.7378567452688707,0.5856671193936799
25.809,0,-3.4686848912848243,-2.721007109473525,2.0704802903119544,0.6009529336545336
25.809,1,-4.510006306385014,2.6416435855194687,1.736864812966966,0.5862010718090608
25.821,0,-3.468816627757829,-2.726821104958997,2.068993810833445,0.5996863580888926
25.821,1,-4.504809299369871,2.6391145909476217,1.735866934553246,0.5867999471010443
25.831,0,-3.4689810157721728,-2.732616952759908,2.067488729010596,0.5985135483078744
25.831,1,-4.499577647912876,2.6366457242684738,1.7348614887929936,0.5874827189922232
25.841,0,-3.469176766977489,-2.7383948521309915,2.065964123740518,0.5973732825871779
25.841,1,-4.494312101612212,2.634236178541296,1.7338467510529512,0.5882437254072608
25.851,0,-3.469402305317472,-2.744154975816279,2.0644216290115986,0.5962088362886181
25.851,1,-4.489013374138817,2.631885186418426,1.7328213860851667,0.589056555264535
25.861,0,-3.469655653371389,-2.749897491048723,2.0628634912526573,0.595015736333818
25.861,1,-4.483682077695676,2.6295921210911155,1.7317862106592703,0.5898937352304382
25.871,0,-3.469934374499045,-2.7556225692952903,2.061291692213796,0.5937957779884281
25.871,1,-4.47831884404995,2.6273564018254825,1.7307423178459802,0.5907476449929919
25.881,0,-3.4702355682728254,-2.761330381846852,2.059707954971024,0.5925471408107226
25.881,1,-4.472924385696913,2.6251774853158105,1.7296906802080032,0.59160732597081
25.891,0,-3.470555885350464,-2.76702109390512,2.05811356717057,0.5912831438659775
25.891,1,-4.467499570988445,2.6230548059526697,1.7286309366140493,0.5925032783139511
25.901,0,-3.4708915287471407,-2.772694868370392,2.0565082417409744,0.5900622487399093
25.901,1,-4.46204543131646,2.6209877404842064,1.7275608763916765,0.5934190917788144
25.911,0,-3.471238262692362,-2.778351856363455,2.054889776982261,0.5888931466819333
25.911,1,-4.456562976162352,2.618975776818967,1.7264799346647224,0.5943277731067294
25.921,0,-3.471591472070422,-2.783992143564026,2.053256894764133,0.5877212789607171
25.921,1,-4.451053182953046,2.6170184275499073,1.725388040480538,0.5952297413971958
25.931,0,-3.471946185618148,-2.789615719679601,2.0516096891490836,0.5865081776360752
25.931,1,-4.445516978981395,2.6151151869499345,1.7242850957746678,0.5961270506189219
25.941,0,-3.4722971016991555,-2.79522245833649,2.0499486637474447,0.5852338683489666
25.941,1,-4.439955207243499,2.613265538184007,1.7231712737631,0.5970208068219776
25.951,0,-3.472638622303228,-2.80081207844803,2.048275758423923,0.5837865444814513
25.952,1,-4.434368631536181,2.6114689231140384,1.7220465169624006,0.5979334351253339
25.961,0,-3.472964871258409,-2.8063840922157453,2.0465960819653097,0.582109309225683
25.961,1,-4.428757975951433,2.6097247112420434,1.7209098398746208,0.598872650076983
25.971,0,-3.4732697954429503,-2.8119378093611296,2.0449138981810497,0.580226190752362
25.971,1,-4.423123940140707,2.6080322854381524,1.719760670696366,0.5998244968066525
25.981,0,-3.4735472618264116,-2.817472310926916,2.04323225367593,0.5781506451467044
25.981,1,-4.417467254388334,2.6063910562336035,1.7185988896772884,0.6007739259521012
25.991,0,-3.4737911470770513,-2.82298643549337,2.041553109119228,0.5759057545422934
25.991,1,-4.411788747041779,2.604800420530256,1.7174238693120878,0.6017406542451139
26.001,0,-3.473995393369915,-2.828478775619638,2.0398779014816864,0.5734557301361933
26.001,1,-4.406089378455877,2.603259706530531,1.7162334188094974,0.6027187529186497
26.01,0,-3.47415398929111,-2.8339476663310887,2.0382092383861368,0.5707787323834578
26.01,1,-4.400370121451906,2.6017682938714075,1.7150265046633573,0.603682302852856
26.019,0,-3.4742610787980284,-2.839391229876967,2.036549207521558,0.567891945604951
26.019,1,-4.39463192332434,2.600325581232734,1.713802987946054,0.6046111826507239
26.031,0,-3.4743110035327143,-2.8448073937442158,2.034899456655727,0.5648036155797305
26.031,1,-4.388875663233718,2.5989310163516723,1.7125644473311417,0.6054744285377068
26.041,0,-3.4742983463483164,-2.8501939105572074,2.0332612034982467,0.5615309279776278
26.041,1,-4.383102203029051,2.5975840370589034,1.7113128814488336,0.6062740236733036
26.051,0,-3.474217987794466,-2.8555483873614715,2.031634997488203,0.558108377994198
26.051,1,-4.377312452916793,2.5962840077279474,1.710049156846762,0.6070487984774214
26.061,0,-3.474065147804228,-2.8608683207559737,2.030020587880125,0.5545525001181426
26.061,1,-4.371507388579254,2.5950301841360575,1.7087721836722218,0.6078045223870684
26.071,0,-3.4738353235643613,-2.8661511060607876,2.0284179752886065,0.5508669990088553
26.071,1,-4.3656879444773935,2.593821845193617,1.707481970147749,0.6085192699842427
26.081,0,-3.473524309152801,-2.871394082119469,2.026827193655225,0.5470699816496677
26.081,1,-4.35985500121757,2.592658250864852,1.7061790075402135,0.6091927459089227
26.091,0,-3.473128221734898,-2.876594575018053,2.025248070222922,0.5431952288714449
26.091,1,-4.35400938386989,2.591538612106152,1.7048637591413403,0.6098360654591972
26.101,0,-3.4726435359482846,-2.8817499449415216,2.0236798835502112,0.5392755872784062
26.101,1,-4.348151860661894,2.590462068865507,1.7035362145546098,0.6104599096201598
26.111,0,-3.472067114938708,-2.886857638213591,2.0221210134051777,0.5354118226290138
26.111,1,-4.342283113855188,2.5894277226552584,1.7021966740563448,0.611057207595413
26.121,0,-3.4713964114627878,-2.8919153164650013,2.020566795641901,0.5316837162597599
26.121,1,-4.336403719325898,2.5884346703345646,1.700846515549751,0.6116002737014192
26.131,0,-3.4706290911200153,-2.896920708309553,2.019013416103954,0.5280654628239969
26.131,1,-4.330514149042309,2.587482051079238,1.6994890931245186,0.6120613538051582
26.141,0,-3.4697629654554523,-2.901871589215366,2.017458352900839,0.5245500094830766
26.141,1,-4.324614867264515,2.58656898277605,1.6981275931239825,0.6124544838941869
26.151,1,-4.318706417630334,2.5856945266248257,1.6967634531318245,0.6128349649130458
26.152,0,-3.468796038695856,-2.9067658103132032,2.015899731220786,0.5211578399752049
26.161,0,-3.467726552009513,-2.9116013307181796,2.014335747670184,0.5179052921724555
26.161,1,-4.312789456245444,2.5848576561899477,1.69539522448399,0.6132244462756452
26.171,1,-4.306864662876026,2.5840573599868395,1.694021514946446,0.6136169732694018
26.172,0,-3.4665529113762097,-2.916376198478496,2.012765153439881,0.5148009256995302
26.181,0,-3.465273703373405,-2.921088567560094,2.011186987131321,0.5118679250418328
26.181,1,-4.300932695878046,2.5832926286769866,1.692640966840512,0.6140083498396833
26.191,0,-3.463887722347784,-2.9257367080070313,2.0096003296177494,0.5091217403252342
26.191,1,-4.294994151814395,2.582562472263162,1.6912528245962066,0.6143890776235295
26.201,0,-3.4623939272811493,-2.930318980358717,2.0080046612084512,0.5065694312235212
26.201,1,-4.28904954596017,2.581865919914582,1.6898568525312894,0.614756285935299
26.21,0,-3.4607914475897688,-2.934833836454958,2.0063997727608993,0.5042215930567376
26.21,1,-4.283099305441514,2.5812020183734745,1.6884531408840693,0.6151106683087031
26.222,0,-3.4590795194718673,-2.9392797780739666,2.004786306700645,0.5020302087173952
26.222,1,-4.2771437596611275,2.580569864329181,1.687042956939253,0.6153977344882567
26.231,0,-3.457257320228844,-2.9436552563027876,2.003167188999155,0.49996225784820447
26.231,1,-4.27118313899933,2.5799686766918617,1.685630900126604,0.6155751516180554
26.241,0,-3.4553242568943787,-2.9479588433587365,2.001545106681367,0.49805919762046374
26.241,1,-4.265217678628833,2.5793976839372252,1.6842211131801206,0.6156678499271228
26.251,1,-4.25924769224938,2.578856089354993,1.6828158012153207,0.6157329716443984
26.252,0,-3.453280040145632,-2.9521892835143566,1.9999218785567239,0.4963671000409294
26.261,0,-3.451124682662445,-2.9563455014332787,1.9982984291646029,0.4949142258603997
26.261,1,-4.253273594317773,2.578343048672746,1.6814144123760888,0.6157949649846547
26.271,0,-3.4488584476037976,-2.9604265853908758,1.996675098578835,0.4937446758494136
26.271,1,-4.247295829840457,2.5778577261297975,1.680016031493518,0.6158639188461635
26.281,0,-3.446481913059751,-2.964431836688741,1.9950509159311445,0.49288774538831037
26.281,1,-4.241314827885388,2.5773992858346935,1.678619504348366,0.6159167990843546
26.291,0,-3.443995769397753,-2.96836063889383,1.9934251306953372,0.49232603307525497
26.291,1,-4.235330970573562,2.576966953395048,1.6772256716220177,0.6159239204950638
26.301,0,-3.4414007705109753,-2.972212416881137,1.9917974220681336,0.49204653936312576
26.301,1,-4.229344648630432,2.5765599807922372,1.6758355741396391,0.615885535397081
26.311,0,-3.438697735714123,-2.9759866267813275,1.9901677450649355,0.4920379996682559
26.311,1,-4.223356306501278,2.576177649617121,1.674450077357521,0.6157974928503274
26.321,0,-3.435887565993994,-2.979682755847454,1.9885361159023185,0.4923000331477637
26.321,1,-4.217366475395686,2.5758192670088675,1.6730693518415787,0.6156850605298458
26.331,0,-3.432971209756662,-2.9833002922913536,1.9869028562467457,0.49278448895696436
26.331,1,-4.211375777561859,2.575484136948291,1.6716916708194824,0.6155638804174326
26.341,0,-3.4299495169208516,-2.986838625651947,1.9852698261359303,0.4934591318169338
26.341,1,-4.205384849019649,2.575171603822495,1.6703157356948068,0.6154152288092619
26.351,0,-3.426823443683162,-2.9902971894179387,1.9836385860026817,0.4943416173247454
26.351,1,-4.199394278921189,2.5748810506705877,1.66894089598033,0.6152323942528977
26.361,1,-4.1934045720881885,2.5746118926258084,1.6675669634867891,0.6150158841971973
26.361,0,-3.423594092160073,-2.9936754937084675,1.98201001944748,0.4954376393453621
26.371,0,-3.4202626472721223,-2.996973088678886,1.9803848319747377,0.49674126545154285
26.371,1,-4.187416125757783,2.5743635713548527,1.6661940288168124,0.6147710483534276
26.381,0,-3.416830456983673,-3.00018963055432,1.9787627323609118,0.49831349743314385
26.381,1,-4.181429219049996,2.574135558377325,1.6648226197916596,0.6144911647118959
26.391,0,-3.413299153620029,-3.0033249870581535,1.9771411543138397,0.5001710648589753
26.391,1,-4.175444030536965,2.573927365250727,1.6634540228721892,0.6141754472079476
26.401,0,-3.409670329312897,-3.006379018707466,1.9755181031795712,0.5022741759193322
26.401,1,-4.169460697994615,2.573738533717768,1.6620894023947508,0.6138308252873196
26.412,0,-3.4059455148050053,-3.009351577713961,1.9738922218017592,0.5046067519703901
26.412,1,-4.16347937321037,2.573568639696071,1.6607296866557002,0.6134582261506667
26.421,0,-3.402126216798988,-3.0122425462770757,1.9722623544431304,0.5071479375164375
26.421,1,-4.157500263174995,2.573417290259538,1.659375267160041,0.6130749799932892
26.431,0,-3.3982138407273634,-3.015051782591052,1.9706282442118337,0.5098570669786116
26.431,1,-4.151523642428935,2.5732841032552303,1.6580251456107973,0.6126969175695112
26.441,0,-3.3942096854882218,-3.0177791091953936,1.968990600226375,0.512712807583287
26.441,1,-4.14554980782963,2.573168712133044,1.6566782777810996,0.6123145502545572
26.451,0,-3.390115043782191,-3.020424371187474,1.9673502360829993,0.5157070390323882
26.451,1,-4.139579033378188,2.573070757676569,1.655334606789501,0.6118961432988854
26.461,0,-3.3859312303554767,-3.022987434759661,1.9657079375145654,0.5188317438272164
26.461,1,-4.133611563707757,2.572989876581609,1.653995310188426,0.6114334114913084
26.471,0,-3.381659594567338,-3.0254681756068984,1.964064439271223,0.5220761005664681
26.471,1,-4.127647649651763,2.572925675686339,1.6526614559417774,0.6109290847506111
26.481,0,-3.3773015368842887,-3.0278664748971984,1.962420351711412,0.5254353171582046
26.481,1,-4.121687580227216,2.572877726944946,1.6513336138973422,0.61039907194849
26.491,1,-4.115731685427193,2.572845571126419,1.65001224768546,0.6098030962601514
26.491,0,-3.3728584665250305,-3.0301821693113467,1.9607766935293354,0.528853755575765
26.501,0,-3.3683316726416335,-3.0324149377633907,1.9591362423395335,0.5323016953538188
26.501,1,-4.109780286937612,2.572828749289969,1.6487002595364217,0.609117420362506
26.511,0,-3.363722516402315,-3.034564493515332,1.9575012355520596,0.5357997448808077
26.511,1,-4.103833652851063,2.572826757067799,1.6474001920878827,0.6083669470334732
26.521,0,-3.359032438210447,-3.036630615160337,1.9558730498750418,0.5393579691603345
26.521,1,-4.097891957892083,2.572839043785135,1.6461139217822183,0.6075761087507675
26.531,0,-3.3542628923440545,-3.03861310754184,1.954252706402706,0.5429786128820354
26.531,1,-4.091955249545334,2.572865017498803,1.6448427877887106,0.6067689156317412
26.541,0,-3.3494153726529117,-3.0405118415430166,1.9526404191840285,0.5467016841327295
26.541,1,-4.086023429202354,2.5729040529204124,1.6435877830556136,0.6059642245328116
26.551,0,-3.3444915144021703,-3.0423268595090964,1.9510343345207148,0.5505486743079747
26.551,1,-4.0800962465364705,2.572955509600344,1.6423503107752497,0.6051564954890787
26.561,1,-4.074173324569454,2.5730187540502216,1.6411325953688158,0.6043539656221445
26.562,0,-3.3394928972011377,-3.044058164329964,1.949432993858594,0.55449011818843
26.571,0,-3.3344210410887656,-3.045705689190301,1.947835555378912,0.5585059324023041
26.571,1,-4.06825423318905,2.573093168724372,1.639936343324977,0.60357381700703
26.581,0,-3.329277446992466,-3.0472693170908665,1.9462414687692182,0.5625855655336799
26.581,1,-4.062338558330719,2.5731781687381834,1.6387623868011567,0.6028356163209815
26.591,0,-3.3240635732548194,-3.048748841162394,1.9446509038426472,0.5666781908223112
26.591,1,-4.056425923895115,2.5732731989111177,1.637609862771335,0.6021810737915074
26.601,0,-3.318780743919509,-3.050143860082986,1.943065962887972,0.5707569897242145
26.601,1,-4.050515961313773,2.5733777182941666,1.6364759600585124,0.6016223349778396
26.612,0,-3.313430307251598,-3.0514539548634354,1.9414885878540113,0.5748271381443868
26.612,1,-4.044608281329106,2.573491208157334,1.635358794688902,0.6011256943395071
26.622,0,-3.3080136441879198,-3.0526787018537345,1.9399204196130673,0.5788929661573189
26.622,1,-4.038702485968449,2.5736131660885273,1.6342581458578744,0.6006706784848613
26.631,0,-3.3025321753042203,-3.053817678622761,1.9383626924830106,0.5829588822466105
26.631,1,-4.032798230685705,2.573743093827168,1.6331740451580885,0.600249328655594
26.642,0,-3.296987356396736,-3.0548704560822055,1.936816325260287,0.58702639334476
26.642,1,-4.0268952801481275,2.5738804980635406,1.6321065031149995,0.5998492740101559
26.651,0,-3.29138068936054,-3.055836611043876,1.9352818301647823,0.5911046958375707
26.651,1,-4.020993540578149,2.574024898585021,1.631056431853088,0.5994175034669064
26.662,0,-3.2857137517582498,-3.0567157625154473,1.9337589530259078,0.5951978551210962
26.662,1,-4.015093046701192,2.5741758360174023,1.6300269541806214,0.5989301349190976
26.671,0,-3.2799881513409948,-3.057507506724657,1.9322474341557259,0.59929529528621
26.671,1,-4.00919390809357,2.574332850287755,1.6290205700012832,0.59840337517075
26.681,0,-3.2742055272310613,-3.0582114113687973,1.930747100793537,0.6033903402433013
26.681,1,-4.003296243903611,2.5744954846498276,1.6280394521394237,0.5978316040392114
26.691,0,-3.268367561582036,-3.0588270310028736,1.9292577357578258,0.6074758749853054
26.691,1,-3.9974001472240994,2.574663298227786,1.6270864675813712,0.5972205155093679
26.701,0,-3.2624760131271735,-3.0593539669430507,1.9277784338552268,0.6115805027810648
26.701,1,-3.991505699109442,2.57483586596546,1.6261629873090127,0.5966150147365458
26.711,0,-3.256532767509214,-3.059791960696075,1.9263066154842292,0.6157042701398516
26.711,1,-3.985612989337187,2.575012782304799,1.6252676547526668,0.5960416303500226
26.721,0,-3.2505396798104695,-3.0601406691774633,1.9248405790557284,0.6198214858275074
26.721,1,-3.979722124431321,2.5751936708050303,1.6243985095481606,0.5954939256454516
26.731,0,-3.2444985887930615,-3.0603996806719116,1.9233792858447727,0.6239181803630486
26.731,1,-3.973833235579446,2.5753781800698166,1.6235540368776562,0.5949597682194906
26.741,1,-3.967946488108195,2.575565975350357,1.6227331101489764,0.5944295887005954
26.742,0,-3.2384113352799253,-3.0605685390229422,1.9219220923857891,0.6279838672885382
26.751,0,-3.2322797521091364,-3.0606467227114162,1.9204690263815845,0.6319910951441069
26.751,1,-3.9620620897862158,2.575756732423664,1.6219347872465681,0.5938973079746035
26.761,0,-3.226105621536274,-3.0606335690354496,1.919021649055641,0.6359205592302651
26.761,1,-3.956180294708267,2.5759501348215132,1.6211580580973368,0.5933575556542177
26.771,0,-3.219890747379345,-3.060528424333279,1.9175814189308111,0.639781346547904
26.771,1,-3.950301397832498,2.5761458767374843,1.6204020525518426,0.5928032173604606
26.781,0,-3.2136369482953713,-3.060330658423143,1.9161495608846084,0.6435731146813614
26.781,1,-3.944425730545093,2.5763436656717245,1.6196657916922237,0.5922360470843029
26.791,0,-3.207346034598978,-3.060039632378339,1.914727432454009,0.6472988155079101
26.791,1,-3.938553657049067,2.5765432221179947,1.6189478005838116,0.591653469872114
26.801,0,-3.20101982948977,-3.059654739509218,1.913316062625791,0.650966245161179
26.801,1,-3.932685566613213,2.576744277314754,1.6182468784641753,0.5910476403577214
26.81,0,-3.1946601880947068,-3.0591754488287792,1.9119157102044524,0.6545993242034063
26.81,1,-3.926821867762173,2.5769465714167246,1.617563633485926,0.5903711593521582
26.821,0,-3.1882690152471134,-3.058601363296582,1.9105253158038509,0.6582081816730124
26.821,1,-3.9209629828848698,2.577149849238479,1.6169025283536584,0.5896073451828139
26.831,0,-3.1818481989843934,-3.0579320848622937,1.909143975514271,0.6617866693824939
26.831,1,-3.9151093470723817,2.577353842423766,1.616267134091076,0.5887775989179167
26.841,0,-3.1753996018336204,-3.0571672082362658,1.9077710819154634,0.6653320042816164
26.841,1,-3.909261400187946,2.5775582617339228,1.6156599123993796,0.5878913025472349
26.851,0,-3.168925062015821,-3.056306339364414,1.9064061969386599,0.6688431926815438
26.852,1,-3.903419579788253,2.5777627929531057,1.6150829578739259,0.5869573899556807
26.861,1,-3.8975843127519822,2.5779670927915834,1.6145370454001304,0.585999033164442
26.861,0,-3.1624263877085594,-3.055349101309611,1.9050490083026541,0.6723215933970553
26.871,0,-3.155905356032452,-3.054295147738939,1.9036992431325064,0.6757684924873301
26.871,1,-3.8917560082961944,2.5781707901375075,1.6140210098310297,0.5850266808344412
26.881,0,-3.14936370411494,-3.0531441329747744,1.9023570759799742,0.6791711129770591
26.881,1,-3.885935055732927,2.5783734921625205,1.6135332711874515,0.5840447743545256
26.891,1,-3.8801218226063505,2.578574789791014,1.6130716901549245,0.5830538216363257
26.891,0,-3.1428031294698764,-3.051895673206599,1.9010235901761396,0.6825240583288491
26.901,0,-3.1362253425358024,-3.050549454563995,1.8996996892079492,0.6858309921025755
26.901,1,-3.8743166541678256,2.578774258876139,1.6126344820002738,0.5820500220047192
26.911,0,-3.129632089805065,-3.049105254798688,1.8983858936827955,0.6890956027502917
26.911,1,-3.868519876086626,2.578971460350773,1.6122210676915103,0.581016920772926
26.921,0,-3.1230251518663033,-3.0475629037419103,1.8970827419252427,0.6923001993181234
26.921,1,-3.862731799584141,2.579165938073199,1.6118336467446404,0.5799421250115648
26.931,0,-3.116406307806501,-3.04592213395025,1.8957922245553702,0.6954302281649697
26.931,1,-3.8569527122221627,2.57935722469221,1.6114753235519355,0.5788345729698815
26.941,0,-3.10977736412299,-3.044182791684707,1.8945156543919754,0.6985092690454588
26.941,1,-3.851182866928456,2.5795448511969394,1.611148658767666,0.5777027873288001
26.951,0,-3.1031401477059077,-3.0423449259848967,1.893252838285307,0.7015492751351087
26.951,1,-3.845422477808533,2.579728351333361,1.6108561294381598,0.5765585406570848
26.961,0,-3.096496457978587,-3.0404086644995147,1.8920034627922222,0.7045495126582556
26.961,1,-3.8396717117267474,2.579907268809194,1.610599235603363,0.5754147954589425
26.971,0,-3.0898480532310804,-3.0383742634407325,1.890766757783951,0.7075283748255128
26.971,1,-3.833930689475544,2.580081158823731,1.6103790980831105,0.5742766358222712
26.981,0,-3.083196653450199,-3.0362422120151775,1.8895406147665537,0.7104935472223901
26.981,1,-3.8281994925210383,2.5802495874556475,1.6101968073143815,0.5731550223180747
26.991,0,-3.0765439494315747,-3.0340131126174605,1.8883231765288253,0.713428119887709
26.991,1,-3.822478165328038,2.5804121359637318,1.610051522222387,0.5720564380308316
27.001,0,-3.0698916658227335,-3.0316877192259906,1.8871132549267144,0.7163065082051332
27.001,1,-3.816766729659387,2.5805683852899137,1.6099421194851513,0.570980660821722
27.012,0,-3.0632416204708384,-3.029267064883708,1.885909716250697,0.7191140674568477
27.012,1,-3.811065196139297,2.580717904693693,1.6098682441412882,0.5699243933342629
27.021,0,-3.056595735675709,-3.026752507488136,1.884711253604978,0.7218102976794718
27.021,1,-3.8053735712582877,2.580860245776973,1.6098306678422099,0.5688907819629915
27.031,0,-3.049955985150105,-3.024145451931107,1.8835190010071643,0.7243556753899778
27.031,1,-3.799691845055835,2.5809949678346658,1.6098274708970153,0.5678801916950318
27.041,0,-3.0433243413740763,-3.02144750745514,1.8823346083235353,0.7267359918256014
27.041,1,-3.7940200061813876,2.5811216325390274,1.609855789532775,0.5668875816605992
27.051,0,-3.0367027458723204,-3.0186604808259596,1.8811601114044127,0.7289415981365294
27.051,1,-3.7883580482749633,2.5812398122894393,1.6099115877159471,0.5659061883394078
27.061,0,-3.0300931208376376,-3.015786452433048,1.8799971282880699,0.7309666429749677
27.061,1,-3.7827059809893475,2.581349077333069,1.6099915762661723,0.5649307146583152
27.071,0,-3.023497386678132,-3.012827774192983,1.8788468514678447,0.7328011026467638
27.071,1,-3.7770638330584014,2.5814489965343994,1.6100932817272942,0.5639572503473769
27.081,0,-3.0169174695206085,-3.0097870739946817,1.877709853744964,0.734443691071719
27.081,1,-3.7714316570502344,2.581539136026584,1.6102153696861872,0.5629851785427173
27.092,0,-3.010355282365952,-3.006667281232971,1.8765854158388808,0.7358923483421127
27.092,1,-3.765809530205486,2.5816190526496188,1.6103583067388498,0.5620152323620088
27.101,0,-3.003812693298779,-3.0034714549668142,1.8754728724249135,0.7371362823772811
27.101,1,-3.7601975340919855,2.5816883106100073,1.6105224199409276,0.5610472352756647
27.111,0,-2.9972914874960694,-3.0002027119010473,1.874371851480754,0.7381716830662686
27.111,1,-3.7545957433363153,2.5817464839805204,1.6107076495246038,0.5600813397915242
27.121,0,-2.990793339366157,-2.9968641955274307,1.8732821523200214,0.738999609883371
27.121,1,-3.7490042187642683,2.581793158056664,1.6109134913028973,0.55911770387245
27.131,0,-2.984319805639766,-2.9934590105662093,1.872204195364421,0.7396072413793485
27.131,1,-3.7434230021333144,2.5818279255004835,1.6111392108683504,0.5581570613237227
27.141,0,-2.9778723498020323,-2.9899901059207563,1.871140387309615,0.7399803844545643
27.141,1,-3.737852114019068,2.581850390827599,1.611383378422512,0.5571955247157945
27.151,0,-2.9714523351785647,-2.986460383420877,1.8700934850553388,0.7401298109323787
27.151,1,-3.732291561785475,2.581860172095021,1.6116436573471298,0.5562309384190002
27.162,0,-2.9650610497094245,-2.9828727777631543,1.8690655109871874,0.7400652652236747
27.162,1,-3.7267413526456616,2.581856883365324,1.6119180840747955,0.5552640311885155
27.171,0,-2.9586997403311934,-2.979230273040784,1.8680575350570932,0.7398005141385658
27.171,1,-3.7212015011988795,2.5818401285538712,1.6122054733614135,0.5542990618106511
27.181,0,-2.9523695903129887,-2.9755359545114817,1.8670684165373341,0.7393734038413279
27.181,1,-3.715672035828091,2.5818094926144664,1.6125059312087164,0.553340042310602
27.191,0,-2.9460716775852034,-2.9717929656480564,1.86609455081894,0.7387977220643818
27.191,1,-3.710152993623398,2.5817645482774374,1.6128199655089077,0.5523871531503005
27.201,0,-2.9398070213757537,-2.9680042876222688,1.865133075005405,0.738066426837095
27.201,1,-3.7046444135558634,2.581704861158221,1.6131477978370585,0.5514388758377513
27.211,0,-2.93357657671082,-2.964172699255492,1.8641822916059863,0.737173561990149
27.211,1,-3.6991463329472465,2.5816299932780873,1.613489066807365,0.5504901374959381
27.221,0,-2.9273812409626685,-2.9603007822790537,1.8632416653136907,0.7361188605537526
27.221,1,-3.6936587837279524,2.581539508919695,1.6138425506557699,0.5495386582172589
27.231,0,-2.921221863265191,-2.956390988182339,1.8623109665951927,0.7349059779306599
27.231,1,-3.6881817921062523,2.581432962158332,1.6142071000170635,0.5485860557481115
27.241,0,-2.915099251116695,-2.9524456952242266,1.8613894664413135,0.7335558110889906
27.241,1,-3.682715379196212,2.581309888822868,1.6145822985231095,0.5476428499018976
27.251,0,-2.9090141481536014,-2.9484672420669544,1.860475046727286,0.7320798447873191
27.251,1,-3.6772595656526446,2.581169795866086,1.6149692047555084,0.5467148483529608
27.261,0,-2.902967266173822,-2.944457826530077,1.859566042296398,0.7304779103688636
27.261,1,-3.671814366208094,2.58101219093658,1.6153686150612936,0.5457999328935117
27.271,0,-2.89695926470554,-2.9404194809276465,1.8586613261494773,0.7287574381831572
27.271,1,-3.6663797934428004,2.5808365873224557,1.6157809074225489,0.5448965694348764
27.281,0,-2.890990724605355,-2.9363540680007105,1.8577600181213287,0.7269301313675492
27.282,1,-3.660955861987039,2.5806425028343147,1.6162062201038419,0.5440036117168398
27.291,0,-2.8850621994462955,-2.9322632084324236,1.8568634476383339,0.724946594395372
27.291,1,-3.655542590260852,2.580429452033407,1.616644840503417,0.5431260320195874
27.301,0,-2.8791742957117124,-2.928148197434602,1.855977758265945,0.7227997633424839
27.301,1,-3.650139999565836,2.5801969441607406,1.6170975468004156,0.5422652153662973
27.311,0,-2.8733274672303204,-2.9240101579712663,1.8551082090545545,0.7205322595233026
27.311,1,-3.6447481033667204,2.5799445168990207,1.6175645110626296,0.5414143778428723
27.321,0,-2.8675220194413558,-2.9198500454252145,1.8542589468681143,0.7181795289690952
27.321,1,-3.639366900201199,2.57967175561884,1.6180449810306956,0.5405706416203905
27.331,0,-2.8617581502093286,-2.9156686877509026,1.8534328387618135,0.7157703029632304
27.331,1,-3.633996371191801,2.579378285762237,1.6185381560647547,0.5397363957105914
27.341,0,-2.8560359804764825,-2.9114668353733464,1.8526310685097693,0.7133438206829535
27.341,1,-3.62863647793217,2.5790637735082855,1.619043515098372,0.5389185298870109
27.351,0,-2.85035554412911,-2.9072451989217356,1.8518524761367465,0.7109208902832064
27.351,1,-3.6232871626523324,2.5787279217462733,1.6195610878436253,0.5381216139974726
27.361,1,-3.6179483436803217,2.5783704781992935,1.6200908028976646,0.5373461053260006
27.361,0,-2.844716843708161,-2.903004390844788,1.8510958962730817,0.708504795698422
27.371,0,-2.8391198419439205,-2.8987449136517904,1.8503606838371476,0.7060959712787162
27.371,1,-3.6126199153210625,2.5779912356363677,1.6206322346156492,0.5365883528284473
27.381,0,-2.8335644693822095,-2.894467177502404,1.8496469163192824,0.7036963260137283
27.381,1,-3.607301747759478,2.57759003303601,1.6211844336861554,0.5358478329259254
27.391,0,-2.828050633844837,-2.890171567401074,1.8489546817343037,0.7013074088497784
27.391,1,-3.6019936873311873,2.5771667418771527,1.621746508463172,0.5351276286106668
27.401,0,-2.8225782100220553,-2.885858516888728,1.8482828145429238,0.6989566463483154
27.401,1,-3.5966955571724593,2.5767212601151264,1.6223178927615627,0.5344361816648286
27.411,0,-2.817146990717744,-2.881528553888878,1.8476273142946733,0.6966514501959481
27.411,1,-3.5914071581704445,2.5762534982222265,1.6228986445869624,0.5337792583552352
27.421,0,-2.811756786870468,-2.87718219206615,1.8469849192245156,0.6943782982065766
27.421,1,-3.5861282620181454,2.5757633752648283,1.6234887527121178,0.533157986501785
27.431,0,-2.806407409903042,-2.8728198947589094,1.8463533956607323,0.6921323100699752
27.431,1,-3.580858609198347,2.575250804798905,1.6240880258073125,0.5325735782864727
27.441,0,-2.8010986439804086,-2.868442063721558,1.845731237455906,0.689913328322126
27.441,1,-3.5755979113070593,2.5747156842316405,1.624696151274952,0.5320282223345311
27.451,0,-2.7958302266912765,-2.8640490320936127,1.845117407873163,0.6877273632085364
27.451,1,-3.5703458514373207,2.57415791060905,1.625311777897811,0.5314954876966076
27.461,0,-2.790601825131374,-2.8596410601938635,1.844510936109083,0.6855833796305586
27.461,1,-3.5651020826178397,2.573577413231521,1.6259310537563707,0.5309647408940695
27.471,0,-2.785413032904924,-2.855218328323643,1.8439110971245687,0.6834889417926311
27.471,1,-3.5598662420303735,2.5729740911103955,1.6265506282572937,0.5304462362766256
27.481,0,-2.7802633762459066,-2.850780957146417,1.8433173945829522,0.6814485161210168
27.481,1,-3.554637952711839,2.5723478222517593,1.6271677488062042,0.5299495887737123
27.491,1,-3.549416820565978,2.571698473437912,1.6277804058880754,0.5294852008763175
27.491,0,-2.7751523425184024,-2.8463290594440926,1.8427295131293935,0.6794609843626033
27.501,0,-2.770079418713569,-2.8418627828583714,1.8421475564500032,0.6775134988094884
27.502,1,-3.5442024336368116,2.571025904863951,1.6283876330270222,0.5290754510719855
27.511,0,-2.765044131335261,-2.8373823184345097,1.8415727003000317,0.6755948184185679
27.511,1,-3.5389943658218015,2.5703299522856176,1.6289904518104632,0.5287363517114937
27.521,0,-2.760046008391022,-2.8328879060213756,1.8410059992397345,0.6737058918657385
27.522,1,-3.5337921799677257,2.5696104706111655,1.6295898680304313,0.5284625342492386
27.531,1,-3.528595436121491,2.5688673379958784,1.630186472226181,0.5282496383954574
27.532,0,-2.7550845715929797,-2.828379815106806,1.8404481740680514,0.6718476211851016
27.541,0,-2.7501593435395826,-2.8238583271581637,1.8398997827372854,0.6700186585772439
27.541,1,-3.5234037005677394,2.5681004516170853,1.6307805167589258,0.5280924440054995
27.551,0,-2.7452698673160767,-2.8193237353435774,1.8393614589278,0.6682146030508249
27.551,1,-3.5182165515640635,2.5673097271960224,1.6313719661482646,0.5279875054353348
27.561,0,-2.740415727709245,-2.8147763839361675,1.838833576547155,0.6664303727100883
27.561,1,-3.513033578724673,2.566495086174962,1.6319611449932496,0.5279467350037788
27.571,0,-2.735596562475581,-2.8102167103869973,1.8383157595235609,0.6646609963859721
27.571,1,-3.507854378768029,2.5656564329051337,1.6325498647565173,0.5279798356518547
27.581,0,-2.730812060176537,-2.8056452439351864,1.8378070850668884,0.6628982708624989
27.581,1,-3.502678550594861,2.5647937020854896,1.6331397157081178,0.5280787956037544
27.591,0,-2.7260619368930925,-2.8010625505539752,1.8373068266735275,0.661137507567978
27.591,1,-3.4975056905816793,2.563906864416072,1.633731681745928,0.528237379112999
27.601,0,-2.721345884155903,-2.7964691966915702,1.836814112720387,0.6593873281277
27.601,1,-3.4923353911850223,2.5629959188935567,1.6343262791086934,0.5284507707558287
27.61,0,-2.7166635255057883,-2.791865734610829,1.836327346619321,0.657654250648902
27.61,1,-3.487167243496848,2.562060908513325,1.6349228282834185,0.5286910753508357
27.618,1,-3.4820008441623003,2.561101939415072,1.635518426376132,0.5289461886827073
27.619,0,-2.712014440508247,-2.7872526810209655,1.8358453058512225,0.6559385751935707
27.631,0,-2.70739817403197,-2.7826305208335347,1.8353671958200701,0.654240957189708
27.631,1,-3.4768357990898853,2.5601191016779676,1.636110609732632,0.529224842904451
27.641,0,-2.7028142455016,-2.7779997156312652,1.834892563425454,0.6525603484013414
27.641,1,-3.4716717343913697,2.559112454673438,1.6366976116237673,0.5295321302921258
27.651,0,-2.6982621775455295,-2.773360728742033,1.8344213352686505,0.6508901686857542
27.651,1,-3.46650830504275,2.558082028537155,1.6372781497475188,0.5298703483006424
27.661,0,-2.693741549774933,-2.768714091251599,1.8339535621487808,0.6492164545939518
27.661,1,-3.461345197872203,2.557027826174013,1.6378512846360496,0.5302403576928613
27.671,0,-2.689252021687959,-2.7640604737299572,1.8334881921981432,0.6475438576106766
27.671,1,-3.4561821316602463,2.555949818891233,1.6384166310478998,0.5306515058534194
27.681,0,-2.6847932783087645,-2.7594007380476717,1.833020382736479,0.6458715200245763
27.681,1,-3.451018852194396,2.554847928830674,1.6389750486512162,0.5311101578704228
27.691,0,-2.680365115246094,-2.7547358632493006,1.8325460475703115,0.6441718675067423
27.691,1,-3.4458551322665127,2.5537220574568935,1.6395273397146592,0.5316098669423353
27.701,0,-2.675967404767803,-2.7500669153165793,1.83206226920026,0.642432478331926
27.701,1,-3.4406907675570535,2.552572090529149,1.6400739474157047,0.5321449657040979
27.711,0,-2.671600049964048,-2.7453950457403953,1.8315664264961826,0.6406407380322721
27.711,1,-3.435525572213721,2.5513978953711067,1.6406150077270887,0.5327124008783984
27.721,0,-2.667263020968507,-2.7407214938959066,1.8310574233468562,0.638764913732987
27.721,1,-3.4303593741210334,2.5501993164773618,1.64115040341282,0.5333069834405
27.731,0,-2.6629563879505174,-2.7360475943826517,1.8305366355087833,0.6367755499543672
27.731,1,-3.4251920158739644,2.5489761841971457,1.6416795902647827,0.5339258202689188
27.741,0,-2.6586802885739598,-2.7313748049678024,1.8300061460002535,0.6346564673073937
27.741,1,-3.420023357303025,2.5477283153923036,1.6422021229251675,0.5345701281835998
27.751,0,-2.654434931089112,-2.7267047440685226,1.8294676789015203,0.6323911582373083
27.751,1,-3.4148532788100283,2.546455524981044,1.6427178154529847,0.5352397686079738
27.761,0,-2.6502206206108254,-2.7220392128348685,1.8289225906141275,0.629960013286355
27.761,1,-3.409681681180321,2.5451576462197028,1.6432265401481365,0.5359324371164227
27.771,0,-2.6460377531734647,-2.71738019831477,1.8283711560026392,0.6273637054187757
27.771,1,-3.4045084840702473,2.543834542903314,1.6437282500723684,0.5366478206154395
27.781,0,-2.64188678063201,-2.7127298526841486,1.8278115318377157,0.6245934130155845
27.781,1,-3.3993336262235716,2.542486104544851,1.6442231756610244,0.5373849621581885
27.791,0,-2.637768254446982,-2.708090465385958,1.8272423186144489,0.621626149712411
27.791,1,-3.394157071925681,2.541112232702391,1.6447115149110811,0.5381400033868425
27.801,0,-2.6336828178737925,-2.703464439219678,1.8266632132648757,0.6184322985993345
27.801,1,-3.388978814877889,2.539712817247953,1.645193501483517,0.5389132555460072
27.811,0,-2.6296312042060634,-2.698854281783174,1.8260753832108827,0.6149915684483505
27.811,1,-3.383798876324705,2.538287715221213,1.6456697585180295,0.539704872204838
27.821,0,-2.6256141944509537,-2.6942625944629097,1.8254799761863694,0.6112958834875508
27.821,1,-3.378617302559673,2.536836763319539,1.64614079325304,0.5405109273163208
27.832,0,-2.6216325820598194,-2.689692049451775,1.8248769554181505,0.6073713538725075
27.832,1,-3.3734341611821286,2.5353597900967366,1.6466066964651451,0.5413230987127056
27.841,0,-2.617687097392834,-2.6851453251703172,1.8242628916591224,0.6032396459848599
27.841,1,-3.3682495417821996,2.5338566312270245,1.6470667311806049,0.5421354671830019
27.851,0,-2.6137785319910276,-2.6806251412475706,1.8236348916027612,0.5988788680314571
27.851,1,-3.3630635517203147,2.5323271042132354,1.6475201933929706,0.5429494356742139
27.861,0,-2.6099077588605297,-2.6761342491952806,1.8229912338948888,0.5942740527850215
27.861,1,-3.357876318158611,2.530771004536391,1.647966556001711,0.5437652059285564
27.871,0,-2.6060757027281234,-2.6716753943449736,1.8223306034011406,0.5894308364860926
27.871,1,-3.3526879900034356,2.5291881045070297,1.6484056317621645,0.5445872437981015
27.881,0,-2.6022832832957445,-2.6672512568377993,1.8216507069667727,0.5843747668228739
27.881,1,-3.3474987299756114,2.5275781138213023,1.64883904328828,0.545443576259321
27.891,0,-2.5985314057905713,-2.6628644431284934,1.8209484791662505,0.5791110099546262
27.891,1,-3.342308704260407,2.5259406534885978,1.6492711939009053,0.5463412347036766
27.901,0,-2.5948210179199602,-2.658517558792635,1.8202223348354132,0.5736077221061728
27.901,1,-3.3371180940085345,2.5242753688643904,1.6497057082351099,0.5472702529761608
27.911,1,-3.3319270832013754,2.522581941022969,1.650145443642642,0.5482238588215252
27.911,0,-2.591153116942222,-2.6542132433198433,1.8194727581889236,0.5678482908359114
27.921,0,-2.5875286790877725,-2.649954121068772,1.8187005271289944,0.5618366463406659
27.921,1,-3.326735846842418,2.5208601046770833,1.6505923087510117,0.5491952419624613
27.931,0,-2.5839486269769374,-2.645742773308596,1.817905917173712,0.5556029777557124
27.931,1,-3.321544542390929,2.5191096589409248,1.6510472974483148,0.5501757297498869
27.941,0,-2.580413780101461,-2.641581684461093,1.817087593735332,0.5491724923280583
27.941,1,-3.316353310669194,2.5173304819143394,1.651510312751517,0.5511581868798083
27.951,0,-2.5769249387329953,-2.637473335530712,1.8162446008688111,0.5425348815911645
27.951,1,-3.3111622820874294,2.515522510032843,1.6519810017774994,0.5521409764929908
27.961,0,-2.573482895060964,-2.6334202195527183,1.8153766008742414,0.53568527322228
27.961,1,-3.3059715883499634,2.5136857346416797,1.6524589840997723,0.5531213767613526
27.971,0,-2.5700884593258317,-2.629424872562633,1.8144844145800674,0.5285770563592207
27.971,1,-3.3007813725945976,2.5118202012308735,1.652943986967108,0.5540987414457719
27.981,0,-2.5667425086671045,-2.6254899292157594,1.8135709189957856,0.52118768749089
27.981,1,-3.295591793947208,2.509926007727857,1.6534360341268621,0.555070397147527
27.991,0,-2.5634458688625648,-2.6216179634952974,1.812638205761598,0.5135616617169659
27.991,1,-3.29040302768839,2.508003324070771,1.6539349853154235,0.5560289194010368
28.001,0,-2.560199212812355,-2.617811332905298,1.811685298254893,0.505818273837093
28.001,1,-3.285215261166689,2.5060523872772773,1.6544406844249897,0.5569766156524489
28.012,0,-2.557003039578238,-2.614072126334099,1.8107077507093843,0.49800262966220343
28.012,1,-3.2800286876043954,2.504073464631441,1.654953666402988,0.557914381906569
28.021,0,-2.5538578943093815,-2.610402453177133,1.809702248014686,0.4900829854316168
28.021,1,-3.274843508986397,2.502066855746114,1.655474282426116,0.5588371475014617
28.031,0,-2.55076436951277,-2.606804451688335,1.8086666908338813,0.4820541316452166
28.032,1,-3.2696599360159397,2.500032868906681,1.6560028302949479,0.5597471916641958
28.041,0,-2.547723087238707,-2.603280269378017,1.807599889459686,0.47387554286708805
28.041,1,-3.2644781870228976,2.4979718020175294,1.6565397253745688,0.5606379843282981
28.051,0,-2.5447347706229135,-2.5998321688601234,1.8065029703332238,0.4655016085988332
28.051,1,-3.2592984857633343,2.495883969112792,1.6570842897652152,0.5615005219350644
28.061,0,-2.5418001419484995,-2.596462378728029,1.8053774497890354,0.4569442107991482
28.061,1,-3.2541210449646236,2.493769674565549,1.6576356800676595,0.5623374618533896
28.071,0,-2.538919918075435,-2.593173079480369,1.8042252078706635,0.44817385145528876
28.071,1,-3.2489460545972433,2.491629209827109,1.6581932373727457,0.5631541753131185
28.081,0,-2.536094847109834,-2.5899664483998204,1.8030491782451128,0.4391846809349789
28.081,1,-3.243773673148106,2.4894628588821077,1.6587565928942278,0.5639550483550682
28.091,0,-2.5333256095881813,-2.5868444950701726,1.8018514672508175,0.430045588872333
28.091,1,-3.238604018092475,2.4872709100415187,1.6593255883994804,0.5647487703572397
28.101,0,-2.530612711980223,-2.5838088788862605,1.8006314273676942,0.42090298125968606
28.101,1,-3.233437158756146,2.485053641731294,1.659901045636144,0.5655526284973866
28.111,0,-2.5279565068587515,-2.5808609260188486,1.7993860948399312,0.41180504275200863
28.111,1,-3.2282731180397404,2.482811327691858,1.6604845095401592,0.5663705722007696
28.121,1,-3.2231118807029704,2.4805442591168023,1.6610770178763299,0.5671986308076213
28.121,0,-2.5253573685329394,-2.5780019050637337,1.798113405100885,0.4027285446057631
28.131,0,-2.522815711822849,-2.575233064349808,1.7968125729289683,0.39363701968226916
28.131,1,-3.217953400107565,2.478252733940316,1.6616791354237461,0.5680360869916823
28.141,0,-2.520331992304126,-2.5725556363163893,1.795484093621998,0.38451490126417825
28.141,1,-3.2127976019017934,2.4759370460953978,1.662291206410483,0.5688828785120151
28.151,0,-2.517906687617067,-2.569970805861245,1.7941293426733629,0.3753099732844029
28.151,1,-3.2076443843477715,2.4735974962096283,1.6629129842615293,0.569727755009255
28.161,0,-2.515540292940115,-2.567479696131343,1.7927504073563842,0.36609002536853497
28.161,1,-3.2024936229381415,2.471234406294183,1.663543204837337,0.5705717145709984
28.171,0,-2.513233162209958,-2.5650831026941545,1.7913473008359904,0.35693324928957576
28.171,1,-3.1973451774274686,2.468848065763084,1.6641816911302205,0.5714270706021667
28.181,0,-2.5109856365200325,-2.562781699155798,1.7899200928825043,0.347838104852293
28.181,1,-3.1921989098516312,2.4664387499157,1.6648283777377086,0.5722904168915698
28.192,0,-2.508798063689684,-2.560576071937292,1.7884692277691774,0.33880840099486575
28.192,1,-3.187054698690895,2.464006721400619,1.6654830078027418,0.5731581190341098
28.201,0,-2.5066707539862003,-2.5584666531549765,1.786994814409757,0.329936980630319
28.201,1,-3.1819124465738726,2.461552206754361,1.666145988514826,0.5740537874599433
28.208,0,-2.504603888846101,-2.556453588831675,1.7854952516907687,0.3213038409025325
28.208,1,-3.1767720796134813,2.4590753471066726,1.6668202691628737,0.5749953668664971
28.221,0,-2.5025976337242732,-2.554536959703146,1.783969368477088,0.31289307577526226
28.221,1,-3.1716335555665625,2.4565762664274438,1.6675082913319683,0.5759675272074692
28.231,0,-2.5006521579169725,-2.552716848681096,1.7824169991930234,0.30466270282045893
28.231,1,-3.166496862614407,2.4540550788605495,1.6682114174359124,0.5769565788096902
28.241,0,-2.498767617276799,-2.55099333362429,1.78083882250693,0.2966135866577312
28.241,1,-3.161362012669781,2.451511882856324,1.6689301719208214,0.5779545294038968
28.251,0,-2.4969441275777924,-2.5493664521256685,1.7792359222344996,0.2887220514158099
28.252,1,-3.1562290314938144,2.448946779694405,1.6696637866914512,0.5789247247419582
28.261,0,-2.4951817660186397,-2.5478362020422294,1.7776097327397806,0.2810525915309555
28.261,1,-3.1510979550804943,2.4463599251148485,1.6704086907373337,0.5798529553907722
28.271,0,-2.493480467211546,-2.546402362556759,1.7759601762458264,0.273702041664286
28.271,1,-3.14596881337516,2.44375144011144,1.6711629799740884,0.5807647901421955
28.281,0,-2.491840137038485,-2.545064666172471,1.7742873052699357,0.2666570053370171
28.281,1,-3.140841638163277,2.441121443796702,1.6719254407843627,0.581660770693408
28.291,0,-2.4902606806431886,-2.5438228361722395,1.772591617810374,0.25991608310075687
28.291,1,-3.1357164710989784,2.4384700710958307,1.6726949974791618,0.5825399415825437
28.301,0,-2.48874199639513,-2.5426765710706865,1.7708738745525499,0.2534869926132444
28.302,1,-3.1305933695901405,2.435797479847571,1.6734706197171143,0.5833985155779169
28.311,0,-2.4872839653972223,-2.5416255216113104,1.769134844146097,0.2474051834689903
28.311,1,-3.1254724057035927,2.4331038412861044,1.6742519634022677,0.5842600339215241
28.321,0,-2.4858864430861924,-2.5406692724581936,1.7673750817264358,0.2416960053293687
28.321,1,-3.1203536561607836,2.4303893109896775,1.6750405564578716,0.5851356121577277
28.331,0,-2.4845492501229525,-2.5398073303566475,1.7655947922302762,0.2364677429972612
28.331,1,-3.115237201715704,2.427654049978383,1.6758382543732389,0.5860373963346892
28.341,0,-2.4832721239404987,-2.5390390528158835,1.7637930757928229,0.23177750436756694
28.341,1,-3.110123126115485,2.42489819572466,1.6766475680014312,0.5869633525783293
28.351,1,-3.1050115250691146,2.4221218743747457,1.6774701481173249,0.5879010599095917
28.352,0,-2.482054815366711,-2.5383638071912498,1.761969512365244,0.22759350840960335
28.361,0,-2.4808970360430393,-2.537780892490349,1.7601233171801705,0.22409603006907344
28.361,1,-3.0999025106613005,2.41932518515429,1.6783067559413003,0.5888371989555675
28.371,0,-2.4797983672868322,-2.5372893958784197,1.7582518110348928,0.22136329459031096
28.371,1,-3.094796214023427,2.416508197553164,1.6791570952258819,0.5897590876633018
28.381,0,-2.4787584393306346,-2.53688846614412,1.7563532444100414,0.2192986896840191
28.381,1,-3.089692782937879,2.4136709379899504,1.680020506224959,0.5906657484567924
28.391,0,-2.4777769366520093,-2.5365773136986243,1.7544268024750698,0.21786078003898987
28.391,1,-3.0845923802436026,2.41081339156646,1.6808962501395917,0.5915562955225376
28.401,1,-3.0794951836633024,2.4079355125231228,1.6817835149365348,0.5924290352889445
28.402,0,-2.476853570368215,-2.536355160458554,1.752472076645018,0.21700681845240138
28.411,0,-2.4759880955016,-2.5362212592262767,1.750489245910983,0.216679005218515
28.411,1,-3.0744013825742087,2.4050372362746146,1.6826814180963559,0.5932832780777367
28.421,0,-2.475180345804586,-2.5361749424457978,1.7484796023476983,0.216678302365279
28.421,1,-3.0693111689275723,2.402118488997153,1.683589164943201,0.5941222236018543
28.431,0,-2.474430252489428,-2.5362156542712757,1.7464458958352325,0.21700293873719015
28.431,1,-3.064224730903859,2.3991791866087597,1.684506711842714,0.5949693252427204
28.441,0,-2.4737376782116134,-2.5363427113543238,1.7443896314985106,0.2177275511328987
28.441,1,-3.0591422552211385,2.3962192348023392,1.6854353098914956,0.5958313909226541
28.451,0,-2.4731024785787223,-2.5365554126940872,1.7423121448770642,0.21882640784147933
28.451,1,-3.054063936983878,2.393238573289861,1.6863757825878345,0.5966954398328167
28.461,0,-2.47252450330692,-2.536853052969269,1.7402146710843762,0.22031572435428867
28.461,1,-3.048989986553767,2.390237181397759,1.6873283673348407,0.5975497771078879
28.471,0,-2.4720035296628806,-2.5372348298197216,1.7380972434978479,0.22239127279660728
28.471,1,-3.0439206308100957,2.3872150714150386,1.6882931426790986,0.5983988089610752
28.482,0,-2.4715391959803807,-2.5376997427748966,1.735957485488433,0.22514313204449063
28.482,1,-3.038856107994246,2.384172273441067,1.6892708629956295,0.5992461317655178
28.491,0,-2.471131162283497,-2.5382468195409054,1.7337932264617453,0.2285205254618214
28.491,1,-3.0337966657806508,2.381108850767704,1.69026250954196,0.6001038300389525
28.501,0,-2.4707791054811246,-2.5388750945116323,1.7316023291198137,0.23244324563914603
28.501,1,-3.0287425633104474,2.378024883512842,1.691269978765742,0.6009732612801079
28.511,0,-2.4704827829430207,-2.539583692225908,1.729383689667585,0.23677701134306947
28.511,1,-3.0236940763201923,2.374920498421674,1.6922944845374008,0.6018362853039536
28.521,0,-2.4702420505062066,-2.540371846857067,1.7271375229738462,0.24131811220047186
28.521,1,-3.018651502096809,2.371795851068503,1.6933370114644355,0.602703891417719
28.531,0,-2.4700568900308237,-2.5412389356669793,1.7248658531945815,0.24599041504930086
28.531,1,-3.0136151652375878,2.3686510835554144,1.6944000181993915,0.6035991208664409
28.541,0,-2.4699272545310347,-2.542184245782964,1.7225698266335263,0.2508546854797337
28.541,1,-3.0085854200535675,2.36548635515412,1.6954861140891486,0.6045076918458631
28.551,0,-2.4698531183272485,-2.543207039859371,1.7202505169018074,0.2558696715690296
28.551,1,-3.003562649541566,2.3623018675173086,1.6965968398207216,0.6054073292518037
28.561,0,-2.4698344813678306,-2.5443065603825636,1.717908992183386,0.26104202187560327
28.561,1,-2.9985472640785726,2.3590978612657865,1.6977327212760354,0.606275412255914
28.571,1,-2.9935396952432947,2.3558746140491555,1.698893396764931,0.6070973693941152
28.572,0,-2.4698713505450707,-2.545482003744044,1.7155459986261328,0.26635964569157844
28.581,0,-2.4699637985587035,-2.5467326017727525,1.7131629388338627,0.2716774469646514
28.581,1,-2.988540382110611,2.3526324389982047,1.700077866666671,0.6078488392186759
28.591,0,-2.470111996732553,-2.5480576725956756,1.7107624991231125,0.27700468500230646
28.591,1,-2.9835497586257658,2.3493716910600853,1.7012844466727164,0.6085421937642823
28.601,0,-2.470316037868091,-2.5494563996951163,1.708345807466119,0.2824288005467551
28.601,1,-2.978568256221573,2.34609271788441,1.7025131081178246,0.6091982103868696
28.61,0,-2.4705760094106215,-2.5509279539104686,1.7059138758509633,0.2879187916271145
28.61,1,-2.973596299099684,2.342795891218726,1.7037637323105872,0.6098068218443506
28.62,0,-2.4708919991382707,-2.552471518372071,1.703467863051996,0.293456502996454
28.62,1,-2.9686343058176456,2.339481605855347,1.7050358516877737,0.6103612587780228
28.631,0,-2.471263995373748,-2.5540861735311307,1.7010075329912167,0.29930657528552784
28.631,1,-2.9636826934259775,2.3361502690879434,1.7063289925897487,0.6108693966575895
28.641,0,-2.471691750119312,-2.555770738169849,1.6985290667375763,0.3055570593026661
28.641,1,-2.958741883821724,2.3328022829175183,1.7076432803664767,0.611337046091994
28.651,0,-2.4721750464465444,-2.5575241288882875,1.6960297556197073,0.3120416619276274
28.651,1,-2.953812302591259,2.329438047283096,1.7089785894810954,0.6117552124487273
28.661,0,-2.4727136341840397,-2.5593452884081103,1.693507009043618,0.31889982485185503
28.661,1,-2.9488943777289283,2.326057957154857,1.7103340628129395,0.6120969329260655
28.671,0,-2.4733070825647383,-2.5612330112283,1.690955930990921,0.3261444966335404
28.671,1,-2.943988530687285,2.3226624044003437,1.7117077891862627,0.6123522358039682
28.681,0,-2.4739550373479364,-2.5631862719721408,1.6883738054711934,0.33350154543070837
28.681,1,-2.939095164523906,2.319251762299354,1.7130978347185724,0.612521315912976
28.691,1,-2.9342146498730797,2.3158263794748106,1.7145029438189212,0.6126516694200222
28.691,0,-2.4746571590116586,-2.5652041599193756,1.685759186319831,0.3411522725623728
28.701,0,-2.4754127140043316,-2.567285416870753,1.6831057013496147,0.3492800130541764
28.701,1,-2.929347319835599,2.3123865569757815,1.715923896613638,0.6127714903657526
28.711,0,-2.4762208295639954,-2.5694288072785216,1.6804085951320589,0.3576237003453636
28.711,1,-2.924493446495057,2.3089325834706136,1.71736119490777,0.612871971452399
28.721,0,-2.477080434669231,-2.571633091250887,1.6776656543264945,0.3660065871657065
28.721,1,-2.919653238653464,2.3054647345797417,1.7188147855252587,0.6129473764998404
28.731,0,-2.477990384533105,-2.5738971980311978,1.674880854917661,0.3735329764587626
28.731,1,-2.9148268444820484,2.3019832712322916,1.7202841016628665,0.6129885823008044
28.741,0,-2.4789496509698963,-2.5762204672871984,1.6720694680823873,0.3799140875766014
28.741,1,-2.910014353349883,2.298488439330646,1.7217682684245703,0.6130048574264503
28.751,0,-2.479956424328409,-2.5786015446178574,1.6692432026443755,0.38546319840795
28.751,1,-2.9052157991040444,2.29498046501195,1.7232668613862907,0.6130074763733223
28.761,0,-2.4810080451388443,-2.5810382511326817,1.6664092891846567,0.39050109431677454
28.761,1,-2.9004311651659003,2.291459567431584,1.724779960310054,0.6130316419337231
28.771,0,-2.4821010110864408,-2.583527540163782,1.663569993616843,0.39516771826223324
28.772,1,-2.8956604036080473,2.2879259541246375,1.7263090095921265,0.6130925707422588
28.781,0,-2.483231217915243,-2.5860657680422845,1.660726964115847,0.3993884255293001
28.781,1,-2.8909034325122698,2.284379852787804,1.7278548676133507,0.6131692672846497
28.791,0,-2.4843940240867806,-2.588648748285338,1.657881753756359,0.4031358649597489
28.791,1,-2.886160155770489,2.2808215001725625,1.7294184188657886,0.6132975859833263
28.801,0,-2.485584288040877,-2.591271767004474,1.6550352666005945,0.4063770560008697
28.801,1,-2.881430490207992,2.277251110069497,1.731002489585139,0.6135050290792816
28.809,0,-2.48679645994318,-2.5939296769391214,1.6521885608957205,0.409042103656822
28.809,1,-2.8767143458764175,2.273668908787228,1.7326091735620088,0.6137595647301323
28.821,0,-2.488024649852961,-2.5966169584897028,1.6493428651298163,0.41108450251441203
28.821,1,-2.8720116253887826,2.2700751354127973,1.734239431388163,0.6140357756339779
28.831,0,-2.489262695564943,-2.599327780964909,1.6464996216210614,0.41243734467830107
28.831,1,-2.8673222303397887,2.2664700340338046,1.7358934593290583,0.6143170601899767
28.841,0,-2.490504229734692,-2.602056064352629,1.6436605699447202,0.4131075413468553
28.841,1,-2.862646063230353,2.262853851758324,1.737570848879201,0.6145886320314864
28.851,0,-2.491742737991733,-2.6047955145063155,1.6408263457799133,0.4131307922226085
28.852,1,-2.8579830258169565,2.2592268349035303,1.7392708804356218,0.6148440540133999
28.861,0,-2.4929716303777973,-2.607539713557571,1.637997119473439,0.4125600823701432
28.861,1,-2.853333025933356,2.2555892181072745,1.7409932510982362,0.6151159778109596
28.871,0,-2.4941843091981,-2.6102821877203772,1.6351718972888492,0.41144014967820963
28.871,1,-2.8486959864652874,2.251941214059294,1.742738627672369,0.6154089860852573
28.881,0,-2.4953742012684748,-2.613016476463367,1.6323499893993334,0.40973925333069
28.882,1,-2.8440718387793575,2.248283028369544,1.7445071730828807,0.6157046907851059
28.891,0,-2.4965347876503707,-2.615736175653813,1.629531233951116,0.40743679616667416
28.891,1,-2.8394605277047464,2.2446148561475994,1.7462985400462843,0.61599005439979
28.901,1,-2.8348620086234866,2.2409368874655704,1.748111429121526,0.6162090841322851
28.902,0,-2.497659592828309,-2.6184349493054104,1.6267170373634612,0.40434935198750954
28.911,0,-2.4987421538080716,-2.6211065154018813,1.623911361778451,0.40043143166441314
28.911,1,-2.830276230109244,2.237249325714303,1.7499423446637605,0.6163185622054006
28.921,0,-2.499776188143411,-2.62374474448696,1.6211169980493116,0.3958799137266385
28.921,1,-2.8257031499305345,2.2335523550572467,1.7517884586163996,0.6163739938700522
28.931,0,-2.500755693830078,-2.6263437381488663,1.6183346472393132,0.390826463087712
28.931,1,-2.8211427406396403,2.229846130699344,1.7536487208943394,0.6164047317703594
28.942,0,-2.501674906395517,-2.62889781556528,1.615564640431312,0.3853209932258884
28.942,1,-2.816594976178471,2.2261308002382427,1.7555222167997355,0.6164057285541341
28.951,0,-2.502528339406562,-2.6314015510883,1.612806756689089,0.37951841244594464
28.952,1,-2.8120598325554425,2.222406505351686,1.7574080756001516,0.6163865541175939
28.961,1,-2.807537291582681,2.218673378410384,1.7593060950780486,0.6163723664707985
28.961,0,-2.5033109147371024,-2.63384987865569,1.61005874580034,0.37362697387648
28.971,0,-2.5040178965755207,-2.636238052747709,1.607317692207894,0.36769100237217506
28.971,1,-2.803027329905724,2.214931553114267,1.7612165601390757,0.6163637637138836
28.981,0,-2.504644781607068,-2.6385615711794403,1.6045815031204995,0.36171095208225923
28.981,1,-2.798529900884949,2.2111811811676545,1.7631393770511345,0.6163468603189534
28.991,0,-2.5051872816899827,-2.6408161630684117,1.6018489847984472,0.35567819938020206
28.991,1,-2.7940449276544674,2.207422437411937,1.765074048936105,0.6163106556937163
29.001,0,-2.5056413036196012,-2.6429977707498824,1.5991199596572672,0.3495932002914893
29.001,1,-2.789572299143515,2.2036555203575086,1.7670199736386907,0.6162638753211749
29.011,0,-2.506002985279636,-2.6451025716172625,1.5963947924830129,0.34350976266043287
29.011,1,-2.785111865263832,2.199880645814465,1.7689769224434053,0.6162139410133921
29.02,0,-2.5062687733178364,-2.6471270291632036,1.593673665087557,0.33755872600678744
29.02,1,-2.7806634314575875,2.196098044584101,1.7709446889982308,0.6161736287574251
29.031,0,-2.506435526606745,-2.6490679687618863,1.5909556765578605,0.33189874425762167
29.031,1,-2.776226767954901,2.1923079449904344,1.7729240279918799,0.6161731796671988
29.041,0,-2.506500413233107,-2.65092248953089,1.5882399287741111,0.32656881606509447
29.041,1,-2.7718016079833845,2.1885105770486875,1.774915538894467,0.6161936320802289
29.051,0,-2.506460851541464,-2.6526879125032816,1.5855260475567412,0.3215951021436068
29.051,1,-2.7673876536521944,2.1847061703370336,1.776919216491594,0.6162203200102319
29.061,0,-2.506314504619084,-2.6543617719509403,1.5828141460243752,0.31702948133713077
29.061,1,-2.7629845828090502,2.180894955398658,1.7789340363313884,0.6161830039870083
29.071,0,-2.5060593090712233,-2.655941837013274,1.5801044341002823,0.3129347684078495
29.071,1,-2.758592041159478,2.177077189303228,1.780955652623516,0.6159949000933508
29.081,0,-2.5056934614987663,-2.6574261024801573,1.577397211863501,0.3093705635396464
29.081,1,-2.754209662599257,2.173253127683731,1.7829797453676768,0.6156956395281702
29.091,0,-2.505215450225678,-2.6588128184004165,1.5746924929473693,0.3064690415618723
29.091,1,-2.7498370753263313,2.169423019683742,1.7850035140127285,0.615351737575264
29.101,0,-2.5046241016319173,-2.6601005322487743,1.5719895078325665,0.3043082463705314
29.101,1,-2.7454739036697955,2.1655871115097582,1.7870260100457802,0.6149981810659984
29.111,0,-2.5039184564501586,-2.6612879864162586,1.5692876374256848,0.3029225305235608
29.111,1,-2.74111976513199,2.161745658163384,1.7890470247690986,0.6146745427202556
29.121,0,-2.5030978210387445,-2.662374159775137,1.5665859087373275,0.3024055770855552
29.121,1,-2.736774280143215,2.1578989168898284,1.7910677886471429,0.6144128416365687
29.131,0,-2.502161771624994,-2.6633582616988623,1.5638829853812963,0.3027573240092043
29.131,1,-2.732437074263459,2.154047158767758,1.7930896813822212,0.6141980274233246
29.141,0,-2.501110038240461,-2.6642396235246815,1.5611781173755759,0.3039276080219795
29.141,1,-2.72810778032129,2.1501906726046136,1.7951134145071803,0.6140053405806449
29.151,0,-2.4999424759873925,-2.6650176669766767,1.5584713356870832,0.3058188669230578
29.151,1,-2.7237860438582118,2.1463297610409446,1.797139182582453,0.6138215934489039
29.161,0,-2.498659035413898,-2.665691871636632,1.5557636448567473,0.3083765691876011
29.161,1,-2.7194715256578017,2.142464736458385,1.7991669390618512,0.613637210943841
29.171,0,-2.4972600031113963,-2.666261980872853,1.5530549263845657,0.31180353248478865
29.171,1,-2.7151638983077753,2.1385959157700736,1.801196755845685,0.613471654300375
29.181,0,-2.4957461071452522,-2.666728097579766,1.5503429117510659,0.3161025765775052
29.181,1,-2.7108628422310637,2.134723617120069,1.803229220973003,0.613324120998058
29.191,1,-2.706568040143039,2.1308481659053937,1.8052649108830172,0.6132107560252628
29.191,0,-2.4941181946735593,-2.667090409052257,1.5476256670890964,0.32121935767300636
29.201,0,-2.4923772603206498,-2.6673492217153947,1.544901146934637,0.3270737559504095
29.201,1,-2.7022791764238034,2.1269698909510226,1.8073049827661969,0.6131330958937482
29.211,0,-2.490524310699046,-2.6675048478625962,1.542168122505274,0.3335416073883594
29.211,1,-2.697995935006006,2.123089128988099,1.8093500508151752,0.6130678644546935
29.221,1,-2.6937180018186404,2.1192062203610424,1.8114004680213462,0.6130272213843504
29.221,0,-2.488560270614622,-2.667557524734795,1.5394268384902599,0.3403631517008185
29.231,1,-2.6894450658448856,2.1153215018936335,1.8134574256218818,0.6130297765774501
29.231,0,-2.4864856696542836,-2.6675071247470648,1.5366816462525021,0.347272476808361
29.241,0,-2.4843011032074567,-2.6673535608583587,1.5339369921716188,0.3543495383460417
29.241,1,-2.685176810612593,2.1114353138868656,1.8155217489739912,0.613051619446504
29.251,0,-2.4820074380669435,-2.6670969629532815,1.5311955616551227,0.36172959410335276
29.251,1,-2.6809129077986986,2.107547999884759,1.8175940885479398,0.6131097960346795
29.261,0,-2.4796058127202456,-2.666737673609724,1.5284581613025976,0.3694408259314356
29.261,1,-2.676653014551373,2.1036599033692904,1.8196755068304875,0.61320109013859
29.271,0,-2.4770974408399384,-2.666276065930561,1.5257253101296393,0.3774649377929016
29.271,1,-2.6723967731677556,2.0997713705631327,1.8217661939326513,0.6132771859709771
29.281,0,-2.474483607835022,-2.665712543633369,1.5229971841878611,0.3857777974867337
29.281,1,-2.668143815891895,2.0958827492348493,1.8238647380996174,0.6132999633896093
29.291,0,-2.4717656486086144,-2.6650475292512605,1.5202737849771484,0.39437129280922717
29.291,1,-2.663893772806844,2.0919943762470203,1.8259697886003767,0.6132961278588215
29.301,0,-2.468944963987878,-2.664281489791143,1.5175547511040592,0.40321129045836285
29.301,1,-2.6596462782146855,2.0881065704134256,1.8280806618613292,0.6132758861123304
29.311,0,-2.466022941246182,-2.66341486875446,1.514840022988961,0.4122470606455663
29.311,1,-2.6554009745581197,2.0842196301230933,1.8301966106350578,0.6132342493275825
29.321,0,-2.463000855967361,-2.6624479945113015,1.5121307592685476,0.42131595890880297
29.321,1,-2.6511575152851026,2.0803338309801207,1.832316907799428,0.6131806216114922
29.331,0,-2.4598797016553964,-2.661380908360747,1.509431034686107,0.4302888876072657
29.331,1,-2.646915567036651,2.0764494254737764,1.8344407001239653,0.6130837635661643
29.341,0,-2.456660433800257,-2.6602135898276513,1.5067455900919837,0.43919252904374734
29.341,1,-2.6426748145689674,2.0725666459487218,1.8365659963085421,0.6129221372940359
29.351,0,-2.453344310010219,-2.6589462839154825,1.5040765101444067,0.44826677953583577
29.351,1,-2.6384349655809696,2.068685707233161,1.8386912565930016,0.6127344931730149
29.361,1,-2.634195756993795,2.0648068117506964,1.8408159963804613,0.61253792616638
29.362,0,-2.4499330844006675,-2.6575797006191255,1.5014212595117582,0.4575905971182202
29.371,0,-2.4464285159306898,-2.6561145296704947,1.4987776725129565,0.4670739070802015
29.371,1,-2.6299569626512143,2.060930153717374,1.8429397328986277,0.6123245130138809
29.381,0,-2.4428323525874345,-2.6545514326549005,1.4961442786305996,0.4766774128419988
29.381,1,-2.6257183942701943,2.0570559202099705,1.845062426604947,0.6121383852702476
29.391,0,-2.439146410689204,-2.652891128173505,1.4935196400553288,0.4863570500020691
29.391,1,-2.621479892420051,2.0531842866983214,1.847185406439643,0.611996579994395
29.401,1,-2.617241315953364,2.0493154067268664,1.8493095074063204,0.611873349725234
29.402,0,-2.4353725293821267,-2.651134339713936,1.4909029856878255,0.496053909778317
29.411,0,-2.4315125946536296,-2.6492818164597347,1.488294090739852,0.5057245576745811
29.411,1,-2.6130025266030796,2.045449402072092,1.8514349645855266,0.6117543530862274
29.422,0,-2.427568499089994,-2.6473342859112274,1.4856938428307374,0.5152606018077964
29.422,1,-2.608763378083215,2.0415863589009793,1.8535617480995332,0.6116432246393873
29.431,0,-2.4235421323152373,-2.645292436548616,1.4831046463967832,0.5246606936902382
29.431,1,-2.6045237072724885,2.037726326627894,1.8556900730388057,0.6115540900753713
29.441,0,-2.419435779005545,-2.6431573501318346,1.4805264299382903,0.5339822999858403
29.441,1,-2.6002833292689322,2.0338693188691597,1.8578203357211032,0.6114899265453875
29.451,0,-2.4152520493190015,-2.6409304198818417,1.4779577878252241,0.5432565282332504
29.451,1,-2.596042042392282,2.0300153250902477,1.8599529327411783,0.6114644700361839
29.461,0,-2.4109939176424575,-2.6386134017289766,1.4753953826022688,0.5524640638966903
29.461,1,-2.5917996342154868,2.026164324543094,1.8620886547527415,0.6114788104042161
29.471,0,-2.406664431488477,-2.6362080940633734,1.4728368578973414,0.5615237506357376
29.471,1,-2.5875558912703287,2.0223162957946537,1.8642278687599607,0.6115146709961863
29.481,0,-2.402266604164601,-2.6337162214996876,1.4702816893150894,0.5703191773613333
29.481,1,-2.583310603719295,2.018471223862934,1.8663706497374046,0.6115711704591194
29.491,0,-2.3978033234725498,-2.63113932240178,1.467732349588319,0.5787415371503486
29.491,1,-2.579063565869436,2.014629104515079,1.86851739517147,0.6116636016958107
29.501,0,-2.3932774947605537,-2.628478916174308,1.4651927283621689,0.5867701237055839
29.501,1,-2.5748145789240104,2.0107899424873654,1.8706687009027425,0.6117846285001844
29.511,0,-2.388692194035326,-2.625736702868329,1.4626660487770253,0.5944215000335868
29.511,1,-2.5705634597940907,2.0069537459821043,1.8728247309830737,0.611916662022479
29.521,0,-2.384050718243882,-2.6229146497043883,1.46015383037613,0.6017802016663207
29.521,1,-2.566310044922662,2.003120522578223,1.874985553503696,0.6120721300255206
29.531,1,-2.5620541903408234,1.9992902762869458,1.877151698919095,0.6122531830904333
29.532,0,-2.3793566060295737,-2.6200150550474044,1.4576547414637047,0.608877328383099
29.541,0,-2.374613373421172,-2.6170402307394416,1.4551676890303396,0.6156856422495757
29.541,1,-2.5577957835877716,1.9954630055825404,1.879322416518419,0.6123538695502102
29.551,0,-2.3698244475068018,-2.613992442417475,1.4526919844080497,0.6221968761570423
29.551,1,-2.5535347537588713,1.9916387028753677,1.881493700667974,0.612315280338744
29.561,0,-2.3649931371931223,-2.6108738950828627,1.4502272306508028,0.6284055212173194
29.561,1,-2.5492710300892156,1.9878173475637686,1.8836623762581708,0.6121891135035549
29.571,0,-2.360122606577078,-2.607686713131148,1.447773414202831,0.6343087126981691
29.571,1,-2.5450045268864314,1.9839989016339699,1.8858260883875742,0.6119979311064485
29.581,0,-2.355215864422542,-2.604432935015881,1.4453309055400123,0.6399018313583559
29.581,1,-2.540735135554391,1.9801833088566136,1.8879830834683828,0.6117713181884804
29.591,0,-2.350275784368673,-2.6011145375333196,1.4429004737588251,0.6451836738303748
29.591,1,-2.5364627160011692,1.9763704948896423,1.8901326088657118,0.6115558808153029
29.601,0,-2.3453051834738936,-2.597733531585886,1.440482914567909,0.6501506288474246
29.601,1,-2.5321870967950773,1.972560372190349,1.8922748303010728,0.6113657155565622
29.61,0,-2.3403068773853533,-2.5942920225773483,1.4380790545151938,0.6547924104586237
29.61,1,-2.5279080945860923,1.9687528586599696,1.8944097245010272,0.6111884072107718
29.62,0,-2.3352837555209285,-2.5907923327553255,1.4356883864493337,0.6592059550190407
29.62,1,-2.5236255336429494,1.964947896738608,1.8965363736119307,0.610954753987677
29.631,0,-2.3302388892944346,-2.587237221619777,1.433305877406517,0.6634502198455262
29.631,1,-2.519339265637247,1.9611454663974326,1.8986515550068352,0.6106140527251277
29.641,0,-2.325175397916434,-2.5836295923954116,1.4309274636848623,0.6674303496170496
29.641,1,-2.5150491456127475,1.9573455830017492,1.9007523515530247,0.6101974727014892
29.651,0,-2.320096447975316,-2.5799724487609086,1.428551683100369,0.6710055013837194
29.652,1,-2.5107550235828024,1.9535482959867947,1.902836679065056,0.6097344320313904
29.661,0,-2.3150052726607764,-2.5762688682510255,1.4261810719828856,0.6740609129884386
29.661,1,-2.506456739951704,1.949753684450851,1.9049032750342694,0.6092479815241635
29.671,0,-2.30990529478173,-2.572522238829773,1.4238184869196482,0.6765807300153114
29.671,1,-2.50215411669836,1.9459618407611958,1.9069512585953852,0.608748226201301
29.681,0,-2.3048001721286844,-2.568736363964098,1.4214649511200086,0.6786447846451606
29.681,1,-2.497846959654301,1.9421728556364193,1.908978656028859,0.6081387120249852
29.691,0,-2.2996937913998785,-2.5649155028397317,1.4191179654777197,0.6802682883265616
29.691,1,-2.4935350652419466,1.9383868067056187,1.9109805990299524,0.6073935146409527
29.701,0,-2.2945901997865255,-2.5610641732971,1.4167752761956833,0.6814128583399494
29.701,1,-2.4892181773823796,1.934603742389573,1.9129523890828883,0.6065078035681158
29.711,1,-2.4848959877848693,1.930823682973705,1.9148885569444818,0.6055039758503029
29.711,0,-2.2894935838507706,-2.5571871319371287,1.414434676514245,0.6820380977055718
29.721,0,-2.284408249507369,-2.5532893266411056,1.412094558717532,0.6821172365502016
29.721,1,-2.4805681232482675,1.927046637672835,1.9167842134478625,0.6043814973933328
29.731,0,-2.2793385974266402,-2.5493758812196803,1.4097533031534202,0.6816218867759106
29.731,1,-2.4762341608888665,1.9232726226230765,1.9186337901333945,0.6031672962244943
29.741,0,-2.2742891055655896,-2.5454520451162543,1.4074100538623449,0.680511716174047
29.741,1,-2.4718936011090475,1.9195016675520127,1.9204333169373455,0.6019314652339827
29.751,0,-2.2692643196302744,-2.541523161301034,1.4050652159805102,0.6787007607169318
29.752,1,-2.467545851266008,1.9157338211725075,1.922181685148964,0.6008206514118212
29.761,0,-2.264268872327694,-2.5375946421197724,1.4027217487213035,0.6761226463689535
29.761,1,-2.4631902106635195,1.9119691488241677,1.9238820790609856,0.5998975284775153
29.771,0,-2.2593074163232467,-2.533671975805511,1.4003824665830302,0.6728010358992706
29.771,1,-2.4588259371335095,1.9082077202657532,1.925537478885465,0.5991314820019424
29.781,0,-2.254384549908774,-2.529760682779454,1.3980485917558931,0.6688408920666947
29.781,1,-2.4544522921639658,1.904449597149366,1.9271486375058728,0.5984044447222214
29.791,1,-2.450068581367903,1.900694823983939,1.928712343185682,0.5976760942280283
29.791,0,-2.249504732903048,-2.5258662491080526,1.3957187028179503,0.6642969798703148
29.802,0,-2.244672351196734,-2.5219941103908847,1.3933916338771082,0.6591547460531287
29.802,1,-2.445674088199277,1.896943417153117,1.9302260481659357,0.5969928830609805
29.811,1,-2.4412680601792967,1.8931953611134316,1.9316886232319534,0.5964113340767859
29.811,0,-2.2398917237709663,-2.51814964312358,1.391067055642349,0.6533833905450284
29.821,0,-2.2351670966748967,-2.514338151308149,1.3887456254457595,0.6469797504011355
29.821,1,-2.4368496927707395,1.88945060900046,1.9331012914972385,0.595981305096262
29.831,1,-2.432418165981945,1.8857090873634934,1.9344657051013983,0.5956952066500788
29.831,0,-2.230502577243979,-2.510564813781632,1.3864280462883998,0.6399674049247928
29.841,1,-2.4279726649481512,1.8819707032792683,1.9357832756203528,0.5955457125976736
29.842,0,-2.225902105149964,-2.506834646979041,1.3841149593279152,0.6323733550293533
29.851,0,-2.2213693896470423,-2.503152443956733,1.381806306533939,0.6242963076762118
29.851,1,-2.4235124054943076,1.8782353537473806,1.9370545023536396,0.5954861785799076
29.861,0,-2.2169078125297146,-2.4995226887813735,1.3795002220010137,0.615826396421436
29.861,1,-2.4190366610259453,1.8745029340012929,1.9382781676295406,0.5955070382690071
29.871,0,-2.2125205140460094,-2.4959496080443526,1.377194623552514,0.6069813353201103
29.871,1,-2.414544712750286,1.870773339518307,1.9394537854635854,0.5956279531422017
29.881,0,-2.2082104452374676,-2.492437209342565,1.3748880140285873,0.5977801478769119
29.881,1,-2.410035874958826,1.867046471608728,1.940580384607177,0.5958052396825121
29.891,0,-2.2039803482285527,-2.488989267490153,1.3725791729638768,0.5882422221799217
29.891,1,-2.4055095314961963,1.8633222440314083,1.941654894487351,0.5960302127270171
29.901,1,-2.4009650602482036,1.8596005830669904,1.942675187588604,0.5963342461385218
29.902,0,-2.1998327795190535,-2.4856093444621936,1.3702673981206335,0.5783795061673392
29.91,1,-2.3964017883759854,1.8558814293510337,1.9436416767375067,0.5967986678351722
29.911,0,-2.1957701129766436,-2.4823007925355327,1.3679524657672892,0.5682031511704722
29.921,0,-2.191794546488233,-2.4790667592417117,1.365634626151774,0.5577268805756481
29.921,1,-2.391818962157226,1.8521647389271,1.944558503603347,0.5974279039096596
29.931,0,-2.1879080924170258,-2.475910175539035,1.3633143963298193,0.5469765747446224
29.931,1,-2.387215895467582,1.84845048765959,1.94542818736571,0.5981822171485075
29.941,0,-2.1841125659083716,-2.472833737183844,1.3609923662300856,0.535983469657254
29.941,1,-2.3825919668143016,1.8447386644278234,1.9462525482693787,0.5990471250604408
29.951,0,-2.1804095502043865,-2.4698398651496936,1.3586687781169438,0.524832684294268
29.951,1,-2.377946650289074,1.8410292685414438,1.9470322746433641,0.599976304105291
29.961,0,-2.1768003307669717,-2.4669306402025186,1.3563427755316604,0.5135936759875908
29.961,1,-2.3732795771621737,1.837322310608797,1.947765146582601,0.6009414264167072
29.971,0,-2.173286018825024,-2.4641079130526555,1.354013687884062,0.5022817725481826
29.971,1,-2.368590439534437,1.8336178062073134,1.9484494907450705,0.6019616802055385
29.981,0,-2.1698675894778967,-2.461373344470024,1.3516812940294598,0.4908863863833959
29.981,1,-2.3638789506873414,1.8299157772211379,1.9490855156056848,0.6030661722380345
29.991,0,-2.1665459514116603,-2.458728480375686,1.3493463293467893,0.4793935866410275
29.991,1,-2.359144821511702,1.826216258197263,1.9496762848523963,0.6042644640896809
30.001,0,-2.163321892707898,-2.4561747096074305,1.3470096824870985,0.46783181995454226
30.001,1,-2.354387852888638,1.8225193037790832,1.9502247975522153,0.6055316926224229
30.011,0,-2.1601960347326785,-2.4537132241128523,1.344671748159944,0.4562927949072168
30.011,1,-2.3496079883698067,1.8188249927170135,1.9507324312481997,0.6068225857784053
30.021,0,-2.1571688264872306,-2.4513450160884975,1.342332240511447,0.4447619326169842
30.021,1,-2.3448053392904162,1.8151334303680382,1.9511981065467883,0.6081245652511569
30.031,0,-2.1542407828482526,-2.4490711083124395,1.3399925297590223,0.43317591168127
30.031,1,-2.3399800571374683,1.8114447473701258,1.9516222413716637,0.6094449637865073
30.041,0,-2.151412339401068,-2.446892418375986,1.337654136285449,0.4215731874127481
30.041,1,-2.3351323450700376,1.8077591097094445,1.9520057706794804,0.6107751696880729
30.051,0,-2.1486837876973044,-2.4448096959519106,1.3353180906284166,0.4100276842919972
30.051,1,-2.330262456120621,1.8040767287392285,1.9523497317906267,0.6121073799027864
30.061,0,-2.1460552500527346,-2.4428234973524767,1.3329846781479244,0.3985884246606609
30.061,1,-2.325370681762257,1.8003978668267049,1.9526553038189443,0.6134336073503077
30.071,0,-2.1435267615615894,-2.4409342650845565,1.330654228584316,0.38726838709282985
30.071,1,-2.3204573465944316,1.796722838005697,1.9529236699538366,0.614745755734463
30.081,0,-2.141098302990761,-2.4391423603917777,1.328327407779254,0.3760489065772464
30.081,1,-2.3155227970221097,1.793052007363077,1.9531562178735755,0.6160395778074795
30.091,1,-2.3105673911838798,1.7893857830961362,1.9533548707751702,0.6173087286424389
30.091,0,-2.1387698256961194,-2.437448091840323,1.3260054464439797,0.36493297243964706
30.101,0,-2.1365411881046383,-2.435851663711899,1.323689496114626,0.35395524340067014
30.101,1,-2.305591522273249,1.785724594547816,1.9535213456335625,0.6185453788917373
30.111,0,-2.134412121727253,-2.434353151008112,1.3213802820183254,0.3431999406150146
30.111,1,-2.3005956408800063,1.7820688715694013,1.9536564214641647,0.6197372668606884
30.121,1,-2.2955802750424086,1.7784190287786874,1.9537591119057585,0.62088086177535
30.121,0,-2.13238220036936,-2.432952474050085,1.3190777615893114,0.33272076539380624
30.131,0,-2.1304508382502956,-2.431649399243737,1.3167810288785506,0.3227350366758882
30.131,1,-2.2905459704253737,1.7747754597501872,1.9538286736287238,0.6219785371330893
30.141,0,-2.1286171005477703,-2.4304433451306804,1.3144862466786504,0.313402517344391
30.141,1,-2.2854932696563655,1.7711385307019833,1.953865200481127,0.6230355481588619
30.151,0,-2.12688011174373,-2.4293337725934556,1.312190567864749,0.3046307608668151
30.151,1,-2.2804226914208234,1.7675085658053311,1.9538702642890236,0.6240536424117754
30.161,1,-2.2753347633203247,1.763885823209184,1.953845382730769,0.6250337407718143
30.161,0,-2.125239101042079,-2.4283202135485276,1.3098923645059595,0.2963747452151059
30.171,1,-2.270230021955386,1.7602704834730531,1.9537918695505505,0.625977834221154
30.172,0,-2.123693375618172,-2.4274022317773647,1.3075907955715846,0.2886113819842712
30.181,0,-2.1222424310312356,-2.4265795263522523,1.3052868813553193,0.2810421143744576
30.181,1,-2.265109023033551,1.7566626452089509,1.9537103110679859,0.626888169949505
30.191,0,-2.120886114315844,-2.4258520950092506,1.3029852007886826,0.273535528082275
30.191,1,-2.2599723527725923,1.753062334922232,1.9535998417112255,0.627768646624187
30.201,0,-2.1196242235740463,-2.4252198338035065,1.3006897056353297,0.2662153392385383
30.202,1,-2.2548205786500417,1.7494695465277783,1.9534599397063606,0.6286218950634898
30.21,0,-2.1184564452810903,-2.424682478833862,1.2984030677393854,0.2592325216497173
30.21,1,-2.2496542435552107,1.7458842730233142,1.9532904586759174,0.6294487380138015
30.221,0,-2.1173823534220806,-2.42423961018337,1.296126670724977,0.2526889462289519
30.221,1,-2.2444738696817854,1.7423065279567542,1.9530913113165522,0.6302489710520305
30.231,0,-2.1164014991388407,-2.4238907478422695,1.2938615458338925,0.24662712467303188
30.231,1,-2.239279949689866,1.7387363603817154,1.9528627344816807,0.6310212343343431
30.241,0,-2.1155134198669168,-2.423635365212444,1.291608475142821,0.24111207492193318
30.241,1,-2.2340729394121572,1.73517386597852,1.9526056814990116,0.6317601313459256
30.251,0,-2.1147176209692287,-2.42347287412526,1.2893678180472181,0.23619658395109439
30.251,1,-2.228853257421875,1.731619188074063,1.9523223584419778,0.6324598625351228
30.261,0,-2.1140136104554714,-2.423402663596321,1.2871399146316602,0.23189930533101524
30.261,1,-2.223621333352021,1.7280724932493634,1.952014766700181,0.6331170835502313
30.271,0,-2.113400901386045,-2.423424105288881,1.2849251582217591,0.22823823761972692
30.271,1,-2.2183776297822413,1.72453395332156,1.9516845329369066,0.6337282518402707
30.281,0,-2.1128789817173956,-2.423536525548861,1.2827237250929415,0.22528878562404286
30.281,1,-2.2131226641270207,1.7210037319103495,1.9513324262977703,0.6342960287453436
30.291,0,-2.1124472661926577,-2.4237391594830844,1.280535080767775,0.22311674346261853
30.291,1,-2.2078570373831434,1.7174819703576492,1.9509569674137093,0.6348289379468134
30.301,0,-2.112105150064717,-2.424031209058277,1.2783585579618515,0.2217099174685564
30.302,1,-2.2025814120774734,1.7139687891279223,1.9505554027305778,0.6353275472069919
30.311,0,-2.111852033711307,-2.424411873001529,1.2761936234632596,0.2210759996324676
30.311,1,-2.197296471591937,1.7104643008651792,1.9501258220815452,0.6357869288160957
30.321,1,-2.192002916053038,1.706968612781797,1.949667123758322,0.6362024778602187
30.321,0,-2.1116872972424536,-2.424880325604297,1.2740395848018728,0.2211969818033021
30.331,0,-2.1116103466393095,-2.425435765968182,1.2718960647352935,0.22201963743933673
30.331,1,-2.1867014577735047,1.703481825898589,1.949178883403473,0.6365699630744475
30.341,0,-2.1116205963709693,-2.4260774026444385,1.2697627877476954,0.2235405196962541
30.341,1,-2.1813927954151686,1.7000040457206145,1.9486629964729176,0.6368517618849061
30.351,0,-2.1117174394149814,-2.4268044255606225,1.2676392122665905,0.2257314854313186
30.351,1,-2.176077580698284,1.6965353992624008,1.9481261431540937,0.6370253904492568
30.361,0,-2.11190029905669,-2.427616059517887,1.2655250434734275,0.22853037821345373
30.361,1,-2.170756486226191,1.6930760034595327,1.947573967933066,0.6371005020280478
30.371,0,-2.112168633146599,-2.428511569737461,1.263420243395785,0.23188294140722127
30.371,1,-2.1654302011697446,1.6896259647120109,1.9470105381586633,0.6370853445779127
30.381,0,-2.11252191075438,-2.429490239535424,1.2613247746302827,0.23577754877107773
30.381,1,-2.160099422322929,1.6861853833015148,1.9464384360132858,0.6369951958525664
30.391,0,-2.112959576158044,-2.430551335259649,1.2592381959597467,0.240191526753674
30.391,1,-2.1547648517759077,1.6827543540316066,1.9458582656516543,0.6368419672272607
30.401,0,-2.11348109985656,-2.4316941563039154,1.2571602274915805,0.24506390521164567
30.401,1,-2.149427174246817,1.6793329765685632,1.945269924404827,0.6366362408684263
30.408,0,-2.11408599952261,-2.4329180474287186,1.2550909941800408,0.2503044620459092
30.408,1,-2.14408704888537,1.6759213551149934,1.9446722795203233,0.6363812454114206
30.421,1,-2.1387450762400677,1.6725196091862606,1.9440652293562783,0.6360729326528916
30.421,0,-2.1147738607804345,-2.4342223971177526,1.2530312742647158,0.2558564931139695
30.431,0,-2.115544282651096,-2.435606563078372,1.2509818253820069,0.26169835033210487
30.431,1,-2.133401790088607,1.669127862110089,1.943449049918977,0.6357152777483264
30.441,1,-2.12805765500292,1.6657462315452356,1.9428237179213643,0.6353236133128409
30.441,0,-2.1163968537682507,-2.437069835678092,1.248943097656302,0.2678413346091277
30.451,0,-2.1173311028386017,-2.4386113839411023,1.2469146480773161,0.27431996522418617
30.451,1,-2.122713066949386,1.6623748220878736,1.9421881760301583,0.6349107148422491
30.461,1,-2.117368345149997,1.6590137307970294,1.941541458062859,0.63447973567791
30.461,0,-2.1183465184594152,-2.4402302813453516,1.2448953848381819,0.2811027524115649
30.471,1,-2.1120237391024608,1.6556630480000534,1.9408830342624077,0.6340330190217165
30.471,0,-2.1194426153229515,-2.441925591229937,1.2428844678171478,0.2881416371603251
30.481,0,-2.12061891479294,-2.443696368827863,1.240881178039777,0.29539227289791836
30.481,1,-2.106679440020717,1.6523228545676851,1.9402126727143723,0.633572853626354
30.491,1,-2.10133558832792,1.6489932182004075,1.9395304122982786,0.6331016487959251
30.491,0,-2.1218749598185678,-2.445541690507738,1.2388851309253053,0.3028088550287978
30.501,0,-2.1232103082131464,-2.4474606582241227,1.2368962345137255,0.3103536711237373
30.501,1,-2.0959922798300608,1.6456741945341435,1.9388368802650948,0.6326097282029745
30.511,0,-2.1246245324688187,-2.449452402236686,1.234914720737206,0.31798290320199923
30.511,1,-2.090649571291855,1.6423658391538363,1.9381342416696725,0.6320868199199636
30.521,0,-2.1261172550254623,-2.4515161033695168,1.2329415341552101,0.3256477494174091
30.521,1,-2.085307499020073,1.6390682100302756,1.9374249323658372,0.6315339752251476
30.531,0,-2.1276881064706936,-2.453650941025059,1.230977716112145,0.33334937934595954
30.531,1,-2.079966091759377,1.6357813697855477,1.9367109948852343,0.6309568888460991
30.541,0,-2.1293366972179375,-2.4558560584677736,1.2290239847113986,0.34110036489718065
30.542,1,-2.074625380719326,1.632505386885498,1.93599374851479,0.6303658572480509
30.551,1,-2.069285407393805,1.6292403352862828,1.9352734358377828,0.6297675115516455
30.552,0,-2.1310626071319683,-2.458130549238429,1.2270805594139802,0.34890504502129205
30.561,0,-2.132865420327161,-2.4604734880328025,1.2251475223083428,0.3567591728509808
30.561,1,-2.063946218028528,1.6259863043352218,1.934550531560362,0.6291512996785791
30.571,0,-2.1347447489027442,-2.4628839606386093,1.223225136302678,0.3646192974088466
30.571,1,-2.058607857374593,1.622743397750605,1.9338262303824627,0.6285121744507393
30.581,0,-2.1367002782177105,-2.4653611225037175,1.221314517117502,0.3724628127289245
30.581,1,-2.053270361266667,1.6195117158382701,1.9331018624208947,0.6278526567283822
30.591,0,-2.1387316840183783,-2.4679041393169845,1.219416640179135,0.3802996098351974
30.591,1,-2.047933748573111,1.6162913373228338,1.932378518962985,0.6271791329314133
30.601,0,-2.140838618816061,-2.4705121857152053,1.2175322293490618,0.38813473270365373
30.601,1,-2.0425980162355843,1.6130823096207798,1.931657047648507,0.6264977761925643
30.609,0,-2.143020763560831,-2.4731844976080968,1.2156625091649698,0.3959011542221985
30.609,1,-2.0372631415911777,1.6098846398629136,1.9309374321612465,0.6258351028822818
30.622,0,-2.1452779539376876,-2.475920481987803,1.2138108530073284,0.40355702266003807
30.622,1,-2.031929092652615,1.606698284469719,1.9302172204226535,0.62521078114871
30.631,0,-2.1476099872660974,-2.478719542533024,1.211980132209041,0.4111520791498521
30.631,1,-2.026595821192799,1.60352318268308,1.9294943315710817,0.6246149774465765
30.64,1,-2.021263268701158,1.6003592713096546,1.9287674249374134,0.6240429084780874
30.641,0,-2.150016606858357,-2.481581059380699,1.2101723537157618,0.4187133849662453
30.651,0,-2.1524975466609404,-2.4845044232770577,1.2083891482528764,0.4262566706465211
30.651,1,-2.0159313754933184,1.5972064892189253,1.928035477950646,0.6234905125712532
30.661,0,-2.15505253042163,-2.487489033710317,1.2066316707819056,0.43380187918745755
30.662,1,-2.010600084512013,1.594064780150794,1.9272979164577069,0.6229521160133402
30.671,0,-2.157681285599674,-2.4905343109260834,1.2049007614505276,0.44135376019324285
30.671,1,-2.0052693453857935,1.5909340945348136,1.926554707382325,0.6224171728262341
30.681,0,-2.16038355627801,-2.493639706469647,1.203197221134785,0.44891728186108754
30.681,1,-1.999939117487621,1.5878143947042844,1.9258067086589328,0.6218765652069119
30.691,1,-1.9946093777681966,1.5847056513459454,1.92505483453267,0.621329987342423
30.691,0,-2.1631590660325966,-2.4968046704868088,1.2015215536779376,0.456498433166852
30.701,0,-2.166007493132904,-2.5000286299008487,1.1998738829490687,0.46410577164747785
30.701,1,-1.9892801266996123,1.5816078441495416,1.9242996716598002,0.6207819365993352
30.711,0,-2.168928450165817,-2.503310970934348,1.1982538830193845,0.4717317786367176
30.711,1,-1.983951393348891,1.5785209608064212,1.9235410998109947,0.6202347263078151
30.721,1,-1.9786232340952112,1.5754449973063476,1.922778590633696,0.6196983404467342
30.721,0,-2.1719215187313643,-2.5066510680914673,1.1966613535306507,0.4793721684816712
30.731,0,-2.174986192386766,-2.5100482457269506,1.1950955152164797,0.4870274209593467
30.731,1,-1.9732957372264963,1.5723799446438518,1.9220102102212906,0.6191805837486952
30.741,0,-2.178121965060858,-2.5135018681113115,1.1935562969153997,0.49464630899167544
30.741,1,-1.967969013698486,1.5693257930513222,1.921234482882043,0.6186685794073665
30.751,0,-2.1813284058790106,-2.5170114150822602,1.1920454453330926,0.5022090230980513
30.751,1,-1.9626431944456546,1.5662825235886937,1.9204507327424962,0.618153946834206
30.761,0,-2.1846049943136063,-2.5205763571268838,1.1905643143237532,0.5097290788732834
30.761,1,-1.9573184288022794,1.5632500944695802,1.9196587109997225,0.6176325363483149
30.771,0,-2.1879510912329403,-2.5241961359455374,1.189113472378459,0.5172216784884727
30.771,1,-1.9519948836196641,1.5602284324454119,1.9188583051360781,0.6171055315434985
30.781,0,-2.1913659388059337,-2.5278701627745623,1.1876926243695654,0.524691070065439
30.781,1,-1.9466727439492344,1.5572174248661894,1.9180493001720018,0.616572768391653
30.791,0,-2.1948487278406104,-2.5315978645363226,1.186301333487757,0.532132391115413
30.791,1,-1.9413522125092075,1.5542169119463358,1.9172317026471668,0.6160318815374357
30.801,0,-2.1983986238014976,-2.535378696175468,1.1849392184346879,0.5395388362309402
30.801,1,-1.9360335116730565,1.5512266797231151,1.916405639017262,0.6154838653072842
30.811,0,-2.20201478429094,-2.539212147531828,1.1836060634223642,0.5469065789781071
30.811,1,-1.9307168844247258,1.5482464560684892,1.9155711907832584,0.6149292330632645
30.821,0,-2.205696356760592,-2.5430977356258344,1.1823016049804755,0.5542357984094418
30.821,1,-1.9254025913338941,1.545275909496886,1.9147285928124496,0.6143667966259649
30.831,1,-1.920090908737261,1.5423146516855748,1.9138783681261962,0.613790666342824
30.831,0,-2.209442528507806,-2.5470350404735895,1.1810261555276909,0.5615041149046546
30.842,0,-2.213252653551945,-2.5510238062247077,1.1797824749568002,0.5686771825378776
30.842,1,-1.9147821305052692,1.5393622502767987,1.9130215002027682,0.6131975940652936
30.851,0,-2.2171262015147906,-2.5550638990872883,1.1785750331144644,0.5757645612001807
30.851,1,-1.909476574136874,1.5364182477826607,1.9121588920611723,0.6125877358790978
30.861,0,-2.2210625613489765,-2.5591551423763037,1.1774070207014162,0.5827955461976319
30.861,1,-1.9041745819162101,1.533482180286103,1.9112913414704251,0.61195979628741
30.872,0,-2.225061007024073,-2.563297282440637,1.176279777377252,0.5898021969394375
30.872,1,-1.8988765215063002,1.5305535917182105,1.9104194063279947,0.611317079006079
30.881,0,-2.2291206573740485,-2.5674899504216135,1.1751920988539315,0.596806177443371
30.881,1,-1.8935827855234537,1.5276320433577784,1.9095432425788663,0.6106578522788654
30.891,0,-2.233240553341788,-2.5717327209470993,1.1741413032560029,0.6038083657990991
30.891,1,-1.8882937850328663,1.5247171156499888,1.9086632133172392,0.6099766577643676
30.901,0,-2.2374197213237403,-2.57602515431084,1.1731242155095483,0.6108117571160748
30.901,1,-1.8830099382950838,1.5218083955141761,1.9077797293521659,0.6092741980208548
30.911,0,-2.241657092861595,-2.5803667169969673,1.1721363286162805,0.6178015586421832
30.911,1,-1.8777316589480368,1.51890546404736,1.9068931320100924,0.6085518356374637
30.921,0,-2.2459515821410725,-2.584756838523195,1.1711741351568332,0.6247428459935191
30.921,1,-1.8724593446979585,1.5160078877333802,1.9060038058775766,0.607811332093749
30.931,0,-2.250302060190886,-2.589194884104466,1.1702357215247474,0.6315914096631848
30.931,1,-1.8671933695998444,1.5131152138458788,1.9051117730845872,0.6070694546454042
30.941,0,-2.2547073337776813,-2.593680132928253,1.1693210884842185,0.6383124383822153
30.941,1,-1.861934082232469,1.510226971861899,1.904216006118691,0.6063389729787043
30.951,0,-2.2591660253711296,-2.5982116706709455,1.1684301435128919,0.6448831846551043
30.951,1,-1.856681811708129,1.5073426807423105,1.9033154367675558,0.6056171642265313
30.961,0,-2.2636766229783176,-2.6027884322836505,1.1675627155695387,0.6512863293395893
30.961,1,-1.851436872610991,1.5044618516731507,1.9024094465207035,0.6048992135863821
30.971,0,-2.268237537429917,-2.6074092533376616,1.1667187009447333,0.6575090060248112
30.971,1,-1.8461995686086328,1.5015839906458508,1.9014976936568657,0.6041847309373943
30.981,0,-2.2728471472648297,-2.6120729113142502,1.1658982742884179,0.6635426816595618
30.981,1,-1.8409701946724346,1.4987086013931148,1.900579882511672,0.6034725839122514
30.991,1,-1.8357490389213398,1.4958351859179169,1.899656304970659,0.6027467313756198
30.991,0,-2.2775037879866726,-2.6167781172881304,1.165101306709445,0.6693856655384979
31.001,0,-2.2822057308347246,-2.621523498489939,1.1643267173196314,0.6750371537800895
31.002,1,-1.8305363859542518,1.4929632438432,1.8987282161621093,0.6020021185704424
31.012,0,-2.2869511969851666,-2.626307613395329,1.1635729090413138,0.6804879887076266
31.012,1,-1.8253325156110098,1.4900922709709525,1.8977966337151118,0.6012442250935013
31.021,0,-2.2917383667649514,-2.631128963306409,1.1628386692473367,0.685722382523178
31.021,1,-1.8201377016595683,1.487221756402723,1.8968623678064984,0.6004766757974177
31.031,1,-1.8149522108774545,1.4843511824065079,1.895926084311304,0.5997020873109501
31.032,0,-2.2965653469318053,-2.635985965937581,1.1621231655559874,0.690722620888559
31.041,0,-2.301430124467276,-2.640876916005126,1.161425324817886,0.6954760493064114
31.041,1,-1.8097763032524774,1.4814800275939468,1.8949882347166502,0.5989275442553227
31.051,0,-2.306330519327606,-2.64579995012044,1.1607425907660807,0.6999717868070395
31.052,1,-1.8046102334647995,1.4786077738122563,1.894048782135799,0.5981577595604046
31.061,0,-2.311264298756014,-2.650753171601206,1.160072817065874,0.7041986866694153
31.061,1,-1.799454258934679,1.475733912260211,1.893107739721969,0.5973891217405017
31.071,0,-2.3162292175446786,-2.6557347071106197,1.1594144739012433,0.7081532010986394
31.071,1,-1.794308645852541,1.47285795183989,1.8921651606139702,0.596621668873944
31.081,0,-2.321223035878226,-2.6607427361120135,1.158766362480627,0.711837542142404
31.081,1,-1.7891736717363875,1.4699794260651584,1.8912209689522703,0.5958534615409915
31.091,0,-2.326243563799538,-2.6657755392413183,1.1581280006904018,0.7152549181109827
31.091,1,-1.7840496280255977,1.467097892004495,1.8902755336748192,0.5950675498083202
31.101,0,-2.331288693677271,-2.670831527684791,1.1574999371016477,0.7184145614684007
31.101,1,-1.7789368195515882,1.4642129293454642,1.889330035694403,0.5942586041604564
31.111,0,-2.3363563595164187,-2.6759091948747433,1.1568825272760586,0.7213250700647675
31.111,1,-1.7738355497262612,1.4613241476626493,1.8883853456836568,0.5934316825931502
31.122,0,-2.3414444994261836,-2.681007073011865,1.1562760016555662,0.7239873603367362
31.122,1,-1.768746110192362,1.4584311847573557,1.887442137166415,0.5925890773923158
31.131,0,-2.3465510184617653,-2.6861236912693887,1.1556804846515403,0.7263982569551455
31.131,1,-1.7636687733531966,1.4555337068439196,1.8865009165405144,0.5917357236237788
31.141,0,-2.3516737825131915,-2.6912575613739724,1.1550959322096768,0.7285564294292862
31.141,1,-1.7586037862953678,1.4526314105318292,1.8855618458406365,0.5908767276757049
31.151,0,-2.3568106694779516,-2.6964072147570057,1.1545223900183104,0.7304653726900032
31.151,1,-1.7535513658521613,1.4497240207431834,1.884624747032667,0.5900249267536488
31.161,0,-2.3619596250194443,-2.701571241320165,1.153960168999767,0.7321351700037049
31.161,1,-1.7485116944968904,1.4468112901973904,1.8836887323105498,0.5891860487747339
31.171,0,-2.3671186983211943,-2.706748303591569,1.153409438470715,0.7335812572501587
31.172,1,-1.743484931200297,1.443892986813242,1.882753092629222,0.5883582279872033
31.181,0,-2.3722860514987887,-2.7119371333669866,1.1528701612139722,0.7348157486643198
31.181,1,-1.7384712145436199,1.4409688893349077,1.8818172452182649,0.5875399063648991
31.191,0,-2.377459927102835,-2.7171364991384186,1.1523422779195256,0.7358442326698439
31.191,1,-1.7334706636179835,1.4380387816313331,1.8808808786670261,0.5867284783314317
31.201,0,-2.382638615346537,-2.7223451783420836,1.1518262361510143,0.7366615461744267
31.201,1,-1.7284833777586663,1.4351024513475799,1.8799438891628488,0.5859232969034511
31.211,0,-2.387820440871718,-2.7275619552396364,1.1513237150796969,0.7372669298149755
31.211,1,-1.7235094306294183,1.4321596883434993,1.8790062698700003,0.5851258318100739
31.221,0,-2.3930037527351944,-2.7327856188190007,1.1508360430846942,0.7376681470670635
31.221,1,-1.7185488515597758,1.4292102767872221,1.8780681284763523,0.5843393808391776
31.231,0,-2.398186934479635,-2.7380149855490505,1.1503640516506155,0.7378738185610525
31.231,1,-1.7136016082561643,1.4262539906925338,1.8771295959514749,0.5835719933110357
31.241,0,-2.40336840985588,-2.74324891637822,1.1499082419790914,0.7378922482153549
31.241,1,-1.7086675954454578,1.4232905940031846,1.8761906419863823,0.582831976188679
31.251,1,-1.703746631838185,1.420319835314857,1.8752515137034864,0.5821168959488203
31.252,0,-2.4085466408513425,-2.748486327785711,1.149469460729924,0.7377237335951149
31.261,0,-2.4137201197312916,-2.7537261946050537,1.1490497537592397,0.7373721857091969
31.261,1,-1.6988384657943623,1.4173414516081713,1.8743130313189542,0.5814280342504832
31.271,0,-2.418887356817509,-2.7589675228442014,1.1486503641116226,0.7368496470698911
31.271,1,-1.6939427859924152,1.4143551940401569,1.8733758643199054,0.5807749457827651
31.281,0,-2.4240468791202163,-2.7642093402818544,1.1482712234109935,0.7361634159057016
31.281,1,-1.6890592367173156,1.4113608467128875,1.8724403172998656,0.5801621818869038
31.291,0,-2.429197231643462,-2.7694507026142547,1.147912061306829,0.735316684418468
31.291,1,-1.6841874316687877,1.408358232523783,1.8715066733802281,0.5795891750409744
31.301,1,-1.6793269637991557,1.405347220511445,1.8705751391556469,0.5790584510388639
31.302,0,-2.4343369775744907,-2.7746906932121793,1.147572735249052,0.7343109723743372
31.311,0,-2.4394647068974513,-2.77992842015349,1.1472524260179076,0.7331606451243647
31.311,1,-1.674477410152985,1.402327736553345,1.8696452591271737,0.578586107050331
31.321,0,-2.444579058241582,-2.785163014222383,1.1469478005115747,0.7318736930721599
31.321,1,-1.6696383346642303,1.3992997691188205,1.8687156326348318,0.5781741003719737
31.331,0,-2.4496787032831477,-2.7903936358607955,1.146655858901668,0.73045053778482
31.331,1,-1.6648092992405874,1.3962633606913126,1.8677851472915767,0.577814315796434
31.341,0,-2.4547623470242206,-2.7956194719914564,1.1463739451275798,0.7288921439258091
31.341,1,-1.659989865866504,1.3932186124649069,1.8668529070194986,0.5774988384590577
31.351,0,-2.45982872608294,-2.800839736411256,1.146100139406512,0.7271992905772753
31.351,1,-1.6551795973134058,1.3901656815947692,1.865918403673765,0.57721834801153
31.361,0,-2.464876611682084,-2.806053669213812,1.1458330857472017,0.7253744831717994
31.361,1,-1.650378055529489,1.3871047876643365,1.8649807478616895,0.5769922928266912
31.371,0,-2.469904811556816,-2.811260538309134,1.1455717490034223,0.7234211520277047
31.371,1,-1.6455847992587695,1.3840362127134522,1.8640376020121765,0.5768265604271549
31.381,1,-1.6407993896335087,1.380960251062782,1.8630872276097374,0.576707004229204
31.381,0,-2.474912165965474,-2.816459646333052,1.1453153977823582,0.7213431458278821
31.391,1,-1.6360213889394903,1.3778771850534024,1.862128608836555,0.5766246959052695
31.391,0,-2.479897543970886,-2.8216503360931227,1.1450635149934232,0.7191447796996815
31.401,1,-1.6312503607043367,1.3747872774239338,1.8611607910899841,0.576591333791239
31.401,0,-2.4848598406363194,-2.826831992256444,1.1448157014438383,0.7168307493886702
31.411,0,-2.489797976958734,-2.8320040424734407,1.1445715973574226,0.7144060634411239
31.411,1,-1.6264858742364374,1.3716907643947578,1.8601821210700273,0.5766098624660828
31.421,1,-1.6217275192525322,1.3685878076010936,1.8591930822887133,0.576612813477724
31.422,0,-2.4947109136874537,-2.8371659627976853,1.1443303835534817,0.7118822727846223
31.431,0,-2.4995976740009107,-2.8423172820388185,1.1440902345896622,0.7092689775766772
31.431,1,-1.6169749181285453,1.365478479950267,1.8581970506349184,0.576598154691822
31.442,0,-2.5044573430578416,-2.847457577581109,1.143849291101193,0.7065734375682086
31.442,1,-1.6122277375567122,1.3623628156558116,1.8571955560980038,0.5765922073765986
31.451,0,-2.50928907283364,-2.852586473886402,1.1436062070897586,0.7038024003679034
31.451,1,-1.6074857099593132,1.3592407926095693,1.8561895468711966,0.5765941382042016
31.461,0,-2.514092091806133,-2.8577036421188593,1.1433601514784837,0.7009631261832309
31.461,1,-1.602748649445776,1.3561123312915808,1.855179013406004,0.5766371829306006
31.471,0,-2.5188656950332518,-2.8628087947740206,1.1431114144416827,0.6980539907181261
31.471,1,-1.5980164677598434,1.3529772974671948,1.8541617823276633,0.5767337100532233
31.481,0,-2.5236092149138867,-2.8679016756263236,1.1428627013178454,0.6950768369215913
31.481,1,-1.5932891891730045,1.349835457713757,1.8531361562680262,0.5768648202991432
31.491,0,-2.5283220912863045,-2.872982074475194,1.1426164095985012,0.6920471187515911
31.491,1,-1.5885669481405509,1.3466864710845659,1.8521012364851008,0.5770158345913473
31.501,1,-1.5838499813369524,1.3435298994731981,1.8510564459111971,0.5771867772529065
31.502,0,-2.533003884851625,-2.8780498248247723,1.1423740648236012,0.6889796064046069
31.511,0,-2.537654274527179,-2.883104798466214,1.142136324215841,0.6858869050815616
31.511,1,-1.5791386185398146,1.3403652236476609,1.8500008515855957,0.5773769880150198
31.521,0,-2.54227304964073,-2.888146901637325,1.141903195669746,0.6827833464159965
31.521,1,-1.5744332717377523,1.337191850789821,1.848933253465494,0.5776047684838086
31.531,0,-2.5468601094458796,-2.8931760784417713,1.1416737705696252,0.6796783730000957
31.531,1,-1.5697344232453545,1.3340091476225582,1.8478500923306551,0.5779270180120247
31.541,0,-2.5514154154480604,-2.898192309396914,1.141447442029417,0.6765772963216351
31.541,1,-1.5650426291772161,1.3308164294334663,1.846745737156407,0.5783490012828013
31.551,0,-2.5559389823616336,-2.903195621439158,1.1412238283674887,0.6734867608182832
31.551,1,-1.5603585477333124,1.3276128817936874,1.8456162253966157,0.5788349274271072
31.561,0,-2.5604308702066394,-2.9081860926554945,1.1410026847607577,0.6704128021800293
31.561,1,-1.5556829548363145,1.3243975497242657,1.844458509733077,0.5793977321633476
31.571,0,-2.5648911753195835,-2.913163852986364,1.140783905289126,0.667361379707333
31.571,1,-1.5510167485598625,1.3211693549080266,1.8432687344707595,0.580037786619404
31.581,0,-2.569320023916621,-2.918129084629668,1.1405675724818964,0.6643366650397265
31.581,1,-1.5463609731064598,1.3179270422146254,1.8420449197106643,0.5806993317255575
31.591,0,-2.5737175647127004,-2.923082014022954,1.1403541128384234,0.6613430659484734
31.591,1,-1.5417168318177843,1.314669159575628,1.840787571666966,0.5813500672728819
31.601,0,-2.5780839621394973,-2.9280228930249113,1.1401445402428945,0.6583762297397578
31.601,1,-1.5370856750654276,1.311394090360492,1.8394977537975,0.5819826451069446
31.61,0,-2.582419370921913,-2.9329519795502312,1.1399413616196166,0.6554368557464318
31.61,1,-1.5324689827754325,1.308100074717423,1.8381766663139638,0.5825946646467546
31.62,0,-2.586723989012813,-2.9378695497049465,1.1397465320579037,0.652532947436862
31.62,1,-1.5278683355924496,1.304785239907478,1.8368255420778068,0.5831855954109778
31.631,0,-2.5909980043004412,-2.942775884183447,1.1395632913269873,0.6496464958209417
31.631,1,-1.5232853688739976,1.3014476678495401,1.8354443899781399,0.5838332952789317
31.641,1,-1.5187217052861002,1.2980855165638008,1.8340290410528857,0.5846007131099148
31.641,0,-2.5952415086651013,-2.9476712509861174,1.1393991537916974,0.6467769563452737
31.651,0,-2.5994546449927967,-2.952555949937628,1.1392599057968176,0.6439441315217087
31.651,1,-1.514179022369104,1.2946969064346259,1.8325761881347655,0.5854472893735518
31.661,0,-2.6036375981031945,-2.957430315380692,1.139149438784749,0.641159384107749
31.661,1,-1.5096590756537926,1.2912799058663933,1.8310842782143655,0.5863356946319181
31.671,0,-2.6077905594594832,-2.9622947096204517,1.1390707348482563,0.638431460155733
31.671,1,-1.5051636901641496,1.2878325593577644,1.829553165280701,0.5872407395430902
31.681,0,-2.611913741218661,-2.967149526209693,1.1390251276604715,0.6357703218770281
31.681,1,-1.5006947209571195,1.2843529466984736,1.8279832464817145,0.5881578503646393
31.691,0,-2.616007336357486,-2.971995182651994,1.139013739990919,0.6331697915080997
31.691,1,-1.496253990324304,1.280839274153438,1.8263738772279614,0.5891628357789215
31.701,0,-2.6200713617983458,-2.9768321039276193,1.1390435208242273,0.630633901022467
31.701,1,-1.491843213006291,1.2772899887415925,1.8247210880449205,0.5903081130594519
31.711,1,-1.4874641187490212,1.2737036016988466,1.8230219943308439,0.5915439121162486
31.711,0,-2.6241058231931826,-2.981660772291513,1.1391202029267735,0.6281813294903399
31.721,0,-2.628110731431554,-2.986481742854232,1.139247122809729,0.6258235382109606
31.721,1,-1.483118484711955,1.2700786594930917,1.8212752805112853,0.5928363695934075
31.731,0,-2.6320860437580995,-2.9912956388333862,1.13942721735977,0.6235709313433788
31.731,1,-1.4788081060346128,1.2664137987726045,1.8194799138706252,0.5942154657606908
31.741,0,-2.6360315822158245,-2.996103144741124,1.1396660349937748,0.62144146814259
31.741,1,-1.474534764257463,1.2627077965760571,1.8176341488399657,0.5956555327901
31.751,0,-2.639947088833432,-3.0009050120956426,1.1399692446354635,0.6194497280056533
31.751,1,-1.4703003239157615,1.2589594422607202,1.8157382801527235,0.5971024145783602
31.761,0,-2.6438322848173414,-3.005702052784269,1.1403400953141956,0.6175979639295538
31.762,1,-1.4661066738707396,1.2551676212409044,1.8137929461865798,0.598574038264625
31.771,0,-2.647686870882906,-3.010495120817607,1.140779511844629,0.6158817089444272
31.771,1,-1.4619556766749358,1.251331376289759,1.8117980484235598,0.6000724562849583
31.781,1,-1.457849204952952,1.247449850881192,1.809754047454974,0.6015717403503391
31.781,0,-2.6515105076171497,-3.0152850920943943,1.141287278752582,0.6142942589926376
31.791,0,-2.6553027984409865,-3.0200728470758818,1.141863112768234,0.612840482654731
31.791,1,-1.4537890977869778,1.2435223323369589,1.8076613077666457,0.6031135279251575
31.801,0,-2.659063255789112,-3.0248592651166786,1.1425081918140896,0.6115261780978991
31.801,1,-1.4497770611816687,1.2395483509810552,1.8055184784741207,0.6047278684117162
31.811,0,-2.6627913613031553,-3.0296452234033078,1.143222911352803,0.610340483695992
31.811,1,-1.4458147378739863,1.2355275689235308,1.803324900486467,0.606375338187324
31.82,0,-2.6664865723874875,-3.034431598238715,1.1440067034153687,0.6092725306319963
31.82,1,-1.4419036833314414,1.2314597852614628,1.8010807710274934,0.6080349559447389
31.831,0,-2.670148299009178,-3.0392192659327586,1.1448589740213813,0.6083311742427467
31.831,1,-1.438045448110702,1.227344838062085,1.7987890941941889,0.6094828964533896
31.841,1,-1.4342417091700252,1.2231824487112528,1.796458843664203,0.6105919752773311
31.841,0,-2.6737758578696083,-3.0440091072560427,1.1457808104310228,0.6075386512121375
31.851,0,-2.6773684996726246,-3.0488019944207303,1.1467740815766703,0.6068955410796233
31.851,1,-1.4304938458383514,1.218972611559139,1.794098559111255,0.6114256643385793
31.861,0,-2.680925444851169,-3.0535987683988,1.1478402382363135,0.606410906562972
31.861,1,-1.426802843372404,1.214715645752174,1.7917159810313266,0.6119394032390583
31.871,0,-2.6844458524529293,-3.0584002324644635,1.148981426017557,0.6060844438567508
31.871,1,-1.4231693526412115,1.210412100085897,1.789320187022502,0.6121383583095681
31.881,0,-2.687928890404971,-3.0632071213376015,1.1501984026526424,0.6058847921866394
31.881,1,-1.4195934538065804,1.206062934174265,1.7869183807873465,0.6121114185142348
31.891,0,-2.6913737148861037,-3.0680200971122926,1.1514914455652387,0.6058257305937516
31.891,1,-1.4160746918890839,1.201669450774162,1.7845171465436012,0.6118039668380714
31.901,0,-2.6947794143282198,-3.072839758565472,1.1528622674467315,0.605929027013081
31.901,1,-1.4126121915094765,1.19723316637656,1.782125047922863,0.6111944231539219
31.911,0,-2.6981450614239124,-3.0776666202276473,1.1543125525349245,0.6061754436422775
31.911,1,-1.4092044432384707,1.192755974324486,1.7797494336013033,0.6103657016842428
31.921,1,-1.4058492521982455,1.188240168566229,1.77739563967516,0.6093933626364668
31.921,0,-2.7014697608514053,-3.082501096691467,1.155842604561722,0.6065288754243143
31.931,0,-2.7047526159241486,-3.087343514013206,1.157452359872525,0.6070067245975986
31.931,1,-1.4025437808660524,1.183688399753903,1.7750673342377064,0.6083419339064975
31.941,0,-2.707992676882128,-3.092194127291849,1.1591428908534025,0.6076110129763677
31.942,1,-1.3992846104020848,1.1791036263924974,1.7727667595494492,0.6072500940955168
31.951,0,-2.711189046635195,-3.097053086947908,1.1609136893286949,0.6082636467875334
31.951,1,-1.3960678394071988,1.1744890388390492,1.770495482281167,0.6061353433424596
31.961,0,-2.7143408893939505,-3.1019204364264668,1.1627627217553536,0.6089687884855206
31.961,1,-1.392889201354653,1.1698479727933713,1.7682556932362572,0.6049109806123861
31.971,0,-2.7174473263374606,-3.1067961436713767,1.1646894353785697,0.6097378613756954
31.971,1,-1.3897441733568847,1.1651838283029121,1.7660519323123096,0.6035489776663572
31.981,1,-1.3866278980131317,1.1605001503542645,1.7638877695566004,0.6021027074197797
31.981,0,-2.72050752638219,-3.1116800690105286,1.166692711159055,0.610534078682954
31.991,0,-2.7235206906156413,-3.1165719682250352,1.1687714827409217,0.6113908133942111
31.991,1,-1.3835352354013202,1.1558005995357716,1.7617658101298501,0.6005890203764356
32.001,1,-1.3804608272997594,1.1510889170624812,1.7596877352027274,0.5990790343225824
32.002,0,-2.726485966021393,-3.1214715159188926,1.1709269651199752,0.6123876944859211
32.012,0,-2.7294024961808683,-3.126378289617567,1.1731616050758746,0.6135161939886804
32.012,1,-1.3773991402276236,1.1463689145463707,1.7576529327356836,0.5976180462547682
32.021,1,-1.374344551488251,1.1416444163417998,1.7556605565707966,0.5961985524850496
32.021,0,-2.7322695470342033,-3.1312917406128506,1.1754764363428352,0.6147216766736857
32.031,0,-2.7350864869686404,-3.1362112068993113,1.1778718120309437,0.6160209480517318
32.031,1,-1.3712913993431632,1.1369192422941259,1.7537093237478283,0.5948589633269251
32.041,0,-2.73785272659703,-3.1411359332906974,1.1803489305323993,0.6174123686075931
32.041,1,-1.3682340440699463,1.1321971850811776,1.7517967318665109,0.5936116339279719
32.051,0,-2.740567815213548,-3.146065055217052,1.1829077970509805,0.6188368232085392
32.051,1,-1.3651669260227632,1.1274819705850363,1.7499206764614175,0.5924366786327482
32.061,0,-2.74323141026536,-3.1509976111366247,1.1855479717297304,0.6203228272178951
32.061,1,-1.36208457276365,1.1227772494188932,1.7480815200416762,0.5911785792514026
32.071,0,-2.745843214058817,-3.1559325535880918,1.1882699875195357,0.6218690622914014
32.071,1,-1.3589815512530057,1.1180866235494888,1.746284652869896,0.5897870810887537
32.081,0,-2.7484030684836345,-3.16086872553139,1.1910733438688519,0.6234154583359838
32.081,1,-1.3558525935251342,1.1134136137906818,1.7445343292206015,0.5883399559497037
32.092,0,-2.7509109797641,-3.1658048552275178,1.19395600703695,0.6248604088485853
32.092,1,-1.3526926784791753,1.1087616244402363,1.7428324638609431,0.5869367119146922
32.101,0,-2.7533671340365986,-3.170739561893898,1.196914154246352,0.6261482024015261
32.101,1,-1.3494971064530166,1.1041339031637558,1.7411782766162751,0.5856293954687797
32.111,0,-2.7557718462032685,-3.1756713745521985,1.1999434703545862,0.6272238580395738
32.111,1,-1.3462614732879306,1.0995335457093716,1.7395705808077404,0.5844267912680731
32.121,0,-2.7581255224380414,-3.180598746219667,1.2030399919134347,0.6281997271221009
32.121,1,-1.3429816343118701,1.0949635140988094,1.738009208939519,0.5832646658071357
32.131,0,-2.7604284897833384,-3.185520062288911,1.2062035772319455,0.6291855367486628
32.131,1,-1.339653611849359,1.0904266949608854,1.736496817471526,0.5821261895373759
32.141,1,-1.3362737426698241,1.085925829263551,1.735035324646143,0.5810570218683992
32.141,0,-2.762681172281358,-3.1904336405011535,1.2094338063336276,0.6301176285119217
32.151,0,-2.7648841074139607,-3.195337739644352,1.2127293137157436,0.6309534037325871
32.151,1,-1.3328386890191688,1.0814635119513576,1.7336256243905626,0.5800880048424847
32.161,0,-2.767037944814272,-3.200230573473699,1.2160875189927949,0.6315873212775088
32.161,1,-1.3293454593731475,1.0770421825627863,1.7322673063286593,0.5792727520840146
32.171,0,-2.769143435786005,-3.2051103266817536,1.2195046904635813,0.6320329728830973
32.171,1,-1.3257914459832054,1.0726641006385111,1.7309582052033623,0.5786269268331916
32.181,0,-2.771201325193269,-3.209975150373849,1.2229784217670243,0.6323269993968128
32.181,1,-1.3221743100743544,1.0683314096678056,1.7296965326720481,0.578139306046583
32.191,0,-2.7732123442076944,-3.2148231533425946,1.226507895972735,0.6326594968817126
32.191,1,-1.3184919303999174,1.0640461727746977,1.7284818151746617,0.5777560019861507
32.201,0,-2.7751771223086537,-3.2196523647790993,1.2300959401462896,0.633104912178053
32.201,1,-1.3147423100247806,1.0598104384817237,1.7273162218841809,0.5774616872270334
32.21,0,-2.777096392382191,-3.22446078069665,1.2337441040798662,0.63355799015314
32.21,1,-1.3109237839752963,1.0556261153576758,1.7262012754147835,0.5772826508829532
32.221,0,-2.778970964998891,-3.2292463582182425,1.2374530297429498,0.6340397361632059
32.221,1,-1.307035037339946,1.0514949601009287,1.725137462181417,0.5772383241549363
32.231,0,-2.780801656737749,-3.2340069909583495,1.2412240035878546,0.6345346960087996
32.231,1,-1.3030751292226561,1.0474185538458176,1.7241238257213325,0.5773573387660978
32.241,0,-2.7825893811501548,-3.238740557960094,1.2450566243159824,0.6349265979347223
32.241,1,-1.2990434980178918,1.0433982743696617,1.723157767097538,0.5776439683897705
32.251,0,-2.7843351320477323,-3.2434449381541723,1.248949220001007,0.635165885071256
32.251,1,-1.2949398048650598,1.0394353667740996,1.7222368686430813,0.5780847631837215
32.261,0,-2.7860399797550306,-3.248118036194459,1.2528989224714777,0.6351355518760742
32.261,1,-1.290763976880937,1.035530883313359,1.7213580016578498,0.5787049392296156
32.272,0,-2.7877050931015273,-3.252757827346485,1.25690109550721,0.6347796950879112
32.272,1,-1.2865163141642897,1.0316855786065313,1.7205157192177036,0.5795036660929126
32.281,0,-2.7893316746788654,-3.2573623415410657,1.260951240337674,0.6341165977587824
32.281,1,-1.2821971767022444,1.0279001068444156,1.719706420537002,0.5804271690609383
32.291,0,-2.790920897173117,-3.2619296227314094,1.2650469676331297,0.6334275815494769
32.291,1,-1.2778067774792783,1.024175163674946,1.7189311376260603,0.581425587370568
32.301,0,-2.792473839057597,-3.2664576639874436,1.2691898866346683,0.6327982136585387
32.301,1,-1.2733453916575739,1.02051133155971,1.7181927656799958,0.5825025597132387
32.311,0,-2.7939916466904613,-3.2709445516102895,1.273380671393372,0.6321522431160912
32.311,1,-1.2688135542167143,1.0169089277193375,1.7174933275518538,0.5836710280056826
32.321,0,-2.795475513192564,-3.2753884527317285,1.277619294815126,0.6315091424984476
32.321,1,-1.2642120661241207,1.0133679964903017,1.7168337464286756,0.5849408280435866
32.331,0,-2.796926632270329,-3.279787569807063,1.2819061611564322,0.6308601198999573
32.331,1,-1.2595419813434077,1.0098883160541063,1.71621386562056,0.586312201177912
32.341,0,-2.798346265283177,-3.284140235458459,1.2862396191332566,0.6299630002930525
32.341,1,-1.2548046123397885,1.0064693855236002,1.7156321894818671,0.5877966999919262
32.351,0,-2.7997357840659354,-3.2884450004125725,1.2906140161656385,0.6286259869221157
32.351,1,-1.250001607969956,1.003110356782397,1.7150845986554804,0.5893867514635448
32.361,0,-2.8010965702356527,-3.292700516355818,1.2950228687173162,0.6268665878188462
32.361,1,-1.2451347661265968,0.9998101814413131,1.7145668760349435,0.5910693423392376
32.371,0,-2.802429970314348,-3.2969054759019643,1.2994606212645483,0.6247473600784895
32.371,1,-1.24020607658842,0.9965675747985305,1.7140739791885697,0.5928261072232046
32.381,1,-1.2352175808131836,0.9933811240972393,1.7136020466700639,0.5946330602116003
32.381,0,-2.80373730355404,-3.301058627644384,1.303922551797505,0.6223142512545122
32.391,0,-2.805019831126655,-3.305158710099978,1.3084062254311013,0.6198843419681541
32.391,1,-1.230171321447217,0.9902493302513391,1.713149173182994,0.5964613850934046
32.401,0,-2.8062787107975575,-3.3092043358028573,1.3129136214531631,0.6175952910438849
32.401,1,-1.2250692940134056,0.9871706542465503,1.7127161585446122,0.5982931960541212
32.409,0,-2.8075151134387144,-3.313194224231704,1.3174459045201645,0.6153473591490044
32.409,1,-1.2199136036679215,0.9841433987476215,1.71230380155506,0.6001201075119456
32.422,0,-2.8087302234324505,-3.317127217253484,1.3220028621888926,0.6130464415664014
32.422,1,-1.2147064846380025,0.9811657048513612,1.7119122392885882,0.6019357245785181
32.431,0,-2.809925235720542,-3.321002296006142,1.3265825608597412,0.6105827985190294
32.431,1,-1.2094503377876973,0.9782355323364789,1.7115398843806664,0.6037327762241896
32.441,0,-2.81110133221641,-3.3248185346846055,1.3311824749820906,0.6079530663755583
32.441,1,-1.2041476173587153,0.9753507568572422,1.7111850896474239,0.6054971129105587
32.451,0,-2.812259629699325,-3.3285749324706706,1.3358027515722093,0.6056371517335173
32.451,1,-1.198800743639101,0.9725092455089267,1.7108476152894239,0.6072096332999354
32.461,0,-2.8134011293106145,-3.3322701927757383,1.3404500583724357,0.6038373329448848
32.461,1,-1.193412039599213,0.9697089055984799,1.7105298087592147,0.6088603275280595
32.471,0,-2.814526862576738,-3.3359031800612162,1.3451291824132603,0.6023427558235547
32.471,1,-1.1879838643216294,0.9669475583284369,1.7102335842674563,0.610447868724758
32.481,0,-2.8156378982387276,-3.339472954996698,1.3498423503675996,0.6010059877489832
32.481,1,-1.1825186059507748,0.9642229332214063,1.709960116671255,0.6119707660845807
32.491,0,-2.816735318199711,-3.342978692242186,1.3545906229719564,0.5998254132594885
32.491,1,-1.1770186606274804,0.9615326844494708,1.7097099065782284,0.613427978258603
32.501,1,-1.171486434477621,0.9588743914017428,1.709482323287096,0.6148197383536578
32.502,0,-2.8178202090278726,-3.3464196552235355,1.35937430627908,0.5986215833119368
32.511,1,-1.165924336691238,0.9562455644209948,1.709275346874323,0.6161441135749169
32.511,0,-2.818893686547652,-3.3497953265200353,1.3641907302893483,0.5972451628649497
32.521,0,-2.8199568716044237,-3.353105252686897,1.3690367195334725,0.5956937876843039
32.521,1,-1.1603347179783778,0.9536436975228875,1.7090869203855992,0.6173991453938918
32.531,0,-2.821010891149038,-3.3563490100186955,1.3739091399752443,0.5939684578122821
32.531,1,-1.1547198740206779,0.9510662731023544,1.708914644063609,0.6185833926756977
32.541,0,-2.8220568853724672,-3.359526216501235,1.3788048978266587,0.5920702329308982
32.541,1,-1.149082011186776,0.9485107916689416,1.7087566506125278,0.6196961347035266
32.551,0,-2.823096005248791,-3.3626364717849526,1.3837220742053353,0.5902230284951248
32.551,1,-1.1434232406450762,0.945974782843017,1.7086117911445533,0.6207374693274673
32.561,0,-2.824129407113446,-3.365679262313508,1.3886614190043916,0.5885013401055665
32.561,1,-1.1377455910751404,0.9434558033498651,1.7084792027695135,0.6217093962286325
32.571,1,-1.1320510451569188,0.9409514165552774,1.708356801976637,0.6226139223853931
32.572,0,-2.825158264760547,-3.368654181764374,1.3936227047345997,0.5868007450655662
32.581,0,-2.8261837473438094,-3.371560924122191,1.398604749613223,0.5850624044342009
32.581,1,-1.1263415010945672,0.9384592194424379,1.7082428447958526,0.6234528601268229
32.591,0,-2.827206999201929,-3.3743993175348543,1.4036048819534608,0.5830661664573509
32.591,1,-1.1206187793242879,0.9359768475568203,1.7081357706815659,0.6242284816836935
32.601,1,-1.1148846307351075,0.933501986868597,1.70803363902341,0.624943415539809
32.601,0,-2.828229133738941,-3.37716940356782,1.4086179235235867,0.5807167687148296
32.611,0,-2.8292512472683713,-3.3798712553140193,1.4136394788326057,0.5781593331449343
32.611,1,-1.1091407052149678,0.9310324070033315,1.707935196959037,0.6256006301005888
32.62,0,-2.830274441457651,-3.3825050488390893,1.4186653348192035,0.575174980532421
32.62,1,-1.1033885408829112,0.9285659853692156,1.7078405260598755,0.6262022851627917
32.631,0,-2.8312998609401783,-3.3850713265753134,1.423688048600319,0.5716654885251589
32.631,1,-1.0976295854869624,0.9261007388503391,1.7077500508779393,0.6267495887545437
32.641,0,-2.8323287781792255,-3.3875707593818976,1.4287012535594878,0.5677649749084791
32.641,1,-1.0918651907507972,0.9236348802270526,1.7076640514030945,0.6272433187191965
32.651,0,-2.8333626482153735,-3.390004224625671,1.4336989705447734,0.5633617092085432
32.651,1,-1.0860966000110284,0.9211668657164457,1.7075826570945425,0.627683716582673
32.661,0,-2.8344031299610033,-3.392373013070334,1.438672808261004,0.558363144810527
32.661,1,-1.0803249353159268,0.918695435542538,1.7075058575683686,0.6280710780912049
32.671,0,-2.835452162929555,-3.394678592464394,1.4436160628843715,0.5530304652957343
32.671,1,-1.0745511717577065,0.9162196620563499,1.70743364743026,0.6284061304976037
32.681,0,-2.8365120090947427,-3.396922574848766,1.4485245792887824,0.5475455473198955
32.681,1,-1.0687761180669297,0.9137389841857404,1.7073661863538694,0.6286897317895447
32.691,1,-1.0630004129010402,0.9112532255031426,1.7073034415254789,0.6289225918284466
32.691,0,-2.837585237687135,-3.399106790002017,1.4533956358915248,0.542054219970544
32.701,0,-2.838674699397498,-3.4012332760852595,1.4582279801554112,0.5366609765281669
32.701,1,-1.0572245287686446,0.9087625951454944,1.707244801214078,0.6291052477245331
32.711,0,-2.8397834642940487,-3.4033043377016106,1.4630206748485506,0.5313849617746321
32.711,1,-1.051448774006009,0.9062676654734136,1.7071897027746252,0.6292381772511896
32.721000000000004,0,-2.840914742988837,-3.4053225822881696,1.4677720364430473,0.5260761534946895
32.721000000000004,1,-1.0456733033468397,0.9037693439652461,1.707137887197399,0.6293216319753495
32.731,0,-2.84207175650696,-3.407291028287682,1.4724768802638233,0.5203235201888547
32.731,1,-1.0398981252094714,0.9012688522683986,1.7070897654399955,0.6293560636240757
32.741,0,-2.8432576851832323,-3.409213052557578,1.4771265817124366,0.5140801982237573
32.741,1,-1.034123097505987,0.8987677343069557,1.7070455589867937,0.6293431857618285
32.751,0,-2.844475805514242,-3.411092097609468,1.48171437286602,0.5075742895191593
32.751,1,-1.0283479159267384,0.8962678525411463,1.7070050908316425,0.6292860602161273
32.761,0,-2.8457294948595506,-3.412931657135245,1.4862354533900721,0.5009741743447504
32.761,1,-1.0225721169030884,0.8937713579506523,1.7069675454906035,0.6291887361429225
32.77,0,-2.8470222123309314,-3.4147352859812607,1.4906865057096204,0.49441004201521055
32.77,1,-1.016795089722692,0.8912806340506156,1.7069322179742041,0.6290559868841239
32.781,0,-2.8483575002496972,-3.4165065819034153,1.4950658653501325,0.4881124998713768
32.781,1,-1.0110160921341265,0.8887982479701876,1.7068994242766442,0.6288926997796749
32.791,0,-2.849739001125692,-3.418249155702083,1.499374091559679,0.4822078190261486
32.791,1,-1.0052342633582638,0.8863269305538506,1.7068716111764664,0.6287031166070282
32.801,0,-2.851170329677252,-3.419966681348997,1.503611840495168,0.47668769290136526
32.801,1,-0.999448667646357,0.8838695567259711,1.7068507439812333,0.6284901278863574
32.811,0,-2.8526550192443576,-3.4216628750804023,1.507779532192374,0.4715494701969663
32.811,1,-0.9936583222027159,0.881429131473583,1.7068380677252357,0.6282552897136612
32.821,0,-2.8541964825735,-3.4233414640227915,1.5118773035602615,0.4667679327989009
32.821,1,-0.9878622213459929,0.8790087713399716,1.7068343138205602,0.6279991293987084
32.831,0,-2.8557979671018816,-3.42500615875614,1.5159047970141497,0.46233029677207677
32.831,1,-0.9820593592380709,0.8766116798702139,1.7068398113394756,0.6277217011130016
32.841,0,-2.85746256106794,-3.4266606186468027,1.5198615906391684,0.45824406867471185
32.841,1,-0.9762487468095543,0.8742411219765378,1.7068547220775507,0.6274232336024196
32.851,0,-2.859193187103264,-3.4283084274431634,1.5237472762786957,0.4545435222039699
32.851,1,-0.970429426165792,0.8719003912433021,1.7068790362758273,0.6271045223709861
32.861,0,-2.8609926241459753,-3.429953069968715,1.5275617678069044,0.4512585013478302
32.861,1,-0.9646004826704474,0.8695927595225375,1.7069122656038986,0.6267680050961879
32.871,0,-2.8628634902214114,-3.4315979150744558,1.53130505266828,0.4484010789200417
32.871,1,-0.958761046683663,0.8673214378044498,1.7069539134929093,0.6264176667774002
32.881,1,-0.9529103006468209,0.8650895383517598,1.7070036310673051,0.6260585759993138
32.881,0,-2.864808220198528,-3.4332461982350213,1.5349769600753584,0.44594132682735255
32.891,0,-2.8668290462974917,-3.4349010057618514,1.5385769812401078,0.44390534388523417
32.891,1,-0.9470474832767504,0.86290005210625,1.7070613160235155,0.6256960476355411
32.901,0,-2.8689280840936804,-3.4365652714962733,1.5421052589550295,0.4423402669305341
32.901,1,-0.9411718952770355,0.860755819106274,1.7071265115710286,0.6253360057348158
32.911,0,-2.87110728988937,-3.438241761975316,1.5455620333383568,0.4412448027863726
32.911,1,-0.9352828840505848,0.8586595411544637,1.7071987238076658,0.6249854664461283
32.921,0,-2.8733685488042204,-3.4399330860981623,1.5489485840846111,0.4408290406270877
32.921,1,-0.9293798398640957,0.8566137774147653,1.707277369488616,0.6246512088499431
32.931,1,-0.9234621999298944,0.8546209238048732,1.7073615854298534,0.62434044962378
32.931,0,-2.8757138131466435,-3.4416417238799837,1.5522687441558678,0.4411603546889923
32.941,0,-2.878144783415626,-3.443369959464391,1.5555256225264127,0.44212037252439446
32.941,1,-0.9175294437955198,0.8526832088523967,1.7074506256509898,0.6240609068956028
32.951,1,-0.9115811133766739,0.8508026364966236,1.7075432065773568,0.6238165414702395
32.952,0,-2.880662766716277,-3.445119836602014,1.5587203670401206,0.4434374967262285
32.961,0,-2.883268560977547,-3.44689312318649,1.561851148928453,0.4449894319587165
32.961,1,-0.9056168419329489,0.848980918101458,1.7076365127229225,0.6236116881505426
32.971000000000004,0,-2.885962766760134,-3.448691406780188,1.564916389236164,0.44682490869925184
32.971000000000004,1,-0.899636314616334,0.8472195937243869,1.7077282585864697,0.6234521187675994
32.981,0,-2.888745829382954,-3.450516126762794,1.5679151348570555,0.4489727574015152
32.981,1,-0.8936392700897522,0.8455200533418825,1.7078168404206515,0.6233419022235013
32.991,0,-2.891618032922918,-3.452368589292544,1.5708469381282433,0.4514488739999501
32.991,1,-0.8876255089113049,0.8438835349484141,1.707901125332467,0.6232837374549288
33.001,0,-2.894579543838341,-3.4542499946700005,1.573712212035053,0.45435202457726903
33.001,1,-0.8815949015425202,0.8423111112439057,1.7079801027751704,0.6232782296501698
33.011,0,-2.8976305346045725,-3.456161487852738,1.576513390729749,0.4577392100949801
33.011,1,-0.8755474045906683,0.8408036503733568,1.7080521702352356,0.6233248321885345
33.022,0,-2.9007710644836795,-3.4581041200567513,1.5792537020297943,0.4617013702502206
33.022,1,-0.8694830454116742,0.8393618534377469,1.7081157380756358,0.6234243808948896
33.031,0,-2.904001273566965,-3.4600789175074573,1.5819391150056883,0.4662870975428187
33.031,1,-0.8634019094214316,0.8379862712328604,1.7081697005252345,0.6235775460717601
33.041,0,-2.9073209983377977,-3.4620867406928637,1.5845745915730367,0.47132052601594804
33.041,1,-0.8573041420752644,0.8366772875411455,1.7082133493979315,0.6237838707829986
33.051,0,-2.91072963309955,-3.464128225862674,1.5871627307133693,0.47654641861204655
33.051,1,-0.8511899509397067,0.8354351134654762,1.7082463395742251,0.6240419069224803
33.062,0,-2.9142260548159875,-3.4662037492920947,1.5897028874974057,0.4818007385161808
33.062,1,-0.8450595841328709,0.8342598540980724,1.7082695533704704,0.6243517371075629
33.071,0,-2.9178089061395855,-3.4683135364570528,1.5921937739756629,0.48707217495501726
33.071,1,-0.8389133026337815,0.8331515838921939,1.708285945065295,0.6247109782322788
33.081,0,-2.9214768317290525,-3.4704577644158543,1.5946356586974686,0.4925280280410802
33.081,1,-0.832751431388401,0.8321101767759498,1.708297865684959,0.625115104077869
33.091,0,-2.9252286339011677,-3.4726366366046557,1.597031895558986,0.4982152159514726
33.091,1,-0.8265743573678203,0.8311352874745156,1.7083067448068519,0.6255604898793032
33.101,0,-2.929062939667313,-3.474850252374487,1.5993853528571704,0.5040401345793329
33.101,1,-0.8203825110767703,0.8302263765342185,1.7083135599366783,0.6260440651021353
33.111,0,-2.932978190142083,-3.4770986062739264,1.601698207168448,0.5099556613218738
33.111,1,-0.8141763675151867,0.8293826888463706,1.7083185502250389,0.6265610728678447
33.121,0,-2.9369726969129992,-3.4793816183860393,1.6039724630718764,0.5159191564862903
33.121,1,-0.8079564532721198,0.8286032296891213,1.7083206496859762,0.6271072026869211
33.131,0,-2.9410446244294524,-3.4816991368182593,1.6062096496280798,0.5218814168385463
33.131,1,-0.8017233099024585,0.8278868921806011,1.7083189555433187,0.6276790324061012
33.141,0,-2.9451920048565485,-3.484050953258647,1.608410881968669,0.5278052560675144
33.141,1,-0.795477488061904,0.8272324973471294,1.7083128870394801,0.6282724890250718
33.151,0,-2.9494127860677444,-3.4864368316940144,1.6105773450958654,0.5336987862292335
33.151,1,-0.7892195501793134,0.8266388108614585,1.7083020728219307,0.6288828487622858
33.161,0,-2.953704867050642,-3.488856530095072,1.612710644352939,0.539542881364705
33.161,1,-0.7829500714970522,0.8261045569004116,1.7082862712292544,0.6295053135650667
33.171,1,-0.7766696369447927,0.8256284320432126,1.708265367782842,0.6301351949413967
33.171,0,-2.958065942813532,-3.4913097279561414,1.6148106933559578,0.5451536102989809
33.181,0,-2.9624934695216987,-3.4937960065127,1.6168749700476701,0.5505784809944083
33.181,1,-0.7703788430124515,0.8252091099520079,1.7082392903373365,0.6307672781490908
33.191,0,-2.9669851129732168,-3.496315069649143,1.6189042056104337,0.5559140850949619
33.191,1,-0.7640783030932581,0.8248452342011344,1.7082078958523186,0.6313962497522146
33.201,0,-2.97153853229383,-3.4988666351352258,1.6208994244756398,0.5611347175236118
33.201,1,-0.757768646156726,0.8245354160423417,1.7081711192140536,0.6320168214274089
33.212,0,-2.976151328056563,-3.5014504041654293,1.6228610812135418,0.5661957483547962
33.212,1,-0.7514505181520021,0.8242782272126145,1.708128989601239,0.6326235211992762
33.221,0,-2.980821039289514,-3.504066055242564,1.6247888049356236,0.5710778956288965
33.221,1,-0.7451245816618773,0.8240722009550716,1.708081636674203,0.6332110751113894
33.231,0,-2.9855452034401857,-3.5067132734664312,1.6266820398285833,0.5757650760188677
33.231,1,-0.7387915032042465,0.8239158714022478,1.7080298721199825,0.6337753185665551
33.241,1,-0.7324519372126616,0.8238078249915646,1.7079761014920476,0.6343119872586619
33.241,0,-2.9903213512260574,-3.509391740188291,1.6285397988951706,0.5802541251938294
33.251,0,-2.995147079983719,-3.5121011626479084,1.6303618795625279,0.5846063224172529
33.251,1,-0.726106550039057,0.8237465967126866,1.7079222621827805,0.6348169472217937
33.261,0,-3.000020091006141,-3.5148412873858286,1.6321496257554822,0.5888444291083801
33.261,1,-0.7197560163484188,0.8237306632106893,1.7078696343387818,0.6352870021080556
33.271,0,-3.004938090961385,-3.517611831867868,1.6339042277453444,0.5929475286210072
33.272,1,-0.7134010084028507,0.8237584559269286,1.7078190814225218,0.6357197454452872
33.281,0,-3.0098988514188663,-3.5204125202340255,1.6356278984535524,0.5970265375578601
33.281,1,-0.7070421893197113,0.8238283724671658,1.707771244820826,0.6361131866460481
33.291,0,-3.01490036662988,-3.5232431951490613,1.6373272388346458,0.6011551559910785
33.291,1,-0.700680206766001,0.823938789029939,1.7077267680682835,0.6364660523101244
33.301,0,-3.019940584010235,-3.526103630490227,1.6390078489290854,0.6052446080233389
33.301,1,-0.6943156862384137,0.8240880553186657,1.7076861350444084,0.6367779455700449
33.311,0,-3.025017383917549,-3.5289935099636485,1.6406736351343745,0.6092495394242545
33.311,1,-0.6879492251617749,0.8242744982414116,1.7076496724925854,0.6370489395116755
33.321,0,-3.0301286295671757,-3.5319124594014792,1.642327627475388,0.613136786964776
33.321,1,-0.6815813886575603,0.8244964309738405,1.7076175972378984,0.6372797116332701
33.332,0,-3.0352721747192146,-3.5348600504894447,1.6439718538018335,0.6168754305881394
33.332,1,-0.675212704093163,0.8247521652335752,1.7075900474716192,0.6374715331484656
33.341,0,-3.040445908962726,-3.537835839121962,1.6456083126825272,0.6205075737863998
33.341,1,-0.6688436630848404,0.8250400042786256,1.7075665238756226,0.6376251116713602
33.351,0,-3.0456478288920334,-3.5408394320060608,1.647240971275012,0.6240641102666915
33.351,1,-0.6624747306491173,0.8253582099380476,1.707544528510254,0.6377412960177641
33.361,0,-3.05087593682249,-3.5438703973468857,1.6488729617743794,0.6275006015152353
33.362,1,-0.6561063300788612,0.8257050828854452,1.7075218955043696,0.6378220202729288
33.371,0,-3.0561282327287476,-3.546928253597355,1.6505062014855711,0.6307877831575905
33.371,1,-0.6497388449244735,0.8260789733967825,1.7074971765847071,0.6378688598370891
33.381,0,-3.06140273930522,-3.550012492399051,1.6521421248285104,0.6339326855524141
33.381,1,-0.6433726274455237,0.8264782740661948,1.7074694137971305,0.6378827822114926
33.391,0,-3.0666975084494434,-3.5531225854939543,1.6537818376027182,0.6368855105182283
33.391,1,-0.637008005674923,0.8269014159633323,1.7074379153837471,0.6378645004506627
33.401,1,-0.6306452879473184,0.8273468683484044,1.707402023234943,0.6378144139835513
33.402,0,-3.0720105651741902,-3.5562579221833133,1.655423691145577,0.6395916314596215
33.411,0,-3.0773399896824896,-3.5594179116305447,1.6570663567037005,0.64210883074234
33.411,1,-0.624284771022583,0.8278131477341016,1.707361279036871,0.6377320383282876
33.421,0,-3.0826839449090255,-3.5626020324395755,1.6587102520311718,0.644467701837484
33.421,1,-0.6179267486164614,0.828298821017772,1.707315404332764,0.6376164900741287
33.431,0,-3.0880406335880624,-3.56580978751725,1.6603556747061679,0.6466602311766928
33.431,1,-0.6115715142244641,0.82880250728546,1.7072642478113496,0.6374668611350156
33.441,0,-3.09340830132521,-3.5690407144037333,1.662003004410059,0.6487147602849213
33.441,1,-0.6052193637363138,0.8293228793450723,1.7072077524800553,0.6372820717242214
33.452,0,-3.098785252026202,-3.572294414407157,1.6636537371635864,0.6506603178781991
33.452,1,-0.598870594642221,0.8298586764196529,1.707146805378844,0.6370599542493104
33.461,0,-3.104169832112565,-3.575570531741224,1.6653096001786438,0.6524943327241622
33.461,1,-0.592525500830432,0.8304087137470825,1.7070844429217489,0.6367989800790508
33.471,0,-3.1095604146219835,-3.578868737246872,1.666971614592587,0.6542002847973866
33.472,1,-0.5861843789858809,0.830971829189745,1.7070231431398069,0.6364990487240957
33.481,0,-3.1149554022634343,-3.5821887512384034,1.6686407581043667,0.6558093630773613
33.481,1,-0.5798475293021581,0.8315468762227192,1.7069645931285322,0.6361600537218562
33.491,0,-3.1203532317222455,-3.5855303724896204,1.6703190149711578,0.657332089298226
33.491,1,-0.5735152547174879,0.8321327278237245,1.7069099257008915,0.6357820777760891
33.501,1,-0.5671878569119411,0.832728283153539,1.7068598144133482,0.6353657095658878
33.502,0,-3.125752354128591,-3.588893436175486,1.6720076464961173,0.6587476159968064
33.512,0,-3.1311512405057207,-3.59227781117958,1.6737073424740236,0.6600603731417604
33.512,1,-0.5608656328541228,0.8333324738207618,1.706814479212576,0.6349117642249881
33.521,0,-3.1365484014322798,-3.595683401150664,1.6754190949670584,0.6612775944078256
33.521,1,-0.5545488694409599,0.8339442701485695,1.7067740102570064,0.6344216148341856
33.531,0,-3.1419424014729453,-3.599110103308947,1.677143362769976,0.6623855526497204
33.531,1,-0.5482378363108368,0.8345626800777101,1.7067384367467306,0.6338972680354306
33.541,0,-3.1473318734800104,-3.6025578060366983,1.6788806202226687,0.6634193629874653
33.541,1,-0.5419327823345229,0.8351867471825114,1.7067077443493754,0.6333409021986492
33.552,0,-3.152715525133373,-3.6060264131847384,1.680632806649897,0.6644050278168757
33.552,1,-0.5356339339962934,0.8358155510742485,1.7066818820488707,0.6327550332542334
33.561,1,-0.5293414917575691,0.8364482110560618,1.7066606175742909,0.6321426649124112
33.561,0,-3.15809214050932,-3.609515783787119,1.6824010810051848,0.6653072279940481
33.572,0,-3.163460578827025,-3.6130257148801133,1.6841851361797622,0.6661002846596658
33.572,1,-0.5230556320783317,0.8370838878054788,1.7066431638319726,0.6315059853576355
33.581,1,-0.5167765202976208,0.8377217845704131,1.7066288312482762,0.6308455307603305
33.582,0,-3.168819754008266,-3.616555982100459,1.6859846946042618,0.6668163132982452
33.591,0,-3.174168610638465,-3.6201063697701263,1.6878005785080867,0.6674678732083711
33.591,1,-0.5105043232042672,0.8383611442332445,1.706617127360761,0.6301610166030385
33.602,0,-3.1795061174776,-3.623676637850732,1.689633158730673,0.6680382679589036
33.602,1,-0.5042392145416753,0.839001246535541,1.7066077030294673,0.6294518160094092
33.611,0,-3.1848312629849973,-3.6272665138548033,1.691481908433466,0.6684887228168626
33.611,1,-0.4979813787991184,0.8396414061401449,1.7066001176884793,0.6287170538605577
33.621,0,-3.1901430582708508,-3.6308756819824106,1.693344814546534,0.6687942785987924
33.621,1,-0.4917310121302966,0.8402809746431813,1.706593540625088,0.6279560545593955
33.631,0,-3.1954405324925297,-3.6345038219919936,1.695219792118415,0.6689594595981149
33.631,1,-0.48548831854903085,0.8409193483118813,1.706587318557199,0.6271686543235946
33.641,0,-3.2007227275164136,-3.6381506342484666,1.6971056177779522,0.6690417404551054
33.641,1,-0.47925350715967246,0.8415559741908635,1.7065810032070652,0.6263549371755042
33.651,0,-3.20598868660789,-3.6418158646027265,1.6990029863770812,0.6690674455317451
33.651,1,-0.47302678969364553,0.8421903548332322,1.7065742814001907,0.6255154760177342
33.661,0,-3.211237478518692,-3.645499254588964,1.700912214462862,0.669018559298479
33.661,1,-0.4668083751346312,0.8428220531516941,1.7065669434287334,0.6246513967840611
33.671,0,-3.2164681881258876,-3.6492005587912657,1.7028340387265986,0.668958349280398
33.671,1,-0.46059846718418446,0.8434506947115499,1.7065589797159775,0.6237638277361959
33.681,0,-3.2216798820605828,-3.6529195932131024,1.7047719468039675,0.6689328938879541
33.681,1,-0.4543972631887933,0.84407596408011,1.7065508568224228,0.6228541861640653
33.691,1,-0.44820494803565075,0.844697595373729,1.7065429969304093,0.6219244274015534
33.691,0,-3.226871650295449,-3.656656154973552,1.7067285644735781,0.6688975934473902
33.701,1,-0.4420216914490282,0.8453153611482741,1.7065356849377429,0.6209764306007012
33.702,0,-3.23204260981396,-3.6604100104313244,1.7087052161597966,0.6688235271124039
33.711,0,-3.2371918847062484,-3.664180915183715,1.7107030567272847,0.6687414254938042
33.711,1,-0.4358476493692432,0.8459290634339858,1.7065291046865918,0.6200117681873595
33.721000000000004,0,-3.242318582154517,-3.6679686366118673,1.712724338834341,0.6686575262748962
33.721000000000004,1,-0.4296829650297725,0.8465385283163571,1.706523358942189,0.6190320368502445
33.731,1,-0.42352776818063237,0.847143603101576,1.7065188250267773,0.6180386523767614
33.731,0,-3.247421828127373,-3.671772908045517,1.714770264351473,0.6685290373998138
33.741,1,-0.4173821756002732,0.8477441523001127,1.7065166077201521,0.6170333655825079
33.741,0,-3.2525007767154106,-3.675593430841769,1.7168410109067638,0.6683476113052023
33.751,1,-0.41124628500809235,0.8483400565031317,1.7065175737021065,0.6160186562895913
33.752,0,-3.2575546131070285,-3.679429902756693,1.718936826023648,0.6681142885771922
33.761,0,-3.262582588251803,-3.6832820143755236,1.7210574641563554,0.6678164900667717
33.761,1,-0.40512016953423136,0.8489312080358696,1.7065222848015535,0.6149973246109347
33.771,0,-3.2675840354709904,-3.6871494539461485,1.7232021857673063,0.6674464109116541
33.771,1,-0.3990038761430997,0.8495175069901123,1.7065310947578103,0.6139720878904787
33.781,1,-0.39289742367773445,0.8500988592093748,1.7065437998780517,0.6129459736563002
33.781,0,-3.272558389976273,-3.6910319041737285,1.7253694126174757,0.6669604110427495
33.791,0,-3.277505219920229,-3.694929022896231,1.7275556593990764,0.666324159799657
33.791,1,-0.3868007963516285,0.8506751753001501,1.706558689759018,0.6119219069271011
33.801,0,-3.282424170770441,-3.698840473015824,1.729757651460355,0.6655644346207588
33.801,1,-0.380713950240919,0.8512463565584095,1.7065742414230294,0.6109023156243029
33.81,0,-3.2873149342875303,-3.702765922459569,1.7319730153128763,0.6647249435182602
33.81,1,-0.37463681829196277,0.8518122885066808,1.7065894055123307,0.6098892630854288
33.819,0,-3.292177222704522,-3.706705044220809,1.7342008256718853,0.6638392632627823
33.819,1,-0.3685693134515469,0.8523728396673995,1.7066034507335763,0.6088846886101008
33.832,0,-3.297010791922833,-3.710657487796295,1.7364402787575965,0.6629016851543043
33.832,1,-0.3625113286148192,0.8529278633955206,1.7066158790269643,0.6078905600485384
33.841,0,-3.3018154350767417,-3.7146228764239066,1.7386907069034654,0.6619336502395552
33.841,1,-0.3564627388626342,0.8534772000029209,1.706626512583764,0.6069084387801806
33.851,1,-0.3504234079821839,0.854020685321971,1.7066356637024924,0.6059392690221482
33.852,0,-3.306590967925921,-3.718600815351295,1.7409521675066002,0.6609457000287173
33.861,0,-3.3113372638481344,-3.7225908755014094,1.7432244196484816,0.659924599590457
33.861,1,-0.3443931960153765,0.854558174339405,1.7066436221709735,0.6049832585848989
33.871,0,-3.3160542600678564,-3.7265925960248394,1.7455070015393963,0.6588742311497887
33.871,1,-0.33837196922889184,0.8550895600502748,1.7066505856524534,0.6040397666335542
33.881,0,-3.320741954423174,-3.7306054916561444,1.747799556277741,0.6577950890777358
33.881,1,-0.3323596073965602,0.8556147861639137,1.7066566778201027,0.6031078062300762
33.891,0,-3.325400416376693,-3.7346290533503437,1.750101576023051,0.656689088357259
33.891,1,-0.32635600595485514,0.8561338549798118,1.7066621082024047,0.6021862871742916
33.901,0,-3.3300297828293406,-3.7386627539044808,1.7524125769319583,0.6555561212550294
33.901,1,-0.320361075699894,0.85664682488375,1.7066673607098064,0.6012743204353727
33.911,0,-3.334630319769897,-3.742706007909167,1.7547292846755214,0.6541732016465988
33.911,1,-0.31437473779656977,0.8571537975377412,1.7066728268991158,0.6003713384178396
33.921,0,-3.339202460235805,-3.7467580934616094,1.7570421499973095,0.6524463881907998
33.922,1,-0.3083969190207065,0.857654902515049,1.7066787745814775,0.5994772148742818
33.931,0,-3.3437465026852538,-3.7508181761869426,1.7593434247577437,0.6504569240033715
33.931,1,-0.3024275455984725,0.8581502851856829,1.706685390164999,0.5985922755986021
33.941,0,-3.348262509598486,-3.7548852390716223,1.7616277768282749,0.6482463782982084
33.941,1,-0.29646654005521794,0.8586400975202612,1.7066928084448223,0.597716932708719
33.951,0,-3.3527502829508604,-3.758958021347001,1.7638911419483878,0.6457920206042348
33.951,1,-0.29051381955860606,0.8591244895706193,1.7067012904015069,0.5968518359185494
33.961,0,-3.3572093788198574,-3.7630349810924595,1.7661291601915112,0.6430630255534443
33.961,1,-0.28456929133127995,0.8596036008868564,1.7067115943026714,0.5959982636486785
33.971000000000004,0,-3.3616390769844315,-3.767114306930861,1.7683384962016808,0.6400703671362782
33.971000000000004,1,-0.2786328461945625,0.8600775593774217,1.7067243532196106,0.5951579237452819
33.981,0,-3.3660383936055545,-3.7711939273624204,1.7705168888680558,0.6368120619642237
33.981,1,-0.2727043548174022,0.8605464802352647,1.7067399732054838,0.5943329239596304
33.991,0,-3.370406109008068,-3.775271524799077,1.7726628007611562,0.6332782556559646
33.991,1,-0.2667836635101096,0.8610104666825587,1.7067587138758686,0.5935256988948847
34.001,0,-3.3747408007503443,-3.779344557889062,1.7747750498238906,0.6294428296060465
34.002,1,-0.2608705932666184,0.8614696124015631,1.706780499917413,0.5927384332067842
34.01,0,-3.379040886284254,-3.783410291902528,1.7768521443472298,0.625276397028393
34.01,1,-0.25496493817238447,0.8619240061681009,1.7068040762291958,0.5919734798277932
34.021,1,-0.2490664603872799,0.8623737263163218,1.7068282196925264,0.5912342888501739
34.021,0,-3.3833046214001903,-3.7874658342008023,1.7788928662446948,0.6207739599217498
34.031,0,-3.3875301118179975,-3.791508169315378,1.7808963956914086,0.6159291371949268
34.031,1,-0.24317488520632546,0.8628188389535724,1.7068520932003315,0.5905246271187713
34.041,0,-3.391715337099794,-3.79553419356427,1.7828621725866076,0.6107346503982175
34.041,1,-0.2372899017455136,0.8632593983152903,1.7068751756887186,0.5898479945264476
34.051,0,-3.3958581760221063,-3.7995407480000836,1.7847897888809026,0.6051848470830236
34.052,1,-0.2314111657498021,0.8636954466357206,1.7068972512202465,0.5892076878498526
34.061,0,-3.39995640170781,-3.803524634157436,1.7866795921154268,0.5993211794181355
34.061,1,-0.22553830015670367,0.8641270112281471,1.706918938641163,0.5886074561412512
34.071,0,-3.4040076368218743,-3.8074826026310413,1.788534113051821,0.5931717101597271
34.071,1,-0.21967089697850273,0.8645541003159865,1.7069427612106092,0.5880506247399373
34.081,0,-3.4080094857326952,-3.8114114243307786,1.790355518679716,0.5867090261231205
34.081,1,-0.21380851949809868,0.8649767144153481,1.7069709722012558,0.5875400424165943
34.091,0,-3.411959579050407,-3.8153079260755223,1.7921452502584516,0.5799191813563197
34.091,1,-0.2079507035649261,0.8653948518295552,1.707005094170821,0.5870784098270879
34.101,0,-3.415855590566967,-3.8191690111234373,1.793904228590452,0.5727951572456287
34.101,1,-0.2020969616779331,0.8658085108444373,1.7070461293858379,0.5866679201347634
34.111,0,-3.4196952620278167,-3.8229916825941497,1.7956328228709295,0.565329456664305
34.111,1,-0.19624679163766812,0.8662176966328724,1.7070933549784006,0.5863065367164678
34.121,0,-3.4234764153446924,-3.8267730596331195,1.7973308807748023,0.5575252444445418
34.121,1,-0.1903996900956882,0.8666224308773204,1.7071423753061357,0.5859922532405282
34.131,0,-3.427196927154696,-3.830510370580344,1.7989982053546658,0.549393755423688
34.131,1,-0.18455515796039623,0.8670227362775992,1.707189546375751,0.5857252109130661
34.141,0,-3.4308547268873295,-3.8342009593800714,1.8006345891304807,0.5409445148907861
34.141,1,-0.1787127136761294,0.8674186366840222,1.707232494231502,0.5855044366097585
34.151,0,-3.4344478034952295,-3.837842294900789,1.8022397491226936,0.532188964749825
34.151,1,-0.17287190398677865,0.8678101598382959,1.7072699017173427,0.5853277130411588
34.161,0,-3.43797420155469,-3.841431969646081,1.8038134484113009,0.5231409381767487
34.161,1,-0.16703231032049945,0.8681973417815794,1.7073009305841433,0.5851919134490636
34.171,0,-3.441432096666795,-3.8449677578540893,1.8053544854410066,0.5137568927744429
34.171,1,-0.1611935484765124,0.8685802249956976,1.7073259937136316,0.5850955369586613
34.181,0,-3.444819980574377,-3.848447756683106,1.806858283678412,0.5040125057285619
34.181,1,-0.15535525997724464,0.8689588476305967,1.707348959869689,0.5850355346806134
34.191,0,-3.448136408309843,-3.85187017686808,1.8083209291022984,0.49396155348006654
34.191,1,-0.14951713462498142,0.8693332512624263,1.7073732543655353,0.5850057525026647
34.201,0,-3.4513799709572677,-3.8552333045477982,1.8097397551021803,0.4836440232514929
34.201,1,-0.14367891871353533,0.8697034753899167,1.707401173696054,0.585000266992814
34.211,0,-3.4545493385592145,-3.858535522328934,1.8111128552548117,0.47309439511095897
34.211,1,-0.13784041535715275,0.8700695499920674,1.707434218640269,0.58501351707955
34.221,0,-3.457643269318717,-3.8617753071100895,1.8124390057889412,0.4623443084991398
34.221,1,-0.1320014799408746,0.870431489947032,1.7074733570519298,0.5850404028798097
34.231,0,-3.4606605396438304,-3.8649511652618114,1.8137185599040175,0.45147801707966057
34.231,1,-0.12616201777691582,0.8707892920849855,1.7075190633160333,0.5850753579350103
34.241,0,-3.4635996373151907,-3.868061375695242,1.8149572420092535,0.440582247689408
34.241,1,-0.12032198554936155,0.8711429380791775,1.707570668538907,0.5851126194878814
34.251,0,-3.466459197034696,-3.8711043591066145,1.8161605097051798,0.42963338079992114
34.251,1,-0.11448137477440985,0.8714923981328859,1.7076272634511724,0.5851494640247281
34.261,0,-3.469238110877517,-3.8740787843970086,1.8173321272051697,0.41862370689276185
34.261,1,-0.1086401980425842,0.8718376379739766,1.7076881614703552,0.5851841007033511
34.271,0,-3.471935487098112,-3.8769835451218224,1.8184746531019953,0.407551316439841
34.271,1,-0.10279848411468366,0.8721786255586209,1.7077528275011695,0.5852150674315773
34.281,0,-3.474550677675926,-3.8798177893929147,1.819589079602674,0.3963967471535983
34.281,1,-0.09695627173862625,0.8725153337421662,1.7078212616481048,0.5852433719937753
34.291,0,-3.4770833025087633,-3.8825809377303964,1.8206745403924214,0.3851619249636026
34.291,1,-0.09111360069736679,0.8728477393385277,1.7078946453979122,0.5852694505676248
34.301,0,-3.479533100552401,-3.8852725406830793,1.8217301585279435,0.3738661686353158
34.301,1,-0.08527051987172078,0.8731758277445678,1.7079740373112273,0.5852924493644865
34.311,1,-0.07942708717203843,0.8734995917007269,1.708060479371973,0.5853117265041039
34.311,0,-3.4818999205239343,-3.887892255000414,1.822755184621578,0.36252929009943224
34.321,0,-3.4841837020329582,-3.8904398158026847,1.8237491902980765,0.35117133090267316
34.321,1,-0.07358336866309924,0.873819032326776,1.7081546874547602,0.5853263149164256
34.331,0,-3.4863844769683086,-3.8929150298635538,1.82471200789951,0.33980984647727325
34.331,1,-0.06773943730837212,0.874134158835937,1.7082570665891688,0.5853353017726561
34.341,0,-3.4885023582198245,-3.89531776098916,1.8256438136119861,0.32846706172543205
34.341,1,-0.06189537594578599,0.8744449890010613,1.70836751918837,0.5853358365985126
34.351,0,-3.4905375151037505,-3.897647907981111,1.8265452950476724,0.3171585145280732
34.352,1,-0.05605127849529251,0.8747515528698243,1.708485099937087,0.5853263541245359
34.361,0,-3.4924901975825002,-3.8999054299690856,1.8274171245916142,0.3058912561850868
34.361,1,-0.050207236954943904,0.8750538958487185,1.7086089523963564,0.5853077016864101
34.371,0,-3.4943607327390565,-3.9020903484977527,1.82825977969653,0.29466641257955917
34.371,1,-0.044363336022108554,0.8753520842509008,1.7087383734281283,0.5852806897944142
34.381,1,-0.03851965047973933,0.8756462088602011,1.70887269662233,0.585246651396486
34.381,0,-3.496149520781541,-3.9042027482850186,1.8290734126418893,0.28348689449458775
34.391,0,-3.497857009579523,-3.906242758221852,1.829857994477585,0.27234911255063554
34.391,1,-0.03267624128535894,0.8759363861693984,1.7090111767360952,0.58520598712512
34.401,0,-3.4994837209756136,-3.9082105785115813,1.8306128876902148,0.26124800139208265
34.401,1,-0.026833159447748247,0.8762227563947274,1.7091528023292675,0.5851597416696348
34.407,0,-3.501030200153812,-3.9101064409355044,1.831337371341206,0.2501908258167578
34.407,1,-0.020990452616518586,0.876505473512203,1.709297028561559,0.5851086923896405
34.421,0,-3.5024969738640057,-3.9119305754852713,1.8320310688614903,0.23918666431225882
34.421,1,-0.015148173585503442,0.8767846984175945,1.7094434785529775,0.5850521898414691
34.431,0,-3.503884562298762,-3.9136832232777743,1.8326937596722341,0.22823721577356632
34.431,1,-0.00930638683803736,0.8770605930644074,1.7095917805391865,0.5849883957505057
34.441,0,-3.5051934992148857,-3.915364655894295,1.8333250996686243,0.21734610980240304
34.441,1,-0.003465173365023784,0.8773333156031241,1.7097413953768925,0.5849153759327564
34.451,0,-3.5064243214672803,-3.9169751666080166,1.8339246986862556,0.20650876026880766
34.451,1,0.0023753730751317546,0.8776030136106109,1.7098921515338297,0.5848342147867109
34.461,0,-3.507577594776977,-3.9185150962150144,1.8344917204241198,0.19572620800572246
34.461,1,0.00821514780328341,0.877869818905302,1.71004469078231,0.5847443564946571
34.471,1,0.014054026770424985,0.8781338472786158,1.7101995970507131,0.584643338829304
34.471,0,-3.50865384864223,-3.9199847807429293,1.8350255460354048,0.18500287933821025
34.481,0,-3.509653585037249,-3.9213845644242245,1.8355255471870993,0.17434288224991926
34.481,1,0.019891864120545954,0.8783951957256712,1.7103574279631732,0.5845287815852318
34.491,0,-3.510577245051689,-3.922714771822339,1.8359914119262828,0.1637552035657925
34.491,1,0.025728493752411485,0.8786539389755279,1.7105185578697126,0.5843981630049259
34.501,0,-3.5114252864375946,-3.923975778587068,1.836422128068725,0.153206120410286
34.501,1,0.031563729570579596,0.8789101275823777,1.7106827319874012,0.5842457295581065
34.511,0,-3.512198309146634,-3.9251681223569777,1.836814474761376,0.1426933731627572
34.511,1,0.03739737208036139,0.8791637874663376,1.7108484931865382,0.5840696559383298
34.521,0,-3.5128968342652804,-3.9262922941221476,1.837166068469723,0.13225621008788374
34.521,1,0.043229237372795895,0.8794149152461223,1.711014599559874,0.5838735439208677
34.531,1,0.049059175359371945,0.8796634778909277,1.7111801117403356,0.583661687558323
34.531,0,-3.5135213219330166,-3.9273487468389616,1.8374753918725908,0.12192581348812168
34.541,0,-3.514072229608545,-3.9283379421859146,1.8377412309747192,0.11173986216628434
34.541,1,0.05488708031428257,0.8799094145119744,1.7113442349413794,0.5834394096441724
34.551,0,-3.5145499948549515,-3.929260329921438,1.8379629906157082,0.10174580667780583
34.551,1,0.06071290021870185,0.8801526389514828,1.711506377141783,0.5832128355198579
34.561,0,-3.5149549820566275,-3.9301162955957967,1.838141458973584,0.09201553875868636
34.561,1,0.06653663878910387,0.8803930435411789,1.7116659153651883,0.5829862689081341
34.571,0,-3.515287416183177,-3.9309060949945156,1.8382797192609108,0.08260182577589313
34.571,1,0.07235834621610394,0.8806305029697588,1.7118217134214513,0.5827631944146724
34.581,0,-3.5155476190101536,-3.9316300587487145,1.8383800468957978,0.07356388037206185
34.581,1,0.07817810385874584,0.8808648724116646,1.711972910118608,0.5825472112243203
34.591,0,-3.515735978164688,-3.9322885561000076,1.8384442134960826,0.06500335895786466
34.591,1,0.08399600917185229,0.8810959858323996,1.7121189253970839,0.5823399724710082
34.601,0,-3.515852935818746,-3.9328819794416594,1.8384735577412177,0.05707923367600846
34.601,1,0.08981216261895503,0.8813236555995768,1.7122593387550398,0.5821415475183699
34.607,0,-3.5158990054806294,-3.9334107565926244,1.8384686975657853,0.05004141599502027
34.607,1,0.09562665882821436,0.8815476731486835,1.7123940186744702,0.5819533052749355
34.621,0,-3.515874713886982,-3.933875296398617,1.8384302295898727,0.044253368007163583
34.621,1,0.10143959070612826,0.8817678079340873,1.7125244325602582,0.5817782853425604
34.631,0,-3.5157806032672516,-3.9342759888169985,1.8383586999946184,0.040201675991497814
34.631,1,0.10725104676735983,0.8819838194101075,1.7126522218916285,0.5816144825871339
34.641,1,0.11306111283825213,0.8821954665509184,1.7127785347525846,0.5814608965351198
34.641,0,-3.5156172621608524,-3.9346132319148692,1.8382542088956826,0.03838545258882696
34.651,0,-3.515385277786695,-3.9348873890238854,1.8381170355446452,0.03905019551451291
34.652,1,0.11886987851802633,0.8824025116255021,1.7129041306724744,0.5813174074618682
34.662,0,-3.5150852315829018,-3.9350987862171842,1.8379476953390228,0.04201628665992003
34.662,1,0.1246774400320675,0.8826047227257748,1.7130294943593964,0.5811842410226709
34.671,0,-3.5147177255967055,-3.935247739092381,1.8377465935397204,0.04681737057758775
34.672,1,0.13048390184083983,0.8828018728002104,1.7131555406895984,0.5810658956389169
34.681,0,-3.514283408586216,-3.9353345808558533,1.8375136258576523,0.05292597964012721
34.681,1,0.13628938343010774,0.8829937331660395,1.7132851364219828,0.5809664551556252
34.691,0,-3.5137829136103473,-3.935359610472954,1.8372489235417084,0.05989906630936062
34.691,1,0.1420940132648252,0.8831800855386865,1.713420685628868,0.5808851868039542
34.701,0,-3.513216864148802,-3.9353231037898246,1.8369526666006293,0.06745342127258326
34.701,1,0.1478979301253713,0.8833607245154254,1.7135637523434353,0.5808221952601395
34.712,0,-3.51258589786385,-3.93522534066463,1.8366246669830304,0.07539595820167379
34.712,1,0.15370128539787736,0.8835354582146622,1.7137153149838646,0.5807782221090071
34.721000000000004,0,-3.5118906169695934,-3.9350665630030233,1.8362649939456583,0.08358716459035505
34.721000000000004,1,0.15950424657079984,0.8837041111680914,1.7138759582545462,0.5807544941869762
34.731,0,-3.511131568541818,-3.934846959594072,1.8358742249217792,0.09191540583133824
34.731,1,0.16530699309309468,0.8838665316423416,1.7140452656582328,0.5807458473777366
34.741,0,-3.5103092314322946,-3.9345666559709818,1.8354536496508747,0.10031427972333223
34.741,1,0.17110970606977877,0.8840226003373278,1.7142208899471796,0.5807496610750785
34.751,0,-3.5094240665859804,-3.9342257633569533,1.8350045541743578,0.10875250050394329
34.752,1,0.1769125739210639,0.8841722184712383,1.7144008530932953,0.5807681767064038
34.761,0,-3.508476543454084,-3.933824405339856,1.8345278728633838,0.11722864618303662
34.761,1,0.18271578537454172,0.8843153075180344,1.7145837621305704,0.5808023187932166
34.771,1,0.18851952225196256,0.8844518114300383,1.7147686247889857,0.5808522633152756
34.771,0,-3.507467163271988,-3.9333627419394075,1.8340238679711447,0.12573329876868522
34.781,0,-3.5063964422442297,-3.9328409554030688,1.8334923584279397,0.1342922664958693
34.781,1,0.1943239537541751,0.8845817026035359,1.7149541754740625,0.5809126938162746
34.791,0,-3.5052649867681125,-3.9322593269105326,1.8329315532420554,0.1429205625094287
34.791,1,0.20012923471936006,0.8847049857142715,1.715138015939513,0.5809821495597062
34.801,0,-3.504073375600531,-3.9316181286349,1.8323398541562501,0.15159931831146484
34.802,1,0.20593552930154307,0.8848216794715277,1.715318271968667,0.5810650234935745
34.811,1,0.21174302373364487,0.8849318097141545,1.7154937198936646,0.5811658701334681
34.811,0,-3.502822164354874,-3.9309176336428133,1.8317157885832247,0.16030838278600976
34.821,0,-3.5015118480991605,-3.930158082440747,1.8310585568247661,0.1690211375607882
34.821,1,0.21755193481474708,0.8850354089757505,1.7156635394385698,0.5812892193966566
34.831,0,-3.500142879194524,-3.929339702253002,1.8303677530633427,0.17773362352076683
34.831,1,0.22336251335827412,0.8851325166930512,1.7158271752696057,0.5814392862632138
34.841,0,-3.4987156925147107,-3.9284627325784425,1.8296429806370784,0.1864250057675319
34.841,1,0.2291750494337085,0.8852231757297895,1.715984893865429,0.5816254705322831
34.851,0,-3.4972306431029265,-3.92752736200394,1.8288848396624429,0.19506849480945748
34.852,1,0.2349898770828734,0.8853074320141066,1.7161386365384315,0.5818525182332308
34.861,1,0.24080734523501698,0.8853853590462274,1.7162900221319748,0.5821191491514052
34.861,0,-3.495688073155579,-3.9265337919839385,1.8280939307745157,0.20368031861143085
34.871,0,-3.494088351638206,-3.9254822734458514,1.8272702810656667,0.21226379511434285
34.872,1,0.2466278024465953,0.8854570692393943,1.7164401962330667,0.5824237142542047
34.881,0,-3.492431824260503,-3.9243730539924284,1.8264141488605026,0.2208069877586216
34.881,1,0.2524515891875898,0.8855227210876602,1.7165899150969504,0.5827641964120749
34.891,0,-3.4907187512751205,-3.923206312712474,1.8255270695127157,0.2292169787998441
34.891,1,0.2582790308993292,0.8855825226497335,1.7167396541859177,0.5831381439852578
34.901,0,-3.488949190089224,-3.9219820409624715,1.8246138594420993,0.2374478981781743
34.901,1,0.2641104318240415,0.8856367310256021,1.7168896905544622,0.5835428074876721
34.911,0,-3.487123267977817,-3.9207003202933093,1.8236782201997306,0.24555125701531189
34.911,1,0.26994607418912864,0.8856856492320838,1.717040157080148,0.5839758078801446
34.921,0,-3.4852411715471394,-3.9193613153348963,1.8227228849041723,0.25354948220980816
34.921,1,0.27578622178343176,0.8857296239113318,1.7171911107888016,0.584435215408984
34.931,0,-3.4833031395654612,-3.917965268207353,1.821749733607209,0.2614778220502231
34.931,1,0.2816311212245095,0.8857690427394033,1.7173425718343436,0.5849192162373079
34.941,0,-3.481309479132009,-3.9165125149874362,1.8207595175332025,0.26935425564873666
34.941,1,0.28748100280199845,0.8858043320600854,1.7174945602755027,0.5854261940729905
34.951,1,0.293336084539824,0.8858359559886498,1.7176471860385303,0.5859560243588647
34.951,0,-3.479260510132952,-3.9150034287998907,1.8197527235374977,0.2771895664801218
34.961,0,-3.477156609148013,-3.913438459120142,1.818728808517779,0.2850181583152321
34.961,1,0.29919657663237076,0.8858644150593024,1.7178011208272266,0.5865087563238854
34.972,0,-3.474998183170222,-3.911818091136052,1.8176866206262032,0.29283527628494
34.972,1,0.305062668694045,0.8858902513826166,1.717957051876872,0.5870811831410222
34.981,0,-3.4727855960229355,-3.9101427573167964,1.8166255879255941,0.3006224299137052
34.981,1,0.31093452220878154,0.8859140518223283,1.718115421393182,0.5876697387304726
34.991,0,-3.4705191914666402,-3.908412850566503,1.8155453193869415,0.308391758063192
34.991,1,0.31681226686659697,0.8859364470716061,1.7182764891039841,0.58827066455421
35.001,0,-3.4681993888726566,-3.9066288139142595,1.8144439517400288,0.31622056637994267
35.001,1,0.3226959950808043,0.8859581107504573,1.718440101496584,0.5888772647282287
35.011,0,-3.4658267599688957,-3.9047912190242027,1.8133166835398646,0.3241494076712279
35.011,1,0.3285857563574999,0.8859797569228487,1.7186050316662547,0.5894839751452214
35.021,0,-3.4634017848878402,-3.902900535023698,1.8121597857218936,0.33213045031115
35.021,1,0.33448157424549957,0.8860021270428061,1.7187701738071268,0.5900897046725813
35.03,0,-3.4609248310433673,-3.9009571210667366,1.8109708723824394,0.34014802475313854
35.031,1,0.34038344919820057,0.8860259765706902,1.7189347744000483,0.5906930665077643
35.041,0,-3.458396209565026,-3.8989612924020087,1.8097478846906836,0.34819341993328
35.041,1,0.34629135809660055,0.886052064158685,1.7190983861936906,0.5912925170685249
35.051,0,-3.455816138394912,-3.8969132895690044,1.808489681934226,0.35624331327855496
35.051,1,0.3522052558204747,0.8860811429212544,1.7192607024791502,0.5918863039171202
35.061,1,0.3581250701774378,0.8861139508932777,1.7194209542853154,0.5924676501965676
35.061,0,-3.453184652166402,-3.8948131915697046,1.8071976451528287,0.3641207689387255
35.071,0,-3.45050108661295,-3.8926603972198537,1.805885300766319,0.37150134796436535
35.071,1,0.3640506968314546,0.8861512027625084,1.7195771455755802,0.5930339053284189
35.082,0,-3.4477648399946923,-3.890454371573266,1.8045672622841638,0.3785005239118383
35.082,1,0.3699820297117558,0.8861935970459046,1.7197276809847437,0.5935878396084774
35.091,0,-3.444975783450892,-3.8881950349183545,1.8032546780330516,0.3851356273993752
35.092,1,0.3759189701415852,0.8862418190741755,1.7198715059536003,0.5941320846331882
35.101,0,-3.4421341886564076,-3.885882673176984,1.8019586130742586,0.3913975088361796
35.101,1,0.38186143004847,0.8862965439313244,1.7200079764421945,0.59466909700468
35.111,0,-3.4392410048591397,-3.883518201691144,1.800686911861715,0.3973601676864081
35.111,1,0.38780933567522824,0.8863584424262032,1.7201366850746547,0.5952012406454141
35.121,0,-3.4362979832869467,-3.8811032812400668,1.7994429464817268,0.40304199239072686
35.121,1,0.3937626273059214,0.8864281870669763,1.720257382200849,0.5957303155233657
35.131,0,-3.4333075355367635,-3.8786401724343595,1.7982284769186896,0.4083940245889652
35.131,1,0.3997212524105208,0.8865064582482578,1.720369959504298,0.5962573898388729
35.141,1,0.4056851591849515,0.8865939470013972,1.7204744675546932,0.596782799143852
35.141,0,-3.430272677544734,-3.8761316793221274,1.7970443955575321,0.4133571130941187
35.151,0,-3.427196962556636,-3.8735810847700742,1.7958912795378708,0.41786701794699943
35.151,1,0.41165429280646537,0.8866913513946393,1.7205709790374744,0.5973064216723122
35.161,0,-3.424084426359517,-3.8709921001515326,1.7947694127229357,0.4218701786339252
35.161,1,0.41762859262123175,0.8867993725668875,1.7206595930260928,0.5978279627740576
35.171,0,-3.420939529082679,-3.868368813282286,1.7936786085097431,0.42532339731852614
35.171,1,0.42360800041202085,0.8869187270370967,1.7207413376525176,0.5983523126969986
35.181,0,-3.4177670854683586,-3.865715625329993,1.7926181336827358,0.42818689508597163
35.181,1,0.429592474264492,0.8870501692141886,1.720819342279433,0.5988804815726749
35.191,1,0.43558195636592584,0.8871944587317149,1.7208961618003027,0.5994092419968836
35.192,0,-3.4145721751675104,-3.863037166352486,1.7915872395378658,0.4304235460564395
35.201,0,-3.411360074301949,-3.860338233054842,1.7905851246703923,0.43200518247694714
35.201,1,0.44157636983850945,0.8873523496976771,1.7209736067628676,0.5999364250033876
35.211,1,0.44757562275861007,0.8875245809797212,1.7210528928009,0.6004605254659605
35.212,0,-3.408136184246869,-3.8576237234103723,1.7896111352495232,0.4329102596099051
35.221,0,-3.404905972272224,-3.8548985835376275,1.7886647254367825,0.4331275396000337
35.221,1,0.45357961023114834,0.8877118674852671,1.7211348114817053,0.6009802822042227
35.231,0,-3.4016749176746255,-3.852167759814401,1.787745436975066,0.4326523710778936
35.231,1,0.4595882056579928,0.8879148816020431,1.721219167175177,0.6014896053530505
35.241,0,-3.398448462805959,-3.84943615651021,1.7868529019075259,0.4314885863911081
35.241,1,0.4656012428141288,0.8881342260744959,1.7213032251957785,0.6019837674192603
35.251,0,-3.3952319668320463,-3.846708598715166,1.7859867185416283,0.42964792172190136
35.252,1,0.47161854950307697,0.8883704958567057,1.721384526201586,0.6024650070432596
35.261,0,-3.392030662015956,-3.843989797246162,1.7851463696074161,0.42715080679318124
35.261,1,0.47763995466038933,0.8886243049021062,1.72146142189203,0.602935259221072
35.271,0,-3.388849614342326,-3.841284316434921,1.7843311192958224,0.4240202735742272
35.271,1,0.483665287153733,0.8888962961539641,1.7215328905455962,0.6033960825997925
35.281,0,-3.385693703800603,-3.838596555379855,1.7835406394515867,0.4202572704728274
35.281,1,0.4896943784734708,0.8891871527601415,1.7215985064875985,0.6038501998556042
35.291,0,-3.3825676264534184,-3.835930751155628,1.782775906538038,0.4158751685854111
35.291,1,0.4957270657325773,0.8894976123614393,1.7216589328868157,0.6042990630730053
35.301,0,-3.379475836459292,-3.833290948706138,1.7820374975927495,0.41091859281874954
35.301,1,0.5017631735268814,0.8898284390550543,1.72171488607954,0.6047412718257813
35.311,0,-3.376422520195701,-3.830680990594211,1.781325528136889,0.4054263644603912
35.311,1,0.5078025067515398,0.8901804028824708,1.721766853027737,0.6051752020659695
35.321,0,-3.373411581745886,-3.828104510868664,1.7806397977407424,0.3994386179254514
35.321,1,0.5138448472896526,0.8905542663895207,1.7218151499760928,0.6055989054498774
35.331,0,-3.370446628257942,-3.825564925596926,1.7799797548121263,0.3929949055548003
35.331,1,0.5198899500820283,0.8909507746031322,1.721860031158327,0.6060102404937537
35.341,0,-3.367530993821236,-3.823065451688631,1.7793452125401945,0.3861029562678181
35.341,1,0.5259375408167952,0.8913706544201623,1.721901778559196,0.6064068208485819
35.351,0,-3.364667796679626,-3.820609149185164,1.778737501101506,0.3787786715327046
35.351,1,0.5319873165447728,0.8918146240274092,1.721940497581817,0.6067867575258064
35.361,0,-3.3618598575157765,-3.8181988427065083,1.7781575918701678,0.3710775023779126
35.361,1,0.5380389521359955,0.8922834134552257,1.7219762343034783,0.6071491330439329
35.371,0,-3.3591096825970173,-3.815837093748522,1.7776057360223283,0.363047346418587
35.371,1,0.5440921069942947,0.8927777741430334,1.7220090373499202,0.6074938502945495
35.381,0,-3.3564194856586025,-3.8135262077692005,1.7770818389610894,0.35472951890759785
35.381,1,0.5501464330866891,0.8932984739317162,1.7220389293212837,0.6078215415937603
35.391,0,-3.3537911540003487,-3.8112681965244284,1.7765848001960665,0.3462094053911144
35.391,1,0.5562015835351377,0.8938463038172274,1.7220664259171363,0.6081348691388458
35.401,0,-3.3512261445775593,-3.809064679279648,1.7761106673420533,0.3375563942743672
35.401,1,0.562257218410903,0.8944220979350497,1.7220932651000689,0.6084354401115106
35.409,0,-3.348725692300001,-3.8069170486120676,1.7756558969178444,0.3287755667072362
35.409,1,0.568312992702528,0.8950266979445791,1.7221208155034864,0.6087234667550762
35.421,0,-3.346290868531962,-3.8048265118279008,1.7752179312989604,0.3198778045440622
35.421,1,0.5743685528587459,0.8956609546059336,1.7221499487946204,0.6089991861942761
35.431,0,-3.343922581163802,-3.8027940858118905,1.774794861975226,0.3108813316336764
35.431,1,0.5804235352452081,0.8963257431384118,1.7221815600499086,0.6092640826361724
35.441,0,-3.341621572145299,-3.8008205922274514,1.774385126791052,0.3018055295637389
35.441,1,0.5864775694709109,0.8970220074192476,1.7222179944646265,0.6095201696917615
35.451,0,-3.339388472550985,-3.7989067052079926,1.7739881362033054,0.29263560183836584
35.451,1,0.5925302708362639,0.8977507252266433,1.722261883991724,0.6097693885436243
35.461,0,-3.3372238645479992,-3.7970530065572974,1.7736050082234414,0.28337948354268033
35.461,1,0.5985812428979859,0.8985129357509922,1.7223167957860532,0.6100146398186211
35.471,0,-3.335128158668486,-3.7952598790477485,1.7732365485413168,0.2740719457214801
35.471,1,0.6046300733017576,0.8993097057401501,1.7223859677486193,0.6102574273444588
35.481,0,-3.333101598303635,-3.793527512417243,1.7728831925938686,0.2647404327524573
35.481,1,0.610676336878414,0.9001420998271403,1.7224715434891698,0.6104991205167823
35.491,0,-3.331144274505865,-3.79185591948654,1.7725451036536475,0.25541146047078417
35.491,1,0.6167196039534625,0.9010112174628245,1.7225758089938847,0.6107470528765235
35.501,0,-3.3292560368085304,-3.790244862101011,1.772220736720513,0.2461841668971032
35.502,1,0.6227594432775985,0.9019182138146101,1.7227017358485384,0.6110024787999656
35.511,0,-3.327436374086301,-3.788693756418175,1.7719050221538084,0.23710672128846544
35.511,1,0.628795415940201,0.9028641740064788,1.722849542365247,0.6112624598619916
35.521,0,-3.3256847105943144,-3.7872019494154157,1.7715937914277287,0.2281665031138501
35.521,1,0.6348270863584865,0.9038501800282435,1.7230187101438394,0.6115294373746899
35.531,0,-3.3240004247246318,-3.7857687498222696,1.7712840841396416,0.21935944423097903
35.531,1,0.6408540290104703,0.9048773208995489,1.7232087095303001,0.6118062361201864
35.541,0,-3.322382831718535,-3.78439342320681,1.7709738795827168,0.21068633141472068
35.541,1,0.6468758352760494,0.9059466659592361,1.723418913806388,0.612095535992848
35.551,0,-3.3208311693349204,-3.7830751864008216,1.7706618273081058,0.20215170759092765
35.551,1,0.6528921171584735,0.9070592423563284,1.7236485879019268,0.6123996831339181
35.561,0,-3.3193446588340474,-3.781813264387264,1.7703480996611165,0.1936931767409547
35.561,1,0.658902506305209,0.9082160953548533,1.7238986092402917,0.6127413043294645
35.571,0,-3.3179226654951277,-3.7806070252798616,1.7700367443880576,0.18525994517341704
35.571,1,0.6649066455517206,0.9094183966633955,1.724173837495977,0.6131346849209836
35.581,0,-3.31656443938074,-3.7794557391029704,1.7697313984079492,0.17689241664032723
35.581,1,0.6709041749909522,0.9106672286388134,1.7244779957335918,0.6135758411345213
35.591,0,-3.3152690887493375,-3.7783585380680695,1.7694345045123747,0.16862289554996504
35.591,1,0.6768947199796891,0.911963592403344,1.7248136124180777,0.6140666078059076
35.601,0,-3.3140356190249687,-3.777314438993202,1.769147606240817,0.16047566717966602
35.601,1,0.6828778803999557,0.9133084779705966,1.7251833197864341,0.6146086278114415
35.611,0,-3.3128629450042113,-3.7763223473642333,1.7688712770992063,0.15249839076215924
35.611,1,0.6888532259003598,0.9147028126713781,1.7255885781947524,0.6151921092620205
35.621,0,-3.3117498185561174,-3.775380995278733,1.7686037088629345,0.14474459526347974
35.621,1,0.6948202917685509,0.9161474404513626,1.7260292197238727,0.6158029840643287
35.632,0,-3.310694963329148,-3.774489065140175,1.7683429203577112,0.1372039903953646
35.632,1,0.7007785761731052,0.9176431215014835,1.7265036803705947,0.6164294914785672
35.641,0,-3.3096971172549625,-3.773645235733554,1.7680875402766327,0.12986893318483628
35.641,1,0.7067275418089194,0.9191905745900784,1.7270102848588178,0.6170683799156634
35.651,0,-3.3087550198611515,-3.77284817925633,1.7678366328728239,0.12273531208456792
35.651,1,0.7126666200312795,0.9207904671164497,1.7275474880163444,0.6177153519851765
35.661,0,-3.307867403768741,-3.7720965604806374,1.7675895482287722,0.11580251771286369
35.661,1,0.7185952098335154,0.9224434347736893,1.7281145591362905,0.6183860466862432
35.671,0,-3.3070330050985577,-3.771389050395175,1.7673460988788607,0.10904861871079757
35.671,1,0.7245126698535214,0.9241501496344721,1.7287128769447575,0.6190849496856247
35.681,0,-3.3062505892080623,-3.7707243529098515,1.7671070267970055,0.10246163032194627
35.681,1,0.7304183295824895,0.9259111648026714,1.729342647700929,0.6197954742804704
35.691,0,-3.305518898885367,-3.770101169529559,1.7668729678105028,0.0960493163552829
35.691,1,0.7363114822925059,0.9277269829978699,1.730003696721803,0.6205180032496651
35.701,0,-3.3048366528930315,-3.7695182046926496,1.7666443236825173,0.08981662426825311
35.702,1,0.7421913785371834,0.929598115589832,1.7306961687142137,0.6212501153743047
35.711,0,-3.304202555526365,-3.768974177866079,1.766421347682294,0.08376621365761637
35.711,1,0.7480572302852392,0.9315250621379411,1.7314198413891075,0.6219847190409051
35.721000000000004,0,-3.303615300185129,-3.768467828917305,1.7662041128551107,0.07790583010154598
35.721000000000004,1,0.7539082158891871,0.9335082939040535,1.7321736818977451,0.6227014784731726
35.731,0,-3.3030735730640868,-3.7679979221850726,1.7659925090505877,0.07223251084736429
35.731,1,0.7597434873884852,0.9355482442375133,1.7329557763570402,0.6234038812008367
35.741,0,-3.3025760729013207,-3.7675632660227434,1.7657866790375074,0.06673860691098359
35.741,1,0.7655621618721814,0.9376454226863391,1.7337656722096062,0.6241057861313505
35.751,0,-3.3021214965850616,-3.7671627124315377,1.7655867928346762,0.0614227713228836
35.751,1,0.7713633383677821,0.939800348848323,1.7346036862827912,0.6248274769645729
35.761,0,-3.3017085357780984,-3.76679516427752,1.7653930265941948,0.05628447228013908
35.761,1,0.777146093832994,0.9420135807575987,1.7354715737139732,0.6255773470539031
35.771,1,0.7829095059933923,0.9442856013767232,1.7363704041107544,0.626342934115327
35.772,0,-3.3013358745930397,-3.766459578714493,1.765205493135039,0.05132520779843026
35.781,0,-3.3010021733609043,-3.7661549556314746,1.7650237559939226,0.04659777791042885
35.781,1,0.788652660286267,0.9466167930052612,1.7372999510114233,0.627095507486975
35.791,0,-3.300706050246228,-3.765880318118231,1.7648461248977352,0.04213954388008184
35.791,1,0.7943746603681008,0.9490073984604942,1.7382579444464035,0.6278060455839808
35.801,1,0.8000746117206412,0.9514576023166347,1.7392413396521413,0.6284707076915197
35.802,0,-3.300446152004276,-3.765634756279314,1.7646711205991616,0.03794848382062321
35.809,0,-3.3002211724440444,-3.7654174295442258,1.7644977182665957,0.034029555091775514
35.809,1,0.8057516096518985,0.9539676002516464,1.7402475429902067,0.629096847113525
35.821,0,-3.300029853391279,-3.7652275573120417,1.764325208723829,0.0304015545148416
35.821,1,0.8114047368039077,0.9565376162341744,1.7412748324466774,0.6297085334145358
35.832,0,-3.299870983895775,-3.7650644100875916,1.7641530587804748,0.027097463305691648
35.832,1,0.817033046756106,0.9591679536628293,1.7423231660040086,0.6303242611552623
35.839,0,-3.2997434163262858,-3.7649273161919283,1.76398136194265,0.02406411344522473
35.839,1,0.8226355985286413,0.961858875252552,1.7433919412378667,0.6309156765319652
35.851,0,-3.299646113016292,-3.7648156951409684,1.7638124773544273,0.021207156765793187
35.851,1,0.8282114716766369,0.9646105653807503,1.7444791165003268,0.6314743366182953
35.861,0,-3.2995780578647924,-3.7647289772642436,1.7636486533702083,0.01863242752796639
35.861,1,0.8337597322945314,0.9674232580925611,1.7455830090517852,0.6320099212244987
35.871,1,0.8392794372065828,0.9702972428372673,1.7467021381766858,0.6325269878886111
35.872,0,-3.2995382257831625,-3.764666571192961,1.7634913934630645,0.016471780282166674
35.881,0,-3.2995255830549257,-3.7646278590911537,1.763341690347632,0.014880186112270901
35.881,1,0.844769637124055,0.9732328626522798,1.7478350878202364,0.6330296729467308
35.891,0,-3.2995390668779705,-3.7646121752822315,1.7631993661488485,0.014199056985671242
35.891,1,0.8502293689509622,0.9762305309888135,1.7489808140814045,0.6335364125802789
35.901,0,-3.2995775604808695,-3.7646187825424136,1.7630620394391021,0.014535872374487004
35.901,1,0.8556576512070766,0.9792907414615467,1.7501390280772846,0.6340575392534668
35.911,0,-3.2996399645910293,-3.7646469362595893,1.7629277128074898,0.01565925814938518
35.911,1,0.8610535220180391,0.9824139808154093,1.7513093181104238,0.6345922624731042
35.921,0,-3.299725204786317,-3.7646958932674566,1.7627950157236973,0.01730224983469963
35.921,1,0.866416046144259,0.9856007166555737,1.752491408838364,0.6351582094242261
35.931,0,-3.2998322270569846,-3.7647649097853457,1.7626629780242842,0.0192476279545749
35.931,1,0.8717442959769127,0.9888514379951967,1.7536859530197229,0.6357684671152154
35.941,0,-3.299959996924417,-3.7648532421451826,1.762530939816423,0.021345213074547797
35.941,1,0.8770373765186898,0.9921665874644724,1.7548932912347983,0.6364152652861551
35.951,0,-3.3001075044714883,-3.7649601526461627,1.7623987324650774,0.023465613005492485
35.951,1,0.8822944310805729,0.9955465397407719,1.7561129164443963,0.6370750198647651
35.961,0,-3.3002737741512895,-3.7650849171049874,1.7622669802415107,0.025547866618402276
35.961,1,0.8875146533195297,0.9989915754955943,1.7573431039607035,0.6377375254313415
35.971000000000004,0,-3.300457856376518,-3.765226810463456,1.7621362319160994,0.027579968956095866
35.971000000000004,1,0.8926972612515669,1.0025019534122102,1.758582187360154,0.6384103381669348
35.981,1,0.8978415034918444,1.0060779037440535,1.7598287222957143,0.6390993916468439
35.981,0,-3.300658834395583,-3.7653851074819853,1.7620068480632407,0.0295543759037238
35.991,0,-3.300875831108392,-3.765559085947584,1.7618790358591125,0.031465011774073126
35.991,1,0.9029466593049352,1.009719624645189,1.7610816577839918,0.6398214378070124
36.002,0,-3.301108026181319,-3.765748042194552,1.761753730159931,0.03323783447692303
36.002,1,0.9080120032169315,1.0134273441451027,1.762341272575153,0.6406136253237724
36.011,1,0.9130367923549593,1.0172013217369484,1.7636090018278725,0.6414815041877102
36.011,0,-3.3013546737361996,-3.7659513092365575,1.7616337462222225,0.03486257913517919
36.021,0,-3.301615064401668,-3.766168221558751,1.7615213261970628,0.036388185540323074
36.021,1,0.9180203028790491,1.021041734467736,1.7648857725749991,0.6424097091064537
36.031,1,0.9229618231063109,1.0249486624239494,1.7661719865363104,0.6433855844854341
36.032,0,-3.3018885235760616,-3.7663981160725943,1.7614179286967149,0.03784435306091885
36.041,0,-3.3021744152786128,-3.7666403390154475,1.7613244974483728,0.03924796974402868
36.041,1,0.9278606616211543,1.0289220682248366,1.7674676447898654,0.6443975116465923
36.051,0,-3.302472143090478,-3.7668942502086837,1.7612416132553654,0.04060907489105406
36.051,1,0.9327161584712651,1.0329617757136091,1.7687724384238184,0.6454335644180333
36.061,0,-3.30278114391749,-3.767159220495412,1.761169134422921,0.0419484964440678
36.062,1,0.937527709436838,1.0370674347622155,1.7700856938985747,0.6464777541707578
36.071,0,-3.3031008736830714,-3.767434623628832,1.7611056765785558,0.043262947908990185
36.071,1,0.9422948036083998,1.0412384803400678,1.7714063952348889,0.6475203274685915
36.081,0,-3.303430804652795,-3.7677198429947536,1.7610500373847906,0.044535132529648754
36.081,1,0.9470170272341976,1.0454741487087484,1.772733866059918,0.6485711812995019
36.091,0,-3.3037704090247884,-3.7680142637157914,1.7610013274911758,0.04575285066076206
36.091,1,0.9516940686668957,1.0497734879800826,1.774068230203989,0.6496305666673615
36.101,0,-3.304119145926096,-3.768317265773577,1.760958898461235,0.046906801037831666
36.101,1,0.956325779942141,1.0541352782230293,1.7754094991334908,0.6506842371757404
36.111,0,-3.304476444721354,-3.7686282122371146,1.760921270923056,0.04800490430149932
36.111,1,0.9609122548542031,1.0585579255802424,1.7767560344429836,0.6516409575497026
36.121,0,-3.30484169509661,-3.7689464438652993,1.7608846782834795,0.0490438881856697
36.121,1,0.9654539112623723,1.0630393554603204,1.7781026978221843,0.6524630126959408
36.131,0,-3.305214286499312,-3.769271319801406,1.7608460884131507,0.05001590991499324
36.131,1,0.969951314638271,1.0675773287488142,1.7794454342229051,0.6531780013940863
36.141,0,-3.3055936204638687,-3.769602231685985,1.7608034533969732,0.05092048047981202
36.141,1,0.9744051914246727,1.072169450898139,1.7807813956315748,0.6537998143249787
36.151,0,-3.3059791154932014,-3.7699386094545586,1.7607553998180083,0.05176019799089857
36.152,1,0.9788164370361238,1.0768131754872765,1.7821089467935465,0.6543568283582483
36.161,0,-3.3063702107619006,-3.7702799250045262,1.760701004511785,0.052538662097239154
36.161,1,0.9831861112274745,1.0815058205397838,1.7834279662464447,0.6548592530164351
36.171,0,-3.3067663735517048,-3.7706256983595394,1.7606405537162386,0.053235707520187886
36.171,1,0.9875154755618379,1.0862445241470242,1.7847393424174518,0.6553407385571633
36.181,0,-3.3071671048402758,-3.770975502608888,1.7605766608095443,0.053840049847567815
36.181,1,0.9918059822666032,1.091026262089377,1.7860454765157066,0.6557807415249517
36.191,0,-3.307571921274086,-3.771328949357112,1.7605114977046694,0.054362760491914235
36.192,1,0.9960593683793091,1.0958476608461853,1.787346951848798,0.6561314845255454
36.202,0,-3.307980352429946,-3.7716856869240374,1.7604465494602841,0.05481407254833116
36.202,1,1.0002775380612052,1.1007050153835054,1.7886439110106738,0.6563649251118313
36.211,0,-3.3083919409521125,-3.7720453999619012,1.7603828293551074,0.05520263371469439
36.211,1,1.0044624836450382,1.105594267386387,1.789936421193349,0.656447744476128
36.222,0,-3.308806242565947,-3.7724078081484387,1.7603210201028687,0.055535668984013645
36.222,1,1.008616238920054,1.1105109869890053,1.791224227605932,0.6563297630821708
36.231,0,-3.3092228261355374,-3.772772664198948,1.7602615807825024,0.055818462496272175
36.231,1,1.0127408261701494,1.1154503809680445,1.792506752744544,0.6559916376187134
36.241,0,-3.3096412760025897,-3.7731397495545043,1.7602048937494263,0.05605530350106752
36.241,1,1.0168381448077988,1.1204073554673555,1.793784988909768,0.6554120781870553
36.251,0,-3.3100611986551,-3.7735088653011974,1.7601512253716647,0.056250817156276285
36.251,1,1.0209099570285367,1.1253764884673898,1.7950600883689505,0.6545558273254948
36.261,0,-3.3104822292012495,-3.773879823601669,1.7601007286070758,0.0564089224359839
36.261,1,1.024957854013895,1.1303520607084847,1.7963337287304035,0.6533890388764395
36.271,0,-3.3109040353637824,-3.7742524413504333,1.7600534931094363,0.056532862923613286
36.271,1,1.0289832830004833,1.135328070590874,1.7976071401226332,0.6518655770901783
36.282,0,-3.311326319123323,-3.774626535163923,1.7600092769322628,0.056631211337577904
36.282,1,1.0329875507062485,1.1402982768900896,1.7988816979238957,0.6499802398630017
36.291,0,-3.3117488148450525,-3.7750019185148425,1.759966829646,0.05670947015771973
36.291,1,1.036971813235461,1.1452562372672614,1.800160071938863,0.6477159805796111
36.301,0,-3.3121712835546617,-3.7753784057805713,1.7599250639126487,0.0567654110902225
36.301,1,1.0409371113326136,1.1501953587772722,1.8014441906007796,0.6450364545866978
36.311,0,-3.312593505595944,-3.775755814857482,1.7598832500408916,0.05679814205531239
36.311,1,1.0448843691886291,1.1551089631755596,1.8027351320968659,0.6419165485480147
36.321,1,1.0488143875705416,1.159990340814105,1.8040336112184259,0.6383506155656905
36.321,0,-3.313015274874885,-3.776133968642747,1.7598408989664567,0.05680752417347104
36.331,1,1.052727847295304,1.1648327884190774,1.8053404859772904,0.634335025319687
36.331,0,-3.3134363945939507,-3.7765126960346276,1.7597976770127777,0.05679365093757295
36.341,0,-3.3138566738152835,-3.7768918323480243,1.7597537051288612,0.05675021662002966
36.341,1,1.0566253551058968,1.1696297218810168,1.806654976904656,0.629813229543851
36.351,0,-3.314275923624171,-3.777271212188994,1.7597099814695847,0.05667365649923104
36.351,1,1.060507493815617,1.1743748626250547,1.8079720789433742,0.6247563427211015
36.361,0,-3.314693952986608,-3.7776506491335455,1.7596673249494024,0.056564434830870994
36.361,1,1.064374779331464,1.1790620812248134,1.8092875756181976,0.6192074565089137
36.371,0,-3.3151105652668447,-3.778029918711017,1.7596262915019047,0.056421113766822364
36.371,1,1.0682276791587713,1.1836853928237006,1.8105983877235658,0.6131996127894296
36.381,0,-3.3155255561409596,-3.778408748171513,1.7595872517277877,0.0562411325549741
36.381,1,1.0720666345697982,1.1882389894829006,1.8119021474735921,0.6067647252622206
36.391,0,-3.3159387140581535,-3.778786812241662,1.759549615841699,0.056034700825603266
36.391,1,1.0758920687243165,1.192717247931111,1.81319721862567,0.5999433674949698
36.401,0,-3.3163498254395565,-3.7791637404659344,1.759510743790282,0.05580505467283193
36.401,1,1.079704381715235,1.1971147155067523,1.8144829261228375,0.5927693727559198
36.411,0,-3.3167586796740114,-3.7795391362584603,1.7594684881497247,0.05554815685681936
36.411,1,1.0835039480145563,1.2014261620506264,1.8157588652468135,0.5852742541265747
36.421,0,-3.317165076165803,-3.7799125953383212,1.7594214061438271,0.055263759054017446
36.421,1,1.0872911120190634,1.205646581227569,1.8170249289035783,0.5774858720273104
36.431,0,-3.3175688295904404,-3.780283719493651,1.7593685550100877,0.05495330228385218
36.431,1,1.0910661967596973,1.209771234393202,1.818280835734447,0.5694297696668267
36.441,0,-3.317969773339077,-3.7806521266570967,1.759309337134283,0.05461920951806484
36.441,1,1.0948295078902246,1.213795657365899,1.819526138450264,0.5611340683260446
36.451,0,-3.3183677612601907,-3.7810174579624314,1.759243484884164,0.05426143710572861
36.451,1,1.0985813396125987,1.2177157217631442,1.8207597280040628,0.5526095814278889
36.461,1,1.102321984169317,1.221527724515623,1.8219791260026164,0.5438811217981009
36.461,0,-3.318762666795841,-3.7813793838984235,1.7591711074989838,0.05388114935278105
36.471,0,-3.3191543800559438,-3.7817376124511077,1.759092360766267,0.05348202886052586
36.471,1,1.106051727943381,1.2252282210325407,1.8231821789502274,0.5349909065114101
36.481,0,-3.319542804123354,-3.782091894652655,1.7590073870875087,0.05306803269121188
36.481,1,1.1097708577863528,1.2288140040322502,1.824367251819942,0.5259815382870323
36.491,0,-3.319927851990987,-3.7824420273336825,1.758916310128588,0.052642944202089516
36.491,1,1.1134796647826959,1.23228210717756,1.8255331611085928,0.5168936865647098
36.501,0,-3.32030944312147,-3.782787852401909,1.7588195194273628,0.05219612096749667
36.501,1,1.1171784443005983,1.2356298048007455,1.8266791043893407,0.5077710589359089
36.511,0,-3.3206874977831657,-3.7831292482990095,1.75871831110557,0.05171644032456772
36.511,1,1.1208674909255774,1.238854550571012,1.827805067732641,0.49865933675289553
36.521,1,1.1245471002902558,1.2419540133063411,1.8289113783099624,0.48959306686536447
36.521,0,-3.321061933986881,-3.7834661174724413,1.758613811407766,0.05120964539049676
36.531,0,-3.32143266231742,-3.7837983703343903,1.7585068066483338,0.05067926858673058
36.531,1,1.128217575481501,1.2449261232350974,1.8299981812720254,0.48060326702954415
36.541,0,-3.3217995820008785,-3.784125912900462,1.7583978478353397,0.05012696922338211
36.541,1,1.1318792292606343,1.2477690583896919,1.8310654430983362,0.47172157805095855
36.551,1,1.1355323833529272,1.2504812197503499,1.8321130740350728,0.4629821386213981
36.552,0,-3.322162578793369,-3.784448638616993,1.7582873199704765,0.04955331685406692
36.561,0,-3.3225215232333416,-3.7847664220953985,1.7581757724972904,0.048940094308537234
36.561,1,1.1391773636029727,1.2530611218618208,1.8331416724402407,0.4544417138055184
36.571,1,1.1428144941154517,1.255507203225222,1.8341538180534531,0.4461505006253949
36.571,0,-3.3228762713677766,-3.7850791154634633,1.7580646431322091,0.048272790264474306
36.581,0,-3.3232266800774775,-3.7853865602583814,1.7579551430653246,0.0475622903324996
36.581,1,1.1464441098984237,1.2578181266024135,1.8351517692893144,0.4381329095148959
36.591,0,-3.32357261897414,-3.785688596032632,1.7578480802014913,0.04681775277287968
36.591,1,1.1500665606691667,1.2599927981663555,1.836137277060903,0.43041460170055057
36.601,0,-3.323913977710173,-3.7859850657418,1.7577439904427437,0.0460467084854948
36.602,1,1.1536822170494254,1.262030376404315,1.837111453858003,0.42301952124487097
36.611,0,-3.324250672277448,-3.7862758219337382,1.757642838015172,0.04528119944581617
36.611,1,1.1572914740989466,1.2639302751439985,1.8380747014365175,0.4159623844157418
36.621,0,-3.324582649852806,-3.7865607358255486,1.7575426521280602,0.044556982875950266
36.621,1,1.16089475279003,1.2656922536467514,1.839026027538494,0.4092545615567304
36.632,0,-3.324909866357261,-3.7868396814963727,1.7574415033025772,0.0438595309189918
36.632,1,1.1644924935803664,1.2673162352754954,1.8399642816897257,0.40292692812296893
36.641,0,-3.3252322685857574,-3.787112526548635,1.7573380850768126,0.04317834647114171
36.641,1,1.1680851512549957,1.2688022455266539,1.8408885405577715,0.3970087082903446
36.651,0,-3.325549784576175,-3.7873791292860446,1.7572315179618223,0.04250582756738056
36.651,1,1.171673189692051,1.2701504020068966,1.841798145312488,0.391529434723924
36.661,0,-3.3258623177137125,-3.787639337437915,1.757121211912304,0.041835892546492615
36.661,1,1.1752570771547761,1.2713609028231496,1.842692743160985,0.38651393250202537
36.671,0,-3.326169740028717,-3.787892983216767,1.7570075557931906,0.04110956544209601
36.671,1,1.1788372831135054,1.2724340859677166,1.8435717968345915,0.3819698480627197
36.681,0,-3.3264718901058528,-3.7881398820045153,1.7568929280527619,0.040296447039122246
36.681,1,1.1824142735483847,1.273370463260866,1.8444343031359671,0.3779131443474064
36.691,0,-3.3267685968389236,-3.7883798626696215,1.7567792848054846,0.0394163494466295
36.691,1,1.1859885070748644,1.2741705914832275,1.845279693947652,0.3743639051815879
36.701,0,-3.32705969254835,-3.7886127828547913,1.7566679448322269,0.038486211523251
36.701,1,1.1895604353754101,1.2748351009955317,1.846107590205632,0.3713339734999647
36.711,0,-3.327345020921527,-3.7888385370345308,1.756559785321241,0.037520244055259666
36.711,1,1.1931305036412891,1.2753646970121781,1.8469177551922384,0.3688338758208556
36.721000000000004,0,-3.3276244426269157,-3.7890570613183887,1.7564553713938464,0.03653021791688656
36.721000000000004,1,1.196699150717302,1.275760144693644,1.8477101574940402,0.3668690223462176
36.731,0,-3.3278978382321913,-3.7892683346214957,1.7563551705192977,0.035517106551552165
36.731,1,1.2002668095498368,1.276022290186802,1.8484847452641917,0.36543702340953704
36.741,0,-3.32816510838238,-3.7894723750008867,1.7562598796256017,0.03448296408230835
36.741,1,1.2038339110415848,1.2761520679382228,1.84924133567554,0.3645330896222158
36.751,0,-3.3284261761646152,-3.789669235673407,1.7561700298888248,0.03343941846449254
36.751,1,1.207400896508526,1.2761504708661164,1.8499798066499806,0.3641567172596556
36.761,0,-3.328680986675646,-3.78985899786398,1.7560859367980792,0.032395527477903724
36.761,1,1.2109682305053073,1.2760185174604797,1.8507003171147354,0.36430518606128676
36.771,0,-3.328929505562461,-3.7900417640725785,1.7560077669639775,0.0313577444001785
36.771,1,1.2145364107172734,1.2757572832978896,1.8514030164955413,0.36496766664276137
36.781,0,-3.329171715985728,-3.7902176511010484,1.7559358081668965,0.030317245534395902
36.781,1,1.21810597640504,1.2753678420842678,1.85208843708324,0.36615676220101157
36.791,0,-3.3294076116662796,-3.7903867839677132,1.7558709961001397,0.029270846480382147
36.791,1,1.2216775145072645,1.2748511197939083,1.8527585770528532,0.36787574824554714
36.801,0,-3.3296371934391122,-3.7905493027795942,1.7558140899336494,0.028232832816415462
36.801,1,1.2252516429092875,1.274208128599989,1.8534151349407304,0.37009262406267146
36.809,0,-3.329860461970283,-3.790705365078255,1.755765544721418,0.027213597923280257
36.809,1,1.2288289968907677,1.2734400119894969,1.8540591549935703,0.3727730892225799
36.822,0,-3.3300774116960667,-3.7908551455852284,1.755725600649144,0.026220145002930514
36.822,1,1.2324102166355058,1.2725480294230997,1.8546911125348409,0.3758857999126253
36.831,0,-3.3302880268989163,-3.790998835142616,1.7556943568532657,0.025257167498002536
36.831,1,1.2359959354409633,1.271533501935031,1.855311266146083,0.37940265013031127
36.841,0,-3.3304922801074643,-3.7911366396602744,1.7556717371164847,0.0243299024664382
36.841,1,1.2395867691885942,1.2703977765827807,1.8559198902767895,0.3833026407891823
36.851,0,-3.3306901346897697,-3.79126877819599,1.7556571999889772,0.02343989515676481
36.852,1,1.2431833119024542,1.2691421605678344,1.8565177796117545,0.38756597559611783
36.862,0,-3.330881547413151,-3.791395471523717,1.7556501858489586,0.02258282538405595
36.862,1,1.246786125006582,1.2677679951531464,1.8571056380106963,0.3921585042591959
36.871,1,1.2503957316992633,1.2662766731543542,1.8576839240225502,0.397048221188648
36.872,0,-3.3310664736191944,-3.7915169323189106,1.755650263452583,0.02175598752164833
36.881,0,-3.3312448720905476,-3.791633358997792,1.755657090890966,0.020957916776735346
36.881,1,1.2540126122489155,1.2646696468522902,1.8582527900319665,0.40219700167833905
36.891,0,-3.3314167122121217,-3.791744934331725,1.7556698244766826,0.020177817742382212
36.891,1,1.257637187023457,1.2629485466284456,1.858811075074527,0.40753539939293304
36.901,0,-3.331581985402492,-3.791851829838512,1.7556857873568381,0.019394852699698328
36.901,1,1.2612697984232013,1.2611152145262439,1.8593559080151831,0.4130277863829862
36.911,0,-3.331740693731611,-3.7919541968057584,1.7557026732020884,0.018605456872152787
36.911,1,1.2649107148086876,1.2591714473730382,1.8598847426329983,0.41865344022246365
36.921,0,-3.3318928496584053,-3.792052167433492,1.7557188970546989,0.017812548106546887
36.921,1,1.2685601099321608,1.2571190187491783,1.8603950823960862,0.42439564824036585
36.931,0,-3.3320384784382235,-3.7921458582255596,1.7557333775304047,0.017021000048444663
36.931,1,1.2722180572860449,1.2549595892466976,1.8608851743329458,0.4302459760913123
36.941,0,-3.3321776194143276,-3.79223537267618,1.7557453800469551,0.016235755607132987
36.941,1,1.2758845161218617,1.2526947517354015,1.8613535761388975,0.4361771443404562
36.951,0,-3.3323103287490126,-3.7923208050806783,1.7557540562226224,0.01545808893174529
36.951,1,1.2795593250924477,1.250326040209538,1.861799066637877,0.44219347438722273
36.961,0,-3.3324366835961925,-3.7924022485881,1.7557578859121676,0.01469941590974917
36.961,1,1.2832422190235528,1.247854742048531,1.862222361143478,0.4482926653628624
36.971000000000004,0,-3.3325567780739873,-3.792479803599682,1.7557556988592622,0.0139781337033308
36.971000000000004,1,1.2869328063079457,1.2452821089077644,1.862624325083152,0.45444875585644273
36.981,0,-3.3326707249027954,-3.792553588537365,1.7557467241430738,0.013311658764714055
36.981,1,1.2906305660929922,1.2426094375985879,1.8630053487728224,0.4606264512973985
36.991,0,-3.3327786567824433,-3.7926237472348605,1.75573046448611,0.01271579842625212
36.991,1,1.2943348501369751,1.2398381194834467,1.863364959035092,0.4668011453049434
37.001,0,-3.3328807229432322,-3.792690450866829,1.7557071961057193,0.012172572651963497
37.001,1,1.2980448975577692,1.2369695483548924,1.8637027033418743,0.4729555201994306
37.011,0,-3.332977082460797,-3.7927538951164177,1.755678718020469,0.01165164748539332
37.011,1,1.3017598387381761,1.2340051666241765,1.8640176645895838,0.47906309425232557
37.021,0,-3.3330679098619203,-3.7928143011635744,1.7556465279573548,0.011149515266424895
37.021,1,1.3054787058837423,1.2309464709685918,1.8643082320143598,0.4851125160350365
37.031,0,-3.3331533906922366,-3.7928719098627504,1.7556116541788993,0.010667618234160209
37.031,1,1.3092004515932063,1.2277948708130149,1.8645733140524026,0.4911042320486679
37.041,0,-3.33323371632569,-3.7929269757600226,1.755574801483307,0.010208964927499817
37.041,1,1.3129239540159514,1.2245517150442375,1.8648119960283298,0.4970264185980063
37.051,0,-3.3333090799380254,-3.7929797620130703,1.7555364485569398,0.009776701573640037
37.051,1,1.3166480208367297,1.2212183551968077,1.8650228693456086,0.5028742344249489
37.061,0,-3.333379670558596,-3.7930305348511184,1.7554975173483116,0.009311697334885462
37.061,1,1.3203713976814953,1.2177961017037058,1.8652044384391835,0.5086361240730093
37.071,0,-3.333445667895127,-3.7930795580568857,1.7554602545099178,0.00878644456330919
37.071,1,1.3240927709758379,1.2142863481781778,1.8653538775428558,0.5143000466480956
37.081,0,-3.3335072515268833,-3.793127091730113,1.7554264298466804,0.008233459389564069
37.081,1,1.327810775703819,1.2106904771768559,1.8654681194166456,0.5198720637119675
37.091,0,-3.33356460181688,-3.7931733878928493,1.7553972134618614,0.00768245028882588
37.092,1,1.3315239943561994,1.2070097442634349,1.8655452057999493,0.5253608089619337
37.101,0,-3.3336178991080825,-3.793218686792532,1.7553733607895814,0.0071591666049082466
37.101,1,1.3352309547245302,1.2032453070001174,1.8655841328282723,0.5307687650530013
37.111,0,-3.333667322395986,-3.7932632142000893,1.7553555308427695,0.006674247151396957
37.111,1,1.338930131538135,1.1993982448039286,1.865584797009936,0.536098414955515
37.121,0,-3.333713049412052,-3.7933071772050715,1.7553448169795047,0.006256045429978903
37.121,1,1.3426199474021114,1.195469532081302,1.865548445954774,0.5413472953320163
37.131,0,-3.3337552657617713,-3.7933507564637687,1.7553420663744113,0.005953885096298075
37.131,1,1.3462987830074673,1.1914601569885996,1.8654765154696729,0.5465055822424242
37.141,0,-3.333794171056637,-3.7933940988408588,1.755347800267688,0.005805023783321378
37.141,1,1.3499649912733376,1.1873711866656869,1.8653700100954425,0.5515611747993037
37.151,0,-3.3338299818958923,-3.7934373130642625,1.7553623127544942,0.005827780311993513
37.151,1,1.353616913210077,1.1832038324346064,1.8652288448866212,0.5565052354918795
37.161,0,-3.333862933000853,-3.793480467885242,1.7553857436576288,0.006018475980883801
37.161,1,1.3572528667462216,1.178959345996291,1.8650531006769853,0.5613324402157012
37.171,0,-3.333893277301082,-3.7935235920984742,1.7554179905478122,0.006334650241721877
37.171,1,1.36087116407028,1.1746391196689894,1.8648419146053692,0.5660313244893879
37.181,0,-3.333921284201374,-3.793566675192371,1.7554584036449403,0.006716731774029559
37.181,1,1.364470144432389,1.1702448466368502,1.864591571378639,0.5705991625256769
37.191,0,-3.333947232315608,-3.7936096675912174,1.7555063571434053,0.007137440490699708
37.191,1,1.3680481069127075,1.1657781887711172,1.8642994110895574,0.5750356939324829
37.201,0,-3.3339714033583947,-3.7936524817886483,1.7555613568544637,0.007578514259958437
37.201,1,1.371603293605439,1.1612407571392422,1.8639641061370051,0.5793363457813222
37.211,0,-3.3339940775098924,-3.793694994741535,1.7556230060635947,0.008028492136688496
37.211,1,1.3751339023487703,1.1566341823281567,1.8635848315185994,0.5834960359278615
37.221,0,-3.334015529742902,-3.793737051038477,1.7556909747234843,0.008479383039724914
37.221,1,1.378638104573992,1.151960178118659,1.8631604816533853,0.5875092094512158
37.231,1,1.3821140019744254,1.147220420764335,1.8626912909720745,0.5913610667855854
37.231,0,-3.3340360277889487,-3.7937784674004287,1.7557638844631893,0.008698813188283389
37.241,0,-3.334055829214245,-3.7938190405751953,1.7558377708806316,0.008584243699767801
37.241,1,1.3855596054003227,1.1424165237846864,1.862179323901217,0.5950387735351873
37.251,0,-3.3340751734730794,-3.793858555292422,1.755909427326147,0.008235984355998616
37.251,1,1.3889729031119746,1.1375502549865337,1.8616257472618132,0.5985329304871608
37.261,0,-3.334094278722591,-3.793896792431121,1.7559766690366707,0.0077295210564423435
37.261,1,1.3923518328798974,1.1326234830168438,1.8610316849611919,0.6018301672426107
37.271,0,-3.3341133403032575,-3.7939335356315977,1.7560380171098566,0.0071202647903051315
37.271,1,1.3956942902914435,1.1276381949611645,1.8603980319685158,0.6049235523825945
37.281,0,-3.334132530248386,-3.793968574751952,1.75609332471719,0.006613617511560978
37.281,1,1.3989981548331951,1.1225965339082087,1.8597249000478526,0.6078049270116365
37.291,0,-3.334151999343352,-3.7940017057602127,1.7561448107517956,0.006292639293400785
37.291,1,1.402261263080172,1.1175007215039352,1.8590126737742432,0.610462790404966
37.301,0,-3.334171881182102,-3.794032734618335,1.7561943743735016,0.006096880483020527
37.301,1,1.4054814281898538,1.1123530340219436,1.8582620989000609,0.6128891407749336
37.311,1,1.4086564838805424,1.1071558084061472,1.8574738569367903,0.6150870939821745
37.311,0,-3.334192296079441,-3.7940614772991115,1.7562433068006629,0.0059888260048576525
37.321,0,-3.334213354140781,-3.794087759237117,1.756292476748191,0.0059452701790492874
37.321,1,1.4117843290306777,1.101911455403667,1.856648058267733,0.6170586936597074
37.331,0,-3.3342351575593363,-3.794111415020894,1.756342462874058,0.005951485557451575
37.331,1,1.4148629018260743,1.0966224007614322,1.8557851024760168,0.6188010642423111
37.341,0,-3.3342578017140125,-3.7941322897739167,1.756393148584491,0.005894351734603996
37.341,1,1.41789020831563,1.091291099243583,1.8548852949925663,0.6203262070919371
37.351,0,-3.3342813728603913,-3.794150242519528,1.7564430949316099,0.005723840114623388
37.351,1,1.420864367304707,1.0859200657318462,1.8539481039804622,0.6216410309566403
37.361,1,1.4237835384339665,1.08051180705073,1.8529734971238696,0.622739714114043
37.361,0,-3.3343059432165205,-3.7941651449751292,1.7564911000208603,0.005482982750674752
37.371,0,-3.334331565695191,-3.7941768836781136,1.7565363511445442,0.005205064719630396
37.371,1,1.426645936524438,1.0750688370679033,1.851961616564024,0.6236312021583762
37.381,0,-3.334358270577757,-3.7941853619641916,1.756578303786595,0.004916213100466302
37.381,1,1.429449862839575,1.0695936997268225,1.85091221165387,0.6243183534124855
37.391,0,-3.3343860637000486,-3.794190502066084,1.7566162748672833,0.004575577009744401
37.391,1,1.4321936594764124,1.0640889380531784,1.849825382717613,0.6247994115816355
37.401,0,-3.334414928844783,-3.7941922443180176,1.7566489337184161,0.004192347568203688
37.401,1,1.4348757295810832,1.0585571144400179,1.848701187032543,0.6250826671291906
37.411,0,-3.3344448377513896,-3.7941905362920494,1.7566752627332305,0.003840065097303615
37.411,1,1.4374945463758206,1.0530008317310702,1.8475393946470586,0.6251669926989543
37.421,0,-3.334475758659427,-3.7941853256099627,1.756694606685537,0.0035894781496036
37.421,1,1.4400485983028186,1.0474227221431718,1.8463402215850595,0.62504210375503
37.432,0,-3.3345076623364296,-3.7941765555980074,1.7567065651203722,0.0035028847511422915
37.432,1,1.4425363827152604,1.0418254565610487,1.8451043413045465,0.6246972226354485
37.441,0,-3.334540526294757,-3.794164162673184,1.7567109156104415,0.0036143122466008194
37.441,1,1.4449564333677827,1.0362117570236606,1.8438324830879662,0.6241390405727757
37.451,0,-3.334574337711525,-3.794148074134541,1.7567078012550998,0.003906805160471803
37.451,1,1.4473073466103648,1.0305844014633045,1.8425250912065574,0.6233542466576103
37.462,0,-3.33460909222552,-3.794128205965596,1.7566982883490128,0.004301131087586285
37.462,1,1.4495876605288065,1.0249461848633201,1.8411839624396105,0.6223155002323464
37.471,0,-3.3346447832649964,-3.794104468542386,1.756683346223768,0.004742543840277681
37.471,1,1.4517959427183325,1.0192999342851718,1.839810810923625,0.6210403582624229
37.481,0,-3.334681392212567,-3.794076769721189,1.7566636641345459,0.0052056876881900645
37.481,1,1.4539308333443708,1.0136485001025082,1.838406546937982,0.6195389238720552
37.491,0,-3.3347188820944793,-3.7940450166573467,1.7566397382438292,0.005679065871434818
37.491,1,1.4559909750618107,1.0079947287085214,1.836972136281531,0.6178088969253878
37.502,0,-3.3347571941715852,-3.794009116462211,1.7566121810915099,0.006125944914103251
37.502,1,1.4579750549755366,1.0023414531388948,1.835508046924238,0.6158946431828384
37.511,0,-3.3347962484791487,-3.7939689768646043,1.7565823565125769,0.006518259443871034
37.511,1,1.4598819279822586,0.9966914821357491,1.8340127983867776,0.6138328531008328
37.521,1,1.4617104431150336,0.9910475733772912,1.8324854125192824,0.6116075398895634
37.521,0,-3.334835948164324,-3.793924517238571,1.7565514083278364,0.006874498407552259
37.531,0,-3.3348761855123294,-3.793875675656031,1.7565201163615833,0.0072095805113285465
37.531,1,1.463459438185095,0.9854124270763407,1.8309256866591566,0.60921323207276
37.542,0,-3.3349168470956436,-3.7938224126469473,1.7564890066010355,0.007533697307966861
37.542,1,1.4651277968715049,0.9797886796434577,1.8293336760227599,0.6066685214763609
37.551,1,1.4667145161173762,0.9741788933942406,1.827709033773109,0.6039891454597764
37.552,0,-3.33495781778866,-3.7937647133361567,1.7564584283373375,0.00785292277850255
37.561,0,-3.3349989838169627,-3.793702589029535,1.7564284425790833,0.00818995371965637
37.561,1,1.4682186333476415,0.968585560823936,1.8260519552901164,0.6011565997216782
37.571,0,-3.335040234543375,-3.793636080280837,1.756397929209756,0.008578671058370553
37.571,1,1.4696391493724315,0.9630111215259838,1.8243641301670772,0.5981457893504835
37.582,0,-3.3350814624880463,-3.793565246793769,1.7563656533621728,0.009000890493607874
37.582,1,1.4709751859765934,0.9574579533217197,1.8226470219424655,0.594987151768794
37.591,0,-3.335122562316654,-3.793490158793367,1.7563307736173248,0.009444958144298474
37.591,1,1.472225988949188,0.951928385513349,1.8209019249650962,0.591685902094996
37.601,0,-3.335163430142185,-3.7934108926156895,1.7562927242177768,0.009903582815122955
37.601,1,1.4733909334554696,0.9464247055515836,1.819129961930706,0.588269470201923
37.611,0,-3.335203963319237,-3.7933275257003185,1.7562515459721897,0.010330321406639252
37.611,1,1.474469616460838,0.9409491382677182,1.8173310715798066,0.5847966229177518
37.621,0,-3.335244064218326,-3.7932401332881556,1.7562084101724114,0.010702377217577334
37.621,1,1.4754618243200959,0.9355038468658585,1.8155043263186854,0.5812794368278169
37.631,0,-3.3352836512931088,-3.7931487960877375,1.7561643067758916,0.011035223170148706
37.631,1,1.4763674120122443,0.9300909543281234,1.8136491835930342,0.5777222536138675
37.641,0,-3.3353226687178563,-3.7930536028990933,1.7561199110617671,0.01134082316157174
37.641,1,1.477186337254327,0.9247125233578889,1.8117650083292738,0.5741329136710275
37.651,0,-3.335361092379244,-3.792954651405167,1.7560756796663801,0.011627666785583654
37.651,1,1.4779185940809185,0.9193705717751186,1.8098516920812044,0.570497233488638
37.66,0,-3.33539893303071,-3.7928520484052903,1.75603191870294,0.011901429983746747
37.66,1,1.4785642030613733,0.9140670720704485,1.8079096661542235,0.5668074535884369
37.671,0,-3.33543623723467,-3.792745910108126,1.7559887074498586,0.01217612519293301
37.671,1,1.4791232556439236,0.9088039296503294,1.8059393571045694,0.5630958240146097
37.681,0,-3.3354730844221088,-3.7926363626988517,1.7559457573363038,0.012456714203367658
37.681,1,1.4795959667885556,0.9035829571543751,1.8039405577409193,0.5593777680243438
37.691,0,-3.3355095787740643,-3.7925235414250524,1.7559028057887998,0.012738376773923638
37.691,1,1.4799825748559057,0.8984059170054849,1.8019134711907332,0.5556404914102488
37.701,0,-3.335545841355906,-3.79240759066588,1.755859662371348,0.013017576294714282
37.701,1,1.4802833670418043,0.8932745121068117,1.7998583838472153,0.5519126170717511
37.711,0,-3.335582003886988,-3.7922886636917013,1.7558161850820286,0.013291550909275888
37.711,1,1.4804987287526186,0.8881903616773291,1.7977750661973197,0.5482045772059507
37.721000000000004,1,1.480629052545323,0.8831550430728528,1.7956637062433207,0.54450300882079
37.722,0,-3.3356182038284126,-3.7921669219551393,1.7557722681755215,0.013558081965820049
37.731,0,-3.335654580355171,-3.7920425339889365,1.7557278811211143,0.013811566398761969
37.731,1,1.4806748033458896,0.8781700552917712,1.7935241163219289,0.5408856769093022
37.741,1,1.480636620437893,0.8732367542015087,1.7913544799636905,0.5373862226711626
37.741,0,-3.335691267085867,-3.791915674495818,1.755683133444892,0.014048665533986834
37.751,0,-3.3357283785921314,-3.7917865245914393,1.7556381266997605,0.014269105599003913
37.751,1,1.4805150886090315,0.8683564620116518,1.7891537391243606,0.5339679293330651
37.761,0,-3.3357659990042414,-3.7916552714551335,1.7555929358194722,0.014472149306124206
37.761,1,1.4803107159079807,0.8635304717131504,1.7869217130892672,0.5306075535596226
37.771,0,-3.335804174994916,-3.791522107528952,1.7555476165568182,0.014656839191768467
37.771,1,1.48002398291776,0.8587600125556817,1.784658476924371,0.5273303073533605
37.781,1,1.4796553296622004,0.8540462551634833,1.7823644774681318,0.5240545162005977
37.781,0,-3.3358429128394422,-3.7913872279034635,1.755503155635829,0.0147536761086691
37.791,0,-3.335882179751833,-3.791250830036811,1.7554627954891164,0.014749639338868494
37.791,1,1.479204981820584,0.8493904241299338,1.7800425287292347,0.5207204394404003
37.802,0,-3.335921907127116,-3.7911131251992938,1.7554291402104214,0.014698761941522653
37.802,1,1.4786731913317845,0.844793653225435,1.7776951215405248,0.5173906460596461
37.811,0,-3.33596199642757,-3.790974343323626,1.7554039198414175,0.014641409840897108
37.811,1,1.4780603095819334,0.8402569418054435,1.7753236476212688,0.5141011093462848
37.821,0,-3.3360023249568522,-3.7908347346435343,1.7553882637558669,0.014604484475528865
37.821,1,1.4773667049197396,0.8357812145491627,1.7729293840078209,0.5108575577562793
37.831,0,-3.336042750973785,-3.7906945698723695,1.7553828855326177,0.014604185916319363
37.831,1,1.4765927685229363,0.8313673226210894,1.7705134548730745,0.5076924643257136
37.841,0,-3.3360831182840265,-3.7905541394986146,1.7553871392978153,0.014632730078019969
37.841,1,1.4757390023035517,0.8270159858678544,1.7680758222094854,0.5046833399662773
37.851,0,-3.336123260477124,-3.790413750105909,1.7553976361946941,0.014639890856822583
37.851,1,1.474805973812099,0.8227278342429648,1.765615823674563,0.5018299299242782
37.861,0,-3.3361630033213956,-3.7902737170960656,1.7554115650667987,0.01460177867279202
37.861,1,1.473794217149517,0.8185034970784817,1.7631333853272937,0.49910172903212036
37.871,0,-3.3362021662749837,-3.79013435992786,1.7554269966994294,0.014514108288277915
37.871,1,1.4727042727813577,0.8143435888318183,1.7606286036515395,0.49652595623041357
37.881,0,-3.3362405641644406,-3.7899959982654146,1.755442607343713,0.01437936028151871
37.881,1,1.4715367460144666,0.81024867693756,1.7581010869405551,0.4941051417849889
37.891,0,-3.3362780089162793,-3.7898589485460814,1.7554576344553403,0.014205462733704911
37.891,1,1.470292203546344,0.8062193745419903,1.755551237104091,0.491767135179004
37.901,0,-3.336314311971266,-3.789723517182139,1.755471946144127,0.013998269545505175
37.901,1,1.4689711677683135,0.8022563562673597,1.7529803995478737,0.4895110536563529
37.911,0,-3.3363492885674697,-3.789589986709995,1.7554855210686806,0.013761142351850934
37.911,1,1.4675742522813753,0.7983602598943982,1.7503893386037463,0.48735412567737235
37.921,0,-3.336382761361391,-3.7894586041326366,1.755498351729385,0.013498435797733195
37.921,1,1.4661021110996089,0.7945317383305687,1.747778974383082,0.4852775962858141
37.931,0,-3.3364145631215423,-3.7893295735657775,1.7555104398550823,0.013215112621770905
37.931,1,1.4645554654505455,0.7907714449619245,1.7451501290170908,0.48331337464613344
37.941,0,-3.3364445386976453,-3.789203052232579,1.7555217928081546,0.012916480250797191
37.941,1,1.4629351517625029,0.7870800007808985,1.7425029886987295,0.4814683173406432
37.951,0,-3.3364725466855303,-3.7890791486274744,1.7555321779498583,0.012603330216248713
37.951,1,1.4612420616037982,0.7834580600123742,1.7398379352816729,0.479730451436199
37.961,1,1.4594771581169375,0.7799063044523477,1.737155384856794,0.47808531921924047
37.961,0,-3.3364984573586174,-3.788957926983374,1.7555407797096874,0.012280016659655953
37.971000000000004,0,-3.336522142123933,-3.78883942375792,1.7555469441218687,0.011954099260550922
37.971000000000004,1,1.4576414699946827,0.7764254459809747,1.7344558713012725,0.47653645007515716
37.981,0,-3.336543465195755,-3.788723661648475,1.7555502395958393,0.011631024234695427
37.981,1,1.4557361171898353,0.7730162018795298,1.7317397209563645,0.47507575570385385
37.991,0,-3.3365622786160167,-3.788610659476072,1.7555503881466186,0.011314565291907545
37.991,1,1.4537622757987994,0.7696793381828699,1.7290075793402306,0.47367413293758787
38.001,0,-3.3365784198077693,-3.788500438851892,1.755547183196403,0.011007822392881058
38.001,1,1.4517212014560459,0.7664156532594574,1.7262601339239998,0.47234884539850347
38.011,0,-3.3365917123293487,-3.7883930251577658,1.7555404050682801,0.010714755290572923
38.011,1,1.4496142748858432,0.7632259397626932,1.7234975193553328,0.4711048084081283
38.021,0,-3.336601969753284,-3.78828844164571,1.7555298961901564,0.010439974013463776
38.021,1,1.4474429506674509,0.7601110624027761,1.7207201409039499,0.469907488061698
38.031,0,-3.3366090001324027,-3.7881867031766987,1.7555155566082579,0.010188553592549058
38.031,1,1.4452087597055345,0.7570719769965116,1.7179287370185086,0.4687302215102974
38.041,0,-3.336612609871793,-3.7880878120283366,1.7554973263420044,0.009965888291343985
38.041,1,1.4429133334499684,0.7541097264723916,1.7151242010550711,0.4675505609019572
38.051,0,-3.336612607024468,-3.7879917554003577,1.7554751734997498,0.00977747901937515
38.051,1,1.440558428717981,0.7512254519722648,1.7123075840652633,0.4663458903481749
38.061,0,-3.3366088044323123,-3.7878985041606987,1.7554490044090487,0.009634416882362062
38.062,1,1.4381459308637075,0.7484204171292524,1.709480352290421,0.4650498148849452
38.071,0,-3.3366010236892367,-3.78780801562162,1.755418543920204,0.009546339223343202
38.071,1,1.4356778548125602,0.7456960310734867,1.7066447093936388,0.4636262329947427
38.081,0,-3.33658909908967,-3.7877202432085304,1.755383580405285,0.009516230361969958
38.081,1,1.4331564306260287,0.743053771534047,1.7038027105042446,0.4620745672568944
38.091,0,-3.336572881646137,-3.787635144859496,1.7553439832735795,0.00954480847646284
38.091,1,1.4305841261501528,0.7404951642061599,1.700956169740095,0.46039021523042356
38.101,1,1.4279636330635974,0.7380217894289112,1.6981069503522341,0.458530762987351
38.101,0,-3.3365522419237355,-3.787552688730223,1.7552996780505072,0.009630841138977862
38.111,1,1.425297838919385,0.7356353228922261,1.6952576830714097,0.45641775220062664
38.111,0,-3.336527070260217,-3.787472857643119,1.7552509548632922,0.009726319068963794
38.121,0,-3.336497274795077,-3.7873956514828584,1.7551992314678209,0.009783865094268053
38.121,1,1.4225898693778187,0.7333374972468304,1.692411586853694,0.4540337766878902
38.131,0,-3.3364627904344184,-3.7873210795512,1.7551457523192633,0.009819026307647794
38.131,1,1.4198431537001175,0.7311299992882738,1.6895715743419115,0.4513667586414401
38.141,0,-3.3364235822218773,-3.7872491551478125,1.7550913682257019,0.009845592318185886
38.141,1,1.41706142439387,0.729014467100268,1.6867405604447154,0.44841381681839737
38.151,0,-3.336379645677124,-3.7871798922316526,1.7550366576345686,0.009874060804964951
38.151,1,1.4142487567872413,0.7269924039215878,1.6839209266530035,0.44519319829819537
38.161,0,-3.3363310061894222,-3.7871133030044297,1.7549820103915543,0.009911623724904431
38.161,1,1.411409558208725,0.7250651757059716,1.6811148580630495,0.44167392948395273
38.171,1,1.408548551557483,0.7232340004615422,1.678324562258298,0.4378668184226799
38.171,0,-3.3362777172074756,-3.78704939643462,1.7549278197731324,0.009944968260058185
38.181,0,-3.3362198602357243,-3.78698817456139,1.754874713332848,0.009970202610852245
38.181,1,1.4056707751566606,0.721499852622713,1.6755516068147696,0.43379094990162576
38.191,0,-3.3361575515362514,-3.786929622775329,1.7548231775356815,0.009996943141513925
38.191,1,1.4027815315616425,0.7198634675496133,1.6727972352301608,0.42944886408231636
38.201,0,-3.3360909458934707,-3.786873702502794,1.7547735412582588,0.010030553960449896
38.201,1,1.3998863323018502,0.7183253418229221,1.670062526417865,0.42483616285826203
38.211,1,1.396990849454652,0.716885729689092,1.6673484947341473,0.41995176442697657
38.212,0,-3.3360202375286874,-3.786820347127227,1.7547260238492035,0.0100729849171018
38.221,1,1.3941008799415973,0.7155446177363309,1.6646560129927546,0.41480000071775663
38.222,0,-3.3359456591616365,-3.786769460250079,1.754680769172748,0.010123593957173514
38.231,0,-3.335867482627153,-3.7867209137297824,1.7546370723185758,0.010260640632062522
38.231,1,1.3912223056751711,0.714301700975527,1.6619856730840104,0.4094106990294349
38.241,0,-3.3357860179709307,-3.7866745445174117,1.754592287411213,0.010507456211757167
38.241,1,1.3883610542001812,0.7131563610196606,1.6593375967399644,0.40379934403875845
38.251,1,1.385523079077147,0.7121077105553941,1.6567119106168082,0.39796035432545385
38.252,0,-3.3357015976370645,-3.7866301568606326,1.7545442701470322,0.01082879656501413
38.261,0,-3.3356145698013075,-3.786587520361955,1.7544915825032381,0.011204415976772415
38.261,1,1.3827143356784335,0.7111545986518244,1.6541087469430709,0.39190088581903143
38.271,0,-3.3355252938708113,-3.786546369484784,1.7544332753823617,0.011620425027939694
38.271,1,1.3799407523802965,0.7102956093473819,1.651528142577214,0.38562606758909523
38.281,0,-3.335434135137315,-3.7865064057178794,1.7543691596373854,0.012009164601981722
38.281,1,1.3772082082205128,0.7095290722566465,1.6489700858370115,0.37915228539057977
38.291,0,-3.3353414523718663,-3.786467306889369,1.7543002921713424,0.012331071111708981
38.292,1,1.374522501789432,0.7088530613964373,1.64643438755845,0.3724905501747206
38.301,0,-3.3352475766661,-3.7864287454845154,1.7542276138430235,0.012600236212082401
38.301,1,1.3718893293406644,0.7082654277303876,1.643920869175971,0.36565429523049514
38.311,0,-3.335152790408197,-3.7863904073052193,1.7541517930070964,0.012829766490328754
38.311,1,1.3693142540840697,0.7077638073932062,1.6414292724599702,0.3586549069438752
38.321,0,-3.3350573134003434,-3.7863520049913326,1.7540733070439047,0.013031315368043873
38.321,1,1.366802695622207,0.707345650655203,1.6389594365632312,0.3514974007211251
38.331,0,-3.3349612950185015,-3.786313287099246,1.7539925024108989,0.01321451855381379
38.331,1,1.364359912052102,0.7070082395666938,1.6365113134026243,0.34418772047448115
38.341,0,-3.3348648110804,-3.786274043443555,1.7539098232763364,0.013356357559932351
38.341,1,1.3619910183408293,0.7067487435881142,1.6340854532249858,0.33663773775440087
38.351,0,-3.3347678666909797,-3.786234104572611,1.7538262872735781,0.013439461993181433
38.352,1,1.3597010603628916,0.7065643162821214,1.6316840760016003,0.3287871314578297
38.361,0,-3.334670407806343,-3.786193333931348,1.7537427515118074,0.01348761161100559
38.361,1,1.3574948545747463,0.7064519620485439,1.6293090216555466,0.320725131331689
38.372,0,-3.334572333694625,-3.7861516188321804,1.7536598028419477,0.013518223401836723
38.372,1,1.355376932744355,0.7064085381112252,1.6269613365349092,0.3125208405693322
38.382,0,-3.334473507582531,-3.7861088633403748,1.7535778410159657,0.013544087821039207
38.382,1,1.3533515564862293,0.7064308092146195,1.624641655232635,0.3042240765154818
38.392,0,-3.334373765727302,-3.786064982904116,1.7534971704785791,0.013568395560137413
38.392,1,1.3514227362515825,0.7065154934887172,1.622350544828169,0.29584218435093057
38.402,0,-3.3342729269159914,-3.7860199020025385,1.7534181663008983,0.013590886289722603
38.402,1,1.3495942575473452,0.7066592986816779,1.6200888494763448,0.2874026561589042
38.411,0,-3.3341708064497393,-3.785973557751141,1.7533411176554436,0.013620724204836163
38.411,1,1.3478696296830655,0.7068588929699383,1.6178571522410798,0.2789652799907494
38.421,0,-3.3340672292106652,-3.7859259042851234,1.7532661996654004,0.01366290478206777
38.421,1,1.3462520817802566,0.7071109117102443,1.6156557660861837,0.27058535032271774
38.431,0,-3.3339620390022007,-3.7858769153935437,1.7531935108921506,0.013719537333784965
38.431,1,1.3447445636090907,0.7074119730956591,1.6134847932987042,0.26232268539147097
38.441,0,-3.333855104804881,-3.785826585805555,1.7531230973259575,0.013790681081595334
38.441,1,1.3433497374431564,0.7077586905459373,1.6113440817529843,0.25423877676503204
38.451,0,-3.3337463247583936,-3.7857749315153235,1.753054910660944,0.013883169197471332
38.451,1,1.3420699780226493,0.7081476881801244,1.60923320615246,0.24643365147626067
38.46,0,-3.3336356282440773,-3.785721988520898,1.7529886105918417,0.014003258950556204
38.461,1,1.3409072966149937,0.7085755925036779,1.6071507781807877,0.23903369514056488
38.471,0,-3.333522974525112,-3.7856678076561194,1.7529238641011102,0.014141185744005982
38.471,1,1.3398634442881503,0.7090390942373861,1.6050953209060235,0.23206808170284715
38.481,0,-3.3334083505656205,-3.785612449236652,1.7528604344365892,0.014289456175435061
38.481,1,1.3389399764004968,0.7095349882059008,1.6030657228046445,0.2255621910550905
38.491,0,-3.333291768780114,-3.7855559789783655,1.752798152123475,0.01444254928989814
38.491,1,1.3381382632626215,0.7100601901307463,1.6010612294976276,0.2195366904426926
38.501,0,-3.3331732630467172,-3.78549846412016,1.752737632658231,0.014515978637755101
38.501,1,1.337459512675729,0.7106117539879501,1.5990815423453844,0.21400442738203
38.511,0,-3.333052880827387,-3.785439970278378,1.7526820076822225,0.014465961141272162
38.511,1,1.336904778377786,0.7111868839630294,1.5971267643150235,0.2090023807141589
38.521,0,-3.3329306809887584,-3.7853805658607156,1.7526339865446947,0.014367609937536878
38.521,1,1.3364749248428383,0.7117829355323652,1.5951969785996585,0.2045960525640918
38.531,0,-3.3328067267474415,-3.7853203238128064,1.7525953682475157,0.01427783572393264
38.532,1,1.3361706289674369,0.7123974232461574,1.593292165769098,0.20085058873623415
38.541,0,-3.332681079212721,-3.7852593219590887,1.752567319022551,0.01423627495454619
38.541,1,1.335992389842275,0.7130280291223742,1.5914122050970378,0.19782030648471846
38.551,0,-3.332553792855321,-3.7851976429762675,1.752550564135694,0.01426836227826535
38.551,1,1.3359405497563974,0.7136726133653315,1.5895569507117877,0.19554870233407246
38.561,0,-3.3324249134207427,-3.7851353743632847,1.7525450550965773,0.014387663195862587
38.561,1,1.3360153334297384,0.7143292235183439,1.5877264715352555,0.1940065114907371
38.571,0,-3.3322944820627036,-3.7850726088329423,1.752548343025147,0.014559628566253697
38.571,1,1.336216964043331,0.7149961068929843,1.5859219169951924,0.1931445175836956
38.581,0,-3.332162540977622,-3.7850094421246667,1.7525579990673281,0.014743718543130628
38.581,1,1.3365455244426359,0.7156717005121946,1.5841443534270527,0.19302533676188893
38.591,0,-3.33202914280295,-3.784945972154192,1.7525723318190527,0.014921732294095229
38.591,1,1.3370009224266604,0.7163546320415958,1.5823944418145455,0.1936836223785412
38.601,1,1.337582916485245,0.7170437234697674,1.58067260391888,0.19512873659182423
38.602,0,-3.331894358118512,-3.7848822986433754,1.7525901524026204,0.015085429968682906
38.611,0,-3.3317582797845025,-3.78481852254432,1.7526107384843497,0.015236493670724709
38.611,1,1.3382911095860153,0.717737994056592,1.5789789141860635,0.19739790370787333
38.619,0,-3.3316210250016716,-3.784754745179565,1.752634390408082,0.015385799974231224
38.619,1,1.3391248466070256,0.7184366568108526,1.577312256700608,0.20053151953341725
38.631,0,-3.331482739835384,-3.78469106695628,1.7526616113289843,0.015530714569336797
38.631,1,1.3400833581543534,0.7191391230946,1.575671529444714,0.20443373476940982
38.641,0,-3.3313436020227463,-3.784627585763506,1.7526927121588782,0.01566788752221545
38.641,1,1.3411657978603795,0.7198450027733565,1.5740560092483513,0.20902536804507232
38.652,0,-3.3312038212205395,-3.784564395621839,1.7527278690097345,0.015793659722562043
38.652,1,1.342371213503708,0.7205540988076864,1.5724651662228515,0.21423289478142638
38.66,0,-3.3310636377204283,-3.7845015856463537,1.7527671567989687,0.015904581920663022
38.662,1,1.343698542500071,0.7212663977383832,1.5708986604520776,0.21997189565030847
38.671,1,1.3451466307110318,0.7219820587647546,1.569356504796383,0.22617327111657545
38.671,0,-3.330923319812916,-3.7844392390918546,1.7528101393006617,0.01596099969729131
38.681,1,1.346714157227865,0.7227014007728645,1.5678383799412525,0.23279983615582084
38.681,0,-3.3307831581020757,-3.7843774331669016,1.752854244115462,0.015909480843813027
38.691,1,1.348399697467488,0.7234248879005977,1.5663439865561901,0.23977492792926458
38.691,0,-3.3306434536254317,-3.784316243932422,1.7528970277306521,0.01577322737612532
38.701,0,-3.3305045071470314,-3.784255750975179,1.7529368270950372,0.015575171296250597
38.701,1,1.3502017858594932,0.7241531151757082,1.564873395088231,0.24703370497677432
38.711,0,-3.3303666112252484,-3.7841960400978203,1.7529725189642889,0.015333865262259704
38.711,1,1.3521188942435414,0.7248867975192704,1.5634267100207688,0.2545338619940426
38.721000000000004,0,-3.330230044328088,-3.7841372047330855,1.7530033530917732,0.015063467002895512
38.721000000000004,1,1.3541494568101207,0.7256267611327216,1.5620041686546826,0.26221516682012386
38.731,0,-3.330095067528711,-3.7840793470308633,1.7530294195958107,0.01479920852714057
38.731,1,1.3562919169816707,0.7263739375164306,1.5606064690877401,0.27003632707729947
38.741,0,-3.329961923789233,-3.784022579569657,1.7530529472318794,0.014554789416333196
38.741,1,1.3585446614011671,0.7271293569291496,1.559234142830019,0.2779800898126231
38.751,0,-3.3298308312592693,-3.783967023483026,1.7530759392387034,0.01431394558723165
38.751,1,1.3609060098959025,0.7278941484074337,1.5578874781657446,0.28602642813244555
38.761,0,-3.3297019796918614,-3.783912807644984,1.7530997542819051,0.01407152263325204
38.761,1,1.3633742405060594,0.7286695392077517,1.556566788701344,0.2941364733526794
38.771,0,-3.329575529211855,-3.7838600679784227,1.7531253079800995,0.013827775866360675
38.771,1,1.3659476222435663,0.7294568546964142,1.5552727513869464,0.30228490519284096
38.781,0,-3.3294516129507823,-3.78380894760233,1.7531541334777454,0.013627970397981958
38.781,1,1.368624351564443,0.7302575101790472,1.554005828930803,0.3104614524218318
38.791,0,-3.329330346821615,-3.7837595926219154,1.7531891381268572,0.013507169608675672
38.791,1,1.37140257415651,0.7310730101635355,1.5527664822148664,0.3186355562932966
38.801,0,-3.3292118413648972,-3.7837121376939815,1.7532324869300218,0.013480652403003173
38.801,1,1.374280426885487,0.7319049535892374,1.5515555868469038,0.32678953876165745
38.811,0,-3.3290962160432502,-3.783666696347383,1.753285598055355,0.01355867261463211
38.811,1,1.377255966252981,0.7327550235070351,1.5503737283875618,0.3349204914390464
38.821,0,-3.3289836091964746,-3.78362335500369,1.7533493763139618,0.013744049318298214
38.821,1,1.3803271885516508,0.733624985327926,1.5492213852509895,0.3430089112187049
38.831,0,-3.328874183955007,-3.783582169489908,1.7534243710731032,0.014032447165261606
38.831,1,1.3834920709713008,0.7345166874296699,1.548099319453455,0.35104391203681656
38.841,1,1.3867484538851889,0.7354320238416459,1.5470072665608148,0.3590615697923303
38.841,0,-3.3287681298667575,-3.7835431628019243,1.7535105481807554,0.014351873210370772
38.851,0,-3.3286656560209713,-3.783506324569325,1.7536060946870595,0.014590141666907181
38.851,1,1.390093953599922,0.7363728890028369,1.5459428909173598,0.36706378614445245
38.861,0,-3.3285669851655775,-3.783471624147026,1.7537091907312916,0.014759165172991431
38.861,1,1.3935261831337191,0.7373412091448573,1.5449041139121311,0.375020070387808
38.871,0,-3.3284723430337952,-3.7834390219738103,1.7538185459300173,0.014875126573806453
38.872,1,1.3970427725683987,0.7383389288003495,1.5438893299677636,0.3829092356991433
38.881,0,-3.328381948459351,-3.783408476758317,1.7539332395801648,0.014953266177772222
38.881,1,1.4006413685035104,0.739367995226049,1.5428973014255642,0.3907154078351923
38.891,0,-3.328296002810691,-3.7833799490601083,1.754051876234761,0.01486372842641795
38.891,1,1.4043197068676254,0.7404303745591062,1.541927941173017,0.39839105384209633
38.901,0,-3.3282146776173143,-3.7833534025662883,1.7541715002994767,0.014550706247008638
38.901,1,1.4080757820656624,0.741528116092696,1.5409843469403754,0.4059100394633734
38.91,0,-3.3281381148950127,-3.7833288102890115,1.7542897756801,0.014080085192895418
38.91,1,1.4119075570066228,0.7426632152873173,1.5400691875760173,0.4132986928764583
38.921,0,-3.3280664210563655,-3.7833061556156746,1.7544051227912496,0.013501426794459401
38.921,1,1.415812934474472,0.7438375734251267,1.5391841480195751,0.42057173059052083
38.931,0,-3.327999662250785,-3.783285431999416,1.7545164860604874,0.012851278937761841
38.931,1,1.4197898073128112,0.7450529974830419,1.5383303534716024,0.4277404607014723
38.941,0,-3.3279378622980516,-3.783266642370189,1.7546231717641234,0.01215611188299608
38.941,1,1.423836077626516,0.7463111911731685,1.5375083781083791,0.43481494671111726
38.952,0,-3.327881003217387,-3.7832497986265747,1.7547248760655048,0.011467454729964292
38.952,1,1.4279496778891736,0.7476137527879045,1.5367183612617736,0.44180283876606197
38.961,1,1.43212859151036,0.748962183948384,1.5359601544641284,0.44871030029595105
38.961,0,-3.32782902923142,-3.783234920651504,1.7548219368719764,0.010824495527625051
38.971000000000004,0,-3.3277818497592153,-3.7832220319798173,1.754914728444573,0.010220969025952714
38.971000000000004,1,1.4363708736038923,0.7503579123192572,1.535233434700822,0.4555444127886398
38.982,0,-3.327739345298291,-3.7832111564694437,1.7550035390410341,0.009653470599275559
38.982,1,1.4406746570404527,0.7518023065589449,1.5345376922178395,0.4623126326016346
38.991,1,1.4450381642007215,0.7532966948366011,1.5338724344550934,0.46901873747419626
38.991,0,-3.32770137337672,-3.783202316008822,1.755088594507875,0.009119156543318728
39.001,1,1.4494597187563387,0.7548423825224078,1.533237428498884,0.4756700703508118
39.002,0,-3.327667773662634,-3.7831955287702512,1.7551700520300313,0.008610559116893039
39.009,1,1.453937698424055,0.7564406157703543,1.5326319101870896,0.4822759065567703
39.01,0,-3.327638372651772,-3.783190806626029,1.7552479394893492,0.008119799227676666
39.02,0,-3.3276129900299063,-3.7831881501026445,1.7553222677782965,0.007649438128423166
39.02,1,1.458470565303244,0.7580926067515683,1.5320550828580002,0.4888406205759678
39.031,0,-3.327591444192944,-3.7831875434712696,1.755393066877191,0.007201866742578065
39.031,1,1.4630568849760262,0.7597995519778373,1.5315064838474928,0.4953697399586536
39.041,0,-3.3275735563207993,-3.7831889517470496,1.7554603802709412,0.006778605753591086
39.041,1,1.4676953063696274,0.7615626120746275,1.530985591564738,0.5018710819802004
39.051,0,-3.3275591534059648,-3.783192319309142,1.7555242596221192,0.006380708817002498
39.051,1,1.4723845611697308,0.7633829113420826,1.530491827554539,0.508350725765737
39.061,0,-3.327548071237617,-3.783197570126534,1.7555850000124098,0.006071106182674967
39.061,1,1.477123478709845,0.7652615553777607,1.530024884408507,0.5148149227116972
39.071,0,-3.3275401581680195,-3.783204608165105,1.7556437044981104,0.005897287195791044
39.071,1,1.4819109795347254,0.7671996202664161,1.5295845377521278,0.5212714667969391
39.081,0,-3.327535274366106,-3.7832133130597763,1.755701326553221,0.0058215393001164175
39.081,1,1.486746066411829,0.7691981341187851,1.529170400791955,0.5277278045992222
39.091,1,1.491627829549208,0.771258080171951,1.5287820714697717,0.5341902486770994
39.092,0,-3.3275332934466784,-3.7832235381354287,1.7557585140000607,0.005815731653928099
39.101,0,-3.3275341040037283,-3.783235110489163,1.7558157037222946,0.005858728443936233
39.101,1,1.4965554551674936,0.7733804079536349,1.5284193708476803,0.5406652086599558
39.111,0,-3.3275376101496588,-3.7832478321085974,1.7558731318051957,0.005919082776343867
39.111,1,1.5015282159445802,0.7755660206938223,1.5280821368288167,0.5471594069095014
39.121,0,-3.3275437307959845,-3.783261481528746,1.7559306777726718,0.005967127812674647
39.121,1,1.506545495864174,0.777815812370327,1.5277707815750419,0.5536799358717047
39.131,0,-3.327552399032421,-3.7832758164051303,1.755988179607878,0.006007200545447528
39.131,1,1.511606755074669,0.7801306283013676,1.527485647269232,0.5602329951332873
39.141,0,-3.3275635605007405,-3.783290576220253,1.7560455330347626,0.006042469055457
39.141,1,1.5167115172370917,0.7825112493372604,1.5272267053745436,0.5668240680163776
39.151,0,-3.3275771716035627,-3.783305485196868,1.7561026734624978,0.006075122100271849
39.151,1,1.521859373455965,0.7849584031074406,1.5269937006867735,0.5734580334173769
39.161,0,-3.3275931978979334,-3.783320255407032,1.756159563855026,0.006106898837651228
39.161,1,1.5270499863487834,0.7874727769844884,1.5267863274205513,0.5801393948400968
39.171,0,-3.3276116135571305,-3.7833345898553117,1.756216596166749,0.006240023726915875
39.171,1,1.5322830352966565,0.7900549385367192,1.5266030548762097,0.5868595283892477
39.181,0,-3.32763240018505,-3.7833481877248434,1.756275557238336,0.006549120676177763
39.181,1,1.5375580916207503,0.7927051565356295,1.5264385718003233,0.5936075412624755
39.191,0,-3.3276555348938386,-3.7833607573238264,1.7563379925858458,0.006976553349842691
39.191,1,1.542874807622756,0.7954237021244672,1.5262880255532736,0.6003880110757428
39.201,0,-3.327680982297376,-3.7833720283803642,1.7564049355476836,0.007483619459092201
39.201,1,1.5482329357935543,0.7982108997584487,1.526147649102239,0.6072062357413092
39.212,0,-3.3277086900819723,-3.783381760412252,1.7564770644898204,0.008043645887961451
39.212,1,1.5536323215508263,0.8010671236556192,1.5260146273117536,0.6140682265870521
39.221,0,-3.3277385865048283,-3.7833897480115137,1.7565548119027343,0.00863783669996555
39.221,1,1.5590728737917092,0.8039927616628093,1.5258865765069127,0.6209750680925826
39.231,0,-3.327770578628675,-3.7833958245452886,1.7566380261520453,0.009158949311889559
39.231,1,1.5645545645798065,0.8069882179538729,1.5257616012946646,0.6279387689917838
39.241,1,1.570077513045335,0.8100540286257965,1.5256399571282497,0.6349686921507799
39.242,0,-3.3278045537690857,-3.7833998641881674,1.7567254481792856,0.009560886797333051
39.251,0,-3.3278403894387325,-3.783401778269234,1.7568160175932659,0.009880450118038439
39.251,1,1.5756418612074823,0.8131906538054222,1.5255215025550368,0.6420566745823288
39.261,0,-3.327877960359914,-3.783401512774012,1.7569090014651,0.010143534781124616
39.261,1,1.5812477253673327,0.8163983850441063,1.525404743672345,0.6491983293915066
39.271,0,-3.327917143248535,-3.783399046010331,1.7570038912162442,0.01036737476599893
39.271,1,1.5868952774742293,0.8196774439224833,1.5252883629005796,0.6563951586034844
39.281,0,-3.3279578210498264,-3.7833943848363223,1.757100814570594,0.010671928695660743
39.281,1,1.5925847722671116,0.8230280098401981,1.5251717294957823,0.663652778185668
39.291,0,-3.327999886630183,-3.783387559774984,1.7572011618193863,0.011106466601871125
39.291,1,1.5983164748813972,0.8264501154539915,1.5250536225908655,0.6709447543638568
39.301,0,-3.3280432429858617,-3.7833786241396377,1.7573060720467029,0.011626526674879
39.302,1,1.6040904577859743,0.8299433558813551,1.5249287238883527,0.678250366003603
39.311,0,-3.328087804986067,-3.7833676502104088,1.7574162904542345,0.012201600201696552
39.311,1,1.6099068020305987,0.8335072292833264,1.5247927795815364,0.6855650284133266
39.321,0,-3.3281335006317323,-3.783354725297273,1.7575322895330938,0.012810619993689305
39.321,1,1.6157655744878774,0.8371411246231578,1.5246430489932294,0.692874466754901
39.331,0,-3.3281802715565685,-3.7833399483383374,1.7576543531066031,0.013438994261557128
39.331,1,1.6216667520587889,0.8408442473147536,1.5244778587907084,0.7001534957787198
39.341,0,-3.3282280718793684,-3.7833234284771264,1.7577817087835206,0.013867286217123109
39.341,1,1.6276101418607116,0.8446155693461945,1.5242965641638635,0.7073689198113293
39.352,0,-3.328276864652635,-3.783305282614642,1.7579112851816339,0.014008305176712345
39.352,1,1.6335952997801022,0.8484537694304037,1.5240991648671427,0.7144724182417908
39.361,0,-3.3283266196344012,-3.7832856234352845,1.7580405626722313,0.01395313652462542
39.361,1,1.6396214241171971,0.8523571138621951,1.523884828749043,0.721414588596605
39.371,0,-3.3283773085735078,-3.7832645534180966,1.7581678208279405,0.013767005765288278
39.371,1,1.6456874105529284,0.8563235481684447,1.5236531239443816,0.7281510097828955
39.381,0,-3.328428901460505,-3.783242161523138,1.758291897227566,0.013495121208297718
39.381,1,1.6517918590314031,0.8603507071621975,1.5234040073259298,0.7346368841372168
39.391,0,-3.3284813640043422,-3.7832185213110474,1.7584119504482527,0.013153746922097951
39.391,1,1.6579330690899894,0.8644359031701239,1.523137329573683,0.7408285725394996
39.401,0,-3.3285346561294706,-3.7831936914399615,1.7585271922725998,0.012754182202003849
39.401,1,1.6641090569445456,0.86857613328947,1.522852493946597,0.7466884950559789
39.411,0,-3.3285887318429483,-3.783167719121854,1.7586370562368474,0.012321168389183164
39.411,1,1.6703176302045364,0.872768157486237,1.5225492606349185,0.7521857293752782
39.422,0,-3.3286435394064973,-3.7831406441785043,1.7587411786723328,0.011871521700999454
39.422,1,1.6765564298518163,0.8770085338191621,1.5222279086348844,0.7572934083117793
39.432,0,-3.3286990216616714,-3.783112502113988,1.7588393356252578,0.011417486362640566
39.432,1,1.6828229656086784,0.8812936539360928,1.5218893450857203,0.7619883569744342
39.441,0,-3.328755116509402,-3.7830833263108867,1.7589314050673266,0.010968191031042669
39.441,1,1.68911462953003,0.8856197551584077,1.5215346176204387,0.7662516448289325
39.451,0,-3.3288117576863736,-3.783053149789035,1.7590171792556628,0.010496914719455696
39.452,1,1.6954287050557162,0.8899829325443659,1.521164211302705,0.7700695874705842
39.461,0,-3.328868881472154,-3.783022007526935,1.7590959721273987,0.00998947614377172
39.461,1,1.7017623611684238,0.894379132755439,1.5207767585222591,0.7734350839122273
39.471,0,-3.3289264462741706,-3.782989939127997,1.7591672309405015,0.009477349277311878
39.471,1,1.708112741242654,0.898804284881335,1.5203712407720649,0.7763440145574106
39.481,1,1.7144769869371284,0.9032543399655608,1.5199474257629029,0.7787933958280574
39.481,0,-3.3289844505374355,-3.782956991570864,1.7592306253954215,0.008986009400428747
39.491,0,-3.3290429439061486,-3.782923220932128,1.7592859759527373,0.008536905916052542
39.491,1,1.7208522470090966,0.9077252919425909,1.519505853369786,0.7807828160643836
39.501,0,-3.3291020327723153,-3.7828886933852424,1.7593331552251779,0.008142417400456077
39.501,1,1.727235670881069,0.9122131793703611,1.5190467720140612,0.7823199177636595
39.511,0,-3.32916187465963,-3.782853488809887,1.7593719780197534,0.00781907940176563
39.511,1,1.7336244121771094,0.9167141038227578,1.5185692968760425,0.7834145984435336
39.521,0,-3.3292226580385624,-3.782817709161841,1.7594023419776907,0.0075856506980208
39.522,1,1.7400156572264425,0.9212242872770625,1.518072463956405,0.784080129325235
39.531,0,-3.3292845824962845,-3.782781485406265,1.7594242233231479,0.0074535659515270036
39.531,1,1.7464066318830058,0.9257400876012832,1.5175547720051046,0.784330315566689
39.541,0,-3.3293478440451683,-3.78274498117689,1.7594376529472646,0.007427112567665482
39.541,1,1.7527946241685843,0.9302580229658388,1.5170153009765206,0.7841760708121378
39.551,0,-3.3294126246045495,-3.7827083938898047,1.7594427010626053,0.007503489872847013
39.551,1,1.759176991589122,0.9347747727004339,1.5164536078590194,0.7836314596951608
39.561,0,-3.3294790856643246,-3.7826719538397073,1.7594400002676045,0.0076637422597304996
39.561,1,1.7655511663992578,0.9392871773945636,1.5158698576795744,0.7827019890594873
39.571,0,-3.3295473639292625,-3.782635918634623,1.7594314783643676,0.007856211320908203
39.571,1,1.7719146588806918,0.9437922356563516,1.5152657151876705,0.7813962125674363
39.581,0,-3.329617562453244,-3.7826005599745423,1.7594187148444318,0.008050854195585872
39.581,1,1.7782650642447644,0.948287098358551,1.5146428213793846,0.7797306588526666
39.591,0,-3.329689746156169,-3.7825661508303376,1.7594028061618545,0.008236048533017524
39.591,1,1.7846000686217576,0.9527690695141541,1.5140027254286323,0.7777217644185501
39.601,0,-3.3297639402390087,-3.782532955834272,1.7593845157043684,0.008407946822249669
39.601,1,1.7909174567856532,0.9572356146135804,1.5133467793152435,0.7753886337656988
39.611,0,-3.329840130732184,-3.7825012245807086,1.7593645352477074,0.008554463559931263
39.611,1,1.7972151102534881,0.9616843611466092,1.512676553714759,0.7727365661094613
39.622,0,-3.3299182681003168,-3.782471189586814,1.7593441472750062,0.008661266642153036
39.622,1,1.8034909832409705,0.9661130771659516,1.5119953931555026,0.7697715720424491
39.631,0,-3.3299982712812723,-3.7824430682592234,1.7593244777089627,0.008738289257677096
39.631,1,1.8097431495985656,0.9705197192489183,1.5113055295307882,0.7665297170528463
39.641,1,1.8159698113207425,0.9749024331755229,1.5106084061180653,0.763034446836577
39.641,0,-3.3300800337781737,-3.7824170668175703,1.759306298614406,0.008794762544136359
39.651,0,-3.330163429646092,-3.782393383420302,1.759290135707762,0.008837907440082334
39.651,1,1.8221692977777495,0.9792595432842589,1.5099052337696017,0.7593069865468923
39.661,0,-3.3302483186221172,-3.7823722101724075,1.7592763430098768,0.008873051817260835
39.661,1,1.8283400666042182,0.9835895478356338,1.5091971309039336,0.755368919892554
39.671,0,-3.3303345494825582,-3.7823537322910634,1.7592644919777183,0.008923453523207513
39.671,1,1.8344807157926062,0.987891130192625,1.5084847326032274,0.751252719459005
39.681,0,-3.33042196159411,-3.7823381231710447,1.7592524825703018,0.008993765260846758
39.681,1,1.8405900064373737,0.9921631769539532,1.5077674278547115,0.7469955205430608
39.691,0,-3.330510388143207,-3.7823255434948613,1.7592385966809456,0.009079773227540947
39.691,1,1.8466668568679185,0.996404754536922,1.5070439285544341,0.7426186614531943
39.701,0,-3.330599656157647,-3.7823161362787836,1.7592216802848646,0.009183484026206888
39.701,1,1.852710319924429,1.0006150625017005,1.5063134000351472,0.7381351880777407
39.711,1,1.8587195869995903,1.0047934194717347,1.505575336699842,0.7335636633095567
39.712,0,-3.330689586635614,-3.7823100228473345,1.7592009675661615,0.009307416923286637
39.721000000000004,1,1.8646939996481535,1.0089392623104245,1.5048290842002758,0.7289231575687319
39.722,0,-3.3307799951765777,-3.782307300422062,1.7591759616124232,0.00945270860851674
39.731,0,-3.330870693338701,-3.782308044801759,1.7591474447020692,0.009534923880205699
39.731,1,1.8706330313236792,1.0130521175649019,1.5040744029686384,0.7242210068606177
39.741,0,-3.3309614904104383,-3.782312314298182,1.7591189440761972,0.009506588303716172
39.741,1,1.8765362732690554,1.0171315836074686,1.5033116493343084,0.7194671667288964
39.751,0,-3.3310521950280783,-3.782320134461332,1.7590933558829578,0.009411933004766239
39.752,1,1.8824034274998045,1.0211773287476686,1.5025414162674324,0.7146704548488066
39.761,0,-3.3311426185762936,-3.7823314945072712,1.7590726421611085,0.009294805766486478
39.761,1,1.8882342905367113,1.0251890853024985,1.501764495220157,0.7098415029654477
39.771,0,-3.331232578048478,-3.782346347687289,1.7590581167636117,0.009190575251463521
39.771,1,1.894028747950715,1.0291666577257688,1.5009816185318483,0.7049920721634213
39.781,0,-3.331321898516864,-3.782364610193451,1.7590499160936781,0.009134357587720143
39.781,1,1.8997867901240044,1.0331099500105234,1.5001925662228852,0.7001659342180397
39.791,0,-3.3314104131850355,-3.782386158952038,1.7590461226277494,0.009108391100351892
39.791,1,1.9055085439560644,1.0370189989102243,1.4993949504146242,0.6953868662737307
39.801,0,-3.331497956913128,-3.7824108391697417,1.7590450893491854,0.00908699211314373
39.802,1,1.911194189986824,1.0408938788424555,1.498586960459306,0.6906496695233166
39.811,1,1.9168439478199049,1.0447346752535807,1.4977678957451837,0.6859354795469931
39.811,0,-3.331584360989433,-3.782438465236597,1.7590456886318848,0.009058034248945138
39.821,0,-3.3316694501233917,-3.7824688213785542,1.7590471499918061,0.00901513476151569
39.821,1,1.9224580245877467,1.0485414257742445,1.4969398358303534,0.6812101649646712
39.831,0,-3.331753041004514,-3.782501663479518,1.7590489464587666,0.008954240959806055
39.832,1,1.9280366901228951,1.05231419165128,1.4961053293966184,0.6764922027165488
39.841,1,1.933580302435656,1.0560530834607145,1.4952665897288946,0.6717834802116394
39.841,0,-3.33183494160925,-3.782536722821295,1.7590510239450519,0.008874139319853338
39.851,1,1.939089253296271,1.0597582099431269,1.4944271832986988,0.6670589806029783
39.852,0,-3.331914951084047,-3.78257371550214,1.7590544622028068,0.008776811478754823
39.861,0,-3.331992864924073,-3.7826123575396817,1.7590602370711865,0.008665999639406487
39.861,1,1.9445639730558444,1.063429693446098,1.49359176924565,0.6623293259714855
39.871,0,-3.3320684790775843,-3.782652381925721,1.759068998866071,0.008546801928527087
39.871,1,1.9500049930306296,1.0670677499195027,1.4927638829424468,0.6576255195034588
39.881,0,-3.3321415929226688,-3.7826935511017847,1.7590811722651742,0.008424473356102451
39.881,1,1.9554129073646482,1.0706726634464059,1.4919470436734417,0.6529290292976206
39.891,0,-3.332212012821814,-3.7827356643997767,1.7590966881868066,0.008287349122225817
39.891,1,1.960788321907082,1.0742447398099269,1.4911464304879358,0.6482505044250391
39.901,0,-3.3322795590073193,-3.7827785570174313,1.7591145616694637,0.008123008937623254
39.901,1,1.9661319440463347,1.077784401665023,1.4903655747980433,0.6436298005061197
39.912,0,-3.3323440731975196,-3.782822089341627,1.7591339583350731,0.00793474384736481
39.912,1,1.971444561260533,1.0812921625432714,1.489606821398204,0.6390869243343709
39.921,0,-3.332405426959896,-3.7828661350275676,1.759154301069898,0.007727723261370001
39.921,1,1.9767270147398215,1.084768597273773,1.488871952769022,0.6346381257387061
39.931,0,-3.332463527272941,-3.78291057226292,1.7591751907766913,0.007507255264367262
39.931,1,1.9819801941543396,1.0882143383845067,1.4881620898397707,0.6302984752549601
39.941,1,1.98720502480503,1.0916300653630473,1.4874778424293167,0.6260783649216574
39.941,0,-3.332518319441246,-3.782955277764377,1.759196351575481,0.007278077801881873
39.951,0,-3.3325697894740025,-3.783000122745601,1.759217130275998,0.007011268995973004
39.951,1,1.9924024306328665,1.0950164659770003,1.486820508178556,0.6219470763679907
39.961,0,-3.332617964389863,-3.783044969316145,1.7592358259759995,0.00670033535602926
39.961,1,1.9975732715536207,1.098374167925892,1.486194589263514,0.6178863723499743
39.971000000000004,0,-3.33266290262534,-3.7830896661193605,1.759251089056547,0.006372366024915413
39.971000000000004,1,2.0027184224009753,1.101703841083731,1.4856037357820968,0.6139255931721164
39.981,0,-3.332704688466382,-3.783134044890553,1.7592620225932047,0.006051011019541784
39.981,1,2.007838760763969,1.1050061940490492,1.485050685242823,0.6100677583103865
39.991,0,-3.3327434278689827,-3.78317791890881,1.7592680425191876,0.00575555413288443
39.991,1,2.0129351335841283,1.108281939978642,1.4845384601941822,0.6063207229682652
40.001,1,2.018008371365411,1.111531814135609,1.4840694213529078,0.6026898237819608
40.002,0,-3.332779244652058,-3.783221083133707,1.7592687810528804,0.005501209317652291
40.01,0,-3.332812277003168,-3.783263319303987,1.759264024541826,0.005299918997466255
40.01,1,2.0230592771017792,1.11475656071132,1.4836453479112137,0.5991937060407864
40.022,0,-3.332842674285019,-3.783304408256616,1.7592536634407487,0.005160905059965045
40.022,1,2.0280886387826826,1.1179569514712002,1.4832656644758788,0.5958407915411749
40.031,0,-3.3328705942401045,-3.7833441412593527,1.7592376630855395,0.005089955434437601
40.031,1,2.0330971830468036,1.1211337288644811,1.482929393585725,0.5926208098974427
40.041,0,-3.332896200546979,-3.7833823279815535,1.7592160476394814,0.005088947684042853
40.041,1,2.0380855428361557,1.12428756404609,1.4826368075280536,0.5895043140002969
40.051,0,-3.3329196606239098,-3.7834188018319725,1.7591888812024001,0.005156054286220285
40.051,1,2.043054244077679,1.1274190327525224,1.4823903876179083,0.5864838570572543
40.061,1,2.0480037662607185,1.130528679881944,1.4821911286983,0.583570297960079
40.061,0,-3.332941141160195,-3.7834534209001145,1.75915744066483,0.005098666014965568
40.071,0,-3.3329607995648094,-3.783486065940541,1.7591258725176326,0.004793419305665259
40.071,1,2.052934567737112,1.1336170346172185,1.4820376292079898,0.5807627128944342
40.081,0,-3.3329787790382888,-3.7835166474936823,1.7590975372811157,0.004313536514938871
40.081,1,2.057847091420686,1.1366845938662677,1.481927553803317,0.5780595529576509
40.091,0,-3.332995197786011,-3.7835451063027365,1.7590747059963432,0.003739956563569874
40.091,1,2.062741796221708,1.1397318453927374,1.4818570240326554,0.5754546875758243
40.101,0,-3.3330101411087703,-3.783571411668837,1.7590588935921916,0.003159721856084001
40.101,1,2.067619146885605,1.1427592437740994,1.4818227555520633,0.572939550881697
40.111,0,-3.333023657749635,-3.7835955602129516,1.7590507160071938,0.0026987479407767816
40.111,1,2.0724796089618063,1.1457671986310536,1.4818234015198137,0.570505291393501
40.121,0,-3.333035764204735,-3.783617576126833,1.7590491584741392,0.002401402083180142
40.121,1,2.0773236419017653,1.1487560561575643,1.4818609941860152,0.5681548464308905
40.131,0,-3.3330464572745315,-3.783637507397404,1.7590531804925675,0.00224111150395192
40.131,1,2.0821517555547353,1.151726157947899,1.4819370695704344,0.565896272795417
40.141,0,-3.3330557288500913,-3.783655424542921,1.7590620397987515,0.0021973914372463666
40.141,1,2.0869645178936063,1.1546778397752973,1.4820523372681251,0.5637348381234901
40.151,0,-3.333063576986578,-3.7836714195381194,1.7590751985104416,0.0022494009441664116
40.152,1,2.0917625512584297,1.1576114208770767,1.4822070532314418,0.5616742326362085
40.161,0,-3.3330700134015006,-3.783685604109194,1.7590922617756184,0.002375451091342939
40.161,1,2.096546533028077,1.1605272015795733,1.4824009832653373,0.5597166524016951
40.171,0,-3.3330750684707975,-3.7836981081018504,1.7591126512725939,0.0024953271628858145
40.171,1,2.101317191909211,1.1634254624425437,1.482633312792285,0.5578610307522502
40.181,0,-3.333078791830169,-3.783709077661744,1.7591351770839314,0.0025578395791756273
40.181,1,2.1060752997964864,1.1663064778428667,1.4829017875241346,0.5560983844968442
40.191,0,-3.3330812456356926,-3.7837186711073736,1.759158894904972,0.002575841205204319
40.191,1,2.110821645111187,1.1691705248919522,1.4832027233372824,0.5544201169533615
40.201,0,-3.333082498728447,-3.783727056310092,1.7591831607314288,0.0025630975344943098
40.201,1,2.1155569971803887,1.172017867868602,1.4835329956461747,0.5528222627482924
40.212,0,-3.3330826224319754,-3.7837344084165943,1.7592075381238665,0.002530748636766976
40.212,1,2.1202820867444703,1.1748487556524356,1.4838908938611959,0.5513108138922994
40.221,0,-3.333081687471419,-3.78374090765064,1.759231733856473,0.0024869527784052753
40.221,1,2.1249975943047965,1.1776634154667305,1.4842769201157053,0.5498891195945673
40.231,0,-3.3330797619605734,-3.783746737466012,1.7592554491474217,0.002412911126596462
40.231,1,2.129704163501423,1.180462089635991,1.4846910447992427,0.5485448758794474
40.241,0,-3.333076911510692,-3.783752085112305,1.7592782049052957,0.0023037866422118054
40.241,1,2.134402408203106,1.1832450549726905,1.4851310267979871,0.5472568581695393
40.251,0,-3.3330732017421534,-3.783757145875959,1.7592996458412324,0.0021753600026142576
40.251,1,2.1390929156791274,1.1860126101803938,1.4855933404383168,0.5460176247406644
40.261,1,2.1437762508449363,1.1887650550548756,1.48607510859439,0.5448291469831082
40.261,0,-3.333068701023458,-3.783762126916718,1.7593195487566458,0.002039243514151146
40.272,0,-3.3330634822609335,-3.783767249177412,1.7593377825620318,0.0019049159557860027
40.272,1,2.1484529634767484,1.1915026931819106,1.4865741182726186,0.5436929612456345
40.281,0,-3.333057623991818,-3.783772747368536,1.7593540146967548,0.0017190333852040364
40.281,1,2.1531235901098773,1.1942258273634758,1.4870892160223692,0.5426240939615349
40.291,0,-3.333051209663137,-3.783778861860872,1.7593670735938258,0.0014625833087981088
40.291,1,2.157788653750185,1.1969347402410635,1.4876214662987413,0.5416340973008219
40.301,0,-3.333044322590992,-3.783785816861618,1.7593759728373466,0.0012298409275493737
40.301,1,2.162448668008693,1.1996297054798124,1.4881717750264332,0.5407157119154252
40.311,0,-3.3330370415829407,-3.7837937994902533,1.7593800725056574,0.001142989092364268
40.311,1,2.167104135001432,1.2023109748038865,1.488740491645129,0.5398622632392461
40.321,0,-3.333029438043527,-3.783802945844221,1.759378972256444,0.0012890287070800323
40.321,1,2.1717555430689477,1.2049787638637868,1.4893276144515188,0.5390673983010982
40.331,0,-3.333021574111589,-3.783813332763114,1.7593724362722925,0.0016275088384759336
40.331,1,2.176403367862749,1.207633245564978,1.4899328684847069,0.5383249966360206
40.341,0,-3.3330135013686943,-3.7838249749921253,1.7593608833447063,0.0019803115234337497
40.341,1,2.181048070573384,1.2102745543657905,1.490555029143255,0.5376084688410588
40.351,0,-3.3330052578779594,-3.7838378321225976,1.7593461089280669,0.002228256260429957
40.351,1,2.185690094463942,1.2129027996228283,1.4911909409970177,0.5369031089846708
40.361,0,-3.332996862309544,-3.783851825216362,1.7593296080095489,0.002384557538282623
40.361,1,2.1903298698741764,1.21551805239533,1.491837888598999,0.5362134636307375
40.371,0,-3.3329883088232464,-3.7838668550802597,1.7593124212421865,0.0024737304484844704
40.371,1,2.1949678165117565,1.2181203498750945,1.4924942260613212,0.5355549733674435
40.381,0,-3.3329795643453948,-3.783882816337571,1.7592952737297636,0.00251722490881484
40.381,1,2.199604346229394,1.2207096985253125,1.4931597611560752,0.5349352391873915
40.391,0,-3.3329705679551185,-3.7838996073326694,1.7592781305540968,0.002618135951280619
40.391,1,2.204239866332556,1.223286084726148,1.4938350971699506,0.5343740972707746
40.401,0,-3.332961232486754,-3.7839171396518534,1.7592595071709711,0.0028220379676690607
40.401,1,2.208874785500056,1.2258494625739391,1.4945225086717073,0.5338788449419215
40.411,0,-3.332951447372693,-3.7839353516250847,1.7592381614221122,0.0031054184911903774
40.411,1,2.2135095029376015,1.2283997681560688,1.4952234235062594,0.5334296730128638
40.421,1,2.2181444035598457,1.2309369156015972,1.4959379863970301,0.5330136405314471
40.421,0,-3.332941082216956,-3.783954217451592,1.7592132614098208,0.0034531047293952844
40.431,0,-3.3329299903585907,-3.7839737521946977,1.7591842601052872,0.0038520653476834246
40.431,1,2.2227798614678984,1.2334607873393353,1.4966659512876945,0.5326251911808805
40.441,0,-3.332918012303873,-3.783994013760623,1.7591508087786978,0.004290928880217286
40.441,1,2.227416240900072,1.2359712302944645,1.49740719032737,0.5322704713762628
40.451,0,-3.3329049785170004,-3.7840151025070705,1.7591131767525827,0.004661842235153513
40.451,1,2.232053896240234,1.2384680553459477,1.498161907860346,0.5319368398226195
40.461,0,-3.3328907121545397,-3.784037151322469,1.7590728842814334,0.004916221609311299
40.461,1,2.2366931646297066,1.2409510633663403,1.4989289081059418,0.5316092007829454
40.471,1,2.2413343758287207,1.2434200442021808,1.4997070082959039,0.5312921573486215
40.471,0,-3.3328750351995358,-3.784060298845623,1.7590312042198328,0.005093879172396497
40.481,0,-3.332857772932823,-3.78408466568806,1.7589890185295993,0.005224726533760803
40.481,1,2.245977856027141,1.2458747859877044,1.500495432623401,0.530989145901794
40.492,0,-3.3328387571511913,-3.7841103381022205,1.7589469375058233,0.0053293769332335246
40.492,1,2.2506239288817462,1.2483150905431561,1.5012934665197066,0.530700537248308
40.501,0,-3.3328178284799623,-3.7841373579137776,1.7589053934513574,0.005419931608937045
40.502,1,2.2552729164832925,1.2507407802093762,1.5021005018913782,0.5304314158338892
40.511,0,-3.332794836359275,-3.784165723560747,1.7588647100722958,0.005505695452885997
40.511,1,2.2599251366815722,1.2531516985603572,1.502916145721436,0.5301797121379224
40.521,0,-3.3327696358161014,-3.7841954052807223,1.758825107756111,0.005595138202280545
40.521,1,2.2645808913029035,1.2555477177537329,1.5037394902168888,0.5299382982235662
40.531,1,2.269240465713203,1.2579287344539973,1.5045695713943346,0.5297080103319165
40.531,0,-3.3327420843336872,-3.7842263606988067,1.758786729830798,0.0056945126721170275
40.541,0,-3.3327120399141075,-3.784258546361291,1.7587496662140532,0.005808560646984176
40.541,1,2.2739041286688577,1.2602946652511633,1.505405828178872,0.5295011461887029
40.55,0,-3.3326793600787274,-3.7842919258738856,1.758713969773557,0.005940951485359838
40.55,1,2.278572134035887,1.2626454410816732,1.5062484899324742,0.5293226184540548
40.561,0,-3.332643903455178,-3.784326474422906,1.758679107398342,0.006170330428787487
40.561,1,2.283244719283063,1.2649810127660215,1.5070980328116343,0.529185862219917
40.571,0,-3.3326055374255645,-3.7843621760829227,1.7586431873119235,0.0065180002211940495
40.571,1,2.2879221237233103,1.2673013319753275,1.5079565362646146,0.5291139399126038
40.581,0,-3.332564146428266,-3.7843990145196216,1.7586046838055662,0.006945280081953441
40.581,1,2.292604586915552,1.2696063745595874,1.508826027513259,0.5290968740323534
40.591,0,-3.332519642986317,-3.7844369623894423,1.7585625777263083,0.00742754700704022
40.591,1,2.2972923567580072,1.271896154272611,1.5097076900625461,0.529125491331093
40.601,0,-3.332471975454981,-3.7844759740819143,1.7585162002438743,0.007946572141190787
40.601,1,2.3019856998143746,1.274170720955944,1.5106020664583768,0.5291947519139679
40.611,0,-3.3324211311919556,-3.784515981814074,1.7584654622613385,0.008426320571149797
40.611,1,2.30668490133953,1.2764301601507697,1.5115089487379705,0.5292867526384658
40.621,0,-3.3323671318515906,-3.784556895928539,1.7584120314283669,0.00877716859938029
40.621,1,2.311390253994918,1.2786746029761622,1.5124267084495124,0.5293871885430486
40.632,0,-3.332310030264291,-3.7845986069958366,1.758357573784592,0.009035269163588556
40.632,1,2.316102064971391,1.2809042179891383,1.513353709182887,0.5295039027322399
40.641,1,2.3208206529653954,1.283119212576244,1.5142888599295696,0.5296541985050557
40.642,0,-3.332249901523026,-3.7846409908432874,1.7583032266151113,0.009229827859109837
40.651,1,2.3255463452659475,1.2853198327145228,1.5152319127923979,0.5298478392148395
40.652,0,-3.3321868340828487,-3.7846839134490513,1.7582497617479644,0.009381481816926465
40.661,0,-3.3321209230372215,-3.7847272349642056,1.758197698948818,0.009504586009041058
40.661,1,2.330279466261221,1.2875063738967103,1.5161826001074563,0.5300830204875946
40.671,0,-3.3320522662544856,-3.7847708129271793,1.7581470096835556,0.009655626213789842
40.671,1,2.335020334426273,1.2896791785753825,1.517140586664752,0.530362224046994
40.681,0,-3.3319809645602185,-3.7848145040943653,1.7580966529310404,0.009853443726674519
40.681,1,2.3397692632722573,1.2918386299715752,1.518105669130486,0.5306869224289212
40.691,0,-3.3319071222844694,-3.7848581645916988,1.7580457560011151,0.010076650693690221
40.691,1,2.3445265610104866,1.293985152626887,1.5190775373852878,0.5310553113471971
40.701,0,-3.331830850970411,-3.784901649413796,1.7579937316971206,0.0103116660091974
40.701,1,2.3492925342311954,1.2961192061300988,1.5200559884726432,0.5314767848285837
40.711,1,2.354067493357947,1.2982412759650204,1.521041290654813,0.5319552051561417
40.711,0,-3.3317522720726287,-3.784944812389669,1.7579401900770473,0.010549432682455841
40.721000000000004,0,-3.331671518305691,-3.7849875065649616,1.7578848782708423,0.010783686141756512
40.721000000000004,1,2.358851746527817,1.3003518747011158,1.5220335137485614,0.5324854629421739
40.731,0,-3.331588733475315,-3.785029584807002,1.757827875836945,0.010979688193750432
40.731,1,2.363645592902784,1.3024515385624043,1.5230320725088877,0.5330440997044349
40.741,0,-3.3315040713661306,-3.7850709022368014,1.7577698965930433,0.011122174778678074
40.741,1,2.368449310951938,1.3045408197752646,1.524035337026243,0.5336236583133757
40.751,0,-3.331417696083452,-3.7851113225005344,1.7577115327622077,0.011223311232684897
40.751,1,2.373263170091332,1.3066202621656264,1.5250420454719686,0.5342303911439372
40.761,0,-3.3313297804812674,-3.7851507231161454,1.7576531829691202,0.0112919061647854
40.761,1,2.3780874236218175,1.308690395044523,1.5260511939035206,0.5348648643528657
40.771,0,-3.3312405042427384,-3.7851889989529663,1.75759511186896,0.01133422959879495
40.771,1,2.3829223021170125,1.3107517284233727,1.5270619372179803,0.5355268384576835
40.781,1,2.3877680170619326,1.312804747333083,1.5280740657257277,0.536240280249245
40.781,0,-3.33115005232279,-3.785226064567602,1.7575372034063943,0.011393586437413348
40.791,0,-3.3310586128750184,-3.7852618541169565,1.7574783076466263,0.011502718619040717
40.792,1,2.392624777810679,1.3148499084523804,1.5290889961693228,0.5370206782888881
40.801,0,-3.330966371206765,-3.7852963142287086,1.7574174048150446,0.011643998612228444
40.801,1,2.397492786933637,1.3168876462472754,1.5301092096733802,0.5379173168162057
40.809,0,-3.330873505550197,-3.7853293976844933,1.7573538064832122,0.011806603523661521
40.811,1,2.4023722687423077,1.3189183654305678,1.5311398254995323,0.5389446227785071
40.821,0,-3.3307801843156604,-3.7853610591699596,1.7572870534989953,0.011983616100838475
40.821,1,2.407263405102337,1.320942462209153,1.5321846290439753,0.5400635083908214
40.831,0,-3.330686564188583,-3.7853912523756237,1.7572168453904204,0.012170507973677946
40.831,1,2.412166329678525,1.3229603221711812,1.5332458525515629,0.5412453697374956
40.841,0,-3.330592788992926,-3.785419927651378,1.757143374099983,0.012307690379115919
40.841,1,2.4170811622867925,1.3249723073332262,1.534326485177885,0.5425639218842964
40.851,0,-3.3304989921984243,-3.7854470321093503,1.7570678245479194,0.012365887062349706
40.851,1,2.422008043797501,1.3269787490611586,1.5354331473266831,0.5440431545286565
40.861,0,-3.330405305075266,-3.78547251621467,1.7569911811402192,0.012365461226306666
40.861,1,2.4269470171804333,1.3289799815229226,1.5365706748883472,0.5456273706521285
40.871,0,-3.330311863676934,-3.7854963385949296,1.7569141156492443,0.012321261567775703
40.871,1,2.431898044158809,1.330976344294478,1.537744647263535,0.5474317087568427
40.882,0,-3.3302188132947985,-3.785518469045748,1.756837083259095,0.012243678555137237
40.882,1,2.4368610601361675,1.33296817668629,1.5389659639598003,0.5494976316445088
40.891,1,2.4418358224386414,1.3349558415661873,1.5402428708728122,0.5517553779344732
40.892,0,-3.3301263110742036,-3.785538889633892,1.7567607481199805,0.012079835796189863
40.901,0,-3.330034525322563,-3.7855575909086263,1.7566868770735906,0.011791760108380829
40.902,1,2.4468219232443817,1.3369397206526532,1.5415822442175906,0.5542285486622176
40.911,0,-3.3299436276168635,-3.7855745647595946,1.7566169477570186,0.011422087782022318
40.911,1,2.4518188348841097,1.3389202096496122,1.542992177765824,0.5569228122465413
40.921,0,-3.3298537848113483,-3.785589795308474,1.7565519371199707,0.01100236759664165
40.921,1,2.456825857621407,1.3408977218715261,1.544478041618158,0.5597551789892714
40.93,0,-3.329765153367929,-3.7856032522907532,1.7564924753105728,0.01055574856401342
40.93,1,2.4618421327895006,1.3428726816158911,1.5460425000779863,0.5626637319806826
40.941,0,-3.329677875488135,-3.7856148870659867,1.7564389524846213,0.010099399213667044
40.941,1,2.466866658466709,1.34484551612982,1.5476854665493447,0.5655294066365292
40.951,0,-3.329592076536554,-3.7856246309462023,1.756391473869058,0.009659833186062491
40.952,1,2.4718983001348067,1.3468166489803017,1.5494032416385999,0.5682614717613694
40.961,0,-3.3295078643937073,-3.78563239653281,1.7563497478059769,0.009248081968852018
40.961,1,2.476935851733692,1.3487864920890469,1.5511914139026934,0.5708432645487941
40.971000000000004,1,2.481978085875166,1.350755433163104,1.553048110338224,0.5734471207366012
40.972,0,-3.3294253319903864,-3.7856380814057684,1.7563134902376303,0.00886143128822917
40.981,0,-3.3293445597221414,-3.785641572725656,1.7562824805910093,0.008499047088320185
40.981,1,2.487023782545427,1.3527238250147282,1.5549769461775722,0.5761523012773273
40.991,0,-3.329265617333598,-3.785642751180091,1.7562565422434722,0.0081617792575873
40.991,1,2.492071667017666,1.3546919638913155,1.5569803134960751,0.5788853698192713
41.001,0,-3.3291885647160937,-3.7856414951444,1.7562351697692338,0.00787307663182189
41.001,1,2.497120409792985,1.3566600744801902,1.5590582512144537,0.5815422228406121
41.011,0,-3.329113450968215,-3.7856376852166536,1.7562170206094678,0.007632354101020716
41.011,1,2.5021686445292683,1.358628303172486,1.5612083056359864,0.584058661407628
41.021,0,-3.329040314347835,-3.78563120495121,1.7562010068437703,0.007424033241726851
41.021,1,2.5072150063448895,1.3605967240106591,1.5634276453806017,0.5864264192765187
41.032,0,-3.3289691806574133,-3.7856219433206935,1.7561863783460128,0.007241420784354353
41.032,1,2.5122581563523534,1.3625653474496846,1.5657154056681861,0.5888284253789504
41.041,0,-3.3289000621669373,-3.7856097968927624,1.7561726175360692,0.007082380280766429
41.041,1,2.517296787860098,1.3645341274743426,1.5680756093986667,0.591352549293321
41.051,0,-3.3288329572964215,-3.7855946713312107,1.7561593679270802,0.006947069193941525
41.051,1,2.5223296130538513,1.3665029455764848,1.5705108188787078,0.593908462744503
41.061,0,-3.328767848882769,-3.785576485696258,1.7561453666445015,0.006887881694046012
41.062,1,2.527355367994272,1.368471606875665,1.573020763660024,0.5963444146520882
41.071,0,-3.3287047024054544,-3.785555179661326,1.7561269939574207,0.006961453031765876
41.071,1,2.532372817342407,1.3704398439101966,1.5756022344042504,0.5986173335082485
41.081,0,-3.328643473780858,-3.785530708928178,1.7561013661737848,0.007202021645342025
41.082,1,2.5373807411999483,1.3724073314394598,1.5782528591917462,0.6007527843467697
41.091,0,-3.3285841114888264,-3.7855030484171137,1.7560665667879811,0.007628814460398181
41.091,1,2.542377931956866,1.3743736941864098,1.580970250916662,0.6027331909102949
41.101,0,-3.3285265575099787,-3.785472195344134,1.7560213494703996,0.00823384674086024
41.101,1,2.5473631974834747,1.3763385148738998,1.5837511607301065,0.6044753439762663
41.111,0,-3.328470749633659,-3.785438168304175,1.7559656359176663,0.008862360469418296
41.111,1,2.5523353696031275,1.3783013448070331,1.5865910689189548,0.60596781395446
41.121,0,-3.3284166276795037,-3.7854010020920605,1.755902044965718,0.00935034570224807
41.121,1,2.5572933000824425,1.3802617169363236,1.5894863453259505,0.6072441420105789
41.131,0,-3.328364137064182,-3.7853607565044625,1.7558329982896477,0.00972042175634681
41.131,1,2.56223585558213,1.3822191527305654,1.5924352844551648,0.6084929915089423
41.141,0,-3.3283132361734613,-3.7853175165606614,1.7557601876507978,0.010000492594741128
41.141,1,2.5671618920230794,1.3841731612656558,1.5954401925894692,0.6097999898862067
41.151,0,-3.3282639022029765,-3.7852713897332038,1.7556847942554885,0.010213834591338473
41.151,1,2.5720702988365387,1.3861232419918823,1.598502350700043,0.6110847355444213
41.161,0,-3.328216134554508,-3.785222503121061,1.7556076449377858,0.010377735518339485
41.161,1,2.576960003257405,1.3880688856836532,1.601621516893638,0.6122859571986116
41.171,0,-3.3281699569335084,-3.7851709995842113,1.755529720748464,0.010431722740353805
41.171,1,2.5818299752415848,1.3900095773927277,1.604795681315128,0.6132651127830455
41.181,0,-3.3281254171559875,-3.785117033680623,1.7554527909495543,0.010357749507719264
41.181,1,2.5866792449493947,1.391944804173339,1.60802021768233,0.6139486578873485
41.191,0,-3.3280825811138106,-3.785060772351582,1.75537824028224,0.010198526748023896
41.191,1,2.591506870868484,1.3938740543279002,1.6112905897269654,0.6143577477416876
41.201,0,-3.328041528132399,-3.7850023924679226,1.7553070047682584,0.0099845038964345
41.201,1,2.5963119077842625,1.3957968132401977,1.614604384764694,0.6147170705656142
41.211,0,-3.3280023472893134,-3.784942078031351,1.755239709232877,0.009737035780777543
41.211,1,2.6010933642533622,1.397712552145081,1.61796333314644,0.6151236933201744
41.221,0,-3.327965134263262,-3.784880017714565,1.7551767627241357,0.009470990517861292
41.221,1,2.6058502783499122,1.3996207451735148,1.6213683891341912,0.6155038450210778
41.231,0,-3.32792998948357,-3.784816401935246,1.7551188559754687,0.009127227778454953
41.231,1,2.6105817130983153,1.4015208671095285,1.6248197032689136,0.6158667203070975
41.241,0,-3.3278970158937997,-3.7847514170903174,1.7550680238856908,0.008682168572905595
41.241,1,2.615286726901524,1.4034123844560396,1.6283180224903917,0.6162189768815376
41.251,1,2.619964408378857,1.4052947658527504,1.6318631757273938,0.6164973592809693
41.252,0,-3.3278663067103365,-3.7846852390238293,1.755025972183554,0.008215534441935759
41.261,0,-3.3278379366090354,-3.7846180244305847,1.7549938190528178,0.007794436060218651
41.261,1,2.624613892403666,1.4071674881893024,1.635453665349965,0.6166012476388364
41.271,0,-3.327811956629342,-3.7845499046307247,1.7549722753812673,0.007475262249341625
41.271,1,2.6292343888193352,1.4090300492336227,1.639085936621831,0.6164467321702057
41.281,0,-3.327788389636996,-3.7844809828547614,1.7549610583309472,0.007316977004864128
41.281,1,2.633825143909271,1.4108819600717737,1.642756861874816,0.6161366043878066
41.291,0,-3.3277672285873456,-3.7844113390909624,1.754957988679918,0.0072775142963615045
41.291,1,2.638385423256833,1.412722743235849,1.6464650990485923,0.6157267270032569
41.301,0,-3.327748446643246,-3.7843410428441255,1.754961218432971,0.00729808709217519
41.301,1,2.6429145323132834,1.4145519420720263,1.650210703981976,0.6154207854944589
41.311,1,2.6474117645237367,1.4163691011477084,1.653997199432863,0.6153024575830407
41.312,0,-3.3277320027351127,-3.7842701668441223,1.7549694433485732,0.007347279991926581
41.321,0,-3.3277178452530873,-3.784198796652293,1.754981739802257,0.007408206723613356
41.321,1,2.651876519134238,1.4181738065027596,1.6578267733134415,0.6152657568112503
41.331,0,-3.3277059150291297,-3.7841270367402147,1.7549974493606286,0.00747121898555275
41.331,1,2.656308310031647,1.4199656874518949,1.6616996953985068,0.6151924018843126
41.341,0,-3.327696148587348,-3.784055013625404,1.755016567163177,0.007561393125426795
41.341,1,2.660706765326595,1.421744417235997,1.6656142724162724,0.6150020230747675
41.351,0,-3.327688478474137,-3.7839828748524575,1.7550403520714448,0.0077056773133441486
41.351,1,2.665071591565982,1.4235097010687625,1.6695683152704968,0.6146848968367977
41.361,0,-3.3276828240351675,-3.7839107833632597,1.7550698487784058,0.007907077108616867
41.361,1,2.6694025277394293,1.425261257271699,1.6735607367413166,0.6144327619926089
41.371,0,-3.327679085877483,-3.783838910821064,1.755105738449263,0.00816482842297324
41.371,1,2.6736992798386985,1.4269987883363107,1.6775935356060965,0.6143286198334075
41.381,0,-3.3276771432756536,-3.783767432115824,1.7551484544091924,0.008474975839204162
41.382,1,2.677961625568595,1.4287220203567366,1.6816677026407882,0.6142740965863297
41.391,0,-3.3276768527350726,-3.7836965208151536,1.7551979557108166,0.008783119461442376
41.391,1,2.6821894198053755,1.430430704495451,1.68578260623925,0.6141514089328227
41.401,0,-3.327678047221023,-3.7836263424497023,1.7552530632116057,0.00903247989843054
41.401,1,2.6863825696708488,1.4321246094158164,1.6899363911860226,0.6139733521131953
41.411,0,-3.327680539321261,-3.7835570439910957,1.755312701049926,0.009234056160001957
41.411,1,2.6905409476869817,1.4338034915877738,1.6941283407711523,0.6137755772707087
41.421,0,-3.3276841231435927,-3.7834887443042122,1.7553761191611175,0.009399609691507334
41.421,1,2.6946644231470733,1.4354671158835342,1.6983573585790845,0.6135169146830777
41.431,0,-3.327688576172301,-3.7834215279306775,1.7554427901519056,0.009539322728688088
41.431,1,2.698752864067339,1.437115262421476,1.7026216082276757,0.6131271664231385
41.441,0,-3.3276936616097883,-3.783355441705109,1.7555123385640383,0.009661676994074811
41.441,1,2.7028061427360797,1.438747734517792,1.7069182968953978,0.6125555803531473
41.451,0,-3.3276991311827606,-3.7832904936518217,1.7555843616672275,0.00974688197203236
41.451,1,2.7068241083702893,1.4403643514492002,1.7112449193506694,0.6118833863848733
41.462,0,-3.3277047312006762,-3.7832266574614923,1.7556580785332006,0.009778082060534888
41.462,1,2.7108065374707007,1.4419649283784812,1.715601270436132,0.611317762588458
41.471,0,-3.327710215204517,-3.7831638876833584,1.7557328419625304,0.009772382235551744
41.471,1,2.7147531378619565,1.443549276927166,1.7199896424975052,0.6109316212616165
41.481,0,-3.327715355496107,-3.7831021343312248,1.7558082088235167,0.009741591675224443
41.482,1,2.7186636637099135,1.445117254612455,1.7244113059727872,0.6106121755009029
41.491,0,-3.327719951051368,-3.7830413532766802,1.755883875675046,0.009693894698656481
41.491,1,2.722537931762544,1.446668769230576,1.7288660817108834,0.6102729685293558
41.501,0,-3.3277238327603134,-3.78298151307458,1.7559592027248685,0.009544368397738374
41.502,1,2.72637579078044,1.4482037623358017,1.7333533332702544,0.6099543818396655
41.511,0,-3.327726863849548,-3.782922600325437,1.7560321587951058,0.009229605253269145
41.511,1,2.7301770740710514,1.4497221870427541,1.7378733657798093,0.6096842853225558
41.521,0,-3.3277289296370465,-3.782864628808592,1.7561010185562025,0.008806581409089206
41.521,1,2.73394164454516,1.4512240321261378,1.7424257809868493,0.6093880913908689
41.531,0,-3.3277299274276775,-3.7828076454161703,1.7561646287222064,0.00831649603211406
41.531,1,2.7376693920096304,1.4527093242523652,1.7470093377700733,0.6090154212284054
41.541,0,-3.327729759486086,-3.7827517327662075,1.7562222331354984,0.007789044443009723
41.541,1,2.741360223675256,1.4541781261557885,1.7516222166954143,0.6085263787912789
41.551,1,2.745014067339227,1.4556305402344258,1.7562622190474368,0.6078992127644682
41.552,0,-3.3277283282232593,-3.7826970095400716,1.7562733504218855,0.007245604027816083
41.561,0,-3.3277255314270073,-3.7826436308198015,1.7563189919768551,0.006901281216702804
41.561,1,2.74863085336283,1.4570667011796898,1.760927618266129,0.6072451443502482
41.571,0,-3.3277212618694856,-3.7825917859936826,1.756363423306201,0.00682577262310463
41.571,1,2.7522104859629675,1.4584867587390236,1.7656182609473992,0.6066131654023015
41.581,0,-3.327715423451229,-3.7825416831479126,1.7564101442707865,0.0069438172764669185
41.581,1,2.755752922829211,1.4598909004868093,1.7703333962869208,0.6059311349730847
41.591,0,-3.3277079420184275,-3.782493537721787,1.7564615315436036,0.0072186962906714315
41.591,1,2.7592581851658156,1.461279344137648,1.7750715242016586,0.6051562154153013
41.601,0,-3.3276987716611424,-3.782447564375434,1.7565191792487402,0.007625270113964711
41.601,1,2.762726346361369,1.4626523242452245,1.7798307815011751,0.6042774381585129
41.609,0,-3.3276878992277465,-3.782403969000876,1.756583446838508,0.007999621281381663
41.609,1,2.7661575177352664,1.4640100849854034,1.7846094296037536,0.6033183097188852
41.621,0,-3.327675342997224,-3.7823629391223843,1.756652660637637,0.00824686054698857
41.621,1,2.7695518536772203,1.4653528885732092,1.7894058636182906,0.6022705585308923
41.631,0,-3.3276611375237017,-3.7823246397578716,1.7567253438832644,0.008401834152193925
41.631,1,2.772909526609651,1.4666810086725532,1.7942194315626774,0.6013255232480504
41.641,0,-3.327645322247691,-3.7822892070578003,1.756800473090711,0.008493508102786533
41.641,1,2.7762306814605338,1.4679947252407652,1.7990514681698886,0.6005122693606207
41.652,0,-3.32762793387777,-3.782256743750581,1.756877338304784,0.008543831574254493
41.652,1,2.779515507774787,1.4692943812483297,1.8039023188829906,0.5997339452166349
41.661,0,-3.327609001162568,-3.78222731679924,1.7569554461351984,0.008569350052136345
41.661,1,2.7827642026299246,1.4705803903475465,1.8087717472273945,0.5990078515028868
41.671,0,-3.327588542104149,-3.7822009557368874,1.757034090919802,0.008500977271455563
41.671,1,2.785976918846534,1.4718532404762616,1.81365990234638,0.5983237378679633
41.681,0,-3.327566563700897,-3.7821776544413632,1.757111807645203,0.008315054360645315
41.681,1,2.789153778139635,1.4731135344159474,1.818566205968364,0.5976105267701646
41.691,0,-3.327543061734709,-3.7821573831559108,1.7571874518491326,0.008055510265937956
41.691,1,2.7922948451988785,1.474362010808388,1.8234894870233855,0.5968413545419043
41.701,0,-3.3275180226659047,-3.7821400970786274,1.7572602661411603,0.007754146425015702
41.701,1,2.795400104887364,1.4755995547953145,1.828428395813432,0.5959910251780093
41.711,0,-3.3274914256102464,-3.782125742417621,1.7573297590309735,0.007433831913314824
41.711,1,2.7984694742885754,1.4768272120384476,1.8333811862205598,0.5950239038917171
41.721000000000004,1,2.801502812086011,1.478046190437868,1.8383457400813268,0.5939116523549781
41.721000000000004,0,-3.3274632440267884,-3.782114260949951,1.7573956225975504,0.007111557604962653
41.731,0,-3.3274334477967678,-3.782105592463525,1.7574573587728153,0.006731848327315704
41.731,1,2.8044999006267823,1.4792578477278575,1.8433204329691557,0.5927752027850294
41.741,1,2.8074604170980293,1.4804636880022632,1.8483050306477244,0.5916493854723085
41.741,0,-3.3274020071584642,-3.7820996756941128,1.7575137946062673,0.006283676794930866
41.751,0,-3.3273688970349586,-3.7820964520922615,1.7575640199776044,0.005816315440997394
41.752,1,2.810383983884189,1.4816653888497786,1.8532987789582767,0.5904723922470356
41.761,0,-3.3273341020059894,-3.782095866485365,1.7576074470450325,0.005370786001903347
41.761,1,2.8132701567246174,1.4828648067418768,1.8583005035514661,0.5892346478207516
41.771,0,-3.3272976197652233,-3.782097867065888,1.757643710795273,0.004983695015758881
41.771,1,2.8161184181383354,1.4840639703622303,1.8633089568481982,0.5879170342106402
41.781,0,-3.3272594630553773,-3.7821024052630805,1.7576726135026712,0.004689599504393513
41.781,1,2.818928203449036,1.4852650662486133,1.8683226475425279,0.5865147347846373
41.791,1,2.8216988854204335,1.4864704207530621,1.8733407981440044,0.5851642706884668
41.791,0,-3.3272196595809675,-3.782109434085607,1.7576940961232055,0.00451473205027632
41.801,1,2.824429745384009,1.4876824912062456,1.8783640540491453,0.5838994957978779
41.802,0,-3.327178249689613,-3.782118903800384,1.7577081612419827,0.004472847877753821
41.81,0,-3.327135283717466,-3.7821307582097217,1.7577148480003535,0.004564477944498636
41.811,1,2.827120023644116,1.488903855331505,1.8833923372035786,0.5826375162141494
41.821,0,-3.3270908197679576,-3.782144932274276,1.7577142144186044,0.004777107245958256
41.821,1,2.829768895459918,1.4901372058421245,1.888424913703801,0.5813500405155163
41.831,0,-3.3270449218928047,-3.7821613507483307,1.7577063334227732,0.005090134034607064
41.831,1,2.832375449372078,1.4913853412008191,1.8934607276102022,0.5800107401451043
41.841,0,-3.3269976581599066,-3.7821799281842625,1.7576915505487654,0.005460744668309091
41.841,1,2.8349386598758732,1.4926511628331463,1.898499033200927,0.5787022447400335
41.851,0,-3.3269490978502,-3.782200569928082,1.7576708068054312,0.005843592532846801
41.851,1,2.8374573695673546,1.4939376709631393,1.9035398503013625,0.5774355979266835
41.861,0,-3.3268993087336596,-3.782223171560214,1.7576448776490112,0.006222245759924534
41.861,1,2.839930340234764,1.4952479239057204,1.9085828493884684,0.5762034384328333
41.871,1,2.842356246942826,1.4965850235005622,1.9136277692997923,0.5749913401895878
41.871,0,-3.3268483538143503,-3.782247620191622,1.7576143114475615,0.006590986970762161
41.881,0,-3.326796288992723,-3.782273796023506,1.7575794992956473,0.006948557926532831
41.881,1,2.8447337265749475,1.497952070188097,1.9186737324152654,0.5737459085112858
41.891,0,-3.326743160855432,-3.7823015747813513,1.7575414545911836,0.00719855700368868
41.891,1,2.8470614281792375,1.49935211170569,1.923718659114137,0.5722961562847642
41.901,0,-3.3266890055513465,-3.7823308266297717,1.7575028687827674,0.007300744068993796
41.901,1,2.8493380682879987,1.5007880851335995,1.9287585527915623,0.5705691280542317
41.912,0,-3.326633852864532,-3.782361403823972,1.7574658985538132,0.007307598336108641
41.912,1,2.8515623376944474,1.502262872647307,1.933789629173612,0.5686183549504865
41.921,1,2.8537328808156506,1.5037793132033164,1.938808844520685,0.5665461647191581
41.922,0,-3.3265777280269595,-3.7823931333041054,1.7574319978306154,0.007261294583609602
41.931,0,-3.326520652817485,-3.7824258131209434,1.7574021329165246,0.0071926004906874685
41.931,1,2.8558482845492774,1.5053402106773008,1.9438142080773098,0.5644155428214226
41.941,0,-3.3264626464975424,-3.782459211303663,1.7573769322083654,0.007122512390402512
41.941,1,2.857907137813519,1.506948281855975,1.948803753034961,0.5622181516268866
41.951,0,-3.3264037264127286,-3.7824930668518864,1.7573569207815964,0.007056691553093683
41.951,1,2.8599080644567896,1.5086061242961302,1.9537751206046579,0.5598997544283416
41.961,0,-3.3263439073482077,-3.782527095861521,1.757342777381137,0.007009153286383476
41.961,1,2.861849741806393,1.5103161989305263,1.958725432242258,0.5574837997971909
41.971000000000004,0,-3.326283199572802,-3.7825610047927114,1.7573349873401087,0.00699845721821169
41.971000000000004,1,2.8637308382362443,1.5120808925649771,1.963652429283284,0.5550252858484704
41.982,0,-3.326221606776993,-3.782594503265975,1.7573338450343485,0.007036357190315453
41.982,1,2.8655500402631446,1.5139024963161556,1.9685540077229164,0.5525382316026978
41.992,0,-3.326159124827549,-3.782627313581432,1.7573395111394388,0.0071292133307707915
41.992,1,2.8673060515694964,1.5157832096972434,1.9734282779769996,0.5500768358784277
42.001,0,-3.3260957417793686,-3.7826591781372447,1.7573514954937608,0.007248552456792784
42.001,1,2.8689975658920175,1.5177251700326106,1.9782740400848329,0.547715310948917
42.011,0,-3.326031439209121,-3.7826898679095975,1.7573673598505326,0.007336307889447995
42.011,1,2.870623285163287,1.5197304310295463,1.9830905040700677,0.5454699131813056
42.021,0,-3.3259661904564943,-3.782719189539852,1.75738495404844,0.00738675300130688
42.021,1,2.87218195359779,1.52180091635284,1.9878768329182956,0.5433662271140317
42.031,0,-3.325899960852369,-3.7827469916639003,1.7574027914104904,0.0074099565483694615
42.031,1,2.8736723407870985,1.5239384258616986,1.992632467941006,0.5414180768950652
42.042,0,-3.325832708666148,-3.7827731686579984,1.757419843188401,0.007419336702783957
42.042,1,2.8750932847722495,1.5261445839020773,1.9973565437763698,0.5395991834992144
42.051,0,-3.325764386096217,-3.7827976618998562,1.7574354006714326,0.007427066160332078
42.052,1,2.876443691467624,1.5284208373597208,2.0020479713611414,0.5379071932343229
42.061,0,-3.325694940281016,-3.7828204593128816,1.7574488926786085,0.007439001216805528
42.061,1,2.8777225196776692,1.53076847302314,2.0067057432277253,0.5363875871704123
42.071,0,-3.3256243124133453,-3.782841591407948,1.7574596222800116,0.007462802133260238
42.072,1,2.878928751633447,1.5331886589815005,2.0113294599795575,0.5350743384359571
42.081,0,-3.325552431971286,-3.782861120458556,1.7574670595095505,0.007510190107160962
42.082,1,2.8800614674679035,1.5356823916734252,2.0159185312648797,0.5339422363117715
42.091,0,-3.3254792116778624,-3.78287913002752,1.757470861465904,0.007589228763343977
42.091,1,2.881119856961422,1.5382505091196257,2.020472235179249,0.5330081649297889
42.101,0,-3.3254045447971805,-3.7828957169025452,1.7574708159173857,0.007704887060466165
42.101,1,2.8821032041737227,1.5408937257346382,2.0249900602585216,0.532279848710913
42.111,0,-3.325328303511345,-3.782910984335594,1.7574672548241765,0.007852421076963835
42.111,1,2.8830109229528667,1.5436126072033893,2.029471289398131,0.5317351468574567
42.121,0,-3.3252503394201836,-3.7829250383548465,1.7574616604323015,0.008017394238211724
42.121,1,2.88384255472331,1.546407586241252,2.033915045592976,0.5313771558563656
42.131,0,-3.3251704906971287,-3.7829379906603555,1.7574552584185827,0.008196331292185137
42.131,1,2.884597748296215,1.549279001415331,2.0383205213722704,0.5312080293542784
42.141,0,-3.325088587517632,-3.782949959996825,1.7574488904388623,0.008390700737422405
42.141,1,2.885276266256388,1.5522271022124419,2.0426868143890364,0.5312194890047826
42.151,0,-3.325004456233108,-3.7829610724157168,1.757443131844021,0.00860282777413757
42.151,1,2.8858779809208537,1.5552520603058708,2.0470129168919886,0.5314054254043807
42.161,0,-3.3249179228397323,-3.782971460987004,1.7574383733345798,0.008834479373027261
42.161,1,2.886402860107589,1.5583539887261249,2.0512978672824382,0.5317804170274175
42.171,0,-3.3248288170811144,-3.782981265167489,1.7574345713105366,0.009088839318823325
42.171,1,2.8868509479309643,1.5615329622313356,2.055540950428056,0.5323700245328397
42.181,0,-3.324736983798134,-3.7829906278729433,1.7574308611374558,0.009363372991567335
42.181,1,2.887222355477722,1.5647890155650666,2.059741699913202,0.533177604439986
42.191,0,-3.3246423019771054,-3.782999688466852,1.7574265235230995,0.009652352012289873
42.191,1,2.8875172705459424,1.5681221090118513,2.063899640705208,0.5342037146748214
42.201,0,-3.3245447028633497,-3.7830085770130664,1.7574210785743538,0.00994970828251579
42.201,1,2.887735938443742,1.5715321263232689,2.068014397320945,0.5354417861034605
42.211,0,-3.3244441814105627,-3.783017410359909,1.7574142111739552,0.010248668495172721
42.212,1,2.8878786655661908,1.5750188537973393,2.0720855061676713,0.5368758070613291
42.221,0,-3.3243408022069842,-3.7830262895859734,1.7574057200012976,0.010541961269403613
42.221,1,2.8879458119616457,1.578581976909815,2.0761124073355646,0.5384883195997557
42.232,0,-3.32423470104247,-3.78303529850404,1.7573955464351072,0.010820335014119978
42.232,1,2.8879377881523043,1.5822210763588531,2.0800944078256487,0.540253622258492
42.241,0,-3.324126082952284,-3.7830445024168813,1.757383988976932,0.01107335516040808
42.241,1,2.8878550607665194,1.58593561944714,2.0840305224678097,0.5421443501447347
42.251,0,-3.324015219394179,-3.7830539458390824,1.757371363734922,0.011294648204586144
42.251,1,2.8876981276810683,1.5897249971256073,2.087919768449026,0.5441613645398399
42.261,0,-3.3239024428080612,-3.783063650717986,1.7573578983527502,0.01147870604034153
42.261,1,2.887467512323449,1.5935885449798648,2.0917612789414752,0.5463042309994507
42.271,0,-3.3237881397730193,-3.7830736158785805,1.757343758850273,0.011620722536341633
42.271,1,2.8871637679180457,1.597525549707948,2.0955542748474074,0.5485717698760252
42.281,0,-3.323672743891204,-3.7830838173744192,1.7573286817823561,0.011730036942229616
42.281,1,2.886787476829376,1.6015352554840092,2.0992980408796265,0.5509562236626268
42.291,0,-3.3235567248786535,-3.783094210960195,1.7573110765109257,0.01181982305809295
42.291,1,2.8863392518764757,1.605616862064395,2.102991850197628,0.5534507911288826
42.301,0,-3.323440567706791,-3.7831047388404584,1.7572895627986032,0.011891885052249352
42.301,1,2.8858197194629547,1.6097695327914392,2.106635051904825,0.5560544788819018
42.311,0,-3.323324755175977,-3.783115336036966,1.757263226786126,0.011950479020286706
42.311,1,2.885229505291246,1.6139923993582876,2.1102271022928067,0.558766005842505
42.321,0,-3.3232097551996866,-3.783125935139127,1.7572314767428512,0.012000156898139937
42.321,1,2.884569234540091,1.6182845560038315,2.1137674711791474,0.5615692795285505
42.331,0,-3.32309601146535,-3.783136469823134,1.7571939433991304,0.01204522126139434
42.331,1,2.8838395367601306,1.6226450514613802,2.1172555182044897,0.5644560427595794
42.341,0,-3.322983937656838,-3.783146877159279,1.757150833199513,0.012046879382821911
42.341,1,2.8830409835810427,1.627072950760659,2.1206912568934,0.5675157704696485
42.351,0,-3.322873917582634,-3.783157094582692,1.7571038854956618,0.011959789731471387
42.351,1,2.8821740416516,1.6315673835498807,2.1240760148278657,0.5707627272855494
42.361,0,-3.32276630662853,-3.783167047505035,1.7570546565639167,0.011796474146993752
42.361,1,2.8812392090487453,1.6361274060727613,2.1274107024536035,0.5741470478358731
42.371,0,-3.322661435570584,-3.7831766372964215,1.7570042187876245,0.011569834410500045
42.371,1,2.8802370148606884,1.6407520045463564,2.130695868690535,0.5776381444815895
42.382,0,-3.3225596139959475,-3.7831857337380255,1.7569533072786792,0.01129104161859629
42.382,1,2.87916801161067,1.6454401069585038,2.133931864502063,0.5812149880132276
42.391,0,-3.3224611319563944,-3.7831941712614983,1.7569021862611298,0.010998472868666766
42.391,1,2.878032762290083,1.6501906004488787,2.137119100346153,0.5848889578878181
42.401,0,-3.3223662597718167,-3.783201751803625,1.756850159828072,0.010725468026265478
42.401,1,2.8768318098725922,1.655002359909671,2.1402585326533963,0.588665013804063
42.411,0,-3.322275252954638,-3.783208256021493,1.7567965637732004,0.010466907459747328
42.411,1,2.8755657279186075,1.659874183839953,2.1433509652553586,0.5925086193139888
42.421,1,2.874235136089554,1.6648047672763073,2.1463968310279857,0.5963732816775932
42.422,0,-3.322188354404116,-3.7832134555539834,1.7567409540721477,0.010221216614657481
42.431,0,-3.322105795151678,-3.783217122533521,1.7566830388163874,0.00998907262327332
42.431,1,2.872840713740826,1.6697926826260219,2.14939598674663,0.6002233999158966
42.441,0,-3.3220277947199772,-3.783219036666956,1.7566226320261678,0.009772643644505445
42.441,1,2.871383157349635,1.6748364172812655,2.1523482636087965,0.6040522760699689
42.451,0,-3.3219545626295415,-3.783218989902993,1.7565599224673578,0.009521397652780294
42.451,1,2.8698632154241057,1.6799343421989148,2.1552529174830553,0.6077548582294025
42.461,0,-3.321886300748365,-3.7832167914348487,1.756496166929243,0.009188485774534178
42.461,1,2.8682817928427506,1.6850846256556253,2.158107017431467,0.6112582663011368
42.471,0,-3.3218231936113676,-3.7832122816217257,1.756432477527798,0.008799290078368951
42.471,1,2.866639759449677,1.6902854292522151,2.1609080899837716,0.6146205709669053
42.481,0,-3.3217654034077,-3.783205342612331,1.7563696128302748,0.008375251216492543
42.481,1,2.8649379150650756,1.6955349565229185,2.1636545433813428,0.6178805729723328
42.491,1,2.863177020586181,1.7008314391969959,2.166345187720661,0.6210383818308591
42.492,0,-3.321713067917197,-3.7831959041631618,1.756308086360283,0.007934124370337425
42.501,0,-3.321666298663231,-3.7831839465340673,1.756248117249343,0.007516920182517467
42.501,1,2.8613578063653784,1.7061731406960363,2.1689791113510886,0.6241492465076711
42.511,0,-3.3216251763953366,-3.7831695015010403,1.7561893892112435,0.007158361192610441
42.511,1,2.8594808837955945,1.7115584415252154,2.171557065044914,0.6272696924846854
42.521,0,-3.3215897466116946,-3.7831526496037835,1.7561315862513172,0.006856669003669192
42.521,1,2.8575468628065663,1.716985760994518,2.174079791033551,0.6303632102541076
42.531,0,-3.321560013806933,-3.783133517062028,1.7560744976464122,0.006611095997137882
42.531,1,2.855556401698928,1.7224535366761602,2.1765473737751524,0.6334144868317136
42.541,0,-3.321535938068243,-3.7831122720410932,1.756017985293701,0.006420428267667315
42.541,1,2.853510166358349,1.7279602694270737,2.178959936216873,0.636431167828941
42.551,0,-3.3215174341603544,-3.783089120246835,1.7559619608204622,0.006282070653847998
42.551,1,2.8514088415526917,1.7335045211821534,2.181317515189566,0.6393949556176333
42.561,0,-3.3215043719475466,-3.7830643000203197,1.755906279602333,0.006211257881454839
42.561,1,2.849253161939814,1.7390848940900674,2.183619588651707,0.6422988934379674
42.571,0,-3.3214965787807085,-3.7830380712229856,1.7558506061178862,0.0062094518332477
42.571,1,2.847043855935721,1.7447000682499987,2.185865923827212,0.6451628405037626
42.581,0,-3.3214938462951222,-3.7830106935537766,1.7557946888920506,0.006260187752687453
42.581,1,2.8447816544256006,1.7503487846391048,2.18805633135598,0.6479726083519355
42.591,0,-3.3214959360053564,-3.782982407757849,1.7557383762763217,0.0063495157609345515
42.591,1,2.8424673211090346,1.756029812905508,2.19019005846819,0.6507211704091743
42.601,0,-3.3215025843207937,-3.782953422712345,1.7556815855941723,0.006465994273298628
42.602,1,2.840101596022919,1.7617419810516157,2.192266628153594,0.653428393001381
42.611,0,-3.3215135081903733,-3.782923907158807,1.7556244792099884,0.006554621115521557
42.611,1,2.8376851961213805,1.7674841657412148,2.194285772268214,0.6560887283192297
42.621,0,-3.3215284121595237,-3.7828939892250317,1.7555679150844272,0.006576775652441426
42.622,1,2.835218880765592,1.7732552390906198,2.1962462913935203,0.6586610073632895
42.631,0,-3.3215469913764046,-3.782863768197648,1.7555126456423968,0.006556653409222773
42.631,1,2.8327034319792843,1.7790540668871855,2.1981464318734054,0.6611541466783035
42.641,0,-3.32156893729283,-3.782833327052411,1.7554591831387198,0.0065101246633514735
42.641,1,2.8301395849914224,1.784879537046724,2.1999851326291466,0.6635965046678821
42.651,1,2.827528047939956,1.790730533777807,2.201761710982186,0.6659798908864093
42.651,0,-3.3215939429871724,-3.7828027417364094,1.7554078729157938,0.00644716444193276
42.661,0,-3.3216217072709635,-3.782772087816942,1.7553589446716606,0.006373633867737186
42.661,1,2.8248695503371994,1.7966058985830138,2.203475002022667,0.6682967127588528
42.671,0,-3.321651936775535,-3.782741444900911,1.7553121042179751,0.006370516883392871
42.671,1,2.8221647534608056,1.802504478372106,2.205124981880067,0.6706125490226182
42.681,0,-3.3216843482373966,-3.7827108967052316,1.7552659393939378,0.006462092650960049
42.681,1,2.819414217974025,1.8084251398249858,2.20671338911607,0.6729246587905984
42.691,0,-3.3217186765336564,-3.7826805256394818,1.7552192910065612,0.006610022629562553
42.691,1,2.8166185431061406,1.8143666882322613,2.2082410898712395,0.6752056796186957
42.701,0,-3.3217546782198295,-3.7826504075233136,1.7551713749722533,0.006791384754752849
42.701,1,2.813778319453624,1.8203278982173736,2.2097088935655154,0.6774537445878357
42.711,0,-3.3217921331877887,-3.782620607969567,1.7551216666108242,0.006992335398754635
42.711,1,2.810894118597116,1.8263075227271497,2.2111177296728948,0.6796656255472918
42.721000000000004,0,-3.3218308454413967,-3.782591180084901,1.7550698205648356,0.007204456316863311
42.721000000000004,1,2.8079665174041715,1.8323042841714532,2.2124682056551266,0.681813962929151
42.731,0,-3.3218706434650995,-3.78256216329532,1.755015998199933,0.007353613649607393
42.731,1,2.804996166075289,1.838316845863036,2.213759257867043,0.6838465356504975
42.741,0,-3.321911377756127,-3.782533582135045,1.7549613665490786,0.007407384325391329
42.741,1,2.8019837762041644,1.8443438218776322,2.2149883141170914,0.6857624082208135
42.751,0,-3.321952912384809,-3.78250544340774,1.754906907147413,0.007393992434222349
42.751,1,2.7989300201116243,1.850383821212938,2.2161533021888875,0.6875694445841556
42.761,0,-3.321995118473015,-3.782477734509311,1.7548532998953854,0.007333851755000127
42.761,1,2.7958355564313195,1.856435431530935,2.217252124799406,0.6892800714553708
42.771,0,-3.3220378697494217,-3.782450423035382,1.7548010152325457,0.007241419419824641
42.772,1,2.7927009803018747,1.8624972359982699,2.218283664333934,0.6909162050793325
42.781,0,-3.3220810395013602,-3.7824234572651223,1.7547501352401829,0.007168167521972639
42.781,1,2.7895268353550073,1.8685678057742112,2.2192475598179677,0.692485176286286
42.791,0,-3.322124499690795,-3.7823967682836677,1.7547000587295472,0.007135481052116354
42.791,1,2.7863136373555846,1.8746456970283694,2.220143788132799,0.6939922753484051
42.801,0,-3.322168122992882,-3.782370274468085,1.7546502737207033,0.007128188219202171
42.801,1,2.7830618730731156,1.8807294684639844,2.2209728079385527,0.6954433826155358
42.811,0,-3.3222117847223784,-3.782343885604167,1.7546004395120538,0.007136420916713873
42.811,1,2.7797720121501763,1.8868176932731118,2.2217354522410337,0.6968412524614784
42.821,1,2.77644449947517,1.8929089705990363,2.2224332748839952,0.6982024004678138
42.821,0,-3.3222553643055472,-3.7823175062039365,1.7545503331317711,0.007153799738650361
42.831,0,-3.322298746417375,-3.782291038176518,1.7544998133277978,0.007176088173291264
42.831,1,2.7730797156263454,1.899001938886545,2.223069681612058,0.6995340155000256
42.841,0,-3.322341821798832,-3.7822643830517806,1.7544490666006942,0.0071538629566378475
42.841,1,2.7696780698851096,1.9050952597716795,2.2236481744010366,0.7008271819711812
42.851,0,-3.3223844885199703,-3.7822374462591846,1.7543989661416468,0.007067495065122568
42.851,1,2.766239893077247,1.9111876296744013,2.2241750831389284,0.7021267438195581
42.861,0,-3.3224266547614563,-3.782210145634012,1.75435022513453,0.006938544515059158
42.861,1,2.762765400323447,1.9172777704647985,2.2246607917024503,0.7034128078853054
42.871,0,-3.3224682410180164,-3.7821824185580843,1.7543033216447215,0.006782456350411779
42.871,1,2.759254992517737,1.9233643951324482,2.2251132899416914,0.7046407296100407
42.881,0,-3.3225091813479892,-3.782154226342223,1.7542585708319742,0.006610048762537229
42.881,1,2.7557092776094523,1.9294462189343515,2.225538054729819,0.7057778562245289
42.891,0,-3.3225494237689825,-3.782125556569477,1.7542160762785197,0.006444142356409237
42.891,1,2.752129053606593,1.9355219707130273,2.2259385379493875,0.7068037078021476
42.901,0,-3.322588926276198,-3.782096424677008,1.7541756273076274,0.006293561426277283
42.901,1,2.748515257171991,1.9415904035797888,2.226317184080214,0.7077072781456638
42.911,0,-3.322627645751464,-3.7820668755154925,1.7541370261732585,0.006151418568709042
42.911,1,2.744868936086553,1.9476503052784486,2.2266757983865793,0.7084814733993429
42.921,0,-3.3226655281414588,-3.782036983912617,1.7541001289597133,0.006011771350406465
42.922,1,2.741191220014485,1.9537005038543491,2.2270160228851474,0.7091261844562373
42.931,0,-3.3227025020786067,-3.782006853898778,1.754064828925033,0.00586936020991102
42.931,1,2.7374832906009594,1.9597398694998123,2.2273398488610265,0.7096400675487212
42.941,0,-3.3227384751848614,-3.781976616931959,1.7540310449863161,0.005719486386019522
42.941,1,2.733746394788488,1.9657673218147413,2.2276488594000816,0.710020165173003
42.951,1,2.7299818307177994,1.9717818324404506,2.22794424931344,0.7102657982570474
42.952,0,-3.322773333278478,-3.7819464291893334,1.7539981130903057,0.0056426198819309005
42.961,0,-3.3228069447281445,-3.7819164646531225,1.7539639444897979,0.00567566446141332
42.961,1,2.7261909361935865,1.977782425421861,2.2282269732918674,0.7103769927253656
42.971000000000004,0,-3.322839167900843,-3.7818869026342647,1.7539268618473876,0.005794468444181665
42.971000000000004,1,2.7223750912257354,1.9837681789589625,2.2284977455007327,0.7103538970368226
42.981,0,-3.3228698598103836,-3.7818579168361133,1.7538857437539936,0.0059864752855649465
42.981,1,2.718535719880962,1.9897382249791342,2.228757055751187,0.7101964548026343
42.991,0,-3.3228988827860686,-3.781829667557632,1.7538398538202102,0.006242069182164477
42.992,1,2.714674284935348,1.995691746824204,2.2290051648894096,0.709905564906867
43.0,0,-3.322926106828935,-3.7818022976137238,1.7537899415564915,0.0063118237523566555
43.0,1,2.7107922520103878,2.001627966285323,2.2292429091206962,0.7094886837857597
43.01,0,-3.3229514066593193,-3.7817759329281775,1.7537398646509053,0.006067188550908456
43.011,1,2.7068910528336954,2.007546121383406,2.2294729219930853,0.708951012965916
43.022,0,-3.3229746637432735,-3.7817506824475076,1.7536927989440876,0.005600607507371412
43.022,1,2.7029721264494646,2.013445476137052,2.2296981309766783,0.7082909632651944
43.031,0,-3.3229957625093016,-3.7817266410287527,1.7536508946662805,0.00498560474457615
43.031,1,2.699036942141433,2.019325332417507,2.2299206594159338,0.7075062318242646
43.041,0,-3.323014586780858,-3.7817038922288115,1.7536155921345595,0.004280265489081396
43.041,1,2.6950869913819147,2.025185027688917,2.2301419280681793,0.706595753214394
43.051,1,2.691123772306347,2.0310239238684242,2.230363236018836,0.7055616351977281
43.052,0,-3.323031017570183,-3.7816825104842744,1.753587837176799,0.0035341942512636905
43.061,0,-3.3230449328997675,-3.7816625625119586,1.7535679524658052,0.0028401410673343053
43.061,1,2.6871487672444836,2.0368413862787245,2.2305870538225565,0.7044092568279818
43.071,0,-3.3230562126919003,-3.7816441097703386,1.7535553514618032,0.002251493965800514
43.071,1,2.6831634462787632,2.042636791077567,2.230816874541842,0.7031409188998462
43.081,0,-3.323064747382617,-3.78162721521128,1.753549469124466,0.0017983828128965479
43.081,1,2.679169283937224,2.0484095612630338,2.231055440609424,0.701758750112692
43.091,1,2.6751677371371754,2.054159167835861,2.231304988247467,0.7002666529576729
43.091,0,-3.323070447343054,-3.781611948048355,1.7535498825199158,0.0015490073676036797
43.101,0,-3.3230732492989863,-3.7815983864810545,1.7535562693843725,0.0015692153106731553
43.101,1,2.6711602247237036,2.059885136487863,2.2315669843646155,0.6986693188830662
43.111,1,2.667148116946443,2.065587068448429,2.2318409836025643,0.6969633267908356
43.111,0,-3.323073120578874,-3.781586618633091,1.75356819850723,0.0017971028126324863
43.121,0,-3.3230700610951165,-3.7815767406307996,1.75358486501794,0.0021115821205629774
43.121,1,2.6631327291247127,2.0712646765386165,2.2321230104536594,0.6951517432380698
43.131,1,2.659115272847562,2.0769177248477453,2.2324096561978983,0.6932478126720808
43.131,0,-3.323064100832962,-3.7815688526822826,1.7536056124297943,0.0024586522405206667
43.141,0,-3.323055297783056,-3.7815630544292147,1.753629965904386,0.002817384720247375
43.141,1,2.6550968502442034,2.0825460305023036,2.232698490648069,0.6912649165984054
43.151,0,-3.3230437356480795,-3.7815594413155504,1.753657578192247,0.003179553049962651
43.151,1,2.651078456797249,2.088149465638676,2.2329880560579456,0.6892179077112381
43.161,0,-3.3230295212395915,-3.781558101968848,1.7536881905509751,0.003541446095491743
43.161,1,2.6470609815892265,2.093727950827007,2.233278065273235,0.6871199264194949
43.171,0,-3.323012781128981,-3.781559116930619,1.7537218203354752,0.003951638513216349
43.171,1,2.6430452051265245,2.099281463279801,2.2335687150339605,0.684984592822632
43.181,0,-3.3229936567235145,-3.7815625592306867,1.753759242311813,0.0044437747954514835
43.181,1,2.6390317966401184,2.1048100080569894,2.2338616165284684,0.6828255174431824
43.191,0,-3.3229723008020837,-3.7815684931298272,1.7538011241467681,0.004985992371053471
43.191,1,2.6350213229267125,2.110313621995888,2.234158778107706,0.6806504056990708
43.202,0,-3.3229488722725113,-3.7815769747823955,1.753847881312658,0.005557207002021243
43.202,1,2.631014256166555,2.11579238130904,2.234461562509472,0.678464638046835
43.211,0,-3.3229235315615027,-3.781588053222564,1.7538997551048539,0.0061433487002489125
43.211,1,2.6270109811290223,2.1212463866191453,2.234770892219827,0.6762736543766107
43.221,0,-3.322896437104216,-3.781601771117001,1.7539568667276968,0.006734985933238347
43.221,1,2.623011805184079,2.1266757507995604,2.2350875412099778,0.6740817698649287
43.231,0,-3.3228677432557836,-3.7816181644015243,1.754018936631833,0.007250791434130377
43.231,1,2.6190169708076914,2.1320805751842715,2.2354133625158936,0.6719038556631663
43.241,0,-3.322837600332944,-3.7816372589028835,1.7540845468087018,0.007630212715275378
43.241,1,2.6150266736310623,2.137460908378742,2.2357533776334186,0.6697488565814295
43.251,0,-3.322806153805228,-3.7816590691284135,1.7541524369088017,0.007915622225073143
43.252,1,2.6110410844946768,2.1428168185272245,2.2361118335680255,0.6676182070939676
43.261,0,-3.3227735457227197,-3.7816835944903215,1.754221727507846,0.00813618491601507
43.261,1,2.6070603668620738,2.148148384320305,2.236492423238053,0.6655120465962566
43.271,0,-3.322739916012915,-3.7817108163305364,1.7542918004290804,0.008311387406320234
43.271,1,2.6030846827584244,2.1534557044731995,2.236897574218933,0.6634273180257734
43.281,0,-3.3227054034337375,-3.7817406954439527,1.754361826823734,0.00836782173783123
43.281,1,2.599114195683721,2.1587389048478576,2.237327824596868,0.6613491475312169
43.291,0,-3.3226701448034786,-3.7817731712517086,1.7544297940215723,0.008257572252196498
43.291,1,2.5951490714965404,2.163998168306677,2.2377801051714425,0.6592621409093727
43.301,1,2.59118948553853,2.1692336714187155,2.238251352553523,0.6571668189927238
43.302,0,-3.322634268560997,-3.78180817245807,1.7544940265341336,0.008048468552216059
43.311,0,-3.322597889955973,-3.7818456241861287,1.7545534102706668,0.007789837753297842
43.311,1,2.5872356275594504,2.1744455671594305,2.2387396562150697,0.655069684423277
43.321,0,-3.32256110816436,-3.781885452283925,1.7546072189972588,0.007517948974926393
43.321,1,2.583287702414057,2.1796339800599647,2.239244623145344,0.6529743760472879
43.331,0,-3.322524004596733,-3.781927586368965,1.7546549944143621,0.007259844876851877
43.331,1,2.5793459211215097,2.1847990339520824,2.239765920773514,0.6508792882971782
43.341,0,-3.3224866421492454,-3.781971962856271,1.7546969399980017,0.0071063990652066155
43.341,1,2.5754104946860186,2.18994085488825,2.240303052652203,0.6487828219476672
43.351,0,-3.3224490687276953,-3.782018525446261,1.7547350007348492,0.0070961364877199186
43.351,1,2.571481626606938,2.195059569917635,2.2408553048095157,0.6466836003798083
43.361,0,-3.3224113298536206,-3.7820672112925227,1.7547709168869177,0.007168567793623465
43.361,1,2.5675594988418458,2.2001553023152733,2.241421908408224,0.6445822902885364
43.371,0,-3.322373480356804,-3.7821179412568435,1.7548058837724045,0.00728743118471298
43.372,1,2.5636442603140055,2.2052281676672263,2.2420021017762157,0.6424798594195097
43.381,1,2.5597360212471534,2.2102782708384887,2.2425950882629744,0.6403762582393177
43.381,0,-3.322335592088759,-3.782170614595551,1.754840720395838,0.007429986990826444
43.391,0,-3.3222977584155324,-3.7822251069281956,1.7548762580004638,0.007612727641156939
43.391,1,2.555834857271264,2.2153056779525295,2.24320152585976,0.6383032443338931
43.401,0,-3.3222600935428823,-3.782281275600321,1.7549138005957827,0.007840859665856013
43.401,1,2.551940823700174,2.220310377570281,2.2438260888292865,0.6362790379649494
43.411,1,2.5480539535935804,2.2252923698184572,2.244472953265131,0.6343053935365179
43.411,0,-3.322222725164638,-3.782338973184113,1.7549543421268086,0.008099436729719625
43.42,0,-3.322185786715401,-3.782398061668091,1.7549985381327076,0.00838013059338001
43.42,1,2.544174267677822,2.2302516671074963,2.245146090732139,0.6323823909503018
43.431,0,-3.3221494114269654,-3.7824584225305027,1.755046809773063,0.008677832757089497
43.431,1,2.540301771747784,2.2351883179201977,2.245848109935187,0.6305024243073466
43.441,1,2.5364364576232803,2.2401024064103523,2.2465803011258405,0.6286568417787777
43.441,0,-3.322113727889351,-3.7825199632264206,1.7550994138762879,0.008989118524963558
43.451,0,-3.3220788562502466,-3.782582619969668,1.7551557649554292,0.00920039050565511
43.451,1,2.5325783058935465,2.2449940523890684,2.247342698043396,0.6268353104881697
43.461,0,-3.322044906096843,-3.7826463573373412,1.7552134519090852,0.009258524475897504
43.461,1,2.5287272848038436,2.249863409079887,2.2481344141692183,0.6250334740400145
43.472,0,-3.3220119798951897,-3.7827111687890995,1.7552704839298374,0.00921229277883141
43.472,1,2.524883341191946,2.2547106484457653,2.2489543992418444,0.6232521574678488
43.481,0,-3.321980175256357,-3.782777073838757,1.7553254914131282,0.009100858605153887
43.481,1,2.521046393181029,2.2595359465181306,2.2498020085345942,0.6215061967471109
43.491,0,-3.321949586148645,-3.7828441147908647,1.755377532836312,0.008953827606173963
43.491,1,2.5172163265970986,2.2643394623087665,2.250677943755034,0.619808110198887
43.501,1,2.5133929816977085,2.269121362991844,2.2515825059072556,0.6181496394881989
43.502,0,-3.321920304133836,-3.7829123540065495,1.7554263169782487,0.008844091465047832
43.511,0,-3.3218924219679367,-3.7829818708413923,1.7554729479239946,0.008816151275768541
43.511,1,2.509576151832172,2.273881822682329,2.252515354559691,0.6165309377229872
43.521,0,-3.3218660380645075,-3.783052753350307,1.7555184642387802,0.008843775211406096
43.521,1,2.505765594248969,2.278621004411371,2.2534763611645157,0.6149547186298739
43.531,0,-3.321841261734652,-3.783125091704592,1.7555635667898644,0.008910323050707231
43.531,1,2.501961037165046,2.2833390677070615,2.2544651740299058,0.6134167967190871
43.541,0,-3.321818216593627,-3.7831989735208453,1.7556087197224757,0.00900488196090981
43.541,1,2.498162187610857,2.2880361719152065,2.255481029197674,0.6119094481297622
43.551,0,-3.3217970420601426,-3.7832744804475067,1.7556542243651307,0.009120261064816629
43.551,1,2.4943687403158417,2.2927124768043927,2.2565228395644077,0.6104298013498907
43.561,1,2.490580385168898,2.297368154264366,2.2575888268655215,0.6089501689931116
43.562,0,-3.321777891355632,-3.7833516838178793,1.7556992911340485,0.00913452582680614
43.571,0,-3.3217609264723644,-3.7834306374949773,1.7557407133273666,0.0090180226902057
43.571,1,2.4867968111159797,2.3020034051596223,2.2586756178779757,0.6074567509349693
43.581,1,2.483017708407146,2.3066184190406838,2.25978067129906,0.6059762590834601
43.582,0,-3.321746320523055,-3.783511374980984,1.7557758920693418,0.008856701828910206
43.591,0,-3.321734254901604,-3.7835939032806136,1.7558030924342676,0.008719233748735922
43.591,1,2.4792427659624754,2.3112133554091607,2.2609033172857766,0.6045289605929688
43.601,0,-3.3217249156592183,-3.7836781986887402,1.7558211728774076,0.008655587351440196
43.601,1,2.475471664509238,2.315788368569139,2.262043079051623,0.6031113792366486
43.609,0,-3.3217184922381273,-3.783764205948077,1.7558299768503185,0.008704934160951321
43.609,1,2.4717040736992684,2.3203436090080336,2.263199454845824,0.6017275932398578
43.621,0,-3.321715179692599,-3.7838518399263754,1.7558310029623623,0.008837885087198372
43.621,1,2.46793965710826,2.3248792218976986,2.264372254829323,0.6003797803835503
43.631,0,-3.3217151768111974,-3.7839409847898775,1.7558255749291367,0.009015822230065399
43.631,1,2.4641780866092255,2.3293953688804074,2.265561132468982,0.5990642836240248
43.641,0,-3.32171868829899,-3.7840314970839692,1.7558146425596244,0.009217687035263407
43.641,1,2.4604190559896737,2.3338922340395163,2.2667659930561554,0.5977990622533645
43.651,1,2.4566622884875344,2.3383700198758137,2.2679877306523895,0.5965924118005521
43.652,0,-3.3217259262819776,-3.784123209650661,1.7557988918832288,0.009432467956251876
43.661,0,-3.321737110558155,-3.784215935503548,1.7557788241576393,0.009654697338810693
43.662,1,2.4529075406323835,2.34282897177803,2.2692268421630315,0.5954336714686856
43.671,0,-3.321752467985849,-3.784309471537269,1.755754827129941,0.009880892331753316
43.671,1,2.449154603355677,2.3472693768150963,2.2704834914955803,0.5943248497923121
43.681,0,-3.321772229343864,-3.784403601460869,1.755727302919892,0.010107250192841956
43.681,1,2.4454033003292945,2.351691548026246,2.271758228039999,0.5932711922694456
43.691,0,-3.3217966174692037,-3.7844980964856463,1.7556965910986781,0.010334370490085069
43.691,1,2.441653484296072,2.356095821286391,2.2730512891446093,0.5922610183198288
43.702,0,-3.3218258341899847,-3.7845927157239942,1.7556629359582396,0.010563260814669963
43.702,1,2.4379050327399883,2.3604825415218595,2.2743624751775786,0.5912849816982393
43.711,0,-3.3218600513075347,-3.784687207346631,1.7556265141714194,0.010794708022740001
43.711,1,2.434157845817661,2.3648520470783234,2.2756912663039315,0.5903324726886713
43.721000000000004,0,-3.3218994048556336,-3.784781310194712,1.7555874558908489,0.011029014986380543
43.721000000000004,1,2.4304118459253203,2.3692046612249102,2.2770367591258074,0.5893930378487008
43.731,0,-3.3219439947065164,-3.7848747552466713,1.7555463987656335,0.011217222375447733
43.731,1,2.4266669777141474,2.373540695053997,2.27839728473874,0.5884262593630443
43.741,0,-3.32199388511973,-3.784967265464049,1.7555052507697322,0.01133848494917292
43.741,1,2.4229232059699886,2.377860455494399,2.2797699116783057,0.5874320280452943
43.751,0,-3.3220490898215456,-3.7850585554238596,1.755465551017645,0.011416888123458042
43.752,1,2.4191804990212886,2.3821642220915487,2.28115297836806,0.5864330868694344
43.761,0,-3.3221095669778182,-3.7851483310289677,1.7554283394540107,0.011470171238033487
43.761,1,2.415438819537254,2.3864522669773707,2.2825451992887174,0.5854312526505098
43.771,1,2.411698118047452,2.3907248632712257,2.283945371086864,0.584428433586783
43.771,0,-3.3221752188146523,-3.78523629008342,1.7553943102997442,0.011509811553197496
43.781,0,-3.322245888703193,-3.785322125900349,1.7553629640908526,0.01160160126750535
43.781,1,2.4079583277984553,2.3949822829658465,2.2853529181630603,0.5834599372008016
43.792,0,-3.3223213616168352,-3.7854055359076466,1.7553313518631903,0.01176216019518778
43.792,1,2.4042193642589984,2.399224797798575,2.286768711932383,0.5825426777815765
43.801,0,-3.322401392498597,-3.7854862255095276,1.7552970437658149,0.011969119190299323
43.801,1,2.400481141567739,2.40345271042238,2.288193327155267,0.5816659982153696
43.811,0,-3.322485719402283,-3.7855639154983307,1.7552583986302726,0.01221485331493438
43.811,1,2.3967435843567744,2.40766635969096,2.2896271808494766,0.5808402297029327
43.821,0,-3.3225740714659313,-3.78563834819372,1.7552143198393189,0.012496164729471152
43.821,1,2.3930066339018654,2.4118661173023472,2.2910711477912704,0.5800689806416048
43.831,0,-3.3226661753148443,-3.785709291604162,1.7551640868200804,0.012810780509620704
43.831,1,2.3892702537041073,2.416052398332808,2.29252569328894,0.5793405442422357
43.841,0,-3.3227617615273894,-3.785776540465938,1.7551076591451025,0.013100539243327495
43.841,1,2.3855344332033463,2.4202256645852716,2.2939902691892256,0.5786164065056922
43.851,0,-3.3228605727318787,-3.7858399131858174,1.7550471508718435,0.01327999042968317
43.851,1,2.3817991905853932,2.424386419862734,2.2954631343917717,0.5778864186027771
43.861,0,-3.322962355775077,-3.7858992663368998,1.75498466408601,0.013373947990802776
43.861,1,2.3780645709029713,2.4285351904710493,2.2969427162339833,0.5771563012373406
43.871,0,-3.3230668594763753,-3.785954503407855,1.7549216424155794,0.01340691713791767
43.871,1,2.374330648466958,2.432672517191863,2.298427597073858,0.5764244979022431
43.881,0,-3.323173835672271,-3.7860055772389356,1.7548590704722815,0.013398604607303105
43.881,1,2.3705975284389798,2.4367989504091443,2.299916363474147,0.5756916834572755
43.891,0,-3.3232830403028877,-3.7860524896463206,1.754797764222631,0.013345421510014865
43.891,1,2.3668653440649106,2.4409150452691923,2.301408201325849,0.5749890945863303
43.901,0,-3.3233942306965467,-3.7860952884952956,1.7547388214545063,0.013245484832978188
43.901,1,2.3631342500366155,2.4450213522713176,2.302903827257601,0.5743390505345848
43.911,0,-3.323507152265664,-3.7861340671372368,1.7546830980193864,0.013117180713099339
43.911,1,2.359404416312344,2.449118414245741,2.304404073414778,0.5737429456866638
43.921,0,-3.3236215273537875,-3.7861689608049565,1.7546311574444413,0.012971556704322847
43.921,1,2.3556760169476822,2.453206753824848,2.3059099742098565,0.5731965008974937
43.931,0,-3.3237370488877733,-3.786200141918777,1.7545833618973499,0.012814051717699558
43.931,1,2.351949221531142,2.4572868694833807,2.307422107897038,0.5726847833732961
43.941,0,-3.3238533774390056,-3.7862278153330613,1.7545399325941293,0.012646339216861919
43.941,1,2.3482241882858235,2.461359228754782,2.3089406753907467,0.5722005945744101
43.951,1,2.3445010602062433,2.4654242647805877,2.310465322876562,0.5717068850251896
43.952,0,-3.323970141151384,-3.7862522143958004,1.7545006953137325,0.012489054239696252
43.961,1,2.340779964401573,2.469482381703422,2.3119939388994197,0.5711712892896956
43.961,0,-3.324086943943985,-3.7862735954413584,1.754464698606756,0.012342770099860734
43.971000000000004,0,-3.3242033852835204,-3.786292225493591,1.754431140147167,0.012192225984447767
43.971000000000004,1,2.3370610103892617,2.4735339525435514,2.313524492999089,0.5706072898615073
43.981,0,-3.324319077790115,-3.7863083738834162,1.7543994545195554,0.012029037721994498
43.981,1,2.33334429244958,2.4775793232845422,2.3150554534245145,0.5700248063335993
43.991,1,2.3296298915040694,2.4816188208380052,2.3165855816825167,0.56942951238765
43.991,0,-3.3244336598614836,-3.7863223062255944,1.7543692417396235,0.01184926951325893
44.001,0,-3.3245468038757777,-3.7863342795654598,1.7543404262669744,0.011639318716844427
44.001,1,2.3259178777796436,2.485652758134731,2.31811352330971,0.5688033661307208
44.011,0,-3.3246582187408813,-3.786344540355045,1.7543135159225363,0.011395986535954803
44.011,1,2.322208314607785,2.4896814373966887,2.319636991474142,0.5681320005560743
44.021,0,-3.3247676478241157,-3.7863533278104966,1.7542889371115808,0.011127489803800341
44.021,1,2.3185012594462093,2.4937051514659063,2.3211539874347515,0.5674308217142936
44.031,0,-3.3248748651574953,-3.7863608761230183,1.7542669656490706,0.01084007668514234
44.031,1,2.314796766900341,2.497724184874869,2.3226629889031383,0.5667106766407306
44.041,0,-3.324979672008208,-3.786367415614065,1.7542477732089095,0.010538580070848442
44.041,1,2.311094892606427,2.5017388123990454,2.3241628414783926,0.5659812475384126
44.051,0,-3.3250818939534095,-3.7863731732840935,1.75423145797812,0.010226819757225674
44.051,1,2.307395696449033,2.505749296970181,2.325652787201544,0.5652501575172575
44.061,0,-3.325181379840732,-3.786378373071519,1.7542175233722352,0.009925196954470937
44.061,1,2.3036992435997963,2.509755890992706,2.3271322914009867,0.5645228145923037
44.071,0,-3.3252780023617365,-3.7863832342563652,1.7542041357503455,0.009638683050988724
44.071,1,2.3000056047193373,2.5137588365947003,2.328601193616061,0.563811121787805
44.081,0,-3.3253716529922195,-3.786387966543788,1.7541898007821042,0.0093629656812521
44.081,1,2.2963148561318145,2.5177583637760015,2.330059719701938,0.5631172414113915
44.091,0,-3.3254622408827226,-3.786392766777475,1.7541735042021465,0.009099896496505418
44.091,1,2.2926270787201535,2.5217546908141264,2.331507958833967,0.56243432165543
44.101,0,-3.3255496923609944,-3.7863978168206325,1.7541545632117148,0.008853295605471203
44.101,1,2.288942357083849,2.525748023720158,2.3329459350344615,0.5617645657069636
44.111,0,-3.325633949979052,-3.786403282202731,1.7541325594135566,0.008624718180851438
44.111,1,2.2852607785520003,2.5297385568323705,2.3343742527815845,0.5611359214373935
44.121,0,-3.325714968599319,-3.786409311021917,1.7541073530597342,0.008413667447356471
44.121,1,2.2815824314348028,2.5337264787375386,2.3357947566187107,0.5605630992525562
44.131,0,-3.3257927065640103,-3.7864160324156555,1.7540789019057779,0.008221154174985798
44.131,1,2.2779074063938847,2.537711976952795,2.337208866833407,0.5600258505035354
44.141,0,-3.325867116996978,-3.786423555579814,1.7540472024727987,0.008047351515536977
44.141,1,2.274235798243575,2.54169524096704,2.338617496479369,0.5595176962758642
44.151,0,-3.3259381419066765,-3.786431969601703,1.7540122776724125,0.00789195593291357
44.151,1,2.2705677066087873,2.5456764647054118,2.340021385807972,0.5590318856397406
44.161,0,-3.326005708641375,-3.7864413439056297,1.7539741682542167,0.0077544730090676394
44.161,1,2.2669032344650084,2.5496558496031407,2.341420919960589,0.5585600692963624
44.171,0,-3.3260697279831164,-3.786451729233413,1.7539330272537301,0.007620845590982136
44.171,1,2.263242486900291,2.5536336046604515,2.3428158561660375,0.5580760191620178
44.181,1,2.259585566586728,2.5576099446214737,2.3442049528623023,0.5575691171114324
44.181,0,-3.326130097245012,-3.7864631586246973,1.7538892529868197,0.0074827865043657175
44.191,0,-3.326186712312351,-3.7864756475194588,1.7538431725263752,0.007345240139833071
44.191,1,2.2559325629853113,2.5615850926394015,2.3455870642481518,0.5570479864272867
44.201,0,-3.32623947804778,-3.786489194430436,1.7537950156168898,0.007213540320482943
44.202,1,2.2522835439094964,2.565559279018733,2.34696139386038,0.5565276875429523
44.212,0,-3.3262883153963503,-3.786503782056618,1.7537449446612448,0.0070927338130164835
44.212,1,2.2486385499399244,2.5695327396393672,2.3483276259029298,0.5560171722090558
44.221,0,-3.326333166018394,-3.786519378637594,1.7536930755096376,0.006987397638807862
44.221,1,2.2449975890577107,2.5735057150358305,2.3496854698897063,0.5555179295900338
44.231,0,-3.326373993031223,-3.7865359398069844,1.7536399370454618,0.006816269850394039
44.231,1,2.241360634759977,2.5774784515672176,2.351035321842612,0.5550793267025628
44.241,0,-3.326410776149487,-3.7865534091180644,1.7535871010679889,0.00653965050449778
44.241,1,2.2377276321655115,2.581451205844481,2.352380142230612,0.554744850112196
44.251,0,-3.326443508212614,-3.7865717141181072,1.753535832095483,0.006191123812791444
44.251,1,2.234098513143464,2.5854242330083763,2.3537227356414636,0.5544897097997169
44.261,1,2.2304732113053314,2.5893977844216227,2.355064893108719,0.5542906098519423
44.261,0,-3.326472187016503,-3.7865907643068666,1.753486981229264,0.005796585961516212
44.271,0,-3.326496808678534,-3.7866104507544818,1.7534411114683663,0.005375414643549933
44.271,1,2.226851673644866,2.593372108629608,2.3564077577773768,0.5541376205358955
44.281,1,2.2232338681615573,2.5973474497505173,2.357751685210474,0.5539886789769951
44.281,0,-3.32651736287572,-3.7866306468868944,1.753398719963509,0.004915469485067449
44.291,0,-3.326533833470512,-3.7866512120289246,1.753360485327575,0.004419236121776772
44.291,1,2.219619784873867,2.6013240457456357,2.35909528397354,0.5538193186727739
44.301,0,-3.3265462093307523,-3.786671998603351,1.7533268993124316,0.003912953799321191
44.301,1,2.216009431964672,2.6053021429396535,2.360437333723785,0.5536466536234447
44.311,0,-3.3265544931733926,-3.7866928591630593,1.7532982634366627,0.003421694595990497
44.311,1,2.2124028304818992,2.6092820025744987,2.3617772645723343,0.5534803565065207
44.321,0,-3.3265587071747675,-3.786713651668005,1.7532747477774762,0.002973046753538732
44.321,1,2.208800007797194,2.6132639014943133,2.363114578488379,0.5533206198588856
44.331,0,-3.3265588962730193,-3.7867342432764164,1.7532564317387227,0.0026007157423145136
44.331,1,2.2052009929885115,2.6172481325565458,2.3644488666898402,0.5531750639625127
44.341,0,-3.3265551323524996,-3.7867545131889604,1.753242654042076,0.002433001076717056
44.341,1,2.2016058136640777,2.621235004683958,2.3657799618550492,0.5530456327052479
44.351,0,-3.3265475195184226,-3.786774354867658,1.7532304280178437,0.0024980688451241946
44.352,1,2.198014492159653,2.6252248399091824,2.3671074807075594,0.5529281237569494
44.361,1,2.1944270427124875,2.62921796930647,2.3684309463266686,0.5528231354532315
44.361,0,-3.32653617895098,-3.7867936753371048,1.7532171643124264,0.002712584313274206
44.371,0,-3.3265212427214776,-3.7868123942755214,1.7532011188160839,0.0030403395115845117
44.371,1,2.190843470764732,2.6332147270071187,2.369750066445901,0.5527420409679266
44.381,0,-3.326502851182068,-3.7868304433019206,1.7531811311076038,0.003456458079897952
44.381,1,2.187263772317627,2.6372154452434904,2.3710649205293417,0.552687400250163
44.391,0,-3.326481149070425,-3.786847764942791,1.7531569443885686,0.0038482328471110537
44.391,1,2.1836879317505047,2.641220449762967,2.3723757561198098,0.5526743818144351
44.401,0,-3.3264562825457156,-3.7868643127907142,1.7531302678856393,0.004118383423589489
44.401,1,2.1801159190376502,2.64523006297153,2.3736837795692827,0.5527209148665574
44.41,0,-3.3264284126915618,-3.7868800577992783,1.7531026958338791,0.004302365593617605
44.411,1,2.176547682468328,2.649244593372362,2.37499020685843,0.5528177008257205
44.421,0,-3.3263977226365453,-3.786894993093236,1.7530753204366125,0.004429444396138239
44.421,1,2.1729831415480785,2.653264331433779,2.376295758638001,0.5529540694448752
44.431,0,-3.3263644201859113,-3.786909136323917,1.7530488857612938,0.004519982143783045
44.431,1,2.169422183805034,2.657289550520099,2.3776008835120974,0.5531306512632214
44.441,0,-3.3263287385446034,-3.786922530425867,1.7530238945776198,0.004586684495110015
44.441,1,2.165864663868558,2.661320509115285,2.378906107404527,0.5533469610925128
44.451,0,-3.326290935538161,-3.7869352431527017,1.7530007312972016,0.004630313293024841
44.451,1,2.1623104031063876,2.6653574443711276,2.3802112484104074,0.5535706592312661
44.461,0,-3.3262512910822215,-3.786947364659613,1.7529798281775906,0.004651812909923628
44.461,1,2.158759194101864,2.6694005657563573,2.381514829609087,0.5537869474626932
44.471,0,-3.3262101031272215,-3.786959002360059,1.752961508480998,0.004658396417237717
44.471,1,2.1552108101979406,2.673450069398039,2.382815643889425,0.5540138068390383
44.481,0,-3.3261676827585265,-3.7869702754177768,1.7529459794847781,0.004653835348333987
44.481,1,2.151665014068708,2.6775061417958086,2.3841131688313006,0.5542601051181273
44.491,0,-3.3261243496311352,-3.786981310174089,1.7529333672411755,0.004639864349402114
44.491,1,2.1481215633049953,2.68156895492123,2.385406947431564,0.5545239932581797
44.501,0,-3.3260804277288303,-3.786992236495398,1.7529238163919356,0.0046137080934581355
44.501,1,2.1445802142618784,2.685638671743257,2.3866970886547003,0.5548419327079445
44.511,0,-3.3260362394282774,-3.7870031869015843,1.7529176769240993,0.004578912702385527
44.511,1,2.141040722704505,2.689715461365414,2.387985665206464,0.5552401736305899
44.522,0,-3.3259920955428197,-3.787014300468797,1.752915225561397,0.004545423866549908
44.522,1,2.1375028468293795,2.6937994739628697,2.389274395960811,0.555695792640914
44.531,0,-3.325948285935655,-3.787025726743247,1.7529166261722768,0.0045213287394166145
44.531,1,2.133966348004818,2.6978908375416415,2.390564437931933,0.5562025651420905
44.541,0,-3.3259050730252193,-3.7870376278231053,1.7529219640914309,0.004513350261476246
44.541,1,2.1304309902707086,2.7019896625205755,2.3918568587233926,0.5567529484255711
44.551,0,-3.3258626876940527,-3.787050178992803,1.752931271266617,0.004527187713849179
44.551,1,2.126896540063662,2.7060960389195134,2.393152263095588,0.5573339506733973
44.561,0,-3.325821325819655,-3.787063566600795,1.7529432750977787,0.004475721061588539
44.561,1,2.123362766648583,2.7102100349998306,2.3944506904344105,0.5579264606761893
44.572,0,-3.325781147183044,-3.7870779745610306,1.752953645856775,0.004317380609485108
44.572,1,2.1198294422656576,2.71433169584937,2.3957515208889815,0.5585202560163096
44.581,0,-3.3257422852400826,-3.7870935605174263,1.7529588857187368,0.004156479188038164
44.581,1,2.116296337649677,2.71846105260539,2.3970540761154386,0.5591156364559037
44.591,0,-3.3257048540255107,-3.78711043315139,1.7529566430207189,0.004115362991806905
44.591,1,2.1127632203638016,2.7225981235248944,2.398357685868406,0.5597113335105574
44.601,0,-3.3256689527606405,-3.7871286373649653,1.7529453569034856,0.004286556946871464
44.601,1,2.109229856888881,2.7267429097418554,2.39966151027068,0.5602963563166097
44.609,0,-3.3256346703163753,-3.7871481473244395,1.7529247178306084,0.004605305708845256
44.609,1,2.1056960236328606,2.730895397065584,2.4009643242085157,0.560866378372361
44.621,0,-3.3256020862245377,-3.7871688701154516,1.7528964773041447,0.004933760009690551
44.621,1,2.1021615280854316,2.7350555801677885,2.4022650716000515,0.5614259433422002
44.632,0,-3.3255712604065106,-3.7871906578193864,1.7528621733459742,0.005236058034786549
44.632,1,2.0986262317501447,2.7392234774169206,2.4035628782066807,0.5619759684657678
44.641,0,-3.325542226510169,-3.787213323316791,1.752822879705119,0.005506046834743053
44.641,1,2.095090069248082,2.743399140459901,2.404856920746337,0.5625155545277435
44.651,0,-3.325514988510144,-3.7872366536772297,1.7527793501218685,0.0057476726269870895
44.651,1,2.0915530666412145,2.7475826702732147,2.4061464630618894,0.563044999781259
44.662,0,-3.3254895193462986,-3.7872604209789618,1.752732115198332,0.005967060097979227
44.662,1,2.0880153567883433,2.7517742240453944,2.407430486810024,0.5635428860272246
44.671,0,-3.325465761575483,-3.7872843909708505,1.7526817806022814,0.006118660055678566
44.671,1,2.0844772016725477,2.7559740187682453,2.408706873065258,0.5639822577921164
44.681,0,-3.325443631022466,-3.7873083302021286,1.7526296201946905,0.0061647690206527335
44.681,1,2.080939022328193,2.760182363557029,2.4099728020849787,0.5643592914817268
44.691,0,-3.3254230217373006,-3.7873320124843723,1.7525766893117167,0.006136362163197928
44.691,1,2.07740141167822,2.7643996972451017,2.4112260308513083,0.564693056999865
44.701,0,-3.325403812669847,-3.7873552244507174,1.7525236974179002,0.006056561511701694
44.701,1,2.0738651385372937,2.768626594558856,2.4124647546593225,0.5649845093291376
44.711,0,-3.325385873460698,-3.7873777694784363,1.7524711140198197,0.005942247617264424
44.711,1,2.0703311525935035,2.7728637635995916,2.4136871068617065,0.5652388797384351
44.721000000000004,0,-3.325369069058672,-3.7873994702166773,1.7524192437176342,0.005805473455496106
44.721000000000004,1,2.066800595893614,2.7771120628340533,2.4148917086958783,0.5654688516913585
44.731,0,-3.325353264064467,-3.787420169204882,1.7523689242508207,0.005514950851562316
44.731,1,2.0632748080886607,2.781372504719431,2.4160777486172345,0.5656902942464633
44.741,0,-3.3253383285450044,-3.787439725353016,1.7523224655806,0.005022305831963649
44.741,1,2.0597553144855207,2.7856462497082917,2.417245038557789,0.5659121493064835
44.751,0,-3.3253241444027433,-3.787458008341912,1.7522816951471818,0.004399968599124807
44.751,1,2.056243793586199,2.789934582354021,2.4183934887140817,0.566135748851671
44.761,1,2.0527420382982964,2.7942388773820506,2.419522461276437,0.5663389234210038
44.761,0,-3.3253106125311667,-3.7874748920182224,1.7522478121361316,0.0037033662851622684
44.771,1,2.0492519370978473,2.798560576553285,2.4206303977429986,0.5665218345753288
44.771,0,-3.3252976576259674,-3.7874902495928633,1.752221580676825,0.0029802198212170476
44.781,0,-3.325285230618943,-3.7875039503649637,1.752203587751082,0.0022667940518761986
44.781,1,2.045775495753981,2.80290121487808,2.421716055529272,0.5666945579813415
44.791,0,-3.3252733049589818,-3.7875158569533265,1.7521945078943746,0.0016838129681792744
44.791,1,2.042314850721558,2.807262414444536,2.4227784244260957,0.5668645953234416
44.801,0,-3.3252618639342164,-3.7875258233117606,1.7521947861021518,0.0015127084669513166
44.801,1,2.0388722803894406,2.8116458741124872,2.4238168939331244,0.5670430843295255
44.81,0,-3.3252508889071577,-3.787533693211188,1.7522046623049063,0.0019129154027627251
44.81,1,2.0354502039650635,2.8160533517425255,2.424831316038381,0.5672354761070604
44.821,0,-3.3252403511381052,-3.7875392997953257,1.7522242209427223,0.0026451084452346
44.821,1,2.0320511603695848,2.820486630802741,2.4258216435583106,0.5674420006351933
44.831,0,-3.325230206517416,-3.7875424660830994,1.7522534356903001,0.0035051122278178816
44.831,1,2.028677779925111,2.8249474874268086,2.426787690573343,0.5676557469740967
44.841,0,-3.3252203924673083,-3.7875430075975824,1.752291774334522,0.004298352004242421
44.841,1,2.0253327705835824,2.829437674834209,2.427729317979227,0.567893798661505
44.852,0,-3.3252108279624597,-3.7875407428715837,1.7523371662255567,0.004905262439198848
44.852,1,2.0220189530381667,2.833958960415192,2.428647899904422,0.5681722639887943
44.861,0,-3.3252014188229624,-3.7875355078767052,1.7523877769306795,0.005379194556872311
44.861,1,2.0187392092755037,2.838513049681632,2.4295446609243707,0.5684776248066802
44.871,0,-3.3251920629616,-3.7875271727710387,1.7524423090213819,0.0057619930068827565
44.871,1,2.0154964541975646,2.8431015519473264,2.4304202853662322,0.5688015845857856
44.881,0,-3.325182654439986,-3.7875156537716164,1.7524998406240178,0.006083244440183203
44.881,1,2.012293629632426,2.847725976318487,2.4312752150437755,0.5691399124695894
44.891,0,-3.3251730866500795,-3.787500919338914,1.7525598468391657,0.006394639465168124
44.891,1,2.00913367561918,2.8523877065138192,2.432109387288128,0.5694750144461872
44.901,0,-3.325163255641816,-3.787482987657491,1.7526223090743667,0.00672008868711094
44.901,1,2.0060194776014137,2.8570879444419464,2.432921467199975,0.5697941230723729
44.911,0,-3.325153064532521,-3.787461915464304,1.7526872403364004,0.007052088632577625
44.911,1,2.0029539131834224,2.8618277348775356,2.433710286177814,0.5701017218363827
44.921,0,-3.3251424270765804,-3.7874377852565138,1.752754610594478,0.007384338382877339
44.921,1,1.9999398542541065,2.866607944271656,2.4344750860180553,0.5703978422975623
44.931,0,-3.325131269932106,-3.7874106951046387,1.752824357415474,0.007712426873152903
44.931,1,1.996980150038849,2.8714292357340185,2.435215402589199,0.5706798242953577
44.941,0,-3.3251195338879964,-3.7873807507956663,1.7528963996872169,0.008033627509807217
44.941,1,1.9940776103089117,2.8762920618704575,2.435930972623942,0.5709443025160218
44.951,0,-3.3251071746417815,-3.787348060714496,1.7529704491318565,0.008302753241080993
44.951,1,1.9912349722122067,2.8811966597360676,2.436621339316264,0.5711780050550839
44.961,0,-3.3250941667923772,-3.787312736404003,1.7530457350842639,0.008502679020309632
44.962,1,1.9884548516853533,2.886143033550706,2.4372852371504172,0.5713717969344061
44.971000000000004,0,-3.3250805128860743,-3.787274898327832,1.7531216218593182,0.008653637639865949
44.971000000000004,1,1.985739790838576,2.891130997915837,2.4379214611617,0.5715271540206946
44.981,0,-3.3250662511654725,-3.787234682864001,1.7531976584520048,0.00876825524008458
44.981,1,1.9830922845389005,2.8961601893196844,2.4385292526410107,0.5716442946793597
44.991,0,-3.3250514597620233,-3.787192246711024,1.7532735220797215,0.008854301336719637
44.991,1,1.9805147712478088,2.9012300566837674,2.4391081683940197,0.5717200596335349
45.001,0,-3.325036258213,-3.7871477692656974,1.753348872579381,0.00889416152860137
45.002,1,1.978009647789799,2.9063398792093142,2.439658303018651,0.571761551821336
45.008,0,-3.325020807744699,-3.7871014537588894,1.753423176928389,0.008881938282049076
45.008,1,1.975579343151515,2.9114888330063877,2.440181216207123,0.5717734588830063
45.021,1,1.9732262079105838,2.9166759477059885,2.4406783724772296,0.5717476671886735
45.022,0,-3.325005311373153,-3.7870535269458876,1.753496011201141,0.008828577104884834
45.031,0,-3.324990012999007,-3.787004238541707,1.7535670737205737,0.008740269841101992
45.031,1,1.9709524863182823,2.9219001206591764,2.4411508353245917,0.5716803407151426
45.041,0,-3.324975195059913,-3.7869538597631793,1.7536361442638395,0.008620306276352109
45.041,1,1.9687603157408633,2.9271601469329385,2.441599358646834,0.5715714151189515
45.051,1,1.9666517334440419,2.932454753702191,2.4420245365030206,0.5714244824635663
45.052,0,-3.324961174814524,-3.786902680914044,1.7537030600935488,0.008470767904736911
45.062,0,-3.324948298858625,-3.7868510085637186,1.7537670859258916,0.008155571611913907
45.062,1,1.96462863797344,2.9377826105659577,2.4424264443007404,0.5712364277944538
45.071,1,1.9626926522375407,2.943142289522882,2.442803208611204,0.5710054781610154
45.071,0,-3.3249369324737357,-3.7867991611606286,1.7538246418126935,0.0075305159704305855
45.081,0,-3.324927451131723,-3.7867474589683714,1.7538723892157924,0.006743142814296741
45.081,1,1.960845296071589,2.9485323490150344,2.443153070856536,0.5707464688205877
45.091,0,-3.3249202311003065,-3.7866962166788043,1.7539081029678643,0.005935457118519095
45.091,1,1.9590880291308643,2.9539513478583665,2.4434749027187253,0.570469998439632
45.101,0,-3.3249156409833334,-3.7866457382934184,1.7539303267392883,0.005260627339364351
45.101,1,1.9574222217030748,2.959397829353381,2.4437678972596713,0.5701847615686024
45.111,0,-3.324914037880661,-3.786596314165432,1.7539389789347406,0.004900350844750084
45.111,1,1.955849143201637,2.9648703151269187,2.4440314261922067,0.5698954834227902
45.121,0,-3.3249157689372413,-3.7865482210658397,1.7539383207309367,0.004766654057421502
45.121,1,1.9543698885063565,2.970367282919685,2.4442642722069654,0.5696065564334752
45.131,0,-3.3249211373022574,-3.786501710099262,1.753932580269349,0.004682352674736834
45.131,1,1.9529854510878069,2.9758872012055364,2.4444654134419563,0.5693264178472204
45.141,0,-3.324930375884195,-3.7864569965431123,1.7539246456254922,0.004597399498015621
45.141,1,1.9516967291942724,2.9814285364255437,2.4446340892834386,0.5690622923757185
45.151,0,-3.324943634538707,-3.786414254775802,1.7539164747081262,0.004514388873343439
45.151,1,1.9505045429588932,2.986989754001538,2.444769936485367,0.5688199820804849
45.161,0,-3.3249609737442003,-3.786373615896318,1.753909380739646,0.004450857264145335
45.161,1,1.949409621629129,2.992569311259227,2.4448728393632195,0.568603228707335
45.171,0,-3.324982361327207,-3.786335166344318,1.7539037397803827,0.00443730715126096
45.171,1,1.9484126448634962,2.9981656688629394,2.4449433015003144,0.5684177652137267
45.181,0,-3.325007674256256,-3.786298948549928,1.753897968387407,0.004483201150109084
45.182,1,1.9475143461159385,3.003777319818482,2.444983387296074,0.5682659997068288
45.191,0,-3.3250367244195544,-3.786264974090553,1.7538905716775635,0.004581163021572322
45.191,1,1.9467153254962535,3.009402751491154,2.4449948741453107,0.5681483116448048
45.201,1,1.9460160189530908,3.0150404477046973,2.4449789471222276,0.568066633820003
45.202,0,-3.325069278368176,-3.786233233683427,1.7538805279435206,0.00472869902086269
45.211,1,1.945416742117179,3.0206889075776377,2.4449365697957974,0.5680238902417534
45.212,0,-3.32510507150781,-3.786203704034634,1.7538671445500436,0.004921780275720318
45.22,1,1.9449176976657376,3.0263466553299905,2.444868516667852,0.5680235010941715
45.221,0,-3.3251438194933303,-3.7861763530778756,1.7538499564559578,0.005154014688599668
45.232,0,-3.325185227144173,-3.7861511439061504,1.7538286544848736,0.005417888106734944
45.232,1,1.9445189532529445,3.0320122412747015,2.44477513320575,0.5680689841459167
45.241,0,-3.3252289931828187,-3.786128037624149,1.753803033770148,0.005705513433945411
45.241,1,1.9442204636178504,3.0376842383036986,2.4446564792065266,0.5681621003816032
45.251,0,-3.3252748088015127,-3.7861069953142965,1.7537729672644886,0.006009046021054869
45.251,1,1.9440221218995923,3.0433612330463364,2.4445127481769937,0.5683023069091269
45.261,0,-3.3253223554454348,-3.7860879793777764,1.7537383831450752,0.006321556840094781
45.261,1,1.9439237564032987,3.0490418126991417,2.444344197763839,0.5684880491106956
45.271,0,-3.325371304096081,-3.7860709544474735,1.7536992478994513,0.006637357630755081
45.271,1,1.943925114651986,3.054724557618313,2.444150956996712,0.5687171848835743
45.281,0,-3.325421316839016,-3.7860558895899135,1.7536564080283576,0.006817583615122156
45.281,1,1.9440259162994697,3.0604080470645623,2.443933452889012,0.5689858336322958
45.291,0,-3.325472053839483,-3.786042759604868,1.753612772297736,0.0067963784822444185
45.291,1,1.944225874867109,3.0660908676304666,2.4436925809403722,0.5692920947146762
45.301,0,-3.32552318588259,-3.7860315365569814,1.7535706894066838,0.006635479115287553
45.301,1,1.9445246232177475,3.0717716206420427,2.4434289968766407,0.5696357546340256
45.311,0,-3.3255744092997146,-3.786022186432628,1.753531730725822,0.006386032486216615
45.311,1,1.9449217370715077,3.077448930138298,2.443143326660189,0.5700161025946219
45.321,1,1.9454167304863041,3.083121446701998,2.4428361143901367,0.5704336797723871
45.321,0,-3.325625456542208,-3.7860146677115676,1.7534969290674147,0.0060880153709324
45.331,0,-3.3256761026901103,-3.7860089306028275,1.7534669445854076,0.005772587849534225
45.331,1,1.9460090429738135,3.088787852799252,2.4425076715346408,0.5708890664354672
45.341,0,-3.32572616884953,-3.786004916528357,1.7534419678214583,0.005485830929207658
45.341,1,1.9466980553383288,3.094446871935798,2.442158152459709,0.5713855516477024
45.351,0,-3.325775521108364,-3.7860025595403166,1.7534215003022224,0.005243225261661591
45.352,1,1.9474830681489443,3.1000972786639163,2.4417872477440925,0.5719261354676825
45.361,0,-3.3258240634174614,-3.7860017923950986,1.753405067120187,0.005035895302478837
45.361,1,1.9483633726038725,3.105737907009729,2.441394766953994,0.5725135922239427
45.371,0,-3.3258717303504417,-3.7860025511337594,1.7533923028111729,0.00485899731009337
45.371,1,1.9493382482978754,3.111367659063829,2.440980509579281,0.5731515716054753
45.381,0,-3.325918481183117,-3.7860047780960335,1.7533829154540057,0.004709420357469482
45.381,1,1.9504069987084378,3.1169855122723527,2.440544498093754,0.5738434376182776
45.391,0,-3.3259642948761226,-3.7860084238807423,1.753376739343667,0.004583202196647443
45.391,1,1.9515689525685473,3.1225905249300334,2.440086919676795,0.5745939687431304
45.401,0,-3.3260091655697512,-3.786013445611167,1.7533738832071102,0.004482181786756712
45.401,1,1.9528234525990427,3.1281818348787938,2.4396080041275443,0.5754070210579146
45.411,0,-3.326053098574041,-3.786019797714405,1.7533744464056746,0.00441143271544026
45.411,1,1.9541698604184383,3.133758646037182,2.4391081157988825,0.576284413322608
45.421,0,-3.326096106772107,-3.786027423196661,1.7533784656307472,0.00437316908228711
45.421,1,1.9556075341576487,3.139320215689697,2.4385875964236363,0.577229756483011
45.431,1,1.9571357692757716,3.14486585041154,2.438046210434403,0.5782474726422562
45.431,0,-3.326138207756522,-3.7860362480294607,1.7533859315044154,0.004367045083191774
45.441,0,-3.326179421595965,-3.7860461779912398,1.7533968037357694,0.004390777433814019
45.441,1,1.9587538598321776,3.15039489606237,2.4374837746884497,0.5793357830771535
45.451,0,-3.326219769278648,-3.7860570974313097,1.7534109824886215,0.004437390445158506
45.451,1,1.9604612101654126,3.1559067212834058,2.4369013366519074,0.5804713638282795
45.461,0,-3.3262592738650496,-3.786068871119937,1.7534282612494192,0.004499846020021431
45.461,1,1.962257511640456,3.161400686460417,2.436303117459216,0.5816388059722454
45.471,0,-3.32629796558753,-3.786081350091671,1.7534484584747172,0.00457510747517029
45.471,1,1.9641423411600087,3.1668761833765857,2.4356923468731124,0.5828479185274571
45.481,1,1.9661151655870026,3.1723326222835944,2.435071323312875,0.584100251655256
45.481,0,-3.326335886532285,-3.786094377414106,1.753471429147585,0.004661280835913566
45.491,0,-3.326373093461579,-3.786107792790379,1.753497053713095,0.0047571752443001875
45.491,1,1.9681753516021336,3.177769420935578,2.4344415296754405,0.5854009497316235
45.501,0,-3.3264096594065875,-3.7861214362010074,1.7535247435957502,0.004785156143945578
45.501,1,1.9703220540858608,3.183186018521444,2.433802395712477,0.5867744005624157
45.511,0,-3.3264456734044328,-3.786135153135039,1.7535522833112804,0.004680940674222162
45.511,1,1.9725540982406558,3.1885819020904576,2.433149892960732,0.5882343867478058
45.522,0,-3.3264812355460247,-3.786148804319317,1.753577756573962,0.004493752321147766
45.522,1,1.974870345479018,3.1939565564285464,2.4324804814368037,0.5897694405974019
45.531,0,-3.3265164529065765,-3.786162273614509,1.7535998594555564,0.004269078866784026
45.531,1,1.977269710441764,3.199309470371001,2.4317912706661655,0.5913725282728205
45.541,0,-3.326551436520695,-3.786175472919166,1.7536177122679426,0.004046597967754188
45.541,1,1.9797512016219654,3.204640138466027,2.4310804087374462,0.5930336421345416
45.551,0,-3.3265862989272,-3.7861883447914915,1.7536307291738806,0.0038605462516996987
45.551,1,1.982313908433356,3.209948069589307,2.430346906634943,0.5947463102461362
45.561,0,-3.3266211520298854,-3.78620086307511,1.7536390885614384,0.003761233281746902
45.561,1,1.9849570503641256,3.215232778022678,2.4295912343677712,0.596483133513713
45.571,0,-3.3266561014716483,-3.7862130305926165,1.7536444518300698,0.0037290205946722685
45.571,1,1.9876800637826626,3.220493762434218,2.4288163362266126,0.5982301679976917
45.581,0,-3.3266912342957746,-3.786224874213833,1.7536482067683,0.0037278063074654205
45.581,1,1.9904823718267382,3.225730553536869,2.4280248706704453,0.5999937113858468
45.591,0,-3.32672660817756,-3.786236439202195,1.7536512958301846,0.00374141120576263
45.591,1,1.993363345928893,3.2309427217141837,2.427218662418211,0.6017850592521148
45.601,0,-3.3267622447792915,-3.7862477844483413,1.7536543530398314,0.0037620049952413227
45.601,1,1.9963222984590983,3.236129879601632,2.4263985296236767,0.6036111737618318
45.608,0,-3.326798126484322,-3.7862589784055363,1.7536577628947272,0.0037839545484264414
45.608,1,1.9993585136959302,3.241291679090399,2.425564526033154,0.605490405270527
45.621,0,-3.3268341982286147,-3.7862700919700547,1.7536616744334292,0.003802862850349174
45.621,1,2.0024711739811654,3.2464278292836872,2.4247149858605885,0.6074366202145264
45.631,0,-3.3268703755380984,-3.786281185711633,1.7536661566253897,0.0038156060515605185
45.631,1,2.0056595005837154,3.2515380511019,2.4238481994703642,0.6094443935836928
45.641,0,-3.3269065529019803,-3.786292298985676,1.7536712394773533,0.003819562222403408
45.641,1,2.008922819593306,3.2566220479524968,2.4229631916644343,0.6115051494911674
45.651,0,-3.3269426106081506,-3.786303442992902,1.753676925286397,0.003812547103980456
45.651,1,2.012260530902435,3.2616795032110244,2.4220593718890813,0.6136176755197482
45.661,0,-3.3269784202911277,-3.7863145969803975,1.7536831991929505,0.003792833510673392
45.661,1,2.0156720736383402,3.266710079232097,2.4211361536242806,0.6157775273981423
45.671,0,-3.3270138492274866,-3.7863257069761342,1.7536903169312723,0.0037725305151940724
45.671,1,2.0191569727382856,3.271713393375717,2.420193560333443,0.6179709866213923
45.681,0,-3.3270487632307884,-3.786336690522271,1.7536991979355385,0.0037644011772687597
45.681,1,2.022714846321724,3.2766890093706027,2.4192324270328283,0.6201887212333773
45.691,0,-3.3270830288536426,-3.786347449993188,1.753710555123707,0.003773305268087265
45.691,1,2.0263453227348336,3.2816364625389833,2.4182535690645572,0.6224318371964528
45.701,0,-3.327116514970106,-3.786357885318657,1.753724829222761,0.0038031631441016608
45.701,1,2.0300479952599266,3.2865552745700266,2.417257401756704,0.6246992991313033
45.711,0,-3.3271490940763955,-3.7863679032134048,1.7537422733628563,0.0038556487574487198
45.711,1,2.0338224508669285,3.291444941754235,2.4162444212261955,0.6269845812141567
45.721000000000004,0,-3.327180643389681,-3.7863774235559493,1.7537630117342211,0.003930351543536535
45.721000000000004,1,2.037668251809737,3.2963049370927933,2.4152150791353084,0.629287416859308
45.731,0,-3.327211046112064,-3.786386383570857,1.7537867689333417,0.003977863989346504
45.731,1,2.0415848890171695,3.301134722673872,2.4141692602746203,0.6316115605610853
45.741,0,-3.327240192394997,-3.78639473780446,1.7538124658929162,0.003964025765486337
45.741,1,2.0455718007363943,3.305933742035924,2.4131065067073627,0.6339517974200045
45.751,0,-3.327267977840596,-3.7864024516821493,1.7538391963215432,0.003899454432061475
45.751,1,2.049628415136632,3.3107014066166163,2.412026538363044,0.6363033911376872
45.761,1,2.0537541384018607,3.3154371000874385,2.4109290700435673,0.6386594056895973
45.761,0,-3.3272943028639426,-3.7864094954660383,1.7538663141856876,0.003794526413656642
45.771,1,2.057948385237744,3.3201401652903164,2.4098141624752674,0.6410102585709626
45.772,0,-3.32731907248829,-3.7864158400043735,1.7538933572700008,0.0036582738437542376
45.781,0,-3.3273421957671165,-3.786421453496564,1.7539202849016138,0.0035566390766505265
45.781,1,2.062210589663204,3.3248098976325227,2.408682365091032,0.6433406084465867
45.791,0,-3.3273635837590976,-3.786426295947598,1.7539481270358694,0.003547438388010881
45.791,1,2.066540205535928,3.329445535830615,2.4075347393255213,0.6456447743432834
45.801,0,-3.327383149078361,-3.786430309550067,1.7539777966187318,0.003612261205132209
45.801,1,2.0709366498225386,3.3340462642673048,2.4063720409724256,0.6479187690333132
45.809,0,-3.327400804152292,-3.786433409664399,1.7540098873541772,0.003737944166048198
45.809,1,2.0753993330541904,3.3386111827955283,2.405195034149295,0.6501544670636399
45.821,0,-3.327416459806133,-3.786435479272789,1.7540447736173417,0.003912884307067505
45.821,1,2.0799276553957804,3.3431392985690973,2.404004403002494,0.6523486777308899
45.831,1,2.0845209861778042,3.3476295316450306,2.4028004622010024,0.6544982137867942
45.832,0,-3.327430024538449,-3.7864363663172056,1.7540826748459377,0.004126657442333817
45.841,0,-3.327441404965115,-3.7864358842066386,1.754123450839718,0.0043123514242057025
45.841,1,2.089178679614835,3.352080709286414,2.401583322088072,0.6566039605457779
45.851,0,-3.3274505081507937,-3.7864338230461136,1.7541662990366627,0.004439794526711498
45.851,1,2.0939000507405843,3.3564915881657558,2.4003525045563388,0.6586681471258008
45.861,0,-3.327457243685832,-3.7864299744749923,1.75421054198628,0.004532207765303825
45.861,1,2.0986844196954952,3.3608608506879696,2.3991075047989185,0.6606839573785485
45.871,0,-3.3274615269709082,-3.7864241549057924,1.7542557018050449,0.0046073788917165084
45.871,1,2.1035311462653175,3.365187102826667,2.3978482078927748,0.6626436298518362
45.881,0,-3.3274632818046546,-3.786416221479867,1.7543014388661746,0.004678261975278978
45.881,1,2.108439625187141,3.369468889327135,2.3965748165890624,0.6645424256759831
45.891,0,-3.3274624434646167,-3.7864060828495014,1.7543470239700238,0.004639103406161207
45.891,1,2.113409242947191,3.3737047313115522,2.3952872882037393,0.6663966120131601
45.901,1,2.1184393204587266,3.377893172340044,2.393984631139994,0.6682122023718989
45.902,0,-3.3274589625254136,-3.786393699795302,1.7543906355392334,0.004458600058669981
45.911,1,2.1235291910310945,3.3820327324007793,2.3926662686938593,0.6699792385414794
45.911,0,-3.3274528037075246,-3.7863790674590483,1.7544308240451822,0.004205937490751328
45.921,0,-3.327443947499879,-3.7863622001322574,1.7544666164605205,0.003937429591549929
45.921,1,2.1286781818111655,3.3861219199856185,2.391332003628237,0.6716950946460492
45.931,0,-3.32743239140838,-3.7863431203398235,1.7544973710982017,0.003701098191971813
45.931,1,2.133885581922329,3.3901592548335335,2.3899817100254723,0.6733561574694591
45.941,0,-3.3274181503222087,-3.7863218509950634,1.75452267530681,0.003538198130362846
45.941,1,2.1391506537896197,3.3941432607775344,2.3886155663686646,0.6749561863936023
45.951,0,-3.327401255963769,-3.786298409724356,1.754542356504853,0.003491117917489985
45.951,1,2.144472636915717,3.398072463121876,2.3872341709355878,0.6764819685003928
45.961,0,-3.3273817549666944,-3.7862728044703764,1.7545566316539722,0.0035709989431771502
45.961,1,2.149850773030607,3.401945367001829,2.385838927065424,0.6779223112478385
45.971000000000004,0,-3.3273597067704404,-3.7862450311020117,1.7545657443852596,0.0037559534630666708
45.971000000000004,1,2.1552842666848586,3.405760489397669,2.3844312480789047,0.679280453273661
45.981,0,-3.3273351805925278,-3.786215071591743,1.75456988622955,0.004022664851570374
45.981,1,2.160772278030665,3.4095163683983922,2.38301226258431,0.6805643105300382
45.991,0,-3.3273082526876983,-3.7861828931757042,1.7545692110680642,0.004350409253241345
45.991,1,2.166313924515205,3.413211567320321,2.3815826934587534,0.6817791948965672
46.001,0,-3.3272790023558483,-3.7861484468687903,1.754564519993284,0.004700402153664387
46.001,1,2.1719083222374436,3.4168446420012617,2.380143367828129,0.6829188676963281
46.011,0,-3.3272475049740238,-3.786111667378894,1.7545582060013967,0.005029445725939184
46.011,1,2.1775546152468883,3.420414120998925,2.3786956008649702,0.6839797876756238
46.021,0,-3.3272138275610232,-3.7860724831145935,1.7545521988982633,0.005341293315227994
46.021,1,2.1832519443298963,3.4239185579183498,2.3772406065427614,0.6849716585988471
46.031,0,-3.3271780208747113,-3.7860308216791676,1.7545478022723187,0.005651530315095641
46.031,1,2.18899944089083,3.4273565585594037,2.375779335405756,0.6859028170550506
46.041,0,-3.3271401136819225,-3.7859866133350044,1.7545458860175274,0.0059736034403441215
46.041,1,2.194796240872809,3.4307267793095733,2.374312647100978,0.6867798041409765
46.051,0,-3.327100109578929,-3.7859397936021812,1.7545470212380454,0.006315936520582532
46.051,1,2.2006414866091415,3.434027932319895,2.372841346697204,0.687608495887799
46.061,1,2.2065343278347562,3.437258790855923,2.3713664848733784,0.6883838035866534
46.061,0,-3.3270579845458337,-3.7858903033258793,1.7545521213440674,0.006696653974586168
46.069,0,-3.3270136872418856,-3.7858380823913675,1.7545632722165532,0.007153525957438227
46.069,1,2.2124738769041747,3.440418251907779,2.369889497648468,0.6891064462300007
46.081,0,-3.32696714891218,-3.7857830614261228,1.7545820849084397,0.007709311347513198
46.081,1,2.2184591103796625,3.443505453749501,2.368411523001232,0.6897884217480882
46.091,0,-3.326918290082578,-3.785725150713794,1.7546095899579737,0.008367954983935692
46.091,1,2.224488812692292,3.4465198415440543,2.366933067424279,0.6904343148119294
46.101,1,2.2305615967264436,3.4494611371718147,2.365454628642932,0.6910373514776879
46.102,0,-3.326867025382346,-3.785664232720234,1.7546464163191802,0.009120280331191074
46.111,0,-3.3268132701111965,-3.7856001620368946,1.7546918780440062,0.009823540586597948
46.111,1,2.2366758902475112,3.4523293570175495,2.3639764210076457,0.6916083343311074
46.121,0,-3.3267569474797236,-3.785532776401415,1.7547426160830488,0.0103854343043602
46.121,1,2.2428299070807163,3.4551248541157378,2.362497634270962,0.6921545203079734
46.131,0,-3.3266979833014947,-3.7854619048703104,1.754795830455495,0.010845034832740118
46.131,1,2.2490217059392927,3.457848234491063,2.361017356966038,0.6926611853694414
46.141,0,-3.3266363071849954,-3.785387383734283,1.7548495846984276,0.011241181950920559
46.141,1,2.25524923660785,3.4605002943786123,2.3595351828530013,0.6931100969709213
46.151,0,-3.326571854611375,-3.785309069249055,1.7549025396255689,0.0116033942518371
46.151,1,2.2615103461192416,3.4630820172935852,2.358050958902022,0.6934940757129072
46.161,0,-3.3265045683585996,-3.78522684614091,1.7549537659767236,0.011951910506516178
46.161,1,2.267802781123329,3.4655945810077298,2.3565644307454257,0.6938033899877103
46.171,0,-3.3264343983179843,-3.7851406310097264,1.7550030694718899,0.01234261771121299
46.171,1,2.274124229775171,3.4680393021905433,2.3550759017973593,0.6940116961203422
46.181,0,-3.326361305703073,-3.785050373867034,1.7550515310270203,0.012789234829349126
46.181,1,2.2804723385616485,3.470417623889292,2.353586315699835,0.6941139509370726
46.191,1,2.286844694367988,3.472731180552099,2.352096139387244,0.6941114797150659
46.192,0,-3.3262852819601023,-3.784956068570861,1.7551000768892981,0.013266199890026418
46.201,1,2.2932388720019885,3.474981742817509,2.3506059057634743,0.6939977195033491
46.202,0,-3.3262063618037105,-3.784857756158876,1.755149323523415,0.013755194322880202
46.211,0,-3.3261246302842022,-3.7847555247422915,1.755199673188107,0.014242191898186504
46.211,1,2.2996524594679992,3.477171191096118,2.34911626886107,0.6937686478690218
46.221,0,-3.326040225872246,-3.784649507738293,1.7552513821330287,0.014716069253817004
46.221,1,2.3060830704314617,3.4793015024246694,2.3476278370351866,0.69342823270688
46.231,0,-3.3259533409211053,-3.784539881490855,1.7553044659267338,0.015154276278859253
46.231,1,2.312528335778288,3.4813747870827774,2.3461401583007464,0.693022917871758
46.241,0,-3.325864216197302,-3.784426860168151,1.755358401489835,0.015540490007131227
46.241,1,2.3189858822886773,3.4833933753444017,2.344649777566367,0.6925977187439073
46.251,0,-3.325773122846888,-3.784310681440931,1.7554127055240003,0.01587888785952032
46.251,1,2.3254534125573314,3.48535961557591,2.3431534464365766,0.6921333214687733
46.261,0,-3.325680345511565,-3.7841915942944575,1.755467039830783,0.016173151534197946
46.261,1,2.3319287197497416,3.487275823446467,2.341648678294655,0.6916127265720177
46.271,0,-3.3255861697955678,-3.7840698501390784,1.7555211666499468,0.01642666347706766
46.271,1,2.3384096986931184,3.4891442463333218,2.340134028777552,0.6910170919698186
46.281,0,-3.3254908729276433,-3.783945695675168,1.755575086606022,0.016655983821683998
46.281,1,2.344894351807033,3.4909670303243625,2.3386094446504964,0.6903021545943898
46.291,0,-3.3253947193568236,-3.783819366641451,1.755629252470631,0.016868711941163635
46.291,1,2.3513807945021927,3.4927461827456683,2.3370768477852297,0.6894470545460558
46.301,0,-3.3252979629649047,-3.7836910834052655,1.7556840361898274,0.017061274504428615
46.301,1,2.357867241494373,3.4944836490119835,2.335538144168259,0.6884629810324484
46.311,0,-3.3252008493145215,-3.7835610466221445,1.7557396779631476,0.017232289487733303
46.311,1,2.3643520109773855,3.4961813171923377,2.3339947613150946,0.6873694202778308
46.321,0,-3.3251036169715604,-3.783429434388805,1.7557963269692147,0.017381671724186247
46.321,1,2.3708335274268046,3.4978410156206134,2.332447500431901,0.68617891632457
46.331,0,-3.3250064982093,-3.7832964007863144,1.7558540693013622,0.01751018133440218
46.331,1,2.377310323172408,3.4994644946835396,2.3308971197194777,0.68489534231526
46.341,0,-3.324909719109668,-3.783162076417908,1.7559123773687118,0.01756838888300183
46.341,1,2.383781033013931,3.50105343008106,2.3293444146979123,0.6835221309641448
46.351,0,-3.3248135001321226,-3.7830265741209375,1.7559687751380693,0.017522633092330247
46.351,1,2.3902443852248085,3.50260942835963,2.327790047685609,0.6820746054521952
46.361,0,-3.324718060828619,-3.7828899975460075,1.756021115385094,0.017410647749188858
46.361,1,2.3966991937376383,3.5041340273841515,2.3262341254696253,0.680562204727221
46.371,0,-3.3246236242278684,-3.7827524523985194,1.756067955760548,0.01726051399666693
46.371,1,2.4031443558577164,3.5056286562894186,2.3246768699217397,0.6789834873804343
46.381,0,-3.3245304191680245,-3.7826140547321514,1.7561083410672909,0.01709154636496725
46.381,1,2.4095788534957077,3.5070946464316357,2.3231177186200602,0.6773938827661655
46.391,0,-3.3244386819500797,-3.7824749357936707,1.756142142043053,0.016939723190129853
46.391,1,2.416001753107602,3.508533244009815,2.3215545289504207,0.675777162891556
46.401,0,-3.3243486593309273,-3.782335246167275,1.7561711142540999,0.01681368348214136
46.401,1,2.4224121765554365,3.5099454947650233,2.3199879849671063,0.6740771705884071
46.411,0,-3.324260607922189,-3.7821951646946146,1.7561968822971696,0.01668817996395196
46.411,1,2.4288093229851,3.511332390033035,2.318416485842285,0.6724711993186037
46.421,0,-3.3241747945356015,-3.782054903837542,1.7562205682460563,0.016548162325143195
46.421,1,2.4351924934436386,3.5126949917396098,2.3168314728884405,0.6710304800042125
46.431,0,-3.324091496035882,-3.7819147115243665,1.7562429456383708,0.016383993908082574
46.431,1,2.441561003767337,3.5140342300677507,2.3152264284334807,0.6696778792987617
46.442,0,-3.324010998261847,-3.7817748707328978,1.7562645458336963,0.016189079339884255
46.442,1,2.4479141520655845,3.5153509128459657,2.313597448862619,0.6683621420308264
46.451,0,-3.3239335929493046,-3.7816356971535416,1.756285410483963,0.0159488612694445
46.452,1,2.454251250532946,3.5166458553696947,2.311938021288583,0.6673261938499649
46.462,0,-3.323859566764708,-3.7814975329544445,1.7563046936820619,0.015658379578552588
46.462,1,2.4605716827307975,3.5179200250652176,2.310232377611008,0.6666689966496065
46.471,0,-3.3237891836335964,-3.7813607370613713,1.7563216822732728,0.015324134721493984
46.471,1,2.4668747404327154,3.5191742602991027,2.308468775406831,0.6662545042497765
46.481,0,-3.3237226670212445,-3.781225675791763,1.7563359000320644,0.014952596321676722
46.481,1,2.473159582008147,3.520409264551866,2.3066403458749862,0.6659714023539065
46.491,0,-3.3236601878614183,-3.781092715249296,1.756347035075419,0.014549921982691397
46.491,1,2.4794252198529714,3.521625636652656,2.304744238061841,0.665721462588765
46.501,0,-3.323601856682186,-3.780962214679877,1.7563546875671443,0.014119577619119413
46.501,1,2.4856705408825785,3.522823926404094,2.302779473887185,0.6654806950461013
46.512,0,-3.3235477185961857,-3.7808345178886245,1.7563575950081527,0.01367202582509622
46.512,1,2.491894368358178,3.524004706867923,2.3007433136737827,0.6653825544552917
46.521,1,2.498095508949897,3.525168591663932,2.2986294550333586,0.6654605043495162
46.522,0,-3.3234977621965887,-3.7807099462046283,1.756354617411115,0.013227038472343527
46.531,0,-3.323451927796034,-3.7805887911399743,1.7563450102703757,0.012801971641044822
46.531,1,2.504272655875607,3.5263161083202124,2.296434002305289,0.6656150963958448
46.541,0,-3.323410113709983,-3.7804713088625337,1.756328298972539,0.012411611365083784
46.541,1,2.510424399035923,3.527447697162473,2.2941548236950435,0.6658412255409993
46.551,0,-3.323372182179762,-3.780357716956306,1.7563041971794526,0.012068228915216167
46.551,1,2.5165492702373555,3.528563737549483,2.2917894953531284,0.6661262586715183
46.561,0,-3.323337968327024,-3.780248196803499,1.7562734591523939,0.011716901969846674
46.561,1,2.5226456897232787,3.529664501850731,2.28933778413048,0.6663393040427952
46.571,0,-3.3233072910595904,-3.7801429005655067,1.7562391054122526,0.011301235582022002
46.571,1,2.528711946325716,3.53075014849612,2.2868024285555593,0.6663962480922423
46.581,0,-3.3232799511089692,-3.7800419444347493,1.7562036065619078,0.010828857614146892
46.581,1,2.5347462526937226,3.53182077116572,2.2841872340972995,0.6662195734997567
46.591,1,2.5407467321552124,3.5328764057254185,2.281498003924849,0.665735714627769
46.592,0,-3.323255738478025,-3.779945412139814,1.75616863889032,0.010314587922376793
46.601,0,-3.323234439878893,-3.7798533599511246,1.756135328585823,0.009773201455527165
46.601,1,2.546711509206458,3.5339170880974566,2.2787402764754927,0.6649672795467562
46.611,0,-3.323215842645861,-3.7797658180203055,1.7561037738899883,0.009269487423870378
46.611,1,2.5526387965185178,3.534942898554945,2.2759176067539264,0.6640841858435528
46.621,0,-3.3231997375580047,-3.7796827899400505,1.756072266035819,0.008835978273204122
46.621,1,2.5585270123362407,3.535954000033196,2.2730290898079373,0.663214042159685
46.631,0,-3.3231859290578085,-3.779604264810321,1.7560393520016107,0.008463872672811207
46.631,1,2.5643746270914467,3.536950538941498,2.2700742288466227,0.6622997652175763
46.641,0,-3.3231742388549432,-3.779530220631353,1.7560040480719534,0.008151157091374208
46.641,1,2.5701801229208323,3.5379326031811216,2.2670540190013893,0.6612530715111123
46.651,0,-3.323164507390316,-3.779460625719833,1.755965695865777,0.00789825297819999
46.651,1,2.575941952232473,3.5389001936401816,2.263971917525703,0.6599691195454712
46.661,0,-3.323156594506299,-3.779395440034869,1.7559238618227782,0.007706022292470757
46.662,1,2.581658626784705,3.539853252709334,2.260831852461187,0.6584644354263843
46.671,0,-3.323150379196657,-3.779334615863299,1.7558781331474491,0.007597200716132184
46.671,1,2.587328766483085,3.5407916811763296,2.257637385550693,0.6567592957381135
46.681,0,-3.323145756515359,-3.7792780992101407,1.7558277537360887,0.007595520853276027
46.681,1,2.592951177315185,3.5417153692189456,2.2543902413259422,0.6550767335847805
46.691,0,-3.323142631153481,-3.7792258381489607,1.755772131410252,0.007692749702754642
46.691,1,2.5985249946658118,3.542624255350239,2.251087322626475,0.6535784232208702
46.701,0,-3.3231409103254883,-3.779177788666317,1.7557109002761453,0.00787784992809821
46.701,1,2.604049411314301,3.5435182465468085,2.247726412197198,0.6521669293359231
46.711,0,-3.3231404986093294,-3.7791339179768664,1.7556438496629612,0.008137976970745435
46.711,1,2.609523642226696,3.5443972146100036,2.2443065032783833,0.6508451185365337
46.721000000000004,1,2.614946975574379,3.5452610192548226,2.240826417897988,0.6495968526617361
46.721000000000004,0,-3.3231412946073857,-3.7790942063900537,1.755570875839731,0.008459973334220048
46.731,0,-3.3231431899162174,-3.7790586513836373,1.755492765864201,0.008648132941969096
46.731,1,2.620318704863124,3.546109492419565,2.237285947484539,0.6483883136853543
46.741,0,-3.323146069911504,-3.77902726974122,1.75541231487399,0.008606776180581803
46.741,1,2.625638110828151,3.546942439334055,2.233685882087675,0.6471038925630445
46.751,1,2.6309043810199575,3.5477596237474303,2.230029225694706,0.6456552306897415
46.752,0,-3.3231498126120136,-3.779000079550498,1.7553318058533747,0.008404914044787087
46.761,0,-3.323154290823962,-3.7789770922896038,1.755252794016249,0.008094972620450988
46.761,1,2.636116704098425,3.548560810429442,2.226319308582766,0.6440399456261837
46.771,0,-3.323159374469999,-3.778958308775549,1.7551763297138456,0.007715665559399312
46.771,1,2.641274294584384,3.549345783950919,2.22255939564043,0.6422577102059482
46.781,0,-3.32316493229069,-3.7789437128381085,1.7551022502732847,0.007501460217929309
46.781,1,2.6463764843205775,3.550114385006136,2.2187510753708604,0.6405597289383884
46.791,0,-3.3231708356343366,-3.7789332647492024,1.7550280858822676,0.007558269243529169
46.791,1,2.65142284206998,3.5508665494003955,2.2148920498960547,0.6390507831817674
46.801,0,-3.323176967189658,-3.7789269118745725,1.754951779187234,0.007808536851989501
46.801,1,2.6564128889414604,3.551602214715582,2.210981115478364,0.6376200799839473
46.811,0,-3.3231832270518944,-3.7789245896026604,1.7548719484408477,0.008195016454810739
46.811,1,2.6613460556641635,3.5523213027634672,2.2070186364585918,0.6361583660170269
46.821,0,-3.323189536404832,-3.7789262207920866,1.754787680864947,0.008674886654722429
46.821,1,2.666221647060449,3.553023707947446,2.2030070477999746,0.6345372245325044
46.831,1,2.671038930762146,3.5537093277958887,2.1989494673969334,0.6327481872252545
46.831,0,-3.3231958394963805,-3.7789317159298736,1.754698386510511,0.009217295260663583
46.841,0,-3.3232021042050492,-3.7789409790523063,1.7546050969007543,0.009462880836412285
46.841,1,2.675797283108862,3.554378110577076,2.1948474514364587,0.6310525734167581
46.851,0,-3.3232083206801377,-3.778953913802222,1.7545123511030905,0.00926934223284134
46.851,1,2.680496326707204,3.5550300955093097,2.1906988347044645,0.6295579343798678
46.861,0,-3.323214498080044,-3.7789704028597613,1.7544238598589839,0.008788331803859564
46.861,1,2.6851356505198747,3.5556653237623905,2.1865025372544404,0.6281466310970432
46.871,0,-3.3232206610250583,-3.7789903038915487,1.754342122246102,0.008128092215818023
46.871,1,2.6897147810537483,3.5562838258490603,2.182258965023155,0.6267323657121674
46.881,0,-3.3232268464522448,-3.779013450084397,1.7542687976338556,0.007368491045684718
46.881,1,2.694233240769648,3.5568856364773636,2.1779689772300084,0.6253488436310023
46.891,1,2.6986905896499134,3.557470805038256,2.1736331906187822,0.6239320657748774
46.891,0,-3.3232331008037215,-3.7790396501010517,1.7542044538825592,0.006694187063740327
46.902,0,-3.3232394769169593,-3.7790686898471173,1.75414754778283,0.006225870308217718
46.902,1,2.7030863130483382,3.558039360430329,2.169253830095789,0.6223916446223959
46.911,0,-3.3232460305138396,-3.779100350371151,1.7540965714630294,0.005902796036159977
46.911,1,2.707419884726578,3.558591323028885,2.164833649042426,0.6206954736317516
46.921,0,-3.3232528171323183,-3.77913441956401,1.7540504663336036,0.005681753586698926
46.921,1,2.7116907758139908,3.5591267037022862,2.1603758305262732,0.6188130433055807
46.931,0,-3.3232598898445005,-3.7791706992085587,1.754008483218145,0.005532730147226982
46.931,1,2.7158984911945057,3.5596455148615234,2.1558836373522157,0.616746766029908
46.94,1,2.720042656352735,3.560147796220153,2.1513592676528477,0.6147028322540222
46.941,0,-3.323267297641269,-3.779209009797957,1.753970088148822,0.005434854261516769
46.951,0,-3.3232750842942282,-3.779249192006188,1.7539341771920225,0.005485712951770532
46.951,1,2.724123155182732,3.560633651954353,2.1468017768238585,0.6128195250885173
46.961,0,-3.323283291924258,-3.779291102667359,1.7538980275478695,0.005704626308123387
46.961,1,2.728139885974348,3.5611031838957095,2.1422108747178967,0.6109906019126925
46.971000000000004,1,2.7320927276298397,3.5615564862079974,2.137587365513864,0.6091506836898113
46.971000000000004,0,-3.3232919736089954,-3.7793346092942883,1.753859472756064,0.0060330341393266
46.981,1,2.735981567342093,3.5619936587372547,2.1329327363291286,0.6072537534922933
46.981,0,-3.323301203861539,-3.7793795809489277,1.7538170572721037,0.006438621757129128
46.991,1,2.739806327289648,3.5624148210718944,2.1282489261933226,0.605274755033473
46.991,0,-3.3233110849443293,-3.779425881467924,1.7537698155656878,0.0069002755479654525
47.001,0,-3.323321749763484,-3.779473365178012,1.7537169886053532,0.007426123344178282
47.001,1,2.74356697154826,3.562820120016691,2.1235383857501637,0.603153167564344
47.011,0,-3.323333357384655,-3.779521876738994,1.753657730486049,0.008016710050344036
47.011,1,2.7472635606975486,3.5632097470134556,2.118803246467962,0.6010644103030514
47.02,0,-3.323346079251812,-3.7795712567456903,1.7535914395954146,0.008654244784262964
47.02,1,2.750896407167033,3.5635839773190416,2.1140426654978914,0.5991639046288912
47.032,0,-3.323360085751382,-3.779621346994129,1.7535177435620686,0.009324720214850995
47.032,1,2.7544658298642735,3.5639431040721474,2.1092563373977327,0.5973351067167971
47.041,1,2.757972130766237,3.5642874291012867,2.104444543661397,0.5956242283629992
47.041,0,-3.3233755363791797,-3.7796719943517463,1.7534364268118867,0.010017538966140044
47.051,0,-3.3233925728916818,-3.779723053559815,1.7533473838517675,0.010724038417861187
47.051,1,2.7614156845994406,3.564617281985061,2.0996064743844927,0.5940699275629415
47.061,1,2.764796828612047,3.5649329902508455,2.0947417883625428,0.5926489694771186
47.061,0,-3.3234113162435284,-3.779774389508644,1.7532513834591155,0.011268959336302032
47.071,0,-3.323431865817487,-3.7798258806782354,1.7531511486362574,0.011577200300031835
47.071,1,2.7681158920998454,3.5652348849830533,2.0898500708865053,0.5913238391261121
47.081,0,-3.3234542929205153,-3.7798774245846283,1.75304890537875,0.011721782908308638
47.081,1,2.7713731373830774,3.5655232900976825,2.0849320403817533,0.5899929352300739
47.091,0,-3.323478639171188,-3.7799289431718477,1.7529461732236924,0.011755678621343139
47.091,1,2.7745688083307547,3.5657985402508823,2.079989279179121,0.5885973034373434
47.101,0,-3.3235049169034685,-3.779980385952148,1.752843981943312,0.011716549991857074
47.101,1,2.7777031841274384,3.566060998164599,2.0750237956642525,0.5871127536637458
47.111,0,-3.3235331124522633,-3.7800317309750953,1.7527441344867036,0.011398807873075099
47.111,1,2.7807767336929756,3.566311089475733,2.0700357456754577,0.5859729892262642
47.121,0,-3.32356318835999,-3.7800829804660356,1.7526508663936284,0.010744221499886318
47.121,1,2.783790293270754,3.5665493346501873,2.0650204240576637,0.5853444809664535
47.131,0,-3.32359507216377,-3.7801341492552445,1.7525675148631448,0.009897380442613913
47.131,1,2.7867446513442107,3.566776251999534,2.0599747154048282,0.5850125377509781
47.141,0,-3.323628652650437,-3.780185253580498,1.752496284268526,0.008973683175315819
47.141,1,2.789640541624175,3.5669923490629043,2.0548968347578715,0.5849678083311568
47.151,1,2.792478703801349,3.5671981296224007,2.049785034615297,0.585140059742637
47.152,0,-3.3236637798366138,-3.7802363029248047,1.752438597922923,0.008071850070728321
47.161,0,-3.323700266512997,-3.7802872944664476,1.7523953381303996,0.007285878239721063
47.161,1,2.7952597931554486,3.567394073677262,2.044638982098999,0.5853975473256813
47.171,0,-3.323737889505183,-3.780338209818641,1.752365634897913,0.0068227520846631945
47.171,1,2.7979843355718246,3.56758062922311,2.0394604782837593,0.5854332429262972
47.181,0,-3.3237763940241924,-3.780389016554111,1.7523450657828286,0.006627772085332614
47.181,1,2.800652685591502,3.5677582068171105,2.034254437117612,0.5850971975118979
47.191,0,-3.323815507961808,-3.780439675679313,1.7523299477054601,0.0065458937176707775
47.191,1,2.8032652490931658,3.5679272187705138,2.029025634702064,0.5844457245804523
47.201,0,-3.3238549498622847,-3.780490148778545,1.7523177310475238,0.006504150129132374
47.201,1,2.805822539810124,3.5680880880427983,2.0237782724125246,0.5835215310720194
47.207,0,-3.3238944345501755,-3.780540403010308,1.752306649497696,0.006472217413282395
47.207,1,2.808325235421651,3.5682412553751344,2.0185152882083224,0.5825589384284805
47.221,0,-3.323933677744858,-3.7805904144167917,1.7522954786202176,0.006439496178826764
47.221,1,2.8107742696927147,3.5683871890320797,2.0132367072065622,0.5817145781130214
47.231,0,-3.3239724000228477,-3.7806401698109493,1.7522835266768007,0.006396448469230647
47.231,1,2.8131706441679953,3.568526352617247,2.0079429099437376,0.5808885769659241
47.241,0,-3.3240103356972774,-3.780689665832129,1.7522707400161963,0.006339169247525542
47.242,1,2.815515394529348,3.5686592026888593,2.0026349223537543,0.5800669781923463
47.251,0,-3.3240472511585417,-3.780738904390039,1.7522571430077898,0.006271250942483258
47.251,1,2.8178096049842902,3.5687862053534234,1.9973137443498858,0.5792277337422789
47.261,0,-3.3240829604906272,-3.780787888138271,1.7522427430529242,0.006196696713612441
47.261,1,2.820054371463083,3.568907848756013,1.991980918764461,0.5783134338018175
47.271,0,-3.3241173350783213,-3.780836617248642,1.7522275360900015,0.006119535906949269
47.271,1,2.822250852869,3.5690246603057694,1.9866373712984542,0.5775238574653686
47.281,0,-3.3241503077941172,-3.780885087103896,1.7522117632086867,0.00602698793713983
47.281,1,2.824400342868223,3.5691372176341507,1.9812816187013191,0.5769912161127644
47.291,0,-3.324181866600953,-3.7809332850630377,1.752196266534207,0.005913551103791782
47.291,1,2.826504127529589,3.5692461277182823,1.975912307929806,0.5766216453548308
47.301,0,-3.324212035755309,-3.7809811852506634,1.7521817180625876,0.005787538466598475
47.301,1,2.828563442429805,3.5693520083432624,1.9705287307270658,0.5764327322487194
47.311,0,-3.3242408565599373,-3.7810287443095585,1.7521685573922827,0.005654560799252037
47.311,1,2.830579506524685,3.5694554773377005,1.9651297674454042,0.5763945172131533
47.321,1,2.832553456226283,3.5695571396830963,1.9597152577676114,0.5764064691942453
47.321,0,-3.3242683729890454,-3.7810758991016926,1.7521570644505549,0.005517595333841015
47.332,0,-3.324294621499322,-3.7811225659022556,1.7521474086774733,0.005377627317660029
47.332,1,2.834486344857662,3.569657582723488,1.9542859859976327,0.5763764742180815
47.341,0,-3.3243196243870625,-3.7811686408113885,1.7521395276091078,0.005240427606909554
47.342,1,2.836379148545647,3.569757373465182,1.948843535024032,0.5762196013421764
47.351,0,-3.324343388930812,-3.781214001650419,1.7521325763047944,0.005108630510049288
47.351,1,2.838232757676962,3.56985705991606,1.9433905838903953,0.5758343791956165
47.361,0,-3.3243659139787343,-3.781258510570925,1.7521257310119036,0.0049744840321263775
47.361,1,2.840048018996394,3.5699571811011053,1.9379300766211416,0.5752316250491993
47.371,0,-3.3243871988271425,-3.781302017247507,1.7521184241466266,0.0048351738853617
47.371,1,2.8418257879173217,3.5700582755748522,1.9324640539467879,0.5746014785188482
47.381,0,-3.32440724980767,-3.7813443620063434,1.7521102650869218,0.004690203295093432
47.381,1,2.843566971598318,3.570160882851109,1.9269925138051793,0.5740237985299628
47.391,0,-3.3244260842783753,-3.781385378509303,1.7521012030014669,0.0045280078524340146
47.391,1,2.845272439748335,3.5702655444167437,1.921515764409597,0.5734577204860413
47.401,0,-3.3244437313271265,-3.781424898460077,1.752091998728187,0.004336573367195939
47.401,1,2.8469430460988048,3.570372796626328,1.9160339069667633,0.572971719031706
47.411,0,-3.3244602302917,-3.7814627639071285,1.7520833389100317,0.004122097107428126
47.411,1,2.8485796663452403,3.5704831505366394,1.9105462649901905,0.5725853938083019
47.421,0,-3.324475627623452,-3.781498837955163,1.7520756782521638,0.0038917930673463786
47.421,1,2.8501831745887185,3.5705970697262988,1.9050528980104653,0.5721962910528756
47.431,0,-3.324489974094839,-3.781533011693825,1.7520693092276216,0.003652688800393449
47.431,1,2.851754462012702,3.5707149495116064,1.899554720034488,0.571735736159193
47.442,0,-3.3245033225520566,-3.7815652082506035,1.7520644137117272,0.003411137826119524
47.442,1,2.8532944746834503,3.570837099487918,1.894052696837083,0.571304092642116
47.451,0,-3.3245157256799973,-3.781595383711782,1.752061579292957,0.0031648769099919677
47.451,1,2.8548042867164245,3.570963714297502,1.8885455160608413,0.5711177201798208
47.461,0,-3.3245272330032334,-3.781623524948812,1.7520629570555555,0.0029661916295208863
47.461,1,2.8562850380101694,3.571094844481747,1.8830313739085631,0.5711032519685243
47.471,0,-3.3245378896448785,-3.7816496521301857,1.7520703628150973,0.0029200178423480667
47.471,1,2.8577378815325325,3.571230373163525,1.877509173706971,0.5712711939751198
47.481,0,-3.3245477338483416,-3.7816738171033055,1.752084976866629,0.0030992406236316676
47.481,1,2.859164003322954,3.57136998477459,1.8719771751673486,0.5716254150457214
47.491,0,-3.3245567950332235,-3.7816961002433414,1.752107539778323,0.003503595707437255
47.491,1,2.8605645636943544,3.5715131332250833,1.866434781269802,0.5720165849148346
47.501,0,-3.3245650925822794,-3.7817166068683905,1.7521385726601264,0.004096838027569676
47.501,1,2.8619406844405577,3.5716590138969426,1.860882781080446,0.5722995663392368
47.511,0,-3.3245726338874397,-3.781735461574764,1.7521785910773364,0.004829272603380425
47.511,1,2.8632934516924515,3.5718065637100707,1.8553232426902186,0.572390568447268
47.521,0,-3.324579410888293,-3.7817527999434857,1.752227920319457,0.005648212885201804
47.521,1,2.8646239496489097,3.571954491345146,1.8497585241438004,0.5722816723863897
47.531,0,-3.3245853972609267,-3.781768760648435,1.7522867162040918,0.0065164227355458595
47.531,1,2.8659332730670144,3.572101317129755,1.8441910628869085,0.5719613995398928
47.541,0,-3.3245905470972237,-3.7817834795054663,1.7523550153167482,0.007409603843421407
47.541,1,2.867222539017324,3.572245412032575,1.838622874135444,0.5715504721401885
47.551,1,2.8684929046126277,3.572385021366331,1.8330544189213902,0.5711309487562327
47.552,0,-3.324594794774723,-3.7817970851478426,1.7524327723235709,0.008312131468746917
47.561,0,-3.324598056905292,-3.781809697159376,1.7525187785945109,0.008922553967268444
47.562,1,2.8697455283299416,3.5725182402675486,1.8274862713613087,0.5706844454032052
47.571,1,2.870981569324059,3.5726429943242537,1.8219186540270667,0.5702758244054983
47.571,0,-3.324600238063579,-3.7818214292395447,1.7526080731301055,0.009015709778056573
47.581,0,-3.324601232189113,-3.781832392800323,1.7526963460163898,0.008754104006659715
47.581,1,2.8722021791215533,3.572757036023261,1.8163514115523942,0.5698838719174175
47.591,0,-3.324600927003079,-3.7818427046786263,1.7527806591498443,0.008252575817057439
47.591,1,2.8734084817783154,3.572857949814953,1.8107851267109163,0.5694277981590345
47.601,0,-3.3245992084003753,-3.781852492901399,1.7528590280971381,0.0075921187727890785
47.601,1,2.8746015786711174,3.572943182417226,1.8052206016522192,0.5689505822329192
47.611,0,-3.3245959628062858,-3.781861899761249,1.7529307222199464,0.006986558435579378
47.611,1,2.875782556176769,3.5730100743159476,1.799657864643615,0.5685273040975602
47.621,1,2.876952478824922,3.5730558496712894,1.794096638810258,0.5681378762854336
47.621,0,-3.3245910773796163,-3.781871083073484,1.7529974672551547,0.0065926294908831735
47.631,0,-3.3245844462316807,-3.781880217081646,1.7530609487989688,0.0063484397121318205
47.631,1,2.8781123884453823,3.5730776048516955,1.788537070189926,0.5677718641528073
47.641,0,-3.3245759733436535,-3.7818894911041734,1.7531223269098237,0.00621078636546262
47.641,1,2.879263315405122,3.573072330210745,1.7829792430425335,0.567410818030724
47.651,0,-3.324565573727327,-3.781899107408358,1.7531823954614694,0.006149862931865152
47.651,1,2.8804062776176043,3.57303690511385,1.7774238339067894,0.5669961047336766
47.661,0,-3.324553174038748,-3.7819092788532,1.7532416946922293,0.006145167837674823
47.661,1,2.881542282877049,3.572968116114555,1.7718720186233816,0.5664933388298069
47.671,0,-3.3245387139696465,-3.7819202260440257,1.7533000651722424,0.0060502792426715924
47.671,1,2.882672327175819,3.5728626775431294,1.7663254719097894,0.5658309835510332
47.681,0,-3.3245221507651994,-3.781932175752385,1.7533554641486042,0.00576513816879755
47.681,1,2.883797387608464,3.5727172324146785,1.7607868623932863,0.5649455464938601
47.691,0,-3.3245034601120285,-3.781945367149585,1.7534060811263321,0.005374995176223749
47.691,1,2.8849184175538127,3.572528407170509,1.7552588758200354,0.5638707178312194
47.701,1,2.886036336580458,3.572292857061278,1.7497437278376131,0.5626894350396755
47.702,0,-3.3244826399622665,-3.78196005679517,1.753450703519567,0.004948736961365743
47.711,0,-3.3244597133949445,-3.7819765206177243,1.7534885321437497,0.004547429962712652
47.711,1,2.887152020722094,3.572007305219154,1.744242904305488,0.5614456513080878
47.721000000000004,0,-3.3244347296991066,-3.78199505394803,1.7535190537217828,0.004229278610838288
47.721000000000004,1,2.888266294566365,3.571668526673026,1.7387579061923164,0.5601356484561072
47.731,0,-3.3244077629886677,-3.7820159714621706,1.7535424944437459,0.004113335532946346
47.731,1,2.889379926122541,3.5712733880420497,1.7332898786561453,0.5588657259863898
47.741,0,-3.3243789086739244,-3.7820396051523093,1.7535605173999338,0.00419499118236776
47.741,1,2.8904936223850113,3.570818904703893,1.7278389588675367,0.5576814564226656
47.751,0,-3.324348282641784,-3.78206629173511,1.7535745274867551,0.004398157108977401
47.751,1,2.891608029193271,3.570302176422572,1.7224055874060165,0.556544123673601
47.761,0,-3.3243160169789054,-3.782096363507443,1.7535855050697038,0.0046768115651638865
47.761,1,2.892723731492366,3.5697203904349064,1.7169905849854565,0.5554322481905531
47.771,0,-3.3242822556896505,-3.78213014184434,1.7535941347341952,0.0050051294299355165
47.771,1,2.893841252042612,3.5690708529713473,1.711594840868785,0.5543766798847728
47.781,0,-3.3242471511675733,-3.782167932333571,1.7536009372094354,0.005370165257143284
47.781,1,2.8949610501804512,3.5683510167767416,1.706219072044533,0.5533631887301929
47.791,0,-3.3242108636915093,-3.7822100190132213,1.753606386908671,0.0057628354039607225
47.791,1,2.8960835238436324,3.5675584375082243,1.7008645092941976,0.5523608369905473
47.801,0,-3.3241735656989615,-3.7822566551399848,1.753610831248365,0.006175944075098753
47.802,1,2.8972090058814173,3.5666908188611135,1.695532329814621,0.5514180019786764
47.812,0,-3.3241354453745178,-3.7823080561069515,1.753614511335478,0.006604039802445911
47.812,1,2.8983377609426277,3.5657460482387178,1.6902232519188836,0.5505604024995302
47.821,0,-3.3240967082456208,-3.7823643953017085,1.753617594002732,0.007042430315132458
47.821,1,2.899469988080601,3.5647221544244605,1.6849380887652563,0.5497798063737317
47.831,0,-3.3240575773975993,-3.7824258020907116,1.7536201952525523,0.007486819193828687
47.831,1,2.9006058212623884,3.5636173119444607,1.6796776954593946,0.549094554750783
47.841,0,-3.324018292425858,-3.7824923648128945,1.7536229976025708,0.00793902083940175
47.841,1,2.9017453305573553,3.5624298319793746,1.67444308056324,0.5484199403345286
47.851,1,2.9028885232558443,3.5611580600299058,1.669236563524634,0.5476924666588704
47.851,0,-3.3239791065512105,-3.7825641373708345,1.7536281026646463,0.008405440771954606
47.861,1,2.904035322700193,3.5598004942047843,1.664060319426424,0.5469572792146609
47.862,0,-3.323940281126844,-3.782641133672262,1.753637201432334,0.008894401494402803
47.871,0,-3.323902079478428,-3.7827233312897564,1.7536514277218058,0.009411758584304366
47.871,1,2.9051855544521996,3.5583558144397722,1.6589160700751924,0.5462696384451917
47.881,0,-3.323864761947606,-3.7828106765693237,1.753671529760725,0.009958694807675703
47.881,1,2.906338939621688,3.5568228893589513,1.653805028635486,0.545658840165398
47.891,0,-3.32382858105702,-3.7829030847704344,1.753697158109769,0.010477345049294833
47.891,1,2.907495095427636,3.5552007388949147,1.6487282820977194,0.5451378101704284
47.901,0,-3.323793777550434,-3.783000435883032,1.7537257877012842,0.010922920899905826
47.901,1,2.908653542986096,3.5534885443513637,1.6436866098001217,0.5447499094144833
47.911,1,2.909813728834619,3.551685643473529,1.6386803975822914,0.544506403547144
47.911,0,-3.323760583488983,-3.78310258523983,1.7537553092117497,0.011308892554517091
47.921,0,-3.3237292236936535,-3.7832093621863234,1.7537842770492302,0.011650795526799719
47.921,1,2.9109750478294254,3.549791467611666,1.633710154317159,0.5443907384393819
47.931,0,-3.3236999160652045,-3.7833205683068765,1.7538117030353788,0.011960574065203882
47.931,1,2.9121368586431053,3.547805543493143,1.628776376759171,0.5444251799582056
47.941,0,-3.3236728714910333,-3.7834359775354205,1.7538369149925128,0.012246165238756091
47.941,1,2.9132984955321004,3.5457275105158925,1.6238792916228326,0.5446138060032152
47.951,1,2.914459278704549,3.5435571745321015,1.6190182210723756,0.5451583843761124
47.951,0,-3.323648294399136,-3.7835553395111305,1.753859893215267,0.012530878923789242
47.961,0,-3.323626380075055,-3.7836783862964434,1.7538818084753574,0.012818524661777481
47.961,1,2.9156185242530785,3.5412946605345383,1.6141899665674622,0.5461490761248388
47.971000000000004,0,-3.323607300567737,-3.7838048354962166,1.7539036501253342,0.013098943999834562
47.971000000000004,1,2.9167755537674127,3.538940133874227,1.609391873889312,0.5474731310562647
47.981,0,-3.323591194683867,-3.7839343984339284,1.7539260854500573,0.01336749868541394
47.981,1,2.91792969869724,3.5364937434575525,1.604622467450754,0.5490331892504978
47.991,0,-3.3235781622402367,-3.7840667873566076,1.7539495592162417,0.01362218928022907
47.991,1,2.9190803027161767,3.53395565884554,1.5998810817866993,0.5507679497194864
48.001,0,-3.3235682595333027,-3.7842017194774273,1.7539738753783256,0.013838750422391738
48.001,1,2.920226724769946,3.53132615356874,1.5951670185798437,0.5527540615118447
48.011,0,-3.3235614934660833,-3.78433891474239,1.7539970963574416,0.014000768637886915
48.011,1,2.9213683468347726,3.5286057541951634,1.5904780760215302,0.5550408995920699
48.021,0,-3.3235578244292325,-3.7844780929946804,1.7540175055906901,0.014126194529538791
48.021,1,2.922504573214464,3.525795062414689,1.5858127215456468,0.5575194656623826
48.031,0,-3.323557165659698,-3.7846189659820926,1.7540339444922317,0.014228370853443842
48.031,1,2.9236348294539227,3.5228946871484674,1.5811710770310123,0.5599817918715208
48.041,0,-3.323559383334634,-3.784761231484319,1.754045642969664,0.014315389671148699
48.041,1,2.924758555746081,3.519905190929867,1.5765555350482605,0.5623318686293128
48.051,0,-3.323564298466448,-3.7849045703475652,1.7540520995903326,0.014391080837228062
48.051,1,2.9258752091348343,3.5168272805742236,1.5719684063245876,0.5646013196329945
48.061,1,2.926984257651038,3.5136618186535244,1.5674114767249725,0.566836238177258
48.061,0,-3.3235716900736065,-3.785048645635541,1.7540529667747342,0.014456401645354052
48.071,0,-3.3235813021015375,-3.785193103619351,1.7540478862256823,0.014512181408578172
48.071,1,2.9280851775908983,3.5104098166837745,1.5628858442375364,0.5690651417344773
48.081,0,-3.3235928598589526,-3.785337577164129,1.7540365945993834,0.014558944686657995
48.081,1,2.9291774535393302,3.507072367929153,1.5583925014187592,0.5712789316729967
48.091,0,-3.3236060867104418,-3.7854816897996284,1.7540189380545648,0.014596534929799577
48.091,1,2.9302605821118757,3.5036506263077554,1.5539324699219026,0.5734701343922847
48.101,1,2.9313340816696685,3.5001458732672437,1.5495059574410341,0.5757728861791702
48.102,0,-3.3236207163604385,-3.785625059653449,1.7539948363493725,0.014624757354036896
48.111,1,2.9323975071736785,3.4965596162205563,1.545111179028595,0.5782434837951527
48.111,0,-3.32363650153969,-3.785767303059961,1.7539643507082967,0.014637525955692888
48.121,0,-3.323653217493567,-3.785908039732296,1.7539280180641648,0.014623101285123957
48.121,1,2.933450435922557,3.492893400756697,1.5407466266738448,0.5808146196935805
48.131,0,-3.323670655721857,-3.786046904884989,1.753886381488703,0.014582113738917926
48.131,1,2.934492453099502,3.4891487386901203,1.5364120360306792,0.5833442600531588
48.141,0,-3.3236886164172845,-3.7861835611689987,1.753839843635045,0.014517572641525004
48.141,1,2.9355231355409224,3.4853270687379285,1.532108855844324,0.5857614285620093
48.151,0,-3.3237069032651667,-3.786317706716468,1.753788711510339,0.01443356010254716
48.151,1,2.9365420546159764,3.4814298694002517,1.5278386088387754,0.5880765955222802
48.161,1,2.9375487785960193,3.4774587276548856,1.5236017309111571,0.5904406778015938
48.161,0,-3.323725320055778,-3.7864490800918733,1.7537332223969713,0.014334885892329657
48.171,0,-3.3237436686818542,-3.78657746063603,1.7536742665607,0.014146150178445983
48.171,1,2.9385428826372366,3.4734154130394543,1.5193964193118497,0.5929067905146065
48.182,0,-3.323761750363801,-3.7867026607634857,1.7536150659710776,0.01379964651042194
48.182,1,2.9395239223020555,3.469301668225224,1.515221355028496,0.5954051590782681
48.191,0,-3.3237793742589647,-3.7868245242582086,1.753558389580546,0.0133412668409297
48.191,1,2.940491433319077,3.465119194559128,1.5110759831048894,0.5978853327860743
48.201,0,-3.323796366730416,-3.7869429178291503,1.7535061002604608,0.012810818960221976
48.201,1,2.9414449318118994,3.4608696523096594,1.5069606132596574,0.6002513240230606
48.212,0,-3.3238125776383445,-3.787057722920345,1.7534594316897247,0.012239698108914747
48.212,1,2.9423839027558802,3.4565546060738277,1.5028772000423718,0.6024320249750728
48.221,0,-3.323827884151129,-3.7871688297831114,1.753419183740389,0.011651555904738129
48.221,1,2.943307816331938,3.452175625295387,1.4988276656222073,0.6044577009544839
48.231,0,-3.3238421930947375,-3.787276134848754,1.7533854682988386,0.011100195428920167
48.231,1,2.9442161255047177,3.447734277653682,1.494813717166991,0.606313867417876
48.242,0,-3.3238554442542467,-3.787379548653007,1.7533556332410836,0.010646536128505715
48.242,1,2.945108246230614,3.443232039848947,1.4908380428999808,0.6079434887681775
48.252,0,-3.3238676089016495,-3.7874789946033123,1.7533267525024165,0.010254747756593331
48.252,1,2.9459835758069124,3.4386703637396865,1.4869032402462807,0.6093968006924694
48.261,0,-3.3238786885522487,-3.7875744137616745,1.753296814837779,0.009911467573193474
48.261,1,2.946841528933602,3.4340507910857747,1.4830099376266503,0.6108791847768849
48.271,0,-3.3238887141564852,-3.787665771950665,1.7532644508811963,0.009615325891753627
48.271,1,2.947681562219605,3.4293750006485233,1.4791560396298487,0.6124356709552362
48.281,0,-3.3238977441145954,-3.78775306218479,1.7532291532036715,0.009325306686624993
48.281,1,2.948503146517482,3.4246446566933066,1.4753394096771741,0.6141016931930964
48.291,0,-3.323905860081341,-3.7878363003055378,1.7531921293027604,0.00899488577583926
48.291,1,2.949305786778469,3.4198614557815143,1.4715573277630423,0.615799619160667
48.301,0,-3.323913162224022,-3.7879155248337626,1.753154557665931,0.008634516053593576
48.301,1,2.950088965846744,3.4150269473868198,1.467809680460959,0.6174105512285756
48.311,0,-3.3239197628397377,-3.7879907903621937,1.7531172482772905,0.00825391562721668
48.311,1,2.950852172546689,3.410142636989161,1.4640969244195567,0.6189312443075109
48.321,0,-3.323925780856646,-3.788062160878106,1.7530807555126682,0.007860874120327623
48.321,1,2.951594904260682,3.4052100017773754,1.4604195456836613,0.6203619556422028
48.332,0,-3.323931337547445,-3.7881297047578397,1.7530454563308138,0.007461196513079192
48.332,1,2.952316678067143,3.400230523405689,1.4567772640343668,0.6218154036699329
48.341,0,-3.3239365533383642,-3.788193492734679,1.7530112232893889,0.007103335623858391
48.341,1,2.953017065264073,3.3952057694144075,1.4531673703895858,0.623352433120642
48.351,0,-3.3239415450213614,-3.788253601390836,1.7529769301056866,0.0068131161231723605
48.351,1,2.953695633672185,3.3901372346460454,1.44958794325752,0.6248986700658985
48.361,0,-3.323946422651947,-3.7883101177238223,1.7529416444590515,0.00658150531632356
48.361,1,2.9543519327340695,3.385026304540917,1.4460387215525339,0.6263175757587295
48.371,0,-3.323951287613209,-3.788363147005893,1.7529047408946055,0.006404389098314096
48.371,1,2.954985475112335,3.379874219640086,1.4425218317012096,0.627551585455891
48.381,0,-3.3239562314127817,-3.7884128181568992,1.7528658055612862,0.0062795577095174585
48.381,1,2.9555957838094966,3.374682178196222,1.4390392244182124,0.628639526462996
48.391,0,-3.3239613350540704,-3.7884592850519843,1.7528249734257124,0.006138456586221026
48.391,1,2.9561823874664803,3.369451323387473,1.43559260256566,0.6295798004369939
48.401,0,-3.3239666687634073,-3.7885027223028103,1.7527834442918264,0.0059405722531260365
48.402,1,2.9567448146915516,3.3641827183711923,1.4321839121504647,0.6303833144954311
48.411,0,-3.323972291362949,-3.7885433198220575,1.7527422200884302,0.005704589271596411
48.411,1,2.9572826323137296,3.358877382741577,1.4288146896295548,0.6310827299233602
48.421,0,-3.323978250007481,-3.788581273657432,1.75270198388444,0.00544514486659893
48.421,1,2.9577954673568523,3.353536303462246,1.4254860550951494,0.63170101407236
48.431,0,-3.3239845803130503,-3.788616778492744,1.752663199321825,0.0051731276970213725
48.431,1,2.95828303729214,3.3481604700922905,1.422198093442412,0.6323423700009445
48.441,0,-3.3239913067988227,-3.7886500221366637,1.7526261771017893,0.004896361382353616
48.441,1,2.9587452019030613,3.342750927167089,1.4189489044001604,0.6330461387738576
48.451,0,-3.3239984436876453,-3.7886811821617012,1.7525909474682542,0.00465163454739415
48.451,1,2.9591820012023344,3.337308766454312,1.4157353369582917,0.6339612714707115
48.461,0,-3.324005999705964,-3.788710427645678,1.752557049348154,0.004455933685445569
48.461,1,2.9595937209237304,3.3318351766664946,1.412552164894046,0.6349822123253556
48.471,0,-3.324013989741849,-3.7887379265758936,1.7525240824553578,0.0042992714179699385
48.471,1,2.9599807776745055,3.326331213492173,1.4093986629093191,0.6359454236534635
48.481,0,-3.324022444917215,-3.7887638537670885,1.7524917668843525,0.004175338080741013
48.481,1,2.9603438723935342,3.320797936517673,1.4062750213037205,0.6368451601137326
48.492,0,-3.3240314189776985,-3.788788396021596,1.7524599060147756,0.004080229742231224
48.492,1,2.9606840783853747,3.3152364720020606,1.403180453327188,0.6377897745535062
48.501,0,-3.324040991730584,-3.788811754692982,1.7524285236533215,0.003977804568863213
48.501,1,2.961002866310581,3.309648032021763,1.400112514985252,0.638714703433329
48.511,0,-3.324051265196011,-3.7888341443842632,1.7523982321744749,0.0038409814201442664
48.511,1,2.96130197417338,3.3040337281981547,1.397073002396561,0.6394416934514913
48.521,0,-3.324062346263353,-3.7888557872331132,1.7523695818105822,0.003688989303765382
48.521,1,2.9615834651251354,3.2983946708238796,1.3940652857686764,0.6399009329379323
48.531,0,-3.3240743294896613,-3.788876905837575,1.7523429448843881,0.003536646216600625
48.531,1,2.96184971970895,3.2927319571877365,1.3910949486184416,0.6400450775058445
48.541,0,-3.324087285250481,-3.7888977176361127,1.7523185701329322,0.003395241843182938
48.541,1,2.96210349226895,3.287046763502999,1.3881665465576987,0.6399550996897394
48.551,0,-3.3241012521650846,-3.788918430767274,1.752296620442696,0.0032731310411597313
48.551,1,2.9623478985670038,3.281340345833128,1.3852831650393385,0.6396871183262408
48.561,0,-3.32411623261444,-3.788939241030484,1.7522768584146302,0.00322431393705783
48.561,1,2.962586372376186,3.275614010312705,1.3824471090764634,0.6392534632890147
48.571,0,-3.3241321933216796,-3.7889603291507457,1.7522581889874422,0.0032578039377131685
48.571,1,2.9628226130008612,3.2698690873202314,1.3796605721528894,0.638671623903046
48.581,0,-3.324149073775533,-3.7889818584641914,1.7522397129610918,0.003342985557903768
48.581,1,2.963060525719979,3.2641069374469724,1.3769250620174356,0.6379738815595216
48.591,0,-3.324166794023462,-3.7890039734542635,1.75222082067408,0.0034612929199821355
48.591,1,2.963304147216096,3.25832896180864,1.3742405229372252,0.6372750907046915
48.601,0,-3.324185260768074,-3.7890267990536546,1.7522011024892539,0.0036009751589530336
48.601,1,2.963557555701758,3.252536615759213,1.3716042145768312,0.6366201243800764
48.612,0,-3.3242043726082295,-3.7890504411316046,1.7521809681252483,0.003662702441536431
48.612,1,2.96382480930475,3.246731344763722,1.3690135618162347,0.6359919001052098
48.621,0,-3.3242240236523535,-3.789074987484654,1.752162550795516,0.0036201146576938857
48.621,1,2.9641098990725725,3.240914572443799,1.3664669624546608,0.6352928441943744
48.631,0,-3.324244103462807,-3.7891005057059632,1.7521475888214137,0.003541500031898834
48.631,1,2.9644167561460675,3.235087669915402,1.3639660475161557,0.6344440735805742
48.641,0,-3.324264498079252,-3.7891270428931865,1.7521372389122576,0.003484550994125706
48.641,1,2.964749182038806,3.2292520145715056,1.3615124176855526,0.633483387795488
48.651,0,-3.3242850912339534,-3.7891546263239637,1.7521322501200167,0.003492173360046153
48.651,1,2.965110815800696,3.2234089983085115,1.3591069682198693,0.6324378203103204
48.661,0,-3.32430576549323,-3.789183264654669,1.7521330867645453,0.0035883656677007172
48.661,1,2.9655050735280937,3.2175600357967236,1.3567487876655453,0.6314410037282652
48.671,1,2.9659350590713354,3.2117065726736334,1.3544336771332979,0.630527750396691
48.671,0,-3.324326403470874,-3.7892129492181987,1.7521396130272402,0.0037539475898220784
48.681,0,-3.3243468911467082,-3.7892436581256463,1.7521505849563352,0.003932719932415669
48.681,1,2.9664036734886747,3.2058500319044887,1.3521585731821877,0.6296425953225402
48.691,1,2.96691363125982,3.199991814106008,1.3499220794520341,0.6286968740257667
48.692,0,-3.3243671243183956,-3.7892753670082646,1.7521649387697502,0.004101380564461496
48.701,0,-3.324387014038278,-3.7893080574340243,1.7521819188563226,0.00425431756918689
48.701,1,2.9674675262367405,3.1941332960603948,1.347725706241836,0.6276314236292659
48.712,0,-3.324406490073259,-3.78934172243866,1.752200981199337,0.004392835180254967
48.712,1,2.968067734294661,3.1882758547156533,1.3455709211079434,0.6264777226598481
48.721000000000004,1,2.9687164048014676,3.1824208673970156,1.3434585788073856,0.6252571816489403
48.721000000000004,0,-3.324425502806624,-3.7893763700131804,1.7522217272318756,0.004520430606916616
48.731,1,2.96941550623098,3.176569705643613,1.3413896174558242,0.6239489343651711
48.732,0,-3.324444023544928,-3.789412025457452,1.752244579213791,0.004729097190832731
48.741,0,-3.324462043486786,-3.7894487272439763,1.7522717546554387,0.0050800389523781315
48.741,1,2.970166874201324,3.1707237290819132,1.3393657942835135,0.6225537953584699
48.751,0,-3.3244795732262067,-3.789486509131507,1.7523050442336408,0.005559375977126999
48.751,1,2.97097214442164,3.164884278241046,1.3373883197518686,0.621102644347487
48.761,0,-3.3244966409351315,-3.7895253856349456,1.7523456207537356,0.006147183266763557
48.761,1,2.9718327165173988,3.1590526628202005,1.3354572706424612,0.6196648979403231
48.771,0,-3.3245132903149153,-3.789565342681649,1.752394224112718,0.0068174139133000845
48.771,1,2.972749642529098,3.153230145186152,1.3335697613823916,0.618311290117959
48.781,0,-3.3245295788259153,-3.789606331587301,1.7524507290926465,0.007424584610667319
48.781,1,2.973723746989055,3.147417933689511,1.3317224569477764,0.6170437046992898
48.792,0,-3.3245455788843743,-3.789648266672456,1.752512907460317,0.00784409410123403
48.792,1,2.9747556475729495,3.141617179269946,1.3299120806054414,0.6158180799259706
48.801,0,-3.3245613838535113,-3.7896910316380183,1.7525787261072179,0.008121857170935123
48.801,1,2.9758459309004417,3.1358289929731997,1.3281381768504248,0.6145712391313992
48.81,0,-3.324577114235112,-3.7897344851465125,1.7526467661121548,0.008296328334153266
48.81,1,2.976995053883746,3.1300544382384943,1.3264008264510851,0.6133115361467388
48.819,0,-3.3245929209826124,-3.7897784654089053,1.7527160388756788,0.008395853324042888
48.819,1,2.9782033333434783,3.1242945285089183,1.3246999762157758,0.6120457530225782
48.831,0,-3.3246089864821324,-3.7898227943429483,1.7527858494114799,0.008440331707043034
48.831,1,2.979470971294381,3.1185502287794207,1.3230355043762536,0.6107791970763967
48.841,0,-3.3246255235159743,-3.7898672814793812,1.7528556280037362,0.008427289431237609
48.841,1,2.9807980534425456,3.1128224525995773,1.3214068830104484,0.6095404465385098
48.851,0,-3.3246427690599765,-3.7899117289232502,1.7529246834979775,0.008354926254280654
48.851,1,2.9821845144258283,3.107112052414636,1.3198123713866525,0.6083508037215999
48.861,0,-3.324660969702585,-3.7899559387948942,1.752992475472056,0.00824216218979551
48.861,1,2.9836301633063838,3.1014198197624783,1.318249325494491,0.6072627535765789
48.872,0,-3.3246803672487397,-3.7899997199240283,1.7530586352219246,0.008102866824400878
48.872,1,2.9851346111694257,3.0957464656629976,1.3167130234897004,0.6062895314949591
48.881,0,-3.324701188201071,-3.790042892701439,1.7531229129216743,0.00794740710045129
48.881,1,2.986697443339057,3.090092652625235,1.3151997566143936,0.605394024168546
48.891,0,-3.324723636685712,-3.790085292348963,1.7531852517791282,0.007806884567815309
48.891,1,2.9883182591403425,3.084459005872634,1.3137077080986486,0.6045094097802036
48.901,0,-3.3247478906839856,-3.790126770917958,1.7532460241726366,0.0077037861606201845
48.901,1,2.989996702045621,3.0788461261194833,1.3122375877925605,0.6036050136457712
48.911,1,2.9917323125026085,3.07325455785724,1.3107901742167998,0.6026915943008703
48.911,0,-3.3247740999301905,-3.79016719911275,1.7533055751776883,0.007628557448850163
48.921,0,-3.3248023857846056,-3.7902064671845634,1.7533641385452805,0.007575110168483754
48.921,1,2.9935244722991623,3.0676847770444975,1.3093653274653112,0.6018117019220798
48.931,0,-3.3248328419964013,-3.7902444850765358,1.7534218712028018,0.007539531619639648
48.931,1,2.9953723618348724,3.062137179027119,1.3079612222432846,0.6009811709387648
48.941,0,-3.324865535916284,-3.790281182087169,1.7534788769631777,0.007519188683994911
48.941,1,2.9972750738145,3.056612108406237,1.3065763470684688,0.6001843672737941
48.951,0,-3.324900510263703,-3.7903165059086343,1.753535325622038,0.007530812103800719
48.952,1,2.9992316591249737,3.0511098740301206,1.3052103658839567,0.5993730933180713
48.961,0,-3.324937784393038,-3.790350419451764,1.753591607465531,0.007579309042706937
48.961,1,3.001241177836433,3.0456307689640383,1.3038649189981597,0.5985264433838229
48.971000000000004,0,-3.3249773531743863,-3.7903828950659784,1.7536480267113257,0.0076536317181289575
48.971000000000004,1,3.003302599935259,3.0401750430380363,1.3025414114234974,0.5976575270051132
48.981,0,-3.3250191869377916,-3.790413908950526,1.7537047814983724,0.007745429744929754
48.981,1,3.0054148165812644,3.0347429081449238,1.3012407526429455,0.5967748669312982
48.991,0,-3.3250632323848124,-3.7904434371755618,1.7537619967157498,0.007848232391600657
48.991,1,3.0075766600338167,3.02933454610007,1.2999633601139378,0.5958907592171451
49.001,0,-3.3251094133587515,-3.79047145342712,1.7538194860678629,0.007910809116669413
49.002,1,3.0097869236831,3.0239501153702273,1.2987092494621184,0.5950013698039207
49.011,0,-3.3251576288322293,-3.790497927445401,1.753876406757319,0.007912664979866313
49.011,1,3.0120444171191223,3.018589768051045,1.2974787950099733,0.5941016563786093
49.02,0,-3.325207748671011,-3.7905228216053612,1.7539320738007171,0.007873249745460435
49.02,1,3.014347942916369,3.0132536377819363,1.2962718539952063,0.5932167879910353
49.031,0,-3.325259608844782,-3.7905460893481147,1.7539860300007364,0.007804776650897955
49.031,1,3.0166962633448904,3.007941821508975,1.2950867416057652,0.5923637335720413
49.041,0,-3.32531300912941,-3.7905676747130843,1.7540379757984956,0.007714370956492489
49.041,1,3.0190881879084093,3.002654406783091,1.293921947005874,0.5915300525425111
49.051,0,-3.3253677131270285,-3.7905875125425843,1.7540877216764033,0.007605594458209596
49.051,1,3.0215226008935465,2.9973914794309184,1.2927767763747433,0.5906912497649796
49.061,0,-3.325423450424135,-3.790605528581803,1.7541354701054275,0.007527447661346439
49.061,1,3.023998484404433,2.992153132276692,1.291651895044218,0.5898289283174523
49.071,0,-3.325479919565323,-3.790621638706729,1.7541822304687857,0.0074944997447111495
49.071,1,3.0265148748916864,2.9869394472172557,1.2905483652027523,0.5889462706722847
49.081,0,-3.325536790025808,-3.7906357495029774,1.7542288280302034,0.007482004919034636
49.081,1,3.029070820404527,2.981750483665421,1.2894669365840337,0.5880511287725726
49.091,0,-3.325593706068846,-3.7906477576907407,1.7542758156385116,0.007474413226024476
49.091,1,3.0316653485515617,2.976586272458843,1.288407588778942,0.5871683959937182
49.101,0,-3.3256502911701302,-3.7906575500802697,1.7543235581322372,0.007462180714828044
49.101,1,3.034297433218187,2.9714468050857388,1.2873689803378199,0.5863067979674441
49.111,0,-3.325706153079552,-3.7906650055813134,1.7543717645535366,0.00734825094550893
49.111,1,3.03696604501802,2.9663320582973283,1.2863499687059057,0.5854567410161449
49.121,0,-3.325760893391096,-3.790670003009449,1.7544182880565098,0.007060271742741218
49.121,1,3.039670157629483,2.9612419983833695,1.2853500639723645,0.5845989493032637
49.131,0,-3.3258141207764047,-3.7906724280962942,1.754461243857716,0.006654577268215503
49.131,1,3.0424087542844447,2.9561765837415264,1.2843697455293213,0.583724626574515
49.141,0,-3.325865463386915,-3.790672183733173,1.754499368240884,0.0061767031954558455
49.142,1,3.045180794794152,2.951135743568069,1.2834094515526568,0.582837413592672
49.151,0,-3.325914577947745,-3.790669197881157,1.7545318267306291,0.005664123593954503
49.151,1,3.0479852166854373,2.946119375162532,1.2824694049169225,0.5819413558944969
49.161,0,-3.3259611558758513,-3.7906634284415484,1.7545580816138504,0.005149814142801054
49.161,1,3.050820941866082,2.941127344940119,1.2815496013802805,0.5810390405182636
49.172,0,-3.326004927029584,-3.790654865750532,1.7545778084688406,0.0046666096243210674
49.172,1,3.053686887208169,2.936159489300152,1.280649860484428,0.5801369226874331
49.181,1,3.05658196111803,2.931215605217829,1.2797693860775905,0.5792433757584863
49.181,0,-3.3260456616761864,-3.7906435321904457,1.7545908770770244,0.004247958813666309
49.191,0,-3.3260831716023254,-3.7906294778911884,1.7545972567921382,0.0039258285805678205
49.191,1,3.059505086658013,2.9262954489097117,1.2789069020941637,0.5783744957208726
49.201,0,-3.3261173099555905,-3.790612775206306,1.7545969643186892,0.0037310496127966265
49.201,1,3.062455201785129,2.921398720596695,1.2780601857954,0.5775367502327984
49.208,0,-3.3261479700063097,-3.790593513912888,1.754590050207866,0.0036853979718722467
49.208,1,3.065431307425894,2.9165250817931625,1.2772275003047713,0.5767239422961978
49.221,0,-3.3261750831614556,-3.7905717971844943,1.7545765890833185,0.0037924810239585533
49.221,1,3.068432473597069,2.9116741545481455,1.2764078955158014,0.5759249848324866
49.231,0,-3.3261986113519373,-3.790547734858804,1.7545580211962089,0.003860246104240648
49.231,1,3.071457850473535,2.906845528253788,1.275601656862133,0.5751318927536033
49.241,0,-3.3262185345238495,-3.790521434026559,1.7545390344118104,0.0037447732754063087
49.241,1,3.074506647114052,2.9020387484586614,1.2748093418855788,0.5743513035300034
49.251,0,-3.3262348557469634,-3.790493000211705,1.7545234217419068,0.0035427601918448797
49.251,1,3.0775781130143205,2.8972533159684097,1.27403091251195,0.573603786077061
49.261,1,3.08067152401918,2.892488689206168,1.2732651823295504,0.5728988947950913
49.261,0,-3.3262475931958364,-3.790462529936823,1.7545137392361032,0.003390336791583602
49.271,0,-3.3262567718100873,-3.7904301042654787,1.7545116834786685,0.003418324833321771
49.271,1,3.0837862114936025,2.887744309730038,1.2725111603261805,0.5722336591441525
49.281,1,3.086921560291823,2.883019608474131,1.2717683131106645,0.5716020864301758
49.281,0,-3.3262624211346075,-3.790395786936397,1.7545173460536996,0.0036364759740698228
49.291,0,-3.326264580822821,-3.7903596274222218,1.7545279914132148,0.00389281442029689
49.291,1,3.0900770047399684,2.8783140101223075,1.271036666754777,0.5710018963077356
49.301,0,-3.3262632990017567,-3.7903216607178267,1.7545412711760502,0.004130369627244084
49.301,1,3.0932520151463714,2.8736269283078517,1.2703163029331201,0.5704353843778381
49.311,0,-3.3262586402524463,-3.7902819129272185,1.7545555618045705,0.004346041326870598
49.311,1,3.0964460934258553,2.86895776831037,1.2696072573946102,0.5699043321764873
49.321,0,-3.3262506921215427,-3.790240406328216,1.75456974117221,0.00454946449344577
49.321,1,3.099658766816537,2.8643059312340675,1.2689094227909548,0.569412718168613
49.331,0,-3.326239568678231,-3.790197163011056,1.7545830332295986,0.004749875020108553
49.331,1,3.102889581170777,2.8596708167514624,1.268222422014512,0.5689618223882843
49.341,1,3.1061381082951836,2.8550518297911864,1.2675460542042771,0.5685469788148896
49.341,0,-3.326225411480446,-3.790152207243221,1.7545949366487992,0.004955070416307994
49.351,0,-3.326208383005485,-3.790105564010239,1.7546052287277538,0.00516828784531089
49.352,1,3.1094039431983553,2.850448378648316,1.2668802702501045,0.5681733920252059
49.361,0,-3.3261886473148703,-3.7900572512314366,1.7546137877524166,0.005389266038560139
49.361,1,3.1126866853792827,2.8458598566362023,1.266224331586637,0.5678462985329261
49.371,0,-3.326166350771301,-3.7900072719258846,1.7546205355753983,0.005618682534384502
49.371,1,3.115985952979499,2.841285638317088,1.2655776167482995,0.5675646030207003
49.381,0,-3.3261416087582814,-3.789955609230918,1.7546254240297658,0.005858112321717879
49.381,1,3.1193013806737535,2.836725072638008,1.2649397622271321,0.5673270332115955
49.391,0,-3.326114497360674,-3.7899022236690576,1.7546285133926693,0.006110688933196666
49.391,1,3.122632608630947,2.8321774741330805,1.2643104729718098,0.5671398407737581
49.401,0,-3.3260850538775695,-3.789847053893366,1.75463017349036,0.006376548136117542
49.401,1,3.125979260366288,2.8276421126158557,1.263688825159683,0.5670085226285451
49.411,0,-3.3260532927276025,-3.7897900239364333,1.7546307274923394,0.006653788622166108
49.411,1,3.1293409508734764,2.823118233280225,1.2630740283283448,0.5669292378811888
49.421,0,-3.32601922173414,-3.7897310505233115,1.7546303922675603,0.006940970406120291
49.421,1,3.1327172765800704,2.818605073672461,1.2624652061830173,0.5669069243344989
49.431,0,-3.3259828537609484,-3.7896700485863413,1.7546293111546578,0.007236539417410453
49.431,1,3.136107778545482,2.8141018580566293,1.2618605103270035,0.5669436817769041
49.441,0,-3.325944214726273,-3.7896069354396524,1.7546275762922399,0.007538665436462232
49.441,1,3.139511914068353,2.8096077686305967,1.2612584622069096,0.5670297929656971
49.451,0,-3.3259033484995224,-3.7895416337188372,1.7546253460017354,0.007844431770303514
49.451,1,3.142929020177591,2.8051219131610083,1.2606587944672691,0.5671398641176427
49.461,1,3.146358284673413,2.800643288995395,1.2600638881467119,0.5672549423150962
49.462,0,-3.325860316780244,-3.789474074026769,1.7546232260666346,0.008150642945599149
49.471,0,-3.32581519335449,-3.7894042021205525,1.7546217732035834,0.008456450745515152
49.471,1,3.1497986259357598,2.796170704121387,1.2594760025693381,0.5673815958486977
49.481,1,3.153248626223415,2.791702725936593,1.2588966931771195,0.5675247498077096
49.482,0,-3.325768056018916,-3.7893319848084843,1.7546213569269342,0.008761081681054545
49.491,0,-3.325718980230876,-3.7892574132785555,1.7546222162784957,0.009063438923196589
49.491,1,3.156706501208742,2.7872376596733557,1.258326908531264,0.5676869401673815
49.501,1,3.1601700830298785,2.7827735434267296,1.2577667463824997,0.5678795219809182
49.501,0,-3.3256680350338756,-3.7891805049903264,1.754624348899016,0.009360718637245177
49.511,0,-3.325615283858684,-3.7891013028500593,1.7546269814552826,0.009648352756382138
49.511,1,3.1636368180189995,2.778308167778641,1.2572147897311754,0.5681040333706896
49.521,1,3.167103795254125,2.7738391048759885,1.2566697585626463,0.5683517390749897
49.522,0,-3.3255607908558407,-3.7890198639416086,1.7546293543892384,0.009925779532593723
49.531,0,-3.325504629347962,-3.788936248803185,1.754630952960578,0.010193620815185522
49.531,1,3.1705677718998104,2.7693637489854726,1.2561305756736036,0.5686139232216457
49.541,0,-3.325446887863151,-3.7888505142407807,1.7546314318341323,0.010452582162535364
49.541,1,3.174025213011393,2.764879359235687,1.2555964812052267,0.5688818522441368
49.551,0,-3.3253876736599084,-3.788762708428276,1.7546305627794119,0.010703173576370273
49.551,1,3.177472334487722,2.7603831024347527,1.2550670665145138,0.569146389456266
49.561,0,-3.3253271133691866,-3.7886728668219916,1.754628863144522,0.01094265893603772
49.561,1,3.180905137994901,2.7558720844581632,1.2545424621092804,0.5693980551400339
49.571,0,-3.3252653507148344,-3.7885810176059564,1.7546284971594317,0.011170428677539927
49.571,1,3.1843194342502197,2.751343370605313,1.2540232769694408,0.5696330799891802
49.581,0,-3.3252025448548195,-3.7884872089582506,1.7546312189465314,0.011392980407200175
49.581,1,3.1877108763322286,2.746794019495245,1.2535098381798724,0.5698549511922227
49.591,0,-3.3251388654091625,-3.788391529925775,1.7546381950458902,0.011615343600173099
49.591,1,3.1910750013937097,2.742221113987935,1.2530019862062383,0.5700670126015245
49.601,0,-3.3250744878403204,-3.788294122975663,1.754650184886971,0.011838774803502065
49.601,1,3.1944072716785366,2.737621779638485,1.2524994882554066,0.5702725148338154
49.609,0,-3.325009590078442,-3.788195191210519,1.7546670817164653,0.01203832312029156
49.609,1,3.197703134294654,2.7329932255192007,1.2520016988135563,0.5704841871424027
49.621,0,-3.324944350998018,-3.788094994392178,1.7546871858175077,0.012186812887550458
49.621,1,3.200958081384166,2.728332788119481,1.251507010310471,0.5707114135971683
49.631,0,-3.3248789504037153,-3.7879938267695192,1.7547090549855553,0.012282177054750673
49.631,1,3.204167629594401,2.7236378998470534,1.2510140647868515,0.5709587594823374
49.641,0,-3.32481357038688,-3.7878919982500925,1.7547316889130147,0.012327226353452823
49.641,1,3.2073273298856493,2.718906093571511,1.2505218325355452,0.5712331149212513
49.651,1,3.210432787036633,2.714135017419218,1.250029522359278,0.5715424695504684
49.652,0,-3.3247483959564152,-3.78778982051981,1.7547543954216895,0.012326205928487355
49.661,0,-3.324683614978053,-3.7876875967535795,1.7547766956243598,0.012283392715065945
49.661,1,3.2134796781624213,2.7093224467063224,1.2495365479201763,0.5718962993230674
49.671,0,-3.3246194173362067,-3.787585614116426,1.754797755961801,0.012182313425189282
49.671,1,3.2164637715353117,2.7044662928567234,1.2490424663783684,0.5723046509960992
49.681,0,-3.3245559934067894,-3.7874841389322014,1.7548156415465557,0.012026365085596803
49.681,1,3.219380958519077,2.6995646270997993,1.2485467389228726,0.5727826368328752
49.691,0,-3.3244935338410873,-3.7873834158010418,1.754828819673785,0.011840470403548808
49.691,1,3.222227316292895,2.6946157294560806,1.2480482365539245,0.5733425403450247
49.701,0,-3.3244322288365056,-3.7872836680602817,1.7548362627110532,0.011644898876835615
49.701,1,3.2249991048611486,2.689618074591498,1.247546020519042,0.5739922556740183
49.711,0,-3.3243722671147338,-3.7871850983326225,1.7548372926827418,0.011455220220472441
49.711,1,3.2276927856239954,2.684570335653269,1.2470396128991545,0.5747356701672528
49.721000000000004,0,-3.3243138348031476,-3.7870878891811057,1.7548314721990685,0.011283113001359781
49.721000000000004,1,3.230305016648997,2.679471375498628,1.2465292238987769,0.5755784610141941
49.731,0,-3.324257115224501,-3.786992204738379,1.7548190771887535,0.011116730041959172
49.731,1,3.2328326753315224,2.674320261122979,1.2460152634647503,0.5765248703219324
49.741,0,-3.3242022884748215,-3.786898194951077,1.754802347297209,0.01091935774006391
49.741,1,3.2352728106711464,2.6691162233831234,1.245498741213971,0.577579786291426
49.751,0,-3.324149520757363,-3.7868059968599663,1.7547832841124436,0.010683850353121931
49.751,1,3.2376227134183893,2.6638586862679206,1.2449804290997528,0.5787541341123928
49.761,0,-3.3240989567693795,-3.7867157379756304,1.7547632653304395,0.010413270148361761
49.761,1,3.2398799343736844,2.658547257489302,1.244460715289901,0.5800572824459808
49.771,0,-3.3240507155237187,-3.786627539399014,1.7547432358898685,0.010113626179417539
49.771,1,3.242042269977641,2.653181699249594,1.2439398173824636,0.5814970099553642
49.781,0,-3.3240048883137256,-3.7865415181420268,1.7547239378149737,0.009786013030615798
49.781,1,3.244107850657781,2.647761970447328,1.243416901471378,0.5830950782539048
49.791,1,3.246075275913182,2.6422882959242564,1.2428888075167612,0.5848614888018469
49.791,0,-3.323961538291577,-3.7864577881312873,1.7547062345227953,0.00943301527948218
49.801,0,-3.323920699298081,-3.786376457434457,1.754690791485068,0.009064279767260994
49.801,1,3.247943343902819,2.6367609785057016,1.24235298918962,0.5867922857056175
49.811,0,-3.3238823763135454,-3.78629762588056,1.754678055718381,0.008688053806057926
49.811,1,3.2497110169014287,2.631180369425489,1.2418078966228197,0.5888822200642356
49.821,0,-3.323846546925184,-3.7862213836210805,1.754668323661925,0.008311227980014022
49.821,1,3.2513774155234847,2.6255468641404343,1.2412529097592948,0.5911276082161065
49.831,0,-3.3238131631955956,-3.786147810249767,1.7546617864243013,0.007939665332985372
49.831,1,3.2529418496390115,2.6198609230796,1.2406877407656465,0.5935262605510397
49.841,0,-3.323782152856353,-3.7860769730441617,1.7546580743431672,0.007582836179905758
49.842,1,3.2544037597583966,2.6141230444023855,1.2401127133956524,0.5960677967358606
49.851,0,-3.323753421525073,-3.7860089235512646,1.7546551274512967,0.0072382268743826535
49.851,1,3.255762651961556,2.608333741335584,1.239529162085775,0.5987466548061365
49.861,0,-3.3237268666106337,-3.7859437026837393,1.7546511381542111,0.0069044738860193616
49.861,1,3.257018257051737,2.602493648313037,1.23893782138633,0.6015591009854195
49.871,1,3.25817049847951,2.596603507859636,1.2383392142151308,0.6044962588460816
49.871,0,-3.3237023867008277,-3.7858813418292887,1.7546448814214703,0.006589152094631438
49.881,0,-3.3236798872864313,-3.7858218627605593,1.7546355349783918,0.006302131627354154
49.881,1,3.2592194720300864,2.59066416300497,1.237733913298909,0.6075453207425522
49.892,0,-3.3236592847487616,-3.78576527792924,1.7546226104130256,0.006049267447465488
49.892,1,3.2601653567011066,2.5846765151493356,1.2371233212149844,0.6106844880417662
49.901,0,-3.323640508847665,-3.7857115898550173,1.7546060022605687,0.0058318812070615594
49.901,1,3.2610083362151703,2.5786414918324376,1.2365101518314618,0.6138987509194351
49.911,1,3.261748759464564,2.5725601438299828,1.235896583469367,0.6171798864813474
49.911,0,-3.323623502954664,-3.7856607868494563,1.7545857050012106,0.0056538170245341995
49.921,0,-3.3236082238523714,-3.785612839663802,1.754561734529387,0.005518375424640221
49.921,1,3.262387123881036,2.5664336440786957,1.2352841426300118,0.6205177009759357
49.931,0,-3.323594641255782,-3.7855676998577517,1.7545341214543744,0.005427936431881727
49.931,1,3.2629240262501122,2.56026326419487,1.2346739415073673,0.6239011898352689
49.942,0,-3.3235827370428495,-3.7855252993719537,1.7545029076369159,0.005383578209372306
49.942,1,3.2633601586196437,2.5540503728849697,1.2340665436561518,0.6273217830666932
49.951,0,-3.3235725054205396,-3.785485553009999,1.754468912427914,0.005248335719630693
49.951,1,3.2636963041839797,2.5477964280770693,1.2334619949121428,0.6307663749277455
49.961,0,-3.3235639509252217,-3.785448363455508,1.7544355618822387,0.004893038095897292
49.961,1,3.263933268384767,2.541502924278607,1.232860771792432,0.6342211916114736
49.971000000000004,0,-3.3235570699070505,-3.785413612682506,1.7544058167408119,0.004391691909093655
49.971000000000004,1,3.264071965919929,2.5351714056813455,1.2322633704167163,0.6376754287437352
49.981,0,-3.323551837055661,-3.7853811610822508,1.7543816660977052,0.0038212229359267653
49.981,1,3.2641134569242163,2.528803460440703,1.231670307687206,0.6411168468374357
49.992,0,-3.323548197682826,-3.785350849497545,1.754364426442972,0.0032633283822361193
49.992,1,3.2640589408141834,2.522400705430376,1.231082294169434,0.6445344416443635
50.001,0,-3.3235460632384553,-3.7853225012335274,1.7543547285525638,0.002829223937638798
50.001,1,3.263909846091033,2.5159648185336714,1.2304991142617832,0.6479294417305109
50.011,0,-3.3235453127599457,-3.7852959264038195,1.7543521325888964,0.0025835815552293657
50.011,1,3.263668002271808,2.509497608536033,1.2299175003716674,0.6513012754069382
50.021,0,-3.3235458061255856,-3.785270934458611,1.754356109212092,0.0025287826633995036
50.021,1,3.2633353186083984,2.503000885807878,1.2293342025688907,0.6546343441279787
50.031,0,-3.323547396674216,-3.7852473444826495,1.754366253252676,0.002641835682117709
50.031,1,3.2629136796954055,2.4964764221280307,1.2287470645450276,0.6579138659286312
50.041,0,-3.323549940277157,-3.7852249920404732,1.7543822409276297,0.002879522179571175
50.041,1,3.2624049668763617,2.4899259626432917,1.22815481594621,0.6611259481308414
50.051,0,-3.3235533018657977,-3.7852037336714086,1.7544038062146776,0.0031981354496979073
50.051,1,3.2618110578160384,2.4833512316229713,1.2275569756312024,0.6642585019391541
50.061,0,-3.3235573601434756,-3.785183449711978,1.7544311832447768,0.003656510181335348
50.061,1,3.261133822391769,2.476753938066557,1.2269535728236864,0.6673006126581393
50.071,0,-3.3235620091764493,-3.785164041287479,1.7544657323164108,0.0042890244048553235
50.071,1,3.2603750880519726,2.470135772426542,1.2263451740756075,0.6702439114821347
50.081,0,-3.3235671549801173,-3.7851454170561984,1.7545085297941634,0.005046516301661409
50.081,1,3.2595366568618402,2.463498422783454,1.2257323271352767,0.6730830234123614
50.091,0,-3.323572712709563,-3.7851274821285847,1.7545602477236129,0.005886362284011126
50.091,1,3.258620287465489,2.4568435759703635,1.2251154699597402,0.6758133518457554
50.101,0,-3.3235786045819076,-3.7851101307439445,1.7546212786228996,0.0067766791493446225
50.101,1,3.2576276688984787,2.450172911546621,1.224495003253794,0.6784313244504298
50.111,1,3.256560432171676,2.443488106511574,1.2238709784271893,0.6809386805239399
50.111,0,-3.3235847581900044,-3.785093241745867,1.7546913747980741,0.007589424824490267
50.121,0,-3.3235911061257686,-3.785076679827542,1.7547690850416786,0.008265990461035367
50.121,1,3.2554201838928014,2.436790841947577,1.2232426695084277,0.683334974690591
50.131,0,-3.323597587826164,-3.7850603049357416,1.754853165347802,0.008843582530884582
50.131,1,3.25420844992405,2.430082779416381,1.2226095546860576,0.6856161781003204
50.141,1,3.2529266856519934,2.4233655588448237,1.2219714643183497,0.6877777444842118
50.142,0,-3.323604150902891,-3.785043980790514,1.7549427185036304,0.009348862108001172
50.151,0,-3.3236107518121774,-3.785027580910639,1.7550370877599124,0.009800578648330099
50.151,1,3.251576281577034,2.4166407984328946,1.2213286036690554,0.6898168833274632
50.161,0,-3.3236173560698337,-3.7850109927363618,1.7551357805369843,0.010211575803215517
50.161,1,3.25015857147591,2.4099100955651864,1.2206812607220032,0.6917332638832387
50.171,0,-3.323623938139949,-3.784994120189082,1.7552386594950893,0.010653270912393297
50.171,1,3.2486747775310802,2.4031750186349723,1.2200304223914302,0.69351447920722
50.181,0,-3.323630481909557,-3.7849768854921195,1.755346453396359,0.011176805987497051
50.181,1,3.2471258966023364,2.3964370912481567,1.2193794459743337,0.6951514535774398
50.191,1,3.2455129061617467,2.3896978192386293,1.218731277940862,0.6966532066944463
50.191,0,-3.3236369827744867,-3.784959231801715,1.7554597951103525,0.011750624836175639
50.201,0,-3.3236434494198517,-3.784941124850286,1.7555790567569611,0.012352819520930165
50.201,1,3.243836809427567,2.382958687677629,1.218087977469507,0.6980270154797764
50.211,0,-3.3236499045730965,-3.7849225533212367,1.7557044369229449,0.012969222162017412
50.211,1,3.24209862527666,2.376221154533473,1.217451015433165,0.699277826567293
50.222,0,-3.323656385003741,-3.7849035283881074,1.755836004173614,0.013587487382401394
50.222,1,3.24029937033166,2.369486647091732,1.2168215894681917,0.7004095633385091
50.231,0,-3.3236629409415155,-3.7848840825666916,1.7559736050321022,0.014165459000285215
50.231,1,3.2384400606141206,2.3627565590107835,1.2162003784967976,0.7014314973107164
50.241,1,3.2365217295331252,2.35603224920712,1.2155870184084723,0.7023521261319813
50.241,0,-3.3236696365273954,-3.7848642676153523,1.7561165703489492,0.014671313612960903
50.251,0,-3.3236765532223225,-3.784844150665163,1.75626428690028,0.015124017862492083
50.251,1,3.2345453693627815,2.3493150406653363,1.214980959718056,0.7031735537448485
50.261,1,3.2325119097063473,2.3426062200255227,1.2143818360575005,0.703897791549732
50.261,0,-3.323683792727861,-3.7848238105136955,1.7564163002877229,0.01553681498184798
50.271,0,-3.3236914781420026,-3.7848033345233474,1.7565722664413035,0.015919004104211015
50.271,1,3.230422233248555,2.335907038747339,1.2137892744108754,0.7045292951402491
50.281,0,-3.3236997531037344,-3.784782815992191,1.7567312136685675,0.016091558642358363
50.281,1,3.228277161890799,2.329218715302938,1.2132033376840652,0.7050608340692609
50.291,0,-3.3237087742954188,-3.7847623514330593,1.756889853163404,0.01592101791068617
50.291,1,3.2260774158591805,2.322542438312347,1.2126256612736963,0.7054901199507817
50.301,0,-3.3237186966806247,-3.7847420375044587,1.757045373371353,0.015519245408250166
50.301,1,3.2238237496057476,2.3158793580610486,1.2120576365202567,0.7058229621887689
50.311,0,-3.3237296585506444,-3.78472196881263,1.7571958823891585,0.014963304685373676
50.311,1,3.2215169852944388,2.309230585259877,1.2115002272806412,0.7060628600971254
50.321,0,-3.3237417709814734,-3.7847022362885396,1.7573401239802746,0.014307001221391513
50.321,1,3.219158014388345,2.302597192401283,1.2109541380803126,0.7062121067078425
50.331,1,3.216747788686663,2.295980212585005,1.2104198656034595,0.7062730477275888
50.332,0,-3.3237551112109016,-3.7846829259527155,1.7574772822280478,0.013587498030957748
50.341,0,-3.3237697194702953,-3.7846641181336564,1.7576071220776446,0.01290317102276447
50.341,1,3.2142873390269173,2.2893806330268345,1.2098971381306132,0.7062581924969313
50.351,0,-3.323785599890958,-3.7846458867955293,1.7577305585819527,0.01232599956092534
50.351,1,3.211777836362352,2.282799375525727,1.2093835401930773,0.7061771382418931
50.361,0,-3.3238027235247616,-3.784628297208907,1.7578484818690983,0.011825191993001194
50.361,1,3.2092204522342387,2.2762373127118285,1.2088769460513908,0.7060265876076757
50.371,0,-3.3238210336322926,-3.7846114042614394,1.757961530844275,0.011379510014872746
50.371,1,3.2066163306870172,2.2696952677953104,1.2083759377880776,0.705805784334223
50.381,0,-3.323840450824012,-3.7845952516091033,1.758070166842579,0.010973571210959038
50.381,1,3.2039665879503274,2.2631740104702662,1.2078796022875093,0.7055162623236839
50.391,0,-3.323860877440102,-3.784579871278343,1.7581745672888571,0.010555569854622493
50.391,1,3.2012723206368383,2.256674247316199,1.2073869721306059,0.7051681771840238
50.401,0,-3.3238822026782637,-3.784565284684631,1.7582742903694333,0.010088164531628516
50.401,1,3.198534637454138,2.250196606423358,1.2068960002174784,0.7047711056589624
50.411,0,-3.323904311440443,-3.784551507275978,1.7583689312595605,0.00959021969425816
50.411,1,3.195754578774447,2.243741661500245,1.2064049692561307,0.7043270524587616
50.421,1,3.1929331006051274,2.2373099383045325,1.2059126432730733,0.7038393835752728
50.422,0,-3.3239270917902535,-3.7845385527650963,1.7584582407373492,0.009074634548723646
50.431,0,-3.3239504401326703,-3.7845264360276882,1.7585420789383523,0.008550965941008204
50.431,1,3.1900710681674505,2.230901916112853,1.2054182197618726,0.7033121810595258
50.441,0,-3.3239742647117594,-3.7845151750302817,1.7586203820795825,0.008025814443854652
50.441,1,3.1871692626648587,2.2245180280927914,1.2049210946299538,0.7027519388367758
50.451,0,-3.32399848769105,-3.7845047921493404,1.7586934438311006,0.0075737201661437124
50.451,1,3.1842284069167808,2.218158656679645,1.2044203981917156,0.702167724261096
50.461,0,-3.3240230419923558,-3.784495312548423,1.7587623267493857,0.007223507348082937
50.461,1,3.181249185296792,2.2118241351164523,1.2039149780870606,0.7015637943329517
50.471,0,-3.324047859859299,-3.7844867567451104,1.7588279165504965,0.006943814770614877
50.471,1,3.178232243251965,2.205514768513705,1.2034040492649085,0.7009397238580064
50.481,1,3.175178202653804,2.19923084383353,1.2028871775548355,0.7002950503578146
50.481,0,-3.3240728627948255,-3.78447913448533,1.758890834367508,0.006712308383030487
50.491,0,-3.324097955059235,-3.78447244088189,1.7589515178232722,0.006513448153198677
50.491,1,3.1720876623071086,2.1929726358335,1.2023641710491344,0.6996295531508198
50.501,0,-3.324123020058925,-3.784466653839629,1.7590098987515284,0.006244070345038539
50.501,1,3.1689611746750095,2.18674042507339,1.2018355553440963,0.6989314719111449
50.511,0,-3.3241479219433105,-3.7844617316116507,1.7590645501577995,0.005830369045608161
50.511,1,3.165799192621605,2.180534533589757,1.2013038139426928,0.6981921434212293
50.521,0,-3.3241725147274273,-3.7844576120601867,1.7591142166283944,0.005323960156469811
50.521,1,3.1626021507716087,2.174355287493861,1.200771041678816,0.6974179331801884
50.531,1,3.1593704605181308,2.1682030169929196,1.2002387128876666,0.6966130451972481
50.531,0,-3.32419665167197,-3.7844542115587223,1.7591580768682493,0.004762329875888168
50.541,0,-3.3242201922024632,-3.784451424801612,1.759195609467009,0.004174023320604924
50.541,1,3.1561044984601025,2.1620780623442264,1.1997077945787118,0.6957822840141489
50.551,0,-3.324243006808186,-3.784449125611522,1.7592265000937102,0.0035832151801481046
50.551,1,3.152804608656249,2.1559807743221966,1.1991787483421954,0.6949285378741915
50.561,0,-3.32426498012441,-3.7844471685743115,1.7592508872868409,0.0030727012583970383
50.561,1,3.1494710873070626,2.149911524121652,1.198652241590485,0.6940457425950679
50.571,0,-3.3242860135836914,-3.7844453920182697,1.7592700581775715,0.0026876116393391215
50.571,1,3.146104162464558,2.1438707159261456,1.1981300262742396,0.693130155620208
50.581,0,-3.3243060315841926,-3.7844436227371148,1.7592851869116908,0.0023862936308568046
50.581,1,3.1427040487193674,2.1378587450772826,1.197613583265149,0.6921885604332333
50.591,0,-3.3243249859419746,-3.7844416813524413,1.759297111655976,0.002142889314627777
50.591,1,3.13927094446636,2.1318759825142757,1.197103939667943,0.6912276472426725
50.601,0,-3.3243428579683894,-3.78443938678742,1.7593064338390823,0.0019421481075108918
50.601,1,3.135805021284777,2.1259227699631604,1.1966017378990246,0.6902550805138881
50.611,0,-3.324359658999979,-3.784436559837015,1.7593135470367698,0.0017722644187696682
50.612,1,3.132306428342393,2.119999412777518,1.1961071367633787,0.6892788333950989
50.621,0,-3.3243754294334074,-3.7844330267873008,1.759318474978491,0.0016290928011706213
50.621,1,3.1287753036072132,2.1141061750421204,1.195619874329449,0.6883048117652203
50.631,0,-3.3243902344180656,-3.7844286244729837,1.7593211541686018,0.0015274786395071984
50.631,1,3.1252117882424684,2.1082432926149512,1.1951396516697625,0.6873333591351433
50.641,1,3.1216160515325893,2.1024109860890046,1.1946662685426102,0.6863629128281029
50.642,0,-3.3244041587384405,-3.784423205156786,1.7593215651452119,0.0014802480590781011
50.651,0,-3.3244173025229475,-3.7844166398560675,1.759319723066352,0.001493802847035308
50.652,1,3.1179883094189855,2.0966094683042,1.1941995767109488,0.6853909091217095
50.662,0,-3.324429777489973,-3.7844088202765604,1.7593156680546462,0.0015656588601083048
50.662,1,3.114328822351817,2.0908389515410786,1.1937394887670278,0.6844144554866921
50.671,0,-3.3244417033454647,-3.784399658846214,1.7593100227722414,0.0016223884695295908
50.671,1,3.1106378860935058,2.0850996568486133,1.1932860869447244,0.6834278641469789
50.681,0,-3.3244532039016264,-3.7843890852234936,1.7593060885393663,0.0016108923415009606
50.681,1,3.1069158113162376,2.079391830268856,1.1928400883087589,0.6824251669188314
50.691,0,-3.3244644051784142,-3.7843770481142727,1.7593069716461813,0.0017276638648716961
50.691,1,3.103162940895507,2.073715723788463,1.1924021896480477,0.681406173434609
50.701,0,-3.3244754320913823,-3.784363514012054,1.7593147590623706,0.002123890833814274
50.701,1,3.099379655110354,2.068071585014956,1.1919727858853948,0.6803716916969513
50.711,0,-3.324486405375228,-3.7843484645209458,1.7593308306176254,0.00277765110432838
50.711,1,3.0955663735340537,2.0624596516861584,1.1915519350968409,0.6793214983530511
50.722,0,-3.324497439340789,-3.7843318940021335,1.7593560785133744,0.0035976734019634135
50.722,1,3.091723552138492,2.056880149926009,1.1911396444240272,0.6782542924538381
50.731,0,-3.3245086402916844,-3.784313808497733,1.759390534571773,0.00440312991603652
50.731,1,3.0878516699418084,2.0513333046712643,1.19073650212476,0.6771597560923924
50.741,1,3.083951212583026,2.045819357622355,1.190344471891264,0.6760337081458734
50.742,0,-3.3245201073993003,-3.78429422798266,1.7594327505256462,0.005097267545294982
50.751,0,-3.3245319380746836,-3.784273189829778,1.7594814642560144,0.005702894675138682
50.752,1,3.080022739519812,2.0403385126514695,1.189965072708473,0.6748794367217441
50.761,0,-3.3245442328003767,-3.784250753757525,1.759535778363176,0.00624141581028114
50.761,1,3.076066880722495,2.0348909300038964,1.1895993076328297,0.6736989549468844
50.771,0,-3.324557098119987,-3.7842270047911857,1.7595950456026925,0.006729012680055138
50.771,1,3.072084326923923,2.0294767283429147,1.1892477555988845,0.6724943031795897
50.781,0,-3.3245706482824877,-3.7842020539475447,1.759658952717755,0.007212865971002575
50.781,1,3.0680758505513253,2.024095961316438,1.1889097952220478,0.6712766287944872
50.791,0,-3.3245850048267793,-3.7841760356340806,1.7597276842895604,0.007715239125014167
50.791,1,3.064042328030286,2.0187485908607337,1.1885827923255954,0.6700484324491431
50.801,0,-3.3246002929946337,-3.7841491017611184,1.7598014012711172,0.008226276697154018
50.801,1,3.059984659720079,2.013434560009085,1.1882645406102346,0.6688038478768339
50.811,0,-3.3246166382741986,-3.7841214151741207,1.759880176886021,0.008739303119944516
50.811,1,3.0559037638129003,2.0081538002104846,1.1879534146513118,0.6675383254162693
50.821,1,3.0518005843326446,2.0029062251729544,1.1876483075352888,0.6662479835235622
50.822,0,-3.3246341637354146,-3.7840931442794523,1.7599640277405173,0.009250504434279081
50.831,0,-3.324652987983561,-3.7840644588437136,1.7600529272489471,0.009756171753431788
50.831,1,3.047676101228123,1.9976917236835272,1.1873484820912679,0.6649296180291759
50.841,0,-3.324673223206954,-3.78403552681767,1.7601465723765153,0.010193514506290345
50.841,1,3.04353134565223,1.9925101477531673,1.1870531283559473,0.6635845136129088
50.851,0,-3.324694972052447,-3.784006513611169,1.76024381424673,0.010515068638545729
50.851,1,3.039367442169692,1.9873612794292772,1.186760534732256,0.6622119240304791
50.861,0,-3.3247183251740853,-3.783977585424509,1.7603436441695866,0.010755534100397594
50.861,1,3.0351856410475926,1.9822448296681738,1.1864693456521676,0.6608041799657401
50.871,0,-3.3247433582436448,-3.783948913132097,1.7604453584983133,0.010939022705182471
50.871,1,3.030987371860449,1.9771604096974496,1.1861787345976174,0.6593532904536812
50.881,0,-3.324770129896466,-3.783920674594458,1.7605484647404088,0.01108221043905214
50.881,1,3.0267742863036893,1.9721075037510043,1.1858882735866327,0.6578511009950692
50.891,0,-3.32479868195768,-3.783893055696898,1.7606531199932494,0.011310960653296582
50.891,1,3.0225482849995218,1.9670854574645131,1.1855982892271693,0.6562826221603226
50.901,0,-3.3248290459536967,-3.783866245101446,1.7607607911960252,0.01167903201470481
50.901,1,3.018311525089284,1.9620934873727756,1.1853106845458936,0.6546340880980992
50.911,0,-3.3248612544209077,-3.78384041715816,1.7608726890743147,0.012142081529544307
50.911,1,3.0140664668031754,1.9571306360541338,1.1850275488942785,0.6528978603827142
50.921,0,-3.324895353394841,-3.7838157168514304,1.7609896183701845,0.012670143176964736
50.921,1,3.009815912573227,1.9521957433588184,1.1847504443658197,0.6510664543104965
50.931,0,-3.3249314109614194,-3.7837922500614347,1.7611121021795935,0.013242966274536356
50.931,1,3.005563015198788,1.9472874452912985,1.1844804010571461,0.6491321065916902
50.941,0,-3.3249695221982045,-3.7837700779400825,1.7612404685779437,0.013846787436890363
50.941,1,3.001311258453553,1.9424041857335979,1.1842179573919795,0.6470866892233035
50.951,0,-3.3250098094426037,-3.783749213708786,1.761374163242862,0.014300147288777283
50.951,1,2.9970644114287466,1.9375442213989145,1.1839622975386621,0.6449378964153997
50.961,0,-3.325052415648775,-3.783729626161911,1.7615107516135964,0.014530163533562497
50.961,1,2.9928264607901305,1.9327056240455747,1.1837097089836748,0.6426861603840168
50.971000000000004,0,-3.3250974976673513,-3.783711256947328,1.761648238692153,0.014612827988983041
50.971000000000004,1,2.988601557173544,1.9278863767080037,1.1834573600100513,0.6403187237403511
50.981,0,-3.325145215655135,-3.7836940344785863,1.7617852722274094,0.014601283303319043
50.981,1,2.9843939901411334,1.9230843982417039,1.1832038695488596,0.6378279725557592
50.991,0,-3.32519572447979,-3.783677883760324,1.7619209439373789,0.014532551586186212
50.991,1,2.980208168375822,1.918297539809077,1.1829483961842822,0.6352111502066284
51.001,0,-3.3252491661084425,-3.7836627329947246,1.7620541954447528,0.014330254264729931
51.001,1,2.9760486148546703,1.913523600897456,1.1826910617248119,0.6324569157291071
51.011,0,-3.325305662354793,-3.7836485175937975,1.7621830875089342,0.013976867344295624
51.011,1,2.9719199755781736,1.9087603503485473,1.1824338267325765,0.6295612815326531
51.02,1,2.9678269517889384,1.9040055294401719,1.1821782915567363,0.6265307402547186
51.021,0,-3.3253653141800044,-3.7836351838735007,1.7623061322976,0.013537202013115321
51.031,0,-3.3254281987555423,-3.7836226901715535,1.7624223606536054,0.013057467946677396
51.031,1,2.963774261006922,1.8992568783517734,1.1819254584308296,0.6233722893126423
51.041,0,-3.3254943673940796,-3.7836110070782145,1.7625311649637803,0.01257108641183336
51.041,1,2.959766600337702,1.894512177272702,1.1816758719901403,0.6200920644499539
51.051,0,-3.3255638448617466,-3.7836001171935605,1.762632186939477,0.012101659955656185
51.051,1,2.9558086038176774,1.8897693117973695,1.181429801841926,0.6166943658907359
51.061,0,-3.3256366316209336,-3.7835900151737896,1.7627258074412626,0.011772604473610303
51.061,1,2.9519048006607425,1.8850263323799712,1.1811873458895032,0.6131825673113727
51.071,0,-3.3257127059462954,-3.783580711191504,1.7628138826544661,0.011618855375152887
51.071,1,2.948059580698094,1.8802814916588866,1.1809485595457658,0.6095601850286574
51.081,0,-3.3257920151020306,-3.7835722379940853,1.7628979709486718,0.011581538554815765
51.081,1,2.9442771646061785,1.875533247455469,1.1807135574614172,0.6058346729248112
51.091,0,-3.325874473083204,-3.783564657848299,1.7629791597715492,0.011619089149240562
51.091,1,2.9405615713754787,1.870780229083613,1.1804823358013454,0.6020191844392336
51.101,1,2.936916598869964,1.8660212014277116,1.180254741270309,0.5981303597431036
51.102,0,-3.325959961144846,-3.7835580664799284,1.7630582113645004,0.011703720102812449
51.111,0,-3.3260483282713142,-3.7835525935474092,1.7631352371922695,0.011748524699756088
51.111,1,2.933345787851466,1.8612550594352555,1.1800302530254918,0.5941887526452518
51.121,0,-3.3261393928956626,-3.7835483953611826,1.763209174505092,0.011721841544231507
51.121,1,2.9298523803456162,1.856480863823463,1.1798077517696983,0.59020939020152
51.131,0,-3.326232951849457,-3.783545639679556,1.7632791387856699,0.01165351633430974
51.131,1,2.9264393617581037,1.8516978709210423,1.1795862844593579,0.5862007919705678
51.141,0,-3.326328785472733,-3.783544490448014,1.7633445632162534,0.011563586116084676
51.141,1,2.9231094675127296,1.8469055356880717,1.179365154963342,0.5821730164856298
51.151,0,-3.3264266616072975,-3.7835450966752417,1.763405097403895,0.011464772336983694
51.151,1,2.9198651816047536,1.8421034688839157,1.1791438069357847,0.5781397410900002
51.161,0,-3.326526339246495,-3.7835475848874083,1.763460540166193,0.011365122724871314
51.161,1,2.916708740357448,1.837291391723189,1.1789217730702366,0.5741169320131659
51.171,0,-3.3266275720421263,-3.783552054501507,1.7635109618973754,0.011286765246362023
51.171,1,2.9136421947372644,1.8324690928630893,1.1786992982410092,0.5701104413945947
51.181,0,-3.3267301107548906,-3.7835585714855524,1.7635569068133274,0.01123327577733033
51.181,1,2.91066749883426,1.8276363827834825,1.1784782279021333,0.5661353981167797
51.191,0,-3.3268337030645325,-3.7835671554137873,1.7635988572557881,0.011192103443346094
51.191,1,2.9077863394787515,1.8227930860795505,1.1782600276309219,0.5622190348603702
51.201,0,-3.3269380942824447,-3.783577770130845,1.7636371759346607,0.011154281529576865
51.201,1,2.9050001169697803,1.8179390173824306,1.1780455638812197,0.55838839199952
51.211,0,-3.3270430285510812,-3.7835903193160614,1.7636721420921122,0.011113091155497218
51.211,1,2.9023099516657482,1.8130739864066188,1.1778352166617108,0.5546651836487235
51.221,0,-3.3271482502217875,-3.783604645631718,1.76370397477722,0.011063177799099294
51.221,1,2.8997167019750525,1.8081978454475962,1.1776291752433357,0.551063505184407
51.231,0,-3.327253505329768,-3.7836205326726864,1.763732827350548,0.010998747136671157
51.231,1,2.897220893308975,1.8033105504882336,1.177426759086964,0.5476054956110238
51.241,0,-3.3273585438998983,-3.7836377160421497,1.7637587477384011,0.01091630778435801
51.241,1,2.8948225488371233,1.7984122017933732,1.177224638746904,0.544308011897926
51.251,0,-3.3274631239118695,-3.7836559112581867,1.763781784418202,0.010815796055595555
51.252,1,2.8925214989897885,1.7935029461566374,1.1770199008138629,0.541173302143805
51.261,0,-3.3275670149803926,-3.783674840870549,1.7638020046521368,0.01069773540714105
51.261,1,2.8903174465150205,1.7885829163983877,1.1768105416007697,0.5382087273191883
51.271,1,2.8882099519467013,1.7836521955568185,1.176595179316395,0.5354250043848627
51.272,0,-3.3276700010148708,-3.7836942538023988,1.7638194877105717,0.010563230315951124
51.281,0,-3.3277718825615863,-3.7837139382427867,1.7638338410896468,0.010398078931471893
51.281,1,2.8861984638160347,1.778710778851545,1.1763732815072656,0.5328287369093212
51.291,0,-3.327872479307411,-3.7837337291443314,1.7638430751423109,0.010211348521081687
51.291,1,2.8842823968263698,1.7737585422043258,1.1761459268845562,0.530428834965216
51.301,0,-3.3279716282511576,-3.7837535110886313,1.7638454984159702,0.010042165833557304
51.301,1,2.8824609764961293,1.7687952677647338,1.1759141761053966,0.5282413462170875
51.311,0,-3.3280691826789446,-3.783773217449465,1.763840022350976,0.009920737312062819
51.311,1,2.880733209434771,1.7638206847895053,1.1756787474758796,0.5262740045717822
51.321,0,-3.3281650116582213,-3.78379282812066,1.7638259742543978,0.009867490759537228
51.321,1,2.879097899241485,1.7588345511578942,1.1754401821222653,0.5245238468576925
51.331,0,-3.3282589994970837,-3.783812366371416,1.7638029680646683,0.009893817238887579
51.331,1,2.8775536634467773,1.7538367262908643,1.175198972905176,0.5229792887935348
51.341,0,-3.328351043880225,-3.7838318950481007,1.7637714231508757,0.0099454983009033
51.341,1,2.8760989482567902,1.7488271918717928,1.174955576029489,0.521630273246098
51.351,0,-3.3284410497897765,-3.7838515106498183,1.7637339537942103,0.009936100306514406
51.351,1,2.874732015369867,1.743806009581627,1.1747099713042164,0.5204707852026716
51.361,0,-3.3285289260733713,-3.783871332719337,1.7636928923010002,0.009862413065672163
51.361,1,2.8734510090217897,1.7387732583047721,1.174462016507003,0.5194960861257945
51.371,0,-3.328614578832997,-3.7838914931744796,1.7636498576011734,0.009733375604221363
51.371,1,2.872253983880517,1.7337290163099686,1.1742114493162716,0.5186987592828339
51.381,1,2.8711389391836564,1.7286733909876337,1.1739581180669758,0.5180657932857827
51.382,0,-3.328697906123902,-3.7839121280125814,1.7636059733149247,0.009559948640152116
51.391,0,-3.3287787956874464,-3.783933370787413,1.7635616862573993,0.009397993901854484
51.391,1,2.8701038114897197,1.72360656005838,1.1737017553943765,0.5175836387307742
51.401,0,-3.3288571279459216,-3.783955345202129,1.763515660711012,0.009317917801571304
51.401,1,2.86914645100502,1.718528804743676,1.1734415366827777,0.5172338996813376
51.411,0,-3.328932776624691,-3.7839781564491606,1.7634665165911048,0.009305380004421878
51.411,1,2.86826472792294,1.7134404857746746,1.1731772668658709,0.5169976710602642
51.421,0,-3.329005612870051,-3.7840018830806073,1.7634133492887198,0.009350627384859657
51.421,1,2.867456515604075,1.7083419903285293,1.1729089695314014,0.51686569314596
51.431,0,-3.3290755097695657,-3.7840265716133477,1.763355587324796,0.009445599582385748
51.432,1,2.866719691192415,1.703233673558968,1.172636697424064,0.5168338965491701
51.442,0,-3.3291423458261087,-3.7840522337624405,1.7632928821436662,0.009584386787217639
51.442,1,2.866052151960383,1.6981158173256707,1.1723605981035599,0.516900210124245
51.451,0,-3.3292060066772478,-3.784078845935466,1.7632253205464368,0.009705980433310016
51.452,1,2.865451903815591,1.6929885888803238,1.1720820936177219,0.5170555143694869
51.461,1,2.864917109195745,1.6878520190958175,1.171804617663818,0.5172989278131744
51.461,0,-3.3292663870242034,-3.784106353637549,1.7631540525651235,0.009755253954164343
51.472,0,-3.329323402696152,-3.7841346819466155,1.7630801314045814,0.009750899998328982
51.472,1,2.8644458987410046,1.682706053750439,1.1715309640966554,0.5176364269559814
51.482,0,-3.3293769989110116,-3.784163747242838,1.7630043037247523,0.009709379836164475
51.482,1,2.8640363444375736,1.6775506044605963,1.171263018313198,0.5180671181112352
51.491,0,-3.329427154572682,-3.7841934662395165,1.7629271018806731,0.009643500526743894
51.491,1,2.86368648741594,1.672385589982552,1.1710023017969036,0.5185817240945101
51.501,0,-3.3294738840732725,-3.784223762426297,1.7628489578531856,0.00955172233539835
51.501,1,2.863394391513188,1.6672109488570934,1.170750874045877,0.5191717436093622
51.511,0,-3.329517236136021,-3.784254569435465,1.7627704263075563,0.009426361544081044
51.511,1,2.8631580710203384,1.6620266473870176,1.1705098179408298,0.5198347893582336
51.521,0,-3.329557290688387,-3.7842858296582356,1.7626919740023932,0.009280096427598373
51.521,1,2.862975545085318,1.6568326481030342,1.1702796621233706,0.5205677384453095
51.531,0,-3.3295941540650924,-3.7843174916904316,1.7626139306990003,0.009122168935740768
51.531,1,2.862844876415252,1.6516288902706973,1.170060650044884,0.5213682187883456
51.541,0,-3.329627954293687,-3.784349508397358,1.7625365307124272,0.008958952980164176
51.541,1,2.8627641866759728,1.6464152927063496,1.1698527671743917,0.5222321584234747
51.551,0,-3.3296588368690516,-3.784381835495263,1.7624599422627703,0.008794624549173102
51.551,1,2.8627316664412437,1.6411917879989673,1.1696558664475785,0.523150978384412
51.561,0,-3.3296869625145877,-3.7844144304015552,1.7623836637121295,0.008764252555769389
51.561,1,2.8627456119528376,1.635958350201058,1.1694704727356027,0.5241099165240306
51.571,0,-3.329712503463846,-3.7844472521383468,1.76230566949769,0.00892494527828989
51.571,1,2.862804475442526,1.630714984861429,1.1692988288764254,0.5251003719440369
51.581,0,-3.3297356290697557,-3.7844802634514383,1.762224327990083,0.009221175997787654
51.581,1,2.8629067747476618,1.6254617219789054,1.1691426296787788,0.5261220070286337
51.591,0,-3.3297564978613643,-3.7845134322129264,1.7621385627997546,0.009612587161504753
51.591,1,2.8630511164249484,1.6201985718628336,1.169003206080204,0.5271763335072124
51.601,0,-3.3297752528095974,-3.7845467321985504,1.7620476780021221,0.010070218949358157
51.601,1,2.8632362370304136,1.6149254831360065,1.1688822928944642,0.5282689435089242
51.611,1,2.863460978632339,1.6096423275062104,1.168781318427353,0.5294081387207055
51.613,0,-3.329792017714934,-3.784580143452441,1.7619515116965565,0.01048875188238931
51.618,0,-3.329806892965078,-3.784613648828151,1.7618518682199988,0.010694947043380186
51.618,1,2.863724347825646,1.6043488616691282,1.1687028872185143,0.5306044850789666
51.632,0,-3.3298199598782223,-3.784647217791286,1.7617507695653558,0.010743792834839805
51.632,1,2.864025448109377,1.5990447495398483,1.1686492378907651,0.5318686399977062
51.641,0,-3.329831283960825,-3.784680788463294,1.761649619225659,0.010682596796484327
51.641,1,2.8643634358150925,1.5937295871081525,1.168621319423734,0.5332071186019859
51.651,1,2.8647375028338766,1.5884029417376742,1.168618679888198,0.5346190612291281
51.652,0,-3.329840916263036,-3.784714255889984,1.761549379727363,0.010544192105119933
51.661,0,-3.3298488947944063,-3.784747465555444,1.7614507075639192,0.01035091041195527
51.661,1,2.8651469297866248,1.5830643913641433,1.168641537270006,0.5361025520862355
51.671,0,-3.329855247328515,-3.784780211653297,1.7613532813605426,0.0102938068445339
51.671,1,2.86559111156536,1.5777135475308768,1.1686919359305599,0.5376524944858365
51.681,0,-3.3298599969482088,-3.7848122453361204,1.7612548000233696,0.010453653930971942
51.681,1,2.8660694426184916,1.5723500950830058,1.1687705588427015,0.53926158912941
51.691,0,-3.329863165768058,-3.7848432934862237,1.7611533699238553,0.010760691552718556
51.691,1,2.8665813215438565,1.5669737630324085,1.1688770304464131,0.5409213708488853
51.701,1,2.8671261308470384,1.56158432972184,1.1690097193884432,0.5426220396807933
51.702,0,-3.329864781289467,-3.78487307687861,1.7610477253446648,0.011167712007687234
51.711,0,-3.32986488114615,-3.7849013237707174,1.760937034271771,0.011642398113712723
51.711,1,2.867703260555589,1.5561816346198547,1.169167078247982,0.5443533399294531
51.721000000000004,0,-3.3298635159693055,-3.7849277796791325,1.7608207625909822,0.012162708499399879
51.721000000000004,1,2.8683120951286343,1.5507656106235799,1.1693478219825317,0.546102211845146
51.731,1,2.8689520308482233,1.5453362894386486,1.1695518876352944,0.5478694798594728
51.731,0,-3.3298607505248152,-3.7849522138498997,1.7606987082839312,0.012683093918849612
51.741,0,-3.3298566609804428,-3.7849744226845767,1.7605711110762001,0.013180713959435205
51.741,1,2.869622520220956,1.5398937654509712,1.1697818362858516,0.5496539058185359
51.751,0,-3.329851327591645,-3.784994231704124,1.7604382265752179,0.013661258166451348
51.751,1,2.870322989869157,1.5344381990115357,1.1700395592521755,0.5514473560405116
51.762,0,-3.3298448272942567,-3.785011495599476,1.7603002646476482,0.014128720663803138
51.762,1,2.871052862594543,1.5289697614264477,1.1703262771716691,0.5532522282870891
51.771,0,-3.329837228412143,-3.785026097439602,1.7601574052496989,0.014585683496246
51.771,1,2.8718115920448795,1.5234885866775565,1.170643199905115,0.5550722472243556
51.781,1,2.872598638225299,1.517994771352873,1.170990355300125,0.55689748241675
51.781,0,-3.3298285867826376,-3.7850379458545533,1.7600103259294013,0.0148960850416367
51.791,0,-3.329818946414326,-3.7850469686705503,1.7598614518185478,0.014956297453646733
51.791,1,2.8734134381595116,1.5124883921164756,1.1713654298895457,0.5587121722938329
51.801,0,-3.329808352712884,-3.7850531135333454,1.7597128863754343,0.014846280941975553
51.801,1,2.8742554340155535,1.506969514394227,1.171765022139843,0.5605111019067749
51.811,0,-3.3297968637982183,-3.7850563438627423,1.7595660664999846,0.014622292853492968
51.811,1,2.8751241025864513,1.5014382241504516,1.1721863351340693,0.5622915322103555
51.822,0,-3.329784557561664,-3.7850566343419505,1.7594219664157145,0.014323275801450536
51.822,1,2.8760189396310927,1.4958946815087792,1.1726272240859763,0.5640454440084006
51.831,0,-3.3297715358324247,-3.785053967516668,1.7592812411160728,0.013976182715515918
51.831,1,2.8769394526912433,1.490339154566946,1.1730863924519768,0.5657727447153104
51.841,0,-3.3297579262121926,-3.785048330627219,1.75914451488416,0.013553864250849465
51.841,1,2.877885201511397,1.484771997763665,1.1735651215402148,0.5674902796222984
51.851,0,-3.329743881646063,-3.7850397116362697,1.759012715037959,0.013052003306699308
51.851,1,2.878855772296106,1.4791936310049834,1.1740659200641974,0.5691923473513563
51.861,0,-3.3297295782357867,-3.7850280963150387,1.7588865336095385,0.01250184256472881
51.861,1,2.879850723065158,1.4736045316170874,1.1745897007375914,0.5708487363631186
51.871,0,-3.329715211922854,-3.7850134645855613,1.758766412563488,0.011925662302927569
51.871,1,2.8808695702053186,1.4680052277789128,1.1751348589263055,0.5724413700511589
51.881,1,2.8819118445417384,1.4623962854010524,1.1756997339913526,0.5739671693506793
51.882,0,-3.3297009950229532,-3.784995788045136,1.758652620641659,0.01133975224321317
51.891,0,-3.32968715269204,-3.7849750293789137,1.758545128313204,0.010802662318403175
51.891,1,2.8829771033517098,1.4567783262750151,1.1762834887700924,0.5754368296826821
51.901,0,-3.3296739183622903,-3.784951146475978,1.7584432180504097,0.010357286627103373
51.901,1,2.8840649515334995,1.451152014880301,1.1768872044424925,0.5768589178890826
51.911,0,-3.3296615279506927,-3.7849240998306763,1.758346228282623,0.009981894187491111
51.911,1,2.8851749936731794,1.4455180417323994,1.1775117326509168,0.5782257490320976
51.921,0,-3.329650214446421,-3.7848938616106156,1.7582536886584843,0.009661940299220403
51.921,1,2.886306833099263,1.4398770749841743,1.1781574503846466,0.5795394056536524
51.931,0,-3.3296402036737938,-3.7848604222526077,1.7581652610074578,0.009387713265244197
51.931,1,2.8874600829432167,1.4342297154635764,1.1788245708175515,0.5808053178812065
51.941,0,-3.329631711099841,-3.7848237945129273,1.758080698517705,0.009152682842090192
51.941,1,2.8886343664066785,1.4285764630930269,1.1795129770096162,0.5820308043325699
51.951,0,-3.3296249387514054,-3.78478401673105,1.7579994788389226,0.00902513855586396
51.951,1,2.8898293281376244,1.4229176901874803,1.1802226718895088,0.5832384524573683
51.961,0,-3.3296200700375933,-3.784741156374983,1.7579203117593112,0.009024613081681778
51.961,1,2.891044629197459,1.417253636510889,1.1809538670412925,0.5844243265558613
51.971000000000004,0,-3.32961726407299,-3.78469530990044,1.7578421604158014,0.00910940489149885
51.971000000000004,1,2.8922798823811195,1.4115844593075806,1.18170503002553,0.5855789101476089
51.981,0,-3.3296166498871385,-3.784646604435701,1.7577643163657102,0.009250316818225553
51.981,1,2.8935346598229748,1.405910279306875,1.1824746120898049,0.5867043714640359
51.991,0,-3.329618322809404,-3.784595198183751,1.757686298302169,0.009426592530019998
51.991,1,2.8948084858189937,1.4002312320545034,1.183261802449119,0.5878142759668749
52.001,0,-3.329622342884437,-3.784541279206224,1.7576078292664539,0.00961381622727219
52.001,1,2.896100816182637,1.3945474958887998,1.1840659128666395,0.588867733337403
52.01,1,2.897410983917312,1.388859294972977,1.1848831483507603,0.5898371569515313
52.011,0,-3.329628733470619,-3.7844850628933244,1.7575288548854349,0.00979744867445089
52.021,1,2.898738283119404,1.383166824497993,1.1857101735814124,0.5907394048931677
52.021,0,-3.329637478174002,-3.784426788855654,1.7574493665862707,0.009973527515785174
52.031,0,-3.3296485193797207,-3.784366717128746,1.7573693667423442,0.01013838322117549
52.031,1,2.900081977255779,1.3774702283238878,1.1865440505173128,0.5915707050059826
52.041,0,-3.3296617587718065,-3.7843051242665973,1.7572888652421657,0.01028883401763648
52.041,1,2.901441286654867,1.371769613243563,1.1873813563940119,0.5923332134760785
52.051,0,-3.329677059314709,-3.78424229947833,1.7572078765942123,0.010422094187862822
52.051,1,2.902815405594698,1.366065077495666,1.1882194152044174,0.5930370842153357
52.061,0,-3.3296942471610507,-3.784178541234368,1.7571258941169412,0.01063469728187959
52.061,1,2.9042035116011773,1.3603567413203463,1.1890572114254387,0.5937204863586413
52.071,0,-3.3297131127018846,-3.7841141506218827,1.7570411569370838,0.010965108370796747
52.071,1,2.905604785627718,1.3546447410344118,1.1898964550709026,0.5943993479909903
52.081,0,-3.329733413944359,-3.7840494177758743,1.7569522498625496,0.011371679512743357
52.081,1,2.907018385940693,1.34892921306458,1.1907385651692004,0.5950639165550364
52.091,1,2.908443465486597,1.3432102536118364,1.1915843198092513,0.595711287097585
52.092,0,-3.3297548773568817,-3.78398461186776,1.756858233423712,0.011827427622973377
52.101,1,2.9098791921585456,1.337487889483086,1.1924340309135706,0.5963439261543028
52.102,0,-3.3297771996004566,-3.783919974534553,1.7567584969054792,0.012314385578082118
52.111,0,-3.3298000507683523,-3.7838557161374866,1.7566531534663277,0.012708543411303772
52.111,1,2.911324769358282,1.3317620573513484,1.1932880499812066,0.5969801900246983
52.121,0,-3.32982308302701,-3.78379201908336,1.7565441521348704,0.012911124069881227
52.121,1,2.9127794446729256,1.3260325999825087,1.1941468699324131,0.5976145106815406
52.131,0,-3.3298459490408137,-3.783729050855044,1.7564332565657232,0.012975212335850044
52.131,1,2.9142424882851476,1.3202993079646446,1.1950095612854974,0.5982376090586728
52.141,0,-3.3298683215567637,-3.783666977375904,1.7563216835059714,0.012939144575080724
52.141,1,2.91571319138015,1.3145619698028044,1.195875159277071,0.598850445793342
52.151,0,-3.3298899074705783,-3.7836059723801707,1.7562102700720803,0.012830192254641264
52.151,1,2.917190852436638,1.308820428196767,1.1967428896336598,0.5994478353798275
52.161,0,-3.3299104570019034,-3.7835462233552355,1.7560995899548317,0.01266764337166375
52.161,1,2.9186747694804103,1.3030746167077008,1.1976125577174257,0.6000377808230639
52.171,0,-3.329929768598682,-3.7834879351398913,1.7559903786661157,0.01238508339148868
52.171,1,2.920164241188138,1.2973245604424066,1.1984845945491671,0.6006001074602043
52.181,0,-3.329947689815586,-3.7834313269700375,1.7558844045711826,0.011932109063457035
52.181,1,2.9216585740971053,1.291570343396715,1.199357906378514,0.6011187439979527
52.191,0,-3.329964118145726,-3.78337661307578,1.7557831395864423,0.011362738418826231
52.191,1,2.92315712501495,1.2858120382766514,1.2002312425423916,0.6015984901178776
52.201,1,2.924659325987496,1.2800496683111098,1.2011033916478937,0.6020497614109641
52.202,0,-3.3299789990476456,-3.7833239845061115,1.755687561159568,0.010715860157877177
52.21,0,-3.329992322618373,-3.7832735970495164,1.7555983040316288,0.010019578366571228
52.21,1,2.926164699140166,1.2742831859261248,1.201973377571934,0.6024854907298113
52.221,0,-3.3300041197406363,-3.783225563709411,1.755515768862133,0.009293929677467344
52.221,1,2.927672861781724,1.2685124676095687,1.202840266675954,0.6029110241706834
52.231,0,-3.3300144589882805,-3.7831799495241847,1.7554396552574463,0.00866534424191421
52.231,1,2.929183521888315,1.2627373290738624,1.2037027049993896,0.6033335201885308
52.241,0,-3.330023446416344,-3.7831367729844803,1.755368263239527,0.008186264671851361
52.241,1,2.9306964636627577,1.2569575567021365,1.2045599485597454,0.6037640338441085
52.251,1,2.9322115180821107,1.2511729581883348,1.2054116918794038,0.6042088875148249
52.252,0,-3.330031226606635,-3.7830960226790906,1.755300167884222,0.007813433214699766
52.261,0,-3.3300379851638797,-3.783057670141465,1.7552343767558605,0.007517767193347265
52.261,1,2.9337285446884938,1.2453833804497874,1.20625835565347,0.6046711401107886
52.271,0,-3.330043949100246,-3.783021678821673,1.7551701979589303,0.007279115752223638
52.271,1,2.935247426517019,1.239588694306216,1.2071002740264245,0.6051464671777693
52.281,0,-3.3300493851995348,-3.782988011105436,1.7551073760641984,0.007024323336392565
52.281,1,2.936768072036268,1.2337887644073817,1.207937820889718,0.605644373802647
52.291,0,-3.3300545951658873,-3.7829566343611245,1.7550468648577655,0.00666986265055615
52.291,1,2.9382904178972304,1.2279834281228865,1.2087717797656812,0.606162925246282
52.301,0,-3.330059905358545,-3.7829275197994083,1.7549896388210509,0.006248802926773298
52.301,1,2.939814424518555,1.2221725169032622,1.2096019958225033,0.6066921277618765
52.311,1,2.9413400691316376,1.2163558867362672,1.2104281418727627,0.6072285829597218
52.311,0,-3.330065654660921,-3.7829006421236775,1.7549363360433492,0.005786908967100975
52.321,0,-3.3300721845328254,-3.7828759799090172,1.7548873636066658,0.005303428816968927
52.321,1,2.9428673366172604,1.2105334511898147,1.21125015423306,0.6077744936966581
52.331,0,-3.3300798313614575,-3.7828535156788656,1.7548429687594025,0.004814221770690385
52.331,1,2.9443962191052453,1.2047051835300422,1.2120685539398963,0.6083282224642661
52.342,0,-3.330088920575833,-3.782833235443806,1.7548032600928118,0.004339649456605541
52.342,1,2.9459267267377203,1.1988710825825966,1.2128841312292815,0.6089006797182044
52.351,0,-3.3300997607514162,-3.7828151230881475,1.7547682089884449,0.0038961760352196227
52.351,1,2.9474589009405436,1.1930311356791283,1.2136984024936968,0.6094930642363822
52.361,0,-3.330112636715731,-3.7827991466789985,1.75473776735351,0.0034981061138035893
52.361,1,2.9489928185860843,1.187185329054318,1.2145121151569649,0.6100954144522837
52.371,0,-3.330127804062476,-3.782785246297387,1.75471188750024,0.0031648939051192753
52.371,1,2.950528598331493,1.1813336485912977,1.2153255834997263,0.6107052695030896
52.381,0,-3.330145485789553,-3.782773326447738,1.7546905230994199,0.002920147125145441
52.381,1,2.952066402360639,1.175476085455847,1.2161389185558686,0.6113206701627403
52.391,0,-3.330165868947573,-3.7827632511090217,1.7546730084691042,0.0028702512798160426
52.391,1,2.95360643183394,1.1696126505508293,1.2169515951584629,0.6119217525538294
52.401,1,2.955148908393368,1.1637433929996606,1.217761812177818,0.6124984530013542
52.402,0,-3.3301891036538454,-3.7827548447997015,1.754657194383974,0.003009318492276698
52.409,0,-3.3302153144493762,-3.7827479062477734,1.7546413469651292,0.0032624278496342805
52.409,1,2.956694045666686,1.1578683942754164,1.2185680550950124,0.6130540568237209
52.421,0,-3.3302446070838485,-3.782742218597617,1.7546242996575347,0.0035886180970121006
52.421,1,2.958242019384455,1.151987777164816,1.2193692470732496,0.6135884727334342
52.431,0,-3.330277072829456,-3.782737556882975,1.754605276107088,0.003964264432503518
52.431,1,2.9597929522142383,1.146101701023619,1.2201646332348794,0.6141015207965228
52.441,0,-3.330312791724329,-3.7827336939021294,1.7545837692914177,0.004374214941921826
52.441,1,2.961346916135167,1.140210331078993,1.2209536514312977,0.6145950631583016
52.451,0,-3.330351835406615,-3.782730404953429,1.7545595931973004,0.00478909333615639
52.451,1,2.9629039394597703,1.134313808254373,1.221736135142794,0.615082172828788
52.461,0,-3.3303942685665207,-3.782727473685364,1.7545331428110322,0.005186356814146815
52.461,1,2.9644640138455394,1.128412239151384,1.2225129117335303,0.6155714213233996
52.471,0,-3.330440143968625,-3.782724701181352,1.754504814089354,0.005571186137672485
52.471,1,2.966027091750785,1.1225057397933282,1.2232847207931097,0.6160543989427427
52.481,0,-3.3304894988861657,-3.78272191429612,1.7544748888953303,0.005947167275933977
52.481,1,2.9675930882281008,1.1165944718282699,1.2240520645506285,0.6165231718783586
52.491,0,-3.3305423533232834,-3.782718971014561,1.7544435698968353,0.006316404977613108
52.491,1,2.9691618917625933,1.11067864665326,1.2248153533014188,0.6169719342607551
52.501,0,-3.330598706105322,-3.782715763602014,1.7544101455569292,0.006784988341304505
52.501,1,2.9707333876535844,1.1047584894880402,1.2255750404454435,0.6174064116120154
52.511,0,-3.330658530352912,-3.7827122199277117,1.7543718105105985,0.007404654854381477
52.511,1,2.972307482690279,1.098834199203392,1.2263321483149887,0.6178343174921788
52.521,0,-3.3307217831434714,-3.782708301661661,1.754326307972437,0.008144889633589168
52.521,1,2.9738841216800425,1.0929059351784398,1.227087269316194,0.6182495585282903
52.531,0,-3.330788406832109,-3.782704002014349,1.7542721492479953,0.008981314551382458
52.531,1,2.97546329966195,1.0869738142134517,1.227840174436972,0.6186520818684631
52.541,0,-3.3308583291565106,-3.782699343256031,1.7542083761067986,0.009890611224354109
52.541,1,2.97704507039366,1.0810379145927271,1.228590570817721,0.619047398628929
52.551,0,-3.330931463917312,-3.7826943740003403,1.7541343935623828,0.010851840852189404
52.551,1,2.978629547829056,1.0750982885207991,1.2293384580536924,0.6194468337995225
52.561,0,-3.331007714577774,-3.7826891661590607,1.7540506476927749,0.011689791506304132
52.561,1,2.9802169001368894,1.0691549756804906,1.2300839569839184,0.6198386736819272
52.571,0,-3.331086980716162,-3.782683810301777,1.7539604151102093,0.012260380167866501
52.572,1,2.981807326718209,1.063208026651124,1.230825389232924,0.620208317304931
52.581,0,-3.3311691472487746,-3.782678408759768,1.7538666206124753,0.012637634689790988
52.581,1,2.9834010425368476,1.0572574894496598,1.2315609509723806,0.6205567716653615
52.591,0,-3.3312540829264012,-3.7826730679445384,1.7537712819953353,0.012879224332812342
52.591,1,2.984998258927406,1.0513034136828503,1.2322886015946763,0.6208843767747249
52.601,0,-3.331341642154969,-3.782667892323627,1.7536757828652083,0.013026860533516817
52.601,1,2.9865991801711522,1.045345844561595,1.2330067719241138,0.6211994057558425
52.611,0,-3.3314316667939385,-3.7826629800846265,1.75358102387091,0.013120951994311798
52.611,1,2.9882040002712826,1.039384824930984,1.2337143866497133,0.6215064624004184
52.621,0,-3.3315239871034765,-3.782658421825622,1.7534872016047949,0.013211200558655739
52.621,1,2.989812897838465,1.0334204016468922,1.234410687286127,0.6218096705420574
52.628,0,-3.33161842410758,-3.7826543078853487,1.7533942217687553,0.013297904137830389
52.628,1,2.9914260288985695,1.0274526308860812,1.235095533438823,0.6221132147064784
52.641,0,-3.3317147915923506,-3.7826507385893122,1.753302007554694,0.013378597464789612
52.641,1,2.993043510728767,1.021481593600421,1.2357689708141701,0.6224129370582223
52.652,0,-3.331812897494302,-3.7826478312596015,1.7532104952709495,0.01345146504389582
52.652,1,2.994665407729563,1.0155074102367894,1.236430809213482,0.6226962004035949
52.661,0,-3.3319125454836054,-3.7826457242567857,1.753119630531948,0.013515211772403184
52.662,1,2.996291726093479,1.009530246911498,1.2370800704321756,0.6229537442660104
52.671,0,-3.332013537288076,-3.7826445790670236,1.7530298671308482,0.013481158748020961
52.671,1,2.9979224367916895,1.0035502838487051,1.237716505983463,0.6232039261408416
52.681,0,-3.332115674585351,-3.782644577427219,1.7529433450326068,0.013290437050653702
52.681,1,2.999557499852357,0.9975676914798127,1.2383416673965935,0.6234578507796724
52.691,1,3.0011968712547703,0.991582642447713,1.2389573476097238,0.6237116844635852
52.691,0,-3.3322187543975272,-3.7826459048454786,1.7528618988293747,0.013004190608460555
52.701,0,-3.3323225675456594,-3.7826487352028164,1.752786732287891,0.01266622926399779
52.701,1,3.002840507012536,0.9855953215997245,1.2395648826521666,0.6239583153899821
52.711,0,-3.3324268987309082,-3.782653220217874,1.752718615215483,0.012307072069339746
52.711,1,3.004488366458371,0.979605931518273,1.2401651857962837,0.6241920938051846
52.721000000000004,0,-3.3325315271180393,-3.782659482515722,1.7526580138574284,0.011948296739486804
52.721000000000004,1,3.00614041411877,0.9736146971962155,1.24075893438519,0.6244095777437279
52.731,0,-3.332636227325521,-3.7826676123402736,1.7526055103802358,0.011570731150756068
52.731,1,3.007796616360224,0.9676218735278662,1.2413460292508929,0.624589668679495
52.741,0,-3.3327407700819918,-3.7826776696101647,1.7525623279649196,0.011188131480397722
52.741,1,3.0094569386020096,0.9616277483514777,1.2419244996827639,0.6247233233313695
52.751,0,-3.332844922301128,-3.782689689454715,1.7525293798121402,0.010842938624976456
52.751,1,3.011121366596726,0.9556326168557874,1.242492477874831,0.6248128731802253
52.761,0,-3.3329484478366322,-3.78270368966157,1.7525072172649028,0.010565581924781369
52.761,1,3.012789916020985,0.9496367735291543,1.2430481025222968,0.6248632276191479
52.771,0,-3.3330511086305123,-3.7827196767553013,1.752496141610321,0.01037643163793972
52.771,1,3.0144626466629196,0.9436405005248555,1.2435900598412672,0.6248832152800206
52.781,0,-3.3331526670566394,-3.7827376485555355,1.7524953286941083,0.010278209223324354
52.781,1,3.0161396688884325,0.9376440639699772,1.2441176136958438,0.6248818537550676
52.791,0,-3.333252887938905,-3.782757592642151,1.75250155447449,0.01020661503290007
52.791,1,3.017821140168985,0.931647715591994,1.2446305872434724,0.624864605457898
52.801,1,3.019507248086388,0.9256517008010188,1.2451289659935565,0.6248330704448732
52.802,0,-3.3333515331974937,-3.7827794889029422,1.7525121463094384,0.01011916492189289
52.811,0,-3.3334483589467547,-3.782803306698772,1.752525244236292,0.010001706031226453
52.811,1,3.021198194170636,0.9196562663929208,1.245612803567782,0.6247874644640752
52.821,0,-3.3335431146459027,-3.7828290024140587,1.752539552878364,0.009851516299725357
52.821,1,3.022894179548548,0.9136616688864463,1.2460820042200536,0.6247230510967786
52.831,0,-3.33363554330992,-3.782856518235984,1.7525541678286456,0.009669992017348783
52.831,1,3.0245953970778285,0.9076681760345003,1.2465360355324027,0.6246383396636436
52.841,0,-3.3337253817237595,-3.782885782603759,1.7525687804803403,0.009470079429993426
52.841,1,3.026302037982435,0.9016760526386963,1.2469743380833762,0.6245333769604059
52.851,1,3.0280142909227297,0.8956855500107865,1.247396126606764,0.6244094921486932
52.852,0,-3.3338123628630014,-3.782916713459113,1.7525838360935508,0.00925697068364657
52.861,0,-3.3338962235505956,-3.7829492231721606,1.7525997026425395,0.009030397214841392
52.861,1,3.029732338502856,0.8896968966540967,1.2478006590385928,0.6242709419305374
52.871,0,-3.3339767098310786,-3.782983224215055,1.7526166144393702,0.008791544024743109
52.871,1,3.03145635451581,0.8837102944007647,1.2481874821487122,0.6241223024139
52.881,0,-3.3340535808093743,-3.783018633379888,1.7526347135500422,0.008542532648514102
52.881,1,3.033186501216116,0.8777259193270113,1.248556595257099,0.623970229762324
52.891,0,-3.3341266115161172,-3.7830553745192317,1.7526540764555865,0.008286114776836813
52.891,1,3.0349229275739784,0.8717439219993166,1.2489087764044202,0.6238196680799285
52.901,0,-3.3341955961782395,-3.783093377714455,1.7526747313948334,0.008025567256351632
52.901,1,3.0366657631171585,0.8657644295300522,1.2492450191399695,0.6236711088538907
52.911,0,-3.334260352855231,-3.783132573454257,1.7526966702354843,0.007764327077205333
52.911,1,3.038415117581505,0.859787552896267,1.2495658492725796,0.6235199677743832
52.921,0,-3.334320727043027,-3.7831728871008856,1.7527198595113134,0.007506020744873278
52.921,1,3.040171086378471,0.8538133940596148,1.2498709551753706,0.6233650272269566
52.931,0,-3.3343765936485332,-3.783214235247066,1.752744249991428,0.00725420139251076
52.931,1,3.0419337705581015,0.8478420465025938,1.2501600990985782,0.6232085997155353
52.941,1,3.0437032865026437,0.8418735995808833,1.2504332189225036,0.6230521086441528
52.941,0,-3.3344278577062756,-3.7832565235791757,1.752769782180672,0.007012197966957679
52.951,0,-3.3344744546488583,-3.7832996458419705,1.7527962851249785,0.006771916423208687
52.951,1,3.045479772916099,0.8359081436807148,1.250690756146107,0.6229007670473304
52.961,0,-3.334516350966942,-3.7833434846178764,1.752823220894094,0.006524852006584785
52.961,1,3.0472634013084994,0.8299457732543378,1.2509345534725107,0.6227572488803115
52.971000000000004,0,-3.334553541778601,-3.783387915554302,1.7528501077802547,0.006277718490648633
52.971000000000004,1,3.0490543645098964,0.8239865952732153,1.2511662746987304,0.622617442531209
52.981,0,-3.334586049595223,-3.7834328114581304,1.7528765929016132,0.0060363784460719045
52.981,1,3.050852876278717,0.8180307329841856,1.2513873162433937,0.6224799968064421
52.991,0,-3.3346139230639045,-3.7834780454044865,1.7529024121121306,0.005805837654414135
52.991,1,3.0526591719676386,0.8120783258454382,1.2515992103921756,0.622343001632739
53.001,0,-3.3346372346334685,-3.7835234930842594,1.7529274765365577,0.005603319257114862
53.001,1,3.0544734951569565,0.8061295272457988,1.2518029379490576,0.6222016022309765
53.011,0,-3.3346560753864605,-3.7835690329130207,1.752952118463625,0.0054417870693781525
53.011,1,3.0562960782758464,0.8001845010215656,1.2519979561849268,0.6220494916259085
53.018,0,-3.3346705489447164,-3.7836145421312275,1.752976643427188,0.0053158104109011966
53.018,1,3.0581271378412684,0.7942434083723282,1.25218287121816,0.6218878044171459
53.031,0,-3.334680763974717,-3.783659892985137,1.7530012475142005,0.005220343999346457
53.031,1,3.05996688083993,0.788306392259062,1.2523566807669873,0.6217205784404173
53.041,0,-3.3346868282839193,-3.7837049504136067,1.7530260479065303,0.005150783680186671
53.041,1,3.0618155007433208,0.7823735701436895,1.2525188058768206,0.6215513065601783
53.051,0,-3.3346888445751315,-3.7837495709862616,1.7530511077282749,0.005103052027415544
53.051,1,3.0636731725138007,0.7764450328550788,1.2526690639972438,0.6213834425433757
53.061,1,3.06554004570047,0.7705208446205826,1.2528075522943003,0.621218166862337
53.061,0,-3.3346869081208155,-3.7837936028926658,1.7530763227705908,0.005052258327151228
53.071,0,-3.3346811090235247,-3.7838368883450006,1.7531006925634613,0.004956654832487017
53.071,1,3.0674162252955752,0.7646010442644934,1.252933875523846,0.621055652250843
53.081,0,-3.334671532773668,-3.7838792697967,1.7531231541771215,0.00483908399031092
53.081,1,3.0693017572750567,0.7586856542019786,1.2530474190104888,0.6208941605228505
53.091,0,-3.3346582638632967,-3.7839205970919165,1.7531429786931116,0.004721693654401514
53.091,1,3.071196611583285,0.7527746916363475,1.2531470299182301,0.6207321417328452
53.101,0,-3.334641389914226,-3.783960732843738,1.753159670960062,0.004622542276072977
53.101,1,3.0731006879316713,0.7468681732061386,1.253231901059957,0.6205685799780318
53.111,0,-3.3346210012171458,-3.783999554857561,1.753173766798866,0.00461376030148124
53.111,1,3.0750138220949497,0.7409661196742834,1.2533021613527895,0.620403350551237
53.121,0,-3.334597186891961,-3.7840369563427885,1.7531879968424544,0.004707326126416596
53.121,1,3.0769358029339844,0.7350685609908949,1.2533595273143163,0.6202336118140418
53.131,0,-3.334570041834653,-3.7840728502593635,1.753204591612648,0.004884927698878214
53.131,1,3.0788663782482115,0.7291755445270551,1.2534055369630284,0.6200549767937678
53.141,0,-3.3345396643692364,-3.7841071699476116,1.7532250401439455,0.0051440694343292135
53.141,1,3.080805276729264,0.7232871411068719,1.253441351439609,0.6198636958512165
53.151,0,-3.334506153056079,-3.7841398684701404,1.75325031966899,0.00548058751628123
53.151,1,3.082752226738241,0.7174034505525714,1.2534679528428407,0.6196564652503247
53.161,0,-3.3344696044863054,-3.78417091758952,1.753281053025966,0.005885020316044217
53.161,1,3.084706969846476,0.7115246041778879,1.2534864406311859,0.6194303280857593
53.171,0,-3.3344301142748978,-3.784200308030582,1.7533167794868825,0.0062207552356630955
53.171,1,3.0866692524726393,0.7056507627173393,1.2534966208677107,0.6191814349181344
53.181,0,-3.3343877787388907,-3.7842280532135733,1.7533548694942942,0.0064106658313539885
53.181,1,3.0886388069608395,0.6997821128580488,1.2534951486604504,0.6189085137249923
53.191,0,-3.334342684954305,-3.784254191889535,1.7533931359852677,0.0065009172617491
53.191,1,3.0906153726951553,0.6939188579060757,1.253478600411181,0.6186128359206459
53.201,1,3.0925986992957157,0.6880612090705014,1.2534446746779044,0.6182956357230237
53.202,0,-3.3342949087153726,-3.784278793487871,1.7534300765749664,0.006532965226608038
53.209,0,-3.33424451455239,-3.784301961305039,1.7534646625709038,0.006539306836856216
53.209,1,3.094588539144101,0.682209380945999,1.253392087008698,0.6179572501148892
53.221,0,-3.3341915560694524,-3.784323833355239,1.75349619323828,0.006543948874161262
53.221,1,3.096584641052839,0.67636358766359,1.25332044741264,0.6175976118004997
53.23,0,-3.3341360757414447,-3.784344581165286,1.7535245324667375,0.006600455251322825
53.23,1,3.0985867450207025,0.6705240363964733,1.25323011161032,0.617215301970328
53.241,0,-3.3340781060351934,-3.7843644073375624,1.7535508348146265,0.00673147175866501
53.241,1,3.1005945917980364,0.6646909206805781,1.2531233055880133,0.616809027400699
53.251,0,-3.3340176810736994,-3.784383544818084,1.7535761555841534,0.006907824202546356
53.251,1,3.102607913491876,0.658864404202529,1.253001586905236,0.6163826529162456
53.261,0,-3.3339548448983503,-3.784402253823026,1.753601198837445,0.007111959610549965
53.261,1,3.1046264495099707,0.653044603560396,1.2528660465602077,0.6159412317811894
53.271,0,-3.3338896562489406,-3.784420817856449,1.7536264257744472,0.007332614567393498
53.271,1,3.106649957985636,0.6472315787663151,1.2527175774698938,0.6154907264949716
53.281,0,-3.3338221898661318,-3.78443953963149,1.7536527544729716,0.007615931687850796
53.281,1,3.1086782173276237,0.6414253311533488,1.2525564309543085,0.6150401601535943
53.291,0,-3.3337525350398063,-3.7844587358799666,1.753682487755617,0.007987459266719439
53.291,1,3.110711021995726,0.6356258110206493,1.2523815761165442,0.6145960750268633
53.301,0,-3.3336807981764647,-3.784478728337182,1.7537174458505305,0.008435107293122957
53.301,1,3.1127481887939292,0.6298329385236598,1.252192255690877,0.6141601650309398
53.311,0,-3.333607100450087,-3.784499835095546,1.7537588321023538,0.008949906665124022
53.311,1,3.114789552977167,0.6240466239614982,1.2519882860132532,0.6137309789227156
53.321,0,-3.333531574857054,-3.7845223640327323,1.7538074224814926,0.009521774306020117
53.321,1,3.116834963875169,0.6182667821712258,1.2517701510296986,0.6133065120088663
53.331,0,-3.3334543636253837,-3.784546607954807,1.7538636996622055,0.010140000305921232
53.331,1,3.1188842777180206,0.6124933389647551,1.2515384100632523,0.6128853485653418
53.341,0,-3.333375616759405,-3.7845728400394862,1.7539274919309944,0.010718628717324687
53.341,1,3.1209373547575847,0.6067262366394823,1.2512937678109723,0.6124636687467034
53.351,1,3.1229940531463116,0.6009654325884173,1.251037525622658,0.6120380365885054
53.352,0,-3.3332954939279524,-3.784601306217177,1.7539969668923767,0.011179556035098912
53.361,0,-3.333214166929646,-3.784632219638855,1.754070467204722,0.011549843538810275
53.361,1,3.1250542046561898,0.5952108815071041,1.2507708826735786,0.6116087201476053
53.371,1,3.127117594935442,0.5894625196907435,1.2504948059961538,0.6111764175573933
53.372,0,-3.3331318246243797,-3.78466575395519,1.7541468356152754,0.011851460456830111
53.381,1,3.129183951640916,0.5837202577657058,1.2502102019302952,0.610740480882351
53.381,0,-3.3330486761371145,-3.784702038774152,1.7542252626650727,0.012100537273965673
53.392,0,-3.332964952190192,-3.7847411571610166,1.754305007736597,0.012278017438662471
53.392,1,3.1312529379510763,0.5779839771054098,1.2499179736530615,0.6103038031038398
53.401,0,-3.3328809057544064,-3.784783145805161,1.754384919223283,0.012369155514053522
53.401,1,3.1333241500668434,0.5722535253969372,1.2496179978000073,0.6098711070939687
53.41,0,-3.33279681266414,-3.7848280029306984,1.7544640584420115,0.012396084699859719
53.41,1,3.135397133068428,0.5665287163786054,1.2493098257010775,0.6094462852109473
53.42,0,-3.332712971833921,-3.7848756954020497,1.7545417777831895,0.012373987386533326
53.42,1,3.1374713934616674,0.5608093310938529,1.2489925190572013,0.6090322411003245
53.43,0,-3.332629704190826,-3.784926164344949,1.7546176324482625,0.012312717161522489
53.43,1,3.139546412447582,0.5550951166659956,1.24866545936244,0.608629404861477
53.441,1,3.1416216532744627,0.5493857880860427,1.2483283319681817,0.6082392390325099
53.442,0,-3.3325473506481225,-3.78497932989305,1.7546913169459346,0.012218472528313274
53.451,0,-3.3324662684949984,-3.7850350944006115,1.754762293613412,0.012044857685509617
53.451,1,3.1436965670012085,0.5436810313141599,1.2479810158472635,0.6078622568722579
53.461,0,-3.332386818186647,-3.785093342667777,1.7548289883593347,0.011764977984159097
53.461,1,3.145770597084062,0.5379805067059743,1.2476238182431645,0.6074981456680432
53.471,0,-3.3323093361863574,-3.7851539443070688,1.7548900729483012,0.011422507990356169
53.471,1,3.147843178926353,0.532283862761157,1.2472571643498953,0.6071465880266829
53.482,0,-3.3322341088238216,-3.78521675286841,1.7549446619580773,0.01105110537718936
53.482,1,3.149913739172755,0.5265907530965834,1.246881494433146,0.6068056641533301
53.491,0,-3.3321613546017232,-3.7852816052028238,1.7549921771247365,0.01067716026834385
53.491,1,3.151981696165939,0.5209008498155924,1.2464974793983603,0.6064708753015744
53.501,0,-3.332091216508295,-3.78534832391045,1.7550332327859801,0.010408133696657176
53.501,1,3.1540464630752623,0.5152138506557515,1.2461059400051928,0.6061387469291728
53.511,0,-3.332023764947692,-3.7854167244494747,1.7550709366320187,0.010262491622836267
53.511,1,3.156107453098113,0.5095294800595401,1.2457076046869362,0.6058096768867892
53.521,0,-3.331958999225061,-3.785486620703954,1.7551078558479563,0.010193882012159216
53.521,1,3.158164085764103,0.5038474823327961,1.2453025742544237,0.605485481201356
53.531,0,-3.331896857868498,-3.785557835729074,1.7551457385511262,0.0101814046649607
53.531,1,3.160215789759982,0.49816760746985395,1.2448909215342123,0.6051657674817448
53.541,0,-3.331837229390255,-3.7856302101413135,1.7551857647557763,0.010215344300314831
53.541,1,3.162262004445331,0.492489602418377,1.2444729014192262,0.6048495351528522
53.551,0,-3.331779961796853,-3.785703607555617,1.7552287214421336,0.010290548137918588
53.551,1,3.1643021819954726,0.4868132060405156,1.2440490240468414,0.6045373738996823
53.561,0,-3.3317248707371214,-3.7857779176829034,1.7552750636006273,0.010396112698108051
53.561,1,3.1663357925953197,0.4811381454487052,1.2436198073169664,0.6042311850650801
53.571,0,-3.3316717465079444,-3.7858530568986484,1.7553248578970349,0.010521893483289588
53.571,1,3.1683623288742857,0.47546413840941026,1.2431856002695851,0.6039354324926127
53.581,0,-3.3316203611337363,-3.7859289662656175,1.7553780856563124,0.0106676917783625
53.581,1,3.1703813092983175,0.46979090132716733,1.242746311541144,0.6036525497432298
53.591,0,-3.3315704741579055,-3.7860056084778986,1.7554347223168472,0.010833003043338955
53.591,1,3.1723922754260374,0.4641181500891296,1.2423019291440967,0.6033823277285708
53.601,0,-3.3315218374147912,-3.786082964962115,1.7554947390300562,0.01101697810430323
53.601,1,3.1743947903796093,0.4584456037479525,1.241852569539618,0.6031242727120046
53.611,0,-3.3314741990001187,-3.786161033038342,1.7555577468459314,0.01116871057077836
53.611,1,3.17638844269938,0.4527729952930389,1.241397696572741,0.6028905064778642
53.621,0,-3.3314273116119315,-3.786239824622063,1.755622500473398,0.011263916670635199
53.621,1,3.1783728510989406,0.44710008403186874,1.2409350592755324,0.602685371302015
53.631,0,-3.331380949608015,-3.786319368787108,1.7556879896169464,0.011322539129937718
53.631,1,3.180347641851142,0.44142664506073864,1.240462945099441,0.6025018690657904
53.641,0,-3.3313349225110613,-3.7863997132260785,1.75575352802226,0.011359560073349447
53.641,1,3.182312440119251,0.4357524709780948,1.2399803970066656,0.6023329857518396
53.651,0,-3.331289083501535,-3.7864809244470834,1.7558186530782203,0.011385645216705322
53.651,1,3.184266866832102,0.4300773749079947,1.2394871487896775,0.6021726457496253
53.661,0,-3.3312433341011536,-3.7865630871083633,1.7558830566032968,0.011408172223952085
53.661,1,3.1862105435821,0.4244011925849917,1.2389832313973574,0.6020175041618627
53.671,0,-3.3311976256781586,-3.7866463016916163,1.7559456776678468,0.011318171564552887
53.671,1,3.188143090751233,0.4187237794303994,1.238469436166767,0.6018522023831944
53.681,0,-3.331151954165753,-3.7867306813919193,1.7560034731376628,0.011094258828464244
53.681,1,3.190064123283556,0.4130450025848973,1.2379481394368266,0.6016690778508154
53.691,0,-3.3311063454183056,-3.7868163539499653,1.7560540287033,0.010822535113301626
53.691,1,3.1919732767726035,0.40736474660264954,1.2374213700529235,0.6014725558503743
53.701,0,-3.331060841304414,-3.78690346081098,1.7560957560308397,0.010570683812711548
53.701,1,3.193870216262305,0.4016829095838416,1.236890623330961,0.6012662688696563
53.711,0,-3.3310154894979354,-3.786992155321612,1.7561276329624642,0.010389174671399212
53.711,1,3.195754638304953,0.3959994009919573,1.236357063860523,0.6010519804670396
53.721000000000004,0,-3.3309703361638587,-3.787082600747783,1.756149024783667,0.010313100956113326
53.721000000000004,1,3.1976262727267275,0.3903141401001651,1.2358217123318156,0.6008315326290851
53.731,0,-3.330925420876754,-3.7871749696430945,1.756160289134584,0.01037458726716899
53.731,1,3.1994848981052724,0.384627060513831,1.2352845546009863,0.6006245773108995
53.741,0,-3.330880770278428,-3.7872694409828505,1.7561636970238228,0.010534221417140362
53.741,1,3.201330359285327,0.3789381188776723,1.2347433422774363,0.6004421452263166
53.751,0,-3.330836387171741,-3.7873661849992204,1.7561611694941826,0.010746919531141777
53.751,1,3.2031625396590124,0.3732472743361502,1.2341960297050347,0.6002795731446245
53.761,0,-3.330792242064946,-3.787465352928169,1.756154060178183,0.010990422229961924
53.761,1,3.2049813514646246,0.3675544788606714,1.2336413138539908,0.6001328705395982
53.771,0,-3.3307482685847303,-3.787567070727105,1.7561433238968582,0.011253662278671656
53.771,1,3.2067867337384652,0.3618596763840164,1.2330784173676743,0.6000002162189868
53.781,0,-3.3307043620253793,-3.7876714359963675,1.7561299244994677,0.011522124997572708
53.781,1,3.208578643952339,0.3561627988078296,1.2325074029991918,0.5998689770060972
53.791,1,3.210357041991321,0.350463754914856,1.2319298660377218,0.5997337670171522
53.791,0,-3.3306603853409293,-3.7877785158023443,1.7561153184612959,0.0117860574471956
53.801,0,-3.330616185800261,-3.7878883399993994,1.7561006335027298,0.012045835637936615
53.801,1,3.2121218961118636,0.34476243822029146,1.2313472673496502,0.5995992702711767
53.808,0,-3.3305716109525827,-3.7880008983392357,1.7560866385007052,0.012301956538356345
53.808,1,3.2138731741998763,0.3390587251888921,1.230760774137475,0.5994696236069939
53.82,0,-3.3305265201770617,-3.788116140119552,1.756073853574209,0.012553792852165327
53.82,1,3.2156108400530963,0.3333524723603441,1.2301712881460785,0.5993488521677928
53.831,0,-3.330480792631275,-3.7882339752243372,1.7560626271578996,0.012799521331656778
53.832,1,3.2173348512815325,0.3276435170758853,1.2295795017332265,0.5992402318882214
53.841,0,-3.3304343326562122,-3.7883542750463173,1.7560527697886732,0.01304332186757751
53.842,1,3.219045164047923,0.32193168659692445,1.228985416853502,0.5991583593243152
53.851,0,-3.330387071082308,-3.7884768746538597,1.7560430037837778,0.013282654779924196
53.851,1,3.2207417432584324,0.31621681045373157,1.2283876235822095,0.5991097175231989
53.861,1,3.2224245466616046,0.3104987097428214,1.227785017594072,0.5990895943375929
53.862,0,-3.3303389597047706,-3.788601581395953,1.7560322639317811,0.013511819002811464
53.87,0,-3.3302899660731065,-3.7887281802551303,1.7560198213292195,0.013727957634636922
53.87,1,3.224093527530997,0.30477720131632596,1.2271769444338474,0.5990945564797718
53.881,0,-3.3302400695444634,-3.7888564381773024,1.7560051792079596,0.013929354608622099
53.881,1,3.2257486401600595,0.2990521039854049,1.2265630582364357,0.5991217885396135
53.891,0,-3.3301892587334496,-3.7889861078257985,1.7559876870008213,0.014124838575651874
53.891,1,3.2273898384688677,0.2933232348843334,1.2259437946844602,0.599154783703091
53.901,0,-3.3301375342454254,-3.789116933629802,1.755966054289828,0.014323915423450939
53.901,1,3.2290170620335816,0.2875903976345842,1.2253216231246793,0.5991809431437575
53.911,0,-3.3300849179737146,-3.7892486635952456,1.755939280864883,0.014529131484789723
53.911,1,3.2306302636213413,0.2818534031843078,1.224698752462594,0.599207747884204
53.922,0,-3.3300314620600076,-3.7893810581933653,1.7559067100924302,0.014742197953970134
53.922,1,3.232229414527246,0.2761120703261594,1.224076761904472,0.5992406133248411
53.931,0,-3.3299772541847794,-3.78951389641478,1.75586792290078,0.014963766983253626
53.931,1,3.233814502664573,0.2703662238278923,1.223456795424097,0.5992832856152776
53.942,0,-3.329922419861356,-3.7896469798146404,1.7558226629046623,0.0151937784575921
53.942,1,3.2353855304395527,0.2646156968893097,1.222839679057111,0.5993382847827856
53.951,0,-3.3298671222173453,-3.7897801349973874,1.7557712831970513,0.015385203274879876
53.951,1,3.2369425170288206,0.2588603376201164,1.2222256052139524,0.5994160034331744
53.961,0,-3.329811557108095,-3.789913213235886,1.7557158894988665,0.01548867633795625
53.961,1,3.23848550071286,0.2531000118722474,1.2216136922370038,0.5995206206926248
53.971000000000004,0,-3.329755941920127,-3.7900460856465963,1.7556583470632965,0.015519825644924117
53.971000000000004,1,3.240014519650395,0.2473345885047716,1.2210031887875679,0.5996489749738918
53.981,0,-3.3297005027099713,-3.790178638603864,1.7555999374991236,0.01549419641119959
53.981,1,3.2415296092283254,0.24156393761601447,1.2203935639447907,0.5997987702541447
53.991,0,-3.329645464115688,-3.7903107702367955,1.7555415376186652,0.015424758833564336
53.991,1,3.243030804679283,0.23578792861306536,1.21978449609962,0.5999682044661279
54.001,0,-3.3295910417605183,-3.790442387945192,1.755483476225671,0.015346140619880416
54.001,1,3.244518133776135,0.23000642218896494,1.219176626439507,0.6001374973813194
54.011,0,-3.3295374365457175,-3.7905734082762494,1.7554252460306703,0.015275996162079402
54.011,1,3.2459916035452534,0.22421926327664388,1.2185726367578,0.6002979659168033
54.021,0,-3.329484831456645,-3.790703759416772,1.7553663786356792,0.015210090361553885
54.021,1,3.2474512302533745,0.21842632043097365,1.2179747455532264,0.600455748490138
54.031,0,-3.329433389477312,-3.7908333837745474,1.755306553391811,0.01514658051897585
54.031,1,3.2488970401205273,0.21262750012816878,1.2173844829937608,0.6006132982491958
54.041,0,-3.3293832524226423,-3.790962239518819,1.7552455520181405,0.015085076306925953
54.041,1,3.2503290656697796,0.2068227560003792,1.216802825827647,0.6007719353921552
54.051,0,-3.329334540551946,-3.7910903012428734,1.7551832271954317,0.01502605389756776
54.051,1,3.2517473465737132,0.20101209599986403,1.2162302380509242,0.6009301901424335
54.061,0,-3.3292873538280214,-3.7912175593775257,1.7551201121785465,0.0149049245892423
54.061,1,3.253151939711819,0.1951955881090207,1.215666430525586,0.6010961588609172
54.071,0,-3.329241775072142,-3.791344016600633,1.7550582880358756,0.01469594953716033
54.071,1,3.25454294037703,0.189373374019331,1.2151095668236935,0.6012709575393789
54.081,1,3.2559204813669784,0.1835456557751013,1.2145579548981267,0.6014444197816429
54.081,0,-3.3291978705502716,-3.791469681942912,1.7549994424669728,0.014432472841232821
54.091,0,-3.329155692996518,-3.791594564215473,1.7549447037669657,0.014139872533256888
54.091,1,3.2572847488227956,0.17771269350734398,1.2140104514778178,0.6016071224553078
54.101,0,-3.3291152845331187,-3.7917186672220966,1.754894812611705,0.013836411943927254
54.101,1,3.2586359980040354,0.17187480856837073,1.2134662649987904,0.6017524548305834
54.111,0,-3.3290766785744914,-3.791841986886235,1.7548499876832633,0.013554093318350991
54.111,1,3.2599745629202572,0.16603238305572182,1.2129248512861697,0.6018723989078196
54.121,0,-3.3290399018828425,-3.791964511075342,1.754809655849871,0.013302549834610367
54.121,1,3.2613008576132274,0.1601858450842623,1.2123861656056143,0.6019616500771243
54.131,0,-3.329004979676609,-3.79208622183841,1.7547732884880614,0.013072403428252305
54.131,1,3.26261537404291,0.154335650096107,1.211850287285437,0.6020192990020794
54.141,0,-3.328971938879147,-3.792207098362973,1.7547405034549233,0.012857724443664122
54.141,1,3.2639186724541904,0.14848226368706435,1.2113172590494656,0.6020471556720256
54.151,0,-3.3289408100945006,-3.792327119318134,1.754711020058184,0.012654805610885956
54.151,1,3.2652113717484377,0.14262614860359543,1.2107869851405526,0.602047322168067
54.161,0,-3.328911628812398,-3.7924462645962023,1.7546846278990602,0.01246139803232429
54.161,1,3.26649413973588,0.13676775053690576,1.2102594254354198,0.602021765639501
54.171,0,-3.3288844359949814,-3.7925645165591475,1.7546611204792075,0.012278188786248343
54.171,1,3.267767682660215,0.13090748802824959,1.2097349383558424,0.6019664654103541
54.181,0,-3.328859279350471,-3.7926818599756915,1.7546402193602624,0.0121043317064778
54.181,1,3.2690327401048034,0.12504574514970332,1.2092147146838874,0.6018822932250255
54.191,0,-3.328836216622737,-3.792798279943707,1.7546217019436345,0.0119375624649153
54.191,1,3.27029010141828,0.1191828751283087,1.2086997520836005,0.6017762835355691
54.201,0,-3.328815317967077,-3.792913760019734,1.75460540342526,0.011776370590694175
54.201,1,3.271540611554682,0.11331919975760887,1.2081907032383654,0.6016557966163038
54.211,0,-3.3287966669805518,-3.793028281070796,1.7545911993131909,0.01161975607391917
54.211,1,3.2727851714881093,0.10745500936117776,1.2076878770533788,0.6015268818730553
54.22,0,-3.3287803607523565,-3.7931418206747933,1.7545789942576355,0.01146714315821758
54.22,1,3.274024736746418,0.10159056016852692,1.2071914840253621,0.6013942304058487
54.231,1,3.2752603140207763,0.09572607622667731,1.2067015785588897,0.6012642297554635
54.231,0,-3.3287665093799395,-3.7932543527755502,1.754568811730339,0.011316139729742443
54.242,0,-3.3287552324747605,-3.7933658461822057,1.7545610227671482,0.01116682734794185
54.242,1,3.2764929542635777,0.089861758115051,1.206217771943837,0.6011420677564443
54.251,0,-3.32874664764715,-3.793476261151202,1.7545559555667314,0.011022556268645841
54.251,1,3.277723742376437,0.08399779316369181,1.2057395947969758,0.6010283667026528
54.261,1,3.2789537885265165,0.07813436320204221,1.2052667307303082,0.6009222944383374
54.262,0,-3.3287408601080655,-3.7935855461356485,1.7545538270338161,0.010885486461539244
54.271,0,-3.3287379557071484,-3.7936936360420845,1.754554777062588,0.010756834047046382
54.271,1,3.2801842191385724,0.07227165228265395,1.2047989542497275,0.600823499008324
54.282,0,-3.3287379954233933,-3.793800452168691,1.7545585277146099,0.010632950383052248
54.282,1,3.2814161662930617,0.06640985621460621,1.2043353458661021,0.6007432877138112
54.291,0,-3.3287410114843463,-3.7939059032781337,1.7545638917508937,0.010505813222500536
54.291,1,3.2826507524499347,0.06054919001131679,1.2038729479761856,0.6006884521664713
54.301,0,-3.3287470101165573,-3.794009885229537,1.7545698973536024,0.010372768302478052
54.301,1,3.2838890792821918,0.05468987627587037,1.2034092372326628,0.6006509327570344
54.311,0,-3.3287559723615723,-3.794112282123637,1.7545758856918485,0.010233429481781221
54.311,1,3.2851322131647596,0.04883214401922484,1.2029424221484524,0.600624553219445
54.321,0,-3.3287678550539375,-3.794212968044207,1.75458141388553,0.010087975013105616
54.321,1,3.286381173694873,0.04297622593205331,1.2024713424247664,0.6006041554757524
54.331,0,-3.328782592415673,-3.7943118089912677,1.754586189240992,0.00993653149500005
54.331,1,3.2876369235368683,0.03712235760810657,1.2019952502943316,0.6005865115336873
54.341,0,-3.3288000996073976,-3.794408663583548,1.7545905670129147,0.009784178117743047
54.341,1,3.2889003717209513,0.0312707746882984,1.2015144957800268,0.6005524800838061
54.351,0,-3.328820276380252,-3.794503377993802,1.7545962726963031,0.009634040394525475
54.351,1,3.2901723951150466,0.02542170700829402,1.2010318376390718,0.6004926882809035
54.361,0,-3.3288430030439677,-3.794595777205077,1.7546046978982495,0.009488354540370742
54.361,1,3.291453824637355,0.019575388023925434,1.2005496289348354,0.6004126956476636
54.371,0,-3.3288681412816907,-3.7946856552725943,1.7546167527520546,0.009349640135458036
54.371,1,3.292745448036179,0.01373205647302033,1.2000694790376267,0.6003172537245881
54.381,0,-3.3288955362781123,-3.7947727696448985,1.7546330119033333,0.00921878982686033
54.381,1,3.2940480148950786,0.007891955808679773,1.1995923961974075,0.6002094817543
54.391,0,-3.328925020156566,-3.7948568377079517,1.7546543463226367,0.009131143449067588
54.391,1,3.2953622423381645,0.00205533078069101,1.1991189812099594,0.6000934029917985
54.401,0,-3.328956416878443,-3.7949375372917076,1.754683226399041,0.009152078560614695
54.401,1,3.2966888119069973,-0.0037775723891168853,1.1986491260448708,0.599973409118039
54.412,0,-3.32898954095872,-3.7950145281829277,1.7547216985217544,0.009312052154421544
54.412,1,3.298028373846091,-0.009606504978041476,1.1981824965315422,0.599848838847513
54.421,0,-3.3290242003489605,-3.7950874699924615,1.754771080184446,0.009626256224984645
54.421,1,3.299381548246853,-0.01543121747327811,1.1977188805946575,0.5997182912012233
54.431,0,-3.329060199985937,-3.7951560344804913,1.7548321897662438,0.010092891786327753
54.431,1,3.3007489199713427,-0.021251460032570002,1.1972581373102338,0.5995813519623534
54.441,0,-3.3290973446517236,-3.7952199146051204,1.754905495009585,0.010696103636324894
54.442,1,3.3021310354955395,-0.02706698235153167,1.1968001000812618,0.5994374345710735
54.451,0,-3.3291354410715157,-3.7952788325414106,1.754990899430629,0.011345688380010875
54.451,1,3.303528410502862,-0.032877535343396054,1.1963448299198383,0.5992829449631565
54.461,1,3.3049415379665534,-0.03868287066306916,1.1958929582932958,0.5991149408899658
54.461,0,-3.3291743004765064,-3.7953325492931014,1.7550870413205746,0.011951015380027432
54.471,0,-3.3292137449612715,-3.7953808643401548,1.7551926507520519,0.012522989117062755
54.471,1,3.306370874989605,-0.04448273644248307,1.1954450256834452,0.598934854776827
54.481,1,3.307816835424356,-0.05027687549558151,1.1950012904402219,0.5987430229129195
54.481,0,-3.3292536118875224,-3.7954236186557386,1.7553067983868509,0.013072835533676146
54.491,0,-3.3292937565081107,-3.795460697250653,1.755428788212818,0.013610028295193878
54.491,1,3.3092797893230306,-0.056065028684546186,1.1945619477232565,0.5985388993280572
54.501,0,-3.329334053267408,-3.7954920330930846,1.7555575041527467,0.014009297903355002
54.501,1,3.3107600562427515,-0.061846937028364135,1.1941270029543387,0.5983246277493042
54.511,0,-3.3293743936286564,-3.795517609351008,1.7556905486189913,0.014218055099525301
54.511,1,3.312257897343477,-0.06762234194861398,1.1936960422008946,0.59810034390449
54.521,0,-3.3294146789964447,-3.7955374427628397,1.7558259881124048,0.014296451516732473
54.521,1,3.3137735232661396,-0.07339098442802325,1.1932687571187737,0.597863576611911
54.531,0,-3.3294548136377813,-3.795551576272902,1.7559624784816181,0.014288538528422242
54.531,1,3.3153070924501726,-0.07915260288341411,1.1928449393921792,0.5976127152629748
54.541,0,-3.329494699816917,-3.7955600747055183,1.7560990804879757,0.014224254064271946
54.541,1,3.316858708761541,-0.08490693234082769,1.1924243673848094,0.5973460290293832
54.551,0,-3.3295342347227708,-3.7955630210716964,1.756235129820679,0.014124609346724071
54.551,1,3.318428426065796,-0.09065370684760826,1.1920069242166877,0.5970615363788919
54.561,0,-3.329573308948183,-3.7955605144493143,1.7563699377806696,0.0139427497129144
54.561,1,3.3200162442772383,-0.09639266138032535,1.1915922958354006,0.5967631383261558
54.571,0,-3.3296118089326354,-3.7955526715698538,1.756501922962248,0.013614406841346141
54.571,1,3.3216220912981433,-0.10212353673918537,1.1911789073748522,0.5964564739048457
54.581,0,-3.3296496259389854,-3.7955396182790073,1.7566296821405047,0.013193317613220523
54.582,1,3.3232458588252185,-0.10784608592858969,1.1907653246287888,0.596138097444226
54.591,0,-3.3296866657675706,-3.7955214859131474,1.7567522775143414,0.012719290312744122
54.591,1,3.3248874172958045,-0.1135600809169046,1.190350633512817,0.5958064460082054
54.602,0,-3.3297228554759157,-3.7954984103591576,1.7568690932039082,0.012221027057812353
54.602,1,3.3265466167918114,-0.11926531577610133,1.1899342544996128,0.5954614261566041
54.612,0,-3.3297581473194606,-3.7954705303071106,1.7569798888728418,0.011757045693745265
54.612,1,3.3282232936446876,-0.12496160695469898,1.1895160465018886,0.595098810089034
54.618,1,3.329917291034231,-0.13064879104427737,1.1890969623954761,0.5947153859846569
54.619,0,-3.329792520187671,-3.7954379834453755,1.7570850962317865,0.011368906038322989
54.631,1,3.3316284443912543,-0.13632672325117398,1.1886779228311555,0.5943147101955553
54.631,0,-3.3298259797573344,-3.795400905116225,1.7571851632878905,0.011043403367234228
54.641,0,-3.3298585571511334,-3.795359424625999,1.7572804245010503,0.010772290299536571
54.641,1,3.3333565811876547,-0.14199527244074378,1.188259530035403,0.5938994393732893
54.651,0,-3.3298903068904964,-3.7953136621548396,1.7573711364652989,0.010549481480569434
54.652,1,3.33510152861719,-0.14765431841580132,1.187842240302304,0.5934711861690346
54.661,0,-3.3299213044777387,-3.79526372690239,1.7574574972371138,0.010370634132006088
54.661,1,3.336863115803964,-0.15330374985753703,1.1874263655590576,0.593032276533635
54.671,1,3.3386411779887903,-0.15894346277426297,1.1870123337399066,0.5925779922682106
54.671,0,-3.3299516440915298,-3.795209718200323,1.757539164025357,0.010137511790332936
54.681,0,-3.32998143485365,-3.7951517278878932,1.7576145667316505,0.009826875537182395
54.681,1,3.340435574521448,-0.16457336404294517,1.1866018269812526,0.592105042678129
54.691,0,-3.330010793608877,-3.7950898336511223,1.7576824533248245,0.009502213902221704
54.691,1,3.3422461588642474,-0.17019339123272414,1.186196344651584,0.5916205119763378
54.701,0,-3.330039839410626,-3.7950240988790314,1.7577420192980375,0.009211281770637063
54.701,1,3.3440727700162887,-0.17580352326338394,1.1857969175659595,0.5911312207899924
54.711,0,-3.3300686895211205,-3.794954573969128,1.7577927692182633,0.008989463464980082
54.711,1,3.3459152326356145,-0.18140378514656796,1.1854042087772891,0.5906433170296509
54.721000000000004,0,-3.3300974564608645,-3.7948812976810777,1.7578344180436662,0.008861196106798561
54.721000000000004,1,3.347773361407804,-0.18699425143936757,1.1850186823034545,0.5901623284989846
54.731,0,-3.3301262460589656,-3.79480429392184,1.7578679961114378,0.008937029171021715
54.731,1,3.3496469530886146,-0.19257504837330255,1.1846401103636697,0.5897024704962389
54.741,0,-3.3301551573925483,-3.794723566922415,1.7578974333493398,0.009191206675231921
54.741,1,3.351535761524047,-0.19814635579826967,1.184266285143939,0.5892742333497597
54.751,0,-3.330184284007506,-3.7946391168792273,1.7579259524921265,0.009540660246217832
54.751,1,3.3534395295506094,-0.20370839383403863,1.1838952812761914,0.5888750392210391
54.761,0,-3.3302137150276168,-3.7945509426815818,1.7579557536357502,0.009950086038575183
54.761,1,3.35535798664091,-0.2092614154899135,1.1835258054393938,0.5885036724695394
54.771,0,-3.330243535961702,-3.7944590421254505,1.757988327238114,0.010403556372543853
54.771,1,3.357290839406322,-0.21480570186755754,1.183156948784725,0.5881592740994948
54.781,0,-3.3302738287980422,-3.7943634147146192,1.7580241187267802,0.010845234986290394
54.781,1,3.3592377716102173,-0.22034155921581824,1.182788279665565,0.5878390359378823
54.791,0,-3.3303046691046734,-3.794264068198438,1.7580619101097068,0.011243977506736754
54.791,1,3.361198443789574,-0.2258693160659359,1.182419946598374,0.587541622415269
54.801,0,-3.3303361201977277,-3.7941610201125444,1.758100618961138,0.01161171166584671
54.801,1,3.3631724802328455,-0.23138932249483377,1.1820521310769367,0.5872679677879149
54.809,0,-3.3303682275224964,-3.7940543042992716,1.7581395089771568,0.011957143921218355
54.809,1,3.365159463704569,-0.2369019492158071,1.1816849208037021,0.5870184826639808
54.821,0,-3.3304010151218506,-3.793943975958544,1.7581780831231473,0.012285504097596862
54.821,1,3.3671589353822737,-0.2424075887313158,1.1813184231811222,0.5867931880974188
54.831,1,3.3691703935491537,-0.24790665386694655,1.1809527317029394,0.5865923976091987
54.831,0,-3.3304344838384217,-3.7938301144877755,1.7582160093500592,0.012599284624262122
54.841,0,-3.3304686110963297,-3.7937128242494866,1.7582531383843412,0.012903898956854462
54.841,1,3.371193288680813,-0.25339957616029957,1.180587610564711,0.5864196879181647
54.851,0,-3.330503354776954,-3.793592232139033,1.7582895648051957,0.013200367476627149
54.851,1,3.373227024592794,-0.2588868082989498,1.18022225127108,0.586276658841615
54.861,0,-3.330538662635943,-3.793468482327562,1.7583253925114324,0.013485710929233103
54.861,1,3.3752709828070877,-0.26436882577671394,1.1798560182459266,0.5861630354420222
54.871,0,-3.3305744812563107,-3.793341730332539,1.7583607012320064,0.013758154913733505
54.871,1,3.3773245348639658,-0.26984612951432885,1.1794884742756224,0.5860795477933173
54.88,0,-3.3306107625223067,-3.7932121382268282,1.7583955539049811,0.014016716111622297
54.88,1,3.379387048521085,-0.27531925088743564,1.179119372480254,0.5860276471257353
54.891,0,-3.3306474680849827,-3.7930798713011717,1.7584298860500722,0.014254221553945593
54.891,1,3.381457890706898,-0.2807887522956675,1.178748593027494,0.5860091622159069
54.901,1,3.3835364296686694,-0.2862552227175922,1.1783760905360041,0.586025530276014
54.902,0,-3.330684573388851,-3.7929450969430247,1.758463347271657,0.014468597643465041
54.911,0,-3.3307220726301594,-3.792807984888512,1.7584956520044062,0.01466352568320795
54.911,1,3.385622037366439,-0.2917192698026579,1.1780018940774264,0.5860775107609391
54.921,1,3.387714090871413,-0.29718150963951595,1.1776260878114537,0.5861650109763377
54.921,0,-3.330759982168354,-3.792668708517387,1.7585266109456485,0.014841457658723509
54.931,0,-3.330798342087021,-3.7925274455352542,1.7585561014441264,0.015004002429333228
54.931,1,3.3898119730006764,-0.30264255551562025,1.1772488104584888,0.5862868163200884
54.941,0,-3.3308372163787046,-3.792384378031061,1.7585840472884129,0.015152231378792775
54.941,1,3.391915069459817,-0.3081030106648839,1.1768702597453589,0.5864414942513788
54.951,0,-3.330876692408129,-3.7922396908781897,1.7586111013782453,0.015316488372007435
54.951,1,3.3940227613705587,-0.31356346926868206,1.1764908248691435,0.5866249304680786
54.961,1,3.3961344170576173,-0.31902451248660896,1.1761113193854622,0.5868334861525736
54.961,0,-3.330916877204214,-3.7920935697934053,1.7586396090729655,0.015509145851130474
54.971000000000004,0,-3.330957886283125,-3.791946204516527,1.758671463612163,0.015722732474723472
54.971000000000004,1,3.398249376285017,-0.32448669253107876,1.175732392915068,0.5870641288925528
54.981,0,-3.3309998341717253,-3.791797787862237,1.7587079270986603,0.01595463810476434
54.981,1,3.4003669392537663,-0.3299505248332303,1.1753545252237367,0.5873124593152255
54.991,0,-3.3310428277517588,-3.7916485141309733,1.758749824355759,0.016203117077675848
54.991,1,3.4024863600446804,-0.3354164812898224,1.1749780114201602,0.5875740512507103
55.001,0,-3.33108696044041,-3.791498578226718,1.7587967643679772,0.016392874739097788
55.001,1,3.404606845589068,-0.3408849832829785,1.174602703449301,0.5878464714988801
55.008,0,-3.3311323032605267,-3.791348171693169,1.7588450734283168,0.016453565553040273
55.008,1,3.4067275635868426,-0.34635640283086405,1.174227808797418,0.5881267156754131
55.021,0,-3.331178898387945,-3.7911974673513194,1.7588914966270082,0.01642491967767724
55.021,1,3.4088476578265974,-0.35183108041159183,1.173852684316686,0.58840984019787
55.031,0,-3.3312267510780034,-3.791046608305157,1.7589338318407743,0.01634483329337641
55.031,1,3.4109662594304035,-0.3573093359909856,1.1734770217000197,0.5886915182574028
55.041,0,-3.3312758242686455,-3.790895701576498,1.7589706020069253,0.016243772759385006
55.041,1,3.4130824890917486,-0.3627914781748571,1.1731008624974881,0.588969415690398
55.051,0,-3.331326036362119,-3.7907448146821223,1.7590008314593415,0.01614441019907289
55.051,1,3.4151954476642215,-0.3682778148332785,1.1727243189988408,0.5892430779368459
55.061,0,-3.3313772619520012,-3.7905939745502097,1.7590243331986954,0.016077640148028517
55.061,1,3.4173042074650195,-0.37376866304078626,1.1723477372247022,0.5895094647275517
55.071,0,-3.3314293358483376,-3.790443170039357,1.7590426482971722,0.016048677379287734
55.071,1,3.4194078078600754,-0.37926435530330793,1.1719720006230974,0.5897675527015735
55.081,0,-3.331482057988383,-3.7902923601329044,1.7590572225021714,0.016039792419225103
55.081,1,3.4215052579177407,-0.38476523309903754,1.1715978497002706,0.5900189696453408
55.091,0,-3.3315352009771906,-3.790141482592,1.7590690648499108,0.01604177471923317
55.091,1,3.4235955397748397,-0.39027164407629283,1.1712259092834523,0.5902636122034869
55.101,0,-3.3315885172402537,-3.78999046100386,1.7590788800435198,0.01604973278992331
55.101,1,3.4256776056492306,-0.3957839430721413,1.170856863831487,0.5905019241503232
55.111,0,-3.331641745404992,-3.789839210609444,1.7590864483126245,0.016053653995318495
55.111,1,3.4277503659076007,-0.40130249708902904,1.1704913670345125,0.5907336398645323
55.121,0,-3.3316946188634016,-3.789687641295877,1.759089694328772,0.016061272332164395
55.121,1,3.4298126820466774,-0.4068276900877705,1.1701302273105731,0.5909593976130437
55.131,0,-3.3317468769434,-3.7895356549631245,1.7590869201903323,0.01609184241913127
55.131,1,3.431863376809995,-0.41235991553925083,1.1697740494026518,0.591181160310288
55.141,0,-3.3317982738517995,-3.789383143344041,1.7590770108185256,0.01616028734699159
55.141,1,3.433901244356852,-0.41789957258562277,1.1694232234355588,0.5914006436751242
55.151,0,-3.331848584926908,-3.7892299871711446,1.759059256153482,0.01627646166013587
55.151,1,3.435925057158875,-0.423447066691961,1.1690780085339962,0.5916194613211496
55.161,0,-3.3318976107963114,-3.789076056297361,1.75903322656606,0.016445820269826005
55.161,1,3.4379335742722867,-0.42900280614629593,1.1687385115545645,0.5918397081203322
55.171,0,-3.331945178870491,-3.788921210144953,1.7589992181789236,0.016640963785769427
55.171,1,3.43992556967087,-0.43456717892628144,1.1684035511699942,0.5920750813520187
55.181,0,-3.3319911392725206,-3.7887653027202832,1.7589589388434863,0.01683174839841471
55.181,1,3.441899867720183,-0.4401405257871753,1.1680693842475465,0.5923302460182969
55.191,0,-3.332035357317327,-3.788608198364987,1.7589138345268998,0.017014844921740713
55.191,1,3.4438552989020654,-0.44572318249259735,1.1677330784681874,0.5925988304259079
55.201,0,-3.33207770461559,-3.788449784683954,1.758864926596052,0.01718992911692068
55.201,1,3.445790689356621,-0.4513154856246348,1.1673928310984898,0.5928773111055627
55.212,0,-3.3321180525468415,-3.7882899808522725,1.7588129415389153,0.017357116786250314
55.212,1,3.447704857092303,-0.4569177769674483,1.1670474981082655,0.5931647343066894
55.221,0,-3.3321562680326027,-3.7881287425105956,1.758758401002684,0.017516107374675922
55.221,1,3.4495966066439903,-0.46253040785112726,1.1666964219032625,0.593460186034948
55.231,0,-3.332192211046877,-3.7879660639785513,1.7587017390691984,0.017661258100706317
55.231,1,3.451464718238497,-0.46815373020715717,1.1663397031970817,0.5937563830502037
55.241,1,3.4533079320218123,-0.4737880659564353,1.165978717605373,0.5940438433531703
55.241,0,-3.3322257355616536,-3.787801979022815,1.758643484738919,0.017786825100361753
55.251,0,-3.3322566972092855,-3.7876365619915515,1.7585840755107391,0.01789337883438137
55.251,1,3.45512498026349,-0.4794336481339647,1.1656147334708016,0.5943166053144223
55.261,0,-3.332284960827586,-3.7874699274615526,1.758523840801269,0.017980501721357595
55.261,1,3.456914601925595,-0.48509059078275535,1.165248571544828,0.594568001147243
55.271,0,-3.332310405747783,-3.7873022283329933,1.7584630351795032,0.01804744283671776
55.271,1,3.45867555211508,-0.49075889521506916,1.1648805729545133,0.5947935096671523
55.281,0,-3.3323329306489367,-3.787133653174301,1.758401402080521,0.0181310193987287
55.281,1,3.460406577208193,-0.49643852148145395,1.164511774370308,0.5949822525310927
55.291,0,-3.3323524566168996,-3.7869644205910333,1.7583375495757487,0.018248018962319857
55.291,1,3.4621063836213466,-0.5021294533392219,1.1641451424973162,0.5951326064397199
55.301,0,-3.3323689212289875,-3.7867947676623643,1.7582703513004798,0.018385398829387577
55.301,1,3.4637737102060027,-0.5078316775970846,1.1637831684821163,0.595254016921951
55.311,0,-3.3323822758404535,-3.7866249407634793,1.7581990709566457,0.018534942270270888
55.311,1,3.465407338434075,-0.5135451903616214,1.1634275530294627,0.595355676071257
55.321,0,-3.33239248400293,-3.7864551885679876,1.7581232419243595,0.01869134812922822
55.321,1,3.4670060856166907,-0.5192700049981455,1.1630794781430036,0.5954447243801531
55.331,0,-3.3323995201051577,-3.7862857565504164,1.758042582968561,0.018851101522485772
55.331,1,3.468568802025539,-0.5250061341711711,1.1627398600531362,0.5955238618909636
55.341,1,3.4700944015852424,-0.5307535218766185,1.1624087709318869,0.5955963389587886
55.342,0,-3.332403366383688,-3.7861168832206546,1.7579575291918628,0.018946087059881274
55.351,0,-3.332404011260285,-3.7859488008913873,1.7578700103191303,0.018941311270057378
55.351,1,3.4715818985624836,-0.5365119797576156,1.1620847349983292,0.5956563166105082
55.361,0,-3.3324014596167078,-3.785781740792714,1.7577816215334252,0.018860079201397244
55.361,1,3.473030354201716,-0.5422811852380772,1.161766403461826,0.5956912107460058
55.371,0,-3.332395737127536,-3.7856159380413925,1.7576934608577377,0.018720122174721722
55.371,1,3.474438874000173,-0.5480606919968413,1.1614526287950446,0.5956922266622281
55.381,0,-3.3323868918278112,-3.7854516346406895,1.757606280238098,0.01853424792046699
55.381,1,3.4758065957895683,-0.5538499941200052,1.1611425863880336,0.595656848702233
55.391,0,-3.3323749926798727,-3.785289081860768,1.757521187426646,0.01824420866561375
55.391,1,3.4771326912964677,-0.5596485817569424,1.1608355861267212,0.5955890266705035
55.401,0,-3.332360127737378,-3.785128542280514,1.757440555212449,0.01783526237250164
55.401,1,3.478416371077693,-0.5654559774596593,1.160530836703368,0.5954952883803647
55.412,0,-3.332342411630826,-3.7849702862744543,1.7573662493923508,0.01735106468620668
55.412,1,3.479656865551414,-0.5712717674874742,1.1602277495607478,0.5953832829928117
55.421,0,-3.332321986876731,-3.7848145901099026,1.757299513698662,0.016823688989991453
55.421,1,3.480853423512343,-0.5770956148401328,1.1599258832244916,0.5952621793418684
55.431,0,-3.3322990228994867,-3.7846617342884383,1.757241162799013,0.016275929823732924
55.431,1,3.4820053234942945,-0.5829272468059996,1.1596248060091177,0.5951385776950656
55.44,0,-3.3322737142706553,-3.784512001634101,1.7571917076198051,0.015724452233827495
55.44,1,3.4831118875579343,-0.5887664096898446,1.1593242210909176,0.5950136567066161
55.451,1,3.4841725032793076,-0.5946128190624518,1.1590239124687827,0.5948852692678396
55.452,0,-3.332246280604341,-3.78436567083469,1.7571502251792996,0.015262212259490223
55.461,1,3.4851866453861975,-0.60046612336091,1.1587236255011197,0.5947484619524973
55.462,0,-3.332216964774381,-3.784222998481978,1.7571115476895496,0.014927372426815766
55.472,0,-3.332186007539203,-3.7840842183456864,1.75707115549279,0.014675060882575053
55.472,1,3.4861538771500116,-0.6063258968170138,1.1584232570756317,0.594598234665272
55.481,0,-3.332153633320676,-3.7839495302574795,1.7570259824184316,0.014499216710985485
55.481,1,3.487073845253353,-0.6121916666339939,1.158122796980565,0.5944333015864874
55.491,0,-3.3321200424348065,-3.783819089765979,1.756973975735772,0.014406373555819068
55.491,1,3.4879462698079253,-0.6180629451636659,1.1578222743871136,0.5942545557910937
55.501,0,-3.332085405857125,-3.783693003132277,1.7569140236194103,0.014378264831543919
55.501,1,3.4887709249019103,-0.6239392408777849,1.1575220648757878,0.5940582356404789
55.511,0,-3.3320498637029488,-3.7835713273166163,1.7568460720729846,0.014397611851442865
55.511,1,3.4895476251682673,-0.6298200318271425,1.1572232670780604,0.5938389429643806
55.521,0,-3.3320135290278228,-3.7834540697794017,1.756770248233165,0.014465717810530453
55.521,1,3.490276274556249,-0.6357047225246959,1.156926722829676,0.5935922558875344
55.531,0,-3.3319764915248236,-3.7833411925724616,1.7566866964811394,0.014582431013955604
55.531,1,3.490956865372367,-0.6415926478741466,1.1566328662582024,0.5933157337145083
55.541,0,-3.331938820679248,-3.7832326172735975,1.7565955724305464,0.014746311033643702
55.541,1,3.491589444297069,-0.6474831335154857,1.1563419878128063,0.593012059023501
55.551,1,3.492174091813134,-0.6533755505641075,1.1560542761910453,0.5926881322287119
55.552,0,-3.331900568581057,-3.783128229935604,1.7564970387469736,0.014954844739593595
55.561,0,-3.3318617717658023,-3.7830278889174362,1.756392009867273,0.015074615480062524
55.561,1,3.4927109196327097,-0.6592693494057791,1.1557696105088076,0.5923557485175485
55.571,0,-3.331822448367693,-3.782931433324651,1.7562831924057545,0.015035672034387817
55.571,1,3.493200076780073,-0.665164080069477,1.1554872982659177,0.5920266421478931
55.581,0,-3.33178258979826,-3.7828386779735896,1.7561727908329623,0.01488545669370766
55.581,1,3.493641718284429,-0.6710594087825269,1.1552067716390075,0.5917111468237037
55.591,1,3.494035999003546,-0.676955119507202,1.1549278311509361,0.5914175294558907
55.591,0,-3.331742152398923,-3.7827494170803773,1.756062319908321,0.014661877545323113
55.601,0,-3.331701052730273,-3.7826634292010937,1.755952815160865,0.014393872180085955
55.602,1,3.494383081840013,-0.6828510869709785,1.1546507307828184,0.5911511993495762
55.609,0,-3.331659166071698,-3.7825804819498594,1.7558451145039824,0.01407812858384488
55.609,1,3.494683161779587,-0.6887472182421657,1.1543760968298458,0.5909087829621997
55.621,0,-3.3316163333235833,-3.782500337664962,1.7557401450690473,0.013721053881177425
55.621,1,3.494936374279417,-0.6946434144220661,1.1541071458259469,0.5906663026210757
55.631,0,-3.3315723804352526,-3.7824227592939597,1.7556385776406809,0.013345886999423033
55.631,1,3.4951426605440066,-0.7005395644303799,1.153852566678534,0.5904117506717619
55.641,0,-3.3315271365109362,-3.7823475166086427,1.7555408435265032,0.012968861192771073
55.641,1,3.4953020873743794,-0.7064355255103234,1.1536195422101658,0.5901627417875126
55.651,0,-3.3314804467813217,-3.7822743908776744,1.7554472082878891,0.012601054937714374
55.651,1,3.4954148189245613,-0.7123311542906531,1.1534141337703228,0.5899240416036786
55.661,0,-3.3314321814513956,-3.782203178082864,1.7553578258686038,0.012249375494148295
55.661,1,3.495480990931389,-0.7182263231627176,1.1532440277613636,0.5897063963591112
55.671,0,-3.33138224043409,-3.7821336914937738,1.7552732618476907,0.011835826823817596
55.671,1,3.49550092576218,-0.7241208611570433,1.1531142144924638,0.5895235901477182
55.681,0,-3.331330553989982,-3.782065758143619,1.7551952016193184,0.0113419902967691
55.681,1,3.4954751784498286,-0.7300145151159684,1.1530262764779502,0.5893748540510058
55.691,0,-3.3312770835283687,-3.781999202442616,1.7551249609478445,0.010824346712327645
55.691,1,3.4954043198240314,-0.7359069512682807,1.1529835202243297,0.5892518060566383
55.701,0,-3.3312218190474985,-3.78193383375753,1.755063378580876,0.0103264331146771
55.701,1,3.4952887446575893,-0.7417977760649355,1.1529955686393145,0.5891662115169298
55.711,0,-3.33116477608024,-3.781869438850469,1.7550109592872767,0.009882958241147965
55.711,1,3.4951290510840796,-0.7476865357626945,1.1530696348461567,0.5891332521194945
55.721000000000004,0,-3.331105992702095,-3.7818057778091454,1.7549679758583716,0.009520409513771184
55.721000000000004,1,3.494926011878951,-0.7535727598680743,1.1532109028544502,0.5891697206233505
55.731,0,-3.33104552755633,-3.781742582770921,1.7549339016070724,0.009308354165066278
55.731,1,3.4946804877819697,-0.7594559990562652,1.1534243481975885,0.5892874046411076
55.741,0,-3.3309834550588677,-3.781679564456152,1.7549065697626576,0.00923613297538577
55.741,1,3.4943935426223725,-0.7653358437238968,1.1537117653824003,0.5894872354354258
55.751,0,-3.3309198505029167,-3.7816164295694596,1.7548841660748713,0.009250899261087794
55.751,1,3.4940663499682154,-0.7712119498927885,1.1540739518555272,0.5897784348438655
55.761,0,-3.3308547799260393,-3.781552895697371,1.7548654070539729,0.009322235531105385
55.761,1,3.493700141442087,-0.7770840348162641,1.1545120454285707,0.5901642584482767
55.771,0,-3.3307882937683106,-3.7814887018175756,1.754849377346134,0.009432515018820095
55.771,1,3.4932962628487534,-0.7829518376501867,1.1550261404593016,0.5906335556707317
55.781,0,-3.330720423562909,-3.781423615815014,1.7548350743247245,0.009584057095252006
55.781,1,3.4928561611950206,-0.7888150852040163,1.1556155929697756,0.5911760891425579
55.791,0,-3.3306511839991506,-3.7813574401368717,1.7548205210722128,0.009777999598295381
55.791,1,3.4923813263345918,-0.7946734681690261,1.1562805380081926,0.5918048265191141
55.801,0,-3.3305805791118592,-3.781290013049828,1.7548040796118067,0.010005640814519583
55.801,1,3.491873249656412,-0.8005266345437237,1.1570228289239173,0.5925227529767066
55.811,0,-3.3305086105937862,-3.781221208987612,1.7547846360550319,0.010263488694230063
55.811,1,3.491333498734352,-0.806374205283613,1.157843239155886,0.5933099030912345
55.821,0,-3.330435284171639,-3.781150938116804,1.7547614385538164,0.01054863016880358
55.821,1,3.4907636953996293,-0.8122157935726886,1.1587415221176633,0.5941554931267136
55.831,1,3.490165475602039,-0.8180510048743147,1.159717308537318,0.5950510260496673
55.831,0,-3.330360613926106,-3.7810791450157843,1.7547339857764053,0.010857421693948877
55.841,0,-3.3302846239729402,-3.781005805501429,1.7547026876378384,0.011132469428570461
55.841,1,3.48954050495831,-0.8238794070610865,1.1607693456304908,0.5959605571441143
55.851,0,-3.330207348419732,-3.7809309246956606,1.754669841221854,0.011338028236516383
55.851,1,3.4888904522210016,-0.8297005002466024,1.1618964800390146,0.596913849533201
55.861,0,-3.3301288347737503,-3.7808545440282026,1.7546373358476273,0.0114912859504161
55.861,1,3.4882169258904834,-0.8355137138401459,1.163100323387016,0.5979289987979477
55.871,0,-3.3300491436622934,-3.780776743895617,1.7546064434167978,0.011607747141567577
55.871,1,3.487521556134644,-0.8413184513707298,1.1643815138327265,0.5989741159128149
55.881,0,-3.3299683476152016,-3.780697643449223,1.7545780092606034,0.011698413247225124
55.881,1,3.4868059696232767,-0.8471141287103381,1.165740277109827,0.6000743553848585
55.892,0,-3.329886530439866,-3.7806173995672356,1.754551945205799,0.011802267035638652
55.892,1,3.486071743893494,-0.8529001967309614,1.1671782330388436,0.6012513268513081
55.901,0,-3.3298037874552366,-3.7805362040005703,1.7545264360075976,0.011927180288439181
55.901,1,3.485320434509853,-0.8586761657473599,1.1686963976033926,0.6024870283859685
55.911,0,-3.3297202240657273,-3.7804542754630712,1.7544999503188636,0.012057143259211903
55.911,1,3.4845535694188667,-0.8644416130003162,1.170294452317964,0.6037526005356794
55.921,0,-3.329635956253231,-3.7803718541896107,1.7544714419062928,0.012184093426783789
55.921,1,3.4837726250807113,-0.8701961774998723,1.1719712672784897,0.605041146753168
55.931,0,-3.329551110670947,-3.780289197249732,1.7544402010233802,0.012303546930204367
55.931,1,3.4829790110607997,-0.8759395366127247,1.173725521897055,0.606338565692605
55.941,0,-3.329465824077413,-3.780206574119806,1.7544057505821053,0.012412656669486127
55.941,1,3.482174078693218,-0.8816713558462467,1.1755553375129113,0.6076186458461613
55.951,0,-3.3293802419411818,-3.780124262893596,1.754368829397669,0.012430759770120208
55.952,1,3.481359103957987,-0.8873912274716937,1.1774604047268145,0.609008534820713
55.961,0,-3.329294516856572,-3.780042547709575,1.7543328142722168,0.012320457498658219
55.961,1,3.480535260661754,-0.8930986331678193,1.1794449256195885,0.6105629794162205
55.971000000000004,0,-3.3292088077825825,-3.7799617143211766,1.754300455425405,0.012125136035418985
55.971000000000004,1,3.479703667764267,-0.8987930006576356,1.1815115255125137,0.6122101532502822
55.981,0,-3.329123277522757,-3.779882045696883,1.754273588227735,0.011883432666171579
55.981,1,3.478865377232734,-0.9044737382975604,1.183660284192542,0.6138491955184783
55.991,0,-3.329038090310715,-3.7798038185311706,1.7542534139770263,0.011625531925742703
55.991,1,3.4780213643725975,-0.9101402416793359,1.1858886209160386,0.6154132038394863
56.001,0,-3.3289534097104254,-3.7797273003632648,1.7542407175862575,0.011373265938605971
56.001,1,3.4771725191882017,-0.9157918503755808,1.1881932379655822,0.6168633844545889
56.011,0,-3.3288693955827795,-3.779652744749774,1.7542360356045568,0.011144178736840942
56.011,1,3.4763196561055043,-0.9214278228205519,1.1905702801332796,0.618171032270601
56.021,0,-3.3287861991819194,-3.779580382519409,1.7542396868426808,0.010952306775393928
56.021,1,3.4754635171917356,-0.9270473075232831,1.1930177202056165,0.6194894731655998
56.031,0,-3.328703958956784,-3.7795104144381595,1.7542518293574447,0.010808055091978257
56.031,1,3.474604772709596,-0.9326493315436744,1.1955378966029075,0.6208910401937461
56.041,0,-3.3286227977488494,-3.77944300664323,1.75427250827629,0.010718695722972233
56.041,1,3.4737440393938606,-0.9382329075413666,1.1981320171016907,0.6223014757619744
56.051,0,-3.3285428210982504,-3.7793782882597604,1.7543016876070263,0.010688558546923818
56.051,1,3.4728818744360384,-0.9437970812133161,1.2008003900473188,0.6237442083353435
56.061,0,-3.328464115813668,-3.7793163493090702,1.7543387891689886,0.010670497478987368
56.061,1,3.4720187700404512,-0.9493409394765817,1.2035443302509716,0.6252622839423235
56.071,1,3.471155158022608,-0.9548636385224344,1.2063650482716068,0.6268305260612573
56.071,0,-3.328386747861849,-3.7792572357596708,1.7543815468197186,0.010598261510387593
56.081,0,-3.3283107638784863,-3.779200949839665,1.7544279654389965,0.010475730722043941
56.081,1,3.470291417075589,-0.9603644433381066,1.2092608956815223,0.6282289146623389
56.091,0,-3.3282361913712255,-3.7791474472114435,1.7544766505609017,0.010314540590491151
56.091,1,3.469427881091638,-0.9658427470366746,1.2122255104884256,0.6293421452010427
56.101,0,-3.3281630389285586,-3.779096635475966,1.7545266236566925,0.010127261024824032
56.101,1,3.4685648483881337,-0.9712979678244361,1.215252916081296,0.6302113881858404
56.111,0,-3.3280912973384447,-3.779048375604472,1.7545774254478512,0.009956265545496994
56.111,1,3.467702594939101,-0.9767294950520016,1.2183392093844372,0.6310009022966985
56.121,0,-3.3280209431236116,-3.779002488367146,1.7546295683062818,0.009837184288495915
56.121,1,3.466841381609522,-0.9821366319011976,1.2214847904435573,0.6318320207492065
56.131,0,-3.3279519438336846,-3.778958764209843,1.7546835692710017,0.009762357225479858
56.131,1,3.465981450408532,-0.9875186739733026,1.2246897188328885,0.6326388647606378
56.141,0,-3.327884264252729,-3.7789169755273795,1.7547397590830323,0.009725237597382518
56.141,1,3.4651230177435055,-0.9928749279467292,1.227952934775665,0.6333737844620513
56.151,0,-3.3278178711593855,-3.77887688679201,1.7547983397207902,0.00971993681717292
56.151,1,3.4642662696517155,-0.9982047308873624,1.2312715583561147,0.6338692665912655
56.161,1,3.4634113607615555,-1.0035074791066612,1.2346396083577662,0.6340402414471139
56.162,0,-3.32775273659032,-3.778838262254576,1.7548594242957891,0.009741103229778609
56.171,0,-3.327688840160848,-3.7788008720395934,1.7549232386870892,0.009814435116399461
56.171,1,3.462558424139868,-1.0087825299086235,1.2380524885886255,0.6340501942749901
56.181,0,-3.3276261711980712,-3.778764500768284,1.7549905469472127,0.009962262777303506
56.181,1,3.461707584506586,-1.0140290942700219,1.241511325998767,0.6342849142743358
56.191,1,3.460858965104117,-1.019246236965006,1.2450224153913012,0.6348201032084925
56.191,0,-3.327564729788077,-3.7787289620005673,1.755061981251484,0.010167201520227055
56.202,0,-3.327504527873682,-3.7786941117277646,1.7551379377357004,0.01041468820259739
56.202,1,3.460012678498878,-1.024433048956459,1.2485898764856558,0.6355035322081671
56.211,0,-3.327445589656335,-3.7786598566950143,1.7552186501363647,0.010692837514959155
56.211,1,3.459168824484389,-1.0295886574664062,1.252215780515397,0.636282016496914
56.221,0,-3.327387951315787,-3.7786261584621843,1.7553042468602051,0.0109926331095394
56.221,1,3.458327491317992,-1.0347121999024627,1.2559014943380324,0.6371096341825739
56.231,0,-3.327331659832852,-3.778593034271102,1.7553943813471737,0.011218959175976652
56.231,1,3.4574887556496483,-1.0398028384146154,1.2596469973666782,0.6378935468106878
56.241,0,-3.327276771942922,-3.778560554044383,1.755487307616834,0.011294175473091434
56.241,1,3.456652681685767,-1.0448597795310803,1.2634501232580764,0.6385075728156369
56.251,0,-3.327223358776012,-3.7785288344076724,1.755581489184311,0.011258842373555724
56.251,1,3.4558193205908694,-1.049882260876378,1.2673073359035754,0.6388785570200491
56.261,0,-3.3271715084864764,-3.7784980312341254,1.7556758676565876,0.011142032933419956
56.261,1,3.4549887089475817,-1.054869557053673,1.271214102486537,0.6389760770846632
56.271,0,-3.3271213268779647,-3.7784683325512693,1.7557697153303848,0.0109648122539047
56.271,1,3.4541608701269424,-1.059820967864333,1.2751661457655237,0.6388214892301269
56.281,0,-3.3270729373073724,-3.778439952317451,1.7558628105264642,0.010799644650035045
56.281,1,3.4533358170857054,-1.0647357929913894,1.279160860700094,0.6386216817232521
56.291,1,3.452513551642629,-1.0696132846772528,1.2831990037195158,0.6384687477593588
56.291,0,-3.327026476786578,-3.7784131224704973,1.755955754173276,0.01068237598927487
