drone,start,end,phase,reason,token,epoch,low_speed_s,moving_s,motion_samples_covered_s,mean_sampled_speed_mps,planning_request_overlap_s
0,20.0,20.200000000000003,planning_wait,idle,,401001,0.20000000000000284,0.0,0.20000000000000284,0.008883441093652326,0.20000000000000284
1,20.0,20.200000000000003,planning_wait,idle,,400001,0.20000000000000284,0.0,0.20000000000000284,0.004909792863646056,0.20000000000000284
0,20.200000000000003,20.400000000000002,planning_wait,idle,,401001,0.19899999999999807,0.0010000000000012221,0.1999999999999993,0.009765067716881423,0.1999999999999993
1,20.200000000000003,20.400000000000002,planning_wait,idle,,400001,0.1999999999999993,0.0,0.1999999999999993,0.007434250769752574,0.1999999999999993
0,20.400000000000002,20.6,planning_wait,idle,,401001,0.1999999999999993,0.0,0.1999999999999993,0.011124083237978515,0.1999999999999993
1,20.400000000000002,20.6,allocation_wait,idle,,400001,0.1999999999999993,0.0,0.1999999999999993,0.0061994555876573225,0.0
0,20.6,20.8,planning_wait,idle,,401001,0.1999999999999993,0.0,0.1999999999999993,0.007818130486482175,0.1999999999999993
1,20.6,20.8,allocation_wait,idle,,400001,0.1999999999999993,0.0,0.1999999999999993,0.0034046277896306954,0.0
0,20.8,21.001,planning_wait,idle,,401001,0.2010000000000005,0.0,0.2010000000000005,0.007687977961357405,0.2010000000000005
1,20.8,21.0,allocation_wait,idle,,400001,0.1999999999999993,0.0,0.1999999999999993,0.005526140655379073,0.0
0,21.001,21.201,planning_wait,idle,,401001,0.1999999999999993,0.0,0.1999999999999993,0.008159170552126869,0.1999999999999993
1,21.0,21.201,allocation_wait,idle,,400001,0.2010000000000005,0.0,0.2010000000000005,0.007679325604836499,0.0
0,21.201,21.400000000000002,planning_wait,idle,,401001,0.19600000000000506,0.002999999999996561,0.19900000000000162,0.012297783855434277,0.19900000000000162
1,21.201,21.400000000000002,reservation_wait,idle,,400001,0.19900000000000162,0.0,0.19900000000000162,0.004396621746389578,0.0
1,21.400000000000002,21.6,reservation_wait,idle,,400001,0.1999999999999993,0.0,0.1999999999999993,0.004725634687526503,0.0
0,21.400000000000002,21.6,planning_wait,idle,,401001,0.1999999999999993,0.0,0.1999999999999993,0.013172268212274638,0.1999999999999993
0,21.6,21.8,planning_wait,idle,,401001,0.19900000000000162,0.0009999999999976694,0.1999999999999993,0.014558174053658453,0.1999999999999993
1,21.6,21.8,reservation_wait,idle,,400001,0.1999999999999993,0.0,0.1999999999999993,0.00409419803944185,0.0
0,21.8,22.0,planning_wait,idle,,401001,0.19899999999999807,0.0010000000000012221,0.1999999999999993,0.010384086457476533,0.1999999999999993
1,21.8,22.0,reservation_wait,idle,,400001,0.1999999999999993,0.0,0.1999999999999993,0.004289963763483504,0.0
0,22.0,22.200000000000003,planning_wait,idle,,401001,0.20000000000000284,0.0,0.20000000000000284,0.006604374586123327,0.20000000000000284
1,22.0,22.200000000000003,allocation_wait,idle,,400001,0.20000000000000284,0.0,0.20000000000000284,0.006855766476778463,0.20000000000000284
0,22.200000000000003,22.401,planning_wait,idle,,401001,0.19999999999999574,0.0010000000000012221,0.20099999999999696,0.01127644255644097,0.20099999999999696
1,22.200000000000003,22.401,execution,tracking_view,1:d9942f9a:400002,400002,0.19999999999999574,0.0010000000000012221,0.20099999999999696,0.015326178633064852,0.20099999999999696
0,22.401,22.6,reservation_wait,idle,,401001,0.19900000000000162,0.0,0.19900000000000162,0.00826160982111956,0.19900000000000162
1,22.401,22.6,execution,tracking_view,1:d9942f9a:400002,400002,0.19099999999999895,0.008000000000002672,0.19900000000000162,0.05573729151423636,0.19900000000000162
0,22.6,22.8,reservation_wait,idle,,401001,0.1999999999999993,0.0,0.1999999999999993,0.009938790214316255,0.1999999999999993
1,22.6,22.8,execution,tracking_view,1:d9942f9a:400002,400002,0.0259999999999998,0.1739999999999995,0.1999999999999993,0.1530417483171431,0.1999999999999993
0,22.8,23.0,reservation_wait,idle,,401001,0.19900000000000162,0.0009999999999976694,0.1999999999999993,0.013545863035583574,0.1999999999999993
1,22.8,23.0,execution,tracking_view,1:d9942f9a:400002,400002,0.0,0.1999999999999993,0.1999999999999993,0.29334543309892563,0.1999999999999993
0,23.0,23.201,reservation_wait,idle,,401001,0.1999999999999993,0.0010000000000012221,0.2010000000000005,0.015129315127693568,0.2010000000000005
1,23.0,23.200000000000003,execution,tracking_view,1:d9942f9a:400002,400002,0.0,0.20000000000000284,0.20000000000000284,0.413582804574602,0.20000000000000284
0,23.201,23.400000000000002,planning_wait,idle,,401001,0.19900000000000162,0.0,0.19900000000000162,0.010850313608270164,0.19900000000000162
1,23.200000000000003,23.400000000000002,execution,tracking_view,1:d9942f9a:400002,400002,0.0,0.1999999999999993,0.1999999999999993,0.5442574691010701,0.1999999999999993
0,23.400000000000002,23.601000000000003,execution,tracking_view,0:e40fc6fe:401002,401002,0.1999999999999993,0.0010000000000012221,0.2010000000000005,0.015409076114650906,0.2010000000000005
1,23.400000000000002,23.601000000000003,execution,tracking_view,1:d9942f9a:400002,400002,0.0,0.2010000000000005,0.2010000000000005,0.6411604111592217,0.2010000000000005
0,23.601000000000003,23.8,execution,tracking_view,0:e40fc6fe:401002,401002,0.19899999999999807,0.0,0.19899999999999807,0.020757379542442573,0.19899999999999807
1,23.601000000000003,23.801000000000002,execution,tracking_view,1:d9942f9a:400002,400002,0.0,0.1999999999999993,0.1999999999999993,0.663237447001678,0.1999999999999993
0,23.8,24.0,execution,tracking_view,0:e40fc6fe:401002,401002,0.1999999999999993,0.0,0.1999999999999993,0.027615403831433405,0.1999999999999993
1,23.801000000000002,24.0,execution,tracking_view,1:d9942f9a:400002,400002,0.0,0.19899999999999807,0.19899999999999807,0.6431430345706395,0.19899999999999807
1,24.0,24.200000000000003,execution,tracking_view,1:d9942f9a:400002,400002,0.0,0.20000000000000284,0.20000000000000284,0.6162377363802067,0.20000000000000284
0,24.0,24.201,execution,tracking_view,0:e40fc6fe:401002,401002,0.1999999999999993,0.0010000000000012221,0.2010000000000005,0.053111369158232745,0.2010000000000005
1,24.200000000000003,24.400000000000002,execution,tracking_view,1:d9942f9a:400002,400002,0.0,0.1999999999999993,0.1999999999999993,0.514656881446499,0.1999999999999993
0,24.201,24.400000000000002,execution,tracking_view,0:e40fc6fe:401002,401002,0.1469999999999949,0.05200000000000671,0.19900000000000162,0.08276180359197852,0.06099999999999994
0,24.400000000000002,24.6,execution,tracking_view,0:e40fc6fe:401002,401002,0.08200000000000429,0.117999999999995,0.1999999999999993,0.12034448825924603,0.10000000000000142
1,24.400000000000002,24.601000000000003,execution,tracking_view,1:d9942f9a:400002,400002,0.0,0.2010000000000005,0.2010000000000005,0.40838605556890295,0.019999999999999574
0,24.6,24.801000000000002,execution,tracking_view,0:e40fc6fe:401002,401002,0.053999999999998494,0.14700000000000202,0.2010000000000005,0.1713613520850865,0.2010000000000005
1,24.601000000000003,24.801000000000002,execution,tracking_view,1:d9942f9a:400002,400002,0.0,0.1999999999999993,0.1999999999999993,0.2989612231915109,0.0
0,24.801000000000002,25.0,execution,tracking_view,0:e40fc6fe:401002,401002,0.020999999999997243,0.17800000000000082,0.19899999999999807,0.21059515774103707,0.19899999999999807
1,24.801000000000002,25.0,execution,tracking_view,1:d9942f9a:400002,400002,0.07499999999999929,0.12399999999999878,0.19899999999999807,0.18287905885183503,0.0
0,25.0,25.200000000000003,execution,tracking_view,0:e40fc6fe:401002,401002,0.0,0.20000000000000284,0.20000000000000284,0.2372110020406107,0.20000000000000284
1,25.0,25.200000000000003,execution,tracking_view,1:d9942f9a:400002,400002,0.18900000000000716,0.01099999999999568,0.20000000000000284,0.05992401933866093,0.0
0,25.200000000000003,25.400000000000002,execution,tracking_view,0:e40fc6fe:401002,401002,0.0,0.1999999999999993,0.1999999999999993,0.2715339960754745,0.1999999999999993
1,25.200000000000003,25.400000000000002,execution,tracking_view,1:d9942f9a:400002,400002,0.19299999999999784,0.0070000000000014495,0.1999999999999993,0.03932125914535524,0.0
0,25.400000000000002,25.6,execution,tracking_view,0:e40fc6fe:401002,401002,0.0,0.1999999999999993,0.1999999999999993,0.3183351115149789,0.1999999999999993
1,25.400000000000002,25.601000000000003,execution,tracking_view,1:d9942f9a:400002,400002,0.15800000000000125,0.04299999999999926,0.2010000000000005,0.08720222379111532,0.0
1,25.601000000000003,25.801000000000002,observation_dwell,observation_dwell,1:d9942f9a:400002,400002,0.1669999999999945,0.0330000000000048,0.1999999999999993,0.07869523058943559,0.0
0,25.6,25.801000000000002,execution,tracking_view,0:e40fc6fe:401002,401002,0.0,0.2010000000000005,0.2010000000000005,0.3492080315698211,0.2010000000000005
0,25.801000000000002,26.0,execution,tracking_view,0:e40fc6fe:401002,401002,0.0,0.19899999999999807,0.19899999999999807,0.3753181513404662,0.19899999999999807
1,25.801000000000002,26.0,allocation_wait,idle,1:d9942f9a:400002,400002,0.19799999999999685,0.0010000000000012221,0.19899999999999807,0.04141014621045678,0.0
0,26.0,26.200000000000003,execution,tracking_view,0:e40fc6fe:401002,401002,0.0,0.20000000000000284,0.20000000000000284,0.41054744430263895,0.20000000000000284
1,26.0,26.201,allocation_wait,idle,1:d9942f9a:400002,400002,0.2010000000000005,0.0,0.2010000000000005,0.009264682546774997,0.0
0,26.200000000000003,26.400000000000002,execution,tracking_view,0:e40fc6fe:401002,401002,0.0,0.1999999999999993,0.1999999999999993,0.4362346908451436,0.1999999999999993
1,26.201,26.400000000000002,allocation_wait,idle,1:d9942f9a:400002,400002,0.1960000000000015,0.0030000000000001137,0.19900000000000162,0.021486199847620912,0.0
1,26.400000000000002,26.6,reservation_wait,idle,1:d9942f9a:400002,400002,0.19899999999999807,0.0010000000000012221,0.1999999999999993,0.028167215609409896,0.0
0,26.400000000000002,26.6,execution,tracking_view,0:e40fc6fe:401002,401002,0.0,0.1999999999999993,0.1999999999999993,0.49236406544394623,0.1999999999999993
0,26.6,26.8,execution,tracking_view,0:e40fc6fe:401002,401002,0.0,0.1999999999999993,0.1999999999999993,0.5311800420930853,0.07900000000000063
1,26.6,26.8,reservation_wait,idle,1:d9942f9a:400002,400002,0.1999999999999993,0.0,0.1999999999999993,0.026759270026642544,0.0
0,26.8,27.0,execution,tracking_view,0:e40fc6fe:401002,401002,0.0,0.1999999999999993,0.1999999999999993,0.5534976439470701,0.0
1,26.8,27.0,reservation_wait,idle,1:d9942f9a:400002,400002,0.19700000000000273,0.002999999999996561,0.1999999999999993,0.023562507709530237,0.0
0,27.0,27.200000000000003,execution,tracking_view,0:e40fc6fe:401002,401002,0.0,0.20000000000000284,0.20000000000000284,0.5652160090776198,0.0
1,27.0,27.200000000000003,reservation_wait,idle,1:d9942f9a:400002,400002,0.1980000000000004,0.0020000000000024443,0.20000000000000284,0.022068237133217483,0.0
0,27.200000000000003,27.400000000000002,execution,tracking_view,0:e40fc6fe:401002,401002,0.0,0.1999999999999993,0.1999999999999993,0.5302650186213369,0.0
1,27.200000000000003,27.400000000000002,allocation_wait,idle,1:d9942f9a:400002,400002,0.19899999999999807,0.0010000000000012221,0.1999999999999993,0.018125956477433165,0.0
0,27.400000000000002,27.6,execution,tracking_view,0:e40fc6fe:401002,401002,0.0,0.1999999999999993,0.1999999999999993,0.5626595834324666,0.0
1,27.400000000000002,27.6,execution,tracking_view,1:d9942f9a:400003,400003,0.1999999999999993,0.0,0.1999999999999993,0.011978776057924106,0.10000000000000142
0,27.6,27.8,execution,tracking_view,0:e40fc6fe:401002,401002,0.0,0.1999999999999993,0.1999999999999993,0.5854035079365524,0.0
1,27.6,27.801000000000002,execution,tracking_view,1:d9942f9a:400003,400003,0.1999999999999993,0.0010000000000012221,0.2010000000000005,0.017005716561214534,0.2010000000000005
0,27.8,28.0,execution,tracking_view,0:e40fc6fe:401002,401002,0.0,0.1999999999999993,0.1999999999999993,0.565369761690844,0.0
1,27.801000000000002,28.0,execution,tracking_view,1:d9942f9a:400003,400003,0.19099999999999895,0.007999999999999119,0.19899999999999807,0.044040352790279486,0.19899999999999807
1,28.0,28.201,execution,tracking_view,1:d9942f9a:400003,400003,0.13800000000000168,0.06299999999999883,0.2010000000000005,0.09671506523802267,0.2010000000000005
0,28.0,28.200000000000003,execution,tracking_view,0:e40fc6fe:401002,401002,0.0,0.20000000000000284,0.20000000000000284,0.5710738370408304,0.0
0,28.200000000000003,28.400000000000002,execution,tracking_view,0:e40fc6fe:401002,401002,0.0,0.1999999999999993,0.1999999999999993,0.5741400222790829,0.0
1,28.201,28.400000000000002,execution,tracking_view,1:d9942f9a:400003,400003,0.07299999999999685,0.12600000000000477,0.19900000000000162,0.15559588551275108,0.19900000000000162
1,28.400000000000002,28.601000000000003,execution,tracking_view,1:d9942f9a:400003,400003,0.0,0.2010000000000005,0.2010000000000005,0.21816604209874077,0.2010000000000005
0,28.400000000000002,28.601000000000003,execution,tracking_view,0:e40fc6fe:401002,401002,0.0,0.2010000000000005,0.2010000000000005,0.5780026559508377,0.0
0,28.601000000000003,28.8,execution,tracking_view,0:e40fc6fe:401002,401002,0.0,0.19899999999999807,0.19899999999999807,0.554533478619829,0.0
1,28.601000000000003,28.802000000000003,execution,tracking_view,1:d9942f9a:400003,400003,0.055999999999997385,0.14500000000000313,0.2010000000000005,0.26784527175178974,0.2010000000000005
0,28.8,29.000000000000004,execution,tracking_view,0:e40fc6fe:401002,401002,0.0,0.20000000000000284,0.20000000000000284,0.5387357705339326,0.0
1,28.802000000000003,29.000000000000004,execution,tracking_view,1:d9942f9a:400003,400003,0.0,0.1980000000000004,0.1980000000000004,0.3190779974443612,0.1980000000000004
0,29.000000000000004,29.200000000000003,execution,tracking_view,0:e40fc6fe:401002,401002,0.0,0.1999999999999993,0.1999999999999993,0.5033101649129856,0.0
1,29.000000000000004,29.200000000000003,execution,tracking_view,1:d9942f9a:400003,400003,0.0,0.1999999999999993,0.1999999999999993,0.3604373950447131,0.1999999999999993
0,29.200000000000003,29.400000000000002,execution,tracking_view,0:e40fc6fe:401002,401002,0.0,0.1999999999999993,0.1999999999999993,0.47755015018542823,0.0
1,29.200000000000003,29.400000000000002,execution,tracking_view,1:d9942f9a:400003,400003,0.0,0.1999999999999993,0.1999999999999993,0.4163160970469597,0.1999999999999993
0,29.400000000000002,29.6,execution,tracking_view,0:e40fc6fe:401002,401002,0.0,0.1999999999999993,0.1999999999999993,0.4409414936154656,0.09999999999999787
1,29.400000000000002,29.6,execution,tracking_view,1:d9942f9a:400003,400003,0.0,0.1999999999999993,0.1999999999999993,0.4541565790288683,0.10000000000000142
0,29.6,29.8,execution,tracking_view,0:e40fc6fe:401002,401002,0.0,0.1999999999999993,0.1999999999999993,0.44636845728629104,0.1999999999999993
1,29.6,29.8,execution,tracking_view,1:d9942f9a:400003,400003,0.0,0.1999999999999993,0.1999999999999993,0.5176128280361101,0.0
1,29.8,30.000000000000004,execution,tracking_view,1:d9942f9a:400003,400003,0.0,0.20000000000000284,0.20000000000000284,0.5143507513319867,0.0
0,29.8,30.000000000000004,execution,tracking_view,0:e40fc6fe:401002,401002,0.0,0.20000000000000284,0.20000000000000284,0.4129354892831922,0.20000000000000284
0,30.000000000000004,30.200000000000003,execution,tracking_view,0:e40fc6fe:401002,401002,0.0,0.1999999999999993,0.1999999999999993,0.3700232126547454,0.1999999999999993
1,30.000000000000004,30.200000000000003,execution,tracking_view,1:d9942f9a:400003,400003,0.0,0.1999999999999993,0.1999999999999993,0.536851531659695,0.0
0,30.200000000000003,30.400000000000002,execution,tracking_view,0:e40fc6fe:401002,401002,0.0,0.1999999999999993,0.1999999999999993,0.32805362327056287,0.1999999999999993
1,30.200000000000003,30.400000000000002,execution,tracking_view,1:d9942f9a:400003,400003,0.0,0.1999999999999993,0.1999999999999993,0.5734844198840899,0.0
0,30.400000000000002,30.6,execution,tracking_view,0:e40fc6fe:401002,401002,0.0,0.1999999999999993,0.1999999999999993,0.29842476474653296,0.1999999999999993
1,30.400000000000002,30.6,execution,tracking_view,1:d9942f9a:400003,400003,0.0,0.1999999999999993,0.1999999999999993,0.6140229173331263,0.0
0,30.6,30.8,execution,tracking_view,0:e40fc6fe:401002,401002,0.0,0.1999999999999993,0.1999999999999993,0.2514247128949566,0.1999999999999993
1,30.6,30.8,execution,tracking_view,1:d9942f9a:400003,400003,0.0,0.1999999999999993,0.1999999999999993,0.6103230300057262,0.0
1,30.8,31.000000000000004,execution,tracking_view,1:d9942f9a:400003,400003,0.0,0.20000000000000284,0.20000000000000284,0.6127056513049155,0.0
0,30.8,31.000000000000004,execution,tracking_view,0:e40fc6fe:401002,401002,0.012000000000004007,0.18799999999999883,0.20000000000000284,0.20827245932189176,0.20000000000000284
0,31.000000000000004,31.200000000000003,execution,tracking_view,0:e40fc6fe:401002,401002,0.07999999999999474,0.12000000000000455,0.1999999999999993,0.16756983574011247,0.1999999999999993
1,31.000000000000004,31.200000000000003,execution,tracking_view,1:d9942f9a:400003,400003,0.0,0.1999999999999993,0.1999999999999993,0.6049872025452715,0.0
0,31.200000000000003,31.401000000000003,execution,tracking_view,0:e40fc6fe:401002,401002,0.09500000000000597,0.10599999999999454,0.2010000000000005,0.13175574085838665,0.2010000000000005
1,31.200000000000003,31.402,execution,tracking_view,1:d9942f9a:400003,400003,0.0,0.20199999999999818,0.20199999999999818,0.569268556254402,0.0
0,31.401000000000003,31.6,execution,tracking_view,0:e40fc6fe:401002,401002,0.1469999999999949,0.052000000000003155,0.19899999999999807,0.09591438618177739,0.19899999999999807
1,31.402,31.6,execution,tracking_view,1:d9942f9a:400003,400003,0.0,0.1980000000000004,0.1980000000000004,0.5209897749013714,0.0
0,31.6,31.8,execution,tracking_view,0:e40fc6fe:401002,401002,0.19399999999999906,0.006000000000000227,0.1999999999999993,0.062473164235104926,0.015000000000000568
1,31.6,31.8,execution,tracking_view,1:d9942f9a:400003,400003,0.0,0.1999999999999993,0.1999999999999993,0.47815211058933726,0.0
1,31.8,32.0,execution,tracking_view,1:d9942f9a:400003,400003,0.0,0.1999999999999993,0.1999999999999993,0.42527752453434015,0.0
0,31.8,32.0,execution,tracking_view,0:e40fc6fe:401002,401002,0.19599999999999795,0.004000000000001336,0.1999999999999993,0.039692287575272336,0.0
0,32.0,32.2,execution,tracking_view,0:e40fc6fe:401002,401002,0.20000000000000284,0.0,0.20000000000000284,0.023859282003239907,0.0
1,32.0,32.2,execution,tracking_view,1:d9942f9a:400003,400003,0.0,0.20000000000000284,0.20000000000000284,0.37797605040336085,0.0
0,32.2,32.4,execution,tracking_view,0:e40fc6fe:401002,401002,0.19999999999999574,0.0,0.19999999999999574,0.012988133959727066,0.0
1,32.2,32.4,execution,tracking_view,1:d9942f9a:400003,400003,0.0,0.19999999999999574,0.19999999999999574,0.32735681125805016,0.0
1,32.4,32.602000000000004,execution,tracking_view,1:d9942f9a:400003,400003,0.0,0.2020000000000053,0.2020000000000053,0.2709685463465888,0.10200000000000387
0,32.4,32.6,execution,tracking_view,0:e40fc6fe:401002,401002,0.20000000000000284,0.0,0.20000000000000284,0.007758737864435996,0.0
0,32.6,32.800000000000004,observation_dwell,observation_dwell,0:e40fc6fe:401002,401002,0.20000000000000284,0.0,0.20000000000000284,0.0072966723875217306,0.0
1,32.602000000000004,32.800000000000004,execution,tracking_view,1:d9942f9a:400003,400003,0.021999999999998465,0.17600000000000193,0.1980000000000004,0.211315642584818,0.1980000000000004
0,32.800000000000004,33.002,observation_dwell,observation_dwell,0:e40fc6fe:401002,401002,0.20199999999999818,0.0,0.20199999999999818,0.008881540608536848,0.0
1,32.800000000000004,33.0,execution,tracking_view,1:d9942f9a:400003,400003,0.04200000000000159,0.15799999999999415,0.19999999999999574,0.16747026260074668,0.19999999999999574
0,33.002,33.201,allocation_wait,idle,0:e40fc6fe:401002,401002,0.19899999999999807,0.0,0.19899999999999807,0.011070366697146046,0.0
1,33.0,33.201,execution,tracking_view,1:d9942f9a:400003,400003,0.0659999999999954,0.13500000000000512,0.2010000000000005,0.11017733089005352,0.2010000000000005
0,33.201,33.4,allocation_wait,idle,0:e40fc6fe:401002,401002,0.19899999999999807,0.0,0.19899999999999807,0.012485960712296634,0.0
1,33.201,33.4,execution,tracking_view,1:d9942f9a:400003,400003,0.19499999999999318,0.0040000000000048885,0.19899999999999807,0.06424177989517374,0.19899999999999807
0,33.4,33.6,allocation_wait,idle,0:e40fc6fe:401002,401002,0.20000000000000284,0.0,0.20000000000000284,0.010563307782157742,0.09899999999999665
1,33.4,33.6,execution,tracking_view,1:d9942f9a:400003,400003,0.20000000000000284,0.0,0.20000000000000284,0.02831262532582573,0.20000000000000284
0,33.6,33.801,planning_wait,idle,0:e40fc6fe:401002,401002,0.2010000000000005,0.0,0.2010000000000005,0.009112835027951901,0.2010000000000005
1,33.6,33.801,execution,tracking_view,1:d9942f9a:400003,400003,0.20000000000000284,0.0009999999999976694,0.2010000000000005,0.011945742423688965,0.2010000000000005
0,33.801,34.0,planning_wait,idle,0:e40fc6fe:401002,401002,0.19899999999999807,0.0,0.19899999999999807,0.006446532319292891,0.19899999999999807
1,33.801,34.0,execution,tracking_view,1:d9942f9a:400003,400003,0.19899999999999807,0.0,0.19899999999999807,0.020130210997460957,0.19899999999999807
1,34.0,34.2,observation_dwell,observation_dwell,1:d9942f9a:400003,400003,0.19900000000000517,0.0009999999999976694,0.20000000000000284,0.02072401680601412,0.20000000000000284
0,34.0,34.2,planning_wait,idle,0:e40fc6fe:401002,401002,0.20000000000000284,0.0,0.20000000000000284,0.006228587127274224,0.20000000000000284
0,34.2,34.400000000000006,planning_wait,idle,0:e40fc6fe:401002,401002,0.20000000000000284,0.0,0.20000000000000284,0.009300546757564847,0.20000000000000284
1,34.2,34.400000000000006,planning_wait,idle,1:d9942f9a:400003,400003,0.20000000000000284,0.0,0.20000000000000284,0.007157281214483739,0.20000000000000284
1,34.400000000000006,34.6,planning_wait,idle,1:d9942f9a:400003,400003,0.19999999999999574,0.0,0.19999999999999574,0.007863158696127127,0.15099999999999625
0,34.400000000000006,34.6,planning_wait,idle,0:e40fc6fe:401002,401002,0.19999999999999574,0.0,0.19999999999999574,0.005702931031271612,0.19999999999999574
0,34.6,34.803000000000004,planning_wait,idle,0:e40fc6fe:401002,401002,0.20300000000000296,0.0,0.20300000000000296,0.008878278119881514,0.20300000000000296
1,34.6,34.800000000000004,planning_wait,idle,1:d9942f9a:400003,400003,0.19900000000000517,0.0009999999999976694,0.20000000000000284,0.00982318868718155,0.0
0,34.803000000000004,35.0,planning_wait,idle,0:e40fc6fe:401002,401002,0.19699999999999562,0.0,0.19699999999999562,0.006938713534789599,0.19699999999999562
1,34.800000000000004,35.0,reservation_wait,idle,1:d9942f9a:400003,400003,0.19899999999999096,0.0010000000000047748,0.19999999999999574,0.012503360204262641,0.0
0,35.0,35.2,planning_wait,idle,0:e40fc6fe:401002,401002,0.20000000000000284,0.0,0.20000000000000284,0.006142249519211533,0.20000000000000284
1,35.0,35.2,reservation_wait,idle,1:d9942f9a:400003,400003,0.20000000000000284,0.0,0.20000000000000284,0.01927947068025533,0.0
0,35.2,35.400000000000006,planning_wait,idle,0:e40fc6fe:401002,401002,0.20000000000000284,0.0,0.20000000000000284,0.006178191237153529,0.20000000000000284
1,35.2,35.400000000000006,reservation_wait,idle,1:d9942f9a:400003,400003,0.20000000000000284,0.0,0.20000000000000284,0.02375270419565804,0.0
0,35.400000000000006,35.601,planning_wait,idle,0:e40fc6fe:401002,401002,0.2009999999999934,0.0,0.2009999999999934,0.0106549898367644,0.2009999999999934
1,35.400000000000006,35.601,reservation_wait,idle,1:d9942f9a:400003,400003,0.2009999999999934,0.0,0.2009999999999934,0.022012898159268737,0.0
0,35.601,35.800000000000004,planning_wait,idle,0:e40fc6fe:401002,401002,0.19900000000000517,0.0,0.19900000000000517,0.00881929219867714,0.16100000000000136
1,35.601,35.800000000000004,allocation_wait,idle,1:d9942f9a:400003,400003,0.1980000000000075,0.0009999999999976694,0.19900000000000517,0.014074874825045661,0.0
0,35.800000000000004,36.001000000000005,planning_wait,idle,0:e40fc6fe:401002,401002,0.2010000000000005,0.0,0.2010000000000005,0.008531898861260835,0.0
1,35.800000000000004,36.001000000000005,execution,tracking_view,1:d9942f9a:400004,400004,0.19600000000000506,0.0049999999999954525,0.2010000000000005,0.029191765477147698,0.0
1,36.001000000000005,36.2,execution,tracking_view,1:d9942f9a:400004,400004,0.15299999999998448,0.046000000000013586,0.19899999999999807,0.0829857720496227,0.19899999999999807
0,36.001000000000005,36.201,reservation_wait,idle,0:e40fc6fe:401002,401002,0.19999999999999574,0.0,0.19999999999999574,0.006929997396845841,0.0
0,36.201,36.401,reservation_wait,idle,0:e40fc6fe:401002,401002,0.20000000000000284,0.0,0.20000000000000284,0.00526420859607542,0.0
1,36.2,36.401,execution,tracking_view,1:d9942f9a:400004,400004,0.03300000000000125,0.16799999999999926,0.2010000000000005,0.16147023929456053,0.2010000000000005
0,36.401,36.6,reservation_wait,idle,0:e40fc6fe:401002,401002,0.19899999999999807,0.0,0.19899999999999807,0.009155504488865264,0.0
1,36.401,36.6,execution,tracking_view,1:d9942f9a:400004,400004,0.0,0.19899999999999807,0.19899999999999807,0.2072465694171987,0.19899999999999807
0,36.6,36.800000000000004,reservation_wait,idle,0:e40fc6fe:401002,401002,0.19899999999999807,0.0010000000000047748,0.20000000000000284,0.009574767489405608,0.0
1,36.6,36.800000000000004,execution,tracking_view,1:d9942f9a:400004,400004,0.0,0.20000000000000284,0.20000000000000284,0.24733936484492575,0.20000000000000284
0,36.800000000000004,37.0,allocation_wait,idle,0:e40fc6fe:401002,401002,0.19999999999999574,0.0,0.19999999999999574,0.007459609917595678,0.0
1,36.800000000000004,37.0,execution,tracking_view,1:d9942f9a:400004,400004,0.0,0.19999999999999574,0.19999999999999574,0.24846888641417667,0.19999999999999574
1,37.0,37.201,execution,tracking_view,1:d9942f9a:400004,400004,0.0,0.2010000000000005,0.2010000000000005,0.2177405383377861,0.2010000000000005
0,37.0,37.201,execution,tracking_view,0:e40fc6fe:401003,401003,0.19700000000000273,0.003999999999997783,0.2010000000000005,0.03344986616477522,0.2010000000000005
0,37.201,37.400000000000006,execution,tracking_view,0:e40fc6fe:401003,401003,0.13399999999999324,0.06500000000001194,0.19900000000000517,0.08681584937016958,0.19900000000000517
1,37.201,37.400000000000006,execution,tracking_view,1:d9942f9a:400004,400004,0.0519999999999996,0.14700000000000557,0.19900000000000517,0.1634369347583537,0.19900000000000517
1,37.400000000000006,37.601,execution,tracking_view,1:d9942f9a:400004,400004,0.12899999999999068,0.07200000000000273,0.2009999999999934,0.09728856165015413,0.2009999999999934
0,37.400000000000006,37.601,execution,tracking_view,0:e40fc6fe:401003,401003,0.015999999999998238,0.18499999999999517,0.2009999999999934,0.18167014056816272,0.2009999999999934
0,37.601,37.800000000000004,execution,tracking_view,0:e40fc6fe:401003,401003,0.0,0.19900000000000517,0.19900000000000517,0.2714534139223678,0.19900000000000517
1,37.601,37.800000000000004,execution,tracking_view,1:d9942f9a:400004,400004,0.19900000000000517,0.0,0.19900000000000517,0.03291048814503455,0.19900000000000517
0,37.800000000000004,38.0,execution,tracking_view,0:e40fc6fe:401003,401003,0.0,0.19999999999999574,0.19999999999999574,0.36517414809763143,0.19999999999999574
1,37.800000000000004,38.0,execution,tracking_view,1:d9942f9a:400004,400004,0.19999999999999574,0.0,0.19999999999999574,0.009937727980819286,0.19999999999999574
0,38.0,38.2,execution,tracking_view,0:e40fc6fe:401003,401003,0.0,0.20000000000000284,0.20000000000000284,0.4696454576786013,0.20000000000000284
1,38.0,38.2,observation_dwell,observation_dwell,1:d9942f9a:400004,400004,0.20000000000000284,0.0,0.20000000000000284,0.007052709524579126,0.20000000000000284
0,38.2,38.400000000000006,execution,tracking_view,0:e40fc6fe:401003,401003,0.0,0.20000000000000284,0.20000000000000284,0.535871895440963,0.20000000000000284
1,38.2,38.400000000000006,planning_wait,idle,1:d9942f9a:400004,400004,0.20000000000000284,0.0,0.20000000000000284,0.005604808775271985,0.20000000000000284
0,38.400000000000006,38.6,execution,tracking_view,0:e40fc6fe:401003,401003,0.0,0.19999999999999574,0.19999999999999574,0.5633790372099049,0.19999999999999574
1,38.400000000000006,38.6,planning_wait,idle,1:d9942f9a:400004,400004,0.19999999999999574,0.0,0.19999999999999574,0.006956618989660097,0.0799999999999983
1,38.6,38.800000000000004,allocation_wait,idle,1:d9942f9a:400004,400004,0.20000000000000284,0.0,0.20000000000000284,0.010704844586256035,0.0
0,38.6,38.800000000000004,execution,tracking_view,0:e40fc6fe:401003,401003,0.0,0.20000000000000284,0.20000000000000284,0.5903802366384385,0.20000000000000284
0,38.800000000000004,39.0,execution,tracking_view,0:e40fc6fe:401003,401003,0.0,0.19999999999999574,0.19999999999999574,0.5906727326406938,0.19999999999999574
1,38.800000000000004,39.0,reservation_wait,idle,1:d9942f9a:400004,400004,0.19999999999999574,0.0,0.19999999999999574,0.01562390575076757,0.0
1,39.0,39.2,reservation_wait,idle,1:d9942f9a:400004,400004,0.19900000000000517,0.0009999999999976694,0.20000000000000284,0.013004263075236824,0.0
0,39.0,39.2,execution,tracking_view,0:e40fc6fe:401003,401003,0.0,0.20000000000000284,0.20000000000000284,0.5597783890519094,0.20000000000000284
0,39.2,39.402,execution,tracking_view,0:e40fc6fe:401003,401003,0.0,0.20199999999999818,0.20199999999999818,0.5040921602025414,0.134999999999998
1,39.2,39.402,reservation_wait,idle,1:d9942f9a:400004,400004,0.20199999999999818,0.0,0.20199999999999818,0.006515850990816249,0.0
0,39.402,39.6,execution,tracking_view,0:e40fc6fe:401003,401003,0.0,0.1980000000000004,0.1980000000000004,0.4301917033293516,0.0
1,39.402,39.6,reservation_wait,idle,1:d9942f9a:400004,400004,0.1980000000000004,0.0,0.1980000000000004,0.005753598070729763,0.0
1,39.6,39.800000000000004,allocation_wait,idle,1:d9942f9a:400004,400004,0.20000000000000284,0.0,0.20000000000000284,0.0055674736007697186,0.0
0,39.6,39.801,execution,tracking_view,0:e40fc6fe:401003,401003,0.0,0.2010000000000005,0.2010000000000005,0.3435862817663355,0.0
0,39.801,40.001000000000005,execution,tracking_view,0:e40fc6fe:401003,401003,0.0,0.20000000000000284,0.20000000000000284,0.23172726204108526,0.0
1,39.800000000000004,40.001000000000005,execution,tracking_view,1:d9942f9a:400005,400005,0.2010000000000005,0.0,0.2010000000000005,0.004085855154454878,0.0
0,40.001000000000005,40.2,execution,tracking_view,0:e40fc6fe:401003,401003,0.02400000000000091,0.17499999999999716,0.19899999999999807,0.14082797312044742,0.0
1,40.001000000000005,40.2,execution,tracking_view,1:d9942f9a:400005,400005,0.19899999999999807,0.0,0.19899999999999807,0.012886570407976305,0.19899999999999807
0,40.2,40.401,execution,tracking_view,0:e40fc6fe:401003,401003,0.1840000000000046,0.016999999999995907,0.2010000000000005,0.06143323171958201,0.0
1,40.2,40.400000000000006,execution,tracking_view,1:d9942f9a:400005,400005,0.19700000000000983,0.0029999999999930083,0.20000000000000284,0.044744916254895704,0.20000000000000284
1,40.400000000000006,40.601,execution,tracking_view,1:d9942f9a:400005,400005,0.10299999999999443,0.09799999999999898,0.2009999999999934,0.09851380348983423,0.2009999999999934
0,40.401,40.601,execution,tracking_view,0:e40fc6fe:401003,401003,0.19999999999999574,0.0,0.19999999999999574,0.010835590922726217,0.0
0,40.601,40.800000000000004,execution,tracking_view,0:e40fc6fe:401003,401003,0.19900000000000517,0.0,0.19900000000000517,0.009781010982321862,0.0
1,40.601,40.800000000000004,execution,tracking_view,1:d9942f9a:400005,400005,0.02400000000000091,0.17500000000000426,0.19900000000000517,0.15557125947570685,0.19900000000000517
0,40.800000000000004,41.0,observation_dwell,observation_dwell,0:e40fc6fe:401003,401003,0.19999999999999574,0.0,0.19999999999999574,0.010416301608817784,0.0
1,40.800000000000004,41.001000000000005,execution,tracking_view,1:d9942f9a:400005,400005,0.0,0.2010000000000005,0.2010000000000005,0.22091690211139878,0.2010000000000005
0,41.0,41.2,allocation_wait,idle,0:e40fc6fe:401003,401003,0.20000000000000284,0.0,0.20000000000000284,0.011381899169976634,0.0
1,41.001000000000005,41.2,execution,tracking_view,1:d9942f9a:400005,400005,0.0,0.19899999999999807,0.19899999999999807,0.28200467735706547,0.19899999999999807
0,41.2,41.401,allocation_wait,idle,0:e40fc6fe:401003,401003,0.2010000000000005,0.0,0.2010000000000005,0.00834282465660918,0.0
1,41.2,41.401,execution,tracking_view,1:d9942f9a:400005,400005,0.0,0.2010000000000005,0.2010000000000005,0.3483090864231204,0.2010000000000005
0,41.401,41.6,allocation_wait,idle,0:e40fc6fe:401003,401003,0.19899999999999807,0.0,0.19899999999999807,0.003759799612659877,0.09899999999999665
1,41.401,41.6,execution,tracking_view,1:d9942f9a:400005,400005,0.0,0.19899999999999807,0.19899999999999807,0.3981784168224286,0.19899999999999807
0,41.6,41.800000000000004,planning_wait,idle,0:e40fc6fe:401003,401003,0.20000000000000284,0.0,0.20000000000000284,0.004445476261077724,0.20000000000000284
1,41.6,41.800000000000004,execution,tracking_view,1:d9942f9a:400005,400005,0.0,0.20000000000000284,0.20000000000000284,0.45640942896024767,0.20000000000000284
0,41.800000000000004,42.0,planning_wait,idle,0:e40fc6fe:401003,401003,0.19999999999999574,0.0,0.19999999999999574,0.007504633791606461,0.19999999999999574
1,41.800000000000004,42.0,execution,tracking_view,1:d9942f9a:400005,400005,0.0,0.19999999999999574,0.19999999999999574,0.504654411765157,0.19999999999999574
0,42.0,42.2,planning_wait,idle,0:e40fc6fe:401003,401003,0.20000000000000284,0.0,0.20000000000000284,0.005029359460100598,0.20000000000000284
1,42.0,42.2,execution,tracking_view,1:d9942f9a:400005,400005,0.0,0.20000000000000284,0.20000000000000284,0.5124815815565934,0.13700000000000045
0,42.2,42.400000000000006,planning_wait,idle,0:e40fc6fe:401003,401003,0.20000000000000284,0.0,0.20000000000000284,0.0066718316172780226,0.20000000000000284
1,42.2,42.400000000000006,execution,tracking_view,1:d9942f9a:400005,400005,0.0,0.20000000000000284,0.20000000000000284,0.5646138474258331,0.0
0,42.400000000000006,42.602000000000004,planning_wait,idle,0:e40fc6fe:401003,401003,0.20199999999999818,0.0,0.20199999999999818,0.006820810793056124,0.20199999999999818
1,42.400000000000006,42.6,execution,tracking_view,1:d9942f9a:400005,400005,0.0,0.19999999999999574,0.19999999999999574,0.5929739904158807,0.0
0,42.602000000000004,42.800000000000004,planning_wait,idle,0:e40fc6fe:401003,401003,0.1980000000000004,0.0,0.1980000000000004,0.006796950654015577,0.1980000000000004
1,42.6,42.800000000000004,execution,tracking_view,1:d9942f9a:400005,400005,0.0,0.20000000000000284,0.20000000000000284,0.6179214514793406,0.0
0,42.800000000000004,43.001000000000005,planning_wait,idle,0:e40fc6fe:401003,401003,0.2010000000000005,0.0,0.2010000000000005,0.004838268025158222,0.2010000000000005
1,42.800000000000004,43.0,execution,tracking_view,1:d9942f9a:400005,400005,0.0,0.19999999999999574,0.19999999999999574,0.6207199165306182,0.0
0,43.001000000000005,43.2,planning_wait,idle,0:e40fc6fe:401003,401003,0.19899999999999807,0.0,0.19899999999999807,0.00404611539050482,0.19899999999999807
1,43.0,43.2,execution,tracking_view,1:d9942f9a:400005,400005,0.0,0.20000000000000284,0.20000000000000284,0.6100160921499432,0.0
1,43.2,43.400000000000006,execution,tracking_view,1:d9942f9a:400005,400005,0.0,0.20000000000000284,0.20000000000000284,0.5678096592612566,0.0
0,43.2,43.403000000000006,planning_wait,idle,0:e40fc6fe:401003,401003,0.20300000000000296,0.0,0.20300000000000296,0.008225657522208841,0.20300000000000296
0,43.403000000000006,43.6,planning_wait,idle,0:e40fc6fe:401003,401003,0.19699999999999562,0.0,0.19699999999999562,0.009027428925593302,0.19699999999999562
1,43.400000000000006,43.6,execution,tracking_view,1:d9942f9a:400005,400005,0.0,0.19999999999999574,0.19999999999999574,0.5087708068843944,0.0
0,43.6,43.801,planning_wait,idle,0:e40fc6fe:401003,401003,0.2010000000000005,0.0,0.2010000000000005,0.009255265063471562,0.2010000000000005
1,43.6,43.800000000000004,execution,tracking_view,1:d9942f9a:400005,400005,0.0,0.20000000000000284,0.20000000000000284,0.4905693681672376,0.0
1,43.800000000000004,44.001000000000005,execution,tracking_view,1:d9942f9a:400005,400005,0.0,0.2010000000000005,0.2010000000000005,0.4541268887959631,0.0
0,43.801,44.001000000000005,planning_wait,idle,0:e40fc6fe:401003,401003,0.20000000000000284,0.0,0.20000000000000284,0.008048662971469148,0.20000000000000284
0,44.001000000000005,44.201,planning_wait,idle,0:e40fc6fe:401003,401003,0.19999999999999574,0.0,0.19999999999999574,0.004583691143549795,0.19999999999999574
1,44.001000000000005,44.201,execution,tracking_view,1:d9942f9a:400005,400005,0.0,0.19999999999999574,0.19999999999999574,0.4156647013120705,0.0
1,44.201,44.400000000000006,execution,tracking_view,1:d9942f9a:400005,400005,0.0,0.19900000000000517,0.19900000000000517,0.3688889705447136,0.0
0,44.201,44.400000000000006,planning_wait,idle,0:e40fc6fe:401003,401003,0.19900000000000517,0.0,0.19900000000000517,0.005628548807490198,0.19900000000000517
0,44.400000000000006,44.6,planning_wait,idle,0:e40fc6fe:401003,401003,0.19999999999999574,0.0,0.19999999999999574,0.005740071872578303,0.19999999999999574
1,44.400000000000006,44.6,execution,tracking_view,1:d9942f9a:400005,400005,0.0,0.19999999999999574,0.19999999999999574,0.3240797330980614,0.0
0,44.6,44.800000000000004,planning_wait,idle,0:e40fc6fe:401003,401003,0.20000000000000284,0.0,0.20000000000000284,0.005490783717242887,0.19899999999999807
1,44.6,44.800000000000004,execution,tracking_view,1:d9942f9a:400005,400005,0.0,0.20000000000000284,0.20000000000000284,0.28378444705673017,0.0
0,44.800000000000004,45.001000000000005,planning_wait,idle,0:e40fc6fe:401003,401003,0.2010000000000005,0.0,0.2010000000000005,0.008036940146439213,0.0
1,44.800000000000004,45.001000000000005,execution,tracking_view,1:d9942f9a:400005,400005,0.0,0.2010000000000005,0.2010000000000005,0.2279491939453364,0.0
0,45.001000000000005,45.2,allocation_wait,idle,0:e40fc6fe:401003,401003,0.19899999999999807,0.0,0.19899999999999807,0.008827640818025428,0.0
1,45.001000000000005,45.204,execution,tracking_view,1:d9942f9a:400005,400005,0.04399999999999693,0.15899999999999892,0.20299999999999585,0.1686470950992192,0.19899999999999807
1,45.204,45.400000000000006,execution,tracking_view,1:d9942f9a:400005,400005,0.08800000000000807,0.10799999999999699,0.19600000000000506,0.11387838091570035,0.19600000000000506
0,45.2,45.400000000000006,allocation_wait,idle,0:e40fc6fe:401003,401003,0.20000000000000284,0.0,0.20000000000000284,0.00800407588826749,0.0
0,45.400000000000006,45.6,allocation_wait,idle,0:e40fc6fe:401003,401003,0.19999999999999574,0.0,0.19999999999999574,0.004742435966460265,0.0
1,45.400000000000006,45.6,execution,tracking_view,1:d9942f9a:400005,400005,0.17800000000000438,0.02199999999999136,0.19999999999999574,0.06649966686964215,0.19999999999999574
0,45.6,45.800000000000004,allocation_wait,idle,0:e40fc6fe:401003,401003,0.20000000000000284,0.0,0.20000000000000284,0.0031822849113991624,0.0
1,45.6,45.800000000000004,execution,tracking_view,1:d9942f9a:400005,400005,0.20000000000000284,0.0,0.20000000000000284,0.016393839286285565,0.20000000000000284
0,45.800000000000004,46.0,allocation_wait,idle,0:e40fc6fe:401003,401003,0.19999999999999574,0.0,0.19999999999999574,0.0044259229114827735,0.0
1,45.800000000000004,46.0,execution,tracking_view,1:d9942f9a:400005,400005,0.19700000000000273,0.0029999999999930083,0.19999999999999574,0.015309255183594623,0.19999999999999574
0,46.0,46.202000000000005,allocation_wait,idle,0:e40fc6fe:401003,401003,0.2020000000000053,0.0,0.2020000000000053,0.006421520869281879,0.0
1,46.0,46.202000000000005,execution,tracking_view,1:d9942f9a:400005,400005,0.20000000000000995,0.001999999999995339,0.2020000000000053,0.013928238599270006,0.2020000000000053
0,46.202000000000005,46.400000000000006,allocation_wait,idle,0:e40fc6fe:401003,401003,0.1980000000000004,0.0,0.1980000000000004,0.011949672883156967,0.0
1,46.202000000000005,46.400000000000006,observation_dwell,observation_dwell,1:d9942f9a:400005,400005,0.1980000000000004,0.0,0.1980000000000004,0.0068263328318310754,0.1980000000000004
0,46.400000000000006,46.6,allocation_wait,idle,0:e40fc6fe:401003,401003,0.19999999999999574,0.0,0.19999999999999574,0.006369971393866971,0.09899999999999665
1,46.400000000000006,46.602000000000004,observation_dwell,observation_dwell,1:d9942f9a:400005,400005,0.2010000000000005,0.0009999999999976694,0.20199999999999818,0.01074347138831622,0.20199999999999818
1,46.602000000000004,46.801,planning_wait,idle,1:d9942f9a:400005,400005,0.19299999999999784,0.006000000000000227,0.19899999999999807,0.028158626957273628,0.19899999999999807
0,46.6,46.801,allocation_wait,idle,0:e40fc6fe:401003,401003,0.20000000000000284,0.0009999999999976694,0.2010000000000005,0.008951622427314912,0.2010000000000005
0,46.801,47.0,planning_wait,idle,0:e40fc6fe:401003,401003,0.19599999999999085,0.003000000000007219,0.19899999999999807,0.012072937409470094,0.19899999999999807
1,46.801,47.0,planning_wait,idle,1:d9942f9a:400005,400005,0.19299999999999073,0.006000000000007333,0.19899999999999807,0.03204803205098097,0.19899999999999807
0,47.0,47.2,planning_wait,idle,0:e40fc6fe:401003,401003,0.19700000000000983,0.0029999999999930083,0.20000000000000284,0.012710430956952979,0.20000000000000284
1,47.0,47.2,planning_wait,idle,1:d9942f9a:400005,400005,0.19700000000000983,0.0029999999999930083,0.20000000000000284,0.024156492735348308,0.20000000000000284
0,47.2,47.403000000000006,planning_wait,idle,0:e40fc6fe:401003,401003,0.20300000000000296,0.0,0.20300000000000296,0.008938379274896973,0.20300000000000296
1,47.2,47.402,reservation_wait,idle,1:d9942f9a:400005,400005,0.2010000000000005,0.0009999999999976694,0.20199999999999818,0.01766068354816191,0.20199999999999818
0,47.403000000000006,47.6,planning_wait,idle,0:e40fc6fe:401003,401003,0.19699999999999562,0.0,0.19699999999999562,0.005870741893743108,0.19699999999999562
1,47.402,47.601000000000006,reservation_wait,idle,1:d9942f9a:400005,400005,0.19900000000000517,0.0,0.19900000000000517,0.009541328603843309,0.19900000000000517
1,47.601000000000006,47.800000000000004,reservation_wait,idle,1:d9942f9a:400005,400005,0.19899999999999807,0.0,0.19899999999999807,0.0054083851642868835,0.19899999999999807
0,47.6,47.800000000000004,planning_wait,idle,0:e40fc6fe:401003,401003,0.20000000000000284,0.0,0.20000000000000284,0.00957415622592582,0.20000000000000284
0,47.800000000000004,48.0,planning_wait,idle,0:e40fc6fe:401003,401003,0.19999999999999574,0.0,0.19999999999999574,0.010065430848890911,0.19999999999999574
1,47.800000000000004,48.001000000000005,reservation_wait,idle,1:d9942f9a:400005,400005,0.2010000000000005,0.0,0.2010000000000005,0.009600967723119008,0.2010000000000005
0,48.0,48.2,planning_wait,idle,0:e40fc6fe:401003,401003,0.20000000000000284,0.0,0.20000000000000284,0.007824770874025834,0.20000000000000284
1,48.001000000000005,48.2,planning_wait,idle,1:d9942f9a:400005,400005,0.19899999999999807,0.0,0.19899999999999807,0.012452196010841401,0.19899999999999807
0,48.2,48.400000000000006,planning_wait,idle,0:e40fc6fe:401003,401003,0.20000000000000284,0.0,0.20000000000000284,0.00547597834907942,0.20000000000000284
1,48.2,48.400000000000006,execution,tracking_view,1:d9942f9a:400006,400006,0.19700000000000983,0.0029999999999930083,0.20000000000000284,0.013734152500669165,0.20000000000000284
0,48.400000000000006,48.6,planning_wait,idle,0:e40fc6fe:401003,401003,0.19999999999999574,0.0,0.19999999999999574,0.006570930366850457,0.19999999999999574
1,48.400000000000006,48.6,execution,tracking_view,1:d9942f9a:400006,400006,0.19699999999998852,0.003000000000007219,0.19999999999999574,0.028761096843539866,0.19999999999999574
0,48.6,48.800000000000004,planning_wait,idle,0:e40fc6fe:401003,401003,0.20000000000000284,0.0,0.20000000000000284,0.007717183857309648,0.20000000000000284
1,48.6,48.800000000000004,execution,tracking_view,1:d9942f9a:400006,400006,0.18099999999999739,0.019000000000005457,0.20000000000000284,0.06071432112341906,0.20000000000000284
0,48.800000000000004,49.0,planning_wait,idle,0:e40fc6fe:401003,401003,0.19999999999999574,0.0,0.19999999999999574,0.008969690179384112,0.19999999999999574
1,48.800000000000004,49.002,execution,tracking_view,1:d9942f9a:400006,400006,0.11500000000000199,0.08699999999999619,0.20199999999999818,0.09895824973501893,0.20199999999999818
0,49.0,49.2,planning_wait,idle,0:e40fc6fe:401003,401003,0.20000000000000284,0.0,0.20000000000000284,0.0074739653182839426,0.20000000000000284
1,49.002,49.2,execution,tracking_view,1:d9942f9a:400006,400006,0.0519999999999996,0.1460000000000008,0.1980000000000004,0.14967152045106957,0.1980000000000004
1,49.2,49.400000000000006,execution,tracking_view,1:d9942f9a:400006,400006,0.020000000000003126,0.17999999999999972,0.20000000000000284,0.21297127451714112,0.20000000000000284
0,49.2,49.406000000000006,planning_wait,idle,0:e40fc6fe:401003,401003,0.20600000000000307,0.0,0.20600000000000307,0.002387947493190894,0.20600000000000307
0,49.406000000000006,49.601000000000006,planning_wait,idle,0:e40fc6fe:401003,401003,0.19500000000000028,0.0,0.19500000000000028,0.0033340196132858207,0.19500000000000028
1,49.400000000000006,49.602000000000004,execution,tracking_view,1:d9942f9a:400006,400006,0.028999999999996362,0.17300000000000182,0.20199999999999818,0.2838709607575612,0.20199999999999818
0,49.601000000000006,49.800000000000004,planning_wait,idle,0:e40fc6fe:401003,401003,0.19899999999999807,0.0,0.19899999999999807,0.003578937458598324,0.19899999999999807
1,49.602000000000004,49.800000000000004,execution,tracking_view,1:d9942f9a:400006,400006,0.04200000000000159,0.1559999999999988,0.1980000000000004,0.3373391631816008,0.1980000000000004
0,49.800000000000004,50.0,planning_wait,idle,0:e40fc6fe:401003,401003,0.19999999999999574,0.0,0.19999999999999574,0.002271312685273756,0.19999999999999574
1,49.800000000000004,50.0,execution,tracking_view,1:d9942f9a:400006,400006,0.0,0.19999999999999574,0.19999999999999574,0.4220566341966188,0.19899999999999807
0,50.0,50.2,planning_wait,idle,0:e40fc6fe:401003,401003,0.20000000000000284,0.0,0.20000000000000284,0.008222489716246454,0.20000000000000284
1,50.0,50.2,execution,tracking_view,1:d9942f9a:400006,400006,0.0,0.20000000000000284,0.20000000000000284,0.45665775161882366,0.19599999999999795
0,50.2,50.400000000000006,planning_wait,idle,0:e40fc6fe:401003,401003,0.19900000000000517,0.0009999999999976694,0.20000000000000284,0.014615196311082993,0.20000000000000284
1,50.2,50.400000000000006,execution,tracking_view,1:d9942f9a:400006,400006,0.0,0.20000000000000284,0.20000000000000284,0.5176000530468391,0.20000000000000284
0,50.400000000000006,50.6,planning_wait,idle,0:e40fc6fe:401003,401003,0.19999999999999574,0.0,0.19999999999999574,0.006766447202430442,0.19999999999999574
1,50.400000000000006,50.6,execution,tracking_view,1:d9942f9a:400006,400006,0.0,0.19999999999999574,0.19999999999999574,0.5405056409307468,0.19999999999999574
0,50.6,50.800000000000004,planning_wait,idle,0:e40fc6fe:401003,401003,0.20000000000000284,0.0,0.20000000000000284,0.006408869960695109,0.20000000000000284
1,50.6,50.800000000000004,execution,tracking_view,1:d9942f9a:400006,400006,0.0,0.20000000000000284,0.20000000000000284,0.5868956370059082,0.20000000000000284
0,50.800000000000004,51.001000000000005,planning_wait,idle,0:e40fc6fe:401003,401003,0.2010000000000005,0.0,0.2010000000000005,0.0127975792410728,0.2010000000000005
1,50.800000000000004,51.0,execution,tracking_view,1:d9942f9a:400006,400006,0.0,0.19999999999999574,0.19999999999999574,0.5952261817853007,0.19999999999999574
0,51.001000000000005,51.2,planning_wait,idle,0:e40fc6fe:401003,401003,0.19899999999999807,0.0,0.19899999999999807,0.009706253033774283,0.19899999999999807
1,51.0,51.2,execution,tracking_view,1:d9942f9a:400006,400006,0.0,0.20000000000000284,0.20000000000000284,0.6141738725703814,0.20000000000000284
0,51.2,51.401,planning_wait,idle,0:e40fc6fe:401003,401003,0.2010000000000005,0.0,0.2010000000000005,0.008007791272261953,0.1700000000000017
1,51.2,51.401,execution,tracking_view,1:d9942f9a:400006,400006,0.0,0.2010000000000005,0.2010000000000005,0.6167881842075953,0.2010000000000005
0,51.401,51.6,planning_wait,idle,0:e40fc6fe:401003,401003,0.19899999999999807,0.0,0.19899999999999807,0.00925155729151629,0.09899999999999665
1,51.401,51.601000000000006,execution,tracking_view,1:d9942f9a:400006,400006,0.0,0.20000000000000284,0.20000000000000284,0.5584577287154335,0.20000000000000284
1,51.601000000000006,51.801,execution,tracking_view,1:d9942f9a:400006,400006,0.0,0.19999999999999574,0.19999999999999574,0.5770257502105554,0.19999999999999574
0,51.6,51.801,planning_wait,idle,0:e40fc6fe:401003,401003,0.2010000000000005,0.0,0.2010000000000005,0.0121178523600553,0.2010000000000005
0,51.801,52.001000000000005,planning_wait,idle,0:e40fc6fe:401003,401003,0.20000000000000284,0.0,0.20000000000000284,0.012760797900006421,0.20000000000000284
1,51.801,52.001000000000005,execution,tracking_view,1:d9942f9a:400006,400006,0.0,0.20000000000000284,0.20000000000000284,0.5282559364267044,0.20000000000000284
0,52.001000000000005,52.2,planning_wait,idle,0:e40fc6fe:401003,401003,0.19899999999999807,0.0,0.19899999999999807,0.014020835456501981,0.19899999999999807
1,52.001000000000005,52.2,execution,tracking_view,1:d9942f9a:400006,400006,0.0,0.19899999999999807,0.19899999999999807,0.5208408946208877,0.19899999999999807
1,52.2,52.400000000000006,execution,tracking_view,1:d9942f9a:400006,400006,0.0,0.20000000000000284,0.20000000000000284,0.471831134560895,0.20000000000000284
0,52.2,52.400000000000006,planning_wait,idle,0:e40fc6fe:401003,401003,0.19899999999999807,0.0010000000000047748,0.20000000000000284,0.010963914813553197,0.20000000000000284
0,52.400000000000006,52.6,planning_wait,idle,0:e40fc6fe:401003,401003,0.19999999999999574,0.0,0.19999999999999574,0.006061466287396914,0.19999999999999574
1,52.400000000000006,52.6,execution,tracking_view,1:d9942f9a:400006,400006,0.0,0.19999999999999574,0.19999999999999574,0.4141239629635267,0.19999999999999574
0,52.6,52.800000000000004,planning_wait,idle,0:e40fc6fe:401003,401003,0.20000000000000284,0.0,0.20000000000000284,0.009528274833251985,0.20000000000000284
1,52.6,52.800000000000004,execution,tracking_view,1:d9942f9a:400006,400006,0.0,0.20000000000000284,0.20000000000000284,0.36571727826781614,0.20000000000000284
0,52.800000000000004,53.0,planning_wait,idle,0:e40fc6fe:401003,401003,0.19999999999999574,0.0,0.19999999999999574,0.007778523360274978,0.19999999999999574
1,52.800000000000004,53.0,execution,tracking_view,1:d9942f9a:400006,400006,0.0,0.19999999999999574,0.19999999999999574,0.3142931079514135,0.19999999999999574
0,53.0,53.201,planning_wait,idle,0:e40fc6fe:401003,401003,0.2010000000000005,0.0,0.2010000000000005,0.007351649432091417,0.2010000000000005
1,53.0,53.201,execution,tracking_view,1:d9942f9a:400006,400006,0.0,0.2010000000000005,0.2010000000000005,0.2587694133217646,0.2010000000000005
0,53.201,53.400000000000006,planning_wait,idle,0:e40fc6fe:401003,401003,0.19900000000000517,0.0,0.19900000000000517,0.007516456323652411,0.19900000000000517
1,53.201,53.400000000000006,execution,tracking_view,1:d9942f9a:400006,400006,0.0,0.19900000000000517,0.19900000000000517,0.19958356373781516,0.07400000000000517
0,53.400000000000006,53.603,planning_wait,idle,0:e40fc6fe:401003,401003,0.20299999999999585,0.0,0.20299999999999585,0.006408141220263359,0.20299999999999585
1,53.400000000000006,53.603,execution,tracking_view,1:d9942f9a:400006,400006,0.04399999999999693,0.15899999999999892,0.20299999999999585,0.14548835478246191,0.0
0,53.603,53.800000000000004,planning_wait,idle,0:e40fc6fe:401003,401003,0.19700000000000273,0.0,0.19700000000000273,0.004898613520085492,0.19700000000000273
1,53.603,53.800000000000004,execution,tracking_view,1:d9942f9a:400006,400006,0.134999999999998,0.06200000000000472,0.19700000000000273,0.09226245095024405,0.0
0,53.800000000000004,54.0,planning_wait,idle,0:e40fc6fe:401003,401003,0.19999999999999574,0.0,0.19999999999999574,0.00655119816652791,0.19999999999999574
1,53.800000000000004,54.0,execution,tracking_view,1:d9942f9a:400006,400006,0.19199999999999307,0.008000000000002672,0.19999999999999574,0.04686030442668496,0.0
0,54.0,54.2,planning_wait,idle,0:e40fc6fe:401003,401003,0.20000000000000284,0.0,0.20000000000000284,0.00877576353148226,0.20000000000000284
1,54.0,54.2,execution,tracking_view,1:d9942f9a:400006,400006,0.19899999999999807,0.0010000000000047748,0.20000000000000284,0.01633406070535823,0.0
0,54.2,54.400000000000006,planning_wait,idle,0:e40fc6fe:401003,401003,0.20000000000000284,0.0,0.20000000000000284,0.00851844069803075,0.20000000000000284
1,54.2,54.400000000000006,execution,tracking_view,1:d9942f9a:400006,400006,0.19900000000000517,0.0009999999999976694,0.20000000000000284,0.020367026087513226,0.0
0,54.400000000000006,54.6,planning_wait,idle,0:e40fc6fe:401003,401003,0.19999999999999574,0.0,0.19999999999999574,0.015455566346494198,0.19999999999999574
1,54.400000000000006,54.601000000000006,execution,tracking_view,1:d9942f9a:400006,400006,0.2010000000000005,0.0,0.2010000000000005,0.02242289279260802,0.0
1,54.601000000000006,54.803000000000004,observation_dwell,observation_dwell,1:d9942f9a:400006,400006,0.20199999999999818,0.0,0.20199999999999818,0.01519920833492795,0.0
0,54.6,54.800000000000004,planning_wait,idle,0:e40fc6fe:401003,401003,0.20000000000000284,0.0,0.20000000000000284,0.011026333030594186,0.15100000000000335
1,54.803000000000004,55.0,observation_dwell,observation_dwell,1:d9942f9a:400006,400006,0.19699999999999562,0.0,0.19699999999999562,0.009972103728295795,0.0
0,54.800000000000004,55.0,planning_wait,idle,0:e40fc6fe:401003,401003,0.19999999999999574,0.0,0.19999999999999574,0.007831728655484394,0.0
1,55.0,55.2,allocation_wait,idle,1:d9942f9a:400006,400006,0.1980000000000075,0.001999999999995339,0.20000000000000284,0.015018382349780195,0.0
0,55.0,55.2,allocation_wait,idle,0:e40fc6fe:401003,401003,0.20000000000000284,0.0,0.20000000000000284,0.008488473086594556,0.0
1,55.2,55.400000000000006,allocation_wait,idle,1:d9942f9a:400006,400006,0.20000000000000284,0.0,0.20000000000000284,0.021684651795116573,0.0
0,55.2,55.401,allocation_wait,idle,0:e40fc6fe:401003,401003,0.2010000000000005,0.0,0.2010000000000005,0.0110341953965083,0.0
1,55.400000000000006,55.6,allocation_wait,idle,1:d9942f9a:400006,400006,0.19899999999999096,0.0010000000000047748,0.19999999999999574,0.02238879821854266,0.0
0,55.401,55.6,allocation_wait,idle,0:e40fc6fe:401003,401003,0.19899999999999807,0.0,0.19899999999999807,0.011420146534286822,0.0
0,55.6,55.800000000000004,allocation_wait,idle,0:e40fc6fe:401003,401003,0.20000000000000284,0.0,0.20000000000000284,0.009834201964603119,0.0
1,55.6,55.800000000000004,reservation_wait,idle,1:d9942f9a:400006,400006,0.20000000000000284,0.0,0.20000000000000284,0.01662314276990345,0.0
1,55.800000000000004,56.002,reservation_wait,idle,1:d9942f9a:400006,400006,0.20199999999999818,0.0,0.20199999999999818,0.01871050695003779,0.0
0,55.800000000000004,56.0,allocation_wait,idle,0:e40fc6fe:401003,401003,0.19999999999999574,0.0,0.19999999999999574,0.009781203922938476,0.0
0,56.0,56.2,allocation_wait,idle,0:e40fc6fe:401003,401003,0.19900000000000517,0.0009999999999976694,0.20000000000000284,0.01243331899385145,0.0
1,56.002,56.2,reservation_wait,idle,1:d9942f9a:400006,400006,0.19700000000000273,0.0009999999999976694,0.1980000000000004,0.019580099057982164,0.0
0,56.2,56.400000000000006,allocation_wait,idle,0:e40fc6fe:401003,401003,0.20000000000000284,0.0,0.20000000000000284,0.01500781137768443,0.0
1,56.2,56.400000000000006,reservation_wait,idle,1:d9942f9a:400006,400006,0.20000000000000284,0.0,0.20000000000000284,0.013363125643623618,0.0
0,56.400000000000006,56.6,allocation_wait,idle,0:e40fc6fe:401003,401003,0.19899999999999807,0.0009999999999976694,0.19999999999999574,0.009269425983682114,0.0
1,56.400000000000006,56.601000000000006,allocation_wait,idle,1:d9942f9a:400006,400006,0.19900000000000517,0.001999999999995339,0.2010000000000005,0.010383300993576584,0.1010000000000062
0,56.6,56.800000000000004,allocation_wait,idle,0:e40fc6fe:401003,401003,0.20000000000000284,0.0,0.20000000000000284,0.006523313216849408,0.0
1,56.601000000000006,56.800000000000004,execution,tracking_view,1:d9942f9a:400007,400007,0.19899999999999807,0.0,0.19899999999999807,0.009152350185855413,0.19899999999999807
0,56.800000000000004,57.0,allocation_wait,idle,0:e40fc6fe:401003,401003,0.19999999999999574,0.0,0.19999999999999574,0.00767013296820709,0.0
1,56.800000000000004,57.0,execution,tracking_view,1:d9942f9a:400007,400007,0.19999999999999574,0.0,0.19999999999999574,0.009974133385232394,0.19999999999999574
0,57.0,57.2,allocation_wait,idle,0:e40fc6fe:401003,401003,0.20000000000000284,0.0,0.20000000000000284,0.017554066012198114,0.20000000000000284
1,57.0,57.2,execution,tracking_view,1:d9942f9a:400007,400007,0.20000000000000284,0.0,0.20000000000000284,0.030500034296004345,0.20000000000000284
1,57.2,57.400000000000006,execution,tracking_view,1:d9942f9a:400007,400007,0.19200000000000728,0.007999999999995566,0.20000000000000284,0.05717036736175382,0.20000000000000284
0,57.2,57.400000000000006,planning_wait,idle,0:e40fc6fe:401003,401003,0.1980000000000075,0.001999999999995339,0.20000000000000284,0.021405345676145524,0.20000000000000284
0,57.400000000000006,57.6,planning_wait,idle,0:e40fc6fe:401003,401003,0.19899999999999096,0.0010000000000047748,0.19999999999999574,0.015045104682738524,0.19999999999999574
1,57.400000000000006,57.6,execution,tracking_view,1:d9942f9a:400007,400007,0.15499999999999403,0.045000000000001705,0.19999999999999574,0.08959155647221473,0.19999999999999574
0,57.6,57.801,planning_wait,idle,0:e40fc6fe:401003,401003,0.20000000000000284,0.0009999999999976694,0.2010000000000005,0.007449349842434927,0.2010000000000005
1,57.6,57.800000000000004,execution,tracking_view,1:d9942f9a:400007,400007,0.09899999999999665,0.1010000000000062,0.20000000000000284,0.12393579878483155,0.20000000000000284
0,57.801,58.00000000000001,planning_wait,idle,0:e40fc6fe:401003,401003,0.19900000000000517,0.0,0.19900000000000517,0.006679096518373441,0.19900000000000517
1,57.800000000000004,58.00000000000001,execution,tracking_view,1:d9942f9a:400007,400007,0.02499999999999858,0.17500000000000426,0.20000000000000284,0.15644770170705036,0.20000000000000284
0,58.00000000000001,58.2,planning_wait,idle,0:e40fc6fe:401003,401003,0.19999999999999574,0.0,0.19999999999999574,0.009286625844195139,0.19999999999999574
1,58.00000000000001,58.2,execution,tracking_view,1:d9942f9a:400007,400007,0.0,0.19999999999999574,0.19999999999999574,0.18960324000626202,0.19999999999999574
1,58.2,58.400000000000006,execution,tracking_view,1:d9942f9a:400007,400007,0.0,0.20000000000000284,0.20000000000000284,0.2191640801845232,0.20000000000000284
0,58.2,58.400000000000006,planning_wait,idle,0:e40fc6fe:401003,401003,0.19900000000000517,0.0009999999999976694,0.20000000000000284,0.012378911891843432,0.20000000000000284
0,58.400000000000006,58.6,planning_wait,idle,0:e40fc6fe:401003,401003,0.19999999999999574,0.0,0.19999999999999574,0.007718305254156572,0.19999999999999574
1,58.400000000000006,58.6,execution,tracking_view,1:d9942f9a:400007,400007,0.0,0.19999999999999574,0.19999999999999574,0.2556853526513029,0.19999999999999574
0,58.6,58.801,planning_wait,idle,0:e40fc6fe:401003,401003,0.2010000000000005,0.0,0.2010000000000005,0.006703740493141717,0.2010000000000005
1,58.6,58.801,execution,tracking_view,1:d9942f9a:400007,400007,0.0,0.2010000000000005,0.2010000000000005,0.29830404843067165,0.2010000000000005
0,58.801,59.00300000000001,planning_wait,idle,0:e40fc6fe:401003,401003,0.20100000000000762,0.0009999999999976694,0.2020000000000053,0.012766240740501839,0.2020000000000053
1,58.801,59.00300000000001,execution,tracking_view,1:d9942f9a:400007,400007,0.0,0.2020000000000053,0.2020000000000053,0.3397363768374338,0.2020000000000053
0,59.00300000000001,59.2,planning_wait,idle,0:e40fc6fe:401003,401003,0.19499999999999318,0.0020000000000024443,0.19699999999999562,0.011228068041015362,0.19699999999999562
1,59.00300000000001,59.2,execution,tracking_view,1:d9942f9a:400007,400007,0.0,0.19699999999999562,0.19699999999999562,0.35824463307389875,0.19699999999999562
0,59.2,59.400000000000006,planning_wait,idle,0:e40fc6fe:401003,401003,0.20000000000000284,0.0,0.20000000000000284,0.007817024915007105,0.20000000000000284
1,59.2,59.400000000000006,execution,tracking_view,1:d9942f9a:400007,400007,0.0,0.20000000000000284,0.20000000000000284,0.4002060860339541,0.20000000000000284
0,59.400000000000006,59.6,planning_wait,idle,0:e40fc6fe:401003,401003,0.19999999999999574,0.0,0.19999999999999574,0.008378003958829584,0.05099999999999483
1,59.400000000000006,59.6,execution,tracking_view,1:d9942f9a:400007,400007,0.0,0.19999999999999574,0.19999999999999574,0.45120894079966073,0.19999999999999574
0,59.6,59.800000000000004,reservation_wait,idle,0:e40fc6fe:401003,401003,0.20000000000000284,0.0,0.20000000000000284,0.009723873539455011,0.0
1,59.6,59.800000000000004,execution,tracking_view,1:d9942f9a:400007,400007,0.0,0.20000000000000284,0.20000000000000284,0.49362893892731735,0.030999999999998806
0,59.800000000000004,60.00000000000001,reservation_wait,idle,0:e40fc6fe:401003,401003,0.20000000000000284,0.0,0.20000000000000284,0.00501999268845211,0.0
1,59.800000000000004,60.00000000000001,execution,tracking_view,1:d9942f9a:400007,400007,0.0,0.20000000000000284,0.20000000000000284,0.5307288058882194,0.0
0,60.00000000000001,60.2,reservation_wait,idle,0:e40fc6fe:401003,401003,0.19999999999999574,0.0,0.19999999999999574,0.00396308090560202,0.0
1,60.00000000000001,60.201,execution,tracking_view,1:d9942f9a:400007,400007,0.0,0.2009999999999934,0.2009999999999934,0.548335436421353,0.0
0,60.2,60.400000000000006,reservation_wait,idle,0:e40fc6fe:401003,401003,0.20000000000000284,0.0,0.20000000000000284,0.009233598920552918,0.0
1,60.201,60.401,execution,tracking_view,1:d9942f9a:400007,400007,0.0,0.20000000000000284,0.20000000000000284,0.5556817460779025,0.0
0,60.400000000000006,60.6,reservation_wait,idle,0:e40fc6fe:401003,401003,0.19999999999999574,0.0,0.19999999999999574,0.011029903302413581,0.09999999999999432
1,60.401,60.6,execution,tracking_view,1:d9942f9a:400007,400007,0.0,0.19899999999999807,0.19899999999999807,0.5601510341699782,0.0
0,60.6,60.800000000000004,execution,tracking_view,0:e40fc6fe:401004,401004,0.19900000000000517,0.0009999999999976694,0.20000000000000284,0.03144548022284096,0.20000000000000284
1,60.6,60.801,execution,tracking_view,1:d9942f9a:400007,400007,0.0,0.2010000000000005,0.2010000000000005,0.5626130432668103,0.0
0,60.800000000000004,61.00000000000001,execution,tracking_view,0:e40fc6fe:401004,401004,0.19500000000000028,0.005000000000002558,0.20000000000000284,0.04282527308606902,0.20000000000000284
1,60.801,61.00000000000001,execution,tracking_view,1:d9942f9a:400007,400007,0.0,0.19900000000000517,0.19900000000000517,0.542779363912312,0.0
0,61.00000000000001,61.2,execution,tracking_view,0:e40fc6fe:401004,401004,0.19999999999999574,0.0,0.19999999999999574,0.049049361546210986,0.19999999999999574
1,61.00000000000001,61.2,execution,tracking_view,1:d9942f9a:400007,400007,0.0,0.19999999999999574,0.19999999999999574,0.5809685936787456,0.0
0,61.2,61.400000000000006,execution,tracking_view,0:e40fc6fe:401004,401004,0.1880000000000024,0.012000000000000455,0.20000000000000284,0.06715140286980029,0.20000000000000284
1,61.2,61.400000000000006,execution,tracking_view,1:d9942f9a:400007,400007,0.0,0.20000000000000284,0.20000000000000284,0.5484311778699252,0.0
0,61.400000000000006,61.6,execution,tracking_view,0:e40fc6fe:401004,401004,0.12999999999999545,0.07000000000000028,0.19999999999999574,0.09671359406826675,0.19999999999999574
1,61.400000000000006,61.6,execution,tracking_view,1:d9942f9a:400007,400007,0.0,0.19999999999999574,0.19999999999999574,0.5630157181558096,0.09999999999999432
0,61.6,61.80200000000001,execution,tracking_view,0:e40fc6fe:401004,401004,0.06900000000000261,0.13300000000000267,0.2020000000000053,0.14114919631562314,0.2020000000000053
1,61.6,61.80200000000001,execution,tracking_view,1:d9942f9a:400007,400007,0.0,0.2020000000000053,0.2020000000000053,0.601294610089799,0.2020000000000053
0,61.80200000000001,62.00000000000001,execution,tracking_view,0:e40fc6fe:401004,401004,0.03899999999999437,0.15900000000000603,0.1980000000000004,0.1804062225014797,0.1980000000000004
1,61.80200000000001,62.00000000000001,execution,tracking_view,1:d9942f9a:400007,400007,0.0,0.1980000000000004,0.1980000000000004,0.5661404924041731,0.1980000000000004
0,62.00000000000001,62.2,execution,tracking_view,0:e40fc6fe:401004,401004,0.0,0.19999999999999574,0.19999999999999574,0.2159528178738711,0.19999999999999574
1,62.00000000000001,62.2,execution,tracking_view,1:d9942f9a:400007,400007,0.0,0.19999999999999574,0.19999999999999574,0.5570873794101895,0.19999999999999574
0,62.2,62.400000000000006,execution,tracking_view,0:e40fc6fe:401004,401004,0.0,0.20000000000000284,0.20000000000000284,0.24453109679850135,0.20000000000000284
1,62.2,62.400000000000006,execution,tracking_view,1:d9942f9a:400007,400007,0.0,0.20000000000000284,0.20000000000000284,0.5110032939880019,0.20000000000000284
0,62.400000000000006,62.6,execution,tracking_view,0:e40fc6fe:401004,401004,0.0,0.19999999999999574,0.19999999999999574,0.29866421503287344,0.19999999999999574
1,62.400000000000006,62.601000000000006,execution,tracking_view,1:d9942f9a:400007,400007,0.0,0.2010000000000005,0.2010000000000005,0.5153755019875591,0.2010000000000005
0,62.6,62.800000000000004,execution,tracking_view,0:e40fc6fe:401004,401004,0.0,0.20000000000000284,0.20000000000000284,0.33851005916872656,0.20000000000000284
1,62.601000000000006,62.800000000000004,execution,tracking_view,1:d9942f9a:400007,400007,0.0,0.19899999999999807,0.19899999999999807,0.5130727318901248,0.19899999999999807
1,62.800000000000004,63.00000000000001,execution,tracking_view,1:d9942f9a:400007,400007,0.0,0.20000000000000284,0.20000000000000284,0.49490201350870205,0.20000000000000284
0,62.800000000000004,63.00000000000001,execution,tracking_view,0:e40fc6fe:401004,401004,0.0,0.20000000000000284,0.20000000000000284,0.3661872952524494,0.20000000000000284
0,63.00000000000001,63.202000000000005,execution,tracking_view,0:e40fc6fe:401004,401004,0.0,0.20199999999999818,0.20199999999999818,0.3707298103939527,0.20199999999999818
1,63.00000000000001,63.2,execution,tracking_view,1:d9942f9a:400007,400007,0.0,0.19999999999999574,0.19999999999999574,0.44922828872709003,0.19999999999999574
0,63.202000000000005,63.400000000000006,execution,tracking_view,0:e40fc6fe:401004,401004,0.0,0.1980000000000004,0.1980000000000004,0.35876627689100515,0.15200000000000102
1,63.2,63.401,execution,tracking_view,1:d9942f9a:400007,400007,0.0,0.2010000000000005,0.2010000000000005,0.3859149889443294,0.2010000000000005
0,63.400000000000006,63.6,execution,tracking_view,0:e40fc6fe:401004,401004,0.0,0.19999999999999574,0.19999999999999574,0.3657351359454435,0.0
1,63.401,63.6,execution,tracking_view,1:d9942f9a:400007,400007,0.0,0.19899999999999807,0.19899999999999807,0.33669912335061697,0.19899999999999807
0,63.6,63.801,execution,tracking_view,0:e40fc6fe:401004,401004,0.0,0.2010000000000005,0.2010000000000005,0.39197956614063123,0.0
1,63.6,63.801,execution,tracking_view,1:d9942f9a:400007,400007,0.0,0.2010000000000005,0.2010000000000005,0.28822850417348317,0.2010000000000005
0,63.801,64.001,execution,tracking_view,0:e40fc6fe:401004,401004,0.0,0.20000000000000284,0.20000000000000284,0.4066593163219347,0.0
1,63.801,64.001,execution,tracking_view,1:d9942f9a:400007,400007,0.0,0.20000000000000284,0.20000000000000284,0.2708752766370146,0.20000000000000284
0,64.001,64.20100000000001,execution,tracking_view,0:e40fc6fe:401004,401004,0.0,0.20000000000000284,0.20000000000000284,0.41191279166775013,0.0
1,64.001,64.20100000000001,execution,tracking_view,1:d9942f9a:400007,400007,0.0,0.20000000000000284,0.20000000000000284,0.2537048427429974,0.20000000000000284
1,64.20100000000001,64.4,execution,tracking_view,1:d9942f9a:400007,400007,0.027000000000001023,0.17199999999999704,0.19899999999999807,0.22169510435283524,0.19899999999999807
0,64.20100000000001,64.4,execution,tracking_view,0:e40fc6fe:401004,401004,0.0,0.19899999999999807,0.19899999999999807,0.4000829534125627,0.0
0,64.4,64.60000000000001,execution,tracking_view,0:e40fc6fe:401004,401004,0.0,0.20000000000000284,0.20000000000000284,0.3956107779782795,0.0
1,64.4,64.60000000000001,execution,tracking_view,1:d9942f9a:400007,400007,0.0,0.20000000000000284,0.20000000000000284,0.1895650176481931,0.20000000000000284
1,64.60000000000001,64.8,execution,tracking_view,1:d9942f9a:400007,400007,0.04199999999998738,0.15800000000000125,0.19999999999998863,0.14309621097983444,0.11499999999999488
0,64.60000000000001,64.8,execution,tracking_view,0:e40fc6fe:401004,401004,0.0,0.19999999999998863,0.19999999999998863,0.372028785103006,0.0
0,64.8,65.001,execution,tracking_view,0:e40fc6fe:401004,401004,0.0,0.20100000000000762,0.20100000000000762,0.3733136717351391,0.0
1,64.8,65.0,execution,tracking_view,1:d9942f9a:400007,400007,0.09199999999999875,0.10800000000000409,0.20000000000000284,0.11519692597691292,0.0
0,65.001,65.2,execution,tracking_view,0:e40fc6fe:401004,401004,0.0,0.19899999999999807,0.19899999999999807,0.33982037424797007,0.0
1,65.0,65.2,execution,tracking_view,1:d9942f9a:400007,400007,0.17399999999999238,0.02600000000001046,0.20000000000000284,0.08716657024679515,0.0
1,65.2,65.4,execution,tracking_view,1:d9942f9a:400007,400007,0.20000000000000284,0.0,0.20000000000000284,0.06838364865501664,0.0
0,65.2,65.4,execution,tracking_view,0:e40fc6fe:401004,401004,0.0,0.20000000000000284,0.20000000000000284,0.30794369024219415,0.0
0,65.4,65.60000000000001,execution,tracking_view,0:e40fc6fe:401004,401004,0.0,0.20000000000000284,0.20000000000000284,0.2729365752577067,0.0
1,65.4,65.60000000000001,execution,tracking_view,1:d9942f9a:400007,400007,0.20000000000000284,0.0,0.20000000000000284,0.0461867637072794,0.0
0,65.60000000000001,65.8,execution,tracking_view,0:e40fc6fe:401004,401004,0.0,0.19999999999998863,0.19999999999998863,0.22375295918060856,0.0
1,65.60000000000001,65.8,execution,tracking_view,1:d9942f9a:400007,400007,0.19999999999998863,0.0,0.19999999999998863,0.026013217913822686,0.0
1,65.8,66.0,execution,tracking_view,1:d9942f9a:400007,400007,0.19899999999999807,0.0010000000000047748,0.20000000000000284,0.015043330770179419,0.0
0,65.8,66.00200000000001,execution,tracking_view,0:e40fc6fe:401004,401004,0.0,0.2020000000000124,0.2020000000000124,0.1805191162923106,0.0020000000000095497
1,66.0,66.20100000000001,execution,tracking_view,1:d9942f9a:400007,400007,0.20100000000000762,0.0,0.20100000000000762,0.015038639687925409,0.0
0,66.00200000000001,66.20100000000001,execution,tracking_view,0:e40fc6fe:401004,401004,0.05899999999998329,0.14000000000001478,0.19899999999999807,0.14008427505301208,0.19899999999999807
1,66.20100000000001,66.4,observation_dwell,observation_dwell,1:d9942f9a:400007,400007,0.1980000000000075,0.000999999999990564,0.19899999999999807,0.015969874753349312,0.0
0,66.20100000000001,66.4,execution,tracking_view,0:e40fc6fe:401004,401004,0.14600000000004343,0.05299999999995464,0.19899999999999807,0.09618288786481531,0.19899999999999807
0,66.4,66.60000000000001,execution,tracking_view,0:e40fc6fe:401004,401004,0.19200000000000728,0.007999999999995566,0.20000000000000284,0.06550184909992258,0.20000000000000284
1,66.4,66.60000000000001,observation_dwell,observation_dwell,1:d9942f9a:400007,400007,0.20000000000000284,0.0,0.20000000000000284,0.01462461519857975,0.0
0,66.60000000000001,66.801,execution,tracking_view,0:e40fc6fe:401004,401004,0.19499999999999318,0.006000000000000227,0.2009999999999934,0.044020921622459054,0.2009999999999934
1,66.60000000000001,66.801,allocation_wait,idle,1:d9942f9a:400007,400007,0.2009999999999934,0.0,0.2009999999999934,0.010096994949908707,0.0
0,66.801,67.0,execution,tracking_view,0:e40fc6fe:401004,401004,0.1979999999999933,0.0010000000000047748,0.19899999999999807,0.0231588813878074,0.19899999999999807
1,66.801,67.0,allocation_wait,idle,1:d9942f9a:400007,400007,0.19899999999999807,0.0,0.19899999999999807,0.007270359390475076,0.0
0,67.0,67.2,execution,tracking_view,0:e40fc6fe:401004,401004,0.20000000000000284,0.0,0.20000000000000284,0.009148211378927067,0.20000000000000284
1,67.0,67.2,allocation_wait,idle,1:d9942f9a:400007,400007,0.19899999999999807,0.0010000000000047748,0.20000000000000284,0.012356931180105377,0.20000000000000284
0,67.2,67.40100000000001,execution,tracking_view,0:e40fc6fe:401004,401004,0.20100000000000762,0.0,0.20100000000000762,0.016492366322239885,0.20100000000000762
1,67.2,67.40100000000001,planning_wait,idle,1:d9942f9a:400007,400007,0.20100000000000762,0.0,0.20100000000000762,0.009957081075913702,0.20100000000000762
0,67.40100000000001,67.60000000000001,observation_dwell,observation_dwell,0:e40fc6fe:401004,401004,0.19899999999999807,0.0,0.19899999999999807,0.019575420998084316,0.19899999999999807
1,67.40100000000001,67.60000000000001,planning_wait,idle,1:d9942f9a:400007,400007,0.19899999999999807,0.0,0.19899999999999807,0.007033124676488531,0.19899999999999807
0,67.60000000000001,67.8,observation_dwell,observation_dwell,0:e40fc6fe:401004,401004,0.19999999999998863,0.0,0.19999999999998863,0.018607465501843043,0.19999999999998863
1,67.60000000000001,67.8,planning_wait,idle,1:d9942f9a:400007,400007,0.19999999999998863,0.0,0.19999999999998863,0.005230666171030647,0.19999999999998863
0,67.8,68.001,planning_wait,idle,0:e40fc6fe:401004,401004,0.20000000000000284,0.0010000000000047748,0.20100000000000762,0.01797330490152144,0.20100000000000762
1,67.8,68.00200000000001,planning_wait,idle,1:d9942f9a:400007,400007,0.2020000000000124,0.0,0.2020000000000124,0.007789187448024895,0.2020000000000124
0,68.001,68.20100000000001,planning_wait,idle,0:e40fc6fe:401004,401004,0.20000000000000284,0.0,0.20000000000000284,0.01677392965213447,0.20000000000000284
1,68.00200000000001,68.20100000000001,planning_wait,idle,1:d9942f9a:400007,400007,0.19899999999999807,0.0,0.19899999999999807,0.008010371260696113,0.19899999999999807
0,68.20100000000001,68.4,planning_wait,idle,0:e40fc6fe:401004,401004,0.19899999999999807,0.0,0.19899999999999807,0.009863071761031393,0.0870000000000033
1,68.20100000000001,68.40100000000001,planning_wait,idle,1:d9942f9a:400007,400007,0.19900000000001228,0.000999999999990564,0.20000000000000284,0.011360416998909864,0.20000000000000284
0,68.4,68.602,planning_wait,idle,0:e40fc6fe:401004,401004,0.20199999999999818,0.0,0.20199999999999818,0.009465623484005415,0.0
1,68.40100000000001,68.60000000000001,planning_wait,idle,1:d9942f9a:400007,400007,0.1979999999999933,0.0010000000000047748,0.19899999999999807,0.0123139348449026,0.19899999999999807
0,68.602,68.80000000000001,reservation_wait,idle,0:e40fc6fe:401004,401004,0.1980000000000075,0.0,0.1980000000000075,0.011473736473521071,0.0
1,68.60000000000001,68.80000000000001,planning_wait,idle,1:d9942f9a:400007,400007,0.20000000000000284,0.0,0.20000000000000284,0.01252897916870233,0.20000000000000284
0,68.80000000000001,69.0,reservation_wait,idle,0:e40fc6fe:401004,401004,0.19999999999998863,0.0,0.19999999999998863,0.016784743860020927,0.0
1,68.80000000000001,69.001,planning_wait,idle,1:d9942f9a:400007,400007,0.2009999999999934,0.0,0.2009999999999934,0.006047308441535615,0.2009999999999934
0,69.0,69.2,reservation_wait,idle,0:e40fc6fe:401004,401004,0.1980000000000075,0.001999999999995339,0.20000000000000284,0.0211249529428887,0.0
1,69.001,69.2,planning_wait,idle,1:d9942f9a:400007,400007,0.19899999999999807,0.0,0.19899999999999807,0.007078360678126587,0.19899999999999807
0,69.2,69.40100000000001,allocation_wait,idle,0:e40fc6fe:401004,401004,0.20100000000000762,0.0,0.20100000000000762,0.02204660392293624,0.0
1,69.2,69.40100000000001,planning_wait,idle,1:d9942f9a:400007,400007,0.20100000000000762,0.0,0.20100000000000762,0.0054783767273536834,0.20100000000000762
0,69.40100000000001,69.601,execution,tracking_view,0:e40fc6fe:401005,401005,0.19899999999999807,0.000999999999990564,0.19999999999998863,0.019605444673087717,0.09999999999999432
1,69.40100000000001,69.601,planning_wait,idle,1:d9942f9a:400007,400007,0.19999999999998863,0.0,0.19999999999998863,0.009032105744505563,0.19999999999998863
0,69.601,69.80000000000001,execution,tracking_view,0:e40fc6fe:401005,401005,0.19900000000001228,0.0,0.19900000000001228,0.024704433908517818,0.19900000000001228
1,69.601,69.80000000000001,planning_wait,idle,1:d9942f9a:400007,400007,0.19900000000001228,0.0,0.19900000000001228,0.008186159422959607,0.16500000000000625
0,69.80000000000001,70.0,execution,tracking_view,0:e40fc6fe:401005,401005,0.19699999999998852,0.0030000000000001137,0.19999999999998863,0.04595558919664226,0.19999999999998863
1,69.80000000000001,70.0,planning_wait,idle,1:d9942f9a:400007,400007,0.19999999999998863,0.0,0.19999999999998863,0.008864700441953303,0.0
0,70.0,70.20100000000001,execution,tracking_view,0:e40fc6fe:401005,401005,0.15200000000000102,0.049000000000006594,0.20100000000000762,0.08208916831482216,0.20100000000000762
1,70.0,70.2,allocation_wait,idle,1:d9942f9a:400007,400007,0.20000000000000284,0.0,0.20000000000000284,0.008840319594062557,0.0
0,70.20100000000001,70.4,execution,tracking_view,0:e40fc6fe:401005,401005,0.09300000000000352,0.10599999999999454,0.19899999999999807,0.13098037927087508,0.19899999999999807
1,70.2,70.40100000000001,allocation_wait,idle,1:d9942f9a:400007,400007,0.20100000000000762,0.0,0.20100000000000762,0.009372348715275702,0.0
0,70.4,70.60000000000001,execution,tracking_view,0:e40fc6fe:401005,401005,0.012999999999991019,0.18700000000001182,0.20000000000000284,0.16633752822234515,0.20000000000000284
1,70.40100000000001,70.601,allocation_wait,idle,1:d9942f9a:400007,400007,0.19999999999998863,0.0,0.19999999999998863,0.005099540515695218,0.0
0,70.60000000000001,70.801,execution,tracking_view,0:e40fc6fe:401005,401005,0.0,0.2009999999999934,0.2009999999999934,0.20335847645693694,0.2009999999999934
1,70.601,70.801,reservation_wait,idle,1:d9942f9a:400007,400007,0.20000000000000284,0.0,0.20000000000000284,0.006704095778597737,0.0
0,70.801,71.001,execution,tracking_view,0:e40fc6fe:401005,401005,0.0,0.20000000000000284,0.20000000000000284,0.26118307650809,0.20000000000000284
1,70.801,71.0,reservation_wait,idle,1:d9942f9a:400007,400007,0.19899999999999807,0.0,0.19899999999999807,0.006154200492382504,0.0
0,71.001,71.2,execution,tracking_view,0:e40fc6fe:401005,401005,0.0,0.19899999999999807,0.19899999999999807,0.30260693270567074,0.19899999999999807
1,71.0,71.20100000000001,reservation_wait,idle,1:d9942f9a:400007,400007,0.20100000000000762,0.0,0.20100000000000762,0.006767182282841533,0.0
0,71.2,71.4,execution,tracking_view,0:e40fc6fe:401005,401005,0.0,0.20000000000000284,0.20000000000000284,0.3554365017325235,0.16200000000000614
1,71.20100000000001,71.4,allocation_wait,idle,1:d9942f9a:400007,400007,0.19899999999999807,0.0,0.19899999999999807,0.0118414158597826,0.0
0,71.4,71.60000000000001,execution,tracking_view,0:e40fc6fe:401005,401005,0.0,0.20000000000000284,0.20000000000000284,0.3959386591280354,0.0
1,71.4,71.60000000000001,execution,tracking_view,1:d9942f9a:400008,400008,0.20000000000000284,0.0,0.20000000000000284,0.03589263010554661,0.10000000000000853
0,71.60000000000001,71.80000000000001,execution,tracking_view,0:e40fc6fe:401005,401005,0.0,0.20000000000000284,0.20000000000000284,0.41904145936027476,0.0
1,71.60000000000001,71.80000000000001,execution,tracking_view,1:d9942f9a:400008,400008,0.1419999999999817,0.058000000000021146,0.20000000000000284,0.10067401129824845,0.20000000000000284
0,71.80000000000001,72.004,execution,tracking_view,0:e40fc6fe:401005,401005,0.0,0.20399999999999352,0.20399999999999352,0.452051221918816,0.0
1,71.80000000000001,72.001,execution,tracking_view,1:d9942f9a:400008,400008,0.018999999999991246,0.18200000000000216,0.2009999999999934,0.19189479375601337,0.2009999999999934
0,72.004,72.2,execution,tracking_view,0:e40fc6fe:401005,401005,0.0,0.19599999999999795,0.19599999999999795,0.48836722022555273,0.0
1,72.001,72.2,execution,tracking_view,1:d9942f9a:400008,400008,0.0,0.19899999999999807,0.19899999999999807,0.28725405997346853,0.19899999999999807
0,72.2,72.40100000000001,execution,tracking_view,0:e40fc6fe:401005,401005,0.0,0.20100000000000762,0.20100000000000762,0.49446348896393155,0.0
1,72.2,72.40100000000001,execution,tracking_view,1:d9942f9a:400008,400008,0.0,0.20100000000000762,0.20100000000000762,0.3541107391694059,0.20100000000000762
0,72.40100000000001,72.60000000000001,execution,tracking_view,0:e40fc6fe:401005,401005,0.0,0.19899999999999807,0.19899999999999807,0.5000712799360529,0.0
1,72.40100000000001,72.60000000000001,execution,tracking_view,1:d9942f9a:400008,400008,0.0,0.19899999999999807,0.19899999999999807,0.3742220339547507,0.19899999999999807
0,72.60000000000001,72.80000000000001,execution,tracking_view,0:e40fc6fe:401005,401005,0.0,0.20000000000000284,0.20000000000000284,0.4971682667263554,0.0
1,72.60000000000001,72.80000000000001,execution,tracking_view,1:d9942f9a:400008,400008,0.0,0.20000000000000284,0.20000000000000284,0.35035687127187104,0.20000000000000284
0,72.80000000000001,73.001,execution,tracking_view,0:e40fc6fe:401005,401005,0.0,0.2009999999999934,0.2009999999999934,0.5012893207792866,0.0
1,72.80000000000001,73.001,execution,tracking_view,1:d9942f9a:400008,400008,0.0,0.2009999999999934,0.2009999999999934,0.28569948201038264,0.2009999999999934
0,73.001,73.202,execution,tracking_view,0:e40fc6fe:401005,401005,0.0,0.2009999999999934,0.2009999999999934,0.4958542019767333,0.0
1,73.001,73.202,execution,tracking_view,1:d9942f9a:400008,400008,0.0040000000000048885,0.19699999999998852,0.2009999999999934,0.19776311362150867,0.2009999999999934
0,73.202,73.4,execution,tracking_view,0:e40fc6fe:401005,401005,0.0,0.1980000000000075,0.1980000000000075,0.4599915098150617,0.0
1,73.202,73.4,execution,tracking_view,1:d9942f9a:400008,400008,0.11800000000000921,0.0799999999999983,0.1980000000000075,0.0934880254741381,0.1980000000000075
0,73.4,73.601,execution,tracking_view,0:e40fc6fe:401005,401005,0.0,0.2009999999999934,0.2009999999999934,0.43257835615078505,0.0
1,73.4,73.601,execution,tracking_view,1:d9942f9a:400008,400008,0.19599999999999795,0.0049999999999954525,0.2009999999999934,0.03741379554609616,0.2009999999999934
0,73.601,73.80000000000001,execution,tracking_view,0:e40fc6fe:401005,401005,0.0,0.19900000000001228,0.19900000000001228,0.40872738819385845,0.0
1,73.601,73.802,observation_dwell,observation_dwell,1:d9942f9a:400008,400008,0.19599999999999795,0.005000000000009663,0.20100000000000762,0.058937940890117654,0.20100000000000762
0,73.80000000000001,74.001,execution,tracking_view,0:e40fc6fe:401005,401005,0.0,0.2009999999999934,0.2009999999999934,0.3784191612368877,0.0
1,73.802,74.0,observation_dwell,observation_dwell,1:d9942f9a:400008,400008,0.1979999999999933,0.0,0.1979999999999933,0.05766984124040641,0.1979999999999933
1,74.0,74.2,observation_dwell,observation_dwell,1:d9942f9a:400008,400008,0.20000000000000284,0.0,0.20000000000000284,0.03892350284129286,0.0
0,74.001,74.2,execution,tracking_view,0:e40fc6fe:401005,401005,0.0,0.19899999999999807,0.19899999999999807,0.3423731579084278,0.0
0,74.2,74.4,execution,tracking_view,0:e40fc6fe:401005,401005,0.0,0.20000000000000284,0.20000000000000284,0.3089055810491149,0.0
1,74.2,74.4,allocation_wait,idle,1:d9942f9a:400008,400008,0.19600000000002638,0.003999999999976467,0.20000000000000284,0.02384740777506993,0.0
0,74.4,74.60000000000001,execution,tracking_view,0:e40fc6fe:401005,401005,0.0,0.20000000000000284,0.20000000000000284,0.25502896609348,0.0
1,74.4,74.60000000000001,allocation_wait,idle,1:d9942f9a:400008,400008,0.20000000000000284,0.0,0.20000000000000284,0.021855088276714285,0.0
1,74.60000000000001,74.80000000000001,allocation_wait,idle,1:d9942f9a:400008,400008,0.20000000000000284,0.0,0.20000000000000284,0.022414687124506824,0.0
0,74.60000000000001,74.80000000000001,execution,tracking_view,0:e40fc6fe:401005,401005,0.0,0.20000000000000284,0.20000000000000284,0.19759066817002424,0.0
1,74.80000000000001,75.0,allocation_wait,idle,1:d9942f9a:400008,400008,0.19999999999998863,0.0,0.19999999999998863,0.022441291446013888,0.0
0,74.80000000000001,75.0,execution,tracking_view,0:e40fc6fe:401005,401005,0.0,0.19999999999998863,0.19999999999998863,0.15969048871044686,0.0
1,75.0,75.20100000000001,allocation_wait,idle,1:d9942f9a:400008,400008,0.20100000000000762,0.0,0.20100000000000762,0.014756037187133263,0.0
0,75.0,75.20100000000001,execution,tracking_view,0:e40fc6fe:401005,401005,0.10099999999998488,0.10000000000002274,0.20100000000000762,0.11314817381271035,0.20100000000000762
0,75.20100000000001,75.402,execution,tracking_view,0:e40fc6fe:401005,401005,0.18599999999997863,0.01500000000001478,0.2009999999999934,0.07264053141647557,0.2009999999999934
1,75.20100000000001,75.402,allocation_wait,idle,1:d9942f9a:400008,400008,0.2009999999999934,0.0,0.2009999999999934,0.01080768858352,0.0
0,75.402,75.60000000000001,execution,tracking_view,0:e40fc6fe:401005,401005,0.19400000000000261,0.0040000000000048885,0.1980000000000075,0.044492837397843835,0.1980000000000075
1,75.402,75.60000000000001,allocation_wait,idle,1:d9942f9a:400008,400008,0.19700000000000273,0.0010000000000047748,0.1980000000000075,0.009986298188055423,0.0
1,75.60000000000001,75.801,allocation_wait,idle,1:d9942f9a:400008,400008,0.2009999999999934,0.0,0.2009999999999934,0.006510524016780566,0.0
0,75.60000000000001,75.801,execution,tracking_view,0:e40fc6fe:401005,401005,0.19599999999999795,0.0049999999999954525,0.2009999999999934,0.026289361712186293,0.2009999999999934
0,75.801,76.0,execution,tracking_view,0:e40fc6fe:401005,401005,0.19899999999999807,0.0,0.19899999999999807,0.013696749762333258,0.13000000000000966
1,75.801,76.0,allocation_wait,idle,1:d9942f9a:400008,400008,0.19899999999999807,0.0,0.19899999999999807,0.005018135859264461,0.0
0,76.0,76.2,execution,tracking_view,0:e40fc6fe:401005,401005,0.20000000000000284,0.0,0.20000000000000284,0.012568462759043374,0.0
1,76.0,76.20100000000001,allocation_wait,idle,1:d9942f9a:400008,400008,0.20100000000000762,0.0,0.20100000000000762,0.006093911340649431,0.0
0,76.2,76.4,observation_dwell,observation_dwell,0:e40fc6fe:401005,401005,0.20000000000000284,0.0,0.20000000000000284,0.014320462764930502,0.0
1,76.20100000000001,76.40100000000001,allocation_wait,idle,1:d9942f9a:400008,400008,0.20000000000000284,0.0,0.20000000000000284,0.014101171906274097,0.0
1,76.40100000000001,76.60000000000001,allocation_wait,idle,1:d9942f9a:400008,400008,0.1979999999999933,0.0010000000000047748,0.19899999999999807,0.013802361149624347,0.10000000000000853
0,76.4,76.60000000000001,observation_dwell,observation_dwell,0:e40fc6fe:401005,401005,0.20000000000000284,0.0,0.20000000000000284,0.010777785759258023,0.0
0,76.60000000000001,76.80000000000001,allocation_wait,idle,0:e40fc6fe:401005,401005,0.20000000000000284,0.0,0.20000000000000284,0.015930107756151186,0.0
1,76.60000000000001,76.80000000000001,allocation_wait,idle,1:d9942f9a:400008,400008,0.20000000000000284,0.0,0.20000000000000284,0.013125098002541297,0.20000000000000284
0,76.80000000000001,77.001,allocation_wait,idle,0:e40fc6fe:401005,401005,0.19999999999998863,0.0010000000000047748,0.2009999999999934,0.018772885008822394,0.0
1,76.80000000000001,77.001,planning_wait,idle,1:d9942f9a:400008,400008,0.19999999999998863,0.0010000000000047748,0.2009999999999934,0.012707693822073542,0.2009999999999934
1,77.001,77.20100000000001,planning_wait,idle,1:d9942f9a:400008,400008,0.1980000000000075,0.001999999999995339,0.20000000000000284,0.016200321371372256,0.20000000000000284
0,77.001,77.202,allocation_wait,idle,0:e40fc6fe:401005,401005,0.19899999999999807,0.001999999999995339,0.2009999999999934,0.023277418978919263,0.0
0,77.202,77.4,allocation_wait,idle,0:e40fc6fe:401005,401005,0.1980000000000075,0.0,0.1980000000000075,0.023437195947412122,0.0
1,77.20100000000001,77.4,planning_wait,idle,1:d9942f9a:400008,400008,0.19899999999999807,0.0,0.19899999999999807,0.010442270706039638,0.19899999999999807
0,77.4,77.60000000000001,allocation_wait,idle,0:e40fc6fe:401005,401005,0.19899999999999807,0.0010000000000047748,0.20000000000000284,0.01848667519104808,0.0
1,77.4,77.602,planning_wait,idle,1:d9942f9a:400008,400008,0.20199999999999818,0.0,0.20199999999999818,0.006103643451098541,0.20199999999999818
0,77.60000000000001,77.801,allocation_wait,idle,0:e40fc6fe:401005,401005,0.19999999999998863,0.0010000000000047748,0.2009999999999934,0.01285855052892944,0.0
1,77.602,77.801,planning_wait,idle,1:d9942f9a:400008,400008,0.19899999999999807,0.0,0.19899999999999807,0.00477301699797469,0.19899999999999807
0,77.801,78.0,allocation_wait,idle,0:e40fc6fe:401005,401005,0.19899999999999807,0.0,0.19899999999999807,0.00853161393469218,0.0
1,77.801,78.0,planning_wait,idle,1:d9942f9a:400008,400008,0.19899999999999807,0.0,0.19899999999999807,0.009809744741147042,0.19899999999999807
0,78.0,78.2,allocation_wait,idle,0:e40fc6fe:401005,401005,0.20000000000000284,0.0,0.20000000000000284,0.008940810940345309,0.0
1,78.0,78.2,planning_wait,idle,1:d9942f9a:400008,400008,0.20000000000000284,0.0,0.20000000000000284,0.014560317891225909,0.20000000000000284
0,78.2,78.4,allocation_wait,idle,0:e40fc6fe:401005,401005,0.20000000000000284,0.0,0.20000000000000284,0.008548853253944463,0.0
1,78.2,78.4,planning_wait,idle,1:d9942f9a:400008,400008,0.19899999999999807,0.0010000000000047748,0.20000000000000284,0.00926656624593162,0.20000000000000284
1,78.4,78.60000000000001,planning_wait,idle,1:d9942f9a:400008,400008,0.20000000000000284,0.0,0.20000000000000284,0.007126812458391441,0.20000000000000284
0,78.4,78.60000000000001,allocation_wait,idle,0:e40fc6fe:401005,401005,0.20000000000000284,0.0,0.20000000000000284,0.009055464643367962,0.0
0,78.60000000000001,78.801,allocation_wait,idle,0:e40fc6fe:401005,401005,0.2009999999999934,0.0,0.2009999999999934,0.005891978548484857,0.0
1,78.60000000000001,78.80000000000001,planning_wait,idle,1:d9942f9a:400008,400008,0.20000000000000284,0.0,0.20000000000000284,0.005961778427667785,0.20000000000000284
0,78.801,79.0,allocation_wait,idle,0:e40fc6fe:401005,401005,0.19899999999999807,0.0,0.19899999999999807,0.003969900979537643,0.0
1,78.80000000000001,79.0,planning_wait,idle,1:d9942f9a:400008,400008,0.19999999999998863,0.0,0.19999999999998863,0.007486943565345125,0.19999999999998863
1,79.0,79.2,planning_wait,idle,1:d9942f9a:400008,400008,0.20000000000000284,0.0,0.20000000000000284,0.009435750018210176,0.20000000000000284
0,79.0,79.2,allocation_wait,idle,0:e40fc6fe:401005,401005,0.20000000000000284,0.0,0.20000000000000284,0.005992735342503126,0.0
0,79.2,79.4,allocation_wait,idle,0:e40fc6fe:401005,401005,0.20000000000000284,0.0,0.20000000000000284,0.01342829212507978,0.0
1,79.2,79.4,planning_wait,idle,1:d9942f9a:400008,400008,0.20000000000000284,0.0,0.20000000000000284,0.011519502948922173,0.09700000000000841
0,79.4,79.60000000000001,allocation_wait,idle,0:e40fc6fe:401005,401005,0.20000000000000284,0.0,0.20000000000000284,0.01791648679023224,0.0
1,79.4,79.601,planning_wait,idle,1:d9942f9a:400008,400008,0.2009999999999934,0.0,0.2009999999999934,0.010172762163870051,0.0
0,79.60000000000001,79.80000000000001,allocation_wait,idle,0:e40fc6fe:401005,401005,0.1979999999999933,0.0020000000000095497,0.20000000000000284,0.015185721750098637,0.0
1,79.601,79.80000000000001,reservation_wait,idle,1:d9942f9a:400008,400008,0.1980000000000075,0.0010000000000047748,0.19900000000001228,0.007111976950283256,0.0
0,79.80000000000001,80.0,allocation_wait,idle,0:e40fc6fe:401005,401005,0.19999999999998863,0.0,0.19999999999998863,0.010484166549735018,0.0
1,79.80000000000001,80.0,reservation_wait,idle,1:d9942f9a:400008,400008,0.19999999999998863,0.0,0.19999999999998863,0.007060731381094593,0.0
0,80.0,80.2,allocation_wait,idle,0:e40fc6fe:401005,401005,0.20000000000000284,0.0,0.20000000000000284,0.009585289806723352,0.20000000000000284
1,80.0,80.2,reservation_wait,idle,1:d9942f9a:400008,400008,0.20000000000000284,0.0,0.20000000000000284,0.009825542074960694,0.0
0,80.2,80.4,allocation_wait,idle,0:e40fc6fe:401005,401005,0.20000000000000284,0.0,0.20000000000000284,0.006479058356072704,0.20000000000000284
1,80.2,80.4,reservation_wait,idle,1:d9942f9a:400008,400008,0.20000000000000284,0.0,0.20000000000000284,0.00785921805619051,0.0
0,80.4,80.60000000000001,planning_wait,idle,0:e40fc6fe:401005,401005,0.20000000000000284,0.0,0.20000000000000284,0.004435696128988282,0.20000000000000284
1,80.4,80.60000000000001,allocation_wait,idle,1:d9942f9a:400008,400008,0.20000000000000284,0.0,0.20000000000000284,0.004775703025498591,0.09900000000000375
0,80.60000000000001,80.80000000000001,planning_wait,idle,0:e40fc6fe:401005,401005,0.20000000000000284,0.0,0.20000000000000284,0.011769748565497095,0.20000000000000284
1,80.60000000000001,80.80000000000001,execution,tracking_view,1:d9942f9a:400009,400009,0.20000000000000284,0.0,0.20000000000000284,0.006711152466957392,0.20000000000000284
0,80.80000000000001,81.001,planning_wait,idle,0:e40fc6fe:401005,401005,0.2009999999999934,0.0,0.2009999999999934,0.014688843528269152,0.2009999999999934
1,80.80000000000001,81.001,execution,tracking_view,1:d9942f9a:400009,400009,0.2009999999999934,0.0,0.2009999999999934,0.008504285279698487,0.2009999999999934
1,81.001,81.2,execution,tracking_view,1:d9942f9a:400009,400009,0.19899999999999807,0.0,0.19899999999999807,0.009852895603506088,0.19899999999999807
0,81.001,81.2,planning_wait,idle,0:e40fc6fe:401005,401005,0.19899999999999807,0.0,0.19899999999999807,0.010730337765942,0.09600000000000364
0,81.2,81.4,allocation_wait,idle,0:e40fc6fe:401005,401005,0.20000000000000284,0.0,0.20000000000000284,0.00780096822866114,0.0
1,81.2,81.4,execution,tracking_view,1:d9942f9a:400009,400009,0.19899999999999807,0.0010000000000047748,0.20000000000000284,0.010403259646528265,0.20000000000000284
0,81.4,81.60000000000001,allocation_wait,idle,0:e40fc6fe:401005,401005,0.1979999999999933,0.0020000000000095497,0.20000000000000284,0.011036398619056524,0.0
1,81.4,81.60000000000001,execution,tracking_view,1:d9942f9a:400009,400009,0.19899999999999807,0.0010000000000047748,0.20000000000000284,0.00880620342508413,0.20000000000000284
0,81.60000000000001,81.80000000000001,allocation_wait,idle,0:e40fc6fe:401005,401005,0.20000000000000284,0.0,0.20000000000000284,0.008255308013658709,0.0
1,81.60000000000001,81.80000000000001,execution,tracking_view,1:d9942f9a:400009,400009,0.20000000000000284,0.0,0.20000000000000284,0.002978680601831449,0.20000000000000284
0,81.80000000000001,82.0,allocation_wait,idle,0:e40fc6fe:401005,401005,0.19999999999998863,0.0,0.19999999999998863,0.0088164914162872,0.0
1,81.80000000000001,82.0,execution,tracking_view,1:d9942f9a:400009,400009,0.19999999999998863,0.0,0.19999999999998863,0.00690839806873756,0.19999999999998863
0,82.0,82.2,allocation_wait,idle,0:e40fc6fe:401005,401005,0.20000000000000284,0.0,0.20000000000000284,0.0083260486938362,0.0
1,82.0,82.2,execution,tracking_view,1:d9942f9a:400009,400009,0.20000000000000284,0.0,0.20000000000000284,0.010724659888338949,0.20000000000000284
1,82.2,82.4,execution,tracking_view,1:d9942f9a:400009,400009,0.19899999999999807,0.0010000000000047748,0.20000000000000284,0.010597517850784449,0.20000000000000284
0,82.2,82.4,allocation_wait,idle,0:e40fc6fe:401005,401005,0.20000000000000284,0.0,0.20000000000000284,0.013045288440747168,0.0
1,82.4,82.601,execution,tracking_view,1:d9942f9a:400009,400009,0.2009999999999934,0.0,0.2009999999999934,0.008497637865783527,0.2009999999999934
0,82.4,82.601,allocation_wait,idle,0:e40fc6fe:401005,401005,0.2009999999999934,0.0,0.2009999999999934,0.01028006224040026,0.0
0,82.601,82.80000000000001,allocation_wait,idle,0:e40fc6fe:401005,401005,0.1980000000000075,0.0010000000000047748,0.19900000000001228,0.013640582311699017,0.0
1,82.601,82.80000000000001,execution,tracking_view,1:d9942f9a:400009,400009,0.19900000000001228,0.0,0.19900000000001228,0.003131412342205347,0.19900000000001228
0,82.80000000000001,83.0,allocation_wait,idle,0:e40fc6fe:401005,401005,0.19599999999999795,0.003999999999990678,0.19999999999998863,0.017231286897460372,0.0
1,82.80000000000001,83.001,observation_dwell,observation_dwell,1:d9942f9a:400009,400009,0.20000000000000284,0.000999999999990564,0.2009999999999934,0.0035034835689209155,0.2009999999999934
0,83.0,83.2,allocation_wait,idle,0:e40fc6fe:401005,401005,0.20000000000000284,0.0,0.20000000000000284,0.010221482773519693,0.0
1,83.001,83.2,planning_wait,idle,1:d9942f9a:400009,400009,0.19899999999999807,0.0,0.19899999999999807,0.006879157626627721,0.19899999999999807
0,83.2,83.4,allocation_wait,idle,0:e40fc6fe:401005,401005,0.20000000000000284,0.0,0.20000000000000284,0.010318093518639368,0.0
1,83.2,83.40100000000001,planning_wait,idle,1:d9942f9a:400009,400009,0.20100000000000762,0.0,0.20100000000000762,0.0036861930443929406,0.20100000000000762
0,83.4,83.601,allocation_wait,idle,0:e40fc6fe:401005,401005,0.2009999999999934,0.0,0.2009999999999934,0.007532092191347902,0.0
1,83.40100000000001,83.60000000000001,planning_wait,idle,1:d9942f9a:400009,400009,0.19899999999999807,0.0,0.19899999999999807,0.0035887316540818936,0.09899999999998954
0,83.601,83.80000000000001,allocation_wait,idle,0:e40fc6fe:401005,401005,0.19900000000001228,0.0,0.19900000000001228,0.008908186095229729,0.0
1,83.60000000000001,83.80000000000001,reservation_wait,idle,1:d9942f9a:400009,400009,0.20000000000000284,0.0,0.20000000000000284,0.006546709186655322,0.0
0,83.80000000000001,84.0,allocation_wait,idle,0:e40fc6fe:401005,401005,0.19999999999998863,0.0,0.19999999999998863,0.008570640270598584,0.0
1,83.80000000000001,84.0,reservation_wait,idle,1:d9942f9a:400009,400009,0.19999999999998863,0.0,0.19999999999998863,0.006273991852515006,0.0
0,84.0,84.2,allocation_wait,idle,0:e40fc6fe:401005,401005,0.20000000000000284,0.0,0.20000000000000284,0.00964956460026465,0.0
1,84.0,84.2,reservation_wait,idle,1:d9942f9a:400009,400009,0.20000000000000284,0.0,0.20000000000000284,0.004642003662626758,0.0
1,84.2,84.4,reservation_wait,idle,1:d9942f9a:400009,400009,0.20000000000000284,0.0,0.20000000000000284,0.0063415545295114825,0.0
0,84.2,84.4,allocation_wait,idle,0:e40fc6fe:401005,401005,0.20000000000000284,0.0,0.20000000000000284,0.0038752958647422235,0.0
1,84.4,84.601,allocation_wait,idle,1:d9942f9a:400009,400009,0.2009999999999934,0.0,0.2009999999999934,0.00880707439603472,0.10099999999999909
0,84.4,84.60000000000001,reservation_wait,idle,0:e40fc6fe:401005,401005,0.20000000000000284,0.0,0.20000000000000284,0.0034982666746885627,0.0
1,84.601,84.80000000000001,execution,tracking_view,1:d9942f9a:400010,400010,0.1980000000000075,0.0010000000000047748,0.19900000000001228,0.014958738359683454,0.19900000000001228
0,84.60000000000001,84.80000000000001,reservation_wait,idle,0:e40fc6fe:401005,401005,0.20000000000000284,0.0,0.20000000000000284,0.006817800580053739,0.0
0,84.80000000000001,85.0,reservation_wait,idle,0:e40fc6fe:401005,401005,0.19999999999998863,0.0,0.19999999999998863,0.00830963869252611,0.0
1,84.80000000000001,85.0,execution,tracking_view,1:d9942f9a:400010,400010,0.19899999999998386,0.0010000000000047748,0.19999999999998863,0.028850087887053535,0.19999999999998863
0,85.0,85.2,reservation_wait,idle,0:e40fc6fe:401005,401005,0.19900000000001228,0.000999999999990564,0.20000000000000284,0.010417548297192847,0.0
1,85.0,85.2,execution,tracking_view,1:d9942f9a:400010,400010,0.1840000000000117,0.015999999999991132,0.20000000000000284,0.06799601876455522,0.20000000000000284
0,85.2,85.4,allocation_wait,idle,0:e40fc6fe:401005,401005,0.19899999999999807,0.0010000000000047748,0.20000000000000284,0.00960802081140601,0.0
1,85.2,85.40100000000001,execution,tracking_view,1:d9942f9a:400010,400010,0.06299999999997397,0.13800000000003365,0.20100000000000762,0.13609243950862993,0.20100000000000762
0,85.4,85.601,navigation_reobserve,tracking_view,0:e40fc6fe:401006,401006,0.2009999999999934,0.0,0.2009999999999934,0.00897408235158204,0.09999999999999432
1,85.40100000000001,85.601,execution,tracking_view,1:d9942f9a:400010,400010,0.043000000000006366,0.15699999999998226,0.19999999999998863,0.204205761082213,0.19999999999998863
0,85.601,85.80000000000001,navigation_reobserve,tracking_view,0:e40fc6fe:401006,401006,0.19900000000001228,0.0,0.19900000000001228,0.013514167591345886,0.19900000000001228
1,85.601,85.80000000000001,execution,tracking_view,1:d9942f9a:400010,400010,0.0,0.19900000000001228,0.19900000000001228,0.28017501165084363,0.19900000000001228
1,85.80000000000001,86.001,execution,tracking_view,1:d9942f9a:400010,400010,0.0,0.2009999999999934,0.2009999999999934,0.3391464253006545,0.2009999999999934
0,85.80000000000001,86.001,navigation_reobserve,tracking_view,0:e40fc6fe:401006,401006,0.2009999999999934,0.0,0.2009999999999934,0.01000944495174397,0.2009999999999934
1,86.001,86.2,execution,tracking_view,1:d9942f9a:400010,400010,0.0,0.19899999999999807,0.19899999999999807,0.38869657193486506,0.19899999999999807
0,86.001,86.2,navigation_reobserve,tracking_view,0:e40fc6fe:401006,401006,0.19899999999999807,0.0,0.19899999999999807,0.0066373570685481515,0.030000000000001137
1,86.2,86.4,execution,tracking_view,1:d9942f9a:400010,400010,0.0,0.20000000000000284,0.20000000000000284,0.4531839738878726,0.20000000000000284
0,86.2,86.4,navigation_reobserve,tracking_view,0:e40fc6fe:401006,401006,0.20000000000000284,0.0,0.20000000000000284,0.009323591955919988,0.0
0,86.4,86.60000000000001,navigation_reobserve,tracking_view,0:e40fc6fe:401006,401006,0.20000000000000284,0.0,0.20000000000000284,0.010771251597039951,0.0
1,86.4,86.601,execution,tracking_view,1:d9942f9a:400010,400010,0.0,0.2009999999999934,0.2009999999999934,0.5194208118202271,0.2009999999999934
0,86.60000000000001,86.80000000000001,navigation_reobserve,tracking_view,0:e40fc6fe:401006,401006,0.19899999999999807,0.0010000000000047748,0.20000000000000284,0.015442403038156858,0.0
1,86.601,86.80000000000001,execution,tracking_view,1:d9942f9a:400010,400010,0.0,0.19900000000001228,0.19900000000001228,0.5709222883201545,0.19900000000001228
0,86.80000000000001,87.0,navigation_reobserve,tracking_view,0:e40fc6fe:401006,401006,0.19799999999997908,0.0020000000000095497,0.19999999999998863,0.02680549854486575,0.0
1,86.80000000000001,87.0,execution,tracking_view,1:d9942f9a:400010,400010,0.0,0.19999999999998863,0.19999999999998863,0.610985165746839,0.19999999999998863
0,87.0,87.2,navigation_reobserve,tracking_view,0:e40fc6fe:401006,401006,0.19899999999999807,0.0010000000000047748,0.20000000000000284,0.03143274742971229,0.0
1,87.0,87.2,execution,tracking_view,1:d9942f9a:400010,400010,0.0,0.20000000000000284,0.20000000000000284,0.6001918028018203,0.20000000000000284
1,87.2,87.4,execution,tracking_view,1:d9942f9a:400010,400010,0.0,0.20000000000000284,0.20000000000000284,0.5910448547943589,0.20000000000000284
0,87.2,87.4,navigation_reobserve,tracking_view,0:e40fc6fe:401006,401006,0.20000000000000284,0.0,0.20000000000000284,0.031859935825408775,0.0
0,87.4,87.60000000000001,navigation_reobserve,tracking_view,0:e40fc6fe:401006,401006,0.19400000000000261,0.006000000000000227,0.20000000000000284,0.034574839167890954,0.09900000000000375
1,87.4,87.60000000000001,execution,tracking_view,1:d9942f9a:400010,400010,0.0,0.20000000000000284,0.20000000000000284,0.5706231549336244,0.10099999999999909
0,87.60000000000001,87.80000000000001,navigation_reobserve,tracking_view,0:e40fc6fe:401006,401006,0.19700000000000273,0.0030000000000001137,0.20000000000000284,0.03802197527695296,0.20000000000000284
1,87.60000000000001,87.801,execution,tracking_view,1:d9942f9a:400010,400010,0.0,0.2009999999999934,0.2009999999999934,0.5764018781036693,0.0
0,87.80000000000001,88.0,navigation_reobserve,tracking_view,0:e40fc6fe:401006,401006,0.19899999999998386,0.0010000000000047748,0.19999999999998863,0.037520504948154565,0.19999999999998863
1,87.801,88.0,execution,tracking_view,1:d9942f9a:400010,400010,0.0,0.19899999999999807,0.19899999999999807,0.5522060046526335,0.0
0,88.0,88.2,navigation_reobserve,tracking_view,0:e40fc6fe:401006,401006,0.20000000000000284,0.0,0.20000000000000284,0.03765788650252618,0.023000000000010346
1,88.0,88.2,execution,tracking_view,1:d9942f9a:400010,400010,0.0,0.20000000000000284,0.20000000000000284,0.5074996429354145,0.0
1,88.2,88.4,execution,tracking_view,1:d9942f9a:400010,400010,0.0,0.20000000000000284,0.20000000000000284,0.4438243931310037,0.0
0,88.2,88.4,navigation_reobserve,tracking_view,0:e40fc6fe:401006,401006,0.1950000000000074,0.0049999999999954525,0.20000000000000284,0.04443445987423243,0.0
0,88.4,88.601,navigation_reobserve,tracking_view,0:e40fc6fe:401006,401006,0.1980000000000075,0.002999999999985903,0.2009999999999934,0.05340719806881319,0.0
1,88.4,88.60000000000001,execution,tracking_view,1:d9942f9a:400010,400010,0.0,0.20000000000000284,0.20000000000000284,0.40255829133628623,0.0
0,88.601,88.80000000000001,navigation_reobserve,tracking_view,0:e40fc6fe:401006,401006,0.18999999999999773,0.009000000000014552,0.19900000000001228,0.06210378405409608,0.0
1,88.60000000000001,88.80000000000001,execution,tracking_view,1:d9942f9a:400010,400010,0.0,0.20000000000000284,0.20000000000000284,0.3221550249976484,0.0
0,88.80000000000001,89.0,navigation_reobserve,tracking_view,0:e40fc6fe:401006,401006,0.17399999999999238,0.02599999999999625,0.19999999999998863,0.0786959171927515,0.0
1,88.80000000000001,89.0,execution,tracking_view,1:d9942f9a:400010,400010,0.0,0.19999999999998863,0.19999999999998863,0.2760529778045451,0.0
0,89.0,89.2,navigation_reobserve,tracking_view,0:e40fc6fe:401006,401006,0.14399999999999125,0.056000000000011596,0.20000000000000284,0.08613912595488489,0.0
1,89.0,89.2,execution,tracking_view,1:d9942f9a:400010,400010,0.012000000000000455,0.1880000000000024,0.20000000000000284,0.2100457041258323,0.0
0,89.2,89.4,navigation_reobserve,tracking_view,0:e40fc6fe:401006,401006,0.13700000000000045,0.06300000000000239,0.20000000000000284,0.09486348248712136,0.0
1,89.2,89.4,execution,tracking_view,1:d9942f9a:400010,400010,0.031999999999996476,0.16800000000000637,0.20000000000000284,0.15544571142796185,0.0
0,89.4,89.60000000000001,navigation_reobserve,tracking_view,0:e40fc6fe:401006,401006,0.13100000000001444,0.0689999999999884,0.20000000000000284,0.09385379561174,0.09900000000000375
1,89.4,89.60000000000001,execution,tracking_view,1:d9942f9a:400010,400010,0.15800000000001546,0.04199999999998738,0.20000000000000284,0.0931895775272005,0.09799999999999898
1,89.60000000000001,89.80000000000001,execution,tracking_view,1:d9942f9a:400010,400010,0.20000000000000284,0.0,0.20000000000000284,0.04713571340653361,0.20000000000000284
0,89.60000000000001,89.80000000000001,navigation_reobserve,tracking_view,0:e40fc6fe:401006,401006,0.1150000000000233,0.08499999999997954,0.20000000000000284,0.10167886433221383,0.20000000000000284
0,89.80000000000001,90.003,navigation_reobserve,tracking_view,0:e40fc6fe:401006,401006,0.1279999999999859,0.07500000000000284,0.20299999999998875,0.10862650694084058,0.2009999999999934
1,89.80000000000001,90.0,execution,tracking_view,1:d9942f9a:400010,400010,0.19899999999998386,0.0010000000000047748,0.19999999999998863,0.017052616819917883,0.19999999999998863
0,90.003,90.20100000000001,navigation_reobserve,tracking_view,0:e40fc6fe:401006,401006,0.06500000000001194,0.13299999999999557,0.1980000000000075,0.11240889783756461,0.0
1,90.0,90.2,execution,tracking_view,1:d9942f9a:400010,400010,0.20000000000000284,0.0,0.20000000000000284,0.022704059090079075,0.20000000000000284
0,90.20100000000001,90.40100000000001,navigation_reobserve,tracking_view,0:e40fc6fe:401006,401006,0.0969999999999942,0.10300000000000864,0.20000000000000284,0.11849632594682753,0.0
1,90.2,90.40100000000001,observation_dwell,observation_dwell,1:d9942f9a:400010,400010,0.20000000000000284,0.0010000000000047748,0.20100000000000762,0.025732701559224917,0.20100000000000762
0,90.40100000000001,90.60000000000001,navigation_reobserve,tracking_view,0:e40fc6fe:401006,401006,0.05700000000001637,0.1419999999999817,0.19899999999999807,0.131159564188341,0.0
1,90.40100000000001,90.60000000000001,observation_dwell,observation_dwell,1:d9942f9a:400010,400010,0.19899999999999807,0.0,0.19899999999999807,0.014728931788947854,0.19899999999999807
0,90.60000000000001,90.80000000000001,navigation_reobserve,tracking_view,0:e40fc6fe:401006,401006,0.028999999999996362,0.17100000000000648,0.20000000000000284,0.1401072667808255,0.0
1,90.60000000000001,90.80000000000001,planning_wait,idle,1:d9942f9a:400010,400010,0.20000000000000284,0.0,0.20000000000000284,0.01627882599006922,0.20000000000000284
0,90.80000000000001,91.0,navigation_reobserve,tracking_view,0:e40fc6fe:401006,401006,0.045000000000001705,0.15499999999998693,0.19999999999998863,0.14420725510872984,0.0
1,90.80000000000001,91.0,planning_wait,idle,1:d9942f9a:400010,400010,0.19899999999999807,0.000999999999990564,0.19999999999998863,0.02387386691564623,0.19999999999998863
0,91.0,91.2,navigation_reobserve,tracking_view,0:e40fc6fe:401006,401006,0.05900000000001171,0.14099999999999113,0.20000000000000284,0.13791463732946982,0.0
1,91.0,91.2,planning_wait,idle,1:d9942f9a:400010,400010,0.1979999999999933,0.0020000000000095497,0.20000000000000284,0.026335016025406475,0.20000000000000284
0,91.2,91.4,navigation_reobserve,tracking_view,0:e40fc6fe:401006,401006,0.058000000000006935,0.1419999999999959,0.20000000000000284,0.13536340300445804,0.0
1,91.2,91.4,planning_wait,idle,1:d9942f9a:400010,400010,0.19600000000001216,0.003999999999990678,0.20000000000000284,0.02794888906936196,0.20000000000000284
0,91.4,91.60000000000001,navigation_reobserve,tracking_view,0:e40fc6fe:401006,401006,0.01799999999998647,0.18200000000001637,0.20000000000000284,0.1349920075412573,0.0
1,91.4,91.60000000000001,planning_wait,idle,1:d9942f9a:400010,400010,0.20000000000000284,0.0,0.20000000000000284,0.022590890121204913,0.20000000000000284
0,91.60000000000001,91.801,navigation_reobserve,tracking_view,0:e40fc6fe:401006,401006,0.06300000000000239,0.13799999999999102,0.2009999999999934,0.14079908151203746,0.0
1,91.60000000000001,91.801,planning_wait,idle,1:d9942f9a:400010,400010,0.2009999999999934,0.0,0.2009999999999934,0.017557391701440335,0.2009999999999934
0,91.801,92.001,navigation_reobserve,tracking_view,0:e40fc6fe:401006,401006,0.0,0.20000000000000284,0.20000000000000284,0.1605630399294103,0.0
1,91.801,92.001,planning_wait,idle,1:d9942f9a:400010,400010,0.20000000000000284,0.0,0.20000000000000284,0.012731954829623582,0.20000000000000284
0,92.001,92.2,navigation_reobserve,tracking_view,0:e40fc6fe:401006,401006,0.0,0.19899999999999807,0.19899999999999807,0.17749679391199952,0.19899999999999807
1,92.001,92.20100000000001,planning_wait,idle,1:d9942f9a:400010,400010,0.20000000000000284,0.0,0.20000000000000284,0.010636872400931394,0.20000000000000284
0,92.2,92.40100000000001,navigation_reobserve,tracking_view,0:e40fc6fe:401006,401006,0.0,0.20100000000000762,0.20100000000000762,0.1846297223330835,0.20100000000000762
1,92.20100000000001,92.40100000000001,planning_wait,idle,1:d9942f9a:400010,400010,0.20000000000000284,0.0,0.20000000000000284,0.011583325511880925,0.20000000000000284
0,92.40100000000001,92.604,navigation_reobserve,tracking_view,0:e40fc6fe:401006,401006,0.0,0.20299999999998875,0.20299999999998875,0.1900225693667291,0.1880000000000024
1,92.40100000000001,92.604,planning_wait,idle,1:d9942f9a:400010,400010,0.20299999999998875,0.0,0.20299999999998875,0.010631729521724597,0.045000000000001705
0,92.604,92.801,navigation_reobserve,tracking_view,0:e40fc6fe:401006,401006,0.0,0.19700000000000273,0.19700000000000273,0.19599348968579736,0.0
1,92.604,92.801,planning_wait,idle,1:d9942f9a:400010,400010,0.19700000000000273,0.0,0.19700000000000273,0.010187398091148457,0.0
0,92.801,93.00200000000001,navigation_reobserve,tracking_view,0:e40fc6fe:401006,401006,0.045000000000001705,0.1560000000000059,0.20100000000000762,0.2046170575948111,0.0
1,92.801,93.00200000000001,reservation_wait,idle,1:d9942f9a:400010,400010,0.20100000000000762,0.0,0.20100000000000762,0.011645243057149146,0.0
0,93.00200000000001,93.2,navigation_reobserve,tracking_view,0:e40fc6fe:401006,401006,0.021000000000000796,0.1769999999999925,0.1979999999999933,0.2112571628038004,0.0
1,93.00200000000001,93.2,reservation_wait,idle,1:d9942f9a:400010,400010,0.19700000000000273,0.000999999999990564,0.1979999999999933,0.013309873933895468,0.0
0,93.2,93.40100000000001,navigation_reobserve,tracking_view,0:e40fc6fe:401006,401006,0.0,0.20100000000000762,0.20100000000000762,0.20728406403881788,0.0
1,93.2,93.40100000000001,reservation_wait,idle,1:d9942f9a:400010,400010,0.20100000000000762,0.0,0.20100000000000762,0.014688222237098038,0.0
0,93.40100000000001,93.60000000000001,navigation_reobserve,tracking_view,0:e40fc6fe:401006,401006,0.0,0.19899999999999807,0.19899999999999807,0.22439377497202415,0.0
1,93.40100000000001,93.60000000000001,reservation_wait,idle,1:d9942f9a:400010,400010,0.19899999999999807,0.0,0.19899999999999807,0.014118919473184189,0.0
0,93.60000000000001,93.80000000000001,navigation_reobserve,tracking_view,0:e40fc6fe:401006,401006,0.02400000000000091,0.17600000000000193,0.20000000000000284,0.2462971614623713,0.0
1,93.60000000000001,93.80000000000001,allocation_wait,idle,1:d9942f9a:400010,400010,0.20000000000000284,0.0,0.20000000000000284,0.013214967988630331,0.0
0,93.80000000000001,94.00200000000001,navigation_reobserve,tracking_view,0:e40fc6fe:401006,401006,0.0,0.20199999999999818,0.20199999999999818,0.2594481969049624,0.0010000000000047748
1,93.80000000000001,94.00200000000001,execution,tracking_view,1:d9942f9a:400011,400011,0.20199999999999818,0.0,0.20199999999999818,0.008140942164960373,0.0
0,94.00200000000001,94.20100000000001,navigation_reobserve,tracking_view,0:e40fc6fe:401006,401006,0.0,0.19899999999999807,0.19899999999999807,0.254165680686414,0.19899999999999807
1,94.00200000000001,94.20100000000001,execution,tracking_view,1:d9942f9a:400011,400011,0.19899999999999807,0.0,0.19899999999999807,0.009619008724340392,0.19899999999999807
0,94.20100000000001,94.4,navigation_reobserve,tracking_view,0:e40fc6fe:401006,401006,0.0,0.19899999999999807,0.19899999999999807,0.25224178361787336,0.19899999999999807
1,94.20100000000001,94.4,execution,tracking_view,1:d9942f9a:400011,400011,0.1979999999999933,0.0010000000000047748,0.19899999999999807,0.027437094571582128,0.19899999999999807
0,94.4,94.601,navigation_reobserve,tracking_view,0:e40fc6fe:401006,401006,0.0,0.2009999999999934,0.2009999999999934,0.2528570169525834,0.2009999999999934
1,94.4,94.601,execution,tracking_view,1:d9942f9a:400011,400011,0.1869999999999976,0.013999999999995794,0.2009999999999934,0.05141255014939583,0.2009999999999934
0,94.601,94.80000000000001,navigation_reobserve,tracking_view,0:e40fc6fe:401006,401006,0.05200000000000671,0.14700000000000557,0.19900000000001228,0.2442180601808371,0.19900000000001228
1,94.601,94.80000000000001,execution,tracking_view,1:d9942f9a:400011,400011,0.16700000000003,0.031999999999982265,0.19900000000001228,0.07663704665999349,0.19900000000001228
0,94.80000000000001,95.0,navigation_reobserve,tracking_view,0:e40fc6fe:401006,401006,0.0,0.19999999999998863,0.19999999999998863,0.23806407746829406,0.19999999999998863
1,94.80000000000001,95.0,execution,tracking_view,1:d9942f9a:400011,400011,0.08700000000001751,0.11299999999997112,0.19999999999998863,0.11887296438533046,0.19999999999998863
0,95.0,95.2,navigation_reobserve,tracking_view,0:e40fc6fe:401006,401006,0.0,0.20000000000000284,0.20000000000000284,0.23434601353503734,0.20000000000000284
1,95.0,95.20100000000001,execution,tracking_view,1:d9942f9a:400011,400011,0.0,0.20100000000000762,0.20100000000000762,0.16069265399349617,0.20100000000000762
0,95.2,95.40100000000001,navigation_reobserve,tracking_view,0:e40fc6fe:401006,401006,0.0,0.20100000000000762,0.20100000000000762,0.2522286456488406,0.20100000000000762
1,95.20100000000001,95.40100000000001,execution,tracking_view,1:d9942f9a:400011,400011,0.0,0.20000000000000284,0.20000000000000284,0.2051918818212498,0.20000000000000284
0,95.40100000000001,95.60000000000001,navigation_reobserve,tracking_view,0:e40fc6fe:401006,401006,0.0,0.19899999999999807,0.19899999999999807,0.2551610954423048,0.018999999999991246
1,95.40100000000001,95.60000000000001,execution,tracking_view,1:d9942f9a:400011,400011,0.0,0.19899999999999807,0.19899999999999807,0.24339099779243653,0.19899999999999807
0,95.60000000000001,95.80000000000001,navigation_reobserve,tracking_view,0:e40fc6fe:401006,401006,0.054000000000002046,0.1460000000000008,0.20000000000000284,0.2572534492447788,0.0
1,95.60000000000001,95.80000000000001,execution,tracking_view,1:d9942f9a:400011,400011,0.0,0.20000000000000284,0.20000000000000284,0.2888899588081869,0.20000000000000284
0,95.80000000000001,96.0,navigation_reobserve,tracking_view,0:e40fc6fe:401006,401006,0.0,0.19999999999998863,0.19999999999998863,0.24259594770442133,0.0
1,95.80000000000001,96.0,execution,tracking_view,1:d9942f9a:400011,400011,0.0,0.19999999999998863,0.19999999999998863,0.3193982971814662,0.14999999999999147
0,96.0,96.2,navigation_reobserve,tracking_view,0:e40fc6fe:401006,401006,0.0,0.20000000000000284,0.20000000000000284,0.24510177261010915,0.0
1,96.0,96.2,execution,tracking_view,1:d9942f9a:400011,400011,0.0,0.20000000000000284,0.20000000000000284,0.35184108555133986,0.0
0,96.2,96.4,navigation_reobserve,tracking_view,0:e40fc6fe:401006,401006,0.03300000000000125,0.1670000000000016,0.20000000000000284,0.2571529822994065,0.0
1,96.2,96.40100000000001,execution,tracking_view,1:d9942f9a:400011,400011,0.0,0.20100000000000762,0.20100000000000762,0.3839227681728356,0.0
0,96.4,96.60000000000001,navigation_reobserve,tracking_view,0:e40fc6fe:401006,401006,0.0,0.20000000000000284,0.20000000000000284,0.23923507969721713,0.0
1,96.40100000000001,96.60000000000001,execution,tracking_view,1:d9942f9a:400011,400011,0.0,0.19899999999999807,0.19899999999999807,0.3819553551569496,0.0
0,96.60000000000001,96.80000000000001,navigation_reobserve,tracking_view,0:e40fc6fe:401006,401006,0.0,0.20000000000000284,0.20000000000000284,0.24525003879778048,0.0
1,96.60000000000001,96.801,execution,tracking_view,1:d9942f9a:400011,400011,0.0,0.2009999999999934,0.2009999999999934,0.4235624740411255,0.0
0,96.80000000000001,97.0,navigation_reobserve,tracking_view,0:e40fc6fe:401006,401006,0.0,0.19999999999998863,0.19999999999998863,0.24267819524359732,0.0
1,96.801,97.0,execution,tracking_view,1:d9942f9a:400011,400011,0.0,0.19899999999999807,0.19899999999999807,0.4415393374273338,0.0
1,97.0,97.2,execution,tracking_view,1:d9942f9a:400011,400011,0.0,0.20000000000000284,0.20000000000000284,0.5155081791652718,0.0
0,97.0,97.2,navigation_reobserve,tracking_view,0:e40fc6fe:401006,401006,0.02600000000001046,0.17399999999999238,0.20000000000000284,0.2729277663935261,0.0
0,97.2,97.4,navigation_reobserve,tracking_view,0:e40fc6fe:401006,401006,0.030000000000001137,0.1700000000000017,0.20000000000000284,0.2674873023341118,0.0
1,97.2,97.4,execution,tracking_view,1:d9942f9a:400011,400011,0.0,0.20000000000000284,0.20000000000000284,0.5302872306609481,0.0
0,97.4,97.60000000000001,navigation_reobserve,tracking_view,0:e40fc6fe:401006,401006,0.0,0.20000000000000284,0.20000000000000284,0.26801908731704377,0.0
1,97.4,97.60000000000001,execution,tracking_view,1:d9942f9a:400011,400011,0.0,0.20000000000000284,0.20000000000000284,0.5623748303856353,0.0
0,97.60000000000001,97.801,navigation_reobserve,tracking_view,0:e40fc6fe:401006,401006,0.0,0.2009999999999934,0.2009999999999934,0.2793282644316887,0.0
1,97.60000000000001,97.80000000000001,execution,tracking_view,1:d9942f9a:400011,400011,0.0,0.20000000000000284,0.20000000000000284,0.590264310009617,0.0
0,97.801,98.0,navigation_reobserve,tracking_view,0:e40fc6fe:401006,401006,0.0,0.19899999999999807,0.19899999999999807,0.285245152154568,0.0
1,97.80000000000001,98.0,execution,tracking_view,1:d9942f9a:400011,400011,0.0,0.19999999999998863,0.19999999999998863,0.6121111743356225,0.0
0,98.0,98.2,navigation_reobserve,tracking_view,0:e40fc6fe:401006,401006,0.0,0.20000000000000284,0.20000000000000284,0.29257652208431606,0.0
1,98.0,98.2,execution,tracking_view,1:d9942f9a:400011,400011,0.0,0.20000000000000284,0.20000000000000284,0.6268126059305159,0.0
0,98.2,98.4,navigation_reobserve,tracking_view,0:e40fc6fe:401006,401006,0.0,0.20000000000000284,0.20000000000000284,0.28460443188355794,0.0
1,98.2,98.4,execution,tracking_view,1:d9942f9a:400011,400011,0.0,0.20000000000000284,0.20000000000000284,0.6081799458022211,0.0
0,98.4,98.60000000000001,navigation_reobserve,tracking_view,0:e40fc6fe:401006,401006,0.0,0.20000000000000284,0.20000000000000284,0.26695537875371084,0.0
1,98.4,98.60000000000001,execution,tracking_view,1:d9942f9a:400011,400011,0.0,0.20000000000000284,0.20000000000000284,0.6009360622723359,0.0
0,98.60000000000001,98.80000000000001,navigation_reobserve,tracking_view,0:e40fc6fe:401006,401006,0.0,0.20000000000000284,0.20000000000000284,0.25027360212450367,0.0
1,98.60000000000001,98.801,execution,tracking_view,1:d9942f9a:400011,400011,0.0,0.2009999999999934,0.2009999999999934,0.5964375867204698,0.0
0,98.80000000000001,99.0,navigation_reobserve,tracking_view,0:e40fc6fe:401006,401006,0.0,0.19999999999998863,0.19999999999998863,0.23952164233621118,0.0
1,98.801,99.0,execution,tracking_view,1:d9942f9a:400011,400011,0.0,0.19899999999999807,0.19899999999999807,0.5601838599986521,0.0
0,99.0,99.2,navigation_reobserve,tracking_view,0:e40fc6fe:401006,401006,0.0,0.20000000000000284,0.20000000000000284,0.2413426078916918,0.0
1,99.0,99.2,execution,tracking_view,1:d9942f9a:400011,400011,0.0,0.20000000000000284,0.20000000000000284,0.5509936682190449,0.0
0,99.2,99.4,navigation_reobserve,tracking_view,0:e40fc6fe:401006,401006,0.0,0.20000000000000284,0.20000000000000284,0.23906838672691663,0.0
1,99.2,99.40100000000001,execution,tracking_view,1:d9942f9a:400011,400011,0.0,0.20100000000000762,0.20100000000000762,0.5293840805960953,0.0
0,99.4,99.60100000000001,navigation_reobserve,tracking_view,0:e40fc6fe:401006,401006,0.0,0.20100000000000762,0.20100000000000762,0.23092152992547016,0.1010000000000133
1,99.40100000000001,99.60100000000001,execution,tracking_view,1:d9942f9a:400011,400011,0.0,0.20000000000000284,0.20000000000000284,0.4910388967784947,0.0
0,99.60100000000001,99.80000000000001,navigation_reobserve,tracking_view,0:e40fc6fe:401006,401006,0.03699999999999193,0.16200000000000614,0.19899999999999807,0.24943446832151633,0.19899999999999807
1,99.60100000000001,99.80000000000001,execution,tracking_view,1:d9942f9a:400011,400011,0.0,0.19899999999999807,0.19899999999999807,0.47903871731042263,0.0
0,99.80000000000001,100.0,navigation_reobserve,tracking_view,0:e40fc6fe:401006,401006,0.028999999999996362,0.17099999999999227,0.19999999999998863,0.22903809871274464,0.19999999999998863
1,99.80000000000001,100.0,execution,tracking_view,1:d9942f9a:400011,400011,0.0,0.19999999999998863,0.19999999999998863,0.46183425927142635,0.0
0,100.0,100.2,navigation_reobserve,tracking_view,0:e40fc6fe:401006,401006,0.0,0.20000000000000284,0.20000000000000284,0.2116901937625964,0.20000000000000284
1,100.0,100.2,execution,tracking_view,1:d9942f9a:400011,400011,0.0,0.20000000000000284,0.20000000000000284,0.4115772359804635,0.0
0,100.2,100.40100000000001,navigation_reobserve,tracking_view,0:e40fc6fe:401006,401006,0.02599999999999625,0.17500000000001137,0.20100000000000762,0.22686541520438316,0.20100000000000762
1,100.2,100.4,execution,tracking_view,1:d9942f9a:400011,400011,0.0,0.20000000000000284,0.20000000000000284,0.3889539986119526,0.0
0,100.40100000000001,100.60000000000001,navigation_reobserve,tracking_view,0:e40fc6fe:401006,401006,0.0,0.19899999999999807,0.19899999999999807,0.23683692862334216,0.19899999999999807
1,100.4,100.60000000000001,execution,tracking_view,1:d9942f9a:400011,400011,0.0,0.20000000000000284,0.20000000000000284,0.37171869795415197,0.0
0,100.60000000000001,100.80000000000001,navigation_reobserve,tracking_view,0:e40fc6fe:401006,401006,0.028999999999996362,0.17100000000000648,0.20000000000000284,0.22858084194990377,0.06499999999999773
1,100.60000000000001,100.80000000000001,execution,tracking_view,1:d9942f9a:400011,400011,0.0,0.20000000000000284,0.20000000000000284,0.34472054801758895,0.0
1,100.80000000000001,101.0,execution,tracking_view,1:d9942f9a:400011,400011,0.0,0.19999999999998863,0.19999999999998863,0.32290705294240923,0.0
0,100.80000000000001,101.004,navigation_reobserve,tracking_view,0:e40fc6fe:401006,401006,0.0,0.20399999999999352,0.20399999999999352,0.22972425599964533,0.0
0,101.004,101.2,navigation_reobserve,tracking_view,0:e40fc6fe:401006,401006,0.0,0.19599999999999795,0.19599999999999795,0.22865487888552133,0.0
1,101.0,101.2,execution,tracking_view,1:d9942f9a:400011,400011,0.0,0.20000000000000284,0.20000000000000284,0.29593209115036834,0.0
1,101.2,101.4,execution,tracking_view,1:d9942f9a:400011,400011,0.0,0.20000000000000284,0.20000000000000284,0.2494569869029156,0.0
0,101.2,101.402,allocation_wait,idle,,401007,0.06999999999999318,0.132000000000005,0.20199999999999818,0.13988203588799472,0.0
0,101.402,101.60000000000001,allocation_wait,idle,,401007,0.1599999999999966,0.038000000000010914,0.1980000000000075,0.06584942364223216,0.0
1,101.4,101.60100000000001,execution,tracking_view,1:d9942f9a:400011,400011,0.0,0.20100000000000762,0.20100000000000762,0.19850471160802396,0.0
1,101.60100000000001,101.80000000000001,execution,tracking_view,1:d9942f9a:400011,400011,0.036000000000001364,0.1629999999999967,0.19899999999999807,0.1442133699647493,0.0
0,101.60000000000001,101.80000000000001,allocation_wait,idle,,401007,0.03499999999999659,0.16500000000000625,0.20000000000000284,0.17198683777108018,0.0
0,101.80000000000001,102.0,allocation_wait,idle,,401007,0.06200000000001182,0.1379999999999768,0.19999999999998863,0.13195403694744706,0.0
1,101.80000000000001,102.0,execution,tracking_view,1:d9942f9a:400011,400011,0.09700000000000841,0.10299999999998022,0.19999999999998863,0.10967514425352737,0.0
0,102.0,102.2,allocation_wait,idle,,401007,0.18500000000000227,0.015000000000000568,0.20000000000000284,0.05719385776456927,0.0
1,102.0,102.2,execution,tracking_view,1:d9942f9a:400012,400012,0.13000000000002387,0.06999999999997897,0.20000000000000284,0.09230290977906763,0.0
0,102.2,102.4,allocation_wait,idle,,401007,0.20000000000000284,0.0,0.20000000000000284,0.01211397838487186,0.0
1,102.2,102.4,execution,tracking_view,1:d9942f9a:400012,400012,0.14099999999997692,0.05900000000002592,0.20000000000000284,0.08741498082662262,0.0
1,102.4,102.60000000000001,execution,tracking_view,1:d9942f9a:400012,400012,0.019000000000005457,0.18099999999999739,0.20000000000000284,0.1573543840216032,0.10000000000000853
0,102.4,102.60000000000001,allocation_wait,idle,,401007,0.20000000000000284,0.0,0.20000000000000284,0.01499537037099796,0.0
1,102.60000000000001,102.80000000000001,execution,tracking_view,1:d9942f9a:400012,400012,0.0,0.20000000000000284,0.20000000000000284,0.2731496369340928,0.20000000000000284
0,102.60000000000001,102.80000000000001,allocation_wait,idle,,401007,0.19899999999999807,0.0010000000000047748,0.20000000000000284,0.018337647340381655,0.0
0,102.80000000000001,103.0,allocation_wait,idle,,401007,0.19999999999998863,0.0,0.19999999999998863,0.019802692327051927,0.0
1,102.80000000000001,103.0,execution,tracking_view,1:d9942f9a:400012,400012,0.0,0.19999999999998863,0.19999999999998863,0.40061155950542965,0.19999999999998863
1,103.0,103.2,execution,tracking_view,1:d9942f9a:400012,400012,0.0,0.20000000000000284,0.20000000000000284,0.49480148148759034,0.20000000000000284
0,103.0,103.2,allocation_wait,idle,,401007,0.19899999999999807,0.0010000000000047748,0.20000000000000284,0.020181974333280606,0.0
1,103.2,103.40400000000001,execution,tracking_view,1:d9942f9a:400012,400012,0.0,0.20400000000000773,0.20400000000000773,0.5227522966356825,0.20400000000000773
0,103.2,103.4,allocation_wait,idle,,401007,0.19900000000001228,0.000999999999990564,0.20000000000000284,0.020786780787768504,0.0
1,103.40400000000001,103.60000000000001,execution,tracking_view,1:d9942f9a:400012,400012,0.0,0.19599999999999795,0.19599999999999795,0.5234872967586334,0.19599999999999795
0,103.4,103.60000000000001,allocation_wait,idle,,401007,0.1979999999999933,0.0020000000000095497,0.20000000000000284,0.023132328714809827,0.10000000000000853
0,103.60000000000001,103.80000000000001,planning_wait,idle,,401007,0.20000000000000284,0.0,0.20000000000000284,0.018349482824831655,0.20000000000000284
1,103.60000000000001,103.80000000000001,execution,tracking_view,1:d9942f9a:400012,400012,0.0,0.20000000000000284,0.20000000000000284,0.4567927267921752,0.20000000000000284
0,103.80000000000001,104.001,planning_wait,idle,,401007,0.2009999999999934,0.0,0.2009999999999934,0.013587182165851528,0.2009999999999934
1,103.80000000000001,104.001,execution,tracking_view,1:d9942f9a:400012,400012,0.0,0.2009999999999934,0.2009999999999934,0.38547118232983735,0.2009999999999934
0,104.001,104.2,planning_wait,idle,,401007,0.1979999999999933,0.0010000000000047748,0.19899999999999807,0.014330351870081214,0.19899999999999807
1,104.001,104.2,execution,tracking_view,1:d9942f9a:400012,400012,0.0,0.19899999999999807,0.19899999999999807,0.2727791257286584,0.19899999999999807
0,104.2,104.40100000000001,planning_wait,idle,,401007,0.20100000000000762,0.0,0.20100000000000762,0.014094628378532712,0.20100000000000762
1,104.2,104.40100000000001,execution,tracking_view,1:d9942f9a:400012,400012,0.03299999999998704,0.16800000000002058,0.20100000000000762,0.1525802772153689,0.20100000000000762
0,104.40100000000001,104.60000000000001,planning_wait,idle,,401007,0.19899999999999807,0.0,0.19899999999999807,0.011621645601222794,0.19899999999999807
1,104.40100000000001,104.60000000000001,execution,tracking_view,1:d9942f9a:400012,400012,0.19300000000001205,0.0059999999999860165,0.19899999999999807,0.036418149598833875,0.19899999999999807
0,104.60000000000001,104.802,planning_wait,idle,,401007,0.2009999999999934,0.0010000000000047748,0.20199999999999818,0.01077492952880638,0.20199999999999818
1,104.60000000000001,104.801,execution,tracking_view,1:d9942f9a:400012,400012,0.1839999999999975,0.016999999999995907,0.2009999999999934,0.06424481215295362,0.2009999999999934
0,104.802,105.001,planning_wait,idle,,401007,0.19899999999999807,0.0,0.19899999999999807,0.006899736778703363,0.19899999999999807
1,104.801,105.001,observation_dwell,observation_dwell,1:d9942f9a:400012,400012,0.13299999999999557,0.06700000000000728,0.20000000000000284,0.09379114536063735,0.20000000000000284
0,105.001,105.2,planning_wait,idle,,401007,0.19899999999999807,0.0,0.19899999999999807,0.007585483580906025,0.0
1,105.001,105.2,planning_wait,idle,1:d9942f9a:400012,400012,0.1880000000000024,0.01099999999999568,0.19899999999999807,0.06491839332630857,0.19899999999999807
0,105.2,105.4,allocation_wait,idle,,401007,0.20000000000000284,0.0,0.20000000000000284,0.010102604218351078,0.0
1,105.2,105.4,planning_wait,idle,1:d9942f9a:400012,400012,0.19700000000000273,0.0030000000000001137,0.20000000000000284,0.017103495648478736,0.20000000000000284
0,105.4,105.60000000000001,allocation_wait,idle,,401007,0.20000000000000284,0.0,0.20000000000000284,0.010329670434377047,0.0
1,105.4,105.60000000000001,planning_wait,idle,1:d9942f9a:400012,400012,0.20000000000000284,0.0,0.20000000000000284,0.018024270264196642,0.20000000000000284
1,105.60000000000001,105.80000000000001,planning_wait,idle,1:d9942f9a:400012,400012,0.20000000000000284,0.0,0.20000000000000284,0.035755930787402024,0.20000000000000284
0,105.60000000000001,105.80000000000001,reservation_wait,idle,,401007,0.20000000000000284,0.0,0.20000000000000284,0.011486343510823529,0.0
0,105.80000000000001,106.004,reservation_wait,idle,,401007,0.20399999999999352,0.0,0.20399999999999352,0.005639653669416133,0.0
1,105.80000000000001,106.0,planning_wait,idle,1:d9942f9a:400012,400012,0.19599999999998374,0.0040000000000048885,0.19999999999998863,0.0434877896262358,0.19999999999998863
1,106.0,106.20100000000001,planning_wait,idle,1:d9942f9a:400012,400012,0.20100000000000762,0.0,0.20100000000000762,0.04080494017254953,0.20100000000000762
0,106.004,106.20100000000001,reservation_wait,idle,,401007,0.19700000000000273,0.0,0.19700000000000273,0.004935606395900855,0.0
0,106.20100000000001,106.4,reservation_wait,idle,,401007,0.19899999999999807,0.0,0.19899999999999807,0.004224854306292556,0.0
1,106.20100000000001,106.4,planning_wait,idle,1:d9942f9a:400012,400012,0.19899999999999807,0.0,0.19899999999999807,0.03345720000799098,0.09300000000000352
0,106.4,106.60000000000001,reservation_wait,idle,,401007,0.20000000000000284,0.0,0.20000000000000284,0.0035960721012708446,0.10000000000000853
1,106.4,106.60000000000001,planning_wait,idle,1:d9942f9a:400012,400012,0.19899999999999807,0.0010000000000047748,0.20000000000000284,0.025296206773006712,0.0
0,106.60000000000001,106.80000000000001,execution,tracking_view,0:e40fc6fe:401008,401008,0.20000000000000284,0.0,0.20000000000000284,0.012096057146987619,0.20000000000000284
1,106.60000000000001,106.80000000000001,reservation_wait,idle,1:d9942f9a:400012,400012,0.20000000000000284,0.0,0.20000000000000284,0.016926886876060605,0.0
0,106.80000000000001,107.0,execution,tracking_view,0:e40fc6fe:401008,401008,0.19999999999998863,0.0,0.19999999999998863,0.01485002592855289,0.19999999999998863
1,106.80000000000001,107.0,reservation_wait,idle,1:d9942f9a:400012,400012,0.19999999999998863,0.0,0.19999999999998863,0.0052155509124254314,0.0
0,107.0,107.2,execution,tracking_view,0:e40fc6fe:401008,401008,0.20000000000000284,0.0,0.20000000000000284,0.01607439452900306,0.20000000000000284
1,107.0,107.2,reservation_wait,idle,1:d9942f9a:400012,400012,0.20000000000000284,0.0,0.20000000000000284,0.005881771139159951,0.0
0,107.2,107.4,execution,tracking_view,0:e40fc6fe:401008,401008,0.19700000000000273,0.0030000000000001137,0.20000000000000284,0.031532620131738284,0.20000000000000284
1,107.2,107.4,allocation_wait,idle,1:d9942f9a:400012,400012,0.20000000000000284,0.0,0.20000000000000284,0.01035249766544258,0.0
0,107.4,107.60000000000001,execution,tracking_view,0:e40fc6fe:401008,401008,0.1910000000000025,0.009000000000000341,0.20000000000000284,0.05792798280069121,0.20000000000000284
1,107.4,107.602,execution,tracking_view,1:d9942f9a:400013,400013,0.2009999999999934,0.0010000000000047748,0.20199999999999818,0.010412453376392138,0.10200000000000387
0,107.60000000000001,107.801,execution,tracking_view,0:e40fc6fe:401008,401008,0.15499999999998693,0.04600000000000648,0.2009999999999934,0.0872586686049281,0.2009999999999934
1,107.602,107.802,execution,tracking_view,1:d9942f9a:400013,400013,0.20000000000000284,0.0,0.20000000000000284,0.010720655389663932,0.20000000000000284
1,107.802,108.00200000000001,execution,tracking_view,1:d9942f9a:400013,400013,0.20000000000000284,0.0,0.20000000000000284,0.02245386040160654,0.20000000000000284
0,107.801,108.00200000000001,execution,tracking_view,0:e40fc6fe:401008,401008,0.04600000000000648,0.15500000000000114,0.20100000000000762,0.12146215511784439,0.20100000000000762
0,108.00200000000001,108.20200000000001,execution,tracking_view,0:e40fc6fe:401008,401008,0.04799999999998761,0.15200000000001523,0.20000000000000284,0.14992056832892203,0.20000000000000284
1,108.00200000000001,108.2,execution,tracking_view,1:d9942f9a:400013,400013,0.19499999999999318,0.0030000000000001137,0.1979999999999933,0.03721725559107517,0.1979999999999933
0,108.20200000000001,108.4,execution,tracking_view,0:e40fc6fe:401008,401008,0.0,0.1979999999999933,0.1979999999999933,0.1697958892075909,0.1979999999999933
1,108.2,108.4,execution,tracking_view,1:d9942f9a:400013,400013,0.1950000000000074,0.0049999999999954525,0.20000000000000284,0.05513060720699734,0.20000000000000284
0,108.4,108.60000000000001,execution,tracking_view,0:e40fc6fe:401008,401008,0.0,0.20000000000000284,0.20000000000000284,0.19419376662411048,0.20000000000000284
1,108.4,108.60000000000001,execution,tracking_view,1:d9942f9a:400013,400013,0.17500000000001137,0.024999999999991473,0.20000000000000284,0.07846426356944272,0.20000000000000284
1,108.60000000000001,108.80000000000001,execution,tracking_view,1:d9942f9a:400013,400013,0.11099999999999,0.08900000000001285,0.20000000000000284,0.10914813383728049,0.20000000000000284
0,108.60000000000001,108.802,execution,tracking_view,0:e40fc6fe:401008,401008,0.054000000000002046,0.14799999999999613,0.20199999999999818,0.2361382471909815,0.20199999999999818
0,108.802,109.0,execution,tracking_view,0:e40fc6fe:401008,401008,0.0,0.1979999999999933,0.1979999999999933,0.2640129343208047,0.1979999999999933
1,108.80000000000001,109.0,execution,tracking_view,1:d9942f9a:400013,400013,0.031999999999996476,0.16799999999999216,0.19999999999998863,0.13316475739594932,0.19999999999998863
0,109.0,109.2,execution,tracking_view,0:e40fc6fe:401008,401008,0.0,0.20000000000000284,0.20000000000000284,0.30826763295530923,0.20000000000000284
1,109.0,109.2,execution,tracking_view,1:d9942f9a:400013,400013,0.01999999999999602,0.18000000000000682,0.20000000000000284,0.16733703637998237,0.20000000000000284
0,109.2,109.4,execution,tracking_view,0:e40fc6fe:401008,401008,0.0,0.20000000000000284,0.20000000000000284,0.3186075708481108,0.09000000000000341
1,109.2,109.4,execution,tracking_view,1:d9942f9a:400013,400013,0.09799999999999898,0.10200000000000387,0.20000000000000284,0.18445107420929577,0.20000000000000284
0,109.4,109.60100000000001,execution,tracking_view,0:e40fc6fe:401008,401008,0.0,0.20100000000000762,0.20100000000000762,0.34519577236992577,0.0
1,109.4,109.60100000000001,execution,tracking_view,1:d9942f9a:400013,400013,0.021000000000000796,0.18000000000000682,0.20100000000000762,0.20923465453331655,0.20100000000000762
0,109.60100000000001,109.80000000000001,execution,tracking_view,0:e40fc6fe:401008,401008,0.0,0.19899999999999807,0.19899999999999807,0.29432521250357896,0.0
1,109.60100000000001,109.802,execution,tracking_view,1:d9942f9a:400013,400013,0.0,0.2009999999999934,0.2009999999999934,0.20083861506175704,0.2009999999999934
0,109.80000000000001,110.0,execution,tracking_view,0:e40fc6fe:401008,401008,0.0,0.19999999999998863,0.19999999999998863,0.364028265971634,0.0
1,109.802,110.001,execution,tracking_view,1:d9942f9a:400013,400013,0.0,0.19899999999999807,0.19899999999999807,0.25405185474322023,0.021000000000000796
0,110.0,110.2,execution,tracking_view,0:e40fc6fe:401008,401008,0.0,0.20000000000000284,0.20000000000000284,0.4471169269575758,0.0
1,110.001,110.2,execution,tracking_view,1:d9942f9a:400013,400013,0.0,0.19899999999999807,0.19899999999999807,0.31816199266625744,0.0
1,110.2,110.4,execution,tracking_view,1:d9942f9a:400013,400013,0.0,0.20000000000000284,0.20000000000000284,0.36776352941841745,0.0
0,110.2,110.4,execution,tracking_view,0:e40fc6fe:401008,401008,0.0,0.20000000000000284,0.20000000000000284,0.5031599827686831,0.0
0,110.4,110.60000000000001,execution,tracking_view,0:e40fc6fe:401008,401008,0.0,0.20000000000000284,0.20000000000000284,0.5240967805152197,0.0
1,110.4,110.60000000000001,execution,tracking_view,1:d9942f9a:400013,400013,0.0,0.20000000000000284,0.20000000000000284,0.4034179640598264,0.0
0,110.60000000000001,110.802,execution,tracking_view,0:e40fc6fe:401008,401008,0.0,0.20199999999999818,0.20199999999999818,0.5535108820366762,0.0
1,110.60000000000001,110.80000000000001,execution,tracking_view,1:d9942f9a:400013,400013,0.0,0.20000000000000284,0.20000000000000284,0.44559081853095484,0.0
0,110.802,111.0,execution,tracking_view,0:e40fc6fe:401008,401008,0.0,0.1979999999999933,0.1979999999999933,0.5180297466012888,0.0
1,110.80000000000001,111.0,execution,tracking_view,1:d9942f9a:400013,400013,0.0,0.19999999999998863,0.19999999999998863,0.4358721169781428,0.0
0,111.0,111.2,execution,tracking_view,0:e40fc6fe:401008,401008,0.0,0.20000000000000284,0.20000000000000284,0.49961496431802854,0.0
1,111.0,111.20100000000001,execution,tracking_view,1:d9942f9a:400013,400013,0.0,0.20100000000000762,0.20100000000000762,0.4376899562907594,0.0
1,111.20100000000001,111.4,execution,tracking_view,1:d9942f9a:400013,400013,0.0,0.19899999999999807,0.19899999999999807,0.45901472999433646,0.0
0,111.2,111.4,execution,tracking_view,0:e40fc6fe:401008,401008,0.0,0.20000000000000284,0.20000000000000284,0.49176726114482466,0.0
0,111.4,111.60000000000001,execution,tracking_view,0:e40fc6fe:401008,401008,0.0,0.20000000000000284,0.20000000000000284,0.5076183400540614,0.09900000000000375
1,111.4,111.602,execution,tracking_view,1:d9942f9a:400013,400013,0.0,0.20199999999999818,0.20199999999999818,0.48862089159656547,0.0
0,111.60000000000001,111.80000000000001,execution,tracking_view,0:e40fc6fe:401008,401008,0.0,0.20000000000000284,0.20000000000000284,0.5600905266214853,0.20000000000000284
1,111.602,111.80000000000001,execution,tracking_view,1:d9942f9a:400013,400013,0.0,0.1980000000000075,0.1980000000000075,0.5287617781815451,0.0
0,111.80000000000001,112.0,execution,tracking_view,0:e40fc6fe:401008,401008,0.0,0.19999999999998863,0.19999999999998863,0.6385379210423461,0.19999999999998863
1,111.80000000000001,112.0,execution,tracking_view,1:d9942f9a:400013,400013,0.0,0.19999999999998863,0.19999999999998863,0.5842429876112373,0.0
0,112.0,112.20100000000001,execution,tracking_view,0:e40fc6fe:401008,401008,0.0,0.20100000000000762,0.20100000000000762,0.6513183660298605,0.20100000000000762
1,112.0,112.20100000000001,execution,tracking_view,1:d9942f9a:400013,400013,0.0,0.20100000000000762,0.20100000000000762,0.5842752769913327,0.0
0,112.20100000000001,112.40100000000001,execution,tracking_view,0:e40fc6fe:401008,401008,0.0,0.20000000000000284,0.20000000000000284,0.6320584918351366,0.20000000000000284
1,112.20100000000001,112.40100000000001,execution,tracking_view,1:d9942f9a:400013,400013,0.0,0.20000000000000284,0.20000000000000284,0.5761281440352177,0.0
1,112.40100000000001,112.60000000000001,execution,tracking_view,1:d9942f9a:400013,400013,0.0,0.19899999999999807,0.19899999999999807,0.5912638647077513,0.0
0,112.40100000000001,112.60100000000001,execution,tracking_view,0:e40fc6fe:401008,401008,0.0,0.20000000000000284,0.20000000000000284,0.63801227926051,0.20000000000000284
0,112.60100000000001,112.80000000000001,execution,tracking_view,0:e40fc6fe:401008,401008,0.0,0.19899999999999807,0.19899999999999807,0.6348459831638675,0.19899999999999807
1,112.60000000000001,112.80000000000001,execution,tracking_view,1:d9942f9a:400013,400013,0.0,0.20000000000000284,0.20000000000000284,0.6019216502878981,0.0
0,112.80000000000001,113.0,execution,tracking_view,0:e40fc6fe:401008,401008,0.0,0.19999999999998863,0.19999999999998863,0.5783087016042006,0.02599999999999625
1,112.80000000000001,113.0,execution,tracking_view,1:d9942f9a:400013,400013,0.0,0.19999999999998863,0.19999999999998863,0.5864636692294334,0.0
0,113.0,113.2,execution,tracking_view,0:e40fc6fe:401008,401008,0.0,0.20000000000000284,0.20000000000000284,0.5401680016413288,0.0
1,113.0,113.2,execution,tracking_view,1:d9942f9a:400013,400013,0.0,0.20000000000000284,0.20000000000000284,0.5888688106945636,0.0
0,113.2,113.4,execution,tracking_view,0:e40fc6fe:401008,401008,0.0,0.20000000000000284,0.20000000000000284,0.522807955038812,0.0
1,113.2,113.4,execution,tracking_view,1:d9942f9a:400013,400013,0.0,0.20000000000000284,0.20000000000000284,0.5847266335051163,0.0
0,113.4,113.60000000000001,execution,tracking_view,0:e40fc6fe:401008,401008,0.0,0.20000000000000284,0.20000000000000284,0.5347035429620546,0.0
1,113.4,113.60000000000001,execution,tracking_view,1:d9942f9a:400013,400013,0.0,0.20000000000000284,0.20000000000000284,0.5923647161786284,0.0
0,113.60000000000001,113.80000000000001,execution,tracking_view,0:e40fc6fe:401008,401008,0.0,0.20000000000000284,0.20000000000000284,0.5064910321885957,0.0
1,113.60000000000001,113.80000000000001,execution,tracking_view,1:d9942f9a:400013,400013,0.0,0.20000000000000284,0.20000000000000284,0.5779964995571398,0.0
1,113.80000000000001,114.0,execution,tracking_view,1:d9942f9a:400013,400013,0.0,0.19999999999998863,0.19999999999998863,0.5676995775896714,0.0
0,113.80000000000001,114.0,execution,tracking_view,0:e40fc6fe:401008,401008,0.0,0.19999999999998863,0.19999999999998863,0.4855214241794691,0.0
0,114.0,114.20100000000001,execution,tracking_view,0:e40fc6fe:401008,401008,0.0,0.20100000000000762,0.20100000000000762,0.4876894770179577,0.0
1,114.0,114.20100000000001,execution,tracking_view,1:d9942f9a:400013,400013,0.0,0.20100000000000762,0.20100000000000762,0.5688733593890429,0.0
0,114.20100000000001,114.4,execution,tracking_view,0:e40fc6fe:401008,401008,0.0,0.19899999999999807,0.19899999999999807,0.4330083175179331,0.0
1,114.20100000000001,114.4,execution,tracking_view,1:d9942f9a:400013,400013,0.0,0.19899999999999807,0.19899999999999807,0.5117971072574519,0.0
1,114.4,114.60000000000001,execution,tracking_view,1:d9942f9a:400013,400013,0.0,0.20000000000000284,0.20000000000000284,0.4921556462745124,0.0
0,114.4,114.60000000000001,execution,tracking_view,0:e40fc6fe:401008,401008,0.0,0.20000000000000284,0.20000000000000284,0.3946249367040775,0.0
0,114.60000000000001,114.80000000000001,execution,tracking_view,0:e40fc6fe:401008,401008,0.0,0.20000000000000284,0.20000000000000284,0.3679250866964974,0.0
1,114.60000000000001,114.80000000000001,execution,tracking_view,1:d9942f9a:400013,400013,0.0,0.20000000000000284,0.20000000000000284,0.4763562430233527,0.0
0,114.80000000000001,115.00000000000001,execution,tracking_view,0:e40fc6fe:401008,401008,0.0,0.20000000000000284,0.20000000000000284,0.3576930952717322,0.0
1,114.80000000000001,115.00000000000001,execution,tracking_view,1:d9942f9a:400013,400013,0.0,0.20000000000000284,0.20000000000000284,0.4780829043809747,0.0
1,115.00000000000001,115.2,execution,tracking_view,1:d9942f9a:400013,400013,0.0,0.19999999999998863,0.19999999999998863,0.4601875510132379,0.0
0,115.00000000000001,115.2,execution,tracking_view,0:e40fc6fe:401008,401008,0.0,0.19999999999998863,0.19999999999998863,0.324942899510375,0.0
0,115.2,115.4,execution,tracking_view,0:e40fc6fe:401008,401008,0.0,0.20000000000000284,0.20000000000000284,0.28426012202397716,0.0
1,115.2,115.4,execution,tracking_view,1:d9942f9a:400013,400013,0.0,0.20000000000000284,0.20000000000000284,0.43368969555976805,0.0
0,115.4,115.60000000000001,execution,tracking_view,0:e40fc6fe:401008,401008,0.0,0.20000000000000284,0.20000000000000284,0.2605245664189486,0.0
1,115.4,115.60000000000001,execution,tracking_view,1:d9942f9a:400013,400013,0.0,0.20000000000000284,0.20000000000000284,0.4222185789377594,0.0
1,115.60000000000001,115.80000000000001,execution,tracking_view,1:d9942f9a:400013,400013,0.0,0.20000000000000284,0.20000000000000284,0.3926603216839938,0.0
0,115.60000000000001,115.80000000000001,execution,tracking_view,0:e40fc6fe:401008,401008,0.0,0.20000000000000284,0.20000000000000284,0.2250663285707763,0.0
0,115.80000000000001,116.00000000000001,execution,tracking_view,0:e40fc6fe:401008,401008,0.0,0.20000000000000284,0.20000000000000284,0.17813085508038115,0.0
1,115.80000000000001,116.001,execution,tracking_view,1:d9942f9a:400014,400014,0.0,0.2009999999999934,0.2009999999999934,0.3479362026570063,0.0
0,116.00000000000001,116.2,execution,tracking_view,0:e40fc6fe:401008,401008,0.038000000000010914,0.16199999999997772,0.19999999999998863,0.13725687806576667,0.0
1,116.001,116.2,execution,tracking_view,1:d9942f9a:400014,400014,0.0,0.19899999999999807,0.19899999999999807,0.31868684596362656,0.19899999999999807
0,116.2,116.4,execution,tracking_view,0:e40fc6fe:401008,401008,0.08699999999998909,0.11300000000001376,0.20000000000000284,0.11988753548283017,0.0
1,116.2,116.4,execution,tracking_view,1:d9942f9a:400014,400014,0.0,0.20000000000000284,0.20000000000000284,0.3614126344669199,0.20000000000000284
0,116.4,116.60000000000001,execution,tracking_view,0:e40fc6fe:401008,401008,0.1770000000000067,0.022999999999996135,0.20000000000000284,0.07570693328101058,0.0
1,116.4,116.60000000000001,execution,tracking_view,1:d9942f9a:400014,400014,0.0,0.20000000000000284,0.20000000000000284,0.4006025153132429,0.20000000000000284
0,116.60000000000001,116.80000000000001,execution,tracking_view,0:e40fc6fe:401008,401008,0.1880000000000024,0.012000000000000455,0.20000000000000284,0.05187349390261489,0.0
1,116.60000000000001,116.80300000000001,execution,tracking_view,1:d9942f9a:400014,400014,0.0,0.20300000000000296,0.20300000000000296,0.46933593143942265,0.20300000000000296
0,116.80000000000001,117.00000000000001,execution,tracking_view,0:e40fc6fe:401008,401008,0.19700000000000273,0.0030000000000001137,0.20000000000000284,0.04287028494885291,0.0
1,116.80300000000001,117.00000000000001,execution,tracking_view,1:d9942f9a:400014,400014,0.0,0.19700000000000273,0.19700000000000273,0.5600195881018083,0.19700000000000273
0,117.00000000000001,117.2,execution,tracking_view,0:e40fc6fe:401008,401008,0.19299999999998363,0.007000000000005002,0.19999999999998863,0.03085513312840969,0.19999999999998863
1,117.00000000000001,117.2,execution,tracking_view,1:d9942f9a:400014,400014,0.0,0.19999999999998863,0.19999999999998863,0.6086873923649019,0.19999999999998863
0,117.2,117.4,execution,tracking_view,0:e40fc6fe:401008,401008,0.19900000000001228,0.000999999999990564,0.20000000000000284,0.019177752124880845,0.20000000000000284
1,117.2,117.4,execution,tracking_view,1:d9942f9a:400014,400014,0.0,0.20000000000000284,0.20000000000000284,0.6152397623012169,0.20000000000000284
1,117.4,117.60000000000001,execution,tracking_view,1:d9942f9a:400014,400014,0.0,0.20000000000000284,0.20000000000000284,0.5701320446811123,0.20000000000000284
0,117.4,117.60000000000001,execution,tracking_view,0:e40fc6fe:401008,401008,0.20000000000000284,0.0,0.20000000000000284,0.013161817044474172,0.20000000000000284
