... logging to /root/.ros/log/e245b8b8-bb49-11f1-b53d-5255551de53e/roslaunch-colima-racer-gvp-2426.log
Checking log directory for disk usage. This may take a while.
Press Ctrl-C to interrupt
Done checking log file disk usage. Usage is <1GB.
]2;/comparison/gvp.launch
[1mstarted roslaunch server http://localhost:42877/[0m

SUMMARY
========

PARAMETERS
 * /murder_1/Computation/data_name0: gvp
 * /murder_1/Computation/data_name1: local
 * /murder_1/Computation/data_name2: global
 * /murder_1/Computation/data_num: 3
 * /murder_1/Computation/dir: /home/charliedog/...
 * /murder_1/Computation/vdata_name0: volume
 * /murder_1/Computation/vdata_name1: DTG
 * /murder_1/Computation/vdata_name2: pose
 * /murder_1/Computation/vdata_name3: traj
 * /murder_1/Computation/vdata_name4: job
 * /murder_1/Computation/vdata_name5: state
 * /murder_1/Computation/vdata_name6: map
 * /murder_1/Computation/vdata_name7: mapreq
 * /murder_1/Computation/vdata_name8: total
 * /murder_1/Computation/vdata_num: 9
 * /murder_1/EXP/finish_hold_duration: 15.0
 * /murder_1/Exp/AutoTakeoff: True
 * /murder_1/Exp/UAV_id: 1
 * /murder_1/Exp/acc_off: -0.5
 * /murder_1/Exp/check_duration: 3.5
 * /murder_1/Exp/colli_range: 0.8
 * /murder_1/Exp/drone_num: 2
 * /murder_1/Exp/exc_duration: 0.5
 * /murder_1/Exp/finish_thresh: 0.5
 * /murder_1/Exp/global_comm_freq: 0.5
 * /murder_1/Exp/global_path_search: 3000
 * /murder_1/Exp/local_comm_freq: 5.0
 * /murder_1/Exp/local_dist_thresh: 7.0
 * /murder_1/Exp/local_path_search: 1000
 * /murder_1/Exp/maxX: 6.0
 * /murder_1/Exp/maxY: 6.0
 * /murder_1/Exp/maxZ: 3.0
 * /murder_1/Exp/minX: -6.0
 * /murder_1/Exp/minY: -6.0
 * /murder_1/Exp/minZ: 0.0
 * /murder_1/Exp/reach_out_t: 0.1
 * /murder_1/Exp/replan_duration: 1.5
 * /murder_1/Exp/robot_sizeX: 0.48
 * /murder_1/Exp/robot_sizeY: 0.48
 * /murder_1/Exp/robot_sizeZ: 0.3
 * /murder_1/Exp/show_swarm_traj: False
 * /murder_1/Exp/statistic: True
 * /murder_1/Exp/strong_check_interval: 3.0
 * /murder_1/Exp/swarm_check: True
 * /murder_1/Exp/takeoff_x: -4.0
 * /murder_1/Exp/takeoff_y: -3.0
 * /murder_1/Exp/takeoff_yaw: 0.0
 * /murder_1/Exp/takeoff_z: 1.2
 * /murder_1/Exp/traj_length: 10.0
 * /murder_1/Frontier/FOV_hor_num: 15
 * /murder_1/Frontier/FOV_ver_num: 10
 * /murder_1/Frontier/cam_hor: 2.0943951023931953
 * /murder_1/Frontier/cam_ver: 2.0943951023931953
 * /murder_1/Frontier/grid_scale: 2.0
 * /murder_1/Frontier/min_vp_num: 6
 * /murder_1/Frontier/observe_thresh: 0.85
 * /murder_1/Frontier/ray_samp_dist1: 0.2
 * /murder_1/Frontier/ray_samp_dist2: 0.1
 * /murder_1/Frontier/resample_duration: 0.8
 * /murder_1/Frontier/sample_dist_num: 2
 * /murder_1/Frontier/sample_hor_dir_num: 10
 * /murder_1/Frontier/sample_max_range: 2.2
 * /murder_1/Frontier/sample_ver_dir_num: 3
 * /murder_1/Frontier/sensor_type: Depth_Camera
 * /murder_1/Frontier/show_frontier: True
 * /murder_1/Frontier/viewpoint_thresh: 1.3
 * /murder_1/GVD/allowance: 0.08
 * /murder_1/GVD/lambda: 0.1
 * /murder_1/GVD/partition_frequency: 0.33
 * /murder_1/GVD/show_gvd: True
 * /murder_1/GVD/tau: 0.2
 * /murder_1/LowResMap/blockX: 5
 * /murder_1/LowResMap/blockY: 5
 * /murder_1/LowResMap/blockZ: 3
 * /murder_1/LowResMap/corridor_expX: 2
 * /murder_1/LowResMap/corridor_expY: 2
 * /murder_1/LowResMap/corridor_expZ: 1
 * /murder_1/LowResMap/debug: True
 * /murder_1/LowResMap/lambda_heu: 5.0
 * /murder_1/LowResMap/localgraph_sizex: 14.0
 * /murder_1/LowResMap/localgraph_sizey: 14.0
 * /murder_1/LowResMap/localgraph_sizez: 8.0
 * /murder_1/LowResMap/node_x: 0.6
 * /murder_1/LowResMap/node_y: 0.6
 * /murder_1/LowResMap/node_z: 0.6
 * /murder_1/LowResMap/occ_duration: 2.0
 * /murder_1/LowResMap/prune_seg_length: 6.5
 * /murder_1/LowResMap/resolution: 0.1
 * /murder_1/LowResMap/seg_length: 2.5
 * /murder_1/LowResMap/show_dtg: False
 * /murder_1/LowResMap/showmap: True
 * /murder_1/LowResMap/unknown_duration: 0.2
 * /murder_1/MR_DTG/H_thresh: 5.5
 * /murder_1/MR_DTG/Toporange: 10.0
 * /murder_1/MR_DTG/resX: 2.0
 * /murder_1/MR_DTG/resY: 2.0
 * /murder_1/MR_DTG/resZ: 2.0
 * /murder_1/MR_DTG/show_edge_details: False
 * /murder_1/MR_DTG/update_FF: False
 * /murder_1/block_map/CamtoBody_Quater_w: 1.0
 * /murder_1/block_map/CamtoBody_Quater_x: 0.0
 * /murder_1/block_map/CamtoBody_Quater_y: 0.0
 * /murder_1/block_map/CamtoBody_Quater_z: 0.0
 * /murder_1/block_map/CamtoBody_x: 0.0
 * /murder_1/block_map/CamtoBody_y: 0.0
 * /murder_1/block_map/CamtoBody_z: 0.4
 * /murder_1/block_map/FFD: False
 * /murder_1/block_map/HeightcolorB: [48, 147, 92, 130...
 * /murder_1/block_map/HeightcolorG: [21, 80, 66, 114,...
 * /murder_1/block_map/HeightcolorR: [44, 71, 198, 234...
 * /murder_1/block_map/RobotVisX: 0.81
 * /murder_1/block_map/RobotVisY: 0.81
 * /murder_1/block_map/RobotVisZ: 0.41
 * /murder_1/block_map/blockX: 10
 * /murder_1/block_map/blockY: 10
 * /murder_1/block_map/blockZ: 10
 * /murder_1/block_map/colorB: [150, 238, 0, 0, ...
 * /murder_1/block_map/colorG: [150, 229, 165, 2...
 * /murder_1/block_map/colorR: [150, 0, 255, 124...
 * /murder_1/block_map/depth: True
 * /murder_1/block_map/depth_step: 2
 * /murder_1/block_map/maxX: 6.0
 * /murder_1/block_map/maxY: 6.0
 * /murder_1/block_map/maxZ: 3.0
 * /murder_1/block_map/minX: -6.0
 * /murder_1/block_map/minY: -6.0
 * /murder_1/block_map/minZ: 0.0
 * /murder_1/block_map/min_finish_t: 45.0
 * /murder_1/block_map/occ_max: 0.9
 * /murder_1/block_map/occ_min: 0.2
 * /murder_1/block_map/pro_hit_occ: 0.9
 * /murder_1/block_map/pro_miss_free: 0.75
 * /murder_1/block_map/resolution: 0.1
 * /murder_1/block_map/sensor_max_range: 4.5
 * /murder_1/block_map/show_block: True
 * /murder_1/block_map/show_freq: 10.0
 * /murder_1/block_map/statistic_v: True
 * /murder_1/block_map/swarm_pub_thresh: 0.975
 * /murder_1/block_map/swarm_send_delay: 2.0
 * /murder_1/block_map/swarm_tol: 0.3
 * /murder_1/block_map/update_freq: 10.0
 * /murder_1/block_map/vis_mode: False
 * /murder_1/opt/MaxAcc: 0.8
 * /murder_1/opt/MaxJer: 25.0
 * /murder_1/opt/MaxVel: 0.6
 * /murder_1/opt/RelCostTolL: 1e-05
 * /murder_1/opt/SwarmAvoid: 1.2
 * /murder_1/opt/WeiAcc: 400.0
 * /murder_1/opt/WeiJer: 50.0
 * /murder_1/opt/WeiPos: 5000.0
 * /murder_1/opt/WeiSwarm: 100.0
 * /murder_1/opt/WeiT: 200.0
 * /murder_1/opt/WeiVel: 800.0
 * /murder_1/opt/WeiminT: 10.0
 * /murder_1/opt/YawAcc: 0.8
 * /murder_1/opt/YawVel: 0.65
 * /murder_1/opt/integralIntervs: 16
 * /murder_1/opt/smoothingEps: 0.01
 * /murder_2/Computation/data_name0: gvp
 * /murder_2/Computation/data_name1: local
 * /murder_2/Computation/data_name2: global
 * /murder_2/Computation/data_num: 3
 * /murder_2/Computation/dir: /home/charliedog/...
 * /murder_2/Computation/vdata_name0: volume
 * /murder_2/Computation/vdata_name1: DTG
 * /murder_2/Computation/vdata_name2: pose
 * /murder_2/Computation/vdata_name3: traj
 * /murder_2/Computation/vdata_name4: job
 * /murder_2/Computation/vdata_name5: state
 * /murder_2/Computation/vdata_name6: map
 * /murder_2/Computation/vdata_name7: mapreq
 * /murder_2/Computation/vdata_name8: total
 * /murder_2/Computation/vdata_num: 9
 * /murder_2/EXP/finish_hold_duration: 15.0
 * /murder_2/Exp/AutoTakeoff: True
 * /murder_2/Exp/UAV_id: 2
 * /murder_2/Exp/acc_off: -0.5
 * /murder_2/Exp/check_duration: 3.5
 * /murder_2/Exp/colli_range: 0.8
 * /murder_2/Exp/drone_num: 2
 * /murder_2/Exp/exc_duration: 0.5
 * /murder_2/Exp/finish_thresh: 0.5
 * /murder_2/Exp/global_comm_freq: 0.5
 * /murder_2/Exp/global_path_search: 3000
 * /murder_2/Exp/local_comm_freq: 5.0
 * /murder_2/Exp/local_dist_thresh: 7.0
 * /murder_2/Exp/local_path_search: 1000
 * /murder_2/Exp/maxX: 6.0
 * /murder_2/Exp/maxY: 6.0
 * /murder_2/Exp/maxZ: 3.0
 * /murder_2/Exp/minX: -6.0
 * /murder_2/Exp/minY: -6.0
 * /murder_2/Exp/minZ: 0.0
 * /murder_2/Exp/reach_out_t: 0.1
 * /murder_2/Exp/replan_duration: 1.5
 * /murder_2/Exp/robot_sizeX: 0.48
 * /murder_2/Exp/robot_sizeY: 0.48
 * /murder_2/Exp/robot_sizeZ: 0.3
 * /murder_2/Exp/show_swarm_traj: False
 * /murder_2/Exp/statistic: True
 * /murder_2/Exp/strong_check_interval: 3.0
 * /murder_2/Exp/swarm_check: True
 * /murder_2/Exp/takeoff_x: -4.0
 * /murder_2/Exp/takeoff_y: 3.0
 * /murder_2/Exp/takeoff_yaw: 0.0
 * /murder_2/Exp/takeoff_z: 1.2
 * /murder_2/Exp/traj_length: 10.0
 * /murder_2/Frontier/FOV_hor_num: 15
 * /murder_2/Frontier/FOV_ver_num: 10
 * /murder_2/Frontier/cam_hor: 2.0943951023931953
 * /murder_2/Frontier/cam_ver: 2.0943951023931953
 * /murder_2/Frontier/grid_scale: 2.0
 * /murder_2/Frontier/min_vp_num: 6
 * /murder_2/Frontier/observe_thresh: 0.85
 * /murder_2/Frontier/ray_samp_dist1: 0.2
 * /murder_2/Frontier/ray_samp_dist2: 0.1
 * /murder_2/Frontier/resample_duration: 0.8
 * /murder_2/Frontier/sample_dist_num: 2
 * /murder_2/Frontier/sample_hor_dir_num: 10
 * /murder_2/Frontier/sample_max_range: 2.2
 * /murder_2/Frontier/sample_ver_dir_num: 3
 * /murder_2/Frontier/sensor_type: Depth_Camera
 * /murder_2/Frontier/show_frontier: True
 * /murder_2/Frontier/viewpoint_thresh: 1.3
 * /murder_2/GVD/allowance: 0.08
 * /murder_2/GVD/lambda: 0.1
 * /murder_2/GVD/partition_frequency: 0.33
 * /murder_2/GVD/show_gvd: True
 * /murder_2/GVD/tau: 0.2
 * /murder_2/LowResMap/blockX: 5
 * /murder_2/LowResMap/blockY: 5
 * /murder_2/LowResMap/blockZ: 3
 * /murder_2/LowResMap/corridor_expX: 2
 * /murder_2/LowResMap/corridor_expY: 2
 * /murder_2/LowResMap/corridor_expZ: 1
 * /murder_2/LowResMap/debug: True
 * /murder_2/LowResMap/lambda_heu: 5.0
 * /murder_2/LowResMap/localgraph_sizex: 14.0
 * /murder_2/LowResMap/localgraph_sizey: 14.0
 * /murder_2/LowResMap/localgraph_sizez: 8.0
 * /murder_2/LowResMap/node_x: 0.6
 * /murder_2/LowResMap/node_y: 0.6
 * /murder_2/LowResMap/node_z: 0.6
 * /murder_2/LowResMap/occ_duration: 2.0
 * /murder_2/LowResMap/prune_seg_length: 6.5
 * /murder_2/LowResMap/resolution: 0.1
 * /murder_2/LowResMap/seg_length: 2.5
 * /murder_2/LowResMap/show_dtg: False
 * /murder_2/LowResMap/showmap: True
 * /murder_2/LowResMap/unknown_duration: 0.2
 * /murder_2/MR_DTG/H_thresh: 5.5
 * /murder_2/MR_DTG/Toporange: 10.0
 * /murder_2/MR_DTG/resX: 2.0
 * /murder_2/MR_DTG/resY: 2.0
 * /murder_2/MR_DTG/resZ: 2.0
 * /murder_2/MR_DTG/show_edge_details: False
 * /murder_2/MR_DTG/update_FF: False
 * /murder_2/block_map/CamtoBody_Quater_w: 1.0
 * /murder_2/block_map/CamtoBody_Quater_x: 0.0
 * /murder_2/block_map/CamtoBody_Quater_y: 0.0
 * /murder_2/block_map/CamtoBody_Quater_z: 0.0
 * /murder_2/block_map/CamtoBody_x: 0.0
 * /murder_2/block_map/CamtoBody_y: 0.0
 * /murder_2/block_map/CamtoBody_z: 0.4
 * /murder_2/block_map/FFD: False
 * /murder_2/block_map/HeightcolorB: [48, 147, 92, 130...
 * /murder_2/block_map/HeightcolorG: [21, 80, 66, 114,...
 * /murder_2/block_map/HeightcolorR: [44, 71, 198, 234...
 * /murder_2/block_map/RobotVisX: 0.81
 * /murder_2/block_map/RobotVisY: 0.81
 * /murder_2/block_map/RobotVisZ: 0.41
 * /murder_2/block_map/blockX: 10
 * /murder_2/block_map/blockY: 10
 * /murder_2/block_map/blockZ: 10
 * /murder_2/block_map/colorB: [150, 238, 0, 0, ...
 * /murder_2/block_map/colorG: [150, 229, 165, 2...
 * /murder_2/block_map/colorR: [150, 0, 255, 124...
 * /murder_2/block_map/depth: True
 * /murder_2/block_map/depth_step: 2
 * /murder_2/block_map/maxX: 6.0
 * /murder_2/block_map/maxY: 6.0
 * /murder_2/block_map/maxZ: 3.0
 * /murder_2/block_map/minX: -6.0
 * /murder_2/block_map/minY: -6.0
 * /murder_2/block_map/minZ: 0.0
 * /murder_2/block_map/min_finish_t: 45.0
 * /murder_2/block_map/occ_max: 0.9
 * /murder_2/block_map/occ_min: 0.2
 * /murder_2/block_map/pro_hit_occ: 0.9
 * /murder_2/block_map/pro_miss_free: 0.75
 * /murder_2/block_map/resolution: 0.1
 * /murder_2/block_map/sensor_max_range: 4.5
 * /murder_2/block_map/show_block: True
 * /murder_2/block_map/show_freq: 10.0
 * /murder_2/block_map/statistic_v: True
 * /murder_2/block_map/swarm_pub_thresh: 0.975
 * /murder_2/block_map/swarm_send_delay: 2.0
 * /murder_2/block_map/swarm_tol: 0.3
 * /murder_2/block_map/update_freq: 10.0
 * /murder_2/block_map/vis_mode: False
 * /murder_2/opt/MaxAcc: 0.8
 * /murder_2/opt/MaxJer: 25.0
 * /murder_2/opt/MaxVel: 0.6
 * /murder_2/opt/RelCostTolL: 1e-05
 * /murder_2/opt/SwarmAvoid: 1.2
 * /murder_2/opt/WeiAcc: 400.0
 * /murder_2/opt/WeiJer: 50.0
 * /murder_2/opt/WeiPos: 5000.0
 * /murder_2/opt/WeiSwarm: 100.0
 * /murder_2/opt/WeiT: 200.0
 * /murder_2/opt/WeiVel: 800.0
 * /murder_2/opt/WeiminT: 10.0
 * /murder_2/opt/YawAcc: 0.8
 * /murder_2/opt/YawVel: 0.65
 * /murder_2/opt/integralIntervs: 16
 * /murder_2/opt/smoothingEps: 0.01
 * /rosdistro: noetic
 * /rosversion: 1.17.4
 * /sim1_bridge_exp_tcp_sim/computer_num: 1
 * /sim1_bridge_exp_tcp_sim/drone_num: 2
 * /sim1_bridge_exp_tcp_sim/ground_station_num: 0
 * /sim1_bridge_exp_tcp_sim/is_ground_station: True
 * /sim1_bridge_exp_tcp_sim/max_tolerable_delay: 0.25
 * /sim1_bridge_exp_tcp_sim/self_id: 1
 * /sim1_bridge_exp_tcp_sim/sim_ip_1: 127.0.0.1
 * /sim1_bridge_exp_tcp_sim/sim_num_1: 2
 * /traj_exc_node1/Computation/data_name0: gvp
 * /traj_exc_node1/Computation/data_name1: local
 * /traj_exc_node1/Computation/data_name2: global
 * /traj_exc_node1/Computation/data_num: 3
 * /traj_exc_node1/Computation/dir: /home/charliedog/...
 * /traj_exc_node1/Computation/vdata_name0: volume
 * /traj_exc_node1/Computation/vdata_name1: DTG
 * /traj_exc_node1/Computation/vdata_name2: pose
 * /traj_exc_node1/Computation/vdata_name3: traj
 * /traj_exc_node1/Computation/vdata_name4: job
 * /traj_exc_node1/Computation/vdata_name5: state
 * /traj_exc_node1/Computation/vdata_name6: map
 * /traj_exc_node1/Computation/vdata_name7: mapreq
 * /traj_exc_node1/Computation/vdata_name8: total
 * /traj_exc_node1/Computation/vdata_num: 9
 * /traj_exc_node1/EXP/finish_hold_duration: 15.0
 * /traj_exc_node1/Exp/AutoTakeoff: True
 * /traj_exc_node1/Exp/acc_off: -0.5
 * /traj_exc_node1/Exp/check_duration: 3.5
 * /traj_exc_node1/Exp/colli_range: 0.8
 * /traj_exc_node1/Exp/exc_duration: 0.5
 * /traj_exc_node1/Exp/finish_thresh: 0.5
 * /traj_exc_node1/Exp/global_comm_freq: 0.5
 * /traj_exc_node1/Exp/global_path_search: 3000
 * /traj_exc_node1/Exp/local_comm_freq: 5.0
 * /traj_exc_node1/Exp/local_dist_thresh: 7.0
 * /traj_exc_node1/Exp/local_path_search: 1000
 * /traj_exc_node1/Exp/maxX: 6.0
 * /traj_exc_node1/Exp/maxY: 6.0
 * /traj_exc_node1/Exp/maxZ: 3.0
 * /traj_exc_node1/Exp/minX: -6.0
 * /traj_exc_node1/Exp/minY: -6.0
 * /traj_exc_node1/Exp/minZ: 0.0
 * /traj_exc_node1/Exp/reach_out_t: 0.1
 * /traj_exc_node1/Exp/replan_duration: 1.5
 * /traj_exc_node1/Exp/robot_sizeX: 0.48
 * /traj_exc_node1/Exp/robot_sizeY: 0.48
 * /traj_exc_node1/Exp/robot_sizeZ: 0.3
 * /traj_exc_node1/Exp/show_swarm_traj: False
 * /traj_exc_node1/Exp/statistic: True
 * /traj_exc_node1/Exp/strong_check_interval: 3.0
 * /traj_exc_node1/Exp/swarm_check: True
 * /traj_exc_node1/Exp/takeoff_x: -4.0
 * /traj_exc_node1/Exp/takeoff_y: -3.0
 * /traj_exc_node1/Exp/takeoff_yaw: 0.0
 * /traj_exc_node1/Exp/takeoff_z: 1.2
 * /traj_exc_node1/Exp/traj_length: 10.0
 * /traj_exc_node1/Frontier/FOV_hor_num: 15
 * /traj_exc_node1/Frontier/FOV_ver_num: 10
 * /traj_exc_node1/Frontier/cam_hor: 2.0943951023931953
 * /traj_exc_node1/Frontier/cam_ver: 2.0943951023931953
 * /traj_exc_node1/Frontier/grid_scale: 2.0
 * /traj_exc_node1/Frontier/min_vp_num: 6
 * /traj_exc_node1/Frontier/observe_thresh: 0.85
 * /traj_exc_node1/Frontier/ray_samp_dist1: 0.2
 * /traj_exc_node1/Frontier/ray_samp_dist2: 0.1
 * /traj_exc_node1/Frontier/resample_duration: 0.8
 * /traj_exc_node1/Frontier/sample_dist_num: 2
 * /traj_exc_node1/Frontier/sample_hor_dir_num: 10
 * /traj_exc_node1/Frontier/sample_max_range: 2.2
 * /traj_exc_node1/Frontier/sample_ver_dir_num: 3
 * /traj_exc_node1/Frontier/sensor_type: Depth_Camera
 * /traj_exc_node1/Frontier/show_frontier: True
 * /traj_exc_node1/Frontier/viewpoint_thresh: 1.3
 * /traj_exc_node1/GVD/allowance: 0.08
 * /traj_exc_node1/GVD/lambda: 0.1
 * /traj_exc_node1/GVD/partition_frequency: 0.33
 * /traj_exc_node1/GVD/show_gvd: True
 * /traj_exc_node1/GVD/tau: 0.2
 * /traj_exc_node1/LowResMap/blockX: 5
 * /traj_exc_node1/LowResMap/blockY: 5
 * /traj_exc_node1/LowResMap/blockZ: 3
 * /traj_exc_node1/LowResMap/corridor_expX: 2
 * /traj_exc_node1/LowResMap/corridor_expY: 2
 * /traj_exc_node1/LowResMap/corridor_expZ: 1
 * /traj_exc_node1/LowResMap/debug: True
 * /traj_exc_node1/LowResMap/lambda_heu: 5.0
 * /traj_exc_node1/LowResMap/localgraph_sizex: 14.0
 * /traj_exc_node1/LowResMap/localgraph_sizey: 14.0
 * /traj_exc_node1/LowResMap/localgraph_sizez: 8.0
 * /traj_exc_node1/LowResMap/node_x: 0.6
 * /traj_exc_node1/LowResMap/node_y: 0.6
 * /traj_exc_node1/LowResMap/node_z: 0.6
 * /traj_exc_node1/LowResMap/occ_duration: 2.0
 * /traj_exc_node1/LowResMap/prune_seg_length: 6.5
 * /traj_exc_node1/LowResMap/resolution: 0.1
 * /traj_exc_node1/LowResMap/seg_length: 2.5
 * /traj_exc_node1/LowResMap/show_dtg: False
 * /traj_exc_node1/LowResMap/showmap: True
 * /traj_exc_node1/LowResMap/unknown_duration: 0.2
 * /traj_exc_node1/MR_DTG/H_thresh: 5.5
 * /traj_exc_node1/MR_DTG/Toporange: 10.0
 * /traj_exc_node1/MR_DTG/resX: 2.0
 * /traj_exc_node1/MR_DTG/resY: 2.0
 * /traj_exc_node1/MR_DTG/resZ: 2.0
 * /traj_exc_node1/MR_DTG/show_edge_details: False
 * /traj_exc_node1/MR_DTG/update_FF: False
 * /traj_exc_node1/block_map/CamtoBody_Quater_w: 1.0
 * /traj_exc_node1/block_map/CamtoBody_Quater_x: 0.0
 * /traj_exc_node1/block_map/CamtoBody_Quater_y: 0.0
 * /traj_exc_node1/block_map/CamtoBody_Quater_z: 0.0
 * /traj_exc_node1/block_map/CamtoBody_x: 0.0
 * /traj_exc_node1/block_map/CamtoBody_y: 0.0
 * /traj_exc_node1/block_map/CamtoBody_z: 0.4
 * /traj_exc_node1/block_map/FFD: False
 * /traj_exc_node1/block_map/RobotVisX: 0.81
 * /traj_exc_node1/block_map/RobotVisY: 0.81
 * /traj_exc_node1/block_map/RobotVisZ: 0.41
 * /traj_exc_node1/block_map/blockX: 10
 * /traj_exc_node1/block_map/blockY: 10
 * /traj_exc_node1/block_map/blockZ: 10
 * /traj_exc_node1/block_map/depth: True
 * /traj_exc_node1/block_map/depth_step: 2
 * /traj_exc_node1/block_map/maxX: 6.0
 * /traj_exc_node1/block_map/maxY: 6.0
 * /traj_exc_node1/block_map/maxZ: 3.0
 * /traj_exc_node1/block_map/minX: -6.0
 * /traj_exc_node1/block_map/minY: -6.0
 * /traj_exc_node1/block_map/minZ: 0.0
 * /traj_exc_node1/block_map/min_finish_t: 45.0
 * /traj_exc_node1/block_map/occ_max: 0.9
 * /traj_exc_node1/block_map/occ_min: 0.2
 * /traj_exc_node1/block_map/pro_hit_occ: 0.9
 * /traj_exc_node1/block_map/pro_miss_free: 0.75
 * /traj_exc_node1/block_map/resolution: 0.1
 * /traj_exc_node1/block_map/sensor_max_range: 4.5
 * /traj_exc_node1/block_map/show_block: True
 * /traj_exc_node1/block_map/show_freq: 10.0
 * /traj_exc_node1/block_map/statistic_v: True
 * /traj_exc_node1/block_map/swarm_pub_thresh: 0.975
 * /traj_exc_node1/block_map/swarm_send_delay: 2.0
 * /traj_exc_node1/block_map/swarm_tol: 0.3
 * /traj_exc_node1/block_map/update_freq: 10.0
 * /traj_exc_node1/block_map/vis_mode: False
 * /traj_exc_node1/opt/MaxAcc: 0.8
 * /traj_exc_node1/opt/MaxJer: 25.0
 * /traj_exc_node1/opt/MaxVel: 0.6
 * /traj_exc_node1/opt/RelCostTolL: 1e-05
 * /traj_exc_node1/opt/SwarmAvoid: 1.2
 * /traj_exc_node1/opt/WeiAcc: 400.0
 * /traj_exc_node1/opt/WeiJer: 50.0
 * /traj_exc_node1/opt/WeiPos: 5000.0
 * /traj_exc_node1/opt/WeiSwarm: 100.0
 * /traj_exc_node1/opt/WeiT: 200.0
 * /traj_exc_node1/opt/WeiVel: 800.0
 * /traj_exc_node1/opt/WeiminT: 10.0
 * /traj_exc_node1/opt/YawAcc: 0.8
 * /traj_exc_node1/opt/YawVel: 0.65
 * /traj_exc_node1/opt/integralIntervs: 16
 * /traj_exc_node1/opt/smoothingEps: 0.01
 * /traj_exc_node2/Computation/data_name0: gvp
 * /traj_exc_node2/Computation/data_name1: local
 * /traj_exc_node2/Computation/data_name2: global
 * /traj_exc_node2/Computation/data_num: 3
 * /traj_exc_node2/Computation/dir: /home/charliedog/...
 * /traj_exc_node2/Computation/vdata_name0: volume
 * /traj_exc_node2/Computation/vdata_name1: DTG
 * /traj_exc_node2/Computation/vdata_name2: pose
 * /traj_exc_node2/Computation/vdata_name3: traj
 * /traj_exc_node2/Computation/vdata_name4: job
 * /traj_exc_node2/Computation/vdata_name5: state
 * /traj_exc_node2/Computation/vdata_name6: map
 * /traj_exc_node2/Computation/vdata_name7: mapreq
 * /traj_exc_node2/Computation/vdata_name8: total
 * /traj_exc_node2/Computation/vdata_num: 9
 * /traj_exc_node2/EXP/finish_hold_duration: 15.0
 * /traj_exc_node2/Exp/AutoTakeoff: True
 * /traj_exc_node2/Exp/acc_off: -0.5
 * /traj_exc_node2/Exp/check_duration: 3.5
 * /traj_exc_node2/Exp/colli_range: 0.8
 * /traj_exc_node2/Exp/exc_duration: 0.5
 * /traj_exc_node2/Exp/finish_thresh: 0.5
 * /traj_exc_node2/Exp/global_comm_freq: 0.5
 * /traj_exc_node2/Exp/global_path_search: 3000
 * /traj_exc_node2/Exp/local_comm_freq: 5.0
 * /traj_exc_node2/Exp/local_dist_thresh: 7.0
 * /traj_exc_node2/Exp/local_path_search: 1000
 * /traj_exc_node2/Exp/maxX: 6.0
 * /traj_exc_node2/Exp/maxY: 6.0
 * /traj_exc_node2/Exp/maxZ: 3.0
 * /traj_exc_node2/Exp/minX: -6.0
 * /traj_exc_node2/Exp/minY: -6.0
 * /traj_exc_node2/Exp/minZ: 0.0
 * /traj_exc_node2/Exp/reach_out_t: 0.1
 * /traj_exc_node2/Exp/replan_duration: 1.5
 * /traj_exc_node2/Exp/robot_sizeX: 0.48
 * /traj_exc_node2/Exp/robot_sizeY: 0.48
 * /traj_exc_node2/Exp/robot_sizeZ: 0.3
 * /traj_exc_node2/Exp/show_swarm_traj: False
 * /traj_exc_node2/Exp/statistic: True
 * /traj_exc_node2/Exp/strong_check_interval: 3.0
 * /traj_exc_node2/Exp/swarm_check: True
 * /traj_exc_node2/Exp/takeoff_x: -4.0
 * /traj_exc_node2/Exp/takeoff_y: 3.0
 * /traj_exc_node2/Exp/takeoff_yaw: 0.0
 * /traj_exc_node2/Exp/takeoff_z: 1.2
 * /traj_exc_node2/Exp/traj_length: 10.0
 * /traj_exc_node2/Frontier/FOV_hor_num: 15
 * /traj_exc_node2/Frontier/FOV_ver_num: 10
 * /traj_exc_node2/Frontier/cam_hor: 2.0943951023931953
 * /traj_exc_node2/Frontier/cam_ver: 2.0943951023931953
 * /traj_exc_node2/Frontier/grid_scale: 2.0
 * /traj_exc_node2/Frontier/min_vp_num: 6
 * /traj_exc_node2/Frontier/observe_thresh: 0.85
 * /traj_exc_node2/Frontier/ray_samp_dist1: 0.2
 * /traj_exc_node2/Frontier/ray_samp_dist2: 0.1
 * /traj_exc_node2/Frontier/resample_duration: 0.8
 * /traj_exc_node2/Frontier/sample_dist_num: 2
 * /traj_exc_node2/Frontier/sample_hor_dir_num: 10
 * /traj_exc_node2/Frontier/sample_max_range: 2.2
 * /traj_exc_node2/Frontier/sample_ver_dir_num: 3
 * /traj_exc_node2/Frontier/sensor_type: Depth_Camera
 * /traj_exc_node2/Frontier/show_frontier: True
 * /traj_exc_node2/Frontier/viewpoint_thresh: 1.3
 * /traj_exc_node2/GVD/allowance: 0.08
 * /traj_exc_node2/GVD/lambda: 0.1
 * /traj_exc_node2/GVD/partition_frequency: 0.33
 * /traj_exc_node2/GVD/show_gvd: True
 * /traj_exc_node2/GVD/tau: 0.2
 * /traj_exc_node2/LowResMap/blockX: 5
 * /traj_exc_node2/LowResMap/blockY: 5
 * /traj_exc_node2/LowResMap/blockZ: 3
 * /traj_exc_node2/LowResMap/corridor_expX: 2
 * /traj_exc_node2/LowResMap/corridor_expY: 2
 * /traj_exc_node2/LowResMap/corridor_expZ: 1
 * /traj_exc_node2/LowResMap/debug: True
 * /traj_exc_node2/LowResMap/lambda_heu: 5.0
 * /traj_exc_node2/LowResMap/localgraph_sizex: 14.0
 * /traj_exc_node2/LowResMap/localgraph_sizey: 14.0
 * /traj_exc_node2/LowResMap/localgraph_sizez: 8.0
 * /traj_exc_node2/LowResMap/node_x: 0.6
 * /traj_exc_node2/LowResMap/node_y: 0.6
 * /traj_exc_node2/LowResMap/node_z: 0.6
 * /traj_exc_node2/LowResMap/occ_duration: 2.0
 * /traj_exc_node2/LowResMap/prune_seg_length: 6.5
 * /traj_exc_node2/LowResMap/resolution: 0.1
 * /traj_exc_node2/LowResMap/seg_length: 2.5
 * /traj_exc_node2/LowResMap/show_dtg: False
 * /traj_exc_node2/LowResMap/showmap: True
 * /traj_exc_node2/LowResMap/unknown_duration: 0.2
 * /traj_exc_node2/MR_DTG/H_thresh: 5.5
 * /traj_exc_node2/MR_DTG/Toporange: 10.0
 * /traj_exc_node2/MR_DTG/resX: 2.0
 * /traj_exc_node2/MR_DTG/resY: 2.0
 * /traj_exc_node2/MR_DTG/resZ: 2.0
 * /traj_exc_node2/MR_DTG/show_edge_details: False
 * /traj_exc_node2/MR_DTG/update_FF: False
 * /traj_exc_node2/block_map/CamtoBody_Quater_w: 1.0
 * /traj_exc_node2/block_map/CamtoBody_Quater_x: 0.0
 * /traj_exc_node2/block_map/CamtoBody_Quater_y: 0.0
 * /traj_exc_node2/block_map/CamtoBody_Quater_z: 0.0
 * /traj_exc_node2/block_map/CamtoBody_x: 0.0
 * /traj_exc_node2/block_map/CamtoBody_y: 0.0
 * /traj_exc_node2/block_map/CamtoBody_z: 0.4
 * /traj_exc_node2/block_map/FFD: False
 * /traj_exc_node2/block_map/RobotVisX: 0.81
 * /traj_exc_node2/block_map/RobotVisY: 0.81
 * /traj_exc_node2/block_map/RobotVisZ: 0.41
 * /traj_exc_node2/block_map/blockX: 10
 * /traj_exc_node2/block_map/blockY: 10
 * /traj_exc_node2/block_map/blockZ: 10
 * /traj_exc_node2/block_map/depth: True
 * /traj_exc_node2/block_map/depth_step: 2
 * /traj_exc_node2/block_map/maxX: 6.0
 * /traj_exc_node2/block_map/maxY: 6.0
 * /traj_exc_node2/block_map/maxZ: 3.0
 * /traj_exc_node2/block_map/minX: -6.0
 * /traj_exc_node2/block_map/minY: -6.0
 * /traj_exc_node2/block_map/minZ: 0.0
 * /traj_exc_node2/block_map/min_finish_t: 45.0
 * /traj_exc_node2/block_map/occ_max: 0.9
 * /traj_exc_node2/block_map/occ_min: 0.2
 * /traj_exc_node2/block_map/pro_hit_occ: 0.9
 * /traj_exc_node2/block_map/pro_miss_free: 0.75
 * /traj_exc_node2/block_map/resolution: 0.1
 * /traj_exc_node2/block_map/sensor_max_range: 4.5
 * /traj_exc_node2/block_map/show_block: True
 * /traj_exc_node2/block_map/show_freq: 10.0
 * /traj_exc_node2/block_map/statistic_v: True
 * /traj_exc_node2/block_map/swarm_pub_thresh: 0.975
 * /traj_exc_node2/block_map/swarm_send_delay: 2.0
 * /traj_exc_node2/block_map/swarm_tol: 0.3
 * /traj_exc_node2/block_map/update_freq: 10.0
 * /traj_exc_node2/block_map/vis_mode: False
 * /traj_exc_node2/opt/MaxAcc: 0.8
 * /traj_exc_node2/opt/MaxJer: 25.0
 * /traj_exc_node2/opt/MaxVel: 0.6
 * /traj_exc_node2/opt/RelCostTolL: 1e-05
 * /traj_exc_node2/opt/SwarmAvoid: 1.2
 * /traj_exc_node2/opt/WeiAcc: 400.0
 * /traj_exc_node2/opt/WeiJer: 50.0
 * /traj_exc_node2/opt/WeiPos: 5000.0
 * /traj_exc_node2/opt/WeiSwarm: 100.0
 * /traj_exc_node2/opt/WeiT: 200.0
 * /traj_exc_node2/opt/WeiVel: 800.0
 * /traj_exc_node2/opt/WeiminT: 10.0
 * /traj_exc_node2/opt/YawAcc: 0.8
 * /traj_exc_node2/opt/YawVel: 0.65
 * /traj_exc_node2/opt/integralIntervs: 16
 * /traj_exc_node2/opt/smoothingEps: 0.01
 * /use_sim_time: True

NODES
  /
    murder_1 (murder_swarm/murder_swarm_node)
    murder_2 (murder_swarm/murder_swarm_node)
    sim1_bridge_exp_tcp_sim (swarm_exp_bridge/swarm_exp_bridge_tcp_sim)
    traj_exc_node1 (traj_exc/traj_exc_node)
    traj_exc_node2 (traj_exc/traj_exc_node)
command:mkdir /home/charliedog/data/swarm/maze4/MURDER/2/2026_9_28_14_35_45_1
path_:/home/charliedog/data/swarm/maze4/MURDER/2/2026_9_28_14_35_45_1
command:mkdir /home/charliedog/data/swarm/maze4/MURDER/2/2026_9_28_14_35_45_2
path_:/home/charliedog/data/swarm/maze4/MURDER/2/2026_9_28_14_35_45_2
use_answer_:0
use_answer_:0
robots_scale_:0.81 0.81 0.41
0.9 0.75
edgeblock_size_:2 2 1
origin_:-6 -6  0
block_num_:13 13  4
robots_scale_:0.81 0.81 0.41
last_update_:-10
update_interval_:0.1
0.9 0.75
thr_max_:2.19722
thr_min_:-1.38629
edgeblock_size_:2 2 1
pro_hit_:1.28093
pro_miss_:-1.09861
origin_:-6 -6  0
block_num_:13 13  4
last_update_:-10
update_interval_:0.1
thr_max_:2.19722
thr_min_:-1.38629
pro_hit_:1.28093
pro_miss_:-1.09861
0.588235
0
1
0.486275
0.588235
0
0.945098
0
1
0.486275
1
1
0.945098
0
0
0.952941
1
1
0.560784
0.439216
0
0.952941
0.560784
0.439216
origin_:-6.3 -6.3    0
map_upbd_:6.2999 6.2999 3.4999
map_lowbd_:-6.2999 -6.2999  0.0001
mapscale_:12.6 12.6  3.5
origin_:-6.3 -6.3    0
map_upbd_:6.2999 6.2999 3.4999
blockscale_:3.5 3.5 2.1
map_lowbd_:-6.2999 -6.2999  0.0001
mapscale_:12.6 12.6  3.5
edgeblock_scale_:2.1 2.1 1.4
blockscale_:3.5 3.5 2.1
edgeblock_scale_:2.1 2.1 1.4
block_size_:5 5 3
voxel_num_:18 18  5
block_size_:5 5 3
voxel_num_:18 18  5
block_num_:4 4 2
node_size_:7 7 7
block_num_:4 4 2
node_size_:7 7 7
node_scale_:0.7 0.7 0.7
localgraph_scale:14 14  8
node_scale_:0.7 0.7 0.7
drone_num:2
localgraph_size_:20 20 12
localgraph_scale:14 14  8
drone_num:2
localgraph_size_:20 20 12
node_scale_:2
node_scale_:2
up_bd_:6 6 3
up_bd_:6 6 3
origin_:-6 -6  0
origin_:-6 -6  0
node_num_:6 6 2
node_num_:6 6 2
use_swarm_:1
use_swarm_:1
SDM_->drone_num_:2
SDM_->drone_num_:2
SDM_->is_ground_:0
SDM_->is_ground_:0
fn_vp_size_:15
vp_max_:60
fn_vp_size_:15
vp_max_:60
[33m[WARN] [1790606145.557908094]: use camera[0m
[33m[WARN] [1790606145.561936399]: use camera[0m
0samp d:1.73105
1samp d:2.199
0samp d:1.73105
1samp d:2.199
samp_h_dir_num_:10
samp_v_dir_num_:3
samp_h_dir_num_:10
samp_v_dir_num_:3
samp_dist_num_:2
samp_num_:60
samp_dist_num_:2
samp_num_:60
sensor_type_:1
sensor_type_:1
F_depot72  72
72
F_depot72  72
72
vox_num_:6 6 2  map_upbd_ - origin_:12 12  3
vox_num_:6 6 2  map_upbd_ - origin_:12 12  3
DTG origin:-6 -6  0
DTG topo_range:10
DTG H_thresh_:5.5
DTG origin:-6 -6  0
DTG topo_range:10
DTG eurange:7.75
DTG update_FF_:0
DTG H_thresh_:5.5
DTG eurange:7.75
DTG map_upbd_:6.2999 6.2999 3.4999
DTG vox_num_:6 6 2
DTG update_FF_:0
DTG vox_scl_:2 2 2
DTG uav_id_:1
DTG map_upbd_:6.2999 6.2999 3.4999
DTG vox_num_:6 6 2
DTG drone_num_:2
DTG vox_scl_:2 2 2
DTG uav_id_:2
DTG drone_num_:2
 -3.99824   -2.9992 0.0804878[0;31m collide!!!!! [0m
[33m[WARN] [1790606158.633646119, 0.207000000]: id:1 Infeasible1! DTG refuse to update![0m
 -3.99764    2.9958 0.0768561[0;31m collide!!!!! [0m
[33m[WARN] [1790606158.639995959, 0.216000000]: id:2 Infeasible1! DTG refuse to update![0m
 -3.99712  -3.00432 0.0921756[0;31m collide!!!!! [0m
[33m[WARN] [1790606158.834567613, 0.409000000]: id:1 Infeasible1! DTG refuse to update![0m
 -4.00226   3.00448 0.0908475[0;31m collide!!!!! [0m
[33m[WARN] [1790606158.838374140, 0.409000000]: id:2 Infeasible1! DTG refuse to update![0m
-4.00778 -3.00347 0.119786[0;31m collide!!!!! [0m
[33m[WARN] [1790606159.037734270, 0.610000000]: id:1 Infeasible1! DTG refuse to update![0m
-3.99064  3.00189 0.114344[0;31m collide!!!!! [0m
[33m[WARN] [1790606159.041872255, 0.610000000]: id:2 Infeasible1! DTG refuse to update![0m
-4.00896 -3.00243 0.150117[0;31m collide!!!!! [0m
[33m[WARN] [1790606159.233446619, 0.809000000]: id:1 Infeasible1! DTG refuse to update![0m
-3.99399  2.99783 0.156435[0;31m collide!!!!! [0m
[33m[WARN] [1790606159.238241265, 0.809000000]: id:2 Infeasible1! DTG refuse to update![0m
-4.00308 -2.99802 0.197998[0;31m collide!!!!! [0m
[33m[WARN] [1790606159.433363778, 1.008999999]: id:1 Infeasible1! DTG refuse to update![0m
 -3.9957   2.9988 0.194618[0;31m collide!!!!! [0m
[33m[WARN] [1790606159.437180977, 1.008999999]: id:2 Infeasible1! DTG refuse to update![0m
-3.99739 -2.99464 0.240903[0;31m collide!!!!! [0m
[33m[WARN] [1790606159.632253215, 1.207000000]: id:1 Infeasible1! DTG refuse to update![0m
-4.00155  2.99667 0.244297[0;31m collide!!!!! [0m
[33m[WARN] [1790606159.637414336, 1.207000000]: id:2 Infeasible1! DTG refuse to update![0m
-4.00326 -2.99413 0.301754[0;31m collide!!!!! [0m
[33m[WARN] [1790606159.833809067, 1.402000000]: id:1 Infeasible1! DTG refuse to update![0m
-4.00863  2.99672 0.305612[0;31m collide!!!!! [0m
[33m[WARN] [1790606159.837557191, 1.411999999]: id:2 Infeasible1! DTG refuse to update![0m
-3.99575 -3.00466 0.356787[0;31m collide!!!!! [0m
[33m[WARN] [1790606160.033553140, 1.602000000]: id:1 Infeasible1! DTG refuse to update![0m
-3.99947  3.00135 0.357308[0;31m collide!!!!! [0m
[33m[WARN] [1790606160.037372507, 1.612000000]: id:2 Infeasible1! DTG refuse to update![0m
-3.99961 -2.99595 0.410774[0;31m collide!!!!! [0m
[33m[WARN] [1790606160.234068472, 1.809000000]: id:1 Infeasible1! DTG refuse to update![0m
-4.00424  2.99281 0.427865[0;31m collide!!!!! [0m
[33m[WARN] [1790606160.240043292, 1.809000000]: id:2 Infeasible1! DTG refuse to update![0m
-4.00577 -2.99499 0.477906[0;31m collide!!!!! [0m
[33m[WARN] [1790606160.433437399, 2.007000000]: id:1 Infeasible1! DTG refuse to update![0m
-3.99697  2.99239  0.49237[0;31m collide!!!!! [0m
[33m[WARN] [1790606160.438087014, 2.007000000]: id:2 Infeasible1! DTG refuse to update![0m
-4.00562 -3.00029 0.541642[0;31m collide!!!!! [0m
[33m[WARN] [1790606160.633924467, 2.205999999]: id:1 Infeasible1! DTG refuse to update![0m
-4.00532  2.99222 0.549838[0;31m collide!!!!! [0m
[33m[WARN] [1790606160.638310367, 2.205999999]: id:2 Infeasible1! DTG refuse to update![0m
-3.99927 -3.00489  0.59675[0;31m collide!!!!! [0m
[33m[WARN] [1790606160.834375726, 2.403999999]: id:1 Infeasible1! DTG refuse to update![0m
-3.99523  2.98829 0.605671[0;31m collide!!!!! [0m
[33m[WARN] [1790606160.838702055, 2.413000000]: id:2 Infeasible1! DTG refuse to update![0m
-4.00001 -3.00065  0.65698[0;31m collide!!!!! [0m
[33m[WARN] [1790606161.032328862, 2.607000000]: id:1 Infeasible1! DTG refuse to update![0m
-3.99778  2.99754 0.659233[0;31m collide!!!!! [0m
[33m[WARN] [1790606161.036780336, 2.607000000]: id:2 Infeasible1! DTG refuse to update![0m
-1;9  -1.95  6.15  3.05origin: 40 120  30   -1 6.2 3.1 ..10  2  1
667 10
-1;9  -1.85  6.15  3.05origin: 40 120  30   -1 6.2 3.1 ..10  2  1
667 11
-1;9  -1.75  6.15  3.05origin: 40 120  30   -1 6.2 3.1 ..10  2  1
667 12
-1;9  -1.65  6.15  3.05origin: 40 120  30   -1 6.2 3.1 ..10  2  1
667 13
-1;9  -1.55  6.15  3.05origin: 40 120  30   -1 6.2 3.1 ..10  2  1
667 14
-1;9  -1.45  6.15  3.05origin: 40 120  30   -1 6.2 3.1 ..10  2  1
667 15
-1;9  -1.35  6.15  3.05origin: 40 120  30   -1 6.2 3.1 ..10  2  1
667 16
-1;9  -1.25  6.15  3.05origin: 40 120  30   -1 6.2 3.1 ..10  2  1
667 17
-1;9  -1.15  6.15  3.05origin: 40 120  30   -1 6.2 3.1 ..10  2  1
667 18
-1;9  -1.05  6.15  3.05origin: 40 120  30   -1 6.2 3.1 ..10  2  1
667 19
 -4.0063 -3.00184 0.727095[0;34m New root [0m
[33m[WARN] [1790606161.277764769, 2.809000000]: id:1 Infeasible1! DTG refuse to update![0m
-3.99586  2.99665 0.725958[0;34m New root [0m
[33m[WARN] [1790606161.298908127, 2.828000000]: id:2 Infeasible1! DTG refuse to update![0m
-1;9  -1.95  6.15  3.05origin: 40 120  30   -1 6.2 3.1 ..10  2  1
667 10
-1;9  -1.85  6.15  3.05origin: 40 120  30   -1 6.2 3.1 ..10  2  1
667 11
-1;9  -1.75  6.15  3.05origin: 40 120  30   -1 6.2 3.1 ..10  2  1
667 12
-1;9  -1.65  6.15  3.05origin: 40 120  30   -1 6.2 3.1 ..10  2  1
667 13
-1;9  -1.55  6.15  3.05origin: 40 120  30   -1 6.2 3.1 ..10  2  1
667 14
-1;9  -1.45  6.15  3.05origin: 40 120  30   -1 6.2 3.1 ..10  2  1
667 15
-1;9  -1.35  6.15  3.05origin: 40 120  30   -1 6.2 3.1 ..10  2  1
667 16
-1;9  -1.25  6.15  3.05origin: 40 120  30   -1 6.2 3.1 ..10  2  1
667 17
-1;9  -1.15  6.15  3.05origin: 40 120  30   -1 6.2 3.1 ..10  2  1
667 18
-1;9  -1.05  6.15  3.05origin: 40 120  30   -1 6.2 3.1 ..10  2  1
667 19
-4.01164 -2.99977 0.790739[0;31m collide!!!!! [0m
[33m[WARN] [1790606161.480404538, 3.001999999]: id:1 Infeasible1! DTG refuse to update![0m
-3.99364  3.00041 0.773913[0;31m collide!!!!! [0m
[33m[WARN] [1790606161.484881359, 3.011000000]: id:2 Infeasible1! DTG refuse to update![0m
[0;44m id:1 Partition[0m
[33m[WARN] [1790606161.500322575, 3.031000000]: id:1 LocalGVP![0m
[0;44m id:2 Partition[0m
[33m[WARN] [1790606161.501197638, 3.031000000]: id:2 LocalGVP![0m
-1;9  -2.95  6.15  3.05origin: 30 120  30   -2 6.2 3.1 ..10  2  1
666 10
-1;9  -2.85  6.15  3.05origin: 30 120  30   -2 6.2 3.1 ..10  2  1
666 11
-1;9  -2.75  6.15  3.05origin: 30 120  30   -2 6.2 3.1 ..10  2  1
666 12
-1;9  -2.65  6.15  3.05origin: 30 120  30   -2 6.2 3.1 ..10  2  1
666 13
-1;9  -2.55  6.15  3.05origin: 30 120  30   -2 6.2 3.1 ..10  2  1
666 14
-1;9  -2.45  6.15  3.05origin: 30 120  30   -2 6.2 3.1 ..10  2  1
666 15
-1;9  -2.35  6.15  3.05origin: 30 120  30   -2 6.2 3.1 ..10  2  1
666 16
-1;9  -2.25  6.15  3.05origin: 30 120  30   -2 6.2 3.1 ..10  2  1
666 17
-1;9  -2.15  6.15  3.05origin: 30 120  30   -2 6.2 3.1 ..10  2  1
666 18
-1;9  -2.05  6.15  3.05origin: 30 120  30   -2 6.2 3.1 ..10  2  1
666 19
-4.00685  -3.0058 0.843833[0;31m collide!!!!! [0m
[33m[WARN] [1790606161.679867011, 3.200000000]: id:1 Infeasible1! DTG refuse to update![0m
-3.99834  3.00426 0.841211[0;31m collide!!!!! [0m
[33m[WARN] [1790606161.684129891, 3.209999999]: id:2 Infeasible1! DTG refuse to update![0m
-1;9  -2.95  6.15  3.05origin: 30 120  30   -2 6.2 3.1 ..10  2  1
666 10
-1;9  -2.85  6.15  3.05origin: 30 120  30   -2 6.2 3.1 ..10  2  1
666 11
-1;9  -2.75  6.15  3.05origin: 30 120  30   -2 6.2 3.1 ..10  2  1
666 12
-1;9  -2.65  6.15  3.05origin: 30 120  30   -2 6.2 3.1 ..10  2  1
666 13
-1;9  -2.55  6.15  3.05origin: 30 120  30   -2 6.2 3.1 ..10  2  1
666 14
-1;9  -2.45  6.15  3.05origin: 30 120  30   -2 6.2 3.1 ..10  2  1
666 15
-1;9  -2.35  6.15  3.05origin: 30 120  30   -2 6.2 3.1 ..10  2  1
666 16
-1;9  -2.25  6.15  3.05origin: 30 120  30   -2 6.2 3.1 ..10  2  1
666 17
-1;9  -2.15  6.15  3.05origin: 30 120  30   -2 6.2 3.1 ..10  2  1
666 18
-1;9  -2.05  6.15  3.05origin: 30 120  30   -2 6.2 3.1 ..10  2  1
666 19
-3.99463 -3.00694 0.910534[0;31m collide!!!!! [0m
[33m[WARN] [1790606161.880069729, 3.405000000]: id:1 Infeasible1! DTG refuse to update![0m
-3.99242  3.00082  0.90743[0;31m collide!!!!! [0m
[33m[WARN] [1790606161.883956588, 3.415000000]: id:2 Infeasible1! DTG refuse to update![0m
-3.99771 -3.00116 0.973698[0;34m New root [0m
[33m[WARN] [1790606162.080502479, 3.601000000]: id:1 Infeasible1! DTG refuse to update![0m
-3.99248   3.0049 0.970342[0;34m New root [0m
[33m[WARN] [1790606162.083888880, 3.610999999]: id:2 Infeasible1! DTG refuse to update![0m
-4.00247 -3.00186  1.02963[0;31m collide!!!!! [0m
[33m[WARN] [1790606162.280351645, 3.802999999]: id:1 Infeasible1! DTG refuse to update![0m
-4.00259  2.99969  1.02174[0;31m collide!!!!! [0m
[33m[WARN] [1790606162.284929433, 3.812000000]: id:2 Infeasible1! DTG refuse to update![0m
-1;9  -1.95  6.15  3.05origin: 40 120  30   -1 6.2 3.1 ..10  2  1
667 10
-1;9  -1.85  6.15  3.05origin: 40 120  30   -1 6.2 3.1 ..10  2  1
667 11
-1;9  -1.75  6.15  3.05origin: 40 120  30   -1 6.2 3.1 ..10  2  1
667 12
-1;9  -1.65  6.15  3.05origin: 40 120  30   -1 6.2 3.1 ..10  2  1
667 13
-1;9  -1.55  6.15  3.05origin: 40 120  30   -1 6.2 3.1 ..10  2  1
667 14
-1;9  -1.45  6.15  3.05origin: 40 120  30   -1 6.2 3.1 ..10  2  1
667 15
-1;9  -1.35  6.15  3.05origin: 40 120  30   -1 6.2 3.1 ..10  2  1
667 16
-1;9  -1.25  6.15  3.05origin: 40 120  30   -1 6.2 3.1 ..10  2  1
667 17
-1;9  -1.15  6.15  3.05origin: 40 120  30   -1 6.2 3.1 ..10  2  1
667 18
-1;9  -1.05  6.15  3.05origin: 40 120  30   -1 6.2 3.1 ..10  2  1
667 19
-4.00056 -3.00008  1.09162[0;31m collide!!!!! [0m
[33m[WARN] [1790606162.480987997, 4.004999999]: id:1 Infeasible1! DTG refuse to update![0m
-4.00314  2.99548  1.08419[0;31m collide!!!!! [0m
[33m[WARN] [1790606162.489015509, 4.014000000]: id:2 Infeasible1! DTG refuse to update![0m
-1;9  -1.95  6.15  3.05origin: 40 120  30   -1 6.2 3.1 ..10  2  1
667 10
-1;9  -1.85  6.15  3.05origin: 40 120  30   -1 6.2 3.1 ..10  2  1
667 11
-1;9  -1.75  6.15  3.05origin: 40 120  30   -1 6.2 3.1 ..10  2  1
667 12
-1;9  -1.65  6.15  3.05origin: 40 120  30   -1 6.2 3.1 ..10  2  1
667 13
-1;9  -1.55  6.15  3.05origin: 40 120  30   -1 6.2 3.1 ..10  2  1
667 14
-1;9  -1.45  6.15  3.05origin: 40 120  30   -1 6.2 3.1 ..10  2  1
667 15
-1;9  -1.35  6.15  3.05origin: 40 120  30   -1 6.2 3.1 ..10  2  1
667 16
-1;9  -1.25  6.15  3.05origin: 40 120  30   -1 6.2 3.1 ..10  2  1
667 17
-1;9  -1.15  6.15  3.05origin: 40 120  30   -1 6.2 3.1 ..10  2  1
667 18
-1;9  -1.05  6.15  3.05origin: 40 120  30   -1 6.2 3.1 ..10  2  1
667 19
-3.99737 -3.00054  1.13334[0;31m collide!!!!! [0m
[33m[WARN] [1790606162.679483487, 4.206000000]: id:1 Infeasible1! DTG refuse to update![0m
-3.99506  2.99644  1.12791[0;31m collide!!!!! [0m
[33m[WARN] [1790606162.682552854, 4.206000000]: id:2 Infeasible1! DTG refuse to update![0m
-1;9  -2.95  6.15  3.05origin: 30 120  30   -2 6.2 3.1 ..10  2  1
666 10
-1;9  -2.85  6.15  3.05origin: 30 120  30   -2 6.2 3.1 ..10  2  1
666 11
-1;9  -2.75  6.15  3.05origin: 30 120  30   -2 6.2 3.1 ..10  2  1
666 12
-1;9  -2.65  6.15  3.05origin: 30 120  30   -2 6.2 3.1 ..10  2  1
666 13
-1;9  -2.55  6.15  3.05origin: 30 120  30   -2 6.2 3.1 ..10  2  1
666 14
-1;9  -2.45  6.15  3.05origin: 30 120  30   -2 6.2 3.1 ..10  2  1
666 15
-1;9  -2.35  6.15  3.05origin: 30 120  30   -2 6.2 3.1 ..10  2  1
666 16
-1;9  -2.25  6.15  3.05origin: 30 120  30   -2 6.2 3.1 ..10  2  1
666 17
-1;9  -2.15  6.15  3.05origin: 30 120  30   -2 6.2 3.1 ..10  2  1
666 18
-1;9  -2.05  6.15  3.05origin: 30 120  30   -2 6.2 3.1 ..10  2  1
666 19
-3.99801 -2.99528   1.1736[0;34m New root [0m
[33m[WARN] [1790606162.879021831, 4.408000000]: id:1 Infeasible1! DTG refuse to update![0m
-3.99716  3.00613   1.1557[0;34m New root [0m
[33m[WARN] [1790606162.882763826, 4.408000000]: id:2 Infeasible1! DTG refuse to update![0m
-1;9  -1.95  6.15  3.05origin: 40 120  30   -1 6.2 3.1 ..10  2  1
667 10
-1;9  -1.85  6.15  3.05origin: 40 120  30   -1 6.2 3.1 ..10  2  1
667 11
-1;9  -1.75  6.15  3.05origin: 40 120  30   -1 6.2 3.1 ..10  2  1
667 12
-1;9  -1.65  6.15  3.05origin: 40 120  30   -1 6.2 3.1 ..10  2  1
667 13
-1;9  -1.55  6.15  3.05origin: 40 120  30   -1 6.2 3.1 ..10  2  1
667 14
-1;9  -1.45  6.15  3.05origin: 40 120  30   -1 6.2 3.1 ..10  2  1
667 15
-1;9  -1.35  6.15  3.05origin: 40 120  30   -1 6.2 3.1 ..10  2  1
667 16
-1;9  -1.25  6.15  3.05origin: 40 120  30   -1 6.2 3.1 ..10  2  1
667 17
-1;9  -1.15  6.15  3.05origin: 40 120  30   -1 6.2 3.1 ..10  2  1
667 18
-1;9  -1.05  6.15  3.05origin: 40 120  30   -1 6.2 3.1 ..10  2  1
667 19
-1;9  -2.95  6.15  3.05origin: 30 120  30   -2 6.2 3.1 ..10  2  1
666 10
-1;9  -2.85  6.15  3.05origin: 30 120  30   -2 6.2 3.1 ..10  2  1
666 11
-1;9  -2.75  6.15  3.05origin: 30 120  30   -2 6.2 3.1 ..10  2  1
666 12
-1;9  -2.65  6.15  3.05origin: 30 120  30   -2 6.2 3.1 ..10  2  1
666 13
-1;9  -2.55  6.15  3.05origin: 30 120  30   -2 6.2 3.1 ..10  2  1
666 14
-1;9  -2.45  6.15  3.05origin: 30 120  30   -2 6.2 3.1 ..10  2  1
666 15
-1;9  -2.35  6.15  3.05origin: 30 120  30   -2 6.2 3.1 ..10  2  1
666 16
-1;9  -2.25  6.15  3.05origin: 30 120  30   -2 6.2 3.1 ..10  2  1
666 17
-1;9  -2.15  6.15  3.05origin: 30 120  30   -2 6.2 3.1 ..10  2  1
666 18
-1;9  -2.05  6.15  3.05origin: 30 120  30   -2 6.2 3.1 ..10  2  1
666 19
-3.99253 -2.99017  1.18509[0;31m collide!!!!! [0m
[33m[WARN] [1790606163.079493892, 4.610000000]: id:1 Infeasible1! DTG refuse to update![0m
-3.99971  3.00446  1.18472[0;31m collide!!!!! [0m
[33m[WARN] [1790606163.085847984, 4.610000000]: id:2 Infeasible1! DTG refuse to update![0m
-1;9  -1.95  6.15  3.05origin: 40 120  30   -1 6.2 3.1 ..10  2  1
667 10
-1;9  -1.85  6.15  3.05origin: 40 120  30   -1 6.2 3.1 ..10  2  1
667 11
-1;9  -1.75  6.15  3.05origin: 40 120  30   -1 6.2 3.1 ..10  2  1
667 12
-1;9  -1.65  6.15  3.05origin: 40 120  30   -1 6.2 3.1 ..10  2  1
667 13
-1;9  -1.55  6.15  3.05origin: 40 120  30   -1 6.2 3.1 ..10  2  1
667 14
-1;9  -1.45  6.15  3.05origin: 40 120  30   -1 6.2 3.1 ..10  2  1
667 15
-1;9  -1.35  6.15  3.05origin: 40 120  30   -1 6.2 3.1 ..10  2  1
667 16
-1;9  -1.25  6.15  3.05origin: 40 120  30   -1 6.2 3.1 ..10  2  1
667 17
-1;9  -1.15  6.15  3.05origin: 40 120  30   -1 6.2 3.1 ..10  2  1
667 18
-1;9  -1.05  6.15  3.05origin: 40 120  30   -1 6.2 3.1 ..10  2  1
667 19
-3.99241 -2.99215   1.2066[0;31m collide!!!!! [0m
[33m[WARN] [1790606163.278882829, 4.802999999]: id:1 Infeasible1! DTG refuse to update![0m
-3.99989  3.00041  1.20288[0;31m collide!!!!! [0m
[33m[WARN] [1790606163.285478625, 4.812000000]: id:2 Infeasible1! DTG refuse to update![0m
-1;9  -1.95  6.15  3.05origin: 40 120  30   -1 6.2 3.1 ..10  2  1
667 10
-1;9  -1.85  6.15  3.05origin: 40 120  30   -1 6.2 3.1 ..10  2  1
667 11
-1;9  -1.75  6.15  3.05origin: 40 120  30   -1 6.2 3.1 ..10  2  1
667 12
-1;9  -1.65  6.15  3.05origin: 40 120  30   -1 6.2 3.1 ..10  2  1
667 13
-1;9  -1.55  6.15  3.05origin: 40 120  30   -1 6.2 3.1 ..10  2  1
667 14
-1;9  -1.45  6.15  3.05origin: 40 120  30   -1 6.2 3.1 ..10  2  1
667 15
-1;9  -1.35  6.15  3.05origin: 40 120  30   -1 6.2 3.1 ..10  2  1
667 16
-1;9  -1.25  6.15  3.05origin: 40 120  30   -1 6.2 3.1 ..10  2  1
667 17
-1;9  -1.15  6.15  3.05origin: 40 120  30   -1 6.2 3.1 ..10  2  1
667 18
-1;9  -1.05  6.15  3.05origin: 40 120  30   -1 6.2 3.1 ..10  2  1
667 19
-3.99763 -2.99016  1.20199[0;31m collide!!!!! [0m
[33m[WARN] [1790606163.479603847, 5.004999999]: id:1 Infeasible1! DTG refuse to update![0m
-4.00218  2.99146  1.20794[0;31m collide!!!!! [0m
[33m[WARN] [1790606163.485927424, 5.014000000]: id:2 Infeasible1! DTG refuse to update![0m
-1;9  -1.95  6.15  3.05origin: 40 120  30   -1 6.2 3.1 ..10  2  1
667 10
-1;9  -1.85  6.15  3.05origin: 40 120  30   -1 6.2 3.1 ..10  2  1
667 11
-1;9  -1.75  6.15  3.05origin: 40 120  30   -1 6.2 3.1 ..10  2  1
667 12
-1;9  -1.65  6.15  3.05origin: 40 120  30   -1 6.2 3.1 ..10  2  1
667 13
-1;9  -1.55  6.15  3.05origin: 40 120  30   -1 6.2 3.1 ..10  2  1
667 14
-1;9  -1.45  6.15  3.05origin: 40 120  30   -1 6.2 3.1 ..10  2  1
667 15
-1;9  -1.35  6.15  3.05origin: 40 120  30   -1 6.2 3.1 ..10  2  1
667 16
-1;9  -1.25  6.15  3.05origin: 40 120  30   -1 6.2 3.1 ..10  2  1
667 17
-1;9  -1.15  6.15  3.05origin: 40 120  30   -1 6.2 3.1 ..10  2  1
667 18
-1;9  -1.05  6.15  3.05origin: 40 120  30   -1 6.2 3.1 ..10  2  1
667 19
-4.00589 -2.99883  1.20624[0;34m New root [0m
[33m[WARN] [1790606163.679381978, 5.206000000]: id:1 Infeasible1! DTG refuse to update![0m
-3.99576  2.99606  1.20485[0;34m New root [0m
[33m[WARN] [1790606163.683906364, 5.206000000]: id:2 Infeasible1! DTG refuse to update![0m
-1;9  -1.95  6.15  3.05origin: 40 120  30   -1 6.2 3.1 ..10  2  1
667 10
-1;9  -1.85  6.15  3.05origin: 40 120  30   -1 6.2 3.1 ..10  2  1
667 11
-1;9  -1.75  6.15  3.05origin: 40 120  30   -1 6.2 3.1 ..10  2  1
667 12
-1;9  -1.65  6.15  3.05origin: 40 120  30   -1 6.2 3.1 ..10  2  1
667 13
-1;9  -1.55  6.15  3.05origin: 40 120  30   -1 6.2 3.1 ..10  2  1
667 14
-1;9  -1.45  6.15  3.05origin: 40 120  30   -1 6.2 3.1 ..10  2  1
667 15
-1;9  -1.35  6.15  3.05origin: 40 120  30   -1 6.2 3.1 ..10  2  1
667 16
-1;9  -1.25  6.15  3.05origin: 40 120  30   -1 6.2 3.1 ..10  2  1
667 17
-1;9  -1.15  6.15  3.05origin: 40 120  30   -1 6.2 3.1 ..10  2  1
667 18
-1;9  -1.05  6.15  3.05origin: 40 120  30   -1 6.2 3.1 ..10  2  1
667 19
-4.00502 -3.00491  1.20766[0;31m collide!!!!! [0m
[33m[WARN] [1790606163.879424575, 5.408000000]: id:1 Infeasible1! DTG refuse to update![0m
-4.00108  2.99878  1.21412[0;31m collide!!!!! [0m
[33m[WARN] [1790606163.883501821, 5.408000000]: id:2 Infeasible1! DTG refuse to update![0m
-1;9  -1.95  6.15  3.05origin: 40 120  30   -1 6.2 3.1 ..10  2  1
667 10
-1;9  -1.85  6.15  3.05origin: 40 120  30   -1 6.2 3.1 ..10  2  1
667 11
-1;9  -1.75  6.15  3.05origin: 40 120  30   -1 6.2 3.1 ..10  2  1
667 12
-1;9  -1.65  6.15  3.05origin: 40 120  30   -1 6.2 3.1 ..10  2  1
667 13
-1;9  -1.55  6.15  3.05origin: 40 120  30   -1 6.2 3.1 ..10  2  1
667 14
-1;9  -1.45  6.15  3.05origin: 40 120  30   -1 6.2 3.1 ..10  2  1
667 15
-1;9  -1.35  6.15  3.05origin: 40 120  30   -1 6.2 3.1 ..10  2  1
667 16
-1;9  -1.25  6.15  3.05origin: 40 120  30   -1 6.2 3.1 ..10  2  1
667 17
-1;9  -1.15  6.15  3.05origin: 40 120  30   -1 6.2 3.1 ..10  2  1
667 18
-1;9  -1.05  6.15  3.05origin: 40 120  30   -1 6.2 3.1 ..10  2  1
667 19
-3.99686  -3.0013  1.19698[0;31m collide!!!!! [0m
[33m[WARN] [1790606164.081151596, 5.601000000]: id:1 Infeasible1! DTG refuse to update![0m
-4.0035 3.00216 1.20564[0;31m collide!!!!! [0m
[33m[WARN] [1790606164.084553213, 5.610000000]: id:2 Infeasible1! DTG refuse to update![0m
-1;9  -1.95  6.15  3.05origin: 40 120  30   -1 6.2 3.1 ..10  2  1
667 10
-1;9  -1.85  6.15  3.05origin: 40 120  30   -1 6.2 3.1 ..10  2  1
667 11
-1;9  -1.75  6.15  3.05origin: 40 120  30   -1 6.2 3.1 ..10  2  1
667 12
-1;9  -1.65  6.15  3.05origin: 40 120  30   -1 6.2 3.1 ..10  2  1
667 13
-1;9  -1.55  6.15  3.05origin: 40 120  30   -1 6.2 3.1 ..10  2  1
667 14
-1;9  -1.45  6.15  3.05origin: 40 120  30   -1 6.2 3.1 ..10  2  1
667 15
-1;9  -1.35  6.15  3.05origin: 40 120  30   -1 6.2 3.1 ..10  2  1
667 16
-1;9  -1.25  6.15  3.05origin: 40 120  30   -1 6.2 3.1 ..10  2  1
667 17
-1;9  -1.15  6.15  3.05origin: 40 120  30   -1 6.2 3.1 ..10  2  1
667 18
-1;9  -1.05  6.15  3.05origin: 40 120  30   -1 6.2 3.1 ..10  2  1
667 19
-1;9  -2.95  6.15  3.05origin: 30 120  30   -2 6.2 3.1 ..10  2  1
666 10
-1;9  -2.85  6.15  3.05origin: 30 120  30   -2 6.2 3.1 ..10  2  1
666 11
-1;9  -2.75  6.15  3.05origin: 30 120  30   -2 6.2 3.1 ..10  2  1
666 12
-1;9  -2.65  6.15  3.05origin: 30 120  30   -2 6.2 3.1 ..10  2  1
666 13
-1;9  -2.55  6.15  3.05origin: 30 120  30   -2 6.2 3.1 ..10  2  1
666 14
-1;9  -2.45  6.15  3.05origin: 30 120  30   -2 6.2 3.1 ..10  2  1
666 15
-1;9  -2.35  6.15  3.05origin: 30 120  30   -2 6.2 3.1 ..10  2  1
666 16
-1;9  -2.25  6.15  3.05origin: 30 120  30   -2 6.2 3.1 ..10  2  1
666 17
-1;9  -2.15  6.15  3.05origin: 30 120  30   -2 6.2 3.1 ..10  2  1
666 18
-1;9  -2.05  6.15  3.05origin: 30 120  30   -2 6.2 3.1 ..10  2  1
666 19
-4.00002 -3.00376  1.21188[0;31m collide!!!!! [0m
[33m[WARN] [1790606164.279491592, 5.802999999]: id:1 Infeasible1! DTG refuse to update![0m
-4.00844  2.99514  1.20411[0;31m collide!!!!! [0m
[33m[WARN] [1790606164.283224457, 5.812000000]: id:2 Infeasible1! DTG refuse to update![0m
-1;9  -1.95  6.15  3.05origin: 40 120  30   -1 6.2 3.1 ..10  2  1
667 10
-1;9  -1.85  6.15  3.05origin: 40 120  30   -1 6.2 3.1 ..10  2  1
667 11
-1;9  -1.75  6.15  3.05origin: 40 120  30   -1 6.2 3.1 ..10  2  1
667 12
-1;9  -1.65  6.15  3.05origin: 40 120  30   -1 6.2 3.1 ..10  2  1
667 13
-1;9  -1.55  6.15  3.05origin: 40 120  30   -1 6.2 3.1 ..10  2  1
667 14
-1;9  -1.45  6.15  3.05origin: 40 120  30   -1 6.2 3.1 ..10  2  1
667 15
-1;9  -1.35  6.15  3.05origin: 40 120  30   -1 6.2 3.1 ..10  2  1
667 16
-1;9  -1.25  6.15  3.05origin: 40 120  30   -1 6.2 3.1 ..10  2  1
667 17
-1;9  -1.15  6.15  3.05origin: 40 120  30   -1 6.2 3.1 ..10  2  1
667 18
-1;9  -1.05  6.15  3.05origin: 40 120  30   -1 6.2 3.1 ..10  2  1
667 19
-1;9  -2.95  6.15  3.05origin: 30 120  30   -2 6.2 3.1 ..10  2  1
666 10
-1;9  -2.85  6.15  3.05origin: 30 120  30   -2 6.2 3.1 ..10  2  1
666 11
-1;9  -2.75  6.15  3.05origin: 30 120  30   -2 6.2 3.1 ..10  2  1
666 12
-1;9  -2.65  6.15  3.05origin: 30 120  30   -2 6.2 3.1 ..10  2  1
666 13
-1;9  -2.55  6.15  3.05origin: 30 120  30   -2 6.2 3.1 ..10  2  1
666 14
-1;9  -2.45  6.15  3.05origin: 30 120  30   -2 6.2 3.1 ..10  2  1
666 15
-1;9  -2.35  6.15  3.05origin: 30 120  30   -2 6.2 3.1 ..10  2  1
666 16
-1;9  -2.25  6.15  3.05origin: 30 120  30   -2 6.2 3.1 ..10  2  1
666 17
-1;9  -2.15  6.15  3.05origin: 30 120  30   -2 6.2 3.1 ..10  2  1
666 18
-1;9  -2.05  6.15  3.05origin: 30 120  30   -2 6.2 3.1 ..10  2  1
666 19
-3.99526 -3.00375  1.20314[0;34m New root [0m
[33m[WARN] [1790606164.480060451, 6.004999999]: id:1 Infeasible1! DTG refuse to update![0m
-3.99747  2.99489     1.21[0;34m New root [0m
[33m[WARN] [1790606164.485947643, 6.014000000]: id:2 Infeasible1! DTG refuse to update![0m
[0;44m id:1 Partition[0m
[33m[WARN] [1790606164.531070443, 6.062000000]: id:1 LocalGVP![0m
[0;44m id:2 Partition[0m
[33m[WARN] [1790606164.532060521, 6.062000000]: id:2 LocalGVP![0m
-1;9  -1.95  6.15  3.05origin: 40 120  30   -1 6.2 3.1 ..10  2  1
667 10
-1;9  -1.85  6.15  3.05origin: 40 120  30   -1 6.2 3.1 ..10  2  1
667 11
-1;9  -1.75  6.15  3.05origin: 40 120  30   -1 6.2 3.1 ..10  2  1
667 12
-1;9  -1.65  6.15  3.05origin: 40 120  30   -1 6.2 3.1 ..10  2  1
667 13
-1;9  -1.55  6.15  3.05origin: 40 120  30   -1 6.2 3.1 ..10  2  1
667 14
-1;9  -1.45  6.15  3.05origin: 40 120  30   -1 6.2 3.1 ..10  2  1
667 15
-1;9  -1.35  6.15  3.05origin: 40 120  30   -1 6.2 3.1 ..10  2  1
667 16
-1;9  -1.25  6.15  3.05origin: 40 120  30   -1 6.2 3.1 ..10  2  1
667 17
-1;9  -1.15  6.15  3.05origin: 40 120  30   -1 6.2 3.1 ..10  2  1
667 18
-1;9  -1.05  6.15  3.05origin: 40 120  30   -1 6.2 3.1 ..10  2  1
667 19
-1;9  -2.95  6.15  3.05origin: 30 120  30   -2 6.2 3.1 ..10  2  1
666 10
-1;9  -2.85  6.15  3.05origin: 30 120  30   -2 6.2 3.1 ..10  2  1
666 11
-1;9  -2.75  6.15  3.05origin: 30 120  30   -2 6.2 3.1 ..10  2  1
666 12
-1;9  -2.65  6.15  3.05origin: 30 120  30   -2 6.2 3.1 ..10  2  1
666 13
-1;9  -2.55  6.15  3.05origin: 30 120  30   -2 6.2 3.1 ..10  2  1
666 14
-1;9  -2.45  6.15  3.05origin: 30 120  30   -2 6.2 3.1 ..10  2  1
666 15
-1;9  -2.35  6.15  3.05origin: 30 120  30   -2 6.2 3.1 ..10  2  1
666 16
-1;9  -2.25  6.15  3.05origin: 30 120  30   -2 6.2 3.1 ..10  2  1
666 17
-1;9  -2.15  6.15  3.05origin: 30 120  30   -2 6.2 3.1 ..10  2  1
666 18
-1;9  -2.05  6.15  3.05origin: 30 120  30   -2 6.2 3.1 ..10  2  1
666 19
-3.99716 -2.99745  1.20603[0;31m collide!!!!! [0m
[33m[WARN] [1790606164.680107925, 6.206000000]: id:1 Infeasible1! DTG refuse to update![0m
-3.99753    2.998  1.19667[0;31m collide!!!!! [0m
[33m[WARN] [1790606164.685344625, 6.216000000]: id:2 Infeasible1! DTG refuse to update![0m
-1;9  -1.95  6.15  3.05origin: 40 120  30   -1 6.2 3.1 ..10  2  1
667 10
-1;9  -1.85  6.15  3.05origin: 40 120  30   -1 6.2 3.1 ..10  2  1
667 11
-1;9  -1.75  6.15  3.05origin: 40 120  30   -1 6.2 3.1 ..10  2  1
667 12
-1;9  -1.65  6.15  3.05origin: 40 120  30   -1 6.2 3.1 ..10  2  1
667 13
-1;9  -1.55  6.15  3.05origin: 40 120  30   -1 6.2 3.1 ..10  2  1
667 14
-1;9  -1.45  6.15  3.05origin: 40 120  30   -1 6.2 3.1 ..10  2  1
667 15
-1;9  -1.35  6.15  3.05origin: 40 120  30   -1 6.2 3.1 ..10  2  1
667 16
-1;9  -1.25  6.15  3.05origin: 40 120  30   -1 6.2 3.1 ..10  2  1
667 17
-1;9  -1.15  6.15  3.05origin: 40 120  30   -1 6.2 3.1 ..10  2  1
667 18
-1;9  -1.05  6.15  3.05origin: 40 120  30   -1 6.2 3.1 ..10  2  1
667 19
-1;9  -2.95  6.15  3.05origin: 30 120  30   -2 6.2 3.1 ..10  2  1
666 10
-1;9  -2.85  6.15  3.05origin: 30 120  30   -2 6.2 3.1 ..10  2  1
666 11
-1;9  -2.75  6.15  3.05origin: 30 120  30   -2 6.2 3.1 ..10  2  1
666 12
-1;9  -2.65  6.15  3.05origin: 30 120  30   -2 6.2 3.1 ..10  2  1
666 13
-1;9  -2.55  6.15  3.05origin: 30 120  30   -2 6.2 3.1 ..10  2  1
666 14
-1;9  -2.45  6.15  3.05origin: 30 120  30   -2 6.2 3.1 ..10  2  1
666 15
-1;9  -2.35  6.15  3.05origin: 30 120  30   -2 6.2 3.1 ..10  2  1
666 16
-1;9  -2.25  6.15  3.05origin: 30 120  30   -2 6.2 3.1 ..10  2  1
666 17
-1;9  -2.15  6.15  3.05origin: 30 120  30   -2 6.2 3.1 ..10  2  1
666 18
-1;9  -2.05  6.15  3.05origin: 30 120  30   -2 6.2 3.1 ..10  2  1
666 19
-4.00689 -2.99608  1.19878[0;31m collide!!!!! [0m
[33m[WARN] [1790606164.878975976, 6.408000000]: id:1 Infeasible1! DTG refuse to update![0m
-3.98816  3.00217   1.2023[0;31m collide!!!!! [0m
[33m[WARN] [1790606164.884440582, 6.408000000]: id:2 Infeasible1! DTG refuse to update![0m
-1;9  -1.95  6.15  3.05origin: 40 120  30   -1 6.2 3.1 ..10  2  1
667 10
-1;9  -1.85  6.15  3.05origin: 40 120  30   -1 6.2 3.1 ..10  2  1
667 11
-1;9  -1.75  6.15  3.05origin: 40 120  30   -1 6.2 3.1 ..10  2  1
667 12
-1;9  -1.65  6.15  3.05origin: 40 120  30   -1 6.2 3.1 ..10  2  1
667 13
-1;9  -1.55  6.15  3.05origin: 40 120  30   -1 6.2 3.1 ..10  2  1
667 14
-1;9  -1.45  6.15  3.05origin: 40 120  30   -1 6.2 3.1 ..10  2  1
667 15
-1;9  -1.35  6.15  3.05origin: 40 120  30   -1 6.2 3.1 ..10  2  1
667 16
-1;9  -1.25  6.15  3.05origin: 40 120  30   -1 6.2 3.1 ..10  2  1
667 17
-1;9  -1.15  6.15  3.05origin: 40 120  30   -1 6.2 3.1 ..10  2  1
667 18
-1;9  -1.05  6.15  3.05origin: 40 120  30   -1 6.2 3.1 ..10  2  1
667 19
-1;9  -2.95  6.15  3.05origin: 30 120  30   -2 6.2 3.1 ..10  2  1
666 10
-1;9  -2.85  6.15  3.05origin: 30 120  30   -2 6.2 3.1 ..10  2  1
666 11
-1;9  -2.75  6.15  3.05origin: 30 120  30   -2 6.2 3.1 ..10  2  1
666 12
-1;9  -2.65  6.15  3.05origin: 30 120  30   -2 6.2 3.1 ..10  2  1
666 13
-1;9  -2.55  6.15  3.05origin: 30 120  30   -2 6.2 3.1 ..10  2  1
666 14
-1;9  -2.45  6.15  3.05origin: 30 120  30   -2 6.2 3.1 ..10  2  1
666 15
-1;9  -2.35  6.15  3.05origin: 30 120  30   -2 6.2 3.1 ..10  2  1
666 16
-1;9  -2.25  6.15  3.05origin: 30 120  30   -2 6.2 3.1 ..10  2  1
666 17
-1;9  -2.15  6.15  3.05origin: 30 120  30   -2 6.2 3.1 ..10  2  1
666 18
-1;9  -2.05  6.15  3.05origin: 30 120  30   -2 6.2 3.1 ..10  2  1
666 19
-4.00289 -2.99946  1.20351[0;31m collide!!!!! [0m
[33m[WARN] [1790606165.081273449, 6.610000000]: id:1 Infeasible1! DTG refuse to update![0m
-3.9941 3.00572 1.19781[0;31m collide!!!!! [0m
[33m[WARN] [1790606165.084154556, 6.610000000]: id:2 Infeasible1! DTG refuse to update![0m
-1;9  -1.95  6.15  3.05origin: 40 120  30   -1 6.2 3.1 ..10  2  1
667 10
-1;9  -1.85  6.15  3.05origin: 40 120  30   -1 6.2 3.1 ..10  2  1
667 11
-1;9  -1.75  6.15  3.05origin: 40 120  30   -1 6.2 3.1 ..10  2  1
667 12
-1;9  -1.65  6.15  3.05origin: 40 120  30   -1 6.2 3.1 ..10  2  1
667 13
-1;9  -1.55  6.15  3.05origin: 40 120  30   -1 6.2 3.1 ..10  2  1
667 14
-1;9  -1.45  6.15  3.05origin: 40 120  30   -1 6.2 3.1 ..10  2  1
667 15
-1;9  -1.35  6.15  3.05origin: 40 120  30   -1 6.2 3.1 ..10  2  1
667 16
-1;9  -1.25  6.15  3.05origin: 40 120  30   -1 6.2 3.1 ..10  2  1
667 17
-1;9  -1.15  6.15  3.05origin: 40 120  30   -1 6.2 3.1 ..10  2  1
667 18
-1;9  -1.05  6.15  3.05origin: 40 120  30   -1 6.2 3.1 ..10  2  1
667 19
-1;9  -2.95  6.15  3.05origin: 30 120  30   -2 6.2 3.1 ..10  2  1
666 10
-1;9  -2.85  6.15  3.05origin: 30 120  30   -2 6.2 3.1 ..10  2  1
666 11
-1;9  -2.75  6.15  3.05origin: 30 120  30   -2 6.2 3.1 ..10  2  1
666 12
-1;9  -2.65  6.15  3.05origin: 30 120  30   -2 6.2 3.1 ..10  2  1
666 13
-1;9  -2.55  6.15  3.05origin: 30 120  30   -2 6.2 3.1 ..10  2  1
666 14
-1;9  -2.45  6.15  3.05origin: 30 120  30   -2 6.2 3.1 ..10  2  1
666 15
-1;9  -2.35  6.15  3.05origin: 30 120  30   -2 6.2 3.1 ..10  2  1
666 16
-1;9  -2.25  6.15  3.05origin: 30 120  30   -2 6.2 3.1 ..10  2  1
666 17
-1;9  -2.15  6.15  3.05origin: 30 120  30   -2 6.2 3.1 ..10  2  1
666 18
-1;9  -2.05  6.15  3.05origin: 30 120  30   -2 6.2 3.1 ..10  2  1
666 19
-3.99859 -2.99603  1.20638[0;34m New root [0m
[33m[WARN] [1790606165.279148879, 6.802999999]: id:1 Infeasible1! DTG refuse to update![0m
-3.99842   3.0042  1.20611[0;34m New root [0m
[33m[WARN] [1790606165.283820631, 6.812000000]: id:2 Infeasible1! DTG refuse to update![0m
-1;9  -1.95  6.15  3.05origin: 40 120  30   -1 6.2 3.1 ..10  2  1
667 10
-1;9  -1.85  6.15  3.05origin: 40 120  30   -1 6.2 3.1 ..10  2  1
667 11
-1;9  -1.75  6.15  3.05origin: 40 120  30   -1 6.2 3.1 ..10  2  1
667 12
-1;9  -1.65  6.15  3.05origin: 40 120  30   -1 6.2 3.1 ..10  2  1
667 13
-1;9  -1.55  6.15  3.05origin: 40 120  30   -1 6.2 3.1 ..10  2  1
667 14
-1;9  -1.45  6.15  3.05origin: 40 120  30   -1 6.2 3.1 ..10  2  1
667 15
-1;9  -1.35  6.15  3.05origin: 40 120  30   -1 6.2 3.1 ..10  2  1
667 16
-1;9  -1.25  6.15  3.05origin: 40 120  30   -1 6.2 3.1 ..10  2  1
667 17
-1;9  -1.15  6.15  3.05origin: 40 120  30   -1 6.2 3.1 ..10  2  1
667 18
-1;9  -1.05  6.15  3.05origin: 40 120  30   -1 6.2 3.1 ..10  2  1
667 19
-1;9  -2.95  6.15  3.05origin: 30 120  30   -2 6.2 3.1 ..10  2  1
666 10
-1;9  -2.85  6.15  3.05origin: 30 120  30   -2 6.2 3.1 ..10  2  1
666 11
-1;9  -2.75  6.15  3.05origin: 30 120  30   -2 6.2 3.1 ..10  2  1
666 12
-1;9  -2.65  6.15  3.05origin: 30 120  30   -2 6.2 3.1 ..10  2  1
666 13
-1;9  -2.55  6.15  3.05origin: 30 120  30   -2 6.2 3.1 ..10  2  1
666 14
-1;9  -2.45  6.15  3.05origin: 30 120  30   -2 6.2 3.1 ..10  2  1
666 15
-1;9  -2.35  6.15  3.05origin: 30 120  30   -2 6.2 3.1 ..10  2  1
666 16
-1;9  -2.25  6.15  3.05origin: 30 120  30   -2 6.2 3.1 ..10  2  1
666 17
-1;9  -2.15  6.15  3.05origin: 30 120  30   -2 6.2 3.1 ..10  2  1
666 18
-1;9  -2.05  6.15  3.05origin: 30 120  30   -2 6.2 3.1 ..10  2  1
666 19
-4.00707 -2.99937  1.19989[0;31m collide!!!!! [0m
[33m[WARN] [1790606165.479499588, 7.004999999]: id:1 Infeasible1! DTG refuse to update![0m
-4.00074  3.01033  1.21229[0;31m collide!!!!! [0m
[33m[WARN] [1790606165.483868355, 7.014000000]: id:2 Infeasible1! DTG refuse to update![0m
-1;9  -1.95  6.15  3.05origin: 40 120  30   -1 6.2 3.1 ..10  2  1
667 10
-1;9  -1.85  6.15  3.05origin: 40 120  30   -1 6.2 3.1 ..10  2  1
667 11
-1;9  -1.75  6.15  3.05origin: 40 120  30   -1 6.2 3.1 ..10  2  1
667 12
-1;9  -1.65  6.15  3.05origin: 40 120  30   -1 6.2 3.1 ..10  2  1
667 13
-1;9  -1.55  6.15  3.05origin: 40 120  30   -1 6.2 3.1 ..10  2  1
667 14
-1;9  -1.45  6.15  3.05origin: 40 120  30   -1 6.2 3.1 ..10  2  1
667 15
-1;9  -1.35  6.15  3.05origin: 40 120  30   -1 6.2 3.1 ..10  2  1
667 16
-1;9  -1.25  6.15  3.05origin: 40 120  30   -1 6.2 3.1 ..10  2  1
667 17
-1;9  -1.15  6.15  3.05origin: 40 120  30   -1 6.2 3.1 ..10  2  1
667 18
-1;9  -1.05  6.15  3.05origin: 40 120  30   -1 6.2 3.1 ..10  2  1
667 19
-1;9  -2.95  6.15  3.05origin: 30 120  30   -2 6.2 3.1 ..10  2  1
666 10
-1;9  -2.85  6.15  3.05origin: 30 120  30   -2 6.2 3.1 ..10  2  1
666 11
-1;9  -2.75  6.15  3.05origin: 30 120  30   -2 6.2 3.1 ..10  2  1
666 12
-1;9  -2.65  6.15  3.05origin: 30 120  30   -2 6.2 3.1 ..10  2  1
666 13
-1;9  -2.55  6.15  3.05origin: 30 120  30   -2 6.2 3.1 ..10  2  1
666 14
-1;9  -2.45  6.15  3.05origin: 30 120  30   -2 6.2 3.1 ..10  2  1
666 15
-1;9  -2.35  6.15  3.05origin: 30 120  30   -2 6.2 3.1 ..10  2  1
666 16
-1;9  -2.25  6.15  3.05origin: 30 120  30   -2 6.2 3.1 ..10  2  1
666 17
-1;9  -2.15  6.15  3.05origin: 30 120  30   -2 6.2 3.1 ..10  2  1
666 18
-1;9  -2.05  6.15  3.05origin: 30 120  30   -2 6.2 3.1 ..10  2  1
666 19
-1;9  -5.95  6.15  3.05origin:  0 120  30   -5 6.2 3.1 ..10  2  1
663 10
-1;9  -5.85  6.15  3.05origin:  0 120  30   -5 6.2 3.1 ..10  2  1
663 11
-1;9  -5.75  6.15  3.05origin:  0 120  30   -5 6.2 3.1 ..10  2  1
663 12
-1;9  -5.65  6.15  3.05origin:  0 120  30   -5 6.2 3.1 ..10  2  1
663 13
-1;9  -5.55  6.15  3.05origin:  0 120  30   -5 6.2 3.1 ..10  2  1
663 14
-1;9  -5.45  6.15  3.05origin:  0 120  30   -5 6.2 3.1 ..10  2  1
663 15
-1;9  -5.35  6.15  3.05origin:  0 120  30   -5 6.2 3.1 ..10  2  1
663 16
-1;9  -5.25  6.15  3.05origin:  0 120  30   -5 6.2 3.1 ..10  2  1
663 17
-1;9  -5.15  6.15  3.05origin:  0 120  30   -5 6.2 3.1 ..10  2  1
663 18
-1;9  -5.05  6.15  3.05origin:  0 120  30   -5 6.2 3.1 ..10  2  1
663 19
-4.00527 -3.00625   1.1991[0;31m collide!!!!! [0m
[33m[WARN] [1790606165.679232280, 7.206000000]: id:1 Infeasible1! DTG refuse to update![0m
-4.00376  3.00763  1.19708[0;31m collide!!!!! [0m
[33m[WARN] [1790606165.683456140, 7.206000000]: id:2 Infeasible1! DTG refuse to update![0m
-1;9  -1.95  6.15  3.05origin: 40 120  30   -1 6.2 3.1 ..10  2  1
667 10
-1;9  -1.85  6.15  3.05origin: 40 120  30   -1 6.2 3.1 ..10  2  1
667 11
-1;9  -1.75  6.15  3.05origin: 40 120  30   -1 6.2 3.1 ..10  2  1
667 12
-1;9  -1.65  6.15  3.05origin: 40 120  30   -1 6.2 3.1 ..10  2  1
667 13
-1;9  -1.55  6.15  3.05origin: 40 120  30   -1 6.2 3.1 ..10  2  1
667 14
-1;9  -1.45  6.15  3.05origin: 40 120  30   -1 6.2 3.1 ..10  2  1
667 15
-1;9  -1.35  6.15  3.05origin: 40 120  30   -1 6.2 3.1 ..10  2  1
667 16
-1;9  -1.25  6.15  3.05origin: 40 120  30   -1 6.2 3.1 ..10  2  1
667 17
-1;9  -1.15  6.15  3.05origin: 40 120  30   -1 6.2 3.1 ..10  2  1
667 18
-1;9  -1.05  6.15  3.05origin: 40 120  30   -1 6.2 3.1 ..10  2  1
667 19
-1;9  -2.95  6.15  3.05origin: 30 120  30   -2 6.2 3.1 ..10  2  1
666 10
-1;9  -2.85  6.15  3.05origin: 30 120  30   -2 6.2 3.1 ..10  2  1
666 11
-1;9  -2.75  6.15  3.05origin: 30 120  30   -2 6.2 3.1 ..10  2  1
666 12
-1;9  -2.65  6.15  3.05origin: 30 120  30   -2 6.2 3.1 ..10  2  1
666 13
-1;9  -2.55  6.15  3.05origin: 30 120  30   -2 6.2 3.1 ..10  2  1
666 14
-1;9  -2.45  6.15  3.05origin: 30 120  30   -2 6.2 3.1 ..10  2  1
666 15
-1;9  -2.35  6.15  3.05origin: 30 120  30   -2 6.2 3.1 ..10  2  1
666 16
-1;9  -2.25  6.15  3.05origin: 30 120  30   -2 6.2 3.1 ..10  2  1
666 17
-1;9  -2.15  6.15  3.05origin: 30 120  30   -2 6.2 3.1 ..10  2  1
666 18
-1;9  -2.05  6.15  3.05origin: 30 120  30   -2 6.2 3.1 ..10  2  1
666 19
-1;9  -5.95  6.15  3.05origin:  0 120  30   -5 6.2 3.1 ..10  2  1
663 10
-1;9  -5.85  6.15  3.05origin:  0 120  30   -5 6.2 3.1 ..10  2  1
663 11
-1;9  -5.75  6.15  3.05origin:  0 120  30   -5 6.2 3.1 ..10  2  1
663 12
-1;9  -5.65  6.15  3.05origin:  0 120  30   -5 6.2 3.1 ..10  2  1
663 13
-1;9  -5.55  6.15  3.05origin:  0 120  30   -5 6.2 3.1 ..10  2  1
663 14
-1;9  -5.45  6.15  3.05origin:  0 120  30   -5 6.2 3.1 ..10  2  1
663 15
-1;9  -5.35  6.15  3.05origin:  0 120  30   -5 6.2 3.1 ..10  2  1
663 16
-1;9  -5.25  6.15  3.05origin:  0 120  30   -5 6.2 3.1 ..10  2  1
663 17
-1;9  -5.15  6.15  3.05origin:  0 120  30   -5 6.2 3.1 ..10  2  1
663 18
-1;9  -5.05  6.15  3.05origin:  0 120  30   -5 6.2 3.1 ..10  2  1
663 19
-3.99351 -3.00128  1.19865[0;31m collide!!!!! [0m
[33m[WARN] [1790606165.879018748, 7.408000000]: id:1 Infeasible1! DTG refuse to update![0m
-4.0004 3.00513 1.20345[0;31m collide!!!!! [0m
[33m[WARN] [1790606165.883217138, 7.408000000]: id:2 Infeasible1! DTG refuse to update![0m
-1;9  -1.95  6.15  3.05origin: 40 120  30   -1 6.2 3.1 ..10  2  1
667 10
-1;9  -1.85  6.15  3.05origin: 40 120  30   -1 6.2 3.1 ..10  2  1
667 11
-1;9  -1.75  6.15  3.05origin: 40 120  30   -1 6.2 3.1 ..10  2  1
667 12
-1;9  -1.65  6.15  3.05origin: 40 120  30   -1 6.2 3.1 ..10  2  1
667 13
-1;9  -1.55  6.15  3.05origin: 40 120  30   -1 6.2 3.1 ..10  2  1
667 14
-1;9  -1.45  6.15  3.05origin: 40 120  30   -1 6.2 3.1 ..10  2  1
667 15
-1;9  -1.35  6.15  3.05origin: 40 120  30   -1 6.2 3.1 ..10  2  1
667 16
-1;9  -1.25  6.15  3.05origin: 40 120  30   -1 6.2 3.1 ..10  2  1
667 17
-1;9  -1.15  6.15  3.05origin: 40 120  30   -1 6.2 3.1 ..10  2  1
667 18
-1;9  -1.05  6.15  3.05origin: 40 120  30   -1 6.2 3.1 ..10  2  1
667 19
-1;9  -2.95  6.15  3.05origin: 30 120  30   -2 6.2 3.1 ..10  2  1
666 10
-1;9  -2.85  6.15  3.05origin: 30 120  30   -2 6.2 3.1 ..10  2  1
666 11
-1;9  -2.75  6.15  3.05origin: 30 120  30   -2 6.2 3.1 ..10  2  1
666 12
-1;9  -2.65  6.15  3.05origin: 30 120  30   -2 6.2 3.1 ..10  2  1
666 13
-1;9  -2.55  6.15  3.05origin: 30 120  30   -2 6.2 3.1 ..10  2  1
666 14
-1;9  -2.45  6.15  3.05origin: 30 120  30   -2 6.2 3.1 ..10  2  1
666 15
-1;9  -2.35  6.15  3.05origin: 30 120  30   -2 6.2 3.1 ..10  2  1
666 16
-1;9  -2.25  6.15  3.05origin: 30 120  30   -2 6.2 3.1 ..10  2  1
666 17
-1;9  -2.15  6.15  3.05origin: 30 120  30   -2 6.2 3.1 ..10  2  1
666 18
-1;9  -2.05  6.15  3.05origin: 30 120  30   -2 6.2 3.1 ..10  2  1
666 19
-1;9  -5.95  6.15  3.05origin:  0 120  30   -5 6.2 3.1 ..10  2  1
663 10
-1;9  -5.85  6.15  3.05origin:  0 120  30   -5 6.2 3.1 ..10  2  1
663 11
-1;9  -5.75  6.15  3.05origin:  0 120  30   -5 6.2 3.1 ..10  2  1
663 12
-1;9  -5.65  6.15  3.05origin:  0 120  30   -5 6.2 3.1 ..10  2  1
663 13
-1;9  -5.55  6.15  3.05origin:  0 120  30   -5 6.2 3.1 ..10  2  1
663 14
-1;9  -5.45  6.15  3.05origin:  0 120  30   -5 6.2 3.1 ..10  2  1
663 15
-1;9  -5.35  6.15  3.05origin:  0 120  30   -5 6.2 3.1 ..10  2  1
663 16
-1;9  -5.25  6.15  3.05origin:  0 120  30   -5 6.2 3.1 ..10  2  1
663 17
-1;9  -5.15  6.15  3.05origin:  0 120  30   -5 6.2 3.1 ..10  2  1
663 18
-1;9  -5.05  6.15  3.05origin:  0 120  30   -5 6.2 3.1 ..10  2  1
663 19
-3.99166 -3.01089  1.19865[0;34m New root [0m
[33m[WARN] [1790606166.078960752, 7.601000000]: id:1 Infeasible1! DTG refuse to update![0m
-4.00054  3.00132  1.20927[0;34m New root [0m
[33m[WARN] [1790606166.083774908, 7.610000000]: id:2 Infeasible1! DTG refuse to update![0m
-1;9  -2.95  6.15  3.05origin: 30 120  30   -2 6.2 3.1 ..10  2  1
666 10
-1;9  -2.85  6.15  3.05origin: 30 120  30   -2 6.2 3.1 ..10  2  1
666 11
-1;9  -2.75  6.15  3.05origin: 30 120  30   -2 6.2 3.1 ..10  2  1
666 12
-1;9  -2.65  6.15  3.05origin: 30 120  30   -2 6.2 3.1 ..10  2  1
666 13
-1;9  -2.55  6.15  3.05origin: 30 120  30   -2 6.2 3.1 ..10  2  1
666 14
-1;9  -2.45  6.15  3.05origin: 30 120  30   -2 6.2 3.1 ..10  2  1
666 15
-1;9  -2.35  6.15  3.05origin: 30 120  30   -2 6.2 3.1 ..10  2  1
666 16
-1;9  -2.25  6.15  3.05origin: 30 120  30   -2 6.2 3.1 ..10  2  1
666 17
-1;9  -2.15  6.15  3.05origin: 30 120  30   -2 6.2 3.1 ..10  2  1
666 18
-1;9  -2.05  6.15  3.05origin: 30 120  30   -2 6.2 3.1 ..10  2  1
666 19
-1;9  -5.95  6.15  3.05origin:  0 120  30   -5 6.2 3.1 ..10  2  1
663 10
-1;9  -5.85  6.15  3.05origin:  0 120  30   -5 6.2 3.1 ..10  2  1
663 11
-1;9  -5.75  6.15  3.05origin:  0 120  30   -5 6.2 3.1 ..10  2  1
663 12
-1;9  -5.65  6.15  3.05origin:  0 120  30   -5 6.2 3.1 ..10  2  1
663 13
-1;9  -5.55  6.15  3.05origin:  0 120  30   -5 6.2 3.1 ..10  2  1
663 14
-1;9  -5.45  6.15  3.05origin:  0 120  30   -5 6.2 3.1 ..10  2  1
663 15
-1;9  -5.35  6.15  3.05origin:  0 120  30   -5 6.2 3.1 ..10  2  1
663 16
-1;9  -5.25  6.15  3.05origin:  0 120  30   -5 6.2 3.1 ..10  2  1
663 17
-1;9  -5.15  6.15  3.05origin:  0 120  30   -5 6.2 3.1 ..10  2  1
663 18
-1;9  -5.05  6.15  3.05origin:  0 120  30   -5 6.2 3.1 ..10  2  1
663 19
-4.00278 -3.01082  1.19179[0;31m collide!!!!! [0m
[33m[WARN] [1790606166.282575176, 7.802999999]: id:1 Infeasible1! DTG refuse to update![0m
-4.00218  3.00725  1.20403[0;31m collide!!!!! [0m
[33m[WARN] [1790606166.289585179, 7.812000000]: id:2 Infeasible1! DTG refuse to update![0m
-1;9  -1.95  6.15  3.05origin: 40 120  30   -1 6.2 3.1 ..10  2  1
667 10
-1;9  -1.85  6.15  3.05origin: 40 120  30   -1 6.2 3.1 ..10  2  1
667 11
-1;9  -1.75  6.15  3.05origin: 40 120  30   -1 6.2 3.1 ..10  2  1
667 12
-1;9  -1.65  6.15  3.05origin: 40 120  30   -1 6.2 3.1 ..10  2  1
667 13
-1;9  -1.55  6.15  3.05origin: 40 120  30   -1 6.2 3.1 ..10  2  1
667 14
-1;9  -1.45  6.15  3.05origin: 40 120  30   -1 6.2 3.1 ..10  2  1
667 15
-1;9  -1.35  6.15  3.05origin: 40 120  30   -1 6.2 3.1 ..10  2  1
667 16
-1;9  -1.25  6.15  3.05origin: 40 120  30   -1 6.2 3.1 ..10  2  1
667 17
-1;9  -1.15  6.15  3.05origin: 40 120  30   -1 6.2 3.1 ..10  2  1
667 18
-1;9  -1.05  6.15  3.05origin: 40 120  30   -1 6.2 3.1 ..10  2  1
667 19
-1;9  -2.95  6.15  3.05origin: 30 120  30   -2 6.2 3.1 ..10  2  1
666 10
-1;9  -2.85  6.15  3.05origin: 30 120  30   -2 6.2 3.1 ..10  2  1
666 11
-1;9  -2.75  6.15  3.05origin: 30 120  30   -2 6.2 3.1 ..10  2  1
666 12
-1;9  -2.65  6.15  3.05origin: 30 120  30   -2 6.2 3.1 ..10  2  1
666 13
-1;9  -2.55  6.15  3.05origin: 30 120  30   -2 6.2 3.1 ..10  2  1
666 14
-1;9  -2.45  6.15  3.05origin: 30 120  30   -2 6.2 3.1 ..10  2  1
666 15
-1;9  -2.35  6.15  3.05origin: 30 120  30   -2 6.2 3.1 ..10  2  1
666 16
-1;9  -2.25  6.15  3.05origin: 30 120  30   -2 6.2 3.1 ..10  2  1
666 17
-1;9  -2.15  6.15  3.05origin: 30 120  30   -2 6.2 3.1 ..10  2  1
666 18
-1;9  -2.05  6.15  3.05origin: 30 120  30   -2 6.2 3.1 ..10  2  1
666 19
-1;9  -5.95  6.15  3.05origin:  0 120  30   -5 6.2 3.1 ..10  2  1
663 10
-1;9  -5.85  6.15  3.05origin:  0 120  30   -5 6.2 3.1 ..10  2  1
663 11
-1;9  -5.75  6.15  3.05origin:  0 120  30   -5 6.2 3.1 ..10  2  1
663 12
-1;9  -5.65  6.15  3.05origin:  0 120  30   -5 6.2 3.1 ..10  2  1
663 13
-1;9  -5.55  6.15  3.05origin:  0 120  30   -5 6.2 3.1 ..10  2  1
663 14
-1;9  -5.45  6.15  3.05origin:  0 120  30   -5 6.2 3.1 ..10  2  1
663 15
-1;9  -5.35  6.15  3.05origin:  0 120  30   -5 6.2 3.1 ..10  2  1
663 16
-1;9  -5.25  6.15  3.05origin:  0 120  30   -5 6.2 3.1 ..10  2  1
663 17
-1;9  -5.15  6.15  3.05origin:  0 120  30   -5 6.2 3.1 ..10  2  1
663 18
-1;9  -5.05  6.15  3.05origin:  0 120  30   -5 6.2 3.1 ..10  2  1
663 19
-3.99862 -3.01008  1.19339[0;31m collide!!!!! [0m
[33m[WARN] [1790606166.479215197, 8.005000000]: id:1 Infeasible1! DTG refuse to update![0m
-4.00165   3.0044  1.20151[0;31m collide!!!!! [0m
[33m[WARN] [1790606166.482359518, 8.005000000]: id:2 Infeasible1! DTG refuse to update![0m
-1;9  -1.95  6.15  3.05origin: 40 120  30   -1 6.2 3.1 ..10  2  1
667 10
-1;9  -1.85  6.15  3.05origin: 40 120  30   -1 6.2 3.1 ..10  2  1
667 11
-1;9  -1.75  6.15  3.05origin: 40 120  30   -1 6.2 3.1 ..10  2  1
667 12
-1;9  -1.65  6.15  3.05origin: 40 120  30   -1 6.2 3.1 ..10  2  1
667 13
-1;9  -1.55  6.15  3.05origin: 40 120  30   -1 6.2 3.1 ..10  2  1
667 14
-1;9  -1.45  6.15  3.05origin: 40 120  30   -1 6.2 3.1 ..10  2  1
667 15
-1;9  -1.35  6.15  3.05origin: 40 120  30   -1 6.2 3.1 ..10  2  1
667 16
-1;9  -1.25  6.15  3.05origin: 40 120  30   -1 6.2 3.1 ..10  2  1
667 17
-1;9  -1.15  6.15  3.05origin: 40 120  30   -1 6.2 3.1 ..10  2  1
667 18
-1;9  -1.05  6.15  3.05origin: 40 120  30   -1 6.2 3.1 ..10  2  1
667 19
-1;9  -2.95  6.15  3.05origin: 30 120  30   -2 6.2 3.1 ..10  2  1
666 10
-1;9  -2.85  6.15  3.05origin: 30 120  30   -2 6.2 3.1 ..10  2  1
666 11
-1;9  -2.75  6.15  3.05origin: 30 120  30   -2 6.2 3.1 ..10  2  1
666 12
-1;9  -2.65  6.15  3.05origin: 30 120  30   -2 6.2 3.1 ..10  2  1
666 13
-1;9  -2.55  6.15  3.05origin: 30 120  30   -2 6.2 3.1 ..10  2  1
666 14
-1;9  -2.45  6.15  3.05origin: 30 120  30   -2 6.2 3.1 ..10  2  1
666 15
-1;9  -2.35  6.15  3.05origin: 30 120  30   -2 6.2 3.1 ..10  2  1
666 16
-1;9  -2.25  6.15  3.05origin: 30 120  30   -2 6.2 3.1 ..10  2  1
666 17
-1;9  -2.15  6.15  3.05origin: 30 120  30   -2 6.2 3.1 ..10  2  1
666 18
-1;9  -2.05  6.15  3.05origin: 30 120  30   -2 6.2 3.1 ..10  2  1
666 19
-1;9  -5.95  6.15  3.05origin:  0 120  30   -5 6.2 3.1 ..10  2  1
663 10
-1;9  -5.85  6.15  3.05origin:  0 120  30   -5 6.2 3.1 ..10  2  1
663 11
-1;9  -5.75  6.15  3.05origin:  0 120  30   -5 6.2 3.1 ..10  2  1
663 12
-1;9  -5.65  6.15  3.05origin:  0 120  30   -5 6.2 3.1 ..10  2  1
663 13
-1;9  -5.55  6.15  3.05origin:  0 120  30   -5 6.2 3.1 ..10  2  1
663 14
-1;9  -5.45  6.15  3.05origin:  0 120  30   -5 6.2 3.1 ..10  2  1
663 15
-1;9  -5.35  6.15  3.05origin:  0 120  30   -5 6.2 3.1 ..10  2  1
663 16
-1;9  -5.25  6.15  3.05origin:  0 120  30   -5 6.2 3.1 ..10  2  1
663 17
-1;9  -5.15  6.15  3.05origin:  0 120  30   -5 6.2 3.1 ..10  2  1
663 18
-1;9  -5.05  6.15  3.05origin:  0 120  30   -5 6.2 3.1 ..10  2  1
663 19
-4.00054 -3.00074  1.19257[0;31m collide!!!!! [0m
[33m[WARN] [1790606166.680235615, 8.207000000]: id:1 Infeasible1! DTG refuse to update![0m
-4.00061  2.99957  1.19742[0;31m collide!!!!! [0m
[33m[WARN] [1790606166.684024925, 8.207000000]: id:2 Infeasible1! DTG refuse to update![0m
-1;9  -1.95  6.15  3.05origin: 40 120  30   -1 6.2 3.1 ..10  2  1
667 10
-1;9  -1.85  6.15  3.05origin: 40 120  30   -1 6.2 3.1 ..10  2  1
667 11
-1;9  -1.75  6.15  3.05origin: 40 120  30   -1 6.2 3.1 ..10  2  1
667 12
-1;9  -1.65  6.15  3.05origin: 40 120  30   -1 6.2 3.1 ..10  2  1
667 13
-1;9  -1.55  6.15  3.05origin: 40 120  30   -1 6.2 3.1 ..10  2  1
667 14
-1;9  -1.45  6.15  3.05origin: 40 120  30   -1 6.2 3.1 ..10  2  1
667 15
-1;9  -1.35  6.15  3.05origin: 40 120  30   -1 6.2 3.1 ..10  2  1
667 16
-1;9  -1.25  6.15  3.05origin: 40 120  30   -1 6.2 3.1 ..10  2  1
667 17
-1;9  -1.15  6.15  3.05origin: 40 120  30   -1 6.2 3.1 ..10  2  1
667 18
-1;9  -1.05  6.15  3.05origin: 40 120  30   -1 6.2 3.1 ..10  2  1
667 19
-1;9  -2.95  6.15  3.05origin: 30 120  30   -2 6.2 3.1 ..10  2  1
666 10
-1;9  -2.85  6.15  3.05origin: 30 120  30   -2 6.2 3.1 ..10  2  1
666 11
-1;9  -2.75  6.15  3.05origin: 30 120  30   -2 6.2 3.1 ..10  2  1
666 12
-1;9  -2.65  6.15  3.05origin: 30 120  30   -2 6.2 3.1 ..10  2  1
666 13
-1;9  -2.55  6.15  3.05origin: 30 120  30   -2 6.2 3.1 ..10  2  1
666 14
-1;9  -2.45  6.15  3.05origin: 30 120  30   -2 6.2 3.1 ..10  2  1
666 15
-1;9  -2.35  6.15  3.05origin: 30 120  30   -2 6.2 3.1 ..10  2  1
666 16
-1;9  -2.25  6.15  3.05origin: 30 120  30   -2 6.2 3.1 ..10  2  1
666 17
-1;9  -2.15  6.15  3.05origin: 30 120  30   -2 6.2 3.1 ..10  2  1
666 18
-1;9  -2.05  6.15  3.05origin: 30 120  30   -2 6.2 3.1 ..10  2  1
666 19
-1;9  -5.95  6.15  3.05origin:  0 120  30   -5 6.2 3.1 ..10  2  1
663 10
-1;9  -5.85  6.15  3.05origin:  0 120  30   -5 6.2 3.1 ..10  2  1
663 11
-1;9  -5.75  6.15  3.05origin:  0 120  30   -5 6.2 3.1 ..10  2  1
663 12
-1;9  -5.65  6.15  3.05origin:  0 120  30   -5 6.2 3.1 ..10  2  1
663 13
-1;9  -5.55  6.15  3.05origin:  0 120  30   -5 6.2 3.1 ..10  2  1
663 14
-1;9  -5.45  6.15  3.05origin:  0 120  30   -5 6.2 3.1 ..10  2  1
663 15
-1;9  -5.35  6.15  3.05origin:  0 120  30   -5 6.2 3.1 ..10  2  1
663 16
-1;9  -5.25  6.15  3.05origin:  0 120  30   -5 6.2 3.1 ..10  2  1
663 17
-1;9  -5.15  6.15  3.05origin:  0 120  30   -5 6.2 3.1 ..10  2  1
663 18
-1;9  -5.05  6.15  3.05origin:  0 120  30   -5 6.2 3.1 ..10  2  1
663 19
-3.99828 -3.00312   1.1898[0;34m New root [0m
[33m[WARN] [1790606166.878499948, 8.399000000]: id:1 Infeasible1! DTG refuse to update![0m
-3.99456  3.00473  1.19601[0;34m New root [0m
[33m[WARN] [1790606166.882820107, 8.409000000]: id:2 Infeasible1! DTG refuse to update![0m
-1;9  -1.95  6.15  3.05origin: 40 120  30   -1 6.2 3.1 ..10  2  1
667 10
-1;9  -1.85  6.15  3.05origin: 40 120  30   -1 6.2 3.1 ..10  2  1
667 11
-1;9  -1.75  6.15  3.05origin: 40 120  30   -1 6.2 3.1 ..10  2  1
667 12
-1;9  -1.65  6.15  3.05origin: 40 120  30   -1 6.2 3.1 ..10  2  1
667 13
-1;9  -1.55  6.15  3.05origin: 40 120  30   -1 6.2 3.1 ..10  2  1
667 14
-1;9  -1.45  6.15  3.05origin: 40 120  30   -1 6.2 3.1 ..10  2  1
667 15
-1;9  -1.35  6.15  3.05origin: 40 120  30   -1 6.2 3.1 ..10  2  1
667 16
-1;9  -1.25  6.15  3.05origin: 40 120  30   -1 6.2 3.1 ..10  2  1
667 17
-1;9  -1.15  6.15  3.05origin: 40 120  30   -1 6.2 3.1 ..10  2  1
667 18
-1;9  -1.05  6.15  3.05origin: 40 120  30   -1 6.2 3.1 ..10  2  1
667 19
-1;9  -2.95  6.15  3.05origin: 30 120  30   -2 6.2 3.1 ..10  2  1
666 10
-1;9  -2.85  6.15  3.05origin: 30 120  30   -2 6.2 3.1 ..10  2  1
666 11
-1;9  -2.75  6.15  3.05origin: 30 120  30   -2 6.2 3.1 ..10  2  1
666 12
-1;9  -2.65  6.15  3.05origin: 30 120  30   -2 6.2 3.1 ..10  2  1
666 13
-1;9  -2.55  6.15  3.05origin: 30 120  30   -2 6.2 3.1 ..10  2  1
666 14
-1;9  -2.45  6.15  3.05origin: 30 120  30   -2 6.2 3.1 ..10  2  1
666 15
-1;9  -2.35  6.15  3.05origin: 30 120  30   -2 6.2 3.1 ..10  2  1
666 16
-1;9  -2.25  6.15  3.05origin: 30 120  30   -2 6.2 3.1 ..10  2  1
666 17
-1;9  -2.15  6.15  3.05origin: 30 120  30   -2 6.2 3.1 ..10  2  1
666 18
-1;9  -2.05  6.15  3.05origin: 30 120  30   -2 6.2 3.1 ..10  2  1
666 19
-1;9  -5.95  6.15  3.05origin:  0 120  30   -5 6.2 3.1 ..10  2  1
663 10
-1;9  -5.85  6.15  3.05origin:  0 120  30   -5 6.2 3.1 ..10  2  1
663 11
-1;9  -5.75  6.15  3.05origin:  0 120  30   -5 6.2 3.1 ..10  2  1
663 12
-1;9  -5.65  6.15  3.05origin:  0 120  30   -5 6.2 3.1 ..10  2  1
663 13
-1;9  -5.55  6.15  3.05origin:  0 120  30   -5 6.2 3.1 ..10  2  1
663 14
-1;9  -5.45  6.15  3.05origin:  0 120  30   -5 6.2 3.1 ..10  2  1
663 15
-1;9  -5.35  6.15  3.05origin:  0 120  30   -5 6.2 3.1 ..10  2  1
663 16
-1;9  -5.25  6.15  3.05origin:  0 120  30   -5 6.2 3.1 ..10  2  1
663 17
-1;9  -5.15  6.15  3.05origin:  0 120  30   -5 6.2 3.1 ..10  2  1
663 18
-1;9  -5.05  6.15  3.05origin:  0 120  30   -5 6.2 3.1 ..10  2  1
663 19
-3.99872 -2.99084  1.19321[0;31m collide!!!!! [0m
[33m[WARN] [1790606167.079919190, 8.601000000]: id:1 Infeasible1! DTG refuse to update![0m
-3.99346  3.00594  1.20053[0;31m collide!!!!! [0m
[33m[WARN] [1790606167.085406224, 8.611000000]: id:2 Infeasible1! DTG refuse to update![0m
-1;9  -2.95  6.15  3.05origin: 30 120  30   -2 6.2 3.1 ..10  2  1
666 10
-1;9  -2.85  6.15  3.05origin: 30 120  30   -2 6.2 3.1 ..10  2  1
666 11
-1;9  -2.75  6.15  3.05origin: 30 120  30   -2 6.2 3.1 ..10  2  1
666 12
-1;9  -2.65  6.15  3.05origin: 30 120  30   -2 6.2 3.1 ..10  2  1
666 13
-1;9  -2.55  6.15  3.05origin: 30 120  30   -2 6.2 3.1 ..10  2  1
666 14
-1;9  -2.45  6.15  3.05origin: 30 120  30   -2 6.2 3.1 ..10  2  1
666 15
-1;9  -2.35  6.15  3.05origin: 30 120  30   -2 6.2 3.1 ..10  2  1
666 16
-1;9  -2.25  6.15  3.05origin: 30 120  30   -2 6.2 3.1 ..10  2  1
666 17
-1;9  -2.15  6.15  3.05origin: 30 120  30   -2 6.2 3.1 ..10  2  1
666 18
-1;9  -2.05  6.15  3.05origin: 30 120  30   -2 6.2 3.1 ..10  2  1
666 19
-1;9  -5.95  6.15  3.05origin:  0 120  30   -5 6.2 3.1 ..10  2  1
663 10
-1;9  -5.85  6.15  3.05origin:  0 120  30   -5 6.2 3.1 ..10  2  1
663 11
-1;9  -5.75  6.15  3.05origin:  0 120  30   -5 6.2 3.1 ..10  2  1
663 12
-1;9  -5.65  6.15  3.05origin:  0 120  30   -5 6.2 3.1 ..10  2  1
663 13
-1;9  -5.55  6.15  3.05origin:  0 120  30   -5 6.2 3.1 ..10  2  1
663 14
-1;9  -5.45  6.15  3.05origin:  0 120  30   -5 6.2 3.1 ..10  2  1
663 15
-1;9  -5.35  6.15  3.05origin:  0 120  30   -5 6.2 3.1 ..10  2  1
663 16
-1;9  -5.25  6.15  3.05origin:  0 120  30   -5 6.2 3.1 ..10  2  1
663 17
-1;9  -5.15  6.15  3.05origin:  0 120  30   -5 6.2 3.1 ..10  2  1
663 18
-1;9  -5.05  6.15  3.05origin:  0 120  30   -5 6.2 3.1 ..10  2  1
663 19
-3.99326 -2.99585  1.20458[0;31m collide!!!!! [0m
[33m[WARN] [1790606167.278263396, 8.803000000]: id:1 Infeasible1! DTG refuse to update![0m
-3.99598  3.00358  1.20315[0;31m collide!!!!! [0m
[33m[WARN] [1790606167.283291367, 8.813000000]: id:2 Infeasible1! DTG refuse to update![0m
-1;9  -2.95  6.15  3.05origin: 30 120  30   -2 6.2 3.1 ..10  2  1
666 10
-1;9  -2.85  6.15  3.05origin: 30 120  30   -2 6.2 3.1 ..10  2  1
666 11
-1;9  -2.75  6.15  3.05origin: 30 120  30   -2 6.2 3.1 ..10  2  1
666 12
-1;9  -2.65  6.15  3.05origin: 30 120  30   -2 6.2 3.1 ..10  2  1
666 13
-1;9  -2.55  6.15  3.05origin: 30 120  30   -2 6.2 3.1 ..10  2  1
666 14
-1;9  -2.45  6.15  3.05origin: 30 120  30   -2 6.2 3.1 ..10  2  1
666 15
-1;9  -2.35  6.15  3.05origin: 30 120  30   -2 6.2 3.1 ..10  2  1
666 16
-1;9  -2.25  6.15  3.05origin: 30 120  30   -2 6.2 3.1 ..10  2  1
666 17
-1;9  -2.15  6.15  3.05origin: 30 120  30   -2 6.2 3.1 ..10  2  1
666 18
-1;9  -2.05  6.15  3.05origin: 30 120  30   -2 6.2 3.1 ..10  2  1
666 19
-1;9  -5.95  6.15  3.05origin:  0 120  30   -5 6.2 3.1 ..10  2  1
663 10
-1;9  -5.85  6.15  3.05origin:  0 120  30   -5 6.2 3.1 ..10  2  1
663 11
-1;9  -5.75  6.15  3.05origin:  0 120  30   -5 6.2 3.1 ..10  2  1
663 12
-1;9  -5.65  6.15  3.05origin:  0 120  30   -5 6.2 3.1 ..10  2  1
663 13
-1;9  -5.55  6.15  3.05origin:  0 120  30   -5 6.2 3.1 ..10  2  1
663 14
-1;9  -5.45  6.15  3.05origin:  0 120  30   -5 6.2 3.1 ..10  2  1
663 15
-1;9  -5.35  6.15  3.05origin:  0 120  30   -5 6.2 3.1 ..10  2  1
663 16
-1;9  -5.25  6.15  3.05origin:  0 120  30   -5 6.2 3.1 ..10  2  1
663 17
-1;9  -5.15  6.15  3.05origin:  0 120  30   -5 6.2 3.1 ..10  2  1
663 18
-1;9  -5.05  6.15  3.05origin:  0 120  30   -5 6.2 3.1 ..10  2  1
663 19
-4.00493 -3.00179  1.20454[0;31m collide!!!!! [0m
[33m[WARN] [1790606167.478852391, 9.005000000]: id:1 Infeasible1! DTG refuse to update![0m
-3.99486  2.99914   1.1924[0;31m collide!!!!! [0m
[33m[WARN] [1790606167.484742543, 9.015000000]: id:2 Infeasible1! DTG refuse to update![0m
[0;44m id:2 Partition[0m
[33m[WARN] [1790606167.561656689, 9.092000000]: id:2 LocalGVP![0m
[0;44m id:1 Partition[0m
[33m[WARN] [1790606167.562442623, 9.092000000]: id:1 LocalGVP![0m
-1;9  -2.95  6.15  3.05origin: 30 120  30   -2 6.2 3.1 ..10  2  1
666 10
-1;9  -2.85  6.15  3.05origin: 30 120  30   -2 6.2 3.1 ..10  2  1
666 11
-1;9  -2.75  6.15  3.05origin: 30 120  30   -2 6.2 3.1 ..10  2  1
666 12
-1;9  -2.65  6.15  3.05origin: 30 120  30   -2 6.2 3.1 ..10  2  1
666 13
-1;9  -2.55  6.15  3.05origin: 30 120  30   -2 6.2 3.1 ..10  2  1
666 14
-1;9  -2.45  6.15  3.05origin: 30 120  30   -2 6.2 3.1 ..10  2  1
666 15
-1;9  -2.35  6.15  3.05origin: 30 120  30   -2 6.2 3.1 ..10  2  1
666 16
-1;9  -2.25  6.15  3.05origin: 30 120  30   -2 6.2 3.1 ..10  2  1
666 17
-1;9  -2.15  6.15  3.05origin: 30 120  30   -2 6.2 3.1 ..10  2  1
666 18
-1;9  -2.05  6.15  3.05origin: 30 120  30   -2 6.2 3.1 ..10  2  1
666 19
-1;9  -5.95  6.15  3.05origin:  0 120  30   -5 6.2 3.1 ..10  2  1
663 10
-1;9  -5.85  6.15  3.05origin:  0 120  30   -5 6.2 3.1 ..10  2  1
663 11
-1;9  -5.75  6.15  3.05origin:  0 120  30   -5 6.2 3.1 ..10  2  1
663 12
-1;9  -5.65  6.15  3.05origin:  0 120  30   -5 6.2 3.1 ..10  2  1
663 13
-1;9  -5.55  6.15  3.05origin:  0 120  30   -5 6.2 3.1 ..10  2  1
663 14
-1;9  -5.45  6.15  3.05origin:  0 120  30   -5 6.2 3.1 ..10  2  1
663 15
-1;9  -5.35  6.15  3.05origin:  0 120  30   -5 6.2 3.1 ..10  2  1
663 16
-1;9  -5.25  6.15  3.05origin:  0 120  30   -5 6.2 3.1 ..10  2  1
663 17
-1;9  -5.15  6.15  3.05origin:  0 120  30   -5 6.2 3.1 ..10  2  1
663 18
-1;9  -5.05  6.15  3.05origin:  0 120  30   -5 6.2 3.1 ..10  2  1
663 19
-4.00315 -3.00886  1.20058[0;34m New root [0m
[33m[WARN] [1790606167.680946596, 9.207000000]: id:1 Infeasible1! DTG refuse to update![0m
-4.00242  3.00172  1.19686[0;34m New root [0m
[33m[WARN] [1790606167.683488741, 9.207000000]: id:2 Infeasible1! DTG refuse to update![0m
-1;9  -5.95  6.15  3.05origin:  0 120  30   -5 6.2 3.1 ..10  2  1
663 10
-1;9  -5.85  6.15  3.05origin:  0 120  30   -5 6.2 3.1 ..10  2  1
663 11
-1;9  -5.75  6.15  3.05origin:  0 120  30   -5 6.2 3.1 ..10  2  1
663 12
-1;9  -5.65  6.15  3.05origin:  0 120  30   -5 6.2 3.1 ..10  2  1
663 13
-1;9  -5.55  6.15  3.05origin:  0 120  30   -5 6.2 3.1 ..10  2  1
663 14
-1;9  -5.45  6.15  3.05origin:  0 120  30   -5 6.2 3.1 ..10  2  1
663 15
-1;9  -5.35  6.15  3.05origin:  0 120  30   -5 6.2 3.1 ..10  2  1
663 16
-1;9  -5.25  6.15  3.05origin:  0 120  30   -5 6.2 3.1 ..10  2  1
663 17
-1;9  -5.15  6.15  3.05origin:  0 120  30   -5 6.2 3.1 ..10  2  1
663 18
-1;9  -5.05  6.15  3.05origin:  0 120  30   -5 6.2 3.1 ..10  2  1
663 19
-4.00782 -2.99048  1.20002[0;31m collide!!!!! [0m
[33m[WARN] [1790606167.880916823, 9.399000000]: id:1 Infeasible1! DTG refuse to update![0m
-4.00887  3.00035  1.19722[0;31m collide!!!!! [0m
[33m[WARN] [1790606167.885397312, 9.409000000]: id:2 Infeasible1! DTG refuse to update![0m
-1;9  -5.95  6.15  3.05origin:  0 120  30   -5 6.2 3.1 ..10  2  1
663 10
-1;9  -5.85  6.15  3.05origin:  0 120  30   -5 6.2 3.1 ..10  2  1
663 11
-1;9  -5.75  6.15  3.05origin:  0 120  30   -5 6.2 3.1 ..10  2  1
663 12
-1;9  -5.65  6.15  3.05origin:  0 120  30   -5 6.2 3.1 ..10  2  1
663 13
-1;9  -5.55  6.15  3.05origin:  0 120  30   -5 6.2 3.1 ..10  2  1
663 14
-1;9  -5.45  6.15  3.05origin:  0 120  30   -5 6.2 3.1 ..10  2  1
663 15
-1;9  -5.35  6.15  3.05origin:  0 120  30   -5 6.2 3.1 ..10  2  1
663 16
-1;9  -5.25  6.15  3.05origin:  0 120  30   -5 6.2 3.1 ..10  2  1
663 17
-1;9  -5.15  6.15  3.05origin:  0 120  30   -5 6.2 3.1 ..10  2  1
663 18
-1;9  -5.05  6.15  3.05origin:  0 120  30   -5 6.2 3.1 ..10  2  1
663 19
-4.00237 -3.00086  1.20043[0;31m collide!!!!! [0m
[33m[WARN] [1790606168.081565722, 9.601000000]: id:1 Infeasible1! DTG refuse to update![0m
-3.99842  3.00127  1.20551[0;31m collide!!!!! [0m
[33m[WARN] [1790606168.085804132, 9.611000000]: id:2 Infeasible1! DTG refuse to update![0m
-1;9  -5.95  6.15  3.05origin:  0 120  30   -5 6.2 3.1 ..10  2  1
663 10
-1;9  -5.85  6.15  3.05origin:  0 120  30   -5 6.2 3.1 ..10  2  1
663 11
-1;9  -5.75  6.15  3.05origin:  0 120  30   -5 6.2 3.1 ..10  2  1
663 12
-1;9  -5.65  6.15  3.05origin:  0 120  30   -5 6.2 3.1 ..10  2  1
663 13
-1;9  -5.55  6.15  3.05origin:  0 120  30   -5 6.2 3.1 ..10  2  1
663 14
-1;9  -5.45  6.15  3.05origin:  0 120  30   -5 6.2 3.1 ..10  2  1
663 15
-1;9  -5.35  6.15  3.05origin:  0 120  30   -5 6.2 3.1 ..10  2  1
663 16
-1;9  -5.25  6.15  3.05origin:  0 120  30   -5 6.2 3.1 ..10  2  1
663 17
-1;9  -5.15  6.15  3.05origin:  0 120  30   -5 6.2 3.1 ..10  2  1
663 18
-1;9  -5.05  6.15  3.05origin:  0 120  30   -5 6.2 3.1 ..10  2  1
663 19
-4.00454 -3.00412  1.19877[0;31m collide!!!!! [0m
[33m[WARN] [1790606168.281622326, 9.803000000]: id:1 Infeasible1! DTG refuse to update![0m
-4.00182  3.00784  1.20726[0;31m collide!!!!! [0m
[33m[WARN] [1790606168.285180896, 9.813000000]: id:2 Infeasible1! DTG refuse to update![0m
-1;9  -5.95  6.15  3.05origin:  0 120  30   -5 6.2 3.1 ..10  2  1
663 10
-1;9  -5.85  6.15  3.05origin:  0 120  30   -5 6.2 3.1 ..10  2  1
663 11
-1;9  -5.75  6.15  3.05origin:  0 120  30   -5 6.2 3.1 ..10  2  1
663 12
-1;9  -5.65  6.15  3.05origin:  0 120  30   -5 6.2 3.1 ..10  2  1
663 13
-1;9  -5.55  6.15  3.05origin:  0 120  30   -5 6.2 3.1 ..10  2  1
663 14
-1;9  -5.45  6.15  3.05origin:  0 120  30   -5 6.2 3.1 ..10  2  1
663 15
-1;9  -5.35  6.15  3.05origin:  0 120  30   -5 6.2 3.1 ..10  2  1
663 16
-1;9  -5.25  6.15  3.05origin:  0 120  30   -5 6.2 3.1 ..10  2  1
663 17
-1;9  -5.15  6.15  3.05origin:  0 120  30   -5 6.2 3.1 ..10  2  1
663 18
-1;9  -5.05  6.15  3.05origin:  0 120  30   -5 6.2 3.1 ..10  2  1
663 19
-4.00388 -2.99345  1.19567[0;34m New root [0m
[33m[WARN] [1790606168.480434974, 10.005000000]: id:1 Infeasible1! DTG refuse to update![0m
-4.00778  2.99711  1.20066[0;34m New root [0m
[33m[WARN] [1790606168.485124943, 10.015000000]: id:2 Infeasible1! DTG refuse to update![0m
-1;9  -5.95  6.15  3.05origin:  0 120  30   -5 6.2 3.1 ..10  2  1
663 10
-1;9  -5.85  6.15  3.05origin:  0 120  30   -5 6.2 3.1 ..10  2  1
663 11
-1;9  -5.75  6.15  3.05origin:  0 120  30   -5 6.2 3.1 ..10  2  1
663 12
-1;9  -5.65  6.15  3.05origin:  0 120  30   -5 6.2 3.1 ..10  2  1
663 13
-1;9  -5.55  6.15  3.05origin:  0 120  30   -5 6.2 3.1 ..10  2  1
663 14
-1;9  -5.45  6.15  3.05origin:  0 120  30   -5 6.2 3.1 ..10  2  1
663 15
-1;9  -5.35  6.15  3.05origin:  0 120  30   -5 6.2 3.1 ..10  2  1
663 16
-1;9  -5.25  6.15  3.05origin:  0 120  30   -5 6.2 3.1 ..10  2  1
663 17
-1;9  -5.15  6.15  3.05origin:  0 120  30   -5 6.2 3.1 ..10  2  1
663 18
-1;9  -5.05  6.15  3.05origin:  0 120  30   -5 6.2 3.1 ..10  2  1
663 19
 -4.0013 -2.99398  1.19996[0;31m collide!!!!! [0m
[33m[WARN] [1790606168.680025428, 10.207000000]: id:1 Infeasible1! DTG refuse to update![0m
-3.99913  2.99714  1.19879[0;31m collide!!!!! [0m
[33m[WARN] [1790606168.684111386, 10.207000000]: id:2 Infeasible1! DTG refuse to update![0m
-1;9  -5.95  6.15  3.05origin:  0 120  30   -5 6.2 3.1 ..10  2  1
663 10
-1;9  -5.85  6.15  3.05origin:  0 120  30   -5 6.2 3.1 ..10  2  1
663 11
-1;9  -5.75  6.15  3.05origin:  0 120  30   -5 6.2 3.1 ..10  2  1
663 12
-1;9  -5.65  6.15  3.05origin:  0 120  30   -5 6.2 3.1 ..10  2  1
663 13
-1;9  -5.55  6.15  3.05origin:  0 120  30   -5 6.2 3.1 ..10  2  1
663 14
-1;9  -5.45  6.15  3.05origin:  0 120  30   -5 6.2 3.1 ..10  2  1
663 15
-1;9  -5.35  6.15  3.05origin:  0 120  30   -5 6.2 3.1 ..10  2  1
663 16
-1;9  -5.25  6.15  3.05origin:  0 120  30   -5 6.2 3.1 ..10  2  1
663 17
-1;9  -5.15  6.15  3.05origin:  0 120  30   -5 6.2 3.1 ..10  2  1
663 18
-1;9  -5.05  6.15  3.05origin:  0 120  30   -5 6.2 3.1 ..10  2  1
663 19
-3.9968 -2.9922 1.20019[0;31m collide!!!!! [0m
[33m[WARN] [1790606168.880023877, 10.399000000]: id:1 Infeasible1! DTG refuse to update![0m
-3.9995 3.00109   1.204[0;31m collide!!!!! [0m
[33m[WARN] [1790606168.885753282, 10.409000000]: id:2 Infeasible1! DTG refuse to update![0m
-1;9  -5.95  6.15  3.05origin:  0 120  30   -5 6.2 3.1 ..10  2  1
663 10
-1;9  -5.85  6.15  3.05origin:  0 120  30   -5 6.2 3.1 ..10  2  1
663 11
-1;9  -5.75  6.15  3.05origin:  0 120  30   -5 6.2 3.1 ..10  2  1
663 12
-1;9  -5.65  6.15  3.05origin:  0 120  30   -5 6.2 3.1 ..10  2  1
663 13
-1;9  -5.55  6.15  3.05origin:  0 120  30   -5 6.2 3.1 ..10  2  1
663 14
-1;9  -5.45  6.15  3.05origin:  0 120  30   -5 6.2 3.1 ..10  2  1
663 15
-1;9  -5.35  6.15  3.05origin:  0 120  30   -5 6.2 3.1 ..10  2  1
663 16
-1;9  -5.25  6.15  3.05origin:  0 120  30   -5 6.2 3.1 ..10  2  1
663 17
-1;9  -5.15  6.15  3.05origin:  0 120  30   -5 6.2 3.1 ..10  2  1
663 18
-1;9  -5.05  6.15  3.05origin:  0 120  30   -5 6.2 3.1 ..10  2  1
663 19
-3.99469  -2.9985  1.19694[0;31m collide!!!!! [0m
[33m[WARN] [1790606169.080672068, 10.601000000]: id:1 Infeasible1! DTG refuse to update![0m
-3.99904  2.99732  1.20511[0;31m collide!!!!! [0m
[33m[WARN] [1790606169.085113412, 10.611000000]: id:2 Infeasible1! DTG refuse to update![0m
-4.00148 -3.00094  1.20143[0;34m New root [0m
[33m[WARN] [1790606169.281477796, 10.803000000]: id:1 Infeasible1! DTG refuse to update![0m
-4.00398  2.99268  1.19673[0;34m New root [0m
[33m[WARN] [1790606169.286424893, 10.813000000]: id:2 Infeasible1! DTG refuse to update![0m
-3.99328 -3.00405  1.20394[0;31m collide!!!!! [0m
[33m[WARN] [1790606169.480480664, 11.005000000]: id:1 Infeasible1! DTG refuse to update![0m
-4.00337  2.99596  1.20154[0;31m collide!!!!! [0m
[33m[WARN] [1790606169.484332005, 11.005000000]: id:2 Infeasible1! DTG refuse to update![0m
-3.99281 -2.99285  1.20152[0;31m collide!!!!! [0m
[33m[WARN] [1790606169.680892779, 11.207000000]: id:1 Infeasible1! DTG refuse to update![0m
-3.99708  3.00051  1.20298[0;31m collide!!!!! [0m
[33m[WARN] [1790606169.685316698, 11.207000000]: id:2 Infeasible1! DTG refuse to update![0m
-3.99045 -3.00205  1.19673[0;31m collide!!!!! [0m
[33m[WARN] [1790606169.879541845, 11.399000000]: id:1 Infeasible1! DTG refuse to update![0m
-3.99503  2.99751  1.20169[0;31m collide!!!!! [0m
[33m[WARN] [1790606169.885300682, 11.409000000]: id:2 Infeasible1! DTG refuse to update![0m
-3.99069 -3.00373   1.2046[0;34m New root [0m
[33m[WARN] [1790606170.080092862, 11.601000000]: id:1 Infeasible1! DTG refuse to update![0m
-3.98471  2.99265  1.19276[0;34m New root [0m
[33m[WARN] [1790606170.085143845, 11.611000000]: id:2 Infeasible1! DTG refuse to update![0m
-3.99298 -3.00295  1.20185[0;31m collide!!!!! [0m
[33m[WARN] [1790606170.281076221, 11.803000000]: id:1 Infeasible1! DTG refuse to update![0m
-3.98916  2.99568  1.20127[0;31m collide!!!!! [0m
[33m[WARN] [1790606170.285474127, 11.813000000]: id:2 Infeasible1! DTG refuse to update![0m
-3.99427 -3.00518  1.20302[0;31m collide!!!!! [0m
[33m[WARN] [1790606170.480712239, 12.005000000]: id:1 Infeasible1! DTG refuse to update![0m
-4.00209  2.99912  1.19173[0;31m collide!!!!! [0m
[33m[WARN] [1790606170.485627237, 12.015000000]: id:2 Infeasible1! DTG refuse to update![0m
[0;44m id:1 Partition[0m
[0;44m id:2 Partition[0m
[33m[WARN] [1790606170.601603863, 12.130000000]: id:1 LocalGVP![0m
[33m[WARN] [1790606170.601722089, 12.130000000]: id:2 LocalGVP![0m
-3.99856 -3.00198   1.2014[0;31m collide!!!!! [0m
[33m[WARN] [1790606170.680217025, 12.207000000]: id:1 Infeasible1! DTG refuse to update![0m
-3.99789  3.00652   1.1993[0;31m collide!!!!! [0m
[33m[WARN] [1790606170.685216982, 12.207000000]: id:2 Infeasible1! DTG refuse to update![0m
-3.99491 -2.99746   1.2004[0;34m New root [0m
[33m[WARN] [1790606170.881306936, 12.409000000]: id:1 Infeasible1! DTG refuse to update![0m
-3.99794  3.00406  1.20438[0;34m New root [0m
[33m[WARN] [1790606170.886189376, 12.409000000]: id:2 Infeasible1! DTG refuse to update![0m
-3.99741 -3.00265   1.1918[0;31m collide!!!!! [0m
[33m[WARN] [1790606171.082154810, 12.601000000]: id:1 Infeasible1! DTG refuse to update![0m
-4.00065  3.00226  1.20415[0;31m collide!!!!! [0m
[33m[WARN] [1790606171.086571351, 12.611000000]: id:2 Infeasible1! DTG refuse to update![0m
 -3.9951 -3.00366  1.20541[0;31m collide!!!!! [0m
[33m[WARN] [1790606171.282281574, 12.803000000]: id:1 Infeasible1! DTG refuse to update![0m
-4.00543  3.00977   1.2021[0;31m collide!!!!! [0m
[33m[WARN] [1790606171.287296205, 12.813000000]: id:2 Infeasible1! DTG refuse to update![0m
 -3.9904 -2.99418  1.20566[0;31m collide!!!!! [0m
[33m[WARN] [1790606171.482215241, 13.005000000]: id:1 Infeasible1! DTG refuse to update![0m
-4.00419  3.00915   1.2044[0;31m collide!!!!! [0m
[33m[WARN] [1790606171.485757844, 13.005000000]: id:2 Infeasible1! DTG refuse to update![0m
 -3.9963 -2.99757  1.19776[0;34m New root [0m
[33m[WARN] [1790606171.680828956, 13.207000000]: id:1 Infeasible1! DTG refuse to update![0m
-4.00855    3.007  1.20238[0;34m New root [0m
[33m[WARN] [1790606171.686045021, 13.207000000]: id:2 Infeasible1! DTG refuse to update![0m
-3.99773 -3.00573  1.19662[0;31m collide!!!!! [0m
[33m[WARN] [1790606171.881464974, 13.399000000]: id:1 Infeasible1! DTG refuse to update![0m
-4.00659  3.00492  1.19782[0;31m collide!!!!! [0m
[33m[WARN] [1790606171.885784341, 13.409000000]: id:2 Infeasible1! DTG refuse to update![0m
-4.00081 -3.00334  1.20103[0;31m collide!!!!! [0m
[33m[WARN] [1790606172.082089778, 13.601000000]: id:1 Infeasible1! DTG refuse to update![0m
-4.00309  3.00908  1.19703[0;31m collide!!!!! [0m
[33m[WARN] [1790606172.086230681, 13.611000000]: id:2 Infeasible1! DTG refuse to update![0m
-4.00355 -3.00269  1.19831[0;31m collide!!!!! [0m
[33m[WARN] [1790606172.282814382, 13.803000000]: id:1 Infeasible1! DTG refuse to update![0m
-4.00326  3.00133  1.19483[0;31m collide!!!!! [0m
[33m[WARN] [1790606172.287258686, 13.813000000]: id:2 Infeasible1! DTG refuse to update![0m
-3.99714 -2.99673  1.20181[0;34m New root [0m
[33m[WARN] [1790606172.482114149, 14.005000000]: id:1 Infeasible1! DTG refuse to update![0m
-4.00499  2.99843  1.19633[0;34m New root [0m
[33m[WARN] [1790606172.486282899, 14.015000000]: id:2 Infeasible1! DTG refuse to update![0m
-4.00222 -2.99995  1.20265[0;31m collide!!!!! [0m
[33m[WARN] [1790606172.683973612, 14.207000000]: id:1 Infeasible1! DTG refuse to update![0m
-4.00429  2.99241  1.19902[0;31m collide!!!!! [0m
[33m[WARN] [1790606172.689681131, 14.217000000]: id:2 Infeasible1! DTG refuse to update![0m
-3.99841 -2.99136  1.19636[0;31m collide!!!!! [0m
[33m[WARN] [1790606172.882028298, 14.399000000]: id:1 Infeasible1! DTG refuse to update![0m
-4.00529  2.99296  1.19856[0;31m collide!!!!! [0m
[33m[WARN] [1790606172.885847373, 14.409000000]: id:2 Infeasible1! DTG refuse to update![0m
-3.99819 -3.00267  1.19745[0;31m collide!!!!! [0m
[33m[WARN] [1790606173.081909189, 14.601000000]: id:1 Infeasible1! DTG refuse to update![0m
-4.0044 2.99681 1.19765[0;31m collide!!!!! [0m
[33m[WARN] [1790606173.086247315, 14.611000000]: id:2 Infeasible1! DTG refuse to update![0m
-3.99404 -3.00975  1.20466[0;34m New root [0m
[33m[WARN] [1790606173.281618243, 14.803000000]: id:1 Infeasible1! DTG refuse to update![0m
-4.00592  3.00585  1.20379[0;34m New root [0m
[33m[WARN] [1790606173.286272944, 14.813000000]: id:2 Infeasible1! DTG refuse to update![0m
-3.99833 -3.00083  1.19388[0;31m collide!!!!! [0m
[33m[WARN] [1790606173.482572754, 15.005000000]: id:1 Infeasible1! DTG refuse to update![0m
-4.00035   2.9971  1.20844[0;31m collide!!!!! [0m
[33m[WARN] [1790606173.485859355, 15.005000000]: id:2 Infeasible1! DTG refuse to update![0m
[0;44m id:1 Partition[0m
[33m[WARN] [1790606173.630841184, 15.159000000]: id:1 LocalGVP![0m
[0;44m id:2 Partition[0m
[33m[WARN] [1790606173.631500222, 15.159000000]: id:2 LocalGVP![0m
-3.99508 -3.00289  1.19597[0;31m collide!!!!! [0m
[33m[WARN] [1790606173.682432425, 15.207000000]: id:1 Infeasible1! DTG refuse to update![0m
-3.99655   3.0027   1.1978[0;31m collide!!!!! [0m
[33m[WARN] [1790606173.685822578, 15.207000000]: id:2 Infeasible1! DTG refuse to update![0m
-3.99762 -2.99687  1.20197[0;31m collide!!!!! [0m
[33m[WARN] [1790606173.881585369, 15.409000000]: id:1 Infeasible1! DTG refuse to update![0m
-3.99426  3.00175  1.20103[0;31m collide!!!!! [0m
[33m[WARN] [1790606173.887309271, 15.409000000]: id:2 Infeasible1! DTG refuse to update![0m
-3.99498 -2.99399  1.19776[0;34m New root [0m
[33m[WARN] [1790606174.082673071, 15.601000000]: id:1 Infeasible1! DTG refuse to update![0m
-3.99997    3.005   1.2002[0;34m New root [0m
[33m[WARN] [1790606174.087596156, 15.611000000]: id:2 Infeasible1! DTG refuse to update![0m
-1;9  -1.95  6.15  3.05origin: 40 120  30   -1 6.2 3.1 ..10  2  1
667 10
-1;9  -1.85  6.15  3.05origin: 40 120  30   -1 6.2 3.1 ..10  2  1
667 11
-1;9  -1.75  6.15  3.05origin: 40 120  30   -1 6.2 3.1 ..10  2  1
667 12
-1;9  -1.65  6.15  3.05origin: 40 120  30   -1 6.2 3.1 ..10  2  1
667 13
-1;9  -1.55  6.15  3.05origin: 40 120  30   -1 6.2 3.1 ..10  2  1
667 14
-1;9  -1.45  6.15  3.05origin: 40 120  30   -1 6.2 3.1 ..10  2  1
667 15
-1;9  -1.35  6.15  3.05origin: 40 120  30   -1 6.2 3.1 ..10  2  1
667 16
-1;9  -1.25  6.15  3.05origin: 40 120  30   -1 6.2 3.1 ..10  2  1
667 17
-1;9  -1.15  6.15  3.05origin: 40 120  30   -1 6.2 3.1 ..10  2  1
667 18
-1;9  -1.05  6.15  3.05origin: 40 120  30   -1 6.2 3.1 ..10  2  1
667 19
-4.00224 -2.99835  1.20115[0;31m collide!!!!! [0m
[33m[WARN] [1790606174.282007730, 15.803000000]: id:1 Infeasible1! DTG refuse to update![0m
-3.99884  2.99972  1.20595[0;31m collide!!!!! [0m
[33m[WARN] [1790606174.286331766, 15.813000000]: id:2 Infeasible1! DTG refuse to update![0m
-1;9  -1.95  6.15  3.05origin: 40 120  30   -1 6.2 3.1 ..10  2  1
667 10
-1;9  -1.85  6.15  3.05origin: 40 120  30   -1 6.2 3.1 ..10  2  1
667 11
-1;9  -1.75  6.15  3.05origin: 40 120  30   -1 6.2 3.1 ..10  2  1
667 12
-1;9  -1.65  6.15  3.05origin: 40 120  30   -1 6.2 3.1 ..10  2  1
667 13
-1;9  -1.55  6.15  3.05origin: 40 120  30   -1 6.2 3.1 ..10  2  1
667 14
-1;9  -1.45  6.15  3.05origin: 40 120  30   -1 6.2 3.1 ..10  2  1
667 15
-1;9  -1.35  6.15  3.05origin: 40 120  30   -1 6.2 3.1 ..10  2  1
667 16
-1;9  -1.25  6.15  3.05origin: 40 120  30   -1 6.2 3.1 ..10  2  1
667 17
-1;9  -1.15  6.15  3.05origin: 40 120  30   -1 6.2 3.1 ..10  2  1
667 18
-1;9  -1.05  6.15  3.05origin: 40 120  30   -1 6.2 3.1 ..10  2  1
667 19
-3.99831 -2.99309  1.20283[0;31m collide!!!!! [0m
[33m[WARN] [1790606174.481643040, 16.004000000]: id:1 Infeasible1! DTG refuse to update![0m
-4.00109  2.99735  1.20309[0;31m collide!!!!! [0m
[33m[WARN] [1790606174.486976038, 16.013000000]: id:2 Infeasible1! DTG refuse to update![0m
-1;9  -1.95  6.15  3.05origin: 40 120  30   -1 6.2 3.1 ..10  2  1
667 10
-1;9  -1.85  6.15  3.05origin: 40 120  30   -1 6.2 3.1 ..10  2  1
667 11
-1;9  -1.75  6.15  3.05origin: 40 120  30   -1 6.2 3.1 ..10  2  1
667 12
-1;9  -1.65  6.15  3.05origin: 40 120  30   -1 6.2 3.1 ..10  2  1
667 13
-1;9  -1.55  6.15  3.05origin: 40 120  30   -1 6.2 3.1 ..10  2  1
667 14
-1;9  -1.45  6.15  3.05origin: 40 120  30   -1 6.2 3.1 ..10  2  1
667 15
-1;9  -1.35  6.15  3.05origin: 40 120  30   -1 6.2 3.1 ..10  2  1
667 16
-1;9  -1.25  6.15  3.05origin: 40 120  30   -1 6.2 3.1 ..10  2  1
667 17
-1;9  -1.15  6.15  3.05origin: 40 120  30   -1 6.2 3.1 ..10  2  1
667 18
-1;9  -1.05  6.15  3.05origin: 40 120  30   -1 6.2 3.1 ..10  2  1
667 19
-4.00442 -2.99227   1.2078[0;31m collide!!!!! [0m
[33m[WARN] [1790606174.681526682, 16.205999999]: id:1 Infeasible1! DTG refuse to update![0m
-3.99537   2.9974  1.19576[0;31m collide!!!!! [0m
[33m[WARN] [1790606174.685296858, 16.205999999]: id:2 Infeasible1! DTG refuse to update![0m
-1;9  -1.95  6.15  3.05origin: 40 120  30   -1 6.2 3.1 ..10  2  1
667 10
-1;9  -1.85  6.15  3.05origin: 40 120  30   -1 6.2 3.1 ..10  2  1
667 11
-1;9  -1.75  6.15  3.05origin: 40 120  30   -1 6.2 3.1 ..10  2  1
667 12
-1;9  -1.65  6.15  3.05origin: 40 120  30   -1 6.2 3.1 ..10  2  1
667 13
-1;9  -1.55  6.15  3.05origin: 40 120  30   -1 6.2 3.1 ..10  2  1
667 14
-1;9  -1.45  6.15  3.05origin: 40 120  30   -1 6.2 3.1 ..10  2  1
667 15
-1;9  -1.35  6.15  3.05origin: 40 120  30   -1 6.2 3.1 ..10  2  1
667 16
-1;9  -1.25  6.15  3.05origin: 40 120  30   -1 6.2 3.1 ..10  2  1
667 17
-1;9  -1.15  6.15  3.05origin: 40 120  30   -1 6.2 3.1 ..10  2  1
667 18
-1;9  -1.05  6.15  3.05origin: 40 120  30   -1 6.2 3.1 ..10  2  1
667 19
-4.00048 -2.99855  1.19951[0;34m New root [0m
[33m[WARN] [1790606174.882635769, 16.407000000]: id:1 Infeasible1! DTG refuse to update![0m
-3.99363  2.99626  1.19399[0;34m New root [0m
[33m[WARN] [1790606174.884595749, 16.407000000]: id:2 Infeasible1! DTG refuse to update![0m
-1;9  -1.95  6.15  3.05origin: 40 120  30   -1 6.2 3.1 ..10  2  1
667 10
-1;9  -1.85  6.15  3.05origin: 40 120  30   -1 6.2 3.1 ..10  2  1
667 11
-1;9  -1.75  6.15  3.05origin: 40 120  30   -1 6.2 3.1 ..10  2  1
667 12
-1;9  -1.65  6.15  3.05origin: 40 120  30   -1 6.2 3.1 ..10  2  1
667 13
-1;9  -1.55  6.15  3.05origin: 40 120  30   -1 6.2 3.1 ..10  2  1
667 14
-1;9  -1.45  6.15  3.05origin: 40 120  30   -1 6.2 3.1 ..10  2  1
667 15
-1;9  -1.35  6.15  3.05origin: 40 120  30   -1 6.2 3.1 ..10  2  1
667 16
-1;9  -1.25  6.15  3.05origin: 40 120  30   -1 6.2 3.1 ..10  2  1
667 17
-1;9  -1.15  6.15  3.05origin: 40 120  30   -1 6.2 3.1 ..10  2  1
667 18
-1;9  -1.05  6.15  3.05origin: 40 120  30   -1 6.2 3.1 ..10  2  1
667 19
-3.99814  -2.9969  1.20501[0;31m collide!!!!! [0m
[33m[WARN] [1790606175.081465593, 16.608000000]: id:1 Infeasible1! DTG refuse to update![0m
-3.99434  2.99163  1.19584[0;31m collide!!!!! [0m
[33m[WARN] [1790606175.085337445, 16.608000000]: id:2 Infeasible1! DTG refuse to update![0m
-1;9  -1.95  6.15  3.05origin: 40 120  30   -1 6.2 3.1 ..10  2  1
667 10
-1;9  -1.85  6.15  3.05origin: 40 120  30   -1 6.2 3.1 ..10  2  1
667 11
-1;9  -1.75  6.15  3.05origin: 40 120  30   -1 6.2 3.1 ..10  2  1
667 12
-1;9  -1.65  6.15  3.05origin: 40 120  30   -1 6.2 3.1 ..10  2  1
667 13
-1;9  -1.55  6.15  3.05origin: 40 120  30   -1 6.2 3.1 ..10  2  1
667 14
-1;9  -1.45  6.15  3.05origin: 40 120  30   -1 6.2 3.1 ..10  2  1
667 15
-1;9  -1.35  6.15  3.05origin: 40 120  30   -1 6.2 3.1 ..10  2  1
667 16
-1;9  -1.25  6.15  3.05origin: 40 120  30   -1 6.2 3.1 ..10  2  1
667 17
-1;9  -1.15  6.15  3.05origin: 40 120  30   -1 6.2 3.1 ..10  2  1
667 18
-1;9  -1.05  6.15  3.05origin: 40 120  30   -1 6.2 3.1 ..10  2  1
667 19
-4.00096 -2.99724  1.19914[0;31m collide!!!!! [0m
[33m[WARN] [1790606175.285175689, 16.809000000]: id:1 Infeasible1! DTG refuse to update![0m
-3.99251  2.98143  1.20928[0;31m collide!!!!! [0m
[33m[WARN] [1790606175.290901342, 16.818000000]: id:2 Infeasible1! DTG refuse to update![0m
-1;9  -1.95  6.15  3.05origin: 40 120  30   -1 6.2 3.1 ..10  2  1
667 10
-1;9  -1.85  6.15  3.05origin: 40 120  30   -1 6.2 3.1 ..10  2  1
667 11
-1;9  -1.75  6.15  3.05origin: 40 120  30   -1 6.2 3.1 ..10  2  1
667 12
-1;9  -1.65  6.15  3.05origin: 40 120  30   -1 6.2 3.1 ..10  2  1
667 13
-1;9  -1.55  6.15  3.05origin: 40 120  30   -1 6.2 3.1 ..10  2  1
667 14
-1;9  -1.45  6.15  3.05origin: 40 120  30   -1 6.2 3.1 ..10  2  1
667 15
-1;9  -1.35  6.15  3.05origin: 40 120  30   -1 6.2 3.1 ..10  2  1
667 16
-1;9  -1.25  6.15  3.05origin: 40 120  30   -1 6.2 3.1 ..10  2  1
667 17
-1;9  -1.15  6.15  3.05origin: 40 120  30   -1 6.2 3.1 ..10  2  1
667 18
-1;9  -1.05  6.15  3.05origin: 40 120  30   -1 6.2 3.1 ..10  2  1
667 19
-4.00404 -2.99924  1.19213[0;31m collide!!!!! [0m
[33m[WARN] [1790606175.482052954, 17.001000000]: id:1 Infeasible1! DTG refuse to update![0m
-3.99687  2.99437  1.20308[0;31m collide!!!!! [0m
[33m[WARN] [1790606175.487140329, 17.010000000]: id:2 Infeasible1! DTG refuse to update![0m
-1;9  -1.95  6.15  3.05origin: 40 120  30   -1 6.2 3.1 ..10  2  1
667 10
-1;9  -1.85  6.15  3.05origin: 40 120  30   -1 6.2 3.1 ..10  2  1
667 11
-1;9  -1.75  6.15  3.05origin: 40 120  30   -1 6.2 3.1 ..10  2  1
667 12
-1;9  -1.65  6.15  3.05origin: 40 120  30   -1 6.2 3.1 ..10  2  1
667 13
-1;9  -1.55  6.15  3.05origin: 40 120  30   -1 6.2 3.1 ..10  2  1
667 14
-1;9  -1.45  6.15  3.05origin: 40 120  30   -1 6.2 3.1 ..10  2  1
667 15
-1;9  -1.35  6.15  3.05origin: 40 120  30   -1 6.2 3.1 ..10  2  1
667 16
-1;9  -1.25  6.15  3.05origin: 40 120  30   -1 6.2 3.1 ..10  2  1
667 17
-1;9  -1.15  6.15  3.05origin: 40 120  30   -1 6.2 3.1 ..10  2  1
667 18
-1;9  -1.05  6.15  3.05origin: 40 120  30   -1 6.2 3.1 ..10  2  1
667 19
-4.00085 -3.00379  1.19235[0;34m New root [0m
[33m[WARN] [1790606175.680482994, 17.202000000]: id:1 Infeasible1! DTG refuse to update![0m
-3.99703  2.99236  1.19636[0;34m New root [0m
[33m[WARN] [1790606175.685620853, 17.211999999]: id:2 Infeasible1! DTG refuse to update![0m
-1;9  -1.95  6.15  3.05origin: 40 120  30   -1 6.2 3.1 ..10  2  1
667 10
-1;9  -1.85  6.15  3.05origin: 40 120  30   -1 6.2 3.1 ..10  2  1
667 11
-1;9  -1.75  6.15  3.05origin: 40 120  30   -1 6.2 3.1 ..10  2  1
667 12
-1;9  -1.65  6.15  3.05origin: 40 120  30   -1 6.2 3.1 ..10  2  1
667 13
-1;9  -1.55  6.15  3.05origin: 40 120  30   -1 6.2 3.1 ..10  2  1
667 14
-1;9  -1.45  6.15  3.05origin: 40 120  30   -1 6.2 3.1 ..10  2  1
667 15
-1;9  -1.35  6.15  3.05origin: 40 120  30   -1 6.2 3.1 ..10  2  1
667 16
-1;9  -1.25  6.15  3.05origin: 40 120  30   -1 6.2 3.1 ..10  2  1
667 17
-1;9  -1.15  6.15  3.05origin: 40 120  30   -1 6.2 3.1 ..10  2  1
667 18
-1;9  -1.05  6.15  3.05origin: 40 120  30   -1 6.2 3.1 ..10  2  1
667 19
-3.99772 -2.99985  1.20064[0;31m collide!!!!! [0m
[33m[WARN] [1790606175.881192174, 17.403999999]: id:1 Infeasible1! DTG refuse to update![0m
-3.9979 2.99436 1.20145[0;31m collide!!!!! [0m
[33m[WARN] [1790606175.887271545, 17.413000000]: id:2 Infeasible1! DTG refuse to update![0m
-1;9  -1.95  6.15  3.05origin: 40 120  30   -1 6.2 3.1 ..10  2  1
667 10
-1;9  -1.85  6.15  3.05origin: 40 120  30   -1 6.2 3.1 ..10  2  1
667 11
-1;9  -1.75  6.15  3.05origin: 40 120  30   -1 6.2 3.1 ..10  2  1
667 12
-1;9  -1.65  6.15  3.05origin: 40 120  30   -1 6.2 3.1 ..10  2  1
667 13
-1;9  -1.55  6.15  3.05origin: 40 120  30   -1 6.2 3.1 ..10  2  1
667 14
-1;9  -1.45  6.15  3.05origin: 40 120  30   -1 6.2 3.1 ..10  2  1
667 15
-1;9  -1.35  6.15  3.05origin: 40 120  30   -1 6.2 3.1 ..10  2  1
667 16
-1;9  -1.25  6.15  3.05origin: 40 120  30   -1 6.2 3.1 ..10  2  1
667 17
-1;9  -1.15  6.15  3.05origin: 40 120  30   -1 6.2 3.1 ..10  2  1
667 18
-1;9  -1.05  6.15  3.05origin: 40 120  30   -1 6.2 3.1 ..10  2  1
667 19
-4.00051 -2.99857  1.19842[0;31m collide!!!!! [0m
[33m[WARN] [1790606176.081886387, 17.605000000]: id:1 Infeasible1! DTG refuse to update![0m
-3.99747  2.99768  1.20459[0;31m collide!!!!! [0m
[33m[WARN] [1790606176.086872337, 17.614000000]: id:2 Infeasible1! DTG refuse to update![0m
-1;9  -1.95  6.15  3.05origin: 40 120  30   -1 6.2 3.1 ..10  2  1
667 10
-1;9  -1.85  6.15  3.05origin: 40 120  30   -1 6.2 3.1 ..10  2  1
667 11
-1;9  -1.75  6.15  3.05origin: 40 120  30   -1 6.2 3.1 ..10  2  1
667 12
-1;9  -1.65  6.15  3.05origin: 40 120  30   -1 6.2 3.1 ..10  2  1
667 13
-1;9  -1.55  6.15  3.05origin: 40 120  30   -1 6.2 3.1 ..10  2  1
667 14
-1;9  -1.45  6.15  3.05origin: 40 120  30   -1 6.2 3.1 ..10  2  1
667 15
-1;9  -1.35  6.15  3.05origin: 40 120  30   -1 6.2 3.1 ..10  2  1
667 16
-1;9  -1.25  6.15  3.05origin: 40 120  30   -1 6.2 3.1 ..10  2  1
667 17
-1;9  -1.15  6.15  3.05origin: 40 120  30   -1 6.2 3.1 ..10  2  1
667 18
-1;9  -1.05  6.15  3.05origin: 40 120  30   -1 6.2 3.1 ..10  2  1
667 19
-3.99633 -3.00171  1.19809[0;31m collide!!!!! [0m
[33m[WARN] [1790606176.282090273, 17.806000000]: id:1 Infeasible1! DTG refuse to update![0m
-3.99755  3.00626  1.20546[0;31m collide!!!!! [0m
[33m[WARN] [1790606176.286999893, 17.815000000]: id:2 Infeasible1! DTG refuse to update![0m
-1;9  -1.95  6.15  3.05origin: 40 120  30   -1 6.2 3.1 ..10  2  1
667 10
-1;9  -1.85  6.15  3.05origin: 40 120  30   -1 6.2 3.1 ..10  2  1
667 11
-1;9  -1.75  6.15  3.05origin: 40 120  30   -1 6.2 3.1 ..10  2  1
667 12
-1;9  -1.65  6.15  3.05origin: 40 120  30   -1 6.2 3.1 ..10  2  1
667 13
-1;9  -1.55  6.15  3.05origin: 40 120  30   -1 6.2 3.1 ..10  2  1
667 14
-1;9  -1.45  6.15  3.05origin: 40 120  30   -1 6.2 3.1 ..10  2  1
667 15
-1;9  -1.35  6.15  3.05origin: 40 120  30   -1 6.2 3.1 ..10  2  1
667 16
-1;9  -1.25  6.15  3.05origin: 40 120  30   -1 6.2 3.1 ..10  2  1
667 17
-1;9  -1.15  6.15  3.05origin: 40 120  30   -1 6.2 3.1 ..10  2  1
667 18
-1;9  -1.05  6.15  3.05origin: 40 120  30   -1 6.2 3.1 ..10  2  1
667 19
-3.99435 -3.00165  1.20172[0;34m New root [0m
[33m[WARN] [1790606176.484543532, 18.007000000]: id:1 Infeasible1! DTG refuse to update![0m
-4.00053  3.00176  1.19964[0;34m New root [0m
[33m[WARN] [1790606176.492817876, 18.016999999]: id:2 Infeasible1! DTG refuse to update![0m
-1;9  -1.95  6.15  3.05origin: 40 120  30   -1 6.2 3.1 ..10  2  1
667 10
-1;9  -1.85  6.15  3.05origin: 40 120  30   -1 6.2 3.1 ..10  2  1
667 11
-1;9  -1.75  6.15  3.05origin: 40 120  30   -1 6.2 3.1 ..10  2  1
667 12
-1;9  -1.65  6.15  3.05origin: 40 120  30   -1 6.2 3.1 ..10  2  1
667 13
-1;9  -1.55  6.15  3.05origin: 40 120  30   -1 6.2 3.1 ..10  2  1
667 14
-1;9  -1.45  6.15  3.05origin: 40 120  30   -1 6.2 3.1 ..10  2  1
667 15
-1;9  -1.35  6.15  3.05origin: 40 120  30   -1 6.2 3.1 ..10  2  1
667 16
-1;9  -1.25  6.15  3.05origin: 40 120  30   -1 6.2 3.1 ..10  2  1
667 17
-1;9  -1.15  6.15  3.05origin: 40 120  30   -1 6.2 3.1 ..10  2  1
667 18
-1;9  -1.05  6.15  3.05origin: 40 120  30   -1 6.2 3.1 ..10  2  1
667 19
[0;44m id:2 Partition[0m
[0;44m id:1 Partition[0m
[33m[WARN] [1790606176.664642912, 18.190000000]: id:2 LocalGVP![0m
[33m[WARN] [1790606176.664821668, 18.190000000]: id:1 LocalGVP![0m
-3.99453 -3.00418  1.19897[0;31m collide!!!!! [0m
[33m[WARN] [1790606176.683628192, 18.199000000]: id:1 Infeasible1! DTG refuse to update![0m
-4.00369  3.00476  1.20184[0;31m collide!!!!! [0m
[33m[WARN] [1790606176.687768969, 18.208999999]: id:2 Infeasible1! DTG refuse to update![0m
-1;9  -1.95  6.15  3.05origin: 40 120  30   -1 6.2 3.1 ..10  2  1
667 10
-1;9  -1.85  6.15  3.05origin: 40 120  30   -1 6.2 3.1 ..10  2  1
667 11
-1;9  -1.75  6.15  3.05origin: 40 120  30   -1 6.2 3.1 ..10  2  1
667 12
-1;9  -1.65  6.15  3.05origin: 40 120  30   -1 6.2 3.1 ..10  2  1
667 13
-1;9  -1.55  6.15  3.05origin: 40 120  30   -1 6.2 3.1 ..10  2  1
667 14
-1;9  -1.45  6.15  3.05origin: 40 120  30   -1 6.2 3.1 ..10  2  1
667 15
-1;9  -1.35  6.15  3.05origin: 40 120  30   -1 6.2 3.1 ..10  2  1
667 16
-1;9  -1.25  6.15  3.05origin: 40 120  30   -1 6.2 3.1 ..10  2  1
667 17
-1;9  -1.15  6.15  3.05origin: 40 120  30   -1 6.2 3.1 ..10  2  1
667 18
-1;9  -1.05  6.15  3.05origin: 40 120  30   -1 6.2 3.1 ..10  2  1
667 19
-3.98904 -3.00226  1.19663[0;31m collide!!!!! [0m
[33m[WARN] [1790606176.884381893, 18.400999999]: id:1 Infeasible1! DTG refuse to update![0m
-4.00311   2.9991  1.20706[0;31m collide!!!!! [0m
[33m[WARN] [1790606176.887957764, 18.410000000]: id:2 Infeasible1! DTG refuse to update![0m
-1;9  -1.95  6.15  3.05origin: 40 120  30   -1 6.2 3.1 ..10  2  1
667 10
-1;9  -1.85  6.15  3.05origin: 40 120  30   -1 6.2 3.1 ..10  2  1
667 11
-1;9  -1.75  6.15  3.05origin: 40 120  30   -1 6.2 3.1 ..10  2  1
667 12
-1;9  -1.65  6.15  3.05origin: 40 120  30   -1 6.2 3.1 ..10  2  1
667 13
-1;9  -1.55  6.15  3.05origin: 40 120  30   -1 6.2 3.1 ..10  2  1
667 14
-1;9  -1.45  6.15  3.05origin: 40 120  30   -1 6.2 3.1 ..10  2  1
667 15
-1;9  -1.35  6.15  3.05origin: 40 120  30   -1 6.2 3.1 ..10  2  1
667 16
-1;9  -1.25  6.15  3.05origin: 40 120  30   -1 6.2 3.1 ..10  2  1
667 17
-1;9  -1.15  6.15  3.05origin: 40 120  30   -1 6.2 3.1 ..10  2  1
667 18
-1;9  -1.05  6.15  3.05origin: 40 120  30   -1 6.2 3.1 ..10  2  1
667 19
-3.99458 -2.99403  1.19853[0;31m collide!!!!! [0m
[33m[WARN] [1790606177.085724973, 18.611000000]: id:1 Infeasible1! DTG refuse to update![0m
-3.9985 2.99773 1.19744[0;31m collide!!!!! [0m
[33m[WARN] [1790606177.091363708, 18.611000000]: id:2 Infeasible1! DTG refuse to update![0m
-1;9  -1.95  6.15  3.05origin: 40 120  30   -1 6.2 3.1 ..10  2  1
667 10
-1;9  -1.85  6.15  3.05origin: 40 120  30   -1 6.2 3.1 ..10  2  1
667 11
-1;9  -1.75  6.15  3.05origin: 40 120  30   -1 6.2 3.1 ..10  2  1
667 12
-1;9  -1.65  6.15  3.05origin: 40 120  30   -1 6.2 3.1 ..10  2  1
667 13
-1;9  -1.55  6.15  3.05origin: 40 120  30   -1 6.2 3.1 ..10  2  1
667 14
-1;9  -1.45  6.15  3.05origin: 40 120  30   -1 6.2 3.1 ..10  2  1
667 15
-1;9  -1.35  6.15  3.05origin: 40 120  30   -1 6.2 3.1 ..10  2  1
667 16
-1;9  -1.25  6.15  3.05origin: 40 120  30   -1 6.2 3.1 ..10  2  1
667 17
-1;9  -1.15  6.15  3.05origin: 40 120  30   -1 6.2 3.1 ..10  2  1
667 18
-1;9  -1.05  6.15  3.05origin: 40 120  30   -1 6.2 3.1 ..10  2  1
667 19
 -4.0006 -3.00109  1.19562[0;34m New root [0m
[33m[WARN] [1790606177.285468336, 18.803000000]: id:1 Infeasible1! DTG refuse to update![0m
-4.00049  2.99899  1.20162[0;34m New root [0m
[33m[WARN] [1790606177.290490221, 18.812000000]: id:2 Infeasible1! DTG refuse to update![0m
-1;9  -1.95  6.15  3.05origin: 40 120  30   -1 6.2 3.1 ..10  2  1
667 10
-1;9  -1.85  6.15  3.05origin: 40 120  30   -1 6.2 3.1 ..10  2  1
667 11
-1;9  -1.75  6.15  3.05origin: 40 120  30   -1 6.2 3.1 ..10  2  1
667 12
-1;9  -1.65  6.15  3.05origin: 40 120  30   -1 6.2 3.1 ..10  2  1
667 13
-1;9  -1.55  6.15  3.05origin: 40 120  30   -1 6.2 3.1 ..10  2  1
667 14
-1;9  -1.45  6.15  3.05origin: 40 120  30   -1 6.2 3.1 ..10  2  1
667 15
-1;9  -1.35  6.15  3.05origin: 40 120  30   -1 6.2 3.1 ..10  2  1
667 16
-1;9  -1.25  6.15  3.05origin: 40 120  30   -1 6.2 3.1 ..10  2  1
667 17
-1;9  -1.15  6.15  3.05origin: 40 120  30   -1 6.2 3.1 ..10  2  1
667 18
-1;9  -1.05  6.15  3.05origin: 40 120  30   -1 6.2 3.1 ..10  2  1
667 19
-4.00165 -2.99632  1.20058[0;31m collide!!!!! [0m
[33m[WARN] [1790606177.485977750, 19.004000000]: id:1 Infeasible1! DTG refuse to update![0m
-3.99681  3.00196   1.2042[0;31m collide!!!!! [0m
[33m[WARN] [1790606177.492522395, 19.013000000]: id:2 Infeasible1! DTG refuse to update![0m
-1;9  -1.95  6.15  3.05origin: 40 120  30   -1 6.2 3.1 ..10  2  1
667 10
-1;9  -1.85  6.15  3.05origin: 40 120  30   -1 6.2 3.1 ..10  2  1
667 11
-1;9  -1.75  6.15  3.05origin: 40 120  30   -1 6.2 3.1 ..10  2  1
667 12
-1;9  -1.65  6.15  3.05origin: 40 120  30   -1 6.2 3.1 ..10  2  1
667 13
-1;9  -1.55  6.15  3.05origin: 40 120  30   -1 6.2 3.1 ..10  2  1
667 14
-1;9  -1.45  6.15  3.05origin: 40 120  30   -1 6.2 3.1 ..10  2  1
667 15
-1;9  -1.35  6.15  3.05origin: 40 120  30   -1 6.2 3.1 ..10  2  1
667 16
-1;9  -1.25  6.15  3.05origin: 40 120  30   -1 6.2 3.1 ..10  2  1
667 17
-1;9  -1.15  6.15  3.05origin: 40 120  30   -1 6.2 3.1 ..10  2  1
667 18
-1;9  -1.05  6.15  3.05origin: 40 120  30   -1 6.2 3.1 ..10  2  1
667 19
-3.99587 -3.00854  1.19376[0;31m collide!!!!! [0m
[33m[WARN] [1790606177.685649202, 19.205999999]: id:1 Infeasible1! DTG refuse to update![0m
-4.00086  2.99799  1.20007[0;31m collide!!!!! [0m
[33m[WARN] [1790606177.693714191, 19.214999999]: id:2 Infeasible1! DTG refuse to update![0m
-1;9  -1.95  6.15  3.05origin: 40 120  30   -1 6.2 3.1 ..10  2  1
667 10
-1;9  -1.85  6.15  3.05origin: 40 120  30   -1 6.2 3.1 ..10  2  1
667 11
-1;9  -1.75  6.15  3.05origin: 40 120  30   -1 6.2 3.1 ..10  2  1
667 12
-1;9  -1.65  6.15  3.05origin: 40 120  30   -1 6.2 3.1 ..10  2  1
667 13
-1;9  -1.55  6.15  3.05origin: 40 120  30   -1 6.2 3.1 ..10  2  1
667 14
-1;9  -1.45  6.15  3.05origin: 40 120  30   -1 6.2 3.1 ..10  2  1
667 15
-1;9  -1.35  6.15  3.05origin: 40 120  30   -1 6.2 3.1 ..10  2  1
667 16
-1;9  -1.25  6.15  3.05origin: 40 120  30   -1 6.2 3.1 ..10  2  1
667 17
-1;9  -1.15  6.15  3.05origin: 40 120  30   -1 6.2 3.1 ..10  2  1
667 18
-1;9  -1.05  6.15  3.05origin: 40 120  30   -1 6.2 3.1 ..10  2  1
667 19
-4.00253 -3.00718  1.19359[0;31m collide!!!!! [0m
[33m[WARN] [1790606177.888890981, 19.407000000]: id:1 Infeasible1! DTG refuse to update![0m
-3.99488  2.99568  1.19994[0;31m collide!!!!! [0m
[33m[WARN] [1790606177.895396690, 19.416000000]: id:2 Infeasible1! DTG refuse to update![0m
-1;9  -1.95  6.15  3.05origin: 40 120  30   -1 6.2 3.1 ..10  2  1
667 10
-1;9  -1.85  6.15  3.05origin: 40 120  30   -1 6.2 3.1 ..10  2  1
667 11
-1;9  -1.75  6.15  3.05origin: 40 120  30   -1 6.2 3.1 ..10  2  1
667 12
-1;9  -1.65  6.15  3.05origin: 40 120  30   -1 6.2 3.1 ..10  2  1
667 13
-1;9  -1.55  6.15  3.05origin: 40 120  30   -1 6.2 3.1 ..10  2  1
667 14
-1;9  -1.45  6.15  3.05origin: 40 120  30   -1 6.2 3.1 ..10  2  1
667 15
-1;9  -1.35  6.15  3.05origin: 40 120  30   -1 6.2 3.1 ..10  2  1
667 16
-1;9  -1.25  6.15  3.05origin: 40 120  30   -1 6.2 3.1 ..10  2  1
667 17
-1;9  -1.15  6.15  3.05origin: 40 120  30   -1 6.2 3.1 ..10  2  1
667 18
-1;9  -1.05  6.15  3.05origin: 40 120  30   -1 6.2 3.1 ..10  2  1
667 19
-3.99981 -2.99642  1.20318[0;34m New root [0m
[33m[WARN] [1790606178.088260824, 19.608000000]: id:1 Infeasible1! DTG refuse to update![0m
-4.00292  3.00131  1.19819[0;34m New root [0m
[33m[WARN] [1790606178.096394597, 19.617000000]: id:2 Infeasible1! DTG refuse to update![0m
-1;9  -1.95  6.15  3.05origin: 40 120  30   -1 6.2 3.1 ..10  2  1
667 10
-1;9  -1.85  6.15  3.05origin: 40 120  30   -1 6.2 3.1 ..10  2  1
667 11
-1;9  -1.75  6.15  3.05origin: 40 120  30   -1 6.2 3.1 ..10  2  1
667 12
-1;9  -1.65  6.15  3.05origin: 40 120  30   -1 6.2 3.1 ..10  2  1
667 13
-1;9  -1.55  6.15  3.05origin: 40 120  30   -1 6.2 3.1 ..10  2  1
667 14
-1;9  -1.45  6.15  3.05origin: 40 120  30   -1 6.2 3.1 ..10  2  1
667 15
-1;9  -1.35  6.15  3.05origin: 40 120  30   -1 6.2 3.1 ..10  2  1
667 16
-1;9  -1.25  6.15  3.05origin: 40 120  30   -1 6.2 3.1 ..10  2  1
667 17
-1;9  -1.15  6.15  3.05origin: 40 120  30   -1 6.2 3.1 ..10  2  1
667 18
-1;9  -1.05  6.15  3.05origin: 40 120  30   -1 6.2 3.1 ..10  2  1
667 19
-4.00077 -3.00102  1.20363[0;31m collide!!!!! [0m
[33m[WARN] [1790606178.288298126, 19.809000000]: id:1 Infeasible1! DTG refuse to update![0m
-4.00454  2.99745  1.19552[0;31m collide!!!!! [0m
[33m[WARN] [1790606178.292990555, 19.809000000]: id:2 Infeasible1! DTG refuse to update![0m
-1;9  -1.95  6.15  3.05origin: 40 120  30   -1 6.2 3.1 ..10  2  1
667 10
-1;9  -1.85  6.15  3.05origin: 40 120  30   -1 6.2 3.1 ..10  2  1
667 11
-1;9  -1.75  6.15  3.05origin: 40 120  30   -1 6.2 3.1 ..10  2  1
667 12
-1;9  -1.65  6.15  3.05origin: 40 120  30   -1 6.2 3.1 ..10  2  1
667 13
-1;9  -1.55  6.15  3.05origin: 40 120  30   -1 6.2 3.1 ..10  2  1
667 14
-1;9  -1.45  6.15  3.05origin: 40 120  30   -1 6.2 3.1 ..10  2  1
667 15
-1;9  -1.35  6.15  3.05origin: 40 120  30   -1 6.2 3.1 ..10  2  1
667 16
-1;9  -1.25  6.15  3.05origin: 40 120  30   -1 6.2 3.1 ..10  2  1
667 17
-1;9  -1.15  6.15  3.05origin: 40 120  30   -1 6.2 3.1 ..10  2  1
667 18
-1;9  -1.05  6.15  3.05origin: 40 120  30   -1 6.2 3.1 ..10  2  1
667 19
from  [0;46mid: 1  SLEEP[0m to [0;46mLOCALPLAN[0m
from  [0;46mid: 2  SLEEP[0m to [0;46mLOCALPLAN[0m
-4.00596 -3.00313  1.20607[0;34m New root [0m
[33m[WARN] [1790606178.487446943, 20.010000000]: id:1 Infeasible1! DTG refuse to update![0m
-3.99938  2.99593  1.20262[0;34m New root [0m
[33m[WARN] [1790606178.494391705, 20.010000000]: id:2 Infeasible1! DTG refuse to update![0m
-1;9  -1.95  6.15  3.05origin: 40 120  30   -1 6.2 3.1 ..10  2  1
667 10
-1;9  -1.85  6.15  3.05origin: 40 120  30   -1 6.2 3.1 ..10  2  1
667 11
-1;9  -1.75  6.15  3.05origin: 40 120  30   -1 6.2 3.1 ..10  2  1
667 12
-1;9  -1.65  6.15  3.05origin: 40 120  30   -1 6.2 3.1 ..10  2  1
667 13
-1;9  -1.55  6.15  3.05origin: 40 120  30   -1 6.2 3.1 ..10  2  1
667 14
-1;9  -1.45  6.15  3.05origin: 40 120  30   -1 6.2 3.1 ..10  2  1
667 15
-1;9  -1.35  6.15  3.05origin: 40 120  30   -1 6.2 3.1 ..10  2  1
667 16
-1;9  -1.25  6.15  3.05origin: 40 120  30   -1 6.2 3.1 ..10  2  1
667 17
-1;9  -1.15  6.15  3.05origin: 40 120  30   -1 6.2 3.1 ..10  2  1
667 18
-1;9  -1.05  6.15  3.05origin: 40 120  30   -1 6.2 3.1 ..10  2  1
667 19
-4.00713 -2.99913  1.19894[0;31m collide!!!!! [0m
[33m[WARN] [1790606178.689245583, 20.202000000]: id:1 Infeasible1! DTG refuse to update![0m
-3.9946 2.99195 1.19648[0;31m collide!!!!! [0m
[33m[WARN] [1790606178.693140530, 20.211999999]: id:2 Infeasible1! DTG refuse to update![0m
-1;9  -1.95  6.15  3.05origin: 40 120  30   -1 6.2 3.1 ..10  2  1
667 10
-1;9  -1.85  6.15  3.05origin: 40 120  30   -1 6.2 3.1 ..10  2  1
667 11
-1;9  -1.75  6.15  3.05origin: 40 120  30   -1 6.2 3.1 ..10  2  1
667 12
-1;9  -1.65  6.15  3.05origin: 40 120  30   -1 6.2 3.1 ..10  2  1
667 13
-1;9  -1.55  6.15  3.05origin: 40 120  30   -1 6.2 3.1 ..10  2  1
667 14
-1;9  -1.45  6.15  3.05origin: 40 120  30   -1 6.2 3.1 ..10  2  1
667 15
-1;9  -1.35  6.15  3.05origin: 40 120  30   -1 6.2 3.1 ..10  2  1
667 16
-1;9  -1.25  6.15  3.05origin: 40 120  30   -1 6.2 3.1 ..10  2  1
667 17
-1;9  -1.15  6.15  3.05origin: 40 120  30   -1 6.2 3.1 ..10  2  1
667 18
-1;9  -1.05  6.15  3.05origin: 40 120  30   -1 6.2 3.1 ..10  2  1
667 19
-4.00257 -3.00195  1.19515[0;31m collide!!!!! [0m
[33m[WARN] [1790606178.890174414, 20.403999999]: id:1 Infeasible1! DTG refuse to update![0m
-3.99902  2.99418  1.20417[0;31m collide!!!!! [0m
[33m[WARN] [1790606178.894486736, 20.413000000]: id:2 Infeasible1! DTG refuse to update![0m
-1;9  -1.95  6.15  3.05origin: 40 120  30   -1 6.2 3.1 ..10  2  1
667 10
-1;9  -1.85  6.15  3.05origin: 40 120  30   -1 6.2 3.1 ..10  2  1
667 11
-1;9  -1.75  6.15  3.05origin: 40 120  30   -1 6.2 3.1 ..10  2  1
667 12
-1;9  -1.65  6.15  3.05origin: 40 120  30   -1 6.2 3.1 ..10  2  1
667 13
-1;9  -1.55  6.15  3.05origin: 40 120  30   -1 6.2 3.1 ..10  2  1
667 14
-1;9  -1.45  6.15  3.05origin: 40 120  30   -1 6.2 3.1 ..10  2  1
667 15
-1;9  -1.35  6.15  3.05origin: 40 120  30   -1 6.2 3.1 ..10  2  1
667 16
-1;9  -1.25  6.15  3.05origin: 40 120  30   -1 6.2 3.1 ..10  2  1
667 17
-1;9  -1.15  6.15  3.05origin: 40 120  30   -1 6.2 3.1 ..10  2  1
667 18
-1;9  -1.05  6.15  3.05origin: 40 120  30   -1 6.2 3.1 ..10  2  1
667 19
-4.00122 -2.99179  1.20257[0;34m New root [0m
[33m[WARN] [1790606179.089418904, 20.605000000]: id:1 Infeasible1! DTG refuse to update![0m
-3.99967  2.99408  1.20146[0;31m collide!!!!! [0m
[33m[WARN] [1790606179.096831691, 20.614000000]: id:2 Infeasible1! DTG refuse to update![0m
-1;9  -1.95  6.15  3.05origin: 40 120  30   -1 6.2 3.1 ..10  2  1
667 10
-1;9  -1.85  6.15  3.05origin: 40 120  30   -1 6.2 3.1 ..10  2  1
667 11
-1;9  -1.75  6.15  3.05origin: 40 120  30   -1 6.2 3.1 ..10  2  1
667 12
-1;9  -1.65  6.15  3.05origin: 40 120  30   -1 6.2 3.1 ..10  2  1
667 13
-1;9  -1.55  6.15  3.05origin: 40 120  30   -1 6.2 3.1 ..10  2  1
667 14
-1;9  -1.45  6.15  3.05origin: 40 120  30   -1 6.2 3.1 ..10  2  1
667 15
-1;9  -1.35  6.15  3.05origin: 40 120  30   -1 6.2 3.1 ..10  2  1
667 16
-1;9  -1.25  6.15  3.05origin: 40 120  30   -1 6.2 3.1 ..10  2  1
667 17
-1;9  -1.15  6.15  3.05origin: 40 120  30   -1 6.2 3.1 ..10  2  1
667 18
-1;9  -1.05  6.15  3.05origin: 40 120  30   -1 6.2 3.1 ..10  2  1
667 19
-4.00005 -2.99641  1.19849[0;34m New root [0m
[33m[WARN] [1790606179.292316927, 20.806000000]: id:1 Infeasible1! DTG refuse to update![0m
-3.99742  2.99878  1.20087[0;34m New root [0m
[33m[WARN] [1790606179.298491263, 20.815000000]: id:2 Infeasible1! DTG refuse to update![0m
-1;9  -1.95  6.15  3.05origin: 40 120  30   -1 6.2 3.1 ..10  2  1
667 10
-1;9  -1.85  6.15  3.05origin: 40 120  30   -1 6.2 3.1 ..10  2  1
667 11
-1;9  -1.75  6.15  3.05origin: 40 120  30   -1 6.2 3.1 ..10  2  1
667 12
-1;9  -1.65  6.15  3.05origin: 40 120  30   -1 6.2 3.1 ..10  2  1
667 13
-1;9  -1.55  6.15  3.05origin: 40 120  30   -1 6.2 3.1 ..10  2  1
667 14
-1;9  -1.45  6.15  3.05origin: 40 120  30   -1 6.2 3.1 ..10  2  1
667 15
-1;9  -1.35  6.15  3.05origin: 40 120  30   -1 6.2 3.1 ..10  2  1
667 16
-1;9  -1.25  6.15  3.05origin: 40 120  30   -1 6.2 3.1 ..10  2  1
667 17
-1;9  -1.15  6.15  3.05origin: 40 120  30   -1 6.2 3.1 ..10  2  1
667 18
-1;9  -1.05  6.15  3.05origin: 40 120  30   -1 6.2 3.1 ..10  2  1
667 19
-3.99942 -2.99032  1.19623[0;34m New root [0m
[33m[WARN] [1790606179.491653837, 21.007000000]: id:1 Infeasible1! DTG refuse to update![0m
-3.99595  3.00276  1.20496[0;31m collide!!!!! [0m
[33m[WARN] [1790606179.497293322, 21.016999999]: id:2 Infeasible1! DTG refuse to update![0m
-1;9  -1.95  6.15  3.05origin: 40 120  30   -1 6.2 3.1 ..10  2  1
667 10
-1;9  -1.85  6.15  3.05origin: 40 120  30   -1 6.2 3.1 ..10  2  1
667 11
-1;9  -1.75  6.15  3.05origin: 40 120  30   -1 6.2 3.1 ..10  2  1
667 12
-1;9  -1.65  6.15  3.05origin: 40 120  30   -1 6.2 3.1 ..10  2  1
667 13
-1;9  -1.55  6.15  3.05origin: 40 120  30   -1 6.2 3.1 ..10  2  1
667 14
-1;9  -1.45  6.15  3.05origin: 40 120  30   -1 6.2 3.1 ..10  2  1
667 15
-1;9  -1.35  6.15  3.05origin: 40 120  30   -1 6.2 3.1 ..10  2  1
667 16
-1;9  -1.25  6.15  3.05origin: 40 120  30   -1 6.2 3.1 ..10  2  1
667 17
-1;9  -1.15  6.15  3.05origin: 40 120  30   -1 6.2 3.1 ..10  2  1
667 18
-1;9  -1.05  6.15  3.05origin: 40 120  30   -1 6.2 3.1 ..10  2  1
667 19
-3.99253 -2.99723  1.19241[0;34m New root [0m
[33m[WARN] [1790606179.691803112, 21.208999999]: id:1 Infeasible1! DTG refuse to update![0m
-3.99972  2.99921  1.19901[0;34m New root [0m
[33m[WARN] [1790606179.697106679, 21.208999999]: id:2 Infeasible1! DTG refuse to update![0m
[0;44m id:2 Partition[0m
[33m[WARN] [1790606179.698474821, 21.217999999]: id:2 LocalGVP![0m
[0;44m id:1 Partition[0m
[33m[WARN] [1790606179.698803277, 21.217999999]: id:1 LocalGVP![0m
-1;9  -1.95  6.15  3.05origin: 40 120  30   -1 6.2 3.1 ..10  2  1
667 10
-1;9  -1.85  6.15  3.05origin: 40 120  30   -1 6.2 3.1 ..10  2  1
667 11
-1;9  -1.75  6.15  3.05origin: 40 120  30   -1 6.2 3.1 ..10  2  1
667 12
-1;9  -1.65  6.15  3.05origin: 40 120  30   -1 6.2 3.1 ..10  2  1
667 13
-1;9  -1.55  6.15  3.05origin: 40 120  30   -1 6.2 3.1 ..10  2  1
667 14
-1;9  -1.45  6.15  3.05origin: 40 120  30   -1 6.2 3.1 ..10  2  1
667 15
-1;9  -1.35  6.15  3.05origin: 40 120  30   -1 6.2 3.1 ..10  2  1
667 16
-1;9  -1.25  6.15  3.05origin: 40 120  30   -1 6.2 3.1 ..10  2  1
667 17
-1;9  -1.15  6.15  3.05origin: 40 120  30   -1 6.2 3.1 ..10  2  1
667 18
-1;9  -1.05  6.15  3.05origin: 40 120  30   -1 6.2 3.1 ..10  2  1
667 19
-3.99151 -2.99925   1.1938[0;34m New root [0m
[33m[WARN] [1790606179.893001494, 21.410000000]: id:1 Infeasible1! DTG refuse to update![0m
-3.99707  2.99676  1.19496[0;34m New root [0m
[33m[WARN] [1790606179.896839663, 21.410000000]: id:2 Infeasible1! DTG refuse to update![0m
-1;9  -1.95  6.15  3.05origin: 40 120  30   -1 6.2 3.1 ..10  2  1
667 10
-1;9  -1.85  6.15  3.05origin: 40 120  30   -1 6.2 3.1 ..10  2  1
667 11
-1;9  -1.75  6.15  3.05origin: 40 120  30   -1 6.2 3.1 ..10  2  1
667 12
-1;9  -1.65  6.15  3.05origin: 40 120  30   -1 6.2 3.1 ..10  2  1
667 13
-1;9  -1.55  6.15  3.05origin: 40 120  30   -1 6.2 3.1 ..10  2  1
667 14
-1;9  -1.45  6.15  3.05origin: 40 120  30   -1 6.2 3.1 ..10  2  1
667 15
-1;9  -1.35  6.15  3.05origin: 40 120  30   -1 6.2 3.1 ..10  2  1
667 16
-1;9  -1.25  6.15  3.05origin: 40 120  30   -1 6.2 3.1 ..10  2  1
667 17
-1;9  -1.15  6.15  3.05origin: 40 120  30   -1 6.2 3.1 ..10  2  1
667 18
-1;9  -1.05  6.15  3.05origin: 40 120  30   -1 6.2 3.1 ..10  2  1
667 19
-4.00145 -2.98863   1.2039[0;34m New root [0m
[33m[WARN] [1790606180.091672906, 21.611000000]: id:1 Infeasible1! DTG refuse to update![0m
-4.00702  3.00185  1.19811[0;34m New root [0m
[33m[WARN] [1790606180.097731058, 21.611000000]: id:2 Infeasible1! DTG refuse to update![0m
-1;9  -1.95  6.15  3.05origin: 40 120  30   -1 6.2 3.1 ..10  2  1
667 10
-1;9  -1.85  6.15  3.05origin: 40 120  30   -1 6.2 3.1 ..10  2  1
667 11
-1;9  -1.75  6.15  3.05origin: 40 120  30   -1 6.2 3.1 ..10  2  1
667 12
-1;9  -1.65  6.15  3.05origin: 40 120  30   -1 6.2 3.1 ..10  2  1
667 13
-1;9  -1.55  6.15  3.05origin: 40 120  30   -1 6.2 3.1 ..10  2  1
667 14
-1;9  -1.45  6.15  3.05origin: 40 120  30   -1 6.2 3.1 ..10  2  1
667 15
-1;9  -1.35  6.15  3.05origin: 40 120  30   -1 6.2 3.1 ..10  2  1
667 16
-1;9  -1.25  6.15  3.05origin: 40 120  30   -1 6.2 3.1 ..10  2  1
667 17
-1;9  -1.15  6.15  3.05origin: 40 120  30   -1 6.2 3.1 ..10  2  1
667 18
-1;9  -1.05  6.15  3.05origin: 40 120  30   -1 6.2 3.1 ..10  2  1
667 19
-4.00145 -3.00259  1.19981[0;34m New root [0m
[33m[WARN] [1790606180.293058590, 21.803000000]: id:1 Infeasible1! DTG refuse to update![0m
-3.9941 2.99881  1.1951[0;34m New root [0m
[33m[WARN] [1790606180.296619786, 21.812000000]: id:2 Infeasible1! DTG refuse to update![0m
-1;9  -1.95  6.15  3.05origin: 40 120  30   -1 6.2 3.1 ..10  2  1
667 10
-1;9  -1.85  6.15  3.05origin: 40 120  30   -1 6.2 3.1 ..10  2  1
667 11
-1;9  -1.75  6.15  3.05origin: 40 120  30   -1 6.2 3.1 ..10  2  1
667 12
-1;9  -1.65  6.15  3.05origin: 40 120  30   -1 6.2 3.1 ..10  2  1
667 13
-1;9  -1.55  6.15  3.05origin: 40 120  30   -1 6.2 3.1 ..10  2  1
667 14
-1;9  -1.45  6.15  3.05origin: 40 120  30   -1 6.2 3.1 ..10  2  1
667 15
-1;9  -1.35  6.15  3.05origin: 40 120  30   -1 6.2 3.1 ..10  2  1
667 16
-1;9  -1.25  6.15  3.05origin: 40 120  30   -1 6.2 3.1 ..10  2  1
667 17
-1;9  -1.15  6.15  3.05origin: 40 120  30   -1 6.2 3.1 ..10  2  1
667 18
-1;9  -1.05  6.15  3.05origin: 40 120  30   -1 6.2 3.1 ..10  2  1
667 19
-3.99979 -3.00308  1.20335[0;34m New root [0m
[33m[WARN] [1790606180.491868737, 22.004000000]: id:1 Infeasible1! DTG refuse to update![0m
-3.99248  2.99949  1.20002[0;34m New root [0m
[33m[WARN] [1790606180.497617652, 22.013000000]: id:2 Infeasible1! DTG refuse to update![0m
-1;9  -1.95  6.15  3.05origin: 40 120  30   -1 6.2 3.1 ..10  2  1
667 10
-1;9  -1.85  6.15  3.05origin: 40 120  30   -1 6.2 3.1 ..10  2  1
667 11
-1;9  -1.75  6.15  3.05origin: 40 120  30   -1 6.2 3.1 ..10  2  1
667 12
-1;9  -1.65  6.15  3.05origin: 40 120  30   -1 6.2 3.1 ..10  2  1
667 13
-1;9  -1.55  6.15  3.05origin: 40 120  30   -1 6.2 3.1 ..10  2  1
667 14
-1;9  -1.45  6.15  3.05origin: 40 120  30   -1 6.2 3.1 ..10  2  1
667 15
-1;9  -1.35  6.15  3.05origin: 40 120  30   -1 6.2 3.1 ..10  2  1
667 16
-1;9  -1.25  6.15  3.05origin: 40 120  30   -1 6.2 3.1 ..10  2  1
667 17
-1;9  -1.15  6.15  3.05origin: 40 120  30   -1 6.2 3.1 ..10  2  1
667 18
-1;9  -1.05  6.15  3.05origin: 40 120  30   -1 6.2 3.1 ..10  2  1
667 19
-3.99594 -3.00338  1.20697[0;34m New root [0m
[33m[WARN] [1790606180.694345216, 22.205999999]: id:1 Infeasible1! DTG refuse to update![0m
-3.99612  3.00356  1.20216[0;34m New root [0m
[33m[WARN] [1790606180.699009923, 22.214999999]: id:2 Infeasible1! DTG refuse to update![0m
-1;9  -1.95  6.15  3.05origin: 40 120  30   -1 6.2 3.1 ..10  2  1
667 10
-1;9  -1.85  6.15  3.05origin: 40 120  30   -1 6.2 3.1 ..10  2  1
667 11
-1;9  -1.75  6.15  3.05origin: 40 120  30   -1 6.2 3.1 ..10  2  1
667 12
-1;9  -1.65  6.15  3.05origin: 40 120  30   -1 6.2 3.1 ..10  2  1
667 13
-1;9  -1.55  6.15  3.05origin: 40 120  30   -1 6.2 3.1 ..10  2  1
667 14
-1;9  -1.45  6.15  3.05origin: 40 120  30   -1 6.2 3.1 ..10  2  1
667 15
-1;9  -1.35  6.15  3.05origin: 40 120  30   -1 6.2 3.1 ..10  2  1
667 16
-1;9  -1.25  6.15  3.05origin: 40 120  30   -1 6.2 3.1 ..10  2  1
667 17
-1;9  -1.15  6.15  3.05origin: 40 120  30   -1 6.2 3.1 ..10  2  1
667 18
-1;9  -1.05  6.15  3.05origin: 40 120  30   -1 6.2 3.1 ..10  2  1
667 19
-4.00152 -3.00857  1.19918[0;34m New root [0m
[33m[WARN] [1790606180.946460419, 22.407000000]: id:1 Infeasible1! DTG refuse to update![0m
-4.00093  2.99363  1.19408[0;34m New root [0m
[33m[WARN] [1790606180.952660268, 22.416000000]: id:2 Infeasible1! DTG refuse to update![0m
-1;9  -1.95  6.15  3.05origin: 40 120  30   -1 6.2 3.1 ..10  2  1
667 10
-1;9  -1.85  6.15  3.05origin: 40 120  30   -1 6.2 3.1 ..10  2  1
667 11
-1;9  -1.75  6.15  3.05origin: 40 120  30   -1 6.2 3.1 ..10  2  1
667 12
-1;9  -1.65  6.15  3.05origin: 40 120  30   -1 6.2 3.1 ..10  2  1
667 13
-1;9  -1.55  6.15  3.05origin: 40 120  30   -1 6.2 3.1 ..10  2  1
667 14
-1;9  -1.45  6.15  3.05origin: 40 120  30   -1 6.2 3.1 ..10  2  1
667 15
-1;9  -1.35  6.15  3.05origin: 40 120  30   -1 6.2 3.1 ..10  2  1
667 16
-1;9  -1.25  6.15  3.05origin: 40 120  30   -1 6.2 3.1 ..10  2  1
667 17
-1;9  -1.15  6.15  3.05origin: 40 120  30   -1 6.2 3.1 ..10  2  1
667 18
-1;9  -1.05  6.15  3.05origin: 40 120  30   -1 6.2 3.1 ..10  2  1
667 19
-4.00293 -3.00371  1.19939[0;34m New root [0m
[33m[WARN] [1790606181.144248264, 22.608000000]: id:1 Infeasible1! DTG refuse to update![0m
-4.00066  2.99657    1.198[0;34m New root [0m
[33m[WARN] [1790606181.150064129, 22.617000000]: id:2 Infeasible1! DTG refuse to update![0m
-1;9  -1.95  6.15  3.05origin: 40 120  30   -1 6.2 3.1 ..10  2  1
667 10
-1;9  -1.85  6.15  3.05origin: 40 120  30   -1 6.2 3.1 ..10  2  1
667 11
-1;9  -1.75  6.15  3.05origin: 40 120  30   -1 6.2 3.1 ..10  2  1
667 12
-1;9  -1.65  6.15  3.05origin: 40 120  30   -1 6.2 3.1 ..10  2  1
667 13
-1;9  -1.55  6.15  3.05origin: 40 120  30   -1 6.2 3.1 ..10  2  1
667 14
-1;9  -1.45  6.15  3.05origin: 40 120  30   -1 6.2 3.1 ..10  2  1
667 15
-1;9  -1.35  6.15  3.05origin: 40 120  30   -1 6.2 3.1 ..10  2  1
667 16
-1;9  -1.25  6.15  3.05origin: 40 120  30   -1 6.2 3.1 ..10  2  1
667 17
-1;9  -1.15  6.15  3.05origin: 40 120  30   -1 6.2 3.1 ..10  2  1
667 18
-1;9  -1.05  6.15  3.05origin: 40 120  30   -1 6.2 3.1 ..10  2  1
667 19
-4.00157 -3.00637  1.19758[0;34m New root [0m
[33m[WARN] [1790606181.344931848, 22.809000000]: id:1 Infeasible1! DTG refuse to update![0m
-4.0124 2.99786 1.19149[0;34m New root [0m
[33m[WARN] [1790606181.349279228, 22.809000000]: id:2 Infeasible1! DTG refuse to update![0m
-1;9  -1.95  6.15  3.05origin: 40 120  30   -1 6.2 3.1 ..10  2  1
667 10
-1;9  -1.85  6.15  3.05origin: 40 120  30   -1 6.2 3.1 ..10  2  1
667 11
-1;9  -1.75  6.15  3.05origin: 40 120  30   -1 6.2 3.1 ..10  2  1
667 12
-1;9  -1.65  6.15  3.05origin: 40 120  30   -1 6.2 3.1 ..10  2  1
667 13
-1;9  -1.55  6.15  3.05origin: 40 120  30   -1 6.2 3.1 ..10  2  1
667 14
-1;9  -1.45  6.15  3.05origin: 40 120  30   -1 6.2 3.1 ..10  2  1
667 15
-1;9  -1.35  6.15  3.05origin: 40 120  30   -1 6.2 3.1 ..10  2  1
667 16
-1;9  -1.25  6.15  3.05origin: 40 120  30   -1 6.2 3.1 ..10  2  1
667 17
-1;9  -1.15  6.15  3.05origin: 40 120  30   -1 6.2 3.1 ..10  2  1
667 18
-1;9  -1.05  6.15  3.05origin: 40 120  30   -1 6.2 3.1 ..10  2  1
667 19
-4.00047 -3.00205  1.19831[0;34m New root [0m
[33m[WARN] [1790606181.543435883, 23.010000000]: id:1 Infeasible1! DTG refuse to update![0m
-4.00834  2.99492  1.19675[0;34m New root [0m
[33m[WARN] [1790606181.548328120, 23.010000000]: id:2 Infeasible1! DTG refuse to update![0m
-1;9  -1.95  6.15  3.05origin: 40 120  30   -1 6.2 3.1 ..10  2  1
667 10
-1;9  -1.85  6.15  3.05origin: 40 120  30   -1 6.2 3.1 ..10  2  1
667 11
-1;9  -1.75  6.15  3.05origin: 40 120  30   -1 6.2 3.1 ..10  2  1
667 12
-1;9  -1.65  6.15  3.05origin: 40 120  30   -1 6.2 3.1 ..10  2  1
667 13
-1;9  -1.55  6.15  3.05origin: 40 120  30   -1 6.2 3.1 ..10  2  1
667 14
-1;9  -1.45  6.15  3.05origin: 40 120  30   -1 6.2 3.1 ..10  2  1
667 15
-1;9  -1.35  6.15  3.05origin: 40 120  30   -1 6.2 3.1 ..10  2  1
667 16
-1;9  -1.25  6.15  3.05origin: 40 120  30   -1 6.2 3.1 ..10  2  1
667 17
-1;9  -1.15  6.15  3.05origin: 40 120  30   -1 6.2 3.1 ..10  2  1
667 18
-1;9  -1.05  6.15  3.05origin: 40 120  30   -1 6.2 3.1 ..10  2  1
667 19
-3.98242 -3.00038  1.20597[0;34m New root [0m
[33m[WARN] [1790606181.743922076, 23.202000000]: id:1 Infeasible1! DTG refuse to update![0m
-4.00729  3.00183  1.20063[0;34m New root [0m
[33m[WARN] [1790606181.749444128, 23.211999999]: id:2 Infeasible1! DTG refuse to update![0m
-1;9  -1.95  6.15  3.05origin: 40 120  30   -1 6.2 3.1 ..10  2  1
667 10
-1;9  -1.85  6.15  3.05origin: 40 120  30   -1 6.2 3.1 ..10  2  1
667 11
-1;9  -1.75  6.15  3.05origin: 40 120  30   -1 6.2 3.1 ..10  2  1
667 12
-1;9  -1.65  6.15  3.05origin: 40 120  30   -1 6.2 3.1 ..10  2  1
667 13
-1;9  -1.55  6.15  3.05origin: 40 120  30   -1 6.2 3.1 ..10  2  1
667 14
-1;9  -1.45  6.15  3.05origin: 40 120  30   -1 6.2 3.1 ..10  2  1
667 15
-1;9  -1.35  6.15  3.05origin: 40 120  30   -1 6.2 3.1 ..10  2  1
667 16
-1;9  -1.25  6.15  3.05origin: 40 120  30   -1 6.2 3.1 ..10  2  1
667 17
-1;9  -1.15  6.15  3.05origin: 40 120  30   -1 6.2 3.1 ..10  2  1
667 18
-1;9  -1.05  6.15  3.05origin: 40 120  30   -1 6.2 3.1 ..10  2  1
667 19
-3.99231 -3.00044  1.19896[0;34m New root [0m
[33m[WARN] [1790606181.942714798, 23.403999999]: id:1 Infeasible1! DTG refuse to update![0m
-4.00608  2.99337  1.19571[0;34m New root [0m
[33m[WARN] [1790606181.947027078, 23.413000000]: id:2 Infeasible1! DTG refuse to update![0m
-1;9  -1.95  6.15  3.05origin: 40 120  30   -1 6.2 3.1 ..10  2  1
667 10
-1;9  -1.85  6.15  3.05origin: 40 120  30   -1 6.2 3.1 ..10  2  1
667 11
-1;9  -1.75  6.15  3.05origin: 40 120  30   -1 6.2 3.1 ..10  2  1
667 12
-1;9  -1.65  6.15  3.05origin: 40 120  30   -1 6.2 3.1 ..10  2  1
667 13
-1;9  -1.55  6.15  3.05origin: 40 120  30   -1 6.2 3.1 ..10  2  1
667 14
-1;9  -1.45  6.15  3.05origin: 40 120  30   -1 6.2 3.1 ..10  2  1
667 15
-1;9  -1.35  6.15  3.05origin: 40 120  30   -1 6.2 3.1 ..10  2  1
667 16
-1;9  -1.25  6.15  3.05origin: 40 120  30   -1 6.2 3.1 ..10  2  1
667 17
-1;9  -1.15  6.15  3.05origin: 40 120  30   -1 6.2 3.1 ..10  2  1
667 18
-1;9  -1.05  6.15  3.05origin: 40 120  30   -1 6.2 3.1 ..10  2  1
667 19
-3.98757 -2.99701  1.19873[0;34m New root [0m
[33m[WARN] [1790606182.144558003, 23.605000000]: id:1 Infeasible1! DTG refuse to update![0m
-4.00047  2.98914  1.19995[0;34m New root [0m
[33m[WARN] [1790606182.147437900, 23.614000000]: id:2 Infeasible1! DTG refuse to update![0m
-1;9  -1.95  6.15  3.05origin: 40 120  30   -1 6.2 3.1 ..10  2  1
667 10
-1;9  -1.85  6.15  3.05origin: 40 120  30   -1 6.2 3.1 ..10  2  1
667 11
-1;9  -1.75  6.15  3.05origin: 40 120  30   -1 6.2 3.1 ..10  2  1
667 12
-1;9  -1.65  6.15  3.05origin: 40 120  30   -1 6.2 3.1 ..10  2  1
667 13
-1;9  -1.55  6.15  3.05origin: 40 120  30   -1 6.2 3.1 ..10  2  1
667 14
-1;9  -1.45  6.15  3.05origin: 40 120  30   -1 6.2 3.1 ..10  2  1
667 15
-1;9  -1.35  6.15  3.05origin: 40 120  30   -1 6.2 3.1 ..10  2  1
667 16
-1;9  -1.25  6.15  3.05origin: 40 120  30   -1 6.2 3.1 ..10  2  1
667 17
-1;9  -1.15  6.15  3.05origin: 40 120  30   -1 6.2 3.1 ..10  2  1
667 18
-1;9  -1.05  6.15  3.05origin: 40 120  30   -1 6.2 3.1 ..10  2  1
667 19
-3.99547  -2.9951  1.20528[0;34m New root [0m
[33m[WARN] [1790606182.343500216, 23.806000000]: id:1 Infeasible1! DTG refuse to update![0m
-3.99406  3.00113  1.18955[0;34m New root [0m
[33m[WARN] [1790606182.347294904, 23.815000000]: id:2 Infeasible1! DTG refuse to update![0m
-1;9  -1.95  6.15  3.05origin: 40 120  30   -1 6.2 3.1 ..10  2  1
667 10
-1;9  -1.85  6.15  3.05origin: 40 120  30   -1 6.2 3.1 ..10  2  1
667 11
-1;9  -1.75  6.15  3.05origin: 40 120  30   -1 6.2 3.1 ..10  2  1
667 12
-1;9  -1.65  6.15  3.05origin: 40 120  30   -1 6.2 3.1 ..10  2  1
667 13
-1;9  -1.55  6.15  3.05origin: 40 120  30   -1 6.2 3.1 ..10  2  1
667 14
-1;9  -1.45  6.15  3.05origin: 40 120  30   -1 6.2 3.1 ..10  2  1
667 15
-1;9  -1.35  6.15  3.05origin: 40 120  30   -1 6.2 3.1 ..10  2  1
667 16
-1;9  -1.25  6.15  3.05origin: 40 120  30   -1 6.2 3.1 ..10  2  1
667 17
-1;9  -1.15  6.15  3.05origin: 40 120  30   -1 6.2 3.1 ..10  2  1
667 18
-1;9  -1.05  6.15  3.05origin: 40 120  30   -1 6.2 3.1 ..10  2  1
667 19
-3.99395 -2.99912  1.19427[0;34m New root [0m
[33m[WARN] [1790606182.543737576, 24.007000000]: id:1 Infeasible1! DTG refuse to update![0m
-3.99075  3.00458  1.20147[0;34m New root [0m
[33m[WARN] [1790606182.548463105, 24.007000000]: id:2 Infeasible1! DTG refuse to update![0m
-1;9  -1.95  6.15  3.05origin: 40 120  30   -1 6.2 3.1 ..10  2  1
667 10
-1;9  -1.85  6.15  3.05origin: 40 120  30   -1 6.2 3.1 ..10  2  1
667 11
-1;9  -1.75  6.15  3.05origin: 40 120  30   -1 6.2 3.1 ..10  2  1
667 12
-1;9  -1.65  6.15  3.05origin: 40 120  30   -1 6.2 3.1 ..10  2  1
667 13
-1;9  -1.55  6.15  3.05origin: 40 120  30   -1 6.2 3.1 ..10  2  1
667 14
-1;9  -1.45  6.15  3.05origin: 40 120  30   -1 6.2 3.1 ..10  2  1
667 15
-1;9  -1.35  6.15  3.05origin: 40 120  30   -1 6.2 3.1 ..10  2  1
667 16
-1;9  -1.25  6.15  3.05origin: 40 120  30   -1 6.2 3.1 ..10  2  1
667 17
-1;9  -1.15  6.15  3.05origin: 40 120  30   -1 6.2 3.1 ..10  2  1
667 18
-1;9  -1.05  6.15  3.05origin: 40 120  30   -1 6.2 3.1 ..10  2  1
667 19
-3.99471 -2.99756  1.19653[0;34m New root [0m
[33m[WARN] [1790606182.743504327, 24.208999999]: id:1 Infeasible1! DTG refuse to update![0m
-3.99245  3.00257  1.19416[0;34m New root [0m
[33m[WARN] [1790606182.746815440, 24.208999999]: id:2 Infeasible1! DTG refuse to update![0m
[0;44m id:2 Partition[0m
[33m[WARN] [1790606182.777997981, 24.245000000]: id:2 LocalGVP![0m
[0;44m id:1 Partition[0m
[33m[WARN] [1790606182.778262572, 24.245000000]: id:1 LocalGVP![0m
-1;9  -1.95  6.15  3.05origin: 40 120  30   -1 6.2 3.1 ..10  2  1
667 10
-1;9  -1.85  6.15  3.05origin: 40 120  30   -1 6.2 3.1 ..10  2  1
667 11
-1;9  -1.75  6.15  3.05origin: 40 120  30   -1 6.2 3.1 ..10  2  1
667 12
-1;9  -1.65  6.15  3.05origin: 40 120  30   -1 6.2 3.1 ..10  2  1
667 13
-1;9  -1.55  6.15  3.05origin: 40 120  30   -1 6.2 3.1 ..10  2  1
667 14
-1;9  -1.45  6.15  3.05origin: 40 120  30   -1 6.2 3.1 ..10  2  1
667 15
-1;9  -1.35  6.15  3.05origin: 40 120  30   -1 6.2 3.1 ..10  2  1
667 16
-1;9  -1.25  6.15  3.05origin: 40 120  30   -1 6.2 3.1 ..10  2  1
667 17
-1;9  -1.15  6.15  3.05origin: 40 120  30   -1 6.2 3.1 ..10  2  1
667 18
-1;9  -1.05  6.15  3.05origin: 40 120  30   -1 6.2 3.1 ..10  2  1
667 19
 -3.9947 -3.00349  1.20576[0;34m New root [0m
[33m[WARN] [1790606182.946036834, 24.410000000]: id:1 Infeasible1! DTG refuse to update![0m
-4.00078  2.99912  1.19635[0;34m New root [0m
[33m[WARN] [1790606182.950671692, 24.410000000]: id:2 Infeasible1! DTG refuse to update![0m
-1;9  -1.95  6.15  3.05origin: 40 120  30   -1 6.2 3.1 ..10  2  1
667 10
-1;9  -1.85  6.15  3.05origin: 40 120  30   -1 6.2 3.1 ..10  2  1
667 11
-1;9  -1.75  6.15  3.05origin: 40 120  30   -1 6.2 3.1 ..10  2  1
667 12
-1;9  -1.65  6.15  3.05origin: 40 120  30   -1 6.2 3.1 ..10  2  1
667 13
-1;9  -1.55  6.15  3.05origin: 40 120  30   -1 6.2 3.1 ..10  2  1
667 14
-1;9  -1.45  6.15  3.05origin: 40 120  30   -1 6.2 3.1 ..10  2  1
667 15
-1;9  -1.35  6.15  3.05origin: 40 120  30   -1 6.2 3.1 ..10  2  1
667 16
-1;9  -1.25  6.15  3.05origin: 40 120  30   -1 6.2 3.1 ..10  2  1
667 17
-1;9  -1.15  6.15  3.05origin: 40 120  30   -1 6.2 3.1 ..10  2  1
667 18
-1;9  -1.05  6.15  3.05origin: 40 120  30   -1 6.2 3.1 ..10  2  1
667 19
-4.00294 -2.99728  1.19963[0;34m New root [0m
[33m[WARN] [1790606183.143619118, 24.602000000]: id:1 Infeasible1! DTG refuse to update![0m
-4.00576  3.00072  1.19797[0;34m New root [0m
[33m[WARN] [1790606183.148751016, 24.611000000]: id:2 Infeasible1! DTG refuse to update![0m
-1;9  -1.95  6.15  3.05origin: 40 120  30   -1 6.2 3.1 ..10  2  1
667 10
-1;9  -1.85  6.15  3.05origin: 40 120  30   -1 6.2 3.1 ..10  2  1
667 11
-1;9  -1.75  6.15  3.05origin: 40 120  30   -1 6.2 3.1 ..10  2  1
667 12
-1;9  -1.65  6.15  3.05origin: 40 120  30   -1 6.2 3.1 ..10  2  1
667 13
-1;9  -1.55  6.15  3.05origin: 40 120  30   -1 6.2 3.1 ..10  2  1
667 14
-1;9  -1.45  6.15  3.05origin: 40 120  30   -1 6.2 3.1 ..10  2  1
667 15
-1;9  -1.35  6.15  3.05origin: 40 120  30   -1 6.2 3.1 ..10  2  1
667 16
-1;9  -1.25  6.15  3.05origin: 40 120  30   -1 6.2 3.1 ..10  2  1
667 17
-1;9  -1.15  6.15  3.05origin: 40 120  30   -1 6.2 3.1 ..10  2  1
667 18
-1;9  -1.05  6.15  3.05origin: 40 120  30   -1 6.2 3.1 ..10  2  1
667 19
-4.00128 -2.98999  1.20177[0;34m New root [0m
[33m[WARN] [1790606183.344528647, 24.812000000]: id:1 Infeasible1! DTG refuse to update![0m
 -4.008 3.00012 1.20092[0;34m New root [0m
[33m[WARN] [1790606183.350823168, 24.812000000]: id:2 Infeasible1! DTG refuse to update![0m
-1;9  -1.95  6.15  3.05origin: 40 120  30   -1 6.2 3.1 ..10  2  1
667 10
-1;9  -1.85  6.15  3.05origin: 40 120  30   -1 6.2 3.1 ..10  2  1
667 11
-1;9  -1.75  6.15  3.05origin: 40 120  30   -1 6.2 3.1 ..10  2  1
667 12
-1;9  -1.65  6.15  3.05origin: 40 120  30   -1 6.2 3.1 ..10  2  1
667 13
-1;9  -1.55  6.15  3.05origin: 40 120  30   -1 6.2 3.1 ..10  2  1
667 14
-1;9  -1.45  6.15  3.05origin: 40 120  30   -1 6.2 3.1 ..10  2  1
667 15
-1;9  -1.35  6.15  3.05origin: 40 120  30   -1 6.2 3.1 ..10  2  1
667 16
-1;9  -1.25  6.15  3.05origin: 40 120  30   -1 6.2 3.1 ..10  2  1
667 17
-1;9  -1.15  6.15  3.05origin: 40 120  30   -1 6.2 3.1 ..10  2  1
667 18
-1;9  -1.05  6.15  3.05origin: 40 120  30   -1 6.2 3.1 ..10  2  1
667 19
  -3.998 -2.99566  1.19609[0;34m New root [0m
[33m[WARN] [1790606183.542585876, 25.004000000]: id:1 Infeasible1! DTG refuse to update![0m
-3.99905  3.00711   1.2035[0;34m New root [0m
[33m[WARN] [1790606183.548690344, 25.013000000]: id:2 Infeasible1! DTG refuse to update![0m
-1;9  -1.95  6.15  3.05origin: 40 120  30   -1 6.2 3.1 ..10  2  1
667 10
-1;9  -1.85  6.15  3.05origin: 40 120  30   -1 6.2 3.1 ..10  2  1
667 11
-1;9  -1.75  6.15  3.05origin: 40 120  30   -1 6.2 3.1 ..10  2  1
667 12
-1;9  -1.65  6.15  3.05origin: 40 120  30   -1 6.2 3.1 ..10  2  1
667 13
-1;9  -1.55  6.15  3.05origin: 40 120  30   -1 6.2 3.1 ..10  2  1
667 14
-1;9  -1.45  6.15  3.05origin: 40 120  30   -1 6.2 3.1 ..10  2  1
667 15
-1;9  -1.35  6.15  3.05origin: 40 120  30   -1 6.2 3.1 ..10  2  1
667 16
-1;9  -1.25  6.15  3.05origin: 40 120  30   -1 6.2 3.1 ..10  2  1
667 17
-1;9  -1.15  6.15  3.05origin: 40 120  30   -1 6.2 3.1 ..10  2  1
667 18
-1;9  -1.05  6.15  3.05origin: 40 120  30   -1 6.2 3.1 ..10  2  1
667 19
-3.99759 -3.00168    1.196[0;34m New root [0m
[33m[WARN] [1790606183.744078281, 25.205999999]: id:1 Infeasible1! DTG refuse to update![0m
-3.98888  3.00823  1.20161[0;34m New root [0m
[33m[WARN] [1790606183.748010621, 25.214999999]: id:2 Infeasible1! DTG refuse to update![0m
-1;9  -1.95  6.15  3.05origin: 40 120  30   -1 6.2 3.1 ..10  2  1
667 10
-1;9  -1.85  6.15  3.05origin: 40 120  30   -1 6.2 3.1 ..10  2  1
667 11
-1;9  -1.75  6.15  3.05origin: 40 120  30   -1 6.2 3.1 ..10  2  1
667 12
-1;9  -1.65  6.15  3.05origin: 40 120  30   -1 6.2 3.1 ..10  2  1
667 13
-1;9  -1.55  6.15  3.05origin: 40 120  30   -1 6.2 3.1 ..10  2  1
667 14
-1;9  -1.45  6.15  3.05origin: 40 120  30   -1 6.2 3.1 ..10  2  1
667 15
-1;9  -1.35  6.15  3.05origin: 40 120  30   -1 6.2 3.1 ..10  2  1
667 16
-1;9  -1.25  6.15  3.05origin: 40 120  30   -1 6.2 3.1 ..10  2  1
667 17
-1;9  -1.15  6.15  3.05origin: 40 120  30   -1 6.2 3.1 ..10  2  1
667 18
-1;9  -1.05  6.15  3.05origin: 40 120  30   -1 6.2 3.1 ..10  2  1
667 19
-4.00497  -2.9964  1.20762[0;34m New root [0m
[33m[WARN] [1790606183.943298049, 25.407000000]: id:1 Infeasible1! DTG refuse to update![0m
-3.99275    3.015  1.19943[0;34m New root [0m
[33m[WARN] [1790606183.949556427, 25.416000000]: id:2 Infeasible1! DTG refuse to update![0m
-1;9  -1.95  6.15  3.05origin: 40 120  30   -1 6.2 3.1 ..10  2  1
667 10
-1;9  -1.85  6.15  3.05origin: 40 120  30   -1 6.2 3.1 ..10  2  1
667 11
-1;9  -1.75  6.15  3.05origin: 40 120  30   -1 6.2 3.1 ..10  2  1
667 12
-1;9  -1.65  6.15  3.05origin: 40 120  30   -1 6.2 3.1 ..10  2  1
667 13
-1;9  -1.55  6.15  3.05origin: 40 120  30   -1 6.2 3.1 ..10  2  1
667 14
-1;9  -1.45  6.15  3.05origin: 40 120  30   -1 6.2 3.1 ..10  2  1
667 15
-1;9  -1.35  6.15  3.05origin: 40 120  30   -1 6.2 3.1 ..10  2  1
667 16
-1;9  -1.25  6.15  3.05origin: 40 120  30   -1 6.2 3.1 ..10  2  1
667 17
-1;9  -1.15  6.15  3.05origin: 40 120  30   -1 6.2 3.1 ..10  2  1
667 18
-1;9  -1.05  6.15  3.05origin: 40 120  30   -1 6.2 3.1 ..10  2  1
667 19
 -4.0032 -2.99428  1.20399[0;34m New root [0m
[33m[WARN] [1790606184.142961123, 25.608000000]: id:1 Infeasible1! DTG refuse to update![0m
-4.00075  3.00204  1.19765[0;34m New root [0m
[33m[WARN] [1790606184.148491845, 25.608000000]: id:2 Infeasible1! DTG refuse to update![0m
-1;9  -1.95  6.15  3.05origin: 40 120  30   -1 6.2 3.1 ..10  2  1
667 10
-1;9  -1.85  6.15  3.05origin: 40 120  30   -1 6.2 3.1 ..10  2  1
667 11
-1;9  -1.75  6.15  3.05origin: 40 120  30   -1 6.2 3.1 ..10  2  1
667 12
-1;9  -1.65  6.15  3.05origin: 40 120  30   -1 6.2 3.1 ..10  2  1
667 13
-1;9  -1.55  6.15  3.05origin: 40 120  30   -1 6.2 3.1 ..10  2  1
667 14
-1;9  -1.45  6.15  3.05origin: 40 120  30   -1 6.2 3.1 ..10  2  1
667 15
-1;9  -1.35  6.15  3.05origin: 40 120  30   -1 6.2 3.1 ..10  2  1
667 16
-1;9  -1.25  6.15  3.05origin: 40 120  30   -1 6.2 3.1 ..10  2  1
667 17
-1;9  -1.15  6.15  3.05origin: 40 120  30   -1 6.2 3.1 ..10  2  1
667 18
-1;9  -1.05  6.15  3.05origin: 40 120  30   -1 6.2 3.1 ..10  2  1
667 19
-3.99668 -2.99892  1.20559[0;34m New root [0m
[33m[WARN] [1790606184.344050367, 25.809000000]: id:1 Infeasible1! DTG refuse to update![0m
-3.99933   3.0014  1.19426[0;34m New root [0m
[33m[WARN] [1790606184.348361188, 25.809000000]: id:2 Infeasible1! DTG refuse to update![0m
-1;9  -1.95  6.15  3.05origin: 40 120  30   -1 6.2 3.1 ..10  2  1
667 10
-1;9  -1.85  6.15  3.05origin: 40 120  30   -1 6.2 3.1 ..10  2  1
667 11
-1;9  -1.75  6.15  3.05origin: 40 120  30   -1 6.2 3.1 ..10  2  1
667 12
-1;9  -1.65  6.15  3.05origin: 40 120  30   -1 6.2 3.1 ..10  2  1
667 13
-1;9  -1.55  6.15  3.05origin: 40 120  30   -1 6.2 3.1 ..10  2  1
667 14
-1;9  -1.45  6.15  3.05origin: 40 120  30   -1 6.2 3.1 ..10  2  1
667 15
-1;9  -1.35  6.15  3.05origin: 40 120  30   -1 6.2 3.1 ..10  2  1
667 16
-1;9  -1.25  6.15  3.05origin: 40 120  30   -1 6.2 3.1 ..10  2  1
667 17
-1;9  -1.15  6.15  3.05origin: 40 120  30   -1 6.2 3.1 ..10  2  1
667 18
-1;9  -1.05  6.15  3.05origin: 40 120  30   -1 6.2 3.1 ..10  2  1
667 19
-4.00036 -3.00899  1.19786[0;34m New root [0m
[33m[WARN] [1790606184.543643364, 26.010000000]: id:1 Infeasible1! DTG refuse to update![0m
-3.99582  2.99761  1.20375[0;34m New root [0m
[33m[WARN] [1790606184.548445055, 26.010000000]: id:2 Infeasible1! DTG refuse to update![0m
-1;9  -1.95  6.15  3.05origin: 40 120  30   -1 6.2 3.1 ..10  2  1
667 10
-1;9  -1.85  6.15  3.05origin: 40 120  30   -1 6.2 3.1 ..10  2  1
667 11
-1;9  -1.75  6.15  3.05origin: 40 120  30   -1 6.2 3.1 ..10  2  1
667 12
-1;9  -1.65  6.15  3.05origin: 40 120  30   -1 6.2 3.1 ..10  2  1
667 13
-1;9  -1.55  6.15  3.05origin: 40 120  30   -1 6.2 3.1 ..10  2  1
667 14
-1;9  -1.45  6.15  3.05origin: 40 120  30   -1 6.2 3.1 ..10  2  1
667 15
-1;9  -1.35  6.15  3.05origin: 40 120  30   -1 6.2 3.1 ..10  2  1
667 16
-1;9  -1.25  6.15  3.05origin: 40 120  30   -1 6.2 3.1 ..10  2  1
667 17
-1;9  -1.15  6.15  3.05origin: 40 120  30   -1 6.2 3.1 ..10  2  1
667 18
-1;9  -1.05  6.15  3.05origin: 40 120  30   -1 6.2 3.1 ..10  2  1
667 19
-3.99448 -3.00308   1.2109[0;34m New root [0m
[33m[WARN] [1790606184.744485818, 26.202000000]: id:1 Infeasible1! DTG refuse to update![0m
-4.00117  2.99729   1.2047[0;34m New root [0m
[33m[WARN] [1790606184.747672369, 26.211999999]: id:2 Infeasible1! DTG refuse to update![0m
-1;9  -1.95  6.15  3.05origin: 40 120  30   -1 6.2 3.1 ..10  2  1
667 10
-1;9  -1.85  6.15  3.05origin: 40 120  30   -1 6.2 3.1 ..10  2  1
667 11
-1;9  -1.75  6.15  3.05origin: 40 120  30   -1 6.2 3.1 ..10  2  1
667 12
-1;9  -1.65  6.15  3.05origin: 40 120  30   -1 6.2 3.1 ..10  2  1
667 13
-1;9  -1.55  6.15  3.05origin: 40 120  30   -1 6.2 3.1 ..10  2  1
667 14
-1;9  -1.45  6.15  3.05origin: 40 120  30   -1 6.2 3.1 ..10  2  1
667 15
-1;9  -1.35  6.15  3.05origin: 40 120  30   -1 6.2 3.1 ..10  2  1
667 16
-1;9  -1.25  6.15  3.05origin: 40 120  30   -1 6.2 3.1 ..10  2  1
667 17
-1;9  -1.15  6.15  3.05origin: 40 120  30   -1 6.2 3.1 ..10  2  1
667 18
-1;9  -1.05  6.15  3.05origin: 40 120  30   -1 6.2 3.1 ..10  2  1
667 19
-4.00473 -3.00185  1.20491[0;34m New root [0m
[33m[WARN] [1790606184.942840696, 26.403999999]: id:1 Infeasible1! DTG refuse to update![0m
-3.99747  2.99502  1.20084[0;34m New root [0m
[33m[WARN] [1790606184.947101993, 26.413000000]: id:2 Infeasible1! DTG refuse to update![0m
-1;9  -1.95  6.15  3.05origin: 40 120  30   -1 6.2 3.1 ..10  2  1
667 10
-1;9  -1.85  6.15  3.05origin: 40 120  30   -1 6.2 3.1 ..10  2  1
667 11
-1;9  -1.75  6.15  3.05origin: 40 120  30   -1 6.2 3.1 ..10  2  1
667 12
-1;9  -1.65  6.15  3.05origin: 40 120  30   -1 6.2 3.1 ..10  2  1
667 13
-1;9  -1.55  6.15  3.05origin: 40 120  30   -1 6.2 3.1 ..10  2  1
667 14
-1;9  -1.45  6.15  3.05origin: 40 120  30   -1 6.2 3.1 ..10  2  1
667 15
-1;9  -1.35  6.15  3.05origin: 40 120  30   -1 6.2 3.1 ..10  2  1
667 16
-1;9  -1.25  6.15  3.05origin: 40 120  30   -1 6.2 3.1 ..10  2  1
667 17
-1;9  -1.15  6.15  3.05origin: 40 120  30   -1 6.2 3.1 ..10  2  1
667 18
-1;9  -1.05  6.15  3.05origin: 40 120  30   -1 6.2 3.1 ..10  2  1
667 19
-3.99589 -2.99849  1.20536[0;34m New root [0m
[33m[WARN] [1790606185.143382167, 26.605000000]: id:1 Infeasible1! DTG refuse to update![0m
-3.99169   2.9963  1.19689[0;34m New root [0m
[33m[WARN] [1790606185.147957745, 26.614000000]: id:2 Infeasible1! DTG refuse to update![0m
-1;9  -1.95  6.15  3.05origin: 40 120  30   -1 6.2 3.1 ..10  2  1
667 10
-1;9  -1.85  6.15  3.05origin: 40 120  30   -1 6.2 3.1 ..10  2  1
667 11
-1;9  -1.75  6.15  3.05origin: 40 120  30   -1 6.2 3.1 ..10  2  1
667 12
-1;9  -1.65  6.15  3.05origin: 40 120  30   -1 6.2 3.1 ..10  2  1
667 13
-1;9  -1.55  6.15  3.05origin: 40 120  30   -1 6.2 3.1 ..10  2  1
667 14
-1;9  -1.45  6.15  3.05origin: 40 120  30   -1 6.2 3.1 ..10  2  1
667 15
-1;9  -1.35  6.15  3.05origin: 40 120  30   -1 6.2 3.1 ..10  2  1
667 16
-1;9  -1.25  6.15  3.05origin: 40 120  30   -1 6.2 3.1 ..10  2  1
667 17
-1;9  -1.15  6.15  3.05origin: 40 120  30   -1 6.2 3.1 ..10  2  1
667 18
-1;9  -1.05  6.15  3.05origin: 40 120  30   -1 6.2 3.1 ..10  2  1
667 19
-4.00922   -3.003  1.20493[0;34m New root [0m
[33m[WARN] [1790606185.343525689, 26.806000000]: id:1 Infeasible1! DTG refuse to update![0m
-3.99668  2.99506  1.20115[0;34m New root [0m
[33m[WARN] [1790606185.346706779, 26.806000000]: id:2 Infeasible1! DTG refuse to update![0m
-1;9  -1.95  6.15  3.05origin: 40 120  30   -1 6.2 3.1 ..10  2  1
667 10
-1;9  -1.85  6.15  3.05origin: 40 120  30   -1 6.2 3.1 ..10  2  1
667 11
-1;9  -1.75  6.15  3.05origin: 40 120  30   -1 6.2 3.1 ..10  2  1
667 12
-1;9  -1.65  6.15  3.05origin: 40 120  30   -1 6.2 3.1 ..10  2  1
667 13
-1;9  -1.55  6.15  3.05origin: 40 120  30   -1 6.2 3.1 ..10  2  1
667 14
-1;9  -1.45  6.15  3.05origin: 40 120  30   -1 6.2 3.1 ..10  2  1
667 15
-1;9  -1.35  6.15  3.05origin: 40 120  30   -1 6.2 3.1 ..10  2  1
667 16
-1;9  -1.25  6.15  3.05origin: 40 120  30   -1 6.2 3.1 ..10  2  1
667 17
-1;9  -1.15  6.15  3.05origin: 40 120  30   -1 6.2 3.1 ..10  2  1
667 18
-1;9  -1.05  6.15  3.05origin: 40 120  30   -1 6.2 3.1 ..10  2  1
667 19
-4.00051 -3.00595  1.19988[0;34m New root [0m
[33m[WARN] [1790606185.543795607, 27.007000000]: id:1 Infeasible1! DTG refuse to update![0m
-3.9942 3.00118 1.19827[0;34m New root [0m
[33m[WARN] [1790606185.547474738, 27.007000000]: id:2 Infeasible1! DTG refuse to update![0m
-1;9  -1.95  6.15  3.05origin: 40 120  30   -1 6.2 3.1 ..10  2  1
667 10
-1;9  -1.85  6.15  3.05origin: 40 120  30   -1 6.2 3.1 ..10  2  1
667 11
-1;9  -1.75  6.15  3.05origin: 40 120  30   -1 6.2 3.1 ..10  2  1
667 12
-1;9  -1.65  6.15  3.05origin: 40 120  30   -1 6.2 3.1 ..10  2  1
667 13
-1;9  -1.55  6.15  3.05origin: 40 120  30   -1 6.2 3.1 ..10  2  1
667 14
-1;9  -1.45  6.15  3.05origin: 40 120  30   -1 6.2 3.1 ..10  2  1
667 15
-1;9  -1.35  6.15  3.05origin: 40 120  30   -1 6.2 3.1 ..10  2  1
667 16
-1;9  -1.25  6.15  3.05origin: 40 120  30   -1 6.2 3.1 ..10  2  1
667 17
-1;9  -1.15  6.15  3.05origin: 40 120  30   -1 6.2 3.1 ..10  2  1
667 18
-1;9  -1.05  6.15  3.05origin: 40 120  30   -1 6.2 3.1 ..10  2  1
667 19
-3.99932 -3.00506  1.19453[0;34m New root [0m
[33m[WARN] [1790606185.743476690, 27.208999999]: id:1 Infeasible1! DTG refuse to update![0m
-3.99417  3.00148  1.20229[0;34m New root [0m
[33m[WARN] [1790606185.747163365, 27.208999999]: id:2 Infeasible1! DTG refuse to update![0m
[0;44m id:2 Partition[0m
[0;44m id:1 Partition[0m
[33m[WARN] [1790606185.806775115, 27.272999999]: id:2 LocalGVP![0m
[33m[WARN] [1790606185.806836562, 27.272999999]: id:1 LocalGVP![0m
-1;9  -1.95  6.15  3.05origin: 40 120  30   -1 6.2 3.1 ..10  2  1
667 10
-1;9  -1.85  6.15  3.05origin: 40 120  30   -1 6.2 3.1 ..10  2  1
667 11
-1;9  -1.75  6.15  3.05origin: 40 120  30   -1 6.2 3.1 ..10  2  1
667 12
-1;9  -1.65  6.15  3.05origin: 40 120  30   -1 6.2 3.1 ..10  2  1
667 13
-1;9  -1.55  6.15  3.05origin: 40 120  30   -1 6.2 3.1 ..10  2  1
667 14
-1;9  -1.45  6.15  3.05origin: 40 120  30   -1 6.2 3.1 ..10  2  1
667 15
-1;9  -1.35  6.15  3.05origin: 40 120  30   -1 6.2 3.1 ..10  2  1
667 16
-1;9  -1.25  6.15  3.05origin: 40 120  30   -1 6.2 3.1 ..10  2  1
667 17
-1;9  -1.15  6.15  3.05origin: 40 120  30   -1 6.2 3.1 ..10  2  1
667 18
-1;9  -1.05  6.15  3.05origin: 40 120  30   -1 6.2 3.1 ..10  2  1
667 19
-4.00064 -3.00281  1.19346[0;34m New root [0m
[33m[WARN] [1790606185.946567601, 27.410000000]: id:1 Infeasible1! DTG refuse to update![0m
-4.0024 3.00192 1.19933[0;34m New root [0m
[33m[WARN] [1790606185.950842779, 27.410000000]: id:2 Infeasible1! DTG refuse to update![0m
-1;9  -1.95  6.15  3.05origin: 40 120  30   -1 6.2 3.1 ..10  2  1
667 10
-1;9  -1.85  6.15  3.05origin: 40 120  30   -1 6.2 3.1 ..10  2  1
667 11
-1;9  -1.75  6.15  3.05origin: 40 120  30   -1 6.2 3.1 ..10  2  1
667 12
-1;9  -1.65  6.15  3.05origin: 40 120  30   -1 6.2 3.1 ..10  2  1
667 13
-1;9  -1.55  6.15  3.05origin: 40 120  30   -1 6.2 3.1 ..10  2  1
667 14
-1;9  -1.45  6.15  3.05origin: 40 120  30   -1 6.2 3.1 ..10  2  1
667 15
-1;9  -1.35  6.15  3.05origin: 40 120  30   -1 6.2 3.1 ..10  2  1
667 16
-1;9  -1.25  6.15  3.05origin: 40 120  30   -1 6.2 3.1 ..10  2  1
667 17
-1;9  -1.15  6.15  3.05origin: 40 120  30   -1 6.2 3.1 ..10  2  1
667 18
-1;9  -1.05  6.15  3.05origin: 40 120  30   -1 6.2 3.1 ..10  2  1
667 19
-3.99585 -2.99587  1.19361[0;34m New root [0m
[33m[WARN] [1790606186.142706538, 27.602000000]: id:1 Infeasible1! DTG refuse to update![0m
-3.99902  3.00438  1.19413[0;34m New root [0m
[33m[WARN] [1790606186.147572553, 27.611000000]: id:2 Infeasible1! DTG refuse to update![0m
-1;9  -1.95  6.15  3.05origin: 40 120  30   -1 6.2 3.1 ..10  2  1
667 10
-1;9  -1.85  6.15  3.05origin: 40 120  30   -1 6.2 3.1 ..10  2  1
667 11
-1;9  -1.75  6.15  3.05origin: 40 120  30   -1 6.2 3.1 ..10  2  1
667 12
-1;9  -1.65  6.15  3.05origin: 40 120  30   -1 6.2 3.1 ..10  2  1
667 13
-1;9  -1.55  6.15  3.05origin: 40 120  30   -1 6.2 3.1 ..10  2  1
667 14
-1;9  -1.45  6.15  3.05origin: 40 120  30   -1 6.2 3.1 ..10  2  1
667 15
-1;9  -1.35  6.15  3.05origin: 40 120  30   -1 6.2 3.1 ..10  2  1
667 16
-1;9  -1.25  6.15  3.05origin: 40 120  30   -1 6.2 3.1 ..10  2  1
667 17
-1;9  -1.15  6.15  3.05origin: 40 120  30   -1 6.2 3.1 ..10  2  1
667 18
-1;9  -1.05  6.15  3.05origin: 40 120  30   -1 6.2 3.1 ..10  2  1
667 19
-3.99573  -3.0016  1.20032[0;34m New root [0m
[33m[WARN] [1790606186.342876282, 27.803000000]: id:1 Infeasible1! DTG refuse to update![0m
-4.00009  3.01067   1.1982[0;34m New root [0m
[33m[WARN] [1790606186.347961656, 27.812000000]: id:2 Infeasible1! DTG refuse to update![0m
-1;9  -1.95  6.15  3.05origin: 40 120  30   -1 6.2 3.1 ..10  2  1
667 10
-1;9  -1.85  6.15  3.05origin: 40 120  30   -1 6.2 3.1 ..10  2  1
667 11
-1;9  -1.75  6.15  3.05origin: 40 120  30   -1 6.2 3.1 ..10  2  1
667 12
-1;9  -1.65  6.15  3.05origin: 40 120  30   -1 6.2 3.1 ..10  2  1
667 13
-1;9  -1.55  6.15  3.05origin: 40 120  30   -1 6.2 3.1 ..10  2  1
667 14
-1;9  -1.45  6.15  3.05origin: 40 120  30   -1 6.2 3.1 ..10  2  1
667 15
-1;9  -1.35  6.15  3.05origin: 40 120  30   -1 6.2 3.1 ..10  2  1
667 16
-1;9  -1.25  6.15  3.05origin: 40 120  30   -1 6.2 3.1 ..10  2  1
667 17
-1;9  -1.15  6.15  3.05origin: 40 120  30   -1 6.2 3.1 ..10  2  1
667 18
-1;9  -1.05  6.15  3.05origin: 40 120  30   -1 6.2 3.1 ..10  2  1
667 19
-3.98556 -2.99965  1.20006[0;34m New root [0m
[33m[WARN] [1790606186.543011549, 28.004000000]: id:1 Infeasible1! DTG refuse to update![0m
-4.0084 3.00142 1.19606[0;34m New root [0m
[33m[WARN] [1790606186.549818826, 28.013000000]: id:2 Infeasible1! DTG refuse to update![0m
-1;9  -1.95  6.15  3.05origin: 40 120  30   -1 6.2 3.1 ..10  2  1
667 10
-1;9  -1.85  6.15  3.05origin: 40 120  30   -1 6.2 3.1 ..10  2  1
667 11
-1;9  -1.75  6.15  3.05origin: 40 120  30   -1 6.2 3.1 ..10  2  1
667 12
-1;9  -1.65  6.15  3.05origin: 40 120  30   -1 6.2 3.1 ..10  2  1
667 13
-1;9  -1.55  6.15  3.05origin: 40 120  30   -1 6.2 3.1 ..10  2  1
667 14
-1;9  -1.45  6.15  3.05origin: 40 120  30   -1 6.2 3.1 ..10  2  1
667 15
-1;9  -1.35  6.15  3.05origin: 40 120  30   -1 6.2 3.1 ..10  2  1
667 16
-1;9  -1.25  6.15  3.05origin: 40 120  30   -1 6.2 3.1 ..10  2  1
667 17
-1;9  -1.15  6.15  3.05origin: 40 120  30   -1 6.2 3.1 ..10  2  1
667 18
-1;9  -1.05  6.15  3.05origin: 40 120  30   -1 6.2 3.1 ..10  2  1
667 19
-3.99493 -2.99425  1.19428[0;34m New root [0m
[33m[WARN] [1790606186.745842122, 28.205999999]: id:1 Infeasible1! DTG refuse to update![0m
-4.00146  3.00098  1.19638[0;34m New root [0m
[33m[WARN] [1790606186.751750992, 28.214999999]: id:2 Infeasible1! DTG refuse to update![0m
-1;9  -1.95  6.15  3.05origin: 40 120  30   -1 6.2 3.1 ..10  2  1
667 10
-1;9  -1.85  6.15  3.05origin: 40 120  30   -1 6.2 3.1 ..10  2  1
667 11
-1;9  -1.75  6.15  3.05origin: 40 120  30   -1 6.2 3.1 ..10  2  1
667 12
-1;9  -1.65  6.15  3.05origin: 40 120  30   -1 6.2 3.1 ..10  2  1
667 13
-1;9  -1.55  6.15  3.05origin: 40 120  30   -1 6.2 3.1 ..10  2  1
667 14
-1;9  -1.45  6.15  3.05origin: 40 120  30   -1 6.2 3.1 ..10  2  1
667 15
-1;9  -1.35  6.15  3.05origin: 40 120  30   -1 6.2 3.1 ..10  2  1
667 16
-1;9  -1.25  6.15  3.05origin: 40 120  30   -1 6.2 3.1 ..10  2  1
667 17
-1;9  -1.15  6.15  3.05origin: 40 120  30   -1 6.2 3.1 ..10  2  1
667 18
-1;9  -1.05  6.15  3.05origin: 40 120  30   -1 6.2 3.1 ..10  2  1
667 19
-3.99198 -2.99746  1.20168[0;34m New root [0m
[33m[WARN] [1790606186.943005405, 28.407000000]: id:1 Infeasible1! DTG refuse to update![0m
-4.00551  3.00515  1.20534[0;34m New root [0m
[33m[WARN] [1790606186.947519327, 28.407000000]: id:2 Infeasible1! DTG refuse to update![0m
-1;9  -1.95  6.15  3.05origin: 40 120  30   -1 6.2 3.1 ..10  2  1
667 10
-1;9  -1.85  6.15  3.05origin: 40 120  30   -1 6.2 3.1 ..10  2  1
667 11
-1;9  -1.75  6.15  3.05origin: 40 120  30   -1 6.2 3.1 ..10  2  1
667 12
-1;9  -1.65  6.15  3.05origin: 40 120  30   -1 6.2 3.1 ..10  2  1
667 13
-1;9  -1.55  6.15  3.05origin: 40 120  30   -1 6.2 3.1 ..10  2  1
667 14
-1;9  -1.45  6.15  3.05origin: 40 120  30   -1 6.2 3.1 ..10  2  1
667 15
-1;9  -1.35  6.15  3.05origin: 40 120  30   -1 6.2 3.1 ..10  2  1
667 16
-1;9  -1.25  6.15  3.05origin: 40 120  30   -1 6.2 3.1 ..10  2  1
667 17
-1;9  -1.15  6.15  3.05origin: 40 120  30   -1 6.2 3.1 ..10  2  1
667 18
-1;9  -1.05  6.15  3.05origin: 40 120  30   -1 6.2 3.1 ..10  2  1
667 19
-4.00134 -3.00201  1.20374[0;34m New root [0m
[33m[WARN] [1790606187.144538329, 28.608000000]: id:1 Infeasible1! DTG refuse to update![0m
-4.00577  3.00333  1.19701[0;34m New root [0m
[33m[WARN] [1790606187.147415976, 28.608000000]: id:2 Infeasible1! DTG refuse to update![0m
-1;9  -1.95  6.15  3.05origin: 40 120  30   -1 6.2 3.1 ..10  2  1
667 10
-1;9  -1.85  6.15  3.05origin: 40 120  30   -1 6.2 3.1 ..10  2  1
667 11
-1;9  -1.75  6.15  3.05origin: 40 120  30   -1 6.2 3.1 ..10  2  1
667 12
-1;9  -1.65  6.15  3.05origin: 40 120  30   -1 6.2 3.1 ..10  2  1
667 13
-1;9  -1.55  6.15  3.05origin: 40 120  30   -1 6.2 3.1 ..10  2  1
667 14
-1;9  -1.45  6.15  3.05origin: 40 120  30   -1 6.2 3.1 ..10  2  1
667 15
-1;9  -1.35  6.15  3.05origin: 40 120  30   -1 6.2 3.1 ..10  2  1
667 16
-1;9  -1.25  6.15  3.05origin: 40 120  30   -1 6.2 3.1 ..10  2  1
667 17
-1;9  -1.15  6.15  3.05origin: 40 120  30   -1 6.2 3.1 ..10  2  1
667 18
-1;9  -1.05  6.15  3.05origin: 40 120  30   -1 6.2 3.1 ..10  2  1
667 19
     -4 -2.9944  1.2081[0;34m New root [0m
[33m[WARN] [1790606187.345673847, 28.809000000]: id:1 Infeasible1! DTG refuse to update![0m
-4.00483  2.99869  1.19358[0;34m New root [0m
[33m[WARN] [1790606187.350683642, 28.809000000]: id:2 Infeasible1! DTG refuse to update![0m
-1;9  -1.95  6.15  3.05origin: 40 120  30   -1 6.2 3.1 ..10  2  1
667 10
-1;9  -1.85  6.15  3.05origin: 40 120  30   -1 6.2 3.1 ..10  2  1
667 11
-1;9  -1.75  6.15  3.05origin: 40 120  30   -1 6.2 3.1 ..10  2  1
667 12
-1;9  -1.65  6.15  3.05origin: 40 120  30   -1 6.2 3.1 ..10  2  1
667 13
-1;9  -1.55  6.15  3.05origin: 40 120  30   -1 6.2 3.1 ..10  2  1
667 14
-1;9  -1.45  6.15  3.05origin: 40 120  30   -1 6.2 3.1 ..10  2  1
667 15
-1;9  -1.35  6.15  3.05origin: 40 120  30   -1 6.2 3.1 ..10  2  1
667 16
-1;9  -1.25  6.15  3.05origin: 40 120  30   -1 6.2 3.1 ..10  2  1
667 17
-1;9  -1.15  6.15  3.05origin: 40 120  30   -1 6.2 3.1 ..10  2  1
667 18
-1;9  -1.05  6.15  3.05origin: 40 120  30   -1 6.2 3.1 ..10  2  1
667 19
-3.99568 -2.99812  1.20228[0;34m New root [0m
[33m[WARN] [1790606187.543683886, 29.001000000]: id:1 Infeasible1! DTG refuse to update![0m
-4.00513  3.00477  1.19473[0;34m New root [0m
[33m[WARN] [1790606187.548628440, 29.010000000]: id:2 Infeasible1! DTG refuse to update![0m
-1;9  -1.95  6.15  3.05origin: 40 120  30   -1 6.2 3.1 ..10  2  1
667 10
-1;9  -1.85  6.15  3.05origin: 40 120  30   -1 6.2 3.1 ..10  2  1
667 11
-1;9  -1.75  6.15  3.05origin: 40 120  30   -1 6.2 3.1 ..10  2  1
667 12
-1;9  -1.65  6.15  3.05origin: 40 120  30   -1 6.2 3.1 ..10  2  1
667 13
-1;9  -1.55  6.15  3.05origin: 40 120  30   -1 6.2 3.1 ..10  2  1
667 14
-1;9  -1.45  6.15  3.05origin: 40 120  30   -1 6.2 3.1 ..10  2  1
667 15
-1;9  -1.35  6.15  3.05origin: 40 120  30   -1 6.2 3.1 ..10  2  1
667 16
-1;9  -1.25  6.15  3.05origin: 40 120  30   -1 6.2 3.1 ..10  2  1
667 17
-1;9  -1.15  6.15  3.05origin: 40 120  30   -1 6.2 3.1 ..10  2  1
667 18
-1;9  -1.05  6.15  3.05origin: 40 120  30   -1 6.2 3.1 ..10  2  1
667 19
-3.99394 -2.99863  1.20488[0;34m New root [0m
[33m[WARN] [1790606187.744788763, 29.202000000]: id:1 Infeasible1! DTG refuse to update![0m
-4.00697   3.0048  1.19995[0;34m New root [0m
[33m[WARN] [1790606187.748533343, 29.211999999]: id:2 Infeasible1! DTG refuse to update![0m
-1;9  -1.95  6.15  3.05origin: 40 120  30   -1 6.2 3.1 ..10  2  1
667 10
-1;9  -1.85  6.15  3.05origin: 40 120  30   -1 6.2 3.1 ..10  2  1
667 11
-1;9  -1.75  6.15  3.05origin: 40 120  30   -1 6.2 3.1 ..10  2  1
667 12
-1;9  -1.65  6.15  3.05origin: 40 120  30   -1 6.2 3.1 ..10  2  1
667 13
-1;9  -1.55  6.15  3.05origin: 40 120  30   -1 6.2 3.1 ..10  2  1
667 14
-1;9  -1.45  6.15  3.05origin: 40 120  30   -1 6.2 3.1 ..10  2  1
667 15
-1;9  -1.35  6.15  3.05origin: 40 120  30   -1 6.2 3.1 ..10  2  1
667 16
-1;9  -1.25  6.15  3.05origin: 40 120  30   -1 6.2 3.1 ..10  2  1
667 17
-1;9  -1.15  6.15  3.05origin: 40 120  30   -1 6.2 3.1 ..10  2  1
667 18
-1;9  -1.05  6.15  3.05origin: 40 120  30   -1 6.2 3.1 ..10  2  1
667 19
-3.99285 -2.99827  1.20288[0;34m New root [0m
[33m[WARN] [1790606187.944431535, 29.403999999]: id:1 Infeasible1! DTG refuse to update![0m
-4.00386  3.00383  1.20119[0;34m New root [0m
[33m[WARN] [1790606187.949064350, 29.413000000]: id:2 Infeasible1! DTG refuse to update![0m
-1;9  -1.95  6.15  3.05origin: 40 120  30   -1 6.2 3.1 ..10  2  1
667 10
-1;9  -1.85  6.15  3.05origin: 40 120  30   -1 6.2 3.1 ..10  2  1
667 11
-1;9  -1.75  6.15  3.05origin: 40 120  30   -1 6.2 3.1 ..10  2  1
667 12
-1;9  -1.65  6.15  3.05origin: 40 120  30   -1 6.2 3.1 ..10  2  1
667 13
-1;9  -1.55  6.15  3.05origin: 40 120  30   -1 6.2 3.1 ..10  2  1
667 14
-1;9  -1.45  6.15  3.05origin: 40 120  30   -1 6.2 3.1 ..10  2  1
667 15
-1;9  -1.35  6.15  3.05origin: 40 120  30   -1 6.2 3.1 ..10  2  1
667 16
-1;9  -1.25  6.15  3.05origin: 40 120  30   -1 6.2 3.1 ..10  2  1
667 17
-1;9  -1.15  6.15  3.05origin: 40 120  30   -1 6.2 3.1 ..10  2  1
667 18
-1;9  -1.05  6.15  3.05origin: 40 120  30   -1 6.2 3.1 ..10  2  1
667 19
-4.00026 -2.99946  1.20358[0;34m New root [0m
[33m[WARN] [1790606188.144110991, 29.605000000]: id:1 Infeasible1! DTG refuse to update![0m
-3.99582  3.00755  1.20311[0;34m New root [0m
[33m[WARN] [1790606188.149135502, 29.614000000]: id:2 Infeasible1! DTG refuse to update![0m
-1;9  -1.95  6.15  3.05origin: 40 120  30   -1 6.2 3.1 ..10  2  1
667 10
-1;9  -1.85  6.15  3.05origin: 40 120  30   -1 6.2 3.1 ..10  2  1
667 11
-1;9  -1.75  6.15  3.05origin: 40 120  30   -1 6.2 3.1 ..10  2  1
667 12
-1;9  -1.65  6.15  3.05origin: 40 120  30   -1 6.2 3.1 ..10  2  1
667 13
-1;9  -1.55  6.15  3.05origin: 40 120  30   -1 6.2 3.1 ..10  2  1
667 14
-1;9  -1.45  6.15  3.05origin: 40 120  30   -1 6.2 3.1 ..10  2  1
667 15
-1;9  -1.35  6.15  3.05origin: 40 120  30   -1 6.2 3.1 ..10  2  1
667 16
-1;9  -1.25  6.15  3.05origin: 40 120  30   -1 6.2 3.1 ..10  2  1
667 17
-1;9  -1.15  6.15  3.05origin: 40 120  30   -1 6.2 3.1 ..10  2  1
667 18
-1;9  -1.05  6.15  3.05origin: 40 120  30   -1 6.2 3.1 ..10  2  1
667 19
-4.00078 -2.99895  1.19587[0;34m New root [0m
[33m[WARN] [1790606188.344280943, 29.806000000]: id:1 Infeasible1! DTG refuse to update![0m
-3.99711  3.00965  1.20531[0;34m New root [0m
[33m[WARN] [1790606188.349811540, 29.815000000]: id:2 Infeasible1! DTG refuse to update![0m
-1;9  -1.95  6.15  3.05origin: 40 120  30   -1 6.2 3.1 ..10  2  1
667 10
-1;9  -1.85  6.15  3.05origin: 40 120  30   -1 6.2 3.1 ..10  2  1
667 11
-1;9  -1.75  6.15  3.05origin: 40 120  30   -1 6.2 3.1 ..10  2  1
667 12
-1;9  -1.65  6.15  3.05origin: 40 120  30   -1 6.2 3.1 ..10  2  1
667 13
-1;9  -1.55  6.15  3.05origin: 40 120  30   -1 6.2 3.1 ..10  2  1
667 14
-1;9  -1.45  6.15  3.05origin: 40 120  30   -1 6.2 3.1 ..10  2  1
667 15
-1;9  -1.35  6.15  3.05origin: 40 120  30   -1 6.2 3.1 ..10  2  1
667 16
-1;9  -1.25  6.15  3.05origin: 40 120  30   -1 6.2 3.1 ..10  2  1
667 17
-1;9  -1.15  6.15  3.05origin: 40 120  30   -1 6.2 3.1 ..10  2  1
667 18
-1;9  -1.05  6.15  3.05origin: 40 120  30   -1 6.2 3.1 ..10  2  1
667 19
-4.00066 -3.01033  1.20662[0;34m New root [0m
[33m[WARN] [1790606188.543729910, 30.007000000]: id:1 Infeasible1! DTG refuse to update![0m
-3.99604  3.00441  1.20594[0;34m New root [0m
[33m[WARN] [1790606188.547954479, 30.007000000]: id:2 Infeasible1! DTG refuse to update![0m
-1;9  -1.95  6.15  3.05origin: 40 120  30   -1 6.2 3.1 ..10  2  1
667 10
-1;9  -1.85  6.15  3.05origin: 40 120  30   -1 6.2 3.1 ..10  2  1
667 11
-1;9  -1.75  6.15  3.05origin: 40 120  30   -1 6.2 3.1 ..10  2  1
667 12
-1;9  -1.65  6.15  3.05origin: 40 120  30   -1 6.2 3.1 ..10  2  1
667 13
-1;9  -1.55  6.15  3.05origin: 40 120  30   -1 6.2 3.1 ..10  2  1
667 14
-1;9  -1.45  6.15  3.05origin: 40 120  30   -1 6.2 3.1 ..10  2  1
667 15
-1;9  -1.35  6.15  3.05origin: 40 120  30   -1 6.2 3.1 ..10  2  1
667 16
-1;9  -1.25  6.15  3.05origin: 40 120  30   -1 6.2 3.1 ..10  2  1
667 17
-1;9  -1.15  6.15  3.05origin: 40 120  30   -1 6.2 3.1 ..10  2  1
667 18
-1;9  -1.05  6.15  3.05origin: 40 120  30   -1 6.2 3.1 ..10  2  1
667 19
-3.99693 -3.00603  1.20267[0;34m New root [0m
[33m[WARN] [1790606188.743829493, 30.208999999]: id:1 Infeasible1! DTG refuse to update![0m
-3.9922 3.00366 1.20632[0;34m New root [0m
[33m[WARN] [1790606188.749495491, 30.208999999]: id:2 Infeasible1! DTG refuse to update![0m
-1;9  -1.95  6.15  3.05origin: 40 120  30   -1 6.2 3.1 ..10  2  1
667 10
-1;9  -1.85  6.15  3.05origin: 40 120  30   -1 6.2 3.1 ..10  2  1
667 11
-1;9  -1.75  6.15  3.05origin: 40 120  30   -1 6.2 3.1 ..10  2  1
667 12
-1;9  -1.65  6.15  3.05origin: 40 120  30   -1 6.2 3.1 ..10  2  1
667 13
-1;9  -1.55  6.15  3.05origin: 40 120  30   -1 6.2 3.1 ..10  2  1
667 14
-1;9  -1.45  6.15  3.05origin: 40 120  30   -1 6.2 3.1 ..10  2  1
667 15
-1;9  -1.35  6.15  3.05origin: 40 120  30   -1 6.2 3.1 ..10  2  1
667 16
-1;9  -1.25  6.15  3.05origin: 40 120  30   -1 6.2 3.1 ..10  2  1
667 17
-1;9  -1.15  6.15  3.05origin: 40 120  30   -1 6.2 3.1 ..10  2  1
667 18
-1;9  -1.05  6.15  3.05origin: 40 120  30   -1 6.2 3.1 ..10  2  1
667 19
[0;44m id:2 Partition[0m
[33m[WARN] [1790606188.843117404, 30.309000000]: id:2 LocalGVP![0m
[0;44m id:1 Partition[0m
[33m[WARN] [1790606188.843583553, 30.309000000]: id:1 LocalGVP![0m
-3.99749 -3.00193   1.2061[0;34m New root [0m
[33m[WARN] [1790606188.953904645, 30.419000000]: id:1 Infeasible1! DTG refuse to update![0m
-3.98859  2.99551  1.20604[0;34m New root [0m
[33m[WARN] [1790606188.960651183, 30.419000000]: id:2 Infeasible1! DTG refuse to update![0m
-1;9  -1.95  6.15  3.05origin: 40 120  30   -1 6.2 3.1 ..10  2  1
667 10
-1;9  -1.85  6.15  3.05origin: 40 120  30   -1 6.2 3.1 ..10  2  1
667 11
-1;9  -1.75  6.15  3.05origin: 40 120  30   -1 6.2 3.1 ..10  2  1
667 12
-1;9  -1.65  6.15  3.05origin: 40 120  30   -1 6.2 3.1 ..10  2  1
667 13
-1;9  -1.55  6.15  3.05origin: 40 120  30   -1 6.2 3.1 ..10  2  1
667 14
-1;9  -1.45  6.15  3.05origin: 40 120  30   -1 6.2 3.1 ..10  2  1
667 15
-1;9  -1.35  6.15  3.05origin: 40 120  30   -1 6.2 3.1 ..10  2  1
667 16
-1;9  -1.25  6.15  3.05origin: 40 120  30   -1 6.2 3.1 ..10  2  1
667 17
-1;9  -1.15  6.15  3.05origin: 40 120  30   -1 6.2 3.1 ..10  2  1
667 18
-1;9  -1.05  6.15  3.05origin: 40 120  30   -1 6.2 3.1 ..10  2  1
667 19
-3.98567 -2.99985  1.20663[0;34m New root [0m
[33m[WARN] [1790606189.274538215, 30.620000000]: id:1 Infeasible1! DTG refuse to update![0m
-4.00053  2.99579  1.19827[0;34m New root [0m
[33m[WARN] [1790606189.286080483, 30.629000000]: id:2 Infeasible1! DTG refuse to update![0m
-1;9  -1.95  6.15  3.05origin: 40 120  30   -1 6.2 3.1 ..10  2  1
667 10
-1;9  -1.85  6.15  3.05origin: 40 120  30   -1 6.2 3.1 ..10  2  1
667 11
-1;9  -1.75  6.15  3.05origin: 40 120  30   -1 6.2 3.1 ..10  2  1
667 12
-1;9  -1.65  6.15  3.05origin: 40 120  30   -1 6.2 3.1 ..10  2  1
667 13
-1;9  -1.55  6.15  3.05origin: 40 120  30   -1 6.2 3.1 ..10  2  1
667 14
-1;9  -1.45  6.15  3.05origin: 40 120  30   -1 6.2 3.1 ..10  2  1
667 15
-1;9  -1.35  6.15  3.05origin: 40 120  30   -1 6.2 3.1 ..10  2  1
667 16
-1;9  -1.25  6.15  3.05origin: 40 120  30   -1 6.2 3.1 ..10  2  1
667 17
-1;9  -1.15  6.15  3.05origin: 40 120  30   -1 6.2 3.1 ..10  2  1
667 18
-1;9  -1.05  6.15  3.05origin: 40 120  30   -1 6.2 3.1 ..10  2  1
667 19
 -3.9991 -2.99576   1.2072[0;34m New root [0m
[33m[WARN] [1790606189.491274946, 30.814000000]: id:1 Infeasible1! DTG refuse to update![0m
-4.00422  2.99448  1.20516[0;34m New root [0m
[33m[WARN] [1790606189.498208202, 30.823000000]: id:2 Infeasible1! DTG refuse to update![0m
-1;9  -1.95  6.15  3.05origin: 40 120  30   -1 6.2 3.1 ..10  2  1
667 10
-1;9  -1.85  6.15  3.05origin: 40 120  30   -1 6.2 3.1 ..10  2  1
667 11
-1;9  -1.75  6.15  3.05origin: 40 120  30   -1 6.2 3.1 ..10  2  1
667 12
-1;9  -1.65  6.15  3.05origin: 40 120  30   -1 6.2 3.1 ..10  2  1
667 13
-1;9  -1.55  6.15  3.05origin: 40 120  30   -1 6.2 3.1 ..10  2  1
667 14
-1;9  -1.45  6.15  3.05origin: 40 120  30   -1 6.2 3.1 ..10  2  1
667 15
-1;9  -1.35  6.15  3.05origin: 40 120  30   -1 6.2 3.1 ..10  2  1
667 16
-1;9  -1.25  6.15  3.05origin: 40 120  30   -1 6.2 3.1 ..10  2  1
667 17
-1;9  -1.15  6.15  3.05origin: 40 120  30   -1 6.2 3.1 ..10  2  1
667 18
-1;9  -1.05  6.15  3.05origin: 40 120  30   -1 6.2 3.1 ..10  2  1
667 19
-4.00356 -2.99955  1.20034[0;34m New root [0m
[33m[WARN] [1790606189.702510844, 31.006000000]: id:1 Infeasible1! DTG refuse to update![0m
-3.99614  3.00149  1.20202[0;34m New root [0m
[33m[WARN] [1790606189.718382568, 31.024000000]: id:2 Infeasible1! DTG refuse to update![0m
-1;9  -1.95  6.15  3.05origin: 40 120  30   -1 6.2 3.1 ..10  2  1
667 10
-1;9  -1.85  6.15  3.05origin: 40 120  30   -1 6.2 3.1 ..10  2  1
667 11
-1;9  -1.75  6.15  3.05origin: 40 120  30   -1 6.2 3.1 ..10  2  1
667 12
-1;9  -1.65  6.15  3.05origin: 40 120  30   -1 6.2 3.1 ..10  2  1
667 13
-1;9  -1.55  6.15  3.05origin: 40 120  30   -1 6.2 3.1 ..10  2  1
667 14
-1;9  -1.45  6.15  3.05origin: 40 120  30   -1 6.2 3.1 ..10  2  1
667 15
-1;9  -1.35  6.15  3.05origin: 40 120  30   -1 6.2 3.1 ..10  2  1
667 16
-1;9  -1.25  6.15  3.05origin: 40 120  30   -1 6.2 3.1 ..10  2  1
667 17
-1;9  -1.15  6.15  3.05origin: 40 120  30   -1 6.2 3.1 ..10  2  1
667 18
-1;9  -1.05  6.15  3.05origin: 40 120  30   -1 6.2 3.1 ..10  2  1
667 19
 -3.9914 -2.99598  1.20008[0;34m New root [0m
[33m[WARN] [1790606190.026823878, 31.207000000]: id:1 Infeasible1! DTG refuse to update![0m
-3.99904  3.00572   1.2009[0;34m New root [0m
[33m[WARN] [1790606190.034131572, 31.216000000]: id:2 Infeasible1! DTG refuse to update![0m
-1;9  -1.95  6.15  3.05origin: 40 120  30   -1 6.2 3.1 ..10  2  1
667 10
-1;9  -1.85  6.15  3.05origin: 40 120  30   -1 6.2 3.1 ..10  2  1
667 11
-1;9  -1.75  6.15  3.05origin: 40 120  30   -1 6.2 3.1 ..10  2  1
667 12
-1;9  -1.65  6.15  3.05origin: 40 120  30   -1 6.2 3.1 ..10  2  1
667 13
-1;9  -1.55  6.15  3.05origin: 40 120  30   -1 6.2 3.1 ..10  2  1
667 14
-1;9  -1.45  6.15  3.05origin: 40 120  30   -1 6.2 3.1 ..10  2  1
667 15
-1;9  -1.35  6.15  3.05origin: 40 120  30   -1 6.2 3.1 ..10  2  1
667 16
-1;9  -1.25  6.15  3.05origin: 40 120  30   -1 6.2 3.1 ..10  2  1
667 17
-1;9  -1.15  6.15  3.05origin: 40 120  30   -1 6.2 3.1 ..10  2  1
667 18
-1;9  -1.05  6.15  3.05origin: 40 120  30   -1 6.2 3.1 ..10  2  1
667 19
  -3.998 -2.99765  1.20509[0;34m New root [0m
[33m[WARN] [1790606190.225061031, 31.408000000]: id:1 Infeasible1! DTG refuse to update![0m
-3.99814   2.9964    1.203[0;34m New root [0m
[33m[WARN] [1790606190.231817282, 31.417000000]: id:2 Infeasible1! DTG refuse to update![0m
-1;9  -1.95  6.15  3.05origin: 40 120  30   -1 6.2 3.1 ..10  2  1
667 10
-1;9  -1.85  6.15  3.05origin: 40 120  30   -1 6.2 3.1 ..10  2  1
667 11
-1;9  -1.75  6.15  3.05origin: 40 120  30   -1 6.2 3.1 ..10  2  1
667 12
-1;9  -1.65  6.15  3.05origin: 40 120  30   -1 6.2 3.1 ..10  2  1
667 13
-1;9  -1.55  6.15  3.05origin: 40 120  30   -1 6.2 3.1 ..10  2  1
667 14
-1;9  -1.45  6.15  3.05origin: 40 120  30   -1 6.2 3.1 ..10  2  1
667 15
-1;9  -1.35  6.15  3.05origin: 40 120  30   -1 6.2 3.1 ..10  2  1
667 16
-1;9  -1.25  6.15  3.05origin: 40 120  30   -1 6.2 3.1 ..10  2  1
667 17
-1;9  -1.15  6.15  3.05origin: 40 120  30   -1 6.2 3.1 ..10  2  1
667 18
-1;9  -1.05  6.15  3.05origin: 40 120  30   -1 6.2 3.1 ..10  2  1
667 19
-3.99223 -2.99436  1.20109[0;34m New root [0m
[33m[WARN] [1790606190.430108628, 31.609000000]: id:1 Infeasible1! DTG refuse to update![0m
-4.00543  3.00362  1.19835[0;34m New root [0m
[33m[WARN] [1790606190.441465179, 31.618999999]: id:2 Infeasible1! DTG refuse to update![0m
-1;9  -1.95  6.15  3.05origin: 40 120  30   -1 6.2 3.1 ..10  2  1
667 10
-1;9  -1.85  6.15  3.05origin: 40 120  30   -1 6.2 3.1 ..10  2  1
667 11
-1;9  -1.75  6.15  3.05origin: 40 120  30   -1 6.2 3.1 ..10  2  1
667 12
-1;9  -1.65  6.15  3.05origin: 40 120  30   -1 6.2 3.1 ..10  2  1
667 13
-1;9  -1.55  6.15  3.05origin: 40 120  30   -1 6.2 3.1 ..10  2  1
667 14
-1;9  -1.45  6.15  3.05origin: 40 120  30   -1 6.2 3.1 ..10  2  1
667 15
-1;9  -1.35  6.15  3.05origin: 40 120  30   -1 6.2 3.1 ..10  2  1
667 16
-1;9  -1.25  6.15  3.05origin: 40 120  30   -1 6.2 3.1 ..10  2  1
667 17
-1;9  -1.15  6.15  3.05origin: 40 120  30   -1 6.2 3.1 ..10  2  1
667 18
-1;9  -1.05  6.15  3.05origin: 40 120  30   -1 6.2 3.1 ..10  2  1
667 19
 -4.0011 -2.99834  1.19993[0;34m New root [0m
[33m[WARN] [1790606190.625338820, 31.801999999]: id:1 Infeasible1! DTG refuse to update![0m
-4.0139 3.00374 1.19209[0;34m New root [0m
[33m[WARN] [1790606190.630750191, 31.811000000]: id:2 Infeasible1! DTG refuse to update![0m
-1;9  -1.95  6.15  3.05origin: 40 120  30   -1 6.2 3.1 ..10  2  1
667 10
-1;9  -1.85  6.15  3.05origin: 40 120  30   -1 6.2 3.1 ..10  2  1
667 11
-1;9  -1.75  6.15  3.05origin: 40 120  30   -1 6.2 3.1 ..10  2  1
667 12
-1;9  -1.65  6.15  3.05origin: 40 120  30   -1 6.2 3.1 ..10  2  1
667 13
-1;9  -1.55  6.15  3.05origin: 40 120  30   -1 6.2 3.1 ..10  2  1
667 14
-1;9  -1.45  6.15  3.05origin: 40 120  30   -1 6.2 3.1 ..10  2  1
667 15
-1;9  -1.35  6.15  3.05origin: 40 120  30   -1 6.2 3.1 ..10  2  1
667 16
-1;9  -1.25  6.15  3.05origin: 40 120  30   -1 6.2 3.1 ..10  2  1
667 17
-1;9  -1.15  6.15  3.05origin: 40 120  30   -1 6.2 3.1 ..10  2  1
667 18
-1;9  -1.05  6.15  3.05origin: 40 120  30   -1 6.2 3.1 ..10  2  1
667 19
-4.00552 -3.00539  1.19835[0;34m New root [0m
[33m[WARN] [1790606190.823919144, 32.003000000]: id:1 Infeasible1! DTG refuse to update![0m
-4.0103 3.00285 1.20278[0;34m New root [0m
[33m[WARN] [1790606190.829622369, 32.012000000]: id:2 Infeasible1! DTG refuse to update![0m
-1;9  -1.95  6.15  3.05origin: 40 120  30   -1 6.2 3.1 ..10  2  1
667 10
-1;9  -1.85  6.15  3.05origin: 40 120  30   -1 6.2 3.1 ..10  2  1
667 11
-1;9  -1.75  6.15  3.05origin: 40 120  30   -1 6.2 3.1 ..10  2  1
667 12
-1;9  -1.65  6.15  3.05origin: 40 120  30   -1 6.2 3.1 ..10  2  1
667 13
-1;9  -1.55  6.15  3.05origin: 40 120  30   -1 6.2 3.1 ..10  2  1
667 14
-1;9  -1.45  6.15  3.05origin: 40 120  30   -1 6.2 3.1 ..10  2  1
667 15
-1;9  -1.35  6.15  3.05origin: 40 120  30   -1 6.2 3.1 ..10  2  1
667 16
-1;9  -1.25  6.15  3.05origin: 40 120  30   -1 6.2 3.1 ..10  2  1
667 17
-1;9  -1.15  6.15  3.05origin: 40 120  30   -1 6.2 3.1 ..10  2  1
667 18
-1;9  -1.05  6.15  3.05origin: 40 120  30   -1 6.2 3.1 ..10  2  1
667 19
-3.99947 -3.00631  1.19365[0;34m New root [0m
[33m[WARN] [1790606191.024521395, 32.203000000]: id:1 Infeasible1! DTG refuse to update![0m
-3.99988  2.99628  1.20119[0;34m New root [0m
[33m[WARN] [1790606191.029307704, 32.212000000]: id:2 Infeasible1! DTG refuse to update![0m
-1;9  -1.95  6.15  3.05origin: 40 120  30   -1 6.2 3.1 ..10  2  1
667 10
-1;9  -1.85  6.15  3.05origin: 40 120  30   -1 6.2 3.1 ..10  2  1
667 11
-1;9  -1.75  6.15  3.05origin: 40 120  30   -1 6.2 3.1 ..10  2  1
667 12
-1;9  -1.65  6.15  3.05origin: 40 120  30   -1 6.2 3.1 ..10  2  1
667 13
-1;9  -1.55  6.15  3.05origin: 40 120  30   -1 6.2 3.1 ..10  2  1
667 14
-1;9  -1.45  6.15  3.05origin: 40 120  30   -1 6.2 3.1 ..10  2  1
667 15
-1;9  -1.35  6.15  3.05origin: 40 120  30   -1 6.2 3.1 ..10  2  1
667 16
-1;9  -1.25  6.15  3.05origin: 40 120  30   -1 6.2 3.1 ..10  2  1
667 17
-1;9  -1.15  6.15  3.05origin: 40 120  30   -1 6.2 3.1 ..10  2  1
667 18
-1;9  -1.05  6.15  3.05origin: 40 120  30   -1 6.2 3.1 ..10  2  1
667 19
-3.99824 -3.00801  1.20306[0;34m New root [0m
[33m[WARN] [1790606191.225019302, 32.404000000]: id:1 Infeasible1! DTG refuse to update![0m
-4.00549  2.99757  1.19178[0;34m New root [0m
[33m[WARN] [1790606191.229223487, 32.414000000]: id:2 Infeasible1! DTG refuse to update![0m
-1;9  -1.95  6.15  3.05origin: 40 120  30   -1 6.2 3.1 ..10  2  1
667 10
-1;9  -1.85  6.15  3.05origin: 40 120  30   -1 6.2 3.1 ..10  2  1
667 11
-1;9  -1.75  6.15  3.05origin: 40 120  30   -1 6.2 3.1 ..10  2  1
667 12
-1;9  -1.65  6.15  3.05origin: 40 120  30   -1 6.2 3.1 ..10  2  1
667 13
-1;9  -1.55  6.15  3.05origin: 40 120  30   -1 6.2 3.1 ..10  2  1
667 14
-1;9  -1.45  6.15  3.05origin: 40 120  30   -1 6.2 3.1 ..10  2  1
667 15
-1;9  -1.35  6.15  3.05origin: 40 120  30   -1 6.2 3.1 ..10  2  1
667 16
-1;9  -1.25  6.15  3.05origin: 40 120  30   -1 6.2 3.1 ..10  2  1
667 17
-1;9  -1.15  6.15  3.05origin: 40 120  30   -1 6.2 3.1 ..10  2  1
667 18
-1;9  -1.05  6.15  3.05origin: 40 120  30   -1 6.2 3.1 ..10  2  1
667 19
-3.99921 -3.00874  1.20407[0;34m New root [0m
[33m[WARN] [1790606191.424438462, 32.606000000]: id:1 Infeasible1! DTG refuse to update![0m
-4.00441  2.99596  1.19735[0;34m New root [0m
[33m[WARN] [1790606191.429673995, 32.615000000]: id:2 Infeasible1! DTG refuse to update![0m
-1;9  -1.95  6.15  3.05origin: 40 120  30   -1 6.2 3.1 ..10  2  1
667 10
-1;9  -1.85  6.15  3.05origin: 40 120  30   -1 6.2 3.1 ..10  2  1
667 11
-1;9  -1.75  6.15  3.05origin: 40 120  30   -1 6.2 3.1 ..10  2  1
667 12
-1;9  -1.65  6.15  3.05origin: 40 120  30   -1 6.2 3.1 ..10  2  1
667 13
-1;9  -1.55  6.15  3.05origin: 40 120  30   -1 6.2 3.1 ..10  2  1
667 14
-1;9  -1.45  6.15  3.05origin: 40 120  30   -1 6.2 3.1 ..10  2  1
667 15
-1;9  -1.35  6.15  3.05origin: 40 120  30   -1 6.2 3.1 ..10  2  1
667 16
-1;9  -1.25  6.15  3.05origin: 40 120  30   -1 6.2 3.1 ..10  2  1
667 17
-1;9  -1.15  6.15  3.05origin: 40 120  30   -1 6.2 3.1 ..10  2  1
667 18
-1;9  -1.05  6.15  3.05origin: 40 120  30   -1 6.2 3.1 ..10  2  1
667 19
-3.99643 -3.00424  1.20878[0;34m New root [0m
[33m[WARN] [1790606191.627081608, 32.807000000]: id:1 Infeasible1! DTG refuse to update![0m
-3.99869  2.99303  1.19714[0;34m New root [0m
[33m[WARN] [1790606191.632806386, 32.816000000]: id:2 Infeasible1! DTG refuse to update![0m
-1;9  -1.95  6.15  3.05origin: 40 120  30   -1 6.2 3.1 ..10  2  1
667 10
-1;9  -1.85  6.15  3.05origin: 40 120  30   -1 6.2 3.1 ..10  2  1
667 11
-1;9  -1.75  6.15  3.05origin: 40 120  30   -1 6.2 3.1 ..10  2  1
667 12
-1;9  -1.65  6.15  3.05origin: 40 120  30   -1 6.2 3.1 ..10  2  1
667 13
-1;9  -1.55  6.15  3.05origin: 40 120  30   -1 6.2 3.1 ..10  2  1
667 14
-1;9  -1.45  6.15  3.05origin: 40 120  30   -1 6.2 3.1 ..10  2  1
667 15
-1;9  -1.35  6.15  3.05origin: 40 120  30   -1 6.2 3.1 ..10  2  1
667 16
-1;9  -1.25  6.15  3.05origin: 40 120  30   -1 6.2 3.1 ..10  2  1
667 17
-1;9  -1.15  6.15  3.05origin: 40 120  30   -1 6.2 3.1 ..10  2  1
667 18
-1;9  -1.05  6.15  3.05origin: 40 120  30   -1 6.2 3.1 ..10  2  1
667 19
-4.00078 -3.00358  1.19387[0;34m New root [0m
[33m[WARN] [1790606191.824976465, 33.008000000]: id:1 Infeasible1! DTG refuse to update![0m
-3.99873  2.99627  1.20494[0;34m New root [0m
[33m[WARN] [1790606191.830908554, 33.017000000]: id:2 Infeasible1! DTG refuse to update![0m
-1;9  -1.95  6.15  3.05origin: 40 120  30   -1 6.2 3.1 ..10  2  1
667 10
-1;9  -1.85  6.15  3.05origin: 40 120  30   -1 6.2 3.1 ..10  2  1
667 11
-1;9  -1.75  6.15  3.05origin: 40 120  30   -1 6.2 3.1 ..10  2  1
667 12
-1;9  -1.65  6.15  3.05origin: 40 120  30   -1 6.2 3.1 ..10  2  1
667 13
-1;9  -1.55  6.15  3.05origin: 40 120  30   -1 6.2 3.1 ..10  2  1
667 14
-1;9  -1.45  6.15  3.05origin: 40 120  30   -1 6.2 3.1 ..10  2  1
667 15
-1;9  -1.35  6.15  3.05origin: 40 120  30   -1 6.2 3.1 ..10  2  1
667 16
-1;9  -1.25  6.15  3.05origin: 40 120  30   -1 6.2 3.1 ..10  2  1
667 17
-1;9  -1.15  6.15  3.05origin: 40 120  30   -1 6.2 3.1 ..10  2  1
667 18
-1;9  -1.05  6.15  3.05origin: 40 120  30   -1 6.2 3.1 ..10  2  1
667 19
-4.00259 -3.00405  1.19946[0;34m New root [0m
[33m[WARN] [1790606192.025182768, 33.209000000]: id:1 Infeasible1! DTG refuse to update![0m
-3.99981   2.9947  1.19985[0;34m New root [0m
[33m[WARN] [1790606192.030454236, 33.209000000]: id:2 Infeasible1! DTG refuse to update![0m
-1;9  -1.95  6.15  3.05origin: 40 120  30   -1 6.2 3.1 ..10  2  1
667 10
-1;9  -1.85  6.15  3.05origin: 40 120  30   -1 6.2 3.1 ..10  2  1
667 11
-1;9  -1.75  6.15  3.05origin: 40 120  30   -1 6.2 3.1 ..10  2  1
667 12
-1;9  -1.65  6.15  3.05origin: 40 120  30   -1 6.2 3.1 ..10  2  1
667 13
-1;9  -1.55  6.15  3.05origin: 40 120  30   -1 6.2 3.1 ..10  2  1
667 14
-1;9  -1.45  6.15  3.05origin: 40 120  30   -1 6.2 3.1 ..10  2  1
667 15
-1;9  -1.35  6.15  3.05origin: 40 120  30   -1 6.2 3.1 ..10  2  1
667 16
-1;9  -1.25  6.15  3.05origin: 40 120  30   -1 6.2 3.1 ..10  2  1
667 17
-1;9  -1.15  6.15  3.05origin: 40 120  30   -1 6.2 3.1 ..10  2  1
667 18
-1;9  -1.05  6.15  3.05origin: 40 120  30   -1 6.2 3.1 ..10  2  1
667 19
[0;44m id:1 Partition[0m
[33m[WARN] [1790606192.151109658, 33.337000000]: id:1 LocalGVP![0m
[0;44m id:2 Partition[0m
[33m[WARN] [1790606192.151551462, 33.337000000]: id:2 LocalGVP![0m
-3.99641 -3.00115  1.20395[0;34m New root [0m
[33m[WARN] [1790606192.224349301, 33.401000000]: id:1 Infeasible1! DTG refuse to update![0m
-4.00471  2.99711  1.20277[0;34m New root [0m
[33m[WARN] [1790606192.229364808, 33.411000000]: id:2 Infeasible1! DTG refuse to update![0m
-1;9  -1.95  6.15  3.05origin: 40 120  30   -1 6.2 3.1 ..10  2  1
667 10
-1;9  -1.85  6.15  3.05origin: 40 120  30   -1 6.2 3.1 ..10  2  1
667 11
-1;9  -1.75  6.15  3.05origin: 40 120  30   -1 6.2 3.1 ..10  2  1
667 12
-1;9  -1.65  6.15  3.05origin: 40 120  30   -1 6.2 3.1 ..10  2  1
667 13
-1;9  -1.55  6.15  3.05origin: 40 120  30   -1 6.2 3.1 ..10  2  1
667 14
-1;9  -1.45  6.15  3.05origin: 40 120  30   -1 6.2 3.1 ..10  2  1
667 15
-1;9  -1.35  6.15  3.05origin: 40 120  30   -1 6.2 3.1 ..10  2  1
667 16
-1;9  -1.25  6.15  3.05origin: 40 120  30   -1 6.2 3.1 ..10  2  1
667 17
-1;9  -1.15  6.15  3.05origin: 40 120  30   -1 6.2 3.1 ..10  2  1
667 18
-1;9  -1.05  6.15  3.05origin: 40 120  30   -1 6.2 3.1 ..10  2  1
667 19
-4.00623 -3.00736   1.2009[0;34m New root [0m
[33m[WARN] [1790606192.424479191, 33.603000000]: id:1 Infeasible1! DTG refuse to update![0m
-3.99745  2.99791  1.20098[0;34m New root [0m
[33m[WARN] [1790606192.429657904, 33.612000000]: id:2 Infeasible1! DTG refuse to update![0m
-1;9  -1.95  6.15  3.05origin: 40 120  30   -1 6.2 3.1 ..10  2  1
667 10
-1;9  -1.85  6.15  3.05origin: 40 120  30   -1 6.2 3.1 ..10  2  1
667 11
-1;9  -1.75  6.15  3.05origin: 40 120  30   -1 6.2 3.1 ..10  2  1
667 12
-1;9  -1.65  6.15  3.05origin: 40 120  30   -1 6.2 3.1 ..10  2  1
667 13
-1;9  -1.55  6.15  3.05origin: 40 120  30   -1 6.2 3.1 ..10  2  1
667 14
-1;9  -1.45  6.15  3.05origin: 40 120  30   -1 6.2 3.1 ..10  2  1
667 15
-1;9  -1.35  6.15  3.05origin: 40 120  30   -1 6.2 3.1 ..10  2  1
667 16
-1;9  -1.25  6.15  3.05origin: 40 120  30   -1 6.2 3.1 ..10  2  1
667 17
-1;9  -1.15  6.15  3.05origin: 40 120  30   -1 6.2 3.1 ..10  2  1
667 18
-1;9  -1.05  6.15  3.05origin: 40 120  30   -1 6.2 3.1 ..10  2  1
667 19
-3.99934 -2.99866  1.20392[0;34m New root [0m
[33m[WARN] [1790606192.625030334, 33.804000000]: id:1 Infeasible1! DTG refuse to update![0m
-3.99581  3.00255  1.19847[0;34m New root [0m
[33m[WARN] [1790606192.629993439, 33.813000000]: id:2 Infeasible1! DTG refuse to update![0m
-1;9  -1.95  6.15  3.05origin: 40 120  30   -1 6.2 3.1 ..10  2  1
667 10
-1;9  -1.85  6.15  3.05origin: 40 120  30   -1 6.2 3.1 ..10  2  1
667 11
-1;9  -1.75  6.15  3.05origin: 40 120  30   -1 6.2 3.1 ..10  2  1
667 12
-1;9  -1.65  6.15  3.05origin: 40 120  30   -1 6.2 3.1 ..10  2  1
667 13
-1;9  -1.55  6.15  3.05origin: 40 120  30   -1 6.2 3.1 ..10  2  1
667 14
-1;9  -1.45  6.15  3.05origin: 40 120  30   -1 6.2 3.1 ..10  2  1
667 15
-1;9  -1.35  6.15  3.05origin: 40 120  30   -1 6.2 3.1 ..10  2  1
667 16
-1;9  -1.25  6.15  3.05origin: 40 120  30   -1 6.2 3.1 ..10  2  1
667 17
-1;9  -1.15  6.15  3.05origin: 40 120  30   -1 6.2 3.1 ..10  2  1
667 18
-1;9  -1.05  6.15  3.05origin: 40 120  30   -1 6.2 3.1 ..10  2  1
667 19
-4.00039  -2.9981  1.19863[0;34m New root [0m
[33m[WARN] [1790606192.823988972, 34.005000000]: id:1 Infeasible1! DTG refuse to update![0m
-4.00286   3.0084   1.2024[0;34m New root [0m
[33m[WARN] [1790606192.829279449, 34.014000000]: id:2 Infeasible1! DTG refuse to update![0m
-1;9  -1.95  6.15  3.05origin: 40 120  30   -1 6.2 3.1 ..10  2  1
667 10
-1;9  -1.85  6.15  3.05origin: 40 120  30   -1 6.2 3.1 ..10  2  1
667 11
-1;9  -1.75  6.15  3.05origin: 40 120  30   -1 6.2 3.1 ..10  2  1
667 12
-1;9  -1.65  6.15  3.05origin: 40 120  30   -1 6.2 3.1 ..10  2  1
667 13
-1;9  -1.55  6.15  3.05origin: 40 120  30   -1 6.2 3.1 ..10  2  1
667 14
-1;9  -1.45  6.15  3.05origin: 40 120  30   -1 6.2 3.1 ..10  2  1
667 15
-1;9  -1.35  6.15  3.05origin: 40 120  30   -1 6.2 3.1 ..10  2  1
667 16
-1;9  -1.25  6.15  3.05origin: 40 120  30   -1 6.2 3.1 ..10  2  1
667 17
-1;9  -1.15  6.15  3.05origin: 40 120  30   -1 6.2 3.1 ..10  2  1
667 18
-1;9  -1.05  6.15  3.05origin: 40 120  30   -1 6.2 3.1 ..10  2  1
667 19
-4.00208 -2.99459  1.20107[0;34m New root [0m
[33m[WARN] [1790606193.025210949, 34.206000000]: id:1 Infeasible1! DTG refuse to update![0m
-4.00334  3.00258  1.20135[0;34m New root [0m
[33m[WARN] [1790606193.029571295, 34.215000000]: id:2 Infeasible1! DTG refuse to update![0m
-1;9  -1.95  6.15  3.05origin: 40 120  30   -1 6.2 3.1 ..10  2  1
667 10
-1;9  -1.85  6.15  3.05origin: 40 120  30   -1 6.2 3.1 ..10  2  1
667 11
-1;9  -1.75  6.15  3.05origin: 40 120  30   -1 6.2 3.1 ..10  2  1
667 12
-1;9  -1.65  6.15  3.05origin: 40 120  30   -1 6.2 3.1 ..10  2  1
667 13
-1;9  -1.55  6.15  3.05origin: 40 120  30   -1 6.2 3.1 ..10  2  1
667 14
-1;9  -1.45  6.15  3.05origin: 40 120  30   -1 6.2 3.1 ..10  2  1
667 15
-1;9  -1.35  6.15  3.05origin: 40 120  30   -1 6.2 3.1 ..10  2  1
667 16
-1;9  -1.25  6.15  3.05origin: 40 120  30   -1 6.2 3.1 ..10  2  1
667 17
-1;9  -1.15  6.15  3.05origin: 40 120  30   -1 6.2 3.1 ..10  2  1
667 18
-1;9  -1.05  6.15  3.05origin: 40 120  30   -1 6.2 3.1 ..10  2  1
667 19
-4.00529 -2.99415    1.197[0;34m New root [0m
[33m[WARN] [1790606193.124686414, 34.408000000]: id:1 Infeasible1! DTG refuse to update![0m
-3.99228  3.00136  1.20137[0;34m New root [0m
[33m[WARN] [1790606193.130856581, 34.417000000]: id:2 Infeasible1! DTG refuse to update![0m
-1;9  -1.95  6.15  3.05origin: 40 120  30   -1 6.2 3.1 ..10  2  1
667 10
-1;9  -1.85  6.15  3.05origin: 40 120  30   -1 6.2 3.1 ..10  2  1
667 11
-1;9  -1.75  6.15  3.05origin: 40 120  30   -1 6.2 3.1 ..10  2  1
667 12
-1;9  -1.65  6.15  3.05origin: 40 120  30   -1 6.2 3.1 ..10  2  1
667 13
-1;9  -1.55  6.15  3.05origin: 40 120  30   -1 6.2 3.1 ..10  2  1
667 14
-1;9  -1.45  6.15  3.05origin: 40 120  30   -1 6.2 3.1 ..10  2  1
667 15
-1;9  -1.35  6.15  3.05origin: 40 120  30   -1 6.2 3.1 ..10  2  1
667 16
-1;9  -1.25  6.15  3.05origin: 40 120  30   -1 6.2 3.1 ..10  2  1
667 17
-1;9  -1.15  6.15  3.05origin: 40 120  30   -1 6.2 3.1 ..10  2  1
667 18
-1;9  -1.05  6.15  3.05origin: 40 120  30   -1 6.2 3.1 ..10  2  1
667 19
-4.00455 -2.99603  1.20339[0;34m New root [0m
[33m[WARN] [1790606193.324515320, 34.609000000]: id:1 Infeasible1! DTG refuse to update![0m
-3.99973  3.00194  1.20022[0;34m New root [0m
[33m[WARN] [1790606193.328660100, 34.609000000]: id:2 Infeasible1! DTG refuse to update![0m
-1;9  -1.95  6.15  3.05origin: 40 120  30   -1 6.2 3.1 ..10  2  1
667 10
-1;9  -1.85  6.15  3.05origin: 40 120  30   -1 6.2 3.1 ..10  2  1
667 11
-1;9  -1.75  6.15  3.05origin: 40 120  30   -1 6.2 3.1 ..10  2  1
667 12
-1;9  -1.65  6.15  3.05origin: 40 120  30   -1 6.2 3.1 ..10  2  1
667 13
-1;9  -1.55  6.15  3.05origin: 40 120  30   -1 6.2 3.1 ..10  2  1
667 14
-1;9  -1.45  6.15  3.05origin: 40 120  30   -1 6.2 3.1 ..10  2  1
667 15
-1;9  -1.35  6.15  3.05origin: 40 120  30   -1 6.2 3.1 ..10  2  1
667 16
-1;9  -1.25  6.15  3.05origin: 40 120  30   -1 6.2 3.1 ..10  2  1
667 17
-1;9  -1.15  6.15  3.05origin: 40 120  30   -1 6.2 3.1 ..10  2  1
667 18
-1;9  -1.05  6.15  3.05origin: 40 120  30   -1 6.2 3.1 ..10  2  1
667 19
-4.00157 -2.99636  1.20033[0;34m New root [0m
[33m[WARN] [1790606193.523623408, 34.801000000]: id:1 Infeasible1! DTG refuse to update![0m
-4.00518  3.00551  1.20512[0;34m New root [0m
[33m[WARN] [1790606193.528643875, 34.810000000]: id:2 Infeasible1! DTG refuse to update![0m
-1;9  -1.95  6.15  3.05origin: 40 120  30   -1 6.2 3.1 ..10  2  1
667 10
-1;9  -1.85  6.15  3.05origin: 40 120  30   -1 6.2 3.1 ..10  2  1
667 11
-1;9  -1.75  6.15  3.05origin: 40 120  30   -1 6.2 3.1 ..10  2  1
667 12
-1;9  -1.65  6.15  3.05origin: 40 120  30   -1 6.2 3.1 ..10  2  1
667 13
-1;9  -1.55  6.15  3.05origin: 40 120  30   -1 6.2 3.1 ..10  2  1
667 14
-1;9  -1.45  6.15  3.05origin: 40 120  30   -1 6.2 3.1 ..10  2  1
667 15
-1;9  -1.35  6.15  3.05origin: 40 120  30   -1 6.2 3.1 ..10  2  1
667 16
-1;9  -1.25  6.15  3.05origin: 40 120  30   -1 6.2 3.1 ..10  2  1
667 17
-1;9  -1.15  6.15  3.05origin: 40 120  30   -1 6.2 3.1 ..10  2  1
667 18
-1;9  -1.05  6.15  3.05origin: 40 120  30   -1 6.2 3.1 ..10  2  1
667 19
-3.99942 -2.99255  1.19622[0;34m New root [0m
[33m[WARN] [1790606193.724140742, 35.002000000]: id:1 Infeasible1! DTG refuse to update![0m
-4.00283  2.99715  1.20069[0;34m New root [0m
[33m[WARN] [1790606193.728635196, 35.011000000]: id:2 Infeasible1! DTG refuse to update![0m
-1;9  -1.95  6.15  3.05origin: 40 120  30   -1 6.2 3.1 ..10  2  1
667 10
-1;9  -1.85  6.15  3.05origin: 40 120  30   -1 6.2 3.1 ..10  2  1
667 11
-1;9  -1.75  6.15  3.05origin: 40 120  30   -1 6.2 3.1 ..10  2  1
667 12
-1;9  -1.65  6.15  3.05origin: 40 120  30   -1 6.2 3.1 ..10  2  1
667 13
-1;9  -1.55  6.15  3.05origin: 40 120  30   -1 6.2 3.1 ..10  2  1
667 14
-1;9  -1.45  6.15  3.05origin: 40 120  30   -1 6.2 3.1 ..10  2  1
667 15
-1;9  -1.35  6.15  3.05origin: 40 120  30   -1 6.2 3.1 ..10  2  1
667 16
-1;9  -1.25  6.15  3.05origin: 40 120  30   -1 6.2 3.1 ..10  2  1
667 17
-1;9  -1.15  6.15  3.05origin: 40 120  30   -1 6.2 3.1 ..10  2  1
667 18
-1;9  -1.05  6.15  3.05origin: 40 120  30   -1 6.2 3.1 ..10  2  1
667 19
-4.00067 -2.99779  1.19809[0;34m New root [0m
[33m[WARN] [1790606193.924211060, 35.203000000]: id:1 Infeasible1! DTG refuse to update![0m
-4.0113 3.00634 1.20163[0;34m New root [0m
[33m[WARN] [1790606193.928399529, 35.212000000]: id:2 Infeasible1! DTG refuse to update![0m
-1;9  -1.95  6.15  3.05origin: 40 120  30   -1 6.2 3.1 ..10  2  1
667 10
-1;9  -1.85  6.15  3.05origin: 40 120  30   -1 6.2 3.1 ..10  2  1
667 11
-1;9  -1.75  6.15  3.05origin: 40 120  30   -1 6.2 3.1 ..10  2  1
667 12
-1;9  -1.65  6.15  3.05origin: 40 120  30   -1 6.2 3.1 ..10  2  1
667 13
-1;9  -1.55  6.15  3.05origin: 40 120  30   -1 6.2 3.1 ..10  2  1
667 14
-1;9  -1.45  6.15  3.05origin: 40 120  30   -1 6.2 3.1 ..10  2  1
667 15
-1;9  -1.35  6.15  3.05origin: 40 120  30   -1 6.2 3.1 ..10  2  1
667 16
-1;9  -1.25  6.15  3.05origin: 40 120  30   -1 6.2 3.1 ..10  2  1
667 17
-1;9  -1.15  6.15  3.05origin: 40 120  30   -1 6.2 3.1 ..10  2  1
667 18
-1;9  -1.05  6.15  3.05origin: 40 120  30   -1 6.2 3.1 ..10  2  1
667 19
-4.00242  -3.0071  1.19778[0;34m New root [0m
[33m[WARN] [1790606194.124891309, 35.404000000]: id:1 Infeasible1! DTG refuse to update![0m
-4.0031 3.00549 1.20229[0;34m New root [0m
[33m[WARN] [1790606194.128936205, 35.414000000]: id:2 Infeasible1! DTG refuse to update![0m
-1;9  -1.95  6.15  3.05origin: 40 120  30   -1 6.2 3.1 ..10  2  1
667 10
-1;9  -1.85  6.15  3.05origin: 40 120  30   -1 6.2 3.1 ..10  2  1
667 11
-1;9  -1.75  6.15  3.05origin: 40 120  30   -1 6.2 3.1 ..10  2  1
667 12
-1;9  -1.65  6.15  3.05origin: 40 120  30   -1 6.2 3.1 ..10  2  1
667 13
-1;9  -1.55  6.15  3.05origin: 40 120  30   -1 6.2 3.1 ..10  2  1
667 14
-1;9  -1.45  6.15  3.05origin: 40 120  30   -1 6.2 3.1 ..10  2  1
667 15
-1;9  -1.35  6.15  3.05origin: 40 120  30   -1 6.2 3.1 ..10  2  1
667 16
-1;9  -1.25  6.15  3.05origin: 40 120  30   -1 6.2 3.1 ..10  2  1
667 17
-1;9  -1.15  6.15  3.05origin: 40 120  30   -1 6.2 3.1 ..10  2  1
667 18
-1;9  -1.05  6.15  3.05origin: 40 120  30   -1 6.2 3.1 ..10  2  1
667 19
-3.99727 -3.00221  1.19428[0;34m New root [0m
[33m[WARN] [1790606194.325668772, 35.606000000]: id:1 Infeasible1! DTG refuse to update![0m
-4.00091  2.99866  1.19681[0;34m New root [0m
[33m[WARN] [1790606194.328339107, 35.606000000]: id:2 Infeasible1! DTG refuse to update![0m
-1;9  -1.95  6.15  3.05origin: 40 120  30   -1 6.2 3.1 ..10  2  1
667 10
-1;9  -1.85  6.15  3.05origin: 40 120  30   -1 6.2 3.1 ..10  2  1
667 11
-1;9  -1.75  6.15  3.05origin: 40 120  30   -1 6.2 3.1 ..10  2  1
667 12
-1;9  -1.65  6.15  3.05origin: 40 120  30   -1 6.2 3.1 ..10  2  1
667 13
-1;9  -1.55  6.15  3.05origin: 40 120  30   -1 6.2 3.1 ..10  2  1
667 14
-1;9  -1.45  6.15  3.05origin: 40 120  30   -1 6.2 3.1 ..10  2  1
667 15
-1;9  -1.35  6.15  3.05origin: 40 120  30   -1 6.2 3.1 ..10  2  1
667 16
-1;9  -1.25  6.15  3.05origin: 40 120  30   -1 6.2 3.1 ..10  2  1
667 17
-1;9  -1.15  6.15  3.05origin: 40 120  30   -1 6.2 3.1 ..10  2  1
667 18
-1;9  -1.05  6.15  3.05origin: 40 120  30   -1 6.2 3.1 ..10  2  1
667 19
 -3.9956 -3.00599  1.19922[0;34m New root [0m
[33m[WARN] [1790606194.524151756, 35.807000000]: id:1 Infeasible1! DTG refuse to update![0m
-3.99845  3.00117  1.19726[0;34m New root [0m
[33m[WARN] [1790606194.528424141, 35.807000000]: id:2 Infeasible1! DTG refuse to update![0m
-1;9  -1.95  6.15  3.05origin: 40 120  30   -1 6.2 3.1 ..10  2  1
667 10
-1;9  -1.85  6.15  3.05origin: 40 120  30   -1 6.2 3.1 ..10  2  1
667 11
-1;9  -1.75  6.15  3.05origin: 40 120  30   -1 6.2 3.1 ..10  2  1
667 12
-1;9  -1.65  6.15  3.05origin: 40 120  30   -1 6.2 3.1 ..10  2  1
667 13
-1;9  -1.55  6.15  3.05origin: 40 120  30   -1 6.2 3.1 ..10  2  1
667 14
-1;9  -1.45  6.15  3.05origin: 40 120  30   -1 6.2 3.1 ..10  2  1
667 15
-1;9  -1.35  6.15  3.05origin: 40 120  30   -1 6.2 3.1 ..10  2  1
667 16
-1;9  -1.25  6.15  3.05origin: 40 120  30   -1 6.2 3.1 ..10  2  1
667 17
-1;9  -1.15  6.15  3.05origin: 40 120  30   -1 6.2 3.1 ..10  2  1
667 18
-1;9  -1.05  6.15  3.05origin: 40 120  30   -1 6.2 3.1 ..10  2  1
667 19
-3.99162 -3.00165  1.20144[0;34m New root [0m
[33m[WARN] [1790606194.726346345, 36.008000000]: id:1 Infeasible1! DTG refuse to update![0m
-3.99554  2.99837  1.19651[0;34m New root [0m
[33m[WARN] [1790606194.731450729, 36.017000000]: id:2 Infeasible1! DTG refuse to update![0m
-1;9  -1.95  6.15  3.05origin: 40 120  30   -1 6.2 3.1 ..10  2  1
667 10
-1;9  -1.85  6.15  3.05origin: 40 120  30   -1 6.2 3.1 ..10  2  1
667 11
-1;9  -1.75  6.15  3.05origin: 40 120  30   -1 6.2 3.1 ..10  2  1
667 12
-1;9  -1.65  6.15  3.05origin: 40 120  30   -1 6.2 3.1 ..10  2  1
667 13
-1;9  -1.55  6.15  3.05origin: 40 120  30   -1 6.2 3.1 ..10  2  1
667 14
-1;9  -1.45  6.15  3.05origin: 40 120  30   -1 6.2 3.1 ..10  2  1
667 15
-1;9  -1.35  6.15  3.05origin: 40 120  30   -1 6.2 3.1 ..10  2  1
667 16
-1;9  -1.25  6.15  3.05origin: 40 120  30   -1 6.2 3.1 ..10  2  1
667 17
-1;9  -1.15  6.15  3.05origin: 40 120  30   -1 6.2 3.1 ..10  2  1
667 18
-1;9  -1.05  6.15  3.05origin: 40 120  30   -1 6.2 3.1 ..10  2  1
667 19
-3.99203 -3.00791  1.20201[0;34m New root [0m
[33m[WARN] [1790606194.925431463, 36.200000000]: id:1 Infeasible1! DTG refuse to update![0m
-4.00015  3.00049  1.19626[0;34m New root [0m
[33m[WARN] [1790606194.928865470, 36.209000000]: id:2 Infeasible1! DTG refuse to update![0m
-1;9  -1.95  6.15  3.05origin: 40 120  30   -1 6.2 3.1 ..10  2  1
667 10
-1;9  -1.85  6.15  3.05origin: 40 120  30   -1 6.2 3.1 ..10  2  1
667 11
-1;9  -1.75  6.15  3.05origin: 40 120  30   -1 6.2 3.1 ..10  2  1
667 12
-1;9  -1.65  6.15  3.05origin: 40 120  30   -1 6.2 3.1 ..10  2  1
667 13
-1;9  -1.55  6.15  3.05origin: 40 120  30   -1 6.2 3.1 ..10  2  1
667 14
-1;9  -1.45  6.15  3.05origin: 40 120  30   -1 6.2 3.1 ..10  2  1
667 15
-1;9  -1.35  6.15  3.05origin: 40 120  30   -1 6.2 3.1 ..10  2  1
667 16
-1;9  -1.25  6.15  3.05origin: 40 120  30   -1 6.2 3.1 ..10  2  1
667 17
-1;9  -1.15  6.15  3.05origin: 40 120  30   -1 6.2 3.1 ..10  2  1
667 18
-1;9  -1.05  6.15  3.05origin: 40 120  30   -1 6.2 3.1 ..10  2  1
667 19
[0;44m id:1 Partition[0m
[0;44m id:2 Partition[0m
[33m[WARN] [1790606195.079610555, 36.365000000]: id:1 LocalGVP![0m
[33m[WARN] [1790606195.079698891, 36.365000000]: id:2 LocalGVP![0m
-3.99422 -3.00007  1.20726[0;34m New root [0m
[33m[WARN] [1790606195.126397395, 36.411000000]: id:1 Infeasible1! DTG refuse to update![0m
-3.99737  3.00232  1.20094[0;34m New root [0m
[33m[WARN] [1790606195.133124340, 36.411000000]: id:2 Infeasible1! DTG refuse to update![0m
-1;9  -1.95  6.15  3.05origin: 40 120  30   -1 6.2 3.1 ..10  2  1
667 10
-1;9  -1.85  6.15  3.05origin: 40 120  30   -1 6.2 3.1 ..10  2  1
667 11
-1;9  -1.75  6.15  3.05origin: 40 120  30   -1 6.2 3.1 ..10  2  1
667 12
-1;9  -1.65  6.15  3.05origin: 40 120  30   -1 6.2 3.1 ..10  2  1
667 13
-1;9  -1.55  6.15  3.05origin: 40 120  30   -1 6.2 3.1 ..10  2  1
667 14
-1;9  -1.45  6.15  3.05origin: 40 120  30   -1 6.2 3.1 ..10  2  1
667 15
-1;9  -1.35  6.15  3.05origin: 40 120  30   -1 6.2 3.1 ..10  2  1
667 16
-1;9  -1.25  6.15  3.05origin: 40 120  30   -1 6.2 3.1 ..10  2  1
667 17
-1;9  -1.15  6.15  3.05origin: 40 120  30   -1 6.2 3.1 ..10  2  1
667 18
-1;9  -1.05  6.15  3.05origin: 40 120  30   -1 6.2 3.1 ..10  2  1
667 19
-3.99986 -3.00184  1.20127[0;34m New root [0m
[33m[WARN] [1790606195.325413270, 36.603000000]: id:1 Infeasible1! DTG refuse to update![0m
-3.99929  2.99606  1.20106[0;34m New root [0m
[33m[WARN] [1790606195.329231512, 36.612000000]: id:2 Infeasible1! DTG refuse to update![0m
-1;9  -1.95  6.15  3.05origin: 40 120  30   -1 6.2 3.1 ..10  2  1
667 10
-1;9  -1.85  6.15  3.05origin: 40 120  30   -1 6.2 3.1 ..10  2  1
667 11
-1;9  -1.75  6.15  3.05origin: 40 120  30   -1 6.2 3.1 ..10  2  1
667 12
-1;9  -1.65  6.15  3.05origin: 40 120  30   -1 6.2 3.1 ..10  2  1
667 13
-1;9  -1.55  6.15  3.05origin: 40 120  30   -1 6.2 3.1 ..10  2  1
667 14
-1;9  -1.45  6.15  3.05origin: 40 120  30   -1 6.2 3.1 ..10  2  1
667 15
-1;9  -1.35  6.15  3.05origin: 40 120  30   -1 6.2 3.1 ..10  2  1
667 16
-1;9  -1.25  6.15  3.05origin: 40 120  30   -1 6.2 3.1 ..10  2  1
667 17
-1;9  -1.15  6.15  3.05origin: 40 120  30   -1 6.2 3.1 ..10  2  1
667 18
-1;9  -1.05  6.15  3.05origin: 40 120  30   -1 6.2 3.1 ..10  2  1
667 19
-3.99902 -3.00136  1.19325[0;34m New root [0m
[33m[WARN] [1790606195.524080471, 36.804000000]: id:1 Infeasible1! DTG refuse to update![0m
-4.00106  2.99182   1.1944[0;34m New root [0m
[33m[WARN] [1790606195.528504599, 36.813000000]: id:2 Infeasible1! DTG refuse to update![0m
-1;9  -1.95  6.15  3.05origin: 40 120  30   -1 6.2 3.1 ..10  2  1
667 10
-1;9  -1.85  6.15  3.05origin: 40 120  30   -1 6.2 3.1 ..10  2  1
667 11
-1;9  -1.75  6.15  3.05origin: 40 120  30   -1 6.2 3.1 ..10  2  1
667 12
-1;9  -1.65  6.15  3.05origin: 40 120  30   -1 6.2 3.1 ..10  2  1
667 13
-1;9  -1.55  6.15  3.05origin: 40 120  30   -1 6.2 3.1 ..10  2  1
667 14
-1;9  -1.45  6.15  3.05origin: 40 120  30   -1 6.2 3.1 ..10  2  1
667 15
-1;9  -1.35  6.15  3.05origin: 40 120  30   -1 6.2 3.1 ..10  2  1
667 16
-1;9  -1.25  6.15  3.05origin: 40 120  30   -1 6.2 3.1 ..10  2  1
667 17
-1;9  -1.15  6.15  3.05origin: 40 120  30   -1 6.2 3.1 ..10  2  1
667 18
-1;9  -1.05  6.15  3.05origin: 40 120  30   -1 6.2 3.1 ..10  2  1
667 19
-3.99394 -2.99764  1.19639[0;34m New root [0m
[33m[WARN] [1790606195.724692269, 37.005000000]: id:1 Infeasible1! DTG refuse to update![0m
-4.00147   3.0028  1.19424[0;34m New root [0m
[33m[WARN] [1790606195.729200563, 37.014000000]: id:2 Infeasible1! DTG refuse to update![0m
-1;9  -1.95  6.15  3.05origin: 40 120  30   -1 6.2 3.1 ..10  2  1
667 10
-1;9  -1.85  6.15  3.05origin: 40 120  30   -1 6.2 3.1 ..10  2  1
667 11
-1;9  -1.75  6.15  3.05origin: 40 120  30   -1 6.2 3.1 ..10  2  1
667 12
-1;9  -1.65  6.15  3.05origin: 40 120  30   -1 6.2 3.1 ..10  2  1
667 13
-1;9  -1.55  6.15  3.05origin: 40 120  30   -1 6.2 3.1 ..10  2  1
667 14
-1;9  -1.45  6.15  3.05origin: 40 120  30   -1 6.2 3.1 ..10  2  1
667 15
-1;9  -1.35  6.15  3.05origin: 40 120  30   -1 6.2 3.1 ..10  2  1
667 16
-1;9  -1.25  6.15  3.05origin: 40 120  30   -1 6.2 3.1 ..10  2  1
667 17
-1;9  -1.15  6.15  3.05origin: 40 120  30   -1 6.2 3.1 ..10  2  1
667 18
-1;9  -1.05  6.15  3.05origin: 40 120  30   -1 6.2 3.1 ..10  2  1
667 19
-3.99479 -2.99745     1.19[0;34m New root [0m
[33m[WARN] [1790606195.924422167, 37.206000000]: id:1 Infeasible1! DTG refuse to update![0m
-3.99909  2.99942  1.20489[0;34m New root [0m
[33m[WARN] [1790606195.927492326, 37.206000000]: id:2 Infeasible1! DTG refuse to update![0m
-1;9  -1.95  6.15  3.05origin: 40 120  30   -1 6.2 3.1 ..10  2  1
667 10
-1;9  -1.85  6.15  3.05origin: 40 120  30   -1 6.2 3.1 ..10  2  1
667 11
-1;9  -1.75  6.15  3.05origin: 40 120  30   -1 6.2 3.1 ..10  2  1
667 12
-1;9  -1.65  6.15  3.05origin: 40 120  30   -1 6.2 3.1 ..10  2  1
667 13
-1;9  -1.55  6.15  3.05origin: 40 120  30   -1 6.2 3.1 ..10  2  1
667 14
-1;9  -1.45  6.15  3.05origin: 40 120  30   -1 6.2 3.1 ..10  2  1
667 15
-1;9  -1.35  6.15  3.05origin: 40 120  30   -1 6.2 3.1 ..10  2  1
667 16
-1;9  -1.25  6.15  3.05origin: 40 120  30   -1 6.2 3.1 ..10  2  1
667 17
-1;9  -1.15  6.15  3.05origin: 40 120  30   -1 6.2 3.1 ..10  2  1
667 18
-1;9  -1.05  6.15  3.05origin: 40 120  30   -1 6.2 3.1 ..10  2  1
667 19
-4.00313 -2.99802  1.20441[0;34m New root [0m
[33m[WARN] [1790606196.124215764, 37.408000000]: id:1 Infeasible1! DTG refuse to update![0m
-3.9962 2.99777 1.20144[0;34m New root [0m
[33m[WARN] [1790606196.128566397, 37.408000000]: id:2 Infeasible1! DTG refuse to update![0m
-1;9  -1.95  6.15  3.05origin: 40 120  30   -1 6.2 3.1 ..10  2  1
667 10
-1;9  -1.85  6.15  3.05origin: 40 120  30   -1 6.2 3.1 ..10  2  1
667 11
-1;9  -1.75  6.15  3.05origin: 40 120  30   -1 6.2 3.1 ..10  2  1
667 12
-1;9  -1.65  6.15  3.05origin: 40 120  30   -1 6.2 3.1 ..10  2  1
667 13
-1;9  -1.55  6.15  3.05origin: 40 120  30   -1 6.2 3.1 ..10  2  1
667 14
-1;9  -1.45  6.15  3.05origin: 40 120  30   -1 6.2 3.1 ..10  2  1
667 15
-1;9  -1.35  6.15  3.05origin: 40 120  30   -1 6.2 3.1 ..10  2  1
667 16
-1;9  -1.25  6.15  3.05origin: 40 120  30   -1 6.2 3.1 ..10  2  1
667 17
-1;9  -1.15  6.15  3.05origin: 40 120  30   -1 6.2 3.1 ..10  2  1
667 18
-1;9  -1.05  6.15  3.05origin: 40 120  30   -1 6.2 3.1 ..10  2  1
667 19
-3.99615 -2.99701  1.19893[0;34m New root [0m
[33m[WARN] [1790606196.326010278, 37.609000000]: id:1 Infeasible1! DTG refuse to update![0m
-3.99419  2.99971  1.20207[0;34m New root [0m
[33m[WARN] [1790606196.328567472, 37.609000000]: id:2 Infeasible1! DTG refuse to update![0m
-1;9  -1.95  6.15  3.05origin: 40 120  30   -1 6.2 3.1 ..10  2  1
667 10
-1;9  -1.85  6.15  3.05origin: 40 120  30   -1 6.2 3.1 ..10  2  1
667 11
-1;9  -1.75  6.15  3.05origin: 40 120  30   -1 6.2 3.1 ..10  2  1
667 12
-1;9  -1.65  6.15  3.05origin: 40 120  30   -1 6.2 3.1 ..10  2  1
667 13
-1;9  -1.55  6.15  3.05origin: 40 120  30   -1 6.2 3.1 ..10  2  1
667 14
-1;9  -1.45  6.15  3.05origin: 40 120  30   -1 6.2 3.1 ..10  2  1
667 15
-1;9  -1.35  6.15  3.05origin: 40 120  30   -1 6.2 3.1 ..10  2  1
667 16
-1;9  -1.25  6.15  3.05origin: 40 120  30   -1 6.2 3.1 ..10  2  1
667 17
-1;9  -1.15  6.15  3.05origin: 40 120  30   -1 6.2 3.1 ..10  2  1
667 18
-1;9  -1.05  6.15  3.05origin: 40 120  30   -1 6.2 3.1 ..10  2  1
667 19
-4.00452  -2.9948  1.19758[0;34m New root [0m
[33m[WARN] [1790606196.524064047, 37.801000000]: id:1 Infeasible1! DTG refuse to update![0m
-4.00218  3.00321  1.20299[0;34m New root [0m
[33m[WARN] [1790606196.529020857, 37.810000000]: id:2 Infeasible1! DTG refuse to update![0m
-1;9  -1.95  6.15  3.05origin: 40 120  30   -1 6.2 3.1 ..10  2  1
667 10
-1;9  -1.85  6.15  3.05origin: 40 120  30   -1 6.2 3.1 ..10  2  1
667 11
-1;9  -1.75  6.15  3.05origin: 40 120  30   -1 6.2 3.1 ..10  2  1
667 12
-1;9  -1.65  6.15  3.05origin: 40 120  30   -1 6.2 3.1 ..10  2  1
667 13
-1;9  -1.55  6.15  3.05origin: 40 120  30   -1 6.2 3.1 ..10  2  1
667 14
-1;9  -1.45  6.15  3.05origin: 40 120  30   -1 6.2 3.1 ..10  2  1
667 15
-1;9  -1.35  6.15  3.05origin: 40 120  30   -1 6.2 3.1 ..10  2  1
667 16
-1;9  -1.25  6.15  3.05origin: 40 120  30   -1 6.2 3.1 ..10  2  1
667 17
-1;9  -1.15  6.15  3.05origin: 40 120  30   -1 6.2 3.1 ..10  2  1
667 18
-1;9  -1.05  6.15  3.05origin: 40 120  30   -1 6.2 3.1 ..10  2  1
667 19
-3.99495 -3.00476  1.19632[0;34m New root [0m
[33m[WARN] [1790606196.780978565, 38.011000000]: id:1 Infeasible1! DTG refuse to update![0m
-4.00388  3.00564  1.20533[0;34m New root [0m
[33m[WARN] [1790606196.785696006, 38.020000000]: id:2 Infeasible1! DTG refuse to update![0m
-1;9  -1.95  6.15  3.05origin: 40 120  30   -1 6.2 3.1 ..10  2  1
667 10
-1;9  -1.85  6.15  3.05origin: 40 120  30   -1 6.2 3.1 ..10  2  1
667 11
-1;9  -1.75  6.15  3.05origin: 40 120  30   -1 6.2 3.1 ..10  2  1
667 12
-1;9  -1.65  6.15  3.05origin: 40 120  30   -1 6.2 3.1 ..10  2  1
667 13
-1;9  -1.55  6.15  3.05origin: 40 120  30   -1 6.2 3.1 ..10  2  1
667 14
-1;9  -1.45  6.15  3.05origin: 40 120  30   -1 6.2 3.1 ..10  2  1
667 15
-1;9  -1.35  6.15  3.05origin: 40 120  30   -1 6.2 3.1 ..10  2  1
667 16
-1;9  -1.25  6.15  3.05origin: 40 120  30   -1 6.2 3.1 ..10  2  1
667 17
-1;9  -1.15  6.15  3.05origin: 40 120  30   -1 6.2 3.1 ..10  2  1
667 18
-1;9  -1.05  6.15  3.05origin: 40 120  30   -1 6.2 3.1 ..10  2  1
667 19
-3.99796 -3.00769  1.20399[0;34m New root [0m
[33m[WARN] [1790606196.974219220, 38.203000000]: id:1 Infeasible1! DTG refuse to update![0m
-4.00442  3.00886  1.20278[0;34m New root [0m
[33m[WARN] [1790606196.981038962, 38.212000000]: id:2 Infeasible1! DTG refuse to update![0m
-1;9  -1.95  6.15  3.05origin: 40 120  30   -1 6.2 3.1 ..10  2  1
667 10
-1;9  -1.85  6.15  3.05origin: 40 120  30   -1 6.2 3.1 ..10  2  1
667 11
-1;9  -1.75  6.15  3.05origin: 40 120  30   -1 6.2 3.1 ..10  2  1
667 12
-1;9  -1.65  6.15  3.05origin: 40 120  30   -1 6.2 3.1 ..10  2  1
667 13
-1;9  -1.55  6.15  3.05origin: 40 120  30   -1 6.2 3.1 ..10  2  1
667 14
-1;9  -1.45  6.15  3.05origin: 40 120  30   -1 6.2 3.1 ..10  2  1
667 15
-1;9  -1.35  6.15  3.05origin: 40 120  30   -1 6.2 3.1 ..10  2  1
667 16
-1;9  -1.25  6.15  3.05origin: 40 120  30   -1 6.2 3.1 ..10  2  1
667 17
-1;9  -1.15  6.15  3.05origin: 40 120  30   -1 6.2 3.1 ..10  2  1
667 18
-1;9  -1.05  6.15  3.05origin: 40 120  30   -1 6.2 3.1 ..10  2  1
667 19
-3.98933 -2.99862  1.19695[0;34m New root [0m
[33m[WARN] [1790606197.171070013, 38.404000000]: id:1 Infeasible1! DTG refuse to update![0m
-4.01194  3.00482  1.19379[0;34m New root [0m
[33m[WARN] [1790606197.176906347, 38.414000000]: id:2 Infeasible1! DTG refuse to update![0m
-1;9  -1.95  6.15  3.05origin: 40 120  30   -1 6.2 3.1 ..10  2  1
667 10
-1;9  -1.85  6.15  3.05origin: 40 120  30   -1 6.2 3.1 ..10  2  1
667 11
-1;9  -1.75  6.15  3.05origin: 40 120  30   -1 6.2 3.1 ..10  2  1
667 12
-1;9  -1.65  6.15  3.05origin: 40 120  30   -1 6.2 3.1 ..10  2  1
667 13
-1;9  -1.55  6.15  3.05origin: 40 120  30   -1 6.2 3.1 ..10  2  1
667 14
-1;9  -1.45  6.15  3.05origin: 40 120  30   -1 6.2 3.1 ..10  2  1
667 15
-1;9  -1.35  6.15  3.05origin: 40 120  30   -1 6.2 3.1 ..10  2  1
667 16
-1;9  -1.25  6.15  3.05origin: 40 120  30   -1 6.2 3.1 ..10  2  1
667 17
-1;9  -1.15  6.15  3.05origin: 40 120  30   -1 6.2 3.1 ..10  2  1
667 18
-1;9  -1.05  6.15  3.05origin: 40 120  30   -1 6.2 3.1 ..10  2  1
667 19
-3.98694 -2.99382  1.19542[0;34m New root [0m
[33m[WARN] [1790606197.372503597, 38.606000000]: id:1 Infeasible1! DTG refuse to update![0m
-4.00237  3.00473  1.19468[0;34m New root [0m
[33m[WARN] [1790606197.376767519, 38.615000000]: id:2 Infeasible1! DTG refuse to update![0m
-1;9  -1.95  6.15  3.05origin: 40 120  30   -1 6.2 3.1 ..10  2  1
667 10
-1;9  -1.85  6.15  3.05origin: 40 120  30   -1 6.2 3.1 ..10  2  1
667 11
-1;9  -1.75  6.15  3.05origin: 40 120  30   -1 6.2 3.1 ..10  2  1
667 12
-1;9  -1.65  6.15  3.05origin: 40 120  30   -1 6.2 3.1 ..10  2  1
667 13
-1;9  -1.55  6.15  3.05origin: 40 120  30   -1 6.2 3.1 ..10  2  1
667 14
-1;9  -1.45  6.15  3.05origin: 40 120  30   -1 6.2 3.1 ..10  2  1
667 15
-1;9  -1.35  6.15  3.05origin: 40 120  30   -1 6.2 3.1 ..10  2  1
667 16
-1;9  -1.25  6.15  3.05origin: 40 120  30   -1 6.2 3.1 ..10  2  1
667 17
-1;9  -1.15  6.15  3.05origin: 40 120  30   -1 6.2 3.1 ..10  2  1
667 18
-1;9  -1.05  6.15  3.05origin: 40 120  30   -1 6.2 3.1 ..10  2  1
667 19
 -3.9892 -2.99083  1.19703[0;34m New root [0m
[33m[WARN] [1790606197.572427384, 38.807000000]: id:1 Infeasible1! DTG refuse to update![0m
-3.99853  2.99813  1.20127[0;34m New root [0m
[33m[WARN] [1790606197.577618978, 38.816000000]: id:2 Infeasible1! DTG refuse to update![0m
-1;9  -1.95  6.15  3.05origin: 40 120  30   -1 6.2 3.1 ..10  2  1
667 10
-1;9  -1.85  6.15  3.05origin: 40 120  30   -1 6.2 3.1 ..10  2  1
667 11
-1;9  -1.75  6.15  3.05origin: 40 120  30   -1 6.2 3.1 ..10  2  1
667 12
-1;9  -1.65  6.15  3.05origin: 40 120  30   -1 6.2 3.1 ..10  2  1
667 13
-1;9  -1.55  6.15  3.05origin: 40 120  30   -1 6.2 3.1 ..10  2  1
667 14
-1;9  -1.45  6.15  3.05origin: 40 120  30   -1 6.2 3.1 ..10  2  1
667 15
-1;9  -1.35  6.15  3.05origin: 40 120  30   -1 6.2 3.1 ..10  2  1
667 16
-1;9  -1.25  6.15  3.05origin: 40 120  30   -1 6.2 3.1 ..10  2  1
667 17
-1;9  -1.15  6.15  3.05origin: 40 120  30   -1 6.2 3.1 ..10  2  1
667 18
-1;9  -1.05  6.15  3.05origin: 40 120  30   -1 6.2 3.1 ..10  2  1
667 19
-3.99834 -3.00024  1.20282[0;34m New root [0m
[33m[WARN] [1790606197.771156032, 39.008000000]: id:1 Infeasible1! DTG refuse to update![0m
-3.99824   2.9983  1.19403[0;34m New root [0m
[33m[WARN] [1790606197.775356756, 39.008000000]: id:2 Infeasible1! DTG refuse to update![0m
-1;9  -1.95  6.15  3.05origin: 40 120  30   -1 6.2 3.1 ..10  2  1
667 10
-1;9  -1.85  6.15  3.05origin: 40 120  30   -1 6.2 3.1 ..10  2  1
667 11
-1;9  -1.75  6.15  3.05origin: 40 120  30   -1 6.2 3.1 ..10  2  1
667 12
-1;9  -1.65  6.15  3.05origin: 40 120  30   -1 6.2 3.1 ..10  2  1
667 13
-1;9  -1.55  6.15  3.05origin: 40 120  30   -1 6.2 3.1 ..10  2  1
667 14
-1;9  -1.45  6.15  3.05origin: 40 120  30   -1 6.2 3.1 ..10  2  1
667 15
-1;9  -1.35  6.15  3.05origin: 40 120  30   -1 6.2 3.1 ..10  2  1
667 16
-1;9  -1.25  6.15  3.05origin: 40 120  30   -1 6.2 3.1 ..10  2  1
667 17
-1;9  -1.15  6.15  3.05origin: 40 120  30   -1 6.2 3.1 ..10  2  1
667 18
-1;9  -1.05  6.15  3.05origin: 40 120  30   -1 6.2 3.1 ..10  2  1
667 19
-3.99469 -3.00562  1.20075[0;34m New root [0m
[33m[WARN] [1790606197.972405606, 39.209000000]: id:1 Infeasible1! DTG refuse to update![0m
-4.00118  2.99339   1.2023[0;34m New root [0m
[33m[WARN] [1790606197.978521204, 39.209000000]: id:2 Infeasible1! DTG refuse to update![0m
-1;9  -1.95  6.15  3.05origin: 40 120  30   -1 6.2 3.1 ..10  2  1
667 10
-1;9  -1.85  6.15  3.05origin: 40 120  30   -1 6.2 3.1 ..10  2  1
667 11
-1;9  -1.75  6.15  3.05origin: 40 120  30   -1 6.2 3.1 ..10  2  1
667 12
-1;9  -1.65  6.15  3.05origin: 40 120  30   -1 6.2 3.1 ..10  2  1
667 13
-1;9  -1.55  6.15  3.05origin: 40 120  30   -1 6.2 3.1 ..10  2  1
667 14
-1;9  -1.45  6.15  3.05origin: 40 120  30   -1 6.2 3.1 ..10  2  1
667 15
-1;9  -1.35  6.15  3.05origin: 40 120  30   -1 6.2 3.1 ..10  2  1
667 16
-1;9  -1.25  6.15  3.05origin: 40 120  30   -1 6.2 3.1 ..10  2  1
667 17
-1;9  -1.15  6.15  3.05origin: 40 120  30   -1 6.2 3.1 ..10  2  1
667 18
-1;9  -1.05  6.15  3.05origin: 40 120  30   -1 6.2 3.1 ..10  2  1
667 19
[0;44m id:2 Partition[0m
[0;44m id:1 Partition[0m
[33m[WARN] [1790606198.164383131, 39.401000000]: id:1 LocalGVP![0m
[33m[WARN] [1790606198.164136090, 39.401000000]: id:2 LocalGVP![0m
-3.99862 -2.99951  1.19972[0;34m New root [0m
[33m[WARN] [1790606198.173556798, 39.401000000]: id:1 Infeasible1! DTG refuse to update![0m
-3.99792  3.00026  1.20297[0;34m New root [0m
[33m[WARN] [1790606198.180091689, 39.411000000]: id:2 Infeasible1! DTG refuse to update![0m
-1;9  -1.95  6.15  3.05origin: 40 120  30   -1 6.2 3.1 ..10  2  1
667 10
-1;9  -1.85  6.15  3.05origin: 40 120  30   -1 6.2 3.1 ..10  2  1
667 11
-1;9  -1.75  6.15  3.05origin: 40 120  30   -1 6.2 3.1 ..10  2  1
667 12
-1;9  -1.65  6.15  3.05origin: 40 120  30   -1 6.2 3.1 ..10  2  1
667 13
-1;9  -1.55  6.15  3.05origin: 40 120  30   -1 6.2 3.1 ..10  2  1
667 14
-1;9  -1.45  6.15  3.05origin: 40 120  30   -1 6.2 3.1 ..10  2  1
667 15
-1;9  -1.35  6.15  3.05origin: 40 120  30   -1 6.2 3.1 ..10  2  1
667 16
-1;9  -1.25  6.15  3.05origin: 40 120  30   -1 6.2 3.1 ..10  2  1
667 17
-1;9  -1.15  6.15  3.05origin: 40 120  30   -1 6.2 3.1 ..10  2  1
667 18
-1;9  -1.05  6.15  3.05origin: 40 120  30   -1 6.2 3.1 ..10  2  1
667 19
-4.00053 -3.00048  1.20143[0;34m New root [0m
[33m[WARN] [1790606198.371695360, 39.603000000]: id:1 Infeasible1! DTG refuse to update![0m
-3.98961  2.99597  1.20349[0;34m New root [0m
[33m[WARN] [1790606198.377592265, 39.612000000]: id:2 Infeasible1! DTG refuse to update![0m
-1;9  -1.95  6.15  3.05origin: 40 120  30   -1 6.2 3.1 ..10  2  1
667 10
-1;9  -1.85  6.15  3.05origin: 40 120  30   -1 6.2 3.1 ..10  2  1
667 11
-1;9  -1.75  6.15  3.05origin: 40 120  30   -1 6.2 3.1 ..10  2  1
667 12
-1;9  -1.65  6.15  3.05origin: 40 120  30   -1 6.2 3.1 ..10  2  1
667 13
-1;9  -1.55  6.15  3.05origin: 40 120  30   -1 6.2 3.1 ..10  2  1
667 14
-1;9  -1.45  6.15  3.05origin: 40 120  30   -1 6.2 3.1 ..10  2  1
667 15
-1;9  -1.35  6.15  3.05origin: 40 120  30   -1 6.2 3.1 ..10  2  1
667 16
-1;9  -1.25  6.15  3.05origin: 40 120  30   -1 6.2 3.1 ..10  2  1
667 17
-1;9  -1.15  6.15  3.05origin: 40 120  30   -1 6.2 3.1 ..10  2  1
667 18
-1;9  -1.05  6.15  3.05origin: 40 120  30   -1 6.2 3.1 ..10  2  1
667 19
-4.00433 -3.00561  1.20375[0;34m New root [0m
[33m[WARN] [1790606198.571527309, 39.804000000]: id:1 Infeasible1! DTG refuse to update![0m
-3.99368  2.99725  1.19605[0;34m New root [0m
[33m[WARN] [1790606198.577631443, 39.813000000]: id:2 Infeasible1! DTG refuse to update![0m
-1;9  -1.95  6.15  3.05origin: 40 120  30   -1 6.2 3.1 ..10  2  1
667 10
-1;9  -1.85  6.15  3.05origin: 40 120  30   -1 6.2 3.1 ..10  2  1
667 11
-1;9  -1.75  6.15  3.05origin: 40 120  30   -1 6.2 3.1 ..10  2  1
667 12
-1;9  -1.65  6.15  3.05origin: 40 120  30   -1 6.2 3.1 ..10  2  1
667 13
-1;9  -1.55  6.15  3.05origin: 40 120  30   -1 6.2 3.1 ..10  2  1
667 14
-1;9  -1.45  6.15  3.05origin: 40 120  30   -1 6.2 3.1 ..10  2  1
667 15
-1;9  -1.35  6.15  3.05origin: 40 120  30   -1 6.2 3.1 ..10  2  1
667 16
-1;9  -1.25  6.15  3.05origin: 40 120  30   -1 6.2 3.1 ..10  2  1
667 17
-1;9  -1.15  6.15  3.05origin: 40 120  30   -1 6.2 3.1 ..10  2  1
667 18
-1;9  -1.05  6.15  3.05origin: 40 120  30   -1 6.2 3.1 ..10  2  1
667 19
-3.99688 -3.00391  1.20756[0;34m New root [0m
[33m[WARN] [1790606198.771735155, 40.005000000]: id:1 Infeasible1! DTG refuse to update![0m
-3.98684  2.99733  1.19263[0;34m New root [0m
[33m[WARN] [1790606198.777629226, 40.014000000]: id:2 Infeasible1! DTG refuse to update![0m
-1;9  -1.95  6.15  3.05origin: 40 120  30   -1 6.2 3.1 ..10  2  1
667 10
-1;9  -1.85  6.15  3.05origin: 40 120  30   -1 6.2 3.1 ..10  2  1
667 11
-1;9  -1.75  6.15  3.05origin: 40 120  30   -1 6.2 3.1 ..10  2  1
667 12
-1;9  -1.65  6.15  3.05origin: 40 120  30   -1 6.2 3.1 ..10  2  1
667 13
-1;9  -1.55  6.15  3.05origin: 40 120  30   -1 6.2 3.1 ..10  2  1
667 14
-1;9  -1.45  6.15  3.05origin: 40 120  30   -1 6.2 3.1 ..10  2  1
667 15
-1;9  -1.35  6.15  3.05origin: 40 120  30   -1 6.2 3.1 ..10  2  1
667 16
-1;9  -1.25  6.15  3.05origin: 40 120  30   -1 6.2 3.1 ..10  2  1
667 17
-1;9  -1.15  6.15  3.05origin: 40 120  30   -1 6.2 3.1 ..10  2  1
667 18
-1;9  -1.05  6.15  3.05origin: 40 120  30   -1 6.2 3.1 ..10  2  1
667 19
-4.00086 -3.00354  1.20376[0;34m New root [0m
[33m[WARN] [1790606198.972743943, 40.206000000]: id:1 Infeasible1! DTG refuse to update![0m
-3.99294   2.9987  1.20053[0;34m New root [0m
[33m[WARN] [1790606198.977143266, 40.215000000]: id:2 Infeasible1! DTG refuse to update![0m
-1;9  -1.95  6.15  3.05origin: 40 120  30   -1 6.2 3.1 ..10  2  1
667 10
-1;9  -1.85  6.15  3.05origin: 40 120  30   -1 6.2 3.1 ..10  2  1
667 11
-1;9  -1.75  6.15  3.05origin: 40 120  30   -1 6.2 3.1 ..10  2  1
667 12
-1;9  -1.65  6.15  3.05origin: 40 120  30   -1 6.2 3.1 ..10  2  1
667 13
-1;9  -1.55  6.15  3.05origin: 40 120  30   -1 6.2 3.1 ..10  2  1
667 14
-1;9  -1.45  6.15  3.05origin: 40 120  30   -1 6.2 3.1 ..10  2  1
667 15
-1;9  -1.35  6.15  3.05origin: 40 120  30   -1 6.2 3.1 ..10  2  1
667 16
-1;9  -1.25  6.15  3.05origin: 40 120  30   -1 6.2 3.1 ..10  2  1
667 17
-1;9  -1.15  6.15  3.05origin: 40 120  30   -1 6.2 3.1 ..10  2  1
667 18
-1;9  -1.05  6.15  3.05origin: 40 120  30   -1 6.2 3.1 ..10  2  1
667 19
-4.00301  -3.0052  1.20167[0;34m New root [0m
[33m[WARN] [1790606199.171241225, 40.408000000]: id:1 Infeasible1! DTG refuse to update![0m
-3.99352  2.99633  1.20483[0;34m New root [0m
[33m[WARN] [1790606199.176751521, 40.408000000]: id:2 Infeasible1! DTG refuse to update![0m
-1;9  -1.95  6.15  3.05origin: 40 120  30   -1 6.2 3.1 ..10  2  1
667 10
-1;9  -1.85  6.15  3.05origin: 40 120  30   -1 6.2 3.1 ..10  2  1
667 11
-1;9  -1.75  6.15  3.05origin: 40 120  30   -1 6.2 3.1 ..10  2  1
667 12
-1;9  -1.65  6.15  3.05origin: 40 120  30   -1 6.2 3.1 ..10  2  1
667 13
-1;9  -1.55  6.15  3.05origin: 40 120  30   -1 6.2 3.1 ..10  2  1
667 14
-1;9  -1.45  6.15  3.05origin: 40 120  30   -1 6.2 3.1 ..10  2  1
667 15
-1;9  -1.35  6.15  3.05origin: 40 120  30   -1 6.2 3.1 ..10  2  1
667 16
-1;9  -1.25  6.15  3.05origin: 40 120  30   -1 6.2 3.1 ..10  2  1
667 17
-1;9  -1.15  6.15  3.05origin: 40 120  30   -1 6.2 3.1 ..10  2  1
667 18
-1;9  -1.05  6.15  3.05origin: 40 120  30   -1 6.2 3.1 ..10  2  1
667 19
-3.99908 -3.01384  1.20432[0;34m New root [0m
[33m[WARN] [1790606199.372605065, 40.609000000]: id:1 Infeasible1! DTG refuse to update![0m
-4.00141  3.00149  1.19779[0;34m New root [0m
[33m[WARN] [1790606199.377148252, 40.609000000]: id:2 Infeasible1! DTG refuse to update![0m
-1;9  -1.95  6.15  3.05origin: 40 120  30   -1 6.2 3.1 ..10  2  1
667 10
-1;9  -1.85  6.15  3.05origin: 40 120  30   -1 6.2 3.1 ..10  2  1
667 11
-1;9  -1.75  6.15  3.05origin: 40 120  30   -1 6.2 3.1 ..10  2  1
667 12
-1;9  -1.65  6.15  3.05origin: 40 120  30   -1 6.2 3.1 ..10  2  1
667 13
-1;9  -1.55  6.15  3.05origin: 40 120  30   -1 6.2 3.1 ..10  2  1
667 14
-1;9  -1.45  6.15  3.05origin: 40 120  30   -1 6.2 3.1 ..10  2  1
667 15
-1;9  -1.35  6.15  3.05origin: 40 120  30   -1 6.2 3.1 ..10  2  1
667 16
-1;9  -1.25  6.15  3.05origin: 40 120  30   -1 6.2 3.1 ..10  2  1
667 17
-1;9  -1.15  6.15  3.05origin: 40 120  30   -1 6.2 3.1 ..10  2  1
667 18
-1;9  -1.05  6.15  3.05origin: 40 120  30   -1 6.2 3.1 ..10  2  1
667 19
-3.99486  -3.0045  1.19969[0;34m New root [0m
[33m[WARN] [1790606199.572978410, 40.801000000]: id:1 Infeasible1! DTG refuse to update![0m
-4.00344  3.00745  1.19497[0;34m New root [0m
[33m[WARN] [1790606199.577882528, 40.810000000]: id:2 Infeasible1! DTG refuse to update![0m
-1;9  -1.95  6.15  3.05origin: 40 120  30   -1 6.2 3.1 ..10  2  1
667 10
-1;9  -1.85  6.15  3.05origin: 40 120  30   -1 6.2 3.1 ..10  2  1
667 11
-1;9  -1.75  6.15  3.05origin: 40 120  30   -1 6.2 3.1 ..10  2  1
667 12
-1;9  -1.65  6.15  3.05origin: 40 120  30   -1 6.2 3.1 ..10  2  1
667 13
-1;9  -1.55  6.15  3.05origin: 40 120  30   -1 6.2 3.1 ..10  2  1
667 14
-1;9  -1.45  6.15  3.05origin: 40 120  30   -1 6.2 3.1 ..10  2  1
667 15
-1;9  -1.35  6.15  3.05origin: 40 120  30   -1 6.2 3.1 ..10  2  1
667 16
-1;9  -1.25  6.15  3.05origin: 40 120  30   -1 6.2 3.1 ..10  2  1
667 17
-1;9  -1.15  6.15  3.05origin: 40 120  30   -1 6.2 3.1 ..10  2  1
667 18
-1;9  -1.05  6.15  3.05origin: 40 120  30   -1 6.2 3.1 ..10  2  1
667 19
-4.00036 -2.99792  1.20233[0;34m New root [0m
[33m[WARN] [1790606199.772343918, 41.002000000]: id:1 Infeasible1! DTG refuse to update![0m
-4.00171  3.00155  1.19624[0;34m New root [0m
[33m[WARN] [1790606199.777520797, 41.011000000]: id:2 Infeasible1! DTG refuse to update![0m
-1;9  -1.95  6.15  3.05origin: 40 120  30   -1 6.2 3.1 ..10  2  1
667 10
-1;9  -1.85  6.15  3.05origin: 40 120  30   -1 6.2 3.1 ..10  2  1
667 11
-1;9  -1.75  6.15  3.05origin: 40 120  30   -1 6.2 3.1 ..10  2  1
667 12
-1;9  -1.65  6.15  3.05origin: 40 120  30   -1 6.2 3.1 ..10  2  1
667 13
-1;9  -1.55  6.15  3.05origin: 40 120  30   -1 6.2 3.1 ..10  2  1
667 14
-1;9  -1.45  6.15  3.05origin: 40 120  30   -1 6.2 3.1 ..10  2  1
667 15
-1;9  -1.35  6.15  3.05origin: 40 120  30   -1 6.2 3.1 ..10  2  1
667 16
-1;9  -1.25  6.15  3.05origin: 40 120  30   -1 6.2 3.1 ..10  2  1
667 17
-1;9  -1.15  6.15  3.05origin: 40 120  30   -1 6.2 3.1 ..10  2  1
667 18
-1;9  -1.05  6.15  3.05origin: 40 120  30   -1 6.2 3.1 ..10  2  1
667 19
-3.99858 -3.00183  1.20411[0;34m New root [0m
[33m[WARN] [1790606199.972689666, 41.203000000]: id:1 Infeasible1! DTG refuse to update![0m
-4.00503   2.9965  1.20509[0;34m New root [0m
[33m[WARN] [1790606199.977759033, 41.212000000]: id:2 Infeasible1! DTG refuse to update![0m
-1;9  -1.95  6.15  3.05origin: 40 120  30   -1 6.2 3.1 ..10  2  1
667 10
-1;9  -1.85  6.15  3.05origin: 40 120  30   -1 6.2 3.1 ..10  2  1
667 11
-1;9  -1.75  6.15  3.05origin: 40 120  30   -1 6.2 3.1 ..10  2  1
667 12
-1;9  -1.65  6.15  3.05origin: 40 120  30   -1 6.2 3.1 ..10  2  1
667 13
-1;9  -1.55  6.15  3.05origin: 40 120  30   -1 6.2 3.1 ..10  2  1
667 14
-1;9  -1.45  6.15  3.05origin: 40 120  30   -1 6.2 3.1 ..10  2  1
667 15
-1;9  -1.35  6.15  3.05origin: 40 120  30   -1 6.2 3.1 ..10  2  1
667 16
-1;9  -1.25  6.15  3.05origin: 40 120  30   -1 6.2 3.1 ..10  2  1
667 17
-1;9  -1.15  6.15  3.05origin: 40 120  30   -1 6.2 3.1 ..10  2  1
667 18
-1;9  -1.05  6.15  3.05origin: 40 120  30   -1 6.2 3.1 ..10  2  1
667 19
-4.00181 -2.99683  1.20337[0;34m New root [0m
[33m[WARN] [1790606200.171531246, 41.404000000]: id:1 Infeasible1! DTG refuse to update![0m
-4.00385  3.00119  1.19927[0;34m New root [0m
[33m[WARN] [1790606200.176578226, 41.414000000]: id:2 Infeasible1! DTG refuse to update![0m
-1;9  -1.95  6.15  3.05origin: 40 120  30   -1 6.2 3.1 ..10  2  1
667 10
-1;9  -1.85  6.15  3.05origin: 40 120  30   -1 6.2 3.1 ..10  2  1
667 11
-1;9  -1.75  6.15  3.05origin: 40 120  30   -1 6.2 3.1 ..10  2  1
667 12
-1;9  -1.65  6.15  3.05origin: 40 120  30   -1 6.2 3.1 ..10  2  1
667 13
-1;9  -1.55  6.15  3.05origin: 40 120  30   -1 6.2 3.1 ..10  2  1
667 14
-1;9  -1.45  6.15  3.05origin: 40 120  30   -1 6.2 3.1 ..10  2  1
667 15
-1;9  -1.35  6.15  3.05origin: 40 120  30   -1 6.2 3.1 ..10  2  1
667 16
-1;9  -1.25  6.15  3.05origin: 40 120  30   -1 6.2 3.1 ..10  2  1
667 17
-1;9  -1.15  6.15  3.05origin: 40 120  30   -1 6.2 3.1 ..10  2  1
667 18
-1;9  -1.05  6.15  3.05origin: 40 120  30   -1 6.2 3.1 ..10  2  1
667 19
-4.00215 -2.99675  1.20101[0;34m New root [0m
[33m[WARN] [1790606200.372000097, 41.606000000]: id:1 Infeasible1! DTG refuse to update![0m
-4.00146  2.99928  1.20052[0;34m New root [0m
[33m[WARN] [1790606200.376745760, 41.606000000]: id:2 Infeasible1! DTG refuse to update![0m
-1;9  -1.95  6.15  3.05origin: 40 120  30   -1 6.2 3.1 ..10  2  1
667 10
-1;9  -1.85  6.15  3.05origin: 40 120  30   -1 6.2 3.1 ..10  2  1
667 11
-1;9  -1.75  6.15  3.05origin: 40 120  30   -1 6.2 3.1 ..10  2  1
667 12
-1;9  -1.65  6.15  3.05origin: 40 120  30   -1 6.2 3.1 ..10  2  1
667 13
-1;9  -1.55  6.15  3.05origin: 40 120  30   -1 6.2 3.1 ..10  2  1
667 14
-1;9  -1.45  6.15  3.05origin: 40 120  30   -1 6.2 3.1 ..10  2  1
667 15
-1;9  -1.35  6.15  3.05origin: 40 120  30   -1 6.2 3.1 ..10  2  1
667 16
-1;9  -1.25  6.15  3.05origin: 40 120  30   -1 6.2 3.1 ..10  2  1
667 17
-1;9  -1.15  6.15  3.05origin: 40 120  30   -1 6.2 3.1 ..10  2  1
667 18
-1;9  -1.05  6.15  3.05origin: 40 120  30   -1 6.2 3.1 ..10  2  1
667 19
-4.00533 -2.99746  1.20152[0;34m New root [0m
[33m[WARN] [1790606200.571959235, 41.807000000]: id:1 Infeasible1! DTG refuse to update![0m
-4.00309  2.99988   1.2024[0;34m New root [0m
[33m[WARN] [1790606200.577746377, 41.816000000]: id:2 Infeasible1! DTG refuse to update![0m
-1;9  -1.95  6.15  3.05origin: 40 120  30   -1 6.2 3.1 ..10  2  1
667 10
-1;9  -1.85  6.15  3.05origin: 40 120  30   -1 6.2 3.1 ..10  2  1
667 11
-1;9  -1.75  6.15  3.05origin: 40 120  30   -1 6.2 3.1 ..10  2  1
667 12
-1;9  -1.65  6.15  3.05origin: 40 120  30   -1 6.2 3.1 ..10  2  1
667 13
-1;9  -1.55  6.15  3.05origin: 40 120  30   -1 6.2 3.1 ..10  2  1
667 14
-1;9  -1.45  6.15  3.05origin: 40 120  30   -1 6.2 3.1 ..10  2  1
667 15
-1;9  -1.35  6.15  3.05origin: 40 120  30   -1 6.2 3.1 ..10  2  1
667 16
-1;9  -1.25  6.15  3.05origin: 40 120  30   -1 6.2 3.1 ..10  2  1
667 17
-1;9  -1.15  6.15  3.05origin: 40 120  30   -1 6.2 3.1 ..10  2  1
667 18
-1;9  -1.05  6.15  3.05origin: 40 120  30   -1 6.2 3.1 ..10  2  1
667 19
-4.00012 -3.00348    1.195[0;34m New root [0m
[33m[WARN] [1790606200.772178628, 42.008000000]: id:1 Infeasible1! DTG refuse to update![0m
-4.00523  2.99532  1.20443[0;34m New root [0m
[33m[WARN] [1790606200.778802897, 42.017000000]: id:2 Infeasible1! DTG refuse to update![0m
-1;9  -1.95  6.15  3.05origin: 40 120  30   -1 6.2 3.1 ..10  2  1
667 10
-1;9  -1.85  6.15  3.05origin: 40 120  30   -1 6.2 3.1 ..10  2  1
667 11
-1;9  -1.75  6.15  3.05origin: 40 120  30   -1 6.2 3.1 ..10  2  1
667 12
-1;9  -1.65  6.15  3.05origin: 40 120  30   -1 6.2 3.1 ..10  2  1
667 13
-1;9  -1.55  6.15  3.05origin: 40 120  30   -1 6.2 3.1 ..10  2  1
667 14
-1;9  -1.45  6.15  3.05origin: 40 120  30   -1 6.2 3.1 ..10  2  1
667 15
-1;9  -1.35  6.15  3.05origin: 40 120  30   -1 6.2 3.1 ..10  2  1
667 16
-1;9  -1.25  6.15  3.05origin: 40 120  30   -1 6.2 3.1 ..10  2  1
667 17
-1;9  -1.15  6.15  3.05origin: 40 120  30   -1 6.2 3.1 ..10  2  1
667 18
-1;9  -1.05  6.15  3.05origin: 40 120  30   -1 6.2 3.1 ..10  2  1
667 19
-4.00307 -2.99674  1.20425[0;34m New root [0m
[33m[WARN] [1790606200.971869424, 42.209000000]: id:1 Infeasible1! DTG refuse to update![0m
 -4.007 2.99899 1.20445[0;34m New root [0m
[33m[WARN] [1790606200.976899437, 42.209000000]: id:2 Infeasible1! DTG refuse to update![0m
-1;9  -1.95  6.15  3.05origin: 40 120  30   -1 6.2 3.1 ..10  2  1
667 10
-1;9  -1.85  6.15  3.05origin: 40 120  30   -1 6.2 3.1 ..10  2  1
667 11
-1;9  -1.75  6.15  3.05origin: 40 120  30   -1 6.2 3.1 ..10  2  1
667 12
-1;9  -1.65  6.15  3.05origin: 40 120  30   -1 6.2 3.1 ..10  2  1
667 13
-1;9  -1.55  6.15  3.05origin: 40 120  30   -1 6.2 3.1 ..10  2  1
667 14
-1;9  -1.45  6.15  3.05origin: 40 120  30   -1 6.2 3.1 ..10  2  1
667 15
-1;9  -1.35  6.15  3.05origin: 40 120  30   -1 6.2 3.1 ..10  2  1
667 16
-1;9  -1.25  6.15  3.05origin: 40 120  30   -1 6.2 3.1 ..10  2  1
667 17
-1;9  -1.15  6.15  3.05origin: 40 120  30   -1 6.2 3.1 ..10  2  1
667 18
-1;9  -1.05  6.15  3.05origin: 40 120  30   -1 6.2 3.1 ..10  2  1
667 19
 -4.0033 -3.00165    1.202[0;34m New root [0m
[33m[WARN] [1790606201.172382755, 42.401000000]: id:1 Infeasible1! DTG refuse to update![0m
-4.00338  2.99748  1.19421[0;34m New root [0m
[33m[WARN] [1790606201.178071765, 42.411000000]: id:2 Infeasible1! DTG refuse to update![0m
[0;44m id:1 Partition[0m
[0;44m id:2 Partition[0m
[33m[WARN] [1790606201.190959998, 42.429000000]: id:2 LocalGVP![0m
[33m[WARN] [1790606201.190842689, 42.429000000]: id:1 LocalGVP![0m
-1;9  -1.95  6.15  3.05origin: 40 120  30   -1 6.2 3.1 ..10  2  1
667 10
-1;9  -1.85  6.15  3.05origin: 40 120  30   -1 6.2 3.1 ..10  2  1
667 11
-1;9  -1.75  6.15  3.05origin: 40 120  30   -1 6.2 3.1 ..10  2  1
667 12
-1;9  -1.65  6.15  3.05origin: 40 120  30   -1 6.2 3.1 ..10  2  1
667 13
-1;9  -1.55  6.15  3.05origin: 40 120  30   -1 6.2 3.1 ..10  2  1
667 14
-1;9  -1.45  6.15  3.05origin: 40 120  30   -1 6.2 3.1 ..10  2  1
667 15
-1;9  -1.35  6.15  3.05origin: 40 120  30   -1 6.2 3.1 ..10  2  1
667 16
-1;9  -1.25  6.15  3.05origin: 40 120  30   -1 6.2 3.1 ..10  2  1
667 17
-1;9  -1.15  6.15  3.05origin: 40 120  30   -1 6.2 3.1 ..10  2  1
667 18
-1;9  -1.05  6.15  3.05origin: 40 120  30   -1 6.2 3.1 ..10  2  1
667 19
-4.00382 -3.00013  1.20963[0;34m New root [0m
[33m[WARN] [1790606201.371961578, 42.603000000]: id:1 Infeasible1! DTG refuse to update![0m
-4.01094  2.99575  1.19055[0;34m New root [0m
[33m[WARN] [1790606201.377497887, 42.612000000]: id:2 Infeasible1! DTG refuse to update![0m
-1;9  -1.95  6.15  3.05origin: 40 120  30   -1 6.2 3.1 ..10  2  1
667 10
-1;9  -1.85  6.15  3.05origin: 40 120  30   -1 6.2 3.1 ..10  2  1
667 11
-1;9  -1.75  6.15  3.05origin: 40 120  30   -1 6.2 3.1 ..10  2  1
667 12
-1;9  -1.65  6.15  3.05origin: 40 120  30   -1 6.2 3.1 ..10  2  1
667 13
-1;9  -1.55  6.15  3.05origin: 40 120  30   -1 6.2 3.1 ..10  2  1
667 14
-1;9  -1.45  6.15  3.05origin: 40 120  30   -1 6.2 3.1 ..10  2  1
667 15
-1;9  -1.35  6.15  3.05origin: 40 120  30   -1 6.2 3.1 ..10  2  1
667 16
-1;9  -1.25  6.15  3.05origin: 40 120  30   -1 6.2 3.1 ..10  2  1
667 17
-1;9  -1.15  6.15  3.05origin: 40 120  30   -1 6.2 3.1 ..10  2  1
667 18
-1;9  -1.05  6.15  3.05origin: 40 120  30   -1 6.2 3.1 ..10  2  1
667 19
-4.00995 -3.00379  1.20593[0;34m New root [0m
[33m[WARN] [1790606201.572096804, 42.804000000]: id:1 Infeasible1! DTG refuse to update![0m
-4.00618  2.99535  1.19265[0;34m New root [0m
[33m[WARN] [1790606201.576500338, 42.813000000]: id:2 Infeasible1! DTG refuse to update![0m
-1;9  -1.95  6.15  3.05origin: 40 120  30   -1 6.2 3.1 ..10  2  1
667 10
-1;9  -1.85  6.15  3.05origin: 40 120  30   -1 6.2 3.1 ..10  2  1
667 11
-1;9  -1.75  6.15  3.05origin: 40 120  30   -1 6.2 3.1 ..10  2  1
667 12
-1;9  -1.65  6.15  3.05origin: 40 120  30   -1 6.2 3.1 ..10  2  1
667 13
-1;9  -1.55  6.15  3.05origin: 40 120  30   -1 6.2 3.1 ..10  2  1
667 14
-1;9  -1.45  6.15  3.05origin: 40 120  30   -1 6.2 3.1 ..10  2  1
667 15
-1;9  -1.35  6.15  3.05origin: 40 120  30   -1 6.2 3.1 ..10  2  1
667 16
-1;9  -1.25  6.15  3.05origin: 40 120  30   -1 6.2 3.1 ..10  2  1
667 17
-1;9  -1.15  6.15  3.05origin: 40 120  30   -1 6.2 3.1 ..10  2  1
667 18
-1;9  -1.05  6.15  3.05origin: 40 120  30   -1 6.2 3.1 ..10  2  1
667 19
-4.00415 -3.00153  1.20302[0;34m New root [0m
[33m[WARN] [1790606201.771953058, 43.005000000]: id:1 Infeasible1! DTG refuse to update![0m
-3.99423  2.99783  1.19354[0;34m New root [0m
[33m[WARN] [1790606201.777653698, 43.014000000]: id:2 Infeasible1! DTG refuse to update![0m
-1;9  -1.95  6.15  3.05origin: 40 120  30   -1 6.2 3.1 ..10  2  1
667 10
-1;9  -1.85  6.15  3.05origin: 40 120  30   -1 6.2 3.1 ..10  2  1
667 11
-1;9  -1.75  6.15  3.05origin: 40 120  30   -1 6.2 3.1 ..10  2  1
667 12
-1;9  -1.65  6.15  3.05origin: 40 120  30   -1 6.2 3.1 ..10  2  1
667 13
-1;9  -1.55  6.15  3.05origin: 40 120  30   -1 6.2 3.1 ..10  2  1
667 14
-1;9  -1.45  6.15  3.05origin: 40 120  30   -1 6.2 3.1 ..10  2  1
667 15
-1;9  -1.35  6.15  3.05origin: 40 120  30   -1 6.2 3.1 ..10  2  1
667 16
-1;9  -1.25  6.15  3.05origin: 40 120  30   -1 6.2 3.1 ..10  2  1
667 17
-1;9  -1.15  6.15  3.05origin: 40 120  30   -1 6.2 3.1 ..10  2  1
667 18
-1;9  -1.05  6.15  3.05origin: 40 120  30   -1 6.2 3.1 ..10  2  1
667 19
-4.00722 -3.00217  1.19453[0;34m New root [0m
[33m[WARN] [1790606201.971907735, 43.206000000]: id:1 Infeasible1! DTG refuse to update![0m
-3.99673  2.99525  1.20159[0;34m New root [0m
[33m[WARN] [1790606201.977310560, 43.215000000]: id:2 Infeasible1! DTG refuse to update![0m
-1;9  -1.95  6.15  3.05origin: 40 120  30   -1 6.2 3.1 ..10  2  1
667 10
-1;9  -1.85  6.15  3.05origin: 40 120  30   -1 6.2 3.1 ..10  2  1
667 11
-1;9  -1.75  6.15  3.05origin: 40 120  30   -1 6.2 3.1 ..10  2  1
667 12
-1;9  -1.65  6.15  3.05origin: 40 120  30   -1 6.2 3.1 ..10  2  1
667 13
-1;9  -1.55  6.15  3.05origin: 40 120  30   -1 6.2 3.1 ..10  2  1
667 14
-1;9  -1.45  6.15  3.05origin: 40 120  30   -1 6.2 3.1 ..10  2  1
667 15
-1;9  -1.35  6.15  3.05origin: 40 120  30   -1 6.2 3.1 ..10  2  1
667 16
-1;9  -1.25  6.15  3.05origin: 40 120  30   -1 6.2 3.1 ..10  2  1
667 17
-1;9  -1.15  6.15  3.05origin: 40 120  30   -1 6.2 3.1 ..10  2  1
667 18
-1;9  -1.05  6.15  3.05origin: 40 120  30   -1 6.2 3.1 ..10  2  1
667 19
-4.00086 -2.99571  1.19878[0;34m New root [0m
[33m[WARN] [1790606202.172346321, 43.408000000]: id:1 Infeasible1! DTG refuse to update![0m
-3.99758  3.00162  1.18958[0;34m New root [0m
[33m[WARN] [1790606202.176923067, 43.408000000]: id:2 Infeasible1! DTG refuse to update![0m
-1;9  -1.95  6.15  3.05origin: 40 120  30   -1 6.2 3.1 ..10  2  1
667 10
-1;9  -1.85  6.15  3.05origin: 40 120  30   -1 6.2 3.1 ..10  2  1
667 11
-1;9  -1.75  6.15  3.05origin: 40 120  30   -1 6.2 3.1 ..10  2  1
667 12
-1;9  -1.65  6.15  3.05origin: 40 120  30   -1 6.2 3.1 ..10  2  1
667 13
-1;9  -1.55  6.15  3.05origin: 40 120  30   -1 6.2 3.1 ..10  2  1
667 14
-1;9  -1.45  6.15  3.05origin: 40 120  30   -1 6.2 3.1 ..10  2  1
667 15
-1;9  -1.35  6.15  3.05origin: 40 120  30   -1 6.2 3.1 ..10  2  1
667 16
-1;9  -1.25  6.15  3.05origin: 40 120  30   -1 6.2 3.1 ..10  2  1
667 17
-1;9  -1.15  6.15  3.05origin: 40 120  30   -1 6.2 3.1 ..10  2  1
667 18
-1;9  -1.05  6.15  3.05origin: 40 120  30   -1 6.2 3.1 ..10  2  1
667 19
-3.99505  -3.0003  1.20209[0;34m New root [0m
[33m[WARN] [1790606202.371772359, 43.600000000]: id:1 Infeasible1! DTG refuse to update![0m
-3.99212  3.00211  1.19089[0;34m New root [0m
[33m[WARN] [1790606202.376521858, 43.609000000]: id:2 Infeasible1! DTG refuse to update![0m
-1;9  -1.95  6.15  3.05origin: 40 120  30   -1 6.2 3.1 ..10  2  1
667 10
-1;9  -1.85  6.15  3.05origin: 40 120  30   -1 6.2 3.1 ..10  2  1
667 11
-1;9  -1.75  6.15  3.05origin: 40 120  30   -1 6.2 3.1 ..10  2  1
667 12
-1;9  -1.65  6.15  3.05origin: 40 120  30   -1 6.2 3.1 ..10  2  1
667 13
-1;9  -1.55  6.15  3.05origin: 40 120  30   -1 6.2 3.1 ..10  2  1
667 14
-1;9  -1.45  6.15  3.05origin: 40 120  30   -1 6.2 3.1 ..10  2  1
667 15
-1;9  -1.35  6.15  3.05origin: 40 120  30   -1 6.2 3.1 ..10  2  1
667 16
-1;9  -1.25  6.15  3.05origin: 40 120  30   -1 6.2 3.1 ..10  2  1
667 17
-1;9  -1.15  6.15  3.05origin: 40 120  30   -1 6.2 3.1 ..10  2  1
667 18
-1;9  -1.05  6.15  3.05origin: 40 120  30   -1 6.2 3.1 ..10  2  1
667 19
-3.99991 -2.99906  1.20052[0;34m New root [0m
[33m[WARN] [1790606202.572081714, 43.801000000]: id:1 Infeasible1! DTG refuse to update![0m
-4.00041  3.00123  1.19621[0;34m New root [0m
[33m[WARN] [1790606202.576294278, 43.810000000]: id:2 Infeasible1! DTG refuse to update![0m
-1;9  -1.95  6.15  3.05origin: 40 120  30   -1 6.2 3.1 ..10  2  1
667 10
-1;9  -1.85  6.15  3.05origin: 40 120  30   -1 6.2 3.1 ..10  2  1
667 11
-1;9  -1.75  6.15  3.05origin: 40 120  30   -1 6.2 3.1 ..10  2  1
667 12
-1;9  -1.65  6.15  3.05origin: 40 120  30   -1 6.2 3.1 ..10  2  1
667 13
-1;9  -1.55  6.15  3.05origin: 40 120  30   -1 6.2 3.1 ..10  2  1
667 14
-1;9  -1.45  6.15  3.05origin: 40 120  30   -1 6.2 3.1 ..10  2  1
667 15
-1;9  -1.35  6.15  3.05origin: 40 120  30   -1 6.2 3.1 ..10  2  1
667 16
-1;9  -1.25  6.15  3.05origin: 40 120  30   -1 6.2 3.1 ..10  2  1
667 17
-1;9  -1.15  6.15  3.05origin: 40 120  30   -1 6.2 3.1 ..10  2  1
667 18
-1;9  -1.05  6.15  3.05origin: 40 120  30   -1 6.2 3.1 ..10  2  1
667 19
-3.99795 -2.99774  1.20088[0;34m New root [0m
[33m[WARN] [1790606202.771820950, 44.002000000]: id:1 Infeasible1! DTG refuse to update![0m
 -3.997 2.99899 1.20767[0;34m New root [0m
[33m[WARN] [1790606202.777408618, 44.011000000]: id:2 Infeasible1! DTG refuse to update![0m
-1;9  -1.95  6.15  3.05origin: 40 120  30   -1 6.2 3.1 ..10  2  1
667 10
-1;9  -1.85  6.15  3.05origin: 40 120  30   -1 6.2 3.1 ..10  2  1
667 11
-1;9  -1.75  6.15  3.05origin: 40 120  30   -1 6.2 3.1 ..10  2  1
667 12
-1;9  -1.65  6.15  3.05origin: 40 120  30   -1 6.2 3.1 ..10  2  1
667 13
-1;9  -1.55  6.15  3.05origin: 40 120  30   -1 6.2 3.1 ..10  2  1
667 14
-1;9  -1.45  6.15  3.05origin: 40 120  30   -1 6.2 3.1 ..10  2  1
667 15
-1;9  -1.35  6.15  3.05origin: 40 120  30   -1 6.2 3.1 ..10  2  1
667 16
-1;9  -1.25  6.15  3.05origin: 40 120  30   -1 6.2 3.1 ..10  2  1
667 17
-1;9  -1.15  6.15  3.05origin: 40 120  30   -1 6.2 3.1 ..10  2  1
667 18
-1;9  -1.05  6.15  3.05origin: 40 120  30   -1 6.2 3.1 ..10  2  1
667 19
-4.00041 -3.00399  1.19994[0;34m New root [0m
[33m[WARN] [1790606202.971977979, 44.203000000]: id:1 Infeasible1! DTG refuse to update![0m
-3.99879  3.00136  1.20895[0;34m New root [0m
[33m[WARN] [1790606202.978139600, 44.212000000]: id:2 Infeasible1! DTG refuse to update![0m
-1;9  -1.95  6.15  3.05origin: 40 120  30   -1 6.2 3.1 ..10  2  1
667 10
-1;9  -1.85  6.15  3.05origin: 40 120  30   -1 6.2 3.1 ..10  2  1
667 11
-1;9  -1.75  6.15  3.05origin: 40 120  30   -1 6.2 3.1 ..10  2  1
667 12
-1;9  -1.65  6.15  3.05origin: 40 120  30   -1 6.2 3.1 ..10  2  1
667 13
-1;9  -1.55  6.15  3.05origin: 40 120  30   -1 6.2 3.1 ..10  2  1
667 14
-1;9  -1.45  6.15  3.05origin: 40 120  30   -1 6.2 3.1 ..10  2  1
667 15
-1;9  -1.35  6.15  3.05origin: 40 120  30   -1 6.2 3.1 ..10  2  1
667 16
-1;9  -1.25  6.15  3.05origin: 40 120  30   -1 6.2 3.1 ..10  2  1
667 17
-1;9  -1.15  6.15  3.05origin: 40 120  30   -1 6.2 3.1 ..10  2  1
667 18
-1;9  -1.05  6.15  3.05origin: 40 120  30   -1 6.2 3.1 ..10  2  1
667 19
-4.00691 -2.99471  1.20252[0;34m New root [0m
[33m[WARN] [1790606203.171669942, 44.404000000]: id:1 Infeasible1! DTG refuse to update![0m
-3.99515  2.99817  1.20526[0;34m New root [0m
[33m[WARN] [1790606203.176639801, 44.414000000]: id:2 Infeasible1! DTG refuse to update![0m
-1;9  -1.95  6.15  3.05origin: 40 120  30   -1 6.2 3.1 ..10  2  1
667 10
-1;9  -1.85  6.15  3.05origin: 40 120  30   -1 6.2 3.1 ..10  2  1
667 11
-1;9  -1.75  6.15  3.05origin: 40 120  30   -1 6.2 3.1 ..10  2  1
667 12
-1;9  -1.65  6.15  3.05origin: 40 120  30   -1 6.2 3.1 ..10  2  1
667 13
-1;9  -1.55  6.15  3.05origin: 40 120  30   -1 6.2 3.1 ..10  2  1
667 14
-1;9  -1.45  6.15  3.05origin: 40 120  30   -1 6.2 3.1 ..10  2  1
667 15
-1;9  -1.35  6.15  3.05origin: 40 120  30   -1 6.2 3.1 ..10  2  1
667 16
-1;9  -1.25  6.15  3.05origin: 40 120  30   -1 6.2 3.1 ..10  2  1
667 17
-1;9  -1.15  6.15  3.05origin: 40 120  30   -1 6.2 3.1 ..10  2  1
667 18
-1;9  -1.05  6.15  3.05origin: 40 120  30   -1 6.2 3.1 ..10  2  1
667 19
-4.00274  -2.9937  1.20187[0;34m New root [0m
[33m[WARN] [1790606203.374876703, 44.606000000]: id:1 Infeasible1! DTG refuse to update![0m
-3.99691  2.99355  1.20684[0;34m New root [0m
[33m[WARN] [1790606203.382735380, 44.615000000]: id:2 Infeasible1! DTG refuse to update![0m
-1;9  -1.95  6.15  3.05origin: 40 120  30   -1 6.2 3.1 ..10  2  1
667 10
-1;9  -1.85  6.15  3.05origin: 40 120  30   -1 6.2 3.1 ..10  2  1
667 11
-1;9  -1.75  6.15  3.05origin: 40 120  30   -1 6.2 3.1 ..10  2  1
667 12
-1;9  -1.65  6.15  3.05origin: 40 120  30   -1 6.2 3.1 ..10  2  1
667 13
-1;9  -1.55  6.15  3.05origin: 40 120  30   -1 6.2 3.1 ..10  2  1
667 14
-1;9  -1.45  6.15  3.05origin: 40 120  30   -1 6.2 3.1 ..10  2  1
667 15
-1;9  -1.35  6.15  3.05origin: 40 120  30   -1 6.2 3.1 ..10  2  1
667 16
-1;9  -1.25  6.15  3.05origin: 40 120  30   -1 6.2 3.1 ..10  2  1
667 17
-1;9  -1.15  6.15  3.05origin: 40 120  30   -1 6.2 3.1 ..10  2  1
667 18
-1;9  -1.05  6.15  3.05origin: 40 120  30   -1 6.2 3.1 ..10  2  1
667 19
-4.00114 -2.99868  1.19131[0;34m New root [0m
[33m[WARN] [1790606203.572623235, 44.807000000]: id:1 Infeasible1! DTG refuse to update![0m
-3.99453  2.99225  1.20527[0;34m New root [0m
[33m[WARN] [1790606203.576675844, 44.807000000]: id:2 Infeasible1! DTG refuse to update![0m
-1;9  -1.95  6.15  3.05origin: 40 120  30   -1 6.2 3.1 ..10  2  1
667 10
-1;9  -1.85  6.15  3.05origin: 40 120  30   -1 6.2 3.1 ..10  2  1
667 11
-1;9  -1.75  6.15  3.05origin: 40 120  30   -1 6.2 3.1 ..10  2  1
667 12
-1;9  -1.65  6.15  3.05origin: 40 120  30   -1 6.2 3.1 ..10  2  1
667 13
-1;9  -1.55  6.15  3.05origin: 40 120  30   -1 6.2 3.1 ..10  2  1
667 14
-1;9  -1.45  6.15  3.05origin: 40 120  30   -1 6.2 3.1 ..10  2  1
667 15
-1;9  -1.35  6.15  3.05origin: 40 120  30   -1 6.2 3.1 ..10  2  1
667 16
-1;9  -1.25  6.15  3.05origin: 40 120  30   -1 6.2 3.1 ..10  2  1
667 17
-1;9  -1.15  6.15  3.05origin: 40 120  30   -1 6.2 3.1 ..10  2  1
667 18
-1;9  -1.05  6.15  3.05origin: 40 120  30   -1 6.2 3.1 ..10  2  1
667 19
-4.00305 -2.99261  1.19118[0;34m New root [0m
[33m[WARN] [1790606203.771218358, 45.008000000]: id:1 Infeasible1! DTG refuse to update![0m
-3.99957  2.99155  1.20511[0;34m New root [0m
[33m[WARN] [1790606203.776588042, 45.008000000]: id:2 Infeasible1! DTG refuse to update![0m
-1;9  -1.95  6.15  3.05origin: 40 120  30   -1 6.2 3.1 ..10  2  1
667 10
-1;9  -1.85  6.15  3.05origin: 40 120  30   -1 6.2 3.1 ..10  2  1
667 11
-1;9  -1.75  6.15  3.05origin: 40 120  30   -1 6.2 3.1 ..10  2  1
667 12
-1;9  -1.65  6.15  3.05origin: 40 120  30   -1 6.2 3.1 ..10  2  1
667 13
-1;9  -1.55  6.15  3.05origin: 40 120  30   -1 6.2 3.1 ..10  2  1
667 14
-1;9  -1.45  6.15  3.05origin: 40 120  30   -1 6.2 3.1 ..10  2  1
667 15
-1;9  -1.35  6.15  3.05origin: 40 120  30   -1 6.2 3.1 ..10  2  1
667 16
-1;9  -1.25  6.15  3.05origin: 40 120  30   -1 6.2 3.1 ..10  2  1
667 17
-1;9  -1.15  6.15  3.05origin: 40 120  30   -1 6.2 3.1 ..10  2  1
667 18
-1;9  -1.05  6.15  3.05origin: 40 120  30   -1 6.2 3.1 ..10  2  1
667 19
-3.99856 -2.99634   1.1965[0;34m New root [0m
[33m[WARN] [1790606203.973145563, 45.209000000]: id:1 Infeasible1! DTG refuse to update![0m
-4.00465  2.99854   1.2021[0;34m New root [0m
[33m[WARN] [1790606203.977751698, 45.209000000]: id:2 Infeasible1! DTG refuse to update![0m
-1;9  -1.95  6.15  3.05origin: 40 120  30   -1 6.2 3.1 ..10  2  1
667 10
-1;9  -1.85  6.15  3.05origin: 40 120  30   -1 6.2 3.1 ..10  2  1
667 11
-1;9  -1.75  6.15  3.05origin: 40 120  30   -1 6.2 3.1 ..10  2  1
667 12
-1;9  -1.65  6.15  3.05origin: 40 120  30   -1 6.2 3.1 ..10  2  1
667 13
-1;9  -1.55  6.15  3.05origin: 40 120  30   -1 6.2 3.1 ..10  2  1
667 14
-1;9  -1.45  6.15  3.05origin: 40 120  30   -1 6.2 3.1 ..10  2  1
667 15
-1;9  -1.35  6.15  3.05origin: 40 120  30   -1 6.2 3.1 ..10  2  1
667 16
-1;9  -1.25  6.15  3.05origin: 40 120  30   -1 6.2 3.1 ..10  2  1
667 17
-1;9  -1.15  6.15  3.05origin: 40 120  30   -1 6.2 3.1 ..10  2  1
667 18
-1;9  -1.05  6.15  3.05origin: 40 120  30   -1 6.2 3.1 ..10  2  1
667 19
-3.99251 -3.00138  1.19537[0;34m New root [0m
[33m[WARN] [1790606204.172499565, 45.401000000]: id:1 Infeasible1! DTG refuse to update![0m
-3.99603  2.99585  1.20302[0;34m New root [0m
[33m[WARN] [1790606204.177887383, 45.411000000]: id:2 Infeasible1! DTG refuse to update![0m
[0;44m id:1 Partition[0m
[0;44m id:2 Partition[0m
[33m[WARN] [1790606204.217798662, 45.456000000]: id:1 LocalGVP![0m
[33m[WARN] [1790606204.217913178, 45.456000000]: id:2 LocalGVP![0m
-1;9  -1.95  6.15  3.05origin: 40 120  30   -1 6.2 3.1 ..10  2  1
667 10
-1;9  -1.85  6.15  3.05origin: 40 120  30   -1 6.2 3.1 ..10  2  1
667 11
-1;9  -1.75  6.15  3.05origin: 40 120  30   -1 6.2 3.1 ..10  2  1
667 12
-1;9  -1.65  6.15  3.05origin: 40 120  30   -1 6.2 3.1 ..10  2  1
667 13
-1;9  -1.55  6.15  3.05origin: 40 120  30   -1 6.2 3.1 ..10  2  1
667 14
-1;9  -1.45  6.15  3.05origin: 40 120  30   -1 6.2 3.1 ..10  2  1
667 15
-1;9  -1.35  6.15  3.05origin: 40 120  30   -1 6.2 3.1 ..10  2  1
667 16
-1;9  -1.25  6.15  3.05origin: 40 120  30   -1 6.2 3.1 ..10  2  1
667 17
-1;9  -1.15  6.15  3.05origin: 40 120  30   -1 6.2 3.1 ..10  2  1
667 18
-1;9  -1.05  6.15  3.05origin: 40 120  30   -1 6.2 3.1 ..10  2  1
667 19
-4.00154 -3.00472  1.19686[0;34m New root [0m
[33m[WARN] [1790606204.372508270, 45.603000000]: id:1 Infeasible1! DTG refuse to update![0m
-4.00614  2.99722  1.19883[0;34m New root [0m
[33m[WARN] [1790606204.377192611, 45.612000000]: id:2 Infeasible1! DTG refuse to update![0m
-1;9  -1.95  6.15  3.05origin: 40 120  30   -1 6.2 3.1 ..10  2  1
667 10
-1;9  -1.85  6.15  3.05origin: 40 120  30   -1 6.2 3.1 ..10  2  1
667 11
-1;9  -1.75  6.15  3.05origin: 40 120  30   -1 6.2 3.1 ..10  2  1
667 12
-1;9  -1.65  6.15  3.05origin: 40 120  30   -1 6.2 3.1 ..10  2  1
667 13
-1;9  -1.55  6.15  3.05origin: 40 120  30   -1 6.2 3.1 ..10  2  1
667 14
-1;9  -1.45  6.15  3.05origin: 40 120  30   -1 6.2 3.1 ..10  2  1
667 15
-1;9  -1.35  6.15  3.05origin: 40 120  30   -1 6.2 3.1 ..10  2  1
667 16
-1;9  -1.25  6.15  3.05origin: 40 120  30   -1 6.2 3.1 ..10  2  1
667 17
-1;9  -1.15  6.15  3.05origin: 40 120  30   -1 6.2 3.1 ..10  2  1
667 18
-1;9  -1.05  6.15  3.05origin: 40 120  30   -1 6.2 3.1 ..10  2  1
667 19
-3.99895 -3.00111  1.19191[0;34m New root [0m
[33m[WARN] [1790606204.573341928, 45.804000000]: id:1 Infeasible1! DTG refuse to update![0m
-4.00378  3.00555  1.19956[0;34m New root [0m
[33m[WARN] [1790606204.577767849, 45.813000000]: id:2 Infeasible1! DTG refuse to update![0m
-1;9  -1.95  6.15  3.05origin: 40 120  30   -1 6.2 3.1 ..10  2  1
667 10
-1;9  -1.85  6.15  3.05origin: 40 120  30   -1 6.2 3.1 ..10  2  1
667 11
-1;9  -1.75  6.15  3.05origin: 40 120  30   -1 6.2 3.1 ..10  2  1
667 12
-1;9  -1.65  6.15  3.05origin: 40 120  30   -1 6.2 3.1 ..10  2  1
667 13
-1;9  -1.55  6.15  3.05origin: 40 120  30   -1 6.2 3.1 ..10  2  1
667 14
-1;9  -1.45  6.15  3.05origin: 40 120  30   -1 6.2 3.1 ..10  2  1
667 15
-1;9  -1.35  6.15  3.05origin: 40 120  30   -1 6.2 3.1 ..10  2  1
667 16
-1;9  -1.25  6.15  3.05origin: 40 120  30   -1 6.2 3.1 ..10  2  1
667 17
-1;9  -1.15  6.15  3.05origin: 40 120  30   -1 6.2 3.1 ..10  2  1
667 18
-1;9  -1.05  6.15  3.05origin: 40 120  30   -1 6.2 3.1 ..10  2  1
667 19
-3.99597 -3.00535  1.19763[0;34m New root [0m
[33m[WARN] [1790606204.772796814, 46.005000000]: id:1 Infeasible1! DTG refuse to update![0m
-4.00039  2.99588  1.20041[0;34m New root [0m
[33m[WARN] [1790606204.776685674, 46.014000000]: id:2 Infeasible1! DTG refuse to update![0m
-1;9  -1.95  6.15  3.05origin: 40 120  30   -1 6.2 3.1 ..10  2  1
667 10
-1;9  -1.85  6.15  3.05origin: 40 120  30   -1 6.2 3.1 ..10  2  1
667 11
-1;9  -1.75  6.15  3.05origin: 40 120  30   -1 6.2 3.1 ..10  2  1
667 12
-1;9  -1.65  6.15  3.05origin: 40 120  30   -1 6.2 3.1 ..10  2  1
667 13
-1;9  -1.55  6.15  3.05origin: 40 120  30   -1 6.2 3.1 ..10  2  1
667 14
-1;9  -1.45  6.15  3.05origin: 40 120  30   -1 6.2 3.1 ..10  2  1
667 15
-1;9  -1.35  6.15  3.05origin: 40 120  30   -1 6.2 3.1 ..10  2  1
667 16
-1;9  -1.25  6.15  3.05origin: 40 120  30   -1 6.2 3.1 ..10  2  1
667 17
-1;9  -1.15  6.15  3.05origin: 40 120  30   -1 6.2 3.1 ..10  2  1
667 18
-1;9  -1.05  6.15  3.05origin: 40 120  30   -1 6.2 3.1 ..10  2  1
667 19
-3.99935 -3.00447   1.1951[0;34m New root [0m
[33m[WARN] [1790606204.972459262, 46.206000000]: id:1 Infeasible1! DTG refuse to update![0m
-4.00367  2.99701  1.20208[0;34m New root [0m
[33m[WARN] [1790606204.976693795, 46.215000000]: id:2 Infeasible1! DTG refuse to update![0m
-1;9  -1.95  6.15  3.05origin: 40 120  30   -1 6.2 3.1 ..10  2  1
667 10
-1;9  -1.85  6.15  3.05origin: 40 120  30   -1 6.2 3.1 ..10  2  1
667 11
-1;9  -1.75  6.15  3.05origin: 40 120  30   -1 6.2 3.1 ..10  2  1
667 12
-1;9  -1.65  6.15  3.05origin: 40 120  30   -1 6.2 3.1 ..10  2  1
667 13
-1;9  -1.55  6.15  3.05origin: 40 120  30   -1 6.2 3.1 ..10  2  1
667 14
-1;9  -1.45  6.15  3.05origin: 40 120  30   -1 6.2 3.1 ..10  2  1
667 15
-1;9  -1.35  6.15  3.05origin: 40 120  30   -1 6.2 3.1 ..10  2  1
667 16
-1;9  -1.25  6.15  3.05origin: 40 120  30   -1 6.2 3.1 ..10  2  1
667 17
-1;9  -1.15  6.15  3.05origin: 40 120  30   -1 6.2 3.1 ..10  2  1
667 18
-1;9  -1.05  6.15  3.05origin: 40 120  30   -1 6.2 3.1 ..10  2  1
667 19
-3.99766 -3.00461  1.20111[0;34m New root [0m
[33m[WARN] [1790606205.172045381, 46.408000000]: id:1 Infeasible1! DTG refuse to update![0m
-3.99929  2.99988   1.2034[0;34m New root [0m
[33m[WARN] [1790606205.179157268, 46.417000000]: id:2 Infeasible1! DTG refuse to update![0m
-1;9  -1.95  6.15  3.05origin: 40 120  30   -1 6.2 3.1 ..10  2  1
667 10
-1;9  -1.85  6.15  3.05origin: 40 120  30   -1 6.2 3.1 ..10  2  1
667 11
-1;9  -1.75  6.15  3.05origin: 40 120  30   -1 6.2 3.1 ..10  2  1
667 12
-1;9  -1.65  6.15  3.05origin: 40 120  30   -1 6.2 3.1 ..10  2  1
667 13
-1;9  -1.55  6.15  3.05origin: 40 120  30   -1 6.2 3.1 ..10  2  1
667 14
-1;9  -1.45  6.15  3.05origin: 40 120  30   -1 6.2 3.1 ..10  2  1
667 15
-1;9  -1.35  6.15  3.05origin: 40 120  30   -1 6.2 3.1 ..10  2  1
667 16
-1;9  -1.25  6.15  3.05origin: 40 120  30   -1 6.2 3.1 ..10  2  1
667 17
-1;9  -1.15  6.15  3.05origin: 40 120  30   -1 6.2 3.1 ..10  2  1
667 18
-1;9  -1.05  6.15  3.05origin: 40 120  30   -1 6.2 3.1 ..10  2  1
667 19
-4.00401 -3.00453  1.19557[0;34m New root [0m
[33m[WARN] [1790606205.371964707, 46.609000000]: id:1 Infeasible1! DTG refuse to update![0m
-3.99997  3.00141  1.20999[0;34m New root [0m
[33m[WARN] [1790606205.376244846, 46.609000000]: id:2 Infeasible1! DTG refuse to update![0m
-1;9  -1.95  6.15  3.05origin: 40 120  30   -1 6.2 3.1 ..10  2  1
667 10
-1;9  -1.85  6.15  3.05origin: 40 120  30   -1 6.2 3.1 ..10  2  1
667 11
-1;9  -1.75  6.15  3.05origin: 40 120  30   -1 6.2 3.1 ..10  2  1
667 12
-1;9  -1.65  6.15  3.05origin: 40 120  30   -1 6.2 3.1 ..10  2  1
667 13
-1;9  -1.55  6.15  3.05origin: 40 120  30   -1 6.2 3.1 ..10  2  1
667 14
-1;9  -1.45  6.15  3.05origin: 40 120  30   -1 6.2 3.1 ..10  2  1
667 15
-1;9  -1.35  6.15  3.05origin: 40 120  30   -1 6.2 3.1 ..10  2  1
667 16
-1;9  -1.25  6.15  3.05origin: 40 120  30   -1 6.2 3.1 ..10  2  1
667 17
-1;9  -1.15  6.15  3.05origin: 40 120  30   -1 6.2 3.1 ..10  2  1
667 18
-1;9  -1.05  6.15  3.05origin: 40 120  30   -1 6.2 3.1 ..10  2  1
667 19
 -4.0064 -3.00275  1.20492[0;34m New root [0m
[33m[WARN] [1790606205.574112856, 46.810000000]: id:1 Infeasible1! DTG refuse to update![0m
-4.00021  2.99642  1.20221[0;34m New root [0m
[33m[WARN] [1790606205.578872735, 46.810000000]: id:2 Infeasible1! DTG refuse to update![0m
-1;9  -1.95  6.15  3.05origin: 40 120  30   -1 6.2 3.1 ..10  2  1
667 10
-1;9  -1.85  6.15  3.05origin: 40 120  30   -1 6.2 3.1 ..10  2  1
667 11
-1;9  -1.75  6.15  3.05origin: 40 120  30   -1 6.2 3.1 ..10  2  1
667 12
-1;9  -1.65  6.15  3.05origin: 40 120  30   -1 6.2 3.1 ..10  2  1
667 13
-1;9  -1.55  6.15  3.05origin: 40 120  30   -1 6.2 3.1 ..10  2  1
667 14
-1;9  -1.45  6.15  3.05origin: 40 120  30   -1 6.2 3.1 ..10  2  1
667 15
-1;9  -1.35  6.15  3.05origin: 40 120  30   -1 6.2 3.1 ..10  2  1
667 16
-1;9  -1.25  6.15  3.05origin: 40 120  30   -1 6.2 3.1 ..10  2  1
667 17
-1;9  -1.15  6.15  3.05origin: 40 120  30   -1 6.2 3.1 ..10  2  1
667 18
-1;9  -1.05  6.15  3.05origin: 40 120  30   -1 6.2 3.1 ..10  2  1
667 19
-4.00761 -2.99958  1.20156[0;34m New root [0m
[33m[WARN] [1790606205.772662414, 47.002000000]: id:1 Infeasible1! DTG refuse to update![0m
-3.99687  2.99502  1.20118[0;34m New root [0m
[33m[WARN] [1790606205.777542395, 47.011000000]: id:2 Infeasible1! DTG refuse to update![0m
-1;9  -1.95  6.15  3.05origin: 40 120  30   -1 6.2 3.1 ..10  2  1
667 10
-1;9  -1.85  6.15  3.05origin: 40 120  30   -1 6.2 3.1 ..10  2  1
667 11
-1;9  -1.75  6.15  3.05origin: 40 120  30   -1 6.2 3.1 ..10  2  1
667 12
-1;9  -1.65  6.15  3.05origin: 40 120  30   -1 6.2 3.1 ..10  2  1
667 13
-1;9  -1.55  6.15  3.05origin: 40 120  30   -1 6.2 3.1 ..10  2  1
667 14
-1;9  -1.45  6.15  3.05origin: 40 120  30   -1 6.2 3.1 ..10  2  1
667 15
-1;9  -1.35  6.15  3.05origin: 40 120  30   -1 6.2 3.1 ..10  2  1
667 16
-1;9  -1.25  6.15  3.05origin: 40 120  30   -1 6.2 3.1 ..10  2  1
667 17
-1;9  -1.15  6.15  3.05origin: 40 120  30   -1 6.2 3.1 ..10  2  1
667 18
-1;9  -1.05  6.15  3.05origin: 40 120  30   -1 6.2 3.1 ..10  2  1
667 19
-3.99462 -2.99972  1.19395[0;34m New root [0m
[33m[WARN] [1790606205.972292263, 47.203000000]: id:1 Infeasible1! DTG refuse to update![0m
-3.99902  2.99861  1.19735[0;34m New root [0m
[33m[WARN] [1790606205.977707219, 47.212000000]: id:2 Infeasible1! DTG refuse to update![0m
-1;9  -1.95  6.15  3.05origin: 40 120  30   -1 6.2 3.1 ..10  2  1
667 10
-1;9  -1.85  6.15  3.05origin: 40 120  30   -1 6.2 3.1 ..10  2  1
667 11
-1;9  -1.75  6.15  3.05origin: 40 120  30   -1 6.2 3.1 ..10  2  1
667 12
-1;9  -1.65  6.15  3.05origin: 40 120  30   -1 6.2 3.1 ..10  2  1
667 13
-1;9  -1.55  6.15  3.05origin: 40 120  30   -1 6.2 3.1 ..10  2  1
667 14
-1;9  -1.45  6.15  3.05origin: 40 120  30   -1 6.2 3.1 ..10  2  1
667 15
-1;9  -1.35  6.15  3.05origin: 40 120  30   -1 6.2 3.1 ..10  2  1
667 16
-1;9  -1.25  6.15  3.05origin: 40 120  30   -1 6.2 3.1 ..10  2  1
667 17
-1;9  -1.15  6.15  3.05origin: 40 120  30   -1 6.2 3.1 ..10  2  1
667 18
-1;9  -1.05  6.15  3.05origin: 40 120  30   -1 6.2 3.1 ..10  2  1
667 19
-3.99508 -2.99551  1.19669[0;34m New root [0m
[33m[WARN] [1790606206.171904353, 47.404000000]: id:1 Infeasible1! DTG refuse to update![0m
-3.99972  2.98991  1.19861[0;34m New root [0m
[33m[WARN] [1790606206.176593529, 47.414000000]: id:2 Infeasible1! DTG refuse to update![0m
-1;9  -1.95  6.15  3.05origin: 40 120  30   -1 6.2 3.1 ..10  2  1
667 10
-1;9  -1.85  6.15  3.05origin: 40 120  30   -1 6.2 3.1 ..10  2  1
667 11
-1;9  -1.75  6.15  3.05origin: 40 120  30   -1 6.2 3.1 ..10  2  1
667 12
-1;9  -1.65  6.15  3.05origin: 40 120  30   -1 6.2 3.1 ..10  2  1
667 13
-1;9  -1.55  6.15  3.05origin: 40 120  30   -1 6.2 3.1 ..10  2  1
667 14
-1;9  -1.45  6.15  3.05origin: 40 120  30   -1 6.2 3.1 ..10  2  1
667 15
-1;9  -1.35  6.15  3.05origin: 40 120  30   -1 6.2 3.1 ..10  2  1
667 16
-1;9  -1.25  6.15  3.05origin: 40 120  30   -1 6.2 3.1 ..10  2  1
667 17
-1;9  -1.15  6.15  3.05origin: 40 120  30   -1 6.2 3.1 ..10  2  1
667 18
-1;9  -1.05  6.15  3.05origin: 40 120  30   -1 6.2 3.1 ..10  2  1
667 19
-3.99412 -2.99435  1.19794[0;34m New root [0m
[33m[WARN] [1790606206.372650926, 47.606000000]: id:1 Infeasible1! DTG refuse to update![0m
-4.00005   2.9988  1.20311[0;34m New root [0m
[33m[WARN] [1790606206.376409554, 47.615000000]: id:2 Infeasible1! DTG refuse to update![0m
-1;9  -1.95  6.15  3.05origin: 40 120  30   -1 6.2 3.1 ..10  2  1
667 10
-1;9  -1.85  6.15  3.05origin: 40 120  30   -1 6.2 3.1 ..10  2  1
667 11
-1;9  -1.75  6.15  3.05origin: 40 120  30   -1 6.2 3.1 ..10  2  1
667 12
-1;9  -1.65  6.15  3.05origin: 40 120  30   -1 6.2 3.1 ..10  2  1
667 13
-1;9  -1.55  6.15  3.05origin: 40 120  30   -1 6.2 3.1 ..10  2  1
667 14
-1;9  -1.45  6.15  3.05origin: 40 120  30   -1 6.2 3.1 ..10  2  1
667 15
-1;9  -1.35  6.15  3.05origin: 40 120  30   -1 6.2 3.1 ..10  2  1
667 16
-1;9  -1.25  6.15  3.05origin: 40 120  30   -1 6.2 3.1 ..10  2  1
667 17
-1;9  -1.15  6.15  3.05origin: 40 120  30   -1 6.2 3.1 ..10  2  1
667 18
-1;9  -1.05  6.15  3.05origin: 40 120  30   -1 6.2 3.1 ..10  2  1
667 19
-3.99807 -2.99573  1.20133[0;34m New root [0m
[33m[WARN] [1790606206.573367109, 47.807000000]: id:1 Infeasible1! DTG refuse to update![0m
-4.00892  2.99919  1.19941[0;34m New root [0m
[33m[WARN] [1790606206.580591344, 47.816000000]: id:2 Infeasible1! DTG refuse to update![0m
-1;9  -1.95  6.15  3.05origin: 40 120  30   -1 6.2 3.1 ..10  2  1
667 10
-1;9  -1.85  6.15  3.05origin: 40 120  30   -1 6.2 3.1 ..10  2  1
667 11
-1;9  -1.75  6.15  3.05origin: 40 120  30   -1 6.2 3.1 ..10  2  1
667 12
-1;9  -1.65  6.15  3.05origin: 40 120  30   -1 6.2 3.1 ..10  2  1
667 13
-1;9  -1.55  6.15  3.05origin: 40 120  30   -1 6.2 3.1 ..10  2  1
667 14
-1;9  -1.45  6.15  3.05origin: 40 120  30   -1 6.2 3.1 ..10  2  1
667 15
-1;9  -1.35  6.15  3.05origin: 40 120  30   -1 6.2 3.1 ..10  2  1
667 16
-1;9  -1.25  6.15  3.05origin: 40 120  30   -1 6.2 3.1 ..10  2  1
667 17
-1;9  -1.15  6.15  3.05origin: 40 120  30   -1 6.2 3.1 ..10  2  1
667 18
-1;9  -1.05  6.15  3.05origin: 40 120  30   -1 6.2 3.1 ..10  2  1
667 19
-4.00132 -2.99751  1.19945[0;34m New root [0m
[33m[WARN] [1790606206.772820577, 48.008000000]: id:1 Infeasible1! DTG refuse to update![0m
-4.00947  3.00347  1.19906[0;34m New root [0m
[33m[WARN] [1790606206.778113681, 48.008000000]: id:2 Infeasible1! DTG refuse to update![0m
-1;9  -1.95  6.15  3.05origin: 40 120  30   -1 6.2 3.1 ..10  2  1
667 10
-1;9  -1.85  6.15  3.05origin: 40 120  30   -1 6.2 3.1 ..10  2  1
667 11
-1;9  -1.75  6.15  3.05origin: 40 120  30   -1 6.2 3.1 ..10  2  1
667 12
-1;9  -1.65  6.15  3.05origin: 40 120  30   -1 6.2 3.1 ..10  2  1
667 13
-1;9  -1.55  6.15  3.05origin: 40 120  30   -1 6.2 3.1 ..10  2  1
667 14
-1;9  -1.45  6.15  3.05origin: 40 120  30   -1 6.2 3.1 ..10  2  1
667 15
-1;9  -1.35  6.15  3.05origin: 40 120  30   -1 6.2 3.1 ..10  2  1
667 16
-1;9  -1.25  6.15  3.05origin: 40 120  30   -1 6.2 3.1 ..10  2  1
667 17
-1;9  -1.15  6.15  3.05origin: 40 120  30   -1 6.2 3.1 ..10  2  1
667 18
-1;9  -1.05  6.15  3.05origin: 40 120  30   -1 6.2 3.1 ..10  2  1
667 19
 -4.0022 -2.99477  1.19657[0;34m New root [0m
[33m[WARN] [1790606206.973395565, 48.209000000]: id:1 Infeasible1! DTG refuse to update![0m
-4.00208  2.99679  1.20208[0;34m New root [0m
[33m[WARN] [1790606206.978527254, 48.209000000]: id:2 Infeasible1! DTG refuse to update![0m
-1;9  -1.95  6.15  3.05origin: 40 120  30   -1 6.2 3.1 ..10  2  1
667 10
-1;9  -1.85  6.15  3.05origin: 40 120  30   -1 6.2 3.1 ..10  2  1
667 11
-1;9  -1.75  6.15  3.05origin: 40 120  30   -1 6.2 3.1 ..10  2  1
667 12
-1;9  -1.65  6.15  3.05origin: 40 120  30   -1 6.2 3.1 ..10  2  1
667 13
-1;9  -1.55  6.15  3.05origin: 40 120  30   -1 6.2 3.1 ..10  2  1
667 14
-1;9  -1.45  6.15  3.05origin: 40 120  30   -1 6.2 3.1 ..10  2  1
667 15
-1;9  -1.35  6.15  3.05origin: 40 120  30   -1 6.2 3.1 ..10  2  1
667 16
-1;9  -1.25  6.15  3.05origin: 40 120  30   -1 6.2 3.1 ..10  2  1
667 17
-1;9  -1.15  6.15  3.05origin: 40 120  30   -1 6.2 3.1 ..10  2  1
667 18
-1;9  -1.05  6.15  3.05origin: 40 120  30   -1 6.2 3.1 ..10  2  1
667 19
-4.00335 -2.99537  1.20299[0;34m New root [0m
[33m[WARN] [1790606207.180706002, 48.411000000]: id:1 Infeasible1! DTG refuse to update![0m
-3.99855  3.00536  1.20245[0;34m New root [0m
[33m[WARN] [1790606207.187872208, 48.420000000]: id:2 Infeasible1! DTG refuse to update![0m
[0;44m id:2 Partition[0m
[33m[WARN] [1790606207.257156041, 48.493000000]: id:2 LocalGVP![0m
[0;44m id:1 Partition[0m
[33m[WARN] [1790606207.257634739, 48.493000000]: id:1 LocalGVP![0m
-1;9  -1.95  6.15  3.05origin: 40 120  30   -1 6.2 3.1 ..10  2  1
667 10
-1;9  -1.85  6.15  3.05origin: 40 120  30   -1 6.2 3.1 ..10  2  1
667 11
-1;9  -1.75  6.15  3.05origin: 40 120  30   -1 6.2 3.1 ..10  2  1
667 12
-1;9  -1.65  6.15  3.05origin: 40 120  30   -1 6.2 3.1 ..10  2  1
667 13
-1;9  -1.55  6.15  3.05origin: 40 120  30   -1 6.2 3.1 ..10  2  1
667 14
-1;9  -1.45  6.15  3.05origin: 40 120  30   -1 6.2 3.1 ..10  2  1
667 15
-1;9  -1.35  6.15  3.05origin: 40 120  30   -1 6.2 3.1 ..10  2  1
667 16
-1;9  -1.25  6.15  3.05origin: 40 120  30   -1 6.2 3.1 ..10  2  1
667 17
-1;9  -1.15  6.15  3.05origin: 40 120  30   -1 6.2 3.1 ..10  2  1
667 18
-1;9  -1.05  6.15  3.05origin: 40 120  30   -1 6.2 3.1 ..10  2  1
667 19
-4.00419 -2.99272  1.20309[0;34m New root [0m
[33m[WARN] [1790606207.375033367, 48.603000000]: id:1 Infeasible1! DTG refuse to update![0m
-4.00048  3.00158  1.20086[0;34m New root [0m
[33m[WARN] [1790606207.377866366, 48.612000000]: id:2 Infeasible1! DTG refuse to update![0m
-1;9  -1.95  6.15  3.05origin: 40 120  30   -1 6.2 3.1 ..10  2  1
667 10
-1;9  -1.85  6.15  3.05origin: 40 120  30   -1 6.2 3.1 ..10  2  1
667 11
-1;9  -1.75  6.15  3.05origin: 40 120  30   -1 6.2 3.1 ..10  2  1
667 12
-1;9  -1.65  6.15  3.05origin: 40 120  30   -1 6.2 3.1 ..10  2  1
667 13
-1;9  -1.55  6.15  3.05origin: 40 120  30   -1 6.2 3.1 ..10  2  1
667 14
-1;9  -1.45  6.15  3.05origin: 40 120  30   -1 6.2 3.1 ..10  2  1
667 15
-1;9  -1.35  6.15  3.05origin: 40 120  30   -1 6.2 3.1 ..10  2  1
667 16
-1;9  -1.25  6.15  3.05origin: 40 120  30   -1 6.2 3.1 ..10  2  1
667 17
-1;9  -1.15  6.15  3.05origin: 40 120  30   -1 6.2 3.1 ..10  2  1
667 18
-1;9  -1.05  6.15  3.05origin: 40 120  30   -1 6.2 3.1 ..10  2  1
667 19
-3.99575 -2.99958   1.1945[0;34m New root [0m
[33m[WARN] [1790606207.573122445, 48.804000000]: id:1 Infeasible1! DTG refuse to update![0m
-4.00087  3.00199  1.20328[0;34m New root [0m
[33m[WARN] [1790606207.578071085, 48.813000000]: id:2 Infeasible1! DTG refuse to update![0m
-1;9  -1.95  6.15  3.05origin: 40 120  30   -1 6.2 3.1 ..10  2  1
667 10
-1;9  -1.85  6.15  3.05origin: 40 120  30   -1 6.2 3.1 ..10  2  1
667 11
-1;9  -1.75  6.15  3.05origin: 40 120  30   -1 6.2 3.1 ..10  2  1
667 12
-1;9  -1.65  6.15  3.05origin: 40 120  30   -1 6.2 3.1 ..10  2  1
667 13
-1;9  -1.55  6.15  3.05origin: 40 120  30   -1 6.2 3.1 ..10  2  1
667 14
-1;9  -1.45  6.15  3.05origin: 40 120  30   -1 6.2 3.1 ..10  2  1
667 15
-1;9  -1.35  6.15  3.05origin: 40 120  30   -1 6.2 3.1 ..10  2  1
667 16
-1;9  -1.25  6.15  3.05origin: 40 120  30   -1 6.2 3.1 ..10  2  1
667 17
-1;9  -1.15  6.15  3.05origin: 40 120  30   -1 6.2 3.1 ..10  2  1
667 18
-1;9  -1.05  6.15  3.05origin: 40 120  30   -1 6.2 3.1 ..10  2  1
667 19
-3.99991 -3.00364  1.20259[0;34m New root [0m
[33m[WARN] [1790606207.773677340, 49.005000000]: id:1 Infeasible1! DTG refuse to update![0m
-3.99964  3.00212   1.2024[0;34m New root [0m
[33m[WARN] [1790606207.777951726, 49.014000000]: id:2 Infeasible1! DTG refuse to update![0m
-1;9  -1.95  6.15  3.05origin: 40 120  30   -1 6.2 3.1 ..10  2  1
667 10
-1;9  -1.85  6.15  3.05origin: 40 120  30   -1 6.2 3.1 ..10  2  1
667 11
-1;9  -1.75  6.15  3.05origin: 40 120  30   -1 6.2 3.1 ..10  2  1
667 12
-1;9  -1.65  6.15  3.05origin: 40 120  30   -1 6.2 3.1 ..10  2  1
667 13
-1;9  -1.55  6.15  3.05origin: 40 120  30   -1 6.2 3.1 ..10  2  1
667 14
-1;9  -1.45  6.15  3.05origin: 40 120  30   -1 6.2 3.1 ..10  2  1
667 15
-1;9  -1.35  6.15  3.05origin: 40 120  30   -1 6.2 3.1 ..10  2  1
667 16
-1;9  -1.25  6.15  3.05origin: 40 120  30   -1 6.2 3.1 ..10  2  1
667 17
-1;9  -1.15  6.15  3.05origin: 40 120  30   -1 6.2 3.1 ..10  2  1
667 18
-1;9  -1.05  6.15  3.05origin: 40 120  30   -1 6.2 3.1 ..10  2  1
667 19
-3.99842 -3.00227  1.20311[0;34m New root [0m
[33m[WARN] [1790606207.973884268, 49.206000000]: id:1 Infeasible1! DTG refuse to update![0m
-3.99882  2.99721  1.20126[0;34m New root [0m
[33m[WARN] [1790606207.977929581, 49.215000000]: id:2 Infeasible1! DTG refuse to update![0m
-1;9  -1.95  6.15  3.05origin: 40 120  30   -1 6.2 3.1 ..10  2  1
667 10
-1;9  -1.85  6.15  3.05origin: 40 120  30   -1 6.2 3.1 ..10  2  1
667 11
-1;9  -1.75  6.15  3.05origin: 40 120  30   -1 6.2 3.1 ..10  2  1
667 12
-1;9  -1.65  6.15  3.05origin: 40 120  30   -1 6.2 3.1 ..10  2  1
667 13
-1;9  -1.55  6.15  3.05origin: 40 120  30   -1 6.2 3.1 ..10  2  1
667 14
-1;9  -1.45  6.15  3.05origin: 40 120  30   -1 6.2 3.1 ..10  2  1
667 15
-1;9  -1.35  6.15  3.05origin: 40 120  30   -1 6.2 3.1 ..10  2  1
667 16
-1;9  -1.25  6.15  3.05origin: 40 120  30   -1 6.2 3.1 ..10  2  1
667 17
-1;9  -1.15  6.15  3.05origin: 40 120  30   -1 6.2 3.1 ..10  2  1
667 18
-1;9  -1.05  6.15  3.05origin: 40 120  30   -1 6.2 3.1 ..10  2  1
667 19
-4.00295 -3.00274   1.1974[0;34m New root [0m
[33m[WARN] [1790606208.173826689, 49.408000000]: id:1 Infeasible1! DTG refuse to update![0m
-4.0005 2.99652 1.19973[0;34m New root [0m
[33m[WARN] [1790606208.176710172, 49.408000000]: id:2 Infeasible1! DTG refuse to update![0m
-1;9  -1.95  6.15  3.05origin: 40 120  30   -1 6.2 3.1 ..10  2  1
667 10
-1;9  -1.85  6.15  3.05origin: 40 120  30   -1 6.2 3.1 ..10  2  1
667 11
-1;9  -1.75  6.15  3.05origin: 40 120  30   -1 6.2 3.1 ..10  2  1
667 12
-1;9  -1.65  6.15  3.05origin: 40 120  30   -1 6.2 3.1 ..10  2  1
667 13
-1;9  -1.55  6.15  3.05origin: 40 120  30   -1 6.2 3.1 ..10  2  1
667 14
-1;9  -1.45  6.15  3.05origin: 40 120  30   -1 6.2 3.1 ..10  2  1
667 15
-1;9  -1.35  6.15  3.05origin: 40 120  30   -1 6.2 3.1 ..10  2  1
667 16
-1;9  -1.25  6.15  3.05origin: 40 120  30   -1 6.2 3.1 ..10  2  1
667 17
-1;9  -1.15  6.15  3.05origin: 40 120  30   -1 6.2 3.1 ..10  2  1
667 18
-1;9  -1.05  6.15  3.05origin: 40 120  30   -1 6.2 3.1 ..10  2  1
667 19
 -3.9974 -2.99671  1.19553[0;34m New root [0m
[33m[WARN] [1790606208.373120453, 49.609000000]: id:1 Infeasible1! DTG refuse to update![0m
-3.99259  2.99327  1.19704[0;34m New root [0m
[33m[WARN] [1790606208.377664558, 49.609000000]: id:2 Infeasible1! DTG refuse to update![0m
-1;9  -1.95  6.15  3.05origin: 40 120  30   -1 6.2 3.1 ..10  2  1
667 10
-1;9  -1.85  6.15  3.05origin: 40 120  30   -1 6.2 3.1 ..10  2  1
667 11
-1;9  -1.75  6.15  3.05origin: 40 120  30   -1 6.2 3.1 ..10  2  1
667 12
-1;9  -1.65  6.15  3.05origin: 40 120  30   -1 6.2 3.1 ..10  2  1
667 13
-1;9  -1.55  6.15  3.05origin: 40 120  30   -1 6.2 3.1 ..10  2  1
667 14
-1;9  -1.45  6.15  3.05origin: 40 120  30   -1 6.2 3.1 ..10  2  1
667 15
-1;9  -1.35  6.15  3.05origin: 40 120  30   -1 6.2 3.1 ..10  2  1
667 16
-1;9  -1.25  6.15  3.05origin: 40 120  30   -1 6.2 3.1 ..10  2  1
667 17
-1;9  -1.15  6.15  3.05origin: 40 120  30   -1 6.2 3.1 ..10  2  1
667 18
-1;9  -1.05  6.15  3.05origin: 40 120  30   -1 6.2 3.1 ..10  2  1
667 19
-4.00717 -3.00364  1.20419[0;34m New root [0m
[33m[WARN] [1790606208.575638745, 49.810000000]: id:1 Infeasible1! DTG refuse to update![0m
-3.9888 2.99762 1.20167[0;34m New root [0m
[33m[WARN] [1790606208.581161088, 49.810000000]: id:2 Infeasible1! DTG refuse to update![0m
-1;9  -1.95  6.15  3.05origin: 40 120  30   -1 6.2 3.1 ..10  2  1
667 10
-1;9  -1.85  6.15  3.05origin: 40 120  30   -1 6.2 3.1 ..10  2  1
667 11
-1;9  -1.75  6.15  3.05origin: 40 120  30   -1 6.2 3.1 ..10  2  1
667 12
-1;9  -1.65  6.15  3.05origin: 40 120  30   -1 6.2 3.1 ..10  2  1
667 13
-1;9  -1.55  6.15  3.05origin: 40 120  30   -1 6.2 3.1 ..10  2  1
667 14
-1;9  -1.45  6.15  3.05origin: 40 120  30   -1 6.2 3.1 ..10  2  1
667 15
-1;9  -1.35  6.15  3.05origin: 40 120  30   -1 6.2 3.1 ..10  2  1
667 16
-1;9  -1.25  6.15  3.05origin: 40 120  30   -1 6.2 3.1 ..10  2  1
667 17
-1;9  -1.15  6.15  3.05origin: 40 120  30   -1 6.2 3.1 ..10  2  1
667 18
-1;9  -1.05  6.15  3.05origin: 40 120  30   -1 6.2 3.1 ..10  2  1
667 19
-4.00258 -2.99482  1.19632[0;34m New root [0m
[33m[WARN] [1790606208.775894615, 50.011000000]: id:1 Infeasible1! DTG refuse to update![0m
-3.99972  2.99581   1.1977[0;34m New root [0m
[33m[WARN] [1790606208.781859346, 50.011000000]: id:2 Infeasible1! DTG refuse to update![0m
-1;9  -1.95  6.15  3.05origin: 40 120  30   -1 6.2 3.1 ..10  2  1
667 10
-1;9  -1.85  6.15  3.05origin: 40 120  30   -1 6.2 3.1 ..10  2  1
667 11
-1;9  -1.75  6.15  3.05origin: 40 120  30   -1 6.2 3.1 ..10  2  1
667 12
-1;9  -1.65  6.15  3.05origin: 40 120  30   -1 6.2 3.1 ..10  2  1
667 13
-1;9  -1.55  6.15  3.05origin: 40 120  30   -1 6.2 3.1 ..10  2  1
667 14
-1;9  -1.45  6.15  3.05origin: 40 120  30   -1 6.2 3.1 ..10  2  1
667 15
-1;9  -1.35  6.15  3.05origin: 40 120  30   -1 6.2 3.1 ..10  2  1
667 16
-1;9  -1.25  6.15  3.05origin: 40 120  30   -1 6.2 3.1 ..10  2  1
667 17
-1;9  -1.15  6.15  3.05origin: 40 120  30   -1 6.2 3.1 ..10  2  1
667 18
-1;9  -1.05  6.15  3.05origin: 40 120  30   -1 6.2 3.1 ..10  2  1
667 19
-3.99865 -2.99597  1.18819[0;34m New root [0m
[33m[WARN] [1790606208.975333785, 50.203000000]: id:1 Infeasible1! DTG refuse to update![0m
-3.99457  3.00018  1.19727[0;34m New root [0m
[33m[WARN] [1790606208.983325153, 50.212000000]: id:2 Infeasible1! DTG refuse to update![0m
-1;9  -1.95  6.15  3.05origin: 40 120  30   -1 6.2 3.1 ..10  2  1
667 10
-1;9  -1.85  6.15  3.05origin: 40 120  30   -1 6.2 3.1 ..10  2  1
667 11
-1;9  -1.75  6.15  3.05origin: 40 120  30   -1 6.2 3.1 ..10  2  1
667 12
-1;9  -1.65  6.15  3.05origin: 40 120  30   -1 6.2 3.1 ..10  2  1
667 13
-1;9  -1.55  6.15  3.05origin: 40 120  30   -1 6.2 3.1 ..10  2  1
667 14
-1;9  -1.45  6.15  3.05origin: 40 120  30   -1 6.2 3.1 ..10  2  1
667 15
-1;9  -1.35  6.15  3.05origin: 40 120  30   -1 6.2 3.1 ..10  2  1
667 16
-1;9  -1.25  6.15  3.05origin: 40 120  30   -1 6.2 3.1 ..10  2  1
667 17
-1;9  -1.15  6.15  3.05origin: 40 120  30   -1 6.2 3.1 ..10  2  1
667 18
-1;9  -1.05  6.15  3.05origin: 40 120  30   -1 6.2 3.1 ..10  2  1
667 19
-4.00033 -2.99767  1.20168[0;34m New root [0m
[33m[WARN] [1790606209.174054637, 50.404000000]: id:1 Infeasible1! DTG refuse to update![0m
-3.99622  3.00106  1.19535[0;34m New root [0m
[33m[WARN] [1790606209.180620043, 50.414000000]: id:2 Infeasible1! DTG refuse to update![0m
-1;9  -1.95  6.15  3.05origin: 40 120  30   -1 6.2 3.1 ..10  2  1
667 10
-1;9  -1.85  6.15  3.05origin: 40 120  30   -1 6.2 3.1 ..10  2  1
667 11
-1;9  -1.75  6.15  3.05origin: 40 120  30   -1 6.2 3.1 ..10  2  1
667 12
-1;9  -1.65  6.15  3.05origin: 40 120  30   -1 6.2 3.1 ..10  2  1
667 13
-1;9  -1.55  6.15  3.05origin: 40 120  30   -1 6.2 3.1 ..10  2  1
667 14
-1;9  -1.45  6.15  3.05origin: 40 120  30   -1 6.2 3.1 ..10  2  1
667 15
-1;9  -1.35  6.15  3.05origin: 40 120  30   -1 6.2 3.1 ..10  2  1
667 16
-1;9  -1.25  6.15  3.05origin: 40 120  30   -1 6.2 3.1 ..10  2  1
667 17
-1;9  -1.15  6.15  3.05origin: 40 120  30   -1 6.2 3.1 ..10  2  1
667 18
-1;9  -1.05  6.15  3.05origin: 40 120  30   -1 6.2 3.1 ..10  2  1
667 19
-4.00161 -2.99513  1.20765[0;34m New root [0m
[33m[WARN] [1790606209.376818886, 50.606000000]: id:1 Infeasible1! DTG refuse to update![0m
-3.99805  2.99628  1.19907[0;34m New root [0m
[33m[WARN] [1790606209.384430815, 50.615000000]: id:2 Infeasible1! DTG refuse to update![0m
-1;9  -1.95  6.15  3.05origin: 40 120  30   -1 6.2 3.1 ..10  2  1
667 10
-1;9  -1.85  6.15  3.05origin: 40 120  30   -1 6.2 3.1 ..10  2  1
667 11
-1;9  -1.75  6.15  3.05origin: 40 120  30   -1 6.2 3.1 ..10  2  1
667 12
-1;9  -1.65  6.15  3.05origin: 40 120  30   -1 6.2 3.1 ..10  2  1
667 13
-1;9  -1.55  6.15  3.05origin: 40 120  30   -1 6.2 3.1 ..10  2  1
667 14
-1;9  -1.45  6.15  3.05origin: 40 120  30   -1 6.2 3.1 ..10  2  1
667 15
-1;9  -1.35  6.15  3.05origin: 40 120  30   -1 6.2 3.1 ..10  2  1
667 16
-1;9  -1.25  6.15  3.05origin: 40 120  30   -1 6.2 3.1 ..10  2  1
667 17
-1;9  -1.15  6.15  3.05origin: 40 120  30   -1 6.2 3.1 ..10  2  1
667 18
-1;9  -1.05  6.15  3.05origin: 40 120  30   -1 6.2 3.1 ..10  2  1
667 19
-3.99893 -2.99976    1.197[0;34m New root [0m
[33m[WARN] [1790606209.577212366, 50.807000000]: id:1 Infeasible1! DTG refuse to update![0m
-3.99388  2.98882  1.19148[0;34m New root [0m
[33m[WARN] [1790606209.583540445, 50.816000000]: id:2 Infeasible1! DTG refuse to update![0m
-1;9  -1.95  6.15  3.05origin: 40 120  30   -1 6.2 3.1 ..10  2  1
667 10
-1;9  -1.85  6.15  3.05origin: 40 120  30   -1 6.2 3.1 ..10  2  1
667 11
-1;9  -1.75  6.15  3.05origin: 40 120  30   -1 6.2 3.1 ..10  2  1
667 12
-1;9  -1.65  6.15  3.05origin: 40 120  30   -1 6.2 3.1 ..10  2  1
667 13
-1;9  -1.55  6.15  3.05origin: 40 120  30   -1 6.2 3.1 ..10  2  1
667 14
-1;9  -1.45  6.15  3.05origin: 40 120  30   -1 6.2 3.1 ..10  2  1
667 15
-1;9  -1.35  6.15  3.05origin: 40 120  30   -1 6.2 3.1 ..10  2  1
667 16
-1;9  -1.25  6.15  3.05origin: 40 120  30   -1 6.2 3.1 ..10  2  1
667 17
-1;9  -1.15  6.15  3.05origin: 40 120  30   -1 6.2 3.1 ..10  2  1
667 18
-1;9  -1.05  6.15  3.05origin: 40 120  30   -1 6.2 3.1 ..10  2  1
667 19
-4.00236  -2.9979  1.20717[0;34m New root [0m
[33m[WARN] [1790606209.777740872, 51.008000000]: id:1 Infeasible1! DTG refuse to update![0m
-3.99793  2.99551  1.19983[0;34m New root [0m
[33m[WARN] [1790606209.783558987, 51.017000000]: id:2 Infeasible1! DTG refuse to update![0m
-1;9  -1.95  6.15  3.05origin: 40 120  30   -1 6.2 3.1 ..10  2  1
667 10
-1;9  -1.85  6.15  3.05origin: 40 120  30   -1 6.2 3.1 ..10  2  1
667 11
-1;9  -1.75  6.15  3.05origin: 40 120  30   -1 6.2 3.1 ..10  2  1
667 12
-1;9  -1.65  6.15  3.05origin: 40 120  30   -1 6.2 3.1 ..10  2  1
667 13
-1;9  -1.55  6.15  3.05origin: 40 120  30   -1 6.2 3.1 ..10  2  1
667 14
-1;9  -1.45  6.15  3.05origin: 40 120  30   -1 6.2 3.1 ..10  2  1
667 15
-1;9  -1.35  6.15  3.05origin: 40 120  30   -1 6.2 3.1 ..10  2  1
667 16
-1;9  -1.25  6.15  3.05origin: 40 120  30   -1 6.2 3.1 ..10  2  1
667 17
-1;9  -1.15  6.15  3.05origin: 40 120  30   -1 6.2 3.1 ..10  2  1
667 18
-1;9  -1.05  6.15  3.05origin: 40 120  30   -1 6.2 3.1 ..10  2  1
667 19
-4.00259 -3.00237  1.20727[0;34m New root [0m
[33m[WARN] [1790606209.979093247, 51.209000000]: id:1 Infeasible1! DTG refuse to update![0m
-4.00425  3.00277  1.19911[0;34m New root [0m
[33m[WARN] [1790606209.986692795, 51.218000000]: id:2 Infeasible1! DTG refuse to update![0m
-1;9  -1.95  6.15  3.05origin: 40 120  30   -1 6.2 3.1 ..10  2  1
667 10
-1;9  -1.85  6.15  3.05origin: 40 120  30   -1 6.2 3.1 ..10  2  1
667 11
-1;9  -1.75  6.15  3.05origin: 40 120  30   -1 6.2 3.1 ..10  2  1
667 12
-1;9  -1.65  6.15  3.05origin: 40 120  30   -1 6.2 3.1 ..10  2  1
667 13
-1;9  -1.55  6.15  3.05origin: 40 120  30   -1 6.2 3.1 ..10  2  1
667 14
-1;9  -1.45  6.15  3.05origin: 40 120  30   -1 6.2 3.1 ..10  2  1
667 15
-1;9  -1.35  6.15  3.05origin: 40 120  30   -1 6.2 3.1 ..10  2  1
667 16
-1;9  -1.25  6.15  3.05origin: 40 120  30   -1 6.2 3.1 ..10  2  1
667 17
-1;9  -1.15  6.15  3.05origin: 40 120  30   -1 6.2 3.1 ..10  2  1
667 18
-1;9  -1.05  6.15  3.05origin: 40 120  30   -1 6.2 3.1 ..10  2  1
667 19
-3.99635  -3.0007  1.21086[0;34m New root [0m
[33m[WARN] [1790606210.177406188, 51.411000000]: id:1 Infeasible1! DTG refuse to update![0m
-3.99645  2.99542  1.20262[0;34m New root [0m
[33m[WARN] [1790606210.182716467, 51.411000000]: id:2 Infeasible1! DTG refuse to update![0m
-1;9  -1.95  6.15  3.05origin: 40 120  30   -1 6.2 3.1 ..10  2  1
667 10
-1;9  -1.85  6.15  3.05origin: 40 120  30   -1 6.2 3.1 ..10  2  1
667 11
-1;9  -1.75  6.15  3.05origin: 40 120  30   -1 6.2 3.1 ..10  2  1
667 12
-1;9  -1.65  6.15  3.05origin: 40 120  30   -1 6.2 3.1 ..10  2  1
667 13
-1;9  -1.55  6.15  3.05origin: 40 120  30   -1 6.2 3.1 ..10  2  1
667 14
-1;9  -1.45  6.15  3.05origin: 40 120  30   -1 6.2 3.1 ..10  2  1
667 15
-1;9  -1.35  6.15  3.05origin: 40 120  30   -1 6.2 3.1 ..10  2  1
667 16
-1;9  -1.25  6.15  3.05origin: 40 120  30   -1 6.2 3.1 ..10  2  1
667 17
-1;9  -1.15  6.15  3.05origin: 40 120  30   -1 6.2 3.1 ..10  2  1
667 18
-1;9  -1.05  6.15  3.05origin: 40 120  30   -1 6.2 3.1 ..10  2  1
667 19
[0;44m id:1 Partition[0m
[33m[WARN] [1790606210.285693596, 51.520000000]: id:1 LocalGVP![0m
[0;44m id:2 Partition[0m
[33m[WARN] [1790606210.286385901, 51.520000000]: id:2 LocalGVP![0m
-3.99231 -3.00288  1.20907[0;34m New root [0m
[33m[WARN] [1790606210.376770987, 51.603000000]: id:1 Infeasible1! DTG refuse to update![0m
-4.00066  3.00064  1.19666[0;34m New root [0m
[33m[WARN] [1790606210.385184734, 51.612000000]: id:2 Infeasible1! DTG refuse to update![0m
-1;9  -1.95  6.15  3.05origin: 40 120  30   -1 6.2 3.1 ..10  2  1
667 10
-1;9  -1.85  6.15  3.05origin: 40 120  30   -1 6.2 3.1 ..10  2  1
667 11
-1;9  -1.75  6.15  3.05origin: 40 120  30   -1 6.2 3.1 ..10  2  1
667 12
-1;9  -1.65  6.15  3.05origin: 40 120  30   -1 6.2 3.1 ..10  2  1
667 13
-1;9  -1.55  6.15  3.05origin: 40 120  30   -1 6.2 3.1 ..10  2  1
667 14
-1;9  -1.45  6.15  3.05origin: 40 120  30   -1 6.2 3.1 ..10  2  1
667 15
-1;9  -1.35  6.15  3.05origin: 40 120  30   -1 6.2 3.1 ..10  2  1
667 16
-1;9  -1.25  6.15  3.05origin: 40 120  30   -1 6.2 3.1 ..10  2  1
667 17
-1;9  -1.15  6.15  3.05origin: 40 120  30   -1 6.2 3.1 ..10  2  1
667 18
-1;9  -1.05  6.15  3.05origin: 40 120  30   -1 6.2 3.1 ..10  2  1
667 19
-3.98968 -2.99973  1.20482[0;34m New root [0m
[33m[WARN] [1790606210.576804788, 51.804000000]: id:1 Infeasible1! DTG refuse to update![0m
-4.01144  3.00284  1.20293[0;34m New root [0m
[33m[WARN] [1790606210.583564874, 51.813000000]: id:2 Infeasible1! DTG refuse to update![0m
-1;9  -1.95  6.15  3.05origin: 40 120  30   -1 6.2 3.1 ..10  2  1
667 10
-1;9  -1.85  6.15  3.05origin: 40 120  30   -1 6.2 3.1 ..10  2  1
667 11
-1;9  -1.75  6.15  3.05origin: 40 120  30   -1 6.2 3.1 ..10  2  1
667 12
-1;9  -1.65  6.15  3.05origin: 40 120  30   -1 6.2 3.1 ..10  2  1
667 13
-1;9  -1.55  6.15  3.05origin: 40 120  30   -1 6.2 3.1 ..10  2  1
667 14
-1;9  -1.45  6.15  3.05origin: 40 120  30   -1 6.2 3.1 ..10  2  1
667 15
-1;9  -1.35  6.15  3.05origin: 40 120  30   -1 6.2 3.1 ..10  2  1
667 16
-1;9  -1.25  6.15  3.05origin: 40 120  30   -1 6.2 3.1 ..10  2  1
667 17
-1;9  -1.15  6.15  3.05origin: 40 120  30   -1 6.2 3.1 ..10  2  1
667 18
-1;9  -1.05  6.15  3.05origin: 40 120  30   -1 6.2 3.1 ..10  2  1
667 19
-3.99326 -3.00278  1.20418[0;34m New root [0m
[33m[WARN] [1790606210.776709065, 52.005000000]: id:1 Infeasible1! DTG refuse to update![0m
-3.99843   3.0086  1.19757[0;34m New root [0m
[33m[WARN] [1790606210.783749458, 52.014000000]: id:2 Infeasible1! DTG refuse to update![0m
-1;9  -1.95  6.15  3.05origin: 40 120  30   -1 6.2 3.1 ..10  2  1
667 10
-1;9  -1.85  6.15  3.05origin: 40 120  30   -1 6.2 3.1 ..10  2  1
667 11
-1;9  -1.75  6.15  3.05origin: 40 120  30   -1 6.2 3.1 ..10  2  1
667 12
-1;9  -1.65  6.15  3.05origin: 40 120  30   -1 6.2 3.1 ..10  2  1
667 13
-1;9  -1.55  6.15  3.05origin: 40 120  30   -1 6.2 3.1 ..10  2  1
667 14
-1;9  -1.45  6.15  3.05origin: 40 120  30   -1 6.2 3.1 ..10  2  1
667 15
-1;9  -1.35  6.15  3.05origin: 40 120  30   -1 6.2 3.1 ..10  2  1
667 16
-1;9  -1.25  6.15  3.05origin: 40 120  30   -1 6.2 3.1 ..10  2  1
667 17
-1;9  -1.15  6.15  3.05origin: 40 120  30   -1 6.2 3.1 ..10  2  1
667 18
-1;9  -1.05  6.15  3.05origin: 40 120  30   -1 6.2 3.1 ..10  2  1
667 19
-3.99774 -3.00604  1.20141[0;34m New root [0m
[33m[WARN] [1790606210.979638187, 52.206000000]: id:1 Infeasible1! DTG refuse to update![0m
-4.00299  3.00446  1.20105[0;34m New root [0m
[33m[WARN] [1790606210.982531425, 52.215000000]: id:2 Infeasible1! DTG refuse to update![0m
-1;9  -1.95  6.15  3.05origin: 40 120  30   -1 6.2 3.1 ..10  2  1
667 10
-1;9  -1.85  6.15  3.05origin: 40 120  30   -1 6.2 3.1 ..10  2  1
667 11
-1;9  -1.75  6.15  3.05origin: 40 120  30   -1 6.2 3.1 ..10  2  1
667 12
-1;9  -1.65  6.15  3.05origin: 40 120  30   -1 6.2 3.1 ..10  2  1
667 13
-1;9  -1.55  6.15  3.05origin: 40 120  30   -1 6.2 3.1 ..10  2  1
667 14
-1;9  -1.45  6.15  3.05origin: 40 120  30   -1 6.2 3.1 ..10  2  1
667 15
-1;9  -1.35  6.15  3.05origin: 40 120  30   -1 6.2 3.1 ..10  2  1
667 16
-1;9  -1.25  6.15  3.05origin: 40 120  30   -1 6.2 3.1 ..10  2  1
667 17
-1;9  -1.15  6.15  3.05origin: 40 120  30   -1 6.2 3.1 ..10  2  1
667 18
-1;9  -1.05  6.15  3.05origin: 40 120  30   -1 6.2 3.1 ..10  2  1
667 19
-4.00067 -3.00137  1.20691[0;34m New root [0m
[33m[WARN] [1790606211.177913942, 52.408000000]: id:1 Infeasible1! DTG refuse to update![0m
-4.00297  3.00186   1.1939[0;34m New root [0m
[33m[WARN] [1790606211.184947249, 52.417000000]: id:2 Infeasible1! DTG refuse to update![0m
-1;9  -1.95  6.15  3.05origin: 40 120  30   -1 6.2 3.1 ..10  2  1
667 10
-1;9  -1.85  6.15  3.05origin: 40 120  30   -1 6.2 3.1 ..10  2  1
667 11
-1;9  -1.75  6.15  3.05origin: 40 120  30   -1 6.2 3.1 ..10  2  1
667 12
-1;9  -1.65  6.15  3.05origin: 40 120  30   -1 6.2 3.1 ..10  2  1
667 13
-1;9  -1.55  6.15  3.05origin: 40 120  30   -1 6.2 3.1 ..10  2  1
667 14
-1;9  -1.45  6.15  3.05origin: 40 120  30   -1 6.2 3.1 ..10  2  1
667 15
-1;9  -1.35  6.15  3.05origin: 40 120  30   -1 6.2 3.1 ..10  2  1
667 16
-1;9  -1.25  6.15  3.05origin: 40 120  30   -1 6.2 3.1 ..10  2  1
667 17
-1;9  -1.15  6.15  3.05origin: 40 120  30   -1 6.2 3.1 ..10  2  1
667 18
-1;9  -1.05  6.15  3.05origin: 40 120  30   -1 6.2 3.1 ..10  2  1
667 19
 -4.0004 -3.00398   1.2026[0;34m New root [0m
[33m[WARN] [1790606211.378930650, 52.609000000]: id:1 Infeasible1! DTG refuse to update![0m
-4.00841   3.0055  1.19222[0;34m New root [0m
[33m[WARN] [1790606211.384190112, 52.609000000]: id:2 Infeasible1! DTG refuse to update![0m
-1;9  -1.95  6.15  3.05origin: 40 120  30   -1 6.2 3.1 ..10  2  1
667 10
-1;9  -1.85  6.15  3.05origin: 40 120  30   -1 6.2 3.1 ..10  2  1
667 11
-1;9  -1.75  6.15  3.05origin: 40 120  30   -1 6.2 3.1 ..10  2  1
667 12
-1;9  -1.65  6.15  3.05origin: 40 120  30   -1 6.2 3.1 ..10  2  1
667 13
-1;9  -1.55  6.15  3.05origin: 40 120  30   -1 6.2 3.1 ..10  2  1
667 14
-1;9  -1.45  6.15  3.05origin: 40 120  30   -1 6.2 3.1 ..10  2  1
667 15
-1;9  -1.35  6.15  3.05origin: 40 120  30   -1 6.2 3.1 ..10  2  1
667 16
-1;9  -1.25  6.15  3.05origin: 40 120  30   -1 6.2 3.1 ..10  2  1
667 17
-1;9  -1.15  6.15  3.05origin: 40 120  30   -1 6.2 3.1 ..10  2  1
667 18
-1;9  -1.05  6.15  3.05origin: 40 120  30   -1 6.2 3.1 ..10  2  1
667 19
-3.99904 -3.00558  1.19305[0;34m New root [0m
[33m[WARN] [1790606211.576301745, 52.801000000]: id:1 Infeasible1! DTG refuse to update![0m
-4.00146  3.00341  1.19692[0;34m New root [0m
[33m[WARN] [1790606211.581406296, 52.810000000]: id:2 Infeasible1! DTG refuse to update![0m
-1;9  -1.95  6.15  3.05origin: 40 120  30   -1 6.2 3.1 ..10  2  1
667 10
-1;9  -1.85  6.15  3.05origin: 40 120  30   -1 6.2 3.1 ..10  2  1
667 11
-1;9  -1.75  6.15  3.05origin: 40 120  30   -1 6.2 3.1 ..10  2  1
667 12
-1;9  -1.65  6.15  3.05origin: 40 120  30   -1 6.2 3.1 ..10  2  1
667 13
-1;9  -1.55  6.15  3.05origin: 40 120  30   -1 6.2 3.1 ..10  2  1
667 14
-1;9  -1.45  6.15  3.05origin: 40 120  30   -1 6.2 3.1 ..10  2  1
667 15
-1;9  -1.35  6.15  3.05origin: 40 120  30   -1 6.2 3.1 ..10  2  1
667 16
-1;9  -1.25  6.15  3.05origin: 40 120  30   -1 6.2 3.1 ..10  2  1
667 17
-1;9  -1.15  6.15  3.05origin: 40 120  30   -1 6.2 3.1 ..10  2  1
667 18
-1;9  -1.05  6.15  3.05origin: 40 120  30   -1 6.2 3.1 ..10  2  1
667 19
-3.99699 -3.00488  1.19517[0;34m New root [0m
[33m[WARN] [1790606211.778090964, 53.002000000]: id:1 Infeasible1! DTG refuse to update![0m
-4.00125  2.99667  1.20056[0;34m New root [0m
[33m[WARN] [1790606211.782506254, 53.011000000]: id:2 Infeasible1! DTG refuse to update![0m
-1;9  -1.95  6.15  3.05origin: 40 120  30   -1 6.2 3.1 ..10  2  1
667 10
-1;9  -1.85  6.15  3.05origin: 40 120  30   -1 6.2 3.1 ..10  2  1
667 11
-1;9  -1.75  6.15  3.05origin: 40 120  30   -1 6.2 3.1 ..10  2  1
667 12
-1;9  -1.65  6.15  3.05origin: 40 120  30   -1 6.2 3.1 ..10  2  1
667 13
-1;9  -1.55  6.15  3.05origin: 40 120  30   -1 6.2 3.1 ..10  2  1
667 14
-1;9  -1.45  6.15  3.05origin: 40 120  30   -1 6.2 3.1 ..10  2  1
667 15
-1;9  -1.35  6.15  3.05origin: 40 120  30   -1 6.2 3.1 ..10  2  1
667 16
-1;9  -1.25  6.15  3.05origin: 40 120  30   -1 6.2 3.1 ..10  2  1
667 17
-1;9  -1.15  6.15  3.05origin: 40 120  30   -1 6.2 3.1 ..10  2  1
667 18
-1;9  -1.05  6.15  3.05origin: 40 120  30   -1 6.2 3.1 ..10  2  1
667 19
-4.00188 -3.00492   1.1955[0;34m New root [0m
[33m[WARN] [1790606211.977058732, 53.203000000]: id:1 Infeasible1! DTG refuse to update![0m
-4.00184  2.99558  1.20421[0;34m New root [0m
[33m[WARN] [1790606211.981606171, 53.212000000]: id:2 Infeasible1! DTG refuse to update![0m
-1;9  -1.95  6.15  3.05origin: 40 120  30   -1 6.2 3.1 ..10  2  1
667 10
-1;9  -1.85  6.15  3.05origin: 40 120  30   -1 6.2 3.1 ..10  2  1
667 11
-1;9  -1.75  6.15  3.05origin: 40 120  30   -1 6.2 3.1 ..10  2  1
667 12
-1;9  -1.65  6.15  3.05origin: 40 120  30   -1 6.2 3.1 ..10  2  1
667 13
-1;9  -1.55  6.15  3.05origin: 40 120  30   -1 6.2 3.1 ..10  2  1
667 14
-1;9  -1.45  6.15  3.05origin: 40 120  30   -1 6.2 3.1 ..10  2  1
667 15
-1;9  -1.35  6.15  3.05origin: 40 120  30   -1 6.2 3.1 ..10  2  1
667 16
-1;9  -1.25  6.15  3.05origin: 40 120  30   -1 6.2 3.1 ..10  2  1
667 17
-1;9  -1.15  6.15  3.05origin: 40 120  30   -1 6.2 3.1 ..10  2  1
667 18
-1;9  -1.05  6.15  3.05origin: 40 120  30   -1 6.2 3.1 ..10  2  1
667 19
-4.00181 -2.99439  1.19573[0;34m New root [0m
[33m[WARN] [1790606212.176641557, 53.404000000]: id:1 Infeasible1! DTG refuse to update![0m
-3.99777        3  1.20351[0;34m New root [0m
[33m[WARN] [1790606212.181439288, 53.414000000]: id:2 Infeasible1! DTG refuse to update![0m
-1;9  -1.95  6.15  3.05origin: 40 120  30   -1 6.2 3.1 ..10  2  1
667 10
-1;9  -1.85  6.15  3.05origin: 40 120  30   -1 6.2 3.1 ..10  2  1
667 11
-1;9  -1.75  6.15  3.05origin: 40 120  30   -1 6.2 3.1 ..10  2  1
667 12
-1;9  -1.65  6.15  3.05origin: 40 120  30   -1 6.2 3.1 ..10  2  1
667 13
-1;9  -1.55  6.15  3.05origin: 40 120  30   -1 6.2 3.1 ..10  2  1
667 14
-1;9  -1.45  6.15  3.05origin: 40 120  30   -1 6.2 3.1 ..10  2  1
667 15
-1;9  -1.35  6.15  3.05origin: 40 120  30   -1 6.2 3.1 ..10  2  1
667 16
-1;9  -1.25  6.15  3.05origin: 40 120  30   -1 6.2 3.1 ..10  2  1
667 17
-1;9  -1.15  6.15  3.05origin: 40 120  30   -1 6.2 3.1 ..10  2  1
667 18
-1;9  -1.05  6.15  3.05origin: 40 120  30   -1 6.2 3.1 ..10  2  1
667 19
-3.99442 -3.00237  1.20365[0;34m New root [0m
[33m[WARN] [1790606212.379771279, 53.606000000]: id:1 Infeasible1! DTG refuse to update![0m
-3.99516  2.99766  1.20865[0;34m New root [0m
[33m[WARN] [1790606212.385927731, 53.615000000]: id:2 Infeasible1! DTG refuse to update![0m
-1;9  -1.95  6.15  3.05origin: 40 120  30   -1 6.2 3.1 ..10  2  1
667 10
-1;9  -1.85  6.15  3.05origin: 40 120  30   -1 6.2 3.1 ..10  2  1
667 11
-1;9  -1.75  6.15  3.05origin: 40 120  30   -1 6.2 3.1 ..10  2  1
667 12
-1;9  -1.65  6.15  3.05origin: 40 120  30   -1 6.2 3.1 ..10  2  1
667 13
-1;9  -1.55  6.15  3.05origin: 40 120  30   -1 6.2 3.1 ..10  2  1
667 14
-1;9  -1.45  6.15  3.05origin: 40 120  30   -1 6.2 3.1 ..10  2  1
667 15
-1;9  -1.35  6.15  3.05origin: 40 120  30   -1 6.2 3.1 ..10  2  1
667 16
-1;9  -1.25  6.15  3.05origin: 40 120  30   -1 6.2 3.1 ..10  2  1
667 17
-1;9  -1.15  6.15  3.05origin: 40 120  30   -1 6.2 3.1 ..10  2  1
667 18
-1;9  -1.05  6.15  3.05origin: 40 120  30   -1 6.2 3.1 ..10  2  1
667 19
-3.99534  -2.9951   1.2017[0;34m New root [0m
[33m[WARN] [1790606212.577299161, 53.807000000]: id:1 Infeasible1! DTG refuse to update![0m
-4.00187  3.00279  1.20161[0;34m New root [0m
[33m[WARN] [1790606212.583609690, 53.816000000]: id:2 Infeasible1! DTG refuse to update![0m
-1;9  -1.95  6.15  3.05origin: 40 120  30   -1 6.2 3.1 ..10  2  1
667 10
-1;9  -1.85  6.15  3.05origin: 40 120  30   -1 6.2 3.1 ..10  2  1
667 11
-1;9  -1.75  6.15  3.05origin: 40 120  30   -1 6.2 3.1 ..10  2  1
667 12
-1;9  -1.65  6.15  3.05origin: 40 120  30   -1 6.2 3.1 ..10  2  1
667 13
-1;9  -1.55  6.15  3.05origin: 40 120  30   -1 6.2 3.1 ..10  2  1
667 14
-1;9  -1.45  6.15  3.05origin: 40 120  30   -1 6.2 3.1 ..10  2  1
667 15
-1;9  -1.35  6.15  3.05origin: 40 120  30   -1 6.2 3.1 ..10  2  1
667 16
-1;9  -1.25  6.15  3.05origin: 40 120  30   -1 6.2 3.1 ..10  2  1
667 17
-1;9  -1.15  6.15  3.05origin: 40 120  30   -1 6.2 3.1 ..10  2  1
667 18
-1;9  -1.05  6.15  3.05origin: 40 120  30   -1 6.2 3.1 ..10  2  1
667 19
-3.99454 -3.00239  1.19934[0;34m New root [0m
[33m[WARN] [1790606212.777310700, 54.008000000]: id:1 Infeasible1! DTG refuse to update![0m
-3.99789  2.99995  1.19567[0;34m New root [0m
[33m[WARN] [1790606212.781079292, 54.008000000]: id:2 Infeasible1! DTG refuse to update![0m
-1;9  -1.95  6.15  3.05origin: 40 120  30   -1 6.2 3.1 ..10  2  1
667 10
-1;9  -1.85  6.15  3.05origin: 40 120  30   -1 6.2 3.1 ..10  2  1
667 11
-1;9  -1.75  6.15  3.05origin: 40 120  30   -1 6.2 3.1 ..10  2  1
667 12
-1;9  -1.65  6.15  3.05origin: 40 120  30   -1 6.2 3.1 ..10  2  1
667 13
-1;9  -1.55  6.15  3.05origin: 40 120  30   -1 6.2 3.1 ..10  2  1
667 14
-1;9  -1.45  6.15  3.05origin: 40 120  30   -1 6.2 3.1 ..10  2  1
667 15
-1;9  -1.35  6.15  3.05origin: 40 120  30   -1 6.2 3.1 ..10  2  1
667 16
-1;9  -1.25  6.15  3.05origin: 40 120  30   -1 6.2 3.1 ..10  2  1
667 17
-1;9  -1.15  6.15  3.05origin: 40 120  30   -1 6.2 3.1 ..10  2  1
667 18
-1;9  -1.05  6.15  3.05origin: 40 120  30   -1 6.2 3.1 ..10  2  1
667 19
-4.00237 -2.99833  1.20167[0;34m New root [0m
[33m[WARN] [1790606212.977205181, 54.200000000]: id:1 Infeasible1! DTG refuse to update![0m
-4.00654  3.00215   1.1972[0;34m New root [0m
[33m[WARN] [1790606212.981851795, 54.209000000]: id:2 Infeasible1! DTG refuse to update![0m
-1;9  -1.95  6.15  3.05origin: 40 120  30   -1 6.2 3.1 ..10  2  1
667 10
-1;9  -1.85  6.15  3.05origin: 40 120  30   -1 6.2 3.1 ..10  2  1
667 11
-1;9  -1.75  6.15  3.05origin: 40 120  30   -1 6.2 3.1 ..10  2  1
667 12
-1;9  -1.65  6.15  3.05origin: 40 120  30   -1 6.2 3.1 ..10  2  1
667 13
-1;9  -1.55  6.15  3.05origin: 40 120  30   -1 6.2 3.1 ..10  2  1
667 14
-1;9  -1.45  6.15  3.05origin: 40 120  30   -1 6.2 3.1 ..10  2  1
667 15
-1;9  -1.35  6.15  3.05origin: 40 120  30   -1 6.2 3.1 ..10  2  1
667 16
-1;9  -1.25  6.15  3.05origin: 40 120  30   -1 6.2 3.1 ..10  2  1
667 17
-1;9  -1.15  6.15  3.05origin: 40 120  30   -1 6.2 3.1 ..10  2  1
667 18
-1;9  -1.05  6.15  3.05origin: 40 120  30   -1 6.2 3.1 ..10  2  1
667 19
-3.99729 -3.00207   1.1908[0;34m New root [0m
[33m[WARN] [1790606213.177068604, 54.401000000]: id:1 Infeasible1! DTG refuse to update![0m
-4.00115  3.00126   1.2014[0;34m New root [0m
[33m[WARN] [1790606213.182898143, 54.411000000]: id:2 Infeasible1! DTG refuse to update![0m
-1;9  -1.95  6.15  3.05origin: 40 120  30   -1 6.2 3.1 ..10  2  1
667 10
-1;9  -1.85  6.15  3.05origin: 40 120  30   -1 6.2 3.1 ..10  2  1
667 11
-1;9  -1.75  6.15  3.05origin: 40 120  30   -1 6.2 3.1 ..10  2  1
667 12
-1;9  -1.65  6.15  3.05origin: 40 120  30   -1 6.2 3.1 ..10  2  1
667 13
-1;9  -1.55  6.15  3.05origin: 40 120  30   -1 6.2 3.1 ..10  2  1
667 14
-1;9  -1.45  6.15  3.05origin: 40 120  30   -1 6.2 3.1 ..10  2  1
667 15
-1;9  -1.35  6.15  3.05origin: 40 120  30   -1 6.2 3.1 ..10  2  1
667 16
-1;9  -1.25  6.15  3.05origin: 40 120  30   -1 6.2 3.1 ..10  2  1
667 17
-1;9  -1.15  6.15  3.05origin: 40 120  30   -1 6.2 3.1 ..10  2  1
667 18
-1;9  -1.05  6.15  3.05origin: 40 120  30   -1 6.2 3.1 ..10  2  1
667 19
[0;44m id:1 Partition[0m
[33m[WARN] [1790606213.315043432, 54.548000000]: id:1 LocalGVP![0m
[0;44m id:2 Partition[0m
[33m[WARN] [1790606213.315684211, 54.548000000]: id:2 LocalGVP![0m
-3.98902 -2.99699  1.19928[0;34m New root [0m
[33m[WARN] [1790606213.376986805, 54.603000000]: id:1 Infeasible1! DTG refuse to update![0m
-3.9957 3.00055 1.20051[0;34m New root [0m
[33m[WARN] [1790606213.381892715, 54.612000000]: id:2 Infeasible1! DTG refuse to update![0m
-1;9  -1.95  6.15  3.05origin: 40 120  30   -1 6.2 3.1 ..10  2  1
667 10
-1;9  -1.85  6.15  3.05origin: 40 120  30   -1 6.2 3.1 ..10  2  1
667 11
-1;9  -1.75  6.15  3.05origin: 40 120  30   -1 6.2 3.1 ..10  2  1
667 12
-1;9  -1.65  6.15  3.05origin: 40 120  30   -1 6.2 3.1 ..10  2  1
667 13
-1;9  -1.55  6.15  3.05origin: 40 120  30   -1 6.2 3.1 ..10  2  1
667 14
-1;9  -1.45  6.15  3.05origin: 40 120  30   -1 6.2 3.1 ..10  2  1
667 15
-1;9  -1.35  6.15  3.05origin: 40 120  30   -1 6.2 3.1 ..10  2  1
667 16
-1;9  -1.25  6.15  3.05origin: 40 120  30   -1 6.2 3.1 ..10  2  1
667 17
-1;9  -1.15  6.15  3.05origin: 40 120  30   -1 6.2 3.1 ..10  2  1
667 18
-1;9  -1.05  6.15  3.05origin: 40 120  30   -1 6.2 3.1 ..10  2  1
667 19
-3.99285 -2.99956   1.2034[0;34m New root [0m
[33m[WARN] [1790606213.579137288, 54.804000000]: id:1 Infeasible1! DTG refuse to update![0m
-4.00133  3.00182  1.20078[0;34m New root [0m
[33m[WARN] [1790606213.584393415, 54.813000000]: id:2 Infeasible1! DTG refuse to update![0m
-1;9  -1.95  6.15  3.05origin: 40 120  30   -1 6.2 3.1 ..10  2  1
667 10
-1;9  -1.85  6.15  3.05origin: 40 120  30   -1 6.2 3.1 ..10  2  1
667 11
-1;9  -1.75  6.15  3.05origin: 40 120  30   -1 6.2 3.1 ..10  2  1
667 12
-1;9  -1.65  6.15  3.05origin: 40 120  30   -1 6.2 3.1 ..10  2  1
667 13
-1;9  -1.55  6.15  3.05origin: 40 120  30   -1 6.2 3.1 ..10  2  1
667 14
-1;9  -1.45  6.15  3.05origin: 40 120  30   -1 6.2 3.1 ..10  2  1
667 15
-1;9  -1.35  6.15  3.05origin: 40 120  30   -1 6.2 3.1 ..10  2  1
667 16
-1;9  -1.25  6.15  3.05origin: 40 120  30   -1 6.2 3.1 ..10  2  1
667 17
-1;9  -1.15  6.15  3.05origin: 40 120  30   -1 6.2 3.1 ..10  2  1
667 18
-1;9  -1.05  6.15  3.05origin: 40 120  30   -1 6.2 3.1 ..10  2  1
667 19
 -3.9978 -3.00098  1.20103[0;34m New root [0m
[33m[WARN] [1790606213.777532395, 55.005000000]: id:1 Infeasible1! DTG refuse to update![0m
-3.99956  2.99435  1.20409[0;34m New root [0m
[33m[WARN] [1790606213.781585420, 55.014000000]: id:2 Infeasible1! DTG refuse to update![0m
-1;9  -1.95  6.15  3.05origin: 40 120  30   -1 6.2 3.1 ..10  2  1
667 10
-1;9  -1.85  6.15  3.05origin: 40 120  30   -1 6.2 3.1 ..10  2  1
667 11
-1;9  -1.75  6.15  3.05origin: 40 120  30   -1 6.2 3.1 ..10  2  1
667 12
-1;9  -1.65  6.15  3.05origin: 40 120  30   -1 6.2 3.1 ..10  2  1
667 13
-1;9  -1.55  6.15  3.05origin: 40 120  30   -1 6.2 3.1 ..10  2  1
667 14
-1;9  -1.45  6.15  3.05origin: 40 120  30   -1 6.2 3.1 ..10  2  1
667 15
-1;9  -1.35  6.15  3.05origin: 40 120  30   -1 6.2 3.1 ..10  2  1
667 16
-1;9  -1.25  6.15  3.05origin: 40 120  30   -1 6.2 3.1 ..10  2  1
667 17
-1;9  -1.15  6.15  3.05origin: 40 120  30   -1 6.2 3.1 ..10  2  1
667 18
-1;9  -1.05  6.15  3.05origin: 40 120  30   -1 6.2 3.1 ..10  2  1
667 19
-3.99237 -2.99855  1.20654[0;34m New root [0m
[33m[WARN] [1790606213.977333537, 55.206000000]: id:1 Infeasible1! DTG refuse to update![0m
-4.00681  2.99555  1.20897[0;34m New root [0m
[33m[WARN] [1790606213.985022296, 55.215000000]: id:2 Infeasible1! DTG refuse to update![0m
-1;9  -1.95  6.15  3.05origin: 40 120  30   -1 6.2 3.1 ..10  2  1
667 10
-1;9  -1.85  6.15  3.05origin: 40 120  30   -1 6.2 3.1 ..10  2  1
667 11
-1;9  -1.75  6.15  3.05origin: 40 120  30   -1 6.2 3.1 ..10  2  1
667 12
-1;9  -1.65  6.15  3.05origin: 40 120  30   -1 6.2 3.1 ..10  2  1
667 13
-1;9  -1.55  6.15  3.05origin: 40 120  30   -1 6.2 3.1 ..10  2  1
667 14
-1;9  -1.45  6.15  3.05origin: 40 120  30   -1 6.2 3.1 ..10  2  1
667 15
-1;9  -1.35  6.15  3.05origin: 40 120  30   -1 6.2 3.1 ..10  2  1
667 16
-1;9  -1.25  6.15  3.05origin: 40 120  30   -1 6.2 3.1 ..10  2  1
667 17
-1;9  -1.15  6.15  3.05origin: 40 120  30   -1 6.2 3.1 ..10  2  1
667 18
-1;9  -1.05  6.15  3.05origin: 40 120  30   -1 6.2 3.1 ..10  2  1
667 19
-3.99535  -3.0006   1.2043[0;34m New root [0m
[33m[WARN] [1790606214.176443584, 55.408000000]: id:1 Infeasible1! DTG refuse to update![0m
-4.00073  3.00188  1.20155[0;34m New root [0m
[33m[WARN] [1790606214.181257698, 55.408000000]: id:2 Infeasible1! DTG refuse to update![0m
-1;9  -1.95  6.15  3.05origin: 40 120  30   -1 6.2 3.1 ..10  2  1
667 10
-1;9  -1.85  6.15  3.05origin: 40 120  30   -1 6.2 3.1 ..10  2  1
667 11
-1;9  -1.75  6.15  3.05origin: 40 120  30   -1 6.2 3.1 ..10  2  1
667 12
-1;9  -1.65  6.15  3.05origin: 40 120  30   -1 6.2 3.1 ..10  2  1
667 13
-1;9  -1.55  6.15  3.05origin: 40 120  30   -1 6.2 3.1 ..10  2  1
667 14
-1;9  -1.45  6.15  3.05origin: 40 120  30   -1 6.2 3.1 ..10  2  1
667 15
-1;9  -1.35  6.15  3.05origin: 40 120  30   -1 6.2 3.1 ..10  2  1
667 16
-1;9  -1.25  6.15  3.05origin: 40 120  30   -1 6.2 3.1 ..10  2  1
667 17
-1;9  -1.15  6.15  3.05origin: 40 120  30   -1 6.2 3.1 ..10  2  1
667 18
-1;9  -1.05  6.15  3.05origin: 40 120  30   -1 6.2 3.1 ..10  2  1
667 19
-3.99442 -3.00473  1.20335[0;34m New root [0m
[33m[WARN] [1790606214.378497144, 55.609000000]: id:1 Infeasible1! DTG refuse to update![0m
-4.00511  3.00166  1.20838[0;34m New root [0m
[33m[WARN] [1790606214.382743183, 55.609000000]: id:2 Infeasible1! DTG refuse to update![0m
-1;9  -1.95  6.15  3.05origin: 40 120  30   -1 6.2 3.1 ..10  2  1
667 10
-1;9  -1.85  6.15  3.05origin: 40 120  30   -1 6.2 3.1 ..10  2  1
667 11
-1;9  -1.75  6.15  3.05origin: 40 120  30   -1 6.2 3.1 ..10  2  1
667 12
-1;9  -1.65  6.15  3.05origin: 40 120  30   -1 6.2 3.1 ..10  2  1
667 13
-1;9  -1.55  6.15  3.05origin: 40 120  30   -1 6.2 3.1 ..10  2  1
667 14
-1;9  -1.45  6.15  3.05origin: 40 120  30   -1 6.2 3.1 ..10  2  1
667 15
-1;9  -1.35  6.15  3.05origin: 40 120  30   -1 6.2 3.1 ..10  2  1
667 16
-1;9  -1.25  6.15  3.05origin: 40 120  30   -1 6.2 3.1 ..10  2  1
667 17
-1;9  -1.15  6.15  3.05origin: 40 120  30   -1 6.2 3.1 ..10  2  1
667 18
-1;9  -1.05  6.15  3.05origin: 40 120  30   -1 6.2 3.1 ..10  2  1
667 19
-3.99583 -2.99504  1.19712[0;34m New root [0m
[33m[WARN] [1790606214.577524733, 55.801000000]: id:1 Infeasible1! DTG refuse to update![0m
-4.00292  3.00057  1.20123[0;34m New root [0m
[33m[WARN] [1790606214.582393958, 55.810000000]: id:2 Infeasible1! DTG refuse to update![0m
-1;9  -1.95  6.15  3.05origin: 40 120  30   -1 6.2 3.1 ..10  2  1
667 10
-1;9  -1.85  6.15  3.05origin: 40 120  30   -1 6.2 3.1 ..10  2  1
667 11
-1;9  -1.75  6.15  3.05origin: 40 120  30   -1 6.2 3.1 ..10  2  1
667 12
-1;9  -1.65  6.15  3.05origin: 40 120  30   -1 6.2 3.1 ..10  2  1
667 13
-1;9  -1.55  6.15  3.05origin: 40 120  30   -1 6.2 3.1 ..10  2  1
667 14
-1;9  -1.45  6.15  3.05origin: 40 120  30   -1 6.2 3.1 ..10  2  1
667 15
-1;9  -1.35  6.15  3.05origin: 40 120  30   -1 6.2 3.1 ..10  2  1
667 16
-1;9  -1.25  6.15  3.05origin: 40 120  30   -1 6.2 3.1 ..10  2  1
667 17
-1;9  -1.15  6.15  3.05origin: 40 120  30   -1 6.2 3.1 ..10  2  1
667 18
-1;9  -1.05  6.15  3.05origin: 40 120  30   -1 6.2 3.1 ..10  2  1
667 19
-3.99234 -3.00295   1.1942[0;34m New root [0m
[33m[WARN] [1790606214.778266721, 56.002000000]: id:1 Infeasible1! DTG refuse to update![0m
-4.00094  3.00097  1.20354[0;34m New root [0m
[33m[WARN] [1790606214.782896368, 56.011000000]: id:2 Infeasible1! DTG refuse to update![0m
-1;9  -1.95  6.15  3.05origin: 40 120  30   -1 6.2 3.1 ..10  2  1
667 10
-1;9  -1.85  6.15  3.05origin: 40 120  30   -1 6.2 3.1 ..10  2  1
667 11
-1;9  -1.75  6.15  3.05origin: 40 120  30   -1 6.2 3.1 ..10  2  1
667 12
-1;9  -1.65  6.15  3.05origin: 40 120  30   -1 6.2 3.1 ..10  2  1
667 13
-1;9  -1.55  6.15  3.05origin: 40 120  30   -1 6.2 3.1 ..10  2  1
667 14
-1;9  -1.45  6.15  3.05origin: 40 120  30   -1 6.2 3.1 ..10  2  1
667 15
-1;9  -1.35  6.15  3.05origin: 40 120  30   -1 6.2 3.1 ..10  2  1
667 16
-1;9  -1.25  6.15  3.05origin: 40 120  30   -1 6.2 3.1 ..10  2  1
667 17
-1;9  -1.15  6.15  3.05origin: 40 120  30   -1 6.2 3.1 ..10  2  1
667 18
-1;9  -1.05  6.15  3.05origin: 40 120  30   -1 6.2 3.1 ..10  2  1
667 19
-3.99288 -2.99837  1.19644[0;34m New root [0m
[33m[WARN] [1790606214.977923874, 56.203000000]: id:1 Infeasible1! DTG refuse to update![0m
-3.99519  3.00102  1.19958[0;34m New root [0m
[33m[WARN] [1790606214.982580410, 56.212000000]: id:2 Infeasible1! DTG refuse to update![0m
-1;9  -1.95  6.15  3.05origin: 40 120  30   -1 6.2 3.1 ..10  2  1
667 10
-1;9  -1.85  6.15  3.05origin: 40 120  30   -1 6.2 3.1 ..10  2  1
667 11
-1;9  -1.75  6.15  3.05origin: 40 120  30   -1 6.2 3.1 ..10  2  1
667 12
-1;9  -1.65  6.15  3.05origin: 40 120  30   -1 6.2 3.1 ..10  2  1
667 13
-1;9  -1.55  6.15  3.05origin: 40 120  30   -1 6.2 3.1 ..10  2  1
667 14
-1;9  -1.45  6.15  3.05origin: 40 120  30   -1 6.2 3.1 ..10  2  1
667 15
-1;9  -1.35  6.15  3.05origin: 40 120  30   -1 6.2 3.1 ..10  2  1
667 16
-1;9  -1.25  6.15  3.05origin: 40 120  30   -1 6.2 3.1 ..10  2  1
667 17
-1;9  -1.15  6.15  3.05origin: 40 120  30   -1 6.2 3.1 ..10  2  1
667 18
-1;9  -1.05  6.15  3.05origin: 40 120  30   -1 6.2 3.1 ..10  2  1
667 19
-4.00697 -2.99957  1.20234[0;34m New root [0m
[33m[WARN] [1790606215.177549387, 56.404000000]: id:1 Infeasible1! DTG refuse to update![0m
-3.99307  3.00204  1.20432[0;34m New root [0m
[33m[WARN] [1790606215.181430744, 56.414000000]: id:2 Infeasible1! DTG refuse to update![0m
-1;9  -1.95  6.15  3.05origin: 40 120  30   -1 6.2 3.1 ..10  2  1
667 10
-1;9  -1.85  6.15  3.05origin: 40 120  30   -1 6.2 3.1 ..10  2  1
667 11
-1;9  -1.75  6.15  3.05origin: 40 120  30   -1 6.2 3.1 ..10  2  1
667 12
-1;9  -1.65  6.15  3.05origin: 40 120  30   -1 6.2 3.1 ..10  2  1
667 13
-1;9  -1.55  6.15  3.05origin: 40 120  30   -1 6.2 3.1 ..10  2  1
667 14
-1;9  -1.45  6.15  3.05origin: 40 120  30   -1 6.2 3.1 ..10  2  1
667 15
-1;9  -1.35  6.15  3.05origin: 40 120  30   -1 6.2 3.1 ..10  2  1
667 16
-1;9  -1.25  6.15  3.05origin: 40 120  30   -1 6.2 3.1 ..10  2  1
667 17
-1;9  -1.15  6.15  3.05origin: 40 120  30   -1 6.2 3.1 ..10  2  1
667 18
-1;9  -1.05  6.15  3.05origin: 40 120  30   -1 6.2 3.1 ..10  2  1
667 19
-4.00578 -3.01034  1.19921[0;34m New root [0m
[33m[WARN] [1790606215.377708000, 56.606000000]: id:1 Infeasible1! DTG refuse to update![0m
-3.99955  2.99767  1.20122[0;34m New root [0m
[33m[WARN] [1790606215.380512735, 56.606000000]: id:2 Infeasible1! DTG refuse to update![0m
-1;9  -1.95  6.15  3.05origin: 40 120  30   -1 6.2 3.1 ..10  2  1
667 10
-1;9  -1.85  6.15  3.05origin: 40 120  30   -1 6.2 3.1 ..10  2  1
667 11
-1;9  -1.75  6.15  3.05origin: 40 120  30   -1 6.2 3.1 ..10  2  1
667 12
-1;9  -1.65  6.15  3.05origin: 40 120  30   -1 6.2 3.1 ..10  2  1
667 13
-1;9  -1.55  6.15  3.05origin: 40 120  30   -1 6.2 3.1 ..10  2  1
667 14
-1;9  -1.45  6.15  3.05origin: 40 120  30   -1 6.2 3.1 ..10  2  1
667 15
-1;9  -1.35  6.15  3.05origin: 40 120  30   -1 6.2 3.1 ..10  2  1
667 16
-1;9  -1.25  6.15  3.05origin: 40 120  30   -1 6.2 3.1 ..10  2  1
667 17
-1;9  -1.15  6.15  3.05origin: 40 120  30   -1 6.2 3.1 ..10  2  1
667 18
-1;9  -1.05  6.15  3.05origin: 40 120  30   -1 6.2 3.1 ..10  2  1
667 19
-4.01417 -3.00814  1.20048[0;34m New root [0m
[33m[WARN] [1790606215.578086431, 56.807000000]: id:1 Infeasible1! DTG refuse to update![0m
-4.00303  3.00161  1.20001[0;34m New root [0m
[33m[WARN] [1790606215.582135288, 56.807000000]: id:2 Infeasible1! DTG refuse to update![0m
-1;9  -1.95  6.15  3.05origin: 40 120  30   -1 6.2 3.1 ..10  2  1
667 10
-1;9  -1.85  6.15  3.05origin: 40 120  30   -1 6.2 3.1 ..10  2  1
667 11
-1;9  -1.75  6.15  3.05origin: 40 120  30   -1 6.2 3.1 ..10  2  1
667 12
-1;9  -1.65  6.15  3.05origin: 40 120  30   -1 6.2 3.1 ..10  2  1
667 13
-1;9  -1.55  6.15  3.05origin: 40 120  30   -1 6.2 3.1 ..10  2  1
667 14
-1;9  -1.45  6.15  3.05origin: 40 120  30   -1 6.2 3.1 ..10  2  1
667 15
-1;9  -1.35  6.15  3.05origin: 40 120  30   -1 6.2 3.1 ..10  2  1
667 16
-1;9  -1.25  6.15  3.05origin: 40 120  30   -1 6.2 3.1 ..10  2  1
667 17
-1;9  -1.15  6.15  3.05origin: 40 120  30   -1 6.2 3.1 ..10  2  1
667 18
-1;9  -1.05  6.15  3.05origin: 40 120  30   -1 6.2 3.1 ..10  2  1
667 19
-4.01012   -3.009  1.20312[0;34m New root [0m
[33m[WARN] [1790606215.777062119, 57.008000000]: id:1 Infeasible1! DTG refuse to update![0m
-4.0001 2.99621 1.19604[0;34m New root [0m
[33m[WARN] [1790606215.781686806, 57.008000000]: id:2 Infeasible1! DTG refuse to update![0m
-1;9  -1.95  6.15  3.05origin: 40 120  30   -1 6.2 3.1 ..10  2  1
667 10
-1;9  -1.85  6.15  3.05origin: 40 120  30   -1 6.2 3.1 ..10  2  1
667 11
-1;9  -1.75  6.15  3.05origin: 40 120  30   -1 6.2 3.1 ..10  2  1
667 12
-1;9  -1.65  6.15  3.05origin: 40 120  30   -1 6.2 3.1 ..10  2  1
667 13
-1;9  -1.55  6.15  3.05origin: 40 120  30   -1 6.2 3.1 ..10  2  1
667 14
-1;9  -1.45  6.15  3.05origin: 40 120  30   -1 6.2 3.1 ..10  2  1
667 15
-1;9  -1.35  6.15  3.05origin: 40 120  30   -1 6.2 3.1 ..10  2  1
667 16
-1;9  -1.25  6.15  3.05origin: 40 120  30   -1 6.2 3.1 ..10  2  1
667 17
-1;9  -1.15  6.15  3.05origin: 40 120  30   -1 6.2 3.1 ..10  2  1
667 18
-1;9  -1.05  6.15  3.05origin: 40 120  30   -1 6.2 3.1 ..10  2  1
667 19
-3.99634 -2.99705  1.20625[0;34m New root [0m
[33m[WARN] [1790606215.977213687, 57.209000000]: id:1 Infeasible1! DTG refuse to update![0m
-3.99667  2.99632  1.20104[0;34m New root [0m
[33m[WARN] [1790606215.981036931, 57.209000000]: id:2 Infeasible1! DTG refuse to update![0m
-1;9  -1.95  6.15  3.05origin: 40 120  30   -1 6.2 3.1 ..10  2  1
667 10
-1;9  -1.85  6.15  3.05origin: 40 120  30   -1 6.2 3.1 ..10  2  1
667 11
-1;9  -1.75  6.15  3.05origin: 40 120  30   -1 6.2 3.1 ..10  2  1
667 12
-1;9  -1.65  6.15  3.05origin: 40 120  30   -1 6.2 3.1 ..10  2  1
667 13
-1;9  -1.55  6.15  3.05origin: 40 120  30   -1 6.2 3.1 ..10  2  1
667 14
-1;9  -1.45  6.15  3.05origin: 40 120  30   -1 6.2 3.1 ..10  2  1
667 15
-1;9  -1.35  6.15  3.05origin: 40 120  30   -1 6.2 3.1 ..10  2  1
667 16
-1;9  -1.25  6.15  3.05origin: 40 120  30   -1 6.2 3.1 ..10  2  1
667 17
-1;9  -1.15  6.15  3.05origin: 40 120  30   -1 6.2 3.1 ..10  2  1
667 18
-1;9  -1.05  6.15  3.05origin: 40 120  30   -1 6.2 3.1 ..10  2  1
667 19
-3.99645 -2.99862  1.20739[0;34m New root [0m
[33m[WARN] [1790606216.178494444, 57.401000000]: id:1 Infeasible1! DTG refuse to update![0m
-4.00365  2.99489  1.20116[0;34m New root [0m
[33m[WARN] [1790606216.182665820, 57.411000000]: id:2 Infeasible1! DTG refuse to update![0m
-1;9  -1.95  6.15  3.05origin: 40 120  30   -1 6.2 3.1 ..10  2  1
667 10
-1;9  -1.85  6.15  3.05origin: 40 120  30   -1 6.2 3.1 ..10  2  1
667 11
-1;9  -1.75  6.15  3.05origin: 40 120  30   -1 6.2 3.1 ..10  2  1
667 12
-1;9  -1.65  6.15  3.05origin: 40 120  30   -1 6.2 3.1 ..10  2  1
667 13
-1;9  -1.55  6.15  3.05origin: 40 120  30   -1 6.2 3.1 ..10  2  1
667 14
-1;9  -1.45  6.15  3.05origin: 40 120  30   -1 6.2 3.1 ..10  2  1
667 15
-1;9  -1.35  6.15  3.05origin: 40 120  30   -1 6.2 3.1 ..10  2  1
667 16
-1;9  -1.25  6.15  3.05origin: 40 120  30   -1 6.2 3.1 ..10  2  1
667 17
-1;9  -1.15  6.15  3.05origin: 40 120  30   -1 6.2 3.1 ..10  2  1
667 18
-1;9  -1.05  6.15  3.05origin: 40 120  30   -1 6.2 3.1 ..10  2  1
667 19
[0;44m id:1 Partition[0m
[33m[WARN] [1790606216.351680118, 57.584000000]: id:1 LocalGVP![0m
[0;44m id:2 Partition[0m
[33m[WARN] [1790606216.351925074, 57.584000000]: id:2 LocalGVP![0m
-3.99875 -2.99687  1.20382[0;34m New root [0m
[33m[WARN] [1790606216.377454666, 57.603000000]: id:1 Infeasible1! DTG refuse to update![0m
-4.00426  2.99651  1.20544[0;34m New root [0m
[33m[WARN] [1790606216.381386422, 57.612000000]: id:2 Infeasible1! DTG refuse to update![0m
-1;9  -1.95  6.15  3.05origin: 40 120  30   -1 6.2 3.1 ..10  2  1
667 10
-1;9  -1.85  6.15  3.05origin: 40 120  30   -1 6.2 3.1 ..10  2  1
667 11
-1;9  -1.75  6.15  3.05origin: 40 120  30   -1 6.2 3.1 ..10  2  1
667 12
-1;9  -1.65  6.15  3.05origin: 40 120  30   -1 6.2 3.1 ..10  2  1
667 13
-1;9  -1.55  6.15  3.05origin: 40 120  30   -1 6.2 3.1 ..10  2  1
667 14
-1;9  -1.45  6.15  3.05origin: 40 120  30   -1 6.2 3.1 ..10  2  1
667 15
-1;9  -1.35  6.15  3.05origin: 40 120  30   -1 6.2 3.1 ..10  2  1
667 16
-1;9  -1.25  6.15  3.05origin: 40 120  30   -1 6.2 3.1 ..10  2  1
667 17
-1;9  -1.15  6.15  3.05origin: 40 120  30   -1 6.2 3.1 ..10  2  1
667 18
-1;9  -1.05  6.15  3.05origin: 40 120  30   -1 6.2 3.1 ..10  2  1
667 19
-3.99666 -2.99485   1.2085[0;34m New root [0m
[33m[WARN] [1790606216.577210869, 57.804000000]: id:1 Infeasible1! DTG refuse to update![0m
-4.00354  3.00187  1.20534[0;34m New root [0m
[33m[WARN] [1790606216.581870823, 57.813000000]: id:2 Infeasible1! DTG refuse to update![0m
-1;9  -1.95  6.15  3.05origin: 40 120  30   -1 6.2 3.1 ..10  2  1
667 10
-1;9  -1.85  6.15  3.05origin: 40 120  30   -1 6.2 3.1 ..10  2  1
667 11
-1;9  -1.75  6.15  3.05origin: 40 120  30   -1 6.2 3.1 ..10  2  1
667 12
-1;9  -1.65  6.15  3.05origin: 40 120  30   -1 6.2 3.1 ..10  2  1
667 13
-1;9  -1.55  6.15  3.05origin: 40 120  30   -1 6.2 3.1 ..10  2  1
667 14
-1;9  -1.45  6.15  3.05origin: 40 120  30   -1 6.2 3.1 ..10  2  1
667 15
-1;9  -1.35  6.15  3.05origin: 40 120  30   -1 6.2 3.1 ..10  2  1
667 16
-1;9  -1.25  6.15  3.05origin: 40 120  30   -1 6.2 3.1 ..10  2  1
667 17
-1;9  -1.15  6.15  3.05origin: 40 120  30   -1 6.2 3.1 ..10  2  1
667 18
-1;9  -1.05  6.15  3.05origin: 40 120  30   -1 6.2 3.1 ..10  2  1
667 19
-3.98966 -2.99437  1.20852[0;34m New root [0m
[33m[WARN] [1790606216.777180346, 58.005000000]: id:1 Infeasible1! DTG refuse to update![0m
-4.00347  3.00068   1.2047[0;34m New root [0m
[33m[WARN] [1790606216.783421381, 58.014000000]: id:2 Infeasible1! DTG refuse to update![0m
-1;9  -1.95  6.15  3.05origin: 40 120  30   -1 6.2 3.1 ..10  2  1
667 10
-1;9  -1.85  6.15  3.05origin: 40 120  30   -1 6.2 3.1 ..10  2  1
667 11
-1;9  -1.75  6.15  3.05origin: 40 120  30   -1 6.2 3.1 ..10  2  1
667 12
-1;9  -1.65  6.15  3.05origin: 40 120  30   -1 6.2 3.1 ..10  2  1
667 13
-1;9  -1.55  6.15  3.05origin: 40 120  30   -1 6.2 3.1 ..10  2  1
667 14
-1;9  -1.45  6.15  3.05origin: 40 120  30   -1 6.2 3.1 ..10  2  1
667 15
-1;9  -1.35  6.15  3.05origin: 40 120  30   -1 6.2 3.1 ..10  2  1
667 16
-1;9  -1.25  6.15  3.05origin: 40 120  30   -1 6.2 3.1 ..10  2  1
667 17
-1;9  -1.15  6.15  3.05origin: 40 120  30   -1 6.2 3.1 ..10  2  1
667 18
-1;9  -1.05  6.15  3.05origin: 40 120  30   -1 6.2 3.1 ..10  2  1
667 19
-3.99184 -3.00453  1.20508[0;34m New root [0m
[33m[WARN] [1790606216.977592335, 58.206000000]: id:1 Infeasible1! DTG refuse to update![0m
-3.99937   2.9985   1.2015[0;34m New root [0m
[33m[WARN] [1790606216.981707683, 58.206000000]: id:2 Infeasible1! DTG refuse to update![0m
-1;9  -1.95  6.15  3.05origin: 40 120  30   -1 6.2 3.1 ..10  2  1
667 10
-1;9  -1.85  6.15  3.05origin: 40 120  30   -1 6.2 3.1 ..10  2  1
667 11
-1;9  -1.75  6.15  3.05origin: 40 120  30   -1 6.2 3.1 ..10  2  1
667 12
-1;9  -1.65  6.15  3.05origin: 40 120  30   -1 6.2 3.1 ..10  2  1
667 13
-1;9  -1.55  6.15  3.05origin: 40 120  30   -1 6.2 3.1 ..10  2  1
667 14
-1;9  -1.45  6.15  3.05origin: 40 120  30   -1 6.2 3.1 ..10  2  1
667 15
-1;9  -1.35  6.15  3.05origin: 40 120  30   -1 6.2 3.1 ..10  2  1
667 16
-1;9  -1.25  6.15  3.05origin: 40 120  30   -1 6.2 3.1 ..10  2  1
667 17
-1;9  -1.15  6.15  3.05origin: 40 120  30   -1 6.2 3.1 ..10  2  1
667 18
-1;9  -1.05  6.15  3.05origin: 40 120  30   -1 6.2 3.1 ..10  2  1
667 19
-3.99382 -3.00731  1.19711[0;34m New root [0m
[33m[WARN] [1790606217.177199172, 58.408000000]: id:1 Infeasible1! DTG refuse to update![0m
-3.99906   2.9998  1.19662[0;34m New root [0m
[33m[WARN] [1790606217.181947503, 58.408000000]: id:2 Infeasible1! DTG refuse to update![0m
-1;9  -1.95  6.15  3.05origin: 40 120  30   -1 6.2 3.1 ..10  2  1
667 10
-1;9  -1.85  6.15  3.05origin: 40 120  30   -1 6.2 3.1 ..10  2  1
667 11
-1;9  -1.75  6.15  3.05origin: 40 120  30   -1 6.2 3.1 ..10  2  1
667 12
-1;9  -1.65  6.15  3.05origin: 40 120  30   -1 6.2 3.1 ..10  2  1
667 13
-1;9  -1.55  6.15  3.05origin: 40 120  30   -1 6.2 3.1 ..10  2  1
667 14
-1;9  -1.45  6.15  3.05origin: 40 120  30   -1 6.2 3.1 ..10  2  1
667 15
-1;9  -1.35  6.15  3.05origin: 40 120  30   -1 6.2 3.1 ..10  2  1
667 16
-1;9  -1.25  6.15  3.05origin: 40 120  30   -1 6.2 3.1 ..10  2  1
667 17
-1;9  -1.15  6.15  3.05origin: 40 120  30   -1 6.2 3.1 ..10  2  1
667 18
-1;9  -1.05  6.15  3.05origin: 40 120  30   -1 6.2 3.1 ..10  2  1
667 19
-3.99044 -3.00418  1.19854[0;34m New root [0m
[33m[WARN] [1790606217.377190993, 58.609000000]: id:1 Infeasible1! DTG refuse to update![0m
-4.00582  2.99628  1.19968[0;34m New root [0m
[33m[WARN] [1790606217.381615371, 58.609000000]: id:2 Infeasible1! DTG refuse to update![0m
-1;9  -1.95  6.15  3.05origin: 40 120  30   -1 6.2 3.1 ..10  2  1
667 10
-1;9  -1.85  6.15  3.05origin: 40 120  30   -1 6.2 3.1 ..10  2  1
667 11
-1;9  -1.75  6.15  3.05origin: 40 120  30   -1 6.2 3.1 ..10  2  1
667 12
-1;9  -1.65  6.15  3.05origin: 40 120  30   -1 6.2 3.1 ..10  2  1
667 13
-1;9  -1.55  6.15  3.05origin: 40 120  30   -1 6.2 3.1 ..10  2  1
667 14
-1;9  -1.45  6.15  3.05origin: 40 120  30   -1 6.2 3.1 ..10  2  1
667 15
-1;9  -1.35  6.15  3.05origin: 40 120  30   -1 6.2 3.1 ..10  2  1
667 16
-1;9  -1.25  6.15  3.05origin: 40 120  30   -1 6.2 3.1 ..10  2  1
667 17
-1;9  -1.15  6.15  3.05origin: 40 120  30   -1 6.2 3.1 ..10  2  1
667 18
-1;9  -1.05  6.15  3.05origin: 40 120  30   -1 6.2 3.1 ..10  2  1
667 19
-3.99356 -3.00636  1.19551[0;34m New root [0m
[33m[WARN] [1790606217.577913763, 58.810000000]: id:1 Infeasible1! DTG refuse to update![0m
-4.00017  2.99666  1.19922[0;34m New root [0m
[33m[WARN] [1790606217.582104232, 58.810000000]: id:2 Infeasible1! DTG refuse to update![0m
-1;9  -1.95  6.15  3.05origin: 40 120  30   -1 6.2 3.1 ..10  2  1
667 10
-1;9  -1.85  6.15  3.05origin: 40 120  30   -1 6.2 3.1 ..10  2  1
667 11
-1;9  -1.75  6.15  3.05origin: 40 120  30   -1 6.2 3.1 ..10  2  1
667 12
-1;9  -1.65  6.15  3.05origin: 40 120  30   -1 6.2 3.1 ..10  2  1
667 13
-1;9  -1.55  6.15  3.05origin: 40 120  30   -1 6.2 3.1 ..10  2  1
667 14
-1;9  -1.45  6.15  3.05origin: 40 120  30   -1 6.2 3.1 ..10  2  1
667 15
-1;9  -1.35  6.15  3.05origin: 40 120  30   -1 6.2 3.1 ..10  2  1
667 16
-1;9  -1.25  6.15  3.05origin: 40 120  30   -1 6.2 3.1 ..10  2  1
667 17
-1;9  -1.15  6.15  3.05origin: 40 120  30   -1 6.2 3.1 ..10  2  1
667 18
-1;9  -1.05  6.15  3.05origin: 40 120  30   -1 6.2 3.1 ..10  2  1
667 19
-3.99471 -3.00075   1.2055[0;34m New root [0m
[33m[WARN] [1790606217.820719272, 59.002000000]: id:1 Infeasible1! DTG refuse to update![0m
-4.00149  2.99359  1.18713[0;34m New root [0m
[33m[WARN] [1790606217.824485737, 59.011000000]: id:2 Infeasible1! DTG refuse to update![0m
-1;9  -1.95  6.15  3.05origin: 40 120  30   -1 6.2 3.1 ..10  2  1
667 10
-1;9  -1.85  6.15  3.05origin: 40 120  30   -1 6.2 3.1 ..10  2  1
667 11
-1;9  -1.75  6.15  3.05origin: 40 120  30   -1 6.2 3.1 ..10  2  1
667 12
-1;9  -1.65  6.15  3.05origin: 40 120  30   -1 6.2 3.1 ..10  2  1
667 13
-1;9  -1.55  6.15  3.05origin: 40 120  30   -1 6.2 3.1 ..10  2  1
667 14
-1;9  -1.45  6.15  3.05origin: 40 120  30   -1 6.2 3.1 ..10  2  1
667 15
-1;9  -1.35  6.15  3.05origin: 40 120  30   -1 6.2 3.1 ..10  2  1
667 16
-1;9  -1.25  6.15  3.05origin: 40 120  30   -1 6.2 3.1 ..10  2  1
667 17
-1;9  -1.15  6.15  3.05origin: 40 120  30   -1 6.2 3.1 ..10  2  1
667 18
-1;9  -1.05  6.15  3.05origin: 40 120  30   -1 6.2 3.1 ..10  2  1
667 19
-3.99531  -3.0081  1.19861[0;34m New root [0m
[33m[WARN] [1790606218.020410151, 59.203000000]: id:1 Infeasible1! DTG refuse to update![0m
-4.00532  3.00253  1.19071[0;34m New root [0m
[33m[WARN] [1790606218.024742566, 59.203000000]: id:2 Infeasible1! DTG refuse to update![0m
-1;9  -1.95  6.15  3.05origin: 40 120  30   -1 6.2 3.1 ..10  2  1
667 10
-1;9  -1.85  6.15  3.05origin: 40 120  30   -1 6.2 3.1 ..10  2  1
667 11
-1;9  -1.75  6.15  3.05origin: 40 120  30   -1 6.2 3.1 ..10  2  1
667 12
-1;9  -1.65  6.15  3.05origin: 40 120  30   -1 6.2 3.1 ..10  2  1
667 13
-1;9  -1.55  6.15  3.05origin: 40 120  30   -1 6.2 3.1 ..10  2  1
667 14
-1;9  -1.45  6.15  3.05origin: 40 120  30   -1 6.2 3.1 ..10  2  1
667 15
-1;9  -1.35  6.15  3.05origin: 40 120  30   -1 6.2 3.1 ..10  2  1
667 16
-1;9  -1.25  6.15  3.05origin: 40 120  30   -1 6.2 3.1 ..10  2  1
667 17
-1;9  -1.15  6.15  3.05origin: 40 120  30   -1 6.2 3.1 ..10  2  1
667 18
-1;9  -1.05  6.15  3.05origin: 40 120  30   -1 6.2 3.1 ..10  2  1
667 19
-3.99415 -3.00369  1.19881[0;34m New root [0m
[33m[WARN] [1790606218.219493518, 59.404000000]: id:1 Infeasible1! DTG refuse to update![0m
-3.99926  2.99739  1.19171[0;34m New root [0m
[33m[WARN] [1790606218.223928275, 59.414000000]: id:2 Infeasible1! DTG refuse to update![0m
-1;9  -1.95  6.15  3.05origin: 40 120  30   -1 6.2 3.1 ..10  2  1
667 10
-1;9  -1.85  6.15  3.05origin: 40 120  30   -1 6.2 3.1 ..10  2  1
667 11
-1;9  -1.75  6.15  3.05origin: 40 120  30   -1 6.2 3.1 ..10  2  1
667 12
-1;9  -1.65  6.15  3.05origin: 40 120  30   -1 6.2 3.1 ..10  2  1
667 13
-1;9  -1.55  6.15  3.05origin: 40 120  30   -1 6.2 3.1 ..10  2  1
667 14
-1;9  -1.45  6.15  3.05origin: 40 120  30   -1 6.2 3.1 ..10  2  1
667 15
-1;9  -1.35  6.15  3.05origin: 40 120  30   -1 6.2 3.1 ..10  2  1
667 16
-1;9  -1.25  6.15  3.05origin: 40 120  30   -1 6.2 3.1 ..10  2  1
667 17
-1;9  -1.15  6.15  3.05origin: 40 120  30   -1 6.2 3.1 ..10  2  1
667 18
-1;9  -1.05  6.15  3.05origin: 40 120  30   -1 6.2 3.1 ..10  2  1
667 19
-3.99661 -2.99904  1.19793[0;34m New root [0m
[33m[WARN] [1790606218.419839349, 59.606000000]: id:1 Infeasible1! DTG refuse to update![0m
-4.00011  2.99651  1.19252[0;34m New root [0m
[33m[WARN] [1790606218.424401337, 59.606000000]: id:2 Infeasible1! DTG refuse to update![0m
-1;9  -1.95  6.15  3.05origin: 40 120  30   -1 6.2 3.1 ..10  2  1
667 10
-1;9  -1.85  6.15  3.05origin: 40 120  30   -1 6.2 3.1 ..10  2  1
667 11
-1;9  -1.75  6.15  3.05origin: 40 120  30   -1 6.2 3.1 ..10  2  1
667 12
-1;9  -1.65  6.15  3.05origin: 40 120  30   -1 6.2 3.1 ..10  2  1
667 13
-1;9  -1.55  6.15  3.05origin: 40 120  30   -1 6.2 3.1 ..10  2  1
667 14
-1;9  -1.45  6.15  3.05origin: 40 120  30   -1 6.2 3.1 ..10  2  1
667 15
-1;9  -1.35  6.15  3.05origin: 40 120  30   -1 6.2 3.1 ..10  2  1
667 16
-1;9  -1.25  6.15  3.05origin: 40 120  30   -1 6.2 3.1 ..10  2  1
667 17
-1;9  -1.15  6.15  3.05origin: 40 120  30   -1 6.2 3.1 ..10  2  1
667 18
-1;9  -1.05  6.15  3.05origin: 40 120  30   -1 6.2 3.1 ..10  2  1
667 19
 -3.9985 -3.00255  1.20387[0;34m New root [0m
[33m[WARN] [1790606218.621758049, 59.807000000]: id:1 Infeasible1! DTG refuse to update![0m
-4.00294  2.99841  1.20261[0;34m New root [0m
[33m[WARN] [1790606218.625864310, 59.807000000]: id:2 Infeasible1! DTG refuse to update![0m
-1;9  -1.95  6.15  3.05origin: 40 120  30   -1 6.2 3.1 ..10  2  1
667 10
-1;9  -1.85  6.15  3.05origin: 40 120  30   -1 6.2 3.1 ..10  2  1
667 11
-1;9  -1.75  6.15  3.05origin: 40 120  30   -1 6.2 3.1 ..10  2  1
667 12
-1;9  -1.65  6.15  3.05origin: 40 120  30   -1 6.2 3.1 ..10  2  1
667 13
-1;9  -1.55  6.15  3.05origin: 40 120  30   -1 6.2 3.1 ..10  2  1
667 14
-1;9  -1.45  6.15  3.05origin: 40 120  30   -1 6.2 3.1 ..10  2  1
667 15
-1;9  -1.35  6.15  3.05origin: 40 120  30   -1 6.2 3.1 ..10  2  1
667 16
-1;9  -1.25  6.15  3.05origin: 40 120  30   -1 6.2 3.1 ..10  2  1
667 17
-1;9  -1.15  6.15  3.05origin: 40 120  30   -1 6.2 3.1 ..10  2  1
667 18
-1;9  -1.05  6.15  3.05origin: 40 120  30   -1 6.2 3.1 ..10  2  1
667 19
-3.99778 -3.00296   1.2035[0;34m New root [0m
[33m[WARN] [1790606218.821816154, 60.008000000]: id:1 Infeasible1! DTG refuse to update![0m
-4.00637  2.99803  1.20948[0;34m New root [0m
[33m[WARN] [1790606218.825993450, 60.008000000]: id:2 Infeasible1! DTG refuse to update![0m
-1;9  -1.95  6.15  3.05origin: 40 120  30   -1 6.2 3.1 ..10  2  1
667 10
-1;9  -1.85  6.15  3.05origin: 40 120  30   -1 6.2 3.1 ..10  2  1
667 11
-1;9  -1.75  6.15  3.05origin: 40 120  30   -1 6.2 3.1 ..10  2  1
667 12
-1;9  -1.65  6.15  3.05origin: 40 120  30   -1 6.2 3.1 ..10  2  1
667 13
-1;9  -1.55  6.15  3.05origin: 40 120  30   -1 6.2 3.1 ..10  2  1
667 14
-1;9  -1.45  6.15  3.05origin: 40 120  30   -1 6.2 3.1 ..10  2  1
667 15
-1;9  -1.35  6.15  3.05origin: 40 120  30   -1 6.2 3.1 ..10  2  1
667 16
-1;9  -1.25  6.15  3.05origin: 40 120  30   -1 6.2 3.1 ..10  2  1
667 17
-1;9  -1.15  6.15  3.05origin: 40 120  30   -1 6.2 3.1 ..10  2  1
667 18
-1;9  -1.05  6.15  3.05origin: 40 120  30   -1 6.2 3.1 ..10  2  1
667 19
 -4.0033 -2.99467  1.19554[0;34m New root [0m
[33m[WARN] [1790606219.022043968, 60.209000000]: id:1 Infeasible1! DTG refuse to update![0m
-4.00702  3.00571   1.2002[0;34m New root [0m
[33m[WARN] [1790606219.026774207, 60.209000000]: id:2 Infeasible1! DTG refuse to update![0m
-1;9  -1.95  6.15  3.05origin: 40 120  30   -1 6.2 3.1 ..10  2  1
667 10
-1;9  -1.85  6.15  3.05origin: 40 120  30   -1 6.2 3.1 ..10  2  1
667 11
-1;9  -1.75  6.15  3.05origin: 40 120  30   -1 6.2 3.1 ..10  2  1
667 12
-1;9  -1.65  6.15  3.05origin: 40 120  30   -1 6.2 3.1 ..10  2  1
667 13
-1;9  -1.55  6.15  3.05origin: 40 120  30   -1 6.2 3.1 ..10  2  1
667 14
-1;9  -1.45  6.15  3.05origin: 40 120  30   -1 6.2 3.1 ..10  2  1
667 15
-1;9  -1.35  6.15  3.05origin: 40 120  30   -1 6.2 3.1 ..10  2  1
667 16
-1;9  -1.25  6.15  3.05origin: 40 120  30   -1 6.2 3.1 ..10  2  1
667 17
-1;9  -1.15  6.15  3.05origin: 40 120  30   -1 6.2 3.1 ..10  2  1
667 18
-1;9  -1.05  6.15  3.05origin: 40 120  30   -1 6.2 3.1 ..10  2  1
667 19
terminate called after throwing an instance of 'boost::wrapexcept<boost::lock_error>'
  what():  boost: mutex lock failed in pthread_mutex_lock: Invalid argument
*** Aborted at 1790606219 (unix time) try "date -d @1790606219" if you are using GNU date ***
PC: @                0x0 (unknown)
*** SIGABRT (@0x98b) received by PID 2443 (TID 0xfc7b0ad64ad0) from PID 2443; stack trace: ***
    @     0xfc7b0d6cdf10 (unknown)
    @     0xfc7b0d9eb8f8 ([vdso]+0x8f7)
    @     0xfc7b0d271d88 gsignal
    @     0xfc7b0d25eaac abort
    @     0xfc7b0d5218bc __gnu_cxx::__verbose_terminate_handler()
    @     0xfc7b0d51f20c (unknown)
    @     0xfc7b0d51e044 (unknown)
    @     0xfc7b0d51e8a4 __gxx_personality_v0
    @     0xfc7b0d3be964 (unknown)
    @     0xfc7b0d3beef4 _Unwind_Resume
    @     0xfc7b0d8da188 ros::TimerManager<>::remove()
    @     0xfc7b0d8d8734 ros::Timer::Impl::stop()
    @     0xfc7b0d8d8800 ros::Timer::Impl::~Impl()
    @     0xfc7b0d8dc07c boost::detail::sp_counted_impl_p<>::dispose()
    @     0xfc7b0d8d85bc ros::Timer::~Timer()
    @     0xfc7b0d27448c (unknown)
    @     0xfc7b0d27461c exit
    @     0xfc7b0d25ee14 __libc_start_main
    @     0xc003a3a7ff64 (unknown)
terminate called after throwing an instance of 'boost::wrapexcept<boost::lock_error>'
  what():  boost: mutex lock failed in pthread_mutex_lock: Invalid argument
*** Aborted at 1790606219 (unix time) try "date -d @1790606219" if you are using GNU date ***
PC: @                0x0 (unknown)
*** SIGABRT (@0x989) received by PID 2441 (TID 0xf86443f00ad0) from PID 2441; stack trace: ***
    @     0xf86446869f10 (unknown)
    @     0xf86446b878f8 ([vdso]+0x8f7)
    @     0xf8644640dd88 gsignal
    @     0xf864463faaac abort
    @     0xf864466bd8bc __gnu_cxx::__verbose_terminate_handler()
    @     0xf864466bb20c (unknown)
    @     0xf864466ba044 (unknown)
    @     0xf864466ba8a4 __gxx_personality_v0
    @     0xf8644655a964 (unknown)
    @     0xf8644655aef4 _Unwind_Resume
    @     0xf86446a76188 ros::TimerManager<>::remove()
    @     0xf86446a74734 ros::Timer::Impl::stop()
    @     0xf86446a74800 ros::Timer::Impl::~Impl()
    @     0xf86446a7807c boost::detail::sp_counted_impl_p<>::dispose()
    @     0xf86446a745bc ros::Timer::~Timer()
    @     0xf8644641048c (unknown)
    @     0xf8644641061c exit
    @     0xf864463fae14 __libc_start_main
    @     0xc105a063ff64 (unknown)
WARNING: Package name "multiDTG" does not follow the naming conventions. It should start with a lower case letter and only contain lower case letters, digits, underscores, and dashes.
WARNING: Package name "multiDTG" does not follow the naming conventions. It should start with a lower case letter and only contain lower case letters, digits, underscores, and dashes.

[1mROS_MASTER_URI=http://localhost:11328[0m
]2;/comparison/gvp.launch http://localhost:11328
[1mprocess[murder_1-1]: started with pid [2440][0m
[1mprocess[traj_exc_node1-2]: started with pid [2441][0m
[1mprocess[murder_2-3]: started with pid [2442][0m
[1mprocess[traj_exc_node2-4]: started with pid [2443][0m
[1mprocess[sim1_bridge_exp_tcp_sim-5]: started with pid [2450][0m
[sim1_bridge_exp_tcp_sim-5] killing on exit
[traj_exc_node2-4] killing on exit
[murder_2-3] killing on exit
[traj_exc_node1-2] killing on exit
[murder_1-1] killing on exit
shutting down processing monitor...
... shutting down processing monitor complete
[1mdone[0m
