t,i,x,y,z,speed
0.0,0,-4.0,-3.0,0.09999019,0.009810000000000001
0.0,1,-4.0,3.0,0.09999019,0.009810000000000001
0.011000000000000001,0,-4.0,-3.0,0.09935275577144828,0.10785606118326317
0.011000000000000001,1,-4.0,3.0,0.09935275577144828,0.10785606118326317
0.021,0,-4.0,-3.0,0.0977354000226568,0.20580412041430712
0.021,1,-4.0,3.0,0.0977354000226568,0.20580412041430712
0.034,0,-4.0,-3.0,0.09513910223429867,0.30365427565099495
0.034,1,-4.0,3.0,0.09513910223429867,0.30365427565099495
0.041,0,-4.0,-3.0,0.09156484090800698,0.401406624753276
0.041,1,-4.0,3.0,0.09156484090800698,0.401406624753276
0.051000000000000004,1,-4.000000000000028,2.9999999999999876,0.0870167022898647,0.4976572196848397
0.052000000000000005,0,-4.000000000000249,-2.99999999999976,0.08702587908168151,0.49500127840453184
0.062000000000000006,0,-4.000000000042973,-2.9999999999586806,0.08164675148766658,0.5695058943128174
0.062000000000000006,1,-4.000000000024523,2.9999999999894014,0.08157529972915939,0.5788832455806199
0.07300000000000001,0,-3.9999999901402794,-3.0000000094515573,0.07990800644471388,0.0009289950062836767
0.07300000000000001,1,-4.000000000079743,2.9999999999655675,0.07980442254799067,0.0009997312165543868
0.081,0,-3.999999974794048,-3.0000000241631013,0.0799168010261102,0.0008402662054227686
0.081,1,-4.000000000079911,2.99999999996565,0.07981442049330158,0.00099984269170375
0.09100000000000001,0,-3.999999960915243,-3.0000000374681575,0.07992475555427488,0.000759997868353496
0.09100000000000001,1,-4.000000000080055,2.999999999965846,0.07982441941747441,0.000999929422486852
0.1,0,-3.999999947196496,-3.000000050626239,0.07993348476973555,0.0011983227527742589
0.1,1,-4.000000000080178,2.999999999966134,0.07983441907889437,0.0009999930936875764
0.111,0,-3.9999999373231994,-3.000000063120951,0.07997719749666453,0.008056513498818368
0.111,1,-4.000000001535978,2.9999999998229185,0.07986317729059006,0.00543245915562444
0.11800000000000001,0,-3.999999937220884,-3.0000000897615418,0.08011062917652492,0.01754841270356318
0.11800000000000001,1,-4.0000000071166415,3.000000004429294,0.07997070053329138,0.015257490720501836
0.131,0,-3.9999999628067644,-3.000000159656228,0.08033494251233844,0.026330996716651536
0.131,1,-4.00000001899184,3.000000027283445,0.08017555952837176,0.02464775327847115
0.14100000000000001,0,-4.000000039369117,-3.000000314118058,0.08064392737079942,0.0345588319908934
0.14100000000000001,1,-4.000000031758,3.000000082586734,0.08047034747521863,0.03333898706224937
0.15100000000000002,0,-4.000000201760905,-3.0000006031389566,0.08103261231130636,0.0423360605270011
0.15100000000000002,1,-4.000000022797001,3.000000175496924,0.08084900964274414,0.04150261182206008
0.161,0,-4.00000049411793,-3.0000010826049057,0.08149707250829073,0.04975667282253342
0.161,1,-3.999999945888542,3.0000002953421463,0.08130704869207046,0.04926567736251932
0.167,0,-4.0000009692621346,-3.000001812092707,0.08203407038950894,0.05689250817501967
0.168,1,-3.999999727734448,3.0000004115709475,0.08184115294881943,0.05678139686881428
0.18000000000000002,0,-4.000001689628369,-3.0000028546981365,0.08264135713059219,0.06384563908731551
0.18000000000000002,1,-3.999999269199123,3.0000004745693105,0.08244977038151649,0.06418693735136557
0.191,0,-4.00000273130025,-3.000004279974733,0.08331732174960184,0.07063870242251996
0.191,1,-3.999998452968894,3.0000004228090926,0.083131863196575,0.07147871730404226
0.201,0,-4.000004187433283,-3.000006166632267,0.08406023910024644,0.0772512595217978
0.201,1,-3.999997151540376,3.0000001901497213,0.0838860647147702,0.07861826924811605
0.21100000000000002,1,-3.9999952334039848,2.9999997112522245,0.08471058256480186,0.0855580329745593
0.21200000000000002,0,-4.000006169949382,-3.0000086040476304,0.08486815595619554,0.08365681069374528
0.221,0,-4.0000088099805255,-3.000011692927939,0.08573916544789795,0.08990634330641632
0.221,1,-3.9999925675056702,2.9999989253297032,0.08560359405987171,0.09235099798714952
0.23,0,-4.000012257732156,-3.0000155456603457,0.08667229045339851,0.09609943444174565
0.23,1,-3.9999890262579383,2.999997778637655,0.08656388302513499,0.09900645389549086
0.24500000000000002,0,-4.000016679647905,-3.0000202845624107,0.08766711949131135,0.10224174061120947
0.24500000000000002,1,-3.999984489845731,2.9999962299274827,0.0875896105229594,0.10546352795139388
0.25,0,-4.000022251509416,-3.0000260372184613,0.08872279617394928,0.10827387670684414
0.25,1,-3.999978850787504,2.9999942633357337,0.08867862270115216,0.11167961100097719
0.261,0,-4.000029152202117,-3.0000329324526396,0.08983806700646475,0.11417676895167714
0.261,1,-3.999972017967188,2.9999919007844964,0.0898285502213323,0.1176760737876747
0.271,0,-4.000037559078456,-3.000041097392208,0.09101152703562214,0.11992508841400454
0.271,1,-3.9999639186958613,2.99998920930192,0.0910371968512477,0.12344670205339307
0.28500000000000003,0,-4.000047644065214,-3.000050654926334,0.0922415253098072,0.1255019783956976
0.28500000000000003,1,-3.9999545000131356,2.9999863044036226,0.09230236712004221,0.12900295336499387
0.29000000000000004,0,-4.000059571432845,-3.00006172258889,0.09352661910128483,0.1309849949550632
0.29000000000000004,1,-3.9999437278246983,2.999983350073459,0.09362269569707744,0.13453908062192166
0.306,0,-4.0000734936740985,-3.0000744136652333,0.09486629228122882,0.13641781778474252
0.306,1,-3.9999315867566643,2.9999805523418037,0.09499883452626041,0.14014067751271653
0.31,0,-4.000089535224751,-3.000088834740509,0.0962580550271216,0.1413071833522641
0.31,1,-3.9999180899021365,2.9999781424928043,0.09642925219901215,0.14528081008173263
0.321,0,-4.000107774568693,-3.0001050803184603,0.09769349381938969,0.1452974998417719
0.321,1,-3.9999032871391043,2.9999763578245577,0.09790619373620302,0.14957427628055756
0.331,0,-4.000128252819889,-3.000123245260519,0.09916501695910705,0.1486308399178378
0.331,1,-3.999887256927769,2.9999754311951925,0.09942247626853276,0.15324235375366116
0.341,0,-4.000150974626905,-3.0001434282792294,0.10066710306257817,0.15150158134185407
0.341,1,-3.999870104253781,2.9999755839085145,0.10097269617780974,0.15643171331727337
0.35000000000000003,0,-4.0001759114935185,-3.000165736094993,0.10219778793409753,0.15456718455192117
0.35000000000000003,1,-3.9998519578227287,2.999977023020762,0.1025547241574787,0.15979357077872303
0.36000000000000004,0,-4.000203017217395,-3.0001902934135467,0.10376409451364316,0.1584984924038809
0.36000000000000004,1,-3.9998329592833075,2.9999799435966747,0.10417424390359861,0.16381259354295954
0.373,0,-4.000232219451599,-3.0002172127282414,0.10537288902766896,0.16298214033527633
0.373,1,-3.999813252981078,2.9999845099651155,0.1058361933465003,0.16820478860625063
0.381,0,-4.000263427696018,-3.0002465758883154,0.1070283029975249,0.16776238203450008
0.381,1,-3.9997929676270236,2.9999908451058714,0.10754313938989936,0.1727699831393646
0.391,0,-4.000296544037236,-3.0002784248195646,0.10873163738049613,0.1724944500970921
0.391,1,-3.999772201824889,2.999999025498789,0.10929530375647122,0.1771796392129792
0.402,0,-4.000331469531625,-3.000312753521888,0.1104801703817264,0.176858190538575
0.402,1,-3.999751015365888,3.00000907681284,0.11108931913030333,0.1811938598525652
0.41400000000000003,0,-4.000368118037412,-3.0003495168621503,0.11227147973181639,0.18118345411387635
0.41400000000000003,1,-3.9997294227048075,3.000020981115458,0.11292193251052025,0.1849679587201527
0.41700000000000004,0,-4.0004064260025975,-3.000388641596701,0.1141077830995062,0.18581224103728414
0.41700000000000004,1,-3.9997073934540714,3.000034681934223,0.1147916520390197,0.18862512461302644
0.43300000000000005,0,-4.000446342832525,-3.0004300181911523,0.1159911954357637,0.19058020022622701
0.43300000000000005,1,-3.999684863563474,3.000050084484945,0.11669718863100587,0.19214393385517753
0.438,1,-3.99966174778285,3.0000670588279252,0.11863708932039188,0.195514457727143
0.442,0,-4.000487826326996,-3.0004735025341973,0.11792238573835016,0.1953624513937522
0.448,0,-4.0005308415396055,-3.0005189222190247,0.11990109447916217,0.20008143981450346
0.448,1,-3.9996379492338257,3.0000854439454563,0.12060976961741453,0.19871172165623782
0.461,0,-4.000575358927293,-3.000566081242065,0.12192598794841546,0.2046214631627161
0.461,1,-3.9996133670153005,3.000105051293029,0.1226130760043725,0.20166431216336847
0.47200000000000003,0,-4.000621352416154,-3.000614764311792,0.12399434470740628,0.20876346416678834
0.47200000000000003,1,-3.99958790095547,3.000125670246928,0.12464517516564115,0.2045249741676581
0.48200000000000004,0,-4.000668795598013,-3.000664737962694,0.12610183554281837,0.2125638130552239
0.48200000000000004,1,-3.9995614525577268,3.000147074173302,0.12670631139774813,0.20750731267904957
0.49100000000000005,0,-4.000717660986279,-3.000715751112281,0.12824674872817762,0.21626108212471937
0.49100000000000005,1,-3.9995339241037575,3.000169023925915,0.12879857520168564,0.2107079665003602
0.502,0,-4.00076791105098,-3.0007675273477785,0.13042793562555746,0.2198333475057456
0.502,1,-3.9995052200039365,3.0001912703053755,0.13092344898600583,0.21400317572340208
0.507,0,-4.000819493051159,-3.0008197622610457,0.13264379383318653,0.22319341187346967
0.507,1,-3.999475247624904,3.0002135583767755,0.133080798899464,0.2171842735954246
0.519,0,-4.0008723362381735,-3.0008721240588625,0.1348916133462,0.22626320825716706
0.519,1,-3.9994439173191605,3.000235632079145,0.13526894648752652,0.22018280575316893
0.531,0,-4.0009263526435275,-3.0009242563814347,0.13716861654725018,0.22905009193216605
0.531,1,-3.9994111405633417,3.000257237806552,0.13748629291253991,0.22305722173671108
0.542,0,-4.000981435284226,-3.000975782440552,0.1394717792915548,0.2315514909514191
0.542,1,-3.9993768321349963,3.000278127483632,0.13973198345538762,0.22585616878690407
0.548,0,-4.001037451028723,-3.001026312904509,0.14179910991104971,0.2338980814436706
0.548,1,-3.9993409203222505,3.0002980636088994,0.14200533874551957,0.22861947036550798
0.561,0,-4.001094229975545,-3.0010754562230155,0.1441491204418022,0.23609845636536397
0.561,1,-3.999303354784758,3.000316822944271,0.1443064707645114,0.2314018792599363
0.5690000000000001,0,-4.001151559153117,-3.0011228274770616,0.14652032928144063,0.23814492484610908
0.5690000000000001,1,-3.999264114036044,3.000334200670543,0.14663521474507468,0.2341396247822917
0.5800000000000001,0,-4.001209180167118,-3.0011680549554347,0.1489112343947954,0.2400599236424113
0.5800000000000001,1,-3.9992232092570887,3.0003500130734033,0.14899080481306692,0.23677174170650347
0.5880000000000001,0,-4.00126679014332,-3.0012107827238808,0.15132132195396386,0.24197778542992077
0.5880000000000001,1,-3.999180686384059,3.00036409908641,0.1513717668685286,0.23923012516531855
0.607,0,-4.00132404794792,-3.001250675877849,0.15375045149573505,0.243848818646092
0.607,1,-3.999136627988548,3.0003763197519144,0.1537763405922753,0.2415134353971121
0.612,0,-4.001380585379175,-3.00128742654031,0.15619795783856832,0.24564296491261087
0.612,1,-3.999091154440465,3.000386556956773,0.15620282525655274,0.2436331931753934
0.622,0,-4.001436017855828,-3.001320756324927,0.15866282178767588,0.24729211434510015
0.622,1,-3.999044424280662,3.0003947133031565,0.15864920146512296,0.24548867139429784
0.627,0,-4.001489954649347,-3.0013504215966353,0.16114269549290403,0.2486529801258862
0.627,1,-3.998996633340356,3.0004007129082617,0.16111227386038834,0.2470176672731908
0.644,0,-4.001542005801313,-3.0013762111079956,0.1636348472076522,0.24976299793244522
0.644,1,-3.998948009432435,3.0004044967226684,0.16358929730446234,0.24833621365124559
0.65,0,-4.001591788758867,-3.0013979403276903,0.16613775113158394,0.2508840082960121
0.65,1,-3.998898806052806,3.0004060159614916,0.1660800936352272,0.24985056993606455
0.668,0,-4.001638938163499,-3.0014154419459946,0.168653772560672,0.2523144733290097
0.668,1,-3.9988492930016464,3.0004052261080045,0.1685883940386753,0.25176503108730364
0.677,0,-4.001683131250115,-3.001428584354023,0.1711850905091248,0.25389023127790755
0.677,1,-3.998799748442076,3.0004020950686687,0.1711170660824762,0.2538765037128652
0.683,0,-4.001724103161312,-3.001437277574667,0.17373256633930373,0.25551209505847144
0.683,1,-3.9987504491606676,3.000396602989329,0.17366732655841677,0.2560584985669101
0.6910000000000001,0,-4.001761651841663,-3.0014414690464446,0.17629666416231088,0.2572425617925415
0.6910000000000001,1,-3.998701662315966,3.000388739116018,0.1762393495271728,0.25819839827185576
0.7000000000000001,0,-4.001795631415611,-3.0014411305428284,0.17887974355822864,0.259250640654267
0.7000000000000001,1,-3.9986536386274225,3.0003785010769173,0.17883181317768404,0.26016240211126707
0.7110000000000001,0,-4.001825950684327,-3.0014362596316104,0.1814838428533992,0.2614032959264554
0.7110000000000001,1,-3.9986066062804997,3.000365890959168,0.1814423929330897,0.2617109635389164
0.7200000000000001,0,-4.001852570980529,-3.0014268821971006,0.18410793487609942,0.26305234304661296
0.7200000000000001,1,-3.9985607579823284,3.000350928610029,0.1840610417495809,0.2618759478641803
0.7310000000000001,0,-4.001875519634482,-3.001413073231907,0.1867415262876739,0.26347983683520376
0.7310000000000001,1,-3.9985162515934403,3.0003336376692102,0.1866750180400299,0.260949280572744
0.7380000000000001,0,-4.001894848687269,-3.001394910579293,0.18937359381091595,0.2628541555779036
0.7380000000000001,1,-3.99847321768445,3.0003140283265273,0.18927552615949805,0.25931700359079024
0.75,0,-4.001910607297457,-3.001372444630339,0.19199903792170214,0.26249389535936
0.75,1,-3.9984317636083886,3.000292093186816,0.19185904405555856,0.257848666596026
0.76,0,-4.001922816640838,-3.001345668125842,0.1946264675585138,0.2630894556366555
0.76,1,-3.9983919888367794,3.0002677863148755,0.19443561855202618,0.25775110239492427
0.771,0,-4.0019315333126,-3.0013145935462715,0.1972616782301585,0.2638777459690788
0.771,1,-3.9983539635070735,3.0002410566802786,0.19701506283137965,0.2581893831855263
0.782,0,-4.001936864399285,-3.001279273390179,0.19990355720996345,0.26445737533041985
0.782,1,-3.9983177151412956,3.0002118681931176,0.19959912798983556,0.2586612360248314
0.791,0,-4.001938945016625,-3.001239774569831,0.20255020880099364,0.26486310307862215
0.791,1,-3.998283240605064,3.0001801849409384,0.20218783146391844,0.25911272124349494
0.801,0,-4.001937933273984,-3.0011961741453117,0.2052000731894611,0.26514353360944587
0.801,1,-3.9982505105252177,3.0001459685919363,0.20478081427594977,0.25952012367970034
0.812,0,-4.001934004348182,-3.0011485546435632,0.20785318412910414,0.26558645317297447
0.812,1,-3.998219473700737,3.00010917863784,0.20737834688742054,0.26008400191857695
0.8210000000000001,0,-4.001927342275763,-3.00109700027511,0.2105124910754927,0.266338104451354
0.8210000000000001,1,-3.998190064118591,3.000069775455285,0.2099833095161928,0.2609505282250481
0.8280000000000001,0,-4.001918145108176,-3.0010416132438396,0.2131801873525073,0.26724546705012353
0.8280000000000001,1,-3.9981621992372682,3.000027737654713,0.2125978459122257,0.2619685224816038
0.8390000000000001,0,-4.001906620629653,-3.0009825154039738,0.2158572729816947,0.26821333146806825
0.8390000000000001,1,-3.9981357829283573,2.9999830689757125,0.21522292070469665,0.26304408930082995
0.8500000000000001,0,-4.001892980473886,-3.0009198454654538,0.21854406127074125,0.2692035067500085
0.8500000000000001,1,-3.9981107096320185,2.9999357996971905,0.21785900090252205,0.2641993743445223
0.8610000000000001,0,-4.001877433088018,-3.000853755531746,0.22124108292796327,0.2702987576799619
0.8610000000000001,1,-3.9980868686991844,2.9998859809739744,0.22050809291641382,0.26565077258112085
0.8710000000000001,0,-4.001860173755072,-3.0007844103671326,0.22394995188336142,0.27155548100058324
0.8710000000000001,1,-3.998064142577439,2.9998336786016955,0.2231733433726042,0.2673813399261538
0.881,0,-4.001841380534179,-3.000711996868918,0.22667109851744227,0.27268993454659096
0.881,1,-3.9980424018393346,2.9997789716290577,0.22585585100683628,0.269017611818745
0.891,0,-4.001821212044009,-3.0006367318062237,0.22940110948889036,0.27340043349577325
0.891,1,-3.9980215035722395,2.999721949543818,0.22855260195391533,0.2702880827076855
0.9,0,-4.0017997982653535,-3.0005588493195066,0.23213622977983103,0.2737744872820824
0.9,1,-3.99800129588577,2.999662697048585,0.23126037147200051,0.2712683661890711
0.911,0,-4.001777237284973,-3.0004785951107866,0.2348739151727825,0.27398651203062224
0.911,1,-3.997981619490637,2.9996012881688645,0.23397679892416187,0.27207292218259843
0.92,0,-4.001753595896884,-3.0003962218818527,0.23761333290639391,0.27413654351627603
0.92,1,-3.997962311414947,2.9995377876030065,0.23670066928445777,0.27277316601906315
0.931,0,-4.001728914567553,-3.0003119860469707,0.2403537191341625,0.2741985881284957
0.931,1,-3.997943212974321,2.9994722623266488,0.23943086547394493,0.27335713648666715
0.9390000000000001,0,-4.001703210855874,-3.0002261409598745,0.2430942105755552,0.274188077769059
0.9390000000000001,1,-3.9979241775460204,2.999404790371546,0.2421662721842915,0.27384544581917664
0.9500000000000001,0,-4.001676482000643,-3.000138930749289,0.2458343055645211,0.2741293271036115
0.9500000000000001,1,-3.9979050759580574,2.999335465618517,0.24490614845690767,0.2742622319684715
0.9620000000000001,0,-4.001648707981014,-3.000050586779841,0.24857383488704246,0.2741192418424247
0.9620000000000001,1,-3.997885799905502,2.9992644017039076,0.24764974510064522,0.2746134812433941
0.9690000000000001,0,-4.001619855188667,-2.999961324853176,0.2513144812827149,0.27437608011723275
0.9690000000000001,1,-3.9978662648512855,2.9991917317213637,0.2503970615842659,0.27505856258071365
0.9830000000000001,0,-4.001589886714286,-2.999871348288072,0.2540597633558958,0.2749903541043535
0.9830000000000001,1,-3.997846415155457,2.99911760475096,0.253150198746749,0.2757419868274525
0.9910000000000001,0,-4.001558775098219,-2.9997808530567673,0.2568123552065991,0.27580009091851054
0.9910000000000001,1,-3.9978262301743257,2.999042187474164,0.2559108451217189,0.2765374642310604
1.002,0,-4.001526509896403,-2.9996900292696282,0.2595735062794795,0.27668259627520964
1.002,1,-3.9978057274642382,2.998965662043656,0.258679581864278,0.2773516320842565
1.007,0,-4.001493101616193,-2.999599061340844,0.2623434336842655,0.2775336697522719
1.013,1,-3.9977849631910938,2.9988882219411424,0.2614564873024469,0.2781994825499707
1.029,0,-4.0014585840676204,-2.9995081287684053,0.26512106333956664,0.27823672064253524
1.029,1,-3.9977640299943222,2.998810065935394,0.2642425854226721,0.2791699374160424
1.042,0,-4.001423012883836,-2.9994174088584282,0.26790482970239715,0.27877609642987966
1.042,1,-3.9977430520632664,2.9987313894022414,0.26703860682701663,0.2801699386389671
1.045,0,-4.001386463149378,-2.999327079899764,0.27069310235947014,0.2791545603573508
1.045,1,-3.9977221784415704,2.998652373859275,0.26984448863532157,0.2811381339044548
1.048,0,-4.001349027044151,-2.999237323122096,0.27348428437294586,0.27937348934053785
1.048,1,-3.997701576694975,2.998573178909216,0.27265971000158296,0.28203930051262605
1.061,0,-4.001310811177889,-2.999148323870795,0.2762772272099049,0.27956187243118186
1.061,1,-3.99768142783237,2.9984939371218955,0.2754840702851077,0.2830132596893551
1.069,0,-4.001271933929954,-2.9990602722670454,0.2790718301577049,0.279515817765019
1.069,1,-3.9976619219674707,2.998414751335392,0.27831808402293257,0.2837688365380935
1.078,0,-4.001232528392524,-2.99897335274399,0.281859977301669,0.2783977227443046
1.078,1,-3.9976432460225544,2.9983356948706246,0.28115360656941496,0.2834448334953957
1.09,0,-4.001192732131055,-2.9988877441596173,0.28463242587721727,0.27649559220651637
1.09,1,-3.9976255788413613,2.9982568177609554,0.2839812607745515,0.282319659410889
1.101,0,-4.001152680795523,-2.998803619456999,0.2873826874197174,0.2740416429074224
1.101,1,-3.9976090871647623,2.9981781557847738,0.2867944170763342,0.2806320207310801
1.11,0,-4.00111250569103,-2.998721147786707,0.29010941895191816,0.2720561831061083
1.11,1,-3.9975939253167514,2.9980997378846617,0.2895916159033984,0.2794012468690115
1.121,0,-4.001072332672417,-2.9986405077815497,0.29282398269716015,0.2714171237844371
1.121,1,-3.9975802431718863,2.998021592298053,0.29238278149412045,0.27918636485291776
1.131,1,-3.9975681678556003,2.9979437446824315,0.2951748735335702,0.2794886179831058
1.1320000000000001,0,-4.001032281738968,-2.9985618664162166,0.2955379466902587,0.27175567455431215
1.1400000000000001,0,-4.000992459341963,-2.9984853674982,0.29825880502273105,0.27265265453902626
1.1400000000000001,1,-3.9975578086629264,2.9978662130092792,0.29797176422652755,0.2800675646968522
1.149,0,-4.000952951022299,-2.9984111283891024,0.3009901670310979,0.27379129399954416
1.149,1,-3.9975492630370115,2.997789002629112,0.3007747153787445,0.2806732181888614
1.158,0,-4.0009138172336804,-2.9983392421570785,0.30373372294000184,0.2750506065854152
1.158,1,-3.9975426225102932,2.997712103371899,0.30358352001273087,0.28123158131320425
1.171,0,-4.000875091106246,-2.9982697773488964,0.30648948464721576,0.2761378468659197
1.171,1,-3.997537976988143,2.9976354881754093,0.30639734176797206,0.28166456568981585
1.18,0,-4.0008367807218415,-2.9982027749119324,0.3092535157629868,0.27675301050240037
1.18,1,-3.9975354138605796,2.9975591143393525,0.30921441088951923,0.28190118958788724
1.189,0,-4.000798884796062,-2.9981382662167615,0.31202171175640014,0.27701007075280165
1.189,1,-3.9975350135819814,2.997482930242354,0.31203289136343987,0.2819668962245719
1.201,0,-4.000761408228418,-2.9980762854262455,0.3147909178795732,0.27697985918295503
1.201,1,-3.997536843378717,2.997406882515432,0.31485111151271644,0.2818653509927139
1.208,0,-4.000724372528703,-2.9980168759867416,0.31755882403571484,0.2768144347288715
1.208,1,-3.997540954266115,2.9973309212633046,0.3176682122394537,0.28181126315980076
1.217,0,-4.000687823682596,-2.9979601014451167,0.3203264439473514,0.27693420557180837
1.217,1,-3.9975473832160775,2.997255003561308,0.32048613857431835,0.28199650096104606
1.237,0,-4.000651834376674,-2.99790604509687,0.32309740255184927,0.2774058042542735
1.237,1,-3.997556148030798,2.997179094026274,0.3233068823118666,0.28234125756518247
1.244,0,-4.000616498307353,-2.9978547980709216,0.3258748118436626,0.2782026625944223
1.244,1,-3.9975672543694145,2.997103160183355,0.3261317510215289,0.2828360193230644
1.25,0,-4.00058192446949,-2.997806456597194,0.3286621151400544,0.27931057475285337
1.25,1,-3.9975807090953204,2.997027166744325,0.3289628693098974,0.2835532260040737
1.272,0,-4.000548230744865,-2.9977611134547217,0.3314615370939373,0.28057710955549237
1.272,1,-3.997596524122869,2.99695107186535,0.3318018447787745,0.2843815501127725
1.284,0,-4.000515539325314,-2.9977188547506977,0.33427413897747105,0.2819172128398772
1.284,1,-3.997614720149601,2.9968748248091543,0.334649367341635,0.2852552135761748
1.2930000000000001,0,-4.000483973298171,-2.9976797583812007,0.3371001583437056,0.2832245832251512
1.2930000000000001,1,-3.997635329747995,2.996798364715733,0.3375053628577959,0.2860636895525029
1.296,0,-4.000453653644291,-2.9976438899729643,0.33993857900984054,0.28439547030004336
1.296,1,-3.997658395029372,2.9967216221184736,0.3403688363498935,0.286765821619595
1.3010000000000002,0,-4.000424699915531,-2.997611301399959,0.3427882256120647,0.2854987271279806
1.3010000000000002,1,-3.9976839610489163,2.996644523881105,0.34323862692247903,0.2873417193187836
1.308,0,-4.000397229734201,-2.997582024650943,0.34564738302996584,0.28596818284716147
1.308,1,-3.997712063417648,2.996566999011653,0.34611175231384744,0.28716934368501645
1.319,0,-4.000371332654839,-2.9975560144926368,0.3484974540522035,0.2839302941166686
1.319,1,-3.9977426863123293,2.996488990573331,0.348969696863072,0.2845718924239685
1.329,0,-4.000347088170379,-2.9975331920727633,0.35131648525014686,0.280057059116412
1.329,1,-3.9977757921576464,2.9964104523385764,0.3517913096768159,0.28020831012203673
1.342,0,-4.000324589960556,-2.9975134921510533,0.35409321814786665,0.27599959048254974
1.342,1,-3.9978113565194526,2.9963313410256673,0.3545665461785194,0.2759002402460278
1.348,0,-4.000303968700908,-2.9974968986466086,0.35683790750849353,0.2734241646283415
1.348,1,-3.9978494019913526,2.996251606464873,0.35730980029098,0.27353809032431076
1.36,0,-4.000285352098825,-2.9974833800434646,0.3595627763905751,0.27185882838113157
1.36,1,-3.99788993323191,2.9961712107776943,0.36003713804078785,0.27250642944105363
1.371,0,-4.000268845459572,-2.9974728709813183,0.3622760068638078,0.27099397604795644
1.371,1,-3.997932914741466,2.996090138102509,0.3627593668655844,0.2723952075768404
1.381,0,-4.000254529659194,-2.9974652806577002,0.36498373934836964,0.2706636391908603
1.381,1,-3.9979782754559605,2.996008395767541,0.3654844108185009,0.2729648226537417
1.389,0,-4.000242458032732,-2.9974604961527587,0.3676903796092924,0.27073525740479054
1.389,1,-3.998025908469247,2.99592601564873,0.3682171096562727,0.2738148747200369
1.3980000000000001,0,-4.000232657356924,-2.9974583901224907,0.37040010017871516,0.2712389999661802
1.3980000000000001,1,-3.9980756701369153,2.9958430541904146,0.37095837515722896,0.2747085530095523
1.411,0,-4.000225125992566,-2.9974588272062155,0.3731170834339099,0.272117483324782
1.411,1,-3.998127388529072,2.995759587418962,0.37370900089062137,0.27567447974382375
1.419,0,-4.000219829208947,-2.9974616663242264,0.37584411314653,0.27320364764716815
1.419,1,-3.9981808624399595,2.9956757084418,0.3764692859900664,0.2766384968790096
1.439,0,-4.00021669933622,-2.9974667656556564,0.3785825844878817,0.27438085894596387
1.439,1,-3.9982358623766685,2.9955915247927662,0.37923889951530904,0.277545514312637
1.44,0,-4.000215638125727,-2.9974739874005314,0.38133295131835315,0.2755681649073814
1.44,1,-3.9982921335407884,2.995507155580883,0.38201720201857486,0.27839616541993334
1.452,0,-4.000216518854452,-2.9974832008973498,0.38409480427089426,0.2766773494211565
1.452,1,-3.9983494000258806,2.9954227285873207,0.3848038519254972,0.2792156888140695
1.459,0,-4.000219188364481,-2.9974942865360106,0.3868671306044453,0.2776723438092193
1.459,1,-3.9984073699495433,2.995338376710065,0.38759830811895163,0.2799604321839118
1.471,0,-4.000223469480598,-2.997507139422108,0.3896486665888291,0.2785268866469864
1.471,1,-3.998465742303308,2.995254233977046,0.3903996969573716,0.28060819545288695
1.481,0,-4.000229163196162,-2.9975216708283496,0.3924377487691858,0.2792024867597804
1.481,1,-3.998524213156686,2.995170432242647,0.39320680359765364,0.2811075107813216
1.489,0,-4.000236052381719,-2.9975378097176018,0.395232852921762,0.27976654604227413
1.489,1,-3.9985824809217108,2.995087098700061,0.3960180801917377,0.28145915617630474
1.5,0,-4.000243907819369,-2.997555502218334,0.39803339421425565,0.2802969996916506
1.5,1,-3.998640252313386,2.9950043552592,0.39883226904993907,0.2817009433356241
1.512,0,-4.000252498129387,-2.997574703910563,0.40083901799130417,0.2807838155326695
1.512,1,-3.9986972500923508,2.9949223199706316,0.40164843941820627,0.28185581808077537
1.53,0,-4.0002616004433875,-2.997595372036164,0.40364905492582365,0.2811858376029034
1.53,1,-3.9987532198303306,2.9948411082378064,0.40446561157124966,0.2818996305619987
1.536,0,-4.000271008593676,-2.9976174605381005,0.4064625229044833,0.281481473091956
1.536,1,-3.9988079344460816,2.9947608335560476,0.4072826549125237,0.2818311644199506
1.542,0,-4.000280538717024,-2.9976409170915517,0.4092783915573734,0.28167725134738386
1.542,1,-3.9988611968038,2.9946816079657,0.41009841837285665,0.2816431172653692
1.548,0,-4.000290032451435,-2.9976656831172495,0.41209727993322,0.2822095969073671
1.548,1,-3.9989128413519834,2.9946035418058434,0.41291154982038913,0.2812967286372932
1.561,0,-4.0002993565660745,-2.997691694797601,0.41492540042353415,0.28340528056206565
1.561,1,-3.9989627320616035,2.994526743109351,0.4157224806180653,0.28135823211336597
1.569,0,-4.000308401561375,-2.997718861622779,0.4177644852985312,0.28390239281490637
1.569,1,-3.999010766727238,2.99445130783557,0.41853273656613293,0.2805735777212307
1.58,0,-4.000317086729787,-2.9977470391502403,0.4205922548131607,0.28151675961255485
1.58,1,-3.9990569239948894,2.9943772790230803,0.4213211203126601,0.27737288352943656
1.589,0,-4.000325352436424,-2.997776053980749,0.423384384389008,0.27711233137197183
1.589,1,-3.999101218987993,2.9943046726290334,0.4240681308838587,0.2725586372260445
1.598,0,-4.000333148140597,-2.99780571784385,0.4261327766963846,0.2733475749162231
1.598,1,-3.999143679732383,2.994233491744916,0.42676694429097983,0.26831121187978985
1.6099999999999999,0,-4.0003404223626315,-2.9978358255833477,0.42885507703114684,0.2716349459138663
1.611,1,-3.9991843213986757,2.9941637448426595,0.429436119999425,0.2662901171922401
1.621,0,-4.00034713427208,-2.9978661380205334,0.43156944570205863,0.2714966823159042
1.621,1,-3.999223192385218,2.9940954114703464,0.43209452274911797,0.26587776305649924
1.6360000000000001,0,-4.000353262123546,-2.9978963989682392,0.43428847597561604,0.2723887499336206
1.6360000000000001,1,-3.9992603789371,2.9940284431853117,0.4347550576706443,0.2665226223810818
1.641,0,-4.0003588079851555,-2.997926357931382,0.4370199317580844,0.2738528789752453
1.641,1,-3.9992959942993815,2.993962777043646,0.4374257034780744,0.26775736224783325
1.653,0,-4.000363799918241,-2.9979557871834603,0.43976773966526705,0.275599632799649
1.653,1,-3.999330168906053,2.993898346670855,0.44011053113060444,0.26928835461993383
1.658,0,-4.000368291689199,-2.997984492722816,0.442533887021024,0.27748432380785265
1.658,1,-3.999363040786577,2.9938350917445895,0.44281164343426466,0.2709683444040822
1.67,0,-4.0003723619076546,-2.998012320875863,0.4453190860283476,0.279376187687677
1.67,1,-3.999394749394931,2.993772963644198,0.44553002128835756,0.2727216232708157
1.682,0,-4.000376112881064,-2.9980391607745167,0.4481224667322507,0.28112503191578286
1.682,1,-3.999425430235592,2.993711927502747,0.4482661898178911,0.2745024024230254
1.69,0,-4.000379668873944,-2.998064937917417,0.45094250205061015,0.282719399981892
1.69,1,-3.999455208469742,2.9936519570442206,0.45102006570781206,0.27625000482647283
1.701,0,-4.000383174257004,-2.9980896062962286,0.4537766344707448,0.28389568345551736
1.701,1,-3.9994841932297414,2.9935930269574573,0.45379007766198926,0.2776623478599017
1.711,0,-4.000386790854564,-2.998113143901527,0.4566190969980014,0.28447329278354855
1.711,1,-3.999512474634524,2.99353510597833,0.4565711279287243,0.2785318432708804
1.721,0,-4.0003906950835875,-2.9981355428566463,0.4594648211976396,0.2846157808422398
1.721,1,-3.999540118606377,2.9934781571349753,0.45935823656016145,0.27888638969044927
1.7320000000000002,0,-4.000395075447855,-2.9981568027556107,0.4623117588610958,0.28486455810447253
1.7320000000000002,1,-3.9995671679612586,2.993422137218382,0.46214655940264576,0.2789637479041573
1.741,0,-4.000400127199455,-2.9981769254555757,0.46516403408807316,0.28559310445144176
1.741,1,-3.9995936470566935,2.9933670073572105,0.46493735632952415,0.27932819335005926
1.75,0,-4.0004060402629955,-2.998195922077019,0.4680252423081332,0.28659453142071145
1.75,1,-3.9996195742565126,2.9933127349497846,0.4677327236067157,0.279839057601361
1.762,0,-4.000412990965906,-2.9982138133361067,0.4708975383324197,0.28779458700668276
1.762,1,-3.9996449698286956,2.9932592967714813,0.4705336255133317,0.28041176603352314
1.771,0,-4.0004211376470575,-2.998230627511293,0.47378276070065745,0.28913674755146196
1.771,1,-3.999669860319559,2.9932066825095958,0.4733404249216273,0.28101791841690543
1.7810000000000001,0,-4.000430616172011,-2.998246400740697,0.47668151090519656,0.29048142263382076
1.7810000000000001,1,-3.999694281088132,2.99315489687901,0.47615349780579125,0.2816476620519627
1.79,0,-4.0004415398751,-2.998261180431077,0.47959329213512797,0.2917454737220288
1.79,1,-3.999718274071387,2.9931039590308695,0.47897267932593635,0.2822332545393659
1.799,0,-4.00045400543672,-2.998275037116859,0.4825172166713263,0.29291940523102966
1.799,1,-3.9997418758931857,2.993053900294581,0.48179740887180134,0.2827584911748478
1.8090000000000002,0,-4.000468098941779,-2.9982880758006014,0.48545237859612106,0.293998763392846
1.8090000000000002,1,-3.9997651060840296,2.993004761632031,0.4846270500285126,0.28321366579745777
1.82,0,-4.000483899666342,-2.998300443055132,0.488397693888887,0.29495985414708054
1.82,1,-3.999787959450937,2.9929565911462843,0.48746078519649777,0.2835801720482765
1.831,0,-4.000501482283354,-2.998312330320253,0.491351563652352,0.29569252255736916
1.831,1,-3.999810401668594,2.992909441698074,0.49029727695048725,0.28373775320642547
1.8410000000000002,0,-4.000520916160579,-2.9983239741600625,0.4943105394558976,0.2959975450165238
1.8410000000000002,1,-3.999832367747797,2.992863367947612,0.4931335762588596,0.28359652820278713
1.851,0,-4.000542265098206,-2.9983356501250604,0.4972696113564029,0.29578242144605404
1.851,1,-3.9998537622366364,2.992818427841765,0.4959676489729459,0.28331238071818676
1.863,0,-4.000565584742372,-2.998347656221265,0.5002242441618167,0.2951709051332263
1.863,1,-3.999874469153613,2.992774684275739,0.4987982251671394,0.2829055298842193
1.87,0,-4.000590917291218,-2.998360295748116,0.5031713815858949,0.2944087114755985
1.87,1,-3.9998943662172044,2.9927322077594423,0.5016244734552404,0.28253257238190377
1.881,0,-4.000618295282548,-2.9983738690722803,0.5061134716815417,0.2941440252822345
1.881,1,-3.9999133316230076,2.9926910841048655,0.5044503324936397,0.28277994354724023
1.891,0,-4.000647731694691,-2.9983886636952333,0.5090550558814354,0.29424351122790926
1.891,1,-3.99993125374937,2.992651411602282,0.5072813355840138,0.28347274027056296
1.905,0,-4.000679210439849,-2.9984049432567352,0.5119989260870881,0.2945793333976572
1.905,1,-3.9999480407623316,2.9926132948846993,0.5101203832127602,0.2842918442943572
1.908,0,-4.000712687916803,-2.9984229428414433,0.5149472794616103,0.29510936877002203
1.908,1,-3.9999636244649808,2.992576842304291,0.5129668228893774,0.2849579002348196
1.9220000000000002,0,-4.000748089764785,-2.9984428635292524,0.5179014535778056,0.29572626619247644
1.9220000000000002,1,-3.999977954405581,2.992542169951448,0.5158190729142288,0.2854635103420971
1.936,0,-4.000785308271797,-2.9984648687470776,0.5208619097565642,0.2963620202971522
1.936,1,-3.9999909921713686,2.992509403405757,0.5186755542382696,0.2858153742687882
1.941,0,-4.000824202273042,-2.9984890829856634,0.5238284963456601,0.2969557625091243
1.941,1,-4.000002707643653,2.992478677391785,0.5215347184602657,0.2860096160657432
1.951,0,-4.000864598810757,-2.99851559250964,0.5268008318520784,0.2975445109962185
1.951,1,-4.000013075086515,2.9924501367507403,0.5243958605254982,0.2862781336833993
1.961,0,-4.00090629783054,-2.998544450389237,0.5297795333249844,0.29823509882972987
1.961,1,-4.000022068392335,2.9924239433316773,0.5272613946429121,0.2868475296341466
1.971,0,-4.000949076762116,-2.9985756809070354,0.5327657148562978,0.2990243017288317
1.971,1,-4.000029664955523,2.9924002768039784,0.5301340352441715,0.28764814341414785
1.983,0,-4.0009926954267225,-2.9986092829583146,0.535759895054378,0.29982890814851376
1.983,1,-4.000035848168875,2.9923793368944462,0.5330153737841763,0.28855473942007603
1.9900000000000002,0,-4.00103690186259,-2.998645234865135,0.538761905357048,0.3005939772706606
1.9900000000000002,1,-4.000040607555042,2.9923613460526957,0.5359060073776472,0.28948894821546844
2.001,0,-4.00108143780453,-2.9986834995475493,0.5417712875790479,0.3013319771233994
2.001,1,-4.00004393845232,2.99234655031386,0.5388058468077083,0.29038047501142134
2.007,0,-4.0011260429400535,-2.998724029358501,0.5447883673161044,0.3021285388343701
2.007,1,-4.00004584402683,2.992335213558199,0.5417139832605954,0.291151592487479
2.019,0,-4.001170457013339,-2.998766761159155,0.5478133736991342,0.3029116803148359
2.019,1,-4.000046342414231,2.9923276003267367,0.5446290990863409,0.29178586755860597
2.03,0,-4.00121442200655,-2.998811609936663,0.550845585013783,0.30356573634894835
2.03,1,-4.000045474895649,2.992323955534253,0.5475496519116709,0.29223954388487405
2.041,0,-4.0012576846325425,-2.9988584665079165,0.5538833317558615,0.30404175640869835
2.041,1,-4.000043311721391,2.992324487516622,0.5504734177102031,0.2924560944729928
2.049,0,-4.001299998257392,-2.9989071984636118,0.5569247040826476,0.3042895250434604
2.049,1,-4.000039953449126,2.9923293601832386,0.5533979801361889,0.2924165990079891
2.061,0,-4.0013411299000525,-2.9989576489296788,0.5599667459011936,0.30421433795280806
2.061,1,-4.000035524383951,2.99233868984096,0.556320935554702,0.2921850746790836
2.074,0,-4.001380876340589,-2.9990096388429177,0.5630064218371923,0.303855929192859
2.074,1,-4.000030153757652,2.99235255086884,0.5592408263192175,0.29179598332701095
2.084,0,-4.001419079837321,-2.999062968899656,0.5660412368373912,0.3032723672259401
2.084,1,-4.0000239610121975,2.99237097083649,0.5621554059044118,0.29115865753182885
2.091,0,-4.001455638620427,-2.9991174208242635,0.5690691154230451,0.30249290493060493
2.091,1,-4.0000170435216935,2.992393937509893,0.5650623939328356,0.2903112037603768
2.1,0,-4.001490510414299,-2.9991727602690106,0.5720895527229475,0.30189063568276814
2.1,1,-4.000009468433169,2.9924214077069338,0.5679605661167898,0.28951221389566867
2.11,0,-4.001523709132034,-2.999228740793881,0.5751066107950108,0.3017300610560686
2.111,1,-4.000001265931061,2.9924533295349525,0.5708538366653453,0.2893160104955193
2.121,0,-4.001555310572056,-2.999285103924348,0.5781234952180558,0.301805271151572
2.121,1,-3.9999924316074886,2.992489632425443,0.5737484609370888,0.28969304268977986
2.1310000000000002,0,-4.001585442308775,-2.9993415917577946,0.5811415436066979,0.3018854416482288
2.1310000000000002,1,-3.9999829375652385,2.9925302111707466,0.5766485428775368,0.29030633337589834
2.141,0,-4.001614272549725,-2.999397960237291,0.5841586796552626,0.30165066387416833
2.141,1,-3.9999727438657477,2.9925749219667677,0.5795538719367358,0.29075976249549357
2.151,0,-4.0016419950315445,-2.9994539888758878,0.5871720715032569,0.30116802057585945
2.151,1,-3.9999618045848306,2.9926236000671205,0.582462823272197,0.29106027174741017
2.16,0,-4.001668818170376,-2.9995094858173004,0.5901800095091104,0.3006198156685934
2.16,1,-3.999950072105731,2.9926760729221598,0.5853745978609417,0.29138725659347936
2.171,0,-4.001694957695042,-2.9995642892039065,0.5931835332823239,0.30028685996962723
2.171,1,-3.999937500495057,2.992732166344548,0.5882901220648713,0.2917761813690892
2.181,0,-4.001720630782413,-2.999618266830078,0.5961849849069767,0.30015922399601525
2.181,1,-3.9999240509430587,2.9927916951426132,0.5912087587802703,0.29203007282894433
2.191,0,-4.001746046405615,-2.999671313083343,0.5991860222883184,0.30019336311057443
2.192,1,-3.99990969161844,2.992854472213362,0.5941294297717612,0.2922270081277391
2.201,0,-4.001771395601123,-2.999723343878173,0.6021882916841602,0.3003706921596599
2.201,1,-3.9998943963193345,2.9929203175384393,0.5970518872379962,0.29239706312497754
2.215,0,-4.001796845118855,-2.999774293533145,0.6051927444261556,0.3006072440411703
2.215,1,-3.9998781451176924,2.992989057942446,0.5999756605111279,0.29250513607770484
2.226,0,-4.00182253331483,-2.999824111900841,0.6081994671882789,0.3007997250942353
2.226,1,-3.9998609237048095,2.9930605301307565,0.6029003081582661,0.29262464586638964
2.233,0,-4.0018485710704494,-2.999872763124938,0.6112073708152492,0.30085271375317496
2.233,1,-3.9998427200680524,2.993134582918063,0.6058269538887897,0.29289255153429966
2.241,0,-4.001875053122637,-2.999920225716629,0.6142150414958251,0.3007643396248181
2.241,1,-3.9998235193831158,2.9932110603351254,0.6087572206073486,0.2933997787518651
2.251,0,-4.001902071186868,-2.999966492587273,0.6172218758902533,0.3007518116856845
2.251,1,-3.9998032956002274,2.9932897893487955,0.6116947542068648,0.29428969241184705
2.261,0,-4.00192972237467,-3.000011572430198,0.6202272830613306,0.30031081817738786
2.261,1,-3.999782012898878,2.9933705566819584,0.6146396330245241,0.29471928120174856
2.274,0,-4.00195810975914,-3.000055497468726,0.6232236732408601,0.2990718996611221
2.274,1,-3.999759628430624,2.9934530964559376,0.617583986468127,0.2943246805492177
2.285,0,-4.001987350879063,-3.000098313038101,0.6262045855683158,0.2973275153030944
2.285,1,-3.9997360817695022,2.9935371085687237,0.6205209662622627,0.29334318991464203
2.2880000000000003,0,-4.002017578278779,-3.0001400722440863,0.6291668331916624,0.2953786005949467
2.2880000000000003,1,-3.9997112950769527,2.99362226013997,0.6234454109117754,0.2918923465457978
2.301,0,-4.002048922779262,-3.000180824869608,0.6321107579992385,0.2938719701221493
2.301,1,-3.999685178324249,2.99370819246689,0.6263553268402727,0.29068719471437354
2.315,0,-4.0020814992644125,-3.0002205982123726,0.6350464818798298,0.2935534423191736
2.315,1,-3.99965762841564,2.99379453299731,0.6292592514273563,0.2905360556859308
2.321,0,-4.002115378196713,-3.000259398043334,0.6379835701570108,0.29400766519270244
2.321,1,-3.999628551510983,2.993880892005736,0.6321656148166478,0.2910561848350239
2.328,0,-4.0021505696104605,-3.0002972056400496,0.6409275133780655,0.29480621147122404
2.328,1,-3.999597874239275,2.9939668708823657,0.6350793985648546,0.29191241360150216
2.345,0,-4.002187017123672,-3.00033397437195,0.6438798161398798,0.2956539508679846
2.345,1,-3.999565548758654,2.994052073234262,0.638001843505487,0.2927570835614146
2.355,0,-4.0022245998980175,-3.000369627320034,0.6468399163869191,0.2963561301046142
2.355,1,-3.999531553493244,2.994136113113335,0.6409318381142963,0.2934224288321724
2.364,0,-4.002263143204325,-3.0004040604757027,0.6498060829359144,0.2968852780108284
2.364,1,-3.9994958940080254,2.994218620430774,0.643867495803848,0.2939063240727586
2.368,0,-4.002302436178389,-3.000437148076625,0.6527770573521299,0.2973872364292348
2.368,1,-3.999458603780416,2.9942992435104334,0.6468076346352635,0.294384265173382
2.378,0,-4.002342246446208,-3.0004687453666916,0.6557543954290846,0.2981224062730778
2.378,1,-3.9994197423922007,2.9943776472057704,0.6497538140637409,0.2950658678844223
2.387,0,-4.002382328045178,-3.0004986970467216,0.6587397885081495,0.2989631249148705
2.387,1,-3.999379400330535,2.994453519740563,0.6527074446904845,0.2958391907325525
2.406,0,-4.002422429546558,-3.0005268455044,0.6617328949532241,0.2995706057752291
2.406,1,-3.9993377005601456,2.994526580414037,0.6556676315713899,0.29626847767343367
2.407,0,-4.00246230390464,-3.000553043145138,0.664728752574843,0.2995903591818598
2.407,1,-3.9992947962981096,2.994596595050846,0.6586284135888556,0.29604599163842
2.42,0,-4.002501718945014,-3.0005771570924744,0.667722307832993,0.2991705543300203
2.42,1,-3.9992508514837386,2.9946633758655805,0.661584293274716,0.29534783767050304
2.431,0,-4.002540463191031,-3.0005990738268786,0.6707115090273518,0.29887764678488643
2.431,1,-3.9992060280531754,2.994726785989541,0.6645324887021331,0.29466917781276786
2.444,0,-4.002578346250608,-3.000618697225734,0.6737010132810408,0.2991273949832547
2.444,1,-3.9991604759309856,2.9947867307693756,0.6674771548948875,0.29454050265871684
2.452,0,-4.002615205778423,-3.000635968742711,0.6766949499098276,0.29969621428419263
2.452,1,-3.9991143347756735,2.99484318338335,0.6704226104987333,0.29475045475229766
2.461,0,-4.002650909910309,-3.000650871238421,0.6796963531471603,0.3006264822313085
2.461,1,-3.9990677310950242,2.9948961905575406,0.6733717844170214,0.29526477341383583
2.471,0,-4.002685352918998,-3.000663426062952,0.6827094732672889,0.3019570160349122
2.471,1,-3.9990207747516595,2.994945863979447,0.676327924658751,0.2960741040267245
2.482,0,-4.0027184501503505,-3.000673704164858,0.6857371813262642,0.303493295428693
2.482,1,-3.9989735591132254,2.994992379579204,0.6792930815982697,0.2970235188894165
2.491,0,-4.002750131690691,-3.000681832211004,0.6887795902605781,0.304785417999267
2.491,1,-3.9989261613004206,2.9950359718249566,0.6822674622599562,0.2978112762968026
2.501,0,-4.0027803397411486,-3.0006879967654707,0.6918317250024943,0.3055191834277083
2.501,1,-3.9988786430615293,2.9950769335150316,0.6852462518692658,0.29797089618973477
2.511,0,-4.002809017566926,-3.0006924313105197,0.694888368476921,0.30570692747927186
2.511,1,-3.9988310505251405,2.9951155936004548,0.688224233256725,0.29774322988147994
2.521,0,-4.0028361084750275,-3.0006954123547196,0.6979440965851264,0.3054888090880453
2.521,1,-3.9987834161679014,2.9951523005068963,0.6911991794705388,0.2973970598320734
2.531,0,-4.002861553730035,-3.000697247857298,0.7009980430374773,0.3053442268680112
2.531,1,-3.998735764381924,2.995187413703427,0.6941708429032765,0.29713162276019184
2.541,0,-4.0028853039940575,-3.000698277482339,0.7040506998977788,0.3052150571319185
2.541,1,-3.998688116813629,2.995221292445854,0.6971416747183662,0.29718780381882254
2.549,0,-4.002907327220837,-3.000698869099564,0.7071018869260903,0.30504434011289755
2.549,1,-3.99864049631382,2.9952542907492927,0.7001142919855672,0.29744462669022553
2.561,0,-4.002927609421036,-3.0006994119602153,0.710151939377966,0.3050329700800598
2.561,1,-3.998592929513174,2.9952867506327236,0.703090781400479,0.2979866816436661
2.571,0,-4.00294615282206,-3.000700311553612,0.7132035112893085,0.305319353579567
2.571,1,-3.9985454484358356,2.9953189953485952,0.7060747401267022,0.2988571606044558
2.582,0,-4.0029629796576325,-3.0007019834152495,0.7162596603644577,0.3058971543156351
2.582,1,-3.9984980913927988,2.995351326179381,0.7090681169777542,0.29983876067147724
2.592,0,-4.002978135199194,-3.0007048364101516,0.7193219848349253,0.3064823717433405
2.592,1,-3.9984509035703515,2.9953840180036564,0.7120713473892315,0.30078292381704086
2.601,0,-4.00299168918231,-3.000709252026098,0.722389108873751,0.30687863513569225
2.601,1,-3.9984039370168727,2.9954173154089423,0.7150824578103192,0.30143537115070185
2.6109999999999998,0,-4.003003729876426,-3.0007155738085936,0.7254592566354878,0.30711122964947646
2.6109999999999998,1,-3.9983572505634095,2.9954514316099172,0.7180985697071897,0.3018173818621443
2.621,0,-4.0030143597151815,-3.0007241031721237,0.7285320906197206,0.30746891419737676
2.621,1,-3.998310909887191,2.995486550491713,0.7211182380163648,0.3022250392969259
2.63,0,-4.003023692292461,-3.0007350984758214,0.7316097775609304,0.3080506196802842
2.63,1,-3.998264987539306,2.9955228299835834,0.7241430066863773,0.3027962673827327
2.638,0,-4.003031854937807,-3.0007487674586533,0.7346941684546872,0.30877875457529647
2.638,1,-3.9982195598645776,2.995560399878888,0.7271735808006279,0.30337063365872363
2.651,0,-4.003038989381388,-3.000765267644315,0.7377862180771215,0.30956282174417765
2.651,1,-3.9981747002438994,2.995599365451779,0.7302096682124243,0.3038981288419933
2.658,0,-4.003045252401042,-3.0007847088084665,0.7408854456426529,0.31019705185898694
2.658,1,-3.998130471093881,2.995639812303416,0.733250080158354,0.3042228645774718
2.669,0,-4.003050814949758,-3.0008071571219257,0.7439898883408214,0.3106330909617569
2.669,1,-3.9980869179514626,2.9956818094955384,0.7362922338829964,0.3042825953002626
2.681,0,-4.003055859501348,-3.0008326438640305,0.7470975894810601,0.3108671892433541
2.681,1,-3.998044066866197,2.995725414694378,0.7393334619508172,0.30402839225468264
2.689,0,-4.003060575104256,-3.0008611679520008,0.7502073231606267,0.3111129403440446
2.689,1,-3.998001922513642,2.9957706738881966,0.7423701532013833,0.3034864149508482
2.7,0,-4.003065143703961,-3.000892691659099,0.7533203480384703,0.3114996614110359
2.7,1,-3.997960471812533,2.99581762401956,0.745401259994099,0.30291246374964514
2.709,0,-4.003069727358892,-3.000927121321716,0.7564375178963085,0.3119301927427013
2.709,1,-3.997919684808111,2.9958662849973203,0.7484262030839637,0.3022601800379088
2.721,0,-4.003074458427998,-3.000964301359244,0.7595591502908671,0.31241078734343947
2.721,1,-3.9978795166385446,2.995916656161238,0.751444380723502,0.3015888692677423
2.73,0,-4.0030794336371125,-3.001004015553388,0.7626859710347,0.3129503399175624
2.73,1,-3.9978399104343687,2.995968717121796,0.7544563121320045,0.30102960546723523
2.74,0,-4.003084714198388,-3.001045988574869,0.7658180653227692,0.3134650495287307
2.74,1,-3.99780079996765,2.9960224266466065,0.7574636037821237,0.3006324313796388
2.749,0,-4.0030903374955695,-3.001089901050626,0.76895541638945,0.31404168361469353
2.749,1,-3.9977621134633607,2.996077717382354,0.7604672875461366,0.30029386863624247
2.761,0,-4.00309633107867,-3.001135407547339,0.7720993665112594,0.31475652754928896
2.761,1,-3.997723778401967,2.9961344946939468,0.7634681063093464,0.3000887892523809
2.7720000000000002,0,-4.003102721965466,-3.0011821452917253,0.7752507084866502,0.3155065588867223
2.7720000000000002,1,-3.997685725421529,2.9961926387818894,0.7664679665154444,0.3000670351134613
2.782,0,-4.003109543472167,-3.001229744465317,0.7784094388450231,0.31623084934813767
2.782,1,-3.997647890174939,2.9962520029245208,0.7694681270520227,0.3001299268293003
2.791,0,-4.003116839862145,-3.0012778372227524,0.7815750053090011,0.316864002123964
2.791,1,-3.9976102150420494,2.9963124151667055,0.7724688132431319,0.300139150449553
2.801,0,-4.003124666659974,-3.0013260648306948,0.7847457626341596,0.3172854035732054
2.801,1,-3.9975726513784093,2.9963736818165674,0.7754682871432284,0.29991262577183403
2.808,0,-4.0031330815597475,-3.0013740856698976,0.7879196641008063,0.3175160559725926
2.808,1,-3.997535165092547,2.996435598664711,0.7784642691268252,0.29947017833781014
2.822,0,-4.003142132142253,-3.0014215817253715,0.7910950991905698,0.31762909793141153
2.822,1,-3.997497742030025,2.9964979619157335,0.7814548049066617,0.29884713903654425
2.835,0,-4.003151847667863,-3.0014682616469384,0.7942720513705036,0.3178416867687375
2.835,1,-3.997460391122435,2.9965605756793683,0.7844388898283771,0.2982473920065195
2.84,0,-4.003162233282622,-3.0015138627344893,0.7974517279640868,0.3181189706284824
2.84,1,-3.997423145903056,2.996623257068364,0.7874182651420332,0.29789589012457746
2.857,0,-4.003173265974573,-3.001558154559941,0.8006337658317253,0.31833253943587564
2.857,1,-3.997386064010609,2.996685839334238,0.7903959020446404,0.2978524167479451
2.858,0,-4.003184897324379,-3.0016009379365665,0.8038168597170915,0.31827859759856936
2.858,1,-3.997349222218996,2.996748178401453,0.7933736069628793,0.2978345346806262
2.869,0,-4.003197056630142,-3.001642045862291,0.8069971719010353,0.3178291474782023
2.869,1,-3.9973127091662914,2.996810160309308,0.7963501863451578,0.29764694727171037
2.879,0,-4.003209656625179,-3.001681337084077,0.8101712613894728,0.31707282534954273
2.879,1,-3.997276620029012,2.9968717051548324,0.799323972860559,0.2972906734577092
2.888,0,-4.003222597234315,-3.0017186911295948,0.8133373627174095,0.31634622507352317
2.888,1,-3.997241052803841,2.99693276819398,0.8022943082839825,0.2970567124027808
2.901,0,-4.003235768769354,-3.0017539995130686,0.8164984119119971,0.31597929667550456
2.901,1,-3.997206107351959,2.996993337867728,0.8052652430939793,0.29734826831766703
2.912,0,-4.0032490481269685,-3.0017871746303397,0.8196567011958555,0.3157557805193503
2.912,1,-3.997171881487648,2.9970534312841197,0.8082414131581156,0.2980264673148862
2.9210000000000003,0,-4.003262286406133,-3.001818151301037,0.8228132965761074,0.31563047915475295
2.9210000000000003,1,-3.9971384683475213,2.9971130774863033,0.8112258709008923,0.298967751989391
2.9290000000000003,0,-4.003275296359886,-3.001846884796194,0.8259691229563565,0.31557651456422214
2.9290000000000003,1,-3.9971059559395243,2.9971722996004475,0.8142208398855341,0.3000847716053817
2.942,0,-4.003287845111452,-3.0018733515514717,0.8291244863742909,0.3155240102826191
2.942,1,-3.997074426154076,2.9972311025749923,0.8172274281131399,0.301265755951549
2.952,0,-4.003299651403965,-3.0018975483816592,0.8322790454303682,0.3154043611913951
2.952,1,-3.997043954291776,2.997289465080498,0.820245751989416,0.30241306678131685
2.9610000000000003,0,-4.003310386196264,-3.0019194907336773,0.8354320147966205,0.3152254376634176
2.9610000000000003,1,-3.997014608898926,2.997347334888969,0.8232751640664644,0.3034933988286758
2.971,0,-4.0033196797064035,-3.0019392080383747,0.8385830845299709,0.31501692699500095
2.971,1,-3.996986452518676,2.9974046294556222,0.8263150778304057,0.3045087221826911
2.982,0,-4.003327142424267,-3.0019567402958973,0.8417317899475275,0.31475020988692953
2.982,1,-3.996959541496667,2.997461246489268,0.8293646900292904,0.3054324513622532
2.991,0,-4.003332384927906,-3.0019721327949695,0.8448777833136223,0.3145009031924266
2.991,1,-3.9969339264889565,2.9975170757994873,0.8324232511049652,0.3063266210155391
2.999,0,-4.003335030603887,-3.001985430650464,0.8480217513197956,0.31432236519558165
2.999,1,-3.9969096539452242,2.9975720074555756,0.835491063983451,0.307261320552578
3.011,0,-4.003334730147641,-3.0019966795997317,0.8511638749260099,0.3141027510923534
3.011,1,-3.9968867640613235,2.9976259395728095,0.8385678015639129,0.3080588822109364
3.022,0,-4.00333117206964,-3.002005927366942,0.854303043392662,0.3137546561332144
3.022,1,-3.996865288326119,2.9976787844335937,0.8416507485024793,0.3085461905374675
3.034,0,-4.003324083235115,-3.002013225317591,0.8574382423088461,0.31331700655204964
3.034,1,-3.9968452530286878,2.9977304677175485,0.8447374290216156,0.3088303351807534
3.049,0,-4.0033132308226405,-3.0020186334396812,0.8605685970453457,0.31279613332653206
3.049,1,-3.9968266797580694,2.9977809284374417,0.8478259595498392,0.3089282972621955
3.05,0,-4.0032984235122075,-3.0020222239316867,0.86369322323981,0.31218134255827945
3.05,1,-3.99680958466589,2.9978301193974706,0.8509144697190575,0.3088402249929229
3.061,0,-4.003279511539531,-3.0020240832055247,0.8668111491148168,0.3114824344602772
3.061,1,-3.9967939791927485,2.997878006174797,0.8540014764402981,0.30868557682100695
3.072,0,-4.003256377694416,-3.0020243095430743,0.8699231355166946,0.3110413101173376
3.072,1,-3.9967798735113633,2.997924563577094,0.8570879887044083,0.308712109099917
3.079,0,-4.003228932081568,-3.002023009839034,0.8730325394920431,0.310914251619652
3.079,1,-3.9967672747338097,2.997969776804033,0.8601753471277519,0.30882582251072443
3.096,0,-4.003197126458651,-3.002020297866076,0.8761419427348899,0.31103328123077034
3.096,1,-3.9967561893547137,2.99801363958331,0.8632642613638236,0.3090273368365131
3.114,0,-4.003160950881788,-3.002016285558277,0.8792537871386054,0.311368739852311
3.114,1,-3.996746628570075,2.998056149702073,0.8663558735977682,0.3093344269741588
3.124,0,-4.003120435651411,-3.0020110782676195,0.8823695901432405,0.3118114074482275
3.124,1,-3.9967386091778594,2.99809730799633,0.8694507546233979,0.3096627474929102
3.125,0,-4.003075649090431,-3.00200477058042,0.8854899433873197,0.31227528159142387
3.125,1,-3.996732154809316,2.9981371167706157,0.8725487912092643,0.3099577596516072
3.148,0,-4.003026691823657,-3.0019974428649157,0.8886151727021754,0.3128409272239646
3.148,1,-3.996727297797611,2.998175577404463,0.8756500817915673,0.3103434374180956
3.156,0,-4.002973682422322,-3.0019891578882514,0.8917474236057503,0.3136480120536112
3.156,1,-3.9967240775591355,2.998212688918761,0.8787561675907851,0.3108792290625624
3.157,0,-4.002916755434859,-3.0019799631662387,0.8948883601497285,0.3145626335861687
3.157,1,-3.996722527237561,2.998248453014728,0.8818678924409308,0.3114498266637226
3.158,0,-4.002856051641107,-3.001969892116494,0.8980385372095497,0.31549686345240313
3.158,1,-3.9967226643702527,2.998282876377599,0.8849852404435132,0.31199433288779205
3.169,0,-4.002791708935577,-3.0019589650597376,0.9011973138224272,0.31622486675182626
3.169,1,-3.9967244830499444,2.9983159733732743,0.8881062769657294,0.3121271990541396
3.182,0,-4.002723865080538,-3.0019471926566457,0.9043602546126455,0.3164217859181789
3.182,1,-3.9967279475491195,2.9983477689590616,0.891225389274877,0.3116926468690438
3.191,0,-4.002652646599344,-3.0019345758914464,0.9075208421695476,0.31568821361978255
3.191,1,-3.996732996066524,2.9983782950232896,0.8943360541685669,0.3103823696035079
3.202,0,-4.002578181233271,-3.00192111174238,0.9106667620366472,0.313707071868633
3.202,1,-3.9967395401836514,2.9984075924457576,0.897427171298422,0.3079612843999159
3.214,0,-4.002500576339308,-3.0019067900366054,0.9137878283756216,0.3108733841201889
3.214,1,-3.996747491257332,2.9984356956794564,0.9004896495477033,0.30477694204474476
3.222,0,-4.0024199012831385,-3.001891589712313,0.9168835185356403,0.30902300476681177
3.222,1,-3.9967567850784014,2.998462617619093,0.9035236891071278,0.3026354106648577
3.24,0,-4.0023361680154474,-3.0018754731741244,0.9199709552858102,0.30894325570172804
3.24,1,-3.996767401458278,2.998488335967838,0.9065469092472843,0.3023076904578918
3.242,0,-4.0022494043017405,-3.0018584074712114,0.9230638858393878,0.3099221169898436
3.242,1,-3.9967793407354595,2.998512815931694,0.9095736604705297,0.3031011463395768
3.248,0,-4.002159665973802,-3.0018403669462304,0.9261700787670318,0.3115024484664668
3.248,1,-3.9967926215575362,2.9985360163143326,0.9126111511984843,0.3043478789872514
3.26,0,-4.002067037354977,-3.001821328520337,0.9292933094757365,0.31322898211534606
3.26,1,-3.9968072791410627,2.9985578993042563,0.9156615178023377,0.30558452892002663
3.269,0,-4.001971638156461,-3.0018012695253233,0.9324327846872028,0.31478390650499954
3.269,1,-3.9968233585636916,2.9985784449455415,0.9187229759367749,0.30659167786836344
3.281,0,-4.001873620362305,-3.001780164213978,0.9355849355403161,0.31562426993531834
3.281,1,-3.9968409128444313,2.9985976577679385,0.9217933218085411,0.30738561968185213
3.292,0,-4.001773183419596,-3.0017579894267192,0.9387375483453789,0.3150968396804212
3.292,1,-3.996859993300519,2.998615577136596,0.9248671205872853,0.30716255762441663
3.301,1,-3.996880639117989,2.9986322848943225,0.927931914726679,0.3058443486982039
3.302,0,-4.001670547927807,-3.001734714981409,0.9418787838327428,0.3135029007718045
3.311,0,-4.001565947399514,-3.001710305212941,0.9449993161278744,0.3111025285523867
3.311,1,-3.996902892703817,2.998647888213025,0.9309803715695127,0.30398177971514345
3.321,0,-4.001459616827489,-3.0016847244765716,0.9480959343696437,0.3090530268458949
3.321,1,-3.996926794495856,2.998662513453621,0.9340097422203276,0.30231549694702076
3.33,0,-4.0013517778312835,-3.0016579362101763,0.9511789571508114,0.30819505054268703
3.33,1,-3.996952393958215,2.9986762922446815,0.9370301488484377,0.3020141366630699
3.34,0,-4.0012426636910154,-3.0016299266050868,0.95425784351041,0.30810273580802366
3.34,1,-3.9969797270027585,2.998689368121269,0.9400529871182705,0.3026421474384495
3.348,0,-4.001132518578255,-3.001600712601746,0.9573378811928236,0.30825377755658645
3.348,1,-3.997008802848057,2.9987018954931424,0.9430845249254562,0.3035533196823789
3.362,0,-4.001021593573422,-3.001570347183923,0.9604171414768174,0.30798031454202807
3.362,1,-3.9970395982862903,2.998714033948502,0.946123076449172,0.3040471811287008
3.371,0,-4.00091013781599,-3.001538910202692,0.9634913577239804,0.3073080692734703
3.371,1,-3.9970720667474313,2.998725939968732,0.949163472037478,0.3039963215053589
3.379,0,-4.000798402609122,-3.0015064915151757,0.9665570145304087,0.3063166858295898
3.379,1,-3.9971061487483657,2.998737761367627,0.9522009170284892,0.303521741496396
3.391,0,-4.000686650759581,-3.0014731753109194,0.9696121957972036,0.30533322764991705
3.391,1,-3.9971417787619035,2.998749634600978,0.9552326380513018,0.30298326741998
3.4,0,-4.000575163506043,-3.001439026872302,0.9726596488783699,0.30471102786102017
3.4,1,-3.9971788927793566,2.9987616840907867,0.9582607694488514,0.3027543527468114
3.411,0,-4.000464244645792,-3.0014040901614463,0.9757021161954818,0.3042924332909706
3.411,1,-3.9972174229452273,2.9987740212164598,0.9612876005269585,0.3026907309410997
3.4210000000000003,0,-4.0003542200986955,-3.0013683844991745,0.9787411361566588,0.3040014749955474
3.4210000000000003,1,-3.997257298151348,2.998786743360342,0.9643146109686682,0.302798244101986
3.4290000000000003,0,-4.0002454354506165,-3.0013319018065108,0.9817778425351126,0.3038012711770987
3.4290000000000003,1,-3.9972984473013575,2.9987999328024477,0.9673437542532863,0.30308249015350863
3.44,0,-4.000138247695607,-3.001294607439396,0.9848127864008086,0.30362790916600074
3.44,1,-3.9973407980370754,2.998813652460488,0.9703761849471617,0.30343804553681425
3.45,0,-4.000033014853852,-3.0012564426369948,0.987845855901722,0.30340248263205016
3.45,1,-3.9973842768467125,2.998827942528533,0.9734120905446974,0.3037639376306834
3.46,0,-3.999930086993818,-3.001217327568851,0.990876046522759,0.30305094276435846
3.46,1,-3.997428809391173,2.9988428188343597,0.9764506578567576,0.30398272969912593
3.47,0,-3.9998298014382825,-3.0011771637471307,0.9939022777940989,0.30261853822044316
3.47,1,-3.997474321554319,2.9988582731012636,0.9794907462021043,0.3040730475162886
3.479,0,-3.9997324827047875,-3.0011358372578565,0.99692439210014,0.3022522529089716
3.479,1,-3.9975207386029163,2.9988742757130504,0.98253113269018,0.30410413637656325
3.49,0,-3.9996384492714614,-3.0010932247511564,0.9999442068819304,0.3021057624208085
3.49,1,-3.997567982587414,2.9988907848017723,0.9855725548241582,0.30426132696275765
3.501,0,-3.99954801113543,-3.001049203659658,1.0029633754990037,0.30207952630109336
3.501,1,-3.997615965995035,2.9989077536676336,0.9886158679877165,0.3044673665402165
3.51,0,-3.99946147206873,-3.0010036579990613,1.0059834152103198,0.30227088549293174
3.51,1,-3.997664588338446,2.998925136762524,0.9916611864161707,0.30465772162289295
3.519,0,-3.9993791343468916,-3.0009564810172904,1.0090066915228963,0.30266518546494037
3.519,1,-3.9977137353181487,2.9989428944997103,0.9947084134998926,0.30488538558234435
3.531,0,-3.9993012907583054,-3.0009075813915995,1.012034433758513,0.30308885219457865
3.532,1,-3.997763279358737,2.998960996941099,0.9977590149677952,0.30532328819420596
3.541,0,-3.99922821315117,-3.0008568899335057,1.0150651176097518,0.30324984538621125
3.541,1,-3.9978130798354172,2.9989794243106727,1.0008151874180398,0.3059636654677934
3.551,0,-3.999160144378507,-3.0008043660990027,1.0180958782429992,0.3030888814556175
3.551,1,-3.99786298696854,2.998998162439913,1.0038781025202073,0.3066180442561463
3.561,0,-3.999097283036449,-3.0007500071246604,1.0211228300968298,0.3025272631912921
3.561,1,-3.9979128479692396,2.9990171966468084,1.0069466036161625,0.307097698589571
3.5700000000000003,0,-3.999039779989674,-3.0006938510261714,1.0241424736832745,0.3016566676643502
3.5700000000000003,1,-3.9979625123203184,2.9990365081255232,1.010018973348694,0.3074096323680854
3.5780000000000003,0,-3.998987735775338,-3.0006359779716165,1.027152271284164,0.30058949344369146
3.581,1,-3.9980118351795433,2.999056071405472,1.0130937366594528,0.3076045983196571
3.591,0,-3.998941201565859,-3.000576509431493,1.0301511933859986,0.29952223796752103
3.591,1,-3.998060679985795,2.9990758525960146,1.0161694493421554,0.3075609019454501
3.601,0,-3.998900183902544,-3.00051560331485,1.0331404038576222,0.2986090952343883
3.601,1,-3.9981089251179776,2.999095806856729,1.019242557266361,0.3071361223557153
3.607,0,-3.9988646413135847,-3.0004534449465265,1.0361219471697498,0.2980523616888162
3.607,1,-3.998156474866575,2.9991158750780738,1.0223107227574961,0.3067028896691267
3.621,0,-3.9988345055520913,-3.000390231229087,1.0391016841334737,0.2981341045520764
3.621,1,-3.9982032674407133,2.9991359806817375,1.0253768373098486,0.30665755042030374
3.635,0,-3.998809660773799,-3.000326166918642,1.0420846224230633,0.2986121081524694
3.635,1,-3.99824928489225,2.9991560270339073,1.028443835663634,0.306831182666796
3.6390000000000002,0,-3.9987899426572024,-3.0002614572512205,1.0450736944567025,0.2993095672976145
3.6390000000000002,1,-3.9982945575453446,2.999175897351899,1.031513224401968,0.30710666680819443
3.651,0,-3.998775141809218,-3.000196300989788,1.0480691528851287,0.2997801582671562
3.651,1,-3.998339164519495,2.999195456002042,1.0345847180336376,0.3072049665181294
3.657,0,-3.998764999258638,-3.0001308871753922,1.0510661794341956,0.2997017574337731
3.657,1,-3.998383227100725,2.999214548462897,1.037655505233683,0.3070038332138461
3.668,0,-3.998759238452515,-3.0000653936514756,1.0540600637826527,0.2992097349202364
3.674,1,-3.9984268906241835,2.9992329963924997,1.0407229076110702,0.30655818019745806
3.681,0,-3.9987575762900565,-2.9999999899163416,1.0570476369922084,0.2985286133448599
3.681,1,-3.9984703091143334,2.999250593601167,1.0437851271296776,0.3060369579039756
3.692,0,-3.998759732552809,-2.9999348401457264,1.0600288980493133,0.2979344396624328
3.692,1,-3.9985136344381584,2.9992671024427504,1.0468430575819367,0.30567439453348316
3.699,0,-3.998765421548072,-2.9998701048874077,1.0630043728339151,0.29735903000403213
3.699,1,-3.9985570092829836,2.999282255870417,1.0498978745628282,0.3053924425268678
3.708,0,-3.9987743420611763,-2.999805939637233,1.065971104801436,0.2959916746729124
3.708,1,-3.9986005609311013,2.9992957645930973,1.0529479438590905,0.3045238602337699
3.725,0,-3.9987861638229862,-2.999742487511177,1.0689161421895867,0.2932455119022574
3.725,1,-3.99864439364958,2.9993073393887717,1.0559815877213186,0.30230970302660926
3.733,0,-3.9988005724509597,-2.9996798791129873,1.071828255430905,0.2895611006694666
3.733,1,-3.99868858619286,2.9993166894205165,1.0589876751632559,0.29916456529248114
3.738,0,-3.998817276781269,-2.9996182300073837,1.0746998428336139,0.28524535397407114
3.738,1,-3.99873319068322,2.9993235280298034,1.0619586390546234,0.29538923590324784
3.75,0,-3.9988360056307912,-2.999557637714721,1.0775256364788537,0.28045237582939914
3.75,1,-3.9987782315767655,2.999327583142773,1.0648890361806715,0.2911020264432585
3.759,0,-3.9988565050267235,-2.99949817920198,1.0803013501444174,0.2753298131511065
3.759,1,-3.9988237053584985,2.999328606661649,1.0677739991982225,0.2863658408880113
3.77,0,-3.9988785394740223,-2.999439910463037,1.0830254727265425,0.2701494189089114
3.77,1,-3.9988695818404616,2.9993263788661113,1.0706090019931154,0.28115883582710577
3.781,0,-3.9989018807585555,-2.99938285709517,1.0856976447262519,0.26494601934250445
3.781,1,-3.9989158081196345,2.9993207096892807,1.0733898567821174,0.2756000305099243
3.789,0,-3.998926298553833,-2.9993270058853327,1.0883177675907822,0.2597425681017323
3.789,1,-3.998962315237268,2.999311434163326,1.0761137787848332,0.2698169312334077
3.799,0,-3.998951555352665,-2.999272300657112,1.0908859296143598,0.254553802418734
3.799,1,-3.9990090233061717,2.9992984121075184,1.078779053654388,0.2639020391735888
3.809,0,-3.9989774035818404,-2.9992186408126167,1.093402389856726,0.24940282673515224
3.809,1,-3.9990558456429106,2.9992815276510867,1.0813847317691634,0.25792169161094486
3.822,0,-3.9990035843945133,-2.999165881907847,1.0958673473669107,0.24421481594179936
3.822,1,-3.999102691981038,2.9992606873805756,1.0839306810050995,0.2519856025680676
3.829,0,-3.999029829730929,-2.9991138409306433,1.098279329957277,0.23883541579849626
3.829,1,-3.9991494671457364,2.999235822240006,1.0864178536659326,0.24616180261590292
3.842,0,-3.9990558727658705,-2.999062318255787,1.100636720143034,0.23330884688221576
3.842,1,-3.999196061291919,2.999206904872272,1.0888472843638015,0.24043647577163005
3.851,0,-3.9990814589040635,-2.9990111206501515,1.1029379987327659,0.22763846685888553
3.851,1,-3.9992423406114614,2.9991739632101995,1.091219772610558,0.2347637325115773
3.858,0,-3.999106353283235,-2.9989600777385754,1.1051821109065054,0.22189541515566064
3.858,1,-3.9992881420407644,2.9991370893112363,1.0935354343231876,0.22908566466639285
3.871,0,-3.9991303455971168,-2.998909052903913,1.1073686622731347,0.21613572033258582
3.871,1,-3.999333270401287,2.999096439552658,1.0957943322412955,0.22342960444877244
3.8810000000000002,0,-3.9991532523778925,-2.9988579495960055,1.1094983087420363,0.21056378267522183
3.8810000000000002,1,-3.999377496808128,2.999052230442316,1.097997581488583,0.21801603635716463
3.89,0,-3.999174915838083,-2.998806711109988,1.1115742043354397,0.20533524228318642
3.89,1,-3.999420560782962,2.99900473055559,1.1001489252713428,0.21300050272896306
3.906,0,-3.9991952060264695,-2.9987553122615096,1.113599229611167,0.2003541570156118
3.906,1,-3.999462184845616,2.99895426812611,1.1022516874713082,0.20826867932446644
3.911,0,-3.9992140201843926,-2.9987037497331985,1.115575519213419,0.19556288409111428
3.911,1,-3.999502087987983,2.998901226678733,1.104308267984107,0.20374368208479543
3.918,0,-3.999231280893335,-2.9986520343202097,1.1175047362112507,0.1909274992532071
3.918,1,-3.9995399951291764,2.9988460369782395,1.1063205206867686,0.19939902412798632
3.928,0,-3.9992469334885197,-2.9986001848220964,1.1193886120603818,0.18647666522031525
3.928,1,-3.9995756431794067,2.9987891686049015,1.108290381390294,0.19524457261912614
3.938,0,-3.99926094682049,-2.9985482238111985,1.1212274750541855,0.18181569213632287
3.938,1,-3.999608789164144,2.998731124417758,1.1102187840636548,0.19099768433496034
3.95,0,-3.999273316302972,-2.998496175187739,1.1230167087923848,0.17664198915135873
3.95,1,-3.999639227459969,2.998672432598236,1.1121015603827555,0.18619355265290644
3.96,0,-3.999284048533194,-2.9984440622008726,1.124752288587441,0.1711463607823967
3.96,1,-3.9996667859628454,2.998613619552811,1.113934112683627,0.18101711299320913
3.97,0,-3.999293154060601,-2.9983919071423166,1.1264317698417203,0.1654632325820252
3.97,1,-3.9996913262061824,2.998555190145991,1.1157135684961816,0.17561239090750247
3.978,0,-3.9993006425983495,-2.998339731277602,1.1280547039701927,0.15994687634447444
3.978,1,-3.999712742510449,2.998497617794172,1.1174398842787496,0.1704772508506228
3.988,0,-3.99930651508958,-2.9982875546812595,1.1296255566529723,0.1549732504028773
3.988,1,-3.9997309565816304,2.9984413407145847,1.1191176653329653,0.16581866882794588
4.003,0,-3.9993107698099672,-2.998235396607035,1.1311490758961367,0.1504421186122326
4.003,1,-3.9997459351918216,2.9983867522391194,1.1207508978704916,0.16151100587213826
4.009,0,-3.999313402538226,-2.9981832754857556,1.1326296736302008,0.14633171082359095
4.009,1,-3.999757688549146,2.9983341966542043,1.1223432371073625,0.15759194768061993
4.027,0,-3.9993144090984845,-2.9981312089717616,1.1340704908408288,0.1424239162467054
4.027,1,-3.999766266617854,2.9982839683216596,1.123897845262451,0.15388144899663633
4.046,0,-3.999313788267194,-2.9980792139801578,1.1354726253058514,0.13859088983230125
4.046,1,-3.9997717565687383,2.9982363114441863,1.125415850891045,0.1502463337464856
4.047,0,-3.999311540197799,-2.9980273067206427,1.136836767061268,0.13482268195516667
4.047,1,-3.999774269947626,2.9981914278751347,1.1268979374695038,0.1466745376778577
4.049,1,-3.9997739354171467,2.998149482196526,1.1283446993651332,0.14316005467184986
4.05,0,-3.9993076667272534,-2.997975502742974,1.1381635342225394,0.13111492687879703
4.062,0,-3.9993021719405806,-2.997923816968552,1.1394534913355017,0.1274574153014693
4.062,1,-3.999770893472242,2.99811060601904,1.1297567614916448,0.1397178377690098
4.072,0,-3.9992950619928824,-2.9978722642849887,1.1407070242855368,0.12383486059748719
4.072,1,-3.9997652930937817,2.998074903149781,1.1311349468628438,0.13636852981693065
4.081,0,-3.999286341018178,-2.997820862559306,1.1419245654959032,0.1202619978601795
4.081,1,-3.9997572916000523,2.9980424555441516,1.1324803123606324,0.13312746697090228
4.092,0,-3.9992760064184876,-2.997769636258456,1.1431066157321192,0.1167395024086483
4.092,1,-3.9997470556457726,2.9980133272578624,1.1337938016995421,0.12997143103571648
4.1,0,-3.999264045841314,-2.997718618786968,1.144253682149326,0.11326815884668999
4.1,1,-3.999734760792719,2.997987568185213,1.1350761810869407,0.1268869250585556
4.111,0,-3.9992504351324847,-2.9976678537412016,1.1453664580976108,0.10990550166755096
4.111,1,-3.999720590196425,2.997965217547023,1.1363281683925064,0.1238951832343224
4.121,1,-3.999704730330747,2.997946312095955,1.1375520810693234,0.12127795357899376
4.122,0,-3.9992351355486866,-2.997617395470817,1.146446994206193,0.10681878883381378
4.13,0,-3.999218096055267,-2.997567304782085,1.1474981394956896,0.10399550263508378
4.13,1,-3.999687365437549,2.997930889234068,1.1387521741757611,0.11906215195640628
4.14,0,-3.999199260187055,-2.997517637187703,1.1485220602936068,0.10135193438269056
4.14,1,-3.999668669741641,2.9979189780206394,1.1399317000047848,0.11711447751229663
4.152,0,-3.999178570341027,-2.997468432484575,1.1495202022108568,0.09883140465897455
4.152,1,-3.999648795330865,2.9979105998523794,1.1410927879403747,0.11534463333198923
4.161,0,-3.999155970384553,-2.9974197079450766,1.1504936176407459,0.0964041552300284
4.161,1,-3.9996278632657623,2.9979057708770536,1.1422368961550577,0.11369907796155007
4.169,0,-3.9991314077264883,-2.9973714542584693,1.1514431165732928,0.09405120721333078
4.169,1,-3.9996059584255614,2.9979045033377867,1.1433650413007306,0.11214061187154906
4.18,0,-3.9991048348322753,-2.997323633576084,1.1523693534729633,0.09175416128226303
4.18,1,-3.999583127601431,2.997906804444515,1.1444774262639184,0.1104946043347817
4.192,0,-3.9990762115739007,-2.9972761794161906,1.1532726407969238,0.08947334420190477
4.192,1,-3.999559383072109,2.99791266829209,1.1455716698055054,0.10856329751681533
4.201,0,-3.999045511509126,-2.9972290009832254,1.1541530988885025,0.08720746530133873
4.201,1,-3.999534709143903,2.997922079727959,1.1466454248092244,0.1064397829929193
4.211,0,-3.9990127303875345,-2.997181990446873,1.1550109988737642,0.08499787457342038
4.211,1,-3.9995090715424073,2.9979350115831402,1.147697221437064,0.10421979426767504
4.221,0,-3.998977891204291,-2.997135029094889,1.1558473998620422,0.08291760384728117
4.221,1,-3.9994824247959206,2.9979514222860817,1.148726860509066,0.10202814852194575
4.234,0,-3.9989410500944915,-2.997087992265219,1.156663019911722,0.08082946518266702
4.234,1,-3.99945471805675,2.9979712532555696,1.1497353354750013,0.10004713331433146
4.239,0,-3.998902298353906,-2.997040755178959,1.1574567897343389,0.07858162545371682
4.239,1,-3.999425898849942,2.9979944288719524,1.150725706250036,0.0983573968928768
4.25,0,-3.998861753597472,-2.9969932004560964,1.158226737424661,0.07613262360208528
4.25,1,-3.999395921812982,2.9980208379346593,1.1516996573237408,0.09676909782823007
4.261,0,-3.9988195497918295,-2.9969452239730354,1.158971223481031,0.07355383087518637
4.261,1,-3.999364751992343,2.9980503304285,1.1526579856585264,0.09525051857487868
4.269,0,-3.9987758307112267,-2.9968967386930894,1.1596892575194273,0.07090199951065633
4.269,1,-3.999332366516171,2.99808271774659,1.1536012808262452,0.09378497378581212
4.28,0,-3.9987307449434573,-2.9968476767479744,1.160380729101635,0.06832643213802853
4.28,1,-3.9992987553186072,2.998117774305277,1.154530419404893,0.09247305517532976
4.2940000000000005,0,-3.9986844408232143,-2.9967979896376593,1.1610475201810107,0.0660322109905845
4.2940000000000005,1,-3.9992639208621052,2.998155240952066,1.1554471669439845,0.09122676086297238
4.3,0,-3.998637064952267,-2.9967476473048604,1.1616939424947104,0.06424204607185209
4.3,1,-3.999227883451237,2.9981948173379465,1.1563488529723391,0.08952976612237717
4.31,0,-3.998588769087366,-2.9966966359116998,1.1623244541274274,0.06283884558583888
4.31,1,-3.9991906691066017,2.9982361852335377,1.1572314185717305,0.087492001614436
4.318,0,-3.9985397168377887,-2.9966449535717934,1.1629423886876749,0.06171083072752509
4.318,1,-3.9991522960887513,2.9982790313369505,1.158092072422441,0.08521750429474631
4.332,0,-3.998490086740537,-2.9965926062047963,1.163549764577283,0.06073640698746104
4.332,1,-3.9991127683798484,2.9983230583383413,1.1589288658160488,0.08278151131364463
4.341,0,-3.9984400732435983,-2.996539604146175,1.1641473345000841,0.05973012179298747
4.341,1,-3.999072072155797,2.998367992480343,1.15973999375403,0.0801029128055105
4.35,0,-3.9983898865731526,-2.996485960335091,1.1647335659986016,0.058497165434416624
4.35,1,-3.999030175002111,2.998413588267568,1.160522527450076,0.07720094539318399
4.359,0,-3.9983397506229412,-2.996431688595384,1.1653050546771628,0.05685594118396724
4.359,1,-3.9989870185633145,2.998459633727475,1.1612778288702021,0.07471161372812835
4.37,0,-3.998289901695504,-2.996376803475898,1.165859235935055,0.055166569263656484
4.37,1,-3.998942525239553,2.9985059366057,1.1620113749305265,0.07286639980318699
4.379,0,-3.9982405887507944,-2.996321321562458,1.166397246561219,0.05362941501890296
4.379,1,-3.9988966135506905,2.9985523016374573,1.1627299377285545,0.07164375912339323
4.392,0,-3.9981920714292527,-2.996265266232532,1.166920369370691,0.05219842901461314
4.392,1,-3.998849212258776,2.9985985148978833,1.163438603767254,0.0708434917530444
4.4,0,-3.9981446174184003,-2.9962086692722845,1.16742951892638,0.05084337207113178
4.4,1,-3.9988002674084457,2.9986443349771488,1.1641408193974812,0.07032797116650094
4.408,0,-3.9980984999625915,-2.996151571295251,1.1679253776485357,0.04954879544217884
4.408,1,-3.998749747817006,2.9986894890545672,1.164837925467995,0.06971757879658023
4.421,0,-3.998053996824212,-2.9960940214617766,1.1684085590840325,0.0483086915859339
4.421,1,-3.998697653949615,2.9987336783229797,1.1655259365861805,0.06860361029398646
4.443,0,-3.998011392422484,-2.9960360765311846,1.1688795692276028,0.04711131427984285
4.443,1,-3.9986440131243888,2.998776587480768,1.1662006861814143,0.06714350324882429
4.446,0,-3.997970980124747,-2.9959777995593964,1.1693388132061238,0.04594763525196647
4.446,1,-3.9985888794853617,2.9988178958370977,1.1668593784822756,0.06545205133606621
4.459,0,-3.9979330629222605,-2.9959192585699266,1.1697866168982614,0.0448108758976746
4.459,1,-3.9985323354940547,2.998857286845796,1.1675001649552212,0.06360879342330451
4.464,0,-3.997897953492579,-2.9958605252677497,1.1702234296894314,0.043748699142047695
4.464,1,-3.9984744913464274,2.998894454587799,1.1681221786603933,0.06174706715727986
4.468,0,-3.997865974944518,-2.9958016738076894,1.1706504651004124,0.04281024740457139
4.468,1,-3.9984154829404805,2.998929107295108,1.168725964572089,0.059996528175029755
4.478,0,-3.9978374527991156,-2.995742779950501,1.1710686850149838,0.041950968734874985
4.478,1,-3.9983554694873216,2.998960970359151,1.1693135006020383,0.05848070507546226
4.49,0,-3.9978126990643634,-2.995683919735526,1.1714788558680378,0.04116015180751822
4.49,1,-3.998294629875383,2.998989793703269,1.169886884681738,0.05714203475118274
4.501,0,-3.997791993008825,-2.9956251681533455,1.1718812384175465,0.040327387558417915
4.501,1,-3.9982331573677206,2.9990153587580646,1.170447279023376,0.05583437540841526
4.508,0,-3.9977755634684344,-2.9955665978670747,1.1722744592633854,0.03933053072938435
4.508,1,-3.9981712544043164,2.999037484542578,1.170993930448862,0.05441069644833632
4.519,0,-3.997763587348806,-2.9955082783878133,1.1726570985408837,0.03820963810562243
4.519,1,-3.998109126540543,2.9990560231784102,1.171525828191578,0.05289178655759359
4.53,0,-3.9977561864087887,-2.9954502773800633,1.1730279464155475,0.03698583959168096
4.53,1,-3.9980469782171486,2.999070858385756,1.1720420658205062,0.05129349765793044
4.538,0,-3.997753428565273,-2.9953926672936895,1.1733867439214396,0.03585483179006214
4.538,1,-3.9979850090757307,2.9990819009134846,1.1725428130646376,0.04983634344578577
4.553,0,-3.997755334240731,-2.9953355326225672,1.1737355474944755,0.03495874146278579
4.553,1,-3.9979234115201807,2.9990890830005963,1.1730303613667379,0.04861331055181224
4.562,0,-3.997761865954654,-2.995278973256221,1.1740762603887682,0.03422467394477675
4.562,1,-3.997862368221167,2.9990923665427904,1.1735066336491833,0.04755085938041311
4.571,0,-3.997772929004572,-2.9952231062653856,1.1744101817178845,0.0336018148282091
4.571,1,-3.9978020500012583,2.999091742311311,1.1739729419167013,0.04659824257360393
4.58,0,-3.997788375323727,-2.995168066080553,1.1747378994094462,0.03298450549253183
4.58,1,-3.997742614462998,2.999087227631537,1.174430065171296,0.045693843301448434
4.588,0,-3.997808009800123,-2.995114002295359,1.1750590129188514,0.03232098723715793
4.588,1,-3.9976842069362606,2.9990788663241585,1.1748782303708634,0.044804047997344165
4.6,0,-3.9978316058745795,-2.99506107609106,1.1753730437471812,0.031604329444163054
4.6,1,-3.9976269653628527,2.9990667303164944,1.1753175502156643,0.04392566731089039
4.608,0,-3.997858915565753,-2.995009455766169,1.1756792911194336,0.03081862878263877
4.608,1,-3.997571024521392,2.99905092236212,1.17574800765222,0.043029141644929776
4.621,0,-3.997889679329026,-2.994959313480804,1.1759771794527094,0.02998726343112465
4.621,1,-3.997516518516468,2.999031577632199,1.1761692224041407,0.042093031973775966
4.633,0,-3.997923633054936,-2.9949108222557825,1.17626633771956,0.02912661364889982
4.633,1,-3.9974635830015535,2.9990088613348393,1.1765808717031376,0.04113228188832016
4.641,0,-3.9979605136858063,-2.994864153632769,1.1765467092239275,0.028292940173115594
4.641,1,-3.9974123561522426,2.9989829667001207,1.1769827551292213,0.040155767206923355
4.652,0,-3.9980000681930994,-2.994819477513665,1.176819192509467,0.027599189702465204
4.652,1,-3.997362978838353,2.9989541104833077,1.177374939199769,0.03922701338258086
4.665,0,-3.9980420659001257,-2.9947769624786162,1.17708557861127,0.02707798093301257
4.665,1,-3.997315594220685,2.998922520732506,1.177758487458589,0.03842121231123765
4.671,0,-3.99808630634288,-2.9947367731628445,1.1773471535727125,0.02662710904013475
4.671,1,-3.9972703431505,2.9988884289396736,1.1781343120811159,0.03766224251988865
4.682,0,-3.9981326255326723,-2.9946990681151404,1.1776039789548398,0.02615324323811921
4.682,1,-3.997227359903154,2.9988520634366163,1.1785022423343403,0.03685427562622868
4.692,0,-3.9981809026601316,-2.994664001459058,1.1778558612999952,0.025664926316054357
4.692,1,-3.99718677208195,2.9988136405432737,1.1788618512065263,0.03601084800709521
4.702,0,-3.9982310616190757,-2.994631722292591,1.1781023836510953,0.025074998064239937
4.702,1,-3.9971487002335855,2.998773359155383,1.1792128730971037,0.03514905120837613
4.708,0,-3.998283065564842,-2.994602369578557,1.178341241127276,0.024215960023027644
4.708,1,-3.997113256552822,2.9987313992107008,1.1795552387193107,0.034286297994830905
4.72,0,-3.9983369114873284,-2.994576078692648,1.1785700643943031,0.0231728681207806
4.72,1,-3.9970805419794924,2.998687925715425,1.1798889547830262,0.03342489514642544
4.728,0,-3.9983926210493594,-2.9945529859775877,1.1787872701412405,0.022013867806527393
4.728,1,-3.9970506434426465,2.9986430941400357,1.1802140413811764,0.03256631226972888
4.74,0,-3.9984502315563804,-2.9945332293642277,1.1789918422864938,0.020792619124637177
4.74,1,-3.9970236323065382,2.9985970543051206,1.1805305564870814,0.03171815129639325
4.751,0,-3.998509788911385,-2.9945169484628917,1.1791832100665323,0.019548120729456497
4.751,1,-3.9969995637007596,2.998549953027419,1.180838627488034,0.030883380691602784
4.761,0,-3.998571343188643,-2.994504285756367,1.179361578859794,0.018435389176341833
4.761,1,-3.99697847657808,2.9985019357569387,1.1811385144901179,0.03010213283423782
4.773,0,-3.998634948796367,-2.994495389475066,1.1795291064391886,0.017571358355512767
4.773,1,-3.9969603952778416,2.9984531457026944,1.1814311675905986,0.02942958691001652
4.78,0,-3.9987006615104583,-2.9944904008804354,1.1796877856000105,0.01688824571935279
4.78,1,-3.9969453264314243,2.998403719991801,1.1817175195948872,0.02883614606086639
4.789,0,-3.9987685395326866,-2.9944894475025943,1.1798390065868507,0.01633977724494975
4.789,1,-3.996933257400592,2.9983537847325716,1.1819982163690657,0.028297290321027742
4.802,0,-3.9988386450679223,-2.9944926402827,1.179983755876476,0.015894712432466766
4.802,1,-3.9969241566116582,2.998303451345004,1.1822737168174864,0.027801674887757036
4.812,0,-3.9989110458444306,-2.9945000734691116,1.1801231593677939,0.015632167932937865
4.812,1,-3.996917974138304,2.998252814363778,1.1825442831644883,0.027306979259348003
4.833,0,-3.9989858133213945,-2.994511826618705,1.1802595840180539,0.01560653390255631
4.833,1,-3.996914639929165,2.998201951632704,1.1828095929285676,0.02677392244216361
4.834,0,-3.9990630048412936,-2.9945279521219152,1.1803949762462262,0.015737120565438432
4.834,1,-3.9969140615278334,2.9981509274990072,1.183069289758275,0.026208405128016796
4.839,0,-3.9991426492636197,-2.994548468971197,1.1805304909694838,0.015957598384088566
4.839,1,-3.9969161205668082,2.998099796594933,1.1833229722434384,0.02560565447513105
4.854,0,-3.9992247389445983,-2.9945733617463977,1.180666814103457,0.016236355629020326
4.854,1,-3.9969206716156687,2.9980486067360075,1.1835703152316381,0.024979377490173836
4.861,0,-3.9993092254303186,-2.9946025811057435,1.1808043927192287,0.016551840486008586
4.861,1,-3.9969275425339834,2.997997401152482,1.1838111145733554,0.024339136274064265
4.871,0,-3.999396017832542,-2.9946360450009597,1.1809435283860008,0.016891789949454818
4.871,1,-3.996936535849974,2.997946220155471,1.184045313304789,0.02371198062083531
4.88,0,-3.999484987717969,-2.9946736435525416,1.1810846900588565,0.01729121304937338
4.88,1,-3.99694743158983,2.9978951026107152,1.1842735571666694,0.023192868816484805
4.8870000000000005,0,-3.9995759835653657,-2.994715248248747,1.1812287822148193,0.017755545419054573
4.8870000000000005,1,-3.996959988484838,2.9978440879721258,1.1844970811602022,0.022786008665892372
4.901,0,-3.999668843317824,-2.9947607170573924,1.1813764299547203,0.018240498801380105
4.901,1,-3.996973944136718,2.997793218077369,1.1847166668593785,0.02240971410348634
4.908,0,-3.9997634038950576,-2.994809898387365,1.181527356422188,0.018660396629609707
4.908,1,-3.9969890171873113,2.9977425381877176,1.1849320686359337,0.02198536120824758
4.921,0,-3.9998595099860377,-2.9948626379718823,1.1816808616783339,0.019021663562287516
4.921,1,-3.99700491174126,2.9976920976544434,1.1851428932831387,0.021527273897721917
4.928,0,-3.9999570206642545,-2.994918785265171,1.1818365298102138,0.019366278020888795
4.928,1,-3.997021320921494,2.997641950125557,1.1853490372086681,0.021085384949245778
4.94,0,-4.0000558112684335,-2.9949781979934094,1.1819947486805353,0.01975312423065709
4.94,1,-3.997037931592302,2.997592151607776,1.185551002595142,0.020695792252172523
4.953,0,-4.000155764902268,-2.995040742440339,1.1821560220981986,0.020164323390766223
4.953,1,-3.9970544320933734,2.9975427541121307,1.1857492566999717,0.020340379947499036
4.957,0,-4.000256762468686,-2.995106294639447,1.182320638791239,0.020584756789107494
4.957,1,-3.9970705200470356,2.9974937995767985,1.1859441140939562,0.020007017232062614
4.97,0,-4.000358676067724,-2.9951747420435124,1.182488743438953,0.021003658496517835
4.97,1,-3.997085908212674,2.997445315806682,1.1861357620342359,0.019682090940160015
4.98,0,-4.000461364959438,-2.9952459852580695,1.1826606900185783,0.02148730935207479
4.98,1,-3.997100328576386,2.9973973142131007,1.1863242649716808,0.019362355338018382
4.989,0,-4.000564671975124,-2.9953199406456674,1.1828379963684168,0.022093676566483745
4.989,1,-3.9971135333171794,2.9973497935093976,1.186509730178969,0.019052204727087494
5.004,0,-4.000668415839088,-2.99539653535799,1.1830219708980565,0.02278307013956632
5.004,1,-3.9971252915778286,2.997302753885964,1.1866922754064797,0.018755341096231438
5.009,0,-4.000772386281606,-2.9954757056899375,1.1832135301837698,0.023527495565489703
5.009,1,-3.99713538563825,2.9972562109532315,1.1868720603203267,0.018472006353774138
5.025,0,-4.000876341992214,-2.9955573961202804,1.1834132408274054,0.02430048720549187
5.025,1,-3.997143608371726,2.997210204978924,1.1870491994919408,0.018196761014429907
5.028,0,-4.0009800106689974,-2.995641558496662,1.1836214130772877,0.025086071249434874
5.028,1,-3.997149761473821,2.997164806407786,1.1872237631916258,0.017926099943623514
5.039,0,-4.001083091027584,-2.9957281497577757,1.1838376197666651,0.025728096378576544
5.039,1,-3.9971536546096718,2.997120118575297,1.1873957366073542,0.0176431848325777
5.049,0,-4.001185261491969,-2.9958171247625183,1.1840586374189221,0.0260424321685059
5.049,1,-3.997155109482982,2.9970762768782366,1.1875649031488578,0.017336900962528507
5.061,0,-4.0012861970704785,-2.995908439063356,1.1842813772973542,0.026124647761682
5.061,1,-3.9971539722328724,2.997033443628821,1.1877310759030932,0.017015070943537335
5.07,0,-4.001385586353792,-2.99600204621715,1.1845036689533175,0.026035089102290878
5.07,1,-3.997150125767292,2.9969918018430444,1.187894090136892,0.016675072995423756
5.086,0,-4.001483144079132,-2.9960978938743046,1.1847239478906597,0.025826661448389764
5.086,1,-3.9971434974179663,2.996951549566264,1.1880537852033324,0.016324116190883246
5.095,0,-4.001578619547583,-2.996195921684324,1.1849411776065761,0.02553927695943766
5.095,1,-3.997134062550926,2.9969128950687196,1.1882100902942232,0.015969627019947717
5.099,0,-4.001671801527735,-2.9962960604163476,1.1851548856869143,0.02524707554891026
5.099,1,-3.9971218459207734,2.9968760528553178,1.188363056208652,0.01565034868948679
5.109,0,-4.001762518739498,-2.9963982323785823,1.18536555031891,0.02500340928479694
5.109,1,-3.9971069171349263,2.996841243033243,1.188514351851272,0.015593444521535146
5.119,0,-4.001850639287428,-2.996502349120948,1.1855737134031352,0.024797535845617346
5.119,1,-3.9970893894890445,2.9968086847202353,1.1886666424155985,0.015764476212948478
5.128,0,-4.0019360675773425,-2.9966083111921327,1.1857798018790027,0.024620179390046713
5.128,1,-3.9970694194834273,2.9967785850850066,1.188821837238494,0.01609281323318865
5.142,0,-4.002018740952189,-2.996716008660431,1.1859840454299304,0.02444504555240749
5.142,1,-3.9970472008315223,2.996751133349436,1.188981145162612,0.016509758349760886
5.155,0,-4.002098626382845,-2.996825321960914,1.186186331619692,0.0242555817460449
5.155,1,-3.9970229581092043,2.996726496658154,1.1891451386768335,0.016970016605626005
5.157,0,-4.002175716589047,-2.996936123463635,1.1863863490129367,0.02400225885504667
5.157,1,-3.9969969402371075,2.9967048180864766,1.1893140260201993,0.017415337455558934
5.171,0,-4.002250029304564,-2.997048275926654,1.1865825184865708,0.023594370183270156
5.171,1,-3.996969418004482,2.996686213345574,1.189486777893743,0.017717217669398207
5.18,0,-4.002321598274034,-2.997161630840763,1.1867733965269684,0.02309440627962208
5.18,1,-3.996940684682999,2.9966707777121817,1.1896620759524967,0.017910295654214217
5.191,0,-4.002390466965656,-2.997276024421212,1.1869580906609098,0.022535404830276457
5.191,1,-3.9969110596007114,2.9966585941256683,1.189838992645197,0.01802647541406317
5.201,0,-4.002456685174443,-2.997391274646714,1.1871360238378563,0.02194043316639017
5.201,1,-3.9968808904861124,2.996649737469859,1.1900168829555804,0.018090730659202577
5.212,0,-4.002520306050621,-2.9975071803449027,1.187306878612168,0.021327447218867954
5.212,1,-3.996850553229334,2.9966442777641746,1.1901953433014039,0.018122769383373646
5.219,0,-4.0025813835075255,-2.9976235217683103,1.1874706698396615,0.020743620627841877
5.219,1,-3.996820449582391,2.9966422823254577,1.190374148455713,0.018143921933789737
5.24,0,-4.002639970084508,-2.997740062935116,1.187628300275723,0.020237914664819702
5.24,1,-3.996790999564022,2.9966438154620834,1.1905533295053605,0.018172979988412018
5.241,0,-4.002696121710355,-2.997856556112221,1.1877806144493412,0.019774260667453754
5.241,1,-3.996762621539337,2.9966489307588056,1.190732899900255,0.01819669525635114
5.253,0,-4.002749901261034,-2.997972747491624,1.1879280626781388,0.019328529096096544
5.253,1,-3.996735711453772,2.9966576632390063,1.190912716847543,0.01820704189871978
5.257,0,-4.0028013796143505,-2.9980883820190103,1.1880709360998836,0.018891736716222025
5.26,1,-3.996710628217888,2.9966700250934393,1.1910926386931102,0.018208684211158534
5.27,0,-4.002850635952859,-2.9982032071564952,1.1882095878839252,0.018491076700540718
5.27,1,-3.996687683847423,2.996686002970499,1.1912725128465196,0.01819487204522452
5.2780000000000005,0,-4.002897755806699,-2.998316977013357,1.1883450418299322,0.01816403208524064
5.2780000000000005,1,-3.9966671370181044,2.9967055567622656,1.1914520096650787,0.01815125312313272
5.29,0,-4.0029428292800056,-2.9984294612606246,1.1884782451239113,0.017885416888578604
5.29,1,-3.9966491904278474,2.996728622353729,1.1916308149200316,0.018088943675965453
5.301,0,-4.002985947634424,-2.998540453528296,1.1886098371411573,0.01763701100996632
5.301,1,-3.996633990268139,2.996755115013067,1.1918086923141527,0.01801387253411896
5.311,0,-4.003027200100523,-2.9986497767910265,1.1887402437954844,0.01740819866676345
5.311,1,-3.9966216273008186,2.9967849324007076,1.19198545567452,0.017931820896787284
5.321,0,-4.00306667153873,-2.9987572865102927,1.1888697551657152,0.017192298923279822
5.321,1,-3.9966121395748626,2.9968179576050864,1.1921609683059116,0.017846153967987683
5.327,0,-4.0031044411098184,-2.998862872359117,1.1889983976625427,0.01695005672698177
5.327,1,-3.9966055153914577,2.9968540610965158,1.1923348732899202,0.0176880108397703
5.337,0,-4.003140581491452,-2.9989664593763083,1.189125401583773,0.016637416804492097
5.337,1,-3.9966016950911345,2.996893098246421,1.1925056828775302,0.017374626671033493
5.349,0,-4.003175154689471,-2.9990680056371573,1.1892500138619133,0.016276956947153056
5.349,1,-3.9966005801495,2.996934907417821,1.1926720265115602,0.01695860505903593
5.359,0,-4.003208209254717,-2.9991675001945786,1.189371706295333,0.015882756464809848
5.359,1,-3.9966020396161746,2.9969793044901394,1.192832959310597,0.01647151130073531
5.372,0,-4.003239779097298,-2.9992649610570474,1.1894900725438937,0.015464863190087367
5.372,1,-3.996605914886174,2.99702607884847,1.1929878037182118,0.015937307128806498
5.382,0,-4.003269883075902,-2.9993604325642744,1.189604828876203,0.015033323526722082
5.382,1,-3.996612024603688,2.9970749921139817,1.1931361135985934,0.01537376572219981
5.388,0,-4.003298524989043,-2.9994539818935166,1.1897160830896674,0.014655443826697971
5.388,1,-3.996620168601782,2.9971257780197273,1.1932774468537326,0.014750614010246117
5.399,0,-4.003325696277214,-2.9995456918225787,1.1898250536338397,0.014386551796246696
5.399,1,-3.9966301332868626,2.997178144179566,1.1934107766896889,0.01402831485404384
5.41,0,-4.003351388023371,-2.9996356507683712,1.1899329116977961,0.014199414650618738
5.41,1,-3.996641706072907,2.9972317804834665,1.1935352137565274,0.013243349200724385
5.42,0,-4.003375601520396,-2.999723941732297,1.1900404589150915,0.014068878861521774
5.42,1,-3.996654688190317,2.997286366514865,1.1936501758345646,0.012420944068953608
5.431,0,-4.003398355192921,-2.999810634046785,1.190148202491486,0.013975307692054267
5.431,1,-3.996668903206404,2.9973415771112717,1.1937552914604648,0.011579468541250568
5.447,0,-4.003419688963528,-2.999895778028884,1.1902564336581392,0.013905166333352877
5.447,1,-3.9966842026517373,2.9973970871104325,1.1938503361453423,0.010732923377507706
5.455,0,-4.0034396663986245,-2.999979401814156,1.1903653334527766,0.013853020772632542
5.455,1,-3.9967004694612753,2.9974525754091013,1.1939353634335985,0.009929716737892258
5.469,0,-4.00345837124225,-3.0000615104629906,1.1904750464101754,0.013813984908767157
5.469,1,-3.996717617743099,2.997507730451339,1.1940110727269382,0.009201245894406775
5.472,0,-4.003475894282885,-3.0001420874715476,1.1905856569238058,0.013783321716807514
5.472,1,-3.9967355860716163,2.9975622602277734,1.194078141709161,0.008535783389645767
5.481,0,-4.003492320184527,-3.0002210967212997,1.1906972375877163,0.013762655329397959
5.481,1,-3.996754330907113,2.9976159015008377,1.1941371956299434,0.007926217996838366
5.488,0,-4.003507718285451,-3.0002984843968235,1.1908099343683365,0.013754568760527271
5.488,1,-3.99677382142994,2.997668426050617,1.1941887118308234,0.00736156416855846
5.507,0,-4.003522136703097,-3.0003741816130693,1.190923810450654,0.013744124060611615
5.507,1,-3.9967940357063005,2.9977196443596066,1.1942330021769665,0.006832328335362859
5.514,0,-4.003535598794622,-3.0004481068453788,1.1910388382519765,0.013744881314562937
5.514,1,-3.996814958029758,2.9977694065967557,1.194270575888673,0.0063930568653309365
5.52,0,-4.003548102213468,-3.0005201690242753,1.1911555354530383,0.013802175281687827
5.52,1,-3.9968365769808027,2.997817599575459,1.1943032022654014,0.006072064456212118
5.5280000000000005,0,-4.003559624855921,-3.0005902786883785,1.191274464820845,0.013903040388793043
5.5280000000000005,1,-3.9968588810940027,2.9978641438100517,1.1943324314222388,0.005826794762526925
5.54,0,-4.0035701320934685,-3.000658359428988,1.1913960894741646,0.014044751246236453
5.54,1,-3.9968818560465755,2.997908988325393,1.1943594491707572,0.005634530659675316
5.548,0,-4.003579582366055,-3.00072435586962,1.1915207376477843,0.014214159063295002
5.548,1,-3.996905482847009,2.9979521060075234,1.1943850924165413,0.005476540287115841
5.5600000000000005,0,-4.003587931401238,-3.0007882381178677,1.1916487921167396,0.014448380529569895
5.5600000000000005,1,-3.9969297367135663,2.997993489705196,1.1944098027074361,0.00532579047084259
5.574,0,-4.003595138196729,-3.000850000138473,1.1917810551150376,0.014762095745206543
5.574,1,-3.99695458716563,2.9980331516872845,1.1944331418806493,0.00514956358158719
5.587,0,-4.0036011763694415,-3.0009096529400447,1.1919181243852721,0.015130954333567538
5.587,1,-3.9969800024838316,2.998071127866838,1.194454566868685,0.004962925553400898
5.594,0,-4.003606043235999,-3.000967216731192,1.192060340701187,0.015533963596661444
5.594,1,-3.997005954683339,2.998107484249418,1.19447371330505,0.004777351504929458
5.598,0,-4.003609765496608,-3.001022715159516,1.1922078358532944,0.015952129514584384
5.598,1,-3.9970324230267416,2.998142321158842,1.19449029737184,0.004601065719376348
5.611,0,-4.003612402309103,-3.001076171338308,1.1923605316019983,0.016366758237886723
5.611,1,-3.9970593964511143,2.998175774857711,1.1945040052710985,0.0044416379178090735
5.62,0,-4.003614046391182,-3.0011276056349847,1.19251789452777,0.016659592600646533
5.62,1,-3.9970868754934776,2.998208016081292,1.1945151756854853,0.004347873526957031
5.633,0,-4.003614821839228,-3.0011770389811643,1.1926769858700714,0.016616490121107996
5.633,1,-3.997114875413828,2.9982392457186147,1.1945262888798236,0.0043449773578022296
5.64,0,-4.0036148666784355,-3.001224492061261,1.1928347446985073,0.016327044911753227
5.64,1,-3.997143429743057,2.9982696920291367,1.1945396299498028,0.0044275755390487
5.652,0,-4.003614315007839,-3.001269987773347,1.1929890310498803,0.015866605650216605
5.652,1,-3.9971725938636355,2.9982996045061996,1.1945567447234975,0.004602946930263003
5.661,0,-4.003613284909829,-3.0013135546186804,1.1931383743600776,0.015290188148648924
5.661,1,-3.9972024469704075,2.9983292474923027,1.194578636658324,0.004874022389975339
5.67,0,-4.003611870299317,-3.001355228640753,1.1932817994448097,0.014637579008866235
5.67,1,-3.9972330924384125,2.9983588946391446,1.1946059536898312,0.0052347797891626685
5.678,0,-4.003610135819883,-3.0013950539273555,1.1934189315276813,0.014005412551914589
5.682,1,-3.9972646567445693,2.9983888240855636,1.1946395552476294,0.005743796810697541
5.691,0,-4.003608115205941,-3.0014330803917675,1.1935505453967639,0.013463071147903597
5.691,1,-3.997297277913351,2.998419309138997,1.1946812430776348,0.006435554526928813
5.7010000000000005,0,-4.003605814485086,-3.0014693617037507,1.1936773781122163,0.01298142970016364
5.7010000000000005,1,-3.9973310745229957,2.9984505993594994,1.1947323760055775,0.007267912510037951
5.71,1,-3.997366118606209,2.9984829043275423,1.1947937674680293,0.008199012353563918
5.711,0,-4.003603216136509,-3.0015039512897084,1.1937999304270497,0.01254153629899807
5.721,0,-4.00360028291591,-3.00153689903772,1.1939185410312156,0.012131148589474842
5.721,1,-3.997402417759286,2.998516383720323,1.1948658811645931,0.009191373140943662
5.731,0,-4.003596961216625,-3.0015682489055746,1.194033530596776,0.01176922007909943
5.731,1,-3.9974399039317428,2.9985511417633406,1.1949484704456368,0.010084661144886077
5.741,0,-4.0035931845712645,-3.001598036754519,1.1941458245020649,0.011519917765542169
5.741,1,-3.997478428857311,2.9985872244518266,1.1950380490162629,0.010603583043658944
5.748,0,-4.003588880569165,-3.0016262913484737,1.1942564142884202,0.0113524996839407
5.748,1,-3.9975177812038423,2.9986246338140967,1.1951308771392803,0.01084196590830473
5.76,0,-4.003583978514338,-3.0016530358694866,1.1943659596832685,0.011240114844512414
5.76,1,-3.99755770589656,2.998663342858531,1.1952243519063472,0.010879832518638295
5.769,0,-4.003578415014407,-3.001678288762727,1.1944748936210512,0.011164738505059044
5.769,1,-3.997597918463963,2.998703305496839,1.1953166606274641,0.01077720047659868
5.783,0,-4.003572137835994,-3.001702064622771,1.1945834927872205,0.011113330380128884
5.783,1,-3.997638116872609,2.9987444641713683,1.195406562696374,0.010576796100215564
5.79,0,-4.003565108416139,-3.0017243752568503,1.194691861214648,0.011059621312689373
5.79,1,-3.9976779907467987,2.998786755951545,1.1954935760615966,0.01039767121108833
5.802,0,-4.003557303000749,-3.0017452331360643,1.1947997468252436,0.010977016634277349
5.802,1,-3.9977172267249075,2.9988301197185514,1.1955792152040705,0.010365628933627942
5.816,0,-4.003548711359422,-3.0017646596523915,1.1949068815872395,0.010874842101013756
5.816,1,-3.997755511153923,2.998874502474005,1.1956650611241575,0.01043016269483515
5.822,0,-4.003539334816999,-3.0017826936932908,1.1950130792079685,0.010760127763464829
5.822,1,-3.997792532152221,2.9989198667194574,1.1957521648540843,0.010556488190105498
5.841,0,-4.003529184331082,-3.0017993973545805,1.195118218259363,0.010640276926942761
5.841,1,-3.9978279816488094,2.9989661959884586,1.195841217857094,0.010725092321137102
5.843,0,-4.00351827864575,-3.001814859086848,1.195222264346566,0.010522627270977242
5.843,1,-3.9978615574403906,2.9990134980014185,1.1959327057811804,0.01092529863283114
5.862,0,-4.003506642461304,-3.001829194785472,1.195325260429186,0.010419041744479907
5.862,1,-3.9978929653333686,2.9990618057393292,1.1960269346707604,0.011145016608581686
5.866,0,-4.003494301760573,-3.0018425463665714,1.1954273634047559,0.010333985322510147
5.866,1,-3.9979219211152017,2.999111176573057,1.1961240053296132,0.01137181231169801
5.868,0,-4.003481274593371,-3.0018550779734765,1.1955287046740621,0.010263520452894345
5.868,1,-3.9979481514207564,2.999161688674037,1.196223926048571,0.011605730490439658
5.879,0,-4.003467563057911,-3.0018669716195157,1.1956293838297134,0.010204475279670226
5.879,1,-3.9979713942247055,2.99921343629431,1.1963266819950857,0.011847146123000092
5.889,0,-4.003453148208997,-3.001878423006938,1.1957294579178996,0.010152374754522905
5.889,1,-3.9979913995133796,2.999266525552115,1.1964322234954197,0.012094660915043132
5.899,0,-4.003437987353618,-3.0018896375270967,1.1958289505168846,0.010106125528801274
5.899,1,-3.9980079299000217,2.9993210707743057,1.1965404672670636,0.012348675829827405
5.913,0,-4.003422013308332,-3.0019008266135545,1.1959276898261362,0.010016062688042086
5.913,1,-3.998020762518729,2.9993771906253097,1.196650963075904,0.012504887803138727
5.927,0,-4.003405136336246,-3.0019122029026284,1.196024856247256,0.009845496611843611
5.927,1,-3.998029701575192,2.999435000554622,1.1967608674802503,0.012370477160623073
5.932,0,-4.0033872483176,-3.0019239729315825,1.1961197457965498,0.00962652469821813
5.932,1,-3.9980345866225946,2.9994946095384942,1.1968672312120907,0.012046193036543761
5.938,0,-4.0033682278627145,-3.0019363308121276,1.1962119416284025,0.009384516172954292
5.938,1,-3.9980353057114084,2.9995561150684575,1.196968113453849,0.01161891219151831
5.9510000000000005,0,-4.003347945126402,-3.001949453788405,1.196301190452021,0.009132424695852546
5.9510000000000005,1,-3.998031807530894,2.9996195976171256,1.197062245244746,0.011146888726422053
5.962,0,-4.003326265910138,-3.001963499339633,1.1963873261424245,0.008879045429064744
5.962,1,-3.9980241078717245,2.999685116787784,1.1971487943798687,0.010672577379791643
5.972,0,-4.003303054821211,-3.0019786037294627,1.1964704340144732,0.008691025534884163
5.972,1,-3.9980122912122553,2.999752709104579,1.1972272748966086,0.010235887736787153
5.981,0,-4.003278179925085,-3.0019948804360808,1.19655190377376,0.008680139444085367
5.981,1,-3.997996504189974,2.999822388921687,1.1972975644117418,0.009863763821394455
5.992,0,-4.003251532583241,-3.0020124095304848,1.1966332141449434,0.008794180112979116
5.992,1,-3.9979769384915853,2.9998941533304606,1.1973596562748112,0.00956397317424921
5.998,0,-4.003223048036353,-3.002031227314069,1.1967153796411116,0.008992556555989984
5.998,1,-3.9979538125659007,2.9999679880075005,1.1974136008780176,0.0093423231022019
6.009,0,-4.003192718484167,-3.002051320960216,1.19679909370062,0.009244676482158199
6.009,1,-3.997927357429739,3.0000438718078213,1.197459497777579,0.009200991759264582
6.02,0,-4.003160600572641,-3.00207262687851,1.196884808314241,0.009526701267893112
6.02,1,-3.9978978059935426,3.0001217803699403,1.1974974652030086,0.009138136403824956
6.034,0,-4.003126818292361,-3.002095032095539,1.1969728973057447,0.009846548888689797
6.034,1,-3.9978653830858004,3.000201690398176,1.1975283073080947,0.009205671673096247
6.039,0,-4.003091560678964,-3.002118378742091,1.1970640690467391,0.01022298856293186
6.039,1,-3.997830294939001,3.0002835827635326,1.1975551348740259,0.009398928297215265
6.056,0,-4.003055074116043,-3.0021424714634213,1.197158927655721,0.01062961650932247
6.056,1,-3.997792731608308,3.0003674306351344,1.197580645560684,0.009653596091073507
6.062,0,-4.003017651844025,-3.002167086093874,1.197257856562852,0.011049025758184982
6.062,1,-3.997752863235357,3.0004531925838793,1.1976066869575834,0.009941017041384484
6.071,0,-4.002979623876214,-3.0021919774749635,1.1973611096020302,0.011471361747994813
6.071,1,-3.997710836115542,3.0005408095386406,1.1976345296606916,0.010248160129908845
6.079,0,-4.002941347965809,-3.002216885951096,1.1974688436015066,0.011888311820173527
6.079,1,-3.997666770597337,3.0006302033220487,1.1976650346710151,0.010567583511587039
6.091,0,-4.002903201233088,-3.0022415433013023,1.1975803696478973,0.012106762989404593
6.091,1,-3.997620760823149,3.0007212760769435,1.1976985098581532,0.010867559100340375
6.1,0,-4.002865567662296,-3.0022656826904344,1.197692399766269,0.011983460834464625
6.1,1,-3.997572877251988,3.000813909508269,1.197733404815063,0.011091101562673792
6.113,0,-4.002828820151481,-3.002289053624933,1.1978020892617804,0.011623997336289204
6.113,1,-3.997523162974005,3.0009079721849052,1.1977679585703664,0.01125731883128462
6.121,0,-4.002793305412338,-3.0023114346329365,1.1979075181615968,0.011102106396572
6.121,1,-3.997471632448287,3.0010033257532966,1.1978009634323135,0.011385652379040663
6.128,0,-4.002759333200935,-3.0023326414275475,1.1980074106575131,0.01047076369746533
6.128,1,-3.9974182730441905,3.001099828727197,1.197831602194565,0.011491901636011447
6.138,0,-4.00272716940339,-3.0023525311997954,1.198101163784493,0.009828115805000754
6.138,1,-3.9973630470189545,3.0011973398152825,1.1978595304980555,0.01160047572600061
6.151,0,-4.002697032407109,-3.0023710039604103,1.1981895268912734,0.009274147219304195
6.151,1,-3.997305897261584,3.001295720677283,1.197885485512548,0.01172902067674635
6.161,0,-4.002669085674144,-3.002388006299097,1.1982733859867754,0.008786962290941357
6.161,1,-3.9972467681814563,3.0013948353355566,1.197910267875131,0.011866869508355641
6.176,0,-4.002643433298909,-3.0024035326687324,1.1983533814745937,0.008350173290372003
6.176,1,-3.9971856257912832,3.0014945499351144,1.1979344296766743,0.012006528430971207
6.183,0,-4.0026201193266875,-3.002417623746496,1.1984299605082824,0.007951443148495923
6.183,1,-3.9971224709232076,3.0015947327218853,1.1979583349783371,0.0121422610819456
6.191,0,-4.002599128987152,-3.002430363391739,1.1985034341002745,0.007583915193687574
6.191,1,-3.997057347294374,3.001695253791633,1.197982214401067,0.012269488863914773
6.201,0,-4.002580390629066,-3.002441875105787,1.1985736020225952,0.007143352839747002
6.201,1,-3.9969903450274504,3.001795984882538,1.1980064967403519,0.012402424836280379
6.211,0,-4.0025637806533885,-3.002452316288906,1.1986391713063762,0.006585265146643606
6.211,1,-3.996921597250395,3.0018967993115604,1.1980333588668182,0.01257665627657197
6.226,0,-4.002549136404176,-3.0024618675578174,1.1986990859399593,0.005951065061520451
6.226,1,-3.996851274587968,3.001997570833632,1.1980650107882385,0.012788977875771254
6.231,0,-4.002536265762641,-3.0024707245448927,1.1987526571183793,0.0052721682858723985
6.231,1,-3.996779574477127,3.0020981734327927,1.1981029117712416,0.013039267611785615
6.238,0,-4.0025249551066535,-3.0024790914152653,1.1987994612629902,0.004570392891952946
6.238,1,-3.996706710361217,3.0021984817375227,1.1981480129413906,0.01332675006373057
6.248,0,-4.002514976157906,-3.0024871755987825,1.1988392397038221,0.003860679524769594
6.248,1,-3.9966329031239893,3.0022983715911566,1.198200916097766,0.013649026709315908
6.258,0,-4.002506091809535,-3.0024951837392995,1.1988719742832759,0.0031915049272408513
6.258,1,-3.996558374814401,3.0023977208293466,1.1982616623475157,0.013964957350272289
6.276,0,-4.002498062577304,-3.002503319811685,1.1988981923592996,0.0026017402483829296
6.276,1,-3.996483346873107,3.0024964091217883,1.1983291389746742,0.014231237145459234
6.285,0,-4.002490654318336,-3.0025117863185034,1.1989183850439569,0.0020890116905003643
6.285,1,-3.996408044138637,3.002594314168441,1.1984022969257568,0.014451896100183945
6.292,0,-4.002483645564469,-3.0025207858086413,1.198932920916941,0.0016729137439547939
6.292,1,-3.9963327002361346,3.0026913082106637,1.1984803773279125,0.014632483929784394
6.299,0,-4.002476832875508,-3.002530521601384,1.1989420998933187,0.0013972570068134435
6.299,1,-3.9962575607367397,3.002787256038905,1.1985628457409399,0.014778318433778392
6.308,0,-4.0024700343869695,-3.0025411982738697,1.19894667482762,0.0013470658135686677
6.308,1,-3.996182884162461,3.002882014862339,1.1986488021814936,0.014812814066655222
6.322,0,-4.002463091492452,-3.0025530183361506,1.1989491005375759,0.0014410120534286543
6.322,1,-3.996108940153989,3.002975437600266,1.198735727525415,0.014673111895265052
6.329,0,-4.0024558697248,-3.0025661654905123,1.198951475199152,0.0015889841612867907
6.329,1,-3.99603600721148,3.0030673761870474,1.1988214699508926,0.014403657359098569
6.341,0,-4.002448259504027,-3.002580789713602,1.1989552282050626,0.0017823812954646681
6.341,1,-3.9959643699903062,3.0031576864884206,1.1989045626800006,0.01403946021237339
6.352,0,-4.002440176231561,-3.002596997931298,1.198961317656573,0.002024815725587004
6.352,1,-3.9958943163180187,3.003246232499143,1.1989840109129144,0.013605885416793688
6.363,0,-4.002431559828156,-3.002614848828003,1.198970365392344,0.0023129251180254847
6.363,1,-3.9958261343889636,3.003332889332721,1.1990591479133346,0.013122001069479165
6.372,0,-4.002422373890275,-3.0026343505772126,1.1989825587766685,0.0026053667843624097
6.372,1,-3.995760110370347,3.0034175452188716,1.1991295856700122,0.012610456558625893
6.381,0,-4.002412604080548,-3.0026554613101566,1.1989971638843693,0.002856134607227816
6.381,1,-3.995696527791899,3.003500101923769,1.1991956233083936,0.012115182962562226
6.388,0,-4.0024022539808,-3.0026780956374055,1.1990134596214754,0.003066243308388907
6.388,1,-3.995635667254086,3.003580476550919,1.199257856100205,0.011629960669505059
6.401,0,-4.002391341331208,-3.002702130861643,1.1990309229035923,0.0032409229970120712
6.401,1,-3.995577806451938,3.003658603166667,1.1993167080035207,0.011147598597731975
6.413,0,-4.002379895024761,-3.0027274125419026,1.1990491920439081,0.0033850960085801394
6.413,1,-3.995523220680792,3.0037344327494404,1.199372501579559,0.010665442361592137
6.4190000000000005,0,-4.002367952576098,-3.0027537595991687,1.1990680187902283,0.0035016636937369727
6.4190000000000005,1,-3.9954721825763535,3.003807932849413,1.1994254867972016,0.010181428105808285
6.445,0,-4.002355557981576,-3.0027809691821923,1.1990870890188818,0.003571332370242689
6.445,1,-3.9954249617266964,3.0038790866884484,1.1994759524039333,0.009713054052917102
6.471,0,-4.002342757790119,-3.002808823712982,1.199105522587668,0.003573726772225902
6.471,1,-3.995381825804775,3.0039478913004842,1.199524857373672,0.009296352292278104
6.476,0,-4.002329590901136,-3.002837105339185,1.199122523777837,0.0035310699877613315
6.476,1,-3.9953430348704435,3.00401436021321,1.199573167127233,0.008921788483091584
6.486,0,-4.002316078632684,-3.002865609306403,1.1991375424593815,0.003461289663074151
6.486,1,-3.995308836298686,3.004078525444437,1.1996215275550777,0.008584193454328452
6.494,0,-4.002302218100042,-3.0028941529603714,1.199150197136294,0.003379664208411037
6.494,1,-3.9952794621890475,3.0041404375719107,1.1996703540242928,0.008282592036415284
6.496,0,-4.002287978084551,-3.0029225813963927,1.199160331309582,0.003308602526640706
6.496,1,-3.9952551265206533,3.0042001654578705,1.1997197251281762,0.007986422761968206
6.504,0,-4.002273298000474,-3.0029507703540634,1.1991685741288247,0.00326666038985621
6.504,1,-3.99523601753318,3.0042577982940895,1.1997687724132775,0.007656312749943136
6.506,0,-4.002258093660657,-3.002978627192033,1.1991756560348208,0.003241510820923385
6.506,1,-3.995222291781197,3.004313448651922,1.1998166390659106,0.007315343115850028
6.517,0,-4.002242265214383,-3.0030060906412497,1.19918202425731,0.0032283404422397853
6.517,1,-3.995214064859463,3.0043672571652946,1.1998626953317366,0.006985497568874829
6.523,0,-4.0022257034637345,-3.003033129714848,1.1991880030248903,0.003227415219457867
6.523,1,-3.995211404983299,3.004419395493692,1.1999065413454728,0.006690163058191865
6.531,0,-4.002208294704289,-3.0030597420962213,1.1991938215067495,0.0032396373675910896
6.531,1,-3.995214329595114,3.004470067407253,1.1999479309180943,0.006446823267378472
6.541,0,-4.002189924551972,-3.003085951772277,1.1991996933777236,0.0032698647930571793
6.541,1,-3.9952228070672087,3.004519507453125,1.1999871023240984,0.006344880860972025
6.549,0,-4.002170482273035,-3.0031118044433875,1.1992061341931117,0.0033256536938523424
6.549,1,-3.995236769944642,3.004567973851663,1.2000268503917153,0.0065258750960162926
6.566,0,-4.002149870461338,-3.0031373568050297,1.199213627088831,0.0034053663881022647
6.566,1,-3.9952561049273143,3.004615734405213,1.200070113593865,0.006925310277979379
6.578,0,-4.002128014944378,-3.0031626648120944,1.199222465164762,0.003505810326234031
6.578,1,-3.9952806514981085,3.0046630471273064,1.2001188380147136,0.007488227189990857
6.579,0,-4.002104871247895,-3.0031877752105993,1.199232829867455,0.003622938718828319
6.579,1,-3.995310208806845,3.004710144633652,1.2001742956932373,0.008169173341196765
6.594,0,-4.002080428432802,-3.0032127200023555,1.199244827208023,0.00375183561457078
6.594,1,-3.9953445416411735,3.0047572236516737,1.2002372875763458,0.008929041024185326
6.612,0,-4.002054711170708,-3.003237513261423,1.199258264838465,0.0038623266331273593
6.612,1,-3.995383384432813,3.004804438500796,1.200307980536337,0.00966806859573145
6.616,0,-4.002027779565494,-3.0032621509539243,1.1992720430822847,0.003927870374590782
6.616,1,-3.995426443772905,3.0048518982033525,1.2003848998190534,0.010275804921823839
6.618,0,-4.0019997235579785,-3.003286614415983,1.199285192104978,0.003960377289096203
6.618,1,-3.995473418282759,3.0048996687375524,1.2004665435900332,0.010782054092980243
6.632,0,-4.0019706578745105,-3.003310874543673,1.1992970455383247,0.0039707909662853695
6.632,1,-3.995524012297773,3.0049477768735664,1.2005518402156723,0.011209269970128402
6.642,0,-4.001940717774051,-3.0033348951983143,1.1993071510093505,0.003967302050843016
6.642,1,-3.9955779437412806,3.004996213896309,1.2006400186105202,0.011575450528789619
6.649,0,-4.001910055102158,-3.003358635864061,1.1993152044560533,0.003955204625561211
6.649,1,-3.9956349496887396,3.005044939455324,1.2007305194060278,0.011892668232329484
6.66,0,-4.001878834284092,-3.0033820536076883,1.1993213200216932,0.0039505602562535675
6.66,1,-3.995694789897258,3.005093885452287,1.2008229251106421,0.012169196494794579
6.667,0,-4.001847227915643,-3.0034051027622723,1.1993271896230029,0.003961152141072294
6.667,1,-3.9957572462535835,3.00514296187383,1.2009168911468326,0.01240958900107322
6.6850000000000005,0,-4.001815413078736,-3.0034277313909845,1.199334435673917,0.00398131488947335
6.6850000000000005,1,-3.9958221145520483,3.0051920680677338,1.20101214741205,0.012619434407435662
6.695,0,-4.001783567012681,-3.0034498770439733,1.1993441476930182,0.00401743348721883
6.695,1,-3.9958891953295343,3.0052411042638063,1.2011084952783408,0.012804260495715694
6.698,0,-4.001751863320279,-3.0034714639533835,1.1993570538730645,0.004077141628457213
6.698,1,-3.995958287545553,3.005289980137779,1.20120579795894,0.012968099458319171
6.713,0,-4.0017204690902295,-3.0034924015512963,1.199373637155877,0.004165775061110856
6.713,1,-3.9960291846007125,3.00533862066482,1.2013039666877356,0.013113954933307581
6.72,0,-4.001689542700191,-3.003512584291275,1.1993938642040565,0.0042328640488581174
6.72,1,-3.9961016718628537,3.005386970018547,1.2014027660661533,0.0132047898164269
6.731,0,-4.001659230809736,-3.0035318977154817,1.1994159491508622,0.004191842241696608
6.731,1,-3.996175526568518,3.0054349920540533,1.201501159544689,0.013195969834982894
6.74,0,-4.001629665106547,-3.0035502352196835,1.1994381409708994,0.004061746653854804
6.74,1,-3.9962505256946605,3.005482663452238,1.2015981801453222,0.013116213273101284
6.751,0,-4.001600958891356,-3.0035675161626028,1.199459235486031,0.00386804552599716
6.751,1,-3.9963264531216796,3.0055299657301435,1.2016931688228398,0.012986519023595367
6.761,0,-4.001573204529778,-3.0035836983609205,1.1994784226544382,0.0036351807271575195
6.761,1,-3.9964031043966144,3.005576879379479,1.2017856946385679,0.012822726121709982
6.771,0,-4.0015464719970195,-3.003598785496485,1.1994951812431676,0.003383514240286691
6.771,1,-3.9964802900530825,3.005623379790458,1.2018754863617693,0.01263506193252631
6.782,0,-4.00152080812474,-3.003612830690737,1.1995090602383205,0.0031165549528702767
6.782,1,-3.996557837684215,3.0056694346243398,1.2019623624163314,0.012428428804382809
6.792,0,-4.001496238298652,-3.0036259342468212,1.1995192228096523,0.002845322016499279
6.792,1,-3.9966355935865816,3.005715004011443,1.2020461708090067,0.012206374947595399
6.802,0,-4.001472775320659,-3.0036382302629385,1.1995249713969165,0.002614922831490668
6.802,1,-3.996713425530664,3.0057600471803836,1.2021268251317905,0.011975312253172742
6.812,0,-4.0014504285636034,-3.003649872156457,1.1995258592268996,0.0024673606176679646
6.812,1,-3.9967912253316817,3.005804530540085,1.2022042869156062,0.011739399841425108
6.827,0,-4.001429210578832,-3.0036610215800095,1.1995216150727752,0.0024345073655242864
6.827,1,-3.9968689102967687,3.0058484333030644,1.2022785479711113,0.01150321328665497
6.835,0,-4.001409141709072,-3.0036718400644045,1.1995120988402708,0.002527207553171586
6.835,1,-3.9969464236555123,3.0058917509692953,1.2023496387584227,0.011270879352596127
6.837,0,-4.001390252882701,-3.0036824828357047,1.1994970897643555,0.002765345871585272
6.837,1,-3.9970237341566497,3.0059344972072086,1.202417607792588,0.011046790778056297
6.855,0,-4.001372583710134,-3.0036930935141064,1.1994754310214362,0.00321194727891935
6.855,1,-3.9971008334542346,3.0059767033551505,1.2024826083321936,0.010841199736550046
6.86,0,-4.001356173024235,-3.0037037969761973,1.1994459691533588,0.003833695404939781
6.86,1,-3.9971777241904394,3.0060184112576005,1.2025448629006679,0.010653631987545695
6.871,0,-4.00134104688099,-3.00371469313645,1.1994079629743528,0.004579042524579311
6.871,1,-3.9972544037209246,3.0060596630644283,1.202604555613872,0.010479540298468015
6.882,0,-4.001327209933646,-3.0037258529518263,1.1993609559713019,0.005402456384805614
6.882,1,-3.997330851946648,3.0061004937362488,1.2026618355693706,0.01031592846908359
6.8870000000000005,0,-4.001314640781064,-3.0037373165167236,1.1993050656521405,0.006156865817890407
6.8870000000000005,1,-3.9974070233411823,3.0061409262183036,1.202716851409629,0.01015918201561301
6.901,0,-4.0013032918942155,-3.0037490971488245,1.1992429433926233,0.006602427915578878
6.901,1,-3.9974828433774934,3.0061809681360856,1.2027697394097392,0.01000502821087838
6.908,0,-4.001293086046987,-3.0037611979190526,1.1991774503710946,0.00682090088768014
6.908,1,-3.9975582110548387,3.006220608733346,1.20282060451154,0.009848288717899287
6.918,0,-4.001283915842903,-3.0037736314758363,1.1991105552857746,0.0068829958563598505
6.918,1,-3.9976330038751025,3.006259816774752,1.202869523753508,0.009685428769024585
6.928,0,-4.001275645778075,-3.0037864344581746,1.1990436130663855,0.006838370297413194
6.928,1,-3.997707082296727,3.0062985398044737,1.2029165669230084,0.009513674177318477
6.94,0,-4.001268114787522,-3.003799676596693,1.198977549803348,0.006723486842886962
6.94,1,-3.997780293648773,3.006336704383985,1.2029617955691683,0.009330326829281541
6.948,0,-4.0012611388055035,-3.003813465916763,1.1989130532420595,0.006545174505135586
6.948,1,-3.997852475749677,3.0063742173113863,1.2030051535276902,0.009118907283337311
6.959,0,-4.001254513116588,-3.003827949200444,1.1988509269705145,0.0062979576394701815
6.959,1,-3.9979234632441933,3.0064109704242066,1.2030460986386577,0.008863655720852133
6.971,0,-4.001248014310202,-3.003843304522215,1.1987918168741516,0.006010032665536151
6.971,1,-3.997993099978096,3.006446852279533,1.2030841381572297,0.008578281875643216
6.978,0,-4.001241402604213,-3.003859732018943,1.198736141801102,0.0057047777484528
6.978,1,-3.9980612516061607,3.0064817602489073,1.2031189596128289,0.008273829261926852
6.991,0,-4.001234424509736,-3.003877446208512,1.1986841563617252,0.005400496085195959
6.991,1,-3.9981278144252035,3.0065156089708,1.2031503699542265,0.007959775808613172
7.001,0,-4.0012268158360005,-3.003896669679263,1.1986360189445882,0.005111762378465247
7.001,1,-3.99819272096834,3.006548335685783,1.2031782681372838,0.007645058236538738
7.011,0,-4.001218304959184,-3.0039176276535176,1.1985917569355056,0.004868432098421792
7.011,1,-3.998255943418894,3.0065799034666862,1.2032023797522282,0.007315270809266077
7.02,0,-4.001208617177072,-3.003940541958437,1.1985510808610371,0.004699290972497349
7.02,1,-3.998317495028201,3.006610301504272,1.2032213109436847,0.006966027340998769
7.034,0,-4.001197480876044,-3.0039656238166295,1.1985136864270414,0.004601999358003029
7.034,1,-3.998377423526191,3.0066395364486707,1.2032337773899537,0.006646599183637684
7.042,0,-4.001184633726951,-3.003993067223708,1.198479335633354,0.004576626498776176
7.042,1,-3.9984358048316926,3.0066676238943746,1.2032389664516208,0.006398582467214972
7.052,0,-4.001169827521083,-3.0040230443972744,1.1984478365083153,0.004620696330722033
7.052,1,-3.9984927382026627,3.0066945825511064,1.2032363832938817,0.006252524096772284
7.061,0,-4.001152831952839,-3.0040557028123915,1.1984189565739134,0.004744094257856193
7.061,1,-3.9985483417867784,3.006720430002492,1.2032257961046655,0.0062227067693542935
7.068,0,-4.00113343927275,-3.004091163268964,1.1983921342558843,0.0049506221902241255
7.068,1,-3.998602750049167,3.0067451807337435,1.203207445734173,0.006299330446931453
7.081,0,-4.001111470079741,-3.004129521416481,1.1983668439862667,0.00521827446437509
7.081,1,-3.9986561161520187,3.0067688488604314,1.2031816545039582,0.006469187447925829
7.092,0,-4.001086778884438,-3.004170849509002,1.1983426971858817,0.005529463978336748
7.092,1,-3.99870861434387,3.0067914513532226,1.2031487076871843,0.006717796086915403
7.102,0,-4.001059257496258,-3.004215198238705,1.1983194232053205,0.005871121723585423
7.102,1,-3.998760440431443,3.0068130102061934,1.2031088709899942,0.007031049516761783
7.109,0,-4.0010288365675315,-3.0042625986211005,1.1982968191144745,0.006233977156521312
7.109,1,-3.9988118110550586,3.006833553767076,1.203062384289442,0.007396250053532553
7.117,0,-4.0009954858788594,-3.0043130633549473,1.1982745785206952,0.006623062135926066
7.117,1,-3.9988629620000444,3.006853117250122,1.2030095544961483,0.0077744986001024525
7.128,0,-4.000959210459881,-3.0043665828487103,1.1982519532482074,0.007038302851586442
7.128,1,-3.99891414398656,3.006871740658664,1.2029520120031776,0.008025754718430754
7.141,0,-4.000920036110377,-3.0044231139561406,1.198228318527518,0.0074652029390092686
7.141,1,-3.9989656069244344,3.006889463192758,1.202891884217536,0.008165935001338196
7.153,0,-4.0008779970477875,-3.0044825677030933,1.1982032426838765,0.00789401620548896
7.153,1,-3.9990175778052706,3.006906315495433,1.2028306584878519,0.008229268977725359
7.165,0,-4.000833127670987,-3.0045448015516962,1.1981764250153737,0.008317061609520626
7.165,1,-3.9990702440039425,3.006922313413379,1.2027693530304053,0.008240602564173902
7.168,0,-4.0007854568652,-3.0046096162034166,1.1981476682616152,0.008727994357274484
7.168,1,-3.999123742469915,3.0069374544706227,1.2027086745945976,0.008217292374457832
7.179,0,-4.000735004424302,-3.0046767553262765,1.1981168342561626,0.00912288485893394
7.179,1,-3.9991781537044058,3.006951716134256,1.2026493985065645,0.008101208249318466
7.19,0,-4.000681780525416,-3.0047459084521337,1.1980837553221302,0.00950093332053921
7.19,1,-3.999233501360857,3.006965054304155,1.2025940914207371,0.007781239332915735
7.201,0,-4.000625792395705,-3.004816724854465,1.1980482891863875,0.009858421469054168
7.201,1,-3.999289754074962,3.006977406202703,1.2025453234702386,0.007348406221633284
7.21,0,-4.00056705439065,-3.00488883302167,1.1980103483091782,0.01019372159644522
7.21,1,-3.999346830810152,3.006988693366322,1.2025048104281888,0.006885486557343648
7.22,0,-4.000505595335708,-3.0049618567349103,1.1979698708298478,0.010506176349907251
7.22,1,-3.9994046074043204,3.006998823926409,1.2024736600994532,0.006461405573513207
7.234,0,-4.000441462728921,-3.0050354272794713,1.197926919024069,0.01078151676267517
7.234,1,-3.9994629228622873,3.0070076963477077,1.2024515227923496,0.006205861493539022
7.25,0,-4.000374724226855,-3.005109192035522,1.197882438439218,0.0109805139284981
7.25,1,-3.999521592141985,3.007015204055382,1.2024352587669231,0.006091274849836501
7.259,0,-4.0003054765300385,-3.0051828174335946,1.197837545651884,0.011115929544004307
7.259,1,-3.9995804312120766,3.0070212334966535,1.2024222256168284,0.006034268130932548
7.276,0,-4.000233853760029,-3.0052559901126825,1.197793012355213,0.011199774726563779
7.276,1,-3.999639276710782,3.0070256650216938,1.2024106146636981,0.0060008035375445105
7.282,0,-4.000160030588634,-3.0053284179891437,1.197749363483378,0.011240831937784274
7.282,1,-3.9996979990270582,3.007028374311512,1.202399190191614,0.005980634599417449
7.288,0,-4.000084222649158,-3.0053998310194223,1.197706934988099,0.011245148346475126
7.288,1,-3.9997565105430994,3.007029233530021,1.2023870973437223,0.005974086987011709
7.289,0,-4.00000668490771,-3.005469981666158,1.197665977354304,0.011209703898823241
7.289,1,-3.9998147701416253,3.0070281123304365,1.2023736864470882,0.005990095585548395
7.297,0,-3.999927707177197,-3.0055386451784765,1.1976270815082213,0.011121218672839122
7.297,1,-3.999872783341888,3.007024879651992,1.2023579971725944,0.006050387637443228
7.311,0,-3.9998476054457694,-3.0056056227981927,1.197590865090451,0.010989811536722653
7.311,1,-3.999930593247338,3.0070194042128393,1.2023391157285768,0.006161775716461808
7.322,0,-3.999766710680667,-3.0056707453298093,1.1975577200852114,0.010824993438377959
7.322,1,-3.999988267945427,3.0070115555060104,1.2023164219790754,0.006328276284045205
7.331,0,-3.9996853590327683,-3.0057338747323703,1.1975278774619673,0.010633042715071197
7.331,1,-4.000045890501015,3.0070012054785598,1.202289486068796,0.006549770950380589
7.34,0,-3.9996038840054884,-3.005794904232223,1.1975014846184506,0.010418833039256255
7.34,1,-4.000103551324792,3.0069882299662556,1.2022580451808578,0.006822805137357864
7.35,0,-3.9995226102777712,-3.0058537582876603,1.197478310855954,0.010201982726764867
7.35,1,-4.000161342437628,3.0069725097471736,1.2022220889035327,0.007114176917058128
7.36,0,-3.99944184785359,-3.0059103923489423,1.1974573916189268,0.009986251644326023
7.36,1,-4.000219352949143,3.0069539320849517,1.2021827569207233,0.007356700450700246
7.368,0,-3.9993618865264766,-3.0059647900391915,1.1974379268836834,0.009764863599634787
7.368,1,-4.000277663470995,3.0069324076828137,1.2021413007555313,0.007561164916914311
7.382,0,-3.9992829917834736,-3.0060169617245838,1.1974193398568065,0.00953557245753655
7.382,1,-4.000336341408109,3.006907887704767,1.2020985820544383,0.007740538680834654
7.389,0,-3.999205402098813,-3.006066942606379,1.1974012235624847,0.009298069691562315
7.389,1,-4.000395438364881,3.006880373793097,1.2020551916140598,0.007903180103478078
7.402,0,-3.9991293273441175,-3.006114790361575,1.1973833040671988,0.009053469928651496
7.402,1,-4.000454989041468,3.006849923612961,1.2020115541153138,0.008052657409759908
7.411,0,-3.9990549479121786,-3.006160582771094,1.1973653011456744,0.008808963422341368
7.411,1,-4.0005150109788,3.006816653294989,1.2019678194561998,0.008215510193311645
7.42,0,-3.9989824124239877,-3.0062044160693375,1.1973465961469953,0.008574705360820375
7.42,1,-4.00057550416007,3.0067807374084703,1.201923307618831,0.008419517845621562
7.429,0,-3.998911832604765,-3.0062464031763327,1.197326641204637,0.008353099378117762
7.429,1,-4.000636450160387,3.0067424008329895,1.20187734380804,0.008644723104324303
7.438,0,-3.998843278054836,-3.0062866726612416,1.1973050539102663,0.008148213722005037
7.438,1,-4.000697811209715,3.0067019111881232,1.2018294802188958,0.008877427216267856
7.449,0,-3.998776773503176,-3.0063253673398806,1.1972815658096134,0.007964208095095333
7.449,1,-4.000759530163336,3.006659572225313,1.2017794198092122,0.009107422219201387
7.46,0,-3.9987122983845365,-3.0063626423651,1.197256004976453,0.007804671263915941
7.46,1,-4.00082153125164,3.00661571737057,1.2017269791249192,0.009326468317753705
7.469,0,-3.9986497876336413,-3.00639866341036,1.1972280081035331,0.007702071514033872
7.469,1,-4.000883721322807,3.006570703179857,1.201672461584689,0.00946678556993126
7.481,0,-3.9985891342452695,-3.00643360307456,1.1971960405946012,0.00770872835011608
7.481,1,-4.000945991596417,3.0065248998463883,1.2016175582824815,0.009476847051330572
7.489,0,-3.998530201913117,-3.0064676286067944,1.1971586968294439,0.007826217138181837
7.489,1,-4.001008219551877,3.0064786777545183,1.2015637565799355,0.009389910630326986
7.5,0,-3.9984728364766373,-3.0065008912243956,1.1971150392623389,0.00805133536526792
7.5,1,-4.001070271344415,3.00643239266754,1.2015120782895092,0.009231720274363819
7.509,0,-3.998416874307863,-3.00653351934468,1.1970644448527008,0.008374904989362731
7.509,1,-4.001132003819473,3.006386374746086,1.2014632116824058,0.009021455935563166
7.522,0,-3.9983621492761174,-3.006565614297202,1.1970067961020001,0.008711276079426173
7.522,1,-4.001193266213939,3.0063409210124443,1.2014174159214188,0.00881002254618381
7.54,0,-3.9983085022840634,-3.0065972463102444,1.1969447264234632,0.008828036667680691
7.54,1,-4.001253903657788,3.0062962878605237,1.2013729491681633,0.008704469923607568
7.541,0,-3.9982557930133287,-3.006628450321521,1.1968814791490714,0.008762578234683889
7.541,1,-4.001313763335175,3.0062526822420113,1.2013276112236844,0.008676480713177384
7.548,0,-3.998203914772745,-3.006659221549312,1.1968192770802693,0.008568251036561048
7.548,1,-4.001372701030106,3.0062102537789777,1.201279913952417,0.008706987287164226
7.559,0,-3.9981528064859333,-3.006689513320747,1.1967596334982176,0.008285226395407706
7.559,1,-4.00143058597214,3.0061690900327163,1.201228879579451,0.008786521321382345
7.57,0,-3.998102459778113,-3.006719237380623,1.1967035669207335,0.007942605845574345
7.57,1,-4.001487303927129,3.006129214972388,1.2011738811712496,0.008909214551786717
7.579,0,-3.998052922100441,-3.0067482662147276,1.196651530790477,0.007605971973658184
7.579,1,-4.0015427583095455,3.0060905903217368,1.2011148504517717,0.009007656153285507
7.591,0,-3.9980042939823126,-3.0067764380195308,1.1966023559577545,0.00736599333537622
7.591,1,-4.001596867339123,3.0060531242610433,1.2010533884007526,0.00898792304152406
7.603,0,-3.9979567193554915,-3.006803561671298,1.1965546416349484,0.007186606921852161
7.603,1,-4.0016495600702315,3.006016689579751,1.2009910984814833,0.008881749264259884
7.609,0,-3.9979103730719263,-3.006829422129872,1.1965074006225604,0.0070426117968521865
7.609,1,-4.001700770930709,3.0059811447278166,1.2009290785808984,0.008713274371792895
7.618,0,-3.9978654502037356,-3.006853785665022,1.1964599657034078,0.006917836240258279
7.618,1,-4.001750435294017,3.005946350233233,1.2008681071914853,0.008500443233624937
7.644,0,-3.9978221572770933,-3.0068764048707686,1.1964118782535282,0.0068046310369681935
7.644,1,-4.001798486842455,3.0059121804173543,1.2008087218492405,0.008256720604477403
7.651,0,-3.997780706104913,-3.0068970223819735,1.1963632777883118,0.006609052599854899
7.651,1,-4.001844855813302,3.0058785312963887,1.2007514849900707,0.007957817293507361
7.6530000000000005,0,-3.997741309062954,-3.006915373742686,1.1963159621904853,0.006253924587176578
7.6530000000000005,1,-4.001889466611922,3.0058453211668823,1.2006973124056428,0.0075980167465982745
7.659,0,-3.9977041663009953,-3.0069311991972976,1.1962715220981386,0.005786254279573764
7.659,1,-4.001932235059955,3.0058124812729967,1.2006469092675858,0.00719970275001824
7.6690000000000005,0,-3.9976694564565465,-3.0069442522064866,1.1962310048897198,0.005243931544407061
7.6690000000000005,1,-4.001973065418466,3.005779946679946,1.20060073580174,0.006779836676592952
7.68,0,-3.9976373310564832,-3.006954304602046,1.1961950870614375,0.0046554278994266835
7.68,1,-4.0020118486590635,3.0057476499460787,1.2005590890643547,0.006350160583292076
7.692,0,-3.9976079110183154,-3.0069611499096953,1.1961642052302313,0.004045334782317377
7.692,1,-4.002048461919984,3.005715516881703,1.200522160756148,0.005920735232872731
7.702,0,-3.9975812841923366,-3.006964605999167,1.1961384523107508,0.0034752724907769596
7.702,1,-4.002082769079907,3.005683464050663,1.2004899666384206,0.005516893376885467
7.711,0,-3.9975575007067907,-3.006964519937028,1.1961167424696033,0.003033128574103822
7.711,1,-4.002114623473469,3.0056513981422937,1.2004618717424111,0.005170955861332167
7.72,0,-3.997536569820644,-3.00696076733042,1.1960978564977096,0.0027123332730168677
7.72,1,-4.002143870070597,3.005619217764503,1.2004371819744337,0.00486792165467251
7.729,0,-3.9975184554316012,-3.0069532528303116,1.196080922407836,0.0025175449894831526
7.729,1,-4.0021703488532,3.0055868159238788,1.2004154134168705,0.004599541937209621
7.741,0,-3.9975030730159085,-3.0069419111461624,1.1960653065913522,0.0024539687212509864
7.741,1,-4.002193898396008,3.0055540822053426,1.2003962146931424,0.004363501591067716
7.748,0,-3.9974902893337716,-3.006926706716249,1.19605055868082,0.0025143282536700547
7.748,1,-4.002214358834855,3.005520904677876,1.2003793312527662,0.004160302969886816
7.7620000000000005,0,-3.9974799237052934,-3.0069076332205382,1.196036220897575,0.0027016171546822764
7.7620000000000005,1,-4.002231576838639,3.0054871718568674,1.2003638720345342,0.004057209685222047
7.771,0,-3.9974717499602344,-3.0068847154571667,1.1960210134179827,0.003025752965307767
7.771,1,-4.002245412645078,3.005452773260447,1.2003472737070922,0.004089394474853543
7.779,0,-3.9974655057208555,-3.006858005732875,1.196003657865458,0.003438050306415629
7.779,1,-4.00225573768263,3.0054175949537565,1.2003274759084868,0.004254779419293107
7.788,0,-3.9974609015487523,-3.006827581962921,1.1959832694501844,0.0039058202834948326
7.788,1,-4.0022624374590325,3.005381516339587,1.200303102070078,0.0045531001372865944
7.799,0,-3.997457628159591,-3.0067935469636553,1.1959592321097259,0.004408208825785981
7.799,1,-4.002265414474847,3.0053444085051337,1.2002732440968606,0.004973250481815604
7.808,0,-3.9974553629374405,-3.0067560261589823,1.1959313353645735,0.00489179804244891
7.808,1,-4.002264589733691,3.0053061336130704,1.2002373390150227,0.005485888026619488
7.823,0,-3.9974537763891114,-3.00671516092454,1.1959005290075577,0.005296471001229969
7.823,1,-4.002259902619953,3.0052665450594693,1.200195497134222,0.006023810231951752
7.854,0,-3.997452537893535,-3.006671103255133,1.195867788987797,0.005641790017309976
7.854,1,-4.00225131750957,3.00522549229895,1.2001481756651915,0.0065711454804576784
7.862,0,-3.9974513225238395,-3.0066240070584938,1.1958337646835644,0.005945020164396918
7.862,1,-4.00223883243422,3.005182827961134,1.200095737521859,0.0071247769519193135
7.864,0,-3.9974498169646235,-3.006574020511553,1.195798871279463,0.006219619501345553
7.864,1,-4.0022224833528695,3.0051384129944454,1.2000384523163248,0.007682364244416871
7.865,0,-3.9974477240028023,-3.006521280878278,1.1957633706193245,0.006474307199345858
7.865,1,-4.002202345837885,3.005092120140705,1.1999765348159421,0.008240141580447552
7.871,0,-3.9974447659963164,-3.00646591153663,1.1957273472062877,0.006730128203465416
7.871,1,-4.002178534877938,3.0050438362226224,1.1999101693347523,0.008794808233602682
7.882,0,-3.9974406922502483,-3.0064080227757675,1.1956902805035763,0.007017633394230178
7.882,1,-4.002151202560691,3.0049934631123523,1.1998398179352132,0.009290343398560419
7.889,0,-3.997435298837465,-3.0063477155109006,1.1956515766215356,0.007326635629224018
7.889,1,-4.002120535660948,3.0049409216959786,1.1997664820748555,0.009714638077049262
7.9,1,-4.002086756078152,3.0048861624311436,1.1996909289968385,0.01008859024752564
7.901,0,-3.997428449597571,-3.0062850875460465,1.1956108216171468,0.007649982245732412
7.912,0,-3.9974200893551015,-3.006220239155781,1.1955677193523926,0.007980465899717886
7.912,1,-4.002050117742121,3.0048291722825877,1.1996136738319472,0.010423297915329494
7.923,0,-3.997410250296292,-3.006153276958392,1.195522086456942,0.00831191618472153
7.923,1,-4.002010902670113,3.004769978187918,1.1995350829388265,0.010725006771083416
7.928,0,-3.997399052229692,-3.0060843155967225,1.195474338492061,0.008558882887826967
7.928,1,-4.001969416762409,3.0047086478029343,1.1994555440936487,0.01096773575859382
7.941,0,-3.9973866910911235,-3.0060134757943775,1.1954267390955315,0.00865942627488169
7.941,1,-4.001925983185543,3.0046452857310726,1.1993760179993342,0.011118467632053522
7.948,0,-3.997373413453549,-3.0059408853145277,1.1953812605850789,0.008665802675694865
7.948,1,-4.001880933623034,3.004580026034539,1.1992973715551827,0.0112011159821477
7.958,0,-3.9973594875082807,-3.0058666748451084,1.1953392230684723,0.008618366905671826
7.958,1,-4.001834597858947,3.00451302266574,1.1992201880164313,0.011233412082462865
7.969,0,-3.997345180694476,-3.0057909735647788,1.1953014848579293,0.008546460086097026
7.969,1,-4.001787295284295,3.004444441432593,1.1991448456624265,0.011227573950162419
7.981,0,-3.9973307437152363,-3.005713905247075,1.195268796855712,0.00844857352582513
7.981,1,-4.001739328945298,3.0043744547110696,1.1990709722729085,0.011297658894499227
7.989,0,-3.9973164034160233,-3.0056355821622383,1.1952426608798061,0.008330954120639923
7.989,1,-4.00169098071522,3.004303240154802,1.1989960316441912,0.01152595954710815
7.997,0,-3.997302369408339,-3.005556096321286,1.1952243502122357,0.008246743270825092
7.997,1,-4.001642504459329,3.004230978412191,1.1989177926172783,0.01185893036780401
8.011,0,-3.997288843682348,-3.005475510149138,1.1952146700130322,0.008233780666058274
8.011,1,-4.001594122941679,3.0041578551357517,1.1988347522522127,0.0122636573220696
8.021,0,-3.99727602761055,-3.0053938503745194,1.1952141087753358,0.00831588746140632
8.021,1,-4.001546026601091,3.004084062842278,1.1987459196725663,0.012718789804119153
8.043,0,-3.9972641267482762,-3.005311105245206,1.1952229247449166,0.00850367928032761
8.043,1,-4.001498373315387,3.0040098018235932,1.1986506429119337,0.013210117788895732
8.044,0,-3.997253353461002,-3.005227224709485,1.1952408465977105,0.008766451610055157
8.044,1,-4.0014512890134535,3.0039352803248813,1.1985486279305453,0.013695090749672815
8.052,0,-3.997243924984825,-3.0051421261003473,1.1952650363553645,0.008998012230112994
8.052,1,-4.001404868725406,3.003860714049718,1.1984405823927635,0.014102034065242255
8.058,0,-3.997236063339993,-3.005055700545293,1.1952924659218231,0.009179483596602749
8.058,1,-4.001359175119627,3.0037863253298953,1.198327374402692,0.014447476472048163
8.073,0,-3.9972299934254436,-3.0049678220697995,1.1953210359923492,0.00932266449176636
8.073,1,-4.001314237136776,3.0037123415170712,1.198209613361243,0.014747286608933353
8.079,0,-3.9972259398259924,-3.00487835617436,1.195349290123974,0.00944557012214507
8.079,1,-4.001270050369223,3.0036389932129146,1.1980877300108588,0.015013034344803063
8.088,0,-3.997224124030267,-3.004787166283561,1.1953762380487314,0.00956506468459085
8.088,1,-4.001226578565485,3.003566512556673,1.1979620424915751,0.015251904624693786
8.099,0,-3.9972247624262054,-3.004694118293003,1.1954013809465454,0.00971026077116682
8.099,1,-4.001183755998419,3.0034951320377785,1.1978332315876241,0.015350089997130664
8.11,0,-3.997228067957575,-3.0045990814857624,1.1954260897857203,0.009929843153695132
8.11,1,-4.001141490825046,3.0034250841209036,1.1977047651607005,0.015085688951830465
8.12,0,-3.997234243040836,-3.004501936284264,1.1954522089387907,0.010208745958505816
8.12,1,-4.0010996642115595,3.003356588407409,1.1975802327382836,0.014562981420476283
8.131,0,-3.997243472170185,-3.0044025816516253,1.195480974842873,0.010536131275479095
8.131,1,-4.001058130679755,3.003289838139691,1.1974620584743776,0.013871983017311715
8.137,0,-3.997255918950809,-3.0043009381453465,1.1955131894973607,0.010904612449639356
8.137,1,-4.001016720138128,3.0032249923706678,1.1973518461947958,0.013078062863486586
8.148,0,-3.997271722691861,-3.0041969505171977,1.1955489338389478,0.011265181999769456
8.148,1,-4.000975240430822,3.0031621713547536,1.1972505528401847,0.012249529045139842
8.159,0,-3.997290987031407,-3.0040905943040794,1.1955860608164168,0.011553624381808065
8.159,1,-4.000933483863427,3.003101456669582,1.197158338212141,0.011445495717247126
8.173,0,-3.997313770581274,-3.0039818775861025,1.1956224161721398,0.011792522963711109
8.173,1,-4.000891243277848,3.003042902161306,1.1970751017813488,0.01067713794177116
8.182,0,-3.9973400731103528,-3.00387084557856,1.19565650759384,0.012002268431556034
8.182,1,-4.000848328485627,3.0029865458185245,1.1970007085713523,0.009949979261046672
8.191,0,-3.997369825434131,-3.0037575838340063,1.1956873171156084,0.012196065369975305
8.191,1,-4.000804577892071,3.002932418181486,1.1969350127355811,0.009270848185862117
8.198,0,-3.9974028844986162,-3.00364221868611,1.195714142311459,0.012380099431703944
8.198,1,-4.000759866155407,3.0028805480357343,1.1968778491410075,0.008645571622377375
8.207,0,-3.9974390333270624,-3.003524915192911,1.1957367283962774,0.012567372066617039
8.207,1,-4.00071410931089,3.0028309649510403,1.1968285273135515,0.008165189956603112
8.222,0,-3.9974779895474133,-3.003405871452576,1.1957560652392558,0.012761183733781744
8.222,1,-4.000667266358582,3.0027836968339514,1.1967839717667321,0.00790754628653138
8.249,0,-3.997519419535608,-3.003285312933187,1.195773168151887,0.012942121512336067
8.249,1,-4.00061932677117,3.002738775778922,1.1967412936222972,0.007792186306011964
8.262,0,-3.9975629578273675,-3.003163484133067,1.1957887178693771,0.013099053360591634
8.262,1,-4.0005702983828915,3.002696239195395,1.1966984899060633,0.007774554135753548
8.266,0,-3.997608224696652,-3.003040640657565,1.1958031734464736,0.013225928082007702
8.266,1,-4.000520198970745,3.002656128692378,1.1966541714002303,0.007830144939925236
8.274000000000001,0,-3.9976548397517684,-3.0029170431255934,1.1958168502647901,0.013319541887344197
8.274000000000001,1,-4.000469049955888,3.002618489192312,1.196607398885077,0.00794269947937751
8.277,0,-3.9977024325230213,-3.0027929523253274,1.1958302889788275,0.013388487353436201
8.277,1,-4.000416871444544,3.0025833689173993,1.1965578989864523,0.008036184676059504
8.278,0,-3.9977506509631646,-3.002668625842586,1.1958455292222216,0.013448138513243878
8.278,1,-4.000363678402511,3.002550820156264,1.1965072702246842,0.0080160281489942
8.292,0,-3.9977991659178693,-3.0025443183716707,1.1958644391381863,0.013501601381604502
8.292,1,-4.000309483140499,3.0025208873680422,1.1964571315565642,0.007918091749705322
8.311,0,-3.9978476761193806,-3.002420281440305,1.1958882316192145,0.013553871679439502
8.311,1,-4.000254297097246,3.0024935982756396,1.1964085780410554,0.007773282529047866
8.317,0,-3.9978959118932496,-3.0022967627117807,1.1959176491568817,0.013608792096063074
8.317,1,-4.00019813152145,3.002468959198042,1.1963623278508149,0.0076058970295213146
8.318,0,-3.9979436369932784,-3.0021740053907187,1.195953186205205,0.01367713488524765
8.318,1,-4.000140997868066,3.002446952489065,1.1963188331706733,0.007434350159193241
8.33,0,-3.997990647478403,-3.002052248853039,1.1959963469256925,0.01382199557534421
8.33,1,-4.000082908533746,3.0024275352842835,1.1962782853076008,0.007276747913029548
8.339,0,-3.998036764629368,-3.0019317282700437,1.1960491775497732,0.014064170016451166
8.339,1,-4.000023879854205,3.002410639764656,1.1962407096833472,0.007139263000060255
8.358,0,-3.998081824632592,-3.0018126727339274,1.1961130095075179,0.014406207871192607
8.358,1,-3.9999639360709005,3.0023961745016052,1.196206066351063,0.007023107156052545
8.359,0,-3.998125669803305,-3.0016953043891714,1.196188672734031,0.014845688458352602
8.359,1,-3.9999031119676105,3.002384026517927,1.196174327139757,0.006926149237113196
8.377,0,-3.9981681432686824,-3.001579836518575,1.1962761266557111,0.015288338169716182
8.377,1,-3.999841454433635,3.002374063280674,1.196145360321575,0.0068591022623830855
8.385,0,-3.9982090914803052,-3.001466467763009,1.1963733226286792,0.01563483023701207
8.385,1,-3.999779023922851,3.002366133919066,1.1961185533891803,0.006830403152726616
8.39,0,-3.9982483729971094,-3.0013553784336273,1.1964783915870676,0.0159038799430559
8.39,1,-3.9997158960893073,3.0023600713590026,1.1960933125595854,0.006824959603620687
8.401,0,-3.9982858698248207,-3.001246724871355,1.1965899951484,0.016110192742350857
8.401,1,-3.999652163301191,3.0023556935672016,1.1960691922789033,0.006833131646898916
8.409,0,-3.9983214956446256,-3.0011406353749677,1.1967071311948103,0.01626987201171126
8.409,1,-3.9995879349716956,3.0023528051170603,1.1960458531628053,0.006845630225091637
8.431000000000001,0,-3.998355200619286,-3.0010372083998917,1.1968290774294001,0.016397171107634376
8.431000000000001,1,-3.999523336980715,3.0023511991916125,1.1960230756609864,0.006855740931549602
8.432,0,-3.9983869740124813,-3.00093651169683,1.1969551324934018,0.016472552219518082
8.432,1,-3.999458510436072,3.002350659744782,1.1960008413572376,0.0068441814270231854
8.443,0,-3.9984168424699025,-3.0008385822730674,1.1970843524812833,0.016491612641027397
8.443,1,-3.9993936087721567,3.0023509662597223,1.1959800841667798,0.006783906120668827
8.457,0,-3.9984448615659556,-3.000743428514379,1.1972159918429808,0.016471466148064242
8.457,1,-3.999328791278647,3.0023519035653172,1.195961813403825,0.006692466676211395
8.463,0,-3.998471108040405,-3.000651031635664,1.1973495022837397,0.01642465006347943
8.463,1,-3.9992642157004505,3.0023532735651535,1.1959466799077383,0.006585933253137307
8.467,0,-3.998495673670528,-3.0005613473869803,1.197484465557758,0.01635920218174043
8.467,1,-3.999200032749624,3.002354904042312,1.1959350747148274,0.006475631547866491
8.485,0,-3.9985186605448724,-3.000474307999463,1.1976204679311133,0.016259501781058634
8.485,1,-3.9991363823137442,3.0023566541259648,1.1959271836172154,0.00637020919588628
8.491,0,-3.9985401797531503,-3.0003898271507006,1.1977567288774211,0.01610120872267855
8.491,1,-3.999073390266353,3.0023584126041585,1.1959230137999763,0.006273737580716793
8.501,0,-3.9985603547923847,-3.0003078162325747,1.197892557667969,0.015902122270406913
8.501,1,-3.999011164931457,3.002360086642684,1.1959225210043005,0.006188507763946824
8.511,0,-3.9985793260140063,-3.0002281999210902,1.1980274575795107,0.015674246290172823
8.511,1,-3.9989497943449037,3.002361590735803,1.1959256344494933,0.00611633659733366
8.52,0,-3.998597252891267,-3.000150926594733,1.1981610718002345,0.015425291170106539
8.52,1,-3.9988893446730933,3.0023628389536667,1.1959322635202931,0.0060586095564708915
8.531,0,-3.998614314246036,-3.0000759747950143,1.1982931306112041,0.015159089472642781
8.532,1,-3.9988298595518823,3.0023637398892253,1.1959422953254113,0.006016276510624412
8.541,0,-3.998630706976443,-3.0000033564272086,1.1984233514587952,0.014864761016801491
8.541,1,-3.9987713600249157,3.0023641939029613,1.1959553051344776,0.005972282468401254
8.551,0,-3.9986466411071495,-2.9999331169122203,1.1985513725368775,0.014541622138667306
8.551,1,-3.998713846239281,3.002364094394833,1.1959701323658167,0.005910263386022174
8.56,0,-3.9986623304485858,-2.9998653331960448,1.1986769117142335,0.014195692206352513
8.56,1,-3.9986573030115378,3.002363333391106,1.1959858297794586,0.005832787553980515
8.569,0,-3.998677984424425,-2.9998001104089305,1.1987997647067694,0.013832492748248703
8.569,1,-3.998601704465789,3.0023618072675315,1.1960017422949027,0.005745062351382005
8.58,0,-3.9986938021195972,-2.999737578104247,1.198919793022479,0.01345554651210712
8.58,1,-3.9985470175519113,3.0023594208699302,1.1960174251612739,0.00565211417021124
8.589,0,-3.998709968008027,-2.9996778863507103,1.199036890734341,0.01306649820158708
8.589,1,-3.9984932048230055,3.0023560902940605,1.1960325671768883,0.005557872808787957
8.6,0,-3.9987266492083386,-2.9996212027086444,1.1991511800220886,0.012716403659940053
8.6,1,-3.9984402265931105,3.0023517447290424,1.1960467900799014,0.005454984314217924
8.612,0,-3.9987439965140577,-2.999567713594745,1.199263510889425,0.012445790250905893
8.612,1,-3.998388044885553,3.002346326931591,1.1960592670235037,0.00534168784728708
8.619,0,-3.99876215038888,-2.9995176284803646,1.1993746290567322,0.012229487994615698
8.619,1,-3.9983366327493606,3.002339790319044,1.1960693328676242,0.005230718877449496
8.639,0,-3.9987812471213964,-2.999471185654709,1.199485023295139,0.012050059576641917
8.639,1,-3.9982859821683023,3.002332096175501,1.1960765467718972,0.0051306123506405146
8.655,0,-3.9988014229277,-2.9994286553990714,1.1995950099319599,0.011897509333044771
8.655,1,-3.99823610894411,3.0023232115133003,1.196080607758928,0.0050469456387064945
8.664,0,-3.9988228163789743,-2.9993903401202138,1.1997047909172185,0.011765320124099378
8.664,1,-3.9981870554718597,3.0023131068804885,1.1960817471044918,0.004982187726938094
8.667,0,-3.9988455665109184,-2.999356565898765,1.1998144740977847,0.011650342504907285
8.667,1,-3.998138889436913,3.002301754876221,1.1960816565750723,0.00492096293675076
8.672,0,-3.998869803984382,-2.9993276590959073,1.1999241128701763,0.011553779046450588
8.672,1,-3.9980916935236763,3.0022891345566025,1.1960818200541947,0.004856503012611476
8.681000000000001,0,-3.998895642583496,-2.999303923231817,1.2000337294749848,0.011478876076732704
8.681000000000001,1,-3.998045555679904,3.0022752343611265,1.19608323193475,0.004792777782235623
8.69,0,-3.99892317387501,-2.999285622538589,1.2001433427144257,0.011431183588906336
8.69,1,-3.9980005620648233,3.0022600536145814,1.1960865621024166,0.004736361490510536
8.699,0,-3.9989524643026795,-2.9992729708509214,1.2002529669104265,0.011412085750194248
8.699,1,-3.9979567919023093,3.0022436034572038,1.1960922295559124,0.004691116037420633
8.712,0,-3.998983554455286,-2.9992661240634577,1.2003625636696529,0.011420035517876943
8.712,1,-3.9979143136963833,3.0022259082159333,1.196099952021945,0.004645881590859242
8.724,0,-3.9990164613450823,-2.9992651751610673,1.2004720930716402,0.011457899495000562
8.724,1,-3.997873185844061,3.0022070067432094,1.1961091307029577,0.004595904545842816
8.733,0,-3.9990511818836083,-2.9992701516801734,1.2005815227119034,0.011525485304322734
8.733,1,-3.997833459421307,3.0021869537834185,1.1961193259337617,0.00454000543513664
8.741,0,-3.9990876962242554,-2.9992810158709657,1.2006908258990985,0.011622642572872953
8.741,1,-3.997795180072187,3.0021658209264075,1.1961302136296148,0.004477906436394436
8.748,0,-3.9991259708867664,-2.9992976673422254,1.200799997900565,0.011747346591765217
8.748,1,-3.997758389434288,3.0021436966114807,1.1961415671689464,0.004409719152747583
8.761,0,-3.9991659613730794,-2.9993199461973292,1.2009089021047703,0.011858951358361956
8.761,1,-3.9977231262524753,3.00212068525766,1.1961532754643975,0.004339969245473386
8.771,0,-3.99920761717971,-2.9993476338296525,1.201016777181703,0.011912055054288335
8.771,1,-3.9976894272025407,3.0020969045596426,1.1961656199648516,0.004278648674742077
8.782,0,-3.9992508972465672,-2.9993804578735848,1.2011229206535037,0.011931115359479513
8.782,1,-3.9976573251127046,3.002072479307085,1.1961789385175845,0.004224518643213833
8.794,0,-3.9992957844133117,-2.9994180947155806,1.2012268628695302,0.0119310663266097
8.794,1,-3.9976268468797036,3.002047534215722,1.1961934478747271,0.004176564387963442
8.799,0,-3.9993422946445922,-2.999460172644902,1.201328295007386,0.011922432116589155
8.799,1,-3.997598012176367,3.002022188405718,1.1962092758506953,0.004134756124868325
8.813,0,-3.999390482303813,-2.999506277053605,1.2014271482054724,0.011937618264840586
8.813,1,-3.9975708321951564,3.0019965515501656,1.1962261854739302,0.004059572320094388
8.822,0,-3.999440437856927,-2.9995559584159714,1.2015239395042503,0.012007089861878375
8.822,1,-3.997545308716428,3.001970720097012,1.1962423916700466,0.0038990302943489675
8.827,1,-3.997521441833924,3.0019447702325732,1.196256181756149,0.0036905903141042024
8.832,0,-3.9994922681552034,-2.999608739956328,1.201619190214701,0.012107817743717332
8.841,0,-3.9995460753399015,-2.9996641274059876,1.201713263296555,0.012224289309672839
8.841,1,-3.997499235959552,3.0019187521409147,1.1962663979174442,0.0034763294252999725
8.848,0,-3.9996019420189013,-2.999721617773441,1.2018064301608313,0.012345553147689635
8.848,1,-3.997478702923437,3.0018926867678255,1.1962722887567303,0.003295393010983398
8.861,0,-3.9996599212542376,-2.9997807064397595,1.201898887545496,0.012462219780042031
8.861,1,-3.9974598636674745,3.0018665644379516,1.1962733743828287,0.0031812948825753365
8.872,0,-3.9997200292296724,-2.999840892329829,1.2019902869803267,0.01248207467805834
8.872,1,-3.997442750723075,3.001840344722702,1.1962703784006785,0.0031181117270710312
8.879,0,-3.999782241721307,-2.9999016832307257,1.202079091918908,0.012374051032497392
8.879,1,-3.9974274110179833,3.00181395793419,1.196266612903876,0.003038415993996806
8.889,0,-3.999846499479278,-2.9999626033092155,1.202164072673071,0.012180578429746309
8.889,1,-3.9974139004760727,3.0017873094498824,1.1962647929466397,0.0029644130605492917
8.898,0,-3.999912711627491,-3.0000231971508913,1.2022444165910735,0.011930793541250831
8.898,1,-3.9974022831226796,3.0017602840507243,1.1962667386621157,0.002954980788860573
8.909,0,-3.9999807587842504,-3.000083032569755,1.2023196161025145,0.011645256965086821
8.909,1,-3.9973926307472536,3.001732749816706,1.1962736519409116,0.0030624299075396873
8.919,0,-4.000050496292013,-3.0001417026114012,1.2023893586518168,0.01133610723287239
8.919,1,-3.997385022074491,3.001704561864836,1.1962863128439039,0.003309649118798993
8.928,0,-4.000121757810172,-3.00019882646943,1.2024537053725728,0.011049349616832583
8.928,1,-3.997379542900043,3.001675565238033,1.1963058055438416,0.003784145407064074
8.939,0,-4.000194360243851,-3.0002540497786567,1.202513649830756,0.01081182358288527
8.939,1,-3.9973762864165887,3.001645599555076,1.1963350489819629,0.0045992087667109435
8.95,0,-4.000268108536267,-3.000307048971394,1.2025701088470828,0.010600392439179263
8.95,1,-3.9973753416144207,3.001614513794559,1.1963764606843674,0.005697016287523831
8.959,0,-4.000342801709827,-3.000357534368159,1.2026237289295274,0.010400491922773362
8.959,1,-3.9973767862248977,3.001582178987534,1.1964316007970162,0.006992105883709172
8.97,0,-4.000418237924049,-3.000405251562296,1.2026749668062862,0.010204578112733806
8.97,1,-3.99738068312653,3.001548496437239,1.1965014225798847,0.008408761044789844
8.98,0,-4.000494218181737,-3.0004499820476758,1.2027240732157216,0.00999026064784188
8.98,1,-3.9973870773755715,3.0015134032613857,1.1965860459435063,0.009768970039765398
8.989,0,-4.000570548896144,-3.0004915463483632,1.2027699520284254,0.009684466053196344
8.989,1,-3.9973959922549085,3.0014768786740493,1.196682542732392,0.010792186139243098
8.999,0,-4.000647046143476,-3.000529798929308,1.2028109826909779,0.009320419615662753
8.999,1,-3.9974074480146013,3.0014389419104344,1.1967876485738442,0.01156156439171198
9.008,0,-4.000723539460625,-3.000564620544879,1.2028460742850626,0.008936371952689327
9.008,1,-3.9974214791770724,3.0013996504358538,1.196899065056697,0.012149234095964197
9.033,0,-4.000799873994875,-3.000595914659087,1.202874515622797,0.008562248420106423
9.033,1,-3.9974381433519146,3.001359098845907,1.1970151617709421,0.01260717147836946
9.037,0,-4.00087591190055,-3.0006236045640757,1.2028958512257861,0.00822217337923636
9.037,1,-3.997457526523118,3.0013174162233414,1.197134785404229,0.012974024660311964
9.038,0,-4.000951533100931,-3.000647631074775,1.2029097904831034,0.007935170994914602
9.038,1,-3.9974797462548914,3.001274762648633,1.1972572840803233,0.013328102518415312
9.051,0,-4.001026634649467,-3.000667950726104,1.2029160575598605,0.007717710453667109
9.051,1,-3.9975049539536576,3.001231324087761,1.1973833759911285,0.013786138951622208
9.059,0,-4.001101126739148,-3.0006845326692613,1.2029144580190647,0.007585078784715695
9.059,1,-3.99753332446143,3.0011873061779815,1.1975139899275442,0.01431460794336352
9.068,0,-4.001174927970971,-3.0006973557624366,1.2029049011071218,0.00754596765630557
9.068,1,-3.997565044924836,3.0011429264276894,1.1976497053704187,0.014888143701659442
9.081,0,-4.00124796184596,-3.000706406404366,1.2028873774690931,0.007602532166951347
9.081,1,-3.9976003072267776,3.0010984072519737,1.1977908895009308,0.015491351676456636
9.091,0,-4.001320154398046,-3.000711676930956,1.202861925953962,0.0077511099757994265
9.091,1,-3.9976393018081726,3.0010539706229307,1.1979377411980414,0.01611016430376857
9.101,0,-4.001391432349361,-3.0007131631675583,1.2028289615023524,0.00794617856476843
9.101,1,-3.9976822109741854,3.001009833836678,1.1980899076768718,0.016640816817429165
9.109,0,-4.001461721230155,-3.000710865029871,1.2027897256136861,0.008144507682791378
9.109,1,-3.9977291993985826,3.000966206343754,1.1982459461354977,0.017041802468553798
9.121,0,-4.00153094446421,-3.0007047985167943,1.2027452388813515,0.008340668123056911
9.121,1,-3.9977804083568094,3.00092328892633,1.1984046511119184,0.017354854837171668
9.132,0,-4.00159902205305,-3.0006950030044504,1.2026962288392626,0.008533166179570702
9.132,1,-3.997835947274222,3.00088127358071,1.1985651739462446,0.017608327010669816
9.139,0,-4.001665869778399,-3.0006815450393014,1.2026432268492142,0.008722982173107973
9.142,1,-3.9978958877648147,3.00084034349935,1.1987269142687862,0.01782169181604524
9.148,0,-4.001731398910658,-3.000664519857585,1.2025866632775168,0.00889888571994193
9.148,1,-3.997960261098669,3.0008006732283836,1.1988895486003959,0.01803945088507291
9.161,1,-3.998029062100651,3.00076242828894,1.199053557537827,0.018326474484961785
9.162,0,-4.001795516674858,-3.0006440492194635,1.202527357801722,0.00902358811905411
9.17,0,-4.001858132362429,-3.0006202780728306,1.2024661687064946,0.00910747351216186
9.17,1,-3.9981022561050272,3.0007257588141756,1.1992195423008105,0.018662175683719986
9.177,0,-4.00191916507813,-3.000593369165401,1.202403688782351,0.009163121781398552
9.177,1,-3.998179789627924,3.0006907926120934,1.1993878899829689,0.019028423539904096
9.191,0,-4.0019785490646855,-3.000563497457145,1.2023403182068473,0.009199675248285773
9.191,1,-3.9982615999944615,3.0006576308594703,1.1995588247820828,0.019412647798367166
9.201,0,-4.002036237118023,-3.0005308455844455,1.2022763352920331,0.009223061475718986
9.201,1,-3.998347622475151,3.00062634575602,1.1997324681441772,0.01980828090656085
9.211,0,-4.002092202220062,-3.0004955997126146,1.2022121281407134,0.009202070330740709
9.211,1,-3.998437793557728,3.0005969790125984,1.1999085286131101,0.020118806360349867
9.221,0,-4.002146437287665,-3.000457945875868,1.2021486735313607,0.009113344243545915
9.221,1,-3.9985320434825504,3.000569541179305,1.200084996886779,0.020230395972480737
9.24,0,-4.0021989553830215,-3.0004180704387746,1.2020867984279093,0.00898002435892879
9.24,1,-3.9986302882136644,3.000544022496213,1.2002599512095335,0.02020875282020612
9.246,0,-4.002249788267393,-3.0003761590905866,1.2020270698421562,0.00881900746236985
9.246,1,-3.9987324148669225,3.000520402286932,1.2004320870712666,0.020099825333400156
9.247,0,-4.0022989845714045,-3.0003323955766272,1.201969862312647,0.0086429109488295
9.271,0,-4.002346607940273,-3.000286960642516,1.2019154156328054,0.008459854809671081
9.271,1,-3.9988382701643688,3.000498655224474,1.2006005157251702,0.01993359624870244
9.283,0,-4.00239273517337,-3.0002400311247084,1.2018639013672208,0.008272064262637794
9.283,1,-3.9989476541301237,3.0004787562435196,1.2007646347303897,0.019729496566678443
9.286,0,-4.0024374541644665,-3.0001917800852524,1.2018155763747795,0.008073403674285464
9.286,1,-3.9990603176218924,3.000460684281283,1.2009240654997035,0.01950440790525422
9.292,0,-4.002480861273586,-3.0001423826746305,1.2017706948269886,0.007871068131102383
9.292,1,-3.9991759625146654,3.0004444247121036,1.201078709357822,0.019276083321930038
9.293,1,-3.999294241803749,3.0004299690059386,1.2012285813584298,0.019040959167233983
9.301,0,-4.002523058100938,-3.0000920242231905,1.2017294076252354,0.007669882529279015
9.301,1,-3.9994147615309465,3.0004173134390686,1.2013737011245096,0.01879530603423439
9.315,0,-4.002564148485939,-3.0000409054631527,1.2016918079203056,0.007471681580778574
9.315,1,-3.999537084853058,3.0004064581982446,1.2015141057133492,0.018535381237752235
9.322,0,-4.00260423640751,-2.9999892453260406,1.2016576875327853,0.007310942887998731
9.322,1,-3.9996607372009847,3.0003974067521044,1.20164997854505,0.018286924418602957
9.329,0,-4.002643425642552,-2.999937279465326,1.2016256023427534,0.007219985897449766
9.329,1,-3.9997852150260242,3.0003901646622997,1.2017821555962822,0.018080417330452972
9.342,0,-4.002681819777412,-2.9998852498068067,1.201594173246804,0.0071691789093298805
9.342,1,-3.9999100004105554,3.000384732484338,1.201911429610748,0.017891558624406882
9.352,0,-4.002719523868222,-2.999833393935395,1.201562465331512,0.007141968645555967
9.352,1,-4.000034577382923,3.000381099345465,1.2020383566972799,0.017703574028762485
9.362,0,-4.002756645982458,-2.9997819373036583,1.201529843024814,0.007130549013995125
9.362,1,-4.000158444990319,3.0003792388194204,1.202163312876281,0.01750526928275635
9.371,0,-4.002793297841384,-2.999731088150867,1.2014963482845653,0.0070697299099598395
9.371,1,-4.000281126563932,3.0003791065030048,1.202286647542214,0.01731244780539412
9.381,0,-4.00282959203371,-2.9996810381578056,1.2014637806325144,0.0069087783021473635
9.381,1,-4.000402172995992,3.0003806385717904,1.2024091272163178,0.017149161843620878
9.391,0,-4.002865633944366,-2.9996319691425573,1.2014337431545132,0.006684565630191443
9.391,1,-4.00052115824844,3.0003837479901274,1.2025314221206636,0.016998065904269066
9.401,0,-4.002901512838934,-2.9995840605562636,1.201407302663606,0.006425754286022057
9.401,1,-4.000637672895532,3.000388322341148,1.2026539695297649,0.016848593963923523
9.414,0,-4.002937295800817,-2.999537494613409,1.2013851745297812,0.0061543162213793445
9.414,1,-4.000751319481734,3.0003942235478367,1.202777068189519,0.01669432466585991
9.42,0,-4.002973024093563,-2.999492459128888,1.201367815546605,0.005887035707532822
9.42,1,-4.000861709720145,3.0004012888606413,1.2029009042164078,0.01652990408329641
9.428,0,-4.003008711376973,-2.9994491479586216,1.2013551428722316,0.005653627340171307
9.428,1,-4.000968462749486,3.0004093329235997,1.203025680636247,0.016371327046874017
9.447,0,-4.003044343373655,-2.999407755893278,1.2013457589351169,0.005453625618721082
9.447,1,-4.001071206273756,3.000418150934372,1.2031517916200274,0.016226719538821526
9.452,0,-4.003079878590532,-2.9993684698409657,1.2013384016097115,0.005262702632137704
9.452,1,-4.001169583630909,3.00042752272331,1.2032795366499414,0.016090589490601687
9.459,0,-4.003115249894229,-2.9993314585584634,1.2013321956682355,0.005070236565075516
9.459,1,-4.001263259690829,3.0004372168775197,1.2034091025396614,0.015960095340678635
9.47,0,-4.003150366768599,-2.9992968651657828,1.2013265505285813,0.004872172095458394
9.47,1,-4.001351924831749,3.0004469942050056,1.2035406089335836,0.01583604613457818
9.477,0,-4.003185118072847,-2.9992648022504897,1.2013210510155103,0.004668146738001304
9.477,1,-4.0014352992015,3.0004566110759203,1.2036738573568537,0.015644405967646997
9.49,0,-4.0032193751761715,-2.999235348873151,1.2013153788375748,0.004459089796027115
9.49,1,-4.001513143532699,3.0004658259231562,1.2038068417651164,0.015240019880325494
9.501,0,-4.003252995405416,-2.9992085490394045,1.2013093208119174,0.0042462028948420175
9.501,1,-4.001585253867,3.0004744138360837,1.2039374379319616,0.014681541770886338
9.511,0,-4.003285825400027,-2.999184411416948,1.2013027399931548,0.004031065010196219
9.511,1,-4.0016514597772845,3.0004821813683136,1.2040642182740817,0.014018820130378995
9.521,0,-4.003317704219746,-2.9991629101424744,1.2012955413012694,0.003815336382766715
9.521,1,-4.001711626920377,3.0004889764828624,1.2041862198335265,0.013285960106226317
9.528,0,-4.003348466191911,-2.9991439866156195,1.2012876634125114,0.0036003345322608024
9.528,1,-4.001765658178795,3.0004946942853463,1.2043027913917415,0.012509571522508405
9.538,0,-4.003377943644255,-2.9991275518202976,1.2012789834150477,0.003393825944094972
9.538,1,-4.001813494858981,3.0004992798620216,1.204413327838217,0.011652063036105598
9.55,0,-4.003405971426962,-2.9991134905063013,1.2012690799271208,0.0032068691970522445
9.55,1,-4.001855123708655,3.0005027286373607,1.2045161126513872,0.01061695459965365
9.561,0,-4.0034323940942445,-2.999101670872641,1.201257592560598,0.0030442944161626294
9.561,1,-4.001890570762551,3.0005050778218867,1.2046094698332248,0.00946104866607811
9.57,0,-4.003457072592232,-2.9990919533350415,1.2012442881394778,0.002911508684305004
9.57,1,-4.001919898550069,3.0005063964829373,1.2046923059270616,0.008229965721923832
9.58,0,-4.003479888781096,-2.999084197128558,1.201229009055643,0.002814396696768439
9.58,1,-4.0019432064914495,3.0005067778671495,1.204763917009793,0.0069549213034743795
9.591,0,-4.003500748032092,-2.9990782653351054,1.2012116488378595,0.0027572578730902077
9.591,1,-4.001960629761637,3.0005063330454322,1.2048238739534043,0.005661735794198251
9.601,0,-4.00351957962742,-2.9990740290813185,1.201192451576548,0.002676674318305248
9.601,1,-4.001972333972124,3.00050518520931,1.2048724676401446,0.004517628146058972
9.609,0,-4.003536333620259,-2.9990713694126003,1.2011730979628779,0.0024737492060958924
9.611,1,-4.001978502042057,3.0005034638451673,1.2049125336985351,0.0037330005182589945
9.628,0,-4.003550980391457,-2.999070167574663,1.2011551767952988,0.00217913203100231
9.628,1,-4.00197934769769,3.0005013017144417,1.2049468304536566,0.003241556016678945
9.634,0,-4.003563507551006,-2.9990702965294287,1.201139753791529,0.0018233089865941974
9.634,1,-4.001975116941256,3.0004988305728117,1.2049772789873199,0.0029953496772091204
9.642,0,-4.003573916350777,-2.9990716160967015,1.2011275472736458,0.001432681592725523
9.642,1,-4.001966082855178,3.0004961773475793,1.2050052306329746,0.002943485349482367
9.65,0,-4.003582219097872,-2.9990739700586633,1.2011189456611895,0.0010538152620821846
9.65,1,-4.001952541360685,3.000493461435207,1.2050315221522283,0.0029966812832243612
9.66,0,-4.0035884368241215,-2.999077187234533,1.2011137534206031,0.0007388500958014842
9.66,1,-4.001934811500324,3.0004907915329664,1.2050557398504476,0.0030308881572463165
9.671,0,-4.003592593367718,-2.9990810913354853,1.2011116985768038,0.0005320067253577059
9.671,1,-4.001913232707172,3.000488257917652,1.2050771027128906,0.0030680601724504576
9.682,0,-4.003594710378612,-2.999085511223009,1.2011125665616296,0.0005213488200699415
9.682,1,-4.001888164882353,3.000485924068221,1.205095092775821,0.0031251454897666185
9.69,1,-4.001859989567599,3.0004838212825047,1.2051093698105098,0.0032079377648894136
9.691,0,-4.003594804002945,-2.9990902881205894,1.2011161722026809,0.0006901859619503296
9.699,1,-4.001829108882848,3.0004819459062193,1.2051198332768511,0.0033246788090649584
9.701,0,-4.0035928828662,-2.999095280553505,1.2011222545397577,0.0009033071161508935
9.711,0,-4.003588948958425,-2.999100366766901,1.2011297430495032,0.001048124582979579
9.711,1,-4.00179594179556,3.000480260004417,1.2051272160206443,0.0034680534898914044
9.72,0,-4.003582998610666,-2.999105443902792,1.2011375302392417,0.0011469732706714006
9.72,1,-4.001760921928474,3.000478697523106,1.205132346545737,0.003601770332222491
9.731,0,-4.003575025204265,-2.9991104255392567,1.201144856698304,0.0012309714275319285
9.731,1,-4.001724492914606,3.000477172531898,1.205135802825131,0.003707570078748429
9.738,0,-4.003565022043159,-2.999115239469914,1.201151200080891,0.0013227629232837204
9.738,1,-4.001687102985122,3.0004755864025303,1.2051379975737166,0.0037769291715266553
9.75,0,-4.003552984419347,-2.9991198258301837,1.2011561941340398,0.0014364505393614137
9.75,1,-4.001649200213233,3.000473833615756,1.2051392166506183,0.003806124803885216
9.761,0,-4.003538910660863,-2.9991241355242853,1.2011596487011753,0.0015803131184099202
9.761,1,-4.001611228358169,3.0004718062787163,1.2051395654632866,0.003794085953991816
9.769,0,-4.003522799563876,-2.9991281294386734,1.2011615679736345,0.0017500920124225098
9.769,1,-4.00157362299848,3.0004693949390018,1.2051388884480148,0.00374288636513962
9.781,0,-4.003504643768752,-2.9991317785447977,1.2011619637325042,0.0019398608003690602
9.781,1,-4.001536807773304,3.000466483786161,1.2051370513125115,0.0036557980945428987
9.79,0,-4.0034844238839655,-2.999135063786423,1.2011608392396476,0.0021461941012851913
9.79,1,-4.001501191234454,3.0004629461786942,1.205133973994127,0.003536510135914368
9.803,0,-4.003462104790262,-2.9991379756703505,1.201158207169052,0.002367074423204576
9.803,1,-4.001467164312953,3.0004586422673856,1.2051296232371669,0.0033893709510042277
9.808,0,-4.003437633897789,-2.9991405135891096,1.2011539844682937,0.002607147402616798
9.808,1,-4.001435098710509,3.000453418046019,1.2051241687425385,0.0032095775276431214
9.82,0,-4.003410942127372,-2.9991426832081007,1.2011475067060082,0.002883578306297535
9.82,1,-4.001405345763491,3.0004471046279315,1.20511890399318,0.0029809102324485385
9.831,0,-4.00338194540758,-2.999144487292676,1.2011380933312816,0.0032009317870723797
9.831,1,-4.001378225302693,3.0004395206729435,1.2051151810430332,0.0027263271499839065
9.842,0,-4.003350547867737,-2.999145915801359,1.2011252997244937,0.0035578410490321234
9.842,1,-4.001354014486532,3.0004304753514313,1.2051139185567321,0.002483053461513031
9.851,0,-4.003316645596723,-2.9991469392788757,1.2011088396217338,0.003949596421598873
9.851,1,-4.001332941588058,3.000419771084721,1.20511572652453,0.0022974785601790316
9.858,0,-4.003280130127788,-2.999147505007563,1.2010885382520518,0.00437016734130536
9.858,1,-4.001315183007514,3.000407206454334,1.2051210035937558,0.0022190044183565305
9.869,0,-4.003240890887307,-2.999147535156713,1.201064479118277,0.004782552635049059
9.869,1,-4.001300860910307,3.0003925800457596,1.2051295400963207,0.0022224564235836606
9.879,0,-4.003198816261419,-2.9991469293842865,1.2010379646090856,0.005120223743382038
9.879,1,-4.001290037436692,3.000375699458898,1.2051388342737313,0.002205192033351452
9.891,0,-4.003153805050311,-2.999145581570768,1.2010103880876464,0.0054056822824769145
9.891,1,-4.001282723534736,3.0003563868494836,1.2051464709533801,0.002218091752473631
9.903,0,-4.003105776540917,-2.999143399229157,1.2009827114827545,0.005660908828535357
9.903,1,-4.00127888348795,3.00033448704163,1.2051508296542122,0.0023355212073338546
9.91,0,-4.00305467569967,-2.99914031720579,1.200955582318611,0.005901919602837833
9.912,1,-4.001278437304614,3.0003098745399965,1.2051508362158962,0.0025974722139058505
9.921,0,-4.0030004757958535,-2.9991363065815246,1.2009294276766114,0.0061377310541935355
9.921,1,-4.001281264069447,3.000282457866592,1.2051457842972741,0.002995823834377819
9.932,0,-4.002943179610016,-2.9991313797288237,1.2009043860996094,0.006387638989280305
9.932,1,-4.0012872076981285,3.000252180254389,1.2051357139350096,0.0034496673837508506
9.939,0,-4.002882821984869,-2.9991255903944003,1.2008799900572493,0.006659551355324683
9.939,1,-4.0012960834886195,3.000219019620372,1.2051224881363554,0.0038589831612450454
9.949,0,-4.002819472384996,-2.999119026086218,1.2008557856107314,0.006939669334573267
9.949,1,-4.001307672235628,3.000183002965303,1.2051077869906597,0.004216002168705594
9.959,0,-4.0027532381504844,-2.9991117999109305,1.2008314561681388,0.007217551217552185
9.959,1,-4.001321720468249,3.000144214604338,1.2050927556683415,0.004527909245021645
9.97,0,-4.002684265940495,-2.9991040439280043,1.2008067956349533,0.007485044997855706
9.97,1,-4.001337943628713,3.000102798927769,1.2050781859828472,0.004800371983663274
9.981,0,-4.002612741256061,-2.999095903782254,1.2007817065245534,0.0077310471041007285
9.981,1,-4.001356030030984,3.000058960103056,1.2050646434497927,0.005034161181708495
9.992,0,-4.002538883751075,-2.999087534509856,1.2007565322665386,0.007937553579133899
9.992,1,-4.001375646615934,3.0000129543457787,1.2050526095501146,0.005229132416865195
10.005,0,-4.002462935451103,-2.999079098459847,1.2007317250892262,0.008108265408220803
10.005,1,-4.001396446460894,2.9999650708470735,1.2050424355702434,0.005387652327984558
10.012,0,-4.0023851457338795,-2.999070763833033,1.2007075864634178,0.008248052703656075
10.012,1,-4.00141807579082,2.9999156122909802,1.2050343553646878,0.005511847741707725
10.02,0,-4.0023057591185855,-2.9990627028876466,1.2006842992637266,0.00836148629627888
10.02,1,-4.0014401796025565,2.9998648799108123,1.2050285090874777,0.005603988782261355
10.047,0,-4.002225006320687,-2.9990550899168453,1.2006619612766545,0.008452275825090656
10.047,1,-4.001462406195938,2.999813162306649,1.2050249724010171,0.0056664373698768495
10.051,0,-4.0021430979329535,-2.9990480991334443,1.2006406770453573,0.008519378224359069
10.051,1,-4.001484410847429,2.9997607273123257,1.205023655787984,0.0057024543434170995
10.062,0,-4.002060220769957,-2.9990419012930074,1.2006209566478392,0.008556536440047762
10.062,1,-4.001505859161062,2.9997078181307932,1.2050235497402344,0.005710175937296763
10.067,0,-4.001976540119282,-2.999036653409519,1.2006033650571022,0.008574085629340514
10.067,1,-4.001526429456649,2.999654655210297,1.2050235709523252,0.005688286483452327
10.071,0,-4.001892204165489,-2.9990324868163225,1.200588261588989,0.008580630923094886
10.071,1,-4.0015458143172395,2.999601441208271,1.2050229697007575,0.005640599056705523
10.081,0,-4.001807347564268,-2.999029499114779,1.2005758487825842,0.008581890770888922
10.081,1,-4.001563721900332,2.999548365083815,1.2050212312930302,0.005572399848643778
10.091,0,-4.001722094338133,-2.9990277495599496,1.2005662545074112,0.008580830433787297
10.091,1,-4.001579876873534,2.9994956048728394,1.205018023172494,0.0054889062664316415
10.101,0,-4.001636560061587,-2.999027257421591,1.2005597235268475,0.00857726954611271
10.101,1,-4.001594020600318,2.999443329599954,1.2050133822609024,0.005388249468324066
10.111,0,-4.001550850439696,-2.999028008657875,1.2005569564110081,0.008577631429646296
10.111,1,-4.001605910718509,2.999391699013909,1.2050084864157287,0.005263127245559457
10.12,1,-4.0016153275449895,2.9993408565655955,1.205004458523059,0.005123390836520631
10.121,0,-4.001465053034761,-2.9990299757223644,1.200558502479209,0.008592919543709693
10.131,0,-4.001379228696028,-2.999033137880142,1.2005647129582564,0.00863127153145704
10.131,1,-4.001622078848652,2.9992909218987176,1.205002060841042,0.004982551998452237
10.141,0,-4.0012934058910865,-2.999037495318224,1.2005757817750842,0.008698100459222563
10.141,1,-4.0016260020038015,2.999241985979399,1.2050017928169483,0.00485436085537061
10.149000000000001,0,-4.001207577544239,-2.9990430779485404,1.2005917465699425,0.00879309033841304
10.149000000000001,1,-4.001626964595934,2.9991941086064275,1.2050039452904104,0.0047505664203309535
10.162,0,-4.001121700962091,-2.9990499487604616,1.2006117307282225,0.008884569377635154
10.162,1,-4.0016248631221485,2.9991473201483254,1.2050086377533233,0.004679464994136923
10.171,0,-4.001035706469312,-2.999058202149303,1.2006343110940867,0.008964641270523746
10.171,1,-4.001619619120314,2.999101629840281,1.2050159205393831,0.004646224958356849
10.18,0,-4.000949511733469,-2.9990679588362945,1.2006584728358218,0.009036966197026796
10.18,1,-4.001611175235428,2.9990570345016017,1.2050258026850795,0.004653197637328992
10.189,0,-4.000863033171293,-2.999079360156186,1.2006835092666779,0.00910599824126571
10.189,1,-4.001599492007357,2.999013525119786,1.205038265895587,0.004700405927424471
10.198,0,-4.0007761940137065,-2.9990925633368732,1.2007089281200782,0.009175979222159238
10.198,1,-4.001584545254927,2.9989710916289827,1.205053285011056,0.004786142928917825
10.211,0,-4.00068892989056,-2.9991077374145045,1.2007345322069194,0.009261468813239594
10.211,1,-4.0015663243811606,2.9989297261098686,1.2050707201206141,0.0048952708173277204
10.222,0,-4.000601191828047,-2.999125056880501,1.2007608922791937,0.009379050536827268
10.222,1,-4.001544835472389,2.998889423447894,1.2050899277824567,0.005005672462334283
10.236,0,-4.0005129473639185,-2.9991446837944498,1.200788624803958,0.009522775647332051
10.236,1,-4.001520110725675,2.9988501789320297,1.2051103130448926,0.005118395333735821
10.247,0,-4.000424180502652,-2.9991667508982784,1.2008181448608812,0.009687260066894833
10.247,1,-4.001492219697359,2.9988119843896412,1.205131461835448,0.0052334096070603036
10.253,0,-4.00033489138171,-2.999191350700214,1.2008497160643767,0.009867374897903437
10.253,1,-4.001461276648898,2.998774824995331,1.20515306929358,0.005349034400532722
10.258,1,-4.001427443794363,2.998738677078905,1.205174911654128,0.005463304289404866
10.261,0,-4.0002450956940105,-2.9992185290441937,1.2008835007631298,0.010059045910186163
10.271,0,-4.000154823764529,-2.999248282225846,1.2009195533713835,0.010252335761985209
10.271,1,-4.0013909320351155,2.998703506618875,1.2051965432795093,0.00554182975040303
10.281,0,-4.0000641180402114,-2.9992805588800726,1.2009576656516714,0.010437519988527549
10.281,1,-4.001351994537249,2.998669267789614,1.2052165358550369,0.005565228315561996
10.291,0,-3.999973027082789,-2.9993152700117562,1.2009976201397183,0.010613985020798928
10.291,1,-4.001310901230574,2.998635903474207,1.2052336798116896,0.005563134140819035
10.301,0,-3.9998815997651294,-2.9993522992799586,1.2010392514751431,0.010781440993099642
10.301,1,-4.001267916885873,2.9986033454083514,1.2052471763336245,0.005558592301085229
10.312,0,-3.999789881055302,-2.999391511018457,1.201082419267882,0.01093932846127836
10.312,1,-4.001223286081338,2.998571514897627,1.205256501044195,0.005568371581831771
10.318,0,-3.9996979091033267,-2.999432756242885,1.201126839959576,0.011068469262670022
10.321,1,-4.001177222262283,2.998540324462703,1.205261845582031,0.005612769727880864
10.331,0,-3.999605713522749,-2.9994758742222305,1.2011714879367406,0.011145154259170707
10.331,1,-4.0011299034697245,2.998509680160804,1.2052652945090392,0.005678368067397687
10.341,0,-3.9995133143377735,-2.999520689642221,1.2012154029268904,0.011183921475287793
10.341,1,-4.001081483113747,2.9984794824754544,1.2052687000469424,0.005748642790210483
10.352,0,-3.999420721941974,-2.999567007399655,1.2012579262182965,0.011196358653901159
10.352,1,-4.00103209917138,2.998449628380174,1.205273317437664,0.005823587660711994
10.361,0,-3.999327937541379,-2.9996146092721014,1.2012986192415,0.011190249896227267
10.361,1,-4.000981880465547,2.998420013377658,1.205280002847933,0.005907148711719195
10.368,0,-3.9992349539107788,-2.999663252663074,1.2013371690442767,0.011167724199345343
10.368,1,-4.00093095134005,2.998390533191749,1.2052892542716838,0.0059959612142518656
10.38,0,-3.9991417567703094,-2.9997126714983864,1.201373021124656,0.011116955820016204
10.38,1,-4.000879435832252,2.998361085458823,1.2052996690309556,0.006040282137971883
10.392,0,-3.9990483282784233,-2.9997625851358505,1.201405500132025,0.01104742749594904
10.392,1,-4.000827458648403,2.998331573653555,1.2053087178623973,0.006046312417576782
10.398,0,-3.998954651626937,-2.9998127123011855,1.201434150592,0.010968793685802777
10.398,1,-4.000775144881612,2.9983019117844494,1.2053146364302,0.0060424124570553715
10.408,0,-3.9988607144201054,-2.999862781982868,1.2014586688103246,0.01088769509605321
10.408,1,-4.000722620800648,2.9982720275461787,1.2053162375280135,0.0060542272960683804
10.421,0,-3.998766510708797,-2.99991254126464,1.2014788559256282,0.01080910038952709
10.421,1,-4.00067001423162,2.9982418642014106,1.2053127307540432,0.006100241369619842
10.436,0,-3.99867204196416,-2.9999617607036653,1.201494633095305,0.01073813065263818
10.436,1,-4.000617454625108,2.9982113815274585,1.2053036276971003,0.006189727918788256
10.439,0,-3.9985773158752327,-3.000010236997835,1.201506197642636,0.010678036954477582
10.439,1,-4.00056507161766,2.998180554916423,1.2052888134260507,0.006319618392686296
10.457,0,-3.9984823403004057,-3.0000577921385116,1.2015137994540508,0.010627300507988284
10.457,1,-4.000512988044922,2.9981493693662085,1.2052683443836347,0.0064860655955811565
10.458,0,-3.9983871162449427,-3.0001042709576704,1.2015176375952565,0.010585817241266782
10.458,1,-4.000461311198252,2.998117811779188,1.2052422968226768,0.0066855939065604605
10.467,0,-3.998291632926272,-3.0001495387256774,1.2015178833491253,0.01055429732017243
10.467,1,-4.000410126647732,2.9980858653563556,1.20521076484834,0.0069148891083255625
10.481,0,-3.998195864682907,-3.0001934787079505,1.2015148026739302,0.010532203394139343
10.481,1,-4.0003594945171,2.9980535060144544,1.2051740185912645,0.007146173589743156
10.491,0,-3.998099769915114,-3.0002359876174642,1.2015094746513317,0.010512625439472468
10.491,1,-4.0003094476449625,2.9980207015187235,1.2051329201412584,0.007349479332841149
10.501,0,-3.9980032946863515,-3.000276968739306,1.2015030089738743,0.010493155235412326
10.501,1,-4.000259990418792,2.997987415013888,1.2050882309862756,0.007531490774045965
10.511,0,-3.997906377606419,-3.0003163242880335,1.2014961577998298,0.010474649359315406
10.511,1,-4.000211098947258,2.9979536088987757,1.2050404794293912,0.007699868034994276
10.522,0,-3.9978089536794505,-3.0003539496733977,1.2014894180523963,0.0104586012596384
10.522,1,-4.000162722317858,2.9979192477102883,1.2049900359508487,0.007859834494779927
10.528,0,-3.9977109573232954,-3.0003897299428073,1.2014831346298456,0.010446319565935839
10.528,1,-4.000114784733163,2.9978843002040456,1.2049371797463009,0.00801561445224011
10.542,0,-3.997612324992862,-3.0004235384123876,1.2014773658504363,0.010441512300628506
10.542,1,-4.000067188105883,2.997848740784593,1.2048820604040076,0.008181325415974675
10.548,0,-3.9975130010409163,-3.00045524005105,1.2014712929993079,0.010447383647168802
10.551,1,-4.000019816837075,2.9978125478244335,1.2048245344164803,0.00837243753572893
10.561,0,-3.9974129506463445,-3.0004846993512446,1.2014641050418942,0.010462021128048398
10.561,1,-3.999972547875548,2.99777569421532,1.2047644548274197,0.008582430844493043
10.572,0,-3.997312172642057,-3.0005117900931055,1.2014552581025548,0.010483578657606633
10.572,1,-3.999925260629908,2.997738137491584,1.204701765024286,0.008806188902150949
10.581,0,-3.99721070763215,-3.000536403163012,1.2014443842135156,0.010509712304807487
10.581,1,-3.9998778441589082,2.9976998133223893,1.2046364518798758,0.009041627415222839
10.588000000000001,1,-3.999830201986994,2.9976606316628067,1.2045685283370804,0.009285773142598524
10.589,0,-3.997108642206496,-3.0005584520655986,1.2014312339363413,0.010537375653136546
10.602,0,-3.997006109989765,-3.0005778758242765,1.2014158536657868,0.010551607527342808
10.602,1,-3.9997822550748667,2.9976204750400828,1.2044981312114103,0.00951729391484526
10.611,0,-3.9969032884660707,-3.00059463771254,1.2014001798367804,0.010514998397479703
10.611,1,-3.9997339433776005,2.9975792025451047,1.2044258108647594,0.009712111920982806
10.624,0,-3.996800390211867,-3.000608736329219,1.2013865346314307,0.010439306440469042
10.624,1,-3.999685227037124,2.9975366672604187,1.2043520882634853,0.009881295240537052
10.639,0,-3.9966976501669067,-3.000620216035367,1.2013765012280084,0.01034330548830338
10.639,1,-3.9996360869522234,2.997492734586159,1.204277342642122,0.01003283948638291
10.641,0,-3.9965953143068105,-3.000629170321795,1.2013711235514866,0.010243086466655518
10.641,1,-3.9995865247770213,2.9974472949837954,1.2042018396931828,0.01017231304659329
10.654,0,-3.9964936304088505,-3.0006357431488904,1.2013706358008944,0.010148013947545007
10.654,1,-3.9995365623798564,2.9974002719788606,1.204125900143802,0.010275416467952912
10.659,0,-3.996392840976353,-3.00064012799087,1.201372991843591,0.010042300211250698
10.659,1,-3.9994862388019725,2.9973516265368256,1.204050255379618,0.01032428341160093
10.671,0,-3.996293183931534,-3.00064255017966,1.2013761168347794,0.009913936447252622
10.671,1,-3.999435603137843,2.9973013607425707,1.2039755069513511,0.010336776878962612
10.68,0,-3.9961948947749826,-3.0006432526075524,1.2013785847011194,0.009762469023960389
10.68,1,-3.999384707382725,2.9972495188232604,1.2039020510326326,0.01032404893145027
10.689,0,-3.996098207459274,-3.000642486104759,1.2013794251185177,0.009590973269622213
10.689,1,-3.9993336012060383,2.997196186166905,1.2038301521428005,0.010293071259855005
10.698,0,-3.9960033548294693,-3.0006405017064326,1.2013781838044888,0.0094012918474998
10.698,1,-3.999282328436721,2.9971414872626023,1.203759852236588,0.010275416127160352
10.708,0,-3.99591056750006,-3.0006375444762012,1.2013759666119286,0.009188270212255163
10.708,1,-3.999230925165884,2.997085582798739,1.2036903266055252,0.010321258822839833
10.719,0,-3.995820057641259,-3.000633853039305,1.2013741018025281,0.008952998316873271
10.719,1,-3.9991794191461025,2.9970286617852406,1.2036206671397072,0.010406902997389483
10.732,0,-3.995732001663803,-3.00062965889102,1.201373509308003,0.008702000384020015
10.732,1,-3.9991278300428315,2.9969709337322183,1.2035502661522748,0.01051343155178669
10.741,0,-3.995646529432855,-3.000625184795595,1.201374806673573,0.008443603194451511
10.741,1,-3.9990761698577715,2.996912622303468,1.2034787231543194,0.010630207254645288
10.751,0,-3.9955637180657884,-3.000620643284809,1.2013783977084456,0.008186369293389301
10.751,1,-3.9990244433969147,2.9968539597123356,1.2034057623779726,0.010749464030767
10.761,0,-3.995483590965887,-3.0006162353306793,1.2013851828056235,0.00795384185630422
10.761,1,-3.998972648715192,2.9967951819084417,1.2033311784144956,0.0108748066296589
10.772,0,-3.9954061215795336,-3.0006121454734735,1.2013974753199774,0.0077917376644181646
10.772,1,-3.998920776507762,2.9967365225175056,1.2032546140487381,0.01101668342921531
10.782,0,-3.9953312341625637,-3.0006085295274305,1.2014171039605512,0.007742714922895154
10.782,1,-3.9988688065058877,2.9966782020487286,1.2031757582152491,0.011169062579913855
10.791,0,-3.9952588103388114,-3.00060550380073,1.2014452846361412,0.007836555924433232
10.791,1,-3.9988167037031173,2.996620417723961,1.2030944202002107,0.011328233797725391
10.797,0,-3.9951886964593157,-3.0006031387039576,1.2014827931583005,0.008083666975689378
10.797,1,-3.998764416087437,2.996563336754841,1.2030104778794617,0.011493942962006273
10.812,0,-3.9951207095362586,-3.000601455531777,1.2015295169142652,0.00837354767889381
10.812,1,-3.9987118734557927,2.9965070928290385,1.2029241973405815,0.011590192392679591
10.825,0,-3.99505463994187,-3.0006004273156486,1.2015823962819696,0.008517051575029707
10.825,1,-3.998658985668276,2.996451788166916,1.202837499693999,0.011521903121244518
10.845,0,-3.9949902638069323,-3.0005999920256214,1.2016384363237278,0.008534288230980763
10.845,1,-3.9986056402937065,2.996397501308696,1.2027522143989442,0.01134349047444454
10.847,0,-3.994927349383133,-3.00060006577516,1.2016955829135398,0.008459616985643842
10.847,1,-3.9985517008614018,2.996344297141713,1.2026695626053256,0.011097767525070855
10.848,0,-3.9948656602053667,-3.0006005524349972,1.2017524334214496,0.008324490129282108
10.848,1,-3.9984970066377814,2.9962922350111976,1.2025903451862305,0.010815279846650148
10.861,0,-3.9948049577659934,-3.000601350872411,1.201808045330018,0.008154443325538593
10.861,1,-3.9984413736371267,2.996241374550452,1.2025150819981194,0.0105182033011051
10.871,0,-3.9947450035688026,-3.000602360364818,1.2018614071444749,0.007900304454537562
10.871,1,-3.998384596811285,2.996191779373009,1.2024439591546994,0.010254449147348058
10.879,0,-3.9946855609268,-3.0006034848334755,1.2019104195058106,0.007535973895579065
10.879,1,-3.9983264556134714,2.9961435179894287,1.2023760927939655,0.010089839499892232
10.89,1,-3.9982667231630997,2.9960966642062306,1.2023104746939255,0.009999208291269945
10.891,0,-3.994626397928687,-3.000604636597461,1.201953377313113,0.007130564744006714
10.899000000000001,1,-3.99820517664186,2.996051295736548,1.2022463994551846,0.009964824545786963
10.901,0,-3.9945672887191916,-3.000605738692551,1.201989150340967,0.006740220712633681
10.911,0,-3.9945080143411897,-3.0006067262928147,1.2020169978680297,0.006413231443024019
10.911,1,-3.9981416055848302,2.9960074921450506,1.2021833695192232,0.009974074028280712
10.918,0,-3.994448363481815,-3.0006075475423337,1.2020364796931795,0.006189099525117271
10.918,1,-3.998075817742089,2.9959653329829794,1.2021210366195234,0.010018078931801644
10.93,0,-3.994388132948979,-3.0006081637264055,1.202047689844085,0.006106969164816598
10.93,1,-3.998007642573913,2.995924896347855,1.2020593111297202,0.010064475391533196
10.94,0,-3.9943271306088457,-3.000608546438456,1.2020524459602775,0.00614479346067689
10.94,1,-3.997936931787923,2.995886257311359,1.2019988409495066,0.01008081170658287
10.952,0,-3.9942651897521015,-3.000608669062745,1.202052552979787,0.006242315235128597
10.952,1,-3.99786356068797,2.9958494818661094,1.2019402644783668,0.01008548319664016
10.96,0,-3.994202183455628,-3.0006084977991785,1.2020492849651452,0.006367276338674369
10.96,1,-3.997787427318676,2.99581462186279,1.2018840135419964,0.010091436273045663
10.972,0,-3.9941380335358905,-3.000607985788022,1.2020435283931652,0.006502397771862695
10.972,1,-3.9977084508195473,2.9957817119425214,1.2018303651564146,0.010108446826957227
10.98,0,-3.994072714981644,-3.0006070698754574,1.2020361430998872,0.006629755204272219
10.98,1,-3.9976265690627097,2.995750768230775,1.2017796756639303,0.01011192798557317
10.991,0,-3.994006252978464,-3.000605672166671,1.2020286259752169,0.006736587562829442
10.991,1,-3.997541734272074,2.995721791072435,1.201733485404749,0.0100611958608805
11.001,0,-3.9939387114714227,-3.000603710132625,1.2020221974986935,0.0068276663271988735
11.001,1,-3.9974539179754873,2.995694768479639,1.2016933464858786,0.010004597042096643
11.012,0,-3.9938701794138103,-3.0006011066923257,1.2020176891712575,0.006909763078000645
11.012,1,-3.9973631145948327,2.9956696820971023,1.2016602857609144,0.009978524479279499
11.02,0,-3.9938007593626197,-3.000597797274527,1.2020156653845608,0.006988851571956973
11.02,1,-3.9972693418371903,2.9956465127034586,1.2016349681281722,0.010006330234537328
11.035,0,-3.9937305586689202,-3.0005937343918583,1.2020164915414007,0.007069304197088225
11.035,1,-3.997172640383598,2.9956252439646542,1.2016177882807386,0.010100631430630913
11.039,0,-3.9936596831249926,-3.0005888905244125,1.2020199740201982,0.007146396160607854
11.04,1,-3.99707307626161,2.995605862692049,1.2016078395191907,0.010280942189851447
11.049,0,-3.9935882333959283,-3.0005832590363672,1.2020244121367938,0.007206444789973314
11.049,1,-3.99697074539015,2.9955883551450597,1.2016014207515031,0.010503617795219234
11.06,0,-3.9935163026738416,-3.000576849842853,1.202028296712636,0.007251327761515885
11.06,1,-3.996865765590887,2.995572708422701,1.20159550805206,0.010734935416904422
11.071,0,-3.9934439766389533,-3.000569685650331,1.2020305886709501,0.007288001834159061
11.071,1,-3.996758277629049,2.9955589060037333,1.2015880357568873,0.010968349378474396
11.081,0,-3.9933713337602836,-3.000561799140056,1.2020305715756696,0.007323513169021858
11.081,1,-3.996648446291746,2.995546923827349,1.2015776037657915,0.011204621108192517
11.091,0,-3.993298445566197,-3.0005532305558726,1.2020277667661188,0.00736334528737324
11.091,1,-3.9965364598838136,2.9955367279030014,1.2015632837011458,0.011445043370754061
11.099,0,-3.993225376906501,-3.0005440256898326,1.2020218627514954,0.007410813309538519
11.099,1,-3.9964225278509034,2.9955282738351428,1.2015449745237454,0.011666134538797928
11.11,0,-3.993152186112116,-3.0005342348026174,1.2020128191708672,0.00746467364106779
11.11,1,-3.996306878850902,2.995521508137552,1.2015245212835872,0.011836418156535241
11.119,0,-3.9930789249365306,-3.000523915243526,1.202000746276961,0.007523797003950824
11.119,1,-3.996189769467578,2.9955163640851334,1.2015036263240308,0.011957999992115099
11.131,0,-3.993005638306742,-3.000513135646461,1.2019857317743827,0.007587803917194778
11.131,1,-3.9960714879868613,2.9955127612713746,1.2014834650617885,0.012035990036679706
11.141,0,-3.992932364059425,-3.0005019785720366,1.2019678376763632,0.007656569303046496
11.141,1,-3.995952354577591,2.995510606539879,1.201464830151615,0.012074542686753406
11.15,1,-3.995832719770064,2.995509795155128,1.2014483006956063,0.012074059027982831
11.151,0,-3.9928591328200143,-3.0004905417191807,1.2019474548767421,0.007704703515327333
11.159,0,-3.992785970016377,-3.000478938871771,1.2019261044568028,0.007706874930907905
11.159,1,-3.9957129605310198,2.995510212171477,1.2014345132673765,0.01203475034477376
11.168,0,-3.992712902106817,-3.0004673023504367,1.2019050966566511,0.007674343521599563
11.17,1,-3.995593472613495,2.995511732744962,1.2014239522725363,0.011960710551087843
11.179,0,-3.992639962412204,-3.0004557842828175,1.2018853173494326,0.007617606872568206
11.179,1,-3.9954746619384003,2.9955142228870373,1.2014169202378915,0.01185467270153132
11.188,0,-3.992567194930262,-3.0004445564722206,1.20186737357382,0.007544719457672925
11.188,1,-3.9953569372749493,2.9955175407816226,1.201413608646335,0.01171876589008507
11.201,0,-3.992494656415266,-3.0004338093607745,1.2018516669112616,0.00746159362811488
11.201,1,-3.995240704150496,2.9955215383085645,1.2014141206559135,0.011554829938504875
11.208,0,-3.9924224171437523,-3.000423750268216,1.2018383858869477,0.007375599335305882
11.208,1,-3.9951263593290234,2.9955260625990654,1.2014182744406432,0.01136112813044051
11.228,0,-3.992350560819629,-3.000414599692309,1.2018271820993005,0.007292727274635064
11.228,1,-3.9950142825663923,2.995530958355382,1.201424403950348,0.011125410263357779
11.233,0,-3.99227918423177,-3.0004065840160346,1.2018176095966626,0.007207519402789674
11.233,1,-3.994904829964777,2.9955360749894995,1.2014307484309907,0.010846947205491037
11.242,0,-3.9922083964725297,-3.000399927513547,1.2018093357614619,0.007116776635793997
11.242,1,-3.9947983272253857,2.995541273537387,1.2014360992724644,0.010532069578436666
11.257,0,-3.9921383176567633,-3.000394846129871,1.20180211379103,0.00701872604263896
11.257,1,-3.9946950641698455,2.995546431369144,1.2014396291300073,0.010189023132073757
11.262,0,-3.9920690774054135,-3.0003915429803225,1.2017957761206384,0.006912623888980449
11.262,1,-3.99459529162118,2.995551445355314,1.2014407834312577,0.0098262093814379
11.27,0,-3.9920008136171647,-3.0003902057589364,1.2017905042381087,0.006792677763142029
11.27,1,-3.9944992199901774,2.995556233738214,1.2014391710578913,0.009451774219442516
11.281,0,-3.9919336709103073,-3.000391006406015,1.2017878369870283,0.00666293467224059
11.281,1,-3.994407018949404,2.9955607362186916,1.2014343020258689,0.0090754208572473
11.29,0,-3.991867793412525,-3.0003940949919747,1.201789229025717,0.006549547894313552
11.29,1,-3.9943188209131937,2.995564910862748,1.2014257790055127,0.00870644178683989
11.302,0,-3.991803318122089,-3.0003995959062912,1.2017956475518756,0.006476090329187888
11.302,1,-3.994234724821904,2.995568730271802,1.201413353935509,0.008353108345795616
11.309,0,-3.9917403705138335,-3.0004076064919567,1.2018077122612099,0.006460049374293431
11.309,1,-3.9941547993218762,2.9955721784106513,1.2013968686965713,0.008022789167844657
11.321,0,-3.99167906160632,-3.0004181966246417,1.2018257756085324,0.006506899652866291
11.321,1,-3.9940790852919332,2.995575248233997,1.201376116225618,0.007732041950772181
11.331,0,-3.9916194867461456,-3.000431408001483,1.201849596392126,0.00659655239932015
11.331,1,-3.9940075966275095,2.995577943192056,1.2013504992784325,0.00750392965152352
11.341,0,-3.9915617314260974,-3.0004472560951747,1.2018787286112476,0.0067205034429107845
11.341,1,-3.993940323169781,2.995580285727283,1.2013195260476686,0.007349095301745227
11.348,0,-3.991505879127856,-3.000465732601485,1.2019128380149204,0.006872837877857188
11.348,1,-3.993877232048877,2.995582325546327,1.2012828954354804,0.00727396725048481
11.362,0,-3.991452016555785,-3.0004868072239637,1.2019516641679129,0.007048824337655326
11.362,1,-3.9938182689564865,2.995584144581484,1.201240440918277,0.007280598446728124
11.37,0,-3.9914002376460465,-3.0005104307165924,1.2019953055089712,0.007295654373947244
11.37,1,-3.993763361508302,2.995585859138848,1.2011924735411355,0.007294780042210243
11.381,0,-3.9913506479012377,-3.000536539513633,1.2020449464504344,0.007663869748176826
11.381,1,-3.993712426209622,2.995587616778223,1.2011406866127619,0.0072347277188191976
11.389,0,-3.991303365199273,-3.0005650558415122,1.202101624562958,0.008134318850992302
11.389,1,-3.9936653676388696,2.9955895848813645,1.2010865837159443,0.007117409130751937
11.401,0,-3.9912585215244984,-3.0005958904647847,1.2021659894770087,0.008684066519550953
11.401,1,-3.993622082724014,2.9955919381648224,1.2010311976852566,0.006961265353585272
11.411,0,-3.991216263774523,-3.000628946204451,1.2022384208595354,0.009294672034682006
11.411,1,-3.9935824653587764,2.9955948489115305,1.2009752317669156,0.006781130933677871
11.42,0,-3.991176753347191,-3.000664121074667,1.2023191372739375,0.009950564858757054
11.42,1,-3.9935464097362026,2.9955984797126907,1.2009191757264879,0.006587787936965428
11.427,0,-3.9911401628384358,-3.000701309306357,1.202407558839193,0.01046440773825188
11.427,1,-3.9935138127958245,2.9956029784118043,1.2008634420041648,0.006366792382777438
11.449,0,-3.9911066663226538,-3.000740399022389,1.202499847778815,0.010605372066841142
11.449,1,-3.993484577209725,2.9956084772453155,1.200809003226253,0.0060597260452934
11.452,0,-3.99107644717882,-3.0007812826443403,1.2025923375834773,0.010480647740908443
11.452,1,-3.993458608156774,2.9956151003830334,1.2007568769045966,0.005692547719352584
11.458,0,-3.9910496995669966,-3.0008238612961105,1.2026825135511934,0.010176937237822287
11.458,1,-3.993435809920856,2.995622974736158,1.2007077446048056,0.005291385820164064
11.47,0,-3.9910266254654454,-3.0008680457806816,1.2027686647443714,0.00975834826084711
11.47,1,-3.9934160848803946,2.9956322378736733,1.2006620393475778,0.004877544137452684
11.478,1,-3.9933993335452342,2.9956430431046033,1.2006201683608175,0.004425280639190756
11.481,0,-3.99100743198943,-3.0009137573521745,1.2028497115388377,0.00929516802635266
11.489,0,-3.9909923273866115,-3.0009609275308367,1.202925503113397,0.008864481273206791
11.489,1,-3.9933854577099366,2.99565556243214,1.2005833725669712,0.0038754185492647906
11.499,0,-3.990981502714048,-3.0010094922073414,1.2029961798787685,0.008470992022822685
11.499,1,-3.9933743619522404,2.9956699814151526,1.2005528570717645,0.0032946622123708907
11.51,0,-3.9909751131096436,-3.0010593852189955,1.2030618457398194,0.008118498213086139
11.51,1,-3.9933659573470144,2.995686492526417,1.2005293993923323,0.0027631740742075457
11.521,0,-3.99097326601602,-3.0011105340551216,1.2031226028166366,0.0078122676278851505
11.521,1,-3.993360165135245,2.99570529027635,1.2005134970400955,0.0023889582157263023
11.531,0,-3.9909760140702746,-3.001162856912345,1.2031785413157665,0.007554651797942052
11.531,1,-3.993356918809384,2.995726567046691,1.2005054399038997,0.0022986289443016014
11.541,0,-3.990983350733786,-3.0012162604319315,1.2032294703767865,0.007300220164508499
11.541,1,-3.9933561634992865,2.9957505076399413,1.2005046631562346,0.0025246178340899376
11.548,0,-3.9909952125824515,-3.001270635945957,1.2032743118873401,0.007029416645590832
11.548,1,-3.993357855194147,2.9957772816724773,1.200508152059017,0.0028601644398251187
11.56,0,-3.991011502469384,-3.001325854065799,1.2033121482250873,0.006789176475325409
11.56,1,-3.993361976357825,2.9958070494660087,1.2005132539581376,0.003202656299059043
11.57,0,-3.9910321087877816,-3.0013817593713714,1.2033423822604692,0.006613581917763066
11.57,1,-3.993368544495208,2.9958399624218757,1.2005181309878803,0.0035487794347282974
11.587,0,-3.9910569188753944,-3.0014381678451225,1.2033646475708342,0.006525863374353646
11.587,1,-3.9933776154840084,2.995876161267363,1.2005214981089143,0.003915009344391424
11.599,0,-3.9910858287337674,-3.00149486676166,1.2033787413353239,0.006537618719833499
11.599,1,-3.993389284315924,2.9959157746554967,1.2005224821576073,0.0043149741859672
11.604,0,-3.9911187498709824,-3.001551616236239,1.2033846045721084,0.006651717073595658
11.604,1,-3.9934036841252873,2.99595891836833,1.200520582249759,0.004752402281518037
11.608,0,-3.9911556171239524,-3.0016081534488435,1.2033832508294402,0.006845353429723828
11.608,1,-3.993420988793144,2.9960057013722183,1.200517424555782,0.005199960352450965
11.618,0,-3.9911963855610386,-3.001664209691746,1.203376353453577,0.007069943525976505
11.618,1,-3.9934414027467344,2.9960562220610094,1.200515892422622,0.005662280388035262
11.648,0,-3.9912410206474553,-3.0017195362923252,1.203365141917339,0.007303304215550858
11.648,1,-3.993465142247563,2.9961105594366546,1.200517996111093,0.006165651577582269
11.657,0,-3.9912894934325416,-3.0017739246049584,1.203350462936195,0.00753918357172929
11.657,1,-3.993492424918313,2.9961687734259903,1.2005250577462958,0.006727255942023406
11.66,0,-3.991341777111948,-3.001827219058342,1.2033329659986385,0.0077741090782024475
11.66,1,-3.993523461204385,2.996230905106277,1.2005377249499019,0.0073376713233069615
11.661,0,-3.9913978433380204,-3.0018793217951116,1.2033134624914987,0.008000202701935778
11.661,1,-3.9935584472687777,2.996296974488762,1.2005552726354716,0.007960758323747099
11.669,0,-3.9914576503030337,-3.001930181706773,1.2032926936159305,0.008220011955169512
11.671,1,-3.993597573074411,2.99636698631943,1.2005768179209186,0.008586751414428313
11.682,0,-3.9915211301536186,-3.001979776677835,1.2032711732180215,0.008435005444697271
11.682,1,-3.993641029264837,2.996440932647153,1.200601717209583,0.009213437116431177
11.69,0,-3.991588181385717,-3.002028099257446,1.2032492691021421,0.008644514000044259
11.69,1,-3.993689010280361,2.996518793601691,1.20062949778358,0.009841202230882634
11.701,0,-3.9916586638871867,-3.0020751462413036,1.2032269823310195,0.008867513226147934
11.701,1,-3.993741717093254,2.9966005393130835,1.2006600730884562,0.01049883564444622
11.711,0,-3.991732392446663,-3.002120912486155,1.203202577209008,0.009142803909684265
11.711,1,-3.9937993628305763,2.996686137379969,1.200695208760626,0.011244982893178221
11.718,0,-3.99180914102102,-3.0021653831780477,1.2031741981715798,0.009459837085250177
11.718,1,-3.9938621541585717,2.9967755499904816,1.2007368286066429,0.012069768024197937
11.732,0,-3.991888644834055,-3.002208529053822,1.203140603431714,0.00981131975541697
11.732,1,-3.9939302745358285,2.9968687352252554,1.200786190330016,0.012961301965422315
11.741,0,-3.991970601185151,-3.0022503043441593,1.2031009727960946,0.010189916930718274
11.741,1,-3.994003876371291,2.996965651402698,1.2008440900103696,0.013907660962726925
11.749,0,-3.9920546719353984,-3.0022906459152363,1.203054787538131,0.010587473930960108
11.749,1,-3.9940830762990482,2.997066260215777,1.2009110202711026,0.014897282849393845
11.759,0,-3.992140488641415,-3.0023294720980767,1.2030026423910327,0.01087545832984869
11.759,1,-3.9941679472794727,2.9971705252861396,1.2009863653323098,0.015797862171387244
11.769,0,-3.9922276618316377,-3.0023666814343892,1.2029483018058376,0.010936937350043575
11.769,1,-3.9942585049462593,2.997278401845248,1.201066342293916,0.016498812905491385
11.781,0,-3.9923157863528758,-3.002402163726233,1.2028950869522348,0.01082883879135132
11.781,1,-3.9943547281400216,2.997389840118228,1.2011476199598061,0.01706270931212272
11.79,0,-3.9924044539404973,-3.0024358072907025,1.2028452731107502,0.010604050208316633
11.79,1,-3.9944565631045514,2.997504777642975,1.2012279310321416,0.017538305593890146
11.801,0,-3.992493264439904,-3.002467503708405,1.2028003891694234,0.010305536397147784
11.801,1,-3.9945639228741436,2.9976231315530635,1.2013057249793933,0.01795897993841902
11.811,0,-3.9925818341844903,-3.002497152766036,1.2027608292156504,0.010032032377591966
11.811,1,-3.9946766893884527,2.997744795200122,1.2013801845802066,0.018369531328818658
11.823,0,-3.9926698038475825,-3.002524668779117,1.2027237869153915,0.009865471873231202
11.823,1,-3.9947947143582385,2.997869640028249,1.2014513991233946,0.0187857434204385
11.83,0,-3.992756843949607,-3.0025499716611623,1.2026864178303784,0.009763013528406429
11.83,1,-3.99491781054871,2.9979975199216455,1.2015195335631434,0.019198203182037826
11.837,0,-3.992842657632089,-3.002572981377986,1.202646780977786,0.009708176840227246
11.837,1,-3.9950457483828585,2.9981282784220227,1.2015847007348774,0.019599817301410395
11.853,0,-3.9929269822168076,-3.002593616239407,1.2026035776845434,0.009695873859811513
11.853,1,-3.995178255982212,2.998261754847308,1.2016469921721906,0.01998477383258918
11.861,0,-3.993009589778457,-3.002611792195945,1.2025559420874528,0.009725890530122714
11.861,1,-3.9953150210912414,2.9983977889925666,1.2017064729741935,0.020347869972902204
11.871,0,-3.993090285200063,-3.0026274204183325,1.2025042628572615,0.009669120595719855
11.871,1,-3.9954556938708654,2.998536224595951,1.2017630401848034,0.020675522827670902
11.878,0,-3.9931689041719998,-3.0026404078382902,1.2024514402597932,0.00945092949763327
11.878,1,-3.995599892135242,2.998676915155575,1.2018162398290735,0.020964093201816567
11.892,0,-3.9932453221265836,-3.002650675747367,1.2023998904814903,0.009117587539177126
11.892,1,-3.9957472122839426,2.998819736023167,1.2018657154733068,0.021219311630745922
11.901,0,-3.993319457448654,-3.0026581708119853,1.20235125460981,0.008711128466524066
11.901,1,-3.995897238233306,2.9989645934039193,1.2019112372540035,0.02144578189819504
11.912,0,-3.993391271305613,-3.002662871275568,1.2023066399028646,0.00826560864287189
11.912,1,-3.996049548953591,2.9991114294924626,1.201952670729842,0.021647752001522087
11.917,0,-3.9934607658077805,-3.002664790381708,1.202266786562423,0.00780884669297878
11.917,1,-3.9962037248153477,2.9992602246557265,1.2019899488688897,0.021828829096011363
11.93,0,-3.993527981957358,-3.002663978779138,1.202231815240745,0.007415355253102369
11.93,1,-3.996359353058929,2.9994109978228365,1.2020231711092848,0.022000619185310127
11.94,0,-3.9935929993764634,-3.002660528721423,1.202199336063319,0.007183235751741272
11.94,1,-3.9965160344907695,2.9995638084226672,1.2020542839910604,0.02219525955729498
11.951,0,-3.993655922580135,-3.002654561995386,1.202166736704122,0.007070051688112871
11.951,1,-3.9966733872616382,2.9997187474567877,1.202085925859677,0.022402744782536472
11.958,0,-3.9937168696481806,-3.002646220007367,1.2021322405712411,0.007053778748760855
11.958,1,-3.9968310521500583,2.9998759247877227,1.2021198950366394,0.02261804083583909
11.971,0,-3.9937759658684686,-3.002635658655973,1.2020946426384298,0.007121483927282156
11.971,1,-3.996988698492339,3.000035461458289,1.2021573752670949,0.022840875091453154
11.98,1,-3.9971460278071977,3.0001974836192353,1.202199202974855,0.023075533653257266
11.983,0,-3.993833338241067,-3.0026230433160923,1.2020534936722789,0.007202294444896532
11.989,0,-3.9938891105261742,-3.002608544733733,1.2020102136861686,0.007200420194175364
11.989,1,-3.9973027744929706,3.000362115081999,1.202246191451166,0.023327691128526014
12.003,0,-3.9939434057138983,-3.0025923462696915,1.2019662930881982,0.00713565888562753
12.003,1,-3.997458702501897,3.0005294619791,1.2022989249040603,0.023595736199285882
12.01,0,-3.99399634675681,-3.0025746486766622,1.2019227648226072,0.007026873549482987
12.01,1,-3.9976136008208942,3.0006995988162903,1.2023577542163015,0.023877167131705623
12.021,0,-3.9940480560095817,-3.002555671548642,1.2018803355183094,0.006889235337930158
12.021,1,-3.9977672794929133,3.0008725595255656,1.2024228711656848,0.02416826091942744
12.032,0,-3.9940986545844255,-3.002535653407815,1.201839475962089,0.006733809671457413
12.032,1,-3.997919566269182,3.001048332298675,1.2024943386835993,0.024464008704991238
12.039,0,-3.994148261667716,-3.002514850498831,1.2018002886281753,0.006597360216595879
12.039,1,-3.9980703052800584,3.0012268546171,1.2025711309403213,0.024681369748858387
12.052,0,-3.9941969907392663,-3.0024935298535658,1.2017622651777022,0.006493922491598664
12.052,1,-3.9982193575213785,3.001408007627854,1.2026497800530866,0.024776626898098276
12.061,0,-3.9942449399240165,-3.002471953520033,1.2017249466904238,0.006412586996734638
12.061,1,-3.9983665954312997,3.001591621412307,1.2027274617262602,0.024779610835250907
12.072,0,-3.9942921843933856,-3.002450364808913,1.2016879997559133,0.006344428075714867
12.072,1,-3.9985119011517343,3.001777473412219,1.202802252987202,0.024714918354896243
12.081,0,-3.99433877194175,-3.002428978632657,1.2016511967657033,0.006283545192482295
12.081,1,-3.9986551658044496,3.0019652881849663,1.202872870148468,0.024599872062457225
12.091,0,-3.99438472099861,-3.002407975109069,1.2016143704979707,0.00622647246300315
12.091,1,-3.998796288829949,3.002154739640056,1.2029384572282535,0.024445148896719695
12.099,0,-3.994430020483922,-3.0023874957421683,1.201577427569563,0.006164776777378044
12.099,1,-3.9989351771928683,3.002345455057124,1.2029985347223604,0.024262456238831036
12.11,0,-3.994474635586184,-3.0023676413187688,1.2015404632306925,0.006090224725139438
12.11,1,-3.999071745653528,3.0025370212414417,1.2030531168119947,0.024057409392717038
12.117,0,-3.994518527069377,-3.002348470198885,1.2015035775420952,0.00600786813210196
12.117,1,-3.9992059207822206,3.0027289929843843,1.2031023010099118,0.02382669844528724
12.131,0,-3.994561671405061,-3.0023299980772604,1.2014668208112362,0.005923250798342761
12.131,1,-3.9993376441864488,3.0029209023169803,1.2031461687649112,0.023568254997589008
12.138,0,-3.9946040748364187,-3.0023121994621325,1.201430218756612,0.005840879774550104
12.138,1,-3.9994668743318775,3.0031122666425363,1.2031848018922766,0.023281039709149663
12.154,0,-3.9946457820248615,-3.002295010532478,1.2013939400467284,0.00573941474776575
12.154,1,-3.9995935874827904,3.003302595533057,1.203218341091503,0.022967737326666366
12.163,0,-3.9946868727814016,-3.0022783341737336,1.2013586663905205,0.005602948931328099
12.163,1,-3.999717777164018,3.003491395981052,1.2032476804024586,0.022638497022864756
12.17,0,-3.994727440076464,-3.0022620472784025,1.2013249799831116,0.005448360722133779
12.17,1,-3.999839459837008,3.003678180037638,1.2032739892430946,0.02228692138768197
12.182,0,-3.99476756667769,-3.0022460080486346,1.2012932787147308,0.00528655738892854
12.182,1,-3.9999586820810307,3.0038624738172044,1.203298099360277,0.02190965012812588
12.188,0,-3.994807308422388,-3.0022300619285462,1.2012638272586162,0.00512497937934806
12.188,1,-4.000075523779378,3.004043824097277,1.2033205841212449,0.021506467590502506
12.201,0,-3.994846683263813,-3.002214046083833,1.2012367866417701,0.0049681988795400025
12.201,1,-4.000190099160177,3.0042218029918715,1.2033418287608058,0.0210791209402953
12.21,0,-3.99488566529392,-3.002197792901419,1.2012118293544618,0.004872902608167659
12.21,1,-4.000302556415639,3.0043960116843014,1.2033619474503519,0.02062707003504382
12.219,0,-3.994924190101886,-3.0021811318025984,1.2011871788468411,0.004875558101172867
12.219,1,-4.0004130734716155,3.0045660848077076,1.2033804816254765,0.020151741602744626
12.231,0,-3.9949621773646755,-3.0021638866835674,1.201161274846688,0.004949538656881691
12.231,1,-4.000521844637244,3.0047316921315783,1.2033969984023971,0.019659552508749355
12.241,0,-3.994999554155655,-3.002145873587534,1.2011330554223694,0.0050829699601598055
12.241,1,-4.000629068451654,3.0048925410019507,1.2034112061255042,0.019156229475945592
12.25,0,-3.995036271512576,-3.0021269000432644,1.2011018180470043,0.005269541587094736
12.25,1,-4.000734939016178,3.0050483780744712,1.2034229240422267,0.018646851551316672
12.265,0,-3.995072315400868,-3.00210676559248,1.2010670958908565,0.005505421871892162
12.265,1,-4.000839639926585,3.0051989901739073,1.2034320361860353,0.01813588264749207
12.269,0,-3.9951077131510155,-3.0020852630568826,1.2010286662835314,0.0057571756563867356
12.269,1,-4.0009433400794565,3.0053442040034875,1.2034384942581995,0.01762776621830811
12.281,0,-3.9951425339386124,-3.002062178569499,1.2009882580811437,0.005829451583908524
12.281,1,-4.001046191871121,3.0054838814330687,1.203442859557274,0.017126938154439515
12.291,0,-3.9951768773332117,-3.0020373032118086,1.2009487453644976,0.005753208400048616
12.291,1,-4.001148339478083,3.0056179135221353,1.2034460487825718,0.016634116889673756
12.301,0,-3.9952108529728956,-3.0020104523601896,1.2009121300401795,0.005598488774471559
12.301,1,-4.0012499328340265,3.005746212895195,1.2034487032855146,0.016151236980070104
12.315,0,-3.9952445626739217,-3.001981477447452,1.2008797514061336,0.005421783642042503
12.315,1,-4.001351137385174,3.0058687043025785,1.203451267199905,0.015681232534323474
12.319,0,-3.995278087581788,-3.001950272948695,1.2008524808312049,0.005266244951728055
12.319,1,-4.001452140134795,3.0059853180971388,1.2034540012613435,0.015227360671003658
12.328,0,-3.995311479819894,-3.001916779889568,1.200830835370022,0.005162910995723712
12.328,1,-4.001553149983878,3.0060959895285646,1.2034566551382595,0.014792643306051139
12.341,0,-3.9953447590787956,-3.001880986226,1.200815110930698,0.005127524239212326
12.341,1,-4.001654384724883,3.0062006630765232,1.2034588489442077,0.01438096326174373
12.351,0,-3.995377912475053,-3.001842924868882,1.2008054599995956,0.005165521205468787
12.351,1,-4.001756053623331,3.0062993011324965,1.2034603223935136,0.013996007854060293
12.362,0,-3.995410895662075,-3.001802670357736,1.2008019344681682,0.00527317685376675
12.362,1,-4.001858344631453,3.006391891731298,1.2034608893183874,0.01364095812026655
12.372,0,-3.9954436349110996,-3.001760335817597,1.2008040139453702,0.00542915816026541
12.372,1,-4.0019614158661865,3.006478453790926,1.2034603630493896,0.013318463897195676
12.381,0,-3.9954760321335363,-3.001716068935131,1.2008094058179617,0.005576534609335829
12.381,1,-4.002065391041454,3.0065590422396933,1.203458312650175,0.013031411021460606
12.391,1,-4.00217036026895,3.0066337507870857,1.2034543553370498,0.012782311191539057
12.391,0,-3.9955079736899064,-3.0016700369227216,1.2008160962811965,0.005691959440592885
12.402,0,-3.9955393391704663,-3.001622416023951,1.2008226967526114,0.005775930475912277
12.402,1,-4.002276382837101,3.006702714511771,1.203448246272207,0.012572585757047058
12.411,0,-3.995570008280858,-3.0015733844090353,1.2008282671914632,0.005835471817450064
12.411,1,-4.002383490234206,3.0067661106072583,1.2034398424051749,0.01240244121994456
12.421,1,-4.002491689167573,3.0068241574477437,1.2034290566139139,0.012270932030413377
12.423,0,-3.9955998659818373,-3.0015231169131895,1.200832163309444,0.005878023851837077
12.429,0,-3.9956288059571428,-3.0014717811076594,1.200834053941466,0.005910491529981247
12.429,1,-4.002600964524219,3.006877112191848,1.203415855570739,0.012175281330709052
12.44,0,-3.995656730652508,-3.0014195351130186,1.200834022959689,0.005934498260277972
12.44,1,-4.002711281834582,3.0069252644705884,1.203400355348911,0.012110163952806048
12.449,0,-3.9956835472381798,-3.0013665278193087,1.2008321856287736,0.005949817959015219
12.449,1,-4.002822587702159,3.006968921935067,1.2033827103652281,0.012070521526687668
12.461,0,-3.995709163407667,-3.001312899066576,1.2008286195510374,0.005956691738596168
12.461,1,-4.002934809694368,3.0070083936745453,1.2033630405156264,0.012051036100196933
12.472,0,-3.9957334845677215,-3.0012587796728525,1.2008233798715655,0.005955618754055918
12.472,1,-4.003047856718609,3.007043977443532,1.203341441560745,0.01204606679351917
12.481,0,-3.9957564120500604,-3.0012042914089756,1.2008166399015627,0.00594275351323736
12.481,1,-4.003161619882,3.0070759506395635,1.2033180139616795,0.012049627037461277
12.491,0,-3.995777843538846,-3.001149545712066,1.2008091404335979,0.0059114126886995345
12.491,1,-4.0032759740002515,3.0071045634578693,1.203292891846389,0.012056141093418283
12.501,0,-3.9957976805256132,-3.0010946397379015,1.2008015666234608,0.005865286451375427
12.501,1,-4.003390780213217,3.0071300325421255,1.2032661930422466,0.012061625558367331
12.511,0,-3.9958158358399194,-3.001039652240008,1.200794384385324,0.005809780148460296
12.511,1,-4.003505888924736,3.0071525361731735,1.2032380234327071,0.01206267330172596
12.521,0,-3.9958322387217016,-3.000984641150649,1.200787894276013,0.00575048698591544
12.521,1,-4.003621142300737,3.0071722120406035,1.203208467622672,0.012057007184352344
12.532,0,-3.9958468380176426,-3.000929642620316,1.200782285204585,0.0056922348271203505
12.532,1,-4.003736376394931,3.0071891569683187,1.2031775909558677,0.012042730413787011
12.541,0,-3.9958596040070096,-3.000874671089216,1.2007776227112614,0.005640688493042827
12.541,1,-4.003851423014534,3.007203427467837,1.203145634028648,0.012002921061206729
12.551,0,-3.995870528581564,-3.000819719487229,1.2007735258264942,0.005601100912967638
12.551,1,-4.003966112686647,3.0072150422438177,1.2031139689098251,0.011908504976662126
12.562,0,-3.99587961942715,-3.0007647580300025,1.2007695496804405,0.0055742649662530175
12.562,1,-4.004080283373487,3.007224000900145,1.203084008807442,0.01177574137438344
12.57,0,-3.9958868932253826,-3.000709733118471,1.2007653921734418,0.005561835935796353
12.57,1,-4.004193790436501,3.007230302845852,1.2030567160711085,0.011620728586867161
12.58,0,-3.9958923708653225,-3.000654567449633,1.2007608413674926,0.005565854208972482
12.58,1,-4.004306513680645,3.007233959539809,1.2030327405753725,0.011457017911329732
12.589,0,-3.9958960740651746,-3.0005991609055873,1.2007557420837303,0.0055883771424364275
12.589,1,-4.004418361924562,3.0072350026401415,1.2030125040205213,0.011295524594378518
12.606,0,-3.995898022886236,-3.0005433918955555,1.200750080741897,0.005626345797054502
12.606,1,-4.0045292760595625,3.0072334904900027,1.2029956515636981,0.011169582314674647
12.611,0,-3.9958982315579097,-3.000487118475425,1.2007458908510877,0.005660376340444802
12.611,1,-4.004639228863216,3.0072295153849358,1.2029788380363051,0.011106962332398
12.626,0,-3.9958967150528735,-3.0004301836567637,1.2007463904750633,0.005741987118210177
12.626,1,-4.004748210870169,3.0072231932456077,1.2029588514217207,0.011101404452436783
12.631,0,-3.995893501535833,-3.000372424274068,1.2007537975659297,0.005933702217236359
12.631,1,-4.00485621690702,3.0072146581796977,1.202933515613111,0.011160361041063365
12.654,0,-3.995888638186501,-3.000313677562597,1.2007695772495561,0.0062721621113936196
12.654,1,-4.0049632371692345,3.007204060389875,1.2029013942836326,0.011290537599036957
12.655,0,-3.995882194713032,-3.0002537864881798,1.2007945055053781,0.0067371137996827
12.655,1,-4.005069251004197,3.007191563591505,1.202861825529463,0.011460315160269234
12.661,0,-3.9958742661054374,-3.00019260751596,1.2008275362794225,0.007212000445447309
12.661,1,-4.0051742223629505,3.0071773394685057,1.2028162834829923,0.01158177129545127
12.671,0,-3.995864967829543,-3.0001300222731793,1.200867089608191,0.007663827029363665
12.671,1,-4.005278102244218,3.007161565763375,1.202766570680564,0.01165167598833386
12.68,0,-3.995854429801885,-3.00006595022883,1.2009120611804716,0.008087258840351181
12.68,1,-4.0053808320066056,3.0071444215881553,1.202713958712467,0.011676682531186335
12.694,0,-3.995842792516871,-3.000000357943854,1.2009616746340783,0.008481380527620767
12.694,1,-4.005482345475306,3.007126082230868,1.2026593323140113,0.011665115409782718
12.698,0,-3.995830203729651,-2.9999332646115664,1.2010151225485854,0.008799308789127887
12.698,1,-4.005582570901333,3.007106715469516,1.2026031788030618,0.011641398574182484
12.71,0,-3.9958168156033964,-2.999864744479036,1.201070271361001,0.008955734083067698
12.71,1,-4.005681434736347,3.0070864782300344,1.2025452526666423,0.011633550065170684
12.721,0,-3.995802778145404,-2.999794918628208,1.2011250348937135,0.00899303875965522
12.723,1,-4.005778868014515,3.0070655106775255,1.2024852226199907,0.011637625358257237
12.732,0,-3.9957882340705715,-2.9997239459463327,1.2011779817143347,0.008947691800080794
12.732,1,-4.005874812940901,3.007043931484231,1.2024228741882435,0.011651137480614417
12.74,0,-3.995773315712305,-2.9996520160705904,1.201228148959402,0.008847112436444128
12.74,1,-4.005969227423318,3.0070218351240596,1.202358081822127,0.011672714508412441
12.751,0,-3.995758142932815,-2.9995793426960238,1.2012748966258184,0.008709243187224835
12.751,1,-4.006062087772238,3.006999290602588,1.2022907803703005,0.011702195163877762
12.762,0,-3.9957428219072395,-2.9995061576317137,1.2013172665151926,0.008478955051494383
12.762,1,-4.006153389783923,3.0069763411379085,1.2022209907666235,0.011731739343081795
12.771,0,-3.9957274443897735,-2.9994327045241067,1.20135266743614,0.008146703016467268
12.771,1,-4.006243146221391,3.006953003252691,1.2021489403616517,0.011753492820211067
12.78,0,-3.995712086957271,-2.9993592298919878,1.201378947351343,0.007808148018352475
12.78,1,-4.006331379093393,3.006929263759565,1.2020748597886284,0.011770478775509107
12.788,0,-3.9956968112668902,-2.9992859767617794,1.2013946879601012,0.0075418125661943876
12.788,1,-4.006418111535024,3.0069050776078443,1.2019989212867896,0.011786074313045956
12.803,0,-3.995681664761791,-2.9992131800316475,1.2013989751844087,0.007408471059509068
12.803,1,-4.006503361788917,3.0068803676751674,1.20192125281452,0.011801253400685071
12.818,0,-3.995666681782397,-2.9991410632899367,1.2013916951812558,0.007426738058017981
12.818,1,-4.00658713874608,3.006855025793771,1.2018422061079372,0.01177018462138413
12.823,0,-3.995651887764191,-2.999069836478648,1.2013744269337647,0.007535491317977141
12.823,1,-4.006669437001639,3.006828914149084,1.201763197379579,0.011636245483163093
12.846,0,-3.995637308954242,-2.9989996906567074,1.2013486511546903,0.00768893845425368
12.846,1,-4.006750232963243,3.0068018687192652,1.201685538784574,0.011431690158655191
12.852,0,-3.995622981868991,-2.9989307941802235,1.201315428420545,0.00786483878589172
12.852,1,-4.006829480650071,3.006773703001179,1.2016101217256714,0.011180812533974469
12.870000000000001,0,-3.9956089597864963,-2.99886329080352,1.2012755329389904,0.00805306140184457
12.870000000000001,1,-4.006907109113139,3.00674421167671,1.201537545344667,0.010901601802008375
12.878,0,-3.9955953167024036,-2.998797299089455,1.2012295310530607,0.008250308768498221
12.878,1,-4.006983021601121,3.0067131744096827,1.2014681950212298,0.010607649840246598
12.879,0,-3.9955821494940387,-2.998732913517138,1.2011782266206539,0.008383220181679113
12.879,1,-4.007057096460077,3.006680360155068,1.2014020769441929,0.010350524494310424
12.886,0,-3.9955695794413875,-2.998670209214383,1.2011241508703034,0.008345786564438953
12.886,1,-4.00712919146206,3.0066455333284043,1.2013380428613165,0.010183679452296455
12.887,0,-3.9955577510201743,-2.9986092445655905,1.2010696526878275,0.00817774145070097
12.887,1,-4.007199148359307,3.006608457305193,1.2012749833461944,0.010079931070053933
12.898,0,-3.995546830110358,-2.998550066083047,1.2010163274906793,0.007916468124624284
12.898,1,-4.007266799333429,3.0065688988594133,1.2012121483898142,0.010023102038363764
12.909,0,-3.9955370019775827,-2.9984927132419013,1.2009652701789295,0.007590236391208477
12.909,1,-4.007331972978729,3.0065266323903366,1.2011490326536056,0.010003251054446001
12.919,0,-3.995528468512514,-2.9984372220895605,1.2009172157588937,0.007221719917441611
12.919,1,-4.007394499102296,3.0064814431224045,1.2010853011560558,0.01001541782962676
12.93,0,-3.99552144472782,-2.9983836274631406,1.2008724480368647,0.006859531506816929
12.93,1,-4.00745421263553,3.006433129619719,1.2010206921126454,0.010062906044942648
12.94,0,-3.9955161508905865,-2.9983319624638027,1.2008304487604085,0.006537123141308954
12.94,1,-4.007510958353803,3.00638150623737,1.2009548602010942,0.010154301608685965
12.951,0,-3.995512798797844,-2.99828225656418,1.200790694780255,0.006244254758030982
12.951,1,-4.007564598489452,3.0063264053063934,1.200887508611347,0.010285458441897228
12.958,0,-3.995511578300056,-2.998234532179619,1.2007528145060584,0.005975468811196514
12.958,1,-4.007615020539967,3.006267679199242,1.2008184421677823,0.010452765746819987
12.97,0,-3.9955126478859997,-2.998188801876326,1.2007165519211185,0.0057281863659089435
12.97,1,-4.007662142528615,3.006205201555998,1.2007475485077872,0.010652931559649314
12.981,0,-3.9955161275063116,-2.9981450653851236,1.200681195856568,0.00559081204716327
12.981,1,-4.007705915734986,3.0061388674700797,1.200674828498645,0.010871776148956326
12.989,0,-3.995522095708642,-2.9981033065060183,1.2006443252042616,0.0056395964346467545
12.989,1,-4.0077463228098384,3.0060685929935254,1.2006006006314658,0.01109123852948234
13.007,0,-3.9955306044466563,-2.99806349840719,1.2006038848807614,0.0058432844856285224
13.007,1,-4.0077833703641215,3.0059943179699773,1.2005252048993418,0.011315852376348658
13.012,0,-3.9955416905165264,-2.9980256059281576,1.2005584946414776,0.00617860335170903
13.012,1,-4.007817079760713,3.0059160080162406,1.2004488849113921,0.011549499977965325
13.019,0,-3.9955553828859816,-2.9979895867763515,1.2005072344697647,0.00662234977579526
13.019,1,-4.0078474797856245,3.005833655055834,1.2003718036468998,0.01179408135472904
13.045,0,-3.9955717079074415,-2.9979553928053355,1.2004495075845534,0.0071502131565833755
13.045,1,-4.007874601309147,3.0057472770556526,1.2002940714102932,0.012048884061724892
13.046,0,-3.995590693339397,-2.9979229716173315,1.2003851287777143,0.007695566313662924
13.046,1,-4.007898471869329,3.0056569151526342,1.2002162648156285,0.012221027214308728
13.067,0,-3.9956123697042285,-2.9978922693427985,1.2003148744642473,0.008184086147610636
13.067,1,-4.007919107543716,3.005562627410317,1.2001412301358618,0.012211344478035435
13.068,0,-3.9956367596640114,-2.997863232241173,1.2002395608733138,0.008631269187166016
13.068,1,-4.007936520326436,3.0054645059289227,1.2000716256635875,0.012105021391825468
13.076,0,-3.9956638681305217,-2.997835809297567,1.2001597638308659,0.009048492916550951
13.076,1,-4.007950720517941,3.0053626863798657,1.200009220588412,0.011965852994737552
13.084,0,-3.995693676409636,-2.9978099544357315,1.200075920954613,0.009442449405259755
13.084,1,-4.007961716115563,3.0052573499157793,1.1999551986268642,0.011836491802619786
13.09,0,-3.995726138574876,-2.997785627757803,1.1999883581893769,0.009818518477011293
13.09,1,-4.007969512863272,3.0051487230835687,1.199910329899115,0.011745647426252549
13.097,0,-3.9957611798257373,-2.9977627961327817,1.199897361594116,0.01017019219736894
13.097,1,-4.007974116217901,3.005037077644824,1.1998746113326977,0.011742835513256297
13.115,0,-3.9957986973357,-2.997741430816903,1.1998033233546217,0.010488976921135948
13.115,1,-4.007975536591641,3.004922728478813,1.199846255380725,0.011826461717320472
13.118,0,-3.995838563315268,-2.9977214975116917,1.1997065707725039,0.010783579186562375
13.118,1,-4.007973787451643,3.004806018025837,1.1998236144738068,0.01194737078190263
13.127,0,-3.995880629477236,-2.9977029463399245,1.1996073412996051,0.01105885931551992
13.127,1,-4.00796888811367,3.00468730635253,1.1998055315947096,0.012077680969814453
13.14,0,-3.9959247314059,-2.9976857053954906,1.199505812907674,0.011318771112630585
13.14,1,-4.007960866744267,3.004566964162894,1.1997911860216899,0.012201321407786585
13.149000000000001,0,-3.9959706936134056,-2.997669677848184,1.1994025910379122,0.01145101049749521
13.149000000000001,1,-4.0079497630353655,3.0044453670521674,1.1997796854170495,0.012315756637940732
13.159,0,-3.996018338065915,-2.9976547460750558,1.199299864439354,0.01137244175549087
13.159,1,-4.007935631473173,3.004322889766835,1.1997692979676222,0.01241706231615421
13.175,0,-3.9960674926038324,-2.997640782830104,1.199199519005202,0.01115279645124263
13.175,1,-4.007918538715082,3.0041998968413264,1.1997586050489486,0.012498879626499626
13.178,0,-3.9961180018417237,-2.9976276651824447,1.199102820380586,0.010843907277231318
13.178,1,-4.007898563614809,3.0040767361994445,1.1997466487812527,0.01256073580320335
13.193,0,-3.9961697351880856,-2.997615285253062,1.199010587570462,0.01048104870454907
13.193,1,-4.007875797363991,3.003953734849938,1.1997327784180156,0.012604296158491953
13.209,0,-3.9962225916672685,-2.997603557587425,1.1989233670197885,0.010087823785268886
13.209,1,-4.007850342831907,3.0038311959095263,1.1997165587703762,0.012631623255540392
13.211,0,-3.9962765016381914,-2.997592423573523,1.1988410530527223,0.009781619214179008
13.211,1,-4.007822312842789,3.0037093968826802,1.1996979117050595,0.012635931440217704
13.218,0,-3.9963314242668813,-2.9975818520744575,1.1987618926666765,0.009640401421593888
13.218,1,-4.007791825362329,3.0035885888142997,1.1996777617248284,0.012605165807480232
13.238,0,-3.9963873430074175,-2.997571836915346,1.1986842982565127,0.009611124977721663
13.238,1,-4.007758998552245,3.0034689933700114,1.1996570322565012,0.012544802844992663
13.246,0,-3.996444258874,-2.9975623923566883,1.198607177139333,0.009657301943150542
13.246,1,-4.00772394354557,3.0033508007142227,1.1996363620175248,0.012461138527049363
13.248,0,-3.99650218458853,-2.9975535488257834,1.1985297765220257,0.009756086124268572
13.248,1,-4.00768675847654,3.0032341690734627,1.1996161918241355,0.012360340572476886
13.263,0,-3.996561140045164,-2.997545349296093,1.1984515703815597,0.009891893266254016
13.263,1,-4.007647524587758,3.0031192254188315,1.1995968108321169,0.012248272989743857
13.276,0,-3.996621149149622,-2.997537846455871,1.198372434274775,0.009981331357269035
13.276,1,-4.007606304016929,3.00300606681505,1.1995783538244853,0.012131590693295665
13.281,0,-3.9966822397615354,-2.9975311012888124,1.198294720398106,0.009815383674356335
13.281,1,-4.007563139588965,3.002894759711288,1.1995607233627228,0.012016567857070342
13.29,0,-3.9967444396559983,-2.997525176662048,1.1982213343799566,0.00947527210391784
13.29,1,-4.007518056650381,3.0027853339747215,1.1995437954335946,0.011906728300583857
13.299,0,-3.9968077733724123,-2.9975201305050874,1.1981542424307672,0.00904127408275683
13.299,1,-4.007471065823105,3.002677776829013,1.1995274823201394,0.011806098506812392
13.312,0,-3.9968722615729866,-2.997516011766941,1.198094752998483,0.008575699933667085
13.312,1,-4.007422165453347,3.0025720298450516,1.1995117221912863,0.011719125073745847
13.321,0,-3.996937920503315,-2.9975128572607916,1.1980434052693767,0.008168972877075962
13.321,1,-4.007371344596014,3.0024679883952947,1.1994960396082432,0.011663356594925407
13.332,0,-3.9970047648970874,-2.997510686318218,1.19799973509184,0.007856778545959347
13.332,1,-4.007318587067952,3.0023655124731805,1.1994789859745931,0.011648178463463868
13.341,0,-3.997072818199354,-2.9975094923489243,1.197963243992939,0.0076300721281700136
13.341,1,-4.007263873470456,3.00226445695187,1.1994593976057557,0.011671509400952032
13.351,0,-3.9971421209353313,-2.9975092356551367,1.1979335387310563,0.0074825046034912275
13.351,1,-4.007207185497765,3.0021646971427414,1.1994364886663778,0.011730612051163599
13.359,0,-3.9972127359969165,-2.997509839568926,1.1979103024979627,0.007409925861764696
13.359,1,-4.007148509811255,3.00206614604376,1.199409747190537,0.011820903917997378
13.375,0,-3.9972847511466822,-2.9975111891558877,1.1978930972247803,0.007420300085439971
13.375,1,-4.007087840782805,3.001968765294473,1.1993789003699404,0.011930361054159205
13.381,0,-3.9973582750266083,-2.997513134944384,1.1978803071719586,0.007512593502916736
13.381,1,-4.007025180951899,3.001872570887178,1.1993448132146656,0.012007058444561802
13.389,0,-3.997433424320375,-2.9975155110297367,1.1978702723130725,0.0076504490695700434
13.389,1,-4.006960545485367,3.001777623200597,1.1993090265136903,0.012044866999348963
13.4,0,-3.9975103075689726,-2.99751815478911,1.197861846049771,0.00781437921449607
13.4,1,-4.006893968230145,3.001684006738316,1.1992726388593444,0.012050586022588468
13.409,0,-3.9975890126548395,-2.9975209205182063,1.197854230956152,0.007993863258489546
13.409,1,-4.006825503635004,3.001591814319308,1.1992363984137535,0.012031564056697395
13.421,0,-3.997669598295527,-2.9975236884477736,1.1978468609089843,0.008182170455475575
13.421,1,-4.00675522715602,3.001501135395033,1.1992007987454967,0.011993950902496192
13.431000000000001,0,-3.9977520885276268,-2.9975263702530732,1.1978392202978303,0.008378113228242801
13.431000000000001,1,-4.006683234419135,3.0014120479629667,1.1991662729900212,0.011931918739674433
13.438,0,-3.9978364701009683,-2.997528910976814,1.1978298180830385,0.00859281182328861
13.438,1,-4.006609638875632,3.0013246144202936,1.1991338579264574,0.011832507420607642
13.46,0,-3.997922704560826,-2.9975312840433777,1.19781702560225,0.008831170070567492
13.46,1,-4.0065345712034315,3.001238879026887,1.1991045398182045,0.011711488247391655
13.462,0,-3.99801074396273,-2.9975334835780307,1.1977997265229203,0.009099119390667819
13.462,1,-4.00645817766405,3.0011548676288133,1.1990789587407475,0.011581525377306084
13.468,0,-3.998100541431341,-2.9975355184496593,1.1977771760145606,0.009400208724510719
13.468,1,-4.006380617769024,3.001072588448769,1.19905752376725,0.011450729313359076
13.479,0,-3.998192059090874,-2.997537407632674,1.1977490975303113,0.009711669499809759
13.479,1,-4.006302062036223,3.000992033030925,1.1990403520860502,0.011331253119790732
13.494,0,-3.9982852737995747,-2.9975391770931132,1.1977173318169296,0.00995116827278926
13.494,1,-4.006222691516927,3.00091317599417,1.1990262194816104,0.011236048434126643
13.505,0,-3.9983801641517758,-2.997540860348694,1.1976842317545715,0.01012443802804882
13.505,1,-4.006142699149344,3.0008359789806285,1.1990135921049259,0.011149824211596842
13.508,0,-3.9984766936188008,-2.9975424999544913,1.1976514253170787,0.0102497199683974
13.508,1,-4.006062293040377,3.0007603942809045,1.199001391592366,0.011063964230650054
13.521,0,-3.9985748004815096,-2.9975441478528078,1.1976200110817277,0.01034239506066682
13.521,1,-4.005981698850631,3.0006863665596826,1.198988854408874,0.010973966922032868
13.531,0,-3.9986743916588234,-2.9975458649724365,1.1975907225934215,0.010412585006379238
13.531,1,-4.005901160447417,3.0006138343173934,1.1989754416731833,0.010876955235127887
13.541,0,-3.998775339607085,-2.9975477203979204,1.1975640679950779,0.01046437997150699
13.541,1,-4.0058209393476645,3.000542731458908,1.1989609614531715,0.010763805281284969
13.55,0,-3.998877482410303,-2.997549789723083,1.1975406031744662,0.010495326397701881
13.55,1,-4.00574131357681,3.000472990178805,1.1989461429644428,0.010622085372968276
13.561,0,-3.998980629240721,-2.9975521502547204,1.1975208665049215,0.01051133675535959
13.561,1,-4.0056625753556165,3.0004045438396023,1.1989317711702698,0.010453487129135958
13.569,0,-3.999084569169608,-2.99755487484223,1.1975052103339936,0.010517757251340198
13.569,1,-4.005585028180568,3.000337330545981,1.1989183772463667,0.010260434355301698
13.58,0,-3.9991890792442817,-2.997558027315209,1.197493835590474,0.01051777069468946
13.58,1,-4.0055089839329785,3.000271295957454,1.1989062980416796,0.010044784220284451
13.589,0,-3.9992939312532503,-2.997561659530579,1.1974868501481284,0.010513023675756301
13.589,1,-4.005434760124415,3.0002063951116495,1.1988957393310293,0.009807700861961133
13.602,0,-3.9993988970430485,-2.997565809330556,1.1974836919995426,0.010506677497552616
13.602,1,-4.005362676296853,3.000142593221214,1.1988865075644504,0.009557770523029223
13.609,0,-3.9995037520463543,-2.9975704979500573,1.1974817067833503,0.010488100140952578
13.609,1,-4.005293044039175,3.000079864587178,1.1988772911801597,0.0093013693010558
13.626,0,-3.9996082761838383,-2.997575728217615,1.1974785814524351,0.010453827451395652
13.626,1,-4.005226151094086,3.000018191514897,1.198866922059119,0.009039490267324366
13.629,0,-3.999712253026394,-2.9975814825085583,1.1974727546593178,0.010410344464149903
13.629,1,-4.005162245111173,2.99995756229631,1.1988546051245677,0.008777484152816071
13.643,0,-3.9998154694903727,-2.99758772166119,1.1974631692800746,0.010365549616541708
13.643,1,-4.005101522334183,2.9998979697512547,1.1988398021823,0.00852254072661971
13.651,0,-3.999917715897359,-2.997594385349971,1.1974492843659614,0.010320112254865765
13.651,1,-4.00504412273041,2.999839410800127,1.1988226271200515,0.008253181641380418
13.661,0,-4.000018785646906,-2.99760139726075,1.1974311033940364,0.010272045718144825
13.661,1,-4.004990132713728,2.9997818846938737,1.1988049456222098,0.007942658975261174
13.671,0,-4.000118474512875,-2.9976086755729145,1.197408690189401,0.010221465909902392
13.672,1,-4.004939582928139,2.999725383368593,1.1987884280304173,0.007607272757119435
13.682,0,-4.0002165798439275,-2.997616142214501,1.1973821018034958,0.010168760038700389
13.682,1,-4.00489245258056,2.999669883921755,1.1987741946588668,0.007266224509196196
13.687,0,-4.000312900172615,-2.9976237293883274,1.197351392109838,0.010114406785907774
13.689,1,-4.004848675373673,2.9996153442752416,1.1987629818090637,0.006937143700386087
13.699,0,-4.000407234518779,-2.9976313839983493,1.197316954933797,0.010023341830689361
13.699,1,-4.004808144300864,2.9995617004934885,1.1987549136047742,0.006644892499436583
13.71,0,-4.000499380375507,-2.997639067583834,1.1972807417709677,0.009842045177526064
13.71,1,-4.004770719830582,2.9995088639057848,1.198748707792757,0.006395775378903684
13.72,0,-4.000589139195549,-2.997646747351983,1.1972445907914457,0.009586689355684352
13.72,1,-4.004736255965953,2.9994567182123513,1.198743175058979,0.006181692248435706
13.731,0,-4.000676320361605,-2.997654386227872,1.1972097589980777,0.009275030473927212
13.731,1,-4.00470462059184,2.999405116272622,1.19873750010918,0.0060011798769852315
13.742,0,-4.000760743437973,-2.9976619359505308,1.1971770900559286,0.008922286704815582
13.742,1,-4.004675708452966,2.9993538787103926,1.1987311200177657,0.005855557040507101
13.752,0,-4.000842239964033,-2.997669332698404,1.1971471411024552,0.008540058563387479
13.752,1,-4.0046494494573,2.9993027940676016,1.1987236467346822,0.0057471843403944
13.763,0,-4.000920655891223,-2.997676494885068,1.1971199115159656,0.008171991331080368
13.763,1,-4.004625813781101,2.9992516202592214,1.1987150201261867,0.005669350216064233
13.769,0,-4.0009958575192375,-2.9976833238802043,1.1970935278085926,0.007864934739968337
13.769,1,-4.004604810482638,2.999200089210529,1.1987061721916623,0.005610514436286236
13.781,0,-4.001067728302213,-2.997689707455263,1.1970661307461683,0.00760528178773436
13.781,1,-4.004586466665605,2.9991479192035215,1.198698016440178,0.005579035840391354
13.791,0,-4.001136168835394,-2.9976955241783556,1.1970364534350517,0.007390309878697396
13.791,1,-4.004570806799569,2.9990948285648975,1.198691168166702,0.0055834518770207005
13.802,0,-4.00120109827401,-2.997700647325597,1.197003644844635,0.00722277325907959
13.802,1,-4.004557838784919,2.9990405463384255,1.1986860397170511,0.005629981172343455
13.813,0,-4.001262454188867,-2.9977049478592224,1.1969673618514516,0.007060530699066892
13.813,1,-4.004547544398126,2.9989848204136615,1.198682738021697,0.005723565864958582
13.819,0,-4.001320185576815,-2.997708296796634,1.1969296342535114,0.0067568409491827065
13.819,1,-4.004539873215886,2.998927425110465,1.1986802667886831,0.005861878298675726
13.83,0,-4.001374259165684,-2.997710577502533,1.1968930534621929,0.006334209535381383
13.83,1,-4.004534749509005,2.998868165112957,1.1986775101249465,0.0060362197277694304
13.838000000000001,0,-4.001424663883938,-2.997711699819814,1.19685937835485,0.005832087603363736
13.838000000000001,1,-4.0045320806103,2.9988068782567305,1.1986736896287382,0.006241858124590962
13.851,0,-4.001471408709951,-2.9977116087639875,1.1968297723923056,0.005284733165989416
13.851,1,-4.004531762643947,2.9987434373558033,1.1986682624429992,0.006474699662416508
13.864,0,-4.001514520262456,-2.9977102894831305,1.1968050015707252,0.004720350281598393
13.864,1,-4.004533685237743,2.9986777505174556,1.198660856833789,0.006730288282145998
13.879,0,-4.001554039942741,-2.997707769377213,1.1967856967846808,0.00414580234848125
13.879,1,-4.00453773575899,2.9986097598100625,1.1986514194284807,0.006992800364855043
13.885,0,-4.001590018737697,-2.997704116236579,1.1967732473349448,0.0035786147256713845
13.885,1,-4.00454380364811,2.998539434648458,1.198641905669025,0.007225365694568593
13.889,0,-4.001622517970566,-2.997699432283242,1.1967689737926193,0.00313740812446278
13.889,1,-4.00455176810802,2.9984667693336444,1.198634704742509,0.007445111565841804
13.898,0,-4.00165160854264,-2.997693845625952,1.196773734058531,0.0029613040208740886
13.898,1,-4.004561483972417,2.9983917785764547,1.1986314276078265,0.007675453398941766
13.909,0,-4.0016773686527785,-2.9976875025426595,1.1967880529148245,0.0031371514215338065
13.909,1,-4.004572774574869,2.9983144912366524,1.1986331250846671,0.007932426242771767
13.919,0,-4.001699881927324,-2.9976805611662267,1.1968122237420684,0.0036285171812244195
13.919,1,-4.0045854280517545,2.99823494568173,1.198640464504347,0.008223531455745064
13.927,0,-4.001719236410091,-2.9976731863817436,1.1968462166842817,0.0042725454287749634
13.927,1,-4.0045991964216725,2.99815318622925,1.1986539059891268,0.008552352411220593
13.94,0,-4.001735527484198,-2.9976655477364056,1.196888213388597,0.004794362468429362
13.94,1,-4.004613801700732,2.9980692584627873,1.1986739011072782,0.008921628470169632
13.949,0,-4.0017488500156695,-2.997657823917046,1.1969359744348693,0.005187086745035532
13.949,1,-4.004628953625586,2.9979832021040096,1.1987007491421267,0.009329267714280004
13.963000000000001,1,-4.004644367509852,2.997895044150494,1.1987346053751518,0.009771990829340292
13.964,0,-4.001759291130817,-2.9976502103204417,1.1969879462368536,0.005482452639123847
13.97,0,-4.001766928073988,-2.997642924046031,1.1970430458056407,0.005707035580923473
13.97,1,-4.004659777117934,2.9978047940837054,1.1987755397215636,0.010246112362308081
13.981,0,-4.001771828331899,-2.99763620544875,1.1970999402347804,0.005732595753218913
13.981,1,-4.004674943422277,2.9977124433442444,1.198822596750235,0.010638658257964048
13.991,0,-4.001774054903187,-2.997630311440522,1.197155624282307,0.005463673376203379
13.991,1,-4.00468965668275,2.9976179715255022,1.1988725061517893,0.010886984542160466
14.002,0,-4.001773667870559,-2.9976254993464777,1.1972076016027828,0.004998314511748044
14.002,1,-4.0047037278450155,2.997521351542863,1.1989226099098331,0.011034078196238303
14.007,0,-4.001770731626754,-2.9976220107529685,1.1972541845237505,0.0044076887673728665
14.007,1,-4.004716979791925,2.9974225600321427,1.1989710780612706,0.011117587766380332
14.021,0,-4.00176532125118,-2.997620059962585,1.1972942486475924,0.0037488034225031976
14.021,1,-4.00472924145088,2.997321585517428,1.1990166504167572,0.011166855033110247
14.028,0,-4.001757526552095,-2.997619826441475,1.1973270716242297,0.003072252440011574
14.028,1,-4.004740343993126,2.997218433686775,1.1990584799485906,0.011202848813721767
14.039,0,-4.001747454281754,-2.9976214504936918,1.197352275806871,0.002463344342276381
14.039,1,-4.004750118459634,2.9971131304099012,1.19909610368895,0.011253480136239565
14.051,0,-4.001735226470365,-2.997625032545267,1.197370428910374,0.002063197901737901
14.051,1,-4.004758392405614,2.9970057207034135,1.1991307316716955,0.011376161194723323
14.061,0,-4.001720975179071,-2.9976306318820245,1.1973823849185192,0.0018942396871824807
14.061,1,-4.004764990186363,2.9968962733808646,1.1991642544668812,0.011543930988914902
14.071,1,-4.00476973472978,2.996784885777174,1.199197976275743,0.01173526171209549
14.072,0,-4.001704834297287,-2.9976382668926282,1.197388769485961,0.0019406928256394912
14.083,0,-4.001686932254146,-2.997647917245096,1.1973900334496703,0.0021453228419272036
14.083,1,-4.004772447984948,2.996671683632225,1.19923276490496,0.011937536169912789
14.092,0,-4.001667386834602,-2.9976595267698687,1.197386526293317,0.002442837258818301
14.092,1,-4.004772951708811,2.9965568198091685,1.1992691867114165,0.012142615191145085
14.1,0,-4.001646301687384,-2.9976730066889914,1.1973785752616255,0.0027808147893656843
14.1,1,-4.004771068825849,2.996440472388277,1.199307472321007,0.012332616990420913
14.111,0,-4.001623762528025,-2.997688237556876,1.1973667481583514,0.003118028990961922
14.111,1,-4.0047666272090705,2.996322845565133,1.199347084004438,0.012486034746585401
14.121,0,-4.001599831670578,-2.9977050657854503,1.1973515554215457,0.0034407276397034835
14.121,1,-4.0047594638227535,2.996204176145189,1.199387422252051,0.012605622834449402
14.132,0,-4.001574542876859,-2.9977233004982593,1.1973333704160078,0.003744967253512164
14.132,1,-4.004749429804028,2.996084740822524,1.1994280644079267,0.01269273055167742
14.139,0,-4.001547898662924,-2.997742712822597,1.197312464635682,0.004031052546213732
14.139,1,-4.004736394767395,2.9959648596221005,1.1994687020994983,0.012747121711689194
14.147,0,-4.00151986967916,-2.9977630370791704,1.197289055185074,0.004296502499810123
14.147,1,-4.004720250613209,2.995844895923166,1.1995088477955507,0.012746479682509054
14.161,0,-4.001490395882067,-2.997783974219612,1.1972634862036713,0.004531838877715401
14.161,1,-4.004700915947131,2.9957252502989284,1.199547215539028,0.01267680944070048
14.171,0,-4.0014593923523565,-2.9978052001990756,1.1972360965512203,0.004743159020598954
14.171,1,-4.004678335761406,2.995606345286382,1.1995827132577221,0.012554957728787942
14.18,0,-4.001426756814159,-2.997826376718558,1.1972071278531764,0.004936121387789476
14.18,1,-4.004652482698037,2.9954886106358187,1.1996145935988087,0.012394191527438965
14.191,0,-4.001392375739325,-2.9978471605060846,1.1971767629473744,0.005116441962831837
14.191,1,-4.004623357613445,2.9953724717930177,1.1996423597424974,0.012205202639560235
14.202,0,-4.0013561292128665,-2.9978672106426405,1.1971451293055275,0.005290105479936034
14.202,1,-4.004590988839281,2.9952583408425415,1.1996656913398807,0.011996071922114293
14.209,0,-4.001317894297733,-2.9978861941832284,1.1971125049098752,0.005433928035560826
14.209,1,-4.004555429079217,2.995146610909309,1.1996848683362007,0.011790502499193197
14.221,0,-4.001277548163762,-2.997903794459771,1.197079606519805,0.005542809494569405
14.221,1,-4.004516750739064,2.995037653690667,1.1997014285268266,0.011590261942858416
14.23,0,-4.001234973832315,-2.997919726409506,1.1970469950693856,0.005637041519201724
14.23,1,-4.004475047328916,2.9949318131371907,1.199716652535237,0.011385067560796203
14.238,0,-4.001190063762205,-2.997933749137928,1.1970150343774537,0.005731345316153867
14.238,1,-4.004430430267153,2.994829402841435,1.1997314086551871,0.011171616533629173
14.252,0,-4.001142721768192,-2.997945673746468,1.1969839654963919,0.00583570981237594
14.252,1,-4.004383025059973,2.994730705131983,1.1997462813424202,0.01095011896713388
14.258,0,-4.00109286401433,-2.99795536772547,1.1969539442958432,0.005957108944344548
14.258,1,-4.004332967798361,2.9946359709883743,1.199761669809365,0.01072230667218622
14.277,0,-4.001040419207518,-2.9979627565025697,1.196925091456363,0.006092832832265452
14.277,1,-4.004280402597098,2.99454541967302,1.1997776878616446,0.010485059145882518
14.288,0,-4.0009853280543215,-2.997967820739123,1.1968979553522612,0.006220055039366778
14.288,1,-4.004225480411042,2.9944592364104197,1.199794012903873,0.010238272490095991
14.29,0,-4.000927549331515,-2.9979705884435544,1.1968732368910011,0.0063519996932393475
14.29,1,-4.004168358056853,2.9943775695587,1.199810361616486,0.009986782010504727
14.298,0,-4.000867068253058,-2.997971123681417,1.196851403709633,0.0064995238434442685
14.298,1,-4.004109198280068,2.9943005271013488,1.1998265365690532,0.009735015889880093
14.31,0,-4.000803901093189,-2.9979695159965196,1.196832737430107,0.006666895614406505
14.31,1,-4.0040481693704635,2.9942281749343924,1.1998423884942246,0.009486755562719848
14.325,0,-4.000738096633032,-2.997965871352148,1.1968175935129828,0.006842704532773241
14.325,1,-4.003985443727571,2.994160538503594,1.1998581370051538,0.00926384961524831
14.331,0,-4.000669733291344,-2.9979603046951637,1.1968069223176367,0.007028604296437164
14.331,1,-4.0039211941601,2.9940976143944535,1.199876225959602,0.009113796670865926
14.338,0,-4.0005989148225005,-2.9979529373838383,1.1968014941557779,0.00724079092756999
14.338,1,-4.003855597959002,2.9940393689461695,1.1998992256165082,0.009051202247998852
14.349,0,-4.000525763491918,-2.99794389423333,1.196801788480353,0.007486171346419977
14.349,1,-4.0037888385075036,2.9939857436846613,1.1999288518667488,0.009091539473315013
14.361,0,-4.00045041403722,-2.997933300734332,1.1968080852659213,0.007765329532782495
14.361,1,-4.003721104389562,2.9939366646992984,1.1999662279543264,0.009242903615095919
14.37,0,-4.000373008959703,-2.9979212809045035,1.1968204707109102,0.00807102003715918
14.37,1,-4.0036525884033685,2.9938920494269943,1.200011969644395,0.009479907051597203
14.38,0,-4.000293696362665,-2.997907957948651,1.1968384813919923,0.008383360003071551
14.38,1,-4.00358348748033,2.993851805237205,1.2000648545500083,0.009669056335410863
14.39,0,-4.000212629783628,-2.9978934604048124,1.1968615764292634,0.008692306658054665
14.39,1,-4.003514001117745,2.9938158351394217,1.2001228955711907,0.009796024288292427
14.401,0,-4.0001299695461645,-2.9978779299369633,1.1968893473076847,0.008991670624838115
14.401,1,-4.003444330438942,2.993784042419459,1.200184683009192,0.009870937700216936
14.411,0,-4.000045883490722,-2.997861526545979,1.1969214725676902,0.00927758349620472
14.411,1,-4.003374678202044,2.9937563288838396,1.2002492234192395,0.009905348191576768
14.421,0,-3.9999605467722197,-2.997844431276343,1.196957699185271,0.009547721567216469
14.421,1,-4.003305248423658,2.9937325937756487,1.200315819510564,0.009909634741140608
14.431000000000001,0,-3.9998741412780645,-2.997826846976741,1.1969977141296921,0.009786211063628203
14.431000000000001,1,-4.003236245628732,2.993712733424656,1.2003840048380763,0.009895709469038828
14.448,0,-3.9997868556627076,-2.9978089945854545,1.1970406956528505,0.009970863334071692
14.448,1,-4.003167870855992,2.993696644107569,1.2004535372036798,0.009874019384101618
14.452,0,-3.9996988861092038,-2.9977910999977357,1.1970858701107314,0.010107552250987724
14.452,1,-4.003100309486378,2.9936842317167973,1.2005242615140115,0.009848132605846162
14.458,0,-3.9996104378120885,-2.9977733805169904,1.1971326832697917,0.010202519324900646
14.458,1,-4.003033718991236,2.9936754223114397,1.2005960742338768,0.009822113185331322
14.47,0,-3.9995217257548714,-2.9977560350093144,1.1971807395572842,0.010260378732660067
14.47,1,-4.002968221045083,2.993670169242773,1.200668895100221,0.009798876198356302
14.484,0,-3.999432974687229,-2.9977392372376417,1.1972297803381717,0.010295073205459403
14.484,1,-4.0029038971957505,2.9936684569872947,1.2007425238240366,0.009752878965184938
14.488,0,-3.999344418514439,-2.99772313270935,1.1972809742590549,0.010421478437992128
14.488,1,-4.002840789266007,2.9936703010768175,1.2008161684086498,0.00965187950320169
14.5,0,-3.999256297135011,-2.997707837461131,1.197336700048897,0.010648583164594317
14.5,1,-4.002778909439963,2.993675748851742,1.200889096228878,0.009518457714060093
14.517,0,-3.9991688497009408,-2.997693437422768,1.1973986229467175,0.010958819890110813
14.517,1,-4.00271825142743,2.9936848769672646,1.2009608067308482,0.009369784652765096
14.521,0,-3.9990823086799856,-2.997679989691428,1.1974678144528244,0.011340051804294551
14.521,1,-4.00265879890419,2.993697787679162,1.2010309633242857,0.00921981233266144
14.527,0,-3.9989968955583137,-2.9976675243007698,1.1975449561683906,0.011781317954657814
14.527,1,-4.002600531741604,2.99371460509013,1.2010993527375733,0.009079307535535345
14.539,0,-3.9989128173863064,-2.9976560459309805,1.19763012917916,0.012203765891707886
14.539,1,-4.002543430491993,2.9937354707501607,1.201165736280252,0.00893463343911349
14.55,0,-3.998830263997627,-2.997645535971303,1.197721746081787,0.012504097803621845
14.55,1,-4.002487479099586,2.993760534385847,1.2012294621837962,0.008768959023544126
14.557,0,-3.9987494124575815,-2.997635959818935,1.1978182122539072,0.012709080143765731
14.557,1,-4.002432666717621,2.9937899387219313,1.2012899609543457,0.008606308694546452
14.568,0,-3.9986704311001624,-2.997627273094359,1.1979183951438612,0.012841525695245853
14.568,1,-4.0023789879617215,2.993823802913558,1.201346859111889,0.008463184660865111
14.58,0,-3.998593481719936,-2.9976194260408495,1.198021477055506,0.012918665835765319
14.58,1,-4.002326442484649,2.9938622104898323,1.2013999137171734,0.008351599367808304
14.588000000000001,0,-3.9985187209470254,-2.9976123669077683,1.1981268758985286,0.012955175448068816
14.588000000000001,1,-4.002275034339477,2.993905201924672,1.2014489900331975,0.008278878896100027
14.602,0,-3.9984463010213074,-2.9976060445592227,1.198234216882415,0.0129734664347681
14.602,1,-4.002224771992886,2.993952773699149,1.2014946506170014,0.008329466213051428
14.608,0,-3.998376368957926,-2.9976004120387545,1.1983435415476067,0.013006451344897502
14.608,1,-4.002175670819058,2.994004883640967,1.2015390159904666,0.008517117684118145
14.623,0,-3.998309058496115,-2.997595433966945,1.1984550034754033,0.013052381106670646
14.623,1,-4.002127756184619,2.994061448771675,1.2015838138981105,0.008791301295404145
14.63,0,-3.998244480983783,-2.997591094131874,1.1985686847016142,0.01310709498023096
14.63,1,-4.002081067870001,2.994122352434231,1.201630223727963,0.009120526693749114
14.641,0,-3.9981827192980313,-2.997587400259774,1.1986846100318342,0.01316946039256744
14.641,1,-4.002035662946541,2.9941874518708045,1.2016790288627726,0.009483360111068088
14.649000000000001,0,-3.998123822346405,-2.9975843857050233,1.1988021558712123,0.013090073116633945
14.649000000000001,1,-4.00199161713064,2.994256584461605,1.2017307205220056,0.009860535062274033
14.657,1,-4.00194902351725,2.9943295706602124,1.2017851943224158,0.010207988749805512
14.662,0,-3.998067796214182,-2.99758210365739,1.198918572010305,0.012751997614548621
14.67,0,-3.9980146026693286,-2.9975806125300672,1.1990314683672871,0.012237820437434774
14.67,1,-4.00190798452502,2.9944062138758425,1.2018419575073571,0.010521964755956417
14.677,1,-4.001868599554502,2.9944862984850364,1.2019006319233583,0.010806824193614992
14.679,0,-3.9979641537822292,-2.997579960166607,1.1991392329244916,0.011608356858638869
14.691,0,-3.9979163084723166,-2.9975801724075275,1.1992407995464467,0.010907222201170177
14.691,1,-4.001830954945072,2.994569587520147,1.2019609439727117,0.011065005759984573
14.701,1,-4.001795116885743,2.994655821917862,1.2020225509471414,0.011276550163720842
14.702,0,-3.997870871409084,-2.9975812452444193,1.199335015209715,0.010066298653488487
14.711,0,-3.9978276006749933,-2.9975831422006194,1.1994198992636722,0.009074285079829393
14.712,1,-4.001761127481179,2.9947447227186914,1.202084552773445,0.011418075559830479
14.722,0,-3.9977862319234583,-2.997585799707508,1.1994939629653911,0.008001253202790272
14.722,1,-4.001729008240816,2.9948360033843664,1.2021461417233303,0.011506874682950169
14.732,0,-3.9977464977487442,-2.9975891326670223,1.1995562454405577,0.006902504548125378
14.732,1,-4.001698764546632,2.9949293809395843,1.202206758672773,0.011555480023714476
14.742,0,-3.997708141457203,-2.9975930393955643,1.1996061410535117,0.005831308252795115
14.742,1,-4.001670389299586,2.9950245836968223,1.2022660117943678,0.011573027976171437
14.751,0,-3.9976709267874715,-2.997597406031278,1.1996433035337528,0.004854676359924484
14.752,1,-4.001643866124785,2.995121356792202,1.2023236364555796,0.011567070121510705
14.76,0,-3.9976346445490796,-2.9976021104350465,1.1996678174347097,0.00409577949458454
14.761,1,-4.001619170718291,2.9952194647401438,1.2023787498503336,0.011461671765676282
14.771,1,-4.001596269283263,2.995318687570575,1.2024288303861954,0.011246173851951128
14.772,0,-3.9975991163165294,-2.9976070237530714,1.1996806771608335,0.003645058752936448
14.782,0,-3.9975641939931967,-2.997612007001192,1.1996828354506808,0.0035125135469981444
14.782,1,-4.001575118940808,2.995418811793961,1.2024718741063642,0.010984596238387951
14.789,0,-3.9975297590409067,-2.9976169080276662,1.1996750043664253,0.0036657044751605182
14.789,1,-4.001555664690079,2.9955196189467364,1.2025065619689639,0.01072418900714383
14.802,0,-3.9974957213560867,-2.9976215603934646,1.1996577227281513,0.004032562231592777
14.802,1,-4.001537837051107,2.995620877818916,1.2025320365866574,0.01049812739339674
14.81,0,-3.9974620178069245,-2.9976257833591413,1.1996319206675148,0.004439380385243051
14.81,1,-4.001521551323616,2.9957223401326276,1.2025480099326349,0.010339250436643792
14.823,0,-3.9974286108865744,-2.9976293832139413,1.1996008120050141,0.0046675439696318355
14.823,1,-4.001506710186808,2.9958237398202288,1.2025568078634976,0.010249203320877765
14.834,0,-3.997395486266537,-2.9976321617127044,1.199567367457044,0.0047337141444504195
14.834,1,-4.001493199605991,2.9959247990295714,1.202561380513182,0.010170809154957487
14.838000000000001,0,-3.99736265081081,-2.9976339250261623,1.1995336111047075,0.0046806362598427135
14.838000000000001,1,-4.001480886410909,2.996025238893738,1.202563769428196,0.010079501540853048
14.854,0,-3.9973301304538778,-2.997634490197273,1.1995009131235455,0.0045464647899026225
14.854,1,-4.001469619766754,2.996124788685366,1.202565379063168,0.009967867369846072
14.861,0,-3.997297967739646,-2.9976336896930276,1.1994702095837155,0.004361009457006442
14.861,1,-4.0014592333040415,2.996223192531313,1.2025671887281473,0.009835578801802346
14.868,0,-3.9972662190956143,-2.9976313748286563,1.1994419353307668,0.004181742673551856
14.868,1,-4.00144954755283,2.996320214272375,1.2025697743976935,0.009684032246914383
14.88,0,-3.997234951760027,-2.9976274202044766,1.1994156549867914,0.004045796495567221
14.88,1,-4.001440373110537,2.996415641704494,1.2025728215821345,0.009513222613790952
14.891,0,-3.9972042407409845,-2.997621728750059,1.1993909018697266,0.00394067986233976
14.891,1,-4.001431517380388,2.9965092883669637,1.2025758456734226,0.009325628635428428
14.899000000000001,0,-3.9971741657226203,-2.9976142365799583,1.1993673288076032,0.0038598208955130586
14.899000000000001,1,-4.00142279124676,2.996600994525286,1.2025785171425614,0.009124348306551695
14.91,0,-3.9971448083372993,-2.997604915605077,1.1993446715574032,0.0037973928252070664
14.91,1,-4.001414014005605,2.996690627516667,1.2025806121451117,0.00891262750953481
14.918,0,-3.997116249878205,-2.997593774082736,1.199322737289813,0.0037492423439539945
14.918,1,-4.0014050169930835,2.996778081209532,1.2025819911660505,0.008693613055196397
14.929,0,-3.9970885695625977,-2.997580855492696,1.199301556610172,0.003681804437362791
14.929,1,-4.00139564616173,2.9968632750331654,1.202582506593164,0.008470249871937839
14.938,0,-3.9970618441970074,-2.997566234735491,1.1992820506801114,0.0035601048606242855
14.938,1,-4.001385763600368,2.996946151874498,1.2025817520988251,0.008246117878480834
14.955,0,-3.9970361481624455,-2.9975500142749287,1.1992651053100316,0.0034135001124375322
14.955,1,-4.001375247235409,2.9970266714360747,1.2025793942363345,0.008024652683040619
14.959,0,-3.9970115542206632,-2.9975323184166016,1.1992512836540954,0.0032661800216208857
14.959,1,-4.001363989870645,2.997104803996958,1.2025752284855296,0.0078083950143570105
14.971,0,-3.996988134279598,-2.9975132875747987,1.1992409335591,0.0031350376642822753
14.971,1,-4.001351898174913,2.99718052589707,1.2025691311767481,0.007599092848140054
14.979,0,-3.9969659596047404,-2.9974930737147276,1.1992340642809147,0.003043949067282285
14.979,1,-4.0013388916609065,2.9972538160560833,1.2025611117753598,0.007395242096979565
14.99,0,-3.996945100019462,-2.9974718379592975,1.1992292666161402,0.0029959278660335745
14.99,1,-4.001324902953743,2.997324654126034,1.2025516363740647,0.007190533917598047
15.001,0,-3.9969256275229577,-2.9974497472197403,1.1992249856493966,0.0029608275826037206
15.001,1,-4.001309883892122,2.997393025317814,1.2025412152037016,0.006984912458324304
15.009,0,-3.996907619353412,-2.997426972706195,1.1992201465480494,0.0029308969225338194
15.009,1,-4.001293812285582,2.997458925752491,1.20253022518792,0.006779421968981489
15.021,0,-3.9968911591467453,-2.997403689162478,1.1992140052481983,0.0029080233423776536
15.021,1,-4.001276695943748,2.9975223655830083,1.2025189476853815,0.006575537158709443
15.03,0,-3.996876337302724,-2.997380073893413,1.199206032496392,0.0028972749558105362
15.03,1,-4.001258574521779,2.9975833705925155,1.202507583650994,0.006374767083327616
15.037,0,-3.996863251489805,-2.997356305549781,1.199196239411188,0.002861638929633527
15.037,1,-4.001239519718446,2.9976419827890646,1.2024961759419712,0.006183446532043286
15.05,0,-3.9968520081299803,-2.9973325612465977,1.1991865524783747,0.002739812062007447
15.05,1,-4.001219631512531,2.9976982590537724,1.2024842746254751,0.0060095498009206895
15.061,0,-3.9968427157767654,-2.9973090094618993,1.1991788405469004,0.0025693401578923557
15.061,1,-4.001199024855871,2.997752262682497,1.2024714377069599,0.005851312566703306
15.071,0,-3.9968354804790533,-2.997285802076346,1.1991743396242986,0.0024018938571053476
15.071,1,-4.001177815882345,2.9978040555786185,1.2024573724275516,0.005707544658728941
15.082,0,-3.996830403377356,-2.997263068790425,1.1991738590653889,0.002290406043341374
15.082,1,-4.001156111827789,2.9978536932168565,1.2024418956624194,0.005576813565951942
15.091,0,-3.996827579087334,-2.9972409136880884,1.199177932017242,0.002281069239570201
15.091,1,-4.001134003927106,2.997901221368275,1.2024249193698922,0.005457448248371148
15.101,0,-3.99682709436213,-2.99721941339503,1.1991867846948379,0.002382268386045589
15.101,1,-4.001111562944794,2.9979466746578765,1.202406231768384,0.005368101921770482
15.111,0,-3.9968290264393977,-2.997198618251281,1.1991998018766399,0.00253599909406113
15.111,1,-4.001088839402516,2.9979900802213937,1.2023847996880315,0.005342801041315726
15.122,0,-3.996833446130343,-2.9971785620836333,1.1992162386091172,0.0027141649149155975
15.122,1,-4.001065871832871,2.998031466681697,1.2023596842117683,0.005383901237178763
15.128,0,-3.99684042039089,-2.9971592735985504,1.199235540452399,0.0029042893781244306
15.128,1,-4.001042696820156,2.998070874995615,1.2023302685807895,0.0054924676298921254
15.141,0,-3.9968500133366036,-2.997140784622888,1.1992572928886165,0.0031030081481921296
15.141,1,-4.001019356428335,2.9981083661208356,1.2022961497093858,0.005665251459919497
15.148,0,-3.9968622872030446,-2.997123135760293,1.1992813737992274,0.0033483155229225045
15.154,1,-4.000995903128341,2.998144024580529,1.202257585534117,0.005793837749453178
15.159,0,-3.9968773011762964,-2.9971063780205998,1.1993085565745012,0.0036906444037609672
15.159,1,-4.000972401740787,2.998177953925149,1.202217254772117,0.005726256329750549
15.171,0,-3.996895097989395,-2.997090565279725,1.1993396024848975,0.004104383559528643
15.171,1,-4.000948927262648,2.9982102685896916,1.2021777296797695,0.0055138452518995245
15.182,0,-3.996915692013458,-2.9970757457564865,1.199375001736101,0.004567795531699206
15.182,1,-4.00092556072587,2.9982410804850965,1.2021407585379151,0.005205026433909358
15.192,0,-3.9969390623281744,-2.99706195591454,1.1994150489099042,0.00506252558883848
15.192,1,-4.000902385513281,2.998270487880103,1.202107515532569,0.004840156131446215
15.202,0,-3.9969651491634264,-2.997049216287073,1.1994599009688687,0.005574701478003668
15.202,1,-4.000879484306594,2.9982985679931007,1.2020787573998046,0.004450390347315565
15.211,0,-3.9969938528219973,-2.9970375287903126,1.1995095633781139,0.006079798665242228
15.211,1,-4.000856936548072,2.998325372457539,1.2020550282300888,0.004053289574038005
15.219,0,-3.9970250358486488,-2.9970268731699874,1.1995638117658693,0.006563394500502149
15.219,1,-4.000834813374191,2.998350925607699,1.2020368392035552,0.0036711753104511392
15.231,0,-3.9970585297318295,-2.997017201262263,1.1996224265786348,0.007027058918457826
15.231,1,-4.000813166540504,2.9983752260446632,1.202024529980307,0.0033382090316976375
15.238,0,-3.9970941414426435,-2.9970084325211963,1.1996852362734165,0.007472387162536915
15.238,1,-4.000792018394053,2.9983982493123666,1.202018283749409,0.003087748470900662
15.251,0,-3.997131658943692,-2.99700045188306,1.1997521036604295,0.007899381644778047
15.251,1,-4.000771355658804,2.998419950878114,1.202018196123935,0.0029504748592460734
15.262,0,-3.997170856083198,-2.9969931095628115,1.1998228954126062,0.008307014888381578
15.262,1,-4.00075112630028,2.9984402691952123,1.2020242938212422,0.002946407716930346
15.268,0,-3.997211497192826,-2.9969862226456634,1.199897421829905,0.008674459596041462
15.268,1,-4.000731238841048,2.9984591289479225,1.202036404719433,0.003056929813210727
15.281,0,-3.9972533415840688,-2.9969795785125948,1.1999748750633357,0.00894053325307431
15.281,1,-4.000711567889176,2.998476444003714,1.202053704678848,0.003218485577124182
15.287,0,-3.9972961534173765,-2.996972942735453,1.2000543153775522,0.009126591479944393
15.287,1,-4.000691972642541,2.9984921164926766,1.2020753964516635,0.0034030395952087756
15.3,0,-3.9973397118132836,-2.9969660682161234,1.2001350668088173,0.00925400133404361
15.3,1,-4.000672316015921,2.998506035881756,1.2021009048809523,0.003598114959678081
15.311,0,-3.997383817395722,-2.9969587026715234,1.2002166539008452,0.00933912285598659
15.311,1,-4.000652478175618,2.9985180789351986,1.2021298131804845,0.003799141505474859
15.321,0,-3.9974282963552947,-2.996950594718692,1.200298855346138,0.009420913354296094
15.321,1,-4.000632365415072,2.9985281099448207,1.2021620035103706,0.0040421277953708
15.329,0,-3.99747300270003,-2.9969415010190747,1.2003819362676555,0.009528258485107573
15.329,1,-4.0006119126847794,2.998535981111329,1.2021978735422603,0.004345150392333218
15.34,0,-3.9975178188823928,-2.9969311982077307,1.200466154038625,0.009652811682495556
15.34,1,-4.000591079221602,2.998541534832828,1.2022377459706897,0.0046943371052646865
15.35,0,-3.997562655499794,-2.9969194932838654,1.2005516776676728,0.009789509323098517
15.35,1,-4.00056984307226,2.99854460531899,1.202281824461317,0.005078640220733148
15.361,0,-3.9976074500282945,-2.9969062303451572,1.2006386038774612,0.009934003188926852
15.361,1,-4.000548196530298,2.9985450203562967,1.202330219078171,0.005488628175524484
15.371,0,-3.9976521648861305,-2.9968912944405997,1.2007269578008473,0.010079681124543145
15.371,1,-4.000526142561856,2.9985426036075515,1.2023828245900756,0.005874115165359919
15.381,0,-3.997696785189908,-2.9968746123294845,1.200816668992505,0.010220720037259327
15.381,1,-4.000503692850382,2.998537180766103,1.2024385548718102,0.00614939371143588
15.39,0,-3.997741316281322,-2.9968561488113408,1.200907651932539,0.010358322167859396
15.39,1,-4.000480867240422,2.998528586778705,1.2024962455507642,0.00634881293690008
15.401,0,-3.9977857811560225,-2.9968359016590695,1.2009998379069384,0.01049481609189062
15.401,1,-4.000457694136335,2.99851667482368,1.2025550862588978,0.006501854170927848
15.412,0,-3.997830217977127,-2.996813896924385,1.2010931818505548,0.010631193890379703
15.412,1,-4.000434210812426,2.9985013235819733,1.2026145243834805,0.006629173903798436
15.427,0,-3.9978746776829386,-2.9967901847198486,1.2011876431814916,0.010767225274008039
15.427,1,-4.000410463347889,2.9984824417561917,1.2026741740546256,0.006743842623723095
15.432,0,-3.9979192217576407,-2.996764835409455,1.2012831837487181,0.01090346930321548
15.432,1,-4.000386506294833,2.9984599715844897,1.202733436070894,0.006762209760506976
15.442,0,-3.997963920533989,-2.996737935045861,1.2013797919585418,0.011041995938561665
15.442,1,-4.000362398892781,2.99843389534906,1.2027896653290255,0.00653370408153323
15.452,0,-3.9980088529010636,-2.996709576367471,1.2014774628123734,0.011181814325250979
15.452,1,-4.000338188916485,2.998404223536904,1.202840175440995,0.0061726523530913026
15.463,0,-3.99805410652023,-2.996679848666356,1.2015761780337981,0.011321962297754822
15.463,1,-4.000313895323917,2.998370985938708,1.2028831591005422,0.005781981095798207
15.469,0,-3.998099777698515,-2.996648830339391,1.201675908125981,0.011461864268983608
15.469,1,-4.000289496886294,2.998334228499027,1.2029174136357679,0.005451666381122292
15.478,0,-3.9981459706473994,-2.996616584418489,1.2017763388831058,0.01154732754870475
15.478,1,-4.000264925767272,2.9982940083700713,1.2029428178837216,0.005322125156203529
15.492,0,-3.9981927941834394,-2.996583158727691,1.2018766496730562,0.011569657626057382
15.492,1,-4.000240072492414,2.9982503887048124,1.2029610754102809,0.005387709861749724
15.5,0,-3.998240355893046,-2.996548589951126,1.2019762065286832,0.01155186616226116
15.5,1,-4.000214807611717,2.9982034435358518,1.202973660321624,0.005568854745419993
15.509,0,-3.9982887567933427,-2.9965129084310145,1.2020745886133557,0.011510305614511678
15.509,1,-4.000189002518609,2.9981532559453923,1.2029816091047318,0.00581562275714769
15.521,0,-3.998338087503614,-2.996476141745425,1.2021715185462558,0.011455327431623509
15.521,1,-4.000162544305492,2.9980999152818915,1.2029856470145472,0.006098183911358894
15.532,0,-3.9983884256725792,-2.996438317163856,1.2022668066923268,0.011392877441142901
15.532,1,-4.0001353457613735,2.998043514689353,1.202986275325917,0.006399046012430257
15.542,0,-3.9984398342533463,-2.9963994634304463,1.2023601632338634,0.01127923021233012
15.542,1,-4.000107351477906,2.997984148634886,1.202983922998429,0.006706323278334935
15.551,0,-3.9984923600687763,-2.9963596142207547,1.2024498530602048,0.010989658566859142
15.551,1,-4.0000785395475615,2.9979219087012785,1.2029796878233936,0.007004937642199256
15.56,0,-3.9985460396723154,-2.9963188127233886,1.2025338853284795,0.010587071207659384
15.56,1,-4.000048917886881,2.9978568827175733,1.202974748591448,0.0072894117416896715
15.571,0,-3.9986009063860504,-2.9962771174947145,1.2026109258780424,0.010129269632429362
15.571,1,-4.00001851748842,2.9977891533951824,1.2029699126437063,0.0075608457456526924
15.578,0,-3.99865699424839,-2.9962346071169947,1.2026801030042404,0.009659327805047383
15.578,1,-3.99998738611567,2.9977187961362133,1.202965727879373,0.007821832688701548
15.59,0,-3.998714340452521,-2.996191382780869,1.2027408646237667,0.009209957467911877
15.59,1,-3.999955583061566,2.9976458777377446,1.2029625632143468,0.008074916492155849
15.6,0,-3.998772987638817,-2.9961475686866237,1.2027936444411724,0.008918873199546672
15.6,1,-3.9999231749761117,2.997570456645218,1.2029603592290619,0.008323560574213504
15.609,0,-3.9988329837317194,-2.9961033081085056,1.2028415946222282,0.008845229446042959
15.609,1,-3.9998902312484077,2.9974925862065604,1.2029579482691868,0.008568785127477501
15.627,0,-3.9988943676950495,-2.996058755575046,1.2028875109542416,0.008898357203886523
15.627,1,-3.99985681603547,2.997412316331603,1.2029542899724002,0.008811854201320322
15.628,0,-3.9989571590364266,-2.996014066521585,1.2029333036278496,0.009028234976691023
15.628,1,-3.9998229820825157,2.9973296979084587,1.2029486855455298,0.009055169093518356
15.648,0,-3.9990213519207245,-2.9959693889977097,1.202980271849959,0.009206246379276129
15.648,1,-3.9997887668562697,2.997244786662119,1.2029406689416784,0.00930043934031538
15.655,0,-3.9990869117970056,-2.995924857668225,1.2030292029769836,0.0093994244722127
15.655,1,-3.9997541902614246,2.997157645680209,1.2029299847216455,0.009546014952067835
15.659,0,-3.9991537746103245,-2.995880592349691,1.203080013987001,0.009565885708528132
15.659,1,-3.9997192551566774,2.9970683467834895,1.202916971918044,0.009782436625752686
15.67,0,-3.9992218528207144,-2.995836707439352,1.2031323925753141,0.009707758032316017
15.67,1,-3.999683956291274,2.9969769756888387,1.2029021444865071,0.010006804304584635
15.681000000000001,0,-3.9992910423983616,-2.995793323998943,1.2031861189497466,0.00982768317486885
15.681000000000001,1,-3.9996482919803795,2.9968836368219147,1.2028858677251957,0.010217276840748126
15.692,0,-3.9993612279033552,-2.995750578047342,1.2032410367153399,0.009927023807796467
15.692,1,-3.999612272561673,2.996788455339291,1.2028684003525445,0.010411952565590285
15.699,0,-3.9994322861213947,-2.9957086252350345,1.2032967259166223,0.009961043842189815
15.699,1,-3.9995759258919494,2.996691577608991,1.2028499037722884,0.010589959463962592
15.71,0,-3.999504089300416,-2.995667639888228,1.2033517741717494,0.00989744869446884
15.71,1,-3.99953929790461,2.9965931701585506,1.2028304077909875,0.010750497503049263
15.72,0,-3.9995765108725987,-2.9956278085924666,1.2034049721050106,0.00976544593916772
15.72,1,-3.9995024457922272,2.996493416849627,1.2028099226792073,0.010891698136770418
15.728,0,-3.9996494294782265,-2.9955893225297348,1.203455497065005,0.009587118887379367
15.728,1,-3.999465430391983,2.9963925158600646,1.2027884650348089,0.011012272542495328
15.743,0,-3.999722731763996,-2.995552371225309,1.2035027965770804,0.00937900745311477
15.743,1,-3.99942831049945,2.9962906768318422,1.2027660557895823,0.011111343483191864
15.751,0,-3.9997963144164346,-2.9955171377633585,1.2035465058263997,0.009153476692149977
15.751,1,-3.9993911388212675,2.9961881181444494,1.2027427182588775,0.011188474377802215
15.761,0,-3.999870085594322,-2.9954837955724813,1.2035866040904464,0.00894446813188042
15.761,1,-3.9993539592432508,2.99608506431192,1.2027185039235897,0.01124176255481279
15.771,0,-3.9999439657396842,-2.99545250407222,1.2036238796194825,0.008772170585381408
15.773,1,-3.999316806084499,2.9959817426896884,1.2026935964175132,0.011268991210257224
15.777,0,-4.00001788752033,-2.9954233965189556,1.2036590580906306,0.008623712972055603
15.777,1,-3.99927970666828,2.995878378036296,1.202668177148493,0.0112717127110169
15.789,0,-4.000091795806239,-2.995396570286466,1.2036926436688125,0.00849220903473059
15.789,1,-3.9992426845173914,2.9957751869948823,1.2026423797331913,0.011251831457262915
15.799,0,-4.000165647550305,-2.9953720813458773,1.203724984764512,0.008374174546142671
15.799,1,-3.999205761635727,2.9956723739917708,1.2026163041137075,0.011211152177873147
15.812,0,-4.000239411462916,-2.9953499415978078,1.2037562922463774,0.008265132892106784
15.812,1,-3.999168959934228,2.99557012807753,1.202589594066237,0.011179525973938011
15.818,0,-4.00031306505158,-2.995330121080035,1.2037866013790137,0.008161753374566783
15.818,1,-3.999132300858187,2.995468618498917,1.202560414382857,0.011187121635610087
15.828,0,-4.000386586235882,-2.995312558105084,1.2038159111353568,0.00806406649685926
15.828,1,-3.999095802456437,2.9953679892442064,1.202527178866506,0.011233418520917242
15.839,0,-4.000459945236699,-2.995297169612477,1.2038442200611204,0.007971017665651772
15.839,1,-3.9990594762640197,2.9952683543138896,1.2024888368063915,0.011320861565410392
15.854,0,-4.000533099042398,-2.995283859056409,1.2038715261894424,0.007880813861790726
15.854,1,-3.999023325175787,2.995169795068868,1.2024447044564506,0.01145176379357764
15.857,0,-4.000605987967213,-2.995272522446641,1.2038978270495944,0.007791224441798519
15.857,1,-3.9989873421460946,2.995072359283198,1.202394349802753,0.011626735579508822
15.867,0,-4.000678533864896,-2.995263053085105,1.203923164561674,0.007704021058875909
15.867,1,-3.998951509620238,2.994976061887342,1.2023379313030715,0.011784086912640502
15.879,0,-4.000750639814415,-2.9952553463572507,1.2039477895148514,0.007621553684609908
15.879,1,-3.9989158013696833,2.9948808885457776,1.2022776534509039,0.011831478901965266
15.891,0,-4.000822191469227,-2.995249305525088,1.203971942752523,0.007538459289510994
15.891,1,-3.998880189035392,2.9947867977853044,1.202215660283578,0.011795003233626566
15.9,0,-4.000893059125199,-2.995244847145026,1.2039957917469544,0.007450674474497492
15.9,1,-3.998844649432975,2.9946937253387222,1.202153421096821,0.011700866172707618
15.911,0,-4.000963100038984,-2.9952419046487426,1.2040194522701604,0.0073552255136466235
15.911,1,-3.9988091698067705,2.9946015889259288,1.2020919333954219,0.011570195528400681
15.92,0,-4.001032160760698,-2.995240430318393,1.2040430041094945,0.007250015936606099
15.92,1,-3.9987737512218824,2.9945102923808418,1.2020318673721715,0.011418697849169709
15.931000000000001,0,-4.001100079315556,-2.9952403961070435,1.2040665249750688,0.0071361222882870825
15.931000000000001,1,-3.998738410418203,2.994419729086545,1.2019735630163275,0.01127323058340771
15.943,0,-4.001166687325733,-2.9952417922485917,1.2040902264115585,0.0070177609029971515
15.943,1,-3.9987031771228496,2.9943297851227677,1.2019167162661615,0.011159650511234744
15.951,0,-4.0012318130786095,-2.9952446198741285,1.2041143199904727,0.0068934257852399485
15.951,1,-3.998668081660933,2.9942403435068536,1.2018609506863784,0.011071221278210842
15.958,0,-4.001295284560001,-2.995248882567229,1.2041389538836655,0.00676252504904495
15.958,1,-3.9986331417945995,2.9941512878379104,1.2018059986388863,0.011003522847867651
15.97,0,-4.00135693192598,-2.995254580229797,1.2041642329100017,0.006625145428312404
15.97,1,-3.9985983537855945,2.994062505079006,1.2017516714298857,0.010953275113811481
15.981,0,-4.001416590192925,-2.995261704348857,1.2041899299685055,0.006442766105437451
15.981,1,-3.998563686790424,2.9939738877056756,1.2016978936358547,0.010908287586484237
15.991,0,-4.001474104494851,-2.9952702337207344,1.2042138337936668,0.006145762219688205
15.991,1,-3.998529080643209,2.9938853370102056,1.20164515924355,0.010839125129284694
16.001,0,-4.001529327750801,-2.995280139486611,1.2042336188335385,0.005785402641526474
16.001,1,-3.998494449378194,2.9937967730416677,1.2015940958648241,0.010755223031919428
16.009,0,-4.001582119363988,-2.9952913899619773,1.2042477221961891,0.00541740568680099
16.009,1,-3.998459687509454,2.9937081462303734,1.201545128929292,0.010664597253709206
16.022,0,-4.001632346006974,-2.995303952974662,1.20425510791682,0.0050936447274370356
16.022,1,-3.9984246756757402,2.9936194449955282,1.2014985415050037,0.010571433608058995
16.03,0,-4.001679882224297,-2.995317797542876,1.2042551021359826,0.00486072412145014
16.03,1,-3.998389285331985,2.993530699958063,1.2014545197167472,0.010477453470019875
16.045,0,-4.001724610843121,-2.9953328950453724,1.2042472944230769,0.0047548001304756424
16.045,1,-3.998353382539356,2.993441985697722,1.2014131352930102,0.01038748956679114
16.059,0,-4.001766424641002,-2.995349220056856,1.204231568606141,0.0047903191254432195
16.059,1,-3.9983168323070557,2.993353418306267,1.2013742158206844,0.010305049956433079
16.062,0,-4.001805235326837,-2.9953667504228427,1.2042079544983713,0.004965168035395124
16.062,1,-3.9982795047014537,2.993265146661194,1.2013375764108414,0.010224188603067433
16.073,0,-4.001840984390689,-2.9953854671126896,1.2041765120888768,0.005264694841550949
16.073,1,-3.9982412804760097,2.9931773429140085,1.2013030892858767,0.010140663443036112
16.078,0,-4.001873650226417,-2.995405354182782,1.204137353252917,0.0056648758224125415
16.078,1,-3.998202055036268,2.9930901949244526,1.2012706588114432,0.010051868316462568
16.092,0,-4.001903251393801,-2.9954263988222567,1.2040908436658442,0.006082188239080316
16.092,1,-3.998161740944331,2.993003899591516,1.201240241797625,0.009953115465824919
16.1,0,-4.001929842209592,-2.995448591737698,1.2040388127124024,0.006372896137067565
16.1,1,-3.9981202695956997,2.992918656567654,1.2012120034926066,0.009839087413461624
16.11,0,-4.001953508079424,-2.995471921830559,1.203983156896998,0.006560121026031681
16.11,1,-3.9980775940016695,2.9928346610991996,1.2011861244508997,0.009713378165766642
16.121,0,-4.0019743560419565,-2.9954963713828344,1.2039252089065111,0.006671613194434433
16.121,1,-3.998033691022198,2.9927520976187885,1.2011627095569115,0.009579032739689455
16.129,0,-4.001992504902877,-2.9955219134269204,1.2038659081039536,0.006730432915021367
16.129,1,-3.9979885620811118,2.9926711351237927,1.2011418105996143,0.009438402164394828
16.138,0,-4.002008077590063,-2.9955485101425183,1.203805907498758,0.006754122025486859
16.138,1,-3.997942232751365,2.9925919240476513,1.201123444638307,0.00929325319112879
16.151,0,-4.002021196005984,-2.9955761118450566,1.2037454357312996,0.006807906108547058
16.151,1,-3.9978947511179825,2.99251459505948,1.2011079192893834,0.009131887864607707
16.16,0,-4.002031977078785,-2.995604656948745,1.2036838287351805,0.006940141590644488
16.16,1,-3.9978461828210503,2.992439263083114,1.201096583406934,0.008957038248782972
16.171,0,-4.002040524332683,-2.995634075126883,1.2036204617316173,0.007125881787267851
16.171,1,-3.9977966032855106,2.992366035190494,1.2010905903692792,0.008793528270642195
16.178,0,-4.002046922639032,-2.9956642897850365,1.2035549244704542,0.007347282961195225
16.178,1,-3.9977460888637726,2.992295020155509,1.2010906937566128,0.008659908807615654
16.193,0,-4.002051235509047,-2.995695219938962,1.2034869553075311,0.007591848613973572
16.193,1,-3.9976947099054394,2.9922263355180103,1.2010973706052328,0.008568809931994313
16.203,0,-4.002053503921953,-2.995726781759712,1.2034163533372162,0.00786186889634095
16.203,1,-3.9976425260891135,2.9921601115417347,1.2011107415664974,0.00851861223805273
16.21,0,-4.002053745981182,-2.9957588901484065,1.2033427924906535,0.008165396325848243
16.21,1,-3.997589585176835,2.9920964902753706,1.201130026745352,0.008487142798067305
16.221,0,-4.002051955238614,-2.995791461270215,1.203266010963051,0.008489903806155052
16.221,1,-3.997535925455337,2.99203562241381,1.2011544116665769,0.00846480426082242
16.228,0,-4.002048099857517,-2.995824414779867,1.2031858621388534,0.008827390777016596
16.228,1,-3.9974815798198153,2.991977661663291,1.201183289732106,0.008448228609540368
16.238,0,-4.002042123180314,-2.995857675369027,1.2031022697167222,0.009172336067124908
16.238,1,-3.997426579068868,2.9919227596067444,1.2012162179703716,0.008436392542839927
16.255,0,-4.002033944454086,-2.9958911738922867,1.2030154489843776,0.009462878891366978
16.255,1,-3.9973709543047216,2.991871061438888,1.2012527692854817,0.008415107409475956
16.26,0,-4.002023460611153,-2.9959248488880736,1.202926432470765,0.009654846605259818
16.26,1,-3.9973147407720857,2.991822698822341,1.2012915283246808,0.008317660848967977
16.268,0,-4.002010554045248,-2.99595864909519,1.2028361294128158,0.009780555685295341
16.268,1,-3.997257988308188,2.991777784690084,1.2013307397917399,0.008153282326457975
16.279,0,-4.001995098756747,-2.995992535848902,1.2027451726159464,0.009863573539513823
16.279,1,-3.9972007747091243,2.991736408071034,1.2013691837610092,0.007941506941969663
16.29,0,-4.001976965013393,-2.9960264844125484,1.2026539993051948,0.009921023383362246
16.29,1,-3.997143215133403,2.991698628324439,1.201406030727127,0.007697860167990215
16.298000000000002,0,-4.001956023086157,-2.9960604844422183,1.202562911167744,0.009965181601510378
16.298000000000002,1,-3.9970854671520315,2.9916644718811223,1.2014407215586267,0.007433330881668062
16.309,0,-4.001932146945927,-2.9960945397565535,1.2024718900381752,0.010071963132769386
16.309,1,-3.9970277324838155,2.991633931217421,1.2014729507016448,0.007165525118605935
16.318,0,-4.0019052220494515,-2.996128667142073,1.2023793776584821,0.010368945251438107
16.318,1,-3.9969702543804013,2.991606967635424,1.2015031630076813,0.006925481986389082
16.328,0,-4.0018751491112745,-2.9961628938292297,1.2022836982357459,0.010801235808578096
16.328,1,-3.9969133041068186,2.9915835139519253,1.2015320135602485,0.006702432031462355
16.338,0,-4.001841849954294,-2.996197254511479,1.2021837281019054,0.01132522739443777
16.338,1,-3.996857162885624,2.991563479447988,1.2015599572202746,0.006487669074832576
16.349,0,-4.001805273125672,-2.99623178880643,1.2020787277188567,0.011910307669459528
16.349,1,-3.9968021075258067,2.9915467557498836,1.2015873045299976,0.006276291521139163
16.361,0,-4.001765395666075,-2.9962665392811427,1.2019686369592275,0.012412773438399511
16.361,1,-3.9967484006037486,2.9915332231486196,1.2016147444897607,0.006136396042623203
16.369,0,-4.00172221690226,-2.9963015488080735,1.2018562899806113,0.01259395347811145
16.369,1,-3.9966962873539242,2.9915227604428507,1.2016460178221484,0.006235616887634029
16.379,0,-4.001675768438054,-2.996336851362429,1.20174478666575,0.012550543751132438
16.379,1,-3.9966459867769313,2.9915152291016027,1.2016849716578948,0.006596071791794132
16.389,0,-4.001626118322402,-2.9963724623721,1.2016362429776382,0.012362836755381927
16.389,1,-3.9965976853867216,2.9915104616830948,1.2017341865355393,0.0072190721010738715
16.399,0,-4.001573368667453,-2.996408372538347,1.2015320802951088,0.01208659158822246
16.399,1,-3.9965515352450476,2.991508258882341,1.2017953534273487,0.008070651656336449
16.409,0,-4.001517652686402,-2.996444544346536,1.2014332402710666,0.011759963719103424
16.409,1,-3.99650765349181,2.9915083887355824,1.2018695470272178,0.009098819164104661
16.421,0,-4.001459132447326,-2.9964809106155452,1.2013399577044894,0.011505634654163276
16.421,1,-3.9964661203884844,2.9915105854888555,1.2019563349605062,0.00998829300255264
16.428,0,-4.001398001911217,-2.996517376705097,1.2012497932349764,0.011504442894128332
16.428,1,-3.9964269736731515,2.9915145508556678,1.2020513704641196,0.01047996167592542
16.448,0,-4.001334480600973,-2.996553832228528,1.2011600377590435,0.011669654007912693
16.448,1,-3.9963902178420674,2.9915199755269373,1.2021507740377055,0.010685132779278558
16.449,0,-4.00126881214641,-2.996590163890647,1.201068837304483,0.011938660156297977
16.449,1,-3.99635582569849,2.9915265512694864,1.2022518823883546,0.010687112455229623
16.458,0,-4.001201264834302,-2.9966262649172624,1.2009749401366052,0.01227046090610497
16.458,1,-3.996323738214761,2.9915339780002186,1.202352842006245,0.010547101246612602
16.47,0,-4.001132129988391,-2.9966620416975824,1.2008777917665594,0.012580517513815255
16.47,1,-3.9962938662329184,2.9915419694625314,1.202452531242233,0.01035227384892235
16.479,0,-4.0010617154003425,-2.996697420016313,1.200778057636041,0.012806795171119278
16.479,1,-3.9962660937980043,2.991550257636264,1.2025509403903527,0.010186447488332378
16.49,0,-4.0009903330261,-2.9967323544343016,1.2006764327697972,0.012969837583914864
16.49,1,-3.9962402793475618,2.99155859584833,1.20264828937985,0.010042878639002334
16.5,0,-4.0009182849522045,-2.9967668357404875,1.2005734014730503,0.013085116299289509
16.5,1,-3.996216258493545,2.9915667614699637,1.202744725772398,0.009915951585586794
16.51,0,-4.000845852819033,-2.9968008948961207,1.2004693003288354,0.013164789276644656
16.51,1,-3.9961938475302383,2.9915745575016337,1.2028403472846818,0.009801783825951085
16.523,0,-4.000773290620339,-2.99683460442758,1.200364327140982,0.013228720165281824
16.523,1,-3.996172847157554,2.9915818129931813,1.2029353559792717,0.009741812347170876
16.532,0,-4.000700821310344,-2.9968680765934668,1.2002582786393805,0.013313012622288177
16.532,1,-3.996153049405884,2.9915883817694353,1.203030833514837,0.009815794221574158
16.538,0,-4.000628640414303,-2.9969014537576,1.20015083736192,0.013413242610308624
16.538,1,-3.996134251364812,2.991594139966095,1.2031278870919975,0.00998531270828632
16.551,0,-4.000556922761468,-2.99693489602003,1.2000417885416579,0.013524155378378323
16.551,1,-3.996116271081595,2.9915989829240472,1.203227251778747,0.010218922622014103
16.56,0,-4.000485827836259,-2.996968571368679,1.1999309905925708,0.013642100436616322
16.56,1,-3.9960989591560647,2.991602822280985,1.2033294005090696,0.010494464371926571
16.568,0,-4.000415503793581,-2.9970026478937557,1.1998183525982729,0.013764656278161822
16.568,1,-3.9960822059842376,2.9916055833611304,1.2034346281330215,0.010796555558091498
16.581,0,-4.000346090495232,-2.9970372879535976,1.1997039592265306,0.01384060061462171
16.581,1,-3.9960659456597565,2.9916072029851803,1.203543098040847,0.01111002194510879
16.592,0,-4.00027772248115,-2.997072645053238,1.1995898592126393,0.013664588015774547
16.592,1,-3.9960501570164553,2.991607628881978,1.2036547351268843,0.011407134882514158
16.598,0,-4.0002105239422,-2.9971088586171724,1.1994788414858188,0.01329287627793139
16.598,1,-3.996034860826781,2.9916068244657223,1.2037693429243266,0.0116877894277198
16.617,0,-4.000144600156534,-2.997146048138756,1.1993728268849209,0.012793513242133622
16.617,1,-3.996020114460232,2.991604776010454,1.2038867530657853,0.011953592275406856
16.628,0,-4.000080032584806,-2.997184310142968,1.199273115325694,0.012216001383723342
16.628,1,-3.9960060063301373,2.9916014974067804,1.2040068236083872,0.012207527481285478
16.629,0,-4.000016875568058,-2.9972237162063666,1.1991801870033565,0.011693425396184991
16.629,1,-3.9959926506419348,2.9915970327718666,1.2041292907990846,0.012402886266044627
16.641,0,-3.999955156098784,-2.9972643112058686,1.1990917207037666,0.01142002583304899
16.641,1,-3.9959801824102925,2.991591458297992,1.2042529416229697,0.012452282927697643
16.649,0,-3.999894894027426,-2.9973061224344324,1.1990050566120252,0.011320773833588683
16.649,1,-3.995968755064111,2.9915848809621712,1.2043765337999335,0.012397899796135526
16.658,0,-3.9998361233057333,-2.997349168607126,1.1989183691692897,0.011340279130593222
16.658,1,-3.9959585384512906,2.991577437049887,1.2044992197158497,0.012272249618815931
16.668,0,-3.9997789051688755,-2.9973934651906426,1.1988304085094135,0.01144110136039182
16.668,1,-3.995949716283377,2.991569290398963,1.204620423077046,0.012098169276521619
16.68,0,-3.999723336944296,-2.9974390286709944,1.1987407231938478,0.011496333493695193
16.68,1,-3.995942483247824,2.991560629896138,1.2047396444954506,0.01185499715854232
16.69,0,-3.9996695566884974,-2.9974858798207413,1.1986517230141678,0.01129887729795152
16.69,1,-3.995937041270607,2.991551667190871,1.2048557811907208,0.011486516438852044
16.703,0,-3.9996177249830276,-2.9975340325081996,1.1985661385000095,0.010924218012002725
16.703,1,-3.9959335983147026,2.9915426350973613,1.2049677838788242,0.011031670269165461
16.709,0,-3.9995680041328647,-2.997583482307237,1.1984858115566541,0.010437721535500898
16.709,1,-3.995932366996788,2.9915337865768263,1.2050749533938605,0.010520781405094807
16.719,0,-3.9995205444021615,-2.997634200155674,1.1984119656977332,0.00988822632116627
16.719,1,-3.9959335626095305,2.9915253932701837,1.2051768331994637,0.009976699670944056
16.729,0,-3.9994754742366427,-2.9976861286865786,1.19834538604068,0.009312487955219415
16.729,1,-3.9959374012076836,2.991517743342077,1.2052731441713584,0.009416773321992467
16.741,0,-3.9994328934651087,-2.997739180712036,1.1982864287949488,0.008773094356162494
16.741,1,-3.9959440971674853,2.9915111382386055,1.205363629143528,0.008823999856439302
16.748,0,-3.9993928649680948,-2.997793237967112,1.1982333907390226,0.00842351392164776
16.748,1,-3.995953858547748,2.991505888869917,1.2054475018878104,0.008155770980084258
16.76,0,-3.999355415726154,-2.997848156710059,1.1981837260241972,0.008211798136835901
16.76,1,-3.9959668828896433,2.9915023141949257,1.2055240142846397,0.0074536988028538085
16.77,0,-3.999320541021576,-2.997903775362453,1.1981356322262484,0.008088936341964649
16.77,1,-3.99598335204726,2.991500739885386,1.2055927119177876,0.006755899920781187
16.781,0,-3.9992882053737167,-2.9979599194852558,1.1980878629299196,0.008025397385613657
16.781,1,-3.9960034276695957,2.9915014959596395,1.205653336132353,0.0060985811164305
16.788,0,-3.9992583434956126,-2.9980164058924226,1.1980392842759917,0.008052071659662223
16.788,1,-3.9960272481092,2.991504914051811,1.2057057182041209,0.005507243942700301
16.799,0,-3.9992308612031837,-2.9980730468044823,1.1979877581107419,0.008224784798977253
16.799,1,-3.9960549246633836,2.9915113230779933,1.2057493980118061,0.004997355627601012
16.813,0,-3.9992056453011973,-2.998129656033639,1.197931427026354,0.008515892751230996
16.813,1,-3.996086538516088,2.9915210442133273,1.2057839111446254,0.004649328873908431
16.83,0,-3.9991825710553504,-2.9981860539086647,1.1978690402401868,0.008904362811790412
16.83,1,-3.996122137457108,2.9915343852321152,1.2058090054011403,0.00453729670014284
16.835,0,-3.999161507157942,-2.998242070764166,1.1977997684337647,0.009372193047008117
16.835,1,-3.996161733576329,2.9915516354231473,1.2058245842279356,0.00469578410722402
16.841,0,-3.999142319785486,-2.998297549431819,1.1977230910158043,0.009892163755279485
16.841,1,-3.996205305432383,2.9915730645042307,1.2058313091765485,0.005114703150221126
16.848,0,-3.9991248780067425,-2.998352346149626,1.1976401623768655,0.010215743328088058
16.848,1,-3.9962528038148517,2.9915989229729156,1.2058321065454856,0.005661496744042572
16.862000000000002,0,-3.9991090536725906,-2.998406333671737,1.1975540983379604,0.01030713097973993
16.862000000000002,1,-3.996304138454643,2.99162941605106,1.2058295369248486,0.0062358517300799155
16.869,0,-3.999094713385181,-2.998459408902688,1.1974672662358978,0.0102326503225551
16.869,1,-3.9963591749169387,2.991664687873871,1.2058253803638759,0.0068061654781248785
16.882,0,-3.9990817163075403,-2.9985114974483844,1.1973812811211746,0.010044752265637185
16.882,1,-3.996417736225362,2.991704813924336,1.2058208606547425,0.007362688419353158
16.891,0,-3.9990699134615038,-2.998562555771523,1.1972972297210625,0.009781786164150718
16.891,1,-3.9964796057438727,2.9917497977836685,1.205816819544799,0.007900922895608934
16.902,0,-3.9990591477641138,-2.9986125716092054,1.1972158738946155,0.009461207546149108
16.902,1,-3.9965445308566814,2.991799570999209,1.2058137766175847,0.00841720739154881
16.91,0,-3.9990492554668564,-2.998661560373687,1.1971379153179236,0.009090250742373523
16.91,1,-3.9966122273131104,2.9918539940756728,1.2058115721564204,0.008906857288700719
16.931,0,-3.999040069741025,-2.9987095540086632,1.1970638665091269,0.008690313622150109
16.931,1,-3.9966823916690104,2.991912865932303,1.2058098199097933,0.009363522813436399
16.941,0,-3.999031424786547,-2.9987565889136696,1.1969940463197575,0.008275291358464732
16.941,1,-3.99675471489553,2.991975935093971,1.2058082486744712,0.009783021381586553
16.942,0,-3.999023159113334,-2.998802696922189,1.1969286488103068,0.00785578029397921
16.942,1,-3.996828892163861,2.99204290845947,1.2058066721964504,0.010162682483384273
16.951,0,-3.999015117923061,-2.998847899130695,1.196867757464304,0.007440271628848012
16.951,1,-3.996904629919597,2.9921134589487624,1.2058049095493657,0.01050118069336969
16.959,0,-3.9990071548677766,-2.998892201991802,1.196811258988505,0.007051590789432282
16.959,1,-3.996981649528719,2.992187232235434,1.2058023539813794,0.010799033878465172
16.971,0,-3.9989991328791117,-2.9989355957595687,1.1967588581484268,0.006690481579619998
16.971,1,-3.9970596859539316,2.9922638577393497,1.2057983407515245,0.011057141190695534
16.981,0,-3.998990924180502,-2.99897805482974,1.1967103026013197,0.006351533628699369
16.981,1,-3.997138483424751,2.992342958877731,1.2057924264024373,0.011276586191187377
16.99,0,-3.9989824101146794,-2.999019538896275,1.1966653767652133,0.006031625012988611
16.99,1,-3.9972177918523837,2.992424160228491,1.2057843253425085,0.011458357000768795
17.0,0,-3.9989734809087123,-2.999059994440687,1.1966238654303631,0.005733104339278265
17.0,1,-3.9972973645694303,2.992507093661798,1.2057740365538328,0.011598411320717296
17.01,0,-3.998964033731628,-2.9990993564905297,1.1965854419140798,0.005460727602759803
17.01,1,-3.9973769550071285,2.9925914034124386,1.2057624617768323,0.01168832090918496
17.021,0,-3.998953966106499,-2.9991375502531903,1.19654979951106,0.0052083355525807794
17.021,1,-3.997456308545784,2.992676746548213,1.2057504940452235,0.011729336545401535
17.03,0,-3.998943169248975,-2.9991744928606043,1.1965166949486512,0.004971470864801749
17.03,1,-3.997535155363488,2.9927627941621444,1.2057387459630924,0.011723519984311268
17.048,0,-3.9989315237484284,-2.9992100950651466,1.1964859303071564,0.004748068712158887
17.048,1,-3.9976132063453536,2.992849232772441,1.2057276360808074,0.011672662710547722
17.049,0,-3.9989188971282577,-2.9992442628091958,1.1964573363568085,0.004537447092039567
17.049,1,-3.9976901514482095,2.992935765281548,1.2057174489051226,0.011578215761529549
17.058,0,-3.998905142542052,-2.999276898291805,1.1964310301852743,0.0042896574822047055
17.058,1,-3.9977656602765723,2.9930221116847,1.2057081090419208,0.011448298399878933
17.088,0,-3.998890098761272,-2.9993079001435725,1.196408873173736,0.003933028575708761
17.088,1,-3.9978393893366313,2.993108011051738,1.205697740204437,0.011299456077392436
17.094,0,-3.9988736010596555,-2.9993371724106423,1.1963928313991155,0.00356658737514142
17.094,1,-3.9979109960567887,2.9931932255343865,1.2056843408025473,0.011138851372411298
17.103,0,-3.9988554930428903,-2.999364633024298,1.1963842040505401,0.003302176754961277
17.103,1,-3.997980154913513,2.99327754387285,1.2056665689435866,0.010978789870142691
17.109,0,-3.998835634391633,-2.999390218546981,1.1963838082283191,0.003242307970665562
17.109,1,-3.9980465700371353,2.993360783552038,1.205643540793843,0.01083200269850215
17.112,0,-3.9988139066311654,-2.999413887465196,1.1963918578018893,0.0034033734042844214
17.112,1,-3.998109983067732,2.9934427914256,1.2056148995978844,0.010689506806146927
17.118,0,-3.9987902211864608,-2.9994356255884163,1.1964057103251928,0.0035753194695686964
17.118,1,-3.998170173072485,2.9935234421505643,1.2055818836165098,0.010506189282085557
17.132,0,-3.998764517083033,-2.9994554395883872,1.1964220541446386,0.0036715944357842228
17.132,1,-3.9982269568629984,2.993602639255926,1.2055459507468882,0.010284237184794364
17.139,0,-3.998736757805686,-2.999473349938469,1.196438554544932,0.003704593523193141
17.139,1,-3.9982801849757217,2.99368031510987,1.2055081335067797,0.01003246059743893
17.153,0,-3.9987069309708674,-2.999489387957533,1.196453602171954,0.003707200182264029
17.153,1,-3.9983297360389867,2.993756429309103,1.2054691505065611,0.009759859854168502
17.157,0,-3.998675047537739,-2.999503593486874,1.1964660722298923,0.003711836005408231
17.157,1,-3.998375512057274,2.993830966672394,1.2054295136445101,0.009474614143449118
17.172,0,-3.998641139459897,-2.999516012115489,1.196475545203499,0.0037666460451841253
17.172,1,-3.9984174341696597,2.9939039347292575,1.2053896740115624,0.009171272453359735
17.177,0,-3.9986052526215117,-2.9995266905413933,1.196483516201348,0.0038861420891285236
17.185,1,-3.998455440473949,2.9939753629417587,1.2053505690245612,0.008831835946656505
17.195,0,-3.9985674396312243,-2.999535676324963,1.1964915297488887,0.0040406867261192116
17.195,1,-3.998489498470286,2.9940453115213588,1.2053130849556113,0.008475136530311641
17.198,0,-3.9985277494746776,-2.9995430154019393,1.196500617226845,0.004220870016508062
17.198,1,-3.9985196182455796,2.994113880871811,1.2052778136544187,0.008119660357109091
17.211,0,-3.998486218971377,-2.9995487493366033,1.1965114546892757,0.004424083956668877
17.211,1,-3.9985458596887096,2.994181216535442,1.2052451417095582,0.0077816222917098605
17.218,0,-3.998442867437963,-2.999552913708682,1.1965243488261512,0.004638092881425999
17.218,1,-3.998568334284741,2.994247510364476,1.205215695808931,0.007436528031795993
17.231,0,-3.998397695796474,-2.999555536760654,1.1965388526804266,0.004843778844732326
17.231,1,-3.998587200258646,2.9943129961573964,1.2051912913259253,0.00708428263954727
17.238,0,-3.998350689406282,-2.9995566343103595,1.1965544523679787,0.005043844226992799
17.238,1,-3.998602660712771,2.994377939773243,1.2051734455313208,0.006785875913202243
17.251,0,-3.9983018231316887,-2.999556205780082,1.1965707790734423,0.00524127136205251
17.251,1,-3.9986149556210338,2.9944426269851943,1.2051631468951207,0.006591737639384597
17.26,0,-3.998251065769172,-2.999554232292692,1.1965875628076212,0.005438882147662167
17.26,1,-3.9986243533134624,2.9945073532901034,1.2051610104722148,0.006536309883140651
17.271,0,-3.9981983828621463,-2.999550675675928,1.196604916286149,0.005667410272787992
17.271,1,-3.998631144610249,2.9945724152313473,1.2051666730404378,0.00660509627882639
17.277,0,-3.9981437374116284,-2.9995454814308036,1.1966244569677063,0.005967853808300503
17.277,1,-3.9986356431156227,2.994638102896662,1.2051762022621164,0.0066909520731520036
17.291,0,-3.9980870966259907,-2.9995385985263714,1.1966477400841449,0.006332465133934562
17.291,1,-3.99863817347697,2.994704700602324,1.2051857965404715,0.006768583223868491
17.299,0,-3.9980284360474134,-2.9995299983288173,1.1966758024770165,0.006754914198032899
17.299,1,-3.9986390689121096,2.994772489357268,1.2051928701074235,0.0068616776453227345
17.311,0,-3.9979677413695907,-2.9995196867300273,1.1967093224329302,0.007226896657403567
17.311,1,-3.998638671583568,2.9948417477044162,1.2051956787759857,0.0070006024461686965
17.323,0,-3.9979050094886195,-2.9995077115083277,1.1967487267541699,0.0077379721289343095
17.323,1,-3.998637331848574,2.9949127517096055,1.205193057825406,0.0072082495439916745
17.328,0,-3.9978402491328917,-2.999494166027337,1.1967941662365138,0.00824729987364558
17.328,1,-3.9986354066377916,2.9949857744861985,1.205184303872108,0.007491765029950524
17.337,0,-3.9977734858320884,-2.999479192195358,1.1968433451736908,0.008537943598135136
17.337,1,-3.998633256475126,2.995061087876202,1.2051703928266864,0.007802940334262232
17.349,0,-3.9977047617828263,-2.9994629686259597,1.1968925216701325,0.008637531042951093
17.349,1,-3.9986312376934725,2.9951389547365204,1.2051533201879745,0.00811412668278508
17.36,0,-3.99763413329967,-2.999445690937563,1.1969390737840984,0.00861903618236599
17.36,1,-3.9986296898241434,2.995219614699571,1.2051345095118715,0.008422617107895656
17.373,0,-3.9975616730238848,-2.99942755961468,1.1969812329084575,0.008539667461909631
17.373,1,-3.998628925028811,2.995303276299906,1.2051149386968463,0.008731712196630315
17.381,0,-3.9974874695886755,-2.999408770901367,1.1970185562493958,0.008514732318623717
17.381,1,-3.9986292212702086,2.995390112805227,1.2050954923476647,0.009031697923173508
17.391,0,-3.9974116253919885,-2.999389513741752,1.1970527694663533,0.008570302580847514
17.391,1,-3.998630818908611,2.9954802608335136,1.2050778518937277,0.00931446018429704
17.401,0,-3.997334258667026,-2.999369976101863,1.1970853866388007,0.008665606292854485
17.401,1,-3.9986339166275244,2.995573810400822,1.205063480381474,0.009600107744441722
17.408,0,-3.997255501144741,-2.999350349754571,1.1971174428064943,0.00877817270813619
17.408,1,-3.9986386694917226,2.995670798616675,1.2050533581364968,0.009901421370319836
17.421,0,-3.9971754951487264,-2.9993308330130235,1.1971496456707407,0.008895008235551689
17.421,1,-3.9986451890362535,2.9957712078005945,1.205048130785862,0.010223694743623345
17.431,0,-3.997094391067507,-2.9993116320068745,1.1971823875045449,0.008998967890397357
17.431,1,-3.998653543406602,2.9958749637113544,1.2050475875923472,0.010563392700540297
17.439,0,-3.9970123478408457,-2.9992929604968936,1.197215495689021,0.009072996723971832
17.439,1,-3.998663758181295,2.9959819337194262,1.205049869301529,0.010897300408160523
17.456,0,-3.996929539495218,-2.9992750385617053,1.1972487096265423,0.009118560185933178
17.456,1,-3.9986758233719866,2.9960919335015443,1.2050534215562678,0.011210805874044827
17.464,0,-3.996846162433935,-2.999258090699894,1.197281839893625,0.00913616139126796
17.464,1,-3.998689697493746,2.9962047286727915,1.2050571822305334,0.011497379383008528
17.471,0,-3.9967624396471924,-2.9992423438033984,1.1973147479057158,0.00912551475764589
17.471,1,-3.9987053110041244,2.9963200371137004,1.205060431237862,0.011753077722394095
17.479,0,-3.996678622349853,-2.999228025202751,1.1973473310896154,0.00908591010996197
17.479,1,-3.998722569667055,2.9964375326247867,1.2050626843697696,0.011974622305495834
17.488,0,-3.996594989841825,-2.999215361020763,1.1973796100566596,0.009029348057049354
17.488,1,-3.998741357524077,2.9965568493899752,1.2050634251909884,0.012158940265281774
17.498,0,-3.9965118472974948,-2.999204574814308,1.1974125331423489,0.00899193877316533
17.498,1,-3.9987615410572945,2.9966775946235114,1.2050617822445513,0.012307557738765507
17.513,0,-3.996429517438487,-2.999195878350041,1.1974472357783945,0.008966436839369357
17.513,1,-3.998782976639332,2.996799375188383,1.2050570922508828,0.012425081981563885
17.524,0,-3.9963483293313105,-2.9991894608476164,1.197484477259189,0.008948315214593203
17.524,1,-3.998805516390487,2.9969218202186343,1.2050489270722744,0.012516803589035678
17.528,0,-3.996268609090566,-2.999185482240397,1.197524754515627,0.008936956742374706
17.528,1,-3.998829012734087,2.9970445970269237,1.205037018377913,0.012588338581500446
17.541,0,-3.9961906723739076,-2.9991840682526956,1.1975681236932623,0.008889611747188452
17.541,1,-3.9988533221753277,2.9971674216329287,1.205021499924956,0.012633695502589306
17.55,1,-3.998878309689082,2.9972900630525197,1.2050039584418062,0.012636414971341223
17.552,0,-3.996114815376481,-2.999185304162729,1.1976127794895441,0.00871646494661258
17.56,0,-3.996041310470314,-2.9991892391896253,1.1976567453098217,0.008446046314704145
17.56,1,-3.9989038531262175,2.9974123394203604,1.204985933109023,0.012603771342318515
17.571,0,-3.9959704020756512,-2.9991958902245406,1.1976986706339543,0.008108526106496643
17.571,1,-3.9989298483099622,2.997534112194674,1.2049684770015572,0.012545513906493104
17.58,0,-3.995902302842312,-2.999205243480868,1.1977376388818115,0.007728687518410774
17.58,1,-3.998956212651398,2.9976552809234267,1.204952309705609,0.012470731930038002
17.59,0,-3.9958371918468036,-2.999217256961959,1.1977731155026898,0.007340092237827099
17.59,1,-3.9989828868877324,2.997775778575863,1.2049375266166726,0.012400235574388846
17.604,0,-3.9957752161889335,-2.999231865919948,1.197805528459714,0.006992224331014902
17.604,1,-3.999009834384086,2.99789556794536,1.2049222295538875,0.01235484987376522
17.61,0,-3.995716490604845,-2.999248989801573,1.1978355956172346,0.0066777252236226966
17.61,1,-3.9990370383302127,2.9980146365364138,1.2049045431845293,0.012334420830404248
17.619,0,-3.9956610984656313,-2.999268541312583,1.1978638164682078,0.006390392672920367
17.619,1,-3.999064497566943,2.998132992476669,1.2048832042327582,0.012342871263980508
17.631,0,-3.995609094710155,-2.9992904346099274,1.197890533502231,0.006127410513684556
17.631,1,-3.999092222752302,2.9982506611345583,1.2048573750440768,0.012384084784449412
17.641,0,-3.99556050870107,-2.999314591131767,1.1979159798789247,0.0058882711300794624
17.641,1,-3.9991202332794558,2.9983676821714904,1.2048265134943548,0.012460230501552823
17.65,0,-3.9955153467988254,-2.99934094340302,1.1979403019099948,0.005672508158376096
17.65,1,-3.9991485547587495,2.998484106975729,1.2047903013844854,0.012570446570014994
17.661,0,-3.9954735920461464,-2.9993694353558533,1.1979635544084304,0.005481153149382486
17.661,1,-3.9991772157851346,2.9985999970682755,1.2047486155454092,0.012712363353272759
17.669,0,-3.9954351981612874,-2.999400017605428,1.1979857665430884,0.0053175812445512205
17.669,1,-3.999206242697988,2.9987154244160874,1.2047014236606948,0.012884066306733227
17.678,0,-3.9954000836555026,-2.9994326421578315,1.198006960352468,0.0051846645196698725
17.678,1,-3.9992356549241284,2.9988304718147436,1.204648746476109,0.013083420515854574
17.691,0,-3.9953681287935714,-2.9994672586014572,1.1980271535531788,0.005084159945991347
17.691,1,-3.999265461845328,2.9989452326254966,1.2045906413676508,0.013307641628983256
17.7,0,-3.995339175165066,-2.999503811562388,1.1980463923934126,0.005020737780917009
17.7,1,-3.9992956610783614,2.999059809993508,1.2045275118941574,0.01350899233207624
17.71,0,-3.995313027803618,-2.999542237728123,1.1980650177629464,0.005004015632527561
17.71,1,-3.9993262387450903,2.9991743155568376,1.2044612659521616,0.013622364197521577
17.72,0,-3.9952894581892826,-2.9995824551306294,1.1980834239357228,0.005024094864516782
17.72,1,-3.999357170994124,2.9992888673281777,1.2043937194603072,0.013670694143880058
17.733,0,-3.995268208933247,-2.999624351148993,1.1981018756239166,0.005069947936386537
17.733,1,-3.99938842664095,2.9994035870451907,1.204326147800253,0.013675331245696386
17.741,0,-3.9952489990241067,-2.9996677752280534,1.1981205464149542,0.005130906908345243
17.741,1,-3.999419969612069,2.9995185977390952,1.2042594337338064,0.01365371431776079
17.751,0,-3.9952315295481418,-2.9997125360517134,1.1981399640019081,0.0052353137017906665
17.751,1,-3.999451760694593,2.999634021162758,1.204193573997608,0.013688896720085306
17.758,0,-3.9952154913198537,-2.9997584058987528,1.1981616136455069,0.005397664148119376
17.758,1,-3.99948375918401,2.9997499710767688,1.2041269161431847,0.013814804819082328
17.77,0,-3.9952005730664593,-2.9998051319103007,1.198186675571354,0.00560655758057658
17.77,1,-3.9995159254786636,2.999866541616096,1.204058086199371,0.014003871530251557
17.779,0,-3.995186470921343,-2.9998524493054255,1.1982159302539186,0.005854683266124445
17.779,1,-3.9995482226871037,2.999983796765556,1.2039861795939877,0.014236827029266416
17.787,0,-3.995172895694062,-2.999900091871556,1.1982498812378994,0.00613557267008912
17.787,1,-3.9995806176278523,3.0001017636443033,1.2039106152552095,0.014499236009770246
17.803,0,-3.9951595779281606,-2.9999477998422446,1.1982888378889265,0.006442977103226249
17.803,1,-3.9996130814492092,3.0002204289150485,1.203831038109457,0.014779189075809837
17.81,0,-3.995146271256811,-2.9999953258060685,1.1983327637606487,0.006724012613508527
17.81,1,-3.9996455899216965,3.0003397377542,1.203747373136202,0.015044553333707498
17.821,0,-3.995132754807933,-3.0000424406227526,1.1983801290455263,0.006874013303299742
17.821,1,-3.999678121991166,3.0004595941909846,1.2036604629710228,0.015241926239453757
17.831,0,-3.9951188343829105,-3.000088941197931,1.1984292619508858,0.006920134011403961
17.831,1,-3.9997106530613276,3.0005798590023813,1.2035712585362828,0.015381433992466297
17.84,0,-3.9951043422206456,-3.000134657197029,1.198478994831056,0.006890370613248176
17.84,1,-3.9997431474897653,3.000700348846083,1.2034804297768982,0.015471805537966518
17.849,0,-3.995089136200756,-3.0001794551579173,1.198528513868381,0.006807865945446803
17.849,1,-3.9997755536155273,3.0008208378694263,1.2033884468423743,0.015519036536495867
17.858,0,-3.9950730988928007,-3.0002232406269034,1.198577120788236,0.006658937214791288
17.858,1,-3.999807800884428,3.0009410606241076,1.2032956117618214,0.015531940621718811
17.87,0,-3.9950561386351615,-3.000265957386986,1.1986234291387174,0.0064018646234053275
17.87,1,-3.999839800225871,3.001060716095723,1.2032019468340953,0.01552289514912244
17.88,0,-3.9950381942051467,-3.000307577223409,1.1986661340512668,0.006078371267296363
17.88,1,-3.9998714511197226,3.001179473333924,1.2031073956995026,0.015489189418669507
17.889,0,-3.9950192402078573,-3.0003480880807083,1.198704359287046,0.005723057023183993
17.889,1,-3.999902650393066,3.0012969776468803,1.2030119246967834,0.015428730328923225
17.899,0,-3.994999290053465,-3.0003874854005748,1.1987375269738254,0.0053623143600976956
17.899,1,-3.9999332988773433,3.0014128565173293,1.2029155163907224,0.015340466573282929
17.907,0,-3.9949783965690933,-3.000425765843743,1.1987652669402629,0.005016726098076395
17.907,1,-3.9999633061598687,3.001526725250452,1.2028181643197822,0.01522430055986537
17.925,0,-3.994956650574588,-3.0004629226731385,1.1987875672349624,0.004724574784043806
17.925,1,-3.9999925936788925,3.001638191790485,1.202720069250325,0.015046053835401757
17.933,0,-3.994934176748503,-3.000498942555105,1.198805029770178,0.004491276741968004
17.933,1,-4.00002109666197,3.0017468612338805,1.2026221088514395,0.014779154086640245
17.941,0,-3.994911127065811,-3.0005338046236516,1.1988181840879162,0.004299224667988379
17.941,1,-4.00004876668819,3.0018523454494987,1.2025250431031387,0.014443384125276076
17.951,0,-3.9948876735850476,-3.000567479743113,1.1988274148136335,0.004136245734532323
17.951,1,-4.000075573035499,3.001954270871822,1.2024293846946734,0.014053925325755043
17.96,0,-3.9948640021337103,-3.0005999302952304,1.1988330023872893,0.003994072950321042
17.96,1,-4.000101502926122,3.0020522840433617,1.2023354738385177,0.01362250026449693
17.968,1,-4.000126561187324,3.0021460559044986,1.202243466755344,0.013173147585562607
17.97,0,-3.994840307055416,-3.000631110385888,1.1988351794632484,0.0038675807804563964
17.979,0,-3.994816787050802,-3.000660966814486,1.198834368048574,0.00374988136488247
17.979,1,-4.000150770447461,3.00223528726416,1.2021530122381001,0.012742303374881057
17.99,0,-3.994793642156148,-3.0006894437464706,1.1988310065165713,0.0036329794446206733
17.99,1,-4.000174172691479,3.002319713330123,1.2020636786081205,0.012326895551971145
18.0,0,-3.9947710712568196,-3.0007164884040165,1.1988254086397592,0.003513257807010577
18.0,1,-4.000196831054078,3.0023991085089894,1.2019751630309594,0.011925452592928836
18.009,0,-3.994749269934764,-3.000742055122384,1.1988177980617218,0.003389968827891947
18.009,1,-4.000218830555358,3.0024732899577145,1.2018872524548045,0.011539164851800641
18.02,0,-3.99472842862315,-3.000766108129413,1.1988083095172628,0.0032666759720397696
18.02,1,-4.000240277692242,3.0025421183425918,1.2017999450341736,0.011120408947907447
18.032,0,-3.994708729936425,-3.0007886238438854,1.1987969083338108,0.0031513137501366657
18.032,1,-4.000261298618678,3.002605486658007,1.2017153537304675,0.010460693587319185
18.04,0,-3.994690343811678,-3.0008095931358283,1.1987835351280514,0.0030492953065901617
18.04,1,-4.000282038880847,3.002663322318783,1.2016363827498695,0.009610833601057916
18.049,0,-3.994673422788802,-3.0008290231372445,1.1987681537006405,0.00296628387993626
18.049,1,-4.000302662313047,3.0027155894358333,1.2015650092740235,0.008638800207735293
18.058,0,-3.9946580988600466,-3.0008469380828857,1.1987507439853948,0.0029077864667983945
18.058,1,-4.0003233484820795,3.002762281255592,1.2015025355581856,0.007596834491930421
18.072,0,-3.99464448164732,-3.00086337932999,1.1987312968381993,0.002878504693779228
18.072,1,-4.000344290050445,3.002803413867513,1.2014497995786027,0.006527417627782717
18.078,0,-3.9946326571412967,-3.000878405121931,1.1987095681694184,0.0029438852427816093
18.078,1,-4.000365689978432,3.0028390230989634,1.2014069805251777,0.005548720791249685
18.089,0,-3.9946226854675078,-3.000892090066949,1.1986837378124833,0.0032469816747744693
18.089,1,-4.00038775600848,3.002869171020753,1.201371829765498,0.004822887182670531
18.1,0,-3.9946146057319205,-3.000904516066755,1.1986519161220548,0.0037583189531220297
18.1,1,-4.00041069242321,3.0028939320772277,1.2013418324830052,0.004293447064191
18.11,0,-3.994608440299646,-3.000915763785642,1.1986128420681823,0.00442511106416326
18.11,1,-4.000434691522911,3.0029133861939945,1.2013152507320146,0.003924022416769
18.121,0,-3.99460419714048,-3.000925907402346,1.1985656963824287,0.0051961529402788755
18.121,1,-4.000459927068175,3.0029276190450975,1.201290892335328,0.0036973957506091937
18.129,0,-3.9946018720310175,-3.000935011014608,1.1985100269803006,0.005995404711807479
18.129,1,-4.000486549909807,3.0029367220953294,1.2012679339922532,0.0036026871798320306
18.138,0,-3.9946014552614395,-3.0009431243756213,1.1984480911027289,0.006381924202567209
18.138,1,-4.000514684810729,3.0029407941474546,1.2012454744198537,0.003670948106437604
18.15,0,-3.994602933573392,-3.0009502860649366,1.198384479059923,0.006372154355756801
18.15,1,-4.000544429663592,3.0029399438016147,1.2012222007748998,0.0038889240293182095
18.16,0,-3.9946062866289656,-3.0009565334069594,1.198322515702649,0.006093966594425586
18.16,1,-4.000575859237391,3.0029342883114967,1.2011971442128724,0.004215397775623601
18.171,0,-3.9946114904110366,-3.0009619074542293,1.198264446845357,0.005638909257300481
18.171,1,-4.000609028231933,3.0029239557942478,1.201169663145887,0.004615699462393581
18.178,0,-3.9946185196933905,-3.0009664563667258,1.1982115320739541,0.005141156014013486
18.178,1,-4.00064397434079,3.002909084933508,1.2011397377159299,0.005011082216654838
18.188,0,-3.9946273488389274,-3.0009702353367955,1.1981634046708782,0.004729168246080928
18.188,1,-4.000680717712607,3.002889824630643,1.2011081723083432,0.005375570682538351
18.203,0,-3.9946379565762795,-3.000973296802833,1.19811942427151,0.0043856201020540655
18.203,1,-4.000719253671872,3.002866338868892,1.2010756166096912,0.005717552283190292
18.208,0,-3.9946503286092767,-3.0009756805959937,1.19807912369605,0.004097923038765154
18.208,1,-4.0007595482284675,3.0028388065372424,1.201042521462554,0.006041623735859067
18.225,0,-3.9946644585025215,-3.000977407575573,1.198042157562628,0.0038576248288629575
18.225,1,-4.000801536210995,3.0028074200942023,1.2010091969371792,0.006349473160541318
18.228,0,-3.994680347988604,-3.0009784757935547,1.1980082693361567,0.0036595175192724663
18.228,1,-4.000845121151737,3.0027723839097487,1.2009758548353784,0.006640712418736826
18.238,0,-3.9946980068375972,-3.000978858547866,1.197977252644675,0.0035053147362183673
18.238,1,-4.0008901764179665,3.00273391231772,1.2009426795590838,0.006908117915003163
18.256,0,-3.9947174509530305,-3.000978505845413,1.1979488257895028,0.0034036052960846677
18.256,1,-4.000936545464726,3.002692227437814,1.2009099963091807,0.0071436958210765785
18.26,0,-3.9947386952162445,-3.000977354843396,1.1979227169209314,0.0033468475828246193
18.26,1,-4.0009840372134144,3.002647558666417,1.2008780806977464,0.0073496266128965084
18.267,0,-3.9947617446320467,-3.0009753432965858,1.1978987310661526,0.0033280382429574378
18.267,1,-4.001032421770153,3.00260014169998,1.2008471129400056,0.007525926144971169
18.277,1,-4.0010814286313225,3.0025502172709317,1.2008172043851069,0.007671487388810771
18.284,0,-3.9947865878806827,-3.0009724195461396,1.1978767187552155,0.0033415129631452815
18.294,0,-3.9948131940165053,-3.000968548996546,1.1978569258808678,0.0033261373922890587
18.294,1,-4.001130747522455,3.002498028972716,1.2007887380057793,0.0077467930400110675
18.299,0,-3.9948415136996758,-3.0009637168632888,1.1978408610036635,0.003268475195475256
18.299,1,-4.001180034385636,3.002443817996469,1.2007641752719487,0.007702372703401815
18.312,0,-3.9948714810504082,-3.0009579298732723,1.1978298218064376,0.0032445386862441864
18.312,1,-4.00122892747664,3.0023878267188104,1.200746061148096,0.007613124849857311
18.32,0,-3.9949030185630394,-3.000951215395804,1.1978246448147476,0.0033082806180615406
18.32,1,-4.001277067519844,3.0023302988960774,1.200736099704543,0.007544644510080228
18.33,0,-3.994936041829353,-3.000943619558949,1.1978258482130886,0.003484973439344709
18.33,1,-4.001324113790377,3.00227147716723,1.200735404962373,0.007545315040914862
18.338,0,-3.994970462891607,-3.000935205312088,1.1978334545941627,0.0037436732863504176
18.338,1,-4.0013697558125,3.002211601285659,1.2007444135057492,0.007630349768302938
18.35,0,-3.9950061918971937,-3.000926052436547,1.1978446818190895,0.00393168020781082
18.35,1,-4.001413720962346,3.002150907422736,1.200761520762717,0.007738327838219252
18.361,0,-3.995043152592067,-3.0009162554384035,1.1978561304984146,0.004030157815487775
18.361,1,-4.001455766215857,3.002089623739555,1.2007848463473667,0.007830857773220729
18.369,0,-3.995081298228013,-3.000905922704893,1.197865454078598,0.004084767147965645
18.369,1,-4.001495666802632,3.0020279678160073,1.2008130780901525,0.007896403574617305
18.382,0,-3.9951206201162726,-3.000895176594381,1.1978710457090218,0.004147332824433398
18.382,1,-4.001533208854918,3.001966145612356,1.2008453016487843,0.007933751392916853
18.388,0,-3.9951611522706476,-3.0008841526862167,1.1978718133996136,0.004260166914720273
18.388,1,-4.001568184441416,3.0019043506897307,1.200880872193139,0.007946567252005403
18.4,0,-3.9952029733216174,-3.000872998452757,1.1978671896477866,0.0044407711035218235
18.4,1,-4.0016003886613225,3.001842763622857,1.2009192264530064,0.007915909592388965
18.409,0,-3.995246207136658,-3.000861871587942,1.1978583728990244,0.004641706290056922
18.409,1,-4.001629623097787,3.001781551248457,1.2009583614220949,0.007742408734848463
18.424,0,-3.9952910137591586,-3.0008509375762906,1.1978470295850183,0.004837027159224684
18.424,1,-4.0016556979213584,3.0017208672348437,1.2009957910764637,0.00745595515331496
18.429,0,-3.995337577637875,-3.0008403663064755,1.197834311717947,0.0050263862732730915
18.429,1,-4.001678435034623,3.001660853811974,1.2010298180145742,0.007101205403526787
18.44,0,-3.995386098637466,-3.0008303289489637,1.1978210005587082,0.005216590636338915
18.44,1,-4.001697673667399,3.001601642963571,1.2010593153532,0.006716335984244215
18.454,0,-3.9954367849088324,-3.000820995478916,1.1978077653965036,0.005403757801791601
18.454,1,-4.001713274860288,3.0015433570712506,1.2010833643205803,0.006312567132780796
18.46,0,-3.995489846907412,-3.000812532230116,1.1977960414323678,0.005579933240728974
18.46,1,-4.001725126582654,3.001486106639371,1.2011001071752356,0.005908183546623949
18.471,0,-3.995545482455728,-3.000805095007258,1.197787189034931,0.00577264737199364
18.471,1,-4.001733135678174,3.0014299840925154,1.2011078129058181,0.005604051707038151
18.486,0,-3.9956038625494936,-3.000798822034235,1.197782113254026,0.006001458867905855
18.486,1,-4.001737220413158,3.0013750563464123,1.2011053523983042,0.005490793379087755
18.49,0,-3.9956651224295774,-3.00079382940624,1.1977814043199368,0.006275472152121923
18.49,1,-4.001737306871139,3.0013213595953454,1.2010920210115843,0.005624877085945803
18.5,0,-3.9957293554327116,-3.00079020806223,1.1977852343505377,0.006589216729204247
18.5,1,-4.0017333242393995,3.0012688971558257,1.20106793077738,0.005937441752654208
18.51,0,-3.995796608505414,-3.0007880219998717,1.1977923210444283,0.006911085545898218
18.51,1,-4.00172519773161,3.0012176406367628,1.2010358602761588,0.0062332035072422244
18.521,0,-3.9958668932362977,-3.000787314816511,1.1978012115212162,0.0072258923318544626
18.521,1,-4.001712869337978,3.0011675264120967,1.200998546240929,0.006474579950196562
18.532,0,-3.9959401975379167,-3.0007881169133577,1.1978108882236038,0.007531257368473268
18.532,1,-4.001696311565737,3.0011184556367305,1.2009578985925353,0.006669460369962606
18.54,0,-3.9960164932882694,-3.0007904503597316,1.1978206482501719,0.007828704344371294
18.54,1,-4.001675533280126,3.001070296643231,1.2009152393583062,0.006834237380849296
18.548000000000002,1,-4.001650582616507,3.0010228879987433,1.200871491034511,0.006984641584879161
18.551,0,-3.996095742096691,-3.00079433243587,1.1978300066563132,0.008120405279115507
18.557,0,-3.996177899573414,-3.0007997781418183,1.1978386198019635,0.008407666231388033
18.557,1,-4.001621547726127,3.0009760420765037,1.2008272878798294,0.0071331194977616915
18.573,0,-3.996262916509306,-3.000806801602868,1.1978458883227507,0.00868704786593719
18.573,1,-4.001588555558759,3.00092954880938,1.200782991326362,0.007293969270146511
18.58,0,-3.9963507327492853,-3.000815419351166,1.197850968843891,0.008962847964656294
18.58,1,-4.001551762569761,3.000883181224591,1.2007387669433602,0.0074696854385444544
18.591,0,-3.996441265741821,-3.0008256553757313,1.1978532636884653,0.009238421175509959
18.591,1,-4.001511338523028,3.000836702732569,1.200694724566546,0.007659281931956339
18.599,0,-3.9965344006038834,-3.0008375440741504,1.1978523716123648,0.009514003567692539
18.599,1,-4.001467453375597,3.000789873414845,1.2006509398672565,0.007861635251203496
18.613,0,-3.996629984321014,-3.000851132020741,1.1978481071638396,0.009785775360221363
18.613,1,-4.001420267648256,3.000742454979267,1.2006075228397328,0.00806561844795487
18.619,0,-3.9967278276098326,-3.000866480208178,1.1978414839154892,0.010037325495641975
18.619,1,-4.001369926413714,3.0006942157839456,1.2005649456536012,0.008253713182163343
18.628,0,-3.9968277159657695,-3.0008836613617866,1.1978339844774428,0.010262530731378313
18.628,1,-4.001316562941642,3.000644940190689,1.2005236786731228,0.008436430507549983
18.646,0,-3.996929427653419,-3.000902755563674,1.1978266283043528,0.010463941045896786
18.646,1,-4.001260304092185,3.000594437881434,1.2004840253405247,0.008620514952823548
18.651,0,-3.997032750142292,-3.000923847907884,1.1978200944435626,0.010646624482991921
18.651,1,-4.001201273781833,3.000542549961114,1.2004461724043438,0.008809170539347756
18.663,0,-3.997137491704625,-3.0009470265085825,1.197814825431767,0.010816092083233862
18.663,1,-4.001139595331532,3.0004891524157618,1.2004102289916803,0.009002814675650174
18.673000000000002,0,-3.997243489164888,-3.0009723806213735,1.1978110560866013,0.01097809737372891
18.673000000000002,1,-4.0010753927957055,3.0004341574038986,1.2003763686758777,0.009189414424651965
18.684,0,-3.9973506111893937,-3.0009999985303053,1.1978082919507138,0.011137857046989257
18.684,1,-4.001008794357333,3.0003775113648707,1.2003451261279425,0.009362005071661178
18.691,0,-3.9974587561626156,-3.0010299717886335,1.1978057299161078,0.01129680231441342
18.691,1,-4.000939943579215,3.0003191903966933,1.2003169460258039,0.009527928240170876
18.699,0,-3.9975678461755173,-3.001062401654207,1.1978027895725782,0.011457220376310348
18.699,1,-4.000869008520025,3.000259194437239,1.200292112444667,0.009689978381922999
18.719,0,-3.997677820941201,-3.0010974022963883,1.1977990680029031,0.011621640863003753
18.719,1,-4.000796186775497,3.000197542040759,1.2002708017792927,0.009847997752361459
18.724,0,-3.9977886328925587,-3.001135101804515,1.1977941433424693,0.01179411042600282
18.724,1,-4.000721707888468,3.000134266246599,1.2002530698309632,0.01000236696644782
18.73,0,-3.9979002412181037,-3.001175637931337,1.1977872003050976,0.01197938967040069
18.73,1,-4.000645833334906,3.0000694113895627,1.2002387053621966,0.010150959182790548
18.738,0,-3.9980126033224215,-3.0012191482858577,1.1977775643744681,0.012179513844351102
18.738,1,-4.00056885289769,3.0000030296635782,1.2002274736502379,0.010287327740412336
18.749,0,-3.998125666894971,-3.001265759388105,1.1977647743324416,0.012394860608194457
18.749,1,-4.000491080102282,2.9999351784443022,1.2002191952480719,0.010406768946608748
18.765,0,-3.9982393646275463,-3.0013155786203476,1.1977485164433697,0.012624317016845714
18.765,1,-4.000412847719927,2.999865918259737,1.200213731943162,0.010506170904010011
18.769,0,-3.9983536115007374,-3.0013686902638934,1.1977289860329516,0.012848198830006938
18.769,1,-4.000334503430541,2.9997953112649305,1.2002109311323272,0.010583702009441656
18.783,0,-3.99846830473945,-3.0014251537253522,1.1977078156595162,0.013044254926892951
18.783,1,-4.0002564040494395,2.9997234204862693,1.2002104090985601,0.010637490297729245
18.788,0,-3.9985833249268654,-3.00148499041165,1.1976864448246212,0.013216116572455076
18.788,1,-4.000178905466437,2.999650309493904,1.2002117856338816,0.0106661001934211
18.799,0,-3.998698538941134,-3.001548176652896,1.1976658410362788,0.01336802913034326
18.799,1,-4.000102352448617,2.9995760426268876,1.2002147919991013,0.010669984252556025
18.809,0,-3.998813802964301,-3.001614641311495,1.1976466465492681,0.013502757441117319
18.809,1,-4.000027071108281,2.9995006852045485,1.2002192343168052,0.010650739189230997
18.818,0,-3.9989289652760993,-3.001684265847193,1.1976292773828625,0.013621346121043166
18.818,1,-3.999953363560109,2.9994243035071197,1.2002249725857341,0.01061064273999281
18.831,0,-3.9990438687803707,-3.00175688626802,1.1976140111965339,0.01372272503657945
18.831,1,-3.9998815039532674,2.9993469648514,1.2002317076974676,0.010548467920912435
18.842,0,-3.9991583533091934,-3.0018322998037164,1.1976011703212368,0.013805003425928468
18.842,1,-3.999811733545022,2.999268739229362,1.2002382502774334,0.010461861054149426
18.851,0,-3.9992722581750444,-3.001910284799213,1.1975910210317788,0.013869811506494602
18.851,1,-3.9997442571715527,2.9991897021843408,1.2002435030156138,0.010358024137530824
18.86,0,-3.999385424743742,-3.0019906253514286,1.1975837121897832,0.013919187741250939
18.86,1,-3.999679239695578,2.9991099385441844,1.2002467345758836,0.01024435286734744
18.868,0,-3.9994976985126462,-3.0020731298026444,1.1975793115062243,0.013955629567688485
18.868,1,-3.999616803955607,2.999029544942469,1.200247465724822,0.010126917315459689
18.884,0,-3.9996089308718306,-3.0021576427092995,1.197577657910457,0.013982120599128477
18.884,1,-3.999557032927694,2.9989486303890955,1.2002462732324097,0.010005011075196687
18.893,0,-3.999718980083537,-3.002244048036759,1.1975774278425655,0.013998050211076871
18.893,1,-3.9994999771056374,2.998867313145257,1.200245961309754,0.009876012007996067
18.898,0,-3.99982770561425,-3.0023322644848034,1.1975772254102095,0.014002473813255804
18.898,1,-3.9994456568887706,2.998785714356876,1.2002488322584028,0.009754421626954784
18.912,0,-3.9999349618854128,-3.00242223535625,1.1975760952764352,0.013996975763859634
18.912,1,-3.999394071134225,2.9987039502257424,1.2002564451671895,0.009659188910812617
18.919,0,-4.00004059462299,-3.0025139194753176,1.1975733903191053,0.01398340237302281
18.919,1,-3.9993452049196567,2.9986221261541885,1.2002698435960542,0.009606563590294845
18.928,0,-4.000144438930413,-3.0026072843778273,1.1975686366827833,0.013963609987973682
18.928,1,-3.9992990346905892,2.9985403328176448,1.2002894623004168,0.009583382766924955
18.939,0,-4.000246321091264,-3.002702298463751,1.197561276505598,0.013940318429528925
18.939,1,-3.9992555241859553,2.9984586456248397,1.2003120513398424,0.009464609423369777
18.954,0,-4.000346067285329,-3.0027989174955416,1.1975508427684949,0.013915056971655876
18.954,1,-3.9992146330377643,2.998377135646038,1.2003329244216083,0.009257091274940055
18.961,0,-4.00044351404685,-3.002897070900552,1.1975370296512005,0.013888393283780538
18.961,1,-3.9991763257629036,2.9982958863518667,1.2003488539710883,0.009015417148802666
18.972,0,-4.000538516003676,-3.002996652652818,1.197519645097002,0.013860005421830192
18.972,1,-3.999140571488164,2.998215005681342,1.2003576812091563,0.008794201430826003
18.979,0,-4.00063095101875,-3.003097516355566,1.1974985767412414,0.013828956425935767
18.979,1,-3.999107343534811,2.9981346333115644,1.20035798184177,0.008637363033143563
18.992,0,-4.000720722986044,-3.0031994738029733,1.1974738626393664,0.013788396738257297
18.992,1,-3.9990766194327585,2.998054944277435,1.2003489817837887,0.008568371320755571
19.0,0,-4.000807761142787,-3.003302299923532,1.1974460377731928,0.013727460419239597
19.0,1,-3.9990483821847733,2.9979761471037025,1.200330930418068,0.008576135628641787
19.009,0,-4.000892017358258,-3.003405748813653,1.197415628596521,0.013646458392493902
19.009,1,-3.999022618996737,2.997898470463167,1.2003042631341654,0.008648582912536977
19.019,0,-4.000973461559217,-3.0035095718221996,1.1973830044269278,0.013547134233151426
19.019,1,-3.99899932136845,2.9978221483804073,1.2002693214700413,0.008776683654886028
19.036,0,-4.001052077547225,-3.0036135312720855,1.197348426196673,0.013432001677713287
19.036,1,-3.9989784855808757,2.9977474091514322,1.2002263949937582,0.008953934176627617
19.044,0,-4.0011278590860915,-3.003717410138141,1.197312297993376,0.013286026877469511
19.044,1,-3.998960113478319,2.9976744676689018,1.2001760294860782,0.009123100713111848
19.054,0,-4.001200806327222,-3.0038210157581053,1.1972759943870857,0.013088303069653447
19.054,1,-3.9989442147456193,2.997603522126507,1.2001201489797013,0.00919712262115474
19.06,0,-4.001270931510148,-3.0039241745408707,1.1972407752767646,0.0128531717821024
19.06,1,-3.998930801626731,2.9975347482274883,1.20006055598855,0.009190463918792956
19.073,0,-4.001338262959672,-3.004026724870122,1.1972074863190174,0.012593012641086285
19.073,1,-3.9989198862204236,2.9974682964419017,1.199998513000505,0.00912232821567684
19.078,0,-4.00140284647433,-3.0041285117722474,1.197176685662792,0.012317077317799702
19.078,1,-3.9989114795608867,2.9974042914362307,1.1999348952052562,0.009010916495369461
19.091,0,-4.001464744917084,-3.004229382857758,1.1971490411883643,0.012014008693335129
19.091,1,-3.9989055904537496,2.9973428317582997,1.199870134847415,0.008907734915763965
19.101,0,-4.001524035387569,-3.0043291832206154,1.1971261212843727,0.011683831919381254
19.101,1,-3.998902221398755,2.997283987681674,1.1998036713255686,0.008874600905340691
19.11,0,-4.001580809625638,-3.0044277493405724,1.1971092124880192,0.01135338876166572
19.11,1,-3.9989013634925654,2.9972278004324937,1.1997348628287177,0.008901535049219358
19.12,0,-4.001635171300015,-3.004524903504165,1.1970991439909973,0.011042503835012764
19.12,1,-3.998902989823748,2.9971742802314476,1.1996632724891765,0.008980382748837395
19.127,0,-4.001687232792079,-3.004620450559173,1.1970964304042786,0.010764698856760598
19.127,1,-3.998907050674015,2.9971234051743094,1.1995886067679282,0.00910447705006543
19.138,0,-4.001737112497737,-3.0047141766869783,1.1971013705312388,0.010528612301880048
19.138,1,-3.9989134710291094,2.997075121570019,1.199510671619437,0.009267895193625237
19.157,0,-4.001784932976374,-3.0048058501061834,1.1971139147669578,0.010330352962161433
19.157,1,-3.998922149875102,2.9970293453919377,1.199429354461752,0.009456781771570489
19.165,0,-4.001830819931339,-3.0048952255610746,1.1971329897982426,0.010144568242124778
19.165,1,-3.998932962949742,2.996985966549278,1.1993456174172534,0.009492068742199924
19.169,0,-4.001874896895279,-3.004982049595756,1.1971575196345727,0.009958780190943529
19.169,1,-3.998945766749036,2.996944850834185,1.1992617232221503,0.009359367673259286
19.183,0,-4.001917281779817,-3.0050660674270913,1.1971867236180418,0.009767704900451115
19.183,1,-3.998960401726996,2.996905837152523,1.1991793464717437,0.00911392049995976
19.192,0,-4.001958084993956,-3.0051470290882114,1.1972200347609259,0.009570756123589506
19.192,1,-3.998976699412455,2.9968687402522196,1.1990996173424557,0.008795946909876727
19.205,0,-4.001997407915159,-3.005224693510243,1.1972572272204842,0.009391603954632725
19.205,1,-3.9989944879244654,2.9968333537633827,1.1990230582533796,0.008493549316805037
19.212,0,-4.0020353417178045,-3.0052988292687455,1.197299050369239,0.00927186588191815
19.212,1,-3.9990135936422657,2.996799455148955,1.1989488625678733,0.008297331279444565
19.218,0,-4.002071970179676,-3.005369219159335,1.1973462544967577,0.009214365312774659
19.218,1,-3.9990338403656644,2.996766821086507,1.198876119751465,0.008177003073997042
19.235,0,-4.002107371696052,-3.0054356620879465,1.1973993073534472,0.00922041113664918
19.235,1,-3.9990550459691305,2.996735241094868,1.1988041990926277,0.008109221695578863
19.255,0,-4.002141620347028,-3.005497973437534,1.197458481359862,0.009288963345050714
19.255,1,-3.999077019919273,2.9967045265562318,1.1987326632652668,0.00807741883885314
19.256,0,-4.002174786723464,-3.005555985620673,1.1975238278457074,0.00939754549652096
19.256,1,-3.9990995625546324,2.996674516944805,1.1986617458814248,0.00792964065341474
19.266,0,-4.00220693728103,-3.0056095496047894,1.197594747252614,0.009497356486742034
19.266,1,-3.9991224700046426,2.996645082995382,1.1985942927553117,0.007491461963680453
19.28,0,-4.002238127272726,-3.0056585299343284,1.1976705343941998,0.00959142107172741
19.28,1,-3.9991455487095187,2.996616121820553,1.1985330296192995,0.006866288595681318
19.281,0,-4.002268393206082,-3.0057028003266115,1.197750646495577,0.009683879330869975
19.281,1,-3.999168632801934,2.9965875523064427,1.1984797697566165,0.006137756046962459
19.295,0,-4.002297748271226,-3.0057422415100246,1.1978346695768307,0.009780742064293711
19.295,1,-3.99919159643758,2.996559311664314,1.1984356971478447,0.005375463928559967
19.299,0,-4.002326179879717,-3.0057767399238915,1.197922274816733,0.00988375246510792
19.299,1,-3.999214361282916,2.9965313524246002,1.1984015530397882,0.004648866223702351
19.312,0,-4.002353649000185,-3.0058061876379574,1.1980130648145746,0.009958875745672694
19.312,1,-3.99923690013854,2.9965036397400477,1.1983774223621992,0.004090653255423853
19.324,0,-4.00238009232575,-3.0058304869002095,1.1981058742486639,0.009935057344685218
19.324,1,-3.9992592355590233,2.9964761489899128,1.1983608737871314,0.0037965487180947667
19.327,0,-4.002405427172073,-3.0058495517020556,1.1981995250154565,0.009842211677000674
19.327,1,-3.9992814275288633,2.9964488653507297,1.1983492130395559,0.0036482696332529605
19.343,0,-4.00242955792029,-3.005863312004312,1.1982931886404273,0.009707791450721074
19.343,1,-3.999303558780075,2.9964217833565305,1.198340572506347,0.0035739944884170573
19.352,0,-4.002452381685935,-3.005871718366295,1.1983862859642087,0.009552558938923705
19.352,1,-3.999325723716486,2.996394906084445,1.1983336586717157,0.003537938912858894
19.362,0,-4.002473792825592,-3.005874745267583,1.198478328283525,0.009368491991853465
19.362,1,-3.9993480203338367,2.996368244358078,1.198327961912702,0.003505956141835396
19.371,0,-4.002493686059799,-3.005872394653391,1.1985685633568244,0.009138242050975184
19.371,1,-3.999370546123441,2.996341815480691,1.1983250754894346,0.00347447089833929
19.381,0,-4.00251195584567,-3.0058646955428077,1.1986563463064526,0.008886841922922049
19.381,1,-3.9993933988259234,2.9963156395368227,1.1983266473064733,0.003499449240633763
19.39,0,-4.0025284954066,-3.0058517043861146,1.1987412319101423,0.008633026666026646
19.39,1,-3.999416678540967,2.9962897358591425,1.1983337615456031,0.003624019434543503
19.401,0,-4.002543196476865,-3.005833505134459,1.1988229125033576,0.008390448771377007
19.401,1,-3.9994404890786557,2.9962641205641525,1.1983471092728544,0.0038658933756351467
19.424,0,-4.002555949446767,-3.005810208260276,1.1989011767766506,0.008169083511654128
19.424,1,-3.9994649385333796,2.9962388048592214,1.198367109775685,0.004218777416543047
19.438,0,-4.0025666437598,-3.0057819490709705,1.1989758869429068,0.007979824282943094
19.438,1,-3.999490139269208,2.9962137939585687,1.1983939823511278,0.004652208471843032
19.44,0,-4.00257516761632,-3.005748883504843,1.1990474050274982,0.007903115603344864
19.44,1,-3.999516205681106,2.996189086022542,1.1984258532191694,0.004879257445776927
19.455,0,-4.002581410403399,-3.0057111843327395,1.1991166865820144,0.007935835353003684
19.455,1,-3.9995432516678764,2.9961646732082006,1.1984583038509389,0.004847819988460926
19.456,0,-4.00258526956822,-3.0056690399018957,1.1991844509265839,0.008045034387171142
19.456,1,-3.999571391058404,2.996140545599995,1.1984880271207432,0.004658277805761607
19.465,0,-4.0025866548541265,-3.0056226488246414,1.1992511923366602,0.008206517861954088
19.465,1,-3.9996007353674594,2.996116693674285,1.198512780283371,0.004409118655350439
19.472,0,-4.002585491728081,-3.0055722161808744,1.1993170013115817,0.008352229579558439
19.472,1,-3.9996313921121294,2.9960931099812,1.1985313249504241,0.004225916595388139
19.488,0,-4.002581726233148,-3.005517952365824,1.1993810422986126,0.008439305484765389
19.488,1,-3.999663464203319,2.9960697903851052,1.1985454029553644,0.004213807817520651
19.489,0,-4.002575328291173,-3.005460067536799,1.1994425587575563,0.008496541549150511
19.489,1,-3.9996970340687406,2.9960467324017546,1.1985575959607693,0.004291569374515524
19.5,0,-4.002566295998609,-3.005398770299795,1.1995010522254637,0.008542444057851978
19.5,1,-3.999732145508944,2.996023932931609,1.1985696851626533,0.004417121017264816
19.509,0,-4.002554658277414,-3.005334267393809,1.1995562026887565,0.008588306937336343
19.509,1,-3.9997687934352686,2.996001386935314,1.1985828771750031,0.00457275422021656
19.521,0,-4.002540476194504,-3.0052667636772523,1.1996076215558091,0.00861318644406747
19.521,1,-3.9998069177665494,2.9959790864906806,1.1985975062908123,0.004707407646242533
19.53,0,-4.002523843273287,-3.00519645968488,1.1996545410362385,0.008617356004882556
19.53,1,-3.9998464035833083,2.995957020610543,1.1986120345083733,0.004778926309306029
19.538,0,-4.002504883086216,-3.0051235424796414,1.199696379468767,0.008623342920222462
19.538,1,-3.999887095558892,2.9959351770975102,1.1986250224717836,0.004809137383669252
19.55,0,-4.002483747494997,-3.0050481792259784,1.1997327723119047,0.008645432292477636
19.55,1,-3.9999288110292675,2.9959135440999867,1.1986354950575553,0.004818266450073854
19.564,0,-4.002460614346922,-3.004970513361972,1.199763500495823,0.008692000337129824
19.564,1,-3.9999713500220304,2.9958921111182617,1.1986427999355065,0.004821585052669035
19.567,0,-4.0024356847685505,-3.004890662450164,1.199788442127204,0.008767522255062185
19.567,1,-4.000014503151184,2.9958708696641767,1.1986465064653455,0.004829577405996559
19.58,0,-4.002409179618881,-3.004808716790843,1.199807910216028,0.008891298848685905
19.58,1,-4.000058057909176,2.9958498137525624,1.1986468969342248,0.004845116741936223
19.59,0,-4.002381332749362,-3.004724745520666,1.199823150715513,0.009052127306576556
19.59,1,-4.000101803088496,2.9958289403210867,1.198646977396273,0.004846559637147621
19.599,0,-4.002352381395016,-3.0046388183599118,1.1998351988414908,0.009226188379058002
19.599,1,-4.000145528945418,2.9958082483947273,1.198649641869909,0.0048482348094153575
19.609,0,-4.002322555652359,-3.0045510231453902,1.1998447799932357,0.00939933852639533
19.609,1,-4.00018902830093,2.995787738482303,1.1986568468008685,0.004887628970943423
19.627,0,-4.002292070650219,-3.004461477069681,1.19985240333382,0.009562344700064434
19.627,1,-4.000232098004557,2.995767412228083,1.1986698947329988,0.004997615124517895
19.628,0,-4.002261121382981,-3.0043703337914187,1.1998581248344615,0.009704485382965672
19.628,1,-4.000274540513558,2.9957472720526286,1.1986891820308885,0.005139469627500437
19.639,0,-4.002229880916346,-3.0042777845008013,1.1998608793084031,0.009825586189158873
19.639,1,-4.000316167806661,2.995727320833326,1.198712665541687,0.005199603301539343
19.652,0,-4.002198502299294,-3.00418404682272,1.1998597111485774,0.009935153998589005
19.652,1,-4.000356805912348,2.9957075628024876,1.1987382440812435,0.005175236789161079
19.66,0,-4.002167122150357,-3.004089354377192,1.1998539901302059,0.010039956118687418
19.66,1,-4.000396299624013,2.9956880041880267,1.1987644783747173,0.005082059212820094
19.674,0,-4.002135863608721,-3.003993948918762,1.19984331205892,0.010144236105470172
19.674,1,-4.0004345159316514,2.995668653430793,1.198790386696981,0.004937654967008827
19.685,0,-4.0021048386737705,-3.003898073934982,1.1998278383202214,0.010229882699093437
19.685,1,-4.000471345853177,2.995649521115597,1.1988153663640901,0.00476574702913197
19.691,0,-4.002074149410301,-3.0038019688285025,1.1998097426749168,0.010257056888255449
19.691,1,-4.0005067044366855,2.995630617266463,1.1988392420844523,0.004584218376522884
19.699,0,-4.002043884964647,-3.003705864399132,1.1997911283056066,0.010230095394807098
19.699,1,-4.0005405292679574,2.9956119432268,1.198861946493555,0.004396789734938804
19.711,0,-4.002014118145644,-3.0036099775869776,1.199773421243437,0.010161190852976456
19.711,1,-4.000572778149985,2.995593484030546,1.198883433979884,0.004206901687648555
19.72,0,-4.001984903514068,-3.0035145074524268,1.199757580873977,0.01006287868607676
19.72,1,-4.000603426792052,2.9955752035899157,1.1989036740526509,0.004017830277489844
19.731,0,-4.001956276639939,-3.003419632645466,1.1997442387762203,0.009945787920920142
19.731,1,-4.00063246660004,2.995557042162303,1.1989226468117866,0.003832767374696432
19.741,0,-4.00192825418007,-3.0033255100103387,1.1997337596365163,0.009820339848876381
19.741,1,-4.000659902502497,2.995538915475606,1.19894043005306,0.0036706037964177847
19.749,0,-4.001900834126695,-3.00323227253365,1.199725362081087,0.009702096023713974
19.749,1,-4.0006857497242745,2.9955207160550197,1.1989579466352767,0.0035780911974235786
19.761,0,-4.001873998903354,-3.0031400245741113,1.1997175731851177,0.00958723496065619
19.761,1,-4.000710031977664,2.9955023204078097,1.198976289037118,0.003547370361932015
19.771,0,-4.001847720345698,-3.0030488360944148,1.1997093499410998,0.009475791858123733
19.771,1,-4.000732779130961,2.9954835986457033,1.198996201970453,0.0035720972393246363
19.781,0,-4.001821963307366,-3.0029587385539505,1.1996999822110388,0.009371157194885989
19.781,1,-4.000754024522086,2.9954644220698174,1.199018181824855,0.0036470902294031384
19.791,0,-4.001796688615152,-3.00286972350145,1.19968911708922,0.009273303054106855
19.791,1,-4.000773802816944,2.9954446686279854,1.1990425439117065,0.0037648521720821974
19.797,0,-4.001771857439699,-3.002781746264221,1.1996769898602664,0.009180143708979174
19.797,1,-4.000792145014571,2.9954242259124846,1.199069451609024,0.003916365789107942
19.809,0,-4.001747438845311,-3.002694736424866,1.1996638760121336,0.009093346488133517
19.809,1,-4.000809066718758,2.995402991124797,1.1990989822399456,0.004094232749079153
19.823,0,-4.001723416725266,-3.0026086092230604,1.1996499713384965,0.009013723786388398
19.823,1,-4.000824557491297,2.99538087018481,1.1991311652963563,0.004292468267443619
19.83,0,-4.001699794335557,-3.002523274384681,1.1996354161649498,0.008941196312416445
19.83,1,-4.0008385741776715,2.9953577769880235,1.1991659937977968,0.004504714765419974
19.839,0,-4.001676596699722,-3.0024386425664433,1.1996202460925443,0.008878605294837071
19.839,1,-4.0008510383172675,2.9953336333896825,1.1992030539266076,0.004652630736264751
19.85,0,-4.00165386935276,-3.002354630069941,1.1996041551816246,0.008829985253265395
19.85,1,-4.000861840043549,2.995308372940828,1.199241019782956,0.004702631479179919
19.862000000000002,0,-4.001631670946948,-3.002271162763041,1.1995868403026675,0.008793134579379339
19.862000000000002,1,-4.00087084679215,2.9952819484852196,1.199278810920143,0.004688245793753462
